EAL: Detected 32 lcore(s)
EAL: Detected 1 NUMA nodes
EAL: Multi-process socket /var/run/dpdk/rte/mp_socket
EAL: Selected IOVA mode 'VA'
EAL: No available hugepages reported in hugepages-1048576kB
EAL: Probing VFIO support...
EAL: VFIO support initialized
EAL: PCI device 0000:41:00.0 on NUMA socket 0
EAL:   probe driver: 15b3:1017 net_mlx5
Number of available ports: 1
Port 0 initialized with 14 RX queues (RSS enabled)

[OctoSketch Initialized - Optimized Architecture]
  Per-worker sketches:     14 × 640.1 KB = 8961.8 KB
  Merged sketch:           1 × 640.1 KB = 640.1 KB
  Total memory:            9601.9 KB
  Configuration:           8 rows × 4096 columns per sketch
  Architecture:            Per-worker (NO atomics, NO contention)
  Sampling:                1 in 32 packets (3.12% overhead)
  Update policy:           Attack traffic only

[Ring Buffer Initialized - Temporal Analysis]
  Buffer size:             100 windows (5.0 seconds)
  Memory:                  24.1 KB
  Features per window:     56 (42 base + 14 temporal)

[Multi-Scale Sketches Initialized]
  Scales:                  50ms, 1s, 10s, 1min
  Per-worker memory:       640.1 KB × 4 scales = 2560.5 KB
  Total multi-scale mem:   38407.5 KB

╔═══════════════════════════════════════════════════════════════════════╗
║  MIRA DDoS DETECTOR - DPDK + OCTOSKETCH (14 workers + 1 coord)       ║
║  Optimized: Per-worker sketches + Sampling + Attack-only             ║
╚═══════════════════════════════════════════════════════════════════════╝

Comparing against MULTI-LF (2025):
  - MULTI-LF detection latency: 866 ms
  - MIRA detection latency:     <50 ms (17-170× faster)
  - DPDK architecture:          14 RX workers + 1 coordinator
  - OctoSketch advantage:       O(1) memory, per-worker (no atomics)
  - Sketch overhead:            <3% (sampled updates)

Press Ctrl+C to exit...

Launching worker 0 on lcore 1
Launching worker 1 on lcore 2
Worker thread 0 processing queue 0 on lcore 1
Launching worker 2 on lcore 3
Worker thread 1 processing queue 1 on lcore 2
Launching worker 3 on lcore 4
Worker thread 2 processing queue 2 on lcore 3
Launching worker 4 on lcore 5
Worker thread 3 processing queue 3 on lcore 4
Launching worker 5 on lcore 6
Worker thread 4 processing queue 4 on lcore 5
Launching worker 6 on lcore 7
Worker thread 5 processing queue 5 on lcore 6
Launching worker 7 on lcore 8
Worker thread 6 processing queue 6 on lcore 7
Launching worker 8 on lcore 9
Worker thread 7 processing queue 7 on lcore 8
Launching worker 9 on lcore 10
Worker thread 8 processing queue 8 on lcore 9
Launching worker 10 on lcore 11
Worker thread 9 processing queue 9 on lcore 10
Launching worker 11 on lcore 12
Worker thread 10 processing queue 10 on lcore 11
Launching worker 12 on lcore 13
Worker thread 11 processing queue 11 on lcore 12
Launching worker 13 on lcore 14
Worker thread 12 processing queue 12 on lcore 13
Launching coordinator on lcore 15
Worker thread 13 processing queue 13 on lcore 14

Coordinator thread on lcore 15
TSC frequency: 2990000000 Hz
Detection granularity: 50 ms (vs MULTI-LF: 1000 ms)


╔═══════════════════════════════════════════════════════════════════════╗
║          MIRA DDoS DETECTOR - STATISTICS (MULTI-CORE)                ║
╚═══════════════════════════════════════════════════════════════════════╝

[PACKET COUNTERS - GLOBAL]
  Total packets:      0
  Baseline (10.10.2.x): 0 (0.0%)
  Attack (10.10.3.x): 0 (0.0%)
  TCP packets:        0
  UDP packets:        0
  ICMP packets:       0

[INSTANTANEOUS TRAFFIC - Last 5.0 seconds]
  Baseline (10.10.2.x): 0 pkts (0.0%)  0 bytes  0.00 Gbps
  Attack (10.10.3.x): 0 pkts (0.0%)  0 bytes  0.00 Gbps
  Total throughput:   0.00 Gbps  (avg pkt: 0 bytes)

[CUMULATIVE TRAFFIC - Since first packet (0.0s)]
  Total received:     0 pkts (0.00 Mpps) | 0.00 Gbps | 0 bytes

[ATTACK-SPECIFIC COUNTERS]
  SYN packets:        0
  SYN-ACK packets:    0
  SYN/ACK ratio:      0.00
  HTTP requests:      0
  DNS queries:        0

[PROTOCOL-SPECIFIC COUNTERS - CIC-DDoS-2019 Features]
  NTP Amplification:
    Monlist queries:  0
    Responses:        0  (avg size: 0 bytes)
  DNS Amplification:
    ANY queries:      0
    TXT queries:      0
    Responses:        0  (avg size: 0 bytes)
  SNMP Amplification:
    GetBulk requests: 0
    Responses:        0  (avg size: 0 bytes)
  SSDP:
    M-SEARCH packets: 0
    Responses:        0
  PortMapper:
    GETPORT calls:    0
    DUMP calls:       0
  NetBIOS:
    Name queries:     0
    Datagram packets: 0
  LDAP:
    Bind requests:    0
    Search requests:  0
  MSSQL:
    SQLBatch packets: 0
    RPC packets:      0
  TFTP:
    RRQ (read) pkts:  0
    WRQ (write) pkts: 0

[ATTACK DETECTIONS - Cumulative Events]
  UDP flood events:   0
  UDP-lag events:     0
  SYN flood events:   0
  HTTP flood events:  0
  ICMP flood events:  0
  DNS amp events:     0
  NTP amp events:     0
  SNMP amp events:    0
  SSDP events:        0
  PortMap events:     0
  NetBIOS events:     0
  LDAP events:        0
  MSSQL events:       0
  TFTP events:        0
  ACK flood events:   0
  Frag attack events: 0
  Heavy-hitter events:0 (OctoSketch per-IP detection)
  Packet flood events:0
  (Note: Events count IPs exceeding thresholds per 50ms window)

[ALERT STATUS]
  Alert level:        [0mNONE[0m
  Reason:             None

[PERFORMANCE METRICS]
  Throughput:         0.00 Gbps (0.00 Mpps)
  Cycles available:   0 cycles/pkt (lower = higher load)
  Active IPs:         0
  Worker threads:     14 (lcores 1-14)

[DPDK NIC STATISTICS]
  RX packets (NIC):   0
  RX dropped (HW):    [0m0[0m (imissed)
  RX no mbufs:        [0m0[0m (buffer exhaustion)
  RX errors:          0
  Total drops:        [0m0 (0.00%)[0m
  RX burst calls:     0 (0.0% empty)
  Processed pkts:     0 (0.0% of NIC RX)


╔═══════════════════════════════════════════════════════════════════════╗
║          MIRA DDoS DETECTOR - STATISTICS (MULTI-CORE)                ║
╚═══════════════════════════════════════════════════════════════════════╝

[PACKET COUNTERS - GLOBAL]
  Total packets:      0
  Baseline (10.10.2.x): 0 (0.0%)
  Attack (10.10.3.x): 0 (0.0%)
  TCP packets:        0
  UDP packets:        0
  ICMP packets:       0

[INSTANTANEOUS TRAFFIC - Last 5.0 seconds]
  Baseline (10.10.2.x): 0 pkts (0.0%)  0 bytes  0.00 Gbps
  Attack (10.10.3.x): 0 pkts (0.0%)  0 bytes  0.00 Gbps
  Total throughput:   0.00 Gbps  (avg pkt: 0 bytes)

[CUMULATIVE TRAFFIC - Since first packet (0.0s)]
  Total received:     0 pkts (0.00 Mpps) | 0.00 Gbps | 0 bytes

[ATTACK-SPECIFIC COUNTERS]
  SYN packets:        0
  SYN-ACK packets:    0
  SYN/ACK ratio:      0.00
  HTTP requests:      0
  DNS queries:        0

[PROTOCOL-SPECIFIC COUNTERS - CIC-DDoS-2019 Features]
  NTP Amplification:
    Monlist queries:  0
    Responses:        0  (avg size: 0 bytes)
  DNS Amplification:
    ANY queries:      0
    TXT queries:      0
    Responses:        0  (avg size: 0 bytes)
  SNMP Amplification:
    GetBulk requests: 0
    Responses:        0  (avg size: 0 bytes)
  SSDP:
    M-SEARCH packets: 0
    Responses:        0
  PortMapper:
    GETPORT calls:    0
    DUMP calls:       0
  NetBIOS:
    Name queries:     0
    Datagram packets: 0
  LDAP:
    Bind requests:    0
    Search requests:  0
  MSSQL:
    SQLBatch packets: 0
    RPC packets:      0
  TFTP:
    RRQ (read) pkts:  0
    WRQ (write) pkts: 0

[ATTACK DETECTIONS - Cumulative Events]
  UDP flood events:   0
  UDP-lag events:     0
  SYN flood events:   0
  HTTP flood events:  0
  ICMP flood events:  0
  DNS amp events:     0
  NTP amp events:     0
  SNMP amp events:    0
  SSDP events:        0
  PortMap events:     0
  NetBIOS events:     0
  LDAP events:        0
  MSSQL events:       0
  TFTP events:        0
  ACK flood events:   0
  Frag attack events: 0
  Heavy-hitter events:0 (OctoSketch per-IP detection)
  Packet flood events:0
  (Note: Events count IPs exceeding thresholds per 50ms window)

[ALERT STATUS]
  Alert level:        [0mNONE[0m
  Reason:             None

[PERFORMANCE METRICS]
  Throughput:         0.00 Gbps (0.00 Mpps)
  Cycles available:   0 cycles/pkt (lower = higher load)
  Active IPs:         0
  Worker threads:     14 (lcores 1-14)

[DPDK NIC STATISTICS]
  RX packets (NIC):   0
  RX dropped (HW):    [0m0[0m (imissed)
  RX no mbufs:        [0m0[0m (buffer exhaustion)
  RX errors:          0
  Total drops:        [0m0 (0.00%)[0m
  RX burst calls:     0 (0.0% empty)
  Processed pkts:     0 (0.0% of NIC RX)


╔═══════════════════════════════════════════════════════════════════════╗
║          MIRA DDoS DETECTOR - STATISTICS (MULTI-CORE)                ║
╚═══════════════════════════════════════════════════════════════════════╝

[PACKET COUNTERS - GLOBAL]
  Total packets:      35972171
  Baseline (10.10.2.x): 22681436 (63.1%)
  Attack (10.10.3.x): 0 (0.0%)
  TCP packets:        25182031
  UDP packets:        8790212
  ICMP packets:       1999928

[INSTANTANEOUS TRAFFIC - Last 5.0 seconds]
  Baseline (10.10.2.x): 22681445 pkts (100.0%)  2014053655 bytes  3.22 Gbps
  Attack (10.10.3.x): 0 pkts (0.0%)  0 bytes  0.00 Gbps
  Total throughput:   3.22 Gbps  (avg pkt: 89 bytes)

[CUMULATIVE TRAFFIC - Since first packet (4.4s)]
  Total received:     35972171 pkts (8.20 Mpps) | 8.14 Gbps | 4463573110 bytes

[ATTACK-SPECIFIC COUNTERS]
  SYN packets:        6595512
  SYN-ACK packets:    3297752
  SYN/ACK ratio:      2.00
  HTTP requests:      13488977
  DNS queries:        3597444

[PROTOCOL-SPECIFIC COUNTERS - CIC-DDoS-2019 Features]
  NTP Amplification:
    Monlist queries:  0
    Responses:        0  (avg size: 0 bytes)
  DNS Amplification:
    ANY queries:      0
    TXT queries:      0
    Responses:        3597449  (avg size: 108 bytes)
  SNMP Amplification:
    GetBulk requests: 0
    Responses:        0  (avg size: 0 bytes)
  SSDP:
    M-SEARCH packets: 0
    Responses:        0
  PortMapper:
    GETPORT calls:    0
    DUMP calls:       0
  NetBIOS:
    Name queries:     0
    Datagram packets: 0
  LDAP:
    Bind requests:    0
    Search requests:  0
  MSSQL:
    SQLBatch packets: 0
    RPC packets:      0
  TFTP:
    RRQ (read) pkts:  0
    WRQ (write) pkts: 0

[ATTACK DETECTIONS - Cumulative Events]
  UDP flood events:   0
  UDP-lag events:     0
  SYN flood events:   0
  HTTP flood events:  0
  ICMP flood events:  0
  DNS amp events:     0
  NTP amp events:     0
  SNMP amp events:    0
  SSDP events:        0
  PortMap events:     0
  NetBIOS events:     0
  LDAP events:        0
  MSSQL events:       0
  TFTP events:        0
  ACK flood events:   0
  Frag attack events: 0
  Heavy-hitter events:0 (OctoSketch per-IP detection)
  Packet flood events:0
  (Note: Events count IPs exceeding thresholds per 50ms window)

[ALERT STATUS]
  Alert level:        [0mNONE[0m
  Reason:             None

[PERFORMANCE METRICS]
  Throughput:         3.22 Gbps (4.53 Mpps)
  Cycles available:   660 cycles/pkt (lower = higher load)
  Active IPs:         0
  Worker threads:     14 (lcores 1-14)

[DPDK NIC STATISTICS]
  RX packets (NIC):   35969516
  RX dropped (HW):    [0m0[0m (imissed)
  RX no mbufs:        [0m0[0m (buffer exhaustion)
  RX errors:          0
  Total drops:        [0m0 (0.00%)[0m
  RX burst calls:     5387567572 (99.6% empty)
  Processed pkts:     35972171 (100.0% of NIC RX)


╔═══════════════════════════════════════════════════════════════════════╗
║          MIRA DDoS DETECTOR - STATISTICS (MULTI-CORE)                ║
╚═══════════════════════════════════════════════════════════════════════╝

[PACKET COUNTERS - GLOBAL]
  Total packets:      76993616
  Baseline (10.10.2.x): 48545029 (63.1%)
  Attack (10.10.3.x): 0 (0.0%)
  TCP packets:        53897286
  UDP packets:        18812458
  ICMP packets:       4283872

[INSTANTANEOUS TRAFFIC - Last 5.0 seconds]
  Baseline (10.10.2.x): 25863236 pkts (100.0%)  2296373783 bytes  3.67 Gbps
  Attack (10.10.3.x): 0 pkts (0.0%)  0 bytes  0.00 Gbps
  Total throughput:   3.67 Gbps  (avg pkt: 89 bytes)

[CUMULATIVE TRAFFIC - Since first packet (9.4s)]
  Total received:     76993616 pkts (8.19 Mpps) | 8.13 Gbps | 9553802264 bytes

[ATTACK-SPECIFIC COUNTERS]
  SYN packets:        14115905
  SYN-ACK packets:    7057949
  SYN/ACK ratio:      2.00
  HTTP requests:      28874437
  DNS queries:        7698976

[PROTOCOL-SPECIFIC COUNTERS - CIC-DDoS-2019 Features]
  NTP Amplification:
    Monlist queries:  0
    Responses:        0  (avg size: 0 bytes)
  DNS Amplification:
    ANY queries:      0
    TXT queries:      0
    Responses:        7698973  (avg size: 108 bytes)
  SNMP Amplification:
    GetBulk requests: 0
    Responses:        0  (avg size: 0 bytes)
  SSDP:
    M-SEARCH packets: 0
    Responses:        0
  PortMapper:
    GETPORT calls:    0
    DUMP calls:       0
  NetBIOS:
    Name queries:     0
    Datagram packets: 0
  LDAP:
    Bind requests:    0
    Search requests:  0
  MSSQL:
    SQLBatch packets: 0
    RPC packets:      0
  TFTP:
    RRQ (read) pkts:  0
    WRQ (write) pkts: 0

[ATTACK DETECTIONS - Cumulative Events]
  UDP flood events:   0
  UDP-lag events:     0
  SYN flood events:   0
  HTTP flood events:  0
  ICMP flood events:  0
  DNS amp events:     0
  NTP amp events:     0
  SNMP amp events:    0
  SSDP events:        0
  PortMap events:     0
  NetBIOS events:     0
  LDAP events:        0
  MSSQL events:       0
  TFTP events:        0
  ACK flood events:   0
  Frag attack events: 0
  Heavy-hitter events:0 (OctoSketch per-IP detection)
  Packet flood events:0
  (Note: Events count IPs exceeding thresholds per 50ms window)

[ALERT STATUS]
  Alert level:        [0mNONE[0m
  Reason:             None

[PERFORMANCE METRICS]
  Throughput:         3.67 Gbps (5.16 Mpps)
  Cycles available:   579 cycles/pkt (lower = higher load)
  Active IPs:         0
  Worker threads:     14 (lcores 1-14)

[DPDK NIC STATISTICS]
  RX packets (NIC):   76990844
  RX dropped (HW):    [0m0[0m (imissed)
  RX no mbufs:        [0m0[0m (buffer exhaustion)
  RX errors:          0
  Total drops:        [0m0 (0.00%)[0m
  RX burst calls:     6619252779 (99.3% empty)
  Processed pkts:     76993616 (100.0% of NIC RX)


╔═══════════════════════════════════════════════════════════════════════╗
║          MIRA DDoS DETECTOR - STATISTICS (MULTI-CORE)                ║
╚═══════════════════════════════════════════════════════════════════════╝

[PACKET COUNTERS - GLOBAL]
  Total packets:      117984416
  Baseline (10.10.2.x): 74390973 (63.1%)
  Attack (10.10.3.x): 0 (0.0%)
  TCP packets:        82596134
  UDP packets:        28825136
  ICMP packets:       6563146

[INSTANTANEOUS TRAFFIC - Last 5.0 seconds]
  Baseline (10.10.2.x): 25845684 pkts (100.0%)  2294989344 bytes  3.67 Gbps
  Attack (10.10.3.x): 0 pkts (0.0%)  0 bytes  0.00 Gbps
  Total throughput:   3.67 Gbps  (avg pkt: 89 bytes)

[CUMULATIVE TRAFFIC - Since first packet (14.4s)]
  Total received:     117984416 pkts (8.19 Mpps) | 8.13 Gbps | 14640441555 bytes

[ATTACK-SPECIFIC COUNTERS]
  SYN packets:        21632225
  SYN-ACK packets:    10816100
  SYN/ACK ratio:      2.00
  HTTP requests:      44249462
  DNS queries:        11796043

[PROTOCOL-SPECIFIC COUNTERS - CIC-DDoS-2019 Features]
  NTP Amplification:
    Monlist queries:  0
    Responses:        0  (avg size: 0 bytes)
  DNS Amplification:
    ANY queries:      0
    TXT queries:      0
    Responses:        11796047  (avg size: 108 bytes)
  SNMP Amplification:
    GetBulk requests: 0
    Responses:        0  (avg size: 0 bytes)
  SSDP:
    M-SEARCH packets: 0
    Responses:        0
  PortMapper:
    GETPORT calls:    0
    DUMP calls:       0
  NetBIOS:
    Name queries:     0
    Datagram packets: 0
  LDAP:
    Bind requests:    0
    Search requests:  0
  MSSQL:
    SQLBatch packets: 0
    RPC packets:      0
  TFTP:
    RRQ (read) pkts:  0
    WRQ (write) pkts: 0

[ATTACK DETECTIONS - Cumulative Events]
  UDP flood events:   0
  UDP-lag events:     0
  SYN flood events:   0
  HTTP flood events:  0
  ICMP flood events:  0
  DNS amp events:     0
  NTP amp events:     0
  SNMP amp events:    0
  SSDP events:        0
  PortMap events:     0
  NetBIOS events:     0
  LDAP events:        0
  MSSQL events:       0
  TFTP events:        0
  ACK flood events:   0
  Frag attack events: 0
  Heavy-hitter events:0 (OctoSketch per-IP detection)
  Packet flood events:0
  (Note: Events count IPs exceeding thresholds per 50ms window)

[ALERT STATUS]
  Alert level:        [0mNONE[0m
  Reason:             None

[PERFORMANCE METRICS]
  Throughput:         3.67 Gbps (5.16 Mpps)
  Cycles available:   579 cycles/pkt (lower = higher load)
  Active IPs:         0
  Worker threads:     14 (lcores 1-14)

[DPDK NIC STATISTICS]
  RX packets (NIC):   117981697
  RX dropped (HW):    [0m0[0m (imissed)
  RX no mbufs:        [0m0[0m (buffer exhaustion)
  RX errors:          0
  Total drops:        [0m0 (0.00%)[0m
  RX burst calls:     7850611005 (99.1% empty)
  Processed pkts:     117984416 (100.0% of NIC RX)


╔═══════════════════════════════════════════════════════════════════════╗
║          MIRA DDoS DETECTOR - STATISTICS (MULTI-CORE)                ║
╚═══════════════════════════════════════════════════════════════════════╝

[PACKET COUNTERS - GLOBAL]
  Total packets:      159019008
  Baseline (10.10.2.x): 100265201 (63.1%)
  Attack (10.10.3.x): 0 (0.0%)
  TCP packets:        111320591
  UDP packets:        38852650
  ICMP packets:       8845767

[INSTANTANEOUS TRAFFIC - Last 5.0 seconds]
  Baseline (10.10.2.x): 25873343 pkts (100.0%)  2297875546 bytes  3.67 Gbps
  Attack (10.10.3.x): 0 pkts (0.0%)  0 bytes  0.00 Gbps
  Total throughput:   3.67 Gbps  (avg pkt: 89 bytes)

[CUMULATIVE TRAFFIC - Since first packet (19.4s)]
  Total received:     159019008 pkts (8.19 Mpps) | 8.13 Gbps | 19732660279 bytes

[ATTACK-SPECIFIC COUNTERS]
  SYN packets:        29155374
  SYN-ACK packets:    14577662
  SYN/ACK ratio:      2.00
  HTTP requests:      59637162
  DNS queries:        15898486

[PROTOCOL-SPECIFIC COUNTERS - CIC-DDoS-2019 Features]
  NTP Amplification:
    Monlist queries:  0
    Responses:        0  (avg size: 0 bytes)
  DNS Amplification:
    ANY queries:      0
    TXT queries:      0
    Responses:        15898485  (avg size: 108 bytes)
  SNMP Amplification:
    GetBulk requests: 0
    Responses:        0  (avg size: 0 bytes)
  SSDP:
    M-SEARCH packets: 0
    Responses:        0
  PortMapper:
    GETPORT calls:    0
    DUMP calls:       0
  NetBIOS:
    Name queries:     0
    Datagram packets: 0
  LDAP:
    Bind requests:    0
    Search requests:  0
  MSSQL:
    SQLBatch packets: 0
    RPC packets:      0
  TFTP:
    RRQ (read) pkts:  0
    WRQ (write) pkts: 0

[ATTACK DETECTIONS - Cumulative Events]
  UDP flood events:   0
  UDP-lag events:     0
  SYN flood events:   0
  HTTP flood events:  0
  ICMP flood events:  0
  DNS amp events:     0
  NTP amp events:     0
  SNMP amp events:    0
  SSDP events:        0
  PortMap events:     0
  NetBIOS events:     0
  LDAP events:        0
  MSSQL events:       0
  TFTP events:        0
  ACK flood events:   0
  Frag attack events: 0
  Heavy-hitter events:0 (OctoSketch per-IP detection)
  Packet flood events:0
  (Note: Events count IPs exceeding thresholds per 50ms window)

[ALERT STATUS]
  Alert level:        [0mNONE[0m
  Reason:             None

[PERFORMANCE METRICS]
  Throughput:         3.67 Gbps (5.17 Mpps)
  Cycles available:   578 cycles/pkt (lower = higher load)
  Active IPs:         0
  Worker threads:     14 (lcores 1-14)

[DPDK NIC STATISTICS]
  RX packets (NIC):   159015891
  RX dropped (HW):    [0m0[0m (imissed)
  RX no mbufs:        [0m0[0m (buffer exhaustion)
  RX errors:          0
  Total drops:        [0m0 (0.00%)[0m
  RX burst calls:     9082010337 (99.0% empty)
  Processed pkts:     159019008 (100.0% of NIC RX)


╔═══════════════════════════════════════════════════════════════════════╗
║          MIRA DDoS DETECTOR - STATISTICS (MULTI-CORE)                ║
╚═══════════════════════════════════════════════════════════════════════╝

[PACKET COUNTERS - GLOBAL]
  Total packets:      200031232
  Baseline (10.10.2.x): 126125879 (63.1%)
  Attack (10.10.3.x): 0 (0.0%)
  TCP packets:        140026584
  UDP packets:        48876361
  ICMP packets:       11128287

[INSTANTANEOUS TRAFFIC - Last 5.0 seconds]
  Baseline (10.10.2.x): 25860354 pkts (100.0%)  2296977094 bytes  3.67 Gbps
  Attack (10.10.3.x): 0 pkts (0.0%)  0 bytes  0.00 Gbps
  Total throughput:   3.67 Gbps  (avg pkt: 89 bytes)

[CUMULATIVE TRAFFIC - Since first packet (24.4s)]
  Total received:     200031232 pkts (8.19 Mpps) | 8.13 Gbps | 24822012173 bytes

[ATTACK-SPECIFIC COUNTERS]
  SYN packets:        36673931
  SYN-ACK packets:    18336944
  SYN/ACK ratio:      2.00
  HTTP requests:      75013388
  DNS queries:        19999032

[PROTOCOL-SPECIFIC COUNTERS - CIC-DDoS-2019 Features]
  NTP Amplification:
    Monlist queries:  0
    Responses:        0  (avg size: 0 bytes)
  DNS Amplification:
    ANY queries:      0
    TXT queries:      0
    Responses:        19999032  (avg size: 108 bytes)
  SNMP Amplification:
    GetBulk requests: 0
    Responses:        0  (avg size: 0 bytes)
  SSDP:
    M-SEARCH packets: 0
    Responses:        0
  PortMapper:
    GETPORT calls:    0
    DUMP calls:       0
  NetBIOS:
    Name queries:     0
    Datagram packets: 0
  LDAP:
    Bind requests:    0
    Search requests:  0
  MSSQL:
    SQLBatch packets: 0
    RPC packets:      0
  TFTP:
    RRQ (read) pkts:  0
    WRQ (write) pkts: 0

[ATTACK DETECTIONS - Cumulative Events]
  UDP flood events:   0
  UDP-lag events:     0
  SYN flood events:   0
  HTTP flood events:  0
  ICMP flood events:  0
  DNS amp events:     0
  NTP amp events:     0
  SNMP amp events:    0
  SSDP events:        0
  PortMap events:     0
  NetBIOS events:     0
  LDAP events:        0
  MSSQL events:       0
  TFTP events:        0
  ACK flood events:   0
  Frag attack events: 0
  Heavy-hitter events:0 (OctoSketch per-IP detection)
  Packet flood events:0
  (Note: Events count IPs exceeding thresholds per 50ms window)

[ALERT STATUS]
  Alert level:        [0mNONE[0m
  Reason:             None

[PERFORMANCE METRICS]
  Throughput:         3.67 Gbps (5.16 Mpps)
  Cycles available:   579 cycles/pkt (lower = higher load)
  Active IPs:         0
  Worker threads:     14 (lcores 1-14)

[DPDK NIC STATISTICS]
  RX packets (NIC):   200028362
  RX dropped (HW):    [0m0[0m (imissed)
  RX no mbufs:        [0m0[0m (buffer exhaustion)
  RX errors:          0
  Total drops:        [0m0 (0.00%)[0m
  RX burst calls:     10313237298 (98.9% empty)
  Processed pkts:     200031232 (100.0% of NIC RX)


╔═══════════════════════════════════════════════════════════════════════╗
║          MIRA DDoS DETECTOR - STATISTICS (MULTI-CORE)                ║
╚═══════════════════════════════════════════════════════════════════════╝

[PACKET COUNTERS - GLOBAL]
  Total packets:      241037371
  Baseline (10.10.2.x): 151981455 (63.1%)
  Attack (10.10.3.x): 0 (0.0%)
  TCP packets:        168728498
  UDP packets:        58898771
  ICMP packets:       13410102

[INSTANTANEOUS TRAFFIC - Last 5.0 seconds]
  Baseline (10.10.2.x): 25855017 pkts (100.0%)  2296192956 bytes  3.67 Gbps
  Attack (10.10.3.x): 0 pkts (0.0%)  0 bytes  0.00 Gbps
  Total throughput:   3.67 Gbps  (avg pkt: 89 bytes)

[CUMULATIVE TRAFFIC - Since first packet (29.4s)]
  Total received:     241037371 pkts (8.19 Mpps) | 8.13 Gbps | 29910500188 bytes

[ATTACK-SPECIFIC COUNTERS]
  SYN packets:        44191145
  SYN-ACK packets:    22095545
  SYN/ACK ratio:      2.00
  HTTP requests:      90389343
  DNS queries:        24099728

[PROTOCOL-SPECIFIC COUNTERS - CIC-DDoS-2019 Features]
  NTP Amplification:
    Monlist queries:  0
    Responses:        0  (avg size: 0 bytes)
  DNS Amplification:
    ANY queries:      0
    TXT queries:      0
    Responses:        24099728  (avg size: 108 bytes)
  SNMP Amplification:
    GetBulk requests: 0
    Responses:        0  (avg size: 0 bytes)
  SSDP:
    M-SEARCH packets: 0
    Responses:        0
  PortMapper:
    GETPORT calls:    0
    DUMP calls:       0
  NetBIOS:
    Name queries:     0
    Datagram packets: 0
  LDAP:
    Bind requests:    0
    Search requests:  0
  MSSQL:
    SQLBatch packets: 0
    RPC packets:      0
  TFTP:
    RRQ (read) pkts:  0
    WRQ (write) pkts: 0

[ATTACK DETECTIONS - Cumulative Events]
  UDP flood events:   0
  UDP-lag events:     0
  SYN flood events:   0
  HTTP flood events:  0
  ICMP flood events:  0
  DNS amp events:     0
  NTP amp events:     0
  SNMP amp events:    0
  SSDP events:        0
  PortMap events:     0
  NetBIOS events:     0
  LDAP events:        0
  MSSQL events:       0
  TFTP events:        0
  ACK flood events:   0
  Frag attack events: 0
  Heavy-hitter events:0 (OctoSketch per-IP detection)
  Packet flood events:0
  (Note: Events count IPs exceeding thresholds per 50ms window)

[ALERT STATUS]
  Alert level:        [0mNONE[0m
  Reason:             None

[PERFORMANCE METRICS]
  Throughput:         3.67 Gbps (5.17 Mpps)
  Cycles available:   579 cycles/pkt (lower = higher load)
  Active IPs:         0
  Worker threads:     14 (lcores 1-14)

[DPDK NIC STATISTICS]
  RX packets (NIC):   241034753
  RX dropped (HW):    [0m0[0m (imissed)
  RX no mbufs:        [0m0[0m (buffer exhaustion)
  RX errors:          0
  Total drops:        [0m0 (0.00%)[0m
  RX burst calls:     11544282227 (98.8% empty)
  Processed pkts:     241037371 (100.0% of NIC RX)


╔═══════════════════════════════════════════════════════════════════════╗
║          MIRA DDoS DETECTOR - STATISTICS (MULTI-CORE)                ║
╚═══════════════════════════════════════════════════════════════════════╝

[PACKET COUNTERS - GLOBAL]
  Total packets:      282104832
  Baseline (10.10.2.x): 177874152 (63.1%)
  Attack (10.10.3.x): 0 (0.0%)
  TCP packets:        197475964
  UDP packets:        68934868
  ICMP packets:       15694000

[INSTANTANEOUS TRAFFIC - Last 5.0 seconds]
  Baseline (10.10.2.x): 25892314 pkts (100.0%)  2467029561 bytes  3.94 Gbps
  Attack (10.10.3.x): 0 pkts (0.0%)  0 bytes  0.00 Gbps
  Total throughput:   3.94 Gbps  (avg pkt: 95 bytes)

[CUMULATIVE TRAFFIC - Since first packet (34.4s)]
  Total received:     282104832 pkts (8.19 Mpps) | 8.13 Gbps | 35006190337 bytes

[ATTACK-SPECIFIC COUNTERS]
  SYN packets:        51720196
  SYN-ACK packets:    25860066
  SYN/ACK ratio:      2.00
  HTTP requests:      105790430
  DNS queries:        28207599

[PROTOCOL-SPECIFIC COUNTERS - CIC-DDoS-2019 Features]
  NTP Amplification:
    Monlist queries:  0
    Responses:        0  (avg size: 0 bytes)
  DNS Amplification:
    ANY queries:      0
    TXT queries:      0
    Responses:        28207604  (avg size: 108 bytes)
  SNMP Amplification:
    GetBulk requests: 0
    Responses:        0  (avg size: 0 bytes)
  SSDP:
    M-SEARCH packets: 0
    Responses:        0
  PortMapper:
    GETPORT calls:    0
    DUMP calls:       0
  NetBIOS:
    Name queries:     0
    Datagram packets: 0
  LDAP:
    Bind requests:    0
    Search requests:  0
  MSSQL:
    SQLBatch packets: 0
    RPC packets:      0
  TFTP:
    RRQ (read) pkts:  0
    WRQ (write) pkts: 0

[ATTACK DETECTIONS - Cumulative Events]
  UDP flood events:   0
  UDP-lag events:     0
  SYN flood events:   0
  HTTP flood events:  0
  ICMP flood events:  0
  DNS amp events:     0
  NTP amp events:     0
  SNMP amp events:    0
  SSDP events:        0
  PortMap events:     0
  NetBIOS events:     0
  LDAP events:        0
  MSSQL events:       0
  TFTP events:        0
  ACK flood events:   0
  Frag attack events: 0
  Heavy-hitter events:0 (OctoSketch per-IP detection)
  Packet flood events:0
  (Note: Events count IPs exceeding thresholds per 50ms window)

[ALERT STATUS]
  Alert level:        [0mNONE[0m
  Reason:             None

[PERFORMANCE METRICS]
  Throughput:         3.94 Gbps (5.17 Mpps)
  Cycles available:   578 cycles/pkt (lower = higher load)
  Active IPs:         0
  Worker threads:     14 (lcores 1-14)

[DPDK NIC STATISTICS]
  RX packets (NIC):   282101761
  RX dropped (HW):    [0m0[0m (imissed)
  RX no mbufs:        [0m0[0m (buffer exhaustion)
  RX errors:          0
  Total drops:        [0m0 (0.00%)[0m
  RX burst calls:     12775241616 (98.7% empty)
  Processed pkts:     282104832 (100.0% of NIC RX)


╔═══════════════════════════════════════════════════════════════════════╗
║          MIRA DDoS DETECTOR - STATISTICS (MULTI-CORE)                ║
╚═══════════════════════════════════════════════════════════════════════╝

[PACKET COUNTERS - GLOBAL]
  Total packets:      323115599
  Baseline (10.10.2.x): 203732234 (63.1%)
  Attack (10.10.3.x): 0 (0.0%)
  TCP packets:        226183294
  UDP packets:        78958794
  ICMP packets:       17973511

[INSTANTANEOUS TRAFFIC - Last 5.0 seconds]
  Baseline (10.10.2.x): 25857783 pkts (100.0%)  2296136256 bytes  3.67 Gbps
  Attack (10.10.3.x): 0 pkts (0.0%)  0 bytes  0.00 Gbps
  Total throughput:   3.67 Gbps  (avg pkt: 89 bytes)

[CUMULATIVE TRAFFIC - Since first packet (39.4s)]
  Total received:     323115599 pkts (8.19 Mpps) | 8.13 Gbps | 40095109485 bytes

[ATTACK-SPECIFIC COUNTERS]
  SYN packets:        59238824
  SYN-ACK packets:    29619382
  SYN/ACK ratio:      2.00
  HTTP requests:      121169303
  DNS queries:        32309702

[PROTOCOL-SPECIFIC COUNTERS - CIC-DDoS-2019 Features]
  NTP Amplification:
    Monlist queries:  0
    Responses:        0  (avg size: 0 bytes)
  DNS Amplification:
    ANY queries:      0
    TXT queries:      0
    Responses:        32309695  (avg size: 108 bytes)
  SNMP Amplification:
    GetBulk requests: 0
    Responses:        0  (avg size: 0 bytes)
  SSDP:
    M-SEARCH packets: 0
    Responses:        0
  PortMapper:
    GETPORT calls:    0
    DUMP calls:       0
  NetBIOS:
    Name queries:     0
    Datagram packets: 0
  LDAP:
    Bind requests:    0
    Search requests:  0
  MSSQL:
    SQLBatch packets: 0
    RPC packets:      0
  TFTP:
    RRQ (read) pkts:  0
    WRQ (write) pkts: 0

[ATTACK DETECTIONS - Cumulative Events]
  UDP flood events:   0
  UDP-lag events:     0
  SYN flood events:   0
  HTTP flood events:  0
  ICMP flood events:  0
  DNS amp events:     0
  NTP amp events:     0
  SNMP amp events:    0
  SSDP events:        0
  PortMap events:     0
  NetBIOS events:     0
  LDAP events:        0
  MSSQL events:       0
  TFTP events:        0
  ACK flood events:   0
  Frag attack events: 0
  Heavy-hitter events:0 (OctoSketch per-IP detection)
  Packet flood events:0
  (Note: Events count IPs exceeding thresholds per 50ms window)

[ALERT STATUS]
  Alert level:        [0mNONE[0m
  Reason:             None

[PERFORMANCE METRICS]
  Throughput:         3.67 Gbps (5.17 Mpps)
  Cycles available:   579 cycles/pkt (lower = higher load)
  Active IPs:         0
  Worker threads:     14 (lcores 1-14)

[DPDK NIC STATISTICS]
  RX packets (NIC):   323112962
  RX dropped (HW):    [0m0[0m (imissed)
  RX no mbufs:        [0m0[0m (buffer exhaustion)
  RX errors:          0
  Total drops:        [0m0 (0.00%)[0m
  RX burst calls:     14004867236 (98.7% empty)
  Processed pkts:     323115599 (100.0% of NIC RX)


╔═══════════════════════════════════════════════════════════════════════╗
║          MIRA DDoS DETECTOR - STATISTICS (MULTI-CORE)                ║
╚═══════════════════════════════════════════════════════════════════════╝

[PACKET COUNTERS - GLOBAL]
  Total packets:      364135519
  Baseline (10.10.2.x): 229596290 (63.1%)
  Attack (10.10.3.x): 0 (0.0%)
  TCP packets:        254900059
  UDP packets:        88980547
  ICMP packets:       20254913

[INSTANTANEOUS TRAFFIC - Last 5.0 seconds]
  Baseline (10.10.2.x): 25863600 pkts (100.0%)  2296540265 bytes  3.67 Gbps
  Attack (10.10.3.x): 0 pkts (0.0%)  0 bytes  0.00 Gbps
  Total throughput:   3.67 Gbps  (avg pkt: 89 bytes)

[CUMULATIVE TRAFFIC - Since first packet (44.4s)]
  Total received:     364135519 pkts (8.19 Mpps) | 8.13 Gbps | 45185091773 bytes

[ATTACK-SPECIFIC COUNTERS]
  SYN packets:        66760011
  SYN-ACK packets:    33379967
  SYN/ACK ratio:      2.00
  HTTP requests:      136552533
  DNS queries:        36411000

[PROTOCOL-SPECIFIC COUNTERS - CIC-DDoS-2019 Features]
  NTP Amplification:
    Monlist queries:  0
    Responses:        0  (avg size: 0 bytes)
  DNS Amplification:
    ANY queries:      0
    TXT queries:      0
    Responses:        36411003  (avg size: 108 bytes)
  SNMP Amplification:
    GetBulk requests: 0
    Responses:        0  (avg size: 0 bytes)
  SSDP:
    M-SEARCH packets: 0
    Responses:        0
  PortMapper:
    GETPORT calls:    0
    DUMP calls:       0
  NetBIOS:
    Name queries:     0
    Datagram packets: 0
  LDAP:
    Bind requests:    0
    Search requests:  0
  MSSQL:
    SQLBatch packets: 0
    RPC packets:      0
  TFTP:
    RRQ (read) pkts:  0
    WRQ (write) pkts: 0

[ATTACK DETECTIONS - Cumulative Events]
  UDP flood events:   0
  UDP-lag events:     0
  SYN flood events:   0
  HTTP flood events:  0
  ICMP flood events:  0
  DNS amp events:     0
  NTP amp events:     0
  SNMP amp events:    0
  SSDP events:        0
  PortMap events:     0
  NetBIOS events:     0
  LDAP events:        0
  MSSQL events:       0
  TFTP events:        0
  ACK flood events:   0
  Frag attack events: 0
  Heavy-hitter events:0 (OctoSketch per-IP detection)
  Packet flood events:0
  (Note: Events count IPs exceeding thresholds per 50ms window)

[ALERT STATUS]
  Alert level:        [0mNONE[0m
  Reason:             None

[PERFORMANCE METRICS]
  Throughput:         3.67 Gbps (5.17 Mpps)
  Cycles available:   579 cycles/pkt (lower = higher load)
  Active IPs:         0
  Worker threads:     14 (lcores 1-14)

[DPDK NIC STATISTICS]
  RX packets (NIC):   364132866
  RX dropped (HW):    [0m0[0m (imissed)
  RX no mbufs:        [0m0[0m (buffer exhaustion)
  RX errors:          0
  Total drops:        [0m0 (0.00%)[0m
  RX burst calls:     15236128711 (98.6% empty)
  Processed pkts:     364135519 (100.0% of NIC RX)


╔═══════════════════════════════════════════════════════════════════════╗
║          MIRA DDoS DETECTOR - STATISTICS (MULTI-CORE)                ║
╚═══════════════════════════════════════════════════════════════════════╝

[PACKET COUNTERS - GLOBAL]
  Total packets:      405106739
  Baseline (10.10.2.x): 255430305 (63.1%)
  Attack (10.10.3.x): 0 (0.0%)
  TCP packets:        283580888
  UDP packets:        98992288
  ICMP packets:       22533566

[INSTANTANEOUS TRAFFIC - Last 5.0 seconds]
  Baseline (10.10.2.x): 25833636 pkts (100.0%)  2294175361 bytes  3.66 Gbps
  Attack (10.10.3.x): 0 pkts (0.0%)  0 bytes  0.00 Gbps
  Total throughput:   3.66 Gbps  (avg pkt: 89 bytes)

[CUMULATIVE TRAFFIC - Since first packet (49.5s)]
  Total received:     405106739 pkts (8.19 Mpps) | 8.13 Gbps | 50269224944 bytes

[ATTACK-SPECIFIC COUNTERS]
  SYN packets:        74271890
  SYN-ACK packets:    37135896
  SYN/ACK ratio:      2.00
  HTTP requests:      151915842
  DNS queries:        40507666

[PROTOCOL-SPECIFIC COUNTERS - CIC-DDoS-2019 Features]
  NTP Amplification:
    Monlist queries:  0
    Responses:        0  (avg size: 0 bytes)
  DNS Amplification:
    ANY queries:      0
    TXT queries:      0
    Responses:        40507669  (avg size: 108 bytes)
  SNMP Amplification:
    GetBulk requests: 0
    Responses:        0  (avg size: 0 bytes)
  SSDP:
    M-SEARCH packets: 0
    Responses:        0
  PortMapper:
    GETPORT calls:    0
    DUMP calls:       0
  NetBIOS:
    Name queries:     0
    Datagram packets: 0
  LDAP:
    Bind requests:    0
    Search requests:  0
  MSSQL:
    SQLBatch packets: 0
    RPC packets:      0
  TFTP:
    RRQ (read) pkts:  0
    WRQ (write) pkts: 0

[ATTACK DETECTIONS - Cumulative Events]
  UDP flood events:   0
  UDP-lag events:     0
  SYN flood events:   0
  HTTP flood events:  0
  ICMP flood events:  0
  DNS amp events:     0
  NTP amp events:     0
  SNMP amp events:    0
  SSDP events:        0
  PortMap events:     0
  NetBIOS events:     0
  LDAP events:        0
  MSSQL events:       0
  TFTP events:        0
  ACK flood events:   0
  Frag attack events: 0
  Heavy-hitter events:0 (OctoSketch per-IP detection)
  Packet flood events:0
  (Note: Events count IPs exceeding thresholds per 50ms window)

[ALERT STATUS]
  Alert level:        [0mNONE[0m
  Reason:             None

[PERFORMANCE METRICS]
  Throughput:         3.66 Gbps (5.16 Mpps)
  Cycles available:   580 cycles/pkt (lower = higher load)
  Active IPs:         0
  Worker threads:     14 (lcores 1-14)

[DPDK NIC STATISTICS]
  RX packets (NIC):   405103947
  RX dropped (HW):    [0m0[0m (imissed)
  RX no mbufs:        [0m0[0m (buffer exhaustion)
  RX errors:          0
  Total drops:        [0m0 (0.00%)[0m
  RX burst calls:     16466369148 (98.6% empty)
  Processed pkts:     405106739 (100.0% of NIC RX)


╔═══════════════════════════════════════════════════════════════════════╗
║          MIRA DDoS DETECTOR - STATISTICS (MULTI-CORE)                ║
╚═══════════════════════════════════════════════════════════════════════╝

[PACKET COUNTERS - GLOBAL]
  Total packets:      446118959
  Baseline (10.10.2.x): 281290232 (63.1%)
  Attack (10.10.3.x): 0 (0.0%)
  TCP packets:        312293312
  UDP packets:        109012366
  ICMP packets:       24813281

[INSTANTANEOUS TRAFFIC - Last 5.0 seconds]
  Baseline (10.10.2.x): 27697656 pkts (100.0%)  2296383343 bytes  3.67 Gbps
  Attack (10.10.3.x): 0 pkts (0.0%)  0 bytes  0.00 Gbps
  Total throughput:   3.67 Gbps  (avg pkt: 83 bytes)

[CUMULATIVE TRAFFIC - Since first packet (54.5s)]
  Total received:     446118959 pkts (8.19 Mpps) | 8.13 Gbps | 55358504920 bytes

[ATTACK-SPECIFIC COUNTERS]
  SYN packets:        81791968
  SYN-ACK packets:    40895940
  SYN/ACK ratio:      2.00
  HTTP requests:      167296622
  DNS queries:        44607763

[PROTOCOL-SPECIFIC COUNTERS - CIC-DDoS-2019 Features]
  NTP Amplification:
    Monlist queries:  0
    Responses:        0  (avg size: 0 bytes)
  DNS Amplification:
    ANY queries:      0
    TXT queries:      0
    Responses:        44607765  (avg size: 108 bytes)
  SNMP Amplification:
    GetBulk requests: 0
    Responses:        0  (avg size: 0 bytes)
  SSDP:
    M-SEARCH packets: 0
    Responses:        0
  PortMapper:
    GETPORT calls:    0
    DUMP calls:       0
  NetBIOS:
    Name queries:     0
    Datagram packets: 0
  LDAP:
    Bind requests:    0
    Search requests:  0
  MSSQL:
    SQLBatch packets: 0
    RPC packets:      0
  TFTP:
    RRQ (read) pkts:  0
    WRQ (write) pkts: 0

[ATTACK DETECTIONS - Cumulative Events]
  UDP flood events:   0
  UDP-lag events:     0
  SYN flood events:   0
  HTTP flood events:  0
  ICMP flood events:  0
  DNS amp events:     0
  NTP amp events:     0
  SNMP amp events:    0
  SSDP events:        0
  PortMap events:     0
  NetBIOS events:     0
  LDAP events:        0
  MSSQL events:       0
  TFTP events:        0
  ACK flood events:   0
  Frag attack events: 0
  Heavy-hitter events:0 (OctoSketch per-IP detection)
  Packet flood events:0
  (Note: Events count IPs exceeding thresholds per 50ms window)

[ALERT STATUS]
  Alert level:        [0mNONE[0m
  Reason:             None

[PERFORMANCE METRICS]
  Throughput:         3.67 Gbps (5.53 Mpps)
  Cycles available:   540 cycles/pkt (lower = higher load)
  Active IPs:         0
  Worker threads:     14 (lcores 1-14)

[DPDK NIC STATISTICS]
  RX packets (NIC):   446116047
  RX dropped (HW):    [0m0[0m (imissed)
  RX no mbufs:        [0m0[0m (buffer exhaustion)
  RX errors:          0
  Total drops:        [0m0 (0.00%)[0m
  RX burst calls:     17696648003 (98.5% empty)
  Processed pkts:     446118959 (100.0% of NIC RX)


╔═══════════════════════════════════════════════════════════════════════╗
║          MIRA DDoS DETECTOR - STATISTICS (MULTI-CORE)                ║
╚═══════════════════════════════════════════════════════════════════════╝

[PACKET COUNTERS - GLOBAL]
  Total packets:      487137792
  Baseline (10.10.2.x): 307152959 (63.1%)
  Attack (10.10.3.x): 0 (0.0%)
  TCP packets:        341005827
  UDP packets:        119038851
  ICMP packets:       27093114

[INSTANTANEOUS TRAFFIC - Last 5.0 seconds]
  Baseline (10.10.2.x): 25862423 pkts (100.0%)  2296529881 bytes  3.67 Gbps
  Attack (10.10.3.x): 0 pkts (0.0%)  0 bytes  0.00 Gbps
  Total throughput:   3.67 Gbps  (avg pkt: 89 bytes)

[CUMULATIVE TRAFFIC - Since first packet (59.5s)]
  Total received:     487137792 pkts (8.19 Mpps) | 8.13 Gbps | 60448472124 bytes

[ATTACK-SPECIFIC COUNTERS]
  SYN packets:        89311762
  SYN-ACK packets:    44655828
  SYN/ACK ratio:      2.00
  HTTP requests:      182679678
  DNS queries:        48710862

[PROTOCOL-SPECIFIC COUNTERS - CIC-DDoS-2019 Features]
  NTP Amplification:
    Monlist queries:  0
    Responses:        0  (avg size: 0 bytes)
  DNS Amplification:
    ANY queries:      0
    TXT queries:      0
    Responses:        48710861  (avg size: 108 bytes)
  SNMP Amplification:
    GetBulk requests: 0
    Responses:        0  (avg size: 0 bytes)
  SSDP:
    M-SEARCH packets: 0
    Responses:        0
  PortMapper:
    GETPORT calls:    0
    DUMP calls:       0
  NetBIOS:
    Name queries:     0
    Datagram packets: 0
  LDAP:
    Bind requests:    0
    Search requests:  0
  MSSQL:
    SQLBatch packets: 0
    RPC packets:      0
  TFTP:
    RRQ (read) pkts:  0
    WRQ (write) pkts: 0

[ATTACK DETECTIONS - Cumulative Events]
  UDP flood events:   0
  UDP-lag events:     0
  SYN flood events:   0
  HTTP flood events:  0
  ICMP flood events:  0
  DNS amp events:     0
  NTP amp events:     0
  SNMP amp events:    0
  SSDP events:        0
  PortMap events:     0
  NetBIOS events:     0
  LDAP events:        0
  MSSQL events:       0
  TFTP events:        0
  ACK flood events:   0
  Frag attack events: 0
  Heavy-hitter events:0 (OctoSketch per-IP detection)
  Packet flood events:0
  (Note: Events count IPs exceeding thresholds per 50ms window)

[ALERT STATUS]
  Alert level:        [0mNONE[0m
  Reason:             None

[PERFORMANCE METRICS]
  Throughput:         3.67 Gbps (5.16 Mpps)
  Cycles available:   579 cycles/pkt (lower = higher load)
  Active IPs:         0
  Worker threads:     14 (lcores 1-14)

[DPDK NIC STATISTICS]
  RX packets (NIC):   487134752
  RX dropped (HW):    [0m0[0m (imissed)
  RX no mbufs:        [0m0[0m (buffer exhaustion)
  RX errors:          0
  Total drops:        [0m0 (0.00%)[0m
  RX burst calls:     18927946962 (98.5% empty)
  Processed pkts:     487137792 (100.0% of NIC RX)


╔═══════════════════════════════════════════════════════════════════════╗
║          MIRA DDoS DETECTOR - STATISTICS (MULTI-CORE)                ║
╚═══════════════════════════════════════════════════════════════════════╝

[PACKET COUNTERS - GLOBAL]
  Total packets:      528135680
  Baseline (10.10.2.x): 333003864 (63.1%)
  Attack (10.10.3.x): 0 (0.0%)
  TCP packets:        369706401
  UDP packets:        129057915
  ICMP packets:       29371364

[INSTANTANEOUS TRAFFIC - Last 5.0 seconds]
  Baseline (10.10.2.x): 25850576 pkts (100.0%)  2295586010 bytes  3.67 Gbps
  Attack (10.10.3.x): 0 pkts (0.0%)  0 bytes  0.00 Gbps
  Total throughput:   3.67 Gbps  (avg pkt: 89 bytes)

[CUMULATIVE TRAFFIC - Since first packet (64.5s)]
  Total received:     528135680 pkts (8.19 Mpps) | 8.13 Gbps | 65535708751 bytes

[ATTACK-SPECIFIC COUNTERS]
  SYN packets:        96828973
  SYN-ACK packets:    48414425
  SYN/ACK ratio:      2.00
  HTTP requests:      198052293
  DNS queries:        52811103

[PROTOCOL-SPECIFIC COUNTERS - CIC-DDoS-2019 Features]
  NTP Amplification:
    Monlist queries:  0
    Responses:        0  (avg size: 0 bytes)
  DNS Amplification:
    ANY queries:      0
    TXT queries:      0
    Responses:        52811101  (avg size: 108 bytes)
  SNMP Amplification:
    GetBulk requests: 0
    Responses:        0  (avg size: 0 bytes)
  SSDP:
    M-SEARCH packets: 0
    Responses:        0
  PortMapper:
    GETPORT calls:    0
    DUMP calls:       0
  NetBIOS:
    Name queries:     0
    Datagram packets: 0
  LDAP:
    Bind requests:    0
    Search requests:  0
  MSSQL:
    SQLBatch packets: 0
    RPC packets:      0
  TFTP:
    RRQ (read) pkts:  0
    WRQ (write) pkts: 0

[ATTACK DETECTIONS - Cumulative Events]
  UDP flood events:   0
  UDP-lag events:     0
  SYN flood events:   0
  HTTP flood events:  0
  ICMP flood events:  0
  DNS amp events:     0
  NTP amp events:     0
  SNMP amp events:    0
  SSDP events:        0
  PortMap events:     0
  NetBIOS events:     0
  LDAP events:        0
  MSSQL events:       0
  TFTP events:        0
  ACK flood events:   0
  Frag attack events: 0
  Heavy-hitter events:0 (OctoSketch per-IP detection)
  Packet flood events:0
  (Note: Events count IPs exceeding thresholds per 50ms window)

[ALERT STATUS]
  Alert level:        [0mNONE[0m
  Reason:             None

[PERFORMANCE METRICS]
  Throughput:         3.67 Gbps (5.16 Mpps)
  Cycles available:   579 cycles/pkt (lower = higher load)
  Active IPs:         0
  Worker threads:     14 (lcores 1-14)

[DPDK NIC STATISTICS]
  RX packets (NIC):   528133122
  RX dropped (HW):    [0m0[0m (imissed)
  RX no mbufs:        [0m0[0m (buffer exhaustion)
  RX errors:          0
  Total drops:        [0m0 (0.00%)[0m
  RX burst calls:     20158830048 (98.5% empty)
  Processed pkts:     528135680 (100.0% of NIC RX)


╔═══════════════════════════════════════════════════════════════════════╗
║          MIRA DDoS DETECTOR - STATISTICS (MULTI-CORE)                ║
╚═══════════════════════════════════════════════════════════════════════╝

[PACKET COUNTERS - GLOBAL]
  Total packets:      569140291
  Baseline (10.10.2.x): 358857846 (63.1%)
  Attack (10.10.3.x): 0 (0.0%)
  TCP packets:        398408991
  UDP packets:        139077833
  ICMP packets:       31653467

[INSTANTANEOUS TRAFFIC - Last 5.0 seconds]
  Baseline (10.10.2.x): 25853609 pkts (100.0%)  2459278162 bytes  3.93 Gbps
  Attack (10.10.3.x): 0 pkts (0.0%)  0 bytes  0.00 Gbps
  Total throughput:   3.93 Gbps  (avg pkt: 95 bytes)

[CUMULATIVE TRAFFIC - Since first packet (69.5s)]
  Total received:     569140291 pkts (8.19 Mpps) | 8.13 Gbps | 70623684480 bytes

[ATTACK-SPECIFIC COUNTERS]
  SYN packets:        104346461
  SYN-ACK packets:    52173169
  SYN/ACK ratio:      2.00
  HTTP requests:      213428011
  DNS queries:        56911680

[PROTOCOL-SPECIFIC COUNTERS - CIC-DDoS-2019 Features]
  NTP Amplification:
    Monlist queries:  0
    Responses:        0  (avg size: 0 bytes)
  DNS Amplification:
    ANY queries:      0
    TXT queries:      0
    Responses:        56911681  (avg size: 108 bytes)
  SNMP Amplification:
    GetBulk requests: 0
    Responses:        0  (avg size: 0 bytes)
  SSDP:
    M-SEARCH packets: 0
    Responses:        0
  PortMapper:
    GETPORT calls:    0
    DUMP calls:       0
  NetBIOS:
    Name queries:     0
    Datagram packets: 0
  LDAP:
    Bind requests:    0
    Search requests:  0
  MSSQL:
    SQLBatch packets: 0
    RPC packets:      0
  TFTP:
    RRQ (read) pkts:  0
    WRQ (write) pkts: 0

[ATTACK DETECTIONS - Cumulative Events]
  UDP flood events:   0
  UDP-lag events:     0
  SYN flood events:   0
  HTTP flood events:  0
  ICMP flood events:  0
  DNS amp events:     0
  NTP amp events:     0
  SNMP amp events:    0
  SSDP events:        0
  PortMap events:     0
  NetBIOS events:     0
  LDAP events:        0
  MSSQL events:       0
  TFTP events:        0
  ACK flood events:   0
  Frag attack events: 0
  Heavy-hitter events:0 (OctoSketch per-IP detection)
  Packet flood events:0
  (Note: Events count IPs exceeding thresholds per 50ms window)

[ALERT STATUS]
  Alert level:        [0mNONE[0m
  Reason:             None

[PERFORMANCE METRICS]
  Throughput:         3.93 Gbps (5.17 Mpps)
  Cycles available:   579 cycles/pkt (lower = higher load)
  Active IPs:         0
  Worker threads:     14 (lcores 1-14)

[DPDK NIC STATISTICS]
  RX packets (NIC):   569137541
  RX dropped (HW):    [0m0[0m (imissed)
  RX no mbufs:        [0m0[0m (buffer exhaustion)
  RX errors:          0
  Total drops:        [0m0 (0.00%)[0m
  RX burst calls:     21390073214 (98.5% empty)
  Processed pkts:     569140291 (100.0% of NIC RX)


╔═══════════════════════════════════════════════════════════════════════╗
║          MIRA DDoS DETECTOR - STATISTICS (MULTI-CORE)                ║
╚═══════════════════════════════════════════════════════════════════════╝

[PACKET COUNTERS - GLOBAL]
  Total packets:      610132992
  Baseline (10.10.2.x): 384704530 (63.1%)
  Attack (10.10.3.x): 0 (0.0%)
  TCP packets:        427104233
  UDP packets:        149093912
  ICMP packets:       33934847

[INSTANTANEOUS TRAFFIC - Last 5.0 seconds]
  Baseline (10.10.2.x): 25846087 pkts (100.0%)  2295152991 bytes  3.67 Gbps
  Attack (10.10.3.x): 0 pkts (0.0%)  0 bytes  0.00 Gbps
  Total throughput:   3.67 Gbps  (avg pkt: 89 bytes)

[CUMULATIVE TRAFFIC - Since first packet (74.5s)]
  Total received:     610132992 pkts (8.19 Mpps) | 8.13 Gbps | 75710487678 bytes

[ATTACK-SPECIFIC COUNTERS]
  SYN packets:        111861792
  SYN-ACK packets:    55930826
  SYN/ACK ratio:      2.00
  HTTP requests:      228801487
  DNS queries:        61009971

[PROTOCOL-SPECIFIC COUNTERS - CIC-DDoS-2019 Features]
  NTP Amplification:
    Monlist queries:  0
    Responses:        0  (avg size: 0 bytes)
  DNS Amplification:
    ANY queries:      0
    TXT queries:      0
    Responses:        61009972  (avg size: 108 bytes)
  SNMP Amplification:
    GetBulk requests: 0
    Responses:        0  (avg size: 0 bytes)
  SSDP:
    M-SEARCH packets: 0
    Responses:        0
  PortMapper:
    GETPORT calls:    0
    DUMP calls:       0
  NetBIOS:
    Name queries:     0
    Datagram packets: 0
  LDAP:
    Bind requests:    0
    Search requests:  0
  MSSQL:
    SQLBatch packets: 0
    RPC packets:      0
  TFTP:
    RRQ (read) pkts:  0
    WRQ (write) pkts: 0

[ATTACK DETECTIONS - Cumulative Events]
  UDP flood events:   0
  UDP-lag events:     0
  SYN flood events:   0
  HTTP flood events:  0
  ICMP flood events:  0
  DNS amp events:     0
  NTP amp events:     0
  SNMP amp events:    0
  SSDP events:        0
  PortMap events:     0
  NetBIOS events:     0
  LDAP events:        0
  MSSQL events:       0
  TFTP events:        0
  ACK flood events:   0
  Frag attack events: 0
  Heavy-hitter events:0 (OctoSketch per-IP detection)
  Packet flood events:0
  (Note: Events count IPs exceeding thresholds per 50ms window)

[ALERT STATUS]
  Alert level:        [0mNONE[0m
  Reason:             None

[PERFORMANCE METRICS]
  Throughput:         3.67 Gbps (5.16 Mpps)
  Cycles available:   579 cycles/pkt (lower = higher load)
  Active IPs:         0
  Worker threads:     14 (lcores 1-14)

[DPDK NIC STATISTICS]
  RX packets (NIC):   610129923
  RX dropped (HW):    [0m0[0m (imissed)
  RX no mbufs:        [0m0[0m (buffer exhaustion)
  RX errors:          0
  Total drops:        [0m0 (0.00%)[0m
  RX burst calls:     22620464867 (98.4% empty)
  Processed pkts:     610132992 (100.0% of NIC RX)


╔═══════════════════════════════════════════════════════════════════════╗
║          MIRA DDoS DETECTOR - STATISTICS (MULTI-CORE)                ║
╚═══════════════════════════════════════════════════════════════════════╝

[PACKET COUNTERS - GLOBAL]
  Total packets:      651142962
  Baseline (10.10.2.x): 410561659 (63.1%)
  Attack (10.10.3.x): 0 (0.0%)
  TCP packets:        455811330
  UDP packets:        159115498
  ICMP packets:       36216134

[INSTANTANEOUS TRAFFIC - Last 5.0 seconds]
  Baseline (10.10.2.x): 25856831 pkts (100.0%)  2295943036 bytes  3.67 Gbps
  Attack (10.10.3.x): 0 pkts (0.0%)  0 bytes  0.00 Gbps
  Total throughput:   3.67 Gbps  (avg pkt: 89 bytes)

[CUMULATIVE TRAFFIC - Since first packet (79.5s)]
  Total received:     651142962 pkts (8.19 Mpps) | 8.13 Gbps | 80799287251 bytes

[ATTACK-SPECIFIC COUNTERS]
  SYN packets:        119380291
  SYN-ACK packets:    59690071
  SYN/ACK ratio:      2.00
  HTTP requests:      244180651
  DNS queries:        65111281

[PROTOCOL-SPECIFIC COUNTERS - CIC-DDoS-2019 Features]
  NTP Amplification:
    Monlist queries:  0
    Responses:        0  (avg size: 0 bytes)
  DNS Amplification:
    ANY queries:      0
    TXT queries:      0
    Responses:        65111292  (avg size: 108 bytes)
  SNMP Amplification:
    GetBulk requests: 0
    Responses:        0  (avg size: 0 bytes)
  SSDP:
    M-SEARCH packets: 0
    Responses:        0
  PortMapper:
    GETPORT calls:    0
    DUMP calls:       0
  NetBIOS:
    Name queries:     0
    Datagram packets: 0
  LDAP:
    Bind requests:    0
    Search requests:  0
  MSSQL:
    SQLBatch packets: 0
    RPC packets:      0
  TFTP:
    RRQ (read) pkts:  0
    WRQ (write) pkts: 0

[ATTACK DETECTIONS - Cumulative Events]
  UDP flood events:   0
  UDP-lag events:     0
  SYN flood events:   0
  HTTP flood events:  0
  ICMP flood events:  0
  DNS amp events:     0
  NTP amp events:     0
  SNMP amp events:    0
  SSDP events:        0
  PortMap events:     0
  NetBIOS events:     0
  LDAP events:        0
  MSSQL events:       0
  TFTP events:        0
  ACK flood events:   0
  Frag attack events: 0
  Heavy-hitter events:0 (OctoSketch per-IP detection)
  Packet flood events:0
  (Note: Events count IPs exceeding thresholds per 50ms window)

[ALERT STATUS]
  Alert level:        [0mNONE[0m
  Reason:             None

[PERFORMANCE METRICS]
  Throughput:         3.67 Gbps (5.17 Mpps)
  Cycles available:   579 cycles/pkt (lower = higher load)
  Active IPs:         0
  Worker threads:     14 (lcores 1-14)

[DPDK NIC STATISTICS]
  RX packets (NIC):   651140099
  RX dropped (HW):    [0m0[0m (imissed)
  RX no mbufs:        [0m0[0m (buffer exhaustion)
  RX errors:          0
  Total drops:        [0m0 (0.00%)[0m
  RX burst calls:     23851011696 (98.4% empty)
  Processed pkts:     651142962 (100.0% of NIC RX)


╔═══════════════════════════════════════════════════════════════════════╗
║          MIRA DDoS DETECTOR - STATISTICS (MULTI-CORE)                ║
╚═══════════════════════════════════════════════════════════════════════╝

[PACKET COUNTERS - GLOBAL]
  Total packets:      692143104
  Baseline (10.10.2.x): 436413246 (63.1%)
  Attack (10.10.3.x): 0 (0.0%)
  TCP packets:        484509353
  UDP packets:        169136689
  ICMP packets:       38497062

[INSTANTANEOUS TRAFFIC - Last 5.0 seconds]
  Baseline (10.10.2.x): 25851124 pkts (100.0%)  2295807303 bytes  3.67 Gbps
  Attack (10.10.3.x): 0 pkts (0.0%)  0 bytes  0.00 Gbps
  Total throughput:   3.67 Gbps  (avg pkt: 89 bytes)

[CUMULATIVE TRAFFIC - Since first packet (84.5s)]
  Total received:     692143104 pkts (8.19 Mpps) | 8.13 Gbps | 85887252377 bytes

[ATTACK-SPECIFIC COUNTERS]
  SYN packets:        126896235
  SYN-ACK packets:    63448050
  SYN/ACK ratio:      2.00
  HTTP requests:      259556319
  DNS queries:        69211151

[PROTOCOL-SPECIFIC COUNTERS - CIC-DDoS-2019 Features]
  NTP Amplification:
    Monlist queries:  0
    Responses:        0  (avg size: 0 bytes)
  DNS Amplification:
    ANY queries:      0
    TXT queries:      0
    Responses:        69211150  (avg size: 108 bytes)
  SNMP Amplification:
    GetBulk requests: 0
    Responses:        0  (avg size: 0 bytes)
  SSDP:
    M-SEARCH packets: 0
    Responses:        0
  PortMapper:
    GETPORT calls:    0
    DUMP calls:       0
  NetBIOS:
    Name queries:     0
    Datagram packets: 0
  LDAP:
    Bind requests:    0
    Search requests:  0
  MSSQL:
    SQLBatch packets: 0
    RPC packets:      0
  TFTP:
    RRQ (read) pkts:  0
    WRQ (write) pkts: 0

[ATTACK DETECTIONS - Cumulative Events]
  UDP flood events:   0
  UDP-lag events:     0
  SYN flood events:   0
  HTTP flood events:  0
  ICMP flood events:  0
  DNS amp events:     0
  NTP amp events:     0
  SNMP amp events:    0
  SSDP events:        0
  PortMap events:     0
  NetBIOS events:     0
  LDAP events:        0
  MSSQL events:       0
  TFTP events:        0
  ACK flood events:   0
  Frag attack events: 0
  Heavy-hitter events:0 (OctoSketch per-IP detection)
  Packet flood events:0
  (Note: Events count IPs exceeding thresholds per 50ms window)

[ALERT STATUS]
  Alert level:        [0mNONE[0m
  Reason:             None

[PERFORMANCE METRICS]
  Throughput:         3.67 Gbps (5.16 Mpps)
  Cycles available:   579 cycles/pkt (lower = higher load)
  Active IPs:         0
  Worker threads:     14 (lcores 1-14)

[DPDK NIC STATISTICS]
  RX packets (NIC):   692140035
  RX dropped (HW):    [0m0[0m (imissed)
  RX no mbufs:        [0m0[0m (buffer exhaustion)
  RX errors:          0
  Total drops:        [0m0 (0.00%)[0m
  RX burst calls:     25081870962 (98.4% empty)
  Processed pkts:     692143104 (100.0% of NIC RX)


╔═══════════════════════════════════════════════════════════════════════╗
║          MIRA DDoS DETECTOR - STATISTICS (MULTI-CORE)                ║
╚═══════════════════════════════════════════════════════════════════════╝

[PACKET COUNTERS - GLOBAL]
  Total packets:      733146657
  Baseline (10.10.2.x): 462267350 (63.1%)
  Attack (10.10.3.x): 0 (0.0%)
  TCP packets:        513212036
  UDP packets:        179156590
  ICMP packets:       40778032

[INSTANTANEOUS TRAFFIC - Last 5.0 seconds]
  Baseline (10.10.2.x): 27658118 pkts (100.0%)  2456099832 bytes  3.93 Gbps
  Attack (10.10.3.x): 0 pkts (0.0%)  0 bytes  0.00 Gbps
  Total throughput:   3.93 Gbps  (avg pkt: 89 bytes)

[CUMULATIVE TRAFFIC - Since first packet (89.5s)]
  Total received:     733146657 pkts (8.19 Mpps) | 8.13 Gbps | 90975691389 bytes

[ATTACK-SPECIFIC COUNTERS]
  SYN packets:        134413461
  SYN-ACK packets:    67206649
  SYN/ACK ratio:      2.00
  HTTP requests:      274934182
  DNS queries:        73310415

[PROTOCOL-SPECIFIC COUNTERS - CIC-DDoS-2019 Features]
  NTP Amplification:
    Monlist queries:  0
    Responses:        0  (avg size: 0 bytes)
  DNS Amplification:
    ANY queries:      0
    TXT queries:      0
    Responses:        73310407  (avg size: 108 bytes)
  SNMP Amplification:
    GetBulk requests: 0
    Responses:        0  (avg size: 0 bytes)
  SSDP:
    M-SEARCH packets: 0
    Responses:        0
  PortMapper:
    GETPORT calls:    0
    DUMP calls:       0
  NetBIOS:
    Name queries:     0
    Datagram packets: 0
  LDAP:
    Bind requests:    0
    Search requests:  0
  MSSQL:
    SQLBatch packets: 0
    RPC packets:      0
  TFTP:
    RRQ (read) pkts:  0
    WRQ (write) pkts: 0

[ATTACK DETECTIONS - Cumulative Events]
  UDP flood events:   0
  UDP-lag events:     0
  SYN flood events:   0
  HTTP flood events:  0
  ICMP flood events:  0
  DNS amp events:     0
  NTP amp events:     0
  SNMP amp events:    0
  SSDP events:        0
  PortMap events:     0
  NetBIOS events:     0
  LDAP events:        0
  MSSQL events:       0
  TFTP events:        0
  ACK flood events:   0
  Frag attack events: 0
  Heavy-hitter events:0 (OctoSketch per-IP detection)
  Packet flood events:0
  (Note: Events count IPs exceeding thresholds per 50ms window)

[ALERT STATUS]
  Alert level:        [0mNONE[0m
  Reason:             None

[PERFORMANCE METRICS]
  Throughput:         3.93 Gbps (5.53 Mpps)
  Cycles available:   541 cycles/pkt (lower = higher load)
  Active IPs:         0
  Worker threads:     14 (lcores 1-14)

[DPDK NIC STATISTICS]
  RX packets (NIC):   733143988
  RX dropped (HW):    [0m0[0m (imissed)
  RX no mbufs:        [0m0[0m (buffer exhaustion)
  RX errors:          0
  Total drops:        [0m0 (0.00%)[0m
  RX burst calls:     26312413770 (98.4% empty)
  Processed pkts:     733146657 (100.0% of NIC RX)


╔═══════════════════════════════════════════════════════════════════════╗
║          MIRA DDoS DETECTOR - STATISTICS (MULTI-CORE)                ║
╚═══════════════════════════════════════════════════════════════════════╝

[PACKET COUNTERS - GLOBAL]
  Total packets:      774169518
  Baseline (10.10.2.x): 488133338 (63.1%)
  Attack (10.10.3.x): 0 (0.0%)
  TCP packets:        541925623
  UDP packets:        189185492
  ICMP packets:       43058403

[INSTANTANEOUS TRAFFIC - Last 5.0 seconds]
  Baseline (10.10.2.x): 25865589 pkts (100.0%)  2296987328 bytes  3.67 Gbps
  Attack (10.10.3.x): 0 pkts (0.0%)  0 bytes  0.00 Gbps
  Total throughput:   3.67 Gbps  (avg pkt: 89 bytes)

[CUMULATIVE TRAFFIC - Since first packet (94.5s)]
  Total received:     774169518 pkts (8.19 Mpps) | 8.13 Gbps | 96065943436 bytes

[ATTACK-SPECIFIC COUNTERS]
  SYN packets:        141934000
  SYN-ACK packets:    70966911
  SYN/ACK ratio:      2.00
  HTTP requests:      290314521
  DNS queries:        77414726

[PROTOCOL-SPECIFIC COUNTERS - CIC-DDoS-2019 Features]
  NTP Amplification:
    Monlist queries:  0
    Responses:        0  (avg size: 0 bytes)
  DNS Amplification:
    ANY queries:      0
    TXT queries:      0
    Responses:        77414732  (avg size: 108 bytes)
  SNMP Amplification:
    GetBulk requests: 0
    Responses:        0  (avg size: 0 bytes)
  SSDP:
    M-SEARCH packets: 0
    Responses:        0
  PortMapper:
    GETPORT calls:    0
    DUMP calls:       0
  NetBIOS:
    Name queries:     0
    Datagram packets: 0
  LDAP:
    Bind requests:    0
    Search requests:  0
  MSSQL:
    SQLBatch packets: 0
    RPC packets:      0
  TFTP:
    RRQ (read) pkts:  0
    WRQ (write) pkts: 0

[ATTACK DETECTIONS - Cumulative Events]
  UDP flood events:   0
  UDP-lag events:     0
  SYN flood events:   0
  HTTP flood events:  0
  ICMP flood events:  0
  DNS amp events:     0
  NTP amp events:     0
  SNMP amp events:    0
  SSDP events:        0
  PortMap events:     0
  NetBIOS events:     0
  LDAP events:        0
  MSSQL events:       0
  TFTP events:        0
  ACK flood events:   0
  Frag attack events: 0
  Heavy-hitter events:0 (OctoSketch per-IP detection)
  Packet flood events:0
  (Note: Events count IPs exceeding thresholds per 50ms window)

[ALERT STATUS]
  Alert level:        [0mNONE[0m
  Reason:             None

[PERFORMANCE METRICS]
  Throughput:         3.67 Gbps (5.17 Mpps)
  Cycles available:   579 cycles/pkt (lower = higher load)
  Active IPs:         0
  Worker threads:     14 (lcores 1-14)

[DPDK NIC STATISTICS]
  RX packets (NIC):   774166531
  RX dropped (HW):    [0m0[0m (imissed)
  RX no mbufs:        [0m0[0m (buffer exhaustion)
  RX errors:          0
  Total drops:        [0m0 (0.00%)[0m
  RX burst calls:     27543708847 (98.4% empty)
  Processed pkts:     774169518 (100.0% of NIC RX)


╔═══════════════════════════════════════════════════════════════════════╗
║          MIRA DDoS DETECTOR - STATISTICS (MULTI-CORE)                ║
╚═══════════════════════════════════════════════════════════════════════╝

[PACKET COUNTERS - GLOBAL]
  Total packets:      815188992
  Baseline (10.10.2.x): 513996731 (63.1%)
  Attack (10.10.3.x): 0 (0.0%)
  TCP packets:        570644315
  UDP packets:        199205496
  ICMP packets:       45339181

[INSTANTANEOUS TRAFFIC - Last 5.0 seconds]
  Baseline (10.10.2.x): 25863011 pkts (100.0%)  2296371796 bytes  3.67 Gbps
  Attack (10.10.3.x): 0 pkts (0.0%)  0 bytes  0.00 Gbps
  Total throughput:   3.67 Gbps  (avg pkt: 89 bytes)

[CUMULATIVE TRAFFIC - Since first packet (99.5s)]
  Total received:     815188992 pkts (8.19 Mpps) | 8.13 Gbps | 101156095778 bytes

[ATTACK-SPECIFIC COUNTERS]
  SYN packets:        149455382
  SYN-ACK packets:    74727603
  SYN/ACK ratio:      2.00
  HTTP requests:      305701033
  DNS queries:        81515133

[PROTOCOL-SPECIFIC COUNTERS - CIC-DDoS-2019 Features]
  NTP Amplification:
    Monlist queries:  0
    Responses:        0  (avg size: 0 bytes)
  DNS Amplification:
    ANY queries:      0
    TXT queries:      0
    Responses:        81515135  (avg size: 108 bytes)
  SNMP Amplification:
    GetBulk requests: 0
    Responses:        0  (avg size: 0 bytes)
  SSDP:
    M-SEARCH packets: 0
    Responses:        0
  PortMapper:
    GETPORT calls:    0
    DUMP calls:       0
  NetBIOS:
    Name queries:     0
    Datagram packets: 0
  LDAP:
    Bind requests:    0
    Search requests:  0
  MSSQL:
    SQLBatch packets: 0
    RPC packets:      0
  TFTP:
    RRQ (read) pkts:  0
    WRQ (write) pkts: 0

[ATTACK DETECTIONS - Cumulative Events]
  UDP flood events:   0
  UDP-lag events:     0
  SYN flood events:   0
  HTTP flood events:  0
  ICMP flood events:  0
  DNS amp events:     0
  NTP amp events:     0
  SNMP amp events:    0
  SSDP events:        0
  PortMap events:     0
  NetBIOS events:     0
  LDAP events:        0
  MSSQL events:       0
  TFTP events:        0
  ACK flood events:   0
  Frag attack events: 0
  Heavy-hitter events:0 (OctoSketch per-IP detection)
  Packet flood events:0
  (Note: Events count IPs exceeding thresholds per 50ms window)

[ALERT STATUS]
  Alert level:        [0mNONE[0m
  Reason:             None

[PERFORMANCE METRICS]
  Throughput:         3.67 Gbps (5.16 Mpps)
  Cycles available:   579 cycles/pkt (lower = higher load)
  Active IPs:         0
  Worker threads:     14 (lcores 1-14)

[DPDK NIC STATISTICS]
  RX packets (NIC):   815186258
  RX dropped (HW):    [0m0[0m (imissed)
  RX no mbufs:        [0m0[0m (buffer exhaustion)
  RX errors:          0
  Total drops:        [0m0 (0.00%)[0m
  RX burst calls:     28773497804 (98.4% empty)
  Processed pkts:     815188992 (100.0% of NIC RX)


╔═══════════════════════════════════════════════════════════════════════╗
║          MIRA DDoS DETECTOR - STATISTICS (MULTI-CORE)                ║
╚═══════════════════════════════════════════════════════════════════════╝

[PACKET COUNTERS - GLOBAL]
  Total packets:      856182272
  Baseline (10.10.2.x): 539844171 (63.1%)
  Attack (10.10.3.x): 0 (0.0%)
  TCP packets:        599337618
  UDP packets:        209222898
  ICMP packets:       47621756

[INSTANTANEOUS TRAFFIC - Last 5.0 seconds]
  Baseline (10.10.2.x): 25847118 pkts (100.0%)  2295355873 bytes  3.67 Gbps
  Attack (10.10.3.x): 0 pkts (0.0%)  0 bytes  0.00 Gbps
  Total throughput:   3.67 Gbps  (avg pkt: 89 bytes)

[CUMULATIVE TRAFFIC - Since first packet (104.5s)]
  Total received:     856182272 pkts (8.19 Mpps) | 8.13 Gbps | 106242610837 bytes

[ATTACK-SPECIFIC COUNTERS]
  SYN packets:        156970667
  SYN-ACK packets:    78485234
  SYN/ACK ratio:      2.00
  HTTP requests:      321069935
  DNS queries:        85614525

[PROTOCOL-SPECIFIC COUNTERS - CIC-DDoS-2019 Features]
  NTP Amplification:
    Monlist queries:  0
    Responses:        0  (avg size: 0 bytes)
  DNS Amplification:
    ANY queries:      0
    TXT queries:      0
    Responses:        85614516  (avg size: 108 bytes)
  SNMP Amplification:
    GetBulk requests: 0
    Responses:        0  (avg size: 0 bytes)
  SSDP:
    M-SEARCH packets: 0
    Responses:        0
  PortMapper:
    GETPORT calls:    0
    DUMP calls:       0
  NetBIOS:
    Name queries:     0
    Datagram packets: 0
  LDAP:
    Bind requests:    0
    Search requests:  0
  MSSQL:
    SQLBatch packets: 0
    RPC packets:      0
  TFTP:
    RRQ (read) pkts:  0
    WRQ (write) pkts: 0

[ATTACK DETECTIONS - Cumulative Events]
  UDP flood events:   0
  UDP-lag events:     0
  SYN flood events:   0
  HTTP flood events:  0
  ICMP flood events:  0
  DNS amp events:     0
  NTP amp events:     0
  SNMP amp events:    0
  SSDP events:        0
  PortMap events:     0
  NetBIOS events:     0
  LDAP events:        0
  MSSQL events:       0
  TFTP events:        0
  ACK flood events:   0
  Frag attack events: 0
  Heavy-hitter events:0 (OctoSketch per-IP detection)
  Packet flood events:0
  (Note: Events count IPs exceeding thresholds per 50ms window)

[ALERT STATUS]
  Alert level:        [0mNONE[0m
  Reason:             None

[PERFORMANCE METRICS]
  Throughput:         3.67 Gbps (5.16 Mpps)
  Cycles available:   579 cycles/pkt (lower = higher load)
  Active IPs:         0
  Worker threads:     14 (lcores 1-14)

[DPDK NIC STATISTICS]
  RX packets (NIC):   856179204
  RX dropped (HW):    [0m0[0m (imissed)
  RX no mbufs:        [0m0[0m (buffer exhaustion)
  RX errors:          0
  Total drops:        [0m0 (0.00%)[0m
  RX burst calls:     30003887697 (98.3% empty)
  Processed pkts:     856182272 (100.0% of NIC RX)


╔═══════════════════════════════════════════════════════════════════════╗
║          MIRA DDoS DETECTOR - STATISTICS (MULTI-CORE)                ║
╚═══════════════════════════════════════════════════════════════════════╝

[PACKET COUNTERS - GLOBAL]
  Total packets:      897233920
  Baseline (10.10.2.x): 565728878 (63.1%)
  Attack (10.10.3.x): 0 (0.0%)
  TCP packets:        628074924
  UDP packets:        219253854
  ICMP packets:       49905142

[INSTANTANEOUS TRAFFIC - Last 5.0 seconds]
  Baseline (10.10.2.x): 25884399 pkts (100.0%)  2298664693 bytes  3.67 Gbps
  Attack (10.10.3.x): 0 pkts (0.0%)  0 bytes  0.00 Gbps
  Total throughput:   3.67 Gbps  (avg pkt: 89 bytes)

[CUMULATIVE TRAFFIC - Since first packet (109.5s)]
  Total received:     897233920 pkts (8.19 Mpps) | 8.13 Gbps | 111336680186 bytes

[ATTACK-SPECIFIC COUNTERS]
  SYN packets:        164497284
  SYN-ACK packets:    82248543
  SYN/ACK ratio:      2.00
  HTTP requests:      336463888
  DNS queries:        89718902

[PROTOCOL-SPECIFIC COUNTERS - CIC-DDoS-2019 Features]
  NTP Amplification:
    Monlist queries:  0
    Responses:        0  (avg size: 0 bytes)
  DNS Amplification:
    ANY queries:      0
    TXT queries:      0
    Responses:        89718903  (avg size: 108 bytes)
  SNMP Amplification:
    GetBulk requests: 0
    Responses:        0  (avg size: 0 bytes)
  SSDP:
    M-SEARCH packets: 0
    Responses:        0
  PortMapper:
    GETPORT calls:    0
    DUMP calls:       0
  NetBIOS:
    Name queries:     0
    Datagram packets: 0
  LDAP:
    Bind requests:    0
    Search requests:  0
  MSSQL:
    SQLBatch packets: 0
    RPC packets:      0
  TFTP:
    RRQ (read) pkts:  0
    WRQ (write) pkts: 0

[ATTACK DETECTIONS - Cumulative Events]
  UDP flood events:   0
  UDP-lag events:     0
  SYN flood events:   0
  HTTP flood events:  0
  ICMP flood events:  0
  DNS amp events:     0
  NTP amp events:     0
  SNMP amp events:    0
  SSDP events:        0
  PortMap events:     0
  NetBIOS events:     0
  LDAP events:        0
  MSSQL events:       0
  TFTP events:        0
  ACK flood events:   0
  Frag attack events: 0
  Heavy-hitter events:0 (OctoSketch per-IP detection)
  Packet flood events:0
  (Note: Events count IPs exceeding thresholds per 50ms window)

[ALERT STATUS]
  Alert level:        [0mNONE[0m
  Reason:             None

[PERFORMANCE METRICS]
  Throughput:         3.67 Gbps (5.17 Mpps)
  Cycles available:   579 cycles/pkt (lower = higher load)
  Active IPs:         0
  Worker threads:     14 (lcores 1-14)

[DPDK NIC STATISTICS]
  RX packets (NIC):   897231364
  RX dropped (HW):    [0m0[0m (imissed)
  RX no mbufs:        [0m0[0m (buffer exhaustion)
  RX errors:          0
  Total drops:        [0m0 (0.00%)[0m
  RX burst calls:     31234997558 (98.3% empty)
  Processed pkts:     897233920 (100.0% of NIC RX)


╔═══════════════════════════════════════════════════════════════════════╗
║          MIRA DDoS DETECTOR - STATISTICS (MULTI-CORE)                ║
╚═══════════════════════════════════════════════════════════════════════╝

[PACKET COUNTERS - GLOBAL]
  Total packets:      938227208
  Baseline (10.10.2.x): 591576075 (63.1%)
  Attack (10.10.3.x): 0 (0.0%)
  TCP packets:        656769801
  UDP packets:        229273985
  ICMP packets:       52183422

[INSTANTANEOUS TRAFFIC - Last 5.0 seconds]
  Baseline (10.10.2.x): 25846862 pkts (100.0%)  2295176425 bytes  3.67 Gbps
  Attack (10.10.3.x): 0 pkts (0.0%)  0 bytes  0.00 Gbps
  Total throughput:   3.67 Gbps  (avg pkt: 89 bytes)

[CUMULATIVE TRAFFIC - Since first packet (114.5s)]
  Total received:     938227208 pkts (8.19 Mpps) | 8.13 Gbps | 116423376748 bytes

[ATTACK-SPECIFIC COUNTERS]
  SYN packets:        172012758
  SYN-ACK packets:    86006272
  SYN/ACK ratio:      2.00
  HTTP requests:      351835275
  DNS queries:        93819588

[PROTOCOL-SPECIFIC COUNTERS - CIC-DDoS-2019 Features]
  NTP Amplification:
    Monlist queries:  0
    Responses:        0  (avg size: 0 bytes)
  DNS Amplification:
    ANY queries:      0
    TXT queries:      0
    Responses:        93819592  (avg size: 108 bytes)
  SNMP Amplification:
    GetBulk requests: 0
    Responses:        0  (avg size: 0 bytes)
  SSDP:
    M-SEARCH packets: 0
    Responses:        0
  PortMapper:
    GETPORT calls:    0
    DUMP calls:       0
  NetBIOS:
    Name queries:     0
    Datagram packets: 0
  LDAP:
    Bind requests:    0
    Search requests:  0
  MSSQL:
    SQLBatch packets: 0
    RPC packets:      0
  TFTP:
    RRQ (read) pkts:  0
    WRQ (write) pkts: 0

[ATTACK DETECTIONS - Cumulative Events]
  UDP flood events:   0
  UDP-lag events:     0
  SYN flood events:   0
  HTTP flood events:  0
  ICMP flood events:  0
  DNS amp events:     0
  NTP amp events:     0
  SNMP amp events:    0
  SSDP events:        0
  PortMap events:     0
  NetBIOS events:     0
  LDAP events:        0
  MSSQL events:       0
  TFTP events:        0
  ACK flood events:   0
  Frag attack events: 0
  Heavy-hitter events:0 (OctoSketch per-IP detection)
  Packet flood events:0
  (Note: Events count IPs exceeding thresholds per 50ms window)

[ALERT STATUS]
  Alert level:        [0mNONE[0m
  Reason:             None

[PERFORMANCE METRICS]
  Throughput:         3.67 Gbps (5.16 Mpps)
  Cycles available:   579 cycles/pkt (lower = higher load)
  Active IPs:         0
  Worker threads:     14 (lcores 1-14)

[DPDK NIC STATISTICS]
  RX packets (NIC):   938224644
  RX dropped (HW):    [0m0[0m (imissed)
  RX no mbufs:        [0m0[0m (buffer exhaustion)
  RX errors:          0
  Total drops:        [0m0 (0.00%)[0m
  RX burst calls:     32465185668 (98.3% empty)
  Processed pkts:     938227208 (100.0% of NIC RX)


╔═══════════════════════════════════════════════════════════════════════╗
║          MIRA DDoS DETECTOR - STATISTICS (MULTI-CORE)                ║
╚═══════════════════════════════════════════════════════════════════════╝

[PACKET COUNTERS - GLOBAL]
  Total packets:      979285807
  Baseline (10.10.2.x): 617464283 (63.1%)
  Attack (10.10.3.x): 0 (0.0%)
  TCP packets:        685514767
  UDP packets:        239305721
  ICMP packets:       54465320

[INSTANTANEOUS TRAFFIC - Last 5.0 seconds]
  Baseline (10.10.2.x): 27760638 pkts (100.0%)  2298675860 bytes  3.67 Gbps
  Attack (10.10.3.x): 0 pkts (0.0%)  0 bytes  0.00 Gbps
  Total throughput:   3.67 Gbps  (avg pkt: 83 bytes)

[CUMULATIVE TRAFFIC - Since first packet (119.5s)]
  Total received:     979285807 pkts (8.19 Mpps) | 8.13 Gbps | 121518444389 bytes

[ATTACK-SPECIFIC COUNTERS]
  SYN packets:        179540979
  SYN-ACK packets:    89770384
  SYN/ACK ratio:      2.00
  HTTP requests:      367236207
  DNS queries:        97924567

[PROTOCOL-SPECIFIC COUNTERS - CIC-DDoS-2019 Features]
  NTP Amplification:
    Monlist queries:  0
    Responses:        0  (avg size: 0 bytes)
  DNS Amplification:
    ANY queries:      0
    TXT queries:      0
    Responses:        97924577  (avg size: 108 bytes)
  SNMP Amplification:
    GetBulk requests: 0
    Responses:        0  (avg size: 0 bytes)
  SSDP:
    M-SEARCH packets: 0
    Responses:        0
  PortMapper:
    GETPORT calls:    0
    DUMP calls:       0
  NetBIOS:
    Name queries:     0
    Datagram packets: 0
  LDAP:
    Bind requests:    0
    Search requests:  0
  MSSQL:
    SQLBatch packets: 0
    RPC packets:      0
  TFTP:
    RRQ (read) pkts:  0
    WRQ (write) pkts: 0

[ATTACK DETECTIONS - Cumulative Events]
  UDP flood events:   0
  UDP-lag events:     0
  SYN flood events:   0
  HTTP flood events:  0
  ICMP flood events:  0
  DNS amp events:     0
  NTP amp events:     0
  SNMP amp events:    0
  SSDP events:        0
  PortMap events:     0
  NetBIOS events:     0
  LDAP events:        0
  MSSQL events:       0
  TFTP events:        0
  ACK flood events:   0
  Frag attack events: 0
  Heavy-hitter events:0 (OctoSketch per-IP detection)
  Packet flood events:0
  (Note: Events count IPs exceeding thresholds per 50ms window)

[ALERT STATUS]
  Alert level:        [0mNONE[0m
  Reason:             None

[PERFORMANCE METRICS]
  Throughput:         3.67 Gbps (5.55 Mpps)
  Cycles available:   539 cycles/pkt (lower = higher load)
  Active IPs:         0
  Worker threads:     14 (lcores 1-14)

[DPDK NIC STATISTICS]
  RX packets (NIC):   979282948
  RX dropped (HW):    [0m0[0m (imissed)
  RX no mbufs:        [0m0[0m (buffer exhaustion)
  RX errors:          0
  Total drops:        [0m0 (0.00%)[0m
  RX burst calls:     33695763372 (98.3% empty)
  Processed pkts:     979285807 (100.0% of NIC RX)


╔═══════════════════════════════════════════════════════════════════════╗
║          MIRA DDoS DETECTOR - STATISTICS (MULTI-CORE)                ║
╚═══════════════════════════════════════════════════════════════════════╝

[PACKET COUNTERS - GLOBAL]
  Total packets:      1019926528
  Baseline (10.10.2.x): 641703262 (62.9%)
  Attack (10.10.3.x): 0 (0.0%)
  TCP packets:        702877898
  UDP packets:        260323104
  ICMP packets:       56725526

[INSTANTANEOUS TRAFFIC - Last 5.0 seconds]
  Baseline (10.10.2.x): 26085857 pkts (100.0%)  2231595746 bytes  3.56 Gbps
  Attack (10.10.3.x): 0 pkts (0.0%)  0 bytes  0.00 Gbps
  Total throughput:   3.56 Gbps  (avg pkt: 86 bytes)

[CUMULATIVE TRAFFIC - Since first packet (124.6s)]
  Total received:     1019926528 pkts (8.19 Mpps) | 8.10 Gbps | 126128398268 bytes

[ATTACK-SPECIFIC COUNTERS]
  SYN packets:        184220304
  SYN-ACK packets:    92110041
  SYN/ACK ratio:      2.00
  HTTP requests:      375549327
  DNS queries:        107531317

[PROTOCOL-SPECIFIC COUNTERS - CIC-DDoS-2019 Features]
  NTP Amplification:
    Monlist queries:  0
    Responses:        0  (avg size: 0 bytes)
  DNS Amplification:
    ANY queries:      0
    TXT queries:      0
    Responses:        107531316  (avg size: 108 bytes)
  SNMP Amplification:
    GetBulk requests: 0
    Responses:        0  (avg size: 0 bytes)
  SSDP:
    M-SEARCH packets: 0
    Responses:        0
  PortMapper:
    GETPORT calls:    0
    DUMP calls:       0
  NetBIOS:
    Name queries:     0
    Datagram packets: 0
  LDAP:
    Bind requests:    0
    Search requests:  0
  MSSQL:
    SQLBatch packets: 0
    RPC packets:      0
  TFTP:
    RRQ (read) pkts:  0
    WRQ (write) pkts: 0

[ATTACK DETECTIONS - Cumulative Events]
  UDP flood events:   0
  UDP-lag events:     0
  SYN flood events:   0
  HTTP flood events:  0
  ICMP flood events:  0
  DNS amp events:     0
  NTP amp events:     0
  SNMP amp events:    0
  SSDP events:        0
  PortMap events:     0
  NetBIOS events:     0
  LDAP events:        0
  MSSQL events:       0
  TFTP events:        0
  ACK flood events:   0
  Frag attack events: 0
  Heavy-hitter events:0 (OctoSketch per-IP detection)
  Packet flood events:0
  (Note: Events count IPs exceeding thresholds per 50ms window)

[ALERT STATUS]
  Alert level:        [0mNONE[0m
  Reason:             None

[PERFORMANCE METRICS]
  Throughput:         3.56 Gbps (5.21 Mpps)
  Cycles available:   574 cycles/pkt (lower = higher load)
  Active IPs:         0
  Worker threads:     14 (lcores 1-14)

[DPDK NIC STATISTICS]
  RX packets (NIC):   1019923460
  RX dropped (HW):    [0m0[0m (imissed)
  RX no mbufs:        [0m0[0m (buffer exhaustion)
  RX errors:          0
  Total drops:        [0m0 (0.00%)[0m
  RX burst calls:     34937734970 (98.3% empty)
  Processed pkts:     1019926528 (100.0% of NIC RX)


╔═══════════════════════════════════════════════════════════════════════╗
║          MIRA DDoS DETECTOR - STATISTICS (MULTI-CORE)                ║
╚═══════════════════════════════════════════════════════════════════════╝

[PACKET COUNTERS - GLOBAL]
  Total packets:      1060511239
  Baseline (10.10.2.x): 665769759 (62.8%)
  Attack (10.10.3.x): 0 (0.0%)
  TCP packets:        719108200
  UDP packets:        282420394
  ICMP packets:       58982645

[INSTANTANEOUS TRAFFIC - Last 5.0 seconds]
  Baseline (10.10.2.x): 24066196 pkts (100.0%)  2223907827 bytes  3.55 Gbps
  Attack (10.10.3.x): 0 pkts (0.0%)  0 bytes  0.00 Gbps
  Total throughput:   3.55 Gbps  (avg pkt: 92 bytes)

[CUMULATIVE TRAFFIC - Since first packet (129.6s)]
  Total received:     1060511239 pkts (8.19 Mpps) | 8.07 Gbps | 130688425006 bytes

[ATTACK-SPECIFIC COUNTERS]
  SYN packets:        188616083
  SYN-ACK packets:    94307926
  SYN/ACK ratio:      2.00
  HTTP requests:      383156899
  DNS queries:        117680073

[PROTOCOL-SPECIFIC COUNTERS - CIC-DDoS-2019 Features]
  NTP Amplification:
    Monlist queries:  0
    Responses:        0  (avg size: 0 bytes)
  DNS Amplification:
    ANY queries:      0
    TXT queries:      0
    Responses:        117680076  (avg size: 108 bytes)
  SNMP Amplification:
    GetBulk requests: 0
    Responses:        0  (avg size: 0 bytes)
  SSDP:
    M-SEARCH packets: 0
    Responses:        0
  PortMapper:
    GETPORT calls:    0
    DUMP calls:       0
  NetBIOS:
    Name queries:     0
    Datagram packets: 0
  LDAP:
    Bind requests:    0
    Search requests:  0
  MSSQL:
    SQLBatch packets: 0
    RPC packets:      0
  TFTP:
    RRQ (read) pkts:  0
    WRQ (write) pkts: 0

[ATTACK DETECTIONS - Cumulative Events]
  UDP flood events:   0
  UDP-lag events:     0
  SYN flood events:   0
  HTTP flood events:  0
  ICMP flood events:  0
  DNS amp events:     0
  NTP amp events:     0
  SNMP amp events:    0
  SSDP events:        0
  PortMap events:     0
  NetBIOS events:     0
  LDAP events:        0
  MSSQL events:       0
  TFTP events:        0
  ACK flood events:   0
  Frag attack events: 0
  Heavy-hitter events:0 (OctoSketch per-IP detection)
  Packet flood events:0
  (Note: Events count IPs exceeding thresholds per 50ms window)

[ALERT STATUS]
  Alert level:        [0mNONE[0m
  Reason:             None

[PERFORMANCE METRICS]
  Throughput:         3.55 Gbps (4.81 Mpps)
  Cycles available:   622 cycles/pkt (lower = higher load)
  Active IPs:         0
  Worker threads:     14 (lcores 1-14)

[DPDK NIC STATISTICS]
  RX packets (NIC):   1060508328
  RX dropped (HW):    [0m0[0m (imissed)
  RX no mbufs:        [0m0[0m (buffer exhaustion)
  RX errors:          0
  Total drops:        [0m0 (0.00%)[0m
  RX burst calls:     36181667897 (98.3% empty)
  Processed pkts:     1060511239 (100.0% of NIC RX)


╔═══════════════════════════════════════════════════════════════════════╗
║          MIRA DDoS DETECTOR - STATISTICS (MULTI-CORE)                ║
╚═══════════════════════════════════════════════════════════════════════╝

[PACKET COUNTERS - GLOBAL]
  Total packets:      1106353308
  Baseline (10.10.2.x): 689849838 (62.4%)
  Attack (10.10.3.x): 5235356 (0.5%)
  TCP packets:        735352255
  UDP packets:        309758168
  ICMP packets:       61242885

[INSTANTANEOUS TRAFFIC - Last 5.0 seconds]
  Baseline (10.10.2.x): 25797486 pkts (83.1%)  2225116162 bytes  3.56 Gbps
  Attack (10.10.3.x): 5235356 pkts (16.9%)  424063836 bytes  0.68 Gbps
  Total throughput:   4.23 Gbps  (avg pkt: 85 bytes)

[CUMULATIVE TRAFFIC - Since first packet (134.6s)]
  Total received:     1106353308 pkts (8.22 Mpps) | 8.07 Gbps | 135675220297 bytes

[ATTACK-SPECIFIC COUNTERS]
  SYN packets:        193015358
  SYN-ACK packets:    96507578
  SYN/ACK ratio:      2.00
  HTTP requests:      390772499
  DNS queries:        127830715

[PROTOCOL-SPECIFIC COUNTERS - CIC-DDoS-2019 Features]
  NTP Amplification:
    Monlist queries:  0
    Responses:        0  (avg size: 0 bytes)
  DNS Amplification:
    ANY queries:      0
    TXT queries:      0
    Responses:        127830697  (avg size: 108 bytes)
  SNMP Amplification:
    GetBulk requests: 0
    Responses:        0  (avg size: 0 bytes)
  SSDP:
    M-SEARCH packets: 0
    Responses:        89
  PortMapper:
    GETPORT calls:    0
    DUMP calls:       0
  NetBIOS:
    Name queries:     0
    Datagram packets: 0
  LDAP:
    Bind requests:    0
    Search requests:  5235267
  MSSQL:
    SQLBatch packets: 0
    RPC packets:      0
  TFTP:
    RRQ (read) pkts:  0
    WRQ (write) pkts: 0

[ATTACK DETECTIONS - Cumulative Events]
  UDP flood events:   0
  UDP-lag events:     0
  SYN flood events:   0
  HTTP flood events:  0
  ICMP flood events:  0
  DNS amp events:     0
  NTP amp events:     0
  SNMP amp events:    0
  SSDP events:        0
  PortMap events:     0
  NetBIOS events:     0
  LDAP events:        0
  MSSQL events:       0
  TFTP events:        0
  ACK flood events:   0
  Frag attack events: 0
  Heavy-hitter events:23 (OctoSketch per-IP detection)
  Packet flood events:0
  (Note: Events count IPs exceeding thresholds per 50ms window)

[ALERT STATUS]
  Alert level:        [1;31mHIGH[0m
  Reason:             [1;31mHEAVY-HITTER: 10.10.3.138 @ 6869 pps | TREND: attack rising (+584704/250ms) | [0m

[PERFORMANCE METRICS]
  Throughput:         4.23 Gbps (6.20 Mpps)
  Cycles available:   482 cycles/pkt (lower = higher load)
  Active IPs:         0
  Worker threads:     14 (lcores 1-14)

[DPDK NIC STATISTICS]
  RX packets (NIC):   1106349771
  RX dropped (HW):    [0m0[0m (imissed)
  RX no mbufs:        [0m0[0m (buffer exhaustion)
  RX errors:          0
  Total drops:        [0m0 (0.00%)[0m
  RX burst calls:     37338420338 (98.3% empty)
  Processed pkts:     1106353308 (100.0% of NIC RX)


╔═══════════════════════════════════════════════════════════════════════╗
║          MIRA DDoS DETECTOR - STATISTICS (MULTI-CORE)                ║
╚═══════════════════════════════════════════════════════════════════════╝

[PACKET COUNTERS - GLOBAL]
  Total packets:      1157785961
  Baseline (10.10.2.x): 713936640 (61.7%)
  Attack (10.10.3.x): 16053660 (1.4%)
  TCP packets:        751600456
  UDP packets:        342683622
  ICMP packets:       63501883

[INSTANTANEOUS TRAFFIC - Last 5.0 seconds]
  Baseline (10.10.2.x): 24086521 pkts (68.3%)  2226275688 bytes  3.56 Gbps
  Attack (10.10.3.x): 11196692 pkts (31.7%)  876264561 bytes  1.40 Gbps
  Total throughput:   4.96 Gbps  (avg pkt: 88 bytes)

[CUMULATIVE TRAFFIC - Since first packet (139.6s)]
  Total received:     1157785961 pkts (8.30 Mpps) | 8.09 Gbps | 141115545676 bytes

[ATTACK-SPECIFIC COUNTERS]
  SYN packets:        197415967
  SYN-ACK packets:    98707879
  SYN/ACK ratio:      2.00
  HTTP requests:      398388613
  DNS queries:        137982051

[PROTOCOL-SPECIFIC COUNTERS - CIC-DDoS-2019 Features]
  NTP Amplification:
    Monlist queries:  0
    Responses:        0  (avg size: 0 bytes)
  DNS Amplification:
    ANY queries:      0
    TXT queries:      0
    Responses:        137982024  (avg size: 108 bytes)
  SNMP Amplification:
    GetBulk requests: 0
    Responses:        0  (avg size: 0 bytes)
  SSDP:
    M-SEARCH packets: 0
    Responses:        270
  PortMapper:
    GETPORT calls:    0
    DUMP calls:       0
  NetBIOS:
    Name queries:     0
    Datagram packets: 0
  LDAP:
    Bind requests:    0
    Search requests:  16053390
  MSSQL:
    SQLBatch packets: 0
    RPC packets:      0
  TFTP:
    RRQ (read) pkts:  0
    WRQ (write) pkts: 0

[ATTACK DETECTIONS - Cumulative Events]
  UDP flood events:   0
  UDP-lag events:     0
  SYN flood events:   0
  HTTP flood events:  0
  ICMP flood events:  0
  DNS amp events:     0
  NTP amp events:     0
  SNMP amp events:    0
  SSDP events:        0
  PortMap events:     0
  NetBIOS events:     0
  LDAP events:        74
  MSSQL events:       0
  TFTP events:        0
  ACK flood events:   0
  Frag attack events: 0
  Heavy-hitter events:114 (OctoSketch per-IP detection)
  Packet flood events:0
  (Note: Events count IPs exceeding thresholds per 50ms window)

[ALERT STATUS]
  Alert level:        [1;31mHIGH[0m
  Reason:             [1;31mLDAP detected: 2160686 pps | HEAVY-HITTER: 10.10.3.78 @ 11582 pps | TREND: attack rising (+584192/250ms) | [0m

[MULTI-LF (2025) COMPARISON]
=== Detection Performance vs ML-Based System ===

  First Detection Latency:   3425.89 ms (vs MULTI-LF: 866 ms)
    Improvement:             0.3× faster

  Packets until detection:   1106353308
  Bytes until detection:     135675220297 (129389.97 MB)

[OCTOSKETCH METRICS - Optimized Architecture]
=== Per-Worker Sketches + Sampling (1/32 packets) ===

  Architecture:              Per-worker (NO atomics, NO contention)
  Total sketch memory:       8961 KB (14 workers × 640.1 KB)
  Sampling rate:             1 in 32 packets (3.1% overhead)
  Attack traffic sampled:    8754752 updates
  Estimated attack packets:  280152064 (×32 sampling factor)
  Sketch overhead:           ~1.56% of fast-path cycles
  Memory efficiency:         O(1) constant, 640.1 KB per worker

[OCTOSKETCH HEAVY-HITTER DETECTION]
=== Top Attackers (per-IP tracking via Count-Min Sketch) ===

  Heavy-hitter threshold:    5000 pps per IP
  Heavy-hitters detected:    5 IPs exceeding threshold
  Total HH detections:       114 events

  Top 5 Attackers (estimated counts, ×32 sampling):
    #1: 10.10.3.78 - 46976 pkts (9382 pps) [HEAVY-HITTER]
    #2: 10.10.3.44 - 46656 pkts (9318 pps) [HEAVY-HITTER]
    #3: 10.10.3.197 - 46176 pkts (9223 pps) [HEAVY-HITTER]
    #4: 10.10.3.26 - 46144 pkts (9216 pps) [HEAVY-HITTER]
    #5: 10.10.3.51 - 45952 pkts (9178 pps) [HEAVY-HITTER]

[RING BUFFER + MULTI-SCALE FEATURES]
=== Temporal Analysis (last 100 windows = 5.0 sec) ===

  Windows processed:         2799
  Buffer utilization:        100/100 (100.0%)
  Running baseline (ML):     5609384 pps (for ML features only)
  Detection mode:            FIXED THRESHOLDS

  [Temporal Features - Last Window]
    Delta PPS (250ms):       +584192
    Delta PPS (500ms):       +1168640
    PPS Variance:            454399852544
    Ratio vs Baseline:       1.98x

  [Multi-Scale Features]
    Top IP (50ms):           205 pps
    Top IP (1s):             12960 pps
    Top IP (1min):           1406 pps
    Burst Ratio (50ms/1min): 0.15x
    IP Concentration:        0.7%

[MULTIPLE DETECTION STATISTICS]
=== Aggregate Detection Analysis ===

  Total detection events:    74
  Average detection latency: 99.69 ms
  Min detection latency:     54.04 ms
  Max detection latency:     3425.89 ms
  Latency range:             3371.85 ms

  Detection Latency Histogram:
    < 20 ms:  0 detections (0.0%)
    20-30 ms: 0 detections (0.0%)
    30-40 ms: 0 detections (0.0%)
    40-50 ms: 0 detections (0.0%)
    > 50 ms:  73 detections (98.6%)

[PERFORMANCE METRICS]
  Throughput:         4.96 Gbps (7.05 Mpps)
  Cycles available:   424 cycles/pkt (lower = higher load)
  Active IPs:         0
  Worker threads:     14 (lcores 1-14)

[DPDK NIC STATISTICS]
  RX packets (NIC):   1157782177
  RX dropped (HW):    [0m0[0m (imissed)
  RX no mbufs:        [0m0[0m (buffer exhaustion)
  RX errors:          0
  Total drops:        [0m0 (0.00%)[0m
  RX burst calls:     38403431962 (98.3% empty)
  Processed pkts:     1157785961 (100.0% of NIC RX)


╔═══════════════════════════════════════════════════════════════════════╗
║          MIRA DDoS DETECTOR - STATISTICS (MULTI-CORE)                ║
╚═══════════════════════════════════════════════════════════════════════╝

[PACKET COUNTERS - GLOBAL]
  Total packets:      1209201614
  Baseline (10.10.2.x): 738018238 (61.0%)
  Attack (10.10.3.x): 26862172 (2.2%)
  TCP packets:        767842395
  UDP packets:        375598692
  ICMP packets:       65760527

[INSTANTANEOUS TRAFFIC - Last 5.0 seconds]
  Baseline (10.10.2.x): 24081283 pkts (69.0%)  2225719900 bytes  3.56 Gbps
  Attack (10.10.3.x): 10808262 pkts (31.0%)  875470275 bytes  1.40 Gbps
  Total throughput:   4.96 Gbps  (avg pkt: 89 bytes)

[CUMULATIVE TRAFFIC - Since first packet (144.6s)]
  Total received:     1209201614 pkts (8.36 Mpps) | 8.11 Gbps | 146554028892 bytes

[ATTACK-SPECIFIC COUNTERS]
  SYN packets:        201814864
  SYN-ACK packets:    100907324
  SYN/ACK ratio:      2.00
  HTTP requests:      406001947
  DNS queries:        148133489

[PROTOCOL-SPECIFIC COUNTERS - CIC-DDoS-2019 Features]
  NTP Amplification:
    Monlist queries:  0
    Responses:        0  (avg size: 0 bytes)
  DNS Amplification:
    ANY queries:      0
    TXT queries:      0
    Responses:        148133465  (avg size: 108 bytes)
  SNMP Amplification:
    GetBulk requests: 0
    Responses:        0  (avg size: 0 bytes)
  SSDP:
    M-SEARCH packets: 0
    Responses:        453
  PortMapper:
    GETPORT calls:    0
    DUMP calls:       0
  NetBIOS:
    Name queries:     0
    Datagram packets: 0
  LDAP:
    Bind requests:    0
    Search requests:  26861719
  MSSQL:
    SQLBatch packets: 0
    RPC packets:      0
  TFTP:
    RRQ (read) pkts:  0
    WRQ (write) pkts: 0

[ATTACK DETECTIONS - Cumulative Events]
  UDP flood events:   0
  UDP-lag events:     0
  SYN flood events:   0
  HTTP flood events:  0
  ICMP flood events:  0
  DNS amp events:     0
  NTP amp events:     0
  SNMP amp events:    0
  SSDP events:        0
  PortMap events:     0
  NetBIOS events:     0
  LDAP events:        166
  MSSQL events:       0
  TFTP events:        0
  ACK flood events:   0
  Frag attack events: 0
  Heavy-hitter events:206 (OctoSketch per-IP detection)
  Packet flood events:0
  (Note: Events count IPs exceeding thresholds per 50ms window)

[ALERT STATUS]
  Alert level:        [1;31mHIGH[0m
  Reason:             [1;31mLDAP detected: 2160700 pps | HEAVY-HITTER: 10.10.3.14 @ 11643 pps | TREND: attack rising (+584342/250ms) | [0m

[MULTI-LF (2025) COMPARISON]
=== Detection Performance vs ML-Based System ===

  First Detection Latency:   3425.89 ms (vs MULTI-LF: 866 ms)
    Improvement:             0.3× faster

  Packets until detection:   1106353308
  Bytes until detection:     135675220297 (129389.97 MB)

[OCTOSKETCH METRICS - Optimized Architecture]
=== Per-Worker Sketches + Sampling (1/32 packets) ===

  Architecture:              Per-worker (NO atomics, NO contention)
  Total sketch memory:       8961 KB (14 workers × 640.1 KB)
  Sampling rate:             1 in 32 packets (3.1% overhead)
  Attack traffic sampled:    8756128 updates
  Estimated attack packets:  280196096 (×32 sampling factor)
  Sketch overhead:           ~1.56% of fast-path cycles
  Memory efficiency:         O(1) constant, 640.1 KB per worker

[OCTOSKETCH HEAVY-HITTER DETECTION]
=== Top Attackers (per-IP tracking via Count-Min Sketch) ===

  Heavy-hitter threshold:    5000 pps per IP
  Heavy-hitters detected:    5 IPs exceeding threshold
  Total HH detections:       206 events

  Top 5 Attackers (estimated counts, ×32 sampling):
    #1: 10.10.3.14 - 47232 pkts (9442 pps) [HEAVY-HITTER]
    #2: 10.10.3.183 - 46912 pkts (9378 pps) [HEAVY-HITTER]
    #3: 10.10.3.85 - 46720 pkts (9340 pps) [HEAVY-HITTER]
    #4: 10.10.3.115 - 46624 pkts (9321 pps) [HEAVY-HITTER]
    #5: 10.10.3.106 - 46304 pkts (9257 pps) [HEAVY-HITTER]

[RING BUFFER + MULTI-SCALE FEATURES]
=== Temporal Analysis (last 100 windows = 5.0 sec) ===

  Windows processed:         2891
  Buffer utilization:        100/100 (100.0%)
  Running baseline (ML):     5747284 pps (for ML features only)
  Detection mode:            FIXED THRESHOLDS

  [Temporal Features - Last Window]
    Delta PPS (250ms):       +584342
    Delta PPS (500ms):       +1168640
    PPS Variance:            454942588928
    Ratio vs Baseline:       1.88x

  [Multi-Scale Features]
    Top IP (50ms):           221 pps
    Top IP (1s):             7904 pps
    Top IP (1min):           2324 pps
    Burst Ratio (50ms/1min): 0.10x
    IP Concentration:        0.8%

[MULTIPLE DETECTION STATISTICS]
=== Aggregate Detection Analysis ===

  Total detection events:    166
  Average detection latency: 74.75 ms
  Min detection latency:     54.03 ms
  Max detection latency:     3425.89 ms
  Latency range:             3371.86 ms

  Detection Latency Histogram:
    < 20 ms:  0 detections (0.0%)
    20-30 ms: 0 detections (0.0%)
    30-40 ms: 0 detections (0.0%)
    40-50 ms: 0 detections (0.0%)
    > 50 ms:  165 detections (99.4%)

[PERFORMANCE METRICS]
  Throughput:         4.96 Gbps (6.97 Mpps)
  Cycles available:   429 cycles/pkt (lower = higher load)
  Active IPs:         0
  Worker threads:     14 (lcores 1-14)

[DPDK NIC STATISTICS]
  RX packets (NIC):   1209197985
  RX dropped (HW):    [0m0[0m (imissed)
  RX no mbufs:        [0m0[0m (buffer exhaustion)
  RX errors:          0
  Total drops:        [0m0 (0.00%)[0m
  RX burst calls:     39466907484 (98.2% empty)
  Processed pkts:     1209201614 (100.0% of NIC RX)


╔═══════════════════════════════════════════════════════════════════════╗
║          MIRA DDoS DETECTOR - STATISTICS (MULTI-CORE)                ║
╚═══════════════════════════════════════════════════════════════════════╝

[PACKET COUNTERS - GLOBAL]
  Total packets:      1260639054
  Baseline (10.10.2.x): 762105891 (60.5%)
  Attack (10.10.3.x): 37681308 (3.0%)
  TCP packets:        784088458
  UDP packets:        408531178
  ICMP packets:       68019418

[INSTANTANEOUS TRAFFIC - Last 5.0 seconds]
  Baseline (10.10.2.x): 25821145 pkts (67.6%)  2226006976 bytes  3.56 Gbps
  Attack (10.10.3.x): 12380455 pkts (32.4%)  876344265 bytes  1.40 Gbps
  Total throughput:   4.96 Gbps  (avg pkt: 81 bytes)

[CUMULATIVE TRAFFIC - Since first packet (149.6s)]
  Total received:     1260639054 pkts (8.43 Mpps) | 8.13 Gbps | 151994278563 bytes

[ATTACK-SPECIFIC COUNTERS]
  SYN packets:        206215056
  SYN-ACK packets:    103107423
  SYN/ACK ratio:      2.00
  HTTP requests:      413615788
  DNS queries:        158289072

[PROTOCOL-SPECIFIC COUNTERS - CIC-DDoS-2019 Features]
  NTP Amplification:
    Monlist queries:  0
    Responses:        0  (avg size: 0 bytes)
  DNS Amplification:
    ANY queries:      0
    TXT queries:      0
    Responses:        158289051  (avg size: 108 bytes)
  SNMP Amplification:
    GetBulk requests: 0
    Responses:        0  (avg size: 0 bytes)
  SSDP:
    M-SEARCH packets: 0
    Responses:        625
  PortMapper:
    GETPORT calls:    0
    DUMP calls:       0
  NetBIOS:
    Name queries:     0
    Datagram packets: 0
  LDAP:
    Bind requests:    0
    Search requests:  37680683
  MSSQL:
    SQLBatch packets: 0
    RPC packets:      0
  TFTP:
    RRQ (read) pkts:  0
    WRQ (write) pkts: 0

[ATTACK DETECTIONS - Cumulative Events]
  UDP flood events:   0
  UDP-lag events:     0
  SYN flood events:   0
  HTTP flood events:  0
  ICMP flood events:  0
  DNS amp events:     0
  NTP amp events:     0
  SNMP amp events:    0
  SSDP events:        0
  PortMap events:     0
  NetBIOS events:     0
  LDAP events:        257
  MSSQL events:       0
  TFTP events:        0
  ACK flood events:   0
  Frag attack events: 0
  Heavy-hitter events:297 (OctoSketch per-IP detection)
  Packet flood events:0
  (Note: Events count IPs exceeding thresholds per 50ms window)

[ALERT STATUS]
  Alert level:        [1;31mHIGH[0m
  Reason:             [1;31mLDAP detected: 2160694 pps | HEAVY-HITTER: 10.10.3.98 @ 11465 pps | TREND: attack rising (+585984/250ms) | [0m

[MULTI-LF (2025) COMPARISON]
=== Detection Performance vs ML-Based System ===

  First Detection Latency:   3425.89 ms (vs MULTI-LF: 866 ms)
    Improvement:             0.3× faster

  Packets until detection:   1106353308
  Bytes until detection:     135675220297 (129389.97 MB)

[OCTOSKETCH METRICS - Optimized Architecture]
=== Per-Worker Sketches + Sampling (1/32 packets) ===

  Architecture:              Per-worker (NO atomics, NO contention)
  Total sketch memory:       8961 KB (14 workers × 640.1 KB)
  Sampling rate:             1 in 32 packets (3.1% overhead)
  Attack traffic sampled:    8639392 updates
  Estimated attack packets:  276460544 (×32 sampling factor)
  Sketch overhead:           ~1.56% of fast-path cycles
  Memory efficiency:         O(1) constant, 640.1 KB per worker

[OCTOSKETCH HEAVY-HITTER DETECTION]
=== Top Attackers (per-IP tracking via Count-Min Sketch) ===

  Heavy-hitter threshold:    5000 pps per IP
  Heavy-hitters detected:    5 IPs exceeding threshold
  Total HH detections:       297 events

  Top 5 Attackers (estimated counts, ×32 sampling):
    #1: 10.10.3.98 - 45888 pkts (9164 pps) [HEAVY-HITTER]
    #2: 10.10.3.169 - 45696 pkts (9126 pps) [HEAVY-HITTER]
    #3: 10.10.3.182 - 45664 pkts (9120 pps) [HEAVY-HITTER]
    #4: 10.10.3.0 - 45600 pkts (9107 pps) [HEAVY-HITTER]
    #5: 10.10.3.89 - 45504 pkts (9088 pps) [HEAVY-HITTER]

[RING BUFFER + MULTI-SCALE FEATURES]
=== Temporal Analysis (last 100 windows = 5.0 sec) ===

  Windows processed:         2982
  Buffer utilization:        100/100 (100.0%)
  Running baseline (ML):     7174265 pps (for ML features only)
  Detection mode:            FIXED THRESHOLDS

  [Temporal Features - Last Window]
    Delta PPS (250ms):       +585984
    Delta PPS (500ms):       +1170176
    PPS Variance:            454040158208
    Ratio vs Baseline:       1.71x

  [Multi-Scale Features]
    Top IP (50ms):           256 pps
    Top IP (1s):             1728 pps
    Top IP (1min):           3247 pps
    Burst Ratio (50ms/1min): 0.08x
    IP Concentration:        0.9%

[MULTIPLE DETECTION STATISTICS]
=== Aggregate Detection Analysis ===

  Total detection events:    257
  Average detection latency: 67.65 ms
  Min detection latency:     54.03 ms
  Max detection latency:     3425.89 ms
  Latency range:             3371.86 ms

  Detection Latency Histogram:
    < 20 ms:  0 detections (0.0%)
    20-30 ms: 0 detections (0.0%)
    30-40 ms: 0 detections (0.0%)
    40-50 ms: 0 detections (0.0%)
    > 50 ms:  256 detections (99.6%)

[PERFORMANCE METRICS]
  Throughput:         4.96 Gbps (7.63 Mpps)
  Cycles available:   392 cycles/pkt (lower = higher load)
  Active IPs:         0
  Worker threads:     14 (lcores 1-14)

[DPDK NIC STATISTICS]
  RX packets (NIC):   1260635553
  RX dropped (HW):    [0m0[0m (imissed)
  RX no mbufs:        [0m0[0m (buffer exhaustion)
  RX errors:          0
  Total drops:        [0m0 (0.00%)[0m
  RX burst calls:     40531934007 (98.2% empty)
  Processed pkts:     1260639054 (100.0% of NIC RX)


╔═══════════════════════════════════════════════════════════════════════╗
║          MIRA DDoS DETECTOR - STATISTICS (MULTI-CORE)                ║
╚═══════════════════════════════════════════════════════════════════════╝

[PACKET COUNTERS - GLOBAL]
  Total packets:      1312019699
  Baseline (10.10.2.x): 786166395 (59.9%)
  Attack (10.10.3.x): 48487155 (3.7%)
  TCP packets:        800315040
  UDP packets:        441426831
  ICMP packets:       70277828

[INSTANTANEOUS TRAFFIC - Last 5.0 seconds]
  Baseline (10.10.2.x): 27495308 pkts (70.4%)  2223318711 bytes  3.56 Gbps
  Attack (10.10.3.x): 11587781 pkts (29.6%)  875263887 bytes  1.40 Gbps
  Total throughput:   4.96 Gbps  (avg pkt: 79 bytes)

[CUMULATIVE TRAFFIC - Since first packet (154.6s)]
  Total received:     1312019699 pkts (8.49 Mpps) | 8.15 Gbps | 157428540045 bytes

[ATTACK-SPECIFIC COUNTERS]
  SYN packets:        210609712
  SYN-ACK packets:    105304747
  SYN/ACK ratio:      2.00
  HTTP requests:      421222589
  DNS queries:        168434110

[PROTOCOL-SPECIFIC COUNTERS - CIC-DDoS-2019 Features]
  NTP Amplification:
    Monlist queries:  0
    Responses:        0  (avg size: 0 bytes)
  DNS Amplification:
    ANY queries:      0
    TXT queries:      0
    Responses:        168434095  (avg size: 108 bytes)
  SNMP Amplification:
    GetBulk requests: 0
    Responses:        0  (avg size: 0 bytes)
  SSDP:
    M-SEARCH packets: 0
    Responses:        803
  PortMapper:
    GETPORT calls:    0
    DUMP calls:       0
  NetBIOS:
    Name queries:     0
    Datagram packets: 0
  LDAP:
    Bind requests:    0
    Search requests:  48486352
  MSSQL:
    SQLBatch packets: 0
    RPC packets:      0
  TFTP:
    RRQ (read) pkts:  0
    WRQ (write) pkts: 0

[ATTACK DETECTIONS - Cumulative Events]
  UDP flood events:   0
  UDP-lag events:     0
  SYN flood events:   0
  HTTP flood events:  0
  ICMP flood events:  0
  DNS amp events:     0
  NTP amp events:     0
  SNMP amp events:    0
  SSDP events:        0
  PortMap events:     0
  NetBIOS events:     0
  LDAP events:        349
  MSSQL events:       0
  TFTP events:        0
  ACK flood events:   0
  Frag attack events: 0
  Heavy-hitter events:389 (OctoSketch per-IP detection)
  Packet flood events:0
  (Note: Events count IPs exceeding thresholds per 50ms window)

[ALERT STATUS]
  Alert level:        [1;31mHIGH[0m
  Reason:             [1;31mLDAP detected: 2160717 pps | HEAVY-HITTER: 10.10.3.38 @ 11579 pps | TREND: attack rising (+584447/250ms) | [0m

[MULTI-LF (2025) COMPARISON]
=== Detection Performance vs ML-Based System ===

  First Detection Latency:   3425.89 ms (vs MULTI-LF: 866 ms)
    Improvement:             0.3× faster

  Packets until detection:   1106353308
  Bytes until detection:     135675220297 (129389.97 MB)

[OCTOSKETCH METRICS - Optimized Architecture]
=== Per-Worker Sketches + Sampling (1/32 packets) ===

  Architecture:              Per-worker (NO atomics, NO contention)
  Total sketch memory:       8961 KB (14 workers × 640.1 KB)
  Sampling rate:             1 in 32 packets (3.1% overhead)
  Attack traffic sampled:    8637152 updates
  Estimated attack packets:  276388864 (×32 sampling factor)
  Sketch overhead:           ~1.56% of fast-path cycles
  Memory efficiency:         O(1) constant, 640.1 KB per worker

[OCTOSKETCH HEAVY-HITTER DETECTION]
=== Top Attackers (per-IP tracking via Count-Min Sketch) ===

  Heavy-hitter threshold:    5000 pps per IP
  Heavy-hitters detected:    5 IPs exceeding threshold
  Total HH detections:       389 events

  Top 5 Attackers (estimated counts, ×32 sampling):
    #1: 10.10.3.38 - 46336 pkts (9265 pps) [HEAVY-HITTER]
    #2: 10.10.3.56 - 45856 pkts (9169 pps) [HEAVY-HITTER]
    #3: 10.10.3.146 - 45728 pkts (9144 pps) [HEAVY-HITTER]
    #4: 10.10.3.169 - 45376 pkts (9073 pps) [HEAVY-HITTER]
    #5: 10.10.3.63 - 45280 pkts (9054 pps) [HEAVY-HITTER]

[RING BUFFER + MULTI-SCALE FEATURES]
=== Temporal Analysis (last 100 windows = 5.0 sec) ===

  Windows processed:         3074
  Buffer utilization:        100/100 (100.0%)
  Running baseline (ML):     6550294 pps (for ML features only)
  Detection mode:            FIXED THRESHOLDS

  [Temporal Features - Last Window]
    Delta PPS (250ms):       +584447
    Delta PPS (500ms):       +1168896
    PPS Variance:            454860931072
    Ratio vs Baseline:       1.76x

  [Multi-Scale Features]
    Top IP (50ms):           232 pps
    Top IP (1s):             9600 pps
    Top IP (1min):           4206 pps
    Burst Ratio (50ms/1min): 0.06x
    IP Concentration:        0.8%

[MULTIPLE DETECTION STATISTICS]
=== Aggregate Detection Analysis ===

  Total detection events:    349
  Average detection latency: 64.23 ms
  Min detection latency:     54.03 ms
  Max detection latency:     3425.89 ms
  Latency range:             3371.86 ms

  Detection Latency Histogram:
    < 20 ms:  0 detections (0.0%)
    20-30 ms: 0 detections (0.0%)
    30-40 ms: 0 detections (0.0%)
    40-50 ms: 0 detections (0.0%)
    > 50 ms:  348 detections (99.7%)

[PERFORMANCE METRICS]
  Throughput:         4.96 Gbps (7.81 Mpps)
  Cycles available:   383 cycles/pkt (lower = higher load)
  Active IPs:         0
  Worker threads:     14 (lcores 1-14)

[DPDK NIC STATISTICS]
  RX packets (NIC):   1312016159
  RX dropped (HW):    [0m0[0m (imissed)
  RX no mbufs:        [0m0[0m (buffer exhaustion)
  RX errors:          0
  Total drops:        [0m0 (0.00%)[0m
  RX burst calls:     41595353662 (98.2% empty)
  Processed pkts:     1312019699 (100.0% of NIC RX)


╔═══════════════════════════════════════════════════════════════════════╗
║          MIRA DDoS DETECTOR - STATISTICS (MULTI-CORE)                ║
╚═══════════════════════════════════════════════════════════════════════╝

[PACKET COUNTERS - GLOBAL]
  Total packets:      1363427996
  Baseline (10.10.2.x): 810235530 (59.4%)
  Attack (10.10.3.x): 59305628 (4.3%)
  TCP packets:        816547306
  UDP packets:        474345621
  ICMP packets:       72535069

[INSTANTANEOUS TRAFFIC - Last 5.0 seconds]
  Baseline (10.10.2.x): 24068589 pkts (69.0%)  2224005293 bytes  3.55 Gbps
  Attack (10.10.3.x): 10818304 pkts (31.0%)  876282624 bytes  1.40 Gbps
  Total throughput:   4.95 Gbps  (avg pkt: 89 bytes)

[CUMULATIVE TRAFFIC - Since first packet (159.6s)]
  Total received:     1363427996 pkts (8.54 Mpps) | 8.16 Gbps | 162865341453 bytes

[ATTACK-SPECIFIC COUNTERS]
  SYN packets:        215005857
  SYN-ACK packets:    107502811
  SYN/ACK ratio:      2.00
  HTTP requests:      428832256
  DNS queries:        178584262

[PROTOCOL-SPECIFIC COUNTERS - CIC-DDoS-2019 Features]
  NTP Amplification:
    Monlist queries:  0
    Responses:        0  (avg size: 0 bytes)
  DNS Amplification:
    ANY queries:      0
    TXT queries:      0
    Responses:        178584249  (avg size: 108 bytes)
  SNMP Amplification:
    GetBulk requests: 0
    Responses:        0  (avg size: 0 bytes)
  SSDP:
    M-SEARCH packets: 0
    Responses:        983
  PortMapper:
    GETPORT calls:    0
    DUMP calls:       0
  NetBIOS:
    Name queries:     0
    Datagram packets: 0
  LDAP:
    Bind requests:    0
    Search requests:  59304645
  MSSQL:
    SQLBatch packets: 0
    RPC packets:      0
  TFTP:
    RRQ (read) pkts:  0
    WRQ (write) pkts: 0

[ATTACK DETECTIONS - Cumulative Events]
  UDP flood events:   0
  UDP-lag events:     0
  SYN flood events:   0
  HTTP flood events:  0
  ICMP flood events:  0
  DNS amp events:     0
  NTP amp events:     0
  SNMP amp events:    0
  SSDP events:        0
  PortMap events:     0
  NetBIOS events:     0
  LDAP events:        440
  MSSQL events:       0
  TFTP events:        0
  ACK flood events:   0
  Frag attack events: 0
  Heavy-hitter events:480 (OctoSketch per-IP detection)
  Packet flood events:0
  (Note: Events count IPs exceeding thresholds per 50ms window)

[ALERT STATUS]
  Alert level:        [1;31mHIGH[0m
  Reason:             [1;31mLDAP detected: 2160692 pps | HEAVY-HITTER: 10.10.3.93 @ 11566 pps | TREND: attack rising (+586240/250ms) | [0m

[MULTI-LF (2025) COMPARISON]
=== Detection Performance vs ML-Based System ===

  First Detection Latency:   3425.89 ms (vs MULTI-LF: 866 ms)
    Improvement:             0.3× faster

  Packets until detection:   1106353308
  Bytes until detection:     135675220297 (129389.97 MB)

[OCTOSKETCH METRICS - Optimized Architecture]
=== Per-Worker Sketches + Sampling (1/32 packets) ===

  Architecture:              Per-worker (NO atomics, NO contention)
  Total sketch memory:       8961 KB (14 workers × 640.1 KB)
  Sampling rate:             1 in 32 packets (3.1% overhead)
  Attack traffic sampled:    8522016 updates
  Estimated attack packets:  272704512 (×32 sampling factor)
  Sketch overhead:           ~1.56% of fast-path cycles
  Memory efficiency:         O(1) constant, 640.1 KB per worker

[OCTOSKETCH HEAVY-HITTER DETECTION]
=== Top Attackers (per-IP tracking via Count-Min Sketch) ===

  Heavy-hitter threshold:    5000 pps per IP
  Heavy-hitters detected:    5 IPs exceeding threshold
  Total HH detections:       480 events

  Top 5 Attackers (estimated counts, ×32 sampling):
    #1: 10.10.3.93 - 45664 pkts (9120 pps) [HEAVY-HITTER]
    #2: 10.10.3.130 - 45536 pkts (9095 pps) [HEAVY-HITTER]
    #3: 10.10.3.68 - 45408 pkts (9069 pps) [HEAVY-HITTER]
    #4: 10.10.3.112 - 45248 pkts (9037 pps) [HEAVY-HITTER]
    #5: 10.10.3.115 - 44960 pkts (8980 pps) [HEAVY-HITTER]

[RING BUFFER + MULTI-SCALE FEATURES]
=== Temporal Analysis (last 100 windows = 5.0 sec) ===

  Windows processed:         3165
  Buffer utilization:        100/100 (100.0%)
  Running baseline (ML):     5837492 pps (for ML features only)
  Detection mode:            FIXED THRESHOLDS

  [Temporal Features - Last Window]
    Delta PPS (250ms):       +586240
    Delta PPS (500ms):       +1170688
    PPS Variance:            454784712704
    Ratio vs Baseline:       1.84x

  [Multi-Scale Features]
    Top IP (50ms):           251 pps
    Top IP (1s):             3840 pps
    Top IP (1min):           5114 pps
    Burst Ratio (50ms/1min): 0.05x
    IP Concentration:        0.9%

[MULTIPLE DETECTION STATISTICS]
=== Aggregate Detection Analysis ===

  Total detection events:    440
  Average detection latency: 62.26 ms
  Min detection latency:     54.01 ms
  Max detection latency:     3425.89 ms
  Latency range:             3371.88 ms

  Detection Latency Histogram:
    < 20 ms:  0 detections (0.0%)
    20-30 ms: 0 detections (0.0%)
    30-40 ms: 0 detections (0.0%)
    40-50 ms: 0 detections (0.0%)
    > 50 ms:  439 detections (99.8%)

[PERFORMANCE METRICS]
  Throughput:         4.95 Gbps (6.97 Mpps)
  Cycles available:   429 cycles/pkt (lower = higher load)
  Active IPs:         0
  Worker threads:     14 (lcores 1-14)

[DPDK NIC STATISTICS]
  RX packets (NIC):   1363424547
  RX dropped (HW):    [0m0[0m (imissed)
  RX no mbufs:        [0m0[0m (buffer exhaustion)
  RX errors:          0
  Total drops:        [0m0 (0.00%)[0m
  RX burst calls:     42660095027 (98.2% empty)
  Processed pkts:     1363427996 (100.0% of NIC RX)


╔═══════════════════════════════════════════════════════════════════════╗
║          MIRA DDoS DETECTOR - STATISTICS (MULTI-CORE)                ║
╚═══════════════════════════════════════════════════════════════════════╝

[PACKET COUNTERS - GLOBAL]
  Total packets:      1414782108
  Baseline (10.10.2.x): 834280807 (59.0%)
  Attack (10.10.3.x): 70113436 (5.0%)
  TCP packets:        832766771
  UDP packets:        507225019
  ICMP packets:       74790318

[INSTANTANEOUS TRAFFIC - Last 5.0 seconds]
  Baseline (10.10.2.x): 25736176 pkts (70.4%)  2222187265 bytes  3.55 Gbps
  Attack (10.10.3.x): 10807552 pkts (29.6%)  875411712 bytes  1.40 Gbps
  Total throughput:   4.95 Gbps  (avg pkt: 85 bytes)

[CUMULATIVE TRAFFIC - Since first packet (164.6s)]
  Total received:     1414782108 pkts (8.60 Mpps) | 8.18 Gbps | 168296828832 bytes

[ATTACK-SPECIFIC COUNTERS]
  SYN packets:        219398673
  SYN-ACK packets:    109699222
  SYN/ACK ratio:      2.00
  HTTP requests:      436434977
  DNS queries:        188720186

[PROTOCOL-SPECIFIC COUNTERS - CIC-DDoS-2019 Features]
  NTP Amplification:
    Monlist queries:  0
    Responses:        0  (avg size: 0 bytes)
  DNS Amplification:
    ANY queries:      0
    TXT queries:      0
    Responses:        188720178  (avg size: 108 bytes)
  SNMP Amplification:
    GetBulk requests: 0
    Responses:        0  (avg size: 0 bytes)
  SSDP:
    M-SEARCH packets: 0
    Responses:        1156
  PortMapper:
    GETPORT calls:    0
    DUMP calls:       0
  NetBIOS:
    Name queries:     0
    Datagram packets: 0
  LDAP:
    Bind requests:    0
    Search requests:  70112280
  MSSQL:
    SQLBatch packets: 0
    RPC packets:      0
  TFTP:
    RRQ (read) pkts:  0
    WRQ (write) pkts: 0

[ATTACK DETECTIONS - Cumulative Events]
  UDP flood events:   0
  UDP-lag events:     0
  SYN flood events:   0
  HTTP flood events:  0
  ICMP flood events:  0
  DNS amp events:     0
  NTP amp events:     0
  SNMP amp events:    0
  SSDP events:        0
  PortMap events:     0
  NetBIOS events:     0
  LDAP events:        532
  MSSQL events:       0
  TFTP events:        0
  ACK flood events:   0
  Frag attack events: 0
  Heavy-hitter events:572 (OctoSketch per-IP detection)
  Packet flood events:0
  (Note: Events count IPs exceeding thresholds per 50ms window)

[ALERT STATUS]
  Alert level:        [1;31mHIGH[0m
  Reason:             [1;31mLDAP detected: 2160653 pps | HEAVY-HITTER: 10.10.3.51 @ 11548 pps | TREND: attack rising (+584448/250ms) | [0m

[MULTI-LF (2025) COMPARISON]
=== Detection Performance vs ML-Based System ===

  First Detection Latency:   3425.89 ms (vs MULTI-LF: 866 ms)
    Improvement:             0.3× faster

  Packets until detection:   1106353308
  Bytes until detection:     135675220297 (129389.97 MB)

[OCTOSKETCH METRICS - Optimized Architecture]
=== Per-Worker Sketches + Sampling (1/32 packets) ===

  Architecture:              Per-worker (NO atomics, NO contention)
  Total sketch memory:       8961 KB (14 workers × 640.1 KB)
  Sampling rate:             1 in 32 packets (3.1% overhead)
  Attack traffic sampled:    8522784 updates
  Estimated attack packets:  272729088 (×32 sampling factor)
  Sketch overhead:           ~1.56% of fast-path cycles
  Memory efficiency:         O(1) constant, 640.1 KB per worker

[OCTOSKETCH HEAVY-HITTER DETECTION]
=== Top Attackers (per-IP tracking via Count-Min Sketch) ===

  Heavy-hitter threshold:    5000 pps per IP
  Heavy-hitters detected:    5 IPs exceeding threshold
  Total HH detections:       572 events

  Top 5 Attackers (estimated counts, ×32 sampling):
    #1: 10.10.3.51 - 45600 pkts (9116 pps) [HEAVY-HITTER]
    #2: 10.10.3.33 - 45312 pkts (9059 pps) [HEAVY-HITTER]
    #3: 10.10.3.93 - 45088 pkts (9014 pps) [HEAVY-HITTER]
    #4: 10.10.3.0 - 45056 pkts (9008 pps) [HEAVY-HITTER]
    #5: 10.10.3.66 - 45056 pkts (9008 pps) [HEAVY-HITTER]

[RING BUFFER + MULTI-SCALE FEATURES]
=== Temporal Analysis (last 100 windows = 5.0 sec) ===

  Windows processed:         3257
  Buffer utilization:        100/100 (100.0%)
  Running baseline (ML):     5713122 pps (for ML features only)
  Detection mode:            FIXED THRESHOLDS

  [Temporal Features - Last Window]
    Delta PPS (250ms):       +584448
    Delta PPS (500ms):       +1169152
    PPS Variance:            454961004544
    Ratio vs Baseline:       1.89x

  [Multi-Scale Features]
    Top IP (50ms):           227 pps
    Top IP (1s):             11680 pps
    Top IP (1min):           6042 pps
    Burst Ratio (50ms/1min): 0.04x
    IP Concentration:        0.8%

[MULTIPLE DETECTION STATISTICS]
=== Aggregate Detection Analysis ===

  Total detection events:    532
  Average detection latency: 60.95 ms
  Min detection latency:     54.01 ms
  Max detection latency:     3425.89 ms
  Latency range:             3371.88 ms

  Detection Latency Histogram:
    < 20 ms:  0 detections (0.0%)
    20-30 ms: 0 detections (0.0%)
    30-40 ms: 0 detections (0.0%)
    40-50 ms: 0 detections (0.0%)
    > 50 ms:  531 detections (99.8%)

[PERFORMANCE METRICS]
  Throughput:         4.95 Gbps (7.31 Mpps)
  Cycles available:   409 cycles/pkt (lower = higher load)
  Active IPs:         0
  Worker threads:     14 (lcores 1-14)

[DPDK NIC STATISTICS]
  RX packets (NIC):   1414778608
  RX dropped (HW):    [0m0[0m (imissed)
  RX no mbufs:        [0m0[0m (buffer exhaustion)
  RX errors:          0
  Total drops:        [0m0 (0.00%)[0m
  RX burst calls:     43723754724 (98.1% empty)
  Processed pkts:     1414782108 (100.0% of NIC RX)


╔═══════════════════════════════════════════════════════════════════════╗
║          MIRA DDoS DETECTOR - STATISTICS (MULTI-CORE)                ║
╚═══════════════════════════════════════════════════════════════════════╝

[PACKET COUNTERS - GLOBAL]
  Total packets:      1466238129
  Baseline (10.10.2.x): 858378664 (58.5%)
  Attack (10.10.3.x): 80933532 (5.5%)
  TCP packets:        849019439
  UDP packets:        540169422
  ICMP packets:       77049268

[INSTANTANEOUS TRAFFIC - Last 5.0 seconds]
  Baseline (10.10.2.x): 24097384 pkts (69.0%)  2227013076 bytes  3.56 Gbps
  Attack (10.10.3.x): 10819840 pkts (31.0%)  876407040 bytes  1.40 Gbps
  Total throughput:   4.96 Gbps  (avg pkt: 89 bytes)

[CUMULATIVE TRAFFIC - Since first packet (169.6s)]
  Total received:     1466238129 pkts (8.65 Mpps) | 8.20 Gbps | 173739384258 bytes

[ATTACK-SPECIFIC COUNTERS]
  SYN packets:        223800395
  SYN-ACK packets:    111900078
  SYN/ACK ratio:      2.00
  HTTP requests:      444053853
  DNS queries:        198880388

[PROTOCOL-SPECIFIC COUNTERS - CIC-DDoS-2019 Features]
  NTP Amplification:
    Monlist queries:  0
    Responses:        0  (avg size: 0 bytes)
  DNS Amplification:
    ANY queries:      0
    TXT queries:      0
    Responses:        198880368  (avg size: 108 bytes)
  SNMP Amplification:
    GetBulk requests: 0
    Responses:        0  (avg size: 0 bytes)
  SSDP:
    M-SEARCH packets: 0
    Responses:        1347
  PortMapper:
    GETPORT calls:    0
    DUMP calls:       0
  NetBIOS:
    Name queries:     0
    Datagram packets: 0
  LDAP:
    Bind requests:    0
    Search requests:  80932185
  MSSQL:
    SQLBatch packets: 0
    RPC packets:      0
  TFTP:
    RRQ (read) pkts:  0
    WRQ (write) pkts: 0

[ATTACK DETECTIONS - Cumulative Events]
  UDP flood events:   0
  UDP-lag events:     0
  SYN flood events:   0
  HTTP flood events:  0
  ICMP flood events:  0
  DNS amp events:     0
  NTP amp events:     0
  SNMP amp events:    0
  SSDP events:        0
  PortMap events:     0
  NetBIOS events:     0
  LDAP events:        623
  MSSQL events:       0
  TFTP events:        0
  ACK flood events:   0
  Frag attack events: 0
  Heavy-hitter events:663 (OctoSketch per-IP detection)
  Packet flood events:0
  (Note: Events count IPs exceeding thresholds per 50ms window)

[ALERT STATUS]
  Alert level:        [1;31mHIGH[0m
  Reason:             [1;31mLDAP detected: 2160665 pps | HEAVY-HITTER: 10.10.3.24 @ 11791 pps | TREND: attack rising (+584192/250ms) | [0m

[MULTI-LF (2025) COMPARISON]
=== Detection Performance vs ML-Based System ===

  First Detection Latency:   3425.89 ms (vs MULTI-LF: 866 ms)
    Improvement:             0.3× faster

  Packets until detection:   1106353308
  Bytes until detection:     135675220297 (129389.97 MB)

[OCTOSKETCH METRICS - Optimized Architecture]
=== Per-Worker Sketches + Sampling (1/32 packets) ===

  Architecture:              Per-worker (NO atomics, NO contention)
  Total sketch memory:       8961 KB (14 workers × 640.1 KB)
  Sampling rate:             1 in 32 packets (3.1% overhead)
  Attack traffic sampled:    8406080 updates
  Estimated attack packets:  268994560 (×32 sampling factor)
  Sketch overhead:           ~1.56% of fast-path cycles
  Memory efficiency:         O(1) constant, 640.1 KB per worker

[OCTOSKETCH HEAVY-HITTER DETECTION]
=== Top Attackers (per-IP tracking via Count-Min Sketch) ===

  Heavy-hitter threshold:    5000 pps per IP
  Heavy-hitters detected:    5 IPs exceeding threshold
  Total HH detections:       663 events

  Top 5 Attackers (estimated counts, ×32 sampling):
    #1: 10.10.3.24 - 45920 pkts (9170 pps) [HEAVY-HITTER]
    #2: 10.10.3.95 - 44640 pkts (8914 pps) [HEAVY-HITTER]
    #3: 10.10.3.32 - 44448 pkts (8876 pps) [HEAVY-HITTER]
    #4: 10.10.3.39 - 44256 pkts (8838 pps) [HEAVY-HITTER]
    #5: 10.10.3.168 - 44064 pkts (8799 pps) [HEAVY-HITTER]

[RING BUFFER + MULTI-SCALE FEATURES]
=== Temporal Analysis (last 100 windows = 5.0 sec) ===

  Windows processed:         3348
  Buffer utilization:        100/100 (100.0%)
  Running baseline (ML):     5767698 pps (for ML features only)
  Detection mode:            FIXED THRESHOLDS

  [Temporal Features - Last Window]
    Delta PPS (250ms):       +584192
    Delta PPS (500ms):       +1170432
    PPS Variance:            455035355136
    Ratio vs Baseline:       1.86x

  [Multi-Scale Features]
    Top IP (50ms):           263 pps
    Top IP (1s):             5568 pps
    Top IP (1min):           6951 pps
    Burst Ratio (50ms/1min): 0.04x
    IP Concentration:        0.9%

[MULTIPLE DETECTION STATISTICS]
=== Aggregate Detection Analysis ===

  Total detection events:    623
  Average detection latency: 60.04 ms
  Min detection latency:     54.01 ms
  Max detection latency:     3425.89 ms
  Latency range:             3371.88 ms

  Detection Latency Histogram:
    < 20 ms:  0 detections (0.0%)
    20-30 ms: 0 detections (0.0%)
    30-40 ms: 0 detections (0.0%)
    40-50 ms: 0 detections (0.0%)
    > 50 ms:  622 detections (99.8%)

[PERFORMANCE METRICS]
  Throughput:         4.96 Gbps (6.97 Mpps)
  Cycles available:   429 cycles/pkt (lower = higher load)
  Active IPs:         0
  Worker threads:     14 (lcores 1-14)

[DPDK NIC STATISTICS]
  RX packets (NIC):   1466234318
  RX dropped (HW):    [0m0[0m (imissed)
  RX no mbufs:        [0m0[0m (buffer exhaustion)
  RX errors:          0
  Total drops:        [0m0 (0.00%)[0m
  RX burst calls:     44788134573 (98.1% empty)
  Processed pkts:     1466238129 (100.0% of NIC RX)


╔═══════════════════════════════════════════════════════════════════════╗
║          MIRA DDoS DETECTOR - STATISTICS (MULTI-CORE)                ║
╚═══════════════════════════════════════════════════════════════════════╝

[PACKET COUNTERS - GLOBAL]
  Total packets:      1517616083
  Baseline (10.10.2.x): 882437993 (58.1%)
  Attack (10.10.3.x): 91740828 (6.0%)
  TCP packets:        865248925
  UDP packets:        573062282
  ICMP packets:       79304876

[INSTANTANEOUS TRAFFIC - Last 5.0 seconds]
  Baseline (10.10.2.x): 24058731 pkts (69.0%)  2223326206 bytes  3.56 Gbps
  Attack (10.10.3.x): 10807040 pkts (31.0%)  875370240 bytes  1.40 Gbps
  Total throughput:   4.96 Gbps  (avg pkt: 89 bytes)

[CUMULATIVE TRAFFIC - Since first packet (174.6s)]
  Total received:     1517616083 pkts (8.69 Mpps) | 8.21 Gbps | 179173543575 bytes

[ATTACK-SPECIFIC COUNTERS]
  SYN packets:        228195811
  SYN-ACK packets:    114097784
  SYN/ACK ratio:      2.00
  HTTP requests:      451662171
  DNS queries:        209022899

[PROTOCOL-SPECIFIC COUNTERS - CIC-DDoS-2019 Features]
  NTP Amplification:
    Monlist queries:  0
    Responses:        0  (avg size: 0 bytes)
  DNS Amplification:
    ANY queries:      0
    TXT queries:      0
    Responses:        209022882  (avg size: 108 bytes)
  SNMP Amplification:
    GetBulk requests: 0
    Responses:        0  (avg size: 0 bytes)
  SSDP:
    M-SEARCH packets: 0
    Responses:        1516
  PortMapper:
    GETPORT calls:    0
    DUMP calls:       0
  NetBIOS:
    Name queries:     0
    Datagram packets: 0
  LDAP:
    Bind requests:    0
    Search requests:  91739312
  MSSQL:
    SQLBatch packets: 0
    RPC packets:      0
  TFTP:
    RRQ (read) pkts:  0
    WRQ (write) pkts: 0

[ATTACK DETECTIONS - Cumulative Events]
  UDP flood events:   0
  UDP-lag events:     0
  SYN flood events:   0
  HTTP flood events:  0
  ICMP flood events:  0
  DNS amp events:     0
  NTP amp events:     0
  SNMP amp events:    0
  SSDP events:        0
  PortMap events:     0
  NetBIOS events:     0
  LDAP events:        715
  MSSQL events:       0
  TFTP events:        0
  ACK flood events:   0
  Frag attack events: 0
  Heavy-hitter events:755 (OctoSketch per-IP detection)
  Packet flood events:0
  (Note: Events count IPs exceeding thresholds per 50ms window)

[ALERT STATUS]
  Alert level:        [1;31mHIGH[0m
  Reason:             [1;31mLDAP detected: 2160700 pps | HEAVY-HITTER: 10.10.3.138 @ 11480 pps | TREND: attack rising (+584432/250ms) | [0m

[MULTI-LF (2025) COMPARISON]
=== Detection Performance vs ML-Based System ===

  First Detection Latency:   3425.89 ms (vs MULTI-LF: 866 ms)
    Improvement:             0.3× faster

  Packets until detection:   1106353308
  Bytes until detection:     135675220297 (129389.97 MB)

[OCTOSKETCH METRICS - Optimized Architecture]
=== Per-Worker Sketches + Sampling (1/32 packets) ===

  Architecture:              Per-worker (NO atomics, NO contention)
  Total sketch memory:       8961 KB (14 workers × 640.1 KB)
  Sampling rate:             1 in 32 packets (3.1% overhead)
  Attack traffic sampled:    8404896 updates
  Estimated attack packets:  268956672 (×32 sampling factor)
  Sketch overhead:           ~1.56% of fast-path cycles
  Memory efficiency:         O(1) constant, 640.1 KB per worker

[OCTOSKETCH HEAVY-HITTER DETECTION]
=== Top Attackers (per-IP tracking via Count-Min Sketch) ===

  Heavy-hitter threshold:    5000 pps per IP
  Heavy-hitters detected:    5 IPs exceeding threshold
  Total HH detections:       755 events

  Top 5 Attackers (estimated counts, ×32 sampling):
    #1: 10.10.3.138 - 44704 pkts (8938 pps) [HEAVY-HITTER]
    #2: 10.10.3.81 - 44640 pkts (8925 pps) [HEAVY-HITTER]
    #3: 10.10.3.188 - 44512 pkts (8899 pps) [HEAVY-HITTER]
    #4: 10.10.3.15 - 44448 pkts (8887 pps) [HEAVY-HITTER]
    #5: 10.10.3.152 - 44288 pkts (8855 pps) [HEAVY-HITTER]

[RING BUFFER + MULTI-SCALE FEATURES]
=== Temporal Analysis (last 100 windows = 5.0 sec) ===

  Windows processed:         3440
  Buffer utilization:        100/100 (100.0%)
  Running baseline (ML):     5710824 pps (for ML features only)
  Detection mode:            FIXED THRESHOLDS

  [Temporal Features - Last Window]
    Delta PPS (250ms):       +584432
    Delta PPS (500ms):       +1168896
    PPS Variance:            454261342208
    Ratio vs Baseline:       1.89x

  [Multi-Scale Features]
    Top IP (50ms):           255 pps
    Top IP (1s):             13536 pps
    Top IP (1min):           7870 pps
    Burst Ratio (50ms/1min): 0.03x
    IP Concentration:        0.9%

[MULTIPLE DETECTION STATISTICS]
=== Aggregate Detection Analysis ===

  Total detection events:    715
  Average detection latency: 59.35 ms
  Min detection latency:     53.99 ms
  Max detection latency:     3425.89 ms
  Latency range:             3371.89 ms

  Detection Latency Histogram:
    < 20 ms:  0 detections (0.0%)
    20-30 ms: 0 detections (0.0%)
    30-40 ms: 0 detections (0.0%)
    40-50 ms: 0 detections (0.0%)
    > 50 ms:  714 detections (99.9%)

[PERFORMANCE METRICS]
  Throughput:         4.96 Gbps (6.97 Mpps)
  Cycles available:   429 cycles/pkt (lower = higher load)
  Active IPs:         0
  Worker threads:     14 (lcores 1-14)

[DPDK NIC STATISTICS]
  RX packets (NIC):   1517612450
  RX dropped (HW):    [0m0[0m (imissed)
  RX no mbufs:        [0m0[0m (buffer exhaustion)
  RX errors:          0
  Total drops:        [0m0 (0.00%)[0m
  RX burst calls:     45851218745 (98.1% empty)
  Processed pkts:     1517616083 (100.0% of NIC RX)


╔═══════════════════════════════════════════════════════════════════════╗
║          MIRA DDoS DETECTOR - STATISTICS (MULTI-CORE)                ║
╚═══════════════════════════════════════════════════════════════════════╝

[PACKET COUNTERS - GLOBAL]
  Total packets:      1569057180
  Baseline (10.10.2.x): 906530409 (57.8%)
  Attack (10.10.3.x): 102557084 (6.5%)
  TCP packets:        881503846
  UDP packets:        605990268
  ICMP packets:       81563066

[INSTANTANEOUS TRAFFIC - Last 5.0 seconds]
  Baseline (10.10.2.x): 24091988 pkts (69.0%)  2226454601 bytes  3.56 Gbps
  Attack (10.10.3.x): 10816000 pkts (31.0%)  876096000 bytes  1.40 Gbps
  Total throughput:   4.96 Gbps  (avg pkt: 89 bytes)

[CUMULATIVE TRAFFIC - Since first packet (179.6s)]
  Total received:     1569057180 pkts (8.74 Mpps) | 8.22 Gbps | 184614685245 bytes

[ATTACK-SPECIFIC COUNTERS]
  SYN packets:        232598181
  SYN-ACK packets:    116298970
  SYN/ACK ratio:      2.00
  HTTP requests:      459281704
  DNS queries:        219177236

[PROTOCOL-SPECIFIC COUNTERS - CIC-DDoS-2019 Features]
  NTP Amplification:
    Monlist queries:  0
    Responses:        0  (avg size: 0 bytes)
  DNS Amplification:
    ANY queries:      0
    TXT queries:      0
    Responses:        219177214  (avg size: 108 bytes)
  SNMP Amplification:
    GetBulk requests: 0
    Responses:        0  (avg size: 0 bytes)
  SSDP:
    M-SEARCH packets: 0
    Responses:        1697
  PortMapper:
    GETPORT calls:    0
    DUMP calls:       0
  NetBIOS:
    Name queries:     0
    Datagram packets: 0
  LDAP:
    Bind requests:    0
    Search requests:  102555387
  MSSQL:
    SQLBatch packets: 0
    RPC packets:      0
  TFTP:
    RRQ (read) pkts:  0
    WRQ (write) pkts: 0

[ATTACK DETECTIONS - Cumulative Events]
  UDP flood events:   0
  UDP-lag events:     0
  SYN flood events:   0
  HTTP flood events:  0
  ICMP flood events:  0
  DNS amp events:     0
  NTP amp events:     0
  SNMP amp events:    0
  SSDP events:        0
  PortMap events:     0
  NetBIOS events:     0
  LDAP events:        806
  MSSQL events:       0
  TFTP events:        0
  ACK flood events:   0
  Frag attack events: 0
  Heavy-hitter events:846 (OctoSketch per-IP detection)
  Packet flood events:0
  (Note: Events count IPs exceeding thresholds per 50ms window)

[ALERT STATUS]
  Alert level:        [1;31mHIGH[0m
  Reason:             [1;31mLDAP detected: 2160663 pps | HEAVY-HITTER: 10.10.3.127 @ 11503 pps | TREND: attack rising (+583936/250ms) | [0m

[MULTI-LF (2025) COMPARISON]
=== Detection Performance vs ML-Based System ===

  First Detection Latency:   3425.89 ms (vs MULTI-LF: 866 ms)
    Improvement:             0.3× faster

  Packets until detection:   1106353308
  Bytes until detection:     135675220297 (129389.97 MB)

[OCTOSKETCH METRICS - Optimized Architecture]
=== Per-Worker Sketches + Sampling (1/32 packets) ===

  Architecture:              Per-worker (NO atomics, NO contention)
  Total sketch memory:       8961 KB (14 workers × 640.1 KB)
  Sampling rate:             1 in 32 packets (3.1% overhead)
  Attack traffic sampled:    8285888 updates
  Estimated attack packets:  265148416 (×32 sampling factor)
  Sketch overhead:           ~1.56% of fast-path cycles
  Memory efficiency:         O(1) constant, 640.1 KB per worker

[OCTOSKETCH HEAVY-HITTER DETECTION]
=== Top Attackers (per-IP tracking via Count-Min Sketch) ===

  Heavy-hitter threshold:    5000 pps per IP
  Heavy-hitters detected:    5 IPs exceeding threshold
  Total HH detections:       846 events

  Top 5 Attackers (estimated counts, ×32 sampling):
    #1: 10.10.3.127 - 44160 pkts (8822 pps) [HEAVY-HITTER]
    #2: 10.10.3.143 - 43936 pkts (8777 pps) [HEAVY-HITTER]
    #3: 10.10.3.180 - 43520 pkts (8694 pps) [HEAVY-HITTER]
    #4: 10.10.3.6 - 43456 pkts (8681 pps) [HEAVY-HITTER]
    #5: 10.10.3.164 - 43456 pkts (8681 pps) [HEAVY-HITTER]

[RING BUFFER + MULTI-SCALE FEATURES]
=== Temporal Analysis (last 100 windows = 5.0 sec) ===

  Windows processed:         3531
  Buffer utilization:        100/100 (100.0%)
  Running baseline (ML):     5764136 pps (for ML features only)
  Detection mode:            FIXED THRESHOLDS

  [Temporal Features - Last Window]
    Delta PPS (250ms):       +583936
    Delta PPS (500ms):       +1168128
    PPS Variance:            454809747456
    Ratio vs Baseline:       1.86x

  [Multi-Scale Features]
    Top IP (50ms):           233 pps
    Top IP (1s):             7552 pps
    Top IP (1min):           8770 pps
    Burst Ratio (50ms/1min): 0.03x
    IP Concentration:        0.8%

[MULTIPLE DETECTION STATISTICS]
=== Aggregate Detection Analysis ===

  Total detection events:    806
  Average detection latency: 58.82 ms
  Min detection latency:     53.99 ms
  Max detection latency:     3425.89 ms
  Latency range:             3371.89 ms

  Detection Latency Histogram:
    < 20 ms:  0 detections (0.0%)
    20-30 ms: 0 detections (0.0%)
    30-40 ms: 0 detections (0.0%)
    40-50 ms: 0 detections (0.0%)
    > 50 ms:  805 detections (99.9%)

[PERFORMANCE METRICS]
  Throughput:         4.96 Gbps (6.97 Mpps)
  Cycles available:   429 cycles/pkt (lower = higher load)
  Active IPs:         0
  Worker threads:     14 (lcores 1-14)

[DPDK NIC STATISTICS]
  RX packets (NIC):   1569053858
  RX dropped (HW):    [0m0[0m (imissed)
  RX no mbufs:        [0m0[0m (buffer exhaustion)
  RX errors:          0
  Total drops:        [0m0 (0.00%)[0m
  RX burst calls:     46914806134 (98.1% empty)
  Processed pkts:     1569057180 (100.0% of NIC RX)


╔═══════════════════════════════════════════════════════════════════════╗
║          MIRA DDoS DETECTOR - STATISTICS (MULTI-CORE)                ║
╚═══════════════════════════════════════════════════════════════════════╝

[PACKET COUNTERS - GLOBAL]
  Total packets:      1620430575
  Baseline (10.10.2.x): 930585152 (57.4%)
  Attack (10.10.3.x): 113365743 (7.0%)
  TCP packets:        897724530
  UDP packets:        638885680
  ICMP packets:       83820365

[INSTANTANEOUS TRAFFIC - Last 5.0 seconds]
  Baseline (10.10.2.x): 25815821 pkts (70.5%)  2222969859 bytes  3.56 Gbps
  Attack (10.10.3.x): 10808409 pkts (29.5%)  938792430 bytes  1.50 Gbps
  Total throughput:   5.06 Gbps  (avg pkt: 86 bytes)

[CUMULATIVE TRAFFIC - Since first packet (184.6s)]
  Total received:     1620430575 pkts (8.78 Mpps) | 8.24 Gbps | 190048170533 bytes

[ATTACK-SPECIFIC COUNTERS]
  SYN packets:        236991201
  SYN-ACK packets:    118495477
  SYN/ACK ratio:      2.00
  HTTP requests:      466885887
  DNS queries:        229320403

[PROTOCOL-SPECIFIC COUNTERS - CIC-DDoS-2019 Features]
  NTP Amplification:
    Monlist queries:  0
    Responses:        0  (avg size: 0 bytes)
  DNS Amplification:
    ANY queries:      0
    TXT queries:      0
    Responses:        229320388  (avg size: 108 bytes)
  SNMP Amplification:
    GetBulk requests: 0
    Responses:        0  (avg size: 0 bytes)
  SSDP:
    M-SEARCH packets: 0
    Responses:        1874
  PortMapper:
    GETPORT calls:    0
    DUMP calls:       0
  NetBIOS:
    Name queries:     0
    Datagram packets: 0
  LDAP:
    Bind requests:    0
    Search requests:  113363865
  MSSQL:
    SQLBatch packets: 0
    RPC packets:      0
  TFTP:
    RRQ (read) pkts:  0
    WRQ (write) pkts: 0

[ATTACK DETECTIONS - Cumulative Events]
  UDP flood events:   0
  UDP-lag events:     0
  SYN flood events:   0
  HTTP flood events:  0
  ICMP flood events:  0
  DNS amp events:     0
  NTP amp events:     0
  SNMP amp events:    0
  SSDP events:        0
  PortMap events:     0
  NetBIOS events:     0
  LDAP events:        898
  MSSQL events:       0
  TFTP events:        0
  ACK flood events:   0
  Frag attack events: 0
  Heavy-hitter events:938 (OctoSketch per-IP detection)
  Packet flood events:0
  (Note: Events count IPs exceeding thresholds per 50ms window)

[ALERT STATUS]
  Alert level:        [1;31mHIGH[0m
  Reason:             [1;31mLDAP detected: 2160710 pps | HEAVY-HITTER: 10.10.3.172 @ 11495 pps | TREND: attack rising (+586239/250ms) | [0m

[MULTI-LF (2025) COMPARISON]
=== Detection Performance vs ML-Based System ===

  First Detection Latency:   3425.89 ms (vs MULTI-LF: 866 ms)
    Improvement:             0.3× faster

  Packets until detection:   1106353308
  Bytes until detection:     135675220297 (129389.97 MB)

[OCTOSKETCH METRICS - Optimized Architecture]
=== Per-Worker Sketches + Sampling (1/32 packets) ===

  Architecture:              Per-worker (NO atomics, NO contention)
  Total sketch memory:       8961 KB (14 workers × 640.1 KB)
  Sampling rate:             1 in 32 packets (3.1% overhead)
  Attack traffic sampled:    8291616 updates
  Estimated attack packets:  265331712 (×32 sampling factor)
  Sketch overhead:           ~1.56% of fast-path cycles
  Memory efficiency:         O(1) constant, 640.1 KB per worker

[OCTOSKETCH HEAVY-HITTER DETECTION]
=== Top Attackers (per-IP tracking via Count-Min Sketch) ===

  Heavy-hitter threshold:    5000 pps per IP
  Heavy-hitters detected:    5 IPs exceeding threshold
  Total HH detections:       938 events

  Top 5 Attackers (estimated counts, ×32 sampling):
    #1: 10.10.3.172 - 44160 pkts (8828 pps) [HEAVY-HITTER]
    #2: 10.10.3.159 - 44096 pkts (8815 pps) [HEAVY-HITTER]
    #3: 10.10.3.25 - 43904 pkts (8777 pps) [HEAVY-HITTER]
    #4: 10.10.3.89 - 43808 pkts (8757 pps) [HEAVY-HITTER]
    #5: 10.10.3.126 - 43776 pkts (8751 pps) [HEAVY-HITTER]

[RING BUFFER + MULTI-SCALE FEATURES]
=== Temporal Analysis (last 100 windows = 5.0 sec) ===

  Windows processed:         3623
  Buffer utilization:        100/100 (100.0%)
  Running baseline (ML):     5709363 pps (for ML features only)
  Detection mode:            FIXED THRESHOLDS

  [Temporal Features - Last Window]
    Delta PPS (250ms):       +586239
    Delta PPS (500ms):       +1170943
    PPS Variance:            454666780672
    Ratio vs Baseline:       1.89x

  [Multi-Scale Features]
    Top IP (50ms):           250 pps
    Top IP (1s):             2656 pps
    Top IP (1min):           261 pps
    Burst Ratio (50ms/1min): 0.96x
    IP Concentration:        0.9%

[MULTIPLE DETECTION STATISTICS]
=== Aggregate Detection Analysis ===

  Total detection events:    898
  Average detection latency: 58.40 ms
  Min detection latency:     53.95 ms
  Max detection latency:     3425.89 ms
  Latency range:             3371.94 ms

  Detection Latency Histogram:
    < 20 ms:  0 detections (0.0%)
    20-30 ms: 0 detections (0.0%)
    30-40 ms: 0 detections (0.0%)
    40-50 ms: 0 detections (0.0%)
    > 50 ms:  897 detections (99.9%)

[PERFORMANCE METRICS]
  Throughput:         5.06 Gbps (7.32 Mpps)
  Cycles available:   408 cycles/pkt (lower = higher load)
  Active IPs:         0
  Worker threads:     14 (lcores 1-14)

[DPDK NIC STATISTICS]
  RX packets (NIC):   1620427320
  RX dropped (HW):    [0m0[0m (imissed)
  RX no mbufs:        [0m0[0m (buffer exhaustion)
  RX errors:          0
  Total drops:        [0m0 (0.00%)[0m
  RX burst calls:     47979277393 (98.1% empty)
  Processed pkts:     1620430575 (100.0% of NIC RX)


╔═══════════════════════════════════════════════════════════════════════╗
║          MIRA DDoS DETECTOR - STATISTICS (MULTI-CORE)                ║
╚═══════════════════════════════════════════════════════════════════════╝

[PACKET COUNTERS - GLOBAL]
  Total packets:      1671850442
  Baseline (10.10.2.x): 954662678 (57.1%)
  Attack (10.10.3.x): 124184522 (7.4%)
  TCP packets:        913963999
  UDP packets:        671804031
  ICMP packets:       86082412

[INSTANTANEOUS TRAFFIC - Last 5.0 seconds]
  Baseline (10.10.2.x): 24077014 pkts (69.0%)  2387917828 bytes  3.82 Gbps
  Attack (10.10.3.x): 10818615 pkts (31.0%)  939572703 bytes  1.50 Gbps
  Total throughput:   5.32 Gbps  (avg pkt: 95 bytes)

[CUMULATIVE TRAFFIC - Since first packet (189.6s)]
  Total received:     1671850442 pkts (8.82 Mpps) | 8.25 Gbps | 195486487845 bytes

[ATTACK-SPECIFIC COUNTERS]
  SYN packets:        241389631
  SYN-ACK packets:    120694682
  SYN/ACK ratio:      2.00
  HTTP requests:      474496643
  DNS queries:        239469451

[PROTOCOL-SPECIFIC COUNTERS - CIC-DDoS-2019 Features]
  NTP Amplification:
    Monlist queries:  0
    Responses:        0  (avg size: 0 bytes)
  DNS Amplification:
    ANY queries:      0
    TXT queries:      0
    Responses:        239469436  (avg size: 108 bytes)
  SNMP Amplification:
    GetBulk requests: 0
    Responses:        0  (avg size: 0 bytes)
  SSDP:
    M-SEARCH packets: 0
    Responses:        2059
  PortMapper:
    GETPORT calls:    0
    DUMP calls:       0
  NetBIOS:
    Name queries:     0
    Datagram packets: 0
  LDAP:
    Bind requests:    0
    Search requests:  124182463
  MSSQL:
    SQLBatch packets: 0
    RPC packets:      0
  TFTP:
    RRQ (read) pkts:  0
    WRQ (write) pkts: 0

[ATTACK DETECTIONS - Cumulative Events]
  UDP flood events:   0
  UDP-lag events:     0
  SYN flood events:   0
  HTTP flood events:  0
  ICMP flood events:  0
  DNS amp events:     0
  NTP amp events:     0
  SNMP amp events:    0
  SSDP events:        0
  PortMap events:     0
  NetBIOS events:     0
  LDAP events:        989
  MSSQL events:       0
  TFTP events:        0
  ACK flood events:   0
  Frag attack events: 0
  Heavy-hitter events:1029 (OctoSketch per-IP detection)
  Packet flood events:0
  (Note: Events count IPs exceeding thresholds per 50ms window)

[ALERT STATUS]
  Alert level:        [1;31mHIGH[0m
  Reason:             [1;31mLDAP detected: 2160683 pps | HEAVY-HITTER: 10.10.3.89 @ 11564 pps | TREND: attack rising (+583936/250ms) | [0m

[MULTI-LF (2025) COMPARISON]
=== Detection Performance vs ML-Based System ===

  First Detection Latency:   3425.89 ms (vs MULTI-LF: 866 ms)
    Improvement:             0.3× faster

  Packets until detection:   1106353308
  Bytes until detection:     135675220297 (129389.97 MB)

[OCTOSKETCH METRICS - Optimized Architecture]
=== Per-Worker Sketches + Sampling (1/32 packets) ===

  Architecture:              Per-worker (NO atomics, NO contention)
  Total sketch memory:       8961 KB (14 workers × 640.1 KB)
  Sampling rate:             1 in 32 packets (3.1% overhead)
  Attack traffic sampled:    8170464 updates
  Estimated attack packets:  261454848 (×32 sampling factor)
  Sketch overhead:           ~1.56% of fast-path cycles
  Memory efficiency:         O(1) constant, 640.1 KB per worker

[OCTOSKETCH HEAVY-HITTER DETECTION]
=== Top Attackers (per-IP tracking via Count-Min Sketch) ===

  Heavy-hitter threshold:    5000 pps per IP
  Heavy-hitters detected:    5 IPs exceeding threshold
  Total HH detections:       1029 events

  Top 5 Attackers (estimated counts, ×32 sampling):
    #1: 10.10.3.89 - 43776 pkts (8743 pps) [HEAVY-HITTER]
    #2: 10.10.3.148 - 43584 pkts (8705 pps) [HEAVY-HITTER]
    #3: 10.10.3.9 - 43360 pkts (8660 pps) [HEAVY-HITTER]
    #4: 10.10.3.90 - 43264 pkts (8641 pps) [HEAVY-HITTER]
    #5: 10.10.3.98 - 43136 pkts (8615 pps) [HEAVY-HITTER]

[RING BUFFER + MULTI-SCALE FEATURES]
=== Temporal Analysis (last 100 windows = 5.0 sec) ===

  Windows processed:         3714
  Buffer utilization:        100/100 (100.0%)
  Running baseline (ML):     5765018 pps (for ML features only)
  Detection mode:            FIXED THRESHOLDS

  [Temporal Features - Last Window]
    Delta PPS (250ms):       +583936
    Delta PPS (500ms):       +1168206
    PPS Variance:            454743982080
    Ratio vs Baseline:       1.86x

  [Multi-Scale Features]
    Top IP (50ms):           245 pps
    Top IP (1s):             9696 pps
    Top IP (1min):           1183 pps
    Burst Ratio (50ms/1min): 0.21x
    IP Concentration:        0.8%

[MULTIPLE DETECTION STATISTICS]
=== Aggregate Detection Analysis ===

  Total detection events:    989
  Average detection latency: 58.06 ms
  Min detection latency:     53.95 ms
  Max detection latency:     3425.89 ms
  Latency range:             3371.94 ms

  Detection Latency Histogram:
    < 20 ms:  0 detections (0.0%)
    20-30 ms: 0 detections (0.0%)
    30-40 ms: 0 detections (0.0%)
    40-50 ms: 0 detections (0.0%)
    > 50 ms:  988 detections (99.9%)

[PERFORMANCE METRICS]
  Throughput:         5.32 Gbps (6.97 Mpps)
  Cycles available:   429 cycles/pkt (lower = higher load)
  Active IPs:         0
  Worker threads:     14 (lcores 1-14)

[DPDK NIC STATISTICS]
  RX packets (NIC):   1671847065
  RX dropped (HW):    [0m0[0m (imissed)
  RX no mbufs:        [0m0[0m (buffer exhaustion)
  RX errors:          0
  Total drops:        [0m0 (0.00%)[0m
  RX burst calls:     49043532672 (98.1% empty)
  Processed pkts:     1671850442 (100.0% of NIC RX)


╔═══════════════════════════════════════════════════════════════════════╗
║          MIRA DDoS DETECTOR - STATISTICS (MULTI-CORE)                ║
╚═══════════════════════════════════════════════════════════════════════╝

[PACKET COUNTERS - GLOBAL]
  Total packets:      1723250076
  Baseline (10.10.2.x): 978733538 (56.8%)
  Attack (10.10.3.x): 134993308 (7.8%)
  TCP packets:        930199430
  UDP packets:        704712177
  ICMP packets:       88338469

[INSTANTANEOUS TRAFFIC - Last 5.0 seconds]
  Baseline (10.10.2.x): 24070382 pkts (69.0%)  2224337691 bytes  3.56 Gbps
  Attack (10.10.3.x): 10808576 pkts (31.0%)  938836899 bytes  1.50 Gbps
  Total throughput:   5.06 Gbps  (avg pkt: 91 bytes)

[CUMULATIVE TRAFFIC - Since first packet (194.6s)]
  Total received:     1723250076 pkts (8.85 Mpps) | 8.26 Gbps | 200922917541 bytes

[ATTACK-SPECIFIC COUNTERS]
  SYN packets:        245786712
  SYN-ACK packets:    122893225
  SYN/ACK ratio:      2.00
  HTTP requests:      482107273
  DNS queries:        249618638

[PROTOCOL-SPECIFIC COUNTERS - CIC-DDoS-2019 Features]
  NTP Amplification:
    Monlist queries:  0
    Responses:        0  (avg size: 0 bytes)
  DNS Amplification:
    ANY queries:      0
    TXT queries:      0
    Responses:        249618620  (avg size: 108 bytes)
  SNMP Amplification:
    GetBulk requests: 0
    Responses:        0  (avg size: 0 bytes)
  SSDP:
    M-SEARCH packets: 0
    Responses:        2233
  PortMapper:
    GETPORT calls:    0
    DUMP calls:       0
  NetBIOS:
    Name queries:     0
    Datagram packets: 0
  LDAP:
    Bind requests:    0
    Search requests:  134991075
  MSSQL:
    SQLBatch packets: 0
    RPC packets:      0
  TFTP:
    RRQ (read) pkts:  0
    WRQ (write) pkts: 0

[ATTACK DETECTIONS - Cumulative Events]
  UDP flood events:   0
  UDP-lag events:     0
  SYN flood events:   0
  HTTP flood events:  0
  ICMP flood events:  0
  DNS amp events:     0
  NTP amp events:     0
  SNMP amp events:    0
  SSDP events:        0
  PortMap events:     0
  NetBIOS events:     0
  LDAP events:        1081
  MSSQL events:       0
  TFTP events:        0
  ACK flood events:   0
  Frag attack events: 0
  Heavy-hitter events:1121 (OctoSketch per-IP detection)
  Packet flood events:0
  (Note: Events count IPs exceeding thresholds per 50ms window)

[ALERT STATUS]
  Alert level:        [1;31mHIGH[0m
  Reason:             [1;31mLDAP detected: 2160675 pps | HEAVY-HITTER: 10.10.3.172 @ 11744 pps | TREND: attack rising (+584448/250ms) | [0m

[MULTI-LF (2025) COMPARISON]
=== Detection Performance vs ML-Based System ===

  First Detection Latency:   3425.89 ms (vs MULTI-LF: 866 ms)
    Improvement:             0.3× faster

  Packets until detection:   1106353308
  Bytes until detection:     135675220297 (129389.97 MB)

[OCTOSKETCH METRICS - Optimized Architecture]
=== Per-Worker Sketches + Sampling (1/32 packets) ===

  Architecture:              Per-worker (NO atomics, NO contention)
  Total sketch memory:       8961 KB (14 workers × 640.1 KB)
  Sampling rate:             1 in 32 packets (3.1% overhead)
  Attack traffic sampled:    8174912 updates
  Estimated attack packets:  261597184 (×32 sampling factor)
  Sketch overhead:           ~1.56% of fast-path cycles
  Memory efficiency:         O(1) constant, 640.1 KB per worker

[OCTOSKETCH HEAVY-HITTER DETECTION]
=== Top Attackers (per-IP tracking via Count-Min Sketch) ===

  Heavy-hitter threshold:    5000 pps per IP
  Heavy-hitters detected:    5 IPs exceeding threshold
  Total HH detections:       1121 events

  Top 5 Attackers (estimated counts, ×32 sampling):
    #1: 10.10.3.172 - 44480 pkts (8892 pps) [HEAVY-HITTER]
    #2: 10.10.3.53 - 43584 pkts (8713 pps) [HEAVY-HITTER]
    #3: 10.10.3.143 - 43552 pkts (8706 pps) [HEAVY-HITTER]
    #4: 10.10.3.3 - 43136 pkts (8623 pps) [HEAVY-HITTER]
    #5: 10.10.3.76 - 43072 pkts (8610 pps) [HEAVY-HITTER]

[RING BUFFER + MULTI-SCALE FEATURES]
=== Temporal Analysis (last 100 windows = 5.0 sec) ===

  Windows processed:         3806
  Buffer utilization:        100/100 (100.0%)
  Running baseline (ML):     5708658 pps (for ML features only)
  Detection mode:            FIXED THRESHOLDS

  [Temporal Features - Last Window]
    Delta PPS (250ms):       +584448
    Delta PPS (500ms):       +1172736
    PPS Variance:            455966261248
    Ratio vs Baseline:       1.89x

  [Multi-Scale Features]
    Top IP (50ms):           262 pps
    Top IP (1s):             4160 pps
    Top IP (1min):           2133 pps
    Burst Ratio (50ms/1min): 0.12x
    IP Concentration:        0.9%

[MULTIPLE DETECTION STATISTICS]
=== Aggregate Detection Analysis ===

  Total detection events:    1081
  Average detection latency: 57.77 ms
  Min detection latency:     53.95 ms
  Max detection latency:     3425.89 ms
  Latency range:             3371.94 ms

  Detection Latency Histogram:
    < 20 ms:  0 detections (0.0%)
    20-30 ms: 0 detections (0.0%)
    30-40 ms: 0 detections (0.0%)
    40-50 ms: 0 detections (0.0%)
    > 50 ms:  1080 detections (99.9%)

[PERFORMANCE METRICS]
  Throughput:         5.06 Gbps (6.97 Mpps)
  Cycles available:   429 cycles/pkt (lower = higher load)
  Active IPs:         0
  Worker threads:     14 (lcores 1-14)

[DPDK NIC STATISTICS]
  RX packets (NIC):   1723246517
  RX dropped (HW):    [0m0[0m (imissed)
  RX no mbufs:        [0m0[0m (buffer exhaustion)
  RX errors:          0
  Total drops:        [0m0 (0.00%)[0m
  RX burst calls:     50106818525 (98.0% empty)
  Processed pkts:     1723250076 (100.0% of NIC RX)


╔═══════════════════════════════════════════════════════════════════════╗
║          MIRA DDoS DETECTOR - STATISTICS (MULTI-CORE)                ║
╚═══════════════════════════════════════════════════════════════════════╝

[PACKET COUNTERS - GLOBAL]
  Total packets:      1774662611
  Baseline (10.10.2.x): 1002808934 (56.5%)
  Attack (10.10.3.x): 145809820 (8.2%)
  TCP packets:        946442733
  UDP packets:        737623715
  ICMP packets:       90596163

[INSTANTANEOUS TRAFFIC - Last 5.0 seconds]
  Baseline (10.10.2.x): 24074796 pkts (69.0%)  2224929038 bytes  3.56 Gbps
  Attack (10.10.3.x): 10816256 pkts (31.0%)  876116736 bytes  1.40 Gbps
  Total throughput:   4.96 Gbps  (avg pkt: 89 bytes)

[CUMULATIVE TRAFFIC - Since first packet (199.6s)]
  Total received:     1774662611 pkts (8.89 Mpps) | 8.27 Gbps | 206360915798 bytes

[ATTACK-SPECIFIC COUNTERS]
  SYN packets:        250185863
  SYN-ACK packets:    125092803
  SYN/ACK ratio:      2.00
  HTTP requests:      489721954
  DNS queries:        259764969

[PROTOCOL-SPECIFIC COUNTERS - CIC-DDoS-2019 Features]
  NTP Amplification:
    Monlist queries:  0
    Responses:        0  (avg size: 0 bytes)
  DNS Amplification:
    ANY queries:      0
    TXT queries:      0
    Responses:        259764953  (avg size: 108 bytes)
  SNMP Amplification:
    GetBulk requests: 0
    Responses:        0  (avg size: 0 bytes)
  SSDP:
    M-SEARCH packets: 0
    Responses:        2407
  PortMapper:
    GETPORT calls:    0
    DUMP calls:       0
  NetBIOS:
    Name queries:     0
    Datagram packets: 0
  LDAP:
    Bind requests:    0
    Search requests:  145807413
  MSSQL:
    SQLBatch packets: 0
    RPC packets:      0
  TFTP:
    RRQ (read) pkts:  0
    WRQ (write) pkts: 0

[ATTACK DETECTIONS - Cumulative Events]
  UDP flood events:   0
  UDP-lag events:     0
  SYN flood events:   0
  HTTP flood events:  0
  ICMP flood events:  0
  DNS amp events:     0
  NTP amp events:     0
  SNMP amp events:    0
  SSDP events:        0
  PortMap events:     0
  NetBIOS events:     0
  LDAP events:        1172
  MSSQL events:       0
  TFTP events:        0
  ACK flood events:   0
  Frag attack events: 0
  Heavy-hitter events:1212 (OctoSketch per-IP detection)
  Packet flood events:0
  (Note: Events count IPs exceeding thresholds per 50ms window)

[ALERT STATUS]
  Alert level:        [1;31mHIGH[0m
  Reason:             [1;31mLDAP detected: 2160684 pps | HEAVY-HITTER: 10.10.3.177 @ 11588 pps | TREND: attack rising (+583936/250ms) | [0m

[MULTI-LF (2025) COMPARISON]
=== Detection Performance vs ML-Based System ===

  First Detection Latency:   3425.89 ms (vs MULTI-LF: 866 ms)
    Improvement:             0.3× faster

  Packets until detection:   1106353308
  Bytes until detection:     135675220297 (129389.97 MB)

[OCTOSKETCH METRICS - Optimized Architecture]
=== Per-Worker Sketches + Sampling (1/32 packets) ===

  Architecture:              Per-worker (NO atomics, NO contention)
  Total sketch memory:       8961 KB (14 workers × 640.1 KB)
  Sampling rate:             1 in 32 packets (3.1% overhead)
  Attack traffic sampled:    8052320 updates
  Estimated attack packets:  257674240 (×32 sampling factor)
  Sketch overhead:           ~1.56% of fast-path cycles
  Memory efficiency:         O(1) constant, 640.1 KB per worker

[OCTOSKETCH HEAVY-HITTER DETECTION]
=== Top Attackers (per-IP tracking via Count-Min Sketch) ===

  Heavy-hitter threshold:    5000 pps per IP
  Heavy-hitters detected:    5 IPs exceeding threshold
  Total HH detections:       1212 events

  Top 5 Attackers (estimated counts, ×32 sampling):
    #1: 10.10.3.177 - 43232 pkts (8636 pps) [HEAVY-HITTER]
    #2: 10.10.3.133 - 42848 pkts (8559 pps) [HEAVY-HITTER]
    #3: 10.10.3.110 - 42752 pkts (8540 pps) [HEAVY-HITTER]
    #4: 10.10.3.98 - 42624 pkts (8515 pps) [HEAVY-HITTER]
    #5: 10.10.3.195 - 42528 pkts (8495 pps) [HEAVY-HITTER]

[RING BUFFER + MULTI-SCALE FEATURES]
=== Temporal Analysis (last 100 windows = 5.0 sec) ===

  Windows processed:         3897
  Buffer utilization:        100/100 (100.0%)
  Running baseline (ML):     5762684 pps (for ML features only)
  Detection mode:            FIXED THRESHOLDS

  [Temporal Features - Last Window]
    Delta PPS (250ms):       +583936
    Delta PPS (500ms):       +1168384
    PPS Variance:            454594887680
    Ratio vs Baseline:       1.86x

  [Multi-Scale Features]
    Top IP (50ms):           249 pps
    Top IP (1s):             11744 pps
    Top IP (1min):           3062 pps
    Burst Ratio (50ms/1min): 0.08x
    IP Concentration:        0.8%

[MULTIPLE DETECTION STATISTICS]
=== Aggregate Detection Analysis ===

  Total detection events:    1172
  Average detection latency: 57.53 ms
  Min detection latency:     53.95 ms
  Max detection latency:     3425.89 ms
  Latency range:             3371.94 ms

  Detection Latency Histogram:
    < 20 ms:  0 detections (0.0%)
    20-30 ms: 0 detections (0.0%)
    30-40 ms: 0 detections (0.0%)
    40-50 ms: 0 detections (0.0%)
    > 50 ms:  1171 detections (99.9%)

[PERFORMANCE METRICS]
  Throughput:         4.96 Gbps (6.97 Mpps)
  Cycles available:   429 cycles/pkt (lower = higher load)
  Active IPs:         0
  Worker threads:     14 (lcores 1-14)

[DPDK NIC STATISTICS]
  RX packets (NIC):   1774659139
  RX dropped (HW):    [0m0[0m (imissed)
  RX no mbufs:        [0m0[0m (buffer exhaustion)
  RX errors:          0
  Total drops:        [0m0 (0.00%)[0m
  RX burst calls:     51171003861 (98.0% empty)
  Processed pkts:     1774662611 (100.0% of NIC RX)


╔═══════════════════════════════════════════════════════════════════════╗
║          MIRA DDoS DETECTOR - STATISTICS (MULTI-CORE)                ║
╚═══════════════════════════════════════════════════════════════════════╝

[PACKET COUNTERS - GLOBAL]
  Total packets:      1826030748
  Baseline (10.10.2.x): 1026866119 (56.2%)
  Attack (10.10.3.x): 156614812 (8.6%)
  TCP packets:        962672919
  UDP packets:        770505015
  ICMP packets:       92852814

[INSTANTANEOUS TRAFFIC - Last 5.0 seconds]
  Baseline (10.10.2.x): 24056654 pkts (69.0%)  2223650503 bytes  3.56 Gbps
  Attack (10.10.3.x): 10804736 pkts (31.0%)  875183616 bytes  1.40 Gbps
  Total throughput:   4.96 Gbps  (avg pkt: 89 bytes)

[CUMULATIVE TRAFFIC - Since first packet (204.6s)]
  Total received:     1826030748 pkts (8.92 Mpps) | 8.28 Gbps | 211794595147 bytes

[ATTACK-SPECIFIC COUNTERS]
  SYN packets:        254581607
  SYN-ACK packets:    127290675
  SYN/ACK ratio:      2.00
  HTTP requests:      497329564
  DNS queries:        269901688

[PROTOCOL-SPECIFIC COUNTERS - CIC-DDoS-2019 Features]
  NTP Amplification:
    Monlist queries:  0
    Responses:        0  (avg size: 0 bytes)
  DNS Amplification:
    ANY queries:      0
    TXT queries:      0
    Responses:        269901674  (avg size: 108 bytes)
  SNMP Amplification:
    GetBulk requests: 0
    Responses:        0  (avg size: 0 bytes)
  SSDP:
    M-SEARCH packets: 0
    Responses:        2586
  PortMapper:
    GETPORT calls:    0
    DUMP calls:       0
  NetBIOS:
    Name queries:     0
    Datagram packets: 0
  LDAP:
    Bind requests:    0
    Search requests:  156612226
  MSSQL:
    SQLBatch packets: 0
    RPC packets:      0
  TFTP:
    RRQ (read) pkts:  0
    WRQ (write) pkts: 0

[ATTACK DETECTIONS - Cumulative Events]
  UDP flood events:   0
  UDP-lag events:     0
  SYN flood events:   0
  HTTP flood events:  0
  ICMP flood events:  0
  DNS amp events:     0
  NTP amp events:     0
  SNMP amp events:    0
  SSDP events:        0
  PortMap events:     0
  NetBIOS events:     0
  LDAP events:        1264
  MSSQL events:       0
  TFTP events:        0
  ACK flood events:   0
  Frag attack events: 0
  Heavy-hitter events:1304 (OctoSketch per-IP detection)
  Packet flood events:0
  (Note: Events count IPs exceeding thresholds per 50ms window)

[ALERT STATUS]
  Alert level:        [1;31mHIGH[0m
  Reason:             [1;31mLDAP detected: 2160703 pps | HEAVY-HITTER: 10.10.3.46 @ 11494 pps | TREND: attack rising (+583936/250ms) | [0m

[MULTI-LF (2025) COMPARISON]
=== Detection Performance vs ML-Based System ===

  First Detection Latency:   3425.89 ms (vs MULTI-LF: 866 ms)
    Improvement:             0.3× faster

  Packets until detection:   1106353308
  Bytes until detection:     135675220297 (129389.97 MB)

[OCTOSKETCH METRICS - Optimized Architecture]
=== Per-Worker Sketches + Sampling (1/32 packets) ===

  Architecture:              Per-worker (NO atomics, NO contention)
  Total sketch memory:       8961 KB (14 workers × 640.1 KB)
  Sampling rate:             1 in 32 packets (3.1% overhead)
  Attack traffic sampled:    8051808 updates
  Estimated attack packets:  257657856 (×32 sampling factor)
  Sketch overhead:           ~1.56% of fast-path cycles
  Memory efficiency:         O(1) constant, 640.1 KB per worker

[OCTOSKETCH HEAVY-HITTER DETECTION]
=== Top Attackers (per-IP tracking via Count-Min Sketch) ===

  Heavy-hitter threshold:    5000 pps per IP
  Heavy-hitters detected:    5 IPs exceeding threshold
  Total HH detections:       1304 events

  Top 5 Attackers (estimated counts, ×32 sampling):
    #1: 10.10.3.46 - 42880 pkts (8575 pps) [HEAVY-HITTER]
    #2: 10.10.3.45 - 42752 pkts (8549 pps) [HEAVY-HITTER]
    #3: 10.10.3.83 - 42752 pkts (8549 pps) [HEAVY-HITTER]
    #4: 10.10.3.5 - 42656 pkts (8530 pps) [HEAVY-HITTER]
    #5: 10.10.3.25 - 42592 pkts (8517 pps) [HEAVY-HITTER]

[RING BUFFER + MULTI-SCALE FEATURES]
=== Temporal Analysis (last 100 windows = 5.0 sec) ===

  Windows processed:         3989
  Buffer utilization:        100/100 (100.0%)
  Running baseline (ML):     5707626 pps (for ML features only)
  Detection mode:            FIXED THRESHOLDS

  [Temporal Features - Last Window]
    Delta PPS (250ms):       +583936
    Delta PPS (500ms):       +1170176
    PPS Variance:            454785892352
    Ratio vs Baseline:       1.89x

  [Multi-Scale Features]
    Top IP (50ms):           266 pps
    Top IP (1s):             6624 pps
    Top IP (1min):           3963 pps
    Burst Ratio (50ms/1min): 0.07x
    IP Concentration:        0.9%

[MULTIPLE DETECTION STATISTICS]
=== Aggregate Detection Analysis ===

  Total detection events:    1264
  Average detection latency: 57.33 ms
  Min detection latency:     53.95 ms
  Max detection latency:     3425.89 ms
  Latency range:             3371.94 ms

  Detection Latency Histogram:
    < 20 ms:  0 detections (0.0%)
    20-30 ms: 0 detections (0.0%)
    30-40 ms: 0 detections (0.0%)
    40-50 ms: 0 detections (0.0%)
    > 50 ms:  1263 detections (99.9%)

[PERFORMANCE METRICS]
  Throughput:         4.96 Gbps (6.97 Mpps)
  Cycles available:   429 cycles/pkt (lower = higher load)
  Active IPs:         0
  Worker threads:     14 (lcores 1-14)

[DPDK NIC STATISTICS]
  RX packets (NIC):   1826027168
  RX dropped (HW):    [0m0[0m (imissed)
  RX no mbufs:        [0m0[0m (buffer exhaustion)
  RX errors:          0
  Total drops:        [0m0 (0.00%)[0m
  RX burst calls:     52234146600 (98.0% empty)
  Processed pkts:     1826030748 (100.0% of NIC RX)


╔═══════════════════════════════════════════════════════════════════════╗
║          MIRA DDoS DETECTOR - STATISTICS (MULTI-CORE)                ║
╚═══════════════════════════════════════════════════════════════════════╝

[PACKET COUNTERS - GLOBAL]
  Total packets:      1877496500
  Baseline (10.10.2.x): 1050967841 (56.0%)
  Attack (10.10.3.x): 167438748 (8.9%)
  TCP packets:        978930204
  UDP packets:        803451966
  ICMP packets:       95114330

[INSTANTANEOUS TRAFFIC - Last 5.0 seconds]
  Baseline (10.10.2.x): 24101354 pkts (69.0%)  2227361030 bytes  3.56 Gbps
  Attack (10.10.3.x): 10823681 pkts (31.0%)  876718161 bytes  1.40 Gbps
  Total throughput:   4.96 Gbps  (avg pkt: 89 bytes)

[CUMULATIVE TRAFFIC - Since first packet (209.6s)]
  Total received:     1877496500 pkts (8.96 Mpps) | 8.29 Gbps | 217238031944 bytes

[ATTACK-SPECIFIC COUNTERS]
  SYN packets:        258984666
  SYN-ACK packets:    129492197
  SYN/ACK ratio:      2.00
  HTTP requests:      504949930
  DNS queries:        280061383

[PROTOCOL-SPECIFIC COUNTERS - CIC-DDoS-2019 Features]
  NTP Amplification:
    Monlist queries:  0
    Responses:        0  (avg size: 0 bytes)
  DNS Amplification:
    ANY queries:      0
    TXT queries:      0
    Responses:        280061367  (avg size: 108 bytes)
  SNMP Amplification:
    GetBulk requests: 0
    Responses:        0  (avg size: 0 bytes)
  SSDP:
    M-SEARCH packets: 0
    Responses:        2766
  PortMapper:
    GETPORT calls:    0
    DUMP calls:       0
  NetBIOS:
    Name queries:     0
    Datagram packets: 0
  LDAP:
    Bind requests:    0
    Search requests:  167435982
  MSSQL:
    SQLBatch packets: 0
    RPC packets:      0
  TFTP:
    RRQ (read) pkts:  0
    WRQ (write) pkts: 0

[ATTACK DETECTIONS - Cumulative Events]
  UDP flood events:   0
  UDP-lag events:     0
  SYN flood events:   0
  HTTP flood events:  0
  ICMP flood events:  0
  DNS amp events:     0
  NTP amp events:     0
  SNMP amp events:    0
  SSDP events:        0
  PortMap events:     0
  NetBIOS events:     0
  LDAP events:        1355
  MSSQL events:       0
  TFTP events:        0
  ACK flood events:   0
  Frag attack events: 0
  Heavy-hitter events:1395 (OctoSketch per-IP detection)
  Packet flood events:0
  (Note: Events count IPs exceeding thresholds per 50ms window)

[ALERT STATUS]
  Alert level:        [1;31mHIGH[0m
  Reason:             [1;31mLDAP detected: 2160706 pps | HEAVY-HITTER: 10.10.3.122 @ 11780 pps | TREND: attack rising (+584526/250ms) | [0m

[MULTI-LF (2025) COMPARISON]
=== Detection Performance vs ML-Based System ===

  First Detection Latency:   3425.89 ms (vs MULTI-LF: 866 ms)
    Improvement:             0.3× faster

  Packets until detection:   1106353308
  Bytes until detection:     135675220297 (129389.97 MB)

[OCTOSKETCH METRICS - Optimized Architecture]
=== Per-Worker Sketches + Sampling (1/32 packets) ===

  Architecture:              Per-worker (NO atomics, NO contention)
  Total sketch memory:       8961 KB (14 workers × 640.1 KB)
  Sampling rate:             1 in 32 packets (3.1% overhead)
  Attack traffic sampled:    7938624 updates
  Estimated attack packets:  254035968 (×32 sampling factor)
  Sketch overhead:           ~1.56% of fast-path cycles
  Memory efficiency:         O(1) constant, 640.1 KB per worker

[OCTOSKETCH HEAVY-HITTER DETECTION]
=== Top Attackers (per-IP tracking via Count-Min Sketch) ===

  Heavy-hitter threshold:    5000 pps per IP
  Heavy-hitters detected:    5 IPs exceeding threshold
  Total HH detections:       1395 events

  Top 5 Attackers (estimated counts, ×32 sampling):
    #1: 10.10.3.122 - 43328 pkts (8649 pps) [HEAVY-HITTER]
    #2: 10.10.3.156 - 42496 pkts (8483 pps) [HEAVY-HITTER]
    #3: 10.10.3.119 - 42464 pkts (8477 pps) [HEAVY-HITTER]
    #4: 10.10.3.106 - 42272 pkts (8439 pps) [HEAVY-HITTER]
    #5: 10.10.3.42 - 41984 pkts (8381 pps) [HEAVY-HITTER]

[RING BUFFER + MULTI-SCALE FEATURES]
=== Temporal Analysis (last 100 windows = 5.0 sec) ===

  Windows processed:         4080
  Buffer utilization:        100/100 (100.0%)
  Running baseline (ML):     5764149 pps (for ML features only)
  Detection mode:            FIXED THRESHOLDS

  [Temporal Features - Last Window]
    Delta PPS (250ms):       +584526
    Delta PPS (500ms):       +1168974
    PPS Variance:            454596067328
    Ratio vs Baseline:       1.86x

  [Multi-Scale Features]
    Top IP (50ms):           261 pps
    Top IP (1s):             13248 pps
    Top IP (1min):           4912 pps
    Burst Ratio (50ms/1min): 0.05x
    IP Concentration:        0.9%

[MULTIPLE DETECTION STATISTICS]
=== Aggregate Detection Analysis ===

  Total detection events:    1355
  Average detection latency: 57.15 ms
  Min detection latency:     53.95 ms
  Max detection latency:     3425.89 ms
  Latency range:             3371.94 ms

  Detection Latency Histogram:
    < 20 ms:  0 detections (0.0%)
    20-30 ms: 0 detections (0.0%)
    30-40 ms: 0 detections (0.0%)
    40-50 ms: 0 detections (0.0%)
    > 50 ms:  1354 detections (99.9%)

[PERFORMANCE METRICS]
  Throughput:         4.96 Gbps (6.97 Mpps)
  Cycles available:   429 cycles/pkt (lower = higher load)
  Active IPs:         0
  Worker threads:     14 (lcores 1-14)

[DPDK NIC STATISTICS]
  RX packets (NIC):   1877492899
  RX dropped (HW):    [0m0[0m (imissed)
  RX no mbufs:        [0m0[0m (buffer exhaustion)
  RX errors:          0
  Total drops:        [0m0 (0.00%)[0m
  RX burst calls:     53298956872 (98.0% empty)
  Processed pkts:     1877496500 (100.0% of NIC RX)


╔═══════════════════════════════════════════════════════════════════════╗
║          MIRA DDoS DETECTOR - STATISTICS (MULTI-CORE)                ║
╚═══════════════════════════════════════════════════════════════════════╝

[PACKET COUNTERS - GLOBAL]
  Total packets:      1928525212
  Baseline (10.10.2.x): 1077229594 (55.9%)
  Attack (10.10.3.x): 178242460 (9.2%)
  TCP packets:        1008074154
  UDP packets:        823098372
  ICMP packets:       97352686

[INSTANTANEOUS TRAFFIC - Last 5.0 seconds]
  Baseline (10.10.2.x): 26261316 pkts (69.4%)  2460746564 bytes  3.94 Gbps
  Attack (10.10.3.x): 11565179 pkts (30.6%)  875094759 bytes  1.40 Gbps
  Total throughput:   5.34 Gbps  (avg pkt: 88 bytes)

[CUMULATIVE TRAFFIC - Since first packet (214.6s)]
  Total received:     1928525212 pkts (8.99 Mpps) | 8.31 Gbps | 223052366796 bytes

[ATTACK-SPECIFIC COUNTERS]
  SYN packets:        266916658
  SYN-ACK packets:    133458188
  SYN/ACK ratio:      2.00
  HTTP requests:      518320183
  DNS queries:        283591373

[PROTOCOL-SPECIFIC COUNTERS - CIC-DDoS-2019 Features]
  NTP Amplification:
    Monlist queries:  0
    Responses:        0  (avg size: 0 bytes)
  DNS Amplification:
    ANY queries:      0
    TXT queries:      0
    Responses:        283591360  (avg size: 108 bytes)
  SNMP Amplification:
    GetBulk requests: 0
    Responses:        0  (avg size: 0 bytes)
  SSDP:
    M-SEARCH packets: 0
    Responses:        2949
  PortMapper:
    GETPORT calls:    0
    DUMP calls:       0
  NetBIOS:
    Name queries:     0
    Datagram packets: 0
  LDAP:
    Bind requests:    0
    Search requests:  178239511
  MSSQL:
    SQLBatch packets: 0
    RPC packets:      0
  TFTP:
    RRQ (read) pkts:  0
    WRQ (write) pkts: 0

[ATTACK DETECTIONS - Cumulative Events]
  UDP flood events:   0
  UDP-lag events:     0
  SYN flood events:   0
  HTTP flood events:  0
  ICMP flood events:  0
  DNS amp events:     0
  NTP amp events:     0
  SNMP amp events:    0
  SSDP events:        0
  PortMap events:     0
  NetBIOS events:     0
  LDAP events:        1447
  MSSQL events:       0
  TFTP events:        0
  ACK flood events:   0
  Frag attack events: 0
  Heavy-hitter events:1487 (OctoSketch per-IP detection)
  Packet flood events:0
  (Note: Events count IPs exceeding thresholds per 50ms window)

[ALERT STATUS]
  Alert level:        [1;31mHIGH[0m
  Reason:             [1;31mLDAP detected: 2160662 pps | HEAVY-HITTER: 10.10.3.70 @ 11637 pps | TREND: attack rising (+583936/250ms) | [0m

[MULTI-LF (2025) COMPARISON]
=== Detection Performance vs ML-Based System ===

  First Detection Latency:   3425.89 ms (vs MULTI-LF: 866 ms)
    Improvement:             0.3× faster

  Packets until detection:   1106353308
  Bytes until detection:     135675220297 (129389.97 MB)

[OCTOSKETCH METRICS - Optimized Architecture]
=== Per-Worker Sketches + Sampling (1/32 packets) ===

  Architecture:              Per-worker (NO atomics, NO contention)
  Total sketch memory:       8961 KB (14 workers × 640.1 KB)
  Sampling rate:             1 in 32 packets (3.1% overhead)
  Attack traffic sampled:    7935264 updates
  Estimated attack packets:  253928448 (×32 sampling factor)
  Sketch overhead:           ~1.56% of fast-path cycles
  Memory efficiency:         O(1) constant, 640.1 KB per worker

[OCTOSKETCH HEAVY-HITTER DETECTION]
=== Top Attackers (per-IP tracking via Count-Min Sketch) ===

  Heavy-hitter threshold:    5000 pps per IP
  Heavy-hitters detected:    5 IPs exceeding threshold
  Total HH detections:       1487 events

  Top 5 Attackers (estimated counts, ×32 sampling):
    #1: 10.10.3.70 - 42784 pkts (8557 pps) [HEAVY-HITTER]
    #2: 10.10.3.43 - 42496 pkts (8499 pps) [HEAVY-HITTER]
    #3: 10.10.3.194 - 42464 pkts (8493 pps) [HEAVY-HITTER]
    #4: 10.10.3.188 - 42336 pkts (8467 pps) [HEAVY-HITTER]
    #5: 10.10.3.8 - 42144 pkts (8429 pps) [HEAVY-HITTER]

[RING BUFFER + MULTI-SCALE FEATURES]
=== Temporal Analysis (last 100 windows = 5.0 sec) ===

  Windows processed:         4172
  Buffer utilization:        100/100 (100.0%)
  Running baseline (ML):     6398868 pps (for ML features only)
  Detection mode:            FIXED THRESHOLDS

  [Temporal Features - Last Window]
    Delta PPS (250ms):       +583936
    Delta PPS (500ms):       +1168384
    PPS Variance:            454947307520
    Ratio vs Baseline:       1.80x

  [Multi-Scale Features]
    Top IP (50ms):           244 pps
    Top IP (1s):             8416 pps
    Top IP (1min):           5834 pps
    Burst Ratio (50ms/1min): 0.04x
    IP Concentration:        0.8%

[MULTIPLE DETECTION STATISTICS]
=== Aggregate Detection Analysis ===

  Total detection events:    1447
  Average detection latency: 56.99 ms
  Min detection latency:     53.95 ms
  Max detection latency:     3425.89 ms
  Latency range:             3371.94 ms

  Detection Latency Histogram:
    < 20 ms:  0 detections (0.0%)
    20-30 ms: 0 detections (0.0%)
    30-40 ms: 0 detections (0.0%)
    40-50 ms: 0 detections (0.0%)
    > 50 ms:  1446 detections (99.9%)

[PERFORMANCE METRICS]
  Throughput:         5.34 Gbps (7.57 Mpps)
  Cycles available:   395 cycles/pkt (lower = higher load)
  Active IPs:         0
  Worker threads:     14 (lcores 1-14)

[DPDK NIC STATISTICS]
  RX packets (NIC):   1928521468
  RX dropped (HW):    [0m0[0m (imissed)
  RX no mbufs:        [0m0[0m (buffer exhaustion)
  RX errors:          0
  Total drops:        [0m0 (0.00%)[0m
  RX burst calls:     54357680861 (98.0% empty)
  Processed pkts:     1928525212 (100.0% of NIC RX)


╔═══════════════════════════════════════════════════════════════════════╗
║          MIRA DDoS DETECTOR - STATISTICS (MULTI-CORE)                ║
╚═══════════════════════════════════════════════════════════════════════╝

[PACKET COUNTERS - GLOBAL]
  Total packets:      1979605660
  Baseline (10.10.2.x): 1103707028 (55.8%)
  Attack (10.10.3.x): 189059740 (9.6%)
  TCP packets:        1038270492
  UDP packets:        841744269
  ICMP packets:       99590899

[INSTANTANEOUS TRAFFIC - Last 5.0 seconds]
  Baseline (10.10.2.x): 26477434 pkts (71.0%)  2483963843 bytes  3.97 Gbps
  Attack (10.10.3.x): 10817024 pkts (29.0%)  876178944 bytes  1.40 Gbps
  Total throughput:   5.37 Gbps  (avg pkt: 90 bytes)

[CUMULATIVE TRAFFIC - Since first packet (219.6s)]
  Total received:     1979605660 pkts (9.01 Mpps) | 8.34 Gbps | 228906102212 bytes

[ATTACK-SPECIFIC COUNTERS]
  SYN packets:        275136645
  SYN-ACK packets:    137568181
  SYN/ACK ratio:      2.00
  HTTP requests:      532161388
  DNS queries:        286611539

[PROTOCOL-SPECIFIC COUNTERS - CIC-DDoS-2019 Features]
  NTP Amplification:
    Monlist queries:  0
    Responses:        0  (avg size: 0 bytes)
  DNS Amplification:
    ANY queries:      0
    TXT queries:      0
    Responses:        286611526  (avg size: 108 bytes)
  SNMP Amplification:
    GetBulk requests: 0
    Responses:        0  (avg size: 0 bytes)
  SSDP:
    M-SEARCH packets: 0
    Responses:        3123
  PortMapper:
    GETPORT calls:    0
    DUMP calls:       0
  NetBIOS:
    Name queries:     0
    Datagram packets: 0
  LDAP:
    Bind requests:    0
    Search requests:  189056617
  MSSQL:
    SQLBatch packets: 0
    RPC packets:      0
  TFTP:
    RRQ (read) pkts:  0
    WRQ (write) pkts: 0

[ATTACK DETECTIONS - Cumulative Events]
  UDP flood events:   0
  UDP-lag events:     0
  SYN flood events:   0
  HTTP flood events:  0
  ICMP flood events:  0
  DNS amp events:     0
  NTP amp events:     0
  SNMP amp events:    0
  SSDP events:        0
  PortMap events:     0
  NetBIOS events:     0
  LDAP events:        1538
  MSSQL events:       0
  TFTP events:        0
  ACK flood events:   0
  Frag attack events: 0
  Heavy-hitter events:1578 (OctoSketch per-IP detection)
  Packet flood events:0
  (Note: Events count IPs exceeding thresholds per 50ms window)

[ALERT STATUS]
  Alert level:        [1;31mHIGH[0m
  Reason:             [1;31mLDAP detected: 2160713 pps | HEAVY-HITTER: 10.10.3.114 @ 11905 pps | TREND: attack rising (+585728/250ms) | [0m

[MULTI-LF (2025) COMPARISON]
=== Detection Performance vs ML-Based System ===

  First Detection Latency:   3425.89 ms (vs MULTI-LF: 866 ms)
    Improvement:             0.3× faster

  Packets until detection:   1106353308
  Bytes until detection:     135675220297 (129389.97 MB)

[OCTOSKETCH METRICS - Optimized Architecture]
=== Per-Worker Sketches + Sampling (1/32 packets) ===

  Architecture:              Per-worker (NO atomics, NO contention)
  Total sketch memory:       8961 KB (14 workers × 640.1 KB)
  Sampling rate:             1 in 32 packets (3.1% overhead)
  Attack traffic sampled:    7820032 updates
  Estimated attack packets:  250241024 (×32 sampling factor)
  Sketch overhead:           ~1.56% of fast-path cycles
  Memory efficiency:         O(1) constant, 640.1 KB per worker

[OCTOSKETCH HEAVY-HITTER DETECTION]
=== Top Attackers (per-IP tracking via Count-Min Sketch) ===

  Heavy-hitter threshold:    5000 pps per IP
  Heavy-hitters detected:    5 IPs exceeding threshold
  Total HH detections:       1578 events

  Top 5 Attackers (estimated counts, ×32 sampling):
    #1: 10.10.3.114 - 43136 pkts (8616 pps) [HEAVY-HITTER]
    #2: 10.10.3.199 - 42400 pkts (8469 pps) [HEAVY-HITTER]
    #3: 10.10.3.27 - 41504 pkts (8290 pps) [HEAVY-HITTER]
    #4: 10.10.3.82 - 41504 pkts (8290 pps) [HEAVY-HITTER]
    #5: 10.10.3.132 - 41376 pkts (8265 pps) [HEAVY-HITTER]

[RING BUFFER + MULTI-SCALE FEATURES]
=== Temporal Analysis (last 100 windows = 5.0 sec) ===

  Windows processed:         4263
  Buffer utilization:        100/100 (100.0%)
  Running baseline (ML):     5828967 pps (for ML features only)
  Detection mode:            FIXED THRESHOLDS

  [Temporal Features - Last Window]
    Delta PPS (250ms):       +585728
    Delta PPS (500ms):       +1169920
    PPS Variance:            454131384320
    Ratio vs Baseline:       1.84x

  [Multi-Scale Features]
    Top IP (50ms):           265 pps
    Top IP (1s):             2592 pps
    Top IP (1min):           6725 pps
    Burst Ratio (50ms/1min): 0.04x
    IP Concentration:        0.9%

[MULTIPLE DETECTION STATISTICS]
=== Aggregate Detection Analysis ===

  Total detection events:    1538
  Average detection latency: 56.86 ms
  Min detection latency:     53.95 ms
  Max detection latency:     3425.89 ms
  Latency range:             3371.94 ms

  Detection Latency Histogram:
    < 20 ms:  0 detections (0.0%)
    20-30 ms: 0 detections (0.0%)
    30-40 ms: 0 detections (0.0%)
    40-50 ms: 0 detections (0.0%)
    > 50 ms:  1537 detections (99.9%)

[PERFORMANCE METRICS]
  Throughput:         5.37 Gbps (7.45 Mpps)
  Cycles available:   401 cycles/pkt (lower = higher load)
  Active IPs:         0
  Worker threads:     14 (lcores 1-14)

[DPDK NIC STATISTICS]
  RX packets (NIC):   1979602096
  RX dropped (HW):    [0m0[0m (imissed)
  RX no mbufs:        [0m0[0m (buffer exhaustion)
  RX errors:          0
  Total drops:        [0m0 (0.00%)[0m
  RX burst calls:     55416867793 (98.0% empty)
  Processed pkts:     1979605660 (100.0% of NIC RX)


╔═══════════════════════════════════════════════════════════════════════╗
║          MIRA DDoS DETECTOR - STATISTICS (MULTI-CORE)                ║
╚═══════════════════════════════════════════════════════════════════════╝

[PACKET COUNTERS - GLOBAL]
  Total packets:      2030678443
  Baseline (10.10.2.x): 1130174708 (55.7%)
  Attack (10.10.3.x): 199884188 (9.8%)
  TCP packets:        1068455238
  UDP packets:        860394353
  ICMP packets:       101828853

[INSTANTANEOUS TRAFFIC - Last 5.0 seconds]
  Baseline (10.10.2.x): 26467194 pkts (71.0%)  2656512759 bytes  4.24 Gbps
  Attack (10.10.3.x): 10824433 pkts (29.0%)  876778506 bytes  1.40 Gbps
  Total throughput:   5.64 Gbps  (avg pkt: 95 bytes)

[CUMULATIVE TRAFFIC - Since first packet (224.6s)]
  Total received:     2030678443 pkts (9.04 Mpps) | 8.36 Gbps | 234758318794 bytes

[ATTACK-SPECIFIC COUNTERS]
  SYN packets:        283353656
  SYN-ACK packets:    141676677
  SYN/ACK ratio:      2.00
  HTTP requests:      545995955
  DNS queries:        289630939

[PROTOCOL-SPECIFIC COUNTERS - CIC-DDoS-2019 Features]
  NTP Amplification:
    Monlist queries:  0
    Responses:        0  (avg size: 0 bytes)
  DNS Amplification:
    ANY queries:      0
    TXT queries:      0
    Responses:        289630916  (avg size: 108 bytes)
  SNMP Amplification:
    GetBulk requests: 0
    Responses:        0  (avg size: 0 bytes)
  SSDP:
    M-SEARCH packets: 0
    Responses:        3301
  PortMapper:
    GETPORT calls:    0
    DUMP calls:       0
  NetBIOS:
    Name queries:     0
    Datagram packets: 0
  LDAP:
    Bind requests:    0
    Search requests:  199880887
  MSSQL:
    SQLBatch packets: 0
    RPC packets:      0
  TFTP:
    RRQ (read) pkts:  0
    WRQ (write) pkts: 0

[ATTACK DETECTIONS - Cumulative Events]
  UDP flood events:   0
  UDP-lag events:     0
  SYN flood events:   0
  HTTP flood events:  0
  ICMP flood events:  0
  DNS amp events:     0
  NTP amp events:     0
  SNMP amp events:    0
  SSDP events:        0
  PortMap events:     0
  NetBIOS events:     0
  LDAP events:        1630
  MSSQL events:       0
  TFTP events:        0
  ACK flood events:   0
  Frag attack events: 0
  Heavy-hitter events:1670 (OctoSketch per-IP detection)
  Packet flood events:0
  (Note: Events count IPs exceeding thresholds per 50ms window)

[ALERT STATUS]
  Alert level:        [1;31mHIGH[0m
  Reason:             [1;31mLDAP detected: 2160665 pps | HEAVY-HITTER: 10.10.3.168 @ 11616 pps | TREND: attack rising (+583936/250ms) | [0m

[MULTI-LF (2025) COMPARISON]
=== Detection Performance vs ML-Based System ===

  First Detection Latency:   3425.89 ms (vs MULTI-LF: 866 ms)
    Improvement:             0.3× faster

  Packets until detection:   1106353308
  Bytes until detection:     135675220297 (129389.97 MB)

[OCTOSKETCH METRICS - Optimized Architecture]
=== Per-Worker Sketches + Sampling (1/32 packets) ===

  Architecture:              Per-worker (NO atomics, NO contention)
  Total sketch memory:       8961 KB (14 workers × 640.1 KB)
  Sampling rate:             1 in 32 packets (3.1% overhead)
  Attack traffic sampled:    7818304 updates
  Estimated attack packets:  250185728 (×32 sampling factor)
  Sketch overhead:           ~1.56% of fast-path cycles
  Memory efficiency:         O(1) constant, 640.1 KB per worker

[OCTOSKETCH HEAVY-HITTER DETECTION]
=== Top Attackers (per-IP tracking via Count-Min Sketch) ===

  Heavy-hitter threshold:    5000 pps per IP
  Heavy-hitters detected:    5 IPs exceeding threshold
  Total HH detections:       1670 events

  Top 5 Attackers (estimated counts, ×32 sampling):
    #1: 10.10.3.168 - 42080 pkts (8400 pps) [HEAVY-HITTER]
    #2: 10.10.3.130 - 41856 pkts (8355 pps) [HEAVY-HITTER]
    #3: 10.10.3.73 - 41728 pkts (8329 pps) [HEAVY-HITTER]
    #4: 10.10.3.5 - 41344 pkts (8253 pps) [HEAVY-HITTER]
    #5: 10.10.3.61 - 41344 pkts (8253 pps) [HEAVY-HITTER]

[RING BUFFER + MULTI-SCALE FEATURES]
=== Temporal Analysis (last 100 windows = 5.0 sec) ===

  Windows processed:         4355
  Buffer utilization:        100/100 (100.0%)
  Running baseline (ML):     5703728 pps (for ML features only)
  Detection mode:            FIXED THRESHOLDS

  [Temporal Features - Last Window]
    Delta PPS (250ms):       +583936
    Delta PPS (500ms):       +1168394
    PPS Variance:            455105413120
    Ratio vs Baseline:       1.89x

  [Multi-Scale Features]
    Top IP (50ms):           265 pps
    Top IP (1s):             10016 pps
    Top IP (1min):           7601 pps
    Burst Ratio (50ms/1min): 0.03x
    IP Concentration:        0.9%

[MULTIPLE DETECTION STATISTICS]
=== Aggregate Detection Analysis ===

  Total detection events:    1630
  Average detection latency: 56.73 ms
  Min detection latency:     53.95 ms
  Max detection latency:     3425.89 ms
  Latency range:             3371.94 ms

  Detection Latency Histogram:
    < 20 ms:  0 detections (0.0%)
    20-30 ms: 0 detections (0.0%)
    30-40 ms: 0 detections (0.0%)
    40-50 ms: 0 detections (0.0%)
    > 50 ms:  1629 detections (99.9%)

[PERFORMANCE METRICS]
  Throughput:         5.64 Gbps (7.44 Mpps)
  Cycles available:   402 cycles/pkt (lower = higher load)
  Active IPs:         0
  Worker threads:     14 (lcores 1-14)

[DPDK NIC STATISTICS]
  RX packets (NIC):   2030675133
  RX dropped (HW):    [0m0[0m (imissed)
  RX no mbufs:        [0m0[0m (buffer exhaustion)
  RX errors:          0
  Total drops:        [0m0 (0.00%)[0m
  RX burst calls:     56478035763 (98.0% empty)
  Processed pkts:     2030678443 (100.0% of NIC RX)


╔═══════════════════════════════════════════════════════════════════════╗
║          MIRA DDoS DETECTOR - STATISTICS (MULTI-CORE)                ║
╚═══════════════════════════════════════════════════════════════════════╝

[PACKET COUNTERS - GLOBAL]
  Total packets:      2081772700
  Baseline (10.10.2.x): 1156653532 (55.6%)
  Attack (10.10.3.x): 210711196 (10.1%)
  TCP packets:        1098650319
  UDP packets:        879050173
  ICMP packets:       104072208

[INSTANTANEOUS TRAFFIC - Last 5.0 seconds]
  Baseline (10.10.2.x): 26478176 pkts (71.0%)  2483901594 bytes  3.97 Gbps
  Attack (10.10.3.x): 10826752 pkts (29.0%)  876966912 bytes  1.40 Gbps
  Total throughput:   5.37 Gbps  (avg pkt: 90 bytes)

[CUMULATIVE TRAFFIC - Since first packet (229.7s)]
  Total received:     2081772700 pkts (9.06 Mpps) | 8.38 Gbps | 240612946976 bytes

[ATTACK-SPECIFIC COUNTERS]
  SYN packets:        291573393
  SYN-ACK packets:    145786542
  SYN/ACK ratio:      2.00
  HTTP requests:      559835977
  DNS queries:        292651824

[PROTOCOL-SPECIFIC COUNTERS - CIC-DDoS-2019 Features]
  NTP Amplification:
    Monlist queries:  0
    Responses:        0  (avg size: 0 bytes)
  DNS Amplification:
    ANY queries:      0
    TXT queries:      0
    Responses:        292651809  (avg size: 108 bytes)
  SNMP Amplification:
    GetBulk requests: 0
    Responses:        0  (avg size: 0 bytes)
  SSDP:
    M-SEARCH packets: 0
    Responses:        3480
  PortMapper:
    GETPORT calls:    0
    DUMP calls:       0
  NetBIOS:
    Name queries:     0
    Datagram packets: 0
  LDAP:
    Bind requests:    0
    Search requests:  210707716
  MSSQL:
    SQLBatch packets: 0
    RPC packets:      0
  TFTP:
    RRQ (read) pkts:  0
    WRQ (write) pkts: 0

[ATTACK DETECTIONS - Cumulative Events]
  UDP flood events:   0
  UDP-lag events:     0
  SYN flood events:   0
  HTTP flood events:  0
  ICMP flood events:  0
  DNS amp events:     0
  NTP amp events:     0
  SNMP amp events:    0
  SSDP events:        0
  PortMap events:     0
  NetBIOS events:     0
  LDAP events:        1722
  MSSQL events:       0
  TFTP events:        0
  ACK flood events:   0
  Frag attack events: 0
  Heavy-hitter events:1762 (OctoSketch per-IP detection)
  Packet flood events:0
  (Note: Events count IPs exceeding thresholds per 50ms window)

[ALERT STATUS]
  Alert level:        [1;31mHIGH[0m
  Reason:             [1;31mLDAP detected: 2160714 pps | HEAVY-HITTER: 10.10.3.143 @ 11448 pps | TREND: attack rising (+584154/250ms) | [0m

[MULTI-LF (2025) COMPARISON]
=== Detection Performance vs ML-Based System ===

  First Detection Latency:   3425.89 ms (vs MULTI-LF: 866 ms)
    Improvement:             0.3× faster

  Packets until detection:   1106353308
  Bytes until detection:     135675220297 (129389.97 MB)

[OCTOSKETCH METRICS - Optimized Architecture]
=== Per-Worker Sketches + Sampling (1/32 packets) ===

  Architecture:              Per-worker (NO atomics, NO contention)
  Total sketch memory:       8961 KB (14 workers × 640.1 KB)
  Sampling rate:             1 in 32 packets (3.1% overhead)
  Attack traffic sampled:    7818656 updates
  Estimated attack packets:  250196992 (×32 sampling factor)
  Sketch overhead:           ~1.56% of fast-path cycles
  Memory efficiency:         O(1) constant, 640.1 KB per worker

[OCTOSKETCH HEAVY-HITTER DETECTION]
=== Top Attackers (per-IP tracking via Count-Min Sketch) ===

  Heavy-hitter threshold:    5000 pps per IP
  Heavy-hitters detected:    5 IPs exceeding threshold
  Total HH detections:       1762 events

  Top 5 Attackers (estimated counts, ×32 sampling):
    #1: 10.10.3.143 - 41472 pkts (8283 pps) [HEAVY-HITTER]
    #2: 10.10.3.52 - 41216 pkts (8232 pps) [HEAVY-HITTER]
    #3: 10.10.3.184 - 41216 pkts (8232 pps) [HEAVY-HITTER]
    #4: 10.10.3.61 - 41184 pkts (8226 pps) [HEAVY-HITTER]
    #5: 10.10.3.45 - 41152 pkts (8219 pps) [HEAVY-HITTER]

[RING BUFFER + MULTI-SCALE FEATURES]
=== Temporal Analysis (last 100 windows = 5.0 sec) ===

  Windows processed:         4447
  Buffer utilization:        100/100 (100.0%)
  Running baseline (ML):     5748798 pps (for ML features only)
  Detection mode:            FIXED THRESHOLDS

  [Temporal Features - Last Window]
    Delta PPS (250ms):       +584154
    Delta PPS (500ms):       +1170176
    PPS Variance:            454793494528
    Ratio vs Baseline:       1.88x

  [Multi-Scale Features]
    Top IP (50ms):           265 pps
    Top IP (1s):             4864 pps
    Top IP (1min):           8488 pps
    Burst Ratio (50ms/1min): 0.03x
    IP Concentration:        0.9%

[MULTIPLE DETECTION STATISTICS]
=== Aggregate Detection Analysis ===

  Total detection events:    1722
  Average detection latency: 56.62 ms
  Min detection latency:     53.95 ms
  Max detection latency:     3425.89 ms
  Latency range:             3371.94 ms

  Detection Latency Histogram:
    < 20 ms:  0 detections (0.0%)
    20-30 ms: 0 detections (0.0%)
    30-40 ms: 0 detections (0.0%)
    40-50 ms: 0 detections (0.0%)
    > 50 ms:  1721 detections (99.9%)

[PERFORMANCE METRICS]
  Throughput:         5.37 Gbps (7.45 Mpps)
  Cycles available:   401 cycles/pkt (lower = higher load)
  Active IPs:         0
  Worker threads:     14 (lcores 1-14)

[DPDK NIC STATISTICS]
  RX packets (NIC):   2081769379
  RX dropped (HW):    [0m0[0m (imissed)
  RX no mbufs:        [0m0[0m (buffer exhaustion)
  RX errors:          0
  Total drops:        [0m0 (0.00%)[0m
  RX burst calls:     57539264269 (97.9% empty)
  Processed pkts:     2081772700 (100.0% of NIC RX)


╔═══════════════════════════════════════════════════════════════════════╗
║          MIRA DDoS DETECTOR - STATISTICS (MULTI-CORE)                ║
╚═══════════════════════════════════════════════════════════════════════╝

[PACKET COUNTERS - GLOBAL]
  Total packets:      2132843676
  Baseline (10.10.2.x): 1183126380 (55.5%)
  Attack (10.10.3.x): 221526172 (10.4%)
  TCP packets:        1128841858
  UDP packets:        897691794
  ICMP packets:       106310024

[INSTANTANEOUS TRAFFIC - Last 5.0 seconds]
  Baseline (10.10.2.x): 28331246 pkts (72.4%)  2483500757 bytes  3.97 Gbps
  Attack (10.10.3.x): 10814720 pkts (27.6%)  875992320 bytes  1.40 Gbps
  Total throughput:   5.37 Gbps  (avg pkt: 86 bytes)

[CUMULATIVE TRAFFIC - Since first packet (234.7s)]
  Total received:     2132843676 pkts (9.09 Mpps) | 8.40 Gbps | 246465632375 bytes

[ATTACK-SPECIFIC COUNTERS]
  SYN packets:        299792099
  SYN-ACK packets:    149895894
  SYN/ACK ratio:      2.00
  HTTP requests:      573674752
  DNS queries:        295671220

[PROTOCOL-SPECIFIC COUNTERS - CIC-DDoS-2019 Features]
  NTP Amplification:
    Monlist queries:  0
    Responses:        0  (avg size: 0 bytes)
  DNS Amplification:
    ANY queries:      0
    TXT queries:      0
    Responses:        295671206  (avg size: 108 bytes)
  SNMP Amplification:
    GetBulk requests: 0
    Responses:        0  (avg size: 0 bytes)
  SSDP:
    M-SEARCH packets: 0
    Responses:        3666
  PortMapper:
    GETPORT calls:    0
    DUMP calls:       0
  NetBIOS:
    Name queries:     0
    Datagram packets: 0
  LDAP:
    Bind requests:    0
    Search requests:  221522506
  MSSQL:
    SQLBatch packets: 0
    RPC packets:      0
  TFTP:
    RRQ (read) pkts:  0
    WRQ (write) pkts: 0

[ATTACK DETECTIONS - Cumulative Events]
  UDP flood events:   0
  UDP-lag events:     0
  SYN flood events:   0
  HTTP flood events:  0
  ICMP flood events:  0
  DNS amp events:     0
  NTP amp events:     0
  SNMP amp events:    0
  SSDP events:        0
  PortMap events:     0
  NetBIOS events:     0
  LDAP events:        1813
  MSSQL events:       0
  TFTP events:        0
  ACK flood events:   0
  Frag attack events: 0
  Heavy-hitter events:1853 (OctoSketch per-IP detection)
  Packet flood events:0
  (Note: Events count IPs exceeding thresholds per 50ms window)

[ALERT STATUS]
  Alert level:        [1;31mHIGH[0m
  Reason:             [1;31mLDAP detected: 2160673 pps | HEAVY-HITTER: 10.10.3.80 @ 11560 pps | TREND: attack rising (+584201/250ms) | [0m

[MULTI-LF (2025) COMPARISON]
=== Detection Performance vs ML-Based System ===

  First Detection Latency:   3425.89 ms (vs MULTI-LF: 866 ms)
    Improvement:             0.3× faster

  Packets until detection:   1106353308
  Bytes until detection:     135675220297 (129389.97 MB)

[OCTOSKETCH METRICS - Optimized Architecture]
=== Per-Worker Sketches + Sampling (1/32 packets) ===

  Architecture:              Per-worker (NO atomics, NO contention)
  Total sketch memory:       8961 KB (14 workers × 640.1 KB)
  Sampling rate:             1 in 32 packets (3.1% overhead)
  Attack traffic sampled:    7701152 updates
  Estimated attack packets:  246436864 (×32 sampling factor)
  Sketch overhead:           ~1.56% of fast-path cycles
  Memory efficiency:         O(1) constant, 640.1 KB per worker

[OCTOSKETCH HEAVY-HITTER DETECTION]
=== Top Attackers (per-IP tracking via Count-Min Sketch) ===

  Heavy-hitter threshold:    5000 pps per IP
  Heavy-hitters detected:    5 IPs exceeding threshold
  Total HH detections:       1853 events

  Top 5 Attackers (estimated counts, ×32 sampling):
    #1: 10.10.3.80 - 41248 pkts (8234 pps) [HEAVY-HITTER]
    #2: 10.10.3.89 - 40928 pkts (8170 pps) [HEAVY-HITTER]
    #3: 10.10.3.44 - 40896 pkts (8164 pps) [HEAVY-HITTER]
    #4: 10.10.3.184 - 40608 pkts (8106 pps) [HEAVY-HITTER]
    #5: 10.10.3.166 - 40480 pkts (8081 pps) [HEAVY-HITTER]

[RING BUFFER + MULTI-SCALE FEATURES]
=== Temporal Analysis (last 100 windows = 5.0 sec) ===

  Windows processed:         4538
  Buffer utilization:        100/100 (100.0%)
  Running baseline (ML):     5781214 pps (for ML features only)
  Detection mode:            FIXED THRESHOLDS

  [Temporal Features - Last Window]
    Delta PPS (250ms):       +584201
    Delta PPS (500ms):       +1168649
    PPS Variance:            454756859904
    Ratio vs Baseline:       1.86x

  [Multi-Scale Features]
    Top IP (50ms):           287 pps
    Top IP (1s):             11776 pps
    Top IP (1min):           9401 pps
    Burst Ratio (50ms/1min): 0.03x
    IP Concentration:        0.9%

[MULTIPLE DETECTION STATISTICS]
=== Aggregate Detection Analysis ===

  Total detection events:    1813
  Average detection latency: 56.53 ms
  Min detection latency:     53.95 ms
  Max detection latency:     3425.89 ms
  Latency range:             3371.94 ms

  Detection Latency Histogram:
    < 20 ms:  0 detections (0.0%)
    20-30 ms: 0 detections (0.0%)
    30-40 ms: 0 detections (0.0%)
    40-50 ms: 0 detections (0.0%)
    > 50 ms:  1812 detections (99.9%)

[PERFORMANCE METRICS]
  Throughput:         5.37 Gbps (7.81 Mpps)
  Cycles available:   383 cycles/pkt (lower = higher load)
  Active IPs:         0
  Worker threads:     14 (lcores 1-14)

[DPDK NIC STATISTICS]
  RX packets (NIC):   2132839977
  RX dropped (HW):    [0m0[0m (imissed)
  RX no mbufs:        [0m0[0m (buffer exhaustion)
  RX errors:          0
  Total drops:        [0m0 (0.00%)[0m
  RX burst calls:     58598170186 (97.9% empty)
  Processed pkts:     2132843676 (100.0% of NIC RX)


╔═══════════════════════════════════════════════════════════════════════╗
║          MIRA DDoS DETECTOR - STATISTICS (MULTI-CORE)                ║
╚═══════════════════════════════════════════════════════════════════════╝

[PACKET COUNTERS - GLOBAL]
  Total packets:      2183948700
  Baseline (10.10.2.x): 1209611511 (55.4%)
  Attack (10.10.3.x): 232354716 (10.6%)
  TCP packets:        1159048505
  UDP packets:        916348392
  ICMP packets:       108551803

[INSTANTANEOUS TRAFFIC - Last 5.0 seconds]
  Baseline (10.10.2.x): 26484794 pkts (71.0%)  2484294074 bytes  3.97 Gbps
  Attack (10.10.3.x): 10828288 pkts (29.0%)  877091328 bytes  1.40 Gbps
  Total throughput:   5.37 Gbps  (avg pkt: 90 bytes)

[CUMULATIVE TRAFFIC - Since first packet (239.7s)]
  Total received:     2183948700 pkts (9.11 Mpps) | 8.42 Gbps | 252321418893 bytes

[ATTACK-SPECIFIC COUNTERS]
  SYN packets:        308015049
  SYN-ACK packets:    154007363
  SYN/ACK ratio:      2.00
  HTTP requests:      587519508
  DNS queries:        298692329

[PROTOCOL-SPECIFIC COUNTERS - CIC-DDoS-2019 Features]
  NTP Amplification:
    Monlist queries:  0
    Responses:        0  (avg size: 0 bytes)
  DNS Amplification:
    ANY queries:      0
    TXT queries:      0
    Responses:        298692315  (avg size: 108 bytes)
  SNMP Amplification:
    GetBulk requests: 0
    Responses:        0  (avg size: 0 bytes)
  SSDP:
    M-SEARCH packets: 0
    Responses:        3839
  PortMapper:
    GETPORT calls:    0
    DUMP calls:       0
  NetBIOS:
    Name queries:     0
    Datagram packets: 0
  LDAP:
    Bind requests:    0
    Search requests:  232350877
  MSSQL:
    SQLBatch packets: 0
    RPC packets:      0
  TFTP:
    RRQ (read) pkts:  0
    WRQ (write) pkts: 0

[ATTACK DETECTIONS - Cumulative Events]
  UDP flood events:   0
  UDP-lag events:     0
  SYN flood events:   0
  HTTP flood events:  0
  ICMP flood events:  0
  DNS amp events:     0
  NTP amp events:     0
  SNMP amp events:    0
  SSDP events:        0
  PortMap events:     0
  NetBIOS events:     0
  LDAP events:        1905
  MSSQL events:       0
  TFTP events:        0
  ACK flood events:   0
  Frag attack events: 0
  Heavy-hitter events:1945 (OctoSketch per-IP detection)
  Packet flood events:0
  (Note: Events count IPs exceeding thresholds per 50ms window)

[ALERT STATUS]
  Alert level:        [1;31mHIGH[0m
  Reason:             [1;31mLDAP detected: 2160729 pps | HEAVY-HITTER: 10.10.3.110 @ 11665 pps | TREND: attack rising (+584411/250ms) | [0m

[MULTI-LF (2025) COMPARISON]
=== Detection Performance vs ML-Based System ===

  First Detection Latency:   3425.89 ms (vs MULTI-LF: 866 ms)
    Improvement:             0.3× faster

  Packets until detection:   1106353308
  Bytes until detection:     135675220297 (129389.97 MB)

[OCTOSKETCH METRICS - Optimized Architecture]
=== Per-Worker Sketches + Sampling (1/32 packets) ===

  Architecture:              Per-worker (NO atomics, NO contention)
  Total sketch memory:       8961 KB (14 workers × 640.1 KB)
  Sampling rate:             1 in 32 packets (3.1% overhead)
  Attack traffic sampled:    7702944 updates
  Estimated attack packets:  246494208 (×32 sampling factor)
  Sketch overhead:           ~1.56% of fast-path cycles
  Memory efficiency:         O(1) constant, 640.1 KB per worker

[OCTOSKETCH HEAVY-HITTER DETECTION]
=== Top Attackers (per-IP tracking via Count-Min Sketch) ===

  Heavy-hitter threshold:    5000 pps per IP
  Heavy-hitters detected:    5 IPs exceeding threshold
  Total HH detections:       1945 events

  Top 5 Attackers (estimated counts, ×32 sampling):
    #1: 10.10.3.110 - 41632 pkts (8307 pps) [HEAVY-HITTER]
    #2: 10.10.3.41 - 41120 pkts (8205 pps) [HEAVY-HITTER]
    #3: 10.10.3.17 - 40960 pkts (8173 pps) [HEAVY-HITTER]
    #4: 10.10.3.16 - 40832 pkts (8148 pps) [HEAVY-HITTER]
    #5: 10.10.3.145 - 40704 pkts (8122 pps) [HEAVY-HITTER]

[RING BUFFER + MULTI-SCALE FEATURES]
=== Temporal Analysis (last 100 windows = 5.0 sec) ===

  Windows processed:         4630
  Buffer utilization:        100/100 (100.0%)
  Running baseline (ML):     5726156 pps (for ML features only)
  Detection mode:            FIXED THRESHOLDS

  [Temporal Features - Last Window]
    Delta PPS (250ms):       +584411
    Delta PPS (500ms):       +1170416
    PPS Variance:            455088504832
    Ratio vs Baseline:       1.89x

  [Multi-Scale Features]
    Top IP (50ms):           278 pps
    Top IP (1s):             7168 pps
    Top IP (1min):           10311 pps
    Burst Ratio (50ms/1min): 0.03x
    IP Concentration:        0.9%

[MULTIPLE DETECTION STATISTICS]
=== Aggregate Detection Analysis ===

  Total detection events:    1905
  Average detection latency: 56.44 ms
  Min detection latency:     53.95 ms
  Max detection latency:     3425.89 ms
  Latency range:             3371.94 ms

  Detection Latency Histogram:
    < 20 ms:  0 detections (0.0%)
    20-30 ms: 0 detections (0.0%)
    30-40 ms: 0 detections (0.0%)
    40-50 ms: 0 detections (0.0%)
    > 50 ms:  1904 detections (99.9%)

[PERFORMANCE METRICS]
  Throughput:         5.37 Gbps (7.45 Mpps)
  Cycles available:   402 cycles/pkt (lower = higher load)
  Active IPs:         0
  Worker threads:     14 (lcores 1-14)

[DPDK NIC STATISTICS]
  RX packets (NIC):   2183945380
  RX dropped (HW):    [0m0[0m (imissed)
  RX no mbufs:        [0m0[0m (buffer exhaustion)
  RX errors:          0
  Total drops:        [0m0 (0.00%)[0m
  RX burst calls:     59659475070 (97.9% empty)
  Processed pkts:     2183948700 (100.0% of NIC RX)


╔═══════════════════════════════════════════════════════════════════════╗
║          MIRA DDoS DETECTOR - STATISTICS (MULTI-CORE)                ║
╚═══════════════════════════════════════════════════════════════════════╝

[PACKET COUNTERS - GLOBAL]
  Total packets:      2234998172
  Baseline (10.10.2.x): 1236067961 (55.3%)
  Attack (10.10.3.x): 243173276 (10.9%)
  TCP packets:        1189222492
  UDP packets:        934985816
  ICMP packets:       110789864

[INSTANTANEOUS TRAFFIC - Last 5.0 seconds]
  Baseline (10.10.2.x): 28300997 pkts (72.3%)  2481941310 bytes  3.97 Gbps
  Attack (10.10.3.x): 10818304 pkts (27.7%)  876282624 bytes  1.40 Gbps
  Total throughput:   5.37 Gbps  (avg pkt: 86 bytes)

[CUMULATIVE TRAFFIC - Since first packet (244.7s)]
  Total received:     2234998172 pkts (9.13 Mpps) | 8.44 Gbps | 258171240956 bytes

[ATTACK-SPECIFIC COUNTERS]
  SYN packets:        316228907
  SYN-ACK packets:    158114284
  SYN/ACK ratio:      2.00
  HTTP requests:      601350903
  DNS queries:        301708308

[PROTOCOL-SPECIFIC COUNTERS - CIC-DDoS-2019 Features]
  NTP Amplification:
    Monlist queries:  0
    Responses:        0  (avg size: 0 bytes)
  DNS Amplification:
    ANY queries:      0
    TXT queries:      0
    Responses:        301708294  (avg size: 108 bytes)
  SNMP Amplification:
    GetBulk requests: 0
    Responses:        0  (avg size: 0 bytes)
  SSDP:
    M-SEARCH packets: 0
    Responses:        4015
  PortMapper:
    GETPORT calls:    0
    DUMP calls:       0
  NetBIOS:
    Name queries:     0
    Datagram packets: 0
  LDAP:
    Bind requests:    0
    Search requests:  243169261
  MSSQL:
    SQLBatch packets: 0
    RPC packets:      0
  TFTP:
    RRQ (read) pkts:  0
    WRQ (write) pkts: 0

[ATTACK DETECTIONS - Cumulative Events]
  UDP flood events:   0
  UDP-lag events:     0
  SYN flood events:   0
  HTTP flood events:  0
  ICMP flood events:  0
  DNS amp events:     0
  NTP amp events:     0
  SNMP amp events:    0
  SSDP events:        0
  PortMap events:     0
  NetBIOS events:     0
  LDAP events:        1996
  MSSQL events:       0
  TFTP events:        0
  ACK flood events:   0
  Frag attack events: 0
  Heavy-hitter events:2036 (OctoSketch per-IP detection)
  Packet flood events:0
  (Note: Events count IPs exceeding thresholds per 50ms window)

[ALERT STATUS]
  Alert level:        [1;31mHIGH[0m
  Reason:             [1;31mLDAP detected: 2160694 pps | HEAVY-HITTER: 10.10.3.89 @ 11569 pps | TREND: attack rising (+585984/250ms) | [0m

[MULTI-LF (2025) COMPARISON]
=== Detection Performance vs ML-Based System ===

  First Detection Latency:   3425.89 ms (vs MULTI-LF: 866 ms)
    Improvement:             0.3× faster

  Packets until detection:   1106353308
  Bytes until detection:     135675220297 (129389.97 MB)

[OCTOSKETCH METRICS - Optimized Architecture]
=== Per-Worker Sketches + Sampling (1/32 packets) ===

  Architecture:              Per-worker (NO atomics, NO contention)
  Total sketch memory:       8961 KB (14 workers × 640.1 KB)
  Sampling rate:             1 in 32 packets (3.1% overhead)
  Attack traffic sampled:    7587072 updates
  Estimated attack packets:  242786304 (×32 sampling factor)
  Sketch overhead:           ~1.56% of fast-path cycles
  Memory efficiency:         O(1) constant, 640.1 KB per worker

[OCTOSKETCH HEAVY-HITTER DETECTION]
=== Top Attackers (per-IP tracking via Count-Min Sketch) ===

  Heavy-hitter threshold:    5000 pps per IP
  Heavy-hitters detected:    5 IPs exceeding threshold
  Total HH detections:       2036 events

  Top 5 Attackers (estimated counts, ×32 sampling):
    #1: 10.10.3.89 - 40672 pkts (8123 pps) [HEAVY-HITTER]
    #2: 10.10.3.119 - 40576 pkts (8104 pps) [HEAVY-HITTER]
    #3: 10.10.3.57 - 40256 pkts (8040 pps) [HEAVY-HITTER]
    #4: 10.10.3.164 - 40224 pkts (8034 pps) [HEAVY-HITTER]
    #5: 10.10.3.62 - 40192 pkts (8027 pps) [HEAVY-HITTER]

[RING BUFFER + MULTI-SCALE FEATURES]
=== Temporal Analysis (last 100 windows = 5.0 sec) ===

  Windows processed:         4721
  Buffer utilization:        100/100 (100.0%)
  Running baseline (ML):     5760024 pps (for ML features only)
  Detection mode:            FIXED THRESHOLDS

  [Temporal Features - Last Window]
    Delta PPS (250ms):       +585984
    Delta PPS (500ms):       +1170432
    PPS Variance:            454214451200
    Ratio vs Baseline:       1.86x

  [Multi-Scale Features]
    Top IP (50ms):           300 pps
    Top IP (1s):             1056 pps
    Top IP (1min):           11247 pps
    Burst Ratio (50ms/1min): 0.03x
    IP Concentration:        0.9%

[MULTIPLE DETECTION STATISTICS]
=== Aggregate Detection Analysis ===

  Total detection events:    1996
  Average detection latency: 56.36 ms
  Min detection latency:     53.95 ms
  Max detection latency:     3425.89 ms
  Latency range:             3371.94 ms

  Detection Latency Histogram:
    < 20 ms:  0 detections (0.0%)
    20-30 ms: 0 detections (0.0%)
    30-40 ms: 0 detections (0.0%)
    40-50 ms: 0 detections (0.0%)
    > 50 ms:  1995 detections (99.9%)

[PERFORMANCE METRICS]
  Throughput:         5.37 Gbps (7.81 Mpps)
  Cycles available:   383 cycles/pkt (lower = higher load)
  Active IPs:         0
  Worker threads:     14 (lcores 1-14)

[DPDK NIC STATISTICS]
  RX packets (NIC):   2234994554
  RX dropped (HW):    [0m0[0m (imissed)
  RX no mbufs:        [0m0[0m (buffer exhaustion)
  RX errors:          0
  Total drops:        [0m0 (0.00%)[0m
  RX burst calls:     60719641127 (97.9% empty)
  Processed pkts:     2234998172 (100.0% of NIC RX)


╔═══════════════════════════════════════════════════════════════════════╗
║          MIRA DDoS DETECTOR - STATISTICS (MULTI-CORE)                ║
╚═══════════════════════════════════════════════════════════════════════╝

[PACKET COUNTERS - GLOBAL]
  Total packets:      2285973404
  Baseline (10.10.2.x): 1262483663 (55.2%)
  Attack (10.10.3.x): 253980060 (11.1%)
  TCP packets:        1219346599
  UDP packets:        953601731
  ICMP packets:       113025074

[INSTANTANEOUS TRAFFIC - Last 5.0 seconds]
  Baseline (10.10.2.x): 26415268 pkts (71.0%)  2478334476 bytes  3.96 Gbps
  Attack (10.10.3.x): 10806784 pkts (29.0%)  938658456 bytes  1.50 Gbps
  Total throughput:   5.47 Gbps  (avg pkt: 92 bytes)

[CUMULATIVE TRAFFIC - Since first packet (249.7s)]
  Total received:     2285973404 pkts (9.16 Mpps) | 8.46 Gbps | 264012467634 bytes

[ATTACK-SPECIFIC COUNTERS]
  SYN packets:        324429382
  SYN-ACK packets:    162214517
  SYN/ACK ratio:      2.00
  HTTP requests:      615157945
  DNS queries:        304720449

[PROTOCOL-SPECIFIC COUNTERS - CIC-DDoS-2019 Features]
  NTP Amplification:
    Monlist queries:  0
    Responses:        0  (avg size: 0 bytes)
  DNS Amplification:
    ANY queries:      0
    TXT queries:      0
    Responses:        304720426  (avg size: 108 bytes)
  SNMP Amplification:
    GetBulk requests: 0
    Responses:        0  (avg size: 0 bytes)
  SSDP:
    M-SEARCH packets: 0
    Responses:        4197
  PortMapper:
    GETPORT calls:    0
    DUMP calls:       0
  NetBIOS:
    Name queries:     0
    Datagram packets: 0
  LDAP:
    Bind requests:    0
    Search requests:  253975863
  MSSQL:
    SQLBatch packets: 0
    RPC packets:      0
  TFTP:
    RRQ (read) pkts:  0
    WRQ (write) pkts: 0

[ATTACK DETECTIONS - Cumulative Events]
  UDP flood events:   0
  UDP-lag events:     0
  SYN flood events:   0
  HTTP flood events:  0
  ICMP flood events:  0
  DNS amp events:     0
  NTP amp events:     0
  SNMP amp events:    0
  SSDP events:        0
  PortMap events:     0
  NetBIOS events:     0
  LDAP events:        2088
  MSSQL events:       0
  TFTP events:        0
  ACK flood events:   0
  Frag attack events: 0
  Heavy-hitter events:2128 (OctoSketch per-IP detection)
  Packet flood events:0
  (Note: Events count IPs exceeding thresholds per 50ms window)

[ALERT STATUS]
  Alert level:        [1;31mHIGH[0m
  Reason:             [1;31mLDAP detected: 2160639 pps | HEAVY-HITTER: 10.10.3.106 @ 11651 pps | TREND: attack rising (+584006/250ms) | [0m

[MULTI-LF (2025) COMPARISON]
=== Detection Performance vs ML-Based System ===

  First Detection Latency:   3425.89 ms (vs MULTI-LF: 866 ms)
    Improvement:             0.3× faster

  Packets until detection:   1106353308
  Bytes until detection:     135675220297 (129389.97 MB)

[OCTOSKETCH METRICS - Optimized Architecture]
=== Per-Worker Sketches + Sampling (1/32 packets) ===

  Architecture:              Per-worker (NO atomics, NO contention)
  Total sketch memory:       8961 KB (14 workers × 640.1 KB)
  Sampling rate:             1 in 32 packets (3.1% overhead)
  Attack traffic sampled:    7587264 updates
  Estimated attack packets:  242792448 (×32 sampling factor)
  Sketch overhead:           ~1.56% of fast-path cycles
  Memory efficiency:         O(1) constant, 640.1 KB per worker

[OCTOSKETCH HEAVY-HITTER DETECTION]
=== Top Attackers (per-IP tracking via Count-Min Sketch) ===

  Heavy-hitter threshold:    5000 pps per IP
  Heavy-hitters detected:    5 IPs exceeding threshold
  Total HH detections:       2128 events

  Top 5 Attackers (estimated counts, ×32 sampling):
    #1: 10.10.3.106 - 40960 pkts (8189 pps) [HEAVY-HITTER]
    #2: 10.10.3.169 - 40640 pkts (8125 pps) [HEAVY-HITTER]
    #3: 10.10.3.115 - 40480 pkts (8094 pps) [HEAVY-HITTER]
    #4: 10.10.3.163 - 40416 pkts (8081 pps) [HEAVY-HITTER]
    #5: 10.10.3.152 - 40320 pkts (8062 pps) [HEAVY-HITTER]

[RING BUFFER + MULTI-SCALE FEATURES]
=== Temporal Analysis (last 100 windows = 5.0 sec) ===

  Windows processed:         4813
  Buffer utilization:        100/100 (100.0%)
  Running baseline (ML):     5702836 pps (for ML features only)
  Detection mode:            FIXED THRESHOLDS

  [Temporal Features - Last Window]
    Delta PPS (250ms):       +584006
    Delta PPS (500ms):       +1168384
    PPS Variance:            456679948288
    Ratio vs Baseline:       1.89x

  [Multi-Scale Features]
    Top IP (50ms):           273 pps
    Top IP (1s):             8960 pps
    Top IP (1min):           149 pps
    Burst Ratio (50ms/1min): 1.83x
    IP Concentration:        0.9%

[MULTIPLE DETECTION STATISTICS]
=== Aggregate Detection Analysis ===

  Total detection events:    2088
  Average detection latency: 56.28 ms
  Min detection latency:     53.95 ms
  Max detection latency:     3425.89 ms
  Latency range:             3371.94 ms

  Detection Latency Histogram:
    < 20 ms:  0 detections (0.0%)
    20-30 ms: 0 detections (0.0%)
    30-40 ms: 0 detections (0.0%)
    40-50 ms: 0 detections (0.0%)
    > 50 ms:  2087 detections (100.0%)

[PERFORMANCE METRICS]
  Throughput:         5.47 Gbps (7.44 Mpps)
  Cycles available:   402 cycles/pkt (lower = higher load)
  Active IPs:         0
  Worker threads:     14 (lcores 1-14)

[DPDK NIC STATISTICS]
  RX packets (NIC):   2285969633
  RX dropped (HW):    [0m0[0m (imissed)
  RX no mbufs:        [0m0[0m (buffer exhaustion)
  RX errors:          0
  Total drops:        [0m0 (0.00%)[0m
  RX burst calls:     61780101812 (97.9% empty)
  Processed pkts:     2285973404 (100.0% of NIC RX)


╔═══════════════════════════════════════════════════════════════════════╗
║          MIRA DDoS DETECTOR - STATISTICS (MULTI-CORE)                ║
╚═══════════════════════════════════════════════════════════════════════╝

[PACKET COUNTERS - GLOBAL]
  Total packets:      2337041457
  Baseline (10.10.2.x): 1288951773 (55.2%)
  Attack (10.10.3.x): 264797596 (11.3%)
  TCP packets:        1249529367
  UDP packets:        972246569
  ICMP packets:       115265521

[INSTANTANEOUS TRAFFIC - Last 5.0 seconds]
  Baseline (10.10.2.x): 26467547 pkts (71.0%)  2482936202 bytes  3.97 Gbps
  Attack (10.10.3.x): 10817280 pkts (29.0%)  876199680 bytes  1.40 Gbps
  Total throughput:   5.37 Gbps  (avg pkt: 90 bytes)

[CUMULATIVE TRAFFIC - Since first packet (254.7s)]
  Total received:     2337041457 pkts (9.18 Mpps) | 8.48 Gbps | 269864312398 bytes

[ATTACK-SPECIFIC COUNTERS]
  SYN packets:        332645858
  SYN-ACK packets:    166322752
  SYN/ACK ratio:      2.00
  HTTP requests:      628991550
  DNS queries:        307740942

[PROTOCOL-SPECIFIC COUNTERS - CIC-DDoS-2019 Features]
  NTP Amplification:
    Monlist queries:  0
    Responses:        0  (avg size: 0 bytes)
  DNS Amplification:
    ANY queries:      0
    TXT queries:      0
    Responses:        307740937  (avg size: 108 bytes)
  SNMP Amplification:
    GetBulk requests: 0
    Responses:        0  (avg size: 0 bytes)
  SSDP:
    M-SEARCH packets: 0
    Responses:        4379
  PortMapper:
    GETPORT calls:    0
    DUMP calls:       0
  NetBIOS:
    Name queries:     0
    Datagram packets: 0
  LDAP:
    Bind requests:    0
    Search requests:  264793217
  MSSQL:
    SQLBatch packets: 0
    RPC packets:      0
  TFTP:
    RRQ (read) pkts:  0
    WRQ (write) pkts: 0

[ATTACK DETECTIONS - Cumulative Events]
  UDP flood events:   0
  UDP-lag events:     0
  SYN flood events:   0
  HTTP flood events:  0
  ICMP flood events:  0
  DNS amp events:     0
  NTP amp events:     0
  SNMP amp events:    0
  SSDP events:        0
  PortMap events:     0
  NetBIOS events:     0
  LDAP events:        2179
  MSSQL events:       0
  TFTP events:        0
  ACK flood events:   0
  Frag attack events: 0
  Heavy-hitter events:2219 (OctoSketch per-IP detection)
  Packet flood events:0
  (Note: Events count IPs exceeding thresholds per 50ms window)

[ALERT STATUS]
  Alert level:        [1;31mHIGH[0m
  Reason:             [1;31mLDAP detected: 2160623 pps | HEAVY-HITTER: 10.10.3.119 @ 11634 pps | TREND: attack rising (+585728/250ms) | [0m

[MULTI-LF (2025) COMPARISON]
=== Detection Performance vs ML-Based System ===

  First Detection Latency:   3425.89 ms (vs MULTI-LF: 866 ms)
    Improvement:             0.3× faster

  Packets until detection:   1106353308
  Bytes until detection:     135675220297 (129389.97 MB)

[OCTOSKETCH METRICS - Optimized Architecture]
=== Per-Worker Sketches + Sampling (1/32 packets) ===

  Architecture:              Per-worker (NO atomics, NO contention)
  Total sketch memory:       8961 KB (14 workers × 640.1 KB)
  Sampling rate:             1 in 32 packets (3.1% overhead)
  Attack traffic sampled:    7467360 updates
  Estimated attack packets:  238955520 (×32 sampling factor)
  Sketch overhead:           ~1.56% of fast-path cycles
  Memory efficiency:         O(1) constant, 640.1 KB per worker

[OCTOSKETCH HEAVY-HITTER DETECTION]
=== Top Attackers (per-IP tracking via Count-Min Sketch) ===

  Heavy-hitter threshold:    5000 pps per IP
  Heavy-hitters detected:    5 IPs exceeding threshold
  Total HH detections:       2219 events

  Top 5 Attackers (estimated counts, ×32 sampling):
    #1: 10.10.3.119 - 40256 pkts (8041 pps) [HEAVY-HITTER]
    #2: 10.10.3.16 - 39776 pkts (7945 pps) [HEAVY-HITTER]
    #3: 10.10.3.118 - 39680 pkts (7926 pps) [HEAVY-HITTER]
    #4: 10.10.3.179 - 39360 pkts (7862 pps) [HEAVY-HITTER]
    #5: 10.10.3.195 - 39296 pkts (7849 pps) [HEAVY-HITTER]

[RING BUFFER + MULTI-SCALE FEATURES]
=== Temporal Analysis (last 100 windows = 5.0 sec) ===

  Windows processed:         4904
  Buffer utilization:        100/100 (100.0%)
  Running baseline (ML):     5757162 pps (for ML features only)
  Detection mode:            FIXED THRESHOLDS

  [Temporal Features - Last Window]
    Delta PPS (250ms):       +585728
    Delta PPS (500ms):       +1170176
    PPS Variance:            454614286336
    Ratio vs Baseline:       1.86x

  [Multi-Scale Features]
    Top IP (50ms):           314 pps
    Top IP (1s):             3104 pps
    Top IP (1min):           1084 pps
    Burst Ratio (50ms/1min): 0.29x
    IP Concentration:        1.0%

[MULTIPLE DETECTION STATISTICS]
=== Aggregate Detection Analysis ===

  Total detection events:    2179
  Average detection latency: 56.22 ms
  Min detection latency:     53.95 ms
  Max detection latency:     3425.89 ms
  Latency range:             3371.94 ms

  Detection Latency Histogram:
    < 20 ms:  0 detections (0.0%)
    20-30 ms: 0 detections (0.0%)
    30-40 ms: 0 detections (0.0%)
    40-50 ms: 0 detections (0.0%)
    > 50 ms:  2178 detections (100.0%)

[PERFORMANCE METRICS]
  Throughput:         5.37 Gbps (7.45 Mpps)
  Cycles available:   401 cycles/pkt (lower = higher load)
  Active IPs:         0
  Worker threads:     14 (lcores 1-14)

[DPDK NIC STATISTICS]
  RX packets (NIC):   2337037989
  RX dropped (HW):    [0m0[0m (imissed)
  RX no mbufs:        [0m0[0m (buffer exhaustion)
  RX errors:          0
  Total drops:        [0m0 (0.00%)[0m
  RX burst calls:     62839769272 (97.9% empty)
  Processed pkts:     2337041457 (100.0% of NIC RX)


╔═══════════════════════════════════════════════════════════════════════╗
║          MIRA DDoS DETECTOR - STATISTICS (MULTI-CORE)                ║
╚═══════════════════════════════════════════════════════════════════════╝

[PACKET COUNTERS - GLOBAL]
  Total packets:      2388141980
  Baseline (10.10.2.x): 1315438104 (55.1%)
  Attack (10.10.3.x): 275621788 (11.5%)
  TCP packets:        1279736575
  UDP packets:        990900587
  ICMP packets:       117504818

[INSTANTANEOUS TRAFFIC - Last 5.0 seconds]
  Baseline (10.10.2.x): 28345643 pkts (72.4%)  2664791922 bytes  4.26 Gbps
  Attack (10.10.3.x): 10824009 pkts (27.6%)  1003317678 bytes  1.60 Gbps
  Total throughput:   5.86 Gbps  (avg pkt: 94 bytes)

[CUMULATIVE TRAFFIC - Since first packet (259.7s)]
  Total received:     2388141980 pkts (9.20 Mpps) | 8.49 Gbps | 275719938008 bytes

[ATTACK-SPECIFIC COUNTERS]
  SYN packets:        340869048
  SYN-ACK packets:    170434348
  SYN/ACK ratio:      2.00
  HTTP requests:      642835920
  DNS queries:        310761987

[PROTOCOL-SPECIFIC COUNTERS - CIC-DDoS-2019 Features]
  NTP Amplification:
    Monlist queries:  0
    Responses:        0  (avg size: 0 bytes)
  DNS Amplification:
    ANY queries:      0
    TXT queries:      0
    Responses:        310761968  (avg size: 108 bytes)
  SNMP Amplification:
    GetBulk requests: 0
    Responses:        0  (avg size: 0 bytes)
  SSDP:
    M-SEARCH packets: 0
    Responses:        4551
  PortMapper:
    GETPORT calls:    0
    DUMP calls:       0
  NetBIOS:
    Name queries:     0
    Datagram packets: 0
  LDAP:
    Bind requests:    0
    Search requests:  275617237
  MSSQL:
    SQLBatch packets: 0
    RPC packets:      0
  TFTP:
    RRQ (read) pkts:  0
    WRQ (write) pkts: 0

[ATTACK DETECTIONS - Cumulative Events]
  UDP flood events:   0
  UDP-lag events:     0
  SYN flood events:   0
  HTTP flood events:  0
  ICMP flood events:  0
  DNS amp events:     0
  NTP amp events:     0
  SNMP amp events:    0
  SSDP events:        0
  PortMap events:     0
  NetBIOS events:     0
  LDAP events:        2271
  MSSQL events:       0
  TFTP events:        0
  ACK flood events:   0
  Frag attack events: 0
  Heavy-hitter events:2311 (OctoSketch per-IP detection)
  Packet flood events:0
  (Note: Events count IPs exceeding thresholds per 50ms window)

[ALERT STATUS]
  Alert level:        [1;31mHIGH[0m
  Reason:             [1;31mLDAP detected: 2160650 pps | HEAVY-HITTER: 10.10.3.156 @ 11718 pps | TREND: attack rising (+583936/250ms) | [0m

[MULTI-LF (2025) COMPARISON]
=== Detection Performance vs ML-Based System ===

  First Detection Latency:   3425.89 ms (vs MULTI-LF: 866 ms)
    Improvement:             0.3× faster

  Packets until detection:   1106353308
  Bytes until detection:     135675220297 (129389.97 MB)

[OCTOSKETCH METRICS - Optimized Architecture]
=== Per-Worker Sketches + Sampling (1/32 packets) ===

  Architecture:              Per-worker (NO atomics, NO contention)
  Total sketch memory:       8961 KB (14 workers × 640.1 KB)
  Sampling rate:             1 in 32 packets (3.1% overhead)
  Attack traffic sampled:    7467232 updates
  Estimated attack packets:  238951424 (×32 sampling factor)
  Sketch overhead:           ~1.56% of fast-path cycles
  Memory efficiency:         O(1) constant, 640.1 KB per worker

[OCTOSKETCH HEAVY-HITTER DETECTION]
=== Top Attackers (per-IP tracking via Count-Min Sketch) ===

  Heavy-hitter threshold:    5000 pps per IP
  Heavy-hitters detected:    5 IPs exceeding threshold
  Total HH detections:       2311 events

  Top 5 Attackers (estimated counts, ×32 sampling):
    #1: 10.10.3.156 - 40544 pkts (8093 pps) [HEAVY-HITTER]
    #2: 10.10.3.96 - 40096 pkts (8004 pps) [HEAVY-HITTER]
    #3: 10.10.3.39 - 39360 pkts (7857 pps) [HEAVY-HITTER]
    #4: 10.10.3.146 - 39328 pkts (7851 pps) [HEAVY-HITTER]
    #5: 10.10.3.125 - 39200 pkts (7825 pps) [HEAVY-HITTER]

[RING BUFFER + MULTI-SCALE FEATURES]
=== Temporal Analysis (last 100 windows = 5.0 sec) ===

  Windows processed:         4996
  Buffer utilization:        100/100 (100.0%)
  Running baseline (ML):     5700594 pps (for ML features only)
  Detection mode:            FIXED THRESHOLDS

  [Temporal Features - Last Window]
    Delta PPS (250ms):       +583936
    Delta PPS (500ms):       +1168384
    PPS Variance:            454765346816
    Ratio vs Baseline:       1.89x

  [Multi-Scale Features]
    Top IP (50ms):           305 pps
    Top IP (1s):             11008 pps
    Top IP (1min):           2004 pps
    Burst Ratio (50ms/1min): 0.15x
    IP Concentration:        1.0%

[MULTIPLE DETECTION STATISTICS]
=== Aggregate Detection Analysis ===

  Total detection events:    2271
  Average detection latency: 56.15 ms
  Min detection latency:     53.95 ms
  Max detection latency:     3425.89 ms
  Latency range:             3371.94 ms

  Detection Latency Histogram:
    < 20 ms:  0 detections (0.0%)
    20-30 ms: 0 detections (0.0%)
    30-40 ms: 0 detections (0.0%)
    40-50 ms: 0 detections (0.0%)
    > 50 ms:  2270 detections (100.0%)

[PERFORMANCE METRICS]
  Throughput:         5.86 Gbps (7.82 Mpps)
  Cycles available:   382 cycles/pkt (lower = higher load)
  Active IPs:         0
  Worker threads:     14 (lcores 1-14)

[DPDK NIC STATISTICS]
  RX packets (NIC):   2388138468
  RX dropped (HW):    [0m0[0m (imissed)
  RX no mbufs:        [0m0[0m (buffer exhaustion)
  RX errors:          0
  Total drops:        [0m0 (0.00%)[0m
  RX burst calls:     63900569253 (97.9% empty)
  Processed pkts:     2388141980 (100.0% of NIC RX)


╔═══════════════════════════════════════════════════════════════════════╗
║          MIRA DDoS DETECTOR - STATISTICS (MULTI-CORE)                ║
╚═══════════════════════════════════════════════════════════════════════╝

[PACKET COUNTERS - GLOBAL]
  Total packets:      2439261895
  Baseline (10.10.2.x): 1341932124 (55.0%)
  Attack (10.10.3.x): 286451911 (11.7%)
  TCP packets:        1309950411
  UDP packets:        1009566362
  ICMP packets:       119745122

[INSTANTANEOUS TRAFFIC - Last 5.0 seconds]
  Baseline (10.10.2.x): 30269250 pkts (72.3%)  2485328999 bytes  3.97 Gbps
  Attack (10.10.3.x): 11612018 pkts (27.7%)  877221252 bytes  1.40 Gbps
  Total throughput:   5.37 Gbps  (avg pkt: 80 bytes)

[CUMULATIVE TRAFFIC - Since first packet (264.7s)]
  Total received:     2439261895 pkts (9.21 Mpps) | 8.51 Gbps | 281577786754 bytes

[ATTACK-SPECIFIC COUNTERS]
  SYN packets:        349093762
  SYN-ACK packets:    174546698
  SYN/ACK ratio:      2.00
  HTTP requests:      656685370
  DNS queries:        313785487

[PROTOCOL-SPECIFIC COUNTERS - CIC-DDoS-2019 Features]
  NTP Amplification:
    Monlist queries:  0
    Responses:        0  (avg size: 0 bytes)
  DNS Amplification:
    ANY queries:      0
    TXT queries:      0
    Responses:        313785474  (avg size: 108 bytes)
  SNMP Amplification:
    GetBulk requests: 0
    Responses:        0  (avg size: 0 bytes)
  SSDP:
    M-SEARCH packets: 0
    Responses:        4729
  PortMapper:
    GETPORT calls:    0
    DUMP calls:       0
  NetBIOS:
    Name queries:     0
    Datagram packets: 0
  LDAP:
    Bind requests:    0
    Search requests:  286447182
  MSSQL:
    SQLBatch packets: 0
    RPC packets:      0
  TFTP:
    RRQ (read) pkts:  0
    WRQ (write) pkts: 0

[ATTACK DETECTIONS - Cumulative Events]
  UDP flood events:   0
  UDP-lag events:     0
  SYN flood events:   0
  HTTP flood events:  0
  ICMP flood events:  0
  DNS amp events:     0
  NTP amp events:     0
  SNMP amp events:    0
  SSDP events:        0
  PortMap events:     0
  NetBIOS events:     0
  LDAP events:        2363
  MSSQL events:       0
  TFTP events:        0
  ACK flood events:   0
  Frag attack events: 0
  Heavy-hitter events:2403 (OctoSketch per-IP detection)
  Packet flood events:0
  (Note: Events count IPs exceeding thresholds per 50ms window)

[ALERT STATUS]
  Alert level:        [1;31mHIGH[0m
  Reason:             [1;31mLDAP detected: 2160680 pps | HEAVY-HITTER: 10.10.3.122 @ 11624 pps | TREND: attack rising (+584448/250ms) | [0m

[MULTI-LF (2025) COMPARISON]
=== Detection Performance vs ML-Based System ===

  First Detection Latency:   3425.89 ms (vs MULTI-LF: 866 ms)
    Improvement:             0.3× faster

  Packets until detection:   1106353308
  Bytes until detection:     135675220297 (129389.97 MB)

[OCTOSKETCH METRICS - Optimized Architecture]
=== Per-Worker Sketches + Sampling (1/32 packets) ===

  Architecture:              Per-worker (NO atomics, NO contention)
  Total sketch memory:       8961 KB (14 workers × 640.1 KB)
  Sampling rate:             1 in 32 packets (3.1% overhead)
  Attack traffic sampled:    7467744 updates
  Estimated attack packets:  238967808 (×32 sampling factor)
  Sketch overhead:           ~1.56% of fast-path cycles
  Memory efficiency:         O(1) constant, 640.1 KB per worker

[OCTOSKETCH HEAVY-HITTER DETECTION]
=== Top Attackers (per-IP tracking via Count-Min Sketch) ===

  Heavy-hitter threshold:    5000 pps per IP
  Heavy-hitters detected:    5 IPs exceeding threshold
  Total HH detections:       2403 events

  Top 5 Attackers (estimated counts, ×32 sampling):
    #1: 10.10.3.122 - 40224 pkts (8032 pps) [HEAVY-HITTER]
    #2: 10.10.3.75 - 40000 pkts (7987 pps) [HEAVY-HITTER]
    #3: 10.10.3.170 - 39904 pkts (7968 pps) [HEAVY-HITTER]
    #4: 10.10.3.112 - 39840 pkts (7955 pps) [HEAVY-HITTER]
    #5: 10.10.3.47 - 39680 pkts (7923 pps) [HEAVY-HITTER]

[RING BUFFER + MULTI-SCALE FEATURES]
=== Temporal Analysis (last 100 windows = 5.0 sec) ===

  Windows processed:         5088
  Buffer utilization:        100/100 (100.0%)
  Running baseline (ML):     6459672 pps (for ML features only)
  Detection mode:            FIXED THRESHOLDS

  [Temporal Features - Last Window]
    Delta PPS (250ms):       +584448
    Delta PPS (500ms):       +1170688
    PPS Variance:            455078445056
    Ratio vs Baseline:       1.80x

  [Multi-Scale Features]
    Top IP (50ms):           296 pps
    Top IP (1s):             5504 pps
    Top IP (1min):           2926 pps
    Burst Ratio (50ms/1min): 0.10x
    IP Concentration:        0.9%

[MULTIPLE DETECTION STATISTICS]
=== Aggregate Detection Analysis ===

  Total detection events:    2363
  Average detection latency: 56.10 ms
  Min detection latency:     53.95 ms
  Max detection latency:     3425.89 ms
  Latency range:             3371.94 ms

  Detection Latency Histogram:
    < 20 ms:  0 detections (0.0%)
    20-30 ms: 0 detections (0.0%)
    30-40 ms: 0 detections (0.0%)
    40-50 ms: 0 detections (0.0%)
    > 50 ms:  2362 detections (100.0%)

[PERFORMANCE METRICS]
  Throughput:         5.37 Gbps (8.36 Mpps)
  Cycles available:   358 cycles/pkt (lower = higher load)
  Active IPs:         0
  Worker threads:     14 (lcores 1-14)

[DPDK NIC STATISTICS]
  RX packets (NIC):   2439258168
  RX dropped (HW):    [0m0[0m (imissed)
  RX no mbufs:        [0m0[0m (buffer exhaustion)
  RX errors:          0
  Total drops:        [0m0 (0.00%)[0m
  RX burst calls:     64961737039 (97.9% empty)
  Processed pkts:     2439261895 (100.0% of NIC RX)


╔═══════════════════════════════════════════════════════════════════════╗
║          MIRA DDoS DETECTOR - STATISTICS (MULTI-CORE)                ║
╚═══════════════════════════════════════════════════════════════════════╝

[PACKET COUNTERS - GLOBAL]
  Total packets:      2490299598
  Baseline (10.10.2.x): 1368381814 (54.9%)
  Attack (10.10.3.x): 297267406 (11.9%)
  TCP packets:        1340116983
  UDP packets:        1028197186
  ICMP packets:       121985429

[INSTANTANEOUS TRAFFIC - Last 5.0 seconds]
  Baseline (10.10.2.x): 26449007 pkts (71.0%)  2480984750 bytes  3.96 Gbps
  Attack (10.10.3.x): 10815302 pkts (29.0%)  876041163 bytes  1.40 Gbps
  Total throughput:   5.36 Gbps  (avg pkt: 90 bytes)

[CUMULATIVE TRAFFIC - Since first packet (269.7s)]
  Total received:     2490299598 pkts (9.23 Mpps) | 8.53 Gbps | 287425956068 bytes

[ATTACK-SPECIFIC COUNTERS]
  SYN packets:        357305795
  SYN-ACK packets:    178652707
  SYN/ACK ratio:      2.00
  HTTP requests:      670511903
  DNS queries:        316801251

[PROTOCOL-SPECIFIC COUNTERS - CIC-DDoS-2019 Features]
  NTP Amplification:
    Monlist queries:  0
    Responses:        0  (avg size: 0 bytes)
  DNS Amplification:
    ANY queries:      0
    TXT queries:      0
    Responses:        316801241  (avg size: 108 bytes)
  SNMP Amplification:
    GetBulk requests: 0
    Responses:        0  (avg size: 0 bytes)
  SSDP:
    M-SEARCH packets: 0
    Responses:        4909
  PortMapper:
    GETPORT calls:    0
    DUMP calls:       0
  NetBIOS:
    Name queries:     0
    Datagram packets: 0
  LDAP:
    Bind requests:    0
    Search requests:  297262497
  MSSQL:
    SQLBatch packets: 0
    RPC packets:      0
  TFTP:
    RRQ (read) pkts:  0
    WRQ (write) pkts: 0

[ATTACK DETECTIONS - Cumulative Events]
  UDP flood events:   0
  UDP-lag events:     0
  SYN flood events:   0
  HTTP flood events:  0
  ICMP flood events:  0
  DNS amp events:     0
  NTP amp events:     0
  SNMP amp events:    0
  SSDP events:        0
  PortMap events:     0
  NetBIOS events:     0
  LDAP events:        2454
  MSSQL events:       0
  TFTP events:        0
  ACK flood events:   0
  Frag attack events: 0
  Heavy-hitter events:2494 (OctoSketch per-IP detection)
  Packet flood events:0
  (Note: Events count IPs exceeding thresholds per 50ms window)

[ALERT STATUS]
  Alert level:        [1;31mHIGH[0m
  Reason:             [1;31mLDAP detected: 2160662 pps | HEAVY-HITTER: 10.10.3.164 @ 11885 pps | TREND: attack rising (+584192/250ms) | [0m

[MULTI-LF (2025) COMPARISON]
=== Detection Performance vs ML-Based System ===

  First Detection Latency:   3425.89 ms (vs MULTI-LF: 866 ms)
    Improvement:             0.3× faster

  Packets until detection:   1106353308
  Bytes until detection:     135675220297 (129389.97 MB)

[OCTOSKETCH METRICS - Optimized Architecture]
=== Per-Worker Sketches + Sampling (1/32 packets) ===

  Architecture:              Per-worker (NO atomics, NO contention)
  Total sketch memory:       8961 KB (14 workers × 640.1 KB)
  Sampling rate:             1 in 32 packets (3.1% overhead)
  Attack traffic sampled:    7350272 updates
  Estimated attack packets:  235208704 (×32 sampling factor)
  Sketch overhead:           ~1.56% of fast-path cycles
  Memory efficiency:         O(1) constant, 640.1 KB per worker

[OCTOSKETCH HEAVY-HITTER DETECTION]
=== Top Attackers (per-IP tracking via Count-Min Sketch) ===

  Heavy-hitter threshold:    5000 pps per IP
  Heavy-hitters detected:    5 IPs exceeding threshold
  Total HH detections:       2494 events

  Top 5 Attackers (estimated counts, ×32 sampling):
    #1: 10.10.3.164 - 40480 pkts (8080 pps) [HEAVY-HITTER]
    #2: 10.10.3.46 - 40160 pkts (8017 pps) [HEAVY-HITTER]
    #3: 10.10.3.142 - 39360 pkts (7857 pps) [HEAVY-HITTER]
    #4: 10.10.3.168 - 39296 pkts (7844 pps) [HEAVY-HITTER]
    #5: 10.10.3.163 - 39136 pkts (7812 pps) [HEAVY-HITTER]

[RING BUFFER + MULTI-SCALE FEATURES]
=== Temporal Analysis (last 100 windows = 5.0 sec) ===

  Windows processed:         5179
  Buffer utilization:        100/100 (100.0%)
  Running baseline (ML):     5849436 pps (for ML features only)
  Detection mode:            FIXED THRESHOLDS

  [Temporal Features - Last Window]
    Delta PPS (250ms):       +584192
    Delta PPS (500ms):       +1168640
    PPS Variance:            454450577408
    Ratio vs Baseline:       1.84x

  [Multi-Scale Features]
    Top IP (50ms):           263 pps
    Top IP (1s):             13728 pps
    Top IP (1min):           3879 pps
    Burst Ratio (50ms/1min): 0.07x
    IP Concentration:        0.8%

[MULTIPLE DETECTION STATISTICS]
=== Aggregate Detection Analysis ===

  Total detection events:    2454
  Average detection latency: 56.05 ms
  Min detection latency:     53.95 ms
  Max detection latency:     3425.89 ms
  Latency range:             3371.94 ms

  Detection Latency Histogram:
    < 20 ms:  0 detections (0.0%)
    20-30 ms: 0 detections (0.0%)
    30-40 ms: 0 detections (0.0%)
    40-50 ms: 0 detections (0.0%)
    > 50 ms:  2453 detections (100.0%)

[PERFORMANCE METRICS]
  Throughput:         5.36 Gbps (7.44 Mpps)
  Cycles available:   402 cycles/pkt (lower = higher load)
  Active IPs:         0
  Worker threads:     14 (lcores 1-14)

[DPDK NIC STATISTICS]
  RX packets (NIC):   2490295939
  RX dropped (HW):    [0m0[0m (imissed)
  RX no mbufs:        [0m0[0m (buffer exhaustion)
  RX errors:          0
  Total drops:        [0m0 (0.00%)[0m
  RX burst calls:     66021686588 (97.9% empty)
  Processed pkts:     2490299598 (100.0% of NIC RX)


╔═══════════════════════════════════════════════════════════════════════╗
║          MIRA DDoS DETECTOR - STATISTICS (MULTI-CORE)                ║
╚═══════════════════════════════════════════════════════════════════════╝

[PACKET COUNTERS - GLOBAL]
  Total packets:      2541400669
  Baseline (10.10.2.x): 1394868398 (54.9%)
  Attack (10.10.3.x): 308092999 (12.1%)
  TCP packets:        1370322749
  UDP packets:        1046853460
  ICMP packets:       124224460

[INSTANTANEOUS TRAFFIC - Last 5.0 seconds]
  Baseline (10.10.2.x): 28367418 pkts (72.4%)  2485014692 bytes  3.97 Gbps
  Attack (10.10.3.x): 10825402 pkts (27.6%)  876858453 bytes  1.40 Gbps
  Total throughput:   5.37 Gbps  (avg pkt: 86 bytes)

[CUMULATIVE TRAFFIC - Since first packet (274.7s)]
  Total received:     2541400669 pkts (9.25 Mpps) | 8.54 Gbps | 293281755465 bytes

[ATTACK-SPECIFIC COUNTERS]
  SYN packets:        365528689
  SYN-ACK packets:    182764153
  SYN/ACK ratio:      2.00
  HTTP requests:      684354900
  DNS queries:        319822001

[PROTOCOL-SPECIFIC COUNTERS - CIC-DDoS-2019 Features]
  NTP Amplification:
    Monlist queries:  0
    Responses:        0  (avg size: 0 bytes)
  DNS Amplification:
    ANY queries:      0
    TXT queries:      0
    Responses:        319821996  (avg size: 108 bytes)
  SNMP Amplification:
    GetBulk requests: 0
    Responses:        0  (avg size: 0 bytes)
  SSDP:
    M-SEARCH packets: 0
    Responses:        5083
  PortMapper:
    GETPORT calls:    0
    DUMP calls:       0
  NetBIOS:
    Name queries:     0
    Datagram packets: 0
  LDAP:
    Bind requests:    0
    Search requests:  308087916
  MSSQL:
    SQLBatch packets: 0
    RPC packets:      0
  TFTP:
    RRQ (read) pkts:  0
    WRQ (write) pkts: 0

[ATTACK DETECTIONS - Cumulative Events]
  UDP flood events:   0
  UDP-lag events:     0
  SYN flood events:   0
  HTTP flood events:  0
  ICMP flood events:  0
  DNS amp events:     0
  NTP amp events:     0
  SNMP amp events:    0
  SSDP events:        0
  PortMap events:     0
  NetBIOS events:     0
  LDAP events:        2546
  MSSQL events:       0
  TFTP events:        0
  ACK flood events:   0
  Frag attack events: 0
  Heavy-hitter events:2586 (OctoSketch per-IP detection)
  Packet flood events:0
  (Note: Events count IPs exceeding thresholds per 50ms window)

[ALERT STATUS]
  Alert level:        [1;31mHIGH[0m
  Reason:             [1;31mLDAP detected: 2160703 pps | HEAVY-HITTER: 10.10.3.180 @ 11719 pps | TREND: attack rising (+583936/250ms) | [0m

[MULTI-LF (2025) COMPARISON]
=== Detection Performance vs ML-Based System ===

  First Detection Latency:   3425.89 ms (vs MULTI-LF: 866 ms)
    Improvement:             0.3× faster

  Packets until detection:   1106353308
  Bytes until detection:     135675220297 (129389.97 MB)

[OCTOSKETCH METRICS - Optimized Architecture]
=== Per-Worker Sketches + Sampling (1/32 packets) ===

  Architecture:              Per-worker (NO atomics, NO contention)
  Total sketch memory:       8961 KB (14 workers × 640.1 KB)
  Sampling rate:             1 in 32 packets (3.1% overhead)
  Attack traffic sampled:    7348160 updates
  Estimated attack packets:  235141120 (×32 sampling factor)
  Sketch overhead:           ~1.56% of fast-path cycles
  Memory efficiency:         O(1) constant, 640.1 KB per worker

[OCTOSKETCH HEAVY-HITTER DETECTION]
=== Top Attackers (per-IP tracking via Count-Min Sketch) ===

  Heavy-hitter threshold:    5000 pps per IP
  Heavy-hitters detected:    5 IPs exceeding threshold
  Total HH detections:       2586 events

  Top 5 Attackers (estimated counts, ×32 sampling):
    #1: 10.10.3.180 - 39904 pkts (7965 pps) [HEAVY-HITTER]
    #2: 10.10.3.24 - 39616 pkts (7907 pps) [HEAVY-HITTER]
    #3: 10.10.3.89 - 39584 pkts (7901 pps) [HEAVY-HITTER]
    #4: 10.10.3.5 - 39040 pkts (7792 pps) [HEAVY-HITTER]
    #5: 10.10.3.12 - 38944 pkts (7773 pps) [HEAVY-HITTER]

[RING BUFFER + MULTI-SCALE FEATURES]
=== Temporal Analysis (last 100 windows = 5.0 sec) ===

  Windows processed:         5271
  Buffer utilization:        100/100 (100.0%)
  Running baseline (ML):     5722722 pps (for ML features only)
  Detection mode:            FIXED THRESHOLDS

  [Temporal Features - Last Window]
    Delta PPS (250ms):       +583936
    Delta PPS (500ms):       +1167872
    PPS Variance:            454640533504
    Ratio vs Baseline:       1.89x

  [Multi-Scale Features]
    Top IP (50ms):           273 pps
    Top IP (1s):             7616 pps
    Top IP (1min):           4799 pps
    Burst Ratio (50ms/1min): 0.06x
    IP Concentration:        0.8%

[MULTIPLE DETECTION STATISTICS]
=== Aggregate Detection Analysis ===

  Total detection events:    2546
  Average detection latency: 56.00 ms
  Min detection latency:     53.95 ms
  Max detection latency:     3425.89 ms
  Latency range:             3371.94 ms

  Detection Latency Histogram:
    < 20 ms:  0 detections (0.0%)
    20-30 ms: 0 detections (0.0%)
    30-40 ms: 0 detections (0.0%)
    40-50 ms: 0 detections (0.0%)
    > 50 ms:  2545 detections (100.0%)

[PERFORMANCE METRICS]
  Throughput:         5.37 Gbps (7.82 Mpps)
  Cycles available:   382 cycles/pkt (lower = higher load)
  Active IPs:         0
  Worker threads:     14 (lcores 1-14)

[DPDK NIC STATISTICS]
  RX packets (NIC):   2541396843
  RX dropped (HW):    [0m0[0m (imissed)
  RX no mbufs:        [0m0[0m (buffer exhaustion)
  RX errors:          0
  Total drops:        [0m0 (0.00%)[0m
  RX burst calls:     67082109487 (97.9% empty)
  Processed pkts:     2541400669 (100.0% of NIC RX)


╔═══════════════════════════════════════════════════════════════════════╗
║          MIRA DDoS DETECTOR - STATISTICS (MULTI-CORE)                ║
╚═══════════════════════════════════════════════════════════════════════╝

[PACKET COUNTERS - GLOBAL]
  Total packets:      2592474353
  Baseline (10.10.2.x): 1421341411 (54.8%)
  Attack (10.10.3.x): 318910108 (12.3%)
  TCP packets:        1400516213
  UDP packets:        1065495690
  ICMP packets:       126462450

[INSTANTANEOUS TRAFFIC - Last 5.0 seconds]
  Baseline (10.10.2.x): 26472351 pkts (71.0%)  2483284695 bytes  3.97 Gbps
  Attack (10.10.3.x): 10817024 pkts (29.0%)  876178944 bytes  1.40 Gbps
  Total throughput:   5.37 Gbps  (avg pkt: 90 bytes)

[CUMULATIVE TRAFFIC - Since first packet (279.7s)]
  Total received:     2592474353 pkts (9.27 Mpps) | 8.55 Gbps | 299134393502 bytes

[ATTACK-SPECIFIC COUNTERS]
  SYN packets:        373748054
  SYN-ACK packets:    186873828
  SYN/ACK ratio:      2.00
  HTTP requests:      698193657
  DNS queries:        322841404

[PROTOCOL-SPECIFIC COUNTERS - CIC-DDoS-2019 Features]
  NTP Amplification:
    Monlist queries:  0
    Responses:        0  (avg size: 0 bytes)
  DNS Amplification:
    ANY queries:      0
    TXT queries:      0
    Responses:        322841401  (avg size: 108 bytes)
  SNMP Amplification:
    GetBulk requests: 0
    Responses:        0  (avg size: 0 bytes)
  SSDP:
    M-SEARCH packets: 0
    Responses:        5274
  PortMapper:
    GETPORT calls:    0
    DUMP calls:       0
  NetBIOS:
    Name queries:     0
    Datagram packets: 0
  LDAP:
    Bind requests:    0
    Search requests:  318904834
  MSSQL:
    SQLBatch packets: 0
    RPC packets:      0
  TFTP:
    RRQ (read) pkts:  0
    WRQ (write) pkts: 0

[ATTACK DETECTIONS - Cumulative Events]
  UDP flood events:   0
  UDP-lag events:     0
  SYN flood events:   0
  HTTP flood events:  0
  ICMP flood events:  0
  DNS amp events:     0
  NTP amp events:     0
  SNMP amp events:    0
  SSDP events:        0
  PortMap events:     0
  NetBIOS events:     0
  LDAP events:        2637
  MSSQL events:       0
  TFTP events:        0
  ACK flood events:   0
  Frag attack events: 0
  Heavy-hitter events:2677 (OctoSketch per-IP detection)
  Packet flood events:0
  (Note: Events count IPs exceeding thresholds per 50ms window)

[ALERT STATUS]
  Alert level:        [1;31mHIGH[0m
  Reason:             [1;31mLDAP detected: 2160689 pps | HEAVY-HITTER: 10.10.3.33 @ 11846 pps | TREND: attack rising (+586074/250ms) | [0m

[MULTI-LF (2025) COMPARISON]
=== Detection Performance vs ML-Based System ===

  First Detection Latency:   3425.89 ms (vs MULTI-LF: 866 ms)
    Improvement:             0.3× faster

  Packets until detection:   1106353308
  Bytes until detection:     135675220297 (129389.97 MB)

[OCTOSKETCH METRICS - Optimized Architecture]
=== Per-Worker Sketches + Sampling (1/32 packets) ===

  Architecture:              Per-worker (NO atomics, NO contention)
  Total sketch memory:       8961 KB (14 workers × 640.1 KB)
  Sampling rate:             1 in 32 packets (3.1% overhead)
  Attack traffic sampled:    7234688 updates
  Estimated attack packets:  231510016 (×32 sampling factor)
  Sketch overhead:           ~1.56% of fast-path cycles
  Memory efficiency:         O(1) constant, 640.1 KB per worker

[OCTOSKETCH HEAVY-HITTER DETECTION]
=== Top Attackers (per-IP tracking via Count-Min Sketch) ===

  Heavy-hitter threshold:    5000 pps per IP
  Heavy-hitters detected:    5 IPs exceeding threshold
  Total HH detections:       2677 events

  Top 5 Attackers (estimated counts, ×32 sampling):
    #1: 10.10.3.33 - 39712 pkts (7932 pps) [HEAVY-HITTER]
    #2: 10.10.3.69 - 39328 pkts (7856 pps) [HEAVY-HITTER]
    #3: 10.10.3.113 - 38912 pkts (7773 pps) [HEAVY-HITTER]
    #4: 10.10.3.31 - 38400 pkts (7670 pps) [HEAVY-HITTER]
    #5: 10.10.3.97 - 38176 pkts (7626 pps) [HEAVY-HITTER]

[RING BUFFER + MULTI-SCALE FEATURES]
=== Temporal Analysis (last 100 windows = 5.0 sec) ===

  Windows processed:         5362
  Buffer utilization:        100/100 (100.0%)
  Running baseline (ML):     5755659 pps (for ML features only)
  Detection mode:            FIXED THRESHOLDS

  [Temporal Features - Last Window]
    Delta PPS (250ms):       +586074
    Delta PPS (500ms):       +1170432
    PPS Variance:            454323666944
    Ratio vs Baseline:       1.86x

  [Multi-Scale Features]
    Top IP (50ms):           315 pps
    Top IP (1s):             1824 pps
    Top IP (1min):           5657 pps
    Burst Ratio (50ms/1min): 0.06x
    IP Concentration:        1.0%

[MULTIPLE DETECTION STATISTICS]
=== Aggregate Detection Analysis ===

  Total detection events:    2637
  Average detection latency: 55.95 ms
  Min detection latency:     53.94 ms
  Max detection latency:     3425.89 ms
  Latency range:             3371.94 ms

  Detection Latency Histogram:
    < 20 ms:  0 detections (0.0%)
    20-30 ms: 0 detections (0.0%)
    30-40 ms: 0 detections (0.0%)
    40-50 ms: 0 detections (0.0%)
    > 50 ms:  2636 detections (100.0%)

[PERFORMANCE METRICS]
  Throughput:         5.37 Gbps (7.45 Mpps)
  Cycles available:   401 cycles/pkt (lower = higher load)
  Active IPs:         0
  Worker threads:     14 (lcores 1-14)

[DPDK NIC STATISTICS]
  RX packets (NIC):   2592470438
  RX dropped (HW):    [0m0[0m (imissed)
  RX no mbufs:        [0m0[0m (buffer exhaustion)
  RX errors:          0
  Total drops:        [0m0 (0.00%)[0m
  RX burst calls:     68141881175 (97.8% empty)
  Processed pkts:     2592474353 (100.0% of NIC RX)


╔═══════════════════════════════════════════════════════════════════════╗
║          MIRA DDoS DETECTOR - STATISTICS (MULTI-CORE)                ║
╚═══════════════════════════════════════════════════════════════════════╝

[PACKET COUNTERS - GLOBAL]
  Total packets:      2643481329
  Baseline (10.10.2.x): 1447778514 (54.8%)
  Attack (10.10.3.x): 329714332 (12.5%)
  TCP packets:        1430671688
  UDP packets:        1084111184
  ICMP packets:       128698457

[INSTANTANEOUS TRAFFIC - Last 5.0 seconds]
  Baseline (10.10.2.x): 26436523 pkts (71.0%)  2479748673 bytes  3.97 Gbps
  Attack (10.10.3.x): 10803968 pkts (29.0%)  936759249 bytes  1.50 Gbps
  Total throughput:   5.47 Gbps  (avg pkt: 92 bytes)

[CUMULATIVE TRAFFIC - Since first packet (284.7s)]
  Total received:     2643481329 pkts (9.28 Mpps) | 8.57 Gbps | 304979501798 bytes

[ATTACK-SPECIFIC COUNTERS]
  SYN packets:        381956771
  SYN-ACK packets:    190978177
  SYN/ACK ratio:      2.00
  HTTP requests:      712017271
  DNS queries:        325855290

[PROTOCOL-SPECIFIC COUNTERS - CIC-DDoS-2019 Features]
  NTP Amplification:
    Monlist queries:  0
    Responses:        0  (avg size: 0 bytes)
  DNS Amplification:
    ANY queries:      0
    TXT queries:      0
    Responses:        325855277  (avg size: 108 bytes)
  SNMP Amplification:
    GetBulk requests: 0
    Responses:        0  (avg size: 0 bytes)
  SSDP:
    M-SEARCH packets: 0
    Responses:        5443
  PortMapper:
    GETPORT calls:    0
    DUMP calls:       0
  NetBIOS:
    Name queries:     0
    Datagram packets: 0
  LDAP:
    Bind requests:    0
    Search requests:  329708889
  MSSQL:
    SQLBatch packets: 0
    RPC packets:      0
  TFTP:
    RRQ (read) pkts:  0
    WRQ (write) pkts: 0

[ATTACK DETECTIONS - Cumulative Events]
  UDP flood events:   0
  UDP-lag events:     0
  SYN flood events:   0
  HTTP flood events:  0
  ICMP flood events:  0
  DNS amp events:     0
  NTP amp events:     0
  SNMP amp events:    0
  SSDP events:        0
  PortMap events:     0
  NetBIOS events:     0
  LDAP events:        2729
  MSSQL events:       0
  TFTP events:        0
  ACK flood events:   0
  Frag attack events: 0
  Heavy-hitter events:2769 (OctoSketch per-IP detection)
  Packet flood events:0
  (Note: Events count IPs exceeding thresholds per 50ms window)

[ALERT STATUS]
  Alert level:        [1;31mHIGH[0m
  Reason:             [1;31mLDAP detected: 2160656 pps | HEAVY-HITTER: 10.10.3.109 @ 11825 pps | TREND: attack rising (+583936/250ms) | [0m

[MULTI-LF (2025) COMPARISON]
=== Detection Performance vs ML-Based System ===

  First Detection Latency:   3425.89 ms (vs MULTI-LF: 866 ms)
    Improvement:             0.3× faster

  Packets until detection:   1106353308
  Bytes until detection:     135675220297 (129389.97 MB)

[OCTOSKETCH METRICS - Optimized Architecture]
=== Per-Worker Sketches + Sampling (1/32 packets) ===

  Architecture:              Per-worker (NO atomics, NO contention)
  Total sketch memory:       8961 KB (14 workers × 640.1 KB)
  Sampling rate:             1 in 32 packets (3.1% overhead)
  Attack traffic sampled:    7235520 updates
  Estimated attack packets:  231536640 (×32 sampling factor)
  Sketch overhead:           ~1.56% of fast-path cycles
  Memory efficiency:         O(1) constant, 640.1 KB per worker

[OCTOSKETCH HEAVY-HITTER DETECTION]
=== Top Attackers (per-IP tracking via Count-Min Sketch) ===

  Heavy-hitter threshold:    5000 pps per IP
  Heavy-hitters detected:    5 IPs exceeding threshold
  Total HH detections:       2769 events

  Top 5 Attackers (estimated counts, ×32 sampling):
    #1: 10.10.3.109 - 39648 pkts (7929 pps) [HEAVY-HITTER]
    #2: 10.10.3.65 - 39168 pkts (7833 pps) [HEAVY-HITTER]
    #3: 10.10.3.89 - 38912 pkts (7782 pps) [HEAVY-HITTER]
    #4: 10.10.3.7 - 38752 pkts (7750 pps) [HEAVY-HITTER]
    #5: 10.10.3.172 - 38368 pkts (7673 pps) [HEAVY-HITTER]

[RING BUFFER + MULTI-SCALE FEATURES]
=== Temporal Analysis (last 100 windows = 5.0 sec) ===

  Windows processed:         5454
  Buffer utilization:        100/100 (100.0%)
  Running baseline (ML):     5698994 pps (for ML features only)
  Detection mode:            FIXED THRESHOLDS

  [Temporal Features - Last Window]
    Delta PPS (250ms):       +583936
    Delta PPS (500ms):       +1168128
    PPS Variance:            454931972096
    Ratio vs Baseline:       1.89x

  [Multi-Scale Features]
    Top IP (50ms):           277 pps
    Top IP (1s):             9440 pps
    Top IP (1min):           6604 pps
    Burst Ratio (50ms/1min): 0.04x
    IP Concentration:        0.8%

[MULTIPLE DETECTION STATISTICS]
=== Aggregate Detection Analysis ===

  Total detection events:    2729
  Average detection latency: 55.91 ms
  Min detection latency:     53.94 ms
  Max detection latency:     3425.89 ms
  Latency range:             3371.94 ms

  Detection Latency Histogram:
    < 20 ms:  0 detections (0.0%)
    20-30 ms: 0 detections (0.0%)
    30-40 ms: 0 detections (0.0%)
    40-50 ms: 0 detections (0.0%)
    > 50 ms:  2728 detections (100.0%)

[PERFORMANCE METRICS]
  Throughput:         5.47 Gbps (7.45 Mpps)
  Cycles available:   401 cycles/pkt (lower = higher load)
  Active IPs:         0
  Worker threads:     14 (lcores 1-14)

[DPDK NIC STATISTICS]
  RX packets (NIC):   2643477622
  RX dropped (HW):    [0m0[0m (imissed)
  RX no mbufs:        [0m0[0m (buffer exhaustion)
  RX errors:          0
  Total drops:        [0m0 (0.00%)[0m
  RX burst calls:     69200294055 (97.8% empty)
  Processed pkts:     2643481329 (100.0% of NIC RX)


╔═══════════════════════════════════════════════════════════════════════╗
║          MIRA DDoS DETECTOR - STATISTICS (MULTI-CORE)                ║
╚═══════════════════════════════════════════════════════════════════════╝

[PACKET COUNTERS - GLOBAL]
  Total packets:      2694553133
  Baseline (10.10.2.x): 1474248255 (54.7%)
  Attack (10.10.3.x): 340534317 (12.6%)
  TCP packets:        1460866711
  UDP packets:        1102751608
  ICMP packets:       130934814

[INSTANTANEOUS TRAFFIC - Last 5.0 seconds]
  Baseline (10.10.2.x): 28312969 pkts (71.0%)  2655491824 bytes  4.24 Gbps
  Attack (10.10.3.x): 11578296 pkts (29.0%)  937842219 bytes  1.50 Gbps
  Total throughput:   5.74 Gbps  (avg pkt: 90 bytes)

[CUMULATIVE TRAFFIC - Since first packet (289.7s)]
  Total received:     2694553133 pkts (9.30 Mpps) | 8.58 Gbps | 310831556171 bytes

[ATTACK-SPECIFIC COUNTERS]
  SYN packets:        390176540
  SYN-ACK packets:    195088071
  SYN/ACK ratio:      2.00
  HTTP requests:      725856850
  DNS queries:        328873507

[PROTOCOL-SPECIFIC COUNTERS - CIC-DDoS-2019 Features]
  NTP Amplification:
    Monlist queries:  0
    Responses:        0  (avg size: 0 bytes)
  DNS Amplification:
    ANY queries:      0
    TXT queries:      0
    Responses:        328873491  (avg size: 108 bytes)
  SNMP Amplification:
    GetBulk requests: 0
    Responses:        0  (avg size: 0 bytes)
  SSDP:
    M-SEARCH packets: 0
    Responses:        5624
  PortMapper:
    GETPORT calls:    0
    DUMP calls:       0
  NetBIOS:
    Name queries:     0
    Datagram packets: 0
  LDAP:
    Bind requests:    0
    Search requests:  340528687
  MSSQL:
    SQLBatch packets: 0
    RPC packets:      0
  TFTP:
    RRQ (read) pkts:  0
    WRQ (write) pkts: 0

[ATTACK DETECTIONS - Cumulative Events]
  UDP flood events:   0
  UDP-lag events:     0
  SYN flood events:   0
  HTTP flood events:  0
  ICMP flood events:  0
  DNS amp events:     0
  NTP amp events:     0
  SNMP amp events:    0
  SSDP events:        0
  PortMap events:     0
  NetBIOS events:     0
  LDAP events:        2820
  MSSQL events:       0
  TFTP events:        0
  ACK flood events:   0
  Frag attack events: 0
  Heavy-hitter events:2860 (OctoSketch per-IP detection)
  Packet flood events:0
  (Note: Events count IPs exceeding thresholds per 50ms window)

[ALERT STATUS]
  Alert level:        [1;31mHIGH[0m
  Reason:             [1;31mLDAP detected: 2160594 pps | HEAVY-HITTER: 10.10.3.31 @ 11602 pps | TREND: attack rising (+585989/250ms) | [0m

[MULTI-LF (2025) COMPARISON]
=== Detection Performance vs ML-Based System ===

  First Detection Latency:   3425.89 ms (vs MULTI-LF: 866 ms)
    Improvement:             0.3× faster

  Packets until detection:   1106353308
  Bytes until detection:     135675220297 (129389.97 MB)

[OCTOSKETCH METRICS - Optimized Architecture]
=== Per-Worker Sketches + Sampling (1/32 packets) ===

  Architecture:              Per-worker (NO atomics, NO contention)
  Total sketch memory:       8961 KB (14 workers × 640.1 KB)
  Sampling rate:             1 in 32 packets (3.1% overhead)
  Attack traffic sampled:    7118560 updates
  Estimated attack packets:  227793920 (×32 sampling factor)
  Sketch overhead:           ~1.56% of fast-path cycles
  Memory efficiency:         O(1) constant, 640.1 KB per worker

[OCTOSKETCH HEAVY-HITTER DETECTION]
=== Top Attackers (per-IP tracking via Count-Min Sketch) ===

  Heavy-hitter threshold:    5000 pps per IP
  Heavy-hitters detected:    5 IPs exceeding threshold
  Total HH detections:       2860 events

  Top 5 Attackers (estimated counts, ×32 sampling):
    #1: 10.10.3.31 - 38272 pkts (7643 pps) [HEAVY-HITTER]
    #2: 10.10.3.156 - 38176 pkts (7624 pps) [HEAVY-HITTER]
    #3: 10.10.3.70 - 37824 pkts (7553 pps) [HEAVY-HITTER]
    #4: 10.10.3.135 - 37696 pkts (7528 pps) [HEAVY-HITTER]
    #5: 10.10.3.168 - 37664 pkts (7521 pps) [HEAVY-HITTER]

[RING BUFFER + MULTI-SCALE FEATURES]
=== Temporal Analysis (last 100 windows = 5.0 sec) ===

  Windows processed:         5545
  Buffer utilization:        100/100 (100.0%)
  Running baseline (ML):     6437357 pps (for ML features only)
  Detection mode:            FIXED THRESHOLDS

  [Temporal Features - Last Window]
    Delta PPS (250ms):       +585989
    Delta PPS (500ms):       +1170342
    PPS Variance:            454881935360
    Ratio vs Baseline:       1.78x

  [Multi-Scale Features]
    Top IP (50ms):           291 pps
    Top IP (1s):             3744 pps
    Top IP (1min):           7496 pps
    Burst Ratio (50ms/1min): 0.04x
    IP Concentration:        0.9%

[MULTIPLE DETECTION STATISTICS]
=== Aggregate Detection Analysis ===

  Total detection events:    2820
  Average detection latency: 55.87 ms
  Min detection latency:     53.94 ms
  Max detection latency:     3425.89 ms
  Latency range:             3371.94 ms

  Detection Latency Histogram:
    < 20 ms:  0 detections (0.0%)
    20-30 ms: 0 detections (0.0%)
    30-40 ms: 0 detections (0.0%)
    40-50 ms: 0 detections (0.0%)
    > 50 ms:  2819 detections (100.0%)

[PERFORMANCE METRICS]
  Throughput:         5.74 Gbps (7.97 Mpps)
  Cycles available:   375 cycles/pkt (lower = higher load)
  Active IPs:         0
  Worker threads:     14 (lcores 1-14)

[DPDK NIC STATISTICS]
  RX packets (NIC):   2694549824
  RX dropped (HW):    [0m0[0m (imissed)
  RX no mbufs:        [0m0[0m (buffer exhaustion)
  RX errors:          0
  Total drops:        [0m0 (0.00%)[0m
  RX burst calls:     70260794950 (97.8% empty)
  Processed pkts:     2694553133 (100.0% of NIC RX)


╔═══════════════════════════════════════════════════════════════════════╗
║          MIRA DDoS DETECTOR - STATISTICS (MULTI-CORE)                ║
╚═══════════════════════════════════════════════════════════════════════╝

[PACKET COUNTERS - GLOBAL]
  Total packets:      2745560500
  Baseline (10.10.2.x): 1500685282 (54.7%)
  Attack (10.10.3.x): 351340956 (12.8%)
  TCP packets:        1491018546
  UDP packets:        1121371964
  ICMP packets:       133169990

[INSTANTANEOUS TRAFFIC - Last 5.0 seconds]
  Baseline (10.10.2.x): 28295530 pkts (72.4%)  2480064854 bytes  3.97 Gbps
  Attack (10.10.3.x): 10806528 pkts (27.6%)  875328768 bytes  1.40 Gbps
  Total throughput:   5.37 Gbps  (avg pkt: 86 bytes)

[CUMULATIVE TRAFFIC - Since first packet (294.7s)]
  Total received:     2745560500 pkts (9.32 Mpps) | 8.60 Gbps | 316676347112 bytes

[ATTACK-SPECIFIC COUNTERS]
  SYN packets:        398384902
  SYN-ACK packets:    199192247
  SYN/ACK ratio:      2.00
  HTTP requests:      739673891
  DNS queries:        331888615

[PROTOCOL-SPECIFIC COUNTERS - CIC-DDoS-2019 Features]
  NTP Amplification:
    Monlist queries:  0
    Responses:        0  (avg size: 0 bytes)
  DNS Amplification:
    ANY queries:      0
    TXT queries:      0
    Responses:        331888605  (avg size: 108 bytes)
  SNMP Amplification:
    GetBulk requests: 0
    Responses:        0  (avg size: 0 bytes)
  SSDP:
    M-SEARCH packets: 0
    Responses:        5801
  PortMapper:
    GETPORT calls:    0
    DUMP calls:       0
  NetBIOS:
    Name queries:     0
    Datagram packets: 0
  LDAP:
    Bind requests:    0
    Search requests:  351335155
  MSSQL:
    SQLBatch packets: 0
    RPC packets:      0
  TFTP:
    RRQ (read) pkts:  0
    WRQ (write) pkts: 0

[ATTACK DETECTIONS - Cumulative Events]
  UDP flood events:   0
  UDP-lag events:     0
  SYN flood events:   0
  HTTP flood events:  0
  ICMP flood events:  0
  DNS amp events:     0
  NTP amp events:     0
  SNMP amp events:    0
  SSDP events:        0
  PortMap events:     0
  NetBIOS events:     0
  LDAP events:        2912
  MSSQL events:       0
  TFTP events:        0
  ACK flood events:   0
  Frag attack events: 0
  Heavy-hitter events:2952 (OctoSketch per-IP detection)
  Packet flood events:0
  (Note: Events count IPs exceeding thresholds per 50ms window)

[ALERT STATUS]
  Alert level:        [1;31mHIGH[0m
  Reason:             [1;31mLDAP detected: 2160675 pps | HEAVY-HITTER: 10.10.3.163 @ 11552 pps | TREND: attack rising (+584192/250ms) | [0m

[MULTI-LF (2025) COMPARISON]
=== Detection Performance vs ML-Based System ===

  First Detection Latency:   3425.89 ms (vs MULTI-LF: 866 ms)
    Improvement:             0.3× faster

  Packets until detection:   1106353308
  Bytes until detection:     135675220297 (129389.97 MB)

[OCTOSKETCH METRICS - Optimized Architecture]
=== Per-Worker Sketches + Sampling (1/32 packets) ===

  Architecture:              Per-worker (NO atomics, NO contention)
  Total sketch memory:       8961 KB (14 workers × 640.1 KB)
  Sampling rate:             1 in 32 packets (3.1% overhead)
  Attack traffic sampled:    7119840 updates
  Estimated attack packets:  227834880 (×32 sampling factor)
  Sketch overhead:           ~1.56% of fast-path cycles
  Memory efficiency:         O(1) constant, 640.1 KB per worker

[OCTOSKETCH HEAVY-HITTER DETECTION]
=== Top Attackers (per-IP tracking via Count-Min Sketch) ===

  Heavy-hitter threshold:    5000 pps per IP
  Heavy-hitters detected:    5 IPs exceeding threshold
  Total HH detections:       2952 events

  Top 5 Attackers (estimated counts, ×32 sampling):
    #1: 10.10.3.163 - 38112 pkts (7620 pps) [HEAVY-HITTER]
    #2: 10.10.3.24 - 38016 pkts (7601 pps) [HEAVY-HITTER]
    #3: 10.10.3.50 - 37888 pkts (7576 pps) [HEAVY-HITTER]
    #4: 10.10.3.7 - 37856 pkts (7569 pps) [HEAVY-HITTER]
    #5: 10.10.3.171 - 37696 pkts (7537 pps) [HEAVY-HITTER]

[RING BUFFER + MULTI-SCALE FEATURES]
=== Temporal Analysis (last 100 windows = 5.0 sec) ===

  Windows processed:         5637
  Buffer utilization:        100/100 (100.0%)
  Running baseline (ML):     5760005 pps (for ML features only)
  Detection mode:            FIXED THRESHOLDS

  [Temporal Features - Last Window]
    Delta PPS (250ms):       +584192
    Delta PPS (500ms):       +1168384
    PPS Variance:            454691520512
    Ratio vs Baseline:       1.87x

  [Multi-Scale Features]
    Top IP (50ms):           272 pps
    Top IP (1s):             12448 pps
    Top IP (1min):           8433 pps
    Burst Ratio (50ms/1min): 0.03x
    IP Concentration:        0.8%

[MULTIPLE DETECTION STATISTICS]
=== Aggregate Detection Analysis ===

  Total detection events:    2912
  Average detection latency: 55.83 ms
  Min detection latency:     53.94 ms
  Max detection latency:     3425.89 ms
  Latency range:             3371.94 ms

  Detection Latency Histogram:
    < 20 ms:  0 detections (0.0%)
    20-30 ms: 0 detections (0.0%)
    30-40 ms: 0 detections (0.0%)
    40-50 ms: 0 detections (0.0%)
    > 50 ms:  2911 detections (100.0%)

[PERFORMANCE METRICS]
  Throughput:         5.37 Gbps (7.82 Mpps)
  Cycles available:   382 cycles/pkt (lower = higher load)
  Active IPs:         0
  Worker threads:     14 (lcores 1-14)

[DPDK NIC STATISTICS]
  RX packets (NIC):   2745556725
  RX dropped (HW):    [0m0[0m (imissed)
  RX no mbufs:        [0m0[0m (buffer exhaustion)
  RX errors:          0
  Total drops:        [0m0 (0.00%)[0m
  RX burst calls:     71319358941 (97.8% empty)
  Processed pkts:     2745560500 (100.0% of NIC RX)


╔═══════════════════════════════════════════════════════════════════════╗
║          MIRA DDoS DETECTOR - STATISTICS (MULTI-CORE)                ║
╚═══════════════════════════════════════════════════════════════════════╝

[PACKET COUNTERS - GLOBAL]
  Total packets:      2796637852
  Baseline (10.10.2.x): 1527159086 (54.6%)
  Attack (10.10.3.x): 362160284 (12.9%)
  TCP packets:        1521208107
  UDP packets:        1140021562
  ICMP packets:       135408183

[INSTANTANEOUS TRAFFIC - Last 5.0 seconds]
  Baseline (10.10.2.x): 28401321 pkts (71.0%)  2657947486 bytes  4.25 Gbps
  Attack (10.10.3.x): 11599764 pkts (29.0%)  876365568 bytes  1.40 Gbps
  Total throughput:   5.65 Gbps  (avg pkt: 88 bytes)

[CUMULATIVE TRAFFIC - Since first packet (299.8s)]
  Total received:     2796637852 pkts (9.33 Mpps) | 8.61 Gbps | 322529292235 bytes

[ATTACK-SPECIFIC COUNTERS]
  SYN packets:        406603381
  SYN-ACK packets:    203301479
  SYN/ACK ratio:      2.00
  HTTP requests:      753509568
  DNS queries:        334910274

[PROTOCOL-SPECIFIC COUNTERS - CIC-DDoS-2019 Features]
  NTP Amplification:
    Monlist queries:  0
    Responses:        0  (avg size: 0 bytes)
  DNS Amplification:
    ANY queries:      0
    TXT queries:      0
    Responses:        334910262  (avg size: 108 bytes)
  SNMP Amplification:
    GetBulk requests: 0
    Responses:        0  (avg size: 0 bytes)
  SSDP:
    M-SEARCH packets: 0
    Responses:        5986
  PortMapper:
    GETPORT calls:    0
    DUMP calls:       0
  NetBIOS:
    Name queries:     0
    Datagram packets: 0
  LDAP:
    Bind requests:    0
    Search requests:  362154298
  MSSQL:
    SQLBatch packets: 0
    RPC packets:      0
  TFTP:
    RRQ (read) pkts:  0
    WRQ (write) pkts: 0

[ATTACK DETECTIONS - Cumulative Events]
  UDP flood events:   0
  UDP-lag events:     0
  SYN flood events:   0
  HTTP flood events:  0
  ICMP flood events:  0
  DNS amp events:     0
  NTP amp events:     0
  SNMP amp events:    0
  SSDP events:        0
  PortMap events:     0
  NetBIOS events:     0
  LDAP events:        3003
  MSSQL events:       0
  TFTP events:        0
  ACK flood events:   0
  Frag attack events: 0
  Heavy-hitter events:3043 (OctoSketch per-IP detection)
  Packet flood events:0
  (Note: Events count IPs exceeding thresholds per 50ms window)

[ALERT STATUS]
  Alert level:        [1;31mHIGH[0m
  Reason:             [1;31mLDAP detected: 2160677 pps | HEAVY-HITTER: 10.10.3.19 @ 11569 pps | TREND: attack rising (+584325/250ms) | [0m

[MULTI-LF (2025) COMPARISON]
=== Detection Performance vs ML-Based System ===

  First Detection Latency:   3425.89 ms (vs MULTI-LF: 866 ms)
    Improvement:             0.3× faster

  Packets until detection:   1106353308
  Bytes until detection:     135675220297 (129389.97 MB)

[OCTOSKETCH METRICS - Optimized Architecture]
=== Per-Worker Sketches + Sampling (1/32 packets) ===

  Architecture:              Per-worker (NO atomics, NO contention)
  Total sketch memory:       8961 KB (14 workers × 640.1 KB)
  Sampling rate:             1 in 32 packets (3.1% overhead)
  Attack traffic sampled:    7001248 updates
  Estimated attack packets:  224039936 (×32 sampling factor)
  Sketch overhead:           ~1.56% of fast-path cycles
  Memory efficiency:         O(1) constant, 640.1 KB per worker

[OCTOSKETCH HEAVY-HITTER DETECTION]
=== Top Attackers (per-IP tracking via Count-Min Sketch) ===

  Heavy-hitter threshold:    5000 pps per IP
  Heavy-hitters detected:    5 IPs exceeding threshold
  Total HH detections:       3043 events

  Top 5 Attackers (estimated counts, ×32 sampling):
    #1: 10.10.3.19 - 37536 pkts (7496 pps) [HEAVY-HITTER]
    #2: 10.10.3.137 - 37536 pkts (7496 pps) [HEAVY-HITTER]
    #3: 10.10.3.125 - 37504 pkts (7490 pps) [HEAVY-HITTER]
    #4: 10.10.3.129 - 37216 pkts (7432 pps) [HEAVY-HITTER]
    #5: 10.10.3.55 - 37120 pkts (7413 pps) [HEAVY-HITTER]

[RING BUFFER + MULTI-SCALE FEATURES]
=== Temporal Analysis (last 100 windows = 5.0 sec) ===

  Windows processed:         5728
  Buffer utilization:        100/100 (100.0%)
  Running baseline (ML):     6456274 pps (for ML features only)
  Detection mode:            FIXED THRESHOLDS

  [Temporal Features - Last Window]
    Delta PPS (250ms):       +584325
    Delta PPS (500ms):       +1170432
    PPS Variance:            455212269568
    Ratio vs Baseline:       1.78x

  [Multi-Scale Features]
    Top IP (50ms):           276 pps
    Top IP (1s):             5728 pps
    Top IP (1min):           9335 pps
    Burst Ratio (50ms/1min): 0.03x
    IP Concentration:        0.8%

[MULTIPLE DETECTION STATISTICS]
=== Aggregate Detection Analysis ===

  Total detection events:    3003
  Average detection latency: 55.80 ms
  Min detection latency:     53.94 ms
  Max detection latency:     3425.89 ms
  Latency range:             3371.94 ms

  Detection Latency Histogram:
    < 20 ms:  0 detections (0.0%)
    20-30 ms: 0 detections (0.0%)
    30-40 ms: 0 detections (0.0%)
    40-50 ms: 0 detections (0.0%)
    > 50 ms:  3002 detections (100.0%)

[PERFORMANCE METRICS]
  Throughput:         5.65 Gbps (7.99 Mpps)
  Cycles available:   374 cycles/pkt (lower = higher load)
  Active IPs:         0
  Worker threads:     14 (lcores 1-14)

[DPDK NIC STATISTICS]
  RX packets (NIC):   2796634281
  RX dropped (HW):    [0m0[0m (imissed)
  RX no mbufs:        [0m0[0m (buffer exhaustion)
  RX errors:          0
  Total drops:        [0m0 (0.00%)[0m
  RX burst calls:     72379300878 (97.8% empty)
  Processed pkts:     2796637852 (100.0% of NIC RX)


╔═══════════════════════════════════════════════════════════════════════╗
║          MIRA DDoS DETECTOR - STATISTICS (MULTI-CORE)                ║
╚═══════════════════════════════════════════════════════════════════════╝

[PACKET COUNTERS - GLOBAL]
  Total packets:      2847687836
  Baseline (10.10.2.x): 1553619341 (54.6%)
  Attack (10.10.3.x): 372969628 (13.1%)
  TCP packets:        1551382937
  UDP packets:        1158654860
  ICMP packets:       137650039

[INSTANTANEOUS TRAFFIC - Last 5.0 seconds]
  Baseline (10.10.2.x): 26459923 pkts (69.5%)  2482026193 bytes  3.97 Gbps
  Attack (10.10.3.x): 11590635 pkts (30.5%)  1002239082 bytes  1.60 Gbps
  Total throughput:   5.57 Gbps  (avg pkt: 92 bytes)

[CUMULATIVE TRAFFIC - Since first packet (304.8s)]
  Total received:     2847687836 pkts (9.34 Mpps) | 8.62 Gbps | 328379331228 bytes

[ATTACK-SPECIFIC COUNTERS]
  SYN packets:        414817097
  SYN-ACK packets:    207408332
  SYN/ACK ratio:      2.00
  HTTP requests:      767343977
  DNS queries:        337929153

[PROTOCOL-SPECIFIC COUNTERS - CIC-DDoS-2019 Features]
  NTP Amplification:
    Monlist queries:  0
    Responses:        0  (avg size: 0 bytes)
  DNS Amplification:
    ANY queries:      0
    TXT queries:      0
    Responses:        337929136  (avg size: 108 bytes)
  SNMP Amplification:
    GetBulk requests: 0
    Responses:        0  (avg size: 0 bytes)
  SSDP:
    M-SEARCH packets: 0
    Responses:        6160
  PortMapper:
    GETPORT calls:    0
    DUMP calls:       0
  NetBIOS:
    Name queries:     0
    Datagram packets: 0
  LDAP:
    Bind requests:    0
    Search requests:  372963468
  MSSQL:
    SQLBatch packets: 0
    RPC packets:      0
  TFTP:
    RRQ (read) pkts:  0
    WRQ (write) pkts: 0

[ATTACK DETECTIONS - Cumulative Events]
  UDP flood events:   0
  UDP-lag events:     0
  SYN flood events:   0
  HTTP flood events:  0
  ICMP flood events:  0
  DNS amp events:     0
  NTP amp events:     0
  SNMP amp events:    0
  SSDP events:        0
  PortMap events:     0
  NetBIOS events:     0
  LDAP events:        3095
  MSSQL events:       0
  TFTP events:        0
  ACK flood events:   0
  Frag attack events: 0
  Heavy-hitter events:3135 (OctoSketch per-IP detection)
  Packet flood events:0
  (Note: Events count IPs exceeding thresholds per 50ms window)

[ALERT STATUS]
  Alert level:        [1;31mHIGH[0m
  Reason:             [1;31mLDAP detected: 2160644 pps | HEAVY-HITTER: 10.10.3.169 @ 11636 pps | TREND: attack rising (+584054/250ms) | [0m

[MULTI-LF (2025) COMPARISON]
=== Detection Performance vs ML-Based System ===

  First Detection Latency:   3425.89 ms (vs MULTI-LF: 866 ms)
    Improvement:             0.3× faster

  Packets until detection:   1106353308
  Bytes until detection:     135675220297 (129389.97 MB)

[OCTOSKETCH METRICS - Optimized Architecture]
=== Per-Worker Sketches + Sampling (1/32 packets) ===

  Architecture:              Per-worker (NO atomics, NO contention)
  Total sketch memory:       8961 KB (14 workers × 640.1 KB)
  Sampling rate:             1 in 32 packets (3.1% overhead)
  Attack traffic sampled:    7002272 updates
  Estimated attack packets:  224072704 (×32 sampling factor)
  Sketch overhead:           ~1.56% of fast-path cycles
  Memory efficiency:         O(1) constant, 640.1 KB per worker

[OCTOSKETCH HEAVY-HITTER DETECTION]
=== Top Attackers (per-IP tracking via Count-Min Sketch) ===

  Heavy-hitter threshold:    5000 pps per IP
  Heavy-hitters detected:    5 IPs exceeding threshold
  Total HH detections:       3135 events

  Top 5 Attackers (estimated counts, ×32 sampling):
    #1: 10.10.3.169 - 37760 pkts (7548 pps) [HEAVY-HITTER]
    #2: 10.10.3.98 - 37088 pkts (7414 pps) [HEAVY-HITTER]
    #3: 10.10.3.120 - 37056 pkts (7407 pps) [HEAVY-HITTER]
    #4: 10.10.3.143 - 36864 pkts (7369 pps) [HEAVY-HITTER]
    #5: 10.10.3.36 - 36800 pkts (7356 pps) [HEAVY-HITTER]

[RING BUFFER + MULTI-SCALE FEATURES]
=== Temporal Analysis (last 100 windows = 5.0 sec) ===

  Windows processed:         5820
  Buffer utilization:        100/100 (100.0%)
  Running baseline (ML):     6471646 pps (for ML features only)
  Detection mode:            FIXED THRESHOLDS

  [Temporal Features - Last Window]
    Delta PPS (250ms):       +584054
    Delta PPS (500ms):       +1168384
    PPS Variance:            454771245056
    Ratio vs Baseline:       1.79x

  [Multi-Scale Features]
    Top IP (50ms):           266 pps
    Top IP (1s):             13280 pps
    Top IP (1min):           10245 pps
    Burst Ratio (50ms/1min): 0.03x
    IP Concentration:        0.8%

[MULTIPLE DETECTION STATISTICS]
=== Aggregate Detection Analysis ===

  Total detection events:    3095
  Average detection latency: 55.76 ms
  Min detection latency:     53.94 ms
  Max detection latency:     3425.89 ms
  Latency range:             3371.94 ms

  Detection Latency Histogram:
    < 20 ms:  0 detections (0.0%)
    20-30 ms: 0 detections (0.0%)
    30-40 ms: 0 detections (0.0%)
    40-50 ms: 0 detections (0.0%)
    > 50 ms:  3094 detections (100.0%)

[PERFORMANCE METRICS]
  Throughput:         5.57 Gbps (7.61 Mpps)
  Cycles available:   393 cycles/pkt (lower = higher load)
  Active IPs:         0
  Worker threads:     14 (lcores 1-14)

[DPDK NIC STATISTICS]
  RX packets (NIC):   2847684006
  RX dropped (HW):    [0m0[0m (imissed)
  RX no mbufs:        [0m0[0m (buffer exhaustion)
  RX errors:          0
  Total drops:        [0m0 (0.00%)[0m
  RX burst calls:     73438028411 (97.8% empty)
  Processed pkts:     2847687836 (100.0% of NIC RX)


╔═══════════════════════════════════════════════════════════════════════╗
║          MIRA DDoS DETECTOR - STATISTICS (MULTI-CORE)                ║
╚═══════════════════════════════════════════════════════════════════════╝

[PACKET COUNTERS - GLOBAL]
  Total packets:      2898751763
  Baseline (10.10.2.x): 1580086596 (54.5%)
  Attack (10.10.3.x): 383786195 (13.2%)
  TCP packets:        1581571314
  UDP packets:        1177294434
  ICMP packets:       139886015

[INSTANTANEOUS TRAFFIC - Last 5.0 seconds]
  Baseline (10.10.2.x): 26466755 pkts (71.0%)  2482734416 bytes  3.97 Gbps
  Attack (10.10.3.x): 10816322 pkts (29.0%)  939393612 bytes  1.50 Gbps
  Total throughput:   5.47 Gbps  (avg pkt: 92 bytes)

[CUMULATIVE TRAFFIC - Since first packet (309.8s)]
  Total received:     2898751763 pkts (9.36 Mpps) | 8.63 Gbps | 334230785422 bytes

[ATTACK-SPECIFIC COUNTERS]
  SYN packets:        423035107
  SYN-ACK packets:    211517336
  SYN/ACK ratio:      2.00
  HTTP requests:      781180132
  DNS queries:        340947803

[PROTOCOL-SPECIFIC COUNTERS - CIC-DDoS-2019 Features]
  NTP Amplification:
    Monlist queries:  0
    Responses:        0  (avg size: 0 bytes)
  DNS Amplification:
    ANY queries:      0
    TXT queries:      0
    Responses:        340947788  (avg size: 108 bytes)
  SNMP Amplification:
    GetBulk requests: 0
    Responses:        0  (avg size: 0 bytes)
  SSDP:
    M-SEARCH packets: 0
    Responses:        6334
  PortMapper:
    GETPORT calls:    0
    DUMP calls:       0
  NetBIOS:
    Name queries:     0
    Datagram packets: 0
  LDAP:
    Bind requests:    0
    Search requests:  383779861
  MSSQL:
    SQLBatch packets: 0
    RPC packets:      0
  TFTP:
    RRQ (read) pkts:  0
    WRQ (write) pkts: 0

[ATTACK DETECTIONS - Cumulative Events]
  UDP flood events:   0
  UDP-lag events:     0
  SYN flood events:   0
  HTTP flood events:  0
  ICMP flood events:  0
  DNS amp events:     0
  NTP amp events:     0
  SNMP amp events:    0
  SSDP events:        0
  PortMap events:     0
  NetBIOS events:     0
  LDAP events:        3186
  MSSQL events:       0
  TFTP events:        0
  ACK flood events:   0
  Frag attack events: 0
  Heavy-hitter events:3226 (OctoSketch per-IP detection)
  Packet flood events:0
  (Note: Events count IPs exceeding thresholds per 50ms window)

[ALERT STATUS]
  Alert level:        [1;31mHIGH[0m
  Reason:             [1;31mLDAP detected: 2160641 pps | HEAVY-HITTER: 10.10.3.145 @ 11775 pps | TREND: attack rising (+584192/250ms) | [0m

[MULTI-LF (2025) COMPARISON]
=== Detection Performance vs ML-Based System ===

  First Detection Latency:   3425.89 ms (vs MULTI-LF: 866 ms)
    Improvement:             0.3× faster

  Packets until detection:   1106353308
  Bytes until detection:     135675220297 (129389.97 MB)

[OCTOSKETCH METRICS - Optimized Architecture]
=== Per-Worker Sketches + Sampling (1/32 packets) ===

  Architecture:              Per-worker (NO atomics, NO contention)
  Total sketch memory:       8961 KB (14 workers × 640.1 KB)
  Sampling rate:             1 in 32 packets (3.1% overhead)
  Attack traffic sampled:    6884320 updates
  Estimated attack packets:  220298240 (×32 sampling factor)
  Sketch overhead:           ~1.56% of fast-path cycles
  Memory efficiency:         O(1) constant, 640.1 KB per worker

[OCTOSKETCH HEAVY-HITTER DETECTION]
=== Top Attackers (per-IP tracking via Count-Min Sketch) ===

  Heavy-hitter threshold:    5000 pps per IP
  Heavy-hitters detected:    5 IPs exceeding threshold
  Total HH detections:       3226 events

  Top 5 Attackers (estimated counts, ×32 sampling):
    #1: 10.10.3.145 - 37568 pkts (7505 pps) [HEAVY-HITTER]
    #2: 10.10.3.162 - 37120 pkts (7415 pps) [HEAVY-HITTER]
    #3: 10.10.3.180 - 36832 pkts (7358 pps) [HEAVY-HITTER]
    #4: 10.10.3.143 - 36800 pkts (7351 pps) [HEAVY-HITTER]
    #5: 10.10.3.38 - 36768 pkts (7345 pps) [HEAVY-HITTER]

[RING BUFFER + MULTI-SCALE FEATURES]
=== Temporal Analysis (last 100 windows = 5.0 sec) ===

  Windows processed:         5911
  Buffer utilization:        100/100 (100.0%)
  Running baseline (ML):     5820985 pps (for ML features only)
  Detection mode:            FIXED THRESHOLDS

  [Temporal Features - Last Window]
    Delta PPS (250ms):       +584192
    Delta PPS (500ms):       +1168640
    PPS Variance:            455339147264
    Ratio vs Baseline:       1.84x

  [Multi-Scale Features]
    Top IP (50ms):           321 pps
    Top IP (1s):             7584 pps
    Top IP (1min):           11158 pps
    Burst Ratio (50ms/1min): 0.03x
    IP Concentration:        0.9%

[MULTIPLE DETECTION STATISTICS]
=== Aggregate Detection Analysis ===

  Total detection events:    3186
  Average detection latency: 55.73 ms
  Min detection latency:     53.94 ms
  Max detection latency:     3425.89 ms
  Latency range:             3371.94 ms

  Detection Latency Histogram:
    < 20 ms:  0 detections (0.0%)
    20-30 ms: 0 detections (0.0%)
    30-40 ms: 0 detections (0.0%)
    40-50 ms: 0 detections (0.0%)
    > 50 ms:  3185 detections (100.0%)

[PERFORMANCE METRICS]
  Throughput:         5.47 Gbps (7.45 Mpps)
  Cycles available:   401 cycles/pkt (lower = higher load)
  Active IPs:         0
  Worker threads:     14 (lcores 1-14)

[DPDK NIC STATISTICS]
  RX packets (NIC):   2898748056
  RX dropped (HW):    [0m0[0m (imissed)
  RX no mbufs:        [0m0[0m (buffer exhaustion)
  RX errors:          0
  Total drops:        [0m0 (0.00%)[0m
  RX burst calls:     74497510365 (97.8% empty)
  Processed pkts:     2898751763 (100.0% of NIC RX)


╔═══════════════════════════════════════════════════════════════════════╗
║          MIRA DDoS DETECTOR - STATISTICS (MULTI-CORE)                ║
╚═══════════════════════════════════════════════════════════════════════╝

[PACKET COUNTERS - GLOBAL]
  Total packets:      2949778471
  Baseline (10.10.2.x): 1606534580 (54.5%)
  Attack (10.10.3.x): 394595228 (13.4%)
  TCP packets:        1611735192
  UDP packets:        1195922722
  ICMP packets:       142120557

[INSTANTANEOUS TRAFFIC - Last 5.0 seconds]
  Baseline (10.10.2.x): 26447368 pkts (71.0%)  2481004180 bytes  3.97 Gbps
  Attack (10.10.3.x): 10808832 pkts (29.0%)  875515392 bytes  1.40 Gbps
  Total throughput:   5.37 Gbps  (avg pkt: 90 bytes)

[CUMULATIVE TRAFFIC - Since first packet (314.8s)]
  Total received:     2949778471 pkts (9.37 Mpps) | 8.64 Gbps | 340077822278 bytes

[ATTACK-SPECIFIC COUNTERS]
  SYN packets:        431246742
  SYN-ACK packets:    215623151
  SYN/ACK ratio:      2.00
  HTTP requests:      795002845
  DNS queries:        343965346

[PROTOCOL-SPECIFIC COUNTERS - CIC-DDoS-2019 Features]
  NTP Amplification:
    Monlist queries:  0
    Responses:        0  (avg size: 0 bytes)
  DNS Amplification:
    ANY queries:      0
    TXT queries:      0
    Responses:        343965335  (avg size: 108 bytes)
  SNMP Amplification:
    GetBulk requests: 0
    Responses:        0  (avg size: 0 bytes)
  SSDP:
    M-SEARCH packets: 0
    Responses:        6513
  PortMapper:
    GETPORT calls:    0
    DUMP calls:       0
  NetBIOS:
    Name queries:     0
    Datagram packets: 0
  LDAP:
    Bind requests:    0
    Search requests:  394588715
  MSSQL:
    SQLBatch packets: 0
    RPC packets:      0
  TFTP:
    RRQ (read) pkts:  0
    WRQ (write) pkts: 0

[ATTACK DETECTIONS - Cumulative Events]
  UDP flood events:   0
  UDP-lag events:     0
  SYN flood events:   0
  HTTP flood events:  0
  ICMP flood events:  0
  DNS amp events:     0
  NTP amp events:     0
  SNMP amp events:    0
  SSDP events:        0
  PortMap events:     0
  NetBIOS events:     0
  LDAP events:        3278
  MSSQL events:       0
  TFTP events:        0
  ACK flood events:   0
  Frag attack events: 0
  Heavy-hitter events:3318 (OctoSketch per-IP detection)
  Packet flood events:0
  (Note: Events count IPs exceeding thresholds per 50ms window)

[ALERT STATUS]
  Alert level:        [1;31mHIGH[0m
  Reason:             [1;31mLDAP detected: 2160663 pps | HEAVY-HITTER: 10.10.3.33 @ 11711 pps | TREND: attack rising (+589056/250ms) | [0m

[MULTI-LF (2025) COMPARISON]
=== Detection Performance vs ML-Based System ===

  First Detection Latency:   3425.89 ms (vs MULTI-LF: 866 ms)
    Improvement:             0.3× faster

  Packets until detection:   1106353308
  Bytes until detection:     135675220297 (129389.97 MB)

[OCTOSKETCH METRICS - Optimized Architecture]
=== Per-Worker Sketches + Sampling (1/32 packets) ===

  Architecture:              Per-worker (NO atomics, NO contention)
  Total sketch memory:       8961 KB (14 workers × 640.1 KB)
  Sampling rate:             1 in 32 packets (3.1% overhead)
  Attack traffic sampled:    6887008 updates
  Estimated attack packets:  220384256 (×32 sampling factor)
  Sketch overhead:           ~1.56% of fast-path cycles
  Memory efficiency:         O(1) constant, 640.1 KB per worker

[OCTOSKETCH HEAVY-HITTER DETECTION]
=== Top Attackers (per-IP tracking via Count-Min Sketch) ===

  Heavy-hitter threshold:    5000 pps per IP
  Heavy-hitters detected:    5 IPs exceeding threshold
  Total HH detections:       3318 events

  Top 5 Attackers (estimated counts, ×32 sampling):
    #1: 10.10.3.33 - 37376 pkts (7471 pps) [HEAVY-HITTER]
    #2: 10.10.3.64 - 37248 pkts (7446 pps) [HEAVY-HITTER]
    #3: 10.10.3.114 - 37152 pkts (7427 pps) [HEAVY-HITTER]
    #4: 10.10.3.46 - 36864 pkts (7369 pps) [HEAVY-HITTER]
    #5: 10.10.3.112 - 36800 pkts (7356 pps) [HEAVY-HITTER]

[RING BUFFER + MULTI-SCALE FEATURES]
=== Temporal Analysis (last 100 windows = 5.0 sec) ===

  Windows processed:         6003
  Buffer utilization:        100/100 (100.0%)
  Running baseline (ML):     5696303 pps (for ML features only)
  Detection mode:            FIXED THRESHOLDS

  [Temporal Features - Last Window]
    Delta PPS (250ms):       +589056
    Delta PPS (500ms):       +1173248
    PPS Variance:            455193985024
    Ratio vs Baseline:       1.89x

  [Multi-Scale Features]
    Top IP (50ms):           291 pps
    Top IP (1s):             2464 pps
    Top IP (1min):           41 pps
    Burst Ratio (50ms/1min): 7.08x
    IP Concentration:        0.8%

[MULTIPLE DETECTION STATISTICS]
=== Aggregate Detection Analysis ===

  Total detection events:    3278
  Average detection latency: 55.70 ms
  Min detection latency:     53.94 ms
  Max detection latency:     3425.89 ms
  Latency range:             3371.94 ms

  Detection Latency Histogram:
    < 20 ms:  0 detections (0.0%)
    20-30 ms: 0 detections (0.0%)
    30-40 ms: 0 detections (0.0%)
    40-50 ms: 0 detections (0.0%)
    > 50 ms:  3277 detections (100.0%)

[PERFORMANCE METRICS]
  Throughput:         5.37 Gbps (7.45 Mpps)
  Cycles available:   401 cycles/pkt (lower = higher load)
  Active IPs:         0
  Worker threads:     14 (lcores 1-14)

[DPDK NIC STATISTICS]
  RX packets (NIC):   2949774857
  RX dropped (HW):    [0m0[0m (imissed)
  RX no mbufs:        [0m0[0m (buffer exhaustion)
  RX errors:          0
  Total drops:        [0m0 (0.00%)[0m
  RX burst calls:     75557530152 (97.8% empty)
  Processed pkts:     2949778471 (100.0% of NIC RX)


╔═══════════════════════════════════════════════════════════════════════╗
║          MIRA DDoS DETECTOR - STATISTICS (MULTI-CORE)                ║
╚═══════════════════════════════════════════════════════════════════════╝

[PACKET COUNTERS - GLOBAL]
  Total packets:      3000860146
  Baseline (10.10.2.x): 1633012329 (54.4%)
  Attack (10.10.3.x): 405411484 (13.5%)
  TCP packets:        1641927521
  UDP packets:        1214567669
  ICMP packets:       144364956

[INSTANTANEOUS TRAFFIC - Last 5.0 seconds]
  Baseline (10.10.2.x): 28322167 pkts (69.6%)  2660908513 bytes  4.25 Gbps
  Attack (10.10.3.x): 12378026 pkts (30.4%)  939391668 bytes  1.50 Gbps
  Total throughput:   5.75 Gbps  (avg pkt: 88 bytes)

[CUMULATIVE TRAFFIC - Since first packet (319.8s)]
  Total received:     3000860146 pkts (9.38 Mpps) | 8.65 Gbps | 345931410635 bytes

[ATTACK-SPECIFIC COUNTERS]
  SYN packets:        439465746
  SYN-ACK packets:    219732646
  SYN/ACK ratio:      2.00
  HTTP requests:      808841471
  DNS queries:        346985900

[PROTOCOL-SPECIFIC COUNTERS - CIC-DDoS-2019 Features]
  NTP Amplification:
    Monlist queries:  0
    Responses:        0  (avg size: 0 bytes)
  DNS Amplification:
    ANY queries:      0
    TXT queries:      0
    Responses:        346985883  (avg size: 108 bytes)
  SNMP Amplification:
    GetBulk requests: 0
    Responses:        0  (avg size: 0 bytes)
  SSDP:
    M-SEARCH packets: 0
    Responses:        6693
  PortMapper:
    GETPORT calls:    0
    DUMP calls:       0
  NetBIOS:
    Name queries:     0
    Datagram packets: 0
  LDAP:
    Bind requests:    0
    Search requests:  405404790
  MSSQL:
    SQLBatch packets: 0
    RPC packets:      0
  TFTP:
    RRQ (read) pkts:  0
    WRQ (write) pkts: 0

[ATTACK DETECTIONS - Cumulative Events]
  UDP flood events:   0
  UDP-lag events:     0
  SYN flood events:   0
  HTTP flood events:  0
  ICMP flood events:  0
  DNS amp events:     0
  NTP amp events:     0
  SNMP amp events:    0
  SSDP events:        0
  PortMap events:     0
  NetBIOS events:     0
  LDAP events:        3369
  MSSQL events:       0
  TFTP events:        0
  ACK flood events:   0
  Frag attack events: 0
  Heavy-hitter events:3409 (OctoSketch per-IP detection)
  Packet flood events:0
  (Note: Events count IPs exceeding thresholds per 50ms window)

[ALERT STATUS]
  Alert level:        [1;31mHIGH[0m
  Reason:             [1;31mLDAP detected: 2160675 pps | HEAVY-HITTER: 10.10.3.102 @ 11919 pps | TREND: attack rising (+584318/250ms) | [0m

[MULTI-LF (2025) COMPARISON]
=== Detection Performance vs ML-Based System ===

  First Detection Latency:   3425.89 ms (vs MULTI-LF: 866 ms)
    Improvement:             0.3× faster

  Packets until detection:   1106353308
  Bytes until detection:     135675220297 (129389.97 MB)

[OCTOSKETCH METRICS - Optimized Architecture]
=== Per-Worker Sketches + Sampling (1/32 packets) ===

  Architecture:              Per-worker (NO atomics, NO contention)
  Total sketch memory:       8961 KB (14 workers × 640.1 KB)
  Sampling rate:             1 in 32 packets (3.1% overhead)
  Attack traffic sampled:    6766528 updates
  Estimated attack packets:  216528896 (×32 sampling factor)
  Sketch overhead:           ~1.56% of fast-path cycles
  Memory efficiency:         O(1) constant, 640.1 KB per worker

[OCTOSKETCH HEAVY-HITTER DETECTION]
=== Top Attackers (per-IP tracking via Count-Min Sketch) ===

  Heavy-hitter threshold:    5000 pps per IP
  Heavy-hitters detected:    5 IPs exceeding threshold
  Total HH detections:       3409 events

  Top 5 Attackers (estimated counts, ×32 sampling):
    #1: 10.10.3.102 - 37376 pkts (7466 pps) [HEAVY-HITTER]
    #2: 10.10.3.47 - 36736 pkts (7339 pps) [HEAVY-HITTER]
    #3: 10.10.3.11 - 36064 pkts (7204 pps) [HEAVY-HITTER]
    #4: 10.10.3.96 - 36000 pkts (7192 pps) [HEAVY-HITTER]
    #5: 10.10.3.194 - 36000 pkts (7192 pps) [HEAVY-HITTER]

[RING BUFFER + MULTI-SCALE FEATURES]
=== Temporal Analysis (last 100 windows = 5.0 sec) ===

  Windows processed:         6094
  Buffer utilization:        100/100 (100.0%)
  Running baseline (ML):     7155493 pps (for ML features only)
  Detection mode:            FIXED THRESHOLDS

  [Temporal Features - Last Window]
    Delta PPS (250ms):       +584318
    Delta PPS (500ms):       +1168640
    PPS Variance:            455091126272
    Ratio vs Baseline:       1.72x

  [Multi-Scale Features]
    Top IP (50ms):           316 pps
    Top IP (1s):             9344 pps
    Top IP (1min):           990 pps
    Burst Ratio (50ms/1min): 0.32x
    IP Concentration:        0.9%

[MULTIPLE DETECTION STATISTICS]
=== Aggregate Detection Analysis ===

  Total detection events:    3369
  Average detection latency: 55.68 ms
  Min detection latency:     53.94 ms
  Max detection latency:     3425.89 ms
  Latency range:             3371.94 ms

  Detection Latency Histogram:
    < 20 ms:  0 detections (0.0%)
    20-30 ms: 0 detections (0.0%)
    30-40 ms: 0 detections (0.0%)
    40-50 ms: 0 detections (0.0%)
    > 50 ms:  3368 detections (100.0%)

[PERFORMANCE METRICS]
  Throughput:         5.75 Gbps (8.13 Mpps)
  Cycles available:   368 cycles/pkt (lower = higher load)
  Active IPs:         0
  Worker threads:     14 (lcores 1-14)

[DPDK NIC STATISTICS]
  RX packets (NIC):   3000856487
  RX dropped (HW):    [0m0[0m (imissed)
  RX no mbufs:        [0m0[0m (buffer exhaustion)
  RX errors:          0
  Total drops:        [0m0 (0.00%)[0m
  RX burst calls:     76616938986 (97.8% empty)
  Processed pkts:     3000860146 (100.0% of NIC RX)


╔═══════════════════════════════════════════════════════════════════════╗
║          MIRA DDoS DETECTOR - STATISTICS (MULTI-CORE)                ║
╚═══════════════════════════════════════════════════════════════════════╝

[PACKET COUNTERS - GLOBAL]
  Total packets:      3050893340
  Baseline (10.10.2.x): 1658108354 (54.3%)
  Attack (10.10.3.x): 416216604 (13.6%)
  TCP packets:        1665734816
  UDP packets:        1238612175
  ICMP packets:       146546349

[INSTANTANEOUS TRAFFIC - Last 5.0 seconds]
  Baseline (10.10.2.x): 25095569 pkts (69.9%)  2398109291 bytes  3.84 Gbps
  Attack (10.10.3.x): 10805112 pkts (30.1%)  1001847690 bytes  1.60 Gbps
  Total throughput:   5.44 Gbps  (avg pkt: 95 bytes)

[CUMULATIVE TRAFFIC - Since first packet (324.8s)]
  Total received:     3050893340 pkts (9.39 Mpps) | 8.66 Gbps | 351436784883 bytes

[ATTACK-SPECIFIC COUNTERS]
  SYN packets:        446071553
  SYN-ACK packets:    223035545
  SYN/ACK ratio:      2.00
  HTTP requests:      818816398
  DNS queries:        352734399

[PROTOCOL-SPECIFIC COUNTERS - CIC-DDoS-2019 Features]
  NTP Amplification:
    Monlist queries:  0
    Responses:        0  (avg size: 0 bytes)
  DNS Amplification:
    ANY queries:      0
    TXT queries:      0
    Responses:        352734394  (avg size: 108 bytes)
  SNMP Amplification:
    GetBulk requests: 0
    Responses:        0  (avg size: 0 bytes)
  SSDP:
    M-SEARCH packets: 0
    Responses:        6876
  PortMapper:
    GETPORT calls:    0
    DUMP calls:       0
  NetBIOS:
    Name queries:     0
    Datagram packets: 0
  LDAP:
    Bind requests:    0
    Search requests:  416209727
  MSSQL:
    SQLBatch packets: 0
    RPC packets:      0
  TFTP:
    RRQ (read) pkts:  0
    WRQ (write) pkts: 0

[ATTACK DETECTIONS - Cumulative Events]
  UDP flood events:   0
  UDP-lag events:     0
  SYN flood events:   0
  HTTP flood events:  0
  ICMP flood events:  0
  DNS amp events:     0
  NTP amp events:     0
  SNMP amp events:    0
  SSDP events:        0
  PortMap events:     0
  NetBIOS events:     0
  LDAP events:        3461
  MSSQL events:       0
  TFTP events:        0
  ACK flood events:   0
  Frag attack events: 0
  Heavy-hitter events:3501 (OctoSketch per-IP detection)
  Packet flood events:0
  (Note: Events count IPs exceeding thresholds per 50ms window)

[ALERT STATUS]
  Alert level:        [1;31mHIGH[0m
  Reason:             [1;31mLDAP detected: 2160700 pps | HEAVY-HITTER: 10.10.3.7 @ 11674 pps | TREND: attack rising (+583936/250ms) | [0m

[MULTI-LF (2025) COMPARISON]
=== Detection Performance vs ML-Based System ===

  First Detection Latency:   3425.89 ms (vs MULTI-LF: 866 ms)
    Improvement:             0.3× faster

  Packets until detection:   1106353308
  Bytes until detection:     135675220297 (129389.97 MB)

[OCTOSKETCH METRICS - Optimized Architecture]
=== Per-Worker Sketches + Sampling (1/32 packets) ===

  Architecture:              Per-worker (NO atomics, NO contention)
  Total sketch memory:       8961 KB (14 workers × 640.1 KB)
  Sampling rate:             1 in 32 packets (3.1% overhead)
  Attack traffic sampled:    6766688 updates
  Estimated attack packets:  216534016 (×32 sampling factor)
  Sketch overhead:           ~1.56% of fast-path cycles
  Memory efficiency:         O(1) constant, 640.1 KB per worker

[OCTOSKETCH HEAVY-HITTER DETECTION]
=== Top Attackers (per-IP tracking via Count-Min Sketch) ===

  Heavy-hitter threshold:    5000 pps per IP
  Heavy-hitters detected:    5 IPs exceeding threshold
  Total HH detections:       3501 events

  Top 5 Attackers (estimated counts, ×32 sampling):
    #1: 10.10.3.7 - 36608 pkts (7321 pps) [HEAVY-HITTER]
    #2: 10.10.3.49 - 35808 pkts (7161 pps) [HEAVY-HITTER]
    #3: 10.10.3.95 - 35776 pkts (7154 pps) [HEAVY-HITTER]
    #4: 10.10.3.45 - 35744 pkts (7148 pps) [HEAVY-HITTER]
    #5: 10.10.3.86 - 35744 pkts (7148 pps) [HEAVY-HITTER]

[RING BUFFER + MULTI-SCALE FEATURES]
=== Temporal Analysis (last 100 windows = 5.0 sec) ===

  Windows processed:         6186
  Buffer utilization:        100/100 (100.0%)
  Running baseline (ML):     5820258 pps (for ML features only)
  Detection mode:            FIXED THRESHOLDS

  [Temporal Features - Last Window]
    Delta PPS (250ms):       +583936
    Delta PPS (500ms):       +1169815
    PPS Variance:            454700728320
    Ratio vs Baseline:       1.85x

  [Multi-Scale Features]
    Top IP (50ms):           296 pps
    Top IP (1s):             4320 pps
    Top IP (1min):           1923 pps
    Burst Ratio (50ms/1min): 0.15x
    IP Concentration:        0.8%

[MULTIPLE DETECTION STATISTICS]
=== Aggregate Detection Analysis ===

  Total detection events:    3461
  Average detection latency: 55.65 ms
  Min detection latency:     53.94 ms
  Max detection latency:     3425.89 ms
  Latency range:             3371.94 ms

  Detection Latency Histogram:
    < 20 ms:  0 detections (0.0%)
    20-30 ms: 0 detections (0.0%)
    30-40 ms: 0 detections (0.0%)
    40-50 ms: 0 detections (0.0%)
    > 50 ms:  3460 detections (100.0%)

[PERFORMANCE METRICS]
  Throughput:         5.44 Gbps (7.18 Mpps)
  Cycles available:   416 cycles/pkt (lower = higher load)
  Active IPs:         0
  Worker threads:     14 (lcores 1-14)

[DPDK NIC STATISTICS]
  RX packets (NIC):   3050889886
  RX dropped (HW):    [0m0[0m (imissed)
  RX no mbufs:        [0m0[0m (buffer exhaustion)
  RX errors:          0
  Total drops:        [0m0 (0.00%)[0m
  RX burst calls:     77695410538 (97.8% empty)
  Processed pkts:     3050893340 (100.0% of NIC RX)


╔═══════════════════════════════════════════════════════════════════════╗
║          MIRA DDoS DETECTOR - STATISTICS (MULTI-CORE)                ║
╚═══════════════════════════════════════════════════════════════════════╝

[PACKET COUNTERS - GLOBAL]
  Total packets:      3100917916
  Baseline (10.10.2.x): 1683155988 (54.3%)
  Attack (10.10.3.x): 427036316 (13.8%)
  TCP packets:        1689263930
  UDP packets:        1262927491
  ICMP packets:       148726495

[INSTANTANEOUS TRAFFIC - Last 5.0 seconds]
  Baseline (10.10.2.x): 25047091 pkts (69.8%)  2395306528 bytes  3.83 Gbps
  Attack (10.10.3.x): 10819584 pkts (30.2%)  876386304 bytes  1.40 Gbps
  Total throughput:   5.23 Gbps  (avg pkt: 91 bytes)

[CUMULATIVE TRAFFIC - Since first packet (329.8s)]
  Total received:     3100917916 pkts (9.40 Mpps) | 8.66 Gbps | 356929795661 bytes

[ATTACK-SPECIFIC COUNTERS]
  SYN packets:        452607674
  SYN-ACK packets:    226303602
  SYN/ACK ratio:      2.00
  HTTP requests:      828618516
  DNS queries:        358612668

[PROTOCOL-SPECIFIC COUNTERS - CIC-DDoS-2019 Features]
  NTP Amplification:
    Monlist queries:  0
    Responses:        0  (avg size: 0 bytes)
  DNS Amplification:
    ANY queries:      0
    TXT queries:      0
    Responses:        358612654  (avg size: 108 bytes)
  SNMP Amplification:
    GetBulk requests: 0
    Responses:        0  (avg size: 0 bytes)
  SSDP:
    M-SEARCH packets: 0
    Responses:        7050
  PortMapper:
    GETPORT calls:    0
    DUMP calls:       0
  NetBIOS:
    Name queries:     0
    Datagram packets: 0
  LDAP:
    Bind requests:    0
    Search requests:  427029266
  MSSQL:
    SQLBatch packets: 0
    RPC packets:      0
  TFTP:
    RRQ (read) pkts:  0
    WRQ (write) pkts: 0

[ATTACK DETECTIONS - Cumulative Events]
  UDP flood events:   0
  UDP-lag events:     0
  SYN flood events:   0
  HTTP flood events:  0
  ICMP flood events:  0
  DNS amp events:     0
  NTP amp events:     0
  SNMP amp events:    0
  SSDP events:        0
  PortMap events:     0
  NetBIOS events:     0
  LDAP events:        3552
  MSSQL events:       0
  TFTP events:        0
  ACK flood events:   0
  Frag attack events: 0
  Heavy-hitter events:3592 (OctoSketch per-IP detection)
  Packet flood events:0
  (Note: Events count IPs exceeding thresholds per 50ms window)

[ALERT STATUS]
  Alert level:        [1;31mHIGH[0m
  Reason:             [1;31mLDAP detected: 2160678 pps | HEAVY-HITTER: 10.10.3.16 @ 11589 pps | TREND: attack rising (+584367/250ms) | [0m

[MULTI-LF (2025) COMPARISON]
=== Detection Performance vs ML-Based System ===

  First Detection Latency:   3425.89 ms (vs MULTI-LF: 866 ms)
    Improvement:             0.3× faster

  Packets until detection:   1106353308
  Bytes until detection:     135675220297 (129389.97 MB)

[OCTOSKETCH METRICS - Optimized Architecture]
=== Per-Worker Sketches + Sampling (1/32 packets) ===

  Architecture:              Per-worker (NO atomics, NO contention)
  Total sketch memory:       8961 KB (14 workers × 640.1 KB)
  Sampling rate:             1 in 32 packets (3.1% overhead)
  Attack traffic sampled:    6649568 updates
  Estimated attack packets:  212786176 (×32 sampling factor)
  Sketch overhead:           ~1.56% of fast-path cycles
  Memory efficiency:         O(1) constant, 640.1 KB per worker

[OCTOSKETCH HEAVY-HITTER DETECTION]
=== Top Attackers (per-IP tracking via Count-Min Sketch) ===

  Heavy-hitter threshold:    5000 pps per IP
  Heavy-hitters detected:    5 IPs exceeding threshold
  Total HH detections:       3592 events

  Top 5 Attackers (estimated counts, ×32 sampling):
    #1: 10.10.3.16 - 35712 pkts (7132 pps) [HEAVY-HITTER]
    #2: 10.10.3.176 - 35648 pkts (7119 pps) [HEAVY-HITTER]
    #3: 10.10.3.152 - 35616 pkts (7113 pps) [HEAVY-HITTER]
    #4: 10.10.3.146 - 35424 pkts (7074 pps) [HEAVY-HITTER]
    #5: 10.10.3.81 - 35392 pkts (7068 pps) [HEAVY-HITTER]

[RING BUFFER + MULTI-SCALE FEATURES]
=== Temporal Analysis (last 100 windows = 5.0 sec) ===

  Windows processed:         6277
  Buffer utilization:        100/100 (100.0%)
  Running baseline (ML):     5750843 pps (for ML features only)
  Detection mode:            FIXED THRESHOLDS

  [Temporal Features - Last Window]
    Delta PPS (250ms):       +584367
    Delta PPS (500ms):       +1168725
    PPS Variance:            454860144640
    Ratio vs Baseline:       1.86x

  [Multi-Scale Features]
    Top IP (50ms):           312 pps
    Top IP (1s):             11328 pps
    Top IP (1min):           2821 pps
    Burst Ratio (50ms/1min): 0.11x
    IP Concentration:        0.9%

[MULTIPLE DETECTION STATISTICS]
=== Aggregate Detection Analysis ===

  Total detection events:    3552
  Average detection latency: 55.63 ms
  Min detection latency:     53.94 ms
  Max detection latency:     3425.89 ms
  Latency range:             3371.94 ms

  Detection Latency Histogram:
    < 20 ms:  0 detections (0.0%)
    20-30 ms: 0 detections (0.0%)
    30-40 ms: 0 detections (0.0%)
    40-50 ms: 0 detections (0.0%)
    > 50 ms:  3551 detections (100.0%)

[PERFORMANCE METRICS]
  Throughput:         5.23 Gbps (7.16 Mpps)
  Cycles available:   417 cycles/pkt (lower = higher load)
  Active IPs:         0
  Worker threads:     14 (lcores 1-14)

[DPDK NIC STATISTICS]
  RX packets (NIC):   3100914362
  RX dropped (HW):    [0m0[0m (imissed)
  RX no mbufs:        [0m0[0m (buffer exhaustion)
  RX errors:          0
  Total drops:        [0m0 (0.00%)[0m
  RX burst calls:     78776575710 (97.8% empty)
  Processed pkts:     3100917916 (100.0% of NIC RX)


╔═══════════════════════════════════════════════════════════════════════╗
║          MIRA DDoS DETECTOR - STATISTICS (MULTI-CORE)                ║
╚═══════════════════════════════════════════════════════════════════════╝

[PACKET COUNTERS - GLOBAL]
  Total packets:      3150885276
  Baseline (10.10.2.x): 1708175405 (54.2%)
  Attack (10.10.3.x): 437842332 (13.9%)
  TCP packets:        1712765920
  UDP packets:        1287215990
  ICMP packets:       150903366

[INSTANTANEOUS TRAFFIC - Last 5.0 seconds]
  Baseline (10.10.2.x): 25019018 pkts (68.3%)  2392682921 bytes  3.83 Gbps
  Attack (10.10.3.x): 11587330 pkts (31.7%)  875285595 bytes  1.40 Gbps
  Total throughput:   5.23 Gbps  (avg pkt: 89 bytes)

[CUMULATIVE TRAFFIC - Since first packet (334.8s)]
  Total received:     3150885276 pkts (9.41 Mpps) | 8.66 Gbps | 362416855686 bytes

[ATTACK-SPECIFIC COUNTERS]
  SYN packets:        459135878
  SYN-ACK packets:    229567701
  SYN/ACK ratio:      2.00
  HTTP requests:      838412249
  DNS queries:        364484590

[PROTOCOL-SPECIFIC COUNTERS - CIC-DDoS-2019 Features]
  NTP Amplification:
    Monlist queries:  0
    Responses:        0  (avg size: 0 bytes)
  DNS Amplification:
    ANY queries:      0
    TXT queries:      0
    Responses:        364484570  (avg size: 108 bytes)
  SNMP Amplification:
    GetBulk requests: 0
    Responses:        0  (avg size: 0 bytes)
  SSDP:
    M-SEARCH packets: 0
    Responses:        7228
  PortMapper:
    GETPORT calls:    0
    DUMP calls:       0
  NetBIOS:
    Name queries:     0
    Datagram packets: 0
  LDAP:
    Bind requests:    0
    Search requests:  437835104
  MSSQL:
    SQLBatch packets: 0
    RPC packets:      0
  TFTP:
    RRQ (read) pkts:  0
    WRQ (write) pkts: 0

[ATTACK DETECTIONS - Cumulative Events]
  UDP flood events:   0
  UDP-lag events:     0
  SYN flood events:   0
  HTTP flood events:  0
  ICMP flood events:  0
  DNS amp events:     0
  NTP amp events:     0
  SNMP amp events:    0
  SSDP events:        0
  PortMap events:     0
  NetBIOS events:     0
  LDAP events:        3644
  MSSQL events:       0
  TFTP events:        0
  ACK flood events:   0
  Frag attack events: 0
  Heavy-hitter events:3684 (OctoSketch per-IP detection)
  Packet flood events:0
  (Note: Events count IPs exceeding thresholds per 50ms window)

[ALERT STATUS]
  Alert level:        [1;31mHIGH[0m
  Reason:             [1;31mLDAP detected: 2160624 pps | HEAVY-HITTER: 10.10.3.14 @ 11712 pps | TREND: attack rising (+584192/250ms) | [0m

[MULTI-LF (2025) COMPARISON]
=== Detection Performance vs ML-Based System ===

  First Detection Latency:   3425.89 ms (vs MULTI-LF: 866 ms)
    Improvement:             0.3× faster

  Packets until detection:   1106353308
  Bytes until detection:     135675220297 (129389.97 MB)

[OCTOSKETCH METRICS - Optimized Architecture]
=== Per-Worker Sketches + Sampling (1/32 packets) ===

  Architecture:              Per-worker (NO atomics, NO contention)
  Total sketch memory:       8961 KB (14 workers × 640.1 KB)
  Sampling rate:             1 in 32 packets (3.1% overhead)
  Attack traffic sampled:    6650176 updates
  Estimated attack packets:  212805632 (×32 sampling factor)
  Sketch overhead:           ~1.56% of fast-path cycles
  Memory efficiency:         O(1) constant, 640.1 KB per worker

[OCTOSKETCH HEAVY-HITTER DETECTION]
=== Top Attackers (per-IP tracking via Count-Min Sketch) ===

  Heavy-hitter threshold:    5000 pps per IP
  Heavy-hitters detected:    5 IPs exceeding threshold
  Total HH detections:       3684 events

  Top 5 Attackers (estimated counts, ×32 sampling):
    #1: 10.10.3.14 - 36096 pkts (7217 pps) [HEAVY-HITTER]
    #2: 10.10.3.191 - 35680 pkts (7134 pps) [HEAVY-HITTER]
    #3: 10.10.3.71 - 35488 pkts (7096 pps) [HEAVY-HITTER]
    #4: 10.10.3.123 - 35456 pkts (7090 pps) [HEAVY-HITTER]
    #5: 10.10.3.72 - 35392 pkts (7077 pps) [HEAVY-HITTER]

[RING BUFFER + MULTI-SCALE FEATURES]
=== Temporal Analysis (last 100 windows = 5.0 sec) ===

  Windows processed:         6369
  Buffer utilization:        100/100 (100.0%)
  Running baseline (ML):     6406241 pps (for ML features only)
  Detection mode:            FIXED THRESHOLDS

  [Temporal Features - Last Window]
    Delta PPS (250ms):       +584192
    Delta PPS (500ms):       +1170176
    PPS Variance:            455051313152
    Ratio vs Baseline:       1.80x

  [Multi-Scale Features]
    Top IP (50ms):           291 pps
    Top IP (1s):             6432 pps
    Top IP (1min):           3762 pps
    Burst Ratio (50ms/1min): 0.08x
    IP Concentration:        0.8%

[MULTIPLE DETECTION STATISTICS]
=== Aggregate Detection Analysis ===

  Total detection events:    3644
  Average detection latency: 55.60 ms
  Min detection latency:     53.94 ms
  Max detection latency:     3425.89 ms
  Latency range:             3371.94 ms

  Detection Latency Histogram:
    < 20 ms:  0 detections (0.0%)
    20-30 ms: 0 detections (0.0%)
    30-40 ms: 0 detections (0.0%)
    40-50 ms: 0 detections (0.0%)
    > 50 ms:  3643 detections (100.0%)

[PERFORMANCE METRICS]
  Throughput:         5.23 Gbps (7.32 Mpps)
  Cycles available:   408 cycles/pkt (lower = higher load)
  Active IPs:         0
  Worker threads:     14 (lcores 1-14)

[DPDK NIC STATISTICS]
  RX packets (NIC):   3150881709
  RX dropped (HW):    [0m0[0m (imissed)
  RX no mbufs:        [0m0[0m (buffer exhaustion)
  RX errors:          0
  Total drops:        [0m0 (0.00%)[0m
  RX burst calls:     79856226732 (97.8% empty)
  Processed pkts:     3150885276 (100.0% of NIC RX)


╔═══════════════════════════════════════════════════════════════════════╗
║          MIRA DDoS DETECTOR - STATISTICS (MULTI-CORE)                ║
╚═══════════════════════════════════════════════════════════════════════╝

[PACKET COUNTERS - GLOBAL]
  Total packets:      3200948676
  Baseline (10.10.2.x): 1733245045 (54.1%)
  Attack (10.10.3.x): 448662980 (14.0%)
  TCP packets:        1736304612
  UDP packets:        1311557612
  ICMP packets:       153086452

[INSTANTANEOUS TRAFFIC - Last 5.0 seconds]
  Baseline (10.10.2.x): 25069136 pkts (69.9%)  2397546626 bytes  3.83 Gbps
  Attack (10.10.3.x): 10820417 pkts (30.1%)  876453696 bytes  1.40 Gbps
  Total throughput:   5.23 Gbps  (avg pkt: 91 bytes)

[CUMULATIVE TRAFFIC - Since first packet (339.8s)]
  Total received:     3200948676 pkts (9.42 Mpps) | 8.66 Gbps | 367914236013 bytes

[ATTACK-SPECIFIC COUNTERS]
  SYN packets:        465674517
  SYN-ACK packets:    232837018
  SYN/ACK ratio:      2.00
  HTTP requests:      848219355
  DNS queries:        370374008

[PROTOCOL-SPECIFIC COUNTERS - CIC-DDoS-2019 Features]
  NTP Amplification:
    Monlist queries:  0
    Responses:        0  (avg size: 0 bytes)
  DNS Amplification:
    ANY queries:      0
    TXT queries:      0
    Responses:        370373993  (avg size: 108 bytes)
  SNMP Amplification:
    GetBulk requests: 0
    Responses:        0  (avg size: 0 bytes)
  SSDP:
    M-SEARCH packets: 0
    Responses:        7405
  PortMapper:
    GETPORT calls:    0
    DUMP calls:       0
  NetBIOS:
    Name queries:     0
    Datagram packets: 0
  LDAP:
    Bind requests:    0
    Search requests:  448655577
  MSSQL:
    SQLBatch packets: 0
    RPC packets:      0
  TFTP:
    RRQ (read) pkts:  0
    WRQ (write) pkts: 0

[ATTACK DETECTIONS - Cumulative Events]
  UDP flood events:   0
  UDP-lag events:     0
  SYN flood events:   0
  HTTP flood events:  0
  ICMP flood events:  0
  DNS amp events:     0
  NTP amp events:     0
  SNMP amp events:    0
  SSDP events:        0
  PortMap events:     0
  NetBIOS events:     0
  LDAP events:        3735
  MSSQL events:       0
  TFTP events:        0
  ACK flood events:   0
  Frag attack events: 0
  Heavy-hitter events:3775 (OctoSketch per-IP detection)
  Packet flood events:0
  (Note: Events count IPs exceeding thresholds per 50ms window)

[ALERT STATUS]
  Alert level:        [1;31mHIGH[0m
  Reason:             [1;31mLDAP detected: 2160659 pps | HEAVY-HITTER: 10.10.3.76 @ 11554 pps | TREND: attack rising (+584078/250ms) | [0m

[MULTI-LF (2025) COMPARISON]
=== Detection Performance vs ML-Based System ===

  First Detection Latency:   3425.89 ms (vs MULTI-LF: 866 ms)
    Improvement:             0.3× faster

  Packets until detection:   1106353308
  Bytes until detection:     135675220297 (129389.97 MB)

[OCTOSKETCH METRICS - Optimized Architecture]
=== Per-Worker Sketches + Sampling (1/32 packets) ===

  Architecture:              Per-worker (NO atomics, NO contention)
  Total sketch memory:       8961 KB (14 workers × 640.1 KB)
  Sampling rate:             1 in 32 packets (3.1% overhead)
  Attack traffic sampled:    6531744 updates
  Estimated attack packets:  209015808 (×32 sampling factor)
  Sketch overhead:           ~1.56% of fast-path cycles
  Memory efficiency:         O(1) constant, 640.1 KB per worker

[OCTOSKETCH HEAVY-HITTER DETECTION]
=== Top Attackers (per-IP tracking via Count-Min Sketch) ===

  Heavy-hitter threshold:    5000 pps per IP
  Heavy-hitters detected:    5 IPs exceeding threshold
  Total HH detections:       3775 events

  Top 5 Attackers (estimated counts, ×32 sampling):
    #1: 10.10.3.76 - 34976 pkts (6984 pps) [HEAVY-HITTER]
    #2: 10.10.3.80 - 34944 pkts (6978 pps) [HEAVY-HITTER]
    #3: 10.10.3.24 - 34720 pkts (6933 pps) [HEAVY-HITTER]
    #4: 10.10.3.2 - 34688 pkts (6927 pps) [HEAVY-HITTER]
    #5: 10.10.3.87 - 34624 pkts (6914 pps) [HEAVY-HITTER]

[RING BUFFER + MULTI-SCALE FEATURES]
=== Temporal Analysis (last 100 windows = 5.0 sec) ===

  Windows processed:         6460
  Buffer utilization:        100/100 (100.0%)
  Running baseline (ML):     5819832 pps (for ML features only)
  Detection mode:            FIXED THRESHOLDS

  [Temporal Features - Last Window]
    Delta PPS (250ms):       +584078
    Delta PPS (500ms):       +1168496
    PPS Variance:            454362890240
    Ratio vs Baseline:       1.84x

  [Multi-Scale Features]
    Top IP (50ms):           338 pps
    Top IP (1s):             13088 pps
    Top IP (1min):           4665 pps
    Burst Ratio (50ms/1min): 0.07x
    IP Concentration:        0.9%

[MULTIPLE DETECTION STATISTICS]
=== Aggregate Detection Analysis ===

  Total detection events:    3735
  Average detection latency: 55.58 ms
  Min detection latency:     53.94 ms
  Max detection latency:     3425.89 ms
  Latency range:             3371.94 ms

  Detection Latency Histogram:
    < 20 ms:  0 detections (0.0%)
    20-30 ms: 0 detections (0.0%)
    30-40 ms: 0 detections (0.0%)
    40-50 ms: 0 detections (0.0%)
    > 50 ms:  3734 detections (100.0%)

[PERFORMANCE METRICS]
  Throughput:         5.23 Gbps (7.17 Mpps)
  Cycles available:   417 cycles/pkt (lower = higher load)
  Active IPs:         0
  Worker threads:     14 (lcores 1-14)

[DPDK NIC STATISTICS]
  RX packets (NIC):   3200945205
  RX dropped (HW):    [0m0[0m (imissed)
  RX no mbufs:        [0m0[0m (buffer exhaustion)
  RX errors:          0
  Total drops:        [0m0 (0.00%)[0m
  RX burst calls:     80936886650 (97.8% empty)
  Processed pkts:     3200948676 (100.0% of NIC RX)


╔═══════════════════════════════════════════════════════════════════════╗
║          MIRA DDoS DETECTOR - STATISTICS (MULTI-CORE)                ║
╚═══════════════════════════════════════════════════════════════════════╝

[PACKET COUNTERS - GLOBAL]
  Total packets:      3250919836
  Baseline (10.10.2.x): 1758266408 (54.1%)
  Attack (10.10.3.x): 459467676 (14.1%)
  TCP packets:        1759804606
  UDP packets:        1335849653
  ICMP packets:       155265577

[INSTANTANEOUS TRAFFIC - Last 5.0 seconds]
  Baseline (10.10.2.x): 25021042 pkts (69.8%)  2392709016 bytes  3.83 Gbps
  Attack (10.10.3.x): 10804480 pkts (30.2%)  875162880 bytes  1.40 Gbps
  Total throughput:   5.23 Gbps  (avg pkt: 91 bytes)

[CUMULATIVE TRAFFIC - Since first packet (344.8s)]
  Total received:     3250919836 pkts (9.43 Mpps) | 8.66 Gbps | 373401326669 bytes

[ATTACK-SPECIFIC COUNTERS]
  SYN packets:        472202462
  SYN-ACK packets:    236100987
  SYN/ACK ratio:      2.00
  HTTP requests:      858009906
  DNS queries:        376249367

[PROTOCOL-SPECIFIC COUNTERS - CIC-DDoS-2019 Features]
  NTP Amplification:
    Monlist queries:  0
    Responses:        0  (avg size: 0 bytes)
  DNS Amplification:
    ANY queries:      0
    TXT queries:      0
    Responses:        376249350  (avg size: 108 bytes)
  SNMP Amplification:
    GetBulk requests: 0
    Responses:        0  (avg size: 0 bytes)
  SSDP:
    M-SEARCH packets: 0
    Responses:        7591
  PortMapper:
    GETPORT calls:    0
    DUMP calls:       0
  NetBIOS:
    Name queries:     0
    Datagram packets: 0
  LDAP:
    Bind requests:    0
    Search requests:  459460085
  MSSQL:
    SQLBatch packets: 0
    RPC packets:      0
  TFTP:
    RRQ (read) pkts:  0
    WRQ (write) pkts: 0

[ATTACK DETECTIONS - Cumulative Events]
  UDP flood events:   0
  UDP-lag events:     0
  SYN flood events:   0
  HTTP flood events:  0
  ICMP flood events:  0
  DNS amp events:     0
  NTP amp events:     0
  SNMP amp events:    0
  SSDP events:        0
  PortMap events:     0
  NetBIOS events:     0
  LDAP events:        3827
  MSSQL events:       0
  TFTP events:        0
  ACK flood events:   0
  Frag attack events: 0
  Heavy-hitter events:3867 (OctoSketch per-IP detection)
  Packet flood events:0
  (Note: Events count IPs exceeding thresholds per 50ms window)

[ALERT STATUS]
  Alert level:        [1;31mHIGH[0m
  Reason:             [1;31mLDAP detected: 2160646 pps | HEAVY-HITTER: 10.10.3.197 @ 11667 pps | TREND: attack rising (+584292/250ms) | [0m

[MULTI-LF (2025) COMPARISON]
=== Detection Performance vs ML-Based System ===

  First Detection Latency:   3425.89 ms (vs MULTI-LF: 866 ms)
    Improvement:             0.3× faster

  Packets until detection:   1106353308
  Bytes until detection:     135675220297 (129389.97 MB)

[OCTOSKETCH METRICS - Optimized Architecture]
=== Per-Worker Sketches + Sampling (1/32 packets) ===

  Architecture:              Per-worker (NO atomics, NO contention)
  Total sketch memory:       8961 KB (14 workers × 640.1 KB)
  Sampling rate:             1 in 32 packets (3.1% overhead)
  Attack traffic sampled:    6533536 updates
  Estimated attack packets:  209073152 (×32 sampling factor)
  Sketch overhead:           ~1.56% of fast-path cycles
  Memory efficiency:         O(1) constant, 640.1 KB per worker

[OCTOSKETCH HEAVY-HITTER DETECTION]
=== Top Attackers (per-IP tracking via Count-Min Sketch) ===

  Heavy-hitter threshold:    5000 pps per IP
  Heavy-hitters detected:    5 IPs exceeding threshold
  Total HH detections:       3867 events

  Top 5 Attackers (estimated counts, ×32 sampling):
    #1: 10.10.3.197 - 35328 pkts (7065 pps) [HEAVY-HITTER]
    #2: 10.10.3.11 - 35072 pkts (7014 pps) [HEAVY-HITTER]
    #3: 10.10.3.53 - 34944 pkts (6988 pps) [HEAVY-HITTER]
    #4: 10.10.3.3 - 34496 pkts (6898 pps) [HEAVY-HITTER]
    #5: 10.10.3.193 - 34464 pkts (6892 pps) [HEAVY-HITTER]

[RING BUFFER + MULTI-SCALE FEATURES]
=== Temporal Analysis (last 100 windows = 5.0 sec) ===

  Windows processed:         6552
  Buffer utilization:        100/100 (100.0%)
  Running baseline (ML):     5692692 pps (for ML features only)
  Detection mode:            FIXED THRESHOLDS

  [Temporal Features - Last Window]
    Delta PPS (250ms):       +584292
    Delta PPS (500ms):       +1168675
    PPS Variance:            455325614080
    Ratio vs Baseline:       1.89x

  [Multi-Scale Features]
    Top IP (50ms):           317 pps
    Top IP (1s):             8352 pps
    Top IP (1min):           5601 pps
    Burst Ratio (50ms/1min): 0.06x
    IP Concentration:        0.9%

[MULTIPLE DETECTION STATISTICS]
=== Aggregate Detection Analysis ===

  Total detection events:    3827
  Average detection latency: 55.56 ms
  Min detection latency:     53.94 ms
  Max detection latency:     3425.89 ms
  Latency range:             3371.94 ms

  Detection Latency Histogram:
    < 20 ms:  0 detections (0.0%)
    20-30 ms: 0 detections (0.0%)
    30-40 ms: 0 detections (0.0%)
    40-50 ms: 0 detections (0.0%)
    > 50 ms:  3826 detections (100.0%)

[PERFORMANCE METRICS]
  Throughput:         5.23 Gbps (7.16 Mpps)
  Cycles available:   417 cycles/pkt (lower = higher load)
  Active IPs:         0
  Worker threads:     14 (lcores 1-14)

[DPDK NIC STATISTICS]
  RX packets (NIC):   3250916520
  RX dropped (HW):    [0m0[0m (imissed)
  RX no mbufs:        [0m0[0m (buffer exhaustion)
  RX errors:          0
  Total drops:        [0m0 (0.00%)[0m
  RX burst calls:     82016291470 (97.8% empty)
  Processed pkts:     3250919836 (100.0% of NIC RX)


╔═══════════════════════════════════════════════════════════════════════╗
║          MIRA DDoS DETECTOR - STATISTICS (MULTI-CORE)                ║
╚═══════════════════════════════════════════════════════════════════════╝

[PACKET COUNTERS - GLOBAL]
  Total packets:      3300953500
  Baseline (10.10.2.x): 1783320484 (54.0%)
  Attack (10.10.3.x): 470284188 (14.2%)
  TCP packets:        1783337998
  UDP packets:        1360168557
  ICMP packets:       157446945

[INSTANTANEOUS TRAFFIC - Last 5.0 seconds]
  Baseline (10.10.2.x): 25053554 pkts (69.8%)  2395732157 bytes  3.83 Gbps
  Attack (10.10.3.x): 10816256 pkts (30.2%)  876116736 bytes  1.40 Gbps
  Total throughput:   5.23 Gbps  (avg pkt: 91 bytes)

[CUMULATIVE TRAFFIC - Since first packet (349.8s)]
  Total received:     3300953500 pkts (9.44 Mpps) | 8.67 Gbps | 378895379145 bytes

[ATTACK-SPECIFIC COUNTERS]
  SYN packets:        478739621
  SYN-ACK packets:    239369564
  SYN/ACK ratio:      2.00
  HTTP requests:      867815019
  DNS queries:        382131141

[PROTOCOL-SPECIFIC COUNTERS - CIC-DDoS-2019 Features]
  NTP Amplification:
    Monlist queries:  0
    Responses:        0  (avg size: 0 bytes)
  DNS Amplification:
    ANY queries:      0
    TXT queries:      0
    Responses:        382131137  (avg size: 108 bytes)
  SNMP Amplification:
    GetBulk requests: 0
    Responses:        0  (avg size: 0 bytes)
  SSDP:
    M-SEARCH packets: 0
    Responses:        7764
  PortMapper:
    GETPORT calls:    0
    DUMP calls:       0
  NetBIOS:
    Name queries:     0
    Datagram packets: 0
  LDAP:
    Bind requests:    0
    Search requests:  470276424
  MSSQL:
    SQLBatch packets: 0
    RPC packets:      0
  TFTP:
    RRQ (read) pkts:  0
    WRQ (write) pkts: 0

[ATTACK DETECTIONS - Cumulative Events]
  UDP flood events:   0
  UDP-lag events:     0
  SYN flood events:   0
  HTTP flood events:  0
  ICMP flood events:  0
  DNS amp events:     0
  NTP amp events:     0
  SNMP amp events:    0
  SSDP events:        0
  PortMap events:     0
  NetBIOS events:     0
  LDAP events:        3918
  MSSQL events:       0
  TFTP events:        0
  ACK flood events:   0
  Frag attack events: 0
  Heavy-hitter events:3958 (OctoSketch per-IP detection)
  Packet flood events:0
  (Note: Events count IPs exceeding thresholds per 50ms window)

[ALERT STATUS]
  Alert level:        [1;31mHIGH[0m
  Reason:             [1;31mLDAP detected: 2160664 pps | HEAVY-HITTER: 10.10.3.14 @ 11956 pps | TREND: attack rising (+586033/250ms) | [0m

[MULTI-LF (2025) COMPARISON]
=== Detection Performance vs ML-Based System ===

  First Detection Latency:   3425.89 ms (vs MULTI-LF: 866 ms)
    Improvement:             0.3× faster

  Packets until detection:   1106353308
  Bytes until detection:     135675220297 (129389.97 MB)

[OCTOSKETCH METRICS - Optimized Architecture]
=== Per-Worker Sketches + Sampling (1/32 packets) ===

  Architecture:              Per-worker (NO atomics, NO contention)
  Total sketch memory:       8961 KB (14 workers × 640.1 KB)
  Sampling rate:             1 in 32 packets (3.1% overhead)
  Attack traffic sampled:    6416192 updates
  Estimated attack packets:  205318144 (×32 sampling factor)
  Sketch overhead:           ~1.56% of fast-path cycles
  Memory efficiency:         O(1) constant, 640.1 KB per worker

[OCTOSKETCH HEAVY-HITTER DETECTION]
=== Top Attackers (per-IP tracking via Count-Min Sketch) ===

  Heavy-hitter threshold:    5000 pps per IP
  Heavy-hitters detected:    5 IPs exceeding threshold
  Total HH detections:       3958 events

  Top 5 Attackers (estimated counts, ×32 sampling):
    #1: 10.10.3.14 - 35552 pkts (7102 pps) [HEAVY-HITTER]
    #2: 10.10.3.81 - 34688 pkts (6929 pps) [HEAVY-HITTER]
    #3: 10.10.3.106 - 34432 pkts (6878 pps) [HEAVY-HITTER]
    #4: 10.10.3.15 - 34368 pkts (6865 pps) [HEAVY-HITTER]
    #5: 10.10.3.52 - 34240 pkts (6840 pps) [HEAVY-HITTER]

[RING BUFFER + MULTI-SCALE FEATURES]
=== Temporal Analysis (last 100 windows = 5.0 sec) ===

  Windows processed:         6643
  Buffer utilization:        100/100 (100.0%)
  Running baseline (ML):     5746076 pps (for ML features only)
  Detection mode:            FIXED THRESHOLDS

  [Temporal Features - Last Window]
    Delta PPS (250ms):       +586033
    Delta PPS (500ms):       +1170030
    PPS Variance:            454138331136
    Ratio vs Baseline:       1.87x

  [Multi-Scale Features]
    Top IP (50ms):           312 pps
    Top IP (1s):             2464 pps
    Top IP (1min):           6537 pps
    Burst Ratio (50ms/1min): 0.05x
    IP Concentration:        0.8%

[MULTIPLE DETECTION STATISTICS]
=== Aggregate Detection Analysis ===

  Total detection events:    3918
  Average detection latency: 55.54 ms
  Min detection latency:     53.94 ms
  Max detection latency:     3425.89 ms
  Latency range:             3371.94 ms

  Detection Latency Histogram:
    < 20 ms:  0 detections (0.0%)
    20-30 ms: 0 detections (0.0%)
    30-40 ms: 0 detections (0.0%)
    40-50 ms: 0 detections (0.0%)
    > 50 ms:  3917 detections (100.0%)

[PERFORMANCE METRICS]
  Throughput:         5.23 Gbps (7.17 Mpps)
  Cycles available:   417 cycles/pkt (lower = higher load)
  Active IPs:         0
  Worker threads:     14 (lcores 1-14)

[DPDK NIC STATISTICS]
  RX packets (NIC):   3300949746
  RX dropped (HW):    [0m0[0m (imissed)
  RX no mbufs:        [0m0[0m (buffer exhaustion)
  RX errors:          0
  Total drops:        [0m0 (0.00%)[0m
  RX burst calls:     83096690632 (97.8% empty)
  Processed pkts:     3300953500 (100.0% of NIC RX)


╔═══════════════════════════════════════════════════════════════════════╗
║          MIRA DDoS DETECTOR - STATISTICS (MULTI-CORE)                ║
╚═══════════════════════════════════════════════════════════════════════╝

[PACKET COUNTERS - GLOBAL]
  Total packets:      3350920377
  Baseline (10.10.2.x): 1808340912 (54.0%)
  Attack (10.10.3.x): 481087900 (14.4%)
  TCP packets:        1806834711
  UDP packets:        1384461684
  ICMP packets:       159623982

[INSTANTANEOUS TRAFFIC - Last 5.0 seconds]
  Baseline (10.10.2.x): 25020108 pkts (69.8%)  2393003706 bytes  3.83 Gbps
  Attack (10.10.3.x): 10803512 pkts (30.2%)  999836298 bytes  1.60 Gbps
  Total throughput:   5.43 Gbps  (avg pkt: 95 bytes)

[CUMULATIVE TRAFFIC - Since first packet (354.8s)]
  Total received:     3350920377 pkts (9.44 Mpps) | 8.67 Gbps | 384382370692 bytes

[ATTACK-SPECIFIC COUNTERS]
  SYN packets:        485266652
  SYN-ACK packets:    242633074
  SYN/ACK ratio:      2.00
  HTTP requests:      877604261
  DNS queries:        388006194

[PROTOCOL-SPECIFIC COUNTERS - CIC-DDoS-2019 Features]
  NTP Amplification:
    Monlist queries:  0
    Responses:        0  (avg size: 0 bytes)
  DNS Amplification:
    ANY queries:      0
    TXT queries:      0
    Responses:        388006175  (avg size: 108 bytes)
  SNMP Amplification:
    GetBulk requests: 0
    Responses:        0  (avg size: 0 bytes)
  SSDP:
    M-SEARCH packets: 0
    Responses:        7938
  PortMapper:
    GETPORT calls:    0
    DUMP calls:       0
  NetBIOS:
    Name queries:     0
    Datagram packets: 0
  LDAP:
    Bind requests:    0
    Search requests:  481079962
  MSSQL:
    SQLBatch packets: 0
    RPC packets:      0
  TFTP:
    RRQ (read) pkts:  0
    WRQ (write) pkts: 0

[ATTACK DETECTIONS - Cumulative Events]
  UDP flood events:   0
  UDP-lag events:     0
  SYN flood events:   0
  HTTP flood events:  0
  ICMP flood events:  0
  DNS amp events:     0
  NTP amp events:     0
  SNMP amp events:    0
  SSDP events:        0
  PortMap events:     0
  NetBIOS events:     0
  LDAP events:        4010
  MSSQL events:       0
  TFTP events:        0
  ACK flood events:   0
  Frag attack events: 0
  Heavy-hitter events:4050 (OctoSketch per-IP detection)
  Packet flood events:0
  (Note: Events count IPs exceeding thresholds per 50ms window)

[ALERT STATUS]
  Alert level:        [1;31mHIGH[0m
  Reason:             [1;31mLDAP detected: 2160678 pps | HEAVY-HITTER: 10.10.3.169 @ 11849 pps | TREND: attack rising (+584448/250ms) | [0m

[MULTI-LF (2025) COMPARISON]
=== Detection Performance vs ML-Based System ===

  First Detection Latency:   3425.89 ms (vs MULTI-LF: 866 ms)
    Improvement:             0.3× faster

  Packets until detection:   1106353308
  Bytes until detection:     135675220297 (129389.97 MB)

[OCTOSKETCH METRICS - Optimized Architecture]
=== Per-Worker Sketches + Sampling (1/32 packets) ===

  Architecture:              Per-worker (NO atomics, NO contention)
  Total sketch memory:       8961 KB (14 workers × 640.1 KB)
  Sampling rate:             1 in 32 packets (3.1% overhead)
  Attack traffic sampled:    6415584 updates
  Estimated attack packets:  205298688 (×32 sampling factor)
  Sketch overhead:           ~1.56% of fast-path cycles
  Memory efficiency:         O(1) constant, 640.1 KB per worker

[OCTOSKETCH HEAVY-HITTER DETECTION]
=== Top Attackers (per-IP tracking via Count-Min Sketch) ===

  Heavy-hitter threshold:    5000 pps per IP
  Heavy-hitters detected:    5 IPs exceeding threshold
  Total HH detections:       4050 events

  Top 5 Attackers (estimated counts, ×32 sampling):
    #1: 10.10.3.169 - 35232 pkts (7046 pps) [HEAVY-HITTER]
    #2: 10.10.3.120 - 34272 pkts (6854 pps) [HEAVY-HITTER]
    #3: 10.10.3.92 - 34240 pkts (6848 pps) [HEAVY-HITTER]
    #4: 10.10.3.140 - 34144 pkts (6829 pps) [HEAVY-HITTER]
    #5: 10.10.3.51 - 34080 pkts (6816 pps) [HEAVY-HITTER]

[RING BUFFER + MULTI-SCALE FEATURES]
=== Temporal Analysis (last 100 windows = 5.0 sec) ===

  Windows processed:         6735
  Buffer utilization:        100/100 (100.0%)
  Running baseline (ML):     5690464 pps (for ML features only)
  Detection mode:            FIXED THRESHOLDS

  [Temporal Features - Last Window]
    Delta PPS (250ms):       +584448
    Delta PPS (500ms):       +1168640
    PPS Variance:            455248150528
    Ratio vs Baseline:       1.89x

  [Multi-Scale Features]
    Top IP (50ms):           344 pps
    Top IP (1s):             10176 pps
    Top IP (1min):           7467 pps
    Burst Ratio (50ms/1min): 0.05x
    IP Concentration:        0.9%

[MULTIPLE DETECTION STATISTICS]
=== Aggregate Detection Analysis ===

  Total detection events:    4010
  Average detection latency: 55.52 ms
  Min detection latency:     53.94 ms
  Max detection latency:     3425.89 ms
  Latency range:             3371.94 ms

  Detection Latency Histogram:
    < 20 ms:  0 detections (0.0%)
    20-30 ms: 0 detections (0.0%)
    30-40 ms: 0 detections (0.0%)
    40-50 ms: 0 detections (0.0%)
    > 50 ms:  4009 detections (100.0%)

[PERFORMANCE METRICS]
  Throughput:         5.43 Gbps (7.16 Mpps)
  Cycles available:   417 cycles/pkt (lower = higher load)
  Active IPs:         0
  Worker threads:     14 (lcores 1-14)

[DPDK NIC STATISTICS]
  RX packets (NIC):   3350916884
  RX dropped (HW):    [0m0[0m (imissed)
  RX no mbufs:        [0m0[0m (buffer exhaustion)
  RX errors:          0
  Total drops:        [0m0 (0.00%)[0m
  RX burst calls:     84176047191 (97.8% empty)
  Processed pkts:     3350920377 (100.0% of NIC RX)


╔═══════════════════════════════════════════════════════════════════════╗
║          MIRA DDoS DETECTOR - STATISTICS (MULTI-CORE)                ║
╚═══════════════════════════════════════════════════════════════════════╝

[PACKET COUNTERS - GLOBAL]
  Total packets:      3400980900
  Baseline (10.10.2.x): 1833407404 (53.9%)
  Attack (10.10.3.x): 491909532 (14.5%)
  TCP packets:        1830371614
  UDP packets:        1408802252
  ICMP packets:       161807034

[INSTANTANEOUS TRAFFIC - Last 5.0 seconds]
  Baseline (10.10.2.x): 25066169 pkts (68.4%)  2914369117 bytes  4.66 Gbps
  Attack (10.10.3.x): 11601974 pkts (31.6%)  876531456 bytes  1.40 Gbps
  Total throughput:   6.06 Gbps  (avg pkt: 103 bytes)

[CUMULATIVE TRAFFIC - Since first packet (359.8s)]
  Total received:     3400980900 pkts (9.45 Mpps) | 8.67 Gbps | 389879580077 bytes

[ATTACK-SPECIFIC COUNTERS]
  SYN packets:        491804363
  SYN-ACK packets:    245901925
  SYN/ACK ratio:      2.00
  HTTP requests:      887413921
  DNS queries:        393894362

[PROTOCOL-SPECIFIC COUNTERS - CIC-DDoS-2019 Features]
  NTP Amplification:
    Monlist queries:  0
    Responses:        0  (avg size: 0 bytes)
  DNS Amplification:
    ANY queries:      0
    TXT queries:      0
    Responses:        393894349  (avg size: 108 bytes)
  SNMP Amplification:
    GetBulk requests: 0
    Responses:        0  (avg size: 0 bytes)
  SSDP:
    M-SEARCH packets: 0
    Responses:        8123
  PortMapper:
    GETPORT calls:    0
    DUMP calls:       0
  NetBIOS:
    Name queries:     0
    Datagram packets: 0
  LDAP:
    Bind requests:    0
    Search requests:  491901409
  MSSQL:
    SQLBatch packets: 0
    RPC packets:      0
  TFTP:
    RRQ (read) pkts:  0
    WRQ (write) pkts: 0

[ATTACK DETECTIONS - Cumulative Events]
  UDP flood events:   0
  UDP-lag events:     0
  SYN flood events:   0
  HTTP flood events:  0
  ICMP flood events:  0
  DNS amp events:     0
  NTP amp events:     0
  SNMP amp events:    0
  SSDP events:        0
  PortMap events:     0
  NetBIOS events:     0
  LDAP events:        4101
  MSSQL events:       0
  TFTP events:        0
  ACK flood events:   0
  Frag attack events: 0
  Heavy-hitter events:4141 (OctoSketch per-IP detection)
  Packet flood events:0
  (Note: Events count IPs exceeding thresholds per 50ms window)

[ALERT STATUS]
  Alert level:        [1;31mHIGH[0m
  Reason:             [1;31mLDAP detected: 2160718 pps | HEAVY-HITTER: 10.10.3.158 @ 11865 pps | TREND: attack rising (+584448/250ms) | [0m

[MULTI-LF (2025) COMPARISON]
=== Detection Performance vs ML-Based System ===

  First Detection Latency:   3425.89 ms (vs MULTI-LF: 866 ms)
    Improvement:             0.3× faster

  Packets until detection:   1106353308
  Bytes until detection:     135675220297 (129389.97 MB)

[OCTOSKETCH METRICS - Optimized Architecture]
=== Per-Worker Sketches + Sampling (1/32 packets) ===

  Architecture:              Per-worker (NO atomics, NO contention)
  Total sketch memory:       8961 KB (14 workers × 640.1 KB)
  Sampling rate:             1 in 32 packets (3.1% overhead)
  Attack traffic sampled:    6302080 updates
  Estimated attack packets:  201666560 (×32 sampling factor)
  Sketch overhead:           ~1.56% of fast-path cycles
  Memory efficiency:         O(1) constant, 640.1 KB per worker

[OCTOSKETCH HEAVY-HITTER DETECTION]
=== Top Attackers (per-IP tracking via Count-Min Sketch) ===

  Heavy-hitter threshold:    5000 pps per IP
  Heavy-hitters detected:    5 IPs exceeding threshold
  Total HH detections:       4141 events

  Top 5 Attackers (estimated counts, ×32 sampling):
    #1: 10.10.3.158 - 34656 pkts (6920 pps) [HEAVY-HITTER]
    #2: 10.10.3.38 - 34304 pkts (6849 pps) [HEAVY-HITTER]
    #3: 10.10.3.136 - 34080 pkts (6805 pps) [HEAVY-HITTER]
    #4: 10.10.3.1 - 33728 pkts (6734 pps) [HEAVY-HITTER]
    #5: 10.10.3.46 - 33664 pkts (6722 pps) [HEAVY-HITTER]

[RING BUFFER + MULTI-SCALE FEATURES]
=== Temporal Analysis (last 100 windows = 5.0 sec) ===

  Windows processed:         6826
  Buffer utilization:        100/100 (100.0%)
  Running baseline (ML):     6449951 pps (for ML features only)
  Detection mode:            FIXED THRESHOLDS

  [Temporal Features - Last Window]
    Delta PPS (250ms):       +584448
    Delta PPS (500ms):       +1170432
    PPS Variance:            454994362368
    Ratio vs Baseline:       1.78x

  [Multi-Scale Features]
    Top IP (50ms):           318 pps
    Top IP (1s):             4416 pps
    Top IP (1min):           8335 pps
    Burst Ratio (50ms/1min): 0.04x
    IP Concentration:        0.8%

[MULTIPLE DETECTION STATISTICS]
=== Aggregate Detection Analysis ===

  Total detection events:    4101
  Average detection latency: 55.50 ms
  Min detection latency:     53.94 ms
  Max detection latency:     3425.89 ms
  Latency range:             3371.94 ms

  Detection Latency Histogram:
    < 20 ms:  0 detections (0.0%)
    20-30 ms: 0 detections (0.0%)
    30-40 ms: 0 detections (0.0%)
    40-50 ms: 0 detections (0.0%)
    > 50 ms:  4100 detections (100.0%)

[PERFORMANCE METRICS]
  Throughput:         6.06 Gbps (7.32 Mpps)
  Cycles available:   408 cycles/pkt (lower = higher load)
  Active IPs:         0
  Worker threads:     14 (lcores 1-14)

[DPDK NIC STATISTICS]
  RX packets (NIC):   3400977188
  RX dropped (HW):    [0m0[0m (imissed)
  RX no mbufs:        [0m0[0m (buffer exhaustion)
  RX errors:          0
  Total drops:        [0m0 (0.00%)[0m
  RX burst calls:     85257225179 (97.7% empty)
  Processed pkts:     3400980900 (100.0% of NIC RX)


╔═══════════════════════════════════════════════════════════════════════╗
║          MIRA DDoS DETECTOR - STATISTICS (MULTI-CORE)                ║
╚═══════════════════════════════════════════════════════════════════════╝

[PACKET COUNTERS - GLOBAL]
  Total packets:      3450952657
  Baseline (10.10.2.x): 1858428271 (53.9%)
  Attack (10.10.3.x): 502715804 (14.6%)
  TCP packets:        1853866057
  UDP packets:        1433100241
  ICMP packets:       163986359

[INSTANTANEOUS TRAFFIC - Last 5.0 seconds]
  Baseline (10.10.2.x): 25020335 pkts (69.8%)  2392950081 bytes  3.83 Gbps
  Attack (10.10.3.x): 10806016 pkts (30.2%)  875287296 bytes  1.40 Gbps
  Total throughput:   5.23 Gbps  (avg pkt: 91 bytes)

[CUMULATIVE TRAFFIC - Since first packet (364.8s)]
  Total received:     3450952657 pkts (9.46 Mpps) | 8.67 Gbps | 395366853382 bytes

[ATTACK-SPECIFIC COUNTERS]
  SYN packets:        498330631
  SYN-ACK packets:    249165061
  SYN/ACK ratio:      2.00
  HTTP requests:      897203157
  DNS queries:        399770506

[PROTOCOL-SPECIFIC COUNTERS - CIC-DDoS-2019 Features]
  NTP Amplification:
    Monlist queries:  0
    Responses:        0  (avg size: 0 bytes)
  DNS Amplification:
    ANY queries:      0
    TXT queries:      0
    Responses:        399770487  (avg size: 108 bytes)
  SNMP Amplification:
    GetBulk requests: 0
    Responses:        0  (avg size: 0 bytes)
  SSDP:
    M-SEARCH packets: 0
    Responses:        8306
  PortMapper:
    GETPORT calls:    0
    DUMP calls:       0
  NetBIOS:
    Name queries:     0
    Datagram packets: 0
  LDAP:
    Bind requests:    0
    Search requests:  502707498
  MSSQL:
    SQLBatch packets: 0
    RPC packets:      0
  TFTP:
    RRQ (read) pkts:  0
    WRQ (write) pkts: 0

[ATTACK DETECTIONS - Cumulative Events]
  UDP flood events:   0
  UDP-lag events:     0
  SYN flood events:   0
  HTTP flood events:  0
  ICMP flood events:  0
  DNS amp events:     0
  NTP amp events:     0
  SNMP amp events:    0
  SSDP events:        0
  PortMap events:     0
  NetBIOS events:     0
  LDAP events:        4193
  MSSQL events:       0
  TFTP events:        0
  ACK flood events:   0
  Frag attack events: 0
  Heavy-hitter events:4233 (OctoSketch per-IP detection)
  Packet flood events:0
  (Note: Events count IPs exceeding thresholds per 50ms window)

[ALERT STATUS]
  Alert level:        [1;31mHIGH[0m
  Reason:             [1;31mLDAP detected: 2160660 pps | HEAVY-HITTER: 10.10.3.187 @ 11619 pps | TREND: attack rising (+584264/250ms) | [0m

[MULTI-LF (2025) COMPARISON]
=== Detection Performance vs ML-Based System ===

  First Detection Latency:   3425.89 ms (vs MULTI-LF: 866 ms)
    Improvement:             0.3× faster

  Packets until detection:   1106353308
  Bytes until detection:     135675220297 (129389.97 MB)

[OCTOSKETCH METRICS - Optimized Architecture]
=== Per-Worker Sketches + Sampling (1/32 packets) ===

  Architecture:              Per-worker (NO atomics, NO contention)
  Total sketch memory:       8961 KB (14 workers × 640.1 KB)
  Sampling rate:             1 in 32 packets (3.1% overhead)
  Attack traffic sampled:    6298720 updates
  Estimated attack packets:  201559040 (×32 sampling factor)
  Sketch overhead:           ~1.56% of fast-path cycles
  Memory efficiency:         O(1) constant, 640.1 KB per worker

[OCTOSKETCH HEAVY-HITTER DETECTION]
=== Top Attackers (per-IP tracking via Count-Min Sketch) ===

  Heavy-hitter threshold:    5000 pps per IP
  Heavy-hitters detected:    5 IPs exceeding threshold
  Total HH detections:       4233 events

  Top 5 Attackers (estimated counts, ×32 sampling):
    #1: 10.10.3.187 - 33920 pkts (6782 pps) [HEAVY-HITTER]
    #2: 10.10.3.98 - 33792 pkts (6757 pps) [HEAVY-HITTER]
    #3: 10.10.3.131 - 33728 pkts (6744 pps) [HEAVY-HITTER]
    #4: 10.10.3.186 - 33632 pkts (6725 pps) [HEAVY-HITTER]
    #5: 10.10.3.77 - 33440 pkts (6686 pps) [HEAVY-HITTER]

[RING BUFFER + MULTI-SCALE FEATURES]
=== Temporal Analysis (last 100 windows = 5.0 sec) ===

  Windows processed:         6918
  Buffer utilization:        100/100 (100.0%)
  Running baseline (ML):     5754114 pps (for ML features only)
  Detection mode:            FIXED THRESHOLDS

  [Temporal Features - Last Window]
    Delta PPS (250ms):       +584264
    Delta PPS (500ms):       +1168689
    PPS Variance:            454834552832
    Ratio vs Baseline:       1.87x

  [Multi-Scale Features]
    Top IP (50ms):           340 pps
    Top IP (1s):             12192 pps
    Top IP (1min):           9253 pps
    Burst Ratio (50ms/1min): 0.04x
    IP Concentration:        0.9%

[MULTIPLE DETECTION STATISTICS]
=== Aggregate Detection Analysis ===

  Total detection events:    4193
  Average detection latency: 55.48 ms
  Min detection latency:     53.94 ms
  Max detection latency:     3425.89 ms
  Latency range:             3371.94 ms

  Detection Latency Histogram:
    < 20 ms:  0 detections (0.0%)
    20-30 ms: 0 detections (0.0%)
    30-40 ms: 0 detections (0.0%)
    40-50 ms: 0 detections (0.0%)
    > 50 ms:  4192 detections (100.0%)

[PERFORMANCE METRICS]
  Throughput:         5.23 Gbps (7.16 Mpps)
  Cycles available:   417 cycles/pkt (lower = higher load)
  Active IPs:         0
  Worker threads:     14 (lcores 1-14)

[DPDK NIC STATISTICS]
  RX packets (NIC):   3450948730
  RX dropped (HW):    [0m0[0m (imissed)
  RX no mbufs:        [0m0[0m (buffer exhaustion)
  RX errors:          0
  Total drops:        [0m0 (0.00%)[0m
  RX burst calls:     86337025895 (97.7% empty)
  Processed pkts:     3450952657 (100.0% of NIC RX)


╔═══════════════════════════════════════════════════════════════════════╗
║          MIRA DDoS DETECTOR - STATISTICS (MULTI-CORE)                ║
╚═══════════════════════════════════════════════════════════════════════╝

[PACKET COUNTERS - GLOBAL]
  Total packets:      3500981952
  Baseline (10.10.2.x): 1883476962 (53.8%)
  Attack (10.10.3.x): 513535685 (14.7%)
  TCP packets:        1877389419
  UDP packets:        1457425089
  ICMP packets:       166167444

[INSTANTANEOUS TRAFFIC - Last 5.0 seconds]
  Baseline (10.10.2.x): 25048086 pkts (69.8%)  2395338765 bytes  3.83 Gbps
  Attack (10.10.3.x): 10819898 pkts (30.2%)  876412062 bytes  1.40 Gbps
  Total throughput:   5.23 Gbps  (avg pkt: 91 bytes)

[CUMULATIVE TRAFFIC - Since first packet (369.8s)]
  Total received:     3500981952 pkts (9.47 Mpps) | 8.67 Gbps | 400860163080 bytes

[ATTACK-SPECIFIC COUNTERS]
  SYN packets:        504865161
  SYN-ACK packets:    252432327
  SYN/ACK ratio:      2.00
  HTTP requests:      907002879
  DNS queries:        405653547

[PROTOCOL-SPECIFIC COUNTERS - CIC-DDoS-2019 Features]
  NTP Amplification:
    Monlist queries:  0
    Responses:        0  (avg size: 0 bytes)
  DNS Amplification:
    ANY queries:      0
    TXT queries:      0
    Responses:        405653526  (avg size: 108 bytes)
  SNMP Amplification:
    GetBulk requests: 0
    Responses:        0  (avg size: 0 bytes)
  SSDP:
    M-SEARCH packets: 0
    Responses:        8476
  PortMapper:
    GETPORT calls:    0
    DUMP calls:       0
  NetBIOS:
    Name queries:     0
    Datagram packets: 0
  LDAP:
    Bind requests:    0
    Search requests:  513527209
  MSSQL:
    SQLBatch packets: 0
    RPC packets:      0
  TFTP:
    RRQ (read) pkts:  0
    WRQ (write) pkts: 0

[ATTACK DETECTIONS - Cumulative Events]
  UDP flood events:   0
  UDP-lag events:     0
  SYN flood events:   0
  HTTP flood events:  0
  ICMP flood events:  0
  DNS amp events:     0
  NTP amp events:     0
  SNMP amp events:    0
  SSDP events:        0
  PortMap events:     0
  NetBIOS events:     0
  LDAP events:        4284
  MSSQL events:       0
  TFTP events:        0
  ACK flood events:   0
  Frag attack events: 0
  Heavy-hitter events:4324 (OctoSketch per-IP detection)
  Packet flood events:0
  (Note: Events count IPs exceeding thresholds per 50ms window)

[ALERT STATUS]
  Alert level:        [1;31mHIGH[0m
  Reason:             [1;31mLDAP detected: 2160736 pps | HEAVY-HITTER: 10.10.3.4 @ 11758 pps | TREND: attack rising (+583899/250ms) | [0m

[MULTI-LF (2025) COMPARISON]
=== Detection Performance vs ML-Based System ===

  First Detection Latency:   3425.89 ms (vs MULTI-LF: 866 ms)
    Improvement:             0.3× faster

  Packets until detection:   1106353308
  Bytes until detection:     135675220297 (129389.97 MB)

[OCTOSKETCH METRICS - Optimized Architecture]
=== Per-Worker Sketches + Sampling (1/32 packets) ===

  Architecture:              Per-worker (NO atomics, NO contention)
  Total sketch memory:       8961 KB (14 workers × 640.1 KB)
  Sampling rate:             1 in 32 packets (3.1% overhead)
  Attack traffic sampled:    6183424 updates
  Estimated attack packets:  197869568 (×32 sampling factor)
  Sketch overhead:           ~1.56% of fast-path cycles
  Memory efficiency:         O(1) constant, 640.1 KB per worker

[OCTOSKETCH HEAVY-HITTER DETECTION]
=== Top Attackers (per-IP tracking via Count-Min Sketch) ===

  Heavy-hitter threshold:    5000 pps per IP
  Heavy-hitters detected:    5 IPs exceeding threshold
  Total HH detections:       4324 events

  Top 5 Attackers (estimated counts, ×32 sampling):
    #1: 10.10.3.4 - 33696 pkts (6729 pps) [HEAVY-HITTER]
    #2: 10.10.3.138 - 33440 pkts (6678 pps) [HEAVY-HITTER]
    #3: 10.10.3.66 - 33024 pkts (6595 pps) [HEAVY-HITTER]
    #4: 10.10.3.93 - 33024 pkts (6595 pps) [HEAVY-HITTER]
    #5: 10.10.3.94 - 32640 pkts (6518 pps) [HEAVY-HITTER]

[RING BUFFER + MULTI-SCALE FEATURES]
=== Temporal Analysis (last 100 windows = 5.0 sec) ===

  Windows processed:         7009
  Buffer utilization:        100/100 (100.0%)
  Running baseline (ML):     5746578 pps (for ML features only)
  Detection mode:            FIXED THRESHOLDS

  [Temporal Features - Last Window]
    Delta PPS (250ms):       +583899
    Delta PPS (500ms):       +1171850
    PPS Variance:            455897874432
    Ratio vs Baseline:       1.87x

  [Multi-Scale Features]
    Top IP (50ms):           357 pps
    Top IP (1s):             6400 pps
    Top IP (1min):           10172 pps
    Burst Ratio (50ms/1min): 0.04x
    IP Concentration:        0.9%

[MULTIPLE DETECTION STATISTICS]
=== Aggregate Detection Analysis ===

  Total detection events:    4284
  Average detection latency: 55.47 ms
  Min detection latency:     53.94 ms
  Max detection latency:     3425.89 ms
  Latency range:             3371.94 ms

  Detection Latency Histogram:
    < 20 ms:  0 detections (0.0%)
    20-30 ms: 0 detections (0.0%)
    30-40 ms: 0 detections (0.0%)
    40-50 ms: 0 detections (0.0%)
    > 50 ms:  4283 detections (100.0%)

[PERFORMANCE METRICS]
  Throughput:         5.23 Gbps (7.16 Mpps)
  Cycles available:   417 cycles/pkt (lower = higher load)
  Active IPs:         0
  Worker threads:     14 (lcores 1-14)

[DPDK NIC STATISTICS]
  RX packets (NIC):   3500978365
  RX dropped (HW):    [0m0[0m (imissed)
  RX no mbufs:        [0m0[0m (buffer exhaustion)
  RX errors:          0
  Total drops:        [0m0 (0.00%)[0m
  RX burst calls:     87418403140 (97.7% empty)
  Processed pkts:     3500981952 (100.0% of NIC RX)


╔═══════════════════════════════════════════════════════════════════════╗
║          MIRA DDoS DETECTOR - STATISTICS (MULTI-CORE)                ║
╚═══════════════════════════════════════════════════════════════════════╝

[PACKET COUNTERS - GLOBAL]
  Total packets:      3550959260
  Baseline (10.10.2.x): 1908502656 (53.7%)
  Attack (10.10.3.x): 524339868 (14.8%)
  TCP packets:        1900893435
  UDP packets:        1481719462
  ICMP packets:       168346363

[INSTANTANEOUS TRAFFIC - Last 5.0 seconds]
  Baseline (10.10.2.x): 25025362 pkts (69.8%)  2393096175 bytes  3.83 Gbps
  Attack (10.10.3.x): 10803968 pkts (30.2%)  875121408 bytes  1.40 Gbps
  Total throughput:   5.23 Gbps  (avg pkt: 91 bytes)

[CUMULATIVE TRAFFIC - Since first packet (374.8s)]
  Total received:     3550959260 pkts (9.47 Mpps) | 8.67 Gbps | 406347992310 bytes

[ATTACK-SPECIFIC COUNTERS]
  SYN packets:        511394260
  SYN-ACK packets:    255696873
  SYN/ACK ratio:      2.00
  HTTP requests:      916794890
  DNS queries:        411530174

[PROTOCOL-SPECIFIC COUNTERS - CIC-DDoS-2019 Features]
  NTP Amplification:
    Monlist queries:  0
    Responses:        0  (avg size: 0 bytes)
  DNS Amplification:
    ANY queries:      0
    TXT queries:      0
    Responses:        411530160  (avg size: 108 bytes)
  SNMP Amplification:
    GetBulk requests: 0
    Responses:        0  (avg size: 0 bytes)
  SSDP:
    M-SEARCH packets: 0
    Responses:        8653
  PortMapper:
    GETPORT calls:    0
    DUMP calls:       0
  NetBIOS:
    Name queries:     0
    Datagram packets: 0
  LDAP:
    Bind requests:    0
    Search requests:  524331215
  MSSQL:
    SQLBatch packets: 0
    RPC packets:      0
  TFTP:
    RRQ (read) pkts:  0
    WRQ (write) pkts: 0

[ATTACK DETECTIONS - Cumulative Events]
  UDP flood events:   0
  UDP-lag events:     0
  SYN flood events:   0
  HTTP flood events:  0
  ICMP flood events:  0
  DNS amp events:     0
  NTP amp events:     0
  SNMP amp events:    0
  SSDP events:        0
  PortMap events:     0
  NetBIOS events:     0
  LDAP events:        4376
  MSSQL events:       0
  TFTP events:        0
  ACK flood events:   0
  Frag attack events: 0
  Heavy-hitter events:4416 (OctoSketch per-IP detection)
  Packet flood events:0
  (Note: Events count IPs exceeding thresholds per 50ms window)

[ALERT STATUS]
  Alert level:        [1;31mHIGH[0m
  Reason:             [1;31mLDAP detected: 2160746 pps | HEAVY-HITTER: 10.10.3.46 @ 11897 pps | TREND: attack rising (+585711/250ms) | [0m

[MULTI-LF (2025) COMPARISON]
=== Detection Performance vs ML-Based System ===

  First Detection Latency:   3425.89 ms (vs MULTI-LF: 866 ms)
    Improvement:             0.3× faster

  Packets until detection:   1106353308
  Bytes until detection:     135675220297 (129389.97 MB)

[OCTOSKETCH METRICS - Optimized Architecture]
=== Per-Worker Sketches + Sampling (1/32 packets) ===

  Architecture:              Per-worker (NO atomics, NO contention)
  Total sketch memory:       8961 KB (14 workers × 640.1 KB)
  Sampling rate:             1 in 32 packets (3.1% overhead)
  Attack traffic sampled:    6180672 updates
  Estimated attack packets:  197781504 (×32 sampling factor)
  Sketch overhead:           ~1.56% of fast-path cycles
  Memory efficiency:         O(1) constant, 640.1 KB per worker

[OCTOSKETCH HEAVY-HITTER DETECTION]
=== Top Attackers (per-IP tracking via Count-Min Sketch) ===

  Heavy-hitter threshold:    5000 pps per IP
  Heavy-hitters detected:    5 IPs exceeding threshold
  Total HH detections:       4416 events

  Top 5 Attackers (estimated counts, ×32 sampling):
    #1: 10.10.3.46 - 34080 pkts (6816 pps) [HEAVY-HITTER]
    #2: 10.10.3.31 - 33472 pkts (6694 pps) [HEAVY-HITTER]
    #3: 10.10.3.24 - 33248 pkts (6649 pps) [HEAVY-HITTER]
    #4: 10.10.3.165 - 33216 pkts (6643 pps) [HEAVY-HITTER]
    #5: 10.10.3.74 - 33152 pkts (6630 pps) [HEAVY-HITTER]

[RING BUFFER + MULTI-SCALE FEATURES]
=== Temporal Analysis (last 100 windows = 5.0 sec) ===

  Windows processed:         7101
  Buffer utilization:        100/100 (100.0%)
  Running baseline (ML):     5689477 pps (for ML features only)
  Detection mode:            FIXED THRESHOLDS

  [Temporal Features - Last Window]
    Delta PPS (250ms):       +585711
    Delta PPS (500ms):       +1169647
    PPS Variance:            453782700032
    Ratio vs Baseline:       1.89x

  [Multi-Scale Features]
    Top IP (50ms):           369 pps
    Top IP (1s):             1056 pps
    Top IP (1min):           11096 pps
    Burst Ratio (50ms/1min): 0.03x
    IP Concentration:        0.9%

[MULTIPLE DETECTION STATISTICS]
=== Aggregate Detection Analysis ===

  Total detection events:    4376
  Average detection latency: 55.45 ms
  Min detection latency:     53.94 ms
  Max detection latency:     3425.89 ms
  Latency range:             3371.94 ms

  Detection Latency Histogram:
    < 20 ms:  0 detections (0.0%)
    20-30 ms: 0 detections (0.0%)
    30-40 ms: 0 detections (0.0%)
    40-50 ms: 0 detections (0.0%)
    > 50 ms:  4375 detections (100.0%)

[PERFORMANCE METRICS]
  Throughput:         5.23 Gbps (7.17 Mpps)
  Cycles available:   417 cycles/pkt (lower = higher load)
  Active IPs:         0
  Worker threads:     14 (lcores 1-14)

[DPDK NIC STATISTICS]
  RX packets (NIC):   3550955570
  RX dropped (HW):    [0m0[0m (imissed)
  RX no mbufs:        [0m0[0m (buffer exhaustion)
  RX errors:          0
  Total drops:        [0m0 (0.00%)[0m
  RX burst calls:     88497605091 (97.7% empty)
  Processed pkts:     3550959260 (100.0% of NIC RX)


╔═══════════════════════════════════════════════════════════════════════╗
║          MIRA DDoS DETECTOR - STATISTICS (MULTI-CORE)                ║
╚═══════════════════════════════════════════════════════════════════════╝

[PACKET COUNTERS - GLOBAL]
  Total packets:      3600993436
  Baseline (10.10.2.x): 1933559190 (53.7%)
  Attack (10.10.3.x): 535153820 (14.9%)
  TCP packets:        1924426084
  UDP packets:        1506040212
  ICMP packets:       170527140

[INSTANTANEOUS TRAFFIC - Last 5.0 seconds]
  Baseline (10.10.2.x): 25056046 pkts (69.9%)  2566577878 bytes  4.10 Gbps
  Attack (10.10.3.x): 10813696 pkts (30.1%)  875909376 bytes  1.40 Gbps
  Total throughput:   5.50 Gbps  (avg pkt: 96 bytes)

[CUMULATIVE TRAFFIC - Since first packet (379.8s)]
  Total received:     3600993436 pkts (9.48 Mpps) | 8.67 Gbps | 411842217892 bytes

[ATTACK-SPECIFIC COUNTERS]
  SYN packets:        517931407
  SYN-ACK packets:    258965433
  SYN/ACK ratio:      2.00
  HTTP requests:      926598099
  DNS queries:        417413652

[PROTOCOL-SPECIFIC COUNTERS - CIC-DDoS-2019 Features]
  NTP Amplification:
    Monlist queries:  0
    Responses:        0  (avg size: 0 bytes)
  DNS Amplification:
    ANY queries:      0
    TXT queries:      0
    Responses:        417413635  (avg size: 108 bytes)
  SNMP Amplification:
    GetBulk requests: 0
    Responses:        0  (avg size: 0 bytes)
  SSDP:
    M-SEARCH packets: 0
    Responses:        8832
  PortMapper:
    GETPORT calls:    0
    DUMP calls:       0
  NetBIOS:
    Name queries:     0
    Datagram packets: 0
  LDAP:
    Bind requests:    0
    Search requests:  535144988
  MSSQL:
    SQLBatch packets: 0
    RPC packets:      0
  TFTP:
    RRQ (read) pkts:  0
    WRQ (write) pkts: 0

[ATTACK DETECTIONS - Cumulative Events]
  UDP flood events:   0
  UDP-lag events:     0
  SYN flood events:   0
  HTTP flood events:  0
  ICMP flood events:  0
  DNS amp events:     0
  NTP amp events:     0
  SNMP amp events:    0
  SSDP events:        0
  PortMap events:     0
  NetBIOS events:     0
  LDAP events:        4467
  MSSQL events:       0
  TFTP events:        0
  ACK flood events:   0
  Frag attack events: 0
  Heavy-hitter events:4507 (OctoSketch per-IP detection)
  Packet flood events:0
  (Note: Events count IPs exceeding thresholds per 50ms window)

[ALERT STATUS]
  Alert level:        [1;31mHIGH[0m
  Reason:             [1;31mLDAP detected: 2160663 pps | HEAVY-HITTER: 10.10.3.156 @ 11615 pps | TREND: attack rising (+584306/250ms) | [0m

[MULTI-LF (2025) COMPARISON]
=== Detection Performance vs ML-Based System ===

  First Detection Latency:   3425.89 ms (vs MULTI-LF: 866 ms)
    Improvement:             0.3× faster

  Packets until detection:   1106353308
  Bytes until detection:     135675220297 (129389.97 MB)

[OCTOSKETCH METRICS - Optimized Architecture]
=== Per-Worker Sketches + Sampling (1/32 packets) ===

  Architecture:              Per-worker (NO atomics, NO contention)
  Total sketch memory:       8961 KB (14 workers × 640.1 KB)
  Sampling rate:             1 in 32 packets (3.1% overhead)
  Attack traffic sampled:    6063040 updates
  Estimated attack packets:  194017280 (×32 sampling factor)
  Sketch overhead:           ~1.56% of fast-path cycles
  Memory efficiency:         O(1) constant, 640.1 KB per worker

[OCTOSKETCH HEAVY-HITTER DETECTION]
=== Top Attackers (per-IP tracking via Count-Min Sketch) ===

  Heavy-hitter threshold:    5000 pps per IP
  Heavy-hitters detected:    5 IPs exceeding threshold
  Total HH detections:       4507 events

  Top 5 Attackers (estimated counts, ×32 sampling):
    #1: 10.10.3.156 - 32640 pkts (6522 pps) [HEAVY-HITTER]
    #2: 10.10.3.99 - 32448 pkts (6483 pps) [HEAVY-HITTER]
    #3: 10.10.3.170 - 32320 pkts (6458 pps) [HEAVY-HITTER]
    #4: 10.10.3.22 - 32288 pkts (6451 pps) [HEAVY-HITTER]
    #5: 10.10.3.187 - 32224 pkts (6439 pps) [HEAVY-HITTER]

[RING BUFFER + MULTI-SCALE FEATURES]
=== Temporal Analysis (last 100 windows = 5.0 sec) ===

  Windows processed:         7192
  Buffer utilization:        100/100 (100.0%)
  Running baseline (ML):     5741356 pps (for ML features only)
  Detection mode:            FIXED THRESHOLDS

  [Temporal Features - Last Window]
    Delta PPS (250ms):       +584306
    Delta PPS (500ms):       +1168498
    PPS Variance:            455173570560
    Ratio vs Baseline:       1.87x

  [Multi-Scale Features]
    Top IP (50ms):           330 pps
    Top IP (1s):             8128 pps
    Top IP (1min):           11992 pps
    Burst Ratio (50ms/1min): 0.03x
    IP Concentration:        0.8%

[MULTIPLE DETECTION STATISTICS]
=== Aggregate Detection Analysis ===

  Total detection events:    4467
  Average detection latency: 55.43 ms
  Min detection latency:     53.94 ms
  Max detection latency:     3425.89 ms
  Latency range:             3371.94 ms

  Detection Latency Histogram:
    < 20 ms:  0 detections (0.0%)
    20-30 ms: 0 detections (0.0%)
    30-40 ms: 0 detections (0.0%)
    40-50 ms: 0 detections (0.0%)
    > 50 ms:  4466 detections (100.0%)

[PERFORMANCE METRICS]
  Throughput:         5.50 Gbps (7.17 Mpps)
  Cycles available:   417 cycles/pkt (lower = higher load)
  Active IPs:         0
  Worker threads:     14 (lcores 1-14)

[DPDK NIC STATISTICS]
  RX packets (NIC):   3600989809
  RX dropped (HW):    [0m0[0m (imissed)
  RX no mbufs:        [0m0[0m (buffer exhaustion)
  RX errors:          0
  Total drops:        [0m0 (0.00%)[0m
  RX burst calls:     89577638121 (97.7% empty)
  Processed pkts:     3600993436 (100.0% of NIC RX)


╔═══════════════════════════════════════════════════════════════════════╗
║          MIRA DDoS DETECTOR - STATISTICS (MULTI-CORE)                ║
╚═══════════════════════════════════════════════════════════════════════╝

[PACKET COUNTERS - GLOBAL]
  Total packets:      3650979996
  Baseline (10.10.2.x): 1958589863 (53.6%)
  Attack (10.10.3.x): 545963164 (15.0%)
  TCP packets:        1947933708
  UDP packets:        1530341505
  ICMP packets:       172704783

[INSTANTANEOUS TRAFFIC - Last 5.0 seconds]
  Baseline (10.10.2.x): 26818490 pkts (71.3%)  2394216165 bytes  3.83 Gbps
  Attack (10.10.3.x): 10809111 pkts (28.7%)  875537991 bytes  1.40 Gbps
  Total throughput:   5.23 Gbps  (avg pkt: 87 bytes)

[CUMULATIVE TRAFFIC - Since first packet (384.8s)]
  Total received:     3650979996 pkts (9.49 Mpps) | 8.68 Gbps | 417331519189 bytes

[ATTACK-SPECIFIC COUNTERS]
  SYN packets:        524461495
  SYN-ACK packets:    262230482
  SYN/ACK ratio:      2.00
  HTTP requests:      936391777
  DNS queries:        423288861

[PROTOCOL-SPECIFIC COUNTERS - CIC-DDoS-2019 Features]
  NTP Amplification:
    Monlist queries:  0
    Responses:        0  (avg size: 0 bytes)
  DNS Amplification:
    ANY queries:      0
    TXT queries:      0
    Responses:        423288847  (avg size: 108 bytes)
  SNMP Amplification:
    GetBulk requests: 0
    Responses:        0  (avg size: 0 bytes)
  SSDP:
    M-SEARCH packets: 0
    Responses:        9009
  PortMapper:
    GETPORT calls:    0
    DUMP calls:       0
  NetBIOS:
    Name queries:     0
    Datagram packets: 0
  LDAP:
    Bind requests:    0
    Search requests:  545954155
  MSSQL:
    SQLBatch packets: 0
    RPC packets:      0
  TFTP:
    RRQ (read) pkts:  0
    WRQ (write) pkts: 0

[ATTACK DETECTIONS - Cumulative Events]
  UDP flood events:   0
  UDP-lag events:     0
  SYN flood events:   0
  HTTP flood events:  0
  ICMP flood events:  0
  DNS amp events:     0
  NTP amp events:     0
  SNMP amp events:    0
  SSDP events:        0
  PortMap events:     0
  NetBIOS events:     0
  LDAP events:        4559
  MSSQL events:       0
  TFTP events:        0
  ACK flood events:   0
  Frag attack events: 0
  Heavy-hitter events:4599 (OctoSketch per-IP detection)
  Packet flood events:0
  (Note: Events count IPs exceeding thresholds per 50ms window)

[ALERT STATUS]
  Alert level:        [1;31mHIGH[0m
  Reason:             [1;31mLDAP detected: 2160730 pps | HEAVY-HITTER: 10.10.3.83 @ 11576 pps | TREND: attack rising (+585984/250ms) | [0m

[MULTI-LF (2025) COMPARISON]
=== Detection Performance vs ML-Based System ===

  First Detection Latency:   3425.89 ms (vs MULTI-LF: 866 ms)
    Improvement:             0.3× faster

  Packets until detection:   1106353308
  Bytes until detection:     135675220297 (129389.97 MB)

[OCTOSKETCH METRICS - Optimized Architecture]
=== Per-Worker Sketches + Sampling (1/32 packets) ===

  Architecture:              Per-worker (NO atomics, NO contention)
  Total sketch memory:       8961 KB (14 workers × 640.1 KB)
  Sampling rate:             1 in 32 packets (3.1% overhead)
  Attack traffic sampled:    6065760 updates
  Estimated attack packets:  194104320 (×32 sampling factor)
  Sketch overhead:           ~1.56% of fast-path cycles
  Memory efficiency:         O(1) constant, 640.1 KB per worker

[OCTOSKETCH HEAVY-HITTER DETECTION]
=== Top Attackers (per-IP tracking via Count-Min Sketch) ===

  Heavy-hitter threshold:    5000 pps per IP
  Heavy-hitters detected:    5 IPs exceeding threshold
  Total HH detections:       4599 events

  Top 5 Attackers (estimated counts, ×32 sampling):
    #1: 10.10.3.83 - 32544 pkts (6505 pps) [HEAVY-HITTER]
    #2: 10.10.3.127 - 32416 pkts (6480 pps) [HEAVY-HITTER]
    #3: 10.10.3.44 - 32288 pkts (6454 pps) [HEAVY-HITTER]
    #4: 10.10.3.116 - 32256 pkts (6448 pps) [HEAVY-HITTER]
    #5: 10.10.3.65 - 32096 pkts (6416 pps) [HEAVY-HITTER]

[RING BUFFER + MULTI-SCALE FEATURES]
=== Temporal Analysis (last 100 windows = 5.0 sec) ===

  Windows processed:         7284
  Buffer utilization:        100/100 (100.0%)
  Running baseline (ML):     5691423 pps (for ML features only)
  Detection mode:            FIXED THRESHOLDS

  [Temporal Features - Last Window]
    Delta PPS (250ms):       +585984
    Delta PPS (500ms):       +1170176
    PPS Variance:            454401392640
    Ratio vs Baseline:       1.89x

  [Multi-Scale Features]
    Top IP (50ms):           353 pps
    Top IP (1s):             3264 pps
    Top IP (1min):           885 pps
    Burst Ratio (50ms/1min): 0.40x
    IP Concentration:        0.9%

[MULTIPLE DETECTION STATISTICS]
=== Aggregate Detection Analysis ===

  Total detection events:    4559
  Average detection latency: 55.42 ms
  Min detection latency:     53.94 ms
  Max detection latency:     3425.89 ms
  Latency range:             3371.94 ms

  Detection Latency Histogram:
    < 20 ms:  0 detections (0.0%)
    20-30 ms: 0 detections (0.0%)
    30-40 ms: 0 detections (0.0%)
    40-50 ms: 0 detections (0.0%)
    > 50 ms:  4558 detections (100.0%)

[PERFORMANCE METRICS]
  Throughput:         5.23 Gbps (7.52 Mpps)
  Cycles available:   398 cycles/pkt (lower = higher load)
  Active IPs:         0
  Worker threads:     14 (lcores 1-14)

[DPDK NIC STATISTICS]
  RX packets (NIC):   3650976512
  RX dropped (HW):    [0m0[0m (imissed)
  RX no mbufs:        [0m0[0m (buffer exhaustion)
  RX errors:          0
  Total drops:        [0m0 (0.00%)[0m
  RX burst calls:     90658585722 (97.7% empty)
  Processed pkts:     3650979996 (100.0% of NIC RX)


╔═══════════════════════════════════════════════════════════════════════╗
║          MIRA DDoS DETECTOR - STATISTICS (MULTI-CORE)                ║
╚═══════════════════════════════════════════════════════════════════════╝

[PACKET COUNTERS - GLOBAL]
  Total packets:      3700995228
  Baseline (10.10.2.x): 1983632475 (53.6%)
  Attack (10.10.3.x): 556779164 (15.0%)
  TCP packets:        1971457048
  UDP packets:        1554653750
  ICMP packets:       174884430

[INSTANTANEOUS TRAFFIC - Last 5.0 seconds]
  Baseline (10.10.2.x): 25042083 pkts (69.8%)  2394586043 bytes  3.83 Gbps
  Attack (10.10.3.x): 10816000 pkts (30.2%)  939284667 bytes  1.50 Gbps
  Total throughput:   5.33 Gbps  (avg pkt: 93 bytes)

[CUMULATIVE TRAFFIC - Since first packet (389.8s)]
  Total received:     3700995228 pkts (9.49 Mpps) | 8.68 Gbps | 422823390348 bytes

[ATTACK-SPECIFIC COUNTERS]
  SYN packets:        530995804
  SYN-ACK packets:    265497631
  SYN/ACK ratio:      2.00
  HTTP requests:      946193110
  DNS queries:        429167992

[PROTOCOL-SPECIFIC COUNTERS - CIC-DDoS-2019 Features]
  NTP Amplification:
    Monlist queries:  0
    Responses:        0  (avg size: 0 bytes)
  DNS Amplification:
    ANY queries:      0
    TXT queries:      0
    Responses:        429167975  (avg size: 108 bytes)
  SNMP Amplification:
    GetBulk requests: 0
    Responses:        0  (avg size: 0 bytes)
  SSDP:
    M-SEARCH packets: 0
    Responses:        9196
  PortMapper:
    GETPORT calls:    0
    DUMP calls:       0
  NetBIOS:
    Name queries:     0
    Datagram packets: 0
  LDAP:
    Bind requests:    0
    Search requests:  556769968
  MSSQL:
    SQLBatch packets: 0
    RPC packets:      0
  TFTP:
    RRQ (read) pkts:  0
    WRQ (write) pkts: 0

[ATTACK DETECTIONS - Cumulative Events]
  UDP flood events:   0
  UDP-lag events:     0
  SYN flood events:   0
  HTTP flood events:  0
  ICMP flood events:  0
  DNS amp events:     0
  NTP amp events:     0
  SNMP amp events:    0
  SSDP events:        0
  PortMap events:     0
  NetBIOS events:     0
  LDAP events:        4650
  MSSQL events:       0
  TFTP events:        0
  ACK flood events:   0
  Frag attack events: 0
  Heavy-hitter events:4690 (OctoSketch per-IP detection)
  Packet flood events:0
  (Note: Events count IPs exceeding thresholds per 50ms window)

[ALERT STATUS]
  Alert level:        [1;31mHIGH[0m
  Reason:             [1;31mLDAP detected: 2160685 pps | HEAVY-HITTER: 10.10.3.191 @ 11738 pps | TREND: attack rising (+584167/250ms) | [0m

[MULTI-LF (2025) COMPARISON]
=== Detection Performance vs ML-Based System ===

  First Detection Latency:   3425.89 ms (vs MULTI-LF: 866 ms)
    Improvement:             0.3× faster

  Packets until detection:   1106353308
  Bytes until detection:     135675220297 (129389.97 MB)

[OCTOSKETCH METRICS - Optimized Architecture]
=== Per-Worker Sketches + Sampling (1/32 packets) ===

  Architecture:              Per-worker (NO atomics, NO contention)
  Total sketch memory:       8961 KB (14 workers × 640.1 KB)
  Sampling rate:             1 in 32 packets (3.1% overhead)
  Attack traffic sampled:    5946688 updates
  Estimated attack packets:  190294016 (×32 sampling factor)
  Sketch overhead:           ~1.56% of fast-path cycles
  Memory efficiency:         O(1) constant, 640.1 KB per worker

[OCTOSKETCH HEAVY-HITTER DETECTION]
=== Top Attackers (per-IP tracking via Count-Min Sketch) ===

  Heavy-hitter threshold:    5000 pps per IP
  Heavy-hitters detected:    5 IPs exceeding threshold
  Total HH detections:       4690 events

  Top 5 Attackers (estimated counts, ×32 sampling):
    #1: 10.10.3.191 - 32352 pkts (6463 pps) [HEAVY-HITTER]
    #2: 10.10.3.172 - 32192 pkts (6431 pps) [HEAVY-HITTER]
    #3: 10.10.3.81 - 31584 pkts (6309 pps) [HEAVY-HITTER]
    #4: 10.10.3.31 - 31488 pkts (6290 pps) [HEAVY-HITTER]
    #5: 10.10.3.90 - 31456 pkts (6284 pps) [HEAVY-HITTER]

[RING BUFFER + MULTI-SCALE FEATURES]
=== Temporal Analysis (last 100 windows = 5.0 sec) ===

  Windows processed:         7375
  Buffer utilization:        100/100 (100.0%)
  Running baseline (ML):     5742620 pps (for ML features only)
  Detection mode:            FIXED THRESHOLDS

  [Temporal Features - Last Window]
    Delta PPS (250ms):       +584167
    Delta PPS (500ms):       +1168387
    PPS Variance:            455001833472
    Ratio vs Baseline:       1.87x

  [Multi-Scale Features]
    Top IP (50ms):           360 pps
    Top IP (1s):             9984 pps
    Top IP (1min):           1810 pps
    Burst Ratio (50ms/1min): 0.20x
    IP Concentration:        0.9%

[MULTIPLE DETECTION STATISTICS]
=== Aggregate Detection Analysis ===

  Total detection events:    4650
  Average detection latency: 55.40 ms
  Min detection latency:     53.94 ms
  Max detection latency:     3425.89 ms
  Latency range:             3371.94 ms

  Detection Latency Histogram:
    < 20 ms:  0 detections (0.0%)
    20-30 ms: 0 detections (0.0%)
    30-40 ms: 0 detections (0.0%)
    40-50 ms: 0 detections (0.0%)
    > 50 ms:  4649 detections (100.0%)

[PERFORMANCE METRICS]
  Throughput:         5.33 Gbps (7.16 Mpps)
  Cycles available:   417 cycles/pkt (lower = higher load)
  Active IPs:         0
  Worker threads:     14 (lcores 1-14)

[DPDK NIC STATISTICS]
  RX packets (NIC):   3700991902
  RX dropped (HW):    [0m0[0m (imissed)
  RX no mbufs:        [0m0[0m (buffer exhaustion)
  RX errors:          0
  Total drops:        [0m0 (0.00%)[0m
  RX burst calls:     91739262118 (97.7% empty)
  Processed pkts:     3700995228 (100.0% of NIC RX)


╔═══════════════════════════════════════════════════════════════════════╗
║          MIRA DDoS DETECTOR - STATISTICS (MULTI-CORE)                ║
╚═══════════════════════════════════════════════════════════════════════╝

[PACKET COUNTERS - GLOBAL]
  Total packets:      3750998428
  Baseline (10.10.2.x): 2008670259 (53.6%)
  Attack (10.10.3.x): 567588764 (15.1%)
  TCP packets:        1994968243
  UDP packets:        1578964294
  ICMP packets:       177065891

[INSTANTANEOUS TRAFFIC - Last 5.0 seconds]
  Baseline (10.10.2.x): 26865452 pkts (69.9%)  2394339910 bytes  3.83 Gbps
  Attack (10.10.3.x): 11590543 pkts (30.1%)  875556864 bytes  1.40 Gbps
  Total throughput:   5.23 Gbps  (avg pkt: 85 bytes)

[CUMULATIVE TRAFFIC - Since first packet (394.8s)]
  Total received:     3750998428 pkts (9.50 Mpps) | 8.68 Gbps | 428314181928 bytes

[ATTACK-SPECIFIC COUNTERS]
  SYN packets:        537526560
  SYN-ACK packets:    268763006
  SYN/ACK ratio:      2.00
  HTTP requests:      955990564
  DNS queries:        435048740

[PROTOCOL-SPECIFIC COUNTERS - CIC-DDoS-2019 Features]
  NTP Amplification:
    Monlist queries:  0
    Responses:        0  (avg size: 0 bytes)
  DNS Amplification:
    ANY queries:      0
    TXT queries:      0
    Responses:        435048723  (avg size: 108 bytes)
  SNMP Amplification:
    GetBulk requests: 0
    Responses:        0  (avg size: 0 bytes)
  SSDP:
    M-SEARCH packets: 0
    Responses:        9370
  PortMapper:
    GETPORT calls:    0
    DUMP calls:       0
  NetBIOS:
    Name queries:     0
    Datagram packets: 0
  LDAP:
    Bind requests:    0
    Search requests:  567579394
  MSSQL:
    SQLBatch packets: 0
    RPC packets:      0
  TFTP:
    RRQ (read) pkts:  0
    WRQ (write) pkts: 0

[ATTACK DETECTIONS - Cumulative Events]
  UDP flood events:   0
  UDP-lag events:     0
  SYN flood events:   0
  HTTP flood events:  0
  ICMP flood events:  0
  DNS amp events:     0
  NTP amp events:     0
  SNMP amp events:    0
  SSDP events:        0
  PortMap events:     0
  NetBIOS events:     0
  LDAP events:        4742
  MSSQL events:       0
  TFTP events:        0
  ACK flood events:   0
  Frag attack events: 0
  Heavy-hitter events:4782 (OctoSketch per-IP detection)
  Packet flood events:0
  (Note: Events count IPs exceeding thresholds per 50ms window)

[ALERT STATUS]
  Alert level:        [1;31mHIGH[0m
  Reason:             [1;31mLDAP detected: 2160739 pps | HEAVY-HITTER: 10.10.3.19 @ 11799 pps | TREND: attack rising (+584448/250ms) | [0m

[MULTI-LF (2025) COMPARISON]
=== Detection Performance vs ML-Based System ===

  First Detection Latency:   3425.89 ms (vs MULTI-LF: 866 ms)
    Improvement:             0.3× faster

  Packets until detection:   1106353308
  Bytes until detection:     135675220297 (129389.97 MB)

[OCTOSKETCH METRICS - Optimized Architecture]
=== Per-Worker Sketches + Sampling (1/32 packets) ===

  Architecture:              Per-worker (NO atomics, NO contention)
  Total sketch memory:       8961 KB (14 workers × 640.1 KB)
  Sampling rate:             1 in 32 packets (3.1% overhead)
  Attack traffic sampled:    5950528 updates
  Estimated attack packets:  190416896 (×32 sampling factor)
  Sketch overhead:           ~1.56% of fast-path cycles
  Memory efficiency:         O(1) constant, 640.1 KB per worker

[OCTOSKETCH HEAVY-HITTER DETECTION]
=== Top Attackers (per-IP tracking via Count-Min Sketch) ===

  Heavy-hitter threshold:    5000 pps per IP
  Heavy-hitters detected:    5 IPs exceeding threshold
  Total HH detections:       4782 events

  Top 5 Attackers (estimated counts, ×32 sampling):
    #1: 10.10.3.19 - 32544 pkts (6505 pps) [HEAVY-HITTER]
    #2: 10.10.3.148 - 31936 pkts (6384 pps) [HEAVY-HITTER]
    #3: 10.10.3.44 - 31808 pkts (6358 pps) [HEAVY-HITTER]
    #4: 10.10.3.99 - 31808 pkts (6358 pps) [HEAVY-HITTER]
    #5: 10.10.3.163 - 31680 pkts (6333 pps) [HEAVY-HITTER]

[RING BUFFER + MULTI-SCALE FEATURES]
=== Temporal Analysis (last 100 windows = 5.0 sec) ===

  Windows processed:         7467
  Buffer utilization:        100/100 (100.0%)
  Running baseline (ML):     6400449 pps (for ML features only)
  Detection mode:            FIXED THRESHOLDS

  [Temporal Features - Last Window]
    Delta PPS (250ms):       +584448
    Delta PPS (500ms):       +1170688
    PPS Variance:            455154860032
    Ratio vs Baseline:       1.81x

  [Multi-Scale Features]
    Top IP (50ms):           383 pps
    Top IP (1s):             5184 pps
    Top IP (1min):           2721 pps
    Burst Ratio (50ms/1min): 0.14x
    IP Concentration:        0.9%

[MULTIPLE DETECTION STATISTICS]
=== Aggregate Detection Analysis ===

  Total detection events:    4742
  Average detection latency: 55.39 ms
  Min detection latency:     53.94 ms
  Max detection latency:     3425.89 ms
  Latency range:             3371.94 ms

  Detection Latency Histogram:
    < 20 ms:  0 detections (0.0%)
    20-30 ms: 0 detections (0.0%)
    30-40 ms: 0 detections (0.0%)
    40-50 ms: 0 detections (0.0%)
    > 50 ms:  4741 detections (100.0%)

[PERFORMANCE METRICS]
  Throughput:         5.23 Gbps (7.69 Mpps)
  Cycles available:   389 cycles/pkt (lower = higher load)
  Active IPs:         0
  Worker threads:     14 (lcores 1-14)

[DPDK NIC STATISTICS]
  RX packets (NIC):   3750994875
  RX dropped (HW):    [0m0[0m (imissed)
  RX no mbufs:        [0m0[0m (buffer exhaustion)
  RX errors:          0
  Total drops:        [0m0 (0.00%)[0m
  RX burst calls:     92819059847 (97.7% empty)
  Processed pkts:     3750998428 (100.0% of NIC RX)


╔═══════════════════════════════════════════════════════════════════════╗
║          MIRA DDoS DETECTOR - STATISTICS (MULTI-CORE)                ║
╚═══════════════════════════════════════════════════════════════════════╝

[PACKET COUNTERS - GLOBAL]
  Total packets:      3801011639
  Baseline (10.10.2.x): 2033710105 (53.5%)
  Attack (10.10.3.x): 578406044 (15.2%)
  TCP packets:        2018487423
  UDP packets:        1603277884
  ICMP packets:       179246332

[INSTANTANEOUS TRAFFIC - Last 5.0 seconds]
  Baseline (10.10.2.x): 25039514 pkts (69.8%)  2394386423 bytes  3.83 Gbps
  Attack (10.10.3.x): 10817068 pkts (30.2%)  939435084 bytes  1.50 Gbps
  Total throughput:   5.33 Gbps  (avg pkt: 93 bytes)

[CUMULATIVE TRAFFIC - Since first packet (399.8s)]
  Total received:     3801011639 pkts (9.51 Mpps) | 8.68 Gbps | 433805948266 bytes

[ATTACK-SPECIFIC COUNTERS]
  SYN packets:        544059556
  SYN-ACK packets:    272029501
  SYN/ACK ratio:      2.00
  HTTP requests:      965791280
  DNS queries:        440927830

[PROTOCOL-SPECIFIC COUNTERS - CIC-DDoS-2019 Features]
  NTP Amplification:
    Monlist queries:  0
    Responses:        0  (avg size: 0 bytes)
  DNS Amplification:
    ANY queries:      0
    TXT queries:      0
    Responses:        440927818  (avg size: 108 bytes)
  SNMP Amplification:
    GetBulk requests: 0
    Responses:        0  (avg size: 0 bytes)
  SSDP:
    M-SEARCH packets: 0
    Responses:        9550
  PortMapper:
    GETPORT calls:    0
    DUMP calls:       0
  NetBIOS:
    Name queries:     0
    Datagram packets: 0
  LDAP:
    Bind requests:    0
    Search requests:  578396494
  MSSQL:
    SQLBatch packets: 0
    RPC packets:      0
  TFTP:
    RRQ (read) pkts:  0
    WRQ (write) pkts: 0

[ATTACK DETECTIONS - Cumulative Events]
  UDP flood events:   0
  UDP-lag events:     0
  SYN flood events:   0
  HTTP flood events:  0
  ICMP flood events:  0
  DNS amp events:     0
  NTP amp events:     0
  SNMP amp events:    0
  SSDP events:        0
  PortMap events:     0
  NetBIOS events:     0
  LDAP events:        4833
  MSSQL events:       0
  TFTP events:        0
  ACK flood events:   0
  Frag attack events: 0
  Heavy-hitter events:4873 (OctoSketch per-IP detection)
  Packet flood events:0
  (Note: Events count IPs exceeding thresholds per 50ms window)

[ALERT STATUS]
  Alert level:        [1;31mHIGH[0m
  Reason:             [1;31mLDAP detected: 2160729 pps | HEAVY-HITTER: 10.10.3.62 @ 11722 pps | TREND: attack rising (+584427/250ms) | [0m

[MULTI-LF (2025) COMPARISON]
=== Detection Performance vs ML-Based System ===

  First Detection Latency:   3425.89 ms (vs MULTI-LF: 866 ms)
    Improvement:             0.3× faster

  Packets until detection:   1106353308
  Bytes until detection:     135675220297 (129389.97 MB)

[OCTOSKETCH METRICS - Optimized Architecture]
=== Per-Worker Sketches + Sampling (1/32 packets) ===

  Architecture:              Per-worker (NO atomics, NO contention)
  Total sketch memory:       8961 KB (14 workers × 640.1 KB)
  Sampling rate:             1 in 32 packets (3.1% overhead)
  Attack traffic sampled:    5830528 updates
  Estimated attack packets:  186576896 (×32 sampling factor)
  Sketch overhead:           ~1.56% of fast-path cycles
  Memory efficiency:         O(1) constant, 640.1 KB per worker

[OCTOSKETCH HEAVY-HITTER DETECTION]
=== Top Attackers (per-IP tracking via Count-Min Sketch) ===

  Heavy-hitter threshold:    5000 pps per IP
  Heavy-hitters detected:    5 IPs exceeding threshold
  Total HH detections:       4873 events

  Top 5 Attackers (estimated counts, ×32 sampling):
    #1: 10.10.3.62 - 31680 pkts (6328 pps) [HEAVY-HITTER]
    #2: 10.10.3.17 - 31552 pkts (6302 pps) [HEAVY-HITTER]
    #3: 10.10.3.181 - 31488 pkts (6290 pps) [HEAVY-HITTER]
    #4: 10.10.3.36 - 30912 pkts (6175 pps) [HEAVY-HITTER]
    #5: 10.10.3.71 - 30912 pkts (6175 pps) [HEAVY-HITTER]

[RING BUFFER + MULTI-SCALE FEATURES]
=== Temporal Analysis (last 100 windows = 5.0 sec) ===

  Windows processed:         7558
  Buffer utilization:        100/100 (100.0%)
  Running baseline (ML):     5812314 pps (for ML features only)
  Detection mode:            FIXED THRESHOLDS

  [Temporal Features - Last Window]
    Delta PPS (250ms):       +584427
    Delta PPS (500ms):       +1168640
    PPS Variance:            454720126976
    Ratio vs Baseline:       1.84x

  [Multi-Scale Features]
    Top IP (50ms):           391 pps
    Top IP (1s):             12128 pps
    Top IP (1min):           3640 pps
    Burst Ratio (50ms/1min): 0.11x
    IP Concentration:        1.0%

[MULTIPLE DETECTION STATISTICS]
=== Aggregate Detection Analysis ===

  Total detection events:    4833
  Average detection latency: 55.38 ms
  Min detection latency:     53.94 ms
  Max detection latency:     3425.89 ms
  Latency range:             3371.94 ms

  Detection Latency Histogram:
    < 20 ms:  0 detections (0.0%)
    20-30 ms: 0 detections (0.0%)
    30-40 ms: 0 detections (0.0%)
    40-50 ms: 0 detections (0.0%)
    > 50 ms:  4832 detections (100.0%)

[PERFORMANCE METRICS]
  Throughput:         5.33 Gbps (7.16 Mpps)
  Cycles available:   417 cycles/pkt (lower = higher load)
  Active IPs:         0
  Worker threads:     14 (lcores 1-14)

[DPDK NIC STATISTICS]
  RX packets (NIC):   3801008042
  RX dropped (HW):    [0m0[0m (imissed)
  RX no mbufs:        [0m0[0m (buffer exhaustion)
  RX errors:          0
  Total drops:        [0m0 (0.00%)[0m
  RX burst calls:     93900074200 (97.7% empty)
  Processed pkts:     3801011639 (100.0% of NIC RX)


╔═══════════════════════════════════════════════════════════════════════╗
║          MIRA DDoS DETECTOR - STATISTICS (MULTI-CORE)                ║
╚═══════════════════════════════════════════════════════════════════════╝

[PACKET COUNTERS - GLOBAL]
  Total packets:      3851480476
  Baseline (10.10.2.x): 2059525210 (53.5%)
  Attack (10.10.3.x): 589216668 (15.3%)
  TCP packets:        2046120860
  UDP packets:        1623906958
  ICMP packets:       181452658

[INSTANTANEOUS TRAFFIC - Last 5.0 seconds]
  Baseline (10.10.2.x): 25813319 pkts (70.5%)  2437925317 bytes  3.90 Gbps
  Attack (10.10.3.x): 10809856 pkts (29.5%)  875598336 bytes  1.40 Gbps
  Total throughput:   5.30 Gbps  (avg pkt: 90 bytes)

[CUMULATIVE TRAFFIC - Since first packet (404.8s)]
  Total received:     3851480476 pkts (9.51 Mpps) | 8.69 Gbps | 439501997327 bytes

[ATTACK-SPECIFIC COUNTERS]
  SYN packets:        551628372
  SYN-ACK packets:    275813909
  SYN/ACK ratio:      2.00
  HTTP requests:      978108936
  DNS queries:        444956328

[PROTOCOL-SPECIFIC COUNTERS - CIC-DDoS-2019 Features]
  NTP Amplification:
    Monlist queries:  0
    Responses:        0  (avg size: 0 bytes)
  DNS Amplification:
    ANY queries:      0
    TXT queries:      0
    Responses:        444956315  (avg size: 108 bytes)
  SNMP Amplification:
    GetBulk requests: 0
    Responses:        0  (avg size: 0 bytes)
  SSDP:
    M-SEARCH packets: 0
    Responses:        9725
  PortMapper:
    GETPORT calls:    0
    DUMP calls:       0
  NetBIOS:
    Name queries:     0
    Datagram packets: 0
  LDAP:
    Bind requests:    0
    Search requests:  589206943
  MSSQL:
    SQLBatch packets: 0
    RPC packets:      0
  TFTP:
    RRQ (read) pkts:  0
    WRQ (write) pkts: 0

[ATTACK DETECTIONS - Cumulative Events]
  UDP flood events:   0
  UDP-lag events:     0
  SYN flood events:   0
  HTTP flood events:  0
  ICMP flood events:  0
  DNS amp events:     0
  NTP amp events:     0
  SNMP amp events:    0
  SSDP events:        0
  PortMap events:     0
  NetBIOS events:     0
  LDAP events:        4925
  MSSQL events:       0
  TFTP events:        0
  ACK flood events:   0
  Frag attack events: 0
  Heavy-hitter events:4965 (OctoSketch per-IP detection)
  Packet flood events:0
  (Note: Events count IPs exceeding thresholds per 50ms window)

[ALERT STATUS]
  Alert level:        [1;31mHIGH[0m
  Reason:             [1;31mLDAP detected: 2160727 pps | HEAVY-HITTER: 10.10.3.106 @ 11800 pps | TREND: attack rising (+584704/250ms) | [0m

[MULTI-LF (2025) COMPARISON]
=== Detection Performance vs ML-Based System ===

  First Detection Latency:   3425.89 ms (vs MULTI-LF: 866 ms)
    Improvement:             0.3× faster

  Packets until detection:   1106353308
  Bytes until detection:     135675220297 (129389.97 MB)

[OCTOSKETCH METRICS - Optimized Architecture]
=== Per-Worker Sketches + Sampling (1/32 packets) ===

  Architecture:              Per-worker (NO atomics, NO contention)
  Total sketch memory:       8961 KB (14 workers × 640.1 KB)
  Sampling rate:             1 in 32 packets (3.1% overhead)
  Attack traffic sampled:    5833024 updates
  Estimated attack packets:  186656768 (×32 sampling factor)
  Sketch overhead:           ~1.56% of fast-path cycles
  Memory efficiency:         O(1) constant, 640.1 KB per worker

[OCTOSKETCH HEAVY-HITTER DETECTION]
=== Top Attackers (per-IP tracking via Count-Min Sketch) ===

  Heavy-hitter threshold:    5000 pps per IP
  Heavy-hitters detected:    5 IPs exceeding threshold
  Total HH detections:       4965 events

  Top 5 Attackers (estimated counts, ×32 sampling):
    #1: 10.10.3.106 - 31904 pkts (6377 pps) [HEAVY-HITTER]
    #2: 10.10.3.13 - 31648 pkts (6325 pps) [HEAVY-HITTER]
    #3: 10.10.3.149 - 31488 pkts (6293 pps) [HEAVY-HITTER]
    #4: 10.10.3.115 - 31456 pkts (6287 pps) [HEAVY-HITTER]
    #5: 10.10.3.19 - 31360 pkts (6268 pps) [HEAVY-HITTER]

[RING BUFFER + MULTI-SCALE FEATURES]
=== Temporal Analysis (last 100 windows = 5.0 sec) ===

  Windows processed:         7650
  Buffer utilization:        100/100 (100.0%)
  Running baseline (ML):     5688070 pps (for ML features only)
  Detection mode:            FIXED THRESHOLDS

  [Temporal Features - Last Window]
    Delta PPS (250ms):       +584704
    Delta PPS (500ms):       +1171200
    PPS Variance:            456063549440
    Ratio vs Baseline:       1.89x

  [Multi-Scale Features]
    Top IP (50ms):           320 pps
    Top IP (1s):             6816 pps
    Top IP (1min):           4597 pps
    Burst Ratio (50ms/1min): 0.07x
    IP Concentration:        0.8%

[MULTIPLE DETECTION STATISTICS]
=== Aggregate Detection Analysis ===

  Total detection events:    4925
  Average detection latency: 55.36 ms
  Min detection latency:     53.94 ms
  Max detection latency:     3425.89 ms
  Latency range:             3371.94 ms

  Detection Latency Histogram:
    < 20 ms:  0 detections (0.0%)
    20-30 ms: 0 detections (0.0%)
    30-40 ms: 0 detections (0.0%)
    40-50 ms: 0 detections (0.0%)
    > 50 ms:  4924 detections (100.0%)

[PERFORMANCE METRICS]
  Throughput:         5.30 Gbps (7.32 Mpps)
  Cycles available:   408 cycles/pkt (lower = higher load)
  Active IPs:         0
  Worker threads:     14 (lcores 1-14)

[DPDK NIC STATISTICS]
  RX packets (NIC):   3851476650
  RX dropped (HW):    [0m0[0m (imissed)
  RX no mbufs:        [0m0[0m (buffer exhaustion)
  RX errors:          0
  Total drops:        [0m0 (0.00%)[0m
  RX burst calls:     94969578170 (97.7% empty)
  Processed pkts:     3851480476 (100.0% of NIC RX)


╔═══════════════════════════════════════════════════════════════════════╗
║          MIRA DDoS DETECTOR - STATISTICS (MULTI-CORE)                ║
╚═══════════════════════════════════════════════════════════════════════╝

[PACKET COUNTERS - GLOBAL]
  Total packets:      3901999765
  Baseline (10.10.2.x): 2085384300 (53.4%)
  Attack (10.10.3.x): 600033498 (15.4%)
  TCP packets:        2073911217
  UDP packets:        1644428054
  ICMP packets:       183660494

[INSTANTANEOUS TRAFFIC - Last 5.0 seconds]
  Baseline (10.10.2.x): 25858730 pkts (70.5%)  2440887653 bytes  3.90 Gbps
  Attack (10.10.3.x): 10816577 pkts (29.5%)  939363480 bytes  1.50 Gbps
  Total throughput:   5.40 Gbps  (avg pkt: 92 bytes)

[CUMULATIVE TRAFFIC - Since first packet (409.8s)]
  Total received:     3901999765 pkts (9.52 Mpps) | 8.69 Gbps | 445208287334 bytes

[ATTACK-SPECIFIC COUNTERS]
  SYN packets:        559237603
  SYN-ACK packets:    279618516
  SYN/ACK ratio:      2.00
  HTTP requests:      990515970
  DNS queries:        448928385

[PROTOCOL-SPECIFIC COUNTERS - CIC-DDoS-2019 Features]
  NTP Amplification:
    Monlist queries:  0
    Responses:        0  (avg size: 0 bytes)
  DNS Amplification:
    ANY queries:      0
    TXT queries:      0
    Responses:        448928369  (avg size: 108 bytes)
  SNMP Amplification:
    GetBulk requests: 0
    Responses:        0  (avg size: 0 bytes)
  SSDP:
    M-SEARCH packets: 0
    Responses:        9910
  PortMapper:
    GETPORT calls:    0
    DUMP calls:       0
  NetBIOS:
    Name queries:     0
    Datagram packets: 0
  LDAP:
    Bind requests:    0
    Search requests:  600023588
  MSSQL:
    SQLBatch packets: 0
    RPC packets:      0
  TFTP:
    RRQ (read) pkts:  0
    WRQ (write) pkts: 0

[ATTACK DETECTIONS - Cumulative Events]
  UDP flood events:   0
  UDP-lag events:     0
  SYN flood events:   0
  HTTP flood events:  0
  ICMP flood events:  0
  DNS amp events:     0
  NTP amp events:     0
  SNMP amp events:    0
  SSDP events:        0
  PortMap events:     0
  NetBIOS events:     0
  LDAP events:        5016
  MSSQL events:       0
  TFTP events:        0
  ACK flood events:   0
  Frag attack events: 0
  Heavy-hitter events:5056 (OctoSketch per-IP detection)
  Packet flood events:0
  (Note: Events count IPs exceeding thresholds per 50ms window)

[ALERT STATUS]
  Alert level:        [1;31mHIGH[0m
  Reason:             [1;31mLDAP detected: 2160669 pps | HEAVY-HITTER: 10.10.3.46 @ 11745 pps | TREND: attack rising (+585472/250ms) | [0m

[MULTI-LF (2025) COMPARISON]
=== Detection Performance vs ML-Based System ===

  First Detection Latency:   3425.89 ms (vs MULTI-LF: 866 ms)
    Improvement:             0.3× faster

  Packets until detection:   1106353308
  Bytes until detection:     135675220297 (129389.97 MB)

[OCTOSKETCH METRICS - Optimized Architecture]
=== Per-Worker Sketches + Sampling (1/32 packets) ===

  Architecture:              Per-worker (NO atomics, NO contention)
  Total sketch memory:       8961 KB (14 workers × 640.1 KB)
  Sampling rate:             1 in 32 packets (3.1% overhead)
  Attack traffic sampled:    5713472 updates
  Estimated attack packets:  182831104 (×32 sampling factor)
  Sketch overhead:           ~1.56% of fast-path cycles
  Memory efficiency:         O(1) constant, 640.1 KB per worker

[OCTOSKETCH HEAVY-HITTER DETECTION]
=== Top Attackers (per-IP tracking via Count-Min Sketch) ===

  Heavy-hitter threshold:    5000 pps per IP
  Heavy-hitters detected:    5 IPs exceeding threshold
  Total HH detections:       5056 events

  Top 5 Attackers (estimated counts, ×32 sampling):
    #1: 10.10.3.46 - 31104 pkts (6213 pps) [HEAVY-HITTER]
    #2: 10.10.3.182 - 30976 pkts (6188 pps) [HEAVY-HITTER]
    #3: 10.10.3.191 - 30784 pkts (6149 pps) [HEAVY-HITTER]
    #4: 10.10.3.188 - 30592 pkts (6111 pps) [HEAVY-HITTER]
    #5: 10.10.3.25 - 30496 pkts (6092 pps) [HEAVY-HITTER]

[RING BUFFER + MULTI-SCALE FEATURES]
=== Temporal Analysis (last 100 windows = 5.0 sec) ===

  Windows processed:         7741
  Buffer utilization:        100/100 (100.0%)
  Running baseline (ML):     5741026 pps (for ML features only)
  Detection mode:            FIXED THRESHOLDS

  [Temporal Features - Last Window]
    Delta PPS (250ms):       +585472
    Delta PPS (500ms):       +1169518
    PPS Variance:            453613322240
    Ratio vs Baseline:       1.87x

  [Multi-Scale Features]
    Top IP (50ms):           387 pps
    Top IP (1s):             1024 pps
    Top IP (1min):           5503 pps
    Burst Ratio (50ms/1min): 0.07x
    IP Concentration:        0.9%

[MULTIPLE DETECTION STATISTICS]
=== Aggregate Detection Analysis ===

  Total detection events:    5016
  Average detection latency: 55.35 ms
  Min detection latency:     53.94 ms
  Max detection latency:     3425.89 ms
  Latency range:             3371.94 ms

  Detection Latency Histogram:
    < 20 ms:  0 detections (0.0%)
    20-30 ms: 0 detections (0.0%)
    30-40 ms: 0 detections (0.0%)
    40-50 ms: 0 detections (0.0%)
    > 50 ms:  5015 detections (100.0%)

[PERFORMANCE METRICS]
  Throughput:         5.40 Gbps (7.33 Mpps)
  Cycles available:   408 cycles/pkt (lower = higher load)
  Active IPs:         0
  Worker threads:     14 (lcores 1-14)

[DPDK NIC STATISTICS]
  RX packets (NIC):   3901996238
  RX dropped (HW):    [0m0[0m (imissed)
  RX no mbufs:        [0m0[0m (buffer exhaustion)
  RX errors:          0
  Total drops:        [0m0 (0.00%)[0m
  RX burst calls:     96039590773 (97.7% empty)
  Processed pkts:     3901999765 (100.0% of NIC RX)


╔═══════════════════════════════════════════════════════════════════════╗
║          MIRA DDoS DETECTOR - STATISTICS (MULTI-CORE)                ║
╚═══════════════════════════════════════════════════════════════════════╝

[PACKET COUNTERS - GLOBAL]
  Total packets:      3952468422
  Baseline (10.10.2.x): 2111219983 (53.4%)
  Attack (10.10.3.x): 610838684 (15.5%)
  TCP packets:        2101676769
  UDP packets:        1664924233
  ICMP packets:       185867420

[INSTANTANEOUS TRAFFIC - Last 5.0 seconds]
  Baseline (10.10.2.x): 25835335 pkts (70.5%)  2439100199 bytes  3.90 Gbps
  Attack (10.10.3.x): 10804992 pkts (29.5%)  875204352 bytes  1.40 Gbps
  Total throughput:   5.30 Gbps  (avg pkt: 90 bytes)

[CUMULATIVE TRAFFIC - Since first packet (414.8s)]
  Total received:     3952468422 pkts (9.53 Mpps) | 8.70 Gbps | 450909231334 bytes

[ATTACK-SPECIFIC COUNTERS]
  SYN packets:        566840109
  SYN-ACK packets:    283419768
  SYN/ACK ratio:      2.00
  HTTP requests:      1002911167
  DNS queries:        452893391

[PROTOCOL-SPECIFIC COUNTERS - CIC-DDoS-2019 Features]
  NTP Amplification:
    Monlist queries:  0
    Responses:        0  (avg size: 0 bytes)
  DNS Amplification:
    ANY queries:      0
    TXT queries:      0
    Responses:        452893379  (avg size: 108 bytes)
  SNMP Amplification:
    GetBulk requests: 0
    Responses:        0  (avg size: 0 bytes)
  SSDP:
    M-SEARCH packets: 0
    Responses:        10085
  PortMapper:
    GETPORT calls:    0
    DUMP calls:       0
  NetBIOS:
    Name queries:     0
    Datagram packets: 0
  LDAP:
    Bind requests:    0
    Search requests:  610828599
  MSSQL:
    SQLBatch packets: 0
    RPC packets:      0
  TFTP:
    RRQ (read) pkts:  0
    WRQ (write) pkts: 0

[ATTACK DETECTIONS - Cumulative Events]
  UDP flood events:   0
  UDP-lag events:     0
  SYN flood events:   0
  HTTP flood events:  0
  ICMP flood events:  0
  DNS amp events:     0
  NTP amp events:     0
  SNMP amp events:    0
  SSDP events:        0
  PortMap events:     0
  NetBIOS events:     0
  LDAP events:        5108
  MSSQL events:       0
  TFTP events:        0
  ACK flood events:   0
  Frag attack events: 0
  Heavy-hitter events:5148 (OctoSketch per-IP detection)
  Packet flood events:0
  (Note: Events count IPs exceeding thresholds per 50ms window)

[ALERT STATUS]
  Alert level:        [1;31mHIGH[0m
  Reason:             [1;31mLDAP detected: 2160561 pps | HEAVY-HITTER: 10.10.3.175 @ 11955 pps | TREND: attack rising (+584192/250ms) | [0m

[MULTI-LF (2025) COMPARISON]
=== Detection Performance vs ML-Based System ===

  First Detection Latency:   3425.89 ms (vs MULTI-LF: 866 ms)
    Improvement:             0.3× faster

  Packets until detection:   1106353308
  Bytes until detection:     135675220297 (129389.97 MB)

[OCTOSKETCH METRICS - Optimized Architecture]
=== Per-Worker Sketches + Sampling (1/32 packets) ===

  Architecture:              Per-worker (NO atomics, NO contention)
  Total sketch memory:       8961 KB (14 workers × 640.1 KB)
  Sampling rate:             1 in 32 packets (3.1% overhead)
  Attack traffic sampled:    5716640 updates
  Estimated attack packets:  182932480 (×32 sampling factor)
  Sketch overhead:           ~1.56% of fast-path cycles
  Memory efficiency:         O(1) constant, 640.1 KB per worker

[OCTOSKETCH HEAVY-HITTER DETECTION]
=== Top Attackers (per-IP tracking via Count-Min Sketch) ===

  Heavy-hitter threshold:    5000 pps per IP
  Heavy-hitters detected:    5 IPs exceeding threshold
  Total HH detections:       5148 events

  Top 5 Attackers (estimated counts, ×32 sampling):
    #1: 10.10.3.175 - 31680 pkts (6335 pps) [HEAVY-HITTER]
    #2: 10.10.3.67 - 31584 pkts (6316 pps) [HEAVY-HITTER]
    #3: 10.10.3.14 - 30912 pkts (6182 pps) [HEAVY-HITTER]
    #4: 10.10.3.172 - 30848 pkts (6169 pps) [HEAVY-HITTER]
    #5: 10.10.3.118 - 30752 pkts (6150 pps) [HEAVY-HITTER]

[RING BUFFER + MULTI-SCALE FEATURES]
=== Temporal Analysis (last 100 windows = 5.0 sec) ===

  Windows processed:         7833
  Buffer utilization:        100/100 (100.0%)
  Running baseline (ML):     5683876 pps (for ML features only)
  Detection mode:            FIXED THRESHOLDS

  [Temporal Features - Last Window]
    Delta PPS (250ms):       +584192
    Delta PPS (500ms):       +1168640
    PPS Variance:            455316406272
    Ratio vs Baseline:       1.90x

  [Multi-Scale Features]
    Top IP (50ms):           386 pps
    Top IP (1s):             8832 pps
    Top IP (1min):           6419 pps
    Burst Ratio (50ms/1min): 0.06x
    IP Concentration:        0.9%

[MULTIPLE DETECTION STATISTICS]
=== Aggregate Detection Analysis ===

  Total detection events:    5108
  Average detection latency: 55.34 ms
  Min detection latency:     53.94 ms
  Max detection latency:     3425.89 ms
  Latency range:             3371.94 ms

  Detection Latency Histogram:
    < 20 ms:  0 detections (0.0%)
    20-30 ms: 0 detections (0.0%)
    30-40 ms: 0 detections (0.0%)
    40-50 ms: 0 detections (0.0%)
    > 50 ms:  5107 detections (100.0%)

[PERFORMANCE METRICS]
  Throughput:         5.30 Gbps (7.33 Mpps)
  Cycles available:   408 cycles/pkt (lower = higher load)
  Active IPs:         0
  Worker threads:     14 (lcores 1-14)

[DPDK NIC STATISTICS]
  RX packets (NIC):   3952464810
  RX dropped (HW):    [0m0[0m (imissed)
  RX no mbufs:        [0m0[0m (buffer exhaustion)
  RX errors:          0
  Total drops:        [0m0 (0.00%)[0m
  RX burst calls:     97108271594 (97.7% empty)
  Processed pkts:     3952468422 (100.0% of NIC RX)


╔═══════════════════════════════════════════════════════════════════════╗
║          MIRA DDoS DETECTOR - STATISTICS (MULTI-CORE)                ║
╚═══════════════════════════════════════════════════════════════════════╝

[PACKET COUNTERS - GLOBAL]
  Total packets:      4002986699
  Baseline (10.10.2.x): 2137078478 (53.4%)
  Attack (10.10.3.x): 621658240 (15.5%)
  TCP packets:        2129467301
  UDP packets:        1685444784
  ICMP packets:       188074614

[INSTANTANEOUS TRAFFIC - Last 5.0 seconds]
  Baseline (10.10.2.x): 25858039 pkts (70.5%)  2441135267 bytes  3.90 Gbps
  Attack (10.10.3.x): 10819309 pkts (29.5%)  876364920 bytes  1.40 Gbps
  Total throughput:   5.30 Gbps  (avg pkt: 90 bytes)

[CUMULATIVE TRAFFIC - Since first packet (419.8s)]
  Total received:     4002986699 pkts (9.53 Mpps) | 8.70 Gbps | 456615471869 bytes

[ATTACK-SPECIFIC COUNTERS]
  SYN packets:        574449663
  SYN-ACK packets:    287224542
  SYN/ACK ratio:      2.00
  HTTP requests:      1015316167
  DNS queries:        456863275

[PROTOCOL-SPECIFIC COUNTERS - CIC-DDoS-2019 Features]
  NTP Amplification:
    Monlist queries:  0
    Responses:        0  (avg size: 0 bytes)
  DNS Amplification:
    ANY queries:      0
    TXT queries:      0
    Responses:        456863259  (avg size: 108 bytes)
  SNMP Amplification:
    GetBulk requests: 0
    Responses:        0  (avg size: 0 bytes)
  SSDP:
    M-SEARCH packets: 0
    Responses:        10259
  PortMapper:
    GETPORT calls:    0
    DUMP calls:       0
  NetBIOS:
    Name queries:     0
    Datagram packets: 0
  LDAP:
    Bind requests:    0
    Search requests:  621647981
  MSSQL:
    SQLBatch packets: 0
    RPC packets:      0
  TFTP:
    RRQ (read) pkts:  0
    WRQ (write) pkts: 0

[ATTACK DETECTIONS - Cumulative Events]
  UDP flood events:   0
  UDP-lag events:     0
  SYN flood events:   0
  HTTP flood events:  0
  ICMP flood events:  0
  DNS amp events:     0
  NTP amp events:     0
  SNMP amp events:    0
  SSDP events:        0
  PortMap events:     0
  NetBIOS events:     0
  LDAP events:        5199
  MSSQL events:       0
  TFTP events:        0
  ACK flood events:   0
  Frag attack events: 0
  Heavy-hitter events:5239 (OctoSketch per-IP detection)
  Packet flood events:0
  (Note: Events count IPs exceeding thresholds per 50ms window)

[ALERT STATUS]
  Alert level:        [1;31mHIGH[0m
  Reason:             [1;31mLDAP detected: 2160601 pps | HEAVY-HITTER: 10.10.3.131 @ 11565 pps | TREND: attack rising (+586048/250ms) | [0m

[MULTI-LF (2025) COMPARISON]
=== Detection Performance vs ML-Based System ===

  First Detection Latency:   3425.89 ms (vs MULTI-LF: 866 ms)
    Improvement:             0.3× faster

  Packets until detection:   1106353308
  Bytes until detection:     135675220297 (129389.97 MB)

[OCTOSKETCH METRICS - Optimized Architecture]
=== Per-Worker Sketches + Sampling (1/32 packets) ===

  Architecture:              Per-worker (NO atomics, NO contention)
  Total sketch memory:       8961 KB (14 workers × 640.1 KB)
  Sampling rate:             1 in 32 packets (3.1% overhead)
  Attack traffic sampled:    5598720 updates
  Estimated attack packets:  179159040 (×32 sampling factor)
  Sketch overhead:           ~1.56% of fast-path cycles
  Memory efficiency:         O(1) constant, 640.1 KB per worker

[OCTOSKETCH HEAVY-HITTER DETECTION]
=== Top Attackers (per-IP tracking via Count-Min Sketch) ===

  Heavy-hitter threshold:    5000 pps per IP
  Heavy-hitters detected:    5 IPs exceeding threshold
  Total HH detections:       5239 events

  Top 5 Attackers (estimated counts, ×32 sampling):
    #1: 10.10.3.131 - 30016 pkts (5994 pps) [HEAVY-HITTER]
    #2: 10.10.3.100 - 29888 pkts (5969 pps) [HEAVY-HITTER]
    #3: 10.10.3.8 - 29600 pkts (5911 pps) [HEAVY-HITTER]
    #4: 10.10.3.128 - 29568 pkts (5905 pps) [HEAVY-HITTER]
    #5: 10.10.3.68 - 29536 pkts (5899 pps) [HEAVY-HITTER]

[RING BUFFER + MULTI-SCALE FEATURES]
=== Temporal Analysis (last 100 windows = 5.0 sec) ===

  Windows processed:         7924
  Buffer utilization:        100/100 (100.0%)
  Running baseline (ML):     5740304 pps (for ML features only)
  Detection mode:            FIXED THRESHOLDS

  [Temporal Features - Last Window]
    Delta PPS (250ms):       +586048
    Delta PPS (500ms):       +1170240
    PPS Variance:            454677495808
    Ratio vs Baseline:       1.87x

  [Multi-Scale Features]
    Top IP (50ms):           407 pps
    Top IP (1s):             3072 pps
    Top IP (1min):           7329 pps
    Burst Ratio (50ms/1min): 0.06x
    IP Concentration:        1.0%

[MULTIPLE DETECTION STATISTICS]
=== Aggregate Detection Analysis ===

  Total detection events:    5199
  Average detection latency: 55.33 ms
  Min detection latency:     53.94 ms
  Max detection latency:     3425.89 ms
  Latency range:             3371.94 ms

  Detection Latency Histogram:
    < 20 ms:  0 detections (0.0%)
    20-30 ms: 0 detections (0.0%)
    30-40 ms: 0 detections (0.0%)
    40-50 ms: 0 detections (0.0%)
    > 50 ms:  5198 detections (100.0%)

[PERFORMANCE METRICS]
  Throughput:         5.30 Gbps (7.32 Mpps)
  Cycles available:   408 cycles/pkt (lower = higher load)
  Active IPs:         0
  Worker threads:     14 (lcores 1-14)

[DPDK NIC STATISTICS]
  RX packets (NIC):   4002983338
  RX dropped (HW):    [0m0[0m (imissed)
  RX no mbufs:        [0m0[0m (buffer exhaustion)
  RX errors:          0
  Total drops:        [0m0 (0.00%)[0m
  RX burst calls:     98178496591 (97.7% empty)
  Processed pkts:     4002986699 (100.0% of NIC RX)


╔═══════════════════════════════════════════════════════════════════════╗
║          MIRA DDoS DETECTOR - STATISTICS (MULTI-CORE)                ║
╚═══════════════════════════════════════════════════════════════════════╝

[PACKET COUNTERS - GLOBAL]
  Total packets:      4053440629
  Baseline (10.10.2.x): 2162904328 (53.4%)
  Attack (10.10.3.x): 632463370 (15.6%)
  TCP packets:        2157219522
  UDP packets:        1705940159
  ICMP packets:       190280948

[INSTANTANEOUS TRAFFIC - Last 5.0 seconds]
  Baseline (10.10.2.x): 25825235 pkts (70.5%)  2438234181 bytes  3.90 Gbps
  Attack (10.10.3.x): 10805107 pkts (29.5%)  875213829 bytes  1.40 Gbps
  Total throughput:   5.30 Gbps  (avg pkt: 90 bytes)

[CUMULATIVE TRAFFIC - Since first packet (424.9s)]
  Total received:     4053440629 pkts (9.54 Mpps) | 8.71 Gbps | 462314487771 bytes

[ATTACK-SPECIFIC COUNTERS]
  SYN packets:        582048728
  SYN-ACK packets:    291024066
  SYN/ACK ratio:      2.00
  HTTP requests:      1027703969
  DNS queries:        460828413

[PROTOCOL-SPECIFIC COUNTERS - CIC-DDoS-2019 Features]
  NTP Amplification:
    Monlist queries:  0
    Responses:        0  (avg size: 0 bytes)
  DNS Amplification:
    ANY queries:      0
    TXT queries:      0
    Responses:        460828401  (avg size: 108 bytes)
  SNMP Amplification:
    GetBulk requests: 0
    Responses:        0  (avg size: 0 bytes)
  SSDP:
    M-SEARCH packets: 0
    Responses:        10440
  PortMapper:
    GETPORT calls:    0
    DUMP calls:       0
  NetBIOS:
    Name queries:     0
    Datagram packets: 0
  LDAP:
    Bind requests:    0
    Search requests:  632452930
  MSSQL:
    SQLBatch packets: 0
    RPC packets:      0
  TFTP:
    RRQ (read) pkts:  0
    WRQ (write) pkts: 0

[ATTACK DETECTIONS - Cumulative Events]
  UDP flood events:   0
  UDP-lag events:     0
  SYN flood events:   0
  HTTP flood events:  0
  ICMP flood events:  0
  DNS amp events:     0
  NTP amp events:     0
  SNMP amp events:    0
  SSDP events:        0
  PortMap events:     0
  NetBIOS events:     0
  LDAP events:        5291
  MSSQL events:       0
  TFTP events:        0
  ACK flood events:   0
  Frag attack events: 0
  Heavy-hitter events:5331 (OctoSketch per-IP detection)
  Packet flood events:0
  (Note: Events count IPs exceeding thresholds per 50ms window)

[ALERT STATUS]
  Alert level:        [1;31mHIGH[0m
  Reason:             [1;31mLDAP detected: 2160667 pps | HEAVY-HITTER: 10.10.3.153 @ 11888 pps | TREND: attack rising (+584448/250ms) | [0m

[MULTI-LF (2025) COMPARISON]
=== Detection Performance vs ML-Based System ===

  First Detection Latency:   3425.89 ms (vs MULTI-LF: 866 ms)
    Improvement:             0.3× faster

  Packets until detection:   1106353308
  Bytes until detection:     135675220297 (129389.97 MB)

[OCTOSKETCH METRICS - Optimized Architecture]
=== Per-Worker Sketches + Sampling (1/32 packets) ===

  Architecture:              Per-worker (NO atomics, NO contention)
  Total sketch memory:       8961 KB (14 workers × 640.1 KB)
  Sampling rate:             1 in 32 packets (3.1% overhead)
  Attack traffic sampled:    5597792 updates
  Estimated attack packets:  179129344 (×32 sampling factor)
  Sketch overhead:           ~1.56% of fast-path cycles
  Memory efficiency:         O(1) constant, 640.1 KB per worker

[OCTOSKETCH HEAVY-HITTER DETECTION]
=== Top Attackers (per-IP tracking via Count-Min Sketch) ===

  Heavy-hitter threshold:    5000 pps per IP
  Heavy-hitters detected:    5 IPs exceeding threshold
  Total HH detections:       5331 events

  Top 5 Attackers (estimated counts, ×32 sampling):
    #1: 10.10.3.153 - 30848 pkts (6169 pps) [HEAVY-HITTER]
    #2: 10.10.3.199 - 30720 pkts (6143 pps) [HEAVY-HITTER]
    #3: 10.10.3.22 - 30272 pkts (6053 pps) [HEAVY-HITTER]
    #4: 10.10.3.151 - 30208 pkts (6041 pps) [HEAVY-HITTER]
    #5: 10.10.3.197 - 30208 pkts (6041 pps) [HEAVY-HITTER]

[RING BUFFER + MULTI-SCALE FEATURES]
=== Temporal Analysis (last 100 windows = 5.0 sec) ===

  Windows processed:         8016
  Buffer utilization:        100/100 (100.0%)
  Running baseline (ML):     5683814 pps (for ML features only)
  Detection mode:            FIXED THRESHOLDS

  [Temporal Features - Last Window]
    Delta PPS (250ms):       +584448
    Delta PPS (500ms):       +1168640
    PPS Variance:            455594409984
    Ratio vs Baseline:       1.90x

  [Multi-Scale Features]
    Top IP (50ms):           358 pps
    Top IP (1s):             10784 pps
    Top IP (1min):           8227 pps
    Burst Ratio (50ms/1min): 0.04x
    IP Concentration:        0.8%

[MULTIPLE DETECTION STATISTICS]
=== Aggregate Detection Analysis ===

  Total detection events:    5291
  Average detection latency: 55.32 ms
  Min detection latency:     53.94 ms
  Max detection latency:     3425.89 ms
  Latency range:             3371.94 ms

  Detection Latency Histogram:
    < 20 ms:  0 detections (0.0%)
    20-30 ms: 0 detections (0.0%)
    30-40 ms: 0 detections (0.0%)
    40-50 ms: 0 detections (0.0%)
    > 50 ms:  5290 detections (100.0%)

[PERFORMANCE METRICS]
  Throughput:         5.30 Gbps (7.32 Mpps)
  Cycles available:   408 cycles/pkt (lower = higher load)
  Active IPs:         0
  Worker threads:     14 (lcores 1-14)

[DPDK NIC STATISTICS]
  RX packets (NIC):   4053437354
  RX dropped (HW):    [0m0[0m (imissed)
  RX no mbufs:        [0m0[0m (buffer exhaustion)
  RX errors:          0
  Total drops:        [0m0 (0.00%)[0m
  RX burst calls:     99247560039 (97.7% empty)
  Processed pkts:     4053440629 (100.0% of NIC RX)


╔═══════════════════════════════════════════════════════════════════════╗
║          MIRA DDoS DETECTOR - STATISTICS (MULTI-CORE)                ║
╚═══════════════════════════════════════════════════════════════════════╝

[PACKET COUNTERS - GLOBAL]
  Total packets:      4103937108
  Baseline (10.10.2.x): 2188752348 (53.3%)
  Attack (10.10.3.x): 643279444 (15.7%)
  TCP packets:        2184996444
  UDP packets:        1726455606
  ICMP packets:       192485058

[INSTANTANEOUS TRAFFIC - Last 5.0 seconds]
  Baseline (10.10.2.x): 25847403 pkts (70.5%)  2440568628 bytes  3.90 Gbps
  Attack (10.10.3.x): 10815943 pkts (29.5%)  876091140 bytes  1.40 Gbps
  Total throughput:   5.30 Gbps  (avg pkt: 90 bytes)

[CUMULATIVE TRAFFIC - Since first packet (429.9s)]
  Total received:     4103937108 pkts (9.55 Mpps) | 8.71 Gbps | 468018580070 bytes

[ATTACK-SPECIFIC COUNTERS]
  SYN packets:        589654643
  SYN-ACK packets:    294827024
  SYN/ACK ratio:      2.00
  HTTP requests:      1040102305
  DNS queries:        464796485

[PROTOCOL-SPECIFIC COUNTERS - CIC-DDoS-2019 Features]
  NTP Amplification:
    Monlist queries:  0
    Responses:        0  (avg size: 0 bytes)
  DNS Amplification:
    ANY queries:      0
    TXT queries:      0
    Responses:        464796473  (avg size: 108 bytes)
  SNMP Amplification:
    GetBulk requests: 0
    Responses:        0  (avg size: 0 bytes)
  SSDP:
    M-SEARCH packets: 0
    Responses:        10620
  PortMapper:
    GETPORT calls:    0
    DUMP calls:       0
  NetBIOS:
    Name queries:     0
    Datagram packets: 0
  LDAP:
    Bind requests:    0
    Search requests:  643268817
  MSSQL:
    SQLBatch packets: 0
    RPC packets:      0
  TFTP:
    RRQ (read) pkts:  0
    WRQ (write) pkts: 0

[ATTACK DETECTIONS - Cumulative Events]
  UDP flood events:   0
  UDP-lag events:     0
  SYN flood events:   0
  HTTP flood events:  0
  ICMP flood events:  0
  DNS amp events:     0
  NTP amp events:     0
  SNMP amp events:    0
  SSDP events:        0
  PortMap events:     0
  NetBIOS events:     0
  LDAP events:        5382
  MSSQL events:       0
  TFTP events:        0
  ACK flood events:   0
  Frag attack events: 0
  Heavy-hitter events:5422 (OctoSketch per-IP detection)
  Packet flood events:0
  (Note: Events count IPs exceeding thresholds per 50ms window)

[ALERT STATUS]
  Alert level:        [1;31mHIGH[0m
  Reason:             [1;31mLDAP detected: 2160610 pps | HEAVY-HITTER: 10.10.3.114 @ 11594 pps | TREND: attack rising (+584192/250ms) | [0m

[MULTI-LF (2025) COMPARISON]
=== Detection Performance vs ML-Based System ===

  First Detection Latency:   3425.89 ms (vs MULTI-LF: 866 ms)
    Improvement:             0.3× faster

  Packets until detection:   1106353308
  Bytes until detection:     135675220297 (129389.97 MB)

[OCTOSKETCH METRICS - Optimized Architecture]
=== Per-Worker Sketches + Sampling (1/32 packets) ===

  Architecture:              Per-worker (NO atomics, NO contention)
  Total sketch memory:       8961 KB (14 workers × 640.1 KB)
  Sampling rate:             1 in 32 packets (3.1% overhead)
  Attack traffic sampled:    5477728 updates
  Estimated attack packets:  175287296 (×32 sampling factor)
  Sketch overhead:           ~1.56% of fast-path cycles
  Memory efficiency:         O(1) constant, 640.1 KB per worker

[OCTOSKETCH HEAVY-HITTER DETECTION]
=== Top Attackers (per-IP tracking via Count-Min Sketch) ===

  Heavy-hitter threshold:    5000 pps per IP
  Heavy-hitters detected:    5 IPs exceeding threshold
  Total HH detections:       5422 events

  Top 5 Attackers (estimated counts, ×32 sampling):
    #1: 10.10.3.114 - 29440 pkts (5881 pps) [HEAVY-HITTER]
    #2: 10.10.3.191 - 29344 pkts (5862 pps) [HEAVY-HITTER]
    #3: 10.10.3.38 - 29280 pkts (5849 pps) [HEAVY-HITTER]
    #4: 10.10.3.155 - 29280 pkts (5849 pps) [HEAVY-HITTER]
    #5: 10.10.3.148 - 29152 pkts (5824 pps) [HEAVY-HITTER]

[RING BUFFER + MULTI-SCALE FEATURES]
=== Temporal Analysis (last 100 windows = 5.0 sec) ===

  Windows processed:         8107
  Buffer utilization:        100/100 (100.0%)
  Running baseline (ML):     5738226 pps (for ML features only)
  Detection mode:            FIXED THRESHOLDS

  [Temporal Features - Last Window]
    Delta PPS (250ms):       +584192
    Delta PPS (500ms):       +1169920
    PPS Variance:            454681493504
    Ratio vs Baseline:       1.87x

  [Multi-Scale Features]
    Top IP (50ms):           416 pps
    Top IP (1s):             5184 pps
    Top IP (1min):           9115 pps
    Burst Ratio (50ms/1min): 0.05x
    IP Concentration:        1.0%

[MULTIPLE DETECTION STATISTICS]
=== Aggregate Detection Analysis ===

  Total detection events:    5382
  Average detection latency: 55.31 ms
  Min detection latency:     53.94 ms
  Max detection latency:     3425.89 ms
  Latency range:             3371.94 ms

  Detection Latency Histogram:
    < 20 ms:  0 detections (0.0%)
    20-30 ms: 0 detections (0.0%)
    30-40 ms: 0 detections (0.0%)
    40-50 ms: 0 detections (0.0%)
    > 50 ms:  5381 detections (100.0%)

[PERFORMANCE METRICS]
  Throughput:         5.30 Gbps (7.32 Mpps)
  Cycles available:   408 cycles/pkt (lower = higher load)
  Active IPs:         0
  Worker threads:     14 (lcores 1-14)

[DPDK NIC STATISTICS]
  RX packets (NIC):   4103933099
  RX dropped (HW):    [0m0[0m (imissed)
  RX no mbufs:        [0m0[0m (buffer exhaustion)
  RX errors:          0
  Total drops:        [0m0 (0.00%)[0m
  RX burst calls:     100317395774 (97.7% empty)
  Processed pkts:     4103937108 (100.0% of NIC RX)


╔═══════════════════════════════════════════════════════════════════════╗
║          MIRA DDoS DETECTOR - STATISTICS (MULTI-CORE)                ║
╚═══════════════════════════════════════════════════════════════════════╝

[PACKET COUNTERS - GLOBAL]
  Total packets:      4154454870
  Baseline (10.10.2.x): 2214606351 (53.3%)
  Attack (10.10.3.x): 654103387 (15.7%)
  TCP packets:        2212782865
  UDP packets:        1746976849
  ICMP packets:       194695161

[INSTANTANEOUS TRAFFIC - Last 5.0 seconds]
  Baseline (10.10.2.x): 25853335 pkts (70.5%)  2440383995 bytes  3.90 Gbps
  Attack (10.10.3.x): 10823874 pkts (29.5%)  940069071 bytes  1.50 Gbps
  Total throughput:   5.40 Gbps  (avg pkt: 92 bytes)

[CUMULATIVE TRAFFIC - Since first packet (434.9s)]
  Total received:     4154454870 pkts (9.55 Mpps) | 8.71 Gbps | 473724235117 bytes

[ATTACK-SPECIFIC COUNTERS]
  SYN packets:        597262990
  SYN-ACK packets:    298631192
  SYN/ACK ratio:      2.00
  HTTP requests:      1052506023
  DNS queries:        468765611

[PROTOCOL-SPECIFIC COUNTERS - CIC-DDoS-2019 Features]
  NTP Amplification:
    Monlist queries:  0
    Responses:        0  (avg size: 0 bytes)
  DNS Amplification:
    ANY queries:      0
    TXT queries:      0
    Responses:        468765603  (avg size: 108 bytes)
  SNMP Amplification:
    GetBulk requests: 0
    Responses:        0  (avg size: 0 bytes)
  SSDP:
    M-SEARCH packets: 0
    Responses:        10799
  PortMapper:
    GETPORT calls:    0
    DUMP calls:       0
  NetBIOS:
    Name queries:     0
    Datagram packets: 0
  LDAP:
    Bind requests:    0
    Search requests:  654092583
  MSSQL:
    SQLBatch packets: 0
    RPC packets:      0
  TFTP:
    RRQ (read) pkts:  0
    WRQ (write) pkts: 0

[ATTACK DETECTIONS - Cumulative Events]
  UDP flood events:   0
  UDP-lag events:     0
  SYN flood events:   0
  HTTP flood events:  0
  ICMP flood events:  0
  DNS amp events:     0
  NTP amp events:     0
  SNMP amp events:    0
  SSDP events:        0
  PortMap events:     0
  NetBIOS events:     0
  LDAP events:        5474
  MSSQL events:       0
  TFTP events:        0
  ACK flood events:   0
  Frag attack events: 0
  Heavy-hitter events:5514 (OctoSketch per-IP detection)
  Packet flood events:0
  (Note: Events count IPs exceeding thresholds per 50ms window)

[ALERT STATUS]
  Alert level:        [1;31mHIGH[0m
  Reason:             [1;31mLDAP detected: 2160677 pps | HEAVY-HITTER: 10.10.3.61 @ 11907 pps | TREND: attack rising (+584169/250ms) | [0m

[MULTI-LF (2025) COMPARISON]
=== Detection Performance vs ML-Based System ===

  First Detection Latency:   3425.89 ms (vs MULTI-LF: 866 ms)
    Improvement:             0.3× faster

  Packets until detection:   1106353308
  Bytes until detection:     135675220297 (129389.97 MB)

[OCTOSKETCH METRICS - Optimized Architecture]
=== Per-Worker Sketches + Sampling (1/32 packets) ===

  Architecture:              Per-worker (NO atomics, NO contention)
  Total sketch memory:       8961 KB (14 workers × 640.1 KB)
  Sampling rate:             1 in 32 packets (3.1% overhead)
  Attack traffic sampled:    5478592 updates
  Estimated attack packets:  175314944 (×32 sampling factor)
  Sketch overhead:           ~1.56% of fast-path cycles
  Memory efficiency:         O(1) constant, 640.1 KB per worker

[OCTOSKETCH HEAVY-HITTER DETECTION]
=== Top Attackers (per-IP tracking via Count-Min Sketch) ===

  Heavy-hitter threshold:    5000 pps per IP
  Heavy-hitters detected:    5 IPs exceeding threshold
  Total HH detections:       5514 events

  Top 5 Attackers (estimated counts, ×32 sampling):
    #1: 10.10.3.61 - 30240 pkts (6037 pps) [HEAVY-HITTER]
    #2: 10.10.3.123 - 29856 pkts (5960 pps) [HEAVY-HITTER]
    #3: 10.10.3.169 - 29568 pkts (5902 pps) [HEAVY-HITTER]
    #4: 10.10.3.187 - 29376 pkts (5864 pps) [HEAVY-HITTER]
    #5: 10.10.3.98 - 29280 pkts (5845 pps) [HEAVY-HITTER]

[RING BUFFER + MULTI-SCALE FEATURES]
=== Temporal Analysis (last 100 windows = 5.0 sec) ===

  Windows processed:         8199
  Buffer utilization:        100/100 (100.0%)
  Running baseline (ML):     5682288 pps (for ML features only)
  Detection mode:            FIXED THRESHOLDS

  [Temporal Features - Last Window]
    Delta PPS (250ms):       +584169
    Delta PPS (500ms):       +1168128
    PPS Variance:            454231883776
    Ratio vs Baseline:       1.90x

  [Multi-Scale Features]
    Top IP (50ms):           353 pps
    Top IP (1s):             12704 pps
    Top IP (1min):           10013 pps
    Burst Ratio (50ms/1min): 0.04x
    IP Concentration:        0.8%

[MULTIPLE DETECTION STATISTICS]
=== Aggregate Detection Analysis ===

  Total detection events:    5474
  Average detection latency: 55.30 ms
  Min detection latency:     53.94 ms
  Max detection latency:     3425.89 ms
  Latency range:             3371.94 ms

  Detection Latency Histogram:
    < 20 ms:  0 detections (0.0%)
    20-30 ms: 0 detections (0.0%)
    30-40 ms: 0 detections (0.0%)
    40-50 ms: 0 detections (0.0%)
    > 50 ms:  5473 detections (100.0%)

[PERFORMANCE METRICS]
  Throughput:         5.40 Gbps (7.32 Mpps)
  Cycles available:   408 cycles/pkt (lower = higher load)
  Active IPs:         0
  Worker threads:     14 (lcores 1-14)

[DPDK NIC STATISTICS]
  RX packets (NIC):   4154451221
  RX dropped (HW):    [0m0[0m (imissed)
  RX no mbufs:        [0m0[0m (buffer exhaustion)
  RX errors:          0
  Total drops:        [0m0 (0.00%)[0m
  RX burst calls:     101388916754 (97.7% empty)
  Processed pkts:     4154454870 (100.0% of NIC RX)


╔═══════════════════════════════════════════════════════════════════════╗
║          MIRA DDoS DETECTOR - STATISTICS (MULTI-CORE)                ║
╚═══════════════════════════════════════════════════════════════════════╝

[PACKET COUNTERS - GLOBAL]
  Total packets:      4205017500
  Baseline (10.10.2.x): 2240487435 (53.3%)
  Attack (10.10.3.x): 664933276 (15.8%)
  TCP packets:        2240601120
  UDP packets:        1767512260
  ICMP packets:       196904120

[INSTANTANEOUS TRAFFIC - Last 5.0 seconds]
  Baseline (10.10.2.x): 25880570 pkts (70.5%)  2443210174 bytes  3.90 Gbps
  Attack (10.10.3.x): 10829824 pkts (29.5%)  877215744 bytes  1.40 Gbps
  Total throughput:   5.30 Gbps  (avg pkt: 90 bytes)

[CUMULATIVE TRAFFIC - Since first packet (439.9s)]
  Total received:     4205017500 pkts (9.56 Mpps) | 8.72 Gbps | 479435659269 bytes

[ATTACK-SPECIFIC COUNTERS]
  SYN packets:        604879960
  SYN-ACK packets:    302439677
  SYN/ACK ratio:      2.00
  HTTP requests:      1064924613
  DNS queries:        472736883

[PROTOCOL-SPECIFIC COUNTERS - CIC-DDoS-2019 Features]
  NTP Amplification:
    Monlist queries:  0
    Responses:        0  (avg size: 0 bytes)
  DNS Amplification:
    ANY queries:      0
    TXT queries:      0
    Responses:        472736869  (avg size: 108 bytes)
  SNMP Amplification:
    GetBulk requests: 0
    Responses:        0  (avg size: 0 bytes)
  SSDP:
    M-SEARCH packets: 0
    Responses:        10974
  PortMapper:
    GETPORT calls:    0
    DUMP calls:       0
  NetBIOS:
    Name queries:     0
    Datagram packets: 0
  LDAP:
    Bind requests:    0
    Search requests:  664922302
  MSSQL:
    SQLBatch packets: 0
    RPC packets:      0
  TFTP:
    RRQ (read) pkts:  0
    WRQ (write) pkts: 0

[ATTACK DETECTIONS - Cumulative Events]
  UDP flood events:   0
  UDP-lag events:     0
  SYN flood events:   0
  HTTP flood events:  0
  ICMP flood events:  0
  DNS amp events:     0
  NTP amp events:     0
  SNMP amp events:    0
  SSDP events:        0
  PortMap events:     0
  NetBIOS events:     0
  LDAP events:        5566
  MSSQL events:       0
  TFTP events:        0
  ACK flood events:   0
  Frag attack events: 0
  Heavy-hitter events:5606 (OctoSketch per-IP detection)
  Packet flood events:0
  (Note: Events count IPs exceeding thresholds per 50ms window)

[ALERT STATUS]
  Alert level:        [1;31mHIGH[0m
  Reason:             [1;31mLDAP detected: 2160576 pps | HEAVY-HITTER: 10.10.3.39 @ 11828 pps | TREND: attack rising (+583936/250ms) | [0m

[MULTI-LF (2025) COMPARISON]
=== Detection Performance vs ML-Based System ===

  First Detection Latency:   3425.89 ms (vs MULTI-LF: 866 ms)
    Improvement:             0.3× faster

  Packets until detection:   1106353308
  Bytes until detection:     135675220297 (129389.97 MB)

[OCTOSKETCH METRICS - Optimized Architecture]
=== Per-Worker Sketches + Sampling (1/32 packets) ===

  Architecture:              Per-worker (NO atomics, NO contention)
  Total sketch memory:       8961 KB (14 workers × 640.1 KB)
  Sampling rate:             1 in 32 packets (3.1% overhead)
  Attack traffic sampled:    5479808 updates
  Estimated attack packets:  175353856 (×32 sampling factor)
  Sketch overhead:           ~1.56% of fast-path cycles
  Memory efficiency:         O(1) constant, 640.1 KB per worker

[OCTOSKETCH HEAVY-HITTER DETECTION]
=== Top Attackers (per-IP tracking via Count-Min Sketch) ===

  Heavy-hitter threshold:    5000 pps per IP
  Heavy-hitters detected:    5 IPs exceeding threshold
  Total HH detections:       5606 events

  Top 5 Attackers (estimated counts, ×32 sampling):
    #1: 10.10.3.39 - 30048 pkts (6000 pps) [HEAVY-HITTER]
    #2: 10.10.3.62 - 29728 pkts (5936 pps) [HEAVY-HITTER]
    #3: 10.10.3.14 - 29600 pkts (5910 pps) [HEAVY-HITTER]
    #4: 10.10.3.47 - 29568 pkts (5904 pps) [HEAVY-HITTER]
    #5: 10.10.3.13 - 29472 pkts (5885 pps) [HEAVY-HITTER]

[RING BUFFER + MULTI-SCALE FEATURES]
=== Temporal Analysis (last 100 windows = 5.0 sec) ===

  Windows processed:         8291
  Buffer utilization:        100/100 (100.0%)
  Running baseline (ML):     5729368 pps (for ML features only)
  Detection mode:            FIXED THRESHOLDS

  [Temporal Features - Last Window]
    Delta PPS (250ms):       +583936
    Delta PPS (500ms):       +1168306
    PPS Variance:            455034372096
    Ratio vs Baseline:       1.89x

  [Multi-Scale Features]
    Top IP (50ms):           365 pps
    Top IP (1s):             7936 pps
    Top IP (1min):           10931 pps
    Burst Ratio (50ms/1min): 0.03x
    IP Concentration:        0.8%

[MULTIPLE DETECTION STATISTICS]
=== Aggregate Detection Analysis ===

  Total detection events:    5566
  Average detection latency: 55.29 ms
  Min detection latency:     53.94 ms
  Max detection latency:     3425.89 ms
  Latency range:             3371.94 ms

  Detection Latency Histogram:
    < 20 ms:  0 detections (0.0%)
    20-30 ms: 0 detections (0.0%)
    30-40 ms: 0 detections (0.0%)
    40-50 ms: 0 detections (0.0%)
    > 50 ms:  5565 detections (100.0%)

[PERFORMANCE METRICS]
  Throughput:         5.30 Gbps (7.33 Mpps)
  Cycles available:   408 cycles/pkt (lower = higher load)
  Active IPs:         0
  Worker threads:     14 (lcores 1-14)

[DPDK NIC STATISTICS]
  RX packets (NIC):   4205013994
  RX dropped (HW):    [0m0[0m (imissed)
  RX no mbufs:        [0m0[0m (buffer exhaustion)
  RX errors:          0
  Total drops:        [0m0 (0.00%)[0m
  RX burst calls:     102460528240 (97.7% empty)
  Processed pkts:     4205017500 (100.0% of NIC RX)


╔═══════════════════════════════════════════════════════════════════════╗
║          MIRA DDoS DETECTOR - STATISTICS (MULTI-CORE)                ║
╚═══════════════════════════════════════════════════════════════════════╝

[PACKET COUNTERS - GLOBAL]
  Total packets:      4255429196
  Baseline (10.10.2.x): 2266291115 (53.3%)
  Attack (10.10.3.x): 675729946 (15.9%)
  TCP packets:        2268326936
  UDP packets:        1787993704
  ICMP packets:       199108556

[INSTANTANEOUS TRAFFIC - Last 5.0 seconds]
  Baseline (10.10.2.x): 25803266 pkts (70.5%)  2615050623 bytes  4.18 Gbps
  Attack (10.10.3.x): 10796425 pkts (29.5%)  874511154 bytes  1.40 Gbps
  Total throughput:   5.58 Gbps  (avg pkt: 95 bytes)

[CUMULATIVE TRAFFIC - Since first packet (444.9s)]
  Total received:     4255429196 pkts (9.57 Mpps) | 8.72 Gbps | 485129756389 bytes

[ATTACK-SPECIFIC COUNTERS]
  SYN packets:        612471866
  SYN-ACK packets:    306235623
  SYN/ACK ratio:      2.00
  HTTP requests:      1077300212
  DNS queries:        476699881

[PROTOCOL-SPECIFIC COUNTERS - CIC-DDoS-2019 Features]
  NTP Amplification:
    Monlist queries:  0
    Responses:        0  (avg size: 0 bytes)
  DNS Amplification:
    ANY queries:      0
    TXT queries:      0
    Responses:        476699861  (avg size: 108 bytes)
  SNMP Amplification:
    GetBulk requests: 0
    Responses:        0  (avg size: 0 bytes)
  SSDP:
    M-SEARCH packets: 0
    Responses:        11155
  PortMapper:
    GETPORT calls:    0
    DUMP calls:       0
  NetBIOS:
    Name queries:     0
    Datagram packets: 0
  LDAP:
    Bind requests:    0
    Search requests:  675718791
  MSSQL:
    SQLBatch packets: 0
    RPC packets:      0
  TFTP:
    RRQ (read) pkts:  0
    WRQ (write) pkts: 0

[ATTACK DETECTIONS - Cumulative Events]
  UDP flood events:   0
  UDP-lag events:     0
  SYN flood events:   0
  HTTP flood events:  0
  ICMP flood events:  0
  DNS amp events:     0
  NTP amp events:     0
  SNMP amp events:    0
  SSDP events:        0
  PortMap events:     0
  NetBIOS events:     0
  LDAP events:        5657
  MSSQL events:       0
  TFTP events:        0
  ACK flood events:   0
  Frag attack events: 0
  Heavy-hitter events:5697 (OctoSketch per-IP detection)
  Packet flood events:0
  (Note: Events count IPs exceeding thresholds per 50ms window)

[ALERT STATUS]
  Alert level:        [1;31mHIGH[0m
  Reason:             [1;31mLDAP detected: 2160591 pps | HEAVY-HITTER: 10.10.3.193 @ 11967 pps | TREND: attack rising (+585984/250ms) | [0m

[MULTI-LF (2025) COMPARISON]
=== Detection Performance vs ML-Based System ===

  First Detection Latency:   3425.89 ms (vs MULTI-LF: 866 ms)
    Improvement:             0.3× faster

  Packets until detection:   1106353308
  Bytes until detection:     135675220297 (129389.97 MB)

[OCTOSKETCH METRICS - Optimized Architecture]
=== Per-Worker Sketches + Sampling (1/32 packets) ===

  Architecture:              Per-worker (NO atomics, NO contention)
  Total sketch memory:       8961 KB (14 workers × 640.1 KB)
  Sampling rate:             1 in 32 packets (3.1% overhead)
  Attack traffic sampled:    5364256 updates
  Estimated attack packets:  171656192 (×32 sampling factor)
  Sketch overhead:           ~1.56% of fast-path cycles
  Memory efficiency:         O(1) constant, 640.1 KB per worker

[OCTOSKETCH HEAVY-HITTER DETECTION]
=== Top Attackers (per-IP tracking via Count-Min Sketch) ===

  Heavy-hitter threshold:    5000 pps per IP
  Heavy-hitters detected:    5 IPs exceeding threshold
  Total HH detections:       5697 events

  Top 5 Attackers (estimated counts, ×32 sampling):
    #1: 10.10.3.193 - 29760 pkts (5951 pps) [HEAVY-HITTER]
    #2: 10.10.3.172 - 29024 pkts (5804 pps) [HEAVY-HITTER]
    #3: 10.10.3.81 - 28768 pkts (5753 pps) [HEAVY-HITTER]
    #4: 10.10.3.10 - 28576 pkts (5714 pps) [HEAVY-HITTER]
    #5: 10.10.3.73 - 28512 pkts (5701 pps) [HEAVY-HITTER]

[RING BUFFER + MULTI-SCALE FEATURES]
=== Temporal Analysis (last 100 windows = 5.0 sec) ===

  Windows processed:         8382
  Buffer utilization:        100/100 (100.0%)
  Running baseline (ML):     5760944 pps (for ML features only)
  Detection mode:            FIXED THRESHOLDS

  [Temporal Features - Last Window]
    Delta PPS (250ms):       +585984
    Delta PPS (500ms):       +1170176
    PPS Variance:            454276513792
    Ratio vs Baseline:       1.86x

  [Multi-Scale Features]
    Top IP (50ms):           425 pps
    Top IP (1s):             1760 pps
    Top IP (1min):           11871 pps
    Burst Ratio (50ms/1min): 0.04x
    IP Concentration:        1.0%

[MULTIPLE DETECTION STATISTICS]
=== Aggregate Detection Analysis ===

  Total detection events:    5657
  Average detection latency: 55.28 ms
  Min detection latency:     53.94 ms
  Max detection latency:     3425.89 ms
  Latency range:             3371.94 ms

  Detection Latency Histogram:
    < 20 ms:  0 detections (0.0%)
    20-30 ms: 0 detections (0.0%)
    30-40 ms: 0 detections (0.0%)
    40-50 ms: 0 detections (0.0%)
    > 50 ms:  5656 detections (100.0%)

[PERFORMANCE METRICS]
  Throughput:         5.58 Gbps (7.32 Mpps)
  Cycles available:   409 cycles/pkt (lower = higher load)
  Active IPs:         0
  Worker threads:     14 (lcores 1-14)

[DPDK NIC STATISTICS]
  RX packets (NIC):   4255425571
  RX dropped (HW):    [0m0[0m (imissed)
  RX no mbufs:        [0m0[0m (buffer exhaustion)
  RX errors:          0
  Total drops:        [0m0 (0.00%)[0m
  RX burst calls:     103528431366 (97.7% empty)
  Processed pkts:     4255429196 (100.0% of NIC RX)


╔═══════════════════════════════════════════════════════════════════════╗
║          MIRA DDoS DETECTOR - STATISTICS (MULTI-CORE)                ║
╚═══════════════════════════════════════════════════════════════════════╝

[PACKET COUNTERS - GLOBAL]
  Total packets:      4305995932
  Baseline (10.10.2.x): 2292173974 (53.2%)
  Attack (10.10.3.x): 686558876 (15.9%)
  TCP packets:        2296145883
  UDP packets:        1808532219
  ICMP packets:       201317830

[INSTANTANEOUS TRAFFIC - Last 5.0 seconds]
  Baseline (10.10.2.x): 25882249 pkts (70.5%)  2443185240 bytes  3.90 Gbps
  Attack (10.10.3.x): 10828800 pkts (29.5%)  877132800 bytes  1.40 Gbps
  Total throughput:   5.30 Gbps  (avg pkt: 90 bytes)

[CUMULATIVE TRAFFIC - Since first packet (449.9s)]
  Total received:     4305995932 pkts (9.57 Mpps) | 8.73 Gbps | 490841602247 bytes

[ATTACK-SPECIFIC COUNTERS]
  SYN packets:        620088832
  SYN-ACK packets:    310044105
  SYN/ACK ratio:      2.00
  HTTP requests:      1089720537
  DNS queries:        480673581

[PROTOCOL-SPECIFIC COUNTERS - CIC-DDoS-2019 Features]
  NTP Amplification:
    Monlist queries:  0
    Responses:        0  (avg size: 0 bytes)
  DNS Amplification:
    ANY queries:      0
    TXT queries:      0
    Responses:        480673568  (avg size: 108 bytes)
  SNMP Amplification:
    GetBulk requests: 0
    Responses:        0  (avg size: 0 bytes)
  SSDP:
    M-SEARCH packets: 0
    Responses:        11331
  PortMapper:
    GETPORT calls:    0
    DUMP calls:       0
  NetBIOS:
    Name queries:     0
    Datagram packets: 0
  LDAP:
    Bind requests:    0
    Search requests:  686547545
  MSSQL:
    SQLBatch packets: 0
    RPC packets:      0
  TFTP:
    RRQ (read) pkts:  0
    WRQ (write) pkts: 0

[ATTACK DETECTIONS - Cumulative Events]
  UDP flood events:   0
  UDP-lag events:     0
  SYN flood events:   0
  HTTP flood events:  0
  ICMP flood events:  0
  DNS amp events:     0
  NTP amp events:     0
  SNMP amp events:    0
  SSDP events:        0
  PortMap events:     0
  NetBIOS events:     0
  LDAP events:        5749
  MSSQL events:       0
  TFTP events:        0
  ACK flood events:   0
  Frag attack events: 0
  Heavy-hitter events:5789 (OctoSketch per-IP detection)
  Packet flood events:0
  (Note: Events count IPs exceeding thresholds per 50ms window)

[ALERT STATUS]
  Alert level:        [1;31mHIGH[0m
  Reason:             [1;31mLDAP detected: 2160667 pps | HEAVY-HITTER: 10.10.3.78 @ 11660 pps | TREND: attack rising (+584094/250ms) | [0m

[MULTI-LF (2025) COMPARISON]
=== Detection Performance vs ML-Based System ===

  First Detection Latency:   3425.89 ms (vs MULTI-LF: 866 ms)
    Improvement:             0.3× faster

  Packets until detection:   1106353308
  Bytes until detection:     135675220297 (129389.97 MB)

[OCTOSKETCH METRICS - Optimized Architecture]
=== Per-Worker Sketches + Sampling (1/32 packets) ===

  Architecture:              Per-worker (NO atomics, NO contention)
  Total sketch memory:       8961 KB (14 workers × 640.1 KB)
  Sampling rate:             1 in 32 packets (3.1% overhead)
  Attack traffic sampled:    5363264 updates
  Estimated attack packets:  171624448 (×32 sampling factor)
  Sketch overhead:           ~1.56% of fast-path cycles
  Memory efficiency:         O(1) constant, 640.1 KB per worker

[OCTOSKETCH HEAVY-HITTER DETECTION]
=== Top Attackers (per-IP tracking via Count-Min Sketch) ===

  Heavy-hitter threshold:    5000 pps per IP
  Heavy-hitters detected:    5 IPs exceeding threshold
  Total HH detections:       5789 events

  Top 5 Attackers (estimated counts, ×32 sampling):
    #1: 10.10.3.78 - 28992 pkts (5790 pps) [HEAVY-HITTER]
    #2: 10.10.3.18 - 28928 pkts (5777 pps) [HEAVY-HITTER]
    #3: 10.10.3.175 - 28736 pkts (5738 pps) [HEAVY-HITTER]
    #4: 10.10.3.43 - 28576 pkts (5706 pps) [HEAVY-HITTER]
    #5: 10.10.3.89 - 28576 pkts (5706 pps) [HEAVY-HITTER]

[RING BUFFER + MULTI-SCALE FEATURES]
=== Temporal Analysis (last 100 windows = 5.0 sec) ===

  Windows processed:         8474
  Buffer utilization:        100/100 (100.0%)
  Running baseline (ML):     5724544 pps (for ML features only)
  Detection mode:            FIXED THRESHOLDS

  [Temporal Features - Last Window]
    Delta PPS (250ms):       +584094
    Delta PPS (500ms):       +1168542
    PPS Variance:            455225966592
    Ratio vs Baseline:       1.89x

  [Multi-Scale Features]
    Top IP (50ms):           412 pps
    Top IP (1s):             9408 pps
    Top IP (1min):           784 pps
    Burst Ratio (50ms/1min): 0.53x
    IP Concentration:        0.9%

[MULTIPLE DETECTION STATISTICS]
=== Aggregate Detection Analysis ===

  Total detection events:    5749
  Average detection latency: 55.27 ms
  Min detection latency:     53.94 ms
  Max detection latency:     3425.89 ms
  Latency range:             3371.94 ms

  Detection Latency Histogram:
    < 20 ms:  0 detections (0.0%)
    20-30 ms: 0 detections (0.0%)
    30-40 ms: 0 detections (0.0%)
    40-50 ms: 0 detections (0.0%)
    > 50 ms:  5748 detections (100.0%)

[PERFORMANCE METRICS]
  Throughput:         5.30 Gbps (7.33 Mpps)
  Cycles available:   408 cycles/pkt (lower = higher load)
  Active IPs:         0
  Worker threads:     14 (lcores 1-14)

[DPDK NIC STATISTICS]
  RX packets (NIC):   4305992619
  RX dropped (HW):    [0m0[0m (imissed)
  RX no mbufs:        [0m0[0m (buffer exhaustion)
  RX errors:          0
  Total drops:        [0m0 (0.00%)[0m
  RX burst calls:     104600870791 (97.7% empty)
  Processed pkts:     4305995932 (100.0% of NIC RX)


╔═══════════════════════════════════════════════════════════════════════╗
║          MIRA DDoS DETECTOR - STATISTICS (MULTI-CORE)                ║
╚═══════════════════════════════════════════════════════════════════════╝

[PACKET COUNTERS - GLOBAL]
  Total packets:      4356401182
  Baseline (10.10.2.x): 2317974006 (53.2%)
  Attack (10.10.3.x): 697354652 (16.0%)
  TCP packets:        2323874255
  UDP packets:        1829006920
  ICMP packets:       203520007

[INSTANTANEOUS TRAFFIC - Last 5.0 seconds]
  Baseline (10.10.2.x): 25799377 pkts (70.5%)  2435690401 bytes  3.90 Gbps
  Attack (10.10.3.x): 10795520 pkts (29.5%)  874437120 bytes  1.40 Gbps
  Total throughput:   5.30 Gbps  (avg pkt: 90 bytes)

[CUMULATIVE TRAFFIC - Since first packet (454.9s)]
  Total received:     4356401182 pkts (9.58 Mpps) | 8.73 Gbps | 496535492228 bytes

[ATTACK-SPECIFIC COUNTERS]
  SYN packets:        627680767
  SYN-ACK packets:    313840060
  SYN/ACK ratio:      2.00
  HTTP requests:      1102102254
  DNS queries:        484633292

[PROTOCOL-SPECIFIC COUNTERS - CIC-DDoS-2019 Features]
  NTP Amplification:
    Monlist queries:  0
    Responses:        0  (avg size: 0 bytes)
  DNS Amplification:
    ANY queries:      0
    TXT queries:      0
    Responses:        484633288  (avg size: 108 bytes)
  SNMP Amplification:
    GetBulk requests: 0
    Responses:        0  (avg size: 0 bytes)
  SSDP:
    M-SEARCH packets: 0
    Responses:        11515
  PortMapper:
    GETPORT calls:    0
    DUMP calls:       0
  NetBIOS:
    Name queries:     0
    Datagram packets: 0
  LDAP:
    Bind requests:    0
    Search requests:  697343137
  MSSQL:
    SQLBatch packets: 0
    RPC packets:      0
  TFTP:
    RRQ (read) pkts:  0
    WRQ (write) pkts: 0

[ATTACK DETECTIONS - Cumulative Events]
  UDP flood events:   0
  UDP-lag events:     0
  SYN flood events:   0
  HTTP flood events:  0
  ICMP flood events:  0
  DNS amp events:     0
  NTP amp events:     0
  SNMP amp events:    0
  SSDP events:        0
  PortMap events:     0
  NetBIOS events:     0
  LDAP events:        5840
  MSSQL events:       0
  TFTP events:        0
  ACK flood events:   0
  Frag attack events: 0
  Heavy-hitter events:5880 (OctoSketch per-IP detection)
  Packet flood events:0
  (Note: Events count IPs exceeding thresholds per 50ms window)

[ALERT STATUS]
  Alert level:        [1;31mHIGH[0m
  Reason:             [1;31mLDAP detected: 2160606 pps | HEAVY-HITTER: 10.10.3.41 @ 11620 pps | TREND: attack rising (+585984/250ms) | [0m

[MULTI-LF (2025) COMPARISON]
=== Detection Performance vs ML-Based System ===

  First Detection Latency:   3425.89 ms (vs MULTI-LF: 866 ms)
    Improvement:             0.3× faster

  Packets until detection:   1106353308
  Bytes until detection:     135675220297 (129389.97 MB)

[OCTOSKETCH METRICS - Optimized Architecture]
=== Per-Worker Sketches + Sampling (1/32 packets) ===

  Architecture:              Per-worker (NO atomics, NO contention)
  Total sketch memory:       8961 KB (14 workers × 640.1 KB)
  Sampling rate:             1 in 32 packets (3.1% overhead)
  Attack traffic sampled:    5245088 updates
  Estimated attack packets:  167842816 (×32 sampling factor)
  Sketch overhead:           ~1.56% of fast-path cycles
  Memory efficiency:         O(1) constant, 640.1 KB per worker

[OCTOSKETCH HEAVY-HITTER DETECTION]
=== Top Attackers (per-IP tracking via Count-Min Sketch) ===

  Heavy-hitter threshold:    5000 pps per IP
  Heavy-hitters detected:    5 IPs exceeding threshold
  Total HH detections:       5880 events

  Top 5 Attackers (estimated counts, ×32 sampling):
    #1: 10.10.3.41 - 28256 pkts (5651 pps) [HEAVY-HITTER]
    #2: 10.10.3.3 - 28224 pkts (5644 pps) [HEAVY-HITTER]
    #3: 10.10.3.45 - 28032 pkts (5606 pps) [HEAVY-HITTER]
    #4: 10.10.3.183 - 28032 pkts (5606 pps) [HEAVY-HITTER]
    #5: 10.10.3.121 - 27968 pkts (5593 pps) [HEAVY-HITTER]

[RING BUFFER + MULTI-SCALE FEATURES]
=== Temporal Analysis (last 100 windows = 5.0 sec) ===

  Windows processed:         8565
  Buffer utilization:        100/100 (100.0%)
  Running baseline (ML):     5759841 pps (for ML features only)
  Detection mode:            FIXED THRESHOLDS

  [Temporal Features - Last Window]
    Delta PPS (250ms):       +585984
    Delta PPS (500ms):       +1170176
    PPS Variance:            454550290432
    Ratio vs Baseline:       1.87x

  [Multi-Scale Features]
    Top IP (50ms):           395 pps
    Top IP (1s):             3776 pps
    Top IP (1min):           1703 pps
    Burst Ratio (50ms/1min): 0.23x
    IP Concentration:        0.9%

[MULTIPLE DETECTION STATISTICS]
=== Aggregate Detection Analysis ===

  Total detection events:    5840
  Average detection latency: 55.26 ms
  Min detection latency:     53.94 ms
  Max detection latency:     3425.89 ms
  Latency range:             3371.94 ms

  Detection Latency Histogram:
    < 20 ms:  0 detections (0.0%)
    20-30 ms: 0 detections (0.0%)
    30-40 ms: 0 detections (0.0%)
    40-50 ms: 0 detections (0.0%)
    > 50 ms:  5839 detections (100.0%)

[PERFORMANCE METRICS]
  Throughput:         5.30 Gbps (7.32 Mpps)
  Cycles available:   409 cycles/pkt (lower = higher load)
  Active IPs:         0
  Worker threads:     14 (lcores 1-14)

[DPDK NIC STATISTICS]
  RX packets (NIC):   4356397739
  RX dropped (HW):    [0m0[0m (imissed)
  RX no mbufs:        [0m0[0m (buffer exhaustion)
  RX errors:          0
  Total drops:        [0m0 (0.00%)[0m
  RX burst calls:     105668940808 (97.7% empty)
  Processed pkts:     4356401182 (100.0% of NIC RX)


╔═══════════════════════════════════════════════════════════════════════╗
║          MIRA DDoS DETECTOR - STATISTICS (MULTI-CORE)                ║
╚═══════════════════════════════════════════════════════════════════════╝

[PACKET COUNTERS - GLOBAL]
  Total packets:      4406943235
  Baseline (10.10.2.x): 2343845163 (53.2%)
  Attack (10.10.3.x): 708178085 (16.1%)
  TCP packets:        2351681238
  UDP packets:        1849532764
  ICMP packets:       205729233

[INSTANTANEOUS TRAFFIC - Last 5.0 seconds]
  Baseline (10.10.2.x): 25870640 pkts (69.0%)  2442193321 bytes  3.90 Gbps
  Attack (10.10.3.x): 11602784 pkts (31.0%)  939906666 bytes  1.50 Gbps
  Total throughput:   5.41 Gbps  (avg pkt: 90 bytes)

[CUMULATIVE TRAFFIC - Since first packet (459.9s)]
  Total received:     4406943235 pkts (9.58 Mpps) | 8.74 Gbps | 502244633590 bytes

[ATTACK-SPECIFIC COUNTERS]
  SYN packets:        635294535
  SYN-ACK packets:    317646942
  SYN/ACK ratio:      2.00
  HTTP requests:      1114516627
  DNS queries:        488603530

[PROTOCOL-SPECIFIC COUNTERS - CIC-DDoS-2019 Features]
  NTP Amplification:
    Monlist queries:  0
    Responses:        0  (avg size: 0 bytes)
  DNS Amplification:
    ANY queries:      0
    TXT queries:      0
    Responses:        488603513  (avg size: 108 bytes)
  SNMP Amplification:
    GetBulk requests: 0
    Responses:        0  (avg size: 0 bytes)
  SSDP:
    M-SEARCH packets: 0
    Responses:        11689
  PortMapper:
    GETPORT calls:    0
    DUMP calls:       0
  NetBIOS:
    Name queries:     0
    Datagram packets: 0
  LDAP:
    Bind requests:    0
    Search requests:  708166396
  MSSQL:
    SQLBatch packets: 0
    RPC packets:      0
  TFTP:
    RRQ (read) pkts:  0
    WRQ (write) pkts: 0

[ATTACK DETECTIONS - Cumulative Events]
  UDP flood events:   0
  UDP-lag events:     0
  SYN flood events:   0
  HTTP flood events:  0
  ICMP flood events:  0
  DNS amp events:     0
  NTP amp events:     0
  SNMP amp events:    0
  SSDP events:        0
  PortMap events:     0
  NetBIOS events:     0
  LDAP events:        5932
  MSSQL events:       0
  TFTP events:        0
  ACK flood events:   0
  Frag attack events: 0
  Heavy-hitter events:5972 (OctoSketch per-IP detection)
  Packet flood events:0
  (Note: Events count IPs exceeding thresholds per 50ms window)

[ALERT STATUS]
  Alert level:        [1;31mHIGH[0m
  Reason:             [1;31mLDAP detected: 2160581 pps | HEAVY-HITTER: 10.10.3.182 @ 11911 pps | TREND: attack rising (+584192/250ms) | [0m

[MULTI-LF (2025) COMPARISON]
=== Detection Performance vs ML-Based System ===

  First Detection Latency:   3425.89 ms (vs MULTI-LF: 866 ms)
    Improvement:             0.3× faster

  Packets until detection:   1106353308
  Bytes until detection:     135675220297 (129389.97 MB)

[OCTOSKETCH METRICS - Optimized Architecture]
=== Per-Worker Sketches + Sampling (1/32 packets) ===

  Architecture:              Per-worker (NO atomics, NO contention)
  Total sketch memory:       8961 KB (14 workers × 640.1 KB)
  Sampling rate:             1 in 32 packets (3.1% overhead)
  Attack traffic sampled:    5244576 updates
  Estimated attack packets:  167826432 (×32 sampling factor)
  Sketch overhead:           ~1.56% of fast-path cycles
  Memory efficiency:         O(1) constant, 640.1 KB per worker

[OCTOSKETCH HEAVY-HITTER DETECTION]
=== Top Attackers (per-IP tracking via Count-Min Sketch) ===

  Heavy-hitter threshold:    5000 pps per IP
  Heavy-hitters detected:    5 IPs exceeding threshold
  Total HH detections:       5972 events

  Top 5 Attackers (estimated counts, ×32 sampling):
    #1: 10.10.3.182 - 28960 pkts (5786 pps) [HEAVY-HITTER]
    #2: 10.10.3.93 - 28416 pkts (5677 pps) [HEAVY-HITTER]
    #3: 10.10.3.16 - 28288 pkts (5652 pps) [HEAVY-HITTER]
    #4: 10.10.3.41 - 28160 pkts (5626 pps) [HEAVY-HITTER]
    #5: 10.10.3.57 - 28160 pkts (5626 pps) [HEAVY-HITTER]

[RING BUFFER + MULTI-SCALE FEATURES]
=== Temporal Analysis (last 100 windows = 5.0 sec) ===

  Windows processed:         8657
  Buffer utilization:        100/100 (100.0%)
  Running baseline (ML):     6429808 pps (for ML features only)
  Detection mode:            FIXED THRESHOLDS

  [Temporal Features - Last Window]
    Delta PPS (250ms):       +584192
    Delta PPS (500ms):       +1168384
    PPS Variance:            454727401472
    Ratio vs Baseline:       1.80x

  [Multi-Scale Features]
    Top IP (50ms):           355 pps
    Top IP (1s):             11392 pps
    Top IP (1min):           2640 pps
    Burst Ratio (50ms/1min): 0.13x
    IP Concentration:        0.8%

[MULTIPLE DETECTION STATISTICS]
=== Aggregate Detection Analysis ===

  Total detection events:    5932
  Average detection latency: 55.25 ms
  Min detection latency:     53.94 ms
  Max detection latency:     3425.89 ms
  Latency range:             3371.94 ms

  Detection Latency Histogram:
    < 20 ms:  0 detections (0.0%)
    20-30 ms: 0 detections (0.0%)
    30-40 ms: 0 detections (0.0%)
    40-50 ms: 0 detections (0.0%)
    > 50 ms:  5931 detections (100.0%)

[PERFORMANCE METRICS]
  Throughput:         5.41 Gbps (7.49 Mpps)
  Cycles available:   399 cycles/pkt (lower = higher load)
  Active IPs:         0
  Worker threads:     14 (lcores 1-14)

[DPDK NIC STATISTICS]
  RX packets (NIC):   4406939601
  RX dropped (HW):    [0m0[0m (imissed)
  RX no mbufs:        [0m0[0m (buffer exhaustion)
  RX errors:          0
  Total drops:        [0m0 (0.00%)[0m
  RX burst calls:     106739476815 (97.7% empty)
  Processed pkts:     4406943235 (100.0% of NIC RX)


╔═══════════════════════════════════════════════════════════════════════╗
║          MIRA DDoS DETECTOR - STATISTICS (MULTI-CORE)                ║
╚═══════════════════════════════════════════════════════════════════════╝

[PACKET COUNTERS - GLOBAL]
  Total packets:      4457342108
  Baseline (10.10.2.x): 2369642649 (53.2%)
  Attack (10.10.3.x): 718973596 (16.1%)
  TCP packets:        2379406753
  UDP packets:        1870004758
  ICMP packets:       207930597

[INSTANTANEOUS TRAFFIC - Last 5.0 seconds]
  Baseline (10.10.2.x): 25797063 pkts (70.5%)  2435658743 bytes  3.90 Gbps
  Attack (10.10.3.x): 10795264 pkts (29.5%)  874416384 bytes  1.40 Gbps
  Total throughput:   5.30 Gbps  (avg pkt: 90 bytes)

[CUMULATIVE TRAFFIC - Since first packet (464.9s)]
  Total received:     4457342108 pkts (9.59 Mpps) | 8.74 Gbps | 507937679751 bytes

[ATTACK-SPECIFIC COUNTERS]
  SYN packets:        642886115
  SYN-ACK packets:    321442731
  SYN/ACK ratio:      2.00
  HTTP requests:      1126893857
  DNS queries:        492562077

[PROTOCOL-SPECIFIC COUNTERS - CIC-DDoS-2019 Features]
  NTP Amplification:
    Monlist queries:  0
    Responses:        0  (avg size: 0 bytes)
  DNS Amplification:
    ANY queries:      0
    TXT queries:      0
    Responses:        492562056  (avg size: 108 bytes)
  SNMP Amplification:
    GetBulk requests: 0
    Responses:        0  (avg size: 0 bytes)
  SSDP:
    M-SEARCH packets: 0
    Responses:        11863
  PortMapper:
    GETPORT calls:    0
    DUMP calls:       0
  NetBIOS:
    Name queries:     0
    Datagram packets: 0
  LDAP:
    Bind requests:    0
    Search requests:  718961733
  MSSQL:
    SQLBatch packets: 0
    RPC packets:      0
  TFTP:
    RRQ (read) pkts:  0
    WRQ (write) pkts: 0

[ATTACK DETECTIONS - Cumulative Events]
  UDP flood events:   0
  UDP-lag events:     0
  SYN flood events:   0
  HTTP flood events:  0
  ICMP flood events:  0
  DNS amp events:     0
  NTP amp events:     0
  SNMP amp events:    0
  SSDP events:        0
  PortMap events:     0
  NetBIOS events:     0
  LDAP events:        6023
  MSSQL events:       0
  TFTP events:        0
  ACK flood events:   0
  Frag attack events: 0
  Heavy-hitter events:6063 (OctoSketch per-IP detection)
  Packet flood events:0
  (Note: Events count IPs exceeding thresholds per 50ms window)

[ALERT STATUS]
  Alert level:        [1;31mHIGH[0m
  Reason:             [1;31mLDAP detected: 2160658 pps | HEAVY-HITTER: 10.10.3.193 @ 11708 pps | TREND: attack rising (+583936/250ms) | [0m

[MULTI-LF (2025) COMPARISON]
=== Detection Performance vs ML-Based System ===

  First Detection Latency:   3425.89 ms (vs MULTI-LF: 866 ms)
    Improvement:             0.3× faster

  Packets until detection:   1106353308
  Bytes until detection:     135675220297 (129389.97 MB)

[OCTOSKETCH METRICS - Optimized Architecture]
=== Per-Worker Sketches + Sampling (1/32 packets) ===

  Architecture:              Per-worker (NO atomics, NO contention)
  Total sketch memory:       8961 KB (14 workers × 640.1 KB)
  Sampling rate:             1 in 32 packets (3.1% overhead)
  Attack traffic sampled:    5129056 updates
  Estimated attack packets:  164129792 (×32 sampling factor)
  Sketch overhead:           ~1.56% of fast-path cycles
  Memory efficiency:         O(1) constant, 640.1 KB per worker

[OCTOSKETCH HEAVY-HITTER DETECTION]
=== Top Attackers (per-IP tracking via Count-Min Sketch) ===

  Heavy-hitter threshold:    5000 pps per IP
  Heavy-hitters detected:    5 IPs exceeding threshold
  Total HH detections:       6063 events

  Top 5 Attackers (estimated counts, ×32 sampling):
    #1: 10.10.3.193 - 27840 pkts (5568 pps) [HEAVY-HITTER]
    #2: 10.10.3.146 - 27712 pkts (5542 pps) [HEAVY-HITTER]
    #3: 10.10.3.39 - 27680 pkts (5536 pps) [HEAVY-HITTER]
    #4: 10.10.3.125 - 27648 pkts (5529 pps) [HEAVY-HITTER]
    #5: 10.10.3.4 - 27456 pkts (5491 pps) [HEAVY-HITTER]

[RING BUFFER + MULTI-SCALE FEATURES]
=== Temporal Analysis (last 100 windows = 5.0 sec) ===

  Windows processed:         8748
  Buffer utilization:        100/100 (100.0%)
  Running baseline (ML):     5828137 pps (for ML features only)
  Detection mode:            FIXED THRESHOLDS

  [Temporal Features - Last Window]
    Delta PPS (250ms):       +583936
    Delta PPS (500ms):       +1170176
    PPS Variance:            455062781952
    Ratio vs Baseline:       1.84x

  [Multi-Scale Features]
    Top IP (50ms):           431 pps
    Top IP (1s):             5568 pps
    Top IP (1min):           3534 pps
    Burst Ratio (50ms/1min): 0.12x
    IP Concentration:        0.9%

[MULTIPLE DETECTION STATISTICS]
=== Aggregate Detection Analysis ===

  Total detection events:    6023
  Average detection latency: 55.24 ms
  Min detection latency:     53.94 ms
  Max detection latency:     3425.89 ms
  Latency range:             3371.94 ms

  Detection Latency Histogram:
    < 20 ms:  0 detections (0.0%)
    20-30 ms: 0 detections (0.0%)
    30-40 ms: 0 detections (0.0%)
    40-50 ms: 0 detections (0.0%)
    > 50 ms:  6022 detections (100.0%)

[PERFORMANCE METRICS]
  Throughput:         5.30 Gbps (7.32 Mpps)
  Cycles available:   409 cycles/pkt (lower = higher load)
  Active IPs:         0
  Worker threads:     14 (lcores 1-14)

[DPDK NIC STATISTICS]
  RX packets (NIC):   4457338787
  RX dropped (HW):    [0m0[0m (imissed)
  RX no mbufs:        [0m0[0m (buffer exhaustion)
  RX errors:          0
  Total drops:        [0m0 (0.00%)[0m
  RX burst calls:     107807197902 (97.7% empty)
  Processed pkts:     4457342108 (100.0% of NIC RX)


╔═══════════════════════════════════════════════════════════════════════╗
║          MIRA DDoS DETECTOR - STATISTICS (MULTI-CORE)                ║
╚═══════════════════════════════════════════════════════════════════════╝

[PACKET COUNTERS - GLOBAL]
  Total packets:      4507889891
  Baseline (10.10.2.x): 2395514376 (53.1%)
  Attack (10.10.3.x): 729801372 (16.2%)
  TCP packets:        2407208650
  UDP packets:        1890541445
  ICMP packets:       210139796

[INSTANTANEOUS TRAFFIC - Last 5.0 seconds]
  Baseline (10.10.2.x): 27671759 pkts (70.5%)  2442394098 bytes  3.90 Gbps
  Attack (10.10.3.x): 11585677 pkts (29.5%)  877037463 bytes  1.40 Gbps
  Total throughput:   5.30 Gbps  (avg pkt: 85 bytes)

[CUMULATIVE TRAFFIC - Since first packet (469.9s)]
  Total received:     4507889891 pkts (9.59 Mpps) | 8.74 Gbps | 513647093176 bytes

[ATTACK-SPECIFIC COUNTERS]
  SYN packets:        650498785
  SYN-ACK packets:    325249067
  SYN/ACK ratio:      2.00
  HTTP requests:      1139303790
  DNS queries:        496535465

[PROTOCOL-SPECIFIC COUNTERS - CIC-DDoS-2019 Features]
  NTP Amplification:
    Monlist queries:  0
    Responses:        0  (avg size: 0 bytes)
  DNS Amplification:
    ANY queries:      0
    TXT queries:      0
    Responses:        496535447  (avg size: 108 bytes)
  SNMP Amplification:
    GetBulk requests: 0
    Responses:        0  (avg size: 0 bytes)
  SSDP:
    M-SEARCH packets: 0
    Responses:        12044
  PortMapper:
    GETPORT calls:    0
    DUMP calls:       0
  NetBIOS:
    Name queries:     0
    Datagram packets: 0
  LDAP:
    Bind requests:    0
    Search requests:  729789328
  MSSQL:
    SQLBatch packets: 0
    RPC packets:      0
  TFTP:
    RRQ (read) pkts:  0
    WRQ (write) pkts: 0

[ATTACK DETECTIONS - Cumulative Events]
  UDP flood events:   0
  UDP-lag events:     0
  SYN flood events:   0
  HTTP flood events:  0
  ICMP flood events:  0
  DNS amp events:     0
  NTP amp events:     0
  SNMP amp events:    0
  SSDP events:        0
  PortMap events:     0
  NetBIOS events:     0
  LDAP events:        6115
  MSSQL events:       0
  TFTP events:        0
  ACK flood events:   0
  Frag attack events: 0
  Heavy-hitter events:6155 (OctoSketch per-IP detection)
  Packet flood events:0
  (Note: Events count IPs exceeding thresholds per 50ms window)

[ALERT STATUS]
  Alert level:        [1;31mHIGH[0m
  Reason:             [1;31mLDAP detected: 2160577 pps | HEAVY-HITTER: 10.10.3.112 @ 12431 pps | TREND: attack rising (+583936/250ms) | [0m

[MULTI-LF (2025) COMPARISON]
=== Detection Performance vs ML-Based System ===

  First Detection Latency:   3425.89 ms (vs MULTI-LF: 866 ms)
    Improvement:             0.3× faster

  Packets until detection:   1106353308
  Bytes until detection:     135675220297 (129389.97 MB)

[OCTOSKETCH METRICS - Optimized Architecture]
=== Per-Worker Sketches + Sampling (1/32 packets) ===

  Architecture:              Per-worker (NO atomics, NO contention)
  Total sketch memory:       8961 KB (14 workers × 640.1 KB)
  Sampling rate:             1 in 32 packets (3.1% overhead)
  Attack traffic sampled:    5130336 updates
  Estimated attack packets:  164170752 (×32 sampling factor)
  Sketch overhead:           ~1.56% of fast-path cycles
  Memory efficiency:         O(1) constant, 640.1 KB per worker

[OCTOSKETCH HEAVY-HITTER DETECTION]
=== Top Attackers (per-IP tracking via Count-Min Sketch) ===

  Heavy-hitter threshold:    5000 pps per IP
  Heavy-hitters detected:    5 IPs exceeding threshold
  Total HH detections:       6155 events

  Top 5 Attackers (estimated counts, ×32 sampling):
    #1: 10.10.3.112 - 29568 pkts (5906 pps) [HEAVY-HITTER]
    #2: 10.10.3.119 - 27616 pkts (5516 pps) [HEAVY-HITTER]
    #3: 10.10.3.95 - 27520 pkts (5497 pps) [HEAVY-HITTER]
    #4: 10.10.3.164 - 27392 pkts (5471 pps) [HEAVY-HITTER]
    #5: 10.10.3.190 - 27360 pkts (5465 pps) [HEAVY-HITTER]

[RING BUFFER + MULTI-SCALE FEATURES]
=== Temporal Analysis (last 100 windows = 5.0 sec) ===

  Windows processed:         8840
  Buffer utilization:        100/100 (100.0%)
  Running baseline (ML):     6410780 pps (for ML features only)
  Detection mode:            FIXED THRESHOLDS

  [Temporal Features - Last Window]
    Delta PPS (250ms):       +583936
    Delta PPS (500ms):       +1168128
    PPS Variance:            454153568256
    Ratio vs Baseline:       1.81x

  [Multi-Scale Features]
    Top IP (50ms):           404 pps
    Top IP (1s):             13504 pps
    Top IP (1min):           4488 pps
    Burst Ratio (50ms/1min): 0.09x
    IP Concentration:        0.9%

[MULTIPLE DETECTION STATISTICS]
=== Aggregate Detection Analysis ===

  Total detection events:    6115
  Average detection latency: 55.23 ms
  Min detection latency:     53.94 ms
  Max detection latency:     3425.89 ms
  Latency range:             3371.94 ms

  Detection Latency Histogram:
    < 20 ms:  0 detections (0.0%)
    20-30 ms: 0 detections (0.0%)
    30-40 ms: 0 detections (0.0%)
    40-50 ms: 0 detections (0.0%)
    > 50 ms:  6114 detections (100.0%)

[PERFORMANCE METRICS]
  Throughput:         5.30 Gbps (7.84 Mpps)
  Cycles available:   381 cycles/pkt (lower = higher load)
  Active IPs:         0
  Worker threads:     14 (lcores 1-14)

[DPDK NIC STATISTICS]
  RX packets (NIC):   4507886684
  RX dropped (HW):    [0m0[0m (imissed)
  RX no mbufs:        [0m0[0m (buffer exhaustion)
  RX errors:          0
  Total drops:        [0m0 (0.00%)[0m
  RX burst calls:     108878620895 (97.7% empty)
  Processed pkts:     4507889891 (100.0% of NIC RX)


╔═══════════════════════════════════════════════════════════════════════╗
║          MIRA DDoS DETECTOR - STATISTICS (MULTI-CORE)                ║
╚═══════════════════════════════════════════════════════════════════════╝

[PACKET COUNTERS - GLOBAL]
  Total packets:      4558303132
  Baseline (10.10.2.x): 2421320971 (53.1%)
  Attack (10.10.3.x): 740595100 (16.2%)
  TCP packets:        2434941865
  UDP packets:        1911016893
  ICMP packets:       212344374

[INSTANTANEOUS TRAFFIC - Last 5.0 seconds]
  Baseline (10.10.2.x): 25805976 pkts (70.5%)  2436360378 bytes  3.90 Gbps
  Attack (10.10.3.x): 10793472 pkts (29.5%)  874271232 bytes  1.40 Gbps
  Total throughput:   5.30 Gbps  (avg pkt: 90 bytes)

[CUMULATIVE TRAFFIC - Since first packet (474.9s)]
  Total received:     4558303132 pkts (9.60 Mpps) | 8.75 Gbps | 519341751234 bytes

[ATTACK-SPECIFIC COUNTERS]
  SYN packets:        658092404
  SYN-ACK packets:    329045870
  SYN/ACK ratio:      2.00
  HTTP requests:      1151684987
  DNS queries:        500496834

[PROTOCOL-SPECIFIC COUNTERS - CIC-DDoS-2019 Features]
  NTP Amplification:
    Monlist queries:  0
    Responses:        0  (avg size: 0 bytes)
  DNS Amplification:
    ANY queries:      0
    TXT queries:      0
    Responses:        500496815  (avg size: 108 bytes)
  SNMP Amplification:
    GetBulk requests: 0
    Responses:        0  (avg size: 0 bytes)
  SSDP:
    M-SEARCH packets: 0
    Responses:        12230
  PortMapper:
    GETPORT calls:    0
    DUMP calls:       0
  NetBIOS:
    Name queries:     0
    Datagram packets: 0
  LDAP:
    Bind requests:    0
    Search requests:  740582870
  MSSQL:
    SQLBatch packets: 0
    RPC packets:      0
  TFTP:
    RRQ (read) pkts:  0
    WRQ (write) pkts: 0

[ATTACK DETECTIONS - Cumulative Events]
  UDP flood events:   0
  UDP-lag events:     0
  SYN flood events:   0
  HTTP flood events:  0
  ICMP flood events:  0
  DNS amp events:     0
  NTP amp events:     0
  SNMP amp events:    0
  SSDP events:        0
  PortMap events:     0
  NetBIOS events:     0
  LDAP events:        6206
  MSSQL events:       0
  TFTP events:        0
  ACK flood events:   0
  Frag attack events: 0
  Heavy-hitter events:6246 (OctoSketch per-IP detection)
  Packet flood events:0
  (Note: Events count IPs exceeding thresholds per 50ms window)

[ALERT STATUS]
  Alert level:        [1;31mHIGH[0m
  Reason:             [1;31mLDAP detected: 2160653 pps | HEAVY-HITTER: 10.10.3.95 @ 12161 pps | TREND: attack rising (+583936/250ms) | [0m

[MULTI-LF (2025) COMPARISON]
=== Detection Performance vs ML-Based System ===

  First Detection Latency:   3425.89 ms (vs MULTI-LF: 866 ms)
    Improvement:             0.3× faster

  Packets until detection:   1106353308
  Bytes until detection:     135675220297 (129389.97 MB)

[OCTOSKETCH METRICS - Optimized Architecture]
=== Per-Worker Sketches + Sampling (1/32 packets) ===

  Architecture:              Per-worker (NO atomics, NO contention)
  Total sketch memory:       8961 KB (14 workers × 640.1 KB)
  Sampling rate:             1 in 32 packets (3.1% overhead)
  Attack traffic sampled:    5011168 updates
  Estimated attack packets:  160357376 (×32 sampling factor)
  Sketch overhead:           ~1.56% of fast-path cycles
  Memory efficiency:         O(1) constant, 640.1 KB per worker

[OCTOSKETCH HEAVY-HITTER DETECTION]
=== Top Attackers (per-IP tracking via Count-Min Sketch) ===

  Heavy-hitter threshold:    5000 pps per IP
  Heavy-hitters detected:    5 IPs exceeding threshold
  Total HH detections:       6246 events

  Top 5 Attackers (estimated counts, ×32 sampling):
    #1: 10.10.3.95 - 28256 pkts (5651 pps) [HEAVY-HITTER]
    #2: 10.10.3.15 - 27264 pkts (5452 pps) [HEAVY-HITTER]
    #3: 10.10.3.193 - 27168 pkts (5433 pps) [HEAVY-HITTER]
    #4: 10.10.3.164 - 27008 pkts (5401 pps) [HEAVY-HITTER]
    #5: 10.10.3.10 - 26944 pkts (5388 pps) [HEAVY-HITTER]

[RING BUFFER + MULTI-SCALE FEATURES]
=== Temporal Analysis (last 100 windows = 5.0 sec) ===

  Windows processed:         8931
  Buffer utilization:        100/100 (100.0%)
  Running baseline (ML):     5824652 pps (for ML features only)
  Detection mode:            FIXED THRESHOLDS

  [Temporal Features - Last Window]
    Delta PPS (250ms):       +583936
    Delta PPS (500ms):       +1168128
    PPS Variance:            454944522240
    Ratio vs Baseline:       1.84x

  [Multi-Scale Features]
    Top IP (50ms):           386 pps
    Top IP (1s):             7616 pps
    Top IP (1min):           5399 pps
    Burst Ratio (50ms/1min): 0.07x
    IP Concentration:        0.8%

[MULTIPLE DETECTION STATISTICS]
=== Aggregate Detection Analysis ===

  Total detection events:    6206
  Average detection latency: 55.22 ms
  Min detection latency:     53.94 ms
  Max detection latency:     3425.89 ms
  Latency range:             3371.94 ms

  Detection Latency Histogram:
    < 20 ms:  0 detections (0.0%)
    20-30 ms: 0 detections (0.0%)
    30-40 ms: 0 detections (0.0%)
    40-50 ms: 0 detections (0.0%)
    > 50 ms:  6205 detections (100.0%)

[PERFORMANCE METRICS]
  Throughput:         5.30 Gbps (7.32 Mpps)
  Cycles available:   409 cycles/pkt (lower = higher load)
  Active IPs:         0
  Worker threads:     14 (lcores 1-14)

[DPDK NIC STATISTICS]
  RX packets (NIC):   4558299592
  RX dropped (HW):    [0m0[0m (imissed)
  RX no mbufs:        [0m0[0m (buffer exhaustion)
  RX errors:          0
  Total drops:        [0m0 (0.00%)[0m
  RX burst calls:     109946101575 (97.7% empty)
  Processed pkts:     4558303132 (100.0% of NIC RX)


╔═══════════════════════════════════════════════════════════════════════╗
║          MIRA DDoS DETECTOR - STATISTICS (MULTI-CORE)                ║
╚═══════════════════════════════════════════════════════════════════════╝

[PACKET COUNTERS - GLOBAL]
  Total packets:      4608851176
  Baseline (10.10.2.x): 2447192316 (53.1%)
  Attack (10.10.3.x): 751423132 (16.3%)
  TCP packets:        2462739735
  UDP packets:        1931555217
  ICMP packets:       214556224

[INSTANTANEOUS TRAFFIC - Last 5.0 seconds]
  Baseline (10.10.2.x): 25870882 pkts (70.5%)  2613619515 bytes  4.18 Gbps
  Attack (10.10.3.x): 10827776 pkts (29.5%)  938559717 bytes  1.50 Gbps
  Total throughput:   5.68 Gbps  (avg pkt: 97 bytes)

[CUMULATIVE TRAFFIC - Since first packet (479.9s)]
  Total received:     4608851176 pkts (9.60 Mpps) | 8.75 Gbps | 525051423686 bytes

[ATTACK-SPECIFIC COUNTERS]
  SYN packets:        665703738
  SYN-ACK packets:    332851533
  SYN/ACK ratio:      2.00
  HTTP requests:      1164094925
  DNS queries:        504469946

[PROTOCOL-SPECIFIC COUNTERS - CIC-DDoS-2019 Features]
  NTP Amplification:
    Monlist queries:  0
    Responses:        0  (avg size: 0 bytes)
  DNS Amplification:
    ANY queries:      0
    TXT queries:      0
    Responses:        504469934  (avg size: 108 bytes)
  SNMP Amplification:
    GetBulk requests: 0
    Responses:        0  (avg size: 0 bytes)
  SSDP:
    M-SEARCH packets: 0
    Responses:        12403
  PortMapper:
    GETPORT calls:    0
    DUMP calls:       0
  NetBIOS:
    Name queries:     0
    Datagram packets: 0
  LDAP:
    Bind requests:    0
    Search requests:  751410729
  MSSQL:
    SQLBatch packets: 0
    RPC packets:      0
  TFTP:
    RRQ (read) pkts:  0
    WRQ (write) pkts: 0

[ATTACK DETECTIONS - Cumulative Events]
  UDP flood events:   0
  UDP-lag events:     0
  SYN flood events:   0
  HTTP flood events:  0
  ICMP flood events:  0
  DNS amp events:     0
  NTP amp events:     0
  SNMP amp events:    0
  SSDP events:        0
  PortMap events:     0
  NetBIOS events:     0
  LDAP events:        6298
  MSSQL events:       0
  TFTP events:        0
  ACK flood events:   0
  Frag attack events: 0
  Heavy-hitter events:6338 (OctoSketch per-IP detection)
  Packet flood events:0
  (Note: Events count IPs exceeding thresholds per 50ms window)

[ALERT STATUS]
  Alert level:        [1;31mHIGH[0m
  Reason:             [1;31mLDAP detected: 2160650 pps | HEAVY-HITTER: 10.10.3.171 @ 11825 pps | TREND: attack rising (+585984/250ms) | [0m

[MULTI-LF (2025) COMPARISON]
=== Detection Performance vs ML-Based System ===

  First Detection Latency:   3425.89 ms (vs MULTI-LF: 866 ms)
    Improvement:             0.3× faster

  Packets until detection:   1106353308
  Bytes until detection:     135675220297 (129389.97 MB)

[OCTOSKETCH METRICS - Optimized Architecture]
=== Per-Worker Sketches + Sampling (1/32 packets) ===

  Architecture:              Per-worker (NO atomics, NO contention)
  Total sketch memory:       8961 KB (14 workers × 640.1 KB)
  Sampling rate:             1 in 32 packets (3.1% overhead)
  Attack traffic sampled:    5013408 updates
  Estimated attack packets:  160429056 (×32 sampling factor)
  Sketch overhead:           ~1.56% of fast-path cycles
  Memory efficiency:         O(1) constant, 640.1 KB per worker

[OCTOSKETCH HEAVY-HITTER DETECTION]
=== Top Attackers (per-IP tracking via Count-Min Sketch) ===

  Heavy-hitter threshold:    5000 pps per IP
  Heavy-hitters detected:    5 IPs exceeding threshold
  Total HH detections:       6338 events

  Top 5 Attackers (estimated counts, ×32 sampling):
    #1: 10.10.3.171 - 27488 pkts (5490 pps) [HEAVY-HITTER]
    #2: 10.10.3.24 - 27008 pkts (5394 pps) [HEAVY-HITTER]
    #3: 10.10.3.133 - 26976 pkts (5387 pps) [HEAVY-HITTER]
    #4: 10.10.3.3 - 26944 pkts (5381 pps) [HEAVY-HITTER]
    #5: 10.10.3.125 - 26816 pkts (5355 pps) [HEAVY-HITTER]

[RING BUFFER + MULTI-SCALE FEATURES]
=== Temporal Analysis (last 100 windows = 5.0 sec) ===

  Windows processed:         9023
  Buffer utilization:        100/100 (100.0%)
  Running baseline (ML):     5719684 pps (for ML features only)
  Detection mode:            FIXED THRESHOLDS

  [Temporal Features - Last Window]
    Delta PPS (250ms):       +585984
    Delta PPS (500ms):       +1170176
    PPS Variance:            454363774976
    Ratio vs Baseline:       1.89x

  [Multi-Scale Features]
    Top IP (50ms):           441 pps
    Top IP (1s):             2496 pps
    Top IP (1min):           6370 pps
    Burst Ratio (50ms/1min): 0.07x
    IP Concentration:        0.9%

[MULTIPLE DETECTION STATISTICS]
=== Aggregate Detection Analysis ===

  Total detection events:    6298
  Average detection latency: 55.22 ms
  Min detection latency:     53.94 ms
  Max detection latency:     3425.89 ms
  Latency range:             3371.94 ms

  Detection Latency Histogram:
    < 20 ms:  0 detections (0.0%)
    20-30 ms: 0 detections (0.0%)
    30-40 ms: 0 detections (0.0%)
    40-50 ms: 0 detections (0.0%)
    > 50 ms:  6297 detections (100.0%)

[PERFORMANCE METRICS]
  Throughput:         5.68 Gbps (7.33 Mpps)
  Cycles available:   408 cycles/pkt (lower = higher load)
  Active IPs:         0
  Worker threads:     14 (lcores 1-14)

[DPDK NIC STATISTICS]
  RX packets (NIC):   4608847788
  RX dropped (HW):    [0m0[0m (imissed)
  RX no mbufs:        [0m0[0m (buffer exhaustion)
  RX errors:          0
  Total drops:        [0m0 (0.00%)[0m
  RX burst calls:     111017678145 (97.7% empty)
  Processed pkts:     4608851176 (100.0% of NIC RX)


╔═══════════════════════════════════════════════════════════════════════╗
║          MIRA DDoS DETECTOR - STATISTICS (MULTI-CORE)                ║
╚═══════════════════════════════════════════════════════════════════════╝

[PACKET COUNTERS - GLOBAL]
  Total packets:      4659278748
  Baseline (10.10.2.x): 2473005963 (53.1%)
  Attack (10.10.3.x): 762219420 (16.4%)
  TCP packets:        2490484418
  UDP packets:        1952035144
  ICMP packets:       216759186

[INSTANTANEOUS TRAFFIC - Last 5.0 seconds]
  Baseline (10.10.2.x): 25813095 pkts (70.5%)  2436711689 bytes  3.90 Gbps
  Attack (10.10.3.x): 10796032 pkts (29.5%)  874478592 bytes  1.40 Gbps
  Total throughput:   5.30 Gbps  (avg pkt: 90 bytes)

[CUMULATIVE TRAFFIC - Since first packet (484.9s)]
  Total received:     4659278748 pkts (9.61 Mpps) | 8.76 Gbps | 530747731392 bytes

[ATTACK-SPECIFIC COUNTERS]
  SYN packets:        673300181
  SYN-ACK packets:    336649747
  SYN/ACK ratio:      2.00
  HTTP requests:      1176483542
  DNS queries:        508432471

[PROTOCOL-SPECIFIC COUNTERS - CIC-DDoS-2019 Features]
  NTP Amplification:
    Monlist queries:  0
    Responses:        0  (avg size: 0 bytes)
  DNS Amplification:
    ANY queries:      0
    TXT queries:      0
    Responses:        508432456  (avg size: 108 bytes)
  SNMP Amplification:
    GetBulk requests: 0
    Responses:        0  (avg size: 0 bytes)
  SSDP:
    M-SEARCH packets: 0
    Responses:        12579
  PortMapper:
    GETPORT calls:    0
    DUMP calls:       0
  NetBIOS:
    Name queries:     0
    Datagram packets: 0
  LDAP:
    Bind requests:    0
    Search requests:  762206841
  MSSQL:
    SQLBatch packets: 0
    RPC packets:      0
  TFTP:
    RRQ (read) pkts:  0
    WRQ (write) pkts: 0

[ATTACK DETECTIONS - Cumulative Events]
  UDP flood events:   0
  UDP-lag events:     0
  SYN flood events:   0
  HTTP flood events:  0
  ICMP flood events:  0
  DNS amp events:     0
  NTP amp events:     0
  SNMP amp events:    0
  SSDP events:        0
  PortMap events:     0
  NetBIOS events:     0
  LDAP events:        6389
  MSSQL events:       0
  TFTP events:        0
  ACK flood events:   0
  Frag attack events: 0
  Heavy-hitter events:6429 (OctoSketch per-IP detection)
  Packet flood events:0
  (Note: Events count IPs exceeding thresholds per 50ms window)

[ALERT STATUS]
  Alert level:        [1;31mHIGH[0m
  Reason:             [1;31mLDAP detected: 2160726 pps | HEAVY-HITTER: 10.10.3.152 @ 11601 pps | TREND: attack rising (+584448/250ms) | [0m

[MULTI-LF (2025) COMPARISON]
=== Detection Performance vs ML-Based System ===

  First Detection Latency:   3425.89 ms (vs MULTI-LF: 866 ms)
    Improvement:             0.3× faster

  Packets until detection:   1106353308
  Bytes until detection:     135675220297 (129389.97 MB)

[OCTOSKETCH METRICS - Optimized Architecture]
=== Per-Worker Sketches + Sampling (1/32 packets) ===

  Architecture:              Per-worker (NO atomics, NO contention)
  Total sketch memory:       8961 KB (14 workers × 640.1 KB)
  Sampling rate:             1 in 32 packets (3.1% overhead)
  Attack traffic sampled:    4895968 updates
  Estimated attack packets:  156670976 (×32 sampling factor)
  Sketch overhead:           ~1.56% of fast-path cycles
  Memory efficiency:         O(1) constant, 640.1 KB per worker

[OCTOSKETCH HEAVY-HITTER DETECTION]
=== Top Attackers (per-IP tracking via Count-Min Sketch) ===

  Heavy-hitter threshold:    5000 pps per IP
  Heavy-hitters detected:    5 IPs exceeding threshold
  Total HH detections:       6429 events

  Top 5 Attackers (estimated counts, ×32 sampling):
    #1: 10.10.3.152 - 26336 pkts (5267 pps) [HEAVY-HITTER]
    #2: 10.10.3.39 - 26144 pkts (5228 pps) [HEAVY-HITTER]
    #3: 10.10.3.93 - 26144 pkts (5228 pps) [HEAVY-HITTER]
    #4: 10.10.3.101 - 26112 pkts (5222 pps) [HEAVY-HITTER]
    #5: 10.10.3.5 - 26080 pkts (5215 pps) [HEAVY-HITTER]

[RING BUFFER + MULTI-SCALE FEATURES]
=== Temporal Analysis (last 100 windows = 5.0 sec) ===

  Windows processed:         9114
  Buffer utilization:        100/100 (100.0%)
  Running baseline (ML):     5756200 pps (for ML features only)
  Detection mode:            FIXED THRESHOLDS

  [Temporal Features - Last Window]
    Delta PPS (250ms):       +584448
    Delta PPS (500ms):       +1168640
    PPS Variance:            455227637760
    Ratio vs Baseline:       1.87x

  [Multi-Scale Features]
    Top IP (50ms):           395 pps
    Top IP (1s):             9440 pps
    Top IP (1min):           7215 pps
    Burst Ratio (50ms/1min): 0.05x
    IP Concentration:        0.8%

[MULTIPLE DETECTION STATISTICS]
=== Aggregate Detection Analysis ===

  Total detection events:    6389
  Average detection latency: 55.21 ms
  Min detection latency:     53.94 ms
  Max detection latency:     3425.89 ms
  Latency range:             3371.94 ms

  Detection Latency Histogram:
    < 20 ms:  0 detections (0.0%)
    20-30 ms: 0 detections (0.0%)
    30-40 ms: 0 detections (0.0%)
    40-50 ms: 0 detections (0.0%)
    > 50 ms:  6388 detections (100.0%)

[PERFORMANCE METRICS]
  Throughput:         5.30 Gbps (7.32 Mpps)
  Cycles available:   408 cycles/pkt (lower = higher load)
  Active IPs:         0
  Worker threads:     14 (lcores 1-14)

[DPDK NIC STATISTICS]
  RX packets (NIC):   4659275027
  RX dropped (HW):    [0m0[0m (imissed)
  RX no mbufs:        [0m0[0m (buffer exhaustion)
  RX errors:          0
  Total drops:        [0m0 (0.00%)[0m
  RX burst calls:     112085404714 (97.7% empty)
  Processed pkts:     4659278748 (100.0% of NIC RX)


╔═══════════════════════════════════════════════════════════════════════╗
║          MIRA DDoS DETECTOR - STATISTICS (MULTI-CORE)                ║
╚═══════════════════════════════════════════════════════════════════════╝

[PACKET COUNTERS - GLOBAL]
  Total packets:      4709850780
  Baseline (10.10.2.x): 2498891528 (53.1%)
  Attack (10.10.3.x): 773049500 (16.4%)
  TCP packets:        2518302057
  UDP packets:        1972578943
  ICMP packets:       218969780

[INSTANTANEOUS TRAFFIC - Last 5.0 seconds]
  Baseline (10.10.2.x): 25885114 pkts (70.5%)  2443644303 bytes  3.90 Gbps
  Attack (10.10.3.x): 10829824 pkts (29.5%)  940371606 bytes  1.50 Gbps
  Total throughput:   5.41 Gbps  (avg pkt: 92 bytes)

[CUMULATIVE TRAFFIC - Since first packet (489.9s)]
  Total received:     4709850780 pkts (9.61 Mpps) | 8.76 Gbps | 536460227700 bytes

[ATTACK-SPECIFIC COUNTERS]
  SYN packets:        680916806
  SYN-ACK packets:    340458056
  SYN/ACK ratio:      2.00
  HTTP requests:      1188903246
  DNS queries:        512407375

[PROTOCOL-SPECIFIC COUNTERS - CIC-DDoS-2019 Features]
  NTP Amplification:
    Monlist queries:  0
    Responses:        0  (avg size: 0 bytes)
  DNS Amplification:
    ANY queries:      0
    TXT queries:      0
    Responses:        512407366  (avg size: 108 bytes)
  SNMP Amplification:
    GetBulk requests: 0
    Responses:        0  (avg size: 0 bytes)
  SSDP:
    M-SEARCH packets: 0
    Responses:        12758
  PortMapper:
    GETPORT calls:    0
    DUMP calls:       0
  NetBIOS:
    Name queries:     0
    Datagram packets: 0
  LDAP:
    Bind requests:    0
    Search requests:  773036742
  MSSQL:
    SQLBatch packets: 0
    RPC packets:      0
  TFTP:
    RRQ (read) pkts:  0
    WRQ (write) pkts: 0

[ATTACK DETECTIONS - Cumulative Events]
  UDP flood events:   0
  UDP-lag events:     0
  SYN flood events:   0
  HTTP flood events:  0
  ICMP flood events:  0
  DNS amp events:     0
  NTP amp events:     0
  SNMP amp events:    0
  SSDP events:        0
  PortMap events:     0
  NetBIOS events:     0
  LDAP events:        6481
  MSSQL events:       0
  TFTP events:        0
  ACK flood events:   0
  Frag attack events: 0
  Heavy-hitter events:6521 (OctoSketch per-IP detection)
  Packet flood events:0
  (Note: Events count IPs exceeding thresholds per 50ms window)

[ALERT STATUS]
  Alert level:        [1;31mHIGH[0m
  Reason:             [1;31mLDAP detected: 2160678 pps | HEAVY-HITTER: 10.10.3.93 @ 11666 pps | TREND: attack rising (+584704/250ms) | [0m

[MULTI-LF (2025) COMPARISON]
=== Detection Performance vs ML-Based System ===

  First Detection Latency:   3425.89 ms (vs MULTI-LF: 866 ms)
    Improvement:             0.3× faster

  Packets until detection:   1106353308
  Bytes until detection:     135675220297 (129389.97 MB)

[OCTOSKETCH METRICS - Optimized Architecture]
=== Per-Worker Sketches + Sampling (1/32 packets) ===

  Architecture:              Per-worker (NO atomics, NO contention)
  Total sketch memory:       8961 KB (14 workers × 640.1 KB)
  Sampling rate:             1 in 32 packets (3.1% overhead)
  Attack traffic sampled:    4898528 updates
  Estimated attack packets:  156752896 (×32 sampling factor)
  Sketch overhead:           ~1.56% of fast-path cycles
  Memory efficiency:         O(1) constant, 640.1 KB per worker

[OCTOSKETCH HEAVY-HITTER DETECTION]
=== Top Attackers (per-IP tracking via Count-Min Sketch) ===

  Heavy-hitter threshold:    5000 pps per IP
  Heavy-hitters detected:    5 IPs exceeding threshold
  Total HH detections:       6521 events

  Top 5 Attackers (estimated counts, ×32 sampling):
    #1: 10.10.3.93 - 26496 pkts (5291 pps) [HEAVY-HITTER]
    #2: 10.10.3.164 - 26496 pkts (5291 pps) [HEAVY-HITTER]
    #3: 10.10.3.67 - 26432 pkts (5278 pps) [HEAVY-HITTER]
    #4: 10.10.3.125 - 26432 pkts (5278 pps) [HEAVY-HITTER]
    #5: 10.10.3.100 - 26304 pkts (5252 pps) [HEAVY-HITTER]

[RING BUFFER + MULTI-SCALE FEATURES]
=== Temporal Analysis (last 100 windows = 5.0 sec) ===

  Windows processed:         9206
  Buffer utilization:        100/100 (100.0%)
  Running baseline (ML):     5718998 pps (for ML features only)
  Detection mode:            FIXED THRESHOLDS

  [Temporal Features - Last Window]
    Delta PPS (250ms):       +584704
    Delta PPS (500ms):       +1172738
    PPS Variance:            456028979200
    Ratio vs Baseline:       1.89x

  [Multi-Scale Features]
    Top IP (50ms):           437 pps
    Top IP (1s):             4352 pps
    Top IP (1min):           8156 pps
    Burst Ratio (50ms/1min): 0.05x
    IP Concentration:        0.9%

[MULTIPLE DETECTION STATISTICS]
=== Aggregate Detection Analysis ===

  Total detection events:    6481
  Average detection latency: 55.20 ms
  Min detection latency:     53.94 ms
  Max detection latency:     3425.89 ms
  Latency range:             3371.94 ms

  Detection Latency Histogram:
    < 20 ms:  0 detections (0.0%)
    20-30 ms: 0 detections (0.0%)
    30-40 ms: 0 detections (0.0%)
    40-50 ms: 0 detections (0.0%)
    > 50 ms:  6480 detections (100.0%)

[PERFORMANCE METRICS]
  Throughput:         5.41 Gbps (7.33 Mpps)
  Cycles available:   408 cycles/pkt (lower = higher load)
  Active IPs:         0
  Worker threads:     14 (lcores 1-14)

[DPDK NIC STATISTICS]
  RX packets (NIC):   4709847469
  RX dropped (HW):    [0m0[0m (imissed)
  RX no mbufs:        [0m0[0m (buffer exhaustion)
  RX errors:          0
  Total drops:        [0m0 (0.00%)[0m
  RX burst calls:     113156997544 (97.7% empty)
  Processed pkts:     4709850780 (100.0% of NIC RX)


╔═══════════════════════════════════════════════════════════════════════╗
║          MIRA DDoS DETECTOR - STATISTICS (MULTI-CORE)                ║
╚═══════════════════════════════════════════════════════════════════════╝

[PACKET COUNTERS - GLOBAL]
  Total packets:      4760250547
  Baseline (10.10.2.x): 2524688047 (53.0%)
  Attack (10.10.3.x): 783845532 (16.5%)
  TCP packets:        2546024210
  UDP packets:        1993053179
  ICMP packets:       221173158

[INSTANTANEOUS TRAFFIC - Last 5.0 seconds]
  Baseline (10.10.2.x): 25796045 pkts (70.5%)  2435334099 bytes  3.90 Gbps
  Attack (10.10.3.x): 10795776 pkts (29.5%)  874457856 bytes  1.40 Gbps
  Total throughput:   5.30 Gbps  (avg pkt: 90 bytes)

[CUMULATIVE TRAFFIC - Since first packet (494.9s)]
  Total received:     4760250547 pkts (9.62 Mpps) | 8.76 Gbps | 542152833288 bytes

[ATTACK-SPECIFIC COUNTERS]
  SYN packets:        688507729
  SYN-ACK packets:    344253514
  SYN/ACK ratio:      2.00
  HTTP requests:      1201277017
  DNS queries:        516367949

[PROTOCOL-SPECIFIC COUNTERS - CIC-DDoS-2019 Features]
  NTP Amplification:
    Monlist queries:  0
    Responses:        0  (avg size: 0 bytes)
  DNS Amplification:
    ANY queries:      0
    TXT queries:      0
    Responses:        516367938  (avg size: 108 bytes)
  SNMP Amplification:
    GetBulk requests: 0
    Responses:        0  (avg size: 0 bytes)
  SSDP:
    M-SEARCH packets: 0
    Responses:        12934
  PortMapper:
    GETPORT calls:    0
    DUMP calls:       0
  NetBIOS:
    Name queries:     0
    Datagram packets: 0
  LDAP:
    Bind requests:    0
    Search requests:  783832598
  MSSQL:
    SQLBatch packets: 0
    RPC packets:      0
  TFTP:
    RRQ (read) pkts:  0
    WRQ (write) pkts: 0

[ATTACK DETECTIONS - Cumulative Events]
  UDP flood events:   0
  UDP-lag events:     0
  SYN flood events:   0
  HTTP flood events:  0
  ICMP flood events:  0
  DNS amp events:     0
  NTP amp events:     0
  SNMP amp events:    0
  SSDP events:        0
  PortMap events:     0
  NetBIOS events:     0
  LDAP events:        6572
  MSSQL events:       0
  TFTP events:        0
  ACK flood events:   0
  Frag attack events: 0
  Heavy-hitter events:6612 (OctoSketch per-IP detection)
  Packet flood events:0
  (Note: Events count IPs exceeding thresholds per 50ms window)

[ALERT STATUS]
  Alert level:        [1;31mHIGH[0m
  Reason:             [1;31mLDAP detected: 2160594 pps | HEAVY-HITTER: 10.10.3.67 @ 11754 pps | TREND: attack rising (+584192/250ms) | [0m

[MULTI-LF (2025) COMPARISON]
=== Detection Performance vs ML-Based System ===

  First Detection Latency:   3425.89 ms (vs MULTI-LF: 866 ms)
    Improvement:             0.3× faster

  Packets until detection:   1106353308
  Bytes until detection:     135675220297 (129389.97 MB)

[OCTOSKETCH METRICS - Optimized Architecture]
=== Per-Worker Sketches + Sampling (1/32 packets) ===

  Architecture:              Per-worker (NO atomics, NO contention)
  Total sketch memory:       8961 KB (14 workers × 640.1 KB)
  Sampling rate:             1 in 32 packets (3.1% overhead)
  Attack traffic sampled:    4779040 updates
  Estimated attack packets:  152929280 (×32 sampling factor)
  Sketch overhead:           ~1.56% of fast-path cycles
  Memory efficiency:         O(1) constant, 640.1 KB per worker

[OCTOSKETCH HEAVY-HITTER DETECTION]
=== Top Attackers (per-IP tracking via Count-Min Sketch) ===

  Heavy-hitter threshold:    5000 pps per IP
  Heavy-hitters detected:    5 IPs exceeding threshold
  Total HH detections:       6612 events

  Top 5 Attackers (estimated counts, ×32 sampling):
    #1: 10.10.3.67 - 26048 pkts (5209 pps) [HEAVY-HITTER]
    #2: 10.10.3.194 - 25984 pkts (5196 pps) [HEAVY-HITTER]
    #3: 10.10.3.41 - 25760 pkts (5151 pps) [HEAVY-HITTER]
    #4: 10.10.3.98 - 25760 pkts (5151 pps) [HEAVY-HITTER]
    #5: 10.10.3.89 - 25728 pkts (5145 pps) [HEAVY-HITTER]

[RING BUFFER + MULTI-SCALE FEATURES]
=== Temporal Analysis (last 100 windows = 5.0 sec) ===

  Windows processed:         9297
  Buffer utilization:        100/100 (100.0%)
  Running baseline (ML):     5755319 pps (for ML features only)
  Detection mode:            FIXED THRESHOLDS

  [Temporal Features - Last Window]
    Delta PPS (250ms):       +584192
    Delta PPS (500ms):       +1168384
    PPS Variance:            454847299584
    Ratio vs Baseline:       1.87x

  [Multi-Scale Features]
    Top IP (50ms):           404 pps
    Top IP (1s):             11328 pps
    Top IP (1min):           9075 pps
    Burst Ratio (50ms/1min): 0.04x
    IP Concentration:        0.8%

[MULTIPLE DETECTION STATISTICS]
=== Aggregate Detection Analysis ===

  Total detection events:    6572
  Average detection latency: 55.19 ms
  Min detection latency:     53.94 ms
  Max detection latency:     3425.89 ms
  Latency range:             3371.94 ms

  Detection Latency Histogram:
    < 20 ms:  0 detections (0.0%)
    20-30 ms: 0 detections (0.0%)
    30-40 ms: 0 detections (0.0%)
    40-50 ms: 0 detections (0.0%)
    > 50 ms:  6571 detections (100.0%)

[PERFORMANCE METRICS]
  Throughput:         5.30 Gbps (7.32 Mpps)
  Cycles available:   409 cycles/pkt (lower = higher load)
  Active IPs:         0
  Worker threads:     14 (lcores 1-14)

[DPDK NIC STATISTICS]
  RX packets (NIC):   4760247173
  RX dropped (HW):    [0m0[0m (imissed)
  RX no mbufs:        [0m0[0m (buffer exhaustion)
  RX errors:          0
  Total drops:        [0m0 (0.00%)[0m
  RX burst calls:     114225518216 (97.7% empty)
  Processed pkts:     4760250547 (100.0% of NIC RX)


╔═══════════════════════════════════════════════════════════════════════╗
║          MIRA DDoS DETECTOR - STATISTICS (MULTI-CORE)                ║
╚═══════════════════════════════════════════════════════════════════════╝

[PACKET COUNTERS - GLOBAL]
  Total packets:      4810810910
  Baseline (10.10.2.x): 2550568361 (53.0%)
  Attack (10.10.3.x): 794672796 (16.5%)
  TCP packets:        2573839827
  UDP packets:        2013589907
  ICMP packets:       223381176

[INSTANTANEOUS TRAFFIC - Last 5.0 seconds]
  Baseline (10.10.2.x): 25879799 pkts (70.5%)  2443009103 bytes  3.90 Gbps
  Attack (10.10.3.x): 10827264 pkts (29.5%)  877008384 bytes  1.40 Gbps
  Total throughput:   5.30 Gbps  (avg pkt: 90 bytes)

[CUMULATIVE TRAFFIC - Since first packet (499.9s)]
  Total received:     4810810910 pkts (9.62 Mpps) | 8.77 Gbps | 547863883960 bytes

[ATTACK-SPECIFIC COUNTERS]
  SYN packets:        696123990
  SYN-ACK packets:    348061644
  SYN/ACK ratio:      2.00
  HTTP requests:      1213694373
  DNS queries:        520341693

[PROTOCOL-SPECIFIC COUNTERS - CIC-DDoS-2019 Features]
  NTP Amplification:
    Monlist queries:  0
    Responses:        0  (avg size: 0 bytes)
  DNS Amplification:
    ANY queries:      0
    TXT queries:      0
    Responses:        520341683  (avg size: 108 bytes)
  SNMP Amplification:
    GetBulk requests: 0
    Responses:        0  (avg size: 0 bytes)
  SSDP:
    M-SEARCH packets: 0
    Responses:        13122
  PortMapper:
    GETPORT calls:    0
    DUMP calls:       0
  NetBIOS:
    Name queries:     0
    Datagram packets: 0
  LDAP:
    Bind requests:    0
    Search requests:  794659674
  MSSQL:
    SQLBatch packets: 0
    RPC packets:      0
  TFTP:
    RRQ (read) pkts:  0
    WRQ (write) pkts: 0

[ATTACK DETECTIONS - Cumulative Events]
  UDP flood events:   0
  UDP-lag events:     0
  SYN flood events:   0
  HTTP flood events:  0
  ICMP flood events:  0
  DNS amp events:     0
  NTP amp events:     0
  SNMP amp events:    0
  SSDP events:        0
  PortMap events:     0
  NetBIOS events:     0
  LDAP events:        6664
  MSSQL events:       0
  TFTP events:        0
  ACK flood events:   0
  Frag attack events: 0
  Heavy-hitter events:6704 (OctoSketch per-IP detection)
  Packet flood events:0
  (Note: Events count IPs exceeding thresholds per 50ms window)

[ALERT STATUS]
  Alert level:        [1;31mHIGH[0m
  Reason:             [1;31mLDAP detected: 2160625 pps | HEAVY-HITTER: 10.10.3.139 @ 11698 pps | TREND: attack rising (+584192/250ms) | [0m

[MULTI-LF (2025) COMPARISON]
=== Detection Performance vs ML-Based System ===

  First Detection Latency:   3425.89 ms (vs MULTI-LF: 866 ms)
    Improvement:             0.3× faster

  Packets until detection:   1106353308
  Bytes until detection:     135675220297 (129389.97 MB)

[OCTOSKETCH METRICS - Optimized Architecture]
=== Per-Worker Sketches + Sampling (1/32 packets) ===

  Architecture:              Per-worker (NO atomics, NO contention)
  Total sketch memory:       8961 KB (14 workers × 640.1 KB)
  Sampling rate:             1 in 32 packets (3.1% overhead)
  Attack traffic sampled:    4778432 updates
  Estimated attack packets:  152909824 (×32 sampling factor)
  Sketch overhead:           ~1.56% of fast-path cycles
  Memory efficiency:         O(1) constant, 640.1 KB per worker

[OCTOSKETCH HEAVY-HITTER DETECTION]
=== Top Attackers (per-IP tracking via Count-Min Sketch) ===

  Heavy-hitter threshold:    5000 pps per IP
  Heavy-hitters detected:    5 IPs exceeding threshold
  Total HH detections:       6704 events

  Top 5 Attackers (estimated counts, ×32 sampling):
    #1: 10.10.3.139 - 25920 pkts (5177 pps) [HEAVY-HITTER]
    #2: 10.10.3.83 - 25888 pkts (5170 pps) [HEAVY-HITTER]
    #3: 10.10.3.18 - 25728 pkts (5138 pps) [HEAVY-HITTER]
    #4: 10.10.3.24 - 25536 pkts (5100 pps) [HEAVY-HITTER]
    #5: 10.10.3.147 - 25504 pkts (5094 pps) [HEAVY-HITTER]

[RING BUFFER + MULTI-SCALE FEATURES]
=== Temporal Analysis (last 100 windows = 5.0 sec) ===

  Windows processed:         9389
  Buffer utilization:        100/100 (100.0%)
  Running baseline (ML):     5718357 pps (for ML features only)
  Detection mode:            FIXED THRESHOLDS

  [Temporal Features - Last Window]
    Delta PPS (250ms):       +584192
    Delta PPS (500ms):       +1170176
    PPS Variance:            454986989568
    Ratio vs Baseline:       1.89x

  [Multi-Scale Features]
    Top IP (50ms):           433 pps
    Top IP (1s):             6336 pps
    Top IP (1min):           10001 pps
    Burst Ratio (50ms/1min): 0.04x
    IP Concentration:        0.9%

[MULTIPLE DETECTION STATISTICS]
=== Aggregate Detection Analysis ===

  Total detection events:    6664
  Average detection latency: 55.19 ms
  Min detection latency:     53.94 ms
  Max detection latency:     3425.89 ms
  Latency range:             3371.94 ms

  Detection Latency Histogram:
    < 20 ms:  0 detections (0.0%)
    20-30 ms: 0 detections (0.0%)
    30-40 ms: 0 detections (0.0%)
    40-50 ms: 0 detections (0.0%)
    > 50 ms:  6663 detections (100.0%)

[PERFORMANCE METRICS]
  Throughput:         5.30 Gbps (7.33 Mpps)
  Cycles available:   408 cycles/pkt (lower = higher load)
  Active IPs:         0
  Worker threads:     14 (lcores 1-14)

[DPDK NIC STATISTICS]
  RX packets (NIC):   4810807213
  RX dropped (HW):    [0m0[0m (imissed)
  RX no mbufs:        [0m0[0m (buffer exhaustion)
  RX errors:          0
  Total drops:        [0m0 (0.00%)[0m
  RX burst calls:     115296784160 (97.6% empty)
  Processed pkts:     4810810910 (100.0% of NIC RX)


╔═══════════════════════════════════════════════════════════════════════╗
║          MIRA DDoS DETECTOR - STATISTICS (MULTI-CORE)                ║
╚═══════════════════════════════════════════════════════════════════════╝

[PACKET COUNTERS - GLOBAL]
  Total packets:      4861208387
  Baseline (10.10.2.x): 2576362922 (53.0%)
  Attack (10.10.3.x): 805469084 (16.6%)
  TCP packets:        2601557636
  UDP packets:        2034065237
  ICMP packets:       225585514

[INSTANTANEOUS TRAFFIC - Last 5.0 seconds]
  Baseline (10.10.2.x): 25794155 pkts (70.5%)  2435219431 bytes  3.90 Gbps
  Attack (10.10.3.x): 10796032 pkts (29.5%)  874478592 bytes  1.40 Gbps
  Total throughput:   5.29 Gbps  (avg pkt: 90 bytes)

[CUMULATIVE TRAFFIC - Since first packet (504.9s)]
  Total received:     4861208387 pkts (9.63 Mpps) | 8.77 Gbps | 553556209082 bytes

[ATTACK-SPECIFIC COUNTERS]
  SYN packets:        703713710
  SYN-ACK packets:    351856500
  SYN/ACK ratio:      2.00
  HTTP requests:      1226066221
  DNS queries:        524302578

[PROTOCOL-SPECIFIC COUNTERS - CIC-DDoS-2019 Features]
  NTP Amplification:
    Monlist queries:  0
    Responses:        0  (avg size: 0 bytes)
  DNS Amplification:
    ANY queries:      0
    TXT queries:      0
    Responses:        524302565  (avg size: 108 bytes)
  SNMP Amplification:
    GetBulk requests: 0
    Responses:        0  (avg size: 0 bytes)
  SSDP:
    M-SEARCH packets: 0
    Responses:        13295
  PortMapper:
    GETPORT calls:    0
    DUMP calls:       0
  NetBIOS:
    Name queries:     0
    Datagram packets: 0
  LDAP:
    Bind requests:    0
    Search requests:  805455789
  MSSQL:
    SQLBatch packets: 0
    RPC packets:      0
  TFTP:
    RRQ (read) pkts:  0
    WRQ (write) pkts: 0

[ATTACK DETECTIONS - Cumulative Events]
  UDP flood events:   0
  UDP-lag events:     0
  SYN flood events:   0
  HTTP flood events:  0
  ICMP flood events:  0
  DNS amp events:     0
  NTP amp events:     0
  SNMP amp events:    0
  SSDP events:        0
  PortMap events:     0
  NetBIOS events:     0
  LDAP events:        6755
  MSSQL events:       0
  TFTP events:        0
  ACK flood events:   0
  Frag attack events: 0
  Heavy-hitter events:6795 (OctoSketch per-IP detection)
  Packet flood events:0
  (Note: Events count IPs exceeding thresholds per 50ms window)

[ALERT STATUS]
  Alert level:        [1;31mHIGH[0m
  Reason:             [1;31mLDAP detected: 2160602 pps | HEAVY-HITTER: 10.10.3.64 @ 11744 pps | TREND: attack rising (+583986/250ms) | [0m

[MULTI-LF (2025) COMPARISON]
=== Detection Performance vs ML-Based System ===

  First Detection Latency:   3425.89 ms (vs MULTI-LF: 866 ms)
    Improvement:             0.3× faster

  Packets until detection:   1106353308
  Bytes until detection:     135675220297 (129389.97 MB)

[OCTOSKETCH METRICS - Optimized Architecture]
=== Per-Worker Sketches + Sampling (1/32 packets) ===

  Architecture:              Per-worker (NO atomics, NO contention)
  Total sketch memory:       8961 KB (14 workers × 640.1 KB)
  Sampling rate:             1 in 32 packets (3.1% overhead)
  Attack traffic sampled:    4659744 updates
  Estimated attack packets:  149111808 (×32 sampling factor)
  Sketch overhead:           ~1.56% of fast-path cycles
  Memory efficiency:         O(1) constant, 640.1 KB per worker

[OCTOSKETCH HEAVY-HITTER DETECTION]
=== Top Attackers (per-IP tracking via Count-Min Sketch) ===

  Heavy-hitter threshold:    5000 pps per IP
  Heavy-hitters detected:    5 IPs exceeding threshold
  Total HH detections:       6795 events

  Top 5 Attackers (estimated counts, ×32 sampling):
    #1: 10.10.3.64 - 25376 pkts (5075 pps) [HEAVY-HITTER]
    #2: 10.10.3.50 - 25088 pkts (5017 pps) [HEAVY-HITTER]
    #3: 10.10.3.196 - 25088 pkts (5017 pps) [HEAVY-HITTER]
    #4: 10.10.3.102 - 24960 pkts (4991 pps)
    #5: 10.10.3.151 - 24832 pkts (4966 pps)

[RING BUFFER + MULTI-SCALE FEATURES]
=== Temporal Analysis (last 100 windows = 5.0 sec) ===

  Windows processed:         9480
  Buffer utilization:        100/100 (100.0%)
  Running baseline (ML):     5754002 pps (for ML features only)
  Detection mode:            FIXED THRESHOLDS

  [Temporal Features - Last Window]
    Delta PPS (250ms):       +583986
    Delta PPS (500ms):       +1168178
    PPS Variance:            454217596928
    Ratio vs Baseline:       1.87x

  [Multi-Scale Features]
    Top IP (50ms):           459 pps
    Top IP (1s):             13120 pps
    Top IP (1min):           10915 pps
    Burst Ratio (50ms/1min): 0.04x
    IP Concentration:        0.9%

[MULTIPLE DETECTION STATISTICS]
=== Aggregate Detection Analysis ===

  Total detection events:    6755
  Average detection latency: 55.18 ms
  Min detection latency:     53.94 ms
  Max detection latency:     3425.89 ms
  Latency range:             3371.94 ms

  Detection Latency Histogram:
    < 20 ms:  0 detections (0.0%)
    20-30 ms: 0 detections (0.0%)
    30-40 ms: 0 detections (0.0%)
    40-50 ms: 0 detections (0.0%)
    > 50 ms:  6754 detections (100.0%)

[PERFORMANCE METRICS]
  Throughput:         5.29 Gbps (7.32 Mpps)
  Cycles available:   409 cycles/pkt (lower = higher load)
  Active IPs:         0
  Worker threads:     14 (lcores 1-14)

[DPDK NIC STATISTICS]
  RX packets (NIC):   4861204653
  RX dropped (HW):    [0m0[0m (imissed)
  RX no mbufs:        [0m0[0m (buffer exhaustion)
  RX errors:          0
  Total drops:        [0m0 (0.00%)[0m
  RX burst calls:     116364994859 (97.6% empty)
  Processed pkts:     4861208387 (100.0% of NIC RX)


╔═══════════════════════════════════════════════════════════════════════╗
║          MIRA DDoS DETECTOR - STATISTICS (MULTI-CORE)                ║
╚═══════════════════════════════════════════════════════════════════════╝

[PACKET COUNTERS - GLOBAL]
  Total packets:      4911751510
  Baseline (10.10.2.x): 2602232065 (53.0%)
  Attack (10.10.3.x): 816294742 (16.6%)
  TCP packets:        2629355876
  UDP packets:        2054601170
  ICMP packets:       227794464

[INSTANTANEOUS TRAFFIC - Last 5.0 seconds]
  Baseline (10.10.2.x): 25868748 pkts (70.5%)  2442087630 bytes  3.90 Gbps
  Attack (10.10.3.x): 10825483 pkts (29.5%)  876864609 bytes  1.40 Gbps
  Total throughput:   5.30 Gbps  (avg pkt: 90 bytes)

[CUMULATIVE TRAFFIC - Since first packet (509.9s)]
  Total received:     4911751510 pkts (9.63 Mpps) | 8.77 Gbps | 559265319747 bytes

[ATTACK-SPECIFIC COUNTERS]
  SYN packets:        711324957
  SYN-ACK packets:    355662117
  SYN/ACK ratio:      2.00
  HTTP requests:      1238477687
  DNS queries:        528276235

[PROTOCOL-SPECIFIC COUNTERS - CIC-DDoS-2019 Features]
  NTP Amplification:
    Monlist queries:  0
    Responses:        0  (avg size: 0 bytes)
  DNS Amplification:
    ANY queries:      0
    TXT queries:      0
    Responses:        528276220  (avg size: 108 bytes)
  SNMP Amplification:
    GetBulk requests: 0
    Responses:        0  (avg size: 0 bytes)
  SSDP:
    M-SEARCH packets: 0
    Responses:        13475
  PortMapper:
    GETPORT calls:    0
    DUMP calls:       0
  NetBIOS:
    Name queries:     0
    Datagram packets: 0
  LDAP:
    Bind requests:    0
    Search requests:  816281267
  MSSQL:
    SQLBatch packets: 0
    RPC packets:      0
  TFTP:
    RRQ (read) pkts:  0
    WRQ (write) pkts: 0

[ATTACK DETECTIONS - Cumulative Events]
  UDP flood events:   0
  UDP-lag events:     0
  SYN flood events:   0
  HTTP flood events:  0
  ICMP flood events:  0
  DNS amp events:     0
  NTP amp events:     0
  SNMP amp events:    0
  SSDP events:        0
  PortMap events:     0
  NetBIOS events:     0
  LDAP events:        6847
  MSSQL events:       0
  TFTP events:        0
  ACK flood events:   0
  Frag attack events: 0
  Heavy-hitter events:6887 (OctoSketch per-IP detection)
  Packet flood events:0
  (Note: Events count IPs exceeding thresholds per 50ms window)

[ALERT STATUS]
  Alert level:        [1;31mHIGH[0m
  Reason:             [1;31mLDAP detected: 2160671 pps | HEAVY-HITTER: 10.10.3.10 @ 11842 pps | TREND: attack rising (+584263/250ms) | [0m

[MULTI-LF (2025) COMPARISON]
=== Detection Performance vs ML-Based System ===

  First Detection Latency:   3425.89 ms (vs MULTI-LF: 866 ms)
    Improvement:             0.3× faster

  Packets until detection:   1106353308
  Bytes until detection:     135675220297 (129389.97 MB)

[OCTOSKETCH METRICS - Optimized Architecture]
=== Per-Worker Sketches + Sampling (1/32 packets) ===

  Architecture:              Per-worker (NO atomics, NO contention)
  Total sketch memory:       8961 KB (14 workers × 640.1 KB)
  Sampling rate:             1 in 32 packets (3.1% overhead)
  Attack traffic sampled:    4661760 updates
  Estimated attack packets:  149176320 (×32 sampling factor)
  Sketch overhead:           ~1.56% of fast-path cycles
  Memory efficiency:         O(1) constant, 640.1 KB per worker

[OCTOSKETCH HEAVY-HITTER DETECTION]
=== Top Attackers (per-IP tracking via Count-Min Sketch) ===

  Heavy-hitter threshold:    5000 pps per IP
  Heavy-hitters detected:    5 IPs exceeding threshold
  Total HH detections:       6887 events

  Top 5 Attackers (estimated counts, ×32 sampling):
    #1: 10.10.3.10 - 25600 pkts (5114 pps) [HEAVY-HITTER]
    #2: 10.10.3.194 - 25312 pkts (5056 pps) [HEAVY-HITTER]
    #3: 10.10.3.148 - 25280 pkts (5050 pps) [HEAVY-HITTER]
    #4: 10.10.3.197 - 25216 pkts (5037 pps) [HEAVY-HITTER]
    #5: 10.10.3.93 - 25120 pkts (5018 pps) [HEAVY-HITTER]

[RING BUFFER + MULTI-SCALE FEATURES]
=== Temporal Analysis (last 100 windows = 5.0 sec) ===

  Windows processed:         9572
  Buffer utilization:        100/100 (100.0%)
  Running baseline (ML):     5715511 pps (for ML features only)
  Detection mode:            FIXED THRESHOLDS

  [Temporal Features - Last Window]
    Delta PPS (250ms):       +584263
    Delta PPS (500ms):       +1168640
    PPS Variance:            455084048384
    Ratio vs Baseline:       1.89x

  [Multi-Scale Features]
    Top IP (50ms):           459 pps
    Top IP (1s):             8256 pps
    Top IP (1min):           11833 pps
    Burst Ratio (50ms/1min): 0.04x
    IP Concentration:        0.9%

[MULTIPLE DETECTION STATISTICS]
=== Aggregate Detection Analysis ===

  Total detection events:    6847
  Average detection latency: 55.17 ms
  Min detection latency:     53.94 ms
  Max detection latency:     3425.89 ms
  Latency range:             3371.94 ms

  Detection Latency Histogram:
    < 20 ms:  0 detections (0.0%)
    20-30 ms: 0 detections (0.0%)
    30-40 ms: 0 detections (0.0%)
    40-50 ms: 0 detections (0.0%)
    > 50 ms:  6846 detections (100.0%)

[PERFORMANCE METRICS]
  Throughput:         5.30 Gbps (7.33 Mpps)
  Cycles available:   408 cycles/pkt (lower = higher load)
  Active IPs:         0
  Worker threads:     14 (lcores 1-14)

[DPDK NIC STATISTICS]
  RX packets (NIC):   4911747827
  RX dropped (HW):    [0m0[0m (imissed)
  RX no mbufs:        [0m0[0m (buffer exhaustion)
  RX errors:          0
  Total drops:        [0m0 (0.00%)[0m
  RX burst calls:     117435939349 (97.6% empty)
  Processed pkts:     4911751510 (100.0% of NIC RX)


╔═══════════════════════════════════════════════════════════════════════╗
║          MIRA DDoS DETECTOR - STATISTICS (MULTI-CORE)                ║
╚═══════════════════════════════════════════════════════════════════════╝

[PACKET COUNTERS - GLOBAL]
  Total packets:      4962169795
  Baseline (10.10.2.x): 2628038511 (53.0%)
  Attack (10.10.3.x): 827093148 (16.7%)
  TCP packets:        2657088713
  UDP packets:        2075081243
  ICMP packets:       229999839

[INSTANTANEOUS TRAFFIC - Last 5.0 seconds]
  Baseline (10.10.2.x): 25805926 pkts (70.5%)  2610535161 bytes  4.18 Gbps
  Attack (10.10.3.x): 10798336 pkts (29.5%)  874665216 bytes  1.40 Gbps
  Total throughput:   5.57 Gbps  (avg pkt: 95 bytes)

[CUMULATIVE TRAFFIC - Since first packet (514.9s)]
  Total received:     4962169795 pkts (9.64 Mpps) | 8.78 Gbps | 564960339075 bytes

[ATTACK-SPECIFIC COUNTERS]
  SYN packets:        718918396
  SYN-ACK packets:    359458838
  SYN/ACK ratio:      2.00
  HTTP requests:      1250859299
  DNS queries:        532237634

[PROTOCOL-SPECIFIC COUNTERS - CIC-DDoS-2019 Features]
  NTP Amplification:
    Monlist queries:  0
    Responses:        0  (avg size: 0 bytes)
  DNS Amplification:
    ANY queries:      0
    TXT queries:      0
    Responses:        532237612  (avg size: 108 bytes)
  SNMP Amplification:
    GetBulk requests: 0
    Responses:        0  (avg size: 0 bytes)
  SSDP:
    M-SEARCH packets: 0
    Responses:        13650
  PortMapper:
    GETPORT calls:    0
    DUMP calls:       0
  NetBIOS:
    Name queries:     0
    Datagram packets: 0
  LDAP:
    Bind requests:    0
    Search requests:  827079498
  MSSQL:
    SQLBatch packets: 0
    RPC packets:      0
  TFTP:
    RRQ (read) pkts:  0
    WRQ (write) pkts: 0

[ATTACK DETECTIONS - Cumulative Events]
  UDP flood events:   0
  UDP-lag events:     0
  SYN flood events:   0
  HTTP flood events:  0
  ICMP flood events:  0
  DNS amp events:     0
  NTP amp events:     0
  SNMP amp events:    0
  SSDP events:        0
  PortMap events:     0
  NetBIOS events:     0
  LDAP events:        6938
  MSSQL events:       0
  TFTP events:        0
  ACK flood events:   0
  Frag attack events: 0
  Heavy-hitter events:6978 (OctoSketch per-IP detection)
  Packet flood events:0
  (Note: Events count IPs exceeding thresholds per 50ms window)

[ALERT STATUS]
  Alert level:        [1;31mHIGH[0m
  Reason:             [1;31mLDAP detected: 2160594 pps | HEAVY-HITTER: 10.10.3.24 @ 12303 pps | TREND: attack rising (+585953/250ms) | [0m

[MULTI-LF (2025) COMPARISON]
=== Detection Performance vs ML-Based System ===

  First Detection Latency:   3425.89 ms (vs MULTI-LF: 866 ms)
    Improvement:             0.3× faster

  Packets until detection:   1106353308
  Bytes until detection:     135675220297 (129389.97 MB)

[OCTOSKETCH METRICS - Optimized Architecture]
=== Per-Worker Sketches + Sampling (1/32 packets) ===

  Architecture:              Per-worker (NO atomics, NO contention)
  Total sketch memory:       8961 KB (14 workers × 640.1 KB)
  Sampling rate:             1 in 32 packets (3.1% overhead)
  Attack traffic sampled:    4543264 updates
  Estimated attack packets:  145384448 (×32 sampling factor)
  Sketch overhead:           ~1.56% of fast-path cycles
  Memory efficiency:         O(1) constant, 640.1 KB per worker

[OCTOSKETCH HEAVY-HITTER DETECTION]
=== Top Attackers (per-IP tracking via Count-Min Sketch) ===

  Heavy-hitter threshold:    5000 pps per IP
  Heavy-hitters detected:    5 IPs exceeding threshold
  Total HH detections:       6978 events

  Top 5 Attackers (estimated counts, ×32 sampling):
    #1: 10.10.3.24 - 25920 pkts (5182 pps) [HEAVY-HITTER]
    #2: 10.10.3.38 - 25216 pkts (5041 pps) [HEAVY-HITTER]
    #3: 10.10.3.55 - 24960 pkts (4990 pps)
    #4: 10.10.3.180 - 24928 pkts (4984 pps)
    #5: 10.10.3.58 - 24672 pkts (4933 pps)

[RING BUFFER + MULTI-SCALE FEATURES]
=== Temporal Analysis (last 100 windows = 5.0 sec) ===

  Windows processed:         9663
  Buffer utilization:        100/100 (100.0%)
  Running baseline (ML):     5754994 pps (for ML features only)
  Detection mode:            FIXED THRESHOLDS

  [Temporal Features - Last Window]
    Delta PPS (250ms):       +585953
    Delta PPS (500ms):       +1169920
    PPS Variance:            454073581568
    Ratio vs Baseline:       1.87x

  [Multi-Scale Features]
    Top IP (50ms):           471 pps
    Top IP (1s):             2432 pps
    Top IP (1min):           692 pps
    Burst Ratio (50ms/1min): 0.68x
    IP Concentration:        0.9%

[MULTIPLE DETECTION STATISTICS]
=== Aggregate Detection Analysis ===

  Total detection events:    6938
  Average detection latency: 55.17 ms
  Min detection latency:     53.94 ms
  Max detection latency:     3425.89 ms
  Latency range:             3371.94 ms

  Detection Latency Histogram:
    < 20 ms:  0 detections (0.0%)
    20-30 ms: 0 detections (0.0%)
    30-40 ms: 0 detections (0.0%)
    40-50 ms: 0 detections (0.0%)
    > 50 ms:  6937 detections (100.0%)

[PERFORMANCE METRICS]
  Throughput:         5.57 Gbps (7.32 Mpps)
  Cycles available:   409 cycles/pkt (lower = higher load)
  Active IPs:         0
  Worker threads:     14 (lcores 1-14)

[DPDK NIC STATISTICS]
  RX packets (NIC):   4962166739
  RX dropped (HW):    [0m0[0m (imissed)
  RX no mbufs:        [0m0[0m (buffer exhaustion)
  RX errors:          0
  Total drops:        [0m0 (0.00%)[0m
  RX burst calls:     118505430605 (97.6% empty)
  Processed pkts:     4962169795 (100.0% of NIC RX)


╔═══════════════════════════════════════════════════════════════════════╗
║          MIRA DDoS DETECTOR - STATISTICS (MULTI-CORE)                ║
╚═══════════════════════════════════════════════════════════════════════╝

[PACKET COUNTERS - GLOBAL]
  Total packets:      5012697500
  Baseline (10.10.2.x): 2653901241 (52.9%)
  Attack (10.10.3.x): 837915548 (16.7%)
  TCP packets:        2684881116
  UDP packets:        2095609664
  ICMP packets:       232206720

[INSTANTANEOUS TRAFFIC - Last 5.0 seconds]
  Baseline (10.10.2.x): 25862247 pkts (70.5%)  2441712825 bytes  3.90 Gbps
  Attack (10.10.3.x): 10822144 pkts (29.5%)  876593664 bytes  1.40 Gbps
  Total throughput:   5.30 Gbps  (avg pkt: 90 bytes)

[CUMULATIVE TRAFFIC - Since first packet (519.9s)]
  Total received:     5012697500 pkts (9.64 Mpps) | 8.78 Gbps | 570667820521 bytes

[ATTACK-SPECIFIC COUNTERS]
  SYN packets:        726528336
  SYN-ACK packets:    363263798
  SYN/ACK ratio:      2.00
  HTTP requests:      1263265988
  DNS queries:        536209143

[PROTOCOL-SPECIFIC COUNTERS - CIC-DDoS-2019 Features]
  NTP Amplification:
    Monlist queries:  0
    Responses:        0  (avg size: 0 bytes)
  DNS Amplification:
    ANY queries:      0
    TXT queries:      0
    Responses:        536209128  (avg size: 108 bytes)
  SNMP Amplification:
    GetBulk requests: 0
    Responses:        0  (avg size: 0 bytes)
  SSDP:
    M-SEARCH packets: 0
    Responses:        13835
  PortMapper:
    GETPORT calls:    0
    DUMP calls:       0
  NetBIOS:
    Name queries:     0
    Datagram packets: 0
  LDAP:
    Bind requests:    0
    Search requests:  837901713
  MSSQL:
    SQLBatch packets: 0
    RPC packets:      0
  TFTP:
    RRQ (read) pkts:  0
    WRQ (write) pkts: 0

[ATTACK DETECTIONS - Cumulative Events]
  UDP flood events:   0
  UDP-lag events:     0
  SYN flood events:   0
  HTTP flood events:  0
  ICMP flood events:  0
  DNS amp events:     0
  NTP amp events:     0
  SNMP amp events:    0
  SSDP events:        0
  PortMap events:     0
  NetBIOS events:     0
  LDAP events:        7030
  MSSQL events:       0
  TFTP events:        0
  ACK flood events:   0
  Frag attack events: 0
  Heavy-hitter events:7070 (OctoSketch per-IP detection)
  Packet flood events:0
  (Note: Events count IPs exceeding thresholds per 50ms window)

[ALERT STATUS]
  Alert level:        [1;31mHIGH[0m
  Reason:             [1;31mLDAP detected: 2160654 pps | HEAVY-HITTER: 10.10.3.166 @ 12072 pps | TREND: attack rising (+584192/250ms) | [0m

[MULTI-LF (2025) COMPARISON]
=== Detection Performance vs ML-Based System ===

  First Detection Latency:   3425.89 ms (vs MULTI-LF: 866 ms)
    Improvement:             0.3× faster

  Packets until detection:   1106353308
  Bytes until detection:     135675220297 (129389.97 MB)

[OCTOSKETCH METRICS - Optimized Architecture]
=== Per-Worker Sketches + Sampling (1/32 packets) ===

  Architecture:              Per-worker (NO atomics, NO contention)
  Total sketch memory:       8961 KB (14 workers × 640.1 KB)
  Sampling rate:             1 in 32 packets (3.1% overhead)
  Attack traffic sampled:    4544256 updates
  Estimated attack packets:  145416192 (×32 sampling factor)
  Sketch overhead:           ~1.56% of fast-path cycles
  Memory efficiency:         O(1) constant, 640.1 KB per worker

[OCTOSKETCH HEAVY-HITTER DETECTION]
=== Top Attackers (per-IP tracking via Count-Min Sketch) ===

  Heavy-hitter threshold:    5000 pps per IP
  Heavy-hitters detected:    5 IPs exceeding threshold
  Total HH detections:       7070 events

  Top 5 Attackers (estimated counts, ×32 sampling):
    #1: 10.10.3.166 - 25440 pkts (5083 pps) [HEAVY-HITTER]
    #2: 10.10.3.195 - 24864 pkts (4968 pps)
    #3: 10.10.3.37 - 24512 pkts (4898 pps)
    #4: 10.10.3.77 - 24416 pkts (4879 pps)
    #5: 10.10.3.115 - 24320 pkts (4860 pps)

[RING BUFFER + MULTI-SCALE FEATURES]
=== Temporal Analysis (last 100 windows = 5.0 sec) ===

  Windows processed:         9755
  Buffer utilization:        100/100 (100.0%)
  Running baseline (ML):     5713179 pps (for ML features only)
  Detection mode:            FIXED THRESHOLDS

  [Temporal Features - Last Window]
    Delta PPS (250ms):       +584192
    Delta PPS (500ms):       +1168128
    PPS Variance:            454906740736
    Ratio vs Baseline:       1.89x

  [Multi-Scale Features]
    Top IP (50ms):           440 pps
    Top IP (1s):             10336 pps
    Top IP (1min):           1615 pps
    Burst Ratio (50ms/1min): 0.27x
    IP Concentration:        0.8%

[MULTIPLE DETECTION STATISTICS]
=== Aggregate Detection Analysis ===

  Total detection events:    7030
  Average detection latency: 55.16 ms
  Min detection latency:     53.94 ms
  Max detection latency:     3425.89 ms
  Latency range:             3371.94 ms

  Detection Latency Histogram:
    < 20 ms:  0 detections (0.0%)
    20-30 ms: 0 detections (0.0%)
    30-40 ms: 0 detections (0.0%)
    40-50 ms: 0 detections (0.0%)
    > 50 ms:  7029 detections (100.0%)

[PERFORMANCE METRICS]
  Throughput:         5.30 Gbps (7.33 Mpps)
  Cycles available:   408 cycles/pkt (lower = higher load)
  Active IPs:         0
  Worker threads:     14 (lcores 1-14)

[DPDK NIC STATISTICS]
  RX packets (NIC):   5012693906
  RX dropped (HW):    [0m0[0m (imissed)
  RX no mbufs:        [0m0[0m (buffer exhaustion)
  RX errors:          0
  Total drops:        [0m0 (0.00%)[0m
  RX burst calls:     119576425936 (97.6% empty)
  Processed pkts:     5012697500 (100.0% of NIC RX)


╔═══════════════════════════════════════════════════════════════════════╗
║          MIRA DDoS DETECTOR - STATISTICS (MULTI-CORE)                ║
╚═══════════════════════════════════════════════════════════════════════╝

[PACKET COUNTERS - GLOBAL]
  Total packets:      5063102364
  Baseline (10.10.2.x): 2679697979 (52.9%)
  Attack (10.10.3.x): 848714140 (16.8%)
  TCP packets:        2712607274
  UDP packets:        2116084349
  ICMP packets:       234410741

[INSTANTANEOUS TRAFFIC - Last 5.0 seconds]
  Baseline (10.10.2.x): 25796348 pkts (70.5%)  2434914978 bytes  3.89 Gbps
  Attack (10.10.3.x): 10798336 pkts (29.5%)  938060190 bytes  1.50 Gbps
  Total throughput:   5.39 Gbps  (avg pkt: 92 bytes)

[CUMULATIVE TRAFFIC - Since first packet (524.9s)]
  Total received:     5063102364 pkts (9.65 Mpps) | 8.78 Gbps | 576360835859 bytes

[ATTACK-SPECIFIC COUNTERS]
  SYN packets:        734120001
  SYN-ACK packets:    367059629
  SYN/ACK ratio:      2.00
  HTTP requests:      1275644261
  DNS queries:        540169575

[PROTOCOL-SPECIFIC COUNTERS - CIC-DDoS-2019 Features]
  NTP Amplification:
    Monlist queries:  0
    Responses:        0  (avg size: 0 bytes)
  DNS Amplification:
    ANY queries:      0
    TXT queries:      0
    Responses:        540169560  (avg size: 108 bytes)
  SNMP Amplification:
    GetBulk requests: 0
    Responses:        0  (avg size: 0 bytes)
  SSDP:
    M-SEARCH packets: 0
    Responses:        14010
  PortMapper:
    GETPORT calls:    0
    DUMP calls:       0
  NetBIOS:
    Name queries:     0
    Datagram packets: 0
  LDAP:
    Bind requests:    0
    Search requests:  848700130
  MSSQL:
    SQLBatch packets: 0
    RPC packets:      0
  TFTP:
    RRQ (read) pkts:  0
    WRQ (write) pkts: 0

[ATTACK DETECTIONS - Cumulative Events]
  UDP flood events:   0
  UDP-lag events:     0
  SYN flood events:   0
  HTTP flood events:  0
  ICMP flood events:  0
  DNS amp events:     0
  NTP amp events:     0
  SNMP amp events:    0
  SSDP events:        0
  PortMap events:     0
  NetBIOS events:     0
  LDAP events:        7121
  MSSQL events:       0
  TFTP events:        0
  ACK flood events:   0
  Frag attack events: 0
  Heavy-hitter events:7161 (OctoSketch per-IP detection)
  Packet flood events:0
  (Note: Events count IPs exceeding thresholds per 50ms window)

[ALERT STATUS]
  Alert level:        [1;31mHIGH[0m
  Reason:             [1;31mLDAP detected: 2160666 pps | HEAVY-HITTER: 10.10.3.160 @ 11967 pps | TREND: attack rising (+584279/250ms) | [0m

[MULTI-LF (2025) COMPARISON]
=== Detection Performance vs ML-Based System ===

  First Detection Latency:   3425.89 ms (vs MULTI-LF: 866 ms)
    Improvement:             0.3× faster

  Packets until detection:   1106353308
  Bytes until detection:     135675220297 (129389.97 MB)

[OCTOSKETCH METRICS - Optimized Architecture]
=== Per-Worker Sketches + Sampling (1/32 packets) ===

  Architecture:              Per-worker (NO atomics, NO contention)
  Total sketch memory:       8961 KB (14 workers × 640.1 KB)
  Sampling rate:             1 in 32 packets (3.1% overhead)
  Attack traffic sampled:    4428352 updates
  Estimated attack packets:  141707264 (×32 sampling factor)
  Sketch overhead:           ~1.56% of fast-path cycles
  Memory efficiency:         O(1) constant, 640.1 KB per worker

[OCTOSKETCH HEAVY-HITTER DETECTION]
=== Top Attackers (per-IP tracking via Count-Min Sketch) ===

  Heavy-hitter threshold:    5000 pps per IP
  Heavy-hitters detected:    5 IPs exceeding threshold
  Total HH detections:       7161 events

  Top 5 Attackers (estimated counts, ×32 sampling):
    #1: 10.10.3.160 - 24576 pkts (4913 pps)
    #2: 10.10.3.137 - 24064 pkts (4811 pps)
    #3: 10.10.3.69 - 23840 pkts (4766 pps)
    #4: 10.10.3.138 - 23840 pkts (4766 pps)
    #5: 10.10.3.47 - 23776 pkts (4753 pps)

[RING BUFFER + MULTI-SCALE FEATURES]
=== Temporal Analysis (last 100 windows = 5.0 sec) ===

  Windows processed:         9846
  Buffer utilization:        100/100 (100.0%)
  Running baseline (ML):     5752542 pps (for ML features only)
  Detection mode:            FIXED THRESHOLDS

  [Temporal Features - Last Window]
    Delta PPS (250ms):       +584279
    Delta PPS (500ms):       +1170263
    PPS Variance:            455027425280
    Ratio vs Baseline:       1.87x

  [Multi-Scale Features]
    Top IP (50ms):           467 pps
    Top IP (1s):             4352 pps
    Top IP (1min):           2521 pps
    Burst Ratio (50ms/1min): 0.19x
    IP Concentration:        0.9%

[MULTIPLE DETECTION STATISTICS]
=== Aggregate Detection Analysis ===

  Total detection events:    7121
  Average detection latency: 55.16 ms
  Min detection latency:     53.94 ms
  Max detection latency:     3425.89 ms
  Latency range:             3371.94 ms

  Detection Latency Histogram:
    < 20 ms:  0 detections (0.0%)
    20-30 ms: 0 detections (0.0%)
    30-40 ms: 0 detections (0.0%)
    40-50 ms: 0 detections (0.0%)
    > 50 ms:  7120 detections (100.0%)

[PERFORMANCE METRICS]
  Throughput:         5.39 Gbps (7.32 Mpps)
  Cycles available:   409 cycles/pkt (lower = higher load)
  Active IPs:         0
  Worker threads:     14 (lcores 1-14)

[DPDK NIC STATISTICS]
  RX packets (NIC):   5063098722
  RX dropped (HW):    [0m0[0m (imissed)
  RX no mbufs:        [0m0[0m (buffer exhaustion)
  RX errors:          0
  Total drops:        [0m0 (0.00%)[0m
  RX burst calls:     120645626608 (97.6% empty)
  Processed pkts:     5063102364 (100.0% of NIC RX)


╔═══════════════════════════════════════════════════════════════════════╗
║          MIRA DDoS DETECTOR - STATISTICS (MULTI-CORE)                ║
╚═══════════════════════════════════════════════════════════════════════╝

[PACKET COUNTERS - GLOBAL]
  Total packets:      5113637788
  Baseline (10.10.2.x): 2705562315 (52.9%)
  Attack (10.10.3.x): 859540380 (16.8%)
  TCP packets:        2740406044
  UDP packets:        2136613429
  ICMP packets:       236618315

[INSTANTANEOUS TRAFFIC - Last 5.0 seconds]
  Baseline (10.10.2.x): 27664956 pkts (71.9%)  2441467957 bytes  3.90 Gbps
  Attack (10.10.3.x): 10825984 pkts (28.1%)  876904704 bytes  1.40 Gbps
  Total throughput:   5.30 Gbps  (avg pkt: 86 bytes)

[CUMULATIVE TRAFFIC - Since first packet (529.9s)]
  Total received:     5113637788 pkts (9.65 Mpps) | 8.79 Gbps | 582068993799 bytes

[ATTACK-SPECIFIC COUNTERS]
  SYN packets:        741731413
  SYN-ACK packets:    370865334
  SYN/ACK ratio:      2.00
  HTTP requests:      1288055661
  DNS queries:        544140370

[PROTOCOL-SPECIFIC COUNTERS - CIC-DDoS-2019 Features]
  NTP Amplification:
    Monlist queries:  0
    Responses:        0  (avg size: 0 bytes)
  DNS Amplification:
    ANY queries:      0
    TXT queries:      0
    Responses:        544140357  (avg size: 108 bytes)
  SNMP Amplification:
    GetBulk requests: 0
    Responses:        0  (avg size: 0 bytes)
  SSDP:
    M-SEARCH packets: 0
    Responses:        14182
  PortMapper:
    GETPORT calls:    0
    DUMP calls:       0
  NetBIOS:
    Name queries:     0
    Datagram packets: 0
  LDAP:
    Bind requests:    0
    Search requests:  859526198
  MSSQL:
    SQLBatch packets: 0
    RPC packets:      0
  TFTP:
    RRQ (read) pkts:  0
    WRQ (write) pkts: 0

[ATTACK DETECTIONS - Cumulative Events]
  UDP flood events:   0
  UDP-lag events:     0
  SYN flood events:   0
  HTTP flood events:  0
  ICMP flood events:  0
  DNS amp events:     0
  NTP amp events:     0
  SNMP amp events:    0
  SSDP events:        0
  PortMap events:     0
  NetBIOS events:     0
  LDAP events:        7213
  MSSQL events:       0
  TFTP events:        0
  ACK flood events:   0
  Frag attack events: 0
  Heavy-hitter events:7253 (OctoSketch per-IP detection)
  Packet flood events:0
  (Note: Events count IPs exceeding thresholds per 50ms window)

[ALERT STATUS]
  Alert level:        [1;31mHIGH[0m
  Reason:             [1;31mLDAP detected: 2160687 pps | HEAVY-HITTER: 10.10.3.7 @ 12175 pps | TREND: attack rising (+584448/250ms) | [0m

[MULTI-LF (2025) COMPARISON]
=== Detection Performance vs ML-Based System ===

  First Detection Latency:   3425.89 ms (vs MULTI-LF: 866 ms)
    Improvement:             0.3× faster

  Packets until detection:   1106353308
  Bytes until detection:     135675220297 (129389.97 MB)

[OCTOSKETCH METRICS - Optimized Architecture]
=== Per-Worker Sketches + Sampling (1/32 packets) ===

  Architecture:              Per-worker (NO atomics, NO contention)
  Total sketch memory:       8961 KB (14 workers × 640.1 KB)
  Sampling rate:             1 in 32 packets (3.1% overhead)
  Attack traffic sampled:    4426272 updates
  Estimated attack packets:  141640704 (×32 sampling factor)
  Sketch overhead:           ~1.56% of fast-path cycles
  Memory efficiency:         O(1) constant, 640.1 KB per worker

[OCTOSKETCH HEAVY-HITTER DETECTION]
=== Top Attackers (per-IP tracking via Count-Min Sketch) ===

  Heavy-hitter threshold:    5000 pps per IP
  Heavy-hitters detected:    5 IPs exceeding threshold
  Total HH detections:       7253 events

  Top 5 Attackers (estimated counts, ×32 sampling):
    #1: 10.10.3.7 - 24992 pkts (4992 pps)
    #2: 10.10.3.199 - 24256 pkts (4845 pps)
    #3: 10.10.3.31 - 24160 pkts (4826 pps)
    #4: 10.10.3.95 - 24000 pkts (4794 pps)
    #5: 10.10.3.148 - 23808 pkts (4756 pps)

[RING BUFFER + MULTI-SCALE FEATURES]
=== Temporal Analysis (last 100 windows = 5.0 sec) ===

  Windows processed:         9938
  Buffer utilization:        100/100 (100.0%)
  Running baseline (ML):     5714216 pps (for ML features only)
  Detection mode:            FIXED THRESHOLDS

  [Temporal Features - Last Window]
    Delta PPS (250ms):       +584448
    Delta PPS (500ms):       +1168640
    PPS Variance:            454766592000
    Ratio vs Baseline:       1.89x

  [Multi-Scale Features]
    Top IP (50ms):           436 pps
    Top IP (1s):             12064 pps
    Top IP (1min):           3451 pps
    Burst Ratio (50ms/1min): 0.13x
    IP Concentration:        0.8%

[MULTIPLE DETECTION STATISTICS]
=== Aggregate Detection Analysis ===

  Total detection events:    7213
  Average detection latency: 55.15 ms
  Min detection latency:     53.94 ms
  Max detection latency:     3425.89 ms
  Latency range:             3371.94 ms

  Detection Latency Histogram:
    < 20 ms:  0 detections (0.0%)
    20-30 ms: 0 detections (0.0%)
    30-40 ms: 0 detections (0.0%)
    40-50 ms: 0 detections (0.0%)
    > 50 ms:  7212 detections (100.0%)

[PERFORMANCE METRICS]
  Throughput:         5.30 Gbps (7.69 Mpps)
  Cycles available:   389 cycles/pkt (lower = higher load)
  Active IPs:         0
  Worker threads:     14 (lcores 1-14)

[DPDK NIC STATISTICS]
  RX packets (NIC):   5113634038
  RX dropped (HW):    [0m0[0m (imissed)
  RX no mbufs:        [0m0[0m (buffer exhaustion)
  RX errors:          0
  Total drops:        [0m0 (0.00%)[0m
  RX burst calls:     121717118386 (97.6% empty)
  Processed pkts:     5113637788 (100.0% of NIC RX)


╔═══════════════════════════════════════════════════════════════════════╗
║          MIRA DDoS DETECTOR - STATISTICS (MULTI-CORE)                ║
╚═══════════════════════════════════════════════════════════════════════╝

[PACKET COUNTERS - GLOBAL]
  Total packets:      5163746150
  Baseline (10.10.2.x): 2730922844 (52.9%)
  Attack (10.10.3.x): 870340508 (16.9%)
  TCP packets:        2765981301
  UDP packets:        2158961610
  ICMP packets:       238803239

[INSTANTANEOUS TRAFFIC - Last 5.0 seconds]
  Baseline (10.10.2.x): 25360124 pkts (68.6%)  2409187852 bytes  3.85 Gbps
  Attack (10.10.3.x): 11582414 pkts (31.4%)  874810368 bytes  1.40 Gbps
  Total throughput:   5.25 Gbps  (avg pkt: 89 bytes)

[CUMULATIVE TRAFFIC - Since first packet (534.9s)]
  Total received:     5163746150 pkts (9.65 Mpps) | 8.79 Gbps | 587650279124 bytes

[ATTACK-SPECIFIC COUNTERS]
  SYN packets:        748780341
  SYN-ACK packets:    374389802
  SYN/ACK ratio:      2.00
  HTTP requests:      1299127345
  DNS queries:        549042502

[PROTOCOL-SPECIFIC COUNTERS - CIC-DDoS-2019 Features]
  NTP Amplification:
    Monlist queries:  0
    Responses:        0  (avg size: 0 bytes)
  DNS Amplification:
    ANY queries:      0
    TXT queries:      0
    Responses:        549042484  (avg size: 108 bytes)
  SNMP Amplification:
    GetBulk requests: 0
    Responses:        0  (avg size: 0 bytes)
  SSDP:
    M-SEARCH packets: 0
    Responses:        14364
  PortMapper:
    GETPORT calls:    0
    DUMP calls:       0
  NetBIOS:
    Name queries:     0
    Datagram packets: 0
  LDAP:
    Bind requests:    0
    Search requests:  870326144
  MSSQL:
    SQLBatch packets: 0
    RPC packets:      0
  TFTP:
    RRQ (read) pkts:  0
    WRQ (write) pkts: 0

[ATTACK DETECTIONS - Cumulative Events]
  UDP flood events:   0
  UDP-lag events:     0
  SYN flood events:   0
  HTTP flood events:  0
  ICMP flood events:  0
  DNS amp events:     0
  NTP amp events:     0
  SNMP amp events:    0
  SSDP events:        0
  PortMap events:     0
  NetBIOS events:     0
  LDAP events:        7304
  MSSQL events:       0
  TFTP events:        0
  ACK flood events:   0
  Frag attack events: 0
  Heavy-hitter events:7344 (OctoSketch per-IP detection)
  Packet flood events:0
  (Note: Events count IPs exceeding thresholds per 50ms window)

[ALERT STATUS]
  Alert level:        [1;31mHIGH[0m
  Reason:             [1;31mLDAP detected: 2160662 pps | HEAVY-HITTER: 10.10.3.152 @ 12091 pps | TREND: attack rising (+584192/250ms) | [0m

[MULTI-LF (2025) COMPARISON]
=== Detection Performance vs ML-Based System ===

  First Detection Latency:   3425.89 ms (vs MULTI-LF: 866 ms)
    Improvement:             0.3× faster

  Packets until detection:   1106353308
  Bytes until detection:     135675220297 (129389.97 MB)

[OCTOSKETCH METRICS - Optimized Architecture]
=== Per-Worker Sketches + Sampling (1/32 packets) ===

  Architecture:              Per-worker (NO atomics, NO contention)
  Total sketch memory:       8961 KB (14 workers × 640.1 KB)
  Sampling rate:             1 in 32 packets (3.1% overhead)
  Attack traffic sampled:    4314112 updates
  Estimated attack packets:  138051584 (×32 sampling factor)
  Sketch overhead:           ~1.56% of fast-path cycles
  Memory efficiency:         O(1) constant, 640.1 KB per worker

[OCTOSKETCH HEAVY-HITTER DETECTION]
=== Top Attackers (per-IP tracking via Count-Min Sketch) ===

  Heavy-hitter threshold:    5000 pps per IP
  Heavy-hitters detected:    5 IPs exceeding threshold
  Total HH detections:       7344 events

  Top 5 Attackers (estimated counts, ×32 sampling):
    #1: 10.10.3.152 - 24192 pkts (4836 pps)
    #2: 10.10.3.113 - 23744 pkts (4746 pps)
    #3: 10.10.3.118 - 23616 pkts (4721 pps)
    #4: 10.10.3.180 - 23488 pkts (4695 pps)
    #5: 10.10.3.160 - 23328 pkts (4663 pps)

[RING BUFFER + MULTI-SCALE FEATURES]
=== Temporal Analysis (last 100 windows = 5.0 sec) ===

  Windows processed:         10029
  Buffer utilization:        100/100 (100.0%)
  Running baseline (ML):     6456562 pps (for ML features only)
  Detection mode:            FIXED THRESHOLDS

  [Temporal Features - Last Window]
    Delta PPS (250ms):       +584192
    Delta PPS (500ms):       +1170432
    PPS Variance:            455223574528
    Ratio vs Baseline:       1.79x

  [Multi-Scale Features]
    Top IP (50ms):           528 pps
    Top IP (1s):             6304 pps
    Top IP (1min):           4365 pps
    Burst Ratio (50ms/1min): 0.12x
    IP Concentration:        1.0%

[MULTIPLE DETECTION STATISTICS]
=== Aggregate Detection Analysis ===

  Total detection events:    7304
  Average detection latency: 55.14 ms
  Min detection latency:     53.94 ms
  Max detection latency:     3425.89 ms
  Latency range:             3371.94 ms

  Detection Latency Histogram:
    < 20 ms:  0 detections (0.0%)
    20-30 ms: 0 detections (0.0%)
    30-40 ms: 0 detections (0.0%)
    40-50 ms: 0 detections (0.0%)
    > 50 ms:  7303 detections (100.0%)

[PERFORMANCE METRICS]
  Throughput:         5.25 Gbps (7.38 Mpps)
  Cycles available:   405 cycles/pkt (lower = higher load)
  Active IPs:         0
  Worker threads:     14 (lcores 1-14)

[DPDK NIC STATISTICS]
  RX packets (NIC):   5163742382
  RX dropped (HW):    [0m0[0m (imissed)
  RX no mbufs:        [0m0[0m (buffer exhaustion)
  RX errors:          0
  Total drops:        [0m0 (0.00%)[0m
  RX burst calls:     122792128179 (97.6% empty)
  Processed pkts:     5163746150 (100.0% of NIC RX)


╔═══════════════════════════════════════════════════════════════════════╗
║          MIRA DDoS DETECTOR - STATISTICS (MULTI-CORE)                ║
╚═══════════════════════════════════════════════════════════════════════╝

[PACKET COUNTERS - GLOBAL]
  Total packets:      5213942981
  Baseline (10.10.2.x): 2756320105 (52.9%)
  Attack (10.10.3.x): 881169563 (16.9%)
  TCP packets:        2791569735
  UDP packets:        2181381612
  ICMP packets:       240991634

[INSTANTANEOUS TRAFFIC - Last 5.0 seconds]
  Baseline (10.10.2.x): 25396911 pkts (70.1%)  2413233893 bytes  3.86 Gbps
  Attack (10.10.3.x): 10828799 pkts (29.9%)  877132800 bytes  1.40 Gbps
  Total throughput:   5.26 Gbps  (avg pkt: 91 bytes)

[CUMULATIVE TRAFFIC - Since first packet (540.0s)]
  Total received:     5213942981 pkts (9.66 Mpps) | 8.79 Gbps | 593240062238 bytes

[ATTACK-SPECIFIC COUNTERS]
  SYN packets:        755833890
  SYN-ACK packets:    377916567
  SYN/ACK ratio:      2.00
  HTTP requests:      1310196913
  DNS queries:        553964223

[PROTOCOL-SPECIFIC COUNTERS - CIC-DDoS-2019 Features]
  NTP Amplification:
    Monlist queries:  0
    Responses:        0  (avg size: 0 bytes)
  DNS Amplification:
    ANY queries:      0
    TXT queries:      0
    Responses:        553964221  (avg size: 108 bytes)
  SNMP Amplification:
    GetBulk requests: 0
    Responses:        0  (avg size: 0 bytes)
  SSDP:
    M-SEARCH packets: 0
    Responses:        14546
  PortMapper:
    GETPORT calls:    0
    DUMP calls:       0
  NetBIOS:
    Name queries:     0
    Datagram packets: 0
  LDAP:
    Bind requests:    0
    Search requests:  881155017
  MSSQL:
    SQLBatch packets: 0
    RPC packets:      0
  TFTP:
    RRQ (read) pkts:  0
    WRQ (write) pkts: 0

[ATTACK DETECTIONS - Cumulative Events]
  UDP flood events:   0
  UDP-lag events:     0
  SYN flood events:   0
  HTTP flood events:  0
  ICMP flood events:  0
  DNS amp events:     0
  NTP amp events:     0
  SNMP amp events:    0
  SSDP events:        0
  PortMap events:     0
  NetBIOS events:     0
  LDAP events:        7396
  MSSQL events:       0
  TFTP events:        0
  ACK flood events:   0
  Frag attack events: 0
  Heavy-hitter events:7436 (OctoSketch per-IP detection)
  Packet flood events:0
  (Note: Events count IPs exceeding thresholds per 50ms window)

[ALERT STATUS]
  Alert level:        [1;31mHIGH[0m
  Reason:             [1;31mLDAP detected: 2160746 pps | HEAVY-HITTER: 10.10.3.52 @ 12035 pps | TREND: attack rising (+585984/250ms) | [0m

[MULTI-LF (2025) COMPARISON]
=== Detection Performance vs ML-Based System ===

  First Detection Latency:   3425.89 ms (vs MULTI-LF: 866 ms)
    Improvement:             0.3× faster

  Packets until detection:   1106353308
  Bytes until detection:     135675220297 (129389.97 MB)

[OCTOSKETCH METRICS - Optimized Architecture]
=== Per-Worker Sketches + Sampling (1/32 packets) ===

  Architecture:              Per-worker (NO atomics, NO contention)
  Total sketch memory:       8961 KB (14 workers × 640.1 KB)
  Sampling rate:             1 in 32 packets (3.1% overhead)
  Attack traffic sampled:    4311360 updates
  Estimated attack packets:  137963520 (×32 sampling factor)
  Sketch overhead:           ~1.56% of fast-path cycles
  Memory efficiency:         O(1) constant, 640.1 KB per worker

[OCTOSKETCH HEAVY-HITTER DETECTION]
=== Top Attackers (per-IP tracking via Count-Min Sketch) ===

  Heavy-hitter threshold:    5000 pps per IP
  Heavy-hitters detected:    5 IPs exceeding threshold
  Total HH detections:       7436 events

  Top 5 Attackers (estimated counts, ×32 sampling):
    #1: 10.10.3.52 - 24064 pkts (4806 pps)
    #2: 10.10.3.77 - 23840 pkts (4761 pps)
    #3: 10.10.3.143 - 23680 pkts (4729 pps)
    #4: 10.10.3.106 - 23328 pkts (4659 pps)
    #5: 10.10.3.31 - 23264 pkts (4646 pps)

[RING BUFFER + MULTI-SCALE FEATURES]
=== Temporal Analysis (last 100 windows = 5.0 sec) ===

  Windows processed:         10121
  Buffer utilization:        100/100 (100.0%)
  Running baseline (ML):     5776817 pps (for ML features only)
  Detection mode:            FIXED THRESHOLDS

  [Temporal Features - Last Window]
    Delta PPS (250ms):       +585984
    Delta PPS (500ms):       +1170429
    PPS Variance:            454226378752
    Ratio vs Baseline:       1.87x

  [Multi-Scale Features]
    Top IP (50ms):           496 pps
    Top IP (1s):             992 pps
    Top IP (1min):           5290 pps
    Burst Ratio (50ms/1min): 0.09x
    IP Concentration:        0.9%

[MULTIPLE DETECTION STATISTICS]
=== Aggregate Detection Analysis ===

  Total detection events:    7396
  Average detection latency: 55.14 ms
  Min detection latency:     53.94 ms
  Max detection latency:     3425.89 ms
  Latency range:             3371.94 ms

  Detection Latency Histogram:
    < 20 ms:  0 detections (0.0%)
    20-30 ms: 0 detections (0.0%)
    30-40 ms: 0 detections (0.0%)
    40-50 ms: 0 detections (0.0%)
    > 50 ms:  7395 detections (100.0%)

[PERFORMANCE METRICS]
  Throughput:         5.26 Gbps (7.23 Mpps)
  Cycles available:   413 cycles/pkt (lower = higher load)
  Active IPs:         0
  Worker threads:     14 (lcores 1-14)

[DPDK NIC STATISTICS]
  RX packets (NIC):   5213939210
  RX dropped (HW):    [0m0[0m (imissed)
  RX no mbufs:        [0m0[0m (buffer exhaustion)
  RX errors:          0
  Total drops:        [0m0 (0.00%)[0m
  RX burst calls:     123871177872 (97.6% empty)
  Processed pkts:     5213942981 (100.0% of NIC RX)


╔═══════════════════════════════════════════════════════════════════════╗
║          MIRA DDoS DETECTOR - STATISTICS (MULTI-CORE)                ║
╚═══════════════════════════════════════════════════════════════════════╝

[PACKET COUNTERS - GLOBAL]
  Total packets:      5264011831
  Baseline (10.10.2.x): 2781653513 (52.8%)
  Attack (10.10.3.x): 891966519 (16.9%)
  TCP packets:        2817094470
  UDP packets:        2203741667
  ICMP packets:       243175694

[INSTANTANEOUS TRAFFIC - Last 5.0 seconds]
  Baseline (10.10.2.x): 25332820 pkts (70.1%)  2406856190 bytes  3.85 Gbps
  Attack (10.10.3.x): 10796984 pkts (29.9%)  937845216 bytes  1.50 Gbps
  Total throughput:   5.35 Gbps  (avg pkt: 93 bytes)

[CUMULATIVE TRAFFIC - Since first packet (545.0s)]
  Total received:     5264011831 pkts (9.66 Mpps) | 8.79 Gbps | 598816079753 bytes

[ATTACK-SPECIFIC COUNTERS]
  SYN packets:        762869156
  SYN-ACK packets:    381434193
  SYN/ACK ratio:      2.00
  HTTP requests:      1321244461
  DNS queries:        558874054

[PROTOCOL-SPECIFIC COUNTERS - CIC-DDoS-2019 Features]
  NTP Amplification:
    Monlist queries:  0
    Responses:        0  (avg size: 0 bytes)
  DNS Amplification:
    ANY queries:      0
    TXT queries:      0
    Responses:        558874044  (avg size: 108 bytes)
  SNMP Amplification:
    GetBulk requests: 0
    Responses:        0  (avg size: 0 bytes)
  SSDP:
    M-SEARCH packets: 0
    Responses:        14724
  PortMapper:
    GETPORT calls:    0
    DUMP calls:       0
  NetBIOS:
    Name queries:     0
    Datagram packets: 0
  LDAP:
    Bind requests:    0
    Search requests:  891951798
  MSSQL:
    SQLBatch packets: 0
    RPC packets:      0
  TFTP:
    RRQ (read) pkts:  0
    WRQ (write) pkts: 0

[ATTACK DETECTIONS - Cumulative Events]
  UDP flood events:   0
  UDP-lag events:     0
  SYN flood events:   0
  HTTP flood events:  0
  ICMP flood events:  0
  DNS amp events:     0
  NTP amp events:     0
  SNMP amp events:    0
  SSDP events:        0
  PortMap events:     0
  NetBIOS events:     0
  LDAP events:        7487
  MSSQL events:       0
  TFTP events:        0
  ACK flood events:   0
  Frag attack events: 0
  Heavy-hitter events:7527 (OctoSketch per-IP detection)
  Packet flood events:0
  (Note: Events count IPs exceeding thresholds per 50ms window)

[ALERT STATUS]
  Alert level:        [1;31mHIGH[0m
  Reason:             [1;31mLDAP detected: 2160656 pps | HEAVY-HITTER: 10.10.3.186 @ 11839 pps | TREND: attack rising (+584192/250ms) | [0m

[MULTI-LF (2025) COMPARISON]
=== Detection Performance vs ML-Based System ===

  First Detection Latency:   3425.89 ms (vs MULTI-LF: 866 ms)
    Improvement:             0.3× faster

  Packets until detection:   1106353308
  Bytes until detection:     135675220297 (129389.97 MB)

[OCTOSKETCH METRICS - Optimized Architecture]
=== Per-Worker Sketches + Sampling (1/32 packets) ===

  Architecture:              Per-worker (NO atomics, NO contention)
  Total sketch memory:       8961 KB (14 workers × 640.1 KB)
  Sampling rate:             1 in 32 packets (3.1% overhead)
  Attack traffic sampled:    4195872 updates
  Estimated attack packets:  134267904 (×32 sampling factor)
  Sketch overhead:           ~1.56% of fast-path cycles
  Memory efficiency:         O(1) constant, 640.1 KB per worker

[OCTOSKETCH HEAVY-HITTER DETECTION]
=== Top Attackers (per-IP tracking via Count-Min Sketch) ===

  Heavy-hitter threshold:    5000 pps per IP
  Heavy-hitters detected:    5 IPs exceeding threshold
  Total HH detections:       7527 events

  Top 5 Attackers (estimated counts, ×32 sampling):
    #1: 10.10.3.186 - 23040 pkts (4607 pps)
    #2: 10.10.3.24 - 22912 pkts (4581 pps)
    #3: 10.10.3.40 - 22752 pkts (4549 pps)
    #4: 10.10.3.31 - 22464 pkts (4492 pps)
    #5: 10.10.3.68 - 22400 pkts (4479 pps)

[RING BUFFER + MULTI-SCALE FEATURES]
=== Temporal Analysis (last 100 windows = 5.0 sec) ===

  Windows processed:         10212
  Buffer utilization:        100/100 (100.0%)
  Running baseline (ML):     5749634 pps (for ML features only)
  Detection mode:            FIXED THRESHOLDS

  [Temporal Features - Last Window]
    Delta PPS (250ms):       +584192
    Delta PPS (500ms):       +1168128
    PPS Variance:            456062959616
    Ratio vs Baseline:       1.87x

  [Multi-Scale Features]
    Top IP (50ms):           460 pps
    Top IP (1s):             8064 pps
    Top IP (1min):           6198 pps
    Burst Ratio (50ms/1min): 0.07x
    IP Concentration:        0.8%

[MULTIPLE DETECTION STATISTICS]
=== Aggregate Detection Analysis ===

  Total detection events:    7487
  Average detection latency: 55.13 ms
  Min detection latency:     53.94 ms
  Max detection latency:     3425.89 ms
  Latency range:             3371.94 ms

  Detection Latency Histogram:
    < 20 ms:  0 detections (0.0%)
    20-30 ms: 0 detections (0.0%)
    30-40 ms: 0 detections (0.0%)
    40-50 ms: 0 detections (0.0%)
    > 50 ms:  7486 detections (100.0%)

[PERFORMANCE METRICS]
  Throughput:         5.35 Gbps (7.22 Mpps)
  Cycles available:   414 cycles/pkt (lower = higher load)
  Active IPs:         0
  Worker threads:     14 (lcores 1-14)

[DPDK NIC STATISTICS]
  RX packets (NIC):   5264008130
  RX dropped (HW):    [0m0[0m (imissed)
  RX no mbufs:        [0m0[0m (buffer exhaustion)
  RX errors:          0
  Total drops:        [0m0 (0.00%)[0m
  RX burst calls:     124946440689 (97.6% empty)
  Processed pkts:     5264011831 (100.0% of NIC RX)


╔═══════════════════════════════════════════════════════════════════════╗
║          MIRA DDoS DETECTOR - STATISTICS (MULTI-CORE)                ║
╚═══════════════════════════════════════════════════════════════════════╝

[PACKET COUNTERS - GLOBAL]
  Total packets:      5314232543
  Baseline (10.10.2.x): 2807063665 (52.8%)
  Attack (10.10.3.x): 902796444 (17.0%)
  TCP packets:        2842695829
  UDP packets:        2226171152
  ICMP packets:       245365566

[INSTANTANEOUS TRAFFIC - Last 5.0 seconds]
  Baseline (10.10.2.x): 27176746 pkts (70.1%)  2590163641 bytes  4.14 Gbps
  Attack (10.10.3.x): 11589347 pkts (29.9%)  938737107 bytes  1.50 Gbps
  Total throughput:   5.64 Gbps  (avg pkt: 91 bytes)

[CUMULATIVE TRAFFIC - Since first packet (550.0s)]
  Total received:     5314232543 pkts (9.66 Mpps) | 8.79 Gbps | 604408778341 bytes

[ATTACK-SPECIFIC COUNTERS]
  SYN packets:        769925767
  SYN-ACK packets:    384962497
  SYN/ACK ratio:      2.00
  HTTP requests:      1332323542
  DNS queries:        563799858

[PROTOCOL-SPECIFIC COUNTERS - CIC-DDoS-2019 Features]
  NTP Amplification:
    Monlist queries:  0
    Responses:        0  (avg size: 0 bytes)
  DNS Amplification:
    ANY queries:      0
    TXT queries:      0
    Responses:        563799840  (avg size: 108 bytes)
  SNMP Amplification:
    GetBulk requests: 0
    Responses:        0  (avg size: 0 bytes)
  SSDP:
    M-SEARCH packets: 0
    Responses:        14900
  PortMapper:
    GETPORT calls:    0
    DUMP calls:       0
  NetBIOS:
    Name queries:     0
    Datagram packets: 0
  LDAP:
    Bind requests:    0
    Search requests:  902781544
  MSSQL:
    SQLBatch packets: 0
    RPC packets:      0
  TFTP:
    RRQ (read) pkts:  0
    WRQ (write) pkts: 0

[ATTACK DETECTIONS - Cumulative Events]
  UDP flood events:   0
  UDP-lag events:     0
  SYN flood events:   0
  HTTP flood events:  0
  ICMP flood events:  0
  DNS amp events:     0
  NTP amp events:     0
  SNMP amp events:    0
  SSDP events:        0
  PortMap events:     0
  NetBIOS events:     0
  LDAP events:        7579
  MSSQL events:       0
  TFTP events:        0
  ACK flood events:   0
  Frag attack events: 0
  Heavy-hitter events:7619 (OctoSketch per-IP detection)
  Packet flood events:0
  (Note: Events count IPs exceeding thresholds per 50ms window)

[ALERT STATUS]
  Alert level:        [1;31mHIGH[0m
  Reason:             [1;31mLDAP detected: 2160672 pps | HEAVY-HITTER: 10.10.3.188 @ 12105 pps | TREND: attack rising (+586069/250ms) | [0m

[MULTI-LF (2025) COMPARISON]
=== Detection Performance vs ML-Based System ===

  First Detection Latency:   3425.89 ms (vs MULTI-LF: 866 ms)
    Improvement:             0.3× faster

  Packets until detection:   1106353308
  Bytes until detection:     135675220297 (129389.97 MB)

[OCTOSKETCH METRICS - Optimized Architecture]
=== Per-Worker Sketches + Sampling (1/32 packets) ===

  Architecture:              Per-worker (NO atomics, NO contention)
  Total sketch memory:       8961 KB (14 workers × 640.1 KB)
  Sampling rate:             1 in 32 packets (3.1% overhead)
  Attack traffic sampled:    4195168 updates
  Estimated attack packets:  134245376 (×32 sampling factor)
  Sketch overhead:           ~1.56% of fast-path cycles
  Memory efficiency:         O(1) constant, 640.1 KB per worker

[OCTOSKETCH HEAVY-HITTER DETECTION]
=== Top Attackers (per-IP tracking via Count-Min Sketch) ===

  Heavy-hitter threshold:    5000 pps per IP
  Heavy-hitters detected:    5 IPs exceeding threshold
  Total HH detections:       7619 events

  Top 5 Attackers (estimated counts, ×32 sampling):
    #1: 10.10.3.188 - 23552 pkts (4703 pps)
    #2: 10.10.3.118 - 23392 pkts (4671 pps)
    #3: 10.10.3.148 - 22752 pkts (4543 pps)
    #4: 10.10.3.175 - 22656 pkts (4524 pps)
    #5: 10.10.3.195 - 22560 pkts (4505 pps)

[RING BUFFER + MULTI-SCALE FEATURES]
=== Temporal Analysis (last 100 windows = 5.0 sec) ===

  Windows processed:         10304
  Buffer utilization:        100/100 (100.0%)
  Running baseline (ML):     6404862 pps (for ML features only)
  Detection mode:            FIXED THRESHOLDS

  [Temporal Features - Last Window]
    Delta PPS (250ms):       +586069
    Delta PPS (500ms):       +1170261
    PPS Variance:            454693945344
    Ratio vs Baseline:       1.81x

  [Multi-Scale Features]
    Top IP (50ms):           493 pps
    Top IP (1s):             3072 pps
    Top IP (1min):           7108 pps
    Burst Ratio (50ms/1min): 0.07x
    IP Concentration:        0.9%

[MULTIPLE DETECTION STATISTICS]
=== Aggregate Detection Analysis ===

  Total detection events:    7579
  Average detection latency: 55.13 ms
  Min detection latency:     53.94 ms
  Max detection latency:     3425.89 ms
  Latency range:             3371.94 ms

  Detection Latency Histogram:
    < 20 ms:  0 detections (0.0%)
    20-30 ms: 0 detections (0.0%)
    30-40 ms: 0 detections (0.0%)
    40-50 ms: 0 detections (0.0%)
    > 50 ms:  7578 detections (100.0%)

[PERFORMANCE METRICS]
  Throughput:         5.64 Gbps (7.74 Mpps)
  Cycles available:   386 cycles/pkt (lower = higher load)
  Active IPs:         0
  Worker threads:     14 (lcores 1-14)

[DPDK NIC STATISTICS]
  RX packets (NIC):   5314229069
  RX dropped (HW):    [0m0[0m (imissed)
  RX no mbufs:        [0m0[0m (buffer exhaustion)
  RX errors:          0
  Total drops:        [0m0 (0.00%)[0m
  RX burst calls:     126025044258 (97.6% empty)
  Processed pkts:     5314232543 (100.0% of NIC RX)


╔═══════════════════════════════════════════════════════════════════════╗
║          MIRA DDoS DETECTOR - STATISTICS (MULTI-CORE)                ║
╚═══════════════════════════════════════════════════════════════════════╝

[PACKET COUNTERS - GLOBAL]
  Total packets:      5364289948
  Baseline (10.10.2.x): 2832390778 (52.8%)
  Attack (10.10.3.x): 913593756 (17.0%)
  TCP packets:        2868215045
  UDP packets:        2248525312
  ICMP packets:       247549591

[INSTANTANEOUS TRAFFIC - Last 5.0 seconds]
  Baseline (10.10.2.x): 27111664 pkts (70.1%)  2578615072 bytes  4.12 Gbps
  Attack (10.10.3.x): 11579190 pkts (29.9%)  937914390 bytes  1.50 Gbps
  Total throughput:   5.63 Gbps  (avg pkt: 91 bytes)

[CUMULATIVE TRAFFIC - Since first packet (555.0s)]
  Total received:     5364289948 pkts (9.67 Mpps) | 8.79 Gbps | 609983284916 bytes

[ATTACK-SPECIFIC COUNTERS]
  SYN packets:        776959881
  SYN-ACK packets:    388479552
  SYN/ACK ratio:      2.00
  HTTP requests:      1343365975
  DNS queries:        568706800

[PROTOCOL-SPECIFIC COUNTERS - CIC-DDoS-2019 Features]
  NTP Amplification:
    Monlist queries:  0
    Responses:        0  (avg size: 0 bytes)
  DNS Amplification:
    ANY queries:      0
    TXT queries:      0
    Responses:        568706784  (avg size: 108 bytes)
  SNMP Amplification:
    GetBulk requests: 0
    Responses:        0  (avg size: 0 bytes)
  SSDP:
    M-SEARCH packets: 0
    Responses:        15079
  PortMapper:
    GETPORT calls:    0
    DUMP calls:       0
  NetBIOS:
    Name queries:     0
    Datagram packets: 0
  LDAP:
    Bind requests:    0
    Search requests:  913578677
  MSSQL:
    SQLBatch packets: 0
    RPC packets:      0
  TFTP:
    RRQ (read) pkts:  0
    WRQ (write) pkts: 0

[ATTACK DETECTIONS - Cumulative Events]
  UDP flood events:   0
  UDP-lag events:     0
  SYN flood events:   0
  HTTP flood events:  0
  ICMP flood events:  0
  DNS amp events:     0
  NTP amp events:     0
  SNMP amp events:    0
  SSDP events:        0
  PortMap events:     0
  NetBIOS events:     0
  LDAP events:        7670
  MSSQL events:       0
  TFTP events:        0
  ACK flood events:   0
  Frag attack events: 0
  Heavy-hitter events:7710 (OctoSketch per-IP detection)
  Packet flood events:0
  (Note: Events count IPs exceeding thresholds per 50ms window)

[ALERT STATUS]
  Alert level:        [1;31mHIGH[0m
  Reason:             [1;31mLDAP detected: 2160761 pps | HEAVY-HITTER: 10.10.3.78 @ 11896 pps | TREND: attack rising (+584448/250ms) | [0m

[MULTI-LF (2025) COMPARISON]
=== Detection Performance vs ML-Based System ===

  First Detection Latency:   3425.89 ms (vs MULTI-LF: 866 ms)
    Improvement:             0.3× faster

  Packets until detection:   1106353308
  Bytes until detection:     135675220297 (129389.97 MB)

[OCTOSKETCH METRICS - Optimized Architecture]
=== Per-Worker Sketches + Sampling (1/32 packets) ===

  Architecture:              Per-worker (NO atomics, NO contention)
  Total sketch memory:       8961 KB (14 workers × 640.1 KB)
  Sampling rate:             1 in 32 packets (3.1% overhead)
  Attack traffic sampled:    4077120 updates
  Estimated attack packets:  130467840 (×32 sampling factor)
  Sketch overhead:           ~1.56% of fast-path cycles
  Memory efficiency:         O(1) constant, 640.1 KB per worker

[OCTOSKETCH HEAVY-HITTER DETECTION]
=== Top Attackers (per-IP tracking via Count-Min Sketch) ===

  Heavy-hitter threshold:    5000 pps per IP
  Heavy-hitters detected:    5 IPs exceeding threshold
  Total HH detections:       7710 events

  Top 5 Attackers (estimated counts, ×32 sampling):
    #1: 10.10.3.78 - 22496 pkts (4498 pps)
    #2: 10.10.3.22 - 22272 pkts (4453 pps)
    #3: 10.10.3.92 - 22272 pkts (4453 pps)
    #4: 10.10.3.116 - 22208 pkts (4441 pps)
    #5: 10.10.3.163 - 22112 pkts (4421 pps)

[RING BUFFER + MULTI-SCALE FEATURES]
=== Temporal Analysis (last 100 windows = 5.0 sec) ===

  Windows processed:         10395
  Buffer utilization:        100/100 (100.0%)
  Running baseline (ML):     6521274 pps (for ML features only)
  Detection mode:            FIXED THRESHOLDS

  [Temporal Features - Last Window]
    Delta PPS (250ms):       +584448
    Delta PPS (500ms):       +1168896
    PPS Variance:            455325122560
    Ratio vs Baseline:       1.77x

  [Multi-Scale Features]
    Top IP (50ms):           474 pps
    Top IP (1s):             10144 pps
    Top IP (1min):           8022 pps
    Burst Ratio (50ms/1min): 0.06x
    IP Concentration:        0.8%

[MULTIPLE DETECTION STATISTICS]
=== Aggregate Detection Analysis ===

  Total detection events:    7670
  Average detection latency: 55.12 ms
  Min detection latency:     53.94 ms
  Max detection latency:     3425.89 ms
  Latency range:             3371.94 ms

  Detection Latency Histogram:
    < 20 ms:  0 detections (0.0%)
    20-30 ms: 0 detections (0.0%)
    30-40 ms: 0 detections (0.0%)
    40-50 ms: 0 detections (0.0%)
    > 50 ms:  7669 detections (100.0%)

[PERFORMANCE METRICS]
  Throughput:         5.63 Gbps (7.74 Mpps)
  Cycles available:   386 cycles/pkt (lower = higher load)
  Active IPs:         0
  Worker threads:     14 (lcores 1-14)

[DPDK NIC STATISTICS]
  RX packets (NIC):   5364286639
  RX dropped (HW):    [0m0[0m (imissed)
  RX no mbufs:        [0m0[0m (buffer exhaustion)
  RX errors:          0
  Total drops:        [0m0 (0.00%)[0m
  RX burst calls:     127100596070 (97.6% empty)
  Processed pkts:     5364289948 (100.0% of NIC RX)


╔═══════════════════════════════════════════════════════════════════════╗
║          MIRA DDoS DETECTOR - STATISTICS (MULTI-CORE)                ║
╚═══════════════════════════════════════════════════════════════════════╝

[PACKET COUNTERS - GLOBAL]
  Total packets:      5414512303
  Baseline (10.10.2.x): 2857805976 (52.8%)
  Attack (10.10.3.x): 924422300 (17.1%)
  TCP packets:        2893820030
  UDP packets:        2270949744
  ICMP packets:       249742529

[INSTANTANEOUS TRAFFIC - Last 5.0 seconds]
  Baseline (10.10.2.x): 25414787 pkts (70.1%)  2415308944 bytes  3.86 Gbps
  Attack (10.10.3.x): 10828288 pkts (29.9%)  940348359 bytes  1.50 Gbps
  Total throughput:   5.36 Gbps  (avg pkt: 93 bytes)

[CUMULATIVE TRAFFIC - Since first packet (560.0s)]
  Total received:     5414512303 pkts (9.67 Mpps) | 8.79 Gbps | 615576529713 bytes

[ATTACK-SPECIFIC COUNTERS]
  SYN packets:        784018097
  SYN-ACK packets:    392008657
  SYN/ACK ratio:      2.00
  HTTP requests:      1354442062
  DNS queries:        573629419

[PROTOCOL-SPECIFIC COUNTERS - CIC-DDoS-2019 Features]
  NTP Amplification:
    Monlist queries:  0
    Responses:        0  (avg size: 0 bytes)
  DNS Amplification:
    ANY queries:      0
    TXT queries:      0
    Responses:        573629404  (avg size: 108 bytes)
  SNMP Amplification:
    GetBulk requests: 0
    Responses:        0  (avg size: 0 bytes)
  SSDP:
    M-SEARCH packets: 0
    Responses:        15255
  PortMapper:
    GETPORT calls:    0
    DUMP calls:       0
  NetBIOS:
    Name queries:     0
    Datagram packets: 0
  LDAP:
    Bind requests:    0
    Search requests:  924407045
  MSSQL:
    SQLBatch packets: 0
    RPC packets:      0
  TFTP:
    RRQ (read) pkts:  0
    WRQ (write) pkts: 0

[ATTACK DETECTIONS - Cumulative Events]
  UDP flood events:   0
  UDP-lag events:     0
  SYN flood events:   0
  HTTP flood events:  0
  ICMP flood events:  0
  DNS amp events:     0
  NTP amp events:     0
  SNMP amp events:    0
  SSDP events:        0
  PortMap events:     0
  NetBIOS events:     0
  LDAP events:        7762
  MSSQL events:       0
  TFTP events:        0
  ACK flood events:   0
  Frag attack events: 0
  Heavy-hitter events:7802 (OctoSketch per-IP detection)
  Packet flood events:0
  (Note: Events count IPs exceeding thresholds per 50ms window)

[ALERT STATUS]
  Alert level:        [1;31mHIGH[0m
  Reason:             [1;31mLDAP detected: 2160729 pps | HEAVY-HITTER: 10.10.3.115 @ 12354 pps | TREND: attack rising (+583936/250ms) | [0m

[MULTI-LF (2025) COMPARISON]
=== Detection Performance vs ML-Based System ===

  First Detection Latency:   3425.89 ms (vs MULTI-LF: 866 ms)
    Improvement:             0.3× faster

  Packets until detection:   1106353308
  Bytes until detection:     135675220297 (129389.97 MB)

[OCTOSKETCH METRICS - Optimized Architecture]
=== Per-Worker Sketches + Sampling (1/32 packets) ===

  Architecture:              Per-worker (NO atomics, NO contention)
  Total sketch memory:       8961 KB (14 workers × 640.1 KB)
  Sampling rate:             1 in 32 packets (3.1% overhead)
  Attack traffic sampled:    4076704 updates
  Estimated attack packets:  130454528 (×32 sampling factor)
  Sketch overhead:           ~1.56% of fast-path cycles
  Memory efficiency:         O(1) constant, 640.1 KB per worker

[OCTOSKETCH HEAVY-HITTER DETECTION]
=== Top Attackers (per-IP tracking via Count-Min Sketch) ===

  Heavy-hitter threshold:    5000 pps per IP
  Heavy-hitters detected:    5 IPs exceeding threshold
  Total HH detections:       7802 events

  Top 5 Attackers (estimated counts, ×32 sampling):
    #1: 10.10.3.115 - 23360 pkts (4665 pps)
    #2: 10.10.3.90 - 23008 pkts (4595 pps)
    #3: 10.10.3.104 - 22656 pkts (4524 pps)
    #4: 10.10.3.78 - 22432 pkts (4480 pps)
    #5: 10.10.3.57 - 22336 pkts (4461 pps)

[RING BUFFER + MULTI-SCALE FEATURES]
=== Temporal Analysis (last 100 windows = 5.0 sec) ===

  Windows processed:         10487
  Buffer utilization:        100/100 (100.0%)
  Running baseline (ML):     5775720 pps (for ML features only)
  Detection mode:            FIXED THRESHOLDS

  [Temporal Features - Last Window]
    Delta PPS (250ms):       +583936
    Delta PPS (500ms):       +1169664
    PPS Variance:            454576570368
    Ratio vs Baseline:       1.87x

  [Multi-Scale Features]
    Top IP (50ms):           474 pps
    Top IP (1s):             4928 pps
    Top IP (1min):           8987 pps
    Burst Ratio (50ms/1min): 0.05x
    IP Concentration:        0.8%

[MULTIPLE DETECTION STATISTICS]
=== Aggregate Detection Analysis ===

  Total detection events:    7762
  Average detection latency: 55.12 ms
  Min detection latency:     53.94 ms
  Max detection latency:     3425.89 ms
  Latency range:             3371.94 ms

  Detection Latency Histogram:
    < 20 ms:  0 detections (0.0%)
    20-30 ms: 0 detections (0.0%)
    30-40 ms: 0 detections (0.0%)
    40-50 ms: 0 detections (0.0%)
    > 50 ms:  7761 detections (100.0%)

[PERFORMANCE METRICS]
  Throughput:         5.36 Gbps (7.24 Mpps)
  Cycles available:   413 cycles/pkt (lower = higher load)
  Active IPs:         0
  Worker threads:     14 (lcores 1-14)

[DPDK NIC STATISTICS]
  RX packets (NIC):   5414508975
  RX dropped (HW):    [0m0[0m (imissed)
  RX no mbufs:        [0m0[0m (buffer exhaustion)
  RX errors:          0
  Total drops:        [0m0 (0.00%)[0m
  RX burst calls:     128179015341 (97.6% empty)
  Processed pkts:     5414512303 (100.0% of NIC RX)


╔═══════════════════════════════════════════════════════════════════════╗
║          MIRA DDoS DETECTOR - STATISTICS (MULTI-CORE)                ║
╚═══════════════════════════════════════════════════════════════════════╝

[PACKET COUNTERS - GLOBAL]
  Total packets:      5464596176
  Baseline (10.10.2.x): 2883150443 (52.8%)
  Attack (10.10.3.x): 935217820 (17.1%)
  TCP packets:        2919356335
  UDP packets:        2293308730
  ICMP packets:       251931111

[INSTANTANEOUS TRAFFIC - Last 5.0 seconds]
  Baseline (10.10.2.x): 25343860 pkts (70.1%)  2407835034 bytes  3.85 Gbps
  Attack (10.10.3.x): 10795264 pkts (29.9%)  874416384 bytes  1.40 Gbps
  Total throughput:   5.25 Gbps  (avg pkt: 91 bytes)

[CUMULATIVE TRAFFIC - Since first packet (565.0s)]
  Total received:     5464596176 pkts (9.67 Mpps) | 8.80 Gbps | 621153952852 bytes

[ATTACK-SPECIFIC COUNTERS]
  SYN packets:        791057059
  SYN-ACK packets:    395528133
  SYN/ACK ratio:      2.00
  HTTP requests:      1365490941
  DNS queries:        578540006

[PROTOCOL-SPECIFIC COUNTERS - CIC-DDoS-2019 Features]
  NTP Amplification:
    Monlist queries:  0
    Responses:        0  (avg size: 0 bytes)
  DNS Amplification:
    ANY queries:      0
    TXT queries:      0
    Responses:        578539992  (avg size: 108 bytes)
  SNMP Amplification:
    GetBulk requests: 0
    Responses:        0  (avg size: 0 bytes)
  SSDP:
    M-SEARCH packets: 0
    Responses:        15442
  PortMapper:
    GETPORT calls:    0
    DUMP calls:       0
  NetBIOS:
    Name queries:     0
    Datagram packets: 0
  LDAP:
    Bind requests:    0
    Search requests:  935202378
  MSSQL:
    SQLBatch packets: 0
    RPC packets:      0
  TFTP:
    RRQ (read) pkts:  0
    WRQ (write) pkts: 0

[ATTACK DETECTIONS - Cumulative Events]
  UDP flood events:   0
  UDP-lag events:     0
  SYN flood events:   0
  HTTP flood events:  0
  ICMP flood events:  0
  DNS amp events:     0
  NTP amp events:     0
  SNMP amp events:    0
  SSDP events:        0
  PortMap events:     0
  NetBIOS events:     0
  LDAP events:        7853
  MSSQL events:       0
  TFTP events:        0
  ACK flood events:   0
  Frag attack events: 0
  Heavy-hitter events:7893 (OctoSketch per-IP detection)
  Packet flood events:0
  (Note: Events count IPs exceeding thresholds per 50ms window)

[ALERT STATUS]
  Alert level:        [1;31mHIGH[0m
  Reason:             [1;31mLDAP detected: 2160689 pps | HEAVY-HITTER: 10.10.3.25 @ 12076 pps | TREND: attack rising (+584199/250ms) | [0m

[MULTI-LF (2025) COMPARISON]
=== Detection Performance vs ML-Based System ===

  First Detection Latency:   3425.89 ms (vs MULTI-LF: 866 ms)
    Improvement:             0.3× faster

  Packets until detection:   1106353308
  Bytes until detection:     135675220297 (129389.97 MB)

[OCTOSKETCH METRICS - Optimized Architecture]
=== Per-Worker Sketches + Sampling (1/32 packets) ===

  Architecture:              Per-worker (NO atomics, NO contention)
  Total sketch memory:       8961 KB (14 workers × 640.1 KB)
  Sampling rate:             1 in 32 packets (3.1% overhead)
  Attack traffic sampled:    3959040 updates
  Estimated attack packets:  126689280 (×32 sampling factor)
  Sketch overhead:           ~1.56% of fast-path cycles
  Memory efficiency:         O(1) constant, 640.1 KB per worker

[OCTOSKETCH HEAVY-HITTER DETECTION]
=== Top Attackers (per-IP tracking via Count-Min Sketch) ===

  Heavy-hitter threshold:    5000 pps per IP
  Heavy-hitters detected:    5 IPs exceeding threshold
  Total HH detections:       7893 events

  Top 5 Attackers (estimated counts, ×32 sampling):
    #1: 10.10.3.25 - 22176 pkts (4435 pps)
    #2: 10.10.3.188 - 22048 pkts (4409 pps)
    #3: 10.10.3.31 - 22016 pkts (4403 pps)
    #4: 10.10.3.118 - 21792 pkts (4358 pps)
    #5: 10.10.3.86 - 21632 pkts (4326 pps)

[RING BUFFER + MULTI-SCALE FEATURES]
=== Temporal Analysis (last 100 windows = 5.0 sec) ===

  Windows processed:         10578
  Buffer utilization:        100/100 (100.0%)
  Running baseline (ML):     5747676 pps (for ML features only)
  Detection mode:            FIXED THRESHOLDS

  [Temporal Features - Last Window]
    Delta PPS (250ms):       +584199
    Delta PPS (500ms):       +1168384
    PPS Variance:            454583582720
    Ratio vs Baseline:       1.87x

  [Multi-Scale Features]
    Top IP (50ms):           505 pps
    Top IP (1s):             12000 pps
    Top IP (1min):           9862 pps
    Burst Ratio (50ms/1min): 0.05x
    IP Concentration:        0.8%

[MULTIPLE DETECTION STATISTICS]
=== Aggregate Detection Analysis ===

  Total detection events:    7853
  Average detection latency: 55.11 ms
  Min detection latency:     53.94 ms
  Max detection latency:     3425.89 ms
  Latency range:             3371.94 ms

  Detection Latency Histogram:
    < 20 ms:  0 detections (0.0%)
    20-30 ms: 0 detections (0.0%)
    30-40 ms: 0 detections (0.0%)
    40-50 ms: 0 detections (0.0%)
    > 50 ms:  7852 detections (100.0%)

[PERFORMANCE METRICS]
  Throughput:         5.25 Gbps (7.23 Mpps)
  Cycles available:   414 cycles/pkt (lower = higher load)
  Active IPs:         0
  Worker threads:     14 (lcores 1-14)

[DPDK NIC STATISTICS]
  RX packets (NIC):   5464592815
  RX dropped (HW):    [0m0[0m (imissed)
  RX no mbufs:        [0m0[0m (buffer exhaustion)
  RX errors:          0
  Total drops:        [0m0 (0.00%)[0m
  RX burst calls:     129253918616 (97.6% empty)
  Processed pkts:     5464596176 (100.0% of NIC RX)


╔═══════════════════════════════════════════════════════════════════════╗
║          MIRA DDoS DETECTOR - STATISTICS (MULTI-CORE)                ║
╚═══════════════════════════════════════════════════════════════════════╝

[PACKET COUNTERS - GLOBAL]
  Total packets:      5514819483
  Baseline (10.10.2.x): 2908561874 (52.7%)
  Attack (10.10.3.x): 946048411 (17.2%)
  TCP packets:        2944957107
  UDP packets:        2315741468
  ICMP packets:       254120908

[INSTANTANEOUS TRAFFIC - Last 5.0 seconds]
  Baseline (10.10.2.x): 27191666 pkts (70.1%)  2590492200 bytes  4.14 Gbps
  Attack (10.10.3.x): 11609753 pkts (29.9%)  877257216 bytes  1.40 Gbps
  Total throughput:   5.54 Gbps  (avg pkt: 89 bytes)

[CUMULATIVE TRAFFIC - Since first packet (570.0s)]
  Total received:     5514819483 pkts (9.68 Mpps) | 8.80 Gbps | 626746774172 bytes

[ATTACK-SPECIFIC COUNTERS]
  SYN packets:        798113604
  SYN-ACK packets:    399056401
  SYN/ACK ratio:      2.00
  HTTP requests:      1376568905
  DNS queries:        583466940

[PROTOCOL-SPECIFIC COUNTERS - CIC-DDoS-2019 Features]
  NTP Amplification:
    Monlist queries:  0
    Responses:        0  (avg size: 0 bytes)
  DNS Amplification:
    ANY queries:      0
    TXT queries:      0
    Responses:        583466931  (avg size: 108 bytes)
  SNMP Amplification:
    GetBulk requests: 0
    Responses:        0  (avg size: 0 bytes)
  SSDP:
    M-SEARCH packets: 0
    Responses:        15611
  PortMapper:
    GETPORT calls:    0
    DUMP calls:       0
  NetBIOS:
    Name queries:     0
    Datagram packets: 0
  LDAP:
    Bind requests:    0
    Search requests:  946032800
  MSSQL:
    SQLBatch packets: 0
    RPC packets:      0
  TFTP:
    RRQ (read) pkts:  0
    WRQ (write) pkts: 0

[ATTACK DETECTIONS - Cumulative Events]
  UDP flood events:   0
  UDP-lag events:     0
  SYN flood events:   0
  HTTP flood events:  0
  ICMP flood events:  0
  DNS amp events:     0
  NTP amp events:     0
  SNMP amp events:    0
  SSDP events:        0
  PortMap events:     0
  NetBIOS events:     0
  LDAP events:        7945
  MSSQL events:       0
  TFTP events:        0
  ACK flood events:   0
  Frag attack events: 0
  Heavy-hitter events:7985 (OctoSketch per-IP detection)
  Packet flood events:0
  (Note: Events count IPs exceeding thresholds per 50ms window)

[ALERT STATUS]
  Alert level:        [1;31mHIGH[0m
  Reason:             [1;31mLDAP detected: 2160686 pps | HEAVY-HITTER: 10.10.3.130 @ 12050 pps | TREND: attack rising (+584448/250ms) | [0m

[MULTI-LF (2025) COMPARISON]
=== Detection Performance vs ML-Based System ===

  First Detection Latency:   3425.89 ms (vs MULTI-LF: 866 ms)
    Improvement:             0.3× faster

  Packets until detection:   1106353308
  Bytes until detection:     135675220297 (129389.97 MB)

[OCTOSKETCH METRICS - Optimized Architecture]
=== Per-Worker Sketches + Sampling (1/32 packets) ===

  Architecture:              Per-worker (NO atomics, NO contention)
  Total sketch memory:       8961 KB (14 workers × 640.1 KB)
  Sampling rate:             1 in 32 packets (3.1% overhead)
  Attack traffic sampled:    3961504 updates
  Estimated attack packets:  126768128 (×32 sampling factor)
  Sketch overhead:           ~1.56% of fast-path cycles
  Memory efficiency:         O(1) constant, 640.1 KB per worker

[OCTOSKETCH HEAVY-HITTER DETECTION]
=== Top Attackers (per-IP tracking via Count-Min Sketch) ===

  Heavy-hitter threshold:    5000 pps per IP
  Heavy-hitters detected:    5 IPs exceeding threshold
  Total HH detections:       7985 events

  Top 5 Attackers (estimated counts, ×32 sampling):
    #1: 10.10.3.130 - 22144 pkts (4421 pps)
    #2: 10.10.3.8 - 21728 pkts (4338 pps)
    #3: 10.10.3.170 - 21696 pkts (4332 pps)
    #4: 10.10.3.16 - 21600 pkts (4313 pps)
    #5: 10.10.3.116 - 21280 pkts (4249 pps)

[RING BUFFER + MULTI-SCALE FEATURES]
=== Temporal Analysis (last 100 windows = 5.0 sec) ===

  Windows processed:         10670
  Buffer utilization:        100/100 (100.0%)
  Running baseline (ML):     6421400 pps (for ML features only)
  Detection mode:            FIXED THRESHOLDS

  [Temporal Features - Last Window]
    Delta PPS (250ms):       +584448
    Delta PPS (500ms):       +1170688
    PPS Variance:            455385284608
    Ratio vs Baseline:       1.81x

  [Multi-Scale Features]
    Top IP (50ms):           592 pps
    Top IP (1s):             7008 pps
    Top IP (1min):           10767 pps
    Burst Ratio (50ms/1min): 0.05x
    IP Concentration:        1.0%

[MULTIPLE DETECTION STATISTICS]
=== Aggregate Detection Analysis ===

  Total detection events:    7945
  Average detection latency: 55.11 ms
  Min detection latency:     53.94 ms
  Max detection latency:     3425.89 ms
  Latency range:             3371.94 ms

  Detection Latency Histogram:
    < 20 ms:  0 detections (0.0%)
    20-30 ms: 0 detections (0.0%)
    30-40 ms: 0 detections (0.0%)
    40-50 ms: 0 detections (0.0%)
    > 50 ms:  7944 detections (100.0%)

[PERFORMANCE METRICS]
  Throughput:         5.54 Gbps (7.75 Mpps)
  Cycles available:   386 cycles/pkt (lower = higher load)
  Active IPs:         0
  Worker threads:     14 (lcores 1-14)

[DPDK NIC STATISTICS]
  RX packets (NIC):   5514816175
  RX dropped (HW):    [0m0[0m (imissed)
  RX no mbufs:        [0m0[0m (buffer exhaustion)
  RX errors:          0
  Total drops:        [0m0 (0.00%)[0m
  RX burst calls:     130332824308 (97.6% empty)
  Processed pkts:     5514819483 (100.0% of NIC RX)


╔═══════════════════════════════════════════════════════════════════════╗
║          MIRA DDoS DETECTOR - STATISTICS (MULTI-CORE)                ║
╚═══════════════════════════════════════════════════════════════════════╝

[PACKET COUNTERS - GLOBAL]
  Total packets:      5564887964
  Baseline (10.10.2.x): 2933894923 (52.7%)
  Attack (10.10.3.x): 956846492 (17.2%)
  TCP packets:        2970483812
  UDP packets:        2338100243
  ICMP packets:       256303909

[INSTANTANEOUS TRAFFIC - Last 5.0 seconds]
  Baseline (10.10.2.x): 27118432 pkts (70.1%)  2406745291 bytes  3.85 Gbps
  Attack (10.10.3.x): 11559488 pkts (29.9%)  936318366 bytes  1.50 Gbps
  Total throughput:   5.35 Gbps  (avg pkt: 86 bytes)

[CUMULATIVE TRAFFIC - Since first packet (575.0s)]
  Total received:     5564887964 pkts (9.68 Mpps) | 8.80 Gbps | 632322479185 bytes

[ATTACK-SPECIFIC COUNTERS]
  SYN packets:        805149771
  SYN-ACK packets:    402574482
  SYN/ACK ratio:      2.00
  HTTP requests:      1387614753
  DNS queries:        588376399

[PROTOCOL-SPECIFIC COUNTERS - CIC-DDoS-2019 Features]
  NTP Amplification:
    Monlist queries:  0
    Responses:        0  (avg size: 0 bytes)
  DNS Amplification:
    ANY queries:      0
    TXT queries:      0
    Responses:        588376387  (avg size: 108 bytes)
  SNMP Amplification:
    GetBulk requests: 0
    Responses:        0  (avg size: 0 bytes)
  SSDP:
    M-SEARCH packets: 0
    Responses:        15790
  PortMapper:
    GETPORT calls:    0
    DUMP calls:       0
  NetBIOS:
    Name queries:     0
    Datagram packets: 0
  LDAP:
    Bind requests:    0
    Search requests:  956830702
  MSSQL:
    SQLBatch packets: 0
    RPC packets:      0
  TFTP:
    RRQ (read) pkts:  0
    WRQ (write) pkts: 0

[ATTACK DETECTIONS - Cumulative Events]
  UDP flood events:   0
  UDP-lag events:     0
  SYN flood events:   0
  HTTP flood events:  0
  ICMP flood events:  0
  DNS amp events:     0
  NTP amp events:     0
  SNMP amp events:    0
  SSDP events:        0
  PortMap events:     0
  NetBIOS events:     0
  LDAP events:        8036
  MSSQL events:       0
  TFTP events:        0
  ACK flood events:   0
  Frag attack events: 0
  Heavy-hitter events:8076 (OctoSketch per-IP detection)
  Packet flood events:0
  (Note: Events count IPs exceeding thresholds per 50ms window)

[ALERT STATUS]
  Alert level:        [1;31mHIGH[0m
  Reason:             [1;31mLDAP detected: 2160696 pps | HEAVY-HITTER: 10.10.3.68 @ 12095 pps | TREND: attack rising (+585984/250ms) | [0m

[MULTI-LF (2025) COMPARISON]
=== Detection Performance vs ML-Based System ===

  First Detection Latency:   3425.89 ms (vs MULTI-LF: 866 ms)
    Improvement:             0.3× faster

  Packets until detection:   1106353308
  Bytes until detection:     135675220297 (129389.97 MB)

[OCTOSKETCH METRICS - Optimized Architecture]
=== Per-Worker Sketches + Sampling (1/32 packets) ===

  Architecture:              Per-worker (NO atomics, NO contention)
  Total sketch memory:       8961 KB (14 workers × 640.1 KB)
  Sampling rate:             1 in 32 packets (3.1% overhead)
  Attack traffic sampled:    3843872 updates
  Estimated attack packets:  123003904 (×32 sampling factor)
  Sketch overhead:           ~1.56% of fast-path cycles
  Memory efficiency:         O(1) constant, 640.1 KB per worker

[OCTOSKETCH HEAVY-HITTER DETECTION]
=== Top Attackers (per-IP tracking via Count-Min Sketch) ===

  Heavy-hitter threshold:    5000 pps per IP
  Heavy-hitters detected:    5 IPs exceeding threshold
  Total HH detections:       8076 events

  Top 5 Attackers (estimated counts, ×32 sampling):
    #1: 10.10.3.68 - 21568 pkts (4312 pps)
    #2: 10.10.3.123 - 21120 pkts (4223 pps)
    #3: 10.10.3.49 - 21024 pkts (4203 pps)
    #4: 10.10.3.140 - 20928 pkts (4184 pps)
    #5: 10.10.3.75 - 20736 pkts (4146 pps)

[RING BUFFER + MULTI-SCALE FEATURES]
=== Temporal Analysis (last 100 windows = 5.0 sec) ===

  Windows processed:         10761
  Buffer utilization:        100/100 (100.0%)
  Running baseline (ML):     6502880 pps (for ML features only)
  Detection mode:            FIXED THRESHOLDS

  [Temporal Features - Last Window]
    Delta PPS (250ms):       +585984
    Delta PPS (500ms):       +1170176
    PPS Variance:            454200328192
    Ratio vs Baseline:       1.77x

  [Multi-Scale Features]
    Top IP (50ms):           485 pps
    Top IP (1s):             864 pps
    Top IP (1min):           11676 pps
    Burst Ratio (50ms/1min): 0.04x
    IP Concentration:        0.8%

[MULTIPLE DETECTION STATISTICS]
=== Aggregate Detection Analysis ===

  Total detection events:    8036
  Average detection latency: 55.10 ms
  Min detection latency:     53.94 ms
  Max detection latency:     3425.89 ms
  Latency range:             3371.94 ms

  Detection Latency Histogram:
    < 20 ms:  0 detections (0.0%)
    20-30 ms: 0 detections (0.0%)
    30-40 ms: 0 detections (0.0%)
    40-50 ms: 0 detections (0.0%)
    > 50 ms:  8035 detections (100.0%)

[PERFORMANCE METRICS]
  Throughput:         5.35 Gbps (7.73 Mpps)
  Cycles available:   387 cycles/pkt (lower = higher load)
  Active IPs:         0
  Worker threads:     14 (lcores 1-14)

[DPDK NIC STATISTICS]
  RX packets (NIC):   5564884655
  RX dropped (HW):    [0m0[0m (imissed)
  RX no mbufs:        [0m0[0m (buffer exhaustion)
  RX errors:          0
  Total drops:        [0m0 (0.00%)[0m
  RX burst calls:     131408677967 (97.6% empty)
  Processed pkts:     5564887964 (100.0% of NIC RX)


╔═══════════════════════════════════════════════════════════════════════╗
║          MIRA DDoS DETECTOR - STATISTICS (MULTI-CORE)                ║
╚═══════════════════════════════════════════════════════════════════════╝

[PACKET COUNTERS - GLOBAL]
  Total packets:      5615129446
  Baseline (10.10.2.x): 2959319306 (52.7%)
  Attack (10.10.3.x): 967678108 (17.2%)
  TCP packets:        2996101032
  UDP packets:        2360533821
  ICMP packets:       258494593

[INSTANTANEOUS TRAFFIC - Last 5.0 seconds]
  Baseline (10.10.2.x): 25423948 pkts (70.1%)  2415796636 bytes  3.86 Gbps
  Attack (10.10.3.x): 10831360 pkts (29.9%)  940536036 bytes  1.50 Gbps
  Total throughput:   5.36 Gbps  (avg pkt: 93 bytes)

[CUMULATIVE TRAFFIC - Since first packet (580.0s)]
  Total received:     5615129446 pkts (9.68 Mpps) | 8.80 Gbps | 637917806057 bytes

[ATTACK-SPECIFIC COUNTERS]
  SYN packets:        812210984
  SYN-ACK packets:    406105086
  SYN/ACK ratio:      2.00
  HTTP requests:      1398698935
  DNS queries:        593302292

[PROTOCOL-SPECIFIC COUNTERS - CIC-DDoS-2019 Features]
  NTP Amplification:
    Monlist queries:  0
    Responses:        0  (avg size: 0 bytes)
  DNS Amplification:
    ANY queries:      0
    TXT queries:      0
    Responses:        593302273  (avg size: 108 bytes)
  SNMP Amplification:
    GetBulk requests: 0
    Responses:        0  (avg size: 0 bytes)
  SSDP:
    M-SEARCH packets: 0
    Responses:        15971
  PortMapper:
    GETPORT calls:    0
    DUMP calls:       0
  NetBIOS:
    Name queries:     0
    Datagram packets: 0
  LDAP:
    Bind requests:    0
    Search requests:  967662137
  MSSQL:
    SQLBatch packets: 0
    RPC packets:      0
  TFTP:
    RRQ (read) pkts:  0
    WRQ (write) pkts: 0

[ATTACK DETECTIONS - Cumulative Events]
  UDP flood events:   0
  UDP-lag events:     0
  SYN flood events:   0
  HTTP flood events:  0
  ICMP flood events:  0
  DNS amp events:     0
  NTP amp events:     0
  SNMP amp events:    0
  SSDP events:        0
  PortMap events:     0
  NetBIOS events:     0
  LDAP events:        8128
  MSSQL events:       0
  TFTP events:        0
  ACK flood events:   0
  Frag attack events: 0
  Heavy-hitter events:8168 (OctoSketch per-IP detection)
  Packet flood events:0
  (Note: Events count IPs exceeding thresholds per 50ms window)

[ALERT STATUS]
  Alert level:        [1;31mHIGH[0m
  Reason:             [1;31mLDAP detected: 2160539 pps | HEAVY-HITTER: 10.10.3.199 @ 11864 pps | TREND: attack rising (+584448/250ms) | [0m

[MULTI-LF (2025) COMPARISON]
=== Detection Performance vs ML-Based System ===

  First Detection Latency:   3425.89 ms (vs MULTI-LF: 866 ms)
    Improvement:             0.3× faster

  Packets until detection:   1106353308
  Bytes until detection:     135675220297 (129389.97 MB)

[OCTOSKETCH METRICS - Optimized Architecture]
=== Per-Worker Sketches + Sampling (1/32 packets) ===

  Architecture:              Per-worker (NO atomics, NO contention)
  Total sketch memory:       8961 KB (14 workers × 640.1 KB)
  Sampling rate:             1 in 32 packets (3.1% overhead)
  Attack traffic sampled:    3842976 updates
  Estimated attack packets:  122975232 (×32 sampling factor)
  Sketch overhead:           ~1.56% of fast-path cycles
  Memory efficiency:         O(1) constant, 640.1 KB per worker

[OCTOSKETCH HEAVY-HITTER DETECTION]
=== Top Attackers (per-IP tracking via Count-Min Sketch) ===

  Heavy-hitter threshold:    5000 pps per IP
  Heavy-hitters detected:    5 IPs exceeding threshold
  Total HH detections:       8168 events

  Top 5 Attackers (estimated counts, ×32 sampling):
    #1: 10.10.3.199 - 21152 pkts (4223 pps)
    #2: 10.10.3.4 - 20928 pkts (4178 pps)
    #3: 10.10.3.54 - 20800 pkts (4153 pps)
    #4: 10.10.3.198 - 20768 pkts (4146 pps)
    #5: 10.10.3.161 - 20672 pkts (4127 pps)

[RING BUFFER + MULTI-SCALE FEATURES]
=== Temporal Analysis (last 100 windows = 5.0 sec) ===

  Windows processed:         10853
  Buffer utilization:        100/100 (100.0%)
  Running baseline (ML):     5771876 pps (for ML features only)
  Detection mode:            FIXED THRESHOLDS

  [Temporal Features - Last Window]
    Delta PPS (250ms):       +584448
    Delta PPS (500ms):       +1168896
    PPS Variance:            455489847296
    Ratio vs Baseline:       1.87x

  [Multi-Scale Features]
    Top IP (50ms):           538 pps
    Top IP (1s):             8704 pps
    Top IP (1min):           566 pps
    Burst Ratio (50ms/1min): 0.95x
    IP Concentration:        0.9%

[MULTIPLE DETECTION STATISTICS]
=== Aggregate Detection Analysis ===

  Total detection events:    8128
  Average detection latency: 55.10 ms
  Min detection latency:     53.94 ms
  Max detection latency:     3425.89 ms
  Latency range:             3371.94 ms

  Detection Latency Histogram:
    < 20 ms:  0 detections (0.0%)
    20-30 ms: 0 detections (0.0%)
    30-40 ms: 0 detections (0.0%)
    40-50 ms: 0 detections (0.0%)
    > 50 ms:  8127 detections (100.0%)

[PERFORMANCE METRICS]
  Throughput:         5.36 Gbps (7.24 Mpps)
  Cycles available:   413 cycles/pkt (lower = higher load)
  Active IPs:         0
  Worker threads:     14 (lcores 1-14)

[DPDK NIC STATISTICS]
  RX packets (NIC):   5615125936
  RX dropped (HW):    [0m0[0m (imissed)
  RX no mbufs:        [0m0[0m (buffer exhaustion)
  RX errors:          0
  Total drops:        [0m0 (0.00%)[0m
  RX burst calls:     132487875181 (97.6% empty)
  Processed pkts:     5615129446 (100.0% of NIC RX)


╔═══════════════════════════════════════════════════════════════════════╗
║          MIRA DDoS DETECTOR - STATISTICS (MULTI-CORE)                ║
╚═══════════════════════════════════════════════════════════════════════╝

[PACKET COUNTERS - GLOBAL]
  Total packets:      5665201122
  Baseline (10.10.2.x): 2984656464 (52.7%)
  Attack (10.10.3.x): 978473884 (17.3%)
  TCP packets:        3021628863
  UDP packets:        2382893183
  ICMP packets:       260679076

[INSTANTANEOUS TRAFFIC - Last 5.0 seconds]
  Baseline (10.10.2.x): 25336765 pkts (70.1%)  2407391167 bytes  3.85 Gbps
  Attack (10.10.3.x): 10795520 pkts (29.9%)  874437120 bytes  1.40 Gbps
  Total throughput:   5.25 Gbps  (avg pkt: 91 bytes)

[CUMULATIVE TRAFFIC - Since first packet (585.0s)]
  Total received:     5665201122 pkts (9.68 Mpps) | 8.80 Gbps | 643493893493 bytes

[ATTACK-SPECIFIC COUNTERS]
  SYN packets:        819247641
  SYN-ACK packets:    409623413
  SYN/ACK ratio:      2.00
  HTTP requests:      1409743757
  DNS queries:        598212554

[PROTOCOL-SPECIFIC COUNTERS - CIC-DDoS-2019 Features]
  NTP Amplification:
    Monlist queries:  0
    Responses:        0  (avg size: 0 bytes)
  DNS Amplification:
    ANY queries:      0
    TXT queries:      0
    Responses:        598212534  (avg size: 108 bytes)
  SNMP Amplification:
    GetBulk requests: 0
    Responses:        0  (avg size: 0 bytes)
  SSDP:
    M-SEARCH packets: 0
    Responses:        16155
  PortMapper:
    GETPORT calls:    0
    DUMP calls:       0
  NetBIOS:
    Name queries:     0
    Datagram packets: 0
  LDAP:
    Bind requests:    0
    Search requests:  978457729
  MSSQL:
    SQLBatch packets: 0
    RPC packets:      0
  TFTP:
    RRQ (read) pkts:  0
    WRQ (write) pkts: 0

[ATTACK DETECTIONS - Cumulative Events]
  UDP flood events:   0
  UDP-lag events:     0
  SYN flood events:   0
  HTTP flood events:  0
  ICMP flood events:  0
  DNS amp events:     0
  NTP amp events:     0
  SNMP amp events:    0
  SSDP events:        0
  PortMap events:     0
  NetBIOS events:     0
  LDAP events:        8219
  MSSQL events:       0
  TFTP events:        0
  ACK flood events:   0
  Frag attack events: 0
  Heavy-hitter events:8259 (OctoSketch per-IP detection)
  Packet flood events:0
  (Note: Events count IPs exceeding thresholds per 50ms window)

[ALERT STATUS]
  Alert level:        [1;31mHIGH[0m
  Reason:             [1;31mLDAP detected: 2160627 pps | HEAVY-HITTER: 10.10.3.115 @ 11993 pps | TREND: attack rising (+586007/250ms) | [0m

[MULTI-LF (2025) COMPARISON]
=== Detection Performance vs ML-Based System ===

  First Detection Latency:   3425.89 ms (vs MULTI-LF: 866 ms)
    Improvement:             0.3× faster

  Packets until detection:   1106353308
  Bytes until detection:     135675220297 (129389.97 MB)

[OCTOSKETCH METRICS - Optimized Architecture]
=== Per-Worker Sketches + Sampling (1/32 packets) ===

  Architecture:              Per-worker (NO atomics, NO contention)
  Total sketch memory:       8961 KB (14 workers × 640.1 KB)
  Sampling rate:             1 in 32 packets (3.1% overhead)
  Attack traffic sampled:    3726816 updates
  Estimated attack packets:  119258112 (×32 sampling factor)
  Sketch overhead:           ~1.56% of fast-path cycles
  Memory efficiency:         O(1) constant, 640.1 KB per worker

[OCTOSKETCH HEAVY-HITTER DETECTION]
=== Top Attackers (per-IP tracking via Count-Min Sketch) ===

  Heavy-hitter threshold:    5000 pps per IP
  Heavy-hitters detected:    5 IPs exceeding threshold
  Total HH detections:       8259 events

  Top 5 Attackers (estimated counts, ×32 sampling):
    #1: 10.10.3.115 - 20736 pkts (4147 pps)
    #2: 10.10.3.100 - 20480 pkts (4096 pps)
    #3: 10.10.3.172 - 20128 pkts (4025 pps)
    #4: 10.10.3.186 - 20096 pkts (4019 pps)
    #5: 10.10.3.192 - 20096 pkts (4019 pps)

[RING BUFFER + MULTI-SCALE FEATURES]
=== Temporal Analysis (last 100 windows = 5.0 sec) ===

  Windows processed:         10944
  Buffer utilization:        100/100 (100.0%)
  Running baseline (ML):     5745630 pps (for ML features only)
  Detection mode:            FIXED THRESHOLDS

  [Temporal Features - Last Window]
    Delta PPS (250ms):       +586007
    Delta PPS (500ms):       +1170403
    PPS Variance:            454561726464
    Ratio vs Baseline:       1.87x

  [Multi-Scale Features]
    Top IP (50ms):           537 pps
    Top IP (1s):             2912 pps
    Top IP (1min):           1491 pps
    Burst Ratio (50ms/1min): 0.36x
    IP Concentration:        0.8%

[MULTIPLE DETECTION STATISTICS]
=== Aggregate Detection Analysis ===

  Total detection events:    8219
  Average detection latency: 55.09 ms
  Min detection latency:     53.94 ms
  Max detection latency:     3425.89 ms
  Latency range:             3371.94 ms

  Detection Latency Histogram:
    < 20 ms:  0 detections (0.0%)
    20-30 ms: 0 detections (0.0%)
    30-40 ms: 0 detections (0.0%)
    40-50 ms: 0 detections (0.0%)
    > 50 ms:  8218 detections (100.0%)

[PERFORMANCE METRICS]
  Throughput:         5.25 Gbps (7.23 Mpps)
  Cycles available:   414 cycles/pkt (lower = higher load)
  Active IPs:         0
  Worker threads:     14 (lcores 1-14)

[DPDK NIC STATISTICS]
  RX packets (NIC):   5665197286
  RX dropped (HW):    [0m0[0m (imissed)
  RX no mbufs:        [0m0[0m (buffer exhaustion)
  RX errors:          0
  Total drops:        [0m0 (0.00%)[0m
  RX burst calls:     133562920945 (97.6% empty)
  Processed pkts:     5665201122 (100.0% of NIC RX)


╔═══════════════════════════════════════════════════════════════════════╗
║          MIRA DDoS DETECTOR - STATISTICS (MULTI-CORE)                ║
╚═══════════════════════════════════════════════════════════════════════╝

[PACKET COUNTERS - GLOBAL]
  Total packets:      5715433116
  Baseline (10.10.2.x): 3010075500 (52.7%)
  Attack (10.10.3.x): 989302940 (17.3%)
  TCP packets:        3047241573
  UDP packets:        2405320947
  ICMP packets:       262870596

[INSTANTANEOUS TRAFFIC - Last 5.0 seconds]
  Baseline (10.10.2.x): 27221371 pkts (70.1%)  2414911812 bytes  3.86 Gbps
  Attack (10.10.3.x): 11588881 pkts (29.9%)  940276269 bytes  1.50 Gbps
  Total throughput:   5.36 Gbps  (avg pkt: 86 bytes)

[CUMULATIVE TRAFFIC - Since first packet (590.0s)]
  Total received:     5715433116 pkts (9.69 Mpps) | 8.80 Gbps | 649087675343 bytes

[ATTACK-SPECIFIC COUNTERS]
  SYN packets:        826307890
  SYN-ACK packets:    413153525
  SYN/ACK ratio:      2.00
  HTTP requests:      1420823950
  DNS queries:        603138523

[PROTOCOL-SPECIFIC COUNTERS - CIC-DDoS-2019 Features]
  NTP Amplification:
    Monlist queries:  0
    Responses:        0  (avg size: 0 bytes)
  DNS Amplification:
    ANY queries:      0
    TXT queries:      0
    Responses:        603138509  (avg size: 108 bytes)
  SNMP Amplification:
    GetBulk requests: 0
    Responses:        0  (avg size: 0 bytes)
  SSDP:
    M-SEARCH packets: 0
    Responses:        16329
  PortMapper:
    GETPORT calls:    0
    DUMP calls:       0
  NetBIOS:
    Name queries:     0
    Datagram packets: 0
  LDAP:
    Bind requests:    0
    Search requests:  989286611
  MSSQL:
    SQLBatch packets: 0
    RPC packets:      0
  TFTP:
    RRQ (read) pkts:  0
    WRQ (write) pkts: 0

[ATTACK DETECTIONS - Cumulative Events]
  UDP flood events:   0
  UDP-lag events:     0
  SYN flood events:   0
  HTTP flood events:  0
  ICMP flood events:  0
  DNS amp events:     0
  NTP amp events:     0
  SNMP amp events:    0
  SSDP events:        0
  PortMap events:     0
  NetBIOS events:     0
  LDAP events:        8311
  MSSQL events:       0
  TFTP events:        0
  ACK flood events:   0
  Frag attack events: 0
  Heavy-hitter events:8351 (OctoSketch per-IP detection)
  Packet flood events:0
  (Note: Events count IPs exceeding thresholds per 50ms window)

[ALERT STATUS]
  Alert level:        [1;31mHIGH[0m
  Reason:             [1;31mLDAP detected: 2160561 pps | HEAVY-HITTER: 10.10.3.69 @ 12387 pps | TREND: attack rising (+584192/250ms) | [0m

[MULTI-LF (2025) COMPARISON]
=== Detection Performance vs ML-Based System ===

  First Detection Latency:   3425.89 ms (vs MULTI-LF: 866 ms)
    Improvement:             0.3× faster

  Packets until detection:   1106353308
  Bytes until detection:     135675220297 (129389.97 MB)

[OCTOSKETCH METRICS - Optimized Architecture]
=== Per-Worker Sketches + Sampling (1/32 packets) ===

  Architecture:              Per-worker (NO atomics, NO contention)
  Total sketch memory:       8961 KB (14 workers × 640.1 KB)
  Sampling rate:             1 in 32 packets (3.1% overhead)
  Attack traffic sampled:    3725120 updates
  Estimated attack packets:  119203840 (×32 sampling factor)
  Sketch overhead:           ~1.56% of fast-path cycles
  Memory efficiency:         O(1) constant, 640.1 KB per worker

[OCTOSKETCH HEAVY-HITTER DETECTION]
=== Top Attackers (per-IP tracking via Count-Min Sketch) ===

  Heavy-hitter threshold:    5000 pps per IP
  Heavy-hitters detected:    5 IPs exceeding threshold
  Total HH detections:       8351 events

  Top 5 Attackers (estimated counts, ×32 sampling):
    #1: 10.10.3.69 - 21408 pkts (4275 pps)
    #2: 10.10.3.152 - 20384 pkts (4071 pps)
    #3: 10.10.3.73 - 20352 pkts (4064 pps)
    #4: 10.10.3.175 - 20320 pkts (4058 pps)
    #5: 10.10.3.167 - 20320 pkts (4058 pps)

[RING BUFFER + MULTI-SCALE FEATURES]
=== Temporal Analysis (last 100 windows = 5.0 sec) ===

  Windows processed:         11036
  Buffer utilization:        100/100 (100.0%)
  Running baseline (ML):     6400274 pps (for ML features only)
  Detection mode:            FIXED THRESHOLDS

  [Temporal Features - Last Window]
    Delta PPS (250ms):       +584192
    Delta PPS (500ms):       +1168574
    PPS Variance:            454926598144
    Ratio vs Baseline:       1.81x

  [Multi-Scale Features]
    Top IP (50ms):           555 pps
    Top IP (1s):             11296 pps
    Top IP (1min):           2404 pps
    Burst Ratio (50ms/1min): 0.23x
    IP Concentration:        0.9%

[MULTIPLE DETECTION STATISTICS]
=== Aggregate Detection Analysis ===

  Total detection events:    8311
  Average detection latency: 55.09 ms
  Min detection latency:     53.94 ms
  Max detection latency:     3425.89 ms
  Latency range:             3371.94 ms

  Detection Latency Histogram:
    < 20 ms:  0 detections (0.0%)
    20-30 ms: 0 detections (0.0%)
    30-40 ms: 0 detections (0.0%)
    40-50 ms: 0 detections (0.0%)
    > 50 ms:  8310 detections (100.0%)

[PERFORMANCE METRICS]
  Throughput:         5.36 Gbps (7.75 Mpps)
  Cycles available:   386 cycles/pkt (lower = higher load)
  Active IPs:         0
  Worker threads:     14 (lcores 1-14)

[DPDK NIC STATISTICS]
  RX packets (NIC):   5715429803
  RX dropped (HW):    [0m0[0m (imissed)
  RX no mbufs:        [0m0[0m (buffer exhaustion)
  RX errors:          0
  Total drops:        [0m0 (0.00%)[0m
  RX burst calls:     134641266232 (97.6% empty)
  Processed pkts:     5715433116 (100.0% of NIC RX)


╔═══════════════════════════════════════════════════════════════════════╗
║          MIRA DDoS DETECTOR - STATISTICS (MULTI-CORE)                ║
╚═══════════════════════════════════════════════════════════════════════╝

[PACKET COUNTERS - GLOBAL]
  Total packets:      5765531804
  Baseline (10.10.2.x): 3035427738 (52.6%)
  Attack (10.10.3.x): 1000101532 (17.3%)
  TCP packets:        3072787857
  UDP packets:        2427689269
  ICMP packets:       265054678

[INSTANTANEOUS TRAFFIC - Last 5.0 seconds]
  Baseline (10.10.2.x): 25351826 pkts (68.6%)  2408475357 bytes  3.85 Gbps
  Attack (10.10.3.x): 11581080 pkts (31.4%)  874677042 bytes  1.40 Gbps
  Total throughput:   5.25 Gbps  (avg pkt: 89 bytes)

[CUMULATIVE TRAFFIC - Since first packet (595.0s)]
  Total received:     5765531804 pkts (9.69 Mpps) | 8.80 Gbps | 654666748661 bytes

[ATTACK-SPECIFIC COUNTERS]
  SYN packets:        833349566
  SYN-ACK packets:    416674361
  SYN/ACK ratio:      2.00
  HTTP requests:      1431877305
  DNS queries:        608052174

[PROTOCOL-SPECIFIC COUNTERS - CIC-DDoS-2019 Features]
  NTP Amplification:
    Monlist queries:  0
    Responses:        0  (avg size: 0 bytes)
  DNS Amplification:
    ANY queries:      0
    TXT queries:      0
    Responses:        608052161  (avg size: 108 bytes)
  SNMP Amplification:
    GetBulk requests: 0
    Responses:        0  (avg size: 0 bytes)
  SSDP:
    M-SEARCH packets: 0
    Responses:        16502
  PortMapper:
    GETPORT calls:    0
    DUMP calls:       0
  NetBIOS:
    Name queries:     0
    Datagram packets: 0
  LDAP:
    Bind requests:    0
    Search requests:  1000085030
  MSSQL:
    SQLBatch packets: 0
    RPC packets:      0
  TFTP:
    RRQ (read) pkts:  0
    WRQ (write) pkts: 0

[ATTACK DETECTIONS - Cumulative Events]
  UDP flood events:   0
  UDP-lag events:     0
  SYN flood events:   0
  HTTP flood events:  0
  ICMP flood events:  0
  DNS amp events:     0
  NTP amp events:     0
  SNMP amp events:    0
  SSDP events:        0
  PortMap events:     0
  NetBIOS events:     0
  LDAP events:        8402
  MSSQL events:       0
  TFTP events:        0
  ACK flood events:   0
  Frag attack events: 0
  Heavy-hitter events:8442 (OctoSketch per-IP detection)
  Packet flood events:0
  (Note: Events count IPs exceeding thresholds per 50ms window)

[ALERT STATUS]
  Alert level:        [1;31mHIGH[0m
  Reason:             [1;31mLDAP detected: 2160593 pps | HEAVY-HITTER: 10.10.3.151 @ 11748 pps | TREND: attack rising (+584192/250ms) | [0m

[MULTI-LF (2025) COMPARISON]
=== Detection Performance vs ML-Based System ===

  First Detection Latency:   3425.89 ms (vs MULTI-LF: 866 ms)
    Improvement:             0.3× faster

  Packets until detection:   1106353308
  Bytes until detection:     135675220297 (129389.97 MB)

[OCTOSKETCH METRICS - Optimized Architecture]
=== Per-Worker Sketches + Sampling (1/32 packets) ===

  Architecture:              Per-worker (NO atomics, NO contention)
  Total sketch memory:       8961 KB (14 workers × 640.1 KB)
  Sampling rate:             1 in 32 packets (3.1% overhead)
  Attack traffic sampled:    3610240 updates
  Estimated attack packets:  115527680 (×32 sampling factor)
  Sketch overhead:           ~1.56% of fast-path cycles
  Memory efficiency:         O(1) constant, 640.1 KB per worker

[OCTOSKETCH HEAVY-HITTER DETECTION]
=== Top Attackers (per-IP tracking via Count-Min Sketch) ===

  Heavy-hitter threshold:    5000 pps per IP
  Heavy-hitters detected:    5 IPs exceeding threshold
  Total HH detections:       8442 events

  Top 5 Attackers (estimated counts, ×32 sampling):
    #1: 10.10.3.151 - 19680 pkts (3935 pps)
    #2: 10.10.3.14 - 19616 pkts (3922 pps)
    #3: 10.10.3.136 - 19488 pkts (3896 pps)
    #4: 10.10.3.165 - 19488 pkts (3896 pps)
    #5: 10.10.3.80 - 19424 pkts (3883 pps)

[RING BUFFER + MULTI-SCALE FEATURES]
=== Temporal Analysis (last 100 windows = 5.0 sec) ===

  Windows processed:         11127
  Buffer utilization:        100/100 (100.0%)
  Running baseline (ML):     6518721 pps (for ML features only)
  Detection mode:            FIXED THRESHOLDS

  [Temporal Features - Last Window]
    Delta PPS (250ms):       +584192
    Delta PPS (500ms):       +1170432
    PPS Variance:            455057375232
    Ratio vs Baseline:       1.77x

  [Multi-Scale Features]
    Top IP (50ms):           554 pps
    Top IP (1s):             4832 pps
    Top IP (1min):           3331 pps
    Burst Ratio (50ms/1min): 0.17x
    IP Concentration:        0.8%

[MULTIPLE DETECTION STATISTICS]
=== Aggregate Detection Analysis ===

  Total detection events:    8402
  Average detection latency: 55.08 ms
  Min detection latency:     53.94 ms
  Max detection latency:     3425.89 ms
  Latency range:             3371.94 ms

  Detection Latency Histogram:
    < 20 ms:  0 detections (0.0%)
    20-30 ms: 0 detections (0.0%)
    30-40 ms: 0 detections (0.0%)
    40-50 ms: 0 detections (0.0%)
    > 50 ms:  8401 detections (100.0%)

[PERFORMANCE METRICS]
  Throughput:         5.25 Gbps (7.38 Mpps)
  Cycles available:   405 cycles/pkt (lower = higher load)
  Active IPs:         0
  Worker threads:     14 (lcores 1-14)

[DPDK NIC STATISTICS]
  RX packets (NIC):   5765528474
  RX dropped (HW):    [0m0[0m (imissed)
  RX no mbufs:        [0m0[0m (buffer exhaustion)
  RX errors:          0
  Total drops:        [0m0 (0.00%)[0m
  RX burst calls:     135716371314 (97.6% empty)
  Processed pkts:     5765531804 (100.0% of NIC RX)


╔═══════════════════════════════════════════════════════════════════════╗
║          MIRA DDoS DETECTOR - STATISTICS (MULTI-CORE)                ║
╚═══════════════════════════════════════════════════════════════════════╝

[PACKET COUNTERS - GLOBAL]
  Total packets:      5815767452
  Baseline (10.10.2.x): 3060849056 (52.6%)
  Attack (10.10.3.x): 1010930076 (17.4%)
  TCP packets:        3098402987
  UDP packets:        2450117629
  ICMP packets:       267246836

[INSTANTANEOUS TRAFFIC - Last 5.0 seconds]
  Baseline (10.10.2.x): 25420802 pkts (70.1%)  2415175616 bytes  3.86 Gbps
  Attack (10.10.3.x): 10828288 pkts (29.9%)  940268169 bytes  1.50 Gbps
  Total throughput:   5.36 Gbps  (avg pkt: 93 bytes)

[CUMULATIVE TRAFFIC - Since first packet (600.0s)]
  Total received:     5815767452 pkts (9.69 Mpps) | 8.80 Gbps | 660261198942 bytes

[ATTACK-SPECIFIC COUNTERS]
  SYN packets:        840410124
  SYN-ACK packets:    420204637
  SYN/ACK ratio:      2.00
  HTTP requests:      1442961236
  DNS queries:        612978057

[PROTOCOL-SPECIFIC COUNTERS - CIC-DDoS-2019 Features]
  NTP Amplification:
    Monlist queries:  0
    Responses:        0  (avg size: 0 bytes)
  DNS Amplification:
    ANY queries:      0
    TXT queries:      0
    Responses:        612978040  (avg size: 108 bytes)
  SNMP Amplification:
    GetBulk requests: 0
    Responses:        0  (avg size: 0 bytes)
  SSDP:
    M-SEARCH packets: 0
    Responses:        16681
  PortMapper:
    GETPORT calls:    0
    DUMP calls:       0
  NetBIOS:
    Name queries:     0
    Datagram packets: 0
  LDAP:
    Bind requests:    0
    Search requests:  1010913395
  MSSQL:
    SQLBatch packets: 0
    RPC packets:      0
  TFTP:
    RRQ (read) pkts:  0
    WRQ (write) pkts: 0

[ATTACK DETECTIONS - Cumulative Events]
  UDP flood events:   0
  UDP-lag events:     0
  SYN flood events:   0
  HTTP flood events:  0
  ICMP flood events:  0
  DNS amp events:     0
  NTP amp events:     0
  SNMP amp events:    0
  SSDP events:        0
  PortMap events:     0
  NetBIOS events:     0
  LDAP events:        8494
  MSSQL events:       0
  TFTP events:        0
  ACK flood events:   0
  Frag attack events: 0
  Heavy-hitter events:8534 (OctoSketch per-IP detection)
  Packet flood events:0
  (Note: Events count IPs exceeding thresholds per 50ms window)

[ALERT STATUS]
  Alert level:        [1;31mHIGH[0m
  Reason:             [1;31mLDAP detected: 2160552 pps | HEAVY-HITTER: 10.10.3.155 @ 12054 pps | TREND: attack rising (+584448/250ms) | [0m

[MULTI-LF (2025) COMPARISON]
=== Detection Performance vs ML-Based System ===

  First Detection Latency:   3425.89 ms (vs MULTI-LF: 866 ms)
    Improvement:             0.3× faster

  Packets until detection:   1106353308
  Bytes until detection:     135675220297 (129389.97 MB)

[OCTOSKETCH METRICS - Optimized Architecture]
=== Per-Worker Sketches + Sampling (1/32 packets) ===

  Architecture:              Per-worker (NO atomics, NO contention)
  Total sketch memory:       8961 KB (14 workers × 640.1 KB)
  Sampling rate:             1 in 32 packets (3.1% overhead)
  Attack traffic sampled:    3610432 updates
  Estimated attack packets:  115533824 (×32 sampling factor)
  Sketch overhead:           ~1.56% of fast-path cycles
  Memory efficiency:         O(1) constant, 640.1 KB per worker

[OCTOSKETCH HEAVY-HITTER DETECTION]
=== Top Attackers (per-IP tracking via Count-Min Sketch) ===

  Heavy-hitter threshold:    5000 pps per IP
  Heavy-hitters detected:    5 IPs exceeding threshold
  Total HH detections:       8534 events

  Top 5 Attackers (estimated counts, ×32 sampling):
    #1: 10.10.3.155 - 20192 pkts (4032 pps)
    #2: 10.10.3.99 - 20160 pkts (4026 pps)
    #3: 10.10.3.68 - 20064 pkts (4007 pps)
    #4: 10.10.3.190 - 19904 pkts (3975 pps)
    #5: 10.10.3.156 - 19776 pkts (3949 pps)

[RING BUFFER + MULTI-SCALE FEATURES]
=== Temporal Analysis (last 100 windows = 5.0 sec) ===

  Windows processed:         11219
  Buffer utilization:        100/100 (100.0%)
  Running baseline (ML):     5769875 pps (for ML features only)
  Detection mode:            FIXED THRESHOLDS

  [Temporal Features - Last Window]
    Delta PPS (250ms):       +584448
    Delta PPS (500ms):       +1168640
    PPS Variance:            454993608704
    Ratio vs Baseline:       1.88x

  [Multi-Scale Features]
    Top IP (50ms):           535 pps
    Top IP (1s):             12896 pps
    Top IP (1min):           4281 pps
    Burst Ratio (50ms/1min): 0.12x
    IP Concentration:        0.8%

[MULTIPLE DETECTION STATISTICS]
=== Aggregate Detection Analysis ===

  Total detection events:    8494
  Average detection latency: 55.08 ms
  Min detection latency:     53.94 ms
  Max detection latency:     3425.89 ms
  Latency range:             3371.94 ms

  Detection Latency Histogram:
    < 20 ms:  0 detections (0.0%)
    20-30 ms: 0 detections (0.0%)
    30-40 ms: 0 detections (0.0%)
    40-50 ms: 0 detections (0.0%)
    > 50 ms:  8493 detections (100.0%)

[PERFORMANCE METRICS]
  Throughput:         5.36 Gbps (7.24 Mpps)
  Cycles available:   413 cycles/pkt (lower = higher load)
  Active IPs:         0
  Worker threads:     14 (lcores 1-14)

[DPDK NIC STATISTICS]
  RX packets (NIC):   5815763555
  RX dropped (HW):    [0m0[0m (imissed)
  RX no mbufs:        [0m0[0m (buffer exhaustion)
  RX errors:          0
  Total drops:        [0m0 (0.00%)[0m
  RX burst calls:     136794709498 (97.6% empty)
  Processed pkts:     5815767452 (100.0% of NIC RX)


╔═══════════════════════════════════════════════════════════════════════╗
║          MIRA DDoS DETECTOR - STATISTICS (MULTI-CORE)                ║
╚═══════════════════════════════════════════════════════════════════════╝

[PACKET COUNTERS - GLOBAL]
  Total packets:      5865847073
  Baseline (10.10.2.x): 3086191166 (52.6%)
  Attack (10.10.3.x): 1021728156 (17.4%)
  TCP packets:        3123941230
  UDP packets:        2472474105
  ICMP packets:       269431738

[INSTANTANEOUS TRAFFIC - Last 5.0 seconds]
  Baseline (10.10.2.x): 29017353 pkts (70.1%)  2407853257 bytes  3.85 Gbps
  Attack (10.10.3.x): 12363387 pkts (29.9%)  874644480 bytes  1.40 Gbps
  Total throughput:   5.25 Gbps  (avg pkt: 79 bytes)

[CUMULATIVE TRAFFIC - Since first packet (605.0s)]
  Total received:     5865847073 pkts (9.70 Mpps) | 8.80 Gbps | 665838331402 bytes

[ATTACK-SPECIFIC COUNTERS]
  SYN packets:        847449780
  SYN-ACK packets:    423724464
  SYN/ACK ratio:      2.00
  HTTP requests:      1454009607
  DNS queries:        617885878

[PROTOCOL-SPECIFIC COUNTERS - CIC-DDoS-2019 Features]
  NTP Amplification:
    Monlist queries:  0
    Responses:        0  (avg size: 0 bytes)
  DNS Amplification:
    ANY queries:      0
    TXT queries:      0
    Responses:        617885866  (avg size: 108 bytes)
  SNMP Amplification:
    GetBulk requests: 0
    Responses:        0  (avg size: 0 bytes)
  SSDP:
    M-SEARCH packets: 0
    Responses:        16860
  PortMapper:
    GETPORT calls:    0
    DUMP calls:       0
  NetBIOS:
    Name queries:     0
    Datagram packets: 0
  LDAP:
    Bind requests:    0
    Search requests:  1021711296
  MSSQL:
    SQLBatch packets: 0
    RPC packets:      0
  TFTP:
    RRQ (read) pkts:  0
    WRQ (write) pkts: 0

[ATTACK DETECTIONS - Cumulative Events]
  UDP flood events:   0
  UDP-lag events:     0
  SYN flood events:   0
  HTTP flood events:  0
  ICMP flood events:  0
  DNS amp events:     0
  NTP amp events:     0
  SNMP amp events:    0
  SSDP events:        0
  PortMap events:     0
  NetBIOS events:     0
  LDAP events:        8585
  MSSQL events:       0
  TFTP events:        0
  ACK flood events:   0
  Frag attack events: 0
  Heavy-hitter events:8625 (OctoSketch per-IP detection)
  Packet flood events:0
  (Note: Events count IPs exceeding thresholds per 50ms window)

[ALERT STATUS]
  Alert level:        [1;31mHIGH[0m
  Reason:             [1;31mLDAP detected: 2160495 pps | HEAVY-HITTER: 10.10.3.8 @ 11929 pps | TREND: attack rising (+584192/250ms) | [0m

[MULTI-LF (2025) COMPARISON]
=== Detection Performance vs ML-Based System ===

  First Detection Latency:   3425.89 ms (vs MULTI-LF: 866 ms)
    Improvement:             0.3× faster

  Packets until detection:   1106353308
  Bytes until detection:     135675220297 (129389.97 MB)

[OCTOSKETCH METRICS - Optimized Architecture]
=== Per-Worker Sketches + Sampling (1/32 packets) ===

  Architecture:              Per-worker (NO atomics, NO contention)
  Total sketch memory:       8961 KB (14 workers × 640.1 KB)
  Sampling rate:             1 in 32 packets (3.1% overhead)
  Attack traffic sampled:    3491616 updates
  Estimated attack packets:  111731712 (×32 sampling factor)
  Sketch overhead:           ~1.56% of fast-path cycles
  Memory efficiency:         O(1) constant, 640.1 KB per worker

[OCTOSKETCH HEAVY-HITTER DETECTION]
=== Top Attackers (per-IP tracking via Count-Min Sketch) ===

  Heavy-hitter threshold:    5000 pps per IP
  Heavy-hitters detected:    5 IPs exceeding threshold
  Total HH detections:       8625 events

  Top 5 Attackers (estimated counts, ×32 sampling):
    #1: 10.10.3.8 - 19328 pkts (3864 pps)
    #2: 10.10.3.33 - 19040 pkts (3807 pps)
    #3: 10.10.3.195 - 18976 pkts (3794 pps)
    #4: 10.10.3.96 - 18944 pkts (3788 pps)
    #5: 10.10.3.144 - 18816 pkts (3762 pps)

[RING BUFFER + MULTI-SCALE FEATURES]
=== Temporal Analysis (last 100 windows = 5.0 sec) ===

  Windows processed:         11310
  Buffer utilization:        100/100 (100.0%)
  Running baseline (ML):     7153740 pps (for ML features only)
  Detection mode:            FIXED THRESHOLDS

  [Temporal Features - Last Window]
    Delta PPS (250ms):       +584192
    Delta PPS (500ms):       +1170432
    PPS Variance:            455249657856
    Ratio vs Baseline:       1.72x

  [Multi-Scale Features]
    Top IP (50ms):           573 pps
    Top IP (1s):             7200 pps
    Top IP (1min):           5202 pps
    Burst Ratio (50ms/1min): 0.11x
    IP Concentration:        0.8%

[MULTIPLE DETECTION STATISTICS]
=== Aggregate Detection Analysis ===

  Total detection events:    8585
  Average detection latency: 55.08 ms
  Min detection latency:     53.94 ms
  Max detection latency:     3425.89 ms
  Latency range:             3371.94 ms

  Detection Latency Histogram:
    < 20 ms:  0 detections (0.0%)
    20-30 ms: 0 detections (0.0%)
    30-40 ms: 0 detections (0.0%)
    40-50 ms: 0 detections (0.0%)
    > 50 ms:  8584 detections (100.0%)

[PERFORMANCE METRICS]
  Throughput:         5.25 Gbps (8.27 Mpps)
  Cycles available:   361 cycles/pkt (lower = higher load)
  Active IPs:         0
  Worker threads:     14 (lcores 1-14)

[DPDK NIC STATISTICS]
  RX packets (NIC):   5865843547
  RX dropped (HW):    [0m0[0m (imissed)
  RX no mbufs:        [0m0[0m (buffer exhaustion)
  RX errors:          0
  Total drops:        [0m0 (0.00%)[0m
  RX burst calls:     137870093108 (97.6% empty)
  Processed pkts:     5865847073 (100.0% of NIC RX)


╔═══════════════════════════════════════════════════════════════════════╗
║          MIRA DDoS DETECTOR - STATISTICS (MULTI-CORE)                ║
╚═══════════════════════════════════════════════════════════════════════╝

[PACKET COUNTERS - GLOBAL]
  Total packets:      5916075420
  Baseline (10.10.2.x): 3111607628 (52.6%)
  Attack (10.10.3.x): 1032559004 (17.5%)
  TCP packets:        3149550912
  UDP packets:        2494902595
  ICMP packets:       271621913

[INSTANTANEOUS TRAFFIC - Last 5.0 seconds]
  Baseline (10.10.2.x): 25416057 pkts (70.1%)  2415095475 bytes  3.86 Gbps
  Attack (10.10.3.x): 10830592 pkts (29.9%)  877277952 bytes  1.40 Gbps
  Total throughput:   5.26 Gbps  (avg pkt: 91 bytes)

[CUMULATIVE TRAFFIC - Since first packet (610.0s)]
  Total received:     5916075420 pkts (9.70 Mpps) | 8.81 Gbps | 671432259069 bytes

[ATTACK-SPECIFIC COUNTERS]
  SYN packets:        854508795
  SYN-ACK packets:    427253972
  SYN/ACK ratio:      2.00
  HTTP requests:      1465091504
  DNS queries:        622809569

[PROTOCOL-SPECIFIC COUNTERS - CIC-DDoS-2019 Features]
  NTP Amplification:
    Monlist queries:  0
    Responses:        0  (avg size: 0 bytes)
  DNS Amplification:
    ANY queries:      0
    TXT queries:      0
    Responses:        622809554  (avg size: 108 bytes)
  SNMP Amplification:
    GetBulk requests: 0
    Responses:        0  (avg size: 0 bytes)
  SSDP:
    M-SEARCH packets: 0
    Responses:        17045
  PortMapper:
    GETPORT calls:    0
    DUMP calls:       0
  NetBIOS:
    Name queries:     0
    Datagram packets: 0
  LDAP:
    Bind requests:    0
    Search requests:  1032541959
  MSSQL:
    SQLBatch packets: 0
    RPC packets:      0
  TFTP:
    RRQ (read) pkts:  0
    WRQ (write) pkts: 0

[ATTACK DETECTIONS - Cumulative Events]
  UDP flood events:   0
  UDP-lag events:     0
  SYN flood events:   0
  HTTP flood events:  0
  ICMP flood events:  0
  DNS amp events:     0
  NTP amp events:     0
  SNMP amp events:    0
  SSDP events:        0
  PortMap events:     0
  NetBIOS events:     0
  LDAP events:        8677
  MSSQL events:       0
  TFTP events:        0
  ACK flood events:   0
  Frag attack events: 0
  Heavy-hitter events:8717 (OctoSketch per-IP detection)
  Packet flood events:0
  (Note: Events count IPs exceeding thresholds per 50ms window)

[ALERT STATUS]
  Alert level:        [1;31mHIGH[0m
  Reason:             [1;31mLDAP detected: 2160519 pps | HEAVY-HITTER: 10.10.3.48 @ 12172 pps | TREND: attack rising (+588288/250ms) | [0m

[MULTI-LF (2025) COMPARISON]
=== Detection Performance vs ML-Based System ===

  First Detection Latency:   3425.89 ms (vs MULTI-LF: 866 ms)
    Improvement:             0.3× faster

  Packets until detection:   1106353308
  Bytes until detection:     135675220297 (129389.97 MB)

[OCTOSKETCH METRICS - Optimized Architecture]
=== Per-Worker Sketches + Sampling (1/32 packets) ===

  Architecture:              Per-worker (NO atomics, NO contention)
  Total sketch memory:       8961 KB (14 workers × 640.1 KB)
  Sampling rate:             1 in 32 packets (3.1% overhead)
  Attack traffic sampled:    3495712 updates
  Estimated attack packets:  111862784 (×32 sampling factor)
  Sketch overhead:           ~1.56% of fast-path cycles
  Memory efficiency:         O(1) constant, 640.1 KB per worker

[OCTOSKETCH HEAVY-HITTER DETECTION]
=== Top Attackers (per-IP tracking via Count-Min Sketch) ===

  Heavy-hitter threshold:    5000 pps per IP
  Heavy-hitters detected:    5 IPs exceeding threshold
  Total HH detections:       8717 events

  Top 5 Attackers (estimated counts, ×32 sampling):
    #1: 10.10.3.48 - 19744 pkts (3942 pps)
    #2: 10.10.3.52 - 19424 pkts (3878 pps)
    #3: 10.10.3.162 - 19424 pkts (3878 pps)
    #4: 10.10.3.160 - 19360 pkts (3865 pps)
    #5: 10.10.3.158 - 19104 pkts (3814 pps)

[RING BUFFER + MULTI-SCALE FEATURES]
=== Temporal Analysis (last 100 windows = 5.0 sec) ===

  Windows processed:         11402
  Buffer utilization:        100/100 (100.0%)
  Running baseline (ML):     5831408 pps (for ML features only)
  Detection mode:            FIXED THRESHOLDS

  [Temporal Features - Last Window]
    Delta PPS (250ms):       +588288
    Delta PPS (500ms):       +1172480
    PPS Variance:            454645710848
    Ratio vs Baseline:       1.86x

  [Multi-Scale Features]
    Top IP (50ms):           612 pps
    Top IP (1s):             1728 pps
    Top IP (1min):           6174 pps
    Burst Ratio (50ms/1min): 0.10x
    IP Concentration:        0.9%

[MULTIPLE DETECTION STATISTICS]
=== Aggregate Detection Analysis ===

  Total detection events:    8677
  Average detection latency: 55.07 ms
  Min detection latency:     53.94 ms
  Max detection latency:     3425.89 ms
  Latency range:             3371.94 ms

  Detection Latency Histogram:
    < 20 ms:  0 detections (0.0%)
    20-30 ms: 0 detections (0.0%)
    30-40 ms: 0 detections (0.0%)
    40-50 ms: 0 detections (0.0%)
    > 50 ms:  8676 detections (100.0%)

[PERFORMANCE METRICS]
  Throughput:         5.26 Gbps (7.24 Mpps)
  Cycles available:   413 cycles/pkt (lower = higher load)
  Active IPs:         0
  Worker threads:     14 (lcores 1-14)

[DPDK NIC STATISTICS]
  RX packets (NIC):   5916071601
  RX dropped (HW):    [0m0[0m (imissed)
  RX no mbufs:        [0m0[0m (buffer exhaustion)
  RX errors:          0
  Total drops:        [0m0 (0.00%)[0m
  RX burst calls:     138949027639 (97.6% empty)
  Processed pkts:     5916075420 (100.0% of NIC RX)


╔═══════════════════════════════════════════════════════════════════════╗
║          MIRA DDoS DETECTOR - STATISTICS (MULTI-CORE)                ║
╚═══════════════════════════════════════════════════════════════════════╝

[PACKET COUNTERS - GLOBAL]
  Total packets:      5966158104
  Baseline (10.10.2.x): 3136952186 (52.6%)
  Attack (10.10.3.x): 1043355292 (17.5%)
  TCP packets:        3175089641
  UDP packets:        2517261069
  ICMP packets:       273807394

[INSTANTANEOUS TRAFFIC - Last 5.0 seconds]
  Baseline (10.10.2.x): 27152052 pkts (68.7%)  2408051864 bytes  3.85 Gbps
  Attack (10.10.3.x): 12360610 pkts (31.3%)  874478592 bytes  1.40 Gbps
  Total throughput:   5.25 Gbps  (avg pkt: 83 bytes)

[CUMULATIVE TRAFFIC - Since first packet (615.0s)]
  Total received:     5966158104 pkts (9.70 Mpps) | 8.81 Gbps | 677009788159 bytes

[ATTACK-SPECIFIC COUNTERS]
  SYN packets:        861548381
  SYN-ACK packets:    430773760
  SYN/ACK ratio:      2.00
  HTTP requests:      1476141684
  DNS queries:        627718814

[PROTOCOL-SPECIFIC COUNTERS - CIC-DDoS-2019 Features]
  NTP Amplification:
    Monlist queries:  0
    Responses:        0  (avg size: 0 bytes)
  DNS Amplification:
    ANY queries:      0
    TXT queries:      0
    Responses:        627718806  (avg size: 108 bytes)
  SNMP Amplification:
    GetBulk requests: 0
    Responses:        0  (avg size: 0 bytes)
  SSDP:
    M-SEARCH packets: 0
    Responses:        17221
  PortMapper:
    GETPORT calls:    0
    DUMP calls:       0
  NetBIOS:
    Name queries:     0
    Datagram packets: 0
  LDAP:
    Bind requests:    0
    Search requests:  1043338071
  MSSQL:
    SQLBatch packets: 0
    RPC packets:      0
  TFTP:
    RRQ (read) pkts:  0
    WRQ (write) pkts: 0

[ATTACK DETECTIONS - Cumulative Events]
  UDP flood events:   0
  UDP-lag events:     0
  SYN flood events:   0
  HTTP flood events:  0
  ICMP flood events:  0
  DNS amp events:     0
  NTP amp events:     0
  SNMP amp events:    0
  SSDP events:        0
  PortMap events:     0
  NetBIOS events:     0
  LDAP events:        8768
  MSSQL events:       0
  TFTP events:        0
  ACK flood events:   0
  Frag attack events: 0
  Heavy-hitter events:8808 (OctoSketch per-IP detection)
  Packet flood events:0
  (Note: Events count IPs exceeding thresholds per 50ms window)

[ALERT STATUS]
  Alert level:        [1;31mHIGH[0m
  Reason:             [1;31mLDAP detected: 2160642 pps | HEAVY-HITTER: 10.10.3.64 @ 12117 pps | TREND: attack rising (+584192/250ms) | [0m

[MULTI-LF (2025) COMPARISON]
=== Detection Performance vs ML-Based System ===

  First Detection Latency:   3425.89 ms (vs MULTI-LF: 866 ms)
    Improvement:             0.3× faster

  Packets until detection:   1106353308
  Bytes until detection:     135675220297 (129389.97 MB)

[OCTOSKETCH METRICS - Optimized Architecture]
=== Per-Worker Sketches + Sampling (1/32 packets) ===

  Architecture:              Per-worker (NO atomics, NO contention)
  Total sketch memory:       8961 KB (14 workers × 640.1 KB)
  Sampling rate:             1 in 32 packets (3.1% overhead)
  Attack traffic sampled:    3374752 updates
  Estimated attack packets:  107992064 (×32 sampling factor)
  Sketch overhead:           ~1.56% of fast-path cycles
  Memory efficiency:         O(1) constant, 640.1 KB per worker

[OCTOSKETCH HEAVY-HITTER DETECTION]
=== Top Attackers (per-IP tracking via Count-Min Sketch) ===

  Heavy-hitter threshold:    5000 pps per IP
  Heavy-hitters detected:    5 IPs exceeding threshold
  Total HH detections:       8808 events

  Top 5 Attackers (estimated counts, ×32 sampling):
    #1: 10.10.3.64 - 18976 pkts (3795 pps)
    #2: 10.10.3.28 - 18304 pkts (3660 pps)
    #3: 10.10.3.182 - 18304 pkts (3660 pps)
    #4: 10.10.3.184 - 18272 pkts (3654 pps)
    #5: 10.10.3.157 - 18208 pkts (3641 pps)

[RING BUFFER + MULTI-SCALE FEATURES]
=== Temporal Analysis (last 100 windows = 5.0 sec) ===

  Windows processed:         11493
  Buffer utilization:        100/100 (100.0%)
  Running baseline (ML):     7150260 pps (for ML features only)
  Detection mode:            FIXED THRESHOLDS

  [Temporal Features - Last Window]
    Delta PPS (250ms):       +584192
    Delta PPS (500ms):       +1168580
    PPS Variance:            455241859072
    Ratio vs Baseline:       1.72x

  [Multi-Scale Features]
    Top IP (50ms):           695 pps
    Top IP (1s):             8992 pps
    Top IP (1min):           7102 pps
    Burst Ratio (50ms/1min): 0.10x
    IP Concentration:        1.0%

[MULTIPLE DETECTION STATISTICS]
=== Aggregate Detection Analysis ===

  Total detection events:    8768
  Average detection latency: 55.07 ms
  Min detection latency:     53.94 ms
  Max detection latency:     3425.89 ms
  Latency range:             3371.94 ms

  Detection Latency Histogram:
    < 20 ms:  0 detections (0.0%)
    20-30 ms: 0 detections (0.0%)
    30-40 ms: 0 detections (0.0%)
    40-50 ms: 0 detections (0.0%)
    > 50 ms:  8767 detections (100.0%)

[PERFORMANCE METRICS]
  Throughput:         5.25 Gbps (7.90 Mpps)
  Cycles available:   378 cycles/pkt (lower = higher load)
  Active IPs:         0
  Worker threads:     14 (lcores 1-14)

[DPDK NIC STATISTICS]
  RX packets (NIC):   5966154673
  RX dropped (HW):    [0m0[0m (imissed)
  RX no mbufs:        [0m0[0m (buffer exhaustion)
  RX errors:          0
  Total drops:        [0m0 (0.00%)[0m
  RX burst calls:     140024110419 (97.6% empty)
  Processed pkts:     5966158104 (100.0% of NIC RX)


╔═══════════════════════════════════════════════════════════════════════╗
║          MIRA DDoS DETECTOR - STATISTICS (MULTI-CORE)                ║
╚═══════════════════════════════════════════════════════════════════════╝

[PACKET COUNTERS - GLOBAL]
  Total packets:      6016372978
  Baseline (10.10.2.x): 3162361903 (52.6%)
  Attack (10.10.3.x): 1054182300 (17.5%)
  TCP packets:        3200696471
  UDP packets:        2539678731
  ICMP packets:       275997776

[INSTANTANEOUS TRAFFIC - Last 5.0 seconds]
  Baseline (10.10.2.x): 25409241 pkts (67.2%)  2414159709 bytes  3.86 Gbps
  Attack (10.10.3.x): 12388818 pkts (32.8%)  876966912 bytes  1.40 Gbps
  Total throughput:   5.26 Gbps  (avg pkt: 87 bytes)

[CUMULATIVE TRAFFIC - Since first packet (620.0s)]
  Total received:     6016372978 pkts (9.70 Mpps) | 8.81 Gbps | 682602303367 bytes

[ATTACK-SPECIFIC COUNTERS]
  SYN packets:        868606390
  SYN-ACK packets:    434302761
  SYN/ACK ratio:      2.00
  HTTP requests:      1487223897
  DNS queries:        632639908

[PROTOCOL-SPECIFIC COUNTERS - CIC-DDoS-2019 Features]
  NTP Amplification:
    Monlist queries:  0
    Responses:        0  (avg size: 0 bytes)
  DNS Amplification:
    ANY queries:      0
    TXT queries:      0
    Responses:        632639896  (avg size: 108 bytes)
  SNMP Amplification:
    GetBulk requests: 0
    Responses:        0  (avg size: 0 bytes)
  SSDP:
    M-SEARCH packets: 0
    Responses:        17398
  PortMapper:
    GETPORT calls:    0
    DUMP calls:       0
  NetBIOS:
    Name queries:     0
    Datagram packets: 0
  LDAP:
    Bind requests:    0
    Search requests:  1054164902
  MSSQL:
    SQLBatch packets: 0
    RPC packets:      0
  TFTP:
    RRQ (read) pkts:  0
    WRQ (write) pkts: 0

[ATTACK DETECTIONS - Cumulative Events]
  UDP flood events:   0
  UDP-lag events:     0
  SYN flood events:   0
  HTTP flood events:  0
  ICMP flood events:  0
  DNS amp events:     0
  NTP amp events:     0
  SNMP amp events:    0
  SSDP events:        0
  PortMap events:     0
  NetBIOS events:     0
  LDAP events:        8860
  MSSQL events:       0
  TFTP events:        0
  ACK flood events:   0
  Frag attack events: 0
  Heavy-hitter events:8900 (OctoSketch per-IP detection)
  Packet flood events:0
  (Note: Events count IPs exceeding thresholds per 50ms window)

[ALERT STATUS]
  Alert level:        [1;31mHIGH[0m
  Reason:             [1;31mLDAP detected: 2160578 pps | HEAVY-HITTER: 10.10.3.145 @ 11988 pps | TREND: attack rising (+586014/250ms) | [0m

[MULTI-LF (2025) COMPARISON]
=== Detection Performance vs ML-Based System ===

  First Detection Latency:   3425.89 ms (vs MULTI-LF: 866 ms)
    Improvement:             0.3× faster

  Packets until detection:   1106353308
  Bytes until detection:     135675220297 (129389.97 MB)

[OCTOSKETCH METRICS - Optimized Architecture]
=== Per-Worker Sketches + Sampling (1/32 packets) ===

  Architecture:              Per-worker (NO atomics, NO contention)
  Total sketch memory:       8961 KB (14 workers × 640.1 KB)
  Sampling rate:             1 in 32 packets (3.1% overhead)
  Attack traffic sampled:    3376512 updates
  Estimated attack packets:  108048384 (×32 sampling factor)
  Sketch overhead:           ~1.56% of fast-path cycles
  Memory efficiency:         O(1) constant, 640.1 KB per worker

[OCTOSKETCH HEAVY-HITTER DETECTION]
=== Top Attackers (per-IP tracking via Count-Min Sketch) ===

  Heavy-hitter threshold:    5000 pps per IP
  Heavy-hitters detected:    5 IPs exceeding threshold
  Total HH detections:       8900 events

  Top 5 Attackers (estimated counts, ×32 sampling):
    #1: 10.10.3.145 - 18784 pkts (3752 pps)
    #2: 10.10.3.0 - 18496 pkts (3694 pps)
    #3: 10.10.3.182 - 18496 pkts (3694 pps)
    #4: 10.10.3.134 - 18400 pkts (3675 pps)
    #5: 10.10.3.175 - 18336 pkts (3662 pps)

[RING BUFFER + MULTI-SCALE FEATURES]
=== Temporal Analysis (last 100 windows = 5.0 sec) ===

  Windows processed:         11585
  Buffer utilization:        100/100 (100.0%)
  Running baseline (ML):     7250558 pps (for ML features only)
  Detection mode:            FIXED THRESHOLDS

  [Temporal Features - Last Window]
    Delta PPS (250ms):       +586014
    Delta PPS (500ms):       +1170432
    PPS Variance:            454902874112
    Ratio vs Baseline:       1.71x

  [Multi-Scale Features]
    Top IP (50ms):           633 pps
    Top IP (1s):             3616 pps
    Top IP (1min):           7963 pps
    Burst Ratio (50ms/1min): 0.08x
    IP Concentration:        0.9%

[MULTIPLE DETECTION STATISTICS]
=== Aggregate Detection Analysis ===

  Total detection events:    8860
  Average detection latency: 55.06 ms
  Min detection latency:     53.94 ms
  Max detection latency:     3425.89 ms
  Latency range:             3371.94 ms

  Detection Latency Histogram:
    < 20 ms:  0 detections (0.0%)
    20-30 ms: 0 detections (0.0%)
    30-40 ms: 0 detections (0.0%)
    40-50 ms: 0 detections (0.0%)
    > 50 ms:  8859 detections (100.0%)

[PERFORMANCE METRICS]
  Throughput:         5.26 Gbps (7.55 Mpps)
  Cycles available:   396 cycles/pkt (lower = higher load)
  Active IPs:         0
  Worker threads:     14 (lcores 1-14)

[DPDK NIC STATISTICS]
  RX packets (NIC):   6016369803
  RX dropped (HW):    [0m0[0m (imissed)
  RX no mbufs:        [0m0[0m (buffer exhaustion)
  RX errors:          0
  Total drops:        [0m0 (0.00%)[0m
  RX burst calls:     141102224539 (97.6% empty)
  Processed pkts:     6016372978 (100.0% of NIC RX)


╔═══════════════════════════════════════════════════════════════════════╗
║          MIRA DDoS DETECTOR - STATISTICS (MULTI-CORE)                ║
╚═══════════════════════════════════════════════════════════════════════╝

[PACKET COUNTERS - GLOBAL]
  Total packets:      6066444608
  Baseline (10.10.2.x): 3187698386 (52.5%)
  Attack (10.10.3.x): 1064977564 (17.6%)
  TCP packets:        3226223727
  UDP packets:        2562036219
  ICMP packets:       278184662

[INSTANTANEOUS TRAFFIC - Last 5.0 seconds]
  Baseline (10.10.2.x): 28953139 pkts (71.4%)  2407229288 bytes  3.85 Gbps
  Attack (10.10.3.x): 11577629 pkts (28.6%)  937855908 bytes  1.50 Gbps
  Total throughput:   5.35 Gbps  (avg pkt: 83 bytes)

[CUMULATIVE TRAFFIC - Since first packet (625.0s)]
  Total received:     6066444608 pkts (9.71 Mpps) | 8.81 Gbps | 688178538876 bytes

[ATTACK-SPECIFIC COUNTERS]
  SYN packets:        875642532
  SYN-ACK packets:    437820829
  SYN/ACK ratio:      2.00
  HTTP requests:      1498271242
  DNS queries:        637549364

[PROTOCOL-SPECIFIC COUNTERS - CIC-DDoS-2019 Features]
  NTP Amplification:
    Monlist queries:  0
    Responses:        0  (avg size: 0 bytes)
  DNS Amplification:
    ANY queries:      0
    TXT queries:      0
    Responses:        637549357  (avg size: 108 bytes)
  SNMP Amplification:
    GetBulk requests: 0
    Responses:        0  (avg size: 0 bytes)
  SSDP:
    M-SEARCH packets: 0
    Responses:        17575
  PortMapper:
    GETPORT calls:    0
    DUMP calls:       0
  NetBIOS:
    Name queries:     0
    Datagram packets: 0
  LDAP:
    Bind requests:    0
    Search requests:  1064959989
  MSSQL:
    SQLBatch packets: 0
    RPC packets:      0
  TFTP:
    RRQ (read) pkts:  0
    WRQ (write) pkts: 0

[ATTACK DETECTIONS - Cumulative Events]
  UDP flood events:   0
  UDP-lag events:     0
  SYN flood events:   0
  HTTP flood events:  0
  ICMP flood events:  0
  DNS amp events:     0
  NTP amp events:     0
  SNMP amp events:    0
  SSDP events:        0
  PortMap events:     0
  NetBIOS events:     0
  LDAP events:        8951
  MSSQL events:       0
  TFTP events:        0
  ACK flood events:   0
  Frag attack events: 0
  Heavy-hitter events:8991 (OctoSketch per-IP detection)
  Packet flood events:0
  (Note: Events count IPs exceeding thresholds per 50ms window)

[ALERT STATUS]
  Alert level:        [1;31mHIGH[0m
  Reason:             [1;31mLDAP detected: 2160679 pps | HEAVY-HITTER: 10.10.3.47 @ 12130 pps | TREND: attack rising (+584192/250ms) | [0m

[MULTI-LF (2025) COMPARISON]
=== Detection Performance vs ML-Based System ===

  First Detection Latency:   3425.89 ms (vs MULTI-LF: 866 ms)
    Improvement:             0.3× faster

  Packets until detection:   1106353308
  Bytes until detection:     135675220297 (129389.97 MB)

[OCTOSKETCH METRICS - Optimized Architecture]
=== Per-Worker Sketches + Sampling (1/32 packets) ===

  Architecture:              Per-worker (NO atomics, NO contention)
  Total sketch memory:       8961 KB (14 workers × 640.1 KB)
  Sampling rate:             1 in 32 packets (3.1% overhead)
  Attack traffic sampled:    3257184 updates
  Estimated attack packets:  104229888 (×32 sampling factor)
  Sketch overhead:           ~1.56% of fast-path cycles
  Memory efficiency:         O(1) constant, 640.1 KB per worker

[OCTOSKETCH HEAVY-HITTER DETECTION]
=== Top Attackers (per-IP tracking via Count-Min Sketch) ===

  Heavy-hitter threshold:    5000 pps per IP
  Heavy-hitters detected:    5 IPs exceeding threshold
  Total HH detections:       8991 events

  Top 5 Attackers (estimated counts, ×32 sampling):
    #1: 10.10.3.47 - 18336 pkts (3667 pps)
    #2: 10.10.3.164 - 18176 pkts (3635 pps)
    #3: 10.10.3.119 - 18080 pkts (3616 pps)
    #4: 10.10.3.151 - 18080 pkts (3616 pps)
    #5: 10.10.3.79 - 17792 pkts (3558 pps)

[RING BUFFER + MULTI-SCALE FEATURES]
=== Temporal Analysis (last 100 windows = 5.0 sec) ===

  Windows processed:         11676
  Buffer utilization:        100/100 (100.0%)
  Running baseline (ML):     6586035 pps (for ML features only)
  Detection mode:            FIXED THRESHOLDS

  [Temporal Features - Last Window]
    Delta PPS (250ms):       +584192
    Delta PPS (500ms):       +1168384
    PPS Variance:            454729924608
    Ratio vs Baseline:       1.75x

  [Multi-Scale Features]
    Top IP (50ms):           593 pps
    Top IP (1s):             10816 pps
    Top IP (1min):           8882 pps
    Burst Ratio (50ms/1min): 0.07x
    IP Concentration:        0.8%

[MULTIPLE DETECTION STATISTICS]
=== Aggregate Detection Analysis ===

  Total detection events:    8951
  Average detection latency: 55.06 ms
  Min detection latency:     53.94 ms
  Max detection latency:     3425.89 ms
  Latency range:             3371.94 ms

  Detection Latency Histogram:
    < 20 ms:  0 detections (0.0%)
    20-30 ms: 0 detections (0.0%)
    30-40 ms: 0 detections (0.0%)
    40-50 ms: 0 detections (0.0%)
    > 50 ms:  8950 detections (100.0%)

[PERFORMANCE METRICS]
  Throughput:         5.35 Gbps (8.11 Mpps)
  Cycles available:   369 cycles/pkt (lower = higher load)
  Active IPs:         0
  Worker threads:     14 (lcores 1-14)

[DPDK NIC STATISTICS]
  RX packets (NIC):   6066441137
  RX dropped (HW):    [0m0[0m (imissed)
  RX no mbufs:        [0m0[0m (buffer exhaustion)
  RX errors:          0
  Total drops:        [0m0 (0.00%)[0m
  RX burst calls:     142177208695 (97.6% empty)
  Processed pkts:     6066444608 (100.0% of NIC RX)


╔═══════════════════════════════════════════════════════════════════════╗
║          MIRA DDoS DETECTOR - STATISTICS (MULTI-CORE)                ║
╚═══════════════════════════════════════════════════════════════════════╝

[PACKET COUNTERS - GLOBAL]
  Total packets:      6116668426
  Baseline (10.10.2.x): 3213108632 (52.5%)
  Attack (10.10.3.x): 1075804828 (17.6%)
  TCP packets:        3251848128
  UDP packets:        2584443148
  ICMP packets:       280377150

[INSTANTANEOUS TRAFFIC - Last 5.0 seconds]
  Baseline (10.10.2.x): 25409682 pkts (70.1%)  2412999304 bytes  3.86 Gbps
  Attack (10.10.3.x): 10827008 pkts (29.9%)  876987648 bytes  1.40 Gbps
  Total throughput:   5.26 Gbps  (avg pkt: 91 bytes)

[CUMULATIVE TRAFFIC - Since first packet (630.0s)]
  Total received:     6116668426 pkts (9.71 Mpps) | 8.81 Gbps | 693773105120 bytes

[ATTACK-SPECIFIC COUNTERS]
  SYN packets:        882702645
  SYN-ACK packets:    441350880
  SYN/ACK ratio:      2.00
  HTTP requests:      1509381629
  DNS queries:        642465242

[PROTOCOL-SPECIFIC COUNTERS - CIC-DDoS-2019 Features]
  NTP Amplification:
    Monlist queries:  0
    Responses:        0  (avg size: 0 bytes)
  DNS Amplification:
    ANY queries:      0
    TXT queries:      0
    Responses:        642465231  (avg size: 108 bytes)
  SNMP Amplification:
    GetBulk requests: 0
    Responses:        0  (avg size: 0 bytes)
  SSDP:
    M-SEARCH packets: 0
    Responses:        17760
  PortMapper:
    GETPORT calls:    0
    DUMP calls:       0
  NetBIOS:
    Name queries:     0
    Datagram packets: 0
  LDAP:
    Bind requests:    0
    Search requests:  1075787068
  MSSQL:
    SQLBatch packets: 0
    RPC packets:      0
  TFTP:
    RRQ (read) pkts:  0
    WRQ (write) pkts: 0

[ATTACK DETECTIONS - Cumulative Events]
  UDP flood events:   0
  UDP-lag events:     0
  SYN flood events:   0
  HTTP flood events:  0
  ICMP flood events:  0
  DNS amp events:     0
  NTP amp events:     0
  SNMP amp events:    0
  SSDP events:        0
  PortMap events:     0
  NetBIOS events:     0
  LDAP events:        9043
  MSSQL events:       0
  TFTP events:        0
  ACK flood events:   0
  Frag attack events: 0
  Heavy-hitter events:9083 (OctoSketch per-IP detection)
  Packet flood events:0
  (Note: Events count IPs exceeding thresholds per 50ms window)

[ALERT STATUS]
  Alert level:        [1;31mHIGH[0m
  Reason:             [1;31mLDAP detected: 2160530 pps | HEAVY-HITTER: 10.10.3.87 @ 11958 pps | TREND: attack rising (+583936/250ms) | [0m

[MULTI-LF (2025) COMPARISON]
=== Detection Performance vs ML-Based System ===

  First Detection Latency:   3425.89 ms (vs MULTI-LF: 866 ms)
    Improvement:             0.3× faster

  Packets until detection:   1106353308
  Bytes until detection:     135675220297 (129389.97 MB)

[OCTOSKETCH METRICS - Optimized Architecture]
=== Per-Worker Sketches + Sampling (1/32 packets) ===

  Architecture:              Per-worker (NO atomics, NO contention)
  Total sketch memory:       8961 KB (14 workers × 640.1 KB)
  Sampling rate:             1 in 32 packets (3.1% overhead)
  Attack traffic sampled:    3257568 updates
  Estimated attack packets:  104242176 (×32 sampling factor)
  Sketch overhead:           ~1.56% of fast-path cycles
  Memory efficiency:         O(1) constant, 640.1 KB per worker

[OCTOSKETCH HEAVY-HITTER DETECTION]
=== Top Attackers (per-IP tracking via Count-Min Sketch) ===

  Heavy-hitter threshold:    5000 pps per IP
  Heavy-hitters detected:    5 IPs exceeding threshold
  Total HH detections:       9083 events

  Top 5 Attackers (estimated counts, ×32 sampling):
    #1: 10.10.3.87 - 18080 pkts (3611 pps)
    #2: 10.10.3.95 - 17728 pkts (3541 pps)
    #3: 10.10.3.6 - 17568 pkts (3509 pps)
    #4: 10.10.3.121 - 17504 pkts (3496 pps)
    #5: 10.10.3.14 - 17472 pkts (3490 pps)

[RING BUFFER + MULTI-SCALE FEATURES]
=== Temporal Analysis (last 100 windows = 5.0 sec) ===

  Windows processed:         11768
  Buffer utilization:        100/100 (100.0%)
  Running baseline (ML):     5766136 pps (for ML features only)
  Detection mode:            FIXED THRESHOLDS

  [Temporal Features - Last Window]
    Delta PPS (250ms):       +583936
    Delta PPS (500ms):       +1170176
    PPS Variance:            454995476480
    Ratio vs Baseline:       1.88x

  [Multi-Scale Features]
    Top IP (50ms):           593 pps
    Top IP (1s):             5888 pps
    Top IP (1min):           9794 pps
    Burst Ratio (50ms/1min): 0.06x
    IP Concentration:        0.8%

[MULTIPLE DETECTION STATISTICS]
=== Aggregate Detection Analysis ===

  Total detection events:    9043
  Average detection latency: 55.06 ms
  Min detection latency:     53.94 ms
  Max detection latency:     3425.89 ms
  Latency range:             3371.94 ms

  Detection Latency Histogram:
    < 20 ms:  0 detections (0.0%)
    20-30 ms: 0 detections (0.0%)
    30-40 ms: 0 detections (0.0%)
    40-50 ms: 0 detections (0.0%)
    > 50 ms:  9042 detections (100.0%)

[PERFORMANCE METRICS]
  Throughput:         5.26 Gbps (7.24 Mpps)
  Cycles available:   413 cycles/pkt (lower = higher load)
  Active IPs:         0
  Worker threads:     14 (lcores 1-14)

[DPDK NIC STATISTICS]
  RX packets (NIC):   6116664753
  RX dropped (HW):    [0m0[0m (imissed)
  RX no mbufs:        [0m0[0m (buffer exhaustion)
  RX errors:          0
  Total drops:        [0m0 (0.00%)[0m
  RX burst calls:     143255521295 (97.6% empty)
  Processed pkts:     6116668426 (100.0% of NIC RX)


╔═══════════════════════════════════════════════════════════════════════╗
║          MIRA DDoS DETECTOR - STATISTICS (MULTI-CORE)                ║
╚═══════════════════════════════════════════════════════════════════════╝

[PACKET COUNTERS - GLOBAL]
  Total packets:      6168415495
  Baseline (10.10.2.x): 3238927913 (52.5%)
  Attack (10.10.3.x): 1086601884 (17.6%)
  TCP packets:        3280512977
  UDP packets:        2605249410
  ICMP packets:       282653108

[INSTANTANEOUS TRAFFIC - Last 5.0 seconds]
  Baseline (10.10.2.x): 25818868 pkts (70.5%)  2292511051 bytes  3.67 Gbps
  Attack (10.10.3.x): 10796864 pkts (29.5%)  999616140 bytes  1.60 Gbps
  Total throughput:   5.27 Gbps  (avg pkt: 90 bytes)

[CUMULATIVE TRAFFIC - Since first packet (635.0s)]
  Total received:     6168415495 pkts (9.71 Mpps) | 8.82 Gbps | 699728853143 bytes

[ATTACK-SPECIFIC COUNTERS]
  SYN packets:        890210151
  SYN-ACK packets:    445104633
  SYN/ACK ratio:      2.00
  HTTP requests:      1524737690
  DNS queries:        646561850

[PROTOCOL-SPECIFIC COUNTERS - CIC-DDoS-2019 Features]
  NTP Amplification:
    Monlist queries:  0
    Responses:        0  (avg size: 0 bytes)
  DNS Amplification:
    ANY queries:      0
    TXT queries:      0
    Responses:        646561837  (avg size: 108 bytes)
  SNMP Amplification:
    GetBulk requests: 0
    Responses:        0  (avg size: 0 bytes)
  SSDP:
    M-SEARCH packets: 0
    Responses:        17935
  PortMapper:
    GETPORT calls:    0
    DUMP calls:       0
  NetBIOS:
    Name queries:     0
    Datagram packets: 0
  LDAP:
    Bind requests:    0
    Search requests:  1086583949
  MSSQL:
    SQLBatch packets: 0
    RPC packets:      0
  TFTP:
    RRQ (read) pkts:  0
    WRQ (write) pkts: 0

[ATTACK DETECTIONS - Cumulative Events]
  UDP flood events:   0
  UDP-lag events:     0
  SYN flood events:   0
  HTTP flood events:  0
  ICMP flood events:  0
  DNS amp events:     0
  NTP amp events:     0
  SNMP amp events:    0
  SSDP events:        0
  PortMap events:     0
  NetBIOS events:     0
  LDAP events:        9134
  MSSQL events:       0
  TFTP events:        0
  ACK flood events:   0
  Frag attack events: 0
  Heavy-hitter events:9174 (OctoSketch per-IP detection)
  Packet flood events:0
  (Note: Events count IPs exceeding thresholds per 50ms window)

[ALERT STATUS]
  Alert level:        [1;31mHIGH[0m
  Reason:             [1;31mLDAP detected: 2160656 pps | HEAVY-HITTER: 10.10.3.24 @ 11918 pps | TREND: attack rising (+584370/250ms) | [0m

[MULTI-LF (2025) COMPARISON]
=== Detection Performance vs ML-Based System ===

  First Detection Latency:   3425.89 ms (vs MULTI-LF: 866 ms)
    Improvement:             0.3× faster

  Packets until detection:   1106353308
  Bytes until detection:     135675220297 (129389.97 MB)

[OCTOSKETCH METRICS - Optimized Architecture]
=== Per-Worker Sketches + Sampling (1/32 packets) ===

  Architecture:              Per-worker (NO atomics, NO contention)
  Total sketch memory:       8961 KB (14 workers × 640.1 KB)
  Sampling rate:             1 in 32 packets (3.1% overhead)
  Attack traffic sampled:    3141152 updates
  Estimated attack packets:  100516864 (×32 sampling factor)
  Sketch overhead:           ~1.56% of fast-path cycles
  Memory efficiency:         O(1) constant, 640.1 KB per worker

[OCTOSKETCH HEAVY-HITTER DETECTION]
=== Top Attackers (per-IP tracking via Count-Min Sketch) ===

  Heavy-hitter threshold:    5000 pps per IP
  Heavy-hitters detected:    5 IPs exceeding threshold
  Total HH detections:       9174 events

  Top 5 Attackers (estimated counts, ×32 sampling):
    #1: 10.10.3.24 - 17376 pkts (3474 pps)
    #2: 10.10.3.101 - 17216 pkts (3442 pps)
    #3: 10.10.3.52 - 17088 pkts (3417 pps)
    #4: 10.10.3.139 - 17088 pkts (3417 pps)
    #5: 10.10.3.30 - 16960 pkts (3391 pps)

[RING BUFFER + MULTI-SCALE FEATURES]
=== Temporal Analysis (last 100 windows = 5.0 sec) ===

  Windows processed:         11859
  Buffer utilization:        100/100 (100.0%)
  Running baseline (ML):     5740393 pps (for ML features only)
  Detection mode:            FIXED THRESHOLDS

  [Temporal Features - Last Window]
    Delta PPS (250ms):       +584370
    Delta PPS (500ms):       +1168562
    PPS Variance:            454565429248
    Ratio vs Baseline:       1.87x

  [Multi-Scale Features]
    Top IP (50ms):           593 pps
    Top IP (1s):             13088 pps
    Top IP (1min):           10682 pps
    Burst Ratio (50ms/1min): 0.06x
    IP Concentration:        0.8%

[MULTIPLE DETECTION STATISTICS]
=== Aggregate Detection Analysis ===

  Total detection events:    9134
  Average detection latency: 55.05 ms
  Min detection latency:     53.94 ms
  Max detection latency:     3425.89 ms
  Latency range:             3371.94 ms

  Detection Latency Histogram:
    < 20 ms:  0 detections (0.0%)
    20-30 ms: 0 detections (0.0%)
    30-40 ms: 0 detections (0.0%)
    40-50 ms: 0 detections (0.0%)
    > 50 ms:  9133 detections (100.0%)

[PERFORMANCE METRICS]
  Throughput:         5.27 Gbps (7.32 Mpps)
  Cycles available:   408 cycles/pkt (lower = higher load)
  Active IPs:         0
  Worker threads:     14 (lcores 1-14)

[DPDK NIC STATISTICS]
  RX packets (NIC):   6168411737
  RX dropped (HW):    [0m0[0m (imissed)
  RX no mbufs:        [0m0[0m (buffer exhaustion)
  RX errors:          0
  Total drops:        [0m0 (0.00%)[0m
  RX burst calls:     144295613249 (97.6% empty)
  Processed pkts:     6168415495 (100.0% of NIC RX)


╔═══════════════════════════════════════════════════════════════════════╗
║          MIRA DDoS DETECTOR - STATISTICS (MULTI-CORE)                ║
╚═══════════════════════════════════════════════════════════════════════╝

[PACKET COUNTERS - GLOBAL]
  Total packets:      6220279650
  Baseline (10.10.2.x): 3264803944 (52.5%)
  Attack (10.10.3.x): 1097428380 (17.6%)
  TCP packets:        3309242651
  UDP packets:        2626102909
  ICMP packets:       284934090

[INSTANTANEOUS TRAFFIC - Last 5.0 seconds]
  Baseline (10.10.2.x): 25875559 pkts (70.5%)  2297837744 bytes  3.67 Gbps
  Attack (10.10.3.x): 10826240 pkts (29.5%)  940124556 bytes  1.50 Gbps
  Total throughput:   5.17 Gbps  (avg pkt: 88 bytes)

[CUMULATIVE TRAFFIC - Since first packet (640.0s)]
  Total received:     6220279650 pkts (9.72 Mpps) | 8.82 Gbps | 705698267742 bytes

[ATTACK-SPECIFIC COUNTERS]
  SYN packets:        897734726
  SYN-ACK packets:    448866913
  SYN/ACK ratio:      2.00
  HTTP requests:      1540127899
  DNS queries:        650664647

[PROTOCOL-SPECIFIC COUNTERS - CIC-DDoS-2019 Features]
  NTP Amplification:
    Monlist queries:  0
    Responses:        0  (avg size: 0 bytes)
  DNS Amplification:
    ANY queries:      0
    TXT queries:      0
    Responses:        650664628  (avg size: 108 bytes)
  SNMP Amplification:
    GetBulk requests: 0
    Responses:        0  (avg size: 0 bytes)
  SSDP:
    M-SEARCH packets: 0
    Responses:        18107
  PortMapper:
    GETPORT calls:    0
    DUMP calls:       0
  NetBIOS:
    Name queries:     0
    Datagram packets: 0
  LDAP:
    Bind requests:    0
    Search requests:  1097410273
  MSSQL:
    SQLBatch packets: 0
    RPC packets:      0
  TFTP:
    RRQ (read) pkts:  0
    WRQ (write) pkts: 0

[ATTACK DETECTIONS - Cumulative Events]
  UDP flood events:   0
  UDP-lag events:     0
  SYN flood events:   0
  HTTP flood events:  0
  ICMP flood events:  0
  DNS amp events:     0
  NTP amp events:     0
  SNMP amp events:    0
  SSDP events:        0
  PortMap events:     0
  NetBIOS events:     0
  LDAP events:        9226
  MSSQL events:       0
  TFTP events:        0
  ACK flood events:   0
  Frag attack events: 0
  Heavy-hitter events:9266 (OctoSketch per-IP detection)
  Packet flood events:0
  (Note: Events count IPs exceeding thresholds per 50ms window)

[ALERT STATUS]
  Alert level:        [1;31mHIGH[0m
  Reason:             [1;31mLDAP detected: 2160498 pps | HEAVY-HITTER: 10.10.3.138 @ 12118 pps | TREND: attack rising (+584192/250ms) | [0m

[MULTI-LF (2025) COMPARISON]
=== Detection Performance vs ML-Based System ===

  First Detection Latency:   3425.89 ms (vs MULTI-LF: 866 ms)
    Improvement:             0.3× faster

  Packets until detection:   1106353308
  Bytes until detection:     135675220297 (129389.97 MB)

[OCTOSKETCH METRICS - Optimized Architecture]
=== Per-Worker Sketches + Sampling (1/32 packets) ===

  Architecture:              Per-worker (NO atomics, NO contention)
  Total sketch memory:       8961 KB (14 workers × 640.1 KB)
  Sampling rate:             1 in 32 packets (3.1% overhead)
  Attack traffic sampled:    3140544 updates
  Estimated attack packets:  100497408 (×32 sampling factor)
  Sketch overhead:           ~1.56% of fast-path cycles
  Memory efficiency:         O(1) constant, 640.1 KB per worker

[OCTOSKETCH HEAVY-HITTER DETECTION]
=== Top Attackers (per-IP tracking via Count-Min Sketch) ===

  Heavy-hitter threshold:    5000 pps per IP
  Heavy-hitters detected:    5 IPs exceeding threshold
  Total HH detections:       9266 events

  Top 5 Attackers (estimated counts, ×32 sampling):
    #1: 10.10.3.138 - 17664 pkts (3528 pps)
    #2: 10.10.3.7 - 17152 pkts (3426 pps)
    #3: 10.10.3.61 - 17152 pkts (3426 pps)
    #4: 10.10.3.55 - 17152 pkts (3426 pps)
    #5: 10.10.3.36 - 17120 pkts (3420 pps)

[RING BUFFER + MULTI-SCALE FEATURES]
=== Temporal Analysis (last 100 windows = 5.0 sec) ===

  Windows processed:         11951
  Buffer utilization:        100/100 (100.0%)
  Running baseline (ML):     5702380 pps (for ML features only)
  Detection mode:            FIXED THRESHOLDS

  [Temporal Features - Last Window]
    Delta PPS (250ms):       +584192
    Delta PPS (500ms):       +1168640
    PPS Variance:            455252705280
    Ratio vs Baseline:       1.90x

  [Multi-Scale Features]
    Top IP (50ms):           724 pps
    Top IP (1s):             7520 pps
    Top IP (1min):           11609 pps
    Burst Ratio (50ms/1min): 0.06x
    IP Concentration:        1.0%

[MULTIPLE DETECTION STATISTICS]
=== Aggregate Detection Analysis ===

  Total detection events:    9226
  Average detection latency: 55.05 ms
  Min detection latency:     53.94 ms
  Max detection latency:     3425.89 ms
  Latency range:             3371.95 ms

  Detection Latency Histogram:
    < 20 ms:  0 detections (0.0%)
    20-30 ms: 0 detections (0.0%)
    30-40 ms: 0 detections (0.0%)
    40-50 ms: 0 detections (0.0%)
    > 50 ms:  9225 detections (100.0%)

[PERFORMANCE METRICS]
  Throughput:         5.17 Gbps (7.33 Mpps)
  Cycles available:   408 cycles/pkt (lower = higher load)
  Active IPs:         0
  Worker threads:     14 (lcores 1-14)

[DPDK NIC STATISTICS]
  RX packets (NIC):   6220275809
  RX dropped (HW):    [0m0[0m (imissed)
  RX no mbufs:        [0m0[0m (buffer exhaustion)
  RX errors:          0
  Total drops:        [0m0 (0.00%)[0m
  RX burst calls:     145338932400 (97.6% empty)
  Processed pkts:     6220279650 (100.0% of NIC RX)


╔═══════════════════════════════════════════════════════════════════════╗
║          MIRA DDoS DETECTOR - STATISTICS (MULTI-CORE)                ║
╚═══════════════════════════════════════════════════════════════════════╝

[PACKET COUNTERS - GLOBAL]
  Total packets:      6272030634
  Baseline (10.10.2.x): 3290625212 (52.5%)
  Attack (10.10.3.x): 1108229020 (17.7%)
  TCP packets:        3337905214
  UDP packets:        2646912434
  ICMP packets:       287212986

[INSTANTANEOUS TRAFFIC - Last 5.0 seconds]
  Baseline (10.10.2.x): 25820933 pkts (70.5%)  2293322040 bytes  3.67 Gbps
  Attack (10.10.3.x): 10800384 pkts (29.5%)  874831104 bytes  1.40 Gbps
  Total throughput:   5.07 Gbps  (avg pkt: 87 bytes)

[CUMULATIVE TRAFFIC - Since first packet (645.0s)]
  Total received:     6272030634 pkts (9.72 Mpps) | 8.83 Gbps | 711654634907 bytes

[ATTACK-SPECIFIC COUNTERS]
  SYN packets:        905241980
  SYN-ACK packets:    452620538
  SYN/ACK ratio:      2.00
  HTTP requests:      1555480204
  DNS queries:        654759752

[PROTOCOL-SPECIFIC COUNTERS - CIC-DDoS-2019 Features]
  NTP Amplification:
    Monlist queries:  0
    Responses:        0  (avg size: 0 bytes)
  DNS Amplification:
    ANY queries:      0
    TXT queries:      0
    Responses:        654759734  (avg size: 108 bytes)
  SNMP Amplification:
    GetBulk requests: 0
    Responses:        0  (avg size: 0 bytes)
  SSDP:
    M-SEARCH packets: 0
    Responses:        18288
  PortMapper:
    GETPORT calls:    0
    DUMP calls:       0
  NetBIOS:
    Name queries:     0
    Datagram packets: 0
  LDAP:
    Bind requests:    0
    Search requests:  1108210732
  MSSQL:
    SQLBatch packets: 0
    RPC packets:      0
  TFTP:
    RRQ (read) pkts:  0
    WRQ (write) pkts: 0

[ATTACK DETECTIONS - Cumulative Events]
  UDP flood events:   0
  UDP-lag events:     0
  SYN flood events:   0
  HTTP flood events:  0
  ICMP flood events:  0
  DNS amp events:     0
  NTP amp events:     0
  SNMP amp events:    0
  SSDP events:        0
  PortMap events:     0
  NetBIOS events:     0
  LDAP events:        9317
  MSSQL events:       0
  TFTP events:        0
  ACK flood events:   0
  Frag attack events: 0
  Heavy-hitter events:9357 (OctoSketch per-IP detection)
  Packet flood events:0
  (Note: Events count IPs exceeding thresholds per 50ms window)

[ALERT STATUS]
  Alert level:        [1;31mHIGH[0m
  Reason:             [1;31mLDAP detected: 2160609 pps | HEAVY-HITTER: 10.10.3.62 @ 12349 pps | TREND: attack rising (+585984/250ms) | [0m

[MULTI-LF (2025) COMPARISON]
=== Detection Performance vs ML-Based System ===

  First Detection Latency:   3425.89 ms (vs MULTI-LF: 866 ms)
    Improvement:             0.3× faster

  Packets until detection:   1106353308
  Bytes until detection:     135675220297 (129389.97 MB)

[OCTOSKETCH METRICS - Optimized Architecture]
=== Per-Worker Sketches + Sampling (1/32 packets) ===

  Architecture:              Per-worker (NO atomics, NO contention)
  Total sketch memory:       8961 KB (14 workers × 640.1 KB)
  Sampling rate:             1 in 32 packets (3.1% overhead)
  Attack traffic sampled:    3025536 updates
  Estimated attack packets:  96817152 (×32 sampling factor)
  Sketch overhead:           ~1.56% of fast-path cycles
  Memory efficiency:         O(1) constant, 640.1 KB per worker

[OCTOSKETCH HEAVY-HITTER DETECTION]
=== Top Attackers (per-IP tracking via Count-Min Sketch) ===

  Heavy-hitter threshold:    5000 pps per IP
  Heavy-hitters detected:    5 IPs exceeding threshold
  Total HH detections:       9357 events

  Top 5 Attackers (estimated counts, ×32 sampling):
    #1: 10.10.3.62 - 17344 pkts (3467 pps)
    #2: 10.10.3.86 - 16768 pkts (3352 pps)
    #3: 10.10.3.107 - 16704 pkts (3339 pps)
    #4: 10.10.3.26 - 16672 pkts (3333 pps)
    #5: 10.10.3.14 - 16640 pkts (3326 pps)

[RING BUFFER + MULTI-SCALE FEATURES]
=== Temporal Analysis (last 100 windows = 5.0 sec) ===

  Windows processed:         12042
  Buffer utilization:        100/100 (100.0%)
  Running baseline (ML):     5740318 pps (for ML features only)
  Detection mode:            FIXED THRESHOLDS

  [Temporal Features - Last Window]
    Delta PPS (250ms):       +585984
    Delta PPS (500ms):       +1169920
    PPS Variance:            454084689920
    Ratio vs Baseline:       1.87x

  [Multi-Scale Features]
    Top IP (50ms):           661 pps
    Top IP (1s):             1664 pps
    Top IP (1min):           462 pps
    Burst Ratio (50ms/1min): 1.43x
    IP Concentration:        0.8%

[MULTIPLE DETECTION STATISTICS]
=== Aggregate Detection Analysis ===

  Total detection events:    9317
  Average detection latency: 55.05 ms
  Min detection latency:     53.94 ms
  Max detection latency:     3425.89 ms
  Latency range:             3371.95 ms

  Detection Latency Histogram:
    < 20 ms:  0 detections (0.0%)
    20-30 ms: 0 detections (0.0%)
    30-40 ms: 0 detections (0.0%)
    40-50 ms: 0 detections (0.0%)
    > 50 ms:  9316 detections (100.0%)

[PERFORMANCE METRICS]
  Throughput:         5.07 Gbps (7.32 Mpps)
  Cycles available:   408 cycles/pkt (lower = higher load)
  Active IPs:         0
  Worker threads:     14 (lcores 1-14)

[DPDK NIC STATISTICS]
  RX packets (NIC):   6272026802
  RX dropped (HW):    [0m0[0m (imissed)
  RX no mbufs:        [0m0[0m (buffer exhaustion)
  RX errors:          0
  Total drops:        [0m0 (0.00%)[0m
  RX burst calls:     146380552771 (97.6% empty)
  Processed pkts:     6272030634 (100.0% of NIC RX)


╔═══════════════════════════════════════════════════════════════════════╗
║          MIRA DDoS DETECTOR - STATISTICS (MULTI-CORE)                ║
╚═══════════════════════════════════════════════════════════════════════╝

[PACKET COUNTERS - GLOBAL]
  Total packets:      6323891100
  Baseline (10.10.2.x): 3316500822 (52.4%)
  Attack (10.10.3.x): 1119051676 (17.7%)
  TCP packets:        3366632490
  UDP packets:        2667764132
  ICMP packets:       289494478

[INSTANTANEOUS TRAFFIC - Last 5.0 seconds]
  Baseline (10.10.2.x): 25875029 pkts (70.5%)  2297771217 bytes  3.67 Gbps
  Attack (10.10.3.x): 10822400 pkts (29.5%)  876614400 bytes  1.40 Gbps
  Total throughput:   5.07 Gbps  (avg pkt: 87 bytes)

[CUMULATIVE TRAFFIC - Since first packet (650.0s)]
  Total received:     6323891100 pkts (9.73 Mpps) | 8.83 Gbps | 717623652544 bytes

[ATTACK-SPECIFIC COUNTERS]
  SYN packets:        912765891
  SYN-ACK packets:    456382490
  SYN/ACK ratio:      2.00
  HTTP requests:      1570869381
  DNS queries:        658863605

[PROTOCOL-SPECIFIC COUNTERS - CIC-DDoS-2019 Features]
  NTP Amplification:
    Monlist queries:  0
    Responses:        0  (avg size: 0 bytes)
  DNS Amplification:
    ANY queries:      0
    TXT queries:      0
    Responses:        658863588  (avg size: 108 bytes)
  SNMP Amplification:
    GetBulk requests: 0
    Responses:        0  (avg size: 0 bytes)
  SSDP:
    M-SEARCH packets: 0
    Responses:        18472
  PortMapper:
    GETPORT calls:    0
    DUMP calls:       0
  NetBIOS:
    Name queries:     0
    Datagram packets: 0
  LDAP:
    Bind requests:    0
    Search requests:  1119033204
  MSSQL:
    SQLBatch packets: 0
    RPC packets:      0
  TFTP:
    RRQ (read) pkts:  0
    WRQ (write) pkts: 0

[ATTACK DETECTIONS - Cumulative Events]
  UDP flood events:   0
  UDP-lag events:     0
  SYN flood events:   0
  HTTP flood events:  0
  ICMP flood events:  0
  DNS amp events:     0
  NTP amp events:     0
  SNMP amp events:    0
  SSDP events:        0
  PortMap events:     0
  NetBIOS events:     0
  LDAP events:        9409
  MSSQL events:       0
  TFTP events:        0
  ACK flood events:   0
  Frag attack events: 0
  Heavy-hitter events:9449 (OctoSketch per-IP detection)
  Packet flood events:0
  (Note: Events count IPs exceeding thresholds per 50ms window)

[ALERT STATUS]
  Alert level:        [1;31mHIGH[0m
  Reason:             [1;31mLDAP detected: 2160632 pps | HEAVY-HITTER: 10.10.3.80 @ 11859 pps | TREND: attack rising (+583926/250ms) | [0m

[MULTI-LF (2025) COMPARISON]
=== Detection Performance vs ML-Based System ===

  First Detection Latency:   3425.89 ms (vs MULTI-LF: 866 ms)
    Improvement:             0.3× faster

  Packets until detection:   1106353308
  Bytes until detection:     135675220297 (129389.97 MB)

[OCTOSKETCH METRICS - Optimized Architecture]
=== Per-Worker Sketches + Sampling (1/32 packets) ===

  Architecture:              Per-worker (NO atomics, NO contention)
  Total sketch memory:       8961 KB (14 workers × 640.1 KB)
  Sampling rate:             1 in 32 packets (3.1% overhead)
  Attack traffic sampled:    3022880 updates
  Estimated attack packets:  96732160 (×32 sampling factor)
  Sketch overhead:           ~1.56% of fast-path cycles
  Memory efficiency:         O(1) constant, 640.1 KB per worker

[OCTOSKETCH HEAVY-HITTER DETECTION]
=== Top Attackers (per-IP tracking via Count-Min Sketch) ===

  Heavy-hitter threshold:    5000 pps per IP
  Heavy-hitters detected:    5 IPs exceeding threshold
  Total HH detections:       9449 events

  Top 5 Attackers (estimated counts, ×32 sampling):
    #1: 10.10.3.80 - 16640 pkts (3325 pps)
    #2: 10.10.3.89 - 16544 pkts (3306 pps)
    #3: 10.10.3.30 - 16480 pkts (3293 pps)
    #4: 10.10.3.43 - 16416 pkts (3280 pps)
    #5: 10.10.3.148 - 16352 pkts (3267 pps)

[RING BUFFER + MULTI-SCALE FEATURES]
=== Temporal Analysis (last 100 windows = 5.0 sec) ===

  Windows processed:         12134
  Buffer utilization:        100/100 (100.0%)
  Running baseline (ML):     5699746 pps (for ML features only)
  Detection mode:            FIXED THRESHOLDS

  [Temporal Features - Last Window]
    Delta PPS (250ms):       +583926
    Delta PPS (500ms):       +1168118
    PPS Variance:            454745456640
    Ratio vs Baseline:       1.90x

  [Multi-Scale Features]
    Top IP (50ms):           707 pps
    Top IP (1s):             9344 pps
    Top IP (1min):           1401 pps
    Burst Ratio (50ms/1min): 0.50x
    IP Concentration:        0.9%

[MULTIPLE DETECTION STATISTICS]
=== Aggregate Detection Analysis ===

  Total detection events:    9409
  Average detection latency: 55.04 ms
  Min detection latency:     53.94 ms
  Max detection latency:     3425.89 ms
  Latency range:             3371.95 ms

  Detection Latency Histogram:
    < 20 ms:  0 detections (0.0%)
    20-30 ms: 0 detections (0.0%)
    30-40 ms: 0 detections (0.0%)
    40-50 ms: 0 detections (0.0%)
    > 50 ms:  9408 detections (100.0%)

[PERFORMANCE METRICS]
  Throughput:         5.07 Gbps (7.33 Mpps)
  Cycles available:   408 cycles/pkt (lower = higher load)
  Active IPs:         0
  Worker threads:     14 (lcores 1-14)

[DPDK NIC STATISTICS]
  RX packets (NIC):   6323887244
  RX dropped (HW):    [0m0[0m (imissed)
  RX no mbufs:        [0m0[0m (buffer exhaustion)
  RX errors:          0
  Total drops:        [0m0 (0.00%)[0m
  RX burst calls:     147423361954 (97.6% empty)
  Processed pkts:     6323891100 (100.0% of NIC RX)


╔═══════════════════════════════════════════════════════════════════════╗
║          MIRA DDoS DETECTOR - STATISTICS (MULTI-CORE)                ║
╚═══════════════════════════════════════════════════════════════════════╝

[PACKET COUNTERS - GLOBAL]
  Total packets:      6375635920
  Baseline (10.10.2.x): 3342318436 (52.4%)
  Attack (10.10.3.x): 1129850780 (17.7%)
  TCP packets:        3395297058
  UDP packets:        2688567226
  ICMP packets:       291771636

[INSTANTANEOUS TRAFFIC - Last 5.0 seconds]
  Baseline (10.10.2.x): 25817289 pkts (70.5%)  2456326052 bytes  3.93 Gbps
  Attack (10.10.3.x): 10798848 pkts (29.5%)  874706688 bytes  1.40 Gbps
  Total throughput:   5.33 Gbps  (avg pkt: 91 bytes)

[CUMULATIVE TRAFFIC - Since first packet (655.0s)]
  Total received:     6375635920 pkts (9.73 Mpps) | 8.84 Gbps | 723579410638 bytes

[ATTACK-SPECIFIC COUNTERS]
  SYN packets:        920273269
  SYN-ACK packets:    460136168
  SYN/ACK ratio:      2.00
  HTTP requests:      1586225624
  DNS queries:        662956959

[PROTOCOL-SPECIFIC COUNTERS - CIC-DDoS-2019 Features]
  NTP Amplification:
    Monlist queries:  0
    Responses:        0  (avg size: 0 bytes)
  DNS Amplification:
    ANY queries:      0
    TXT queries:      0
    Responses:        662956948  (avg size: 108 bytes)
  SNMP Amplification:
    GetBulk requests: 0
    Responses:        0  (avg size: 0 bytes)
  SSDP:
    M-SEARCH packets: 0
    Responses:        18648
  PortMapper:
    GETPORT calls:    0
    DUMP calls:       0
  NetBIOS:
    Name queries:     0
    Datagram packets: 0
  LDAP:
    Bind requests:    0
    Search requests:  1129832132
  MSSQL:
    SQLBatch packets: 0
    RPC packets:      0
  TFTP:
    RRQ (read) pkts:  0
    WRQ (write) pkts: 0

[ATTACK DETECTIONS - Cumulative Events]
  UDP flood events:   0
  UDP-lag events:     0
  SYN flood events:   0
  HTTP flood events:  0
  ICMP flood events:  0
  DNS amp events:     0
  NTP amp events:     0
  SNMP amp events:    0
  SSDP events:        0
  PortMap events:     0
  NetBIOS events:     0
  LDAP events:        9500
  MSSQL events:       0
  TFTP events:        0
  ACK flood events:   0
  Frag attack events: 0
  Heavy-hitter events:9540 (OctoSketch per-IP detection)
  Packet flood events:0
  (Note: Events count IPs exceeding thresholds per 50ms window)

[ALERT STATUS]
  Alert level:        [1;31mHIGH[0m
  Reason:             [1;31mLDAP detected: 2160630 pps | HEAVY-HITTER: 10.10.3.16 @ 12352 pps | TREND: attack rising (+585984/250ms) | [0m

[MULTI-LF (2025) COMPARISON]
=== Detection Performance vs ML-Based System ===

  First Detection Latency:   3425.89 ms (vs MULTI-LF: 866 ms)
    Improvement:             0.3× faster

  Packets until detection:   1106353308
  Bytes until detection:     135675220297 (129389.97 MB)

[OCTOSKETCH METRICS - Optimized Architecture]
=== Per-Worker Sketches + Sampling (1/32 packets) ===

  Architecture:              Per-worker (NO atomics, NO contention)
  Total sketch memory:       8961 KB (14 workers × 640.1 KB)
  Sampling rate:             1 in 32 packets (3.1% overhead)
  Attack traffic sampled:    2907200 updates
  Estimated attack packets:  93030400 (×32 sampling factor)
  Sketch overhead:           ~1.56% of fast-path cycles
  Memory efficiency:         O(1) constant, 640.1 KB per worker

[OCTOSKETCH HEAVY-HITTER DETECTION]
=== Top Attackers (per-IP tracking via Count-Min Sketch) ===

  Heavy-hitter threshold:    5000 pps per IP
  Heavy-hitters detected:    5 IPs exceeding threshold
  Total HH detections:       9540 events

  Top 5 Attackers (estimated counts, ×32 sampling):
    #1: 10.10.3.16 - 16672 pkts (3333 pps)
    #2: 10.10.3.84 - 16192 pkts (3237 pps)
    #3: 10.10.3.9 - 16160 pkts (3231 pps)
    #4: 10.10.3.196 - 16064 pkts (3211 pps)
    #5: 10.10.3.136 - 16032 pkts (3205 pps)

[RING BUFFER + MULTI-SCALE FEATURES]
=== Temporal Analysis (last 100 windows = 5.0 sec) ===

  Windows processed:         12225
  Buffer utilization:        100/100 (100.0%)
  Running baseline (ML):     5738158 pps (for ML features only)
  Detection mode:            FIXED THRESHOLDS

  [Temporal Features - Last Window]
    Delta PPS (250ms):       +585984
    Delta PPS (500ms):       +1170176
    PPS Variance:            454810304512
    Ratio vs Baseline:       1.87x

  [Multi-Scale Features]
    Top IP (50ms):           688 pps
    Top IP (1s):             3872 pps
    Top IP (1min):           2311 pps
    Burst Ratio (50ms/1min): 0.30x
    IP Concentration:        0.8%

[MULTIPLE DETECTION STATISTICS]
=== Aggregate Detection Analysis ===

  Total detection events:    9500
  Average detection latency: 55.04 ms
  Min detection latency:     53.94 ms
  Max detection latency:     3425.89 ms
  Latency range:             3371.95 ms

  Detection Latency Histogram:
    < 20 ms:  0 detections (0.0%)
    20-30 ms: 0 detections (0.0%)
    30-40 ms: 0 detections (0.0%)
    40-50 ms: 0 detections (0.0%)
    > 50 ms:  9499 detections (100.0%)

[PERFORMANCE METRICS]
  Throughput:         5.33 Gbps (7.32 Mpps)
  Cycles available:   408 cycles/pkt (lower = higher load)
  Active IPs:         0
  Worker threads:     14 (lcores 1-14)

[DPDK NIC STATISTICS]
  RX packets (NIC):   6375632562
  RX dropped (HW):    [0m0[0m (imissed)
  RX no mbufs:        [0m0[0m (buffer exhaustion)
  RX errors:          0
  Total drops:        [0m0 (0.00%)[0m
  RX burst calls:     148464017788 (97.6% empty)
  Processed pkts:     6375635920 (100.0% of NIC RX)


╔═══════════════════════════════════════════════════════════════════════╗
║          MIRA DDoS DETECTOR - STATISTICS (MULTI-CORE)                ║
╚═══════════════════════════════════════════════════════════════════════╝

[PACKET COUNTERS - GLOBAL]
  Total packets:      6427515130
  Baseline (10.10.2.x): 3368201547 (52.4%)
  Attack (10.10.3.x): 1140677788 (17.7%)
  TCP packets:        3424034153
  UDP packets:        2709426208
  ICMP packets:       294054769

[INSTANTANEOUS TRAFFIC - Last 5.0 seconds]
  Baseline (10.10.2.x): 25882508 pkts (70.5%)  2298047221 bytes  3.67 Gbps
  Attack (10.10.3.x): 10826752 pkts (29.5%)  876966912 bytes  1.40 Gbps
  Total throughput:   5.07 Gbps  (avg pkt: 86 bytes)

[CUMULATIVE TRAFFIC - Since first packet (660.1s)]
  Total received:     6427515130 pkts (9.74 Mpps) | 8.84 Gbps | 729550365263 bytes

[ATTACK-SPECIFIC COUNTERS]
  SYN packets:        927799519
  SYN-ACK packets:    463899286
  SYN/ACK ratio:      2.00
  HTTP requests:      1601621971
  DNS queries:        667062876

[PROTOCOL-SPECIFIC COUNTERS - CIC-DDoS-2019 Features]
  NTP Amplification:
    Monlist queries:  0
    Responses:        0  (avg size: 0 bytes)
  DNS Amplification:
    ANY queries:      0
    TXT queries:      0
    Responses:        667062857  (avg size: 108 bytes)
  SNMP Amplification:
    GetBulk requests: 0
    Responses:        0  (avg size: 0 bytes)
  SSDP:
    M-SEARCH packets: 0
    Responses:        18824
  PortMapper:
    GETPORT calls:    0
    DUMP calls:       0
  NetBIOS:
    Name queries:     0
    Datagram packets: 0
  LDAP:
    Bind requests:    0
    Search requests:  1140658964
  MSSQL:
    SQLBatch packets: 0
    RPC packets:      0
  TFTP:
    RRQ (read) pkts:  0
    WRQ (write) pkts: 0

[ATTACK DETECTIONS - Cumulative Events]
  UDP flood events:   0
  UDP-lag events:     0
  SYN flood events:   0
  HTTP flood events:  0
  ICMP flood events:  0
  DNS amp events:     0
  NTP amp events:     0
  SNMP amp events:    0
  SSDP events:        0
  PortMap events:     0
  NetBIOS events:     0
  LDAP events:        9592
  MSSQL events:       0
  TFTP events:        0
  ACK flood events:   0
  Frag attack events: 0
  Heavy-hitter events:9632 (OctoSketch per-IP detection)
  Packet flood events:0
  (Note: Events count IPs exceeding thresholds per 50ms window)

[ALERT STATUS]
  Alert level:        [1;31mHIGH[0m
  Reason:             [1;31mLDAP detected: 2160621 pps | HEAVY-HITTER: 10.10.3.56 @ 11927 pps | TREND: attack rising (+584192/250ms) | [0m

[MULTI-LF (2025) COMPARISON]
=== Detection Performance vs ML-Based System ===

  First Detection Latency:   3425.89 ms (vs MULTI-LF: 866 ms)
    Improvement:             0.3× faster

  Packets until detection:   1106353308
  Bytes until detection:     135675220297 (129389.97 MB)

[OCTOSKETCH METRICS - Optimized Architecture]
=== Per-Worker Sketches + Sampling (1/32 packets) ===

  Architecture:              Per-worker (NO atomics, NO contention)
  Total sketch memory:       8961 KB (14 workers × 640.1 KB)
  Sampling rate:             1 in 32 packets (3.1% overhead)
  Attack traffic sampled:    2906912 updates
  Estimated attack packets:  93021184 (×32 sampling factor)
  Sketch overhead:           ~1.56% of fast-path cycles
  Memory efficiency:         O(1) constant, 640.1 KB per worker

[OCTOSKETCH HEAVY-HITTER DETECTION]
=== Top Attackers (per-IP tracking via Count-Min Sketch) ===

  Heavy-hitter threshold:    5000 pps per IP
  Heavy-hitters detected:    5 IPs exceeding threshold
  Total HH detections:       9632 events

  Top 5 Attackers (estimated counts, ×32 sampling):
    #1: 10.10.3.56 - 16096 pkts (3215 pps)
    #2: 10.10.3.64 - 16064 pkts (3208 pps)
    #3: 10.10.3.11 - 16000 pkts (3196 pps)
    #4: 10.10.3.35 - 16000 pkts (3196 pps)
    #5: 10.10.3.58 - 16000 pkts (3196 pps)

[RING BUFFER + MULTI-SCALE FEATURES]
=== Temporal Analysis (last 100 windows = 5.0 sec) ===

  Windows processed:         12317
  Buffer utilization:        100/100 (100.0%)
  Running baseline (ML):     5700850 pps (for ML features only)
  Detection mode:            FIXED THRESHOLDS

  [Temporal Features - Last Window]
    Delta PPS (250ms):       +584192
    Delta PPS (500ms):       +1168128
    PPS Variance:            454652723200
    Ratio vs Baseline:       1.90x

  [Multi-Scale Features]
    Top IP (50ms):           664 pps
    Top IP (1s):             11296 pps
    Top IP (1min):           3267 pps
    Burst Ratio (50ms/1min): 0.20x
    IP Concentration:        0.8%

[MULTIPLE DETECTION STATISTICS]
=== Aggregate Detection Analysis ===

  Total detection events:    9592
  Average detection latency: 55.04 ms
  Min detection latency:     53.94 ms
  Max detection latency:     3425.89 ms
  Latency range:             3371.95 ms

  Detection Latency Histogram:
    < 20 ms:  0 detections (0.0%)
    20-30 ms: 0 detections (0.0%)
    30-40 ms: 0 detections (0.0%)
    40-50 ms: 0 detections (0.0%)
    > 50 ms:  9591 detections (100.0%)

[PERFORMANCE METRICS]
  Throughput:         5.07 Gbps (7.33 Mpps)
  Cycles available:   408 cycles/pkt (lower = higher load)
  Active IPs:         0
  Worker threads:     14 (lcores 1-14)

[DPDK NIC STATISTICS]
  RX packets (NIC):   6427511647
  RX dropped (HW):    [0m0[0m (imissed)
  RX no mbufs:        [0m0[0m (buffer exhaustion)
  RX errors:          0
  Total drops:        [0m0 (0.00%)[0m
  RX burst calls:     149507238441 (97.6% empty)
  Processed pkts:     6427515130 (100.0% of NIC RX)


╔═══════════════════════════════════════════════════════════════════════╗
║          MIRA DDoS DETECTOR - STATISTICS (MULTI-CORE)                ║
╚═══════════════════════════════════════════════════════════════════════╝

[PACKET COUNTERS - GLOBAL]
  Total packets:      6479225244
  Baseline (10.10.2.x): 3393999245 (52.4%)
  Attack (10.10.3.x): 1151473052 (17.8%)
  TCP packets:        3452677854
  UDP packets:        2730218818
  ICMP packets:       296328572

[INSTANTANEOUS TRAFFIC - Last 5.0 seconds]
  Baseline (10.10.2.x): 25797121 pkts (70.5%)  2290768208 bytes  3.67 Gbps
  Attack (10.10.3.x): 10795008 pkts (29.5%)  874395648 bytes  1.40 Gbps
  Total throughput:   5.06 Gbps  (avg pkt: 86 bytes)

[CUMULATIVE TRAFFIC - Since first packet (665.1s)]
  Total received:     6479225244 pkts (9.74 Mpps) | 8.85 Gbps | 735502097509 bytes

[ATTACK-SPECIFIC COUNTERS]
  SYN packets:        935301157
  SYN-ACK packets:    467650106
  SYN/ACK ratio:      2.00
  HTTP requests:      1616969100
  DNS queries:        671153471

[PROTOCOL-SPECIFIC COUNTERS - CIC-DDoS-2019 Features]
  NTP Amplification:
    Monlist queries:  0
    Responses:        0  (avg size: 0 bytes)
  DNS Amplification:
    ANY queries:      0
    TXT queries:      0
    Responses:        671153453  (avg size: 108 bytes)
  SNMP Amplification:
    GetBulk requests: 0
    Responses:        0  (avg size: 0 bytes)
  SSDP:
    M-SEARCH packets: 0
    Responses:        19004
  PortMapper:
    GETPORT calls:    0
    DUMP calls:       0
  NetBIOS:
    Name queries:     0
    Datagram packets: 0
  LDAP:
    Bind requests:    0
    Search requests:  1151454048
  MSSQL:
    SQLBatch packets: 0
    RPC packets:      0
  TFTP:
    RRQ (read) pkts:  0
    WRQ (write) pkts: 0

[ATTACK DETECTIONS - Cumulative Events]
  UDP flood events:   0
  UDP-lag events:     0
  SYN flood events:   0
  HTTP flood events:  0
  ICMP flood events:  0
  DNS amp events:     0
  NTP amp events:     0
  SNMP amp events:    0
  SSDP events:        0
  PortMap events:     0
  NetBIOS events:     0
  LDAP events:        9683
  MSSQL events:       0
  TFTP events:        0
  ACK flood events:   0
  Frag attack events: 0
  Heavy-hitter events:9723 (OctoSketch per-IP detection)
  Packet flood events:0
  (Note: Events count IPs exceeding thresholds per 50ms window)

[ALERT STATUS]
  Alert level:        [1;31mHIGH[0m
  Reason:             [1;31mLDAP detected: 2160658 pps | HEAVY-HITTER: 10.10.3.53 @ 12593 pps | TREND: attack rising (+584169/250ms) | [0m

[MULTI-LF (2025) COMPARISON]
=== Detection Performance vs ML-Based System ===

  First Detection Latency:   3425.89 ms (vs MULTI-LF: 866 ms)
    Improvement:             0.3× faster

  Packets until detection:   1106353308
  Bytes until detection:     135675220297 (129389.97 MB)

[OCTOSKETCH METRICS - Optimized Architecture]
=== Per-Worker Sketches + Sampling (1/32 packets) ===

  Architecture:              Per-worker (NO atomics, NO contention)
  Total sketch memory:       8961 KB (14 workers × 640.1 KB)
  Sampling rate:             1 in 32 packets (3.1% overhead)
  Attack traffic sampled:    2791008 updates
  Estimated attack packets:  89312256 (×32 sampling factor)
  Sketch overhead:           ~1.56% of fast-path cycles
  Memory efficiency:         O(1) constant, 640.1 KB per worker

[OCTOSKETCH HEAVY-HITTER DETECTION]
=== Top Attackers (per-IP tracking via Count-Min Sketch) ===

  Heavy-hitter threshold:    5000 pps per IP
  Heavy-hitters detected:    5 IPs exceeding threshold
  Total HH detections:       9723 events

  Top 5 Attackers (estimated counts, ×32 sampling):
    #1: 10.10.3.53 - 16320 pkts (3264 pps)
    #2: 10.10.3.20 - 15648 pkts (3129 pps)
    #3: 10.10.3.63 - 15456 pkts (3091 pps)
    #4: 10.10.3.14 - 15200 pkts (3040 pps)
    #5: 10.10.3.106 - 15200 pkts (3040 pps)

[RING BUFFER + MULTI-SCALE FEATURES]
=== Temporal Analysis (last 100 windows = 5.0 sec) ===

  Windows processed:         12408
  Buffer utilization:        100/100 (100.0%)
  Running baseline (ML):     5735814 pps (for ML features only)
  Detection mode:            FIXED THRESHOLDS

  [Temporal Features - Last Window]
    Delta PPS (250ms):       +584169
    Delta PPS (500ms):       +1171896
    PPS Variance:            455684718592
    Ratio vs Baseline:       1.87x

  [Multi-Scale Features]
    Top IP (50ms):           741 pps
    Top IP (1s):             5984 pps
    Top IP (1min):           4165 pps
    Burst Ratio (50ms/1min): 0.18x
    IP Concentration:        0.9%

[MULTIPLE DETECTION STATISTICS]
=== Aggregate Detection Analysis ===

  Total detection events:    9683
  Average detection latency: 55.03 ms
  Min detection latency:     53.94 ms
  Max detection latency:     3425.89 ms
  Latency range:             3371.95 ms

  Detection Latency Histogram:
    < 20 ms:  0 detections (0.0%)
    20-30 ms: 0 detections (0.0%)
    30-40 ms: 0 detections (0.0%)
    40-50 ms: 0 detections (0.0%)
    > 50 ms:  9682 detections (100.0%)

[PERFORMANCE METRICS]
  Throughput:         5.06 Gbps (7.32 Mpps)
  Cycles available:   409 cycles/pkt (lower = higher load)
  Active IPs:         0
  Worker threads:     14 (lcores 1-14)

[DPDK NIC STATISTICS]
  RX packets (NIC):   6479221662
  RX dropped (HW):    [0m0[0m (imissed)
  RX no mbufs:        [0m0[0m (buffer exhaustion)
  RX errors:          0
  Total drops:        [0m0 (0.00%)[0m
  RX burst calls:     150547491802 (97.6% empty)
  Processed pkts:     6479225244 (100.0% of NIC RX)


╔═══════════════════════════════════════════════════════════════════════╗
║          MIRA DDoS DETECTOR - STATISTICS (MULTI-CORE)                ║
╚═══════════════════════════════════════════════════════════════════════╝

[PACKET COUNTERS - GLOBAL]
  Total packets:      6531102894
  Baseline (10.10.2.x): 3419880874 (52.4%)
  Attack (10.10.3.x): 1162301084 (17.8%)
  TCP packets:        3481410438
  UDP packets:        2751078849
  ICMP packets:       298613608

[INSTANTANEOUS TRAFFIC - Last 5.0 seconds]
  Baseline (10.10.2.x): 25881224 pkts (69.0%)  2298012471 bytes  3.67 Gbps
  Attack (10.10.3.x): 11608218 pkts (31.0%)  940183362 bytes  1.50 Gbps
  Total throughput:   5.17 Gbps  (avg pkt: 86 bytes)

[CUMULATIVE TRAFFIC - Since first packet (670.1s)]
  Total received:     6531102894 pkts (9.75 Mpps) | 8.85 Gbps | 741472485412 bytes

[ATTACK-SPECIFIC COUNTERS]
  SYN packets:        942826516
  SYN-ACK packets:    471412779
  SYN/ACK ratio:      2.00
  HTTP requests:      1632360561
  DNS queries:        675259715

[PROTOCOL-SPECIFIC COUNTERS - CIC-DDoS-2019 Features]
  NTP Amplification:
    Monlist queries:  0
    Responses:        0  (avg size: 0 bytes)
  DNS Amplification:
    ANY queries:      0
    TXT queries:      0
    Responses:        675259700  (avg size: 108 bytes)
  SNMP Amplification:
    GetBulk requests: 0
    Responses:        0  (avg size: 0 bytes)
  SSDP:
    M-SEARCH packets: 0
    Responses:        19178
  PortMapper:
    GETPORT calls:    0
    DUMP calls:       0
  NetBIOS:
    Name queries:     0
    Datagram packets: 0
  LDAP:
    Bind requests:    0
    Search requests:  1162281906
  MSSQL:
    SQLBatch packets: 0
    RPC packets:      0
  TFTP:
    RRQ (read) pkts:  0
    WRQ (write) pkts: 0

[ATTACK DETECTIONS - Cumulative Events]
  UDP flood events:   0
  UDP-lag events:     0
  SYN flood events:   0
  HTTP flood events:  0
  ICMP flood events:  0
  DNS amp events:     0
  NTP amp events:     0
  SNMP amp events:    0
  SSDP events:        0
  PortMap events:     0
  NetBIOS events:     0
  LDAP events:        9775
  MSSQL events:       0
  TFTP events:        0
  ACK flood events:   0
  Frag attack events: 0
  Heavy-hitter events:9815 (OctoSketch per-IP detection)
  Packet flood events:0
  (Note: Events count IPs exceeding thresholds per 50ms window)

[ALERT STATUS]
  Alert level:        [1;31mHIGH[0m
  Reason:             [1;31mLDAP detected: 2160723 pps | HEAVY-HITTER: 10.10.3.83 @ 12027 pps | TREND: attack rising (+584391/250ms) | [0m

[MULTI-LF (2025) COMPARISON]
=== Detection Performance vs ML-Based System ===

  First Detection Latency:   3425.89 ms (vs MULTI-LF: 866 ms)
    Improvement:             0.3× faster

  Packets until detection:   1106353308
  Bytes until detection:     135675220297 (129389.97 MB)

[OCTOSKETCH METRICS - Optimized Architecture]
=== Per-Worker Sketches + Sampling (1/32 packets) ===

  Architecture:              Per-worker (NO atomics, NO contention)
  Total sketch memory:       8961 KB (14 workers × 640.1 KB)
  Sampling rate:             1 in 32 packets (3.1% overhead)
  Attack traffic sampled:    2790688 updates
  Estimated attack packets:  89302016 (×32 sampling factor)
  Sketch overhead:           ~1.56% of fast-path cycles
  Memory efficiency:         O(1) constant, 640.1 KB per worker

[OCTOSKETCH HEAVY-HITTER DETECTION]
=== Top Attackers (per-IP tracking via Count-Min Sketch) ===

  Heavy-hitter threshold:    5000 pps per IP
  Heavy-hitters detected:    5 IPs exceeding threshold
  Total HH detections:       9815 events

  Top 5 Attackers (estimated counts, ×32 sampling):
    #1: 10.10.3.83 - 15584 pkts (3113 pps)
    #2: 10.10.3.2 - 15392 pkts (3074 pps)
    #3: 10.10.3.120 - 15296 pkts (3055 pps)
    #4: 10.10.3.67 - 15264 pkts (3049 pps)
    #5: 10.10.3.182 - 15264 pkts (3049 pps)

[RING BUFFER + MULTI-SCALE FEATURES]
=== Temporal Analysis (last 100 windows = 5.0 sec) ===

  Windows processed:         12500
  Buffer utilization:        100/100 (100.0%)
  Running baseline (ML):     6409223 pps (for ML features only)
  Detection mode:            FIXED THRESHOLDS

  [Temporal Features - Last Window]
    Delta PPS (250ms):       +584391
    Delta PPS (500ms):       +1168974
    PPS Variance:            454430949376
    Ratio vs Baseline:       1.81x

  [Multi-Scale Features]
    Top IP (50ms):           741 pps
    Top IP (1s):             13280 pps
    Top IP (1min):           5086 pps
    Burst Ratio (50ms/1min): 0.15x
    IP Concentration:        0.9%

[MULTIPLE DETECTION STATISTICS]
=== Aggregate Detection Analysis ===

  Total detection events:    9775
  Average detection latency: 55.03 ms
  Min detection latency:     53.94 ms
  Max detection latency:     3425.89 ms
  Latency range:             3371.95 ms

  Detection Latency Histogram:
    < 20 ms:  0 detections (0.0%)
    20-30 ms: 0 detections (0.0%)
    30-40 ms: 0 detections (0.0%)
    40-50 ms: 0 detections (0.0%)
    > 50 ms:  9774 detections (100.0%)

[PERFORMANCE METRICS]
  Throughput:         5.17 Gbps (7.49 Mpps)
  Cycles available:   399 cycles/pkt (lower = higher load)
  Active IPs:         0
  Worker threads:     14 (lcores 1-14)

[DPDK NIC STATISTICS]
  RX packets (NIC):   6531099530
  RX dropped (HW):    [0m0[0m (imissed)
  RX no mbufs:        [0m0[0m (buffer exhaustion)
  RX errors:          0
  Total drops:        [0m0 (0.00%)[0m
  RX burst calls:     151590465830 (97.6% empty)
  Processed pkts:     6531102894 (100.0% of NIC RX)


╔═══════════════════════════════════════════════════════════════════════╗
║          MIRA DDoS DETECTOR - STATISTICS (MULTI-CORE)                ║
╚═══════════════════════════════════════════════════════════════════════╝

[PACKET COUNTERS - GLOBAL]
  Total packets:      6582849180
  Baseline (10.10.2.x): 3445699609 (52.3%)
  Attack (10.10.3.x): 1173099164 (17.8%)
  TCP packets:        3510073180
  UDP packets:        2771884587
  ICMP packets:       300891413

[INSTANTANEOUS TRAFFIC - Last 5.0 seconds]
  Baseline (10.10.2.x): 25818146 pkts (70.5%)  2461103584 bytes  3.94 Gbps
  Attack (10.10.3.x): 10797824 pkts (29.5%)  938049903 bytes  1.50 Gbps
  Total throughput:   5.44 Gbps  (avg pkt: 93 bytes)

[CUMULATIVE TRAFFIC - Since first packet (675.1s)]
  Total received:     6582849180 pkts (9.75 Mpps) | 8.86 Gbps | 747428502070 bytes

[ATTACK-SPECIFIC COUNTERS]
  SYN packets:        950333375
  SYN-ACK packets:    475166201
  SYN/ACK ratio:      2.00
  HTTP requests:      1647716367
  DNS queries:        679354549

[PROTOCOL-SPECIFIC COUNTERS - CIC-DDoS-2019 Features]
  NTP Amplification:
    Monlist queries:  0
    Responses:        0  (avg size: 0 bytes)
  DNS Amplification:
    ANY queries:      0
    TXT queries:      0
    Responses:        679354537  (avg size: 108 bytes)
  SNMP Amplification:
    GetBulk requests: 0
    Responses:        0  (avg size: 0 bytes)
  SSDP:
    M-SEARCH packets: 0
    Responses:        19368
  PortMapper:
    GETPORT calls:    0
    DUMP calls:       0
  NetBIOS:
    Name queries:     0
    Datagram packets: 0
  LDAP:
    Bind requests:    0
    Search requests:  1173079796
  MSSQL:
    SQLBatch packets: 0
    RPC packets:      0
  TFTP:
    RRQ (read) pkts:  0
    WRQ (write) pkts: 0

[ATTACK DETECTIONS - Cumulative Events]
  UDP flood events:   0
  UDP-lag events:     0
  SYN flood events:   0
  HTTP flood events:  0
  ICMP flood events:  0
  DNS amp events:     0
  NTP amp events:     0
  SNMP amp events:    0
  SSDP events:        0
  PortMap events:     0
  NetBIOS events:     0
  LDAP events:        9866
  MSSQL events:       0
  TFTP events:        0
  ACK flood events:   0
  Frag attack events: 0
  Heavy-hitter events:9906 (OctoSketch per-IP detection)
  Packet flood events:0
  (Note: Events count IPs exceeding thresholds per 50ms window)

[ALERT STATUS]
  Alert level:        [1;31mHIGH[0m
  Reason:             [1;31mLDAP detected: 2160570 pps | HEAVY-HITTER: 10.10.3.89 @ 12578 pps | TREND: attack rising (+584192/250ms) | [0m

[MULTI-LF (2025) COMPARISON]
=== Detection Performance vs ML-Based System ===

  First Detection Latency:   3425.89 ms (vs MULTI-LF: 866 ms)
    Improvement:             0.3× faster

  Packets until detection:   1106353308
  Bytes until detection:     135675220297 (129389.97 MB)

[OCTOSKETCH METRICS - Optimized Architecture]
=== Per-Worker Sketches + Sampling (1/32 packets) ===

  Architecture:              Per-worker (NO atomics, NO contention)
  Total sketch memory:       8961 KB (14 workers × 640.1 KB)
  Sampling rate:             1 in 32 packets (3.1% overhead)
  Attack traffic sampled:    2673472 updates
  Estimated attack packets:  85551104 (×32 sampling factor)
  Sketch overhead:           ~1.56% of fast-path cycles
  Memory efficiency:         O(1) constant, 640.1 KB per worker

[OCTOSKETCH HEAVY-HITTER DETECTION]
=== Top Attackers (per-IP tracking via Count-Min Sketch) ===

  Heavy-hitter threshold:    5000 pps per IP
  Heavy-hitters detected:    5 IPs exceeding threshold
  Total HH detections:       9906 events

  Top 5 Attackers (estimated counts, ×32 sampling):
    #1: 10.10.3.89 - 15616 pkts (3122 pps)
    #2: 10.10.3.114 - 15360 pkts (3071 pps)
    #3: 10.10.3.173 - 15328 pkts (3064 pps)
    #4: 10.10.3.131 - 14816 pkts (2962 pps)
    #5: 10.10.3.156 - 14816 pkts (2962 pps)

[RING BUFFER + MULTI-SCALE FEATURES]
=== Temporal Analysis (last 100 windows = 5.0 sec) ===

  Windows processed:         12591
  Buffer utilization:        100/100 (100.0%)
  Running baseline (ML):     5806710 pps (for ML features only)
  Detection mode:            FIXED THRESHOLDS

  [Temporal Features - Last Window]
    Delta PPS (250ms):       +584192
    Delta PPS (500ms):       +1168640
    PPS Variance:            455219609600
    Ratio vs Baseline:       1.85x

  [Multi-Scale Features]
    Top IP (50ms):           773 pps
    Top IP (1s):             7744 pps
    Top IP (1min):           6025 pps
    Burst Ratio (50ms/1min): 0.13x
    IP Concentration:        0.9%

[MULTIPLE DETECTION STATISTICS]
=== Aggregate Detection Analysis ===

  Total detection events:    9866
  Average detection latency: 55.03 ms
  Min detection latency:     53.94 ms
  Max detection latency:     3425.89 ms
  Latency range:             3371.95 ms

  Detection Latency Histogram:
    < 20 ms:  0 detections (0.0%)
    20-30 ms: 0 detections (0.0%)
    30-40 ms: 0 detections (0.0%)
    40-50 ms: 0 detections (0.0%)
    > 50 ms:  9865 detections (100.0%)

[PERFORMANCE METRICS]
  Throughput:         5.44 Gbps (7.32 Mpps)
  Cycles available:   408 cycles/pkt (lower = higher load)
  Active IPs:         0
  Worker threads:     14 (lcores 1-14)

[DPDK NIC STATISTICS]
  RX packets (NIC):   6582845480
  RX dropped (HW):    [0m0[0m (imissed)
  RX no mbufs:        [0m0[0m (buffer exhaustion)
  RX errors:          0
  Total drops:        [0m0 (0.00%)[0m
  RX burst calls:     152630532775 (97.6% empty)
  Processed pkts:     6582849180 (100.0% of NIC RX)


╔═══════════════════════════════════════════════════════════════════════╗
║          MIRA DDoS DETECTOR - STATISTICS (MULTI-CORE)                ║
╚═══════════════════════════════════════════════════════════════════════╝

[PACKET COUNTERS - GLOBAL]
  Total packets:      6634746825
  Baseline (10.10.2.x): 3471595488 (52.3%)
  Attack (10.10.3.x): 1183928265 (17.8%)
  TCP packets:        3538820058
  UDP packets:        2792750306
  ICMP packets:       303176461

[INSTANTANEOUS TRAFFIC - Last 5.0 seconds]
  Baseline (10.10.2.x): 25895549 pkts (70.5%)  2299964078 bytes  3.67 Gbps
  Attack (10.10.3.x): 10828865 pkts (29.5%)  877139847 bytes  1.40 Gbps
  Total throughput:   5.08 Gbps  (avg pkt: 87 bytes)

[CUMULATIVE TRAFFIC - Since first packet (680.1s)]
  Total received:     6634746825 pkts (9.76 Mpps) | 8.86 Gbps | 753402043086 bytes

[ATTACK-SPECIFIC COUNTERS]
  SYN packets:        957862522
  SYN-ACK packets:    478930772
  SYN/ACK ratio:      2.00
  HTTP requests:      1663115169
  DNS queries:        683460626

[PROTOCOL-SPECIFIC COUNTERS - CIC-DDoS-2019 Features]
  NTP Amplification:
    Monlist queries:  0
    Responses:        0  (avg size: 0 bytes)
  DNS Amplification:
    ANY queries:      0
    TXT queries:      0
    Responses:        683460616  (avg size: 108 bytes)
  SNMP Amplification:
    GetBulk requests: 0
    Responses:        0  (avg size: 0 bytes)
  SSDP:
    M-SEARCH packets: 0
    Responses:        19537
  PortMapper:
    GETPORT calls:    0
    DUMP calls:       0
  NetBIOS:
    Name queries:     0
    Datagram packets: 0
  LDAP:
    Bind requests:    0
    Search requests:  1183908727
  MSSQL:
    SQLBatch packets: 0
    RPC packets:      0
  TFTP:
    RRQ (read) pkts:  0
    WRQ (write) pkts: 0

[ATTACK DETECTIONS - Cumulative Events]
  UDP flood events:   0
  UDP-lag events:     0
  SYN flood events:   0
  HTTP flood events:  0
  ICMP flood events:  0
  DNS amp events:     0
  NTP amp events:     0
  SNMP amp events:    0
  SSDP events:        0
  PortMap events:     0
  NetBIOS events:     0
  LDAP events:        9958
  MSSQL events:       0
  TFTP events:        0
  ACK flood events:   0
  Frag attack events: 0
  Heavy-hitter events:9998 (OctoSketch per-IP detection)
  Packet flood events:0
  (Note: Events count IPs exceeding thresholds per 50ms window)

[ALERT STATUS]
  Alert level:        [1;31mHIGH[0m
  Reason:             [1;31mLDAP detected: 2160763 pps | HEAVY-HITTER: 10.10.3.123 @ 12063 pps | TREND: attack rising (+586240/250ms) | [0m

[MULTI-LF (2025) COMPARISON]
=== Detection Performance vs ML-Based System ===

  First Detection Latency:   3425.89 ms (vs MULTI-LF: 866 ms)
    Improvement:             0.3× faster

  Packets until detection:   1106353308
  Bytes until detection:     135675220297 (129389.97 MB)

[OCTOSKETCH METRICS - Optimized Architecture]
=== Per-Worker Sketches + Sampling (1/32 packets) ===

  Architecture:              Per-worker (NO atomics, NO contention)
  Total sketch memory:       8961 KB (14 workers × 640.1 KB)
  Sampling rate:             1 in 32 packets (3.1% overhead)
  Attack traffic sampled:    2673440 updates
  Estimated attack packets:  85550080 (×32 sampling factor)
  Sketch overhead:           ~1.56% of fast-path cycles
  Memory efficiency:         O(1) constant, 640.1 KB per worker

[OCTOSKETCH HEAVY-HITTER DETECTION]
=== Top Attackers (per-IP tracking via Count-Min Sketch) ===

  Heavy-hitter threshold:    5000 pps per IP
  Heavy-hitters detected:    5 IPs exceeding threshold
  Total HH detections:       9998 events

  Top 5 Attackers (estimated counts, ×32 sampling):
    #1: 10.10.3.123 - 14976 pkts (2991 pps)
    #2: 10.10.3.32 - 14848 pkts (2965 pps)
    #3: 10.10.3.47 - 14784 pkts (2952 pps)
    #4: 10.10.3.121 - 14752 pkts (2946 pps)
    #5: 10.10.3.88 - 14624 pkts (2920 pps)

[RING BUFFER + MULTI-SCALE FEATURES]
=== Temporal Analysis (last 100 windows = 5.0 sec) ===

  Windows processed:         12683
  Buffer utilization:        100/100 (100.0%)
  Running baseline (ML):     5699506 pps (for ML features only)
  Detection mode:            FIXED THRESHOLDS

  [Temporal Features - Last Window]
    Delta PPS (250ms):       +586240
    Delta PPS (500ms):       +1170432
    PPS Variance:            454408011776
    Ratio vs Baseline:       1.90x

  [Multi-Scale Features]
    Top IP (50ms):           747 pps
    Top IP (1s):             2400 pps
    Top IP (1min):           6951 pps
    Burst Ratio (50ms/1min): 0.11x
    IP Concentration:        0.8%

[MULTIPLE DETECTION STATISTICS]
=== Aggregate Detection Analysis ===

  Total detection events:    9958
  Average detection latency: 55.02 ms
  Min detection latency:     53.94 ms
  Max detection latency:     3425.89 ms
  Latency range:             3371.95 ms

  Detection Latency Histogram:
    < 20 ms:  0 detections (0.0%)
    20-30 ms: 0 detections (0.0%)
    30-40 ms: 0 detections (0.0%)
    40-50 ms: 0 detections (0.0%)
    > 50 ms:  9957 detections (100.0%)

[PERFORMANCE METRICS]
  Throughput:         5.08 Gbps (7.33 Mpps)
  Cycles available:   408 cycles/pkt (lower = higher load)
  Active IPs:         0
  Worker threads:     14 (lcores 1-14)

[DPDK NIC STATISTICS]
  RX packets (NIC):   6634743203
  RX dropped (HW):    [0m0[0m (imissed)
  RX no mbufs:        [0m0[0m (buffer exhaustion)
  RX errors:          0
  Total drops:        [0m0 (0.00%)[0m
  RX burst calls:     153673551953 (97.6% empty)
  Processed pkts:     6634746825 (100.0% of NIC RX)


╔═══════════════════════════════════════════════════════════════════════╗
║          MIRA DDoS DETECTOR - STATISTICS (MULTI-CORE)                ║
╚═══════════════════════════════════════════════════════════════════════╝

[PACKET COUNTERS - GLOBAL]
  Total packets:      6686493967
  Baseline (10.10.2.x): 3497416058 (52.3%)
  Attack (10.10.3.x): 1194723908 (17.9%)
  TCP packets:        3567484638
  UDP packets:        2813555536
  ICMP packets:       305453793

[INSTANTANEOUS TRAFFIC - Last 5.0 seconds]
  Baseline (10.10.2.x): 27626496 pkts (70.5%)  2292803337 bytes  3.67 Gbps
  Attack (10.10.3.x): 11555434 pkts (29.5%)  874430478 bytes  1.40 Gbps
  Total throughput:   5.07 Gbps  (avg pkt: 81 bytes)

[CUMULATIVE TRAFFIC - Since first packet (685.1s)]
  Total received:     6686493967 pkts (9.76 Mpps) | 8.87 Gbps | 759358075084 bytes

[ATTACK-SPECIFIC COUNTERS]
  SYN packets:        965369935
  SYN-ACK packets:    482684468
  SYN/ACK ratio:      2.00
  HTTP requests:      1678471365
  DNS queries:        687556750

[PROTOCOL-SPECIFIC COUNTERS - CIC-DDoS-2019 Features]
  NTP Amplification:
    Monlist queries:  0
    Responses:        0  (avg size: 0 bytes)
  DNS Amplification:
    ANY queries:      0
    TXT queries:      0
    Responses:        687556736  (avg size: 108 bytes)
  SNMP Amplification:
    GetBulk requests: 0
    Responses:        0  (avg size: 0 bytes)
  SSDP:
    M-SEARCH packets: 0
    Responses:        19717
  PortMapper:
    GETPORT calls:    0
    DUMP calls:       0
  NetBIOS:
    Name queries:     0
    Datagram packets: 0
  LDAP:
    Bind requests:    0
    Search requests:  1194704191
  MSSQL:
    SQLBatch packets: 0
    RPC packets:      0
  TFTP:
    RRQ (read) pkts:  0
    WRQ (write) pkts: 0

[ATTACK DETECTIONS - Cumulative Events]
  UDP flood events:   0
  UDP-lag events:     0
  SYN flood events:   0
  HTTP flood events:  0
  ICMP flood events:  0
  DNS amp events:     0
  NTP amp events:     0
  SNMP amp events:    0
  SSDP events:        0
  PortMap events:     0
  NetBIOS events:     0
  LDAP events:        10049
  MSSQL events:       0
  TFTP events:        0
  ACK flood events:   0
  Frag attack events: 0
  Heavy-hitter events:10089 (OctoSketch per-IP detection)
  Packet flood events:0
  (Note: Events count IPs exceeding thresholds per 50ms window)

[ALERT STATUS]
  Alert level:        [1;31mHIGH[0m
  Reason:             [1;31mLDAP detected: 2160514 pps | HEAVY-HITTER: 10.10.3.164 @ 12938 pps | TREND: attack rising (+583991/250ms) | [0m

[MULTI-LF (2025) COMPARISON]
=== Detection Performance vs ML-Based System ===

  First Detection Latency:   3425.89 ms (vs MULTI-LF: 866 ms)
    Improvement:             0.3× faster

  Packets until detection:   1106353308
  Bytes until detection:     135675220297 (129389.97 MB)

[OCTOSKETCH METRICS - Optimized Architecture]
=== Per-Worker Sketches + Sampling (1/32 packets) ===

  Architecture:              Per-worker (NO atomics, NO contention)
  Total sketch memory:       8961 KB (14 workers × 640.1 KB)
  Sampling rate:             1 in 32 packets (3.1% overhead)
  Attack traffic sampled:    2556128 updates
  Estimated attack packets:  81796096 (×32 sampling factor)
  Sketch overhead:           ~1.56% of fast-path cycles
  Memory efficiency:         O(1) constant, 640.1 KB per worker

[OCTOSKETCH HEAVY-HITTER DETECTION]
=== Top Attackers (per-IP tracking via Count-Min Sketch) ===

  Heavy-hitter threshold:    5000 pps per IP
  Heavy-hitters detected:    5 IPs exceeding threshold
  Total HH detections:       10089 events

  Top 5 Attackers (estimated counts, ×32 sampling):
    #1: 10.10.3.164 - 15360 pkts (3072 pps)
    #2: 10.10.3.109 - 14272 pkts (2854 pps)
    #3: 10.10.3.78 - 14176 pkts (2835 pps)
    #4: 10.10.3.46 - 14144 pkts (2829 pps)
    #5: 10.10.3.102 - 14144 pkts (2829 pps)

[RING BUFFER + MULTI-SCALE FEATURES]
=== Temporal Analysis (last 100 windows = 5.0 sec) ===

  Windows processed:         12774
  Buffer utilization:        100/100 (100.0%)
  Running baseline (ML):     6418654 pps (for ML features only)
  Detection mode:            FIXED THRESHOLDS

  [Temporal Features - Last Window]
    Delta PPS (250ms):       +583991
    Delta PPS (500ms):       +1168228
    PPS Variance:            454870138880
    Ratio vs Baseline:       1.79x

  [Multi-Scale Features]
    Top IP (50ms):           836 pps
    Top IP (1s):             9472 pps
    Top IP (1min):           7868 pps
    Burst Ratio (50ms/1min): 0.11x
    IP Concentration:        0.9%

[MULTIPLE DETECTION STATISTICS]
=== Aggregate Detection Analysis ===

  Total detection events:    10049
  Average detection latency: 55.02 ms
  Min detection latency:     53.94 ms
  Max detection latency:     3425.89 ms
  Latency range:             3371.95 ms

  Detection Latency Histogram:
    < 20 ms:  0 detections (0.0%)
    20-30 ms: 0 detections (0.0%)
    30-40 ms: 0 detections (0.0%)
    40-50 ms: 0 detections (0.0%)
    > 50 ms:  10048 detections (100.0%)

[PERFORMANCE METRICS]
  Throughput:         5.07 Gbps (7.84 Mpps)
  Cycles available:   382 cycles/pkt (lower = higher load)
  Active IPs:         0
  Worker threads:     14 (lcores 1-14)

[DPDK NIC STATISTICS]
  RX packets (NIC):   6686490369
  RX dropped (HW):    [0m0[0m (imissed)
  RX no mbufs:        [0m0[0m (buffer exhaustion)
  RX errors:          0
  Total drops:        [0m0 (0.00%)[0m
  RX burst calls:     154713264619 (97.6% empty)
  Processed pkts:     6686493967 (100.0% of NIC RX)


╔═══════════════════════════════════════════════════════════════════════╗
║          MIRA DDoS DETECTOR - STATISTICS (MULTI-CORE)                ║
╚═══════════════════════════════════════════════════════════════════════╝

[PACKET COUNTERS - GLOBAL]
  Total packets:      6738377884
  Baseline (10.10.2.x): 3523302737 (52.3%)
  Attack (10.10.3.x): 1205552796 (17.9%)
  TCP packets:        3596223212
  UDP packets:        2834418639
  ICMP packets:       307736033

[INSTANTANEOUS TRAFFIC - Last 5.0 seconds]
  Baseline (10.10.2.x): 25886172 pkts (70.5%)  2298852741 bytes  3.67 Gbps
  Attack (10.10.3.x): 10828800 pkts (29.5%)  877132800 bytes  1.40 Gbps
  Total throughput:   5.07 Gbps  (avg pkt: 87 bytes)

[CUMULATIVE TRAFFIC - Since first packet (690.1s)]
  Total received:     6738377884 pkts (9.76 Mpps) | 8.87 Gbps | 765329784371 bytes

[ATTACK-SPECIFIC COUNTERS]
  SYN packets:        972896808
  SYN-ACK packets:    486447905
  SYN/ACK ratio:      2.00
  HTTP requests:      1693866454
  DNS queries:        691662526

[PROTOCOL-SPECIFIC COUNTERS - CIC-DDoS-2019 Features]
  NTP Amplification:
    Monlist queries:  0
    Responses:        0  (avg size: 0 bytes)
  DNS Amplification:
    ANY queries:      0
    TXT queries:      0
    Responses:        691662512  (avg size: 108 bytes)
  SNMP Amplification:
    GetBulk requests: 0
    Responses:        0  (avg size: 0 bytes)
  SSDP:
    M-SEARCH packets: 0
    Responses:        19897
  PortMapper:
    GETPORT calls:    0
    DUMP calls:       0
  NetBIOS:
    Name queries:     0
    Datagram packets: 0
  LDAP:
    Bind requests:    0
    Search requests:  1205532899
  MSSQL:
    SQLBatch packets: 0
    RPC packets:      0
  TFTP:
    RRQ (read) pkts:  0
    WRQ (write) pkts: 0

[ATTACK DETECTIONS - Cumulative Events]
  UDP flood events:   0
  UDP-lag events:     0
  SYN flood events:   0
  HTTP flood events:  0
  ICMP flood events:  0
  DNS amp events:     0
  NTP amp events:     0
  SNMP amp events:    0
  SSDP events:        0
  PortMap events:     0
  NetBIOS events:     0
  LDAP events:        10141
  MSSQL events:       0
  TFTP events:        0
  ACK flood events:   0
  Frag attack events: 0
  Heavy-hitter events:10181 (OctoSketch per-IP detection)
  Packet flood events:0
  (Note: Events count IPs exceeding thresholds per 50ms window)

[ALERT STATUS]
  Alert level:        [1;31mHIGH[0m
  Reason:             [1;31mLDAP detected: 2160739 pps | HEAVY-HITTER: 10.10.3.135 @ 12288 pps | TREND: attack rising (+584448/250ms) | [0m

[MULTI-LF (2025) COMPARISON]
=== Detection Performance vs ML-Based System ===

  First Detection Latency:   3425.89 ms (vs MULTI-LF: 866 ms)
    Improvement:             0.3× faster

  Packets until detection:   1106353308
  Bytes until detection:     135675220297 (129389.97 MB)

[OCTOSKETCH METRICS - Optimized Architecture]
=== Per-Worker Sketches + Sampling (1/32 packets) ===

  Architecture:              Per-worker (NO atomics, NO contention)
  Total sketch memory:       8961 KB (14 workers × 640.1 KB)
  Sampling rate:             1 in 32 packets (3.1% overhead)
  Attack traffic sampled:    2556736 updates
  Estimated attack packets:  81815552 (×32 sampling factor)
  Sketch overhead:           ~1.56% of fast-path cycles
  Memory efficiency:         O(1) constant, 640.1 KB per worker

[OCTOSKETCH HEAVY-HITTER DETECTION]
=== Top Attackers (per-IP tracking via Count-Min Sketch) ===

  Heavy-hitter threshold:    5000 pps per IP
  Heavy-hitters detected:    5 IPs exceeding threshold
  Total HH detections:       10181 events

  Top 5 Attackers (estimated counts, ×32 sampling):
    #1: 10.10.3.135 - 14592 pkts (2914 pps)
    #2: 10.10.3.130 - 14464 pkts (2888 pps)
    #3: 10.10.3.32 - 14368 pkts (2869 pps)
    #4: 10.10.3.177 - 14144 pkts (2824 pps)
    #5: 10.10.3.150 - 14080 pkts (2812 pps)

[RING BUFFER + MULTI-SCALE FEATURES]
=== Temporal Analysis (last 100 windows = 5.0 sec) ===

  Windows processed:         12866
  Buffer utilization:        100/100 (100.0%)
  Running baseline (ML):     5758826 pps (for ML features only)
  Detection mode:            FIXED THRESHOLDS

  [Temporal Features - Last Window]
    Delta PPS (250ms):       +584448
    Delta PPS (500ms):       +1170432
    PPS Variance:            454967721984
    Ratio vs Baseline:       1.88x

  [Multi-Scale Features]
    Top IP (50ms):           728 pps
    Top IP (1s):             4448 pps
    Top IP (1min):           8787 pps
    Burst Ratio (50ms/1min): 0.08x
    IP Concentration:        0.8%

[MULTIPLE DETECTION STATISTICS]
=== Aggregate Detection Analysis ===

  Total detection events:    10141
  Average detection latency: 55.02 ms
  Min detection latency:     53.94 ms
  Max detection latency:     3425.89 ms
  Latency range:             3371.95 ms

  Detection Latency Histogram:
    < 20 ms:  0 detections (0.0%)
    20-30 ms: 0 detections (0.0%)
    30-40 ms: 0 detections (0.0%)
    40-50 ms: 0 detections (0.0%)
    > 50 ms:  10140 detections (100.0%)

[PERFORMANCE METRICS]
  Throughput:         5.07 Gbps (7.33 Mpps)
  Cycles available:   408 cycles/pkt (lower = higher load)
  Active IPs:         0
  Worker threads:     14 (lcores 1-14)

[DPDK NIC STATISTICS]
  RX packets (NIC):   6738374239
  RX dropped (HW):    [0m0[0m (imissed)
  RX no mbufs:        [0m0[0m (buffer exhaustion)
  RX errors:          0
  Total drops:        [0m0 (0.00%)[0m
  RX burst calls:     155756987595 (97.6% empty)
  Processed pkts:     6738377884 (100.0% of NIC RX)


╔═══════════════════════════════════════════════════════════════════════╗
║          MIRA DDoS DETECTOR - STATISTICS (MULTI-CORE)                ║
╚═══════════════════════════════════════════════════════════════════════╝

[PACKET COUNTERS - GLOBAL]
  Total packets:      6790194649
  Baseline (10.10.2.x): 3549154421 (52.3%)
  Attack (10.10.3.x): 1216369052 (17.9%)
  TCP packets:        3624926224
  UDP packets:        2855251623
  ICMP packets:       310016802

[INSTANTANEOUS TRAFFIC - Last 5.0 seconds]
  Baseline (10.10.2.x): 25851200 pkts (70.5%)  2295495381 bytes  3.67 Gbps
  Attack (10.10.3.x): 10816000 pkts (29.5%)  876096000 bytes  1.40 Gbps
  Total throughput:   5.06 Gbps  (avg pkt: 86 bytes)

[CUMULATIVE TRAFFIC - Since first packet (695.1s)]
  Total received:     6790194649 pkts (9.77 Mpps) | 8.88 Gbps | 771293603368 bytes

[ATTACK-SPECIFIC COUNTERS]
  SYN packets:        980414219
  SYN-ACK packets:    490206602
  SYN/ACK ratio:      2.00
  HTTP requests:      1709243773
  DNS queries:        695761365

[PROTOCOL-SPECIFIC COUNTERS - CIC-DDoS-2019 Features]
  NTP Amplification:
    Monlist queries:  0
    Responses:        0  (avg size: 0 bytes)
  DNS Amplification:
    ANY queries:      0
    TXT queries:      0
    Responses:        695761344  (avg size: 108 bytes)
  SNMP Amplification:
    GetBulk requests: 0
    Responses:        0  (avg size: 0 bytes)
  SSDP:
    M-SEARCH packets: 0
    Responses:        20081
  PortMapper:
    GETPORT calls:    0
    DUMP calls:       0
  NetBIOS:
    Name queries:     0
    Datagram packets: 0
  LDAP:
    Bind requests:    0
    Search requests:  1216348971
  MSSQL:
    SQLBatch packets: 0
    RPC packets:      0
  TFTP:
    RRQ (read) pkts:  0
    WRQ (write) pkts: 0

[ATTACK DETECTIONS - Cumulative Events]
  UDP flood events:   0
  UDP-lag events:     0
  SYN flood events:   0
  HTTP flood events:  0
  ICMP flood events:  0
  DNS amp events:     0
  NTP amp events:     0
  SNMP amp events:    0
  SSDP events:        0
  PortMap events:     0
  NetBIOS events:     0
  LDAP events:        10232
  MSSQL events:       0
  TFTP events:        0
  ACK flood events:   0
  Frag attack events: 0
  Heavy-hitter events:10272 (OctoSketch per-IP detection)
  Packet flood events:0
  (Note: Events count IPs exceeding thresholds per 50ms window)

[ALERT STATUS]
  Alert level:        [1;31mHIGH[0m
  Reason:             [1;31mLDAP detected: 2160672 pps | HEAVY-HITTER: 10.10.3.0 @ 12506 pps | TREND: attack rising (+584298/250ms) | [0m

[MULTI-LF (2025) COMPARISON]
=== Detection Performance vs ML-Based System ===

  First Detection Latency:   3425.89 ms (vs MULTI-LF: 866 ms)
    Improvement:             0.3× faster

  Packets until detection:   1106353308
  Bytes until detection:     135675220297 (129389.97 MB)

[OCTOSKETCH METRICS - Optimized Architecture]
=== Per-Worker Sketches + Sampling (1/32 packets) ===

  Architecture:              Per-worker (NO atomics, NO contention)
  Total sketch memory:       8961 KB (14 workers × 640.1 KB)
  Sampling rate:             1 in 32 packets (3.1% overhead)
  Attack traffic sampled:    2440160 updates
  Estimated attack packets:  78085120 (×32 sampling factor)
  Sketch overhead:           ~1.56% of fast-path cycles
  Memory efficiency:         O(1) constant, 640.1 KB per worker

[OCTOSKETCH HEAVY-HITTER DETECTION]
=== Top Attackers (per-IP tracking via Count-Min Sketch) ===

  Heavy-hitter threshold:    5000 pps per IP
  Heavy-hitters detected:    5 IPs exceeding threshold
  Total HH detections:       10272 events

  Top 5 Attackers (estimated counts, ×32 sampling):
    #1: 10.10.3.0 - 14176 pkts (2830 pps)
    #2: 10.10.3.59 - 13856 pkts (2766 pps)
    #3: 10.10.3.83 - 13504 pkts (2695 pps)
    #4: 10.10.3.12 - 13408 pkts (2676 pps)
    #5: 10.10.3.93 - 13344 pkts (2664 pps)

[RING BUFFER + MULTI-SCALE FEATURES]
=== Temporal Analysis (last 100 windows = 5.0 sec) ===

  Windows processed:         12957
  Buffer utilization:        100/100 (100.0%)
  Running baseline (ML):     5732483 pps (for ML features only)
  Detection mode:            FIXED THRESHOLDS

  [Temporal Features - Last Window]
    Delta PPS (250ms):       +584298
    Delta PPS (500ms):       +1168640
    PPS Variance:            467680821248
    Ratio vs Baseline:       1.87x

  [Multi-Scale Features]
    Top IP (50ms):           790 pps
    Top IP (1s):             11584 pps
    Top IP (1min):           9670 pps
    Burst Ratio (50ms/1min): 0.08x
    IP Concentration:        0.8%

[MULTIPLE DETECTION STATISTICS]
=== Aggregate Detection Analysis ===

  Total detection events:    10232
  Average detection latency: 55.01 ms
  Min detection latency:     53.94 ms
  Max detection latency:     3425.89 ms
  Latency range:             3371.95 ms

  Detection Latency Histogram:
    < 20 ms:  0 detections (0.0%)
    20-30 ms: 0 detections (0.0%)
    30-40 ms: 0 detections (0.0%)
    40-50 ms: 0 detections (0.0%)
    > 50 ms:  10231 detections (100.0%)

[PERFORMANCE METRICS]
  Throughput:         5.06 Gbps (7.32 Mpps)
  Cycles available:   409 cycles/pkt (lower = higher load)
  Active IPs:         0
  Worker threads:     14 (lcores 1-14)

[DPDK NIC STATISTICS]
  RX packets (NIC):   6790191144
  RX dropped (HW):    [0m0[0m (imissed)
  RX no mbufs:        [0m0[0m (buffer exhaustion)
  RX errors:          0
  Total drops:        [0m0 (0.00%)[0m
  RX burst calls:     156799144507 (97.6% empty)
  Processed pkts:     6790194649 (100.0% of NIC RX)


╔═══════════════════════════════════════════════════════════════════════╗
║          MIRA DDoS DETECTOR - STATISTICS (MULTI-CORE)                ║
╚═══════════════════════════════════════════════════════════════════════╝

[PACKET COUNTERS - GLOBAL]
  Total packets:      6842101040
  Baseline (10.10.2.x): 3575051590 (52.3%)
  Attack (10.10.3.x): 1227200425 (17.9%)
  TCP packets:        3653676698
  UDP packets:        2876120971
  ICMP packets:       312303371

[INSTANTANEOUS TRAFFIC - Last 5.0 seconds]
  Baseline (10.10.2.x): 25896792 pkts (70.5%)  2299362323 bytes  3.67 Gbps
  Attack (10.10.3.x): 10831143 pkts (29.5%)  940526478 bytes  1.50 Gbps
  Total throughput:   5.17 Gbps  (avg pkt: 88 bytes)

[CUMULATIVE TRAFFIC - Since first packet (700.1s)]
  Total received:     6842101040 pkts (9.77 Mpps) | 8.88 Gbps | 777267588518 bytes

[ATTACK-SPECIFIC COUNTERS]
  SYN packets:        987944004
  SYN-ACK packets:    493971500
  SYN/ACK ratio:      2.00
  HTTP requests:      1724646770
  DNS queries:        699869853

[PROTOCOL-SPECIFIC COUNTERS - CIC-DDoS-2019 Features]
  NTP Amplification:
    Monlist queries:  0
    Responses:        0  (avg size: 0 bytes)
  DNS Amplification:
    ANY queries:      0
    TXT queries:      0
    Responses:        699869837  (avg size: 108 bytes)
  SNMP Amplification:
    GetBulk requests: 0
    Responses:        0  (avg size: 0 bytes)
  SSDP:
    M-SEARCH packets: 0
    Responses:        20254
  PortMapper:
    GETPORT calls:    0
    DUMP calls:       0
  NetBIOS:
    Name queries:     0
    Datagram packets: 0
  LDAP:
    Bind requests:    0
    Search requests:  1227180171
  MSSQL:
    SQLBatch packets: 0
    RPC packets:      0
  TFTP:
    RRQ (read) pkts:  0
    WRQ (write) pkts: 0

[ATTACK DETECTIONS - Cumulative Events]
  UDP flood events:   0
  UDP-lag events:     0
  SYN flood events:   0
  HTTP flood events:  0
  ICMP flood events:  0
  DNS amp events:     0
  NTP amp events:     0
  SNMP amp events:    0
  SSDP events:        0
  PortMap events:     0
  NetBIOS events:     0
  LDAP events:        10324
  MSSQL events:       0
  TFTP events:        0
  ACK flood events:   0
  Frag attack events: 0
  Heavy-hitter events:10364 (OctoSketch per-IP detection)
  Packet flood events:0
  (Note: Events count IPs exceeding thresholds per 50ms window)

[ALERT STATUS]
  Alert level:        [1;31mHIGH[0m
  Reason:             [1;31mLDAP detected: 2160814 pps | HEAVY-HITTER: 10.10.3.137 @ 12253 pps | TREND: attack rising (+584448/250ms) | [0m

[MULTI-LF (2025) COMPARISON]
=== Detection Performance vs ML-Based System ===

  First Detection Latency:   3425.89 ms (vs MULTI-LF: 866 ms)
    Improvement:             0.3× faster

  Packets until detection:   1106353308
  Bytes until detection:     135675220297 (129389.97 MB)

[OCTOSKETCH METRICS - Optimized Architecture]
=== Per-Worker Sketches + Sampling (1/32 packets) ===

  Architecture:              Per-worker (NO atomics, NO contention)
  Total sketch memory:       8961 KB (14 workers × 640.1 KB)
  Sampling rate:             1 in 32 packets (3.1% overhead)
  Attack traffic sampled:    2439904 updates
  Estimated attack packets:  78076928 (×32 sampling factor)
  Sketch overhead:           ~1.56% of fast-path cycles
  Memory efficiency:         O(1) constant, 640.1 KB per worker

[OCTOSKETCH HEAVY-HITTER DETECTION]
=== Top Attackers (per-IP tracking via Count-Min Sketch) ===

  Heavy-hitter threshold:    5000 pps per IP
  Heavy-hitters detected:    5 IPs exceeding threshold
  Total HH detections:       10364 events

  Top 5 Attackers (estimated counts, ×32 sampling):
    #1: 10.10.3.137 - 13888 pkts (2770 pps)
    #2: 10.10.3.166 - 13696 pkts (2732 pps)
    #3: 10.10.3.40 - 13664 pkts (2726 pps)
    #4: 10.10.3.6 - 13632 pkts (2719 pps)
    #5: 10.10.3.186 - 13632 pkts (2719 pps)

[RING BUFFER + MULTI-SCALE FEATURES]
=== Temporal Analysis (last 100 windows = 5.0 sec) ===

  Windows processed:         13049
  Buffer utilization:        100/100 (100.0%)
  Running baseline (ML):     5678096 pps (for ML features only)
  Detection mode:            FIXED THRESHOLDS

  [Temporal Features - Last Window]
    Delta PPS (250ms):       +584448
    Delta PPS (500ms):       +1170432
    PPS Variance:            467994345472
    Ratio vs Baseline:       1.90x

  [Multi-Scale Features]
    Top IP (50ms):           762 pps
    Top IP (1s):             6144 pps
    Top IP (1min):           10606 pps
    Burst Ratio (50ms/1min): 0.07x
    IP Concentration:        0.8%

[MULTIPLE DETECTION STATISTICS]
=== Aggregate Detection Analysis ===

  Total detection events:    10324
  Average detection latency: 55.01 ms
  Min detection latency:     53.94 ms
  Max detection latency:     3425.89 ms
  Latency range:             3371.95 ms

  Detection Latency Histogram:
    < 20 ms:  0 detections (0.0%)
    20-30 ms: 0 detections (0.0%)
    30-40 ms: 0 detections (0.0%)
    40-50 ms: 0 detections (0.0%)
    > 50 ms:  10323 detections (100.0%)

[PERFORMANCE METRICS]
  Throughput:         5.17 Gbps (7.33 Mpps)
  Cycles available:   408 cycles/pkt (lower = higher load)
  Active IPs:         0
  Worker threads:     14 (lcores 1-14)

[DPDK NIC STATISTICS]
  RX packets (NIC):   6842097588
  RX dropped (HW):    [0m0[0m (imissed)
  RX no mbufs:        [0m0[0m (buffer exhaustion)
  RX errors:          0
  Total drops:        [0m0 (0.00%)[0m
  RX burst calls:     157842193576 (97.6% empty)
  Processed pkts:     6842101040 (100.0% of NIC RX)


╔═══════════════════════════════════════════════════════════════════════╗
║          MIRA DDoS DETECTOR - STATISTICS (MULTI-CORE)                ║
╚═══════════════════════════════════════════════════════════════════════╝

[PACKET COUNTERS - GLOBAL]
  Total packets:      6893945619
  Baseline (10.10.2.x): 3600915885 (52.2%)
  Attack (10.10.3.x): 1238024092 (18.0%)
  TCP packets:        3682386418
  UDP packets:        2896974810
  ICMP packets:       314584391

[INSTANTANEOUS TRAFFIC - Last 5.0 seconds]
  Baseline (10.10.2.x): 25863908 pkts (70.5%)  2296878932 bytes  3.67 Gbps
  Attack (10.10.3.x): 10823425 pkts (29.5%)  876697587 bytes  1.40 Gbps
  Total throughput:   5.07 Gbps  (avg pkt: 87 bytes)

[CUMULATIVE TRAFFIC - Since first packet (705.1s)]
  Total received:     6893945619 pkts (9.78 Mpps) | 8.89 Gbps | 783234438979 bytes

[ATTACK-SPECIFIC COUNTERS]
  SYN packets:        995463286
  SYN-ACK packets:    497731133
  SYN/ACK ratio:      2.00
  HTTP requests:      1740026813
  DNS queries:        703974341

[PROTOCOL-SPECIFIC COUNTERS - CIC-DDoS-2019 Features]
  NTP Amplification:
    Monlist queries:  0
    Responses:        0  (avg size: 0 bytes)
  DNS Amplification:
    ANY queries:      0
    TXT queries:      0
    Responses:        703974322  (avg size: 108 bytes)
  SNMP Amplification:
    GetBulk requests: 0
    Responses:        0  (avg size: 0 bytes)
  SSDP:
    M-SEARCH packets: 0
    Responses:        20427
  PortMapper:
    GETPORT calls:    0
    DUMP calls:       0
  NetBIOS:
    Name queries:     0
    Datagram packets: 0
  LDAP:
    Bind requests:    0
    Search requests:  1238003665
  MSSQL:
    SQLBatch packets: 0
    RPC packets:      0
  TFTP:
    RRQ (read) pkts:  0
    WRQ (write) pkts: 0

[ATTACK DETECTIONS - Cumulative Events]
  UDP flood events:   0
  UDP-lag events:     0
  SYN flood events:   0
  HTTP flood events:  0
  ICMP flood events:  0
  DNS amp events:     0
  NTP amp events:     0
  SNMP amp events:    0
  SSDP events:        0
  PortMap events:     0
  NetBIOS events:     0
  LDAP events:        10415
  MSSQL events:       0
  TFTP events:        0
  ACK flood events:   0
  Frag attack events: 0
  Heavy-hitter events:10455 (OctoSketch per-IP detection)
  Packet flood events:0
  (Note: Events count IPs exceeding thresholds per 50ms window)

[ALERT STATUS]
  Alert level:        [1;31mHIGH[0m
  Reason:             [1;31mLDAP detected: 2160655 pps | HEAVY-HITTER: 10.10.3.99 @ 12068 pps | TREND: attack rising (+584960/250ms) | [0m

[MULTI-LF (2025) COMPARISON]
=== Detection Performance vs ML-Based System ===

  First Detection Latency:   3425.89 ms (vs MULTI-LF: 866 ms)
    Improvement:             0.3× faster

  Packets until detection:   1106353308
  Bytes until detection:     135675220297 (129389.97 MB)

[OCTOSKETCH METRICS - Optimized Architecture]
=== Per-Worker Sketches + Sampling (1/32 packets) ===

  Architecture:              Per-worker (NO atomics, NO contention)
  Total sketch memory:       8961 KB (14 workers × 640.1 KB)
  Sampling rate:             1 in 32 packets (3.1% overhead)
  Attack traffic sampled:    2322720 updates
  Estimated attack packets:  74327040 (×32 sampling factor)
  Sketch overhead:           ~1.56% of fast-path cycles
  Memory efficiency:         O(1) constant, 640.1 KB per worker

[OCTOSKETCH HEAVY-HITTER DETECTION]
=== Top Attackers (per-IP tracking via Count-Min Sketch) ===

  Heavy-hitter threshold:    5000 pps per IP
  Heavy-hitters detected:    5 IPs exceeding threshold
  Total HH detections:       10455 events

  Top 5 Attackers (estimated counts, ×32 sampling):
    #1: 10.10.3.99 - 13024 pkts (2600 pps)
    #2: 10.10.3.28 - 12928 pkts (2581 pps)
    #3: 10.10.3.199 - 12832 pkts (2562 pps)
    #4: 10.10.3.115 - 12736 pkts (2542 pps)
    #5: 10.10.3.53 - 12704 pkts (2536 pps)

[RING BUFFER + MULTI-SCALE FEATURES]
=== Temporal Analysis (last 100 windows = 5.0 sec) ===

  Windows processed:         13140
  Buffer utilization:        100/100 (100.0%)
  Running baseline (ML):     5712696 pps (for ML features only)
  Detection mode:            FIXED THRESHOLDS

  [Temporal Features - Last Window]
    Delta PPS (250ms):       +584960
    Delta PPS (500ms):       +1169664
    PPS Variance:            479123963904
    Ratio vs Baseline:       1.88x

  [Multi-Scale Features]
    Top IP (50ms):           860 pps
    Top IP (1s):             13696 pps
    Top IP (1min):           11538 pps
    Burst Ratio (50ms/1min): 0.07x
    IP Concentration:        0.8%

[MULTIPLE DETECTION STATISTICS]
=== Aggregate Detection Analysis ===

  Total detection events:    10415
  Average detection latency: 55.01 ms
  Min detection latency:     53.94 ms
  Max detection latency:     3425.89 ms
  Latency range:             3371.95 ms

  Detection Latency Histogram:
    < 20 ms:  0 detections (0.0%)
    20-30 ms: 0 detections (0.0%)
    30-40 ms: 0 detections (0.0%)
    40-50 ms: 0 detections (0.0%)
    > 50 ms:  10414 detections (100.0%)

[PERFORMANCE METRICS]
  Throughput:         5.07 Gbps (7.32 Mpps)
  Cycles available:   408 cycles/pkt (lower = higher load)
  Active IPs:         0
  Worker threads:     14 (lcores 1-14)

[DPDK NIC STATISTICS]
  RX packets (NIC):   6893942142
  RX dropped (HW):    [0m0[0m (imissed)
  RX no mbufs:        [0m0[0m (buffer exhaustion)
  RX errors:          0
  Total drops:        [0m0 (0.00%)[0m
  RX burst calls:     158885145931 (97.6% empty)
  Processed pkts:     6893945619 (100.0% of NIC RX)


╔═══════════════════════════════════════════════════════════════════════╗
║          MIRA DDoS DETECTOR - STATISTICS (MULTI-CORE)                ║
╚═══════════════════════════════════════════════════════════════════════╝

[PACKET COUNTERS - GLOBAL]
  Total packets:      6945768656
  Baseline (10.10.2.x): 3626774024 (52.2%)
  Attack (10.10.3.x): 1248836252 (18.0%)
  TCP packets:        3711095281
  UDP packets:        2917809213
  ICMP packets:       316864162

[INSTANTANEOUS TRAFFIC - Last 5.0 seconds]
  Baseline (10.10.2.x): 25857697 pkts (70.5%)  2296136157 bytes  3.67 Gbps
  Attack (10.10.3.x): 10811904 pkts (29.5%)  939074715 bytes  1.50 Gbps
  Total throughput:   5.17 Gbps  (avg pkt: 88 bytes)

[CUMULATIVE TRAFFIC - Since first packet (710.1s)]
  Total received:     6945768656 pkts (9.78 Mpps) | 8.89 Gbps | 789199312068 bytes

[ATTACK-SPECIFIC COUNTERS]
  SYN packets:        1002982150
  SYN-ACK packets:    501490559
  SYN/ACK ratio:      2.00
  HTTP requests:      1755407775
  DNS queries:        708075394

[PROTOCOL-SPECIFIC COUNTERS - CIC-DDoS-2019 Features]
  NTP Amplification:
    Monlist queries:  0
    Responses:        0  (avg size: 0 bytes)
  DNS Amplification:
    ANY queries:      0
    TXT queries:      0
    Responses:        708075378  (avg size: 108 bytes)
  SNMP Amplification:
    GetBulk requests: 0
    Responses:        0  (avg size: 0 bytes)
  SSDP:
    M-SEARCH packets: 0
    Responses:        20607
  PortMapper:
    GETPORT calls:    0
    DUMP calls:       0
  NetBIOS:
    Name queries:     0
    Datagram packets: 0
  LDAP:
    Bind requests:    0
    Search requests:  1248815645
  MSSQL:
    SQLBatch packets: 0
    RPC packets:      0
  TFTP:
    RRQ (read) pkts:  0
    WRQ (write) pkts: 0

[ATTACK DETECTIONS - Cumulative Events]
  UDP flood events:   0
  UDP-lag events:     0
  SYN flood events:   0
  HTTP flood events:  0
  ICMP flood events:  0
  DNS amp events:     0
  NTP amp events:     0
  SNMP amp events:    0
  SSDP events:        0
  PortMap events:     0
  NetBIOS events:     0
  LDAP events:        10507
  MSSQL events:       0
  TFTP events:        0
  ACK flood events:   0
  Frag attack events: 0
  Heavy-hitter events:10547 (OctoSketch per-IP detection)
  Packet flood events:0
  (Note: Events count IPs exceeding thresholds per 50ms window)

[ALERT STATUS]
  Alert level:        [1;31mHIGH[0m
  Reason:             [1;31mLDAP detected: 2160759 pps | HEAVY-HITTER: 10.10.3.92 @ 12360 pps | TREND: attack rising (+584866/250ms) | [0m

[MULTI-LF (2025) COMPARISON]
=== Detection Performance vs ML-Based System ===

  First Detection Latency:   3425.89 ms (vs MULTI-LF: 866 ms)
    Improvement:             0.3× faster

  Packets until detection:   1106353308
  Bytes until detection:     135675220297 (129389.97 MB)

[OCTOSKETCH METRICS - Optimized Architecture]
=== Per-Worker Sketches + Sampling (1/32 packets) ===

  Architecture:              Per-worker (NO atomics, NO contention)
  Total sketch memory:       8961 KB (14 workers × 640.1 KB)
  Sampling rate:             1 in 32 packets (3.1% overhead)
  Attack traffic sampled:    2323680 updates
  Estimated attack packets:  74357760 (×32 sampling factor)
  Sketch overhead:           ~1.56% of fast-path cycles
  Memory efficiency:         O(1) constant, 640.1 KB per worker

[OCTOSKETCH HEAVY-HITTER DETECTION]
=== Top Attackers (per-IP tracking via Count-Min Sketch) ===

  Heavy-hitter threshold:    5000 pps per IP
  Heavy-hitters detected:    5 IPs exceeding threshold
  Total HH detections:       10547 events

  Top 5 Attackers (estimated counts, ×32 sampling):
    #1: 10.10.3.92 - 13344 pkts (2667 pps)
    #2: 10.10.3.76 - 12992 pkts (2596 pps)
    #3: 10.10.3.43 - 12928 pkts (2584 pps)
    #4: 10.10.3.44 - 12864 pkts (2571 pps)
    #5: 10.10.3.53 - 12832 pkts (2564 pps)

[RING BUFFER + MULTI-SCALE FEATURES]
=== Temporal Analysis (last 100 windows = 5.0 sec) ===

  Windows processed:         13232
  Buffer utilization:        100/100 (100.0%)
  Running baseline (ML):     5656313 pps (for ML features only)
  Detection mode:            FIXED THRESHOLDS

  [Temporal Features - Last Window]
    Delta PPS (250ms):       +584866
    Delta PPS (500ms):       +1169314
    PPS Variance:            479584452608
    Ratio vs Baseline:       1.91x

  [Multi-Scale Features]
    Top IP (50ms):           800 pps
    Top IP (1s):             8256 pps
    Top IP (1min):           360 pps
    Burst Ratio (50ms/1min): 2.22x
    IP Concentration:        0.8%

[MULTIPLE DETECTION STATISTICS]
=== Aggregate Detection Analysis ===

  Total detection events:    10507
  Average detection latency: 55.01 ms
  Min detection latency:     53.94 ms
  Max detection latency:     3425.89 ms
  Latency range:             3371.95 ms

  Detection Latency Histogram:
    < 20 ms:  0 detections (0.0%)
    20-30 ms: 0 detections (0.0%)
    30-40 ms: 0 detections (0.0%)
    40-50 ms: 0 detections (0.0%)
    > 50 ms:  10506 detections (100.0%)

[PERFORMANCE METRICS]
  Throughput:         5.17 Gbps (7.33 Mpps)
  Cycles available:   408 cycles/pkt (lower = higher load)
  Active IPs:         0
  Worker threads:     14 (lcores 1-14)

[DPDK NIC STATISTICS]
  RX packets (NIC):   6945765250
  RX dropped (HW):    [0m0[0m (imissed)
  RX no mbufs:        [0m0[0m (buffer exhaustion)
  RX errors:          0
  Total drops:        [0m0 (0.00%)[0m
  RX burst calls:     159927256508 (97.6% empty)
  Processed pkts:     6945768656 (100.0% of NIC RX)


╔═══════════════════════════════════════════════════════════════════════╗
║          MIRA DDoS DETECTOR - STATISTICS (MULTI-CORE)                ║
╚═══════════════════════════════════════════════════════════════════════╝

[PACKET COUNTERS - GLOBAL]
  Total packets:      6997555954
  Baseline (10.10.2.x): 3652615800 (52.2%)
  Attack (10.10.3.x): 1259639964 (18.0%)
  TCP packets:        3739788096
  UDP packets:        2938624965
  ICMP packets:       319142894

[INSTANTANEOUS TRAFFIC - Last 5.0 seconds]
  Baseline (10.10.2.x): 25841236 pkts (69.0%)  2622788848 bytes  4.20 Gbps
  Attack (10.10.3.x): 11585206 pkts (31.0%)  875100672 bytes  1.40 Gbps
  Total throughput:   5.60 Gbps  (avg pkt: 93 bytes)

[CUMULATIVE TRAFFIC - Since first packet (715.1s)]
  Total received:     6997555954 pkts (9.79 Mpps) | 8.90 Gbps | 795160227362 bytes

[ATTACK-SPECIFIC COUNTERS]
  SYN packets:        1010496962
  SYN-ACK packets:    505247959
  SYN/ACK ratio:      2.00
  HTTP requests:      1770778895
  DNS queries:        712172014

[PROTOCOL-SPECIFIC COUNTERS - CIC-DDoS-2019 Features]
  NTP Amplification:
    Monlist queries:  0
    Responses:        0  (avg size: 0 bytes)
  DNS Amplification:
    ANY queries:      0
    TXT queries:      0
    Responses:        712171990  (avg size: 108 bytes)
  SNMP Amplification:
    GetBulk requests: 0
    Responses:        0  (avg size: 0 bytes)
  SSDP:
    M-SEARCH packets: 0
    Responses:        20786
  PortMapper:
    GETPORT calls:    0
    DUMP calls:       0
  NetBIOS:
    Name queries:     0
    Datagram packets: 0
  LDAP:
    Bind requests:    0
    Search requests:  1259619178
  MSSQL:
    SQLBatch packets: 0
    RPC packets:      0
  TFTP:
    RRQ (read) pkts:  0
    WRQ (write) pkts: 0

[ATTACK DETECTIONS - Cumulative Events]
  UDP flood events:   0
  UDP-lag events:     0
  SYN flood events:   0
  HTTP flood events:  0
  ICMP flood events:  0
  DNS amp events:     0
  NTP amp events:     0
  SNMP amp events:    0
  SSDP events:        0
  PortMap events:     0
  NetBIOS events:     0
  LDAP events:        10598
  MSSQL events:       0
  TFTP events:        0
  ACK flood events:   0
  Frag attack events: 0
  Heavy-hitter events:10638 (OctoSketch per-IP detection)
  Packet flood events:0
  (Note: Events count IPs exceeding thresholds per 50ms window)

[ALERT STATUS]
  Alert level:        [1;31mHIGH[0m
  Reason:             [1;31mLDAP detected: 2160720 pps | HEAVY-HITTER: 10.10.3.59 @ 12450 pps | TREND: attack rising (+586240/250ms) | [0m

[MULTI-LF (2025) COMPARISON]
=== Detection Performance vs ML-Based System ===

  First Detection Latency:   3425.89 ms (vs MULTI-LF: 866 ms)
    Improvement:             0.3× faster

  Packets until detection:   1106353308
  Bytes until detection:     135675220297 (129389.97 MB)

[OCTOSKETCH METRICS - Optimized Architecture]
=== Per-Worker Sketches + Sampling (1/32 packets) ===

  Architecture:              Per-worker (NO atomics, NO contention)
  Total sketch memory:       8961 KB (14 workers × 640.1 KB)
  Sampling rate:             1 in 32 packets (3.1% overhead)
  Attack traffic sampled:    2206880 updates
  Estimated attack packets:  70620160 (×32 sampling factor)
  Sketch overhead:           ~1.56% of fast-path cycles
  Memory efficiency:         O(1) constant, 640.1 KB per worker

[OCTOSKETCH HEAVY-HITTER DETECTION]
=== Top Attackers (per-IP tracking via Count-Min Sketch) ===

  Heavy-hitter threshold:    5000 pps per IP
  Heavy-hitters detected:    5 IPs exceeding threshold
  Total HH detections:       10638 events

  Top 5 Attackers (estimated counts, ×32 sampling):
    #1: 10.10.3.59 - 12768 pkts (2554 pps)
    #2: 10.10.3.14 - 12096 pkts (2419 pps)
    #3: 10.10.3.76 - 12064 pkts (2413 pps)
    #4: 10.10.3.178 - 12064 pkts (2413 pps)
    #5: 10.10.3.20 - 12032 pkts (2406 pps)

[RING BUFFER + MULTI-SCALE FEATURES]
=== Temporal Analysis (last 100 windows = 5.0 sec) ===

  Windows processed:         13323
  Buffer utilization:        100/100 (100.0%)
  Running baseline (ML):     6415351 pps (for ML features only)
  Detection mode:            FIXED THRESHOLDS

  [Temporal Features - Last Window]
    Delta PPS (250ms):       +586240
    Delta PPS (500ms):       +1170827
    PPS Variance:            489082945536
    Ratio vs Baseline:       1.79x

  [Multi-Scale Features]
    Top IP (50ms):           874 pps
    Top IP (1s):             2528 pps
    Top IP (1min):           1280 pps
    Burst Ratio (50ms/1min): 0.68x
    IP Concentration:        0.8%

[MULTIPLE DETECTION STATISTICS]
=== Aggregate Detection Analysis ===

  Total detection events:    10598
  Average detection latency: 55.00 ms
  Min detection latency:     53.94 ms
  Max detection latency:     3425.89 ms
  Latency range:             3371.95 ms

  Detection Latency Histogram:
    < 20 ms:  0 detections (0.0%)
    20-30 ms: 0 detections (0.0%)
    30-40 ms: 0 detections (0.0%)
    40-50 ms: 0 detections (0.0%)
    > 50 ms:  10597 detections (100.0%)

[PERFORMANCE METRICS]
  Throughput:         5.60 Gbps (7.49 Mpps)
  Cycles available:   399 cycles/pkt (lower = higher load)
  Active IPs:         0
  Worker threads:     14 (lcores 1-14)

[DPDK NIC STATISTICS]
  RX packets (NIC):   6997552125
  RX dropped (HW):    [0m0[0m (imissed)
  RX no mbufs:        [0m0[0m (buffer exhaustion)
  RX errors:          0
  Total drops:        [0m0 (0.00%)[0m
  RX burst calls:     160968253346 (97.6% empty)
  Processed pkts:     6997555954 (100.0% of NIC RX)


╔═══════════════════════════════════════════════════════════════════════╗
║          MIRA DDoS DETECTOR - STATISTICS (MULTI-CORE)                ║
╚═══════════════════════════════════════════════════════════════════════╝

[PACKET COUNTERS - GLOBAL]
  Total packets:      7049456596
  Baseline (10.10.2.x): 3678512606 (52.2%)
  Attack (10.10.3.x): 1270468508 (18.0%)
  TCP packets:        3768540178
  UDP packets:        2959490895
  ICMP packets:       321425523

[INSTANTANEOUS TRAFFIC - Last 5.0 seconds]
  Baseline (10.10.2.x): 27768204 pkts (70.5%)  2299546083 bytes  3.67 Gbps
  Attack (10.10.3.x): 11609383 pkts (29.5%)  940360023 bytes  1.50 Gbps
  Total throughput:   5.17 Gbps  (avg pkt: 82 bytes)

[CUMULATIVE TRAFFIC - Since first packet (720.1s)]
  Total received:     7049456596 pkts (9.79 Mpps) | 8.90 Gbps | 801134049393 bytes

[ATTACK-SPECIFIC COUNTERS]
  SYN packets:        1018027146
  SYN-ACK packets:    509013051
  SYN/ACK ratio:      2.00
  HTTP requests:      1786183025
  DNS queries:        716279271

[PROTOCOL-SPECIFIC COUNTERS - CIC-DDoS-2019 Features]
  NTP Amplification:
    Monlist queries:  0
    Responses:        0  (avg size: 0 bytes)
  DNS Amplification:
    ANY queries:      0
    TXT queries:      0
    Responses:        716279263  (avg size: 108 bytes)
  SNMP Amplification:
    GetBulk requests: 0
    Responses:        0  (avg size: 0 bytes)
  SSDP:
    M-SEARCH packets: 0
    Responses:        20970
  PortMapper:
    GETPORT calls:    0
    DUMP calls:       0
  NetBIOS:
    Name queries:     0
    Datagram packets: 0
  LDAP:
    Bind requests:    0
    Search requests:  1270447538
  MSSQL:
    SQLBatch packets: 0
    RPC packets:      0
  TFTP:
    RRQ (read) pkts:  0
    WRQ (write) pkts: 0

[ATTACK DETECTIONS - Cumulative Events]
  UDP flood events:   0
  UDP-lag events:     0
  SYN flood events:   0
  HTTP flood events:  0
  ICMP flood events:  0
  DNS amp events:     0
  NTP amp events:     0
  SNMP amp events:    0
  SSDP events:        0
  PortMap events:     0
  NetBIOS events:     0
  LDAP events:        10690
  MSSQL events:       0
  TFTP events:        0
  ACK flood events:   0
  Frag attack events: 0
  Heavy-hitter events:10730 (OctoSketch per-IP detection)
  Packet flood events:0
  (Note: Events count IPs exceeding thresholds per 50ms window)

[ALERT STATUS]
  Alert level:        [1;31mHIGH[0m
  Reason:             [1;31mLDAP detected: 2160616 pps | HEAVY-HITTER: 10.10.3.86 @ 12133 pps | TREND: attack rising (+584249/250ms) | [0m

[MULTI-LF (2025) COMPARISON]
=== Detection Performance vs ML-Based System ===

  First Detection Latency:   3425.89 ms (vs MULTI-LF: 866 ms)
    Improvement:             0.3× faster

  Packets until detection:   1106353308
  Bytes until detection:     135675220297 (129389.97 MB)

[OCTOSKETCH METRICS - Optimized Architecture]
=== Per-Worker Sketches + Sampling (1/32 packets) ===

  Architecture:              Per-worker (NO atomics, NO contention)
  Total sketch memory:       8961 KB (14 workers × 640.1 KB)
  Sampling rate:             1 in 32 packets (3.1% overhead)
  Attack traffic sampled:    2207776 updates
  Estimated attack packets:  70648832 (×32 sampling factor)
  Sketch overhead:           ~1.56% of fast-path cycles
  Memory efficiency:         O(1) constant, 640.1 KB per worker

[OCTOSKETCH HEAVY-HITTER DETECTION]
=== Top Attackers (per-IP tracking via Count-Min Sketch) ===

  Heavy-hitter threshold:    5000 pps per IP
  Heavy-hitters detected:    5 IPs exceeding threshold
  Total HH detections:       10730 events

  Top 5 Attackers (estimated counts, ×32 sampling):
    #1: 10.10.3.86 - 12448 pkts (2484 pps)
    #2: 10.10.3.136 - 12416 pkts (2477 pps)
    #3: 10.10.3.145 - 12160 pkts (2426 pps)
    #4: 10.10.3.165 - 12160 pkts (2426 pps)
    #5: 10.10.3.14 - 12128 pkts (2420 pps)

[RING BUFFER + MULTI-SCALE FEATURES]
=== Temporal Analysis (last 100 windows = 5.0 sec) ===

  Windows processed:         13415
  Buffer utilization:        100/100 (100.0%)
  Running baseline (ML):     6446354 pps (for ML features only)
  Detection mode:            FIXED THRESHOLDS

  [Temporal Features - Last Window]
    Delta PPS (250ms):       +584249
    Delta PPS (500ms):       +1168446
    PPS Variance:            490132897792
    Ratio vs Baseline:       1.80x

  [Multi-Scale Features]
    Top IP (50ms):           936 pps
    Top IP (1s):             9888 pps
    Top IP (1min):           2199 pps
    Burst Ratio (50ms/1min): 0.43x
    IP Concentration:        0.9%

[MULTIPLE DETECTION STATISTICS]
=== Aggregate Detection Analysis ===

  Total detection events:    10690
  Average detection latency: 55.00 ms
  Min detection latency:     53.94 ms
  Max detection latency:     3425.89 ms
  Latency range:             3371.95 ms

  Detection Latency Histogram:
    < 20 ms:  0 detections (0.0%)
    20-30 ms: 0 detections (0.0%)
    30-40 ms: 0 detections (0.0%)
    40-50 ms: 0 detections (0.0%)
    > 50 ms:  10689 detections (100.0%)

[PERFORMANCE METRICS]
  Throughput:         5.17 Gbps (7.86 Mpps)
  Cycles available:   381 cycles/pkt (lower = higher load)
  Active IPs:         0
  Worker threads:     14 (lcores 1-14)

[DPDK NIC STATISTICS]
  RX packets (NIC):   7049453204
  RX dropped (HW):    [0m0[0m (imissed)
  RX no mbufs:        [0m0[0m (buffer exhaustion)
  RX errors:          0
  Total drops:        [0m0 (0.00%)[0m
  RX burst calls:     162010985771 (97.6% empty)
  Processed pkts:     7049456596 (100.0% of NIC RX)


╔═══════════════════════════════════════════════════════════════════════╗
║          MIRA DDoS DETECTOR - STATISTICS (MULTI-CORE)                ║
╚═══════════════════════════════════════════════════════════════════════╝

[PACKET COUNTERS - GLOBAL]
  Total packets:      7090986140
  Baseline (10.10.2.x): 3704399633 (52.2%)
  Attack (10.10.3.x): 1270940828 (17.9%)
  TCP packets:        3797277394
  UDP packets:        2969995300
  ICMP packets:       323713446

[INSTANTANEOUS TRAFFIC - Last 5.0 seconds]
  Baseline (10.10.2.x): 25886589 pkts (98.2%)  2298742822 bytes  3.67 Gbps
  Attack (10.10.3.x): 472170 pkts (1.8%)  38245527 bytes  0.06 Gbps
  Total throughput:   3.73 Gbps  (avg pkt: 89 bytes)

[CUMULATIVE TRAFFIC - Since first packet (725.1s)]
  Total received:     7090986140 pkts (9.78 Mpps) | 8.90 Gbps | 806266819853 bytes

[ATTACK-SPECIFIC COUNTERS]
  SYN packets:        1025553776
  SYN-ACK packets:    512776360
  SYN/ACK ratio:      2.00
  HTTP requests:      1801576584
  DNS queries:        720384788

[PROTOCOL-SPECIFIC COUNTERS - CIC-DDoS-2019 Features]
  NTP Amplification:
    Monlist queries:  0
    Responses:        0  (avg size: 0 bytes)
  DNS Amplification:
    ANY queries:      0
    TXT queries:      0
    Responses:        720384789  (avg size: 108 bytes)
  SNMP Amplification:
    GetBulk requests: 0
    Responses:        0  (avg size: 0 bytes)
  SSDP:
    M-SEARCH packets: 0
    Responses:        20982
  PortMapper:
    GETPORT calls:    0
    DUMP calls:       0
  NetBIOS:
    Name queries:     0
    Datagram packets: 0
  LDAP:
    Bind requests:    0
    Search requests:  1270919846
  MSSQL:
    SQLBatch packets: 0
    RPC packets:      0
  TFTP:
    RRQ (read) pkts:  0
    WRQ (write) pkts: 0

[ATTACK DETECTIONS - Cumulative Events]
  UDP flood events:   0
  UDP-lag events:     0
  SYN flood events:   0
  HTTP flood events:  0
  ICMP flood events:  0
  DNS amp events:     0
  NTP amp events:     0
  SNMP amp events:    0
  SSDP events:        0
  PortMap events:     0
  NetBIOS events:     0
  LDAP events:        10696
  MSSQL events:       0
  TFTP events:        0
  ACK flood events:   0
  Frag attack events: 0
  Heavy-hitter events:10767 (OctoSketch per-IP detection)
  Packet flood events:0
  (Note: Events count IPs exceeding thresholds per 50ms window)

[ALERT STATUS]
  Alert level:        [0mNONE[0m
  Reason:             None

[MULTI-LF (2025) COMPARISON]
=== Detection Performance vs ML-Based System ===

  First Detection Latency:   3425.89 ms (vs MULTI-LF: 866 ms)
    Improvement:             0.3× faster

  Packets until detection:   1106353308
  Bytes until detection:     135675220297 (129389.97 MB)

[OCTOSKETCH METRICS - Optimized Architecture]
=== Per-Worker Sketches + Sampling (1/32 packets) ===

  Architecture:              Per-worker (NO atomics, NO contention)
  Total sketch memory:       8961 KB (14 workers × 640.1 KB)
  Sampling rate:             1 in 32 packets (3.1% overhead)
  Attack traffic sampled:    0 updates
  Estimated attack packets:  0 (×32 sampling factor)
  Sketch overhead:           ~1.56% of fast-path cycles
  Memory efficiency:         O(1) constant, 640.1 KB per worker

[OCTOSKETCH HEAVY-HITTER DETECTION]
=== Top Attackers (per-IP tracking via Count-Min Sketch) ===

  Heavy-hitter threshold:    5000 pps per IP
  Heavy-hitters detected:    0 IPs exceeding threshold
  Total HH detections:       10767 events

  Top 5 Attackers (estimated counts, ×32 sampling):

[RING BUFFER + MULTI-SCALE FEATURES]
=== Temporal Analysis (last 100 windows = 5.0 sec) ===

  Windows processed:         13507
  Buffer utilization:        100/100 (100.0%)
  Running baseline (ML):     1314794 pps (for ML features only)
  Detection mode:            FIXED THRESHOLDS

  [Temporal Features - Last Window]
    Delta PPS (250ms):       +0
    Delta PPS (500ms):       +0
    PPS Variance:            17436
    Ratio vs Baseline:       0.36x

  [Multi-Scale Features]
    Top IP (50ms):           0 pps
    Top IP (1s):             0 pps
    Top IP (1min):           2244 pps
    Burst Ratio (50ms/1min): 0.00x
    IP Concentration:        0.0%

[MULTIPLE DETECTION STATISTICS]
=== Aggregate Detection Analysis ===

  Total detection events:    10696
  Average detection latency: 55.00 ms
  Min detection latency:     53.94 ms
  Max detection latency:     3425.89 ms
  Latency range:             3371.95 ms

  Detection Latency Histogram:
    < 20 ms:  0 detections (0.0%)
    20-30 ms: 0 detections (0.0%)
    30-40 ms: 0 detections (0.0%)
    40-50 ms: 0 detections (0.0%)
    > 50 ms:  10695 detections (100.0%)

[PERFORMANCE METRICS]
  Throughput:         3.73 Gbps (5.26 Mpps)
  Cycles available:   569 cycles/pkt (lower = higher load)
  Active IPs:         0
  Worker threads:     14 (lcores 1-14)

[DPDK NIC STATISTICS]
  RX packets (NIC):   7090983584
  RX dropped (HW):    [0m0[0m (imissed)
  RX no mbufs:        [0m0[0m (buffer exhaustion)
  RX errors:          0
  Total drops:        [0m0 (0.00%)[0m
  RX burst calls:     163234713788 (97.6% empty)
  Processed pkts:     7090986140 (100.0% of NIC RX)


╔═══════════════════════════════════════════════════════════════════════╗
║          MIRA DDoS DETECTOR - STATISTICS (MULTI-CORE)                ║
╚═══════════════════════════════════════════════════════════════════════╝

[PACKET COUNTERS - GLOBAL]
  Total packets:      7131977884
  Baseline (10.10.2.x): 3730246239 (52.3%)
  Attack (10.10.3.x): 1270940828 (17.8%)
  TCP packets:        3825967637
  UDP packets:        2980016768
  ICMP packets:       325993479

[INSTANTANEOUS TRAFFIC - Last 5.0 seconds]
  Baseline (10.10.2.x): 27664956 pkts (99.8%)  2295455377 bytes  3.67 Gbps
  Attack (10.10.3.x): 66389 pkts (0.2%)  2759589 bytes  0.00 Gbps
  Total throughput:   3.67 Gbps  (avg pkt: 83 bytes)

[CUMULATIVE TRAFFIC - Since first packet (730.1s)]
  Total received:     7131977884 pkts (9.77 Mpps) | 8.89 Gbps | 811353408100 bytes

[ATTACK-SPECIFIC COUNTERS]
  SYN packets:        1033068028
  SYN-ACK packets:    516533480
  SYN/ACK ratio:      2.00
  HTTP requests:      1816945570
  DNS queries:        724485228

[PROTOCOL-SPECIFIC COUNTERS - CIC-DDoS-2019 Features]
  NTP Amplification:
    Monlist queries:  0
    Responses:        0  (avg size: 0 bytes)
  DNS Amplification:
    ANY queries:      0
    TXT queries:      0
    Responses:        724485215  (avg size: 108 bytes)
  SNMP Amplification:
    GetBulk requests: 0
    Responses:        0  (avg size: 0 bytes)
  SSDP:
    M-SEARCH packets: 0
    Responses:        20982
  PortMapper:
    GETPORT calls:    0
    DUMP calls:       0
  NetBIOS:
    Name queries:     0
    Datagram packets: 0
  LDAP:
    Bind requests:    0
    Search requests:  1270919846
  MSSQL:
    SQLBatch packets: 0
    RPC packets:      0
  TFTP:
    RRQ (read) pkts:  0
    WRQ (write) pkts: 0

[ATTACK DETECTIONS - Cumulative Events]
  UDP flood events:   0
  UDP-lag events:     0
  SYN flood events:   0
  HTTP flood events:  0
  ICMP flood events:  0
  DNS amp events:     0
  NTP amp events:     0
  SNMP amp events:    0
  SSDP events:        0
  PortMap events:     0
  NetBIOS events:     0
  LDAP events:        10696
  MSSQL events:       0
  TFTP events:        0
  ACK flood events:   0
  Frag attack events: 0
  Heavy-hitter events:10767 (OctoSketch per-IP detection)
  Packet flood events:0
  (Note: Events count IPs exceeding thresholds per 50ms window)

[ALERT STATUS]
  Alert level:        [0mNONE[0m
  Reason:             None

[MULTI-LF (2025) COMPARISON]
=== Detection Performance vs ML-Based System ===

  First Detection Latency:   3425.89 ms (vs MULTI-LF: 866 ms)
    Improvement:             0.3× faster

  Packets until detection:   1106353308
  Bytes until detection:     135675220297 (129389.97 MB)

[OCTOSKETCH METRICS - Optimized Architecture]
=== Per-Worker Sketches + Sampling (1/32 packets) ===

  Architecture:              Per-worker (NO atomics, NO contention)
  Total sketch memory:       8961 KB (14 workers × 640.1 KB)
  Sampling rate:             1 in 32 packets (3.1% overhead)
  Attack traffic sampled:    0 updates
  Estimated attack packets:  0 (×32 sampling factor)
  Sketch overhead:           ~1.56% of fast-path cycles
  Memory efficiency:         O(1) constant, 640.1 KB per worker

[OCTOSKETCH HEAVY-HITTER DETECTION]
=== Top Attackers (per-IP tracking via Count-Min Sketch) ===

  Heavy-hitter threshold:    5000 pps per IP
  Heavy-hitters detected:    0 IPs exceeding threshold
  Total HH detections:       10767 events

  Top 5 Attackers (estimated counts, ×32 sampling):

[RING BUFFER + MULTI-SCALE FEATURES]
=== Temporal Analysis (last 100 windows = 5.0 sec) ===

  Windows processed:         13599
  Buffer utilization:        100/100 (100.0%)
  Running baseline (ML):     98188 pps (for ML features only)
  Detection mode:            FIXED THRESHOLDS

  [Temporal Features - Last Window]
    Delta PPS (250ms):       +0
    Delta PPS (500ms):       +0
    PPS Variance:            455
    Ratio vs Baseline:       0.68x

  [Multi-Scale Features]
    Top IP (50ms):           0 pps
    Top IP (1s):             0 pps
    Top IP (1min):           2244 pps
    Burst Ratio (50ms/1min): 0.00x
    IP Concentration:        0.0%

[MULTIPLE DETECTION STATISTICS]
=== Aggregate Detection Analysis ===

  Total detection events:    10696
  Average detection latency: 55.00 ms
  Min detection latency:     53.94 ms
  Max detection latency:     3425.89 ms
  Latency range:             3371.95 ms

  Detection Latency Histogram:
    < 20 ms:  0 detections (0.0%)
    20-30 ms: 0 detections (0.0%)
    30-40 ms: 0 detections (0.0%)
    40-50 ms: 0 detections (0.0%)
    > 50 ms:  10695 detections (100.0%)

[PERFORMANCE METRICS]
  Throughput:         3.67 Gbps (5.54 Mpps)
  Cycles available:   540 cycles/pkt (lower = higher load)
  Active IPs:         0
  Worker threads:     14 (lcores 1-14)

[DPDK NIC STATISTICS]
  RX packets (NIC):   7131975072
  RX dropped (HW):    [0m0[0m (imissed)
  RX no mbufs:        [0m0[0m (buffer exhaustion)
  RX errors:          0
  Total drops:        [0m0 (0.00%)[0m
  RX burst calls:     164465376627 (97.6% empty)
  Processed pkts:     7131977884 (100.0% of NIC RX)


╔═══════════════════════════════════════════════════════════════════════╗
║          MIRA DDoS DETECTOR - STATISTICS (MULTI-CORE)                ║
╚═══════════════════════════════════════════════════════════════════════╝

[PACKET COUNTERS - GLOBAL]
  Total packets:      7172934812
  Baseline (10.10.2.x): 3756070032 (52.4%)
  Attack (10.10.3.x): 1270940828 (17.7%)
  TCP packets:        3854641215
  UDP packets:        2990023058
  ICMP packets:       328270539

[INSTANTANEOUS TRAFFIC - Last 5.0 seconds]
  Baseline (10.10.2.x): 25823391 pkts (100.0%)  2292884544 bytes  3.67 Gbps
  Attack (10.10.3.x): 0 pkts (0.0%)  2759589 bytes  0.00 Gbps
  Total throughput:   3.67 Gbps  (avg pkt: 89 bytes)

[CUMULATIVE TRAFFIC - Since first packet (735.1s)]
  Total received:     7172934812 pkts (9.76 Mpps) | 8.88 Gbps | 816435797519 bytes

[ATTACK-SPECIFIC COUNTERS]
  SYN packets:        1040577599
  SYN-ACK packets:    520288264
  SYN/ACK ratio:      2.00
  HTTP requests:      1832307998
  DNS queries:        728580102

[PROTOCOL-SPECIFIC COUNTERS - CIC-DDoS-2019 Features]
  NTP Amplification:
    Monlist queries:  0
    Responses:        0  (avg size: 0 bytes)
  DNS Amplification:
    ANY queries:      0
    TXT queries:      0
    Responses:        728580088  (avg size: 108 bytes)
  SNMP Amplification:
    GetBulk requests: 0
    Responses:        0  (avg size: 0 bytes)
  SSDP:
    M-SEARCH packets: 0
    Responses:        20982
  PortMapper:
    GETPORT calls:    0
    DUMP calls:       0
  NetBIOS:
    Name queries:     0
    Datagram packets: 0
  LDAP:
    Bind requests:    0
    Search requests:  1270919846
  MSSQL:
    SQLBatch packets: 0
    RPC packets:      0
  TFTP:
    RRQ (read) pkts:  0
    WRQ (write) pkts: 0

[ATTACK DETECTIONS - Cumulative Events]
  UDP flood events:   0
  UDP-lag events:     0
  SYN flood events:   0
  HTTP flood events:  0
  ICMP flood events:  0
  DNS amp events:     0
  NTP amp events:     0
  SNMP amp events:    0
  SSDP events:        0
  PortMap events:     0
  NetBIOS events:     0
  LDAP events:        10696
  MSSQL events:       0
  TFTP events:        0
  ACK flood events:   0
  Frag attack events: 0
  Heavy-hitter events:10767 (OctoSketch per-IP detection)
  Packet flood events:0
  (Note: Events count IPs exceeding thresholds per 50ms window)

[ALERT STATUS]
  Alert level:        [0mNONE[0m
  Reason:             None

[MULTI-LF (2025) COMPARISON]
=== Detection Performance vs ML-Based System ===

  First Detection Latency:   3425.89 ms (vs MULTI-LF: 866 ms)
    Improvement:             0.3× faster

  Packets until detection:   1106353308
  Bytes until detection:     135675220297 (129389.97 MB)

[OCTOSKETCH METRICS - Optimized Architecture]
=== Per-Worker Sketches + Sampling (1/32 packets) ===

  Architecture:              Per-worker (NO atomics, NO contention)
  Total sketch memory:       8961 KB (14 workers × 640.1 KB)
  Sampling rate:             1 in 32 packets (3.1% overhead)
  Attack traffic sampled:    0 updates
  Estimated attack packets:  0 (×32 sampling factor)
  Sketch overhead:           ~1.56% of fast-path cycles
  Memory efficiency:         O(1) constant, 640.1 KB per worker

[OCTOSKETCH HEAVY-HITTER DETECTION]
=== Top Attackers (per-IP tracking via Count-Min Sketch) ===

  Heavy-hitter threshold:    5000 pps per IP
  Heavy-hitters detected:    0 IPs exceeding threshold
  Total HH detections:       10767 events

  Top 5 Attackers (estimated counts, ×32 sampling):

[RING BUFFER + MULTI-SCALE FEATURES]
=== Temporal Analysis (last 100 windows = 5.0 sec) ===

  Windows processed:         13692
  Buffer utilization:        100/100 (100.0%)
  Running baseline (ML):     4647 pps (for ML features only)
  Detection mode:            FIXED THRESHOLDS

  [Temporal Features - Last Window]
    Delta PPS (250ms):       +0
    Delta PPS (500ms):       +0
    PPS Variance:            0
    Ratio vs Baseline:       0.00x

  [Multi-Scale Features]
    Top IP (50ms):           0 pps
    Top IP (1s):             0 pps
    Top IP (1min):           2244 pps
    Burst Ratio (50ms/1min): 0.00x
    IP Concentration:        0.0%

[MULTIPLE DETECTION STATISTICS]
=== Aggregate Detection Analysis ===

  Total detection events:    10696
  Average detection latency: 55.00 ms
  Min detection latency:     53.94 ms
  Max detection latency:     3425.89 ms
  Latency range:             3371.95 ms

  Detection Latency Histogram:
    < 20 ms:  0 detections (0.0%)
    20-30 ms: 0 detections (0.0%)
    30-40 ms: 0 detections (0.0%)
    40-50 ms: 0 detections (0.0%)
    > 50 ms:  10695 detections (100.0%)

[PERFORMANCE METRICS]
  Throughput:         3.67 Gbps (5.16 Mpps)
  Cycles available:   579 cycles/pkt (lower = higher load)
  Active IPs:         0
  Worker threads:     14 (lcores 1-14)

[DPDK NIC STATISTICS]
  RX packets (NIC):   7172932085
  RX dropped (HW):    [0m0[0m (imissed)
  RX no mbufs:        [0m0[0m (buffer exhaustion)
  RX errors:          0
  Total drops:        [0m0 (0.00%)[0m
  RX burst calls:     165695187890 (97.6% empty)
  Processed pkts:     7172934812 (100.0% of NIC RX)


╔═══════════════════════════════════════════════════════════════════════╗
║          MIRA DDoS DETECTOR - STATISTICS (MULTI-CORE)                ║
╚═══════════════════════════════════════════════════════════════════════╝

[PACKET COUNTERS - GLOBAL]
  Total packets:      7213895347
  Baseline (10.10.2.x): 3781897985 (52.4%)
  Attack (10.10.3.x): 1270940828 (17.6%)
  TCP packets:        3883317805
  UDP packets:        3000028328
  ICMP packets:       330549214

[INSTANTANEOUS TRAFFIC - Last 5.0 seconds]
  Baseline (10.10.2.x): 25827632 pkts (100.0%)  2461713096 bytes  3.94 Gbps
  Attack (10.10.3.x): 0 pkts (0.0%)  0 bytes  0.00 Gbps
  Total throughput:   3.94 Gbps  (avg pkt: 95 bytes)

[CUMULATIVE TRAFFIC - Since first packet (740.1s)]
  Total received:     7213895347 pkts (9.75 Mpps) | 8.88 Gbps | 821518793786 bytes

[ATTACK-SPECIFIC COUNTERS]
  SYN packets:        1048088251
  SYN-ACK packets:    524043578
  SYN/ACK ratio:      2.00
  HTTP requests:      1847669986
  DNS queries:        732673265

[PROTOCOL-SPECIFIC COUNTERS - CIC-DDoS-2019 Features]
  NTP Amplification:
    Monlist queries:  0
    Responses:        0  (avg size: 0 bytes)
  DNS Amplification:
    ANY queries:      0
    TXT queries:      0
    Responses:        732673252  (avg size: 108 bytes)
  SNMP Amplification:
    GetBulk requests: 0
    Responses:        0  (avg size: 0 bytes)
  SSDP:
    M-SEARCH packets: 0
    Responses:        20982
  PortMapper:
    GETPORT calls:    0
    DUMP calls:       0
  NetBIOS:
    Name queries:     0
    Datagram packets: 0
  LDAP:
    Bind requests:    0
    Search requests:  1270919846
  MSSQL:
    SQLBatch packets: 0
    RPC packets:      0
  TFTP:
    RRQ (read) pkts:  0
    WRQ (write) pkts: 0

[ATTACK DETECTIONS - Cumulative Events]
  UDP flood events:   0
  UDP-lag events:     0
  SYN flood events:   0
  HTTP flood events:  0
  ICMP flood events:  0
  DNS amp events:     0
  NTP amp events:     0
  SNMP amp events:    0
  SSDP events:        0
  PortMap events:     0
  NetBIOS events:     0
  LDAP events:        10696
  MSSQL events:       0
  TFTP events:        0
  ACK flood events:   0
  Frag attack events: 0
  Heavy-hitter events:10767 (OctoSketch per-IP detection)
  Packet flood events:0
  (Note: Events count IPs exceeding thresholds per 50ms window)

[ALERT STATUS]
  Alert level:        [0mNONE[0m
  Reason:             None

[MULTI-LF (2025) COMPARISON]
=== Detection Performance vs ML-Based System ===

  First Detection Latency:   3425.89 ms (vs MULTI-LF: 866 ms)
    Improvement:             0.3× faster

  Packets until detection:   1106353308
  Bytes until detection:     135675220297 (129389.97 MB)

[OCTOSKETCH METRICS - Optimized Architecture]
=== Per-Worker Sketches + Sampling (1/32 packets) ===

  Architecture:              Per-worker (NO atomics, NO contention)
  Total sketch memory:       8961 KB (14 workers × 640.1 KB)
  Sampling rate:             1 in 32 packets (3.1% overhead)
  Attack traffic sampled:    0 updates
  Estimated attack packets:  0 (×32 sampling factor)
  Sketch overhead:           ~1.56% of fast-path cycles
  Memory efficiency:         O(1) constant, 640.1 KB per worker

[OCTOSKETCH HEAVY-HITTER DETECTION]
=== Top Attackers (per-IP tracking via Count-Min Sketch) ===

  Heavy-hitter threshold:    5000 pps per IP
  Heavy-hitters detected:    0 IPs exceeding threshold
  Total HH detections:       10767 events

  Top 5 Attackers (estimated counts, ×32 sampling):

[RING BUFFER + MULTI-SCALE FEATURES]
=== Temporal Analysis (last 100 windows = 5.0 sec) ===

  Windows processed:         13785
  Buffer utilization:        100/100 (100.0%)
  Running baseline (ML):     0 pps (for ML features only)
  Detection mode:            FIXED THRESHOLDS

  [Temporal Features - Last Window]
    Delta PPS (250ms):       +0
    Delta PPS (500ms):       +0
    PPS Variance:            0
    Ratio vs Baseline:       1.00x

  [Multi-Scale Features]
    Top IP (50ms):           0 pps
    Top IP (1s):             0 pps
    Top IP (1min):           2244 pps
    Burst Ratio (50ms/1min): 0.00x
    IP Concentration:        0.0%

[MULTIPLE DETECTION STATISTICS]
=== Aggregate Detection Analysis ===

  Total detection events:    10696
  Average detection latency: 55.00 ms
  Min detection latency:     53.94 ms
  Max detection latency:     3425.89 ms
  Latency range:             3371.95 ms

  Detection Latency Histogram:
    < 20 ms:  0 detections (0.0%)
    20-30 ms: 0 detections (0.0%)
    30-40 ms: 0 detections (0.0%)
    40-50 ms: 0 detections (0.0%)
    > 50 ms:  10695 detections (100.0%)

[PERFORMANCE METRICS]
  Throughput:         3.94 Gbps (5.16 Mpps)
  Cycles available:   579 cycles/pkt (lower = higher load)
  Active IPs:         0
  Worker threads:     14 (lcores 1-14)

[DPDK NIC STATISTICS]
  RX packets (NIC):   7213892789
  RX dropped (HW):    [0m0[0m (imissed)
  RX no mbufs:        [0m0[0m (buffer exhaustion)
  RX errors:          0
  Total drops:        [0m0 (0.00%)[0m
  RX burst calls:     166924268650 (97.6% empty)
  Processed pkts:     7213895347 (100.0% of NIC RX)


╔═══════════════════════════════════════════════════════════════════════╗
║          MIRA DDoS DETECTOR - STATISTICS (MULTI-CORE)                ║
╚═══════════════════════════════════════════════════════════════════════╝

[PACKET COUNTERS - GLOBAL]
  Total packets:      7254853790
  Baseline (10.10.2.x): 3807723848 (52.5%)
  Attack (10.10.3.x): 1270940828 (17.5%)
  TCP packets:        3911986480
  UDP packets:        3010038675
  ICMP packets:       332828635

[INSTANTANEOUS TRAFFIC - Last 5.0 seconds]
  Baseline (10.10.2.x): 25825389 pkts (100.0%)  2293674415 bytes  3.67 Gbps
  Attack (10.10.3.x): 0 pkts (0.0%)  0 bytes  0.00 Gbps
  Total throughput:   3.67 Gbps  (avg pkt: 89 bytes)

[CUMULATIVE TRAFFIC - Since first packet (745.1s)]
  Total received:     7254853790 pkts (9.74 Mpps) | 8.87 Gbps | 826601523162 bytes

[ATTACK-SPECIFIC COUNTERS]
  SYN packets:        1055596715
  SYN-ACK packets:    527797812
  SYN/ACK ratio:      2.00
  HTTP requests:      1863028373
  DNS queries:        736768582

[PROTOCOL-SPECIFIC COUNTERS - CIC-DDoS-2019 Features]
  NTP Amplification:
    Monlist queries:  0
    Responses:        0  (avg size: 0 bytes)
  DNS Amplification:
    ANY queries:      0
    TXT queries:      0
    Responses:        736768563  (avg size: 108 bytes)
  SNMP Amplification:
    GetBulk requests: 0
    Responses:        0  (avg size: 0 bytes)
  SSDP:
    M-SEARCH packets: 0
    Responses:        20982
  PortMapper:
    GETPORT calls:    0
    DUMP calls:       0
  NetBIOS:
    Name queries:     0
    Datagram packets: 0
  LDAP:
    Bind requests:    0
    Search requests:  1270919846
  MSSQL:
    SQLBatch packets: 0
    RPC packets:      0
  TFTP:
    RRQ (read) pkts:  0
    WRQ (write) pkts: 0

[ATTACK DETECTIONS - Cumulative Events]
  UDP flood events:   0
  UDP-lag events:     0
  SYN flood events:   0
  HTTP flood events:  0
  ICMP flood events:  0
  DNS amp events:     0
  NTP amp events:     0
  SNMP amp events:    0
  SSDP events:        0
  PortMap events:     0
  NetBIOS events:     0
  LDAP events:        10696
  MSSQL events:       0
  TFTP events:        0
  ACK flood events:   0
  Frag attack events: 0
  Heavy-hitter events:10767 (OctoSketch per-IP detection)
  Packet flood events:0
  (Note: Events count IPs exceeding thresholds per 50ms window)

[ALERT STATUS]
  Alert level:        [0mNONE[0m
  Reason:             None

[MULTI-LF (2025) COMPARISON]
=== Detection Performance vs ML-Based System ===

  First Detection Latency:   3425.89 ms (vs MULTI-LF: 866 ms)
    Improvement:             0.3× faster

  Packets until detection:   1106353308
  Bytes until detection:     135675220297 (129389.97 MB)

[OCTOSKETCH METRICS - Optimized Architecture]
=== Per-Worker Sketches + Sampling (1/32 packets) ===

  Architecture:              Per-worker (NO atomics, NO contention)
  Total sketch memory:       8961 KB (14 workers × 640.1 KB)
  Sampling rate:             1 in 32 packets (3.1% overhead)
  Attack traffic sampled:    0 updates
  Estimated attack packets:  0 (×32 sampling factor)
  Sketch overhead:           ~1.56% of fast-path cycles
  Memory efficiency:         O(1) constant, 640.1 KB per worker

[OCTOSKETCH HEAVY-HITTER DETECTION]
=== Top Attackers (per-IP tracking via Count-Min Sketch) ===

  Heavy-hitter threshold:    5000 pps per IP
  Heavy-hitters detected:    0 IPs exceeding threshold
  Total HH detections:       10767 events

  Top 5 Attackers (estimated counts, ×32 sampling):

[RING BUFFER + MULTI-SCALE FEATURES]
=== Temporal Analysis (last 100 windows = 5.0 sec) ===

  Windows processed:         13878
  Buffer utilization:        100/100 (100.0%)
  Running baseline (ML):     0 pps (for ML features only)
  Detection mode:            FIXED THRESHOLDS

  [Temporal Features - Last Window]
    Delta PPS (250ms):       +0
    Delta PPS (500ms):       +0
    PPS Variance:            0
    Ratio vs Baseline:       1.00x

  [Multi-Scale Features]
    Top IP (50ms):           0 pps
    Top IP (1s):             0 pps
    Top IP (1min):           2244 pps
    Burst Ratio (50ms/1min): 0.00x
    IP Concentration:        0.0%

[MULTIPLE DETECTION STATISTICS]
=== Aggregate Detection Analysis ===

  Total detection events:    10696
  Average detection latency: 55.00 ms
  Min detection latency:     53.94 ms
  Max detection latency:     3425.89 ms
  Latency range:             3371.95 ms

  Detection Latency Histogram:
    < 20 ms:  0 detections (0.0%)
    20-30 ms: 0 detections (0.0%)
    30-40 ms: 0 detections (0.0%)
    40-50 ms: 0 detections (0.0%)
    > 50 ms:  10695 detections (100.0%)

[PERFORMANCE METRICS]
  Throughput:         3.67 Gbps (5.16 Mpps)
  Cycles available:   579 cycles/pkt (lower = higher load)
  Active IPs:         0
  Worker threads:     14 (lcores 1-14)

[DPDK NIC STATISTICS]
  RX packets (NIC):   7254851143
  RX dropped (HW):    [0m0[0m (imissed)
  RX no mbufs:        [0m0[0m (buffer exhaustion)
  RX errors:          0
  Total drops:        [0m0 (0.00%)[0m
  RX burst calls:     168153115779 (97.6% empty)
  Processed pkts:     7254853790 (100.0% of NIC RX)


╔═══════════════════════════════════════════════════════════════════════╗
║          MIRA DDoS DETECTOR - STATISTICS (MULTI-CORE)                ║
╚═══════════════════════════════════════════════════════════════════════╝

[PACKET COUNTERS - GLOBAL]
  Total packets:      7295825564
  Baseline (10.10.2.x): 3833510645 (52.5%)
  Attack (10.10.3.x): 1270940828 (17.4%)
  TCP packets:        3940288534
  UDP packets:        3020429373
  ICMP packets:       335107657

[INSTANTANEOUS TRAFFIC - Last 5.0 seconds]
  Baseline (10.10.2.x): 27656831 pkts (100.0%)  2292678154 bytes  3.67 Gbps
  Attack (10.10.3.x): 0 pkts (0.0%)  0 bytes  0.00 Gbps
  Total throughput:   3.67 Gbps  (avg pkt: 83 bytes)

[CUMULATIVE TRAFFIC - Since first packet (750.1s)]
  Total received:     7295825564 pkts (9.73 Mpps) | 8.87 Gbps | 831671013224 bytes

[ATTACK-SPECIFIC COUNTERS]
  SYN packets:        1063013773
  SYN-ACK packets:    531506335
  SYN/ACK ratio:      2.00
  HTTP requests:      1878155962
  DNS queries:        741054511

[PROTOCOL-SPECIFIC COUNTERS - CIC-DDoS-2019 Features]
  NTP Amplification:
    Monlist queries:  0
    Responses:        0  (avg size: 0 bytes)
  DNS Amplification:
    ANY queries:      0
    TXT queries:      0
    Responses:        741054499  (avg size: 108 bytes)
  SNMP Amplification:
    GetBulk requests: 0
    Responses:        0  (avg size: 0 bytes)
  SSDP:
    M-SEARCH packets: 0
    Responses:        20982
  PortMapper:
    GETPORT calls:    0
    DUMP calls:       0
  NetBIOS:
    Name queries:     0
    Datagram packets: 0
  LDAP:
    Bind requests:    0
    Search requests:  1270919846
  MSSQL:
    SQLBatch packets: 0
    RPC packets:      0
  TFTP:
    RRQ (read) pkts:  0
    WRQ (write) pkts: 0

[ATTACK DETECTIONS - Cumulative Events]
  UDP flood events:   0
  UDP-lag events:     0
  SYN flood events:   0
  HTTP flood events:  0
  ICMP flood events:  0
  DNS amp events:     0
  NTP amp events:     0
  SNMP amp events:    0
  SSDP events:        0
  PortMap events:     0
  NetBIOS events:     0
  LDAP events:        10696
  MSSQL events:       0
  TFTP events:        0
  ACK flood events:   0
  Frag attack events: 0
  Heavy-hitter events:10767 (OctoSketch per-IP detection)
  Packet flood events:0
  (Note: Events count IPs exceeding thresholds per 50ms window)

[ALERT STATUS]
  Alert level:        [0mNONE[0m
  Reason:             None

[MULTI-LF (2025) COMPARISON]
=== Detection Performance vs ML-Based System ===

  First Detection Latency:   3425.89 ms (vs MULTI-LF: 866 ms)
    Improvement:             0.3× faster

  Packets until detection:   1106353308
  Bytes until detection:     135675220297 (129389.97 MB)

[OCTOSKETCH METRICS - Optimized Architecture]
=== Per-Worker Sketches + Sampling (1/32 packets) ===

  Architecture:              Per-worker (NO atomics, NO contention)
  Total sketch memory:       8961 KB (14 workers × 640.1 KB)
  Sampling rate:             1 in 32 packets (3.1% overhead)
  Attack traffic sampled:    0 updates
  Estimated attack packets:  0 (×32 sampling factor)
  Sketch overhead:           ~1.56% of fast-path cycles
  Memory efficiency:         O(1) constant, 640.1 KB per worker

[OCTOSKETCH HEAVY-HITTER DETECTION]
=== Top Attackers (per-IP tracking via Count-Min Sketch) ===

  Heavy-hitter threshold:    5000 pps per IP
  Heavy-hitters detected:    0 IPs exceeding threshold
  Total HH detections:       10767 events

  Top 5 Attackers (estimated counts, ×32 sampling):

[RING BUFFER + MULTI-SCALE FEATURES]
=== Temporal Analysis (last 100 windows = 5.0 sec) ===

  Windows processed:         13972
  Buffer utilization:        100/100 (100.0%)
  Running baseline (ML):     0 pps (for ML features only)
  Detection mode:            FIXED THRESHOLDS

  [Temporal Features - Last Window]
    Delta PPS (250ms):       +0
    Delta PPS (500ms):       +0
    PPS Variance:            0
    Ratio vs Baseline:       1.00x

  [Multi-Scale Features]
    Top IP (50ms):           0 pps
    Top IP (1s):             0 pps
    Top IP (1min):           2244 pps
    Burst Ratio (50ms/1min): 0.00x
    IP Concentration:        0.0%

[MULTIPLE DETECTION STATISTICS]
=== Aggregate Detection Analysis ===

  Total detection events:    10696
  Average detection latency: 55.00 ms
  Min detection latency:     53.94 ms
  Max detection latency:     3425.89 ms
  Latency range:             3371.95 ms

  Detection Latency Histogram:
    < 20 ms:  0 detections (0.0%)
    20-30 ms: 0 detections (0.0%)
    30-40 ms: 0 detections (0.0%)
    40-50 ms: 0 detections (0.0%)
    > 50 ms:  10695 detections (100.0%)

[PERFORMANCE METRICS]
  Throughput:         3.67 Gbps (5.53 Mpps)
  Cycles available:   541 cycles/pkt (lower = higher load)
  Active IPs:         0
  Worker threads:     14 (lcores 1-14)

[DPDK NIC STATISTICS]
  RX packets (NIC):   7295822890
  RX dropped (HW):    [0m0[0m (imissed)
  RX no mbufs:        [0m0[0m (buffer exhaustion)
  RX errors:          0
  Total drops:        [0m0 (0.00%)[0m
  RX burst calls:     169383474604 (97.6% empty)
  Processed pkts:     7295825564 (100.0% of NIC RX)


╔═══════════════════════════════════════════════════════════════════════╗
║          MIRA DDoS DETECTOR - STATISTICS (MULTI-CORE)                ║
╚═══════════════════════════════════════════════════════════════════════╝

[PACKET COUNTERS - GLOBAL]
  Total packets:      7336406172
  Baseline (10.10.2.x): 3857575532 (52.6%)
  Attack (10.10.3.x): 1270940828 (17.3%)
  TCP packets:        3956519681
  UDP packets:        3042523007
  ICMP packets:       337363484

[INSTANTANEOUS TRAFFIC - Last 5.0 seconds]
  Baseline (10.10.2.x): 25904372 pkts (100.0%)  2550564871 bytes  4.08 Gbps
  Attack (10.10.3.x): 0 pkts (0.0%)  0 bytes  0.00 Gbps
  Total throughput:   4.08 Gbps  (avg pkt: 98 bytes)

[CUMULATIVE TRAFFIC - Since first packet (755.2s)]
  Total received:     7336406172 pkts (9.72 Mpps) | 8.86 Gbps | 836230708365 bytes

[ATTACK-SPECIFIC COUNTERS]
  SYN packets:        1067409759
  SYN-ACK packets:    533704327
  SYN/ACK ratio:      2.00
  HTTP requests:      1885763986
  DNS queries:        751201114

[PROTOCOL-SPECIFIC COUNTERS - CIC-DDoS-2019 Features]
  NTP Amplification:
    Monlist queries:  0
    Responses:        0  (avg size: 0 bytes)
  DNS Amplification:
    ANY queries:      0
    TXT queries:      0
    Responses:        751201112  (avg size: 108 bytes)
  SNMP Amplification:
    GetBulk requests: 0
    Responses:        0  (avg size: 0 bytes)
  SSDP:
    M-SEARCH packets: 0
    Responses:        20982
  PortMapper:
    GETPORT calls:    0
    DUMP calls:       0
  NetBIOS:
    Name queries:     0
    Datagram packets: 0
  LDAP:
    Bind requests:    0
    Search requests:  1270919846
  MSSQL:
    SQLBatch packets: 0
    RPC packets:      0
  TFTP:
    RRQ (read) pkts:  0
    WRQ (write) pkts: 0

[ATTACK DETECTIONS - Cumulative Events]
  UDP flood events:   0
  UDP-lag events:     0
  SYN flood events:   0
  HTTP flood events:  0
  ICMP flood events:  0
  DNS amp events:     0
  NTP amp events:     0
  SNMP amp events:    0
  SSDP events:        0
  PortMap events:     0
  NetBIOS events:     0
  LDAP events:        10696
  MSSQL events:       0
  TFTP events:        0
  ACK flood events:   0
  Frag attack events: 0
  Heavy-hitter events:10767 (OctoSketch per-IP detection)
  Packet flood events:0
  (Note: Events count IPs exceeding thresholds per 50ms window)

[ALERT STATUS]
  Alert level:        [0mNONE[0m
  Reason:             None

[MULTI-LF (2025) COMPARISON]
=== Detection Performance vs ML-Based System ===

  First Detection Latency:   3425.89 ms (vs MULTI-LF: 866 ms)
    Improvement:             0.3× faster

  Packets until detection:   1106353308
  Bytes until detection:     135675220297 (129389.97 MB)

[OCTOSKETCH METRICS - Optimized Architecture]
=== Per-Worker Sketches + Sampling (1/32 packets) ===

  Architecture:              Per-worker (NO atomics, NO contention)
  Total sketch memory:       8961 KB (14 workers × 640.1 KB)
  Sampling rate:             1 in 32 packets (3.1% overhead)
  Attack traffic sampled:    0 updates
  Estimated attack packets:  0 (×32 sampling factor)
  Sketch overhead:           ~1.56% of fast-path cycles
  Memory efficiency:         O(1) constant, 640.1 KB per worker

[OCTOSKETCH HEAVY-HITTER DETECTION]
=== Top Attackers (per-IP tracking via Count-Min Sketch) ===

  Heavy-hitter threshold:    5000 pps per IP
  Heavy-hitters detected:    0 IPs exceeding threshold
  Total HH detections:       10767 events

  Top 5 Attackers (estimated counts, ×32 sampling):

[RING BUFFER + MULTI-SCALE FEATURES]
=== Temporal Analysis (last 100 windows = 5.0 sec) ===

  Windows processed:         14065
  Buffer utilization:        100/100 (100.0%)
  Running baseline (ML):     0 pps (for ML features only)
  Detection mode:            FIXED THRESHOLDS

  [Temporal Features - Last Window]
    Delta PPS (250ms):       +0
    Delta PPS (500ms):       +0
    PPS Variance:            0
    Ratio vs Baseline:       1.00x

  [Multi-Scale Features]
    Top IP (50ms):           0 pps
    Top IP (1s):             0 pps
    Top IP (1min):           2244 pps
    Burst Ratio (50ms/1min): 0.00x
    IP Concentration:        0.0%

[MULTIPLE DETECTION STATISTICS]
=== Aggregate Detection Analysis ===

  Total detection events:    10696
  Average detection latency: 55.00 ms
  Min detection latency:     53.94 ms
  Max detection latency:     3425.89 ms
  Latency range:             3371.95 ms

  Detection Latency Histogram:
    < 20 ms:  0 detections (0.0%)
    20-30 ms: 0 detections (0.0%)
    30-40 ms: 0 detections (0.0%)
    40-50 ms: 0 detections (0.0%)
    > 50 ms:  10695 detections (100.0%)

[PERFORMANCE METRICS]
  Throughput:         4.08 Gbps (5.18 Mpps)
  Cycles available:   578 cycles/pkt (lower = higher load)
  Active IPs:         0
  Worker threads:     14 (lcores 1-14)

[DPDK NIC STATISTICS]
  RX packets (NIC):   7336403463
  RX dropped (HW):    [0m0[0m (imissed)
  RX no mbufs:        [0m0[0m (buffer exhaustion)
  RX errors:          0
  Total drops:        [0m0 (0.00%)[0m
  RX burst calls:     170625743107 (97.6% empty)
  Processed pkts:     7336406172 (100.0% of NIC RX)


╔═══════════════════════════════════════════════════════════════════════╗
║          MIRA DDoS DETECTOR - STATISTICS (MULTI-CORE)                ║
╚═══════════════════════════════════════════════════════════════════════╝

[PACKET COUNTERS - GLOBAL]
  Total packets:      7376983708
  Baseline (10.10.2.x): 3881638307 (52.6%)
  Attack (10.10.3.x): 1270940828 (17.2%)
  TCP packets:        3972750312
  UDP packets:        3064613416
  ICMP packets:       339619980

[INSTANTANEOUS TRAFFIC - Last 5.0 seconds]
  Baseline (10.10.2.x): 25742719 pkts (100.0%)  2545772199 bytes  4.07 Gbps
  Attack (10.10.3.x): 0 pkts (0.0%)  0 bytes  0.00 Gbps
  Total throughput:   4.07 Gbps  (avg pkt: 99 bytes)

[CUMULATIVE TRAFFIC - Since first packet (760.2s)]
  Total received:     7376983708 pkts (9.70 Mpps) | 8.85 Gbps | 840790248418 bytes

[ATTACK-SPECIFIC COUNTERS]
  SYN packets:        1071805375
  SYN-ACK packets:    535902131
  SYN/ACK ratio:      2.00
  HTTP requests:      1893373595
  DNS queries:        761346005

[PROTOCOL-SPECIFIC COUNTERS - CIC-DDoS-2019 Features]
  NTP Amplification:
    Monlist queries:  0
    Responses:        0  (avg size: 0 bytes)
  DNS Amplification:
    ANY queries:      0
    TXT queries:      0
    Responses:        761345981  (avg size: 108 bytes)
  SNMP Amplification:
    GetBulk requests: 0
    Responses:        0  (avg size: 0 bytes)
  SSDP:
    M-SEARCH packets: 0
    Responses:        20982
  PortMapper:
    GETPORT calls:    0
    DUMP calls:       0
  NetBIOS:
    Name queries:     0
    Datagram packets: 0
  LDAP:
    Bind requests:    0
    Search requests:  1270919846
  MSSQL:
    SQLBatch packets: 0
    RPC packets:      0
  TFTP:
    RRQ (read) pkts:  0
    WRQ (write) pkts: 0

[ATTACK DETECTIONS - Cumulative Events]
  UDP flood events:   0
  UDP-lag events:     0
  SYN flood events:   0
  HTTP flood events:  0
  ICMP flood events:  0
  DNS amp events:     0
  NTP amp events:     0
  SNMP amp events:    0
  SSDP events:        0
  PortMap events:     0
  NetBIOS events:     0
  LDAP events:        10696
  MSSQL events:       0
  TFTP events:        0
  ACK flood events:   0
  Frag attack events: 0
  Heavy-hitter events:10767 (OctoSketch per-IP detection)
  Packet flood events:0
  (Note: Events count IPs exceeding thresholds per 50ms window)

[ALERT STATUS]
  Alert level:        [0mNONE[0m
  Reason:             None

[MULTI-LF (2025) COMPARISON]
=== Detection Performance vs ML-Based System ===

  First Detection Latency:   3425.89 ms (vs MULTI-LF: 866 ms)
    Improvement:             0.3× faster

  Packets until detection:   1106353308
  Bytes until detection:     135675220297 (129389.97 MB)

[OCTOSKETCH METRICS - Optimized Architecture]
=== Per-Worker Sketches + Sampling (1/32 packets) ===

  Architecture:              Per-worker (NO atomics, NO contention)
  Total sketch memory:       8961 KB (14 workers × 640.1 KB)
  Sampling rate:             1 in 32 packets (3.1% overhead)
  Attack traffic sampled:    0 updates
  Estimated attack packets:  0 (×32 sampling factor)
  Sketch overhead:           ~1.56% of fast-path cycles
  Memory efficiency:         O(1) constant, 640.1 KB per worker

[OCTOSKETCH HEAVY-HITTER DETECTION]
=== Top Attackers (per-IP tracking via Count-Min Sketch) ===

  Heavy-hitter threshold:    5000 pps per IP
  Heavy-hitters detected:    0 IPs exceeding threshold
  Total HH detections:       10767 events

  Top 5 Attackers (estimated counts, ×32 sampling):

[RING BUFFER + MULTI-SCALE FEATURES]
=== Temporal Analysis (last 100 windows = 5.0 sec) ===

  Windows processed:         14158
  Buffer utilization:        100/100 (100.0%)
  Running baseline (ML):     0 pps (for ML features only)
  Detection mode:            FIXED THRESHOLDS

  [Temporal Features - Last Window]
    Delta PPS (250ms):       +0
    Delta PPS (500ms):       +0
    PPS Variance:            0
    Ratio vs Baseline:       1.00x

  [Multi-Scale Features]
    Top IP (50ms):           0 pps
    Top IP (1s):             0 pps
    Top IP (1min):           2244 pps
    Burst Ratio (50ms/1min): 0.00x
    IP Concentration:        0.0%

[MULTIPLE DETECTION STATISTICS]
=== Aggregate Detection Analysis ===

  Total detection events:    10696
  Average detection latency: 55.00 ms
  Min detection latency:     53.94 ms
  Max detection latency:     3425.89 ms
  Latency range:             3371.95 ms

  Detection Latency Histogram:
    < 20 ms:  0 detections (0.0%)
    20-30 ms: 0 detections (0.0%)
    30-40 ms: 0 detections (0.0%)
    40-50 ms: 0 detections (0.0%)
    > 50 ms:  10695 detections (100.0%)

[PERFORMANCE METRICS]
  Throughput:         4.07 Gbps (5.15 Mpps)
  Cycles available:   581 cycles/pkt (lower = higher load)
  Active IPs:         0
  Worker threads:     14 (lcores 1-14)

[DPDK NIC STATISTICS]
  RX packets (NIC):   7376980662
  RX dropped (HW):    [0m0[0m (imissed)
  RX no mbufs:        [0m0[0m (buffer exhaustion)
  RX errors:          0
  Total drops:        [0m0 (0.00%)[0m
  RX burst calls:     171867681604 (97.6% empty)
  Processed pkts:     7376983708 (100.0% of NIC RX)


╔═══════════════════════════════════════════════════════════════════════╗
║          MIRA DDoS DETECTOR - STATISTICS (MULTI-CORE)                ║
╚═══════════════════════════════════════════════════════════════════════╝

[PACKET COUNTERS - GLOBAL]
  Total packets:      7417551669
  Baseline (10.10.2.x): 3905694468 (52.7%)
  Attack (10.10.3.x): 1270940828 (17.1%)
  TCP packets:        3988965606
  UDP packets:        3086706811
  ICMP packets:       341879252

[INSTANTANEOUS TRAFFIC - Last 5.0 seconds]
  Baseline (10.10.2.x): 24055874 pkts (100.0%)  2223210035 bytes  3.56 Gbps
  Attack (10.10.3.x): 0 pkts (0.0%)  0 bytes  0.00 Gbps
  Total throughput:   3.56 Gbps  (avg pkt: 92 bytes)

[CUMULATIVE TRAFFIC - Since first packet (765.2s)]
  Total received:     7417551669 pkts (9.69 Mpps) | 8.84 Gbps | 845348198430 bytes

[ATTACK-SPECIFIC COUNTERS]
  SYN packets:        1076197278
  SYN-ACK packets:    538098083
  SYN/ACK ratio:      2.00
  HTTP requests:      1900972758
  DNS queries:        771492558

[PROTOCOL-SPECIFIC COUNTERS - CIC-DDoS-2019 Features]
  NTP Amplification:
    Monlist queries:  0
    Responses:        0  (avg size: 0 bytes)
  DNS Amplification:
    ANY queries:      0
    TXT queries:      0
    Responses:        771492545  (avg size: 108 bytes)
  SNMP Amplification:
    GetBulk requests: 0
    Responses:        0  (avg size: 0 bytes)
  SSDP:
    M-SEARCH packets: 0
    Responses:        20982
  PortMapper:
    GETPORT calls:    0
    DUMP calls:       0
  NetBIOS:
    Name queries:     0
    Datagram packets: 0
  LDAP:
    Bind requests:    0
    Search requests:  1270919846
  MSSQL:
    SQLBatch packets: 0
    RPC packets:      0
  TFTP:
    RRQ (read) pkts:  0
    WRQ (write) pkts: 0

[ATTACK DETECTIONS - Cumulative Events]
  UDP flood events:   0
  UDP-lag events:     0
  SYN flood events:   0
  HTTP flood events:  0
  ICMP flood events:  0
  DNS amp events:     0
  NTP amp events:     0
  SNMP amp events:    0
  SSDP events:        0
  PortMap events:     0
  NetBIOS events:     0
  LDAP events:        10696
  MSSQL events:       0
  TFTP events:        0
  ACK flood events:   0
  Frag attack events: 0
  Heavy-hitter events:10767 (OctoSketch per-IP detection)
  Packet flood events:0
  (Note: Events count IPs exceeding thresholds per 50ms window)

[ALERT STATUS]
  Alert level:        [0mNONE[0m
  Reason:             None

[MULTI-LF (2025) COMPARISON]
=== Detection Performance vs ML-Based System ===

  First Detection Latency:   3425.89 ms (vs MULTI-LF: 866 ms)
    Improvement:             0.3× faster

  Packets until detection:   1106353308
  Bytes until detection:     135675220297 (129389.97 MB)

[OCTOSKETCH METRICS - Optimized Architecture]
=== Per-Worker Sketches + Sampling (1/32 packets) ===

  Architecture:              Per-worker (NO atomics, NO contention)
  Total sketch memory:       8961 KB (14 workers × 640.1 KB)
  Sampling rate:             1 in 32 packets (3.1% overhead)
  Attack traffic sampled:    0 updates
  Estimated attack packets:  0 (×32 sampling factor)
  Sketch overhead:           ~1.56% of fast-path cycles
  Memory efficiency:         O(1) constant, 640.1 KB per worker

[OCTOSKETCH HEAVY-HITTER DETECTION]
=== Top Attackers (per-IP tracking via Count-Min Sketch) ===

  Heavy-hitter threshold:    5000 pps per IP
  Heavy-hitters detected:    0 IPs exceeding threshold
  Total HH detections:       10767 events

  Top 5 Attackers (estimated counts, ×32 sampling):

[RING BUFFER + MULTI-SCALE FEATURES]
=== Temporal Analysis (last 100 windows = 5.0 sec) ===

  Windows processed:         14251
  Buffer utilization:        100/100 (100.0%)
  Running baseline (ML):     0 pps (for ML features only)
  Detection mode:            FIXED THRESHOLDS

  [Temporal Features - Last Window]
    Delta PPS (250ms):       +0
    Delta PPS (500ms):       +0
    PPS Variance:            0
    Ratio vs Baseline:       1.00x

  [Multi-Scale Features]
    Top IP (50ms):           0 pps
    Top IP (1s):             0 pps
    Top IP (1min):           2244 pps
    Burst Ratio (50ms/1min): 0.00x
    IP Concentration:        0.0%

[MULTIPLE DETECTION STATISTICS]
=== Aggregate Detection Analysis ===

  Total detection events:    10696
  Average detection latency: 55.00 ms
  Min detection latency:     53.94 ms
  Max detection latency:     3425.89 ms
  Latency range:             3371.95 ms

  Detection Latency Histogram:
    < 20 ms:  0 detections (0.0%)
    20-30 ms: 0 detections (0.0%)
    30-40 ms: 0 detections (0.0%)
    40-50 ms: 0 detections (0.0%)
    > 50 ms:  10695 detections (100.0%)

[PERFORMANCE METRICS]
  Throughput:         3.56 Gbps (4.81 Mpps)
  Cycles available:   622 cycles/pkt (lower = higher load)
  Active IPs:         0
  Worker threads:     14 (lcores 1-14)

[DPDK NIC STATISTICS]
  RX packets (NIC):   7417549198
  RX dropped (HW):    [0m0[0m (imissed)
  RX no mbufs:        [0m0[0m (buffer exhaustion)
  RX errors:          0
  Total drops:        [0m0 (0.00%)[0m
  RX burst calls:     173110611018 (97.6% empty)
  Processed pkts:     7417551669 (100.0% of NIC RX)


╔═══════════════════════════════════════════════════════════════════════╗
║          MIRA DDoS DETECTOR - STATISTICS (MULTI-CORE)                ║
╚═══════════════════════════════════════════════════════════════════════╝

[PACKET COUNTERS - GLOBAL]
  Total packets:      7458110620
  Baseline (10.10.2.x): 3929746372 (52.7%)
  Attack (10.10.3.x): 1270940828 (17.0%)
  TCP packets:        4005185395
  UDP packets:        3108788517
  ICMP packets:       344136708

[INSTANTANEOUS TRAFFIC - Last 5.0 seconds]
  Baseline (10.10.2.x): 24051460 pkts (100.0%)  2222759360 bytes  3.56 Gbps
  Attack (10.10.3.x): 0 pkts (0.0%)  0 bytes  0.00 Gbps
  Total throughput:   3.56 Gbps  (avg pkt: 92 bytes)

[CUMULATIVE TRAFFIC - Since first packet (770.2s)]
  Total received:     7458110620 pkts (9.68 Mpps) | 8.83 Gbps | 849905552502 bytes

[ATTACK-SPECIFIC COUNTERS]
  SYN packets:        1080590183
  SYN-ACK packets:    540294525
  SYN/ACK ratio:      2.00
  HTTP requests:      1908575660
  DNS queries:        781633291

[PROTOCOL-SPECIFIC COUNTERS - CIC-DDoS-2019 Features]
  NTP Amplification:
    Monlist queries:  0
    Responses:        0  (avg size: 0 bytes)
  DNS Amplification:
    ANY queries:      0
    TXT queries:      0
    Responses:        781633290  (avg size: 108 bytes)
  SNMP Amplification:
    GetBulk requests: 0
    Responses:        0  (avg size: 0 bytes)
  SSDP:
    M-SEARCH packets: 0
    Responses:        20982
  PortMapper:
    GETPORT calls:    0
    DUMP calls:       0
  NetBIOS:
    Name queries:     0
    Datagram packets: 0
  LDAP:
    Bind requests:    0
    Search requests:  1270919846
  MSSQL:
    SQLBatch packets: 0
    RPC packets:      0
  TFTP:
    RRQ (read) pkts:  0
    WRQ (write) pkts: 0

[ATTACK DETECTIONS - Cumulative Events]
  UDP flood events:   0
  UDP-lag events:     0
  SYN flood events:   0
  HTTP flood events:  0
  ICMP flood events:  0
  DNS amp events:     0
  NTP amp events:     0
  SNMP amp events:    0
  SSDP events:        0
  PortMap events:     0
  NetBIOS events:     0
  LDAP events:        10696
  MSSQL events:       0
  TFTP events:        0
  ACK flood events:   0
  Frag attack events: 0
  Heavy-hitter events:10767 (OctoSketch per-IP detection)
  Packet flood events:0
  (Note: Events count IPs exceeding thresholds per 50ms window)

[ALERT STATUS]
  Alert level:        [0mNONE[0m
  Reason:             None

[MULTI-LF (2025) COMPARISON]
=== Detection Performance vs ML-Based System ===

  First Detection Latency:   3425.89 ms (vs MULTI-LF: 866 ms)
    Improvement:             0.3× faster

  Packets until detection:   1106353308
  Bytes until detection:     135675220297 (129389.97 MB)

[OCTOSKETCH METRICS - Optimized Architecture]
=== Per-Worker Sketches + Sampling (1/32 packets) ===

  Architecture:              Per-worker (NO atomics, NO contention)
  Total sketch memory:       8961 KB (14 workers × 640.1 KB)
  Sampling rate:             1 in 32 packets (3.1% overhead)
  Attack traffic sampled:    0 updates
  Estimated attack packets:  0 (×32 sampling factor)
  Sketch overhead:           ~1.56% of fast-path cycles
  Memory efficiency:         O(1) constant, 640.1 KB per worker

[OCTOSKETCH HEAVY-HITTER DETECTION]
=== Top Attackers (per-IP tracking via Count-Min Sketch) ===

  Heavy-hitter threshold:    5000 pps per IP
  Heavy-hitters detected:    0 IPs exceeding threshold
  Total HH detections:       10767 events

  Top 5 Attackers (estimated counts, ×32 sampling):

[RING BUFFER + MULTI-SCALE FEATURES]
=== Temporal Analysis (last 100 windows = 5.0 sec) ===

  Windows processed:         14344
  Buffer utilization:        100/100 (100.0%)
  Running baseline (ML):     0 pps (for ML features only)
  Detection mode:            FIXED THRESHOLDS

  [Temporal Features - Last Window]
    Delta PPS (250ms):       +0
    Delta PPS (500ms):       +0
    PPS Variance:            0
    Ratio vs Baseline:       1.00x

  [Multi-Scale Features]
    Top IP (50ms):           0 pps
    Top IP (1s):             0 pps
    Top IP (1min):           2244 pps
    Burst Ratio (50ms/1min): 0.00x
    IP Concentration:        0.0%

[MULTIPLE DETECTION STATISTICS]
=== Aggregate Detection Analysis ===

  Total detection events:    10696
  Average detection latency: 55.00 ms
  Min detection latency:     53.94 ms
  Max detection latency:     3425.89 ms
  Latency range:             3371.95 ms

  Detection Latency Histogram:
    < 20 ms:  0 detections (0.0%)
    20-30 ms: 0 detections (0.0%)
    30-40 ms: 0 detections (0.0%)
    40-50 ms: 0 detections (0.0%)
    > 50 ms:  10695 detections (100.0%)

[PERFORMANCE METRICS]
  Throughput:         3.56 Gbps (4.81 Mpps)
  Cycles available:   622 cycles/pkt (lower = higher load)
  Active IPs:         0
  Worker threads:     14 (lcores 1-14)

[DPDK NIC STATISTICS]
  RX packets (NIC):   7458107759
  RX dropped (HW):    [0m0[0m (imissed)
  RX no mbufs:        [0m0[0m (buffer exhaustion)
  RX errors:          0
  Total drops:        [0m0 (0.00%)[0m
  RX burst calls:     174353014396 (97.6% empty)
  Processed pkts:     7458110620 (100.0% of NIC RX)


╔═══════════════════════════════════════════════════════════════════════╗
║          MIRA DDoS DETECTOR - STATISTICS (MULTI-CORE)                ║
╚═══════════════════════════════════════════════════════════════════════╝

[PACKET COUNTERS - GLOBAL]
  Total packets:      7498690138
  Baseline (10.10.2.x): 3953811540 (52.7%)
  Attack (10.10.3.x): 1270940828 (16.9%)
  TCP packets:        4021421942
  UDP packets:        3130874686
  ICMP packets:       346393510

[INSTANTANEOUS TRAFFIC - Last 5.0 seconds]
  Baseline (10.10.2.x): 24064871 pkts (100.0%)  2223918402 bytes  3.56 Gbps
  Attack (10.10.3.x): 0 pkts (0.0%)  0 bytes  0.00 Gbps
  Total throughput:   3.56 Gbps  (avg pkt: 92 bytes)

[CUMULATIVE TRAFFIC - Since first packet (775.2s)]
  Total received:     7498690138 pkts (9.67 Mpps) | 8.82 Gbps | 854465381020 bytes

[ATTACK-SPECIFIC COUNTERS]
  SYN packets:        1084987546
  SYN-ACK packets:    542493207
  SYN/ACK ratio:      2.00
  HTTP requests:      1916186982
  DNS queries:        791776049

[PROTOCOL-SPECIFIC COUNTERS - CIC-DDoS-2019 Features]
  NTP Amplification:
    Monlist queries:  0
    Responses:        0  (avg size: 0 bytes)
  DNS Amplification:
    ANY queries:      0
    TXT queries:      0
    Responses:        791776033  (avg size: 108 bytes)
  SNMP Amplification:
    GetBulk requests: 0
    Responses:        0  (avg size: 0 bytes)
  SSDP:
    M-SEARCH packets: 0
    Responses:        20982
  PortMapper:
    GETPORT calls:    0
    DUMP calls:       0
  NetBIOS:
    Name queries:     0
    Datagram packets: 0
  LDAP:
    Bind requests:    0
    Search requests:  1270919846
  MSSQL:
    SQLBatch packets: 0
    RPC packets:      0
  TFTP:
    RRQ (read) pkts:  0
    WRQ (write) pkts: 0

[ATTACK DETECTIONS - Cumulative Events]
  UDP flood events:   0
  UDP-lag events:     0
  SYN flood events:   0
  HTTP flood events:  0
  ICMP flood events:  0
  DNS amp events:     0
  NTP amp events:     0
  SNMP amp events:    0
  SSDP events:        0
  PortMap events:     0
  NetBIOS events:     0
  LDAP events:        10696
  MSSQL events:       0
  TFTP events:        0
  ACK flood events:   0
  Frag attack events: 0
  Heavy-hitter events:10767 (OctoSketch per-IP detection)
  Packet flood events:0
  (Note: Events count IPs exceeding thresholds per 50ms window)

[ALERT STATUS]
  Alert level:        [0mNONE[0m
  Reason:             None

[MULTI-LF (2025) COMPARISON]
=== Detection Performance vs ML-Based System ===

  First Detection Latency:   3425.89 ms (vs MULTI-LF: 866 ms)
    Improvement:             0.3× faster

  Packets until detection:   1106353308
  Bytes until detection:     135675220297 (129389.97 MB)

[OCTOSKETCH METRICS - Optimized Architecture]
=== Per-Worker Sketches + Sampling (1/32 packets) ===

  Architecture:              Per-worker (NO atomics, NO contention)
  Total sketch memory:       8961 KB (14 workers × 640.1 KB)
  Sampling rate:             1 in 32 packets (3.1% overhead)
  Attack traffic sampled:    0 updates
  Estimated attack packets:  0 (×32 sampling factor)
  Sketch overhead:           ~1.56% of fast-path cycles
  Memory efficiency:         O(1) constant, 640.1 KB per worker

[OCTOSKETCH HEAVY-HITTER DETECTION]
=== Top Attackers (per-IP tracking via Count-Min Sketch) ===

  Heavy-hitter threshold:    5000 pps per IP
  Heavy-hitters detected:    0 IPs exceeding threshold
  Total HH detections:       10767 events

  Top 5 Attackers (estimated counts, ×32 sampling):

[RING BUFFER + MULTI-SCALE FEATURES]
=== Temporal Analysis (last 100 windows = 5.0 sec) ===

  Windows processed:         14438
  Buffer utilization:        100/100 (100.0%)
  Running baseline (ML):     0 pps (for ML features only)
  Detection mode:            FIXED THRESHOLDS

  [Temporal Features - Last Window]
    Delta PPS (250ms):       +0
    Delta PPS (500ms):       +0
    PPS Variance:            0
    Ratio vs Baseline:       1.00x

  [Multi-Scale Features]
    Top IP (50ms):           0 pps
    Top IP (1s):             0 pps
    Top IP (1min):           0 pps
    Burst Ratio (50ms/1min): 1.00x
    IP Concentration:        0.0%

[MULTIPLE DETECTION STATISTICS]
=== Aggregate Detection Analysis ===

  Total detection events:    10696
  Average detection latency: 55.00 ms
  Min detection latency:     53.94 ms
  Max detection latency:     3425.89 ms
  Latency range:             3371.95 ms

  Detection Latency Histogram:
    < 20 ms:  0 detections (0.0%)
    20-30 ms: 0 detections (0.0%)
    30-40 ms: 0 detections (0.0%)
    40-50 ms: 0 detections (0.0%)
    > 50 ms:  10695 detections (100.0%)

[PERFORMANCE METRICS]
  Throughput:         3.56 Gbps (4.81 Mpps)
  Cycles available:   621 cycles/pkt (lower = higher load)
  Active IPs:         0
  Worker threads:     14 (lcores 1-14)

[DPDK NIC STATISTICS]
  RX packets (NIC):   7498687313
  RX dropped (HW):    [0m0[0m (imissed)
  RX no mbufs:        [0m0[0m (buffer exhaustion)
  RX errors:          0
  Total drops:        [0m0 (0.00%)[0m
  RX burst calls:     175596233270 (97.6% empty)
  Processed pkts:     7498690138 (100.0% of NIC RX)


╔═══════════════════════════════════════════════════════════════════════╗
║          MIRA DDoS DETECTOR - STATISTICS (MULTI-CORE)                ║
╚═══════════════════════════════════════════════════════════════════════╝

[PACKET COUNTERS - GLOBAL]
  Total packets:      7539234824
  Baseline (10.10.2.x): 3977857119 (52.8%)
  Attack (10.10.3.x): 1270940828 (16.9%)
  TCP packets:        4037642161
  UDP packets:        3152945148
  ICMP packets:       348647515

[INSTANTANEOUS TRAFFIC - Last 5.0 seconds]
  Baseline (10.10.2.x): 24045245 pkts (100.0%)  2222549803 bytes  3.55 Gbps
  Attack (10.10.3.x): 0 pkts (0.0%)  0 bytes  0.00 Gbps
  Total throughput:   3.55 Gbps  (avg pkt: 92 bytes)

[CUMULATIVE TRAFFIC - Since first packet (780.2s)]
  Total received:     7539234824 pkts (9.66 Mpps) | 8.81 Gbps | 859021745960 bytes

[ATTACK-SPECIFIC COUNTERS]
  SYN packets:        1089380411
  SYN-ACK packets:    544689640
  SYN/ACK ratio:      2.00
  HTTP requests:      1923791123
  DNS queries:        801910073

[PROTOCOL-SPECIFIC COUNTERS - CIC-DDoS-2019 Features]
  NTP Amplification:
    Monlist queries:  0
    Responses:        0  (avg size: 0 bytes)
  DNS Amplification:
    ANY queries:      0
    TXT queries:      0
    Responses:        801910055  (avg size: 108 bytes)
  SNMP Amplification:
    GetBulk requests: 0
    Responses:        0  (avg size: 0 bytes)
  SSDP:
    M-SEARCH packets: 0
    Responses:        20982
  PortMapper:
    GETPORT calls:    0
    DUMP calls:       0
  NetBIOS:
    Name queries:     0
    Datagram packets: 0
  LDAP:
    Bind requests:    0
    Search requests:  1270919846
  MSSQL:
    SQLBatch packets: 0
    RPC packets:      0
  TFTP:
    RRQ (read) pkts:  0
    WRQ (write) pkts: 0

[ATTACK DETECTIONS - Cumulative Events]
  UDP flood events:   0
  UDP-lag events:     0
  SYN flood events:   0
  HTTP flood events:  0
  ICMP flood events:  0
  DNS amp events:     0
  NTP amp events:     0
  SNMP amp events:    0
  SSDP events:        0
  PortMap events:     0
  NetBIOS events:     0
  LDAP events:        10696
  MSSQL events:       0
  TFTP events:        0
  ACK flood events:   0
  Frag attack events: 0
  Heavy-hitter events:10767 (OctoSketch per-IP detection)
  Packet flood events:0
  (Note: Events count IPs exceeding thresholds per 50ms window)

[ALERT STATUS]
  Alert level:        [0mNONE[0m
  Reason:             None

[MULTI-LF (2025) COMPARISON]
=== Detection Performance vs ML-Based System ===

  First Detection Latency:   3425.89 ms (vs MULTI-LF: 866 ms)
    Improvement:             0.3× faster

  Packets until detection:   1106353308
  Bytes until detection:     135675220297 (129389.97 MB)

[OCTOSKETCH METRICS - Optimized Architecture]
=== Per-Worker Sketches + Sampling (1/32 packets) ===

  Architecture:              Per-worker (NO atomics, NO contention)
  Total sketch memory:       8961 KB (14 workers × 640.1 KB)
  Sampling rate:             1 in 32 packets (3.1% overhead)
  Attack traffic sampled:    0 updates
  Estimated attack packets:  0 (×32 sampling factor)
  Sketch overhead:           ~1.56% of fast-path cycles
  Memory efficiency:         O(1) constant, 640.1 KB per worker

[OCTOSKETCH HEAVY-HITTER DETECTION]
=== Top Attackers (per-IP tracking via Count-Min Sketch) ===

  Heavy-hitter threshold:    5000 pps per IP
  Heavy-hitters detected:    0 IPs exceeding threshold
  Total HH detections:       10767 events

  Top 5 Attackers (estimated counts, ×32 sampling):

[RING BUFFER + MULTI-SCALE FEATURES]
=== Temporal Analysis (last 100 windows = 5.0 sec) ===

  Windows processed:         14531
  Buffer utilization:        100/100 (100.0%)
  Running baseline (ML):     0 pps (for ML features only)
  Detection mode:            FIXED THRESHOLDS

  [Temporal Features - Last Window]
    Delta PPS (250ms):       +0
    Delta PPS (500ms):       +0
    PPS Variance:            0
    Ratio vs Baseline:       1.00x

  [Multi-Scale Features]
    Top IP (50ms):           0 pps
    Top IP (1s):             0 pps
    Top IP (1min):           0 pps
    Burst Ratio (50ms/1min): 1.00x
    IP Concentration:        0.0%

[MULTIPLE DETECTION STATISTICS]
=== Aggregate Detection Analysis ===

  Total detection events:    10696
  Average detection latency: 55.00 ms
  Min detection latency:     53.94 ms
  Max detection latency:     3425.89 ms
  Latency range:             3371.95 ms

  Detection Latency Histogram:
    < 20 ms:  0 detections (0.0%)
    20-30 ms: 0 detections (0.0%)
    30-40 ms: 0 detections (0.0%)
    40-50 ms: 0 detections (0.0%)
    > 50 ms:  10695 detections (100.0%)

[PERFORMANCE METRICS]
  Throughput:         3.55 Gbps (4.81 Mpps)
  Cycles available:   622 cycles/pkt (lower = higher load)
  Active IPs:         0
  Worker threads:     14 (lcores 1-14)

[DPDK NIC STATISTICS]
  RX packets (NIC):   7539232069
  RX dropped (HW):    [0m0[0m (imissed)
  RX no mbufs:        [0m0[0m (buffer exhaustion)
  RX errors:          0
  Total drops:        [0m0 (0.00%)[0m
  RX burst calls:     176837788489 (97.6% empty)
  Processed pkts:     7539234824 (100.0% of NIC RX)


╔═══════════════════════════════════════════════════════════════════════╗
║          MIRA DDoS DETECTOR - STATISTICS (MULTI-CORE)                ║
╚═══════════════════════════════════════════════════════════════════════╝

[PACKET COUNTERS - GLOBAL]
  Total packets:      7579868316
  Baseline (10.10.2.x): 4001954385 (52.8%)
  Attack (10.10.3.x): 1270940828 (16.8%)
  TCP packets:        4053896622
  UDP packets:        3175061950
  ICMP packets:       350909744

[INSTANTANEOUS TRAFFIC - Last 5.0 seconds]
  Baseline (10.10.2.x): 24096874 pkts (100.0%)  2227042024 bytes  3.56 Gbps
  Attack (10.10.3.x): 0 pkts (0.0%)  0 bytes  0.00 Gbps
  Total throughput:   3.56 Gbps  (avg pkt: 92 bytes)

[CUMULATIVE TRAFFIC - Since first packet (785.2s)]
  Total received:     7579868316 pkts (9.65 Mpps) | 8.80 Gbps | 863587653572 bytes

[ATTACK-SPECIFIC COUNTERS]
  SYN packets:        1093782767
  SYN-ACK packets:    546890814
  SYN/ACK ratio:      2.00
  HTTP requests:      1931409696
  DNS queries:        812066589

[PROTOCOL-SPECIFIC COUNTERS - CIC-DDoS-2019 Features]
  NTP Amplification:
    Monlist queries:  0
    Responses:        0  (avg size: 0 bytes)
  DNS Amplification:
    ANY queries:      0
    TXT queries:      0
    Responses:        812066571  (avg size: 108 bytes)
  SNMP Amplification:
    GetBulk requests: 0
    Responses:        0  (avg size: 0 bytes)
  SSDP:
    M-SEARCH packets: 0
    Responses:        20982
  PortMapper:
    GETPORT calls:    0
    DUMP calls:       0
  NetBIOS:
    Name queries:     0
    Datagram packets: 0
  LDAP:
    Bind requests:    0
    Search requests:  1270919846
  MSSQL:
    SQLBatch packets: 0
    RPC packets:      0
  TFTP:
    RRQ (read) pkts:  0
    WRQ (write) pkts: 0

[ATTACK DETECTIONS - Cumulative Events]
  UDP flood events:   0
  UDP-lag events:     0
  SYN flood events:   0
  HTTP flood events:  0
  ICMP flood events:  0
  DNS amp events:     0
  NTP amp events:     0
  SNMP amp events:    0
  SSDP events:        0
  PortMap events:     0
  NetBIOS events:     0
  LDAP events:        10696
  MSSQL events:       0
  TFTP events:        0
  ACK flood events:   0
  Frag attack events: 0
  Heavy-hitter events:10767 (OctoSketch per-IP detection)
  Packet flood events:0
  (Note: Events count IPs exceeding thresholds per 50ms window)

[ALERT STATUS]
  Alert level:        [0mNONE[0m
  Reason:             None

[MULTI-LF (2025) COMPARISON]
=== Detection Performance vs ML-Based System ===

  First Detection Latency:   3425.89 ms (vs MULTI-LF: 866 ms)
    Improvement:             0.3× faster

  Packets until detection:   1106353308
  Bytes until detection:     135675220297 (129389.97 MB)

[OCTOSKETCH METRICS - Optimized Architecture]
=== Per-Worker Sketches + Sampling (1/32 packets) ===

  Architecture:              Per-worker (NO atomics, NO contention)
  Total sketch memory:       8961 KB (14 workers × 640.1 KB)
  Sampling rate:             1 in 32 packets (3.1% overhead)
  Attack traffic sampled:    0 updates
  Estimated attack packets:  0 (×32 sampling factor)
  Sketch overhead:           ~1.56% of fast-path cycles
  Memory efficiency:         O(1) constant, 640.1 KB per worker

[OCTOSKETCH HEAVY-HITTER DETECTION]
=== Top Attackers (per-IP tracking via Count-Min Sketch) ===

  Heavy-hitter threshold:    5000 pps per IP
  Heavy-hitters detected:    0 IPs exceeding threshold
  Total HH detections:       10767 events

  Top 5 Attackers (estimated counts, ×32 sampling):

[RING BUFFER + MULTI-SCALE FEATURES]
=== Temporal Analysis (last 100 windows = 5.0 sec) ===

  Windows processed:         14624
  Buffer utilization:        100/100 (100.0%)
  Running baseline (ML):     0 pps (for ML features only)
  Detection mode:            FIXED THRESHOLDS

  [Temporal Features - Last Window]
    Delta PPS (250ms):       +0
    Delta PPS (500ms):       +0
    PPS Variance:            0
    Ratio vs Baseline:       1.00x

  [Multi-Scale Features]
    Top IP (50ms):           0 pps
    Top IP (1s):             0 pps
    Top IP (1min):           0 pps
    Burst Ratio (50ms/1min): 1.00x
    IP Concentration:        0.0%

[MULTIPLE DETECTION STATISTICS]
=== Aggregate Detection Analysis ===

  Total detection events:    10696
  Average detection latency: 55.00 ms
  Min detection latency:     53.94 ms
  Max detection latency:     3425.89 ms
  Latency range:             3371.95 ms

  Detection Latency Histogram:
    < 20 ms:  0 detections (0.0%)
    20-30 ms: 0 detections (0.0%)
    30-40 ms: 0 detections (0.0%)
    40-50 ms: 0 detections (0.0%)
    > 50 ms:  10695 detections (100.0%)

[PERFORMANCE METRICS]
  Throughput:         3.56 Gbps (4.81 Mpps)
  Cycles available:   622 cycles/pkt (lower = higher load)
  Active IPs:         0
  Worker threads:     14 (lcores 1-14)

[DPDK NIC STATISTICS]
  RX packets (NIC):   7579865311
  RX dropped (HW):    [0m0[0m (imissed)
  RX no mbufs:        [0m0[0m (buffer exhaustion)
  RX errors:          0
  Total drops:        [0m0 (0.00%)[0m
  RX burst calls:     178082014768 (97.6% empty)
  Processed pkts:     7579868316 (100.0% of NIC RX)


╔═══════════════════════════════════════════════════════════════════════╗
║          MIRA DDoS DETECTOR - STATISTICS (MULTI-CORE)                ║
╚═══════════════════════════════════════════════════════════════════════╝

[PACKET COUNTERS - GLOBAL]
  Total packets:      7620526236
  Baseline (10.10.2.x): 4026064958 (52.8%)
  Attack (10.10.3.x): 1270940828 (16.7%)
  TCP packets:        4070156126
  UDP packets:        3197197537
  ICMP packets:       353172573

[INSTANTANEOUS TRAFFIC - Last 5.0 seconds]
  Baseline (10.10.2.x): 25830271 pkts (100.0%)  2228122792 bytes  3.56 Gbps
  Attack (10.10.3.x): 0 pkts (0.0%)  0 bytes  0.00 Gbps
  Total throughput:   3.56 Gbps  (avg pkt: 86 bytes)

[CUMULATIVE TRAFFIC - Since first packet (790.2s)]
  Total received:     7620526236 pkts (9.64 Mpps) | 8.79 Gbps | 868155926747 bytes

[ATTACK-SPECIFIC COUNTERS]
  SYN packets:        1098186531
  SYN-ACK packets:    549092693
  SYN/ACK ratio:      2.00
  HTTP requests:      1939030409
  DNS queries:        822232364

[PROTOCOL-SPECIFIC COUNTERS - CIC-DDoS-2019 Features]
  NTP Amplification:
    Monlist queries:  0
    Responses:        0  (avg size: 0 bytes)
  DNS Amplification:
    ANY queries:      0
    TXT queries:      0
    Responses:        822232349  (avg size: 108 bytes)
  SNMP Amplification:
    GetBulk requests: 0
    Responses:        0  (avg size: 0 bytes)
  SSDP:
    M-SEARCH packets: 0
    Responses:        20982
  PortMapper:
    GETPORT calls:    0
    DUMP calls:       0
  NetBIOS:
    Name queries:     0
    Datagram packets: 0
  LDAP:
    Bind requests:    0
    Search requests:  1270919846
  MSSQL:
    SQLBatch packets: 0
    RPC packets:      0
  TFTP:
    RRQ (read) pkts:  0
    WRQ (write) pkts: 0

[ATTACK DETECTIONS - Cumulative Events]
  UDP flood events:   0
  UDP-lag events:     0
  SYN flood events:   0
  HTTP flood events:  0
  ICMP flood events:  0
  DNS amp events:     0
  NTP amp events:     0
  SNMP amp events:    0
  SSDP events:        0
  PortMap events:     0
  NetBIOS events:     0
  LDAP events:        10696
  MSSQL events:       0
  TFTP events:        0
  ACK flood events:   0
  Frag attack events: 0
  Heavy-hitter events:10767 (OctoSketch per-IP detection)
  Packet flood events:0
  (Note: Events count IPs exceeding thresholds per 50ms window)

[ALERT STATUS]
  Alert level:        [0mNONE[0m
  Reason:             None

[MULTI-LF (2025) COMPARISON]
=== Detection Performance vs ML-Based System ===

  First Detection Latency:   3425.89 ms (vs MULTI-LF: 866 ms)
    Improvement:             0.3× faster

  Packets until detection:   1106353308
  Bytes until detection:     135675220297 (129389.97 MB)

[OCTOSKETCH METRICS - Optimized Architecture]
=== Per-Worker Sketches + Sampling (1/32 packets) ===

  Architecture:              Per-worker (NO atomics, NO contention)
  Total sketch memory:       8961 KB (14 workers × 640.1 KB)
  Sampling rate:             1 in 32 packets (3.1% overhead)
  Attack traffic sampled:    0 updates
  Estimated attack packets:  0 (×32 sampling factor)
  Sketch overhead:           ~1.56% of fast-path cycles
  Memory efficiency:         O(1) constant, 640.1 KB per worker

[OCTOSKETCH HEAVY-HITTER DETECTION]
=== Top Attackers (per-IP tracking via Count-Min Sketch) ===

  Heavy-hitter threshold:    5000 pps per IP
  Heavy-hitters detected:    0 IPs exceeding threshold
  Total HH detections:       10767 events

  Top 5 Attackers (estimated counts, ×32 sampling):

[RING BUFFER + MULTI-SCALE FEATURES]
=== Temporal Analysis (last 100 windows = 5.0 sec) ===

  Windows processed:         14718
  Buffer utilization:        100/100 (100.0%)
  Running baseline (ML):     0 pps (for ML features only)
  Detection mode:            FIXED THRESHOLDS

  [Temporal Features - Last Window]
    Delta PPS (250ms):       +0
    Delta PPS (500ms):       +0
    PPS Variance:            0
    Ratio vs Baseline:       1.00x

  [Multi-Scale Features]
    Top IP (50ms):           0 pps
    Top IP (1s):             0 pps
    Top IP (1min):           0 pps
    Burst Ratio (50ms/1min): 1.00x
    IP Concentration:        0.0%

[MULTIPLE DETECTION STATISTICS]
=== Aggregate Detection Analysis ===

  Total detection events:    10696
  Average detection latency: 55.00 ms
  Min detection latency:     53.94 ms
  Max detection latency:     3425.89 ms
  Latency range:             3371.95 ms

  Detection Latency Histogram:
    < 20 ms:  0 detections (0.0%)
    20-30 ms: 0 detections (0.0%)
    30-40 ms: 0 detections (0.0%)
    40-50 ms: 0 detections (0.0%)
    > 50 ms:  10695 detections (100.0%)

[PERFORMANCE METRICS]
  Throughput:         3.56 Gbps (5.16 Mpps)
  Cycles available:   580 cycles/pkt (lower = higher load)
  Active IPs:         0
  Worker threads:     14 (lcores 1-14)

[DPDK NIC STATISTICS]
  RX packets (NIC):   7620523468
  RX dropped (HW):    [0m0[0m (imissed)
  RX no mbufs:        [0m0[0m (buffer exhaustion)
  RX errors:          0
  Total drops:        [0m0 (0.00%)[0m
  RX burst calls:     179326226307 (97.6% empty)
  Processed pkts:     7620526236 (100.0% of NIC RX)


╔═══════════════════════════════════════════════════════════════════════╗
║          MIRA DDoS DETECTOR - STATISTICS (MULTI-CORE)                ║
╚═══════════════════════════════════════════════════════════════════════╝

[PACKET COUNTERS - GLOBAL]
  Total packets:      7661089436
  Baseline (10.10.2.x): 4050119786 (52.9%)
  Attack (10.10.3.x): 1270940828 (16.6%)
  TCP packets:        4086382346
  UDP packets:        3219276339
  ICMP packets:       355430751

[INSTANTANEOUS TRAFFIC - Last 5.0 seconds]
  Baseline (10.10.2.x): 24054384 pkts (100.0%)  2222913129 bytes  3.55 Gbps
  Attack (10.10.3.x): 0 pkts (0.0%)  0 bytes  0.00 Gbps
  Total throughput:   3.55 Gbps  (avg pkt: 92 bytes)

[CUMULATIVE TRAFFIC - Since first packet (795.2s)]
  Total received:     7661089436 pkts (9.63 Mpps) | 8.78 Gbps | 872713754198 bytes

[ATTACK-SPECIFIC COUNTERS]
  SYN packets:        1102581125
  SYN-ACK packets:    551289994
  SYN/ACK ratio:      2.00
  HTTP requests:      1946636598
  DNS queries:        832371887

[PROTOCOL-SPECIFIC COUNTERS - CIC-DDoS-2019 Features]
  NTP Amplification:
    Monlist queries:  0
    Responses:        0  (avg size: 0 bytes)
  DNS Amplification:
    ANY queries:      0
    TXT queries:      0
    Responses:        832371870  (avg size: 108 bytes)
  SNMP Amplification:
    GetBulk requests: 0
    Responses:        0  (avg size: 0 bytes)
  SSDP:
    M-SEARCH packets: 0
    Responses:        20982
  PortMapper:
    GETPORT calls:    0
    DUMP calls:       0
  NetBIOS:
    Name queries:     0
    Datagram packets: 0
  LDAP:
    Bind requests:    0
    Search requests:  1270919846
  MSSQL:
    SQLBatch packets: 0
    RPC packets:      0
  TFTP:
    RRQ (read) pkts:  0
    WRQ (write) pkts: 0

[ATTACK DETECTIONS - Cumulative Events]
  UDP flood events:   0
  UDP-lag events:     0
  SYN flood events:   0
  HTTP flood events:  0
  ICMP flood events:  0
  DNS amp events:     0
  NTP amp events:     0
  SNMP amp events:    0
  SSDP events:        0
  PortMap events:     0
  NetBIOS events:     0
  LDAP events:        10696
  MSSQL events:       0
  TFTP events:        0
  ACK flood events:   0
  Frag attack events: 0
  Heavy-hitter events:10767 (OctoSketch per-IP detection)
  Packet flood events:0
  (Note: Events count IPs exceeding thresholds per 50ms window)

[ALERT STATUS]
  Alert level:        [0mNONE[0m
  Reason:             None

[MULTI-LF (2025) COMPARISON]
=== Detection Performance vs ML-Based System ===

  First Detection Latency:   3425.89 ms (vs MULTI-LF: 866 ms)
    Improvement:             0.3× faster

  Packets until detection:   1106353308
  Bytes until detection:     135675220297 (129389.97 MB)

[OCTOSKETCH METRICS - Optimized Architecture]
=== Per-Worker Sketches + Sampling (1/32 packets) ===

  Architecture:              Per-worker (NO atomics, NO contention)
  Total sketch memory:       8961 KB (14 workers × 640.1 KB)
  Sampling rate:             1 in 32 packets (3.1% overhead)
  Attack traffic sampled:    0 updates
  Estimated attack packets:  0 (×32 sampling factor)
  Sketch overhead:           ~1.56% of fast-path cycles
  Memory efficiency:         O(1) constant, 640.1 KB per worker

[OCTOSKETCH HEAVY-HITTER DETECTION]
=== Top Attackers (per-IP tracking via Count-Min Sketch) ===

  Heavy-hitter threshold:    5000 pps per IP
  Heavy-hitters detected:    0 IPs exceeding threshold
  Total HH detections:       10767 events

  Top 5 Attackers (estimated counts, ×32 sampling):

[RING BUFFER + MULTI-SCALE FEATURES]
=== Temporal Analysis (last 100 windows = 5.0 sec) ===

  Windows processed:         14811
  Buffer utilization:        100/100 (100.0%)
  Running baseline (ML):     0 pps (for ML features only)
  Detection mode:            FIXED THRESHOLDS

  [Temporal Features - Last Window]
    Delta PPS (250ms):       +0
    Delta PPS (500ms):       +0
    PPS Variance:            0
    Ratio vs Baseline:       1.00x

  [Multi-Scale Features]
    Top IP (50ms):           0 pps
    Top IP (1s):             0 pps
    Top IP (1min):           0 pps
    Burst Ratio (50ms/1min): 1.00x
    IP Concentration:        0.0%

[MULTIPLE DETECTION STATISTICS]
=== Aggregate Detection Analysis ===

  Total detection events:    10696
  Average detection latency: 55.00 ms
  Min detection latency:     53.94 ms
  Max detection latency:     3425.89 ms
  Latency range:             3371.95 ms

  Detection Latency Histogram:
    < 20 ms:  0 detections (0.0%)
    20-30 ms: 0 detections (0.0%)
    30-40 ms: 0 detections (0.0%)
    40-50 ms: 0 detections (0.0%)
    > 50 ms:  10695 detections (100.0%)

[PERFORMANCE METRICS]
  Throughput:         3.55 Gbps (4.81 Mpps)
  Cycles available:   622 cycles/pkt (lower = higher load)
  Active IPs:         0
  Worker threads:     14 (lcores 1-14)

[DPDK NIC STATISTICS]
  RX packets (NIC):   7661086707
  RX dropped (HW):    [0m0[0m (imissed)
  RX no mbufs:        [0m0[0m (buffer exhaustion)
  RX errors:          0
  Total drops:        [0m0 (0.00%)[0m
  RX burst calls:     180567770613 (97.6% empty)
  Processed pkts:     7661089436 (100.0% of NIC RX)


╔═══════════════════════════════════════════════════════════════════════╗
║          MIRA DDoS DETECTOR - STATISTICS (MULTI-CORE)                ║
╚═══════════════════════════════════════════════════════════════════════╝

[PACKET COUNTERS - GLOBAL]
  Total packets:      7701731996
  Baseline (10.10.2.x): 4074222889 (52.9%)
  Attack (10.10.3.x): 1270940828 (16.5%)
  TCP packets:        4102642596
  UDP packets:        3241400371
  ICMP packets:       357689029

[INSTANTANEOUS TRAFFIC - Last 5.0 seconds]
  Baseline (10.10.2.x): 25812725 pkts (100.0%)  2227552889 bytes  3.56 Gbps
  Attack (10.10.3.x): 0 pkts (0.0%)  0 bytes  0.00 Gbps
  Total throughput:   3.56 Gbps  (avg pkt: 86 bytes)

[CUMULATIVE TRAFFIC - Since first packet (800.2s)]
  Total received:     7701731996 pkts (9.62 Mpps) | 8.77 Gbps | 877280688757 bytes

[ATTACK-SPECIFIC COUNTERS]
  SYN packets:        1106985109
  SYN-ACK packets:    553491980
  SYN/ACK ratio:      2.00
  HTTP requests:      1954257592
  DNS queries:        842531827

[PROTOCOL-SPECIFIC COUNTERS - CIC-DDoS-2019 Features]
  NTP Amplification:
    Monlist queries:  0
    Responses:        0  (avg size: 0 bytes)
  DNS Amplification:
    ANY queries:      0
    TXT queries:      0
    Responses:        842531812  (avg size: 108 bytes)
  SNMP Amplification:
    GetBulk requests: 0
    Responses:        0  (avg size: 0 bytes)
  SSDP:
    M-SEARCH packets: 0
    Responses:        20982
  PortMapper:
    GETPORT calls:    0
    DUMP calls:       0
  NetBIOS:
    Name queries:     0
    Datagram packets: 0
  LDAP:
    Bind requests:    0
    Search requests:  1270919846
  MSSQL:
    SQLBatch packets: 0
    RPC packets:      0
  TFTP:
    RRQ (read) pkts:  0
    WRQ (write) pkts: 0

[ATTACK DETECTIONS - Cumulative Events]
  UDP flood events:   0
  UDP-lag events:     0
  SYN flood events:   0
  HTTP flood events:  0
  ICMP flood events:  0
  DNS amp events:     0
  NTP amp events:     0
  SNMP amp events:    0
  SSDP events:        0
  PortMap events:     0
  NetBIOS events:     0
  LDAP events:        10696
  MSSQL events:       0
  TFTP events:        0
  ACK flood events:   0
  Frag attack events: 0
  Heavy-hitter events:10767 (OctoSketch per-IP detection)
  Packet flood events:0
  (Note: Events count IPs exceeding thresholds per 50ms window)

[ALERT STATUS]
  Alert level:        [0mNONE[0m
  Reason:             None

[MULTI-LF (2025) COMPARISON]
=== Detection Performance vs ML-Based System ===

  First Detection Latency:   3425.89 ms (vs MULTI-LF: 866 ms)
    Improvement:             0.3× faster

  Packets until detection:   1106353308
  Bytes until detection:     135675220297 (129389.97 MB)

[OCTOSKETCH METRICS - Optimized Architecture]
=== Per-Worker Sketches + Sampling (1/32 packets) ===

  Architecture:              Per-worker (NO atomics, NO contention)
  Total sketch memory:       8961 KB (14 workers × 640.1 KB)
  Sampling rate:             1 in 32 packets (3.1% overhead)
  Attack traffic sampled:    0 updates
  Estimated attack packets:  0 (×32 sampling factor)
  Sketch overhead:           ~1.56% of fast-path cycles
  Memory efficiency:         O(1) constant, 640.1 KB per worker

[OCTOSKETCH HEAVY-HITTER DETECTION]
=== Top Attackers (per-IP tracking via Count-Min Sketch) ===

  Heavy-hitter threshold:    5000 pps per IP
  Heavy-hitters detected:    0 IPs exceeding threshold
  Total HH detections:       10767 events

  Top 5 Attackers (estimated counts, ×32 sampling):

[RING BUFFER + MULTI-SCALE FEATURES]
=== Temporal Analysis (last 100 windows = 5.0 sec) ===

  Windows processed:         14904
  Buffer utilization:        100/100 (100.0%)
  Running baseline (ML):     0 pps (for ML features only)
  Detection mode:            FIXED THRESHOLDS

  [Temporal Features - Last Window]
    Delta PPS (250ms):       +0
    Delta PPS (500ms):       +0
    PPS Variance:            0
    Ratio vs Baseline:       1.00x

  [Multi-Scale Features]
    Top IP (50ms):           0 pps
    Top IP (1s):             0 pps
    Top IP (1min):           0 pps
    Burst Ratio (50ms/1min): 1.00x
    IP Concentration:        0.0%

[MULTIPLE DETECTION STATISTICS]
=== Aggregate Detection Analysis ===

  Total detection events:    10696
  Average detection latency: 55.00 ms
  Min detection latency:     53.94 ms
  Max detection latency:     3425.89 ms
  Latency range:             3371.95 ms

  Detection Latency Histogram:
    < 20 ms:  0 detections (0.0%)
    20-30 ms: 0 detections (0.0%)
    30-40 ms: 0 detections (0.0%)
    40-50 ms: 0 detections (0.0%)
    > 50 ms:  10695 detections (100.0%)

[PERFORMANCE METRICS]
  Throughput:         3.56 Gbps (5.15 Mpps)
  Cycles available:   580 cycles/pkt (lower = higher load)
  Active IPs:         0
  Worker threads:     14 (lcores 1-14)

[DPDK NIC STATISTICS]
  RX packets (NIC):   7701729050
  RX dropped (HW):    [0m0[0m (imissed)
  RX no mbufs:        [0m0[0m (buffer exhaustion)
  RX errors:          0
  Total drops:        [0m0 (0.00%)[0m
  RX burst calls:     181811816389 (97.6% empty)
  Processed pkts:     7701731996 (100.0% of NIC RX)


╔═══════════════════════════════════════════════════════════════════════╗
║          MIRA DDoS DETECTOR - STATISTICS (MULTI-CORE)                ║
╚═══════════════════════════════════════════════════════════════════════╝

[PACKET COUNTERS - GLOBAL]
  Total packets:      7742378140
  Baseline (10.10.2.x): 4098327216 (52.9%)
  Attack (10.10.3.x): 1270940828 (16.4%)
  TCP packets:        4118896106
  UDP packets:        3263531461
  ICMP packets:       359950573

[INSTANTANEOUS TRAFFIC - Last 5.0 seconds]
  Baseline (10.10.2.x): 24104018 pkts (100.0%)  2227871065 bytes  3.56 Gbps
  Attack (10.10.3.x): 0 pkts (0.0%)  0 bytes  0.00 Gbps
  Total throughput:   3.56 Gbps  (avg pkt: 92 bytes)

[CUMULATIVE TRAFFIC - Since first packet (805.2s)]
  Total received:     7742378140 pkts (9.62 Mpps) | 8.76 Gbps | 881847981048 bytes

[ATTACK-SPECIFIC COUNTERS]
  SYN packets:        1111387170
  SYN-ACK packets:    555693011
  SYN/ACK ratio:      2.00
  HTTP requests:      1961876061
  DNS queries:        852694464

[PROTOCOL-SPECIFIC COUNTERS - CIC-DDoS-2019 Features]
  NTP Amplification:
    Monlist queries:  0
    Responses:        0  (avg size: 0 bytes)
  DNS Amplification:
    ANY queries:      0
    TXT queries:      0
    Responses:        852694454  (avg size: 108 bytes)
  SNMP Amplification:
    GetBulk requests: 0
    Responses:        0  (avg size: 0 bytes)
  SSDP:
    M-SEARCH packets: 0
    Responses:        20982
  PortMapper:
    GETPORT calls:    0
    DUMP calls:       0
  NetBIOS:
    Name queries:     0
    Datagram packets: 0
  LDAP:
    Bind requests:    0
    Search requests:  1270919846
  MSSQL:
    SQLBatch packets: 0
    RPC packets:      0
  TFTP:
    RRQ (read) pkts:  0
    WRQ (write) pkts: 0

[ATTACK DETECTIONS - Cumulative Events]
  UDP flood events:   0
  UDP-lag events:     0
  SYN flood events:   0
  HTTP flood events:  0
  ICMP flood events:  0
  DNS amp events:     0
  NTP amp events:     0
  SNMP amp events:    0
  SSDP events:        0
  PortMap events:     0
  NetBIOS events:     0
  LDAP events:        10696
  MSSQL events:       0
  TFTP events:        0
  ACK flood events:   0
  Frag attack events: 0
  Heavy-hitter events:10767 (OctoSketch per-IP detection)
  Packet flood events:0
  (Note: Events count IPs exceeding thresholds per 50ms window)

[ALERT STATUS]
  Alert level:        [0mNONE[0m
  Reason:             None

[MULTI-LF (2025) COMPARISON]
=== Detection Performance vs ML-Based System ===

  First Detection Latency:   3425.89 ms (vs MULTI-LF: 866 ms)
    Improvement:             0.3× faster

  Packets until detection:   1106353308
  Bytes until detection:     135675220297 (129389.97 MB)

[OCTOSKETCH METRICS - Optimized Architecture]
=== Per-Worker Sketches + Sampling (1/32 packets) ===

  Architecture:              Per-worker (NO atomics, NO contention)
  Total sketch memory:       8961 KB (14 workers × 640.1 KB)
  Sampling rate:             1 in 32 packets (3.1% overhead)
  Attack traffic sampled:    0 updates
  Estimated attack packets:  0 (×32 sampling factor)
  Sketch overhead:           ~1.56% of fast-path cycles
  Memory efficiency:         O(1) constant, 640.1 KB per worker

[OCTOSKETCH HEAVY-HITTER DETECTION]
=== Top Attackers (per-IP tracking via Count-Min Sketch) ===

  Heavy-hitter threshold:    5000 pps per IP
  Heavy-hitters detected:    0 IPs exceeding threshold
  Total HH detections:       10767 events

  Top 5 Attackers (estimated counts, ×32 sampling):

[RING BUFFER + MULTI-SCALE FEATURES]
=== Temporal Analysis (last 100 windows = 5.0 sec) ===

  Windows processed:         14998
  Buffer utilization:        100/100 (100.0%)
  Running baseline (ML):     0 pps (for ML features only)
  Detection mode:            FIXED THRESHOLDS

  [Temporal Features - Last Window]
    Delta PPS (250ms):       +0
    Delta PPS (500ms):       +0
    PPS Variance:            0
    Ratio vs Baseline:       1.00x

  [Multi-Scale Features]
    Top IP (50ms):           0 pps
    Top IP (1s):             0 pps
    Top IP (1min):           0 pps
    Burst Ratio (50ms/1min): 1.00x
    IP Concentration:        0.0%

[MULTIPLE DETECTION STATISTICS]
=== Aggregate Detection Analysis ===

  Total detection events:    10696
  Average detection latency: 55.00 ms
  Min detection latency:     53.94 ms
  Max detection latency:     3425.89 ms
  Latency range:             3371.95 ms

  Detection Latency Histogram:
    < 20 ms:  0 detections (0.0%)
    20-30 ms: 0 detections (0.0%)
    30-40 ms: 0 detections (0.0%)
    40-50 ms: 0 detections (0.0%)
    > 50 ms:  10695 detections (100.0%)

[PERFORMANCE METRICS]
  Throughput:         3.56 Gbps (4.81 Mpps)
  Cycles available:   621 cycles/pkt (lower = higher load)
  Active IPs:         0
  Worker threads:     14 (lcores 1-14)

[DPDK NIC STATISTICS]
  RX packets (NIC):   7742375328
  RX dropped (HW):    [0m0[0m (imissed)
  RX no mbufs:        [0m0[0m (buffer exhaustion)
  RX errors:          0
  Total drops:        [0m0 (0.00%)[0m
  RX burst calls:     183056354408 (97.6% empty)
  Processed pkts:     7742378140 (100.0% of NIC RX)


╔═══════════════════════════════════════════════════════════════════════╗
║          MIRA DDoS DETECTOR - STATISTICS (MULTI-CORE)                ║
╚═══════════════════════════════════════════════════════════════════════╝

[PACKET COUNTERS - GLOBAL]
  Total packets:      7782911684
  Baseline (10.10.2.x): 4122364915 (53.0%)
  Attack (10.10.3.x): 1270940828 (16.3%)
  TCP packets:        4135109102
  UDP packets:        3285596893
  ICMP packets:       362205689

[INSTANTANEOUS TRAFFIC - Last 5.0 seconds]
  Baseline (10.10.2.x): 25781626 pkts (100.0%)  2221547461 bytes  3.55 Gbps
  Attack (10.10.3.x): 0 pkts (0.0%)  0 bytes  0.00 Gbps
  Total throughput:   3.55 Gbps  (avg pkt: 86 bytes)

[CUMULATIVE TRAFFIC - Since first packet (810.2s)]
  Total received:     7782911684 pkts (9.61 Mpps) | 8.75 Gbps | 886402683380 bytes

[ATTACK-SPECIFIC COUNTERS]
  SYN packets:        1115778233
  SYN-ACK packets:    557888538
  SYN/ACK ratio:      2.00
  HTTP requests:      1969475732
  DNS queries:        862827367

[PROTOCOL-SPECIFIC COUNTERS - CIC-DDoS-2019 Features]
  NTP Amplification:
    Monlist queries:  0
    Responses:        0  (avg size: 0 bytes)
  DNS Amplification:
    ANY queries:      0
    TXT queries:      0
    Responses:        862827358  (avg size: 108 bytes)
  SNMP Amplification:
    GetBulk requests: 0
    Responses:        0  (avg size: 0 bytes)
  SSDP:
    M-SEARCH packets: 0
    Responses:        20982
  PortMapper:
    GETPORT calls:    0
    DUMP calls:       0
  NetBIOS:
    Name queries:     0
    Datagram packets: 0
  LDAP:
    Bind requests:    0
    Search requests:  1270919846
  MSSQL:
    SQLBatch packets: 0
    RPC packets:      0
  TFTP:
    RRQ (read) pkts:  0
    WRQ (write) pkts: 0

[ATTACK DETECTIONS - Cumulative Events]
  UDP flood events:   0
  UDP-lag events:     0
  SYN flood events:   0
  HTTP flood events:  0
  ICMP flood events:  0
  DNS amp events:     0
  NTP amp events:     0
  SNMP amp events:    0
  SSDP events:        0
  PortMap events:     0
  NetBIOS events:     0
  LDAP events:        10696
  MSSQL events:       0
  TFTP events:        0
  ACK flood events:   0
  Frag attack events: 0
  Heavy-hitter events:10767 (OctoSketch per-IP detection)
  Packet flood events:0
  (Note: Events count IPs exceeding thresholds per 50ms window)

[ALERT STATUS]
  Alert level:        [0mNONE[0m
  Reason:             None

[MULTI-LF (2025) COMPARISON]
=== Detection Performance vs ML-Based System ===

  First Detection Latency:   3425.89 ms (vs MULTI-LF: 866 ms)
    Improvement:             0.3× faster

  Packets until detection:   1106353308
  Bytes until detection:     135675220297 (129389.97 MB)

[OCTOSKETCH METRICS - Optimized Architecture]
=== Per-Worker Sketches + Sampling (1/32 packets) ===

  Architecture:              Per-worker (NO atomics, NO contention)
  Total sketch memory:       8961 KB (14 workers × 640.1 KB)
  Sampling rate:             1 in 32 packets (3.1% overhead)
  Attack traffic sampled:    0 updates
  Estimated attack packets:  0 (×32 sampling factor)
  Sketch overhead:           ~1.56% of fast-path cycles
  Memory efficiency:         O(1) constant, 640.1 KB per worker

[OCTOSKETCH HEAVY-HITTER DETECTION]
=== Top Attackers (per-IP tracking via Count-Min Sketch) ===

  Heavy-hitter threshold:    5000 pps per IP
  Heavy-hitters detected:    0 IPs exceeding threshold
  Total HH detections:       10767 events

  Top 5 Attackers (estimated counts, ×32 sampling):

[RING BUFFER + MULTI-SCALE FEATURES]
=== Temporal Analysis (last 100 windows = 5.0 sec) ===

  Windows processed:         15091
  Buffer utilization:        100/100 (100.0%)
  Running baseline (ML):     0 pps (for ML features only)
  Detection mode:            FIXED THRESHOLDS

  [Temporal Features - Last Window]
    Delta PPS (250ms):       +0
    Delta PPS (500ms):       +0
    PPS Variance:            0
    Ratio vs Baseline:       1.00x

  [Multi-Scale Features]
    Top IP (50ms):           0 pps
    Top IP (1s):             0 pps
    Top IP (1min):           0 pps
    Burst Ratio (50ms/1min): 1.00x
    IP Concentration:        0.0%

[MULTIPLE DETECTION STATISTICS]
=== Aggregate Detection Analysis ===

  Total detection events:    10696
  Average detection latency: 55.00 ms
  Min detection latency:     53.94 ms
  Max detection latency:     3425.89 ms
  Latency range:             3371.95 ms

  Detection Latency Histogram:
    < 20 ms:  0 detections (0.0%)
    20-30 ms: 0 detections (0.0%)
    30-40 ms: 0 detections (0.0%)
    40-50 ms: 0 detections (0.0%)
    > 50 ms:  10695 detections (100.0%)

[PERFORMANCE METRICS]
  Throughput:         3.55 Gbps (5.15 Mpps)
  Cycles available:   580 cycles/pkt (lower = higher load)
  Active IPs:         0
  Worker threads:     14 (lcores 1-14)

[DPDK NIC STATISTICS]
  RX packets (NIC):   7782909111
  RX dropped (HW):    [0m0[0m (imissed)
  RX no mbufs:        [0m0[0m (buffer exhaustion)
  RX errors:          0
  Total drops:        [0m0 (0.00%)[0m
  RX burst calls:     184298204869 (97.6% empty)
  Processed pkts:     7782911684 (100.0% of NIC RX)


╔═══════════════════════════════════════════════════════════════════════╗
║          MIRA DDoS DETECTOR - STATISTICS (MULTI-CORE)                ║
╚═══════════════════════════════════════════════════════════════════════╝

[PACKET COUNTERS - GLOBAL]
  Total packets:      7823543964
  Baseline (10.10.2.x): 4146461236 (53.0%)
  Attack (10.10.3.x): 1270940828 (16.2%)
  TCP packets:        4151365859
  UDP packets:        3307711341
  ICMP packets:       364466764

[INSTANTANEOUS TRAFFIC - Last 5.0 seconds]
  Baseline (10.10.2.x): 24095838 pkts (100.0%)  2385135499 bytes  3.81 Gbps
  Attack (10.10.3.x): 0 pkts (0.0%)  0 bytes  0.00 Gbps
  Total throughput:   3.81 Gbps  (avg pkt: 99 bytes)

[CUMULATIVE TRAFFIC - Since first packet (815.2s)]
  Total received:     7823543964 pkts (9.60 Mpps) | 8.74 Gbps | 890968248411 bytes

[ATTACK-SPECIFIC COUNTERS]
  SYN packets:        1120181296
  SYN-ACK packets:    560090064
  SYN/ACK ratio:      2.00
  HTTP requests:      1977094828
  DNS queries:        872983628

[PROTOCOL-SPECIFIC COUNTERS - CIC-DDoS-2019 Features]
  NTP Amplification:
    Monlist queries:  0
    Responses:        0  (avg size: 0 bytes)
  DNS Amplification:
    ANY queries:      0
    TXT queries:      0
    Responses:        872983619  (avg size: 108 bytes)
  SNMP Amplification:
    GetBulk requests: 0
    Responses:        0  (avg size: 0 bytes)
  SSDP:
    M-SEARCH packets: 0
    Responses:        20982
  PortMapper:
    GETPORT calls:    0
    DUMP calls:       0
  NetBIOS:
    Name queries:     0
    Datagram packets: 0
  LDAP:
    Bind requests:    0
    Search requests:  1270919846
  MSSQL:
    SQLBatch packets: 0
    RPC packets:      0
  TFTP:
    RRQ (read) pkts:  0
    WRQ (write) pkts: 0

[ATTACK DETECTIONS - Cumulative Events]
  UDP flood events:   0
  UDP-lag events:     0
  SYN flood events:   0
  HTTP flood events:  0
  ICMP flood events:  0
  DNS amp events:     0
  NTP amp events:     0
  SNMP amp events:    0
  SSDP events:        0
  PortMap events:     0
  NetBIOS events:     0
  LDAP events:        10696
  MSSQL events:       0
  TFTP events:        0
  ACK flood events:   0
  Frag attack events: 0
  Heavy-hitter events:10767 (OctoSketch per-IP detection)
  Packet flood events:0
  (Note: Events count IPs exceeding thresholds per 50ms window)

[ALERT STATUS]
  Alert level:        [0mNONE[0m
  Reason:             None

[MULTI-LF (2025) COMPARISON]
=== Detection Performance vs ML-Based System ===

  First Detection Latency:   3425.89 ms (vs MULTI-LF: 866 ms)
    Improvement:             0.3× faster

  Packets until detection:   1106353308
  Bytes until detection:     135675220297 (129389.97 MB)

[OCTOSKETCH METRICS - Optimized Architecture]
=== Per-Worker Sketches + Sampling (1/32 packets) ===

  Architecture:              Per-worker (NO atomics, NO contention)
  Total sketch memory:       8961 KB (14 workers × 640.1 KB)
  Sampling rate:             1 in 32 packets (3.1% overhead)
  Attack traffic sampled:    0 updates
  Estimated attack packets:  0 (×32 sampling factor)
  Sketch overhead:           ~1.56% of fast-path cycles
  Memory efficiency:         O(1) constant, 640.1 KB per worker

[OCTOSKETCH HEAVY-HITTER DETECTION]
=== Top Attackers (per-IP tracking via Count-Min Sketch) ===

  Heavy-hitter threshold:    5000 pps per IP
  Heavy-hitters detected:    0 IPs exceeding threshold
  Total HH detections:       10767 events

  Top 5 Attackers (estimated counts, ×32 sampling):

[RING BUFFER + MULTI-SCALE FEATURES]
=== Temporal Analysis (last 100 windows = 5.0 sec) ===

  Windows processed:         15184
  Buffer utilization:        100/100 (100.0%)
  Running baseline (ML):     0 pps (for ML features only)
  Detection mode:            FIXED THRESHOLDS

  [Temporal Features - Last Window]
    Delta PPS (250ms):       +0
    Delta PPS (500ms):       +0
    PPS Variance:            0
    Ratio vs Baseline:       1.00x

  [Multi-Scale Features]
    Top IP (50ms):           0 pps
    Top IP (1s):             0 pps
    Top IP (1min):           0 pps
    Burst Ratio (50ms/1min): 1.00x
    IP Concentration:        0.0%

[MULTIPLE DETECTION STATISTICS]
=== Aggregate Detection Analysis ===

  Total detection events:    10696
  Average detection latency: 55.00 ms
  Min detection latency:     53.94 ms
  Max detection latency:     3425.89 ms
  Latency range:             3371.95 ms

  Detection Latency Histogram:
    < 20 ms:  0 detections (0.0%)
    20-30 ms: 0 detections (0.0%)
    30-40 ms: 0 detections (0.0%)
    40-50 ms: 0 detections (0.0%)
    > 50 ms:  10695 detections (100.0%)

[PERFORMANCE METRICS]
  Throughput:         3.81 Gbps (4.81 Mpps)
  Cycles available:   621 cycles/pkt (lower = higher load)
  Active IPs:         0
  Worker threads:     14 (lcores 1-14)

[DPDK NIC STATISTICS]
  RX packets (NIC):   7823541431
  RX dropped (HW):    [0m0[0m (imissed)
  RX no mbufs:        [0m0[0m (buffer exhaustion)
  RX errors:          0
  Total drops:        [0m0 (0.00%)[0m
  RX burst calls:     185542261652 (97.6% empty)
  Processed pkts:     7823543964 (100.0% of NIC RX)


╔═══════════════════════════════════════════════════════════════════════╗
║          MIRA DDoS DETECTOR - STATISTICS (MULTI-CORE)                ║
╚═══════════════════════════════════════════════════════════════════════╝

[PACKET COUNTERS - GLOBAL]
  Total packets:      7864194644
  Baseline (10.10.2.x): 4170568026 (53.0%)
  Attack (10.10.3.x): 1270940828 (16.2%)
  TCP packets:        4167630128
  UDP packets:        3329838644
  ICMP packets:       366725872

[INSTANTANEOUS TRAFFIC - Last 5.0 seconds]
  Baseline (10.10.2.x): 24106500 pkts (100.0%)  2227594679 bytes  3.56 Gbps
  Attack (10.10.3.x): 0 pkts (0.0%)  0 bytes  0.00 Gbps
  Total throughput:   3.56 Gbps  (avg pkt: 92 bytes)

[CUMULATIVE TRAFFIC - Since first packet (820.2s)]
  Total received:     7864194644 pkts (9.59 Mpps) | 8.73 Gbps | 895536021689 bytes

[ATTACK-SPECIFIC COUNTERS]
  SYN packets:        1124586075
  SYN-ACK packets:    562292458
  SYN/ACK ratio:      2.00
  HTTP requests:      1984719770
  DNS queries:        883145617

[PROTOCOL-SPECIFIC COUNTERS - CIC-DDoS-2019 Features]
  NTP Amplification:
    Monlist queries:  0
    Responses:        0  (avg size: 0 bytes)
  DNS Amplification:
    ANY queries:      0
    TXT queries:      0
    Responses:        883145602  (avg size: 108 bytes)
  SNMP Amplification:
    GetBulk requests: 0
    Responses:        0  (avg size: 0 bytes)
  SSDP:
    M-SEARCH packets: 0
    Responses:        20982
  PortMapper:
    GETPORT calls:    0
    DUMP calls:       0
  NetBIOS:
    Name queries:     0
    Datagram packets: 0
  LDAP:
    Bind requests:    0
    Search requests:  1270919846
  MSSQL:
    SQLBatch packets: 0
    RPC packets:      0
  TFTP:
    RRQ (read) pkts:  0
    WRQ (write) pkts: 0

[ATTACK DETECTIONS - Cumulative Events]
  UDP flood events:   0
  UDP-lag events:     0
  SYN flood events:   0
  HTTP flood events:  0
  ICMP flood events:  0
  DNS amp events:     0
  NTP amp events:     0
  SNMP amp events:    0
  SSDP events:        0
  PortMap events:     0
  NetBIOS events:     0
  LDAP events:        10696
  MSSQL events:       0
  TFTP events:        0
  ACK flood events:   0
  Frag attack events: 0
  Heavy-hitter events:10767 (OctoSketch per-IP detection)
  Packet flood events:0
  (Note: Events count IPs exceeding thresholds per 50ms window)

[ALERT STATUS]
  Alert level:        [0mNONE[0m
  Reason:             None

[MULTI-LF (2025) COMPARISON]
=== Detection Performance vs ML-Based System ===

  First Detection Latency:   3425.89 ms (vs MULTI-LF: 866 ms)
    Improvement:             0.3× faster

  Packets until detection:   1106353308
  Bytes until detection:     135675220297 (129389.97 MB)

[OCTOSKETCH METRICS - Optimized Architecture]
=== Per-Worker Sketches + Sampling (1/32 packets) ===

  Architecture:              Per-worker (NO atomics, NO contention)
  Total sketch memory:       8961 KB (14 workers × 640.1 KB)
  Sampling rate:             1 in 32 packets (3.1% overhead)
  Attack traffic sampled:    0 updates
  Estimated attack packets:  0 (×32 sampling factor)
  Sketch overhead:           ~1.56% of fast-path cycles
  Memory efficiency:         O(1) constant, 640.1 KB per worker

[OCTOSKETCH HEAVY-HITTER DETECTION]
=== Top Attackers (per-IP tracking via Count-Min Sketch) ===

  Heavy-hitter threshold:    5000 pps per IP
  Heavy-hitters detected:    0 IPs exceeding threshold
  Total HH detections:       10767 events

  Top 5 Attackers (estimated counts, ×32 sampling):

[RING BUFFER + MULTI-SCALE FEATURES]
=== Temporal Analysis (last 100 windows = 5.0 sec) ===

  Windows processed:         15278
  Buffer utilization:        100/100 (100.0%)
  Running baseline (ML):     0 pps (for ML features only)
  Detection mode:            FIXED THRESHOLDS

  [Temporal Features - Last Window]
    Delta PPS (250ms):       +0
    Delta PPS (500ms):       +0
    PPS Variance:            0
    Ratio vs Baseline:       1.00x

  [Multi-Scale Features]
    Top IP (50ms):           0 pps
    Top IP (1s):             0 pps
    Top IP (1min):           0 pps
    Burst Ratio (50ms/1min): 1.00x
    IP Concentration:        0.0%

[MULTIPLE DETECTION STATISTICS]
=== Aggregate Detection Analysis ===

  Total detection events:    10696
  Average detection latency: 55.00 ms
  Min detection latency:     53.94 ms
  Max detection latency:     3425.89 ms
  Latency range:             3371.95 ms

  Detection Latency Histogram:
    < 20 ms:  0 detections (0.0%)
    20-30 ms: 0 detections (0.0%)
    30-40 ms: 0 detections (0.0%)
    40-50 ms: 0 detections (0.0%)
    > 50 ms:  10695 detections (100.0%)

[PERFORMANCE METRICS]
  Throughput:         3.56 Gbps (4.81 Mpps)
  Cycles available:   621 cycles/pkt (lower = higher load)
  Active IPs:         0
  Worker threads:     14 (lcores 1-14)

[DPDK NIC STATISTICS]
  RX packets (NIC):   7864191750
  RX dropped (HW):    [0m0[0m (imissed)
  RX no mbufs:        [0m0[0m (buffer exhaustion)
  RX errors:          0
  Total drops:        [0m0 (0.00%)[0m
  RX burst calls:     186786867184 (97.6% empty)
  Processed pkts:     7864194644 (100.0% of NIC RX)


╔═══════════════════════════════════════════════════════════════════════╗
║          MIRA DDoS DETECTOR - STATISTICS (MULTI-CORE)                ║
╚═══════════════════════════════════════════════════════════════════════╝

[PACKET COUNTERS - GLOBAL]
  Total packets:      7904727205
  Baseline (10.10.2.x): 4194603151 (53.1%)
  Attack (10.10.3.x): 1270940828 (16.1%)
  TCP packets:        4183844278
  UDP packets:        3351902865
  ICMP packets:       368980062

[INSTANTANEOUS TRAFFIC - Last 5.0 seconds]
  Baseline (10.10.2.x): 24034745 pkts (100.0%)  2220646514 bytes  3.55 Gbps
  Attack (10.10.3.x): 0 pkts (0.0%)  0 bytes  0.00 Gbps
  Total throughput:   3.55 Gbps  (avg pkt: 92 bytes)

[CUMULATIVE TRAFFIC - Since first packet (825.2s)]
  Total received:     7904727205 pkts (9.58 Mpps) | 8.73 Gbps | 900090184327 bytes

[ATTACK-SPECIFIC COUNTERS]
  SYN packets:        1128977223
  SYN-ACK packets:    564488027
  SYN/ACK ratio:      2.00
  HTTP requests:      1992321642
  DNS queries:        893279662

[PROTOCOL-SPECIFIC COUNTERS - CIC-DDoS-2019 Features]
  NTP Amplification:
    Monlist queries:  0
    Responses:        0  (avg size: 0 bytes)
  DNS Amplification:
    ANY queries:      0
    TXT queries:      0
    Responses:        893279629  (avg size: 108 bytes)
  SNMP Amplification:
    GetBulk requests: 0
    Responses:        0  (avg size: 0 bytes)
  SSDP:
    M-SEARCH packets: 0
    Responses:        20982
  PortMapper:
    GETPORT calls:    0
    DUMP calls:       0
  NetBIOS:
    Name queries:     0
    Datagram packets: 0
  LDAP:
    Bind requests:    0
    Search requests:  1270919846
  MSSQL:
    SQLBatch packets: 0
    RPC packets:      0
  TFTP:
    RRQ (read) pkts:  0
    WRQ (write) pkts: 0

[ATTACK DETECTIONS - Cumulative Events]
  UDP flood events:   0
  UDP-lag events:     0
  SYN flood events:   0
  HTTP flood events:  0
  ICMP flood events:  0
  DNS amp events:     0
  NTP amp events:     0
  SNMP amp events:    0
  SSDP events:        0
  PortMap events:     0
  NetBIOS events:     0
  LDAP events:        10696
  MSSQL events:       0
  TFTP events:        0
  ACK flood events:   0
  Frag attack events: 0
  Heavy-hitter events:10767 (OctoSketch per-IP detection)
  Packet flood events:0
  (Note: Events count IPs exceeding thresholds per 50ms window)

[ALERT STATUS]
  Alert level:        [0mNONE[0m
  Reason:             None

[MULTI-LF (2025) COMPARISON]
=== Detection Performance vs ML-Based System ===

  First Detection Latency:   3425.89 ms (vs MULTI-LF: 866 ms)
    Improvement:             0.3× faster

  Packets until detection:   1106353308
  Bytes until detection:     135675220297 (129389.97 MB)

[OCTOSKETCH METRICS - Optimized Architecture]
=== Per-Worker Sketches + Sampling (1/32 packets) ===

  Architecture:              Per-worker (NO atomics, NO contention)
  Total sketch memory:       8961 KB (14 workers × 640.1 KB)
  Sampling rate:             1 in 32 packets (3.1% overhead)
  Attack traffic sampled:    0 updates
  Estimated attack packets:  0 (×32 sampling factor)
  Sketch overhead:           ~1.56% of fast-path cycles
  Memory efficiency:         O(1) constant, 640.1 KB per worker

[OCTOSKETCH HEAVY-HITTER DETECTION]
=== Top Attackers (per-IP tracking via Count-Min Sketch) ===

  Heavy-hitter threshold:    5000 pps per IP
  Heavy-hitters detected:    0 IPs exceeding threshold
  Total HH detections:       10767 events

  Top 5 Attackers (estimated counts, ×32 sampling):

[RING BUFFER + MULTI-SCALE FEATURES]
=== Temporal Analysis (last 100 windows = 5.0 sec) ===

  Windows processed:         15371
  Buffer utilization:        100/100 (100.0%)
  Running baseline (ML):     0 pps (for ML features only)
  Detection mode:            FIXED THRESHOLDS

  [Temporal Features - Last Window]
    Delta PPS (250ms):       +0
    Delta PPS (500ms):       +0
    PPS Variance:            0
    Ratio vs Baseline:       1.00x

  [Multi-Scale Features]
    Top IP (50ms):           0 pps
    Top IP (1s):             0 pps
    Top IP (1min):           0 pps
    Burst Ratio (50ms/1min): 1.00x
    IP Concentration:        0.0%

[MULTIPLE DETECTION STATISTICS]
=== Aggregate Detection Analysis ===

  Total detection events:    10696
  Average detection latency: 55.00 ms
  Min detection latency:     53.94 ms
  Max detection latency:     3425.89 ms
  Latency range:             3371.95 ms

  Detection Latency Histogram:
    < 20 ms:  0 detections (0.0%)
    20-30 ms: 0 detections (0.0%)
    30-40 ms: 0 detections (0.0%)
    40-50 ms: 0 detections (0.0%)
    > 50 ms:  10695 detections (100.0%)

[PERFORMANCE METRICS]
  Throughput:         3.55 Gbps (4.81 Mpps)
  Cycles available:   622 cycles/pkt (lower = higher load)
  Active IPs:         0
  Worker threads:     14 (lcores 1-14)

[DPDK NIC STATISTICS]
  RX packets (NIC):   7904724598
  RX dropped (HW):    [0m0[0m (imissed)
  RX no mbufs:        [0m0[0m (buffer exhaustion)
  RX errors:          0
  Total drops:        [0m0 (0.00%)[0m
  RX burst calls:     188028564928 (97.6% empty)
  Processed pkts:     7904727205 (100.0% of NIC RX)


╔═══════════════════════════════════════════════════════════════════════╗
║          MIRA DDoS DETECTOR - STATISTICS (MULTI-CORE)                ║
╚═══════════════════════════════════════════════════════════════════════╝

[PACKET COUNTERS - GLOBAL]
  Total packets:      7945372828
  Baseline (10.10.2.x): 4218707601 (53.1%)
  Attack (10.10.3.x): 1270940828 (16.0%)
  TCP packets:        4200102618
  UDP packets:        3374030679
  ICMP packets:       371239531

[INSTANTANEOUS TRAFFIC - Last 5.0 seconds]
  Baseline (10.10.2.x): 24103949 pkts (100.0%)  2227740638 bytes  3.56 Gbps
  Attack (10.10.3.x): 0 pkts (0.0%)  0 bytes  0.00 Gbps
  Total throughput:   3.56 Gbps  (avg pkt: 92 bytes)

[CUMULATIVE TRAFFIC - Since first packet (830.2s)]
  Total received:     7945372828 pkts (9.57 Mpps) | 8.72 Gbps | 904657482496 bytes

[ATTACK-SPECIFIC COUNTERS]
  SYN packets:        1133380609
  SYN-ACK packets:    566689716
  SYN/ACK ratio:      2.00
  HTTP requests:      1999942377
  DNS queries:        903441132

[PROTOCOL-SPECIFIC COUNTERS - CIC-DDoS-2019 Features]
  NTP Amplification:
    Monlist queries:  0
    Responses:        0  (avg size: 0 bytes)
  DNS Amplification:
    ANY queries:      0
    TXT queries:      0
    Responses:        903441108  (avg size: 108 bytes)
  SNMP Amplification:
    GetBulk requests: 0
    Responses:        0  (avg size: 0 bytes)
  SSDP:
    M-SEARCH packets: 0
    Responses:        20982
  PortMapper:
    GETPORT calls:    0
    DUMP calls:       0
  NetBIOS:
    Name queries:     0
    Datagram packets: 0
  LDAP:
    Bind requests:    0
    Search requests:  1270919846
  MSSQL:
    SQLBatch packets: 0
    RPC packets:      0
  TFTP:
    RRQ (read) pkts:  0
    WRQ (write) pkts: 0

[ATTACK DETECTIONS - Cumulative Events]
  UDP flood events:   0
  UDP-lag events:     0
  SYN flood events:   0
  HTTP flood events:  0
  ICMP flood events:  0
  DNS amp events:     0
  NTP amp events:     0
  SNMP amp events:    0
  SSDP events:        0
  PortMap events:     0
  NetBIOS events:     0
  LDAP events:        10696
  MSSQL events:       0
  TFTP events:        0
  ACK flood events:   0
  Frag attack events: 0
  Heavy-hitter events:10767 (OctoSketch per-IP detection)
  Packet flood events:0
  (Note: Events count IPs exceeding thresholds per 50ms window)

[ALERT STATUS]
  Alert level:        [0mNONE[0m
  Reason:             None

[MULTI-LF (2025) COMPARISON]
=== Detection Performance vs ML-Based System ===

  First Detection Latency:   3425.89 ms (vs MULTI-LF: 866 ms)
    Improvement:             0.3× faster

  Packets until detection:   1106353308
  Bytes until detection:     135675220297 (129389.97 MB)

[OCTOSKETCH METRICS - Optimized Architecture]
=== Per-Worker Sketches + Sampling (1/32 packets) ===

  Architecture:              Per-worker (NO atomics, NO contention)
  Total sketch memory:       8961 KB (14 workers × 640.1 KB)
  Sampling rate:             1 in 32 packets (3.1% overhead)
  Attack traffic sampled:    0 updates
  Estimated attack packets:  0 (×32 sampling factor)
  Sketch overhead:           ~1.56% of fast-path cycles
  Memory efficiency:         O(1) constant, 640.1 KB per worker

[OCTOSKETCH HEAVY-HITTER DETECTION]
=== Top Attackers (per-IP tracking via Count-Min Sketch) ===

  Heavy-hitter threshold:    5000 pps per IP
  Heavy-hitters detected:    0 IPs exceeding threshold
  Total HH detections:       10767 events

  Top 5 Attackers (estimated counts, ×32 sampling):

[RING BUFFER + MULTI-SCALE FEATURES]
=== Temporal Analysis (last 100 windows = 5.0 sec) ===

  Windows processed:         15464
  Buffer utilization:        100/100 (100.0%)
  Running baseline (ML):     0 pps (for ML features only)
  Detection mode:            FIXED THRESHOLDS

  [Temporal Features - Last Window]
    Delta PPS (250ms):       +0
    Delta PPS (500ms):       +0
    PPS Variance:            0
    Ratio vs Baseline:       1.00x

  [Multi-Scale Features]
    Top IP (50ms):           0 pps
    Top IP (1s):             0 pps
    Top IP (1min):           0 pps
    Burst Ratio (50ms/1min): 1.00x
    IP Concentration:        0.0%

[MULTIPLE DETECTION STATISTICS]
=== Aggregate Detection Analysis ===

  Total detection events:    10696
  Average detection latency: 55.00 ms
  Min detection latency:     53.94 ms
  Max detection latency:     3425.89 ms
  Latency range:             3371.95 ms

  Detection Latency Histogram:
    < 20 ms:  0 detections (0.0%)
    20-30 ms: 0 detections (0.0%)
    30-40 ms: 0 detections (0.0%)
    40-50 ms: 0 detections (0.0%)
    > 50 ms:  10695 detections (100.0%)

[PERFORMANCE METRICS]
  Throughput:         3.56 Gbps (4.81 Mpps)
  Cycles available:   621 cycles/pkt (lower = higher load)
  Active IPs:         0
  Worker threads:     14 (lcores 1-14)

[DPDK NIC STATISTICS]
  RX packets (NIC):   7945369784
  RX dropped (HW):    [0m0[0m (imissed)
  RX no mbufs:        [0m0[0m (buffer exhaustion)
  RX errors:          0
  Total drops:        [0m0 (0.00%)[0m
  RX burst calls:     189272439394 (97.6% empty)
  Processed pkts:     7945372828 (100.0% of NIC RX)


╔═══════════════════════════════════════════════════════════════════════╗
║          MIRA DDoS DETECTOR - STATISTICS (MULTI-CORE)                ║
╚═══════════════════════════════════════════════════════════════════════╝

[PACKET COUNTERS - GLOBAL]
  Total packets:      7986006684
  Baseline (10.10.2.x): 4242803170 (53.1%)
  Attack (10.10.3.x): 1270940828 (15.9%)
  TCP packets:        4216349729
  UDP packets:        3396159838
  ICMP packets:       373497117

[INSTANTANEOUS TRAFFIC - Last 5.0 seconds]
  Baseline (10.10.2.x): 24095256 pkts (100.0%)  2226634157 bytes  3.56 Gbps
  Attack (10.10.3.x): 0 pkts (0.0%)  0 bytes  0.00 Gbps
  Total throughput:   3.56 Gbps  (avg pkt: 92 bytes)

[CUMULATIVE TRAFFIC - Since first packet (835.2s)]
  Total received:     7986006684 pkts (9.56 Mpps) | 8.71 Gbps | 909222942076 bytes

[ATTACK-SPECIFIC COUNTERS]
  SYN packets:        1137781013
  SYN-ACK packets:    568889917
  SYN/ACK ratio:      2.00
  HTTP requests:      2007557287
  DNS queries:        913604466

[PROTOCOL-SPECIFIC COUNTERS - CIC-DDoS-2019 Features]
  NTP Amplification:
    Monlist queries:  0
    Responses:        0  (avg size: 0 bytes)
  DNS Amplification:
    ANY queries:      0
    TXT queries:      0
    Responses:        913604453  (avg size: 108 bytes)
  SNMP Amplification:
    GetBulk requests: 0
    Responses:        0  (avg size: 0 bytes)
  SSDP:
    M-SEARCH packets: 0
    Responses:        20982
  PortMapper:
    GETPORT calls:    0
    DUMP calls:       0
  NetBIOS:
    Name queries:     0
    Datagram packets: 0
  LDAP:
    Bind requests:    0
    Search requests:  1270919846
  MSSQL:
    SQLBatch packets: 0
    RPC packets:      0
  TFTP:
    RRQ (read) pkts:  0
    WRQ (write) pkts: 0

[ATTACK DETECTIONS - Cumulative Events]
  UDP flood events:   0
  UDP-lag events:     0
  SYN flood events:   0
  HTTP flood events:  0
  ICMP flood events:  0
  DNS amp events:     0
  NTP amp events:     0
  SNMP amp events:    0
  SSDP events:        0
  PortMap events:     0
  NetBIOS events:     0
  LDAP events:        10696
  MSSQL events:       0
  TFTP events:        0
  ACK flood events:   0
  Frag attack events: 0
  Heavy-hitter events:10767 (OctoSketch per-IP detection)
  Packet flood events:0
  (Note: Events count IPs exceeding thresholds per 50ms window)

[ALERT STATUS]
  Alert level:        [0mNONE[0m
  Reason:             None

[MULTI-LF (2025) COMPARISON]
=== Detection Performance vs ML-Based System ===

  First Detection Latency:   3425.89 ms (vs MULTI-LF: 866 ms)
    Improvement:             0.3× faster

  Packets until detection:   1106353308
  Bytes until detection:     135675220297 (129389.97 MB)

[OCTOSKETCH METRICS - Optimized Architecture]
=== Per-Worker Sketches + Sampling (1/32 packets) ===

  Architecture:              Per-worker (NO atomics, NO contention)
  Total sketch memory:       8961 KB (14 workers × 640.1 KB)
  Sampling rate:             1 in 32 packets (3.1% overhead)
  Attack traffic sampled:    0 updates
  Estimated attack packets:  0 (×32 sampling factor)
  Sketch overhead:           ~1.56% of fast-path cycles
  Memory efficiency:         O(1) constant, 640.1 KB per worker

[OCTOSKETCH HEAVY-HITTER DETECTION]
=== Top Attackers (per-IP tracking via Count-Min Sketch) ===

  Heavy-hitter threshold:    5000 pps per IP
  Heavy-hitters detected:    0 IPs exceeding threshold
  Total HH detections:       10767 events

  Top 5 Attackers (estimated counts, ×32 sampling):

[RING BUFFER + MULTI-SCALE FEATURES]
=== Temporal Analysis (last 100 windows = 5.0 sec) ===

  Windows processed:         15558
  Buffer utilization:        100/100 (100.0%)
  Running baseline (ML):     0 pps (for ML features only)
  Detection mode:            FIXED THRESHOLDS

  [Temporal Features - Last Window]
    Delta PPS (250ms):       +0
    Delta PPS (500ms):       +0
    PPS Variance:            0
    Ratio vs Baseline:       1.00x

  [Multi-Scale Features]
    Top IP (50ms):           0 pps
    Top IP (1s):             0 pps
    Top IP (1min):           0 pps
    Burst Ratio (50ms/1min): 1.00x
    IP Concentration:        0.0%

[MULTIPLE DETECTION STATISTICS]
=== Aggregate Detection Analysis ===

  Total detection events:    10696
  Average detection latency: 55.00 ms
  Min detection latency:     53.94 ms
  Max detection latency:     3425.89 ms
  Latency range:             3371.95 ms

  Detection Latency Histogram:
    < 20 ms:  0 detections (0.0%)
    20-30 ms: 0 detections (0.0%)
    30-40 ms: 0 detections (0.0%)
    40-50 ms: 0 detections (0.0%)
    > 50 ms:  10695 detections (100.0%)

[PERFORMANCE METRICS]
  Throughput:         3.56 Gbps (4.81 Mpps)
  Cycles available:   621 cycles/pkt (lower = higher load)
  Active IPs:         0
  Worker threads:     14 (lcores 1-14)

[DPDK NIC STATISTICS]
  RX packets (NIC):   7986003699
  RX dropped (HW):    [0m0[0m (imissed)
  RX no mbufs:        [0m0[0m (buffer exhaustion)
  RX errors:          0
  Total drops:        [0m0 (0.00%)[0m
  RX burst calls:     190517209671 (97.6% empty)
  Processed pkts:     7986006684 (100.0% of NIC RX)


╔═══════════════════════════════════════════════════════════════════════╗
║          MIRA DDoS DETECTOR - STATISTICS (MULTI-CORE)                ║
╚═══════════════════════════════════════════════════════════════════════╝

[PACKET COUNTERS - GLOBAL]
  Total packets:      8026544284
  Baseline (10.10.2.x): 4266967358 (53.2%)
  Attack (10.10.3.x): 1270940828 (15.8%)
  TCP packets:        4233237251
  UDP packets:        3417553763
  ICMP packets:       375753270

[INSTANTANEOUS TRAFFIC - Last 5.0 seconds]
  Baseline (10.10.2.x): 24163890 pkts (100.0%)  2235023726 bytes  3.57 Gbps
  Attack (10.10.3.x): 0 pkts (0.0%)  0 bytes  0.00 Gbps
  Total throughput:   3.57 Gbps  (avg pkt: 92 bytes)

[CUMULATIVE TRAFFIC - Since first packet (840.2s)]
  Total received:     8026544284 pkts (9.55 Mpps) | 8.70 Gbps | 913799824702 bytes

[ATTACK-SPECIFIC COUNTERS]
  SYN packets:        1142356569
  SYN-ACK packets:    571177688
  SYN/ACK ratio:      2.00
  HTTP requests:      2015459570
  DNS queries:        923401136

[PROTOCOL-SPECIFIC COUNTERS - CIC-DDoS-2019 Features]
  NTP Amplification:
    Monlist queries:  0
    Responses:        0  (avg size: 0 bytes)
  DNS Amplification:
    ANY queries:      0
    TXT queries:      0
    Responses:        923401122  (avg size: 108 bytes)
  SNMP Amplification:
    GetBulk requests: 0
    Responses:        0  (avg size: 0 bytes)
  SSDP:
    M-SEARCH packets: 0
    Responses:        20982
  PortMapper:
    GETPORT calls:    0
    DUMP calls:       0
  NetBIOS:
    Name queries:     0
    Datagram packets: 0
  LDAP:
    Bind requests:    0
    Search requests:  1270919846
  MSSQL:
    SQLBatch packets: 0
    RPC packets:      0
  TFTP:
    RRQ (read) pkts:  0
    WRQ (write) pkts: 0

[ATTACK DETECTIONS - Cumulative Events]
  UDP flood events:   0
  UDP-lag events:     0
  SYN flood events:   0
  HTTP flood events:  0
  ICMP flood events:  0
  DNS amp events:     0
  NTP amp events:     0
  SNMP amp events:    0
  SSDP events:        0
  PortMap events:     0
  NetBIOS events:     0
  LDAP events:        10696
  MSSQL events:       0
  TFTP events:        0
  ACK flood events:   0
  Frag attack events: 0
  Heavy-hitter events:10767 (OctoSketch per-IP detection)
  Packet flood events:0
  (Note: Events count IPs exceeding thresholds per 50ms window)

[ALERT STATUS]
  Alert level:        [0mNONE[0m
  Reason:             None

[MULTI-LF (2025) COMPARISON]
=== Detection Performance vs ML-Based System ===

  First Detection Latency:   3425.89 ms (vs MULTI-LF: 866 ms)
    Improvement:             0.3× faster

  Packets until detection:   1106353308
  Bytes until detection:     135675220297 (129389.97 MB)

[OCTOSKETCH METRICS - Optimized Architecture]
=== Per-Worker Sketches + Sampling (1/32 packets) ===

  Architecture:              Per-worker (NO atomics, NO contention)
  Total sketch memory:       8961 KB (14 workers × 640.1 KB)
  Sampling rate:             1 in 32 packets (3.1% overhead)
  Attack traffic sampled:    0 updates
  Estimated attack packets:  0 (×32 sampling factor)
  Sketch overhead:           ~1.56% of fast-path cycles
  Memory efficiency:         O(1) constant, 640.1 KB per worker

[OCTOSKETCH HEAVY-HITTER DETECTION]
=== Top Attackers (per-IP tracking via Count-Min Sketch) ===

  Heavy-hitter threshold:    5000 pps per IP
  Heavy-hitters detected:    0 IPs exceeding threshold
  Total HH detections:       10767 events

  Top 5 Attackers (estimated counts, ×32 sampling):

[RING BUFFER + MULTI-SCALE FEATURES]
=== Temporal Analysis (last 100 windows = 5.0 sec) ===

  Windows processed:         15651
  Buffer utilization:        100/100 (100.0%)
  Running baseline (ML):     0 pps (for ML features only)
  Detection mode:            FIXED THRESHOLDS

  [Temporal Features - Last Window]
    Delta PPS (250ms):       +0
    Delta PPS (500ms):       +0
    PPS Variance:            0
    Ratio vs Baseline:       1.00x

  [Multi-Scale Features]
    Top IP (50ms):           0 pps
    Top IP (1s):             0 pps
    Top IP (1min):           0 pps
    Burst Ratio (50ms/1min): 1.00x
    IP Concentration:        0.0%

[MULTIPLE DETECTION STATISTICS]
=== Aggregate Detection Analysis ===

  Total detection events:    10696
  Average detection latency: 55.00 ms
  Min detection latency:     53.94 ms
  Max detection latency:     3425.89 ms
  Latency range:             3371.95 ms

  Detection Latency Histogram:
    < 20 ms:  0 detections (0.0%)
    20-30 ms: 0 detections (0.0%)
    30-40 ms: 0 detections (0.0%)
    40-50 ms: 0 detections (0.0%)
    > 50 ms:  10695 detections (100.0%)

[PERFORMANCE METRICS]
  Throughput:         3.57 Gbps (4.83 Mpps)
  Cycles available:   619 cycles/pkt (lower = higher load)
  Active IPs:         0
  Worker threads:     14 (lcores 1-14)

[DPDK NIC STATISTICS]
  RX packets (NIC):   8026541720
  RX dropped (HW):    [0m0[0m (imissed)
  RX no mbufs:        [0m0[0m (buffer exhaustion)
  RX errors:          0
  Total drops:        [0m0 (0.00%)[0m
  RX burst calls:     191758965178 (97.6% empty)
  Processed pkts:     8026544284 (100.0% of NIC RX)


╔═══════════════════════════════════════════════════════════════════════╗
║          MIRA DDoS DETECTOR - STATISTICS (MULTI-CORE)                ║
╚═══════════════════════════════════════════════════════════════════════╝

[PACKET COUNTERS - GLOBAL]
  Total packets:      8066780721
  Baseline (10.10.2.x): 4293426508 (53.2%)
  Attack (10.10.3.x): 1270940828 (15.8%)
  TCP packets:        4263417265
  UDP packets:        3425372216
  ICMP packets:       377991240

[INSTANTANEOUS TRAFFIC - Last 5.0 seconds]
  Baseline (10.10.2.x): 26458826 pkts (100.0%)  2481797651 bytes  3.97 Gbps
  Attack (10.10.3.x): 0 pkts (0.0%)  0 bytes  0.00 Gbps
  Total throughput:   3.97 Gbps  (avg pkt: 94 bytes)

[CUMULATIVE TRAFFIC - Since first packet (845.2s)]
  Total received:     8066780721 pkts (9.54 Mpps) | 8.70 Gbps | 918773593854 bytes

[ATTACK-SPECIFIC COUNTERS]
  SYN packets:        1150572211
  SYN-ACK packets:    575285503
  SYN/ACK ratio:      2.00
  HTTP requests:      2029292636
  DNS queries:        926418399

[PROTOCOL-SPECIFIC COUNTERS - CIC-DDoS-2019 Features]
  NTP Amplification:
    Monlist queries:  0
    Responses:        0  (avg size: 0 bytes)
  DNS Amplification:
    ANY queries:      0
    TXT queries:      0
    Responses:        926418392  (avg size: 108 bytes)
  SNMP Amplification:
    GetBulk requests: 0
    Responses:        0  (avg size: 0 bytes)
  SSDP:
    M-SEARCH packets: 0
    Responses:        20982
  PortMapper:
    GETPORT calls:    0
    DUMP calls:       0
  NetBIOS:
    Name queries:     0
    Datagram packets: 0
  LDAP:
    Bind requests:    0
    Search requests:  1270919846
  MSSQL:
    SQLBatch packets: 0
    RPC packets:      0
  TFTP:
    RRQ (read) pkts:  0
    WRQ (write) pkts: 0

[ATTACK DETECTIONS - Cumulative Events]
  UDP flood events:   0
  UDP-lag events:     0
  SYN flood events:   0
  HTTP flood events:  0
  ICMP flood events:  0
  DNS amp events:     0
  NTP amp events:     0
  SNMP amp events:    0
  SSDP events:        0
  PortMap events:     0
  NetBIOS events:     0
  LDAP events:        10696
  MSSQL events:       0
  TFTP events:        0
  ACK flood events:   0
  Frag attack events: 0
  Heavy-hitter events:10767 (OctoSketch per-IP detection)
  Packet flood events:0
  (Note: Events count IPs exceeding thresholds per 50ms window)

[ALERT STATUS]
  Alert level:        [0mNONE[0m
  Reason:             None

[MULTI-LF (2025) COMPARISON]
=== Detection Performance vs ML-Based System ===

  First Detection Latency:   3425.89 ms (vs MULTI-LF: 866 ms)
    Improvement:             0.3× faster

  Packets until detection:   1106353308
  Bytes until detection:     135675220297 (129389.97 MB)

[OCTOSKETCH METRICS - Optimized Architecture]
=== Per-Worker Sketches + Sampling (1/32 packets) ===

  Architecture:              Per-worker (NO atomics, NO contention)
  Total sketch memory:       8961 KB (14 workers × 640.1 KB)
  Sampling rate:             1 in 32 packets (3.1% overhead)
  Attack traffic sampled:    0 updates
  Estimated attack packets:  0 (×32 sampling factor)
  Sketch overhead:           ~1.56% of fast-path cycles
  Memory efficiency:         O(1) constant, 640.1 KB per worker

[OCTOSKETCH HEAVY-HITTER DETECTION]
=== Top Attackers (per-IP tracking via Count-Min Sketch) ===

  Heavy-hitter threshold:    5000 pps per IP
  Heavy-hitters detected:    0 IPs exceeding threshold
  Total HH detections:       10767 events

  Top 5 Attackers (estimated counts, ×32 sampling):

[RING BUFFER + MULTI-SCALE FEATURES]
=== Temporal Analysis (last 100 windows = 5.0 sec) ===

  Windows processed:         15744
  Buffer utilization:        100/100 (100.0%)
  Running baseline (ML):     0 pps (for ML features only)
  Detection mode:            FIXED THRESHOLDS

  [Temporal Features - Last Window]
    Delta PPS (250ms):       +0
    Delta PPS (500ms):       +0
    PPS Variance:            0
    Ratio vs Baseline:       1.00x

  [Multi-Scale Features]
    Top IP (50ms):           0 pps
    Top IP (1s):             0 pps
    Top IP (1min):           0 pps
    Burst Ratio (50ms/1min): 1.00x
    IP Concentration:        0.0%

[MULTIPLE DETECTION STATISTICS]
=== Aggregate Detection Analysis ===

  Total detection events:    10696
  Average detection latency: 55.00 ms
  Min detection latency:     53.94 ms
  Max detection latency:     3425.89 ms
  Latency range:             3371.95 ms

  Detection Latency Histogram:
    < 20 ms:  0 detections (0.0%)
    20-30 ms: 0 detections (0.0%)
    30-40 ms: 0 detections (0.0%)
    40-50 ms: 0 detections (0.0%)
    > 50 ms:  10695 detections (100.0%)

[PERFORMANCE METRICS]
  Throughput:         3.97 Gbps (5.29 Mpps)
  Cycles available:   566 cycles/pkt (lower = higher load)
  Active IPs:         0
  Worker threads:     14 (lcores 1-14)

[DPDK NIC STATISTICS]
  RX packets (NIC):   8066777784
  RX dropped (HW):    [0m0[0m (imissed)
  RX no mbufs:        [0m0[0m (buffer exhaustion)
  RX errors:          0
  Total drops:        [0m0 (0.00%)[0m
  RX burst calls:     193008720658 (97.6% empty)
  Processed pkts:     8066780721 (100.0% of NIC RX)


╔═══════════════════════════════════════════════════════════════════════╗
║          MIRA DDoS DETECTOR - STATISTICS (MULTI-CORE)                ║
╚═══════════════════════════════════════════════════════════════════════╝

[PACKET COUNTERS - GLOBAL]
  Total packets:      8107009181
  Baseline (10.10.2.x): 4319880870 (53.3%)
  Attack (10.10.3.x): 1270940828 (15.7%)
  TCP packets:        4293589596
  UDP packets:        3433190989
  ICMP packets:       380228596

[INSTANTANEOUS TRAFFIC - Last 5.0 seconds]
  Baseline (10.10.2.x): 26453966 pkts (100.0%)  2481458618 bytes  3.97 Gbps
  Attack (10.10.3.x): 0 pkts (0.0%)  0 bytes  0.00 Gbps
  Total throughput:   3.97 Gbps  (avg pkt: 94 bytes)

[CUMULATIVE TRAFFIC - Since first packet (850.2s)]
  Total received:     8107009181 pkts (9.53 Mpps) | 8.69 Gbps | 923746310963 bytes

[ATTACK-SPECIFIC COUNTERS]
  SYN packets:        1158786044
  SYN-ACK packets:    579392430
  SYN/ACK ratio:      2.00
  HTTP requests:      2043119912
  DNS queries:        929436032

[PROTOCOL-SPECIFIC COUNTERS - CIC-DDoS-2019 Features]
  NTP Amplification:
    Monlist queries:  0
    Responses:        0  (avg size: 0 bytes)
  DNS Amplification:
    ANY queries:      0
    TXT queries:      0
    Responses:        929436011  (avg size: 108 bytes)
  SNMP Amplification:
    GetBulk requests: 0
    Responses:        0  (avg size: 0 bytes)
  SSDP:
    M-SEARCH packets: 0
    Responses:        20982
  PortMapper:
    GETPORT calls:    0
    DUMP calls:       0
  NetBIOS:
    Name queries:     0
    Datagram packets: 0
  LDAP:
    Bind requests:    0
    Search requests:  1270919846
  MSSQL:
    SQLBatch packets: 0
    RPC packets:      0
  TFTP:
    RRQ (read) pkts:  0
    WRQ (write) pkts: 0

[ATTACK DETECTIONS - Cumulative Events]
  UDP flood events:   0
  UDP-lag events:     0
  SYN flood events:   0
  HTTP flood events:  0
  ICMP flood events:  0
  DNS amp events:     0
  NTP amp events:     0
  SNMP amp events:    0
  SSDP events:        0
  PortMap events:     0
  NetBIOS events:     0
  LDAP events:        10696
  MSSQL events:       0
  TFTP events:        0
  ACK flood events:   0
  Frag attack events: 0
  Heavy-hitter events:10767 (OctoSketch per-IP detection)
  Packet flood events:0
  (Note: Events count IPs exceeding thresholds per 50ms window)

[ALERT STATUS]
  Alert level:        [0mNONE[0m
  Reason:             None

[MULTI-LF (2025) COMPARISON]
=== Detection Performance vs ML-Based System ===

  First Detection Latency:   3425.89 ms (vs MULTI-LF: 866 ms)
    Improvement:             0.3× faster

  Packets until detection:   1106353308
  Bytes until detection:     135675220297 (129389.97 MB)

[OCTOSKETCH METRICS - Optimized Architecture]
=== Per-Worker Sketches + Sampling (1/32 packets) ===

  Architecture:              Per-worker (NO atomics, NO contention)
  Total sketch memory:       8961 KB (14 workers × 640.1 KB)
  Sampling rate:             1 in 32 packets (3.1% overhead)
  Attack traffic sampled:    0 updates
  Estimated attack packets:  0 (×32 sampling factor)
  Sketch overhead:           ~1.56% of fast-path cycles
  Memory efficiency:         O(1) constant, 640.1 KB per worker

[OCTOSKETCH HEAVY-HITTER DETECTION]
=== Top Attackers (per-IP tracking via Count-Min Sketch) ===

  Heavy-hitter threshold:    5000 pps per IP
  Heavy-hitters detected:    0 IPs exceeding threshold
  Total HH detections:       10767 events

  Top 5 Attackers (estimated counts, ×32 sampling):

[RING BUFFER + MULTI-SCALE FEATURES]
=== Temporal Analysis (last 100 windows = 5.0 sec) ===

  Windows processed:         15838
  Buffer utilization:        100/100 (100.0%)
  Running baseline (ML):     0 pps (for ML features only)
  Detection mode:            FIXED THRESHOLDS

  [Temporal Features - Last Window]
    Delta PPS (250ms):       +0
    Delta PPS (500ms):       +0
    PPS Variance:            0
    Ratio vs Baseline:       1.00x

  [Multi-Scale Features]
    Top IP (50ms):           0 pps
    Top IP (1s):             0 pps
    Top IP (1min):           0 pps
    Burst Ratio (50ms/1min): 1.00x
    IP Concentration:        0.0%

[MULTIPLE DETECTION STATISTICS]
=== Aggregate Detection Analysis ===

  Total detection events:    10696
  Average detection latency: 55.00 ms
  Min detection latency:     53.94 ms
  Max detection latency:     3425.89 ms
  Latency range:             3371.95 ms

  Detection Latency Histogram:
    < 20 ms:  0 detections (0.0%)
    20-30 ms: 0 detections (0.0%)
    30-40 ms: 0 detections (0.0%)
    40-50 ms: 0 detections (0.0%)
    > 50 ms:  10695 detections (100.0%)

[PERFORMANCE METRICS]
  Throughput:         3.97 Gbps (5.28 Mpps)
  Cycles available:   566 cycles/pkt (lower = higher load)
  Active IPs:         0
  Worker threads:     14 (lcores 1-14)

[DPDK NIC STATISTICS]
  RX packets (NIC):   8107006642
  RX dropped (HW):    [0m0[0m (imissed)
  RX no mbufs:        [0m0[0m (buffer exhaustion)
  RX errors:          0
  Total drops:        [0m0 (0.00%)[0m
  RX burst calls:     194259644721 (97.6% empty)
  Processed pkts:     8107009181 (100.0% of NIC RX)


╔═══════════════════════════════════════════════════════════════════════╗
║          MIRA DDoS DETECTOR - STATISTICS (MULTI-CORE)                ║
╚═══════════════════════════════════════════════════════════════════════╝

[PACKET COUNTERS - GLOBAL]
  Total packets:      8147232924
  Baseline (10.10.2.x): 4346332204 (53.3%)
  Attack (10.10.3.x): 1270940828 (15.6%)
  TCP packets:        4323754844
  UDP packets:        3441013340
  ICMP packets:       382464740

[INSTANTANEOUS TRAFFIC - Last 5.0 seconds]
  Baseline (10.10.2.x): 26450830 pkts (100.0%)  2481492074 bytes  3.96 Gbps
  Attack (10.10.3.x): 0 pkts (0.0%)  0 bytes  0.00 Gbps
  Total throughput:   3.96 Gbps  (avg pkt: 94 bytes)

[CUMULATIVE TRAFFIC - Since first packet (855.3s)]
  Total received:     8147232924 pkts (9.53 Mpps) | 8.69 Gbps | 928718898473 bytes

[ATTACK-SPECIFIC COUNTERS]
  SYN packets:        1166997687
  SYN-ACK packets:    583498234
  SYN/ACK ratio:      2.00
  HTTP requests:      2056946029
  DNS queries:        932454094

[PROTOCOL-SPECIFIC COUNTERS - CIC-DDoS-2019 Features]
  NTP Amplification:
    Monlist queries:  0
    Responses:        0  (avg size: 0 bytes)
  DNS Amplification:
    ANY queries:      0
    TXT queries:      0
    Responses:        932454099  (avg size: 108 bytes)
  SNMP Amplification:
    GetBulk requests: 0
    Responses:        0  (avg size: 0 bytes)
  SSDP:
    M-SEARCH packets: 0
    Responses:        20982
  PortMapper:
    GETPORT calls:    0
    DUMP calls:       0
  NetBIOS:
    Name queries:     0
    Datagram packets: 0
  LDAP:
    Bind requests:    0
    Search requests:  1270919846
  MSSQL:
    SQLBatch packets: 0
    RPC packets:      0
  TFTP:
    RRQ (read) pkts:  0
    WRQ (write) pkts: 0

[ATTACK DETECTIONS - Cumulative Events]
  UDP flood events:   0
  UDP-lag events:     0
  SYN flood events:   0
  HTTP flood events:  0
  ICMP flood events:  0
  DNS amp events:     0
  NTP amp events:     0
  SNMP amp events:    0
  SSDP events:        0
  PortMap events:     0
  NetBIOS events:     0
  LDAP events:        10696
  MSSQL events:       0
  TFTP events:        0
  ACK flood events:   0
  Frag attack events: 0
  Heavy-hitter events:10767 (OctoSketch per-IP detection)
  Packet flood events:0
  (Note: Events count IPs exceeding thresholds per 50ms window)

[ALERT STATUS]
  Alert level:        [0mNONE[0m
  Reason:             None

[MULTI-LF (2025) COMPARISON]
=== Detection Performance vs ML-Based System ===

  First Detection Latency:   3425.89 ms (vs MULTI-LF: 866 ms)
    Improvement:             0.3× faster

  Packets until detection:   1106353308
  Bytes until detection:     135675220297 (129389.97 MB)

[OCTOSKETCH METRICS - Optimized Architecture]
=== Per-Worker Sketches + Sampling (1/32 packets) ===

  Architecture:              Per-worker (NO atomics, NO contention)
  Total sketch memory:       8961 KB (14 workers × 640.1 KB)
  Sampling rate:             1 in 32 packets (3.1% overhead)
  Attack traffic sampled:    0 updates
  Estimated attack packets:  0 (×32 sampling factor)
  Sketch overhead:           ~1.56% of fast-path cycles
  Memory efficiency:         O(1) constant, 640.1 KB per worker

[OCTOSKETCH HEAVY-HITTER DETECTION]
=== Top Attackers (per-IP tracking via Count-Min Sketch) ===

  Heavy-hitter threshold:    5000 pps per IP
  Heavy-hitters detected:    0 IPs exceeding threshold
  Total HH detections:       10767 events

  Top 5 Attackers (estimated counts, ×32 sampling):

[RING BUFFER + MULTI-SCALE FEATURES]
=== Temporal Analysis (last 100 windows = 5.0 sec) ===

  Windows processed:         15931
  Buffer utilization:        100/100 (100.0%)
  Running baseline (ML):     0 pps (for ML features only)
  Detection mode:            FIXED THRESHOLDS

  [Temporal Features - Last Window]
    Delta PPS (250ms):       +0
    Delta PPS (500ms):       +0
    PPS Variance:            0
    Ratio vs Baseline:       1.00x

  [Multi-Scale Features]
    Top IP (50ms):           0 pps
    Top IP (1s):             0 pps
    Top IP (1min):           0 pps
    Burst Ratio (50ms/1min): 1.00x
    IP Concentration:        0.0%

[MULTIPLE DETECTION STATISTICS]
=== Aggregate Detection Analysis ===

  Total detection events:    10696
  Average detection latency: 55.00 ms
  Min detection latency:     53.94 ms
  Max detection latency:     3425.89 ms
  Latency range:             3371.95 ms

  Detection Latency Histogram:
    < 20 ms:  0 detections (0.0%)
    20-30 ms: 0 detections (0.0%)
    30-40 ms: 0 detections (0.0%)
    40-50 ms: 0 detections (0.0%)
    > 50 ms:  10695 detections (100.0%)

[PERFORMANCE METRICS]
  Throughput:         3.96 Gbps (5.28 Mpps)
  Cycles available:   566 cycles/pkt (lower = higher load)
  Active IPs:         0
  Worker threads:     14 (lcores 1-14)

[DPDK NIC STATISTICS]
  RX packets (NIC):   8147229881
  RX dropped (HW):    [0m0[0m (imissed)
  RX no mbufs:        [0m0[0m (buffer exhaustion)
  RX errors:          0
  Total drops:        [0m0 (0.00%)[0m
  RX burst calls:     195509227020 (97.6% empty)
  Processed pkts:     8147232924 (100.0% of NIC RX)


╔═══════════════════════════════════════════════════════════════════════╗
║          MIRA DDoS DETECTOR - STATISTICS (MULTI-CORE)                ║
╚═══════════════════════════════════════════════════════════════════════╝

[PACKET COUNTERS - GLOBAL]
  Total packets:      8187474588
  Baseline (10.10.2.x): 4372796044 (53.4%)
  Attack (10.10.3.x): 1270940828 (15.5%)
  TCP packets:        4353935244
  UDP packets:        3448834960
  ICMP packets:       384704384

[INSTANTANEOUS TRAFFIC - Last 5.0 seconds]
  Baseline (10.10.2.x): 26463414 pkts (100.0%)  2664397845 bytes  4.26 Gbps
  Attack (10.10.3.x): 0 pkts (0.0%)  0 bytes  0.00 Gbps
  Total throughput:   4.26 Gbps  (avg pkt: 101 bytes)

[CUMULATIVE TRAFFIC - Since first packet (860.3s)]
  Total received:     8187474588 pkts (9.52 Mpps) | 8.68 Gbps | 933693688916 bytes

[ATTACK-SPECIFIC COUNTERS]
  SYN packets:        1175213463
  SYN-ACK packets:    587606120
  SYN/ACK ratio:      2.00
  HTTP requests:      2070779105
  DNS queries:        935471031

[PROTOCOL-SPECIFIC COUNTERS - CIC-DDoS-2019 Features]
  NTP Amplification:
    Monlist queries:  0
    Responses:        0  (avg size: 0 bytes)
  DNS Amplification:
    ANY queries:      0
    TXT queries:      0
    Responses:        935471024  (avg size: 108 bytes)
  SNMP Amplification:
    GetBulk requests: 0
    Responses:        0  (avg size: 0 bytes)
  SSDP:
    M-SEARCH packets: 0
    Responses:        20982
  PortMapper:
    GETPORT calls:    0
    DUMP calls:       0
  NetBIOS:
    Name queries:     0
    Datagram packets: 0
  LDAP:
    Bind requests:    0
    Search requests:  1270919846
  MSSQL:
    SQLBatch packets: 0
    RPC packets:      0
  TFTP:
    RRQ (read) pkts:  0
    WRQ (write) pkts: 0

[ATTACK DETECTIONS - Cumulative Events]
  UDP flood events:   0
  UDP-lag events:     0
  SYN flood events:   0
  HTTP flood events:  0
  ICMP flood events:  0
  DNS amp events:     0
  NTP amp events:     0
  SNMP amp events:    0
  SSDP events:        0
  PortMap events:     0
  NetBIOS events:     0
  LDAP events:        10696
  MSSQL events:       0
  TFTP events:        0
  ACK flood events:   0
  Frag attack events: 0
  Heavy-hitter events:10767 (OctoSketch per-IP detection)
  Packet flood events:0
  (Note: Events count IPs exceeding thresholds per 50ms window)

[ALERT STATUS]
  Alert level:        [0mNONE[0m
  Reason:             None

[MULTI-LF (2025) COMPARISON]
=== Detection Performance vs ML-Based System ===

  First Detection Latency:   3425.89 ms (vs MULTI-LF: 866 ms)
    Improvement:             0.3× faster

  Packets until detection:   1106353308
  Bytes until detection:     135675220297 (129389.97 MB)

[OCTOSKETCH METRICS - Optimized Architecture]
=== Per-Worker Sketches + Sampling (1/32 packets) ===

  Architecture:              Per-worker (NO atomics, NO contention)
  Total sketch memory:       8961 KB (14 workers × 640.1 KB)
  Sampling rate:             1 in 32 packets (3.1% overhead)
  Attack traffic sampled:    0 updates
  Estimated attack packets:  0 (×32 sampling factor)
  Sketch overhead:           ~1.56% of fast-path cycles
  Memory efficiency:         O(1) constant, 640.1 KB per worker

[OCTOSKETCH HEAVY-HITTER DETECTION]
=== Top Attackers (per-IP tracking via Count-Min Sketch) ===

  Heavy-hitter threshold:    5000 pps per IP
  Heavy-hitters detected:    0 IPs exceeding threshold
  Total HH detections:       10767 events

  Top 5 Attackers (estimated counts, ×32 sampling):

[RING BUFFER + MULTI-SCALE FEATURES]
=== Temporal Analysis (last 100 windows = 5.0 sec) ===

  Windows processed:         16024
  Buffer utilization:        100/100 (100.0%)
  Running baseline (ML):     0 pps (for ML features only)
  Detection mode:            FIXED THRESHOLDS

  [Temporal Features - Last Window]
    Delta PPS (250ms):       +0
    Delta PPS (500ms):       +0
    PPS Variance:            0
    Ratio vs Baseline:       1.00x

  [Multi-Scale Features]
    Top IP (50ms):           0 pps
    Top IP (1s):             0 pps
    Top IP (1min):           0 pps
    Burst Ratio (50ms/1min): 1.00x
    IP Concentration:        0.0%

[MULTIPLE DETECTION STATISTICS]
=== Aggregate Detection Analysis ===

  Total detection events:    10696
  Average detection latency: 55.00 ms
  Min detection latency:     53.94 ms
  Max detection latency:     3425.89 ms
  Latency range:             3371.95 ms

  Detection Latency Histogram:
    < 20 ms:  0 detections (0.0%)
    20-30 ms: 0 detections (0.0%)
    30-40 ms: 0 detections (0.0%)
    40-50 ms: 0 detections (0.0%)
    > 50 ms:  10695 detections (100.0%)

[PERFORMANCE METRICS]
  Throughput:         4.26 Gbps (5.29 Mpps)
  Cycles available:   566 cycles/pkt (lower = higher load)
  Active IPs:         0
  Worker threads:     14 (lcores 1-14)

[DPDK NIC STATISTICS]
  RX packets (NIC):   8187471877
  RX dropped (HW):    [0m0[0m (imissed)
  RX no mbufs:        [0m0[0m (buffer exhaustion)
  RX errors:          0
  Total drops:        [0m0 (0.00%)[0m
  RX burst calls:     196758491940 (97.6% empty)
  Processed pkts:     8187474588 (100.0% of NIC RX)


╔═══════════════════════════════════════════════════════════════════════╗
║          MIRA DDoS DETECTOR - STATISTICS (MULTI-CORE)                ║
╚═══════════════════════════════════════════════════════════════════════╝

[PACKET COUNTERS - GLOBAL]
  Total packets:      8227732756
  Baseline (10.10.2.x): 4399270773 (53.5%)
  Attack (10.10.3.x): 1270940828 (15.4%)
  TCP packets:        4384126940
  UDP packets:        3456659697
  ICMP packets:       386946119

[INSTANTANEOUS TRAFFIC - Last 5.0 seconds]
  Baseline (10.10.2.x): 26474316 pkts (100.0%)  2483747114 bytes  3.97 Gbps
  Attack (10.10.3.x): 0 pkts (0.0%)  0 bytes  0.00 Gbps
  Total throughput:   3.97 Gbps  (avg pkt: 94 bytes)

[CUMULATIVE TRAFFIC - Since first packet (865.3s)]
  Total received:     8227732756 pkts (9.51 Mpps) | 8.68 Gbps | 938670194499 bytes

[ATTACK-SPECIFIC COUNTERS]
  SYN packets:        1183432742
  SYN-ACK packets:    591715754
  SYN/ACK ratio:      2.00
  HTTP requests:      2084613873
  DNS queries:        938490075

[PROTOCOL-SPECIFIC COUNTERS - CIC-DDoS-2019 Features]
  NTP Amplification:
    Monlist queries:  0
    Responses:        0  (avg size: 0 bytes)
  DNS Amplification:
    ANY queries:      0
    TXT queries:      0
    Responses:        938490068  (avg size: 108 bytes)
  SNMP Amplification:
    GetBulk requests: 0
    Responses:        0  (avg size: 0 bytes)
  SSDP:
    M-SEARCH packets: 0
    Responses:        20982
  PortMapper:
    GETPORT calls:    0
    DUMP calls:       0
  NetBIOS:
    Name queries:     0
    Datagram packets: 0
  LDAP:
    Bind requests:    0
    Search requests:  1270919846
  MSSQL:
    SQLBatch packets: 0
    RPC packets:      0
  TFTP:
    RRQ (read) pkts:  0
    WRQ (write) pkts: 0

[ATTACK DETECTIONS - Cumulative Events]
  UDP flood events:   0
  UDP-lag events:     0
  SYN flood events:   0
  HTTP flood events:  0
  ICMP flood events:  0
  DNS amp events:     0
  NTP amp events:     0
  SNMP amp events:    0
  SSDP events:        0
  PortMap events:     0
  NetBIOS events:     0
  LDAP events:        10696
  MSSQL events:       0
  TFTP events:        0
  ACK flood events:   0
  Frag attack events: 0
  Heavy-hitter events:10767 (OctoSketch per-IP detection)
  Packet flood events:0
  (Note: Events count IPs exceeding thresholds per 50ms window)

[ALERT STATUS]
  Alert level:        [0mNONE[0m
  Reason:             None

[MULTI-LF (2025) COMPARISON]
=== Detection Performance vs ML-Based System ===

  First Detection Latency:   3425.89 ms (vs MULTI-LF: 866 ms)
    Improvement:             0.3× faster

  Packets until detection:   1106353308
  Bytes until detection:     135675220297 (129389.97 MB)

[OCTOSKETCH METRICS - Optimized Architecture]
=== Per-Worker Sketches + Sampling (1/32 packets) ===

  Architecture:              Per-worker (NO atomics, NO contention)
  Total sketch memory:       8961 KB (14 workers × 640.1 KB)
  Sampling rate:             1 in 32 packets (3.1% overhead)
  Attack traffic sampled:    0 updates
  Estimated attack packets:  0 (×32 sampling factor)
  Sketch overhead:           ~1.56% of fast-path cycles
  Memory efficiency:         O(1) constant, 640.1 KB per worker

[OCTOSKETCH HEAVY-HITTER DETECTION]
=== Top Attackers (per-IP tracking via Count-Min Sketch) ===

  Heavy-hitter threshold:    5000 pps per IP
  Heavy-hitters detected:    0 IPs exceeding threshold
  Total HH detections:       10767 events

  Top 5 Attackers (estimated counts, ×32 sampling):

[RING BUFFER + MULTI-SCALE FEATURES]
=== Temporal Analysis (last 100 windows = 5.0 sec) ===

  Windows processed:         16118
  Buffer utilization:        100/100 (100.0%)
  Running baseline (ML):     0 pps (for ML features only)
  Detection mode:            FIXED THRESHOLDS

  [Temporal Features - Last Window]
    Delta PPS (250ms):       +0
    Delta PPS (500ms):       +0
    PPS Variance:            0
    Ratio vs Baseline:       1.00x

  [Multi-Scale Features]
    Top IP (50ms):           0 pps
    Top IP (1s):             0 pps
    Top IP (1min):           0 pps
    Burst Ratio (50ms/1min): 1.00x
    IP Concentration:        0.0%

[MULTIPLE DETECTION STATISTICS]
=== Aggregate Detection Analysis ===

  Total detection events:    10696
  Average detection latency: 55.00 ms
  Min detection latency:     53.94 ms
  Max detection latency:     3425.89 ms
  Latency range:             3371.95 ms

  Detection Latency Histogram:
    < 20 ms:  0 detections (0.0%)
    20-30 ms: 0 detections (0.0%)
    30-40 ms: 0 detections (0.0%)
    40-50 ms: 0 detections (0.0%)
    > 50 ms:  10695 detections (100.0%)

[PERFORMANCE METRICS]
  Throughput:         3.97 Gbps (5.29 Mpps)
  Cycles available:   566 cycles/pkt (lower = higher load)
  Active IPs:         0
  Worker threads:     14 (lcores 1-14)

[DPDK NIC STATISTICS]
  RX packets (NIC):   8227730105
  RX dropped (HW):    [0m0[0m (imissed)
  RX no mbufs:        [0m0[0m (buffer exhaustion)
  RX errors:          0
  Total drops:        [0m0 (0.00%)[0m
  RX burst calls:     198008112556 (97.7% empty)
  Processed pkts:     8227732756 (100.0% of NIC RX)


╔═══════════════════════════════════════════════════════════════════════╗
║          MIRA DDoS DETECTOR - STATISTICS (MULTI-CORE)                ║
╚═══════════════════════════════════════════════════════════════════════╝

[PACKET COUNTERS - GLOBAL]
  Total packets:      8267974812
  Baseline (10.10.2.x): 4425735703 (53.5%)
  Attack (10.10.3.x): 1270940828 (15.4%)
  TCP packets:        4414315250
  UDP packets:        3464477742
  ICMP packets:       389181820

[INSTANTANEOUS TRAFFIC - Last 5.0 seconds]
  Baseline (10.10.2.x): 26464415 pkts (100.0%)  2482627829 bytes  3.96 Gbps
  Attack (10.10.3.x): 0 pkts (0.0%)  0 bytes  0.00 Gbps
  Total throughput:   3.96 Gbps  (avg pkt: 94 bytes)

[CUMULATIVE TRAFFIC - Since first packet (870.3s)]
  Total received:     8267974812 pkts (9.50 Mpps) | 8.67 Gbps | 943645076190 bytes

[ATTACK-SPECIFIC COUNTERS]
  SYN packets:        1191650868
  SYN-ACK packets:    595824813
  SYN/ACK ratio:      2.00
  HTTP requests:      2098449046
  DNS queries:        941506249

[PROTOCOL-SPECIFIC COUNTERS - CIC-DDoS-2019 Features]
  NTP Amplification:
    Monlist queries:  0
    Responses:        0  (avg size: 0 bytes)
  DNS Amplification:
    ANY queries:      0
    TXT queries:      0
    Responses:        941506233  (avg size: 108 bytes)
  SNMP Amplification:
    GetBulk requests: 0
    Responses:        0  (avg size: 0 bytes)
  SSDP:
    M-SEARCH packets: 0
    Responses:        20982
  PortMapper:
    GETPORT calls:    0
    DUMP calls:       0
  NetBIOS:
    Name queries:     0
    Datagram packets: 0
  LDAP:
    Bind requests:    0
    Search requests:  1270919846
  MSSQL:
    SQLBatch packets: 0
    RPC packets:      0
  TFTP:
    RRQ (read) pkts:  0
    WRQ (write) pkts: 0

[ATTACK DETECTIONS - Cumulative Events]
  UDP flood events:   0
  UDP-lag events:     0
  SYN flood events:   0
  HTTP flood events:  0
  ICMP flood events:  0
  DNS amp events:     0
  NTP amp events:     0
  SNMP amp events:    0
  SSDP events:        0
  PortMap events:     0
  NetBIOS events:     0
  LDAP events:        10696
  MSSQL events:       0
  TFTP events:        0
  ACK flood events:   0
  Frag attack events: 0
  Heavy-hitter events:10767 (OctoSketch per-IP detection)
  Packet flood events:0
  (Note: Events count IPs exceeding thresholds per 50ms window)

[ALERT STATUS]
  Alert level:        [0mNONE[0m
  Reason:             None

[MULTI-LF (2025) COMPARISON]
=== Detection Performance vs ML-Based System ===

  First Detection Latency:   3425.89 ms (vs MULTI-LF: 866 ms)
    Improvement:             0.3× faster

  Packets until detection:   1106353308
  Bytes until detection:     135675220297 (129389.97 MB)

[OCTOSKETCH METRICS - Optimized Architecture]
=== Per-Worker Sketches + Sampling (1/32 packets) ===

  Architecture:              Per-worker (NO atomics, NO contention)
  Total sketch memory:       8961 KB (14 workers × 640.1 KB)
  Sampling rate:             1 in 32 packets (3.1% overhead)
  Attack traffic sampled:    0 updates
  Estimated attack packets:  0 (×32 sampling factor)
  Sketch overhead:           ~1.56% of fast-path cycles
  Memory efficiency:         O(1) constant, 640.1 KB per worker

[OCTOSKETCH HEAVY-HITTER DETECTION]
=== Top Attackers (per-IP tracking via Count-Min Sketch) ===

  Heavy-hitter threshold:    5000 pps per IP
  Heavy-hitters detected:    0 IPs exceeding threshold
  Total HH detections:       10767 events

  Top 5 Attackers (estimated counts, ×32 sampling):

[RING BUFFER + MULTI-SCALE FEATURES]
=== Temporal Analysis (last 100 windows = 5.0 sec) ===

  Windows processed:         16212
  Buffer utilization:        100/100 (100.0%)
  Running baseline (ML):     0 pps (for ML features only)
  Detection mode:            FIXED THRESHOLDS

  [Temporal Features - Last Window]
    Delta PPS (250ms):       +0
    Delta PPS (500ms):       +0
    PPS Variance:            0
    Ratio vs Baseline:       1.00x

  [Multi-Scale Features]
    Top IP (50ms):           0 pps
    Top IP (1s):             0 pps
    Top IP (1min):           0 pps
    Burst Ratio (50ms/1min): 1.00x
    IP Concentration:        0.0%

[MULTIPLE DETECTION STATISTICS]
=== Aggregate Detection Analysis ===

  Total detection events:    10696
  Average detection latency: 55.00 ms
  Min detection latency:     53.94 ms
  Max detection latency:     3425.89 ms
  Latency range:             3371.95 ms

  Detection Latency Histogram:
    < 20 ms:  0 detections (0.0%)
    20-30 ms: 0 detections (0.0%)
    30-40 ms: 0 detections (0.0%)
    40-50 ms: 0 detections (0.0%)
    > 50 ms:  10695 detections (100.0%)

[PERFORMANCE METRICS]
  Throughput:         3.96 Gbps (5.28 Mpps)
  Cycles available:   566 cycles/pkt (lower = higher load)
  Active IPs:         0
  Worker threads:     14 (lcores 1-14)

[DPDK NIC STATISTICS]
  RX packets (NIC):   8267972281
  RX dropped (HW):    [0m0[0m (imissed)
  RX no mbufs:        [0m0[0m (buffer exhaustion)
  RX errors:          0
  Total drops:        [0m0 (0.00%)[0m
  RX burst calls:     199258781778 (97.7% empty)
  Processed pkts:     8267974812 (100.0% of NIC RX)


╔═══════════════════════════════════════════════════════════════════════╗
║          MIRA DDoS DETECTOR - STATISTICS (MULTI-CORE)                ║
╚═══════════════════════════════════════════════════════════════════════╝

[PACKET COUNTERS - GLOBAL]
  Total packets:      8308222444
  Baseline (10.10.2.x): 4452202220 (53.6%)
  Attack (10.10.3.x): 1270940828 (15.3%)
  TCP packets:        4444499613
  UDP packets:        3472301785
  ICMP packets:       391421047

[INSTANTANEOUS TRAFFIC - Last 5.0 seconds]
  Baseline (10.10.2.x): 26466072 pkts (100.0%)  2482756360 bytes  3.97 Gbps
  Attack (10.10.3.x): 0 pkts (0.0%)  0 bytes  0.00 Gbps
  Total throughput:   3.97 Gbps  (avg pkt: 94 bytes)

[CUMULATIVE TRAFFIC - Since first packet (875.3s)]
  Total received:     8308222444 pkts (9.49 Mpps) | 8.67 Gbps | 948620473727 bytes

[ATTACK-SPECIFIC COUNTERS]
  SYN packets:        1199867517
  SYN-ACK packets:    599933140
  SYN/ACK ratio:      2.00
  HTTP requests:      2112285374
  DNS queries:        944524923

[PROTOCOL-SPECIFIC COUNTERS - CIC-DDoS-2019 Features]
  NTP Amplification:
    Monlist queries:  0
    Responses:        0  (avg size: 0 bytes)
  DNS Amplification:
    ANY queries:      0
    TXT queries:      0
    Responses:        944524910  (avg size: 108 bytes)
  SNMP Amplification:
    GetBulk requests: 0
    Responses:        0  (avg size: 0 bytes)
  SSDP:
    M-SEARCH packets: 0
    Responses:        20982
  PortMapper:
    GETPORT calls:    0
    DUMP calls:       0
  NetBIOS:
    Name queries:     0
    Datagram packets: 0
  LDAP:
    Bind requests:    0
    Search requests:  1270919846
  MSSQL:
    SQLBatch packets: 0
    RPC packets:      0
  TFTP:
    RRQ (read) pkts:  0
    WRQ (write) pkts: 0

[ATTACK DETECTIONS - Cumulative Events]
  UDP flood events:   0
  UDP-lag events:     0
  SYN flood events:   0
  HTTP flood events:  0
  ICMP flood events:  0
  DNS amp events:     0
  NTP amp events:     0
  SNMP amp events:    0
  SSDP events:        0
  PortMap events:     0
  NetBIOS events:     0
  LDAP events:        10696
  MSSQL events:       0
  TFTP events:        0
  ACK flood events:   0
  Frag attack events: 0
  Heavy-hitter events:10767 (OctoSketch per-IP detection)
  Packet flood events:0
  (Note: Events count IPs exceeding thresholds per 50ms window)

[ALERT STATUS]
  Alert level:        [0mNONE[0m
  Reason:             None

[MULTI-LF (2025) COMPARISON]
=== Detection Performance vs ML-Based System ===

  First Detection Latency:   3425.89 ms (vs MULTI-LF: 866 ms)
    Improvement:             0.3× faster

  Packets until detection:   1106353308
  Bytes until detection:     135675220297 (129389.97 MB)

[OCTOSKETCH METRICS - Optimized Architecture]
=== Per-Worker Sketches + Sampling (1/32 packets) ===

  Architecture:              Per-worker (NO atomics, NO contention)
  Total sketch memory:       8961 KB (14 workers × 640.1 KB)
  Sampling rate:             1 in 32 packets (3.1% overhead)
  Attack traffic sampled:    0 updates
  Estimated attack packets:  0 (×32 sampling factor)
  Sketch overhead:           ~1.56% of fast-path cycles
  Memory efficiency:         O(1) constant, 640.1 KB per worker

[OCTOSKETCH HEAVY-HITTER DETECTION]
=== Top Attackers (per-IP tracking via Count-Min Sketch) ===

  Heavy-hitter threshold:    5000 pps per IP
  Heavy-hitters detected:    0 IPs exceeding threshold
  Total HH detections:       10767 events

  Top 5 Attackers (estimated counts, ×32 sampling):

[RING BUFFER + MULTI-SCALE FEATURES]
=== Temporal Analysis (last 100 windows = 5.0 sec) ===

  Windows processed:         16306
  Buffer utilization:        100/100 (100.0%)
  Running baseline (ML):     0 pps (for ML features only)
  Detection mode:            FIXED THRESHOLDS

  [Temporal Features - Last Window]
    Delta PPS (250ms):       +0
    Delta PPS (500ms):       +0
    PPS Variance:            0
    Ratio vs Baseline:       1.00x

  [Multi-Scale Features]
    Top IP (50ms):           0 pps
    Top IP (1s):             0 pps
    Top IP (1min):           0 pps
    Burst Ratio (50ms/1min): 1.00x
    IP Concentration:        0.0%

[MULTIPLE DETECTION STATISTICS]
=== Aggregate Detection Analysis ===

  Total detection events:    10696
  Average detection latency: 55.00 ms
  Min detection latency:     53.94 ms
  Max detection latency:     3425.89 ms
  Latency range:             3371.95 ms

  Detection Latency Histogram:
    < 20 ms:  0 detections (0.0%)
    20-30 ms: 0 detections (0.0%)
    30-40 ms: 0 detections (0.0%)
    40-50 ms: 0 detections (0.0%)
    > 50 ms:  10695 detections (100.0%)

[PERFORMANCE METRICS]
  Throughput:         3.97 Gbps (5.29 Mpps)
  Cycles available:   565 cycles/pkt (lower = higher load)
  Active IPs:         0
  Worker threads:     14 (lcores 1-14)

[DPDK NIC STATISTICS]
  RX packets (NIC):   8308219577
  RX dropped (HW):    [0m0[0m (imissed)
  RX no mbufs:        [0m0[0m (buffer exhaustion)
  RX errors:          0
  Total drops:        [0m0 (0.00%)[0m
  RX burst calls:     200509424087 (97.7% empty)
  Processed pkts:     8308222444 (100.0% of NIC RX)


╔═══════════════════════════════════════════════════════════════════════╗
║          MIRA DDoS DETECTOR - STATISTICS (MULTI-CORE)                ║
╚═══════════════════════════════════════════════════════════════════════╝

[PACKET COUNTERS - GLOBAL]
  Total packets:      8348392092
  Baseline (10.10.2.x): 4478617706 (53.6%)
  Attack (10.10.3.x): 1270940828 (15.2%)
  TCP packets:        4474625534
  UDP packets:        3480112104
  ICMP packets:       393654454

[INSTANTANEOUS TRAFFIC - Last 5.0 seconds]
  Baseline (10.10.2.x): 26415035 pkts (100.0%)  2477797676 bytes  3.96 Gbps
  Attack (10.10.3.x): 0 pkts (0.0%)  0 bytes  0.00 Gbps
  Total throughput:   3.96 Gbps  (avg pkt: 94 bytes)

[CUMULATIVE TRAFFIC - Since first packet (880.3s)]
  Total received:     8348392092 pkts (9.48 Mpps) | 8.67 Gbps | 953585757190 bytes

[ATTACK-SPECIFIC COUNTERS]
  SYN packets:        1208068828
  SYN-ACK packets:    604033786
  SYN/ACK ratio:      2.00
  HTTP requests:      2126090636
  DNS queries:        947539648

[PROTOCOL-SPECIFIC COUNTERS - CIC-DDoS-2019 Features]
  NTP Amplification:
    Monlist queries:  0
    Responses:        0  (avg size: 0 bytes)
  DNS Amplification:
    ANY queries:      0
    TXT queries:      0
    Responses:        947539634  (avg size: 108 bytes)
  SNMP Amplification:
    GetBulk requests: 0
    Responses:        0  (avg size: 0 bytes)
  SSDP:
    M-SEARCH packets: 0
    Responses:        20982
  PortMapper:
    GETPORT calls:    0
    DUMP calls:       0
  NetBIOS:
    Name queries:     0
    Datagram packets: 0
  LDAP:
    Bind requests:    0
    Search requests:  1270919846
  MSSQL:
    SQLBatch packets: 0
    RPC packets:      0
  TFTP:
    RRQ (read) pkts:  0
    WRQ (write) pkts: 0

[ATTACK DETECTIONS - Cumulative Events]
  UDP flood events:   0
  UDP-lag events:     0
  SYN flood events:   0
  HTTP flood events:  0
  ICMP flood events:  0
  DNS amp events:     0
  NTP amp events:     0
  SNMP amp events:    0
  SSDP events:        0
  PortMap events:     0
  NetBIOS events:     0
  LDAP events:        10696
  MSSQL events:       0
  TFTP events:        0
  ACK flood events:   0
  Frag attack events: 0
  Heavy-hitter events:10767 (OctoSketch per-IP detection)
  Packet flood events:0
  (Note: Events count IPs exceeding thresholds per 50ms window)

[ALERT STATUS]
  Alert level:        [0mNONE[0m
  Reason:             None

[MULTI-LF (2025) COMPARISON]
=== Detection Performance vs ML-Based System ===

  First Detection Latency:   3425.89 ms (vs MULTI-LF: 866 ms)
    Improvement:             0.3× faster

  Packets until detection:   1106353308
  Bytes until detection:     135675220297 (129389.97 MB)

[OCTOSKETCH METRICS - Optimized Architecture]
=== Per-Worker Sketches + Sampling (1/32 packets) ===

  Architecture:              Per-worker (NO atomics, NO contention)
  Total sketch memory:       8961 KB (14 workers × 640.1 KB)
  Sampling rate:             1 in 32 packets (3.1% overhead)
  Attack traffic sampled:    0 updates
  Estimated attack packets:  0 (×32 sampling factor)
  Sketch overhead:           ~1.56% of fast-path cycles
  Memory efficiency:         O(1) constant, 640.1 KB per worker

[OCTOSKETCH HEAVY-HITTER DETECTION]
=== Top Attackers (per-IP tracking via Count-Min Sketch) ===

  Heavy-hitter threshold:    5000 pps per IP
  Heavy-hitters detected:    0 IPs exceeding threshold
  Total HH detections:       10767 events

  Top 5 Attackers (estimated counts, ×32 sampling):

[RING BUFFER + MULTI-SCALE FEATURES]
=== Temporal Analysis (last 100 windows = 5.0 sec) ===

  Windows processed:         16399
  Buffer utilization:        100/100 (100.0%)
  Running baseline (ML):     0 pps (for ML features only)
  Detection mode:            FIXED THRESHOLDS

  [Temporal Features - Last Window]
    Delta PPS (250ms):       +0
    Delta PPS (500ms):       +0
    PPS Variance:            0
    Ratio vs Baseline:       1.00x

  [Multi-Scale Features]
    Top IP (50ms):           0 pps
    Top IP (1s):             0 pps
    Top IP (1min):           0 pps
    Burst Ratio (50ms/1min): 1.00x
    IP Concentration:        0.0%

[MULTIPLE DETECTION STATISTICS]
=== Aggregate Detection Analysis ===

  Total detection events:    10696
  Average detection latency: 55.00 ms
  Min detection latency:     53.94 ms
  Max detection latency:     3425.89 ms
  Latency range:             3371.95 ms

  Detection Latency Histogram:
    < 20 ms:  0 detections (0.0%)
    20-30 ms: 0 detections (0.0%)
    30-40 ms: 0 detections (0.0%)
    40-50 ms: 0 detections (0.0%)
    > 50 ms:  10695 detections (100.0%)

[PERFORMANCE METRICS]
  Throughput:         3.96 Gbps (5.27 Mpps)
  Cycles available:   567 cycles/pkt (lower = higher load)
  Active IPs:         0
  Worker threads:     14 (lcores 1-14)

[DPDK NIC STATISTICS]
  RX packets (NIC):   8348389492
  RX dropped (HW):    [0m0[0m (imissed)
  RX no mbufs:        [0m0[0m (buffer exhaustion)
  RX errors:          0
  Total drops:        [0m0 (0.00%)[0m
  RX burst calls:     201759405695 (97.7% empty)
  Processed pkts:     8348392092 (100.0% of NIC RX)


╔═══════════════════════════════════════════════════════════════════════╗
║          MIRA DDoS DETECTOR - STATISTICS (MULTI-CORE)                ║
╚═══════════════════════════════════════════════════════════════════════╝

[PACKET COUNTERS - GLOBAL]
  Total packets:      8388609692
  Baseline (10.10.2.x): 4505065299 (53.7%)
  Attack (10.10.3.x): 1270940828 (15.2%)
  TCP packets:        4504788129
  UDP packets:        3487929575
  ICMP packets:       395891988

[INSTANTANEOUS TRAFFIC - Last 5.0 seconds]
  Baseline (10.10.2.x): 26447254 pkts (100.0%)  2481057723 bytes  3.96 Gbps
  Attack (10.10.3.x): 0 pkts (0.0%)  0 bytes  0.00 Gbps
  Total throughput:   3.96 Gbps  (avg pkt: 94 bytes)

[CUMULATIVE TRAFFIC - Since first packet (885.3s)]
  Total received:     8388609692 pkts (9.48 Mpps) | 8.66 Gbps | 958557427520 bytes

[ATTACK-SPECIFIC COUNTERS]
  SYN packets:        1216279933
  SYN-ACK packets:    608139336
  SYN/ACK ratio:      2.00
  HTTP requests:      2139914173
  DNS queries:        950555945

[PROTOCOL-SPECIFIC COUNTERS - CIC-DDoS-2019 Features]
  NTP Amplification:
    Monlist queries:  0
    Responses:        0  (avg size: 0 bytes)
  DNS Amplification:
    ANY queries:      0
    TXT queries:      0
    Responses:        950555931  (avg size: 108 bytes)
  SNMP Amplification:
    GetBulk requests: 0
    Responses:        0  (avg size: 0 bytes)
  SSDP:
    M-SEARCH packets: 0
    Responses:        20982
  PortMapper:
    GETPORT calls:    0
    DUMP calls:       0
  NetBIOS:
    Name queries:     0
    Datagram packets: 0
  LDAP:
    Bind requests:    0
    Search requests:  1270919846
  MSSQL:
    SQLBatch packets: 0
    RPC packets:      0
  TFTP:
    RRQ (read) pkts:  0
    WRQ (write) pkts: 0

[ATTACK DETECTIONS - Cumulative Events]
  UDP flood events:   0
  UDP-lag events:     0
  SYN flood events:   0
  HTTP flood events:  0
  ICMP flood events:  0
  DNS amp events:     0
  NTP amp events:     0
  SNMP amp events:    0
  SSDP events:        0
  PortMap events:     0
  NetBIOS events:     0
  LDAP events:        10696
  MSSQL events:       0
  TFTP events:        0
  ACK flood events:   0
  Frag attack events: 0
  Heavy-hitter events:10767 (OctoSketch per-IP detection)
  Packet flood events:0
  (Note: Events count IPs exceeding thresholds per 50ms window)

[ALERT STATUS]
  Alert level:        [0mNONE[0m
  Reason:             None

[MULTI-LF (2025) COMPARISON]
=== Detection Performance vs ML-Based System ===

  First Detection Latency:   3425.89 ms (vs MULTI-LF: 866 ms)
    Improvement:             0.3× faster

  Packets until detection:   1106353308
  Bytes until detection:     135675220297 (129389.97 MB)

[OCTOSKETCH METRICS - Optimized Architecture]
=== Per-Worker Sketches + Sampling (1/32 packets) ===

  Architecture:              Per-worker (NO atomics, NO contention)
  Total sketch memory:       8961 KB (14 workers × 640.1 KB)
  Sampling rate:             1 in 32 packets (3.1% overhead)
  Attack traffic sampled:    0 updates
  Estimated attack packets:  0 (×32 sampling factor)
  Sketch overhead:           ~1.56% of fast-path cycles
  Memory efficiency:         O(1) constant, 640.1 KB per worker

[OCTOSKETCH HEAVY-HITTER DETECTION]
=== Top Attackers (per-IP tracking via Count-Min Sketch) ===

  Heavy-hitter threshold:    5000 pps per IP
  Heavy-hitters detected:    0 IPs exceeding threshold
  Total HH detections:       10767 events

  Top 5 Attackers (estimated counts, ×32 sampling):

[RING BUFFER + MULTI-SCALE FEATURES]
=== Temporal Analysis (last 100 windows = 5.0 sec) ===

  Windows processed:         16492
  Buffer utilization:        100/100 (100.0%)
  Running baseline (ML):     0 pps (for ML features only)
  Detection mode:            FIXED THRESHOLDS

  [Temporal Features - Last Window]
    Delta PPS (250ms):       +0
    Delta PPS (500ms):       +0
    PPS Variance:            0
    Ratio vs Baseline:       1.00x

  [Multi-Scale Features]
    Top IP (50ms):           0 pps
    Top IP (1s):             0 pps
    Top IP (1min):           0 pps
    Burst Ratio (50ms/1min): 1.00x
    IP Concentration:        0.0%

[MULTIPLE DETECTION STATISTICS]
=== Aggregate Detection Analysis ===

  Total detection events:    10696
  Average detection latency: 55.00 ms
  Min detection latency:     53.94 ms
  Max detection latency:     3425.89 ms
  Latency range:             3371.95 ms

  Detection Latency Histogram:
    < 20 ms:  0 detections (0.0%)
    20-30 ms: 0 detections (0.0%)
    30-40 ms: 0 detections (0.0%)
    40-50 ms: 0 detections (0.0%)
    > 50 ms:  10695 detections (100.0%)

[PERFORMANCE METRICS]
  Throughput:         3.96 Gbps (5.28 Mpps)
  Cycles available:   566 cycles/pkt (lower = higher load)
  Active IPs:         0
  Worker threads:     14 (lcores 1-14)

[DPDK NIC STATISTICS]
  RX packets (NIC):   8388606814
  RX dropped (HW):    [0m0[0m (imissed)
  RX no mbufs:        [0m0[0m (buffer exhaustion)
  RX errors:          0
  Total drops:        [0m0 (0.00%)[0m
  RX burst calls:     203009402034 (97.7% empty)
  Processed pkts:     8388609692 (100.0% of NIC RX)


Signal 15 received, preparing to exit...

Signal 15 received, preparing to exit...

Shutting down...
