EAL: Detected 32 lcore(s)
EAL: Detected 1 NUMA nodes
EAL: Multi-process socket /var/run/dpdk/rte/mp_socket
EAL: Selected IOVA mode 'VA'
EAL: No available hugepages reported in hugepages-1048576kB
EAL: Probing VFIO support...
EAL: VFIO support initialized
EAL: PCI device 0000:41:00.0 on NUMA socket 0
EAL:   probe driver: 15b3:1017 net_mlx5
Number of available ports: 1
Port 0 initialized with 14 RX queues (RSS enabled)

[OctoSketch Initialized - Optimized Architecture]
  Per-worker sketches:     14 × 640.1 KB = 8961.8 KB
  Merged sketch:           1 × 640.1 KB = 640.1 KB
  Total memory:            9601.9 KB
  Configuration:           8 rows × 4096 columns per sketch
  Architecture:            Per-worker (NO atomics, NO contention)
  Sampling:                1 in 32 packets (3.12% overhead)
  Update policy:           Attack traffic only

[Ring Buffer Initialized - Temporal Analysis]
  Buffer size:             100 windows (5.0 seconds)
  Memory:                  24.1 KB
  Features per window:     56 (42 base + 14 temporal)

[Multi-Scale Sketches Initialized]
  Scales:                  50ms, 1s, 10s, 1min
  Per-worker memory:       640.1 KB × 4 scales = 2560.5 KB
  Total multi-scale mem:   38407.5 KB

╔═══════════════════════════════════════════════════════════════════════╗
║  MIRA DDoS DETECTOR - DPDK + OCTOSKETCH (14 workers + 1 coord)       ║
║  Optimized: Per-worker sketches + Sampling + Attack-only             ║
╚═══════════════════════════════════════════════════════════════════════╝

Comparing against MULTI-LF (2025):
  - MULTI-LF detection latency: 866 ms
  - MIRA detection latency:     <50 ms (17-170× faster)
  - DPDK architecture:          14 RX workers + 1 coordinator
  - OctoSketch advantage:       O(1) memory, per-worker (no atomics)
  - Sketch overhead:            <3% (sampled updates)

Press Ctrl+C to exit...

Launching worker 0 on lcore 1
Launching worker 1 on lcore 2
Worker thread 0 processing queue 0 on lcore 1
Launching worker 2 on lcore 3
Worker thread 1 processing queue 1 on lcore 2
Launching worker 3 on lcore 4
Worker thread 2 processing queue 2 on lcore 3
Launching worker 4 on lcore 5
Worker thread 3 processing queue 3 on lcore 4
Launching worker 5 on lcore 6
Worker thread 4 processing queue 4 on lcore 5
Launching worker 6 on lcore 7
Worker thread 5 processing queue 5 on lcore 6
Launching worker 7 on lcore 8
Worker thread 6 processing queue 6 on lcore 7
Launching worker 8 on lcore 9
Worker thread 7 processing queue 7 on lcore 8
Launching worker 9 on lcore 10
Worker thread 8 processing queue 8 on lcore 9
Launching worker 10 on lcore 11
Worker thread 9 processing queue 9 on lcore 10
Launching worker 11 on lcore 12
Worker thread 10 processing queue 10 on lcore 11
Launching worker 12 on lcore 13
Worker thread 11 processing queue 11 on lcore 12
Launching worker 13 on lcore 14
Worker thread 12 processing queue 12 on lcore 13
Launching coordinator on lcore 15
Worker thread 13 processing queue 13 on lcore 14

Coordinator thread on lcore 15
TSC frequency: 2990000000 Hz
Detection granularity: 50 ms (vs MULTI-LF: 1000 ms)


╔═══════════════════════════════════════════════════════════════════════╗
║          MIRA DDoS DETECTOR - STATISTICS (MULTI-CORE)                ║
╚═══════════════════════════════════════════════════════════════════════╝

[PACKET COUNTERS - GLOBAL]
  Total packets:      0
  Baseline (10.10.2.x): 0 (0.0%)
  Attack (10.10.3.x): 0 (0.0%)
  TCP packets:        0
  UDP packets:        0
  ICMP packets:       0

[INSTANTANEOUS TRAFFIC - Last 5.0 seconds]
  Baseline (10.10.2.x): 0 pkts (0.0%)  0 bytes  0.00 Gbps
  Attack (10.10.3.x): 0 pkts (0.0%)  0 bytes  0.00 Gbps
  Total throughput:   0.00 Gbps  (avg pkt: 0 bytes)

[CUMULATIVE TRAFFIC - Since first packet (0.0s)]
  Total received:     0 pkts (0.00 Mpps) | 0.00 Gbps | 0 bytes

[ATTACK-SPECIFIC COUNTERS]
  SYN packets:        0
  SYN-ACK packets:    0
  SYN/ACK ratio:      0.00
  HTTP requests:      0
  DNS queries:        0

[PROTOCOL-SPECIFIC COUNTERS - CIC-DDoS-2019 Features]
  NTP Amplification:
    Monlist queries:  0
    Responses:        0  (avg size: 0 bytes)
  DNS Amplification:
    ANY queries:      0
    TXT queries:      0
    Responses:        0  (avg size: 0 bytes)
  SNMP Amplification:
    GetBulk requests: 0
    Responses:        0  (avg size: 0 bytes)
  SSDP:
    M-SEARCH packets: 0
    Responses:        0
  PortMapper:
    GETPORT calls:    0
    DUMP calls:       0
  NetBIOS:
    Name queries:     0
    Datagram packets: 0
  LDAP:
    Bind requests:    0
    Search requests:  0
  MSSQL:
    SQLBatch packets: 0
    RPC packets:      0
  TFTP:
    RRQ (read) pkts:  0
    WRQ (write) pkts: 0

[ATTACK DETECTIONS - Cumulative Events]
  UDP flood events:   0
  UDP-lag events:     0
  SYN flood events:   0
  HTTP flood events:  0
  ICMP flood events:  0
  DNS amp events:     0
  NTP amp events:     0
  SNMP amp events:    0
  SSDP events:        0
  PortMap events:     0
  NetBIOS events:     0
  LDAP events:        0
  MSSQL events:       0
  TFTP events:        0
  ACK flood events:   0
  Frag attack events: 0
  Heavy-hitter events:0 (OctoSketch per-IP detection)
  Packet flood events:0
  (Note: Events count IPs exceeding thresholds per 50ms window)

[ALERT STATUS]
  Alert level:        [0mNONE[0m
  Reason:             None

[PERFORMANCE METRICS]
  Throughput:         0.00 Gbps (0.00 Mpps)
  Cycles available:   0 cycles/pkt (lower = higher load)
  Active IPs:         0
  Worker threads:     14 (lcores 1-14)

[DPDK NIC STATISTICS]
  RX packets (NIC):   1
  RX dropped (HW):    [0m0[0m (imissed)
  RX no mbufs:        [0m0[0m (buffer exhaustion)
  RX errors:          0
  Total drops:        [0m0 (0.00%)[0m
  RX burst calls:     90191963 (100.0% empty)
  Processed pkts:     0 (0.0% of NIC RX)


╔═══════════════════════════════════════════════════════════════════════╗
║          MIRA DDoS DETECTOR - STATISTICS (MULTI-CORE)                ║
╚═══════════════════════════════════════════════════════════════════════╝

[PACKET COUNTERS - GLOBAL]
  Total packets:      0
  Baseline (10.10.2.x): 0 (0.0%)
  Attack (10.10.3.x): 0 (0.0%)
  TCP packets:        0
  UDP packets:        0
  ICMP packets:       0

[INSTANTANEOUS TRAFFIC - Last 5.0 seconds]
  Baseline (10.10.2.x): 0 pkts (0.0%)  0 bytes  0.00 Gbps
  Attack (10.10.3.x): 0 pkts (0.0%)  0 bytes  0.00 Gbps
  Total throughput:   0.00 Gbps  (avg pkt: 0 bytes)

[CUMULATIVE TRAFFIC - Since first packet (0.0s)]
  Total received:     0 pkts (0.00 Mpps) | 0.00 Gbps | 0 bytes

[ATTACK-SPECIFIC COUNTERS]
  SYN packets:        0
  SYN-ACK packets:    0
  SYN/ACK ratio:      0.00
  HTTP requests:      0
  DNS queries:        0

[PROTOCOL-SPECIFIC COUNTERS - CIC-DDoS-2019 Features]
  NTP Amplification:
    Monlist queries:  0
    Responses:        0  (avg size: 0 bytes)
  DNS Amplification:
    ANY queries:      0
    TXT queries:      0
    Responses:        0  (avg size: 0 bytes)
  SNMP Amplification:
    GetBulk requests: 0
    Responses:        0  (avg size: 0 bytes)
  SSDP:
    M-SEARCH packets: 0
    Responses:        0
  PortMapper:
    GETPORT calls:    0
    DUMP calls:       0
  NetBIOS:
    Name queries:     0
    Datagram packets: 0
  LDAP:
    Bind requests:    0
    Search requests:  0
  MSSQL:
    SQLBatch packets: 0
    RPC packets:      0
  TFTP:
    RRQ (read) pkts:  0
    WRQ (write) pkts: 0

[ATTACK DETECTIONS - Cumulative Events]
  UDP flood events:   0
  UDP-lag events:     0
  SYN flood events:   0
  HTTP flood events:  0
  ICMP flood events:  0
  DNS amp events:     0
  NTP amp events:     0
  SNMP amp events:    0
  SSDP events:        0
  PortMap events:     0
  NetBIOS events:     0
  LDAP events:        0
  MSSQL events:       0
  TFTP events:        0
  ACK flood events:   0
  Frag attack events: 0
  Heavy-hitter events:0 (OctoSketch per-IP detection)
  Packet flood events:0
  (Note: Events count IPs exceeding thresholds per 50ms window)

[ALERT STATUS]
  Alert level:        [0mNONE[0m
  Reason:             None

[PERFORMANCE METRICS]
  Throughput:         0.00 Gbps (0.00 Mpps)
  Cycles available:   0 cycles/pkt (lower = higher load)
  Active IPs:         0
  Worker threads:     14 (lcores 1-14)

[DPDK NIC STATISTICS]
  RX packets (NIC):   1
  RX dropped (HW):    [0m0[0m (imissed)
  RX no mbufs:        [0m0[0m (buffer exhaustion)
  RX errors:          0
  Total drops:        [0m0 (0.00%)[0m
  RX burst calls:     90191963 (100.0% empty)
  Processed pkts:     0 (0.0% of NIC RX)


╔═══════════════════════════════════════════════════════════════════════╗
║          MIRA DDoS DETECTOR - STATISTICS (MULTI-CORE)                ║
╚═══════════════════════════════════════════════════════════════════════╝

[PACKET COUNTERS - GLOBAL]
  Total packets:      33101963
  Baseline (10.10.2.x): 21077356 (63.7%)
  Attack (10.10.3.x): 0 (0.0%)
  TCP packets:        24824476
  UDP packets:        6435379
  ICMP packets:       1842108

[INSTANTANEOUS TRAFFIC - Last 5.0 seconds]
  Baseline (10.10.2.x): 21077373 pkts (100.0%)  1859653860 bytes  2.97 Gbps
  Attack (10.10.3.x): 0 pkts (0.0%)  0 bytes  0.00 Gbps
  Total throughput:   2.97 Gbps  (avg pkt: 88 bytes)

[CUMULATIVE TRAFFIC - Since first packet (4.0s)]
  Total received:     33101963 pkts (8.35 Mpps) | 8.42 Gbps | 4171947333 bytes

[ATTACK-SPECIFIC COUNTERS]
  SYN packets:        6481984
  SYN-ACK packets:    3240989
  SYN/ACK ratio:      2.00
  HTTP requests:      13446488
  DNS queries:        2483986

[PROTOCOL-SPECIFIC COUNTERS - CIC-DDoS-2019 Features]
  NTP Amplification:
    Monlist queries:  0
    Responses:        0  (avg size: 0 bytes)
  DNS Amplification:
    ANY queries:      0
    TXT queries:      0
    Responses:        2483989  (avg size: 108 bytes)
  SNMP Amplification:
    GetBulk requests: 0
    Responses:        0  (avg size: 0 bytes)
  SSDP:
    M-SEARCH packets: 0
    Responses:        0
  PortMapper:
    GETPORT calls:    0
    DUMP calls:       0
  NetBIOS:
    Name queries:     0
    Datagram packets: 0
  LDAP:
    Bind requests:    0
    Search requests:  0
  MSSQL:
    SQLBatch packets: 0
    RPC packets:      0
  TFTP:
    RRQ (read) pkts:  0
    WRQ (write) pkts: 0

[ATTACK DETECTIONS - Cumulative Events]
  UDP flood events:   0
  UDP-lag events:     0
  SYN flood events:   0
  HTTP flood events:  0
  ICMP flood events:  0
  DNS amp events:     0
  NTP amp events:     0
  SNMP amp events:    0
  SSDP events:        0
  PortMap events:     0
  NetBIOS events:     0
  LDAP events:        0
  MSSQL events:       0
  TFTP events:        0
  ACK flood events:   0
  Frag attack events: 0
  Heavy-hitter events:0 (OctoSketch per-IP detection)
  Packet flood events:0
  (Note: Events count IPs exceeding thresholds per 50ms window)

[ALERT STATUS]
  Alert level:        [0mNONE[0m
  Reason:             None

[PERFORMANCE METRICS]
  Throughput:         2.97 Gbps (4.21 Mpps)
  Cycles available:   710 cycles/pkt (lower = higher load)
  Active IPs:         0
  Worker threads:     14 (lcores 1-14)

[DPDK NIC STATISTICS]
  RX packets (NIC):   33098753
  RX dropped (HW):    [0m0[0m (imissed)
  RX no mbufs:        [0m0[0m (buffer exhaustion)
  RX errors:          0
  Total drops:        [0m0 (0.00%)[0m
  RX burst calls:     5448725608 (99.6% empty)
  Processed pkts:     33101963 (100.0% of NIC RX)


╔═══════════════════════════════════════════════════════════════════════╗
║          MIRA DDoS DETECTOR - STATISTICS (MULTI-CORE)                ║
╚═══════════════════════════════════════════════════════════════════════╝

[PACKET COUNTERS - GLOBAL]
  Total packets:      74906115
  Baseline (10.10.2.x): 47696890 (63.7%)
  Attack (10.10.3.x): 0 (0.0%)
  TCP packets:        56181434
  UDP packets:        14559784
  ICMP packets:       4164897

[INSTANTANEOUS TRAFFIC - Last 5.0 seconds]
  Baseline (10.10.2.x): 26619067 pkts (100.0%)  2484722412 bytes  3.97 Gbps
  Attack (10.10.3.x): 0 pkts (0.0%)  0 bytes  0.00 Gbps
  Total throughput:   3.97 Gbps  (avg pkt: 93 bytes)

[CUMULATIVE TRAFFIC - Since first packet (9.0s)]
  Total received:     74906115 pkts (8.35 Mpps) | 8.42 Gbps | 9441035253 bytes

[ATTACK-SPECIFIC COUNTERS]
  SYN packets:        14669576
  SYN-ACK packets:    7334783
  SYN/ACK ratio:      2.00
  HTTP requests:      30432289
  DNS queries:        5619118

[PROTOCOL-SPECIFIC COUNTERS - CIC-DDoS-2019 Features]
  NTP Amplification:
    Monlist queries:  0
    Responses:        0  (avg size: 0 bytes)
  DNS Amplification:
    ANY queries:      0
    TXT queries:      0
    Responses:        5619129  (avg size: 108 bytes)
  SNMP Amplification:
    GetBulk requests: 0
    Responses:        0  (avg size: 0 bytes)
  SSDP:
    M-SEARCH packets: 0
    Responses:        0
  PortMapper:
    GETPORT calls:    0
    DUMP calls:       0
  NetBIOS:
    Name queries:     0
    Datagram packets: 0
  LDAP:
    Bind requests:    0
    Search requests:  0
  MSSQL:
    SQLBatch packets: 0
    RPC packets:      0
  TFTP:
    RRQ (read) pkts:  0
    WRQ (write) pkts: 0

[ATTACK DETECTIONS - Cumulative Events]
  UDP flood events:   0
  UDP-lag events:     0
  SYN flood events:   0
  HTTP flood events:  0
  ICMP flood events:  0
  DNS amp events:     0
  NTP amp events:     0
  SNMP amp events:    0
  SSDP events:        0
  PortMap events:     0
  NetBIOS events:     0
  LDAP events:        0
  MSSQL events:       0
  TFTP events:        0
  ACK flood events:   0
  Frag attack events: 0
  Heavy-hitter events:0 (OctoSketch per-IP detection)
  Packet flood events:0
  (Note: Events count IPs exceeding thresholds per 50ms window)

[ALERT STATUS]
  Alert level:        [0mNONE[0m
  Reason:             None

[PERFORMANCE METRICS]
  Throughput:         3.97 Gbps (5.31 Mpps)
  Cycles available:   563 cycles/pkt (lower = higher load)
  Active IPs:         0
  Worker threads:     14 (lcores 1-14)

[DPDK NIC STATISTICS]
  RX packets (NIC):   74903553
  RX dropped (HW):    [0m0[0m (imissed)
  RX no mbufs:        [0m0[0m (buffer exhaustion)
  RX errors:          0
  Total drops:        [0m0 (0.00%)[0m
  RX burst calls:     6667050982 (99.3% empty)
  Processed pkts:     74906115 (100.0% of NIC RX)


╔═══════════════════════════════════════════════════════════════════════╗
║          MIRA DDoS DETECTOR - STATISTICS (MULTI-CORE)                ║
╚═══════════════════════════════════════════════════════════════════════╝

[PACKET COUNTERS - GLOBAL]
  Total packets:      116632064
  Baseline (10.10.2.x): 74267657 (63.7%)
  Attack (10.10.3.x): 0 (0.0%)
  TCP packets:        87478202
  UDP packets:        22669143
  ICMP packets:       6484719

[INSTANTANEOUS TRAFFIC - Last 5.0 seconds]
  Baseline (10.10.2.x): 26570441 pkts (100.0%)  2344683664 bytes  3.75 Gbps
  Attack (10.10.3.x): 0 pkts (0.0%)  0 bytes  0.00 Gbps
  Total throughput:   3.75 Gbps  (avg pkt: 88 bytes)

[CUMULATIVE TRAFFIC - Since first packet (14.0s)]
  Total received:     116632064 pkts (8.35 Mpps) | 8.42 Gbps | 14700393050 bytes

[ATTACK-SPECIFIC COUNTERS]
  SYN packets:        22841616
  SYN-ACK packets:    11420795
  SYN/ACK ratio:      2.00
  HTTP requests:      47384191
  DNS queries:        8747647

[PROTOCOL-SPECIFIC COUNTERS - CIC-DDoS-2019 Features]
  NTP Amplification:
    Monlist queries:  0
    Responses:        0  (avg size: 0 bytes)
  DNS Amplification:
    ANY queries:      0
    TXT queries:      0
    Responses:        8747647  (avg size: 108 bytes)
  SNMP Amplification:
    GetBulk requests: 0
    Responses:        0  (avg size: 0 bytes)
  SSDP:
    M-SEARCH packets: 0
    Responses:        0
  PortMapper:
    GETPORT calls:    0
    DUMP calls:       0
  NetBIOS:
    Name queries:     0
    Datagram packets: 0
  LDAP:
    Bind requests:    0
    Search requests:  0
  MSSQL:
    SQLBatch packets: 0
    RPC packets:      0
  TFTP:
    RRQ (read) pkts:  0
    WRQ (write) pkts: 0

[ATTACK DETECTIONS - Cumulative Events]
  UDP flood events:   0
  UDP-lag events:     0
  SYN flood events:   0
  HTTP flood events:  0
  ICMP flood events:  0
  DNS amp events:     0
  NTP amp events:     0
  SNMP amp events:    0
  SSDP events:        0
  PortMap events:     0
  NetBIOS events:     0
  LDAP events:        0
  MSSQL events:       0
  TFTP events:        0
  ACK flood events:   0
  Frag attack events: 0
  Heavy-hitter events:0 (OctoSketch per-IP detection)
  Packet flood events:0
  (Note: Events count IPs exceeding thresholds per 50ms window)

[ALERT STATUS]
  Alert level:        [0mNONE[0m
  Reason:             None

[PERFORMANCE METRICS]
  Throughput:         3.75 Gbps (5.31 Mpps)
  Cycles available:   563 cycles/pkt (lower = higher load)
  Active IPs:         0
  Worker threads:     14 (lcores 1-14)

[DPDK NIC STATISTICS]
  RX packets (NIC):   116629156
  RX dropped (HW):    [0m0[0m (imissed)
  RX no mbufs:        [0m0[0m (buffer exhaustion)
  RX errors:          0
  Total drops:        [0m0 (0.00%)[0m
  RX burst calls:     7884109457 (99.1% empty)
  Processed pkts:     116632064 (100.0% of NIC RX)


╔═══════════════════════════════════════════════════════════════════════╗
║          MIRA DDoS DETECTOR - STATISTICS (MULTI-CORE)                ║
╚═══════════════════════════════════════════════════════════════════════╝

[PACKET COUNTERS - GLOBAL]
  Total packets:      158435840
  Baseline (10.10.2.x): 100887454 (63.7%)
  Attack (10.10.3.x): 0 (0.0%)
  TCP packets:        118835285
  UDP packets:        30793295
  ICMP packets:       8807260

[INSTANTANEOUS TRAFFIC - Last 5.0 seconds]
  Baseline (10.10.2.x): 26619474 pkts (100.0%)  2348763580 bytes  3.75 Gbps
  Attack (10.10.3.x): 0 pkts (0.0%)  0 bytes  0.00 Gbps
  Total throughput:   3.75 Gbps  (avg pkt: 88 bytes)

[CUMULATIVE TRAFFIC - Since first packet (19.0s)]
  Total received:     158435840 pkts (8.35 Mpps) | 8.42 Gbps | 19969474532 bytes

[ATTACK-SPECIFIC COUNTERS]
  SYN packets:        31029380
  SYN-ACK packets:    15514664
  SYN/ACK ratio:      2.00
  HTTP requests:      64368954
  DNS queries:        11882608

[PROTOCOL-SPECIFIC COUNTERS - CIC-DDoS-2019 Features]
  NTP Amplification:
    Monlist queries:  0
    Responses:        0  (avg size: 0 bytes)
  DNS Amplification:
    ANY queries:      0
    TXT queries:      0
    Responses:        11882611  (avg size: 108 bytes)
  SNMP Amplification:
    GetBulk requests: 0
    Responses:        0  (avg size: 0 bytes)
  SSDP:
    M-SEARCH packets: 0
    Responses:        0
  PortMapper:
    GETPORT calls:    0
    DUMP calls:       0
  NetBIOS:
    Name queries:     0
    Datagram packets: 0
  LDAP:
    Bind requests:    0
    Search requests:  0
  MSSQL:
    SQLBatch packets: 0
    RPC packets:      0
  TFTP:
    RRQ (read) pkts:  0
    WRQ (write) pkts: 0

[ATTACK DETECTIONS - Cumulative Events]
  UDP flood events:   0
  UDP-lag events:     0
  SYN flood events:   0
  HTTP flood events:  0
  ICMP flood events:  0
  DNS amp events:     0
  NTP amp events:     0
  SNMP amp events:    0
  SSDP events:        0
  PortMap events:     0
  NetBIOS events:     0
  LDAP events:        0
  MSSQL events:       0
  TFTP events:        0
  ACK flood events:   0
  Frag attack events: 0
  Heavy-hitter events:0 (OctoSketch per-IP detection)
  Packet flood events:0
  (Note: Events count IPs exceeding thresholds per 50ms window)

[ALERT STATUS]
  Alert level:        [0mNONE[0m
  Reason:             None

[PERFORMANCE METRICS]
  Throughput:         3.75 Gbps (5.31 Mpps)
  Cycles available:   563 cycles/pkt (lower = higher load)
  Active IPs:         0
  Worker threads:     14 (lcores 1-14)

[DPDK NIC STATISTICS]
  RX packets (NIC):   158432895
  RX dropped (HW):    [0m0[0m (imissed)
  RX no mbufs:        [0m0[0m (buffer exhaustion)
  RX errors:          0
  Total drops:        [0m0 (0.00%)[0m
  RX burst calls:     9103367960 (99.0% empty)
  Processed pkts:     158435840 (100.0% of NIC RX)


╔═══════════════════════════════════════════════════════════════════════╗
║          MIRA DDoS DETECTOR - STATISTICS (MULTI-CORE)                ║
╚═══════════════════════════════════════════════════════════════════════╝

[PACKET COUNTERS - GLOBAL]
  Total packets:      200232988
  Baseline (10.10.2.x): 127502722 (63.7%)
  Attack (10.10.3.x): 0 (0.0%)
  TCP packets:        150184360
  UDP packets:        38915149
  ICMP packets:       11133479

[INSTANTANEOUS TRAFFIC - Last 5.0 seconds]
  Baseline (10.10.2.x): 26614952 pkts (100.0%)  2348484827 bytes  3.75 Gbps
  Attack (10.10.3.x): 0 pkts (0.0%)  0 bytes  0.00 Gbps
  Total throughput:   3.75 Gbps  (avg pkt: 88 bytes)

[CUMULATIVE TRAFFIC - Since first packet (24.0s)]
  Total received:     200232988 pkts (8.34 Mpps) | 8.41 Gbps | 25237726838 bytes

[ATTACK-SPECIFIC COUNTERS]
  SYN packets:        39215001
  SYN-ACK packets:    19607479
  SYN/ACK ratio:      2.00
  HTTP requests:      81349791
  DNS queries:        15016258

[PROTOCOL-SPECIFIC COUNTERS - CIC-DDoS-2019 Features]
  NTP Amplification:
    Monlist queries:  0
    Responses:        0  (avg size: 0 bytes)
  DNS Amplification:
    ANY queries:      0
    TXT queries:      0
    Responses:        15016257  (avg size: 108 bytes)
  SNMP Amplification:
    GetBulk requests: 0
    Responses:        0  (avg size: 0 bytes)
  SSDP:
    M-SEARCH packets: 0
    Responses:        0
  PortMapper:
    GETPORT calls:    0
    DUMP calls:       0
  NetBIOS:
    Name queries:     0
    Datagram packets: 0
  LDAP:
    Bind requests:    0
    Search requests:  0
  MSSQL:
    SQLBatch packets: 0
    RPC packets:      0
  TFTP:
    RRQ (read) pkts:  0
    WRQ (write) pkts: 0

[ATTACK DETECTIONS - Cumulative Events]
  UDP flood events:   0
  UDP-lag events:     0
  SYN flood events:   0
  HTTP flood events:  0
  ICMP flood events:  0
  DNS amp events:     0
  NTP amp events:     0
  SNMP amp events:    0
  SSDP events:        0
  PortMap events:     0
  NetBIOS events:     0
  LDAP events:        0
  MSSQL events:       0
  TFTP events:        0
  ACK flood events:   0
  Frag attack events: 0
  Heavy-hitter events:0 (OctoSketch per-IP detection)
  Packet flood events:0
  (Note: Events count IPs exceeding thresholds per 50ms window)

[ALERT STATUS]
  Alert level:        [0mNONE[0m
  Reason:             None

[PERFORMANCE METRICS]
  Throughput:         3.75 Gbps (5.31 Mpps)
  Cycles available:   563 cycles/pkt (lower = higher load)
  Active IPs:         0
  Worker threads:     14 (lcores 1-14)

[DPDK NIC STATISTICS]
  RX packets (NIC):   200230402
  RX dropped (HW):    [0m0[0m (imissed)
  RX no mbufs:        [0m0[0m (buffer exhaustion)
  RX errors:          0
  Total drops:        [0m0 (0.00%)[0m
  RX burst calls:     10322507061 (98.9% empty)
  Processed pkts:     200232988 (100.0% of NIC RX)


╔═══════════════════════════════════════════════════════════════════════╗
║          MIRA DDoS DETECTOR - STATISTICS (MULTI-CORE)                ║
╚═══════════════════════════════════════════════════════════════════════╝

[PACKET COUNTERS - GLOBAL]
  Total packets:      242002333
  Baseline (10.10.2.x): 154099983 (63.7%)
  Attack (10.10.3.x): 0 (0.0%)
  TCP packets:        181513050
  UDP packets:        47033160
  ICMP packets:       13456123

[INSTANTANEOUS TRAFFIC - Last 5.0 seconds]
  Baseline (10.10.2.x): 26596935 pkts (100.0%)  2346795528 bytes  3.75 Gbps
  Attack (10.10.3.x): 0 pkts (0.0%)  0 bytes  0.00 Gbps
  Total throughput:   3.75 Gbps  (avg pkt: 88 bytes)

[CUMULATIVE TRAFFIC - Since first packet (29.0s)]
  Total received:     242002333 pkts (8.34 Mpps) | 8.41 Gbps | 30502541033 bytes

[ATTACK-SPECIFIC COUNTERS]
  SYN packets:        47395122
  SYN-ACK packets:    23697531
  SYN/ACK ratio:      2.00
  HTTP requests:      98321050
  DNS queries:        18148507

[PROTOCOL-SPECIFIC COUNTERS - CIC-DDoS-2019 Features]
  NTP Amplification:
    Monlist queries:  0
    Responses:        0  (avg size: 0 bytes)
  DNS Amplification:
    ANY queries:      0
    TXT queries:      0
    Responses:        18148509  (avg size: 108 bytes)
  SNMP Amplification:
    GetBulk requests: 0
    Responses:        0  (avg size: 0 bytes)
  SSDP:
    M-SEARCH packets: 0
    Responses:        0
  PortMapper:
    GETPORT calls:    0
    DUMP calls:       0
  NetBIOS:
    Name queries:     0
    Datagram packets: 0
  LDAP:
    Bind requests:    0
    Search requests:  0
  MSSQL:
    SQLBatch packets: 0
    RPC packets:      0
  TFTP:
    RRQ (read) pkts:  0
    WRQ (write) pkts: 0

[ATTACK DETECTIONS - Cumulative Events]
  UDP flood events:   0
  UDP-lag events:     0
  SYN flood events:   0
  HTTP flood events:  0
  ICMP flood events:  0
  DNS amp events:     0
  NTP amp events:     0
  SNMP amp events:    0
  SSDP events:        0
  PortMap events:     0
  NetBIOS events:     0
  LDAP events:        0
  MSSQL events:       0
  TFTP events:        0
  ACK flood events:   0
  Frag attack events: 0
  Heavy-hitter events:0 (OctoSketch per-IP detection)
  Packet flood events:0
  (Note: Events count IPs exceeding thresholds per 50ms window)

[ALERT STATUS]
  Alert level:        [0mNONE[0m
  Reason:             None

[PERFORMANCE METRICS]
  Throughput:         3.75 Gbps (5.31 Mpps)
  Cycles available:   563 cycles/pkt (lower = higher load)
  Active IPs:         0
  Worker threads:     14 (lcores 1-14)

[DPDK NIC STATISTICS]
  RX packets (NIC):   241999362
  RX dropped (HW):    [0m0[0m (imissed)
  RX no mbufs:        [0m0[0m (buffer exhaustion)
  RX errors:          0
  Total drops:        [0m0 (0.00%)[0m
  RX burst calls:     11541822653 (98.8% empty)
  Processed pkts:     242002333 (100.0% of NIC RX)


╔═══════════════════════════════════════════════════════════════════════╗
║          MIRA DDoS DETECTOR - STATISTICS (MULTI-CORE)                ║
╚═══════════════════════════════════════════════════════════════════════╝

[PACKET COUNTERS - GLOBAL]
  Total packets:      283775525
  Baseline (10.10.2.x): 180700348 (63.7%)
  Attack (10.10.3.x): 0 (0.0%)
  TCP packets:        212845077
  UDP packets:        55150637
  ICMP packets:       15779811

[INSTANTANEOUS TRAFFIC - Last 5.0 seconds]
  Baseline (10.10.2.x): 26600163 pkts (100.0%)  2347248910 bytes  3.75 Gbps
  Attack (10.10.3.x): 0 pkts (0.0%)  0 bytes  0.00 Gbps
  Total throughput:   3.75 Gbps  (avg pkt: 88 bytes)

[CUMULATIVE TRAFFIC - Since first packet (34.0s)]
  Total received:     283775525 pkts (8.34 Mpps) | 8.41 Gbps | 35767975662 bytes

[ATTACK-SPECIFIC COUNTERS]
  SYN packets:        55576183
  SYN-ACK packets:    27788052
  SYN/ACK ratio:      2.00
  HTTP requests:      115293427
  DNS queries:        21280044

[PROTOCOL-SPECIFIC COUNTERS - CIC-DDoS-2019 Features]
  NTP Amplification:
    Monlist queries:  0
    Responses:        0  (avg size: 0 bytes)
  DNS Amplification:
    ANY queries:      0
    TXT queries:      0
    Responses:        21280035  (avg size: 108 bytes)
  SNMP Amplification:
    GetBulk requests: 0
    Responses:        0  (avg size: 0 bytes)
  SSDP:
    M-SEARCH packets: 0
    Responses:        0
  PortMapper:
    GETPORT calls:    0
    DUMP calls:       0
  NetBIOS:
    Name queries:     0
    Datagram packets: 0
  LDAP:
    Bind requests:    0
    Search requests:  0
  MSSQL:
    SQLBatch packets: 0
    RPC packets:      0
  TFTP:
    RRQ (read) pkts:  0
    WRQ (write) pkts: 0

[ATTACK DETECTIONS - Cumulative Events]
  UDP flood events:   0
  UDP-lag events:     0
  SYN flood events:   0
  HTTP flood events:  0
  ICMP flood events:  0
  DNS amp events:     0
  NTP amp events:     0
  SNMP amp events:    0
  SSDP events:        0
  PortMap events:     0
  NetBIOS events:     0
  LDAP events:        0
  MSSQL events:       0
  TFTP events:        0
  ACK flood events:   0
  Frag attack events: 0
  Heavy-hitter events:0 (OctoSketch per-IP detection)
  Packet flood events:0
  (Note: Events count IPs exceeding thresholds per 50ms window)

[ALERT STATUS]
  Alert level:        [0mNONE[0m
  Reason:             None

[PERFORMANCE METRICS]
  Throughput:         3.75 Gbps (5.31 Mpps)
  Cycles available:   563 cycles/pkt (lower = higher load)
  Active IPs:         0
  Worker threads:     14 (lcores 1-14)

[DPDK NIC STATISTICS]
  RX packets (NIC):   283772862
  RX dropped (HW):    [0m0[0m (imissed)
  RX no mbufs:        [0m0[0m (buffer exhaustion)
  RX errors:          0
  Total drops:        [0m0 (0.00%)[0m
  RX burst calls:     12761262074 (98.7% empty)
  Processed pkts:     283775525 (100.0% of NIC RX)


╔═══════════════════════════════════════════════════════════════════════╗
║          MIRA DDoS DETECTOR - STATISTICS (MULTI-CORE)                ║
╚═══════════════════════════════════════════════════════════════════════╝

[PACKET COUNTERS - GLOBAL]
  Total packets:      325553187
  Baseline (10.10.2.x): 207304207 (63.7%)
  Attack (10.10.3.x): 0 (0.0%)
  TCP packets:        244175922
  UDP packets:        63270785
  ICMP packets:       18106480

[INSTANTANEOUS TRAFFIC - Last 5.0 seconds]
  Baseline (10.10.2.x): 26603592 pkts (100.0%)  2347894376 bytes  3.75 Gbps
  Attack (10.10.3.x): 0 pkts (0.0%)  0 bytes  0.00 Gbps
  Total throughput:   3.75 Gbps  (avg pkt: 88 bytes)

[CUMULATIVE TRAFFIC - Since first packet (39.0s)]
  Total received:     325553187 pkts (8.34 Mpps) | 8.41 Gbps | 41033820677 bytes

[ATTACK-SPECIFIC COUNTERS]
  SYN packets:        63757367
  SYN-ACK packets:    31878643
  SYN/ACK ratio:      2.00
  HTTP requests:      132261927
  DNS queries:        24412540

[PROTOCOL-SPECIFIC COUNTERS - CIC-DDoS-2019 Features]
  NTP Amplification:
    Monlist queries:  0
    Responses:        0  (avg size: 0 bytes)
  DNS Amplification:
    ANY queries:      0
    TXT queries:      0
    Responses:        24412539  (avg size: 108 bytes)
  SNMP Amplification:
    GetBulk requests: 0
    Responses:        0  (avg size: 0 bytes)
  SSDP:
    M-SEARCH packets: 0
    Responses:        0
  PortMapper:
    GETPORT calls:    0
    DUMP calls:       0
  NetBIOS:
    Name queries:     0
    Datagram packets: 0
  LDAP:
    Bind requests:    0
    Search requests:  0
  MSSQL:
    SQLBatch packets: 0
    RPC packets:      0
  TFTP:
    RRQ (read) pkts:  0
    WRQ (write) pkts: 0

[ATTACK DETECTIONS - Cumulative Events]
  UDP flood events:   0
  UDP-lag events:     0
  SYN flood events:   0
  HTTP flood events:  0
  ICMP flood events:  0
  DNS amp events:     0
  NTP amp events:     0
  SNMP amp events:    0
  SSDP events:        0
  PortMap events:     0
  NetBIOS events:     0
  LDAP events:        0
  MSSQL events:       0
  TFTP events:        0
  ACK flood events:   0
  Frag attack events: 0
  Heavy-hitter events:0 (OctoSketch per-IP detection)
  Packet flood events:0
  (Note: Events count IPs exceeding thresholds per 50ms window)

[ALERT STATUS]
  Alert level:        [0mNONE[0m
  Reason:             None

[PERFORMANCE METRICS]
  Throughput:         3.75 Gbps (5.31 Mpps)
  Cycles available:   563 cycles/pkt (lower = higher load)
  Active IPs:         0
  Worker threads:     14 (lcores 1-14)

[DPDK NIC STATISTICS]
  RX packets (NIC):   325550462
  RX dropped (HW):    [0m0[0m (imissed)
  RX no mbufs:        [0m0[0m (buffer exhaustion)
  RX errors:          0
  Total drops:        [0m0 (0.00%)[0m
  RX burst calls:     13980665079 (98.6% empty)
  Processed pkts:     325553187 (100.0% of NIC RX)


╔═══════════════════════════════════════════════════════════════════════╗
║          MIRA DDoS DETECTOR - STATISTICS (MULTI-CORE)                ║
╚═══════════════════════════════════════════════════════════════════════╝

[PACKET COUNTERS - GLOBAL]
  Total packets:      367324160
  Baseline (10.10.2.x): 233902819 (63.7%)
  Attack (10.10.3.x): 0 (0.0%)
  TCP packets:        275501683
  UDP packets:        71391373
  ICMP packets:       20431104

[INSTANTANEOUS TRAFFIC - Last 5.0 seconds]
  Baseline (10.10.2.x): 26598227 pkts (100.0%)  2514278705 bytes  4.01 Gbps
  Attack (10.10.3.x): 0 pkts (0.0%)  0 bytes  0.00 Gbps
  Total throughput:   4.01 Gbps  (avg pkt: 95 bytes)

[CUMULATIVE TRAFFIC - Since first packet (44.0s)]
  Total received:     367324160 pkts (8.34 Mpps) | 8.41 Gbps | 46298763161 bytes

[ATTACK-SPECIFIC COUNTERS]
  SYN packets:        71936920
  SYN-ACK packets:    35968412
  SYN/ACK ratio:      2.00
  HTTP requests:      149229930
  DNS queries:        27545616

[PROTOCOL-SPECIFIC COUNTERS - CIC-DDoS-2019 Features]
  NTP Amplification:
    Monlist queries:  0
    Responses:        0  (avg size: 0 bytes)
  DNS Amplification:
    ANY queries:      0
    TXT queries:      0
    Responses:        27545629  (avg size: 108 bytes)
  SNMP Amplification:
    GetBulk requests: 0
    Responses:        0  (avg size: 0 bytes)
  SSDP:
    M-SEARCH packets: 0
    Responses:        0
  PortMapper:
    GETPORT calls:    0
    DUMP calls:       0
  NetBIOS:
    Name queries:     0
    Datagram packets: 0
  LDAP:
    Bind requests:    0
    Search requests:  0
  MSSQL:
    SQLBatch packets: 0
    RPC packets:      0
  TFTP:
    RRQ (read) pkts:  0
    WRQ (write) pkts: 0

[ATTACK DETECTIONS - Cumulative Events]
  UDP flood events:   0
  UDP-lag events:     0
  SYN flood events:   0
  HTTP flood events:  0
  ICMP flood events:  0
  DNS amp events:     0
  NTP amp events:     0
  SNMP amp events:    0
  SSDP events:        0
  PortMap events:     0
  NetBIOS events:     0
  LDAP events:        0
  MSSQL events:       0
  TFTP events:        0
  ACK flood events:   0
  Frag attack events: 0
  Heavy-hitter events:0 (OctoSketch per-IP detection)
  Packet flood events:0
  (Note: Events count IPs exceeding thresholds per 50ms window)

[ALERT STATUS]
  Alert level:        [0mNONE[0m
  Reason:             None

[PERFORMANCE METRICS]
  Throughput:         4.01 Gbps (5.31 Mpps)
  Cycles available:   563 cycles/pkt (lower = higher load)
  Active IPs:         0
  Worker threads:     14 (lcores 1-14)

[DPDK NIC STATISTICS]
  RX packets (NIC):   367321092
  RX dropped (HW):    [0m0[0m (imissed)
  RX no mbufs:        [0m0[0m (buffer exhaustion)
  RX errors:          0
  Total drops:        [0m0 (0.00%)[0m
  RX burst calls:     15200051854 (98.6% empty)
  Processed pkts:     367324160 (100.0% of NIC RX)


╔═══════════════════════════════════════════════════════════════════════╗
║          MIRA DDoS DETECTOR - STATISTICS (MULTI-CORE)                ║
╚═══════════════════════════════════════════════════════════════════════╝

[PACKET COUNTERS - GLOBAL]
  Total packets:      409091584
  Baseline (10.10.2.x): 260499029 (63.7%)
  Attack (10.10.3.x): 0 (0.0%)
  TCP packets:        306828669
  UDP packets:        79509787
  ICMP packets:       22753128

[INSTANTANEOUS TRAFFIC - Last 5.0 seconds]
  Baseline (10.10.2.x): 30318019 pkts (100.0%)  2346773149 bytes  3.75 Gbps
  Attack (10.10.3.x): 0 pkts (0.0%)  0 bytes  0.00 Gbps
  Total throughput:   3.75 Gbps  (avg pkt: 77 bytes)

[CUMULATIVE TRAFFIC - Since first packet (49.0s)]
  Total received:     409091584 pkts (8.34 Mpps) | 8.41 Gbps | 51563306382 bytes

[ATTACK-SPECIFIC COUNTERS]
  SYN packets:        80116671
  SYN-ACK packets:    40058289
  SYN/ACK ratio:      2.00
  HTTP requests:      166199707
  DNS queries:        30678081

[PROTOCOL-SPECIFIC COUNTERS - CIC-DDoS-2019 Features]
  NTP Amplification:
    Monlist queries:  0
    Responses:        0  (avg size: 0 bytes)
  DNS Amplification:
    ANY queries:      0
    TXT queries:      0
    Responses:        30678081  (avg size: 108 bytes)
  SNMP Amplification:
    GetBulk requests: 0
    Responses:        0  (avg size: 0 bytes)
  SSDP:
    M-SEARCH packets: 0
    Responses:        0
  PortMapper:
    GETPORT calls:    0
    DUMP calls:       0
  NetBIOS:
    Name queries:     0
    Datagram packets: 0
  LDAP:
    Bind requests:    0
    Search requests:  0
  MSSQL:
    SQLBatch packets: 0
    RPC packets:      0
  TFTP:
    RRQ (read) pkts:  0
    WRQ (write) pkts: 0

[ATTACK DETECTIONS - Cumulative Events]
  UDP flood events:   0
  UDP-lag events:     0
  SYN flood events:   0
  HTTP flood events:  0
  ICMP flood events:  0
  DNS amp events:     0
  NTP amp events:     0
  SNMP amp events:    0
  SSDP events:        0
  PortMap events:     0
  NetBIOS events:     0
  LDAP events:        0
  MSSQL events:       0
  TFTP events:        0
  ACK flood events:   0
  Frag attack events: 0
  Heavy-hitter events:0 (OctoSketch per-IP detection)
  Packet flood events:0
  (Note: Events count IPs exceeding thresholds per 50ms window)

[ALERT STATUS]
  Alert level:        [0mNONE[0m
  Reason:             None

[PERFORMANCE METRICS]
  Throughput:         3.75 Gbps (6.05 Mpps)
  Cycles available:   494 cycles/pkt (lower = higher load)
  Active IPs:         0
  Worker threads:     14 (lcores 1-14)

[DPDK NIC STATISTICS]
  RX packets (NIC):   409089026
  RX dropped (HW):    [0m0[0m (imissed)
  RX no mbufs:        [0m0[0m (buffer exhaustion)
  RX errors:          0
  Total drops:        [0m0 (0.00%)[0m
  RX burst calls:     16419471381 (98.6% empty)
  Processed pkts:     409091584 (100.0% of NIC RX)


╔═══════════════════════════════════════════════════════════════════════╗
║          MIRA DDoS DETECTOR - STATISTICS (MULTI-CORE)                ║
╚═══════════════════════════════════════════════════════════════════════╝

[PACKET COUNTERS - GLOBAL]
  Total packets:      450882560
  Baseline (10.10.2.x): 287110156 (63.7%)
  Attack (10.10.3.x): 0 (0.0%)
  TCP packets:        338171513
  UDP packets:        87634282
  ICMP packets:       25076765

[INSTANTANEOUS TRAFFIC - Last 5.0 seconds]
  Baseline (10.10.2.x): 26610794 pkts (100.0%)  2348074817 bytes  3.75 Gbps
  Attack (10.10.3.x): 0 pkts (0.0%)  0 bytes  0.00 Gbps
  Total throughput:   3.75 Gbps  (avg pkt: 88 bytes)

[CUMULATIVE TRAFFIC - Since first packet (54.1s)]
  Total received:     450882560 pkts (8.34 Mpps) | 8.41 Gbps | 56830622346 bytes

[ATTACK-SPECIFIC COUNTERS]
  SYN packets:        88300748
  SYN-ACK packets:    44150319
  SYN/ACK ratio:      2.00
  HTTP requests:      183176463
  DNS queries:        33813415

[PROTOCOL-SPECIFIC COUNTERS - CIC-DDoS-2019 Features]
  NTP Amplification:
    Monlist queries:  0
    Responses:        0  (avg size: 0 bytes)
  DNS Amplification:
    ANY queries:      0
    TXT queries:      0
    Responses:        33813413  (avg size: 108 bytes)
  SNMP Amplification:
    GetBulk requests: 0
    Responses:        0  (avg size: 0 bytes)
  SSDP:
    M-SEARCH packets: 0
    Responses:        0
  PortMapper:
    GETPORT calls:    0
    DUMP calls:       0
  NetBIOS:
    Name queries:     0
    Datagram packets: 0
  LDAP:
    Bind requests:    0
    Search requests:  0
  MSSQL:
    SQLBatch packets: 0
    RPC packets:      0
  TFTP:
    RRQ (read) pkts:  0
    WRQ (write) pkts: 0

[ATTACK DETECTIONS - Cumulative Events]
  UDP flood events:   0
  UDP-lag events:     0
  SYN flood events:   0
  HTTP flood events:  0
  ICMP flood events:  0
  DNS amp events:     0
  NTP amp events:     0
  SNMP amp events:    0
  SSDP events:        0
  PortMap events:     0
  NetBIOS events:     0
  LDAP events:        0
  MSSQL events:       0
  TFTP events:        0
  ACK flood events:   0
  Frag attack events: 0
  Heavy-hitter events:0 (OctoSketch per-IP detection)
  Packet flood events:0
  (Note: Events count IPs exceeding thresholds per 50ms window)

[ALERT STATUS]
  Alert level:        [0mNONE[0m
  Reason:             None

[PERFORMANCE METRICS]
  Throughput:         3.75 Gbps (5.31 Mpps)
  Cycles available:   563 cycles/pkt (lower = higher load)
  Active IPs:         0
  Worker threads:     14 (lcores 1-14)

[DPDK NIC STATISTICS]
  RX packets (NIC):   450879491
  RX dropped (HW):    [0m0[0m (imissed)
  RX no mbufs:        [0m0[0m (buffer exhaustion)
  RX errors:          0
  Total drops:        [0m0 (0.00%)[0m
  RX burst calls:     17638680718 (98.5% empty)
  Processed pkts:     450882560 (100.0% of NIC RX)


╔═══════════════════════════════════════════════════════════════════════╗
║          MIRA DDoS DETECTOR - STATISTICS (MULTI-CORE)                ║
╚═══════════════════════════════════════════════════════════════════════╝

[PACKET COUNTERS - GLOBAL]
  Total packets:      492670976
  Baseline (10.10.2.x): 313720972 (63.7%)
  Attack (10.10.3.x): 0 (0.0%)
  TCP packets:        369516574
  UDP packets:        95755449
  ICMP packets:       27398953

[INSTANTANEOUS TRAFFIC - Last 5.0 seconds]
  Baseline (10.10.2.x): 26610500 pkts (100.0%)  2348218003 bytes  3.75 Gbps
  Attack (10.10.3.x): 0 pkts (0.0%)  0 bytes  0.00 Gbps
  Total throughput:   3.75 Gbps  (avg pkt: 88 bytes)

[CUMULATIVE TRAFFIC - Since first packet (59.1s)]
  Total received:     492670976 pkts (8.34 Mpps) | 8.41 Gbps | 62097958430 bytes

[ATTACK-SPECIFIC COUNTERS]
  SYN packets:        96485453
  SYN-ACK packets:    48242663
  SYN/ACK ratio:      2.00
  HTTP requests:      200154109
  DNS queries:        36946537

[PROTOCOL-SPECIFIC COUNTERS - CIC-DDoS-2019 Features]
  NTP Amplification:
    Monlist queries:  0
    Responses:        0  (avg size: 0 bytes)
  DNS Amplification:
    ANY queries:      0
    TXT queries:      0
    Responses:        36946539  (avg size: 108 bytes)
  SNMP Amplification:
    GetBulk requests: 0
    Responses:        0  (avg size: 0 bytes)
  SSDP:
    M-SEARCH packets: 0
    Responses:        0
  PortMapper:
    GETPORT calls:    0
    DUMP calls:       0
  NetBIOS:
    Name queries:     0
    Datagram packets: 0
  LDAP:
    Bind requests:    0
    Search requests:  0
  MSSQL:
    SQLBatch packets: 0
    RPC packets:      0
  TFTP:
    RRQ (read) pkts:  0
    WRQ (write) pkts: 0

[ATTACK DETECTIONS - Cumulative Events]
  UDP flood events:   0
  UDP-lag events:     0
  SYN flood events:   0
  HTTP flood events:  0
  ICMP flood events:  0
  DNS amp events:     0
  NTP amp events:     0
  SNMP amp events:    0
  SSDP events:        0
  PortMap events:     0
  NetBIOS events:     0
  LDAP events:        0
  MSSQL events:       0
  TFTP events:        0
  ACK flood events:   0
  Frag attack events: 0
  Heavy-hitter events:0 (OctoSketch per-IP detection)
  Packet flood events:0
  (Note: Events count IPs exceeding thresholds per 50ms window)

[ALERT STATUS]
  Alert level:        [0mNONE[0m
  Reason:             None

[PERFORMANCE METRICS]
  Throughput:         3.75 Gbps (5.31 Mpps)
  Cycles available:   563 cycles/pkt (lower = higher load)
  Active IPs:         0
  Worker threads:     14 (lcores 1-14)

[DPDK NIC STATISTICS]
  RX packets (NIC):   492668205
  RX dropped (HW):    [0m0[0m (imissed)
  RX no mbufs:        [0m0[0m (buffer exhaustion)
  RX errors:          0
  Total drops:        [0m0 (0.00%)[0m
  RX burst calls:     18857121816 (98.5% empty)
  Processed pkts:     492670976 (100.0% of NIC RX)


╔═══════════════════════════════════════════════════════════════════════╗
║          MIRA DDoS DETECTOR - STATISTICS (MULTI-CORE)                ║
╚═══════════════════════════════════════════════════════════════════════╝

[PACKET COUNTERS - GLOBAL]
  Total packets:      534484992
  Baseline (10.10.2.x): 340346655 (63.7%)
  Attack (10.10.3.x): 0 (0.0%)
  TCP packets:        400877833
  UDP packets:        103881235
  ICMP packets:       29725924

[INSTANTANEOUS TRAFFIC - Last 5.0 seconds]
  Baseline (10.10.2.x): 26624702 pkts (100.0%)  2349200602 bytes  3.75 Gbps
  Attack (10.10.3.x): 0 pkts (0.0%)  0 bytes  0.00 Gbps
  Total throughput:   3.75 Gbps  (avg pkt: 88 bytes)

[CUMULATIVE TRAFFIC - Since first packet (64.1s)]
  Total received:     534484992 pkts (8.34 Mpps) | 8.41 Gbps | 67368062293 bytes

[ATTACK-SPECIFIC COUNTERS]
  SYN packets:        104674420
  SYN-ACK packets:    52337145
  SYN/ACK ratio:      2.00
  HTTP requests:      217140342
  DNS queries:        40082424

[PROTOCOL-SPECIFIC COUNTERS - CIC-DDoS-2019 Features]
  NTP Amplification:
    Monlist queries:  0
    Responses:        0  (avg size: 0 bytes)
  DNS Amplification:
    ANY queries:      0
    TXT queries:      0
    Responses:        40082427  (avg size: 108 bytes)
  SNMP Amplification:
    GetBulk requests: 0
    Responses:        0  (avg size: 0 bytes)
  SSDP:
    M-SEARCH packets: 0
    Responses:        0
  PortMapper:
    GETPORT calls:    0
    DUMP calls:       0
  NetBIOS:
    Name queries:     0
    Datagram packets: 0
  LDAP:
    Bind requests:    0
    Search requests:  0
  MSSQL:
    SQLBatch packets: 0
    RPC packets:      0
  TFTP:
    RRQ (read) pkts:  0
    WRQ (write) pkts: 0

[ATTACK DETECTIONS - Cumulative Events]
  UDP flood events:   0
  UDP-lag events:     0
  SYN flood events:   0
  HTTP flood events:  0
  ICMP flood events:  0
  DNS amp events:     0
  NTP amp events:     0
  SNMP amp events:    0
  SSDP events:        0
  PortMap events:     0
  NetBIOS events:     0
  LDAP events:        0
  MSSQL events:       0
  TFTP events:        0
  ACK flood events:   0
  Frag attack events: 0
  Heavy-hitter events:0 (OctoSketch per-IP detection)
  Packet flood events:0
  (Note: Events count IPs exceeding thresholds per 50ms window)

[ALERT STATUS]
  Alert level:        [0mNONE[0m
  Reason:             None

[PERFORMANCE METRICS]
  Throughput:         3.75 Gbps (5.31 Mpps)
  Cycles available:   563 cycles/pkt (lower = higher load)
  Active IPs:         0
  Worker threads:     14 (lcores 1-14)

[DPDK NIC STATISTICS]
  RX packets (NIC):   534481924
  RX dropped (HW):    [0m0[0m (imissed)
  RX no mbufs:        [0m0[0m (buffer exhaustion)
  RX errors:          0
  Total drops:        [0m0 (0.00%)[0m
  RX burst calls:     20075268980 (98.5% empty)
  Processed pkts:     534484992 (100.0% of NIC RX)


╔═══════════════════════════════════════════════════════════════════════╗
║          MIRA DDoS DETECTOR - STATISTICS (MULTI-CORE)                ║
╚═══════════════════════════════════════════════════════════════════════╝

[PACKET COUNTERS - GLOBAL]
  Total packets:      576269824
  Baseline (10.10.2.x): 366954413 (63.7%)
  Attack (10.10.3.x): 0 (0.0%)
  TCP packets:        432217248
  UDP packets:        112003389
  ICMP packets:       32049187

[INSTANTANEOUS TRAFFIC - Last 5.0 seconds]
  Baseline (10.10.2.x): 30401912 pkts (100.0%)  2347820064 bytes  3.75 Gbps
  Attack (10.10.3.x): 0 pkts (0.0%)  0 bytes  0.00 Gbps
  Total throughput:   3.75 Gbps  (avg pkt: 77 bytes)

[CUMULATIVE TRAFFIC - Since first packet (69.1s)]
  Total received:     576269824 pkts (8.34 Mpps) | 8.41 Gbps | 72634592411 bytes

[ATTACK-SPECIFIC COUNTERS]
  SYN packets:        112857677
  SYN-ACK packets:    56428767
  SYN/ACK ratio:      2.00
  HTTP requests:      234114772
  DNS queries:        43216512

[PROTOCOL-SPECIFIC COUNTERS - CIC-DDoS-2019 Features]
  NTP Amplification:
    Monlist queries:  0
    Responses:        0  (avg size: 0 bytes)
  DNS Amplification:
    ANY queries:      0
    TXT queries:      0
    Responses:        43216510  (avg size: 108 bytes)
  SNMP Amplification:
    GetBulk requests: 0
    Responses:        0  (avg size: 0 bytes)
  SSDP:
    M-SEARCH packets: 0
    Responses:        0
  PortMapper:
    GETPORT calls:    0
    DUMP calls:       0
  NetBIOS:
    Name queries:     0
    Datagram packets: 0
  LDAP:
    Bind requests:    0
    Search requests:  0
  MSSQL:
    SQLBatch packets: 0
    RPC packets:      0
  TFTP:
    RRQ (read) pkts:  0
    WRQ (write) pkts: 0

[ATTACK DETECTIONS - Cumulative Events]
  UDP flood events:   0
  UDP-lag events:     0
  SYN flood events:   0
  HTTP flood events:  0
  ICMP flood events:  0
  DNS amp events:     0
  NTP amp events:     0
  SNMP amp events:    0
  SSDP events:        0
  PortMap events:     0
  NetBIOS events:     0
  LDAP events:        0
  MSSQL events:       0
  TFTP events:        0
  ACK flood events:   0
  Frag attack events: 0
  Heavy-hitter events:0 (OctoSketch per-IP detection)
  Packet flood events:0
  (Note: Events count IPs exceeding thresholds per 50ms window)

[ALERT STATUS]
  Alert level:        [0mNONE[0m
  Reason:             None

[PERFORMANCE METRICS]
  Throughput:         3.75 Gbps (6.07 Mpps)
  Cycles available:   493 cycles/pkt (lower = higher load)
  Active IPs:         0
  Worker threads:     14 (lcores 1-14)

[DPDK NIC STATISTICS]
  RX packets (NIC):   576267267
  RX dropped (HW):    [0m0[0m (imissed)
  RX no mbufs:        [0m0[0m (buffer exhaustion)
  RX errors:          0
  Total drops:        [0m0 (0.00%)[0m
  RX burst calls:     21293730972 (98.4% empty)
  Processed pkts:     576269824 (100.0% of NIC RX)


╔═══════════════════════════════════════════════════════════════════════╗
║          MIRA DDoS DETECTOR - STATISTICS (MULTI-CORE)                ║
╚═══════════════════════════════════════════════════════════════════════╝

[PACKET COUNTERS - GLOBAL]
  Total packets:      618048000
  Baseline (10.10.2.x): 393557100 (63.7%)
  Attack (10.10.3.x): 0 (0.0%)
  TCP packets:        463551008
  UDP packets:        120125966
  ICMP packets:       34371026

[INSTANTANEOUS TRAFFIC - Last 5.0 seconds]
  Baseline (10.10.2.x): 26602265 pkts (100.0%)  2347230304 bytes  3.75 Gbps
  Attack (10.10.3.x): 0 pkts (0.0%)  0 bytes  0.00 Gbps
  Total throughput:   3.75 Gbps  (avg pkt: 88 bytes)

[CUMULATIVE TRAFFIC - Since first packet (74.1s)]
  Total received:     618048000 pkts (8.34 Mpps) | 8.41 Gbps | 77900404978 bytes

[ATTACK-SPECIFIC COUNTERS]
  SYN packets:        121039167
  SYN-ACK packets:    60519510
  SYN/ACK ratio:      2.00
  HTTP requests:      251088297
  DNS queries:        46350949

[PROTOCOL-SPECIFIC COUNTERS - CIC-DDoS-2019 Features]
  NTP Amplification:
    Monlist queries:  0
    Responses:        0  (avg size: 0 bytes)
  DNS Amplification:
    ANY queries:      0
    TXT queries:      0
    Responses:        46350948  (avg size: 108 bytes)
  SNMP Amplification:
    GetBulk requests: 0
    Responses:        0  (avg size: 0 bytes)
  SSDP:
    M-SEARCH packets: 0
    Responses:        0
  PortMapper:
    GETPORT calls:    0
    DUMP calls:       0
  NetBIOS:
    Name queries:     0
    Datagram packets: 0
  LDAP:
    Bind requests:    0
    Search requests:  0
  MSSQL:
    SQLBatch packets: 0
    RPC packets:      0
  TFTP:
    RRQ (read) pkts:  0
    WRQ (write) pkts: 0

[ATTACK DETECTIONS - Cumulative Events]
  UDP flood events:   0
  UDP-lag events:     0
  SYN flood events:   0
  HTTP flood events:  0
  ICMP flood events:  0
  DNS amp events:     0
  NTP amp events:     0
  SNMP amp events:    0
  SSDP events:        0
  PortMap events:     0
  NetBIOS events:     0
  LDAP events:        0
  MSSQL events:       0
  TFTP events:        0
  ACK flood events:   0
  Frag attack events: 0
  Heavy-hitter events:0 (OctoSketch per-IP detection)
  Packet flood events:0
  (Note: Events count IPs exceeding thresholds per 50ms window)

[ALERT STATUS]
  Alert level:        [0mNONE[0m
  Reason:             None

[PERFORMANCE METRICS]
  Throughput:         3.75 Gbps (5.31 Mpps)
  Cycles available:   563 cycles/pkt (lower = higher load)
  Active IPs:         0
  Worker threads:     14 (lcores 1-14)

[DPDK NIC STATISTICS]
  RX packets (NIC):   618045013
  RX dropped (HW):    [0m0[0m (imissed)
  RX no mbufs:        [0m0[0m (buffer exhaustion)
  RX errors:          0
  Total drops:        [0m0 (0.00%)[0m
  RX burst calls:     22511866245 (98.4% empty)
  Processed pkts:     618048000 (100.0% of NIC RX)


╔═══════════════════════════════════════════════════════════════════════╗
║          MIRA DDoS DETECTOR - STATISTICS (MULTI-CORE)                ║
╚═══════════════════════════════════════════════════════════════════════╝

[PACKET COUNTERS - GLOBAL]
  Total packets:      659862016
  Baseline (10.10.2.x): 420183542 (63.7%)
  Attack (10.10.3.x): 0 (0.0%)
  TCP packets:        494913759
  UDP packets:        128253008
  ICMP packets:       36695249

[INSTANTANEOUS TRAFFIC - Last 5.0 seconds]
  Baseline (10.10.2.x): 26626148 pkts (100.0%)  2349435439 bytes  3.75 Gbps
  Attack (10.10.3.x): 0 pkts (0.0%)  0 bytes  0.00 Gbps
  Total throughput:   3.75 Gbps  (avg pkt: 88 bytes)

[CUMULATIVE TRAFFIC - Since first packet (79.1s)]
  Total received:     659862016 pkts (8.34 Mpps) | 8.41 Gbps | 83170539540 bytes

[ATTACK-SPECIFIC COUNTERS]
  SYN packets:        129228690
  SYN-ACK packets:    64614265
  SYN/ACK ratio:      2.00
  HTTP requests:      268074058
  DNS queries:        49487385

[PROTOCOL-SPECIFIC COUNTERS - CIC-DDoS-2019 Features]
  NTP Amplification:
    Monlist queries:  0
    Responses:        0  (avg size: 0 bytes)
  DNS Amplification:
    ANY queries:      0
    TXT queries:      0
    Responses:        49487389  (avg size: 108 bytes)
  SNMP Amplification:
    GetBulk requests: 0
    Responses:        0  (avg size: 0 bytes)
  SSDP:
    M-SEARCH packets: 0
    Responses:        0
  PortMapper:
    GETPORT calls:    0
    DUMP calls:       0
  NetBIOS:
    Name queries:     0
    Datagram packets: 0
  LDAP:
    Bind requests:    0
    Search requests:  0
  MSSQL:
    SQLBatch packets: 0
    RPC packets:      0
  TFTP:
    RRQ (read) pkts:  0
    WRQ (write) pkts: 0

[ATTACK DETECTIONS - Cumulative Events]
  UDP flood events:   0
  UDP-lag events:     0
  SYN flood events:   0
  HTTP flood events:  0
  ICMP flood events:  0
  DNS amp events:     0
  NTP amp events:     0
  SNMP amp events:    0
  SSDP events:        0
  PortMap events:     0
  NetBIOS events:     0
  LDAP events:        0
  MSSQL events:       0
  TFTP events:        0
  ACK flood events:   0
  Frag attack events: 0
  Heavy-hitter events:0 (OctoSketch per-IP detection)
  Packet flood events:0
  (Note: Events count IPs exceeding thresholds per 50ms window)

[ALERT STATUS]
  Alert level:        [0mNONE[0m
  Reason:             None

[PERFORMANCE METRICS]
  Throughput:         3.75 Gbps (5.31 Mpps)
  Cycles available:   563 cycles/pkt (lower = higher load)
  Active IPs:         0
  Worker threads:     14 (lcores 1-14)

[DPDK NIC STATISTICS]
  RX packets (NIC):   659858947
  RX dropped (HW):    [0m0[0m (imissed)
  RX no mbufs:        [0m0[0m (buffer exhaustion)
  RX errors:          0
  Total drops:        [0m0 (0.00%)[0m
  RX burst calls:     23730325989 (98.4% empty)
  Processed pkts:     659862016 (100.0% of NIC RX)


╔═══════════════════════════════════════════════════════════════════════╗
║          MIRA DDoS DETECTOR - STATISTICS (MULTI-CORE)                ║
╚═══════════════════════════════════════════════════════════════════════╝

[PACKET COUNTERS - GLOBAL]
  Total packets:      701637134
  Baseline (10.10.2.x): 446785139 (63.7%)
  Attack (10.10.3.x): 0 (0.0%)
  TCP packets:        526243882
  UDP packets:        136374294
  ICMP packets:       39018958

[INSTANTANEOUS TRAFFIC - Last 5.0 seconds]
  Baseline (10.10.2.x): 26601287 pkts (100.0%)  2347463065 bytes  3.75 Gbps
  Attack (10.10.3.x): 0 pkts (0.0%)  0 bytes  0.00 Gbps
  Total throughput:   3.75 Gbps  (avg pkt: 88 bytes)

[CUMULATIVE TRAFFIC - Since first packet (84.1s)]
  Total received:     701637134 pkts (8.34 Mpps) | 8.41 Gbps | 88435962416 bytes

[ATTACK-SPECIFIC COUNTERS]
  SYN packets:        137409547
  SYN-ACK packets:    68704690
  SYN/ACK ratio:      2.00
  HTTP requests:      285043512
  DNS queries:        52620892

[PROTOCOL-SPECIFIC COUNTERS - CIC-DDoS-2019 Features]
  NTP Amplification:
    Monlist queries:  0
    Responses:        0  (avg size: 0 bytes)
  DNS Amplification:
    ANY queries:      0
    TXT queries:      0
    Responses:        52620894  (avg size: 108 bytes)
  SNMP Amplification:
    GetBulk requests: 0
    Responses:        0  (avg size: 0 bytes)
  SSDP:
    M-SEARCH packets: 0
    Responses:        0
  PortMapper:
    GETPORT calls:    0
    DUMP calls:       0
  NetBIOS:
    Name queries:     0
    Datagram packets: 0
  LDAP:
    Bind requests:    0
    Search requests:  0
  MSSQL:
    SQLBatch packets: 0
    RPC packets:      0
  TFTP:
    RRQ (read) pkts:  0
    WRQ (write) pkts: 0

[ATTACK DETECTIONS - Cumulative Events]
  UDP flood events:   0
  UDP-lag events:     0
  SYN flood events:   0
  HTTP flood events:  0
  ICMP flood events:  0
  DNS amp events:     0
  NTP amp events:     0
  SNMP amp events:    0
  SSDP events:        0
  PortMap events:     0
  NetBIOS events:     0
  LDAP events:        0
  MSSQL events:       0
  TFTP events:        0
  ACK flood events:   0
  Frag attack events: 0
  Heavy-hitter events:0 (OctoSketch per-IP detection)
  Packet flood events:0
  (Note: Events count IPs exceeding thresholds per 50ms window)

[ALERT STATUS]
  Alert level:        [0mNONE[0m
  Reason:             None

[PERFORMANCE METRICS]
  Throughput:         3.75 Gbps (5.31 Mpps)
  Cycles available:   563 cycles/pkt (lower = higher load)
  Active IPs:         0
  Worker threads:     14 (lcores 1-14)

[DPDK NIC STATISTICS]
  RX packets (NIC):   701634266
  RX dropped (HW):    [0m0[0m (imissed)
  RX no mbufs:        [0m0[0m (buffer exhaustion)
  RX errors:          0
  Total drops:        [0m0 (0.00%)[0m
  RX burst calls:     24949656834 (98.4% empty)
  Processed pkts:     701637134 (100.0% of NIC RX)


╔═══════════════════════════════════════════════════════════════════════╗
║          MIRA DDoS DETECTOR - STATISTICS (MULTI-CORE)                ║
╚═══════════════════════════════════════════════════════════════════════╝

[PACKET COUNTERS - GLOBAL]
  Total packets:      743431798
  Baseline (10.10.2.x): 473398403 (63.7%)
  Attack (10.10.3.x): 0 (0.0%)
  TCP packets:        557588614
  UDP packets:        144497810
  ICMP packets:       41345374

[INSTANTANEOUS TRAFFIC - Last 5.0 seconds]
  Baseline (10.10.2.x): 26612893 pkts (100.0%)  2515496137 bytes  4.02 Gbps
  Attack (10.10.3.x): 0 pkts (0.0%)  0 bytes  0.00 Gbps
  Total throughput:   4.02 Gbps  (avg pkt: 95 bytes)

[CUMULATIVE TRAFFIC - Since first packet (89.1s)]
  Total received:     743431798 pkts (8.34 Mpps) | 8.41 Gbps | 93703962432 bytes

[ATTACK-SPECIFIC COUNTERS]
  SYN packets:        145593847
  SYN-ACK packets:    72796832
  SYN/ACK ratio:      2.00
  HTTP requests:      302023111
  DNS queries:        55755113

[PROTOCOL-SPECIFIC COUNTERS - CIC-DDoS-2019 Features]
  NTP Amplification:
    Monlist queries:  0
    Responses:        0  (avg size: 0 bytes)
  DNS Amplification:
    ANY queries:      0
    TXT queries:      0
    Responses:        55755109  (avg size: 108 bytes)
  SNMP Amplification:
    GetBulk requests: 0
    Responses:        0  (avg size: 0 bytes)
  SSDP:
    M-SEARCH packets: 0
    Responses:        0
  PortMapper:
    GETPORT calls:    0
    DUMP calls:       0
  NetBIOS:
    Name queries:     0
    Datagram packets: 0
  LDAP:
    Bind requests:    0
    Search requests:  0
  MSSQL:
    SQLBatch packets: 0
    RPC packets:      0
  TFTP:
    RRQ (read) pkts:  0
    WRQ (write) pkts: 0

[ATTACK DETECTIONS - Cumulative Events]
  UDP flood events:   0
  UDP-lag events:     0
  SYN flood events:   0
  HTTP flood events:  0
  ICMP flood events:  0
  DNS amp events:     0
  NTP amp events:     0
  SNMP amp events:    0
  SSDP events:        0
  PortMap events:     0
  NetBIOS events:     0
  LDAP events:        0
  MSSQL events:       0
  TFTP events:        0
  ACK flood events:   0
  Frag attack events: 0
  Heavy-hitter events:0 (OctoSketch per-IP detection)
  Packet flood events:0
  (Note: Events count IPs exceeding thresholds per 50ms window)

[ALERT STATUS]
  Alert level:        [0mNONE[0m
  Reason:             None

[PERFORMANCE METRICS]
  Throughput:         4.02 Gbps (5.31 Mpps)
  Cycles available:   563 cycles/pkt (lower = higher load)
  Active IPs:         0
  Worker threads:     14 (lcores 1-14)

[DPDK NIC STATISTICS]
  RX packets (NIC):   743429103
  RX dropped (HW):    [0m0[0m (imissed)
  RX no mbufs:        [0m0[0m (buffer exhaustion)
  RX errors:          0
  Total drops:        [0m0 (0.00%)[0m
  RX burst calls:     26168509352 (98.4% empty)
  Processed pkts:     743431798 (100.0% of NIC RX)


╔═══════════════════════════════════════════════════════════════════════╗
║          MIRA DDoS DETECTOR - STATISTICS (MULTI-CORE)                ║
╚═══════════════════════════════════════════════════════════════════════╝

[PACKET COUNTERS - GLOBAL]
  Total packets:      785230344
  Baseline (10.10.2.x): 500014253 (63.7%)
  Attack (10.10.3.x): 0 (0.0%)
  TCP packets:        588939664
  UDP packets:        152620463
  ICMP packets:       43670217

[INSTANTANEOUS TRAFFIC - Last 5.0 seconds]
  Baseline (10.10.2.x): 28512745 pkts (100.0%)  2348357939 bytes  3.75 Gbps
  Attack (10.10.3.x): 0 pkts (0.0%)  0 bytes  0.00 Gbps
  Total throughput:   3.75 Gbps  (avg pkt: 82 bytes)

[CUMULATIVE TRAFFIC - Since first packet (94.1s)]
  Total received:     785230344 pkts (8.34 Mpps) | 8.41 Gbps | 98972292309 bytes

[ATTACK-SPECIFIC COUNTERS]
  SYN packets:        153779951
  SYN-ACK packets:    76889879
  SYN/ACK ratio:      2.00
  HTTP requests:      319005372
  DNS queries:        58889479

[PROTOCOL-SPECIFIC COUNTERS - CIC-DDoS-2019 Features]
  NTP Amplification:
    Monlist queries:  0
    Responses:        0  (avg size: 0 bytes)
  DNS Amplification:
    ANY queries:      0
    TXT queries:      0
    Responses:        58889472  (avg size: 108 bytes)
  SNMP Amplification:
    GetBulk requests: 0
    Responses:        0  (avg size: 0 bytes)
  SSDP:
    M-SEARCH packets: 0
    Responses:        0
  PortMapper:
    GETPORT calls:    0
    DUMP calls:       0
  NetBIOS:
    Name queries:     0
    Datagram packets: 0
  LDAP:
    Bind requests:    0
    Search requests:  0
  MSSQL:
    SQLBatch packets: 0
    RPC packets:      0
  TFTP:
    RRQ (read) pkts:  0
    WRQ (write) pkts: 0

[ATTACK DETECTIONS - Cumulative Events]
  UDP flood events:   0
  UDP-lag events:     0
  SYN flood events:   0
  HTTP flood events:  0
  ICMP flood events:  0
  DNS amp events:     0
  NTP amp events:     0
  SNMP amp events:    0
  SSDP events:        0
  PortMap events:     0
  NetBIOS events:     0
  LDAP events:        0
  MSSQL events:       0
  TFTP events:        0
  ACK flood events:   0
  Frag attack events: 0
  Heavy-hitter events:0 (OctoSketch per-IP detection)
  Packet flood events:0
  (Note: Events count IPs exceeding thresholds per 50ms window)

[ALERT STATUS]
  Alert level:        [0mNONE[0m
  Reason:             None

[PERFORMANCE METRICS]
  Throughput:         3.75 Gbps (5.69 Mpps)
  Cycles available:   525 cycles/pkt (lower = higher load)
  Active IPs:         0
  Worker threads:     14 (lcores 1-14)

[DPDK NIC STATISTICS]
  RX packets (NIC):   785227562
  RX dropped (HW):    [0m0[0m (imissed)
  RX no mbufs:        [0m0[0m (buffer exhaustion)
  RX errors:          0
  Total drops:        [0m0 (0.00%)[0m
  RX burst calls:     27386875913 (98.3% empty)
  Processed pkts:     785230344 (100.0% of NIC RX)


╔═══════════════════════════════════════════════════════════════════════╗
║          MIRA DDoS DETECTOR - STATISTICS (MULTI-CORE)                ║
╚═══════════════════════════════════════════════════════════════════════╝

[PACKET COUNTERS - GLOBAL]
  Total packets:      827030528
  Baseline (10.10.2.x): 526631371 (63.7%)
  Attack (10.10.3.x): 0 (0.0%)
  TCP packets:        620284560
  UDP packets:        160751625
  ICMP packets:       45994343

[INSTANTANEOUS TRAFFIC - Last 5.0 seconds]
  Baseline (10.10.2.x): 28486293 pkts (100.0%)  2348987311 bytes  3.75 Gbps
  Attack (10.10.3.x): 0 pkts (0.0%)  0 bytes  0.00 Gbps
  Total throughput:   3.75 Gbps  (avg pkt: 82 bytes)

[CUMULATIVE TRAFFIC - Since first packet (99.1s)]
  Total received:     827030528 pkts (8.34 Mpps) | 8.41 Gbps | 104241156537 bytes

[ATTACK-SPECIFIC COUNTERS]
  SYN packets:        161964232
  SYN-ACK packets:    80982018
  SYN/ACK ratio:      2.00
  HTTP requests:      335985825
  DNS queries:        62026179

[PROTOCOL-SPECIFIC COUNTERS - CIC-DDoS-2019 Features]
  NTP Amplification:
    Monlist queries:  0
    Responses:        0  (avg size: 0 bytes)
  DNS Amplification:
    ANY queries:      0
    TXT queries:      0
    Responses:        62026167  (avg size: 108 bytes)
  SNMP Amplification:
    GetBulk requests: 0
    Responses:        0  (avg size: 0 bytes)
  SSDP:
    M-SEARCH packets: 0
    Responses:        0
  PortMapper:
    GETPORT calls:    0
    DUMP calls:       0
  NetBIOS:
    Name queries:     0
    Datagram packets: 0
  LDAP:
    Bind requests:    0
    Search requests:  0
  MSSQL:
    SQLBatch packets: 0
    RPC packets:      0
  TFTP:
    RRQ (read) pkts:  0
    WRQ (write) pkts: 0

[ATTACK DETECTIONS - Cumulative Events]
  UDP flood events:   0
  UDP-lag events:     0
  SYN flood events:   0
  HTTP flood events:  0
  ICMP flood events:  0
  DNS amp events:     0
  NTP amp events:     0
  SNMP amp events:    0
  SSDP events:        0
  PortMap events:     0
  NetBIOS events:     0
  LDAP events:        0
  MSSQL events:       0
  TFTP events:        0
  ACK flood events:   0
  Frag attack events: 0
  Heavy-hitter events:0 (OctoSketch per-IP detection)
  Packet flood events:0
  (Note: Events count IPs exceeding thresholds per 50ms window)

[ALERT STATUS]
  Alert level:        [0mNONE[0m
  Reason:             None

[PERFORMANCE METRICS]
  Throughput:         3.75 Gbps (5.69 Mpps)
  Cycles available:   526 cycles/pkt (lower = higher load)
  Active IPs:         0
  Worker threads:     14 (lcores 1-14)

[DPDK NIC STATISTICS]
  RX packets (NIC):   827027903
  RX dropped (HW):    [0m0[0m (imissed)
  RX no mbufs:        [0m0[0m (buffer exhaustion)
  RX errors:          0
  Total drops:        [0m0 (0.00%)[0m
  RX burst calls:     28605489059 (98.3% empty)
  Processed pkts:     827030528 (100.0% of NIC RX)


╔═══════════════════════════════════════════════════════════════════════╗
║          MIRA DDoS DETECTOR - STATISTICS (MULTI-CORE)                ║
╚═══════════════════════════════════════════════════════════════════════╝

[PACKET COUNTERS - GLOBAL]
  Total packets:      874838481
  Baseline (10.10.2.x): 551353676 (63.0%)
  Attack (10.10.3.x): 7341517 (0.8%)
  TCP packets:        642276140
  UDP packets:        184313510
  ICMP packets:       48248831

[INSTANTANEOUS TRAFFIC - Last 5.0 seconds]
  Baseline (10.10.2.x): 24721991 pkts (77.1%)  2240365344 bytes  3.58 Gbps
  Attack (10.10.3.x): 7341518 pkts (22.9%)  2422275991 bytes  3.87 Gbps
  Total throughput:   7.45 Gbps  (avg pkt: 145 bytes)

[CUMULATIVE TRAFFIC - Since first packet (104.2s)]
  Total received:     874838481 pkts (8.40 Mpps) | 8.56 Gbps | 111437274657 bytes

[ATTACK-SPECIFIC COUNTERS]
  SYN packets:        167799223
  SYN-ACK packets:    83899492
  SYN/ACK ratio:      2.00
  HTTP requests:      347202307
  DNS queries:        69239204

[PROTOCOL-SPECIFIC COUNTERS - CIC-DDoS-2019 Features]
  NTP Amplification:
    Monlist queries:  14
    Responses:        0  (avg size: 0 bytes)
  DNS Amplification:
    ANY queries:      0
    TXT queries:      0
    Responses:        69239077  (avg size: 108 bytes)
  SNMP Amplification:
    GetBulk requests: 0
    Responses:        0  (avg size: 0 bytes)
  SSDP:
    M-SEARCH packets: 0
    Responses:        111
  PortMapper:
    GETPORT calls:    93
    DUMP calls:       0
  NetBIOS:
    Name queries:     122
    Datagram packets: 101
  LDAP:
    Bind requests:    0
    Search requests:  108
  MSSQL:
    SQLBatch packets: 121
    RPC packets:      0
  TFTP:
    RRQ (read) pkts:  0
    WRQ (write) pkts: 0

[ATTACK DETECTIONS - Cumulative Events]
  UDP flood events:   0
  UDP-lag events:     0
  SYN flood events:   0
  HTTP flood events:  0
  ICMP flood events:  0
  DNS amp events:     0
  NTP amp events:     0
  SNMP amp events:    0
  SSDP events:        0
  PortMap events:     0
  NetBIOS events:     0
  LDAP events:        0
  MSSQL events:       0
  TFTP events:        0
  ACK flood events:   0
  Frag attack events: 0
  Heavy-hitter events:12 (OctoSketch per-IP detection)
  Packet flood events:0
  (Note: Events count IPs exceeding thresholds per 50ms window)

[ALERT STATUS]
  Alert level:        [1;31mHIGH[0m
  Reason:             [1;31mHEAVY-HITTER: 10.10.3.51 @ 8033 pps | TREND: attack rising (+1432618/250ms) | [0m

[PERFORMANCE METRICS]
  Throughput:         7.45 Gbps (6.40 Mpps)
  Cycles available:   467 cycles/pkt (lower = higher load)
  Active IPs:         0
  Worker threads:     14 (lcores 1-14)

[DPDK NIC STATISTICS]
  RX packets (NIC):   874833818
  RX dropped (HW):    [0m0[0m (imissed)
  RX no mbufs:        [0m0[0m (buffer exhaustion)
  RX errors:          0
  Total drops:        [0m0 (0.00%)[0m
  RX burst calls:     29680289026 (98.3% empty)
  Processed pkts:     874838481 (100.0% of NIC RX)


╔═══════════════════════════════════════════════════════════════════════╗
║          MIRA DDoS DETECTOR - STATISTICS (MULTI-CORE)                ║
╚═══════════════════════════════════════════════════════════════════════╝

[PACKET COUNTERS - GLOBAL]
  Total packets:      941668370
  Baseline (10.10.2.x): 575742139 (61.1%)
  Attack (10.10.3.x): 33895828 (3.6%)
  TCP packets:        662413460
  UDP packets:        228768082
  ICMP packets:       50486828

[INSTANTANEOUS TRAFFIC - Last 5.0 seconds]
  Baseline (10.10.2.x): 24388063 pkts (47.9%)  2223326398 bytes  3.55 Gbps
  Attack (10.10.3.x): 26553971 pkts (52.1%)  8762221486 bytes  14.00 Gbps
  Total throughput:   17.55 Gbps  (avg pkt: 216 bytes)

[CUMULATIVE TRAFFIC - Since first packet (109.2s)]
  Total received:     941668370 pkts (8.63 Mpps) | 9.15 Gbps | 124882511566 bytes

[ATTACK-SPECIFIC COUNTERS]
  SYN packets:        173169449
  SYN-ACK packets:    86584601
  SYN/ACK ratio:      2.00
  HTTP requests:      357269216
  DNS queries:        77295717

[PROTOCOL-SPECIFIC COUNTERS - CIC-DDoS-2019 Features]
  NTP Amplification:
    Monlist queries:  77
    Responses:        0  (avg size: 0 bytes)
  DNS Amplification:
    ANY queries:      0
    TXT queries:      0
    Responses:        77295560  (avg size: 108 bytes)
  SNMP Amplification:
    GetBulk requests: 0
    Responses:        0  (avg size: 0 bytes)
  SSDP:
    M-SEARCH packets: 0
    Responses:        544
  PortMapper:
    GETPORT calls:    513
    DUMP calls:       0
  NetBIOS:
    Name queries:     568
    Datagram packets: 503
  LDAP:
    Bind requests:    0
    Search requests:  515
  MSSQL:
    SQLBatch packets: 522
    RPC packets:      0
  TFTP:
    RRQ (read) pkts:  0
    WRQ (write) pkts: 0

[ATTACK DETECTIONS - Cumulative Events]
  UDP flood events:   89
  UDP-lag events:     0
  SYN flood events:   0
  HTTP flood events:  0
  ICMP flood events:  0
  DNS amp events:     0
  NTP amp events:     0
  SNMP amp events:    0
  SSDP events:        0
  PortMap events:     0
  NetBIOS events:     0
  LDAP events:        0
  MSSQL events:       0
  TFTP events:        0
  ACK flood events:   0
  Frag attack events: 0
  Heavy-hitter events:104 (OctoSketch per-IP detection)
  Packet flood events:0
  (Note: Events count IPs exceeding thresholds per 50ms window)

[ALERT STATUS]
  Alert level:        [1;31mHIGH[0m
  Reason:             [1;31mUDP ANOMALY: 8877714 pps | HEAVY-HITTER: 10.10.3.27 @ 27823 pps | TREND: attack rising (+1427952/250ms) | [0m

[MULTI-LF (2025) COMPARISON]
=== Detection Performance vs ML-Based System ===

  First Detection Latency:   1606.50 ms (vs MULTI-LF: 866 ms)
    Improvement:             0.5× faster

  Packets until detection:   874838481
  Bytes until detection:     111437274657 (106274.87 MB)

[OCTOSKETCH METRICS - Optimized Architecture]
=== Per-Worker Sketches + Sampling (1/32 packets) ===

  Architecture:              Per-worker (NO atomics, NO contention)
  Total sketch memory:       8961 KB (14 workers × 640.1 KB)
  Sampling rate:             1 in 32 packets (3.1% overhead)
  Attack traffic sampled:    26255936 updates
  Estimated attack packets:  840189952 (×32 sampling factor)
  Sketch overhead:           ~1.56% of fast-path cycles
  Memory efficiency:         O(1) constant, 640.1 KB per worker

[OCTOSKETCH HEAVY-HITTER DETECTION]
=== Top Attackers (per-IP tracking via Count-Min Sketch) ===

  Heavy-hitter threshold:    5000 pps per IP
  Heavy-hitters detected:    5 IPs exceeding threshold
  Total HH detections:       104 events

  Top 5 Attackers (estimated counts, ×32 sampling):
    #1: 10.10.3.27 - 134816 pkts (26923 pps) [HEAVY-HITTER]
    #2: 10.10.3.42 - 134528 pkts (26865 pps) [HEAVY-HITTER]
    #3: 10.10.3.83 - 134528 pkts (26865 pps) [HEAVY-HITTER]
    #4: 10.10.3.132 - 133440 pkts (26648 pps) [HEAVY-HITTER]
    #5: 10.10.3.120 - 132768 pkts (26514 pps) [HEAVY-HITTER]

[RING BUFFER + MULTI-SCALE FEATURES]
=== Temporal Analysis (last 100 windows = 5.0 sec) ===

  Windows processed:         2253
  Buffer utilization:        100/100 (100.0%)
  Running baseline (ML):     12523505 pps (for ML features only)
  Detection mode:            FIXED THRESHOLDS

  [Temporal Features - Last Window]
    Delta PPS (250ms):       +1427952
    Delta PPS (500ms):       +2855288
    PPS Variance:            2713497632768
    Ratio vs Baseline:       2.11x

  [Multi-Scale Features]
    Top IP (50ms):           409 pps
    Top IP (1s):             20864 pps
    Top IP (1min):           2937 pps
    Burst Ratio (50ms/1min): 0.14x
    IP Concentration:        0.7%

[MULTIPLE DETECTION STATISTICS]
=== Aggregate Detection Analysis ===

  Total detection events:    89
  Average detection latency: 71.32 ms
  Min detection latency:     53.75 ms
  Max detection latency:     1606.50 ms
  Latency range:             1552.75 ms

  Detection Latency Histogram:
    < 20 ms:  0 detections (0.0%)
    20-30 ms: 0 detections (0.0%)
    30-40 ms: 0 detections (0.0%)
    40-50 ms: 0 detections (0.0%)
    > 50 ms:  88 detections (98.9%)

[PERFORMANCE METRICS]
  Throughput:         17.55 Gbps (10.17 Mpps)
  Cycles available:   294 cycles/pkt (lower = higher load)
  Active IPs:         0
  Worker threads:     14 (lcores 1-14)

[DPDK NIC STATISTICS]
  RX packets (NIC):   941663289
  RX dropped (HW):    [0m0[0m (imissed)
  RX no mbufs:        [0m0[0m (buffer exhaustion)
  RX errors:          0
  Total drops:        [0m0 (0.00%)[0m
  RX burst calls:     30321050819 (98.2% empty)
  Processed pkts:     941668370 (100.0% of NIC RX)


╔═══════════════════════════════════════════════════════════════════════╗
║          MIRA DDoS DETECTOR - STATISTICS (MULTI-CORE)                ║
╚═══════════════════════════════════════════════════════════════════════╝

[PACKET COUNTERS - GLOBAL]
  Total packets:      1008487152
  Baseline (10.10.2.x): 600125535 (59.5%)
  Attack (10.10.3.x): 60446594 (6.0%)
  TCP packets:        682549862
  UDP packets:        273212699
  ICMP packets:       52724591

[INSTANTANEOUS TRAFFIC - Last 5.0 seconds]
  Baseline (10.10.2.x): 24382972 pkts (46.1%)  2222748629 bytes  3.55 Gbps
  Attack (10.10.3.x): 28468882 pkts (53.9%)  8761181120 bytes  14.00 Gbps
  Total throughput:   17.55 Gbps  (avg pkt: 208 bytes)

[CUMULATIVE TRAFFIC - Since first packet (114.2s)]
  Total received:     1008487152 pkts (8.83 Mpps) | 9.69 Gbps | 138326102807 bytes

[ATTACK-SPECIFIC COUNTERS]
  SYN packets:        178539006
  SYN-ACK packets:    89269379
  SYN/ACK ratio:      2.00
  HTTP requests:      367338628
  DNS queries:        85349112

[PROTOCOL-SPECIFIC COUNTERS - CIC-DDoS-2019 Features]
  NTP Amplification:
    Monlist queries:  134
    Responses:        0  (avg size: 0 bytes)
  DNS Amplification:
    ANY queries:      0
    TXT queries:      0
    Responses:        85348950  (avg size: 108 bytes)
  SNMP Amplification:
    GetBulk requests: 0
    Responses:        0  (avg size: 0 bytes)
  SSDP:
    M-SEARCH packets: 0
    Responses:        935
  PortMapper:
    GETPORT calls:    919
    DUMP calls:       0
  NetBIOS:
    Name queries:     1027
    Datagram packets: 928
  LDAP:
    Bind requests:    0
    Search requests:  937
  MSSQL:
    SQLBatch packets: 904
    RPC packets:      0
  TFTP:
    RRQ (read) pkts:  0
    WRQ (write) pkts: 0

[ATTACK DETECTIONS - Cumulative Events]
  UDP flood events:   181
  UDP-lag events:     0
  SYN flood events:   0
  HTTP flood events:  0
  ICMP flood events:  0
  DNS amp events:     0
  NTP amp events:     0
  SNMP amp events:    0
  SSDP events:        0
  PortMap events:     0
  NetBIOS events:     0
  LDAP events:        0
  MSSQL events:       0
  TFTP events:        0
  ACK flood events:   0
  Frag attack events: 0
  Heavy-hitter events:196 (OctoSketch per-IP detection)
  Packet flood events:0
  (Note: Events count IPs exceeding thresholds per 50ms window)

[ALERT STATUS]
  Alert level:        [1;31mHIGH[0m
  Reason:             [1;31mUDP ANOMALY: 8875302 pps | HEAVY-HITTER: 10.10.3.85 @ 27622 pps | TREND: attack rising (+1431246/250ms) | [0m

[MULTI-LF (2025) COMPARISON]
=== Detection Performance vs ML-Based System ===

  First Detection Latency:   1606.50 ms (vs MULTI-LF: 866 ms)
    Improvement:             0.5× faster

  Packets until detection:   874838481
  Bytes until detection:     111437274657 (106274.87 MB)

[OCTOSKETCH METRICS - Optimized Architecture]
=== Per-Worker Sketches + Sampling (1/32 packets) ===

  Architecture:              Per-worker (NO atomics, NO contention)
  Total sketch memory:       8961 KB (14 workers × 640.1 KB)
  Sampling rate:             1 in 32 packets (3.1% overhead)
  Attack traffic sampled:    25670400 updates
  Estimated attack packets:  821452800 (×32 sampling factor)
  Sketch overhead:           ~1.56% of fast-path cycles
  Memory efficiency:         O(1) constant, 640.1 KB per worker

[OCTOSKETCH HEAVY-HITTER DETECTION]
=== Top Attackers (per-IP tracking via Count-Min Sketch) ===

  Heavy-hitter threshold:    5000 pps per IP
  Heavy-hitters detected:    5 IPs exceeding threshold
  Total HH detections:       196 events

  Top 5 Attackers (estimated counts, ×32 sampling):
    #1: 10.10.3.85 - 133824 pkts (26728 pps) [HEAVY-HITTER]
    #2: 10.10.3.119 - 133728 pkts (26709 pps) [HEAVY-HITTER]
    #3: 10.10.3.167 - 133152 pkts (26594 pps) [HEAVY-HITTER]
    #4: 10.10.3.141 - 132928 pkts (26549 pps) [HEAVY-HITTER]
    #5: 10.10.3.179 - 132928 pkts (26549 pps) [HEAVY-HITTER]

[RING BUFFER + MULTI-SCALE FEATURES]
=== Temporal Analysis (last 100 windows = 5.0 sec) ===

  Windows processed:         2345
  Buffer utilization:        100/100 (100.0%)
  Running baseline (ML):     15805533 pps (for ML features only)
  Detection mode:            FIXED THRESHOLDS

  [Temporal Features - Last Window]
    Delta PPS (250ms):       +1431246
    Delta PPS (500ms):       +2859476
    PPS Variance:            2714214596608
    Ratio vs Baseline:       1.79x

  [Multi-Scale Features]
    Top IP (50ms):           410 pps
    Top IP (1s):             8320 pps
    Top IP (1min):           5209 pps
    Burst Ratio (50ms/1min): 0.08x
    IP Concentration:        0.7%

[MULTIPLE DETECTION STATISTICS]
=== Aggregate Detection Analysis ===

  Total detection events:    181
  Average detection latency: 62.73 ms
  Min detection latency:     53.72 ms
  Max detection latency:     1606.50 ms
  Latency range:             1552.78 ms

  Detection Latency Histogram:
    < 20 ms:  0 detections (0.0%)
    20-30 ms: 0 detections (0.0%)
    30-40 ms: 0 detections (0.0%)
    40-50 ms: 0 detections (0.0%)
    > 50 ms:  180 detections (99.4%)

[PERFORMANCE METRICS]
  Throughput:         17.55 Gbps (10.56 Mpps)
  Cycles available:   283 cycles/pkt (lower = higher load)
  Active IPs:         0
  Worker threads:     14 (lcores 1-14)

[DPDK NIC STATISTICS]
  RX packets (NIC):   1008482159
  RX dropped (HW):    [0m0[0m (imissed)
  RX no mbufs:        [0m0[0m (buffer exhaustion)
  RX errors:          0
  Total drops:        [0m0 (0.00%)[0m
  RX burst calls:     30963111995 (98.1% empty)
  Processed pkts:     1008487152 (100.0% of NIC RX)


╔═══════════════════════════════════════════════════════════════════════╗
║          MIRA DDoS DETECTOR - STATISTICS (MULTI-CORE)                ║
╚═══════════════════════════════════════════════════════════════════════╝

[PACKET COUNTERS - GLOBAL]
  Total packets:      1075328798
  Baseline (10.10.2.x): 624517988 (58.1%)
  Attack (10.10.3.x): 87004898 (8.1%)
  TCP packets:        702689201
  UDP packets:        317671758
  ICMP packets:       54967839

[INSTANTANEOUS TRAFFIC - Last 5.0 seconds]
  Baseline (10.10.2.x): 24391946 pkts (47.9%)  2223630535 bytes  3.55 Gbps
  Attack (10.10.3.x): 26557677 pkts (52.1%)  8763307631 bytes  14.00 Gbps
  Total throughput:   17.55 Gbps  (avg pkt: 216 bytes)

[CUMULATIVE TRAFFIC - Since first packet (119.2s)]
  Total received:     1075328798 pkts (9.02 Mpps) | 10.19 Gbps | 151773157416 bytes

[ATTACK-SPECIFIC COUNTERS]
  SYN packets:        183909818
  SYN-ACK packets:    91954771
  SYN/ACK ratio:      2.00
  HTTP requests:      377405909
  DNS queries:        93406315

[PROTOCOL-SPECIFIC COUNTERS - CIC-DDoS-2019 Features]
  NTP Amplification:
    Monlist queries:  190
    Responses:        0  (avg size: 0 bytes)
  DNS Amplification:
    ANY queries:      0
    TXT queries:      0
    Responses:        93406090  (avg size: 108 bytes)
  SNMP Amplification:
    GetBulk requests: 0
    Responses:        0  (avg size: 0 bytes)
  SSDP:
    M-SEARCH packets: 0
    Responses:        1345
  PortMapper:
    GETPORT calls:    1307
    DUMP calls:       0
  NetBIOS:
    Name queries:     1480
    Datagram packets: 1327
  LDAP:
    Bind requests:    0
    Search requests:  1340
  MSSQL:
    SQLBatch packets: 1307
    RPC packets:      0
  TFTP:
    RRQ (read) pkts:  0
    WRQ (write) pkts: 0

[ATTACK DETECTIONS - Cumulative Events]
  UDP flood events:   273
  UDP-lag events:     0
  SYN flood events:   0
  HTTP flood events:  0
  ICMP flood events:  0
  DNS amp events:     0
  NTP amp events:     0
  SNMP amp events:    0
  SSDP events:        0
  PortMap events:     0
  NetBIOS events:     0
  LDAP events:        0
  MSSQL events:       0
  TFTP events:        0
  ACK flood events:   0
  Frag attack events: 0
  Heavy-hitter events:288 (OctoSketch per-IP detection)
  Packet flood events:0
  (Note: Events count IPs exceeding thresholds per 50ms window)

[ALERT STATUS]
  Alert level:        [1;31mHIGH[0m
  Reason:             [1;31mUDP ANOMALY: 8878024 pps | HEAVY-HITTER: 10.10.3.109 @ 27958 pps | TREND: attack rising (+1427944/250ms) | [0m

[MULTI-LF (2025) COMPARISON]
=== Detection Performance vs ML-Based System ===

  First Detection Latency:   1606.50 ms (vs MULTI-LF: 866 ms)
    Improvement:             0.5× faster

  Packets until detection:   874838481
  Bytes until detection:     111437274657 (106274.87 MB)

[OCTOSKETCH METRICS - Optimized Architecture]
=== Per-Worker Sketches + Sampling (1/32 packets) ===

  Architecture:              Per-worker (NO atomics, NO contention)
  Total sketch memory:       8961 KB (14 workers × 640.1 KB)
  Sampling rate:             1 in 32 packets (3.1% overhead)
  Attack traffic sampled:    25677728 updates
  Estimated attack packets:  821687296 (×32 sampling factor)
  Sketch overhead:           ~1.56% of fast-path cycles
  Memory efficiency:         O(1) constant, 640.1 KB per worker

[OCTOSKETCH HEAVY-HITTER DETECTION]
=== Top Attackers (per-IP tracking via Count-Min Sketch) ===

  Heavy-hitter threshold:    5000 pps per IP
  Heavy-hitters detected:    5 IPs exceeding threshold
  Total HH detections:       288 events

  Top 5 Attackers (estimated counts, ×32 sampling):
    #1: 10.10.3.109 - 135488 pkts (27054 pps) [HEAVY-HITTER]
    #2: 10.10.3.76 - 133120 pkts (26581 pps) [HEAVY-HITTER]
    #3: 10.10.3.178 - 133024 pkts (26562 pps) [HEAVY-HITTER]
    #4: 10.10.3.22 - 132800 pkts (26517 pps) [HEAVY-HITTER]
    #5: 10.10.3.41 - 132384 pkts (26434 pps) [HEAVY-HITTER]

[RING BUFFER + MULTI-SCALE FEATURES]
=== Temporal Analysis (last 100 windows = 5.0 sec) ===

  Windows processed:         2437
  Buffer utilization:        100/100 (100.0%)
  Running baseline (ML):     14215385 pps (for ML features only)
  Detection mode:            FIXED THRESHOLDS

  [Temporal Features - Last Window]
    Delta PPS (250ms):       +1427944
    Delta PPS (500ms):       +2856860
    PPS Variance:            2714804944896
    Ratio vs Baseline:       1.86x

  [Multi-Scale Features]
    Top IP (50ms):           409 pps
    Top IP (1s):             26912 pps
    Top IP (1min):           962 pps
    Burst Ratio (50ms/1min): 0.43x
    IP Concentration:        0.7%

[MULTIPLE DETECTION STATISTICS]
=== Aggregate Detection Analysis ===

  Total detection events:    273
  Average detection latency: 59.94 ms
  Min detection latency:     53.72 ms
  Max detection latency:     1606.50 ms
  Latency range:             1552.78 ms

  Detection Latency Histogram:
    < 20 ms:  0 detections (0.0%)
    20-30 ms: 0 detections (0.0%)
    30-40 ms: 0 detections (0.0%)
    40-50 ms: 0 detections (0.0%)
    > 50 ms:  272 detections (99.6%)

[PERFORMANCE METRICS]
  Throughput:         17.55 Gbps (10.17 Mpps)
  Cycles available:   294 cycles/pkt (lower = higher load)
  Active IPs:         0
  Worker threads:     14 (lcores 1-14)

[DPDK NIC STATISTICS]
  RX packets (NIC):   1075323993
  RX dropped (HW):    [0m0[0m (imissed)
  RX no mbufs:        [0m0[0m (buffer exhaustion)
  RX errors:          0
  Total drops:        [0m0 (0.00%)[0m
  RX burst calls:     31603615821 (98.0% empty)
  Processed pkts:     1075328798 (100.0% of NIC RX)


╔═══════════════════════════════════════════════════════════════════════╗
║          MIRA DDoS DETECTOR - STATISTICS (MULTI-CORE)                ║
╚═══════════════════════════════════════════════════════════════════════╝

[PACKET COUNTERS - GLOBAL]
  Total packets:      1142060708
  Baseline (10.10.2.x): 648870752 (56.8%)
  Attack (10.10.3.x): 113520960 (9.9%)
  TCP packets:        722798528
  UDP packets:        362058449
  ICMP packets:       57203731

[INSTANTANEOUS TRAFFIC - Last 5.0 seconds]
  Baseline (10.10.2.x): 24352217 pkts (47.9%)  2220183955 bytes  3.55 Gbps
  Attack (10.10.3.x): 26515671 pkts (52.1%)  9382690564 bytes  15.01 Gbps
  Total throughput:   18.56 Gbps  (avg pkt: 228 bytes)

[CUMULATIVE TRAFFIC - Since first packet (124.2s)]
  Total received:     1142060708 pkts (9.20 Mpps) | 10.64 Gbps | 165199183534 bytes

[ATTACK-SPECIFIC COUNTERS]
  SYN packets:        189272441
  SYN-ACK packets:    94636079
  SYN/ACK ratio:      2.00
  HTTP requests:      387459624
  DNS queries:        101448829

[PROTOCOL-SPECIFIC COUNTERS - CIC-DDoS-2019 Features]
  NTP Amplification:
    Monlist queries:  252
    Responses:        0  (avg size: 0 bytes)
  DNS Amplification:
    ANY queries:      0
    TXT queries:      0
    Responses:        101448606  (avg size: 108 bytes)
  SNMP Amplification:
    GetBulk requests: 0
    Responses:        0  (avg size: 0 bytes)
  SSDP:
    M-SEARCH packets: 0
    Responses:        1777
  PortMapper:
    GETPORT calls:    1735
    DUMP calls:       0
  NetBIOS:
    Name queries:     1923
    Datagram packets: 1725
  LDAP:
    Bind requests:    0
    Search requests:  1752
  MSSQL:
    SQLBatch packets: 1710
    RPC packets:      0
  TFTP:
    RRQ (read) pkts:  0
    WRQ (write) pkts: 0

[ATTACK DETECTIONS - Cumulative Events]
  UDP flood events:   365
  UDP-lag events:     2
  SYN flood events:   0
  HTTP flood events:  0
  ICMP flood events:  0
  DNS amp events:     0
  NTP amp events:     0
  SNMP amp events:    0
  SSDP events:        0
  PortMap events:     0
  NetBIOS events:     0
  LDAP events:        0
  MSSQL events:       0
  TFTP events:        0
  ACK flood events:   0
  Frag attack events: 0
  Heavy-hitter events:380 (OctoSketch per-IP detection)
  Packet flood events:0
  (Note: Events count IPs exceeding thresholds per 50ms window)

[ALERT STATUS]
  Alert level:        [1;31mHIGH[0m
  Reason:             [1;31mUDP ANOMALY: 8875958 pps | HEAVY-HITTER: 10.10.3.65 @ 27525 pps | TREND: attack rising (+1428192/250ms) | [0m

[MULTI-LF (2025) COMPARISON]
=== Detection Performance vs ML-Based System ===

  First Detection Latency:   1606.50 ms (vs MULTI-LF: 866 ms)
    Improvement:             0.5× faster

  Packets until detection:   874838481
  Bytes until detection:     111437274657 (106274.87 MB)

[OCTOSKETCH METRICS - Optimized Architecture]
=== Per-Worker Sketches + Sampling (1/32 packets) ===

  Architecture:              Per-worker (NO atomics, NO contention)
  Total sketch memory:       8961 KB (14 workers × 640.1 KB)
  Sampling rate:             1 in 32 packets (3.1% overhead)
  Attack traffic sampled:    25684224 updates
  Estimated attack packets:  821895168 (×32 sampling factor)
  Sketch overhead:           ~1.56% of fast-path cycles
  Memory efficiency:         O(1) constant, 640.1 KB per worker

[OCTOSKETCH HEAVY-HITTER DETECTION]
=== Top Attackers (per-IP tracking via Count-Min Sketch) ===

  Heavy-hitter threshold:    5000 pps per IP
  Heavy-hitters detected:    5 IPs exceeding threshold
  Total HH detections:       380 events

  Top 5 Attackers (estimated counts, ×32 sampling):
    #1: 10.10.3.65 - 133440 pkts (26688 pps) [HEAVY-HITTER]
    #2: 10.10.3.126 - 133024 pkts (26605 pps) [HEAVY-HITTER]
    #3: 10.10.3.28 - 132896 pkts (26579 pps) [HEAVY-HITTER]
    #4: 10.10.3.39 - 132768 pkts (26553 pps) [HEAVY-HITTER]
    #5: 10.10.3.106 - 132736 pkts (26547 pps) [HEAVY-HITTER]

[RING BUFFER + MULTI-SCALE FEATURES]
=== Temporal Analysis (last 100 windows = 5.0 sec) ===

  Windows processed:         2529
  Buffer utilization:        100/100 (100.0%)
  Running baseline (ML):     14068308 pps (for ML features only)
  Detection mode:            FIXED THRESHOLDS

  [Temporal Features - Last Window]
    Delta PPS (250ms):       +1428192
    Delta PPS (500ms):       +2860742
    PPS Variance:            2717785260032
    Ratio vs Baseline:       1.88x

  [Multi-Scale Features]
    Top IP (50ms):           429 pps
    Top IP (1s):             14656 pps
    Top IP (1min):           3197 pps
    Burst Ratio (50ms/1min): 0.13x
    IP Concentration:        0.8%

[MULTIPLE DETECTION STATISTICS]
=== Aggregate Detection Analysis ===

  Total detection events:    365
  Average detection latency: 58.55 ms
  Min detection latency:     53.72 ms
  Max detection latency:     1606.50 ms
  Latency range:             1552.78 ms

  Detection Latency Histogram:
    < 20 ms:  0 detections (0.0%)
    20-30 ms: 0 detections (0.0%)
    30-40 ms: 0 detections (0.0%)
    40-50 ms: 0 detections (0.0%)
    > 50 ms:  364 detections (99.7%)

[PERFORMANCE METRICS]
  Throughput:         18.56 Gbps (10.17 Mpps)
  Cycles available:   294 cycles/pkt (lower = higher load)
  Active IPs:         0
  Worker threads:     14 (lcores 1-14)

[DPDK NIC STATISTICS]
  RX packets (NIC):   1142056030
  RX dropped (HW):    [0m0[0m (imissed)
  RX no mbufs:        [0m0[0m (buffer exhaustion)
  RX errors:          0
  Total drops:        [0m0 (0.00%)[0m
  RX burst calls:     32240372574 (97.9% empty)
  Processed pkts:     1142060708 (100.0% of NIC RX)


╔═══════════════════════════════════════════════════════════════════════╗
║          MIRA DDoS DETECTOR - STATISTICS (MULTI-CORE)                ║
╚═══════════════════════════════════════════════════════════════════════╝

[PACKET COUNTERS - GLOBAL]
  Total packets:      1208884751
  Baseline (10.10.2.x): 673252824 (55.7%)
  Attack (10.10.3.x): 140078532 (11.6%)
  TCP packets:        742932411
  UDP packets:        406510683
  ICMP packets:       59441657

[INSTANTANEOUS TRAFFIC - Last 5.0 seconds]
  Baseline (10.10.2.x): 24381671 pkts (47.9%)  2222505398 bytes  3.55 Gbps
  Attack (10.10.3.x): 26557063 pkts (52.1%)  8763282187 bytes  14.00 Gbps
  Total throughput:   17.55 Gbps  (avg pkt: 216 bytes)

[CUMULATIVE TRAFFIC - Since first packet (129.2s)]
  Total received:     1208884751 pkts (9.36 Mpps) | 11.06 Gbps | 178644375390 bytes

[ATTACK-SPECIFIC COUNTERS]
  SYN packets:        194641591
  SYN-ACK packets:    97320663
  SYN/ACK ratio:      2.00
  HTTP requests:      397525876
  DNS queries:        109503389

[PROTOCOL-SPECIFIC COUNTERS - CIC-DDoS-2019 Features]
  NTP Amplification:
    Monlist queries:  308
    Responses:        0  (avg size: 0 bytes)
  DNS Amplification:
    ANY queries:      0
    TXT queries:      0
    Responses:        109503147  (avg size: 108 bytes)
  SNMP Amplification:
    GetBulk requests: 0
    Responses:        0  (avg size: 0 bytes)
  SSDP:
    M-SEARCH packets: 0
    Responses:        2171
  PortMapper:
    GETPORT calls:    2141
    DUMP calls:       0
  NetBIOS:
    Name queries:     2387
    Datagram packets: 2150
  LDAP:
    Bind requests:    0
    Search requests:  2170
  MSSQL:
    SQLBatch packets: 2089
    RPC packets:      0
  TFTP:
    RRQ (read) pkts:  0
    WRQ (write) pkts: 0

[ATTACK DETECTIONS - Cumulative Events]
  UDP flood events:   457
  UDP-lag events:     2
  SYN flood events:   0
  HTTP flood events:  0
  ICMP flood events:  0
  DNS amp events:     0
  NTP amp events:     0
  SNMP amp events:    0
  SSDP events:        0
  PortMap events:     0
  NetBIOS events:     0
  LDAP events:        0
  MSSQL events:       0
  TFTP events:        0
  ACK flood events:   0
  Frag attack events: 0
  Heavy-hitter events:472 (OctoSketch per-IP detection)
  Packet flood events:0
  (Note: Events count IPs exceeding thresholds per 50ms window)

[ALERT STATUS]
  Alert level:        [1;31mHIGH[0m
  Reason:             [1;31mUDP ANOMALY: 8875993 pps | HEAVY-HITTER: 10.10.3.143 @ 27688 pps | TREND: attack rising (+1431306/250ms) | [0m

[MULTI-LF (2025) COMPARISON]
=== Detection Performance vs ML-Based System ===

  First Detection Latency:   1606.50 ms (vs MULTI-LF: 866 ms)
    Improvement:             0.5× faster

  Packets until detection:   874838481
  Bytes until detection:     111437274657 (106274.87 MB)

[OCTOSKETCH METRICS - Optimized Architecture]
=== Per-Worker Sketches + Sampling (1/32 packets) ===

  Architecture:              Per-worker (NO atomics, NO contention)
  Total sketch memory:       8961 KB (14 workers × 640.1 KB)
  Sampling rate:             1 in 32 packets (3.1% overhead)
  Attack traffic sampled:    25677696 updates
  Estimated attack packets:  821686272 (×32 sampling factor)
  Sketch overhead:           ~1.56% of fast-path cycles
  Memory efficiency:         O(1) constant, 640.1 KB per worker

[OCTOSKETCH HEAVY-HITTER DETECTION]
=== Top Attackers (per-IP tracking via Count-Min Sketch) ===

  Heavy-hitter threshold:    5000 pps per IP
  Heavy-hitters detected:    5 IPs exceeding threshold
  Total HH detections:       472 events

  Top 5 Attackers (estimated counts, ×32 sampling):
    #1: 10.10.3.143 - 134176 pkts (26793 pps) [HEAVY-HITTER]
    #2: 10.10.3.50 - 134112 pkts (26780 pps) [HEAVY-HITTER]
    #3: 10.10.3.164 - 133312 pkts (26620 pps) [HEAVY-HITTER]
    #4: 10.10.3.128 - 132544 pkts (26467 pps) [HEAVY-HITTER]
    #5: 10.10.3.100 - 132480 pkts (26454 pps) [HEAVY-HITTER]

[RING BUFFER + MULTI-SCALE FEATURES]
=== Temporal Analysis (last 100 windows = 5.0 sec) ===

  Windows processed:         2621
  Buffer utilization:        100/100 (100.0%)
  Running baseline (ML):     14111262 pps (for ML features only)
  Detection mode:            FIXED THRESHOLDS

  [Temporal Features - Last Window]
    Delta PPS (250ms):       +1431306
    Delta PPS (500ms):       +2858562
    PPS Variance:            2709439119360
    Ratio vs Baseline:       1.87x

  [Multi-Scale Features]
    Top IP (50ms):           396 pps
    Top IP (1s):             1920 pps
    Top IP (1min):           5459 pps
    Burst Ratio (50ms/1min): 0.07x
    IP Concentration:        0.7%

[MULTIPLE DETECTION STATISTICS]
=== Aggregate Detection Analysis ===

  Total detection events:    457
  Average detection latency: 57.73 ms
  Min detection latency:     53.72 ms
  Max detection latency:     1606.50 ms
  Latency range:             1552.78 ms

  Detection Latency Histogram:
    < 20 ms:  0 detections (0.0%)
    20-30 ms: 0 detections (0.0%)
    30-40 ms: 0 detections (0.0%)
    40-50 ms: 0 detections (0.0%)
    > 50 ms:  456 detections (99.8%)

[PERFORMANCE METRICS]
  Throughput:         17.55 Gbps (10.17 Mpps)
  Cycles available:   294 cycles/pkt (lower = higher load)
  Active IPs:         0
  Worker threads:     14 (lcores 1-14)

[DPDK NIC STATISTICS]
  RX packets (NIC):   1208880319
  RX dropped (HW):    [0m0[0m (imissed)
  RX no mbufs:        [0m0[0m (buffer exhaustion)
  RX errors:          0
  Total drops:        [0m0 (0.00%)[0m
  RX burst calls:     32880958550 (97.8% empty)
  Processed pkts:     1208884751 (100.0% of NIC RX)


╔═══════════════════════════════════════════════════════════════════════╗
║          MIRA DDoS DETECTOR - STATISTICS (MULTI-CORE)                ║
╚═══════════════════════════════════════════════════════════════════════╝

[PACKET COUNTERS - GLOBAL]
  Total packets:      1275718962
  Baseline (10.10.2.x): 697645494 (54.7%)
  Attack (10.10.3.x): 166626882 (13.1%)
  TCP packets:        763076709
  UDP packets:        450959457
  ICMP packets:       61682796

[INSTANTANEOUS TRAFFIC - Last 5.0 seconds]
  Baseline (10.10.2.x): 24392128 pkts (47.9%)  2223158667 bytes  3.55 Gbps
  Attack (10.10.3.x): 26548012 pkts (52.1%)  10025803140 bytes  16.02 Gbps
  Total throughput:   19.57 Gbps  (avg pkt: 240 bytes)

[CUMULATIVE TRAFFIC - Since first packet (134.2s)]
  Total received:     1275718962 pkts (9.51 Mpps) | 11.45 Gbps | 192088592159 bytes

[ATTACK-SPECIFIC COUNTERS]
  SYN packets:        200013269
  SYN-ACK packets:    100006483
  SYN/ACK ratio:      2.00
  HTTP requests:      407599193
  DNS queries:        117561099

[PROTOCOL-SPECIFIC COUNTERS - CIC-DDoS-2019 Features]
  NTP Amplification:
    Monlist queries:  365
    Responses:        0  (avg size: 0 bytes)
  DNS Amplification:
    ANY queries:      0
    TXT queries:      0
    Responses:        117560843  (avg size: 108 bytes)
  SNMP Amplification:
    GetBulk requests: 0
    Responses:        0  (avg size: 0 bytes)
  SSDP:
    M-SEARCH packets: 0
    Responses:        2583
  PortMapper:
    GETPORT calls:    2527
    DUMP calls:       0
  NetBIOS:
    Name queries:     2839
    Datagram packets: 2545
  LDAP:
    Bind requests:    0
    Search requests:  2573
  MSSQL:
    SQLBatch packets: 2494
    RPC packets:      0
  TFTP:
    RRQ (read) pkts:  0
    WRQ (write) pkts: 0

[ATTACK DETECTIONS - Cumulative Events]
  UDP flood events:   549
  UDP-lag events:     5
  SYN flood events:   0
  HTTP flood events:  0
  ICMP flood events:  0
  DNS amp events:     0
  NTP amp events:     0
  SNMP amp events:    0
  SSDP events:        0
  PortMap events:     0
  NetBIOS events:     0
  LDAP events:        0
  MSSQL events:       0
  TFTP events:        0
  ACK flood events:   0
  Frag attack events: 0
  Heavy-hitter events:564 (OctoSketch per-IP detection)
  Packet flood events:0
  (Note: Events count IPs exceeding thresholds per 50ms window)

[ALERT STATUS]
  Alert level:        [1;31mHIGH[0m
  Reason:             [1;31mUDP ANOMALY: 8879007 pps | HEAVY-HITTER: 10.10.3.178 @ 27711 pps | TREND: attack rising (+1427466/250ms) | [0m

[MULTI-LF (2025) COMPARISON]
=== Detection Performance vs ML-Based System ===

  First Detection Latency:   1606.50 ms (vs MULTI-LF: 866 ms)
    Improvement:             0.5× faster

  Packets until detection:   874838481
  Bytes until detection:     111437274657 (106274.87 MB)

[OCTOSKETCH METRICS - Optimized Architecture]
=== Per-Worker Sketches + Sampling (1/32 packets) ===

  Architecture:              Per-worker (NO atomics, NO contention)
  Total sketch memory:       8961 KB (14 workers × 640.1 KB)
  Sampling rate:             1 in 32 packets (3.1% overhead)
  Attack traffic sampled:    25668768 updates
  Estimated attack packets:  821400576 (×32 sampling factor)
  Sketch overhead:           ~1.56% of fast-path cycles
  Memory efficiency:         O(1) constant, 640.1 KB per worker

[OCTOSKETCH HEAVY-HITTER DETECTION]
=== Top Attackers (per-IP tracking via Count-Min Sketch) ===

  Heavy-hitter threshold:    5000 pps per IP
  Heavy-hitters detected:    5 IPs exceeding threshold
  Total HH detections:       564 events

  Top 5 Attackers (estimated counts, ×32 sampling):
    #1: 10.10.3.178 - 134240 pkts (26815 pps) [HEAVY-HITTER]
    #2: 10.10.3.150 - 133664 pkts (26700 pps) [HEAVY-HITTER]
    #3: 10.10.3.181 - 133664 pkts (26700 pps) [HEAVY-HITTER]
    #4: 10.10.3.179 - 133312 pkts (26630 pps) [HEAVY-HITTER]
    #5: 10.10.3.144 - 133088 pkts (26585 pps) [HEAVY-HITTER]

[RING BUFFER + MULTI-SCALE FEATURES]
=== Temporal Analysis (last 100 windows = 5.0 sec) ===

  Windows processed:         2713
  Buffer utilization:        100/100 (100.0%)
  Running baseline (ML):     14111500 pps (for ML features only)
  Detection mode:            FIXED THRESHOLDS

  [Temporal Features - Last Window]
    Delta PPS (250ms):       +1427466
    Delta PPS (500ms):       +2855526
    PPS Variance:            2713822953472
    Ratio vs Baseline:       1.87x

  [Multi-Scale Features]
    Top IP (50ms):           377 pps
    Top IP (1s):             21184 pps
    Top IP (1min):           7699 pps
    Burst Ratio (50ms/1min): 0.05x
    IP Concentration:        0.7%

[MULTIPLE DETECTION STATISTICS]
=== Aggregate Detection Analysis ===

  Total detection events:    549
  Average detection latency: 57.17 ms
  Min detection latency:     53.72 ms
  Max detection latency:     1606.50 ms
  Latency range:             1552.78 ms

  Detection Latency Histogram:
    < 20 ms:  0 detections (0.0%)
    20-30 ms: 0 detections (0.0%)
    30-40 ms: 0 detections (0.0%)
    40-50 ms: 0 detections (0.0%)
    > 50 ms:  548 detections (99.8%)

[PERFORMANCE METRICS]
  Throughput:         19.57 Gbps (10.18 Mpps)
  Cycles available:   294 cycles/pkt (lower = higher load)
  Active IPs:         0
  Worker threads:     14 (lcores 1-14)

[DPDK NIC STATISTICS]
  RX packets (NIC):   1275714202
  RX dropped (HW):    [0m0[0m (imissed)
  RX no mbufs:        [0m0[0m (buffer exhaustion)
  RX errors:          0
  Total drops:        [0m0 (0.00%)[0m
  RX burst calls:     33520144055 (97.7% empty)
  Processed pkts:     1275718962 (100.0% of NIC RX)


╔═══════════════════════════════════════════════════════════════════════╗
║          MIRA DDoS DETECTOR - STATISTICS (MULTI-CORE)                ║
╚═══════════════════════════════════════════════════════════════════════╝

[PACKET COUNTERS - GLOBAL]
  Total packets:      1342559606
  Baseline (10.10.2.x): 722039643 (53.8%)
  Attack (10.10.3.x): 193182245 (14.4%)
  TCP packets:        783217579
  UDP packets:        495419445
  ICMP packets:       63922582

[INSTANTANEOUS TRAFFIC - Last 5.0 seconds]
  Baseline (10.10.2.x): 24393720 pkts (47.9%)  2224020509 bytes  3.55 Gbps
  Attack (10.10.3.x): 26554925 pkts (52.1%)  8762605778 bytes  14.00 Gbps
  Total throughput:   17.55 Gbps  (avg pkt: 216 bytes)

[CUMULATIVE TRAFFIC - Since first packet (139.2s)]
  Total received:     1342559606 pkts (9.64 Mpps) | 11.81 Gbps | 205535665715 bytes

[ATTACK-SPECIFIC COUNTERS]
  SYN packets:        205384066
  SYN-ACK packets:    102691886
  SYN/ACK ratio:      2.00
  HTTP requests:      417670594
  DNS queries:        125618607

[PROTOCOL-SPECIFIC COUNTERS - CIC-DDoS-2019 Features]
  NTP Amplification:
    Monlist queries:  426
    Responses:        0  (avg size: 0 bytes)
  DNS Amplification:
    ANY queries:      0
    TXT queries:      0
    Responses:        125618299  (avg size: 108 bytes)
  SNMP Amplification:
    GetBulk requests: 0
    Responses:        0  (avg size: 0 bytes)
  SSDP:
    M-SEARCH packets: 0
    Responses:        3014
  PortMapper:
    GETPORT calls:    2954
    DUMP calls:       0
  NetBIOS:
    Name queries:     3283
    Datagram packets: 2944
  LDAP:
    Bind requests:    0
    Search requests:  2986
  MSSQL:
    SQLBatch packets: 2897
    RPC packets:      0
  TFTP:
    RRQ (read) pkts:  0
    WRQ (write) pkts: 0

[ATTACK DETECTIONS - Cumulative Events]
  UDP flood events:   641
  UDP-lag events:     5
  SYN flood events:   0
  HTTP flood events:  0
  ICMP flood events:  0
  DNS amp events:     0
  NTP amp events:     0
  SNMP amp events:    0
  SSDP events:        0
  PortMap events:     0
  NetBIOS events:     0
  LDAP events:        0
  MSSQL events:       0
  TFTP events:        0
  ACK flood events:   0
  Frag attack events: 0
  Heavy-hitter events:656 (OctoSketch per-IP detection)
  Packet flood events:0
  (Note: Events count IPs exceeding thresholds per 50ms window)

[ALERT STATUS]
  Alert level:        [1;31mHIGH[0m
  Reason:             [1;31mUDP ANOMALY: 8877440 pps | HEAVY-HITTER: 10.10.3.185 @ 27446 pps | TREND: attack rising (+1434096/250ms) | [0m

[MULTI-LF (2025) COMPARISON]
=== Detection Performance vs ML-Based System ===

  First Detection Latency:   1606.50 ms (vs MULTI-LF: 866 ms)
    Improvement:             0.5× faster

  Packets until detection:   874838481
  Bytes until detection:     111437274657 (106274.87 MB)

[OCTOSKETCH METRICS - Optimized Architecture]
=== Per-Worker Sketches + Sampling (1/32 packets) ===

  Architecture:              Per-worker (NO atomics, NO contention)
  Total sketch memory:       8961 KB (14 workers × 640.1 KB)
  Sampling rate:             1 in 32 packets (3.1% overhead)
  Attack traffic sampled:    25675392 updates
  Estimated attack packets:  821612544 (×32 sampling factor)
  Sketch overhead:           ~1.56% of fast-path cycles
  Memory efficiency:         O(1) constant, 640.1 KB per worker

[OCTOSKETCH HEAVY-HITTER DETECTION]
=== Top Attackers (per-IP tracking via Count-Min Sketch) ===

  Heavy-hitter threshold:    5000 pps per IP
  Heavy-hitters detected:    5 IPs exceeding threshold
  Total HH detections:       656 events

  Top 5 Attackers (estimated counts, ×32 sampling):
    #1: 10.10.3.185 - 132992 pkts (26558 pps) [HEAVY-HITTER]
    #2: 10.10.3.86 - 132960 pkts (26552 pps) [HEAVY-HITTER]
    #3: 10.10.3.47 - 132800 pkts (26520 pps) [HEAVY-HITTER]
    #4: 10.10.3.62 - 132608 pkts (26481 pps) [HEAVY-HITTER]
    #5: 10.10.3.110 - 132480 pkts (26456 pps) [HEAVY-HITTER]

[RING BUFFER + MULTI-SCALE FEATURES]
=== Temporal Analysis (last 100 windows = 5.0 sec) ===

  Windows processed:         2805
  Buffer utilization:        100/100 (100.0%)
  Running baseline (ML):     14112569 pps (for ML features only)
  Detection mode:            FIXED THRESHOLDS

  [Temporal Features - Last Window]
    Delta PPS (250ms):       +1434096
    Delta PPS (500ms):       +2861798
    PPS Variance:            2714942570496
    Ratio vs Baseline:       1.87x

  [Multi-Scale Features]
    Top IP (50ms):           423 pps
    Top IP (1s):             8512 pps
    Top IP (1min):           9941 pps
    Burst Ratio (50ms/1min): 0.04x
    IP Concentration:        0.8%

[MULTIPLE DETECTION STATISTICS]
=== Aggregate Detection Analysis ===

  Total detection events:    641
  Average detection latency: 56.78 ms
  Min detection latency:     53.72 ms
  Max detection latency:     1606.50 ms
  Latency range:             1552.78 ms

  Detection Latency Histogram:
    < 20 ms:  0 detections (0.0%)
    20-30 ms: 0 detections (0.0%)
    30-40 ms: 0 detections (0.0%)
    40-50 ms: 0 detections (0.0%)
    > 50 ms:  640 detections (99.8%)

[PERFORMANCE METRICS]
  Throughput:         17.55 Gbps (10.17 Mpps)
  Cycles available:   294 cycles/pkt (lower = higher load)
  Active IPs:         0
  Worker threads:     14 (lcores 1-14)

[DPDK NIC STATISTICS]
  RX packets (NIC):   1342554935
  RX dropped (HW):    [0m0[0m (imissed)
  RX no mbufs:        [0m0[0m (buffer exhaustion)
  RX errors:          0
  Total drops:        [0m0 (0.00%)[0m
  RX burst calls:     34159636591 (97.7% empty)
  Processed pkts:     1342559606 (100.0% of NIC RX)


╔═══════════════════════════════════════════════════════════════════════╗
║          MIRA DDoS DETECTOR - STATISTICS (MULTI-CORE)                ║
╚═══════════════════════════════════════════════════════════════════════╝

[PACKET COUNTERS - GLOBAL]
  Total packets:      1409377772
  Baseline (10.10.2.x): 746421866 (53.0%)
  Attack (10.10.3.x): 219731271 (15.6%)
  TCP packets:        803352115
  UDP packets:        539862930
  ICMP packets:       66162727

[INSTANTANEOUS TRAFFIC - Last 5.0 seconds]
  Baseline (10.10.2.x): 24381851 pkts (47.9%)  2222174705 bytes  3.55 Gbps
  Attack (10.10.3.x): 26548560 pkts (52.1%)  9393328516 bytes  15.01 Gbps
  Total throughput:   18.56 Gbps  (avg pkt: 228 bytes)

[CUMULATIVE TRAFFIC - Since first packet (144.2s)]
  Total received:     1409377772 pkts (9.77 Mpps) | 12.15 Gbps | 218978038529 bytes

[ATTACK-SPECIFIC COUNTERS]
  SYN packets:        210753182
  SYN-ACK packets:    105376445
  SYN/ACK ratio:      2.00
  HTTP requests:      427738665
  DNS queries:        133673889

[PROTOCOL-SPECIFIC COUNTERS - CIC-DDoS-2019 Features]
  NTP Amplification:
    Monlist queries:  484
    Responses:        0  (avg size: 0 bytes)
  DNS Amplification:
    ANY queries:      0
    TXT queries:      0
    Responses:        133673540  (avg size: 108 bytes)
  SNMP Amplification:
    GetBulk requests: 0
    Responses:        0  (avg size: 0 bytes)
  SSDP:
    M-SEARCH packets: 0
    Responses:        3405
  PortMapper:
    GETPORT calls:    3363
    DUMP calls:       0
  NetBIOS:
    Name queries:     3745
    Datagram packets: 3371
  LDAP:
    Bind requests:    0
    Search requests:  3409
  MSSQL:
    SQLBatch packets: 3275
    RPC packets:      0
  TFTP:
    RRQ (read) pkts:  0
    WRQ (write) pkts: 0

[ATTACK DETECTIONS - Cumulative Events]
  UDP flood events:   733
  UDP-lag events:     7
  SYN flood events:   0
  HTTP flood events:  0
  ICMP flood events:  0
  DNS amp events:     0
  NTP amp events:     0
  SNMP amp events:    0
  SSDP events:        0
  PortMap events:     0
  NetBIOS events:     0
  LDAP events:        0
  MSSQL events:       0
  TFTP events:        0
  ACK flood events:   0
  Frag attack events: 0
  Heavy-hitter events:748 (OctoSketch per-IP detection)
  Packet flood events:0
  (Note: Events count IPs exceeding thresholds per 50ms window)

[ALERT STATUS]
  Alert level:        [1;31mHIGH[0m
  Reason:             [1;31mUDP ANOMALY: 8878362 pps | HEAVY-HITTER: 10.10.3.186 @ 27586 pps | TREND: attack rising (+1427056/250ms) | [0m

[MULTI-LF (2025) COMPARISON]
=== Detection Performance vs ML-Based System ===

  First Detection Latency:   1606.50 ms (vs MULTI-LF: 866 ms)
    Improvement:             0.5× faster

  Packets until detection:   874838481
  Bytes until detection:     111437274657 (106274.87 MB)

[OCTOSKETCH METRICS - Optimized Architecture]
=== Per-Worker Sketches + Sampling (1/32 packets) ===

  Architecture:              Per-worker (NO atomics, NO contention)
  Total sketch memory:       8961 KB (14 workers × 640.1 KB)
  Sampling rate:             1 in 32 packets (3.1% overhead)
  Attack traffic sampled:    25669024 updates
  Estimated attack packets:  821408768 (×32 sampling factor)
  Sketch overhead:           ~1.56% of fast-path cycles
  Memory efficiency:         O(1) constant, 640.1 KB per worker

[OCTOSKETCH HEAVY-HITTER DETECTION]
=== Top Attackers (per-IP tracking via Count-Min Sketch) ===

  Heavy-hitter threshold:    5000 pps per IP
  Heavy-hitters detected:    5 IPs exceeding threshold
  Total HH detections:       748 events

  Top 5 Attackers (estimated counts, ×32 sampling):
    #1: 10.10.3.186 - 133632 pkts (26694 pps) [HEAVY-HITTER]
    #2: 10.10.3.43 - 133536 pkts (26675 pps) [HEAVY-HITTER]
    #3: 10.10.3.115 - 133376 pkts (26643 pps) [HEAVY-HITTER]
    #4: 10.10.3.8 - 133344 pkts (26636 pps) [HEAVY-HITTER]
    #5: 10.10.3.27 - 132928 pkts (26553 pps) [HEAVY-HITTER]

[RING BUFFER + MULTI-SCALE FEATURES]
=== Temporal Analysis (last 100 windows = 5.0 sec) ===

  Windows processed:         2897
  Buffer utilization:        100/100 (100.0%)
  Running baseline (ML):     14112954 pps (for ML features only)
  Detection mode:            FIXED THRESHOLDS

  [Temporal Features - Last Window]
    Delta PPS (250ms):       +1427056
    Delta PPS (500ms):       +2854184
    PPS Variance:            2712313004032
    Ratio vs Baseline:       1.87x

  [Multi-Scale Features]
    Top IP (50ms):           410 pps
    Top IP (1s):             26688 pps
    Top IP (1min):           12180 pps
    Burst Ratio (50ms/1min): 0.03x
    IP Concentration:        0.7%

[MULTIPLE DETECTION STATISTICS]
=== Aggregate Detection Analysis ===

  Total detection events:    733
  Average detection latency: 56.48 ms
  Min detection latency:     53.72 ms
  Max detection latency:     1606.50 ms
  Latency range:             1552.78 ms

  Detection Latency Histogram:
    < 20 ms:  0 detections (0.0%)
    20-30 ms: 0 detections (0.0%)
    30-40 ms: 0 detections (0.0%)
    40-50 ms: 0 detections (0.0%)
    > 50 ms:  732 detections (99.9%)

[PERFORMANCE METRICS]
  Throughput:         18.56 Gbps (10.17 Mpps)
  Cycles available:   294 cycles/pkt (lower = higher load)
  Active IPs:         0
  Worker threads:     14 (lcores 1-14)

[DPDK NIC STATISTICS]
  RX packets (NIC):   1409373065
  RX dropped (HW):    [0m0[0m (imissed)
  RX no mbufs:        [0m0[0m (buffer exhaustion)
  RX errors:          0
  Total drops:        [0m0 (0.00%)[0m
  RX burst calls:     34795827484 (97.6% empty)
  Processed pkts:     1409377772 (100.0% of NIC RX)


╔═══════════════════════════════════════════════════════════════════════╗
║          MIRA DDoS DETECTOR - STATISTICS (MULTI-CORE)                ║
╚═══════════════════════════════════════════════════════════════════════╝

[PACKET COUNTERS - GLOBAL]
  Total packets:      1476228618
  Baseline (10.10.2.x): 770821037 (52.2%)
  Attack (10.10.3.x): 246288220 (16.7%)
  TCP packets:        823497834
  UDP packets:        584327554
  ICMP packets:       68403230

[INSTANTANEOUS TRAFFIC - Last 5.0 seconds]
  Baseline (10.10.2.x): 24398691 pkts (47.9%)  2224344903 bytes  3.55 Gbps
  Attack (10.10.3.x): 26556561 pkts (52.1%)  9395920605 bytes  15.01 Gbps
  Total throughput:   18.56 Gbps  (avg pkt: 228 bytes)

[CUMULATIVE TRAFFIC - Since first packet (149.2s)]
  Total received:     1476228618 pkts (9.89 Mpps) | 12.46 Gbps | 232426439592 bytes

[ATTACK-SPECIFIC COUNTERS]
  SYN packets:        216125363
  SYN-ACK packets:    108062540
  SYN/ACK ratio:      2.00
  HTTP requests:      437811682
  DNS queries:        141733267

[PROTOCOL-SPECIFIC COUNTERS - CIC-DDoS-2019 Features]
  NTP Amplification:
    Monlist queries:  540
    Responses:        0  (avg size: 0 bytes)
  DNS Amplification:
    ANY queries:      0
    TXT queries:      0
    Responses:        141732911  (avg size: 108 bytes)
  SNMP Amplification:
    GetBulk requests: 0
    Responses:        0  (avg size: 0 bytes)
  SSDP:
    M-SEARCH packets: 0
    Responses:        3818
  PortMapper:
    GETPORT calls:    3750
    DUMP calls:       0
  NetBIOS:
    Name queries:     4197
    Datagram packets: 3766
  LDAP:
    Bind requests:    0
    Search requests:  3808
  MSSQL:
    SQLBatch packets: 3679
    RPC packets:      0
  TFTP:
    RRQ (read) pkts:  0
    WRQ (write) pkts: 0

[ATTACK DETECTIONS - Cumulative Events]
  UDP flood events:   825
  UDP-lag events:     9
  SYN flood events:   0
  HTTP flood events:  0
  ICMP flood events:  0
  DNS amp events:     0
  NTP amp events:     0
  SNMP amp events:    0
  SSDP events:        0
  PortMap events:     0
  NetBIOS events:     0
  LDAP events:        0
  MSSQL events:       0
  TFTP events:        0
  ACK flood events:   0
  Frag attack events: 0
  Heavy-hitter events:840 (OctoSketch per-IP detection)
  Packet flood events:0
  (Note: Events count IPs exceeding thresholds per 50ms window)

[ALERT STATUS]
  Alert level:        [1;31mHIGH[0m
  Reason:             [1;31mUDP ANOMALY: 8879093 pps | HEAVY-HITTER: 10.10.3.121 @ 27649 pps | TREND: attack rising (+1428576/250ms) | [0m

[MULTI-LF (2025) COMPARISON]
=== Detection Performance vs ML-Based System ===

  First Detection Latency:   1606.50 ms (vs MULTI-LF: 866 ms)
    Improvement:             0.5× faster

  Packets until detection:   874838481
  Bytes until detection:     111437274657 (106274.87 MB)

[OCTOSKETCH METRICS - Optimized Architecture]
=== Per-Worker Sketches + Sampling (1/32 packets) ===

  Architecture:              Per-worker (NO atomics, NO contention)
  Total sketch memory:       8961 KB (14 workers × 640.1 KB)
  Sampling rate:             1 in 32 packets (3.1% overhead)
  Attack traffic sampled:    25673152 updates
  Estimated attack packets:  821540864 (×32 sampling factor)
  Sketch overhead:           ~1.56% of fast-path cycles
  Memory efficiency:         O(1) constant, 640.1 KB per worker

[OCTOSKETCH HEAVY-HITTER DETECTION]
=== Top Attackers (per-IP tracking via Count-Min Sketch) ===

  Heavy-hitter threshold:    5000 pps per IP
  Heavy-hitters detected:    5 IPs exceeding threshold
  Total HH detections:       840 events

  Top 5 Attackers (estimated counts, ×32 sampling):
    #1: 10.10.3.121 - 133984 pkts (26755 pps) [HEAVY-HITTER]
    #2: 10.10.3.100 - 133408 pkts (26640 pps) [HEAVY-HITTER]
    #3: 10.10.3.122 - 132960 pkts (26551 pps) [HEAVY-HITTER]
    #4: 10.10.3.84 - 132512 pkts (26461 pps) [HEAVY-HITTER]
    #5: 10.10.3.120 - 132320 pkts (26423 pps) [HEAVY-HITTER]

[RING BUFFER + MULTI-SCALE FEATURES]
=== Temporal Analysis (last 100 windows = 5.0 sec) ===

  Windows processed:         2989
  Buffer utilization:        100/100 (100.0%)
  Running baseline (ML):     14115269 pps (for ML features only)
  Detection mode:            FIXED THRESHOLDS

  [Temporal Features - Last Window]
    Delta PPS (250ms):       +1428576
    Delta PPS (500ms):       +2859342
    PPS Variance:            2715167227904
    Ratio vs Baseline:       1.87x

  [Multi-Scale Features]
    Top IP (50ms):           390 pps
    Top IP (1s):             15104 pps
    Top IP (1min):           14393 pps
    Burst Ratio (50ms/1min): 0.03x
    IP Concentration:        0.7%

[MULTIPLE DETECTION STATISTICS]
=== Aggregate Detection Analysis ===

  Total detection events:    825
  Average detection latency: 56.25 ms
  Min detection latency:     53.72 ms
  Max detection latency:     1606.50 ms
  Latency range:             1552.78 ms

  Detection Latency Histogram:
    < 20 ms:  0 detections (0.0%)
    20-30 ms: 0 detections (0.0%)
    30-40 ms: 0 detections (0.0%)
    40-50 ms: 0 detections (0.0%)
    > 50 ms:  824 detections (99.9%)

[PERFORMANCE METRICS]
  Throughput:         18.56 Gbps (10.18 Mpps)
  Cycles available:   294 cycles/pkt (lower = higher load)
  Active IPs:         0
  Worker threads:     14 (lcores 1-14)

[DPDK NIC STATISTICS]
  RX packets (NIC):   1476223820
  RX dropped (HW):    [0m0[0m (imissed)
  RX no mbufs:        [0m0[0m (buffer exhaustion)
  RX errors:          0
  Total drops:        [0m0 (0.00%)[0m
  RX burst calls:     35436744034 (97.5% empty)
  Processed pkts:     1476228618 (100.0% of NIC RX)


╔═══════════════════════════════════════════════════════════════════════╗
║          MIRA DDoS DETECTOR - STATISTICS (MULTI-CORE)                ║
╚═══════════════════════════════════════════════════════════════════════╝

[PACKET COUNTERS - GLOBAL]
  Total packets:      1543078761
  Baseline (10.10.2.x): 795215381 (51.5%)
  Attack (10.10.3.x): 272853434 (17.7%)
  TCP packets:        843644875
  UDP packets:        628788769
  ICMP packets:       70645117

[INSTANTANEOUS TRAFFIC - Last 5.0 seconds]
  Baseline (10.10.2.x): 24393912 pkts (47.9%)  2223826303 bytes  3.55 Gbps
  Attack (10.10.3.x): 26564757 pkts (52.1%)  8766005959 bytes  14.00 Gbps
  Total throughput:   17.55 Gbps  (avg pkt: 216 bytes)

[CUMULATIVE TRAFFIC - Since first packet (154.2s)]
  Total received:     1543078761 pkts (10.01 Mpps) | 12.75 Gbps | 245876898076 bytes

[ATTACK-SPECIFIC COUNTERS]
  SYN packets:        221497911
  SYN-ACK packets:    110748823
  SYN/ACK ratio:      2.00
  HTTP requests:      447885590
  DNS queries:        149787351

[PROTOCOL-SPECIFIC COUNTERS - CIC-DDoS-2019 Features]
  NTP Amplification:
    Monlist queries:  602
    Responses:        0  (avg size: 0 bytes)
  DNS Amplification:
    ANY queries:      0
    TXT queries:      0
    Responses:        149786931  (avg size: 108 bytes)
  SNMP Amplification:
    GetBulk requests: 0
    Responses:        0  (avg size: 0 bytes)
  SSDP:
    M-SEARCH packets: 0
    Responses:        4244
  PortMapper:
    GETPORT calls:    4174
    DUMP calls:       0
  NetBIOS:
    Name queries:     4641
    Datagram packets: 4171
  LDAP:
    Bind requests:    0
    Search requests:  4223
  MSSQL:
    SQLBatch packets: 4081
    RPC packets:      0
  TFTP:
    RRQ (read) pkts:  0
    WRQ (write) pkts: 0

[ATTACK DETECTIONS - Cumulative Events]
  UDP flood events:   917
  UDP-lag events:     9
  SYN flood events:   0
  HTTP flood events:  0
  ICMP flood events:  0
  DNS amp events:     0
  NTP amp events:     0
  SNMP amp events:    0
  SSDP events:        0
  PortMap events:     0
  NetBIOS events:     0
  LDAP events:        0
  MSSQL events:       0
  TFTP events:        0
  ACK flood events:   0
  Frag attack events: 0
  Heavy-hitter events:932 (OctoSketch per-IP detection)
  Packet flood events:0
  (Note: Events count IPs exceeding thresholds per 50ms window)

[ALERT STATUS]
  Alert level:        [1;31mHIGH[0m
  Reason:             [1;31mUDP ANOMALY: 8875964 pps | HEAVY-HITTER: 10.10.3.59 @ 27705 pps | TREND: attack rising (+1431928/250ms) | [0m

[MULTI-LF (2025) COMPARISON]
=== Detection Performance vs ML-Based System ===

  First Detection Latency:   1606.50 ms (vs MULTI-LF: 866 ms)
    Improvement:             0.5× faster

  Packets until detection:   874838481
  Bytes until detection:     111437274657 (106274.87 MB)

[OCTOSKETCH METRICS - Optimized Architecture]
=== Per-Worker Sketches + Sampling (1/32 packets) ===

  Architecture:              Per-worker (NO atomics, NO contention)
  Total sketch memory:       8961 KB (14 workers × 640.1 KB)
  Sampling rate:             1 in 32 packets (3.1% overhead)
  Attack traffic sampled:    25685536 updates
  Estimated attack packets:  821937152 (×32 sampling factor)
  Sketch overhead:           ~1.56% of fast-path cycles
  Memory efficiency:         O(1) constant, 640.1 KB per worker

[OCTOSKETCH HEAVY-HITTER DETECTION]
=== Top Attackers (per-IP tracking via Count-Min Sketch) ===

  Heavy-hitter threshold:    5000 pps per IP
  Heavy-hitters detected:    5 IPs exceeding threshold
  Total HH detections:       932 events

  Top 5 Attackers (estimated counts, ×32 sampling):
    #1: 10.10.3.59 - 134304 pkts (26809 pps) [HEAVY-HITTER]
    #2: 10.10.3.127 - 132736 pkts (26496 pps) [HEAVY-HITTER]
    #3: 10.10.3.105 - 132672 pkts (26484 pps) [HEAVY-HITTER]
    #4: 10.10.3.125 - 132640 pkts (26477 pps) [HEAVY-HITTER]
    #5: 10.10.3.173 - 132640 pkts (26477 pps) [HEAVY-HITTER]

[RING BUFFER + MULTI-SCALE FEATURES]
=== Temporal Analysis (last 100 windows = 5.0 sec) ===

  Windows processed:         3081
  Buffer utilization:        100/100 (100.0%)
  Running baseline (ML):     14118277 pps (for ML features only)
  Detection mode:            FIXED THRESHOLDS

  [Temporal Features - Last Window]
    Delta PPS (250ms):       +1431928
    Delta PPS (500ms):       +2860050
    PPS Variance:            2711502454784
    Ratio vs Baseline:       1.87x

  [Multi-Scale Features]
    Top IP (50ms):           383 pps
    Top IP (1s):             1888 pps
    Top IP (1min):           16646 pps
    Burst Ratio (50ms/1min): 0.02x
    IP Concentration:        0.7%

[MULTIPLE DETECTION STATISTICS]
=== Aggregate Detection Analysis ===

  Total detection events:    917
  Average detection latency: 56.07 ms
  Min detection latency:     53.72 ms
  Max detection latency:     1606.50 ms
  Latency range:             1552.78 ms

  Detection Latency Histogram:
    < 20 ms:  0 detections (0.0%)
    20-30 ms: 0 detections (0.0%)
    30-40 ms: 0 detections (0.0%)
    40-50 ms: 0 detections (0.0%)
    > 50 ms:  916 detections (99.9%)

[PERFORMANCE METRICS]
  Throughput:         17.55 Gbps (10.17 Mpps)
  Cycles available:   294 cycles/pkt (lower = higher load)
  Active IPs:         0
  Worker threads:     14 (lcores 1-14)

[DPDK NIC STATISTICS]
  RX packets (NIC):   1543074332
  RX dropped (HW):    [0m0[0m (imissed)
  RX no mbufs:        [0m0[0m (buffer exhaustion)
  RX errors:          0
  Total drops:        [0m0 (0.00%)[0m
  RX burst calls:     36078262976 (97.4% empty)
  Processed pkts:     1543078761 (100.0% of NIC RX)


╔═══════════════════════════════════════════════════════════════════════╗
║          MIRA DDoS DETECTOR - STATISTICS (MULTI-CORE)                ║
╚═══════════════════════════════════════════════════════════════════════╝

[PACKET COUNTERS - GLOBAL]
  Total packets:      1609920947
  Baseline (10.10.2.x): 819609608 (50.9%)
  Attack (10.10.3.x): 299409881 (18.6%)
  TCP packets:        863783854
  UDP packets:        673250275
  ICMP packets:       72886818

[INSTANTANEOUS TRAFFIC - Last 5.0 seconds]
  Baseline (10.10.2.x): 24393705 pkts (47.9%)  2224046324 bytes  3.55 Gbps
  Attack (10.10.3.x): 26556040 pkts (52.1%)  9396200169 bytes  15.01 Gbps
  Total throughput:   18.56 Gbps  (avg pkt: 228 bytes)

[CUMULATIVE TRAFFIC - Since first packet (159.2s)]
  Total received:     1609920947 pkts (10.11 Mpps) | 13.03 Gbps | 259324001652 bytes

[ATTACK-SPECIFIC COUNTERS]
  SYN packets:        226868360
  SYN-ACK packets:    113434038
  SYN/ACK ratio:      2.00
  HTTP requests:      457954870
  DNS queries:        157845360

[PROTOCOL-SPECIFIC COUNTERS - CIC-DDoS-2019 Features]
  NTP Amplification:
    Monlist queries:  660
    Responses:        0  (avg size: 0 bytes)
  DNS Amplification:
    ANY queries:      0
    TXT queries:      0
    Responses:        157844860  (avg size: 108 bytes)
  SNMP Amplification:
    GetBulk requests: 0
    Responses:        0  (avg size: 0 bytes)
  SSDP:
    M-SEARCH packets: 0
    Responses:        4643
  PortMapper:
    GETPORT calls:    4583
    DUMP calls:       0
  NetBIOS:
    Name queries:     5105
    Datagram packets: 4592
  LDAP:
    Bind requests:    0
    Search requests:  4642
  MSSQL:
    SQLBatch packets: 4463
    RPC packets:      0
  TFTP:
    RRQ (read) pkts:  0
    WRQ (write) pkts: 0

[ATTACK DETECTIONS - Cumulative Events]
  UDP flood events:   1009
  UDP-lag events:     11
  SYN flood events:   0
  HTTP flood events:  0
  ICMP flood events:  0
  DNS amp events:     0
  NTP amp events:     0
  SNMP amp events:    0
  SSDP events:        0
  PortMap events:     0
  NetBIOS events:     0
  LDAP events:        0
  MSSQL events:       0
  TFTP events:        0
  ACK flood events:   0
  Frag attack events: 0
  Heavy-hitter events:1024 (OctoSketch per-IP detection)
  Packet flood events:0
  (Note: Events count IPs exceeding thresholds per 50ms window)

[ALERT STATUS]
  Alert level:        [1;31mHIGH[0m
  Reason:             [1;31mUDP ANOMALY: 8878924 pps | HEAVY-HITTER: 10.10.3.120 @ 27643 pps | TREND: attack rising (+1428056/250ms) | [0m

[MULTI-LF (2025) COMPARISON]
=== Detection Performance vs ML-Based System ===

  First Detection Latency:   1606.50 ms (vs MULTI-LF: 866 ms)
    Improvement:             0.5× faster

  Packets until detection:   874838481
  Bytes until detection:     111437274657 (106274.87 MB)

[OCTOSKETCH METRICS - Optimized Architecture]
=== Per-Worker Sketches + Sampling (1/32 packets) ===

  Architecture:              Per-worker (NO atomics, NO contention)
  Total sketch memory:       8961 KB (14 workers × 640.1 KB)
  Sampling rate:             1 in 32 packets (3.1% overhead)
  Attack traffic sampled:    25676320 updates
  Estimated attack packets:  821642240 (×32 sampling factor)
  Sketch overhead:           ~1.56% of fast-path cycles
  Memory efficiency:         O(1) constant, 640.1 KB per worker

[OCTOSKETCH HEAVY-HITTER DETECTION]
=== Top Attackers (per-IP tracking via Count-Min Sketch) ===

  Heavy-hitter threshold:    5000 pps per IP
  Heavy-hitters detected:    5 IPs exceeding threshold
  Total HH detections:       1024 events

  Top 5 Attackers (estimated counts, ×32 sampling):
    #1: 10.10.3.120 - 133952 pkts (26749 pps) [HEAVY-HITTER]
    #2: 10.10.3.116 - 133504 pkts (26660 pps) [HEAVY-HITTER]
    #3: 10.10.3.188 - 133504 pkts (26660 pps) [HEAVY-HITTER]
    #4: 10.10.3.177 - 132960 pkts (26551 pps) [HEAVY-HITTER]
    #5: 10.10.3.104 - 132896 pkts (26539 pps) [HEAVY-HITTER]

[RING BUFFER + MULTI-SCALE FEATURES]
=== Temporal Analysis (last 100 windows = 5.0 sec) ===

  Windows processed:         3173
  Buffer utilization:        100/100 (100.0%)
  Running baseline (ML):     14115459 pps (for ML features only)
  Detection mode:            FIXED THRESHOLDS

  [Temporal Features - Last Window]
    Delta PPS (250ms):       +1428056
    Delta PPS (500ms):       +2856004
    PPS Variance:            2715532132352
    Ratio vs Baseline:       1.87x

  [Multi-Scale Features]
    Top IP (50ms):           409 pps
    Top IP (1s):             20672 pps
    Top IP (1min):           18885 pps
    Burst Ratio (50ms/1min): 0.02x
    IP Concentration:        0.7%

[MULTIPLE DETECTION STATISTICS]
=== Aggregate Detection Analysis ===

  Total detection events:    1009
  Average detection latency: 55.92 ms
  Min detection latency:     53.72 ms
  Max detection latency:     1606.50 ms
  Latency range:             1552.78 ms

  Detection Latency Histogram:
    < 20 ms:  0 detections (0.0%)
    20-30 ms: 0 detections (0.0%)
    30-40 ms: 0 detections (0.0%)
    40-50 ms: 0 detections (0.0%)
    > 50 ms:  1008 detections (99.9%)

[PERFORMANCE METRICS]
  Throughput:         18.56 Gbps (10.17 Mpps)
  Cycles available:   294 cycles/pkt (lower = higher load)
  Active IPs:         0
  Worker threads:     14 (lcores 1-14)

[DPDK NIC STATISTICS]
  RX packets (NIC):   1609916218
  RX dropped (HW):    [0m0[0m (imissed)
  RX no mbufs:        [0m0[0m (buffer exhaustion)
  RX errors:          0
  Total drops:        [0m0 (0.00%)[0m
  RX burst calls:     36719505813 (97.4% empty)
  Processed pkts:     1609920947 (100.0% of NIC RX)


╔═══════════════════════════════════════════════════════════════════════╗
║          MIRA DDoS DETECTOR - STATISTICS (MULTI-CORE)                ║
╚═══════════════════════════════════════════════════════════════════════╝

[PACKET COUNTERS - GLOBAL]
  Total packets:      1676771019
  Baseline (10.10.2.x): 844009362 (50.3%)
  Attack (10.10.3.x): 325964891 (19.4%)
  TCP packets:        883931330
  UDP packets:        717712574
  ICMP packets:       75127115

[INSTANTANEOUS TRAFFIC - Last 5.0 seconds]
  Baseline (10.10.2.x): 26166288 pkts (47.9%)  2224270463 bytes  3.55 Gbps
  Attack (10.10.3.x): 28474009 pkts (52.1%)  8762407150 bytes  14.00 Gbps
  Total throughput:   17.55 Gbps  (avg pkt: 201 bytes)

[CUMULATIVE TRAFFIC - Since first packet (164.2s)]
  Total received:     1676771019 pkts (10.21 Mpps) | 13.29 Gbps | 272771625115 bytes

[ATTACK-SPECIFIC COUNTERS]
  SYN packets:        232241226
  SYN-ACK packets:    116120469
  SYN/ACK ratio:      2.00
  HTTP requests:      468027387
  DNS queries:        165905262

[PROTOCOL-SPECIFIC COUNTERS - CIC-DDoS-2019 Features]
  NTP Amplification:
    Monlist queries:  716
    Responses:        0  (avg size: 0 bytes)
  DNS Amplification:
    ANY queries:      0
    TXT queries:      0
    Responses:        165904794  (avg size: 108 bytes)
  SNMP Amplification:
    GetBulk requests: 0
    Responses:        0  (avg size: 0 bytes)
  SSDP:
    M-SEARCH packets: 0
    Responses:        5052
  PortMapper:
    GETPORT calls:    4968
    DUMP calls:       0
  NetBIOS:
    Name queries:     5553
    Datagram packets: 4988
  LDAP:
    Bind requests:    0
    Search requests:  5043
  MSSQL:
    SQLBatch packets: 4867
    RPC packets:      0
  TFTP:
    RRQ (read) pkts:  0
    WRQ (write) pkts: 0

[ATTACK DETECTIONS - Cumulative Events]
  UDP flood events:   1101
  UDP-lag events:     11
  SYN flood events:   0
  HTTP flood events:  0
  ICMP flood events:  0
  DNS amp events:     0
  NTP amp events:     0
  SNMP amp events:    0
  SSDP events:        0
  PortMap events:     0
  NetBIOS events:     0
  LDAP events:        0
  MSSQL events:       0
  TFTP events:        0
  ACK flood events:   0
  Frag attack events: 0
  Heavy-hitter events:1116 (OctoSketch per-IP detection)
  Packet flood events:0
  (Note: Events count IPs exceeding thresholds per 50ms window)

[ALERT STATUS]
  Alert level:        [1;31mHIGH[0m
  Reason:             [1;31mUDP ANOMALY: 8879417 pps | HEAVY-HITTER: 10.10.3.85 @ 27631 pps | TREND: attack rising (+1430400/250ms) | [0m

[MULTI-LF (2025) COMPARISON]
=== Detection Performance vs ML-Based System ===

  First Detection Latency:   1606.50 ms (vs MULTI-LF: 866 ms)
    Improvement:             0.5× faster

  Packets until detection:   874838481
  Bytes until detection:     111437274657 (106274.87 MB)

[OCTOSKETCH METRICS - Optimized Architecture]
=== Per-Worker Sketches + Sampling (1/32 packets) ===

  Architecture:              Per-worker (NO atomics, NO contention)
  Total sketch memory:       8961 KB (14 workers × 640.1 KB)
  Sampling rate:             1 in 32 packets (3.1% overhead)
  Attack traffic sampled:    25675584 updates
  Estimated attack packets:  821618688 (×32 sampling factor)
  Sketch overhead:           ~1.56% of fast-path cycles
  Memory efficiency:         O(1) constant, 640.1 KB per worker

[OCTOSKETCH HEAVY-HITTER DETECTION]
=== Top Attackers (per-IP tracking via Count-Min Sketch) ===

  Heavy-hitter threshold:    5000 pps per IP
  Heavy-hitters detected:    5 IPs exceeding threshold
  Total HH detections:       1116 events

  Top 5 Attackers (estimated counts, ×32 sampling):
    #1: 10.10.3.85 - 133888 pkts (26738 pps) [HEAVY-HITTER]
    #2: 10.10.3.164 - 133856 pkts (26731 pps) [HEAVY-HITTER]
    #3: 10.10.3.97 - 133696 pkts (26699 pps) [HEAVY-HITTER]
    #4: 10.10.3.184 - 133472 pkts (26654 pps) [HEAVY-HITTER]
    #5: 10.10.3.195 - 132928 pkts (26546 pps) [HEAVY-HITTER]

[RING BUFFER + MULTI-SCALE FEATURES]
=== Temporal Analysis (last 100 windows = 5.0 sec) ===

  Windows processed:         3265
  Buffer utilization:        100/100 (100.0%)
  Running baseline (ML):     15862599 pps (for ML features only)
  Detection mode:            FIXED THRESHOLDS

  [Temporal Features - Last Window]
    Delta PPS (250ms):       +1430400
    Delta PPS (500ms):       +2857768
    PPS Variance:            2711505862656
    Ratio vs Baseline:       1.79x

  [Multi-Scale Features]
    Top IP (50ms):           416 pps
    Top IP (1s):             8512 pps
    Top IP (1min):           21138 pps
    Burst Ratio (50ms/1min): 0.02x
    IP Concentration:        0.7%

[MULTIPLE DETECTION STATISTICS]
=== Aggregate Detection Analysis ===

  Total detection events:    1101
  Average detection latency: 55.80 ms
  Min detection latency:     53.72 ms
  Max detection latency:     1606.50 ms
  Latency range:             1552.78 ms

  Detection Latency Histogram:
    < 20 ms:  0 detections (0.0%)
    20-30 ms: 0 detections (0.0%)
    30-40 ms: 0 detections (0.0%)
    40-50 ms: 0 detections (0.0%)
    > 50 ms:  1100 detections (99.9%)

[PERFORMANCE METRICS]
  Throughput:         17.55 Gbps (10.91 Mpps)
  Cycles available:   274 cycles/pkt (lower = higher load)
  Active IPs:         0
  Worker threads:     14 (lcores 1-14)

[DPDK NIC STATISTICS]
  RX packets (NIC):   1676766572
  RX dropped (HW):    [0m0[0m (imissed)
  RX no mbufs:        [0m0[0m (buffer exhaustion)
  RX errors:          0
  Total drops:        [0m0 (0.00%)[0m
  RX burst calls:     37360131334 (97.3% empty)
  Processed pkts:     1676771019 (100.0% of NIC RX)


╔═══════════════════════════════════════════════════════════════════════╗
║          MIRA DDoS DETECTOR - STATISTICS (MULTI-CORE)                ║
╚═══════════════════════════════════════════════════════════════════════╝

[PACKET COUNTERS - GLOBAL]
  Total packets:      1743591776
  Baseline (10.10.2.x): 868391290 (49.8%)
  Attack (10.10.3.x): 352518634 (20.2%)
  TCP packets:        904064840
  UDP packets:        762158789
  ICMP packets:       77368147

[INSTANTANEOUS TRAFFIC - Last 5.0 seconds]
  Baseline (10.10.2.x): 24381516 pkts (47.9%)  2222454708 bytes  3.55 Gbps
  Attack (10.10.3.x): 26553302 pkts (52.1%)  9394889368 bytes  15.01 Gbps
  Total throughput:   18.56 Gbps  (avg pkt: 228 bytes)

[CUMULATIVE TRAFFIC - Since first packet (169.2s)]
  Total received:     1743591776 pkts (10.30 Mpps) | 13.53 Gbps | 286215677272 bytes

[ATTACK-SPECIFIC COUNTERS]
  SYN packets:        237610127
  SYN-ACK packets:    118804926
  SYN/ACK ratio:      2.00
  HTTP requests:      478094569
  DNS queries:        173958713

[PROTOCOL-SPECIFIC COUNTERS - CIC-DDoS-2019 Features]
  NTP Amplification:
    Monlist queries:  778
    Responses:        0  (avg size: 0 bytes)
  DNS Amplification:
    ANY queries:      0
    TXT queries:      0
    Responses:        173958231  (avg size: 108 bytes)
  SNMP Amplification:
    GetBulk requests: 0
    Responses:        0  (avg size: 0 bytes)
  SSDP:
    M-SEARCH packets: 0
    Responses:        5477
  PortMapper:
    GETPORT calls:    5394
    DUMP calls:       0
  NetBIOS:
    Name queries:     5999
    Datagram packets: 5393
  LDAP:
    Bind requests:    0
    Search requests:  5460
  MSSQL:
    SQLBatch packets: 5270
    RPC packets:      0
  TFTP:
    RRQ (read) pkts:  0
    WRQ (write) pkts: 0

[ATTACK DETECTIONS - Cumulative Events]
  UDP flood events:   1193
  UDP-lag events:     13
  SYN flood events:   0
  HTTP flood events:  0
  ICMP flood events:  0
  DNS amp events:     0
  NTP amp events:     0
  SNMP amp events:    0
  SSDP events:        0
  PortMap events:     0
  NetBIOS events:     0
  LDAP events:        0
  MSSQL events:       0
  TFTP events:        0
  ACK flood events:   0
  Frag attack events: 0
  Heavy-hitter events:1208 (OctoSketch per-IP detection)
  Packet flood events:0
  (Note: Events count IPs exceeding thresholds per 50ms window)

[ALERT STATUS]
  Alert level:        [1;31mHIGH[0m
  Reason:             [1;31mUDP ANOMALY: 8877342 pps | HEAVY-HITTER: 10.10.3.6 @ 27587 pps | TREND: attack rising (+1426936/250ms) | [0m

[MULTI-LF (2025) COMPARISON]
=== Detection Performance vs ML-Based System ===

  First Detection Latency:   1606.50 ms (vs MULTI-LF: 866 ms)
    Improvement:             0.5× faster

  Packets until detection:   874838481
  Bytes until detection:     111437274657 (106274.87 MB)

[OCTOSKETCH METRICS - Optimized Architecture]
=== Per-Worker Sketches + Sampling (1/32 packets) ===

  Architecture:              Per-worker (NO atomics, NO contention)
  Total sketch memory:       8961 KB (14 workers × 640.1 KB)
  Sampling rate:             1 in 32 packets (3.1% overhead)
  Attack traffic sampled:    25674208 updates
  Estimated attack packets:  821574656 (×32 sampling factor)
  Sketch overhead:           ~1.56% of fast-path cycles
  Memory efficiency:         O(1) constant, 640.1 KB per worker

[OCTOSKETCH HEAVY-HITTER DETECTION]
=== Top Attackers (per-IP tracking via Count-Min Sketch) ===

  Heavy-hitter threshold:    5000 pps per IP
  Heavy-hitters detected:    5 IPs exceeding threshold
  Total HH detections:       1208 events

  Top 5 Attackers (estimated counts, ×32 sampling):
    #1: 10.10.3.6 - 133664 pkts (26695 pps) [HEAVY-HITTER]
    #2: 10.10.3.85 - 133344 pkts (26632 pps) [HEAVY-HITTER]
    #3: 10.10.3.38 - 132576 pkts (26478 pps) [HEAVY-HITTER]
    #4: 10.10.3.17 - 132384 pkts (26440 pps) [HEAVY-HITTER]
    #5: 10.10.3.127 - 132224 pkts (26408 pps) [HEAVY-HITTER]

[RING BUFFER + MULTI-SCALE FEATURES]
=== Temporal Analysis (last 100 windows = 5.0 sec) ===

  Windows processed:         3357
  Buffer utilization:        100/100 (100.0%)
  Running baseline (ML):     14267412 pps (for ML features only)
  Detection mode:            FIXED THRESHOLDS

  [Temporal Features - Last Window]
    Delta PPS (250ms):       +1426936
    Delta PPS (500ms):       +2854614
    PPS Variance:            2713741950976
    Ratio vs Baseline:       1.85x

  [Multi-Scale Features]
    Top IP (50ms):           403 pps
    Top IP (1s):             26336 pps
    Top IP (1min):           23361 pps
    Burst Ratio (50ms/1min): 0.02x
    IP Concentration:        0.7%

[MULTIPLE DETECTION STATISTICS]
=== Aggregate Detection Analysis ===

  Total detection events:    1193
  Average detection latency: 55.69 ms
  Min detection latency:     53.72 ms
  Max detection latency:     1606.50 ms
  Latency range:             1552.78 ms

  Detection Latency Histogram:
    < 20 ms:  0 detections (0.0%)
    20-30 ms: 0 detections (0.0%)
    30-40 ms: 0 detections (0.0%)
    40-50 ms: 0 detections (0.0%)
    > 50 ms:  1192 detections (99.9%)

[PERFORMANCE METRICS]
  Throughput:         18.56 Gbps (10.17 Mpps)
  Cycles available:   294 cycles/pkt (lower = higher load)
  Active IPs:         0
  Worker threads:     14 (lcores 1-14)

[DPDK NIC STATISTICS]
  RX packets (NIC):   1743586933
  RX dropped (HW):    [0m0[0m (imissed)
  RX no mbufs:        [0m0[0m (buffer exhaustion)
  RX errors:          0
  Total drops:        [0m0 (0.00%)[0m
  RX burst calls:     37996686339 (97.2% empty)
  Processed pkts:     1743591776 (100.0% of NIC RX)


╔═══════════════════════════════════════════════════════════════════════╗
║          MIRA DDoS DETECTOR - STATISTICS (MULTI-CORE)                ║
╚═══════════════════════════════════════════════════════════════════════╝

[PACKET COUNTERS - GLOBAL]
  Total packets:      1810422741
  Baseline (10.10.2.x): 892771046 (49.3%)
  Attack (10.10.3.x): 379087540 (20.9%)
  TCP packets:        924196525
  UDP packets:        806620705
  ICMP packets:       79605511

[INSTANTANEOUS TRAFFIC - Last 5.0 seconds]
  Baseline (10.10.2.x): 24379162 pkts (46.1%)  2222448946 bytes  3.55 Gbps
  Attack (10.10.3.x): 28487916 pkts (53.9%)  8766904860 bytes  14.00 Gbps
  Total throughput:   17.55 Gbps  (avg pkt: 208 bytes)

[CUMULATIVE TRAFFIC - Since first packet (174.3s)]
  Total received:     1810422741 pkts (10.39 Mpps) | 13.76 Gbps | 299664281567 bytes

[ATTACK-SPECIFIC COUNTERS]
  SYN packets:        242978458
  SYN-ACK packets:    121489097
  SYN/ACK ratio:      2.00
  HTTP requests:      488161516
  DNS queries:        182011653

[PROTOCOL-SPECIFIC COUNTERS - CIC-DDoS-2019 Features]
  NTP Amplification:
    Monlist queries:  836
    Responses:        0  (avg size: 0 bytes)
  DNS Amplification:
    ANY queries:      0
    TXT queries:      0
    Responses:        182011112  (avg size: 108 bytes)
  SNMP Amplification:
    GetBulk requests: 0
    Responses:        0  (avg size: 0 bytes)
  SSDP:
    M-SEARCH packets: 0
    Responses:        5883
  PortMapper:
    GETPORT calls:    5800
    DUMP calls:       0
  NetBIOS:
    Name queries:     6464
    Datagram packets: 5813
  LDAP:
    Bind requests:    0
    Search requests:  5877
  MSSQL:
    SQLBatch packets: 5650
    RPC packets:      0
  TFTP:
    RRQ (read) pkts:  0
    WRQ (write) pkts: 0

[ATTACK DETECTIONS - Cumulative Events]
  UDP flood events:   1285
  UDP-lag events:     13
  SYN flood events:   0
  HTTP flood events:  0
  ICMP flood events:  0
  DNS amp events:     0
  NTP amp events:     0
  SNMP amp events:    0
  SSDP events:        0
  PortMap events:     0
  NetBIOS events:     0
  LDAP events:        0
  MSSQL events:       0
  TFTP events:        0
  ACK flood events:   0
  Frag attack events: 0
  Heavy-hitter events:1300 (OctoSketch per-IP detection)
  Packet flood events:0
  (Note: Events count IPs exceeding thresholds per 50ms window)

[ALERT STATUS]
  Alert level:        [1;31mHIGH[0m
  Reason:             [1;31mUDP ANOMALY: 8874038 pps | HEAVY-HITTER: 10.10.3.98 @ 27578 pps | TREND: attack rising (+1428066/250ms) | [0m

[MULTI-LF (2025) COMPARISON]
=== Detection Performance vs ML-Based System ===

  First Detection Latency:   1606.50 ms (vs MULTI-LF: 866 ms)
    Improvement:             0.5× faster

  Packets until detection:   874838481
  Bytes until detection:     111437274657 (106274.87 MB)

[OCTOSKETCH METRICS - Optimized Architecture]
=== Per-Worker Sketches + Sampling (1/32 packets) ===

  Architecture:              Per-worker (NO atomics, NO contention)
  Total sketch memory:       8961 KB (14 workers × 640.1 KB)
  Sampling rate:             1 in 32 packets (3.1% overhead)
  Attack traffic sampled:    25685120 updates
  Estimated attack packets:  821923840 (×32 sampling factor)
  Sketch overhead:           ~1.56% of fast-path cycles
  Memory efficiency:         O(1) constant, 640.1 KB per worker

[OCTOSKETCH HEAVY-HITTER DETECTION]
=== Top Attackers (per-IP tracking via Count-Min Sketch) ===

  Heavy-hitter threshold:    5000 pps per IP
  Heavy-hitters detected:    5 IPs exceeding threshold
  Total HH detections:       1300 events

  Top 5 Attackers (estimated counts, ×32 sampling):
    #1: 10.10.3.98 - 133696 pkts (26686 pps) [HEAVY-HITTER]
    #2: 10.10.3.3 - 132512 pkts (26450 pps) [HEAVY-HITTER]
    #3: 10.10.3.81 - 132512 pkts (26450 pps) [HEAVY-HITTER]
    #4: 10.10.3.49 - 132224 pkts (26392 pps) [HEAVY-HITTER]
    #5: 10.10.3.102 - 131936 pkts (26335 pps) [HEAVY-HITTER]

[RING BUFFER + MULTI-SCALE FEATURES]
=== Temporal Analysis (last 100 windows = 5.0 sec) ===

  Windows processed:         3449
  Buffer utilization:        100/100 (100.0%)
  Running baseline (ML):     15867181 pps (for ML features only)
  Detection mode:            FIXED THRESHOLDS

  [Temporal Features - Last Window]
    Delta PPS (250ms):       +1428066
    Delta PPS (500ms):       +2860870
    PPS Variance:            2718198661120
    Ratio vs Baseline:       1.79x

  [Multi-Scale Features]
    Top IP (50ms):           416 pps
    Top IP (1s):             14912 pps
    Top IP (1min):           25613 pps
    Burst Ratio (50ms/1min): 0.02x
    IP Concentration:        0.7%

[MULTIPLE DETECTION STATISTICS]
=== Aggregate Detection Analysis ===

  Total detection events:    1285
  Average detection latency: 55.60 ms
  Min detection latency:     53.72 ms
  Max detection latency:     1606.50 ms
  Latency range:             1552.78 ms

  Detection Latency Histogram:
    < 20 ms:  0 detections (0.0%)
    20-30 ms: 0 detections (0.0%)
    30-40 ms: 0 detections (0.0%)
    40-50 ms: 0 detections (0.0%)
    > 50 ms:  1284 detections (99.9%)

[PERFORMANCE METRICS]
  Throughput:         17.55 Gbps (10.55 Mpps)
  Cycles available:   283 cycles/pkt (lower = higher load)
  Active IPs:         0
  Worker threads:     14 (lcores 1-14)

[DPDK NIC STATISTICS]
  RX packets (NIC):   1810418112
  RX dropped (HW):    [0m0[0m (imissed)
  RX no mbufs:        [0m0[0m (buffer exhaustion)
  RX errors:          0
  Total drops:        [0m0 (0.00%)[0m
  RX burst calls:     38636867580 (97.2% empty)
  Processed pkts:     1810422741 (100.0% of NIC RX)


╔═══════════════════════════════════════════════════════════════════════╗
║          MIRA DDoS DETECTOR - STATISTICS (MULTI-CORE)                ║
╚═══════════════════════════════════════════════════════════════════════╝

[PACKET COUNTERS - GLOBAL]
  Total packets:      1877255407
  Baseline (10.10.2.x): 917157216 (48.9%)
  Attack (10.10.3.x): 405647331 (21.6%)
  TCP packets:        944333897
  UDP packets:        851075286
  ICMP packets:       81846224

[INSTANTANEOUS TRAFFIC - Last 5.0 seconds]
  Baseline (10.10.2.x): 24385706 pkts (47.9%)  2223021144 bytes  3.55 Gbps
  Attack (10.10.3.x): 26559261 pkts (52.1%)  10014005421 bytes  16.00 Gbps
  Total throughput:   19.55 Gbps  (avg pkt: 240 bytes)

[CUMULATIVE TRAFFIC - Since first packet (179.3s)]
  Total received:     1877255407 pkts (10.47 Mpps) | 13.97 Gbps | 313111246042 bytes

[ATTACK-SPECIFIC COUNTERS]
  SYN packets:        248348364
  SYN-ACK packets:    124174033
  SYN/ACK ratio:      2.00
  HTTP requests:      498230944
  DNS queries:        190065513

[PROTOCOL-SPECIFIC COUNTERS - CIC-DDoS-2019 Features]
  NTP Amplification:
    Monlist queries:  892
    Responses:        0  (avg size: 0 bytes)
  DNS Amplification:
    ANY queries:      0
    TXT queries:      0
    Responses:        190064953  (avg size: 108 bytes)
  SNMP Amplification:
    GetBulk requests: 0
    Responses:        0  (avg size: 0 bytes)
  SSDP:
    M-SEARCH packets: 0
    Responses:        6283
  PortMapper:
    GETPORT calls:    6189
    DUMP calls:       0
  NetBIOS:
    Name queries:     6915
    Datagram packets: 6212
  LDAP:
    Bind requests:    0
    Search requests:  6277
  MSSQL:
    SQLBatch packets: 6057
    RPC packets:      0
  TFTP:
    RRQ (read) pkts:  0
    WRQ (write) pkts: 0

[ATTACK DETECTIONS - Cumulative Events]
  UDP flood events:   1377
  UDP-lag events:     16
  SYN flood events:   0
  HTTP flood events:  0
  ICMP flood events:  0
  DNS amp events:     0
  NTP amp events:     0
  SNMP amp events:    0
  SSDP events:        0
  PortMap events:     0
  NetBIOS events:     0
  LDAP events:        0
  MSSQL events:       0
  TFTP events:        0
  ACK flood events:   0
  Frag attack events: 0
  Heavy-hitter events:1392 (OctoSketch per-IP detection)
  Packet flood events:0
  (Note: Events count IPs exceeding thresholds per 50ms window)

[ALERT STATUS]
  Alert level:        [1;31mHIGH[0m
  Reason:             [1;31mUDP ANOMALY: 8876796 pps | HEAVY-HITTER: 10.10.3.3 @ 27704 pps | TREND: attack rising (+1431896/250ms) | [0m

[MULTI-LF (2025) COMPARISON]
=== Detection Performance vs ML-Based System ===

  First Detection Latency:   1606.50 ms (vs MULTI-LF: 866 ms)
    Improvement:             0.5× faster

  Packets until detection:   874838481
  Bytes until detection:     111437274657 (106274.87 MB)

[OCTOSKETCH METRICS - Optimized Architecture]
=== Per-Worker Sketches + Sampling (1/32 packets) ===

  Architecture:              Per-worker (NO atomics, NO contention)
  Total sketch memory:       8961 KB (14 workers × 640.1 KB)
  Sampling rate:             1 in 32 packets (3.1% overhead)
  Attack traffic sampled:    25680896 updates
  Estimated attack packets:  821788672 (×32 sampling factor)
  Sketch overhead:           ~1.56% of fast-path cycles
  Memory efficiency:         O(1) constant, 640.1 KB per worker

[OCTOSKETCH HEAVY-HITTER DETECTION]
=== Top Attackers (per-IP tracking via Count-Min Sketch) ===

  Heavy-hitter threshold:    5000 pps per IP
  Heavy-hitters detected:    5 IPs exceeding threshold
  Total HH detections:       1392 events

  Top 5 Attackers (estimated counts, ×32 sampling):
    #1: 10.10.3.3 - 134272 pkts (26809 pps) [HEAVY-HITTER]
    #2: 10.10.3.173 - 132544 pkts (26464 pps) [HEAVY-HITTER]
    #3: 10.10.3.82 - 132320 pkts (26419 pps) [HEAVY-HITTER]
    #4: 10.10.3.98 - 132256 pkts (26406 pps) [HEAVY-HITTER]
    #5: 10.10.3.158 - 132192 pkts (26393 pps) [HEAVY-HITTER]

[RING BUFFER + MULTI-SCALE FEATURES]
=== Temporal Analysis (last 100 windows = 5.0 sec) ===

  Windows processed:         3541
  Buffer utilization:        100/100 (100.0%)
  Running baseline (ML):     14270914 pps (for ML features only)
  Detection mode:            FIXED THRESHOLDS

  [Temporal Features - Last Window]
    Delta PPS (250ms):       +1431896
    Delta PPS (500ms):       +2860018
    PPS Variance:            2710401449984
    Ratio vs Baseline:       1.85x

  [Multi-Scale Features]
    Top IP (50ms):           409 pps
    Top IP (1s):             1984 pps
    Top IP (1min):           27865 pps
    Burst Ratio (50ms/1min): 0.01x
    IP Concentration:        0.7%

[MULTIPLE DETECTION STATISTICS]
=== Aggregate Detection Analysis ===

  Total detection events:    1377
  Average detection latency: 55.53 ms
  Min detection latency:     53.72 ms
  Max detection latency:     1606.50 ms
  Latency range:             1552.78 ms

  Detection Latency Histogram:
    < 20 ms:  0 detections (0.0%)
    20-30 ms: 0 detections (0.0%)
    30-40 ms: 0 detections (0.0%)
    40-50 ms: 0 detections (0.0%)
    > 50 ms:  1376 detections (99.9%)

[PERFORMANCE METRICS]
  Throughput:         19.55 Gbps (10.17 Mpps)
  Cycles available:   294 cycles/pkt (lower = higher load)
  Active IPs:         0
  Worker threads:     14 (lcores 1-14)

[DPDK NIC STATISTICS]
  RX packets (NIC):   1877251048
  RX dropped (HW):    [0m0[0m (imissed)
  RX no mbufs:        [0m0[0m (buffer exhaustion)
  RX errors:          0
  Total drops:        [0m0 (0.00%)[0m
  RX burst calls:     39280626118 (97.1% empty)
  Processed pkts:     1877255407 (100.0% of NIC RX)


╔═══════════════════════════════════════════════════════════════════════╗
║          MIRA DDoS DETECTOR - STATISTICS (MULTI-CORE)                ║
╚═══════════════════════════════════════════════════════════════════════╝

[PACKET COUNTERS - GLOBAL]
  Total packets:      1943973868
  Baseline (10.10.2.x): 941500638 (48.4%)
  Attack (10.10.3.x): 432163008 (22.2%)
  TCP packets:        964436756
  UDP packets:        895455383
  ICMP packets:       84081729

[INSTANTANEOUS TRAFFIC - Last 5.0 seconds]
  Baseline (10.10.2.x): 24342873 pkts (47.9%)  2218955116 bytes  3.55 Gbps
  Attack (10.10.3.x): 26515058 pkts (52.1%)  10015618716 bytes  16.02 Gbps
  Total throughput:   19.57 Gbps  (avg pkt: 241 bytes)

[CUMULATIVE TRAFFIC - Since first packet (184.3s)]
  Total received:     1943973868 pkts (10.55 Mpps) | 14.18 Gbps | 326535245081 bytes

[ATTACK-SPECIFIC COUNTERS]
  SYN packets:        253709067
  SYN-ACK packets:    126854391
  SYN/ACK ratio:      2.00
  HTTP requests:      508283055
  DNS queries:        198106128

[PROTOCOL-SPECIFIC COUNTERS - CIC-DDoS-2019 Features]
  NTP Amplification:
    Monlist queries:  954
    Responses:        0  (avg size: 0 bytes)
  DNS Amplification:
    ANY queries:      0
    TXT queries:      0
    Responses:        198105547  (avg size: 108 bytes)
  SNMP Amplification:
    GetBulk requests: 0
    Responses:        0  (avg size: 0 bytes)
  SSDP:
    M-SEARCH packets: 0
    Responses:        6709
  PortMapper:
    GETPORT calls:    6615
    DUMP calls:       0
  NetBIOS:
    Name queries:     7352
    Datagram packets: 6616
  LDAP:
    Bind requests:    0
    Search requests:  6695
  MSSQL:
    SQLBatch packets: 6459
    RPC packets:      0
  TFTP:
    RRQ (read) pkts:  0
    WRQ (write) pkts: 0

[ATTACK DETECTIONS - Cumulative Events]
  UDP flood events:   1469
  UDP-lag events:     19
  SYN flood events:   0
  HTTP flood events:  0
  ICMP flood events:  0
  DNS amp events:     0
  NTP amp events:     0
  SNMP amp events:    0
  SSDP events:        0
  PortMap events:     0
  NetBIOS events:     0
  LDAP events:        0
  MSSQL events:       0
  TFTP events:        0
  ACK flood events:   0
  Frag attack events: 0
  Heavy-hitter events:1484 (OctoSketch per-IP detection)
  Packet flood events:0
  (Note: Events count IPs exceeding thresholds per 50ms window)

[ALERT STATUS]
  Alert level:        [1;31mHIGH[0m
  Reason:             [1;31mUDP ANOMALY: 8875917 pps | HEAVY-HITTER: 10.10.3.107 @ 27379 pps | TREND: attack rising (+1428040/250ms) | [0m

[MULTI-LF (2025) COMPARISON]
=== Detection Performance vs ML-Based System ===

  First Detection Latency:   1606.50 ms (vs MULTI-LF: 866 ms)
    Improvement:             0.5× faster

  Packets until detection:   874838481
  Bytes until detection:     111437274657 (106274.87 MB)

[OCTOSKETCH METRICS - Optimized Architecture]
=== Per-Worker Sketches + Sampling (1/32 packets) ===

  Architecture:              Per-worker (NO atomics, NO contention)
  Total sketch memory:       8961 KB (14 workers × 640.1 KB)
  Sampling rate:             1 in 32 packets (3.1% overhead)
  Attack traffic sampled:    25688864 updates
  Estimated attack packets:  822043648 (×32 sampling factor)
  Sketch overhead:           ~1.56% of fast-path cycles
  Memory efficiency:         O(1) constant, 640.1 KB per worker

[OCTOSKETCH HEAVY-HITTER DETECTION]
=== Top Attackers (per-IP tracking via Count-Min Sketch) ===

  Heavy-hitter threshold:    5000 pps per IP
  Heavy-hitters detected:    5 IPs exceeding threshold
  Total HH detections:       1484 events

  Top 5 Attackers (estimated counts, ×32 sampling):
    #1: 10.10.3.107 - 132736 pkts (26547 pps) [HEAVY-HITTER]
    #2: 10.10.3.1 - 132480 pkts (26496 pps) [HEAVY-HITTER]
    #3: 10.10.3.139 - 132160 pkts (26432 pps) [HEAVY-HITTER]
    #4: 10.10.3.195 - 131904 pkts (26380 pps) [HEAVY-HITTER]
    #5: 10.10.3.128 - 131776 pkts (26355 pps) [HEAVY-HITTER]

[RING BUFFER + MULTI-SCALE FEATURES]
=== Temporal Analysis (last 100 windows = 5.0 sec) ===

  Windows processed:         3633
  Buffer utilization:        100/100 (100.0%)
  Running baseline (ML):     14120254 pps (for ML features only)
  Detection mode:            FIXED THRESHOLDS

  [Temporal Features - Last Window]
    Delta PPS (250ms):       +1428040
    Delta PPS (500ms):       +2855284
    PPS Variance:            2715269464064
    Ratio vs Baseline:       1.87x

  [Multi-Scale Features]
    Top IP (50ms):           475 pps
    Top IP (1s):             20896 pps
    Top IP (1min):           857 pps
    Burst Ratio (50ms/1min): 0.55x
    IP Concentration:        0.8%

[MULTIPLE DETECTION STATISTICS]
=== Aggregate Detection Analysis ===

  Total detection events:    1469
  Average detection latency: 55.46 ms
  Min detection latency:     53.72 ms
  Max detection latency:     1606.50 ms
  Latency range:             1552.78 ms

  Detection Latency Histogram:
    < 20 ms:  0 detections (0.0%)
    20-30 ms: 0 detections (0.0%)
    30-40 ms: 0 detections (0.0%)
    40-50 ms: 0 detections (0.0%)
    > 50 ms:  1468 detections (99.9%)

[PERFORMANCE METRICS]
  Throughput:         19.57 Gbps (10.17 Mpps)
  Cycles available:   294 cycles/pkt (lower = higher load)
  Active IPs:         0
  Worker threads:     14 (lcores 1-14)

[DPDK NIC STATISTICS]
  RX packets (NIC):   1943968836
  RX dropped (HW):    [0m0[0m (imissed)
  RX no mbufs:        [0m0[0m (buffer exhaustion)
  RX errors:          0
  Total drops:        [0m0 (0.00%)[0m
  RX burst calls:     39921528496 (97.1% empty)
  Processed pkts:     1943973868 (100.0% of NIC RX)


╔═══════════════════════════════════════════════════════════════════════╗
║          MIRA DDoS DETECTOR - STATISTICS (MULTI-CORE)                ║
╚═══════════════════════════════════════════════════════════════════════╝

[PACKET COUNTERS - GLOBAL]
  Total packets:      2010811366
  Baseline (10.10.2.x): 965884053 (48.0%)
  Attack (10.10.3.x): 458731112 (22.8%)
  TCP packets:        984569801
  UDP packets:        939920991
  ICMP packets:       86320574

[INSTANTANEOUS TRAFFIC - Last 5.0 seconds]
  Baseline (10.10.2.x): 26135806 pkts (49.6%)  2222666603 bytes  3.55 Gbps
  Attack (10.10.3.x): 26567645 pkts (50.4%)  8766642616 bytes  14.00 Gbps
  Total throughput:   17.55 Gbps  (avg pkt: 209 bytes)

[CUMULATIVE TRAFFIC - Since first packet (189.3s)]
  Total received:     2010811366 pkts (10.62 Mpps) | 14.37 Gbps | 339984159648 bytes

[ATTACK-SPECIFIC COUNTERS]
  SYN packets:        259077808
  SYN-ACK packets:    129538755
  SYN/ACK ratio:      2.00
  HTTP requests:      518350219
  DNS queries:        206161698

[PROTOCOL-SPECIFIC COUNTERS - CIC-DDoS-2019 Features]
  NTP Amplification:
    Monlist queries:  1010
    Responses:        0  (avg size: 0 bytes)
  DNS Amplification:
    ANY queries:      0
    TXT queries:      0
    Responses:        206161072  (avg size: 108 bytes)
  SNMP Amplification:
    GetBulk requests: 0
    Responses:        0  (avg size: 0 bytes)
  SSDP:
    M-SEARCH packets: 0
    Responses:        7117
  PortMapper:
    GETPORT calls:    7017
    DUMP calls:       0
  NetBIOS:
    Name queries:     7819
    Datagram packets: 7038
  LDAP:
    Bind requests:    0
    Search requests:  7108
  MSSQL:
    SQLBatch packets: 6838
    RPC packets:      0
  TFTP:
    RRQ (read) pkts:  0
    WRQ (write) pkts: 0

[ATTACK DETECTIONS - Cumulative Events]
  UDP flood events:   1561
  UDP-lag events:     19
  SYN flood events:   0
  HTTP flood events:  0
  ICMP flood events:  0
  DNS amp events:     0
  NTP amp events:     0
  SNMP amp events:    0
  SSDP events:        0
  PortMap events:     0
  NetBIOS events:     0
  LDAP events:        0
  MSSQL events:       0
  TFTP events:        0
  ACK flood events:   0
  Frag attack events: 0
  Heavy-hitter events:1576 (OctoSketch per-IP detection)
  Packet flood events:0
  (Note: Events count IPs exceeding thresholds per 50ms window)

[ALERT STATUS]
  Alert level:        [1;31mHIGH[0m
  Reason:             [1;31mUDP ANOMALY: 8876086 pps | HEAVY-HITTER: 10.10.3.40 @ 27712 pps | TREND: attack rising (+1433362/250ms) | [0m

[MULTI-LF (2025) COMPARISON]
=== Detection Performance vs ML-Based System ===

  First Detection Latency:   1606.50 ms (vs MULTI-LF: 866 ms)
    Improvement:             0.5× faster

  Packets until detection:   874838481
  Bytes until detection:     111437274657 (106274.87 MB)

[OCTOSKETCH METRICS - Optimized Architecture]
=== Per-Worker Sketches + Sampling (1/32 packets) ===

  Architecture:              Per-worker (NO atomics, NO contention)
  Total sketch memory:       8961 KB (14 workers × 640.1 KB)
  Sampling rate:             1 in 32 packets (3.1% overhead)
  Attack traffic sampled:    25688608 updates
  Estimated attack packets:  822035456 (×32 sampling factor)
  Sketch overhead:           ~1.56% of fast-path cycles
  Memory efficiency:         O(1) constant, 640.1 KB per worker

[OCTOSKETCH HEAVY-HITTER DETECTION]
=== Top Attackers (per-IP tracking via Count-Min Sketch) ===

  Heavy-hitter threshold:    5000 pps per IP
  Heavy-hitters detected:    5 IPs exceeding threshold
  Total HH detections:       1576 events

  Top 5 Attackers (estimated counts, ×32 sampling):
    #1: 10.10.3.40 - 134336 pkts (26815 pps) [HEAVY-HITTER]
    #2: 10.10.3.193 - 132832 pkts (26515 pps) [HEAVY-HITTER]
    #3: 10.10.3.17 - 131968 pkts (26343 pps) [HEAVY-HITTER]
    #4: 10.10.3.61 - 131808 pkts (26311 pps) [HEAVY-HITTER]
    #5: 10.10.3.171 - 131808 pkts (26311 pps) [HEAVY-HITTER]

[RING BUFFER + MULTI-SCALE FEATURES]
=== Temporal Analysis (last 100 windows = 5.0 sec) ===

  Windows processed:         3725
  Buffer utilization:        100/100 (100.0%)
  Running baseline (ML):     14167375 pps (for ML features only)
  Detection mode:            FIXED THRESHOLDS

  [Temporal Features - Last Window]
    Delta PPS (250ms):       +1433362
    Delta PPS (500ms):       +2862042
    PPS Variance:            2719394824192
    Ratio vs Baseline:       1.87x

  [Multi-Scale Features]
    Top IP (50ms):           396 pps
    Top IP (1s):             8576 pps
    Top IP (1min):           3114 pps
    Burst Ratio (50ms/1min): 0.13x
    IP Concentration:        0.7%

[MULTIPLE DETECTION STATISTICS]
=== Aggregate Detection Analysis ===

  Total detection events:    1561
  Average detection latency: 55.40 ms
  Min detection latency:     53.72 ms
  Max detection latency:     1606.50 ms
  Latency range:             1552.78 ms

  Detection Latency Histogram:
    < 20 ms:  0 detections (0.0%)
    20-30 ms: 0 detections (0.0%)
    30-40 ms: 0 detections (0.0%)
    40-50 ms: 0 detections (0.0%)
    > 50 ms:  1560 detections (99.9%)

[PERFORMANCE METRICS]
  Throughput:         17.55 Gbps (10.52 Mpps)
  Cycles available:   284 cycles/pkt (lower = higher load)
  Active IPs:         0
  Worker threads:     14 (lcores 1-14)

[DPDK NIC STATISTICS]
  RX packets (NIC):   2010806690
  RX dropped (HW):    [0m0[0m (imissed)
  RX no mbufs:        [0m0[0m (buffer exhaustion)
  RX errors:          0
  Total drops:        [0m0 (0.00%)[0m
  RX burst calls:     40558440809 (97.0% empty)
  Processed pkts:     2010811366 (100.0% of NIC RX)


╔═══════════════════════════════════════════════════════════════════════╗
║          MIRA DDoS DETECTOR - STATISTICS (MULTI-CORE)                ║
╚═══════════════════════════════════════════════════════════════════════╝

[PACKET COUNTERS - GLOBAL]
  Total packets:      2077065561
  Baseline (10.10.2.x): 992389428 (47.8%)
  Attack (10.10.3.x): 485294873 (23.4%)
  TCP packets:        1012891967
  UDP packets:        975645976
  ICMP packets:       88527618

[INSTANTANEOUS TRAFFIC - Last 5.0 seconds]
  Baseline (10.10.2.x): 28289299 pkts (49.8%)  2760053077 bytes  4.41 Gbps
  Attack (10.10.3.x): 28483326 pkts (50.2%)  9398830592 bytes  15.01 Gbps
  Total throughput:   19.42 Gbps  (avg pkt: 214 bytes)

[CUMULATIVE TRAFFIC - Since first packet (194.3s)]
  Total received:     2077065561 pkts (10.69 Mpps) | 14.56 Gbps | 353531449634 bytes

[ATTACK-SPECIFIC COUNTERS]
  SYN packets:        267054178
  SYN-ACK packets:    133526943
  SYN/ACK ratio:      2.00
  HTTP requests:      529333148
  DNS queries:        209862123

[PROTOCOL-SPECIFIC COUNTERS - CIC-DDoS-2019 Features]
  NTP Amplification:
    Monlist queries:  1068
    Responses:        0  (avg size: 0 bytes)
  DNS Amplification:
    ANY queries:      0
    TXT queries:      0
    Responses:        209861440  (avg size: 108 bytes)
  SNMP Amplification:
    GetBulk requests: 0
    Responses:        0  (avg size: 0 bytes)
  SSDP:
    M-SEARCH packets: 0
    Responses:        7521
  PortMapper:
    GETPORT calls:    7411
    DUMP calls:       0
  NetBIOS:
    Name queries:     8271
    Datagram packets: 7433
  LDAP:
    Bind requests:    0
    Search requests:  7513
  MSSQL:
    SQLBatch packets: 7242
    RPC packets:      0
  TFTP:
    RRQ (read) pkts:  0
    WRQ (write) pkts: 0

[ATTACK DETECTIONS - Cumulative Events]
  UDP flood events:   1653
  UDP-lag events:     19
  SYN flood events:   0
  HTTP flood events:  0
  ICMP flood events:  0
  DNS amp events:     0
  NTP amp events:     0
  SNMP amp events:    0
  SSDP events:        0
  PortMap events:     0
  NetBIOS events:     0
  LDAP events:        0
  MSSQL events:       0
  TFTP events:        0
  ACK flood events:   0
  Frag attack events: 0
  Heavy-hitter events:1668 (OctoSketch per-IP detection)
  Packet flood events:0
  (Note: Events count IPs exceeding thresholds per 50ms window)

[ALERT STATUS]
  Alert level:        [1;31mHIGH[0m
  Reason:             [1;31mUDP ANOMALY: 7079862 pps | HEAVY-HITTER: 10.10.3.115 @ 27570 pps | TREND: attack rising (+1428344/250ms) | [0m

[MULTI-LF (2025) COMPARISON]
=== Detection Performance vs ML-Based System ===

  First Detection Latency:   1606.50 ms (vs MULTI-LF: 866 ms)
    Improvement:             0.5× faster

  Packets until detection:   874838481
  Bytes until detection:     111437274657 (106274.87 MB)

[OCTOSKETCH METRICS - Optimized Architecture]
=== Per-Worker Sketches + Sampling (1/32 packets) ===

  Architecture:              Per-worker (NO atomics, NO contention)
  Total sketch memory:       8961 KB (14 workers × 640.1 KB)
  Sampling rate:             1 in 32 packets (3.1% overhead)
  Attack traffic sampled:    25683968 updates
  Estimated attack packets:  821886976 (×32 sampling factor)
  Sketch overhead:           ~1.56% of fast-path cycles
  Memory efficiency:         O(1) constant, 640.1 KB per worker

[OCTOSKETCH HEAVY-HITTER DETECTION]
=== Top Attackers (per-IP tracking via Count-Min Sketch) ===

  Heavy-hitter threshold:    5000 pps per IP
  Heavy-hitters detected:    5 IPs exceeding threshold
  Total HH detections:       1668 events

  Top 5 Attackers (estimated counts, ×32 sampling):
    #1: 10.10.3.115 - 133632 pkts (26678 pps) [HEAVY-HITTER]
    #2: 10.10.3.33 - 132544 pkts (26461 pps) [HEAVY-HITTER]
    #3: 10.10.3.116 - 132480 pkts (26448 pps) [HEAVY-HITTER]
    #4: 10.10.3.60 - 132352 pkts (26423 pps) [HEAVY-HITTER]
    #5: 10.10.3.89 - 132352 pkts (26423 pps) [HEAVY-HITTER]

[RING BUFFER + MULTI-SCALE FEATURES]
=== Temporal Analysis (last 100 windows = 5.0 sec) ===

  Windows processed:         3817
  Buffer utilization:        100/100 (100.0%)
  Running baseline (ML):     15918344 pps (for ML features only)
  Detection mode:            FIXED THRESHOLDS

  [Temporal Features - Last Window]
    Delta PPS (250ms):       +1428344
    Delta PPS (500ms):       +2856246
    PPS Variance:            2717887496192
    Ratio vs Baseline:       1.78x

  [Multi-Scale Features]
    Top IP (50ms):           383 pps
    Top IP (1s):             26656 pps
    Top IP (1min):           5365 pps
    Burst Ratio (50ms/1min): 0.07x
    IP Concentration:        0.7%

[MULTIPLE DETECTION STATISTICS]
=== Aggregate Detection Analysis ===

  Total detection events:    1653
  Average detection latency: 55.35 ms
  Min detection latency:     53.72 ms
  Max detection latency:     1606.50 ms
  Latency range:             1552.78 ms

  Detection Latency Histogram:
    < 20 ms:  0 detections (0.0%)
    20-30 ms: 0 detections (0.0%)
    30-40 ms: 0 detections (0.0%)
    40-50 ms: 0 detections (0.0%)
    > 50 ms:  1652 detections (99.9%)

[PERFORMANCE METRICS]
  Throughput:         19.42 Gbps (11.33 Mpps)
  Cycles available:   264 cycles/pkt (lower = higher load)
  Active IPs:         0
  Worker threads:     14 (lcores 1-14)

[DPDK NIC STATISTICS]
  RX packets (NIC):   2077060879
  RX dropped (HW):    [0m0[0m (imissed)
  RX no mbufs:        [0m0[0m (buffer exhaustion)
  RX errors:          0
  Total drops:        [0m0 (0.00%)[0m
  RX burst calls:     41210437900 (96.9% empty)
  Processed pkts:     2077065561 (100.0% of NIC RX)


╔═══════════════════════════════════════════════════════════════════════╗
║          MIRA DDoS DETECTOR - STATISTICS (MULTI-CORE)                ║
╚═══════════════════════════════════════════════════════════════════════╝

[PACKET COUNTERS - GLOBAL]
  Total packets:      2143198170
  Baseline (10.10.2.x): 1019232368 (47.6%)
  Attack (10.10.3.x): 511861008 (23.9%)
  TCP packets:        1042566580
  UDP packets:        1009902161
  ICMP packets:       90729429

[INSTANTANEOUS TRAFFIC - Last 5.0 seconds]
  Baseline (10.10.2.x): 26842506 pkts (50.3%)  2658330085 bytes  4.25 Gbps
  Attack (10.10.3.x): 26565593 pkts (49.7%)  8766045335 bytes  14.00 Gbps
  Total throughput:   18.25 Gbps  (avg pkt: 214 bytes)

[CUMULATIVE TRAFFIC - Since first packet (199.3s)]
  Total received:     2143198170 pkts (10.75 Mpps) | 14.74 Gbps | 367093015262 bytes

[ATTACK-SPECIFIC COUNTERS]
  SYN packets:        275461800
  SYN-ACK packets:    137730751
  SYN/ACK ratio:      2.00
  HTTP requests:      540462865
  DNS queries:        212829287

[PROTOCOL-SPECIFIC COUNTERS - CIC-DDoS-2019 Features]
  NTP Amplification:
    Monlist queries:  1130
    Responses:        0  (avg size: 0 bytes)
  DNS Amplification:
    ANY queries:      0
    TXT queries:      0
    Responses:        212828586  (avg size: 108 bytes)
  SNMP Amplification:
    GetBulk requests: 0
    Responses:        0  (avg size: 0 bytes)
  SSDP:
    M-SEARCH packets: 0
    Responses:        7943
  PortMapper:
    GETPORT calls:    7833
    DUMP calls:       0
  NetBIOS:
    Name queries:     8713
    Datagram packets: 7841
  LDAP:
    Bind requests:    0
    Search requests:  7930
  MSSQL:
    SQLBatch packets: 7647
    RPC packets:      0
  TFTP:
    RRQ (read) pkts:  0
    WRQ (write) pkts: 0

[ATTACK DETECTIONS - Cumulative Events]
  UDP flood events:   1656
  UDP-lag events:     19
  SYN flood events:   0
  HTTP flood events:  0
  ICMP flood events:  0
  DNS amp events:     0
  NTP amp events:     0
  SNMP amp events:    0
  SSDP events:        0
  PortMap events:     0
  NetBIOS events:     0
  LDAP events:        0
  MSSQL events:       0
  TFTP events:        0
  ACK flood events:   0
  Frag attack events: 0
  Heavy-hitter events:1760 (OctoSketch per-IP detection)
  Packet flood events:0
  (Note: Events count IPs exceeding thresholds per 50ms window)

[ALERT STATUS]
  Alert level:        [1;31mHIGH[0m
  Reason:             [1;31mHEAVY-HITTER: 10.10.3.36 @ 27436 pps | TREND: attack rising (+1428560/250ms) | [0m

[MULTI-LF (2025) COMPARISON]
=== Detection Performance vs ML-Based System ===

  First Detection Latency:   1606.50 ms (vs MULTI-LF: 866 ms)
    Improvement:             0.5× faster

  Packets until detection:   874838481
  Bytes until detection:     111437274657 (106274.87 MB)

[OCTOSKETCH METRICS - Optimized Architecture]
=== Per-Worker Sketches + Sampling (1/32 packets) ===

  Architecture:              Per-worker (NO atomics, NO contention)
  Total sketch memory:       8961 KB (14 workers × 640.1 KB)
  Sampling rate:             1 in 32 packets (3.1% overhead)
  Attack traffic sampled:    25681856 updates
  Estimated attack packets:  821819392 (×32 sampling factor)
  Sketch overhead:           ~1.56% of fast-path cycles
  Memory efficiency:         O(1) constant, 640.1 KB per worker

[OCTOSKETCH HEAVY-HITTER DETECTION]
=== Top Attackers (per-IP tracking via Count-Min Sketch) ===

  Heavy-hitter threshold:    5000 pps per IP
  Heavy-hitters detected:    5 IPs exceeding threshold
  Total HH detections:       1760 events

  Top 5 Attackers (estimated counts, ×32 sampling):
    #1: 10.10.3.36 - 132992 pkts (26549 pps) [HEAVY-HITTER]
    #2: 10.10.3.31 - 132320 pkts (26415 pps) [HEAVY-HITTER]
    #3: 10.10.3.114 - 132256 pkts (26402 pps) [HEAVY-HITTER]
    #4: 10.10.3.12 - 132000 pkts (26351 pps) [HEAVY-HITTER]
    #5: 10.10.3.94 - 132000 pkts (26351 pps) [HEAVY-HITTER]

[RING BUFFER + MULTI-SCALE FEATURES]
=== Temporal Analysis (last 100 windows = 5.0 sec) ===

  Windows processed:         3909
  Buffer utilization:        100/100 (100.0%)
  Running baseline (ML):     14326528 pps (for ML features only)
  Detection mode:            FIXED THRESHOLDS

  [Temporal Features - Last Window]
    Delta PPS (250ms):       +1428560
    Delta PPS (500ms):       +2860678
    PPS Variance:            2718938431488
    Ratio vs Baseline:       1.85x

  [Multi-Scale Features]
    Top IP (50ms):           442 pps
    Top IP (1s):             15072 pps
    Top IP (1min):           7607 pps
    Burst Ratio (50ms/1min): 0.06x
    IP Concentration:        0.8%

[MULTIPLE DETECTION STATISTICS]
=== Aggregate Detection Analysis ===

  Total detection events:    1656
  Average detection latency: 55.34 ms
  Min detection latency:     53.72 ms
  Max detection latency:     1606.50 ms
  Latency range:             1552.78 ms

  Detection Latency Histogram:
    < 20 ms:  0 detections (0.0%)
    20-30 ms: 0 detections (0.0%)
    30-40 ms: 0 detections (0.0%)
    40-50 ms: 0 detections (0.0%)
    > 50 ms:  1655 detections (99.9%)

[PERFORMANCE METRICS]
  Throughput:         18.25 Gbps (10.66 Mpps)
  Cycles available:   280 cycles/pkt (lower = higher load)
  Active IPs:         0
  Worker threads:     14 (lcores 1-14)

[DPDK NIC STATISTICS]
  RX packets (NIC):   2143193320
  RX dropped (HW):    [0m0[0m (imissed)
  RX no mbufs:        [0m0[0m (buffer exhaustion)
  RX errors:          0
  Total drops:        [0m0 (0.00%)[0m
  RX burst calls:     41863604040 (96.9% empty)
  Processed pkts:     2143198170 (100.0% of NIC RX)


╔═══════════════════════════════════════════════════════════════════════╗
║          MIRA DDoS DETECTOR - STATISTICS (MULTI-CORE)                ║
╚═══════════════════════════════════════════════════════════════════════╝

[PACKET COUNTERS - GLOBAL]
  Total packets:      2209324877
  Baseline (10.10.2.x): 1046076624 (47.3%)
  Attack (10.10.3.x): 538421005 (24.4%)
  TCP packets:        1072242184
  UDP packets:        1044149729
  ICMP packets:       92932964

[INSTANTANEOUS TRAFFIC - Last 5.0 seconds]
  Baseline (10.10.2.x): 26843878 pkts (50.3%)  2658633340 bytes  4.25 Gbps
  Attack (10.10.3.x): 26559443 pkts (49.7%)  8763984469 bytes  14.00 Gbps
  Total throughput:   18.25 Gbps  (avg pkt: 214 bytes)

[CUMULATIVE TRAFFIC - Since first packet (204.3s)]
  Total received:     2209324877 pkts (10.81 Mpps) | 14.91 Gbps | 380652363813 bytes

[ATTACK-SPECIFIC COUNTERS]
  SYN packets:        283870173
  SYN-ACK packets:    141934926
  SYN/ACK ratio:      2.00
  HTTP requests:      551589408
  DNS queries:        215795424

[PROTOCOL-SPECIFIC COUNTERS - CIC-DDoS-2019 Features]
  NTP Amplification:
    Monlist queries:  1186
    Responses:        0  (avg size: 0 bytes)
  DNS Amplification:
    ANY queries:      0
    TXT queries:      0
    Responses:        215794678  (avg size: 108 bytes)
  SNMP Amplification:
    GetBulk requests: 0
    Responses:        0  (avg size: 0 bytes)
  SSDP:
    M-SEARCH packets: 0
    Responses:        8355
  PortMapper:
    GETPORT calls:    8235
    DUMP calls:       0
  NetBIOS:
    Name queries:     9179
    Datagram packets: 8260
  LDAP:
    Bind requests:    0
    Search requests:  8343
  MSSQL:
    SQLBatch packets: 8023
    RPC packets:      0
  TFTP:
    RRQ (read) pkts:  0
    WRQ (write) pkts: 0

[ATTACK DETECTIONS - Cumulative Events]
  UDP flood events:   1656
  UDP-lag events:     19
  SYN flood events:   0
  HTTP flood events:  0
  ICMP flood events:  0
  DNS amp events:     0
  NTP amp events:     0
  SNMP amp events:    0
  SSDP events:        0
  PortMap events:     0
  NetBIOS events:     0
  LDAP events:        0
  MSSQL events:       0
  TFTP events:        0
  ACK flood events:   0
  Frag attack events: 0
  Heavy-hitter events:1852 (OctoSketch per-IP detection)
  Packet flood events:0
  (Note: Events count IPs exceeding thresholds per 50ms window)

[ALERT STATUS]
  Alert level:        [1;31mHIGH[0m
  Reason:             [1;31mHEAVY-HITTER: 10.10.3.61 @ 27739 pps | TREND: attack rising (+1435038/250ms) | [0m

[MULTI-LF (2025) COMPARISON]
=== Detection Performance vs ML-Based System ===

  First Detection Latency:   1606.50 ms (vs MULTI-LF: 866 ms)
    Improvement:             0.5× faster

  Packets until detection:   874838481
  Bytes until detection:     111437274657 (106274.87 MB)

[OCTOSKETCH METRICS - Optimized Architecture]
=== Per-Worker Sketches + Sampling (1/32 packets) ===

  Architecture:              Per-worker (NO atomics, NO contention)
  Total sketch memory:       8961 KB (14 workers × 640.1 KB)
  Sampling rate:             1 in 32 packets (3.1% overhead)
  Attack traffic sampled:    25681504 updates
  Estimated attack packets:  821808128 (×32 sampling factor)
  Sketch overhead:           ~1.56% of fast-path cycles
  Memory efficiency:         O(1) constant, 640.1 KB per worker

[OCTOSKETCH HEAVY-HITTER DETECTION]
=== Top Attackers (per-IP tracking via Count-Min Sketch) ===

  Heavy-hitter threshold:    5000 pps per IP
  Heavy-hitters detected:    5 IPs exceeding threshold
  Total HH detections:       1852 events

  Top 5 Attackers (estimated counts, ×32 sampling):
    #1: 10.10.3.61 - 134432 pkts (26843 pps) [HEAVY-HITTER]
    #2: 10.10.3.103 - 133344 pkts (26626 pps) [HEAVY-HITTER]
    #3: 10.10.3.128 - 132704 pkts (26498 pps) [HEAVY-HITTER]
    #4: 10.10.3.88 - 132672 pkts (26491 pps) [HEAVY-HITTER]
    #5: 10.10.3.35 - 132576 pkts (26472 pps) [HEAVY-HITTER]

[RING BUFFER + MULTI-SCALE FEATURES]
=== Temporal Analysis (last 100 windows = 5.0 sec) ===

  Windows processed:         4001
  Buffer utilization:        100/100 (100.0%)
  Running baseline (ML):     14168182 pps (for ML features only)
  Detection mode:            FIXED THRESHOLDS

  [Temporal Features - Last Window]
    Delta PPS (250ms):       +1435038
    Delta PPS (500ms):       +2862352
    PPS Variance:            2709483159552
    Ratio vs Baseline:       1.87x

  [Multi-Scale Features]
    Top IP (50ms):           436 pps
    Top IP (1s):             2112 pps
    Top IP (1min):           9840 pps
    Burst Ratio (50ms/1min): 0.04x
    IP Concentration:        0.8%

[MULTIPLE DETECTION STATISTICS]
=== Aggregate Detection Analysis ===

  Total detection events:    1656
  Average detection latency: 55.34 ms
  Min detection latency:     53.72 ms
  Max detection latency:     1606.50 ms
  Latency range:             1552.78 ms

  Detection Latency Histogram:
    < 20 ms:  0 detections (0.0%)
    20-30 ms: 0 detections (0.0%)
    30-40 ms: 0 detections (0.0%)
    40-50 ms: 0 detections (0.0%)
    > 50 ms:  1655 detections (99.9%)

[PERFORMANCE METRICS]
  Throughput:         18.25 Gbps (10.66 Mpps)
  Cycles available:   280 cycles/pkt (lower = higher load)
  Active IPs:         0
  Worker threads:     14 (lcores 1-14)

[DPDK NIC STATISTICS]
  RX packets (NIC):   2209320374
  RX dropped (HW):    [0m0[0m (imissed)
  RX no mbufs:        [0m0[0m (buffer exhaustion)
  RX errors:          0
  Total drops:        [0m0 (0.00%)[0m
  RX burst calls:     42516205944 (96.8% empty)
  Processed pkts:     2209324877 (100.0% of NIC RX)


╔═══════════════════════════════════════════════════════════════════════╗
║          MIRA DDoS DETECTOR - STATISTICS (MULTI-CORE)                ║
╚═══════════════════════════════════════════════════════════════════════╝

[PACKET COUNTERS - GLOBAL]
  Total packets:      2275446388
  Baseline (10.10.2.x): 1072919997 (47.2%)
  Attack (10.10.3.x): 564978610 (24.8%)
  TCP packets:        1101916168
  UDP packets:        1078399347
  ICMP packets:       95130873

[INSTANTANEOUS TRAFFIC - Last 5.0 seconds]
  Baseline (10.10.2.x): 26842937 pkts (50.3%)  2658757635 bytes  4.25 Gbps
  Attack (10.10.3.x): 26557136 pkts (49.7%)  9396397584 bytes  15.01 Gbps
  Total throughput:   19.26 Gbps  (avg pkt: 226 bytes)

[CUMULATIVE TRAFFIC - Since first packet (209.3s)]
  Total received:     2275446388 pkts (10.87 Mpps) | 15.07 Gbps | 394211115381 bytes

[ATTACK-SPECIFIC COUNTERS]
  SYN packets:        292277947
  SYN-ACK packets:    146138818
  SYN/ACK ratio:      2.00
  HTTP requests:      562716199
  DNS queries:        218762622

[PROTOCOL-SPECIFIC COUNTERS - CIC-DDoS-2019 Features]
  NTP Amplification:
    Monlist queries:  1244
    Responses:        0  (avg size: 0 bytes)
  DNS Amplification:
    ANY queries:      0
    TXT queries:      0
    Responses:        218761859  (avg size: 108 bytes)
  SNMP Amplification:
    GetBulk requests: 0
    Responses:        0  (avg size: 0 bytes)
  SSDP:
    M-SEARCH packets: 0
    Responses:        8754
  PortMapper:
    GETPORT calls:    8631
    DUMP calls:       0
  NetBIOS:
    Name queries:     9631
    Datagram packets: 8660
  LDAP:
    Bind requests:    0
    Search requests:  8750
  MSSQL:
    SQLBatch packets: 8430
    RPC packets:      0
  TFTP:
    RRQ (read) pkts:  0
    WRQ (write) pkts: 0

[ATTACK DETECTIONS - Cumulative Events]
  UDP flood events:   1656
  UDP-lag events:     19
  SYN flood events:   0
  HTTP flood events:  0
  ICMP flood events:  0
  DNS amp events:     0
  NTP amp events:     0
  SNMP amp events:    0
  SSDP events:        0
  PortMap events:     0
  NetBIOS events:     0
  LDAP events:        0
  MSSQL events:       0
  TFTP events:        0
  ACK flood events:   0
  Frag attack events: 0
  Heavy-hitter events:1944 (OctoSketch per-IP detection)
  Packet flood events:0
  (Note: Events count IPs exceeding thresholds per 50ms window)

[ALERT STATUS]
  Alert level:        [1;31mHIGH[0m
  Reason:             [1;31mHEAVY-HITTER: 10.10.3.22 @ 27860 pps | TREND: attack rising (+1428148/250ms) | [0m

[MULTI-LF (2025) COMPARISON]
=== Detection Performance vs ML-Based System ===

  First Detection Latency:   1606.50 ms (vs MULTI-LF: 866 ms)
    Improvement:             0.5× faster

  Packets until detection:   874838481
  Bytes until detection:     111437274657 (106274.87 MB)

[OCTOSKETCH METRICS - Optimized Architecture]
=== Per-Worker Sketches + Sampling (1/32 packets) ===

  Architecture:              Per-worker (NO atomics, NO contention)
  Total sketch memory:       8961 KB (14 workers × 640.1 KB)
  Sampling rate:             1 in 32 packets (3.1% overhead)
  Attack traffic sampled:    25678080 updates
  Estimated attack packets:  821698560 (×32 sampling factor)
  Sketch overhead:           ~1.56% of fast-path cycles
  Memory efficiency:         O(1) constant, 640.1 KB per worker

[OCTOSKETCH HEAVY-HITTER DETECTION]
=== Top Attackers (per-IP tracking via Count-Min Sketch) ===

  Heavy-hitter threshold:    5000 pps per IP
  Heavy-hitters detected:    5 IPs exceeding threshold
  Total HH detections:       1944 events

  Top 5 Attackers (estimated counts, ×32 sampling):
    #1: 10.10.3.22 - 135008 pkts (26959 pps) [HEAVY-HITTER]
    #2: 10.10.3.98 - 133760 pkts (26710 pps) [HEAVY-HITTER]
    #3: 10.10.3.97 - 133216 pkts (26602 pps) [HEAVY-HITTER]
    #4: 10.10.3.3 - 132640 pkts (26487 pps) [HEAVY-HITTER]
    #5: 10.10.3.45 - 132640 pkts (26487 pps) [HEAVY-HITTER]

[RING BUFFER + MULTI-SCALE FEATURES]
=== Temporal Analysis (last 100 windows = 5.0 sec) ===

  Windows processed:         4093
  Buffer utilization:        100/100 (100.0%)
  Running baseline (ML):     14167806 pps (for ML features only)
  Detection mode:            FIXED THRESHOLDS

  [Temporal Features - Last Window]
    Delta PPS (250ms):       +1428148
    Delta PPS (500ms):       +2855808
    PPS Variance:            2716950069248
    Ratio vs Baseline:       1.87x

  [Multi-Scale Features]
    Top IP (50ms):           383 pps
    Top IP (1s):             20416 pps
    Top IP (1min):           12061 pps
    Burst Ratio (50ms/1min): 0.03x
    IP Concentration:        0.7%

[MULTIPLE DETECTION STATISTICS]
=== Aggregate Detection Analysis ===

  Total detection events:    1656
  Average detection latency: 55.34 ms
  Min detection latency:     53.72 ms
  Max detection latency:     1606.50 ms
  Latency range:             1552.78 ms

  Detection Latency Histogram:
    < 20 ms:  0 detections (0.0%)
    20-30 ms: 0 detections (0.0%)
    30-40 ms: 0 detections (0.0%)
    40-50 ms: 0 detections (0.0%)
    > 50 ms:  1655 detections (99.9%)

[PERFORMANCE METRICS]
  Throughput:         19.26 Gbps (10.66 Mpps)
  Cycles available:   280 cycles/pkt (lower = higher load)
  Active IPs:         0
  Worker threads:     14 (lcores 1-14)

[DPDK NIC STATISTICS]
  RX packets (NIC):   2275442004
  RX dropped (HW):    [0m0[0m (imissed)
  RX no mbufs:        [0m0[0m (buffer exhaustion)
  RX errors:          0
  Total drops:        [0m0 (0.00%)[0m
  RX burst calls:     43169846115 (96.8% empty)
  Processed pkts:     2275446388 (100.0% of NIC RX)


╔═══════════════════════════════════════════════════════════════════════╗
║          MIRA DDoS DETECTOR - STATISTICS (MULTI-CORE)                ║
╚═══════════════════════════════════════════════════════════════════════╝

[PACKET COUNTERS - GLOBAL]
  Total packets:      2341530672
  Baseline (10.10.2.x): 1099736818 (47.0%)
  Attack (10.10.3.x): 591532762 (25.3%)
  TCP packets:        1131560411
  UDP packets:        1112639381
  ICMP packets:       97330880

[INSTANTANEOUS TRAFFIC - Last 5.0 seconds]
  Baseline (10.10.2.x): 28779307 pkts (50.3%)  2848023630 bytes  4.55 Gbps
  Attack (10.10.3.x): 28471660 pkts (49.7%)  10012100126 bytes  16.00 Gbps
  Total throughput:   20.55 Gbps  (avg pkt: 225 bytes)

[CUMULATIVE TRAFFIC - Since first packet (214.3s)]
  Total received:     2341530672 pkts (10.93 Mpps) | 15.22 Gbps | 407763961381 bytes

[ATTACK-SPECIFIC COUNTERS]
  SYN packets:        300676919
  SYN-ACK packets:    150338300
  SYN/ACK ratio:      2.00
  HTTP requests:      573834813
  DNS queries:        221729223

[PROTOCOL-SPECIFIC COUNTERS - CIC-DDoS-2019 Features]
  NTP Amplification:
    Monlist queries:  1303
    Responses:        0  (avg size: 0 bytes)
  DNS Amplification:
    ANY queries:      0
    TXT queries:      0
    Responses:        221728434  (avg size: 108 bytes)
  SNMP Amplification:
    GetBulk requests: 0
    Responses:        0  (avg size: 0 bytes)
  SSDP:
    M-SEARCH packets: 0
    Responses:        9180
  PortMapper:
    GETPORT calls:    9050
    DUMP calls:       0
  NetBIOS:
    Name queries:     10072
    Datagram packets: 9062
  LDAP:
    Bind requests:    0
    Search requests:  9164
  MSSQL:
    SQLBatch packets: 8836
    RPC packets:      0
  TFTP:
    RRQ (read) pkts:  0
    WRQ (write) pkts: 0

[ATTACK DETECTIONS - Cumulative Events]
  UDP flood events:   1656
  UDP-lag events:     19
  SYN flood events:   0
  HTTP flood events:  0
  ICMP flood events:  0
  DNS amp events:     0
  NTP amp events:     0
  SNMP amp events:    0
  SSDP events:        0
  PortMap events:     0
  NetBIOS events:     0
  LDAP events:        0
  MSSQL events:       0
  TFTP events:        0
  ACK flood events:   0
  Frag attack events: 0
  Heavy-hitter events:2036 (OctoSketch per-IP detection)
  Packet flood events:0
  (Note: Events count IPs exceeding thresholds per 50ms window)

[ALERT STATUS]
  Alert level:        [1;31mHIGH[0m
  Reason:             [1;31mHEAVY-HITTER: 10.10.3.30 @ 27482 pps | TREND: attack rising (+1431218/250ms) | [0m

[MULTI-LF (2025) COMPARISON]
=== Detection Performance vs ML-Based System ===

  First Detection Latency:   1606.50 ms (vs MULTI-LF: 866 ms)
    Improvement:             0.5× faster

  Packets until detection:   874838481
  Bytes until detection:     111437274657 (106274.87 MB)

[OCTOSKETCH METRICS - Optimized Architecture]
=== Per-Worker Sketches + Sampling (1/32 packets) ===

  Architecture:              Per-worker (NO atomics, NO contention)
  Total sketch memory:       8961 KB (14 workers × 640.1 KB)
  Sampling rate:             1 in 32 packets (3.1% overhead)
  Attack traffic sampled:    25674688 updates
  Estimated attack packets:  821590016 (×32 sampling factor)
  Sketch overhead:           ~1.56% of fast-path cycles
  Memory efficiency:         O(1) constant, 640.1 KB per worker

[OCTOSKETCH HEAVY-HITTER DETECTION]
=== Top Attackers (per-IP tracking via Count-Min Sketch) ===

  Heavy-hitter threshold:    5000 pps per IP
  Heavy-hitters detected:    5 IPs exceeding threshold
  Total HH detections:       2036 events

  Top 5 Attackers (estimated counts, ×32 sampling):
    #1: 10.10.3.30 - 133152 pkts (26593 pps) [HEAVY-HITTER]
    #2: 10.10.3.146 - 133024 pkts (26568 pps) [HEAVY-HITTER]
    #3: 10.10.3.134 - 132576 pkts (26478 pps) [HEAVY-HITTER]
    #4: 10.10.3.147 - 132544 pkts (26472 pps) [HEAVY-HITTER]
    #5: 10.10.3.39 - 132416 pkts (26446 pps) [HEAVY-HITTER]

[RING BUFFER + MULTI-SCALE FEATURES]
=== Temporal Analysis (last 100 windows = 5.0 sec) ===

  Windows processed:         4185
  Buffer utilization:        100/100 (100.0%)
  Running baseline (ML):     15913217 pps (for ML features only)
  Detection mode:            FIXED THRESHOLDS

  [Temporal Features - Last Window]
    Delta PPS (250ms):       +1431218
    Delta PPS (500ms):       +2857168
    PPS Variance:            2711581360128
    Ratio vs Baseline:       1.78x

  [Multi-Scale Features]
    Top IP (50ms):           376 pps
    Top IP (1s):             8416 pps
    Top IP (1min):           14282 pps
    Burst Ratio (50ms/1min): 0.03x
    IP Concentration:        0.7%

[MULTIPLE DETECTION STATISTICS]
=== Aggregate Detection Analysis ===

  Total detection events:    1656
  Average detection latency: 55.34 ms
  Min detection latency:     53.72 ms
  Max detection latency:     1606.50 ms
  Latency range:             1552.78 ms

  Detection Latency Histogram:
    < 20 ms:  0 detections (0.0%)
    20-30 ms: 0 detections (0.0%)
    30-40 ms: 0 detections (0.0%)
    40-50 ms: 0 detections (0.0%)
    > 50 ms:  1655 detections (99.9%)

[PERFORMANCE METRICS]
  Throughput:         20.55 Gbps (11.43 Mpps)
  Cycles available:   261 cycles/pkt (lower = higher load)
  Active IPs:         0
  Worker threads:     14 (lcores 1-14)

[DPDK NIC STATISTICS]
  RX packets (NIC):   2341526034
  RX dropped (HW):    [0m0[0m (imissed)
  RX no mbufs:        [0m0[0m (buffer exhaustion)
  RX errors:          0
  Total drops:        [0m0 (0.00%)[0m
  RX burst calls:     43821787764 (96.7% empty)
  Processed pkts:     2341530672 (100.0% of NIC RX)


╔═══════════════════════════════════════════════════════════════════════╗
║          MIRA DDoS DETECTOR - STATISTICS (MULTI-CORE)                ║
╚═══════════════════════════════════════════════════════════════════════╝

[PACKET COUNTERS - GLOBAL]
  Total packets:      2407649650
  Baseline (10.10.2.x): 1126577030 (46.8%)
  Attack (10.10.3.x): 618091318 (25.7%)
  TCP packets:        1161234540
  UDP packets:        1146885476
  ICMP packets:       99529634

[INSTANTANEOUS TRAFFIC - Last 5.0 seconds]
  Baseline (10.10.2.x): 26839684 pkts (50.3%)  2658225450 bytes  4.25 Gbps
  Attack (10.10.3.x): 26557982 pkts (49.7%)  8763462190 bytes  14.00 Gbps
  Total throughput:   18.25 Gbps  (avg pkt: 214 bytes)

[CUMULATIVE TRAFFIC - Since first packet (219.3s)]
  Total received:     2407649650 pkts (10.98 Mpps) | 15.37 Gbps | 421322512648 bytes

[ATTACK-SPECIFIC COUNTERS]
  SYN packets:        309084333
  SYN-ACK packets:    154542003
  SYN/ACK ratio:      2.00
  HTTP requests:      584964740
  DNS queries:        224694634

[PROTOCOL-SPECIFIC COUNTERS - CIC-DDoS-2019 Features]
  NTP Amplification:
    Monlist queries:  1361
    Responses:        0  (avg size: 0 bytes)
  DNS Amplification:
    ANY queries:      0
    TXT queries:      0
    Responses:        224693791  (avg size: 108 bytes)
  SNMP Amplification:
    GetBulk requests: 0
    Responses:        0  (avg size: 0 bytes)
  SSDP:
    M-SEARCH packets: 0
    Responses:        9592
  PortMapper:
    GETPORT calls:    9453
    DUMP calls:       0
  NetBIOS:
    Name queries:     10535
    Datagram packets: 9482
  LDAP:
    Bind requests:    0
    Search requests:  9579
  MSSQL:
    SQLBatch packets: 9211
    RPC packets:      0
  TFTP:
    RRQ (read) pkts:  0
    WRQ (write) pkts: 0

[ATTACK DETECTIONS - Cumulative Events]
  UDP flood events:   1656
  UDP-lag events:     19
  SYN flood events:   0
  HTTP flood events:  0
  ICMP flood events:  0
  DNS amp events:     0
  NTP amp events:     0
  SNMP amp events:    0
  SSDP events:        0
  PortMap events:     0
  NetBIOS events:     0
  LDAP events:        0
  MSSQL events:       0
  TFTP events:        0
  ACK flood events:   0
  Frag attack events: 0
  Heavy-hitter events:2128 (OctoSketch per-IP detection)
  Packet flood events:0
  (Note: Events count IPs exceeding thresholds per 50ms window)

[ALERT STATUS]
  Alert level:        [1;31mHIGH[0m
  Reason:             [1;31mHEAVY-HITTER: 10.10.3.160 @ 27543 pps | TREND: attack rising (+1427438/250ms) | [0m

[MULTI-LF (2025) COMPARISON]
=== Detection Performance vs ML-Based System ===

  First Detection Latency:   1606.50 ms (vs MULTI-LF: 866 ms)
    Improvement:             0.5× faster

  Packets until detection:   874838481
  Bytes until detection:     111437274657 (106274.87 MB)

[OCTOSKETCH METRICS - Optimized Architecture]
=== Per-Worker Sketches + Sampling (1/32 packets) ===

  Architecture:              Per-worker (NO atomics, NO contention)
  Total sketch memory:       8961 KB (14 workers × 640.1 KB)
  Sampling rate:             1 in 32 packets (3.1% overhead)
  Attack traffic sampled:    25679456 updates
  Estimated attack packets:  821742592 (×32 sampling factor)
  Sketch overhead:           ~1.56% of fast-path cycles
  Memory efficiency:         O(1) constant, 640.1 KB per worker

[OCTOSKETCH HEAVY-HITTER DETECTION]
=== Top Attackers (per-IP tracking via Count-Min Sketch) ===

  Heavy-hitter threshold:    5000 pps per IP
  Heavy-hitters detected:    5 IPs exceeding threshold
  Total HH detections:       2128 events

  Top 5 Attackers (estimated counts, ×32 sampling):
    #1: 10.10.3.160 - 133472 pkts (26652 pps) [HEAVY-HITTER]
    #2: 10.10.3.158 - 133120 pkts (26582 pps) [HEAVY-HITTER]
    #3: 10.10.3.35 - 132896 pkts (26537 pps) [HEAVY-HITTER]
    #4: 10.10.3.76 - 132480 pkts (26454 pps) [HEAVY-HITTER]
    #5: 10.10.3.42 - 132384 pkts (26435 pps) [HEAVY-HITTER]

[RING BUFFER + MULTI-SCALE FEATURES]
=== Temporal Analysis (last 100 windows = 5.0 sec) ===

  Windows processed:         4277
  Buffer utilization:        100/100 (100.0%)
  Running baseline (ML):     14322977 pps (for ML features only)
  Detection mode:            FIXED THRESHOLDS

  [Temporal Features - Last Window]
    Delta PPS (250ms):       +1427438
    Delta PPS (500ms):       +2854598
    PPS Variance:            2713823215616
    Ratio vs Baseline:       1.85x

  [Multi-Scale Features]
    Top IP (50ms):           403 pps
    Top IP (1s):             26048 pps
    Top IP (1min):           16536 pps
    Burst Ratio (50ms/1min): 0.02x
    IP Concentration:        0.7%

[MULTIPLE DETECTION STATISTICS]
=== Aggregate Detection Analysis ===

  Total detection events:    1656
  Average detection latency: 55.34 ms
  Min detection latency:     53.72 ms
  Max detection latency:     1606.50 ms
  Latency range:             1552.78 ms

  Detection Latency Histogram:
    < 20 ms:  0 detections (0.0%)
    20-30 ms: 0 detections (0.0%)
    30-40 ms: 0 detections (0.0%)
    40-50 ms: 0 detections (0.0%)
    > 50 ms:  1655 detections (99.9%)

[PERFORMANCE METRICS]
  Throughput:         18.25 Gbps (10.66 Mpps)
  Cycles available:   280 cycles/pkt (lower = higher load)
  Active IPs:         0
  Worker threads:     14 (lcores 1-14)

[DPDK NIC STATISTICS]
  RX packets (NIC):   2407645355
  RX dropped (HW):    [0m0[0m (imissed)
  RX no mbufs:        [0m0[0m (buffer exhaustion)
  RX errors:          0
  Total drops:        [0m0 (0.00%)[0m
  RX burst calls:     44475145232 (96.7% empty)
  Processed pkts:     2407649650 (100.0% of NIC RX)


╔═══════════════════════════════════════════════════════════════════════╗
║          MIRA DDoS DETECTOR - STATISTICS (MULTI-CORE)                ║
╚═══════════════════════════════════════════════════════════════════════╝

[PACKET COUNTERS - GLOBAL]
  Total packets:      2473806333
  Baseline (10.10.2.x): 1153441097 (46.6%)
  Attack (10.10.3.x): 644650696 (26.1%)
  TCP packets:        1190931190
  UDP packets:        1181139002
  ICMP packets:       101736141

[INSTANTANEOUS TRAFFIC - Last 5.0 seconds]
  Baseline (10.10.2.x): 30687078 pkts (51.9%)  2850065320 bytes  4.55 Gbps
  Attack (10.10.3.x): 28477261 pkts (48.1%)  9396747984 bytes  15.01 Gbps
  Total throughput:   19.56 Gbps  (avg pkt: 207 bytes)

[CUMULATIVE TRAFFIC - Since first packet (224.3s)]
  Total received:     2473806333 pkts (11.03 Mpps) | 15.51 Gbps | 434885782279 bytes

[ATTACK-SPECIFIC COUNTERS]
  SYN packets:        317498372
  SYN-ACK packets:    158749013
  SYN/ACK ratio:      2.00
  HTTP requests:      596101353
  DNS queries:        227663195

[PROTOCOL-SPECIFIC COUNTERS - CIC-DDoS-2019 Features]
  NTP Amplification:
    Monlist queries:  1420
    Responses:        0  (avg size: 0 bytes)
  DNS Amplification:
    ANY queries:      0
    TXT queries:      0
    Responses:        227662322  (avg size: 108 bytes)
  SNMP Amplification:
    GetBulk requests: 0
    Responses:        0  (avg size: 0 bytes)
  SSDP:
    M-SEARCH packets: 0
    Responses:        9989
  PortMapper:
    GETPORT calls:    9850
    DUMP calls:       0
  NetBIOS:
    Name queries:     10989
    Datagram packets: 9884
  LDAP:
    Bind requests:    0
    Search requests:  9983
  MSSQL:
    SQLBatch packets: 9615
    RPC packets:      0
  TFTP:
    RRQ (read) pkts:  0
    WRQ (write) pkts: 0

[ATTACK DETECTIONS - Cumulative Events]
  UDP flood events:   1656
  UDP-lag events:     19
  SYN flood events:   0
  HTTP flood events:  0
  ICMP flood events:  0
  DNS amp events:     0
  NTP amp events:     0
  SNMP amp events:    0
  SSDP events:        0
  PortMap events:     0
  NetBIOS events:     0
  LDAP events:        0
  MSSQL events:       0
  TFTP events:        0
  ACK flood events:   0
  Frag attack events: 0
  Heavy-hitter events:2220 (OctoSketch per-IP detection)
  Packet flood events:0
  (Note: Events count IPs exceeding thresholds per 50ms window)

[ALERT STATUS]
  Alert level:        [1;31mHIGH[0m
  Reason:             [1;31mHEAVY-HITTER: 10.10.3.182 @ 27370 pps | TREND: attack rising (+1427626/250ms) | [0m

[MULTI-LF (2025) COMPARISON]
=== Detection Performance vs ML-Based System ===

  First Detection Latency:   1606.50 ms (vs MULTI-LF: 866 ms)
    Improvement:             0.5× faster

  Packets until detection:   874838481
  Bytes until detection:     111437274657 (106274.87 MB)

[OCTOSKETCH METRICS - Optimized Architecture]
=== Per-Worker Sketches + Sampling (1/32 packets) ===

  Architecture:              Per-worker (NO atomics, NO contention)
  Total sketch memory:       8961 KB (14 workers × 640.1 KB)
  Sampling rate:             1 in 32 packets (3.1% overhead)
  Attack traffic sampled:    25675552 updates
  Estimated attack packets:  821617664 (×32 sampling factor)
  Sketch overhead:           ~1.56% of fast-path cycles
  Memory efficiency:         O(1) constant, 640.1 KB per worker

[OCTOSKETCH HEAVY-HITTER DETECTION]
=== Top Attackers (per-IP tracking via Count-Min Sketch) ===

  Heavy-hitter threshold:    5000 pps per IP
  Heavy-hitters detected:    5 IPs exceeding threshold
  Total HH detections:       2220 events

  Top 5 Attackers (estimated counts, ×32 sampling):
    #1: 10.10.3.182 - 132640 pkts (26485 pps) [HEAVY-HITTER]
    #2: 10.10.3.184 - 132448 pkts (26446 pps) [HEAVY-HITTER]
    #3: 10.10.3.196 - 132384 pkts (26434 pps) [HEAVY-HITTER]
    #4: 10.10.3.53 - 132032 pkts (26363 pps) [HEAVY-HITTER]
    #5: 10.10.3.49 - 131968 pkts (26351 pps) [HEAVY-HITTER]

[RING BUFFER + MULTI-SCALE FEATURES]
=== Temporal Analysis (last 100 windows = 5.0 sec) ===

  Windows processed:         4369
  Buffer utilization:        100/100 (100.0%)
  Running baseline (ML):     15915862 pps (for ML features only)
  Detection mode:            FIXED THRESHOLDS

  [Temporal Features - Last Window]
    Delta PPS (250ms):       +1427626
    Delta PPS (500ms):       +2859352
    PPS Variance:            2715899133952
    Ratio vs Baseline:       1.78x

  [Multi-Scale Features]
    Top IP (50ms):           396 pps
    Top IP (1s):             14560 pps
    Top IP (1min):           18738 pps
    Burst Ratio (50ms/1min): 0.02x
    IP Concentration:        0.7%

[MULTIPLE DETECTION STATISTICS]
=== Aggregate Detection Analysis ===

  Total detection events:    1656
  Average detection latency: 55.34 ms
  Min detection latency:     53.72 ms
  Max detection latency:     1606.50 ms
  Latency range:             1552.78 ms

  Detection Latency Histogram:
    < 20 ms:  0 detections (0.0%)
    20-30 ms: 0 detections (0.0%)
    30-40 ms: 0 detections (0.0%)
    40-50 ms: 0 detections (0.0%)
    > 50 ms:  1655 detections (99.9%)

[PERFORMANCE METRICS]
  Throughput:         19.56 Gbps (11.81 Mpps)
  Cycles available:   253 cycles/pkt (lower = higher load)
  Active IPs:         0
  Worker threads:     14 (lcores 1-14)

[DPDK NIC STATISTICS]
  RX packets (NIC):   2473801673
  RX dropped (HW):    [0m0[0m (imissed)
  RX no mbufs:        [0m0[0m (buffer exhaustion)
  RX errors:          0
  Total drops:        [0m0 (0.00%)[0m
  RX burst calls:     45127679495 (96.7% empty)
  Processed pkts:     2473806333 (100.0% of NIC RX)


╔═══════════════════════════════════════════════════════════════════════╗
║          MIRA DDoS DETECTOR - STATISTICS (MULTI-CORE)                ║
╚═══════════════════════════════════════════════════════════════════════╝

[PACKET COUNTERS - GLOBAL]
  Total packets:      2539941804
  Baseline (10.10.2.x): 1180295052 (46.5%)
  Attack (10.10.3.x): 671206068 (26.4%)
  TCP packets:        1220619339
  UDP packets:        1215386274
  ICMP packets:       103936191

[INSTANTANEOUS TRAFFIC - Last 5.0 seconds]
  Baseline (10.10.2.x): 26853492 pkts (50.3%)  2659647904 bytes  4.25 Gbps
  Attack (10.10.3.x): 26554860 pkts (49.7%)  8762328063 bytes  14.00 Gbps
  Total throughput:   18.25 Gbps  (avg pkt: 214 bytes)

[CUMULATIVE TRAFFIC - Since first packet (229.3s)]
  Total received:     2539941804 pkts (11.08 Mpps) | 15.64 Gbps | 448445421638 bytes

[ATTACK-SPECIFIC COUNTERS]
  SYN packets:        325910017
  SYN-ACK packets:    162954844
  SYN/ACK ratio:      2.00
  HTTP requests:      607234853
  DNS queries:        230630325

[PROTOCOL-SPECIFIC COUNTERS - CIC-DDoS-2019 Features]
  NTP Amplification:
    Monlist queries:  1478
    Responses:        0  (avg size: 0 bytes)
  DNS Amplification:
    ANY queries:      0
    TXT queries:      0
    Responses:        230629419  (avg size: 108 bytes)
  SNMP Amplification:
    GetBulk requests: 0
    Responses:        0  (avg size: 0 bytes)
  SSDP:
    M-SEARCH packets: 0
    Responses:        10416
  PortMapper:
    GETPORT calls:    10269
    DUMP calls:       0
  NetBIOS:
    Name queries:     11430
    Datagram packets: 10284
  LDAP:
    Bind requests:    0
    Search requests:  10402
  MSSQL:
    SQLBatch packets: 10021
    RPC packets:      0
  TFTP:
    RRQ (read) pkts:  0
    WRQ (write) pkts: 0

[ATTACK DETECTIONS - Cumulative Events]
  UDP flood events:   1656
  UDP-lag events:     19
  SYN flood events:   0
  HTTP flood events:  0
  ICMP flood events:  0
  DNS amp events:     0
  NTP amp events:     0
  SNMP amp events:    0
  SSDP events:        0
  PortMap events:     0
  NetBIOS events:     0
  LDAP events:        0
  MSSQL events:       0
  TFTP events:        0
  ACK flood events:   0
  Frag attack events: 0
  Heavy-hitter events:2312 (OctoSketch per-IP detection)
  Packet flood events:0
  (Note: Events count IPs exceeding thresholds per 50ms window)

[ALERT STATUS]
  Alert level:        [1;31mHIGH[0m
  Reason:             [1;31mHEAVY-HITTER: 10.10.3.102 @ 27857 pps | TREND: attack rising (+1431084/250ms) | [0m

[MULTI-LF (2025) COMPARISON]
=== Detection Performance vs ML-Based System ===

  First Detection Latency:   1606.50 ms (vs MULTI-LF: 866 ms)
    Improvement:             0.5× faster

  Packets until detection:   874838481
  Bytes until detection:     111437274657 (106274.87 MB)

[OCTOSKETCH METRICS - Optimized Architecture]
=== Per-Worker Sketches + Sampling (1/32 packets) ===

  Architecture:              Per-worker (NO atomics, NO contention)
  Total sketch memory:       8961 KB (14 workers × 640.1 KB)
  Sampling rate:             1 in 32 packets (3.1% overhead)
  Attack traffic sampled:    25675136 updates
  Estimated attack packets:  821604352 (×32 sampling factor)
  Sketch overhead:           ~1.56% of fast-path cycles
  Memory efficiency:         O(1) constant, 640.1 KB per worker

[OCTOSKETCH HEAVY-HITTER DETECTION]
=== Top Attackers (per-IP tracking via Count-Min Sketch) ===

  Heavy-hitter threshold:    5000 pps per IP
  Heavy-hitters detected:    5 IPs exceeding threshold
  Total HH detections:       2312 events

  Top 5 Attackers (estimated counts, ×32 sampling):
    #1: 10.10.3.102 - 134976 pkts (26956 pps) [HEAVY-HITTER]
    #2: 10.10.3.172 - 132576 pkts (26477 pps) [HEAVY-HITTER]
    #3: 10.10.3.2 - 132512 pkts (26464 pps) [HEAVY-HITTER]
    #4: 10.10.3.160 - 132384 pkts (26438 pps) [HEAVY-HITTER]
    #5: 10.10.3.184 - 132096 pkts (26381 pps) [HEAVY-HITTER]

[RING BUFFER + MULTI-SCALE FEATURES]
=== Temporal Analysis (last 100 windows = 5.0 sec) ===

  Windows processed:         4461
  Buffer utilization:        100/100 (100.0%)
  Running baseline (ML):     14321729 pps (for ML features only)
  Detection mode:            FIXED THRESHOLDS

  [Temporal Features - Last Window]
    Delta PPS (250ms):       +1431084
    Delta PPS (500ms):       +2857390
    PPS Variance:            2708199178240
    Ratio vs Baseline:       1.85x

  [Multi-Scale Features]
    Top IP (50ms):           462 pps
    Top IP (1s):             2240 pps
    Top IP (1min):           20961 pps
    Burst Ratio (50ms/1min): 0.02x
    IP Concentration:        0.8%

[MULTIPLE DETECTION STATISTICS]
=== Aggregate Detection Analysis ===

  Total detection events:    1656
  Average detection latency: 55.34 ms
  Min detection latency:     53.72 ms
  Max detection latency:     1606.50 ms
  Latency range:             1552.78 ms

  Detection Latency Histogram:
    < 20 ms:  0 detections (0.0%)
    20-30 ms: 0 detections (0.0%)
    30-40 ms: 0 detections (0.0%)
    40-50 ms: 0 detections (0.0%)
    > 50 ms:  1655 detections (99.9%)

[PERFORMANCE METRICS]
  Throughput:         18.25 Gbps (10.67 Mpps)
  Cycles available:   280 cycles/pkt (lower = higher load)
  Active IPs:         0
  Worker threads:     14 (lcores 1-14)

[DPDK NIC STATISTICS]
  RX packets (NIC):   2539936984
  RX dropped (HW):    [0m0[0m (imissed)
  RX no mbufs:        [0m0[0m (buffer exhaustion)
  RX errors:          0
  Total drops:        [0m0 (0.00%)[0m
  RX burst calls:     45782022391 (96.6% empty)
  Processed pkts:     2539941804 (100.0% of NIC RX)


╔═══════════════════════════════════════════════════════════════════════╗
║          MIRA DDoS DETECTOR - STATISTICS (MULTI-CORE)                ║
╚═══════════════════════════════════════════════════════════════════════╝

[PACKET COUNTERS - GLOBAL]
  Total packets:      2606033945
  Baseline (10.10.2.x): 1207120611 (46.3%)
  Attack (10.10.3.x): 697755458 (26.8%)
  TCP packets:        1250274071
  UDP packets:        1249623666
  ICMP packets:       106136208

[INSTANTANEOUS TRAFFIC - Last 5.0 seconds]
  Baseline (10.10.2.x): 26824878 pkts (50.3%)  2656234154 bytes  4.24 Gbps
  Attack (10.10.3.x): 26548938 pkts (49.7%)  8760548383 bytes  14.00 Gbps
  Total throughput:   18.24 Gbps  (avg pkt: 214 bytes)

[CUMULATIVE TRAFFIC - Since first packet (234.3s)]
  Total received:     2606033945 pkts (11.12 Mpps) | 15.77 Gbps | 461998027129 bytes

[ATTACK-SPECIFIC COUNTERS]
  SYN packets:        334312209
  SYN-ACK packets:    167155939
  SYN/ACK ratio:      2.00
  HTTP requests:      618355339
  DNS queries:        233598438

[PROTOCOL-SPECIFIC COUNTERS - CIC-DDoS-2019 Features]
  NTP Amplification:
    Monlist queries:  1536
    Responses:        0  (avg size: 0 bytes)
  DNS Amplification:
    ANY queries:      0
    TXT queries:      0
    Responses:        233597494  (avg size: 108 bytes)
  SNMP Amplification:
    GetBulk requests: 0
    Responses:        0  (avg size: 0 bytes)
  SSDP:
    M-SEARCH packets: 0
    Responses:        10828
  PortMapper:
    GETPORT calls:    10674
    DUMP calls:       0
  NetBIOS:
    Name queries:     11891
    Datagram packets: 10703
  LDAP:
    Bind requests:    0
    Search requests:  10813
  MSSQL:
    SQLBatch packets: 10402
    RPC packets:      0
  TFTP:
    RRQ (read) pkts:  0
    WRQ (write) pkts: 0

[ATTACK DETECTIONS - Cumulative Events]
  UDP flood events:   1656
  UDP-lag events:     19
  SYN flood events:   0
  HTTP flood events:  0
  ICMP flood events:  0
  DNS amp events:     0
  NTP amp events:     0
  SNMP amp events:    0
  SSDP events:        0
  PortMap events:     0
  NetBIOS events:     0
  LDAP events:        0
  MSSQL events:       0
  TFTP events:        0
  ACK flood events:   0
  Frag attack events: 0
  Heavy-hitter events:2404 (OctoSketch per-IP detection)
  Packet flood events:0
  (Note: Events count IPs exceeding thresholds per 50ms window)

[ALERT STATUS]
  Alert level:        [1;31mHIGH[0m
  Reason:             [1;31mHEAVY-HITTER: 10.10.3.117 @ 27606 pps | TREND: attack rising (+1427326/250ms) | [0m

[MULTI-LF (2025) COMPARISON]
=== Detection Performance vs ML-Based System ===

  First Detection Latency:   1606.50 ms (vs MULTI-LF: 866 ms)
    Improvement:             0.5× faster

  Packets until detection:   874838481
  Bytes until detection:     111437274657 (106274.87 MB)

[OCTOSKETCH METRICS - Optimized Architecture]
=== Per-Worker Sketches + Sampling (1/32 packets) ===

  Architecture:              Per-worker (NO atomics, NO contention)
  Total sketch memory:       8961 KB (14 workers × 640.1 KB)
  Sampling rate:             1 in 32 packets (3.1% overhead)
  Attack traffic sampled:    25669824 updates
  Estimated attack packets:  821434368 (×32 sampling factor)
  Sketch overhead:           ~1.56% of fast-path cycles
  Memory efficiency:         O(1) constant, 640.1 KB per worker

[OCTOSKETCH HEAVY-HITTER DETECTION]
=== Top Attackers (per-IP tracking via Count-Min Sketch) ===

  Heavy-hitter threshold:    5000 pps per IP
  Heavy-hitters detected:    5 IPs exceeding threshold
  Total HH detections:       2404 events

  Top 5 Attackers (estimated counts, ×32 sampling):
    #1: 10.10.3.117 - 133728 pkts (26713 pps) [HEAVY-HITTER]
    #2: 10.10.3.34 - 132864 pkts (26540 pps) [HEAVY-HITTER]
    #3: 10.10.3.193 - 132768 pkts (26521 pps) [HEAVY-HITTER]
    #4: 10.10.3.67 - 132640 pkts (26496 pps) [HEAVY-HITTER]
    #5: 10.10.3.46 - 132384 pkts (26445 pps) [HEAVY-HITTER]

[RING BUFFER + MULTI-SCALE FEATURES]
=== Temporal Analysis (last 100 windows = 5.0 sec) ===

  Windows processed:         4553
  Buffer utilization:        100/100 (100.0%)
  Running baseline (ML):     14164387 pps (for ML features only)
  Detection mode:            FIXED THRESHOLDS

  [Temporal Features - Last Window]
    Delta PPS (250ms):       +1427326
    Delta PPS (500ms):       +2853738
    PPS Variance:            2714208043008
    Ratio vs Baseline:       1.87x

  [Multi-Scale Features]
    Top IP (50ms):           429 pps
    Top IP (1s):             20352 pps
    Top IP (1min):           23209 pps
    Burst Ratio (50ms/1min): 0.02x
    IP Concentration:        0.8%

[MULTIPLE DETECTION STATISTICS]
=== Aggregate Detection Analysis ===

  Total detection events:    1656
  Average detection latency: 55.34 ms
  Min detection latency:     53.72 ms
  Max detection latency:     1606.50 ms
  Latency range:             1552.78 ms

  Detection Latency Histogram:
    < 20 ms:  0 detections (0.0%)
    20-30 ms: 0 detections (0.0%)
    30-40 ms: 0 detections (0.0%)
    40-50 ms: 0 detections (0.0%)
    > 50 ms:  1655 detections (99.9%)

[PERFORMANCE METRICS]
  Throughput:         18.24 Gbps (10.66 Mpps)
  Cycles available:   280 cycles/pkt (lower = higher load)
  Active IPs:         0
  Worker threads:     14 (lcores 1-14)

[DPDK NIC STATISTICS]
  RX packets (NIC):   2606029192
  RX dropped (HW):    [0m0[0m (imissed)
  RX no mbufs:        [0m0[0m (buffer exhaustion)
  RX errors:          0
  Total drops:        [0m0 (0.00%)[0m
  RX burst calls:     46433301553 (96.6% empty)
  Processed pkts:     2606033945 (100.0% of NIC RX)


╔═══════════════════════════════════════════════════════════════════════╗
║          MIRA DDoS DETECTOR - STATISTICS (MULTI-CORE)                ║
╚═══════════════════════════════════════════════════════════════════════╝

[PACKET COUNTERS - GLOBAL]
  Total packets:      2672153981
  Baseline (10.10.2.x): 1233963067 (46.2%)
  Attack (10.10.3.x): 724307875 (27.1%)
  TCP packets:        1279945409
  UDP packets:        1283871564
  ICMP packets:       108337008

[INSTANTANEOUS TRAFFIC - Last 5.0 seconds]
  Baseline (10.10.2.x): 28712054 pkts (50.3%)  2844467376 bytes  4.54 Gbps
  Attack (10.10.3.x): 28419901 pkts (49.7%)  8761640287 bytes  14.00 Gbps
  Total throughput:   18.54 Gbps  (avg pkt: 203 bytes)

[CUMULATIVE TRAFFIC - Since first packet (239.4s)]
  Total received:     2672153981 pkts (11.16 Mpps) | 15.89 Gbps | 475555134103 bytes

[ATTACK-SPECIFIC COUNTERS]
  SYN packets:        342718875
  SYN-ACK packets:    171359270
  SYN/ACK ratio:      2.00
  HTTP requests:      629484040
  DNS queries:        236568620

[PROTOCOL-SPECIFIC COUNTERS - CIC-DDoS-2019 Features]
  NTP Amplification:
    Monlist queries:  1594
    Responses:        0  (avg size: 0 bytes)
  DNS Amplification:
    ANY queries:      0
    TXT queries:      0
    Responses:        236567647  (avg size: 108 bytes)
  SNMP Amplification:
    GetBulk requests: 0
    Responses:        0  (avg size: 0 bytes)
  SSDP:
    M-SEARCH packets: 0
    Responses:        11218
  PortMapper:
    GETPORT calls:    11064
    DUMP calls:       0
  NetBIOS:
    Name queries:     12346
    Datagram packets: 11106
  LDAP:
    Bind requests:    0
    Search requests:  11217
  MSSQL:
    SQLBatch packets: 10800
    RPC packets:      0
  TFTP:
    RRQ (read) pkts:  0
    WRQ (write) pkts: 0

[ATTACK DETECTIONS - Cumulative Events]
  UDP flood events:   1656
  UDP-lag events:     19
  SYN flood events:   0
  HTTP flood events:  0
  ICMP flood events:  0
  DNS amp events:     0
  NTP amp events:     0
  SNMP amp events:    0
  SSDP events:        0
  PortMap events:     0
  NetBIOS events:     0
  LDAP events:        0
  MSSQL events:       0
  TFTP events:        0
  ACK flood events:   0
  Frag attack events: 0
  Heavy-hitter events:2496 (OctoSketch per-IP detection)
  Packet flood events:0
  (Note: Events count IPs exceeding thresholds per 50ms window)

[ALERT STATUS]
  Alert level:        [1;31mHIGH[0m
  Reason:             [1;31mHEAVY-HITTER: 10.10.3.31 @ 27483 pps | TREND: attack rising (+1431976/250ms) | [0m

[MULTI-LF (2025) COMPARISON]
=== Detection Performance vs ML-Based System ===

  First Detection Latency:   1606.50 ms (vs MULTI-LF: 866 ms)
    Improvement:             0.5× faster

  Packets until detection:   874838481
  Bytes until detection:     111437274657 (106274.87 MB)

[OCTOSKETCH METRICS - Optimized Architecture]
=== Per-Worker Sketches + Sampling (1/32 packets) ===

  Architecture:              Per-worker (NO atomics, NO contention)
  Total sketch memory:       8961 KB (14 workers × 640.1 KB)
  Sampling rate:             1 in 32 packets (3.1% overhead)
  Attack traffic sampled:    25673728 updates
  Estimated attack packets:  821559296 (×32 sampling factor)
  Sketch overhead:           ~1.56% of fast-path cycles
  Memory efficiency:         O(1) constant, 640.1 KB per worker

[OCTOSKETCH HEAVY-HITTER DETECTION]
=== Top Attackers (per-IP tracking via Count-Min Sketch) ===

  Heavy-hitter threshold:    5000 pps per IP
  Heavy-hitters detected:    5 IPs exceeding threshold
  Total HH detections:       2496 events

  Top 5 Attackers (estimated counts, ×32 sampling):
    #1: 10.10.3.31 - 133152 pkts (26594 pps) [HEAVY-HITTER]
    #2: 10.10.3.162 - 132928 pkts (26550 pps) [HEAVY-HITTER]
    #3: 10.10.3.156 - 132896 pkts (26543 pps) [HEAVY-HITTER]
    #4: 10.10.3.67 - 132608 pkts (26486 pps) [HEAVY-HITTER]
    #5: 10.10.3.120 - 132480 pkts (26460 pps) [HEAVY-HITTER]

[RING BUFFER + MULTI-SCALE FEATURES]
=== Temporal Analysis (last 100 windows = 5.0 sec) ===

  Windows processed:         4645
  Buffer utilization:        100/100 (100.0%)
  Running baseline (ML):     15864835 pps (for ML features only)
  Detection mode:            FIXED THRESHOLDS

  [Temporal Features - Last Window]
    Delta PPS (250ms):       +1431976
    Delta PPS (500ms):       +2858526
    PPS Variance:            2711577952256
    Ratio vs Baseline:       1.79x

  [Multi-Scale Features]
    Top IP (50ms):           383 pps
    Top IP (1s):             8320 pps
    Top IP (1min):           25420 pps
    Burst Ratio (50ms/1min): 0.02x
    IP Concentration:        0.7%

[MULTIPLE DETECTION STATISTICS]
=== Aggregate Detection Analysis ===

  Total detection events:    1656
  Average detection latency: 55.34 ms
  Min detection latency:     53.72 ms
  Max detection latency:     1606.50 ms
  Latency range:             1552.78 ms

  Detection Latency Histogram:
    < 20 ms:  0 detections (0.0%)
    20-30 ms: 0 detections (0.0%)
    30-40 ms: 0 detections (0.0%)
    40-50 ms: 0 detections (0.0%)
    > 50 ms:  1655 detections (99.9%)

[PERFORMANCE METRICS]
  Throughput:         18.54 Gbps (11.41 Mpps)
  Cycles available:   262 cycles/pkt (lower = higher load)
  Active IPs:         0
  Worker threads:     14 (lcores 1-14)

[DPDK NIC STATISTICS]
  RX packets (NIC):   2672149457
  RX dropped (HW):    [0m0[0m (imissed)
  RX no mbufs:        [0m0[0m (buffer exhaustion)
  RX errors:          0
  Total drops:        [0m0 (0.00%)[0m
  RX burst calls:     47085915747 (96.5% empty)
  Processed pkts:     2672153981 (100.0% of NIC RX)


╔═══════════════════════════════════════════════════════════════════════╗
║          MIRA DDoS DETECTOR - STATISTICS (MULTI-CORE)                ║
╚═══════════════════════════════════════════════════════════════════════╝

[PACKET COUNTERS - GLOBAL]
  Total packets:      2738240045
  Baseline (10.10.2.x): 1260791889 (46.0%)
  Attack (10.10.3.x): 750851213 (27.4%)
  TCP packets:        1309596763
  UDP packets:        1318107179
  ICMP packets:       110536103

[INSTANTANEOUS TRAFFIC - Last 5.0 seconds]
  Baseline (10.10.2.x): 26828314 pkts (50.3%)  3030569449 bytes  4.84 Gbps
  Attack (10.10.3.x): 26542938 pkts (49.7%)  9373818177 bytes  14.98 Gbps
  Total throughput:   19.83 Gbps  (avg pkt: 232 bytes)

[CUMULATIVE TRAFFIC - Since first packet (244.4s)]
  Total received:     2738240045 pkts (11.21 Mpps) | 16.01 Gbps | 489106324233 bytes

[ATTACK-SPECIFIC COUNTERS]
  SYN packets:        351120456
  SYN-ACK packets:    175560057
  SYN/ACK ratio:      2.00
  HTTP requests:      640600803
  DNS queries:        239535732

[PROTOCOL-SPECIFIC COUNTERS - CIC-DDoS-2019 Features]
  NTP Amplification:
    Monlist queries:  1653
    Responses:        0  (avg size: 0 bytes)
  DNS Amplification:
    ANY queries:      0
    TXT queries:      0
    Responses:        239534724  (avg size: 108 bytes)
  SNMP Amplification:
    GetBulk requests: 0
    Responses:        0  (avg size: 0 bytes)
  SSDP:
    M-SEARCH packets: 0
    Responses:        11646
  PortMapper:
    GETPORT calls:    11488
    DUMP calls:       0
  NetBIOS:
    Name queries:     12788
    Datagram packets: 11507
  LDAP:
    Bind requests:    0
    Search requests:  11639
  MSSQL:
    SQLBatch packets: 11208
    RPC packets:      0
  TFTP:
    RRQ (read) pkts:  0
    WRQ (write) pkts: 0

[ATTACK DETECTIONS - Cumulative Events]
  UDP flood events:   1656
  UDP-lag events:     19
  SYN flood events:   0
  HTTP flood events:  0
  ICMP flood events:  0
  DNS amp events:     0
  NTP amp events:     0
  SNMP amp events:    0
  SSDP events:        0
  PortMap events:     0
  NetBIOS events:     0
  LDAP events:        0
  MSSQL events:       0
  TFTP events:        0
  ACK flood events:   0
  Frag attack events: 0
  Heavy-hitter events:2588 (OctoSketch per-IP detection)
  Packet flood events:0
  (Note: Events count IPs exceeding thresholds per 50ms window)

[ALERT STATUS]
  Alert level:        [1;31mHIGH[0m
  Reason:             [1;31mHEAVY-HITTER: 10.10.3.22 @ 27652 pps | TREND: attack rising (+1426506/250ms) | [0m

[MULTI-LF (2025) COMPARISON]
=== Detection Performance vs ML-Based System ===

  First Detection Latency:   1606.50 ms (vs MULTI-LF: 866 ms)
    Improvement:             0.5× faster

  Packets until detection:   874838481
  Bytes until detection:     111437274657 (106274.87 MB)

[OCTOSKETCH METRICS - Optimized Architecture]
=== Per-Worker Sketches + Sampling (1/32 packets) ===

  Architecture:              Per-worker (NO atomics, NO contention)
  Total sketch memory:       8961 KB (14 workers × 640.1 KB)
  Sampling rate:             1 in 32 packets (3.1% overhead)
  Attack traffic sampled:    25664064 updates
  Estimated attack packets:  821250048 (×32 sampling factor)
  Sketch overhead:           ~1.56% of fast-path cycles
  Memory efficiency:         O(1) constant, 640.1 KB per worker

[OCTOSKETCH HEAVY-HITTER DETECTION]
=== Top Attackers (per-IP tracking via Count-Min Sketch) ===

  Heavy-hitter threshold:    5000 pps per IP
  Heavy-hitters detected:    5 IPs exceeding threshold
  Total HH detections:       2588 events

  Top 5 Attackers (estimated counts, ×32 sampling):
    #1: 10.10.3.22 - 133920 pkts (26758 pps) [HEAVY-HITTER]
    #2: 10.10.3.160 - 133472 pkts (26668 pps) [HEAVY-HITTER]
    #3: 10.10.3.67 - 132960 pkts (26566 pps) [HEAVY-HITTER]
    #4: 10.10.3.52 - 132224 pkts (26419 pps) [HEAVY-HITTER]
    #5: 10.10.3.137 - 132224 pkts (26419 pps) [HEAVY-HITTER]

[RING BUFFER + MULTI-SCALE FEATURES]
=== Temporal Analysis (last 100 windows = 5.0 sec) ===

  Windows processed:         4737
  Buffer utilization:        100/100 (100.0%)
  Running baseline (ML):     14311463 pps (for ML features only)
  Detection mode:            FIXED THRESHOLDS

  [Temporal Features - Last Window]
    Delta PPS (250ms):       +1426506
    Delta PPS (500ms):       +2852592
    PPS Variance:            2711725277184
    Ratio vs Baseline:       1.85x

  [Multi-Scale Features]
    Top IP (50ms):           403 pps
    Top IP (1s):             27040 pps
    Top IP (1min):           27668 pps
    Burst Ratio (50ms/1min): 0.01x
    IP Concentration:        0.7%

[MULTIPLE DETECTION STATISTICS]
=== Aggregate Detection Analysis ===

  Total detection events:    1656
  Average detection latency: 55.34 ms
  Min detection latency:     53.72 ms
  Max detection latency:     1606.50 ms
  Latency range:             1552.78 ms

  Detection Latency Histogram:
    < 20 ms:  0 detections (0.0%)
    20-30 ms: 0 detections (0.0%)
    30-40 ms: 0 detections (0.0%)
    40-50 ms: 0 detections (0.0%)
    > 50 ms:  1655 detections (99.9%)

[PERFORMANCE METRICS]
  Throughput:         19.83 Gbps (10.66 Mpps)
  Cycles available:   280 cycles/pkt (lower = higher load)
  Active IPs:         0
  Worker threads:     14 (lcores 1-14)

[DPDK NIC STATISTICS]
  RX packets (NIC):   2738235468
  RX dropped (HW):    [0m0[0m (imissed)
  RX no mbufs:        [0m0[0m (buffer exhaustion)
  RX errors:          0
  Total drops:        [0m0 (0.00%)[0m
  RX burst calls:     47736843074 (96.5% empty)
  Processed pkts:     2738240045 (100.0% of NIC RX)


╔═══════════════════════════════════════════════════════════════════════╗
║          MIRA DDoS DETECTOR - STATISTICS (MULTI-CORE)                ║
╚═══════════════════════════════════════════════════════════════════════╝

[PACKET COUNTERS - GLOBAL]
  Total packets:      2804319024
  Baseline (10.10.2.x): 1287607007 (45.9%)
  Attack (10.10.3.x): 777404725 (27.7%)
  TCP packets:        1339240946
  UDP packets:        1352341401
  ICMP packets:       112736677

[INSTANTANEOUS TRAFFIC - Last 5.0 seconds]
  Baseline (10.10.2.x): 28698835 pkts (51.9%)  2655465669 bytes  4.24 Gbps
  Attack (10.10.3.x): 26553122 pkts (48.1%)  10609261802 bytes  16.95 Gbps
  Total throughput:   21.19 Gbps  (avg pkt: 240 bytes)

[CUMULATIVE TRAFFIC - Since first packet (249.4s)]
  Total received:     2804319024 pkts (11.25 Mpps) | 16.13 Gbps | 502658526267 bytes

[ATTACK-SPECIFIC COUNTERS]
  SYN packets:        359519707
  SYN-ACK packets:    179759681
  SYN/ACK ratio:      2.00
  HTTP requests:      651717379
  DNS queries:        242499768

[PROTOCOL-SPECIFIC COUNTERS - CIC-DDoS-2019 Features]
  NTP Amplification:
    Monlist queries:  1712
    Responses:        0  (avg size: 0 bytes)
  DNS Amplification:
    ANY queries:      0
    TXT queries:      0
    Responses:        242498715  (avg size: 108 bytes)
  SNMP Amplification:
    GetBulk requests: 0
    Responses:        0  (avg size: 0 bytes)
  SSDP:
    M-SEARCH packets: 0
    Responses:        12064
  PortMapper:
    GETPORT calls:    11886
    DUMP calls:       0
  NetBIOS:
    Name queries:     13247
    Datagram packets: 11926
  LDAP:
    Bind requests:    0
    Search requests:  12049
  MSSQL:
    SQLBatch packets: 11590
    RPC packets:      0
  TFTP:
    RRQ (read) pkts:  0
    WRQ (write) pkts: 0

[ATTACK DETECTIONS - Cumulative Events]
  UDP flood events:   1656
  UDP-lag events:     19
  SYN flood events:   0
  HTTP flood events:  0
  ICMP flood events:  0
  DNS amp events:     0
  NTP amp events:     0
  SNMP amp events:    0
  SSDP events:        0
  PortMap events:     0
  NetBIOS events:     0
  LDAP events:        0
  MSSQL events:       0
  TFTP events:        0
  ACK flood events:   0
  Frag attack events: 0
  Heavy-hitter events:2680 (OctoSketch per-IP detection)
  Packet flood events:0
  (Note: Events count IPs exceeding thresholds per 50ms window)

[ALERT STATUS]
  Alert level:        [1;31mHIGH[0m
  Reason:             [1;31mHEAVY-HITTER: 10.10.3.81 @ 27580 pps | TREND: attack rising (+1426744/250ms) | [0m

[MULTI-LF (2025) COMPARISON]
=== Detection Performance vs ML-Based System ===

  First Detection Latency:   1606.50 ms (vs MULTI-LF: 866 ms)
    Improvement:             0.5× faster

  Packets until detection:   874838481
  Bytes until detection:     111437274657 (106274.87 MB)

[OCTOSKETCH METRICS - Optimized Architecture]
=== Per-Worker Sketches + Sampling (1/32 packets) ===

  Architecture:              Per-worker (NO atomics, NO contention)
  Total sketch memory:       8961 KB (14 workers × 640.1 KB)
  Sampling rate:             1 in 32 packets (3.1% overhead)
  Attack traffic sampled:    25670176 updates
  Estimated attack packets:  821445632 (×32 sampling factor)
  Sketch overhead:           ~1.56% of fast-path cycles
  Memory efficiency:         O(1) constant, 640.1 KB per worker

[OCTOSKETCH HEAVY-HITTER DETECTION]
=== Top Attackers (per-IP tracking via Count-Min Sketch) ===

  Heavy-hitter threshold:    5000 pps per IP
  Heavy-hitters detected:    5 IPs exceeding threshold
  Total HH detections:       2680 events

  Top 5 Attackers (estimated counts, ×32 sampling):
    #1: 10.10.3.81 - 133632 pkts (26689 pps) [HEAVY-HITTER]
    #2: 10.10.3.17 - 133152 pkts (26593 pps) [HEAVY-HITTER]
    #3: 10.10.3.153 - 132800 pkts (26522 pps) [HEAVY-HITTER]
    #4: 10.10.3.148 - 132672 pkts (26497 pps) [HEAVY-HITTER]
    #5: 10.10.3.79 - 132544 pkts (26471 pps) [HEAVY-HITTER]

[RING BUFFER + MULTI-SCALE FEATURES]
=== Temporal Analysis (last 100 windows = 5.0 sec) ===

  Windows processed:         4829
  Buffer utilization:        100/100 (100.0%)
  Running baseline (ML):     14165104 pps (for ML features only)
  Detection mode:            FIXED THRESHOLDS

  [Temporal Features - Last Window]
    Delta PPS (250ms):       +1426744
    Delta PPS (500ms):       +2857428
    PPS Variance:            2713191972864
    Ratio vs Baseline:       1.87x

  [Multi-Scale Features]
    Top IP (50ms):           403 pps
    Top IP (1s):             14592 pps
    Top IP (1min):           739 pps
    Burst Ratio (50ms/1min): 0.55x
    IP Concentration:        0.7%

[MULTIPLE DETECTION STATISTICS]
=== Aggregate Detection Analysis ===

  Total detection events:    1656
  Average detection latency: 55.34 ms
  Min detection latency:     53.72 ms
  Max detection latency:     1606.50 ms
  Latency range:             1552.78 ms

  Detection Latency Histogram:
    < 20 ms:  0 detections (0.0%)
    20-30 ms: 0 detections (0.0%)
    30-40 ms: 0 detections (0.0%)
    40-50 ms: 0 detections (0.0%)
    > 50 ms:  1655 detections (99.9%)

[PERFORMANCE METRICS]
  Throughput:         21.19 Gbps (11.03 Mpps)
  Cycles available:   271 cycles/pkt (lower = higher load)
  Active IPs:         0
  Worker threads:     14 (lcores 1-14)

[DPDK NIC STATISTICS]
  RX packets (NIC):   2804314210
  RX dropped (HW):    [0m0[0m (imissed)
  RX no mbufs:        [0m0[0m (buffer exhaustion)
  RX errors:          0
  Total drops:        [0m0 (0.00%)[0m
  RX burst calls:     48392198408 (96.4% empty)
  Processed pkts:     2804319024 (100.0% of NIC RX)


╔═══════════════════════════════════════════════════════════════════════╗
║          MIRA DDoS DETECTOR - STATISTICS (MULTI-CORE)                ║
╚═══════════════════════════════════════════════════════════════════════╝

[PACKET COUNTERS - GLOBAL]
  Total packets:      2870437771
  Baseline (10.10.2.x): 1314448682 (45.8%)
  Attack (10.10.3.x): 803959228 (28.0%)
  TCP packets:        1368917179
  UDP packets:        1386582745
  ICMP packets:       114937847

[INSTANTANEOUS TRAFFIC - Last 5.0 seconds]
  Baseline (10.10.2.x): 26841213 pkts (50.3%)  2658080032 bytes  4.25 Gbps
  Attack (10.10.3.x): 26554030 pkts (49.7%)  8762410948 bytes  14.00 Gbps
  Total throughput:   18.25 Gbps  (avg pkt: 214 bytes)

[CUMULATIVE TRAFFIC - Since first packet (254.4s)]
  Total received:     2870437771 pkts (11.28 Mpps) | 16.24 Gbps | 516216188168 bytes

[ATTACK-SPECIFIC COUNTERS]
  SYN packets:        367927786
  SYN-ACK packets:    183963707
  SYN/ACK ratio:      2.00
  HTTP requests:      662847515
  DNS queries:        245465888

[PROTOCOL-SPECIFIC COUNTERS - CIC-DDoS-2019 Features]
  NTP Amplification:
    Monlist queries:  1769
    Responses:        0  (avg size: 0 bytes)
  DNS Amplification:
    ANY queries:      0
    TXT queries:      0
    Responses:        245464804  (avg size: 108 bytes)
  SNMP Amplification:
    GetBulk requests: 0
    Responses:        0  (avg size: 0 bytes)
  SSDP:
    M-SEARCH packets: 0
    Responses:        12451
  PortMapper:
    GETPORT calls:    12282
    DUMP calls:       0
  NetBIOS:
    Name queries:     13707
    Datagram packets: 12329
  LDAP:
    Bind requests:    0
    Search requests:  12456
  MSSQL:
    SQLBatch packets: 11986
    RPC packets:      0
  TFTP:
    RRQ (read) pkts:  0
    WRQ (write) pkts: 0

[ATTACK DETECTIONS - Cumulative Events]
  UDP flood events:   1656
  UDP-lag events:     19
  SYN flood events:   0
  HTTP flood events:  0
  ICMP flood events:  0
  DNS amp events:     0
  NTP amp events:     0
  SNMP amp events:    0
  SSDP events:        0
  PortMap events:     0
  NetBIOS events:     0
  LDAP events:        0
  MSSQL events:       0
  TFTP events:        0
  ACK flood events:   0
  Frag attack events: 0
  Heavy-hitter events:2772 (OctoSketch per-IP detection)
  Packet flood events:0
  (Note: Events count IPs exceeding thresholds per 50ms window)

[ALERT STATUS]
  Alert level:        [1;31mHIGH[0m
  Reason:             [1;31mHEAVY-HITTER: 10.10.3.123 @ 27817 pps | TREND: attack rising (+1431062/250ms) | [0m

[MULTI-LF (2025) COMPARISON]
=== Detection Performance vs ML-Based System ===

  First Detection Latency:   1606.50 ms (vs MULTI-LF: 866 ms)
    Improvement:             0.5× faster

  Packets until detection:   874838481
  Bytes until detection:     111437274657 (106274.87 MB)

[OCTOSKETCH METRICS - Optimized Architecture]
=== Per-Worker Sketches + Sampling (1/32 packets) ===

  Architecture:              Per-worker (NO atomics, NO contention)
  Total sketch memory:       8961 KB (14 workers × 640.1 KB)
  Sampling rate:             1 in 32 packets (3.1% overhead)
  Attack traffic sampled:    25675104 updates
  Estimated attack packets:  821603328 (×32 sampling factor)
  Sketch overhead:           ~1.56% of fast-path cycles
  Memory efficiency:         O(1) constant, 640.1 KB per worker

[OCTOSKETCH HEAVY-HITTER DETECTION]
=== Top Attackers (per-IP tracking via Count-Min Sketch) ===

  Heavy-hitter threshold:    5000 pps per IP
  Heavy-hitters detected:    5 IPs exceeding threshold
  Total HH detections:       2772 events

  Top 5 Attackers (estimated counts, ×32 sampling):
    #1: 10.10.3.123 - 134784 pkts (26917 pps) [HEAVY-HITTER]
    #2: 10.10.3.55 - 133856 pkts (26732 pps) [HEAVY-HITTER]
    #3: 10.10.3.168 - 133408 pkts (26642 pps) [HEAVY-HITTER]
    #4: 10.10.3.143 - 132928 pkts (26547 pps) [HEAVY-HITTER]
    #5: 10.10.3.125 - 132320 pkts (26425 pps) [HEAVY-HITTER]

[RING BUFFER + MULTI-SCALE FEATURES]
=== Temporal Analysis (last 100 windows = 5.0 sec) ===

  Windows processed:         4921
  Buffer utilization:        100/100 (100.0%)
  Running baseline (ML):     14167297 pps (for ML features only)
  Detection mode:            FIXED THRESHOLDS

  [Temporal Features - Last Window]
    Delta PPS (250ms):       +1431062
    Delta PPS (500ms):       +2857074
    PPS Variance:            2706571788288
    Ratio vs Baseline:       1.87x

  [Multi-Scale Features]
    Top IP (50ms):           403 pps
    Top IP (1s):             1984 pps
    Top IP (1min):           3010 pps
    Burst Ratio (50ms/1min): 0.13x
    IP Concentration:        0.7%

[MULTIPLE DETECTION STATISTICS]
=== Aggregate Detection Analysis ===

  Total detection events:    1656
  Average detection latency: 55.34 ms
  Min detection latency:     53.72 ms
  Max detection latency:     1606.50 ms
  Latency range:             1552.78 ms

  Detection Latency Histogram:
    < 20 ms:  0 detections (0.0%)
    20-30 ms: 0 detections (0.0%)
    30-40 ms: 0 detections (0.0%)
    40-50 ms: 0 detections (0.0%)
    > 50 ms:  1655 detections (99.9%)

[PERFORMANCE METRICS]
  Throughput:         18.25 Gbps (10.66 Mpps)
  Cycles available:   280 cycles/pkt (lower = higher load)
  Active IPs:         0
  Worker threads:     14 (lcores 1-14)

[DPDK NIC STATISTICS]
  RX packets (NIC):   2870433249
  RX dropped (HW):    [0m0[0m (imissed)
  RX no mbufs:        [0m0[0m (buffer exhaustion)
  RX errors:          0
  Total drops:        [0m0 (0.00%)[0m
  RX burst calls:     49046556779 (96.4% empty)
  Processed pkts:     2870437771 (100.0% of NIC RX)


╔═══════════════════════════════════════════════════════════════════════╗
║          MIRA DDoS DETECTOR - STATISTICS (MULTI-CORE)                ║
╚═══════════════════════════════════════════════════════════════════════╝

[PACKET COUNTERS - GLOBAL]
  Total packets:      2936524772
  Baseline (10.10.2.x): 1341273865 (45.7%)
  Attack (10.10.3.x): 830509179 (28.3%)
  TCP packets:        1398571952
  UDP packets:        1420817173
  ICMP packets:       117135647

[INSTANTANEOUS TRAFFIC - Last 5.0 seconds]
  Baseline (10.10.2.x): 26824637 pkts (50.3%)  2657010304 bytes  4.25 Gbps
  Attack (10.10.3.x): 26549559 pkts (49.7%)  8760611214 bytes  14.00 Gbps
  Total throughput:   18.24 Gbps  (avg pkt: 214 bytes)

[CUMULATIVE TRAFFIC - Since first packet (259.4s)]
  Total received:     2936524772 pkts (11.32 Mpps) | 16.34 Gbps | 529769043740 bytes

[ATTACK-SPECIFIC COUNTERS]
  SYN packets:        376329907
  SYN-ACK packets:    188164784
  SYN/ACK ratio:      2.00
  HTTP requests:      673968735
  DNS queries:        248429509

[PROTOCOL-SPECIFIC COUNTERS - CIC-DDoS-2019 Features]
  NTP Amplification:
    Monlist queries:  1828
    Responses:        0  (avg size: 0 bytes)
  DNS Amplification:
    ANY queries:      0
    TXT queries:      0
    Responses:        248428416  (avg size: 108 bytes)
  SNMP Amplification:
    GetBulk requests: 0
    Responses:        0  (avg size: 0 bytes)
  SSDP:
    M-SEARCH packets: 0
    Responses:        12877
  PortMapper:
    GETPORT calls:    12707
    DUMP calls:       0
  NetBIOS:
    Name queries:     14148
    Datagram packets: 12730
  LDAP:
    Bind requests:    0
    Search requests:  12877
  MSSQL:
    SQLBatch packets: 12396
    RPC packets:      0
  TFTP:
    RRQ (read) pkts:  0
    WRQ (write) pkts: 0

[ATTACK DETECTIONS - Cumulative Events]
  UDP flood events:   1656
  UDP-lag events:     19
  SYN flood events:   0
  HTTP flood events:  0
  ICMP flood events:  0
  DNS amp events:     0
  NTP amp events:     0
  SNMP amp events:    0
  SSDP events:        0
  PortMap events:     0
  NetBIOS events:     0
  LDAP events:        0
  MSSQL events:       0
  TFTP events:        0
  ACK flood events:   0
  Frag attack events: 0
  Heavy-hitter events:2864 (OctoSketch per-IP detection)
  Packet flood events:0
  (Note: Events count IPs exceeding thresholds per 50ms window)

[ALERT STATUS]
  Alert level:        [1;31mHIGH[0m
  Reason:             [1;31mHEAVY-HITTER: 10.10.3.102 @ 27901 pps | TREND: attack rising (+1426450/250ms) | [0m

[MULTI-LF (2025) COMPARISON]
=== Detection Performance vs ML-Based System ===

  First Detection Latency:   1606.50 ms (vs MULTI-LF: 866 ms)
    Improvement:             0.5× faster

  Packets until detection:   874838481
  Bytes until detection:     111437274657 (106274.87 MB)

[OCTOSKETCH METRICS - Optimized Architecture]
=== Per-Worker Sketches + Sampling (1/32 packets) ===

  Architecture:              Per-worker (NO atomics, NO contention)
  Total sketch memory:       8961 KB (14 workers × 640.1 KB)
  Sampling rate:             1 in 32 packets (3.1% overhead)
  Attack traffic sampled:    25670624 updates
  Estimated attack packets:  821459968 (×32 sampling factor)
  Sketch overhead:           ~1.56% of fast-path cycles
  Memory efficiency:         O(1) constant, 640.1 KB per worker

[OCTOSKETCH HEAVY-HITTER DETECTION]
=== Top Attackers (per-IP tracking via Count-Min Sketch) ===

  Heavy-hitter threshold:    5000 pps per IP
  Heavy-hitters detected:    5 IPs exceeding threshold
  Total HH detections:       2864 events

  Top 5 Attackers (estimated counts, ×32 sampling):
    #1: 10.10.3.102 - 135168 pkts (26999 pps) [HEAVY-HITTER]
    #2: 10.10.3.79 - 133024 pkts (26571 pps) [HEAVY-HITTER]
    #3: 10.10.3.44 - 132992 pkts (26564 pps) [HEAVY-HITTER]
    #4: 10.10.3.103 - 132736 pkts (26513 pps) [HEAVY-HITTER]
    #5: 10.10.3.81 - 132288 pkts (26424 pps) [HEAVY-HITTER]

[RING BUFFER + MULTI-SCALE FEATURES]
=== Temporal Analysis (last 100 windows = 5.0 sec) ===

  Windows processed:         5013
  Buffer utilization:        100/100 (100.0%)
  Running baseline (ML):     14163694 pps (for ML features only)
  Detection mode:            FIXED THRESHOLDS

  [Temporal Features - Last Window]
    Delta PPS (250ms):       +1426450
    Delta PPS (500ms):       +2853028
    PPS Variance:            2719445417984
    Ratio vs Baseline:       1.87x

  [Multi-Scale Features]
    Top IP (50ms):           403 pps
    Top IP (1s):             21760 pps
    Top IP (1min):           5268 pps
    Burst Ratio (50ms/1min): 0.08x
    IP Concentration:        0.7%

[MULTIPLE DETECTION STATISTICS]
=== Aggregate Detection Analysis ===

  Total detection events:    1656
  Average detection latency: 55.34 ms
  Min detection latency:     53.72 ms
  Max detection latency:     1606.50 ms
  Latency range:             1552.78 ms

  Detection Latency Histogram:
    < 20 ms:  0 detections (0.0%)
    20-30 ms: 0 detections (0.0%)
    30-40 ms: 0 detections (0.0%)
    40-50 ms: 0 detections (0.0%)
    > 50 ms:  1655 detections (99.9%)

[PERFORMANCE METRICS]
  Throughput:         18.24 Gbps (10.66 Mpps)
  Cycles available:   280 cycles/pkt (lower = higher load)
  Active IPs:         0
  Worker threads:     14 (lcores 1-14)

[DPDK NIC STATISTICS]
  RX packets (NIC):   2936520302
  RX dropped (HW):    [0m0[0m (imissed)
  RX no mbufs:        [0m0[0m (buffer exhaustion)
  RX errors:          0
  Total drops:        [0m0 (0.00%)[0m
  RX burst calls:     49702968549 (96.4% empty)
  Processed pkts:     2936524772 (100.0% of NIC RX)


╔═══════════════════════════════════════════════════════════════════════╗
║          MIRA DDoS DETECTOR - STATISTICS (MULTI-CORE)                ║
╚═══════════════════════════════════════════════════════════════════════╝

[PACKET COUNTERS - GLOBAL]
  Total packets:      3002622798
  Baseline (10.10.2.x): 1368106821 (45.6%)
  Attack (10.10.3.x): 857056583 (28.5%)
  TCP packets:        1428235962
  UDP packets:        1455048879
  ICMP packets:       119337957

[INSTANTANEOUS TRAFFIC - Last 5.0 seconds]
  Baseline (10.10.2.x): 28740188 pkts (52.0%)  2847309141 bytes  4.55 Gbps
  Attack (10.10.3.x): 26547012 pkts (48.0%)  8759786062 bytes  14.00 Gbps
  Total throughput:   18.55 Gbps  (avg pkt: 210 bytes)

[CUMULATIVE TRAFFIC - Since first packet (264.4s)]
  Total received:     3002622798 pkts (11.36 Mpps) | 16.44 Gbps | 543322374753 bytes

[ATTACK-SPECIFIC COUNTERS]
  SYN packets:        384734700
  SYN-ACK packets:    192367160
  SYN/ACK ratio:      2.00
  HTTP requests:      685092955
  DNS queries:        251394188

[PROTOCOL-SPECIFIC COUNTERS - CIC-DDoS-2019 Features]
  NTP Amplification:
    Monlist queries:  1887
    Responses:        0  (avg size: 0 bytes)
  DNS Amplification:
    ANY queries:      0
    TXT queries:      0
    Responses:        251393044  (avg size: 108 bytes)
  SNMP Amplification:
    GetBulk requests: 0
    Responses:        0  (avg size: 0 bytes)
  SSDP:
    M-SEARCH packets: 0
    Responses:        13302
  PortMapper:
    GETPORT calls:    13106
    DUMP calls:       0
  NetBIOS:
    Name queries:     14606
    Datagram packets: 13144
  LDAP:
    Bind requests:    0
    Search requests:  13284
  MSSQL:
    SQLBatch packets: 12777
    RPC packets:      0
  TFTP:
    RRQ (read) pkts:  0
    WRQ (write) pkts: 0

[ATTACK DETECTIONS - Cumulative Events]
  UDP flood events:   1656
  UDP-lag events:     19
  SYN flood events:   0
  HTTP flood events:  0
  ICMP flood events:  0
  DNS amp events:     0
  NTP amp events:     0
  SNMP amp events:    0
  SSDP events:        0
  PortMap events:     0
  NetBIOS events:     0
  LDAP events:        0
  MSSQL events:       0
  TFTP events:        0
  ACK flood events:   0
  Frag attack events: 0
  Heavy-hitter events:2956 (OctoSketch per-IP detection)
  Packet flood events:0
  (Note: Events count IPs exceeding thresholds per 50ms window)

[ALERT STATUS]
  Alert level:        [1;31mHIGH[0m
  Reason:             [1;31mHEAVY-HITTER: 10.10.3.143 @ 27694 pps | TREND: attack rising (+1432110/250ms) | [0m

[MULTI-LF (2025) COMPARISON]
=== Detection Performance vs ML-Based System ===

  First Detection Latency:   1606.50 ms (vs MULTI-LF: 866 ms)
    Improvement:             0.5× faster

  Packets until detection:   874838481
  Bytes until detection:     111437274657 (106274.87 MB)

[OCTOSKETCH METRICS - Optimized Architecture]
=== Per-Worker Sketches + Sampling (1/32 packets) ===

  Architecture:              Per-worker (NO atomics, NO contention)
  Total sketch memory:       8961 KB (14 workers × 640.1 KB)
  Sampling rate:             1 in 32 packets (3.1% overhead)
  Attack traffic sampled:    25668256 updates
  Estimated attack packets:  821384192 (×32 sampling factor)
  Sketch overhead:           ~1.56% of fast-path cycles
  Memory efficiency:         O(1) constant, 640.1 KB per worker

[OCTOSKETCH HEAVY-HITTER DETECTION]
=== Top Attackers (per-IP tracking via Count-Min Sketch) ===

  Heavy-hitter threshold:    5000 pps per IP
  Heavy-hitters detected:    5 IPs exceeding threshold
  Total HH detections:       2956 events

  Top 5 Attackers (estimated counts, ×32 sampling):
    #1: 10.10.3.143 - 134144 pkts (26798 pps) [HEAVY-HITTER]
    #2: 10.10.3.57 - 133376 pkts (26645 pps) [HEAVY-HITTER]
    #3: 10.10.3.67 - 132672 pkts (26504 pps) [HEAVY-HITTER]
    #4: 10.10.3.15 - 132256 pkts (26421 pps) [HEAVY-HITTER]
    #5: 10.10.3.51 - 132128 pkts (26395 pps) [HEAVY-HITTER]

[RING BUFFER + MULTI-SCALE FEATURES]
=== Temporal Analysis (last 100 windows = 5.0 sec) ===

  Windows processed:         5105
  Buffer utilization:        100/100 (100.0%)
  Running baseline (ML):     14163358 pps (for ML features only)
  Detection mode:            FIXED THRESHOLDS

  [Temporal Features - Last Window]
    Delta PPS (250ms):       +1432110
    Delta PPS (500ms):       +2858462
    PPS Variance:            2711883350016
    Ratio vs Baseline:       1.87x

  [Multi-Scale Features]
    Top IP (50ms):           436 pps
    Top IP (1s):             8320 pps
    Top IP (1min):           7519 pps
    Burst Ratio (50ms/1min): 0.06x
    IP Concentration:        0.8%

[MULTIPLE DETECTION STATISTICS]
=== Aggregate Detection Analysis ===

  Total detection events:    1656
  Average detection latency: 55.34 ms
  Min detection latency:     53.72 ms
  Max detection latency:     1606.50 ms
  Latency range:             1552.78 ms

  Detection Latency Histogram:
    < 20 ms:  0 detections (0.0%)
    20-30 ms: 0 detections (0.0%)
    30-40 ms: 0 detections (0.0%)
    40-50 ms: 0 detections (0.0%)
    > 50 ms:  1655 detections (99.9%)

[PERFORMANCE METRICS]
  Throughput:         18.55 Gbps (11.04 Mpps)
  Cycles available:   271 cycles/pkt (lower = higher load)
  Active IPs:         0
  Worker threads:     14 (lcores 1-14)

[DPDK NIC STATISTICS]
  RX packets (NIC):   3002618010
  RX dropped (HW):    [0m0[0m (imissed)
  RX no mbufs:        [0m0[0m (buffer exhaustion)
  RX errors:          0
  Total drops:        [0m0 (0.00%)[0m
  RX burst calls:     50355476455 (96.3% empty)
  Processed pkts:     3002622798 (100.0% of NIC RX)


╔═══════════════════════════════════════════════════════════════════════╗
║          MIRA DDoS DETECTOR - STATISTICS (MULTI-CORE)                ║
╚═══════════════════════════════════════════════════════════════════════╝

[PACKET COUNTERS - GLOBAL]
  Total packets:      3068738627
  Baseline (10.10.2.x): 1394944797 (45.5%)
  Attack (10.10.3.x): 883613645 (28.8%)
  TCP packets:        1457900619
  UDP packets:        1489297729
  ICMP packets:       121540279

[INSTANTANEOUS TRAFFIC - Last 5.0 seconds]
  Baseline (10.10.2.x): 28799539 pkts (52.0%)  2657948214 bytes  4.25 Gbps
  Attack (10.10.3.x): 26556612 pkts (48.0%)  8763351873 bytes  14.00 Gbps
  Total throughput:   18.25 Gbps  (avg pkt: 206 bytes)

[CUMULATIVE TRAFFIC - Since first packet (269.4s)]
  Total received:     3068738627 pkts (11.39 Mpps) | 16.54 Gbps | 556879842301 bytes

[ATTACK-SPECIFIC COUNTERS]
  SYN packets:        393140122
  SYN-ACK packets:    196569866
  SYN/ACK ratio:      2.00
  HTTP requests:      696214316
  DNS queries:        254362799

[PROTOCOL-SPECIFIC COUNTERS - CIC-DDoS-2019 Features]
  NTP Amplification:
    Monlist queries:  1945
    Responses:        0  (avg size: 0 bytes)
  DNS Amplification:
    ANY queries:      0
    TXT queries:      0
    Responses:        254361631  (avg size: 108 bytes)
  SNMP Amplification:
    GetBulk requests: 0
    Responses:        0  (avg size: 0 bytes)
  SSDP:
    M-SEARCH packets: 0
    Responses:        13683
  PortMapper:
    GETPORT calls:    13503
    DUMP calls:       0
  NetBIOS:
    Name queries:     15062
    Datagram packets: 13553
  LDAP:
    Bind requests:    0
    Search requests:  13693
  MSSQL:
    SQLBatch packets: 13174
    RPC packets:      0
  TFTP:
    RRQ (read) pkts:  0
    WRQ (write) pkts: 0

[ATTACK DETECTIONS - Cumulative Events]
  UDP flood events:   1656
  UDP-lag events:     19
  SYN flood events:   0
  HTTP flood events:  0
  ICMP flood events:  0
  DNS amp events:     0
  NTP amp events:     0
  SNMP amp events:    0
  SSDP events:        0
  PortMap events:     0
  NetBIOS events:     0
  LDAP events:        0
  MSSQL events:       0
  TFTP events:        0
  ACK flood events:   0
  Frag attack events: 0
  Heavy-hitter events:3048 (OctoSketch per-IP detection)
  Packet flood events:0
  (Note: Events count IPs exceeding thresholds per 50ms window)

[ALERT STATUS]
  Alert level:        [1;31mHIGH[0m
  Reason:             [1;31mHEAVY-HITTER: 10.10.3.198 @ 27603 pps | TREND: attack rising (+1426696/250ms) | [0m

[MULTI-LF (2025) COMPARISON]
=== Detection Performance vs ML-Based System ===

  First Detection Latency:   1606.50 ms (vs MULTI-LF: 866 ms)
    Improvement:             0.5× faster

  Packets until detection:   874838481
  Bytes until detection:     111437274657 (106274.87 MB)

[OCTOSKETCH METRICS - Optimized Architecture]
=== Per-Worker Sketches + Sampling (1/32 packets) ===

  Architecture:              Per-worker (NO atomics, NO contention)
  Total sketch memory:       8961 KB (14 workers × 640.1 KB)
  Sampling rate:             1 in 32 packets (3.1% overhead)
  Attack traffic sampled:    25678240 updates
  Estimated attack packets:  821703680 (×32 sampling factor)
  Sketch overhead:           ~1.56% of fast-path cycles
  Memory efficiency:         O(1) constant, 640.1 KB per worker

[OCTOSKETCH HEAVY-HITTER DETECTION]
=== Top Attackers (per-IP tracking via Count-Min Sketch) ===

  Heavy-hitter threshold:    5000 pps per IP
  Heavy-hitters detected:    5 IPs exceeding threshold
  Total HH detections:       3048 events

  Top 5 Attackers (estimated counts, ×32 sampling):
    #1: 10.10.3.198 - 133760 pkts (26711 pps) [HEAVY-HITTER]
    #2: 10.10.3.180 - 132768 pkts (26513 pps) [HEAVY-HITTER]
    #3: 10.10.3.68 - 132448 pkts (26449 pps) [HEAVY-HITTER]
    #4: 10.10.3.87 - 132448 pkts (26449 pps) [HEAVY-HITTER]
    #5: 10.10.3.21 - 132288 pkts (26417 pps) [HEAVY-HITTER]

[RING BUFFER + MULTI-SCALE FEATURES]
=== Temporal Analysis (last 100 windows = 5.0 sec) ===

  Windows processed:         5197
  Buffer utilization:        100/100 (100.0%)
  Running baseline (ML):     14168279 pps (for ML features only)
  Detection mode:            FIXED THRESHOLDS

  [Temporal Features - Last Window]
    Delta PPS (250ms):       +1426696
    Delta PPS (500ms):       +2853702
    PPS Variance:            2713692143616
    Ratio vs Baseline:       1.87x

  [Multi-Scale Features]
    Top IP (50ms):           396 pps
    Top IP (1s):             26496 pps
    Top IP (1min):           9796 pps
    Burst Ratio (50ms/1min): 0.04x
    IP Concentration:        0.7%

[MULTIPLE DETECTION STATISTICS]
=== Aggregate Detection Analysis ===

  Total detection events:    1656
  Average detection latency: 55.34 ms
  Min detection latency:     53.72 ms
  Max detection latency:     1606.50 ms
  Latency range:             1552.78 ms

  Detection Latency Histogram:
    < 20 ms:  0 detections (0.0%)
    20-30 ms: 0 detections (0.0%)
    30-40 ms: 0 detections (0.0%)
    40-50 ms: 0 detections (0.0%)
    > 50 ms:  1655 detections (99.9%)

[PERFORMANCE METRICS]
  Throughput:         18.25 Gbps (11.05 Mpps)
  Cycles available:   270 cycles/pkt (lower = higher load)
  Active IPs:         0
  Worker threads:     14 (lcores 1-14)

[DPDK NIC STATISTICS]
  RX packets (NIC):   3068734232
  RX dropped (HW):    [0m0[0m (imissed)
  RX no mbufs:        [0m0[0m (buffer exhaustion)
  RX errors:          0
  Total drops:        [0m0 (0.00%)[0m
  RX burst calls:     51006619419 (96.3% empty)
  Processed pkts:     3068738627 (100.0% of NIC RX)


╔═══════════════════════════════════════════════════════════════════════╗
║          MIRA DDoS DETECTOR - STATISTICS (MULTI-CORE)                ║
╚═══════════════════════════════════════════════════════════════════════╝

[PACKET COUNTERS - GLOBAL]
  Total packets:      3134861103
  Baseline (10.10.2.x): 1421786544 (45.4%)
  Attack (10.10.3.x): 910173820 (29.0%)
  TCP packets:        1487574147
  UDP packets:        1523546541
  ICMP packets:       123740415

[INSTANTANEOUS TRAFFIC - Last 5.0 seconds]
  Baseline (10.10.2.x): 26841120 pkts (50.3%)  2658494604 bytes  4.25 Gbps
  Attack (10.10.3.x): 26559634 pkts (49.7%)  8763978404 bytes  14.00 Gbps
  Total throughput:   18.25 Gbps  (avg pkt: 214 bytes)

[CUMULATIVE TRAFFIC - Since first packet (274.4s)]
  Total received:     3134861103 pkts (11.42 Mpps) | 16.63 Gbps | 570438986746 bytes

[ATTACK-SPECIFIC COUNTERS]
  SYN packets:        401547651
  SYN-ACK packets:    200773629
  SYN/ACK ratio:      2.00
  HTTP requests:      707342099
  DNS queries:        257328633

[PROTOCOL-SPECIFIC COUNTERS - CIC-DDoS-2019 Features]
  NTP Amplification:
    Monlist queries:  2004
    Responses:        0  (avg size: 0 bytes)
  DNS Amplification:
    ANY queries:      0
    TXT queries:      0
    Responses:        257327443  (avg size: 108 bytes)
  SNMP Amplification:
    GetBulk requests: 0
    Responses:        0  (avg size: 0 bytes)
  SSDP:
    M-SEARCH packets: 0
    Responses:        14111
  PortMapper:
    GETPORT calls:    13925
    DUMP calls:       0
  NetBIOS:
    Name queries:     15507
    Datagram packets: 13949
  LDAP:
    Bind requests:    0
    Search requests:  14113
  MSSQL:
    SQLBatch packets: 13582
    RPC packets:      0
  TFTP:
    RRQ (read) pkts:  0
    WRQ (write) pkts: 0

[ATTACK DETECTIONS - Cumulative Events]
  UDP flood events:   1656
  UDP-lag events:     19
  SYN flood events:   0
  HTTP flood events:  0
  ICMP flood events:  0
  DNS amp events:     0
  NTP amp events:     0
  SNMP amp events:    0
  SSDP events:        0
  PortMap events:     0
  NetBIOS events:     0
  LDAP events:        0
  MSSQL events:       0
  TFTP events:        0
  ACK flood events:   0
  Frag attack events: 0
  Heavy-hitter events:3140 (OctoSketch per-IP detection)
  Packet flood events:0
  (Note: Events count IPs exceeding thresholds per 50ms window)

[ALERT STATUS]
  Alert level:        [1;31mHIGH[0m
  Reason:             [1;31mHEAVY-HITTER: 10.10.3.130 @ 28155 pps | TREND: attack rising (+1426638/250ms) | [0m

[MULTI-LF (2025) COMPARISON]
=== Detection Performance vs ML-Based System ===

  First Detection Latency:   1606.50 ms (vs MULTI-LF: 866 ms)
    Improvement:             0.5× faster

  Packets until detection:   874838481
  Bytes until detection:     111437274657 (106274.87 MB)

[OCTOSKETCH METRICS - Optimized Architecture]
=== Per-Worker Sketches + Sampling (1/32 packets) ===

  Architecture:              Per-worker (NO atomics, NO contention)
  Total sketch memory:       8961 KB (14 workers × 640.1 KB)
  Sampling rate:             1 in 32 packets (3.1% overhead)
  Attack traffic sampled:    25672512 updates
  Estimated attack packets:  821520384 (×32 sampling factor)
  Sketch overhead:           ~1.56% of fast-path cycles
  Memory efficiency:         O(1) constant, 640.1 KB per worker

[OCTOSKETCH HEAVY-HITTER DETECTION]
=== Top Attackers (per-IP tracking via Count-Min Sketch) ===

  Heavy-hitter threshold:    5000 pps per IP
  Heavy-hitters detected:    5 IPs exceeding threshold
  Total HH detections:       3140 events

  Top 5 Attackers (estimated counts, ×32 sampling):
    #1: 10.10.3.130 - 136448 pkts (27245 pps) [HEAVY-HITTER]
    #2: 10.10.3.198 - 134592 pkts (26875 pps) [HEAVY-HITTER]
    #3: 10.10.3.106 - 133568 pkts (26670 pps) [HEAVY-HITTER]
    #4: 10.10.3.54 - 133216 pkts (26600 pps) [HEAVY-HITTER]
    #5: 10.10.3.57 - 132736 pkts (26504 pps) [HEAVY-HITTER]

[RING BUFFER + MULTI-SCALE FEATURES]
=== Temporal Analysis (last 100 windows = 5.0 sec) ===

  Windows processed:         5289
  Buffer utilization:        100/100 (100.0%)
  Running baseline (ML):     14172095 pps (for ML features only)
  Detection mode:            FIXED THRESHOLDS

  [Temporal Features - Last Window]
    Delta PPS (250ms):       +1426638
    Delta PPS (500ms):       +2858488
    PPS Variance:            2716035710976
    Ratio vs Baseline:       1.87x

  [Multi-Scale Features]
    Top IP (50ms):           416 pps
    Top IP (1s):             14208 pps
    Top IP (1min):           12035 pps
    Burst Ratio (50ms/1min): 0.03x
    IP Concentration:        0.7%

[MULTIPLE DETECTION STATISTICS]
=== Aggregate Detection Analysis ===

  Total detection events:    1656
  Average detection latency: 55.34 ms
  Min detection latency:     53.72 ms
  Max detection latency:     1606.50 ms
  Latency range:             1552.78 ms

  Detection Latency Histogram:
    < 20 ms:  0 detections (0.0%)
    20-30 ms: 0 detections (0.0%)
    30-40 ms: 0 detections (0.0%)
    40-50 ms: 0 detections (0.0%)
    > 50 ms:  1655 detections (99.9%)

[PERFORMANCE METRICS]
  Throughput:         18.25 Gbps (10.66 Mpps)
  Cycles available:   280 cycles/pkt (lower = higher load)
  Active IPs:         0
  Worker threads:     14 (lcores 1-14)

[DPDK NIC STATISTICS]
  RX packets (NIC):   3134856400
  RX dropped (HW):    [0m0[0m (imissed)
  RX no mbufs:        [0m0[0m (buffer exhaustion)
  RX errors:          0
  Total drops:        [0m0 (0.00%)[0m
  RX burst calls:     51659961895 (96.3% empty)
  Processed pkts:     3134861103 (100.0% of NIC RX)


╔═══════════════════════════════════════════════════════════════════════╗
║          MIRA DDoS DETECTOR - STATISTICS (MULTI-CORE)                ║
╚═══════════════════════════════════════════════════════════════════════╝

[PACKET COUNTERS - GLOBAL]
  Total packets:      3200985837
  Baseline (10.10.2.x): 1448632163 (45.3%)
  Attack (10.10.3.x): 936730194 (29.3%)
  TCP packets:        1517253425
  UDP packets:        1557792443
  ICMP packets:       125939969

[INSTANTANEOUS TRAFFIC - Last 5.0 seconds]
  Baseline (10.10.2.x): 26845199 pkts (50.3%)  2852988376 bytes  4.56 Gbps
  Attack (10.10.3.x): 26555919 pkts (49.7%)  8762758227 bytes  14.00 Gbps
  Total throughput:   18.56 Gbps  (avg pkt: 218 bytes)

[CUMULATIVE TRAFFIC - Since first packet (279.4s)]
  Total received:     3200985837 pkts (11.46 Mpps) | 16.72 Gbps | 583997423855 bytes

[ATTACK-SPECIFIC COUNTERS]
  SYN packets:        409956971
  SYN-ACK packets:    204978288
  SYN/ACK ratio:      2.00
  HTTP requests:      718470684
  DNS queries:        260295754

[PROTOCOL-SPECIFIC COUNTERS - CIC-DDoS-2019 Features]
  NTP Amplification:
    Monlist queries:  2062
    Responses:        0  (avg size: 0 bytes)
  DNS Amplification:
    ANY queries:      0
    TXT queries:      0
    Responses:        260294512  (avg size: 108 bytes)
  SNMP Amplification:
    GetBulk requests: 0
    Responses:        0  (avg size: 0 bytes)
  SSDP:
    M-SEARCH packets: 0
    Responses:        14539
  PortMapper:
    GETPORT calls:    14329
    DUMP calls:       0
  NetBIOS:
    Name queries:     15964
    Datagram packets: 14367
  LDAP:
    Bind requests:    0
    Search requests:  14514
  MSSQL:
    SQLBatch packets: 13966
    RPC packets:      0
  TFTP:
    RRQ (read) pkts:  0
    WRQ (write) pkts: 0

[ATTACK DETECTIONS - Cumulative Events]
  UDP flood events:   1656
  UDP-lag events:     19
  SYN flood events:   0
  HTTP flood events:  0
  ICMP flood events:  0
  DNS amp events:     0
  NTP amp events:     0
  SNMP amp events:    0
  SSDP events:        0
  PortMap events:     0
  NetBIOS events:     0
  LDAP events:        0
  MSSQL events:       0
  TFTP events:        0
  ACK flood events:   0
  Frag attack events: 0
  Heavy-hitter events:3232 (OctoSketch per-IP detection)
  Packet flood events:0
  (Note: Events count IPs exceeding thresholds per 50ms window)

[ALERT STATUS]
  Alert level:        [1;31mHIGH[0m
  Reason:             [1;31mHEAVY-HITTER: 10.10.3.43 @ 27572 pps | TREND: attack rising (+1430984/250ms) | [0m

[MULTI-LF (2025) COMPARISON]
=== Detection Performance vs ML-Based System ===

  First Detection Latency:   1606.50 ms (vs MULTI-LF: 866 ms)
    Improvement:             0.5× faster

  Packets until detection:   874838481
  Bytes until detection:     111437274657 (106274.87 MB)

[OCTOSKETCH METRICS - Optimized Architecture]
=== Per-Worker Sketches + Sampling (1/32 packets) ===

  Architecture:              Per-worker (NO atomics, NO contention)
  Total sketch memory:       8961 KB (14 workers × 640.1 KB)
  Sampling rate:             1 in 32 packets (3.1% overhead)
  Attack traffic sampled:    25676288 updates
  Estimated attack packets:  821641216 (×32 sampling factor)
  Sketch overhead:           ~1.56% of fast-path cycles
  Memory efficiency:         O(1) constant, 640.1 KB per worker

[OCTOSKETCH HEAVY-HITTER DETECTION]
=== Top Attackers (per-IP tracking via Count-Min Sketch) ===

  Heavy-hitter threshold:    5000 pps per IP
  Heavy-hitters detected:    5 IPs exceeding threshold
  Total HH detections:       3232 events

  Top 5 Attackers (estimated counts, ×32 sampling):
    #1: 10.10.3.43 - 133600 pkts (26680 pps) [HEAVY-HITTER]
    #2: 10.10.3.109 - 133056 pkts (26572 pps) [HEAVY-HITTER]
    #3: 10.10.3.121 - 132928 pkts (26546 pps) [HEAVY-HITTER]
    #4: 10.10.3.30 - 132640 pkts (26489 pps) [HEAVY-HITTER]
    #5: 10.10.3.17 - 132288 pkts (26418 pps) [HEAVY-HITTER]

[RING BUFFER + MULTI-SCALE FEATURES]
=== Temporal Analysis (last 100 windows = 5.0 sec) ===

  Windows processed:         5381
  Buffer utilization:        100/100 (100.0%)
  Running baseline (ML):     14168131 pps (for ML features only)
  Detection mode:            FIXED THRESHOLDS

  [Temporal Features - Last Window]
    Delta PPS (250ms):       +1430984
    Delta PPS (500ms):       +2858108
    PPS Variance:            2709980184576
    Ratio vs Baseline:       1.87x

  [Multi-Scale Features]
    Top IP (50ms):           469 pps
    Top IP (1s):             2240 pps
    Top IP (1min):           14282 pps
    Burst Ratio (50ms/1min): 0.03x
    IP Concentration:        0.8%

[MULTIPLE DETECTION STATISTICS]
=== Aggregate Detection Analysis ===

  Total detection events:    1656
  Average detection latency: 55.34 ms
  Min detection latency:     53.72 ms
  Max detection latency:     1606.50 ms
  Latency range:             1552.78 ms

  Detection Latency Histogram:
    < 20 ms:  0 detections (0.0%)
    20-30 ms: 0 detections (0.0%)
    30-40 ms: 0 detections (0.0%)
    40-50 ms: 0 detections (0.0%)
    > 50 ms:  1655 detections (99.9%)

[PERFORMANCE METRICS]
  Throughput:         18.56 Gbps (10.66 Mpps)
  Cycles available:   280 cycles/pkt (lower = higher load)
  Active IPs:         0
  Worker threads:     14 (lcores 1-14)

[DPDK NIC STATISTICS]
  RX packets (NIC):   3200981160
  RX dropped (HW):    [0m0[0m (imissed)
  RX no mbufs:        [0m0[0m (buffer exhaustion)
  RX errors:          0
  Total drops:        [0m0 (0.00%)[0m
  RX burst calls:     52312621047 (96.2% empty)
  Processed pkts:     3200985837 (100.0% of NIC RX)


╔═══════════════════════════════════════════════════════════════════════╗
║          MIRA DDoS DETECTOR - STATISTICS (MULTI-CORE)                ║
╚═══════════════════════════════════════════════════════════════════════╝

[PACKET COUNTERS - GLOBAL]
  Total packets:      3267075924
  Baseline (10.10.2.x): 1475458602 (45.2%)
  Attack (10.10.3.x): 963275446 (29.5%)
  TCP packets:        1546905228
  UDP packets:        1592028986
  ICMP packets:       128141710

[INSTANTANEOUS TRAFFIC - Last 5.0 seconds]
  Baseline (10.10.2.x): 26825957 pkts (50.3%)  2656545989 bytes  4.25 Gbps
  Attack (10.10.3.x): 26544697 pkts (49.7%)  8759294296 bytes  14.00 Gbps
  Total throughput:   18.25 Gbps  (avg pkt: 214 bytes)

[CUMULATIVE TRAFFIC - Since first packet (284.4s)]
  Total received:     3267075924 pkts (11.49 Mpps) | 16.81 Gbps | 597549307488 bytes

[ATTACK-SPECIFIC COUNTERS]
  SYN packets:        418358118
  SYN-ACK packets:    209178865
  SYN/ACK ratio:      2.00
  HTTP requests:      729591754
  DNS queries:        263264462

[PROTOCOL-SPECIFIC COUNTERS - CIC-DDoS-2019 Features]
  NTP Amplification:
    Monlist queries:  2121
    Responses:        0  (avg size: 0 bytes)
  DNS Amplification:
    ANY queries:      0
    TXT queries:      0
    Responses:        263263209  (avg size: 108 bytes)
  SNMP Amplification:
    GetBulk requests: 0
    Responses:        0  (avg size: 0 bytes)
  SSDP:
    M-SEARCH packets: 0
    Responses:        14916
  PortMapper:
    GETPORT calls:    14723
    DUMP calls:       0
  NetBIOS:
    Name queries:     16419
    Datagram packets: 14778
  LDAP:
    Bind requests:    0
    Search requests:  14927
  MSSQL:
    SQLBatch packets: 14361
    RPC packets:      0
  TFTP:
    RRQ (read) pkts:  0
    WRQ (write) pkts: 0

[ATTACK DETECTIONS - Cumulative Events]
  UDP flood events:   1656
  UDP-lag events:     19
  SYN flood events:   0
  HTTP flood events:  0
  ICMP flood events:  0
  DNS amp events:     0
  NTP amp events:     0
  SNMP amp events:    0
  SSDP events:        0
  PortMap events:     0
  NetBIOS events:     0
  LDAP events:        0
  MSSQL events:       0
  TFTP events:        0
  ACK flood events:   0
  Frag attack events: 0
  Heavy-hitter events:3324 (OctoSketch per-IP detection)
  Packet flood events:0
  (Note: Events count IPs exceeding thresholds per 50ms window)

[ALERT STATUS]
  Alert level:        [1;31mHIGH[0m
  Reason:             [1;31mHEAVY-HITTER: 10.10.3.117 @ 27695 pps | TREND: attack rising (+1427120/250ms) | [0m

[MULTI-LF (2025) COMPARISON]
=== Detection Performance vs ML-Based System ===

  First Detection Latency:   1606.50 ms (vs MULTI-LF: 866 ms)
    Improvement:             0.5× faster

  Packets until detection:   874838481
  Bytes until detection:     111437274657 (106274.87 MB)

[OCTOSKETCH METRICS - Optimized Architecture]
=== Per-Worker Sketches + Sampling (1/32 packets) ===

  Architecture:              Per-worker (NO atomics, NO contention)
  Total sketch memory:       8961 KB (14 workers × 640.1 KB)
  Sampling rate:             1 in 32 packets (3.1% overhead)
  Attack traffic sampled:    25665984 updates
  Estimated attack packets:  821311488 (×32 sampling factor)
  Sketch overhead:           ~1.56% of fast-path cycles
  Memory efficiency:         O(1) constant, 640.1 KB per worker

[OCTOSKETCH HEAVY-HITTER DETECTION]
=== Top Attackers (per-IP tracking via Count-Min Sketch) ===

  Heavy-hitter threshold:    5000 pps per IP
  Heavy-hitters detected:    5 IPs exceeding threshold
  Total HH detections:       3324 events

  Top 5 Attackers (estimated counts, ×32 sampling):
    #1: 10.10.3.117 - 134144 pkts (26799 pps) [HEAVY-HITTER]
    #2: 10.10.3.102 - 133952 pkts (26761 pps) [HEAVY-HITTER]
    #3: 10.10.3.39 - 133504 pkts (26671 pps) [HEAVY-HITTER]
    #4: 10.10.3.15 - 132864 pkts (26543 pps) [HEAVY-HITTER]
    #5: 10.10.3.145 - 132736 pkts (26518 pps) [HEAVY-HITTER]

[RING BUFFER + MULTI-SCALE FEATURES]
=== Temporal Analysis (last 100 windows = 5.0 sec) ===

  Windows processed:         5473
  Buffer utilization:        100/100 (100.0%)
  Running baseline (ML):     14162913 pps (for ML features only)
  Detection mode:            FIXED THRESHOLDS

  [Temporal Features - Last Window]
    Delta PPS (250ms):       +1427120
    Delta PPS (500ms):       +2854280
    PPS Variance:            2713724387328
    Ratio vs Baseline:       1.87x

  [Multi-Scale Features]
    Top IP (50ms):           410 pps
    Top IP (1s):             20992 pps
    Top IP (1min):           16494 pps
    Burst Ratio (50ms/1min): 0.02x
    IP Concentration:        0.7%

[MULTIPLE DETECTION STATISTICS]
=== Aggregate Detection Analysis ===

  Total detection events:    1656
  Average detection latency: 55.34 ms
  Min detection latency:     53.72 ms
  Max detection latency:     1606.50 ms
  Latency range:             1552.78 ms

  Detection Latency Histogram:
    < 20 ms:  0 detections (0.0%)
    20-30 ms: 0 detections (0.0%)
    30-40 ms: 0 detections (0.0%)
    40-50 ms: 0 detections (0.0%)
    > 50 ms:  1655 detections (99.9%)

[PERFORMANCE METRICS]
  Throughput:         18.25 Gbps (10.66 Mpps)
  Cycles available:   280 cycles/pkt (lower = higher load)
  Active IPs:         0
  Worker threads:     14 (lcores 1-14)

[DPDK NIC STATISTICS]
  RX packets (NIC):   3267071144
  RX dropped (HW):    [0m0[0m (imissed)
  RX no mbufs:        [0m0[0m (buffer exhaustion)
  RX errors:          0
  Total drops:        [0m0 (0.00%)[0m
  RX burst calls:     52966676450 (96.2% empty)
  Processed pkts:     3267075924 (100.0% of NIC RX)


╔═══════════════════════════════════════════════════════════════════════╗
║          MIRA DDoS DETECTOR - STATISTICS (MULTI-CORE)                ║
╚═══════════════════════════════════════════════════════════════════════╝

[PACKET COUNTERS - GLOBAL]
  Total packets:      3333164309
  Baseline (10.10.2.x): 1502284038 (45.1%)
  Attack (10.10.3.x): 989823059 (29.7%)
  TCP packets:        1576555836
  UDP packets:        1626266332
  ICMP packets:       130342141

[INSTANTANEOUS TRAFFIC - Last 5.0 seconds]
  Baseline (10.10.2.x): 28731094 pkts (50.3%)  2845444079 bytes  4.55 Gbps
  Attack (10.10.3.x): 28416055 pkts (49.7%)  9375013602 bytes  14.98 Gbps
  Total throughput:   19.53 Gbps  (avg pkt: 214 bytes)

[CUMULATIVE TRAFFIC - Since first packet (289.4s)]
  Total received:     3333164309 pkts (11.52 Mpps) | 16.89 Gbps | 611101391981 bytes

[ATTACK-SPECIFIC COUNTERS]
  SYN packets:        426759024
  SYN-ACK packets:    213379311
  SYN/ACK ratio:      2.00
  HTTP requests:      740711740
  DNS queries:        266231393

[PROTOCOL-SPECIFIC COUNTERS - CIC-DDoS-2019 Features]
  NTP Amplification:
    Monlist queries:  2178
    Responses:        0  (avg size: 0 bytes)
  DNS Amplification:
    ANY queries:      0
    TXT queries:      0
    Responses:        266230112  (avg size: 108 bytes)
  SNMP Amplification:
    GetBulk requests: 0
    Responses:        0  (avg size: 0 bytes)
  SSDP:
    M-SEARCH packets: 0
    Responses:        15346
  PortMapper:
    GETPORT calls:    15138
    DUMP calls:       0
  NetBIOS:
    Name queries:     16865
    Datagram packets: 15175
  LDAP:
    Bind requests:    0
    Search requests:  15348
  MSSQL:
    SQLBatch packets: 14770
    RPC packets:      0
  TFTP:
    RRQ (read) pkts:  0
    WRQ (write) pkts: 0

[ATTACK DETECTIONS - Cumulative Events]
  UDP flood events:   1656
  UDP-lag events:     19
  SYN flood events:   0
  HTTP flood events:  0
  ICMP flood events:  0
  DNS amp events:     0
  NTP amp events:     0
  SNMP amp events:    0
  SSDP events:        0
  PortMap events:     0
  NetBIOS events:     0
  LDAP events:        0
  MSSQL events:       0
  TFTP events:        0
  ACK flood events:   0
  Frag attack events: 0
  Heavy-hitter events:3416 (OctoSketch per-IP detection)
  Packet flood events:0
  (Note: Events count IPs exceeding thresholds per 50ms window)

[ALERT STATUS]
  Alert level:        [1;31mHIGH[0m
  Reason:             [1;31mHEAVY-HITTER: 10.10.3.63 @ 27701 pps | TREND: attack rising (+1430856/250ms) | [0m

[MULTI-LF (2025) COMPARISON]
=== Detection Performance vs ML-Based System ===

  First Detection Latency:   1606.50 ms (vs MULTI-LF: 866 ms)
    Improvement:             0.5× faster

  Packets until detection:   874838481
  Bytes until detection:     111437274657 (106274.87 MB)

[OCTOSKETCH METRICS - Optimized Architecture]
=== Per-Worker Sketches + Sampling (1/32 packets) ===

  Architecture:              Per-worker (NO atomics, NO contention)
  Total sketch memory:       8961 KB (14 workers × 640.1 KB)
  Sampling rate:             1 in 32 packets (3.1% overhead)
  Attack traffic sampled:    25668512 updates
  Estimated attack packets:  821392384 (×32 sampling factor)
  Sketch overhead:           ~1.56% of fast-path cycles
  Memory efficiency:         O(1) constant, 640.1 KB per worker

[OCTOSKETCH HEAVY-HITTER DETECTION]
=== Top Attackers (per-IP tracking via Count-Min Sketch) ===

  Heavy-hitter threshold:    5000 pps per IP
  Heavy-hitters detected:    5 IPs exceeding threshold
  Total HH detections:       3416 events

  Top 5 Attackers (estimated counts, ×32 sampling):
    #1: 10.10.3.63 - 134176 pkts (26805 pps) [HEAVY-HITTER]
    #2: 10.10.3.98 - 133472 pkts (26664 pps) [HEAVY-HITTER]
    #3: 10.10.3.11 - 132832 pkts (26536 pps) [HEAVY-HITTER]
    #4: 10.10.3.48 - 132800 pkts (26530 pps) [HEAVY-HITTER]
    #5: 10.10.3.85 - 132416 pkts (26453 pps) [HEAVY-HITTER]

[RING BUFFER + MULTI-SCALE FEATURES]
=== Temporal Analysis (last 100 windows = 5.0 sec) ===

  Windows processed:         5565
  Buffer utilization:        100/100 (100.0%)
  Running baseline (ML):     15863744 pps (for ML features only)
  Detection mode:            FIXED THRESHOLDS

  [Temporal Features - Last Window]
    Delta PPS (250ms):       +1430856
    Delta PPS (500ms):       +2858334
    PPS Variance:            2712554700800
    Ratio vs Baseline:       1.79x

  [Multi-Scale Features]
    Top IP (50ms):           410 pps
    Top IP (1s):             8320 pps
    Top IP (1min):           18716 pps
    Burst Ratio (50ms/1min): 0.02x
    IP Concentration:        0.7%

[MULTIPLE DETECTION STATISTICS]
=== Aggregate Detection Analysis ===

  Total detection events:    1656
  Average detection latency: 55.34 ms
  Min detection latency:     53.72 ms
  Max detection latency:     1606.50 ms
  Latency range:             1552.78 ms

  Detection Latency Histogram:
    < 20 ms:  0 detections (0.0%)
    20-30 ms: 0 detections (0.0%)
    30-40 ms: 0 detections (0.0%)
    40-50 ms: 0 detections (0.0%)
    > 50 ms:  1655 detections (99.9%)

[PERFORMANCE METRICS]
  Throughput:         19.53 Gbps (11.42 Mpps)
  Cycles available:   262 cycles/pkt (lower = higher load)
  Active IPs:         0
  Worker threads:     14 (lcores 1-14)

[DPDK NIC STATISTICS]
  RX packets (NIC):   3333159590
  RX dropped (HW):    [0m0[0m (imissed)
  RX no mbufs:        [0m0[0m (buffer exhaustion)
  RX errors:          0
  Total drops:        [0m0 (0.00%)[0m
  RX burst calls:     53618020174 (96.2% empty)
  Processed pkts:     3333164309 (100.0% of NIC RX)


╔═══════════════════════════════════════════════════════════════════════╗
║          MIRA DDoS DETECTOR - STATISTICS (MULTI-CORE)                ║
╚═══════════════════════════════════════════════════════════════════════╝

[PACKET COUNTERS - GLOBAL]
  Total packets:      3399265182
  Baseline (10.10.2.x): 1529121469 (45.0%)
  Attack (10.10.3.x): 1016369659 (29.9%)
  TCP packets:        1606223583
  UDP packets:        1660501027
  ICMP packets:       132540572

[INSTANTANEOUS TRAFFIC - Last 5.0 seconds]
  Baseline (10.10.2.x): 26836791 pkts (50.3%)  2850353121 bytes  4.56 Gbps
  Attack (10.10.3.x): 26546182 pkts (49.7%)  9392538639 bytes  15.01 Gbps
  Total throughput:   19.57 Gbps  (avg pkt: 229 bytes)

[CUMULATIVE TRAFFIC - Since first packet (294.4s)]
  Total received:     3399265182 pkts (11.55 Mpps) | 16.97 Gbps | 624655156605 bytes

[ATTACK-SPECIFIC COUNTERS]
  SYN packets:        435165392
  SYN-ACK packets:    217582486
  SYN/ACK ratio:      2.00
  HTTP requests:      751833447
  DNS queries:        269197385

[PROTOCOL-SPECIFIC COUNTERS - CIC-DDoS-2019 Features]
  NTP Amplification:
    Monlist queries:  2237
    Responses:        0  (avg size: 0 bytes)
  DNS Amplification:
    ANY queries:      0
    TXT queries:      0
    Responses:        269196049  (avg size: 108 bytes)
  SNMP Amplification:
    GetBulk requests: 0
    Responses:        0  (avg size: 0 bytes)
  SSDP:
    M-SEARCH packets: 0
    Responses:        15775
  PortMapper:
    GETPORT calls:    15547
    DUMP calls:       0
  NetBIOS:
    Name queries:     17321
    Datagram packets: 15591
  LDAP:
    Bind requests:    0
    Search requests:  15745
  MSSQL:
    SQLBatch packets: 15153
    RPC packets:      0
  TFTP:
    RRQ (read) pkts:  0
    WRQ (write) pkts: 0

[ATTACK DETECTIONS - Cumulative Events]
  UDP flood events:   1656
  UDP-lag events:     19
  SYN flood events:   0
  HTTP flood events:  0
  ICMP flood events:  0
  DNS amp events:     0
  NTP amp events:     0
  SNMP amp events:    0
  SSDP events:        0
  PortMap events:     0
  NetBIOS events:     0
  LDAP events:        0
  MSSQL events:       0
  TFTP events:        0
  ACK flood events:   0
  Frag attack events: 0
  Heavy-hitter events:3508 (OctoSketch per-IP detection)
  Packet flood events:0
  (Note: Events count IPs exceeding thresholds per 50ms window)

[ALERT STATUS]
  Alert level:        [1;31mHIGH[0m
  Reason:             [1;31mHEAVY-HITTER: 10.10.3.177 @ 27568 pps | TREND: attack rising (+1426160/250ms) | [0m

[MULTI-LF (2025) COMPARISON]
=== Detection Performance vs ML-Based System ===

  First Detection Latency:   1606.50 ms (vs MULTI-LF: 866 ms)
    Improvement:             0.5× faster

  Packets until detection:   874838481
  Bytes until detection:     111437274657 (106274.87 MB)

[OCTOSKETCH METRICS - Optimized Architecture]
=== Per-Worker Sketches + Sampling (1/32 packets) ===

  Architecture:              Per-worker (NO atomics, NO contention)
  Total sketch memory:       8961 KB (14 workers × 640.1 KB)
  Sampling rate:             1 in 32 packets (3.1% overhead)
  Attack traffic sampled:    25667648 updates
  Estimated attack packets:  821364736 (×32 sampling factor)
  Sketch overhead:           ~1.56% of fast-path cycles
  Memory efficiency:         O(1) constant, 640.1 KB per worker

[OCTOSKETCH HEAVY-HITTER DETECTION]
=== Top Attackers (per-IP tracking via Count-Min Sketch) ===

  Heavy-hitter threshold:    5000 pps per IP
  Heavy-hitters detected:    5 IPs exceeding threshold
  Total HH detections:       3508 events

  Top 5 Attackers (estimated counts, ×32 sampling):
    #1: 10.10.3.177 - 133536 pkts (26677 pps) [HEAVY-HITTER]
    #2: 10.10.3.51 - 132416 pkts (26453 pps) [HEAVY-HITTER]
    #3: 10.10.3.181 - 132416 pkts (26453 pps) [HEAVY-HITTER]
    #4: 10.10.3.186 - 132384 pkts (26446 pps) [HEAVY-HITTER]
    #5: 10.10.3.124 - 132288 pkts (26427 pps) [HEAVY-HITTER]

[RING BUFFER + MULTI-SCALE FEATURES]
=== Temporal Analysis (last 100 windows = 5.0 sec) ===

  Windows processed:         5657
  Buffer utilization:        100/100 (100.0%)
  Running baseline (ML):     14312786 pps (for ML features only)
  Detection mode:            FIXED THRESHOLDS

  [Temporal Features - Last Window]
    Delta PPS (250ms):       +1426160
    Delta PPS (500ms):       +2853110
    PPS Variance:            2712177999872
    Ratio vs Baseline:       1.85x

  [Multi-Scale Features]
    Top IP (50ms):           377 pps
    Top IP (1s):             27232 pps
    Top IP (1min):           20950 pps
    Burst Ratio (50ms/1min): 0.02x
    IP Concentration:        0.7%

[MULTIPLE DETECTION STATISTICS]
=== Aggregate Detection Analysis ===

  Total detection events:    1656
  Average detection latency: 55.34 ms
  Min detection latency:     53.72 ms
  Max detection latency:     1606.50 ms
  Latency range:             1552.78 ms

  Detection Latency Histogram:
    < 20 ms:  0 detections (0.0%)
    20-30 ms: 0 detections (0.0%)
    30-40 ms: 0 detections (0.0%)
    40-50 ms: 0 detections (0.0%)
    > 50 ms:  1655 detections (99.9%)

[PERFORMANCE METRICS]
  Throughput:         19.57 Gbps (10.66 Mpps)
  Cycles available:   280 cycles/pkt (lower = higher load)
  Active IPs:         0
  Worker threads:     14 (lcores 1-14)

[DPDK NIC STATISTICS]
  RX packets (NIC):   3399260466
  RX dropped (HW):    [0m0[0m (imissed)
  RX no mbufs:        [0m0[0m (buffer exhaustion)
  RX errors:          0
  Total drops:        [0m0 (0.00%)[0m
  RX burst calls:     54270759052 (96.1% empty)
  Processed pkts:     3399265182 (100.0% of NIC RX)


╔═══════════════════════════════════════════════════════════════════════╗
║          MIRA DDoS DETECTOR - STATISTICS (MULTI-CORE)                ║
╚═══════════════════════════════════════════════════════════════════════╝

[PACKET COUNTERS - GLOBAL]
  Total packets:      3465388287
  Baseline (10.10.2.x): 1555962602 (44.9%)
  Attack (10.10.3.x): 1042927565 (30.1%)
  TCP packets:        1635900152
  UDP packets:        1694746447
  ICMP packets:       134741688

[INSTANTANEOUS TRAFFIC - Last 5.0 seconds]
  Baseline (10.10.2.x): 26840710 pkts (48.5%)  3032456815 bytes  4.84 Gbps
  Attack (10.10.3.x): 28474717 pkts (51.5%)  10012532207 bytes  15.99 Gbps
  Total throughput:   20.84 Gbps  (avg pkt: 236 bytes)

[CUMULATIVE TRAFFIC - Since first packet (299.4s)]
  Total received:     3465388287 pkts (11.57 Mpps) | 17.05 Gbps | 638213673133 bytes

[ATTACK-SPECIFIC COUNTERS]
  SYN packets:        443573455
  SYN-ACK packets:    221786508
  SYN/ACK ratio:      2.00
  HTTP requests:      762964764
  DNS queries:        272164583

[PROTOCOL-SPECIFIC COUNTERS - CIC-DDoS-2019 Features]
  NTP Amplification:
    Monlist queries:  2296
    Responses:        0  (avg size: 0 bytes)
  DNS Amplification:
    ANY queries:      0
    TXT queries:      0
    Responses:        272163223  (avg size: 108 bytes)
  SNMP Amplification:
    GetBulk requests: 0
    Responses:        0  (avg size: 0 bytes)
  SSDP:
    M-SEARCH packets: 0
    Responses:        16152
  PortMapper:
    GETPORT calls:    15943
    DUMP calls:       0
  NetBIOS:
    Name queries:     17772
    Datagram packets: 15998
  LDAP:
    Bind requests:    0
    Search requests:  16159
  MSSQL:
    SQLBatch packets: 15546
    RPC packets:      0
  TFTP:
    RRQ (read) pkts:  0
    WRQ (write) pkts: 0

[ATTACK DETECTIONS - Cumulative Events]
  UDP flood events:   1656
  UDP-lag events:     19
  SYN flood events:   0
  HTTP flood events:  0
  ICMP flood events:  0
  DNS amp events:     0
  NTP amp events:     0
  SNMP amp events:    0
  SSDP events:        0
  PortMap events:     0
  NetBIOS events:     0
  LDAP events:        0
  MSSQL events:       0
  TFTP events:        0
  ACK flood events:   0
  Frag attack events: 0
  Heavy-hitter events:3600 (OctoSketch per-IP detection)
  Packet flood events:0
  (Note: Events count IPs exceeding thresholds per 50ms window)

[ALERT STATUS]
  Alert level:        [1;31mHIGH[0m
  Reason:             [1;31mHEAVY-HITTER: 10.10.3.145 @ 27602 pps | TREND: attack rising (+1426480/250ms) | [0m

[MULTI-LF (2025) COMPARISON]
=== Detection Performance vs ML-Based System ===

  First Detection Latency:   1606.50 ms (vs MULTI-LF: 866 ms)
    Improvement:             0.5× faster

  Packets until detection:   874838481
  Bytes until detection:     111437274657 (106274.87 MB)

[OCTOSKETCH METRICS - Optimized Architecture]
=== Per-Worker Sketches + Sampling (1/32 packets) ===

  Architecture:              Per-worker (NO atomics, NO contention)
  Total sketch memory:       8961 KB (14 workers × 640.1 KB)
  Sampling rate:             1 in 32 packets (3.1% overhead)
  Attack traffic sampled:    25674400 updates
  Estimated attack packets:  821580800 (×32 sampling factor)
  Sketch overhead:           ~1.56% of fast-path cycles
  Memory efficiency:         O(1) constant, 640.1 KB per worker

[OCTOSKETCH HEAVY-HITTER DETECTION]
=== Top Attackers (per-IP tracking via Count-Min Sketch) ===

  Heavy-hitter threshold:    5000 pps per IP
  Heavy-hitters detected:    5 IPs exceeding threshold
  Total HH detections:       3600 events

  Top 5 Attackers (estimated counts, ×32 sampling):
    #1: 10.10.3.145 - 133760 pkts (26710 pps) [HEAVY-HITTER]
    #2: 10.10.3.198 - 133248 pkts (26608 pps) [HEAVY-HITTER]
    #3: 10.10.3.114 - 132320 pkts (26423 pps) [HEAVY-HITTER]
    #4: 10.10.3.15 - 132256 pkts (26410 pps) [HEAVY-HITTER]
    #5: 10.10.3.45 - 132256 pkts (26410 pps) [HEAVY-HITTER]

[RING BUFFER + MULTI-SCALE FEATURES]
=== Temporal Analysis (last 100 windows = 5.0 sec) ===

  Windows processed:         5749
  Buffer utilization:        100/100 (100.0%)
  Running baseline (ML):     15913552 pps (for ML features only)
  Detection mode:            FIXED THRESHOLDS

  [Temporal Features - Last Window]
    Delta PPS (250ms):       +1426480
    Delta PPS (500ms):       +2858376
    PPS Variance:            2715445886976
    Ratio vs Baseline:       1.78x

  [Multi-Scale Features]
    Top IP (50ms):           416 pps
    Top IP (1s):             14912 pps
    Top IP (1min):           23247 pps
    Burst Ratio (50ms/1min): 0.02x
    IP Concentration:        0.7%

[MULTIPLE DETECTION STATISTICS]
=== Aggregate Detection Analysis ===

  Total detection events:    1656
  Average detection latency: 55.34 ms
  Min detection latency:     53.72 ms
  Max detection latency:     1606.50 ms
  Latency range:             1552.78 ms

  Detection Latency Histogram:
    < 20 ms:  0 detections (0.0%)
    20-30 ms: 0 detections (0.0%)
    30-40 ms: 0 detections (0.0%)
    40-50 ms: 0 detections (0.0%)
    > 50 ms:  1655 detections (99.9%)

[PERFORMANCE METRICS]
  Throughput:         20.84 Gbps (11.05 Mpps)
  Cycles available:   271 cycles/pkt (lower = higher load)
  Active IPs:         0
  Worker threads:     14 (lcores 1-14)

[DPDK NIC STATISTICS]
  RX packets (NIC):   3465383817
  RX dropped (HW):    [0m0[0m (imissed)
  RX no mbufs:        [0m0[0m (buffer exhaustion)
  RX errors:          0
  Total drops:        [0m0 (0.00%)[0m
  RX burst calls:     54923856615 (96.1% empty)
  Processed pkts:     3465388287 (100.0% of NIC RX)


╔═══════════════════════════════════════════════════════════════════════╗
║          MIRA DDoS DETECTOR - STATISTICS (MULTI-CORE)                ║
╚═══════════════════════════════════════════════════════════════════════╝

[PACKET COUNTERS - GLOBAL]
  Total packets:      3531491233
  Baseline (10.10.2.x): 1582794298 (44.8%)
  Attack (10.10.3.x): 1069481734 (30.3%)
  TCP packets:        1665567288
  UDP packets:        1728984924
  ICMP packets:       136939021

[INSTANTANEOUS TRAFFIC - Last 5.0 seconds]
  Baseline (10.10.2.x): 26831176 pkts (50.3%)  2657164202 bytes  4.25 Gbps
  Attack (10.10.3.x): 26553730 pkts (49.7%)  8761957291 bytes  14.00 Gbps
  Total throughput:   18.24 Gbps  (avg pkt: 214 bytes)

[CUMULATIVE TRAFFIC - Since first packet (304.4s)]
  Total received:     3531491233 pkts (11.60 Mpps) | 17.13 Gbps | 651769186187 bytes

[ATTACK-SPECIFIC COUNTERS]
  SYN packets:        451978692
  SYN-ACK packets:    225989124
  SYN/ACK ratio:      2.00
  HTTP requests:      774093508
  DNS queries:        275129111

[PROTOCOL-SPECIFIC COUNTERS - CIC-DDoS-2019 Features]
  NTP Amplification:
    Monlist queries:  2353
    Responses:        0  (avg size: 0 bytes)
  DNS Amplification:
    ANY queries:      0
    TXT queries:      0
    Responses:        275127732  (avg size: 108 bytes)
  SNMP Amplification:
    GetBulk requests: 0
    Responses:        0  (avg size: 0 bytes)
  SSDP:
    M-SEARCH packets: 0
    Responses:        16580
  PortMapper:
    GETPORT calls:    16355
    DUMP calls:       0
  NetBIOS:
    Name queries:     18223
    Datagram packets: 16400
  LDAP:
    Bind requests:    0
    Search requests:  16580
  MSSQL:
    SQLBatch packets: 15955
    RPC packets:      0
  TFTP:
    RRQ (read) pkts:  0
    WRQ (write) pkts: 0

[ATTACK DETECTIONS - Cumulative Events]
  UDP flood events:   1656
  UDP-lag events:     19
  SYN flood events:   0
  HTTP flood events:  0
  ICMP flood events:  0
  DNS amp events:     0
  NTP amp events:     0
  SNMP amp events:    0
  SSDP events:        0
  PortMap events:     0
  NetBIOS events:     0
  LDAP events:        0
  MSSQL events:       0
  TFTP events:        0
  ACK flood events:   0
  Frag attack events: 0
  Heavy-hitter events:3692 (OctoSketch per-IP detection)
  Packet flood events:0
  (Note: Events count IPs exceeding thresholds per 50ms window)

[ALERT STATUS]
  Alert level:        [1;31mHIGH[0m
  Reason:             [1;31mHEAVY-HITTER: 10.10.3.42 @ 27951 pps | TREND: attack rising (+1430386/250ms) | [0m

[MULTI-LF (2025) COMPARISON]
=== Detection Performance vs ML-Based System ===

  First Detection Latency:   1606.50 ms (vs MULTI-LF: 866 ms)
    Improvement:             0.5× faster

  Packets until detection:   874838481
  Bytes until detection:     111437274657 (106274.87 MB)

[OCTOSKETCH METRICS - Optimized Architecture]
=== Per-Worker Sketches + Sampling (1/32 packets) ===

  Architecture:              Per-worker (NO atomics, NO contention)
  Total sketch memory:       8961 KB (14 workers × 640.1 KB)
  Sampling rate:             1 in 32 packets (3.1% overhead)
  Attack traffic sampled:    25674592 updates
  Estimated attack packets:  821586944 (×32 sampling factor)
  Sketch overhead:           ~1.56% of fast-path cycles
  Memory efficiency:         O(1) constant, 640.1 KB per worker

[OCTOSKETCH HEAVY-HITTER DETECTION]
=== Top Attackers (per-IP tracking via Count-Min Sketch) ===

  Heavy-hitter threshold:    5000 pps per IP
  Heavy-hitters detected:    5 IPs exceeding threshold
  Total HH detections:       3692 events

  Top 5 Attackers (estimated counts, ×32 sampling):
    #1: 10.10.3.42 - 135424 pkts (27046 pps) [HEAVY-HITTER]
    #2: 10.10.3.53 - 134880 pkts (26938 pps) [HEAVY-HITTER]
    #3: 10.10.3.81 - 132736 pkts (26510 pps) [HEAVY-HITTER]
    #4: 10.10.3.129 - 132384 pkts (26439 pps) [HEAVY-HITTER]
    #5: 10.10.3.86 - 132128 pkts (26388 pps) [HEAVY-HITTER]

[RING BUFFER + MULTI-SCALE FEATURES]
=== Temporal Analysis (last 100 windows = 5.0 sec) ===

  Windows processed:         5841
  Buffer utilization:        100/100 (100.0%)
  Running baseline (ML):     14319505 pps (for ML features only)
  Detection mode:            FIXED THRESHOLDS

  [Temporal Features - Last Window]
    Delta PPS (250ms):       +1430386
    Delta PPS (500ms):       +2858312
    PPS Variance:            2710344564736
    Ratio vs Baseline:       1.85x

  [Multi-Scale Features]
    Top IP (50ms):           423 pps
    Top IP (1s):             2144 pps
    Top IP (1min):           25509 pps
    Burst Ratio (50ms/1min): 0.02x
    IP Concentration:        0.7%

[MULTIPLE DETECTION STATISTICS]
=== Aggregate Detection Analysis ===

  Total detection events:    1656
  Average detection latency: 55.34 ms
  Min detection latency:     53.72 ms
  Max detection latency:     1606.50 ms
  Latency range:             1552.78 ms

  Detection Latency Histogram:
    < 20 ms:  0 detections (0.0%)
    20-30 ms: 0 detections (0.0%)
    30-40 ms: 0 detections (0.0%)
    40-50 ms: 0 detections (0.0%)
    > 50 ms:  1655 detections (99.9%)

[PERFORMANCE METRICS]
  Throughput:         18.24 Gbps (10.66 Mpps)
  Cycles available:   280 cycles/pkt (lower = higher load)
  Active IPs:         0
  Worker threads:     14 (lcores 1-14)

[DPDK NIC STATISTICS]
  RX packets (NIC):   3531486787
  RX dropped (HW):    [0m0[0m (imissed)
  RX no mbufs:        [0m0[0m (buffer exhaustion)
  RX errors:          0
  Total drops:        [0m0 (0.00%)[0m
  RX burst calls:     55578963724 (96.1% empty)
  Processed pkts:     3531491233 (100.0% of NIC RX)


╔═══════════════════════════════════════════════════════════════════════╗
║          MIRA DDoS DETECTOR - STATISTICS (MULTI-CORE)                ║
╚═══════════════════════════════════════════════════════════════════════╝

[PACKET COUNTERS - GLOBAL]
  Total packets:      3597595727
  Baseline (10.10.2.x): 1609628071 (44.7%)
  Attack (10.10.3.x): 1096033811 (30.5%)
  TCP packets:        1695234576
  UDP packets:        1763223148
  ICMP packets:       139138003

[INSTANTANEOUS TRAFFIC - Last 5.0 seconds]
  Baseline (10.10.2.x): 26833218 pkts (50.3%)  2657245299 bytes  4.25 Gbps
  Attack (10.10.3.x): 26551692 pkts (49.7%)  8761509581 bytes  14.00 Gbps
  Total throughput:   18.25 Gbps  (avg pkt: 214 bytes)

[CUMULATIVE TRAFFIC - Since first packet (309.4s)]
  Total received:     3597595727 pkts (11.63 Mpps) | 17.20 Gbps | 665324317379 bytes

[ATTACK-SPECIFIC COUNTERS]
  SYN packets:        460384418
  SYN-ACK packets:    230191986
  SYN/ACK ratio:      2.00
  HTTP requests:      785219196
  DNS queries:        278095359

[PROTOCOL-SPECIFIC COUNTERS - CIC-DDoS-2019 Features]
  NTP Amplification:
    Monlist queries:  2412
    Responses:        0  (avg size: 0 bytes)
  DNS Amplification:
    ANY queries:      0
    TXT queries:      0
    Responses:        278093923  (avg size: 108 bytes)
  SNMP Amplification:
    GetBulk requests: 0
    Responses:        0  (avg size: 0 bytes)
  SSDP:
    M-SEARCH packets: 0
    Responses:        17011
  PortMapper:
    GETPORT calls:    16766
    DUMP calls:       0
  NetBIOS:
    Name queries:     18679
    Datagram packets: 16813
  LDAP:
    Bind requests:    0
    Search requests:  16983
  MSSQL:
    SQLBatch packets: 16344
    RPC packets:      0
  TFTP:
    RRQ (read) pkts:  0
    WRQ (write) pkts: 0

[ATTACK DETECTIONS - Cumulative Events]
  UDP flood events:   1656
  UDP-lag events:     19
  SYN flood events:   0
  HTTP flood events:  0
  ICMP flood events:  0
  DNS amp events:     0
  NTP amp events:     0
  SNMP amp events:    0
  SSDP events:        0
  PortMap events:     0
  NetBIOS events:     0
  LDAP events:        0
  MSSQL events:       0
  TFTP events:        0
  ACK flood events:   0
  Frag attack events: 0
  Heavy-hitter events:3784 (OctoSketch per-IP detection)
  Packet flood events:0
  (Note: Events count IPs exceeding thresholds per 50ms window)

[ALERT STATUS]
  Alert level:        [1;31mHIGH[0m
  Reason:             [1;31mHEAVY-HITTER: 10.10.3.2 @ 27629 pps | TREND: attack rising (+1427134/250ms) | [0m

[MULTI-LF (2025) COMPARISON]
=== Detection Performance vs ML-Based System ===

  First Detection Latency:   1606.50 ms (vs MULTI-LF: 866 ms)
    Improvement:             0.5× faster

  Packets until detection:   874838481
  Bytes until detection:     111437274657 (106274.87 MB)

[OCTOSKETCH METRICS - Optimized Architecture]
=== Per-Worker Sketches + Sampling (1/32 packets) ===

  Architecture:              Per-worker (NO atomics, NO contention)
  Total sketch memory:       8961 KB (14 workers × 640.1 KB)
  Sampling rate:             1 in 32 packets (3.1% overhead)
  Attack traffic sampled:    25673280 updates
  Estimated attack packets:  821544960 (×32 sampling factor)
  Sketch overhead:           ~1.56% of fast-path cycles
  Memory efficiency:         O(1) constant, 640.1 KB per worker

[OCTOSKETCH HEAVY-HITTER DETECTION]
=== Top Attackers (per-IP tracking via Count-Min Sketch) ===

  Heavy-hitter threshold:    5000 pps per IP
  Heavy-hitters detected:    5 IPs exceeding threshold
  Total HH detections:       3784 events

  Top 5 Attackers (estimated counts, ×32 sampling):
    #1: 10.10.3.2 - 133856 pkts (26735 pps) [HEAVY-HITTER]
    #2: 10.10.3.145 - 133248 pkts (26614 pps) [HEAVY-HITTER]
    #3: 10.10.3.186 - 132160 pkts (26397 pps) [HEAVY-HITTER]
    #4: 10.10.3.85 - 132128 pkts (26390 pps) [HEAVY-HITTER]
    #5: 10.10.3.195 - 131904 pkts (26345 pps) [HEAVY-HITTER]

[RING BUFFER + MULTI-SCALE FEATURES]
=== Temporal Analysis (last 100 windows = 5.0 sec) ===

  Windows processed:         5933
  Buffer utilization:        100/100 (100.0%)
  Running baseline (ML):     14166140 pps (for ML features only)
  Detection mode:            FIXED THRESHOLDS

  [Temporal Features - Last Window]
    Delta PPS (250ms):       +1427134
    Delta PPS (500ms):       +2855264
    PPS Variance:            2714184450048
    Ratio vs Baseline:       1.87x

  [Multi-Scale Features]
    Top IP (50ms):           436 pps
    Top IP (1s):             20768 pps
    Top IP (1min):           27727 pps
    Burst Ratio (50ms/1min): 0.02x
    IP Concentration:        0.8%

[MULTIPLE DETECTION STATISTICS]
=== Aggregate Detection Analysis ===

  Total detection events:    1656
  Average detection latency: 55.34 ms
  Min detection latency:     53.72 ms
  Max detection latency:     1606.50 ms
  Latency range:             1552.78 ms

  Detection Latency Histogram:
    < 20 ms:  0 detections (0.0%)
    20-30 ms: 0 detections (0.0%)
    30-40 ms: 0 detections (0.0%)
    40-50 ms: 0 detections (0.0%)
    > 50 ms:  1655 detections (99.9%)

[PERFORMANCE METRICS]
  Throughput:         18.25 Gbps (10.66 Mpps)
  Cycles available:   280 cycles/pkt (lower = higher load)
  Active IPs:         0
  Worker threads:     14 (lcores 1-14)

[DPDK NIC STATISTICS]
  RX packets (NIC):   3597591343
  RX dropped (HW):    [0m0[0m (imissed)
  RX no mbufs:        [0m0[0m (buffer exhaustion)
  RX errors:          0
  Total drops:        [0m0 (0.00%)[0m
  RX burst calls:     56231951698 (96.0% empty)
  Processed pkts:     3597595727 (100.0% of NIC RX)


╔═══════════════════════════════════════════════════════════════════════╗
║          MIRA DDoS DETECTOR - STATISTICS (MULTI-CORE)                ║
╚═══════════════════════════════════════════════════════════════════════╝

[PACKET COUNTERS - GLOBAL]
  Total packets:      3664426389
  Baseline (10.10.2.x): 1635596160 (44.6%)
  Attack (10.10.3.x): 1122601190 (30.6%)
  TCP packets:        1723633773
  UDP packets:        1799416888
  ICMP packets:       141375728

[INSTANTANEOUS TRAFFIC - Last 5.0 seconds]
  Baseline (10.10.2.x): 25967517 pkts (49.4%)  2401448074 bytes  3.83 Gbps
  Attack (10.10.3.x): 26566992 pkts (50.6%)  9383430602 bytes  14.98 Gbps
  Total throughput:   18.82 Gbps  (avg pkt: 224 bytes)

[CUMULATIVE TRAFFIC - Since first packet (314.5s)]
  Total received:     3664426389 pkts (11.65 Mpps) | 17.28 Gbps | 679031002300 bytes

[ATTACK-SPECIFIC COUNTERS]
  SYN packets:        468041677
  SYN-ACK packets:    234020613
  SYN/ACK ratio:      2.00
  HTTP requests:      798787777
  DNS queries:        282015854

[PROTOCOL-SPECIFIC COUNTERS - CIC-DDoS-2019 Features]
  NTP Amplification:
    Monlist queries:  2471
    Responses:        0  (avg size: 0 bytes)
  DNS Amplification:
    ANY queries:      0
    TXT queries:      0
    Responses:        282014376  (avg size: 108 bytes)
  SNMP Amplification:
    GetBulk requests: 0
    Responses:        0  (avg size: 0 bytes)
  SSDP:
    M-SEARCH packets: 0
    Responses:        17389
  PortMapper:
    GETPORT calls:    17159
    DUMP calls:       0
  NetBIOS:
    Name queries:     19132
    Datagram packets: 17225
  LDAP:
    Bind requests:    0
    Search requests:  17394
  MSSQL:
    SQLBatch packets: 16731
    RPC packets:      0
  TFTP:
    RRQ (read) pkts:  0
    WRQ (write) pkts: 0

[ATTACK DETECTIONS - Cumulative Events]
  UDP flood events:   1735
  UDP-lag events:     19
  SYN flood events:   0
  HTTP flood events:  0
  ICMP flood events:  0
  DNS amp events:     0
  NTP amp events:     0
  SNMP amp events:    0
  SSDP events:        0
  PortMap events:     0
  NetBIOS events:     0
  LDAP events:        0
  MSSQL events:       0
  TFTP events:        0
  ACK flood events:   0
  Frag attack events: 0
  Heavy-hitter events:3876 (OctoSketch per-IP detection)
  Packet flood events:0
  (Note: Events count IPs exceeding thresholds per 50ms window)

[ALERT STATUS]
  Alert level:        [1;31mHIGH[0m
  Reason:             [1;31mUDP ANOMALY: 7236809 pps | HEAVY-HITTER: 10.10.3.87 @ 27645 pps | TREND: attack rising (+1430266/250ms) | [0m

[MULTI-LF (2025) COMPARISON]
=== Detection Performance vs ML-Based System ===

  First Detection Latency:   1606.50 ms (vs MULTI-LF: 866 ms)
    Improvement:             0.5× faster

  Packets until detection:   874838481
  Bytes until detection:     111437274657 (106274.87 MB)

[OCTOSKETCH METRICS - Optimized Architecture]
=== Per-Worker Sketches + Sampling (1/32 packets) ===

  Architecture:              Per-worker (NO atomics, NO contention)
  Total sketch memory:       8961 KB (14 workers × 640.1 KB)
  Sampling rate:             1 in 32 packets (3.1% overhead)
  Attack traffic sampled:    25687680 updates
  Estimated attack packets:  822005760 (×32 sampling factor)
  Sketch overhead:           ~1.56% of fast-path cycles
  Memory efficiency:         O(1) constant, 640.1 KB per worker

[OCTOSKETCH HEAVY-HITTER DETECTION]
=== Top Attackers (per-IP tracking via Count-Min Sketch) ===

  Heavy-hitter threshold:    5000 pps per IP
  Heavy-hitters detected:    5 IPs exceeding threshold
  Total HH detections:       3876 events

  Top 5 Attackers (estimated counts, ×32 sampling):
    #1: 10.10.3.87 - 134016 pkts (26751 pps) [HEAVY-HITTER]
    #2: 10.10.3.162 - 133952 pkts (26738 pps) [HEAVY-HITTER]
    #3: 10.10.3.157 - 132960 pkts (26540 pps) [HEAVY-HITTER]
    #4: 10.10.3.67 - 132736 pkts (26495 pps) [HEAVY-HITTER]
    #5: 10.10.3.105 - 132736 pkts (26495 pps) [HEAVY-HITTER]

[RING BUFFER + MULTI-SCALE FEATURES]
=== Temporal Analysis (last 100 windows = 5.0 sec) ===

  Windows processed:         6025
  Buffer utilization:        100/100 (100.0%)
  Running baseline (ML):     14170705 pps (for ML features only)
  Detection mode:            FIXED THRESHOLDS

  [Temporal Features - Last Window]
    Delta PPS (250ms):       +1430266
    Delta PPS (500ms):       +2858356
    PPS Variance:            2714654212096
    Ratio vs Baseline:       1.87x

  [Multi-Scale Features]
    Top IP (50ms):           383 pps
    Top IP (1s):             8480 pps
    Top IP (1min):           649 pps
    Burst Ratio (50ms/1min): 0.59x
    IP Concentration:        0.7%

[MULTIPLE DETECTION STATISTICS]
=== Aggregate Detection Analysis ===

  Total detection events:    1735
  Average detection latency: 121.99 ms
  Min detection latency:     53.72 ms
  Max detection latency:     115805.37 ms
  Latency range:             115751.65 ms

  Detection Latency Histogram:
    < 20 ms:  0 detections (0.0%)
    20-30 ms: 0 detections (0.0%)
    30-40 ms: 0 detections (0.0%)
    40-50 ms: 0 detections (0.0%)
    > 50 ms:  1734 detections (99.9%)

[PERFORMANCE METRICS]
  Throughput:         18.82 Gbps (10.49 Mpps)
  Cycles available:   285 cycles/pkt (lower = higher load)
  Active IPs:         0
  Worker threads:     14 (lcores 1-14)

[DPDK NIC STATISTICS]
  RX packets (NIC):   3664421840
  RX dropped (HW):    [0m0[0m (imissed)
  RX no mbufs:        [0m0[0m (buffer exhaustion)
  RX errors:          0
  Total drops:        [0m0 (0.00%)[0m
  RX burst calls:     56864839036 (96.0% empty)
  Processed pkts:     3664426389 (100.0% of NIC RX)


╔═══════════════════════════════════════════════════════════════════════╗
║          MIRA DDoS DETECTOR - STATISTICS (MULTI-CORE)                ║
╚═══════════════════════════════════════════════════════════════════════╝

[PACKET COUNTERS - GLOBAL]
  Total packets:      3731338807
  Baseline (10.10.2.x): 1661456829 (44.5%)
  Attack (10.10.3.x): 1149163876 (30.8%)
  TCP packets:        1751873627
  UDP packets:        1835844488
  ICMP packets:       143620692

[INSTANTANEOUS TRAFFIC - Last 5.0 seconds]
  Baseline (10.10.2.x): 27668985 pkts (51.0%)  2369991974 bytes  3.79 Gbps
  Attack (10.10.3.x): 26562294 pkts (49.0%)  9998356074 bytes  15.97 Gbps
  Total throughput:   19.76 Gbps  (avg pkt: 228 bytes)

[CUMULATIVE TRAFFIC - Since first packet (319.5s)]
  Total received:     3731338807 pkts (11.68 Mpps) | 17.35 Gbps | 692753557855 bytes

[ATTACK-SPECIFIC COUNTERS]
  SYN packets:        475605965
  SYN-ACK packets:    237802745
  SYN/ACK ratio:      2.00
  HTTP requests:      812655603
  DNS queries:        286053410

[PROTOCOL-SPECIFIC COUNTERS - CIC-DDoS-2019 Features]
  NTP Amplification:
    Monlist queries:  2529
    Responses:        0  (avg size: 0 bytes)
  DNS Amplification:
    ANY queries:      0
    TXT queries:      0
    Responses:        286051908  (avg size: 108 bytes)
  SNMP Amplification:
    GetBulk requests: 0
    Responses:        0  (avg size: 0 bytes)
  SSDP:
    M-SEARCH packets: 0
    Responses:        17817
  PortMapper:
    GETPORT calls:    17571
    DUMP calls:       0
  NetBIOS:
    Name queries:     19583
    Datagram packets: 17624
  LDAP:
    Bind requests:    0
    Search requests:  17812
  MSSQL:
    SQLBatch packets: 17141
    RPC packets:      0
  TFTP:
    RRQ (read) pkts:  0
    WRQ (write) pkts: 0

[ATTACK DETECTIONS - Cumulative Events]
  UDP flood events:   1827
  UDP-lag events:     19
  SYN flood events:   0
  HTTP flood events:  0
  ICMP flood events:  0
  DNS amp events:     0
  NTP amp events:     0
  SNMP amp events:    0
  SSDP events:        0
  PortMap events:     0
  NetBIOS events:     0
  LDAP events:        0
  MSSQL events:       0
  TFTP events:        0
  ACK flood events:   0
  Frag attack events: 0
  Heavy-hitter events:3968 (OctoSketch per-IP detection)
  Packet flood events:0
  (Note: Events count IPs exceeding thresholds per 50ms window)

[ALERT STATUS]
  Alert level:        [1;31mHIGH[0m
  Reason:             [1;31mUDP ANOMALY: 7272738 pps | HEAVY-HITTER: 10.10.3.22 @ 27765 pps | TREND: attack rising (+1427692/250ms) | [0m

[MULTI-LF (2025) COMPARISON]
=== Detection Performance vs ML-Based System ===

  First Detection Latency:   1606.50 ms (vs MULTI-LF: 866 ms)
    Improvement:             0.5× faster

  Packets until detection:   874838481
  Bytes until detection:     111437274657 (106274.87 MB)

[OCTOSKETCH METRICS - Optimized Architecture]
=== Per-Worker Sketches + Sampling (1/32 packets) ===

  Architecture:              Per-worker (NO atomics, NO contention)
  Total sketch memory:       8961 KB (14 workers × 640.1 KB)
  Sampling rate:             1 in 32 packets (3.1% overhead)
  Attack traffic sampled:    25682880 updates
  Estimated attack packets:  821852160 (×32 sampling factor)
  Sketch overhead:           ~1.56% of fast-path cycles
  Memory efficiency:         O(1) constant, 640.1 KB per worker

[OCTOSKETCH HEAVY-HITTER DETECTION]
=== Top Attackers (per-IP tracking via Count-Min Sketch) ===

  Heavy-hitter threshold:    5000 pps per IP
  Heavy-hitters detected:    5 IPs exceeding threshold
  Total HH detections:       3968 events

  Top 5 Attackers (estimated counts, ×32 sampling):
    #1: 10.10.3.22 - 134560 pkts (26867 pps) [HEAVY-HITTER]
    #2: 10.10.3.84 - 132928 pkts (26541 pps) [HEAVY-HITTER]
    #3: 10.10.3.11 - 132576 pkts (26471 pps) [HEAVY-HITTER]
    #4: 10.10.3.63 - 132224 pkts (26401 pps) [HEAVY-HITTER]
    #5: 10.10.3.191 - 132096 pkts (26375 pps) [HEAVY-HITTER]

[RING BUFFER + MULTI-SCALE FEATURES]
=== Temporal Analysis (last 100 windows = 5.0 sec) ===

  Windows processed:         6117
  Buffer utilization:        100/100 (100.0%)
  Running baseline (ML):     14171932 pps (for ML features only)
  Detection mode:            FIXED THRESHOLDS

  [Temporal Features - Last Window]
    Delta PPS (250ms):       +1427692
    Delta PPS (500ms):       +2856832
    PPS Variance:            2718050025472
    Ratio vs Baseline:       1.87x

  [Multi-Scale Features]
    Top IP (50ms):           456 pps
    Top IP (1s):             27040 pps
    Top IP (1min):           2913 pps
    Burst Ratio (50ms/1min): 0.16x
    IP Concentration:        0.8%

[MULTIPLE DETECTION STATISTICS]
=== Aggregate Detection Analysis ===

  Total detection events:    1827
  Average detection latency: 118.59 ms
  Min detection latency:     53.72 ms
  Max detection latency:     115805.37 ms
  Latency range:             115751.65 ms

  Detection Latency Histogram:
    < 20 ms:  0 detections (0.0%)
    20-30 ms: 0 detections (0.0%)
    30-40 ms: 0 detections (0.0%)
    40-50 ms: 0 detections (0.0%)
    > 50 ms:  1826 detections (99.9%)

[PERFORMANCE METRICS]
  Throughput:         19.76 Gbps (10.83 Mpps)
  Cycles available:   276 cycles/pkt (lower = higher load)
  Active IPs:         0
  Worker threads:     14 (lcores 1-14)

[DPDK NIC STATISTICS]
  RX packets (NIC):   3731333888
  RX dropped (HW):    [0m0[0m (imissed)
  RX no mbufs:        [0m0[0m (buffer exhaustion)
  RX errors:          0
  Total drops:        [0m0 (0.00%)[0m
  RX burst calls:     57491125710 (96.0% empty)
  Processed pkts:     3731338807 (100.0% of NIC RX)


╔═══════════════════════════════════════════════════════════════════════╗
║          MIRA DDoS DETECTOR - STATISTICS (MULTI-CORE)                ║
╚═══════════════════════════════════════════════════════════════════════╝

[PACKET COUNTERS - GLOBAL]
  Total packets:      3798253704
  Baseline (10.10.2.x): 1687321170 (44.4%)
  Attack (10.10.3.x): 1175724709 (31.0%)
  TCP packets:        1780120839
  UDP packets:        1872266888
  ICMP packets:       145865977

[INSTANTANEOUS TRAFFIC - Last 5.0 seconds]
  Baseline (10.10.2.x): 27669023 pkts (47.7%)  2370438465 bytes  3.79 Gbps
  Attack (10.10.3.x): 30346685 pkts (52.3%)  8764464303 bytes  14.00 Gbps
  Total throughput:   17.79 Gbps  (avg pkt: 192 bytes)

[CUMULATIVE TRAFFIC - Since first packet (324.5s)]
  Total received:     3798253704 pkts (11.71 Mpps) | 17.42 Gbps | 706476897893 bytes

[ATTACK-SPECIFIC COUNTERS]
  SYN packets:        483172003
  SYN-ACK packets:    241585774
  SYN/ACK ratio:      2.00
  HTTP requests:      826528601
  DNS queries:        290088484

[PROTOCOL-SPECIFIC COUNTERS - CIC-DDoS-2019 Features]
  NTP Amplification:
    Monlist queries:  2588
    Responses:        0  (avg size: 0 bytes)
  DNS Amplification:
    ANY queries:      0
    TXT queries:      0
    Responses:        290086943  (avg size: 108 bytes)
  SNMP Amplification:
    GetBulk requests: 0
    Responses:        0  (avg size: 0 bytes)
  SSDP:
    M-SEARCH packets: 0
    Responses:        18244
  PortMapper:
    GETPORT calls:    17986
    DUMP calls:       0
  NetBIOS:
    Name queries:     20034
    Datagram packets: 18033
  LDAP:
    Bind requests:    0
    Search requests:  18220
  MSSQL:
    SQLBatch packets: 17532
    RPC packets:      0
  TFTP:
    RRQ (read) pkts:  0
    WRQ (write) pkts: 0

[ATTACK DETECTIONS - Cumulative Events]
  UDP flood events:   1919
  UDP-lag events:     19
  SYN flood events:   0
  HTTP flood events:  0
  ICMP flood events:  0
  DNS amp events:     0
  NTP amp events:     0
  SNMP amp events:    0
  SSDP events:        0
  PortMap events:     0
  NetBIOS events:     0
  LDAP events:        0
  MSSQL events:       0
  TFTP events:        0
  ACK flood events:   0
  Frag attack events: 0
  Heavy-hitter events:4060 (OctoSketch per-IP detection)
  Packet flood events:0
  (Note: Events count IPs exceeding thresholds per 50ms window)

[ALERT STATUS]
  Alert level:        [1;31mHIGH[0m
  Reason:             [1;31mUDP ANOMALY: 7272848 pps | HEAVY-HITTER: 10.10.3.177 @ 27619 pps | TREND: attack rising (+1426874/250ms) | [0m

[MULTI-LF (2025) COMPARISON]
=== Detection Performance vs ML-Based System ===

  First Detection Latency:   1606.50 ms (vs MULTI-LF: 866 ms)
    Improvement:             0.5× faster

  Packets until detection:   874838481
  Bytes until detection:     111437274657 (106274.87 MB)

[OCTOSKETCH METRICS - Optimized Architecture]
=== Per-Worker Sketches + Sampling (1/32 packets) ===

  Architecture:              Per-worker (NO atomics, NO contention)
  Total sketch memory:       8961 KB (14 workers × 640.1 KB)
  Sampling rate:             1 in 32 packets (3.1% overhead)
  Attack traffic sampled:    25677632 updates
  Estimated attack packets:  821684224 (×32 sampling factor)
  Sketch overhead:           ~1.56% of fast-path cycles
  Memory efficiency:         O(1) constant, 640.1 KB per worker

[OCTOSKETCH HEAVY-HITTER DETECTION]
=== Top Attackers (per-IP tracking via Count-Min Sketch) ===

  Heavy-hitter threshold:    5000 pps per IP
  Heavy-hitters detected:    5 IPs exceeding threshold
  Total HH detections:       4060 events

  Top 5 Attackers (estimated counts, ×32 sampling):
    #1: 10.10.3.177 - 133856 pkts (26726 pps) [HEAVY-HITTER]
    #2: 10.10.3.26 - 133696 pkts (26694 pps) [HEAVY-HITTER]
    #3: 10.10.3.121 - 132992 pkts (26553 pps) [HEAVY-HITTER]
    #4: 10.10.3.52 - 132608 pkts (26477 pps) [HEAVY-HITTER]
    #5: 10.10.3.51 - 132384 pkts (26432 pps) [HEAVY-HITTER]

[RING BUFFER + MULTI-SCALE FEATURES]
=== Temporal Analysis (last 100 windows = 5.0 sec) ===

  Windows processed:         6209
  Buffer utilization:        100/100 (100.0%)
  Running baseline (ML):     17614564 pps (for ML features only)
  Detection mode:            FIXED THRESHOLDS

  [Temporal Features - Last Window]
    Delta PPS (250ms):       +1426874
    Delta PPS (500ms):       +2862722
    PPS Variance:            2721631174656
    Ratio vs Baseline:       1.72x

  [Multi-Scale Features]
    Top IP (50ms):           409 pps
    Top IP (1s):             14144 pps
    Top IP (1min):           5156 pps
    Burst Ratio (50ms/1min): 0.08x
    IP Concentration:        0.7%

[MULTIPLE DETECTION STATISTICS]
=== Aggregate Detection Analysis ===

  Total detection events:    1919
  Average detection latency: 115.52 ms
  Min detection latency:     53.72 ms
  Max detection latency:     115805.37 ms
  Latency range:             115751.65 ms

  Detection Latency Histogram:
    < 20 ms:  0 detections (0.0%)
    20-30 ms: 0 detections (0.0%)
    30-40 ms: 0 detections (0.0%)
    40-50 ms: 0 detections (0.0%)
    > 50 ms:  1918 detections (99.9%)

[PERFORMANCE METRICS]
  Throughput:         17.79 Gbps (11.58 Mpps)
  Cycles available:   258 cycles/pkt (lower = higher load)
  Active IPs:         0
  Worker threads:     14 (lcores 1-14)

[DPDK NIC STATISTICS]
  RX packets (NIC):   3798249108
  RX dropped (HW):    [0m0[0m (imissed)
  RX no mbufs:        [0m0[0m (buffer exhaustion)
  RX errors:          0
  Total drops:        [0m0 (0.00%)[0m
  RX burst calls:     58121154625 (96.0% empty)
  Processed pkts:     3798253704 (100.0% of NIC RX)


╔═══════════════════════════════════════════════════════════════════════╗
║          MIRA DDoS DETECTOR - STATISTICS (MULTI-CORE)                ║
╚═══════════════════════════════════════════════════════════════════════╝

[PACKET COUNTERS - GLOBAL]
  Total packets:      3865187588
  Baseline (10.10.2.x): 1713198418 (44.3%)
  Attack (10.10.3.x): 1202284500 (31.1%)
  TCP packets:        1808381901
  UDP packets:        1908695978
  ICMP packets:       148109709

[INSTANTANEOUS TRAFFIC - Last 5.0 seconds]
  Baseline (10.10.2.x): 27694881 pkts (49.3%)  2710895691 bytes  4.33 Gbps
  Attack (10.10.3.x): 28428791 pkts (50.7%)  9397631575 bytes  15.01 Gbps
  Total throughput:   19.34 Gbps  (avg pkt: 216 bytes)

[CUMULATIVE TRAFFIC - Since first packet (329.5s)]
  Total received:     3865187588 pkts (11.73 Mpps) | 17.49 Gbps | 720202205353 bytes

[ATTACK-SPECIFIC COUNTERS]
  SYN packets:        490742057
  SYN-ACK packets:    245370790
  SYN/ACK ratio:      2.00
  HTTP requests:      840406060
  DNS queries:        294127665

[PROTOCOL-SPECIFIC COUNTERS - CIC-DDoS-2019 Features]
  NTP Amplification:
    Monlist queries:  2647
    Responses:        0  (avg size: 0 bytes)
  DNS Amplification:
    ANY queries:      0
    TXT queries:      0
    Responses:        294126113  (avg size: 108 bytes)
  SNMP Amplification:
    GetBulk requests: 0
    Responses:        0  (avg size: 0 bytes)
  SSDP:
    M-SEARCH packets: 0
    Responses:        18625
  PortMapper:
    GETPORT calls:    18380
    DUMP calls:       0
  NetBIOS:
    Name queries:     20493
    Datagram packets: 18445
  LDAP:
    Bind requests:    0
    Search requests:  18630
  MSSQL:
    SQLBatch packets: 17919
    RPC packets:      0
  TFTP:
    RRQ (read) pkts:  0
    WRQ (write) pkts: 0

[ATTACK DETECTIONS - Cumulative Events]
  UDP flood events:   2011
  UDP-lag events:     19
  SYN flood events:   0
  HTTP flood events:  0
  ICMP flood events:  0
  DNS amp events:     0
  NTP amp events:     0
  SNMP amp events:    0
  SSDP events:        0
  PortMap events:     0
  NetBIOS events:     0
  LDAP events:        0
  MSSQL events:       0
  TFTP events:        0
  ACK flood events:   0
  Frag attack events: 0
  Heavy-hitter events:4152 (OctoSketch per-IP detection)
  Packet flood events:0
  (Note: Events count IPs exceeding thresholds per 50ms window)

[ALERT STATUS]
  Alert level:        [1;31mHIGH[0m
  Reason:             [1;31mUDP ANOMALY: 7273061 pps | HEAVY-HITTER: 10.10.3.166 @ 27843 pps | TREND: attack rising (+1431016/250ms) | [0m

[MULTI-LF (2025) COMPARISON]
=== Detection Performance vs ML-Based System ===

  First Detection Latency:   1606.50 ms (vs MULTI-LF: 866 ms)
    Improvement:             0.5× faster

  Packets until detection:   874838481
  Bytes until detection:     111437274657 (106274.87 MB)

[OCTOSKETCH METRICS - Optimized Architecture]
=== Per-Worker Sketches + Sampling (1/32 packets) ===

  Architecture:              Per-worker (NO atomics, NO contention)
  Total sketch memory:       8961 KB (14 workers × 640.1 KB)
  Sampling rate:             1 in 32 packets (3.1% overhead)
  Attack traffic sampled:    25680448 updates
  Estimated attack packets:  821774336 (×32 sampling factor)
  Sketch overhead:           ~1.56% of fast-path cycles
  Memory efficiency:         O(1) constant, 640.1 KB per worker

[OCTOSKETCH HEAVY-HITTER DETECTION]
=== Top Attackers (per-IP tracking via Count-Min Sketch) ===

  Heavy-hitter threshold:    5000 pps per IP
  Heavy-hitters detected:    5 IPs exceeding threshold
  Total HH detections:       4152 events

  Top 5 Attackers (estimated counts, ×32 sampling):
    #1: 10.10.3.166 - 134944 pkts (26943 pps) [HEAVY-HITTER]
    #2: 10.10.3.117 - 133792 pkts (26713 pps) [HEAVY-HITTER]
    #3: 10.10.3.55 - 133664 pkts (26687 pps) [HEAVY-HITTER]
    #4: 10.10.3.45 - 133440 pkts (26643 pps) [HEAVY-HITTER]
    #5: 10.10.3.43 - 132736 pkts (26502 pps) [HEAVY-HITTER]

[RING BUFFER + MULTI-SCALE FEATURES]
=== Temporal Analysis (last 100 windows = 5.0 sec) ===

  Windows processed:         6301
  Buffer utilization:        100/100 (100.0%)
  Running baseline (ML):     16173988 pps (for ML features only)
  Detection mode:            FIXED THRESHOLDS

  [Temporal Features - Last Window]
    Delta PPS (250ms):       +1431016
    Delta PPS (500ms):       +2859252
    PPS Variance:            2711339401216
    Ratio vs Baseline:       1.75x

  [Multi-Scale Features]
    Top IP (50ms):           403 pps
    Top IP (1s):             1984 pps
    Top IP (1min):           7404 pps
    Burst Ratio (50ms/1min): 0.05x
    IP Concentration:        0.7%

[MULTIPLE DETECTION STATISTICS]
=== Aggregate Detection Analysis ===

  Total detection events:    2011
  Average detection latency: 112.72 ms
  Min detection latency:     53.72 ms
  Max detection latency:     115805.37 ms
  Latency range:             115751.65 ms

  Detection Latency Histogram:
    < 20 ms:  0 detections (0.0%)
    20-30 ms: 0 detections (0.0%)
    30-40 ms: 0 detections (0.0%)
    40-50 ms: 0 detections (0.0%)
    > 50 ms:  2010 detections (100.0%)

[PERFORMANCE METRICS]
  Throughput:         19.34 Gbps (11.21 Mpps)
  Cycles available:   267 cycles/pkt (lower = higher load)
  Active IPs:         0
  Worker threads:     14 (lcores 1-14)

[DPDK NIC STATISTICS]
  RX packets (NIC):   3865183264
  RX dropped (HW):    [0m0[0m (imissed)
  RX no mbufs:        [0m0[0m (buffer exhaustion)
  RX errors:          0
  Total drops:        [0m0 (0.00%)[0m
  RX burst calls:     58753183007 (95.9% empty)
  Processed pkts:     3865187588 (100.0% of NIC RX)


╔═══════════════════════════════════════════════════════════════════════╗
║          MIRA DDoS DETECTOR - STATISTICS (MULTI-CORE)                ║
╚═══════════════════════════════════════════════════════════════════════╝

[PACKET COUNTERS - GLOBAL]
  Total packets:      3932085036
  Baseline (10.10.2.x): 1739056793 (44.2%)
  Attack (10.10.3.x): 1228836336 (31.3%)
  TCP packets:        1836623302
  UDP packets:        1945106713
  ICMP packets:       150355021

[INSTANTANEOUS TRAFFIC - Last 5.0 seconds]
  Baseline (10.10.2.x): 27723946 pkts (51.1%)  2369590871 bytes  3.79 Gbps
  Attack (10.10.3.x): 26551462 pkts (48.9%)  8760971812 bytes  14.00 Gbps
  Total throughput:   17.79 Gbps  (avg pkt: 205 bytes)

[CUMULATIVE TRAFFIC - Since first packet (334.5s)]
  Total received:     3932085036 pkts (11.76 Mpps) | 17.55 Gbps | 733920494449 bytes

[ATTACK-SPECIFIC COUNTERS]
  SYN packets:        498306943
  SYN-ACK packets:    249153234
  SYN/ACK ratio:      2.00
  HTTP requests:      854273005
  DNS queries:        298163204

[PROTOCOL-SPECIFIC COUNTERS - CIC-DDoS-2019 Features]
  NTP Amplification:
    Monlist queries:  2704
    Responses:        0  (avg size: 0 bytes)
  DNS Amplification:
    ANY queries:      0
    TXT queries:      0
    Responses:        298161607  (avg size: 108 bytes)
  SNMP Amplification:
    GetBulk requests: 0
    Responses:        0  (avg size: 0 bytes)
  SSDP:
    M-SEARCH packets: 0
    Responses:        19050
  PortMapper:
    GETPORT calls:    18790
    DUMP calls:       0
  NetBIOS:
    Name queries:     20944
    Datagram packets: 18849
  LDAP:
    Bind requests:    0
    Search requests:  19048
  MSSQL:
    SQLBatch packets: 18324
    RPC packets:      0
  TFTP:
    RRQ (read) pkts:  0
    WRQ (write) pkts: 0

[ATTACK DETECTIONS - Cumulative Events]
  UDP flood events:   2103
  UDP-lag events:     19
  SYN flood events:   0
  HTTP flood events:  0
  ICMP flood events:  0
  DNS amp events:     0
  NTP amp events:     0
  SNMP amp events:    0
  SSDP events:        0
  PortMap events:     0
  NetBIOS events:     0
  LDAP events:        0
  MSSQL events:       0
  TFTP events:        0
  ACK flood events:   0
  Frag attack events: 0
  Heavy-hitter events:4244 (OctoSketch per-IP detection)
  Packet flood events:0
  (Note: Events count IPs exceeding thresholds per 50ms window)

[ALERT STATUS]
  Alert level:        [1;31mHIGH[0m
  Reason:             [1;31mUDP ANOMALY: 7273084 pps | HEAVY-HITTER: 10.10.3.168 @ 27557 pps | TREND: attack rising (+1426930/250ms) | [0m

[MULTI-LF (2025) COMPARISON]
=== Detection Performance vs ML-Based System ===

  First Detection Latency:   1606.50 ms (vs MULTI-LF: 866 ms)
    Improvement:             0.5× faster

  Packets until detection:   874838481
  Bytes until detection:     111437274657 (106274.87 MB)

[OCTOSKETCH METRICS - Optimized Architecture]
=== Per-Worker Sketches + Sampling (1/32 packets) ===

  Architecture:              Per-worker (NO atomics, NO contention)
  Total sketch memory:       8961 KB (14 workers × 640.1 KB)
  Sampling rate:             1 in 32 packets (3.1% overhead)
  Attack traffic sampled:    25671840 updates
  Estimated attack packets:  821498880 (×32 sampling factor)
  Sketch overhead:           ~1.56% of fast-path cycles
  Memory efficiency:         O(1) constant, 640.1 KB per worker

[OCTOSKETCH HEAVY-HITTER DETECTION]
=== Top Attackers (per-IP tracking via Count-Min Sketch) ===

  Heavy-hitter threshold:    5000 pps per IP
  Heavy-hitters detected:    5 IPs exceeding threshold
  Total HH detections:       4244 events

  Top 5 Attackers (estimated counts, ×32 sampling):
    #1: 10.10.3.168 - 133504 pkts (26666 pps) [HEAVY-HITTER]
    #2: 10.10.3.198 - 132704 pkts (26506 pps) [HEAVY-HITTER]
    #3: 10.10.3.151 - 132576 pkts (26480 pps) [HEAVY-HITTER]
    #4: 10.10.3.178 - 132576 pkts (26480 pps) [HEAVY-HITTER]
    #5: 10.10.3.139 - 132544 pkts (26474 pps) [HEAVY-HITTER]

[RING BUFFER + MULTI-SCALE FEATURES]
=== Temporal Analysis (last 100 windows = 5.0 sec) ===

  Windows processed:         6393
  Buffer utilization:        100/100 (100.0%)
  Running baseline (ML):     14315803 pps (for ML features only)
  Detection mode:            FIXED THRESHOLDS

  [Temporal Features - Last Window]
    Delta PPS (250ms):       +1426930
    Delta PPS (500ms):       +2854686
    PPS Variance:            2716362342400
    Ratio vs Baseline:       1.85x

  [Multi-Scale Features]
    Top IP (50ms):           416 pps
    Top IP (1s):             20576 pps
    Top IP (1min):           9627 pps
    Burst Ratio (50ms/1min): 0.04x
    IP Concentration:        0.7%

[MULTIPLE DETECTION STATISTICS]
=== Aggregate Detection Analysis ===

  Total detection events:    2103
  Average detection latency: 110.17 ms
  Min detection latency:     53.72 ms
  Max detection latency:     115805.37 ms
  Latency range:             115751.65 ms

  Detection Latency Histogram:
    < 20 ms:  0 detections (0.0%)
    20-30 ms: 0 detections (0.0%)
    30-40 ms: 0 detections (0.0%)
    40-50 ms: 0 detections (0.0%)
    > 50 ms:  2102 detections (100.0%)

[PERFORMANCE METRICS]
  Throughput:         17.79 Gbps (10.84 Mpps)
  Cycles available:   276 cycles/pkt (lower = higher load)
  Active IPs:         0
  Worker threads:     14 (lcores 1-14)

[DPDK NIC STATISTICS]
  RX packets (NIC):   3932080588
  RX dropped (HW):    [0m0[0m (imissed)
  RX no mbufs:        [0m0[0m (buffer exhaustion)
  RX errors:          0
  Total drops:        [0m0 (0.00%)[0m
  RX burst calls:     59384773228 (95.9% empty)
  Processed pkts:     3932085036 (100.0% of NIC RX)


╔═══════════════════════════════════════════════════════════════════════╗
║          MIRA DDoS DETECTOR - STATISTICS (MULTI-CORE)                ║
╚═══════════════════════════════════════════════════════════════════════╝

[PACKET COUNTERS - GLOBAL]
  Total packets:      3998998088
  Baseline (10.10.2.x): 1764923385 (44.1%)
  Attack (10.10.3.x): 1255393114 (31.4%)
  TCP packets:        1864871678
  UDP packets:        1981526432
  ICMP packets:       152599978

[INSTANTANEOUS TRAFFIC - Last 5.0 seconds]
  Baseline (10.10.2.x): 25866084 pkts (49.3%)  2542664490 bytes  4.06 Gbps
  Attack (10.10.3.x): 26556358 pkts (50.7%)  8763090713 bytes  14.00 Gbps
  Total throughput:   18.06 Gbps  (avg pkt: 216 bytes)

[CUMULATIVE TRAFFIC - Since first packet (339.5s)]
  Total received:     3998998088 pkts (11.78 Mpps) | 17.62 Gbps | 747643030315 bytes

[ATTACK-SPECIFIC COUNTERS]
  SYN packets:        505873265
  SYN-ACK packets:    252936382
  SYN/ACK ratio:      2.00
  HTTP requests:      868146916
  DNS queries:        302197960

[PROTOCOL-SPECIFIC COUNTERS - CIC-DDoS-2019 Features]
  NTP Amplification:
    Monlist queries:  2764
    Responses:        0  (avg size: 0 bytes)
  DNS Amplification:
    ANY queries:      0
    TXT queries:      0
    Responses:        302196305  (avg size: 108 bytes)
  SNMP Amplification:
    GetBulk requests: 0
    Responses:        0  (avg size: 0 bytes)
  SSDP:
    M-SEARCH packets: 0
    Responses:        19478
  PortMapper:
    GETPORT calls:    19204
    DUMP calls:       0
  NetBIOS:
    Name queries:     21396
    Datagram packets: 19249
  LDAP:
    Bind requests:    0
    Search requests:  19455
  MSSQL:
    SQLBatch packets: 18723
    RPC packets:      0
  TFTP:
    RRQ (read) pkts:  0
    WRQ (write) pkts: 0

[ATTACK DETECTIONS - Cumulative Events]
  UDP flood events:   2195
  UDP-lag events:     19
  SYN flood events:   0
  HTTP flood events:  0
  ICMP flood events:  0
  DNS amp events:     0
  NTP amp events:     0
  SNMP amp events:    0
  SSDP events:        0
  PortMap events:     0
  NetBIOS events:     0
  LDAP events:        0
  MSSQL events:       0
  TFTP events:        0
  ACK flood events:   0
  Frag attack events: 0
  Heavy-hitter events:4336 (OctoSketch per-IP detection)
  Packet flood events:0
  (Note: Events count IPs exceeding thresholds per 50ms window)

[ALERT STATUS]
  Alert level:        [1;31mHIGH[0m
  Reason:             [1;31mUDP ANOMALY: 7273011 pps | HEAVY-HITTER: 10.10.3.114 @ 27953 pps | TREND: attack rising (+1431468/250ms) | [0m

[MULTI-LF (2025) COMPARISON]
=== Detection Performance vs ML-Based System ===

  First Detection Latency:   1606.50 ms (vs MULTI-LF: 866 ms)
    Improvement:             0.5× faster

  Packets until detection:   874838481
  Bytes until detection:     111437274657 (106274.87 MB)

[OCTOSKETCH METRICS - Optimized Architecture]
=== Per-Worker Sketches + Sampling (1/32 packets) ===

  Architecture:              Per-worker (NO atomics, NO contention)
  Total sketch memory:       8961 KB (14 workers × 640.1 KB)
  Sampling rate:             1 in 32 packets (3.1% overhead)
  Attack traffic sampled:    25677408 updates
  Estimated attack packets:  821677056 (×32 sampling factor)
  Sketch overhead:           ~1.56% of fast-path cycles
  Memory efficiency:         O(1) constant, 640.1 KB per worker

[OCTOSKETCH HEAVY-HITTER DETECTION]
=== Top Attackers (per-IP tracking via Count-Min Sketch) ===

  Heavy-hitter threshold:    5000 pps per IP
  Heavy-hitters detected:    5 IPs exceeding threshold
  Total HH detections:       4336 events

  Top 5 Attackers (estimated counts, ×32 sampling):
    #1: 10.10.3.114 - 135456 pkts (27050 pps) [HEAVY-HITTER]
    #2: 10.10.3.29 - 134144 pkts (26788 pps) [HEAVY-HITTER]
    #3: 10.10.3.15 - 133280 pkts (26615 pps) [HEAVY-HITTER]
    #4: 10.10.3.40 - 133184 pkts (26596 pps) [HEAVY-HITTER]
    #5: 10.10.3.107 - 133056 pkts (26570 pps) [HEAVY-HITTER]

[RING BUFFER + MULTI-SCALE FEATURES]
=== Temporal Analysis (last 100 windows = 5.0 sec) ===

  Windows processed:         6485
  Buffer utilization:        100/100 (100.0%)
  Running baseline (ML):     14168282 pps (for ML features only)
  Detection mode:            FIXED THRESHOLDS

  [Temporal Features - Last Window]
    Delta PPS (250ms):       +1431468
    Delta PPS (500ms):       +2859160
    PPS Variance:            2713589907456
    Ratio vs Baseline:       1.87x

  [Multi-Scale Features]
    Top IP (50ms):           390 pps
    Top IP (1s):             8480 pps
    Top IP (1min):           11882 pps
    Burst Ratio (50ms/1min): 0.03x
    IP Concentration:        0.7%

[MULTIPLE DETECTION STATISTICS]
=== Aggregate Detection Analysis ===

  Total detection events:    2195
  Average detection latency: 107.84 ms
  Min detection latency:     53.72 ms
  Max detection latency:     115805.37 ms
  Latency range:             115751.65 ms

  Detection Latency Histogram:
    < 20 ms:  0 detections (0.0%)
    20-30 ms: 0 detections (0.0%)
    30-40 ms: 0 detections (0.0%)
    40-50 ms: 0 detections (0.0%)
    > 50 ms:  2194 detections (100.0%)

[PERFORMANCE METRICS]
  Throughput:         18.06 Gbps (10.47 Mpps)
  Cycles available:   286 cycles/pkt (lower = higher load)
  Active IPs:         0
  Worker threads:     14 (lcores 1-14)

[DPDK NIC STATISTICS]
  RX packets (NIC):   3998993076
  RX dropped (HW):    [0m0[0m (imissed)
  RX no mbufs:        [0m0[0m (buffer exhaustion)
  RX errors:          0
  Total drops:        [0m0 (0.00%)[0m
  RX burst calls:     60014157310 (95.9% empty)
  Processed pkts:     3998998088 (100.0% of NIC RX)


╔═══════════════════════════════════════════════════════════════════════╗
║          MIRA DDoS DETECTOR - STATISTICS (MULTI-CORE)                ║
╚═══════════════════════════════════════════════════════════════════════╝

[PACKET COUNTERS - GLOBAL]
  Total packets:      4065899842
  Baseline (10.10.2.x): 1790784771 (44.0%)
  Attack (10.10.3.x): 1281947877 (31.5%)
  TCP packets:        1893113306
  UDP packets:        2017940900
  ICMP packets:       154845636

[INSTANTANEOUS TRAFFIC - Last 5.0 seconds]
  Baseline (10.10.2.x): 25861057 pkts (47.6%)  2370561873 bytes  3.79 Gbps
  Attack (10.10.3.x): 28473748 pkts (52.4%)  9378718709 bytes  14.98 Gbps
  Total throughput:   18.77 Gbps  (avg pkt: 216 bytes)

[CUMULATIVE TRAFFIC - Since first packet (344.5s)]
  Total received:     4065899842 pkts (11.80 Mpps) | 17.68 Gbps | 761363364867 bytes

[ATTACK-SPECIFIC COUNTERS]
  SYN packets:        513438451
  SYN-ACK packets:    256718965
  SYN/ACK ratio:      2.00
  HTTP requests:      882012419
  DNS queries:        306232213

[PROTOCOL-SPECIFIC COUNTERS - CIC-DDoS-2019 Features]
  NTP Amplification:
    Monlist queries:  2822
    Responses:        0  (avg size: 0 bytes)
  DNS Amplification:
    ANY queries:      0
    TXT queries:      0
    Responses:        306230505  (avg size: 108 bytes)
  SNMP Amplification:
    GetBulk requests: 0
    Responses:        0  (avg size: 0 bytes)
  SSDP:
    M-SEARCH packets: 0
    Responses:        19862
  PortMapper:
    GETPORT calls:    19600
    DUMP calls:       0
  NetBIOS:
    Name queries:     21849
    Datagram packets: 19670
  LDAP:
    Bind requests:    0
    Search requests:  19869
  MSSQL:
    SQLBatch packets: 19108
    RPC packets:      0
  TFTP:
    RRQ (read) pkts:  0
    WRQ (write) pkts: 0

[ATTACK DETECTIONS - Cumulative Events]
  UDP flood events:   2287
  UDP-lag events:     19
  SYN flood events:   0
  HTTP flood events:  0
  ICMP flood events:  0
  DNS amp events:     0
  NTP amp events:     0
  SNMP amp events:    0
  SSDP events:        0
  PortMap events:     0
  NetBIOS events:     0
  LDAP events:        0
  MSSQL events:       0
  TFTP events:        0
  ACK flood events:   0
  Frag attack events: 0
  Heavy-hitter events:4428 (OctoSketch per-IP detection)
  Packet flood events:0
  (Note: Events count IPs exceeding thresholds per 50ms window)

[ALERT STATUS]
  Alert level:        [1;31mHIGH[0m
  Reason:             [1;31mUDP ANOMALY: 7271975 pps | HEAVY-HITTER: 10.10.3.175 @ 27658 pps | TREND: attack rising (+1427442/250ms) | [0m

[MULTI-LF (2025) COMPARISON]
=== Detection Performance vs ML-Based System ===

  First Detection Latency:   1606.50 ms (vs MULTI-LF: 866 ms)
    Improvement:             0.5× faster

  Packets until detection:   874838481
  Bytes until detection:     111437274657 (106274.87 MB)

[OCTOSKETCH METRICS - Optimized Architecture]
=== Per-Worker Sketches + Sampling (1/32 packets) ===

  Architecture:              Per-worker (NO atomics, NO contention)
  Total sketch memory:       8961 KB (14 workers × 640.1 KB)
  Sampling rate:             1 in 32 packets (3.1% overhead)
  Attack traffic sampled:    25675776 updates
  Estimated attack packets:  821624832 (×32 sampling factor)
  Sketch overhead:           ~1.56% of fast-path cycles
  Memory efficiency:         O(1) constant, 640.1 KB per worker

[OCTOSKETCH HEAVY-HITTER DETECTION]
=== Top Attackers (per-IP tracking via Count-Min Sketch) ===

  Heavy-hitter threshold:    5000 pps per IP
  Heavy-hitters detected:    5 IPs exceeding threshold
  Total HH detections:       4428 events

  Top 5 Attackers (estimated counts, ×32 sampling):
    #1: 10.10.3.175 - 134016 pkts (26764 pps) [HEAVY-HITTER]
    #2: 10.10.3.36 - 133344 pkts (26630 pps) [HEAVY-HITTER]
    #3: 10.10.3.152 - 133024 pkts (26566 pps) [HEAVY-HITTER]
    #4: 10.10.3.59 - 132672 pkts (26495 pps) [HEAVY-HITTER]
    #5: 10.10.3.138 - 132608 pkts (26483 pps) [HEAVY-HITTER]

[RING BUFFER + MULTI-SCALE FEATURES]
=== Temporal Analysis (last 100 windows = 5.0 sec) ===

  Windows processed:         6577
  Buffer utilization:        100/100 (100.0%)
  Running baseline (ML):     15913122 pps (for ML features only)
  Detection mode:            FIXED THRESHOLDS

  [Temporal Features - Last Window]
    Delta PPS (250ms):       +1427442
    Delta PPS (500ms):       +2854688
    PPS Variance:            2713713377280
    Ratio vs Baseline:       1.78x

  [Multi-Scale Features]
    Top IP (50ms):           429 pps
    Top IP (1s):             26752 pps
    Top IP (1min):           14106 pps
    Burst Ratio (50ms/1min): 0.03x
    IP Concentration:        0.8%

[MULTIPLE DETECTION STATISTICS]
=== Aggregate Detection Analysis ===

  Total detection events:    2287
  Average detection latency: 105.69 ms
  Min detection latency:     53.72 ms
  Max detection latency:     115805.37 ms
  Latency range:             115751.65 ms

  Detection Latency Histogram:
    < 20 ms:  0 detections (0.0%)
    20-30 ms: 0 detections (0.0%)
    30-40 ms: 0 detections (0.0%)
    40-50 ms: 0 detections (0.0%)
    > 50 ms:  2286 detections (100.0%)

[PERFORMANCE METRICS]
  Throughput:         18.77 Gbps (10.85 Mpps)
  Cycles available:   276 cycles/pkt (lower = higher load)
  Active IPs:         0
  Worker threads:     14 (lcores 1-14)

[DPDK NIC STATISTICS]
  RX packets (NIC):   4065895100
  RX dropped (HW):    [0m0[0m (imissed)
  RX no mbufs:        [0m0[0m (buffer exhaustion)
  RX errors:          0
  Total drops:        [0m0 (0.00%)[0m
  RX burst calls:     60643761138 (95.8% empty)
  Processed pkts:     4065899842 (100.0% of NIC RX)


╔═══════════════════════════════════════════════════════════════════════╗
║          MIRA DDoS DETECTOR - STATISTICS (MULTI-CORE)                ║
╚═══════════════════════════════════════════════════════════════════════╝

[PACKET COUNTERS - GLOBAL]
  Total packets:      4132813949
  Baseline (10.10.2.x): 1816648286 (44.0%)
  Attack (10.10.3.x): 1308511297 (31.7%)
  TCP packets:        1921363523
  UDP packets:        2054362000
  ICMP packets:       157088426

[INSTANTANEOUS TRAFFIC - Last 5.0 seconds]
  Baseline (10.10.2.x): 25862936 pkts (47.6%)  2370345674 bytes  3.79 Gbps
  Attack (10.10.3.x): 28481747 pkts (52.4%)  9997179866 bytes  15.97 Gbps
  Total throughput:   19.75 Gbps  (avg pkt: 228 bytes)

[CUMULATIVE TRAFFIC - Since first packet (349.5s)]
  Total received:     4132813949 pkts (11.82 Mpps) | 17.74 Gbps | 775086693225 bytes

[ATTACK-SPECIFIC COUNTERS]
  SYN packets:        521005637
  SYN-ACK packets:    260502564
  SYN/ACK ratio:      2.00
  HTTP requests:      895884241
  DNS queries:        310265896

[PROTOCOL-SPECIFIC COUNTERS - CIC-DDoS-2019 Features]
  NTP Amplification:
    Monlist queries:  2877
    Responses:        0  (avg size: 0 bytes)
  DNS Amplification:
    ANY queries:      0
    TXT queries:      0
    Responses:        310264187  (avg size: 108 bytes)
  SNMP Amplification:
    GetBulk requests: 0
    Responses:        0  (avg size: 0 bytes)
  SSDP:
    M-SEARCH packets: 0
    Responses:        20284
  PortMapper:
    GETPORT calls:    20008
    DUMP calls:       0
  NetBIOS:
    Name queries:     22304
    Datagram packets: 20070
  LDAP:
    Bind requests:    0
    Search requests:  20280
  MSSQL:
    SQLBatch packets: 19508
    RPC packets:      0
  TFTP:
    RRQ (read) pkts:  0
    WRQ (write) pkts: 0

[ATTACK DETECTIONS - Cumulative Events]
  UDP flood events:   2379
  UDP-lag events:     19
  SYN flood events:   0
  HTTP flood events:  0
  ICMP flood events:  0
  DNS amp events:     0
  NTP amp events:     0
  SNMP amp events:    0
  SSDP events:        0
  PortMap events:     0
  NetBIOS events:     0
  LDAP events:        0
  MSSQL events:       0
  TFTP events:        0
  ACK flood events:   0
  Frag attack events: 0
  Heavy-hitter events:4520 (OctoSketch per-IP detection)
  Packet flood events:0
  (Note: Events count IPs exceeding thresholds per 50ms window)

[ALERT STATUS]
  Alert level:        [1;31mHIGH[0m
  Reason:             [1;31mUDP ANOMALY: 7271886 pps | HEAVY-HITTER: 10.10.3.84 @ 27928 pps | TREND: attack rising (+1427360/250ms) | [0m

[MULTI-LF (2025) COMPARISON]
=== Detection Performance vs ML-Based System ===

  First Detection Latency:   1606.50 ms (vs MULTI-LF: 866 ms)
    Improvement:             0.5× faster

  Packets until detection:   874838481
  Bytes until detection:     111437274657 (106274.87 MB)

[OCTOSKETCH METRICS - Optimized Architecture]
=== Per-Worker Sketches + Sampling (1/32 packets) ===

  Architecture:              Per-worker (NO atomics, NO contention)
  Total sketch memory:       8961 KB (14 workers × 640.1 KB)
  Sampling rate:             1 in 32 packets (3.1% overhead)
  Attack traffic sampled:    25680096 updates
  Estimated attack packets:  821763072 (×32 sampling factor)
  Sketch overhead:           ~1.56% of fast-path cycles
  Memory efficiency:         O(1) constant, 640.1 KB per worker

[OCTOSKETCH HEAVY-HITTER DETECTION]
=== Top Attackers (per-IP tracking via Count-Min Sketch) ===

  Heavy-hitter threshold:    5000 pps per IP
  Heavy-hitters detected:    5 IPs exceeding threshold
  Total HH detections:       4520 events

  Top 5 Attackers (estimated counts, ×32 sampling):
    #1: 10.10.3.84 - 135360 pkts (27025 pps) [HEAVY-HITTER]
    #2: 10.10.3.195 - 133408 pkts (26635 pps) [HEAVY-HITTER]
    #3: 10.10.3.187 - 133216 pkts (26597 pps) [HEAVY-HITTER]
    #4: 10.10.3.177 - 132864 pkts (26526 pps) [HEAVY-HITTER]
    #5: 10.10.3.126 - 132640 pkts (26482 pps) [HEAVY-HITTER]

[RING BUFFER + MULTI-SCALE FEATURES]
=== Temporal Analysis (last 100 windows = 5.0 sec) ===

  Windows processed:         6669
  Buffer utilization:        100/100 (100.0%)
  Running baseline (ML):     16072328 pps (for ML features only)
  Detection mode:            FIXED THRESHOLDS

  [Temporal Features - Last Window]
    Delta PPS (250ms):       +1427360
    Delta PPS (500ms):       +2858884
    PPS Variance:            2716284747776
    Ratio vs Baseline:       1.77x

  [Multi-Scale Features]
    Top IP (50ms):           403 pps
    Top IP (1s):             14560 pps
    Top IP (1min):           16348 pps
    Burst Ratio (50ms/1min): 0.02x
    IP Concentration:        0.7%

[MULTIPLE DETECTION STATISTICS]
=== Aggregate Detection Analysis ===

  Total detection events:    2379
  Average detection latency: 103.71 ms
  Min detection latency:     53.72 ms
  Max detection latency:     115805.37 ms
  Latency range:             115751.65 ms

  Detection Latency Histogram:
    < 20 ms:  0 detections (0.0%)
    20-30 ms: 0 detections (0.0%)
    30-40 ms: 0 detections (0.0%)
    40-50 ms: 0 detections (0.0%)
    > 50 ms:  2378 detections (100.0%)

[PERFORMANCE METRICS]
  Throughput:         19.75 Gbps (10.85 Mpps)
  Cycles available:   276 cycles/pkt (lower = higher load)
  Active IPs:         0
  Worker threads:     14 (lcores 1-14)

[DPDK NIC STATISTICS]
  RX packets (NIC):   4132809335
  RX dropped (HW):    [0m0[0m (imissed)
  RX no mbufs:        [0m0[0m (buffer exhaustion)
  RX errors:          0
  Total drops:        [0m0 (0.00%)[0m
  RX burst calls:     61273440361 (95.8% empty)
  Processed pkts:     4132813949 (100.0% of NIC RX)


╔═══════════════════════════════════════════════════════════════════════╗
║          MIRA DDoS DETECTOR - STATISTICS (MULTI-CORE)                ║
╚═══════════════════════════════════════════════════════════════════════╝

[PACKET COUNTERS - GLOBAL]
  Total packets:      4199668934
  Baseline (10.10.2.x): 1842477125 (43.9%)
  Attack (10.10.3.x): 1335066666 (31.8%)
  TCP packets:        1949572813
  UDP packets:        2090765757
  ICMP packets:       159330364

[INSTANTANEOUS TRAFFIC - Last 5.0 seconds]
  Baseline (10.10.2.x): 29519325 pkts (50.9%)  2366954060 bytes  3.78 Gbps
  Attack (10.10.3.x): 28423461 pkts (49.1%)  8762747695 bytes  14.00 Gbps
  Total throughput:   17.78 Gbps  (avg pkt: 192 bytes)

[CUMULATIVE TRAFFIC - Since first packet (354.5s)]
  Total received:     4199668934 pkts (11.85 Mpps) | 17.80 Gbps | 788801441205 bytes

[ATTACK-SPECIFIC COUNTERS]
  SYN packets:        528561589
  SYN-ACK packets:    264280539
  SYN/ACK ratio:      2.00
  HTTP requests:      909738088
  DNS queries:        314296408

[PROTOCOL-SPECIFIC COUNTERS - CIC-DDoS-2019 Features]
  NTP Amplification:
    Monlist queries:  2939
    Responses:        0  (avg size: 0 bytes)
  DNS Amplification:
    ANY queries:      0
    TXT queries:      0
    Responses:        314294668  (avg size: 108 bytes)
  SNMP Amplification:
    GetBulk requests: 0
    Responses:        0  (avg size: 0 bytes)
  SSDP:
    M-SEARCH packets: 0
    Responses:        20711
  PortMapper:
    GETPORT calls:    20423
    DUMP calls:       0
  NetBIOS:
    Name queries:     22754
    Datagram packets: 20469
  LDAP:
    Bind requests:    0
    Search requests:  20688
  MSSQL:
    SQLBatch packets: 19910
    RPC packets:      0
  TFTP:
    RRQ (read) pkts:  0
    WRQ (write) pkts: 0

[ATTACK DETECTIONS - Cumulative Events]
  UDP flood events:   2471
  UDP-lag events:     19
  SYN flood events:   0
  HTTP flood events:  0
  ICMP flood events:  0
  DNS amp events:     0
  NTP amp events:     0
  SNMP amp events:    0
  SSDP events:        0
  PortMap events:     0
  NetBIOS events:     0
  LDAP events:        0
  MSSQL events:       0
  TFTP events:        0
  ACK flood events:   0
  Frag attack events: 0
  Heavy-hitter events:4612 (OctoSketch per-IP detection)
  Packet flood events:0
  (Note: Events count IPs exceeding thresholds per 50ms window)

[ALERT STATUS]
  Alert level:        [1;31mHIGH[0m
  Reason:             [1;31mUDP ANOMALY: 7270758 pps | HEAVY-HITTER: 10.10.3.132 @ 27632 pps | TREND: attack rising (+1431124/250ms) | [0m

[MULTI-LF (2025) COMPARISON]
=== Detection Performance vs ML-Based System ===

  First Detection Latency:   1606.50 ms (vs MULTI-LF: 866 ms)
    Improvement:             0.5× faster

  Packets until detection:   874838481
  Bytes until detection:     111437274657 (106274.87 MB)

[OCTOSKETCH METRICS - Optimized Architecture]
=== Per-Worker Sketches + Sampling (1/32 packets) ===

  Architecture:              Per-worker (NO atomics, NO contention)
  Total sketch memory:       8961 KB (14 workers × 640.1 KB)
  Sampling rate:             1 in 32 packets (3.1% overhead)
  Attack traffic sampled:    25675808 updates
  Estimated attack packets:  821625856 (×32 sampling factor)
  Sketch overhead:           ~1.56% of fast-path cycles
  Memory efficiency:         O(1) constant, 640.1 KB per worker

[OCTOSKETCH HEAVY-HITTER DETECTION]
=== Top Attackers (per-IP tracking via Count-Min Sketch) ===

  Heavy-hitter threshold:    5000 pps per IP
  Heavy-hitters detected:    5 IPs exceeding threshold
  Total HH detections:       4612 events

  Top 5 Attackers (estimated counts, ×32 sampling):
    #1: 10.10.3.132 - 133888 pkts (26738 pps) [HEAVY-HITTER]
    #2: 10.10.3.120 - 133696 pkts (26699 pps) [HEAVY-HITTER]
    #3: 10.10.3.54 - 133280 pkts (26616 pps) [HEAVY-HITTER]
    #4: 10.10.3.75 - 133088 pkts (26578 pps) [HEAVY-HITTER]
    #5: 10.10.3.172 - 132768 pkts (26514 pps) [HEAVY-HITTER]

[RING BUFFER + MULTI-SCALE FEATURES]
=== Temporal Analysis (last 100 windows = 5.0 sec) ===

  Windows processed:         6761
  Buffer utilization:        100/100 (100.0%)
  Running baseline (ML):     16021538 pps (for ML features only)
  Detection mode:            FIXED THRESHOLDS

  [Temporal Features - Last Window]
    Delta PPS (250ms):       +1431124
    Delta PPS (500ms):       +2858310
    PPS Variance:            2709221277696
    Ratio vs Baseline:       1.77x

  [Multi-Scale Features]
    Top IP (50ms):           423 pps
    Top IP (1s):             2048 pps
    Top IP (1min):           18555 pps
    Burst Ratio (50ms/1min): 0.02x
    IP Concentration:        0.7%

[MULTIPLE DETECTION STATISTICS]
=== Aggregate Detection Analysis ===

  Total detection events:    2471
  Average detection latency: 101.87 ms
  Min detection latency:     53.72 ms
  Max detection latency:     115805.37 ms
  Latency range:             115751.65 ms

  Detection Latency Histogram:
    < 20 ms:  0 detections (0.0%)
    20-30 ms: 0 detections (0.0%)
    30-40 ms: 0 detections (0.0%)
    40-50 ms: 0 detections (0.0%)
    > 50 ms:  2470 detections (100.0%)

[PERFORMANCE METRICS]
  Throughput:         17.78 Gbps (11.57 Mpps)
  Cycles available:   258 cycles/pkt (lower = higher load)
  Active IPs:         0
  Worker threads:     14 (lcores 1-14)

[DPDK NIC STATISTICS]
  RX packets (NIC):   4199664395
  RX dropped (HW):    [0m0[0m (imissed)
  RX no mbufs:        [0m0[0m (buffer exhaustion)
  RX errors:          0
  Total drops:        [0m0 (0.00%)[0m
  RX burst calls:     61902329115 (95.8% empty)
  Processed pkts:     4199668934 (100.0% of NIC RX)


╔═══════════════════════════════════════════════════════════════════════╗
║          MIRA DDoS DETECTOR - STATISTICS (MULTI-CORE)                ║
╚═══════════════════════════════════════════════════════════════════════╝

[PACKET COUNTERS - GLOBAL]
  Total packets:      4266576770
  Baseline (10.10.2.x): 1868340825 (43.8%)
  Attack (10.10.3.x): 1361618718 (31.9%)
  TCP packets:        1977820316
  UDP packets:        2127181659
  ICMP packets:       161574795

[INSTANTANEOUS TRAFFIC - Last 5.0 seconds]
  Baseline (10.10.2.x): 25863197 pkts (49.3%)  2369848862 bytes  3.79 Gbps
  Attack (10.10.3.x): 26551577 pkts (50.7%)  8761459549 bytes  14.00 Gbps
  Total throughput:   17.79 Gbps  (avg pkt: 212 bytes)

[CUMULATIVE TRAFFIC - Since first packet (359.5s)]
  Total received:     4266576770 pkts (11.87 Mpps) | 17.86 Gbps | 802521268494 bytes

[ATTACK-SPECIFIC COUNTERS]
  SYN packets:        536127924
  SYN-ACK packets:    268063711
  SYN/ACK ratio:      2.00
  HTTP requests:      923609751
  DNS queries:        318334694

[PROTOCOL-SPECIFIC COUNTERS - CIC-DDoS-2019 Features]
  NTP Amplification:
    Monlist queries:  2997
    Responses:        0  (avg size: 0 bytes)
  DNS Amplification:
    ANY queries:      0
    TXT queries:      0
    Responses:        318332916  (avg size: 108 bytes)
  SNMP Amplification:
    GetBulk requests: 0
    Responses:        0  (avg size: 0 bytes)
  SSDP:
    M-SEARCH packets: 0
    Responses:        21099
  PortMapper:
    GETPORT calls:    20822
    DUMP calls:       0
  NetBIOS:
    Name queries:     23207
    Datagram packets: 20893
  LDAP:
    Bind requests:    0
    Search requests:  21106
  MSSQL:
    SQLBatch packets: 20296
    RPC packets:      0
  TFTP:
    RRQ (read) pkts:  0
    WRQ (write) pkts: 0

[ATTACK DETECTIONS - Cumulative Events]
  UDP flood events:   2563
  UDP-lag events:     19
  SYN flood events:   0
  HTTP flood events:  0
  ICMP flood events:  0
  DNS amp events:     0
  NTP amp events:     0
  SNMP amp events:    0
  SSDP events:        0
  PortMap events:     0
  NetBIOS events:     0
  LDAP events:        0
  MSSQL events:       0
  TFTP events:        0
  ACK flood events:   0
  Frag attack events: 0
  Heavy-hitter events:4704 (OctoSketch per-IP detection)
  Packet flood events:0
  (Note: Events count IPs exceeding thresholds per 50ms window)

[ALERT STATUS]
  Alert level:        [1;31mHIGH[0m
  Reason:             [1;31mUDP ANOMALY: 7273762 pps | HEAVY-HITTER: 10.10.3.102 @ 28012 pps | TREND: attack rising (+1427068/250ms) | [0m

[MULTI-LF (2025) COMPARISON]
=== Detection Performance vs ML-Based System ===

  First Detection Latency:   1606.50 ms (vs MULTI-LF: 866 ms)
    Improvement:             0.5× faster

  Packets until detection:   874838481
  Bytes until detection:     111437274657 (106274.87 MB)

[OCTOSKETCH METRICS - Optimized Architecture]
=== Per-Worker Sketches + Sampling (1/32 packets) ===

  Architecture:              Per-worker (NO atomics, NO contention)
  Total sketch memory:       8961 KB (14 workers × 640.1 KB)
  Sampling rate:             1 in 32 packets (3.1% overhead)
  Attack traffic sampled:    25672192 updates
  Estimated attack packets:  821510144 (×32 sampling factor)
  Sketch overhead:           ~1.56% of fast-path cycles
  Memory efficiency:         O(1) constant, 640.1 KB per worker

[OCTOSKETCH HEAVY-HITTER DETECTION]
=== Top Attackers (per-IP tracking via Count-Min Sketch) ===

  Heavy-hitter threshold:    5000 pps per IP
  Heavy-hitters detected:    5 IPs exceeding threshold
  Total HH detections:       4704 events

  Top 5 Attackers (estimated counts, ×32 sampling):
    #1: 10.10.3.102 - 135712 pkts (27106 pps) [HEAVY-HITTER]
    #2: 10.10.3.173 - 134880 pkts (26939 pps) [HEAVY-HITTER]
    #3: 10.10.3.113 - 133632 pkts (26690 pps) [HEAVY-HITTER]
    #4: 10.10.3.8 - 133344 pkts (26633 pps) [HEAVY-HITTER]
    #5: 10.10.3.43 - 132512 pkts (26466 pps) [HEAVY-HITTER]

[RING BUFFER + MULTI-SCALE FEATURES]
=== Temporal Analysis (last 100 windows = 5.0 sec) ===

  Windows processed:         6853
  Buffer utilization:        100/100 (100.0%)
  Running baseline (ML):     14315482 pps (for ML features only)
  Detection mode:            FIXED THRESHOLDS

  [Temporal Features - Last Window]
    Delta PPS (250ms):       +1427068
    Delta PPS (500ms):       +2853608
    PPS Variance:            2714286686208
    Ratio vs Baseline:       1.85x

  [Multi-Scale Features]
    Top IP (50ms):           390 pps
    Top IP (1s):             20512 pps
    Top IP (1min):           20814 pps
    Burst Ratio (50ms/1min): 0.02x
    IP Concentration:        0.7%

[MULTIPLE DETECTION STATISTICS]
=== Aggregate Detection Analysis ===

  Total detection events:    2563
  Average detection latency: 100.17 ms
  Min detection latency:     53.72 ms
  Max detection latency:     115805.37 ms
  Latency range:             115751.65 ms

  Detection Latency Histogram:
    < 20 ms:  0 detections (0.0%)
    20-30 ms: 0 detections (0.0%)
    30-40 ms: 0 detections (0.0%)
    40-50 ms: 0 detections (0.0%)
    > 50 ms:  2562 detections (100.0%)

[PERFORMANCE METRICS]
  Throughput:         17.79 Gbps (10.47 Mpps)
  Cycles available:   286 cycles/pkt (lower = higher load)
  Active IPs:         0
  Worker threads:     14 (lcores 1-14)

[DPDK NIC STATISTICS]
  RX packets (NIC):   4266571759
  RX dropped (HW):    [0m0[0m (imissed)
  RX no mbufs:        [0m0[0m (buffer exhaustion)
  RX errors:          0
  Total drops:        [0m0 (0.00%)[0m
  RX burst calls:     62531209952 (95.8% empty)
  Processed pkts:     4266576770 (100.0% of NIC RX)


╔═══════════════════════════════════════════════════════════════════════╗
║          MIRA DDoS DETECTOR - STATISTICS (MULTI-CORE)                ║
╚═══════════════════════════════════════════════════════════════════════╝

[PACKET COUNTERS - GLOBAL]
  Total packets:      4333518556
  Baseline (10.10.2.x): 1894221749 (43.7%)
  Attack (10.10.3.x): 1388183597 (32.0%)
  TCP packets:        2006083816
  UDP packets:        2163615529
  ICMP packets:       163819212

[INSTANTANEOUS TRAFFIC - Last 5.0 seconds]
  Baseline (10.10.2.x): 25880464 pkts (47.6%)  2372427397 bytes  3.79 Gbps
  Attack (10.10.3.x): 28482995 pkts (52.4%)  8765345216 bytes  14.00 Gbps
  Total throughput:   17.79 Gbps  (avg pkt: 205 bytes)

[CUMULATIVE TRAFFIC - Since first packet (364.5s)]
  Total received:     4333518556 pkts (11.89 Mpps) | 17.91 Gbps | 816248515510 bytes

[ATTACK-SPECIFIC COUNTERS]
  SYN packets:        543698689
  SYN-ACK packets:    271849090
  SYN/ACK ratio:      2.00
  HTTP requests:      937487822
  DNS queries:        322372070

[PROTOCOL-SPECIFIC COUNTERS - CIC-DDoS-2019 Features]
  NTP Amplification:
    Monlist queries:  3052
    Responses:        0  (avg size: 0 bytes)
  DNS Amplification:
    ANY queries:      0
    TXT queries:      0
    Responses:        322370276  (avg size: 108 bytes)
  SNMP Amplification:
    GetBulk requests: 0
    Responses:        0  (avg size: 0 bytes)
  SSDP:
    M-SEARCH packets: 0
    Responses:        21520
  PortMapper:
    GETPORT calls:    21222
    DUMP calls:       0
  NetBIOS:
    Name queries:     23663
    Datagram packets: 21294
  LDAP:
    Bind requests:    0
    Search requests:  21515
  MSSQL:
    SQLBatch packets: 20695
    RPC packets:      0
  TFTP:
    RRQ (read) pkts:  0
    WRQ (write) pkts: 0

[ATTACK DETECTIONS - Cumulative Events]
  UDP flood events:   2655
  UDP-lag events:     19
  SYN flood events:   0
  HTTP flood events:  0
  ICMP flood events:  0
  DNS amp events:     0
  NTP amp events:     0
  SNMP amp events:    0
  SSDP events:        0
  PortMap events:     0
  NetBIOS events:     0
  LDAP events:        0
  MSSQL events:       0
  TFTP events:        0
  ACK flood events:   0
  Frag attack events: 0
  Heavy-hitter events:4796 (OctoSketch per-IP detection)
  Packet flood events:0
  (Note: Events count IPs exceeding thresholds per 50ms window)

[ALERT STATUS]
  Alert level:        [1;31mHIGH[0m
  Reason:             [1;31mUDP ANOMALY: 7273385 pps | HEAVY-HITTER: 10.10.3.5 @ 27565 pps | TREND: attack rising (+1433058/250ms) | [0m

[MULTI-LF (2025) COMPARISON]
=== Detection Performance vs ML-Based System ===

  First Detection Latency:   1606.50 ms (vs MULTI-LF: 866 ms)
    Improvement:             0.5× faster

  Packets until detection:   874838481
  Bytes until detection:     111437274657 (106274.87 MB)

[OCTOSKETCH METRICS - Optimized Architecture]
=== Per-Worker Sketches + Sampling (1/32 packets) ===

  Architecture:              Per-worker (NO atomics, NO contention)
  Total sketch memory:       8961 KB (14 workers × 640.1 KB)
  Sampling rate:             1 in 32 packets (3.1% overhead)
  Attack traffic sampled:    25685184 updates
  Estimated attack packets:  821925888 (×32 sampling factor)
  Sketch overhead:           ~1.56% of fast-path cycles
  Memory efficiency:         O(1) constant, 640.1 KB per worker

[OCTOSKETCH HEAVY-HITTER DETECTION]
=== Top Attackers (per-IP tracking via Count-Min Sketch) ===

  Heavy-hitter threshold:    5000 pps per IP
  Heavy-hitters detected:    5 IPs exceeding threshold
  Total HH detections:       4796 events

  Top 5 Attackers (estimated counts, ×32 sampling):
    #1: 10.10.3.5 - 133600 pkts (26673 pps) [HEAVY-HITTER]
    #2: 10.10.3.48 - 132864 pkts (26526 pps) [HEAVY-HITTER]
    #3: 10.10.3.16 - 132672 pkts (26487 pps) [HEAVY-HITTER]
    #4: 10.10.3.49 - 132640 pkts (26481 pps) [HEAVY-HITTER]
    #5: 10.10.3.73 - 132512 pkts (26456 pps) [HEAVY-HITTER]

[RING BUFFER + MULTI-SCALE FEATURES]
=== Temporal Analysis (last 100 windows = 5.0 sec) ===

  Windows processed:         6945
  Buffer utilization:        100/100 (100.0%)
  Running baseline (ML):     15916316 pps (for ML features only)
  Detection mode:            FIXED THRESHOLDS

  [Temporal Features - Last Window]
    Delta PPS (250ms):       +1433058
    Delta PPS (500ms):       +2861254
    PPS Variance:            2718409949184
    Ratio vs Baseline:       1.78x

  [Multi-Scale Features]
    Top IP (50ms):           409 pps
    Top IP (1s):             8544 pps
    Top IP (1min):           23028 pps
    Burst Ratio (50ms/1min): 0.02x
    IP Concentration:        0.7%

[MULTIPLE DETECTION STATISTICS]
=== Aggregate Detection Analysis ===

  Total detection events:    2655
  Average detection latency: 98.58 ms
  Min detection latency:     53.72 ms
  Max detection latency:     115805.37 ms
  Latency range:             115751.65 ms

  Detection Latency Histogram:
    < 20 ms:  0 detections (0.0%)
    20-30 ms: 0 detections (0.0%)
    30-40 ms: 0 detections (0.0%)
    40-50 ms: 0 detections (0.0%)
    > 50 ms:  2654 detections (100.0%)

[PERFORMANCE METRICS]
  Throughput:         17.79 Gbps (10.85 Mpps)
  Cycles available:   275 cycles/pkt (lower = higher load)
  Active IPs:         0
  Worker threads:     14 (lcores 1-14)

[DPDK NIC STATISTICS]
  RX packets (NIC):   4333514070
  RX dropped (HW):    [0m0[0m (imissed)
  RX no mbufs:        [0m0[0m (buffer exhaustion)
  RX errors:          0
  Total drops:        [0m0 (0.00%)[0m
  RX burst calls:     63156447018 (95.7% empty)
  Processed pkts:     4333518556 (100.0% of NIC RX)


╔═══════════════════════════════════════════════════════════════════════╗
║          MIRA DDoS DETECTOR - STATISTICS (MULTI-CORE)                ║
╚═══════════════════════════════════════════════════════════════════════╝

[PACKET COUNTERS - GLOBAL]
  Total packets:      4400461895
  Baseline (10.10.2.x): 1920107540 (43.6%)
  Attack (10.10.3.x): 1414738540 (32.1%)
  TCP packets:        2034354575
  UDP packets:        2200040385
  ICMP packets:       166066935

[INSTANTANEOUS TRAFFIC - Last 5.0 seconds]
  Baseline (10.10.2.x): 25885174 pkts (49.4%)  2372173427 bytes  3.79 Gbps
  Attack (10.10.3.x): 26554451 pkts (50.6%)  9395665350 bytes  15.01 Gbps
  Total throughput:   18.80 Gbps  (avg pkt: 224 bytes)

[CUMULATIVE TRAFFIC - Since first packet (369.5s)]
  Total received:     4400461895 pkts (11.91 Mpps) | 17.97 Gbps | 829973918931 bytes

[ATTACK-SPECIFIC COUNTERS]
  SYN packets:        551271286
  SYN-ACK packets:    275635389
  SYN/ACK ratio:      2.00
  HTTP requests:      951370717
  DNS queries:        326411619

[PROTOCOL-SPECIFIC COUNTERS - CIC-DDoS-2019 Features]
  NTP Amplification:
    Monlist queries:  3115
    Responses:        0  (avg size: 0 bytes)
  DNS Amplification:
    ANY queries:      0
    TXT queries:      0
    Responses:        326409785  (avg size: 108 bytes)
  SNMP Amplification:
    GetBulk requests: 0
    Responses:        0  (avg size: 0 bytes)
  SSDP:
    M-SEARCH packets: 0
    Responses:        21945
  PortMapper:
    GETPORT calls:    21642
    DUMP calls:       0
  NetBIOS:
    Name queries:     24114
    Datagram packets: 21693
  LDAP:
    Bind requests:    0
    Search requests:  21925
  MSSQL:
    SQLBatch packets: 21096
    RPC packets:      0
  TFTP:
    RRQ (read) pkts:  0
    WRQ (write) pkts: 0

[ATTACK DETECTIONS - Cumulative Events]
  UDP flood events:   2747
  UDP-lag events:     20
  SYN flood events:   0
  HTTP flood events:  0
  ICMP flood events:  0
  DNS amp events:     0
  NTP amp events:     0
  SNMP amp events:    0
  SSDP events:        0
  PortMap events:     0
  NetBIOS events:     0
  LDAP events:        0
  MSSQL events:       0
  TFTP events:        0
  ACK flood events:   0
  Frag attack events: 0
  Heavy-hitter events:4888 (OctoSketch per-IP detection)
  Packet flood events:0
  (Note: Events count IPs exceeding thresholds per 50ms window)

[ALERT STATUS]
  Alert level:        [1;31mHIGH[0m
  Reason:             [1;31mUDP ANOMALY: 7274284 pps | HEAVY-HITTER: 10.10.3.63 @ 27909 pps | TREND: attack rising (+1428232/250ms) | [0m

[MULTI-LF (2025) COMPARISON]
=== Detection Performance vs ML-Based System ===

  First Detection Latency:   1606.50 ms (vs MULTI-LF: 866 ms)
    Improvement:             0.5× faster

  Packets until detection:   874838481
  Bytes until detection:     111437274657 (106274.87 MB)

[OCTOSKETCH METRICS - Optimized Architecture]
=== Per-Worker Sketches + Sampling (1/32 packets) ===

  Architecture:              Per-worker (NO atomics, NO contention)
  Total sketch memory:       8961 KB (14 workers × 640.1 KB)
  Sampling rate:             1 in 32 packets (3.1% overhead)
  Attack traffic sampled:    25675968 updates
  Estimated attack packets:  821630976 (×32 sampling factor)
  Sketch overhead:           ~1.56% of fast-path cycles
  Memory efficiency:         O(1) constant, 640.1 KB per worker

[OCTOSKETCH HEAVY-HITTER DETECTION]
=== Top Attackers (per-IP tracking via Count-Min Sketch) ===

  Heavy-hitter threshold:    5000 pps per IP
  Heavy-hitters detected:    5 IPs exceeding threshold
  Total HH detections:       4888 events

  Top 5 Attackers (estimated counts, ×32 sampling):
    #1: 10.10.3.63 - 135232 pkts (27007 pps) [HEAVY-HITTER]
    #2: 10.10.3.43 - 133504 pkts (26661 pps) [HEAVY-HITTER]
    #3: 10.10.3.34 - 133408 pkts (26642 pps) [HEAVY-HITTER]
    #4: 10.10.3.181 - 133344 pkts (26630 pps) [HEAVY-HITTER]
    #5: 10.10.3.0 - 132672 pkts (26495 pps) [HEAVY-HITTER]

[RING BUFFER + MULTI-SCALE FEATURES]
=== Temporal Analysis (last 100 windows = 5.0 sec) ===

  Windows processed:         7037
  Buffer utilization:        100/100 (100.0%)
  Running baseline (ML):     14320531 pps (for ML features only)
  Detection mode:            FIXED THRESHOLDS

  [Temporal Features - Last Window]
    Delta PPS (250ms):       +1428232
    Delta PPS (500ms):       +2855612
    PPS Variance:            2714773225472
    Ratio vs Baseline:       1.85x

  [Multi-Scale Features]
    Top IP (50ms):           409 pps
    Top IP (1s):             27008 pps
    Top IP (1min):           25338 pps
    Burst Ratio (50ms/1min): 0.02x
    IP Concentration:        0.7%

[MULTIPLE DETECTION STATISTICS]
=== Aggregate Detection Analysis ===

  Total detection events:    2747
  Average detection latency: 97.10 ms
  Min detection latency:     53.72 ms
  Max detection latency:     115805.37 ms
  Latency range:             115751.65 ms

  Detection Latency Histogram:
    < 20 ms:  0 detections (0.0%)
    20-30 ms: 0 detections (0.0%)
    30-40 ms: 0 detections (0.0%)
    40-50 ms: 0 detections (0.0%)
    > 50 ms:  2746 detections (100.0%)

[PERFORMANCE METRICS]
  Throughput:         18.80 Gbps (10.47 Mpps)
  Cycles available:   286 cycles/pkt (lower = higher load)
  Active IPs:         0
  Worker threads:     14 (lcores 1-14)

[DPDK NIC STATISTICS]
  RX packets (NIC):   4400457027
  RX dropped (HW):    [0m0[0m (imissed)
  RX no mbufs:        [0m0[0m (buffer exhaustion)
  RX errors:          0
  Total drops:        [0m0 (0.00%)[0m
  RX burst calls:     63783544685 (95.7% empty)
  Processed pkts:     4400461895 (100.0% of NIC RX)


╔═══════════════════════════════════════════════════════════════════════╗
║          MIRA DDoS DETECTOR - STATISTICS (MULTI-CORE)                ║
╚═══════════════════════════════════════════════════════════════════════╝

[PACKET COUNTERS - GLOBAL]
  Total packets:      4467486669
  Baseline (10.10.2.x): 1946044668 (43.6%)
  Attack (10.10.3.x): 1441296021 (32.3%)
  TCP packets:        2062682416
  UDP packets:        2236486129
  ICMP packets:       168318124

[INSTANTANEOUS TRAFFIC - Last 5.0 seconds]
  Baseline (10.10.2.x): 25936648 pkts (49.4%)  2377031606 bytes  3.80 Gbps
  Attack (10.10.3.x): 26556861 pkts (50.6%)  8763186995 bytes  14.00 Gbps
  Total throughput:   17.80 Gbps  (avg pkt: 212 bytes)

[CUMULATIVE TRAFFIC - Since first packet (374.5s)]
  Total received:     4467486669 pkts (11.93 Mpps) | 18.02 Gbps | 843709675203 bytes

[ATTACK-SPECIFIC COUNTERS]
  SYN packets:        558859178
  SYN-ACK packets:    279429326
  SYN/ACK ratio:      2.00
  HTTP requests:      965281168
  DNS queries:        330458343

[PROTOCOL-SPECIFIC COUNTERS - CIC-DDoS-2019 Features]
  NTP Amplification:
    Monlist queries:  3172
    Responses:        0  (avg size: 0 bytes)
  DNS Amplification:
    ANY queries:      0
    TXT queries:      0
    Responses:        330456439  (avg size: 108 bytes)
  SNMP Amplification:
    GetBulk requests: 0
    Responses:        0  (avg size: 0 bytes)
  SSDP:
    M-SEARCH packets: 0
    Responses:        22336
  PortMapper:
    GETPORT calls:    22042
    DUMP calls:       0
  NetBIOS:
    Name queries:     24571
    Datagram packets: 22120
  LDAP:
    Bind requests:    0
    Search requests:  22339
  MSSQL:
    SQLBatch packets: 21482
    RPC packets:      0
  TFTP:
    RRQ (read) pkts:  0
    WRQ (write) pkts: 0

[ATTACK DETECTIONS - Cumulative Events]
  UDP flood events:   2839
  UDP-lag events:     20
  SYN flood events:   0
  HTTP flood events:  0
  ICMP flood events:  0
  DNS amp events:     0
  NTP amp events:     0
  SNMP amp events:    0
  SSDP events:        0
  PortMap events:     0
  NetBIOS events:     0
  LDAP events:        0
  MSSQL events:       0
  TFTP events:        0
  ACK flood events:   0
  Frag attack events: 0
  Heavy-hitter events:4980 (OctoSketch per-IP detection)
  Packet flood events:0
  (Note: Events count IPs exceeding thresholds per 50ms window)

[ALERT STATUS]
  Alert level:        [1;31mHIGH[0m
  Reason:             [1;31mUDP ANOMALY: 7277992 pps | HEAVY-HITTER: 10.10.3.120 @ 27656 pps | TREND: attack rising (+1427760/250ms) | [0m

[MULTI-LF (2025) COMPARISON]
=== Detection Performance vs ML-Based System ===

  First Detection Latency:   1606.50 ms (vs MULTI-LF: 866 ms)
    Improvement:             0.5× faster

  Packets until detection:   874838481
  Bytes until detection:     111437274657 (106274.87 MB)

[OCTOSKETCH METRICS - Optimized Architecture]
=== Per-Worker Sketches + Sampling (1/32 packets) ===

  Architecture:              Per-worker (NO atomics, NO contention)
  Total sketch memory:       8961 KB (14 workers × 640.1 KB)
  Sampling rate:             1 in 32 packets (3.1% overhead)
  Attack traffic sampled:    25673632 updates
  Estimated attack packets:  821556224 (×32 sampling factor)
  Sketch overhead:           ~1.56% of fast-path cycles
  Memory efficiency:         O(1) constant, 640.1 KB per worker

[OCTOSKETCH HEAVY-HITTER DETECTION]
=== Top Attackers (per-IP tracking via Count-Min Sketch) ===

  Heavy-hitter threshold:    5000 pps per IP
  Heavy-hitters detected:    5 IPs exceeding threshold
  Total HH detections:       4980 events

  Top 5 Attackers (estimated counts, ×32 sampling):
    #1: 10.10.3.120 - 134016 pkts (26761 pps) [HEAVY-HITTER]
    #2: 10.10.3.177 - 132960 pkts (26550 pps) [HEAVY-HITTER]
    #3: 10.10.3.59 - 132672 pkts (26493 pps) [HEAVY-HITTER]
    #4: 10.10.3.157 - 132480 pkts (26454 pps) [HEAVY-HITTER]
    #5: 10.10.3.6 - 132288 pkts (26416 pps) [HEAVY-HITTER]

[RING BUFFER + MULTI-SCALE FEATURES]
=== Temporal Analysis (last 100 windows = 5.0 sec) ===

  Windows processed:         7129
  Buffer utilization:        100/100 (100.0%)
  Running baseline (ML):     14169327 pps (for ML features only)
  Detection mode:            FIXED THRESHOLDS

  [Temporal Features - Last Window]
    Delta PPS (250ms):       +1427760
    Delta PPS (500ms):       +2858228
    PPS Variance:            2714617774080
    Ratio vs Baseline:       1.87x

  [Multi-Scale Features]
    Top IP (50ms):           376 pps
    Top IP (1s):             14560 pps
    Top IP (1min):           27508 pps
    Burst Ratio (50ms/1min): 0.01x
    IP Concentration:        0.7%

[MULTIPLE DETECTION STATISTICS]
=== Aggregate Detection Analysis ===

  Total detection events:    2839
  Average detection latency: 95.72 ms
  Min detection latency:     53.72 ms
  Max detection latency:     115805.37 ms
  Latency range:             115751.65 ms

  Detection Latency Histogram:
    < 20 ms:  0 detections (0.0%)
    20-30 ms: 0 detections (0.0%)
    30-40 ms: 0 detections (0.0%)
    40-50 ms: 0 detections (0.0%)
    > 50 ms:  2838 detections (100.0%)

[PERFORMANCE METRICS]
  Throughput:         17.80 Gbps (10.48 Mpps)
  Cycles available:   285 cycles/pkt (lower = higher load)
  Active IPs:         0
  Worker threads:     14 (lcores 1-14)

[DPDK NIC STATISTICS]
  RX packets (NIC):   4467481940
  RX dropped (HW):    [0m0[0m (imissed)
  RX no mbufs:        [0m0[0m (buffer exhaustion)
  RX errors:          0
  Total drops:        [0m0 (0.00%)[0m
  RX burst calls:     64412583406 (95.7% empty)
  Processed pkts:     4467486669 (100.0% of NIC RX)


╔═══════════════════════════════════════════════════════════════════════╗
║          MIRA DDoS DETECTOR - STATISTICS (MULTI-CORE)                ║
╚═══════════════════════════════════════════════════════════════════════╝

[PACKET COUNTERS - GLOBAL]
  Total packets:      4534524350
  Baseline (10.10.2.x): 1971981256 (43.5%)
  Attack (10.10.3.x): 1467864998 (32.4%)
  TCP packets:        2091007263
  UDP packets:        2272947205
  ICMP packets:       170569882

[INSTANTANEOUS TRAFFIC - Last 5.0 seconds]
  Baseline (10.10.2.x): 25936124 pkts (49.4%)  2376915894 bytes  3.80 Gbps
  Attack (10.10.3.x): 26568377 pkts (50.6%)  9400495549 bytes  15.01 Gbps
  Total throughput:   18.81 Gbps  (avg pkt: 224 bytes)

[CUMULATIVE TRAFFIC - Since first packet (379.6s)]
  Total received:     4534524350 pkts (11.95 Mpps) | 18.07 Gbps | 857449313910 bytes

[ATTACK-SPECIFIC COUNTERS]
  SYN packets:        566445795
  SYN-ACK packets:    283222634
  SYN/ACK ratio:      2.00
  HTTP requests:      979193908
  DNS queries:        334506401

[PROTOCOL-SPECIFIC COUNTERS - CIC-DDoS-2019 Features]
  NTP Amplification:
    Monlist queries:  3228
    Responses:        0  (avg size: 0 bytes)
  DNS Amplification:
    ANY queries:      0
    TXT queries:      0
    Responses:        334504488  (avg size: 108 bytes)
  SNMP Amplification:
    GetBulk requests: 0
    Responses:        0  (avg size: 0 bytes)
  SSDP:
    M-SEARCH packets: 0
    Responses:        22754
  PortMapper:
    GETPORT calls:    22441
    DUMP calls:       0
  NetBIOS:
    Name queries:     25025
    Datagram packets: 22514
  LDAP:
    Bind requests:    0
    Search requests:  22750
  MSSQL:
    SQLBatch packets: 21885
    RPC packets:      0
  TFTP:
    RRQ (read) pkts:  0
    WRQ (write) pkts: 0

[ATTACK DETECTIONS - Cumulative Events]
  UDP flood events:   2931
  UDP-lag events:     21
  SYN flood events:   0
  HTTP flood events:  0
  ICMP flood events:  0
  DNS amp events:     0
  NTP amp events:     0
  SNMP amp events:    0
  SSDP events:        0
  PortMap events:     0
  NetBIOS events:     0
  LDAP events:        0
  MSSQL events:       0
  TFTP events:        0
  ACK flood events:   0
  Frag attack events: 0
  Heavy-hitter events:5072 (OctoSketch per-IP detection)
  Packet flood events:0
  (Note: Events count IPs exceeding thresholds per 50ms window)

[ALERT STATUS]
  Alert level:        [1;31mHIGH[0m
  Reason:             [1;31mUDP ANOMALY: 7278524 pps | HEAVY-HITTER: 10.10.3.110 @ 27361 pps | TREND: attack rising (+1432560/250ms) | [0m

[MULTI-LF (2025) COMPARISON]
=== Detection Performance vs ML-Based System ===

  First Detection Latency:   1606.50 ms (vs MULTI-LF: 866 ms)
    Improvement:             0.5× faster

  Packets until detection:   874838481
  Bytes until detection:     111437274657 (106274.87 MB)

[OCTOSKETCH METRICS - Optimized Architecture]
=== Per-Worker Sketches + Sampling (1/32 packets) ===

  Architecture:              Per-worker (NO atomics, NO contention)
  Total sketch memory:       8961 KB (14 workers × 640.1 KB)
  Sampling rate:             1 in 32 packets (3.1% overhead)
  Attack traffic sampled:    25689792 updates
  Estimated attack packets:  822073344 (×32 sampling factor)
  Sketch overhead:           ~1.56% of fast-path cycles
  Memory efficiency:         O(1) constant, 640.1 KB per worker

[OCTOSKETCH HEAVY-HITTER DETECTION]
=== Top Attackers (per-IP tracking via Count-Min Sketch) ===

  Heavy-hitter threshold:    5000 pps per IP
  Heavy-hitters detected:    5 IPs exceeding threshold
  Total HH detections:       5072 events

  Top 5 Attackers (estimated counts, ×32 sampling):
    #1: 10.10.3.110 - 132640 pkts (26476 pps) [HEAVY-HITTER]
    #2: 10.10.3.13 - 132512 pkts (26451 pps) [HEAVY-HITTER]
    #3: 10.10.3.56 - 132448 pkts (26438 pps) [HEAVY-HITTER]
    #4: 10.10.3.64 - 132288 pkts (26406 pps) [HEAVY-HITTER]
    #5: 10.10.3.198 - 132224 pkts (26393 pps) [HEAVY-HITTER]

[RING BUFFER + MULTI-SCALE FEATURES]
=== Temporal Analysis (last 100 windows = 5.0 sec) ===

  Windows processed:         7221
  Buffer utilization:        100/100 (100.0%)
  Running baseline (ML):     14171357 pps (for ML features only)
  Detection mode:            FIXED THRESHOLDS

  [Temporal Features - Last Window]
    Delta PPS (250ms):       +1432560
    Delta PPS (500ms):       +2860306
    PPS Variance:            2711633264640
    Ratio vs Baseline:       1.87x

  [Multi-Scale Features]
    Top IP (50ms):           396 pps
    Top IP (1s):             1920 pps
    Top IP (1min):           548 pps
    Burst Ratio (50ms/1min): 0.72x
    IP Concentration:        0.7%

[MULTIPLE DETECTION STATISTICS]
=== Aggregate Detection Analysis ===

  Total detection events:    2931
  Average detection latency: 94.43 ms
  Min detection latency:     53.72 ms
  Max detection latency:     115805.37 ms
  Latency range:             115751.65 ms

  Detection Latency Histogram:
    < 20 ms:  0 detections (0.0%)
    20-30 ms: 0 detections (0.0%)
    30-40 ms: 0 detections (0.0%)
    40-50 ms: 0 detections (0.0%)
    > 50 ms:  2930 detections (100.0%)

[PERFORMANCE METRICS]
  Throughput:         18.81 Gbps (10.48 Mpps)
  Cycles available:   285 cycles/pkt (lower = higher load)
  Active IPs:         0
  Worker threads:     14 (lcores 1-14)

[DPDK NIC STATISTICS]
  RX packets (NIC):   4534519691
  RX dropped (HW):    [0m0[0m (imissed)
  RX no mbufs:        [0m0[0m (buffer exhaustion)
  RX errors:          0
  Total drops:        [0m0 (0.00%)[0m
  RX burst calls:     65038394474 (95.7% empty)
  Processed pkts:     4534524350 (100.0% of NIC RX)


╔═══════════════════════════════════════════════════════════════════════╗
║          MIRA DDoS DETECTOR - STATISTICS (MULTI-CORE)                ║
╚═══════════════════════════════════════════════════════════════════════╝

[PACKET COUNTERS - GLOBAL]
  Total packets:      4601480893
  Baseline (10.10.2.x): 1997879105 (43.4%)
  Attack (10.10.3.x): 1494417210 (32.5%)
  TCP packets:        2119287334
  UDP packets:        2309375916
  ICMP packets:       172817645

[INSTANTANEOUS TRAFFIC - Last 5.0 seconds]
  Baseline (10.10.2.x): 25897359 pkts (49.4%)  2373864101 bytes  3.79 Gbps
  Attack (10.10.3.x): 26551670 pkts (50.6%)  8761560229 bytes  14.00 Gbps
  Total throughput:   17.79 Gbps  (avg pkt: 212 bytes)

[CUMULATIVE TRAFFIC - Since first packet (384.6s)]
  Total received:     4601480893 pkts (11.97 Mpps) | 18.12 Gbps | 871175961681 bytes

[ATTACK-SPECIFIC COUNTERS]
  SYN packets:        574021117
  SYN-ACK packets:    287010281
  SYN/ACK ratio:      2.00
  HTTP requests:      993079624
  DNS queries:        338547366

[PROTOCOL-SPECIFIC COUNTERS - CIC-DDoS-2019 Features]
  NTP Amplification:
    Monlist queries:  3289
    Responses:        0  (avg size: 0 bytes)
  DNS Amplification:
    ANY queries:      0
    TXT queries:      0
    Responses:        338545387  (avg size: 108 bytes)
  SNMP Amplification:
    GetBulk requests: 0
    Responses:        0  (avg size: 0 bytes)
  SSDP:
    M-SEARCH packets: 0
    Responses:        23181
  PortMapper:
    GETPORT calls:    22856
    DUMP calls:       0
  NetBIOS:
    Name queries:     25472
    Datagram packets: 22916
  LDAP:
    Bind requests:    0
    Search requests:  23156
  MSSQL:
    SQLBatch packets: 22284
    RPC packets:      0
  TFTP:
    RRQ (read) pkts:  0
    WRQ (write) pkts: 0

[ATTACK DETECTIONS - Cumulative Events]
  UDP flood events:   3023
  UDP-lag events:     21
  SYN flood events:   0
  HTTP flood events:  0
  ICMP flood events:  0
  DNS amp events:     0
  NTP amp events:     0
  SNMP amp events:    0
  SSDP events:        0
  PortMap events:     0
  NetBIOS events:     0
  LDAP events:        0
  MSSQL events:       0
  TFTP events:        0
  ACK flood events:   0
  Frag attack events: 0
  Heavy-hitter events:5164 (OctoSketch per-IP detection)
  Packet flood events:0
  (Note: Events count IPs exceeding thresholds per 50ms window)

[ALERT STATUS]
  Alert level:        [1;31mHIGH[0m
  Reason:             [1;31mUDP ANOMALY: 7276141 pps | HEAVY-HITTER: 10.10.3.124 @ 27952 pps | TREND: attack rising (+1428490/250ms) | [0m

[MULTI-LF (2025) COMPARISON]
=== Detection Performance vs ML-Based System ===

  First Detection Latency:   1606.50 ms (vs MULTI-LF: 866 ms)
    Improvement:             0.5× faster

  Packets until detection:   874838481
  Bytes until detection:     111437274657 (106274.87 MB)

[OCTOSKETCH METRICS - Optimized Architecture]
=== Per-Worker Sketches + Sampling (1/32 packets) ===

  Architecture:              Per-worker (NO atomics, NO contention)
  Total sketch memory:       8961 KB (14 workers × 640.1 KB)
  Sampling rate:             1 in 32 packets (3.1% overhead)
  Attack traffic sampled:    25672832 updates
  Estimated attack packets:  821530624 (×32 sampling factor)
  Sketch overhead:           ~1.56% of fast-path cycles
  Memory efficiency:         O(1) constant, 640.1 KB per worker

[OCTOSKETCH HEAVY-HITTER DETECTION]
=== Top Attackers (per-IP tracking via Count-Min Sketch) ===

  Heavy-hitter threshold:    5000 pps per IP
  Heavy-hitters detected:    5 IPs exceeding threshold
  Total HH detections:       5164 events

  Top 5 Attackers (estimated counts, ×32 sampling):
    #1: 10.10.3.124 - 135424 pkts (27048 pps) [HEAVY-HITTER]
    #2: 10.10.3.127 - 134176 pkts (26798 pps) [HEAVY-HITTER]
    #3: 10.10.3.186 - 134112 pkts (26786 pps) [HEAVY-HITTER]
    #4: 10.10.3.175 - 132384 pkts (26441 pps) [HEAVY-HITTER]
    #5: 10.10.3.65 - 132000 pkts (26364 pps) [HEAVY-HITTER]

[RING BUFFER + MULTI-SCALE FEATURES]
=== Temporal Analysis (last 100 windows = 5.0 sec) ===

  Windows processed:         7313
  Buffer utilization:        100/100 (100.0%)
  Running baseline (ML):     14166426 pps (for ML features only)
  Detection mode:            FIXED THRESHOLDS

  [Temporal Features - Last Window]
    Delta PPS (250ms):       +1428490
    Delta PPS (500ms):       +2855506
    PPS Variance:            2713682706432
    Ratio vs Baseline:       1.87x

  [Multi-Scale Features]
    Top IP (50ms):           403 pps
    Top IP (1s):             20864 pps
    Top IP (1min):           2844 pps
    Burst Ratio (50ms/1min): 0.14x
    IP Concentration:        0.7%

[MULTIPLE DETECTION STATISTICS]
=== Aggregate Detection Analysis ===

  Total detection events:    3023
  Average detection latency: 93.21 ms
  Min detection latency:     53.72 ms
  Max detection latency:     115805.37 ms
  Latency range:             115751.65 ms

  Detection Latency Histogram:
    < 20 ms:  0 detections (0.0%)
    20-30 ms: 0 detections (0.0%)
    30-40 ms: 0 detections (0.0%)
    40-50 ms: 0 detections (0.0%)
    > 50 ms:  3022 detections (100.0%)

[PERFORMANCE METRICS]
  Throughput:         17.79 Gbps (10.48 Mpps)
  Cycles available:   285 cycles/pkt (lower = higher load)
  Active IPs:         0
  Worker threads:     14 (lcores 1-14)

[DPDK NIC STATISTICS]
  RX packets (NIC):   4601476222
  RX dropped (HW):    [0m0[0m (imissed)
  RX no mbufs:        [0m0[0m (buffer exhaustion)
  RX errors:          0
  Total drops:        [0m0 (0.00%)[0m
  RX burst calls:     65666577144 (95.6% empty)
  Processed pkts:     4601480893 (100.0% of NIC RX)


╔═══════════════════════════════════════════════════════════════════════╗
║          MIRA DDoS DETECTOR - STATISTICS (MULTI-CORE)                ║
╚═══════════════════════════════════════════════════════════════════════╝

[PACKET COUNTERS - GLOBAL]
  Total packets:      4668397829
  Baseline (10.10.2.x): 2023740800 (43.3%)
  Attack (10.10.3.x): 1520983073 (32.6%)
  TCP packets:        2147528853
  UDP packets:        2345808052
  ICMP packets:       175060924

[INSTANTANEOUS TRAFFIC - Last 5.0 seconds]
  Baseline (10.10.2.x): 27749897 pkts (51.1%)  2539253836 bytes  4.05 Gbps
  Attack (10.10.3.x): 26565358 pkts (48.9%)  8766168341 bytes  14.00 Gbps
  Total throughput:   18.05 Gbps  (avg pkt: 208 bytes)

[CUMULATIVE TRAFFIC - Since first packet (389.6s)]
  Total received:     4668397829 pkts (11.98 Mpps) | 18.17 Gbps | 884900289738 bytes

[ATTACK-SPECIFIC COUNTERS]
  SYN packets:        581585868
  SYN-ACK packets:    290792665
  SYN/ACK ratio:      2.00
  HTTP requests:      1006948143
  DNS queries:        342585536

[PROTOCOL-SPECIFIC COUNTERS - CIC-DDoS-2019 Features]
  NTP Amplification:
    Monlist queries:  3348
    Responses:        0  (avg size: 0 bytes)
  DNS Amplification:
    ANY queries:      0
    TXT queries:      0
    Responses:        342583550  (avg size: 108 bytes)
  SNMP Amplification:
    GetBulk requests: 0
    Responses:        0  (avg size: 0 bytes)
  SSDP:
    M-SEARCH packets: 0
    Responses:        23574
  PortMapper:
    GETPORT calls:    23261
    DUMP calls:       0
  NetBIOS:
    Name queries:     25932
    Datagram packets: 23345
  LDAP:
    Bind requests:    0
    Search requests:  23577
  MSSQL:
    SQLBatch packets: 22670
    RPC packets:      0
  TFTP:
    RRQ (read) pkts:  0
    WRQ (write) pkts: 0

[ATTACK DETECTIONS - Cumulative Events]
  UDP flood events:   3115
  UDP-lag events:     21
  SYN flood events:   0
  HTTP flood events:  0
  ICMP flood events:  0
  DNS amp events:     0
  NTP amp events:     0
  SNMP amp events:    0
  SSDP events:        0
  PortMap events:     0
  NetBIOS events:     0
  LDAP events:        0
  MSSQL events:       0
  TFTP events:        0
  ACK flood events:   0
  Frag attack events: 0
  Heavy-hitter events:5256 (OctoSketch per-IP detection)
  Packet flood events:0
  (Note: Events count IPs exceeding thresholds per 50ms window)

[ALERT STATUS]
  Alert level:        [1;31mHIGH[0m
  Reason:             [1;31mUDP ANOMALY: 7272025 pps | HEAVY-HITTER: 10.10.3.194 @ 27666 pps | TREND: attack rising (+1436580/250ms) | [0m

[MULTI-LF (2025) COMPARISON]
=== Detection Performance vs ML-Based System ===

  First Detection Latency:   1606.50 ms (vs MULTI-LF: 866 ms)
    Improvement:             0.5× faster

  Packets until detection:   874838481
  Bytes until detection:     111437274657 (106274.87 MB)

[OCTOSKETCH METRICS - Optimized Architecture]
=== Per-Worker Sketches + Sampling (1/32 packets) ===

  Architecture:              Per-worker (NO atomics, NO contention)
  Total sketch memory:       8961 KB (14 workers × 640.1 KB)
  Sampling rate:             1 in 32 packets (3.1% overhead)
  Attack traffic sampled:    25686016 updates
  Estimated attack packets:  821952512 (×32 sampling factor)
  Sketch overhead:           ~1.56% of fast-path cycles
  Memory efficiency:         O(1) constant, 640.1 KB per worker

[OCTOSKETCH HEAVY-HITTER DETECTION]
=== Top Attackers (per-IP tracking via Count-Min Sketch) ===

  Heavy-hitter threshold:    5000 pps per IP
  Heavy-hitters detected:    5 IPs exceeding threshold
  Total HH detections:       5256 events

  Top 5 Attackers (estimated counts, ×32 sampling):
    #1: 10.10.3.194 - 134112 pkts (26771 pps) [HEAVY-HITTER]
    #2: 10.10.3.115 - 133536 pkts (26656 pps) [HEAVY-HITTER]
    #3: 10.10.3.78 - 132672 pkts (26483 pps) [HEAVY-HITTER]
    #4: 10.10.3.85 - 132512 pkts (26451 pps) [HEAVY-HITTER]
    #5: 10.10.3.190 - 132448 pkts (26439 pps) [HEAVY-HITTER]

[RING BUFFER + MULTI-SCALE FEATURES]
=== Temporal Analysis (last 100 windows = 5.0 sec) ===

  Windows processed:         7405
  Buffer utilization:        100/100 (100.0%)
  Running baseline (ML):     14169836 pps (for ML features only)
  Detection mode:            FIXED THRESHOLDS

  [Temporal Features - Last Window]
    Delta PPS (250ms):       +1436580
    Delta PPS (500ms):       +2864218
    PPS Variance:            2718831738880
    Ratio vs Baseline:       1.87x

  [Multi-Scale Features]
    Top IP (50ms):           376 pps
    Top IP (1s):             8672 pps
    Top IP (1min):           5109 pps
    Burst Ratio (50ms/1min): 0.07x
    IP Concentration:        0.7%

[MULTIPLE DETECTION STATISTICS]
=== Aggregate Detection Analysis ===

  Total detection events:    3115
  Average detection latency: 92.06 ms
  Min detection latency:     53.72 ms
  Max detection latency:     115805.37 ms
  Latency range:             115751.65 ms

  Detection Latency Histogram:
    < 20 ms:  0 detections (0.0%)
    20-30 ms: 0 detections (0.0%)
    30-40 ms: 0 detections (0.0%)
    40-50 ms: 0 detections (0.0%)
    > 50 ms:  3114 detections (100.0%)

[PERFORMANCE METRICS]
  Throughput:         18.05 Gbps (10.84 Mpps)
  Cycles available:   276 cycles/pkt (lower = higher load)
  Active IPs:         0
  Worker threads:     14 (lcores 1-14)

[DPDK NIC STATISTICS]
  RX packets (NIC):   4668393181
  RX dropped (HW):    [0m0[0m (imissed)
  RX no mbufs:        [0m0[0m (buffer exhaustion)
  RX errors:          0
  Total drops:        [0m0 (0.00%)[0m
  RX burst calls:     66299967730 (95.6% empty)
  Processed pkts:     4668397829 (100.0% of NIC RX)


╔═══════════════════════════════════════════════════════════════════════╗
║          MIRA DDoS DETECTOR - STATISTICS (MULTI-CORE)                ║
╚═══════════════════════════════════════════════════════════════════════╝

[PACKET COUNTERS - GLOBAL]
  Total packets:      4734568651
  Baseline (10.10.2.x): 2049408050 (43.3%)
  Attack (10.10.3.x): 1547555337 (32.7%)
  TCP packets:        2174525229
  UDP packets:        2382779988
  ICMP packets:       177263434

[INSTANTANEOUS TRAFFIC - Last 5.0 seconds]
  Baseline (10.10.2.x): 25666646 pkts (49.1%)  2422645659 bytes  3.87 Gbps
  Attack (10.10.3.x): 26571731 pkts (50.9%)  8767840391 bytes  14.00 Gbps
  Total throughput:   17.87 Gbps  (avg pkt: 214 bytes)

[CUMULATIVE TRAFFIC - Since first packet (394.6s)]
  Total received:     4734568651 pkts (12.00 Mpps) | 18.22 Gbps | 898461570466 bytes

[ATTACK-SPECIFIC COUNTERS]
  SYN packets:        588981198
  SYN-ACK packets:    294490328
  SYN/ACK ratio:      2.00
  HTTP requests:      1018974440
  DNS queries:        346907661

[PROTOCOL-SPECIFIC COUNTERS - CIC-DDoS-2019 Features]
  NTP Amplification:
    Monlist queries:  3404
    Responses:        0  (avg size: 0 bytes)
  DNS Amplification:
    ANY queries:      0
    TXT queries:      0
    Responses:        346905640  (avg size: 108 bytes)
  SNMP Amplification:
    GetBulk requests: 0
    Responses:        0  (avg size: 0 bytes)
  SSDP:
    M-SEARCH packets: 0
    Responses:        23988
  PortMapper:
    GETPORT calls:    23655
    DUMP calls:       0
  NetBIOS:
    Name queries:     26384
    Datagram packets: 23738
  LDAP:
    Bind requests:    0
    Search requests:  23981
  MSSQL:
    SQLBatch packets: 23072
    RPC packets:      0
  TFTP:
    RRQ (read) pkts:  0
    WRQ (write) pkts: 0

[ATTACK DETECTIONS - Cumulative Events]
  UDP flood events:   3207
  UDP-lag events:     21
  SYN flood events:   0
  HTTP flood events:  0
  ICMP flood events:  0
  DNS amp events:     0
  NTP amp events:     0
  SNMP amp events:    0
  SSDP events:        0
  PortMap events:     0
  NetBIOS events:     0
  LDAP events:        0
  MSSQL events:       0
  TFTP events:        0
  ACK flood events:   0
  Frag attack events: 0
  Heavy-hitter events:5348 (OctoSketch per-IP detection)
  Packet flood events:0
  (Note: Events count IPs exceeding thresholds per 50ms window)

[ALERT STATUS]
  Alert level:        [1;31mHIGH[0m
  Reason:             [1;31mUDP ANOMALY: 7382927 pps | HEAVY-HITTER: 10.10.3.145 @ 27933 pps | TREND: attack rising (+1428738/250ms) | [0m

[MULTI-LF (2025) COMPARISON]
=== Detection Performance vs ML-Based System ===

  First Detection Latency:   1606.50 ms (vs MULTI-LF: 866 ms)
    Improvement:             0.5× faster

  Packets until detection:   874838481
  Bytes until detection:     111437274657 (106274.87 MB)

[OCTOSKETCH METRICS - Optimized Architecture]
=== Per-Worker Sketches + Sampling (1/32 packets) ===

  Architecture:              Per-worker (NO atomics, NO contention)
  Total sketch memory:       8961 KB (14 workers × 640.1 KB)
  Sampling rate:             1 in 32 packets (3.1% overhead)
  Attack traffic sampled:    25691680 updates
  Estimated attack packets:  822133760 (×32 sampling factor)
  Sketch overhead:           ~1.56% of fast-path cycles
  Memory efficiency:         O(1) constant, 640.1 KB per worker

[OCTOSKETCH HEAVY-HITTER DETECTION]
=== Top Attackers (per-IP tracking via Count-Min Sketch) ===

  Heavy-hitter threshold:    5000 pps per IP
  Heavy-hitters detected:    5 IPs exceeding threshold
  Total HH detections:       5348 events

  Top 5 Attackers (estimated counts, ×32 sampling):
    #1: 10.10.3.145 - 135424 pkts (27029 pps) [HEAVY-HITTER]
    #2: 10.10.3.177 - 134080 pkts (26760 pps) [HEAVY-HITTER]
    #3: 10.10.3.77 - 134048 pkts (26754 pps) [HEAVY-HITTER]
    #4: 10.10.3.27 - 133120 pkts (26569 pps) [HEAVY-HITTER]
    #5: 10.10.3.178 - 133088 pkts (26562 pps) [HEAVY-HITTER]

[RING BUFFER + MULTI-SCALE FEATURES]
=== Temporal Analysis (last 100 windows = 5.0 sec) ===

  Windows processed:         7497
  Buffer utilization:        100/100 (100.0%)
  Running baseline (ML):     14176815 pps (for ML features only)
  Detection mode:            FIXED THRESHOLDS

  [Temporal Features - Last Window]
    Delta PPS (250ms):       +1428738
    Delta PPS (500ms):       +2857392
    PPS Variance:            2717710024704
    Ratio vs Baseline:       1.87x

  [Multi-Scale Features]
    Top IP (50ms):           429 pps
    Top IP (1s):             27232 pps
    Top IP (1min):           7351 pps
    Burst Ratio (50ms/1min): 0.06x
    IP Concentration:        0.8%

[MULTIPLE DETECTION STATISTICS]
=== Aggregate Detection Analysis ===

  Total detection events:    3207
  Average detection latency: 90.99 ms
  Min detection latency:     53.72 ms
  Max detection latency:     115805.37 ms
  Latency range:             115751.65 ms

  Detection Latency Histogram:
    < 20 ms:  0 detections (0.0%)
    20-30 ms: 0 detections (0.0%)
    30-40 ms: 0 detections (0.0%)
    40-50 ms: 0 detections (0.0%)
    > 50 ms:  3206 detections (100.0%)

[PERFORMANCE METRICS]
  Throughput:         17.87 Gbps (10.43 Mpps)
  Cycles available:   287 cycles/pkt (lower = higher load)
  Active IPs:         0
  Worker threads:     14 (lcores 1-14)

[DPDK NIC STATISTICS]
  RX packets (NIC):   4734564384
  RX dropped (HW):    [0m0[0m (imissed)
  RX no mbufs:        [0m0[0m (buffer exhaustion)
  RX errors:          0
  Total drops:        [0m0 (0.00%)[0m
  RX burst calls:     66947425772 (95.6% empty)
  Processed pkts:     4734568651 (100.0% of NIC RX)


╔═══════════════════════════════════════════════════════════════════════╗
║          MIRA DDoS DETECTOR - STATISTICS (MULTI-CORE)                ║
╚═══════════════════════════════════════════════════════════════════════╝

[PACKET COUNTERS - GLOBAL]
  Total packets:      4800719183
  Baseline (10.10.2.x): 2075087587 (43.2%)
  Attack (10.10.3.x): 1574129776 (32.8%)
  TCP packets:        2201437542
  UDP packets:        2419817069
  ICMP packets:       179464572

[INSTANTANEOUS TRAFFIC - Last 5.0 seconds]
  Baseline (10.10.2.x): 27552068 pkts (49.2%)  2607536343 bytes  4.16 Gbps
  Attack (10.10.3.x): 28492734 pkts (50.8%)  8768983251 bytes  14.00 Gbps
  Total throughput:   18.16 Gbps  (avg pkt: 203 bytes)

[CUMULATIVE TRAFFIC - Since first packet (399.6s)]
  Total received:     4800719183 pkts (12.01 Mpps) | 18.26 Gbps | 912014818667 bytes

[ATTACK-SPECIFIC COUNTERS]
  SYN packets:        596368968
  SYN-ACK packets:    298184210
  SYN/ACK ratio:      2.00
  HTTP requests:      1030847294
  DNS queries:        351260874

[PROTOCOL-SPECIFIC COUNTERS - CIC-DDoS-2019 Features]
  NTP Amplification:
    Monlist queries:  3465
    Responses:        0  (avg size: 0 bytes)
  DNS Amplification:
    ANY queries:      0
    TXT queries:      0
    Responses:        351258806  (avg size: 108 bytes)
  SNMP Amplification:
    GetBulk requests: 0
    Responses:        0  (avg size: 0 bytes)
  SSDP:
    M-SEARCH packets: 0
    Responses:        24416
  PortMapper:
    GETPORT calls:    24077
    DUMP calls:       0
  NetBIOS:
    Name queries:     26827
    Datagram packets: 24142
  LDAP:
    Bind requests:    0
    Search requests:  24389
  MSSQL:
    SQLBatch packets: 23474
    RPC packets:      0
  TFTP:
    RRQ (read) pkts:  0
    WRQ (write) pkts: 0

[ATTACK DETECTIONS - Cumulative Events]
  UDP flood events:   3299
  UDP-lag events:     21
  SYN flood events:   0
  HTTP flood events:  0
  ICMP flood events:  0
  DNS amp events:     0
  NTP amp events:     0
  SNMP amp events:    0
  SSDP events:        0
  PortMap events:     0
  NetBIOS events:     0
  LDAP events:        0
  MSSQL events:       0
  TFTP events:        0
  ACK flood events:   0
  Frag attack events: 0
  Heavy-hitter events:5440 (OctoSketch per-IP detection)
  Packet flood events:0
  (Note: Events count IPs exceeding thresholds per 50ms window)

[ALERT STATUS]
  Alert level:        [1;31mHIGH[0m
  Reason:             [1;31mUDP ANOMALY: 7391067 pps | HEAVY-HITTER: 10.10.3.55 @ 27678 pps | TREND: attack rising (+1429534/250ms) | [0m

[MULTI-LF (2025) COMPARISON]
=== Detection Performance vs ML-Based System ===

  First Detection Latency:   1606.50 ms (vs MULTI-LF: 866 ms)
    Improvement:             0.5× faster

  Packets until detection:   874838481
  Bytes until detection:     111437274657 (106274.87 MB)

[OCTOSKETCH METRICS - Optimized Architecture]
=== Per-Worker Sketches + Sampling (1/32 packets) ===

  Architecture:              Per-worker (NO atomics, NO contention)
  Total sketch memory:       8961 KB (14 workers × 640.1 KB)
  Sampling rate:             1 in 32 packets (3.1% overhead)
  Attack traffic sampled:    25690048 updates
  Estimated attack packets:  822081536 (×32 sampling factor)
  Sketch overhead:           ~1.56% of fast-path cycles
  Memory efficiency:         O(1) constant, 640.1 KB per worker

[OCTOSKETCH HEAVY-HITTER DETECTION]
=== Top Attackers (per-IP tracking via Count-Min Sketch) ===

  Heavy-hitter threshold:    5000 pps per IP
  Heavy-hitters detected:    5 IPs exceeding threshold
  Total HH detections:       5440 events

  Top 5 Attackers (estimated counts, ×32 sampling):
    #1: 10.10.3.55 - 134208 pkts (26783 pps) [HEAVY-HITTER]
    #2: 10.10.3.20 - 133824 pkts (26706 pps) [HEAVY-HITTER]
    #3: 10.10.3.153 - 133088 pkts (26559 pps) [HEAVY-HITTER]
    #4: 10.10.3.15 - 132768 pkts (26495 pps) [HEAVY-HITTER]
    #5: 10.10.3.110 - 132224 pkts (26387 pps) [HEAVY-HITTER]

[RING BUFFER + MULTI-SCALE FEATURES]
=== Temporal Analysis (last 100 windows = 5.0 sec) ===

  Windows processed:         7589
  Buffer utilization:        100/100 (100.0%)
  Running baseline (ML):     15923086 pps (for ML features only)
  Detection mode:            FIXED THRESHOLDS

  [Temporal Features - Last Window]
    Delta PPS (250ms):       +1429534
    Delta PPS (500ms):       +2861046
    PPS Variance:            2718361190400
    Ratio vs Baseline:       1.78x

  [Multi-Scale Features]
    Top IP (50ms):           403 pps
    Top IP (1s):             14976 pps
    Top IP (1min):           9614 pps
    Burst Ratio (50ms/1min): 0.04x
    IP Concentration:        0.7%

[MULTIPLE DETECTION STATISTICS]
=== Aggregate Detection Analysis ===

  Total detection events:    3299
  Average detection latency: 89.97 ms
  Min detection latency:     53.72 ms
  Max detection latency:     115805.37 ms
  Latency range:             115751.65 ms

  Detection Latency Histogram:
    < 20 ms:  0 detections (0.0%)
    20-30 ms: 0 detections (0.0%)
    30-40 ms: 0 detections (0.0%)
    40-50 ms: 0 detections (0.0%)
    > 50 ms:  3298 detections (100.0%)

[PERFORMANCE METRICS]
  Throughput:         18.16 Gbps (11.18 Mpps)
  Cycles available:   267 cycles/pkt (lower = higher load)
  Active IPs:         0
  Worker threads:     14 (lcores 1-14)

[DPDK NIC STATISTICS]
  RX packets (NIC):   4800714304
  RX dropped (HW):    [0m0[0m (imissed)
  RX no mbufs:        [0m0[0m (buffer exhaustion)
  RX errors:          0
  Total drops:        [0m0 (0.00%)[0m
  RX burst calls:     67597349059 (95.6% empty)
  Processed pkts:     4800719183 (100.0% of NIC RX)


╔═══════════════════════════════════════════════════════════════════════╗
║          MIRA DDoS DETECTOR - STATISTICS (MULTI-CORE)                ║
╚═══════════════════════════════════════════════════════════════════════╝

[PACKET COUNTERS - GLOBAL]
  Total packets:      4866839275
  Baseline (10.10.2.x): 2100751799 (43.2%)
  Attack (10.10.3.x): 1600698413 (32.9%)
  TCP packets:        2228335883
  UDP packets:        2456840780
  ICMP packets:       181662612

[INSTANTANEOUS TRAFFIC - Last 5.0 seconds]
  Baseline (10.10.2.x): 25663615 pkts (49.1%)  2429040281 bytes  3.88 Gbps
  Attack (10.10.3.x): 26567989 pkts (50.9%)  8766854084 bytes  14.00 Gbps
  Total throughput:   17.88 Gbps  (avg pkt: 214 bytes)

[CUMULATIVE TRAFFIC - Since first packet (404.6s)]
  Total received:     4866839275 pkts (12.03 Mpps) | 18.30 Gbps | 925563098578 bytes

[ATTACK-SPECIFIC COUNTERS]
  SYN packets:        603752967
  SYN-ACK packets:    301876202
  SYN/ACK ratio:      2.00
  HTTP requests:      1042713383
  DNS queries:        355610933

[PROTOCOL-SPECIFIC COUNTERS - CIC-DDoS-2019 Features]
  NTP Amplification:
    Monlist queries:  3524
    Responses:        0  (avg size: 0 bytes)
  DNS Amplification:
    ANY queries:      0
    TXT queries:      0
    Responses:        355608833  (avg size: 108 bytes)
  SNMP Amplification:
    GetBulk requests: 0
    Responses:        0  (avg size: 0 bytes)
  SSDP:
    M-SEARCH packets: 0
    Responses:        24812
  PortMapper:
    GETPORT calls:    24483
    DUMP calls:       0
  NetBIOS:
    Name queries:     27291
    Datagram packets: 24567
  LDAP:
    Bind requests:    0
    Search requests:  24812
  MSSQL:
    SQLBatch packets: 23857
    RPC packets:      0
  TFTP:
    RRQ (read) pkts:  0
    WRQ (write) pkts: 0

[ATTACK DETECTIONS - Cumulative Events]
  UDP flood events:   3391
  UDP-lag events:     21
  SYN flood events:   0
  HTTP flood events:  0
  ICMP flood events:  0
  DNS amp events:     0
  NTP amp events:     0
  SNMP amp events:    0
  SSDP events:        0
  PortMap events:     0
  NetBIOS events:     0
  LDAP events:        0
  MSSQL events:       0
  TFTP events:        0
  ACK flood events:   0
  Frag attack events: 0
  Heavy-hitter events:5532 (OctoSketch per-IP detection)
  Packet flood events:0
  (Note: Events count IPs exceeding thresholds per 50ms window)

[ALERT STATUS]
  Alert level:        [1;31mHIGH[0m
  Reason:             [1;31mUDP ANOMALY: 7389430 pps | HEAVY-HITTER: 10.10.3.75 @ 27962 pps | TREND: attack rising (+1431624/250ms) | [0m

[MULTI-LF (2025) COMPARISON]
=== Detection Performance vs ML-Based System ===

  First Detection Latency:   1606.50 ms (vs MULTI-LF: 866 ms)
    Improvement:             0.5× faster

  Packets until detection:   874838481
  Bytes until detection:     111437274657 (106274.87 MB)

[OCTOSKETCH METRICS - Optimized Architecture]
=== Per-Worker Sketches + Sampling (1/32 packets) ===

  Architecture:              Per-worker (NO atomics, NO contention)
  Total sketch memory:       8961 KB (14 workers × 640.1 KB)
  Sampling rate:             1 in 32 packets (3.1% overhead)
  Attack traffic sampled:    25687744 updates
  Estimated attack packets:  822007808 (×32 sampling factor)
  Sketch overhead:           ~1.56% of fast-path cycles
  Memory efficiency:         O(1) constant, 640.1 KB per worker

[OCTOSKETCH HEAVY-HITTER DETECTION]
=== Top Attackers (per-IP tracking via Count-Min Sketch) ===

  Heavy-hitter threshold:    5000 pps per IP
  Heavy-hitters detected:    5 IPs exceeding threshold
  Total HH detections:       5532 events

  Top 5 Attackers (estimated counts, ×32 sampling):
    #1: 10.10.3.75 - 135552 pkts (27057 pps) [HEAVY-HITTER]
    #2: 10.10.3.87 - 134304 pkts (26808 pps) [HEAVY-HITTER]
    #3: 10.10.3.155 - 133152 pkts (26578 pps) [HEAVY-HITTER]
    #4: 10.10.3.93 - 132736 pkts (26495 pps) [HEAVY-HITTER]
    #5: 10.10.3.127 - 132224 pkts (26393 pps) [HEAVY-HITTER]

[RING BUFFER + MULTI-SCALE FEATURES]
=== Temporal Analysis (last 100 windows = 5.0 sec) ===

  Windows processed:         7681
  Buffer utilization:        100/100 (100.0%)
  Running baseline (ML):     14328773 pps (for ML features only)
  Detection mode:            FIXED THRESHOLDS

  [Temporal Features - Last Window]
    Delta PPS (250ms):       +1431624
    Delta PPS (500ms):       +2858770
    PPS Variance:            2710012952576
    Ratio vs Baseline:       1.85x

  [Multi-Scale Features]
    Top IP (50ms):           449 pps
    Top IP (1s):             2176 pps
    Top IP (1min):           11810 pps
    Burst Ratio (50ms/1min): 0.04x
    IP Concentration:        0.8%

[MULTIPLE DETECTION STATISTICS]
=== Aggregate Detection Analysis ===

  Total detection events:    3391
  Average detection latency: 89.00 ms
  Min detection latency:     53.72 ms
  Max detection latency:     115805.37 ms
  Latency range:             115751.65 ms

  Detection Latency Histogram:
    < 20 ms:  0 detections (0.0%)
    20-30 ms: 0 detections (0.0%)
    30-40 ms: 0 detections (0.0%)
    40-50 ms: 0 detections (0.0%)
    > 50 ms:  3390 detections (100.0%)

[PERFORMANCE METRICS]
  Throughput:         17.88 Gbps (10.43 Mpps)
  Cycles available:   287 cycles/pkt (lower = higher load)
  Active IPs:         0
  Worker threads:     14 (lcores 1-14)

[DPDK NIC STATISTICS]
  RX packets (NIC):   4866834702
  RX dropped (HW):    [0m0[0m (imissed)
  RX no mbufs:        [0m0[0m (buffer exhaustion)
  RX errors:          0
  Total drops:        [0m0 (0.00%)[0m
  RX burst calls:     68245522455 (95.6% empty)
  Processed pkts:     4866839275 (100.0% of NIC RX)


╔═══════════════════════════════════════════════════════════════════════╗
║          MIRA DDoS DETECTOR - STATISTICS (MULTI-CORE)                ║
╚═══════════════════════════════════════════════════════════════════════╝

[PACKET COUNTERS - GLOBAL]
  Total packets:      4932905359
  Baseline (10.10.2.x): 2126388563 (43.1%)
  Attack (10.10.3.x): 1627253561 (33.0%)
  TCP packets:        2255201120
  UDP packets:        2493844180
  ICMP packets:       183860059

[INSTANTANEOUS TRAFFIC - Last 5.0 seconds]
  Baseline (10.10.2.x): 27468090 pkts (49.1%)  2426490866 bytes  3.88 Gbps
  Attack (10.10.3.x): 28475432 pkts (50.9%)  9395779727 bytes  15.01 Gbps
  Total throughput:   18.89 Gbps  (avg pkt: 211 bytes)

[CUMULATIVE TRAFFIC - Since first packet (409.6s)]
  Total received:     4932905359 pkts (12.04 Mpps) | 18.34 Gbps | 939101838248 bytes

[ATTACK-SPECIFIC COUNTERS]
  SYN packets:        611127727
  SYN-ACK packets:    305563576
  SYN/ACK ratio:      2.00
  HTTP requests:      1054566068
  DNS queries:        359958157

[PROTOCOL-SPECIFIC COUNTERS - CIC-DDoS-2019 Features]
  NTP Amplification:
    Monlist queries:  3578
    Responses:        0  (avg size: 0 bytes)
  DNS Amplification:
    ANY queries:      0
    TXT queries:      0
    Responses:        359956015  (avg size: 108 bytes)
  SNMP Amplification:
    GetBulk requests: 0
    Responses:        0  (avg size: 0 bytes)
  SSDP:
    M-SEARCH packets: 0
    Responses:        25221
  PortMapper:
    GETPORT calls:    24878
    DUMP calls:       0
  NetBIOS:
    Name queries:     27743
    Datagram packets: 24964
  LDAP:
    Bind requests:    0
    Search requests:  25218
  MSSQL:
    SQLBatch packets: 24258
    RPC packets:      0
  TFTP:
    RRQ (read) pkts:  0
    WRQ (write) pkts: 0

[ATTACK DETECTIONS - Cumulative Events]
  UDP flood events:   3483
  UDP-lag events:     21
  SYN flood events:   0
  HTTP flood events:  0
  ICMP flood events:  0
  DNS amp events:     0
  NTP amp events:     0
  SNMP amp events:    0
  SSDP events:        0
  PortMap events:     0
  NetBIOS events:     0
  LDAP events:        0
  MSSQL events:       0
  TFTP events:        0
  ACK flood events:   0
  Frag attack events: 0
  Heavy-hitter events:5624 (OctoSketch per-IP detection)
  Packet flood events:0
  (Note: Events count IPs exceeding thresholds per 50ms window)

[ALERT STATUS]
  Alert level:        [1;31mHIGH[0m
  Reason:             [1;31mUDP ANOMALY: 7390390 pps | HEAVY-HITTER: 10.10.3.134 @ 27587 pps | TREND: attack rising (+1427688/250ms) | [0m

[MULTI-LF (2025) COMPARISON]
=== Detection Performance vs ML-Based System ===

  First Detection Latency:   1606.50 ms (vs MULTI-LF: 866 ms)
    Improvement:             0.5× faster

  Packets until detection:   874838481
  Bytes until detection:     111437274657 (106274.87 MB)

[OCTOSKETCH METRICS - Optimized Architecture]
=== Per-Worker Sketches + Sampling (1/32 packets) ===

  Architecture:              Per-worker (NO atomics, NO contention)
  Total sketch memory:       8961 KB (14 workers × 640.1 KB)
  Sampling rate:             1 in 32 packets (3.1% overhead)
  Attack traffic sampled:    25675648 updates
  Estimated attack packets:  821620736 (×32 sampling factor)
  Sketch overhead:           ~1.56% of fast-path cycles
  Memory efficiency:         O(1) constant, 640.1 KB per worker

[OCTOSKETCH HEAVY-HITTER DETECTION]
=== Top Attackers (per-IP tracking via Count-Min Sketch) ===

  Heavy-hitter threshold:    5000 pps per IP
  Heavy-hitters detected:    5 IPs exceeding threshold
  Total HH detections:       5624 events

  Top 5 Attackers (estimated counts, ×32 sampling):
    #1: 10.10.3.134 - 133664 pkts (26695 pps) [HEAVY-HITTER]
    #2: 10.10.3.81 - 132960 pkts (26554 pps) [HEAVY-HITTER]
    #3: 10.10.3.126 - 132640 pkts (26490 pps) [HEAVY-HITTER]
    #4: 10.10.3.85 - 132512 pkts (26465 pps) [HEAVY-HITTER]
    #5: 10.10.3.26 - 132256 pkts (26414 pps) [HEAVY-HITTER]

[RING BUFFER + MULTI-SCALE FEATURES]
=== Temporal Analysis (last 100 windows = 5.0 sec) ===

  Windows processed:         7773
  Buffer utilization:        100/100 (100.0%)
  Running baseline (ML):     15915548 pps (for ML features only)
  Detection mode:            FIXED THRESHOLDS

  [Temporal Features - Last Window]
    Delta PPS (250ms):       +1427688
    Delta PPS (500ms):       +2854860
    PPS Variance:            2716507570176
    Ratio vs Baseline:       1.78x

  [Multi-Scale Features]
    Top IP (50ms):           396 pps
    Top IP (1s):             20448 pps
    Top IP (1min):           14047 pps
    Burst Ratio (50ms/1min): 0.03x
    IP Concentration:        0.7%

[MULTIPLE DETECTION STATISTICS]
=== Aggregate Detection Analysis ===

  Total detection events:    3483
  Average detection latency: 88.09 ms
  Min detection latency:     53.72 ms
  Max detection latency:     115805.37 ms
  Latency range:             115751.65 ms

  Detection Latency Histogram:
    < 20 ms:  0 detections (0.0%)
    20-30 ms: 0 detections (0.0%)
    30-40 ms: 0 detections (0.0%)
    40-50 ms: 0 detections (0.0%)
    > 50 ms:  3482 detections (100.0%)

[PERFORMANCE METRICS]
  Throughput:         18.89 Gbps (11.17 Mpps)
  Cycles available:   268 cycles/pkt (lower = higher load)
  Active IPs:         0
  Worker threads:     14 (lcores 1-14)

[DPDK NIC STATISTICS]
  RX packets (NIC):   4932900579
  RX dropped (HW):    [0m0[0m (imissed)
  RX no mbufs:        [0m0[0m (buffer exhaustion)
  RX errors:          0
  Total drops:        [0m0 (0.00%)[0m
  RX burst calls:     68892569420 (95.5% empty)
  Processed pkts:     4932905359 (100.0% of NIC RX)


╔═══════════════════════════════════════════════════════════════════════╗
║          MIRA DDoS DETECTOR - STATISTICS (MULTI-CORE)                ║
╚═══════════════════════════════════════════════════════════════════════╝

[PACKET COUNTERS - GLOBAL]
  Total packets:      4999013667
  Baseline (10.10.2.x): 2152045728 (43.0%)
  Attack (10.10.3.x): 1653819437 (33.1%)
  TCP packets:        2282090563
  UDP packets:        2530863558
  ICMP packets:       186059546

[INSTANTANEOUS TRAFFIC - Last 5.0 seconds]
  Baseline (10.10.2.x): 25656496 pkts (49.1%)  2600909153 bytes  4.15 Gbps
  Attack (10.10.3.x): 26565392 pkts (50.9%)  8765982293 bytes  14.00 Gbps
  Total throughput:   18.15 Gbps  (avg pkt: 218 bytes)

[CUMULATIVE TRAFFIC - Since first packet (414.6s)]
  Total received:     4999013667 pkts (12.06 Mpps) | 18.38 Gbps | 952648073895 bytes

[ATTACK-SPECIFIC COUNTERS]
  SYN packets:        618509080
  SYN-ACK packets:    309254261
  SYN/ACK ratio:      2.00
  HTTP requests:      1066429720
  DNS queries:        364307748

[PROTOCOL-SPECIFIC COUNTERS - CIC-DDoS-2019 Features]
  NTP Amplification:
    Monlist queries:  3641
    Responses:        0  (avg size: 0 bytes)
  DNS Amplification:
    ANY queries:      0
    TXT queries:      0
    Responses:        364305576  (avg size: 108 bytes)
  SNMP Amplification:
    GetBulk requests: 0
    Responses:        0  (avg size: 0 bytes)
  SSDP:
    M-SEARCH packets: 0
    Responses:        25654
  PortMapper:
    GETPORT calls:    25298
    DUMP calls:       0
  NetBIOS:
    Name queries:     28189
    Datagram packets: 25366
  LDAP:
    Bind requests:    0
    Search requests:  25625
  MSSQL:
    SQLBatch packets: 24659
    RPC packets:      0
  TFTP:
    RRQ (read) pkts:  0
    WRQ (write) pkts: 0

[ATTACK DETECTIONS - Cumulative Events]
  UDP flood events:   3575
  UDP-lag events:     21
  SYN flood events:   0
  HTTP flood events:  0
  ICMP flood events:  0
  DNS amp events:     0
  NTP amp events:     0
  SNMP amp events:    0
  SSDP events:        0
  PortMap events:     0
  NetBIOS events:     0
  LDAP events:        0
  MSSQL events:       0
  TFTP events:        0
  ACK flood events:   0
  Frag attack events: 0
  Heavy-hitter events:5716 (OctoSketch per-IP detection)
  Packet flood events:0
  (Note: Events count IPs exceeding thresholds per 50ms window)

[ALERT STATUS]
  Alert level:        [1;31mHIGH[0m
  Reason:             [1;31mUDP ANOMALY: 7389626 pps | HEAVY-HITTER: 10.10.3.120 @ 27732 pps | TREND: attack rising (+1432684/250ms) | [0m

[MULTI-LF (2025) COMPARISON]
=== Detection Performance vs ML-Based System ===

  First Detection Latency:   1606.50 ms (vs MULTI-LF: 866 ms)
    Improvement:             0.5× faster

  Packets until detection:   874838481
  Bytes until detection:     111437274657 (106274.87 MB)

[OCTOSKETCH METRICS - Optimized Architecture]
=== Per-Worker Sketches + Sampling (1/32 packets) ===

  Architecture:              Per-worker (NO atomics, NO contention)
  Total sketch memory:       8961 KB (14 workers × 640.1 KB)
  Sampling rate:             1 in 32 packets (3.1% overhead)
  Attack traffic sampled:    25685760 updates
  Estimated attack packets:  821944320 (×32 sampling factor)
  Sketch overhead:           ~1.56% of fast-path cycles
  Memory efficiency:         O(1) constant, 640.1 KB per worker

[OCTOSKETCH HEAVY-HITTER DETECTION]
=== Top Attackers (per-IP tracking via Count-Min Sketch) ===

  Heavy-hitter threshold:    5000 pps per IP
  Heavy-hitters detected:    5 IPs exceeding threshold
  Total HH detections:       5716 events

  Top 5 Attackers (estimated counts, ×32 sampling):
    #1: 10.10.3.120 - 134432 pkts (26836 pps) [HEAVY-HITTER]
    #2: 10.10.3.179 - 133824 pkts (26714 pps) [HEAVY-HITTER]
    #3: 10.10.3.166 - 132832 pkts (26516 pps) [HEAVY-HITTER]
    #4: 10.10.3.96 - 132448 pkts (26439 pps) [HEAVY-HITTER]
    #5: 10.10.3.68 - 132416 pkts (26433 pps) [HEAVY-HITTER]

[RING BUFFER + MULTI-SCALE FEATURES]
=== Temporal Analysis (last 100 windows = 5.0 sec) ===

  Windows processed:         7865
  Buffer utilization:        100/100 (100.0%)
  Running baseline (ML):     14325781 pps (for ML features only)
  Detection mode:            FIXED THRESHOLDS

  [Temporal Features - Last Window]
    Delta PPS (250ms):       +1432684
    Delta PPS (500ms):       +2860256
    PPS Variance:            2714556170240
    Ratio vs Baseline:       1.85x

  [Multi-Scale Features]
    Top IP (50ms):           389 pps
    Top IP (1s):             8416 pps
    Top IP (1min):           16324 pps
    Burst Ratio (50ms/1min): 0.02x
    IP Concentration:        0.7%

[MULTIPLE DETECTION STATISTICS]
=== Aggregate Detection Analysis ===

  Total detection events:    3575
  Average detection latency: 87.22 ms
  Min detection latency:     53.72 ms
  Max detection latency:     115805.37 ms
  Latency range:             115751.65 ms

  Detection Latency Histogram:
    < 20 ms:  0 detections (0.0%)
    20-30 ms: 0 detections (0.0%)
    30-40 ms: 0 detections (0.0%)
    40-50 ms: 0 detections (0.0%)
    > 50 ms:  3574 detections (100.0%)

[PERFORMANCE METRICS]
  Throughput:         18.15 Gbps (10.42 Mpps)
  Cycles available:   287 cycles/pkt (lower = higher load)
  Active IPs:         0
  Worker threads:     14 (lcores 1-14)

[DPDK NIC STATISTICS]
  RX packets (NIC):   4999008816
  RX dropped (HW):    [0m0[0m (imissed)
  RX no mbufs:        [0m0[0m (buffer exhaustion)
  RX errors:          0
  Total drops:        [0m0 (0.00%)[0m
  RX burst calls:     69544106614 (95.5% empty)
  Processed pkts:     4999013667 (100.0% of NIC RX)


╔═══════════════════════════════════════════════════════════════════════╗
║          MIRA DDoS DETECTOR - STATISTICS (MULTI-CORE)                ║
╚═══════════════════════════════════════════════════════════════════════╝

[PACKET COUNTERS - GLOBAL]
  Total packets:      5065107125
  Baseline (10.10.2.x): 2177700041 (43.0%)
  Attack (10.10.3.x): 1680372423 (33.2%)
  TCP packets:        2308975407
  UDP packets:        2567871549
  ICMP packets:       188260169

[INSTANTANEOUS TRAFFIC - Last 5.0 seconds]
  Baseline (10.10.2.x): 29331151 pkts (49.1%)  2427868706 bytes  3.88 Gbps
  Attack (10.10.3.x): 30392692 pkts (50.9%)  8761935458 bytes  14.00 Gbps
  Total throughput:   17.88 Gbps  (avg pkt: 187 bytes)

[CUMULATIVE TRAFFIC - Since first packet (419.6s)]
  Total received:     5065107125 pkts (12.07 Mpps) | 18.42 Gbps | 966189986825 bytes

[ATTACK-SPECIFIC COUNTERS]
  SYN packets:        625888712
  SYN-ACK packets:    312944066
  SYN/ACK ratio:      2.00
  HTTP requests:      1078295070
  DNS queries:        368657923

[PROTOCOL-SPECIFIC COUNTERS - CIC-DDoS-2019 Features]
  NTP Amplification:
    Monlist queries:  3698
    Responses:        0  (avg size: 0 bytes)
  DNS Amplification:
    ANY queries:      0
    TXT queries:      0
    Responses:        368655738  (avg size: 108 bytes)
  SNMP Amplification:
    GetBulk requests: 0
    Responses:        0  (avg size: 0 bytes)
  SSDP:
    M-SEARCH packets: 0
    Responses:        26045
  PortMapper:
    GETPORT calls:    25704
    DUMP calls:       0
  NetBIOS:
    Name queries:     28648
    Datagram packets: 25791
  LDAP:
    Bind requests:    0
    Search requests:  26047
  MSSQL:
    SQLBatch packets: 25041
    RPC packets:      0
  TFTP:
    RRQ (read) pkts:  0
    WRQ (write) pkts: 0

[ATTACK DETECTIONS - Cumulative Events]
  UDP flood events:   3667
  UDP-lag events:     21
  SYN flood events:   0
  HTTP flood events:  0
  ICMP flood events:  0
  DNS amp events:     0
  NTP amp events:     0
  SNMP amp events:    0
  SSDP events:        0
  PortMap events:     0
  NetBIOS events:     0
  LDAP events:        0
  MSSQL events:       0
  TFTP events:        0
  ACK flood events:   0
  Frag attack events: 0
  Heavy-hitter events:5808 (OctoSketch per-IP detection)
  Packet flood events:0
  (Note: Events count IPs exceeding thresholds per 50ms window)

[ALERT STATUS]
  Alert level:        [1;31mHIGH[0m
  Reason:             [1;31mUDP ANOMALY: 7391221 pps | HEAVY-HITTER: 10.10.3.2 @ 27825 pps | TREND: attack rising (+1426858/250ms) | [0m

[MULTI-LF (2025) COMPARISON]
=== Detection Performance vs ML-Based System ===

  First Detection Latency:   1606.50 ms (vs MULTI-LF: 866 ms)
    Improvement:             0.5× faster

  Packets until detection:   874838481
  Bytes until detection:     111437274657 (106274.87 MB)

[OCTOSKETCH METRICS - Optimized Architecture]
=== Per-Worker Sketches + Sampling (1/32 packets) ===

  Architecture:              Per-worker (NO atomics, NO contention)
  Total sketch memory:       8961 KB (14 workers × 640.1 KB)
  Sampling rate:             1 in 32 packets (3.1% overhead)
  Attack traffic sampled:    25673024 updates
  Estimated attack packets:  821536768 (×32 sampling factor)
  Sketch overhead:           ~1.56% of fast-path cycles
  Memory efficiency:         O(1) constant, 640.1 KB per worker

[OCTOSKETCH HEAVY-HITTER DETECTION]
=== Top Attackers (per-IP tracking via Count-Min Sketch) ===

  Heavy-hitter threshold:    5000 pps per IP
  Heavy-hitters detected:    5 IPs exceeding threshold
  Total HH detections:       5808 events

  Top 5 Attackers (estimated counts, ×32 sampling):
    #1: 10.10.3.2 - 134816 pkts (26925 pps) [HEAVY-HITTER]
    #2: 10.10.3.170 - 133664 pkts (26695 pps) [HEAVY-HITTER]
    #3: 10.10.3.18 - 132928 pkts (26548 pps) [HEAVY-HITTER]
    #4: 10.10.3.33 - 132864 pkts (26535 pps) [HEAVY-HITTER]
    #5: 10.10.3.179 - 132128 pkts (26388 pps) [HEAVY-HITTER]

[RING BUFFER + MULTI-SCALE FEATURES]
=== Temporal Analysis (last 100 windows = 5.0 sec) ===

  Windows processed:         7957
  Buffer utilization:        100/100 (100.0%)
  Running baseline (ML):     17662814 pps (for ML features only)
  Detection mode:            FIXED THRESHOLDS

  [Temporal Features - Last Window]
    Delta PPS (250ms):       +1426858
    Delta PPS (500ms):       +2854358
    PPS Variance:            2711925293056
    Ratio vs Baseline:       1.72x

  [Multi-Scale Features]
    Top IP (50ms):           423 pps
    Top IP (1s):             26848 pps
    Top IP (1min):           18542 pps
    Burst Ratio (50ms/1min): 0.02x
    IP Concentration:        0.8%

[MULTIPLE DETECTION STATISTICS]
=== Aggregate Detection Analysis ===

  Total detection events:    3667
  Average detection latency: 86.40 ms
  Min detection latency:     53.72 ms
  Max detection latency:     115805.37 ms
  Latency range:             115751.65 ms

  Detection Latency Histogram:
    < 20 ms:  0 detections (0.0%)
    20-30 ms: 0 detections (0.0%)
    30-40 ms: 0 detections (0.0%)
    40-50 ms: 0 detections (0.0%)
    > 50 ms:  3666 detections (100.0%)

[PERFORMANCE METRICS]
  Throughput:         17.88 Gbps (11.93 Mpps)
  Cycles available:   251 cycles/pkt (lower = higher load)
  Active IPs:         0
  Worker threads:     14 (lcores 1-14)

[DPDK NIC STATISTICS]
  RX packets (NIC):   5065102557
  RX dropped (HW):    [0m0[0m (imissed)
  RX no mbufs:        [0m0[0m (buffer exhaustion)
  RX errors:          0
  Total drops:        [0m0 (0.00%)[0m
  RX burst calls:     70193508459 (95.5% empty)
  Processed pkts:     5065107125 (100.0% of NIC RX)


╔═══════════════════════════════════════════════════════════════════════╗
║          MIRA DDoS DETECTOR - STATISTICS (MULTI-CORE)                ║
╚═══════════════════════════════════════════════════════════════════════╝

[PACKET COUNTERS - GLOBAL]
  Total packets:      5131231602
  Baseline (10.10.2.x): 2203368183 (42.9%)
  Attack (10.10.3.x): 1706935480 (33.3%)
  TCP packets:        2335875681
  UDP packets:        2604894544
  ICMP packets:       190461377

[INSTANTANEOUS TRAFFIC - Last 5.0 seconds]
  Baseline (10.10.2.x): 25667563 pkts (49.1%)  2429045382 bytes  3.88 Gbps
  Attack (10.10.3.x): 26562578 pkts (50.9%)  8764920962 bytes  14.00 Gbps
  Total throughput:   17.88 Gbps  (avg pkt: 214 bytes)

[CUMULATIVE TRAFFIC - Since first packet (424.6s)]
  Total received:     5131231602 pkts (12.08 Mpps) | 18.46 Gbps | 979737173239 bytes

[ATTACK-SPECIFIC COUNTERS]
  SYN packets:        633272946
  SYN-ACK packets:    316636183
  SYN/ACK ratio:      2.00
  HTTP requests:      1090164207
  DNS queries:        373011084

[PROTOCOL-SPECIFIC COUNTERS - CIC-DDoS-2019 Features]
  NTP Amplification:
    Monlist queries:  3754
    Responses:        0  (avg size: 0 bytes)
  DNS Amplification:
    ANY queries:      0
    TXT queries:      0
    Responses:        373008860  (avg size: 108 bytes)
  SNMP Amplification:
    GetBulk requests: 0
    Responses:        0  (avg size: 0 bytes)
  SSDP:
    M-SEARCH packets: 0
    Responses:        26455
  PortMapper:
    GETPORT calls:    26092
    DUMP calls:       0
  NetBIOS:
    Name queries:     29101
    Datagram packets: 26190
  LDAP:
    Bind requests:    0
    Search requests:  26450
  MSSQL:
    SQLBatch packets: 25445
    RPC packets:      0
  TFTP:
    RRQ (read) pkts:  0
    WRQ (write) pkts: 0

[ATTACK DETECTIONS - Cumulative Events]
  UDP flood events:   3759
  UDP-lag events:     21
  SYN flood events:   0
  HTTP flood events:  0
  ICMP flood events:  0
  DNS amp events:     0
  NTP amp events:     0
  SNMP amp events:    0
  SSDP events:        0
  PortMap events:     0
  NetBIOS events:     0
  LDAP events:        0
  MSSQL events:       0
  TFTP events:        0
  ACK flood events:   0
  Frag attack events: 0
  Heavy-hitter events:5900 (OctoSketch per-IP detection)
  Packet flood events:0
  (Note: Events count IPs exceeding thresholds per 50ms window)

[ALERT STATUS]
  Alert level:        [1;31mHIGH[0m
  Reason:             [1;31mUDP ANOMALY: 7391091 pps | HEAVY-HITTER: 10.10.3.133 @ 27484 pps | TREND: attack rising (+1428132/250ms) | [0m

[MULTI-LF (2025) COMPARISON]
=== Detection Performance vs ML-Based System ===

  First Detection Latency:   1606.50 ms (vs MULTI-LF: 866 ms)
    Improvement:             0.5× faster

  Packets until detection:   874838481
  Bytes until detection:     111437274657 (106274.87 MB)

[OCTOSKETCH METRICS - Optimized Architecture]
=== Per-Worker Sketches + Sampling (1/32 packets) ===

  Architecture:              Per-worker (NO atomics, NO contention)
  Total sketch memory:       8961 KB (14 workers × 640.1 KB)
  Sampling rate:             1 in 32 packets (3.1% overhead)
  Attack traffic sampled:    25678656 updates
  Estimated attack packets:  821716992 (×32 sampling factor)
  Sketch overhead:           ~1.56% of fast-path cycles
  Memory efficiency:         O(1) constant, 640.1 KB per worker

[OCTOSKETCH HEAVY-HITTER DETECTION]
=== Top Attackers (per-IP tracking via Count-Min Sketch) ===

  Heavy-hitter threshold:    5000 pps per IP
  Heavy-hitters detected:    5 IPs exceeding threshold
  Total HH detections:       5900 events

  Top 5 Attackers (estimated counts, ×32 sampling):
    #1: 10.10.3.133 - 133216 pkts (26596 pps) [HEAVY-HITTER]
    #2: 10.10.3.124 - 132992 pkts (26551 pps) [HEAVY-HITTER]
    #3: 10.10.3.69 - 132928 pkts (26538 pps) [HEAVY-HITTER]
    #4: 10.10.3.10 - 132576 pkts (26468 pps) [HEAVY-HITTER]
    #5: 10.10.3.64 - 132288 pkts (26411 pps) [HEAVY-HITTER]

[RING BUFFER + MULTI-SCALE FEATURES]
=== Temporal Analysis (last 100 windows = 5.0 sec) ===

  Windows processed:         8049
  Buffer utilization:        100/100 (100.0%)
  Running baseline (ML):     14477649 pps (for ML features only)
  Detection mode:            FIXED THRESHOLDS

  [Temporal Features - Last Window]
    Delta PPS (250ms):       +1428132
    Delta PPS (500ms):       +2860356
    PPS Variance:            2717598089216
    Ratio vs Baseline:       1.83x

  [Multi-Scale Features]
    Top IP (50ms):           409 pps
    Top IP (1s):             15648 pps
    Top IP (1min):           20730 pps
    Burst Ratio (50ms/1min): 0.02x
    IP Concentration:        0.7%

[MULTIPLE DETECTION STATISTICS]
=== Aggregate Detection Analysis ===

  Total detection events:    3759
  Average detection latency: 85.62 ms
  Min detection latency:     53.72 ms
  Max detection latency:     115805.37 ms
  Latency range:             115751.65 ms

  Detection Latency Histogram:
    < 20 ms:  0 detections (0.0%)
    20-30 ms: 0 detections (0.0%)
    30-40 ms: 0 detections (0.0%)
    40-50 ms: 0 detections (0.0%)
    > 50 ms:  3758 detections (100.0%)

[PERFORMANCE METRICS]
  Throughput:         17.88 Gbps (10.43 Mpps)
  Cycles available:   287 cycles/pkt (lower = higher load)
  Active IPs:         0
  Worker threads:     14 (lcores 1-14)

[DPDK NIC STATISTICS]
  RX packets (NIC):   5131227203
  RX dropped (HW):    [0m0[0m (imissed)
  RX no mbufs:        [0m0[0m (buffer exhaustion)
  RX errors:          0
  Total drops:        [0m0 (0.00%)[0m
  RX burst calls:     70844958160 (95.5% empty)
  Processed pkts:     5131231602 (100.0% of NIC RX)


╔═══════════════════════════════════════════════════════════════════════╗
║          MIRA DDoS DETECTOR - STATISTICS (MULTI-CORE)                ║
╚═══════════════════════════════════════════════════════════════════════╝

[PACKET COUNTERS - GLOBAL]
  Total packets:      5197336214
  Baseline (10.10.2.x): 2229029631 (42.9%)
  Attack (10.10.3.x): 1733493709 (33.4%)
  TCP packets:        2362769576
  UDP packets:        2641907730
  ICMP packets:       192658908

[INSTANTANEOUS TRAFFIC - Last 5.0 seconds]
  Baseline (10.10.2.x): 25660876 pkts (49.1%)  2429001625 bytes  3.88 Gbps
  Attack (10.10.3.x): 26557694 pkts (50.9%)  8763485967 bytes  14.00 Gbps
  Total throughput:   17.88 Gbps  (avg pkt: 214 bytes)

[CUMULATIVE TRAFFIC - Since first packet (429.6s)]
  Total received:     5197336214 pkts (12.10 Mpps) | 18.49 Gbps | 993281496287 bytes

[ATTACK-SPECIFIC COUNTERS]
  SYN packets:        640655829
  SYN-ACK packets:    320327621
  SYN/ACK ratio:      2.00
  HTTP requests:      1102027588
  DNS queries:        377360706

[PROTOCOL-SPECIFIC COUNTERS - CIC-DDoS-2019 Features]
  NTP Amplification:
    Monlist queries:  3816
    Responses:        0  (avg size: 0 bytes)
  DNS Amplification:
    ANY queries:      0
    TXT queries:      0
    Responses:        377358421  (avg size: 108 bytes)
  SNMP Amplification:
    GetBulk requests: 0
    Responses:        0  (avg size: 0 bytes)
  SSDP:
    M-SEARCH packets: 0
    Responses:        26889
  PortMapper:
    GETPORT calls:    26521
    DUMP calls:       0
  NetBIOS:
    Name queries:     29546
    Datagram packets: 26590
  LDAP:
    Bind requests:    0
    Search requests:  26863
  MSSQL:
    SQLBatch packets: 25847
    RPC packets:      0
  TFTP:
    RRQ (read) pkts:  0
    WRQ (write) pkts: 0

[ATTACK DETECTIONS - Cumulative Events]
  UDP flood events:   3851
  UDP-lag events:     21
  SYN flood events:   0
  HTTP flood events:  0
  ICMP flood events:  0
  DNS amp events:     0
  NTP amp events:     0
  SNMP amp events:    0
  SSDP events:        0
  PortMap events:     0
  NetBIOS events:     0
  LDAP events:        0
  MSSQL events:       0
  TFTP events:        0
  ACK flood events:   0
  Frag attack events: 0
  Heavy-hitter events:5992 (OctoSketch per-IP detection)
  Packet flood events:0
  (Note: Events count IPs exceeding thresholds per 50ms window)

[ALERT STATUS]
  Alert level:        [1;31mHIGH[0m
  Reason:             [1;31mUDP ANOMALY: 7390400 pps | HEAVY-HITTER: 10.10.3.87 @ 27906 pps | TREND: attack rising (+1431364/250ms) | [0m

[MULTI-LF (2025) COMPARISON]
=== Detection Performance vs ML-Based System ===

  First Detection Latency:   1606.50 ms (vs MULTI-LF: 866 ms)
    Improvement:             0.5× faster

  Packets until detection:   874838481
  Bytes until detection:     111437274657 (106274.87 MB)

[OCTOSKETCH METRICS - Optimized Architecture]
=== Per-Worker Sketches + Sampling (1/32 packets) ===

  Architecture:              Per-worker (NO atomics, NO contention)
  Total sketch memory:       8961 KB (14 workers × 640.1 KB)
  Sampling rate:             1 in 32 packets (3.1% overhead)
  Attack traffic sampled:    25677824 updates
  Estimated attack packets:  821690368 (×32 sampling factor)
  Sketch overhead:           ~1.56% of fast-path cycles
  Memory efficiency:         O(1) constant, 640.1 KB per worker

[OCTOSKETCH HEAVY-HITTER DETECTION]
=== Top Attackers (per-IP tracking via Count-Min Sketch) ===

  Heavy-hitter threshold:    5000 pps per IP
  Heavy-hitters detected:    5 IPs exceeding threshold
  Total HH detections:       5992 events

  Top 5 Attackers (estimated counts, ×32 sampling):
    #1: 10.10.3.87 - 135232 pkts (27004 pps) [HEAVY-HITTER]
    #2: 10.10.3.117 - 133152 pkts (26589 pps) [HEAVY-HITTER]
    #3: 10.10.3.193 - 132544 pkts (26467 pps) [HEAVY-HITTER]
    #4: 10.10.3.140 - 132320 pkts (26423 pps) [HEAVY-HITTER]
    #5: 10.10.3.129 - 132288 pkts (26416 pps) [HEAVY-HITTER]

[RING BUFFER + MULTI-SCALE FEATURES]
=== Temporal Analysis (last 100 windows = 5.0 sec) ===

  Windows processed:         8141
  Buffer utilization:        100/100 (100.0%)
  Running baseline (ML):     14168767 pps (for ML features only)
  Detection mode:            FIXED THRESHOLDS

  [Temporal Features - Last Window]
    Delta PPS (250ms):       +1431364
    Delta PPS (500ms):       +2859160
    PPS Variance:            2709998534656
    Ratio vs Baseline:       1.87x

  [Multi-Scale Features]
    Top IP (50ms):           442 pps
    Top IP (1s):             2144 pps
    Top IP (1min):           22958 pps
    Burst Ratio (50ms/1min): 0.02x
    IP Concentration:        0.8%

[MULTIPLE DETECTION STATISTICS]
=== Aggregate Detection Analysis ===

  Total detection events:    3851
  Average detection latency: 84.87 ms
  Min detection latency:     53.72 ms
  Max detection latency:     115805.37 ms
  Latency range:             115751.65 ms

  Detection Latency Histogram:
    < 20 ms:  0 detections (0.0%)
    20-30 ms: 0 detections (0.0%)
    30-40 ms: 0 detections (0.0%)
    40-50 ms: 0 detections (0.0%)
    > 50 ms:  3850 detections (100.0%)

[PERFORMANCE METRICS]
  Throughput:         17.88 Gbps (10.43 Mpps)
  Cycles available:   287 cycles/pkt (lower = higher load)
  Active IPs:         0
  Worker threads:     14 (lcores 1-14)

[DPDK NIC STATISTICS]
  RX packets (NIC):   5197331931
  RX dropped (HW):    [0m0[0m (imissed)
  RX no mbufs:        [0m0[0m (buffer exhaustion)
  RX errors:          0
  Total drops:        [0m0 (0.00%)[0m
  RX burst calls:     71492074124 (95.5% empty)
  Processed pkts:     5197336214 (100.0% of NIC RX)


╔═══════════════════════════════════════════════════════════════════════╗
║          MIRA DDoS DETECTOR - STATISTICS (MULTI-CORE)                ║
╚═══════════════════════════════════════════════════════════════════════╝

[PACKET COUNTERS - GLOBAL]
  Total packets:      5263440439
  Baseline (10.10.2.x): 2254689607 (42.8%)
  Attack (10.10.3.x): 1760050931 (33.4%)
  TCP packets:        2389661472
  UDP packets:        2678920014
  ICMP packets:       194858953

[INSTANTANEOUS TRAFFIC - Last 5.0 seconds]
  Baseline (10.10.2.x): 25659430 pkts (47.4%)  2772249287 bytes  4.43 Gbps
  Attack (10.10.3.x): 28425044 pkts (52.6%)  9396088421 bytes  15.01 Gbps
  Total throughput:   19.44 Gbps  (avg pkt: 225 bytes)

[CUMULATIVE TRAFFIC - Since first packet (434.7s)]
  Total received:     5263440439 pkts (12.11 Mpps) | 18.53 Gbps | 1006825313458 bytes

[ATTACK-SPECIFIC COUNTERS]
  SYN packets:        648037988
  SYN-ACK packets:    324018700
  SYN/ACK ratio:      2.00
  HTTP requests:      1113891442
  DNS queries:        381711311

[PROTOCOL-SPECIFIC COUNTERS - CIC-DDoS-2019 Features]
  NTP Amplification:
    Monlist queries:  3872
    Responses:        0  (avg size: 0 bytes)
  DNS Amplification:
    ANY queries:      0
    TXT queries:      0
    Responses:        381708999  (avg size: 108 bytes)
  SNMP Amplification:
    GetBulk requests: 0
    Responses:        0  (avg size: 0 bytes)
  SSDP:
    M-SEARCH packets: 0
    Responses:        27281
  PortMapper:
    GETPORT calls:    26927
    DUMP calls:       0
  NetBIOS:
    Name queries:     30008
    Datagram packets: 27013
  LDAP:
    Bind requests:    0
    Search requests:  27283
  MSSQL:
    SQLBatch packets: 26227
    RPC packets:      0
  TFTP:
    RRQ (read) pkts:  0
    WRQ (write) pkts: 0

[ATTACK DETECTIONS - Cumulative Events]
  UDP flood events:   3943
  UDP-lag events:     21
  SYN flood events:   0
  HTTP flood events:  0
  ICMP flood events:  0
  DNS amp events:     0
  NTP amp events:     0
  SNMP amp events:    0
  SSDP events:        0
  PortMap events:     0
  NetBIOS events:     0
  LDAP events:        0
  MSSQL events:       0
  TFTP events:        0
  ACK flood events:   0
  Frag attack events: 0
  Heavy-hitter events:6084 (OctoSketch per-IP detection)
  Packet flood events:0
  (Note: Events count IPs exceeding thresholds per 50ms window)

[ALERT STATUS]
  Alert level:        [1;31mHIGH[0m
  Reason:             [1;31mUDP ANOMALY: 7390850 pps | HEAVY-HITTER: 10.10.3.10 @ 27590 pps | TREND: attack rising (+1427572/250ms) | [0m

[MULTI-LF (2025) COMPARISON]
=== Detection Performance vs ML-Based System ===

  First Detection Latency:   1606.50 ms (vs MULTI-LF: 866 ms)
    Improvement:             0.5× faster

  Packets until detection:   874838481
  Bytes until detection:     111437274657 (106274.87 MB)

[OCTOSKETCH METRICS - Optimized Architecture]
=== Per-Worker Sketches + Sampling (1/32 packets) ===

  Architecture:              Per-worker (NO atomics, NO contention)
  Total sketch memory:       8961 KB (14 workers × 640.1 KB)
  Sampling rate:             1 in 32 packets (3.1% overhead)
  Attack traffic sampled:    25676992 updates
  Estimated attack packets:  821663744 (×32 sampling factor)
  Sketch overhead:           ~1.56% of fast-path cycles
  Memory efficiency:         O(1) constant, 640.1 KB per worker

[OCTOSKETCH HEAVY-HITTER DETECTION]
=== Top Attackers (per-IP tracking via Count-Min Sketch) ===

  Heavy-hitter threshold:    5000 pps per IP
  Heavy-hitters detected:    5 IPs exceeding threshold
  Total HH detections:       6084 events

  Top 5 Attackers (estimated counts, ×32 sampling):
    #1: 10.10.3.10 - 133696 pkts (26698 pps) [HEAVY-HITTER]
    #2: 10.10.3.140 - 133184 pkts (26596 pps) [HEAVY-HITTER]
    #3: 10.10.3.25 - 133088 pkts (26576 pps) [HEAVY-HITTER]
    #4: 10.10.3.38 - 132416 pkts (26442 pps) [HEAVY-HITTER]
    #5: 10.10.3.110 - 132256 pkts (26410 pps) [HEAVY-HITTER]

[RING BUFFER + MULTI-SCALE FEATURES]
=== Temporal Analysis (last 100 windows = 5.0 sec) ===

  Windows processed:         8233
  Buffer utilization:        100/100 (100.0%)
  Running baseline (ML):     15867385 pps (for ML features only)
  Detection mode:            FIXED THRESHOLDS

  [Temporal Features - Last Window]
    Delta PPS (250ms):       +1427572
    Delta PPS (500ms):       +2854916
    PPS Variance:            2716049342464
    Ratio vs Baseline:       1.79x

  [Multi-Scale Features]
    Top IP (50ms):           376 pps
    Top IP (1s):             21056 pps
    Top IP (1min):           25180 pps
    Burst Ratio (50ms/1min): 0.01x
    IP Concentration:        0.7%

[MULTIPLE DETECTION STATISTICS]
=== Aggregate Detection Analysis ===

  Total detection events:    3943
  Average detection latency: 84.16 ms
  Min detection latency:     53.72 ms
  Max detection latency:     115805.37 ms
  Latency range:             115751.65 ms

  Detection Latency Histogram:
    < 20 ms:  0 detections (0.0%)
    20-30 ms: 0 detections (0.0%)
    30-40 ms: 0 detections (0.0%)
    40-50 ms: 0 detections (0.0%)
    > 50 ms:  3942 detections (100.0%)

[PERFORMANCE METRICS]
  Throughput:         19.44 Gbps (10.80 Mpps)
  Cycles available:   277 cycles/pkt (lower = higher load)
  Active IPs:         0
  Worker threads:     14 (lcores 1-14)

[DPDK NIC STATISTICS]
  RX packets (NIC):   5263435883
  RX dropped (HW):    [0m0[0m (imissed)
  RX no mbufs:        [0m0[0m (buffer exhaustion)
  RX errors:          0
  Total drops:        [0m0 (0.00%)[0m
  RX burst calls:     72140357097 (95.5% empty)
  Processed pkts:     5263440439 (100.0% of NIC RX)


╔═══════════════════════════════════════════════════════════════════════╗
║          MIRA DDoS DETECTOR - STATISTICS (MULTI-CORE)                ║
╚═══════════════════════════════════════════════════════════════════════╝

[PACKET COUNTERS - GLOBAL]
  Total packets:      5329527850
  Baseline (10.10.2.x): 2280340960 (42.8%)
  Attack (10.10.3.x): 1786607190 (33.5%)
  TCP packets:        2416545303
  UDP packets:        2715923426
  ICMP packets:       197059121

[INSTANTANEOUS TRAFFIC - Last 5.0 seconds]
  Baseline (10.10.2.x): 25650705 pkts (49.1%)  2427928777 bytes  3.88 Gbps
  Attack (10.10.3.x): 26555757 pkts (50.9%)  10028333474 bytes  16.02 Gbps
  Total throughput:   19.90 Gbps  (avg pkt: 239 bytes)

[CUMULATIVE TRAFFIC - Since first packet (439.7s)]
  Total received:     5329527850 pkts (12.12 Mpps) | 18.57 Gbps | 1020366878361 bytes

[ATTACK-SPECIFIC COUNTERS]
  SYN packets:        655418187
  SYN-ACK packets:    327708794
  SYN/ACK ratio:      2.00
  HTTP requests:      1125749785
  DNS queries:        386057866

[PROTOCOL-SPECIFIC COUNTERS - CIC-DDoS-2019 Features]
  NTP Amplification:
    Monlist queries:  3929
    Responses:        0  (avg size: 0 bytes)
  DNS Amplification:
    ANY queries:      0
    TXT queries:      0
    Responses:        386055513  (avg size: 108 bytes)
  SNMP Amplification:
    GetBulk requests: 0
    Responses:        0  (avg size: 0 bytes)
  SSDP:
    M-SEARCH packets: 0
    Responses:        27693
  PortMapper:
    GETPORT calls:    27312
    DUMP calls:       0
  NetBIOS:
    Name queries:     30461
    Datagram packets: 27410
  LDAP:
    Bind requests:    0
    Search requests:  27684
  MSSQL:
    SQLBatch packets: 26632
    RPC packets:      0
  TFTP:
    RRQ (read) pkts:  0
    WRQ (write) pkts: 0

[ATTACK DETECTIONS - Cumulative Events]
  UDP flood events:   4035
  UDP-lag events:     24
  SYN flood events:   0
  HTTP flood events:  0
  ICMP flood events:  0
  DNS amp events:     0
  NTP amp events:     0
  SNMP amp events:    0
  SSDP events:        0
  PortMap events:     0
  NetBIOS events:     0
  LDAP events:        0
  MSSQL events:       0
  TFTP events:        0
  ACK flood events:   0
  Frag attack events: 0
  Heavy-hitter events:6176 (OctoSketch per-IP detection)
  Packet flood events:0
  (Note: Events count IPs exceeding thresholds per 50ms window)

[ALERT STATUS]
  Alert level:        [1;31mHIGH[0m
  Reason:             [1;31mUDP ANOMALY: 7390048 pps | HEAVY-HITTER: 10.10.3.42 @ 27883 pps | TREND: attack rising (+1431146/250ms) | [0m

[MULTI-LF (2025) COMPARISON]
=== Detection Performance vs ML-Based System ===

  First Detection Latency:   1606.50 ms (vs MULTI-LF: 866 ms)
    Improvement:             0.5× faster

  Packets until detection:   874838481
  Bytes until detection:     111437274657 (106274.87 MB)

[OCTOSKETCH METRICS - Optimized Architecture]
=== Per-Worker Sketches + Sampling (1/32 packets) ===

  Architecture:              Per-worker (NO atomics, NO contention)
  Total sketch memory:       8961 KB (14 workers × 640.1 KB)
  Sampling rate:             1 in 32 packets (3.1% overhead)
  Attack traffic sampled:    25675808 updates
  Estimated attack packets:  821625856 (×32 sampling factor)
  Sketch overhead:           ~1.56% of fast-path cycles
  Memory efficiency:         O(1) constant, 640.1 KB per worker

[OCTOSKETCH HEAVY-HITTER DETECTION]
=== Top Attackers (per-IP tracking via Count-Min Sketch) ===

  Heavy-hitter threshold:    5000 pps per IP
  Heavy-hitters detected:    5 IPs exceeding threshold
  Total HH detections:       6176 events

  Top 5 Attackers (estimated counts, ×32 sampling):
    #1: 10.10.3.42 - 135104 pkts (26981 pps) [HEAVY-HITTER]
    #2: 10.10.3.104 - 134048 pkts (26770 pps) [HEAVY-HITTER]
    #3: 10.10.3.193 - 133440 pkts (26649 pps) [HEAVY-HITTER]
    #4: 10.10.3.99 - 132768 pkts (26515 pps) [HEAVY-HITTER]
    #5: 10.10.3.107 - 132448 pkts (26451 pps) [HEAVY-HITTER]

[RING BUFFER + MULTI-SCALE FEATURES]
=== Temporal Analysis (last 100 windows = 5.0 sec) ===

  Windows processed:         8325
  Buffer utilization:        100/100 (100.0%)
  Running baseline (ML):     14317425 pps (for ML features only)
  Detection mode:            FIXED THRESHOLDS

  [Temporal Features - Last Window]
    Delta PPS (250ms):       +1431146
    Delta PPS (500ms):       +2859196
    PPS Variance:            2714307657728
    Ratio vs Baseline:       1.85x

  [Multi-Scale Features]
    Top IP (50ms):           423 pps
    Top IP (1s):             8160 pps
    Top IP (1min):           27412 pps
    Burst Ratio (50ms/1min): 0.02x
    IP Concentration:        0.8%

[MULTIPLE DETECTION STATISTICS]
=== Aggregate Detection Analysis ===

  Total detection events:    4035
  Average detection latency: 83.49 ms
  Min detection latency:     53.72 ms
  Max detection latency:     115805.37 ms
  Latency range:             115751.65 ms

  Detection Latency Histogram:
    < 20 ms:  0 detections (0.0%)
    20-30 ms: 0 detections (0.0%)
    30-40 ms: 0 detections (0.0%)
    40-50 ms: 0 detections (0.0%)
    > 50 ms:  4034 detections (100.0%)

[PERFORMANCE METRICS]
  Throughput:         19.90 Gbps (10.43 Mpps)
  Cycles available:   287 cycles/pkt (lower = higher load)
  Active IPs:         0
  Worker threads:     14 (lcores 1-14)

[DPDK NIC STATISTICS]
  RX packets (NIC):   5329523299
  RX dropped (HW):    [0m0[0m (imissed)
  RX no mbufs:        [0m0[0m (buffer exhaustion)
  RX errors:          0
  Total drops:        [0m0 (0.00%)[0m
  RX burst calls:     72786724496 (95.4% empty)
  Processed pkts:     5329527850 (100.0% of NIC RX)


╔═══════════════════════════════════════════════════════════════════════╗
║          MIRA DDoS DETECTOR - STATISTICS (MULTI-CORE)                ║
╚═══════════════════════════════════════════════════════════════════════╝

[PACKET COUNTERS - GLOBAL]
  Total packets:      5395632584
  Baseline (10.10.2.x): 2305999736 (42.7%)
  Attack (10.10.3.x): 1813167836 (33.6%)
  TCP packets:        2443432367
  UDP packets:        2752942779
  ICMP packets:       199257438

[INSTANTANEOUS TRAFFIC - Last 5.0 seconds]
  Baseline (10.10.2.x): 25658213 pkts (49.1%)  2428713796 bytes  3.88 Gbps
  Attack (10.10.3.x): 26560119 pkts (50.9%)  8764329106 bytes  14.00 Gbps
  Total throughput:   17.88 Gbps  (avg pkt: 214 bytes)

[CUMULATIVE TRAFFIC - Since first packet (444.7s)]
  Total received:     5395632584 pkts (12.13 Mpps) | 18.60 Gbps | 1033911627590 bytes

[ATTACK-SPECIFIC COUNTERS]
  SYN packets:        662799038
  SYN-ACK packets:    331399212
  SYN/ACK ratio:      2.00
  HTTP requests:      1137611269
  DNS queries:        390409225

[PROTOCOL-SPECIFIC COUNTERS - CIC-DDoS-2019 Features]
  NTP Amplification:
    Monlist queries:  3990
    Responses:        0  (avg size: 0 bytes)
  DNS Amplification:
    ANY queries:      0
    TXT queries:      0
    Responses:        390406837  (avg size: 108 bytes)
  SNMP Amplification:
    GetBulk requests: 0
    Responses:        0  (avg size: 0 bytes)
  SSDP:
    M-SEARCH packets: 0
    Responses:        28124
  PortMapper:
    GETPORT calls:    27741
    DUMP calls:       0
  NetBIOS:
    Name queries:     30904
    Datagram packets: 27808
  LDAP:
    Bind requests:    0
    Search requests:  28096
  MSSQL:
    SQLBatch packets: 27035
    RPC packets:      0
  TFTP:
    RRQ (read) pkts:  0
    WRQ (write) pkts: 0

[ATTACK DETECTIONS - Cumulative Events]
  UDP flood events:   4127
  UDP-lag events:     24
  SYN flood events:   0
  HTTP flood events:  0
  ICMP flood events:  0
  DNS amp events:     0
  NTP amp events:     0
  SNMP amp events:    0
  SSDP events:        0
  PortMap events:     0
  NetBIOS events:     0
  LDAP events:        0
  MSSQL events:       0
  TFTP events:        0
  ACK flood events:   0
  Frag attack events: 0
  Heavy-hitter events:6268 (OctoSketch per-IP detection)
  Packet flood events:0
  (Note: Events count IPs exceeding thresholds per 50ms window)

[ALERT STATUS]
  Alert level:        [1;31mHIGH[0m
  Reason:             [1;31mUDP ANOMALY: 7390661 pps | HEAVY-HITTER: 10.10.3.45 @ 27812 pps | TREND: attack rising (+1427124/250ms) | [0m

[MULTI-LF (2025) COMPARISON]
=== Detection Performance vs ML-Based System ===

  First Detection Latency:   1606.50 ms (vs MULTI-LF: 866 ms)
    Improvement:             0.5× faster

  Packets until detection:   874838481
  Bytes until detection:     111437274657 (106274.87 MB)

[OCTOSKETCH METRICS - Optimized Architecture]
=== Per-Worker Sketches + Sampling (1/32 packets) ===

  Architecture:              Per-worker (NO atomics, NO contention)
  Total sketch memory:       8961 KB (14 workers × 640.1 KB)
  Sampling rate:             1 in 32 packets (3.1% overhead)
  Attack traffic sampled:    25679232 updates
  Estimated attack packets:  821735424 (×32 sampling factor)
  Sketch overhead:           ~1.56% of fast-path cycles
  Memory efficiency:         O(1) constant, 640.1 KB per worker

[OCTOSKETCH HEAVY-HITTER DETECTION]
=== Top Attackers (per-IP tracking via Count-Min Sketch) ===

  Heavy-hitter threshold:    5000 pps per IP
  Heavy-hitters detected:    5 IPs exceeding threshold
  Total HH detections:       6268 events

  Top 5 Attackers (estimated counts, ×32 sampling):
    #1: 10.10.3.45 - 134784 pkts (26912 pps) [HEAVY-HITTER]
    #2: 10.10.3.3 - 134752 pkts (26905 pps) [HEAVY-HITTER]
    #3: 10.10.3.134 - 133856 pkts (26727 pps) [HEAVY-HITTER]
    #4: 10.10.3.100 - 133152 pkts (26586 pps) [HEAVY-HITTER]
    #5: 10.10.3.99 - 132544 pkts (26465 pps) [HEAVY-HITTER]

[RING BUFFER + MULTI-SCALE FEATURES]
=== Temporal Analysis (last 100 windows = 5.0 sec) ===

  Windows processed:         8417
  Buffer utilization:        100/100 (100.0%)
  Running baseline (ML):     14169159 pps (for ML features only)
  Detection mode:            FIXED THRESHOLDS

  [Temporal Features - Last Window]
    Delta PPS (250ms):       +1427124
    Delta PPS (500ms):       +2854728
    PPS Variance:            2718402084864
    Ratio vs Baseline:       1.87x

  [Multi-Scale Features]
    Top IP (50ms):           390 pps
    Top IP (1s):             26688 pps
    Top IP (1min):           445 pps
    Burst Ratio (50ms/1min): 0.87x
    IP Concentration:        0.7%

[MULTIPLE DETECTION STATISTICS]
=== Aggregate Detection Analysis ===

  Total detection events:    4127
  Average detection latency: 82.84 ms
  Min detection latency:     53.72 ms
  Max detection latency:     115805.37 ms
  Latency range:             115751.65 ms

  Detection Latency Histogram:
    < 20 ms:  0 detections (0.0%)
    20-30 ms: 0 detections (0.0%)
    30-40 ms: 0 detections (0.0%)
    40-50 ms: 0 detections (0.0%)
    > 50 ms:  4126 detections (100.0%)

[PERFORMANCE METRICS]
  Throughput:         17.88 Gbps (10.43 Mpps)
  Cycles available:   287 cycles/pkt (lower = higher load)
  Active IPs:         0
  Worker threads:     14 (lcores 1-14)

[DPDK NIC STATISTICS]
  RX packets (NIC):   5395627646
  RX dropped (HW):    [0m0[0m (imissed)
  RX no mbufs:        [0m0[0m (buffer exhaustion)
  RX errors:          0
  Total drops:        [0m0 (0.00%)[0m
  RX burst calls:     73435021937 (95.4% empty)
  Processed pkts:     5395632584 (100.0% of NIC RX)


╔═══════════════════════════════════════════════════════════════════════╗
║          MIRA DDoS DETECTOR - STATISTICS (MULTI-CORE)                ║
╚═══════════════════════════════════════════════════════════════════════╝

[PACKET COUNTERS - GLOBAL]
  Total packets:      5461736878
  Baseline (10.10.2.x): 2331657574 (42.7%)
  Attack (10.10.3.x): 1839729921 (33.7%)
  TCP packets:        2470324075
  UDP packets:        2789955733
  ICMP packets:       201457070

[INSTANTANEOUS TRAFFIC - Last 5.0 seconds]
  Baseline (10.10.2.x): 25657323 pkts (49.1%)  2606096324 bytes  4.16 Gbps
  Attack (10.10.3.x): 26561519 pkts (50.9%)  8764670921 bytes  14.00 Gbps
  Total throughput:   18.16 Gbps  (avg pkt: 218 bytes)

[CUMULATIVE TRAFFIC - Since first packet (449.7s)]
  Total received:     5461736878 pkts (12.15 Mpps) | 18.63 Gbps | 1047456416482 bytes

[ATTACK-SPECIFIC COUNTERS]
  SYN packets:        670181379
  SYN-ACK packets:    335090372
  SYN/ACK ratio:      2.00
  HTTP requests:      1149473338
  DNS queries:        394758057

[PROTOCOL-SPECIFIC COUNTERS - CIC-DDoS-2019 Features]
  NTP Amplification:
    Monlist queries:  4048
    Responses:        0  (avg size: 0 bytes)
  DNS Amplification:
    ANY queries:      0
    TXT queries:      0
    Responses:        394755606  (avg size: 108 bytes)
  SNMP Amplification:
    GetBulk requests: 0
    Responses:        0  (avg size: 0 bytes)
  SSDP:
    M-SEARCH packets: 0
    Responses:        28515
  PortMapper:
    GETPORT calls:    28148
    DUMP calls:       0
  NetBIOS:
    Name queries:     31368
    Datagram packets: 28237
  LDAP:
    Bind requests:    0
    Search requests:  28519
  MSSQL:
    SQLBatch packets: 27414
    RPC packets:      0
  TFTP:
    RRQ (read) pkts:  0
    WRQ (write) pkts: 0

[ATTACK DETECTIONS - Cumulative Events]
  UDP flood events:   4219
  UDP-lag events:     24
  SYN flood events:   0
  HTTP flood events:  0
  ICMP flood events:  0
  DNS amp events:     0
  NTP amp events:     0
  SNMP amp events:    0
  SSDP events:        0
  PortMap events:     0
  NetBIOS events:     0
  LDAP events:        0
  MSSQL events:       0
  TFTP events:        0
  ACK flood events:   0
  Frag attack events: 0
  Heavy-hitter events:6360 (OctoSketch per-IP detection)
  Packet flood events:0
  (Note: Events count IPs exceeding thresholds per 50ms window)

[ALERT STATUS]
  Alert level:        [1;31mHIGH[0m
  Reason:             [1;31mUDP ANOMALY: 7389773 pps | HEAVY-HITTER: 10.10.3.159 @ 27705 pps | TREND: attack rising (+1427818/250ms) | [0m

[MULTI-LF (2025) COMPARISON]
=== Detection Performance vs ML-Based System ===

  First Detection Latency:   1606.50 ms (vs MULTI-LF: 866 ms)
    Improvement:             0.5× faster

  Packets until detection:   874838481
  Bytes until detection:     111437274657 (106274.87 MB)

[OCTOSKETCH METRICS - Optimized Architecture]
=== Per-Worker Sketches + Sampling (1/32 packets) ===

  Architecture:              Per-worker (NO atomics, NO contention)
  Total sketch memory:       8961 KB (14 workers × 640.1 KB)
  Sampling rate:             1 in 32 packets (3.1% overhead)
  Attack traffic sampled:    25677536 updates
  Estimated attack packets:  821681152 (×32 sampling factor)
  Sketch overhead:           ~1.56% of fast-path cycles
  Memory efficiency:         O(1) constant, 640.1 KB per worker

[OCTOSKETCH HEAVY-HITTER DETECTION]
=== Top Attackers (per-IP tracking via Count-Min Sketch) ===

  Heavy-hitter threshold:    5000 pps per IP
  Heavy-hitters detected:    5 IPs exceeding threshold
  Total HH detections:       6360 events

  Top 5 Attackers (estimated counts, ×32 sampling):
    #1: 10.10.3.159 - 134272 pkts (26808 pps) [HEAVY-HITTER]
    #2: 10.10.3.113 - 133600 pkts (26674 pps) [HEAVY-HITTER]
    #3: 10.10.3.198 - 133600 pkts (26674 pps) [HEAVY-HITTER]
    #4: 10.10.3.140 - 132832 pkts (26521 pps) [HEAVY-HITTER]
    #5: 10.10.3.95 - 132480 pkts (26451 pps) [HEAVY-HITTER]

[RING BUFFER + MULTI-SCALE FEATURES]
=== Temporal Analysis (last 100 windows = 5.0 sec) ===

  Windows processed:         8509
  Buffer utilization:        100/100 (100.0%)
  Running baseline (ML):     14170951 pps (for ML features only)
  Detection mode:            FIXED THRESHOLDS

  [Temporal Features - Last Window]
    Delta PPS (250ms):       +1427818
    Delta PPS (500ms):       +2859738
    PPS Variance:            2718169300992
    Ratio vs Baseline:       1.87x

  [Multi-Scale Features]
    Top IP (50ms):           416 pps
    Top IP (1s):             14464 pps
    Top IP (1min):           2719 pps
    Burst Ratio (50ms/1min): 0.15x
    IP Concentration:        0.7%

[MULTIPLE DETECTION STATISTICS]
=== Aggregate Detection Analysis ===

  Total detection events:    4219
  Average detection latency: 82.22 ms
  Min detection latency:     53.72 ms
  Max detection latency:     115805.37 ms
  Latency range:             115751.65 ms

  Detection Latency Histogram:
    < 20 ms:  0 detections (0.0%)
    20-30 ms: 0 detections (0.0%)
    30-40 ms: 0 detections (0.0%)
    40-50 ms: 0 detections (0.0%)
    > 50 ms:  4218 detections (100.0%)

[PERFORMANCE METRICS]
  Throughput:         18.16 Gbps (10.43 Mpps)
  Cycles available:   287 cycles/pkt (lower = higher load)
  Active IPs:         0
  Worker threads:     14 (lcores 1-14)

[DPDK NIC STATISTICS]
  RX packets (NIC):   5461732293
  RX dropped (HW):    [0m0[0m (imissed)
  RX no mbufs:        [0m0[0m (buffer exhaustion)
  RX errors:          0
  Total drops:        [0m0 (0.00%)[0m
  RX burst calls:     74082951046 (95.4% empty)
  Processed pkts:     5461736878 (100.0% of NIC RX)


╔═══════════════════════════════════════════════════════════════════════╗
║          MIRA DDoS DETECTOR - STATISTICS (MULTI-CORE)                ║
╚═══════════════════════════════════════════════════════════════════════╝

[PACKET COUNTERS - GLOBAL]
  Total packets:      5527843582
  Baseline (10.10.2.x): 2357314472 (42.6%)
  Attack (10.10.3.x): 1866294258 (33.8%)
  TCP packets:        2497213822
  UDP packets:        2826972836
  ICMP packets:       203656924

[INSTANTANEOUS TRAFFIC - Last 5.0 seconds]
  Baseline (10.10.2.x): 25656306 pkts (49.1%)  2601426483 bytes  4.15 Gbps
  Attack (10.10.3.x): 26563910 pkts (50.9%)  10014990692 bytes  16.00 Gbps
  Total throughput:   20.15 Gbps  (avg pkt: 242 bytes)

[CUMULATIVE TRAFFIC - Since first packet (454.7s)]
  Total received:     5527843582 pkts (12.16 Mpps) | 18.67 Gbps | 1061001660173 bytes

[ATTACK-SPECIFIC COUNTERS]
  SYN packets:        677562998
  SYN-ACK packets:    338781184
  SYN/ACK ratio:      2.00
  HTTP requests:      1161335576
  DNS queries:        399108098

[PROTOCOL-SPECIFIC COUNTERS - CIC-DDoS-2019 Features]
  NTP Amplification:
    Monlist queries:  4104
    Responses:        0  (avg size: 0 bytes)
  DNS Amplification:
    ANY queries:      0
    TXT queries:      0
    Responses:        399105630  (avg size: 108 bytes)
  SNMP Amplification:
    GetBulk requests: 0
    Responses:        0  (avg size: 0 bytes)
  SSDP:
    M-SEARCH packets: 0
    Responses:        28928
  PortMapper:
    GETPORT calls:    28535
    DUMP calls:       0
  NetBIOS:
    Name queries:     31819
    Datagram packets: 28631
  LDAP:
    Bind requests:    0
    Search requests:  28920
  MSSQL:
    SQLBatch packets: 27817
    RPC packets:      0
  TFTP:
    RRQ (read) pkts:  0
    WRQ (write) pkts: 0

[ATTACK DETECTIONS - Cumulative Events]
  UDP flood events:   4311
  UDP-lag events:     27
  SYN flood events:   0
  HTTP flood events:  0
  ICMP flood events:  0
  DNS amp events:     0
  NTP amp events:     0
  SNMP amp events:    0
  SSDP events:        0
  PortMap events:     0
  NetBIOS events:     0
  LDAP events:        0
  MSSQL events:       0
  TFTP events:        0
  ACK flood events:   0
  Frag attack events: 0
  Heavy-hitter events:6452 (OctoSketch per-IP detection)
  Packet flood events:0
  (Note: Events count IPs exceeding thresholds per 50ms window)

[ALERT STATUS]
  Alert level:        [1;31mHIGH[0m
  Reason:             [1;31mUDP ANOMALY: 7390739 pps | HEAVY-HITTER: 10.10.3.63 @ 27795 pps | TREND: attack rising (+1435606/250ms) | [0m

[MULTI-LF (2025) COMPARISON]
=== Detection Performance vs ML-Based System ===

  First Detection Latency:   1606.50 ms (vs MULTI-LF: 866 ms)
    Improvement:             0.5× faster

  Packets until detection:   874838481
  Bytes until detection:     111437274657 (106274.87 MB)

[OCTOSKETCH METRICS - Optimized Architecture]
=== Per-Worker Sketches + Sampling (1/32 packets) ===

  Architecture:              Per-worker (NO atomics, NO contention)
  Total sketch memory:       8961 KB (14 workers × 640.1 KB)
  Sampling rate:             1 in 32 packets (3.1% overhead)
  Attack traffic sampled:    25684544 updates
  Estimated attack packets:  821905408 (×32 sampling factor)
  Sketch overhead:           ~1.56% of fast-path cycles
  Memory efficiency:         O(1) constant, 640.1 KB per worker

[OCTOSKETCH HEAVY-HITTER DETECTION]
=== Top Attackers (per-IP tracking via Count-Min Sketch) ===

  Heavy-hitter threshold:    5000 pps per IP
  Heavy-hitters detected:    5 IPs exceeding threshold
  Total HH detections:       6452 events

  Top 5 Attackers (estimated counts, ×32 sampling):
    #1: 10.10.3.63 - 134720 pkts (26896 pps) [HEAVY-HITTER]
    #2: 10.10.3.180 - 133312 pkts (26615 pps) [HEAVY-HITTER]
    #3: 10.10.3.56 - 133280 pkts (26609 pps) [HEAVY-HITTER]
    #4: 10.10.3.3 - 133024 pkts (26557 pps) [HEAVY-HITTER]
    #5: 10.10.3.18 - 132736 pkts (26500 pps) [HEAVY-HITTER]

[RING BUFFER + MULTI-SCALE FEATURES]
=== Temporal Analysis (last 100 windows = 5.0 sec) ===

  Windows processed:         8601
  Buffer utilization:        100/100 (100.0%)
  Running baseline (ML):     14170221 pps (for ML features only)
  Detection mode:            FIXED THRESHOLDS

  [Temporal Features - Last Window]
    Delta PPS (250ms):       +1435606
    Delta PPS (500ms):       +2863062
    PPS Variance:            2709196111872
    Ratio vs Baseline:       1.87x

  [Multi-Scale Features]
    Top IP (50ms):           403 pps
    Top IP (1s):             1984 pps
    Top IP (1min):           4949 pps
    Burst Ratio (50ms/1min): 0.08x
    IP Concentration:        0.7%

[MULTIPLE DETECTION STATISTICS]
=== Aggregate Detection Analysis ===

  Total detection events:    4311
  Average detection latency: 81.63 ms
  Min detection latency:     53.72 ms
  Max detection latency:     115805.37 ms
  Latency range:             115751.65 ms

  Detection Latency Histogram:
    < 20 ms:  0 detections (0.0%)
    20-30 ms: 0 detections (0.0%)
    30-40 ms: 0 detections (0.0%)
    40-50 ms: 0 detections (0.0%)
    > 50 ms:  4310 detections (100.0%)

[PERFORMANCE METRICS]
  Throughput:         20.15 Gbps (10.43 Mpps)
  Cycles available:   287 cycles/pkt (lower = higher load)
  Active IPs:         0
  Worker threads:     14 (lcores 1-14)

[DPDK NIC STATISTICS]
  RX packets (NIC):   5527839206
  RX dropped (HW):    [0m0[0m (imissed)
  RX no mbufs:        [0m0[0m (buffer exhaustion)
  RX errors:          0
  Total drops:        [0m0 (0.00%)[0m
  RX burst calls:     74730578698 (95.4% empty)
  Processed pkts:     5527843582 (100.0% of NIC RX)


╔═══════════════════════════════════════════════════════════════════════╗
║          MIRA DDoS DETECTOR - STATISTICS (MULTI-CORE)                ║
╚═══════════════════════════════════════════════════════════════════════╝

[PACKET COUNTERS - GLOBAL]
  Total packets:      5593912281
  Baseline (10.10.2.x): 2382958938 (42.6%)
  Attack (10.10.3.x): 1892843120 (33.8%)
  TCP packets:        2524088285
  UDP packets:        2863970576
  ICMP packets:       205853420

[INSTANTANEOUS TRAFFIC - Last 5.0 seconds]
  Baseline (10.10.2.x): 25643896 pkts (49.1%)  2427552151 bytes  3.88 Gbps
  Attack (10.10.3.x): 26548315 pkts (50.9%)  9394086108 bytes  15.01 Gbps
  Total throughput:   18.89 Gbps  (avg pkt: 227 bytes)

[CUMULATIVE TRAFFIC - Since first packet (459.7s)]
  Total received:     5593912281 pkts (12.17 Mpps) | 18.70 Gbps | 1074540079678 bytes

[ATTACK-SPECIFIC COUNTERS]
  SYN packets:        684940430
  SYN-ACK packets:    342469890
  SYN/ACK ratio:      2.00
  HTTP requests:      1173191072
  DNS queries:        403454583

[PROTOCOL-SPECIFIC COUNTERS - CIC-DDoS-2019 Features]
  NTP Amplification:
    Monlist queries:  4166
    Responses:        0  (avg size: 0 bytes)
  DNS Amplification:
    ANY queries:      0
    TXT queries:      0
    Responses:        403452059  (avg size: 108 bytes)
  SNMP Amplification:
    GetBulk requests: 0
    Responses:        0  (avg size: 0 bytes)
  SSDP:
    M-SEARCH packets: 0
    Responses:        29355
  PortMapper:
    GETPORT calls:    28959
    DUMP calls:       0
  NetBIOS:
    Name queries:     32264
    Datagram packets: 29035
  LDAP:
    Bind requests:    0
    Search requests:  29335
  MSSQL:
    SQLBatch packets: 28219
    RPC packets:      0
  TFTP:
    RRQ (read) pkts:  0
    WRQ (write) pkts: 0

[ATTACK DETECTIONS - Cumulative Events]
  UDP flood events:   4403
  UDP-lag events:     28
  SYN flood events:   0
  HTTP flood events:  0
  ICMP flood events:  0
  DNS amp events:     0
  NTP amp events:     0
  SNMP amp events:    0
  SSDP events:        0
  PortMap events:     0
  NetBIOS events:     0
  LDAP events:        0
  MSSQL events:       0
  TFTP events:        0
  ACK flood events:   0
  Frag attack events: 0
  Heavy-hitter events:6544 (OctoSketch per-IP detection)
  Packet flood events:0
  (Note: Events count IPs exceeding thresholds per 50ms window)

[ALERT STATUS]
  Alert level:        [1;31mHIGH[0m
  Reason:             [1;31mUDP ANOMALY: 7389234 pps | HEAVY-HITTER: 10.10.3.170 @ 27492 pps | TREND: attack rising (+1426788/250ms) | [0m

[MULTI-LF (2025) COMPARISON]
=== Detection Performance vs ML-Based System ===

  First Detection Latency:   1606.50 ms (vs MULTI-LF: 866 ms)
    Improvement:             0.5× faster

  Packets until detection:   874838481
  Bytes until detection:     111437274657 (106274.87 MB)

[OCTOSKETCH METRICS - Optimized Architecture]
=== Per-Worker Sketches + Sampling (1/32 packets) ===

  Architecture:              Per-worker (NO atomics, NO contention)
  Total sketch memory:       8961 KB (14 workers × 640.1 KB)
  Sampling rate:             1 in 32 packets (3.1% overhead)
  Attack traffic sampled:    25669024 updates
  Estimated attack packets:  821408768 (×32 sampling factor)
  Sketch overhead:           ~1.56% of fast-path cycles
  Memory efficiency:         O(1) constant, 640.1 KB per worker

[OCTOSKETCH HEAVY-HITTER DETECTION]
=== Top Attackers (per-IP tracking via Count-Min Sketch) ===

  Heavy-hitter threshold:    5000 pps per IP
  Heavy-hitters detected:    5 IPs exceeding threshold
  Total HH detections:       6544 events

  Top 5 Attackers (estimated counts, ×32 sampling):
    #1: 10.10.3.170 - 133184 pkts (26603 pps) [HEAVY-HITTER]
    #2: 10.10.3.173 - 133056 pkts (26577 pps) [HEAVY-HITTER]
    #3: 10.10.3.121 - 132064 pkts (26379 pps) [HEAVY-HITTER]
    #4: 10.10.3.54 - 132000 pkts (26367 pps) [HEAVY-HITTER]
    #5: 10.10.3.27 - 131872 pkts (26341 pps) [HEAVY-HITTER]

[RING BUFFER + MULTI-SCALE FEATURES]
=== Temporal Analysis (last 100 windows = 5.0 sec) ===

  Windows processed:         8693
  Buffer utilization:        100/100 (100.0%)
  Running baseline (ML):     14164784 pps (for ML features only)
  Detection mode:            FIXED THRESHOLDS

  [Temporal Features - Last Window]
    Delta PPS (250ms):       +1426788
    Delta PPS (500ms):       +2854346
    PPS Variance:            2713244925952
    Ratio vs Baseline:       1.87x

  [Multi-Scale Features]
    Top IP (50ms):           429 pps
    Top IP (1s):             20192 pps
    Top IP (1min):           7219 pps
    Burst Ratio (50ms/1min): 0.06x
    IP Concentration:        0.8%

[MULTIPLE DETECTION STATISTICS]
=== Aggregate Detection Analysis ===

  Total detection events:    4403
  Average detection latency: 81.06 ms
  Min detection latency:     53.72 ms
  Max detection latency:     115805.37 ms
  Latency range:             115751.65 ms

  Detection Latency Histogram:
    < 20 ms:  0 detections (0.0%)
    20-30 ms: 0 detections (0.0%)
    30-40 ms: 0 detections (0.0%)
    40-50 ms: 0 detections (0.0%)
    > 50 ms:  4402 detections (100.0%)

[PERFORMANCE METRICS]
  Throughput:         18.89 Gbps (10.43 Mpps)
  Cycles available:   287 cycles/pkt (lower = higher load)
  Active IPs:         0
  Worker threads:     14 (lcores 1-14)

[DPDK NIC STATISTICS]
  RX packets (NIC):   5593907830
  RX dropped (HW):    [0m0[0m (imissed)
  RX no mbufs:        [0m0[0m (buffer exhaustion)
  RX errors:          0
  Total drops:        [0m0 (0.00%)[0m
  RX burst calls:     75380688717 (95.4% empty)
  Processed pkts:     5593912281 (100.0% of NIC RX)


╔═══════════════════════════════════════════════════════════════════════╗
║          MIRA DDoS DETECTOR - STATISTICS (MULTI-CORE)                ║
╚═══════════════════════════════════════════════════════════════════════╝

[PACKET COUNTERS - GLOBAL]
  Total packets:      5659992813
  Baseline (10.10.2.x): 2408606408 (42.6%)
  Attack (10.10.3.x): 1919395130 (33.9%)
  TCP packets:        2550968266
  UDP packets:        2900971830
  ICMP packets:       208052717

[INSTANTANEOUS TRAFFIC - Last 5.0 seconds]
  Baseline (10.10.2.x): 25646899 pkts (49.1%)  2427105887 bytes  3.88 Gbps
  Attack (10.10.3.x): 26551393 pkts (50.9%)  8761225946 bytes  14.00 Gbps
  Total throughput:   17.88 Gbps  (avg pkt: 214 bytes)

[CUMULATIVE TRAFFIC - Since first packet (464.7s)]
  Total received:     5659992813 pkts (12.18 Mpps) | 18.73 Gbps | 1088079569499 bytes

[ATTACK-SPECIFIC COUNTERS]
  SYN packets:        692319290
  SYN-ACK packets:    346159321
  SYN/ACK ratio:      2.00
  HTTP requests:      1185049891
  DNS queries:        407803292

[PROTOCOL-SPECIFIC COUNTERS - CIC-DDoS-2019 Features]
  NTP Amplification:
    Monlist queries:  4224
    Responses:        0  (avg size: 0 bytes)
  DNS Amplification:
    ANY queries:      0
    TXT queries:      0
    Responses:        407800705  (avg size: 108 bytes)
  SNMP Amplification:
    GetBulk requests: 0
    Responses:        0  (avg size: 0 bytes)
  SSDP:
    M-SEARCH packets: 0
    Responses:        29753
  PortMapper:
    GETPORT calls:    29370
    DUMP calls:       0
  NetBIOS:
    Name queries:     32728
    Datagram packets: 29457
  LDAP:
    Bind requests:    0
    Search requests:  29752
  MSSQL:
    SQLBatch packets: 28602
    RPC packets:      0
  TFTP:
    RRQ (read) pkts:  0
    WRQ (write) pkts: 0

[ATTACK DETECTIONS - Cumulative Events]
  UDP flood events:   4495
  UDP-lag events:     28
  SYN flood events:   0
  HTTP flood events:  0
  ICMP flood events:  0
  DNS amp events:     0
  NTP amp events:     0
  SNMP amp events:    0
  SSDP events:        0
  PortMap events:     0
  NetBIOS events:     0
  LDAP events:        0
  MSSQL events:       0
  TFTP events:        0
  ACK flood events:   0
  Frag attack events: 0
  Heavy-hitter events:6636 (OctoSketch per-IP detection)
  Packet flood events:0
  (Note: Events count IPs exceeding thresholds per 50ms window)

[ALERT STATUS]
  Alert level:        [1;31mHIGH[0m
  Reason:             [1;31mUDP ANOMALY: 7390094 pps | HEAVY-HITTER: 10.10.3.27 @ 27484 pps | TREND: attack rising (+1431276/250ms) | [0m

[MULTI-LF (2025) COMPARISON]
=== Detection Performance vs ML-Based System ===

  First Detection Latency:   1606.50 ms (vs MULTI-LF: 866 ms)
    Improvement:             0.5× faster

  Packets until detection:   874838481
  Bytes until detection:     111437274657 (106274.87 MB)

[OCTOSKETCH METRICS - Optimized Architecture]
=== Per-Worker Sketches + Sampling (1/32 packets) ===

  Architecture:              Per-worker (NO atomics, NO contention)
  Total sketch memory:       8961 KB (14 workers × 640.1 KB)
  Sampling rate:             1 in 32 packets (3.1% overhead)
  Attack traffic sampled:    25671072 updates
  Estimated attack packets:  821474304 (×32 sampling factor)
  Sketch overhead:           ~1.56% of fast-path cycles
  Memory efficiency:         O(1) constant, 640.1 KB per worker

[OCTOSKETCH HEAVY-HITTER DETECTION]
=== Top Attackers (per-IP tracking via Count-Min Sketch) ===

  Heavy-hitter threshold:    5000 pps per IP
  Heavy-hitters detected:    5 IPs exceeding threshold
  Total HH detections:       6636 events

  Top 5 Attackers (estimated counts, ×32 sampling):
    #1: 10.10.3.27 - 133152 pkts (26595 pps) [HEAVY-HITTER]
    #2: 10.10.3.160 - 132960 pkts (26557 pps) [HEAVY-HITTER]
    #3: 10.10.3.62 - 132736 pkts (26512 pps) [HEAVY-HITTER]
    #4: 10.10.3.172 - 132512 pkts (26467 pps) [HEAVY-HITTER]
    #5: 10.10.3.95 - 132320 pkts (26429 pps) [HEAVY-HITTER]

[RING BUFFER + MULTI-SCALE FEATURES]
=== Temporal Analysis (last 100 windows = 5.0 sec) ===

  Windows processed:         8785
  Buffer utilization:        100/100 (100.0%)
  Running baseline (ML):     14165471 pps (for ML features only)
  Detection mode:            FIXED THRESHOLDS

  [Temporal Features - Last Window]
    Delta PPS (250ms):       +1431276
    Delta PPS (500ms):       +2858464
    PPS Variance:            2712360976384
    Ratio vs Baseline:       1.87x

  [Multi-Scale Features]
    Top IP (50ms):           390 pps
    Top IP (1s):             8416 pps
    Top IP (1min):           9431 pps
    Burst Ratio (50ms/1min): 0.04x
    IP Concentration:        0.7%

[MULTIPLE DETECTION STATISTICS]
=== Aggregate Detection Analysis ===

  Total detection events:    4495
  Average detection latency: 80.51 ms
  Min detection latency:     53.72 ms
  Max detection latency:     115805.37 ms
  Latency range:             115751.65 ms

  Detection Latency Histogram:
    < 20 ms:  0 detections (0.0%)
    20-30 ms: 0 detections (0.0%)
    30-40 ms: 0 detections (0.0%)
    40-50 ms: 0 detections (0.0%)
    > 50 ms:  4494 detections (100.0%)

[PERFORMANCE METRICS]
  Throughput:         17.88 Gbps (10.43 Mpps)
  Cycles available:   287 cycles/pkt (lower = higher load)
  Active IPs:         0
  Worker threads:     14 (lcores 1-14)

[DPDK NIC STATISTICS]
  RX packets (NIC):   5659988140
  RX dropped (HW):    [0m0[0m (imissed)
  RX no mbufs:        [0m0[0m (buffer exhaustion)
  RX errors:          0
  Total drops:        [0m0 (0.00%)[0m
  RX burst calls:     76030029271 (95.4% empty)
  Processed pkts:     5659992813 (100.0% of NIC RX)


╔═══════════════════════════════════════════════════════════════════════╗
║          MIRA DDoS DETECTOR - STATISTICS (MULTI-CORE)                ║
╚═══════════════════════════════════════════════════════════════════════╝

[PACKET COUNTERS - GLOBAL]
  Total packets:      5726120090
  Baseline (10.10.2.x): 2434273520 (42.5%)
  Attack (10.10.3.x): 1945964398 (34.0%)
  TCP packets:        2577870940
  UDP packets:        2937995974
  ICMP packets:       210253176

[INSTANTANEOUS TRAFFIC - Last 5.0 seconds]
  Baseline (10.10.2.x): 25666518 pkts (49.1%)  2429127307 bytes  3.88 Gbps
  Attack (10.10.3.x): 26568902 pkts (50.9%)  8767136529 bytes  14.00 Gbps
  Total throughput:   17.88 Gbps  (avg pkt: 214 bytes)

[CUMULATIVE TRAFFIC - Since first packet (469.7s)]
  Total received:     5726120090 pkts (12.19 Mpps) | 18.76 Gbps | 1101629030807 bytes

[ATTACK-SPECIFIC COUNTERS]
  SYN packets:        699703945
  SYN-ACK packets:    349851645
  SYN/ACK ratio:      2.00
  HTTP requests:      1196922110
  DNS queries:        412153014

[PROTOCOL-SPECIFIC COUNTERS - CIC-DDoS-2019 Features]
  NTP Amplification:
    Monlist queries:  4280
    Responses:        0  (avg size: 0 bytes)
  DNS Amplification:
    ANY queries:      0
    TXT queries:      0
    Responses:        412150397  (avg size: 108 bytes)
  SNMP Amplification:
    GetBulk requests: 0
    Responses:        0  (avg size: 0 bytes)
  SSDP:
    M-SEARCH packets: 0
    Responses:        30162
  PortMapper:
    GETPORT calls:    29755
    DUMP calls:       0
  NetBIOS:
    Name queries:     33176
    Datagram packets: 29852
  LDAP:
    Bind requests:    0
    Search requests:  30153
  MSSQL:
    SQLBatch packets: 29008
    RPC packets:      0
  TFTP:
    RRQ (read) pkts:  0
    WRQ (write) pkts: 0

[ATTACK DETECTIONS - Cumulative Events]
  UDP flood events:   4587
  UDP-lag events:     28
  SYN flood events:   0
  HTTP flood events:  0
  ICMP flood events:  0
  DNS amp events:     0
  NTP amp events:     0
  SNMP amp events:    0
  SSDP events:        0
  PortMap events:     0
  NetBIOS events:     0
  LDAP events:        0
  MSSQL events:       0
  TFTP events:        0
  ACK flood events:   0
  Frag attack events: 0
  Heavy-hitter events:6728 (OctoSketch per-IP detection)
  Packet flood events:0
  (Note: Events count IPs exceeding thresholds per 50ms window)

[ALERT STATUS]
  Alert level:        [1;31mHIGH[0m
  Reason:             [1;31mUDP ANOMALY: 7390566 pps | HEAVY-HITTER: 10.10.3.173 @ 27380 pps | TREND: attack rising (+1427878/250ms) | [0m

[MULTI-LF (2025) COMPARISON]
=== Detection Performance vs ML-Based System ===

  First Detection Latency:   1606.50 ms (vs MULTI-LF: 866 ms)
    Improvement:             0.5× faster

  Packets until detection:   874838481
  Bytes until detection:     111437274657 (106274.87 MB)

[OCTOSKETCH METRICS - Optimized Architecture]
=== Per-Worker Sketches + Sampling (1/32 packets) ===

  Architecture:              Per-worker (NO atomics, NO contention)
  Total sketch memory:       8961 KB (14 workers × 640.1 KB)
  Sampling rate:             1 in 32 packets (3.1% overhead)
  Attack traffic sampled:    25689376 updates
  Estimated attack packets:  822060032 (×32 sampling factor)
  Sketch overhead:           ~1.56% of fast-path cycles
  Memory efficiency:         O(1) constant, 640.1 KB per worker

[OCTOSKETCH HEAVY-HITTER DETECTION]
=== Top Attackers (per-IP tracking via Count-Min Sketch) ===

  Heavy-hitter threshold:    5000 pps per IP
  Heavy-hitters detected:    5 IPs exceeding threshold
  Total HH detections:       6728 events

  Top 5 Attackers (estimated counts, ×32 sampling):
    #1: 10.10.3.173 - 132736 pkts (26495 pps) [HEAVY-HITTER]
    #2: 10.10.3.79 - 132704 pkts (26488 pps) [HEAVY-HITTER]
    #3: 10.10.3.139 - 132448 pkts (26437 pps) [HEAVY-HITTER]
    #4: 10.10.3.8 - 132256 pkts (26399 pps) [HEAVY-HITTER]
    #5: 10.10.3.89 - 132256 pkts (26399 pps) [HEAVY-HITTER]

[RING BUFFER + MULTI-SCALE FEATURES]
=== Temporal Analysis (last 100 windows = 5.0 sec) ===

  Windows processed:         8877
  Buffer utilization:        100/100 (100.0%)
  Running baseline (ML):     14175107 pps (for ML features only)
  Detection mode:            FIXED THRESHOLDS

  [Temporal Features - Last Window]
    Delta PPS (250ms):       +1427878
    Delta PPS (500ms):       +2855814
    PPS Variance:            2715532918784
    Ratio vs Baseline:       1.87x

  [Multi-Scale Features]
    Top IP (50ms):           416 pps
    Top IP (1s):             27488 pps
    Top IP (1min):           11725 pps
    Burst Ratio (50ms/1min): 0.04x
    IP Concentration:        0.7%

[MULTIPLE DETECTION STATISTICS]
=== Aggregate Detection Analysis ===

  Total detection events:    4587
  Average detection latency: 79.99 ms
  Min detection latency:     53.72 ms
  Max detection latency:     115805.37 ms
  Latency range:             115751.65 ms

  Detection Latency Histogram:
    < 20 ms:  0 detections (0.0%)
    20-30 ms: 0 detections (0.0%)
    30-40 ms: 0 detections (0.0%)
    40-50 ms: 0 detections (0.0%)
    > 50 ms:  4586 detections (100.0%)

[PERFORMANCE METRICS]
  Throughput:         17.88 Gbps (10.43 Mpps)
  Cycles available:   287 cycles/pkt (lower = higher load)
  Active IPs:         0
  Worker threads:     14 (lcores 1-14)

[DPDK NIC STATISTICS]
  RX packets (NIC):   5726115267
  RX dropped (HW):    [0m0[0m (imissed)
  RX no mbufs:        [0m0[0m (buffer exhaustion)
  RX errors:          0
  Total drops:        [0m0 (0.00%)[0m
  RX burst calls:     76678197319 (95.3% empty)
  Processed pkts:     5726120090 (100.0% of NIC RX)


╔═══════════════════════════════════════════════════════════════════════╗
║          MIRA DDoS DETECTOR - STATISTICS (MULTI-CORE)                ║
╚═══════════════════════════════════════════════════════════════════════╝

[PACKET COUNTERS - GLOBAL]
  Total packets:      5792203636
  Baseline (10.10.2.x): 2459921312 (42.5%)
  Attack (10.10.3.x): 1972520395 (34.1%)
  TCP packets:        2604750824
  UDP packets:        2975001861
  ICMP packets:       212450951

[INSTANTANEOUS TRAFFIC - Last 5.0 seconds]
  Baseline (10.10.2.x): 25647345 pkts (49.1%)  2427478650 bytes  3.88 Gbps
  Attack (10.10.3.x): 26555392 pkts (50.9%)  9395877173 bytes  15.01 Gbps
  Total throughput:   18.89 Gbps  (avg pkt: 226 bytes)

[CUMULATIVE TRAFFIC - Since first packet (474.7s)]
  Total received:     5792203636 pkts (12.20 Mpps) | 18.79 Gbps | 1115170367640 bytes

[ATTACK-SPECIFIC COUNTERS]
  SYN packets:        707082553
  SYN-ACK packets:    353540946
  SYN/ACK ratio:      2.00
  HTTP requests:      1208782450
  DNS queries:        416500664

[PROTOCOL-SPECIFIC COUNTERS - CIC-DDoS-2019 Features]
  NTP Amplification:
    Monlist queries:  4342
    Responses:        0  (avg size: 0 bytes)
  DNS Amplification:
    ANY queries:      0
    TXT queries:      0
    Responses:        416498022  (avg size: 108 bytes)
  SNMP Amplification:
    GetBulk requests: 0
    Responses:        0  (avg size: 0 bytes)
  SSDP:
    M-SEARCH packets: 0
    Responses:        30588
  PortMapper:
    GETPORT calls:    30179
    DUMP calls:       0
  NetBIOS:
    Name queries:     33620
    Datagram packets: 30258
  LDAP:
    Bind requests:    0
    Search requests:  30571
  MSSQL:
    SQLBatch packets: 29408
    RPC packets:      0
  TFTP:
    RRQ (read) pkts:  0
    WRQ (write) pkts: 0

[ATTACK DETECTIONS - Cumulative Events]
  UDP flood events:   4679
  UDP-lag events:     29
  SYN flood events:   0
  HTTP flood events:  0
  ICMP flood events:  0
  DNS amp events:     0
  NTP amp events:     0
  SNMP amp events:    0
  SSDP events:        0
  PortMap events:     0
  NetBIOS events:     0
  LDAP events:        0
  MSSQL events:       0
  TFTP events:        0
  ACK flood events:   0
  Frag attack events: 0
  Heavy-hitter events:6820 (OctoSketch per-IP detection)
  Packet flood events:0
  (Note: Events count IPs exceeding thresholds per 50ms window)

[ALERT STATUS]
  Alert level:        [1;31mHIGH[0m
  Reason:             [1;31mUDP ANOMALY: 7389336 pps | HEAVY-HITTER: 10.10.3.146 @ 27519 pps | TREND: attack rising (+1427184/250ms) | [0m

[MULTI-LF (2025) COMPARISON]
=== Detection Performance vs ML-Based System ===

  First Detection Latency:   1606.50 ms (vs MULTI-LF: 866 ms)
    Improvement:             0.5× faster

  Packets until detection:   874838481
  Bytes until detection:     111437274657 (106274.87 MB)

[OCTOSKETCH METRICS - Optimized Architecture]
=== Per-Worker Sketches + Sampling (1/32 packets) ===

  Architecture:              Per-worker (NO atomics, NO contention)
  Total sketch memory:       8961 KB (14 workers × 640.1 KB)
  Sampling rate:             1 in 32 packets (3.1% overhead)
  Attack traffic sampled:    25671936 updates
  Estimated attack packets:  821501952 (×32 sampling factor)
  Sketch overhead:           ~1.56% of fast-path cycles
  Memory efficiency:         O(1) constant, 640.1 KB per worker

[OCTOSKETCH HEAVY-HITTER DETECTION]
=== Top Attackers (per-IP tracking via Count-Min Sketch) ===

  Heavy-hitter threshold:    5000 pps per IP
  Heavy-hitters detected:    5 IPs exceeding threshold
  Total HH detections:       6820 events

  Top 5 Attackers (estimated counts, ×32 sampling):
    #1: 10.10.3.146 - 133344 pkts (26629 pps) [HEAVY-HITTER]
    #2: 10.10.3.42 - 132864 pkts (26533 pps) [HEAVY-HITTER]
    #3: 10.10.3.32 - 132864 pkts (26533 pps) [HEAVY-HITTER]
    #4: 10.10.3.27 - 132832 pkts (26526 pps) [HEAVY-HITTER]
    #5: 10.10.3.126 - 132800 pkts (26520 pps) [HEAVY-HITTER]

[RING BUFFER + MULTI-SCALE FEATURES]
=== Temporal Analysis (last 100 windows = 5.0 sec) ===

  Windows processed:         8969
  Buffer utilization:        100/100 (100.0%)
  Running baseline (ML):     14170316 pps (for ML features only)
  Detection mode:            FIXED THRESHOLDS

  [Temporal Features - Last Window]
    Delta PPS (250ms):       +1427184
    Delta PPS (500ms):       +2859028
    PPS Variance:            2715427799040
    Ratio vs Baseline:       1.87x

  [Multi-Scale Features]
    Top IP (50ms):           390 pps
    Top IP (1s):             14336 pps
    Top IP (1min):           13940 pps
    Burst Ratio (50ms/1min): 0.03x
    IP Concentration:        0.7%

[MULTIPLE DETECTION STATISTICS]
=== Aggregate Detection Analysis ===

  Total detection events:    4679
  Average detection latency: 79.49 ms
  Min detection latency:     53.72 ms
  Max detection latency:     115805.37 ms
  Latency range:             115751.65 ms

  Detection Latency Histogram:
    < 20 ms:  0 detections (0.0%)
    20-30 ms: 0 detections (0.0%)
    30-40 ms: 0 detections (0.0%)
    40-50 ms: 0 detections (0.0%)
    > 50 ms:  4678 detections (100.0%)

[PERFORMANCE METRICS]
  Throughput:         18.89 Gbps (10.42 Mpps)
  Cycles available:   287 cycles/pkt (lower = higher load)
  Active IPs:         0
  Worker threads:     14 (lcores 1-14)

[DPDK NIC STATISTICS]
  RX packets (NIC):   5792199071
  RX dropped (HW):    [0m0[0m (imissed)
  RX no mbufs:        [0m0[0m (buffer exhaustion)
  RX errors:          0
  Total drops:        [0m0 (0.00%)[0m
  RX burst calls:     77327619966 (95.3% empty)
  Processed pkts:     5792203636 (100.0% of NIC RX)


╔═══════════════════════════════════════════════════════════════════════╗
║          MIRA DDoS DETECTOR - STATISTICS (MULTI-CORE)                ║
╚═══════════════════════════════════════════════════════════════════════╝

[PACKET COUNTERS - GLOBAL]
  Total packets:      5858333801
  Baseline (10.10.2.x): 2485592373 (42.4%)
  Attack (10.10.3.x): 1999087637 (34.1%)
  TCP packets:        2631657639
  UDP packets:        3012025045
  ICMP packets:       214651117

[INSTANTANEOUS TRAFFIC - Last 5.0 seconds]
  Baseline (10.10.2.x): 25670492 pkts (49.1%)  2602557328 bytes  4.16 Gbps
  Attack (10.10.3.x): 26566878 pkts (50.9%)  9383111199 bytes  14.98 Gbps
  Total throughput:   19.14 Gbps  (avg pkt: 229 bytes)

[CUMULATIVE TRAFFIC - Since first packet (479.7s)]
  Total received:     5858333801 pkts (12.21 Mpps) | 18.82 Gbps | 1128719008032 bytes

[ATTACK-SPECIFIC COUNTERS]
  SYN packets:        714469076
  SYN-ACK packets:    357234210
  SYN/ACK ratio:      2.00
  HTTP requests:      1220650767
  DNS queries:        420852063

[PROTOCOL-SPECIFIC COUNTERS - CIC-DDoS-2019 Features]
  NTP Amplification:
    Monlist queries:  4400
    Responses:        0  (avg size: 0 bytes)
  DNS Amplification:
    ANY queries:      0
    TXT queries:      0
    Responses:        420849405  (avg size: 108 bytes)
  SNMP Amplification:
    GetBulk requests: 0
    Responses:        0  (avg size: 0 bytes)
  SSDP:
    M-SEARCH packets: 0
    Responses:        30993
  PortMapper:
    GETPORT calls:    30585
    DUMP calls:       0
  NetBIOS:
    Name queries:     34087
    Datagram packets: 30677
  LDAP:
    Bind requests:    0
    Search requests:  30988
  MSSQL:
    SQLBatch packets: 29790
    RPC packets:      0
  TFTP:
    RRQ (read) pkts:  0
    WRQ (write) pkts: 0

[ATTACK DETECTIONS - Cumulative Events]
  UDP flood events:   4771
  UDP-lag events:     31
  SYN flood events:   0
  HTTP flood events:  0
  ICMP flood events:  0
  DNS amp events:     0
  NTP amp events:     0
  SNMP amp events:    0
  SSDP events:        0
  PortMap events:     0
  NetBIOS events:     0
  LDAP events:        0
  MSSQL events:       0
  TFTP events:        0
  ACK flood events:   0
  Frag attack events: 0
  Heavy-hitter events:6912 (OctoSketch per-IP detection)
  Packet flood events:0
  (Note: Events count IPs exceeding thresholds per 50ms window)

[ALERT STATUS]
  Alert level:        [1;31mHIGH[0m
  Reason:             [1;31mUDP ANOMALY: 7390480 pps | HEAVY-HITTER: 10.10.3.121 @ 27613 pps | TREND: attack rising (+1431696/250ms) | [0m

[MULTI-LF (2025) COMPARISON]
=== Detection Performance vs ML-Based System ===

  First Detection Latency:   1606.50 ms (vs MULTI-LF: 866 ms)
    Improvement:             0.5× faster

  Packets until detection:   874838481
  Bytes until detection:     111437274657 (106274.87 MB)

[OCTOSKETCH METRICS - Optimized Architecture]
=== Per-Worker Sketches + Sampling (1/32 packets) ===

  Architecture:              Per-worker (NO atomics, NO contention)
  Total sketch memory:       8961 KB (14 workers × 640.1 KB)
  Sampling rate:             1 in 32 packets (3.1% overhead)
  Attack traffic sampled:    25686784 updates
  Estimated attack packets:  821977088 (×32 sampling factor)
  Sketch overhead:           ~1.56% of fast-path cycles
  Memory efficiency:         O(1) constant, 640.1 KB per worker

[OCTOSKETCH HEAVY-HITTER DETECTION]
=== Top Attackers (per-IP tracking via Count-Min Sketch) ===

  Heavy-hitter threshold:    5000 pps per IP
  Heavy-hitters detected:    5 IPs exceeding threshold
  Total HH detections:       6912 events

  Top 5 Attackers (estimated counts, ×32 sampling):
    #1: 10.10.3.121 - 133856 pkts (26720 pps) [HEAVY-HITTER]
    #2: 10.10.3.85 - 133792 pkts (26707 pps) [HEAVY-HITTER]
    #3: 10.10.3.103 - 133376 pkts (26624 pps) [HEAVY-HITTER]
    #4: 10.10.3.75 - 133152 pkts (26579 pps) [HEAVY-HITTER]
    #5: 10.10.3.4 - 133088 pkts (26567 pps) [HEAVY-HITTER]

[RING BUFFER + MULTI-SCALE FEATURES]
=== Temporal Analysis (last 100 windows = 5.0 sec) ===

  Windows processed:         9061
  Buffer utilization:        100/100 (100.0%)
  Running baseline (ML):     14172226 pps (for ML features only)
  Detection mode:            FIXED THRESHOLDS

  [Temporal Features - Last Window]
    Delta PPS (250ms):       +1431696
    Delta PPS (500ms):       +2860084
    PPS Variance:            2712019140608
    Ratio vs Baseline:       1.87x

  [Multi-Scale Features]
    Top IP (50ms):           376 pps
    Top IP (1s):             1856 pps
    Top IP (1min):           16176 pps
    Burst Ratio (50ms/1min): 0.02x
    IP Concentration:        0.7%

[MULTIPLE DETECTION STATISTICS]
=== Aggregate Detection Analysis ===

  Total detection events:    4771
  Average detection latency: 79.00 ms
  Min detection latency:     53.72 ms
  Max detection latency:     115805.37 ms
  Latency range:             115751.65 ms

  Detection Latency Histogram:
    < 20 ms:  0 detections (0.0%)
    20-30 ms: 0 detections (0.0%)
    30-40 ms: 0 detections (0.0%)
    40-50 ms: 0 detections (0.0%)
    > 50 ms:  4770 detections (100.0%)

[PERFORMANCE METRICS]
  Throughput:         19.14 Gbps (10.43 Mpps)
  Cycles available:   287 cycles/pkt (lower = higher load)
  Active IPs:         0
  Worker threads:     14 (lcores 1-14)

[DPDK NIC STATISTICS]
  RX packets (NIC):   5858329118
  RX dropped (HW):    [0m0[0m (imissed)
  RX no mbufs:        [0m0[0m (buffer exhaustion)
  RX errors:          0
  Total drops:        [0m0 (0.00%)[0m
  RX burst calls:     77977370283 (95.3% empty)
  Processed pkts:     5858333801 (100.0% of NIC RX)


╔═══════════════════════════════════════════════════════════════════════╗
║          MIRA DDoS DETECTOR - STATISTICS (MULTI-CORE)                ║
╚═══════════════════════════════════════════════════════════════════════╝

[PACKET COUNTERS - GLOBAL]
  Total packets:      5924416964
  Baseline (10.10.2.x): 2511241440 (42.4%)
  Attack (10.10.3.x): 2025642975 (34.2%)
  TCP packets:        2658535477
  UDP packets:        3049031319
  ICMP packets:       216850168

[INSTANTANEOUS TRAFFIC - Last 5.0 seconds]
  Baseline (10.10.2.x): 25648592 pkts (49.1%)  2427979293 bytes  3.88 Gbps
  Attack (10.10.3.x): 26554787 pkts (50.9%)  8762549274 bytes  14.00 Gbps
  Total throughput:   17.88 Gbps  (avg pkt: 214 bytes)

[CUMULATIVE TRAFFIC - Since first packet (484.7s)]
  Total received:     5924416964 pkts (12.22 Mpps) | 18.85 Gbps | 1142260365458 bytes

[ATTACK-SPECIFIC COUNTERS]
  SYN packets:        721847398
  SYN-ACK packets:    360923357
  SYN/ACK ratio:      2.00
  HTTP requests:      1232508360
  DNS queries:        425199361

[PROTOCOL-SPECIFIC COUNTERS - CIC-DDoS-2019 Features]
  NTP Amplification:
    Monlist queries:  4456
    Responses:        0  (avg size: 0 bytes)
  DNS Amplification:
    ANY queries:      0
    TXT queries:      0
    Responses:        425196685  (avg size: 108 bytes)
  SNMP Amplification:
    GetBulk requests: 0
    Responses:        0  (avg size: 0 bytes)
  SSDP:
    M-SEARCH packets: 0
    Responses:        31394
  PortMapper:
    GETPORT calls:    30974
    DUMP calls:       0
  NetBIOS:
    Name queries:     34536
    Datagram packets: 31077
  LDAP:
    Bind requests:    0
    Search requests:  31388
  MSSQL:
    SQLBatch packets: 30196
    RPC packets:      0
  TFTP:
    RRQ (read) pkts:  0
    WRQ (write) pkts: 0

[ATTACK DETECTIONS - Cumulative Events]
  UDP flood events:   4863
  UDP-lag events:     31
  SYN flood events:   0
  HTTP flood events:  0
  ICMP flood events:  0
  DNS amp events:     0
  NTP amp events:     0
  SNMP amp events:    0
  SSDP events:        0
  PortMap events:     0
  NetBIOS events:     0
  LDAP events:        0
  MSSQL events:       0
  TFTP events:        0
  ACK flood events:   0
  Frag attack events: 0
  Heavy-hitter events:7004 (OctoSketch per-IP detection)
  Packet flood events:0
  (Note: Events count IPs exceeding thresholds per 50ms window)

[ALERT STATUS]
  Alert level:        [1;31mHIGH[0m
  Reason:             [1;31mUDP ANOMALY: 7390771 pps | HEAVY-HITTER: 10.10.3.26 @ 27613 pps | TREND: attack rising (+1427332/250ms) | [0m

[MULTI-LF (2025) COMPARISON]
=== Detection Performance vs ML-Based System ===

  First Detection Latency:   1606.50 ms (vs MULTI-LF: 866 ms)
    Improvement:             0.5× faster

  Packets until detection:   874838481
  Bytes until detection:     111437274657 (106274.87 MB)

[OCTOSKETCH METRICS - Optimized Architecture]
=== Per-Worker Sketches + Sampling (1/32 packets) ===

  Architecture:              Per-worker (NO atomics, NO contention)
  Total sketch memory:       8961 KB (14 workers × 640.1 KB)
  Sampling rate:             1 in 32 packets (3.1% overhead)
  Attack traffic sampled:    25675552 updates
  Estimated attack packets:  821617664 (×32 sampling factor)
  Sketch overhead:           ~1.56% of fast-path cycles
  Memory efficiency:         O(1) constant, 640.1 KB per worker

[OCTOSKETCH HEAVY-HITTER DETECTION]
=== Top Attackers (per-IP tracking via Count-Min Sketch) ===

  Heavy-hitter threshold:    5000 pps per IP
  Heavy-hitters detected:    5 IPs exceeding threshold
  Total HH detections:       7004 events

  Top 5 Attackers (estimated counts, ×32 sampling):
    #1: 10.10.3.26 - 133792 pkts (26719 pps) [HEAVY-HITTER]
    #2: 10.10.3.158 - 133312 pkts (26623 pps) [HEAVY-HITTER]
    #3: 10.10.3.83 - 133152 pkts (26591 pps) [HEAVY-HITTER]
    #4: 10.10.3.198 - 132672 pkts (26495 pps) [HEAVY-HITTER]
    #5: 10.10.3.56 - 132608 pkts (26483 pps) [HEAVY-HITTER]

[RING BUFFER + MULTI-SCALE FEATURES]
=== Temporal Analysis (last 100 windows = 5.0 sec) ===

  Windows processed:         9153
  Buffer utilization:        100/100 (100.0%)
  Running baseline (ML):     14168805 pps (for ML features only)
  Detection mode:            FIXED THRESHOLDS

  [Temporal Features - Last Window]
    Delta PPS (250ms):       +1427332
    Delta PPS (500ms):       +2855516
    PPS Variance:            2715939766272
    Ratio vs Baseline:       1.87x

  [Multi-Scale Features]
    Top IP (50ms):           390 pps
    Top IP (1s):             21184 pps
    Top IP (1min):           18384 pps
    Burst Ratio (50ms/1min): 0.02x
    IP Concentration:        0.7%

[MULTIPLE DETECTION STATISTICS]
=== Aggregate Detection Analysis ===

  Total detection events:    4863
  Average detection latency: 78.54 ms
  Min detection latency:     53.72 ms
  Max detection latency:     115805.37 ms
  Latency range:             115751.65 ms

  Detection Latency Histogram:
    < 20 ms:  0 detections (0.0%)
    20-30 ms: 0 detections (0.0%)
    30-40 ms: 0 detections (0.0%)
    40-50 ms: 0 detections (0.0%)
    > 50 ms:  4862 detections (100.0%)

[PERFORMANCE METRICS]
  Throughput:         17.88 Gbps (10.43 Mpps)
  Cycles available:   287 cycles/pkt (lower = higher load)
  Active IPs:         0
  Worker threads:     14 (lcores 1-14)

[DPDK NIC STATISTICS]
  RX packets (NIC):   5924412433
  RX dropped (HW):    [0m0[0m (imissed)
  RX no mbufs:        [0m0[0m (buffer exhaustion)
  RX errors:          0
  Total drops:        [0m0 (0.00%)[0m
  RX burst calls:     78626935816 (95.3% empty)
  Processed pkts:     5924416964 (100.0% of NIC RX)


╔═══════════════════════════════════════════════════════════════════════╗
║          MIRA DDoS DETECTOR - STATISTICS (MULTI-CORE)                ║
╚═══════════════════════════════════════════════════════════════════════╝

[PACKET COUNTERS - GLOBAL]
  Total packets:      5990525936
  Baseline (10.10.2.x): 2536900795 (42.3%)
  Attack (10.10.3.x): 2052204829 (34.3%)
  TCP packets:        2685424834
  UDP packets:        3086051600
  ICMP packets:       219049502

[INSTANTANEOUS TRAFFIC - Last 5.0 seconds]
  Baseline (10.10.2.x): 25658908 pkts (49.1%)  2428437892 bytes  3.88 Gbps
  Attack (10.10.3.x): 26561416 pkts (50.9%)  8764676328 bytes  14.00 Gbps
  Total throughput:   17.88 Gbps  (avg pkt: 214 bytes)

[CUMULATIVE TRAFFIC - Since first packet (489.7s)]
  Total received:     5990525936 pkts (12.23 Mpps) | 18.88 Gbps | 1155805645796 bytes

[ATTACK-SPECIFIC COUNTERS]
  SYN packets:        729228653
  SYN-ACK packets:    364613986
  SYN/ACK ratio:      2.00
  HTTP requests:      1244372673
  DNS queries:        429551332

[PROTOCOL-SPECIFIC COUNTERS - CIC-DDoS-2019 Features]
  NTP Amplification:
    Monlist queries:  4518
    Responses:        0  (avg size: 0 bytes)
  DNS Amplification:
    ANY queries:      0
    TXT queries:      0
    Responses:        429548616  (avg size: 108 bytes)
  SNMP Amplification:
    GetBulk requests: 0
    Responses:        0  (avg size: 0 bytes)
  SSDP:
    M-SEARCH packets: 0
    Responses:        31823
  PortMapper:
    GETPORT calls:    31401
    DUMP calls:       0
  NetBIOS:
    Name queries:     34978
    Datagram packets: 31481
  LDAP:
    Bind requests:    0
    Search requests:  31807
  MSSQL:
    SQLBatch packets: 30598
    RPC packets:      0
  TFTP:
    RRQ (read) pkts:  0
    WRQ (write) pkts: 0

[ATTACK DETECTIONS - Cumulative Events]
  UDP flood events:   4955
  UDP-lag events:     31
  SYN flood events:   0
  HTTP flood events:  0
  ICMP flood events:  0
  DNS amp events:     0
  NTP amp events:     0
  SNMP amp events:    0
  SSDP events:        0
  PortMap events:     0
  NetBIOS events:     0
  LDAP events:        0
  MSSQL events:       0
  TFTP events:        0
  ACK flood events:   0
  Frag attack events: 0
  Heavy-hitter events:7096 (OctoSketch per-IP detection)
  Packet flood events:0
  (Note: Events count IPs exceeding thresholds per 50ms window)

[ALERT STATUS]
  Alert level:        [1;31mHIGH[0m
  Reason:             [1;31mUDP ANOMALY: 7390799 pps | HEAVY-HITTER: 10.10.3.47 @ 27751 pps | TREND: attack rising (+1431594/250ms) | [0m

[MULTI-LF (2025) COMPARISON]
=== Detection Performance vs ML-Based System ===

  First Detection Latency:   1606.50 ms (vs MULTI-LF: 866 ms)
    Improvement:             0.5× faster

  Packets until detection:   874838481
  Bytes until detection:     111437274657 (106274.87 MB)

[OCTOSKETCH METRICS - Optimized Architecture]
=== Per-Worker Sketches + Sampling (1/32 packets) ===

  Architecture:              Per-worker (NO atomics, NO contention)
  Total sketch memory:       8961 KB (14 workers × 640.1 KB)
  Sampling rate:             1 in 32 packets (3.1% overhead)
  Attack traffic sampled:    25681920 updates
  Estimated attack packets:  821821440 (×32 sampling factor)
  Sketch overhead:           ~1.56% of fast-path cycles
  Memory efficiency:         O(1) constant, 640.1 KB per worker

[OCTOSKETCH HEAVY-HITTER DETECTION]
=== Top Attackers (per-IP tracking via Count-Min Sketch) ===

  Heavy-hitter threshold:    5000 pps per IP
  Heavy-hitters detected:    5 IPs exceeding threshold
  Total HH detections:       7096 events

  Top 5 Attackers (estimated counts, ×32 sampling):
    #1: 10.10.3.47 - 134496 pkts (26853 pps) [HEAVY-HITTER]
    #2: 10.10.3.158 - 133920 pkts (26738 pps) [HEAVY-HITTER]
    #3: 10.10.3.153 - 133632 pkts (26681 pps) [HEAVY-HITTER]
    #4: 10.10.3.5 - 132672 pkts (26489 pps) [HEAVY-HITTER]
    #5: 10.10.3.182 - 132672 pkts (26489 pps) [HEAVY-HITTER]

[RING BUFFER + MULTI-SCALE FEATURES]
=== Temporal Analysis (last 100 windows = 5.0 sec) ===

  Windows processed:         9245
  Buffer utilization:        100/100 (100.0%)
  Running baseline (ML):     14170586 pps (for ML features only)
  Detection mode:            FIXED THRESHOLDS

  [Temporal Features - Last Window]
    Delta PPS (250ms):       +1431594
    Delta PPS (500ms):       +2858796
    PPS Variance:            2713167331328
    Ratio vs Baseline:       1.87x

  [Multi-Scale Features]
    Top IP (50ms):           403 pps
    Top IP (1s):             8352 pps
    Top IP (1min):           20677 pps
    Burst Ratio (50ms/1min): 0.02x
    IP Concentration:        0.7%

[MULTIPLE DETECTION STATISTICS]
=== Aggregate Detection Analysis ===

  Total detection events:    4955
  Average detection latency: 78.09 ms
  Min detection latency:     53.72 ms
  Max detection latency:     115805.37 ms
  Latency range:             115751.65 ms

  Detection Latency Histogram:
    < 20 ms:  0 detections (0.0%)
    20-30 ms: 0 detections (0.0%)
    30-40 ms: 0 detections (0.0%)
    40-50 ms: 0 detections (0.0%)
    > 50 ms:  4954 detections (100.0%)

[PERFORMANCE METRICS]
  Throughput:         17.88 Gbps (10.43 Mpps)
  Cycles available:   287 cycles/pkt (lower = higher load)
  Active IPs:         0
  Worker threads:     14 (lcores 1-14)

[DPDK NIC STATISTICS]
  RX packets (NIC):   5990521280
  RX dropped (HW):    [0m0[0m (imissed)
  RX no mbufs:        [0m0[0m (buffer exhaustion)
  RX errors:          0
  Total drops:        [0m0 (0.00%)[0m
  RX burst calls:     79275138441 (95.3% empty)
  Processed pkts:     5990525936 (100.0% of NIC RX)


╔═══════════════════════════════════════════════════════════════════════╗
║          MIRA DDoS DETECTOR - STATISTICS (MULTI-CORE)                ║
╚═══════════════════════════════════════════════════════════════════════╝

[PACKET COUNTERS - GLOBAL]
  Total packets:      6056632004
  Baseline (10.10.2.x): 2562562630 (42.3%)
  Attack (10.10.3.x): 2078762296 (34.3%)
  TCP packets:        2712317011
  UDP packets:        3123063250
  ICMP packets:       221251743

[INSTANTANEOUS TRAFFIC - Last 5.0 seconds]
  Baseline (10.10.2.x): 27493580 pkts (49.1%)  2779248574 bytes  4.44 Gbps
  Attack (10.10.3.x): 28477916 pkts (50.9%)  10663134297 bytes  17.04 Gbps
  Total throughput:   21.48 Gbps  (avg pkt: 240 bytes)

[CUMULATIVE TRAFFIC - Since first packet (494.8s)]
  Total received:     6056632004 pkts (12.24 Mpps) | 18.91 Gbps | 1169349662314 bytes

[ATTACK-SPECIFIC COUNTERS]
  SYN packets:        736611077
  SYN-ACK packets:    368305187
  SYN/ACK ratio:      2.00
  HTTP requests:      1256235205
  DNS queries:        433901014

[PROTOCOL-SPECIFIC COUNTERS - CIC-DDoS-2019 Features]
  NTP Amplification:
    Monlist queries:  4575
    Responses:        0  (avg size: 0 bytes)
  DNS Amplification:
    ANY queries:      0
    TXT queries:      0
    Responses:        433898265  (avg size: 108 bytes)
  SNMP Amplification:
    GetBulk requests: 0
    Responses:        0  (avg size: 0 bytes)
  SSDP:
    M-SEARCH packets: 0
    Responses:        32228
  PortMapper:
    GETPORT calls:    31804
    DUMP calls:       0
  NetBIOS:
    Name queries:     35443
    Datagram packets: 31903
  LDAP:
    Bind requests:    0
    Search requests:  32220
  MSSQL:
    SQLBatch packets: 30979
    RPC packets:      0
  TFTP:
    RRQ (read) pkts:  0
    WRQ (write) pkts: 0

[ATTACK DETECTIONS - Cumulative Events]
  UDP flood events:   5047
  UDP-lag events:     31
  SYN flood events:   0
  HTTP flood events:  0
  ICMP flood events:  0
  DNS amp events:     0
  NTP amp events:     0
  SNMP amp events:    0
  SSDP events:        0
  PortMap events:     0
  NetBIOS events:     0
  LDAP events:        0
  MSSQL events:       0
  TFTP events:        0
  ACK flood events:   0
  Frag attack events: 0
  Heavy-hitter events:7188 (OctoSketch per-IP detection)
  Packet flood events:0
  (Note: Events count IPs exceeding thresholds per 50ms window)

[ALERT STATUS]
  Alert level:        [1;31mHIGH[0m
  Reason:             [1;31mUDP ANOMALY: 7390840 pps | HEAVY-HITTER: 10.10.3.156 @ 27796 pps | TREND: attack rising (+1427798/250ms) | [0m

[MULTI-LF (2025) COMPARISON]
=== Detection Performance vs ML-Based System ===

  First Detection Latency:   1606.50 ms (vs MULTI-LF: 866 ms)
    Improvement:             0.5× faster

  Packets until detection:   874838481
  Bytes until detection:     111437274657 (106274.87 MB)

[OCTOSKETCH METRICS - Optimized Architecture]
=== Per-Worker Sketches + Sampling (1/32 packets) ===

  Architecture:              Per-worker (NO atomics, NO contention)
  Total sketch memory:       8961 KB (14 workers × 640.1 KB)
  Sampling rate:             1 in 32 packets (3.1% overhead)
  Attack traffic sampled:    25678048 updates
  Estimated attack packets:  821697536 (×32 sampling factor)
  Sketch overhead:           ~1.56% of fast-path cycles
  Memory efficiency:         O(1) constant, 640.1 KB per worker

[OCTOSKETCH HEAVY-HITTER DETECTION]
=== Top Attackers (per-IP tracking via Count-Min Sketch) ===

  Heavy-hitter threshold:    5000 pps per IP
  Heavy-hitters detected:    5 IPs exceeding threshold
  Total HH detections:       7188 events

  Top 5 Attackers (estimated counts, ×32 sampling):
    #1: 10.10.3.156 - 134688 pkts (26897 pps) [HEAVY-HITTER]
    #2: 10.10.3.83 - 133920 pkts (26743 pps) [HEAVY-HITTER]
    #3: 10.10.3.24 - 133504 pkts (26660 pps) [HEAVY-HITTER]
    #4: 10.10.3.18 - 132960 pkts (26551 pps) [HEAVY-HITTER]
    #5: 10.10.3.19 - 132736 pkts (26507 pps) [HEAVY-HITTER]

[RING BUFFER + MULTI-SCALE FEATURES]
=== Temporal Analysis (last 100 windows = 5.0 sec) ===

  Windows processed:         9337
  Buffer utilization:        100/100 (100.0%)
  Running baseline (ML):     15916820 pps (for ML features only)
  Detection mode:            FIXED THRESHOLDS

  [Temporal Features - Last Window]
    Delta PPS (250ms):       +1427798
    Delta PPS (500ms):       +2855834
    PPS Variance:            2716547416064
    Ratio vs Baseline:       1.78x

  [Multi-Scale Features]
    Top IP (50ms):           390 pps
    Top IP (1s):             27648 pps
    Top IP (1min):           22950 pps
    Burst Ratio (50ms/1min): 0.02x
    IP Concentration:        0.7%

[MULTIPLE DETECTION STATISTICS]
=== Aggregate Detection Analysis ===

  Total detection events:    5047
  Average detection latency: 77.66 ms
  Min detection latency:     53.72 ms
  Max detection latency:     115805.37 ms
  Latency range:             115751.65 ms

  Detection Latency Histogram:
    < 20 ms:  0 detections (0.0%)
    20-30 ms: 0 detections (0.0%)
    30-40 ms: 0 detections (0.0%)
    40-50 ms: 0 detections (0.0%)
    > 50 ms:  5046 detections (100.0%)

[PERFORMANCE METRICS]
  Throughput:         21.48 Gbps (11.18 Mpps)
  Cycles available:   268 cycles/pkt (lower = higher load)
  Active IPs:         0
  Worker threads:     14 (lcores 1-14)

[DPDK NIC STATISTICS]
  RX packets (NIC):   6056627366
  RX dropped (HW):    [0m0[0m (imissed)
  RX no mbufs:        [0m0[0m (buffer exhaustion)
  RX errors:          0
  Total drops:        [0m0 (0.00%)[0m
  RX burst calls:     79922580162 (95.3% empty)
  Processed pkts:     6056632004 (100.0% of NIC RX)


╔═══════════════════════════════════════════════════════════════════════╗
║          MIRA DDoS DETECTOR - STATISTICS (MULTI-CORE)                ║
╚═══════════════════════════════════════════════════════════════════════╝

[PACKET COUNTERS - GLOBAL]
  Total packets:      6122732051
  Baseline (10.10.2.x): 2588210529 (42.3%)
  Attack (10.10.3.x): 2105333675 (34.4%)
  TCP packets:        2739194381
  UDP packets:        3160088006
  ICMP packets:       223449664

[INSTANTANEOUS TRAFFIC - Last 5.0 seconds]
  Baseline (10.10.2.x): 25647423 pkts (49.1%)  2955594555 bytes  4.72 Gbps
  Attack (10.10.3.x): 26570897 pkts (50.9%)  8767886580 bytes  14.00 Gbps
  Total throughput:   18.72 Gbps  (avg pkt: 225 bytes)

[CUMULATIVE TRAFFIC - Since first packet (499.8s)]
  Total received:     6122732051 pkts (12.25 Mpps) | 18.94 Gbps | 1182896189214 bytes

[ATTACK-SPECIFIC COUNTERS]
  SYN packets:        743988885
  SYN-ACK packets:    371994087
  SYN/ACK ratio:      2.00
  HTTP requests:      1268095101
  DNS queries:        438250177

[PROTOCOL-SPECIFIC COUNTERS - CIC-DDoS-2019 Features]
  NTP Amplification:
    Monlist queries:  4632
    Responses:        0  (avg size: 0 bytes)
  DNS Amplification:
    ANY queries:      0
    TXT queries:      0
    Responses:        438247409  (avg size: 108 bytes)
  SNMP Amplification:
    GetBulk requests: 0
    Responses:        0  (avg size: 0 bytes)
  SSDP:
    M-SEARCH packets: 0
    Responses:        32632
  PortMapper:
    GETPORT calls:    32197
    DUMP calls:       0
  NetBIOS:
    Name queries:     35898
    Datagram packets: 32297
  LDAP:
    Bind requests:    0
    Search requests:  32624
  MSSQL:
    SQLBatch packets: 31384
    RPC packets:      0
  TFTP:
    RRQ (read) pkts:  0
    WRQ (write) pkts: 0

[ATTACK DETECTIONS - Cumulative Events]
  UDP flood events:   5139
  UDP-lag events:     32
  SYN flood events:   0
  HTTP flood events:  0
  ICMP flood events:  0
  DNS amp events:     0
  NTP amp events:     0
  SNMP amp events:    0
  SSDP events:        0
  PortMap events:     0
  NetBIOS events:     0
  LDAP events:        0
  MSSQL events:       0
  TFTP events:        0
  ACK flood events:   0
  Frag attack events: 0
  Heavy-hitter events:7280 (OctoSketch per-IP detection)
  Packet flood events:0
  (Note: Events count IPs exceeding thresholds per 50ms window)

[ALERT STATUS]
  Alert level:        [1;31mHIGH[0m
  Reason:             [1;31mUDP ANOMALY: 7389407 pps | HEAVY-HITTER: 10.10.3.63 @ 27812 pps | TREND: attack rising (+1428616/250ms) | [0m

[MULTI-LF (2025) COMPARISON]
=== Detection Performance vs ML-Based System ===

  First Detection Latency:   1606.50 ms (vs MULTI-LF: 866 ms)
    Improvement:             0.5× faster

  Packets until detection:   874838481
  Bytes until detection:     111437274657 (106274.87 MB)

[OCTOSKETCH METRICS - Optimized Architecture]
=== Per-Worker Sketches + Sampling (1/32 packets) ===

  Architecture:              Per-worker (NO atomics, NO contention)
  Total sketch memory:       8961 KB (14 workers × 640.1 KB)
  Sampling rate:             1 in 32 packets (3.1% overhead)
  Attack traffic sampled:    25687232 updates
  Estimated attack packets:  821991424 (×32 sampling factor)
  Sketch overhead:           ~1.56% of fast-path cycles
  Memory efficiency:         O(1) constant, 640.1 KB per worker

[OCTOSKETCH HEAVY-HITTER DETECTION]
=== Top Attackers (per-IP tracking via Count-Min Sketch) ===

  Heavy-hitter threshold:    5000 pps per IP
  Heavy-hitters detected:    5 IPs exceeding threshold
  Total HH detections:       7280 events

  Top 5 Attackers (estimated counts, ×32 sampling):
    #1: 10.10.3.63 - 134848 pkts (26913 pps) [HEAVY-HITTER]
    #2: 10.10.3.105 - 133440 pkts (26632 pps) [HEAVY-HITTER]
    #3: 10.10.3.146 - 133056 pkts (26555 pps) [HEAVY-HITTER]
    #4: 10.10.3.141 - 133024 pkts (26549 pps) [HEAVY-HITTER]
    #5: 10.10.3.172 - 132864 pkts (26517 pps) [HEAVY-HITTER]

[RING BUFFER + MULTI-SCALE FEATURES]
=== Temporal Analysis (last 100 windows = 5.0 sec) ===

  Windows processed:         9429
  Buffer utilization:        100/100 (100.0%)
  Running baseline (ML):     14327820 pps (for ML features only)
  Detection mode:            FIXED THRESHOLDS

  [Temporal Features - Last Window]
    Delta PPS (250ms):       +1428616
    Delta PPS (500ms):       +2861112
    PPS Variance:            2718572478464
    Ratio vs Baseline:       1.85x

  [Multi-Scale Features]
    Top IP (50ms):           383 pps
    Top IP (1s):             14496 pps
    Top IP (1min):           25213 pps
    Burst Ratio (50ms/1min): 0.02x
    IP Concentration:        0.7%

[MULTIPLE DETECTION STATISTICS]
=== Aggregate Detection Analysis ===

  Total detection events:    5139
  Average detection latency: 77.25 ms
  Min detection latency:     53.72 ms
  Max detection latency:     115805.37 ms
  Latency range:             115751.65 ms

  Detection Latency Histogram:
    < 20 ms:  0 detections (0.0%)
    20-30 ms: 0 detections (0.0%)
    30-40 ms: 0 detections (0.0%)
    40-50 ms: 0 detections (0.0%)
    > 50 ms:  5138 detections (100.0%)

[PERFORMANCE METRICS]
  Throughput:         18.72 Gbps (10.42 Mpps)
  Cycles available:   287 cycles/pkt (lower = higher load)
  Active IPs:         0
  Worker threads:     14 (lcores 1-14)

[DPDK NIC STATISTICS]
  RX packets (NIC):   6122727374
  RX dropped (HW):    [0m0[0m (imissed)
  RX no mbufs:        [0m0[0m (buffer exhaustion)
  RX errors:          0
  Total drops:        [0m0 (0.00%)[0m
  RX burst calls:     80574528072 (95.3% empty)
  Processed pkts:     6122732051 (100.0% of NIC RX)


╔═══════════════════════════════════════════════════════════════════════╗
║          MIRA DDoS DETECTOR - STATISTICS (MULTI-CORE)                ║
╚═══════════════════════════════════════════════════════════════════════╝

[PACKET COUNTERS - GLOBAL]
  Total packets:      6188853016
  Baseline (10.10.2.x): 2613873919 (42.2%)
  Attack (10.10.3.x): 2131902618 (34.4%)
  TCP packets:        2766089287
  UDP packets:        3197114113
  ICMP packets:       225649617

[INSTANTANEOUS TRAFFIC - Last 5.0 seconds]
  Baseline (10.10.2.x): 25662907 pkts (49.1%)  2428930259 bytes  3.88 Gbps
  Attack (10.10.3.x): 26568467 pkts (50.9%)  9383695404 bytes  14.98 Gbps
  Total throughput:   18.86 Gbps  (avg pkt: 226 bytes)

[CUMULATIVE TRAFFIC - Since first packet (504.8s)]
  Total received:     6188853016 pkts (12.26 Mpps) | 18.96 Gbps | 1196444568152 bytes

[ATTACK-SPECIFIC COUNTERS]
  SYN packets:        751371761
  SYN-ACK packets:    375685518
  SYN/ACK ratio:      2.00
  HTTP requests:      1279960975
  DNS queries:        442601303

[PROTOCOL-SPECIFIC COUNTERS - CIC-DDoS-2019 Features]
  NTP Amplification:
    Monlist queries:  4694
    Responses:        0  (avg size: 0 bytes)
  DNS Amplification:
    ANY queries:      0
    TXT queries:      0
    Responses:        442598499  (avg size: 108 bytes)
  SNMP Amplification:
    GetBulk requests: 0
    Responses:        0  (avg size: 0 bytes)
  SSDP:
    M-SEARCH packets: 0
    Responses:        33053
  PortMapper:
    GETPORT calls:    32619
    DUMP calls:       0
  NetBIOS:
    Name queries:     36334
    Datagram packets: 32706
  LDAP:
    Bind requests:    0
    Search requests:  33041
  MSSQL:
    SQLBatch packets: 31786
    RPC packets:      0
  TFTP:
    RRQ (read) pkts:  0
    WRQ (write) pkts: 0

[ATTACK DETECTIONS - Cumulative Events]
  UDP flood events:   5231
  UDP-lag events:     33
  SYN flood events:   0
  HTTP flood events:  0
  ICMP flood events:  0
  DNS amp events:     0
  NTP amp events:     0
  SNMP amp events:    0
  SSDP events:        0
  PortMap events:     0
  NetBIOS events:     0
  LDAP events:        0
  MSSQL events:       0
  TFTP events:        0
  ACK flood events:   0
  Frag attack events: 0
  Heavy-hitter events:7372 (OctoSketch per-IP detection)
  Packet flood events:0
  (Note: Events count IPs exceeding thresholds per 50ms window)

[ALERT STATUS]
  Alert level:        [1;31mHIGH[0m
  Reason:             [1;31mUDP ANOMALY: 7389841 pps | HEAVY-HITTER: 10.10.3.0 @ 27796 pps | TREND: attack rising (+1432300/250ms) | [0m

[MULTI-LF (2025) COMPARISON]
=== Detection Performance vs ML-Based System ===

  First Detection Latency:   1606.50 ms (vs MULTI-LF: 866 ms)
    Improvement:             0.5× faster

  Packets until detection:   874838481
  Bytes until detection:     111437274657 (106274.87 MB)

[OCTOSKETCH METRICS - Optimized Architecture]
=== Per-Worker Sketches + Sampling (1/32 packets) ===

  Architecture:              Per-worker (NO atomics, NO contention)
  Total sketch memory:       8961 KB (14 workers × 640.1 KB)
  Sampling rate:             1 in 32 packets (3.1% overhead)
  Attack traffic sampled:    25687968 updates
  Estimated attack packets:  822014976 (×32 sampling factor)
  Sketch overhead:           ~1.56% of fast-path cycles
  Memory efficiency:         O(1) constant, 640.1 KB per worker

[OCTOSKETCH HEAVY-HITTER DETECTION]
=== Top Attackers (per-IP tracking via Count-Min Sketch) ===

  Heavy-hitter threshold:    5000 pps per IP
  Heavy-hitters detected:    5 IPs exceeding threshold
  Total HH detections:       7372 events

  Top 5 Attackers (estimated counts, ×32 sampling):
    #1: 10.10.3.0 - 134752 pkts (26897 pps) [HEAVY-HITTER]
    #2: 10.10.3.146 - 132896 pkts (26526 pps) [HEAVY-HITTER]
    #3: 10.10.3.54 - 132480 pkts (26443 pps) [HEAVY-HITTER]
    #4: 10.10.3.37 - 132256 pkts (26399 pps) [HEAVY-HITTER]
    #5: 10.10.3.139 - 132224 pkts (26392 pps) [HEAVY-HITTER]

[RING BUFFER + MULTI-SCALE FEATURES]
=== Temporal Analysis (last 100 windows = 5.0 sec) ===

  Windows processed:         9521
  Buffer utilization:        100/100 (100.0%)
  Running baseline (ML):     14173784 pps (for ML features only)
  Detection mode:            FIXED THRESHOLDS

  [Temporal Features - Last Window]
    Delta PPS (250ms):       +1432300
    Delta PPS (500ms):       +2859488
    PPS Variance:            2712049025024
    Ratio vs Baseline:       1.87x

  [Multi-Scale Features]
    Top IP (50ms):           396 pps
    Top IP (1s):             2016 pps
    Top IP (1min):           27468 pps
    Burst Ratio (50ms/1min): 0.01x
    IP Concentration:        0.7%

[MULTIPLE DETECTION STATISTICS]
=== Aggregate Detection Analysis ===

  Total detection events:    5231
  Average detection latency: 76.84 ms
  Min detection latency:     53.72 ms
  Max detection latency:     115805.37 ms
  Latency range:             115751.65 ms

  Detection Latency Histogram:
    < 20 ms:  0 detections (0.0%)
    20-30 ms: 0 detections (0.0%)
    30-40 ms: 0 detections (0.0%)
    40-50 ms: 0 detections (0.0%)
    > 50 ms:  5230 detections (100.0%)

[PERFORMANCE METRICS]
  Throughput:         18.86 Gbps (10.43 Mpps)
  Cycles available:   287 cycles/pkt (lower = higher load)
  Active IPs:         0
  Worker threads:     14 (lcores 1-14)

[DPDK NIC STATISTICS]
  RX packets (NIC):   6188848153
  RX dropped (HW):    [0m0[0m (imissed)
  RX no mbufs:        [0m0[0m (buffer exhaustion)
  RX errors:          0
  Total drops:        [0m0 (0.00%)[0m
  RX burst calls:     81224605871 (95.2% empty)
  Processed pkts:     6188853016 (100.0% of NIC RX)


╔═══════════════════════════════════════════════════════════════════════╗
║          MIRA DDoS DETECTOR - STATISTICS (MULTI-CORE)                ║
╚═══════════════════════════════════════════════════════════════════════╝

[PACKET COUNTERS - GLOBAL]
  Total packets:      6254970214
  Baseline (10.10.2.x): 2639535139 (42.2%)
  Attack (10.10.3.x): 2158469668 (34.5%)
  TCP packets:        2792984928
  UDP packets:        3234136187
  ICMP packets:       227849099

[INSTANTANEOUS TRAFFIC - Last 5.0 seconds]
  Baseline (10.10.2.x): 25660571 pkts (49.1%)  2428239022 bytes  3.88 Gbps
  Attack (10.10.3.x): 26566453 pkts (50.9%)  8766345906 bytes  14.00 Gbps
  Total throughput:   17.88 Gbps  (avg pkt: 214 bytes)

[CUMULATIVE TRAFFIC - Since first packet (509.8s)]
  Total received:     6254970214 pkts (12.27 Mpps) | 18.99 Gbps | 1209991617572 bytes

[ATTACK-SPECIFIC COUNTERS]
  SYN packets:        758754948
  SYN-ACK packets:    379377095
  SYN/ACK ratio:      2.00
  HTTP requests:      1291826542
  DNS queries:        446952941

[PROTOCOL-SPECIFIC COUNTERS - CIC-DDoS-2019 Features]
  NTP Amplification:
    Monlist queries:  4750
    Responses:        0  (avg size: 0 bytes)
  DNS Amplification:
    ANY queries:      0
    TXT queries:      0
    Responses:        446950083  (avg size: 108 bytes)
  SNMP Amplification:
    GetBulk requests: 0
    Responses:        0  (avg size: 0 bytes)
  SSDP:
    M-SEARCH packets: 0
    Responses:        33466
  PortMapper:
    GETPORT calls:    33020
    DUMP calls:       0
  NetBIOS:
    Name queries:     36801
    Datagram packets: 33127
  LDAP:
    Bind requests:    0
    Search requests:  33456
  MSSQL:
    SQLBatch packets: 32165
    RPC packets:      0
  TFTP:
    RRQ (read) pkts:  0
    WRQ (write) pkts: 0

[ATTACK DETECTIONS - Cumulative Events]
  UDP flood events:   5323
  UDP-lag events:     33
  SYN flood events:   0
  HTTP flood events:  0
  ICMP flood events:  0
  DNS amp events:     0
  NTP amp events:     0
  SNMP amp events:    0
  SSDP events:        0
  PortMap events:     0
  NetBIOS events:     0
  LDAP events:        0
  MSSQL events:       0
  TFTP events:        0
  ACK flood events:   0
  Frag attack events: 0
  Heavy-hitter events:7464 (OctoSketch per-IP detection)
  Packet flood events:0
  (Note: Events count IPs exceeding thresholds per 50ms window)

[ALERT STATUS]
  Alert level:        [1;31mHIGH[0m
  Reason:             [1;31mUDP ANOMALY: 7390624 pps | HEAVY-HITTER: 10.10.3.146 @ 27495 pps | TREND: attack rising (+1427450/250ms) | [0m

[MULTI-LF (2025) COMPARISON]
=== Detection Performance vs ML-Based System ===

  First Detection Latency:   1606.50 ms (vs MULTI-LF: 866 ms)
    Improvement:             0.5× faster

  Packets until detection:   874838481
  Bytes until detection:     111437274657 (106274.87 MB)

[OCTOSKETCH METRICS - Optimized Architecture]
=== Per-Worker Sketches + Sampling (1/32 packets) ===

  Architecture:              Per-worker (NO atomics, NO contention)
  Total sketch memory:       8961 KB (14 workers × 640.1 KB)
  Sampling rate:             1 in 32 packets (3.1% overhead)
  Attack traffic sampled:    25687360 updates
  Estimated attack packets:  821995520 (×32 sampling factor)
  Sketch overhead:           ~1.56% of fast-path cycles
  Memory efficiency:         O(1) constant, 640.1 KB per worker

[OCTOSKETCH HEAVY-HITTER DETECTION]
=== Top Attackers (per-IP tracking via Count-Min Sketch) ===

  Heavy-hitter threshold:    5000 pps per IP
  Heavy-hitters detected:    5 IPs exceeding threshold
  Total HH detections:       7464 events

  Top 5 Attackers (estimated counts, ×32 sampling):
    #1: 10.10.3.146 - 133280 pkts (26605 pps) [HEAVY-HITTER]
    #2: 10.10.3.31 - 132256 pkts (26401 pps) [HEAVY-HITTER]
    #3: 10.10.3.27 - 132128 pkts (26375 pps) [HEAVY-HITTER]
    #4: 10.10.3.61 - 132096 pkts (26369 pps) [HEAVY-HITTER]
    #5: 10.10.3.172 - 132000 pkts (26350 pps) [HEAVY-HITTER]

[RING BUFFER + MULTI-SCALE FEATURES]
=== Temporal Analysis (last 100 windows = 5.0 sec) ===

  Windows processed:         9613
  Buffer utilization:        100/100 (100.0%)
  Running baseline (ML):     14170582 pps (for ML features only)
  Detection mode:            FIXED THRESHOLDS

  [Temporal Features - Last Window]
    Delta PPS (250ms):       +1427450
    Delta PPS (500ms):       +2855964
    PPS Variance:            2728514813952
    Ratio vs Baseline:       1.87x

  [Multi-Scale Features]
    Top IP (50ms):           389 pps
    Top IP (1s):             20672 pps
    Top IP (1min):           345 pps
    Burst Ratio (50ms/1min): 1.13x
    IP Concentration:        0.7%

[MULTIPLE DETECTION STATISTICS]
=== Aggregate Detection Analysis ===

  Total detection events:    5323
  Average detection latency: 76.46 ms
  Min detection latency:     53.72 ms
  Max detection latency:     115805.37 ms
  Latency range:             115751.65 ms

  Detection Latency Histogram:
    < 20 ms:  0 detections (0.0%)
    20-30 ms: 0 detections (0.0%)
    30-40 ms: 0 detections (0.0%)
    40-50 ms: 0 detections (0.0%)
    > 50 ms:  5322 detections (100.0%)

[PERFORMANCE METRICS]
  Throughput:         17.88 Gbps (10.43 Mpps)
  Cycles available:   287 cycles/pkt (lower = higher load)
  Active IPs:         0
  Worker threads:     14 (lcores 1-14)

[DPDK NIC STATISTICS]
  RX packets (NIC):   6254965784
  RX dropped (HW):    [0m0[0m (imissed)
  RX no mbufs:        [0m0[0m (buffer exhaustion)
  RX errors:          0
  Total drops:        [0m0 (0.00%)[0m
  RX burst calls:     81872765148 (95.2% empty)
  Processed pkts:     6254970214 (100.0% of NIC RX)


╔═══════════════════════════════════════════════════════════════════════╗
║          MIRA DDoS DETECTOR - STATISTICS (MULTI-CORE)                ║
╚═══════════════════════════════════════════════════════════════════════╝

[PACKET COUNTERS - GLOBAL]
  Total packets:      6321072242
  Baseline (10.10.2.x): 2665192307 (42.2%)
  Attack (10.10.3.x): 2185031636 (34.6%)
  TCP packets:        2819870533
  UDP packets:        3271154088
  ICMP packets:       230047621

[INSTANTANEOUS TRAFFIC - Last 5.0 seconds]
  Baseline (10.10.2.x): 25656584 pkts (49.1%)  2428778250 bytes  3.88 Gbps
  Attack (10.10.3.x): 26561461 pkts (50.9%)  8764655334 bytes  14.00 Gbps
  Total throughput:   17.88 Gbps  (avg pkt: 214 bytes)

[CUMULATIVE TRAFFIC - Since first packet (514.8s)]
  Total received:     6321072242 pkts (12.28 Mpps) | 19.01 Gbps | 1223536464574 bytes

[ATTACK-SPECIFIC COUNTERS]
  SYN packets:        766135476
  SYN-ACK packets:    383067362
  SYN/ACK ratio:      2.00
  HTTP requests:      1303686890
  DNS queries:        451302423

[PROTOCOL-SPECIFIC COUNTERS - CIC-DDoS-2019 Features]
  NTP Amplification:
    Monlist queries:  4808
    Responses:        0  (avg size: 0 bytes)
  DNS Amplification:
    ANY queries:      0
    TXT queries:      0
    Responses:        451299525  (avg size: 108 bytes)
  SNMP Amplification:
    GetBulk requests: 0
    Responses:        0  (avg size: 0 bytes)
  SSDP:
    M-SEARCH packets: 0
    Responses:        33866
  PortMapper:
    GETPORT calls:    33418
    DUMP calls:       0
  NetBIOS:
    Name queries:     37253
    Datagram packets: 33524
  LDAP:
    Bind requests:    0
    Search requests:  33862
  MSSQL:
    SQLBatch packets: 32568
    RPC packets:      0
  TFTP:
    RRQ (read) pkts:  0
    WRQ (write) pkts: 0

[ATTACK DETECTIONS - Cumulative Events]
  UDP flood events:   5415
  UDP-lag events:     33
  SYN flood events:   0
  HTTP flood events:  0
  ICMP flood events:  0
  DNS amp events:     0
  NTP amp events:     0
  SNMP amp events:    0
  SSDP events:        0
  PortMap events:     0
  NetBIOS events:     0
  LDAP events:        0
  MSSQL events:       0
  TFTP events:        0
  ACK flood events:   0
  Frag attack events: 0
  Heavy-hitter events:7556 (OctoSketch per-IP detection)
  Packet flood events:0
  (Note: Events count IPs exceeding thresholds per 50ms window)

[ALERT STATUS]
  Alert level:        [1;31mHIGH[0m
  Reason:             [1;31mUDP ANOMALY: 7390408 pps | HEAVY-HITTER: 10.10.3.92 @ 27804 pps | TREND: attack rising (+1432192/250ms) | [0m

[MULTI-LF (2025) COMPARISON]
=== Detection Performance vs ML-Based System ===

  First Detection Latency:   1606.50 ms (vs MULTI-LF: 866 ms)
    Improvement:             0.5× faster

  Packets until detection:   874838481
  Bytes until detection:     111437274657 (106274.87 MB)

[OCTOSKETCH METRICS - Optimized Architecture]
=== Per-Worker Sketches + Sampling (1/32 packets) ===

  Architecture:              Per-worker (NO atomics, NO contention)
  Total sketch memory:       8961 KB (14 workers × 640.1 KB)
  Sampling rate:             1 in 32 packets (3.1% overhead)
  Attack traffic sampled:    25681376 updates
  Estimated attack packets:  821804032 (×32 sampling factor)
  Sketch overhead:           ~1.56% of fast-path cycles
  Memory efficiency:         O(1) constant, 640.1 KB per worker

[OCTOSKETCH HEAVY-HITTER DETECTION]
=== Top Attackers (per-IP tracking via Count-Min Sketch) ===

  Heavy-hitter threshold:    5000 pps per IP
  Heavy-hitters detected:    5 IPs exceeding threshold
  Total HH detections:       7556 events

  Top 5 Attackers (estimated counts, ×32 sampling):
    #1: 10.10.3.92 - 134752 pkts (26905 pps) [HEAVY-HITTER]
    #2: 10.10.3.49 - 133376 pkts (26630 pps) [HEAVY-HITTER]
    #3: 10.10.3.69 - 133376 pkts (26630 pps) [HEAVY-HITTER]
    #4: 10.10.3.188 - 132736 pkts (26502 pps) [HEAVY-HITTER]
    #5: 10.10.3.81 - 132672 pkts (26489 pps) [HEAVY-HITTER]

[RING BUFFER + MULTI-SCALE FEATURES]
=== Temporal Analysis (last 100 windows = 5.0 sec) ===

  Windows processed:         9705
  Buffer utilization:        100/100 (100.0%)
  Running baseline (ML):     14171747 pps (for ML features only)
  Detection mode:            FIXED THRESHOLDS

  [Temporal Features - Last Window]
    Delta PPS (250ms):       +1432192
    Delta PPS (500ms):       +2859344
    PPS Variance:            2713988104192
    Ratio vs Baseline:       1.87x

  [Multi-Scale Features]
    Top IP (50ms):           390 pps
    Top IP (1s):             8288 pps
    Top IP (1min):           2619 pps
    Burst Ratio (50ms/1min): 0.15x
    IP Concentration:        0.7%

[MULTIPLE DETECTION STATISTICS]
=== Aggregate Detection Analysis ===

  Total detection events:    5415
  Average detection latency: 76.08 ms
  Min detection latency:     53.72 ms
  Max detection latency:     115805.37 ms
  Latency range:             115751.65 ms

  Detection Latency Histogram:
    < 20 ms:  0 detections (0.0%)
    20-30 ms: 0 detections (0.0%)
    30-40 ms: 0 detections (0.0%)
    40-50 ms: 0 detections (0.0%)
    > 50 ms:  5414 detections (100.0%)

[PERFORMANCE METRICS]
  Throughput:         17.88 Gbps (10.43 Mpps)
  Cycles available:   287 cycles/pkt (lower = higher load)
  Active IPs:         0
  Worker threads:     14 (lcores 1-14)

[DPDK NIC STATISTICS]
  RX packets (NIC):   6321067669
  RX dropped (HW):    [0m0[0m (imissed)
  RX no mbufs:        [0m0[0m (buffer exhaustion)
  RX errors:          0
  Total drops:        [0m0 (0.00%)[0m
  RX burst calls:     82521170529 (95.2% empty)
  Processed pkts:     6321072242 (100.0% of NIC RX)


╔═══════════════════════════════════════════════════════════════════════╗
║          MIRA DDoS DETECTOR - STATISTICS (MULTI-CORE)                ║
╚═══════════════════════════════════════════════════════════════════════╝

[PACKET COUNTERS - GLOBAL]
  Total packets:      6387156894
  Baseline (10.10.2.x): 2690836476 (42.1%)
  Attack (10.10.3.x): 2211593511 (34.6%)
  TCP packets:        2846743153
  UDP packets:        3308167595
  ICMP packets:       232246146

[INSTANTANEOUS TRAFFIC - Last 5.0 seconds]
  Baseline (10.10.2.x): 25643559 pkts (49.1%)  2426978206 bytes  3.88 Gbps
  Attack (10.10.3.x): 26561350 pkts (50.9%)  8764630432 bytes  14.00 Gbps
  Total throughput:   17.88 Gbps  (avg pkt: 214 bytes)

[CUMULATIVE TRAFFIC - Since first packet (519.8s)]
  Total received:     6387156894 pkts (12.29 Mpps) | 19.04 Gbps | 1237078488037 bytes

[ATTACK-SPECIFIC COUNTERS]
  SYN packets:        773512702
  SYN-ACK packets:    386755976
  SYN/ACK ratio:      2.00
  HTTP requests:      1315539510
  DNS queries:        455652307

[PROTOCOL-SPECIFIC COUNTERS - CIC-DDoS-2019 Features]
  NTP Amplification:
    Monlist queries:  4869
    Responses:        0  (avg size: 0 bytes)
  DNS Amplification:
    ANY queries:      0
    TXT queries:      0
    Responses:        455649388  (avg size: 108 bytes)
  SNMP Amplification:
    GetBulk requests: 0
    Responses:        0  (avg size: 0 bytes)
  SSDP:
    M-SEARCH packets: 0
    Responses:        34291
  PortMapper:
    GETPORT calls:    33836
    DUMP calls:       0
  NetBIOS:
    Name queries:     37695
    Datagram packets: 33929
  LDAP:
    Bind requests:    0
    Search requests:  34276
  MSSQL:
    SQLBatch packets: 32976
    RPC packets:      0
  TFTP:
    RRQ (read) pkts:  0
    WRQ (write) pkts: 0

[ATTACK DETECTIONS - Cumulative Events]
  UDP flood events:   5507
  UDP-lag events:     33
  SYN flood events:   0
  HTTP flood events:  0
  ICMP flood events:  0
  DNS amp events:     0
  NTP amp events:     0
  SNMP amp events:    0
  SSDP events:        0
  PortMap events:     0
  NetBIOS events:     0
  LDAP events:        0
  MSSQL events:       0
  TFTP events:        0
  ACK flood events:   0
  Frag attack events: 0
  Heavy-hitter events:7648 (OctoSketch per-IP detection)
  Packet flood events:0
  (Note: Events count IPs exceeding thresholds per 50ms window)

[ALERT STATUS]
  Alert level:        [1;31mHIGH[0m
  Reason:             [1;31mUDP ANOMALY: 7389880 pps | HEAVY-HITTER: 10.10.3.82 @ 27923 pps | TREND: attack rising (+1428404/250ms) | [0m

[MULTI-LF (2025) COMPARISON]
=== Detection Performance vs ML-Based System ===

  First Detection Latency:   1606.50 ms (vs MULTI-LF: 866 ms)
    Improvement:             0.5× faster

  Packets until detection:   874838481
  Bytes until detection:     111437274657 (106274.87 MB)

[OCTOSKETCH METRICS - Optimized Architecture]
=== Per-Worker Sketches + Sampling (1/32 packets) ===

  Architecture:              Per-worker (NO atomics, NO contention)
  Total sketch memory:       8961 KB (14 workers × 640.1 KB)
  Sampling rate:             1 in 32 packets (3.1% overhead)
  Attack traffic sampled:    25681984 updates
  Estimated attack packets:  821823488 (×32 sampling factor)
  Sketch overhead:           ~1.56% of fast-path cycles
  Memory efficiency:         O(1) constant, 640.1 KB per worker

[OCTOSKETCH HEAVY-HITTER DETECTION]
=== Top Attackers (per-IP tracking via Count-Min Sketch) ===

  Heavy-hitter threshold:    5000 pps per IP
  Heavy-hitters detected:    5 IPs exceeding threshold
  Total HH detections:       7648 events

  Top 5 Attackers (estimated counts, ×32 sampling):
    #1: 10.10.3.82 - 135328 pkts (27020 pps) [HEAVY-HITTER]
    #2: 10.10.3.101 - 133440 pkts (26643 pps) [HEAVY-HITTER]
    #3: 10.10.3.115 - 132992 pkts (26554 pps) [HEAVY-HITTER]
    #4: 10.10.3.150 - 132800 pkts (26515 pps) [HEAVY-HITTER]
    #5: 10.10.3.114 - 132672 pkts (26490 pps) [HEAVY-HITTER]

[RING BUFFER + MULTI-SCALE FEATURES]
=== Temporal Analysis (last 100 windows = 5.0 sec) ===

  Windows processed:         9797
  Buffer utilization:        100/100 (100.0%)
  Running baseline (ML):     14170030 pps (for ML features only)
  Detection mode:            FIXED THRESHOLDS

  [Temporal Features - Last Window]
    Delta PPS (250ms):       +1428404
    Delta PPS (500ms):       +2855460
    PPS Variance:            2716365488128
    Ratio vs Baseline:       1.87x

  [Multi-Scale Features]
    Top IP (50ms):           403 pps
    Top IP (1s):             27200 pps
    Top IP (1min):           4858 pps
    Burst Ratio (50ms/1min): 0.08x
    IP Concentration:        0.7%

[MULTIPLE DETECTION STATISTICS]
=== Aggregate Detection Analysis ===

  Total detection events:    5507
  Average detection latency: 75.72 ms
  Min detection latency:     53.72 ms
  Max detection latency:     115805.37 ms
  Latency range:             115751.65 ms

  Detection Latency Histogram:
    < 20 ms:  0 detections (0.0%)
    20-30 ms: 0 detections (0.0%)
    30-40 ms: 0 detections (0.0%)
    40-50 ms: 0 detections (0.0%)
    > 50 ms:  5506 detections (100.0%)

[PERFORMANCE METRICS]
  Throughput:         17.88 Gbps (10.42 Mpps)
  Cycles available:   287 cycles/pkt (lower = higher load)
  Active IPs:         0
  Worker threads:     14 (lcores 1-14)

[DPDK NIC STATISTICS]
  RX packets (NIC):   6387152388
  RX dropped (HW):    [0m0[0m (imissed)
  RX no mbufs:        [0m0[0m (buffer exhaustion)
  RX errors:          0
  Total drops:        [0m0 (0.00%)[0m
  RX burst calls:     83167883776 (95.2% empty)
  Processed pkts:     6387156894 (100.0% of NIC RX)


╔═══════════════════════════════════════════════════════════════════════╗
║          MIRA DDoS DETECTOR - STATISTICS (MULTI-CORE)                ║
╚═══════════════════════════════════════════════════════════════════════╝

[PACKET COUNTERS - GLOBAL]
  Total packets:      6453299121
  Baseline (10.10.2.x): 2716509170 (42.1%)
  Attack (10.10.3.x): 2238167797 (34.7%)
  TCP packets:        2873648222
  UDP packets:        3345202793
  ICMP packets:       234448106

[INSTANTANEOUS TRAFFIC - Last 5.0 seconds]
  Baseline (10.10.2.x): 25672258 pkts (49.1%)  2429577024 bytes  3.88 Gbps
  Attack (10.10.3.x): 26573728 pkts (50.9%)  8768737947 bytes  14.00 Gbps
  Total throughput:   17.88 Gbps  (avg pkt: 214 bytes)

[CUMULATIVE TRAFFIC - Since first packet (524.8s)]
  Total received:     6453299121 pkts (12.30 Mpps) | 19.06 Gbps | 1250630324382 bytes

[ATTACK-SPECIFIC COUNTERS]
  SYN packets:        780898190
  SYN-ACK packets:    390448718
  SYN/ACK ratio:      2.00
  HTTP requests:      1327411275
  DNS queries:        460005350

[PROTOCOL-SPECIFIC COUNTERS - CIC-DDoS-2019 Features]
  NTP Amplification:
    Monlist queries:  4926
    Responses:        0  (avg size: 0 bytes)
  DNS Amplification:
    ANY queries:      0
    TXT queries:      0
    Responses:        460002424  (avg size: 108 bytes)
  SNMP Amplification:
    GetBulk requests: 0
    Responses:        0  (avg size: 0 bytes)
  SSDP:
    M-SEARCH packets: 0
    Responses:        34702
  PortMapper:
    GETPORT calls:    34242
    DUMP calls:       0
  NetBIOS:
    Name queries:     38158
    Datagram packets: 34348
  LDAP:
    Bind requests:    0
    Search requests:  34691
  MSSQL:
    SQLBatch packets: 33350
    RPC packets:      0
  TFTP:
    RRQ (read) pkts:  0
    WRQ (write) pkts: 0

[ATTACK DETECTIONS - Cumulative Events]
  UDP flood events:   5599
  UDP-lag events:     33
  SYN flood events:   0
  HTTP flood events:  0
  ICMP flood events:  0
  DNS amp events:     0
  NTP amp events:     0
  SNMP amp events:    0
  SSDP events:        0
  PortMap events:     0
  NetBIOS events:     0
  LDAP events:        0
  MSSQL events:       0
  TFTP events:        0
  ACK flood events:   0
  Frag attack events: 0
  Heavy-hitter events:7740 (OctoSketch per-IP detection)
  Packet flood events:0
  (Note: Events count IPs exceeding thresholds per 50ms window)

[ALERT STATUS]
  Alert level:        [1;31mHIGH[0m
  Reason:             [1;31mUDP ANOMALY: 7391112 pps | HEAVY-HITTER: 10.10.3.174 @ 27704 pps | TREND: attack rising (+1428728/250ms) | [0m

[MULTI-LF (2025) COMPARISON]
=== Detection Performance vs ML-Based System ===

  First Detection Latency:   1606.50 ms (vs MULTI-LF: 866 ms)
    Improvement:             0.5× faster

  Packets until detection:   874838481
  Bytes until detection:     111437274657 (106274.87 MB)

[OCTOSKETCH METRICS - Optimized Architecture]
=== Per-Worker Sketches + Sampling (1/32 packets) ===

  Architecture:              Per-worker (NO atomics, NO contention)
  Total sketch memory:       8961 KB (14 workers × 640.1 KB)
  Sampling rate:             1 in 32 packets (3.1% overhead)
  Attack traffic sampled:    25686080 updates
  Estimated attack packets:  821954560 (×32 sampling factor)
  Sketch overhead:           ~1.56% of fast-path cycles
  Memory efficiency:         O(1) constant, 640.1 KB per worker

[OCTOSKETCH HEAVY-HITTER DETECTION]
=== Top Attackers (per-IP tracking via Count-Min Sketch) ===

  Heavy-hitter threshold:    5000 pps per IP
  Heavy-hitters detected:    5 IPs exceeding threshold
  Total HH detections:       7740 events

  Top 5 Attackers (estimated counts, ×32 sampling):
    #1: 10.10.3.174 - 134336 pkts (26808 pps) [HEAVY-HITTER]
    #2: 10.10.3.110 - 134176 pkts (26776 pps) [HEAVY-HITTER]
    #3: 10.10.3.65 - 133376 pkts (26617 pps) [HEAVY-HITTER]
    #4: 10.10.3.180 - 132960 pkts (26534 pps) [HEAVY-HITTER]
    #5: 10.10.3.148 - 132608 pkts (26464 pps) [HEAVY-HITTER]

[RING BUFFER + MULTI-SCALE FEATURES]
=== Temporal Analysis (last 100 windows = 5.0 sec) ===

  Windows processed:         9889
  Buffer utilization:        100/100 (100.0%)
  Running baseline (ML):     14176470 pps (for ML features only)
  Detection mode:            FIXED THRESHOLDS

  [Temporal Features - Last Window]
    Delta PPS (250ms):       +1428728
    Delta PPS (500ms):       +2861772
    PPS Variance:            2721000456192
    Ratio vs Baseline:       1.87x

  [Multi-Scale Features]
    Top IP (50ms):           449 pps
    Top IP (1s):             14976 pps
    Top IP (1min):           7109 pps
    Burst Ratio (50ms/1min): 0.06x
    IP Concentration:        0.8%

[MULTIPLE DETECTION STATISTICS]
=== Aggregate Detection Analysis ===

  Total detection events:    5599
  Average detection latency: 75.37 ms
  Min detection latency:     53.72 ms
  Max detection latency:     115805.37 ms
  Latency range:             115751.65 ms

  Detection Latency Histogram:
    < 20 ms:  0 detections (0.0%)
    20-30 ms: 0 detections (0.0%)
    30-40 ms: 0 detections (0.0%)
    40-50 ms: 0 detections (0.0%)
    > 50 ms:  5598 detections (100.0%)

[PERFORMANCE METRICS]
  Throughput:         17.88 Gbps (10.43 Mpps)
  Cycles available:   287 cycles/pkt (lower = higher load)
  Active IPs:         0
  Worker threads:     14 (lcores 1-14)

[DPDK NIC STATISTICS]
  RX packets (NIC):   6453294664
  RX dropped (HW):    [0m0[0m (imissed)
  RX no mbufs:        [0m0[0m (buffer exhaustion)
  RX errors:          0
  Total drops:        [0m0 (0.00%)[0m
  RX burst calls:     83818101801 (95.2% empty)
  Processed pkts:     6453299121 (100.0% of NIC RX)


╔═══════════════════════════════════════════════════════════════════════╗
║          MIRA DDoS DETECTOR - STATISTICS (MULTI-CORE)                ║
╚═══════════════════════════════════════════════════════════════════════╝

[PACKET COUNTERS - GLOBAL]
  Total packets:      6519395505
  Baseline (10.10.2.x): 2742164257 (42.1%)
  Attack (10.10.3.x): 2264725629 (34.7%)
  TCP packets:        2900530270
  UDP packets:        3382220213
  ICMP packets:       236645022

[INSTANTANEOUS TRAFFIC - Last 5.0 seconds]
  Baseline (10.10.2.x): 25654505 pkts (47.4%)  2428478316 bytes  3.88 Gbps
  Attack (10.10.3.x): 28477920 pkts (52.6%)  8763471647 bytes  14.00 Gbps
  Total throughput:   17.88 Gbps  (avg pkt: 207 bytes)

[CUMULATIVE TRAFFIC - Since first packet (529.8s)]
  Total received:     6519395505 pkts (12.31 Mpps) | 19.09 Gbps | 1264173884277 bytes

[ATTACK-SPECIFIC COUNTERS]
  SYN packets:        788277514
  SYN-ACK packets:    394138373
  SYN/ACK ratio:      2.00
  HTTP requests:      1339271840
  DNS queries:        464356730

[PROTOCOL-SPECIFIC COUNTERS - CIC-DDoS-2019 Features]
  NTP Amplification:
    Monlist queries:  4984
    Responses:        0  (avg size: 0 bytes)
  DNS Amplification:
    ANY queries:      0
    TXT queries:      0
    Responses:        464353746  (avg size: 108 bytes)
  SNMP Amplification:
    GetBulk requests: 0
    Responses:        0  (avg size: 0 bytes)
  SSDP:
    M-SEARCH packets: 0
    Responses:        35102
  PortMapper:
    GETPORT calls:    34639
    DUMP calls:       0
  NetBIOS:
    Name queries:     38611
    Datagram packets: 34749
  LDAP:
    Bind requests:    0
    Search requests:  35095
  MSSQL:
    SQLBatch packets: 33757
    RPC packets:      0
  TFTP:
    RRQ (read) pkts:  0
    WRQ (write) pkts: 0

[ATTACK DETECTIONS - Cumulative Events]
  UDP flood events:   5691
  UDP-lag events:     33
  SYN flood events:   0
  HTTP flood events:  0
  ICMP flood events:  0
  DNS amp events:     0
  NTP amp events:     0
  SNMP amp events:    0
  SSDP events:        0
  PortMap events:     0
  NetBIOS events:     0
  LDAP events:        0
  MSSQL events:       0
  TFTP events:        0
  ACK flood events:   0
  Frag attack events: 0
  Heavy-hitter events:7832 (OctoSketch per-IP detection)
  Packet flood events:0
  (Note: Events count IPs exceeding thresholds per 50ms window)

[ALERT STATUS]
  Alert level:        [1;31mHIGH[0m
  Reason:             [1;31mUDP ANOMALY: 7390735 pps | HEAVY-HITTER: 10.10.3.179 @ 27683 pps | TREND: attack rising (+1431270/250ms) | [0m

[MULTI-LF (2025) COMPARISON]
=== Detection Performance vs ML-Based System ===

  First Detection Latency:   1606.50 ms (vs MULTI-LF: 866 ms)
    Improvement:             0.5× faster

  Packets until detection:   874838481
  Bytes until detection:     111437274657 (106274.87 MB)

[OCTOSKETCH METRICS - Optimized Architecture]
=== Per-Worker Sketches + Sampling (1/32 packets) ===

  Architecture:              Per-worker (NO atomics, NO contention)
  Total sketch memory:       8961 KB (14 workers × 640.1 KB)
  Sampling rate:             1 in 32 packets (3.1% overhead)
  Attack traffic sampled:    25677600 updates
  Estimated attack packets:  821683200 (×32 sampling factor)
  Sketch overhead:           ~1.56% of fast-path cycles
  Memory efficiency:         O(1) constant, 640.1 KB per worker

[OCTOSKETCH HEAVY-HITTER DETECTION]
=== Top Attackers (per-IP tracking via Count-Min Sketch) ===

  Heavy-hitter threshold:    5000 pps per IP
  Heavy-hitters detected:    5 IPs exceeding threshold
  Total HH detections:       7832 events

  Top 5 Attackers (estimated counts, ×32 sampling):
    #1: 10.10.3.179 - 134144 pkts (26787 pps) [HEAVY-HITTER]
    #2: 10.10.3.89 - 134016 pkts (26762 pps) [HEAVY-HITTER]
    #3: 10.10.3.65 - 133504 pkts (26659 pps) [HEAVY-HITTER]
    #4: 10.10.3.66 - 133056 pkts (26570 pps) [HEAVY-HITTER]
    #5: 10.10.3.81 - 132672 pkts (26493 pps) [HEAVY-HITTER]

[RING BUFFER + MULTI-SCALE FEATURES]
=== Temporal Analysis (last 100 windows = 5.0 sec) ===

  Windows processed:         9981
  Buffer utilization:        100/100 (100.0%)
  Running baseline (ML):     15918142 pps (for ML features only)
  Detection mode:            FIXED THRESHOLDS

  [Temporal Features - Last Window]
    Delta PPS (250ms):       +1431270
    Delta PPS (500ms):       +2858676
    PPS Variance:            2709532966912
    Ratio vs Baseline:       1.78x

  [Multi-Scale Features]
    Top IP (50ms):           390 pps
    Top IP (1s):             1920 pps
    Top IP (1min):           9359 pps
    Burst Ratio (50ms/1min): 0.04x
    IP Concentration:        0.7%

[MULTIPLE DETECTION STATISTICS]
=== Aggregate Detection Analysis ===

  Total detection events:    5691
  Average detection latency: 75.03 ms
  Min detection latency:     53.72 ms
  Max detection latency:     115805.37 ms
  Latency range:             115751.65 ms

  Detection Latency Histogram:
    < 20 ms:  0 detections (0.0%)
    20-30 ms: 0 detections (0.0%)
    30-40 ms: 0 detections (0.0%)
    40-50 ms: 0 detections (0.0%)
    > 50 ms:  5690 detections (100.0%)

[PERFORMANCE METRICS]
  Throughput:         17.88 Gbps (10.81 Mpps)
  Cycles available:   277 cycles/pkt (lower = higher load)
  Active IPs:         0
  Worker threads:     14 (lcores 1-14)

[DPDK NIC STATISTICS]
  RX packets (NIC):   6519390925
  RX dropped (HW):    [0m0[0m (imissed)
  RX no mbufs:        [0m0[0m (buffer exhaustion)
  RX errors:          0
  Total drops:        [0m0 (0.00%)[0m
  RX burst calls:     84463924745 (95.2% empty)
  Processed pkts:     6519395505 (100.0% of NIC RX)


╔═══════════════════════════════════════════════════════════════════════╗
║          MIRA DDoS DETECTOR - STATISTICS (MULTI-CORE)                ║
╚═══════════════════════════════════════════════════════════════════════╝

[PACKET COUNTERS - GLOBAL]
  Total packets:      6585220303
  Baseline (10.10.2.x): 2767354567 (42.0%)
  Attack (10.10.3.x): 2291290701 (34.8%)
  TCP packets:        2924957448
  UDP packets:        3421432503
  ICMP packets:       238830352

[INSTANTANEOUS TRAFFIC - Last 5.0 seconds]
  Baseline (10.10.2.x): 25189738 pkts (48.7%)  2402093902 bytes  3.84 Gbps
  Attack (10.10.3.x): 26564502 pkts (51.3%)  8765565597 bytes  14.00 Gbps
  Total throughput:   17.84 Gbps  (avg pkt: 216 bytes)

[CUMULATIVE TRAFFIC - Since first packet (534.8s)]
  Total received:     6585220303 pkts (12.31 Mpps) | 19.11 Gbps | 1277596906991 bytes

[ATTACK-SPECIFIC COUNTERS]
  SYN packets:        795038471
  SYN-ACK packets:    397518844
  SYN/ACK ratio:      2.00
  HTTP requests:      1349632638
  DNS queries:        469808900

[PROTOCOL-SPECIFIC COUNTERS - CIC-DDoS-2019 Features]
  NTP Amplification:
    Monlist queries:  5042
    Responses:        0  (avg size: 0 bytes)
  DNS Amplification:
    ANY queries:      0
    TXT queries:      0
    Responses:        469805915  (avg size: 108 bytes)
  SNMP Amplification:
    GetBulk requests: 0
    Responses:        0  (avg size: 0 bytes)
  SSDP:
    M-SEARCH packets: 0
    Responses:        35527
  PortMapper:
    GETPORT calls:    35056
    DUMP calls:       0
  NetBIOS:
    Name queries:     39053
    Datagram packets: 35150
  LDAP:
    Bind requests:    0
    Search requests:  35513
  MSSQL:
    SQLBatch packets: 34162
    RPC packets:      0
  TFTP:
    RRQ (read) pkts:  0
    WRQ (write) pkts: 0

[ATTACK DETECTIONS - Cumulative Events]
  UDP flood events:   5783
  UDP-lag events:     33
  SYN flood events:   0
  HTTP flood events:  0
  ICMP flood events:  0
  DNS amp events:     0
  NTP amp events:     0
  SNMP amp events:    0
  SSDP events:        0
  PortMap events:     0
  NetBIOS events:     0
  LDAP events:        0
  MSSQL events:       0
  TFTP events:        0
  ACK flood events:   0
  Frag attack events: 0
  Heavy-hitter events:7924 (OctoSketch per-IP detection)
  Packet flood events:0
  (Note: Events count IPs exceeding thresholds per 50ms window)

[ALERT STATUS]
  Alert level:        [1;31mHIGH[0m
  Reason:             [1;31mUDP ANOMALY: 7841434 pps | HEAVY-HITTER: 10.10.3.165 @ 27503 pps | TREND: attack rising (+1427440/250ms) | [0m

[MULTI-LF (2025) COMPARISON]
=== Detection Performance vs ML-Based System ===

  First Detection Latency:   1606.50 ms (vs MULTI-LF: 866 ms)
    Improvement:             0.5× faster

  Packets until detection:   874838481
  Bytes until detection:     111437274657 (106274.87 MB)

[OCTOSKETCH METRICS - Optimized Architecture]
=== Per-Worker Sketches + Sampling (1/32 packets) ===

  Architecture:              Per-worker (NO atomics, NO contention)
  Total sketch memory:       8961 KB (14 workers × 640.1 KB)
  Sampling rate:             1 in 32 packets (3.1% overhead)
  Attack traffic sampled:    25684832 updates
  Estimated attack packets:  821914624 (×32 sampling factor)
  Sketch overhead:           ~1.56% of fast-path cycles
  Memory efficiency:         O(1) constant, 640.1 KB per worker

[OCTOSKETCH HEAVY-HITTER DETECTION]
=== Top Attackers (per-IP tracking via Count-Min Sketch) ===

  Heavy-hitter threshold:    5000 pps per IP
  Heavy-hitters detected:    5 IPs exceeding threshold
  Total HH detections:       7924 events

  Top 5 Attackers (estimated counts, ×32 sampling):
    #1: 10.10.3.165 - 133312 pkts (26614 pps) [HEAVY-HITTER]
    #2: 10.10.3.3 - 133280 pkts (26608 pps) [HEAVY-HITTER]
    #3: 10.10.3.26 - 133184 pkts (26588 pps) [HEAVY-HITTER]
    #4: 10.10.3.176 - 132800 pkts (26512 pps) [HEAVY-HITTER]
    #5: 10.10.3.87 - 132768 pkts (26505 pps) [HEAVY-HITTER]

[RING BUFFER + MULTI-SCALE FEATURES]
=== Temporal Analysis (last 100 windows = 5.0 sec) ===

  Windows processed:         10073
  Buffer utilization:        100/100 (100.0%)
  Running baseline (ML):     14325704 pps (for ML features only)
  Detection mode:            FIXED THRESHOLDS

  [Temporal Features - Last Window]
    Delta PPS (250ms):       +1427440
    Delta PPS (500ms):       +2854830
    PPS Variance:            2717024256000
    Ratio vs Baseline:       1.85x

  [Multi-Scale Features]
    Top IP (50ms):           409 pps
    Top IP (1s):             20416 pps
    Top IP (1min):           11625 pps
    Burst Ratio (50ms/1min): 0.04x
    IP Concentration:        0.7%

[MULTIPLE DETECTION STATISTICS]
=== Aggregate Detection Analysis ===

  Total detection events:    5783
  Average detection latency: 74.71 ms
  Min detection latency:     53.72 ms
  Max detection latency:     115805.37 ms
  Latency range:             115751.65 ms

  Detection Latency Histogram:
    < 20 ms:  0 detections (0.0%)
    20-30 ms: 0 detections (0.0%)
    30-40 ms: 0 detections (0.0%)
    40-50 ms: 0 detections (0.0%)
    > 50 ms:  5782 detections (100.0%)

[PERFORMANCE METRICS]
  Throughput:         17.84 Gbps (10.33 Mpps)
  Cycles available:   289 cycles/pkt (lower = higher load)
  Active IPs:         0
  Worker threads:     14 (lcores 1-14)

[DPDK NIC STATISTICS]
  RX packets (NIC):   6585215484
  RX dropped (HW):    [0m0[0m (imissed)
  RX no mbufs:        [0m0[0m (buffer exhaustion)
  RX errors:          0
  Total drops:        [0m0 (0.00%)[0m
  RX burst calls:     85122131560 (95.2% empty)
  Processed pkts:     6585220303 (100.0% of NIC RX)


╔═══════════════════════════════════════════════════════════════════════╗
║          MIRA DDoS DETECTOR - STATISTICS (MULTI-CORE)                ║
╚═══════════════════════════════════════════════════════════════════════╝

[PACKET COUNTERS - GLOBAL]
  Total packets:      6651030887
  Baseline (10.10.2.x): 2792527082 (42.0%)
  Attack (10.10.3.x): 2317852867 (34.8%)
  TCP packets:        2949289655
  UDP packets:        3460728141
  ICMP packets:       241013091

[INSTANTANEOUS TRAFFIC - Last 5.0 seconds]
  Baseline (10.10.2.x): 25171171 pkts (46.9%)  2401038708 bytes  3.84 Gbps
  Attack (10.10.3.x): 28478774 pkts (53.1%)  8764494884 bytes  14.00 Gbps
  Total throughput:   17.83 Gbps  (avg pkt: 208 bytes)

[CUMULATIVE TRAFFIC - Since first packet (539.8s)]
  Total received:     6651030887 pkts (12.32 Mpps) | 19.13 Gbps | 1291014139769 bytes

[ATTACK-SPECIFIC COUNTERS]
  SYN packets:        801775943
  SYN-ACK packets:    400887573
  SYN/ACK ratio:      2.00
  HTTP requests:      1359932651
  DNS queries:        475304990

[PROTOCOL-SPECIFIC COUNTERS - CIC-DDoS-2019 Features]
  NTP Amplification:
    Monlist queries:  5100
    Responses:        0  (avg size: 0 bytes)
  DNS Amplification:
    ANY queries:      0
    TXT queries:      0
    Responses:        475301926  (avg size: 108 bytes)
  SNMP Amplification:
    GetBulk requests: 0
    Responses:        0  (avg size: 0 bytes)
  SSDP:
    M-SEARCH packets: 0
    Responses:        35940
  PortMapper:
    GETPORT calls:    35459
    DUMP calls:       0
  NetBIOS:
    Name queries:     39516
    Datagram packets: 35570
  LDAP:
    Bind requests:    0
    Search requests:  35924
  MSSQL:
    SQLBatch packets: 34541
    RPC packets:      0
  TFTP:
    RRQ (read) pkts:  0
    WRQ (write) pkts: 0

[ATTACK DETECTIONS - Cumulative Events]
  UDP flood events:   5875
  UDP-lag events:     33
  SYN flood events:   0
  HTTP flood events:  0
  ICMP flood events:  0
  DNS amp events:     0
  NTP amp events:     0
  SNMP amp events:    0
  SSDP events:        0
  PortMap events:     0
  NetBIOS events:     0
  LDAP events:        0
  MSSQL events:       0
  TFTP events:        0
  ACK flood events:   0
  Frag attack events: 0
  Heavy-hitter events:8016 (OctoSketch per-IP detection)
  Packet flood events:0
  (Note: Events count IPs exceeding thresholds per 50ms window)

[ALERT STATUS]
  Alert level:        [1;31mHIGH[0m
  Reason:             [1;31mUDP ANOMALY: 7845514 pps | HEAVY-HITTER: 10.10.3.6 @ 27798 pps | TREND: attack rising (+1431726/250ms) | [0m

[MULTI-LF (2025) COMPARISON]
=== Detection Performance vs ML-Based System ===

  First Detection Latency:   1606.50 ms (vs MULTI-LF: 866 ms)
    Improvement:             0.5× faster

  Packets until detection:   874838481
  Bytes until detection:     111437274657 (106274.87 MB)

[OCTOSKETCH METRICS - Optimized Architecture]
=== Per-Worker Sketches + Sampling (1/32 packets) ===

  Architecture:              Per-worker (NO atomics, NO contention)
  Total sketch memory:       8961 KB (14 workers × 640.1 KB)
  Sampling rate:             1 in 32 packets (3.1% overhead)
  Attack traffic sampled:    25680896 updates
  Estimated attack packets:  821788672 (×32 sampling factor)
  Sketch overhead:           ~1.56% of fast-path cycles
  Memory efficiency:         O(1) constant, 640.1 KB per worker

[OCTOSKETCH HEAVY-HITTER DETECTION]
=== Top Attackers (per-IP tracking via Count-Min Sketch) ===

  Heavy-hitter threshold:    5000 pps per IP
  Heavy-hitters detected:    5 IPs exceeding threshold
  Total HH detections:       8016 events

  Top 5 Attackers (estimated counts, ×32 sampling):
    #1: 10.10.3.6 - 134720 pkts (26897 pps) [HEAVY-HITTER]
    #2: 10.10.3.43 - 134368 pkts (26827 pps) [HEAVY-HITTER]
    #3: 10.10.3.61 - 132608 pkts (26476 pps) [HEAVY-HITTER]
    #4: 10.10.3.27 - 132512 pkts (26457 pps) [HEAVY-HITTER]
    #5: 10.10.3.85 - 132512 pkts (26457 pps) [HEAVY-HITTER]

[RING BUFFER + MULTI-SCALE FEATURES]
=== Temporal Analysis (last 100 windows = 5.0 sec) ===

  Windows processed:         10165
  Buffer utilization:        100/100 (100.0%)
  Running baseline (ML):     15917705 pps (for ML features only)
  Detection mode:            FIXED THRESHOLDS

  [Temporal Features - Last Window]
    Delta PPS (250ms):       +1431726
    Delta PPS (500ms):       +2858452
    PPS Variance:            2713479282688
    Ratio vs Baseline:       1.78x

  [Multi-Scale Features]
    Top IP (50ms):           376 pps
    Top IP (1s):             8544 pps
    Top IP (1min):           13880 pps
    Burst Ratio (50ms/1min): 0.03x
    IP Concentration:        0.7%

[MULTIPLE DETECTION STATISTICS]
=== Aggregate Detection Analysis ===

  Total detection events:    5875
  Average detection latency: 74.39 ms
  Min detection latency:     53.72 ms
  Max detection latency:     115805.37 ms
  Latency range:             115751.65 ms

  Detection Latency Histogram:
    < 20 ms:  0 detections (0.0%)
    20-30 ms: 0 detections (0.0%)
    30-40 ms: 0 detections (0.0%)
    40-50 ms: 0 detections (0.0%)
    > 50 ms:  5874 detections (100.0%)

[PERFORMANCE METRICS]
  Throughput:         17.83 Gbps (10.71 Mpps)
  Cycles available:   279 cycles/pkt (lower = higher load)
  Active IPs:         0
  Worker threads:     14 (lcores 1-14)

[DPDK NIC STATISTICS]
  RX packets (NIC):   6651026249
  RX dropped (HW):    [0m0[0m (imissed)
  RX no mbufs:        [0m0[0m (buffer exhaustion)
  RX errors:          0
  Total drops:        [0m0 (0.00%)[0m
  RX burst calls:     85779082772 (95.2% empty)
  Processed pkts:     6651030887 (100.0% of NIC RX)


╔═══════════════════════════════════════════════════════════════════════╗
║          MIRA DDoS DETECTOR - STATISTICS (MULTI-CORE)                ║
╚═══════════════════════════════════════════════════════════════════════╝

[PACKET COUNTERS - GLOBAL]
  Total packets:      6716875814
  Baseline (10.10.2.x): 2817709957 (41.9%)
  Attack (10.10.3.x): 2344431380 (34.9%)
  TCP packets:        2973639600
  UDP packets:        3500041035
  ICMP packets:       243195179

[INSTANTANEOUS TRAFFIC - Last 5.0 seconds]
  Baseline (10.10.2.x): 27019119 pkts (50.4%)  2576880363 bytes  4.11 Gbps
  Attack (10.10.3.x): 26578001 pkts (49.6%)  9387127219 bytes  14.98 Gbps
  Total throughput:   19.10 Gbps  (avg pkt: 223 bytes)

[CUMULATIVE TRAFFIC - Since first packet (544.8s)]
  Total received:     6716875814 pkts (12.33 Mpps) | 19.15 Gbps | 1304439026022 bytes

[ATTACK-SPECIFIC COUNTERS]
  SYN packets:        808517744
  SYN-ACK packets:    404258487
  SYN/ACK ratio:      2.00
  HTTP requests:      1370244130
  DNS queries:        480802240

[PROTOCOL-SPECIFIC COUNTERS - CIC-DDoS-2019 Features]
  NTP Amplification:
    Monlist queries:  5159
    Responses:        0  (avg size: 0 bytes)
  DNS Amplification:
    ANY queries:      0
    TXT queries:      0
    Responses:        480799139  (avg size: 108 bytes)
  SNMP Amplification:
    GetBulk requests: 0
    Responses:        0  (avg size: 0 bytes)
  SSDP:
    M-SEARCH packets: 0
    Responses:        36333
  PortMapper:
    GETPORT calls:    35854
    DUMP calls:       0
  NetBIOS:
    Name queries:     39971
    Datagram packets: 35971
  LDAP:
    Bind requests:    0
    Search requests:  36332
  MSSQL:
    SQLBatch packets: 34940
    RPC packets:      0
  TFTP:
    RRQ (read) pkts:  0
    WRQ (write) pkts: 0

[ATTACK DETECTIONS - Cumulative Events]
  UDP flood events:   5967
  UDP-lag events:     33
  SYN flood events:   0
  HTTP flood events:  0
  ICMP flood events:  0
  DNS amp events:     0
  NTP amp events:     0
  SNMP amp events:    0
  SSDP events:        0
  PortMap events:     0
  NetBIOS events:     0
  LDAP events:        0
  MSSQL events:       0
  TFTP events:        0
  ACK flood events:   0
  Frag attack events: 0
  Heavy-hitter events:8108 (OctoSketch per-IP detection)
  Packet flood events:0
  (Note: Events count IPs exceeding thresholds per 50ms window)

[ALERT STATUS]
  Alert level:        [1;31mHIGH[0m
  Reason:             [1;31mUDP ANOMALY: 7843910 pps | HEAVY-HITTER: 10.10.3.99 @ 27521 pps | TREND: attack rising (+1429292/250ms) | [0m

[MULTI-LF (2025) COMPARISON]
=== Detection Performance vs ML-Based System ===

  First Detection Latency:   1606.50 ms (vs MULTI-LF: 866 ms)
    Improvement:             0.5× faster

  Packets until detection:   874838481
  Bytes until detection:     111437274657 (106274.87 MB)

[OCTOSKETCH METRICS - Optimized Architecture]
=== Per-Worker Sketches + Sampling (1/32 packets) ===

  Architecture:              Per-worker (NO atomics, NO contention)
  Total sketch memory:       8961 KB (14 workers × 640.1 KB)
  Sampling rate:             1 in 32 packets (3.1% overhead)
  Attack traffic sampled:    25698304 updates
  Estimated attack packets:  822345728 (×32 sampling factor)
  Sketch overhead:           ~1.56% of fast-path cycles
  Memory efficiency:         O(1) constant, 640.1 KB per worker

[OCTOSKETCH HEAVY-HITTER DETECTION]
=== Top Attackers (per-IP tracking via Count-Min Sketch) ===

  Heavy-hitter threshold:    5000 pps per IP
  Heavy-hitters detected:    5 IPs exceeding threshold
  Total HH detections:       8108 events

  Top 5 Attackers (estimated counts, ×32 sampling):
    #1: 10.10.3.99 - 133472 pkts (26631 pps) [HEAVY-HITTER]
    #2: 10.10.3.89 - 133344 pkts (26605 pps) [HEAVY-HITTER]
    #3: 10.10.3.82 - 133312 pkts (26599 pps) [HEAVY-HITTER]
    #4: 10.10.3.198 - 132512 pkts (26439 pps) [HEAVY-HITTER]
    #5: 10.10.3.148 - 132320 pkts (26401 pps) [HEAVY-HITTER]

[RING BUFFER + MULTI-SCALE FEATURES]
=== Temporal Analysis (last 100 windows = 5.0 sec) ===

  Windows processed:         10257
  Buffer utilization:        100/100 (100.0%)
  Running baseline (ML):     14331437 pps (for ML features only)
  Detection mode:            FIXED THRESHOLDS

  [Temporal Features - Last Window]
    Delta PPS (250ms):       +1429292
    Delta PPS (500ms):       +2857408
    PPS Variance:            2717904535552
    Ratio vs Baseline:       1.85x

  [Multi-Scale Features]
    Top IP (50ms):           422 pps
    Top IP (1s):             26880 pps
    Top IP (1min):           16120 pps
    Burst Ratio (50ms/1min): 0.03x
    IP Concentration:        0.8%

[MULTIPLE DETECTION STATISTICS]
=== Aggregate Detection Analysis ===

  Total detection events:    5967
  Average detection latency: 74.08 ms
  Min detection latency:     53.72 ms
  Max detection latency:     115805.37 ms
  Latency range:             115751.65 ms

  Detection Latency Histogram:
    < 20 ms:  0 detections (0.0%)
    20-30 ms: 0 detections (0.0%)
    30-40 ms: 0 detections (0.0%)
    40-50 ms: 0 detections (0.0%)
    > 50 ms:  5966 detections (100.0%)

[PERFORMANCE METRICS]
  Throughput:         19.10 Gbps (10.69 Mpps)
  Cycles available:   280 cycles/pkt (lower = higher load)
  Active IPs:         0
  Worker threads:     14 (lcores 1-14)

[DPDK NIC STATISTICS]
  RX packets (NIC):   6716871372
  RX dropped (HW):    [0m0[0m (imissed)
  RX no mbufs:        [0m0[0m (buffer exhaustion)
  RX errors:          0
  Total drops:        [0m0 (0.00%)[0m
  RX burst calls:     86439377886 (95.1% empty)
  Processed pkts:     6716875814 (100.0% of NIC RX)


╔═══════════════════════════════════════════════════════════════════════╗
║          MIRA DDoS DETECTOR - STATISTICS (MULTI-CORE)                ║
╚═══════════════════════════════════════════════════════════════════════╝

[PACKET COUNTERS - GLOBAL]
  Total packets:      6782716804
  Baseline (10.10.2.x): 2842895707 (41.9%)
  Attack (10.10.3.x): 2371003142 (35.0%)
  TCP packets:        2997990038
  UDP packets:        3539347267
  ICMP packets:       245379500

[INSTANTANEOUS TRAFFIC - Last 5.0 seconds]
  Baseline (10.10.2.x): 25185138 pkts (48.7%)  2402151998 bytes  3.84 Gbps
  Attack (10.10.3.x): 26571343 pkts (51.3%)  8767849739 bytes  14.00 Gbps
  Total throughput:   17.84 Gbps  (avg pkt: 216 bytes)

[CUMULATIVE TRAFFIC - Since first packet (549.9s)]
  Total received:     6782716804 pkts (12.34 Mpps) | 19.17 Gbps | 1317862078303 bytes

[ATTACK-SPECIFIC COUNTERS]
  SYN packets:        815259768
  SYN-ACK packets:    407629484
  SYN/ACK ratio:      2.00
  HTTP requests:      1380555216
  DNS queries:        486298376

[PROTOCOL-SPECIFIC COUNTERS - CIC-DDoS-2019 Features]
  NTP Amplification:
    Monlist queries:  5218
    Responses:        0  (avg size: 0 bytes)
  DNS Amplification:
    ANY queries:      0
    TXT queries:      0
    Responses:        486295224  (avg size: 108 bytes)
  SNMP Amplification:
    GetBulk requests: 0
    Responses:        0  (avg size: 0 bytes)
  SSDP:
    M-SEARCH packets: 0
    Responses:        36764
  PortMapper:
    GETPORT calls:    36277
    DUMP calls:       0
  NetBIOS:
    Name queries:     40414
    Datagram packets: 36373
  LDAP:
    Bind requests:    0
    Search requests:  36751
  MSSQL:
    SQLBatch packets: 35349
    RPC packets:      0
  TFTP:
    RRQ (read) pkts:  0
    WRQ (write) pkts: 0

[ATTACK DETECTIONS - Cumulative Events]
  UDP flood events:   6059
  UDP-lag events:     33
  SYN flood events:   0
  HTTP flood events:  0
  ICMP flood events:  0
  DNS amp events:     0
  NTP amp events:     0
  SNMP amp events:    0
  SSDP events:        0
  PortMap events:     0
  NetBIOS events:     0
  LDAP events:        0
  MSSQL events:       0
  TFTP events:        0
  ACK flood events:   0
  Frag attack events: 0
  Heavy-hitter events:8200 (OctoSketch per-IP detection)
  Packet flood events:0
  (Note: Events count IPs exceeding thresholds per 50ms window)

[ALERT STATUS]
  Alert level:        [1;31mHIGH[0m
  Reason:             [1;31mUDP ANOMALY: 7845130 pps | HEAVY-HITTER: 10.10.3.67 @ 27814 pps | TREND: attack rising (+1428538/250ms) | [0m

[MULTI-LF (2025) COMPARISON]
=== Detection Performance vs ML-Based System ===

  First Detection Latency:   1606.50 ms (vs MULTI-LF: 866 ms)
    Improvement:             0.5× faster

  Packets until detection:   874838481
  Bytes until detection:     111437274657 (106274.87 MB)

[OCTOSKETCH METRICS - Optimized Architecture]
=== Per-Worker Sketches + Sampling (1/32 packets) ===

  Architecture:              Per-worker (NO atomics, NO contention)
  Total sketch memory:       8961 KB (14 workers × 640.1 KB)
  Sampling rate:             1 in 32 packets (3.1% overhead)
  Attack traffic sampled:    25687104 updates
  Estimated attack packets:  821987328 (×32 sampling factor)
  Sketch overhead:           ~1.56% of fast-path cycles
  Memory efficiency:         O(1) constant, 640.1 KB per worker

[OCTOSKETCH HEAVY-HITTER DETECTION]
=== Top Attackers (per-IP tracking via Count-Min Sketch) ===

  Heavy-hitter threshold:    5000 pps per IP
  Heavy-hitters detected:    5 IPs exceeding threshold
  Total HH detections:       8200 events

  Top 5 Attackers (estimated counts, ×32 sampling):
    #1: 10.10.3.67 - 134848 pkts (26914 pps) [HEAVY-HITTER]
    #2: 10.10.3.105 - 133568 pkts (26659 pps) [HEAVY-HITTER]
    #3: 10.10.3.21 - 133472 pkts (26639 pps) [HEAVY-HITTER]
    #4: 10.10.3.86 - 132672 pkts (26480 pps) [HEAVY-HITTER]
    #5: 10.10.3.115 - 132480 pkts (26441 pps) [HEAVY-HITTER]

[RING BUFFER + MULTI-SCALE FEATURES]
=== Temporal Analysis (last 100 windows = 5.0 sec) ===

  Windows processed:         10349
  Buffer utilization:        100/100 (100.0%)
  Running baseline (ML):     14177526 pps (for ML features only)
  Detection mode:            FIXED THRESHOLDS

  [Temporal Features - Last Window]
    Delta PPS (250ms):       +1428538
    Delta PPS (500ms):       +2860006
    PPS Variance:            2718593712128
    Ratio vs Baseline:       1.87x

  [Multi-Scale Features]
    Top IP (50ms):           403 pps
    Top IP (1s):             14336 pps
    Top IP (1min):           18355 pps
    Burst Ratio (50ms/1min): 0.02x
    IP Concentration:        0.7%

[MULTIPLE DETECTION STATISTICS]
=== Aggregate Detection Analysis ===

  Total detection events:    6059
  Average detection latency: 73.78 ms
  Min detection latency:     53.72 ms
  Max detection latency:     115805.37 ms
  Latency range:             115751.65 ms

  Detection Latency Histogram:
    < 20 ms:  0 detections (0.0%)
    20-30 ms: 0 detections (0.0%)
    30-40 ms: 0 detections (0.0%)
    40-50 ms: 0 detections (0.0%)
    > 50 ms:  6058 detections (100.0%)

[PERFORMANCE METRICS]
  Throughput:         17.84 Gbps (10.33 Mpps)
  Cycles available:   289 cycles/pkt (lower = higher load)
  Active IPs:         0
  Worker threads:     14 (lcores 1-14)

[DPDK NIC STATISTICS]
  RX packets (NIC):   6782712362
  RX dropped (HW):    [0m0[0m (imissed)
  RX no mbufs:        [0m0[0m (buffer exhaustion)
  RX errors:          0
  Total drops:        [0m0 (0.00%)[0m
  RX burst calls:     87095531199 (95.1% empty)
  Processed pkts:     6782716804 (100.0% of NIC RX)


╔═══════════════════════════════════════════════════════════════════════╗
║          MIRA DDoS DETECTOR - STATISTICS (MULTI-CORE)                ║
╚═══════════════════════════════════════════════════════════════════════╝

[PACKET COUNTERS - GLOBAL]
  Total packets:      6848554194
  Baseline (10.10.2.x): 2868080269 (41.9%)
  Attack (10.10.3.x): 2397573151 (35.0%)
  TCP packets:        3022340239
  UDP packets:        3578652567
  ICMP packets:       247561388

[INSTANTANEOUS TRAFFIC - Last 5.0 seconds]
  Baseline (10.10.2.x): 25183921 pkts (48.7%)  2401896369 bytes  3.84 Gbps
  Attack (10.10.3.x): 26569544 pkts (51.3%)  8767356998 bytes  14.00 Gbps
  Total throughput:   17.83 Gbps  (avg pkt: 216 bytes)

[CUMULATIVE TRAFFIC - Since first packet (554.9s)]
  Total received:     6848554194 pkts (12.34 Mpps) | 19.19 Gbps | 1331284012673 bytes

[ATTACK-SPECIFIC COUNTERS]
  SYN packets:        822002043
  SYN-ACK packets:    411000635
  SYN/ACK ratio:      2.00
  HTTP requests:      1390863919
  DNS queries:        491795901

[PROTOCOL-SPECIFIC COUNTERS - CIC-DDoS-2019 Features]
  NTP Amplification:
    Monlist queries:  5276
    Responses:        0  (avg size: 0 bytes)
  DNS Amplification:
    ANY queries:      0
    TXT queries:      0
    Responses:        491792671  (avg size: 108 bytes)
  SNMP Amplification:
    GetBulk requests: 0
    Responses:        0  (avg size: 0 bytes)
  SSDP:
    M-SEARCH packets: 0
    Responses:        37176
  PortMapper:
    GETPORT calls:    36681
    DUMP calls:       0
  NetBIOS:
    Name queries:     40873
    Datagram packets: 36791
  LDAP:
    Bind requests:    0
    Search requests:  37162
  MSSQL:
    SQLBatch packets: 35732
    RPC packets:      0
  TFTP:
    RRQ (read) pkts:  0
    WRQ (write) pkts: 0

[ATTACK DETECTIONS - Cumulative Events]
  UDP flood events:   6151
  UDP-lag events:     33
  SYN flood events:   0
  HTTP flood events:  0
  ICMP flood events:  0
  DNS amp events:     0
  NTP amp events:     0
  SNMP amp events:    0
  SSDP events:        0
  PortMap events:     0
  NetBIOS events:     0
  LDAP events:        0
  MSSQL events:       0
  TFTP events:        0
  ACK flood events:   0
  Frag attack events: 0
  Heavy-hitter events:8292 (OctoSketch per-IP detection)
  Packet flood events:0
  (Note: Events count IPs exceeding thresholds per 50ms window)

[ALERT STATUS]
  Alert level:        [1;31mHIGH[0m
  Reason:             [1;31mUDP ANOMALY: 7844779 pps | HEAVY-HITTER: 10.10.3.136 @ 27431 pps | TREND: attack rising (+1432264/250ms) | [0m

[MULTI-LF (2025) COMPARISON]
=== Detection Performance vs ML-Based System ===

  First Detection Latency:   1606.50 ms (vs MULTI-LF: 866 ms)
    Improvement:             0.5× faster

  Packets until detection:   874838481
  Bytes until detection:     111437274657 (106274.87 MB)

[OCTOSKETCH METRICS - Optimized Architecture]
=== Per-Worker Sketches + Sampling (1/32 packets) ===

  Architecture:              Per-worker (NO atomics, NO contention)
  Total sketch memory:       8961 KB (14 workers × 640.1 KB)
  Sampling rate:             1 in 32 packets (3.1% overhead)
  Attack traffic sampled:    25689824 updates
  Estimated attack packets:  822074368 (×32 sampling factor)
  Sketch overhead:           ~1.56% of fast-path cycles
  Memory efficiency:         O(1) constant, 640.1 KB per worker

[OCTOSKETCH HEAVY-HITTER DETECTION]
=== Top Attackers (per-IP tracking via Count-Min Sketch) ===

  Heavy-hitter threshold:    5000 pps per IP
  Heavy-hitters detected:    5 IPs exceeding threshold
  Total HH detections:       8292 events

  Top 5 Attackers (estimated counts, ×32 sampling):
    #1: 10.10.3.136 - 132992 pkts (26544 pps) [HEAVY-HITTER]
    #2: 10.10.3.15 - 132960 pkts (26538 pps) [HEAVY-HITTER]
    #3: 10.10.3.46 - 132896 pkts (26525 pps) [HEAVY-HITTER]
    #4: 10.10.3.38 - 132480 pkts (26442 pps) [HEAVY-HITTER]
    #5: 10.10.3.27 - 132448 pkts (26435 pps) [HEAVY-HITTER]

[RING BUFFER + MULTI-SCALE FEATURES]
=== Temporal Analysis (last 100 windows = 5.0 sec) ===

  Windows processed:         10441
  Buffer utilization:        100/100 (100.0%)
  Running baseline (ML):     14172860 pps (for ML features only)
  Detection mode:            FIXED THRESHOLDS

  [Temporal Features - Last Window]
    Delta PPS (250ms):       +1432264
    Delta PPS (500ms):       +2859720
    PPS Variance:            2712963645440
    Ratio vs Baseline:       1.87x

  [Multi-Scale Features]
    Top IP (50ms):           422 pps
    Top IP (1s):             2048 pps
    Top IP (1min):           20546 pps
    Burst Ratio (50ms/1min): 0.02x
    IP Concentration:        0.7%

[MULTIPLE DETECTION STATISTICS]
=== Aggregate Detection Analysis ===

  Total detection events:    6151
  Average detection latency: 73.50 ms
  Min detection latency:     53.72 ms
  Max detection latency:     115805.37 ms
  Latency range:             115751.65 ms

  Detection Latency Histogram:
    < 20 ms:  0 detections (0.0%)
    20-30 ms: 0 detections (0.0%)
    30-40 ms: 0 detections (0.0%)
    40-50 ms: 0 detections (0.0%)
    > 50 ms:  6150 detections (100.0%)

[PERFORMANCE METRICS]
  Throughput:         17.83 Gbps (10.33 Mpps)
  Cycles available:   289 cycles/pkt (lower = higher load)
  Active IPs:         0
  Worker threads:     14 (lcores 1-14)

[DPDK NIC STATISTICS]
  RX packets (NIC):   6848549787
  RX dropped (HW):    [0m0[0m (imissed)
  RX no mbufs:        [0m0[0m (buffer exhaustion)
  RX errors:          0
  Total drops:        [0m0 (0.00%)[0m
  RX burst calls:     87755758289 (95.1% empty)
  Processed pkts:     6848554194 (100.0% of NIC RX)


╔═══════════════════════════════════════════════════════════════════════╗
║          MIRA DDoS DETECTOR - STATISTICS (MULTI-CORE)                ║
╚═══════════════════════════════════════════════════════════════════════╝

[PACKET COUNTERS - GLOBAL]
  Total packets:      6914371740
  Baseline (10.10.2.x): 2893256781 (41.8%)
  Attack (10.10.3.x): 2424135545 (35.1%)
  TCP packets:        3046676505
  UDP packets:        3617950156
  ICMP packets:       249745079

[INSTANTANEOUS TRAFFIC - Last 5.0 seconds]
  Baseline (10.10.2.x): 25175950 pkts (48.7%)  2401547579 bytes  3.84 Gbps
  Attack (10.10.3.x): 26561824 pkts (51.3%)  9397925025 bytes  15.01 Gbps
  Total throughput:   18.85 Gbps  (avg pkt: 228 bytes)

[CUMULATIVE TRAFFIC - Since first packet (559.9s)]
  Total received:     6914371740 pkts (12.35 Mpps) | 19.21 Gbps | 1344702512231 bytes

[ATTACK-SPECIFIC COUNTERS]
  SYN packets:        828740192
  SYN-ACK packets:    414369691
  SYN/ACK ratio:      2.00
  HTTP requests:      1401168703
  DNS queries:        497291963

[PROTOCOL-SPECIFIC COUNTERS - CIC-DDoS-2019 Features]
  NTP Amplification:
    Monlist queries:  5334
    Responses:        0  (avg size: 0 bytes)
  DNS Amplification:
    ANY queries:      0
    TXT queries:      0
    Responses:        497288706  (avg size: 108 bytes)
  SNMP Amplification:
    GetBulk requests: 0
    Responses:        0  (avg size: 0 bytes)
  SSDP:
    M-SEARCH packets: 0
    Responses:        37566
  PortMapper:
    GETPORT calls:    37072
    DUMP calls:       0
  NetBIOS:
    Name queries:     41330
    Datagram packets: 37194
  LDAP:
    Bind requests:    0
    Search requests:  37567
  MSSQL:
    SQLBatch packets: 36128
    RPC packets:      0
  TFTP:
    RRQ (read) pkts:  0
    WRQ (write) pkts: 0

[ATTACK DETECTIONS - Cumulative Events]
  UDP flood events:   6243
  UDP-lag events:     34
  SYN flood events:   0
  HTTP flood events:  0
  ICMP flood events:  0
  DNS amp events:     0
  NTP amp events:     0
  SNMP amp events:    0
  SSDP events:        0
  PortMap events:     0
  NetBIOS events:     0
  LDAP events:        0
  MSSQL events:       0
  TFTP events:        0
  ACK flood events:   0
  Frag attack events: 0
  Heavy-hitter events:8384 (OctoSketch per-IP detection)
  Packet flood events:0
  (Note: Events count IPs exceeding thresholds per 50ms window)

[ALERT STATUS]
  Alert level:        [1;31mHIGH[0m
  Reason:             [1;31mUDP ANOMALY: 7846041 pps | HEAVY-HITTER: 10.10.3.150 @ 27679 pps | TREND: attack rising (+1428292/250ms) | [0m

[MULTI-LF (2025) COMPARISON]
=== Detection Performance vs ML-Based System ===

  First Detection Latency:   1606.50 ms (vs MULTI-LF: 866 ms)
    Improvement:             0.5× faster

  Packets until detection:   874838481
  Bytes until detection:     111437274657 (106274.87 MB)

[OCTOSKETCH METRICS - Optimized Architecture]
=== Per-Worker Sketches + Sampling (1/32 packets) ===

  Architecture:              Per-worker (NO atomics, NO contention)
  Total sketch memory:       8961 KB (14 workers × 640.1 KB)
  Sampling rate:             1 in 32 packets (3.1% overhead)
  Attack traffic sampled:    25681760 updates
  Estimated attack packets:  821816320 (×32 sampling factor)
  Sketch overhead:           ~1.56% of fast-path cycles
  Memory efficiency:         O(1) constant, 640.1 KB per worker

[OCTOSKETCH HEAVY-HITTER DETECTION]
=== Top Attackers (per-IP tracking via Count-Min Sketch) ===

  Heavy-hitter threshold:    5000 pps per IP
  Heavy-hitters detected:    5 IPs exceeding threshold
  Total HH detections:       8384 events

  Top 5 Attackers (estimated counts, ×32 sampling):
    #1: 10.10.3.150 - 134144 pkts (26783 pps) [HEAVY-HITTER]
    #2: 10.10.3.181 - 133760 pkts (26706 pps) [HEAVY-HITTER]
    #3: 10.10.3.22 - 133472 pkts (26649 pps) [HEAVY-HITTER]
    #4: 10.10.3.177 - 132992 pkts (26553 pps) [HEAVY-HITTER]
    #5: 10.10.3.97 - 132864 pkts (26527 pps) [HEAVY-HITTER]

[RING BUFFER + MULTI-SCALE FEATURES]
=== Temporal Analysis (last 100 windows = 5.0 sec) ===

  Windows processed:         10533
  Buffer utilization:        100/100 (100.0%)
  Running baseline (ML):     14172252 pps (for ML features only)
  Detection mode:            FIXED THRESHOLDS

  [Temporal Features - Last Window]
    Delta PPS (250ms):       +1428292
    Delta PPS (500ms):       +2854762
    PPS Variance:            2715339456512
    Ratio vs Baseline:       1.87x

  [Multi-Scale Features]
    Top IP (50ms):           423 pps
    Top IP (1s):             20608 pps
    Top IP (1min):           22813 pps
    Burst Ratio (50ms/1min): 0.02x
    IP Concentration:        0.8%

[MULTIPLE DETECTION STATISTICS]
=== Aggregate Detection Analysis ===

  Total detection events:    6243
  Average detection latency: 73.21 ms
  Min detection latency:     53.72 ms
  Max detection latency:     115805.37 ms
  Latency range:             115751.65 ms

  Detection Latency Histogram:
    < 20 ms:  0 detections (0.0%)
    20-30 ms: 0 detections (0.0%)
    30-40 ms: 0 detections (0.0%)
    40-50 ms: 0 detections (0.0%)
    > 50 ms:  6242 detections (100.0%)

[PERFORMANCE METRICS]
  Throughput:         18.85 Gbps (10.33 Mpps)
  Cycles available:   289 cycles/pkt (lower = higher load)
  Active IPs:         0
  Worker threads:     14 (lcores 1-14)

[DPDK NIC STATISTICS]
  RX packets (NIC):   6914366767
  RX dropped (HW):    [0m0[0m (imissed)
  RX no mbufs:        [0m0[0m (buffer exhaustion)
  RX errors:          0
  Total drops:        [0m0 (0.00%)[0m
  RX burst calls:     88410666455 (95.1% empty)
  Processed pkts:     6914371740 (100.0% of NIC RX)


╔═══════════════════════════════════════════════════════════════════════╗
║          MIRA DDoS DETECTOR - STATISTICS (MULTI-CORE)                ║
╚═══════════════════════════════════════════════════════════════════════╝

[PACKET COUNTERS - GLOBAL]
  Total packets:      6980242836
  Baseline (10.10.2.x): 2918461717 (41.8%)
  Attack (10.10.3.x): 2450704553 (35.1%)
  TCP packets:        3071041009
  UDP packets:        3657270639
  ICMP packets:       251931188

[INSTANTANEOUS TRAFFIC - Last 5.0 seconds]
  Baseline (10.10.2.x): 25204404 pkts (48.7%)  2403854347 bytes  3.84 Gbps
  Attack (10.10.3.x): 26568462 pkts (51.3%)  8766886784 bytes  14.00 Gbps
  Total throughput:   17.84 Gbps  (avg pkt: 216 bytes)

[CUMULATIVE TRAFFIC - Since first packet (564.9s)]
  Total received:     6980242836 pkts (12.36 Mpps) | 19.23 Gbps | 1358128407325 bytes

[ATTACK-SPECIFIC COUNTERS]
  SYN packets:        835485928
  SYN-ACK packets:    417742566
  SYN/ACK ratio:      2.00
  HTTP requests:      1411487133
  DNS queries:        502796041

[PROTOCOL-SPECIFIC COUNTERS - CIC-DDoS-2019 Features]
  NTP Amplification:
    Monlist queries:  5393
    Responses:        0  (avg size: 0 bytes)
  DNS Amplification:
    ANY queries:      0
    TXT queries:      0
    Responses:        502792764  (avg size: 108 bytes)
  SNMP Amplification:
    GetBulk requests: 0
    Responses:        0  (avg size: 0 bytes)
  SSDP:
    M-SEARCH packets: 0
    Responses:        37995
  PortMapper:
    GETPORT calls:    37497
    DUMP calls:       0
  NetBIOS:
    Name queries:     41769
    Datagram packets: 37596
  LDAP:
    Bind requests:    0
    Search requests:  37988
  MSSQL:
    SQLBatch packets: 36537
    RPC packets:      0
  TFTP:
    RRQ (read) pkts:  0
    WRQ (write) pkts: 0

[ATTACK DETECTIONS - Cumulative Events]
  UDP flood events:   6335
  UDP-lag events:     34
  SYN flood events:   0
  HTTP flood events:  0
  ICMP flood events:  0
  DNS amp events:     0
  NTP amp events:     0
  SNMP amp events:    0
  SSDP events:        0
  PortMap events:     0
  NetBIOS events:     0
  LDAP events:        0
  MSSQL events:       0
  TFTP events:        0
  ACK flood events:   0
  Frag attack events: 0
  Heavy-hitter events:8476 (OctoSketch per-IP detection)
  Packet flood events:0
  (Note: Events count IPs exceeding thresholds per 50ms window)

[ALERT STATUS]
  Alert level:        [1;31mHIGH[0m
  Reason:             [1;31mUDP ANOMALY: 7848674 pps | HEAVY-HITTER: 10.10.3.45 @ 27684 pps | TREND: attack rising (+1432222/250ms) | [0m

[MULTI-LF (2025) COMPARISON]
=== Detection Performance vs ML-Based System ===

  First Detection Latency:   1606.50 ms (vs MULTI-LF: 866 ms)
    Improvement:             0.5× faster

  Packets until detection:   874838481
  Bytes until detection:     111437274657 (106274.87 MB)

[OCTOSKETCH METRICS - Optimized Architecture]
=== Per-Worker Sketches + Sampling (1/32 packets) ===

  Architecture:              Per-worker (NO atomics, NO contention)
  Total sketch memory:       8961 KB (14 workers × 640.1 KB)
  Sampling rate:             1 in 32 packets (3.1% overhead)
  Attack traffic sampled:    25688736 updates
  Estimated attack packets:  822039552 (×32 sampling factor)
  Sketch overhead:           ~1.56% of fast-path cycles
  Memory efficiency:         O(1) constant, 640.1 KB per worker

[OCTOSKETCH HEAVY-HITTER DETECTION]
=== Top Attackers (per-IP tracking via Count-Min Sketch) ===

  Heavy-hitter threshold:    5000 pps per IP
  Heavy-hitters detected:    5 IPs exceeding threshold
  Total HH detections:       8476 events

  Top 5 Attackers (estimated counts, ×32 sampling):
    #1: 10.10.3.45 - 134208 pkts (26788 pps) [HEAVY-HITTER]
    #2: 10.10.3.76 - 132928 pkts (26533 pps) [HEAVY-HITTER]
    #3: 10.10.3.6 - 132864 pkts (26520 pps) [HEAVY-HITTER]
    #4: 10.10.3.179 - 132640 pkts (26475 pps) [HEAVY-HITTER]
    #5: 10.10.3.38 - 132544 pkts (26456 pps) [HEAVY-HITTER]

[RING BUFFER + MULTI-SCALE FEATURES]
=== Temporal Analysis (last 100 windows = 5.0 sec) ===

  Windows processed:         10625
  Buffer utilization:        100/100 (100.0%)
  Running baseline (ML):     14172575 pps (for ML features only)
  Detection mode:            FIXED THRESHOLDS

  [Temporal Features - Last Window]
    Delta PPS (250ms):       +1432222
    Delta PPS (500ms):       +2859800
    PPS Variance:            2716785704960
    Ratio vs Baseline:       1.87x

  [Multi-Scale Features]
    Top IP (50ms):           403 pps
    Top IP (1s):             8864 pps
    Top IP (1min):           25102 pps
    Burst Ratio (50ms/1min): 0.02x
    IP Concentration:        0.7%

[MULTIPLE DETECTION STATISTICS]
=== Aggregate Detection Analysis ===

  Total detection events:    6335
  Average detection latency: 72.94 ms
  Min detection latency:     53.72 ms
  Max detection latency:     115805.37 ms
  Latency range:             115751.65 ms

  Detection Latency Histogram:
    < 20 ms:  0 detections (0.0%)
    20-30 ms: 0 detections (0.0%)
    30-40 ms: 0 detections (0.0%)
    40-50 ms: 0 detections (0.0%)
    > 50 ms:  6334 detections (100.0%)

[PERFORMANCE METRICS]
  Throughput:         17.84 Gbps (10.33 Mpps)
  Cycles available:   289 cycles/pkt (lower = higher load)
  Active IPs:         0
  Worker threads:     14 (lcores 1-14)

[DPDK NIC STATISTICS]
  RX packets (NIC):   6980238297
  RX dropped (HW):    [0m0[0m (imissed)
  RX no mbufs:        [0m0[0m (buffer exhaustion)
  RX errors:          0
  Total drops:        [0m0 (0.00%)[0m
  RX burst calls:     89068407791 (95.1% empty)
  Processed pkts:     6980242836 (100.0% of NIC RX)


╔═══════════════════════════════════════════════════════════════════════╗
║          MIRA DDoS DETECTOR - STATISTICS (MULTI-CORE)                ║
╚═══════════════════════════════════════════════════════════════════════╝

[PACKET COUNTERS - GLOBAL]
  Total packets:      7046057182
  Baseline (10.10.2.x): 2943634943 (41.8%)
  Attack (10.10.3.x): 2477268608 (35.2%)
  TCP packets:        3095380192
  UDP packets:        3696562819
  ICMP packets:       254114171

[INSTANTANEOUS TRAFFIC - Last 5.0 seconds]
  Baseline (10.10.2.x): 25172696 pkts (48.7%)  2400816686 bytes  3.83 Gbps
  Attack (10.10.3.x): 26563457 pkts (51.3%)  8765375067 bytes  14.00 Gbps
  Total throughput:   17.83 Gbps  (avg pkt: 216 bytes)

[CUMULATIVE TRAFFIC - Since first packet (569.9s)]
  Total received:     7046057182 pkts (12.36 Mpps) | 19.25 Gbps | 1371546635429 bytes

[ATTACK-SPECIFIC COUNTERS]
  SYN packets:        842224890
  SYN-ACK packets:    421112050
  SYN/ACK ratio:      2.00
  HTTP requests:      1421793075
  DNS queries:        508289997

[PROTOCOL-SPECIFIC COUNTERS - CIC-DDoS-2019 Features]
  NTP Amplification:
    Monlist queries:  5452
    Responses:        0  (avg size: 0 bytes)
  DNS Amplification:
    ANY queries:      0
    TXT queries:      0
    Responses:        508286667  (avg size: 108 bytes)
  SNMP Amplification:
    GetBulk requests: 0
    Responses:        0  (avg size: 0 bytes)
  SSDP:
    M-SEARCH packets: 0
    Responses:        38414
  PortMapper:
    GETPORT calls:    37893
    DUMP calls:       0
  NetBIOS:
    Name queries:     42231
    Datagram packets: 38015
  LDAP:
    Bind requests:    0
    Search requests:  38398
  MSSQL:
    SQLBatch packets: 36917
    RPC packets:      0
  TFTP:
    RRQ (read) pkts:  0
    WRQ (write) pkts: 0

[ATTACK DETECTIONS - Cumulative Events]
  UDP flood events:   6427
  UDP-lag events:     34
  SYN flood events:   0
  HTTP flood events:  0
  ICMP flood events:  0
  DNS amp events:     0
  NTP amp events:     0
  SNMP amp events:    0
  SSDP events:        0
  PortMap events:     0
  NetBIOS events:     0
  LDAP events:        0
  MSSQL events:       0
  TFTP events:        0
  ACK flood events:   0
  Frag attack events: 0
  Heavy-hitter events:8568 (OctoSketch per-IP detection)
  Packet flood events:0
  (Note: Events count IPs exceeding thresholds per 50ms window)

[ALERT STATUS]
  Alert level:        [1;31mHIGH[0m
  Reason:             [1;31mUDP ANOMALY: 7844757 pps | HEAVY-HITTER: 10.10.3.102 @ 27551 pps | TREND: attack rising (+1428452/250ms) | [0m

[MULTI-LF (2025) COMPARISON]
=== Detection Performance vs ML-Based System ===

  First Detection Latency:   1606.50 ms (vs MULTI-LF: 866 ms)
    Improvement:             0.5× faster

  Packets until detection:   874838481
  Bytes until detection:     111437274657 (106274.87 MB)

[OCTOSKETCH METRICS - Optimized Architecture]
=== Per-Worker Sketches + Sampling (1/32 packets) ===

  Architecture:              Per-worker (NO atomics, NO contention)
  Total sketch memory:       8961 KB (14 workers × 640.1 KB)
  Sampling rate:             1 in 32 packets (3.1% overhead)
  Attack traffic sampled:    25683904 updates
  Estimated attack packets:  821884928 (×32 sampling factor)
  Sketch overhead:           ~1.56% of fast-path cycles
  Memory efficiency:         O(1) constant, 640.1 KB per worker

[OCTOSKETCH HEAVY-HITTER DETECTION]
=== Top Attackers (per-IP tracking via Count-Min Sketch) ===

  Heavy-hitter threshold:    5000 pps per IP
  Heavy-hitters detected:    5 IPs exceeding threshold
  Total HH detections:       8568 events

  Top 5 Attackers (estimated counts, ×32 sampling):
    #1: 10.10.3.102 - 133536 pkts (26660 pps) [HEAVY-HITTER]
    #2: 10.10.3.130 - 132832 pkts (26519 pps) [HEAVY-HITTER]
    #3: 10.10.3.22 - 132608 pkts (26475 pps) [HEAVY-HITTER]
    #4: 10.10.3.140 - 132480 pkts (26449 pps) [HEAVY-HITTER]
    #5: 10.10.3.158 - 132448 pkts (26443 pps) [HEAVY-HITTER]

[RING BUFFER + MULTI-SCALE FEATURES]
=== Temporal Analysis (last 100 windows = 5.0 sec) ===

  Windows processed:         10717
  Buffer utilization:        100/100 (100.0%)
  Running baseline (ML):     14171396 pps (for ML features only)
  Detection mode:            FIXED THRESHOLDS

  [Temporal Features - Last Window]
    Delta PPS (250ms):       +1428452
    Delta PPS (500ms):       +2856476
    PPS Variance:            2717213261824
    Ratio vs Baseline:       1.87x

  [Multi-Scale Features]
    Top IP (50ms):           423 pps
    Top IP (1s):             26976 pps
    Top IP (1min):           27289 pps
    Burst Ratio (50ms/1min): 0.02x
    IP Concentration:        0.8%

[MULTIPLE DETECTION STATISTICS]
=== Aggregate Detection Analysis ===

  Total detection events:    6427
  Average detection latency: 72.68 ms
  Min detection latency:     53.72 ms
  Max detection latency:     115805.37 ms
  Latency range:             115751.65 ms

  Detection Latency Histogram:
    < 20 ms:  0 detections (0.0%)
    20-30 ms: 0 detections (0.0%)
    30-40 ms: 0 detections (0.0%)
    40-50 ms: 0 detections (0.0%)
    > 50 ms:  6426 detections (100.0%)

[PERFORMANCE METRICS]
  Throughput:         17.83 Gbps (10.33 Mpps)
  Cycles available:   289 cycles/pkt (lower = higher load)
  Active IPs:         0
  Worker threads:     14 (lcores 1-14)

[DPDK NIC STATISTICS]
  RX packets (NIC):   7046052643
  RX dropped (HW):    [0m0[0m (imissed)
  RX no mbufs:        [0m0[0m (buffer exhaustion)
  RX errors:          0
  Total drops:        [0m0 (0.00%)[0m
  RX burst calls:     89723152533 (95.1% empty)
  Processed pkts:     7046057182 (100.0% of NIC RX)


╔═══════════════════════════════════════════════════════════════════════╗
║          MIRA DDoS DETECTOR - STATISTICS (MULTI-CORE)                ║
╚═══════════════════════════════════════════════════════════════════════╝

[PACKET COUNTERS - GLOBAL]
  Total packets:      7111856575
  Baseline (10.10.2.x): 2968801362 (41.7%)
  Attack (10.10.3.x): 2503829927 (35.2%)
  TCP packets:        3119702471
  UDP packets:        3735855330
  ICMP packets:       256298774

[INSTANTANEOUS TRAFFIC - Last 5.0 seconds]
  Baseline (10.10.2.x): 25165777 pkts (46.9%)  2748638707 bytes  4.39 Gbps
  Attack (10.10.3.x): 28480432 pkts (53.1%)  9397767851 bytes  15.01 Gbps
  Total throughput:   19.40 Gbps  (avg pkt: 226 bytes)

[CUMULATIVE TRAFFIC - Since first packet (574.9s)]
  Total received:     7111856575 pkts (12.37 Mpps) | 19.27 Gbps | 1384962675641 bytes

[ATTACK-SPECIFIC COUNTERS]
  SYN packets:        848959661
  SYN-ACK packets:    424479425
  SYN/ACK ratio:      2.00
  HTTP requests:      1432088444
  DNS queries:        513784040

[PROTOCOL-SPECIFIC COUNTERS - CIC-DDoS-2019 Features]
  NTP Amplification:
    Monlist queries:  5509
    Responses:        0  (avg size: 0 bytes)
  DNS Amplification:
    ANY queries:      0
    TXT queries:      0
    Responses:        513780696  (avg size: 108 bytes)
  SNMP Amplification:
    GetBulk requests: 0
    Responses:        0  (avg size: 0 bytes)
  SSDP:
    M-SEARCH packets: 0
    Responses:        38801
  PortMapper:
    GETPORT calls:    38290
    DUMP calls:       0
  NetBIOS:
    Name queries:     42692
    Datagram packets: 38420
  LDAP:
    Bind requests:    0
    Search requests:  38806
  MSSQL:
    SQLBatch packets: 37315
    RPC packets:      0
  TFTP:
    RRQ (read) pkts:  0
    WRQ (write) pkts: 0

[ATTACK DETECTIONS - Cumulative Events]
  UDP flood events:   6519
  UDP-lag events:     34
  SYN flood events:   0
  HTTP flood events:  0
  ICMP flood events:  0
  DNS amp events:     0
  NTP amp events:     0
  SNMP amp events:    0
  SSDP events:        0
  PortMap events:     0
  NetBIOS events:     0
  LDAP events:        0
  MSSQL events:       0
  TFTP events:        0
  ACK flood events:   0
  Frag attack events: 0
  Heavy-hitter events:8660 (OctoSketch per-IP detection)
  Packet flood events:0
  (Note: Events count IPs exceeding thresholds per 50ms window)

[ALERT STATUS]
  Alert level:        [1;31mHIGH[0m
  Reason:             [1;31mUDP ANOMALY: 7844421 pps | HEAVY-HITTER: 10.10.3.89 @ 27842 pps | TREND: attack rising (+1427640/250ms) | [0m

[MULTI-LF (2025) COMPARISON]
=== Detection Performance vs ML-Based System ===

  First Detection Latency:   1606.50 ms (vs MULTI-LF: 866 ms)
    Improvement:             0.5× faster

  Packets until detection:   874838481
  Bytes until detection:     111437274657 (106274.87 MB)

[OCTOSKETCH METRICS - Optimized Architecture]
=== Per-Worker Sketches + Sampling (1/32 packets) ===

  Architecture:              Per-worker (NO atomics, NO contention)
  Total sketch memory:       8961 KB (14 workers × 640.1 KB)
  Sampling rate:             1 in 32 packets (3.1% overhead)
  Attack traffic sampled:    25677856 updates
  Estimated attack packets:  821691392 (×32 sampling factor)
  Sketch overhead:           ~1.56% of fast-path cycles
  Memory efficiency:         O(1) constant, 640.1 KB per worker

[OCTOSKETCH HEAVY-HITTER DETECTION]
=== Top Attackers (per-IP tracking via Count-Min Sketch) ===

  Heavy-hitter threshold:    5000 pps per IP
  Heavy-hitters detected:    5 IPs exceeding threshold
  Total HH detections:       8660 events

  Top 5 Attackers (estimated counts, ×32 sampling):
    #1: 10.10.3.89 - 134944 pkts (26942 pps) [HEAVY-HITTER]
    #2: 10.10.3.51 - 134784 pkts (26910 pps) [HEAVY-HITTER]
    #3: 10.10.3.147 - 133856 pkts (26724 pps) [HEAVY-HITTER]
    #4: 10.10.3.121 - 133728 pkts (26699 pps) [HEAVY-HITTER]
    #5: 10.10.3.3 - 132896 pkts (26533 pps) [HEAVY-HITTER]

[RING BUFFER + MULTI-SCALE FEATURES]
=== Temporal Analysis (last 100 windows = 5.0 sec) ===

  Windows processed:         10809
  Buffer utilization:        100/100 (100.0%)
  Running baseline (ML):     15915935 pps (for ML features only)
  Detection mode:            FIXED THRESHOLDS

  [Temporal Features - Last Window]
    Delta PPS (250ms):       +1427640
    Delta PPS (500ms):       +2865654
    PPS Variance:            2724403347456
    Ratio vs Baseline:       1.78x

  [Multi-Scale Features]
    Top IP (50ms):           396 pps
    Top IP (1s):             14464 pps
    Top IP (1min):           241 pps
    Burst Ratio (50ms/1min): 1.65x
    IP Concentration:        0.7%

[MULTIPLE DETECTION STATISTICS]
=== Aggregate Detection Analysis ===

  Total detection events:    6519
  Average detection latency: 72.42 ms
  Min detection latency:     53.72 ms
  Max detection latency:     115805.37 ms
  Latency range:             115751.65 ms

  Detection Latency Histogram:
    < 20 ms:  0 detections (0.0%)
    20-30 ms: 0 detections (0.0%)
    30-40 ms: 0 detections (0.0%)
    40-50 ms: 0 detections (0.0%)
    > 50 ms:  6518 detections (100.0%)

[PERFORMANCE METRICS]
  Throughput:         19.40 Gbps (10.71 Mpps)
  Cycles available:   279 cycles/pkt (lower = higher load)
  Active IPs:         0
  Worker threads:     14 (lcores 1-14)

[DPDK NIC STATISTICS]
  RX packets (NIC):   7111851910
  RX dropped (HW):    [0m0[0m (imissed)
  RX no mbufs:        [0m0[0m (buffer exhaustion)
  RX errors:          0
  Total drops:        [0m0 (0.00%)[0m
  RX burst calls:     90383287357 (95.1% empty)
  Processed pkts:     7111856575 (100.0% of NIC RX)


╔═══════════════════════════════════════════════════════════════════════╗
║          MIRA DDoS DETECTOR - STATISTICS (MULTI-CORE)                ║
╚═══════════════════════════════════════════════════════════════════════╝

[PACKET COUNTERS - GLOBAL]
  Total packets:      7177706741
  Baseline (10.10.2.x): 2993994097 (41.7%)
  Attack (10.10.3.x): 2530401278 (35.3%)
  TCP packets:        3144053761
  UDP packets:        3775167867
  ICMP packets:       258485113

[INSTANTANEOUS TRAFFIC - Last 5.0 seconds]
  Baseline (10.10.2.x): 25192292 pkts (48.7%)  2574513664 bytes  4.11 Gbps
  Attack (10.10.3.x): 26570747 pkts (51.3%)  9400536882 bytes  15.01 Gbps
  Total throughput:   19.12 Gbps  (avg pkt: 231 bytes)

[CUMULATIVE TRAFFIC - Since first packet (579.9s)]
  Total received:     7177706741 pkts (12.38 Mpps) | 19.29 Gbps | 1398386771421 bytes

[ATTACK-SPECIFIC COUNTERS]
  SYN packets:        855702197
  SYN-ACK packets:    427850689
  SYN/ACK ratio:      2.00
  HTTP requests:      1442397705
  DNS queries:        519282209

[PROTOCOL-SPECIFIC COUNTERS - CIC-DDoS-2019 Features]
  NTP Amplification:
    Monlist queries:  5568
    Responses:        0  (avg size: 0 bytes)
  DNS Amplification:
    ANY queries:      0
    TXT queries:      0
    Responses:        519278823  (avg size: 108 bytes)
  SNMP Amplification:
    GetBulk requests: 0
    Responses:        0  (avg size: 0 bytes)
  SSDP:
    M-SEARCH packets: 0
    Responses:        39226
  PortMapper:
    GETPORT calls:    38715
    DUMP calls:       0
  NetBIOS:
    Name queries:     43132
    Datagram packets: 38819
  LDAP:
    Bind requests:    0
    Search requests:  39227
  MSSQL:
    SQLBatch packets: 37726
    RPC packets:      0
  TFTP:
    RRQ (read) pkts:  0
    WRQ (write) pkts: 0

[ATTACK DETECTIONS - Cumulative Events]
  UDP flood events:   6611
  UDP-lag events:     36
  SYN flood events:   0
  HTTP flood events:  0
  ICMP flood events:  0
  DNS amp events:     0
  NTP amp events:     0
  SNMP amp events:    0
  SSDP events:        0
  PortMap events:     0
  NetBIOS events:     0
  LDAP events:        0
  MSSQL events:       0
  TFTP events:        0
  ACK flood events:   0
  Frag attack events: 0
  Heavy-hitter events:8752 (OctoSketch per-IP detection)
  Packet flood events:0
  (Note: Events count IPs exceeding thresholds per 50ms window)

[ALERT STATUS]
  Alert level:        [1;31mHIGH[0m
  Reason:             [1;31mUDP ANOMALY: 7846645 pps | HEAVY-HITTER: 10.10.3.104 @ 27557 pps | TREND: attack rising (+1431540/250ms) | [0m

[MULTI-LF (2025) COMPARISON]
=== Detection Performance vs ML-Based System ===

  First Detection Latency:   1606.50 ms (vs MULTI-LF: 866 ms)
    Improvement:             0.5× faster

  Packets until detection:   874838481
  Bytes until detection:     111437274657 (106274.87 MB)

[OCTOSKETCH METRICS - Optimized Architecture]
=== Per-Worker Sketches + Sampling (1/32 packets) ===

  Architecture:              Per-worker (NO atomics, NO contention)
  Total sketch memory:       8961 KB (14 workers × 640.1 KB)
  Sampling rate:             1 in 32 packets (3.1% overhead)
  Attack traffic sampled:    25690720 updates
  Estimated attack packets:  822103040 (×32 sampling factor)
  Sketch overhead:           ~1.56% of fast-path cycles
  Memory efficiency:         O(1) constant, 640.1 KB per worker

[OCTOSKETCH HEAVY-HITTER DETECTION]
=== Top Attackers (per-IP tracking via Count-Min Sketch) ===

  Heavy-hitter threshold:    5000 pps per IP
  Heavy-hitters detected:    5 IPs exceeding threshold
  Total HH detections:       8752 events

  Top 5 Attackers (estimated counts, ×32 sampling):
    #1: 10.10.3.104 - 133600 pkts (26665 pps) [HEAVY-HITTER]
    #2: 10.10.3.95 - 133376 pkts (26620 pps) [HEAVY-HITTER]
    #3: 10.10.3.40 - 133280 pkts (26601 pps) [HEAVY-HITTER]
    #4: 10.10.3.27 - 132640 pkts (26474 pps) [HEAVY-HITTER]
    #5: 10.10.3.9 - 132384 pkts (26422 pps) [HEAVY-HITTER]

[RING BUFFER + MULTI-SCALE FEATURES]
=== Temporal Analysis (last 100 windows = 5.0 sec) ===

  Windows processed:         10901
  Buffer utilization:        100/100 (100.0%)
  Running baseline (ML):     14329263 pps (for ML features only)
  Detection mode:            FIXED THRESHOLDS

  [Temporal Features - Last Window]
    Delta PPS (250ms):       +1431540
    Delta PPS (500ms):       +2859228
    PPS Variance:            2712856952832
    Ratio vs Baseline:       1.85x

  [Multi-Scale Features]
    Top IP (50ms):           389 pps
    Top IP (1s):             1888 pps
    Top IP (1min):           2520 pps
    Burst Ratio (50ms/1min): 0.15x
    IP Concentration:        0.7%

[MULTIPLE DETECTION STATISTICS]
=== Aggregate Detection Analysis ===

  Total detection events:    6611
  Average detection latency: 72.17 ms
  Min detection latency:     53.72 ms
  Max detection latency:     115805.37 ms
  Latency range:             115751.65 ms

  Detection Latency Histogram:
    < 20 ms:  0 detections (0.0%)
    20-30 ms: 0 detections (0.0%)
    30-40 ms: 0 detections (0.0%)
    40-50 ms: 0 detections (0.0%)
    > 50 ms:  6610 detections (100.0%)

[PERFORMANCE METRICS]
  Throughput:         19.12 Gbps (10.33 Mpps)
  Cycles available:   289 cycles/pkt (lower = higher load)
  Active IPs:         0
  Worker threads:     14 (lcores 1-14)

[DPDK NIC STATISTICS]
  RX packets (NIC):   7177702188
  RX dropped (HW):    [0m0[0m (imissed)
  RX no mbufs:        [0m0[0m (buffer exhaustion)
  RX errors:          0
  Total drops:        [0m0 (0.00%)[0m
  RX burst calls:     91039783921 (95.1% empty)
  Processed pkts:     7177706741 (100.0% of NIC RX)


╔═══════════════════════════════════════════════════════════════════════╗
║          MIRA DDoS DETECTOR - STATISTICS (MULTI-CORE)                ║
╚═══════════════════════════════════════════════════════════════════════╝

[PACKET COUNTERS - GLOBAL]
  Total packets:      7243520508
  Baseline (10.10.2.x): 3019166702 (41.7%)
  Attack (10.10.3.x): 2556964410 (35.3%)
  TCP packets:        3168384381
  UDP packets:        3814467874
  ICMP packets:       260668253

[INSTANTANEOUS TRAFFIC - Last 5.0 seconds]
  Baseline (10.10.2.x): 26926773 pkts (47.0%)  2400984094 bytes  3.83 Gbps
  Attack (10.10.3.x): 30354187 pkts (53.0%)  8764894671 bytes  14.00 Gbps
  Total throughput:   17.83 Gbps  (avg pkt: 195 bytes)

[CUMULATIVE TRAFFIC - Since first packet (584.9s)]
  Total received:     7243520508 pkts (12.38 Mpps) | 19.31 Gbps | 1411804432450 bytes

[ATTACK-SPECIFIC COUNTERS]
  SYN packets:        862439002
  SYN-ACK packets:    431219099
  SYN/ACK ratio:      2.00
  HTTP requests:      1452698607
  DNS queries:        524780147

[PROTOCOL-SPECIFIC COUNTERS - CIC-DDoS-2019 Features]
  NTP Amplification:
    Monlist queries:  5627
    Responses:        0  (avg size: 0 bytes)
  DNS Amplification:
    ANY queries:      0
    TXT queries:      0
    Responses:        524776699  (avg size: 108 bytes)
  SNMP Amplification:
    GetBulk requests: 0
    Responses:        0  (avg size: 0 bytes)
  SSDP:
    M-SEARCH packets: 0
    Responses:        39652
  PortMapper:
    GETPORT calls:    39115
    DUMP calls:       0
  NetBIOS:
    Name queries:     43589
    Datagram packets: 39235
  LDAP:
    Bind requests:    0
    Search requests:  39633
  MSSQL:
    SQLBatch packets: 38107
    RPC packets:      0
  TFTP:
    RRQ (read) pkts:  0
    WRQ (write) pkts: 0

[ATTACK DETECTIONS - Cumulative Events]
  UDP flood events:   6703
  UDP-lag events:     36
  SYN flood events:   0
  HTTP flood events:  0
  ICMP flood events:  0
  DNS amp events:     0
  NTP amp events:     0
  SNMP amp events:    0
  SSDP events:        0
  PortMap events:     0
  NetBIOS events:     0
  LDAP events:        0
  MSSQL events:       0
  TFTP events:        0
  ACK flood events:   0
  Frag attack events: 0
  Heavy-hitter events:8844 (OctoSketch per-IP detection)
  Packet flood events:0
  (Note: Events count IPs exceeding thresholds per 50ms window)

[ALERT STATUS]
  Alert level:        [1;31mHIGH[0m
  Reason:             [1;31mUDP ANOMALY: 7845733 pps | HEAVY-HITTER: 10.10.3.27 @ 27498 pps | TREND: attack rising (+1428278/250ms) | [0m

[MULTI-LF (2025) COMPARISON]
=== Detection Performance vs ML-Based System ===

  First Detection Latency:   1606.50 ms (vs MULTI-LF: 866 ms)
    Improvement:             0.5× faster

  Packets until detection:   874838481
  Bytes until detection:     111437274657 (106274.87 MB)

[OCTOSKETCH METRICS - Optimized Architecture]
=== Per-Worker Sketches + Sampling (1/32 packets) ===

  Architecture:              Per-worker (NO atomics, NO contention)
  Total sketch memory:       8961 KB (14 workers × 640.1 KB)
  Sampling rate:             1 in 32 packets (3.1% overhead)
  Attack traffic sampled:    25683200 updates
  Estimated attack packets:  821862400 (×32 sampling factor)
  Sketch overhead:           ~1.56% of fast-path cycles
  Memory efficiency:         O(1) constant, 640.1 KB per worker

[OCTOSKETCH HEAVY-HITTER DETECTION]
=== Top Attackers (per-IP tracking via Count-Min Sketch) ===

  Heavy-hitter threshold:    5000 pps per IP
  Heavy-hitters detected:    5 IPs exceeding threshold
  Total HH detections:       8844 events

  Top 5 Attackers (estimated counts, ×32 sampling):
    #1: 10.10.3.27 - 133280 pkts (26609 pps) [HEAVY-HITTER]
    #2: 10.10.3.113 - 133088 pkts (26570 pps) [HEAVY-HITTER]
    #3: 10.10.3.80 - 132928 pkts (26538 pps) [HEAVY-HITTER]
    #4: 10.10.3.138 - 132544 pkts (26462 pps) [HEAVY-HITTER]
    #5: 10.10.3.160 - 132384 pkts (26430 pps) [HEAVY-HITTER]

[RING BUFFER + MULTI-SCALE FEATURES]
=== Temporal Analysis (last 100 windows = 5.0 sec) ===

  Windows processed:         10993
  Buffer utilization:        100/100 (100.0%)
  Running baseline (ML):     17624190 pps (for ML features only)
  Detection mode:            FIXED THRESHOLDS

  [Temporal Features - Last Window]
    Delta PPS (250ms):       +1428278
    Delta PPS (500ms):       +2855622
    PPS Variance:            2715109818368
    Ratio vs Baseline:       1.72x

  [Multi-Scale Features]
    Top IP (50ms):           396 pps
    Top IP (1s):             20992 pps
    Top IP (1min):           4785 pps
    Burst Ratio (50ms/1min): 0.08x
    IP Concentration:        0.7%

[MULTIPLE DETECTION STATISTICS]
=== Aggregate Detection Analysis ===

  Total detection events:    6703
  Average detection latency: 71.93 ms
  Min detection latency:     53.72 ms
  Max detection latency:     115805.37 ms
  Latency range:             115751.65 ms

  Detection Latency Histogram:
    < 20 ms:  0 detections (0.0%)
    20-30 ms: 0 detections (0.0%)
    30-40 ms: 0 detections (0.0%)
    40-50 ms: 0 detections (0.0%)
    > 50 ms:  6702 detections (100.0%)

[PERFORMANCE METRICS]
  Throughput:         17.83 Gbps (11.44 Mpps)
  Cycles available:   261 cycles/pkt (lower = higher load)
  Active IPs:         0
  Worker threads:     14 (lcores 1-14)

[DPDK NIC STATISTICS]
  RX packets (NIC):   7243515931
  RX dropped (HW):    [0m0[0m (imissed)
  RX no mbufs:        [0m0[0m (buffer exhaustion)
  RX errors:          0
  Total drops:        [0m0 (0.00%)[0m
  RX burst calls:     91699824608 (95.1% empty)
  Processed pkts:     7243520508 (100.0% of NIC RX)


╔═══════════════════════════════════════════════════════════════════════╗
║          MIRA DDoS DETECTOR - STATISTICS (MULTI-CORE)                ║
╚═══════════════════════════════════════════════════════════════════════╝

[PACKET COUNTERS - GLOBAL]
  Total packets:      7309320231
  Baseline (10.10.2.x): 3044331731 (41.6%)
  Attack (10.10.3.x): 2583526345 (35.3%)
  TCP packets:        3192715888
  UDP packets:        3853754707
  ICMP packets:       262849636

[INSTANTANEOUS TRAFFIC - Last 5.0 seconds]
  Baseline (10.10.2.x): 25164398 pkts (48.6%)  2399926600 bytes  3.83 Gbps
  Attack (10.10.3.x): 26561452 pkts (51.4%)  10031961073 bytes  16.02 Gbps
  Total throughput:   19.86 Gbps  (avg pkt: 240 bytes)

[CUMULATIVE TRAFFIC - Since first packet (589.9s)]
  Total received:     7309320231 pkts (12.39 Mpps) | 19.33 Gbps | 1425220634344 bytes

[ATTACK-SPECIFIC COUNTERS]
  SYN packets:        869175877
  SYN-ACK packets:    434587525
  SYN/ACK ratio:      2.00
  HTTP requests:      1463000915
  DNS queries:        530273118

[PROTOCOL-SPECIFIC COUNTERS - CIC-DDoS-2019 Features]
  NTP Amplification:
    Monlist queries:  5685
    Responses:        0  (avg size: 0 bytes)
  DNS Amplification:
    ANY queries:      0
    TXT queries:      0
    Responses:        530269643  (avg size: 108 bytes)
  SNMP Amplification:
    GetBulk requests: 0
    Responses:        0  (avg size: 0 bytes)
  SSDP:
    M-SEARCH packets: 0
    Responses:        40032
  PortMapper:
    GETPORT calls:    39512
    DUMP calls:       0
  NetBIOS:
    Name queries:     44047
    Datagram packets: 39644
  LDAP:
    Bind requests:    0
    Search requests:  40043
  MSSQL:
    SQLBatch packets: 38504
    RPC packets:      0
  TFTP:
    RRQ (read) pkts:  0
    WRQ (write) pkts: 0

[ATTACK DETECTIONS - Cumulative Events]
  UDP flood events:   6795
  UDP-lag events:     39
  SYN flood events:   0
  HTTP flood events:  0
  ICMP flood events:  0
  DNS amp events:     0
  NTP amp events:     0
  SNMP amp events:    0
  SSDP events:        0
  PortMap events:     0
  NetBIOS events:     0
  LDAP events:        0
  MSSQL events:       0
  TFTP events:        0
  ACK flood events:   0
  Frag attack events: 0
  Heavy-hitter events:8936 (OctoSketch per-IP detection)
  Packet flood events:0
  (Note: Events count IPs exceeding thresholds per 50ms window)

[ALERT STATUS]
  Alert level:        [1;31mHIGH[0m
  Reason:             [1;31mUDP ANOMALY: 7843513 pps | HEAVY-HITTER: 10.10.3.190 @ 27591 pps | TREND: attack rising (+1431696/250ms) | [0m

[MULTI-LF (2025) COMPARISON]
=== Detection Performance vs ML-Based System ===

  First Detection Latency:   1606.50 ms (vs MULTI-LF: 866 ms)
    Improvement:             0.5× faster

  Packets until detection:   874838481
  Bytes until detection:     111437274657 (106274.87 MB)

[OCTOSKETCH METRICS - Optimized Architecture]
=== Per-Worker Sketches + Sampling (1/32 packets) ===

  Architecture:              Per-worker (NO atomics, NO contention)
  Total sketch memory:       8961 KB (14 workers × 640.1 KB)
  Sampling rate:             1 in 32 packets (3.1% overhead)
  Attack traffic sampled:    25682688 updates
  Estimated attack packets:  821846016 (×32 sampling factor)
  Sketch overhead:           ~1.56% of fast-path cycles
  Memory efficiency:         O(1) constant, 640.1 KB per worker

[OCTOSKETCH HEAVY-HITTER DETECTION]
=== Top Attackers (per-IP tracking via Count-Min Sketch) ===

  Heavy-hitter threshold:    5000 pps per IP
  Heavy-hitters detected:    5 IPs exceeding threshold
  Total HH detections:       8936 events

  Top 5 Attackers (estimated counts, ×32 sampling):
    #1: 10.10.3.190 - 133728 pkts (26699 pps) [HEAVY-HITTER]
    #2: 10.10.3.197 - 133312 pkts (26616 pps) [HEAVY-HITTER]
    #3: 10.10.3.173 - 133216 pkts (26597 pps) [HEAVY-HITTER]
    #4: 10.10.3.17 - 133184 pkts (26590 pps) [HEAVY-HITTER]
    #5: 10.10.3.119 - 132448 pkts (26444 pps) [HEAVY-HITTER]

[RING BUFFER + MULTI-SCALE FEATURES]
=== Temporal Analysis (last 100 windows = 5.0 sec) ===

  Windows processed:         11085
  Buffer utilization:        100/100 (100.0%)
  Running baseline (ML):     14475966 pps (for ML features only)
  Detection mode:            FIXED THRESHOLDS

  [Temporal Features - Last Window]
    Delta PPS (250ms):       +1431696
    Delta PPS (500ms):       +2858762
    PPS Variance:            2713099698176
    Ratio vs Baseline:       1.83x

  [Multi-Scale Features]
    Top IP (50ms):           423 pps
    Top IP (1s):             8384 pps
    Top IP (1min):           7018 pps
    Burst Ratio (50ms/1min): 0.06x
    IP Concentration:        0.8%

[MULTIPLE DETECTION STATISTICS]
=== Aggregate Detection Analysis ===

  Total detection events:    6795
  Average detection latency: 71.69 ms
  Min detection latency:     53.72 ms
  Max detection latency:     115805.37 ms
  Latency range:             115751.65 ms

  Detection Latency Histogram:
    < 20 ms:  0 detections (0.0%)
    20-30 ms: 0 detections (0.0%)
    30-40 ms: 0 detections (0.0%)
    40-50 ms: 0 detections (0.0%)
    > 50 ms:  6794 detections (100.0%)

[PERFORMANCE METRICS]
  Throughput:         19.86 Gbps (10.33 Mpps)
  Cycles available:   290 cycles/pkt (lower = higher load)
  Active IPs:         0
  Worker threads:     14 (lcores 1-14)

[DPDK NIC STATISTICS]
  RX packets (NIC):   7309315634
  RX dropped (HW):    [0m0[0m (imissed)
  RX no mbufs:        [0m0[0m (buffer exhaustion)
  RX errors:          0
  Total drops:        [0m0 (0.00%)[0m
  RX burst calls:     92356589242 (95.1% empty)
  Processed pkts:     7309320231 (100.0% of NIC RX)


╔═══════════════════════════════════════════════════════════════════════╗
║          MIRA DDoS DETECTOR - STATISTICS (MULTI-CORE)                ║
╚═══════════════════════════════════════════════════════════════════════╝

[PACKET COUNTERS - GLOBAL]
  Total packets:      7375137798
  Baseline (10.10.2.x): 3069508804 (41.6%)
  Attack (10.10.3.x): 2610087444 (35.4%)
  TCP packets:        3217054560
  UDP packets:        3893050105
  ICMP packets:       265033133

[INSTANTANEOUS TRAFFIC - Last 5.0 seconds]
  Baseline (10.10.2.x): 25176452 pkts (48.7%)  2401348915 bytes  3.84 Gbps
  Attack (10.10.3.x): 26560651 pkts (51.3%)  9397132043 bytes  15.01 Gbps
  Total throughput:   18.85 Gbps  (avg pkt: 228 bytes)

[CUMULATIVE TRAFFIC - Since first packet (594.9s)]
  Total received:     7375137798 pkts (12.40 Mpps) | 19.35 Gbps | 1438638336032 bytes

[ATTACK-SPECIFIC COUNTERS]
  SYN packets:        875914843
  SYN-ACK packets:    437957003
  SYN/ACK ratio:      2.00
  HTTP requests:      1473305703
  DNS queries:        535769626

[PROTOCOL-SPECIFIC COUNTERS - CIC-DDoS-2019 Features]
  NTP Amplification:
    Monlist queries:  5744
    Responses:        0  (avg size: 0 bytes)
  DNS Amplification:
    ANY queries:      0
    TXT queries:      0
    Responses:        535766123  (avg size: 108 bytes)
  SNMP Amplification:
    GetBulk requests: 0
    Responses:        0  (avg size: 0 bytes)
  SSDP:
    M-SEARCH packets: 0
    Responses:        40459
  PortMapper:
    GETPORT calls:    39933
    DUMP calls:       0
  NetBIOS:
    Name queries:     44492
    Datagram packets: 40040
  LDAP:
    Bind requests:    0
    Search requests:  40461
  MSSQL:
    SQLBatch packets: 38912
    RPC packets:      0
  TFTP:
    RRQ (read) pkts:  0
    WRQ (write) pkts: 0

[ATTACK DETECTIONS - Cumulative Events]
  UDP flood events:   6887
  UDP-lag events:     40
  SYN flood events:   0
  HTTP flood events:  0
  ICMP flood events:  0
  DNS amp events:     0
  NTP amp events:     0
  SNMP amp events:    0
  SSDP events:        0
  PortMap events:     0
  NetBIOS events:     0
  LDAP events:        0
  MSSQL events:       0
  TFTP events:        0
  ACK flood events:   0
  Frag attack events: 0
  Heavy-hitter events:9028 (OctoSketch per-IP detection)
  Packet flood events:0
  (Note: Events count IPs exceeding thresholds per 50ms window)

[ALERT STATUS]
  Alert level:        [1;31mHIGH[0m
  Reason:             [1;31mUDP ANOMALY: 7845733 pps | HEAVY-HITTER: 10.10.3.84 @ 27468 pps | TREND: attack rising (+1427554/250ms) | [0m

[MULTI-LF (2025) COMPARISON]
=== Detection Performance vs ML-Based System ===

  First Detection Latency:   1606.50 ms (vs MULTI-LF: 866 ms)
    Improvement:             0.5× faster

  Packets until detection:   874838481
  Bytes until detection:     111437274657 (106274.87 MB)

[OCTOSKETCH METRICS - Optimized Architecture]
=== Per-Worker Sketches + Sampling (1/32 packets) ===

  Architecture:              Per-worker (NO atomics, NO contention)
  Total sketch memory:       8961 KB (14 workers × 640.1 KB)
  Sampling rate:             1 in 32 packets (3.1% overhead)
  Attack traffic sampled:    25680928 updates
  Estimated attack packets:  821789696 (×32 sampling factor)
  Sketch overhead:           ~1.56% of fast-path cycles
  Memory efficiency:         O(1) constant, 640.1 KB per worker

[OCTOSKETCH HEAVY-HITTER DETECTION]
=== Top Attackers (per-IP tracking via Count-Min Sketch) ===

  Heavy-hitter threshold:    5000 pps per IP
  Heavy-hitters detected:    5 IPs exceeding threshold
  Total HH detections:       9028 events

  Top 5 Attackers (estimated counts, ×32 sampling):
    #1: 10.10.3.84 - 133120 pkts (26580 pps) [HEAVY-HITTER]
    #2: 10.10.3.195 - 133088 pkts (26573 pps) [HEAVY-HITTER]
    #3: 10.10.3.3 - 132832 pkts (26522 pps) [HEAVY-HITTER]
    #4: 10.10.3.10 - 132800 pkts (26516 pps) [HEAVY-HITTER]
    #5: 10.10.3.52 - 132512 pkts (26458 pps) [HEAVY-HITTER]

[RING BUFFER + MULTI-SCALE FEATURES]
=== Temporal Analysis (last 100 windows = 5.0 sec) ===

  Windows processed:         11177
  Buffer utilization:        100/100 (100.0%)
  Running baseline (ML):     14169785 pps (for ML features only)
  Detection mode:            FIXED THRESHOLDS

  [Temporal Features - Last Window]
    Delta PPS (250ms):       +1427554
    Delta PPS (500ms):       +2856154
    PPS Variance:            2717320740864
    Ratio vs Baseline:       1.87x

  [Multi-Scale Features]
    Top IP (50ms):           390 pps
    Top IP (1s):             26368 pps
    Top IP (1min):           9262 pps
    Burst Ratio (50ms/1min): 0.04x
    IP Concentration:        0.7%

[MULTIPLE DETECTION STATISTICS]
=== Aggregate Detection Analysis ===

  Total detection events:    6887
  Average detection latency: 71.46 ms
  Min detection latency:     53.72 ms
  Max detection latency:     115805.37 ms
  Latency range:             115751.65 ms

  Detection Latency Histogram:
    < 20 ms:  0 detections (0.0%)
    20-30 ms: 0 detections (0.0%)
    30-40 ms: 0 detections (0.0%)
    40-50 ms: 0 detections (0.0%)
    > 50 ms:  6886 detections (100.0%)

[PERFORMANCE METRICS]
  Throughput:         18.85 Gbps (10.33 Mpps)
  Cycles available:   289 cycles/pkt (lower = higher load)
  Active IPs:         0
  Worker threads:     14 (lcores 1-14)

[DPDK NIC STATISTICS]
  RX packets (NIC):   7375133420
  RX dropped (HW):    [0m0[0m (imissed)
  RX no mbufs:        [0m0[0m (buffer exhaustion)
  RX errors:          0
  Total drops:        [0m0 (0.00%)[0m
  RX burst calls:     93013362955 (95.0% empty)
  Processed pkts:     7375137798 (100.0% of NIC RX)


╔═══════════════════════════════════════════════════════════════════════╗
║          MIRA DDoS DETECTOR - STATISTICS (MULTI-CORE)                ║
╚═══════════════════════════════════════════════════════════════════════╝

[PACKET COUNTERS - GLOBAL]
  Total packets:      7440963117
  Baseline (10.10.2.x): 3094685338 (41.6%)
  Attack (10.10.3.x): 2636656675 (35.4%)
  TCP packets:        3241392604
  UDP packets:        3932354195
  ICMP packets:       267216318

[INSTANTANEOUS TRAFFIC - Last 5.0 seconds]
  Baseline (10.10.2.x): 25176022 pkts (48.7%)  2401210464 bytes  3.83 Gbps
  Attack (10.10.3.x): 26568737 pkts (51.3%)  8766975583 bytes  14.00 Gbps
  Total throughput:   17.83 Gbps  (avg pkt: 216 bytes)

[CUMULATIVE TRAFFIC - Since first packet (599.9s)]
  Total received:     7440963117 pkts (12.40 Mpps) | 19.36 Gbps | 1452058598747 bytes

[ATTACK-SPECIFIC COUNTERS]
  SYN packets:        882653636
  SYN-ACK packets:    441326403
  SYN/ACK ratio:      2.00
  HTTP requests:      1483609962
  DNS queries:        541266701

[PROTOCOL-SPECIFIC COUNTERS - CIC-DDoS-2019 Features]
  NTP Amplification:
    Monlist queries:  5802
    Responses:        0  (avg size: 0 bytes)
  DNS Amplification:
    ANY queries:      0
    TXT queries:      0
    Responses:        541263146  (avg size: 108 bytes)
  SNMP Amplification:
    GetBulk requests: 0
    Responses:        0  (avg size: 0 bytes)
  SSDP:
    M-SEARCH packets: 0
    Responses:        40888
  PortMapper:
    GETPORT calls:    40338
    DUMP calls:       0
  NetBIOS:
    Name queries:     44949
    Datagram packets: 40458
  LDAP:
    Bind requests:    0
    Search requests:  40864
  MSSQL:
    SQLBatch packets: 39296
    RPC packets:      0
  TFTP:
    RRQ (read) pkts:  0
    WRQ (write) pkts: 0

[ATTACK DETECTIONS - Cumulative Events]
  UDP flood events:   6979
  UDP-lag events:     40
  SYN flood events:   0
  HTTP flood events:  0
  ICMP flood events:  0
  DNS amp events:     0
  NTP amp events:     0
  SNMP amp events:    0
  SSDP events:        0
  PortMap events:     0
  NetBIOS events:     0
  LDAP events:        0
  MSSQL events:       0
  TFTP events:        0
  ACK flood events:   0
  Frag attack events: 0
  Heavy-hitter events:9120 (OctoSketch per-IP detection)
  Packet flood events:0
  (Note: Events count IPs exceeding thresholds per 50ms window)

[ALERT STATUS]
  Alert level:        [1;31mHIGH[0m
  Reason:             [1;31mUDP ANOMALY: 7845591 pps | HEAVY-HITTER: 10.10.3.193 @ 27360 pps | TREND: attack rising (+1427978/250ms) | [0m

[MULTI-LF (2025) COMPARISON]
=== Detection Performance vs ML-Based System ===

  First Detection Latency:   1606.50 ms (vs MULTI-LF: 866 ms)
    Improvement:             0.5× faster

  Packets until detection:   874838481
  Bytes until detection:     111437274657 (106274.87 MB)

[OCTOSKETCH METRICS - Optimized Architecture]
=== Per-Worker Sketches + Sampling (1/32 packets) ===

  Architecture:              Per-worker (NO atomics, NO contention)
  Total sketch memory:       8961 KB (14 workers × 640.1 KB)
  Sampling rate:             1 in 32 packets (3.1% overhead)
  Attack traffic sampled:    25685088 updates
  Estimated attack packets:  821922816 (×32 sampling factor)
  Sketch overhead:           ~1.56% of fast-path cycles
  Memory efficiency:         O(1) constant, 640.1 KB per worker

[OCTOSKETCH HEAVY-HITTER DETECTION]
=== Top Attackers (per-IP tracking via Count-Min Sketch) ===

  Heavy-hitter threshold:    5000 pps per IP
  Heavy-hitters detected:    5 IPs exceeding threshold
  Total HH detections:       9120 events

  Top 5 Attackers (estimated counts, ×32 sampling):
    #1: 10.10.3.193 - 132640 pkts (26475 pps) [HEAVY-HITTER]
    #2: 10.10.3.85 - 132224 pkts (26392 pps) [HEAVY-HITTER]
    #3: 10.10.3.36 - 132160 pkts (26379 pps) [HEAVY-HITTER]
    #4: 10.10.3.43 - 132096 pkts (26367 pps) [HEAVY-HITTER]
    #5: 10.10.3.95 - 132064 pkts (26360 pps) [HEAVY-HITTER]

[RING BUFFER + MULTI-SCALE FEATURES]
=== Temporal Analysis (last 100 windows = 5.0 sec) ===

  Windows processed:         11269
  Buffer utilization:        100/100 (100.0%)
  Running baseline (ML):     14174283 pps (for ML features only)
  Detection mode:            FIXED THRESHOLDS

  [Temporal Features - Last Window]
    Delta PPS (250ms):       +1427978
    Delta PPS (500ms):       +2860124
    PPS Variance:            2718979325952
    Ratio vs Baseline:       1.87x

  [Multi-Scale Features]
    Top IP (50ms):           389 pps
    Top IP (1s):             14432 pps
    Top IP (1min):           11500 pps
    Burst Ratio (50ms/1min): 0.03x
    IP Concentration:        0.7%

[MULTIPLE DETECTION STATISTICS]
=== Aggregate Detection Analysis ===

  Total detection events:    6979
  Average detection latency: 71.24 ms
  Min detection latency:     53.72 ms
  Max detection latency:     115805.37 ms
  Latency range:             115751.65 ms

  Detection Latency Histogram:
    < 20 ms:  0 detections (0.0%)
    20-30 ms: 0 detections (0.0%)
    30-40 ms: 0 detections (0.0%)
    40-50 ms: 0 detections (0.0%)
    > 50 ms:  6978 detections (100.0%)

[PERFORMANCE METRICS]
  Throughput:         17.83 Gbps (10.33 Mpps)
  Cycles available:   289 cycles/pkt (lower = higher load)
  Active IPs:         0
  Worker threads:     14 (lcores 1-14)

[DPDK NIC STATISTICS]
  RX packets (NIC):   7440958914
  RX dropped (HW):    [0m0[0m (imissed)
  RX no mbufs:        [0m0[0m (buffer exhaustion)
  RX errors:          0
  Total drops:        [0m0 (0.00%)[0m
  RX burst calls:     93671892036 (95.0% empty)
  Processed pkts:     7440963117 (100.0% of NIC RX)


╔═══════════════════════════════════════════════════════════════════════╗
║          MIRA DDoS DETECTOR - STATISTICS (MULTI-CORE)                ║
╚═══════════════════════════════════════════════════════════════════════╝

[PACKET COUNTERS - GLOBAL]
  Total packets:      7506784107
  Baseline (10.10.2.x): 3119864597 (41.6%)
  Attack (10.10.3.x): 2663218839 (35.5%)
  TCP packets:        3265733715
  UDP packets:        3971650886
  ICMP packets:       269399506

[INSTANTANEOUS TRAFFIC - Last 5.0 seconds]
  Baseline (10.10.2.x): 25178681 pkts (48.7%)  2401603960 bytes  3.84 Gbps
  Attack (10.10.3.x): 26561622 pkts (51.3%)  8764898642 bytes  14.00 Gbps
  Total throughput:   17.83 Gbps  (avg pkt: 216 bytes)

[CUMULATIVE TRAFFIC - Since first packet (605.0s)]
  Total received:     7506784107 pkts (12.41 Mpps) | 19.38 Gbps | 1465477261566 bytes

[ATTACK-SPECIFIC COUNTERS]
  SYN packets:        889393475
  SYN-ACK packets:    444696324
  SYN/ACK ratio:      2.00
  HTTP requests:      1493914175
  DNS queries:        546763297

[PROTOCOL-SPECIFIC COUNTERS - CIC-DDoS-2019 Features]
  NTP Amplification:
    Monlist queries:  5861
    Responses:        0  (avg size: 0 bytes)
  DNS Amplification:
    ANY queries:      0
    TXT queries:      0
    Responses:        546759716  (avg size: 108 bytes)
  SNMP Amplification:
    GetBulk requests: 0
    Responses:        0  (avg size: 0 bytes)
  SSDP:
    M-SEARCH packets: 0
    Responses:        41266
  PortMapper:
    GETPORT calls:    40732
    DUMP calls:       0
  NetBIOS:
    Name queries:     45404
    Datagram packets: 40869
  LDAP:
    Bind requests:    0
    Search requests:  41277
  MSSQL:
    SQLBatch packets: 39691
    RPC packets:      0
  TFTP:
    RRQ (read) pkts:  0
    WRQ (write) pkts: 0

[ATTACK DETECTIONS - Cumulative Events]
  UDP flood events:   7071
  UDP-lag events:     40
  SYN flood events:   0
  HTTP flood events:  0
  ICMP flood events:  0
  DNS amp events:     0
  NTP amp events:     0
  SNMP amp events:    0
  SSDP events:        0
  PortMap events:     0
  NetBIOS events:     0
  LDAP events:        0
  MSSQL events:       0
  TFTP events:        0
  ACK flood events:   0
  Frag attack events: 0
  Heavy-hitter events:9212 (OctoSketch per-IP detection)
  Packet flood events:0
  (Note: Events count IPs exceeding thresholds per 50ms window)

[ALERT STATUS]
  Alert level:        [1;31mHIGH[0m
  Reason:             [1;31mUDP ANOMALY: 7845525 pps | HEAVY-HITTER: 10.10.3.104 @ 27908 pps | TREND: attack rising (+1431568/250ms) | [0m

[MULTI-LF (2025) COMPARISON]
=== Detection Performance vs ML-Based System ===

  First Detection Latency:   1606.50 ms (vs MULTI-LF: 866 ms)
    Improvement:             0.5× faster

  Packets until detection:   874838481
  Bytes until detection:     111437274657 (106274.87 MB)

[OCTOSKETCH METRICS - Optimized Architecture]
=== Per-Worker Sketches + Sampling (1/32 packets) ===

  Architecture:              Per-worker (NO atomics, NO contention)
  Total sketch memory:       8961 KB (14 workers × 640.1 KB)
  Sampling rate:             1 in 32 packets (3.1% overhead)
  Attack traffic sampled:    25682208 updates
  Estimated attack packets:  821830656 (×32 sampling factor)
  Sketch overhead:           ~1.56% of fast-path cycles
  Memory efficiency:         O(1) constant, 640.1 KB per worker

[OCTOSKETCH HEAVY-HITTER DETECTION]
=== Top Attackers (per-IP tracking via Count-Min Sketch) ===

  Heavy-hitter threshold:    5000 pps per IP
  Heavy-hitters detected:    5 IPs exceeding threshold
  Total HH detections:       9212 events

  Top 5 Attackers (estimated counts, ×32 sampling):
    #1: 10.10.3.104 - 135264 pkts (27005 pps) [HEAVY-HITTER]
    #2: 10.10.3.97 - 133920 pkts (26737 pps) [HEAVY-HITTER]
    #3: 10.10.3.194 - 133760 pkts (26705 pps) [HEAVY-HITTER]
    #4: 10.10.3.198 - 133344 pkts (26622 pps) [HEAVY-HITTER]
    #5: 10.10.3.153 - 132864 pkts (26526 pps) [HEAVY-HITTER]

[RING BUFFER + MULTI-SCALE FEATURES]
=== Temporal Analysis (last 100 windows = 5.0 sec) ===

  Windows processed:         11361
  Buffer utilization:        100/100 (100.0%)
  Running baseline (ML):     14171464 pps (for ML features only)
  Detection mode:            FIXED THRESHOLDS

  [Temporal Features - Last Window]
    Delta PPS (250ms):       +1431568
    Delta PPS (500ms):       +2859572
    PPS Variance:            2711275175936
    Ratio vs Baseline:       1.87x

  [Multi-Scale Features]
    Top IP (50ms):           409 pps
    Top IP (1s):             1952 pps
    Top IP (1min):           13731 pps
    Burst Ratio (50ms/1min): 0.03x
    IP Concentration:        0.7%

[MULTIPLE DETECTION STATISTICS]
=== Aggregate Detection Analysis ===

  Total detection events:    7071
  Average detection latency: 71.02 ms
  Min detection latency:     53.72 ms
  Max detection latency:     115805.37 ms
  Latency range:             115751.65 ms

  Detection Latency Histogram:
    < 20 ms:  0 detections (0.0%)
    20-30 ms: 0 detections (0.0%)
    30-40 ms: 0 detections (0.0%)
    40-50 ms: 0 detections (0.0%)
    > 50 ms:  7070 detections (100.0%)

[PERFORMANCE METRICS]
  Throughput:         17.83 Gbps (10.33 Mpps)
  Cycles available:   289 cycles/pkt (lower = higher load)
  Active IPs:         0
  Worker threads:     14 (lcores 1-14)

[DPDK NIC STATISTICS]
  RX packets (NIC):   7506779835
  RX dropped (HW):    [0m0[0m (imissed)
  RX no mbufs:        [0m0[0m (buffer exhaustion)
  RX errors:          0
  Total drops:        [0m0 (0.00%)[0m
  RX burst calls:     94331222616 (95.0% empty)
  Processed pkts:     7506784107 (100.0% of NIC RX)


╔═══════════════════════════════════════════════════════════════════════╗
║          MIRA DDoS DETECTOR - STATISTICS (MULTI-CORE)                ║
╚═══════════════════════════════════════════════════════════════════════╝

[PACKET COUNTERS - GLOBAL]
  Total packets:      7572584179
  Baseline (10.10.2.x): 3145028500 (41.5%)
  Attack (10.10.3.x): 2689783725 (35.5%)
  TCP packets:        3290060263
  UDP packets:        4010941955
  ICMP packets:       271581961

[INSTANTANEOUS TRAFFIC - Last 5.0 seconds]
  Baseline (10.10.2.x): 28745838 pkts (50.2%)  2572956034 bytes  4.11 Gbps
  Attack (10.10.3.x): 28483782 pkts (49.8%)  9398908510 bytes  15.01 Gbps
  Total throughput:   19.12 Gbps  (avg pkt: 209 bytes)

[CUMULATIVE TRAFFIC - Since first packet (610.0s)]
  Total received:     7572584179 pkts (12.41 Mpps) | 19.40 Gbps | 1478893685310 bytes

[ATTACK-SPECIFIC COUNTERS]
  SYN packets:        896129220
  SYN-ACK packets:    448064194
  SYN/ACK ratio:      2.00
  HTTP requests:      1504212827
  DNS queries:        552256241

[PROTOCOL-SPECIFIC COUNTERS - CIC-DDoS-2019 Features]
  NTP Amplification:
    Monlist queries:  5918
    Responses:        0  (avg size: 0 bytes)
  DNS Amplification:
    ANY queries:      0
    TXT queries:      0
    Responses:        552252628  (avg size: 108 bytes)
  SNMP Amplification:
    GetBulk requests: 0
    Responses:        0  (avg size: 0 bytes)
  SSDP:
    M-SEARCH packets: 0
    Responses:        41696
  PortMapper:
    GETPORT calls:    41148
    DUMP calls:       0
  NetBIOS:
    Name queries:     45850
    Datagram packets: 41266
  LDAP:
    Bind requests:    0
    Search requests:  41698
  MSSQL:
    SQLBatch packets: 40100
    RPC packets:      0
  TFTP:
    RRQ (read) pkts:  0
    WRQ (write) pkts: 0

[ATTACK DETECTIONS - Cumulative Events]
  UDP flood events:   7163
  UDP-lag events:     40
  SYN flood events:   0
  HTTP flood events:  0
  ICMP flood events:  0
  DNS amp events:     0
  NTP amp events:     0
  SNMP amp events:    0
  SSDP events:        0
  PortMap events:     0
  NetBIOS events:     0
  LDAP events:        0
  MSSQL events:       0
  TFTP events:        0
  ACK flood events:   0
  Frag attack events: 0
  Heavy-hitter events:9304 (OctoSketch per-IP detection)
  Packet flood events:0
  (Note: Events count IPs exceeding thresholds per 50ms window)

[ALERT STATUS]
  Alert level:        [1;31mHIGH[0m
  Reason:             [1;31mUDP ANOMALY: 7844264 pps | HEAVY-HITTER: 10.10.3.169 @ 27966 pps | TREND: attack rising (+1427768/250ms) | [0m

[MULTI-LF (2025) COMPARISON]
=== Detection Performance vs ML-Based System ===

  First Detection Latency:   1606.50 ms (vs MULTI-LF: 866 ms)
    Improvement:             0.5× faster

  Packets until detection:   874838481
  Bytes until detection:     111437274657 (106274.87 MB)

[OCTOSKETCH METRICS - Optimized Architecture]
=== Per-Worker Sketches + Sampling (1/32 packets) ===

  Architecture:              Per-worker (NO atomics, NO contention)
  Total sketch memory:       8961 KB (14 workers × 640.1 KB)
  Sampling rate:             1 in 32 packets (3.1% overhead)
  Attack traffic sampled:    25684992 updates
  Estimated attack packets:  821919744 (×32 sampling factor)
  Sketch overhead:           ~1.56% of fast-path cycles
  Memory efficiency:         O(1) constant, 640.1 KB per worker

[OCTOSKETCH HEAVY-HITTER DETECTION]
=== Top Attackers (per-IP tracking via Count-Min Sketch) ===

  Heavy-hitter threshold:    5000 pps per IP
  Heavy-hitters detected:    5 IPs exceeding threshold
  Total HH detections:       9304 events

  Top 5 Attackers (estimated counts, ×32 sampling):
    #1: 10.10.3.169 - 135552 pkts (27061 pps) [HEAVY-HITTER]
    #2: 10.10.3.57 - 133408 pkts (26633 pps) [HEAVY-HITTER]
    #3: 10.10.3.178 - 133024 pkts (26556 pps) [HEAVY-HITTER]
    #4: 10.10.3.19 - 132832 pkts (26518 pps) [HEAVY-HITTER]
    #5: 10.10.3.194 - 132832 pkts (26518 pps) [HEAVY-HITTER]

[RING BUFFER + MULTI-SCALE FEATURES]
=== Temporal Analysis (last 100 windows = 5.0 sec) ===

  Windows processed:         11453
  Buffer utilization:        100/100 (100.0%)
  Running baseline (ML):     15917239 pps (for ML features only)
  Detection mode:            FIXED THRESHOLDS

  [Temporal Features - Last Window]
    Delta PPS (250ms):       +1427768
    Delta PPS (500ms):       +2856152
    PPS Variance:            2719520653312
    Ratio vs Baseline:       1.78x

  [Multi-Scale Features]
    Top IP (50ms):           423 pps
    Top IP (1s):             20544 pps
    Top IP (1min):           15997 pps
    Burst Ratio (50ms/1min): 0.03x
    IP Concentration:        0.8%

[MULTIPLE DETECTION STATISTICS]
=== Aggregate Detection Analysis ===

  Total detection events:    7163
  Average detection latency: 70.80 ms
  Min detection latency:     53.72 ms
  Max detection latency:     115805.37 ms
  Latency range:             115751.65 ms

  Detection Latency Histogram:
    < 20 ms:  0 detections (0.0%)
    20-30 ms: 0 detections (0.0%)
    30-40 ms: 0 detections (0.0%)
    40-50 ms: 0 detections (0.0%)
    > 50 ms:  7162 detections (100.0%)

[PERFORMANCE METRICS]
  Throughput:         19.12 Gbps (11.43 Mpps)
  Cycles available:   262 cycles/pkt (lower = higher load)
  Active IPs:         0
  Worker threads:     14 (lcores 1-14)

[DPDK NIC STATISTICS]
  RX packets (NIC):   7572579769
  RX dropped (HW):    [0m0[0m (imissed)
  RX no mbufs:        [0m0[0m (buffer exhaustion)
  RX errors:          0
  Total drops:        [0m0 (0.00%)[0m
  RX burst calls:     94990430423 (95.0% empty)
  Processed pkts:     7572584179 (100.0% of NIC RX)


╔═══════════════════════════════════════════════════════════════════════╗
║          MIRA DDoS DETECTOR - STATISTICS (MULTI-CORE)                ║
╚═══════════════════════════════════════════════════════════════════════╝

[PACKET COUNTERS - GLOBAL]
  Total packets:      7638406244
  Baseline (10.10.2.x): 3170207821 (41.5%)
  Attack (10.10.3.x): 2716346981 (35.6%)
  TCP packets:        3314403468
  UDP packets:        4050240611
  ICMP packets:       273762165

[INSTANTANEOUS TRAFFIC - Last 5.0 seconds]
  Baseline (10.10.2.x): 28717711 pkts (50.3%)  2401607533 bytes  3.84 Gbps
  Attack (10.10.3.x): 28430393 pkts (49.7%)  8765226906 bytes  14.00 Gbps
  Total throughput:   17.83 Gbps  (avg pkt: 195 bytes)

[CUMULATIVE TRAFFIC - Since first packet (615.0s)]
  Total received:     7638406244 pkts (12.42 Mpps) | 19.41 Gbps | 1492312756430 bytes

[ATTACK-SPECIFIC COUNTERS]
  SYN packets:        902869468
  SYN-ACK packets:    451434296
  SYN/ACK ratio:      2.00
  HTTP requests:      1514519365
  DNS queries:        557753173

[PROTOCOL-SPECIFIC COUNTERS - CIC-DDoS-2019 Features]
  NTP Amplification:
    Monlist queries:  5977
    Responses:        0  (avg size: 0 bytes)
  DNS Amplification:
    ANY queries:      0
    TXT queries:      0
    Responses:        557749533  (avg size: 108 bytes)
  SNMP Amplification:
    GetBulk requests: 0
    Responses:        0  (avg size: 0 bytes)
  SSDP:
    M-SEARCH packets: 0
    Responses:        42124
  PortMapper:
    GETPORT calls:    41558
    DUMP calls:       0
  NetBIOS:
    Name queries:     46307
    Datagram packets: 41683
  LDAP:
    Bind requests:    0
    Search requests:  42096
  MSSQL:
    SQLBatch packets: 40483
    RPC packets:      0
  TFTP:
    RRQ (read) pkts:  0
    WRQ (write) pkts: 0

[ATTACK DETECTIONS - Cumulative Events]
  UDP flood events:   7255
  UDP-lag events:     40
  SYN flood events:   0
  HTTP flood events:  0
  ICMP flood events:  0
  DNS amp events:     0
  NTP amp events:     0
  SNMP amp events:    0
  SSDP events:        0
  PortMap events:     0
  NetBIOS events:     0
  LDAP events:        0
  MSSQL events:       0
  TFTP events:        0
  ACK flood events:   0
  Frag attack events: 0
  Heavy-hitter events:9396 (OctoSketch per-IP detection)
  Packet flood events:0
  (Note: Events count IPs exceeding thresholds per 50ms window)

[ALERT STATUS]
  Alert level:        [1;31mHIGH[0m
  Reason:             [1;31mUDP ANOMALY: 7845590 pps | HEAVY-HITTER: 10.10.3.49 @ 27470 pps | TREND: attack rising (+1430516/250ms) | [0m

[MULTI-LF (2025) COMPARISON]
=== Detection Performance vs ML-Based System ===

  First Detection Latency:   1606.50 ms (vs MULTI-LF: 866 ms)
    Improvement:             0.5× faster

  Packets until detection:   874838481
  Bytes until detection:     111437274657 (106274.87 MB)

[OCTOSKETCH METRICS - Optimized Architecture]
=== Per-Worker Sketches + Sampling (1/32 packets) ===

  Architecture:              Per-worker (NO atomics, NO contention)
  Total sketch memory:       8961 KB (14 workers × 640.1 KB)
  Sampling rate:             1 in 32 packets (3.1% overhead)
  Attack traffic sampled:    25683648 updates
  Estimated attack packets:  821876736 (×32 sampling factor)
  Sketch overhead:           ~1.56% of fast-path cycles
  Memory efficiency:         O(1) constant, 640.1 KB per worker

[OCTOSKETCH HEAVY-HITTER DETECTION]
=== Top Attackers (per-IP tracking via Count-Min Sketch) ===

  Heavy-hitter threshold:    5000 pps per IP
  Heavy-hitters detected:    5 IPs exceeding threshold
  Total HH detections:       9396 events

  Top 5 Attackers (estimated counts, ×32 sampling):
    #1: 10.10.3.49 - 133152 pkts (26582 pps) [HEAVY-HITTER]
    #2: 10.10.3.69 - 133088 pkts (26569 pps) [HEAVY-HITTER]
    #3: 10.10.3.139 - 132288 pkts (26410 pps) [HEAVY-HITTER]
    #4: 10.10.3.74 - 132224 pkts (26397 pps) [HEAVY-HITTER]
    #5: 10.10.3.6 - 132096 pkts (26371 pps) [HEAVY-HITTER]

[RING BUFFER + MULTI-SCALE FEATURES]
=== Temporal Analysis (last 100 windows = 5.0 sec) ===

  Windows processed:         11545
  Buffer utilization:        100/100 (100.0%)
  Running baseline (ML):     16025187 pps (for ML features only)
  Detection mode:            FIXED THRESHOLDS

  [Temporal Features - Last Window]
    Delta PPS (250ms):       +1430516
    Delta PPS (500ms):       +2858424
    PPS Variance:            2715028553728
    Ratio vs Baseline:       1.77x

  [Multi-Scale Features]
    Top IP (50ms):           403 pps
    Top IP (1s):             8224 pps
    Top IP (1min):           18236 pps
    Burst Ratio (50ms/1min): 0.02x
    IP Concentration:        0.7%

[MULTIPLE DETECTION STATISTICS]
=== Aggregate Detection Analysis ===

  Total detection events:    7255
  Average detection latency: 70.60 ms
  Min detection latency:     53.72 ms
  Max detection latency:     115805.37 ms
  Latency range:             115751.65 ms

  Detection Latency Histogram:
    < 20 ms:  0 detections (0.0%)
    20-30 ms: 0 detections (0.0%)
    30-40 ms: 0 detections (0.0%)
    40-50 ms: 0 detections (0.0%)
    > 50 ms:  7254 detections (100.0%)

[PERFORMANCE METRICS]
  Throughput:         17.83 Gbps (11.41 Mpps)
  Cycles available:   262 cycles/pkt (lower = higher load)
  Active IPs:         0
  Worker threads:     14 (lcores 1-14)

[DPDK NIC STATISTICS]
  RX packets (NIC):   7638401715
  RX dropped (HW):    [0m0[0m (imissed)
  RX no mbufs:        [0m0[0m (buffer exhaustion)
  RX errors:          0
  Total drops:        [0m0 (0.00%)[0m
  RX burst calls:     95651808046 (95.0% empty)
  Processed pkts:     7638406244 (100.0% of NIC RX)


╔═══════════════════════════════════════════════════════════════════════╗
║          MIRA DDoS DETECTOR - STATISTICS (MULTI-CORE)                ║
╚═══════════════════════════════════════════════════════════════════════╝

[PACKET COUNTERS - GLOBAL]
  Total packets:      7704224041
  Baseline (10.10.2.x): 3195386304 (41.5%)
  Attack (10.10.3.x): 2742907801 (35.6%)
  TCP packets:        3338746979
  UDP packets:        4089532095
  ICMP packets:       275944967

[INSTANTANEOUS TRAFFIC - Last 5.0 seconds]
  Baseline (10.10.2.x): 25177894 pkts (48.7%)  2401479985 bytes  3.84 Gbps
  Attack (10.10.3.x): 26560400 pkts (51.3%)  8764426644 bytes  14.00 Gbps
  Total throughput:   17.84 Gbps  (avg pkt: 216 bytes)

[CUMULATIVE TRAFFIC - Since first packet (620.0s)]
  Total received:     7704224041 pkts (12.43 Mpps) | 19.43 Gbps | 1505730613692 bytes

[ATTACK-SPECIFIC COUNTERS]
  SYN packets:        909609991
  SYN-ACK packets:    454804546
  SYN/ACK ratio:      2.00
  HTTP requests:      1524824301
  DNS queries:        563248273

[PROTOCOL-SPECIFIC COUNTERS - CIC-DDoS-2019 Features]
  NTP Amplification:
    Monlist queries:  6036
    Responses:        0  (avg size: 0 bytes)
  DNS Amplification:
    ANY queries:      0
    TXT queries:      0
    Responses:        563244609  (avg size: 108 bytes)
  SNMP Amplification:
    GetBulk requests: 0
    Responses:        0  (avg size: 0 bytes)
  SSDP:
    M-SEARCH packets: 0
    Responses:        42502
  PortMapper:
    GETPORT calls:    41952
    DUMP calls:       0
  NetBIOS:
    Name queries:     46759
    Datagram packets: 42090
  LDAP:
    Bind requests:    0
    Search requests:  42511
  MSSQL:
    SQLBatch packets: 40877
    RPC packets:      0
  TFTP:
    RRQ (read) pkts:  0
    WRQ (write) pkts: 0

[ATTACK DETECTIONS - Cumulative Events]
  UDP flood events:   7347
  UDP-lag events:     40
  SYN flood events:   0
  HTTP flood events:  0
  ICMP flood events:  0
  DNS amp events:     0
  NTP amp events:     0
  SNMP amp events:    0
  SSDP events:        0
  PortMap events:     0
  NetBIOS events:     0
  LDAP events:        0
  MSSQL events:       0
  TFTP events:        0
  ACK flood events:   0
  Frag attack events: 0
  Heavy-hitter events:9488 (OctoSketch per-IP detection)
  Packet flood events:0
  (Note: Events count IPs exceeding thresholds per 50ms window)

[ALERT STATUS]
  Alert level:        [1;31mHIGH[0m
  Reason:             [1;31mUDP ANOMALY: 7845427 pps | HEAVY-HITTER: 10.10.3.78 @ 27652 pps | TREND: attack rising (+1427228/250ms) | [0m

[MULTI-LF (2025) COMPARISON]
=== Detection Performance vs ML-Based System ===

  First Detection Latency:   1606.50 ms (vs MULTI-LF: 866 ms)
    Improvement:             0.5× faster

  Packets until detection:   874838481
  Bytes until detection:     111437274657 (106274.87 MB)

[OCTOSKETCH METRICS - Optimized Architecture]
=== Per-Worker Sketches + Sampling (1/32 packets) ===

  Architecture:              Per-worker (NO atomics, NO contention)
  Total sketch memory:       8961 KB (14 workers × 640.1 KB)
  Sampling rate:             1 in 32 packets (3.1% overhead)
  Attack traffic sampled:    25680640 updates
  Estimated attack packets:  821780480 (×32 sampling factor)
  Sketch overhead:           ~1.56% of fast-path cycles
  Memory efficiency:         O(1) constant, 640.1 KB per worker

[OCTOSKETCH HEAVY-HITTER DETECTION]
=== Top Attackers (per-IP tracking via Count-Min Sketch) ===

  Heavy-hitter threshold:    5000 pps per IP
  Heavy-hitters detected:    5 IPs exceeding threshold
  Total HH detections:       9488 events

  Top 5 Attackers (estimated counts, ×32 sampling):
    #1: 10.10.3.78 - 134016 pkts (26758 pps) [HEAVY-HITTER]
    #2: 10.10.3.172 - 133696 pkts (26694 pps) [HEAVY-HITTER]
    #3: 10.10.3.104 - 133152 pkts (26585 pps) [HEAVY-HITTER]
    #4: 10.10.3.108 - 133120 pkts (26579 pps) [HEAVY-HITTER]
    #5: 10.10.3.115 - 132704 pkts (26496 pps) [HEAVY-HITTER]

[RING BUFFER + MULTI-SCALE FEATURES]
=== Temporal Analysis (last 100 windows = 5.0 sec) ===

  Windows processed:         11637
  Buffer utilization:        100/100 (100.0%)
  Running baseline (ML):     14320090 pps (for ML features only)
  Detection mode:            FIXED THRESHOLDS

  [Temporal Features - Last Window]
    Delta PPS (250ms):       +1427228
    Delta PPS (500ms):       +2854948
    PPS Variance:            2713400115200
    Ratio vs Baseline:       1.85x

  [Multi-Scale Features]
    Top IP (50ms):           383 pps
    Top IP (1s):             26240 pps
    Top IP (1min):           20504 pps
    Burst Ratio (50ms/1min): 0.02x
    IP Concentration:        0.7%

[MULTIPLE DETECTION STATISTICS]
=== Aggregate Detection Analysis ===

  Total detection events:    7347
  Average detection latency: 70.39 ms
  Min detection latency:     53.72 ms
  Max detection latency:     115805.37 ms
  Latency range:             115751.65 ms

  Detection Latency Histogram:
    < 20 ms:  0 detections (0.0%)
    20-30 ms: 0 detections (0.0%)
    30-40 ms: 0 detections (0.0%)
    40-50 ms: 0 detections (0.0%)
    > 50 ms:  7346 detections (100.0%)

[PERFORMANCE METRICS]
  Throughput:         17.84 Gbps (10.33 Mpps)
  Cycles available:   289 cycles/pkt (lower = higher load)
  Active IPs:         0
  Worker threads:     14 (lcores 1-14)

[DPDK NIC STATISTICS]
  RX packets (NIC):   7704219431
  RX dropped (HW):    [0m0[0m (imissed)
  RX no mbufs:        [0m0[0m (buffer exhaustion)
  RX errors:          0
  Total drops:        [0m0 (0.00%)[0m
  RX burst calls:     96310035457 (95.0% empty)
  Processed pkts:     7704224041 (100.0% of NIC RX)


╔═══════════════════════════════════════════════════════════════════════╗
║          MIRA DDoS DETECTOR - STATISTICS (MULTI-CORE)                ║
╚═══════════════════════════════════════════════════════════════════════╝

[PACKET COUNTERS - GLOBAL]
  Total packets:      7770039844
  Baseline (10.10.2.x): 3220562741 (41.4%)
  Attack (10.10.3.x): 2769469495 (35.6%)
  TCP packets:        3363087982
  UDP packets:        4128823490
  ICMP packets:       278128372

[INSTANTANEOUS TRAFFIC - Last 5.0 seconds]
  Baseline (10.10.2.x): 25175876 pkts (48.7%)  2574331478 bytes  4.11 Gbps
  Attack (10.10.3.x): 26561222 pkts (51.3%)  8764451501 bytes  14.00 Gbps
  Total throughput:   18.11 Gbps  (avg pkt: 219 bytes)

[CUMULATIVE TRAFFIC - Since first packet (625.0s)]
  Total received:     7770039844 pkts (12.43 Mpps) | 19.45 Gbps | 1519148490561 bytes

[ATTACK-SPECIFIC COUNTERS]
  SYN packets:        916349594
  SYN-ACK packets:    458174350
  SYN/ACK ratio:      2.00
  HTTP requests:      1535129972
  DNS queries:        568742412

[PROTOCOL-SPECIFIC COUNTERS - CIC-DDoS-2019 Features]
  NTP Amplification:
    Monlist queries:  6094
    Responses:        0  (avg size: 0 bytes)
  DNS Amplification:
    ANY queries:      0
    TXT queries:      0
    Responses:        568738695  (avg size: 108 bytes)
  SNMP Amplification:
    GetBulk requests: 0
    Responses:        0  (avg size: 0 bytes)
  SSDP:
    M-SEARCH packets: 0
    Responses:        42931
  PortMapper:
    GETPORT calls:    42366
    DUMP calls:       0
  NetBIOS:
    Name queries:     47209
    Datagram packets: 42491
  LDAP:
    Bind requests:    0
    Search requests:  42930
  MSSQL:
    SQLBatch packets: 41285
    RPC packets:      0
  TFTP:
    RRQ (read) pkts:  0
    WRQ (write) pkts: 0

[ATTACK DETECTIONS - Cumulative Events]
  UDP flood events:   7439
  UDP-lag events:     40
  SYN flood events:   0
  HTTP flood events:  0
  ICMP flood events:  0
  DNS amp events:     0
  NTP amp events:     0
  SNMP amp events:    0
  SSDP events:        0
  PortMap events:     0
  NetBIOS events:     0
  LDAP events:        0
  MSSQL events:       0
  TFTP events:        0
  ACK flood events:   0
  Frag attack events: 0
  Heavy-hitter events:9580 (OctoSketch per-IP detection)
  Packet flood events:0
  (Note: Events count IPs exceeding thresholds per 50ms window)

[ALERT STATUS]
  Alert level:        [1;31mHIGH[0m
  Reason:             [1;31mUDP ANOMALY: 7845144 pps | HEAVY-HITTER: 10.10.3.190 @ 27494 pps | TREND: attack rising (+1426956/250ms) | [0m

[MULTI-LF (2025) COMPARISON]
=== Detection Performance vs ML-Based System ===

  First Detection Latency:   1606.50 ms (vs MULTI-LF: 866 ms)
    Improvement:             0.5× faster

  Packets until detection:   874838481
  Bytes until detection:     111437274657 (106274.87 MB)

[OCTOSKETCH METRICS - Optimized Architecture]
=== Per-Worker Sketches + Sampling (1/32 packets) ===

  Architecture:              Per-worker (NO atomics, NO contention)
  Total sketch memory:       8961 KB (14 workers × 640.1 KB)
  Sampling rate:             1 in 32 packets (3.1% overhead)
  Attack traffic sampled:    25677728 updates
  Estimated attack packets:  821687296 (×32 sampling factor)
  Sketch overhead:           ~1.56% of fast-path cycles
  Memory efficiency:         O(1) constant, 640.1 KB per worker

[OCTOSKETCH HEAVY-HITTER DETECTION]
=== Top Attackers (per-IP tracking via Count-Min Sketch) ===

  Heavy-hitter threshold:    5000 pps per IP
  Heavy-hitters detected:    5 IPs exceeding threshold
  Total HH detections:       9580 events

  Top 5 Attackers (estimated counts, ×32 sampling):
    #1: 10.10.3.190 - 133248 pkts (26604 pps) [HEAVY-HITTER]
    #2: 10.10.3.69 - 132864 pkts (26528 pps) [HEAVY-HITTER]
    #3: 10.10.3.26 - 132736 pkts (26502 pps) [HEAVY-HITTER]
    #4: 10.10.3.8 - 132416 pkts (26438 pps) [HEAVY-HITTER]
    #5: 10.10.3.14 - 132096 pkts (26374 pps) [HEAVY-HITTER]

[RING BUFFER + MULTI-SCALE FEATURES]
=== Temporal Analysis (last 100 windows = 5.0 sec) ===

  Windows processed:         11729
  Buffer utilization:        100/100 (100.0%)
  Running baseline (ML):     14171583 pps (for ML features only)
  Detection mode:            FIXED THRESHOLDS

  [Temporal Features - Last Window]
    Delta PPS (250ms):       +1426956
    Delta PPS (500ms):       +2859712
    PPS Variance:            2718413619200
    Ratio vs Baseline:       1.87x

  [Multi-Scale Features]
    Top IP (50ms):           376 pps
    Top IP (1s):             14496 pps
    Top IP (1min):           22738 pps
    Burst Ratio (50ms/1min): 0.02x
    IP Concentration:        0.7%

[MULTIPLE DETECTION STATISTICS]
=== Aggregate Detection Analysis ===

  Total detection events:    7439
  Average detection latency: 70.20 ms
  Min detection latency:     53.72 ms
  Max detection latency:     115805.37 ms
  Latency range:             115751.65 ms

  Detection Latency Histogram:
    < 20 ms:  0 detections (0.0%)
    20-30 ms: 0 detections (0.0%)
    30-40 ms: 0 detections (0.0%)
    40-50 ms: 0 detections (0.0%)
    > 50 ms:  7438 detections (100.0%)

[PERFORMANCE METRICS]
  Throughput:         18.11 Gbps (10.33 Mpps)
  Cycles available:   289 cycles/pkt (lower = higher load)
  Active IPs:         0
  Worker threads:     14 (lcores 1-14)

[DPDK NIC STATISTICS]
  RX packets (NIC):   7770035143
  RX dropped (HW):    [0m0[0m (imissed)
  RX no mbufs:        [0m0[0m (buffer exhaustion)
  RX errors:          0
  Total drops:        [0m0 (0.00%)[0m
  RX burst calls:     96968347280 (95.0% empty)
  Processed pkts:     7770039844 (100.0% of NIC RX)


╔═══════════════════════════════════════════════════════════════════════╗
║          MIRA DDoS DETECTOR - STATISTICS (MULTI-CORE)                ║
╚═══════════════════════════════════════════════════════════════════════╝

[PACKET COUNTERS - GLOBAL]
  Total packets:      7835876304
  Baseline (10.10.2.x): 3245745952 (41.4%)
  Attack (10.10.3.x): 2796039761 (35.7%)
  TCP packets:        3387432681
  UDP packets:        4168129491
  ICMP packets:       280314132

[INSTANTANEOUS TRAFFIC - Last 5.0 seconds]
  Baseline (10.10.2.x): 25182833 pkts (48.7%)  2402020906 bytes  3.84 Gbps
  Attack (10.10.3.x): 26569760 pkts (51.3%)  8767459036 bytes  14.00 Gbps
  Total throughput:   17.83 Gbps  (avg pkt: 216 bytes)

[CUMULATIVE TRAFFIC - Since first packet (630.0s)]
  Total received:     7835876304 pkts (12.44 Mpps) | 19.46 Gbps | 1532570831699 bytes

[ATTACK-SPECIFIC COUNTERS]
  SYN packets:        923089952
  SYN-ACK packets:    461544535
  SYN/ACK ratio:      2.00
  HTTP requests:      1545439127
  DNS queries:        574238904

[PROTOCOL-SPECIFIC COUNTERS - CIC-DDoS-2019 Features]
  NTP Amplification:
    Monlist queries:  6152
    Responses:        0  (avg size: 0 bytes)
  DNS Amplification:
    ANY queries:      0
    TXT queries:      0
    Responses:        574235138  (avg size: 108 bytes)
  SNMP Amplification:
    GetBulk requests: 0
    Responses:        0  (avg size: 0 bytes)
  SSDP:
    M-SEARCH packets: 0
    Responses:        43361
  PortMapper:
    GETPORT calls:    42775
    DUMP calls:       0
  NetBIOS:
    Name queries:     47667
    Datagram packets: 42905
  LDAP:
    Bind requests:    0
    Search requests:  43333
  MSSQL:
    SQLBatch packets: 41675
    RPC packets:      0
  TFTP:
    RRQ (read) pkts:  0
    WRQ (write) pkts: 0

[ATTACK DETECTIONS - Cumulative Events]
  UDP flood events:   7531
  UDP-lag events:     40
  SYN flood events:   0
  HTTP flood events:  0
  ICMP flood events:  0
  DNS amp events:     0
  NTP amp events:     0
  SNMP amp events:    0
  SSDP events:        0
  PortMap events:     0
  NetBIOS events:     0
  LDAP events:        0
  MSSQL events:       0
  TFTP events:        0
  ACK flood events:   0
  Frag attack events: 0
  Heavy-hitter events:9672 (OctoSketch per-IP detection)
  Packet flood events:0
  (Note: Events count IPs exceeding thresholds per 50ms window)

[ALERT STATUS]
  Alert level:        [1;31mHIGH[0m
  Reason:             [1;31mUDP ANOMALY: 7845524 pps | HEAVY-HITTER: 10.10.3.131 @ 27722 pps | TREND: attack rising (+1431044/250ms) | [0m

[MULTI-LF (2025) COMPARISON]
=== Detection Performance vs ML-Based System ===

  First Detection Latency:   1606.50 ms (vs MULTI-LF: 866 ms)
    Improvement:             0.5× faster

  Packets until detection:   874838481
  Bytes until detection:     111437274657 (106274.87 MB)

[OCTOSKETCH METRICS - Optimized Architecture]
=== Per-Worker Sketches + Sampling (1/32 packets) ===

  Architecture:              Per-worker (NO atomics, NO contention)
  Total sketch memory:       8961 KB (14 workers × 640.1 KB)
  Sampling rate:             1 in 32 packets (3.1% overhead)
  Attack traffic sampled:    25690528 updates
  Estimated attack packets:  822096896 (×32 sampling factor)
  Sketch overhead:           ~1.56% of fast-path cycles
  Memory efficiency:         O(1) constant, 640.1 KB per worker

[OCTOSKETCH HEAVY-HITTER DETECTION]
=== Top Attackers (per-IP tracking via Count-Min Sketch) ===

  Heavy-hitter threshold:    5000 pps per IP
  Heavy-hitters detected:    5 IPs exceeding threshold
  Total HH detections:       9672 events

  Top 5 Attackers (estimated counts, ×32 sampling):
    #1: 10.10.3.131 - 134400 pkts (26826 pps) [HEAVY-HITTER]
    #2: 10.10.3.185 - 133280 pkts (26602 pps) [HEAVY-HITTER]
    #3: 10.10.3.5 - 132896 pkts (26525 pps) [HEAVY-HITTER]
    #4: 10.10.3.140 - 132832 pkts (26513 pps) [HEAVY-HITTER]
    #5: 10.10.3.132 - 132736 pkts (26493 pps) [HEAVY-HITTER]

[RING BUFFER + MULTI-SCALE FEATURES]
=== Temporal Analysis (last 100 windows = 5.0 sec) ===

  Windows processed:         11821
  Buffer utilization:        100/100 (100.0%)
  Running baseline (ML):     14173639 pps (for ML features only)
  Detection mode:            FIXED THRESHOLDS

  [Temporal Features - Last Window]
    Delta PPS (250ms):       +1431044
    Delta PPS (500ms):       +2859334
    PPS Variance:            2711637458944
    Ratio vs Baseline:       1.87x

  [Multi-Scale Features]
    Top IP (50ms):           403 pps
    Top IP (1s):             1984 pps
    Top IP (1min):           24949 pps
    Burst Ratio (50ms/1min): 0.02x
    IP Concentration:        0.7%

[MULTIPLE DETECTION STATISTICS]
=== Aggregate Detection Analysis ===

  Total detection events:    7531
  Average detection latency: 70.00 ms
  Min detection latency:     53.72 ms
  Max detection latency:     115805.37 ms
  Latency range:             115751.65 ms

  Detection Latency Histogram:
    < 20 ms:  0 detections (0.0%)
    20-30 ms: 0 detections (0.0%)
    30-40 ms: 0 detections (0.0%)
    40-50 ms: 0 detections (0.0%)
    > 50 ms:  7530 detections (100.0%)

[PERFORMANCE METRICS]
  Throughput:         17.83 Gbps (10.33 Mpps)
  Cycles available:   289 cycles/pkt (lower = higher load)
  Active IPs:         0
  Worker threads:     14 (lcores 1-14)

[DPDK NIC STATISTICS]
  RX packets (NIC):   7835871713
  RX dropped (HW):    [0m0[0m (imissed)
  RX no mbufs:        [0m0[0m (buffer exhaustion)
  RX errors:          0
  Total drops:        [0m0 (0.00%)[0m
  RX burst calls:     97624873468 (95.0% empty)
  Processed pkts:     7835876304 (100.0% of NIC RX)


╔═══════════════════════════════════════════════════════════════════════╗
║          MIRA DDoS DETECTOR - STATISTICS (MULTI-CORE)                ║
╚═══════════════════════════════════════════════════════════════════════╝

[PACKET COUNTERS - GLOBAL]
  Total packets:      7901670316
  Baseline (10.10.2.x): 3270911855 (41.4%)
  Attack (10.10.3.x): 2822596207 (35.7%)
  TCP packets:        3411762835
  UDP packets:        4207412450
  ICMP packets:       282495031

[INSTANTANEOUS TRAFFIC - Last 5.0 seconds]
  Baseline (10.10.2.x): 26990579 pkts (50.4%)  2576283646 bytes  4.12 Gbps
  Attack (10.10.3.x): 26555873 pkts (49.6%)  9396490119 bytes  15.01 Gbps
  Total throughput:   19.13 Gbps  (avg pkt: 224 bytes)

[CUMULATIVE TRAFFIC - Since first packet (635.0s)]
  Total received:     7901670316 pkts (12.44 Mpps) | 19.48 Gbps | 1545985325256 bytes

[ATTACK-SPECIFIC COUNTERS]
  SYN packets:        929826512
  SYN-ACK packets:    464912804
  SYN/ACK ratio:      2.00
  HTTP requests:      1555740799
  DNS queries:        579731445

[PROTOCOL-SPECIFIC COUNTERS - CIC-DDoS-2019 Features]
  NTP Amplification:
    Monlist queries:  6211
    Responses:        0  (avg size: 0 bytes)
  DNS Amplification:
    ANY queries:      0
    TXT queries:      0
    Responses:        579727645  (avg size: 108 bytes)
  SNMP Amplification:
    GetBulk requests: 0
    Responses:        0  (avg size: 0 bytes)
  SSDP:
    M-SEARCH packets: 0
    Responses:        43739
  PortMapper:
    GETPORT calls:    43172
    DUMP calls:       0
  NetBIOS:
    Name queries:     48119
    Datagram packets: 43317
  LDAP:
    Bind requests:    0
    Search requests:  43746
  MSSQL:
    SQLBatch packets: 42062
    RPC packets:      0
  TFTP:
    RRQ (read) pkts:  0
    WRQ (write) pkts: 0

[ATTACK DETECTIONS - Cumulative Events]
  UDP flood events:   7623
  UDP-lag events:     40
  SYN flood events:   0
  HTTP flood events:  0
  ICMP flood events:  0
  DNS amp events:     0
  NTP amp events:     0
  SNMP amp events:    0
  SSDP events:        0
  PortMap events:     0
  NetBIOS events:     0
  LDAP events:        0
  MSSQL events:       0
  TFTP events:        0
  ACK flood events:   0
  Frag attack events: 0
  Heavy-hitter events:9764 (OctoSketch per-IP detection)
  Packet flood events:0
  (Note: Events count IPs exceeding thresholds per 50ms window)

[ALERT STATUS]
  Alert level:        [1;31mHIGH[0m
  Reason:             [1;31mUDP ANOMALY: 7844703 pps | HEAVY-HITTER: 10.10.3.37 @ 27671 pps | TREND: attack rising (+1427304/250ms) | [0m

[MULTI-LF (2025) COMPARISON]
=== Detection Performance vs ML-Based System ===

  First Detection Latency:   1606.50 ms (vs MULTI-LF: 866 ms)
    Improvement:             0.5× faster

  Packets until detection:   874838481
  Bytes until detection:     111437274657 (106274.87 MB)

[OCTOSKETCH METRICS - Optimized Architecture]
=== Per-Worker Sketches + Sampling (1/32 packets) ===

  Architecture:              Per-worker (NO atomics, NO contention)
  Total sketch memory:       8961 KB (14 workers × 640.1 KB)
  Sampling rate:             1 in 32 packets (3.1% overhead)
  Attack traffic sampled:    25676288 updates
  Estimated attack packets:  821641216 (×32 sampling factor)
  Sketch overhead:           ~1.56% of fast-path cycles
  Memory efficiency:         O(1) constant, 640.1 KB per worker

[OCTOSKETCH HEAVY-HITTER DETECTION]
=== Top Attackers (per-IP tracking via Count-Min Sketch) ===

  Heavy-hitter threshold:    5000 pps per IP
  Heavy-hitters detected:    5 IPs exceeding threshold
  Total HH detections:       9764 events

  Top 5 Attackers (estimated counts, ×32 sampling):
    #1: 10.10.3.37 - 134080 pkts (26776 pps) [HEAVY-HITTER]
    #2: 10.10.3.161 - 133984 pkts (26757 pps) [HEAVY-HITTER]
    #3: 10.10.3.179 - 133024 pkts (26565 pps) [HEAVY-HITTER]
    #4: 10.10.3.62 - 132224 pkts (26405 pps) [HEAVY-HITTER]
    #5: 10.10.3.183 - 132160 pkts (26392 pps) [HEAVY-HITTER]

[RING BUFFER + MULTI-SCALE FEATURES]
=== Temporal Analysis (last 100 windows = 5.0 sec) ===

  Windows processed:         11913
  Buffer utilization:        100/100 (100.0%)
  Running baseline (ML):     14168501 pps (for ML features only)
  Detection mode:            FIXED THRESHOLDS

  [Temporal Features - Last Window]
    Delta PPS (250ms):       +1427304
    Delta PPS (500ms):       +2855128
    PPS Variance:            2716090761216
    Ratio vs Baseline:       1.87x

  [Multi-Scale Features]
    Top IP (50ms):           409 pps
    Top IP (1s):             20736 pps
    Top IP (1min):           27127 pps
    Burst Ratio (50ms/1min): 0.02x
    IP Concentration:        0.7%

[MULTIPLE DETECTION STATISTICS]
=== Aggregate Detection Analysis ===

  Total detection events:    7623
  Average detection latency: 69.82 ms
  Min detection latency:     53.72 ms
  Max detection latency:     115805.37 ms
  Latency range:             115751.65 ms

  Detection Latency Histogram:
    < 20 ms:  0 detections (0.0%)
    20-30 ms: 0 detections (0.0%)
    30-40 ms: 0 detections (0.0%)
    40-50 ms: 0 detections (0.0%)
    > 50 ms:  7622 detections (100.0%)

[PERFORMANCE METRICS]
  Throughput:         19.13 Gbps (10.69 Mpps)
  Cycles available:   280 cycles/pkt (lower = higher load)
  Active IPs:         0
  Worker threads:     14 (lcores 1-14)

[DPDK NIC STATISTICS]
  RX packets (NIC):   7901665603
  RX dropped (HW):    [0m0[0m (imissed)
  RX no mbufs:        [0m0[0m (buffer exhaustion)
  RX errors:          0
  Total drops:        [0m0 (0.00%)[0m
  RX burst calls:     98279969630 (95.0% empty)
  Processed pkts:     7901670316 (100.0% of NIC RX)


╔═══════════════════════════════════════════════════════════════════════╗
║          MIRA DDoS DETECTOR - STATISTICS (MULTI-CORE)                ║
╚═══════════════════════════════════════════════════════════════════════╝

[PACKET COUNTERS - GLOBAL]
  Total packets:      7967525534
  Baseline (10.10.2.x): 3296104774 (41.4%)
  Attack (10.10.3.x): 2849169901 (35.8%)
  TCP packets:        3436143445
  UDP packets:        4246702031
  ICMP packets:       284680058

[INSTANTANEOUS TRAFFIC - Last 5.0 seconds]
  Baseline (10.10.2.x): 25192368 pkts (48.7%)  2402302312 bytes  3.84 Gbps
  Attack (10.10.3.x): 26573236 pkts (51.3%)  9401619138 bytes  15.01 Gbps
  Total throughput:   18.85 Gbps  (avg pkt: 228 bytes)

[CUMULATIVE TRAFFIC - Since first packet (640.0s)]
  Total received:     7967525534 pkts (12.45 Mpps) | 19.49 Gbps | 1559411968737 bytes

[ATTACK-SPECIFIC COUNTERS]
  SYN packets:        936574408
  SYN-ACK packets:    468286751
  SYN/ACK ratio:      2.00
  HTTP requests:      1566083173
  DNS queries:        585216829

[PROTOCOL-SPECIFIC COUNTERS - CIC-DDoS-2019 Features]
  NTP Amplification:
    Monlist queries:  6269
    Responses:        0  (avg size: 0 bytes)
  DNS Amplification:
    ANY queries:      0
    TXT queries:      0
    Responses:        585213019  (avg size: 108 bytes)
  SNMP Amplification:
    GetBulk requests: 0
    Responses:        0  (avg size: 0 bytes)
  SSDP:
    M-SEARCH packets: 0
    Responses:        44167
  PortMapper:
    GETPORT calls:    43585
    DUMP calls:       0
  NetBIOS:
    Name queries:     48568
    Datagram packets: 43716
  LDAP:
    Bind requests:    0
    Search requests:  44164
  MSSQL:
    SQLBatch packets: 42473
    RPC packets:      0
  TFTP:
    RRQ (read) pkts:  0
    WRQ (write) pkts: 0

[ATTACK DETECTIONS - Cumulative Events]
  UDP flood events:   7715
  UDP-lag events:     41
  SYN flood events:   0
  HTTP flood events:  0
  ICMP flood events:  0
  DNS amp events:     0
  NTP amp events:     0
  SNMP amp events:    0
  SSDP events:        0
  PortMap events:     0
  NetBIOS events:     0
  LDAP events:        0
  MSSQL events:       0
  TFTP events:        0
  ACK flood events:   0
  Frag attack events: 0
  Heavy-hitter events:9856 (OctoSketch per-IP detection)
  Packet flood events:0
  (Note: Events count IPs exceeding thresholds per 50ms window)

[ALERT STATUS]
  Alert level:        [1;31mHIGH[0m
  Reason:             [1;31mUDP ANOMALY: 7843844 pps | HEAVY-HITTER: 10.10.3.55 @ 27535 pps | TREND: attack rising (+1438460/250ms) | [0m

[MULTI-LF (2025) COMPARISON]
=== Detection Performance vs ML-Based System ===

  First Detection Latency:   1606.50 ms (vs MULTI-LF: 866 ms)
    Improvement:             0.5× faster

  Packets until detection:   874838481
  Bytes until detection:     111437274657 (106274.87 MB)

[OCTOSKETCH METRICS - Optimized Architecture]
=== Per-Worker Sketches + Sampling (1/32 packets) ===

  Architecture:              Per-worker (NO atomics, NO contention)
  Total sketch memory:       8961 KB (14 workers × 640.1 KB)
  Sampling rate:             1 in 32 packets (3.1% overhead)
  Attack traffic sampled:    25693728 updates
  Estimated attack packets:  822199296 (×32 sampling factor)
  Sketch overhead:           ~1.56% of fast-path cycles
  Memory efficiency:         O(1) constant, 640.1 KB per worker

[OCTOSKETCH HEAVY-HITTER DETECTION]
=== Top Attackers (per-IP tracking via Count-Min Sketch) ===

  Heavy-hitter threshold:    5000 pps per IP
  Heavy-hitters detected:    5 IPs exceeding threshold
  Total HH detections:       9856 events

  Top 5 Attackers (estimated counts, ×32 sampling):
    #1: 10.10.3.55 - 133504 pkts (26645 pps) [HEAVY-HITTER]
    #2: 10.10.3.29 - 132928 pkts (26530 pps) [HEAVY-HITTER]
    #3: 10.10.3.81 - 132416 pkts (26427 pps) [HEAVY-HITTER]
    #4: 10.10.3.91 - 132288 pkts (26402 pps) [HEAVY-HITTER]
    #5: 10.10.3.150 - 132128 pkts (26370 pps) [HEAVY-HITTER]

[RING BUFFER + MULTI-SCALE FEATURES]
=== Temporal Analysis (last 100 windows = 5.0 sec) ===

  Windows processed:         12005
  Buffer utilization:        100/100 (100.0%)
  Running baseline (ML):     14173874 pps (for ML features only)
  Detection mode:            FIXED THRESHOLDS

  [Temporal Features - Last Window]
    Delta PPS (250ms):       +1438460
    Delta PPS (500ms):       +2866764
    PPS Variance:            2722192949248
    Ratio vs Baseline:       1.87x

  [Multi-Scale Features]
    Top IP (50ms):           429 pps
    Top IP (1s):             8480 pps
    Top IP (1min):           142 pps
    Burst Ratio (50ms/1min): 3.01x
    IP Concentration:        0.8%

[MULTIPLE DETECTION STATISTICS]
=== Aggregate Detection Analysis ===

  Total detection events:    7715
  Average detection latency: 69.63 ms
  Min detection latency:     53.72 ms
  Max detection latency:     115805.37 ms
  Latency range:             115751.65 ms

  Detection Latency Histogram:
    < 20 ms:  0 detections (0.0%)
    20-30 ms: 0 detections (0.0%)
    30-40 ms: 0 detections (0.0%)
    40-50 ms: 0 detections (0.0%)
    > 50 ms:  7714 detections (100.0%)

[PERFORMANCE METRICS]
  Throughput:         18.85 Gbps (10.33 Mpps)
  Cycles available:   289 cycles/pkt (lower = higher load)
  Active IPs:         0
  Worker threads:     14 (lcores 1-14)

[DPDK NIC STATISTICS]
  RX packets (NIC):   7967520843
  RX dropped (HW):    [0m0[0m (imissed)
  RX no mbufs:        [0m0[0m (buffer exhaustion)
  RX errors:          0
  Total drops:        [0m0 (0.00%)[0m
  RX burst calls:     98936469311 (95.0% empty)
  Processed pkts:     7967525534 (100.0% of NIC RX)


╔═══════════════════════════════════════════════════════════════════════╗
║          MIRA DDoS DETECTOR - STATISTICS (MULTI-CORE)                ║
╚═══════════════════════════════════════════════════════════════════════╝

[PACKET COUNTERS - GLOBAL]
  Total packets:      8035639631
  Baseline (10.10.2.x): 3322612315 (41.3%)
  Attack (10.10.3.x): 2875653689 (35.8%)
  TCP packets:        3467365612
  UDP packets:        4281275099
  ICMP packets:       286998920

[INSTANTANEOUS TRAFFIC - Last 5.0 seconds]
  Baseline (10.10.2.x): 26506985 pkts (50.0%)  2338798998 bytes  3.74 Gbps
  Attack (10.10.3.x): 26483318 pkts (50.0%)  8738967371 bytes  13.96 Gbps
  Total throughput:   17.70 Gbps  (avg pkt: 209 bytes)

[CUMULATIVE TRAFFIC - Since first packet (645.0s)]
  Total received:     8035639631 pkts (12.46 Mpps) | 19.51 Gbps | 1573398415398 bytes

[ATTACK-SPECIFIC COUNTERS]
  SYN packets:        944726421
  SYN-ACK packets:    472362870
  SYN/ACK ratio:      2.00
  HTTP requests:      1582996308
  DNS queries:        588338378

[PROTOCOL-SPECIFIC COUNTERS - CIC-DDoS-2019 Features]
  NTP Amplification:
    Monlist queries:  6328
    Responses:        0  (avg size: 0 bytes)
  DNS Amplification:
    ANY queries:      0
    TXT queries:      0
    Responses:        588334637  (avg size: 108 bytes)
  SNMP Amplification:
    GetBulk requests: 0
    Responses:        0  (avg size: 0 bytes)
  SSDP:
    M-SEARCH packets: 0
    Responses:        44596
  PortMapper:
    GETPORT calls:    43994
    DUMP calls:       0
  NetBIOS:
    Name queries:     49022
    Datagram packets: 44127
  LDAP:
    Bind requests:    0
    Search requests:  44570
  MSSQL:
    SQLBatch packets: 42862
    RPC packets:      0
  TFTP:
    RRQ (read) pkts:  0
    WRQ (write) pkts: 0

[ATTACK DETECTIONS - Cumulative Events]
  UDP flood events:   7718
  UDP-lag events:     41
  SYN flood events:   0
  HTTP flood events:  0
  ICMP flood events:  0
  DNS amp events:     0
  NTP amp events:     0
  SNMP amp events:    0
  SSDP events:        0
  PortMap events:     0
  NetBIOS events:     0
  LDAP events:        0
  MSSQL events:       0
  TFTP events:        0
  ACK flood events:   0
  Frag attack events: 0
  Heavy-hitter events:9948 (OctoSketch per-IP detection)
  Packet flood events:0
  (Note: Events count IPs exceeding thresholds per 50ms window)

[ALERT STATUS]
  Alert level:        [1;31mHIGH[0m
  Reason:             [1;31mHEAVY-HITTER: 10.10.3.114 @ 27255 pps | TREND: attack rising (+1423376/250ms) | [0m

[MULTI-LF (2025) COMPARISON]
=== Detection Performance vs ML-Based System ===

  First Detection Latency:   1606.50 ms (vs MULTI-LF: 866 ms)
    Improvement:             0.5× faster

  Packets until detection:   874838481
  Bytes until detection:     111437274657 (106274.87 MB)

[OCTOSKETCH METRICS - Optimized Architecture]
=== Per-Worker Sketches + Sampling (1/32 packets) ===

  Architecture:              Per-worker (NO atomics, NO contention)
  Total sketch memory:       8961 KB (14 workers × 640.1 KB)
  Sampling rate:             1 in 32 packets (3.1% overhead)
  Attack traffic sampled:    25608032 updates
  Estimated attack packets:  819457024 (×32 sampling factor)
  Sketch overhead:           ~1.56% of fast-path cycles
  Memory efficiency:         O(1) constant, 640.1 KB per worker

[OCTOSKETCH HEAVY-HITTER DETECTION]
=== Top Attackers (per-IP tracking via Count-Min Sketch) ===

  Heavy-hitter threshold:    5000 pps per IP
  Heavy-hitters detected:    5 IPs exceeding threshold
  Total HH detections:       9948 events

  Top 5 Attackers (estimated counts, ×32 sampling):
    #1: 10.10.3.114 - 132032 pkts (26373 pps) [HEAVY-HITTER]
    #2: 10.10.3.60 - 131840 pkts (26335 pps) [HEAVY-HITTER]
    #3: 10.10.3.33 - 131680 pkts (26303 pps) [HEAVY-HITTER]
    #4: 10.10.3.126 - 131552 pkts (26278 pps) [HEAVY-HITTER]
    #5: 10.10.3.196 - 131552 pkts (26278 pps) [HEAVY-HITTER]

[RING BUFFER + MULTI-SCALE FEATURES]
=== Temporal Analysis (last 100 windows = 5.0 sec) ===

  Windows processed:         12097
  Buffer utilization:        100/100 (100.0%)
  Running baseline (ML):     14135231 pps (for ML features only)
  Detection mode:            FIXED THRESHOLDS

  [Temporal Features - Last Window]
    Delta PPS (250ms):       +1423376
    Delta PPS (500ms):       +2848170
    PPS Variance:            2697804120064
    Ratio vs Baseline:       1.87x

  [Multi-Scale Features]
    Top IP (50ms):           396 pps
    Top IP (1s):             26528 pps
    Top IP (1min):           2404 pps
    Burst Ratio (50ms/1min): 0.16x
    IP Concentration:        0.7%

[MULTIPLE DETECTION STATISTICS]
=== Aggregate Detection Analysis ===

  Total detection events:    7718
  Average detection latency: 69.63 ms
  Min detection latency:     53.72 ms
  Max detection latency:     115805.37 ms
  Latency range:             115751.65 ms

  Detection Latency Histogram:
    < 20 ms:  0 detections (0.0%)
    20-30 ms: 0 detections (0.0%)
    30-40 ms: 0 detections (0.0%)
    40-50 ms: 0 detections (0.0%)
    > 50 ms:  7717 detections (100.0%)

[PERFORMANCE METRICS]
  Throughput:         17.70 Gbps (10.58 Mpps)
  Cycles available:   282 cycles/pkt (lower = higher load)
  Active IPs:         0
  Worker threads:     14 (lcores 1-14)

[DPDK NIC STATISTICS]
  RX packets (NIC):   8035634885
  RX dropped (HW):    [0m0[0m (imissed)
  RX no mbufs:        [0m0[0m (buffer exhaustion)
  RX errors:          0
  Total drops:        [0m0 (0.00%)[0m
  RX burst calls:     99535393240 (95.0% empty)
  Processed pkts:     8035639631 (100.0% of NIC RX)


╔═══════════════════════════════════════════════════════════════════════╗
║          MIRA DDoS DETECTOR - STATISTICS (MULTI-CORE)                ║
╚═══════════════════════════════════════════════════════════════════════╝

[PACKET COUNTERS - GLOBAL]
  Total packets:      8103794652
  Baseline (10.10.2.x): 3349133611 (41.3%)
  Attack (10.10.3.x): 2902158064 (35.8%)
  TCP packets:        3498600618
  UDP packets:        4315878833
  ICMP packets:       289315201

[INSTANTANEOUS TRAFFIC - Last 5.0 seconds]
  Baseline (10.10.2.x): 28426795 pkts (51.8%)  2340169856 bytes  3.74 Gbps
  Attack (10.10.3.x): 26503816 pkts (48.2%)  8745994366 bytes  13.97 Gbps
  Total throughput:   17.70 Gbps  (avg pkt: 202 bytes)

[CUMULATIVE TRAFFIC - Since first packet (650.0s)]
  Total received:     8103794652 pkts (12.47 Mpps) | 19.54 Gbps | 1587394238885 bytes

[ATTACK-SPECIFIC COUNTERS]
  SYN packets:        952882361
  SYN-ACK packets:    476440721
  SYN/ACK ratio:      2.00
  HTTP requests:      1599912857
  DNS queries:        591464471

[PROTOCOL-SPECIFIC COUNTERS - CIC-DDoS-2019 Features]
  NTP Amplification:
    Monlist queries:  6387
    Responses:        0  (avg size: 0 bytes)
  DNS Amplification:
    ANY queries:      0
    TXT queries:      0
    Responses:        591461050  (avg size: 108 bytes)
  SNMP Amplification:
    GetBulk requests: 0
    Responses:        0  (avg size: 0 bytes)
  SSDP:
    M-SEARCH packets: 0
    Responses:        44975
  PortMapper:
    GETPORT calls:    44387
    DUMP calls:       0
  NetBIOS:
    Name queries:     49477
    Datagram packets: 44537
  LDAP:
    Bind requests:    0
    Search requests:  44979
  MSSQL:
    SQLBatch packets: 43250
    RPC packets:      0
  TFTP:
    RRQ (read) pkts:  0
    WRQ (write) pkts: 0

[ATTACK DETECTIONS - Cumulative Events]
  UDP flood events:   7718
  UDP-lag events:     41
  SYN flood events:   0
  HTTP flood events:  0
  ICMP flood events:  0
  DNS amp events:     0
  NTP amp events:     0
  SNMP amp events:    0
  SSDP events:        0
  PortMap events:     0
  NetBIOS events:     0
  LDAP events:        0
  MSSQL events:       0
  TFTP events:        0
  ACK flood events:   0
  Frag attack events: 0
  Heavy-hitter events:10040 (OctoSketch per-IP detection)
  Packet flood events:0
  (Note: Events count IPs exceeding thresholds per 50ms window)

[ALERT STATUS]
  Alert level:        [1;31mHIGH[0m
  Reason:             [1;31mHEAVY-HITTER: 10.10.3.56 @ 27647 pps | TREND: attack rising (+1425116/250ms) | [0m

[MULTI-LF (2025) COMPARISON]
=== Detection Performance vs ML-Based System ===

  First Detection Latency:   1606.50 ms (vs MULTI-LF: 866 ms)
    Improvement:             0.5× faster

  Packets until detection:   874838481
  Bytes until detection:     111437274657 (106274.87 MB)

[OCTOSKETCH METRICS - Optimized Architecture]
=== Per-Worker Sketches + Sampling (1/32 packets) ===

  Architecture:              Per-worker (NO atomics, NO contention)
  Total sketch memory:       8961 KB (14 workers × 640.1 KB)
  Sampling rate:             1 in 32 packets (3.1% overhead)
  Attack traffic sampled:    25623648 updates
  Estimated attack packets:  819956736 (×32 sampling factor)
  Sketch overhead:           ~1.56% of fast-path cycles
  Memory efficiency:         O(1) constant, 640.1 KB per worker

[OCTOSKETCH HEAVY-HITTER DETECTION]
=== Top Attackers (per-IP tracking via Count-Min Sketch) ===

  Heavy-hitter threshold:    5000 pps per IP
  Heavy-hitters detected:    5 IPs exceeding threshold
  Total HH detections:       10040 events

  Top 5 Attackers (estimated counts, ×32 sampling):
    #1: 10.10.3.56 - 134016 pkts (26753 pps) [HEAVY-HITTER]
    #2: 10.10.3.126 - 133728 pkts (26695 pps) [HEAVY-HITTER]
    #3: 10.10.3.40 - 132928 pkts (26536 pps) [HEAVY-HITTER]
    #4: 10.10.3.28 - 132800 pkts (26510 pps) [HEAVY-HITTER]
    #5: 10.10.3.47 - 131840 pkts (26319 pps) [HEAVY-HITTER]

[RING BUFFER + MULTI-SCALE FEATURES]
=== Temporal Analysis (last 100 windows = 5.0 sec) ===

  Windows processed:         12189
  Buffer utilization:        100/100 (100.0%)
  Running baseline (ML):     14138088 pps (for ML features only)
  Detection mode:            FIXED THRESHOLDS

  [Temporal Features - Last Window]
    Delta PPS (250ms):       +1425116
    Delta PPS (500ms):       +2852632
    PPS Variance:            2705051353088
    Ratio vs Baseline:       1.87x

  [Multi-Scale Features]
    Top IP (50ms):           436 pps
    Top IP (1s):             15168 pps
    Top IP (1min):           4701 pps
    Burst Ratio (50ms/1min): 0.09x
    IP Concentration:        0.8%

[MULTIPLE DETECTION STATISTICS]
=== Aggregate Detection Analysis ===

  Total detection events:    7718
  Average detection latency: 69.63 ms
  Min detection latency:     53.72 ms
  Max detection latency:     115805.37 ms
  Latency range:             115751.65 ms

  Detection Latency Histogram:
    < 20 ms:  0 detections (0.0%)
    20-30 ms: 0 detections (0.0%)
    30-40 ms: 0 detections (0.0%)
    40-50 ms: 0 detections (0.0%)
    > 50 ms:  7717 detections (100.0%)

[PERFORMANCE METRICS]
  Throughput:         17.70 Gbps (10.97 Mpps)
  Cycles available:   273 cycles/pkt (lower = higher load)
  Active IPs:         0
  Worker threads:     14 (lcores 1-14)

[DPDK NIC STATISTICS]
  RX packets (NIC):   8103789902
  RX dropped (HW):    [0m0[0m (imissed)
  RX no mbufs:        [0m0[0m (buffer exhaustion)
  RX errors:          0
  Total drops:        [0m0 (0.00%)[0m
  RX burst calls:     100134878007 (94.9% empty)
  Processed pkts:     8103794652 (100.0% of NIC RX)


╔═══════════════════════════════════════════════════════════════════════╗
║          MIRA DDoS DETECTOR - STATISTICS (MULTI-CORE)                ║
╚═══════════════════════════════════════════════════════════════════════╝

[PACKET COUNTERS - GLOBAL]
  Total packets:      8171923494
  Baseline (10.10.2.x): 3375643407 (41.3%)
  Attack (10.10.3.x): 2928654777 (35.8%)
  TCP packets:        3529829811
  UDP packets:        4350463605
  ICMP packets:       291630078

[INSTANTANEOUS TRAFFIC - Last 5.0 seconds]
  Baseline (10.10.2.x): 28431097 pkts (50.0%)  2338950098 bytes  3.74 Gbps
  Attack (10.10.3.x): 28411582 pkts (50.0%)  9374630578 bytes  14.98 Gbps
  Total throughput:   18.71 Gbps  (avg pkt: 206 bytes)

[CUMULATIVE TRAFFIC - Since first packet (655.0s)]
  Total received:     8171923494 pkts (12.48 Mpps) | 19.56 Gbps | 1601384917872 bytes

[ATTACK-SPECIFIC COUNTERS]
  SYN packets:        961036246
  SYN-ACK packets:    480517710
  SYN/ACK ratio:      2.00
  HTTP requests:      1616829758
  DNS queries:        594585318

[PROTOCOL-SPECIFIC COUNTERS - CIC-DDoS-2019 Features]
  NTP Amplification:
    Monlist queries:  6444
    Responses:        0  (avg size: 0 bytes)
  DNS Amplification:
    ANY queries:      0
    TXT queries:      0
    Responses:        594581864  (avg size: 108 bytes)
  SNMP Amplification:
    GetBulk requests: 0
    Responses:        0  (avg size: 0 bytes)
  SSDP:
    M-SEARCH packets: 0
    Responses:        45397
  PortMapper:
    GETPORT calls:    44797
    DUMP calls:       0
  NetBIOS:
    Name queries:     49926
    Datagram packets: 44939
  LDAP:
    Bind requests:    0
    Search requests:  45396
  MSSQL:
    SQLBatch packets: 43655
    RPC packets:      0
  TFTP:
    RRQ (read) pkts:  0
    WRQ (write) pkts: 0

[ATTACK DETECTIONS - Cumulative Events]
  UDP flood events:   7718
  UDP-lag events:     41
  SYN flood events:   0
  HTTP flood events:  0
  ICMP flood events:  0
  DNS amp events:     0
  NTP amp events:     0
  SNMP amp events:    0
  SSDP events:        0
  PortMap events:     0
  NetBIOS events:     0
  LDAP events:        0
  MSSQL events:       0
  TFTP events:        0
  ACK flood events:   0
  Frag attack events: 0
  Heavy-hitter events:10132 (OctoSketch per-IP detection)
  Packet flood events:0
  (Note: Events count IPs exceeding thresholds per 50ms window)

[ALERT STATUS]
  Alert level:        [1;31mHIGH[0m
  Reason:             [1;31mHEAVY-HITTER: 10.10.3.67 @ 27611 pps | TREND: attack rising (+1429466/250ms) | [0m

[MULTI-LF (2025) COMPARISON]
=== Detection Performance vs ML-Based System ===

  First Detection Latency:   1606.50 ms (vs MULTI-LF: 866 ms)
    Improvement:             0.5× faster

  Packets until detection:   874838481
  Bytes until detection:     111437274657 (106274.87 MB)

[OCTOSKETCH METRICS - Optimized Architecture]
=== Per-Worker Sketches + Sampling (1/32 packets) ===

  Architecture:              Per-worker (NO atomics, NO contention)
  Total sketch memory:       8961 KB (14 workers × 640.1 KB)
  Sampling rate:             1 in 32 packets (3.1% overhead)
  Attack traffic sampled:    25619712 updates
  Estimated attack packets:  819830784 (×32 sampling factor)
  Sketch overhead:           ~1.56% of fast-path cycles
  Memory efficiency:         O(1) constant, 640.1 KB per worker

[OCTOSKETCH HEAVY-HITTER DETECTION]
=== Top Attackers (per-IP tracking via Count-Min Sketch) ===

  Heavy-hitter threshold:    5000 pps per IP
  Heavy-hitters detected:    5 IPs exceeding threshold
  Total HH detections:       10132 events

  Top 5 Attackers (estimated counts, ×32 sampling):
    #1: 10.10.3.67 - 133792 pkts (26717 pps) [HEAVY-HITTER]
    #2: 10.10.3.62 - 132736 pkts (26507 pps) [HEAVY-HITTER]
    #3: 10.10.3.164 - 132576 pkts (26475 pps) [HEAVY-HITTER]
    #4: 10.10.3.17 - 132384 pkts (26436 pps) [HEAVY-HITTER]
    #5: 10.10.3.101 - 132384 pkts (26436 pps) [HEAVY-HITTER]

[RING BUFFER + MULTI-SCALE FEATURES]
=== Temporal Analysis (last 100 windows = 5.0 sec) ===

  Windows processed:         12281
  Buffer utilization:        100/100 (100.0%)
  Running baseline (ML):     15879477 pps (for ML features only)
  Detection mode:            FIXED THRESHOLDS

  [Temporal Features - Last Window]
    Delta PPS (250ms):       +1429466
    Delta PPS (500ms):       +2853876
    PPS Variance:            2698130751488
    Ratio vs Baseline:       1.78x

  [Multi-Scale Features]
    Top IP (50ms):           396 pps
    Top IP (1s):             1920 pps
    Top IP (1min):           6959 pps
    Burst Ratio (50ms/1min): 0.06x
    IP Concentration:        0.7%

[MULTIPLE DETECTION STATISTICS]
=== Aggregate Detection Analysis ===

  Total detection events:    7718
  Average detection latency: 69.63 ms
  Min detection latency:     53.72 ms
  Max detection latency:     115805.37 ms
  Latency range:             115751.65 ms

  Detection Latency Histogram:
    < 20 ms:  0 detections (0.0%)
    20-30 ms: 0 detections (0.0%)
    30-40 ms: 0 detections (0.0%)
    40-50 ms: 0 detections (0.0%)
    > 50 ms:  7717 detections (100.0%)

[PERFORMANCE METRICS]
  Throughput:         18.71 Gbps (11.35 Mpps)
  Cycles available:   263 cycles/pkt (lower = higher load)
  Active IPs:         0
  Worker threads:     14 (lcores 1-14)

[DPDK NIC STATISTICS]
  RX packets (NIC):   8171918917
  RX dropped (HW):    [0m0[0m (imissed)
  RX no mbufs:        [0m0[0m (buffer exhaustion)
  RX errors:          0
  Total drops:        [0m0 (0.00%)[0m
  RX burst calls:     100735998067 (94.9% empty)
  Processed pkts:     8171923494 (100.0% of NIC RX)


╔═══════════════════════════════════════════════════════════════════════╗
║          MIRA DDoS DETECTOR - STATISTICS (MULTI-CORE)                ║
╚═══════════════════════════════════════════════════════════════════════╝

[PACKET COUNTERS - GLOBAL]
  Total packets:      8240052495
  Baseline (10.10.2.x): 3402155742 (41.3%)
  Attack (10.10.3.x): 2955148466 (35.9%)
  TCP packets:        3561052373
  UDP packets:        4385052523
  ICMP packets:       293947599

[INSTANTANEOUS TRAFFIC - Last 5.0 seconds]
  Baseline (10.10.2.x): 30353884 pkts (50.0%)  2339628469 bytes  3.74 Gbps
  Attack (10.10.3.x): 30321044 pkts (50.0%)  8742203381 bytes  13.97 Gbps
  Total throughput:   17.71 Gbps  (avg pkt: 183 bytes)

[CUMULATIVE TRAFFIC - Since first packet (660.1s)]
  Total received:     8240052495 pkts (12.48 Mpps) | 19.58 Gbps | 1615375109843 bytes

[ATTACK-SPECIFIC COUNTERS]
  SYN packets:        969189246
  SYN-ACK packets:    484594192
  SYN/ACK ratio:      2.00
  HTTP requests:      1633738960
  DNS queries:        597709435

[PROTOCOL-SPECIFIC COUNTERS - CIC-DDoS-2019 Features]
  NTP Amplification:
    Monlist queries:  6504
    Responses:        0  (avg size: 0 bytes)
  DNS Amplification:
    ANY queries:      0
    TXT queries:      0
    Responses:        597705886  (avg size: 108 bytes)
  SNMP Amplification:
    GetBulk requests: 0
    Responses:        0  (avg size: 0 bytes)
  SSDP:
    M-SEARCH packets: 0
    Responses:        45824
  PortMapper:
    GETPORT calls:    45209
    DUMP calls:       0
  NetBIOS:
    Name queries:     50377
    Datagram packets: 45340
  LDAP:
    Bind requests:    0
    Search requests:  45803
  MSSQL:
    SQLBatch packets: 44052
    RPC packets:      0
  TFTP:
    RRQ (read) pkts:  0
    WRQ (write) pkts: 0

[ATTACK DETECTIONS - Cumulative Events]
  UDP flood events:   7718
  UDP-lag events:     41
  SYN flood events:   0
  HTTP flood events:  0
  ICMP flood events:  0
  DNS amp events:     0
  NTP amp events:     0
  SNMP amp events:    0
  SSDP events:        0
  PortMap events:     0
  NetBIOS events:     0
  LDAP events:        0
  MSSQL events:       0
  TFTP events:        0
  ACK flood events:   0
  Frag attack events: 0
  Heavy-hitter events:10224 (OctoSketch per-IP detection)
  Packet flood events:0
  (Note: Events count IPs exceeding thresholds per 50ms window)

[ALERT STATUS]
  Alert level:        [1;31mHIGH[0m
  Reason:             [1;31mHEAVY-HITTER: 10.10.3.37 @ 27666 pps | TREND: attack rising (+1424886/250ms) | [0m

[MULTI-LF (2025) COMPARISON]
=== Detection Performance vs ML-Based System ===

  First Detection Latency:   1606.50 ms (vs MULTI-LF: 866 ms)
    Improvement:             0.5× faster

  Packets until detection:   874838481
  Bytes until detection:     111437274657 (106274.87 MB)

[OCTOSKETCH METRICS - Optimized Architecture]
=== Per-Worker Sketches + Sampling (1/32 packets) ===

  Architecture:              Per-worker (NO atomics, NO contention)
  Total sketch memory:       8961 KB (14 workers × 640.1 KB)
  Sampling rate:             1 in 32 packets (3.1% overhead)
  Attack traffic sampled:    25615968 updates
  Estimated attack packets:  819710976 (×32 sampling factor)
  Sketch overhead:           ~1.56% of fast-path cycles
  Memory efficiency:         O(1) constant, 640.1 KB per worker

[OCTOSKETCH HEAVY-HITTER DETECTION]
=== Top Attackers (per-IP tracking via Count-Min Sketch) ===

  Heavy-hitter threshold:    5000 pps per IP
  Heavy-hitters detected:    5 IPs exceeding threshold
  Total HH detections:       10224 events

  Top 5 Attackers (estimated counts, ×32 sampling):
    #1: 10.10.3.37 - 134048 pkts (26771 pps) [HEAVY-HITTER]
    #2: 10.10.3.119 - 133536 pkts (26668 pps) [HEAVY-HITTER]
    #3: 10.10.3.131 - 133056 pkts (26572 pps) [HEAVY-HITTER]
    #4: 10.10.3.103 - 132960 pkts (26553 pps) [HEAVY-HITTER]
    #5: 10.10.3.171 - 132288 pkts (26419 pps) [HEAVY-HITTER]

[RING BUFFER + MULTI-SCALE FEATURES]
=== Temporal Analysis (last 100 windows = 5.0 sec) ===

  Windows processed:         12373
  Buffer utilization:        100/100 (100.0%)
  Running baseline (ML):     17770768 pps (for ML features only)
  Detection mode:            FIXED THRESHOLDS

  [Temporal Features - Last Window]
    Delta PPS (250ms):       +1424886
    Delta PPS (500ms):       +2850672
    PPS Variance:            2703703408640
    Ratio vs Baseline:       1.70x

  [Multi-Scale Features]
    Top IP (50ms):           396 pps
    Top IP (1s):             20736 pps
    Top IP (1min):           9178 pps
    Burst Ratio (50ms/1min): 0.04x
    IP Concentration:        0.7%

[MULTIPLE DETECTION STATISTICS]
=== Aggregate Detection Analysis ===

  Total detection events:    7718
  Average detection latency: 69.63 ms
  Min detection latency:     53.72 ms
  Max detection latency:     115805.37 ms
  Latency range:             115751.65 ms

  Detection Latency Histogram:
    < 20 ms:  0 detections (0.0%)
    20-30 ms: 0 detections (0.0%)
    30-40 ms: 0 detections (0.0%)
    40-50 ms: 0 detections (0.0%)
    > 50 ms:  7717 detections (100.0%)

[PERFORMANCE METRICS]
  Throughput:         17.71 Gbps (12.12 Mpps)
  Cycles available:   247 cycles/pkt (lower = higher load)
  Active IPs:         0
  Worker threads:     14 (lcores 1-14)

[DPDK NIC STATISTICS]
  RX packets (NIC):   8240047784
  RX dropped (HW):    [0m0[0m (imissed)
  RX no mbufs:        [0m0[0m (buffer exhaustion)
  RX errors:          0
  Total drops:        [0m0 (0.00%)[0m
  RX burst calls:     101333183559 (94.9% empty)
  Processed pkts:     8240052495 (100.0% of NIC RX)


╔═══════════════════════════════════════════════════════════════════════╗
║          MIRA DDoS DETECTOR - STATISTICS (MULTI-CORE)                ║
╚═══════════════════════════════════════════════════════════════════════╝

[PACKET COUNTERS - GLOBAL]
  Total packets:      8308190982
  Baseline (10.10.2.x): 3428670037 (41.3%)
  Attack (10.10.3.x): 2981648969 (35.9%)
  TCP packets:        3592281956
  UDP packets:        4419644407
  ICMP packets:       296264619

[INSTANTANEOUS TRAFFIC - Last 5.0 seconds]
  Baseline (10.10.2.x): 26513843 pkts (50.0%)  2339634090 bytes  3.74 Gbps
  Attack (10.10.3.x): 26499956 pkts (50.0%)  8744612675 bytes  13.97 Gbps
  Total throughput:   17.70 Gbps  (avg pkt: 209 bytes)

[CUMULATIVE TRAFFIC - Since first packet (665.1s)]
  Total received:     8308190982 pkts (12.49 Mpps) | 19.60 Gbps | 1629368251183 bytes

[ATTACK-SPECIFIC COUNTERS]
  SYN packets:        977343595
  SYN-ACK packets:    488671372
  SYN/ACK ratio:      2.00
  HTTP requests:      1650653216
  DNS queries:        600831738

[PROTOCOL-SPECIFIC COUNTERS - CIC-DDoS-2019 Features]
  NTP Amplification:
    Monlist queries:  6562
    Responses:        0  (avg size: 0 bytes)
  DNS Amplification:
    ANY queries:      0
    TXT queries:      0
    Responses:        600828000  (avg size: 108 bytes)
  SNMP Amplification:
    GetBulk requests: 0
    Responses:        0  (avg size: 0 bytes)
  SSDP:
    M-SEARCH packets: 0
    Responses:        46207
  PortMapper:
    GETPORT calls:    45604
    DUMP calls:       0
  NetBIOS:
    Name queries:     50830
    Datagram packets: 45758
  LDAP:
    Bind requests:    0
    Search requests:  46217
  MSSQL:
    SQLBatch packets: 44437
    RPC packets:      0
  TFTP:
    RRQ (read) pkts:  0
    WRQ (write) pkts: 0

[ATTACK DETECTIONS - Cumulative Events]
  UDP flood events:   7718
  UDP-lag events:     41
  SYN flood events:   0
  HTTP flood events:  0
  ICMP flood events:  0
  DNS amp events:     0
  NTP amp events:     0
  SNMP amp events:    0
  SSDP events:        0
  PortMap events:     0
  NetBIOS events:     0
  LDAP events:        0
  MSSQL events:       0
  TFTP events:        0
  ACK flood events:   0
  Frag attack events: 0
  Heavy-hitter events:10316 (OctoSketch per-IP detection)
  Packet flood events:0
  (Note: Events count IPs exceeding thresholds per 50ms window)

[ALERT STATUS]
  Alert level:        [1;31mHIGH[0m
  Reason:             [1;31mHEAVY-HITTER: 10.10.3.76 @ 27625 pps | TREND: attack rising (+1426804/250ms) | [0m

[MULTI-LF (2025) COMPARISON]
=== Detection Performance vs ML-Based System ===

  First Detection Latency:   1606.50 ms (vs MULTI-LF: 866 ms)
    Improvement:             0.5× faster

  Packets until detection:   874838481
  Bytes until detection:     111437274657 (106274.87 MB)

[OCTOSKETCH METRICS - Optimized Architecture]
=== Per-Worker Sketches + Sampling (1/32 packets) ===

  Architecture:              Per-worker (NO atomics, NO contention)
  Total sketch memory:       8961 KB (14 workers × 640.1 KB)
  Sampling rate:             1 in 32 packets (3.1% overhead)
  Attack traffic sampled:    25624064 updates
  Estimated attack packets:  819970048 (×32 sampling factor)
  Sketch overhead:           ~1.56% of fast-path cycles
  Memory efficiency:         O(1) constant, 640.1 KB per worker

[OCTOSKETCH HEAVY-HITTER DETECTION]
=== Top Attackers (per-IP tracking via Count-Min Sketch) ===

  Heavy-hitter threshold:    5000 pps per IP
  Heavy-hitters detected:    5 IPs exceeding threshold
  Total HH detections:       10316 events

  Top 5 Attackers (estimated counts, ×32 sampling):
    #1: 10.10.3.76 - 133888 pkts (26732 pps) [HEAVY-HITTER]
    #2: 10.10.3.55 - 133728 pkts (26700 pps) [HEAVY-HITTER]
    #3: 10.10.3.191 - 133152 pkts (26585 pps) [HEAVY-HITTER]
    #4: 10.10.3.57 - 132736 pkts (26502 pps) [HEAVY-HITTER]
    #5: 10.10.3.160 - 132416 pkts (26438 pps) [HEAVY-HITTER]

[RING BUFFER + MULTI-SCALE FEATURES]
=== Temporal Analysis (last 100 windows = 5.0 sec) ===

  Windows processed:         12465
  Buffer utilization:        100/100 (100.0%)
  Running baseline (ML):     14443520 pps (for ML features only)
  Detection mode:            FIXED THRESHOLDS

  [Temporal Features - Last Window]
    Delta PPS (250ms):       +1426804
    Delta PPS (500ms):       +2853590
    PPS Variance:            2704917659648
    Ratio vs Baseline:       1.83x

  [Multi-Scale Features]
    Top IP (50ms):           383 pps
    Top IP (1s):             8288 pps
    Top IP (1min):           11414 pps
    Burst Ratio (50ms/1min): 0.03x
    IP Concentration:        0.7%

[MULTIPLE DETECTION STATISTICS]
=== Aggregate Detection Analysis ===

  Total detection events:    7718
  Average detection latency: 69.63 ms
  Min detection latency:     53.72 ms
  Max detection latency:     115805.37 ms
  Latency range:             115751.65 ms

  Detection Latency Histogram:
    < 20 ms:  0 detections (0.0%)
    20-30 ms: 0 detections (0.0%)
    30-40 ms: 0 detections (0.0%)
    40-50 ms: 0 detections (0.0%)
    > 50 ms:  7717 detections (100.0%)

[PERFORMANCE METRICS]
  Throughput:         17.70 Gbps (10.58 Mpps)
  Cycles available:   282 cycles/pkt (lower = higher load)
  Active IPs:         0
  Worker threads:     14 (lcores 1-14)

[DPDK NIC STATISTICS]
  RX packets (NIC):   8308186496
  RX dropped (HW):    [0m0[0m (imissed)
  RX no mbufs:        [0m0[0m (buffer exhaustion)
  RX errors:          0
  Total drops:        [0m0 (0.00%)[0m
  RX burst calls:     101934526980 (94.9% empty)
  Processed pkts:     8308190982 (100.0% of NIC RX)


╔═══════════════════════════════════════════════════════════════════════╗
║          MIRA DDoS DETECTOR - STATISTICS (MULTI-CORE)                ║
╚═══════════════════════════════════════════════════════════════════════╝

[PACKET COUNTERS - GLOBAL]
  Total packets:      8376331770
  Baseline (10.10.2.x): 3455187964 (41.2%)
  Attack (10.10.3.x): 3008143271 (35.9%)
  TCP packets:        3623514039
  UDP packets:        4454236830
  ICMP packets:       298580901

[INSTANTANEOUS TRAFFIC - Last 5.0 seconds]
  Baseline (10.10.2.x): 26517335 pkts (50.0%)  2339719527 bytes  3.74 Gbps
  Attack (10.10.3.x): 26493687 pkts (50.0%)  8741941499 bytes  13.97 Gbps
  Total throughput:   17.70 Gbps  (avg pkt: 209 bytes)

[CUMULATIVE TRAFFIC - Since first packet (670.1s)]
  Total received:     8376331770 pkts (12.50 Mpps) | 19.62 Gbps | 1643359508811 bytes

[ATTACK-SPECIFIC COUNTERS]
  SYN packets:        985498663
  SYN-ACK packets:    492748959
  SYN/ACK ratio:      2.00
  HTTP requests:      1667569653
  DNS queries:        603957810

[PROTOCOL-SPECIFIC COUNTERS - CIC-DDoS-2019 Features]
  NTP Amplification:
    Monlist queries:  6618
    Responses:        0  (avg size: 0 bytes)
  DNS Amplification:
    ANY queries:      0
    TXT queries:      0
    Responses:        603953918  (avg size: 108 bytes)
  SNMP Amplification:
    GetBulk requests: 0
    Responses:        0  (avg size: 0 bytes)
  SSDP:
    M-SEARCH packets: 0
    Responses:        46628
  PortMapper:
    GETPORT calls:    46012
    DUMP calls:       0
  NetBIOS:
    Name queries:     51283
    Datagram packets: 46158
  LDAP:
    Bind requests:    0
    Search requests:  46628
  MSSQL:
    SQLBatch packets: 44836
    RPC packets:      0
  TFTP:
    RRQ (read) pkts:  0
    WRQ (write) pkts: 0

[ATTACK DETECTIONS - Cumulative Events]
  UDP flood events:   7718
  UDP-lag events:     41
  SYN flood events:   0
  HTTP flood events:  0
  ICMP flood events:  0
  DNS amp events:     0
  NTP amp events:     0
  SNMP amp events:    0
  SSDP events:        0
  PortMap events:     0
  NetBIOS events:     0
  LDAP events:        0
  MSSQL events:       0
  TFTP events:        0
  ACK flood events:   0
  Frag attack events: 0
  Heavy-hitter events:10408 (OctoSketch per-IP detection)
  Packet flood events:0
  (Note: Events count IPs exceeding thresholds per 50ms window)

[ALERT STATUS]
  Alert level:        [1;31mHIGH[0m
  Reason:             [1;31mHEAVY-HITTER: 10.10.3.78 @ 28079 pps | TREND: attack rising (+1424236/250ms) | [0m

[MULTI-LF (2025) COMPARISON]
=== Detection Performance vs ML-Based System ===

  First Detection Latency:   1606.50 ms (vs MULTI-LF: 866 ms)
    Improvement:             0.5× faster

  Packets until detection:   874838481
  Bytes until detection:     111437274657 (106274.87 MB)

[OCTOSKETCH METRICS - Optimized Architecture]
=== Per-Worker Sketches + Sampling (1/32 packets) ===

  Architecture:              Per-worker (NO atomics, NO contention)
  Total sketch memory:       8961 KB (14 workers × 640.1 KB)
  Sampling rate:             1 in 32 packets (3.1% overhead)
  Attack traffic sampled:    25616608 updates
  Estimated attack packets:  819731456 (×32 sampling factor)
  Sketch overhead:           ~1.56% of fast-path cycles
  Memory efficiency:         O(1) constant, 640.1 KB per worker

[OCTOSKETCH HEAVY-HITTER DETECTION]
=== Top Attackers (per-IP tracking via Count-Min Sketch) ===

  Heavy-hitter threshold:    5000 pps per IP
  Heavy-hitters detected:    5 IPs exceeding threshold
  Total HH detections:       10408 events

  Top 5 Attackers (estimated counts, ×32 sampling):
    #1: 10.10.3.78 - 136064 pkts (27170 pps) [HEAVY-HITTER]
    #2: 10.10.3.70 - 133472 pkts (26653 pps) [HEAVY-HITTER]
    #3: 10.10.3.156 - 132992 pkts (26557 pps) [HEAVY-HITTER]
    #4: 10.10.3.122 - 132960 pkts (26551 pps) [HEAVY-HITTER]
    #5: 10.10.3.32 - 132608 pkts (26480 pps) [HEAVY-HITTER]

[RING BUFFER + MULTI-SCALE FEATURES]
=== Temporal Analysis (last 100 windows = 5.0 sec) ===

  Windows processed:         12557
  Buffer utilization:        100/100 (100.0%)
  Running baseline (ML):     14134322 pps (for ML features only)
  Detection mode:            FIXED THRESHOLDS

  [Temporal Features - Last Window]
    Delta PPS (250ms):       +1424236
    Delta PPS (500ms):       +2850212
    PPS Variance:            2704629039104
    Ratio vs Baseline:       1.87x

  [Multi-Scale Features]
    Top IP (50ms):           436 pps
    Top IP (1s):             26240 pps
    Top IP (1min):           13590 pps
    Burst Ratio (50ms/1min): 0.03x
    IP Concentration:        0.8%

[MULTIPLE DETECTION STATISTICS]
=== Aggregate Detection Analysis ===

  Total detection events:    7718
  Average detection latency: 69.63 ms
  Min detection latency:     53.72 ms
  Max detection latency:     115805.37 ms
  Latency range:             115751.65 ms

  Detection Latency Histogram:
    < 20 ms:  0 detections (0.0%)
    20-30 ms: 0 detections (0.0%)
    30-40 ms: 0 detections (0.0%)
    40-50 ms: 0 detections (0.0%)
    > 50 ms:  7717 detections (100.0%)

[PERFORMANCE METRICS]
  Throughput:         17.70 Gbps (10.59 Mpps)
  Cycles available:   282 cycles/pkt (lower = higher load)
  Active IPs:         0
  Worker threads:     14 (lcores 1-14)

[DPDK NIC STATISTICS]
  RX packets (NIC):   8376327009
  RX dropped (HW):    [0m0[0m (imissed)
  RX no mbufs:        [0m0[0m (buffer exhaustion)
  RX errors:          0
  Total drops:        [0m0 (0.00%)[0m
  RX burst calls:     102533659611 (94.9% empty)
  Processed pkts:     8376331770 (100.0% of NIC RX)


╔═══════════════════════════════════════════════════════════════════════╗
║          MIRA DDoS DETECTOR - STATISTICS (MULTI-CORE)                ║
╚═══════════════════════════════════════════════════════════════════════╝

[PACKET COUNTERS - GLOBAL]
  Total packets:      8444486167
  Baseline (10.10.2.x): 3481712215 (41.2%)
  Attack (10.10.3.x): 3034640280 (35.9%)
  TCP packets:        3654757355
  UDP packets:        4488830726
  ICMP packets:       300898086

[INSTANTANEOUS TRAFFIC - Last 5.0 seconds]
  Baseline (10.10.2.x): 32177871 pkts (53.1%)  2340049195 bytes  3.74 Gbps
  Attack (10.10.3.x): 28410366 pkts (46.9%)  9358259494 bytes  14.95 Gbps
  Total throughput:   18.68 Gbps  (avg pkt: 193 bytes)

[CUMULATIVE TRAFFIC - Since first packet (675.1s)]
  Total received:     8444486167 pkts (12.51 Mpps) | 19.64 Gbps | 1657353709204 bytes

[ATTACK-SPECIFIC COUNTERS]
  SYN packets:        993656062
  SYN-ACK packets:    496827603
  SYN/ACK ratio:      2.00
  HTTP requests:      1684495034
  DNS queries:        607082889

[PROTOCOL-SPECIFIC COUNTERS - CIC-DDoS-2019 Features]
  NTP Amplification:
    Monlist queries:  6677
    Responses:        0  (avg size: 0 bytes)
  DNS Amplification:
    ANY queries:      0
    TXT queries:      0
    Responses:        607079240  (avg size: 108 bytes)
  SNMP Amplification:
    GetBulk requests: 0
    Responses:        0  (avg size: 0 bytes)
  SSDP:
    M-SEARCH packets: 0
    Responses:        47052
  PortMapper:
    GETPORT calls:    46425
    DUMP calls:       0
  NetBIOS:
    Name queries:     51733
    Datagram packets: 46556
  LDAP:
    Bind requests:    0
    Search requests:  47037
  MSSQL:
    SQLBatch packets: 45239
    RPC packets:      0
  TFTP:
    RRQ (read) pkts:  0
    WRQ (write) pkts: 0

[ATTACK DETECTIONS - Cumulative Events]
  UDP flood events:   7718
  UDP-lag events:     41
  SYN flood events:   0
  HTTP flood events:  0
  ICMP flood events:  0
  DNS amp events:     0
  NTP amp events:     0
  SNMP amp events:    0
  SSDP events:        0
  PortMap events:     0
  NetBIOS events:     0
  LDAP events:        0
  MSSQL events:       0
  TFTP events:        0
  ACK flood events:   0
  Frag attack events: 0
  Heavy-hitter events:10500 (OctoSketch per-IP detection)
  Packet flood events:0
  (Note: Events count IPs exceeding thresholds per 50ms window)

[ALERT STATUS]
  Alert level:        [1;31mHIGH[0m
  Reason:             [1;31mHEAVY-HITTER: 10.10.3.191 @ 27438 pps | TREND: attack rising (+1422244/250ms) | [0m

[MULTI-LF (2025) COMPARISON]
=== Detection Performance vs ML-Based System ===

  First Detection Latency:   1606.50 ms (vs MULTI-LF: 866 ms)
    Improvement:             0.5× faster

  Packets until detection:   874838481
  Bytes until detection:     111437274657 (106274.87 MB)

[OCTOSKETCH METRICS - Optimized Architecture]
=== Per-Worker Sketches + Sampling (1/32 packets) ===

  Architecture:              Per-worker (NO atomics, NO contention)
  Total sketch memory:       8961 KB (14 workers × 640.1 KB)
  Sampling rate:             1 in 32 packets (3.1% overhead)
  Attack traffic sampled:    25614336 updates
  Estimated attack packets:  819658752 (×32 sampling factor)
  Sketch overhead:           ~1.56% of fast-path cycles
  Memory efficiency:         O(1) constant, 640.1 KB per worker

[OCTOSKETCH HEAVY-HITTER DETECTION]
=== Top Attackers (per-IP tracking via Count-Min Sketch) ===

  Heavy-hitter threshold:    5000 pps per IP
  Heavy-hitters detected:    5 IPs exceeding threshold
  Total HH detections:       10500 events

  Top 5 Attackers (estimated counts, ×32 sampling):
    #1: 10.10.3.191 - 132992 pkts (26551 pps) [HEAVY-HITTER]
    #2: 10.10.3.34 - 132896 pkts (26532 pps) [HEAVY-HITTER]
    #3: 10.10.3.27 - 132800 pkts (26512 pps) [HEAVY-HITTER]
    #4: 10.10.3.69 - 132800 pkts (26512 pps) [HEAVY-HITTER]
    #5: 10.10.3.166 - 132192 pkts (26391 pps) [HEAVY-HITTER]

[RING BUFFER + MULTI-SCALE FEATURES]
=== Temporal Analysis (last 100 windows = 5.0 sec) ===

  Windows processed:         12649
  Buffer utilization:        100/100 (100.0%)
  Running baseline (ML):     15878837 pps (for ML features only)
  Detection mode:            FIXED THRESHOLDS

  [Temporal Features - Last Window]
    Delta PPS (250ms):       +1422244
    Delta PPS (500ms):       +2849664
    PPS Variance:            2701021937664
    Ratio vs Baseline:       1.78x

  [Multi-Scale Features]
    Top IP (50ms):           396 pps
    Top IP (1s):             15136 pps
    Top IP (1min):           15854 pps
    Burst Ratio (50ms/1min): 0.02x
    IP Concentration:        0.7%

[MULTIPLE DETECTION STATISTICS]
=== Aggregate Detection Analysis ===

  Total detection events:    7718
  Average detection latency: 69.63 ms
  Min detection latency:     53.72 ms
  Max detection latency:     115805.37 ms
  Latency range:             115751.65 ms

  Detection Latency Histogram:
    < 20 ms:  0 detections (0.0%)
    20-30 ms: 0 detections (0.0%)
    30-40 ms: 0 detections (0.0%)
    40-50 ms: 0 detections (0.0%)
    > 50 ms:  7717 detections (100.0%)

[PERFORMANCE METRICS]
  Throughput:         18.68 Gbps (12.10 Mpps)
  Cycles available:   247 cycles/pkt (lower = higher load)
  Active IPs:         0
  Worker threads:     14 (lcores 1-14)

[DPDK NIC STATISTICS]
  RX packets (NIC):   8444481541
  RX dropped (HW):    [0m0[0m (imissed)
  RX no mbufs:        [0m0[0m (buffer exhaustion)
  RX errors:          0
  Total drops:        [0m0 (0.00%)[0m
  RX burst calls:     103134501624 (94.9% empty)
  Processed pkts:     8444486167 (100.0% of NIC RX)


╔═══════════════════════════════════════════════════════════════════════╗
║          MIRA DDoS DETECTOR - STATISTICS (MULTI-CORE)                ║
╚═══════════════════════════════════════════════════════════════════════╝

[PACKET COUNTERS - GLOBAL]
  Total packets:      8512627799
  Baseline (10.10.2.x): 3508232387 (41.2%)
  Attack (10.10.3.x): 3061134629 (36.0%)
  TCP packets:        3685992624
  UDP packets:        4523420935
  ICMP packets:       303214240

[INSTANTANEOUS TRAFFIC - Last 5.0 seconds]
  Baseline (10.10.2.x): 26519534 pkts (48.3%)  2506895226 bytes  4.00 Gbps
  Attack (10.10.3.x): 28358298 pkts (51.7%)  9374823368 bytes  14.97 Gbps
  Total throughput:   18.98 Gbps  (avg pkt: 217 bytes)

[CUMULATIVE TRAFFIC - Since first packet (680.1s)]
  Total received:     8512627799 pkts (12.52 Mpps) | 19.66 Gbps | 1671346172135 bytes

[ATTACK-SPECIFIC COUNTERS]
  SYN packets:        1001811612
  SYN-ACK packets:    500905250
  SYN/ACK ratio:      2.00
  HTTP requests:      1701415137
  DNS queries:        610206604

[PROTOCOL-SPECIFIC COUNTERS - CIC-DDoS-2019 Features]
  NTP Amplification:
    Monlist queries:  6736
    Responses:        0  (avg size: 0 bytes)
  DNS Amplification:
    ANY queries:      0
    TXT queries:      0
    Responses:        610202682  (avg size: 108 bytes)
  SNMP Amplification:
    GetBulk requests: 0
    Responses:        0  (avg size: 0 bytes)
  SSDP:
    M-SEARCH packets: 0
    Responses:        47440
  PortMapper:
    GETPORT calls:    46822
    DUMP calls:       0
  NetBIOS:
    Name queries:     52182
    Datagram packets: 46980
  LDAP:
    Bind requests:    0
    Search requests:  47452
  MSSQL:
    SQLBatch packets: 45623
    RPC packets:      0
  TFTP:
    RRQ (read) pkts:  0
    WRQ (write) pkts: 0

[ATTACK DETECTIONS - Cumulative Events]
  UDP flood events:   7718
  UDP-lag events:     41
  SYN flood events:   0
  HTTP flood events:  0
  ICMP flood events:  0
  DNS amp events:     0
  NTP amp events:     0
  SNMP amp events:    0
  SSDP events:        0
  PortMap events:     0
  NetBIOS events:     0
  LDAP events:        0
  MSSQL events:       0
  TFTP events:        0
  ACK flood events:   0
  Frag attack events: 0
  Heavy-hitter events:10592 (OctoSketch per-IP detection)
  Packet flood events:0
  (Note: Events count IPs exceeding thresholds per 50ms window)

[ALERT STATUS]
  Alert level:        [1;31mHIGH[0m
  Reason:             [1;31mHEAVY-HITTER: 10.10.3.100 @ 27600 pps | TREND: attack rising (+1429002/250ms) | [0m

[MULTI-LF (2025) COMPARISON]
=== Detection Performance vs ML-Based System ===

  First Detection Latency:   1606.50 ms (vs MULTI-LF: 866 ms)
    Improvement:             0.5× faster

  Packets until detection:   874838481
  Bytes until detection:     111437274657 (106274.87 MB)

[OCTOSKETCH METRICS - Optimized Architecture]
=== Per-Worker Sketches + Sampling (1/32 packets) ===

  Architecture:              Per-worker (NO atomics, NO contention)
  Total sketch memory:       8961 KB (14 workers × 640.1 KB)
  Sampling rate:             1 in 32 packets (3.1% overhead)
  Attack traffic sampled:    25619040 updates
  Estimated attack packets:  819809280 (×32 sampling factor)
  Sketch overhead:           ~1.56% of fast-path cycles
  Memory efficiency:         O(1) constant, 640.1 KB per worker

[OCTOSKETCH HEAVY-HITTER DETECTION]
=== Top Attackers (per-IP tracking via Count-Min Sketch) ===

  Heavy-hitter threshold:    5000 pps per IP
  Heavy-hitters detected:    5 IPs exceeding threshold
  Total HH detections:       10592 events

  Top 5 Attackers (estimated counts, ×32 sampling):
    #1: 10.10.3.100 - 133760 pkts (26707 pps) [HEAVY-HITTER]
    #2: 10.10.3.128 - 133632 pkts (26682 pps) [HEAVY-HITTER]
    #3: 10.10.3.193 - 132992 pkts (26554 pps) [HEAVY-HITTER]
    #4: 10.10.3.166 - 132928 pkts (26541 pps) [HEAVY-HITTER]
    #5: 10.10.3.73 - 132832 pkts (26522 pps) [HEAVY-HITTER]

[RING BUFFER + MULTI-SCALE FEATURES]
=== Temporal Analysis (last 100 windows = 5.0 sec) ===

  Windows processed:         12741
  Buffer utilization:        100/100 (100.0%)
  Running baseline (ML):     15983519 pps (for ML features only)
  Detection mode:            FIXED THRESHOLDS

  [Temporal Features - Last Window]
    Delta PPS (250ms):       +1429002
    Delta PPS (500ms):       +2852706
    PPS Variance:            2700465143808
    Ratio vs Baseline:       1.77x

  [Multi-Scale Features]
    Top IP (50ms):           429 pps
    Top IP (1s):             2144 pps
    Top IP (1min):           18093 pps
    Burst Ratio (50ms/1min): 0.02x
    IP Concentration:        0.8%

[MULTIPLE DETECTION STATISTICS]
=== Aggregate Detection Analysis ===

  Total detection events:    7718
  Average detection latency: 69.63 ms
  Min detection latency:     53.72 ms
  Max detection latency:     115805.37 ms
  Latency range:             115751.65 ms

  Detection Latency Histogram:
    < 20 ms:  0 detections (0.0%)
    20-30 ms: 0 detections (0.0%)
    30-40 ms: 0 detections (0.0%)
    40-50 ms: 0 detections (0.0%)
    > 50 ms:  7717 detections (100.0%)

[PERFORMANCE METRICS]
  Throughput:         18.98 Gbps (10.96 Mpps)
  Cycles available:   273 cycles/pkt (lower = higher load)
  Active IPs:         0
  Worker threads:     14 (lcores 1-14)

[DPDK NIC STATISTICS]
  RX packets (NIC):   8512623465
  RX dropped (HW):    [0m0[0m (imissed)
  RX no mbufs:        [0m0[0m (buffer exhaustion)
  RX errors:          0
  Total drops:        [0m0 (0.00%)[0m
  RX burst calls:     103736409508 (94.9% empty)
  Processed pkts:     8512627799 (100.0% of NIC RX)


╔═══════════════════════════════════════════════════════════════════════╗
║          MIRA DDoS DETECTOR - STATISTICS (MULTI-CORE)                ║
╚═══════════════════════════════════════════════════════════════════════╝

[PACKET COUNTERS - GLOBAL]
  Total packets:      8580059240
  Baseline (10.10.2.x): 3534743312 (41.2%)
  Attack (10.10.3.x): 3086930189 (36.0%)
  TCP packets:        3717218194
  UDP packets:        4557309023
  ICMP packets:       305532024

[INSTANTANEOUS TRAFFIC - Last 5.0 seconds]
  Baseline (10.10.2.x): 26510330 pkts (50.7%)  2505534682 bytes  4.00 Gbps
  Attack (10.10.3.x): 25795212 pkts (49.3%)  8511576395 bytes  13.60 Gbps
  Total throughput:   17.60 Gbps  (avg pkt: 211 bytes)

[CUMULATIVE TRAFFIC - Since first packet (685.1s)]
  Total received:     8580059240 pkts (12.52 Mpps) | 19.68 Gbps | 1685105496149 bytes

[ATTACK-SPECIFIC COUNTERS]
  SYN packets:        1009965001
  SYN-ACK packets:    504981830
  SYN/ACK ratio:      2.00
  HTTP requests:      1718328548
  DNS queries:        613330525

[PROTOCOL-SPECIFIC COUNTERS - CIC-DDoS-2019 Features]
  NTP Amplification:
    Monlist queries:  6790
    Responses:        0  (avg size: 0 bytes)
  DNS Amplification:
    ANY queries:      0
    TXT queries:      0
    Responses:        613326657  (avg size: 108 bytes)
  SNMP Amplification:
    GetBulk requests: 0
    Responses:        0  (avg size: 0 bytes)
  SSDP:
    M-SEARCH packets: 0
    Responses:        47848
  PortMapper:
    GETPORT calls:    47206
    DUMP calls:       0
  NetBIOS:
    Name queries:     52629
    Datagram packets: 47367
  LDAP:
    Bind requests:    0
    Search requests:  47842
  MSSQL:
    SQLBatch packets: 46011
    RPC packets:      0
  TFTP:
    RRQ (read) pkts:  0
    WRQ (write) pkts: 0

[ATTACK DETECTIONS - Cumulative Events]
  UDP flood events:   7718
  UDP-lag events:     41
  SYN flood events:   0
  HTTP flood events:  0
  ICMP flood events:  0
  DNS amp events:     0
  NTP amp events:     0
  SNMP amp events:    0
  SSDP events:        0
  PortMap events:     0
  NetBIOS events:     0
  LDAP events:        0
  MSSQL events:       0
  TFTP events:        0
  ACK flood events:   0
  Frag attack events: 0
  Heavy-hitter events:10684 (OctoSketch per-IP detection)
  Packet flood events:0
  (Note: Events count IPs exceeding thresholds per 50ms window)

[ALERT STATUS]
  Alert level:        [1;31mHIGH[0m
  Reason:             [1;31mHEAVY-HITTER: 10.10.3.77 @ 26973 pps | TREND: attack rising (+797776/250ms) | [0m

[MULTI-LF (2025) COMPARISON]
=== Detection Performance vs ML-Based System ===

  First Detection Latency:   1606.50 ms (vs MULTI-LF: 866 ms)
    Improvement:             0.5× faster

  Packets until detection:   874838481
  Bytes until detection:     111437274657 (106274.87 MB)

[OCTOSKETCH METRICS - Optimized Architecture]
=== Per-Worker Sketches + Sampling (1/32 packets) ===

  Architecture:              Per-worker (NO atomics, NO contention)
  Total sketch memory:       8961 KB (14 workers × 640.1 KB)
  Sampling rate:             1 in 32 packets (3.1% overhead)
  Attack traffic sampled:    24989792 updates
  Estimated attack packets:  799673344 (×32 sampling factor)
  Sketch overhead:           ~1.56% of fast-path cycles
  Memory efficiency:         O(1) constant, 640.1 KB per worker

[OCTOSKETCH HEAVY-HITTER DETECTION]
=== Top Attackers (per-IP tracking via Count-Min Sketch) ===

  Heavy-hitter threshold:    5000 pps per IP
  Heavy-hitters detected:    5 IPs exceeding threshold
  Total HH detections:       10684 events

  Top 5 Attackers (estimated counts, ×32 sampling):
    #1: 10.10.3.77 - 130688 pkts (26102 pps) [HEAVY-HITTER]
    #2: 10.10.3.155 - 130016 pkts (25967 pps) [HEAVY-HITTER]
    #3: 10.10.3.149 - 129888 pkts (25942 pps) [HEAVY-HITTER]
    #4: 10.10.3.3 - 129696 pkts (25903 pps) [HEAVY-HITTER]
    #5: 10.10.3.113 - 129664 pkts (25897 pps) [HEAVY-HITTER]

[RING BUFFER + MULTI-SCALE FEATURES]
=== Temporal Analysis (last 100 windows = 5.0 sec) ===

  Windows processed:         12833
  Buffer utilization:        100/100 (100.0%)
  Running baseline (ML):     14281627 pps (for ML features only)
  Detection mode:            FIXED THRESHOLDS

  [Temporal Features - Last Window]
    Delta PPS (250ms):       +797776
    Delta PPS (500ms):       +2221966
    PPS Variance:            2601058566144
    Ratio vs Baseline:       1.81x

  [Multi-Scale Features]
    Top IP (50ms):           0 pps
    Top IP (1s):             17440 pps
    Top IP (1min):           20262 pps
    Burst Ratio (50ms/1min): 0.00x
    IP Concentration:        0.0%

[MULTIPLE DETECTION STATISTICS]
=== Aggregate Detection Analysis ===

  Total detection events:    7718
  Average detection latency: 69.63 ms
  Min detection latency:     53.72 ms
  Max detection latency:     115805.37 ms
  Latency range:             115751.65 ms

  Detection Latency Histogram:
    < 20 ms:  0 detections (0.0%)
    20-30 ms: 0 detections (0.0%)
    30-40 ms: 0 detections (0.0%)
    40-50 ms: 0 detections (0.0%)
    > 50 ms:  7717 detections (100.0%)

[PERFORMANCE METRICS]
  Throughput:         17.60 Gbps (10.45 Mpps)
  Cycles available:   286 cycles/pkt (lower = higher load)
  Active IPs:         0
  Worker threads:     14 (lcores 1-14)

[DPDK NIC STATISTICS]
  RX packets (NIC):   8580056589
  RX dropped (HW):    [0m0[0m (imissed)
  RX no mbufs:        [0m0[0m (buffer exhaustion)
  RX errors:          0
  Total drops:        [0m0 (0.00%)[0m
  RX burst calls:     104359628172 (94.9% empty)
  Processed pkts:     8580059240 (100.0% of NIC RX)


╔═══════════════════════════════════════════════════════════════════════╗
║          MIRA DDoS DETECTOR - STATISTICS (MULTI-CORE)                ║
╚═══════════════════════════════════════════════════════════════════════╝

[PACKET COUNTERS - GLOBAL]
  Total packets:      8621878824
  Baseline (10.10.2.x): 3561372082 (41.3%)
  Attack (10.10.3.x): 3086930189 (35.8%)
  TCP packets:        3748580051
  UDP packets:        4565439760
  ICMP packets:       307859013

[INSTANTANEOUS TRAFFIC - Last 5.0 seconds]
  Baseline (10.10.2.x): 26628189 pkts (100.0%)  2349633070 bytes  3.75 Gbps
  Attack (10.10.3.x): 0 pkts (0.0%)  0 bytes  0.00 Gbps
  Total throughput:   3.75 Gbps  (avg pkt: 88 bytes)

[CUMULATIVE TRAFFIC - Since first packet (690.1s)]
  Total received:     8621878824 pkts (12.49 Mpps) | 19.60 Gbps | 1690376508564 bytes

[ATTACK-SPECIFIC COUNTERS]
  SYN packets:        1018153763
  SYN-ACK packets:    509076201
  SYN/ACK ratio:      2.00
  HTTP requests:      1735317669
  DNS queries:        616467855

[PROTOCOL-SPECIFIC COUNTERS - CIC-DDoS-2019 Features]
  NTP Amplification:
    Monlist queries:  6790
    Responses:        0  (avg size: 0 bytes)
  DNS Amplification:
    ANY queries:      0
    TXT queries:      0
    Responses:        616463976  (avg size: 108 bytes)
  SNMP Amplification:
    GetBulk requests: 0
    Responses:        0  (avg size: 0 bytes)
  SSDP:
    M-SEARCH packets: 0
    Responses:        47848
  PortMapper:
    GETPORT calls:    47206
    DUMP calls:       0
  NetBIOS:
    Name queries:     52629
    Datagram packets: 47367
  LDAP:
    Bind requests:    0
    Search requests:  47842
  MSSQL:
    SQLBatch packets: 46011
    RPC packets:      0
  TFTP:
    RRQ (read) pkts:  0
    WRQ (write) pkts: 0

[ATTACK DETECTIONS - Cumulative Events]
  UDP flood events:   7718
  UDP-lag events:     41
  SYN flood events:   0
  HTTP flood events:  0
  ICMP flood events:  0
  DNS amp events:     0
  NTP amp events:     0
  SNMP amp events:    0
  SSDP events:        0
  PortMap events:     0
  NetBIOS events:     0
  LDAP events:        0
  MSSQL events:       0
  TFTP events:        0
  ACK flood events:   0
  Frag attack events: 0
  Heavy-hitter events:10684 (OctoSketch per-IP detection)
  Packet flood events:0
  (Note: Events count IPs exceeding thresholds per 50ms window)

[ALERT STATUS]
  Alert level:        [0mNONE[0m
  Reason:             None

[MULTI-LF (2025) COMPARISON]
=== Detection Performance vs ML-Based System ===

  First Detection Latency:   1606.50 ms (vs MULTI-LF: 866 ms)
    Improvement:             0.5× faster

  Packets until detection:   874838481
  Bytes until detection:     111437274657 (106274.87 MB)

[OCTOSKETCH METRICS - Optimized Architecture]
=== Per-Worker Sketches + Sampling (1/32 packets) ===

  Architecture:              Per-worker (NO atomics, NO contention)
  Total sketch memory:       8961 KB (14 workers × 640.1 KB)
  Sampling rate:             1 in 32 packets (3.1% overhead)
  Attack traffic sampled:    24989792 updates
  Estimated attack packets:  799673344 (×32 sampling factor)
  Sketch overhead:           ~1.56% of fast-path cycles
  Memory efficiency:         O(1) constant, 640.1 KB per worker

[OCTOSKETCH HEAVY-HITTER DETECTION]
=== Top Attackers (per-IP tracking via Count-Min Sketch) ===

  Heavy-hitter threshold:    5000 pps per IP
  Heavy-hitters detected:    5 IPs exceeding threshold
  Total HH detections:       10684 events

  Top 5 Attackers (estimated counts, ×32 sampling):
    #1: 10.10.3.77 - 130688 pkts (26093 pps) [HEAVY-HITTER]
    #2: 10.10.3.155 - 130016 pkts (25958 pps) [HEAVY-HITTER]
    #3: 10.10.3.149 - 129888 pkts (25933 pps) [HEAVY-HITTER]
    #4: 10.10.3.3 - 129696 pkts (25894 pps) [HEAVY-HITTER]
    #5: 10.10.3.113 - 129664 pkts (25888 pps) [HEAVY-HITTER]

[RING BUFFER + MULTI-SCALE FEATURES]
=== Temporal Analysis (last 100 windows = 5.0 sec) ===

  Windows processed:         12927
  Buffer utilization:        100/100 (100.0%)
  Running baseline (ML):     1532342 pps (for ML features only)
  Detection mode:            FIXED THRESHOLDS

  [Temporal Features - Last Window]
    Delta PPS (250ms):       +0
    Delta PPS (500ms):       +0
    PPS Variance:            0
    Ratio vs Baseline:       0.00x

  [Multi-Scale Features]
    Top IP (50ms):           0 pps
    Top IP (1s):             0 pps
    Top IP (1min):           20262 pps
    Burst Ratio (50ms/1min): 0.00x
    IP Concentration:        0.0%

[MULTIPLE DETECTION STATISTICS]
=== Aggregate Detection Analysis ===

  Total detection events:    7718
  Average detection latency: 69.63 ms
  Min detection latency:     53.72 ms
  Max detection latency:     115805.37 ms
  Latency range:             115751.65 ms

  Detection Latency Histogram:
    < 20 ms:  0 detections (0.0%)
    20-30 ms: 0 detections (0.0%)
    30-40 ms: 0 detections (0.0%)
    40-50 ms: 0 detections (0.0%)
    > 50 ms:  7717 detections (100.0%)

[PERFORMANCE METRICS]
  Throughput:         3.75 Gbps (5.32 Mpps)
  Cycles available:   562 cycles/pkt (lower = higher load)
  Active IPs:         0
  Worker threads:     14 (lcores 1-14)

[DPDK NIC STATISTICS]
  RX packets (NIC):   8621876079
  RX dropped (HW):    [0m0[0m (imissed)
  RX no mbufs:        [0m0[0m (buffer exhaustion)
  RX errors:          0
  Total drops:        [0m0 (0.00%)[0m
  RX burst calls:     105577906836 (94.9% empty)
  Processed pkts:     8621878824 (100.0% of NIC RX)


╔═══════════════════════════════════════════════════════════════════════╗
║          MIRA DDoS DETECTOR - STATISTICS (MULTI-CORE)                ║
╚═══════════════════════════════════════════════════════════════════════╝

[PACKET COUNTERS - GLOBAL]
  Total packets:      8663556131
  Baseline (10.10.2.x): 3587912597 (41.4%)
  Attack (10.10.3.x): 3086930189 (35.6%)
  TCP packets:        3779837902
  UDP packets:        4573541020
  ICMP packets:       310177209

[INSTANTANEOUS TRAFFIC - Last 5.0 seconds]
  Baseline (10.10.2.x): 26539875 pkts (100.0%)  2342298805 bytes  3.75 Gbps
  Attack (10.10.3.x): 0 pkts (0.0%)  0 bytes  0.00 Gbps
  Total throughput:   3.75 Gbps  (avg pkt: 88 bytes)

[CUMULATIVE TRAFFIC - Since first packet (695.1s)]
  Total received:     8663556131 pkts (12.46 Mpps) | 19.52 Gbps | 1695629850133 bytes

[ATTACK-SPECIFIC COUNTERS]
  SYN packets:        1026315793
  SYN-ACK packets:    513157210
  SYN/ACK ratio:      2.00
  HTTP requests:      1752247437
  DNS queries:        619592644

[PROTOCOL-SPECIFIC COUNTERS - CIC-DDoS-2019 Features]
  NTP Amplification:
    Monlist queries:  6790
    Responses:        0  (avg size: 0 bytes)
  DNS Amplification:
    ANY queries:      0
    TXT queries:      0
    Responses:        619588779  (avg size: 108 bytes)
  SNMP Amplification:
    GetBulk requests: 0
    Responses:        0  (avg size: 0 bytes)
  SSDP:
    M-SEARCH packets: 0
    Responses:        47848
  PortMapper:
    GETPORT calls:    47206
    DUMP calls:       0
  NetBIOS:
    Name queries:     52629
    Datagram packets: 47367
  LDAP:
    Bind requests:    0
    Search requests:  47842
  MSSQL:
    SQLBatch packets: 46011
    RPC packets:      0
  TFTP:
    RRQ (read) pkts:  0
    WRQ (write) pkts: 0

[ATTACK DETECTIONS - Cumulative Events]
  UDP flood events:   7718
  UDP-lag events:     41
  SYN flood events:   0
  HTTP flood events:  0
  ICMP flood events:  0
  DNS amp events:     0
  NTP amp events:     0
  SNMP amp events:    0
  SSDP events:        0
  PortMap events:     0
  NetBIOS events:     0
  LDAP events:        0
  MSSQL events:       0
  TFTP events:        0
  ACK flood events:   0
  Frag attack events: 0
  Heavy-hitter events:10684 (OctoSketch per-IP detection)
  Packet flood events:0
  (Note: Events count IPs exceeding thresholds per 50ms window)

[ALERT STATUS]
  Alert level:        [0mNONE[0m
  Reason:             None

[MULTI-LF (2025) COMPARISON]
=== Detection Performance vs ML-Based System ===

  First Detection Latency:   1606.50 ms (vs MULTI-LF: 866 ms)
    Improvement:             0.5× faster

  Packets until detection:   874838481
  Bytes until detection:     111437274657 (106274.87 MB)

[OCTOSKETCH METRICS - Optimized Architecture]
=== Per-Worker Sketches + Sampling (1/32 packets) ===

  Architecture:              Per-worker (NO atomics, NO contention)
  Total sketch memory:       8961 KB (14 workers × 640.1 KB)
  Sampling rate:             1 in 32 packets (3.1% overhead)
  Attack traffic sampled:    24989792 updates
  Estimated attack packets:  799673344 (×32 sampling factor)
  Sketch overhead:           ~1.56% of fast-path cycles
  Memory efficiency:         O(1) constant, 640.1 KB per worker

[OCTOSKETCH HEAVY-HITTER DETECTION]
=== Top Attackers (per-IP tracking via Count-Min Sketch) ===

  Heavy-hitter threshold:    5000 pps per IP
  Heavy-hitters detected:    5 IPs exceeding threshold
  Total HH detections:       10684 events

  Top 5 Attackers (estimated counts, ×32 sampling):
    #1: 10.10.3.77 - 130688 pkts (26135 pps) [HEAVY-HITTER]
    #2: 10.10.3.155 - 130016 pkts (26001 pps) [HEAVY-HITTER]
    #3: 10.10.3.149 - 129888 pkts (25975 pps) [HEAVY-HITTER]
    #4: 10.10.3.3 - 129696 pkts (25937 pps) [HEAVY-HITTER]
    #5: 10.10.3.113 - 129664 pkts (25930 pps) [HEAVY-HITTER]

[RING BUFFER + MULTI-SCALE FEATURES]
=== Temporal Analysis (last 100 windows = 5.0 sec) ===

  Windows processed:         13020
  Buffer utilization:        100/100 (100.0%)
  Running baseline (ML):     0 pps (for ML features only)
  Detection mode:            FIXED THRESHOLDS

  [Temporal Features - Last Window]
    Delta PPS (250ms):       +0
    Delta PPS (500ms):       +0
    PPS Variance:            0
    Ratio vs Baseline:       1.00x

  [Multi-Scale Features]
    Top IP (50ms):           0 pps
    Top IP (1s):             0 pps
    Top IP (1min):           20262 pps
    Burst Ratio (50ms/1min): 0.00x
    IP Concentration:        0.0%

[MULTIPLE DETECTION STATISTICS]
=== Aggregate Detection Analysis ===

  Total detection events:    7718
  Average detection latency: 69.63 ms
  Min detection latency:     53.72 ms
  Max detection latency:     115805.37 ms
  Latency range:             115751.65 ms

  Detection Latency Histogram:
    < 20 ms:  0 detections (0.0%)
    20-30 ms: 0 detections (0.0%)
    30-40 ms: 0 detections (0.0%)
    40-50 ms: 0 detections (0.0%)
    > 50 ms:  7717 detections (100.0%)

[PERFORMANCE METRICS]
  Throughput:         3.75 Gbps (5.31 Mpps)
  Cycles available:   563 cycles/pkt (lower = higher load)
  Active IPs:         0
  Worker threads:     14 (lcores 1-14)

[DPDK NIC STATISTICS]
  RX packets (NIC):   8663553360
  RX dropped (HW):    [0m0[0m (imissed)
  RX no mbufs:        [0m0[0m (buffer exhaustion)
  RX errors:          0
  Total drops:        [0m0 (0.00%)[0m
  RX burst calls:     106793256214 (94.9% empty)
  Processed pkts:     8663556131 (100.0% of NIC RX)


╔═══════════════════════════════════════════════════════════════════════╗
║          MIRA DDoS DETECTOR - STATISTICS (MULTI-CORE)                ║
╚═══════════════════════════════════════════════════════════════════════╝

[PACKET COUNTERS - GLOBAL]
  Total packets:      8705310200
  Baseline (10.10.2.x): 3614500202 (41.5%)
  Attack (10.10.3.x): 3086930189 (35.5%)
  TCP packets:        3811149501
  UDP packets:        4581660564
  ICMP packets:       312500135

[INSTANTANEOUS TRAFFIC - Last 5.0 seconds]
  Baseline (10.10.2.x): 26587266 pkts (100.0%)  2346245506 bytes  3.75 Gbps
  Attack (10.10.3.x): 0 pkts (0.0%)  0 bytes  0.00 Gbps
  Total throughput:   3.75 Gbps  (avg pkt: 88 bytes)

[CUMULATIVE TRAFFIC - Since first packet (700.1s)]
  Total received:     8705310200 pkts (12.43 Mpps) | 19.44 Gbps | 1700892628565 bytes

[ATTACK-SPECIFIC COUNTERS]
  SYN packets:        1034491668
  SYN-ACK packets:    517245141
  SYN/ACK ratio:      2.00
  HTTP requests:      1769207698
  DNS queries:        622725652

[PROTOCOL-SPECIFIC COUNTERS - CIC-DDoS-2019 Features]
  NTP Amplification:
    Monlist queries:  6790
    Responses:        0  (avg size: 0 bytes)
  DNS Amplification:
    ANY queries:      0
    TXT queries:      0
    Responses:        622721785  (avg size: 108 bytes)
  SNMP Amplification:
    GetBulk requests: 0
    Responses:        0  (avg size: 0 bytes)
  SSDP:
    M-SEARCH packets: 0
    Responses:        47848
  PortMapper:
    GETPORT calls:    47206
    DUMP calls:       0
  NetBIOS:
    Name queries:     52629
    Datagram packets: 47367
  LDAP:
    Bind requests:    0
    Search requests:  47842
  MSSQL:
    SQLBatch packets: 46011
    RPC packets:      0
  TFTP:
    RRQ (read) pkts:  0
    WRQ (write) pkts: 0

[ATTACK DETECTIONS - Cumulative Events]
  UDP flood events:   7718
  UDP-lag events:     41
  SYN flood events:   0
  HTTP flood events:  0
  ICMP flood events:  0
  DNS amp events:     0
  NTP amp events:     0
  SNMP amp events:    0
  SSDP events:        0
  PortMap events:     0
  NetBIOS events:     0
  LDAP events:        0
  MSSQL events:       0
  TFTP events:        0
  ACK flood events:   0
  Frag attack events: 0
  Heavy-hitter events:10684 (OctoSketch per-IP detection)
  Packet flood events:0
  (Note: Events count IPs exceeding thresholds per 50ms window)

[ALERT STATUS]
  Alert level:        [0mNONE[0m
  Reason:             None

[MULTI-LF (2025) COMPARISON]
=== Detection Performance vs ML-Based System ===

  First Detection Latency:   1606.50 ms (vs MULTI-LF: 866 ms)
    Improvement:             0.5× faster

  Packets until detection:   874838481
  Bytes until detection:     111437274657 (106274.87 MB)

[OCTOSKETCH METRICS - Optimized Architecture]
=== Per-Worker Sketches + Sampling (1/32 packets) ===

  Architecture:              Per-worker (NO atomics, NO contention)
  Total sketch memory:       8961 KB (14 workers × 640.1 KB)
  Sampling rate:             1 in 32 packets (3.1% overhead)
  Attack traffic sampled:    24989792 updates
  Estimated attack packets:  799673344 (×32 sampling factor)
  Sketch overhead:           ~1.56% of fast-path cycles
  Memory efficiency:         O(1) constant, 640.1 KB per worker

[OCTOSKETCH HEAVY-HITTER DETECTION]
=== Top Attackers (per-IP tracking via Count-Min Sketch) ===

  Heavy-hitter threshold:    5000 pps per IP
  Heavy-hitters detected:    5 IPs exceeding threshold
  Total HH detections:       10684 events

  Top 5 Attackers (estimated counts, ×32 sampling):
    #1: 10.10.3.77 - 130688 pkts (26108 pps) [HEAVY-HITTER]
    #2: 10.10.3.155 - 130016 pkts (25974 pps) [HEAVY-HITTER]
    #3: 10.10.3.149 - 129888 pkts (25948 pps) [HEAVY-HITTER]
    #4: 10.10.3.3 - 129696 pkts (25910 pps) [HEAVY-HITTER]
    #5: 10.10.3.113 - 129664 pkts (25904 pps) [HEAVY-HITTER]

[RING BUFFER + MULTI-SCALE FEATURES]
=== Temporal Analysis (last 100 windows = 5.0 sec) ===

  Windows processed:         13114
  Buffer utilization:        100/100 (100.0%)
  Running baseline (ML):     0 pps (for ML features only)
  Detection mode:            FIXED THRESHOLDS

  [Temporal Features - Last Window]
    Delta PPS (250ms):       +0
    Delta PPS (500ms):       +0
    PPS Variance:            0
    Ratio vs Baseline:       1.00x

  [Multi-Scale Features]
    Top IP (50ms):           0 pps
    Top IP (1s):             0 pps
    Top IP (1min):           20262 pps
    Burst Ratio (50ms/1min): 0.00x
    IP Concentration:        0.0%

[MULTIPLE DETECTION STATISTICS]
=== Aggregate Detection Analysis ===

  Total detection events:    7718
  Average detection latency: 69.63 ms
  Min detection latency:     53.72 ms
  Max detection latency:     115805.37 ms
  Latency range:             115751.65 ms

  Detection Latency Histogram:
    < 20 ms:  0 detections (0.0%)
    20-30 ms: 0 detections (0.0%)
    30-40 ms: 0 detections (0.0%)
    40-50 ms: 0 detections (0.0%)
    > 50 ms:  7717 detections (100.0%)

[PERFORMANCE METRICS]
  Throughput:         3.75 Gbps (5.31 Mpps)
  Cycles available:   563 cycles/pkt (lower = higher load)
  Active IPs:         0
  Worker threads:     14 (lcores 1-14)

[DPDK NIC STATISTICS]
  RX packets (NIC):   8705307196
  RX dropped (HW):    [0m0[0m (imissed)
  RX no mbufs:        [0m0[0m (buffer exhaustion)
  RX errors:          0
  Total drops:        [0m0 (0.00%)[0m
  RX burst calls:     108010531139 (95.0% empty)
  Processed pkts:     8705310200 (100.0% of NIC RX)


╔═══════════════════════════════════════════════════════════════════════╗
║          MIRA DDoS DETECTOR - STATISTICS (MULTI-CORE)                ║
╚═══════════════════════════════════════════════════════════════════════╝

[PACKET COUNTERS - GLOBAL]
  Total packets:      8747094564
  Baseline (10.10.2.x): 3641107755 (41.6%)
  Attack (10.10.3.x): 3086930189 (35.3%)
  TCP packets:        3842490474
  UDP packets:        4589780787
  ICMP packets:       314823303

[INSTANTANEOUS TRAFFIC - Last 5.0 seconds]
  Baseline (10.10.2.x): 26607022 pkts (100.0%)  2347789659 bytes  3.75 Gbps
  Attack (10.10.3.x): 0 pkts (0.0%)  0 bytes  0.00 Gbps
  Total throughput:   3.75 Gbps  (avg pkt: 88 bytes)

[CUMULATIVE TRAFFIC - Since first packet (705.1s)]
  Total received:     8747094564 pkts (12.41 Mpps) | 19.36 Gbps | 1706159269031 bytes

[ATTACK-SPECIFIC COUNTERS]
  SYN packets:        1042675253
  SYN-ACK packets:    521336930
  SYN/ACK ratio:      2.00
  HTTP requests:      1786183546
  DNS queries:        625858759

[PROTOCOL-SPECIFIC COUNTERS - CIC-DDoS-2019 Features]
  NTP Amplification:
    Monlist queries:  6790
    Responses:        0  (avg size: 0 bytes)
  DNS Amplification:
    ANY queries:      0
    TXT queries:      0
    Responses:        625854894  (avg size: 108 bytes)
  SNMP Amplification:
    GetBulk requests: 0
    Responses:        0  (avg size: 0 bytes)
  SSDP:
    M-SEARCH packets: 0
    Responses:        47848
  PortMapper:
    GETPORT calls:    47206
    DUMP calls:       0
  NetBIOS:
    Name queries:     52629
    Datagram packets: 47367
  LDAP:
    Bind requests:    0
    Search requests:  47842
  MSSQL:
    SQLBatch packets: 46011
    RPC packets:      0
  TFTP:
    RRQ (read) pkts:  0
    WRQ (write) pkts: 0

[ATTACK DETECTIONS - Cumulative Events]
  UDP flood events:   7718
  UDP-lag events:     41
  SYN flood events:   0
  HTTP flood events:  0
  ICMP flood events:  0
  DNS amp events:     0
  NTP amp events:     0
  SNMP amp events:    0
  SSDP events:        0
  PortMap events:     0
  NetBIOS events:     0
  LDAP events:        0
  MSSQL events:       0
  TFTP events:        0
  ACK flood events:   0
  Frag attack events: 0
  Heavy-hitter events:10684 (OctoSketch per-IP detection)
  Packet flood events:0
  (Note: Events count IPs exceeding thresholds per 50ms window)

[ALERT STATUS]
  Alert level:        [0mNONE[0m
  Reason:             None

[MULTI-LF (2025) COMPARISON]
=== Detection Performance vs ML-Based System ===

  First Detection Latency:   1606.50 ms (vs MULTI-LF: 866 ms)
    Improvement:             0.5× faster

  Packets until detection:   874838481
  Bytes until detection:     111437274657 (106274.87 MB)

[OCTOSKETCH METRICS - Optimized Architecture]
=== Per-Worker Sketches + Sampling (1/32 packets) ===

  Architecture:              Per-worker (NO atomics, NO contention)
  Total sketch memory:       8961 KB (14 workers × 640.1 KB)
  Sampling rate:             1 in 32 packets (3.1% overhead)
  Attack traffic sampled:    24989792 updates
  Estimated attack packets:  799673344 (×32 sampling factor)
  Sketch overhead:           ~1.56% of fast-path cycles
  Memory efficiency:         O(1) constant, 640.1 KB per worker

[OCTOSKETCH HEAVY-HITTER DETECTION]
=== Top Attackers (per-IP tracking via Count-Min Sketch) ===

  Heavy-hitter threshold:    5000 pps per IP
  Heavy-hitters detected:    5 IPs exceeding threshold
  Total HH detections:       10684 events

  Top 5 Attackers (estimated counts, ×32 sampling):
    #1: 10.10.3.77 - 130688 pkts (26100 pps) [HEAVY-HITTER]
    #2: 10.10.3.155 - 130016 pkts (25966 pps) [HEAVY-HITTER]
    #3: 10.10.3.149 - 129888 pkts (25940 pps) [HEAVY-HITTER]
    #4: 10.10.3.3 - 129696 pkts (25902 pps) [HEAVY-HITTER]
    #5: 10.10.3.113 - 129664 pkts (25895 pps) [HEAVY-HITTER]

[RING BUFFER + MULTI-SCALE FEATURES]
=== Temporal Analysis (last 100 windows = 5.0 sec) ===

  Windows processed:         13208
  Buffer utilization:        100/100 (100.0%)
  Running baseline (ML):     0 pps (for ML features only)
  Detection mode:            FIXED THRESHOLDS

  [Temporal Features - Last Window]
    Delta PPS (250ms):       +0
    Delta PPS (500ms):       +0
    PPS Variance:            0
    Ratio vs Baseline:       1.00x

  [Multi-Scale Features]
    Top IP (50ms):           0 pps
    Top IP (1s):             0 pps
    Top IP (1min):           0 pps
    Burst Ratio (50ms/1min): 1.00x
    IP Concentration:        0.0%

[MULTIPLE DETECTION STATISTICS]
=== Aggregate Detection Analysis ===

  Total detection events:    7718
  Average detection latency: 69.63 ms
  Min detection latency:     53.72 ms
  Max detection latency:     115805.37 ms
  Latency range:             115751.65 ms

  Detection Latency Histogram:
    < 20 ms:  0 detections (0.0%)
    20-30 ms: 0 detections (0.0%)
    30-40 ms: 0 detections (0.0%)
    40-50 ms: 0 detections (0.0%)
    > 50 ms:  7717 detections (100.0%)

[PERFORMANCE METRICS]
  Throughput:         3.75 Gbps (5.31 Mpps)
  Cycles available:   563 cycles/pkt (lower = higher load)
  Active IPs:         0
  Worker threads:     14 (lcores 1-14)

[DPDK NIC STATISTICS]
  RX packets (NIC):   8747091644
  RX dropped (HW):    [0m0[0m (imissed)
  RX no mbufs:        [0m0[0m (buffer exhaustion)
  RX errors:          0
  Total drops:        [0m0 (0.00%)[0m
  RX burst calls:     109228030905 (95.0% empty)
  Processed pkts:     8747094564 (100.0% of NIC RX)


╔═══════════════════════════════════════════════════════════════════════╗
║          MIRA DDoS DETECTOR - STATISTICS (MULTI-CORE)                ║
╚═══════════════════════════════════════════════════════════════════════╝

[PACKET COUNTERS - GLOBAL]
  Total packets:      8788917283
  Baseline (10.10.2.x): 3667738906 (41.7%)
  Attack (10.10.3.x): 3086930189 (35.1%)
  TCP packets:        3873859522
  UDP packets:        4597908268
  ICMP packets:       317149493

[INSTANTANEOUS TRAFFIC - Last 5.0 seconds]
  Baseline (10.10.2.x): 26630494 pkts (100.0%)  2349704625 bytes  3.75 Gbps
  Attack (10.10.3.x): 0 pkts (0.0%)  0 bytes  0.00 Gbps
  Total throughput:   3.75 Gbps  (avg pkt: 88 bytes)

[CUMULATIVE TRAFFIC - Since first packet (710.1s)]
  Total received:     8788917283 pkts (12.38 Mpps) | 19.28 Gbps | 1711430683163 bytes

[ATTACK-SPECIFIC COUNTERS]
  SYN packets:        1050866018
  SYN-ACK packets:    525432307
  SYN/ACK ratio:      2.00
  HTTP requests:      1803175853
  DNS queries:        628994966

[PROTOCOL-SPECIFIC COUNTERS - CIC-DDoS-2019 Features]
  NTP Amplification:
    Monlist queries:  6790
    Responses:        0  (avg size: 0 bytes)
  DNS Amplification:
    ANY queries:      0
    TXT queries:      0
    Responses:        628991101  (avg size: 108 bytes)
  SNMP Amplification:
    GetBulk requests: 0
    Responses:        0  (avg size: 0 bytes)
  SSDP:
    M-SEARCH packets: 0
    Responses:        47848
  PortMapper:
    GETPORT calls:    47206
    DUMP calls:       0
  NetBIOS:
    Name queries:     52629
    Datagram packets: 47367
  LDAP:
    Bind requests:    0
    Search requests:  47842
  MSSQL:
    SQLBatch packets: 46011
    RPC packets:      0
  TFTP:
    RRQ (read) pkts:  0
    WRQ (write) pkts: 0

[ATTACK DETECTIONS - Cumulative Events]
  UDP flood events:   7718
  UDP-lag events:     41
  SYN flood events:   0
  HTTP flood events:  0
  ICMP flood events:  0
  DNS amp events:     0
  NTP amp events:     0
  SNMP amp events:    0
  SSDP events:        0
  PortMap events:     0
  NetBIOS events:     0
  LDAP events:        0
  MSSQL events:       0
  TFTP events:        0
  ACK flood events:   0
  Frag attack events: 0
  Heavy-hitter events:10684 (OctoSketch per-IP detection)
  Packet flood events:0
  (Note: Events count IPs exceeding thresholds per 50ms window)

[ALERT STATUS]
  Alert level:        [0mNONE[0m
  Reason:             None

[MULTI-LF (2025) COMPARISON]
=== Detection Performance vs ML-Based System ===

  First Detection Latency:   1606.50 ms (vs MULTI-LF: 866 ms)
    Improvement:             0.5× faster

  Packets until detection:   874838481
  Bytes until detection:     111437274657 (106274.87 MB)

[OCTOSKETCH METRICS - Optimized Architecture]
=== Per-Worker Sketches + Sampling (1/32 packets) ===

  Architecture:              Per-worker (NO atomics, NO contention)
  Total sketch memory:       8961 KB (14 workers × 640.1 KB)
  Sampling rate:             1 in 32 packets (3.1% overhead)
  Attack traffic sampled:    24989792 updates
  Estimated attack packets:  799673344 (×32 sampling factor)
  Sketch overhead:           ~1.56% of fast-path cycles
  Memory efficiency:         O(1) constant, 640.1 KB per worker

[OCTOSKETCH HEAVY-HITTER DETECTION]
=== Top Attackers (per-IP tracking via Count-Min Sketch) ===

  Heavy-hitter threshold:    5000 pps per IP
  Heavy-hitters detected:    5 IPs exceeding threshold
  Total HH detections:       10684 events

  Top 5 Attackers (estimated counts, ×32 sampling):
    #1: 10.10.3.77 - 130688 pkts (26076 pps) [HEAVY-HITTER]
    #2: 10.10.3.155 - 130016 pkts (25942 pps) [HEAVY-HITTER]
    #3: 10.10.3.149 - 129888 pkts (25917 pps) [HEAVY-HITTER]
    #4: 10.10.3.3 - 129696 pkts (25878 pps) [HEAVY-HITTER]
    #5: 10.10.3.113 - 129664 pkts (25872 pps) [HEAVY-HITTER]

[RING BUFFER + MULTI-SCALE FEATURES]
=== Temporal Analysis (last 100 windows = 5.0 sec) ===

  Windows processed:         13302
  Buffer utilization:        100/100 (100.0%)
  Running baseline (ML):     0 pps (for ML features only)
  Detection mode:            FIXED THRESHOLDS

  [Temporal Features - Last Window]
    Delta PPS (250ms):       +0
    Delta PPS (500ms):       +0
    PPS Variance:            0
    Ratio vs Baseline:       1.00x

  [Multi-Scale Features]
    Top IP (50ms):           0 pps
    Top IP (1s):             0 pps
    Top IP (1min):           0 pps
    Burst Ratio (50ms/1min): 1.00x
    IP Concentration:        0.0%

[MULTIPLE DETECTION STATISTICS]
=== Aggregate Detection Analysis ===

  Total detection events:    7718
  Average detection latency: 69.63 ms
  Min detection latency:     53.72 ms
  Max detection latency:     115805.37 ms
  Latency range:             115751.65 ms

  Detection Latency Histogram:
    < 20 ms:  0 detections (0.0%)
    20-30 ms: 0 detections (0.0%)
    30-40 ms: 0 detections (0.0%)
    40-50 ms: 0 detections (0.0%)
    > 50 ms:  7717 detections (100.0%)

[PERFORMANCE METRICS]
  Throughput:         3.75 Gbps (5.31 Mpps)
  Cycles available:   563 cycles/pkt (lower = higher load)
  Active IPs:         0
  Worker threads:     14 (lcores 1-14)

[DPDK NIC STATISTICS]
  RX packets (NIC):   8788914370
  RX dropped (HW):    [0m0[0m (imissed)
  RX no mbufs:        [0m0[0m (buffer exhaustion)
  RX errors:          0
  Total drops:        [0m0 (0.00%)[0m
  RX burst calls:     110446142972 (95.0% empty)
  Processed pkts:     8788917283 (100.0% of NIC RX)


╔═══════════════════════════════════════════════════════════════════════╗
║          MIRA DDoS DETECTOR - STATISTICS (MULTI-CORE)                ║
╚═══════════════════════════════════════════════════════════════════════╝

[PACKET COUNTERS - GLOBAL]
  Total packets:      8830712972
  Baseline (10.10.2.x): 3694352696 (41.8%)
  Attack (10.10.3.x): 3086930189 (35.0%)
  TCP packets:        3905206607
  UDP packets:        4606031213
  ICMP packets:       319475152

[INSTANTANEOUS TRAFFIC - Last 5.0 seconds]
  Baseline (10.10.2.x): 26613465 pkts (100.0%)  2517036034 bytes  4.02 Gbps
  Attack (10.10.3.x): 0 pkts (0.0%)  0 bytes  0.00 Gbps
  Total throughput:   4.02 Gbps  (avg pkt: 95 bytes)

[CUMULATIVE TRAFFIC - Since first packet (715.1s)]
  Total received:     8830712972 pkts (12.35 Mpps) | 19.20 Gbps | 1716698746991 bytes

[ATTACK-SPECIFIC COUNTERS]
  SYN packets:        1059050948
  SYN-ACK packets:    529524766
  SYN/ACK ratio:      2.00
  HTTP requests:      1820156832
  DNS queries:        632129216

[PROTOCOL-SPECIFIC COUNTERS - CIC-DDoS-2019 Features]
  NTP Amplification:
    Monlist queries:  6790
    Responses:        0  (avg size: 0 bytes)
  DNS Amplification:
    ANY queries:      0
    TXT queries:      0
    Responses:        632125343  (avg size: 108 bytes)
  SNMP Amplification:
    GetBulk requests: 0
    Responses:        0  (avg size: 0 bytes)
  SSDP:
    M-SEARCH packets: 0
    Responses:        47848
  PortMapper:
    GETPORT calls:    47206
    DUMP calls:       0
  NetBIOS:
    Name queries:     52629
    Datagram packets: 47367
  LDAP:
    Bind requests:    0
    Search requests:  47842
  MSSQL:
    SQLBatch packets: 46011
    RPC packets:      0
  TFTP:
    RRQ (read) pkts:  0
    WRQ (write) pkts: 0

[ATTACK DETECTIONS - Cumulative Events]
  UDP flood events:   7718
  UDP-lag events:     41
  SYN flood events:   0
  HTTP flood events:  0
  ICMP flood events:  0
  DNS amp events:     0
  NTP amp events:     0
  SNMP amp events:    0
  SSDP events:        0
  PortMap events:     0
  NetBIOS events:     0
  LDAP events:        0
  MSSQL events:       0
  TFTP events:        0
  ACK flood events:   0
  Frag attack events: 0
  Heavy-hitter events:10684 (OctoSketch per-IP detection)
  Packet flood events:0
  (Note: Events count IPs exceeding thresholds per 50ms window)

[ALERT STATUS]
  Alert level:        [0mNONE[0m
  Reason:             None

[MULTI-LF (2025) COMPARISON]
=== Detection Performance vs ML-Based System ===

  First Detection Latency:   1606.50 ms (vs MULTI-LF: 866 ms)
    Improvement:             0.5× faster

  Packets until detection:   874838481
  Bytes until detection:     111437274657 (106274.87 MB)

[OCTOSKETCH METRICS - Optimized Architecture]
=== Per-Worker Sketches + Sampling (1/32 packets) ===

  Architecture:              Per-worker (NO atomics, NO contention)
  Total sketch memory:       8961 KB (14 workers × 640.1 KB)
  Sampling rate:             1 in 32 packets (3.1% overhead)
  Attack traffic sampled:    24989792 updates
  Estimated attack packets:  799673344 (×32 sampling factor)
  Sketch overhead:           ~1.56% of fast-path cycles
  Memory efficiency:         O(1) constant, 640.1 KB per worker

[OCTOSKETCH HEAVY-HITTER DETECTION]
=== Top Attackers (per-IP tracking via Count-Min Sketch) ===

  Heavy-hitter threshold:    5000 pps per IP
  Heavy-hitters detected:    5 IPs exceeding threshold
  Total HH detections:       10684 events

  Top 5 Attackers (estimated counts, ×32 sampling):
    #1: 10.10.3.77 - 130688 pkts (26080 pps) [HEAVY-HITTER]
    #2: 10.10.3.155 - 130016 pkts (25946 pps) [HEAVY-HITTER]
    #3: 10.10.3.149 - 129888 pkts (25920 pps) [HEAVY-HITTER]
    #4: 10.10.3.3 - 129696 pkts (25882 pps) [HEAVY-HITTER]
    #5: 10.10.3.113 - 129664 pkts (25876 pps) [HEAVY-HITTER]

[RING BUFFER + MULTI-SCALE FEATURES]
=== Temporal Analysis (last 100 windows = 5.0 sec) ===

  Windows processed:         13396
  Buffer utilization:        100/100 (100.0%)
  Running baseline (ML):     0 pps (for ML features only)
  Detection mode:            FIXED THRESHOLDS

  [Temporal Features - Last Window]
    Delta PPS (250ms):       +0
    Delta PPS (500ms):       +0
    PPS Variance:            0
    Ratio vs Baseline:       1.00x

  [Multi-Scale Features]
    Top IP (50ms):           0 pps
    Top IP (1s):             0 pps
    Top IP (1min):           0 pps
    Burst Ratio (50ms/1min): 1.00x
    IP Concentration:        0.0%

[MULTIPLE DETECTION STATISTICS]
=== Aggregate Detection Analysis ===

  Total detection events:    7718
  Average detection latency: 69.63 ms
  Min detection latency:     53.72 ms
  Max detection latency:     115805.37 ms
  Latency range:             115751.65 ms

  Detection Latency Histogram:
    < 20 ms:  0 detections (0.0%)
    20-30 ms: 0 detections (0.0%)
    30-40 ms: 0 detections (0.0%)
    40-50 ms: 0 detections (0.0%)
    > 50 ms:  7717 detections (100.0%)

[PERFORMANCE METRICS]
  Throughput:         4.02 Gbps (5.31 Mpps)
  Cycles available:   563 cycles/pkt (lower = higher load)
  Active IPs:         0
  Worker threads:     14 (lcores 1-14)

[DPDK NIC STATISTICS]
  RX packets (NIC):   8830710333
  RX dropped (HW):    [0m0[0m (imissed)
  RX no mbufs:        [0m0[0m (buffer exhaustion)
  RX errors:          0
  Total drops:        [0m0 (0.00%)[0m
  RX burst calls:     111664746015 (95.1% empty)
  Processed pkts:     8830712972 (100.0% of NIC RX)


╔═══════════════════════════════════════════════════════════════════════╗
║          MIRA DDoS DETECTOR - STATISTICS (MULTI-CORE)                ║
╚═══════════════════════════════════════════════════════════════════════╝

[PACKET COUNTERS - GLOBAL]
  Total packets:      8872520739
  Baseline (10.10.2.x): 3720975323 (41.9%)
  Attack (10.10.3.x): 3086930189 (34.8%)
  TCP packets:        3936559996
  UDP packets:        4614161771
  ICMP packets:       321798972

[INSTANTANEOUS TRAFFIC - Last 5.0 seconds]
  Baseline (10.10.2.x): 26622064 pkts (100.0%)  2349407677 bytes  3.75 Gbps
  Attack (10.10.3.x): 0 pkts (0.0%)  0 bytes  0.00 Gbps
  Total throughput:   3.75 Gbps  (avg pkt: 88 bytes)

[CUMULATIVE TRAFFIC - Since first packet (720.1s)]
  Total received:     8872520739 pkts (12.32 Mpps) | 19.13 Gbps | 1721968444053 bytes

[ATTACK-SPECIFIC COUNTERS]
  SYN packets:        1067237722
  SYN-ACK packets:    533618148
  SYN/ACK ratio:      2.00
  HTTP requests:      1837139706
  DNS queries:        635265923

[PROTOCOL-SPECIFIC COUNTERS - CIC-DDoS-2019 Features]
  NTP Amplification:
    Monlist queries:  6790
    Responses:        0  (avg size: 0 bytes)
  DNS Amplification:
    ANY queries:      0
    TXT queries:      0
    Responses:        635262062  (avg size: 108 bytes)
  SNMP Amplification:
    GetBulk requests: 0
    Responses:        0  (avg size: 0 bytes)
  SSDP:
    M-SEARCH packets: 0
    Responses:        47848
  PortMapper:
    GETPORT calls:    47206
    DUMP calls:       0
  NetBIOS:
    Name queries:     52629
    Datagram packets: 47367
  LDAP:
    Bind requests:    0
    Search requests:  47842
  MSSQL:
    SQLBatch packets: 46011
    RPC packets:      0
  TFTP:
    RRQ (read) pkts:  0
    WRQ (write) pkts: 0

[ATTACK DETECTIONS - Cumulative Events]
  UDP flood events:   7718
  UDP-lag events:     41
  SYN flood events:   0
  HTTP flood events:  0
  ICMP flood events:  0
  DNS amp events:     0
  NTP amp events:     0
  SNMP amp events:    0
  SSDP events:        0
  PortMap events:     0
  NetBIOS events:     0
  LDAP events:        0
  MSSQL events:       0
  TFTP events:        0
  ACK flood events:   0
  Frag attack events: 0
  Heavy-hitter events:10684 (OctoSketch per-IP detection)
  Packet flood events:0
  (Note: Events count IPs exceeding thresholds per 50ms window)

[ALERT STATUS]
  Alert level:        [0mNONE[0m
  Reason:             None

[MULTI-LF (2025) COMPARISON]
=== Detection Performance vs ML-Based System ===

  First Detection Latency:   1606.50 ms (vs MULTI-LF: 866 ms)
    Improvement:             0.5× faster

  Packets until detection:   874838481
  Bytes until detection:     111437274657 (106274.87 MB)

[OCTOSKETCH METRICS - Optimized Architecture]
=== Per-Worker Sketches + Sampling (1/32 packets) ===

  Architecture:              Per-worker (NO atomics, NO contention)
  Total sketch memory:       8961 KB (14 workers × 640.1 KB)
  Sampling rate:             1 in 32 packets (3.1% overhead)
  Attack traffic sampled:    24989792 updates
  Estimated attack packets:  799673344 (×32 sampling factor)
  Sketch overhead:           ~1.56% of fast-path cycles
  Memory efficiency:         O(1) constant, 640.1 KB per worker

[OCTOSKETCH HEAVY-HITTER DETECTION]
=== Top Attackers (per-IP tracking via Count-Min Sketch) ===

  Heavy-hitter threshold:    5000 pps per IP
  Heavy-hitters detected:    5 IPs exceeding threshold
  Total HH detections:       10684 events

  Top 5 Attackers (estimated counts, ×32 sampling):
    #1: 10.10.3.77 - 130688 pkts (26073 pps) [HEAVY-HITTER]
    #2: 10.10.3.155 - 130016 pkts (25939 pps) [HEAVY-HITTER]
    #3: 10.10.3.149 - 129888 pkts (25914 pps) [HEAVY-HITTER]
    #4: 10.10.3.3 - 129696 pkts (25876 pps) [HEAVY-HITTER]
    #5: 10.10.3.113 - 129664 pkts (25869 pps) [HEAVY-HITTER]

[RING BUFFER + MULTI-SCALE FEATURES]
=== Temporal Analysis (last 100 windows = 5.0 sec) ===

  Windows processed:         13490
  Buffer utilization:        100/100 (100.0%)
  Running baseline (ML):     0 pps (for ML features only)
  Detection mode:            FIXED THRESHOLDS

  [Temporal Features - Last Window]
    Delta PPS (250ms):       +0
    Delta PPS (500ms):       +0
    PPS Variance:            0
    Ratio vs Baseline:       1.00x

  [Multi-Scale Features]
    Top IP (50ms):           0 pps
    Top IP (1s):             0 pps
    Top IP (1min):           0 pps
    Burst Ratio (50ms/1min): 1.00x
    IP Concentration:        0.0%

[MULTIPLE DETECTION STATISTICS]
=== Aggregate Detection Analysis ===

  Total detection events:    7718
  Average detection latency: 69.63 ms
  Min detection latency:     53.72 ms
  Max detection latency:     115805.37 ms
  Latency range:             115751.65 ms

  Detection Latency Histogram:
    < 20 ms:  0 detections (0.0%)
    20-30 ms: 0 detections (0.0%)
    30-40 ms: 0 detections (0.0%)
    40-50 ms: 0 detections (0.0%)
    > 50 ms:  7717 detections (100.0%)

[PERFORMANCE METRICS]
  Throughput:         3.75 Gbps (5.31 Mpps)
  Cycles available:   563 cycles/pkt (lower = higher load)
  Active IPs:         0
  Worker threads:     14 (lcores 1-14)

[DPDK NIC STATISTICS]
  RX packets (NIC):   8872518051
  RX dropped (HW):    [0m0[0m (imissed)
  RX no mbufs:        [0m0[0m (buffer exhaustion)
  RX errors:          0
  Total drops:        [0m0 (0.00%)[0m
  RX burst calls:     112883584219 (95.1% empty)
  Processed pkts:     8872520739 (100.0% of NIC RX)


╔═══════════════════════════════════════════════════════════════════════╗
║          MIRA DDoS DETECTOR - STATISTICS (MULTI-CORE)                ║
╚═══════════════════════════════════════════════════════════════════════╝

[PACKET COUNTERS - GLOBAL]
  Total packets:      8914344515
  Baseline (10.10.2.x): 3747605767 (42.0%)
  Attack (10.10.3.x): 3086930189 (34.6%)
  TCP packets:        3967929154
  UDP packets:        4622287914
  ICMP packets:       324127447

[INSTANTANEOUS TRAFFIC - Last 5.0 seconds]
  Baseline (10.10.2.x): 26630071 pkts (100.0%)  2349279617 bytes  3.75 Gbps
  Attack (10.10.3.x): 0 pkts (0.0%)  0 bytes  0.00 Gbps
  Total throughput:   3.75 Gbps  (avg pkt: 88 bytes)

[CUMULATIVE TRAFFIC - Since first packet (725.2s)]
  Total received:     8914344515 pkts (12.29 Mpps) | 19.05 Gbps | 1727239610319 bytes

[ATTACK-SPECIFIC COUNTERS]
  SYN packets:        1075428457
  SYN-ACK packets:    537713511
  SYN/ACK ratio:      2.00
  HTTP requests:      1854132527
  DNS queries:        638402558

[PROTOCOL-SPECIFIC COUNTERS - CIC-DDoS-2019 Features]
  NTP Amplification:
    Monlist queries:  6790
    Responses:        0  (avg size: 0 bytes)
  DNS Amplification:
    ANY queries:      0
    TXT queries:      0
    Responses:        638398698  (avg size: 108 bytes)
  SNMP Amplification:
    GetBulk requests: 0
    Responses:        0  (avg size: 0 bytes)
  SSDP:
    M-SEARCH packets: 0
    Responses:        47848
  PortMapper:
    GETPORT calls:    47206
    DUMP calls:       0
  NetBIOS:
    Name queries:     52629
    Datagram packets: 47367
  LDAP:
    Bind requests:    0
    Search requests:  47842
  MSSQL:
    SQLBatch packets: 46011
    RPC packets:      0
  TFTP:
    RRQ (read) pkts:  0
    WRQ (write) pkts: 0

[ATTACK DETECTIONS - Cumulative Events]
  UDP flood events:   7718
  UDP-lag events:     41
  SYN flood events:   0
  HTTP flood events:  0
  ICMP flood events:  0
  DNS amp events:     0
  NTP amp events:     0
  SNMP amp events:    0
  SSDP events:        0
  PortMap events:     0
  NetBIOS events:     0
  LDAP events:        0
  MSSQL events:       0
  TFTP events:        0
  ACK flood events:   0
  Frag attack events: 0
  Heavy-hitter events:10684 (OctoSketch per-IP detection)
  Packet flood events:0
  (Note: Events count IPs exceeding thresholds per 50ms window)

[ALERT STATUS]
  Alert level:        [0mNONE[0m
  Reason:             None

[MULTI-LF (2025) COMPARISON]
=== Detection Performance vs ML-Based System ===

  First Detection Latency:   1606.50 ms (vs MULTI-LF: 866 ms)
    Improvement:             0.5× faster

  Packets until detection:   874838481
  Bytes until detection:     111437274657 (106274.87 MB)

[OCTOSKETCH METRICS - Optimized Architecture]
=== Per-Worker Sketches + Sampling (1/32 packets) ===

  Architecture:              Per-worker (NO atomics, NO contention)
  Total sketch memory:       8961 KB (14 workers × 640.1 KB)
  Sampling rate:             1 in 32 packets (3.1% overhead)
  Attack traffic sampled:    24989792 updates
  Estimated attack packets:  799673344 (×32 sampling factor)
  Sketch overhead:           ~1.56% of fast-path cycles
  Memory efficiency:         O(1) constant, 640.1 KB per worker

[OCTOSKETCH HEAVY-HITTER DETECTION]
=== Top Attackers (per-IP tracking via Count-Min Sketch) ===

  Heavy-hitter threshold:    5000 pps per IP
  Heavy-hitters detected:    5 IPs exceeding threshold
  Total HH detections:       10684 events

  Top 5 Attackers (estimated counts, ×32 sampling):
    #1: 10.10.3.77 - 130688 pkts (26076 pps) [HEAVY-HITTER]
    #2: 10.10.3.155 - 130016 pkts (25942 pps) [HEAVY-HITTER]
    #3: 10.10.3.149 - 129888 pkts (25917 pps) [HEAVY-HITTER]
    #4: 10.10.3.3 - 129696 pkts (25879 pps) [HEAVY-HITTER]
    #5: 10.10.3.113 - 129664 pkts (25872 pps) [HEAVY-HITTER]

[RING BUFFER + MULTI-SCALE FEATURES]
=== Temporal Analysis (last 100 windows = 5.0 sec) ===

  Windows processed:         13584
  Buffer utilization:        100/100 (100.0%)
  Running baseline (ML):     0 pps (for ML features only)
  Detection mode:            FIXED THRESHOLDS

  [Temporal Features - Last Window]
    Delta PPS (250ms):       +0
    Delta PPS (500ms):       +0
    PPS Variance:            0
    Ratio vs Baseline:       1.00x

  [Multi-Scale Features]
    Top IP (50ms):           0 pps
    Top IP (1s):             0 pps
    Top IP (1min):           0 pps
    Burst Ratio (50ms/1min): 1.00x
    IP Concentration:        0.0%

[MULTIPLE DETECTION STATISTICS]
=== Aggregate Detection Analysis ===

  Total detection events:    7718
  Average detection latency: 69.63 ms
  Min detection latency:     53.72 ms
  Max detection latency:     115805.37 ms
  Latency range:             115751.65 ms

  Detection Latency Histogram:
    < 20 ms:  0 detections (0.0%)
    20-30 ms: 0 detections (0.0%)
    30-40 ms: 0 detections (0.0%)
    40-50 ms: 0 detections (0.0%)
    > 50 ms:  7717 detections (100.0%)

[PERFORMANCE METRICS]
  Throughput:         3.75 Gbps (5.31 Mpps)
  Cycles available:   563 cycles/pkt (lower = higher load)
  Active IPs:         0
  Worker threads:     14 (lcores 1-14)

[DPDK NIC STATISTICS]
  RX packets (NIC):   8914341813
  RX dropped (HW):    [0m0[0m (imissed)
  RX no mbufs:        [0m0[0m (buffer exhaustion)
  RX errors:          0
  Total drops:        [0m0 (0.00%)[0m
  RX burst calls:     114102118024 (95.1% empty)
  Processed pkts:     8914344515 (100.0% of NIC RX)


╔═══════════════════════════════════════════════════════════════════════╗
║          MIRA DDoS DETECTOR - STATISTICS (MULTI-CORE)                ║
╚═══════════════════════════════════════════════════════════════════════╝

[PACKET COUNTERS - GLOBAL]
  Total packets:      8956175408
  Baseline (10.10.2.x): 3774243285 (42.1%)
  Attack (10.10.3.x): 3086930189 (34.5%)
  TCP packets:        3999306160
  UDP packets:        4630416070
  ICMP packets:       326453178

[INSTANTANEOUS TRAFFIC - Last 5.0 seconds]
  Baseline (10.10.2.x): 26636895 pkts (100.0%)  2350481135 bytes  3.75 Gbps
  Attack (10.10.3.x): 0 pkts (0.0%)  0 bytes  0.00 Gbps
  Total throughput:   3.75 Gbps  (avg pkt: 88 bytes)

[CUMULATIVE TRAFFIC - Since first packet (730.2s)]
  Total received:     8956175408 pkts (12.27 Mpps) | 18.98 Gbps | 1732512263344 bytes

[ATTACK-SPECIFIC COUNTERS]
  SYN packets:        1083621390
  SYN-ACK packets:    541809974
  SYN/ACK ratio:      2.00
  HTTP requests:      1871128316
  DNS queries:        641538329

[PROTOCOL-SPECIFIC COUNTERS - CIC-DDoS-2019 Features]
  NTP Amplification:
    Monlist queries:  6790
    Responses:        0  (avg size: 0 bytes)
  DNS Amplification:
    ANY queries:      0
    TXT queries:      0
    Responses:        641534462  (avg size: 108 bytes)
  SNMP Amplification:
    GetBulk requests: 0
    Responses:        0  (avg size: 0 bytes)
  SSDP:
    M-SEARCH packets: 0
    Responses:        47848
  PortMapper:
    GETPORT calls:    47206
    DUMP calls:       0
  NetBIOS:
    Name queries:     52629
    Datagram packets: 47367
  LDAP:
    Bind requests:    0
    Search requests:  47842
  MSSQL:
    SQLBatch packets: 46011
    RPC packets:      0
  TFTP:
    RRQ (read) pkts:  0
    WRQ (write) pkts: 0

[ATTACK DETECTIONS - Cumulative Events]
  UDP flood events:   7718
  UDP-lag events:     41
  SYN flood events:   0
  HTTP flood events:  0
  ICMP flood events:  0
  DNS amp events:     0
  NTP amp events:     0
  SNMP amp events:    0
  SSDP events:        0
  PortMap events:     0
  NetBIOS events:     0
  LDAP events:        0
  MSSQL events:       0
  TFTP events:        0
  ACK flood events:   0
  Frag attack events: 0
  Heavy-hitter events:10684 (OctoSketch per-IP detection)
  Packet flood events:0
  (Note: Events count IPs exceeding thresholds per 50ms window)

[ALERT STATUS]
  Alert level:        [0mNONE[0m
  Reason:             None

[MULTI-LF (2025) COMPARISON]
=== Detection Performance vs ML-Based System ===

  First Detection Latency:   1606.50 ms (vs MULTI-LF: 866 ms)
    Improvement:             0.5× faster

  Packets until detection:   874838481
  Bytes until detection:     111437274657 (106274.87 MB)

[OCTOSKETCH METRICS - Optimized Architecture]
=== Per-Worker Sketches + Sampling (1/32 packets) ===

  Architecture:              Per-worker (NO atomics, NO contention)
  Total sketch memory:       8961 KB (14 workers × 640.1 KB)
  Sampling rate:             1 in 32 packets (3.1% overhead)
  Attack traffic sampled:    24989792 updates
  Estimated attack packets:  799673344 (×32 sampling factor)
  Sketch overhead:           ~1.56% of fast-path cycles
  Memory efficiency:         O(1) constant, 640.1 KB per worker

[OCTOSKETCH HEAVY-HITTER DETECTION]
=== Top Attackers (per-IP tracking via Count-Min Sketch) ===

  Heavy-hitter threshold:    5000 pps per IP
  Heavy-hitters detected:    5 IPs exceeding threshold
  Total HH detections:       10684 events

  Top 5 Attackers (estimated counts, ×32 sampling):
    #1: 10.10.3.77 - 130688 pkts (26077 pps) [HEAVY-HITTER]
    #2: 10.10.3.155 - 130016 pkts (25943 pps) [HEAVY-HITTER]
    #3: 10.10.3.149 - 129888 pkts (25918 pps) [HEAVY-HITTER]
    #4: 10.10.3.3 - 129696 pkts (25879 pps) [HEAVY-HITTER]
    #5: 10.10.3.113 - 129664 pkts (25873 pps) [HEAVY-HITTER]

[RING BUFFER + MULTI-SCALE FEATURES]
=== Temporal Analysis (last 100 windows = 5.0 sec) ===

  Windows processed:         13678
  Buffer utilization:        100/100 (100.0%)
  Running baseline (ML):     0 pps (for ML features only)
  Detection mode:            FIXED THRESHOLDS

  [Temporal Features - Last Window]
    Delta PPS (250ms):       +0
    Delta PPS (500ms):       +0
    PPS Variance:            0
    Ratio vs Baseline:       1.00x

  [Multi-Scale Features]
    Top IP (50ms):           0 pps
    Top IP (1s):             0 pps
    Top IP (1min):           0 pps
    Burst Ratio (50ms/1min): 1.00x
    IP Concentration:        0.0%

[MULTIPLE DETECTION STATISTICS]
=== Aggregate Detection Analysis ===

  Total detection events:    7718
  Average detection latency: 69.63 ms
  Min detection latency:     53.72 ms
  Max detection latency:     115805.37 ms
  Latency range:             115751.65 ms

  Detection Latency Histogram:
    < 20 ms:  0 detections (0.0%)
    20-30 ms: 0 detections (0.0%)
    30-40 ms: 0 detections (0.0%)
    40-50 ms: 0 detections (0.0%)
    > 50 ms:  7717 detections (100.0%)

[PERFORMANCE METRICS]
  Throughput:         3.75 Gbps (5.32 Mpps)
  Cycles available:   563 cycles/pkt (lower = higher load)
  Active IPs:         0
  Worker threads:     14 (lcores 1-14)

[DPDK NIC STATISTICS]
  RX packets (NIC):   8956172408
  RX dropped (HW):    [0m0[0m (imissed)
  RX no mbufs:        [0m0[0m (buffer exhaustion)
  RX errors:          0
  Total drops:        [0m0 (0.00%)[0m
  RX burst calls:     115320695043 (95.2% empty)
  Processed pkts:     8956175408 (100.0% of NIC RX)


╔═══════════════════════════════════════════════════════════════════════╗
║          MIRA DDoS DETECTOR - STATISTICS (MULTI-CORE)                ║
╚═══════════════════════════════════════════════════════════════════════╝

[PACKET COUNTERS - GLOBAL]
  Total packets:      8997988899
  Baseline (10.10.2.x): 3800868167 (42.2%)
  Attack (10.10.3.x): 3086930189 (34.3%)
  TCP packets:        4030665047
  UDP packets:        4638545752
  ICMP packets:       328778100

[INSTANTANEOUS TRAFFIC - Last 5.0 seconds]
  Baseline (10.10.2.x): 26624253 pkts (100.0%)  2349189434 bytes  3.75 Gbps
  Attack (10.10.3.x): 0 pkts (0.0%)  0 bytes  0.00 Gbps
  Total throughput:   3.75 Gbps  (avg pkt: 88 bytes)

[CUMULATIVE TRAFFIC - Since first packet (735.2s)]
  Total received:     8997988899 pkts (12.24 Mpps) | 18.91 Gbps | 1737782475039 bytes

[ATTACK-SPECIFIC COUNTERS]
  SYN packets:        1091809455
  SYN-ACK packets:    545904009
  SYN/ACK ratio:      2.00
  HTTP requests:      1888115330
  DNS queries:        644675645

[PROTOCOL-SPECIFIC COUNTERS - CIC-DDoS-2019 Features]
  NTP Amplification:
    Monlist queries:  6790
    Responses:        0  (avg size: 0 bytes)
  DNS Amplification:
    ANY queries:      0
    TXT queries:      0
    Responses:        644671780  (avg size: 108 bytes)
  SNMP Amplification:
    GetBulk requests: 0
    Responses:        0  (avg size: 0 bytes)
  SSDP:
    M-SEARCH packets: 0
    Responses:        47848
  PortMapper:
    GETPORT calls:    47206
    DUMP calls:       0
  NetBIOS:
    Name queries:     52629
    Datagram packets: 47367
  LDAP:
    Bind requests:    0
    Search requests:  47842
  MSSQL:
    SQLBatch packets: 46011
    RPC packets:      0
  TFTP:
    RRQ (read) pkts:  0
    WRQ (write) pkts: 0

[ATTACK DETECTIONS - Cumulative Events]
  UDP flood events:   7718
  UDP-lag events:     41
  SYN flood events:   0
  HTTP flood events:  0
  ICMP flood events:  0
  DNS amp events:     0
  NTP amp events:     0
  SNMP amp events:    0
  SSDP events:        0
  PortMap events:     0
  NetBIOS events:     0
  LDAP events:        0
  MSSQL events:       0
  TFTP events:        0
  ACK flood events:   0
  Frag attack events: 0
  Heavy-hitter events:10684 (OctoSketch per-IP detection)
  Packet flood events:0
  (Note: Events count IPs exceeding thresholds per 50ms window)

[ALERT STATUS]
  Alert level:        [0mNONE[0m
  Reason:             None

[MULTI-LF (2025) COMPARISON]
=== Detection Performance vs ML-Based System ===

  First Detection Latency:   1606.50 ms (vs MULTI-LF: 866 ms)
    Improvement:             0.5× faster

  Packets until detection:   874838481
  Bytes until detection:     111437274657 (106274.87 MB)

[OCTOSKETCH METRICS - Optimized Architecture]
=== Per-Worker Sketches + Sampling (1/32 packets) ===

  Architecture:              Per-worker (NO atomics, NO contention)
  Total sketch memory:       8961 KB (14 workers × 640.1 KB)
  Sampling rate:             1 in 32 packets (3.1% overhead)
  Attack traffic sampled:    24989792 updates
  Estimated attack packets:  799673344 (×32 sampling factor)
  Sketch overhead:           ~1.56% of fast-path cycles
  Memory efficiency:         O(1) constant, 640.1 KB per worker

[OCTOSKETCH HEAVY-HITTER DETECTION]
=== Top Attackers (per-IP tracking via Count-Min Sketch) ===

  Heavy-hitter threshold:    5000 pps per IP
  Heavy-hitters detected:    5 IPs exceeding threshold
  Total HH detections:       10684 events

  Top 5 Attackers (estimated counts, ×32 sampling):
    #1: 10.10.3.77 - 130688 pkts (26077 pps) [HEAVY-HITTER]
    #2: 10.10.3.155 - 130016 pkts (25943 pps) [HEAVY-HITTER]
    #3: 10.10.3.149 - 129888 pkts (25918 pps) [HEAVY-HITTER]
    #4: 10.10.3.3 - 129696 pkts (25879 pps) [HEAVY-HITTER]
    #5: 10.10.3.113 - 129664 pkts (25873 pps) [HEAVY-HITTER]

[RING BUFFER + MULTI-SCALE FEATURES]
=== Temporal Analysis (last 100 windows = 5.0 sec) ===

  Windows processed:         13772
  Buffer utilization:        100/100 (100.0%)
  Running baseline (ML):     0 pps (for ML features only)
  Detection mode:            FIXED THRESHOLDS

  [Temporal Features - Last Window]
    Delta PPS (250ms):       +0
    Delta PPS (500ms):       +0
    PPS Variance:            0
    Ratio vs Baseline:       1.00x

  [Multi-Scale Features]
    Top IP (50ms):           0 pps
    Top IP (1s):             0 pps
    Top IP (1min):           0 pps
    Burst Ratio (50ms/1min): 1.00x
    IP Concentration:        0.0%

[MULTIPLE DETECTION STATISTICS]
=== Aggregate Detection Analysis ===

  Total detection events:    7718
  Average detection latency: 69.63 ms
  Min detection latency:     53.72 ms
  Max detection latency:     115805.37 ms
  Latency range:             115751.65 ms

  Detection Latency Histogram:
    < 20 ms:  0 detections (0.0%)
    20-30 ms: 0 detections (0.0%)
    30-40 ms: 0 detections (0.0%)
    40-50 ms: 0 detections (0.0%)
    > 50 ms:  7717 detections (100.0%)

[PERFORMANCE METRICS]
  Throughput:         3.75 Gbps (5.31 Mpps)
  Cycles available:   563 cycles/pkt (lower = higher load)
  Active IPs:         0
  Worker threads:     14 (lcores 1-14)

[DPDK NIC STATISTICS]
  RX packets (NIC):   8997985980
  RX dropped (HW):    [0m0[0m (imissed)
  RX no mbufs:        [0m0[0m (buffer exhaustion)
  RX errors:          0
  Total drops:        [0m0 (0.00%)[0m
  RX burst calls:     116539731663 (95.2% empty)
  Processed pkts:     8997988899 (100.0% of NIC RX)


╔═══════════════════════════════════════════════════════════════════════╗
║          MIRA DDoS DETECTOR - STATISTICS (MULTI-CORE)                ║
╚═══════════════════════════════════════════════════════════════════════╝

[PACKET COUNTERS - GLOBAL]
  Total packets:      9039750826
  Baseline (10.10.2.x): 3827411638 (42.3%)
  Attack (10.10.3.x): 3086930189 (34.1%)
  TCP packets:        4061583203
  UDP packets:        4647065036
  ICMP packets:       331102587

[INSTANTANEOUS TRAFFIC - Last 5.0 seconds]
  Baseline (10.10.2.x): 26542833 pkts (100.0%)  2345348761 bytes  3.74 Gbps
  Attack (10.10.3.x): 0 pkts (0.0%)  0 bytes  0.00 Gbps
  Total throughput:   3.74 Gbps  (avg pkt: 88 bytes)

[CUMULATIVE TRAFFIC - Since first packet (740.2s)]
  Total received:     9039750826 pkts (12.21 Mpps) | 18.84 Gbps | 1743030739634 bytes

[ATTACK-SPECIFIC COUNTERS]
  SYN packets:        1099887151
  SYN-ACK packets:    549942839
  SYN/ACK ratio:      2.00
  HTTP requests:      1904828268
  DNS queries:        648007890

[PROTOCOL-SPECIFIC COUNTERS - CIC-DDoS-2019 Features]
  NTP Amplification:
    Monlist queries:  6790
    Responses:        0  (avg size: 0 bytes)
  DNS Amplification:
    ANY queries:      0
    TXT queries:      0
    Responses:        648004025  (avg size: 108 bytes)
  SNMP Amplification:
    GetBulk requests: 0
    Responses:        0  (avg size: 0 bytes)
  SSDP:
    M-SEARCH packets: 0
    Responses:        47848
  PortMapper:
    GETPORT calls:    47206
    DUMP calls:       0
  NetBIOS:
    Name queries:     52629
    Datagram packets: 47367
  LDAP:
    Bind requests:    0
    Search requests:  47842
  MSSQL:
    SQLBatch packets: 46011
    RPC packets:      0
  TFTP:
    RRQ (read) pkts:  0
    WRQ (write) pkts: 0

[ATTACK DETECTIONS - Cumulative Events]
  UDP flood events:   7718
  UDP-lag events:     41
  SYN flood events:   0
  HTTP flood events:  0
  ICMP flood events:  0
  DNS amp events:     0
  NTP amp events:     0
  SNMP amp events:    0
  SSDP events:        0
  PortMap events:     0
  NetBIOS events:     0
  LDAP events:        0
  MSSQL events:       0
  TFTP events:        0
  ACK flood events:   0
  Frag attack events: 0
  Heavy-hitter events:10684 (OctoSketch per-IP detection)
  Packet flood events:0
  (Note: Events count IPs exceeding thresholds per 50ms window)

[ALERT STATUS]
  Alert level:        [0mNONE[0m
  Reason:             None

[MULTI-LF (2025) COMPARISON]
=== Detection Performance vs ML-Based System ===

  First Detection Latency:   1606.50 ms (vs MULTI-LF: 866 ms)
    Improvement:             0.5× faster

  Packets until detection:   874838481
  Bytes until detection:     111437274657 (106274.87 MB)

[OCTOSKETCH METRICS - Optimized Architecture]
=== Per-Worker Sketches + Sampling (1/32 packets) ===

  Architecture:              Per-worker (NO atomics, NO contention)
  Total sketch memory:       8961 KB (14 workers × 640.1 KB)
  Sampling rate:             1 in 32 packets (3.1% overhead)
  Attack traffic sampled:    24989792 updates
  Estimated attack packets:  799673344 (×32 sampling factor)
  Sketch overhead:           ~1.56% of fast-path cycles
  Memory efficiency:         O(1) constant, 640.1 KB per worker

[OCTOSKETCH HEAVY-HITTER DETECTION]
=== Top Attackers (per-IP tracking via Count-Min Sketch) ===

  Heavy-hitter threshold:    5000 pps per IP
  Heavy-hitters detected:    5 IPs exceeding threshold
  Total HH detections:       10684 events

  Top 5 Attackers (estimated counts, ×32 sampling):
    #1: 10.10.3.77 - 130688 pkts (26073 pps) [HEAVY-HITTER]
    #2: 10.10.3.155 - 130016 pkts (25939 pps) [HEAVY-HITTER]
    #3: 10.10.3.149 - 129888 pkts (25914 pps) [HEAVY-HITTER]
    #4: 10.10.3.3 - 129696 pkts (25875 pps) [HEAVY-HITTER]
    #5: 10.10.3.113 - 129664 pkts (25869 pps) [HEAVY-HITTER]

[RING BUFFER + MULTI-SCALE FEATURES]
=== Temporal Analysis (last 100 windows = 5.0 sec) ===

  Windows processed:         13866
  Buffer utilization:        100/100 (100.0%)
  Running baseline (ML):     0 pps (for ML features only)
  Detection mode:            FIXED THRESHOLDS

  [Temporal Features - Last Window]
    Delta PPS (250ms):       +0
    Delta PPS (500ms):       +0
    PPS Variance:            0
    Ratio vs Baseline:       1.00x

  [Multi-Scale Features]
    Top IP (50ms):           0 pps
    Top IP (1s):             0 pps
    Top IP (1min):           0 pps
    Burst Ratio (50ms/1min): 1.00x
    IP Concentration:        0.0%

[MULTIPLE DETECTION STATISTICS]
=== Aggregate Detection Analysis ===

  Total detection events:    7718
  Average detection latency: 69.63 ms
  Min detection latency:     53.72 ms
  Max detection latency:     115805.37 ms
  Latency range:             115751.65 ms

  Detection Latency Histogram:
    < 20 ms:  0 detections (0.0%)
    20-30 ms: 0 detections (0.0%)
    30-40 ms: 0 detections (0.0%)
    40-50 ms: 0 detections (0.0%)
    > 50 ms:  7717 detections (100.0%)

[PERFORMANCE METRICS]
  Throughput:         3.74 Gbps (5.30 Mpps)
  Cycles available:   565 cycles/pkt (lower = higher load)
  Active IPs:         0
  Worker threads:     14 (lcores 1-14)

[DPDK NIC STATISTICS]
  RX packets (NIC):   9039748397
  RX dropped (HW):    [0m0[0m (imissed)
  RX no mbufs:        [0m0[0m (buffer exhaustion)
  RX errors:          0
  Total drops:        [0m0 (0.00%)[0m
  RX burst calls:     117759702357 (95.2% empty)
  Processed pkts:     9039750826 (100.0% of NIC RX)


╔═══════════════════════════════════════════════════════════════════════╗
║          MIRA DDoS DETECTOR - STATISTICS (MULTI-CORE)                ║
╚═══════════════════════════════════════════════════════════════════════╝

[PACKET COUNTERS - GLOBAL]
  Total packets:      9080052259
  Baseline (10.10.2.x): 3851816847 (42.4%)
  Attack (10.10.3.x): 3086930189 (34.0%)
  TCP packets:        4081735383
  UDP packets:        4664973997
  ICMP packets:       333342879

[INSTANTANEOUS TRAFFIC - Last 5.0 seconds]
  Baseline (10.10.2.x): 24405149 pkts (100.0%)  2225194527 bytes  3.55 Gbps
  Attack (10.10.3.x): 0 pkts (0.0%)  0 bytes  0.00 Gbps
  Total throughput:   3.55 Gbps  (avg pkt: 91 bytes)

[CUMULATIVE TRAFFIC - Since first packet (745.2s)]
  Total received:     9080052259 pkts (12.18 Mpps) | 18.76 Gbps | 1747717126465 bytes

[ATTACK-SPECIFIC COUNTERS]
  SYN packets:        1105261236
  SYN-ACK packets:    552629882
  SYN/ACK ratio:      2.00
  HTTP requests:      1914903336
  DNS queries:        656066929

[PROTOCOL-SPECIFIC COUNTERS - CIC-DDoS-2019 Features]
  NTP Amplification:
    Monlist queries:  6790
    Responses:        0  (avg size: 0 bytes)
  DNS Amplification:
    ANY queries:      0
    TXT queries:      0
    Responses:        656063055  (avg size: 108 bytes)
  SNMP Amplification:
    GetBulk requests: 0
    Responses:        0  (avg size: 0 bytes)
  SSDP:
    M-SEARCH packets: 0
    Responses:        47848
  PortMapper:
    GETPORT calls:    47206
    DUMP calls:       0
  NetBIOS:
    Name queries:     52629
    Datagram packets: 47367
  LDAP:
    Bind requests:    0
    Search requests:  47842
  MSSQL:
    SQLBatch packets: 46011
    RPC packets:      0
  TFTP:
    RRQ (read) pkts:  0
    WRQ (write) pkts: 0

[ATTACK DETECTIONS - Cumulative Events]
  UDP flood events:   7718
  UDP-lag events:     41
  SYN flood events:   0
  HTTP flood events:  0
  ICMP flood events:  0
  DNS amp events:     0
  NTP amp events:     0
  SNMP amp events:    0
  SSDP events:        0
  PortMap events:     0
  NetBIOS events:     0
  LDAP events:        0
  MSSQL events:       0
  TFTP events:        0
  ACK flood events:   0
  Frag attack events: 0
  Heavy-hitter events:10684 (OctoSketch per-IP detection)
  Packet flood events:0
  (Note: Events count IPs exceeding thresholds per 50ms window)

[ALERT STATUS]
  Alert level:        [0mNONE[0m
  Reason:             None

[MULTI-LF (2025) COMPARISON]
=== Detection Performance vs ML-Based System ===

  First Detection Latency:   1606.50 ms (vs MULTI-LF: 866 ms)
    Improvement:             0.5× faster

  Packets until detection:   874838481
  Bytes until detection:     111437274657 (106274.87 MB)

[OCTOSKETCH METRICS - Optimized Architecture]
=== Per-Worker Sketches + Sampling (1/32 packets) ===

  Architecture:              Per-worker (NO atomics, NO contention)
  Total sketch memory:       8961 KB (14 workers × 640.1 KB)
  Sampling rate:             1 in 32 packets (3.1% overhead)
  Attack traffic sampled:    24989792 updates
  Estimated attack packets:  799673344 (×32 sampling factor)
  Sketch overhead:           ~1.56% of fast-path cycles
  Memory efficiency:         O(1) constant, 640.1 KB per worker

[OCTOSKETCH HEAVY-HITTER DETECTION]
=== Top Attackers (per-IP tracking via Count-Min Sketch) ===

  Heavy-hitter threshold:    5000 pps per IP
  Heavy-hitters detected:    5 IPs exceeding threshold
  Total HH detections:       10684 events

  Top 5 Attackers (estimated counts, ×32 sampling):
    #1: 10.10.3.77 - 130688 pkts (26073 pps) [HEAVY-HITTER]
    #2: 10.10.3.155 - 130016 pkts (25939 pps) [HEAVY-HITTER]
    #3: 10.10.3.149 - 129888 pkts (25913 pps) [HEAVY-HITTER]
    #4: 10.10.3.3 - 129696 pkts (25875 pps) [HEAVY-HITTER]
    #5: 10.10.3.113 - 129664 pkts (25869 pps) [HEAVY-HITTER]

[RING BUFFER + MULTI-SCALE FEATURES]
=== Temporal Analysis (last 100 windows = 5.0 sec) ===

  Windows processed:         13960
  Buffer utilization:        100/100 (100.0%)
  Running baseline (ML):     0 pps (for ML features only)
  Detection mode:            FIXED THRESHOLDS

  [Temporal Features - Last Window]
    Delta PPS (250ms):       +0
    Delta PPS (500ms):       +0
    PPS Variance:            0
    Ratio vs Baseline:       1.00x

  [Multi-Scale Features]
    Top IP (50ms):           0 pps
    Top IP (1s):             0 pps
    Top IP (1min):           0 pps
    Burst Ratio (50ms/1min): 1.00x
    IP Concentration:        0.0%

[MULTIPLE DETECTION STATISTICS]
=== Aggregate Detection Analysis ===

  Total detection events:    7718
  Average detection latency: 69.63 ms
  Min detection latency:     53.72 ms
  Max detection latency:     115805.37 ms
  Latency range:             115751.65 ms

  Detection Latency Histogram:
    < 20 ms:  0 detections (0.0%)
    20-30 ms: 0 detections (0.0%)
    30-40 ms: 0 detections (0.0%)
    40-50 ms: 0 detections (0.0%)
    > 50 ms:  7717 detections (100.0%)

[PERFORMANCE METRICS]
  Throughput:         3.55 Gbps (4.87 Mpps)
  Cycles available:   614 cycles/pkt (lower = higher load)
  Active IPs:         0
  Worker threads:     14 (lcores 1-14)

[DPDK NIC STATISTICS]
  RX packets (NIC):   9080049214
  RX dropped (HW):    [0m0[0m (imissed)
  RX no mbufs:        [0m0[0m (buffer exhaustion)
  RX errors:          0
  Total drops:        [0m0 (0.00%)[0m
  RX burst calls:     119006908277 (95.2% empty)
  Processed pkts:     9080052259 (100.0% of NIC RX)


╔═══════════════════════════════════════════════════════════════════════╗
║          MIRA DDoS DETECTOR - STATISTICS (MULTI-CORE)                ║
╚═══════════════════════════════════════════════════════════════════════╝

[PACKET COUNTERS - GLOBAL]
  Total packets:      9120373290
  Baseline (10.10.2.x): 3876230228 (42.5%)
  Attack (10.10.3.x): 3086930189 (33.8%)
  TCP packets:        4101895288
  UDP packets:        4682891603
  ICMP packets:       335586399

[INSTANTANEOUS TRAFFIC - Last 5.0 seconds]
  Baseline (10.10.2.x): 24412924 pkts (100.0%)  2224980997 bytes  3.55 Gbps
  Attack (10.10.3.x): 0 pkts (0.0%)  0 bytes  0.00 Gbps
  Total throughput:   3.55 Gbps  (avg pkt: 91 bytes)

[CUMULATIVE TRAFFIC - Since first packet (750.2s)]
  Total received:     9120373290 pkts (12.16 Mpps) | 18.69 Gbps | 1752405056636 bytes

[ATTACK-SPECIFIC COUNTERS]
  SYN packets:        1110637009
  SYN-ACK packets:    555317757
  SYN/ACK ratio:      2.00
  HTTP requests:      1924985005
  DNS queries:        664132286

[PROTOCOL-SPECIFIC COUNTERS - CIC-DDoS-2019 Features]
  NTP Amplification:
    Monlist queries:  6790
    Responses:        0  (avg size: 0 bytes)
  DNS Amplification:
    ANY queries:      0
    TXT queries:      0
    Responses:        664128420  (avg size: 108 bytes)
  SNMP Amplification:
    GetBulk requests: 0
    Responses:        0  (avg size: 0 bytes)
  SSDP:
    M-SEARCH packets: 0
    Responses:        47848
  PortMapper:
    GETPORT calls:    47206
    DUMP calls:       0
  NetBIOS:
    Name queries:     52629
    Datagram packets: 47367
  LDAP:
    Bind requests:    0
    Search requests:  47842
  MSSQL:
    SQLBatch packets: 46011
    RPC packets:      0
  TFTP:
    RRQ (read) pkts:  0
    WRQ (write) pkts: 0

[ATTACK DETECTIONS - Cumulative Events]
  UDP flood events:   7718
  UDP-lag events:     41
  SYN flood events:   0
  HTTP flood events:  0
  ICMP flood events:  0
  DNS amp events:     0
  NTP amp events:     0
  SNMP amp events:    0
  SSDP events:        0
  PortMap events:     0
  NetBIOS events:     0
  LDAP events:        0
  MSSQL events:       0
  TFTP events:        0
  ACK flood events:   0
  Frag attack events: 0
  Heavy-hitter events:10684 (OctoSketch per-IP detection)
  Packet flood events:0
  (Note: Events count IPs exceeding thresholds per 50ms window)

[ALERT STATUS]
  Alert level:        [0mNONE[0m
  Reason:             None

[MULTI-LF (2025) COMPARISON]
=== Detection Performance vs ML-Based System ===

  First Detection Latency:   1606.50 ms (vs MULTI-LF: 866 ms)
    Improvement:             0.5× faster

  Packets until detection:   874838481
  Bytes until detection:     111437274657 (106274.87 MB)

[OCTOSKETCH METRICS - Optimized Architecture]
=== Per-Worker Sketches + Sampling (1/32 packets) ===

  Architecture:              Per-worker (NO atomics, NO contention)
  Total sketch memory:       8961 KB (14 workers × 640.1 KB)
  Sampling rate:             1 in 32 packets (3.1% overhead)
  Attack traffic sampled:    24989792 updates
  Estimated attack packets:  799673344 (×32 sampling factor)
  Sketch overhead:           ~1.56% of fast-path cycles
  Memory efficiency:         O(1) constant, 640.1 KB per worker

[OCTOSKETCH HEAVY-HITTER DETECTION]
=== Top Attackers (per-IP tracking via Count-Min Sketch) ===

  Heavy-hitter threshold:    5000 pps per IP
  Heavy-hitters detected:    5 IPs exceeding threshold
  Total HH detections:       10684 events

  Top 5 Attackers (estimated counts, ×32 sampling):
    #1: 10.10.3.77 - 130688 pkts (26073 pps) [HEAVY-HITTER]
    #2: 10.10.3.155 - 130016 pkts (25939 pps) [HEAVY-HITTER]
    #3: 10.10.3.149 - 129888 pkts (25914 pps) [HEAVY-HITTER]
    #4: 10.10.3.3 - 129696 pkts (25876 pps) [HEAVY-HITTER]
    #5: 10.10.3.113 - 129664 pkts (25869 pps) [HEAVY-HITTER]

[RING BUFFER + MULTI-SCALE FEATURES]
=== Temporal Analysis (last 100 windows = 5.0 sec) ===

  Windows processed:         14054
  Buffer utilization:        100/100 (100.0%)
  Running baseline (ML):     0 pps (for ML features only)
  Detection mode:            FIXED THRESHOLDS

  [Temporal Features - Last Window]
    Delta PPS (250ms):       +0
    Delta PPS (500ms):       +0
    PPS Variance:            0
    Ratio vs Baseline:       1.00x

  [Multi-Scale Features]
    Top IP (50ms):           0 pps
    Top IP (1s):             0 pps
    Top IP (1min):           0 pps
    Burst Ratio (50ms/1min): 1.00x
    IP Concentration:        0.0%

[MULTIPLE DETECTION STATISTICS]
=== Aggregate Detection Analysis ===

  Total detection events:    7718
  Average detection latency: 69.63 ms
  Min detection latency:     53.72 ms
  Max detection latency:     115805.37 ms
  Latency range:             115751.65 ms

  Detection Latency Histogram:
    < 20 ms:  0 detections (0.0%)
    20-30 ms: 0 detections (0.0%)
    30-40 ms: 0 detections (0.0%)
    40-50 ms: 0 detections (0.0%)
    > 50 ms:  7717 detections (100.0%)

[PERFORMANCE METRICS]
  Throughput:         3.55 Gbps (4.87 Mpps)
  Cycles available:   614 cycles/pkt (lower = higher load)
  Active IPs:         0
  Worker threads:     14 (lcores 1-14)

[DPDK NIC STATISTICS]
  RX packets (NIC):   9120370529
  RX dropped (HW):    [0m0[0m (imissed)
  RX no mbufs:        [0m0[0m (buffer exhaustion)
  RX errors:          0
  Total drops:        [0m0 (0.00%)[0m
  RX burst calls:     120253624695 (95.3% empty)
  Processed pkts:     9120373290 (100.0% of NIC RX)


╔═══════════════════════════════════════════════════════════════════════╗
║          MIRA DDoS DETECTOR - STATISTICS (MULTI-CORE)                ║
╚═══════════════════════════════════════════════════════════════════════╝

[PACKET COUNTERS - GLOBAL]
  Total packets:      9160686627
  Baseline (10.10.2.x): 3900643446 (42.6%)
  Attack (10.10.3.x): 3086930189 (33.7%)
  TCP packets:        4122060167
  UDP packets:        4700799157
  ICMP packets:       337827303

[INSTANTANEOUS TRAFFIC - Last 5.0 seconds]
  Baseline (10.10.2.x): 24412600 pkts (100.0%)  2225831288 bytes  3.55 Gbps
  Attack (10.10.3.x): 0 pkts (0.0%)  0 bytes  0.00 Gbps
  Total throughput:   3.55 Gbps  (avg pkt: 91 bytes)

[CUMULATIVE TRAFFIC - Since first packet (755.2s)]
  Total received:     9160686627 pkts (12.13 Mpps) | 18.61 Gbps | 1757092978406 bytes

[ATTACK-SPECIFIC COUNTERS]
  SYN packets:        1116014334
  SYN-ACK packets:    558006423
  SYN/ACK ratio:      2.00
  HTTP requests:      1935067415
  DNS queries:        672190316

[PROTOCOL-SPECIFIC COUNTERS - CIC-DDoS-2019 Features]
  NTP Amplification:
    Monlist queries:  6790
    Responses:        0  (avg size: 0 bytes)
  DNS Amplification:
    ANY queries:      0
    TXT queries:      0
    Responses:        672186463  (avg size: 108 bytes)
  SNMP Amplification:
    GetBulk requests: 0
    Responses:        0  (avg size: 0 bytes)
  SSDP:
    M-SEARCH packets: 0
    Responses:        47848
  PortMapper:
    GETPORT calls:    47206
    DUMP calls:       0
  NetBIOS:
    Name queries:     52629
    Datagram packets: 47367
  LDAP:
    Bind requests:    0
    Search requests:  47842
  MSSQL:
    SQLBatch packets: 46011
    RPC packets:      0
  TFTP:
    RRQ (read) pkts:  0
    WRQ (write) pkts: 0

[ATTACK DETECTIONS - Cumulative Events]
  UDP flood events:   7718
  UDP-lag events:     41
  SYN flood events:   0
  HTTP flood events:  0
  ICMP flood events:  0
  DNS amp events:     0
  NTP amp events:     0
  SNMP amp events:    0
  SSDP events:        0
  PortMap events:     0
  NetBIOS events:     0
  LDAP events:        0
  MSSQL events:       0
  TFTP events:        0
  ACK flood events:   0
  Frag attack events: 0
  Heavy-hitter events:10684 (OctoSketch per-IP detection)
  Packet flood events:0
  (Note: Events count IPs exceeding thresholds per 50ms window)

[ALERT STATUS]
  Alert level:        [0mNONE[0m
  Reason:             None

[MULTI-LF (2025) COMPARISON]
=== Detection Performance vs ML-Based System ===

  First Detection Latency:   1606.50 ms (vs MULTI-LF: 866 ms)
    Improvement:             0.5× faster

  Packets until detection:   874838481
  Bytes until detection:     111437274657 (106274.87 MB)

[OCTOSKETCH METRICS - Optimized Architecture]
=== Per-Worker Sketches + Sampling (1/32 packets) ===

  Architecture:              Per-worker (NO atomics, NO contention)
  Total sketch memory:       8961 KB (14 workers × 640.1 KB)
  Sampling rate:             1 in 32 packets (3.1% overhead)
  Attack traffic sampled:    24989792 updates
  Estimated attack packets:  799673344 (×32 sampling factor)
  Sketch overhead:           ~1.56% of fast-path cycles
  Memory efficiency:         O(1) constant, 640.1 KB per worker

[OCTOSKETCH HEAVY-HITTER DETECTION]
=== Top Attackers (per-IP tracking via Count-Min Sketch) ===

  Heavy-hitter threshold:    5000 pps per IP
  Heavy-hitters detected:    5 IPs exceeding threshold
  Total HH detections:       10684 events

  Top 5 Attackers (estimated counts, ×32 sampling):
    #1: 10.10.3.77 - 130688 pkts (26073 pps) [HEAVY-HITTER]
    #2: 10.10.3.155 - 130016 pkts (25939 pps) [HEAVY-HITTER]
    #3: 10.10.3.149 - 129888 pkts (25914 pps) [HEAVY-HITTER]
    #4: 10.10.3.3 - 129696 pkts (25875 pps) [HEAVY-HITTER]
    #5: 10.10.3.113 - 129664 pkts (25869 pps) [HEAVY-HITTER]

[RING BUFFER + MULTI-SCALE FEATURES]
=== Temporal Analysis (last 100 windows = 5.0 sec) ===

  Windows processed:         14148
  Buffer utilization:        100/100 (100.0%)
  Running baseline (ML):     0 pps (for ML features only)
  Detection mode:            FIXED THRESHOLDS

  [Temporal Features - Last Window]
    Delta PPS (250ms):       +0
    Delta PPS (500ms):       +0
    PPS Variance:            0
    Ratio vs Baseline:       1.00x

  [Multi-Scale Features]
    Top IP (50ms):           0 pps
    Top IP (1s):             0 pps
    Top IP (1min):           0 pps
    Burst Ratio (50ms/1min): 1.00x
    IP Concentration:        0.0%

[MULTIPLE DETECTION STATISTICS]
=== Aggregate Detection Analysis ===

  Total detection events:    7718
  Average detection latency: 69.63 ms
  Min detection latency:     53.72 ms
  Max detection latency:     115805.37 ms
  Latency range:             115751.65 ms

  Detection Latency Histogram:
    < 20 ms:  0 detections (0.0%)
    20-30 ms: 0 detections (0.0%)
    30-40 ms: 0 detections (0.0%)
    40-50 ms: 0 detections (0.0%)
    > 50 ms:  7717 detections (100.0%)

[PERFORMANCE METRICS]
  Throughput:         3.55 Gbps (4.87 Mpps)
  Cycles available:   614 cycles/pkt (lower = higher load)
  Active IPs:         0
  Worker threads:     14 (lcores 1-14)

[DPDK NIC STATISTICS]
  RX packets (NIC):   9160683582
  RX dropped (HW):    [0m0[0m (imissed)
  RX no mbufs:        [0m0[0m (buffer exhaustion)
  RX errors:          0
  Total drops:        [0m0 (0.00%)[0m
  RX burst calls:     121500573594 (95.3% empty)
  Processed pkts:     9160686627 (100.0% of NIC RX)


╔═══════════════════════════════════════════════════════════════════════╗
║          MIRA DDoS DETECTOR - STATISTICS (MULTI-CORE)                ║
╚═══════════════════════════════════════════════════════════════════════╝

[PACKET COUNTERS - GLOBAL]
  Total packets:      9200909859
  Baseline (10.10.2.x): 3924999126 (42.7%)
  Attack (10.10.3.x): 3086930189 (33.6%)
  TCP packets:        4142172932
  UDP packets:        4718667975
  ICMP packets:       340068952

[INSTANTANEOUS TRAFFIC - Last 5.0 seconds]
  Baseline (10.10.2.x): 26096919 pkts (100.0%)  2376715214 bytes  3.80 Gbps
  Attack (10.10.3.x): 0 pkts (0.0%)  0 bytes  0.00 Gbps
  Total throughput:   3.80 Gbps  (avg pkt: 91 bytes)

[CUMULATIVE TRAFFIC - Since first packet (760.2s)]
  Total received:     9200909859 pkts (12.10 Mpps) | 18.54 Gbps | 1761769802323 bytes

[ATTACK-SPECIFIC COUNTERS]
  SYN packets:        1121377680
  SYN-ACK packets:    560688095
  SYN/ACK ratio:      2.00
  HTTP requests:      1945124478
  DNS queries:        680232580

[PROTOCOL-SPECIFIC COUNTERS - CIC-DDoS-2019 Features]
  NTP Amplification:
    Monlist queries:  6790
    Responses:        0  (avg size: 0 bytes)
  DNS Amplification:
    ANY queries:      0
    TXT queries:      0
    Responses:        680228711  (avg size: 108 bytes)
  SNMP Amplification:
    GetBulk requests: 0
    Responses:        0  (avg size: 0 bytes)
  SSDP:
    M-SEARCH packets: 0
    Responses:        47848
  PortMapper:
    GETPORT calls:    47206
    DUMP calls:       0
  NetBIOS:
    Name queries:     52629
    Datagram packets: 47367
  LDAP:
    Bind requests:    0
    Search requests:  47842
  MSSQL:
    SQLBatch packets: 46011
    RPC packets:      0
  TFTP:
    RRQ (read) pkts:  0
    WRQ (write) pkts: 0

[ATTACK DETECTIONS - Cumulative Events]
  UDP flood events:   7718
  UDP-lag events:     41
  SYN flood events:   0
  HTTP flood events:  0
  ICMP flood events:  0
  DNS amp events:     0
  NTP amp events:     0
  SNMP amp events:    0
  SSDP events:        0
  PortMap events:     0
  NetBIOS events:     0
  LDAP events:        0
  MSSQL events:       0
  TFTP events:        0
  ACK flood events:   0
  Frag attack events: 0
  Heavy-hitter events:10684 (OctoSketch per-IP detection)
  Packet flood events:0
  (Note: Events count IPs exceeding thresholds per 50ms window)

[ALERT STATUS]
  Alert level:        [0mNONE[0m
  Reason:             None

[MULTI-LF (2025) COMPARISON]
=== Detection Performance vs ML-Based System ===

  First Detection Latency:   1606.50 ms (vs MULTI-LF: 866 ms)
    Improvement:             0.5× faster

  Packets until detection:   874838481
  Bytes until detection:     111437274657 (106274.87 MB)

[OCTOSKETCH METRICS - Optimized Architecture]
=== Per-Worker Sketches + Sampling (1/32 packets) ===

  Architecture:              Per-worker (NO atomics, NO contention)
  Total sketch memory:       8961 KB (14 workers × 640.1 KB)
  Sampling rate:             1 in 32 packets (3.1% overhead)
  Attack traffic sampled:    24989792 updates
  Estimated attack packets:  799673344 (×32 sampling factor)
  Sketch overhead:           ~1.56% of fast-path cycles
  Memory efficiency:         O(1) constant, 640.1 KB per worker

[OCTOSKETCH HEAVY-HITTER DETECTION]
=== Top Attackers (per-IP tracking via Count-Min Sketch) ===

  Heavy-hitter threshold:    5000 pps per IP
  Heavy-hitters detected:    5 IPs exceeding threshold
  Total HH detections:       10684 events

  Top 5 Attackers (estimated counts, ×32 sampling):
    #1: 10.10.3.77 - 130688 pkts (26137 pps) [HEAVY-HITTER]
    #2: 10.10.3.155 - 130016 pkts (26002 pps) [HEAVY-HITTER]
    #3: 10.10.3.149 - 129888 pkts (25977 pps) [HEAVY-HITTER]
    #4: 10.10.3.3 - 129696 pkts (25938 pps) [HEAVY-HITTER]
    #5: 10.10.3.113 - 129664 pkts (25932 pps) [HEAVY-HITTER]

[RING BUFFER + MULTI-SCALE FEATURES]
=== Temporal Analysis (last 100 windows = 5.0 sec) ===

  Windows processed:         14242
  Buffer utilization:        100/100 (100.0%)
  Running baseline (ML):     0 pps (for ML features only)
  Detection mode:            FIXED THRESHOLDS

  [Temporal Features - Last Window]
    Delta PPS (250ms):       +0
    Delta PPS (500ms):       +0
    PPS Variance:            0
    Ratio vs Baseline:       1.00x

  [Multi-Scale Features]
    Top IP (50ms):           0 pps
    Top IP (1s):             0 pps
    Top IP (1min):           0 pps
    Burst Ratio (50ms/1min): 1.00x
    IP Concentration:        0.0%

[MULTIPLE DETECTION STATISTICS]
=== Aggregate Detection Analysis ===

  Total detection events:    7718
  Average detection latency: 69.63 ms
  Min detection latency:     53.72 ms
  Max detection latency:     115805.37 ms
  Latency range:             115751.65 ms

  Detection Latency Histogram:
    < 20 ms:  0 detections (0.0%)
    20-30 ms: 0 detections (0.0%)
    30-40 ms: 0 detections (0.0%)
    40-50 ms: 0 detections (0.0%)
    > 50 ms:  7717 detections (100.0%)

[PERFORMANCE METRICS]
  Throughput:         3.80 Gbps (5.22 Mpps)
  Cycles available:   573 cycles/pkt (lower = higher load)
  Active IPs:         0
  Worker threads:     14 (lcores 1-14)

[DPDK NIC STATISTICS]
  RX packets (NIC):   9200907238
  RX dropped (HW):    [0m0[0m (imissed)
  RX no mbufs:        [0m0[0m (buffer exhaustion)
  RX errors:          0
  Total drops:        [0m0 (0.00%)[0m
  RX burst calls:     122745388114 (95.3% empty)
  Processed pkts:     9200909859 (100.0% of NIC RX)


╔═══════════════════════════════════════════════════════════════════════╗
║          MIRA DDoS DETECTOR - STATISTICS (MULTI-CORE)                ║
╚═══════════════════════════════════════════════════════════════════════╝

[PACKET COUNTERS - GLOBAL]
  Total packets:      9241117238
  Baseline (10.10.2.x): 3949346744 (42.7%)
  Attack (10.10.3.x): 3086930189 (33.4%)
  TCP packets:        4162280223
  UDP packets:        4736532402
  ICMP packets:       342304613

[INSTANTANEOUS TRAFFIC - Last 5.0 seconds]
  Baseline (10.10.2.x): 24347163 pkts (100.0%)  2374240133 bytes  3.80 Gbps
  Attack (10.10.3.x): 0 pkts (0.0%)  0 bytes  0.00 Gbps
  Total throughput:   3.80 Gbps  (avg pkt: 98 bytes)

[CUMULATIVE TRAFFIC - Since first packet (765.2s)]
  Total received:     9241117238 pkts (12.08 Mpps) | 18.47 Gbps | 1766445104518 bytes

[ATTACK-SPECIFIC COUNTERS]
  SYN packets:        1126739697
  SYN-ACK packets:    563369105
  SYN/ACK ratio:      2.00
  HTTP requests:      1955177757
  DNS queries:        688272181

[PROTOCOL-SPECIFIC COUNTERS - CIC-DDoS-2019 Features]
  NTP Amplification:
    Monlist queries:  6790
    Responses:        0  (avg size: 0 bytes)
  DNS Amplification:
    ANY queries:      0
    TXT queries:      0
    Responses:        688268323  (avg size: 108 bytes)
  SNMP Amplification:
    GetBulk requests: 0
    Responses:        0  (avg size: 0 bytes)
  SSDP:
    M-SEARCH packets: 0
    Responses:        47848
  PortMapper:
    GETPORT calls:    47206
    DUMP calls:       0
  NetBIOS:
    Name queries:     52629
    Datagram packets: 47367
  LDAP:
    Bind requests:    0
    Search requests:  47842
  MSSQL:
    SQLBatch packets: 46011
    RPC packets:      0
  TFTP:
    RRQ (read) pkts:  0
    WRQ (write) pkts: 0

[ATTACK DETECTIONS - Cumulative Events]
  UDP flood events:   7718
  UDP-lag events:     41
  SYN flood events:   0
  HTTP flood events:  0
  ICMP flood events:  0
  DNS amp events:     0
  NTP amp events:     0
  SNMP amp events:    0
  SSDP events:        0
  PortMap events:     0
  NetBIOS events:     0
  LDAP events:        0
  MSSQL events:       0
  TFTP events:        0
  ACK flood events:   0
  Frag attack events: 0
  Heavy-hitter events:10684 (OctoSketch per-IP detection)
  Packet flood events:0
  (Note: Events count IPs exceeding thresholds per 50ms window)

[ALERT STATUS]
  Alert level:        [0mNONE[0m
  Reason:             None

[MULTI-LF (2025) COMPARISON]
=== Detection Performance vs ML-Based System ===

  First Detection Latency:   1606.50 ms (vs MULTI-LF: 866 ms)
    Improvement:             0.5× faster

  Packets until detection:   874838481
  Bytes until detection:     111437274657 (106274.87 MB)

[OCTOSKETCH METRICS - Optimized Architecture]
=== Per-Worker Sketches + Sampling (1/32 packets) ===

  Architecture:              Per-worker (NO atomics, NO contention)
  Total sketch memory:       8961 KB (14 workers × 640.1 KB)
  Sampling rate:             1 in 32 packets (3.1% overhead)
  Attack traffic sampled:    24989792 updates
  Estimated attack packets:  799673344 (×32 sampling factor)
  Sketch overhead:           ~1.56% of fast-path cycles
  Memory efficiency:         O(1) constant, 640.1 KB per worker

[OCTOSKETCH HEAVY-HITTER DETECTION]
=== Top Attackers (per-IP tracking via Count-Min Sketch) ===

  Heavy-hitter threshold:    5000 pps per IP
  Heavy-hitters detected:    5 IPs exceeding threshold
  Total HH detections:       10684 events

  Top 5 Attackers (estimated counts, ×32 sampling):
    #1: 10.10.3.77 - 130688 pkts (26130 pps) [HEAVY-HITTER]
    #2: 10.10.3.155 - 130016 pkts (25995 pps) [HEAVY-HITTER]
    #3: 10.10.3.149 - 129888 pkts (25970 pps) [HEAVY-HITTER]
    #4: 10.10.3.3 - 129696 pkts (25931 pps) [HEAVY-HITTER]
    #5: 10.10.3.113 - 129664 pkts (25925 pps) [HEAVY-HITTER]

[RING BUFFER + MULTI-SCALE FEATURES]
=== Temporal Analysis (last 100 windows = 5.0 sec) ===

  Windows processed:         14335
  Buffer utilization:        100/100 (100.0%)
  Running baseline (ML):     0 pps (for ML features only)
  Detection mode:            FIXED THRESHOLDS

  [Temporal Features - Last Window]
    Delta PPS (250ms):       +0
    Delta PPS (500ms):       +0
    PPS Variance:            0
    Ratio vs Baseline:       1.00x

  [Multi-Scale Features]
    Top IP (50ms):           0 pps
    Top IP (1s):             0 pps
    Top IP (1min):           0 pps
    Burst Ratio (50ms/1min): 1.00x
    IP Concentration:        0.0%

[MULTIPLE DETECTION STATISTICS]
=== Aggregate Detection Analysis ===

  Total detection events:    7718
  Average detection latency: 69.63 ms
  Min detection latency:     53.72 ms
  Max detection latency:     115805.37 ms
  Latency range:             115751.65 ms

  Detection Latency Histogram:
    < 20 ms:  0 detections (0.0%)
    20-30 ms: 0 detections (0.0%)
    30-40 ms: 0 detections (0.0%)
    40-50 ms: 0 detections (0.0%)
    > 50 ms:  7717 detections (100.0%)

[PERFORMANCE METRICS]
  Throughput:         3.80 Gbps (4.87 Mpps)
  Cycles available:   614 cycles/pkt (lower = higher load)
  Active IPs:         0
  Worker threads:     14 (lcores 1-14)

[DPDK NIC STATISTICS]
  RX packets (NIC):   9241114686
  RX dropped (HW):    [0m0[0m (imissed)
  RX no mbufs:        [0m0[0m (buffer exhaustion)
  RX errors:          0
  Total drops:        [0m0 (0.00%)[0m
  RX burst calls:     123989324428 (95.4% empty)
  Processed pkts:     9241117238 (100.0% of NIC RX)


╔═══════════════════════════════════════════════════════════════════════╗
║          MIRA DDoS DETECTOR - STATISTICS (MULTI-CORE)                ║
╚═══════════════════════════════════════════════════════════════════════╝

[PACKET COUNTERS - GLOBAL]
  Total packets:      9281359950
  Baseline (10.10.2.x): 3973714834 (42.8%)
  Attack (10.10.3.x): 3086930189 (33.3%)
  TCP packets:        4182400037
  UDP packets:        4754418785
  ICMP packets:       344541128

[INSTANTANEOUS TRAFFIC - Last 5.0 seconds]
  Baseline (10.10.2.x): 24367500 pkts (100.0%)  2379531852 bytes  3.80 Gbps
  Attack (10.10.3.x): 0 pkts (0.0%)  0 bytes  0.00 Gbps
  Total throughput:   3.80 Gbps  (avg pkt: 98 bytes)

[CUMULATIVE TRAFFIC - Since first packet (770.2s)]
  Total received:     9281359950 pkts (12.05 Mpps) | 18.40 Gbps | 1771124308497 bytes

[ATTACK-SPECIFIC COUNTERS]
  SYN packets:        1132105034
  SYN-ACK packets:    566051763
  SYN/ACK ratio:      2.00
  HTTP requests:      1965237424
  DNS queries:        696322060

[PROTOCOL-SPECIFIC COUNTERS - CIC-DDoS-2019 Features]
  NTP Amplification:
    Monlist queries:  6790
    Responses:        0  (avg size: 0 bytes)
  DNS Amplification:
    ANY queries:      0
    TXT queries:      0
    Responses:        696318198  (avg size: 108 bytes)
  SNMP Amplification:
    GetBulk requests: 0
    Responses:        0  (avg size: 0 bytes)
  SSDP:
    M-SEARCH packets: 0
    Responses:        47848
  PortMapper:
    GETPORT calls:    47206
    DUMP calls:       0
  NetBIOS:
    Name queries:     52629
    Datagram packets: 47367
  LDAP:
    Bind requests:    0
    Search requests:  47842
  MSSQL:
    SQLBatch packets: 46011
    RPC packets:      0
  TFTP:
    RRQ (read) pkts:  0
    WRQ (write) pkts: 0

[ATTACK DETECTIONS - Cumulative Events]
  UDP flood events:   7718
  UDP-lag events:     41
  SYN flood events:   0
  HTTP flood events:  0
  ICMP flood events:  0
  DNS amp events:     0
  NTP amp events:     0
  SNMP amp events:    0
  SSDP events:        0
  PortMap events:     0
  NetBIOS events:     0
  LDAP events:        0
  MSSQL events:       0
  TFTP events:        0
  ACK flood events:   0
  Frag attack events: 0
  Heavy-hitter events:10684 (OctoSketch per-IP detection)
  Packet flood events:0
  (Note: Events count IPs exceeding thresholds per 50ms window)

[ALERT STATUS]
  Alert level:        [0mNONE[0m
  Reason:             None

[MULTI-LF (2025) COMPARISON]
=== Detection Performance vs ML-Based System ===

  First Detection Latency:   1606.50 ms (vs MULTI-LF: 866 ms)
    Improvement:             0.5× faster

  Packets until detection:   874838481
  Bytes until detection:     111437274657 (106274.87 MB)

[OCTOSKETCH METRICS - Optimized Architecture]
=== Per-Worker Sketches + Sampling (1/32 packets) ===

  Architecture:              Per-worker (NO atomics, NO contention)
  Total sketch memory:       8961 KB (14 workers × 640.1 KB)
  Sampling rate:             1 in 32 packets (3.1% overhead)
  Attack traffic sampled:    24989792 updates
  Estimated attack packets:  799673344 (×32 sampling factor)
  Sketch overhead:           ~1.56% of fast-path cycles
  Memory efficiency:         O(1) constant, 640.1 KB per worker

[OCTOSKETCH HEAVY-HITTER DETECTION]
=== Top Attackers (per-IP tracking via Count-Min Sketch) ===

  Heavy-hitter threshold:    5000 pps per IP
  Heavy-hitters detected:    5 IPs exceeding threshold
  Total HH detections:       10684 events

  Top 5 Attackers (estimated counts, ×32 sampling):
    #1: 10.10.3.77 - 130688 pkts (26120 pps) [HEAVY-HITTER]
    #2: 10.10.3.155 - 130016 pkts (25985 pps) [HEAVY-HITTER]
    #3: 10.10.3.149 - 129888 pkts (25960 pps) [HEAVY-HITTER]
    #4: 10.10.3.3 - 129696 pkts (25922 pps) [HEAVY-HITTER]
    #5: 10.10.3.113 - 129664 pkts (25915 pps) [HEAVY-HITTER]

[RING BUFFER + MULTI-SCALE FEATURES]
=== Temporal Analysis (last 100 windows = 5.0 sec) ===

  Windows processed:         14429
  Buffer utilization:        100/100 (100.0%)
  Running baseline (ML):     0 pps (for ML features only)
  Detection mode:            FIXED THRESHOLDS

  [Temporal Features - Last Window]
    Delta PPS (250ms):       +0
    Delta PPS (500ms):       +0
    PPS Variance:            0
    Ratio vs Baseline:       1.00x

  [Multi-Scale Features]
    Top IP (50ms):           0 pps
    Top IP (1s):             0 pps
    Top IP (1min):           0 pps
    Burst Ratio (50ms/1min): 1.00x
    IP Concentration:        0.0%

[MULTIPLE DETECTION STATISTICS]
=== Aggregate Detection Analysis ===

  Total detection events:    7718
  Average detection latency: 69.63 ms
  Min detection latency:     53.72 ms
  Max detection latency:     115805.37 ms
  Latency range:             115751.65 ms

  Detection Latency Histogram:
    < 20 ms:  0 detections (0.0%)
    20-30 ms: 0 detections (0.0%)
    30-40 ms: 0 detections (0.0%)
    40-50 ms: 0 detections (0.0%)
    > 50 ms:  7717 detections (100.0%)

[PERFORMANCE METRICS]
  Throughput:         3.80 Gbps (4.87 Mpps)
  Cycles available:   614 cycles/pkt (lower = higher load)
  Active IPs:         0
  Worker threads:     14 (lcores 1-14)

[DPDK NIC STATISTICS]
  RX packets (NIC):   9281357194
  RX dropped (HW):    [0m0[0m (imissed)
  RX no mbufs:        [0m0[0m (buffer exhaustion)
  RX errors:          0
  Total drops:        [0m0 (0.00%)[0m
  RX burst calls:     125233952002 (95.4% empty)
  Processed pkts:     9281359950 (100.0% of NIC RX)


╔═══════════════════════════════════════════════════════════════════════╗
║          MIRA DDoS DETECTOR - STATISTICS (MULTI-CORE)                ║
╚═══════════════════════════════════════════════════════════════════════╝

[PACKET COUNTERS - GLOBAL]
  Total packets:      9321597987
  Baseline (10.10.2.x): 3998078800 (42.9%)
  Attack (10.10.3.x): 3086930189 (33.1%)
  TCP packets:        4202519435
  UDP packets:        4772298502
  ICMP packets:       346780050

[INSTANTANEOUS TRAFFIC - Last 5.0 seconds]
  Baseline (10.10.2.x): 24363422 pkts (100.0%)  2220712052 bytes  3.55 Gbps
  Attack (10.10.3.x): 0 pkts (0.0%)  0 bytes  0.00 Gbps
  Total throughput:   3.55 Gbps  (avg pkt: 91 bytes)

[CUMULATIVE TRAFFIC - Since first packet (775.2s)]
  Total received:     9321597987 pkts (12.02 Mpps) | 18.33 Gbps | 1775802792454 bytes

[ATTACK-SPECIFIC COUNTERS]
  SYN packets:        1137470067
  SYN-ACK packets:    568734278
  SYN/ACK ratio:      2.00
  HTTP requests:      1975298384
  DNS queries:        704369771

[PROTOCOL-SPECIFIC COUNTERS - CIC-DDoS-2019 Features]
  NTP Amplification:
    Monlist queries:  6790
    Responses:        0  (avg size: 0 bytes)
  DNS Amplification:
    ANY queries:      0
    TXT queries:      0
    Responses:        704365913  (avg size: 108 bytes)
  SNMP Amplification:
    GetBulk requests: 0
    Responses:        0  (avg size: 0 bytes)
  SSDP:
    M-SEARCH packets: 0
    Responses:        47848
  PortMapper:
    GETPORT calls:    47206
    DUMP calls:       0
  NetBIOS:
    Name queries:     52629
    Datagram packets: 47367
  LDAP:
    Bind requests:    0
    Search requests:  47842
  MSSQL:
    SQLBatch packets: 46011
    RPC packets:      0
  TFTP:
    RRQ (read) pkts:  0
    WRQ (write) pkts: 0

[ATTACK DETECTIONS - Cumulative Events]
  UDP flood events:   7718
  UDP-lag events:     41
  SYN flood events:   0
  HTTP flood events:  0
  ICMP flood events:  0
  DNS amp events:     0
  NTP amp events:     0
  SNMP amp events:    0
  SSDP events:        0
  PortMap events:     0
  NetBIOS events:     0
  LDAP events:        0
  MSSQL events:       0
  TFTP events:        0
  ACK flood events:   0
  Frag attack events: 0
  Heavy-hitter events:10684 (OctoSketch per-IP detection)
  Packet flood events:0
  (Note: Events count IPs exceeding thresholds per 50ms window)

[ALERT STATUS]
  Alert level:        [0mNONE[0m
  Reason:             None

[MULTI-LF (2025) COMPARISON]
=== Detection Performance vs ML-Based System ===

  First Detection Latency:   1606.50 ms (vs MULTI-LF: 866 ms)
    Improvement:             0.5× faster

  Packets until detection:   874838481
  Bytes until detection:     111437274657 (106274.87 MB)

[OCTOSKETCH METRICS - Optimized Architecture]
=== Per-Worker Sketches + Sampling (1/32 packets) ===

  Architecture:              Per-worker (NO atomics, NO contention)
  Total sketch memory:       8961 KB (14 workers × 640.1 KB)
  Sampling rate:             1 in 32 packets (3.1% overhead)
  Attack traffic sampled:    24989792 updates
  Estimated attack packets:  799673344 (×32 sampling factor)
  Sketch overhead:           ~1.56% of fast-path cycles
  Memory efficiency:         O(1) constant, 640.1 KB per worker

[OCTOSKETCH HEAVY-HITTER DETECTION]
=== Top Attackers (per-IP tracking via Count-Min Sketch) ===

  Heavy-hitter threshold:    5000 pps per IP
  Heavy-hitters detected:    5 IPs exceeding threshold
  Total HH detections:       10684 events

  Top 5 Attackers (estimated counts, ×32 sampling):
    #1: 10.10.3.77 - 130688 pkts (26126 pps) [HEAVY-HITTER]
    #2: 10.10.3.155 - 130016 pkts (25992 pps) [HEAVY-HITTER]
    #3: 10.10.3.149 - 129888 pkts (25966 pps) [HEAVY-HITTER]
    #4: 10.10.3.3 - 129696 pkts (25928 pps) [HEAVY-HITTER]
    #5: 10.10.3.113 - 129664 pkts (25921 pps) [HEAVY-HITTER]

[RING BUFFER + MULTI-SCALE FEATURES]
=== Temporal Analysis (last 100 windows = 5.0 sec) ===

  Windows processed:         14523
  Buffer utilization:        100/100 (100.0%)
  Running baseline (ML):     0 pps (for ML features only)
  Detection mode:            FIXED THRESHOLDS

  [Temporal Features - Last Window]
    Delta PPS (250ms):       +0
    Delta PPS (500ms):       +0
    PPS Variance:            0
    Ratio vs Baseline:       1.00x

  [Multi-Scale Features]
    Top IP (50ms):           0 pps
    Top IP (1s):             0 pps
    Top IP (1min):           0 pps
    Burst Ratio (50ms/1min): 1.00x
    IP Concentration:        0.0%

[MULTIPLE DETECTION STATISTICS]
=== Aggregate Detection Analysis ===

  Total detection events:    7718
  Average detection latency: 69.63 ms
  Min detection latency:     53.72 ms
  Max detection latency:     115805.37 ms
  Latency range:             115751.65 ms

  Detection Latency Histogram:
    < 20 ms:  0 detections (0.0%)
    20-30 ms: 0 detections (0.0%)
    30-40 ms: 0 detections (0.0%)
    40-50 ms: 0 detections (0.0%)
    > 50 ms:  7717 detections (100.0%)

[PERFORMANCE METRICS]
  Throughput:         3.55 Gbps (4.87 Mpps)
  Cycles available:   614 cycles/pkt (lower = higher load)
  Active IPs:         0
  Worker threads:     14 (lcores 1-14)

[DPDK NIC STATISTICS]
  RX packets (NIC):   9321594943
  RX dropped (HW):    [0m0[0m (imissed)
  RX no mbufs:        [0m0[0m (buffer exhaustion)
  RX errors:          0
  Total drops:        [0m0 (0.00%)[0m
  RX burst calls:     126478430699 (95.4% empty)
  Processed pkts:     9321597987 (100.0% of NIC RX)


╔═══════════════════════════════════════════════════════════════════════╗
║          MIRA DDoS DETECTOR - STATISTICS (MULTI-CORE)                ║
╚═══════════════════════════════════════════════════════════════════════╝

[PACKET COUNTERS - GLOBAL]
  Total packets:      9361821731
  Baseline (10.10.2.x): 4022434062 (43.0%)
  Attack (10.10.3.x): 3086930189 (33.0%)
  TCP packets:        4222621521
  UDP packets:        4790181643
  ICMP packets:       349018567

[INSTANTANEOUS TRAFFIC - Last 5.0 seconds]
  Baseline (10.10.2.x): 27876153 pkts (100.0%)  2541216529 bytes  4.06 Gbps
  Attack (10.10.3.x): 0 pkts (0.0%)  0 bytes  0.00 Gbps
  Total throughput:   4.06 Gbps  (avg pkt: 91 bytes)

[CUMULATIVE TRAFFIC - Since first packet (780.2s)]
  Total received:     9361821731 pkts (12.00 Mpps) | 18.26 Gbps | 1780479371869 bytes

[ATTACK-SPECIFIC COUNTERS]
  SYN packets:        1142830753
  SYN-ACK packets:    571414626
  SYN/ACK ratio:      2.00
  HTTP requests:      1985348623
  DNS queries:        712418595

[PROTOCOL-SPECIFIC COUNTERS - CIC-DDoS-2019 Features]
  NTP Amplification:
    Monlist queries:  6790
    Responses:        0  (avg size: 0 bytes)
  DNS Amplification:
    ANY queries:      0
    TXT queries:      0
    Responses:        712414723  (avg size: 108 bytes)
  SNMP Amplification:
    GetBulk requests: 0
    Responses:        0  (avg size: 0 bytes)
  SSDP:
    M-SEARCH packets: 0
    Responses:        47848
  PortMapper:
    GETPORT calls:    47206
    DUMP calls:       0
  NetBIOS:
    Name queries:     52629
    Datagram packets: 47367
  LDAP:
    Bind requests:    0
    Search requests:  47842
  MSSQL:
    SQLBatch packets: 46011
    RPC packets:      0
  TFTP:
    RRQ (read) pkts:  0
    WRQ (write) pkts: 0

[ATTACK DETECTIONS - Cumulative Events]
  UDP flood events:   7718
  UDP-lag events:     41
  SYN flood events:   0
  HTTP flood events:  0
  ICMP flood events:  0
  DNS amp events:     0
  NTP amp events:     0
  SNMP amp events:    0
  SSDP events:        0
  PortMap events:     0
  NetBIOS events:     0
  LDAP events:        0
  MSSQL events:       0
  TFTP events:        0
  ACK flood events:   0
  Frag attack events: 0
  Heavy-hitter events:10684 (OctoSketch per-IP detection)
  Packet flood events:0
  (Note: Events count IPs exceeding thresholds per 50ms window)

[ALERT STATUS]
  Alert level:        [0mNONE[0m
  Reason:             None

[MULTI-LF (2025) COMPARISON]
=== Detection Performance vs ML-Based System ===

  First Detection Latency:   1606.50 ms (vs MULTI-LF: 866 ms)
    Improvement:             0.5× faster

  Packets until detection:   874838481
  Bytes until detection:     111437274657 (106274.87 MB)

[OCTOSKETCH METRICS - Optimized Architecture]
=== Per-Worker Sketches + Sampling (1/32 packets) ===

  Architecture:              Per-worker (NO atomics, NO contention)
  Total sketch memory:       8961 KB (14 workers × 640.1 KB)
  Sampling rate:             1 in 32 packets (3.1% overhead)
  Attack traffic sampled:    24989792 updates
  Estimated attack packets:  799673344 (×32 sampling factor)
  Sketch overhead:           ~1.56% of fast-path cycles
  Memory efficiency:         O(1) constant, 640.1 KB per worker

[OCTOSKETCH HEAVY-HITTER DETECTION]
=== Top Attackers (per-IP tracking via Count-Min Sketch) ===

  Heavy-hitter threshold:    5000 pps per IP
  Heavy-hitters detected:    5 IPs exceeding threshold
  Total HH detections:       10684 events

  Top 5 Attackers (estimated counts, ×32 sampling):
    #1: 10.10.3.77 - 130688 pkts (26127 pps) [HEAVY-HITTER]
    #2: 10.10.3.155 - 130016 pkts (25992 pps) [HEAVY-HITTER]
    #3: 10.10.3.149 - 129888 pkts (25967 pps) [HEAVY-HITTER]
    #4: 10.10.3.3 - 129696 pkts (25928 pps) [HEAVY-HITTER]
    #5: 10.10.3.113 - 129664 pkts (25922 pps) [HEAVY-HITTER]

[RING BUFFER + MULTI-SCALE FEATURES]
=== Temporal Analysis (last 100 windows = 5.0 sec) ===

  Windows processed:         14617
  Buffer utilization:        100/100 (100.0%)
  Running baseline (ML):     0 pps (for ML features only)
  Detection mode:            FIXED THRESHOLDS

  [Temporal Features - Last Window]
    Delta PPS (250ms):       +0
    Delta PPS (500ms):       +0
    PPS Variance:            0
    Ratio vs Baseline:       1.00x

  [Multi-Scale Features]
    Top IP (50ms):           0 pps
    Top IP (1s):             0 pps
    Top IP (1min):           0 pps
    Burst Ratio (50ms/1min): 1.00x
    IP Concentration:        0.0%

[MULTIPLE DETECTION STATISTICS]
=== Aggregate Detection Analysis ===

  Total detection events:    7718
  Average detection latency: 69.63 ms
  Min detection latency:     53.72 ms
  Max detection latency:     115805.37 ms
  Latency range:             115751.65 ms

  Detection Latency Histogram:
    < 20 ms:  0 detections (0.0%)
    20-30 ms: 0 detections (0.0%)
    30-40 ms: 0 detections (0.0%)
    40-50 ms: 0 detections (0.0%)
    > 50 ms:  7717 detections (100.0%)

[PERFORMANCE METRICS]
  Throughput:         4.06 Gbps (5.57 Mpps)
  Cycles available:   537 cycles/pkt (lower = higher load)
  Active IPs:         0
  Worker threads:     14 (lcores 1-14)

[DPDK NIC STATISTICS]
  RX packets (NIC):   9361818707
  RX dropped (HW):    [0m0[0m (imissed)
  RX no mbufs:        [0m0[0m (buffer exhaustion)
  RX errors:          0
  Total drops:        [0m0 (0.00%)[0m
  RX burst calls:     127723631274 (95.4% empty)
  Processed pkts:     9361821731 (100.0% of NIC RX)


╔═══════════════════════════════════════════════════════════════════════╗
║          MIRA DDoS DETECTOR - STATISTICS (MULTI-CORE)                ║
╚═══════════════════════════════════════════════════════════════════════╝

[PACKET COUNTERS - GLOBAL]
  Total packets:      9402146437
  Baseline (10.10.2.x): 4046852597 (43.0%)
  Attack (10.10.3.x): 3086930189 (32.8%)
  TCP packets:        4242783020
  UDP packets:        4808102108
  ICMP packets:       351261309

[INSTANTANEOUS TRAFFIC - Last 5.0 seconds]
  Baseline (10.10.2.x): 24418074 pkts (100.0%)  2226342638 bytes  3.55 Gbps
  Attack (10.10.3.x): 0 pkts (0.0%)  0 bytes  0.00 Gbps
  Total throughput:   3.55 Gbps  (avg pkt: 91 bytes)

[CUMULATIVE TRAFFIC - Since first packet (785.3s)]
  Total received:     9402146437 pkts (11.97 Mpps) | 18.19 Gbps | 1785168388193 bytes

[ATTACK-SPECIFIC COUNTERS]
  SYN packets:        1148207148
  SYN-ACK packets:    574102817
  SYN/ACK ratio:      2.00
  HTTP requests:      1995429714
  DNS queries:        720482773

[PROTOCOL-SPECIFIC COUNTERS - CIC-DDoS-2019 Features]
  NTP Amplification:
    Monlist queries:  6790
    Responses:        0  (avg size: 0 bytes)
  DNS Amplification:
    ANY queries:      0
    TXT queries:      0
    Responses:        720478910  (avg size: 108 bytes)
  SNMP Amplification:
    GetBulk requests: 0
    Responses:        0  (avg size: 0 bytes)
  SSDP:
    M-SEARCH packets: 0
    Responses:        47848
  PortMapper:
    GETPORT calls:    47206
    DUMP calls:       0
  NetBIOS:
    Name queries:     52629
    Datagram packets: 47367
  LDAP:
    Bind requests:    0
    Search requests:  47842
  MSSQL:
    SQLBatch packets: 46011
    RPC packets:      0
  TFTP:
    RRQ (read) pkts:  0
    WRQ (write) pkts: 0

[ATTACK DETECTIONS - Cumulative Events]
  UDP flood events:   7718
  UDP-lag events:     41
  SYN flood events:   0
  HTTP flood events:  0
  ICMP flood events:  0
  DNS amp events:     0
  NTP amp events:     0
  SNMP amp events:    0
  SSDP events:        0
  PortMap events:     0
  NetBIOS events:     0
  LDAP events:        0
  MSSQL events:       0
  TFTP events:        0
  ACK flood events:   0
  Frag attack events: 0
  Heavy-hitter events:10684 (OctoSketch per-IP detection)
  Packet flood events:0
  (Note: Events count IPs exceeding thresholds per 50ms window)

[ALERT STATUS]
  Alert level:        [0mNONE[0m
  Reason:             None

[MULTI-LF (2025) COMPARISON]
=== Detection Performance vs ML-Based System ===

  First Detection Latency:   1606.50 ms (vs MULTI-LF: 866 ms)
    Improvement:             0.5× faster

  Packets until detection:   874838481
  Bytes until detection:     111437274657 (106274.87 MB)

[OCTOSKETCH METRICS - Optimized Architecture]
=== Per-Worker Sketches + Sampling (1/32 packets) ===

  Architecture:              Per-worker (NO atomics, NO contention)
  Total sketch memory:       8961 KB (14 workers × 640.1 KB)
  Sampling rate:             1 in 32 packets (3.1% overhead)
  Attack traffic sampled:    24989792 updates
  Estimated attack packets:  799673344 (×32 sampling factor)
  Sketch overhead:           ~1.56% of fast-path cycles
  Memory efficiency:         O(1) constant, 640.1 KB per worker

[OCTOSKETCH HEAVY-HITTER DETECTION]
=== Top Attackers (per-IP tracking via Count-Min Sketch) ===

  Heavy-hitter threshold:    5000 pps per IP
  Heavy-hitters detected:    5 IPs exceeding threshold
  Total HH detections:       10684 events

  Top 5 Attackers (estimated counts, ×32 sampling):
    #1: 10.10.3.77 - 130688 pkts (26075 pps) [HEAVY-HITTER]
    #2: 10.10.3.155 - 130016 pkts (25940 pps) [HEAVY-HITTER]
    #3: 10.10.3.149 - 129888 pkts (25915 pps) [HEAVY-HITTER]
    #4: 10.10.3.3 - 129696 pkts (25877 pps) [HEAVY-HITTER]
    #5: 10.10.3.113 - 129664 pkts (25870 pps) [HEAVY-HITTER]

[RING BUFFER + MULTI-SCALE FEATURES]
=== Temporal Analysis (last 100 windows = 5.0 sec) ===

  Windows processed:         14711
  Buffer utilization:        100/100 (100.0%)
  Running baseline (ML):     0 pps (for ML features only)
  Detection mode:            FIXED THRESHOLDS

  [Temporal Features - Last Window]
    Delta PPS (250ms):       +0
    Delta PPS (500ms):       +0
    PPS Variance:            0
    Ratio vs Baseline:       1.00x

  [Multi-Scale Features]
    Top IP (50ms):           0 pps
    Top IP (1s):             0 pps
    Top IP (1min):           0 pps
    Burst Ratio (50ms/1min): 1.00x
    IP Concentration:        0.0%

[MULTIPLE DETECTION STATISTICS]
=== Aggregate Detection Analysis ===

  Total detection events:    7718
  Average detection latency: 69.63 ms
  Min detection latency:     53.72 ms
  Max detection latency:     115805.37 ms
  Latency range:             115751.65 ms

  Detection Latency Histogram:
    < 20 ms:  0 detections (0.0%)
    20-30 ms: 0 detections (0.0%)
    30-40 ms: 0 detections (0.0%)
    40-50 ms: 0 detections (0.0%)
    > 50 ms:  7717 detections (100.0%)

[PERFORMANCE METRICS]
  Throughput:         3.55 Gbps (4.87 Mpps)
  Cycles available:   614 cycles/pkt (lower = higher load)
  Active IPs:         0
  Worker threads:     14 (lcores 1-14)

[DPDK NIC STATISTICS]
  RX packets (NIC):   9402143807
  RX dropped (HW):    [0m0[0m (imissed)
  RX no mbufs:        [0m0[0m (buffer exhaustion)
  RX errors:          0
  Total drops:        [0m0 (0.00%)[0m
  RX burst calls:     128970752816 (95.5% empty)
  Processed pkts:     9402146437 (100.0% of NIC RX)


╔═══════════════════════════════════════════════════════════════════════╗
║          MIRA DDoS DETECTOR - STATISTICS (MULTI-CORE)                ║
╚═══════════════════════════════════════════════════════════════════════╝

[PACKET COUNTERS - GLOBAL]
  Total packets:      9442459863
  Baseline (10.10.2.x): 4071263294 (43.1%)
  Attack (10.10.3.x): 3086930189 (32.7%)
  TCP packets:        4262943993
  UDP packets:        4826010948
  ICMP packets:       353504923

[INSTANTANEOUS TRAFFIC - Last 5.0 seconds]
  Baseline (10.10.2.x): 24410166 pkts (100.0%)  2225097115 bytes  3.55 Gbps
  Attack (10.10.3.x): 0 pkts (0.0%)  0 bytes  0.00 Gbps
  Total throughput:   3.55 Gbps  (avg pkt: 91 bytes)

[CUMULATIVE TRAFFIC - Since first packet (790.3s)]
  Total received:     9442459863 pkts (11.95 Mpps) | 18.12 Gbps | 1789855927535 bytes

[ATTACK-SPECIFIC COUNTERS]
  SYN packets:        1153583291
  SYN-ACK packets:    576790879
  SYN/ACK ratio:      2.00
  HTTP requests:      2005511137
  DNS queries:        728543064

[PROTOCOL-SPECIFIC COUNTERS - CIC-DDoS-2019 Features]
  NTP Amplification:
    Monlist queries:  6790
    Responses:        0  (avg size: 0 bytes)
  DNS Amplification:
    ANY queries:      0
    TXT queries:      0
    Responses:        728539201  (avg size: 108 bytes)
  SNMP Amplification:
    GetBulk requests: 0
    Responses:        0  (avg size: 0 bytes)
  SSDP:
    M-SEARCH packets: 0
    Responses:        47848
  PortMapper:
    GETPORT calls:    47206
    DUMP calls:       0
  NetBIOS:
    Name queries:     52629
    Datagram packets: 47367
  LDAP:
    Bind requests:    0
    Search requests:  47842
  MSSQL:
    SQLBatch packets: 46011
    RPC packets:      0
  TFTP:
    RRQ (read) pkts:  0
    WRQ (write) pkts: 0

[ATTACK DETECTIONS - Cumulative Events]
  UDP flood events:   7718
  UDP-lag events:     41
  SYN flood events:   0
  HTTP flood events:  0
  ICMP flood events:  0
  DNS amp events:     0
  NTP amp events:     0
  SNMP amp events:    0
  SSDP events:        0
  PortMap events:     0
  NetBIOS events:     0
  LDAP events:        0
  MSSQL events:       0
  TFTP events:        0
  ACK flood events:   0
  Frag attack events: 0
  Heavy-hitter events:10684 (OctoSketch per-IP detection)
  Packet flood events:0
  (Note: Events count IPs exceeding thresholds per 50ms window)

[ALERT STATUS]
  Alert level:        [0mNONE[0m
  Reason:             None

[MULTI-LF (2025) COMPARISON]
=== Detection Performance vs ML-Based System ===

  First Detection Latency:   1606.50 ms (vs MULTI-LF: 866 ms)
    Improvement:             0.5× faster

  Packets until detection:   874838481
  Bytes until detection:     111437274657 (106274.87 MB)

[OCTOSKETCH METRICS - Optimized Architecture]
=== Per-Worker Sketches + Sampling (1/32 packets) ===

  Architecture:              Per-worker (NO atomics, NO contention)
  Total sketch memory:       8961 KB (14 workers × 640.1 KB)
  Sampling rate:             1 in 32 packets (3.1% overhead)
  Attack traffic sampled:    24989792 updates
  Estimated attack packets:  799673344 (×32 sampling factor)
  Sketch overhead:           ~1.56% of fast-path cycles
  Memory efficiency:         O(1) constant, 640.1 KB per worker

[OCTOSKETCH HEAVY-HITTER DETECTION]
=== Top Attackers (per-IP tracking via Count-Min Sketch) ===

  Heavy-hitter threshold:    5000 pps per IP
  Heavy-hitters detected:    5 IPs exceeding threshold
  Total HH detections:       10684 events

  Top 5 Attackers (estimated counts, ×32 sampling):
    #1: 10.10.3.77 - 130688 pkts (26071 pps) [HEAVY-HITTER]
    #2: 10.10.3.155 - 130016 pkts (25937 pps) [HEAVY-HITTER]
    #3: 10.10.3.149 - 129888 pkts (25912 pps) [HEAVY-HITTER]
    #4: 10.10.3.3 - 129696 pkts (25873 pps) [HEAVY-HITTER]
    #5: 10.10.3.113 - 129664 pkts (25867 pps) [HEAVY-HITTER]

[RING BUFFER + MULTI-SCALE FEATURES]
=== Temporal Analysis (last 100 windows = 5.0 sec) ===

  Windows processed:         14805
  Buffer utilization:        100/100 (100.0%)
  Running baseline (ML):     0 pps (for ML features only)
  Detection mode:            FIXED THRESHOLDS

  [Temporal Features - Last Window]
    Delta PPS (250ms):       +0
    Delta PPS (500ms):       +0
    PPS Variance:            0
    Ratio vs Baseline:       1.00x

  [Multi-Scale Features]
    Top IP (50ms):           0 pps
    Top IP (1s):             0 pps
    Top IP (1min):           0 pps
    Burst Ratio (50ms/1min): 1.00x
    IP Concentration:        0.0%

[MULTIPLE DETECTION STATISTICS]
=== Aggregate Detection Analysis ===

  Total detection events:    7718
  Average detection latency: 69.63 ms
  Min detection latency:     53.72 ms
  Max detection latency:     115805.37 ms
  Latency range:             115751.65 ms

  Detection Latency Histogram:
    < 20 ms:  0 detections (0.0%)
    20-30 ms: 0 detections (0.0%)
    30-40 ms: 0 detections (0.0%)
    40-50 ms: 0 detections (0.0%)
    > 50 ms:  7717 detections (100.0%)

[PERFORMANCE METRICS]
  Throughput:         3.55 Gbps (4.87 Mpps)
  Cycles available:   614 cycles/pkt (lower = higher load)
  Active IPs:         0
  Worker threads:     14 (lcores 1-14)

[DPDK NIC STATISTICS]
  RX packets (NIC):   9442457151
  RX dropped (HW):    [0m0[0m (imissed)
  RX no mbufs:        [0m0[0m (buffer exhaustion)
  RX errors:          0
  Total drops:        [0m0 (0.00%)[0m
  RX burst calls:     130218457924 (95.5% empty)
  Processed pkts:     9442459863 (100.0% of NIC RX)


╔═══════════════════════════════════════════════════════════════════════╗
║          MIRA DDoS DETECTOR - STATISTICS (MULTI-CORE)                ║
╚═══════════════════════════════════════════════════════════════════════╝

[PACKET COUNTERS - GLOBAL]
  Total packets:      9482754083
  Baseline (10.10.2.x): 4095663858 (43.2%)
  Attack (10.10.3.x): 3086930189 (32.6%)
  TCP packets:        4283095255
  UDP packets:        4843913213
  ICMP packets:       355745615

[INSTANTANEOUS TRAFFIC - Last 5.0 seconds]
  Baseline (10.10.2.x): 24400036 pkts (100.0%)  2224558233 bytes  3.55 Gbps
  Attack (10.10.3.x): 0 pkts (0.0%)  0 bytes  0.00 Gbps
  Total throughput:   3.55 Gbps  (avg pkt: 91 bytes)

[CUMULATIVE TRAFFIC - Since first packet (795.3s)]
  Total received:     9482754083 pkts (11.92 Mpps) | 18.05 Gbps | 1794541483373 bytes

[ATTACK-SPECIFIC COUNTERS]
  SYN packets:        1158956927
  SYN-ACK packets:    579477700
  SYN/ACK ratio:      2.00
  HTTP requests:      2015587212
  DNS queries:        736599155

[PROTOCOL-SPECIFIC COUNTERS - CIC-DDoS-2019 Features]
  NTP Amplification:
    Monlist queries:  6790
    Responses:        0  (avg size: 0 bytes)
  DNS Amplification:
    ANY queries:      0
    TXT queries:      0
    Responses:        736595285  (avg size: 108 bytes)
  SNMP Amplification:
    GetBulk requests: 0
    Responses:        0  (avg size: 0 bytes)
  SSDP:
    M-SEARCH packets: 0
    Responses:        47848
  PortMapper:
    GETPORT calls:    47206
    DUMP calls:       0
  NetBIOS:
    Name queries:     52629
    Datagram packets: 47367
  LDAP:
    Bind requests:    0
    Search requests:  47842
  MSSQL:
    SQLBatch packets: 46011
    RPC packets:      0
  TFTP:
    RRQ (read) pkts:  0
    WRQ (write) pkts: 0

[ATTACK DETECTIONS - Cumulative Events]
  UDP flood events:   7718
  UDP-lag events:     41
  SYN flood events:   0
  HTTP flood events:  0
  ICMP flood events:  0
  DNS amp events:     0
  NTP amp events:     0
  SNMP amp events:    0
  SSDP events:        0
  PortMap events:     0
  NetBIOS events:     0
  LDAP events:        0
  MSSQL events:       0
  TFTP events:        0
  ACK flood events:   0
  Frag attack events: 0
  Heavy-hitter events:10684 (OctoSketch per-IP detection)
  Packet flood events:0
  (Note: Events count IPs exceeding thresholds per 50ms window)

[ALERT STATUS]
  Alert level:        [0mNONE[0m
  Reason:             None

[MULTI-LF (2025) COMPARISON]
=== Detection Performance vs ML-Based System ===

  First Detection Latency:   1606.50 ms (vs MULTI-LF: 866 ms)
    Improvement:             0.5× faster

  Packets until detection:   874838481
  Bytes until detection:     111437274657 (106274.87 MB)

[OCTOSKETCH METRICS - Optimized Architecture]
=== Per-Worker Sketches + Sampling (1/32 packets) ===

  Architecture:              Per-worker (NO atomics, NO contention)
  Total sketch memory:       8961 KB (14 workers × 640.1 KB)
  Sampling rate:             1 in 32 packets (3.1% overhead)
  Attack traffic sampled:    24989792 updates
  Estimated attack packets:  799673344 (×32 sampling factor)
  Sketch overhead:           ~1.56% of fast-path cycles
  Memory efficiency:         O(1) constant, 640.1 KB per worker

[OCTOSKETCH HEAVY-HITTER DETECTION]
=== Top Attackers (per-IP tracking via Count-Min Sketch) ===

  Heavy-hitter threshold:    5000 pps per IP
  Heavy-hitters detected:    5 IPs exceeding threshold
  Total HH detections:       10684 events

  Top 5 Attackers (estimated counts, ×32 sampling):
    #1: 10.10.3.77 - 130688 pkts (26079 pps) [HEAVY-HITTER]
    #2: 10.10.3.155 - 130016 pkts (25944 pps) [HEAVY-HITTER]
    #3: 10.10.3.149 - 129888 pkts (25919 pps) [HEAVY-HITTER]
    #4: 10.10.3.3 - 129696 pkts (25881 pps) [HEAVY-HITTER]
    #5: 10.10.3.113 - 129664 pkts (25874 pps) [HEAVY-HITTER]

[RING BUFFER + MULTI-SCALE FEATURES]
=== Temporal Analysis (last 100 windows = 5.0 sec) ===

  Windows processed:         14899
  Buffer utilization:        100/100 (100.0%)
  Running baseline (ML):     0 pps (for ML features only)
  Detection mode:            FIXED THRESHOLDS

  [Temporal Features - Last Window]
    Delta PPS (250ms):       +0
    Delta PPS (500ms):       +0
    PPS Variance:            0
    Ratio vs Baseline:       1.00x

  [Multi-Scale Features]
    Top IP (50ms):           0 pps
    Top IP (1s):             0 pps
    Top IP (1min):           0 pps
    Burst Ratio (50ms/1min): 1.00x
    IP Concentration:        0.0%

[MULTIPLE DETECTION STATISTICS]
=== Aggregate Detection Analysis ===

  Total detection events:    7718
  Average detection latency: 69.63 ms
  Min detection latency:     53.72 ms
  Max detection latency:     115805.37 ms
  Latency range:             115751.65 ms

  Detection Latency Histogram:
    < 20 ms:  0 detections (0.0%)
    20-30 ms: 0 detections (0.0%)
    30-40 ms: 0 detections (0.0%)
    40-50 ms: 0 detections (0.0%)
    > 50 ms:  7717 detections (100.0%)

[PERFORMANCE METRICS]
  Throughput:         3.55 Gbps (4.87 Mpps)
  Cycles available:   614 cycles/pkt (lower = higher load)
  Active IPs:         0
  Worker threads:     14 (lcores 1-14)

[DPDK NIC STATISTICS]
  RX packets (NIC):   9482751218
  RX dropped (HW):    [0m0[0m (imissed)
  RX no mbufs:        [0m0[0m (buffer exhaustion)
  RX errors:          0
  Total drops:        [0m0 (0.00%)[0m
  RX burst calls:     131465287955 (95.5% empty)
  Processed pkts:     9482754083 (100.0% of NIC RX)


╔═══════════════════════════════════════════════════════════════════════╗
║          MIRA DDoS DETECTOR - STATISTICS (MULTI-CORE)                ║
╚═══════════════════════════════════════════════════════════════════════╝

[PACKET COUNTERS - GLOBAL]
  Total packets:      9523046435
  Baseline (10.10.2.x): 4120062303 (43.3%)
  Attack (10.10.3.x): 3086930189 (32.4%)
  TCP packets:        4303243229
  UDP packets:        4861813820
  ICMP packets:       357989386

[INSTANTANEOUS TRAFFIC - Last 5.0 seconds]
  Baseline (10.10.2.x): 26112151 pkts (100.0%)  2380549694 bytes  3.80 Gbps
  Attack (10.10.3.x): 0 pkts (0.0%)  0 bytes  0.00 Gbps
  Total throughput:   3.80 Gbps  (avg pkt: 91 bytes)

[CUMULATIVE TRAFFIC - Since first packet (800.3s)]
  Total received:     9523046435 pkts (11.90 Mpps) | 17.99 Gbps | 1799226372293 bytes

[ATTACK-SPECIFIC COUNTERS]
  SYN packets:        1164329851
  SYN-ACK packets:    582164158
  SYN/ACK ratio:      2.00
  HTTP requests:      2025660454
  DNS queries:        744655430

[PROTOCOL-SPECIFIC COUNTERS - CIC-DDoS-2019 Features]
  NTP Amplification:
    Monlist queries:  6790
    Responses:        0  (avg size: 0 bytes)
  DNS Amplification:
    ANY queries:      0
    TXT queries:      0
    Responses:        744651567  (avg size: 108 bytes)
  SNMP Amplification:
    GetBulk requests: 0
    Responses:        0  (avg size: 0 bytes)
  SSDP:
    M-SEARCH packets: 0
    Responses:        47848
  PortMapper:
    GETPORT calls:    47206
    DUMP calls:       0
  NetBIOS:
    Name queries:     52629
    Datagram packets: 47367
  LDAP:
    Bind requests:    0
    Search requests:  47842
  MSSQL:
    SQLBatch packets: 46011
    RPC packets:      0
  TFTP:
    RRQ (read) pkts:  0
    WRQ (write) pkts: 0

[ATTACK DETECTIONS - Cumulative Events]
  UDP flood events:   7718
  UDP-lag events:     41
  SYN flood events:   0
  HTTP flood events:  0
  ICMP flood events:  0
  DNS amp events:     0
  NTP amp events:     0
  SNMP amp events:    0
  SSDP events:        0
  PortMap events:     0
  NetBIOS events:     0
  LDAP events:        0
  MSSQL events:       0
  TFTP events:        0
  ACK flood events:   0
  Frag attack events: 0
  Heavy-hitter events:10684 (OctoSketch per-IP detection)
  Packet flood events:0
  (Note: Events count IPs exceeding thresholds per 50ms window)

[ALERT STATUS]
  Alert level:        [0mNONE[0m
  Reason:             None

[MULTI-LF (2025) COMPARISON]
=== Detection Performance vs ML-Based System ===

  First Detection Latency:   1606.50 ms (vs MULTI-LF: 866 ms)
    Improvement:             0.5× faster

  Packets until detection:   874838481
  Bytes until detection:     111437274657 (106274.87 MB)

[OCTOSKETCH METRICS - Optimized Architecture]
=== Per-Worker Sketches + Sampling (1/32 packets) ===

  Architecture:              Per-worker (NO atomics, NO contention)
  Total sketch memory:       8961 KB (14 workers × 640.1 KB)
  Sampling rate:             1 in 32 packets (3.1% overhead)
  Attack traffic sampled:    24989792 updates
  Estimated attack packets:  799673344 (×32 sampling factor)
  Sketch overhead:           ~1.56% of fast-path cycles
  Memory efficiency:         O(1) constant, 640.1 KB per worker

[OCTOSKETCH HEAVY-HITTER DETECTION]
=== Top Attackers (per-IP tracking via Count-Min Sketch) ===

  Heavy-hitter threshold:    5000 pps per IP
  Heavy-hitters detected:    5 IPs exceeding threshold
  Total HH detections:       10684 events

  Top 5 Attackers (estimated counts, ×32 sampling):
    #1: 10.10.3.77 - 130688 pkts (26075 pps) [HEAVY-HITTER]
    #2: 10.10.3.155 - 130016 pkts (25941 pps) [HEAVY-HITTER]
    #3: 10.10.3.149 - 129888 pkts (25916 pps) [HEAVY-HITTER]
    #4: 10.10.3.3 - 129696 pkts (25877 pps) [HEAVY-HITTER]
    #5: 10.10.3.113 - 129664 pkts (25871 pps) [HEAVY-HITTER]

[RING BUFFER + MULTI-SCALE FEATURES]
=== Temporal Analysis (last 100 windows = 5.0 sec) ===

  Windows processed:         14993
  Buffer utilization:        100/100 (100.0%)
  Running baseline (ML):     0 pps (for ML features only)
  Detection mode:            FIXED THRESHOLDS

  [Temporal Features - Last Window]
    Delta PPS (250ms):       +0
    Delta PPS (500ms):       +0
    PPS Variance:            0
    Ratio vs Baseline:       1.00x

  [Multi-Scale Features]
    Top IP (50ms):           0 pps
    Top IP (1s):             0 pps
    Top IP (1min):           0 pps
    Burst Ratio (50ms/1min): 1.00x
    IP Concentration:        0.0%

[MULTIPLE DETECTION STATISTICS]
=== Aggregate Detection Analysis ===

  Total detection events:    7718
  Average detection latency: 69.63 ms
  Min detection latency:     53.72 ms
  Max detection latency:     115805.37 ms
  Latency range:             115751.65 ms

  Detection Latency Histogram:
    < 20 ms:  0 detections (0.0%)
    20-30 ms: 0 detections (0.0%)
    30-40 ms: 0 detections (0.0%)
    40-50 ms: 0 detections (0.0%)
    > 50 ms:  7717 detections (100.0%)

[PERFORMANCE METRICS]
  Throughput:         3.80 Gbps (5.21 Mpps)
  Cycles available:   574 cycles/pkt (lower = higher load)
  Active IPs:         0
  Worker threads:     14 (lcores 1-14)

[DPDK NIC STATISTICS]
  RX packets (NIC):   9523043785
  RX dropped (HW):    [0m0[0m (imissed)
  RX no mbufs:        [0m0[0m (buffer exhaustion)
  RX errors:          0
  Total drops:        [0m0 (0.00%)[0m
  RX burst calls:     132713058844 (95.5% empty)
  Processed pkts:     9523046435 (100.0% of NIC RX)


╔═══════════════════════════════════════════════════════════════════════╗
║          MIRA DDoS DETECTOR - STATISTICS (MULTI-CORE)                ║
╚═══════════════════════════════════════════════════════════════════════╝

[PACKET COUNTERS - GLOBAL]
  Total packets:      9563280931
  Baseline (10.10.2.x): 4144425324 (43.3%)
  Attack (10.10.3.x): 3086930189 (32.3%)
  TCP packets:        4323353647
  UDP packets:        4879700628
  ICMP packets:       360226656

[INSTANTANEOUS TRAFFIC - Last 5.0 seconds]
  Baseline (10.10.2.x): 24362402 pkts (100.0%)  2221212023 bytes  3.55 Gbps
  Attack (10.10.3.x): 0 pkts (0.0%)  0 bytes  0.00 Gbps
  Total throughput:   3.55 Gbps  (avg pkt: 91 bytes)

[CUMULATIVE TRAFFIC - Since first packet (805.3s)]
  Total received:     9563280931 pkts (11.88 Mpps) | 17.92 Gbps | 1803904457666 bytes

[ATTACK-SPECIFIC COUNTERS]
  SYN packets:        1169692809
  SYN-ACK packets:    584845633
  SYN/ACK ratio:      2.00
  HTTP requests:      2035714504
  DNS queries:        752705194

[PROTOCOL-SPECIFIC COUNTERS - CIC-DDoS-2019 Features]
  NTP Amplification:
    Monlist queries:  6790
    Responses:        0  (avg size: 0 bytes)
  DNS Amplification:
    ANY queries:      0
    TXT queries:      0
    Responses:        752701323  (avg size: 108 bytes)
  SNMP Amplification:
    GetBulk requests: 0
    Responses:        0  (avg size: 0 bytes)
  SSDP:
    M-SEARCH packets: 0
    Responses:        47848
  PortMapper:
    GETPORT calls:    47206
    DUMP calls:       0
  NetBIOS:
    Name queries:     52629
    Datagram packets: 47367
  LDAP:
    Bind requests:    0
    Search requests:  47842
  MSSQL:
    SQLBatch packets: 46011
    RPC packets:      0
  TFTP:
    RRQ (read) pkts:  0
    WRQ (write) pkts: 0

[ATTACK DETECTIONS - Cumulative Events]
  UDP flood events:   7718
  UDP-lag events:     41
  SYN flood events:   0
  HTTP flood events:  0
  ICMP flood events:  0
  DNS amp events:     0
  NTP amp events:     0
  SNMP amp events:    0
  SSDP events:        0
  PortMap events:     0
  NetBIOS events:     0
  LDAP events:        0
  MSSQL events:       0
  TFTP events:        0
  ACK flood events:   0
  Frag attack events: 0
  Heavy-hitter events:10684 (OctoSketch per-IP detection)
  Packet flood events:0
  (Note: Events count IPs exceeding thresholds per 50ms window)

[ALERT STATUS]
  Alert level:        [0mNONE[0m
  Reason:             None

[MULTI-LF (2025) COMPARISON]
=== Detection Performance vs ML-Based System ===

  First Detection Latency:   1606.50 ms (vs MULTI-LF: 866 ms)
    Improvement:             0.5× faster

  Packets until detection:   874838481
  Bytes until detection:     111437274657 (106274.87 MB)

[OCTOSKETCH METRICS - Optimized Architecture]
=== Per-Worker Sketches + Sampling (1/32 packets) ===

  Architecture:              Per-worker (NO atomics, NO contention)
  Total sketch memory:       8961 KB (14 workers × 640.1 KB)
  Sampling rate:             1 in 32 packets (3.1% overhead)
  Attack traffic sampled:    24989792 updates
  Estimated attack packets:  799673344 (×32 sampling factor)
  Sketch overhead:           ~1.56% of fast-path cycles
  Memory efficiency:         O(1) constant, 640.1 KB per worker

[OCTOSKETCH HEAVY-HITTER DETECTION]
=== Top Attackers (per-IP tracking via Count-Min Sketch) ===

  Heavy-hitter threshold:    5000 pps per IP
  Heavy-hitters detected:    5 IPs exceeding threshold
  Total HH detections:       10684 events

  Top 5 Attackers (estimated counts, ×32 sampling):
    #1: 10.10.3.77 - 130688 pkts (26138 pps) [HEAVY-HITTER]
    #2: 10.10.3.155 - 130016 pkts (26003 pps) [HEAVY-HITTER]
    #3: 10.10.3.149 - 129888 pkts (25978 pps) [HEAVY-HITTER]
    #4: 10.10.3.3 - 129696 pkts (25939 pps) [HEAVY-HITTER]
    #5: 10.10.3.113 - 129664 pkts (25933 pps) [HEAVY-HITTER]

[RING BUFFER + MULTI-SCALE FEATURES]
=== Temporal Analysis (last 100 windows = 5.0 sec) ===

  Windows processed:         15087
  Buffer utilization:        100/100 (100.0%)
  Running baseline (ML):     0 pps (for ML features only)
  Detection mode:            FIXED THRESHOLDS

  [Temporal Features - Last Window]
    Delta PPS (250ms):       +0
    Delta PPS (500ms):       +0
    PPS Variance:            0
    Ratio vs Baseline:       1.00x

  [Multi-Scale Features]
    Top IP (50ms):           0 pps
    Top IP (1s):             0 pps
    Top IP (1min):           0 pps
    Burst Ratio (50ms/1min): 1.00x
    IP Concentration:        0.0%

[MULTIPLE DETECTION STATISTICS]
=== Aggregate Detection Analysis ===

  Total detection events:    7718
  Average detection latency: 69.63 ms
  Min detection latency:     53.72 ms
  Max detection latency:     115805.37 ms
  Latency range:             115751.65 ms

  Detection Latency Histogram:
    < 20 ms:  0 detections (0.0%)
    20-30 ms: 0 detections (0.0%)
    30-40 ms: 0 detections (0.0%)
    40-50 ms: 0 detections (0.0%)
    > 50 ms:  7717 detections (100.0%)

[PERFORMANCE METRICS]
  Throughput:         3.55 Gbps (4.87 Mpps)
  Cycles available:   614 cycles/pkt (lower = higher load)
  Active IPs:         0
  Worker threads:     14 (lcores 1-14)

[DPDK NIC STATISTICS]
  RX packets (NIC):   9563277918
  RX dropped (HW):    [0m0[0m (imissed)
  RX no mbufs:        [0m0[0m (buffer exhaustion)
  RX errors:          0
  Total drops:        [0m0 (0.00%)[0m
  RX burst calls:     133957899504 (95.6% empty)
  Processed pkts:     9563280931 (100.0% of NIC RX)


╔═══════════════════════════════════════════════════════════════════════╗
║          MIRA DDoS DETECTOR - STATISTICS (MULTI-CORE)                ║
╚═══════════════════════════════════════════════════════════════════════╝

[PACKET COUNTERS - GLOBAL]
  Total packets:      9603497167
  Baseline (10.10.2.x): 4168776894 (43.4%)
  Attack (10.10.3.x): 3086930189 (32.1%)
  TCP packets:        4343462772
  UDP packets:        4897568533
  ICMP packets:       362465862

[INSTANTANEOUS TRAFFIC - Last 5.0 seconds]
  Baseline (10.10.2.x): 24351215 pkts (100.0%)  2542995675 bytes  4.07 Gbps
  Attack (10.10.3.x): 0 pkts (0.0%)  0 bytes  0.00 Gbps
  Total throughput:   4.07 Gbps  (avg pkt: 104 bytes)

[CUMULATIVE TRAFFIC - Since first packet (810.3s)]
  Total received:     9603497167 pkts (11.85 Mpps) | 17.86 Gbps | 1808580553129 bytes

[ATTACK-SPECIFIC COUNTERS]
  SYN packets:        1175055194
  SYN-ACK packets:    587526822
  SYN/ACK ratio:      2.00
  HTTP requests:      2045769601
  DNS queries:        760747031

[PROTOCOL-SPECIFIC COUNTERS - CIC-DDoS-2019 Features]
  NTP Amplification:
    Monlist queries:  6790
    Responses:        0  (avg size: 0 bytes)
  DNS Amplification:
    ANY queries:      0
    TXT queries:      0
    Responses:        760743170  (avg size: 108 bytes)
  SNMP Amplification:
    GetBulk requests: 0
    Responses:        0  (avg size: 0 bytes)
  SSDP:
    M-SEARCH packets: 0
    Responses:        47848
  PortMapper:
    GETPORT calls:    47206
    DUMP calls:       0
  NetBIOS:
    Name queries:     52629
    Datagram packets: 47367
  LDAP:
    Bind requests:    0
    Search requests:  47842
  MSSQL:
    SQLBatch packets: 46011
    RPC packets:      0
  TFTP:
    RRQ (read) pkts:  0
    WRQ (write) pkts: 0

[ATTACK DETECTIONS - Cumulative Events]
  UDP flood events:   7718
  UDP-lag events:     41
  SYN flood events:   0
  HTTP flood events:  0
  ICMP flood events:  0
  DNS amp events:     0
  NTP amp events:     0
  SNMP amp events:    0
  SSDP events:        0
  PortMap events:     0
  NetBIOS events:     0
  LDAP events:        0
  MSSQL events:       0
  TFTP events:        0
  ACK flood events:   0
  Frag attack events: 0
  Heavy-hitter events:10684 (OctoSketch per-IP detection)
  Packet flood events:0
  (Note: Events count IPs exceeding thresholds per 50ms window)

[ALERT STATUS]
  Alert level:        [0mNONE[0m
  Reason:             None

[MULTI-LF (2025) COMPARISON]
=== Detection Performance vs ML-Based System ===

  First Detection Latency:   1606.50 ms (vs MULTI-LF: 866 ms)
    Improvement:             0.5× faster

  Packets until detection:   874838481
  Bytes until detection:     111437274657 (106274.87 MB)

[OCTOSKETCH METRICS - Optimized Architecture]
=== Per-Worker Sketches + Sampling (1/32 packets) ===

  Architecture:              Per-worker (NO atomics, NO contention)
  Total sketch memory:       8961 KB (14 workers × 640.1 KB)
  Sampling rate:             1 in 32 packets (3.1% overhead)
  Attack traffic sampled:    24989792 updates
  Estimated attack packets:  799673344 (×32 sampling factor)
  Sketch overhead:           ~1.56% of fast-path cycles
  Memory efficiency:         O(1) constant, 640.1 KB per worker

[OCTOSKETCH HEAVY-HITTER DETECTION]
=== Top Attackers (per-IP tracking via Count-Min Sketch) ===

  Heavy-hitter threshold:    5000 pps per IP
  Heavy-hitters detected:    5 IPs exceeding threshold
  Total HH detections:       10684 events

  Top 5 Attackers (estimated counts, ×32 sampling):
    #1: 10.10.3.77 - 130688 pkts (26128 pps) [HEAVY-HITTER]
    #2: 10.10.3.155 - 130016 pkts (25994 pps) [HEAVY-HITTER]
    #3: 10.10.3.149 - 129888 pkts (25968 pps) [HEAVY-HITTER]
    #4: 10.10.3.3 - 129696 pkts (25930 pps) [HEAVY-HITTER]
    #5: 10.10.3.113 - 129664 pkts (25923 pps) [HEAVY-HITTER]

[RING BUFFER + MULTI-SCALE FEATURES]
=== Temporal Analysis (last 100 windows = 5.0 sec) ===

  Windows processed:         15180
  Buffer utilization:        100/100 (100.0%)
  Running baseline (ML):     0 pps (for ML features only)
  Detection mode:            FIXED THRESHOLDS

  [Temporal Features - Last Window]
    Delta PPS (250ms):       +0
    Delta PPS (500ms):       +0
    PPS Variance:            0
    Ratio vs Baseline:       1.00x

  [Multi-Scale Features]
    Top IP (50ms):           0 pps
    Top IP (1s):             0 pps
    Top IP (1min):           0 pps
    Burst Ratio (50ms/1min): 1.00x
    IP Concentration:        0.0%

[MULTIPLE DETECTION STATISTICS]
=== Aggregate Detection Analysis ===

  Total detection events:    7718
  Average detection latency: 69.63 ms
  Min detection latency:     53.72 ms
  Max detection latency:     115805.37 ms
  Latency range:             115751.65 ms

  Detection Latency Histogram:
    < 20 ms:  0 detections (0.0%)
    20-30 ms: 0 detections (0.0%)
    30-40 ms: 0 detections (0.0%)
    40-50 ms: 0 detections (0.0%)
    > 50 ms:  7717 detections (100.0%)

[PERFORMANCE METRICS]
  Throughput:         4.07 Gbps (4.87 Mpps)
  Cycles available:   614 cycles/pkt (lower = higher load)
  Active IPs:         0
  Worker threads:     14 (lcores 1-14)

[DPDK NIC STATISTICS]
  RX packets (NIC):   9603494464
  RX dropped (HW):    [0m0[0m (imissed)
  RX no mbufs:        [0m0[0m (buffer exhaustion)
  RX errors:          0
  Total drops:        [0m0 (0.00%)[0m
  RX burst calls:     135201696534 (95.6% empty)
  Processed pkts:     9603497167 (100.0% of NIC RX)


╔═══════════════════════════════════════════════════════════════════════╗
║          MIRA DDoS DETECTOR - STATISTICS (MULTI-CORE)                ║
╚═══════════════════════════════════════════════════════════════════════╝

[PACKET COUNTERS - GLOBAL]
  Total packets:      9643725527
  Baseline (10.10.2.x): 4193136398 (43.5%)
  Attack (10.10.3.x): 3086930189 (32.0%)
  TCP packets:        4363579587
  UDP packets:        4915443405
  ICMP packets:       364702535

[INSTANTANEOUS TRAFFIC - Last 5.0 seconds]
  Baseline (10.10.2.x): 24359540 pkts (100.0%)  2220521503 bytes  3.55 Gbps
  Attack (10.10.3.x): 0 pkts (0.0%)  0 bytes  0.00 Gbps
  Total throughput:   3.55 Gbps  (avg pkt: 91 bytes)

[CUMULATIVE TRAFFIC - Since first packet (815.3s)]
  Total received:     9643725527 pkts (11.83 Mpps) | 17.79 Gbps | 1813257906311 bytes

[ATTACK-SPECIFIC COUNTERS]
  SYN packets:        1180419920
  SYN-ACK packets:    590209179
  SYN/ACK ratio:      2.00
  HTTP requests:      2055826485
  DNS queries:        768792471

[PROTOCOL-SPECIFIC COUNTERS - CIC-DDoS-2019 Features]
  NTP Amplification:
    Monlist queries:  6790
    Responses:        0  (avg size: 0 bytes)
  DNS Amplification:
    ANY queries:      0
    TXT queries:      0
    Responses:        768788603  (avg size: 108 bytes)
  SNMP Amplification:
    GetBulk requests: 0
    Responses:        0  (avg size: 0 bytes)
  SSDP:
    M-SEARCH packets: 0
    Responses:        47848
  PortMapper:
    GETPORT calls:    47206
    DUMP calls:       0
  NetBIOS:
    Name queries:     52629
    Datagram packets: 47367
  LDAP:
    Bind requests:    0
    Search requests:  47842
  MSSQL:
    SQLBatch packets: 46011
    RPC packets:      0
  TFTP:
    RRQ (read) pkts:  0
    WRQ (write) pkts: 0

[ATTACK DETECTIONS - Cumulative Events]
  UDP flood events:   7718
  UDP-lag events:     41
  SYN flood events:   0
  HTTP flood events:  0
  ICMP flood events:  0
  DNS amp events:     0
  NTP amp events:     0
  SNMP amp events:    0
  SSDP events:        0
  PortMap events:     0
  NetBIOS events:     0
  LDAP events:        0
  MSSQL events:       0
  TFTP events:        0
  ACK flood events:   0
  Frag attack events: 0
  Heavy-hitter events:10684 (OctoSketch per-IP detection)
  Packet flood events:0
  (Note: Events count IPs exceeding thresholds per 50ms window)

[ALERT STATUS]
  Alert level:        [0mNONE[0m
  Reason:             None

[MULTI-LF (2025) COMPARISON]
=== Detection Performance vs ML-Based System ===

  First Detection Latency:   1606.50 ms (vs MULTI-LF: 866 ms)
    Improvement:             0.5× faster

  Packets until detection:   874838481
  Bytes until detection:     111437274657 (106274.87 MB)

[OCTOSKETCH METRICS - Optimized Architecture]
=== Per-Worker Sketches + Sampling (1/32 packets) ===

  Architecture:              Per-worker (NO atomics, NO contention)
  Total sketch memory:       8961 KB (14 workers × 640.1 KB)
  Sampling rate:             1 in 32 packets (3.1% overhead)
  Attack traffic sampled:    24989792 updates
  Estimated attack packets:  799673344 (×32 sampling factor)
  Sketch overhead:           ~1.56% of fast-path cycles
  Memory efficiency:         O(1) constant, 640.1 KB per worker

[OCTOSKETCH HEAVY-HITTER DETECTION]
=== Top Attackers (per-IP tracking via Count-Min Sketch) ===

  Heavy-hitter threshold:    5000 pps per IP
  Heavy-hitters detected:    5 IPs exceeding threshold
  Total HH detections:       10684 events

  Top 5 Attackers (estimated counts, ×32 sampling):
    #1: 10.10.3.77 - 130688 pkts (26127 pps) [HEAVY-HITTER]
    #2: 10.10.3.155 - 130016 pkts (25993 pps) [HEAVY-HITTER]
    #3: 10.10.3.149 - 129888 pkts (25967 pps) [HEAVY-HITTER]
    #4: 10.10.3.3 - 129696 pkts (25929 pps) [HEAVY-HITTER]
    #5: 10.10.3.113 - 129664 pkts (25922 pps) [HEAVY-HITTER]

[RING BUFFER + MULTI-SCALE FEATURES]
=== Temporal Analysis (last 100 windows = 5.0 sec) ===

  Windows processed:         15274
  Buffer utilization:        100/100 (100.0%)
  Running baseline (ML):     0 pps (for ML features only)
  Detection mode:            FIXED THRESHOLDS

  [Temporal Features - Last Window]
    Delta PPS (250ms):       +0
    Delta PPS (500ms):       +0
    PPS Variance:            0
    Ratio vs Baseline:       1.00x

  [Multi-Scale Features]
    Top IP (50ms):           0 pps
    Top IP (1s):             0 pps
    Top IP (1min):           0 pps
    Burst Ratio (50ms/1min): 1.00x
    IP Concentration:        0.0%

[MULTIPLE DETECTION STATISTICS]
=== Aggregate Detection Analysis ===

  Total detection events:    7718
  Average detection latency: 69.63 ms
  Min detection latency:     53.72 ms
  Max detection latency:     115805.37 ms
  Latency range:             115751.65 ms

  Detection Latency Histogram:
    < 20 ms:  0 detections (0.0%)
    20-30 ms: 0 detections (0.0%)
    30-40 ms: 0 detections (0.0%)
    40-50 ms: 0 detections (0.0%)
    > 50 ms:  7717 detections (100.0%)

[PERFORMANCE METRICS]
  Throughput:         3.55 Gbps (4.87 Mpps)
  Cycles available:   614 cycles/pkt (lower = higher load)
  Active IPs:         0
  Worker threads:     14 (lcores 1-14)

[DPDK NIC STATISTICS]
  RX packets (NIC):   9643723020
  RX dropped (HW):    [0m0[0m (imissed)
  RX no mbufs:        [0m0[0m (buffer exhaustion)
  RX errors:          0
  Total drops:        [0m0 (0.00%)[0m
  RX burst calls:     136446413209 (95.6% empty)
  Processed pkts:     9643725527 (100.0% of NIC RX)


╔═══════════════════════════════════════════════════════════════════════╗
║          MIRA DDoS DETECTOR - STATISTICS (MULTI-CORE)                ║
╚═══════════════════════════════════════════════════════════════════════╝

[PACKET COUNTERS - GLOBAL]
  Total packets:      9683953626
  Baseline (10.10.2.x): 4217495624 (43.6%)
  Attack (10.10.3.x): 3086930189 (31.9%)
  TCP packets:        4383688419
  UDP packets:        4933325200
  ICMP packets:       366940007

[INSTANTANEOUS TRAFFIC - Last 5.0 seconds]
  Baseline (10.10.2.x): 24358735 pkts (100.0%)  2220881157 bytes  3.55 Gbps
  Attack (10.10.3.x): 0 pkts (0.0%)  0 bytes  0.00 Gbps
  Total throughput:   3.55 Gbps  (avg pkt: 91 bytes)

[CUMULATIVE TRAFFIC - Since first packet (820.3s)]
  Total received:     9683953626 pkts (11.81 Mpps) | 17.73 Gbps | 1817935510054 bytes

[ATTACK-SPECIFIC COUNTERS]
  SYN packets:        1185782295
  SYN-ACK packets:    592890363
  SYN/ACK ratio:      2.00
  HTTP requests:      2065880850
  DNS queries:        776839673

[PROTOCOL-SPECIFIC COUNTERS - CIC-DDoS-2019 Features]
  NTP Amplification:
    Monlist queries:  6790
    Responses:        0  (avg size: 0 bytes)
  DNS Amplification:
    ANY queries:      0
    TXT queries:      0
    Responses:        776835815  (avg size: 108 bytes)
  SNMP Amplification:
    GetBulk requests: 0
    Responses:        0  (avg size: 0 bytes)
  SSDP:
    M-SEARCH packets: 0
    Responses:        47848
  PortMapper:
    GETPORT calls:    47206
    DUMP calls:       0
  NetBIOS:
    Name queries:     52629
    Datagram packets: 47367
  LDAP:
    Bind requests:    0
    Search requests:  47842
  MSSQL:
    SQLBatch packets: 46011
    RPC packets:      0
  TFTP:
    RRQ (read) pkts:  0
    WRQ (write) pkts: 0

[ATTACK DETECTIONS - Cumulative Events]
  UDP flood events:   7718
  UDP-lag events:     41
  SYN flood events:   0
  HTTP flood events:  0
  ICMP flood events:  0
  DNS amp events:     0
  NTP amp events:     0
  SNMP amp events:    0
  SSDP events:        0
  PortMap events:     0
  NetBIOS events:     0
  LDAP events:        0
  MSSQL events:       0
  TFTP events:        0
  ACK flood events:   0
  Frag attack events: 0
  Heavy-hitter events:10684 (OctoSketch per-IP detection)
  Packet flood events:0
  (Note: Events count IPs exceeding thresholds per 50ms window)

[ALERT STATUS]
  Alert level:        [0mNONE[0m
  Reason:             None

[MULTI-LF (2025) COMPARISON]
=== Detection Performance vs ML-Based System ===

  First Detection Latency:   1606.50 ms (vs MULTI-LF: 866 ms)
    Improvement:             0.5× faster

  Packets until detection:   874838481
  Bytes until detection:     111437274657 (106274.87 MB)

[OCTOSKETCH METRICS - Optimized Architecture]
=== Per-Worker Sketches + Sampling (1/32 packets) ===

  Architecture:              Per-worker (NO atomics, NO contention)
  Total sketch memory:       8961 KB (14 workers × 640.1 KB)
  Sampling rate:             1 in 32 packets (3.1% overhead)
  Attack traffic sampled:    24989792 updates
  Estimated attack packets:  799673344 (×32 sampling factor)
  Sketch overhead:           ~1.56% of fast-path cycles
  Memory efficiency:         O(1) constant, 640.1 KB per worker

[OCTOSKETCH HEAVY-HITTER DETECTION]
=== Top Attackers (per-IP tracking via Count-Min Sketch) ===

  Heavy-hitter threshold:    5000 pps per IP
  Heavy-hitters detected:    5 IPs exceeding threshold
  Total HH detections:       10684 events

  Top 5 Attackers (estimated counts, ×32 sampling):
    #1: 10.10.3.77 - 130688 pkts (26128 pps) [HEAVY-HITTER]
    #2: 10.10.3.155 - 130016 pkts (25993 pps) [HEAVY-HITTER]
    #3: 10.10.3.149 - 129888 pkts (25968 pps) [HEAVY-HITTER]
    #4: 10.10.3.3 - 129696 pkts (25929 pps) [HEAVY-HITTER]
    #5: 10.10.3.113 - 129664 pkts (25923 pps) [HEAVY-HITTER]

[RING BUFFER + MULTI-SCALE FEATURES]
=== Temporal Analysis (last 100 windows = 5.0 sec) ===

  Windows processed:         15368
  Buffer utilization:        100/100 (100.0%)
  Running baseline (ML):     0 pps (for ML features only)
  Detection mode:            FIXED THRESHOLDS

  [Temporal Features - Last Window]
    Delta PPS (250ms):       +0
    Delta PPS (500ms):       +0
    PPS Variance:            0
    Ratio vs Baseline:       1.00x

  [Multi-Scale Features]
    Top IP (50ms):           0 pps
    Top IP (1s):             0 pps
    Top IP (1min):           0 pps
    Burst Ratio (50ms/1min): 1.00x
    IP Concentration:        0.0%

[MULTIPLE DETECTION STATISTICS]
=== Aggregate Detection Analysis ===

  Total detection events:    7718
  Average detection latency: 69.63 ms
  Min detection latency:     53.72 ms
  Max detection latency:     115805.37 ms
  Latency range:             115751.65 ms

  Detection Latency Histogram:
    < 20 ms:  0 detections (0.0%)
    20-30 ms: 0 detections (0.0%)
    30-40 ms: 0 detections (0.0%)
    40-50 ms: 0 detections (0.0%)
    > 50 ms:  7717 detections (100.0%)

[PERFORMANCE METRICS]
  Throughput:         3.55 Gbps (4.87 Mpps)
  Cycles available:   614 cycles/pkt (lower = higher load)
  Active IPs:         0
  Worker threads:     14 (lcores 1-14)

[DPDK NIC STATISTICS]
  RX packets (NIC):   9683950763
  RX dropped (HW):    [0m0[0m (imissed)
  RX no mbufs:        [0m0[0m (buffer exhaustion)
  RX errors:          0
  Total drops:        [0m0 (0.00%)[0m
  RX burst calls:     137690740646 (95.6% empty)
  Processed pkts:     9683953626 (100.0% of NIC RX)


╔═══════════════════════════════════════════════════════════════════════╗
║          MIRA DDoS DETECTOR - STATISTICS (MULTI-CORE)                ║
╚═══════════════════════════════════════════════════════════════════════╝

[PACKET COUNTERS - GLOBAL]
  Total packets:      9724214307
  Baseline (10.10.2.x): 4241874296 (43.6%)
  Attack (10.10.3.x): 3086930189 (31.7%)
  TCP packets:        4403817683
  UDP packets:        4951215098
  ICMP packets:       369181526

[INSTANTANEOUS TRAFFIC - Last 5.0 seconds]
  Baseline (10.10.2.x): 24378308 pkts (100.0%)  2222383063 bytes  3.55 Gbps
  Attack (10.10.3.x): 0 pkts (0.0%)  0 bytes  0.00 Gbps
  Total throughput:   3.55 Gbps  (avg pkt: 91 bytes)

[CUMULATIVE TRAFFIC - Since first packet (825.3s)]
  Total received:     9724214307 pkts (11.78 Mpps) | 17.67 Gbps | 1822616661166 bytes

[ATTACK-SPECIFIC COUNTERS]
  SYN packets:        1191150156
  SYN-ACK packets:    595574292
  SYN/ACK ratio:      2.00
  HTTP requests:      2075945290
  DNS queries:        784891245

[PROTOCOL-SPECIFIC COUNTERS - CIC-DDoS-2019 Features]
  NTP Amplification:
    Monlist queries:  6790
    Responses:        0  (avg size: 0 bytes)
  DNS Amplification:
    ANY queries:      0
    TXT queries:      0
    Responses:        784887386  (avg size: 108 bytes)
  SNMP Amplification:
    GetBulk requests: 0
    Responses:        0  (avg size: 0 bytes)
  SSDP:
    M-SEARCH packets: 0
    Responses:        47848
  PortMapper:
    GETPORT calls:    47206
    DUMP calls:       0
  NetBIOS:
    Name queries:     52629
    Datagram packets: 47367
  LDAP:
    Bind requests:    0
    Search requests:  47842
  MSSQL:
    SQLBatch packets: 46011
    RPC packets:      0
  TFTP:
    RRQ (read) pkts:  0
    WRQ (write) pkts: 0

[ATTACK DETECTIONS - Cumulative Events]
  UDP flood events:   7718
  UDP-lag events:     41
  SYN flood events:   0
  HTTP flood events:  0
  ICMP flood events:  0
  DNS amp events:     0
  NTP amp events:     0
  SNMP amp events:    0
  SSDP events:        0
  PortMap events:     0
  NetBIOS events:     0
  LDAP events:        0
  MSSQL events:       0
  TFTP events:        0
  ACK flood events:   0
  Frag attack events: 0
  Heavy-hitter events:10684 (OctoSketch per-IP detection)
  Packet flood events:0
  (Note: Events count IPs exceeding thresholds per 50ms window)

[ALERT STATUS]
  Alert level:        [0mNONE[0m
  Reason:             None

[MULTI-LF (2025) COMPARISON]
=== Detection Performance vs ML-Based System ===

  First Detection Latency:   1606.50 ms (vs MULTI-LF: 866 ms)
    Improvement:             0.5× faster

  Packets until detection:   874838481
  Bytes until detection:     111437274657 (106274.87 MB)

[OCTOSKETCH METRICS - Optimized Architecture]
=== Per-Worker Sketches + Sampling (1/32 packets) ===

  Architecture:              Per-worker (NO atomics, NO contention)
  Total sketch memory:       8961 KB (14 workers × 640.1 KB)
  Sampling rate:             1 in 32 packets (3.1% overhead)
  Attack traffic sampled:    24989792 updates
  Estimated attack packets:  799673344 (×32 sampling factor)
  Sketch overhead:           ~1.56% of fast-path cycles
  Memory efficiency:         O(1) constant, 640.1 KB per worker

[OCTOSKETCH HEAVY-HITTER DETECTION]
=== Top Attackers (per-IP tracking via Count-Min Sketch) ===

  Heavy-hitter threshold:    5000 pps per IP
  Heavy-hitters detected:    5 IPs exceeding threshold
  Total HH detections:       10684 events

  Top 5 Attackers (estimated counts, ×32 sampling):
    #1: 10.10.3.77 - 130688 pkts (26124 pps) [HEAVY-HITTER]
    #2: 10.10.3.155 - 130016 pkts (25990 pps) [HEAVY-HITTER]
    #3: 10.10.3.149 - 129888 pkts (25964 pps) [HEAVY-HITTER]
    #4: 10.10.3.3 - 129696 pkts (25926 pps) [HEAVY-HITTER]
    #5: 10.10.3.113 - 129664 pkts (25919 pps) [HEAVY-HITTER]

[RING BUFFER + MULTI-SCALE FEATURES]
=== Temporal Analysis (last 100 windows = 5.0 sec) ===

  Windows processed:         15462
  Buffer utilization:        100/100 (100.0%)
  Running baseline (ML):     0 pps (for ML features only)
  Detection mode:            FIXED THRESHOLDS

  [Temporal Features - Last Window]
    Delta PPS (250ms):       +0
    Delta PPS (500ms):       +0
    PPS Variance:            0
    Ratio vs Baseline:       1.00x

  [Multi-Scale Features]
    Top IP (50ms):           0 pps
    Top IP (1s):             0 pps
    Top IP (1min):           0 pps
    Burst Ratio (50ms/1min): 1.00x
    IP Concentration:        0.0%

[MULTIPLE DETECTION STATISTICS]
=== Aggregate Detection Analysis ===

  Total detection events:    7718
  Average detection latency: 69.63 ms
  Min detection latency:     53.72 ms
  Max detection latency:     115805.37 ms
  Latency range:             115751.65 ms

  Detection Latency Histogram:
    < 20 ms:  0 detections (0.0%)
    20-30 ms: 0 detections (0.0%)
    30-40 ms: 0 detections (0.0%)
    40-50 ms: 0 detections (0.0%)
    > 50 ms:  7717 detections (100.0%)

[PERFORMANCE METRICS]
  Throughput:         3.55 Gbps (4.87 Mpps)
  Cycles available:   614 cycles/pkt (lower = higher load)
  Active IPs:         0
  Worker threads:     14 (lcores 1-14)

[DPDK NIC STATISTICS]
  RX packets (NIC):   9724211406
  RX dropped (HW):    [0m0[0m (imissed)
  RX no mbufs:        [0m0[0m (buffer exhaustion)
  RX errors:          0
  Total drops:        [0m0 (0.00%)[0m
  RX burst calls:     138934834939 (95.7% empty)
  Processed pkts:     9724214307 (100.0% of NIC RX)


╔═══════════════════════════════════════════════════════════════════════╗
║          MIRA DDoS DETECTOR - STATISTICS (MULTI-CORE)                ║
╚═══════════════════════════════════════════════════════════════════════╝

[PACKET COUNTERS - GLOBAL]
  Total packets:      9764488227
  Baseline (10.10.2.x): 4266443513 (43.7%)
  Attack (10.10.3.x): 3086930189 (31.6%)
  TCP packets:        4424577840
  UDP packets:        4968489380
  ICMP packets:       371421007

[INSTANTANEOUS TRAFFIC - Last 5.0 seconds]
  Baseline (10.10.2.x): 24568734 pkts (100.0%)  2253123781 bytes  3.60 Gbps
  Attack (10.10.3.x): 0 pkts (0.0%)  0 bytes  0.00 Gbps
  Total throughput:   3.60 Gbps  (avg pkt: 92 bytes)

[CUMULATIVE TRAFFIC - Since first packet (830.3s)]
  Total received:     9764488227 pkts (11.76 Mpps) | 17.61 Gbps | 1827311628665 bytes

[ATTACK-SPECIFIC COUNTERS]
  SYN packets:        1196717619
  SYN-ACK packets:    598358025
  SYN/ACK ratio:      2.00
  HTTP requests:      2086089964
  DNS queries:        792634631

[PROTOCOL-SPECIFIC COUNTERS - CIC-DDoS-2019 Features]
  NTP Amplification:
    Monlist queries:  6790
    Responses:        0  (avg size: 0 bytes)
  DNS Amplification:
    ANY queries:      0
    TXT queries:      0
    Responses:        792630760  (avg size: 108 bytes)
  SNMP Amplification:
    GetBulk requests: 0
    Responses:        0  (avg size: 0 bytes)
  SSDP:
    M-SEARCH packets: 0
    Responses:        47848
  PortMapper:
    GETPORT calls:    47206
    DUMP calls:       0
  NetBIOS:
    Name queries:     52629
    Datagram packets: 47367
  LDAP:
    Bind requests:    0
    Search requests:  47842
  MSSQL:
    SQLBatch packets: 46011
    RPC packets:      0
  TFTP:
    RRQ (read) pkts:  0
    WRQ (write) pkts: 0

[ATTACK DETECTIONS - Cumulative Events]
  UDP flood events:   7718
  UDP-lag events:     41
  SYN flood events:   0
  HTTP flood events:  0
  ICMP flood events:  0
  DNS amp events:     0
  NTP amp events:     0
  SNMP amp events:    0
  SSDP events:        0
  PortMap events:     0
  NetBIOS events:     0
  LDAP events:        0
  MSSQL events:       0
  TFTP events:        0
  ACK flood events:   0
  Frag attack events: 0
  Heavy-hitter events:10684 (OctoSketch per-IP detection)
  Packet flood events:0
  (Note: Events count IPs exceeding thresholds per 50ms window)

[ALERT STATUS]
  Alert level:        [0mNONE[0m
  Reason:             None

[MULTI-LF (2025) COMPARISON]
=== Detection Performance vs ML-Based System ===

  First Detection Latency:   1606.50 ms (vs MULTI-LF: 866 ms)
    Improvement:             0.5× faster

  Packets until detection:   874838481
  Bytes until detection:     111437274657 (106274.87 MB)

[OCTOSKETCH METRICS - Optimized Architecture]
=== Per-Worker Sketches + Sampling (1/32 packets) ===

  Architecture:              Per-worker (NO atomics, NO contention)
  Total sketch memory:       8961 KB (14 workers × 640.1 KB)
  Sampling rate:             1 in 32 packets (3.1% overhead)
  Attack traffic sampled:    24989792 updates
  Estimated attack packets:  799673344 (×32 sampling factor)
  Sketch overhead:           ~1.56% of fast-path cycles
  Memory efficiency:         O(1) constant, 640.1 KB per worker

[OCTOSKETCH HEAVY-HITTER DETECTION]
=== Top Attackers (per-IP tracking via Count-Min Sketch) ===

  Heavy-hitter threshold:    5000 pps per IP
  Heavy-hitters detected:    5 IPs exceeding threshold
  Total HH detections:       10684 events

  Top 5 Attackers (estimated counts, ×32 sampling):
    #1: 10.10.3.77 - 130688 pkts (26079 pps) [HEAVY-HITTER]
    #2: 10.10.3.155 - 130016 pkts (25945 pps) [HEAVY-HITTER]
    #3: 10.10.3.149 - 129888 pkts (25919 pps) [HEAVY-HITTER]
    #4: 10.10.3.3 - 129696 pkts (25881 pps) [HEAVY-HITTER]
    #5: 10.10.3.113 - 129664 pkts (25875 pps) [HEAVY-HITTER]

[RING BUFFER + MULTI-SCALE FEATURES]
=== Temporal Analysis (last 100 windows = 5.0 sec) ===

  Windows processed:         15556
  Buffer utilization:        100/100 (100.0%)
  Running baseline (ML):     0 pps (for ML features only)
  Detection mode:            FIXED THRESHOLDS

  [Temporal Features - Last Window]
    Delta PPS (250ms):       +0
    Delta PPS (500ms):       +0
    PPS Variance:            0
    Ratio vs Baseline:       1.00x

  [Multi-Scale Features]
    Top IP (50ms):           0 pps
    Top IP (1s):             0 pps
    Top IP (1min):           0 pps
    Burst Ratio (50ms/1min): 1.00x
    IP Concentration:        0.0%

[MULTIPLE DETECTION STATISTICS]
=== Aggregate Detection Analysis ===

  Total detection events:    7718
  Average detection latency: 69.63 ms
  Min detection latency:     53.72 ms
  Max detection latency:     115805.37 ms
  Latency range:             115751.65 ms

  Detection Latency Histogram:
    < 20 ms:  0 detections (0.0%)
    20-30 ms: 0 detections (0.0%)
    30-40 ms: 0 detections (0.0%)
    40-50 ms: 0 detections (0.0%)
    > 50 ms:  7717 detections (100.0%)

[PERFORMANCE METRICS]
  Throughput:         3.60 Gbps (4.90 Mpps)
  Cycles available:   610 cycles/pkt (lower = higher load)
  Active IPs:         0
  Worker threads:     14 (lcores 1-14)

[DPDK NIC STATISTICS]
  RX packets (NIC):   9764485462
  RX dropped (HW):    [0m0[0m (imissed)
  RX no mbufs:        [0m0[0m (buffer exhaustion)
  RX errors:          0
  Total drops:        [0m0 (0.00%)[0m
  RX burst calls:     140182808728 (95.7% empty)
  Processed pkts:     9764488227 (100.0% of NIC RX)


╔═══════════════════════════════════════════════════════════════════════╗
║          MIRA DDoS DETECTOR - STATISTICS (MULTI-CORE)                ║
╚═══════════════════════════════════════════════════════════════════════╝

[PACKET COUNTERS - GLOBAL]
  Total packets:      9804080163
  Baseline (10.10.2.x): 4293303227 (43.8%)
  Attack (10.10.3.x): 3086930189 (31.5%)
  TCP packets:        4454275291
  UDP packets:        4976181938
  ICMP packets:       373622934

[INSTANTANEOUS TRAFFIC - Last 5.0 seconds]
  Baseline (10.10.2.x): 28584632 pkts (100.0%)  2659601410 bytes  4.25 Gbps
  Attack (10.10.3.x): 0 pkts (0.0%)  0 bytes  0.00 Gbps
  Total throughput:   4.25 Gbps  (avg pkt: 93 bytes)

[CUMULATIVE TRAFFIC - Since first packet (835.3s)]
  Total received:     9804080163 pkts (11.74 Mpps) | 17.55 Gbps | 1832109886968 bytes

[ATTACK-SPECIFIC COUNTERS]
  SYN packets:        1205131598
  SYN-ACK packets:    602565005
  SYN/ACK ratio:      2.00
  HTTP requests:      2097228962
  DNS queries:        795603326

[PROTOCOL-SPECIFIC COUNTERS - CIC-DDoS-2019 Features]
  NTP Amplification:
    Monlist queries:  6790
    Responses:        0  (avg size: 0 bytes)
  DNS Amplification:
    ANY queries:      0
    TXT queries:      0
    Responses:        795599457  (avg size: 108 bytes)
  SNMP Amplification:
    GetBulk requests: 0
    Responses:        0  (avg size: 0 bytes)
  SSDP:
    M-SEARCH packets: 0
    Responses:        47848
  PortMapper:
    GETPORT calls:    47206
    DUMP calls:       0
  NetBIOS:
    Name queries:     52629
    Datagram packets: 47367
  LDAP:
    Bind requests:    0
    Search requests:  47842
  MSSQL:
    SQLBatch packets: 46011
    RPC packets:      0
  TFTP:
    RRQ (read) pkts:  0
    WRQ (write) pkts: 0

[ATTACK DETECTIONS - Cumulative Events]
  UDP flood events:   7718
  UDP-lag events:     41
  SYN flood events:   0
  HTTP flood events:  0
  ICMP flood events:  0
  DNS amp events:     0
  NTP amp events:     0
  SNMP amp events:    0
  SSDP events:        0
  PortMap events:     0
  NetBIOS events:     0
  LDAP events:        0
  MSSQL events:       0
  TFTP events:        0
  ACK flood events:   0
  Frag attack events: 0
  Heavy-hitter events:10684 (OctoSketch per-IP detection)
  Packet flood events:0
  (Note: Events count IPs exceeding thresholds per 50ms window)

[ALERT STATUS]
  Alert level:        [0mNONE[0m
  Reason:             None

[MULTI-LF (2025) COMPARISON]
=== Detection Performance vs ML-Based System ===

  First Detection Latency:   1606.50 ms (vs MULTI-LF: 866 ms)
    Improvement:             0.5× faster

  Packets until detection:   874838481
  Bytes until detection:     111437274657 (106274.87 MB)

[OCTOSKETCH METRICS - Optimized Architecture]
=== Per-Worker Sketches + Sampling (1/32 packets) ===

  Architecture:              Per-worker (NO atomics, NO contention)
  Total sketch memory:       8961 KB (14 workers × 640.1 KB)
  Sampling rate:             1 in 32 packets (3.1% overhead)
  Attack traffic sampled:    24989792 updates
  Estimated attack packets:  799673344 (×32 sampling factor)
  Sketch overhead:           ~1.56% of fast-path cycles
  Memory efficiency:         O(1) constant, 640.1 KB per worker

[OCTOSKETCH HEAVY-HITTER DETECTION]
=== Top Attackers (per-IP tracking via Count-Min Sketch) ===

  Heavy-hitter threshold:    5000 pps per IP
  Heavy-hitters detected:    5 IPs exceeding threshold
  Total HH detections:       10684 events

  Top 5 Attackers (estimated counts, ×32 sampling):
    #1: 10.10.3.77 - 130688 pkts (26075 pps) [HEAVY-HITTER]
    #2: 10.10.3.155 - 130016 pkts (25941 pps) [HEAVY-HITTER]
    #3: 10.10.3.149 - 129888 pkts (25916 pps) [HEAVY-HITTER]
    #4: 10.10.3.3 - 129696 pkts (25878 pps) [HEAVY-HITTER]
    #5: 10.10.3.113 - 129664 pkts (25871 pps) [HEAVY-HITTER]

[RING BUFFER + MULTI-SCALE FEATURES]
=== Temporal Analysis (last 100 windows = 5.0 sec) ===

  Windows processed:         15650
  Buffer utilization:        100/100 (100.0%)
  Running baseline (ML):     0 pps (for ML features only)
  Detection mode:            FIXED THRESHOLDS

  [Temporal Features - Last Window]
    Delta PPS (250ms):       +0
    Delta PPS (500ms):       +0
    PPS Variance:            0
    Ratio vs Baseline:       1.00x

  [Multi-Scale Features]
    Top IP (50ms):           0 pps
    Top IP (1s):             0 pps
    Top IP (1min):           0 pps
    Burst Ratio (50ms/1min): 1.00x
    IP Concentration:        0.0%

[MULTIPLE DETECTION STATISTICS]
=== Aggregate Detection Analysis ===

  Total detection events:    7718
  Average detection latency: 69.63 ms
  Min detection latency:     53.72 ms
  Max detection latency:     115805.37 ms
  Latency range:             115751.65 ms

  Detection Latency Histogram:
    < 20 ms:  0 detections (0.0%)
    20-30 ms: 0 detections (0.0%)
    30-40 ms: 0 detections (0.0%)
    40-50 ms: 0 detections (0.0%)
    > 50 ms:  7717 detections (100.0%)

[PERFORMANCE METRICS]
  Throughput:         4.25 Gbps (5.70 Mpps)
  Cycles available:   524 cycles/pkt (lower = higher load)
  Active IPs:         0
  Worker threads:     14 (lcores 1-14)

[DPDK NIC STATISTICS]
  RX packets (NIC):   9804077633
  RX dropped (HW):    [0m0[0m (imissed)
  RX no mbufs:        [0m0[0m (buffer exhaustion)
  RX errors:          0
  Total drops:        [0m0 (0.00%)[0m
  RX burst calls:     141452947028 (95.7% empty)
  Processed pkts:     9804080163 (100.0% of NIC RX)


╔═══════════════════════════════════════════════════════════════════════╗
║          MIRA DDoS DETECTOR - STATISTICS (MULTI-CORE)                ║
╚═══════════════════════════════════════════════════════════════════════╝

[PACKET COUNTERS - GLOBAL]
  Total packets:      9843692579
  Baseline (10.10.2.x): 4320178456 (43.9%)
  Attack (10.10.3.x): 3086930189 (31.4%)
  TCP packets:        4483989347
  UDP packets:        4983879754
  ICMP packets:       375823478

[INSTANTANEOUS TRAFFIC - Last 5.0 seconds]
  Baseline (10.10.2.x): 26874599 pkts (100.0%)  2851317355 bytes  4.55 Gbps
  Attack (10.10.3.x): 0 pkts (0.0%)  0 bytes  0.00 Gbps
  Total throughput:   4.55 Gbps  (avg pkt: 106 bytes)

[CUMULATIVE TRAFFIC - Since first packet (840.3s)]
  Total received:     9843692579 pkts (11.71 Mpps) | 17.49 Gbps | 1836911173767 bytes

[ATTACK-SPECIFIC COUNTERS]
  SYN packets:        1213550159
  SYN-ACK packets:    606774284
  SYN/ACK ratio:      2.00
  HTTP requests:      2108375207
  DNS queries:        798572475

[PROTOCOL-SPECIFIC COUNTERS - CIC-DDoS-2019 Features]
  NTP Amplification:
    Monlist queries:  6790
    Responses:        0  (avg size: 0 bytes)
  DNS Amplification:
    ANY queries:      0
    TXT queries:      0
    Responses:        798568609  (avg size: 108 bytes)
  SNMP Amplification:
    GetBulk requests: 0
    Responses:        0  (avg size: 0 bytes)
  SSDP:
    M-SEARCH packets: 0
    Responses:        47848
  PortMapper:
    GETPORT calls:    47206
    DUMP calls:       0
  NetBIOS:
    Name queries:     52629
    Datagram packets: 47367
  LDAP:
    Bind requests:    0
    Search requests:  47842
  MSSQL:
    SQLBatch packets: 46011
    RPC packets:      0
  TFTP:
    RRQ (read) pkts:  0
    WRQ (write) pkts: 0

[ATTACK DETECTIONS - Cumulative Events]
  UDP flood events:   7718
  UDP-lag events:     41
  SYN flood events:   0
  HTTP flood events:  0
  ICMP flood events:  0
  DNS amp events:     0
  NTP amp events:     0
  SNMP amp events:    0
  SSDP events:        0
  PortMap events:     0
  NetBIOS events:     0
  LDAP events:        0
  MSSQL events:       0
  TFTP events:        0
  ACK flood events:   0
  Frag attack events: 0
  Heavy-hitter events:10684 (OctoSketch per-IP detection)
  Packet flood events:0
  (Note: Events count IPs exceeding thresholds per 50ms window)

[ALERT STATUS]
  Alert level:        [0mNONE[0m
  Reason:             None

[MULTI-LF (2025) COMPARISON]
=== Detection Performance vs ML-Based System ===

  First Detection Latency:   1606.50 ms (vs MULTI-LF: 866 ms)
    Improvement:             0.5× faster

  Packets until detection:   874838481
  Bytes until detection:     111437274657 (106274.87 MB)

[OCTOSKETCH METRICS - Optimized Architecture]
=== Per-Worker Sketches + Sampling (1/32 packets) ===

  Architecture:              Per-worker (NO atomics, NO contention)
  Total sketch memory:       8961 KB (14 workers × 640.1 KB)
  Sampling rate:             1 in 32 packets (3.1% overhead)
  Attack traffic sampled:    24989792 updates
  Estimated attack packets:  799673344 (×32 sampling factor)
  Sketch overhead:           ~1.56% of fast-path cycles
  Memory efficiency:         O(1) constant, 640.1 KB per worker

[OCTOSKETCH HEAVY-HITTER DETECTION]
=== Top Attackers (per-IP tracking via Count-Min Sketch) ===

  Heavy-hitter threshold:    5000 pps per IP
  Heavy-hitters detected:    5 IPs exceeding threshold
  Total HH detections:       10684 events

  Top 5 Attackers (estimated counts, ×32 sampling):
    #1: 10.10.3.77 - 130688 pkts (26082 pps) [HEAVY-HITTER]
    #2: 10.10.3.155 - 130016 pkts (25948 pps) [HEAVY-HITTER]
    #3: 10.10.3.149 - 129888 pkts (25922 pps) [HEAVY-HITTER]
    #4: 10.10.3.3 - 129696 pkts (25884 pps) [HEAVY-HITTER]
    #5: 10.10.3.113 - 129664 pkts (25878 pps) [HEAVY-HITTER]

[RING BUFFER + MULTI-SCALE FEATURES]
=== Temporal Analysis (last 100 windows = 5.0 sec) ===

  Windows processed:         15744
  Buffer utilization:        100/100 (100.0%)
  Running baseline (ML):     0 pps (for ML features only)
  Detection mode:            FIXED THRESHOLDS

  [Temporal Features - Last Window]
    Delta PPS (250ms):       +0
    Delta PPS (500ms):       +0
    PPS Variance:            0
    Ratio vs Baseline:       1.00x

  [Multi-Scale Features]
    Top IP (50ms):           0 pps
    Top IP (1s):             0 pps
    Top IP (1min):           0 pps
    Burst Ratio (50ms/1min): 1.00x
    IP Concentration:        0.0%

[MULTIPLE DETECTION STATISTICS]
=== Aggregate Detection Analysis ===

  Total detection events:    7718
  Average detection latency: 69.63 ms
  Min detection latency:     53.72 ms
  Max detection latency:     115805.37 ms
  Latency range:             115751.65 ms

  Detection Latency Histogram:
    < 20 ms:  0 detections (0.0%)
    20-30 ms: 0 detections (0.0%)
    30-40 ms: 0 detections (0.0%)
    40-50 ms: 0 detections (0.0%)
    > 50 ms:  7717 detections (100.0%)

[PERFORMANCE METRICS]
  Throughput:         4.55 Gbps (5.36 Mpps)
  Cycles available:   557 cycles/pkt (lower = higher load)
  Active IPs:         0
  Worker threads:     14 (lcores 1-14)

[DPDK NIC STATISTICS]
  RX packets (NIC):   9843689926
  RX dropped (HW):    [0m0[0m (imissed)
  RX no mbufs:        [0m0[0m (buffer exhaustion)
  RX errors:          0
  Total drops:        [0m0 (0.00%)[0m
  RX burst calls:     142722903702 (95.7% empty)
  Processed pkts:     9843692579 (100.0% of NIC RX)


╔═══════════════════════════════════════════════════════════════════════╗
║          MIRA DDoS DETECTOR - STATISTICS (MULTI-CORE)                ║
╚═══════════════════════════════════════════════════════════════════════╝

[PACKET COUNTERS - GLOBAL]
  Total packets:      9883270691
  Baseline (10.10.2.x): 4347029841 (44.0%)
  Attack (10.10.3.x): 3086930189 (31.2%)
  TCP packets:        4513676935
  UDP packets:        4991569584
  ICMP packets:       378024172

[INSTANTANEOUS TRAFFIC - Last 5.0 seconds]
  Baseline (10.10.2.x): 26850952 pkts (100.0%)  2658976056 bytes  4.25 Gbps
  Attack (10.10.3.x): 0 pkts (0.0%)  0 bytes  0.00 Gbps
  Total throughput:   4.25 Gbps  (avg pkt: 99 bytes)

[CUMULATIVE TRAFFIC - Since first packet (845.3s)]
  Total received:     9883270691 pkts (11.69 Mpps) | 17.43 Gbps | 1841707686209 bytes

[ATTACK-SPECIFIC COUNTERS]
  SYN packets:        1221961679
  SYN-ACK packets:    610980039
  SYN/ACK ratio:      2.00
  HTTP requests:      2119508060
  DNS queries:        801539980

[PROTOCOL-SPECIFIC COUNTERS - CIC-DDoS-2019 Features]
  NTP Amplification:
    Monlist queries:  6790
    Responses:        0  (avg size: 0 bytes)
  DNS Amplification:
    ANY queries:      0
    TXT queries:      0
    Responses:        801536115  (avg size: 108 bytes)
  SNMP Amplification:
    GetBulk requests: 0
    Responses:        0  (avg size: 0 bytes)
  SSDP:
    M-SEARCH packets: 0
    Responses:        47848
  PortMapper:
    GETPORT calls:    47206
    DUMP calls:       0
  NetBIOS:
    Name queries:     52629
    Datagram packets: 47367
  LDAP:
    Bind requests:    0
    Search requests:  47842
  MSSQL:
    SQLBatch packets: 46011
    RPC packets:      0
  TFTP:
    RRQ (read) pkts:  0
    WRQ (write) pkts: 0

[ATTACK DETECTIONS - Cumulative Events]
  UDP flood events:   7718
  UDP-lag events:     41
  SYN flood events:   0
  HTTP flood events:  0
  ICMP flood events:  0
  DNS amp events:     0
  NTP amp events:     0
  SNMP amp events:    0
  SSDP events:        0
  PortMap events:     0
  NetBIOS events:     0
  LDAP events:        0
  MSSQL events:       0
  TFTP events:        0
  ACK flood events:   0
  Frag attack events: 0
  Heavy-hitter events:10684 (OctoSketch per-IP detection)
  Packet flood events:0
  (Note: Events count IPs exceeding thresholds per 50ms window)

[ALERT STATUS]
  Alert level:        [0mNONE[0m
  Reason:             None

[MULTI-LF (2025) COMPARISON]
=== Detection Performance vs ML-Based System ===

  First Detection Latency:   1606.50 ms (vs MULTI-LF: 866 ms)
    Improvement:             0.5× faster

  Packets until detection:   874838481
  Bytes until detection:     111437274657 (106274.87 MB)

[OCTOSKETCH METRICS - Optimized Architecture]
=== Per-Worker Sketches + Sampling (1/32 packets) ===

  Architecture:              Per-worker (NO atomics, NO contention)
  Total sketch memory:       8961 KB (14 workers × 640.1 KB)
  Sampling rate:             1 in 32 packets (3.1% overhead)
  Attack traffic sampled:    24989792 updates
  Estimated attack packets:  799673344 (×32 sampling factor)
  Sketch overhead:           ~1.56% of fast-path cycles
  Memory efficiency:         O(1) constant, 640.1 KB per worker

[OCTOSKETCH HEAVY-HITTER DETECTION]
=== Top Attackers (per-IP tracking via Count-Min Sketch) ===

  Heavy-hitter threshold:    5000 pps per IP
  Heavy-hitters detected:    5 IPs exceeding threshold
  Total HH detections:       10684 events

  Top 5 Attackers (estimated counts, ×32 sampling):
    #1: 10.10.3.77 - 130688 pkts (26082 pps) [HEAVY-HITTER]
    #2: 10.10.3.155 - 130016 pkts (25948 pps) [HEAVY-HITTER]
    #3: 10.10.3.149 - 129888 pkts (25923 pps) [HEAVY-HITTER]
    #4: 10.10.3.3 - 129696 pkts (25884 pps) [HEAVY-HITTER]
    #5: 10.10.3.113 - 129664 pkts (25878 pps) [HEAVY-HITTER]

[RING BUFFER + MULTI-SCALE FEATURES]
=== Temporal Analysis (last 100 windows = 5.0 sec) ===

  Windows processed:         15838
  Buffer utilization:        100/100 (100.0%)
  Running baseline (ML):     0 pps (for ML features only)
  Detection mode:            FIXED THRESHOLDS

  [Temporal Features - Last Window]
    Delta PPS (250ms):       +0
    Delta PPS (500ms):       +0
    PPS Variance:            0
    Ratio vs Baseline:       1.00x

  [Multi-Scale Features]
    Top IP (50ms):           0 pps
    Top IP (1s):             0 pps
    Top IP (1min):           0 pps
    Burst Ratio (50ms/1min): 1.00x
    IP Concentration:        0.0%

[MULTIPLE DETECTION STATISTICS]
=== Aggregate Detection Analysis ===

  Total detection events:    7718
  Average detection latency: 69.63 ms
  Min detection latency:     53.72 ms
  Max detection latency:     115805.37 ms
  Latency range:             115751.65 ms

  Detection Latency Histogram:
    < 20 ms:  0 detections (0.0%)
    20-30 ms: 0 detections (0.0%)
    30-40 ms: 0 detections (0.0%)
    40-50 ms: 0 detections (0.0%)
    > 50 ms:  7717 detections (100.0%)

[PERFORMANCE METRICS]
  Throughput:         4.25 Gbps (5.36 Mpps)
  Cycles available:   558 cycles/pkt (lower = higher load)
  Active IPs:         0
  Worker threads:     14 (lcores 1-14)

[DPDK NIC STATISTICS]
  RX packets (NIC):   9883268149
  RX dropped (HW):    [0m0[0m (imissed)
  RX no mbufs:        [0m0[0m (buffer exhaustion)
  RX errors:          0
  Total drops:        [0m0 (0.00%)[0m
  RX burst calls:     143993503216 (95.7% empty)
  Processed pkts:     9883270691 (100.0% of NIC RX)


╔═══════════════════════════════════════════════════════════════════════╗
║          MIRA DDoS DETECTOR - STATISTICS (MULTI-CORE)                ║
╚═══════════════════════════════════════════════════════════════════════╝

[PACKET COUNTERS - GLOBAL]
  Total packets:      9922878612
  Baseline (10.10.2.x): 4373900174 (44.1%)
  Attack (10.10.3.x): 3086930189 (31.1%)
  TCP packets:        4543379722
  UDP packets:        4999272230
  ICMP packets:       380226660

[INSTANTANEOUS TRAFFIC - Last 5.0 seconds]
  Baseline (10.10.2.x): 28785290 pkts (100.0%)  2660748024 bytes  4.25 Gbps
  Attack (10.10.3.x): 0 pkts (0.0%)  0 bytes  0.00 Gbps
  Total throughput:   4.25 Gbps  (avg pkt: 92 bytes)

[CUMULATIVE TRAFFIC - Since first packet (850.4s)]
  Total received:     9922878612 pkts (11.67 Mpps) | 17.37 Gbps | 1846507496547 bytes

[ATTACK-SPECIFIC COUNTERS]
  SYN packets:        1230377722
  SYN-ACK packets:    615188057
  SYN/ACK ratio:      2.00
  HTTP requests:      2130644999
  DNS queries:        804513542

[PROTOCOL-SPECIFIC COUNTERS - CIC-DDoS-2019 Features]
  NTP Amplification:
    Monlist queries:  6790
    Responses:        0  (avg size: 0 bytes)
  DNS Amplification:
    ANY queries:      0
    TXT queries:      0
    Responses:        804509680  (avg size: 108 bytes)
  SNMP Amplification:
    GetBulk requests: 0
    Responses:        0  (avg size: 0 bytes)
  SSDP:
    M-SEARCH packets: 0
    Responses:        47848
  PortMapper:
    GETPORT calls:    47206
    DUMP calls:       0
  NetBIOS:
    Name queries:     52629
    Datagram packets: 47367
  LDAP:
    Bind requests:    0
    Search requests:  47842
  MSSQL:
    SQLBatch packets: 46011
    RPC packets:      0
  TFTP:
    RRQ (read) pkts:  0
    WRQ (write) pkts: 0

[ATTACK DETECTIONS - Cumulative Events]
  UDP flood events:   7718
  UDP-lag events:     41
  SYN flood events:   0
  HTTP flood events:  0
  ICMP flood events:  0
  DNS amp events:     0
  NTP amp events:     0
  SNMP amp events:    0
  SSDP events:        0
  PortMap events:     0
  NetBIOS events:     0
  LDAP events:        0
  MSSQL events:       0
  TFTP events:        0
  ACK flood events:   0
  Frag attack events: 0
  Heavy-hitter events:10684 (OctoSketch per-IP detection)
  Packet flood events:0
  (Note: Events count IPs exceeding thresholds per 50ms window)

[ALERT STATUS]
  Alert level:        [0mNONE[0m
  Reason:             None

[MULTI-LF (2025) COMPARISON]
=== Detection Performance vs ML-Based System ===

  First Detection Latency:   1606.50 ms (vs MULTI-LF: 866 ms)
    Improvement:             0.5× faster

  Packets until detection:   874838481
  Bytes until detection:     111437274657 (106274.87 MB)

[OCTOSKETCH METRICS - Optimized Architecture]
=== Per-Worker Sketches + Sampling (1/32 packets) ===

  Architecture:              Per-worker (NO atomics, NO contention)
  Total sketch memory:       8961 KB (14 workers × 640.1 KB)
  Sampling rate:             1 in 32 packets (3.1% overhead)
  Attack traffic sampled:    24989792 updates
  Estimated attack packets:  799673344 (×32 sampling factor)
  Sketch overhead:           ~1.56% of fast-path cycles
  Memory efficiency:         O(1) constant, 640.1 KB per worker

[OCTOSKETCH HEAVY-HITTER DETECTION]
=== Top Attackers (per-IP tracking via Count-Min Sketch) ===

  Heavy-hitter threshold:    5000 pps per IP
  Heavy-hitters detected:    5 IPs exceeding threshold
  Total HH detections:       10684 events

  Top 5 Attackers (estimated counts, ×32 sampling):
    #1: 10.10.3.77 - 130688 pkts (26082 pps) [HEAVY-HITTER]
    #2: 10.10.3.155 - 130016 pkts (25948 pps) [HEAVY-HITTER]
    #3: 10.10.3.149 - 129888 pkts (25922 pps) [HEAVY-HITTER]
    #4: 10.10.3.3 - 129696 pkts (25884 pps) [HEAVY-HITTER]
    #5: 10.10.3.113 - 129664 pkts (25878 pps) [HEAVY-HITTER]

[RING BUFFER + MULTI-SCALE FEATURES]
=== Temporal Analysis (last 100 windows = 5.0 sec) ===

  Windows processed:         15932
  Buffer utilization:        100/100 (100.0%)
  Running baseline (ML):     0 pps (for ML features only)
  Detection mode:            FIXED THRESHOLDS

  [Temporal Features - Last Window]
    Delta PPS (250ms):       +0
    Delta PPS (500ms):       +0
    PPS Variance:            0
    Ratio vs Baseline:       1.00x

  [Multi-Scale Features]
    Top IP (50ms):           0 pps
    Top IP (1s):             0 pps
    Top IP (1min):           0 pps
    Burst Ratio (50ms/1min): 1.00x
    IP Concentration:        0.0%

[MULTIPLE DETECTION STATISTICS]
=== Aggregate Detection Analysis ===

  Total detection events:    7718
  Average detection latency: 69.63 ms
  Min detection latency:     53.72 ms
  Max detection latency:     115805.37 ms
  Latency range:             115751.65 ms

  Detection Latency Histogram:
    < 20 ms:  0 detections (0.0%)
    20-30 ms: 0 detections (0.0%)
    30-40 ms: 0 detections (0.0%)
    40-50 ms: 0 detections (0.0%)
    > 50 ms:  7717 detections (100.0%)

[PERFORMANCE METRICS]
  Throughput:         4.25 Gbps (5.74 Mpps)
  Cycles available:   520 cycles/pkt (lower = higher load)
  Active IPs:         0
  Worker threads:     14 (lcores 1-14)

[DPDK NIC STATISTICS]
  RX packets (NIC):   9922876039
  RX dropped (HW):    [0m0[0m (imissed)
  RX no mbufs:        [0m0[0m (buffer exhaustion)
  RX errors:          0
  Total drops:        [0m0 (0.00%)[0m
  RX burst calls:     145263416047 (95.8% empty)
  Processed pkts:     9922878612 (100.0% of NIC RX)


╔═══════════════════════════════════════════════════════════════════════╗
║          MIRA DDoS DETECTOR - STATISTICS (MULTI-CORE)                ║
╚═══════════════════════════════════════════════════════════════════════╝

[PACKET COUNTERS - GLOBAL]
  Total packets:      9962483235
  Baseline (10.10.2.x): 4400770033 (44.2%)
  Attack (10.10.3.x): 3086930189 (31.0%)
  TCP packets:        4573082832
  UDP packets:        5006970678
  ICMP packets:       382429725

[INSTANTANEOUS TRAFFIC - Last 5.0 seconds]
  Baseline (10.10.2.x): 26869226 pkts (100.0%)  2661148424 bytes  4.25 Gbps
  Attack (10.10.3.x): 0 pkts (0.0%)  0 bytes  0.00 Gbps
  Total throughput:   4.25 Gbps  (avg pkt: 99 bytes)

[CUMULATIVE TRAFFIC - Since first packet (855.4s)]
  Total received:     9962483235 pkts (11.65 Mpps) | 17.31 Gbps | 1851307256289 bytes

[ATTACK-SPECIFIC COUNTERS]
  SYN packets:        1238793850
  SYN-ACK packets:    619396125
  SYN/ACK ratio:      2.00
  HTTP requests:      2141782031
  DNS queries:        807483918

[PROTOCOL-SPECIFIC COUNTERS - CIC-DDoS-2019 Features]
  NTP Amplification:
    Monlist queries:  6790
    Responses:        0  (avg size: 0 bytes)
  DNS Amplification:
    ANY queries:      0
    TXT queries:      0
    Responses:        807480050  (avg size: 108 bytes)
  SNMP Amplification:
    GetBulk requests: 0
    Responses:        0  (avg size: 0 bytes)
  SSDP:
    M-SEARCH packets: 0
    Responses:        47848
  PortMapper:
    GETPORT calls:    47206
    DUMP calls:       0
  NetBIOS:
    Name queries:     52629
    Datagram packets: 47367
  LDAP:
    Bind requests:    0
    Search requests:  47842
  MSSQL:
    SQLBatch packets: 46011
    RPC packets:      0
  TFTP:
    RRQ (read) pkts:  0
    WRQ (write) pkts: 0

[ATTACK DETECTIONS - Cumulative Events]
  UDP flood events:   7718
  UDP-lag events:     41
  SYN flood events:   0
  HTTP flood events:  0
  ICMP flood events:  0
  DNS amp events:     0
  NTP amp events:     0
  SNMP amp events:    0
  SSDP events:        0
  PortMap events:     0
  NetBIOS events:     0
  LDAP events:        0
  MSSQL events:       0
  TFTP events:        0
  ACK flood events:   0
  Frag attack events: 0
  Heavy-hitter events:10684 (OctoSketch per-IP detection)
  Packet flood events:0
  (Note: Events count IPs exceeding thresholds per 50ms window)

[ALERT STATUS]
  Alert level:        [0mNONE[0m
  Reason:             None

[MULTI-LF (2025) COMPARISON]
=== Detection Performance vs ML-Based System ===

  First Detection Latency:   1606.50 ms (vs MULTI-LF: 866 ms)
    Improvement:             0.5× faster

  Packets until detection:   874838481
  Bytes until detection:     111437274657 (106274.87 MB)

[OCTOSKETCH METRICS - Optimized Architecture]
=== Per-Worker Sketches + Sampling (1/32 packets) ===

  Architecture:              Per-worker (NO atomics, NO contention)
  Total sketch memory:       8961 KB (14 workers × 640.1 KB)
  Sampling rate:             1 in 32 packets (3.1% overhead)
  Attack traffic sampled:    24989792 updates
  Estimated attack packets:  799673344 (×32 sampling factor)
  Sketch overhead:           ~1.56% of fast-path cycles
  Memory efficiency:         O(1) constant, 640.1 KB per worker

[OCTOSKETCH HEAVY-HITTER DETECTION]
=== Top Attackers (per-IP tracking via Count-Min Sketch) ===

  Heavy-hitter threshold:    5000 pps per IP
  Heavy-hitters detected:    5 IPs exceeding threshold
  Total HH detections:       10684 events

  Top 5 Attackers (estimated counts, ×32 sampling):
    #1: 10.10.3.77 - 130688 pkts (26079 pps) [HEAVY-HITTER]
    #2: 10.10.3.155 - 130016 pkts (25945 pps) [HEAVY-HITTER]
    #3: 10.10.3.149 - 129888 pkts (25919 pps) [HEAVY-HITTER]
    #4: 10.10.3.3 - 129696 pkts (25881 pps) [HEAVY-HITTER]
    #5: 10.10.3.113 - 129664 pkts (25875 pps) [HEAVY-HITTER]

[RING BUFFER + MULTI-SCALE FEATURES]
=== Temporal Analysis (last 100 windows = 5.0 sec) ===

  Windows processed:         16026
  Buffer utilization:        100/100 (100.0%)
  Running baseline (ML):     0 pps (for ML features only)
  Detection mode:            FIXED THRESHOLDS

  [Temporal Features - Last Window]
    Delta PPS (250ms):       +0
    Delta PPS (500ms):       +0
    PPS Variance:            0
    Ratio vs Baseline:       1.00x

  [Multi-Scale Features]
    Top IP (50ms):           0 pps
    Top IP (1s):             0 pps
    Top IP (1min):           0 pps
    Burst Ratio (50ms/1min): 1.00x
    IP Concentration:        0.0%

[MULTIPLE DETECTION STATISTICS]
=== Aggregate Detection Analysis ===

  Total detection events:    7718
  Average detection latency: 69.63 ms
  Min detection latency:     53.72 ms
  Max detection latency:     115805.37 ms
  Latency range:             115751.65 ms

  Detection Latency Histogram:
    < 20 ms:  0 detections (0.0%)
    20-30 ms: 0 detections (0.0%)
    30-40 ms: 0 detections (0.0%)
    40-50 ms: 0 detections (0.0%)
    > 50 ms:  7717 detections (100.0%)

[PERFORMANCE METRICS]
  Throughput:         4.25 Gbps (5.36 Mpps)
  Cycles available:   558 cycles/pkt (lower = higher load)
  Active IPs:         0
  Worker threads:     14 (lcores 1-14)

[DPDK NIC STATISTICS]
  RX packets (NIC):   9962480452
  RX dropped (HW):    [0m0[0m (imissed)
  RX no mbufs:        [0m0[0m (buffer exhaustion)
  RX errors:          0
  Total drops:        [0m0 (0.00%)[0m
  RX burst calls:     146533585856 (95.8% empty)
  Processed pkts:     9962483235 (100.0% of NIC RX)


╔═══════════════════════════════════════════════════════════════════════╗
║          MIRA DDoS DETECTOR - STATISTICS (MULTI-CORE)                ║
╚═══════════════════════════════════════════════════════════════════════╝

[PACKET COUNTERS - GLOBAL]
  Total packets:      10002069539
  Baseline (10.10.2.x): 4427626548 (44.3%)
  Attack (10.10.3.x): 3086930189 (30.9%)
  TCP packets:        4602768990
  UDP packets:        5014669225
  ICMP packets:       384631324

[INSTANTANEOUS TRAFFIC - Last 5.0 seconds]
  Baseline (10.10.2.x): 26856093 pkts (100.0%)  2659907558 bytes  4.25 Gbps
  Attack (10.10.3.x): 0 pkts (0.0%)  0 bytes  0.00 Gbps
  Total throughput:   4.25 Gbps  (avg pkt: 99 bytes)

[CUMULATIVE TRAFFIC - Since first packet (860.4s)]
  Total received:     10002069539 pkts (11.63 Mpps) | 17.26 Gbps | 1856105201743 bytes

[ATTACK-SPECIFIC COUNTERS]
  SYN packets:        1247204660
  SYN-ACK packets:    623601518
  SYN/ACK ratio:      2.00
  HTTP requests:      2152916753
  DNS queries:        810453669

[PROTOCOL-SPECIFIC COUNTERS - CIC-DDoS-2019 Features]
  NTP Amplification:
    Monlist queries:  6790
    Responses:        0  (avg size: 0 bytes)
  DNS Amplification:
    ANY queries:      0
    TXT queries:      0
    Responses:        810449802  (avg size: 108 bytes)
  SNMP Amplification:
    GetBulk requests: 0
    Responses:        0  (avg size: 0 bytes)
  SSDP:
    M-SEARCH packets: 0
    Responses:        47848
  PortMapper:
    GETPORT calls:    47206
    DUMP calls:       0
  NetBIOS:
    Name queries:     52629
    Datagram packets: 47367
  LDAP:
    Bind requests:    0
    Search requests:  47842
  MSSQL:
    SQLBatch packets: 46011
    RPC packets:      0
  TFTP:
    RRQ (read) pkts:  0
    WRQ (write) pkts: 0

[ATTACK DETECTIONS - Cumulative Events]
  UDP flood events:   7718
  UDP-lag events:     41
  SYN flood events:   0
  HTTP flood events:  0
  ICMP flood events:  0
  DNS amp events:     0
  NTP amp events:     0
  SNMP amp events:    0
  SSDP events:        0
  PortMap events:     0
  NetBIOS events:     0
  LDAP events:        0
  MSSQL events:       0
  TFTP events:        0
  ACK flood events:   0
  Frag attack events: 0
  Heavy-hitter events:10684 (OctoSketch per-IP detection)
  Packet flood events:0
  (Note: Events count IPs exceeding thresholds per 50ms window)

[ALERT STATUS]
  Alert level:        [0mNONE[0m
  Reason:             None

[MULTI-LF (2025) COMPARISON]
=== Detection Performance vs ML-Based System ===

  First Detection Latency:   1606.50 ms (vs MULTI-LF: 866 ms)
    Improvement:             0.5× faster

  Packets until detection:   874838481
  Bytes until detection:     111437274657 (106274.87 MB)

[OCTOSKETCH METRICS - Optimized Architecture]
=== Per-Worker Sketches + Sampling (1/32 packets) ===

  Architecture:              Per-worker (NO atomics, NO contention)
  Total sketch memory:       8961 KB (14 workers × 640.1 KB)
  Sampling rate:             1 in 32 packets (3.1% overhead)
  Attack traffic sampled:    24989792 updates
  Estimated attack packets:  799673344 (×32 sampling factor)
  Sketch overhead:           ~1.56% of fast-path cycles
  Memory efficiency:         O(1) constant, 640.1 KB per worker

[OCTOSKETCH HEAVY-HITTER DETECTION]
=== Top Attackers (per-IP tracking via Count-Min Sketch) ===

  Heavy-hitter threshold:    5000 pps per IP
  Heavy-hitters detected:    5 IPs exceeding threshold
  Total HH detections:       10684 events

  Top 5 Attackers (estimated counts, ×32 sampling):
    #1: 10.10.3.77 - 130688 pkts (26083 pps) [HEAVY-HITTER]
    #2: 10.10.3.155 - 130016 pkts (25949 pps) [HEAVY-HITTER]
    #3: 10.10.3.149 - 129888 pkts (25923 pps) [HEAVY-HITTER]
    #4: 10.10.3.3 - 129696 pkts (25885 pps) [HEAVY-HITTER]
    #5: 10.10.3.113 - 129664 pkts (25878 pps) [HEAVY-HITTER]

[RING BUFFER + MULTI-SCALE FEATURES]
=== Temporal Analysis (last 100 windows = 5.0 sec) ===

  Windows processed:         16120
  Buffer utilization:        100/100 (100.0%)
  Running baseline (ML):     0 pps (for ML features only)
  Detection mode:            FIXED THRESHOLDS

  [Temporal Features - Last Window]
    Delta PPS (250ms):       +0
    Delta PPS (500ms):       +0
    PPS Variance:            0
    Ratio vs Baseline:       1.00x

  [Multi-Scale Features]
    Top IP (50ms):           0 pps
    Top IP (1s):             0 pps
    Top IP (1min):           0 pps
    Burst Ratio (50ms/1min): 1.00x
    IP Concentration:        0.0%

[MULTIPLE DETECTION STATISTICS]
=== Aggregate Detection Analysis ===

  Total detection events:    7718
  Average detection latency: 69.63 ms
  Min detection latency:     53.72 ms
  Max detection latency:     115805.37 ms
  Latency range:             115751.65 ms

  Detection Latency Histogram:
    < 20 ms:  0 detections (0.0%)
    20-30 ms: 0 detections (0.0%)
    30-40 ms: 0 detections (0.0%)
    40-50 ms: 0 detections (0.0%)
    > 50 ms:  7717 detections (100.0%)

[PERFORMANCE METRICS]
  Throughput:         4.25 Gbps (5.36 Mpps)
  Cycles available:   558 cycles/pkt (lower = higher load)
  Active IPs:         0
  Worker threads:     14 (lcores 1-14)

[DPDK NIC STATISTICS]
  RX packets (NIC):   10002066951
  RX dropped (HW):    [0m0[0m (imissed)
  RX no mbufs:        [0m0[0m (buffer exhaustion)
  RX errors:          0
  Total drops:        [0m0 (0.00%)[0m
  RX burst calls:     147804108392 (95.8% empty)
  Processed pkts:     10002069539 (100.0% of NIC RX)


╔═══════════════════════════════════════════════════════════════════════╗
║          MIRA DDoS DETECTOR - STATISTICS (MULTI-CORE)                ║
╚═══════════════════════════════════════════════════════════════════════╝

[PACKET COUNTERS - GLOBAL]
  Total packets:      10041674275
  Baseline (10.10.2.x): 4454496187 (44.4%)
  Attack (10.10.3.x): 3086930189 (30.7%)
  TCP packets:        4632475098
  UDP packets:        5022366104
  ICMP packets:       386833073

[INSTANTANEOUS TRAFFIC - Last 5.0 seconds]
  Baseline (10.10.2.x): 26869025 pkts (100.0%)  2660824256 bytes  4.25 Gbps
  Attack (10.10.3.x): 0 pkts (0.0%)  0 bytes  0.00 Gbps
  Total throughput:   4.25 Gbps  (avg pkt: 99 bytes)

[CUMULATIVE TRAFFIC - Since first packet (865.4s)]
  Total received:     10041674275 pkts (11.60 Mpps) | 17.20 Gbps | 1860904976708 bytes

[ATTACK-SPECIFIC COUNTERS]
  SYN packets:        1255621530
  SYN-ACK packets:    627809955
  SYN/ACK ratio:      2.00
  HTTP requests:      2164055653
  DNS queries:        813423868

[PROTOCOL-SPECIFIC COUNTERS - CIC-DDoS-2019 Features]
  NTP Amplification:
    Monlist queries:  6790
    Responses:        0  (avg size: 0 bytes)
  DNS Amplification:
    ANY queries:      0
    TXT queries:      0
    Responses:        813420008  (avg size: 108 bytes)
  SNMP Amplification:
    GetBulk requests: 0
    Responses:        0  (avg size: 0 bytes)
  SSDP:
    M-SEARCH packets: 0
    Responses:        47848
  PortMapper:
    GETPORT calls:    47206
    DUMP calls:       0
  NetBIOS:
    Name queries:     52629
    Datagram packets: 47367
  LDAP:
    Bind requests:    0
    Search requests:  47842
  MSSQL:
    SQLBatch packets: 46011
    RPC packets:      0
  TFTP:
    RRQ (read) pkts:  0
    WRQ (write) pkts: 0

[ATTACK DETECTIONS - Cumulative Events]
  UDP flood events:   7718
  UDP-lag events:     41
  SYN flood events:   0
  HTTP flood events:  0
  ICMP flood events:  0
  DNS amp events:     0
  NTP amp events:     0
  SNMP amp events:    0
  SSDP events:        0
  PortMap events:     0
  NetBIOS events:     0
  LDAP events:        0
  MSSQL events:       0
  TFTP events:        0
  ACK flood events:   0
  Frag attack events: 0
  Heavy-hitter events:10684 (OctoSketch per-IP detection)
  Packet flood events:0
  (Note: Events count IPs exceeding thresholds per 50ms window)

[ALERT STATUS]
  Alert level:        [0mNONE[0m
  Reason:             None

[MULTI-LF (2025) COMPARISON]
=== Detection Performance vs ML-Based System ===

  First Detection Latency:   1606.50 ms (vs MULTI-LF: 866 ms)
    Improvement:             0.5× faster

  Packets until detection:   874838481
  Bytes until detection:     111437274657 (106274.87 MB)

[OCTOSKETCH METRICS - Optimized Architecture]
=== Per-Worker Sketches + Sampling (1/32 packets) ===

  Architecture:              Per-worker (NO atomics, NO contention)
  Total sketch memory:       8961 KB (14 workers × 640.1 KB)
  Sampling rate:             1 in 32 packets (3.1% overhead)
  Attack traffic sampled:    24989792 updates
  Estimated attack packets:  799673344 (×32 sampling factor)
  Sketch overhead:           ~1.56% of fast-path cycles
  Memory efficiency:         O(1) constant, 640.1 KB per worker

[OCTOSKETCH HEAVY-HITTER DETECTION]
=== Top Attackers (per-IP tracking via Count-Min Sketch) ===

  Heavy-hitter threshold:    5000 pps per IP
  Heavy-hitters detected:    5 IPs exceeding threshold
  Total HH detections:       10684 events

  Top 5 Attackers (estimated counts, ×32 sampling):
    #1: 10.10.3.77 - 130688 pkts (26082 pps) [HEAVY-HITTER]
    #2: 10.10.3.155 - 130016 pkts (25948 pps) [HEAVY-HITTER]
    #3: 10.10.3.149 - 129888 pkts (25923 pps) [HEAVY-HITTER]
    #4: 10.10.3.3 - 129696 pkts (25884 pps) [HEAVY-HITTER]
    #5: 10.10.3.113 - 129664 pkts (25878 pps) [HEAVY-HITTER]

[RING BUFFER + MULTI-SCALE FEATURES]
=== Temporal Analysis (last 100 windows = 5.0 sec) ===

  Windows processed:         16214
  Buffer utilization:        100/100 (100.0%)
  Running baseline (ML):     0 pps (for ML features only)
  Detection mode:            FIXED THRESHOLDS

  [Temporal Features - Last Window]
    Delta PPS (250ms):       +0
    Delta PPS (500ms):       +0
    PPS Variance:            0
    Ratio vs Baseline:       1.00x

  [Multi-Scale Features]
    Top IP (50ms):           0 pps
    Top IP (1s):             0 pps
    Top IP (1min):           0 pps
    Burst Ratio (50ms/1min): 1.00x
    IP Concentration:        0.0%

[MULTIPLE DETECTION STATISTICS]
=== Aggregate Detection Analysis ===

  Total detection events:    7718
  Average detection latency: 69.63 ms
  Min detection latency:     53.72 ms
  Max detection latency:     115805.37 ms
  Latency range:             115751.65 ms

  Detection Latency Histogram:
    < 20 ms:  0 detections (0.0%)
    20-30 ms: 0 detections (0.0%)
    30-40 ms: 0 detections (0.0%)
    40-50 ms: 0 detections (0.0%)
    > 50 ms:  7717 detections (100.0%)

[PERFORMANCE METRICS]
  Throughput:         4.25 Gbps (5.36 Mpps)
  Cycles available:   558 cycles/pkt (lower = higher load)
  Active IPs:         0
  Worker threads:     14 (lcores 1-14)

[DPDK NIC STATISTICS]
  RX packets (NIC):   10041671746
  RX dropped (HW):    [0m0[0m (imissed)
  RX no mbufs:        [0m0[0m (buffer exhaustion)
  RX errors:          0
  Total drops:        [0m0 (0.00%)[0m
  RX burst calls:     149073968789 (95.8% empty)
  Processed pkts:     10041674275 (100.0% of NIC RX)


╔═══════════════════════════════════════════════════════════════════════╗
║          MIRA DDoS DETECTOR - STATISTICS (MULTI-CORE)                ║
╚═══════════════════════════════════════════════════════════════════════╝

[PACKET COUNTERS - GLOBAL]
  Total packets:      10081244195
  Baseline (10.10.2.x): 4481342163 (44.5%)
  Attack (10.10.3.x): 3086930189 (30.6%)
  TCP packets:        4662151494
  UDP packets:        5030060656
  ICMP packets:       389032045

[INSTANTANEOUS TRAFFIC - Last 5.0 seconds]
  Baseline (10.10.2.x): 26845386 pkts (100.0%)  2658659714 bytes  4.24 Gbps
  Attack (10.10.3.x): 0 pkts (0.0%)  0 bytes  0.00 Gbps
  Total throughput:   4.24 Gbps  (avg pkt: 99 bytes)

[CUMULATIVE TRAFFIC - Since first packet (870.4s)]
  Total received:     10081244195 pkts (11.58 Mpps) | 17.15 Gbps | 1865700363066 bytes

[ATTACK-SPECIFIC COUNTERS]
  SYN packets:        1264030133
  SYN-ACK packets:    632014253
  SYN/ACK ratio:      2.00
  HTTP requests:      2175182393
  DNS queries:        816393365

[PROTOCOL-SPECIFIC COUNTERS - CIC-DDoS-2019 Features]
  NTP Amplification:
    Monlist queries:  6790
    Responses:        0  (avg size: 0 bytes)
  DNS Amplification:
    ANY queries:      0
    TXT queries:      0
    Responses:        816389499  (avg size: 108 bytes)
  SNMP Amplification:
    GetBulk requests: 0
    Responses:        0  (avg size: 0 bytes)
  SSDP:
    M-SEARCH packets: 0
    Responses:        47848
  PortMapper:
    GETPORT calls:    47206
    DUMP calls:       0
  NetBIOS:
    Name queries:     52629
    Datagram packets: 47367
  LDAP:
    Bind requests:    0
    Search requests:  47842
  MSSQL:
    SQLBatch packets: 46011
    RPC packets:      0
  TFTP:
    RRQ (read) pkts:  0
    WRQ (write) pkts: 0

[ATTACK DETECTIONS - Cumulative Events]
  UDP flood events:   7718
  UDP-lag events:     41
  SYN flood events:   0
  HTTP flood events:  0
  ICMP flood events:  0
  DNS amp events:     0
  NTP amp events:     0
  SNMP amp events:    0
  SSDP events:        0
  PortMap events:     0
  NetBIOS events:     0
  LDAP events:        0
  MSSQL events:       0
  TFTP events:        0
  ACK flood events:   0
  Frag attack events: 0
  Heavy-hitter events:10684 (OctoSketch per-IP detection)
  Packet flood events:0
  (Note: Events count IPs exceeding thresholds per 50ms window)

[ALERT STATUS]
  Alert level:        [0mNONE[0m
  Reason:             None

[MULTI-LF (2025) COMPARISON]
=== Detection Performance vs ML-Based System ===

  First Detection Latency:   1606.50 ms (vs MULTI-LF: 866 ms)
    Improvement:             0.5× faster

  Packets until detection:   874838481
  Bytes until detection:     111437274657 (106274.87 MB)

[OCTOSKETCH METRICS - Optimized Architecture]
=== Per-Worker Sketches + Sampling (1/32 packets) ===

  Architecture:              Per-worker (NO atomics, NO contention)
  Total sketch memory:       8961 KB (14 workers × 640.1 KB)
  Sampling rate:             1 in 32 packets (3.1% overhead)
  Attack traffic sampled:    24989792 updates
  Estimated attack packets:  799673344 (×32 sampling factor)
  Sketch overhead:           ~1.56% of fast-path cycles
  Memory efficiency:         O(1) constant, 640.1 KB per worker

[OCTOSKETCH HEAVY-HITTER DETECTION]
=== Top Attackers (per-IP tracking via Count-Min Sketch) ===

  Heavy-hitter threshold:    5000 pps per IP
  Heavy-hitters detected:    5 IPs exceeding threshold
  Total HH detections:       10684 events

  Top 5 Attackers (estimated counts, ×32 sampling):
    #1: 10.10.3.77 - 130688 pkts (26082 pps) [HEAVY-HITTER]
    #2: 10.10.3.155 - 130016 pkts (25948 pps) [HEAVY-HITTER]
    #3: 10.10.3.149 - 129888 pkts (25922 pps) [HEAVY-HITTER]
    #4: 10.10.3.3 - 129696 pkts (25884 pps) [HEAVY-HITTER]
    #5: 10.10.3.113 - 129664 pkts (25878 pps) [HEAVY-HITTER]

[RING BUFFER + MULTI-SCALE FEATURES]
=== Temporal Analysis (last 100 windows = 5.0 sec) ===

  Windows processed:         16308
  Buffer utilization:        100/100 (100.0%)
  Running baseline (ML):     0 pps (for ML features only)
  Detection mode:            FIXED THRESHOLDS

  [Temporal Features - Last Window]
    Delta PPS (250ms):       +0
    Delta PPS (500ms):       +0
    PPS Variance:            0
    Ratio vs Baseline:       1.00x

  [Multi-Scale Features]
    Top IP (50ms):           0 pps
    Top IP (1s):             0 pps
    Top IP (1min):           0 pps
    Burst Ratio (50ms/1min): 1.00x
    IP Concentration:        0.0%

[MULTIPLE DETECTION STATISTICS]
=== Aggregate Detection Analysis ===

  Total detection events:    7718
  Average detection latency: 69.63 ms
  Min detection latency:     53.72 ms
  Max detection latency:     115805.37 ms
  Latency range:             115751.65 ms

  Detection Latency Histogram:
    < 20 ms:  0 detections (0.0%)
    20-30 ms: 0 detections (0.0%)
    30-40 ms: 0 detections (0.0%)
    40-50 ms: 0 detections (0.0%)
    > 50 ms:  7717 detections (100.0%)

[PERFORMANCE METRICS]
  Throughput:         4.24 Gbps (5.36 Mpps)
  Cycles available:   558 cycles/pkt (lower = higher load)
  Active IPs:         0
  Worker threads:     14 (lcores 1-14)

[DPDK NIC STATISTICS]
  RX packets (NIC):   10081241666
  RX dropped (HW):    [0m0[0m (imissed)
  RX no mbufs:        [0m0[0m (buffer exhaustion)
  RX errors:          0
  Total drops:        [0m0 (0.00%)[0m
  RX burst calls:     150344424893 (95.9% empty)
  Processed pkts:     10081244195 (100.0% of NIC RX)


╔═══════════════════════════════════════════════════════════════════════╗
║          MIRA DDoS DETECTOR - STATISTICS (MULTI-CORE)                ║
╚═══════════════════════════════════════════════════════════════════════╝

[PACKET COUNTERS - GLOBAL]
  Total packets:      10120837341
  Baseline (10.10.2.x): 4508201678 (44.5%)
  Attack (10.10.3.x): 3086930189 (30.5%)
  TCP packets:        4691842231
  UDP packets:        5037756428
  ICMP packets:       391238682

[INSTANTANEOUS TRAFFIC - Last 5.0 seconds]
  Baseline (10.10.2.x): 28804848 pkts (100.0%)  2659809721 bytes  4.25 Gbps
  Attack (10.10.3.x): 0 pkts (0.0%)  0 bytes  0.00 Gbps
  Total throughput:   4.25 Gbps  (avg pkt: 92 bytes)

[CUMULATIVE TRAFFIC - Since first packet (875.4s)]
  Total received:     10120837341 pkts (11.56 Mpps) | 17.09 Gbps | 1870498823615 bytes

[ATTACK-SPECIFIC COUNTERS]
  SYN packets:        1272442125
  SYN-ACK packets:    636220244
  SYN/ACK ratio:      2.00
  HTTP requests:      2186319605
  DNS queries:        819362820

[PROTOCOL-SPECIFIC COUNTERS - CIC-DDoS-2019 Features]
  NTP Amplification:
    Monlist queries:  6790
    Responses:        0  (avg size: 0 bytes)
  DNS Amplification:
    ANY queries:      0
    TXT queries:      0
    Responses:        819358961  (avg size: 108 bytes)
  SNMP Amplification:
    GetBulk requests: 0
    Responses:        0  (avg size: 0 bytes)
  SSDP:
    M-SEARCH packets: 0
    Responses:        47848
  PortMapper:
    GETPORT calls:    47206
    DUMP calls:       0
  NetBIOS:
    Name queries:     52629
    Datagram packets: 47367
  LDAP:
    Bind requests:    0
    Search requests:  47842
  MSSQL:
    SQLBatch packets: 46011
    RPC packets:      0
  TFTP:
    RRQ (read) pkts:  0
    WRQ (write) pkts: 0

[ATTACK DETECTIONS - Cumulative Events]
  UDP flood events:   7718
  UDP-lag events:     41
  SYN flood events:   0
  HTTP flood events:  0
  ICMP flood events:  0
  DNS amp events:     0
  NTP amp events:     0
  SNMP amp events:    0
  SSDP events:        0
  PortMap events:     0
  NetBIOS events:     0
  LDAP events:        0
  MSSQL events:       0
  TFTP events:        0
  ACK flood events:   0
  Frag attack events: 0
  Heavy-hitter events:10684 (OctoSketch per-IP detection)
  Packet flood events:0
  (Note: Events count IPs exceeding thresholds per 50ms window)

[ALERT STATUS]
  Alert level:        [0mNONE[0m
  Reason:             None

[MULTI-LF (2025) COMPARISON]
=== Detection Performance vs ML-Based System ===

  First Detection Latency:   1606.50 ms (vs MULTI-LF: 866 ms)
    Improvement:             0.5× faster

  Packets until detection:   874838481
  Bytes until detection:     111437274657 (106274.87 MB)

[OCTOSKETCH METRICS - Optimized Architecture]
=== Per-Worker Sketches + Sampling (1/32 packets) ===

  Architecture:              Per-worker (NO atomics, NO contention)
  Total sketch memory:       8961 KB (14 workers × 640.1 KB)
  Sampling rate:             1 in 32 packets (3.1% overhead)
  Attack traffic sampled:    24989792 updates
  Estimated attack packets:  799673344 (×32 sampling factor)
  Sketch overhead:           ~1.56% of fast-path cycles
  Memory efficiency:         O(1) constant, 640.1 KB per worker

[OCTOSKETCH HEAVY-HITTER DETECTION]
=== Top Attackers (per-IP tracking via Count-Min Sketch) ===

  Heavy-hitter threshold:    5000 pps per IP
  Heavy-hitters detected:    5 IPs exceeding threshold
  Total HH detections:       10684 events

  Top 5 Attackers (estimated counts, ×32 sampling):
    #1: 10.10.3.77 - 130688 pkts (26079 pps) [HEAVY-HITTER]
    #2: 10.10.3.155 - 130016 pkts (25945 pps) [HEAVY-HITTER]
    #3: 10.10.3.149 - 129888 pkts (25920 pps) [HEAVY-HITTER]
    #4: 10.10.3.3 - 129696 pkts (25881 pps) [HEAVY-HITTER]
    #5: 10.10.3.113 - 129664 pkts (25875 pps) [HEAVY-HITTER]

[RING BUFFER + MULTI-SCALE FEATURES]
=== Temporal Analysis (last 100 windows = 5.0 sec) ===

  Windows processed:         16402
  Buffer utilization:        100/100 (100.0%)
  Running baseline (ML):     0 pps (for ML features only)
  Detection mode:            FIXED THRESHOLDS

  [Temporal Features - Last Window]
    Delta PPS (250ms):       +0
    Delta PPS (500ms):       +0
    PPS Variance:            0
    Ratio vs Baseline:       1.00x

  [Multi-Scale Features]
    Top IP (50ms):           0 pps
    Top IP (1s):             0 pps
    Top IP (1min):           0 pps
    Burst Ratio (50ms/1min): 1.00x
    IP Concentration:        0.0%

[MULTIPLE DETECTION STATISTICS]
=== Aggregate Detection Analysis ===

  Total detection events:    7718
  Average detection latency: 69.63 ms
  Min detection latency:     53.72 ms
  Max detection latency:     115805.37 ms
  Latency range:             115751.65 ms

  Detection Latency Histogram:
    < 20 ms:  0 detections (0.0%)
    20-30 ms: 0 detections (0.0%)
    30-40 ms: 0 detections (0.0%)
    40-50 ms: 0 detections (0.0%)
    > 50 ms:  7717 detections (100.0%)

[PERFORMANCE METRICS]
  Throughput:         4.25 Gbps (5.75 Mpps)
  Cycles available:   520 cycles/pkt (lower = higher load)
  Active IPs:         0
  Worker threads:     14 (lcores 1-14)

[DPDK NIC STATISTICS]
  RX packets (NIC):   10120835017
  RX dropped (HW):    [0m0[0m (imissed)
  RX no mbufs:        [0m0[0m (buffer exhaustion)
  RX errors:          0
  Total drops:        [0m0 (0.00%)[0m
  RX burst calls:     151615059115 (95.9% empty)
  Processed pkts:     10120837341 (100.0% of NIC RX)


╔═══════════════════════════════════════════════════════════════════════╗
║          MIRA DDoS DETECTOR - STATISTICS (MULTI-CORE)                ║
╚═══════════════════════════════════════════════════════════════════════╝

[PACKET COUNTERS - GLOBAL]
  Total packets:      10160426531
  Baseline (10.10.2.x): 4535061856 (44.6%)
  Attack (10.10.3.x): 3086930189 (30.4%)
  TCP packets:        4721533738
  UDP packets:        5045452028
  ICMP packets:       393440765

[INSTANTANEOUS TRAFFIC - Last 5.0 seconds]
  Baseline (10.10.2.x): 26859618 pkts (100.0%)  2660427750 bytes  4.25 Gbps
  Attack (10.10.3.x): 0 pkts (0.0%)  0 bytes  0.00 Gbps
  Total throughput:   4.25 Gbps  (avg pkt: 99 bytes)

[CUMULATIVE TRAFFIC - Since first packet (880.4s)]
  Total received:     10160426531 pkts (11.54 Mpps) | 17.04 Gbps | 1875297108071 bytes

[ATTACK-SPECIFIC COUNTERS]
  SYN packets:        1280854868
  SYN-ACK packets:    640426613
  SYN/ACK ratio:      2.00
  HTTP requests:      2197452941
  DNS queries:        822331094

[PROTOCOL-SPECIFIC COUNTERS - CIC-DDoS-2019 Features]
  NTP Amplification:
    Monlist queries:  6790
    Responses:        0  (avg size: 0 bytes)
  DNS Amplification:
    ANY queries:      0
    TXT queries:      0
    Responses:        822327231  (avg size: 108 bytes)
  SNMP Amplification:
    GetBulk requests: 0
    Responses:        0  (avg size: 0 bytes)
  SSDP:
    M-SEARCH packets: 0
    Responses:        47848
  PortMapper:
    GETPORT calls:    47206
    DUMP calls:       0
  NetBIOS:
    Name queries:     52629
    Datagram packets: 47367
  LDAP:
    Bind requests:    0
    Search requests:  47842
  MSSQL:
    SQLBatch packets: 46011
    RPC packets:      0
  TFTP:
    RRQ (read) pkts:  0
    WRQ (write) pkts: 0

[ATTACK DETECTIONS - Cumulative Events]
  UDP flood events:   7718
  UDP-lag events:     41
  SYN flood events:   0
  HTTP flood events:  0
  ICMP flood events:  0
  DNS amp events:     0
  NTP amp events:     0
  SNMP amp events:    0
  SSDP events:        0
  PortMap events:     0
  NetBIOS events:     0
  LDAP events:        0
  MSSQL events:       0
  TFTP events:        0
  ACK flood events:   0
  Frag attack events: 0
  Heavy-hitter events:10684 (OctoSketch per-IP detection)
  Packet flood events:0
  (Note: Events count IPs exceeding thresholds per 50ms window)

[ALERT STATUS]
  Alert level:        [0mNONE[0m
  Reason:             None

[MULTI-LF (2025) COMPARISON]
=== Detection Performance vs ML-Based System ===

  First Detection Latency:   1606.50 ms (vs MULTI-LF: 866 ms)
    Improvement:             0.5× faster

  Packets until detection:   874838481
  Bytes until detection:     111437274657 (106274.87 MB)

[OCTOSKETCH METRICS - Optimized Architecture]
=== Per-Worker Sketches + Sampling (1/32 packets) ===

  Architecture:              Per-worker (NO atomics, NO contention)
  Total sketch memory:       8961 KB (14 workers × 640.1 KB)
  Sampling rate:             1 in 32 packets (3.1% overhead)
  Attack traffic sampled:    24989792 updates
  Estimated attack packets:  799673344 (×32 sampling factor)
  Sketch overhead:           ~1.56% of fast-path cycles
  Memory efficiency:         O(1) constant, 640.1 KB per worker

[OCTOSKETCH HEAVY-HITTER DETECTION]
=== Top Attackers (per-IP tracking via Count-Min Sketch) ===

  Heavy-hitter threshold:    5000 pps per IP
  Heavy-hitters detected:    5 IPs exceeding threshold
  Total HH detections:       10684 events

  Top 5 Attackers (estimated counts, ×32 sampling):
    #1: 10.10.3.77 - 130688 pkts (26086 pps) [HEAVY-HITTER]
    #2: 10.10.3.155 - 130016 pkts (25952 pps) [HEAVY-HITTER]
    #3: 10.10.3.149 - 129888 pkts (25926 pps) [HEAVY-HITTER]
    #4: 10.10.3.3 - 129696 pkts (25888 pps) [HEAVY-HITTER]
    #5: 10.10.3.113 - 129664 pkts (25882 pps) [HEAVY-HITTER]

[RING BUFFER + MULTI-SCALE FEATURES]
=== Temporal Analysis (last 100 windows = 5.0 sec) ===

  Windows processed:         16496
  Buffer utilization:        100/100 (100.0%)
  Running baseline (ML):     0 pps (for ML features only)
  Detection mode:            FIXED THRESHOLDS

  [Temporal Features - Last Window]
    Delta PPS (250ms):       +0
    Delta PPS (500ms):       +0
    PPS Variance:            0
    Ratio vs Baseline:       1.00x

  [Multi-Scale Features]
    Top IP (50ms):           0 pps
    Top IP (1s):             0 pps
    Top IP (1min):           0 pps
    Burst Ratio (50ms/1min): 1.00x
    IP Concentration:        0.0%

[MULTIPLE DETECTION STATISTICS]
=== Aggregate Detection Analysis ===

  Total detection events:    7718
  Average detection latency: 69.63 ms
  Min detection latency:     53.72 ms
  Max detection latency:     115805.37 ms
  Latency range:             115751.65 ms

  Detection Latency Histogram:
    < 20 ms:  0 detections (0.0%)
    20-30 ms: 0 detections (0.0%)
    30-40 ms: 0 detections (0.0%)
    40-50 ms: 0 detections (0.0%)
    > 50 ms:  7717 detections (100.0%)

[PERFORMANCE METRICS]
  Throughput:         4.25 Gbps (5.36 Mpps)
  Cycles available:   558 cycles/pkt (lower = higher load)
  Active IPs:         0
  Worker threads:     14 (lcores 1-14)

[DPDK NIC STATISTICS]
  RX packets (NIC):   10160424002
  RX dropped (HW):    [0m0[0m (imissed)
  RX no mbufs:        [0m0[0m (buffer exhaustion)
  RX errors:          0
  Total drops:        [0m0 (0.00%)[0m
  RX burst calls:     152884813554 (95.9% empty)
  Processed pkts:     10160426531 (100.0% of NIC RX)


╔═══════════════════════════════════════════════════════════════════════╗
║          MIRA DDoS DETECTOR - STATISTICS (MULTI-CORE)                ║
╚═══════════════════════════════════════════════════════════════════════╝

[PACKET COUNTERS - GLOBAL]
  Total packets:      10200018387
  Baseline (10.10.2.x): 4561922739 (44.7%)
  Attack (10.10.3.x): 3086930189 (30.3%)
  TCP packets:        4751228394
  UDP packets:        5053148855
  ICMP packets:       395641138

[INSTANTANEOUS TRAFFIC - Last 5.0 seconds]
  Baseline (10.10.2.x): 26860261 pkts (100.0%)  2854751610 bytes  4.56 Gbps
  Attack (10.10.3.x): 0 pkts (0.0%)  0 bytes  0.00 Gbps
  Total throughput:   4.56 Gbps  (avg pkt: 106 bytes)

[CUMULATIVE TRAFFIC - Since first packet (885.4s)]
  Total received:     10200018387 pkts (11.52 Mpps) | 16.99 Gbps | 1880095383156 bytes

[ATTACK-SPECIFIC COUNTERS]
  SYN packets:        1289268392
  SYN-ACK packets:    644633368
  SYN/ACK ratio:      2.00
  HTTP requests:      2208588589
  DNS queries:        825300900

[PROTOCOL-SPECIFIC COUNTERS - CIC-DDoS-2019 Features]
  NTP Amplification:
    Monlist queries:  6790
    Responses:        0  (avg size: 0 bytes)
  DNS Amplification:
    ANY queries:      0
    TXT queries:      0
    Responses:        825297037  (avg size: 108 bytes)
  SNMP Amplification:
    GetBulk requests: 0
    Responses:        0  (avg size: 0 bytes)
  SSDP:
    M-SEARCH packets: 0
    Responses:        47848
  PortMapper:
    GETPORT calls:    47206
    DUMP calls:       0
  NetBIOS:
    Name queries:     52629
    Datagram packets: 47367
  LDAP:
    Bind requests:    0
    Search requests:  47842
  MSSQL:
    SQLBatch packets: 46011
    RPC packets:      0
  TFTP:
    RRQ (read) pkts:  0
    WRQ (write) pkts: 0

[ATTACK DETECTIONS - Cumulative Events]
  UDP flood events:   7718
  UDP-lag events:     41
  SYN flood events:   0
  HTTP flood events:  0
  ICMP flood events:  0
  DNS amp events:     0
  NTP amp events:     0
  SNMP amp events:    0
  SSDP events:        0
  PortMap events:     0
  NetBIOS events:     0
  LDAP events:        0
  MSSQL events:       0
  TFTP events:        0
  ACK flood events:   0
  Frag attack events: 0
  Heavy-hitter events:10684 (OctoSketch per-IP detection)
  Packet flood events:0
  (Note: Events count IPs exceeding thresholds per 50ms window)

[ALERT STATUS]
  Alert level:        [0mNONE[0m
  Reason:             None

[MULTI-LF (2025) COMPARISON]
=== Detection Performance vs ML-Based System ===

  First Detection Latency:   1606.50 ms (vs MULTI-LF: 866 ms)
    Improvement:             0.5× faster

  Packets until detection:   874838481
  Bytes until detection:     111437274657 (106274.87 MB)

[OCTOSKETCH METRICS - Optimized Architecture]
=== Per-Worker Sketches + Sampling (1/32 packets) ===

  Architecture:              Per-worker (NO atomics, NO contention)
  Total sketch memory:       8961 KB (14 workers × 640.1 KB)
  Sampling rate:             1 in 32 packets (3.1% overhead)
  Attack traffic sampled:    24989792 updates
  Estimated attack packets:  799673344 (×32 sampling factor)
  Sketch overhead:           ~1.56% of fast-path cycles
  Memory efficiency:         O(1) constant, 640.1 KB per worker

[OCTOSKETCH HEAVY-HITTER DETECTION]
=== Top Attackers (per-IP tracking via Count-Min Sketch) ===

  Heavy-hitter threshold:    5000 pps per IP
  Heavy-hitters detected:    5 IPs exceeding threshold
  Total HH detections:       10684 events

  Top 5 Attackers (estimated counts, ×32 sampling):
    #1: 10.10.3.77 - 130688 pkts (26082 pps) [HEAVY-HITTER]
    #2: 10.10.3.155 - 130016 pkts (25948 pps) [HEAVY-HITTER]
    #3: 10.10.3.149 - 129888 pkts (25922 pps) [HEAVY-HITTER]
    #4: 10.10.3.3 - 129696 pkts (25884 pps) [HEAVY-HITTER]
    #5: 10.10.3.113 - 129664 pkts (25878 pps) [HEAVY-HITTER]

[RING BUFFER + MULTI-SCALE FEATURES]
=== Temporal Analysis (last 100 windows = 5.0 sec) ===

  Windows processed:         16590
  Buffer utilization:        100/100 (100.0%)
  Running baseline (ML):     0 pps (for ML features only)
  Detection mode:            FIXED THRESHOLDS

  [Temporal Features - Last Window]
    Delta PPS (250ms):       +0
    Delta PPS (500ms):       +0
    PPS Variance:            0
    Ratio vs Baseline:       1.00x

  [Multi-Scale Features]
    Top IP (50ms):           0 pps
    Top IP (1s):             0 pps
    Top IP (1min):           0 pps
    Burst Ratio (50ms/1min): 1.00x
    IP Concentration:        0.0%

[MULTIPLE DETECTION STATISTICS]
=== Aggregate Detection Analysis ===

  Total detection events:    7718
  Average detection latency: 69.63 ms
  Min detection latency:     53.72 ms
  Max detection latency:     115805.37 ms
  Latency range:             115751.65 ms

  Detection Latency Histogram:
    < 20 ms:  0 detections (0.0%)
    20-30 ms: 0 detections (0.0%)
    30-40 ms: 0 detections (0.0%)
    40-50 ms: 0 detections (0.0%)
    > 50 ms:  7717 detections (100.0%)

[PERFORMANCE METRICS]
  Throughput:         4.56 Gbps (5.36 Mpps)
  Cycles available:   558 cycles/pkt (lower = higher load)
  Active IPs:         0
  Worker threads:     14 (lcores 1-14)

[DPDK NIC STATISTICS]
  RX packets (NIC):   10200015814
  RX dropped (HW):    [0m0[0m (imissed)
  RX no mbufs:        [0m0[0m (buffer exhaustion)
  RX errors:          0
  Total drops:        [0m0 (0.00%)[0m
  RX burst calls:     154154784052 (95.9% empty)
  Processed pkts:     10200018387 (100.0% of NIC RX)


Signal 15 received, preparing to exit...

Signal 15 received, preparing to exit...

Shutting down...
