EAL: Detected 32 lcore(s)
EAL: Detected 1 NUMA nodes
EAL: Multi-process socket /var/run/dpdk/rte/mp_socket
EAL: Selected IOVA mode 'VA'
EAL: No available hugepages reported in hugepages-1048576kB
EAL: Probing VFIO support...
EAL: VFIO support initialized
EAL: PCI device 0000:41:00.0 on NUMA socket 0
EAL:   probe driver: 15b3:1017 net_mlx5
Number of available ports: 1
Port 0 initialized with 14 RX queues (RSS enabled)

[OctoSketch Initialized - Optimized Architecture]
  Per-worker sketches:     14 × 384.1 KB = 5377.8 KB
  Merged sketch:           1 × 384.1 KB = 384.1 KB
  Total memory:            5761.9 KB
  Configuration:           8 rows × 4096 columns per sketch
  Architecture:            Per-worker (NO atomics, NO contention)
  Sampling:                1 in 32 packets (3.12% overhead)
  Update policy:           Attack traffic only

╔═══════════════════════════════════════════════════════════════════════╗
║  MIRA DDoS DETECTOR - DPDK + OCTOSKETCH (14 workers + 1 coord)       ║
║  Optimized: Per-worker sketches + Sampling + Attack-only             ║
╚═══════════════════════════════════════════════════════════════════════╝

Comparing against MULTI-LF (2025):
  - MULTI-LF detection latency: 866 ms
  - MIRA detection latency:     <50 ms (17-170× faster)
  - DPDK architecture:          14 RX workers + 1 coordinator
  - OctoSketch advantage:       O(1) memory, per-worker (no atomics)
  - Sketch overhead:            <3% (sampled updates)

Press Ctrl+C to exit...

Launching worker 0 on lcore 1
Launching worker 1 on lcore 2
Worker thread 0 processing queue 0 on lcore 1
Launching worker 2 on lcore 3
Worker thread 1 processing queue 1 on lcore 2
Launching worker 3 on lcore 4
Worker thread 2 processing queue 2 on lcore 3
Launching worker 4 on lcore 5
Worker thread 3 processing queue 3 on lcore 4
Launching worker 5 on lcore 6
Worker thread 4 processing queue 4 on lcore 5
Launching worker 6 on lcore 7
Worker thread 5 processing queue 5 on lcore 6
Launching worker 7 on lcore 8
Worker thread 6 processing queue 6 on lcore 7
Launching worker 8 on lcore 9
Worker thread 7 processing queue 7 on lcore 8
Launching worker 9 on lcore 10
Worker thread 8 processing queue 8 on lcore 9
Launching worker 10 on lcore 11
Worker thread 9 processing queue 9 on lcore 10
Launching worker 11 on lcore 12
Worker thread 10 processing queue 10 on lcore 11
Launching worker 12 on lcore 13
Worker thread 11 processing queue 11 on lcore 12
Launching worker 13 on lcore 14
Worker thread 12 processing queue 12 on lcore 13
Launching coordinator on lcore 15
Worker thread 13 processing queue 13 on lcore 14

Coordinator thread on lcore 15
TSC frequency: 2990000000 Hz
Detection granularity: 50 ms (vs MULTI-LF: 1000 ms)


╔═══════════════════════════════════════════════════════════════════════╗
║          MIRA DDoS DETECTOR - STATISTICS (MULTI-CORE)                ║
╚═══════════════════════════════════════════════════════════════════════╝

[PACKET COUNTERS - GLOBAL]
  Total packets:      0
  Baseline (10.10.2.x): 0 (0.0%)
  Attack (10.10.3.x): 0 (0.0%)
  TCP packets:        0
  UDP packets:        0
  ICMP packets:       0

[INSTANTANEOUS TRAFFIC - Last 5.0 seconds]
  Baseline (10.10.2.x): 0 pkts (0.0%)  0 bytes  0.00 Gbps
  Attack (10.10.3.x): 0 pkts (0.0%)  0 bytes  0.00 Gbps
  Total throughput:   0.00 Gbps  (avg pkt: 0 bytes)

[CUMULATIVE TRAFFIC - Since first packet (0.0s)]
  Total received:     0 pkts (0.00 Mpps) | 0.00 Gbps | 0 bytes

[ATTACK-SPECIFIC COUNTERS]
  SYN packets:        0
  SYN-ACK packets:    0
  SYN/ACK ratio:      0.00
  HTTP requests:      0
  DNS queries:        0

[PROTOCOL-SPECIFIC COUNTERS - CIC-DDoS-2019 Features]
  NTP Amplification:
    Monlist queries:  0
    Responses:        0  (avg size: 0 bytes)
  DNS Amplification:
    ANY queries:      0
    TXT queries:      0
    Responses:        0  (avg size: 0 bytes)
  SNMP Amplification:
    GetBulk requests: 0
    Responses:        0  (avg size: 0 bytes)
  SSDP:
    M-SEARCH packets: 0
    Responses:        0
  PortMapper:
    GETPORT calls:    0
    DUMP calls:       0
  NetBIOS:
    Name queries:     0
    Datagram packets: 0
  LDAP:
    Bind requests:    0
    Search requests:  0
  MSSQL:
    SQLBatch packets: 0
    RPC packets:      0
  TFTP:
    RRQ (read) pkts:  0
    WRQ (write) pkts: 0

[ATTACK DETECTIONS - Cumulative Events]
  UDP flood events:   0
  UDP-lag events:     0
  SYN flood events:   0
  HTTP flood events:  0
  ICMP flood events:  0
  DNS amp events:     0
  NTP amp events:     0
  SNMP amp events:    0
  SSDP events:        0
  PortMap events:     0
  NetBIOS events:     0
  LDAP events:        0
  MSSQL events:       0
  TFTP events:        0
  ACK flood events:   0
  Frag attack events: 0
  Packet flood events:0
  (Note: Events count IPs exceeding thresholds per 50ms window)

[ALERT STATUS]
  Alert level:        [0mNONE[0m
  Reason:             None

[PERFORMANCE METRICS]
  Throughput:         0.00 Gbps (0.00 Mpps)
  Cycles available:   0 cycles/pkt (lower = higher load)
  Active IPs:         0
  Worker threads:     14 (lcores 1-14)

[DPDK NIC STATISTICS]
  RX packets (NIC):   0
  RX dropped (HW):    [0m0[0m (imissed)
  RX no mbufs:        [0m0[0m (buffer exhaustion)
  RX errors:          0
  Total drops:        [0m0 (0.00%)[0m
  RX burst calls:     0 (0.0% empty)
  Processed pkts:     0 (0.0% of NIC RX)


╔═══════════════════════════════════════════════════════════════════════╗
║          MIRA DDoS DETECTOR - STATISTICS (MULTI-CORE)                ║
╚═══════════════════════════════════════════════════════════════════════╝

[PACKET COUNTERS - GLOBAL]
  Total packets:      0
  Baseline (10.10.2.x): 0 (0.0%)
  Attack (10.10.3.x): 0 (0.0%)
  TCP packets:        0
  UDP packets:        0
  ICMP packets:       0

[INSTANTANEOUS TRAFFIC - Last 5.0 seconds]
  Baseline (10.10.2.x): 0 pkts (0.0%)  0 bytes  0.00 Gbps
  Attack (10.10.3.x): 0 pkts (0.0%)  0 bytes  0.00 Gbps
  Total throughput:   0.00 Gbps  (avg pkt: 0 bytes)

[CUMULATIVE TRAFFIC - Since first packet (0.0s)]
  Total received:     0 pkts (0.00 Mpps) | 0.00 Gbps | 0 bytes

[ATTACK-SPECIFIC COUNTERS]
  SYN packets:        0
  SYN-ACK packets:    0
  SYN/ACK ratio:      0.00
  HTTP requests:      0
  DNS queries:        0

[PROTOCOL-SPECIFIC COUNTERS - CIC-DDoS-2019 Features]
  NTP Amplification:
    Monlist queries:  0
    Responses:        0  (avg size: 0 bytes)
  DNS Amplification:
    ANY queries:      0
    TXT queries:      0
    Responses:        0  (avg size: 0 bytes)
  SNMP Amplification:
    GetBulk requests: 0
    Responses:        0  (avg size: 0 bytes)
  SSDP:
    M-SEARCH packets: 0
    Responses:        0
  PortMapper:
    GETPORT calls:    0
    DUMP calls:       0
  NetBIOS:
    Name queries:     0
    Datagram packets: 0
  LDAP:
    Bind requests:    0
    Search requests:  0
  MSSQL:
    SQLBatch packets: 0
    RPC packets:      0
  TFTP:
    RRQ (read) pkts:  0
    WRQ (write) pkts: 0

[ATTACK DETECTIONS - Cumulative Events]
  UDP flood events:   0
  UDP-lag events:     0
  SYN flood events:   0
  HTTP flood events:  0
  ICMP flood events:  0
  DNS amp events:     0
  NTP amp events:     0
  SNMP amp events:    0
  SSDP events:        0
  PortMap events:     0
  NetBIOS events:     0
  LDAP events:        0
  MSSQL events:       0
  TFTP events:        0
  ACK flood events:   0
  Frag attack events: 0
  Packet flood events:0
  (Note: Events count IPs exceeding thresholds per 50ms window)

[ALERT STATUS]
  Alert level:        [0mNONE[0m
  Reason:             None

[PERFORMANCE METRICS]
  Throughput:         0.00 Gbps (0.00 Mpps)
  Cycles available:   0 cycles/pkt (lower = higher load)
  Active IPs:         0
  Worker threads:     14 (lcores 1-14)

[DPDK NIC STATISTICS]
  RX packets (NIC):   1
  RX dropped (HW):    [0m0[0m (imissed)
  RX no mbufs:        [0m0[0m (buffer exhaustion)
  RX errors:          0
  Total drops:        [0m0 (0.00%)[0m
  RX burst calls:     286095682 (100.0% empty)
  Processed pkts:     0 (0.0% of NIC RX)


╔═══════════════════════════════════════════════════════════════════════╗
║          MIRA DDoS DETECTOR - STATISTICS (MULTI-CORE)                ║
╚═══════════════════════════════════════════════════════════════════════╝

[PACKET COUNTERS - GLOBAL]
  Total packets:      0
  Baseline (10.10.2.x): 0 (0.0%)
  Attack (10.10.3.x): 0 (0.0%)
  TCP packets:        0
  UDP packets:        0
  ICMP packets:       0

[INSTANTANEOUS TRAFFIC - Last 5.0 seconds]
  Baseline (10.10.2.x): 0 pkts (0.0%)  0 bytes  0.00 Gbps
  Attack (10.10.3.x): 0 pkts (0.0%)  0 bytes  0.00 Gbps
  Total throughput:   0.00 Gbps  (avg pkt: 0 bytes)

[CUMULATIVE TRAFFIC - Since first packet (0.0s)]
  Total received:     0 pkts (0.00 Mpps) | 0.00 Gbps | 0 bytes

[ATTACK-SPECIFIC COUNTERS]
  SYN packets:        0
  SYN-ACK packets:    0
  SYN/ACK ratio:      0.00
  HTTP requests:      0
  DNS queries:        0

[PROTOCOL-SPECIFIC COUNTERS - CIC-DDoS-2019 Features]
  NTP Amplification:
    Monlist queries:  0
    Responses:        0  (avg size: 0 bytes)
  DNS Amplification:
    ANY queries:      0
    TXT queries:      0
    Responses:        0  (avg size: 0 bytes)
  SNMP Amplification:
    GetBulk requests: 0
    Responses:        0  (avg size: 0 bytes)
  SSDP:
    M-SEARCH packets: 0
    Responses:        0
  PortMapper:
    GETPORT calls:    0
    DUMP calls:       0
  NetBIOS:
    Name queries:     0
    Datagram packets: 0
  LDAP:
    Bind requests:    0
    Search requests:  0
  MSSQL:
    SQLBatch packets: 0
    RPC packets:      0
  TFTP:
    RRQ (read) pkts:  0
    WRQ (write) pkts: 0

[ATTACK DETECTIONS - Cumulative Events]
  UDP flood events:   0
  UDP-lag events:     0
  SYN flood events:   0
  HTTP flood events:  0
  ICMP flood events:  0
  DNS amp events:     0
  NTP amp events:     0
  SNMP amp events:    0
  SSDP events:        0
  PortMap events:     0
  NetBIOS events:     0
  LDAP events:        0
  MSSQL events:       0
  TFTP events:        0
  ACK flood events:   0
  Frag attack events: 0
  Packet flood events:0
  (Note: Events count IPs exceeding thresholds per 50ms window)

[ALERT STATUS]
  Alert level:        [0mNONE[0m
  Reason:             None

[PERFORMANCE METRICS]
  Throughput:         0.00 Gbps (0.00 Mpps)
  Cycles available:   0 cycles/pkt (lower = higher load)
  Active IPs:         0
  Worker threads:     14 (lcores 1-14)

[DPDK NIC STATISTICS]
  RX packets (NIC):   1
  RX dropped (HW):    [0m0[0m (imissed)
  RX no mbufs:        [0m0[0m (buffer exhaustion)
  RX errors:          0
  Total drops:        [0m0 (0.00%)[0m
  RX burst calls:     286095682 (100.0% empty)
  Processed pkts:     0 (0.0% of NIC RX)


╔═══════════════════════════════════════════════════════════════════════╗
║          MIRA DDoS DETECTOR - STATISTICS (MULTI-CORE)                ║
╚═══════════════════════════════════════════════════════════════════════╝

[PACKET COUNTERS - GLOBAL]
  Total packets:      1301989
  Baseline (10.10.2.x): 0 (0.0%)
  Attack (10.10.3.x): 1301989 (100.0%)
  TCP packets:        0
  UDP packets:        1301989
  ICMP packets:       0

[INSTANTANEOUS TRAFFIC - Last 5.0 seconds]
  Baseline (10.10.2.x): 0 pkts (0.0%)  0 bytes  0.00 Gbps
  Attack (10.10.3.x): 1301993 pkts (100.0%)  429450611 bytes  0.69 Gbps
  Total throughput:   0.69 Gbps  (avg pkt: 330 bytes)

[CUMULATIVE TRAFFIC - Since first packet (0.9s)]
  Total received:     1301989 pkts (1.40 Mpps) | 3.69 Gbps | 429449042 bytes

[ATTACK-SPECIFIC COUNTERS]
  SYN packets:        0
  SYN-ACK packets:    0
  SYN/ACK ratio:      0.00
  HTTP requests:      0
  DNS queries:        20

[PROTOCOL-SPECIFIC COUNTERS - CIC-DDoS-2019 Features]
  NTP Amplification:
    Monlist queries:  4
    Responses:        0  (avg size: 0 bytes)
  DNS Amplification:
    ANY queries:      0
    TXT queries:      0
    Responses:        9  (avg size: 315 bytes)
  SNMP Amplification:
    GetBulk requests: 0
    Responses:        0  (avg size: 0 bytes)
  SSDP:
    M-SEARCH packets: 0
    Responses:        14
  PortMapper:
    GETPORT calls:    10
    DUMP calls:       0
  NetBIOS:
    Name queries:     20
    Datagram packets: 20
  LDAP:
    Bind requests:    0
    Search requests:  19
  MSSQL:
    SQLBatch packets: 26
    RPC packets:      0
  TFTP:
    RRQ (read) pkts:  0
    WRQ (write) pkts: 0

[ATTACK DETECTIONS - Cumulative Events]
  UDP flood events:   16
  UDP-lag events:     0
  SYN flood events:   0
  HTTP flood events:  0
  ICMP flood events:  0
  DNS amp events:     0
  NTP amp events:     0
  SNMP amp events:    0
  SSDP events:        0
  PortMap events:     0
  NetBIOS events:     0
  LDAP events:        0
  MSSQL events:       0
  TFTP events:        0
  ACK flood events:   0
  Frag attack events: 0
  Packet flood events:0
  (Note: Events count IPs exceeding thresholds per 50ms window)

[ALERT STATUS]
  Alert level:        [1;31mHIGH[0m
  Reason:             [1;31mUDP FLOOD detected: 259934 UDP pps | [0m

[MULTI-LF (2025) COMPARISON]
=== Detection Performance vs ML-Based System ===

  First Detection Latency:   177.75 ms (vs MULTI-LF: 866 ms)
    Improvement:             4.9× faster

  Packets until detection:   0
  Bytes until detection:     0 (0.00 MB)

[OCTOSKETCH METRICS - Optimized Architecture]
=== Per-Worker Sketches + Sampling (1/32 packets) ===

  Architecture:              Per-worker (NO atomics, NO contention)
  Total sketch memory:       5377 KB (14 workers × 384.1 KB)
  Sampling rate:             1 in 32 packets (3.1% overhead)
  Attack traffic sampled:    1300832 updates
  Estimated attack packets:  41626624 (×32 sampling factor)
  Sketch overhead:           ~1.56% of fast-path cycles
  Memory efficiency:         O(1) constant, 384.1 KB per worker

[MULTIPLE DETECTION STATISTICS]
=== Aggregate Detection Analysis ===

  Total detection events:    16
  Average detection latency: 58.20 ms
  Min detection latency:     50.22 ms
  Max detection latency:     177.75 ms
  Latency range:             127.52 ms

  Detection Latency Histogram:
    < 20 ms:  0 detections (0.0%)
    20-30 ms: 0 detections (0.0%)
    30-40 ms: 0 detections (0.0%)
    40-50 ms: 0 detections (0.0%)
    > 50 ms:  15 detections (93.8%)

[PERFORMANCE METRICS]
  Throughput:         0.69 Gbps (0.26 Mpps)
  Cycles available:   11493 cycles/pkt (lower = higher load)
  Active IPs:         0
  Worker threads:     14 (lcores 1-14)

[DPDK NIC STATISTICS]
  RX packets (NIC):   1301576
  RX dropped (HW):    [0m0[0m (imissed)
  RX no mbufs:        [0m0[0m (buffer exhaustion)
  RX errors:          0
  Total drops:        [0m0 (0.00%)[0m
  RX burst calls:     8090144632 (100.0% empty)
  Processed pkts:     1301989 (100.0% of NIC RX)


╔═══════════════════════════════════════════════════════════════════════╗
║          MIRA DDoS DETECTOR - STATISTICS (MULTI-CORE)                ║
╚═══════════════════════════════════════════════════════════════════════╝

[PACKET COUNTERS - GLOBAL]
  Total packets:      8282767
  Baseline (10.10.2.x): 0 (0.0%)
  Attack (10.10.3.x): 8282767 (100.0%)
  TCP packets:        0
  UDP packets:        8282767
  ICMP packets:       0

[INSTANTANEOUS TRAFFIC - Last 5.0 seconds]
  Baseline (10.10.2.x): 0 pkts (0.0%)  0 bytes  0.00 Gbps
  Attack (10.10.3.x): 6980698 pkts (100.0%)  2303283098 bytes  3.68 Gbps
  Total throughput:   3.68 Gbps  (avg pkt: 330 bytes)

[CUMULATIVE TRAFFIC - Since first packet (5.9s)]
  Total received:     8282767 pkts (1.40 Mpps) | 3.68 Gbps | 2732758686 bytes

[ATTACK-SPECIFIC COUNTERS]
  SYN packets:        0
  SYN-ACK packets:    0
  SYN/ACK ratio:      0.00
  HTTP requests:      0
  DNS queries:        69

[PROTOCOL-SPECIFIC COUNTERS - CIC-DDoS-2019 Features]
  NTP Amplification:
    Monlist queries:  16
    Responses:        0  (avg size: 0 bytes)
  DNS Amplification:
    ANY queries:      0
    TXT queries:      0
    Responses:        68  (avg size: 314 bytes)
  SNMP Amplification:
    GetBulk requests: 0
    Responses:        0  (avg size: 0 bytes)
  SSDP:
    M-SEARCH packets: 0
    Responses:        131
  PortMapper:
    GETPORT calls:    111
    DUMP calls:       0
  NetBIOS:
    Name queries:     135
    Datagram packets: 115
  LDAP:
    Bind requests:    0
    Search requests:  125
  MSSQL:
    SQLBatch packets: 134
    RPC packets:      0
  TFTP:
    RRQ (read) pkts:  0
    WRQ (write) pkts: 0

[ATTACK DETECTIONS - Cumulative Events]
  UDP flood events:   114
  UDP-lag events:     0
  SYN flood events:   0
  HTTP flood events:  0
  ICMP flood events:  0
  DNS amp events:     0
  NTP amp events:     0
  SNMP amp events:    0
  SSDP events:        0
  PortMap events:     0
  NetBIOS events:     0
  LDAP events:        0
  MSSQL events:       0
  TFTP events:        0
  ACK flood events:   0
  Frag attack events: 0
  Packet flood events:0
  (Note: Events count IPs exceeding thresholds per 50ms window)

[ALERT STATUS]
  Alert level:        [1;31mHIGH[0m
  Reason:             [1;31mUDP FLOOD detected: 1656987 UDP pps | [0m

[MULTI-LF (2025) COMPARISON]
=== Detection Performance vs ML-Based System ===

  First Detection Latency:   177.75 ms (vs MULTI-LF: 866 ms)
    Improvement:             4.9× faster

  Packets until detection:   0
  Bytes until detection:     0 (0.00 MB)

[OCTOSKETCH METRICS - Optimized Architecture]
=== Per-Worker Sketches + Sampling (1/32 packets) ===

  Architecture:              Per-worker (NO atomics, NO contention)
  Total sketch memory:       5377 KB (14 workers × 384.1 KB)
  Sampling rate:             1 in 32 packets (3.1% overhead)
  Attack traffic sampled:    6939008 updates
  Estimated attack packets:  222048256 (×32 sampling factor)
  Sketch overhead:           ~1.56% of fast-path cycles
  Memory efficiency:         O(1) constant, 384.1 KB per worker

[MULTIPLE DETECTION STATISTICS]
=== Aggregate Detection Analysis ===

  Total detection events:    114
  Average detection latency: 51.79 ms
  Min detection latency:     50.22 ms
  Max detection latency:     177.75 ms
  Latency range:             127.52 ms

  Detection Latency Histogram:
    < 20 ms:  0 detections (0.0%)
    20-30 ms: 0 detections (0.0%)
    30-40 ms: 0 detections (0.0%)
    40-50 ms: 0 detections (0.0%)
    > 50 ms:  113 detections (99.1%)

[PERFORMANCE METRICS]
  Throughput:         3.68 Gbps (1.40 Mpps)
  Cycles available:   2143 cycles/pkt (lower = higher load)
  Active IPs:         0
  Worker threads:     14 (lcores 1-14)

[DPDK NIC STATISTICS]
  RX packets (NIC):   8282410
  RX dropped (HW):    [0m0[0m (imissed)
  RX no mbufs:        [0m0[0m (buffer exhaustion)
  RX errors:          0
  Total drops:        [0m0 (0.00%)[0m
  RX burst calls:     10028577102 (99.9% empty)
  Processed pkts:     8282767 (100.0% of NIC RX)


╔═══════════════════════════════════════════════════════════════════════╗
║          MIRA DDoS DETECTOR - STATISTICS (MULTI-CORE)                ║
╚═══════════════════════════════════════════════════════════════════════╝

[PACKET COUNTERS - GLOBAL]
  Total packets:      15264077
  Baseline (10.10.2.x): 0 (0.0%)
  Attack (10.10.3.x): 15264077 (100.0%)
  TCP packets:        0
  UDP packets:        15264077
  ICMP packets:       0

[INSTANTANEOUS TRAFFIC - Last 5.0 seconds]
  Baseline (10.10.2.x): 0 pkts (0.0%)  0 bytes  0.00 Gbps
  Attack (10.10.3.x): 6981243 pkts (100.0%)  2303852926 bytes  3.68 Gbps
  Total throughput:   3.68 Gbps  (avg pkt: 330 bytes)

[CUMULATIVE TRAFFIC - Since first packet (10.9s)]
  Total received:     15264077 pkts (1.40 Mpps) | 3.68 Gbps | 5036632714 bytes

[ATTACK-SPECIFIC COUNTERS]
  SYN packets:        0
  SYN-ACK packets:    0
  SYN/ACK ratio:      0.00
  HTTP requests:      0
  DNS queries:        129

[PROTOCOL-SPECIFIC COUNTERS - CIC-DDoS-2019 Features]
  NTP Amplification:
    Monlist queries:  35
    Responses:        0  (avg size: 0 bytes)
  DNS Amplification:
    ANY queries:      0
    TXT queries:      0
    Responses:        104  (avg size: 314 bytes)
  SNMP Amplification:
    GetBulk requests: 0
    Responses:        0  (avg size: 0 bytes)
  SSDP:
    M-SEARCH packets: 0
    Responses:        253
  PortMapper:
    GETPORT calls:    229
    DUMP calls:       0
  NetBIOS:
    Name queries:     252
    Datagram packets: 211
  LDAP:
    Bind requests:    0
    Search requests:  230
  MSSQL:
    SQLBatch packets: 246
    RPC packets:      0
  TFTP:
    RRQ (read) pkts:  0
    WRQ (write) pkts: 0

[ATTACK DETECTIONS - Cumulative Events]
  UDP flood events:   212
  UDP-lag events:     0
  SYN flood events:   0
  HTTP flood events:  0
  ICMP flood events:  0
  DNS amp events:     0
  NTP amp events:     0
  SNMP amp events:    0
  SSDP events:        0
  PortMap events:     0
  NetBIOS events:     0
  LDAP events:        0
  MSSQL events:       0
  TFTP events:        0
  ACK flood events:   0
  Frag attack events: 0
  Packet flood events:0
  (Note: Events count IPs exceeding thresholds per 50ms window)

[ALERT STATUS]
  Alert level:        [1;31mHIGH[0m
  Reason:             [1;31mUDP FLOOD detected: 3066778 UDP pps | [0m

[MULTI-LF (2025) COMPARISON]
=== Detection Performance vs ML-Based System ===

  First Detection Latency:   177.75 ms (vs MULTI-LF: 866 ms)
    Improvement:             4.9× faster

  Packets until detection:   0
  Bytes until detection:     0 (0.00 MB)

[OCTOSKETCH METRICS - Optimized Architecture]
=== Per-Worker Sketches + Sampling (1/32 packets) ===

  Architecture:              Per-worker (NO atomics, NO contention)
  Total sketch memory:       5377 KB (14 workers × 384.1 KB)
  Sampling rate:             1 in 32 packets (3.1% overhead)
  Attack traffic sampled:    6938496 updates
  Estimated attack packets:  222031872 (×32 sampling factor)
  Sketch overhead:           ~1.56% of fast-path cycles
  Memory efficiency:         O(1) constant, 384.1 KB per worker

[MULTIPLE DETECTION STATISTICS]
=== Aggregate Detection Analysis ===

  Total detection events:    212
  Average detection latency: 51.54 ms
  Min detection latency:     50.22 ms
  Max detection latency:     177.75 ms
  Latency range:             127.53 ms

  Detection Latency Histogram:
    < 20 ms:  0 detections (0.0%)
    20-30 ms: 0 detections (0.0%)
    30-40 ms: 0 detections (0.0%)
    40-50 ms: 0 detections (0.0%)
    > 50 ms:  211 detections (99.5%)

[PERFORMANCE METRICS]
  Throughput:         3.68 Gbps (1.40 Mpps)
  Cycles available:   2143 cycles/pkt (lower = higher load)
  Active IPs:         0
  Worker threads:     14 (lcores 1-14)

[DPDK NIC STATISTICS]
  RX packets (NIC):   15263661
  RX dropped (HW):    [0m0[0m (imissed)
  RX no mbufs:        [0m0[0m (buffer exhaustion)
  RX errors:          0
  Total drops:        [0m0 (0.00%)[0m
  RX burst calls:     11965893912 (99.9% empty)
  Processed pkts:     15264077 (100.0% of NIC RX)


╔═══════════════════════════════════════════════════════════════════════╗
║          MIRA DDoS DETECTOR - STATISTICS (MULTI-CORE)                ║
╚═══════════════════════════════════════════════════════════════════════╝

[PACKET COUNTERS - GLOBAL]
  Total packets:      22245083
  Baseline (10.10.2.x): 0 (0.0%)
  Attack (10.10.3.x): 22245083 (100.0%)
  TCP packets:        0
  UDP packets:        22245083
  ICMP packets:       0

[INSTANTANEOUS TRAFFIC - Last 5.0 seconds]
  Baseline (10.10.2.x): 0 pkts (0.0%)  0 bytes  0.00 Gbps
  Attack (10.10.3.x): 6980950 pkts (100.0%)  2303815880 bytes  3.68 Gbps
  Total throughput:   3.68 Gbps  (avg pkt: 330 bytes)

[CUMULATIVE TRAFFIC - Since first packet (15.9s)]
  Total received:     22245083 pkts (1.40 Mpps) | 3.68 Gbps | 7340464828 bytes

[ATTACK-SPECIFIC COUNTERS]
  SYN packets:        0
  SYN-ACK packets:    0
  SYN/ACK ratio:      0.00
  HTTP requests:      0
  DNS queries:        192

[PROTOCOL-SPECIFIC COUNTERS - CIC-DDoS-2019 Features]
  NTP Amplification:
    Monlist queries:  51
    Responses:        0  (avg size: 0 bytes)
  DNS Amplification:
    ANY queries:      0
    TXT queries:      0
    Responses:        156  (avg size: 314 bytes)
  SNMP Amplification:
    GetBulk requests: 0
    Responses:        0  (avg size: 0 bytes)
  SSDP:
    M-SEARCH packets: 0
    Responses:        334
  PortMapper:
    GETPORT calls:    326
    DUMP calls:       0
  NetBIOS:
    Name queries:     372
    Datagram packets: 333
  LDAP:
    Bind requests:    0
    Search requests:  340
  MSSQL:
    SQLBatch packets: 338
    RPC packets:      0
  TFTP:
    RRQ (read) pkts:  0
    WRQ (write) pkts: 0

[ATTACK DETECTIONS - Cumulative Events]
  UDP flood events:   309
  UDP-lag events:     0
  SYN flood events:   0
  HTTP flood events:  0
  ICMP flood events:  0
  DNS amp events:     0
  NTP amp events:     0
  SNMP amp events:    0
  SSDP events:        0
  PortMap events:     0
  NetBIOS events:     0
  LDAP events:        0
  MSSQL events:       0
  TFTP events:        0
  ACK flood events:   0
  Frag attack events: 0
  Packet flood events:0
  (Note: Events count IPs exceeding thresholds per 50ms window)

[ALERT STATUS]
  Alert level:        [1;31mHIGH[0m
  Reason:             [1;31mUDP FLOOD detected: 4507678 UDP pps | [0m

[MULTI-LF (2025) COMPARISON]
=== Detection Performance vs ML-Based System ===

  First Detection Latency:   177.75 ms (vs MULTI-LF: 866 ms)
    Improvement:             4.9× faster

  Packets until detection:   0
  Bytes until detection:     0 (0.00 MB)

[OCTOSKETCH METRICS - Optimized Architecture]
=== Per-Worker Sketches + Sampling (1/32 packets) ===

  Architecture:              Per-worker (NO atomics, NO contention)
  Total sketch memory:       5377 KB (14 workers × 384.1 KB)
  Sampling rate:             1 in 32 packets (3.1% overhead)
  Attack traffic sampled:    6867968 updates
  Estimated attack packets:  219774976 (×32 sampling factor)
  Sketch overhead:           ~1.56% of fast-path cycles
  Memory efficiency:         O(1) constant, 384.1 KB per worker

[MULTIPLE DETECTION STATISTICS]
=== Aggregate Detection Analysis ===

  Total detection events:    309
  Average detection latency: 51.46 ms
  Min detection latency:     50.22 ms
  Max detection latency:     177.75 ms
  Latency range:             127.53 ms

  Detection Latency Histogram:
    < 20 ms:  0 detections (0.0%)
    20-30 ms: 0 detections (0.0%)
    30-40 ms: 0 detections (0.0%)
    40-50 ms: 0 detections (0.0%)
    > 50 ms:  308 detections (99.7%)

[PERFORMANCE METRICS]
  Throughput:         3.68 Gbps (1.40 Mpps)
  Cycles available:   2143 cycles/pkt (lower = higher load)
  Active IPs:         0
  Worker threads:     14 (lcores 1-14)

[DPDK NIC STATISTICS]
  RX packets (NIC):   22244733
  RX dropped (HW):    [0m0[0m (imissed)
  RX no mbufs:        [0m0[0m (buffer exhaustion)
  RX errors:          0
  Total drops:        [0m0 (0.00%)[0m
  RX burst calls:     13901987126 (99.8% empty)
  Processed pkts:     22245083 (100.0% of NIC RX)


╔═══════════════════════════════════════════════════════════════════════╗
║          MIRA DDoS DETECTOR - STATISTICS (MULTI-CORE)                ║
╚═══════════════════════════════════════════════════════════════════════╝

[PACKET COUNTERS - GLOBAL]
  Total packets:      29225933
  Baseline (10.10.2.x): 0 (0.0%)
  Attack (10.10.3.x): 29225933 (100.0%)
  TCP packets:        0
  UDP packets:        29225933
  ICMP packets:       0

[INSTANTANEOUS TRAFFIC - Last 5.0 seconds]
  Baseline (10.10.2.x): 0 pkts (0.0%)  0 bytes  0.00 Gbps
  Attack (10.10.3.x): 6980780 pkts (100.0%)  2303133387 bytes  3.68 Gbps
  Total throughput:   3.68 Gbps  (avg pkt: 330 bytes)

[CUMULATIVE TRAFFIC - Since first packet (20.9s)]
  Total received:     29225933 pkts (1.40 Mpps) | 3.68 Gbps | 9643622846 bytes

[ATTACK-SPECIFIC COUNTERS]
  SYN packets:        0
  SYN-ACK packets:    0
  SYN/ACK ratio:      0.00
  HTTP requests:      0
  DNS queries:        244

[PROTOCOL-SPECIFIC COUNTERS - CIC-DDoS-2019 Features]
  NTP Amplification:
    Monlist queries:  65
    Responses:        0  (avg size: 0 bytes)
  DNS Amplification:
    ANY queries:      0
    TXT queries:      0
    Responses:        213  (avg size: 316 bytes)
  SNMP Amplification:
    GetBulk requests: 0
    Responses:        0  (avg size: 0 bytes)
  SSDP:
    M-SEARCH packets: 0
    Responses:        457
  PortMapper:
    GETPORT calls:    436
    DUMP calls:       0
  NetBIOS:
    Name queries:     488
    Datagram packets: 434
  LDAP:
    Bind requests:    0
    Search requests:  452
  MSSQL:
    SQLBatch packets: 454
    RPC packets:      0
  TFTP:
    RRQ (read) pkts:  0
    WRQ (write) pkts: 0

[ATTACK DETECTIONS - Cumulative Events]
  UDP flood events:   406
  UDP-lag events:     0
  SYN flood events:   0
  HTTP flood events:  0
  ICMP flood events:  0
  DNS amp events:     0
  NTP amp events:     0
  SNMP amp events:    0
  SSDP events:        0
  PortMap events:     0
  NetBIOS events:     0
  LDAP events:        0
  MSSQL events:       0
  TFTP events:        0
  ACK flood events:   0
  Frag attack events: 0
  Packet flood events:0
  (Note: Events count IPs exceeding thresholds per 50ms window)

[ALERT STATUS]
  Alert level:        [1;31mHIGH[0m
  Reason:             [1;31mUDP FLOOD detected: 5931638 UDP pps | [0m

[MULTI-LF (2025) COMPARISON]
=== Detection Performance vs ML-Based System ===

  First Detection Latency:   177.75 ms (vs MULTI-LF: 866 ms)
    Improvement:             4.9× faster

  Packets until detection:   0
  Bytes until detection:     0 (0.00 MB)

[OCTOSKETCH METRICS - Optimized Architecture]
=== Per-Worker Sketches + Sampling (1/32 packets) ===

  Architecture:              Per-worker (NO atomics, NO contention)
  Total sketch memory:       5377 KB (14 workers × 384.1 KB)
  Sampling rate:             1 in 32 packets (3.1% overhead)
  Attack traffic sampled:    6868000 updates
  Estimated attack packets:  219776000 (×32 sampling factor)
  Sketch overhead:           ~1.56% of fast-path cycles
  Memory efficiency:         O(1) constant, 384.1 KB per worker

[MULTIPLE DETECTION STATISTICS]
=== Aggregate Detection Analysis ===

  Total detection events:    406
  Average detection latency: 51.54 ms
  Min detection latency:     50.22 ms
  Max detection latency:     201.28 ms
  Latency range:             151.06 ms

  Detection Latency Histogram:
    < 20 ms:  0 detections (0.0%)
    20-30 ms: 0 detections (0.0%)
    30-40 ms: 0 detections (0.0%)
    40-50 ms: 0 detections (0.0%)
    > 50 ms:  405 detections (99.8%)

[PERFORMANCE METRICS]
  Throughput:         3.68 Gbps (1.40 Mpps)
  Cycles available:   2143 cycles/pkt (lower = higher load)
  Active IPs:         0
  Worker threads:     14 (lcores 1-14)

[DPDK NIC STATISTICS]
  RX packets (NIC):   29225547
  RX dropped (HW):    [0m0[0m (imissed)
  RX no mbufs:        [0m0[0m (buffer exhaustion)
  RX errors:          0
  Total drops:        [0m0 (0.00%)[0m
  RX burst calls:     15836699624 (99.8% empty)
  Processed pkts:     29225933 (100.0% of NIC RX)


╔═══════════════════════════════════════════════════════════════════════╗
║          MIRA DDoS DETECTOR - STATISTICS (MULTI-CORE)                ║
╚═══════════════════════════════════════════════════════════════════════╝

[PACKET COUNTERS - GLOBAL]
  Total packets:      36205947
  Baseline (10.10.2.x): 0 (0.0%)
  Attack (10.10.3.x): 36205947 (100.0%)
  TCP packets:        0
  UDP packets:        36205947
  ICMP packets:       0

[INSTANTANEOUS TRAFFIC - Last 5.0 seconds]
  Baseline (10.10.2.x): 0 pkts (0.0%)  0 bytes  0.00 Gbps
  Attack (10.10.3.x): 6979938 pkts (100.0%)  2303501397 bytes  3.68 Gbps
  Total throughput:   3.68 Gbps  (avg pkt: 330 bytes)

[CUMULATIVE TRAFFIC - Since first packet (25.9s)]
  Total received:     36205947 pkts (1.40 Mpps) | 3.68 Gbps | 11947151061 bytes

[ATTACK-SPECIFIC COUNTERS]
  SYN packets:        0
  SYN-ACK packets:    0
  SYN/ACK ratio:      0.00
  HTTP requests:      0
  DNS queries:        302

[PROTOCOL-SPECIFIC COUNTERS - CIC-DDoS-2019 Features]
  NTP Amplification:
    Monlist queries:  80
    Responses:        0  (avg size: 0 bytes)
  DNS Amplification:
    ANY queries:      0
    TXT queries:      0
    Responses:        248  (avg size: 317 bytes)
  SNMP Amplification:
    GetBulk requests: 0
    Responses:        0  (avg size: 0 bytes)
  SSDP:
    M-SEARCH packets: 0
    Responses:        583
  PortMapper:
    GETPORT calls:    550
    DUMP calls:       0
  NetBIOS:
    Name queries:     611
    Datagram packets: 544
  LDAP:
    Bind requests:    0
    Search requests:  553
  MSSQL:
    SQLBatch packets: 552
    RPC packets:      0
  TFTP:
    RRQ (read) pkts:  0
    WRQ (write) pkts: 0

[ATTACK DETECTIONS - Cumulative Events]
  UDP flood events:   503
  UDP-lag events:     0
  SYN flood events:   0
  HTTP flood events:  0
  ICMP flood events:  0
  DNS amp events:     0
  NTP amp events:     0
  SNMP amp events:    0
  SSDP events:        0
  PortMap events:     0
  NetBIOS events:     0
  LDAP events:        0
  MSSQL events:       0
  TFTP events:        0
  ACK flood events:   0
  Frag attack events: 0
  Packet flood events:0
  (Note: Events count IPs exceeding thresholds per 50ms window)

[ALERT STATUS]
  Alert level:        [1;31mHIGH[0m
  Reason:             [1;31mUDP FLOOD detected: 7355301 UDP pps | [0m

[MULTI-LF (2025) COMPARISON]
=== Detection Performance vs ML-Based System ===

  First Detection Latency:   177.75 ms (vs MULTI-LF: 866 ms)
    Improvement:             4.9× faster

  Packets until detection:   0
  Bytes until detection:     0 (0.00 MB)

[OCTOSKETCH METRICS - Optimized Architecture]
=== Per-Worker Sketches + Sampling (1/32 packets) ===

  Architecture:              Per-worker (NO atomics, NO contention)
  Total sketch memory:       5377 KB (14 workers × 384.1 KB)
  Sampling rate:             1 in 32 packets (3.1% overhead)
  Attack traffic sampled:    6866976 updates
  Estimated attack packets:  219743232 (×32 sampling factor)
  Sketch overhead:           ~1.56% of fast-path cycles
  Memory efficiency:         O(1) constant, 384.1 KB per worker

[MULTIPLE DETECTION STATISTICS]
=== Aggregate Detection Analysis ===

  Total detection events:    503
  Average detection latency: 51.58 ms
  Min detection latency:     50.22 ms
  Max detection latency:     201.30 ms
  Latency range:             151.08 ms

  Detection Latency Histogram:
    < 20 ms:  0 detections (0.0%)
    20-30 ms: 0 detections (0.0%)
    30-40 ms: 0 detections (0.0%)
    40-50 ms: 0 detections (0.0%)
    > 50 ms:  502 detections (99.8%)

[PERFORMANCE METRICS]
  Throughput:         3.68 Gbps (1.40 Mpps)
  Cycles available:   2143 cycles/pkt (lower = higher load)
  Active IPs:         0
  Worker threads:     14 (lcores 1-14)

[DPDK NIC STATISTICS]
  RX packets (NIC):   36205539
  RX dropped (HW):    [0m0[0m (imissed)
  RX no mbufs:        [0m0[0m (buffer exhaustion)
  RX errors:          0
  Total drops:        [0m0 (0.00%)[0m
  RX burst calls:     17770142382 (99.8% empty)
  Processed pkts:     36205947 (100.0% of NIC RX)


╔═══════════════════════════════════════════════════════════════════════╗
║          MIRA DDoS DETECTOR - STATISTICS (MULTI-CORE)                ║
╚═══════════════════════════════════════════════════════════════════════╝

[PACKET COUNTERS - GLOBAL]
  Total packets:      43185827
  Baseline (10.10.2.x): 0 (0.0%)
  Attack (10.10.3.x): 43185827 (100.0%)
  TCP packets:        0
  UDP packets:        43185827
  ICMP packets:       0

[INSTANTANEOUS TRAFFIC - Last 5.0 seconds]
  Baseline (10.10.2.x): 0 pkts (0.0%)  0 bytes  0.00 Gbps
  Attack (10.10.3.x): 6979817 pkts (100.0%)  2303234220 bytes  3.68 Gbps
  Total throughput:   3.68 Gbps  (avg pkt: 330 bytes)

[CUMULATIVE TRAFFIC - Since first packet (30.9s)]
  Total received:     43185827 pkts (1.40 Mpps) | 3.68 Gbps | 14250406029 bytes

[ATTACK-SPECIFIC COUNTERS]
  SYN packets:        0
  SYN-ACK packets:    0
  SYN/ACK ratio:      0.00
  HTTP requests:      0
  DNS queries:        366

[PROTOCOL-SPECIFIC COUNTERS - CIC-DDoS-2019 Features]
  NTP Amplification:
    Monlist queries:  97
    Responses:        0  (avg size: 0 bytes)
  DNS Amplification:
    ANY queries:      0
    TXT queries:      0
    Responses:        302  (avg size: 313 bytes)
  SNMP Amplification:
    GetBulk requests: 0
    Responses:        0  (avg size: 0 bytes)
  SSDP:
    M-SEARCH packets: 0
    Responses:        655
  PortMapper:
    GETPORT calls:    646
    DUMP calls:       0
  NetBIOS:
    Name queries:     726
    Datagram packets: 653
  LDAP:
    Bind requests:    0
    Search requests:  664
  MSSQL:
    SQLBatch packets: 652
    RPC packets:      0
  TFTP:
    RRQ (read) pkts:  0
    WRQ (write) pkts: 0

[ATTACK DETECTIONS - Cumulative Events]
  UDP flood events:   599
  UDP-lag events:     0
  SYN flood events:   0
  HTTP flood events:  0
  ICMP flood events:  0
  DNS amp events:     0
  NTP amp events:     0
  SNMP amp events:    0
  SSDP events:        0
  PortMap events:     0
  NetBIOS events:     0
  LDAP events:        0
  MSSQL events:       0
  TFTP events:        0
  ACK flood events:   0
  Frag attack events: 0
  Packet flood events:0
  (Note: Events count IPs exceeding thresholds per 50ms window)

[ALERT STATUS]
  Alert level:        [1;31mHIGH[0m
  Reason:             [1;31mUDP FLOOD detected: 8855223 UDP pps | [0m

[MULTI-LF (2025) COMPARISON]
=== Detection Performance vs ML-Based System ===

  First Detection Latency:   177.75 ms (vs MULTI-LF: 866 ms)
    Improvement:             4.9× faster

  Packets until detection:   0
  Bytes until detection:     0 (0.00 MB)

[OCTOSKETCH METRICS - Optimized Architecture]
=== Per-Worker Sketches + Sampling (1/32 packets) ===

  Architecture:              Per-worker (NO atomics, NO contention)
  Total sketch memory:       5377 KB (14 workers × 384.1 KB)
  Sampling rate:             1 in 32 packets (3.1% overhead)
  Attack traffic sampled:    6797152 updates
  Estimated attack packets:  217508864 (×32 sampling factor)
  Sketch overhead:           ~1.56% of fast-path cycles
  Memory efficiency:         O(1) constant, 384.1 KB per worker

[MULTIPLE DETECTION STATISTICS]
=== Aggregate Detection Analysis ===

  Total detection events:    599
  Average detection latency: 51.62 ms
  Min detection latency:     50.22 ms
  Max detection latency:     201.30 ms
  Latency range:             151.08 ms

  Detection Latency Histogram:
    < 20 ms:  0 detections (0.0%)
    20-30 ms: 0 detections (0.0%)
    30-40 ms: 0 detections (0.0%)
    40-50 ms: 0 detections (0.0%)
    > 50 ms:  598 detections (99.8%)

[PERFORMANCE METRICS]
  Throughput:         3.68 Gbps (1.40 Mpps)
  Cycles available:   2143 cycles/pkt (lower = higher load)
  Active IPs:         0
  Worker threads:     14 (lcores 1-14)

[DPDK NIC STATISTICS]
  RX packets (NIC):   43185477
  RX dropped (HW):    [0m0[0m (imissed)
  RX no mbufs:        [0m0[0m (buffer exhaustion)
  RX errors:          0
  Total drops:        [0m0 (0.00%)[0m
  RX burst calls:     19702947205 (99.8% empty)
  Processed pkts:     43185827 (100.0% of NIC RX)


╔═══════════════════════════════════════════════════════════════════════╗
║          MIRA DDoS DETECTOR - STATISTICS (MULTI-CORE)                ║
╚═══════════════════════════════════════════════════════════════════════╝

[PACKET COUNTERS - GLOBAL]
  Total packets:      50167558
  Baseline (10.10.2.x): 0 (0.0%)
  Attack (10.10.3.x): 50167558 (100.0%)
  TCP packets:        0
  UDP packets:        50167558
  ICMP packets:       0

[INSTANTANEOUS TRAFFIC - Last 5.0 seconds]
  Baseline (10.10.2.x): 0 pkts (0.0%)  0 bytes  0.00 Gbps
  Attack (10.10.3.x): 6981670 pkts (100.0%)  2303726466 bytes  3.68 Gbps
  Total throughput:   3.68 Gbps  (avg pkt: 330 bytes)

[CUMULATIVE TRAFFIC - Since first packet (36.0s)]
  Total received:     50167558 pkts (1.40 Mpps) | 3.68 Gbps | 16554153346 bytes

[ATTACK-SPECIFIC COUNTERS]
  SYN packets:        0
  SYN-ACK packets:    0
  SYN/ACK ratio:      0.00
  HTTP requests:      0
  DNS queries:        416

[PROTOCOL-SPECIFIC COUNTERS - CIC-DDoS-2019 Features]
  NTP Amplification:
    Monlist queries:  112
    Responses:        0  (avg size: 0 bytes)
  DNS Amplification:
    ANY queries:      0
    TXT queries:      0
    Responses:        354  (avg size: 316 bytes)
  SNMP Amplification:
    GetBulk requests: 0
    Responses:        0  (avg size: 0 bytes)
  SSDP:
    M-SEARCH packets: 0
    Responses:        780
  PortMapper:
    GETPORT calls:    766
    DUMP calls:       0
  NetBIOS:
    Name queries:     844
    Datagram packets: 749
  LDAP:
    Bind requests:    0
    Search requests:  781
  MSSQL:
    SQLBatch packets: 768
    RPC packets:      0
  TFTP:
    RRQ (read) pkts:  0
    WRQ (write) pkts: 0

[ATTACK DETECTIONS - Cumulative Events]
  UDP flood events:   695
  UDP-lag events:     0
  SYN flood events:   0
  HTTP flood events:  0
  ICMP flood events:  0
  DNS amp events:     0
  NTP amp events:     0
  SNMP amp events:    0
  SSDP events:        0
  PortMap events:     0
  NetBIOS events:     0
  LDAP events:        0
  MSSQL events:       0
  TFTP events:        0
  ACK flood events:   0
  Frag attack events: 0
  Packet flood events:0
  (Note: Events count IPs exceeding thresholds per 50ms window)

[ALERT STATUS]
  Alert level:        [1;31mHIGH[0m
  Reason:             [1;31mUDP FLOOD detected: 10293963 UDP pps | [0m

[MULTI-LF (2025) COMPARISON]
=== Detection Performance vs ML-Based System ===

  First Detection Latency:   177.75 ms (vs MULTI-LF: 866 ms)
    Improvement:             4.9× faster

  Packets until detection:   0
  Bytes until detection:     0 (0.00 MB)

[OCTOSKETCH METRICS - Optimized Architecture]
=== Per-Worker Sketches + Sampling (1/32 packets) ===

  Architecture:              Per-worker (NO atomics, NO contention)
  Total sketch memory:       5377 KB (14 workers × 384.1 KB)
  Sampling rate:             1 in 32 packets (3.1% overhead)
  Attack traffic sampled:    6798848 updates
  Estimated attack packets:  217563136 (×32 sampling factor)
  Sketch overhead:           ~1.56% of fast-path cycles
  Memory efficiency:         O(1) constant, 384.1 KB per worker

[MULTIPLE DETECTION STATISTICS]
=== Aggregate Detection Analysis ===

  Total detection events:    695
  Average detection latency: 51.72 ms
  Min detection latency:     50.22 ms
  Max detection latency:     251.48 ms
  Latency range:             201.26 ms

  Detection Latency Histogram:
    < 20 ms:  0 detections (0.0%)
    20-30 ms: 0 detections (0.0%)
    30-40 ms: 0 detections (0.0%)
    40-50 ms: 0 detections (0.0%)
    > 50 ms:  694 detections (99.9%)

[PERFORMANCE METRICS]
  Throughput:         3.68 Gbps (1.40 Mpps)
  Cycles available:   2143 cycles/pkt (lower = higher load)
  Active IPs:         0
  Worker threads:     14 (lcores 1-14)

[DPDK NIC STATISTICS]
  RX packets (NIC):   50167180
  RX dropped (HW):    [0m0[0m (imissed)
  RX no mbufs:        [0m0[0m (buffer exhaustion)
  RX errors:          0
  Total drops:        [0m0 (0.00%)[0m
  RX burst calls:     21635189342 (99.8% empty)
  Processed pkts:     50167558 (100.0% of NIC RX)


╔═══════════════════════════════════════════════════════════════════════╗
║          MIRA DDoS DETECTOR - STATISTICS (MULTI-CORE)                ║
╚═══════════════════════════════════════════════════════════════════════╝

[PACKET COUNTERS - GLOBAL]
  Total packets:      57146209
  Baseline (10.10.2.x): 0 (0.0%)
  Attack (10.10.3.x): 57146209 (100.0%)
  TCP packets:        0
  UDP packets:        57146209
  ICMP packets:       0

[INSTANTANEOUS TRAFFIC - Last 5.0 seconds]
  Baseline (10.10.2.x): 0 pkts (0.0%)  0 bytes  0.00 Gbps
  Attack (10.10.3.x): 6978575 pkts (100.0%)  2302606342 bytes  3.68 Gbps
  Total throughput:   3.68 Gbps  (avg pkt: 330 bytes)

[CUMULATIVE TRAFFIC - Since first packet (41.0s)]
  Total received:     57146209 pkts (1.40 Mpps) | 3.68 Gbps | 18856785730 bytes

[ATTACK-SPECIFIC COUNTERS]
  SYN packets:        0
  SYN-ACK packets:    0
  SYN/ACK ratio:      0.00
  HTTP requests:      0
  DNS queries:        477

[PROTOCOL-SPECIFIC COUNTERS - CIC-DDoS-2019 Features]
  NTP Amplification:
    Monlist queries:  127
    Responses:        0  (avg size: 0 bytes)
  DNS Amplification:
    ANY queries:      0
    TXT queries:      0
    Responses:        390  (avg size: 316 bytes)
  SNMP Amplification:
    GetBulk requests: 0
    Responses:        0  (avg size: 0 bytes)
  SSDP:
    M-SEARCH packets: 0
    Responses:        902
  PortMapper:
    GETPORT calls:    867
    DUMP calls:       0
  NetBIOS:
    Name queries:     967
    Datagram packets: 866
  LDAP:
    Bind requests:    0
    Search requests:  884
  MSSQL:
    SQLBatch packets: 859
    RPC packets:      0
  TFTP:
    RRQ (read) pkts:  0
    WRQ (write) pkts: 0

[ATTACK DETECTIONS - Cumulative Events]
  UDP flood events:   790
  UDP-lag events:     0
  SYN flood events:   0
  HTTP flood events:  0
  ICMP flood events:  0
  DNS amp events:     0
  NTP amp events:     0
  SNMP amp events:    0
  SSDP events:        0
  PortMap events:     0
  NetBIOS events:     0
  LDAP events:        0
  MSSQL events:       0
  TFTP events:        0
  ACK flood events:   0
  Frag attack events: 0
  Packet flood events:0
  (Note: Events count IPs exceeding thresholds per 50ms window)

[ALERT STATUS]
  Alert level:        [1;31mHIGH[0m
  Reason:             [1;31mUDP FLOOD detected: 11839816 UDP pps | [0m

[MULTI-LF (2025) COMPARISON]
=== Detection Performance vs ML-Based System ===

  First Detection Latency:   177.75 ms (vs MULTI-LF: 866 ms)
    Improvement:             4.9× faster

  Packets until detection:   0
  Bytes until detection:     0 (0.00 MB)

[OCTOSKETCH METRICS - Optimized Architecture]
=== Per-Worker Sketches + Sampling (1/32 packets) ===

  Architecture:              Per-worker (NO atomics, NO contention)
  Total sketch memory:       5377 KB (14 workers × 384.1 KB)
  Sampling rate:             1 in 32 packets (3.1% overhead)
  Attack traffic sampled:    6725920 updates
  Estimated attack packets:  215229440 (×32 sampling factor)
  Sketch overhead:           ~1.56% of fast-path cycles
  Memory efficiency:         O(1) constant, 384.1 KB per worker

[MULTIPLE DETECTION STATISTICS]
=== Aggregate Detection Analysis ===

  Total detection events:    790
  Average detection latency: 51.79 ms
  Min detection latency:     50.22 ms
  Max detection latency:     251.50 ms
  Latency range:             201.28 ms

  Detection Latency Histogram:
    < 20 ms:  0 detections (0.0%)
    20-30 ms: 0 detections (0.0%)
    30-40 ms: 0 detections (0.0%)
    40-50 ms: 0 detections (0.0%)
    > 50 ms:  789 detections (99.9%)

[PERFORMANCE METRICS]
  Throughput:         3.68 Gbps (1.39 Mpps)
  Cycles available:   2143 cycles/pkt (lower = higher load)
  Active IPs:         0
  Worker threads:     14 (lcores 1-14)

[DPDK NIC STATISTICS]
  RX packets (NIC):   57145849
  RX dropped (HW):    [0m0[0m (imissed)
  RX no mbufs:        [0m0[0m (buffer exhaustion)
  RX errors:          0
  Total drops:        [0m0 (0.00%)[0m
  RX burst calls:     23566727126 (99.8% empty)
  Processed pkts:     57146209 (100.0% of NIC RX)


╔═══════════════════════════════════════════════════════════════════════╗
║          MIRA DDoS DETECTOR - STATISTICS (MULTI-CORE)                ║
╚═══════════════════════════════════════════════════════════════════════╝

[PACKET COUNTERS - GLOBAL]
  Total packets:      64125938
  Baseline (10.10.2.x): 0 (0.0%)
  Attack (10.10.3.x): 64125938 (100.0%)
  TCP packets:        0
  UDP packets:        64125938
  ICMP packets:       0

[INSTANTANEOUS TRAFFIC - Last 5.0 seconds]
  Baseline (10.10.2.x): 0 pkts (0.0%)  0 bytes  0.00 Gbps
  Attack (10.10.3.x): 6979664 pkts (100.0%)  2303354716 bytes  3.68 Gbps
  Total throughput:   3.68 Gbps  (avg pkt: 330 bytes)

[CUMULATIVE TRAFFIC - Since first packet (46.0s)]
  Total received:     64125938 pkts (1.40 Mpps) | 3.68 Gbps | 21160160976 bytes

[ATTACK-SPECIFIC COUNTERS]
  SYN packets:        0
  SYN-ACK packets:    0
  SYN/ACK ratio:      0.00
  HTTP requests:      0
  DNS queries:        536

[PROTOCOL-SPECIFIC COUNTERS - CIC-DDoS-2019 Features]
  NTP Amplification:
    Monlist queries:  141
    Responses:        0  (avg size: 0 bytes)
  DNS Amplification:
    ANY queries:      0
    TXT queries:      0
    Responses:        446  (avg size: 315 bytes)
  SNMP Amplification:
    GetBulk requests: 0
    Responses:        0  (avg size: 0 bytes)
  SSDP:
    M-SEARCH packets: 0
    Responses:        982
  PortMapper:
    GETPORT calls:    964
    DUMP calls:       0
  NetBIOS:
    Name queries:     1092
    Datagram packets: 973
  LDAP:
    Bind requests:    0
    Search requests:  986
  MSSQL:
    SQLBatch packets: 962
    RPC packets:      0
  TFTP:
    RRQ (read) pkts:  0
    WRQ (write) pkts: 0

[ATTACK DETECTIONS - Cumulative Events]
  UDP flood events:   885
  UDP-lag events:     0
  SYN flood events:   0
  HTTP flood events:  0
  ICMP flood events:  0
  DNS amp events:     0
  NTP amp events:     0
  SNMP amp events:    0
  SSDP events:        0
  PortMap events:     0
  NetBIOS events:     0
  LDAP events:        0
  MSSQL events:       0
  TFTP events:        0
  ACK flood events:   0
  Frag attack events: 0
  Packet flood events:0
  (Note: Events count IPs exceeding thresholds per 50ms window)

[ALERT STATUS]
  Alert level:        [1;31mHIGH[0m
  Reason:             [1;31mUDP FLOOD detected: 13292917 UDP pps | [0m

[MULTI-LF (2025) COMPARISON]
=== Detection Performance vs ML-Based System ===

  First Detection Latency:   177.75 ms (vs MULTI-LF: 866 ms)
    Improvement:             4.9× faster

  Packets until detection:   0
  Bytes until detection:     0 (0.00 MB)

[OCTOSKETCH METRICS - Optimized Architecture]
=== Per-Worker Sketches + Sampling (1/32 packets) ===

  Architecture:              Per-worker (NO atomics, NO contention)
  Total sketch memory:       5377 KB (14 workers × 384.1 KB)
  Sampling rate:             1 in 32 packets (3.1% overhead)
  Attack traffic sampled:    6726496 updates
  Estimated attack packets:  215247872 (×32 sampling factor)
  Sketch overhead:           ~1.56% of fast-path cycles
  Memory efficiency:         O(1) constant, 384.1 KB per worker

[MULTIPLE DETECTION STATISTICS]
=== Aggregate Detection Analysis ===

  Total detection events:    885
  Average detection latency: 51.91 ms
  Min detection latency:     50.22 ms
  Max detection latency:     301.73 ms
  Latency range:             251.51 ms

  Detection Latency Histogram:
    < 20 ms:  0 detections (0.0%)
    20-30 ms: 0 detections (0.0%)
    30-40 ms: 0 detections (0.0%)
    40-50 ms: 0 detections (0.0%)
    > 50 ms:  884 detections (99.9%)

[PERFORMANCE METRICS]
  Throughput:         3.68 Gbps (1.40 Mpps)
  Cycles available:   2143 cycles/pkt (lower = higher load)
  Active IPs:         0
  Worker threads:     14 (lcores 1-14)

[DPDK NIC STATISTICS]
  RX packets (NIC):   64125576
  RX dropped (HW):    [0m0[0m (imissed)
  RX no mbufs:        [0m0[0m (buffer exhaustion)
  RX errors:          0
  Total drops:        [0m0 (0.00%)[0m
  RX burst calls:     25498160345 (99.8% empty)
  Processed pkts:     64125938 (100.0% of NIC RX)


╔═══════════════════════════════════════════════════════════════════════╗
║          MIRA DDoS DETECTOR - STATISTICS (MULTI-CORE)                ║
╚═══════════════════════════════════════════════════════════════════════╝

[PACKET COUNTERS - GLOBAL]
  Total packets:      71106196
  Baseline (10.10.2.x): 0 (0.0%)
  Attack (10.10.3.x): 71106196 (100.0%)
  TCP packets:        0
  UDP packets:        71106196
  ICMP packets:       0

[INSTANTANEOUS TRAFFIC - Last 5.0 seconds]
  Baseline (10.10.2.x): 0 pkts (0.0%)  0 bytes  0.00 Gbps
  Attack (10.10.3.x): 6980172 pkts (100.0%)  2303172230 bytes  3.68 Gbps
  Total throughput:   3.68 Gbps  (avg pkt: 330 bytes)

[CUMULATIVE TRAFFIC - Since first packet (51.0s)]
  Total received:     71106196 pkts (1.40 Mpps) | 3.68 Gbps | 23463362259 bytes

[ATTACK-SPECIFIC COUNTERS]
  SYN packets:        0
  SYN-ACK packets:    0
  SYN/ACK ratio:      0.00
  HTTP requests:      0
  DNS queries:        588

[PROTOCOL-SPECIFIC COUNTERS - CIC-DDoS-2019 Features]
  NTP Amplification:
    Monlist queries:  158
    Responses:        0  (avg size: 0 bytes)
  DNS Amplification:
    ANY queries:      0
    TXT queries:      0
    Responses:        497  (avg size: 317 bytes)
  SNMP Amplification:
    GetBulk requests: 0
    Responses:        0  (avg size: 0 bytes)
  SSDP:
    M-SEARCH packets: 0
    Responses:        1114
  PortMapper:
    GETPORT calls:    1089
    DUMP calls:       0
  NetBIOS:
    Name queries:     1200
    Datagram packets: 1073
  LDAP:
    Bind requests:    0
    Search requests:  1101
  MSSQL:
    SQLBatch packets: 1079
    RPC packets:      0
  TFTP:
    RRQ (read) pkts:  0
    WRQ (write) pkts: 0

[ATTACK DETECTIONS - Cumulative Events]
  UDP flood events:   981
  UDP-lag events:     0
  SYN flood events:   0
  HTTP flood events:  0
  ICMP flood events:  0
  DNS amp events:     0
  NTP amp events:     0
  SNMP amp events:    0
  SSDP events:        0
  PortMap events:     0
  NetBIOS events:     0
  LDAP events:        0
  MSSQL events:       0
  TFTP events:        0
  ACK flood events:   0
  Frag attack events: 0
  Packet flood events:0
  (Note: Events count IPs exceeding thresholds per 50ms window)

[ALERT STATUS]
  Alert level:        [1;31mHIGH[0m
  Reason:             [1;31mUDP FLOOD detected: 14746328 UDP pps | [0m

[MULTI-LF (2025) COMPARISON]
=== Detection Performance vs ML-Based System ===

  First Detection Latency:   177.75 ms (vs MULTI-LF: 866 ms)
    Improvement:             4.9× faster

  Packets until detection:   0
  Bytes until detection:     0 (0.00 MB)

[OCTOSKETCH METRICS - Optimized Architecture]
=== Per-Worker Sketches + Sampling (1/32 packets) ===

  Architecture:              Per-worker (NO atomics, NO contention)
  Total sketch memory:       5377 KB (14 workers × 384.1 KB)
  Sampling rate:             1 in 32 packets (3.1% overhead)
  Attack traffic sampled:    6726848 updates
  Estimated attack packets:  215259136 (×32 sampling factor)
  Sketch overhead:           ~1.56% of fast-path cycles
  Memory efficiency:         O(1) constant, 384.1 KB per worker

[MULTIPLE DETECTION STATISTICS]
=== Aggregate Detection Analysis ===

  Total detection events:    981
  Average detection latency: 51.95 ms
  Min detection latency:     50.22 ms
  Max detection latency:     301.73 ms
  Latency range:             251.51 ms

  Detection Latency Histogram:
    < 20 ms:  0 detections (0.0%)
    20-30 ms: 0 detections (0.0%)
    30-40 ms: 0 detections (0.0%)
    40-50 ms: 0 detections (0.0%)
    > 50 ms:  980 detections (99.9%)

[PERFORMANCE METRICS]
  Throughput:         3.68 Gbps (1.40 Mpps)
  Cycles available:   2143 cycles/pkt (lower = higher load)
  Active IPs:         0
  Worker threads:     14 (lcores 1-14)

[DPDK NIC STATISTICS]
  RX packets (NIC):   71105812
  RX dropped (HW):    [0m0[0m (imissed)
  RX no mbufs:        [0m0[0m (buffer exhaustion)
  RX errors:          0
  Total drops:        [0m0 (0.00%)[0m
  RX burst calls:     27429178479 (99.7% empty)
  Processed pkts:     71106196 (100.0% of NIC RX)


╔═══════════════════════════════════════════════════════════════════════╗
║          MIRA DDoS DETECTOR - STATISTICS (MULTI-CORE)                ║
╚═══════════════════════════════════════════════════════════════════════╝

[PACKET COUNTERS - GLOBAL]
  Total packets:      78082816
  Baseline (10.10.2.x): 0 (0.0%)
  Attack (10.10.3.x): 78082816 (100.0%)
  TCP packets:        0
  UDP packets:        78082816
  ICMP packets:       0

[INSTANTANEOUS TRAFFIC - Last 5.0 seconds]
  Baseline (10.10.2.x): 0 pkts (0.0%)  0 bytes  0.00 Gbps
  Attack (10.10.3.x): 6976555 pkts (100.0%)  2468248217 bytes  3.95 Gbps
  Total throughput:   3.95 Gbps  (avg pkt: 354 bytes)

[CUMULATIVE TRAFFIC - Since first packet (56.0s)]
  Total received:     78082816 pkts (1.40 Mpps) | 3.68 Gbps | 25765486074 bytes

[ATTACK-SPECIFIC COUNTERS]
  SYN packets:        0
  SYN-ACK packets:    0
  SYN/ACK ratio:      0.00
  HTTP requests:      0
  DNS queries:        650

[PROTOCOL-SPECIFIC COUNTERS - CIC-DDoS-2019 Features]
  NTP Amplification:
    Monlist queries:  173
    Responses:        0  (avg size: 0 bytes)
  DNS Amplification:
    ANY queries:      0
    TXT queries:      0
    Responses:        538  (avg size: 315 bytes)
  SNMP Amplification:
    GetBulk requests: 0
    Responses:        0  (avg size: 0 bytes)
  SSDP:
    M-SEARCH packets: 0
    Responses:        1222
  PortMapper:
    GETPORT calls:    1192
    DUMP calls:       0
  NetBIOS:
    Name queries:     1328
    Datagram packets: 1192
  LDAP:
    Bind requests:    0
    Search requests:  1207
  MSSQL:
    SQLBatch packets: 1166
    RPC packets:      0
  TFTP:
    RRQ (read) pkts:  0
    WRQ (write) pkts: 0

[ATTACK DETECTIONS - Cumulative Events]
  UDP flood events:   1076
  UDP-lag events:     1
  SYN flood events:   0
  HTTP flood events:  0
  ICMP flood events:  0
  DNS amp events:     0
  NTP amp events:     0
  SNMP amp events:    0
  SSDP events:        0
  PortMap events:     0
  NetBIOS events:     0
  LDAP events:        0
  MSSQL events:       0
  TFTP events:        0
  ACK flood events:   0
  Frag attack events: 0
  Packet flood events:0
  (Note: Events count IPs exceeding thresholds per 50ms window)

[ALERT STATUS]
  Alert level:        [1;31mHIGH[0m
  Reason:             [1;31mUDP FLOOD detected: 16354689 UDP pps | [0m

[MULTI-LF (2025) COMPARISON]
=== Detection Performance vs ML-Based System ===

  First Detection Latency:   177.75 ms (vs MULTI-LF: 866 ms)
    Improvement:             4.9× faster

  Packets until detection:   0
  Bytes until detection:     0 (0.00 MB)

[OCTOSKETCH METRICS - Optimized Architecture]
=== Per-Worker Sketches + Sampling (1/32 packets) ===

  Architecture:              Per-worker (NO atomics, NO contention)
  Total sketch memory:       5377 KB (14 workers × 384.1 KB)
  Sampling rate:             1 in 32 packets (3.1% overhead)
  Attack traffic sampled:    6653824 updates
  Estimated attack packets:  212922368 (×32 sampling factor)
  Sketch overhead:           ~1.56% of fast-path cycles
  Memory efficiency:         O(1) constant, 384.1 KB per worker

[MULTIPLE DETECTION STATISTICS]
=== Aggregate Detection Analysis ===

  Total detection events:    1076
  Average detection latency: 51.98 ms
  Min detection latency:     50.22 ms
  Max detection latency:     301.73 ms
  Latency range:             251.51 ms

  Detection Latency Histogram:
    < 20 ms:  0 detections (0.0%)
    20-30 ms: 0 detections (0.0%)
    30-40 ms: 0 detections (0.0%)
    40-50 ms: 0 detections (0.0%)
    > 50 ms:  1075 detections (99.9%)

[PERFORMANCE METRICS]
  Throughput:         3.95 Gbps (1.39 Mpps)
  Cycles available:   2144 cycles/pkt (lower = higher load)
  Active IPs:         0
  Worker threads:     14 (lcores 1-14)

[DPDK NIC STATISTICS]
  RX packets (NIC):   78082446
  RX dropped (HW):    [0m0[0m (imissed)
  RX no mbufs:        [0m0[0m (buffer exhaustion)
  RX errors:          0
  Total drops:        [0m0 (0.00%)[0m
  RX burst calls:     29359675611 (99.7% empty)
  Processed pkts:     78082816 (100.0% of NIC RX)


╔═══════════════════════════════════════════════════════════════════════╗
║          MIRA DDoS DETECTOR - STATISTICS (MULTI-CORE)                ║
╚═══════════════════════════════════════════════════════════════════════╝

[PACKET COUNTERS - GLOBAL]
  Total packets:      85064272
  Baseline (10.10.2.x): 0 (0.0%)
  Attack (10.10.3.x): 85064272 (100.0%)
  TCP packets:        0
  UDP packets:        85064272
  ICMP packets:       0

[INSTANTANEOUS TRAFFIC - Last 5.0 seconds]
  Baseline (10.10.2.x): 0 pkts (0.0%)  0 bytes  0.00 Gbps
  Attack (10.10.3.x): 6981381 pkts (100.0%)  2469924274 bytes  3.95 Gbps
  Total throughput:   3.95 Gbps  (avg pkt: 354 bytes)

[CUMULATIVE TRAFFIC - Since first packet (61.0s)]
  Total received:     85064272 pkts (1.40 Mpps) | 3.68 Gbps | 28069253412 bytes

[ATTACK-SPECIFIC COUNTERS]
  SYN packets:        0
  SYN-ACK packets:    0
  SYN/ACK ratio:      0.00
  HTTP requests:      0
  DNS queries:        709

[PROTOCOL-SPECIFIC COUNTERS - CIC-DDoS-2019 Features]
  NTP Amplification:
    Monlist queries:  188
    Responses:        0  (avg size: 0 bytes)
  DNS Amplification:
    ANY queries:      0
    TXT queries:      0
    Responses:        592  (avg size: 316 bytes)
  SNMP Amplification:
    GetBulk requests: 0
    Responses:        0  (avg size: 0 bytes)
  SSDP:
    M-SEARCH packets: 0
    Responses:        1314
  PortMapper:
    GETPORT calls:    1288
    DUMP calls:       0
  NetBIOS:
    Name queries:     1448
    Datagram packets: 1293
  LDAP:
    Bind requests:    0
    Search requests:  1311
  MSSQL:
    SQLBatch packets: 1279
    RPC packets:      0
  TFTP:
    RRQ (read) pkts:  0
    WRQ (write) pkts: 0

[ATTACK DETECTIONS - Cumulative Events]
  UDP flood events:   1171
  UDP-lag events:     1
  SYN flood events:   0
  HTTP flood events:  0
  ICMP flood events:  0
  DNS amp events:     0
  NTP amp events:     0
  SNMP amp events:    0
  SSDP events:        0
  PortMap events:     0
  NetBIOS events:     0
  LDAP events:        0
  MSSQL events:       0
  TFTP events:        0
  ACK flood events:   0
  Frag attack events: 0
  Packet flood events:0
  (Note: Events count IPs exceeding thresholds per 50ms window)

[ALERT STATUS]
  Alert level:        [1;31mHIGH[0m
  Reason:             [1;31mUDP FLOOD detected: 17823760 UDP pps | [0m

[MULTI-LF (2025) COMPARISON]
=== Detection Performance vs ML-Based System ===

  First Detection Latency:   177.75 ms (vs MULTI-LF: 866 ms)
    Improvement:             4.9× faster

  Packets until detection:   0
  Bytes until detection:     0 (0.00 MB)

[OCTOSKETCH METRICS - Optimized Architecture]
=== Per-Worker Sketches + Sampling (1/32 packets) ===

  Architecture:              Per-worker (NO atomics, NO contention)
  Total sketch memory:       5377 KB (14 workers × 384.1 KB)
  Sampling rate:             1 in 32 packets (3.1% overhead)
  Attack traffic sampled:    6657760 updates
  Estimated attack packets:  213048320 (×32 sampling factor)
  Sketch overhead:           ~1.56% of fast-path cycles
  Memory efficiency:         O(1) constant, 384.1 KB per worker

[MULTIPLE DETECTION STATISTICS]
=== Aggregate Detection Analysis ===

  Total detection events:    1171
  Average detection latency: 52.06 ms
  Min detection latency:     50.22 ms
  Max detection latency:     301.73 ms
  Latency range:             251.51 ms

  Detection Latency Histogram:
    < 20 ms:  0 detections (0.0%)
    20-30 ms: 0 detections (0.0%)
    30-40 ms: 0 detections (0.0%)
    40-50 ms: 0 detections (0.0%)
    > 50 ms:  1170 detections (99.9%)

[PERFORMANCE METRICS]
  Throughput:         3.95 Gbps (1.40 Mpps)
  Cycles available:   2143 cycles/pkt (lower = higher load)
  Active IPs:         0
  Worker threads:     14 (lcores 1-14)

[DPDK NIC STATISTICS]
  RX packets (NIC):   85063894
  RX dropped (HW):    [0m0[0m (imissed)
  RX no mbufs:        [0m0[0m (buffer exhaustion)
  RX errors:          0
  Total drops:        [0m0 (0.00%)[0m
  RX burst calls:     31289916562 (99.7% empty)
  Processed pkts:     85064272 (100.0% of NIC RX)


╔═══════════════════════════════════════════════════════════════════════╗
║          MIRA DDoS DETECTOR - STATISTICS (MULTI-CORE)                ║
╚═══════════════════════════════════════════════════════════════════════╝

[PACKET COUNTERS - GLOBAL]
  Total packets:      92044482
  Baseline (10.10.2.x): 0 (0.0%)
  Attack (10.10.3.x): 92044482 (100.0%)
  TCP packets:        0
  UDP packets:        92044482
  ICMP packets:       0

[INSTANTANEOUS TRAFFIC - Last 5.0 seconds]
  Baseline (10.10.2.x): 0 pkts (0.0%)  0 bytes  0.00 Gbps
  Attack (10.10.3.x): 6980143 pkts (100.0%)  2303284537 bytes  3.68 Gbps
  Total throughput:   3.68 Gbps  (avg pkt: 330 bytes)

[CUMULATIVE TRAFFIC - Since first packet (66.0s)]
  Total received:     92044482 pkts (1.40 Mpps) | 3.68 Gbps | 30372559919 bytes

[ATTACK-SPECIFIC COUNTERS]
  SYN packets:        0
  SYN-ACK packets:    0
  SYN/ACK ratio:      0.00
  HTTP requests:      0
  DNS queries:        757

[PROTOCOL-SPECIFIC COUNTERS - CIC-DDoS-2019 Features]
  NTP Amplification:
    Monlist queries:  206
    Responses:        0  (avg size: 0 bytes)
  DNS Amplification:
    ANY queries:      0
    TXT queries:      0
    Responses:        639  (avg size: 316 bytes)
  SNMP Amplification:
    GetBulk requests: 0
    Responses:        0  (avg size: 0 bytes)
  SSDP:
    M-SEARCH packets: 0
    Responses:        1433
  PortMapper:
    GETPORT calls:    1409
    DUMP calls:       0
  NetBIOS:
    Name queries:     1554
    Datagram packets: 1397
  LDAP:
    Bind requests:    0
    Search requests:  1421
  MSSQL:
    SQLBatch packets: 1391
    RPC packets:      0
  TFTP:
    RRQ (read) pkts:  0
    WRQ (write) pkts: 0

[ATTACK DETECTIONS - Cumulative Events]
  UDP flood events:   1266
  UDP-lag events:     1
  SYN flood events:   0
  HTTP flood events:  0
  ICMP flood events:  0
  DNS amp events:     0
  NTP amp events:     0
  SNMP amp events:    0
  SSDP events:        0
  PortMap events:     0
  NetBIOS events:     0
  LDAP events:        0
  MSSQL events:       0
  TFTP events:        0
  ACK flood events:   0
  Frag attack events: 0
  Packet flood events:0
  (Note: Events count IPs exceeding thresholds per 50ms window)

[ALERT STATUS]
  Alert level:        [1;31mHIGH[0m
  Reason:             [1;31mUDP FLOOD detected: 19482807 UDP pps | [0m

[MULTI-LF (2025) COMPARISON]
=== Detection Performance vs ML-Based System ===

  First Detection Latency:   177.75 ms (vs MULTI-LF: 866 ms)
    Improvement:             4.9× faster

  Packets until detection:   0
  Bytes until detection:     0 (0.00 MB)

[OCTOSKETCH METRICS - Optimized Architecture]
=== Per-Worker Sketches + Sampling (1/32 packets) ===

  Architecture:              Per-worker (NO atomics, NO contention)
  Total sketch memory:       5377 KB (14 workers × 384.1 KB)
  Sampling rate:             1 in 32 packets (3.1% overhead)
  Attack traffic sampled:    6587328 updates
  Estimated attack packets:  210794496 (×32 sampling factor)
  Sketch overhead:           ~1.56% of fast-path cycles
  Memory efficiency:         O(1) constant, 384.1 KB per worker

[MULTIPLE DETECTION STATISTICS]
=== Aggregate Detection Analysis ===

  Total detection events:    1266
  Average detection latency: 52.08 ms
  Min detection latency:     50.22 ms
  Max detection latency:     301.73 ms
  Latency range:             251.51 ms

  Detection Latency Histogram:
    < 20 ms:  0 detections (0.0%)
    20-30 ms: 0 detections (0.0%)
    30-40 ms: 0 detections (0.0%)
    40-50 ms: 0 detections (0.0%)
    > 50 ms:  1265 detections (99.9%)

[PERFORMANCE METRICS]
  Throughput:         3.68 Gbps (1.40 Mpps)
  Cycles available:   2143 cycles/pkt (lower = higher load)
  Active IPs:         0
  Worker threads:     14 (lcores 1-14)

[DPDK NIC STATISTICS]
  RX packets (NIC):   92044095
  RX dropped (HW):    [0m0[0m (imissed)
  RX no mbufs:        [0m0[0m (buffer exhaustion)
  RX errors:          0
  Total drops:        [0m0 (0.00%)[0m
  RX burst calls:     33219521926 (99.7% empty)
  Processed pkts:     92044482 (100.0% of NIC RX)


╔═══════════════════════════════════════════════════════════════════════╗
║          MIRA DDoS DETECTOR - STATISTICS (MULTI-CORE)                ║
╚═══════════════════════════════════════════════════════════════════════╝

[PACKET COUNTERS - GLOBAL]
  Total packets:      99023011
  Baseline (10.10.2.x): 0 (0.0%)
  Attack (10.10.3.x): 99023011 (100.0%)
  TCP packets:        0
  UDP packets:        99023011
  ICMP packets:       0

[INSTANTANEOUS TRAFFIC - Last 5.0 seconds]
  Baseline (10.10.2.x): 0 pkts (0.0%)  0 bytes  0.00 Gbps
  Attack (10.10.3.x): 6978439 pkts (100.0%)  2302712179 bytes  3.68 Gbps
  Total throughput:   3.68 Gbps  (avg pkt: 330 bytes)

[CUMULATIVE TRAFFIC - Since first packet (71.0s)]
  Total received:     99023011 pkts (1.40 Mpps) | 3.68 Gbps | 32675299705 bytes

[ATTACK-SPECIFIC COUNTERS]
  SYN packets:        0
  SYN-ACK packets:    0
  SYN/ACK ratio:      0.00
  HTTP requests:      0
  DNS queries:        821

[PROTOCOL-SPECIFIC COUNTERS - CIC-DDoS-2019 Features]
  NTP Amplification:
    Monlist queries:  220
    Responses:        0  (avg size: 0 bytes)
  DNS Amplification:
    ANY queries:      0
    TXT queries:      0
    Responses:        682  (avg size: 316 bytes)
  SNMP Amplification:
    GetBulk requests: 0
    Responses:        0  (avg size: 0 bytes)
  SSDP:
    M-SEARCH packets: 0
    Responses:        1542
  PortMapper:
    GETPORT calls:    1515
    DUMP calls:       0
  NetBIOS:
    Name queries:     1685
    Datagram packets: 1516
  LDAP:
    Bind requests:    0
    Search requests:  1536
  MSSQL:
    SQLBatch packets: 1479
    RPC packets:      0
  TFTP:
    RRQ (read) pkts:  0
    WRQ (write) pkts: 0

[ATTACK DETECTIONS - Cumulative Events]
  UDP flood events:   1361
  UDP-lag events:     1
  SYN flood events:   0
  HTTP flood events:  0
  ICMP flood events:  0
  DNS amp events:     0
  NTP amp events:     0
  SNMP amp events:    0
  SSDP events:        0
  PortMap events:     0
  NetBIOS events:     0
  LDAP events:        0
  MSSQL events:       0
  TFTP events:        0
  ACK flood events:   0
  Frag attack events: 0
  Packet flood events:0
  (Note: Events count IPs exceeding thresholds per 50ms window)

[ALERT STATUS]
  Alert level:        [1;31mHIGH[0m
  Reason:             [1;31mUDP FLOOD detected: 20966870 UDP pps | [0m

[MULTI-LF (2025) COMPARISON]
=== Detection Performance vs ML-Based System ===

  First Detection Latency:   177.75 ms (vs MULTI-LF: 866 ms)
    Improvement:             4.9× faster

  Packets until detection:   0
  Bytes until detection:     0 (0.00 MB)

[OCTOSKETCH METRICS - Optimized Architecture]
=== Per-Worker Sketches + Sampling (1/32 packets) ===

  Architecture:              Per-worker (NO atomics, NO contention)
  Total sketch memory:       5377 KB (14 workers × 384.1 KB)
  Sampling rate:             1 in 32 packets (3.1% overhead)
  Attack traffic sampled:    6586016 updates
  Estimated attack packets:  210752512 (×32 sampling factor)
  Sketch overhead:           ~1.56% of fast-path cycles
  Memory efficiency:         O(1) constant, 384.1 KB per worker

[MULTIPLE DETECTION STATISTICS]
=== Aggregate Detection Analysis ===

  Total detection events:    1361
  Average detection latency: 52.13 ms
  Min detection latency:     50.22 ms
  Max detection latency:     301.73 ms
  Latency range:             251.51 ms

  Detection Latency Histogram:
    < 20 ms:  0 detections (0.0%)
    20-30 ms: 0 detections (0.0%)
    30-40 ms: 0 detections (0.0%)
    40-50 ms: 0 detections (0.0%)
    > 50 ms:  1360 detections (99.9%)

[PERFORMANCE METRICS]
  Throughput:         3.68 Gbps (1.39 Mpps)
  Cycles available:   2144 cycles/pkt (lower = higher load)
  Active IPs:         0
  Worker threads:     14 (lcores 1-14)

[DPDK NIC STATISTICS]
  RX packets (NIC):   99022633
  RX dropped (HW):    [0m0[0m (imissed)
  RX no mbufs:        [0m0[0m (buffer exhaustion)
  RX errors:          0
  Total drops:        [0m0 (0.00%)[0m
  RX burst calls:     35149049633 (99.7% empty)
  Processed pkts:     99023011 (100.0% of NIC RX)


╔═══════════════════════════════════════════════════════════════════════╗
║          MIRA DDoS DETECTOR - STATISTICS (MULTI-CORE)                ║
╚═══════════════════════════════════════════════════════════════════════╝

[PACKET COUNTERS - GLOBAL]
  Total packets:      106003048
  Baseline (10.10.2.x): 0 (0.0%)
  Attack (10.10.3.x): 106003048 (100.0%)
  TCP packets:        0
  UDP packets:        106003048
  ICMP packets:       0

[INSTANTANEOUS TRAFFIC - Last 5.0 seconds]
  Baseline (10.10.2.x): 0 pkts (0.0%)  0 bytes  0.00 Gbps
  Attack (10.10.3.x): 6979966 pkts (100.0%)  2303256182 bytes  3.68 Gbps
  Total throughput:   3.68 Gbps  (avg pkt: 330 bytes)

[CUMULATIVE TRAFFIC - Since first packet (76.0s)]
  Total received:     106003048 pkts (1.40 Mpps) | 3.68 Gbps | 34978578862 bytes

[ATTACK-SPECIFIC COUNTERS]
  SYN packets:        0
  SYN-ACK packets:    0
  SYN/ACK ratio:      0.00
  HTTP requests:      0
  DNS queries:        879

[PROTOCOL-SPECIFIC COUNTERS - CIC-DDoS-2019 Features]
  NTP Amplification:
    Monlist queries:  232
    Responses:        0  (avg size: 0 bytes)
  DNS Amplification:
    ANY queries:      0
    TXT queries:      0
    Responses:        737  (avg size: 316 bytes)
  SNMP Amplification:
    GetBulk requests: 0
    Responses:        0  (avg size: 0 bytes)
  SSDP:
    M-SEARCH packets: 0
    Responses:        1642
  PortMapper:
    GETPORT calls:    1603
    DUMP calls:       0
  NetBIOS:
    Name queries:     1803
    Datagram packets: 1612
  LDAP:
    Bind requests:    0
    Search requests:  1633
  MSSQL:
    SQLBatch packets: 1590
    RPC packets:      0
  TFTP:
    RRQ (read) pkts:  0
    WRQ (write) pkts: 0

[ATTACK DETECTIONS - Cumulative Events]
  UDP flood events:   1457
  UDP-lag events:     1
  SYN flood events:   0
  HTTP flood events:  0
  ICMP flood events:  0
  DNS amp events:     0
  NTP amp events:     0
  SNMP amp events:    0
  SSDP events:        0
  PortMap events:     0
  NetBIOS events:     0
  LDAP events:        0
  MSSQL events:       0
  TFTP events:        0
  ACK flood events:   0
  Frag attack events: 0
  Packet flood events:0
  (Note: Events count IPs exceeding thresholds per 50ms window)

[ALERT STATUS]
  Alert level:        [1;31mHIGH[0m
  Reason:             [1;31mUDP FLOOD detected: 22451188 UDP pps | [0m

[MULTI-LF (2025) COMPARISON]
=== Detection Performance vs ML-Based System ===

  First Detection Latency:   177.75 ms (vs MULTI-LF: 866 ms)
    Improvement:             4.9× faster

  Packets until detection:   0
  Bytes until detection:     0 (0.00 MB)

[OCTOSKETCH METRICS - Optimized Architecture]
=== Per-Worker Sketches + Sampling (1/32 packets) ===

  Architecture:              Per-worker (NO atomics, NO contention)
  Total sketch memory:       5377 KB (14 workers × 384.1 KB)
  Sampling rate:             1 in 32 packets (3.1% overhead)
  Attack traffic sampled:    6586272 updates
  Estimated attack packets:  210760704 (×32 sampling factor)
  Sketch overhead:           ~1.56% of fast-path cycles
  Memory efficiency:         O(1) constant, 384.1 KB per worker

[MULTIPLE DETECTION STATISTICS]
=== Aggregate Detection Analysis ===

  Total detection events:    1457
  Average detection latency: 52.15 ms
  Min detection latency:     50.22 ms
  Max detection latency:     301.73 ms
  Latency range:             251.51 ms

  Detection Latency Histogram:
    < 20 ms:  0 detections (0.0%)
    20-30 ms: 0 detections (0.0%)
    30-40 ms: 0 detections (0.0%)
    40-50 ms: 0 detections (0.0%)
    > 50 ms:  1456 detections (99.9%)

[PERFORMANCE METRICS]
  Throughput:         3.68 Gbps (1.40 Mpps)
  Cycles available:   2143 cycles/pkt (lower = higher load)
  Active IPs:         0
  Worker threads:     14 (lcores 1-14)

[DPDK NIC STATISTICS]
  RX packets (NIC):   106002670
  RX dropped (HW):    [0m0[0m (imissed)
  RX no mbufs:        [0m0[0m (buffer exhaustion)
  RX errors:          0
  Total drops:        [0m0 (0.00%)[0m
  RX burst calls:     37078257636 (99.7% empty)
  Processed pkts:     106003048 (100.0% of NIC RX)


╔═══════════════════════════════════════════════════════════════════════╗
║          MIRA DDoS DETECTOR - STATISTICS (MULTI-CORE)                ║
╚═══════════════════════════════════════════════════════════════════════╝

[PACKET COUNTERS - GLOBAL]
  Total packets:      112982314
  Baseline (10.10.2.x): 0 (0.0%)
  Attack (10.10.3.x): 112982314 (100.0%)
  TCP packets:        0
  UDP packets:        112982314
  ICMP packets:       0

[INSTANTANEOUS TRAFFIC - Last 5.0 seconds]
  Baseline (10.10.2.x): 0 pkts (0.0%)  0 bytes  0.00 Gbps
  Attack (10.10.3.x): 6979193 pkts (100.0%)  2303092271 bytes  3.68 Gbps
  Total throughput:   3.68 Gbps  (avg pkt: 330 bytes)

[CUMULATIVE TRAFFIC - Since first packet (81.0s)]
  Total received:     112982314 pkts (1.40 Mpps) | 3.68 Gbps | 37281693934 bytes

[ATTACK-SPECIFIC COUNTERS]
  SYN packets:        0
  SYN-ACK packets:    0
  SYN/ACK ratio:      0.00
  HTTP requests:      0
  DNS queries:        933

[PROTOCOL-SPECIFIC COUNTERS - CIC-DDoS-2019 Features]
  NTP Amplification:
    Monlist queries:  250
    Responses:        0  (avg size: 0 bytes)
  DNS Amplification:
    ANY queries:      0
    TXT queries:      0
    Responses:        782  (avg size: 316 bytes)
  SNMP Amplification:
    GetBulk requests: 0
    Responses:        0  (avg size: 0 bytes)
  SSDP:
    M-SEARCH packets: 0
    Responses:        1766
  PortMapper:
    GETPORT calls:    1728
    DUMP calls:       0
  NetBIOS:
    Name queries:     1916
    Datagram packets: 1716
  LDAP:
    Bind requests:    0
    Search requests:  1745
  MSSQL:
    SQLBatch packets: 1699
    RPC packets:      0
  TFTP:
    RRQ (read) pkts:  0
    WRQ (write) pkts: 0

[ATTACK DETECTIONS - Cumulative Events]
  UDP flood events:   1552
  UDP-lag events:     1
  SYN flood events:   0
  HTTP flood events:  0
  ICMP flood events:  0
  DNS amp events:     0
  NTP amp events:     0
  SNMP amp events:    0
  SSDP events:        0
  PortMap events:     0
  NetBIOS events:     0
  LDAP events:        0
  MSSQL events:       0
  TFTP events:        0
  ACK flood events:   0
  Frag attack events: 0
  Packet flood events:0
  (Note: Events count IPs exceeding thresholds per 50ms window)

[ALERT STATUS]
  Alert level:        [1;31mHIGH[0m
  Reason:             [1;31mUDP FLOOD detected: 24177808 UDP pps | [0m

[MULTI-LF (2025) COMPARISON]
=== Detection Performance vs ML-Based System ===

  First Detection Latency:   177.75 ms (vs MULTI-LF: 866 ms)
    Improvement:             4.9× faster

  Packets until detection:   0
  Bytes until detection:     0 (0.00 MB)

[OCTOSKETCH METRICS - Optimized Architecture]
=== Per-Worker Sketches + Sampling (1/32 packets) ===

  Architecture:              Per-worker (NO atomics, NO contention)
  Total sketch memory:       5377 KB (14 workers × 384.1 KB)
  Sampling rate:             1 in 32 packets (3.1% overhead)
  Attack traffic sampled:    6515424 updates
  Estimated attack packets:  208493568 (×32 sampling factor)
  Sketch overhead:           ~1.56% of fast-path cycles
  Memory efficiency:         O(1) constant, 384.1 KB per worker

[MULTIPLE DETECTION STATISTICS]
=== Aggregate Detection Analysis ===

  Total detection events:    1552
  Average detection latency: 52.16 ms
  Min detection latency:     50.22 ms
  Max detection latency:     301.73 ms
  Latency range:             251.51 ms

  Detection Latency Histogram:
    < 20 ms:  0 detections (0.0%)
    20-30 ms: 0 detections (0.0%)
    30-40 ms: 0 detections (0.0%)
    40-50 ms: 0 detections (0.0%)
    > 50 ms:  1551 detections (99.9%)

[PERFORMANCE METRICS]
  Throughput:         3.68 Gbps (1.39 Mpps)
  Cycles available:   2143 cycles/pkt (lower = higher load)
  Active IPs:         0
  Worker threads:     14 (lcores 1-14)

[DPDK NIC STATISTICS]
  RX packets (NIC):   112981956
  RX dropped (HW):    [0m0[0m (imissed)
  RX no mbufs:        [0m0[0m (buffer exhaustion)
  RX errors:          0
  Total drops:        [0m0 (0.00%)[0m
  RX burst calls:     39007207682 (99.7% empty)
  Processed pkts:     112982314 (100.0% of NIC RX)


╔═══════════════════════════════════════════════════════════════════════╗
║          MIRA DDoS DETECTOR - STATISTICS (MULTI-CORE)                ║
╚═══════════════════════════════════════════════════════════════════════╝

[PACKET COUNTERS - GLOBAL]
  Total packets:      119960672
  Baseline (10.10.2.x): 0 (0.0%)
  Attack (10.10.3.x): 119960672 (100.0%)
  TCP packets:        0
  UDP packets:        119960672
  ICMP packets:       0

[INSTANTANEOUS TRAFFIC - Last 5.0 seconds]
  Baseline (10.10.2.x): 0 pkts (0.0%)  0 bytes  0.00 Gbps
  Attack (10.10.3.x): 6978297 pkts (100.0%)  2302593396 bytes  3.68 Gbps
  Total throughput:   3.68 Gbps  (avg pkt: 330 bytes)

[CUMULATIVE TRAFFIC - Since first packet (86.0s)]
  Total received:     119960672 pkts (1.40 Mpps) | 3.68 Gbps | 39584306765 bytes

[ATTACK-SPECIFIC COUNTERS]
  SYN packets:        0
  SYN-ACK packets:    0
  SYN/ACK ratio:      0.00
  HTTP requests:      0
  DNS queries:        990

[PROTOCOL-SPECIFIC COUNTERS - CIC-DDoS-2019 Features]
  NTP Amplification:
    Monlist queries:  264
    Responses:        0  (avg size: 0 bytes)
  DNS Amplification:
    ANY queries:      0
    TXT queries:      0
    Responses:        827  (avg size: 316 bytes)
  SNMP Amplification:
    GetBulk requests: 0
    Responses:        0  (avg size: 0 bytes)
  SSDP:
    M-SEARCH packets: 0
    Responses:        1858
  PortMapper:
    GETPORT calls:    1836
    DUMP calls:       0
  NetBIOS:
    Name queries:     2046
    Datagram packets: 1841
  LDAP:
    Bind requests:    0
    Search requests:  1860
  MSSQL:
    SQLBatch packets: 1788
    RPC packets:      0
  TFTP:
    RRQ (read) pkts:  0
    WRQ (write) pkts: 0

[ATTACK DETECTIONS - Cumulative Events]
  UDP flood events:   1647
  UDP-lag events:     1
  SYN flood events:   0
  HTTP flood events:  0
  ICMP flood events:  0
  DNS amp events:     0
  NTP amp events:     0
  SNMP amp events:    0
  SSDP events:        0
  PortMap events:     0
  NetBIOS events:     0
  LDAP events:        0
  MSSQL events:       0
  TFTP events:        0
  ACK flood events:   0
  Frag attack events: 0
  Packet flood events:0
  (Note: Events count IPs exceeding thresholds per 50ms window)

[ALERT STATUS]
  Alert level:        [1;31mHIGH[0m
  Reason:             [1;31mUDP FLOOD detected: 25677454 UDP pps | [0m

[MULTI-LF (2025) COMPARISON]
=== Detection Performance vs ML-Based System ===

  First Detection Latency:   177.75 ms (vs MULTI-LF: 866 ms)
    Improvement:             4.9× faster

  Packets until detection:   0
  Bytes until detection:     0 (0.00 MB)

[OCTOSKETCH METRICS - Optimized Architecture]
=== Per-Worker Sketches + Sampling (1/32 packets) ===

  Architecture:              Per-worker (NO atomics, NO contention)
  Total sketch memory:       5377 KB (14 workers × 384.1 KB)
  Sampling rate:             1 in 32 packets (3.1% overhead)
  Attack traffic sampled:    6515744 updates
  Estimated attack packets:  208503808 (×32 sampling factor)
  Sketch overhead:           ~1.56% of fast-path cycles
  Memory efficiency:         O(1) constant, 384.1 KB per worker

[MULTIPLE DETECTION STATISTICS]
=== Aggregate Detection Analysis ===

  Total detection events:    1647
  Average detection latency: 52.20 ms
  Min detection latency:     50.22 ms
  Max detection latency:     301.73 ms
  Latency range:             251.51 ms

  Detection Latency Histogram:
    < 20 ms:  0 detections (0.0%)
    20-30 ms: 0 detections (0.0%)
    30-40 ms: 0 detections (0.0%)
    40-50 ms: 0 detections (0.0%)
    > 50 ms:  1646 detections (99.9%)

[PERFORMANCE METRICS]
  Throughput:         3.68 Gbps (1.39 Mpps)
  Cycles available:   2144 cycles/pkt (lower = higher load)
  Active IPs:         0
  Worker threads:     14 (lcores 1-14)

[DPDK NIC STATISTICS]
  RX packets (NIC):   119960319
  RX dropped (HW):    [0m0[0m (imissed)
  RX no mbufs:        [0m0[0m (buffer exhaustion)
  RX errors:          0
  Total drops:        [0m0 (0.00%)[0m
  RX burst calls:     40936247026 (99.7% empty)
  Processed pkts:     119960672 (100.0% of NIC RX)


╔═══════════════════════════════════════════════════════════════════════╗
║          MIRA DDoS DETECTOR - STATISTICS (MULTI-CORE)                ║
╚═══════════════════════════════════════════════════════════════════════╝

[PACKET COUNTERS - GLOBAL]
  Total packets:      126943549
  Baseline (10.10.2.x): 0 (0.0%)
  Attack (10.10.3.x): 126943549 (100.0%)
  TCP packets:        0
  UDP packets:        126943549
  ICMP packets:       0

[INSTANTANEOUS TRAFFIC - Last 5.0 seconds]
  Baseline (10.10.2.x): 0 pkts (0.0%)  0 bytes  0.00 Gbps
  Attack (10.10.3.x): 6982807 pkts (100.0%)  2304096604 bytes  3.68 Gbps
  Total throughput:   3.68 Gbps  (avg pkt: 330 bytes)

[CUMULATIVE TRAFFIC - Since first packet (91.0s)]
  Total received:     126943549 pkts (1.40 Mpps) | 3.68 Gbps | 41888426113 bytes

[ATTACK-SPECIFIC COUNTERS]
  SYN packets:        0
  SYN-ACK packets:    0
  SYN/ACK ratio:      0.00
  HTTP requests:      0
  DNS queries:        1050

[PROTOCOL-SPECIFIC COUNTERS - CIC-DDoS-2019 Features]
  NTP Amplification:
    Monlist queries:  278
    Responses:        0  (avg size: 0 bytes)
  DNS Amplification:
    ANY queries:      0
    TXT queries:      0
    Responses:        883  (avg size: 316 bytes)
  SNMP Amplification:
    GetBulk requests: 0
    Responses:        0  (avg size: 0 bytes)
  SSDP:
    M-SEARCH packets: 0
    Responses:        1963
  PortMapper:
    GETPORT calls:    1918
    DUMP calls:       0
  NetBIOS:
    Name queries:     2161
    Datagram packets: 1938
  LDAP:
    Bind requests:    0
    Search requests:  1958
  MSSQL:
    SQLBatch packets: 1901
    RPC packets:      0
  TFTP:
    RRQ (read) pkts:  0
    WRQ (write) pkts: 0

[ATTACK DETECTIONS - Cumulative Events]
  UDP flood events:   1742
  UDP-lag events:     1
  SYN flood events:   0
  HTTP flood events:  0
  ICMP flood events:  0
  DNS amp events:     0
  NTP amp events:     0
  SNMP amp events:    0
  SSDP events:        0
  PortMap events:     0
  NetBIOS events:     0
  LDAP events:        0
  MSSQL events:       0
  TFTP events:        0
  ACK flood events:   0
  Frag attack events: 0
  Packet flood events:0
  (Note: Events count IPs exceeding thresholds per 50ms window)

[ALERT STATUS]
  Alert level:        [1;31mHIGH[0m
  Reason:             [1;31mUDP FLOOD detected: 27458795 UDP pps | [0m

[MULTI-LF (2025) COMPARISON]
=== Detection Performance vs ML-Based System ===

  First Detection Latency:   177.75 ms (vs MULTI-LF: 866 ms)
    Improvement:             4.9× faster

  Packets until detection:   0
  Bytes until detection:     0 (0.00 MB)

[OCTOSKETCH METRICS - Optimized Architecture]
=== Per-Worker Sketches + Sampling (1/32 packets) ===

  Architecture:              Per-worker (NO atomics, NO contention)
  Total sketch memory:       5377 KB (14 workers × 384.1 KB)
  Sampling rate:             1 in 32 packets (3.1% overhead)
  Attack traffic sampled:    6449120 updates
  Estimated attack packets:  206371840 (×32 sampling factor)
  Sketch overhead:           ~1.56% of fast-path cycles
  Memory efficiency:         O(1) constant, 384.1 KB per worker

[MULTIPLE DETECTION STATISTICS]
=== Aggregate Detection Analysis ===

  Total detection events:    1742
  Average detection latency: 52.21 ms
  Min detection latency:     50.22 ms
  Max detection latency:     301.73 ms
  Latency range:             251.51 ms

  Detection Latency Histogram:
    < 20 ms:  0 detections (0.0%)
    20-30 ms: 0 detections (0.0%)
    30-40 ms: 0 detections (0.0%)
    40-50 ms: 0 detections (0.0%)
    > 50 ms:  1741 detections (99.9%)

[PERFORMANCE METRICS]
  Throughput:         3.68 Gbps (1.40 Mpps)
  Cycles available:   2142 cycles/pkt (lower = higher load)
  Active IPs:         0
  Worker threads:     14 (lcores 1-14)

[DPDK NIC STATISTICS]
  RX packets (NIC):   126943193
  RX dropped (HW):    [0m0[0m (imissed)
  RX no mbufs:        [0m0[0m (buffer exhaustion)
  RX errors:          0
  Total drops:        [0m0 (0.00%)[0m
  RX burst calls:     42864985114 (99.7% empty)
  Processed pkts:     126943549 (100.0% of NIC RX)


╔═══════════════════════════════════════════════════════════════════════╗
║          MIRA DDoS DETECTOR - STATISTICS (MULTI-CORE)                ║
╚═══════════════════════════════════════════════════════════════════════╝

[PACKET COUNTERS - GLOBAL]
  Total packets:      133923254
  Baseline (10.10.2.x): 0 (0.0%)
  Attack (10.10.3.x): 133923254 (100.0%)
  TCP packets:        0
  UDP packets:        133923254
  ICMP packets:       0

[INSTANTANEOUS TRAFFIC - Last 5.0 seconds]
  Baseline (10.10.2.x): 0 pkts (0.0%)  0 bytes  0.00 Gbps
  Attack (10.10.3.x): 6979636 pkts (100.0%)  2302992917 bytes  3.68 Gbps
  Total throughput:   3.68 Gbps  (avg pkt: 330 bytes)

[CUMULATIVE TRAFFIC - Since first packet (96.0s)]
  Total received:     133923254 pkts (1.40 Mpps) | 3.68 Gbps | 44191441046 bytes

[ATTACK-SPECIFIC COUNTERS]
  SYN packets:        0
  SYN-ACK packets:    0
  SYN/ACK ratio:      0.00
  HTTP requests:      0
  DNS queries:        1108

[PROTOCOL-SPECIFIC COUNTERS - CIC-DDoS-2019 Features]
  NTP Amplification:
    Monlist queries:  297
    Responses:        0  (avg size: 0 bytes)
  DNS Amplification:
    ANY queries:      0
    TXT queries:      0
    Responses:        923  (avg size: 316 bytes)
  SNMP Amplification:
    GetBulk requests: 0
    Responses:        0  (avg size: 0 bytes)
  SSDP:
    M-SEARCH packets: 0
    Responses:        2094
  PortMapper:
    GETPORT calls:    2044
    DUMP calls:       0
  NetBIOS:
    Name queries:     2274
    Datagram packets: 2038
  LDAP:
    Bind requests:    0
    Search requests:  2065
  MSSQL:
    SQLBatch packets: 2013
    RPC packets:      0
  TFTP:
    RRQ (read) pkts:  0
    WRQ (write) pkts: 0

[ATTACK DETECTIONS - Cumulative Events]
  UDP flood events:   1837
  UDP-lag events:     1
  SYN flood events:   0
  HTTP flood events:  0
  ICMP flood events:  0
  DNS amp events:     0
  NTP amp events:     0
  SNMP amp events:    0
  SSDP events:        0
  PortMap events:     0
  NetBIOS events:     0
  LDAP events:        0
  MSSQL events:       0
  TFTP events:        0
  ACK flood events:   0
  Frag attack events: 0
  Packet flood events:0
  (Note: Events count IPs exceeding thresholds per 50ms window)

[ALERT STATUS]
  Alert level:        [1;31mHIGH[0m
  Reason:             [1;31mUDP FLOOD detected: 28975468 UDP pps | [0m

[MULTI-LF (2025) COMPARISON]
=== Detection Performance vs ML-Based System ===

  First Detection Latency:   177.75 ms (vs MULTI-LF: 866 ms)
    Improvement:             4.9× faster

  Packets until detection:   0
  Bytes until detection:     0 (0.00 MB)

[OCTOSKETCH METRICS - Optimized Architecture]
=== Per-Worker Sketches + Sampling (1/32 packets) ===

  Architecture:              Per-worker (NO atomics, NO contention)
  Total sketch memory:       5377 KB (14 workers × 384.1 KB)
  Sampling rate:             1 in 32 packets (3.1% overhead)
  Attack traffic sampled:    6447168 updates
  Estimated attack packets:  206309376 (×32 sampling factor)
  Sketch overhead:           ~1.56% of fast-path cycles
  Memory efficiency:         O(1) constant, 384.1 KB per worker

[MULTIPLE DETECTION STATISTICS]
=== Aggregate Detection Analysis ===

  Total detection events:    1837
  Average detection latency: 52.24 ms
  Min detection latency:     50.22 ms
  Max detection latency:     301.73 ms
  Latency range:             251.51 ms

  Detection Latency Histogram:
    < 20 ms:  0 detections (0.0%)
    20-30 ms: 0 detections (0.0%)
    30-40 ms: 0 detections (0.0%)
    40-50 ms: 0 detections (0.0%)
    > 50 ms:  1836 detections (99.9%)

[PERFORMANCE METRICS]
  Throughput:         3.68 Gbps (1.40 Mpps)
  Cycles available:   2143 cycles/pkt (lower = higher load)
  Active IPs:         0
  Worker threads:     14 (lcores 1-14)

[DPDK NIC STATISTICS]
  RX packets (NIC):   133922912
  RX dropped (HW):    [0m0[0m (imissed)
  RX no mbufs:        [0m0[0m (buffer exhaustion)
  RX errors:          0
  Total drops:        [0m0 (0.00%)[0m
  RX burst calls:     44793758195 (99.7% empty)
  Processed pkts:     133923254 (100.0% of NIC RX)


╔═══════════════════════════════════════════════════════════════════════╗
║          MIRA DDoS DETECTOR - STATISTICS (MULTI-CORE)                ║
╚═══════════════════════════════════════════════════════════════════════╝

[PACKET COUNTERS - GLOBAL]
  Total packets:      140904634
  Baseline (10.10.2.x): 0 (0.0%)
  Attack (10.10.3.x): 140904634 (100.0%)
  TCP packets:        0
  UDP packets:        140904634
  ICMP packets:       0

[INSTANTANEOUS TRAFFIC - Last 5.0 seconds]
  Baseline (10.10.2.x): 0 pkts (0.0%)  0 bytes  0.00 Gbps
  Attack (10.10.3.x): 6981295 pkts (100.0%)  2303760952 bytes  3.68 Gbps
  Total throughput:   3.68 Gbps  (avg pkt: 330 bytes)

[CUMULATIVE TRAFFIC - Since first packet (101.0s)]
  Total received:     140904634 pkts (1.40 Mpps) | 3.68 Gbps | 46495231663 bytes

[ATTACK-SPECIFIC COUNTERS]
  SYN packets:        0
  SYN-ACK packets:    0
  SYN/ACK ratio:      0.00
  HTTP requests:      0
  DNS queries:        1163

[PROTOCOL-SPECIFIC COUNTERS - CIC-DDoS-2019 Features]
  NTP Amplification:
    Monlist queries:  312
    Responses:        0  (avg size: 0 bytes)
  DNS Amplification:
    ANY queries:      0
    TXT queries:      0
    Responses:        974  (avg size: 316 bytes)
  SNMP Amplification:
    GetBulk requests: 0
    Responses:        0  (avg size: 0 bytes)
  SSDP:
    M-SEARCH packets: 0
    Responses:        2183
  PortMapper:
    GETPORT calls:    2148
    DUMP calls:       0
  NetBIOS:
    Name queries:     2402
    Datagram packets: 2164
  LDAP:
    Bind requests:    0
    Search requests:  2185
  MSSQL:
    SQLBatch packets: 2105
    RPC packets:      0
  TFTP:
    RRQ (read) pkts:  0
    WRQ (write) pkts: 0

[ATTACK DETECTIONS - Cumulative Events]
  UDP flood events:   1933
  UDP-lag events:     1
  SYN flood events:   0
  HTTP flood events:  0
  ICMP flood events:  0
  DNS amp events:     0
  NTP amp events:     0
  SNMP amp events:    0
  SSDP events:        0
  PortMap events:     0
  NetBIOS events:     0
  LDAP events:        0
  MSSQL events:       0
  TFTP events:        0
  ACK flood events:   0
  Frag attack events: 0
  Packet flood events:0
  (Note: Events count IPs exceeding thresholds per 50ms window)

[ALERT STATUS]
  Alert level:        [1;31mHIGH[0m
  Reason:             [1;31mUDP FLOOD detected: 30491874 UDP pps | [0m

[MULTI-LF (2025) COMPARISON]
=== Detection Performance vs ML-Based System ===

  First Detection Latency:   177.75 ms (vs MULTI-LF: 866 ms)
    Improvement:             4.9× faster

  Packets until detection:   0
  Bytes until detection:     0 (0.00 MB)

[OCTOSKETCH METRICS - Optimized Architecture]
=== Per-Worker Sketches + Sampling (1/32 packets) ===

  Architecture:              Per-worker (NO atomics, NO contention)
  Total sketch memory:       5377 KB (14 workers × 384.1 KB)
  Sampling rate:             1 in 32 packets (3.1% overhead)
  Attack traffic sampled:    6446432 updates
  Estimated attack packets:  206285824 (×32 sampling factor)
  Sketch overhead:           ~1.56% of fast-path cycles
  Memory efficiency:         O(1) constant, 384.1 KB per worker

[MULTIPLE DETECTION STATISTICS]
=== Aggregate Detection Analysis ===

  Total detection events:    1933
  Average detection latency: 52.25 ms
  Min detection latency:     50.22 ms
  Max detection latency:     301.73 ms
  Latency range:             251.51 ms

  Detection Latency Histogram:
    < 20 ms:  0 detections (0.0%)
    20-30 ms: 0 detections (0.0%)
    30-40 ms: 0 detections (0.0%)
    40-50 ms: 0 detections (0.0%)
    > 50 ms:  1932 detections (99.9%)

[PERFORMANCE METRICS]
  Throughput:         3.68 Gbps (1.40 Mpps)
  Cycles available:   2143 cycles/pkt (lower = higher load)
  Active IPs:         0
  Worker threads:     14 (lcores 1-14)

[DPDK NIC STATISTICS]
  RX packets (NIC):   140904235
  RX dropped (HW):    [0m0[0m (imissed)
  RX no mbufs:        [0m0[0m (buffer exhaustion)
  RX errors:          0
  Total drops:        [0m0 (0.00%)[0m
  RX burst calls:     46722177708 (99.7% empty)
  Processed pkts:     140904634 (100.0% of NIC RX)


╔═══════════════════════════════════════════════════════════════════════╗
║          MIRA DDoS DETECTOR - STATISTICS (MULTI-CORE)                ║
╚═══════════════════════════════════════════════════════════════════════╝

[PACKET COUNTERS - GLOBAL]
  Total packets:      147882445
  Baseline (10.10.2.x): 0 (0.0%)
  Attack (10.10.3.x): 147882445 (100.0%)
  TCP packets:        0
  UDP packets:        147882445
  ICMP packets:       0

[INSTANTANEOUS TRAFFIC - Last 5.0 seconds]
  Baseline (10.10.2.x): 0 pkts (0.0%)  0 bytes  0.00 Gbps
  Attack (10.10.3.x): 6977746 pkts (100.0%)  2468468742 bytes  3.95 Gbps
  Total throughput:   3.95 Gbps  (avg pkt: 354 bytes)

[CUMULATIVE TRAFFIC - Since first packet (106.0s)]
  Total received:     147882445 pkts (1.40 Mpps) | 3.68 Gbps | 48797453585 bytes

[ATTACK-SPECIFIC COUNTERS]
  SYN packets:        0
  SYN-ACK packets:    0
  SYN/ACK ratio:      0.00
  HTTP requests:      0
  DNS queries:        1220

[PROTOCOL-SPECIFIC COUNTERS - CIC-DDoS-2019 Features]
  NTP Amplification:
    Monlist queries:  324
    Responses:        0  (avg size: 0 bytes)
  DNS Amplification:
    ANY queries:      0
    TXT queries:      0
    Responses:        1028  (avg size: 316 bytes)
  SNMP Amplification:
    GetBulk requests: 0
    Responses:        0  (avg size: 0 bytes)
  SSDP:
    M-SEARCH packets: 0
    Responses:        2293
  PortMapper:
    GETPORT calls:    2242
    DUMP calls:       0
  NetBIOS:
    Name queries:     2520
    Datagram packets: 2254
  LDAP:
    Bind requests:    0
    Search requests:  2286
  MSSQL:
    SQLBatch packets: 2216
    RPC packets:      0
  TFTP:
    RRQ (read) pkts:  0
    WRQ (write) pkts: 0

[ATTACK DETECTIONS - Cumulative Events]
  UDP flood events:   2028
  UDP-lag events:     2
  SYN flood events:   0
  HTTP flood events:  0
  ICMP flood events:  0
  DNS amp events:     0
  NTP amp events:     0
  SNMP amp events:    0
  SSDP events:        0
  PortMap events:     0
  NetBIOS events:     0
  LDAP events:        0
  MSSQL events:       0
  TFTP events:        0
  ACK flood events:   0
  Frag attack events: 0
  Packet flood events:0
  (Note: Events count IPs exceeding thresholds per 50ms window)

[ALERT STATUS]
  Alert level:        [1;31mHIGH[0m
  Reason:             [1;31mUDP FLOOD detected: 32344344 UDP pps | [0m

[MULTI-LF (2025) COMPARISON]
=== Detection Performance vs ML-Based System ===

  First Detection Latency:   177.75 ms (vs MULTI-LF: 866 ms)
    Improvement:             4.9× faster

  Packets until detection:   0
  Bytes until detection:     0 (0.00 MB)

[OCTOSKETCH METRICS - Optimized Architecture]
=== Per-Worker Sketches + Sampling (1/32 packets) ===

  Architecture:              Per-worker (NO atomics, NO contention)
  Total sketch memory:       5377 KB (14 workers × 384.1 KB)
  Sampling rate:             1 in 32 packets (3.1% overhead)
  Attack traffic sampled:    6375136 updates
  Estimated attack packets:  204004352 (×32 sampling factor)
  Sketch overhead:           ~1.56% of fast-path cycles
  Memory efficiency:         O(1) constant, 384.1 KB per worker

[MULTIPLE DETECTION STATISTICS]
=== Aggregate Detection Analysis ===

  Total detection events:    2028
  Average detection latency: 52.25 ms
  Min detection latency:     50.22 ms
  Max detection latency:     301.73 ms
  Latency range:             251.51 ms

  Detection Latency Histogram:
    < 20 ms:  0 detections (0.0%)
    20-30 ms: 0 detections (0.0%)
    30-40 ms: 0 detections (0.0%)
    40-50 ms: 0 detections (0.0%)
    > 50 ms:  2027 detections (100.0%)

[PERFORMANCE METRICS]
  Throughput:         3.95 Gbps (1.39 Mpps)
  Cycles available:   2144 cycles/pkt (lower = higher load)
  Active IPs:         0
  Worker threads:     14 (lcores 1-14)

[DPDK NIC STATISTICS]
  RX packets (NIC):   147882086
  RX dropped (HW):    [0m0[0m (imissed)
  RX no mbufs:        [0m0[0m (buffer exhaustion)
  RX errors:          0
  Total drops:        [0m0 (0.00%)[0m
  RX burst calls:     48650651948 (99.7% empty)
  Processed pkts:     147882445 (100.0% of NIC RX)


╔═══════════════════════════════════════════════════════════════════════╗
║          MIRA DDoS DETECTOR - STATISTICS (MULTI-CORE)                ║
╚═══════════════════════════════════════════════════════════════════════╝

[PACKET COUNTERS - GLOBAL]
  Total packets:      154862578
  Baseline (10.10.2.x): 0 (0.0%)
  Attack (10.10.3.x): 154862578 (100.0%)
  TCP packets:        0
  UDP packets:        154862578
  ICMP packets:       0

[INSTANTANEOUS TRAFFIC - Last 5.0 seconds]
  Baseline (10.10.2.x): 0 pkts (0.0%)  0 bytes  0.00 Gbps
  Attack (10.10.3.x): 6980068 pkts (100.0%)  2303545621 bytes  3.68 Gbps
  Total throughput:   3.68 Gbps  (avg pkt: 330 bytes)

[CUMULATIVE TRAFFIC - Since first packet (111.0s)]
  Total received:     154862578 pkts (1.40 Mpps) | 3.68 Gbps | 51101020441 bytes

[ATTACK-SPECIFIC COUNTERS]
  SYN packets:        0
  SYN-ACK packets:    0
  SYN/ACK ratio:      0.00
  HTTP requests:      0
  DNS queries:        1280

[PROTOCOL-SPECIFIC COUNTERS - CIC-DDoS-2019 Features]
  NTP Amplification:
    Monlist queries:  343
    Responses:        0  (avg size: 0 bytes)
  DNS Amplification:
    ANY queries:      0
    TXT queries:      0
    Responses:        1066  (avg size: 316 bytes)
  SNMP Amplification:
    GetBulk requests: 0
    Responses:        0  (avg size: 0 bytes)
  SSDP:
    M-SEARCH packets: 0
    Responses:        2417
  PortMapper:
    GETPORT calls:    2367
    DUMP calls:       0
  NetBIOS:
    Name queries:     2632
    Datagram packets: 2356
  LDAP:
    Bind requests:    0
    Search requests:  2395
  MSSQL:
    SQLBatch packets: 2324
    RPC packets:      0
  TFTP:
    RRQ (read) pkts:  0
    WRQ (write) pkts: 0

[ATTACK DETECTIONS - Cumulative Events]
  UDP flood events:   2123
  UDP-lag events:     2
  SYN flood events:   0
  HTTP flood events:  0
  ICMP flood events:  0
  DNS amp events:     0
  NTP amp events:     0
  SNMP amp events:    0
  SSDP events:        0
  PortMap events:     0
  NetBIOS events:     0
  LDAP events:        0
  MSSQL events:       0
  TFTP events:        0
  ACK flood events:   0
  Frag attack events: 0
  Packet flood events:0
  (Note: Events count IPs exceeding thresholds per 50ms window)

[ALERT STATUS]
  Alert level:        [1;31mHIGH[0m
  Reason:             [1;31mUDP FLOOD detected: 33877729 UDP pps | [0m

[MULTI-LF (2025) COMPARISON]
=== Detection Performance vs ML-Based System ===

  First Detection Latency:   177.75 ms (vs MULTI-LF: 866 ms)
    Improvement:             4.9× faster

  Packets until detection:   0
  Bytes until detection:     0 (0.00 MB)

[OCTOSKETCH METRICS - Optimized Architecture]
=== Per-Worker Sketches + Sampling (1/32 packets) ===

  Architecture:              Per-worker (NO atomics, NO contention)
  Total sketch memory:       5377 KB (14 workers × 384.1 KB)
  Sampling rate:             1 in 32 packets (3.1% overhead)
  Attack traffic sampled:    6376672 updates
  Estimated attack packets:  204053504 (×32 sampling factor)
  Sketch overhead:           ~1.56% of fast-path cycles
  Memory efficiency:         O(1) constant, 384.1 KB per worker

[MULTIPLE DETECTION STATISTICS]
=== Aggregate Detection Analysis ===

  Total detection events:    2123
  Average detection latency: 52.28 ms
  Min detection latency:     50.22 ms
  Max detection latency:     301.73 ms
  Latency range:             251.51 ms

  Detection Latency Histogram:
    < 20 ms:  0 detections (0.0%)
    20-30 ms: 0 detections (0.0%)
    30-40 ms: 0 detections (0.0%)
    40-50 ms: 0 detections (0.0%)
    > 50 ms:  2122 detections (100.0%)

[PERFORMANCE METRICS]
  Throughput:         3.68 Gbps (1.40 Mpps)
  Cycles available:   2143 cycles/pkt (lower = higher load)
  Active IPs:         0
  Worker threads:     14 (lcores 1-14)

[DPDK NIC STATISTICS]
  RX packets (NIC):   154862240
  RX dropped (HW):    [0m0[0m (imissed)
  RX no mbufs:        [0m0[0m (buffer exhaustion)
  RX errors:          0
  Total drops:        [0m0 (0.00%)[0m
  RX burst calls:     50578814447 (99.7% empty)
  Processed pkts:     154862578 (100.0% of NIC RX)


╔═══════════════════════════════════════════════════════════════════════╗
║          MIRA DDoS DETECTOR - STATISTICS (MULTI-CORE)                ║
╚═══════════════════════════════════════════════════════════════════════╝

[PACKET COUNTERS - GLOBAL]
  Total packets:      161841670
  Baseline (10.10.2.x): 0 (0.0%)
  Attack (10.10.3.x): 161841670 (100.0%)
  TCP packets:        0
  UDP packets:        161841670
  ICMP packets:       0

[INSTANTANEOUS TRAFFIC - Last 5.0 seconds]
  Baseline (10.10.2.x): 0 pkts (0.0%)  0 bytes  0.00 Gbps
  Attack (10.10.3.x): 6979018 pkts (100.0%)  2303055827 bytes  3.68 Gbps
  Total throughput:   3.68 Gbps  (avg pkt: 330 bytes)

[CUMULATIVE TRAFFIC - Since first packet (116.0s)]
  Total received:     161841670 pkts (1.40 Mpps) | 3.68 Gbps | 53404100570 bytes

[ATTACK-SPECIFIC COUNTERS]
  SYN packets:        0
  SYN-ACK packets:    0
  SYN/ACK ratio:      0.00
  HTTP requests:      0
  DNS queries:        1343

[PROTOCOL-SPECIFIC COUNTERS - CIC-DDoS-2019 Features]
  NTP Amplification:
    Monlist queries:  358
    Responses:        0  (avg size: 0 bytes)
  DNS Amplification:
    ANY queries:      0
    TXT queries:      0
    Responses:        1120  (avg size: 316 bytes)
  SNMP Amplification:
    GetBulk requests: 0
    Responses:        0  (avg size: 0 bytes)
  SSDP:
    M-SEARCH packets: 0
    Responses:        2501
  PortMapper:
    GETPORT calls:    2464
    DUMP calls:       0
  NetBIOS:
    Name queries:     2750
    Datagram packets: 2479
  LDAP:
    Bind requests:    0
    Search requests:  2508
  MSSQL:
    SQLBatch packets: 2419
    RPC packets:      0
  TFTP:
    RRQ (read) pkts:  0
    WRQ (write) pkts: 0

[ATTACK DETECTIONS - Cumulative Events]
  UDP flood events:   2218
  UDP-lag events:     2
  SYN flood events:   0
  HTTP flood events:  0
  ICMP flood events:  0
  DNS amp events:     0
  NTP amp events:     0
  SNMP amp events:    0
  SSDP events:        0
  PortMap events:     0
  NetBIOS events:     0
  LDAP events:        0
  MSSQL events:       0
  TFTP events:        0
  ACK flood events:   0
  Frag attack events: 0
  Packet flood events:0
  (Note: Events count IPs exceeding thresholds per 50ms window)

[ALERT STATUS]
  Alert level:        [1;31mHIGH[0m
  Reason:             [1;31mUDP FLOOD detected: 35788383 UDP pps | [0m

[MULTI-LF (2025) COMPARISON]
=== Detection Performance vs ML-Based System ===

  First Detection Latency:   177.75 ms (vs MULTI-LF: 866 ms)
    Improvement:             4.9× faster

  Packets until detection:   0
  Bytes until detection:     0 (0.00 MB)

[OCTOSKETCH METRICS - Optimized Architecture]
=== Per-Worker Sketches + Sampling (1/32 packets) ===

  Architecture:              Per-worker (NO atomics, NO contention)
  Total sketch memory:       5377 KB (14 workers × 384.1 KB)
  Sampling rate:             1 in 32 packets (3.1% overhead)
  Attack traffic sampled:    6305824 updates
  Estimated attack packets:  201786368 (×32 sampling factor)
  Sketch overhead:           ~1.56% of fast-path cycles
  Memory efficiency:         O(1) constant, 384.1 KB per worker

[MULTIPLE DETECTION STATISTICS]
=== Aggregate Detection Analysis ===

  Total detection events:    2218
  Average detection latency: 52.28 ms
  Min detection latency:     50.22 ms
  Max detection latency:     301.73 ms
  Latency range:             251.51 ms

  Detection Latency Histogram:
    < 20 ms:  0 detections (0.0%)
    20-30 ms: 0 detections (0.0%)
    30-40 ms: 0 detections (0.0%)
    40-50 ms: 0 detections (0.0%)
    > 50 ms:  2217 detections (100.0%)

[PERFORMANCE METRICS]
  Throughput:         3.68 Gbps (1.39 Mpps)
  Cycles available:   2143 cycles/pkt (lower = higher load)
  Active IPs:         0
  Worker threads:     14 (lcores 1-14)

[DPDK NIC STATISTICS]
  RX packets (NIC):   161841318
  RX dropped (HW):    [0m0[0m (imissed)
  RX no mbufs:        [0m0[0m (buffer exhaustion)
  RX errors:          0
  Total drops:        [0m0 (0.00%)[0m
  RX burst calls:     52506845473 (99.7% empty)
  Processed pkts:     161841670 (100.0% of NIC RX)


╔═══════════════════════════════════════════════════════════════════════╗
║          MIRA DDoS DETECTOR - STATISTICS (MULTI-CORE)                ║
╚═══════════════════════════════════════════════════════════════════════╝

[PACKET COUNTERS - GLOBAL]
  Total packets:      168820773
  Baseline (10.10.2.x): 0 (0.0%)
  Attack (10.10.3.x): 168820773 (100.0%)
  TCP packets:        0
  UDP packets:        168820773
  ICMP packets:       0

[INSTANTANEOUS TRAFFIC - Last 5.0 seconds]
  Baseline (10.10.2.x): 0 pkts (0.0%)  0 bytes  0.00 Gbps
  Attack (10.10.3.x): 6979028 pkts (100.0%)  2302654427 bytes  3.68 Gbps
  Total throughput:   3.68 Gbps  (avg pkt: 330 bytes)

[CUMULATIVE TRAFFIC - Since first packet (121.0s)]
  Total received:     168820773 pkts (1.40 Mpps) | 3.68 Gbps | 55706779970 bytes

[ATTACK-SPECIFIC COUNTERS]
  SYN packets:        0
  SYN-ACK packets:    0
  SYN/ACK ratio:      0.00
  HTTP requests:      0
  DNS queries:        1394

[PROTOCOL-SPECIFIC COUNTERS - CIC-DDoS-2019 Features]
  NTP Amplification:
    Monlist queries:  371
    Responses:        0  (avg size: 0 bytes)
  DNS Amplification:
    ANY queries:      0
    TXT queries:      0
    Responses:        1176  (avg size: 316 bytes)
  SNMP Amplification:
    GetBulk requests: 0
    Responses:        0  (avg size: 0 bytes)
  SSDP:
    M-SEARCH packets: 0
    Responses:        2618
  PortMapper:
    GETPORT calls:    2572
    DUMP calls:       0
  NetBIOS:
    Name queries:     2872
    Datagram packets: 2580
  LDAP:
    Bind requests:    0
    Search requests:  2616
  MSSQL:
    SQLBatch packets: 2526
    RPC packets:      0
  TFTP:
    RRQ (read) pkts:  0
    WRQ (write) pkts: 0

[ATTACK DETECTIONS - Cumulative Events]
  UDP flood events:   2313
  UDP-lag events:     2
  SYN flood events:   0
  HTTP flood events:  0
  ICMP flood events:  0
  DNS amp events:     0
  NTP amp events:     0
  SNMP amp events:    0
  SSDP events:        0
  PortMap events:     0
  NetBIOS events:     0
  LDAP events:        0
  MSSQL events:       0
  TFTP events:        0
  ACK flood events:   0
  Frag attack events: 0
  Packet flood events:0
  (Note: Events count IPs exceeding thresholds per 50ms window)

[ALERT STATUS]
  Alert level:        [1;31mHIGH[0m
  Reason:             [1;31mUDP FLOOD detected: 37338429 UDP pps | [0m

[MULTI-LF (2025) COMPARISON]
=== Detection Performance vs ML-Based System ===

  First Detection Latency:   177.75 ms (vs MULTI-LF: 866 ms)
    Improvement:             4.9× faster

  Packets until detection:   0
  Bytes until detection:     0 (0.00 MB)

[OCTOSKETCH METRICS - Optimized Architecture]
=== Per-Worker Sketches + Sampling (1/32 packets) ===

  Architecture:              Per-worker (NO atomics, NO contention)
  Total sketch memory:       5377 KB (14 workers × 384.1 KB)
  Sampling rate:             1 in 32 packets (3.1% overhead)
  Attack traffic sampled:    6306016 updates
  Estimated attack packets:  201792512 (×32 sampling factor)
  Sketch overhead:           ~1.56% of fast-path cycles
  Memory efficiency:         O(1) constant, 384.1 KB per worker

[MULTIPLE DETECTION STATISTICS]
=== Aggregate Detection Analysis ===

  Total detection events:    2313
  Average detection latency: 52.31 ms
  Min detection latency:     50.22 ms
  Max detection latency:     301.73 ms
  Latency range:             251.51 ms

  Detection Latency Histogram:
    < 20 ms:  0 detections (0.0%)
    20-30 ms: 0 detections (0.0%)
    30-40 ms: 0 detections (0.0%)
    40-50 ms: 0 detections (0.0%)
    > 50 ms:  2312 detections (100.0%)

[PERFORMANCE METRICS]
  Throughput:         3.68 Gbps (1.39 Mpps)
  Cycles available:   2144 cycles/pkt (lower = higher load)
  Active IPs:         0
  Worker threads:     14 (lcores 1-14)

[DPDK NIC STATISTICS]
  RX packets (NIC):   168820371
  RX dropped (HW):    [0m0[0m (imissed)
  RX no mbufs:        [0m0[0m (buffer exhaustion)
  RX errors:          0
  Total drops:        [0m0 (0.00%)[0m
  RX burst calls:     54434708013 (99.7% empty)
  Processed pkts:     168820773 (100.0% of NIC RX)


╔═══════════════════════════════════════════════════════════════════════╗
║          MIRA DDoS DETECTOR - STATISTICS (MULTI-CORE)                ║
╚═══════════════════════════════════════════════════════════════════════╝

[PACKET COUNTERS - GLOBAL]
  Total packets:      175800718
  Baseline (10.10.2.x): 0 (0.0%)
  Attack (10.10.3.x): 175800718 (100.0%)
  TCP packets:        0
  UDP packets:        175800718
  ICMP packets:       0

[INSTANTANEOUS TRAFFIC - Last 5.0 seconds]
  Baseline (10.10.2.x): 0 pkts (0.0%)  0 bytes  0.00 Gbps
  Attack (10.10.3.x): 6979877 pkts (100.0%)  2303348148 bytes  3.68 Gbps
  Total throughput:   3.68 Gbps  (avg pkt: 330 bytes)

[CUMULATIVE TRAFFIC - Since first packet (126.0s)]
  Total received:     175800718 pkts (1.40 Mpps) | 3.68 Gbps | 58010150113 bytes

[ATTACK-SPECIFIC COUNTERS]
  SYN packets:        0
  SYN-ACK packets:    0
  SYN/ACK ratio:      0.00
  HTTP requests:      0
  DNS queries:        1454

[PROTOCOL-SPECIFIC COUNTERS - CIC-DDoS-2019 Features]
  NTP Amplification:
    Monlist queries:  388
    Responses:        0  (avg size: 0 bytes)
  DNS Amplification:
    ANY queries:      0
    TXT queries:      0
    Responses:        1211  (avg size: 316 bytes)
  SNMP Amplification:
    GetBulk requests: 0
    Responses:        0  (avg size: 0 bytes)
  SSDP:
    M-SEARCH packets: 0
    Responses:        2744
  PortMapper:
    GETPORT calls:    2687
    DUMP calls:       0
  NetBIOS:
    Name queries:     2986
    Datagram packets: 2685
  LDAP:
    Bind requests:    0
    Search requests:  2720
  MSSQL:
    SQLBatch packets: 2633
    RPC packets:      0
  TFTP:
    RRQ (read) pkts:  0
    WRQ (write) pkts: 0

[ATTACK DETECTIONS - Cumulative Events]
  UDP flood events:   2409
  UDP-lag events:     2
  SYN flood events:   0
  HTTP flood events:  0
  ICMP flood events:  0
  DNS amp events:     0
  NTP amp events:     0
  SNMP amp events:    0
  SSDP events:        0
  PortMap events:     0
  NetBIOS events:     0
  LDAP events:        0
  MSSQL events:       0
  TFTP events:        0
  ACK flood events:   0
  Frag attack events: 0
  Packet flood events:0
  (Note: Events count IPs exceeding thresholds per 50ms window)

[ALERT STATUS]
  Alert level:        [1;31mHIGH[0m
  Reason:             [1;31mUDP FLOOD detected: 38888925 UDP pps | [0m

[MULTI-LF (2025) COMPARISON]
=== Detection Performance vs ML-Based System ===

  First Detection Latency:   177.75 ms (vs MULTI-LF: 866 ms)
    Improvement:             4.9× faster

  Packets until detection:   0
  Bytes until detection:     0 (0.00 MB)

[OCTOSKETCH METRICS - Optimized Architecture]
=== Per-Worker Sketches + Sampling (1/32 packets) ===

  Architecture:              Per-worker (NO atomics, NO contention)
  Total sketch memory:       5377 KB (14 workers × 384.1 KB)
  Sampling rate:             1 in 32 packets (3.1% overhead)
  Attack traffic sampled:    6306464 updates
  Estimated attack packets:  201806848 (×32 sampling factor)
  Sketch overhead:           ~1.56% of fast-path cycles
  Memory efficiency:         O(1) constant, 384.1 KB per worker

[MULTIPLE DETECTION STATISTICS]
=== Aggregate Detection Analysis ===

  Total detection events:    2409
  Average detection latency: 52.31 ms
  Min detection latency:     50.22 ms
  Max detection latency:     301.73 ms
  Latency range:             251.51 ms

  Detection Latency Histogram:
    < 20 ms:  0 detections (0.0%)
    20-30 ms: 0 detections (0.0%)
    30-40 ms: 0 detections (0.0%)
    40-50 ms: 0 detections (0.0%)
    > 50 ms:  2408 detections (100.0%)

[PERFORMANCE METRICS]
  Throughput:         3.68 Gbps (1.40 Mpps)
  Cycles available:   2143 cycles/pkt (lower = higher load)
  Active IPs:         0
  Worker threads:     14 (lcores 1-14)

[DPDK NIC STATISTICS]
  RX packets (NIC):   175800355
  RX dropped (HW):    [0m0[0m (imissed)
  RX no mbufs:        [0m0[0m (buffer exhaustion)
  RX errors:          0
  Total drops:        [0m0 (0.00%)[0m
  RX burst calls:     56362238941 (99.7% empty)
  Processed pkts:     175800718 (100.0% of NIC RX)


╔═══════════════════════════════════════════════════════════════════════╗
║          MIRA DDoS DETECTOR - STATISTICS (MULTI-CORE)                ║
╚═══════════════════════════════════════════════════════════════════════╝

[PACKET COUNTERS - GLOBAL]
  Total packets:      182779300
  Baseline (10.10.2.x): 0 (0.0%)
  Attack (10.10.3.x): 182779300 (100.0%)
  TCP packets:        0
  UDP packets:        182779300
  ICMP packets:       0

[INSTANTANEOUS TRAFFIC - Last 5.0 seconds]
  Baseline (10.10.2.x): 0 pkts (0.0%)  0 bytes  0.00 Gbps
  Attack (10.10.3.x): 6978506 pkts (100.0%)  2303001886 bytes  3.68 Gbps
  Total throughput:   3.68 Gbps  (avg pkt: 330 bytes)

[CUMULATIVE TRAFFIC - Since first packet (131.0s)]
  Total received:     182779300 pkts (1.40 Mpps) | 3.68 Gbps | 60313178412 bytes

[ATTACK-SPECIFIC COUNTERS]
  SYN packets:        0
  SYN-ACK packets:    0
  SYN/ACK ratio:      0.00
  HTTP requests:      0
  DNS queries:        1518

[PROTOCOL-SPECIFIC COUNTERS - CIC-DDoS-2019 Features]
  NTP Amplification:
    Monlist queries:  403
    Responses:        0  (avg size: 0 bytes)
  DNS Amplification:
    ANY queries:      0
    TXT queries:      0
    Responses:        1264  (avg size: 316 bytes)
  SNMP Amplification:
    GetBulk requests: 0
    Responses:        0  (avg size: 0 bytes)
  SSDP:
    M-SEARCH packets: 0
    Responses:        2820
  PortMapper:
    GETPORT calls:    2782
    DUMP calls:       0
  NetBIOS:
    Name queries:     3108
    Datagram packets: 2798
  LDAP:
    Bind requests:    0
    Search requests:  2827
  MSSQL:
    SQLBatch packets: 2727
    RPC packets:      0
  TFTP:
    RRQ (read) pkts:  0
    WRQ (write) pkts: 0

[ATTACK DETECTIONS - Cumulative Events]
  UDP flood events:   2504
  UDP-lag events:     2
  SYN flood events:   0
  HTTP flood events:  0
  ICMP flood events:  0
  DNS amp events:     0
  NTP amp events:     0
  SNMP amp events:    0
  SSDP events:        0
  PortMap events:     0
  NetBIOS events:     0
  LDAP events:        0
  MSSQL events:       0
  TFTP events:        0
  ACK flood events:   0
  Frag attack events: 0
  Packet flood events:0
  (Note: Events count IPs exceeding thresholds per 50ms window)

[ALERT STATUS]
  Alert level:        [1;31mHIGH[0m
  Reason:             [1;31mUDP FLOOD detected: 40877572 UDP pps | [0m

[MULTI-LF (2025) COMPARISON]
=== Detection Performance vs ML-Based System ===

  First Detection Latency:   177.75 ms (vs MULTI-LF: 866 ms)
    Improvement:             4.9× faster

  Packets until detection:   0
  Bytes until detection:     0 (0.00 MB)

[OCTOSKETCH METRICS - Optimized Architecture]
=== Per-Worker Sketches + Sampling (1/32 packets) ===

  Architecture:              Per-worker (NO atomics, NO contention)
  Total sketch memory:       5377 KB (14 workers × 384.1 KB)
  Sampling rate:             1 in 32 packets (3.1% overhead)
  Attack traffic sampled:    6235104 updates
  Estimated attack packets:  199523328 (×32 sampling factor)
  Sketch overhead:           ~1.56% of fast-path cycles
  Memory efficiency:         O(1) constant, 384.1 KB per worker

[MULTIPLE DETECTION STATISTICS]
=== Aggregate Detection Analysis ===

  Total detection events:    2504
  Average detection latency: 52.31 ms
  Min detection latency:     50.22 ms
  Max detection latency:     301.73 ms
  Latency range:             251.51 ms

  Detection Latency Histogram:
    < 20 ms:  0 detections (0.0%)
    20-30 ms: 0 detections (0.0%)
    30-40 ms: 0 detections (0.0%)
    40-50 ms: 0 detections (0.0%)
    > 50 ms:  2503 detections (100.0%)

[PERFORMANCE METRICS]
  Throughput:         3.68 Gbps (1.39 Mpps)
  Cycles available:   2144 cycles/pkt (lower = higher load)
  Active IPs:         0
  Worker threads:     14 (lcores 1-14)

[DPDK NIC STATISTICS]
  RX packets (NIC):   182778955
  RX dropped (HW):    [0m0[0m (imissed)
  RX no mbufs:        [0m0[0m (buffer exhaustion)
  RX errors:          0
  Total drops:        [0m0 (0.00%)[0m
  RX burst calls:     58289706651 (99.7% empty)
  Processed pkts:     182779300 (100.0% of NIC RX)


╔═══════════════════════════════════════════════════════════════════════╗
║          MIRA DDoS DETECTOR - STATISTICS (MULTI-CORE)                ║
╚═══════════════════════════════════════════════════════════════════════╝

[PACKET COUNTERS - GLOBAL]
  Total packets:      189758957
  Baseline (10.10.2.x): 0 (0.0%)
  Attack (10.10.3.x): 189758957 (100.0%)
  TCP packets:        0
  UDP packets:        189758957
  ICMP packets:       0

[INSTANTANEOUS TRAFFIC - Last 5.0 seconds]
  Baseline (10.10.2.x): 0 pkts (0.0%)  0 bytes  0.00 Gbps
  Attack (10.10.3.x): 6979596 pkts (100.0%)  2302861024 bytes  3.68 Gbps
  Total throughput:   3.68 Gbps  (avg pkt: 330 bytes)

[CUMULATIVE TRAFFIC - Since first packet (136.0s)]
  Total received:     189758957 pkts (1.40 Mpps) | 3.68 Gbps | 62616059031 bytes

[ATTACK-SPECIFIC COUNTERS]
  SYN packets:        0
  SYN-ACK packets:    0
  SYN/ACK ratio:      0.00
  HTTP requests:      0
  DNS queries:        1569

[PROTOCOL-SPECIFIC COUNTERS - CIC-DDoS-2019 Features]
  NTP Amplification:
    Monlist queries:  418
    Responses:        0  (avg size: 0 bytes)
  DNS Amplification:
    ANY queries:      0
    TXT queries:      0
    Responses:        1319  (avg size: 316 bytes)
  SNMP Amplification:
    GetBulk requests: 0
    Responses:        0  (avg size: 0 bytes)
  SSDP:
    M-SEARCH packets: 0
    Responses:        2944
  PortMapper:
    GETPORT calls:    2896
    DUMP calls:       0
  NetBIOS:
    Name queries:     3226
    Datagram packets: 2894
  LDAP:
    Bind requests:    0
    Search requests:  2945
  MSSQL:
    SQLBatch packets: 2847
    RPC packets:      0
  TFTP:
    RRQ (read) pkts:  0
    WRQ (write) pkts: 0

[ATTACK DETECTIONS - Cumulative Events]
  UDP flood events:   2600
  UDP-lag events:     2
  SYN flood events:   0
  HTTP flood events:  0
  ICMP flood events:  0
  DNS amp events:     0
  NTP amp events:     0
  SNMP amp events:    0
  SSDP events:        0
  PortMap events:     0
  NetBIOS events:     0
  LDAP events:        0
  MSSQL events:       0
  TFTP events:        0
  ACK flood events:   0
  Frag attack events: 0
  Packet flood events:0
  (Note: Events count IPs exceeding thresholds per 50ms window)

[ALERT STATUS]
  Alert level:        [1;31mHIGH[0m
  Reason:             [1;31mUDP FLOOD detected: 42445260 UDP pps | [0m

[MULTI-LF (2025) COMPARISON]
=== Detection Performance vs ML-Based System ===

  First Detection Latency:   177.75 ms (vs MULTI-LF: 866 ms)
    Improvement:             4.9× faster

  Packets until detection:   0
  Bytes until detection:     0 (0.00 MB)

[OCTOSKETCH METRICS - Optimized Architecture]
=== Per-Worker Sketches + Sampling (1/32 packets) ===

  Architecture:              Per-worker (NO atomics, NO contention)
  Total sketch memory:       5377 KB (14 workers × 384.1 KB)
  Sampling rate:             1 in 32 packets (3.1% overhead)
  Attack traffic sampled:    6236576 updates
  Estimated attack packets:  199570432 (×32 sampling factor)
  Sketch overhead:           ~1.56% of fast-path cycles
  Memory efficiency:         O(1) constant, 384.1 KB per worker

[MULTIPLE DETECTION STATISTICS]
=== Aggregate Detection Analysis ===

  Total detection events:    2600
  Average detection latency: 52.31 ms
  Min detection latency:     50.22 ms
  Max detection latency:     301.73 ms
  Latency range:             251.51 ms

  Detection Latency Histogram:
    < 20 ms:  0 detections (0.0%)
    20-30 ms: 0 detections (0.0%)
    30-40 ms: 0 detections (0.0%)
    40-50 ms: 0 detections (0.0%)
    > 50 ms:  2599 detections (100.0%)

[PERFORMANCE METRICS]
  Throughput:         3.68 Gbps (1.40 Mpps)
  Cycles available:   2143 cycles/pkt (lower = higher load)
  Active IPs:         0
  Worker threads:     14 (lcores 1-14)

[DPDK NIC STATISTICS]
  RX packets (NIC):   189758606
  RX dropped (HW):    [0m0[0m (imissed)
  RX no mbufs:        [0m0[0m (buffer exhaustion)
  RX errors:          0
  Total drops:        [0m0 (0.00%)[0m
  RX burst calls:     60217114950 (99.7% empty)
  Processed pkts:     189758957 (100.0% of NIC RX)


╔═══════════════════════════════════════════════════════════════════════╗
║          MIRA DDoS DETECTOR - STATISTICS (MULTI-CORE)                ║
╚═══════════════════════════════════════════════════════════════════════╝

[PACKET COUNTERS - GLOBAL]
  Total packets:      196736027
  Baseline (10.10.2.x): 0 (0.0%)
  Attack (10.10.3.x): 196736027 (100.0%)
  TCP packets:        0
  UDP packets:        196736027
  ICMP packets:       0

[INSTANTANEOUS TRAFFIC - Last 5.0 seconds]
  Baseline (10.10.2.x): 0 pkts (0.0%)  0 bytes  0.00 Gbps
  Attack (10.10.3.x): 6976993 pkts (100.0%)  2302284816 bytes  3.68 Gbps
  Total throughput:   3.68 Gbps  (avg pkt: 330 bytes)

[CUMULATIVE TRAFFIC - Since first packet (141.0s)]
  Total received:     196736027 pkts (1.40 Mpps) | 3.68 Gbps | 64918367427 bytes

[ATTACK-SPECIFIC COUNTERS]
  SYN packets:        0
  SYN-ACK packets:    0
  SYN/ACK ratio:      0.00
  HTTP requests:      0
  DNS queries:        1630

[PROTOCOL-SPECIFIC COUNTERS - CIC-DDoS-2019 Features]
  NTP Amplification:
    Monlist queries:  434
    Responses:        0  (avg size: 0 bytes)
  DNS Amplification:
    ANY queries:      0
    TXT queries:      0
    Responses:        1354  (avg size: 316 bytes)
  SNMP Amplification:
    GetBulk requests: 0
    Responses:        0  (avg size: 0 bytes)
  SSDP:
    M-SEARCH packets: 0
    Responses:        3068
  PortMapper:
    GETPORT calls:    3008
    DUMP calls:       0
  NetBIOS:
    Name queries:     3347
    Datagram packets: 3006
  LDAP:
    Bind requests:    0
    Search requests:  3043
  MSSQL:
    SQLBatch packets: 2940
    RPC packets:      0
  TFTP:
    RRQ (read) pkts:  0
    WRQ (write) pkts: 0

[ATTACK DETECTIONS - Cumulative Events]
  UDP flood events:   2695
  UDP-lag events:     2
  SYN flood events:   0
  HTTP flood events:  0
  ICMP flood events:  0
  DNS amp events:     0
  NTP amp events:     0
  SNMP amp events:    0
  SSDP events:        0
  PortMap events:     0
  NetBIOS events:     0
  LDAP events:        0
  MSSQL events:       0
  TFTP events:        0
  ACK flood events:   0
  Frag attack events: 0
  Packet flood events:0
  (Note: Events count IPs exceeding thresholds per 50ms window)

[ALERT STATUS]
  Alert level:        [1;31mHIGH[0m
  Reason:             [1;31mUDP FLOOD detected: 44496282 UDP pps | [0m

[MULTI-LF (2025) COMPARISON]
=== Detection Performance vs ML-Based System ===

  First Detection Latency:   177.75 ms (vs MULTI-LF: 866 ms)
    Improvement:             4.9× faster

  Packets until detection:   0
  Bytes until detection:     0 (0.00 MB)

[OCTOSKETCH METRICS - Optimized Architecture]
=== Per-Worker Sketches + Sampling (1/32 packets) ===

  Architecture:              Per-worker (NO atomics, NO contention)
  Total sketch memory:       5377 KB (14 workers × 384.1 KB)
  Sampling rate:             1 in 32 packets (3.1% overhead)
  Attack traffic sampled:    6165408 updates
  Estimated attack packets:  197293056 (×32 sampling factor)
  Sketch overhead:           ~1.56% of fast-path cycles
  Memory efficiency:         O(1) constant, 384.1 KB per worker

[MULTIPLE DETECTION STATISTICS]
=== Aggregate Detection Analysis ===

  Total detection events:    2695
  Average detection latency: 52.31 ms
  Min detection latency:     50.22 ms
  Max detection latency:     301.73 ms
  Latency range:             251.51 ms

  Detection Latency Histogram:
    < 20 ms:  0 detections (0.0%)
    20-30 ms: 0 detections (0.0%)
    30-40 ms: 0 detections (0.0%)
    40-50 ms: 0 detections (0.0%)
    > 50 ms:  2694 detections (100.0%)

[PERFORMANCE METRICS]
  Throughput:         3.68 Gbps (1.39 Mpps)
  Cycles available:   2144 cycles/pkt (lower = higher load)
  Active IPs:         0
  Worker threads:     14 (lcores 1-14)

[DPDK NIC STATISTICS]
  RX packets (NIC):   196735647
  RX dropped (HW):    [0m0[0m (imissed)
  RX no mbufs:        [0m0[0m (buffer exhaustion)
  RX errors:          0
  Total drops:        [0m0 (0.00%)[0m
  RX burst calls:     62144306199 (99.7% empty)
  Processed pkts:     196736027 (100.0% of NIC RX)


╔═══════════════════════════════════════════════════════════════════════╗
║          MIRA DDoS DETECTOR - STATISTICS (MULTI-CORE)                ║
╚═══════════════════════════════════════════════════════════════════════╝

[PACKET COUNTERS - GLOBAL]
  Total packets:      203714476
  Baseline (10.10.2.x): 0 (0.0%)
  Attack (10.10.3.x): 203714476 (100.0%)
  TCP packets:        0
  UDP packets:        203714476
  ICMP packets:       0

[INSTANTANEOUS TRAFFIC - Last 5.0 seconds]
  Baseline (10.10.2.x): 0 pkts (0.0%)  0 bytes  0.00 Gbps
  Attack (10.10.3.x): 6978374 pkts (100.0%)  2302888569 bytes  3.68 Gbps
  Total throughput:   3.68 Gbps  (avg pkt: 330 bytes)

[CUMULATIVE TRAFFIC - Since first packet (146.0s)]
  Total received:     203714476 pkts (1.40 Mpps) | 3.68 Gbps | 67221280133 bytes

[ATTACK-SPECIFIC COUNTERS]
  SYN packets:        0
  SYN-ACK packets:    0
  SYN/ACK ratio:      0.00
  HTTP requests:      0
  DNS queries:        1688

[PROTOCOL-SPECIFIC COUNTERS - CIC-DDoS-2019 Features]
  NTP Amplification:
    Monlist queries:  449
    Responses:        0  (avg size: 0 bytes)
  DNS Amplification:
    ANY queries:      0
    TXT queries:      0
    Responses:        1409  (avg size: 316 bytes)
  SNMP Amplification:
    GetBulk requests: 0
    Responses:        0  (avg size: 0 bytes)
  SSDP:
    M-SEARCH packets: 0
    Responses:        3143
  PortMapper:
    GETPORT calls:    3100
    DUMP calls:       0
  NetBIOS:
    Name queries:     3470
    Datagram packets: 3116
  LDAP:
    Bind requests:    0
    Search requests:  3153
  MSSQL:
    SQLBatch packets: 3043
    RPC packets:      0
  TFTP:
    RRQ (read) pkts:  0
    WRQ (write) pkts: 0

[ATTACK DETECTIONS - Cumulative Events]
  UDP flood events:   2790
  UDP-lag events:     2
  SYN flood events:   0
  HTTP flood events:  0
  ICMP flood events:  0
  DNS amp events:     0
  NTP amp events:     0
  SNMP amp events:    0
  SSDP events:        0
  PortMap events:     0
  NetBIOS events:     0
  LDAP events:        0
  MSSQL events:       0
  TFTP events:        0
  ACK flood events:   0
  Frag attack events: 0
  Packet flood events:0
  (Note: Events count IPs exceeding thresholds per 50ms window)

[ALERT STATUS]
  Alert level:        [1;31mHIGH[0m
  Reason:             [1;31mUDP FLOOD detected: 46081279 UDP pps | [0m

[MULTI-LF (2025) COMPARISON]
=== Detection Performance vs ML-Based System ===

  First Detection Latency:   177.75 ms (vs MULTI-LF: 866 ms)
    Improvement:             4.9× faster

  Packets until detection:   0
  Bytes until detection:     0 (0.00 MB)

[OCTOSKETCH METRICS - Optimized Architecture]
=== Per-Worker Sketches + Sampling (1/32 packets) ===

  Architecture:              Per-worker (NO atomics, NO contention)
  Total sketch memory:       5377 KB (14 workers × 384.1 KB)
  Sampling rate:             1 in 32 packets (3.1% overhead)
  Attack traffic sampled:    6165664 updates
  Estimated attack packets:  197301248 (×32 sampling factor)
  Sketch overhead:           ~1.56% of fast-path cycles
  Memory efficiency:         O(1) constant, 384.1 KB per worker

[MULTIPLE DETECTION STATISTICS]
=== Aggregate Detection Analysis ===

  Total detection events:    2790
  Average detection latency: 52.33 ms
  Min detection latency:     50.22 ms
  Max detection latency:     301.73 ms
  Latency range:             251.51 ms

  Detection Latency Histogram:
    < 20 ms:  0 detections (0.0%)
    20-30 ms: 0 detections (0.0%)
    30-40 ms: 0 detections (0.0%)
    40-50 ms: 0 detections (0.0%)
    > 50 ms:  2789 detections (100.0%)

[PERFORMANCE METRICS]
  Throughput:         3.68 Gbps (1.39 Mpps)
  Cycles available:   2144 cycles/pkt (lower = higher load)
  Active IPs:         0
  Worker threads:     14 (lcores 1-14)

[DPDK NIC STATISTICS]
  RX packets (NIC):   203714094
  RX dropped (HW):    [0m0[0m (imissed)
  RX no mbufs:        [0m0[0m (buffer exhaustion)
  RX errors:          0
  Total drops:        [0m0 (0.00%)[0m
  RX burst calls:     64071482073 (99.7% empty)
  Processed pkts:     203714476 (100.0% of NIC RX)


╔═══════════════════════════════════════════════════════════════════════╗
║          MIRA DDoS DETECTOR - STATISTICS (MULTI-CORE)                ║
╚═══════════════════════════════════════════════════════════════════════╝

[PACKET COUNTERS - GLOBAL]
  Total packets:      210696358
  Baseline (10.10.2.x): 0 (0.0%)
  Attack (10.10.3.x): 210696358 (100.0%)
  TCP packets:        0
  UDP packets:        210696358
  ICMP packets:       0

[INSTANTANEOUS TRAFFIC - Last 5.0 seconds]
  Baseline (10.10.2.x): 0 pkts (0.0%)  0 bytes  0.00 Gbps
  Attack (10.10.3.x): 6981805 pkts (100.0%)  2303708835 bytes  3.68 Gbps
  Total throughput:   3.68 Gbps  (avg pkt: 330 bytes)

[CUMULATIVE TRAFFIC - Since first packet (151.0s)]
  Total received:     210696358 pkts (1.40 Mpps) | 3.68 Gbps | 69525016307 bytes

[ATTACK-SPECIFIC COUNTERS]
  SYN packets:        0
  SYN-ACK packets:    0
  SYN/ACK ratio:      0.00
  HTTP requests:      0
  DNS queries:        1739

[PROTOCOL-SPECIFIC COUNTERS - CIC-DDoS-2019 Features]
  NTP Amplification:
    Monlist queries:  464
    Responses:        0  (avg size: 0 bytes)
  DNS Amplification:
    ANY queries:      0
    TXT queries:      0
    Responses:        1461  (avg size: 316 bytes)
  SNMP Amplification:
    GetBulk requests: 0
    Responses:        0  (avg size: 0 bytes)
  SSDP:
    M-SEARCH packets: 0
    Responses:        3271
  PortMapper:
    GETPORT calls:    3225
    DUMP calls:       0
  NetBIOS:
    Name queries:     3578
    Datagram packets: 3215
  LDAP:
    Bind requests:    0
    Search requests:  3267
  MSSQL:
    SQLBatch packets: 3161
    RPC packets:      0
  TFTP:
    RRQ (read) pkts:  0
    WRQ (write) pkts: 0

[ATTACK DETECTIONS - Cumulative Events]
  UDP flood events:   2886
  UDP-lag events:     2
  SYN flood events:   0
  HTTP flood events:  0
  ICMP flood events:  0
  DNS amp events:     0
  NTP amp events:     0
  SNMP amp events:    0
  SSDP events:        0
  PortMap events:     0
  NetBIOS events:     0
  LDAP events:        0
  MSSQL events:       0
  TFTP events:        0
  ACK flood events:   0
  Frag attack events: 0
  Packet flood events:0
  (Note: Events count IPs exceeding thresholds per 50ms window)

[ALERT STATUS]
  Alert level:        [1;31mHIGH[0m
  Reason:             [1;31mUDP FLOOD detected: 47667310 UDP pps | [0m

[MULTI-LF (2025) COMPARISON]
=== Detection Performance vs ML-Based System ===

  First Detection Latency:   177.75 ms (vs MULTI-LF: 866 ms)
    Improvement:             4.9× faster

  Packets until detection:   0
  Bytes until detection:     0 (0.00 MB)

[OCTOSKETCH METRICS - Optimized Architecture]
=== Per-Worker Sketches + Sampling (1/32 packets) ===

  Architecture:              Per-worker (NO atomics, NO contention)
  Total sketch memory:       5377 KB (14 workers × 384.1 KB)
  Sampling rate:             1 in 32 packets (3.1% overhead)
  Attack traffic sampled:    6167424 updates
  Estimated attack packets:  197357568 (×32 sampling factor)
  Sketch overhead:           ~1.56% of fast-path cycles
  Memory efficiency:         O(1) constant, 384.1 KB per worker

[MULTIPLE DETECTION STATISTICS]
=== Aggregate Detection Analysis ===

  Total detection events:    2886
  Average detection latency: 52.33 ms
  Min detection latency:     50.22 ms
  Max detection latency:     301.73 ms
  Latency range:             251.51 ms

  Detection Latency Histogram:
    < 20 ms:  0 detections (0.0%)
    20-30 ms: 0 detections (0.0%)
    30-40 ms: 0 detections (0.0%)
    40-50 ms: 0 detections (0.0%)
    > 50 ms:  2885 detections (100.0%)

[PERFORMANCE METRICS]
  Throughput:         3.68 Gbps (1.40 Mpps)
  Cycles available:   2143 cycles/pkt (lower = higher load)
  Active IPs:         0
  Worker threads:     14 (lcores 1-14)

[DPDK NIC STATISTICS]
  RX packets (NIC):   210696021
  RX dropped (HW):    [0m0[0m (imissed)
  RX no mbufs:        [0m0[0m (buffer exhaustion)
  RX errors:          0
  Total drops:        [0m0 (0.00%)[0m
  RX burst calls:     65998532978 (99.7% empty)
  Processed pkts:     210696358 (100.0% of NIC RX)


╔═══════════════════════════════════════════════════════════════════════╗
║          MIRA DDoS DETECTOR - STATISTICS (MULTI-CORE)                ║
╚═══════════════════════════════════════════════════════════════════════╝

[PACKET COUNTERS - GLOBAL]
  Total packets:      217674531
  Baseline (10.10.2.x): 0 (0.0%)
  Attack (10.10.3.x): 217674531 (100.0%)
  TCP packets:        0
  UDP packets:        217674531
  ICMP packets:       0

[INSTANTANEOUS TRAFFIC - Last 5.0 seconds]
  Baseline (10.10.2.x): 0 pkts (0.0%)  0 bytes  0.00 Gbps
  Attack (10.10.3.x): 6978090 pkts (100.0%)  2302537424 bytes  3.68 Gbps
  Total throughput:   3.68 Gbps  (avg pkt: 330 bytes)

[CUMULATIVE TRAFFIC - Since first packet (156.0s)]
  Total received:     217674531 pkts (1.40 Mpps) | 3.68 Gbps | 71827582312 bytes

[ATTACK-SPECIFIC COUNTERS]
  SYN packets:        0
  SYN-ACK packets:    0
  SYN/ACK ratio:      0.00
  HTTP requests:      0
  DNS queries:        1800

[PROTOCOL-SPECIFIC COUNTERS - CIC-DDoS-2019 Features]
  NTP Amplification:
    Monlist queries:  480
    Responses:        0  (avg size: 0 bytes)
  DNS Amplification:
    ANY queries:      0
    TXT queries:      0
    Responses:        1500  (avg size: 316 bytes)
  SNMP Amplification:
    GetBulk requests: 0
    Responses:        0  (avg size: 0 bytes)
  SSDP:
    M-SEARCH packets: 0
    Responses:        3385
  PortMapper:
    GETPORT calls:    3329
    DUMP calls:       0
  NetBIOS:
    Name queries:     3703
    Datagram packets: 3333
  LDAP:
    Bind requests:    0
    Search requests:  3372
  MSSQL:
    SQLBatch packets: 3251
    RPC packets:      0
  TFTP:
    RRQ (read) pkts:  0
    WRQ (write) pkts: 0

[ATTACK DETECTIONS - Cumulative Events]
  UDP flood events:   2981
  UDP-lag events:     2
  SYN flood events:   0
  HTTP flood events:  0
  ICMP flood events:  0
  DNS amp events:     0
  NTP amp events:     0
  SNMP amp events:    0
  SSDP events:        0
  PortMap events:     0
  NetBIOS events:     0
  LDAP events:        0
  MSSQL events:       0
  TFTP events:        0
  ACK flood events:   0
  Frag attack events: 0
  Packet flood events:0
  (Note: Events count IPs exceeding thresholds per 50ms window)

[ALERT STATUS]
  Alert level:        [1;31mHIGH[0m
  Reason:             [1;31mUDP FLOOD detected: 49802008 UDP pps | [0m

[MULTI-LF (2025) COMPARISON]
=== Detection Performance vs ML-Based System ===

  First Detection Latency:   177.75 ms (vs MULTI-LF: 866 ms)
    Improvement:             4.9× faster

  Packets until detection:   0
  Bytes until detection:     0 (0.00 MB)

[OCTOSKETCH METRICS - Optimized Architecture]
=== Per-Worker Sketches + Sampling (1/32 packets) ===

  Architecture:              Per-worker (NO atomics, NO contention)
  Total sketch memory:       5377 KB (14 workers × 384.1 KB)
  Sampling rate:             1 in 32 packets (3.1% overhead)
  Attack traffic sampled:    6094496 updates
  Estimated attack packets:  195023872 (×32 sampling factor)
  Sketch overhead:           ~1.56% of fast-path cycles
  Memory efficiency:         O(1) constant, 384.1 KB per worker

[MULTIPLE DETECTION STATISTICS]
=== Aggregate Detection Analysis ===

  Total detection events:    2981
  Average detection latency: 52.33 ms
  Min detection latency:     50.22 ms
  Max detection latency:     301.73 ms
  Latency range:             251.51 ms

  Detection Latency Histogram:
    < 20 ms:  0 detections (0.0%)
    20-30 ms: 0 detections (0.0%)
    30-40 ms: 0 detections (0.0%)
    40-50 ms: 0 detections (0.0%)
    > 50 ms:  2980 detections (100.0%)

[PERFORMANCE METRICS]
  Throughput:         3.68 Gbps (1.39 Mpps)
  Cycles available:   2144 cycles/pkt (lower = higher load)
  Active IPs:         0
  Worker threads:     14 (lcores 1-14)

[DPDK NIC STATISTICS]
  RX packets (NIC):   217674152
  RX dropped (HW):    [0m0[0m (imissed)
  RX no mbufs:        [0m0[0m (buffer exhaustion)
  RX errors:          0
  Total drops:        [0m0 (0.00%)[0m
  RX burst calls:     67925506271 (99.7% empty)
  Processed pkts:     217674531 (100.0% of NIC RX)


╔═══════════════════════════════════════════════════════════════════════╗
║          MIRA DDoS DETECTOR - STATISTICS (MULTI-CORE)                ║
╚═══════════════════════════════════════════════════════════════════════╝

[PACKET COUNTERS - GLOBAL]
  Total packets:      224655189
  Baseline (10.10.2.x): 0 (0.0%)
  Attack (10.10.3.x): 224655189 (100.0%)
  TCP packets:        0
  UDP packets:        224655189
  ICMP packets:       0

[INSTANTANEOUS TRAFFIC - Last 5.0 seconds]
  Baseline (10.10.2.x): 0 pkts (0.0%)  0 bytes  0.00 Gbps
  Attack (10.10.3.x): 6980585 pkts (100.0%)  2303583334 bytes  3.68 Gbps
  Total throughput:   3.68 Gbps  (avg pkt: 330 bytes)

[CUMULATIVE TRAFFIC - Since first packet (161.0s)]
  Total received:     224655189 pkts (1.40 Mpps) | 3.68 Gbps | 74131189911 bytes

[ATTACK-SPECIFIC COUNTERS]
  SYN packets:        0
  SYN-ACK packets:    0
  SYN/ACK ratio:      0.00
  HTTP requests:      0
  DNS queries:        1860

[PROTOCOL-SPECIFIC COUNTERS - CIC-DDoS-2019 Features]
  NTP Amplification:
    Monlist queries:  496
    Responses:        0  (avg size: 0 bytes)
  DNS Amplification:
    ANY queries:      0
    TXT queries:      0
    Responses:        1554  (avg size: 316 bytes)
  SNMP Amplification:
    GetBulk requests: 0
    Responses:        0  (avg size: 0 bytes)
  SSDP:
    M-SEARCH packets: 0
    Responses:        3478
  PortMapper:
    GETPORT calls:    3425
    DUMP calls:       0
  NetBIOS:
    Name queries:     3828
    Datagram packets: 3435
  LDAP:
    Bind requests:    0
    Search requests:  3472
  MSSQL:
    SQLBatch packets: 3358
    RPC packets:      0
  TFTP:
    RRQ (read) pkts:  0
    WRQ (write) pkts: 0

[ATTACK DETECTIONS - Cumulative Events]
  UDP flood events:   3077
  UDP-lag events:     2
  SYN flood events:   0
  HTTP flood events:  0
  ICMP flood events:  0
  DNS amp events:     0
  NTP amp events:     0
  SNMP amp events:    0
  SSDP events:        0
  PortMap events:     0
  NetBIOS events:     0
  LDAP events:        0
  MSSQL events:       0
  TFTP events:        0
  ACK flood events:   0
  Frag attack events: 0
  Packet flood events:0
  (Note: Events count IPs exceeding thresholds per 50ms window)

[ALERT STATUS]
  Alert level:        [1;31mHIGH[0m
  Reason:             [1;31mUDP FLOOD detected: 51406303 UDP pps | [0m

[MULTI-LF (2025) COMPARISON]
=== Detection Performance vs ML-Based System ===

  First Detection Latency:   177.75 ms (vs MULTI-LF: 866 ms)
    Improvement:             4.9× faster

  Packets until detection:   0
  Bytes until detection:     0 (0.00 MB)

[OCTOSKETCH METRICS - Optimized Architecture]
=== Per-Worker Sketches + Sampling (1/32 packets) ===

  Architecture:              Per-worker (NO atomics, NO contention)
  Total sketch memory:       5377 KB (14 workers × 384.1 KB)
  Sampling rate:             1 in 32 packets (3.1% overhead)
  Attack traffic sampled:    6097504 updates
  Estimated attack packets:  195120128 (×32 sampling factor)
  Sketch overhead:           ~1.56% of fast-path cycles
  Memory efficiency:         O(1) constant, 384.1 KB per worker

[MULTIPLE DETECTION STATISTICS]
=== Aggregate Detection Analysis ===

  Total detection events:    3077
  Average detection latency: 52.33 ms
  Min detection latency:     50.22 ms
  Max detection latency:     301.73 ms
  Latency range:             251.51 ms

  Detection Latency Histogram:
    < 20 ms:  0 detections (0.0%)
    20-30 ms: 0 detections (0.0%)
    30-40 ms: 0 detections (0.0%)
    40-50 ms: 0 detections (0.0%)
    > 50 ms:  3076 detections (100.0%)

[PERFORMANCE METRICS]
  Throughput:         3.68 Gbps (1.40 Mpps)
  Cycles available:   2143 cycles/pkt (lower = higher load)
  Active IPs:         0
  Worker threads:     14 (lcores 1-14)

[DPDK NIC STATISTICS]
  RX packets (NIC):   224654840
  RX dropped (HW):    [0m0[0m (imissed)
  RX no mbufs:        [0m0[0m (buffer exhaustion)
  RX errors:          0
  Total drops:        [0m0 (0.00%)[0m
  RX burst calls:     69852515257 (99.7% empty)
  Processed pkts:     224655189 (100.0% of NIC RX)


╔═══════════════════════════════════════════════════════════════════════╗
║          MIRA DDoS DETECTOR - STATISTICS (MULTI-CORE)                ║
╚═══════════════════════════════════════════════════════════════════════╝

[PACKET COUNTERS - GLOBAL]
  Total packets:      231634558
  Baseline (10.10.2.x): 0 (0.0%)
  Attack (10.10.3.x): 231634558 (100.0%)
  TCP packets:        0
  UDP packets:        231634558
  ICMP packets:       0

[INSTANTANEOUS TRAFFIC - Last 5.0 seconds]
  Baseline (10.10.2.x): 0 pkts (0.0%)  0 bytes  0.00 Gbps
  Attack (10.10.3.x): 6979308 pkts (100.0%)  2302891296 bytes  3.68 Gbps
  Total throughput:   3.68 Gbps  (avg pkt: 330 bytes)

[CUMULATIVE TRAFFIC - Since first packet (166.0s)]
  Total received:     231634558 pkts (1.40 Mpps) | 3.68 Gbps | 76434100805 bytes

[ATTACK-SPECIFIC COUNTERS]
  SYN packets:        0
  SYN-ACK packets:    0
  SYN/ACK ratio:      0.00
  HTTP requests:      0
  DNS queries:        1911

[PROTOCOL-SPECIFIC COUNTERS - CIC-DDoS-2019 Features]
  NTP Amplification:
    Monlist queries:  513
    Responses:        0  (avg size: 0 bytes)
  DNS Amplification:
    ANY queries:      0
    TXT queries:      0
    Responses:        1605  (avg size: 316 bytes)
  SNMP Amplification:
    GetBulk requests: 0
    Responses:        0  (avg size: 0 bytes)
  SSDP:
    M-SEARCH packets: 0
    Responses:        3601
  PortMapper:
    GETPORT calls:    3544
    DUMP calls:       0
  NetBIOS:
    Name queries:     3935
    Datagram packets: 3538
  LDAP:
    Bind requests:    0
    Search requests:  3584
  MSSQL:
    SQLBatch packets: 3474
    RPC packets:      0
  TFTP:
    RRQ (read) pkts:  0
    WRQ (write) pkts: 0

[ATTACK DETECTIONS - Cumulative Events]
  UDP flood events:   3172
  UDP-lag events:     2
  SYN flood events:   0
  HTTP flood events:  0
  ICMP flood events:  0
  DNS amp events:     0
  NTP amp events:     0
  SNMP amp events:    0
  SSDP events:        0
  PortMap events:     0
  NetBIOS events:     0
  LDAP events:        0
  MSSQL events:       0
  TFTP events:        0
  ACK flood events:   0
  Frag attack events: 0
  Packet flood events:0
  (Note: Events count IPs exceeding thresholds per 50ms window)

[ALERT STATUS]
  Alert level:        [1;31mHIGH[0m
  Reason:             [1;31mUDP FLOOD detected: 53610213 UDP pps | [0m

[MULTI-LF (2025) COMPARISON]
=== Detection Performance vs ML-Based System ===

  First Detection Latency:   177.75 ms (vs MULTI-LF: 866 ms)
    Improvement:             4.9× faster

  Packets until detection:   0
  Bytes until detection:     0 (0.00 MB)

[OCTOSKETCH METRICS - Optimized Architecture]
=== Per-Worker Sketches + Sampling (1/32 packets) ===

  Architecture:              Per-worker (NO atomics, NO contention)
  Total sketch memory:       5377 KB (14 workers × 384.1 KB)
  Sampling rate:             1 in 32 packets (3.1% overhead)
  Attack traffic sampled:    6026272 updates
  Estimated attack packets:  192840704 (×32 sampling factor)
  Sketch overhead:           ~1.56% of fast-path cycles
  Memory efficiency:         O(1) constant, 384.1 KB per worker

[MULTIPLE DETECTION STATISTICS]
=== Aggregate Detection Analysis ===

  Total detection events:    3172
  Average detection latency: 52.33 ms
  Min detection latency:     50.22 ms
  Max detection latency:     301.73 ms
  Latency range:             251.51 ms

  Detection Latency Histogram:
    < 20 ms:  0 detections (0.0%)
    20-30 ms: 0 detections (0.0%)
    30-40 ms: 0 detections (0.0%)
    40-50 ms: 0 detections (0.0%)
    > 50 ms:  3171 detections (100.0%)

[PERFORMANCE METRICS]
  Throughput:         3.68 Gbps (1.40 Mpps)
  Cycles available:   2143 cycles/pkt (lower = higher load)
  Active IPs:         0
  Worker threads:     14 (lcores 1-14)

[DPDK NIC STATISTICS]
  RX packets (NIC):   231634172
  RX dropped (HW):    [0m0[0m (imissed)
  RX no mbufs:        [0m0[0m (buffer exhaustion)
  RX errors:          0
  Total drops:        [0m0 (0.00%)[0m
  RX burst calls:     71779563082 (99.7% empty)
  Processed pkts:     231634558 (100.0% of NIC RX)


╔═══════════════════════════════════════════════════════════════════════╗
║          MIRA DDoS DETECTOR - STATISTICS (MULTI-CORE)                ║
╚═══════════════════════════════════════════════════════════════════════╝

[PACKET COUNTERS - GLOBAL]
  Total packets:      238612445
  Baseline (10.10.2.x): 0 (0.0%)
  Attack (10.10.3.x): 238612445 (100.0%)
  TCP packets:        0
  UDP packets:        238612445
  ICMP packets:       0

[INSTANTANEOUS TRAFFIC - Last 5.0 seconds]
  Baseline (10.10.2.x): 0 pkts (0.0%)  0 bytes  0.00 Gbps
  Attack (10.10.3.x): 6977812 pkts (100.0%)  2302545424 bytes  3.68 Gbps
  Total throughput:   3.68 Gbps  (avg pkt: 330 bytes)

[CUMULATIVE TRAFFIC - Since first packet (171.0s)]
  Total received:     238612445 pkts (1.40 Mpps) | 3.68 Gbps | 78736671848 bytes

[ATTACK-SPECIFIC COUNTERS]
  SYN packets:        0
  SYN-ACK packets:    0
  SYN/ACK ratio:      0.00
  HTTP requests:      0
  DNS queries:        1973

[PROTOCOL-SPECIFIC COUNTERS - CIC-DDoS-2019 Features]
  NTP Amplification:
    Monlist queries:  526
    Responses:        0  (avg size: 0 bytes)
  DNS Amplification:
    ANY queries:      0
    TXT queries:      0
    Responses:        1646  (avg size: 316 bytes)
  SNMP Amplification:
    GetBulk requests: 0
    Responses:        0  (avg size: 0 bytes)
  SSDP:
    M-SEARCH packets: 0
    Responses:        3707
  PortMapper:
    GETPORT calls:    3647
    DUMP calls:       0
  NetBIOS:
    Name queries:     4066
    Datagram packets: 3660
  LDAP:
    Bind requests:    0
    Search requests:  3698
  MSSQL:
    SQLBatch packets: 3558
    RPC packets:      0
  TFTP:
    RRQ (read) pkts:  0
    WRQ (write) pkts: 0

[ATTACK DETECTIONS - Cumulative Events]
  UDP flood events:   3267
  UDP-lag events:     2
  SYN flood events:   0
  HTTP flood events:  0
  ICMP flood events:  0
  DNS amp events:     0
  NTP amp events:     0
  SNMP amp events:    0
  SSDP events:        0
  PortMap events:     0
  NetBIOS events:     0
  LDAP events:        0
  MSSQL events:       0
  TFTP events:        0
  ACK flood events:   0
  Frag attack events: 0
  Packet flood events:0
  (Note: Events count IPs exceeding thresholds per 50ms window)

[ALERT STATUS]
  Alert level:        [1;31mHIGH[0m
  Reason:             [1;31mUDP FLOOD detected: 55231236 UDP pps | [0m

[MULTI-LF (2025) COMPARISON]
=== Detection Performance vs ML-Based System ===

  First Detection Latency:   177.75 ms (vs MULTI-LF: 866 ms)
    Improvement:             4.9× faster

  Packets until detection:   0
  Bytes until detection:     0 (0.00 MB)

[OCTOSKETCH METRICS - Optimized Architecture]
=== Per-Worker Sketches + Sampling (1/32 packets) ===

  Architecture:              Per-worker (NO atomics, NO contention)
  Total sketch memory:       5377 KB (14 workers × 384.1 KB)
  Sampling rate:             1 in 32 packets (3.1% overhead)
  Attack traffic sampled:    6024672 updates
  Estimated attack packets:  192789504 (×32 sampling factor)
  Sketch overhead:           ~1.56% of fast-path cycles
  Memory efficiency:         O(1) constant, 384.1 KB per worker

[MULTIPLE DETECTION STATISTICS]
=== Aggregate Detection Analysis ===

  Total detection events:    3267
  Average detection latency: 52.35 ms
  Min detection latency:     50.22 ms
  Max detection latency:     301.73 ms
  Latency range:             251.51 ms

  Detection Latency Histogram:
    < 20 ms:  0 detections (0.0%)
    20-30 ms: 0 detections (0.0%)
    30-40 ms: 0 detections (0.0%)
    40-50 ms: 0 detections (0.0%)
    > 50 ms:  3266 detections (100.0%)

[PERFORMANCE METRICS]
  Throughput:         3.68 Gbps (1.39 Mpps)
  Cycles available:   2144 cycles/pkt (lower = higher load)
  Active IPs:         0
  Worker threads:     14 (lcores 1-14)

[DPDK NIC STATISTICS]
  RX packets (NIC):   238612096
  RX dropped (HW):    [0m0[0m (imissed)
  RX no mbufs:        [0m0[0m (buffer exhaustion)
  RX errors:          0
  Total drops:        [0m0 (0.00%)[0m
  RX burst calls:     73706531302 (99.7% empty)
  Processed pkts:     238612445 (100.0% of NIC RX)


╔═══════════════════════════════════════════════════════════════════════╗
║          MIRA DDoS DETECTOR - STATISTICS (MULTI-CORE)                ║
╚═══════════════════════════════════════════════════════════════════════╝

[PACKET COUNTERS - GLOBAL]
  Total packets:      245592843
  Baseline (10.10.2.x): 0 (0.0%)
  Attack (10.10.3.x): 245592843 (100.0%)
  TCP packets:        0
  UDP packets:        245592843
  ICMP packets:       0

[INSTANTANEOUS TRAFFIC - Last 5.0 seconds]
  Baseline (10.10.2.x): 0 pkts (0.0%)  0 bytes  0.00 Gbps
  Attack (10.10.3.x): 6980304 pkts (100.0%)  2303289640 bytes  3.68 Gbps
  Total throughput:   3.68 Gbps  (avg pkt: 330 bytes)

[CUMULATIVE TRAFFIC - Since first packet (176.0s)]
  Total received:     245592843 pkts (1.40 Mpps) | 3.68 Gbps | 81039990168 bytes

[ATTACK-SPECIFIC COUNTERS]
  SYN packets:        0
  SYN-ACK packets:    0
  SYN/ACK ratio:      0.00
  HTTP requests:      0
  DNS queries:        2031

[PROTOCOL-SPECIFIC COUNTERS - CIC-DDoS-2019 Features]
  NTP Amplification:
    Monlist queries:  540
    Responses:        0  (avg size: 0 bytes)
  DNS Amplification:
    ANY queries:      0
    TXT queries:      0
    Responses:        1700  (avg size: 316 bytes)
  SNMP Amplification:
    GetBulk requests: 0
    Responses:        0  (avg size: 0 bytes)
  SSDP:
    M-SEARCH packets: 0
    Responses:        3803
  PortMapper:
    GETPORT calls:    3741
    DUMP calls:       0
  NetBIOS:
    Name queries:     4186
    Datagram packets: 3754
  LDAP:
    Bind requests:    0
    Search requests:  3796
  MSSQL:
    SQLBatch packets: 3672
    RPC packets:      0
  TFTP:
    RRQ (read) pkts:  0
    WRQ (write) pkts: 0

[ATTACK DETECTIONS - Cumulative Events]
  UDP flood events:   3363
  UDP-lag events:     2
  SYN flood events:   0
  HTTP flood events:  0
  ICMP flood events:  0
  DNS amp events:     0
  NTP amp events:     0
  SNMP amp events:    0
  SSDP events:        0
  PortMap events:     0
  NetBIOS events:     0
  LDAP events:        0
  MSSQL events:       0
  TFTP events:        0
  ACK flood events:   0
  Frag attack events: 0
  Packet flood events:0
  (Note: Events count IPs exceeding thresholds per 50ms window)

[ALERT STATUS]
  Alert level:        [1;31mHIGH[0m
  Reason:             [1;31mUDP FLOOD detected: 56853860 UDP pps | [0m

[MULTI-LF (2025) COMPARISON]
=== Detection Performance vs ML-Based System ===

  First Detection Latency:   177.75 ms (vs MULTI-LF: 866 ms)
    Improvement:             4.9× faster

  Packets until detection:   0
  Bytes until detection:     0 (0.00 MB)

[OCTOSKETCH METRICS - Optimized Architecture]
=== Per-Worker Sketches + Sampling (1/32 packets) ===

  Architecture:              Per-worker (NO atomics, NO contention)
  Total sketch memory:       5377 KB (14 workers × 384.1 KB)
  Sampling rate:             1 in 32 packets (3.1% overhead)
  Attack traffic sampled:    6026176 updates
  Estimated attack packets:  192837632 (×32 sampling factor)
  Sketch overhead:           ~1.56% of fast-path cycles
  Memory efficiency:         O(1) constant, 384.1 KB per worker

[MULTIPLE DETECTION STATISTICS]
=== Aggregate Detection Analysis ===

  Total detection events:    3363
  Average detection latency: 52.35 ms
  Min detection latency:     50.22 ms
  Max detection latency:     301.73 ms
  Latency range:             251.51 ms

  Detection Latency Histogram:
    < 20 ms:  0 detections (0.0%)
    20-30 ms: 0 detections (0.0%)
    30-40 ms: 0 detections (0.0%)
    40-50 ms: 0 detections (0.0%)
    > 50 ms:  3362 detections (100.0%)

[PERFORMANCE METRICS]
  Throughput:         3.68 Gbps (1.40 Mpps)
  Cycles available:   2143 cycles/pkt (lower = higher load)
  Active IPs:         0
  Worker threads:     14 (lcores 1-14)

[DPDK NIC STATISTICS]
  RX packets (NIC):   245592478
  RX dropped (HW):    [0m0[0m (imissed)
  RX no mbufs:        [0m0[0m (buffer exhaustion)
  RX errors:          0
  Total drops:        [0m0 (0.00%)[0m
  RX burst calls:     75633582434 (99.7% empty)
  Processed pkts:     245592843 (100.0% of NIC RX)


╔═══════════════════════════════════════════════════════════════════════╗
║          MIRA DDoS DETECTOR - STATISTICS (MULTI-CORE)                ║
╚═══════════════════════════════════════════════════════════════════════╝

[PACKET COUNTERS - GLOBAL]
  Total packets:      252574176
  Baseline (10.10.2.x): 0 (0.0%)
  Attack (10.10.3.x): 252574176 (100.0%)
  TCP packets:        0
  UDP packets:        252574176
  ICMP packets:       0

[INSTANTANEOUS TRAFFIC - Last 5.0 seconds]
  Baseline (10.10.2.x): 0 pkts (0.0%)  0 bytes  0.00 Gbps
  Attack (10.10.3.x): 6981258 pkts (100.0%)  2303767054 bytes  3.68 Gbps
  Total throughput:   3.68 Gbps  (avg pkt: 330 bytes)

[CUMULATIVE TRAFFIC - Since first packet (181.0s)]
  Total received:     252574176 pkts (1.40 Mpps) | 3.68 Gbps | 83343783434 bytes

[ATTACK-SPECIFIC COUNTERS]
  SYN packets:        0
  SYN-ACK packets:    0
  SYN/ACK ratio:      0.00
  HTTP requests:      0
  DNS queries:        2080

[PROTOCOL-SPECIFIC COUNTERS - CIC-DDoS-2019 Features]
  NTP Amplification:
    Monlist queries:  558
    Responses:        0  (avg size: 0 bytes)
  DNS Amplification:
    ANY queries:      0
    TXT queries:      0
    Responses:        1745  (avg size: 316 bytes)
  SNMP Amplification:
    GetBulk requests: 0
    Responses:        0  (avg size: 0 bytes)
  SSDP:
    M-SEARCH packets: 0
    Responses:        3927
  PortMapper:
    GETPORT calls:    3865
    DUMP calls:       0
  NetBIOS:
    Name queries:     4295
    Datagram packets: 3860
  LDAP:
    Bind requests:    0
    Search requests:  3910
  MSSQL:
    SQLBatch packets: 3781
    RPC packets:      0
  TFTP:
    RRQ (read) pkts:  0
    WRQ (write) pkts: 0

[ATTACK DETECTIONS - Cumulative Events]
  UDP flood events:   3458
  UDP-lag events:     2
  SYN flood events:   0
  HTTP flood events:  0
  ICMP flood events:  0
  DNS amp events:     0
  NTP amp events:     0
  SNMP amp events:    0
  SSDP events:        0
  PortMap events:     0
  NetBIOS events:     0
  LDAP events:        0
  MSSQL events:       0
  TFTP events:        0
  ACK flood events:   0
  Frag attack events: 0
  Packet flood events:0
  (Note: Events count IPs exceeding thresholds per 50ms window)

[ALERT STATUS]
  Alert level:        [1;31mHIGH[0m
  Reason:             [1;31mUDP FLOOD detected: 59148323 UDP pps | [0m

[MULTI-LF (2025) COMPARISON]
=== Detection Performance vs ML-Based System ===

  First Detection Latency:   177.75 ms (vs MULTI-LF: 866 ms)
    Improvement:             4.9× faster

  Packets until detection:   0
  Bytes until detection:     0 (0.00 MB)

[OCTOSKETCH METRICS - Optimized Architecture]
=== Per-Worker Sketches + Sampling (1/32 packets) ===

  Architecture:              Per-worker (NO atomics, NO contention)
  Total sketch memory:       5377 KB (14 workers × 384.1 KB)
  Sampling rate:             1 in 32 packets (3.1% overhead)
  Attack traffic sampled:    5956096 updates
  Estimated attack packets:  190595072 (×32 sampling factor)
  Sketch overhead:           ~1.56% of fast-path cycles
  Memory efficiency:         O(1) constant, 384.1 KB per worker

[MULTIPLE DETECTION STATISTICS]
=== Aggregate Detection Analysis ===

  Total detection events:    3458
  Average detection latency: 52.35 ms
  Min detection latency:     50.22 ms
  Max detection latency:     301.73 ms
  Latency range:             251.51 ms

  Detection Latency Histogram:
    < 20 ms:  0 detections (0.0%)
    20-30 ms: 0 detections (0.0%)
    30-40 ms: 0 detections (0.0%)
    40-50 ms: 0 detections (0.0%)
    > 50 ms:  3457 detections (100.0%)

[PERFORMANCE METRICS]
  Throughput:         3.68 Gbps (1.40 Mpps)
  Cycles available:   2143 cycles/pkt (lower = higher load)
  Active IPs:         0
  Worker threads:     14 (lcores 1-14)

[DPDK NIC STATISTICS]
  RX packets (NIC):   252573838
  RX dropped (HW):    [0m0[0m (imissed)
  RX no mbufs:        [0m0[0m (buffer exhaustion)
  RX errors:          0
  Total drops:        [0m0 (0.00%)[0m
  RX burst calls:     77560539532 (99.7% empty)
  Processed pkts:     252574176 (100.0% of NIC RX)


╔═══════════════════════════════════════════════════════════════════════╗
║          MIRA DDoS DETECTOR - STATISTICS (MULTI-CORE)                ║
╚═══════════════════════════════════════════════════════════════════════╝

[PACKET COUNTERS - GLOBAL]
  Total packets:      259555101
  Baseline (10.10.2.x): 0 (0.0%)
  Attack (10.10.3.x): 259555101 (100.0%)
  TCP packets:        0
  UDP packets:        259555101
  ICMP packets:       0

[INSTANTANEOUS TRAFFIC - Last 5.0 seconds]
  Baseline (10.10.2.x): 0 pkts (0.0%)  0 bytes  0.00 Gbps
  Attack (10.10.3.x): 6980853 pkts (100.0%)  2303478484 bytes  3.68 Gbps
  Total throughput:   3.68 Gbps  (avg pkt: 330 bytes)

[CUMULATIVE TRAFFIC - Since first packet (186.0s)]
  Total received:     259555101 pkts (1.40 Mpps) | 3.68 Gbps | 85647286059 bytes

[ATTACK-SPECIFIC COUNTERS]
  SYN packets:        0
  SYN-ACK packets:    0
  SYN/ACK ratio:      0.00
  HTTP requests:      0
  DNS queries:        2145

[PROTOCOL-SPECIFIC COUNTERS - CIC-DDoS-2019 Features]
  NTP Amplification:
    Monlist queries:  572
    Responses:        0  (avg size: 0 bytes)
  DNS Amplification:
    ANY queries:      0
    TXT queries:      0
    Responses:        1789  (avg size: 316 bytes)
  SNMP Amplification:
    GetBulk requests: 0
    Responses:        0  (avg size: 0 bytes)
  SSDP:
    M-SEARCH packets: 0
    Responses:        4023
  PortMapper:
    GETPORT calls:    3974
    DUMP calls:       0
  NetBIOS:
    Name queries:     4426
    Datagram packets: 3980
  LDAP:
    Bind requests:    0
    Search requests:  4024
  MSSQL:
    SQLBatch packets: 3871
    RPC packets:      0
  TFTP:
    RRQ (read) pkts:  0
    WRQ (write) pkts: 0

[ATTACK DETECTIONS - Cumulative Events]
  UDP flood events:   3554
  UDP-lag events:     2
  SYN flood events:   0
  HTTP flood events:  0
  ICMP flood events:  0
  DNS amp events:     0
  NTP amp events:     0
  SNMP amp events:    0
  SSDP events:        0
  PortMap events:     0
  NetBIOS events:     0
  LDAP events:        0
  MSSQL events:       0
  TFTP events:        0
  ACK flood events:   0
  Frag attack events: 0
  Packet flood events:0
  (Note: Events count IPs exceeding thresholds per 50ms window)

[ALERT STATUS]
  Alert level:        [1;31mHIGH[0m
  Reason:             [1;31mUDP FLOOD detected: 60789799 UDP pps | [0m

[MULTI-LF (2025) COMPARISON]
=== Detection Performance vs ML-Based System ===

  First Detection Latency:   177.75 ms (vs MULTI-LF: 866 ms)
    Improvement:             4.9× faster

  Packets until detection:   0
  Bytes until detection:     0 (0.00 MB)

[OCTOSKETCH METRICS - Optimized Architecture]
=== Per-Worker Sketches + Sampling (1/32 packets) ===

  Architecture:              Per-worker (NO atomics, NO contention)
  Total sketch memory:       5377 KB (14 workers × 384.1 KB)
  Sampling rate:             1 in 32 packets (3.1% overhead)
  Attack traffic sampled:    5957376 updates
  Estimated attack packets:  190636032 (×32 sampling factor)
  Sketch overhead:           ~1.56% of fast-path cycles
  Memory efficiency:         O(1) constant, 384.1 KB per worker

[MULTIPLE DETECTION STATISTICS]
=== Aggregate Detection Analysis ===

  Total detection events:    3554
  Average detection latency: 52.35 ms
  Min detection latency:     50.22 ms
  Max detection latency:     301.73 ms
  Latency range:             251.51 ms

  Detection Latency Histogram:
    < 20 ms:  0 detections (0.0%)
    20-30 ms: 0 detections (0.0%)
    30-40 ms: 0 detections (0.0%)
    40-50 ms: 0 detections (0.0%)
    > 50 ms:  3553 detections (100.0%)

[PERFORMANCE METRICS]
  Throughput:         3.68 Gbps (1.40 Mpps)
  Cycles available:   2143 cycles/pkt (lower = higher load)
  Active IPs:         0
  Worker threads:     14 (lcores 1-14)

[DPDK NIC STATISTICS]
  RX packets (NIC):   259554752
  RX dropped (HW):    [0m0[0m (imissed)
  RX no mbufs:        [0m0[0m (buffer exhaustion)
  RX errors:          0
  Total drops:        [0m0 (0.00%)[0m
  RX burst calls:     79487351351 (99.7% empty)
  Processed pkts:     259555101 (100.0% of NIC RX)


╔═══════════════════════════════════════════════════════════════════════╗
║          MIRA DDoS DETECTOR - STATISTICS (MULTI-CORE)                ║
╚═══════════════════════════════════════════════════════════════════════╝

[PACKET COUNTERS - GLOBAL]
  Total packets:      266536515
  Baseline (10.10.2.x): 0 (0.0%)
  Attack (10.10.3.x): 266536515 (100.0%)
  TCP packets:        0
  UDP packets:        266536515
  ICMP packets:       0

[INSTANTANEOUS TRAFFIC - Last 5.0 seconds]
  Baseline (10.10.2.x): 0 pkts (0.0%)  0 bytes  0.00 Gbps
  Attack (10.10.3.x): 6981339 pkts (100.0%)  2303687311 bytes  3.68 Gbps
  Total throughput:   3.68 Gbps  (avg pkt: 330 bytes)

[CUMULATIVE TRAFFIC - Since first packet (191.0s)]
  Total received:     266536515 pkts (1.40 Mpps) | 3.68 Gbps | 87950998891 bytes

[ATTACK-SPECIFIC COUNTERS]
  SYN packets:        0
  SYN-ACK packets:    0
  SYN/ACK ratio:      0.00
  HTTP requests:      0
  DNS queries:        2200

[PROTOCOL-SPECIFIC COUNTERS - CIC-DDoS-2019 Features]
  NTP Amplification:
    Monlist queries:  585
    Responses:        0  (avg size: 0 bytes)
  DNS Amplification:
    ANY queries:      0
    TXT queries:      0
    Responses:        1847  (avg size: 316 bytes)
  SNMP Amplification:
    GetBulk requests: 0
    Responses:        0  (avg size: 0 bytes)
  SSDP:
    M-SEARCH packets: 0
    Responses:        4130
  PortMapper:
    GETPORT calls:    4057
    DUMP calls:       0
  NetBIOS:
    Name queries:     4543
    Datagram packets: 4077
  LDAP:
    Bind requests:    0
    Search requests:  4122
  MSSQL:
    SQLBatch packets: 3981
    RPC packets:      0
  TFTP:
    RRQ (read) pkts:  0
    WRQ (write) pkts: 0

[ATTACK DETECTIONS - Cumulative Events]
  UDP flood events:   3649
  UDP-lag events:     2
  SYN flood events:   0
  HTTP flood events:  0
  ICMP flood events:  0
  DNS amp events:     0
  NTP amp events:     0
  SNMP amp events:    0
  SSDP events:        0
  PortMap events:     0
  NetBIOS events:     0
  LDAP events:        0
  MSSQL events:       0
  TFTP events:        0
  ACK flood events:   0
  Frag attack events: 0
  Packet flood events:0
  (Note: Events count IPs exceeding thresholds per 50ms window)

[ALERT STATUS]
  Alert level:        [1;31mHIGH[0m
  Reason:             [1;31mUDP FLOOD detected: 63158039 UDP pps | [0m

[MULTI-LF (2025) COMPARISON]
=== Detection Performance vs ML-Based System ===

  First Detection Latency:   177.75 ms (vs MULTI-LF: 866 ms)
    Improvement:             4.9× faster

  Packets until detection:   0
  Bytes until detection:     0 (0.00 MB)

[OCTOSKETCH METRICS - Optimized Architecture]
=== Per-Worker Sketches + Sampling (1/32 packets) ===

  Architecture:              Per-worker (NO atomics, NO contention)
  Total sketch memory:       5377 KB (14 workers × 384.1 KB)
  Sampling rate:             1 in 32 packets (3.1% overhead)
  Attack traffic sampled:    5888480 updates
  Estimated attack packets:  188431360 (×32 sampling factor)
  Sketch overhead:           ~1.56% of fast-path cycles
  Memory efficiency:         O(1) constant, 384.1 KB per worker

[MULTIPLE DETECTION STATISTICS]
=== Aggregate Detection Analysis ===

  Total detection events:    3649
  Average detection latency: 52.35 ms
  Min detection latency:     50.22 ms
  Max detection latency:     301.73 ms
  Latency range:             251.51 ms

  Detection Latency Histogram:
    < 20 ms:  0 detections (0.0%)
    20-30 ms: 0 detections (0.0%)
    30-40 ms: 0 detections (0.0%)
    40-50 ms: 0 detections (0.0%)
    > 50 ms:  3648 detections (100.0%)

[PERFORMANCE METRICS]
  Throughput:         3.68 Gbps (1.40 Mpps)
  Cycles available:   2143 cycles/pkt (lower = higher load)
  Active IPs:         0
  Worker threads:     14 (lcores 1-14)

[DPDK NIC STATISTICS]
  RX packets (NIC):   266536136
  RX dropped (HW):    [0m0[0m (imissed)
  RX no mbufs:        [0m0[0m (buffer exhaustion)
  RX errors:          0
  Total drops:        [0m0 (0.00%)[0m
  RX burst calls:     81414070092 (99.7% empty)
  Processed pkts:     266536515 (100.0% of NIC RX)


╔═══════════════════════════════════════════════════════════════════════╗
║          MIRA DDoS DETECTOR - STATISTICS (MULTI-CORE)                ║
╚═══════════════════════════════════════════════════════════════════════╝

[PACKET COUNTERS - GLOBAL]
  Total packets:      273515244
  Baseline (10.10.2.x): 0 (0.0%)
  Attack (10.10.3.x): 273515244 (100.0%)
  TCP packets:        0
  UDP packets:        273515244
  ICMP packets:       0

[INSTANTANEOUS TRAFFIC - Last 5.0 seconds]
  Baseline (10.10.2.x): 0 pkts (0.0%)  0 bytes  0.00 Gbps
  Attack (10.10.3.x): 6978652 pkts (100.0%)  2469137100 bytes  3.95 Gbps
  Total throughput:   3.95 Gbps  (avg pkt: 354 bytes)

[CUMULATIVE TRAFFIC - Since first packet (196.1s)]
  Total received:     273515244 pkts (1.40 Mpps) | 3.68 Gbps | 90253817679 bytes

[ATTACK-SPECIFIC COUNTERS]
  SYN packets:        0
  SYN-ACK packets:    0
  SYN/ACK ratio:      0.00
  HTTP requests:      0
  DNS queries:        2257

[PROTOCOL-SPECIFIC COUNTERS - CIC-DDoS-2019 Features]
  NTP Amplification:
    Monlist queries:  603
    Responses:        0  (avg size: 0 bytes)
  DNS Amplification:
    ANY queries:      0
    TXT queries:      0
    Responses:        1887  (avg size: 316 bytes)
  SNMP Amplification:
    GetBulk requests: 0
    Responses:        0  (avg size: 0 bytes)
  SSDP:
    M-SEARCH packets: 0
    Responses:        4257
  PortMapper:
    GETPORT calls:    4183
    DUMP calls:       0
  NetBIOS:
    Name queries:     4651
    Datagram packets: 4180
  LDAP:
    Bind requests:    0
    Search requests:  4231
  MSSQL:
    SQLBatch packets: 4093
    RPC packets:      0
  TFTP:
    RRQ (read) pkts:  0
    WRQ (write) pkts: 0

[ATTACK DETECTIONS - Cumulative Events]
  UDP flood events:   3745
  UDP-lag events:     3
  SYN flood events:   0
  HTTP flood events:  0
  ICMP flood events:  0
  DNS amp events:     0
  NTP amp events:     0
  SNMP amp events:    0
  SSDP events:        0
  PortMap events:     0
  NetBIOS events:     0
  LDAP events:        0
  MSSQL events:       0
  TFTP events:        0
  ACK flood events:   0
  Frag attack events: 0
  Packet flood events:0
  (Note: Events count IPs exceeding thresholds per 50ms window)

[ALERT STATUS]
  Alert level:        [1;31mHIGH[0m
  Reason:             [1;31mUDP FLOOD detected: 64818618 UDP pps | [0m

[MULTI-LF (2025) COMPARISON]
=== Detection Performance vs ML-Based System ===

  First Detection Latency:   177.75 ms (vs MULTI-LF: 866 ms)
    Improvement:             4.9× faster

  Packets until detection:   0
  Bytes until detection:     0 (0.00 MB)

[OCTOSKETCH METRICS - Optimized Architecture]
=== Per-Worker Sketches + Sampling (1/32 packets) ===

  Architecture:              Per-worker (NO atomics, NO contention)
  Total sketch memory:       5377 KB (14 workers × 384.1 KB)
  Sampling rate:             1 in 32 packets (3.1% overhead)
  Attack traffic sampled:    5885472 updates
  Estimated attack packets:  188335104 (×32 sampling factor)
  Sketch overhead:           ~1.56% of fast-path cycles
  Memory efficiency:         O(1) constant, 384.1 KB per worker

[MULTIPLE DETECTION STATISTICS]
=== Aggregate Detection Analysis ===

  Total detection events:    3745
  Average detection latency: 52.34 ms
  Min detection latency:     50.22 ms
  Max detection latency:     301.73 ms
  Latency range:             251.51 ms

  Detection Latency Histogram:
    < 20 ms:  0 detections (0.0%)
    20-30 ms: 0 detections (0.0%)
    30-40 ms: 0 detections (0.0%)
    40-50 ms: 0 detections (0.0%)
    > 50 ms:  3744 detections (100.0%)

[PERFORMANCE METRICS]
  Throughput:         3.95 Gbps (1.39 Mpps)
  Cycles available:   2144 cycles/pkt (lower = higher load)
  Active IPs:         0
  Worker threads:     14 (lcores 1-14)

[DPDK NIC STATISTICS]
  RX packets (NIC):   273514844
  RX dropped (HW):    [0m0[0m (imissed)
  RX no mbufs:        [0m0[0m (buffer exhaustion)
  RX errors:          0
  Total drops:        [0m0 (0.00%)[0m
  RX burst calls:     83341093062 (99.7% empty)
  Processed pkts:     273515244 (100.0% of NIC RX)


╔═══════════════════════════════════════════════════════════════════════╗
║          MIRA DDoS DETECTOR - STATISTICS (MULTI-CORE)                ║
╚═══════════════════════════════════════════════════════════════════════╝

[PACKET COUNTERS - GLOBAL]
  Total packets:      280496568
  Baseline (10.10.2.x): 0 (0.0%)
  Attack (10.10.3.x): 280496568 (100.0%)
  TCP packets:        0
  UDP packets:        280496568
  ICMP packets:       0

[INSTANTANEOUS TRAFFIC - Last 5.0 seconds]
  Baseline (10.10.2.x): 0 pkts (0.0%)  0 bytes  0.00 Gbps
  Attack (10.10.3.x): 6981253 pkts (100.0%)  2303723803 bytes  3.68 Gbps
  Total throughput:   3.68 Gbps  (avg pkt: 330 bytes)

[CUMULATIVE TRAFFIC - Since first packet (201.1s)]
  Total received:     280496568 pkts (1.40 Mpps) | 3.68 Gbps | 92557564501 bytes

[ATTACK-SPECIFIC COUNTERS]
  SYN packets:        0
  SYN-ACK packets:    0
  SYN/ACK ratio:      0.00
  HTTP requests:      0
  DNS queries:        2315

[PROTOCOL-SPECIFIC COUNTERS - CIC-DDoS-2019 Features]
  NTP Amplification:
    Monlist queries:  618
    Responses:        0  (avg size: 0 bytes)
  DNS Amplification:
    ANY queries:      0
    TXT queries:      0
    Responses:        1937  (avg size: 316 bytes)
  SNMP Amplification:
    GetBulk requests: 0
    Responses:        0  (avg size: 0 bytes)
  SSDP:
    M-SEARCH packets: 0
    Responses:        4345
  PortMapper:
    GETPORT calls:    4286
    DUMP calls:       0
  NetBIOS:
    Name queries:     4779
    Datagram packets: 4306
  LDAP:
    Bind requests:    0
    Search requests:  4347
  MSSQL:
    SQLBatch packets: 4182
    RPC packets:      0
  TFTP:
    RRQ (read) pkts:  0
    WRQ (write) pkts: 0

[ATTACK DETECTIONS - Cumulative Events]
  UDP flood events:   3841
  UDP-lag events:     3
  SYN flood events:   0
  HTTP flood events:  0
  ICMP flood events:  0
  DNS amp events:     0
  NTP amp events:     0
  SNMP amp events:    0
  SSDP events:        0
  PortMap events:     0
  NetBIOS events:     0
  LDAP events:        0
  MSSQL events:       0
  TFTP events:        0
  ACK flood events:   0
  Frag attack events: 0
  Packet flood events:0
  (Note: Events count IPs exceeding thresholds per 50ms window)

[ALERT STATUS]
  Alert level:        [1;31mHIGH[0m
  Reason:             [1;31mUDP FLOOD detected: 66479416 UDP pps | [0m

[MULTI-LF (2025) COMPARISON]
=== Detection Performance vs ML-Based System ===

  First Detection Latency:   177.75 ms (vs MULTI-LF: 866 ms)
    Improvement:             4.9× faster

  Packets until detection:   0
  Bytes until detection:     0 (0.00 MB)

[OCTOSKETCH METRICS - Optimized Architecture]
=== Per-Worker Sketches + Sampling (1/32 packets) ===

  Architecture:              Per-worker (NO atomics, NO contention)
  Total sketch memory:       5377 KB (14 workers × 384.1 KB)
  Sampling rate:             1 in 32 packets (3.1% overhead)
  Attack traffic sampled:    5885600 updates
  Estimated attack packets:  188339200 (×32 sampling factor)
  Sketch overhead:           ~1.56% of fast-path cycles
  Memory efficiency:         O(1) constant, 384.1 KB per worker

[MULTIPLE DETECTION STATISTICS]
=== Aggregate Detection Analysis ===

  Total detection events:    3841
  Average detection latency: 52.34 ms
  Min detection latency:     50.22 ms
  Max detection latency:     301.73 ms
  Latency range:             251.51 ms

  Detection Latency Histogram:
    < 20 ms:  0 detections (0.0%)
    20-30 ms: 0 detections (0.0%)
    30-40 ms: 0 detections (0.0%)
    40-50 ms: 0 detections (0.0%)
    > 50 ms:  3840 detections (100.0%)

[PERFORMANCE METRICS]
  Throughput:         3.68 Gbps (1.40 Mpps)
  Cycles available:   2143 cycles/pkt (lower = higher load)
  Active IPs:         0
  Worker threads:     14 (lcores 1-14)

[DPDK NIC STATISTICS]
  RX packets (NIC):   280496200
  RX dropped (HW):    [0m0[0m (imissed)
  RX no mbufs:        [0m0[0m (buffer exhaustion)
  RX errors:          0
  Total drops:        [0m0 (0.00%)[0m
  RX burst calls:     85267966152 (99.7% empty)
  Processed pkts:     280496568 (100.0% of NIC RX)


╔═══════════════════════════════════════════════════════════════════════╗
║          MIRA DDoS DETECTOR - STATISTICS (MULTI-CORE)                ║
╚═══════════════════════════════════════════════════════════════════════╝

[PACKET COUNTERS - GLOBAL]
  Total packets:      287477995
  Baseline (10.10.2.x): 0 (0.0%)
  Attack (10.10.3.x): 287477995 (100.0%)
  TCP packets:        0
  UDP packets:        287477995
  ICMP packets:       0

[INSTANTANEOUS TRAFFIC - Last 5.0 seconds]
  Baseline (10.10.2.x): 0 pkts (0.0%)  0 bytes  0.00 Gbps
  Attack (10.10.3.x): 6981362 pkts (100.0%)  2303403215 bytes  3.68 Gbps
  Total throughput:   3.68 Gbps  (avg pkt: 330 bytes)

[CUMULATIVE TRAFFIC - Since first packet (206.1s)]
  Total received:     287477995 pkts (1.40 Mpps) | 3.68 Gbps | 94860989482 bytes

[ATTACK-SPECIFIC COUNTERS]
  SYN packets:        0
  SYN-ACK packets:    0
  SYN/ACK ratio:      0.00
  HTTP requests:      0
  DNS queries:        2372

[PROTOCOL-SPECIFIC COUNTERS - CIC-DDoS-2019 Features]
  NTP Amplification:
    Monlist queries:  631
    Responses:        0  (avg size: 0 bytes)
  DNS Amplification:
    ANY queries:      0
    TXT queries:      0
    Responses:        1992  (avg size: 316 bytes)
  SNMP Amplification:
    GetBulk requests: 0
    Responses:        0  (avg size: 0 bytes)
  SSDP:
    M-SEARCH packets: 0
    Responses:        4452
  PortMapper:
    GETPORT calls:    4378
    DUMP calls:       0
  NetBIOS:
    Name queries:     4898
    Datagram packets: 4399
  LDAP:
    Bind requests:    0
    Search requests:  4450
  MSSQL:
    SQLBatch packets: 4295
    RPC packets:      0
  TFTP:
    RRQ (read) pkts:  0
    WRQ (write) pkts: 0

[ATTACK DETECTIONS - Cumulative Events]
  UDP flood events:   3936
  UDP-lag events:     3
  SYN flood events:   0
  HTTP flood events:  0
  ICMP flood events:  0
  DNS amp events:     0
  NTP amp events:     0
  SNMP amp events:    0
  SSDP events:        0
  PortMap events:     0
  NetBIOS events:     0
  LDAP events:        0
  MSSQL events:       0
  TFTP events:        0
  ACK flood events:   0
  Frag attack events: 0
  Packet flood events:0
  (Note: Events count IPs exceeding thresholds per 50ms window)

[ALERT STATUS]
  Alert level:        [1;31mHIGH[0m
  Reason:             [1;31mUDP FLOOD detected: 68945764 UDP pps | [0m

[MULTI-LF (2025) COMPARISON]
=== Detection Performance vs ML-Based System ===

  First Detection Latency:   177.75 ms (vs MULTI-LF: 866 ms)
    Improvement:             4.9× faster

  Packets until detection:   0
  Bytes until detection:     0 (0.00 MB)

[OCTOSKETCH METRICS - Optimized Architecture]
=== Per-Worker Sketches + Sampling (1/32 packets) ===

  Architecture:              Per-worker (NO atomics, NO contention)
  Total sketch memory:       5377 KB (14 workers × 384.1 KB)
  Sampling rate:             1 in 32 packets (3.1% overhead)
  Attack traffic sampled:    5816960 updates
  Estimated attack packets:  186142720 (×32 sampling factor)
  Sketch overhead:           ~1.56% of fast-path cycles
  Memory efficiency:         O(1) constant, 384.1 KB per worker

[MULTIPLE DETECTION STATISTICS]
=== Aggregate Detection Analysis ===

  Total detection events:    3936
  Average detection latency: 52.34 ms
  Min detection latency:     50.22 ms
  Max detection latency:     301.73 ms
  Latency range:             251.51 ms

  Detection Latency Histogram:
    < 20 ms:  0 detections (0.0%)
    20-30 ms: 0 detections (0.0%)
    30-40 ms: 0 detections (0.0%)
    40-50 ms: 0 detections (0.0%)
    > 50 ms:  3935 detections (100.0%)

[PERFORMANCE METRICS]
  Throughput:         3.68 Gbps (1.40 Mpps)
  Cycles available:   2143 cycles/pkt (lower = higher load)
  Active IPs:         0
  Worker threads:     14 (lcores 1-14)

[DPDK NIC STATISTICS]
  RX packets (NIC):   287477611
  RX dropped (HW):    [0m0[0m (imissed)
  RX no mbufs:        [0m0[0m (buffer exhaustion)
  RX errors:          0
  Total drops:        [0m0 (0.00%)[0m
  RX burst calls:     87194616227 (99.7% empty)
  Processed pkts:     287477995 (100.0% of NIC RX)


╔═══════════════════════════════════════════════════════════════════════╗
║          MIRA DDoS DETECTOR - STATISTICS (MULTI-CORE)                ║
╚═══════════════════════════════════════════════════════════════════════╝

[PACKET COUNTERS - GLOBAL]
  Total packets:      294460175
  Baseline (10.10.2.x): 0 (0.0%)
  Attack (10.10.3.x): 294460175 (100.0%)
  TCP packets:        0
  UDP packets:        294460175
  ICMP packets:       0

[INSTANTANEOUS TRAFFIC - Last 5.0 seconds]
  Baseline (10.10.2.x): 0 pkts (0.0%)  0 bytes  0.00 Gbps
  Attack (10.10.3.x): 6982117 pkts (100.0%)  2303949993 bytes  3.68 Gbps
  Total throughput:   3.68 Gbps  (avg pkt: 330 bytes)

[CUMULATIVE TRAFFIC - Since first packet (211.1s)]
  Total received:     294460175 pkts (1.40 Mpps) | 3.68 Gbps | 97164959574 bytes

[ATTACK-SPECIFIC COUNTERS]
  SYN packets:        0
  SYN-ACK packets:    0
  SYN/ACK ratio:      0.00
  HTTP requests:      0
  DNS queries:        2432

[PROTOCOL-SPECIFIC COUNTERS - CIC-DDoS-2019 Features]
  NTP Amplification:
    Monlist queries:  649
    Responses:        0  (avg size: 0 bytes)
  DNS Amplification:
    ANY queries:      0
    TXT queries:      0
    Responses:        2029  (avg size: 316 bytes)
  SNMP Amplification:
    GetBulk requests: 0
    Responses:        0  (avg size: 0 bytes)
  SSDP:
    M-SEARCH packets: 0
    Responses:        4581
  PortMapper:
    GETPORT calls:    4497
    DUMP calls:       0
  NetBIOS:
    Name queries:     5013
    Datagram packets: 4500
  LDAP:
    Bind requests:    0
    Search requests:  4555
  MSSQL:
    SQLBatch packets: 4404
    RPC packets:      0
  TFTP:
    RRQ (read) pkts:  0
    WRQ (write) pkts: 0

[ATTACK DETECTIONS - Cumulative Events]
  UDP flood events:   4032
  UDP-lag events:     3
  SYN flood events:   0
  HTTP flood events:  0
  ICMP flood events:  0
  DNS amp events:     0
  NTP amp events:     0
  SNMP amp events:    0
  SSDP events:        0
  PortMap events:     0
  NetBIOS events:     0
  LDAP events:        0
  MSSQL events:       0
  TFTP events:        0
  ACK flood events:   0
  Frag attack events: 0
  Packet flood events:0
  (Note: Events count IPs exceeding thresholds per 50ms window)

[ALERT STATUS]
  Alert level:        [1;31mHIGH[0m
  Reason:             [1;31mUDP FLOOD detected: 70626841 UDP pps | [0m

[MULTI-LF (2025) COMPARISON]
=== Detection Performance vs ML-Based System ===

  First Detection Latency:   177.75 ms (vs MULTI-LF: 866 ms)
    Improvement:             4.9× faster

  Packets until detection:   0
  Bytes until detection:     0 (0.00 MB)

[OCTOSKETCH METRICS - Optimized Architecture]
=== Per-Worker Sketches + Sampling (1/32 packets) ===

  Architecture:              Per-worker (NO atomics, NO contention)
  Total sketch memory:       5377 KB (14 workers × 384.1 KB)
  Sampling rate:             1 in 32 packets (3.1% overhead)
  Attack traffic sampled:    5816864 updates
  Estimated attack packets:  186139648 (×32 sampling factor)
  Sketch overhead:           ~1.56% of fast-path cycles
  Memory efficiency:         O(1) constant, 384.1 KB per worker

[MULTIPLE DETECTION STATISTICS]
=== Aggregate Detection Analysis ===

  Total detection events:    4032
  Average detection latency: 52.34 ms
  Min detection latency:     50.22 ms
  Max detection latency:     301.73 ms
  Latency range:             251.51 ms

  Detection Latency Histogram:
    < 20 ms:  0 detections (0.0%)
    20-30 ms: 0 detections (0.0%)
    30-40 ms: 0 detections (0.0%)
    40-50 ms: 0 detections (0.0%)
    > 50 ms:  4031 detections (100.0%)

[PERFORMANCE METRICS]
  Throughput:         3.68 Gbps (1.40 Mpps)
  Cycles available:   2143 cycles/pkt (lower = higher load)
  Active IPs:         0
  Worker threads:     14 (lcores 1-14)

[DPDK NIC STATISTICS]
  RX packets (NIC):   294459826
  RX dropped (HW):    [0m0[0m (imissed)
  RX no mbufs:        [0m0[0m (buffer exhaustion)
  RX errors:          0
  Total drops:        [0m0 (0.00%)[0m
  RX burst calls:     89121309827 (99.7% empty)
  Processed pkts:     294460175 (100.0% of NIC RX)


╔═══════════════════════════════════════════════════════════════════════╗
║          MIRA DDoS DETECTOR - STATISTICS (MULTI-CORE)                ║
╚═══════════════════════════════════════════════════════════════════════╝

[PACKET COUNTERS - GLOBAL]
  Total packets:      301440640
  Baseline (10.10.2.x): 0 (0.0%)
  Attack (10.10.3.x): 301440640 (100.0%)
  TCP packets:        0
  UDP packets:        301440640
  ICMP packets:       0

[INSTANTANEOUS TRAFFIC - Last 5.0 seconds]
  Baseline (10.10.2.x): 0 pkts (0.0%)  0 bytes  0.00 Gbps
  Attack (10.10.3.x): 6980401 pkts (100.0%)  2303567846 bytes  3.68 Gbps
  Total throughput:   3.68 Gbps  (avg pkt: 330 bytes)

[CUMULATIVE TRAFFIC - Since first packet (216.1s)]
  Total received:     301440640 pkts (1.40 Mpps) | 3.68 Gbps | 99468545644 bytes

[ATTACK-SPECIFIC COUNTERS]
  SYN packets:        0
  SYN-ACK packets:    0
  SYN/ACK ratio:      0.00
  HTTP requests:      0
  DNS queries:        2495

[PROTOCOL-SPECIFIC COUNTERS - CIC-DDoS-2019 Features]
  NTP Amplification:
    Monlist queries:  664
    Responses:        0  (avg size: 0 bytes)
  DNS Amplification:
    ANY queries:      0
    TXT queries:      0
    Responses:        2080  (avg size: 316 bytes)
  SNMP Amplification:
    GetBulk requests: 0
    Responses:        0  (avg size: 0 bytes)
  SSDP:
    M-SEARCH packets: 0
    Responses:        4666
  PortMapper:
    GETPORT calls:    4602
    DUMP calls:       0
  NetBIOS:
    Name queries:     5135
    Datagram packets: 4625
  LDAP:
    Bind requests:    0
    Search requests:  4669
  MSSQL:
    SQLBatch packets: 4499
    RPC packets:      0
  TFTP:
    RRQ (read) pkts:  0
    WRQ (write) pkts: 0

[ATTACK DETECTIONS - Cumulative Events]
  UDP flood events:   4127
  UDP-lag events:     3
  SYN flood events:   0
  HTTP flood events:  0
  ICMP flood events:  0
  DNS amp events:     0
  NTP amp events:     0
  SNMP amp events:    0
  SSDP events:        0
  PortMap events:     0
  NetBIOS events:     0
  LDAP events:        0
  MSSQL events:       0
  TFTP events:        0
  ACK flood events:   0
  Frag attack events: 0
  Packet flood events:0
  (Note: Events count IPs exceeding thresholds per 50ms window)

[ALERT STATUS]
  Alert level:        [1;31mHIGH[0m
  Reason:             [1;31mUDP FLOOD detected: 73173357 UDP pps | [0m

[MULTI-LF (2025) COMPARISON]
=== Detection Performance vs ML-Based System ===

  First Detection Latency:   177.75 ms (vs MULTI-LF: 866 ms)
    Improvement:             4.9× faster

  Packets until detection:   0
  Bytes until detection:     0 (0.00 MB)

[OCTOSKETCH METRICS - Optimized Architecture]
=== Per-Worker Sketches + Sampling (1/32 packets) ===

  Architecture:              Per-worker (NO atomics, NO contention)
  Total sketch memory:       5377 KB (14 workers × 384.1 KB)
  Sampling rate:             1 in 32 packets (3.1% overhead)
  Attack traffic sampled:    5745952 updates
  Estimated attack packets:  183870464 (×32 sampling factor)
  Sketch overhead:           ~1.56% of fast-path cycles
  Memory efficiency:         O(1) constant, 384.1 KB per worker

[MULTIPLE DETECTION STATISTICS]
=== Aggregate Detection Analysis ===

  Total detection events:    4127
  Average detection latency: 52.34 ms
  Min detection latency:     50.22 ms
  Max detection latency:     301.73 ms
  Latency range:             251.51 ms

  Detection Latency Histogram:
    < 20 ms:  0 detections (0.0%)
    20-30 ms: 0 detections (0.0%)
    30-40 ms: 0 detections (0.0%)
    40-50 ms: 0 detections (0.0%)
    > 50 ms:  4126 detections (100.0%)

[PERFORMANCE METRICS]
  Throughput:         3.68 Gbps (1.40 Mpps)
  Cycles available:   2143 cycles/pkt (lower = higher load)
  Active IPs:         0
  Worker threads:     14 (lcores 1-14)

[DPDK NIC STATISTICS]
  RX packets (NIC):   301440271
  RX dropped (HW):    [0m0[0m (imissed)
  RX no mbufs:        [0m0[0m (buffer exhaustion)
  RX errors:          0
  Total drops:        [0m0 (0.00%)[0m
  RX burst calls:     91047904398 (99.7% empty)
  Processed pkts:     301440640 (100.0% of NIC RX)


╔═══════════════════════════════════════════════════════════════════════╗
║          MIRA DDoS DETECTOR - STATISTICS (MULTI-CORE)                ║
╚═══════════════════════════════════════════════════════════════════════╝

[PACKET COUNTERS - GLOBAL]
  Total packets:      308421566
  Baseline (10.10.2.x): 0 (0.0%)
  Attack (10.10.3.x): 308421566 (100.0%)
  TCP packets:        0
  UDP packets:        308421566
  ICMP packets:       0

[INSTANTANEOUS TRAFFIC - Last 5.0 seconds]
  Baseline (10.10.2.x): 0 pkts (0.0%)  0 bytes  0.00 Gbps
  Attack (10.10.3.x): 6980861 pkts (100.0%)  2303347478 bytes  3.68 Gbps
  Total throughput:   3.68 Gbps  (avg pkt: 330 bytes)

[CUMULATIVE TRAFFIC - Since first packet (221.1s)]
  Total received:     308421566 pkts (1.40 Mpps) | 3.68 Gbps | 101771912386 bytes

[ATTACK-SPECIFIC COUNTERS]
  SYN packets:        0
  SYN-ACK packets:    0
  SYN/ACK ratio:      0.00
  HTTP requests:      0
  DNS queries:        2546

[PROTOCOL-SPECIFIC COUNTERS - CIC-DDoS-2019 Features]
  NTP Amplification:
    Monlist queries:  677
    Responses:        0  (avg size: 0 bytes)
  DNS Amplification:
    ANY queries:      0
    TXT queries:      0
    Responses:        2138  (avg size: 316 bytes)
  SNMP Amplification:
    GetBulk requests: 0
    Responses:        0  (avg size: 0 bytes)
  SSDP:
    M-SEARCH packets: 0
    Responses:        4782
  PortMapper:
    GETPORT calls:    4704
    DUMP calls:       0
  NetBIOS:
    Name queries:     5250
    Datagram packets: 4720
  LDAP:
    Bind requests:    0
    Search requests:  4778
  MSSQL:
    SQLBatch packets: 4608
    RPC packets:      0
  TFTP:
    RRQ (read) pkts:  0
    WRQ (write) pkts: 0

[ATTACK DETECTIONS - Cumulative Events]
  UDP flood events:   4223
  UDP-lag events:     3
  SYN flood events:   0
  HTTP flood events:  0
  ICMP flood events:  0
  DNS amp events:     0
  NTP amp events:     0
  SNMP amp events:    0
  SSDP events:        0
  PortMap events:     0
  NetBIOS events:     0
  LDAP events:        0
  MSSQL events:       0
  TFTP events:        0
  ACK flood events:   0
  Frag attack events: 0
  Packet flood events:0
  (Note: Events count IPs exceeding thresholds per 50ms window)

[ALERT STATUS]
  Alert level:        [1;31mHIGH[0m
  Reason:             [1;31mUDP FLOOD detected: 74874666 UDP pps | [0m

[MULTI-LF (2025) COMPARISON]
=== Detection Performance vs ML-Based System ===

  First Detection Latency:   177.75 ms (vs MULTI-LF: 866 ms)
    Improvement:             4.9× faster

  Packets until detection:   0
  Bytes until detection:     0 (0.00 MB)

[OCTOSKETCH METRICS - Optimized Architecture]
=== Per-Worker Sketches + Sampling (1/32 packets) ===

  Architecture:              Per-worker (NO atomics, NO contention)
  Total sketch memory:       5377 KB (14 workers × 384.1 KB)
  Sampling rate:             1 in 32 packets (3.1% overhead)
  Attack traffic sampled:    5746080 updates
  Estimated attack packets:  183874560 (×32 sampling factor)
  Sketch overhead:           ~1.56% of fast-path cycles
  Memory efficiency:         O(1) constant, 384.1 KB per worker

[MULTIPLE DETECTION STATISTICS]
=== Aggregate Detection Analysis ===

  Total detection events:    4223
  Average detection latency: 52.34 ms
  Min detection latency:     50.22 ms
  Max detection latency:     301.73 ms
  Latency range:             251.51 ms

  Detection Latency Histogram:
    < 20 ms:  0 detections (0.0%)
    20-30 ms: 0 detections (0.0%)
    30-40 ms: 0 detections (0.0%)
    40-50 ms: 0 detections (0.0%)
    > 50 ms:  4222 detections (100.0%)

[PERFORMANCE METRICS]
  Throughput:         3.68 Gbps (1.40 Mpps)
  Cycles available:   2143 cycles/pkt (lower = higher load)
  Active IPs:         0
  Worker threads:     14 (lcores 1-14)

[DPDK NIC STATISTICS]
  RX packets (NIC):   308421196
  RX dropped (HW):    [0m0[0m (imissed)
  RX no mbufs:        [0m0[0m (buffer exhaustion)
  RX errors:          0
  Total drops:        [0m0 (0.00%)[0m
  RX burst calls:     92974630580 (99.7% empty)
  Processed pkts:     308421566 (100.0% of NIC RX)


╔═══════════════════════════════════════════════════════════════════════╗
║          MIRA DDoS DETECTOR - STATISTICS (MULTI-CORE)                ║
╚═══════════════════════════════════════════════════════════════════════╝

[PACKET COUNTERS - GLOBAL]
  Total packets:      315402618
  Baseline (10.10.2.x): 0 (0.0%)
  Attack (10.10.3.x): 315402618 (100.0%)
  TCP packets:        0
  UDP packets:        315402618
  ICMP packets:       0

[INSTANTANEOUS TRAFFIC - Last 5.0 seconds]
  Baseline (10.10.2.x): 0 pkts (0.0%)  0 bytes  0.00 Gbps
  Attack (10.10.3.x): 6980987 pkts (100.0%)  2303667689 bytes  3.68 Gbps
  Total throughput:   3.68 Gbps  (avg pkt: 330 bytes)

[CUMULATIVE TRAFFIC - Since first packet (226.1s)]
  Total received:     315402618 pkts (1.40 Mpps) | 3.68 Gbps | 104075601893 bytes

[ATTACK-SPECIFIC COUNTERS]
  SYN packets:        0
  SYN-ACK packets:    0
  SYN/ACK ratio:      0.00
  HTTP requests:      0
  DNS queries:        2605

[PROTOCOL-SPECIFIC COUNTERS - CIC-DDoS-2019 Features]
  NTP Amplification:
    Monlist queries:  696
    Responses:        0  (avg size: 0 bytes)
  DNS Amplification:
    ANY queries:      0
    TXT queries:      0
    Responses:        2176  (avg size: 316 bytes)
  SNMP Amplification:
    GetBulk requests: 0
    Responses:        0  (avg size: 0 bytes)
  SSDP:
    M-SEARCH packets: 0
    Responses:        4906
  PortMapper:
    GETPORT calls:    4822
    DUMP calls:       0
  NetBIOS:
    Name queries:     5368
    Datagram packets: 4821
  LDAP:
    Bind requests:    0
    Search requests:  4884
  MSSQL:
    SQLBatch packets: 4718
    RPC packets:      0
  TFTP:
    RRQ (read) pkts:  0
    WRQ (write) pkts: 0

[ATTACK DETECTIONS - Cumulative Events]
  UDP flood events:   4319
  UDP-lag events:     3
  SYN flood events:   0
  HTTP flood events:  0
  ICMP flood events:  0
  DNS amp events:     0
  NTP amp events:     0
  SNMP amp events:    0
  SSDP events:        0
  PortMap events:     0
  NetBIOS events:     0
  LDAP events:        0
  MSSQL events:       0
  TFTP events:        0
  ACK flood events:   0
  Frag attack events: 0
  Packet flood events:0
  (Note: Events count IPs exceeding thresholds per 50ms window)

[ALERT STATUS]
  Alert level:        [1;31mHIGH[0m
  Reason:             [1;31mUDP FLOOD detected: 76576050 UDP pps | [0m

[MULTI-LF (2025) COMPARISON]
=== Detection Performance vs ML-Based System ===

  First Detection Latency:   177.75 ms (vs MULTI-LF: 866 ms)
    Improvement:             4.9× faster

  Packets until detection:   0
  Bytes until detection:     0 (0.00 MB)

[OCTOSKETCH METRICS - Optimized Architecture]
=== Per-Worker Sketches + Sampling (1/32 packets) ===

  Architecture:              Per-worker (NO atomics, NO contention)
  Total sketch memory:       5377 KB (14 workers × 384.1 KB)
  Sampling rate:             1 in 32 packets (3.1% overhead)
  Attack traffic sampled:    5746016 updates
  Estimated attack packets:  183872512 (×32 sampling factor)
  Sketch overhead:           ~1.56% of fast-path cycles
  Memory efficiency:         O(1) constant, 384.1 KB per worker

[MULTIPLE DETECTION STATISTICS]
=== Aggregate Detection Analysis ===

  Total detection events:    4319
  Average detection latency: 52.34 ms
  Min detection latency:     50.22 ms
  Max detection latency:     301.73 ms
  Latency range:             251.51 ms

  Detection Latency Histogram:
    < 20 ms:  0 detections (0.0%)
    20-30 ms: 0 detections (0.0%)
    30-40 ms: 0 detections (0.0%)
    40-50 ms: 0 detections (0.0%)
    > 50 ms:  4318 detections (100.0%)

[PERFORMANCE METRICS]
  Throughput:         3.68 Gbps (1.40 Mpps)
  Cycles available:   2143 cycles/pkt (lower = higher load)
  Active IPs:         0
  Worker threads:     14 (lcores 1-14)

[DPDK NIC STATISTICS]
  RX packets (NIC):   315402278
  RX dropped (HW):    [0m0[0m (imissed)
  RX no mbufs:        [0m0[0m (buffer exhaustion)
  RX errors:          0
  Total drops:        [0m0 (0.00%)[0m
  RX burst calls:     94901227977 (99.7% empty)
  Processed pkts:     315402618 (100.0% of NIC RX)


╔═══════════════════════════════════════════════════════════════════════╗
║          MIRA DDoS DETECTOR - STATISTICS (MULTI-CORE)                ║
╚═══════════════════════════════════════════════════════════════════════╝

[PACKET COUNTERS - GLOBAL]
  Total packets:      322382470
  Baseline (10.10.2.x): 0 (0.0%)
  Attack (10.10.3.x): 322382470 (100.0%)
  TCP packets:        0
  UDP packets:        322382470
  ICMP packets:       0

[INSTANTANEOUS TRAFFIC - Last 5.0 seconds]
  Baseline (10.10.2.x): 0 pkts (0.0%)  0 bytes  0.00 Gbps
  Attack (10.10.3.x): 6979769 pkts (100.0%)  2303444506 bytes  3.68 Gbps
  Total throughput:   3.68 Gbps  (avg pkt: 330 bytes)

[CUMULATIVE TRAFFIC - Since first packet (231.1s)]
  Total received:     322382470 pkts (1.40 Mpps) | 3.68 Gbps | 106379076152 bytes

[ATTACK-SPECIFIC COUNTERS]
  SYN packets:        0
  SYN-ACK packets:    0
  SYN/ACK ratio:      0.00
  HTTP requests:      0
  DNS queries:        2667

[PROTOCOL-SPECIFIC COUNTERS - CIC-DDoS-2019 Features]
  NTP Amplification:
    Monlist queries:  711
    Responses:        0  (avg size: 0 bytes)
  DNS Amplification:
    ANY queries:      0
    TXT queries:      0
    Responses:        2227  (avg size: 316 bytes)
  SNMP Amplification:
    GetBulk requests: 0
    Responses:        0  (avg size: 0 bytes)
  SSDP:
    M-SEARCH packets: 0
    Responses:        4985
  PortMapper:
    GETPORT calls:    4917
    DUMP calls:       0
  NetBIOS:
    Name queries:     5491
    Datagram packets: 4939
  LDAP:
    Bind requests:    0
    Search requests:  4990
  MSSQL:
    SQLBatch packets: 4809
    RPC packets:      0
  TFTP:
    RRQ (read) pkts:  0
    WRQ (write) pkts: 0

[ATTACK DETECTIONS - Cumulative Events]
  UDP flood events:   4414
  UDP-lag events:     3
  SYN flood events:   0
  HTTP flood events:  0
  ICMP flood events:  0
  DNS amp events:     0
  NTP amp events:     0
  SNMP amp events:    0
  SSDP events:        0
  PortMap events:     0
  NetBIOS events:     0
  LDAP events:        0
  MSSQL events:       0
  TFTP events:        0
  ACK flood events:   0
  Frag attack events: 0
  Packet flood events:0
  (Note: Events count IPs exceeding thresholds per 50ms window)

[ALERT STATUS]
  Alert level:        [1;31mHIGH[0m
  Reason:             [1;31mUDP FLOOD detected: 79227971 UDP pps | [0m

[MULTI-LF (2025) COMPARISON]
=== Detection Performance vs ML-Based System ===

  First Detection Latency:   177.75 ms (vs MULTI-LF: 866 ms)
    Improvement:             4.9× faster

  Packets until detection:   0
  Bytes until detection:     0 (0.00 MB)

[OCTOSKETCH METRICS - Optimized Architecture]
=== Per-Worker Sketches + Sampling (1/32 packets) ===

  Architecture:              Per-worker (NO atomics, NO contention)
  Total sketch memory:       5377 KB (14 workers × 384.1 KB)
  Sampling rate:             1 in 32 packets (3.1% overhead)
  Attack traffic sampled:    5675520 updates
  Estimated attack packets:  181616640 (×32 sampling factor)
  Sketch overhead:           ~1.56% of fast-path cycles
  Memory efficiency:         O(1) constant, 384.1 KB per worker

[MULTIPLE DETECTION STATISTICS]
=== Aggregate Detection Analysis ===

  Total detection events:    4414
  Average detection latency: 52.34 ms
  Min detection latency:     50.22 ms
  Max detection latency:     301.73 ms
  Latency range:             251.51 ms

  Detection Latency Histogram:
    < 20 ms:  0 detections (0.0%)
    20-30 ms: 0 detections (0.0%)
    30-40 ms: 0 detections (0.0%)
    40-50 ms: 0 detections (0.0%)
    > 50 ms:  4413 detections (100.0%)

[PERFORMANCE METRICS]
  Throughput:         3.68 Gbps (1.40 Mpps)
  Cycles available:   2143 cycles/pkt (lower = higher load)
  Active IPs:         0
  Worker threads:     14 (lcores 1-14)

[DPDK NIC STATISTICS]
  RX packets (NIC):   322382094
  RX dropped (HW):    [0m0[0m (imissed)
  RX no mbufs:        [0m0[0m (buffer exhaustion)
  RX errors:          0
  Total drops:        [0m0 (0.00%)[0m
  RX burst calls:     96827773328 (99.7% empty)
  Processed pkts:     322382470 (100.0% of NIC RX)


╔═══════════════════════════════════════════════════════════════════════╗
║          MIRA DDoS DETECTOR - STATISTICS (MULTI-CORE)                ║
╚═══════════════════════════════════════════════════════════════════════╝

[PACKET COUNTERS - GLOBAL]
  Total packets:      329364363
  Baseline (10.10.2.x): 0 (0.0%)
  Attack (10.10.3.x): 329364363 (100.0%)
  TCP packets:        0
  UDP packets:        329364363
  ICMP packets:       0

[INSTANTANEOUS TRAFFIC - Last 5.0 seconds]
  Baseline (10.10.2.x): 0 pkts (0.0%)  0 bytes  0.00 Gbps
  Attack (10.10.3.x): 6981828 pkts (100.0%)  2303526591 bytes  3.68 Gbps
  Total throughput:   3.68 Gbps  (avg pkt: 330 bytes)

[CUMULATIVE TRAFFIC - Since first packet (236.1s)]
  Total received:     329364363 pkts (1.40 Mpps) | 3.68 Gbps | 108682624555 bytes

[ATTACK-SPECIFIC COUNTERS]
  SYN packets:        0
  SYN-ACK packets:    0
  SYN/ACK ratio:      0.00
  HTTP requests:      0
  DNS queries:        2720

[PROTOCOL-SPECIFIC COUNTERS - CIC-DDoS-2019 Features]
  NTP Amplification:
    Monlist queries:  725
    Responses:        0  (avg size: 0 bytes)
  DNS Amplification:
    ANY queries:      0
    TXT queries:      0
    Responses:        2283  (avg size: 316 bytes)
  SNMP Amplification:
    GetBulk requests: 0
    Responses:        0  (avg size: 0 bytes)
  SSDP:
    M-SEARCH packets: 0
    Responses:        5110
  PortMapper:
    GETPORT calls:    5031
    DUMP calls:       0
  NetBIOS:
    Name queries:     5606
    Datagram packets: 5039
  LDAP:
    Bind requests:    0
    Search requests:  5106
  MSSQL:
    SQLBatch packets: 4926
    RPC packets:      0
  TFTP:
    RRQ (read) pkts:  0
    WRQ (write) pkts: 0

[ATTACK DETECTIONS - Cumulative Events]
  UDP flood events:   4510
  UDP-lag events:     3
  SYN flood events:   0
  HTTP flood events:  0
  ICMP flood events:  0
  DNS amp events:     0
  NTP amp events:     0
  SNMP amp events:    0
  SSDP events:        0
  PortMap events:     0
  NetBIOS events:     0
  LDAP events:        0
  MSSQL events:       0
  TFTP events:        0
  ACK flood events:   0
  Frag attack events: 0
  Packet flood events:0
  (Note: Events count IPs exceeding thresholds per 50ms window)

[ALERT STATUS]
  Alert level:        [1;31mHIGH[0m
  Reason:             [1;31mUDP FLOOD detected: 80949296 UDP pps | [0m

[MULTI-LF (2025) COMPARISON]
=== Detection Performance vs ML-Based System ===

  First Detection Latency:   177.75 ms (vs MULTI-LF: 866 ms)
    Improvement:             4.9× faster

  Packets until detection:   0
  Bytes until detection:     0 (0.00 MB)

[OCTOSKETCH METRICS - Optimized Architecture]
=== Per-Worker Sketches + Sampling (1/32 packets) ===

  Architecture:              Per-worker (NO atomics, NO contention)
  Total sketch memory:       5377 KB (14 workers × 384.1 KB)
  Sampling rate:             1 in 32 packets (3.1% overhead)
  Attack traffic sampled:    5677856 updates
  Estimated attack packets:  181691392 (×32 sampling factor)
  Sketch overhead:           ~1.56% of fast-path cycles
  Memory efficiency:         O(1) constant, 384.1 KB per worker

[MULTIPLE DETECTION STATISTICS]
=== Aggregate Detection Analysis ===

  Total detection events:    4510
  Average detection latency: 52.34 ms
  Min detection latency:     50.22 ms
  Max detection latency:     301.73 ms
  Latency range:             251.51 ms

  Detection Latency Histogram:
    < 20 ms:  0 detections (0.0%)
    20-30 ms: 0 detections (0.0%)
    30-40 ms: 0 detections (0.0%)
    40-50 ms: 0 detections (0.0%)
    > 50 ms:  4509 detections (100.0%)

[PERFORMANCE METRICS]
  Throughput:         3.68 Gbps (1.40 Mpps)
  Cycles available:   2143 cycles/pkt (lower = higher load)
  Active IPs:         0
  Worker threads:     14 (lcores 1-14)

[DPDK NIC STATISTICS]
  RX packets (NIC):   329363985
  RX dropped (HW):    [0m0[0m (imissed)
  RX no mbufs:        [0m0[0m (buffer exhaustion)
  RX errors:          0
  Total drops:        [0m0 (0.00%)[0m
  RX burst calls:     98754405542 (99.7% empty)
  Processed pkts:     329364363 (100.0% of NIC RX)


╔═══════════════════════════════════════════════════════════════════════╗
║          MIRA DDoS DETECTOR - STATISTICS (MULTI-CORE)                ║
╚═══════════════════════════════════════════════════════════════════════╝

[PACKET COUNTERS - GLOBAL]
  Total packets:      336346272
  Baseline (10.10.2.x): 0 (0.0%)
  Attack (10.10.3.x): 336346272 (100.0%)
  TCP packets:        0
  UDP packets:        336346272
  ICMP packets:       0

[INSTANTANEOUS TRAFFIC - Last 5.0 seconds]
  Baseline (10.10.2.x): 0 pkts (0.0%)  0 bytes  0.00 Gbps
  Attack (10.10.3.x): 6981834 pkts (100.0%)  2304063313 bytes  3.68 Gbps
  Total throughput:   3.68 Gbps  (avg pkt: 330 bytes)

[CUMULATIVE TRAFFIC - Since first packet (241.1s)]
  Total received:     336346272 pkts (1.40 Mpps) | 3.68 Gbps | 110986712644 bytes

[ATTACK-SPECIFIC COUNTERS]
  SYN packets:        0
  SYN-ACK packets:    0
  SYN/ACK ratio:      0.00
  HTTP requests:      0
  DNS queries:        2778

[PROTOCOL-SPECIFIC COUNTERS - CIC-DDoS-2019 Features]
  NTP Amplification:
    Monlist queries:  741
    Responses:        0  (avg size: 0 bytes)
  DNS Amplification:
    ANY queries:      0
    TXT queries:      0
    Responses:        2318  (avg size: 316 bytes)
  SNMP Amplification:
    GetBulk requests: 0
    Responses:        0  (avg size: 0 bytes)
  SSDP:
    M-SEARCH packets: 0
    Responses:        5234
  PortMapper:
    GETPORT calls:    5143
    DUMP calls:       0
  NetBIOS:
    Name queries:     5728
    Datagram packets: 5154
  LDAP:
    Bind requests:    0
    Search requests:  5204
  MSSQL:
    SQLBatch packets: 5022
    RPC packets:      0
  TFTP:
    RRQ (read) pkts:  0
    WRQ (write) pkts: 0

[ATTACK DETECTIONS - Cumulative Events]
  UDP flood events:   4605
  UDP-lag events:     3
  SYN flood events:   0
  HTTP flood events:  0
  ICMP flood events:  0
  DNS amp events:     0
  NTP amp events:     0
  SNMP amp events:    0
  SSDP events:        0
  PortMap events:     0
  NetBIOS events:     0
  LDAP events:        0
  MSSQL events:       0
  TFTP events:        0
  ACK flood events:   0
  Frag attack events: 0
  Packet flood events:0
  (Note: Events count IPs exceeding thresholds per 50ms window)

[ALERT STATUS]
  Alert level:        [1;31mHIGH[0m
  Reason:             [1;31mUDP FLOOD detected: 83688755 UDP pps | [0m

[MULTI-LF (2025) COMPARISON]
=== Detection Performance vs ML-Based System ===

  First Detection Latency:   177.75 ms (vs MULTI-LF: 866 ms)
    Improvement:             4.9× faster

  Packets until detection:   0
  Bytes until detection:     0 (0.00 MB)

[OCTOSKETCH METRICS - Optimized Architecture]
=== Per-Worker Sketches + Sampling (1/32 packets) ===

  Architecture:              Per-worker (NO atomics, NO contention)
  Total sketch memory:       5377 KB (14 workers × 384.1 KB)
  Sampling rate:             1 in 32 packets (3.1% overhead)
  Attack traffic sampled:    5606240 updates
  Estimated attack packets:  179399680 (×32 sampling factor)
  Sketch overhead:           ~1.56% of fast-path cycles
  Memory efficiency:         O(1) constant, 384.1 KB per worker

[MULTIPLE DETECTION STATISTICS]
=== Aggregate Detection Analysis ===

  Total detection events:    4605
  Average detection latency: 52.34 ms
  Min detection latency:     50.22 ms
  Max detection latency:     301.73 ms
  Latency range:             251.51 ms

  Detection Latency Histogram:
    < 20 ms:  0 detections (0.0%)
    20-30 ms: 0 detections (0.0%)
    30-40 ms: 0 detections (0.0%)
    40-50 ms: 0 detections (0.0%)
    > 50 ms:  4604 detections (100.0%)

[PERFORMANCE METRICS]
  Throughput:         3.68 Gbps (1.40 Mpps)
  Cycles available:   2143 cycles/pkt (lower = higher load)
  Active IPs:         0
  Worker threads:     14 (lcores 1-14)

[DPDK NIC STATISTICS]
  RX packets (NIC):   336345870
  RX dropped (HW):    [0m0[0m (imissed)
  RX no mbufs:        [0m0[0m (buffer exhaustion)
  RX errors:          0
  Total drops:        [0m0 (0.00%)[0m
  RX burst calls:     100681022078 (99.7% empty)
  Processed pkts:     336346272 (100.0% of NIC RX)


╔═══════════════════════════════════════════════════════════════════════╗
║          MIRA DDoS DETECTOR - STATISTICS (MULTI-CORE)                ║
╚═══════════════════════════════════════════════════════════════════════╝

[PACKET COUNTERS - GLOBAL]
  Total packets:      343326574
  Baseline (10.10.2.x): 0 (0.0%)
  Attack (10.10.3.x): 343326574 (100.0%)
  TCP packets:        0
  UDP packets:        343326574
  ICMP packets:       0

[INSTANTANEOUS TRAFFIC - Last 5.0 seconds]
  Baseline (10.10.2.x): 0 pkts (0.0%)  0 bytes  0.00 Gbps
  Attack (10.10.3.x): 6980218 pkts (100.0%)  2303340030 bytes  3.68 Gbps
  Total throughput:   3.68 Gbps  (avg pkt: 330 bytes)

[CUMULATIVE TRAFFIC - Since first packet (246.1s)]
  Total received:     343326574 pkts (1.40 Mpps) | 3.68 Gbps | 113290081385 bytes

[ATTACK-SPECIFIC COUNTERS]
  SYN packets:        0
  SYN-ACK packets:    0
  SYN/ACK ratio:      0.00
  HTTP requests:      0
  DNS queries:        2842

[PROTOCOL-SPECIFIC COUNTERS - CIC-DDoS-2019 Features]
  NTP Amplification:
    Monlist queries:  757
    Responses:        0  (avg size: 0 bytes)
  DNS Amplification:
    ANY queries:      0
    TXT queries:      0
    Responses:        2373  (avg size: 316 bytes)
  SNMP Amplification:
    GetBulk requests: 0
    Responses:        0  (avg size: 0 bytes)
  SSDP:
    M-SEARCH packets: 0
    Responses:        5306
  PortMapper:
    GETPORT calls:    5238
    DUMP calls:       0
  NetBIOS:
    Name queries:     5848
    Datagram packets: 5262
  LDAP:
    Bind requests:    0
    Search requests:  5317
  MSSQL:
    SQLBatch packets: 5124
    RPC packets:      0
  TFTP:
    RRQ (read) pkts:  0
    WRQ (write) pkts: 0

[ATTACK DETECTIONS - Cumulative Events]
  UDP flood events:   4701
  UDP-lag events:     3
  SYN flood events:   0
  HTTP flood events:  0
  ICMP flood events:  0
  DNS amp events:     0
  NTP amp events:     0
  SNMP amp events:    0
  SSDP events:        0
  PortMap events:     0
  NetBIOS events:     0
  LDAP events:        0
  MSSQL events:       0
  TFTP events:        0
  ACK flood events:   0
  Frag attack events: 0
  Packet flood events:0
  (Note: Events count IPs exceeding thresholds per 50ms window)

[ALERT STATUS]
  Alert level:        [1;31mHIGH[0m
  Reason:             [1;31mUDP FLOOD detected: 85433767 UDP pps | [0m

[MULTI-LF (2025) COMPARISON]
=== Detection Performance vs ML-Based System ===

  First Detection Latency:   177.75 ms (vs MULTI-LF: 866 ms)
    Improvement:             4.9× faster

  Packets until detection:   0
  Bytes until detection:     0 (0.00 MB)

[OCTOSKETCH METRICS - Optimized Architecture]
=== Per-Worker Sketches + Sampling (1/32 packets) ===

  Architecture:              Per-worker (NO atomics, NO contention)
  Total sketch memory:       5377 KB (14 workers × 384.1 KB)
  Sampling rate:             1 in 32 packets (3.1% overhead)
  Attack traffic sampled:    5606464 updates
  Estimated attack packets:  179406848 (×32 sampling factor)
  Sketch overhead:           ~1.56% of fast-path cycles
  Memory efficiency:         O(1) constant, 384.1 KB per worker

[MULTIPLE DETECTION STATISTICS]
=== Aggregate Detection Analysis ===

  Total detection events:    4701
  Average detection latency: 52.34 ms
  Min detection latency:     50.22 ms
  Max detection latency:     301.73 ms
  Latency range:             251.51 ms

  Detection Latency Histogram:
    < 20 ms:  0 detections (0.0%)
    20-30 ms: 0 detections (0.0%)
    30-40 ms: 0 detections (0.0%)
    40-50 ms: 0 detections (0.0%)
    > 50 ms:  4700 detections (100.0%)

[PERFORMANCE METRICS]
  Throughput:         3.68 Gbps (1.40 Mpps)
  Cycles available:   2143 cycles/pkt (lower = higher load)
  Active IPs:         0
  Worker threads:     14 (lcores 1-14)

[DPDK NIC STATISTICS]
  RX packets (NIC):   343326233
  RX dropped (HW):    [0m0[0m (imissed)
  RX no mbufs:        [0m0[0m (buffer exhaustion)
  RX errors:          0
  Total drops:        [0m0 (0.00%)[0m
  RX burst calls:     102607702487 (99.7% empty)
  Processed pkts:     343326574 (100.0% of NIC RX)


╔═══════════════════════════════════════════════════════════════════════╗
║          MIRA DDoS DETECTOR - STATISTICS (MULTI-CORE)                ║
╚═══════════════════════════════════════════════════════════════════════╝

[PACKET COUNTERS - GLOBAL]
  Total packets:      350309194
  Baseline (10.10.2.x): 0 (0.0%)
  Attack (10.10.3.x): 350309194 (100.0%)
  TCP packets:        0
  UDP packets:        350309194
  ICMP packets:       0

[INSTANTANEOUS TRAFFIC - Last 5.0 seconds]
  Baseline (10.10.2.x): 0 pkts (0.0%)  0 bytes  0.00 Gbps
  Attack (10.10.3.x): 6982551 pkts (100.0%)  2304022088 bytes  3.68 Gbps
  Total throughput:   3.68 Gbps  (avg pkt: 330 bytes)

[CUMULATIVE TRAFFIC - Since first packet (251.1s)]
  Total received:     350309194 pkts (1.40 Mpps) | 3.68 Gbps | 115594126198 bytes

[ATTACK-SPECIFIC COUNTERS]
  SYN packets:        0
  SYN-ACK packets:    0
  SYN/ACK ratio:      0.00
  HTTP requests:      0
  DNS queries:        2892

[PROTOCOL-SPECIFIC COUNTERS - CIC-DDoS-2019 Features]
  NTP Amplification:
    Monlist queries:  772
    Responses:        0  (avg size: 0 bytes)
  DNS Amplification:
    ANY queries:      0
    TXT queries:      0
    Responses:        2424  (avg size: 316 bytes)
  SNMP Amplification:
    GetBulk requests: 0
    Responses:        0  (avg size: 0 bytes)
  SSDP:
    M-SEARCH packets: 0
    Responses:        5431
  PortMapper:
    GETPORT calls:    5359
    DUMP calls:       0
  NetBIOS:
    Name queries:     5960
    Datagram packets: 5357
  LDAP:
    Bind requests:    0
    Search requests:  5433
  MSSQL:
    SQLBatch packets: 5240
    RPC packets:      0
  TFTP:
    RRQ (read) pkts:  0
    WRQ (write) pkts: 0

[ATTACK DETECTIONS - Cumulative Events]
  UDP flood events:   4797
  UDP-lag events:     3
  SYN flood events:   0
  HTTP flood events:  0
  ICMP flood events:  0
  DNS amp events:     0
  NTP amp events:     0
  SNMP amp events:    0
  SSDP events:        0
  PortMap events:     0
  NetBIOS events:     0
  LDAP events:        0
  MSSQL events:       0
  TFTP events:        0
  ACK flood events:   0
  Frag attack events: 0
  Packet flood events:0
  (Note: Events count IPs exceeding thresholds per 50ms window)

[ALERT STATUS]
  Alert level:        [1;31mHIGH[0m
  Reason:             [1;31mUDP FLOOD detected: 87176284 UDP pps | [0m

[MULTI-LF (2025) COMPARISON]
=== Detection Performance vs ML-Based System ===

  First Detection Latency:   177.75 ms (vs MULTI-LF: 866 ms)
    Improvement:             4.9× faster

  Packets until detection:   0
  Bytes until detection:     0 (0.00 MB)

[OCTOSKETCH METRICS - Optimized Architecture]
=== Per-Worker Sketches + Sampling (1/32 packets) ===

  Architecture:              Per-worker (NO atomics, NO contention)
  Total sketch memory:       5377 KB (14 workers × 384.1 KB)
  Sampling rate:             1 in 32 packets (3.1% overhead)
  Attack traffic sampled:    5607584 updates
  Estimated attack packets:  179442688 (×32 sampling factor)
  Sketch overhead:           ~1.56% of fast-path cycles
  Memory efficiency:         O(1) constant, 384.1 KB per worker

[MULTIPLE DETECTION STATISTICS]
=== Aggregate Detection Analysis ===

  Total detection events:    4797
  Average detection latency: 52.34 ms
  Min detection latency:     50.22 ms
  Max detection latency:     301.73 ms
  Latency range:             251.51 ms

  Detection Latency Histogram:
    < 20 ms:  0 detections (0.0%)
    20-30 ms: 0 detections (0.0%)
    30-40 ms: 0 detections (0.0%)
    40-50 ms: 0 detections (0.0%)
    > 50 ms:  4796 detections (100.0%)

[PERFORMANCE METRICS]
  Throughput:         3.68 Gbps (1.40 Mpps)
  Cycles available:   2142 cycles/pkt (lower = higher load)
  Active IPs:         0
  Worker threads:     14 (lcores 1-14)

[DPDK NIC STATISTICS]
  RX packets (NIC):   350308823
  RX dropped (HW):    [0m0[0m (imissed)
  RX no mbufs:        [0m0[0m (buffer exhaustion)
  RX errors:          0
  Total drops:        [0m0 (0.00%)[0m
  RX burst calls:     104534226134 (99.7% empty)
  Processed pkts:     350309194 (100.0% of NIC RX)


╔═══════════════════════════════════════════════════════════════════════╗
║          MIRA DDoS DETECTOR - STATISTICS (MULTI-CORE)                ║
╚═══════════════════════════════════════════════════════════════════════╝

[PACKET COUNTERS - GLOBAL]
  Total packets:      357288920
  Baseline (10.10.2.x): 0 (0.0%)
  Attack (10.10.3.x): 357288920 (100.0%)
  TCP packets:        0
  UDP packets:        357288920
  ICMP packets:       0

[INSTANTANEOUS TRAFFIC - Last 5.0 seconds]
  Baseline (10.10.2.x): 0 pkts (0.0%)  0 bytes  0.00 Gbps
  Attack (10.10.3.x): 6979647 pkts (100.0%)  2303095107 bytes  3.68 Gbps
  Total throughput:   3.68 Gbps  (avg pkt: 330 bytes)

[CUMULATIVE TRAFFIC - Since first packet (256.1s)]
  Total received:     357288920 pkts (1.40 Mpps) | 3.68 Gbps | 117897248330 bytes

[ATTACK-SPECIFIC COUNTERS]
  SYN packets:        0
  SYN-ACK packets:    0
  SYN/ACK ratio:      0.00
  HTTP requests:      0
  DNS queries:        2952

[PROTOCOL-SPECIFIC COUNTERS - CIC-DDoS-2019 Features]
  NTP Amplification:
    Monlist queries:  788
    Responses:        0  (avg size: 0 bytes)
  DNS Amplification:
    ANY queries:      0
    TXT queries:      0
    Responses:        2462  (avg size: 316 bytes)
  SNMP Amplification:
    GetBulk requests: 0
    Responses:        0  (avg size: 0 bytes)
  SSDP:
    M-SEARCH packets: 0
    Responses:        5554
  PortMapper:
    GETPORT calls:    5459
    DUMP calls:       0
  NetBIOS:
    Name queries:     6085
    Datagram packets: 5475
  LDAP:
    Bind requests:    0
    Search requests:  5535
  MSSQL:
    SQLBatch packets: 5330
    RPC packets:      0
  TFTP:
    RRQ (read) pkts:  0
    WRQ (write) pkts: 0

[ATTACK DETECTIONS - Cumulative Events]
  UDP flood events:   4893
  UDP-lag events:     3
  SYN flood events:   0
  HTTP flood events:  0
  ICMP flood events:  0
  DNS amp events:     0
  NTP amp events:     0
  SNMP amp events:    0
  SSDP events:        0
  PortMap events:     0
  NetBIOS events:     0
  LDAP events:        0
  MSSQL events:       0
  TFTP events:        0
  ACK flood events:   0
  Frag attack events: 0
  Packet flood events:0
  (Note: Events count IPs exceeding thresholds per 50ms window)

[ALERT STATUS]
  Alert level:        [1;31mHIGH[0m
  Reason:             [1;31mUDP FLOOD detected: 90029516 UDP pps | [0m

[MULTI-LF (2025) COMPARISON]
=== Detection Performance vs ML-Based System ===

  First Detection Latency:   177.75 ms (vs MULTI-LF: 866 ms)
    Improvement:             4.9× faster

  Packets until detection:   0
  Bytes until detection:     0 (0.00 MB)

[OCTOSKETCH METRICS - Optimized Architecture]
=== Per-Worker Sketches + Sampling (1/32 packets) ===

  Architecture:              Per-worker (NO atomics, NO contention)
  Total sketch memory:       5377 KB (14 workers × 384.1 KB)
  Sampling rate:             1 in 32 packets (3.1% overhead)
  Attack traffic sampled:    5535392 updates
  Estimated attack packets:  177132544 (×32 sampling factor)
  Sketch overhead:           ~1.56% of fast-path cycles
  Memory efficiency:         O(1) constant, 384.1 KB per worker

[MULTIPLE DETECTION STATISTICS]
=== Aggregate Detection Analysis ===

  Total detection events:    4893
  Average detection latency: 52.33 ms
  Min detection latency:     50.22 ms
  Max detection latency:     301.73 ms
  Latency range:             251.51 ms

  Detection Latency Histogram:
    < 20 ms:  0 detections (0.0%)
    20-30 ms: 0 detections (0.0%)
    30-40 ms: 0 detections (0.0%)
    40-50 ms: 0 detections (0.0%)
    > 50 ms:  4892 detections (100.0%)

[PERFORMANCE METRICS]
  Throughput:         3.68 Gbps (1.40 Mpps)
  Cycles available:   2143 cycles/pkt (lower = higher load)
  Active IPs:         0
  Worker threads:     14 (lcores 1-14)

[DPDK NIC STATISTICS]
  RX packets (NIC):   357288537
  RX dropped (HW):    [0m0[0m (imissed)
  RX no mbufs:        [0m0[0m (buffer exhaustion)
  RX errors:          0
  Total drops:        [0m0 (0.00%)[0m
  RX burst calls:     106460589013 (99.7% empty)
  Processed pkts:     357288920 (100.0% of NIC RX)


╔═══════════════════════════════════════════════════════════════════════╗
║          MIRA DDoS DETECTOR - STATISTICS (MULTI-CORE)                ║
╚═══════════════════════════════════════════════════════════════════════╝

[PACKET COUNTERS - GLOBAL]
  Total packets:      364269981
  Baseline (10.10.2.x): 0 (0.0%)
  Attack (10.10.3.x): 364269981 (100.0%)
  TCP packets:        0
  UDP packets:        364269981
  ICMP packets:       0

[INSTANTANEOUS TRAFFIC - Last 5.0 seconds]
  Baseline (10.10.2.x): 0 pkts (0.0%)  0 bytes  0.00 Gbps
  Attack (10.10.3.x): 6980993 pkts (100.0%)  2303591359 bytes  3.68 Gbps
  Total throughput:   3.68 Gbps  (avg pkt: 330 bytes)

[CUMULATIVE TRAFFIC - Since first packet (261.1s)]
  Total received:     364269981 pkts (1.40 Mpps) | 3.68 Gbps | 120200860311 bytes

[ATTACK-SPECIFIC COUNTERS]
  SYN packets:        0
  SYN-ACK packets:    0
  SYN/ACK ratio:      0.00
  HTTP requests:      0
  DNS queries:        3011

[PROTOCOL-SPECIFIC COUNTERS - CIC-DDoS-2019 Features]
  NTP Amplification:
    Monlist queries:  802
    Responses:        0  (avg size: 0 bytes)
  DNS Amplification:
    ANY queries:      0
    TXT queries:      0
    Responses:        2518  (avg size: 316 bytes)
  SNMP Amplification:
    GetBulk requests: 0
    Responses:        0  (avg size: 0 bytes)
  SSDP:
    M-SEARCH packets: 0
    Responses:        5636
  PortMapper:
    GETPORT calls:    5556
    DUMP calls:       0
  NetBIOS:
    Name queries:     6208
    Datagram packets: 5578
  LDAP:
    Bind requests:    0
    Search requests:  5637
  MSSQL:
    SQLBatch packets: 5436
    RPC packets:      0
  TFTP:
    RRQ (read) pkts:  0
    WRQ (write) pkts: 0

[ATTACK DETECTIONS - Cumulative Events]
  UDP flood events:   4989
  UDP-lag events:     3
  SYN flood events:   0
  HTTP flood events:  0
  ICMP flood events:  0
  DNS amp events:     0
  NTP amp events:     0
  SNMP amp events:    0
  SSDP events:        0
  PortMap events:     0
  NetBIOS events:     0
  LDAP events:        0
  MSSQL events:       0
  TFTP events:        0
  ACK flood events:   0
  Frag attack events: 0
  Packet flood events:0
  (Note: Events count IPs exceeding thresholds per 50ms window)

[ALERT STATUS]
  Alert level:        [1;31mHIGH[0m
  Reason:             [1;31mUDP FLOOD detected: 91794617 UDP pps | [0m

[MULTI-LF (2025) COMPARISON]
=== Detection Performance vs ML-Based System ===

  First Detection Latency:   177.75 ms (vs MULTI-LF: 866 ms)
    Improvement:             4.9× faster

  Packets until detection:   0
  Bytes until detection:     0 (0.00 MB)

[OCTOSKETCH METRICS - Optimized Architecture]
=== Per-Worker Sketches + Sampling (1/32 packets) ===

  Architecture:              Per-worker (NO atomics, NO contention)
  Total sketch memory:       5377 KB (14 workers × 384.1 KB)
  Sampling rate:             1 in 32 packets (3.1% overhead)
  Attack traffic sampled:    5537056 updates
  Estimated attack packets:  177185792 (×32 sampling factor)
  Sketch overhead:           ~1.56% of fast-path cycles
  Memory efficiency:         O(1) constant, 384.1 KB per worker

[MULTIPLE DETECTION STATISTICS]
=== Aggregate Detection Analysis ===

  Total detection events:    4989
  Average detection latency: 52.33 ms
  Min detection latency:     50.22 ms
  Max detection latency:     301.73 ms
  Latency range:             251.51 ms

  Detection Latency Histogram:
    < 20 ms:  0 detections (0.0%)
    20-30 ms: 0 detections (0.0%)
    30-40 ms: 0 detections (0.0%)
    40-50 ms: 0 detections (0.0%)
    > 50 ms:  4988 detections (100.0%)

[PERFORMANCE METRICS]
  Throughput:         3.68 Gbps (1.40 Mpps)
  Cycles available:   2143 cycles/pkt (lower = higher load)
  Active IPs:         0
  Worker threads:     14 (lcores 1-14)

[DPDK NIC STATISTICS]
  RX packets (NIC):   364269548
  RX dropped (HW):    [0m0[0m (imissed)
  RX no mbufs:        [0m0[0m (buffer exhaustion)
  RX errors:          0
  Total drops:        [0m0 (0.00%)[0m
  RX burst calls:     108386998896 (99.7% empty)
  Processed pkts:     364269981 (100.0% of NIC RX)


╔═══════════════════════════════════════════════════════════════════════╗
║          MIRA DDoS DETECTOR - STATISTICS (MULTI-CORE)                ║
╚═══════════════════════════════════════════════════════════════════════╝

[PACKET COUNTERS - GLOBAL]
  Total packets:      371252086
  Baseline (10.10.2.x): 0 (0.0%)
  Attack (10.10.3.x): 371252086 (100.0%)
  TCP packets:        0
  UDP packets:        371252086
  ICMP packets:       0

[INSTANTANEOUS TRAFFIC - Last 5.0 seconds]
  Baseline (10.10.2.x): 0 pkts (0.0%)  0 bytes  0.00 Gbps
  Attack (10.10.3.x): 6982030 pkts (100.0%)  2303822728 bytes  3.68 Gbps
  Total throughput:   3.68 Gbps  (avg pkt: 330 bytes)

[CUMULATIVE TRAFFIC - Since first packet (266.1s)]
  Total received:     371252086 pkts (1.40 Mpps) | 3.68 Gbps | 122504706805 bytes

[ATTACK-SPECIFIC COUNTERS]
  SYN packets:        0
  SYN-ACK packets:    0
  SYN/ACK ratio:      0.00
  HTTP requests:      0
  DNS queries:        3063

[PROTOCOL-SPECIFIC COUNTERS - CIC-DDoS-2019 Features]
  NTP Amplification:
    Monlist queries:  818
    Responses:        0  (avg size: 0 bytes)
  DNS Amplification:
    ANY queries:      0
    TXT queries:      0
    Responses:        2568  (avg size: 316 bytes)
  SNMP Amplification:
    GetBulk requests: 0
    Responses:        0  (avg size: 0 bytes)
  SSDP:
    M-SEARCH packets: 0
    Responses:        5766
  PortMapper:
    GETPORT calls:    5680
    DUMP calls:       0
  NetBIOS:
    Name queries:     6316
    Datagram packets: 5680
  LDAP:
    Bind requests:    0
    Search requests:  5752
  MSSQL:
    SQLBatch packets: 5552
    RPC packets:      0
  TFTP:
    RRQ (read) pkts:  0
    WRQ (write) pkts: 0

[ATTACK DETECTIONS - Cumulative Events]
  UDP flood events:   5084
  UDP-lag events:     3
  SYN flood events:   0
  HTTP flood events:  0
  ICMP flood events:  0
  DNS amp events:     0
  NTP amp events:     0
  SNMP amp events:    0
  SSDP events:        0
  PortMap events:     0
  NetBIOS events:     0
  LDAP events:        0
  MSSQL events:       0
  TFTP events:        0
  ACK flood events:   0
  Frag attack events: 0
  Packet flood events:0
  (Note: Events count IPs exceeding thresholds per 50ms window)

[ALERT STATUS]
  Alert level:        [1;31mHIGH[0m
  Reason:             [1;31mUDP FLOOD detected: 94743275 UDP pps | [0m

[MULTI-LF (2025) COMPARISON]
=== Detection Performance vs ML-Based System ===

  First Detection Latency:   177.75 ms (vs MULTI-LF: 866 ms)
    Improvement:             4.9× faster

  Packets until detection:   0
  Bytes until detection:     0 (0.00 MB)

[OCTOSKETCH METRICS - Optimized Architecture]
=== Per-Worker Sketches + Sampling (1/32 packets) ===

  Architecture:              Per-worker (NO atomics, NO contention)
  Total sketch memory:       5377 KB (14 workers × 384.1 KB)
  Sampling rate:             1 in 32 packets (3.1% overhead)
  Attack traffic sampled:    5468480 updates
  Estimated attack packets:  174991360 (×32 sampling factor)
  Sketch overhead:           ~1.56% of fast-path cycles
  Memory efficiency:         O(1) constant, 384.1 KB per worker

[MULTIPLE DETECTION STATISTICS]
=== Aggregate Detection Analysis ===

  Total detection events:    5084
  Average detection latency: 52.33 ms
  Min detection latency:     50.22 ms
  Max detection latency:     301.73 ms
  Latency range:             251.51 ms

  Detection Latency Histogram:
    < 20 ms:  0 detections (0.0%)
    20-30 ms: 0 detections (0.0%)
    30-40 ms: 0 detections (0.0%)
    40-50 ms: 0 detections (0.0%)
    > 50 ms:  5083 detections (100.0%)

[PERFORMANCE METRICS]
  Throughput:         3.68 Gbps (1.40 Mpps)
  Cycles available:   2143 cycles/pkt (lower = higher load)
  Active IPs:         0
  Worker threads:     14 (lcores 1-14)

[DPDK NIC STATISTICS]
  RX packets (NIC):   371251707
  RX dropped (HW):    [0m0[0m (imissed)
  RX no mbufs:        [0m0[0m (buffer exhaustion)
  RX errors:          0
  Total drops:        [0m0 (0.00%)[0m
  RX burst calls:     110313455337 (99.7% empty)
  Processed pkts:     371252086 (100.0% of NIC RX)


╔═══════════════════════════════════════════════════════════════════════╗
║          MIRA DDoS DETECTOR - STATISTICS (MULTI-CORE)                ║
╚═══════════════════════════════════════════════════════════════════════╝

[PACKET COUNTERS - GLOBAL]
  Total packets:      378232105
  Baseline (10.10.2.x): 0 (0.0%)
  Attack (10.10.3.x): 378232105 (100.0%)
  TCP packets:        0
  UDP packets:        378232105
  ICMP packets:       0

[INSTANTANEOUS TRAFFIC - Last 5.0 seconds]
  Baseline (10.10.2.x): 0 pkts (0.0%)  0 bytes  0.00 Gbps
  Attack (10.10.3.x): 6979952 pkts (100.0%)  2303230256 bytes  3.68 Gbps
  Total throughput:   3.68 Gbps  (avg pkt: 330 bytes)

[CUMULATIVE TRAFFIC - Since first packet (271.1s)]
  Total received:     378232105 pkts (1.40 Mpps) | 3.68 Gbps | 124807960003 bytes

[ATTACK-SPECIFIC COUNTERS]
  SYN packets:        0
  SYN-ACK packets:    0
  SYN/ACK ratio:      0.00
  HTTP requests:      0
  DNS queries:        3125

[PROTOCOL-SPECIFIC COUNTERS - CIC-DDoS-2019 Features]
  NTP Amplification:
    Monlist queries:  833
    Responses:        0  (avg size: 0 bytes)
  DNS Amplification:
    ANY queries:      0
    TXT queries:      0
    Responses:        2609  (avg size: 316 bytes)
  SNMP Amplification:
    GetBulk requests: 0
    Responses:        0  (avg size: 0 bytes)
  SSDP:
    M-SEARCH packets: 0
    Responses:        5872
  PortMapper:
    GETPORT calls:    5785
    DUMP calls:       0
  NetBIOS:
    Name queries:     6444
    Datagram packets: 5800
  LDAP:
    Bind requests:    0
    Search requests:  5861
  MSSQL:
    SQLBatch packets: 5637
    RPC packets:      0
  TFTP:
    RRQ (read) pkts:  0
    WRQ (write) pkts: 0

[ATTACK DETECTIONS - Cumulative Events]
  UDP flood events:   5180
  UDP-lag events:     3
  SYN flood events:   0
  HTTP flood events:  0
  ICMP flood events:  0
  DNS amp events:     0
  NTP amp events:     0
  SNMP amp events:    0
  SSDP events:        0
  PortMap events:     0
  NetBIOS events:     0
  LDAP events:        0
  MSSQL events:       0
  TFTP events:        0
  ACK flood events:   0
  Frag attack events: 0
  Packet flood events:0
  (Note: Events count IPs exceeding thresholds per 50ms window)

[ALERT STATUS]
  Alert level:        [1;31mHIGH[0m
  Reason:             [1;31mUDP FLOOD detected: 96531782 UDP pps | [0m

[MULTI-LF (2025) COMPARISON]
=== Detection Performance vs ML-Based System ===

  First Detection Latency:   177.75 ms (vs MULTI-LF: 866 ms)
    Improvement:             4.9× faster

  Packets until detection:   0
  Bytes until detection:     0 (0.00 MB)

[OCTOSKETCH METRICS - Optimized Architecture]
=== Per-Worker Sketches + Sampling (1/32 packets) ===

  Architecture:              Per-worker (NO atomics, NO contention)
  Total sketch memory:       5377 KB (14 workers × 384.1 KB)
  Sampling rate:             1 in 32 packets (3.1% overhead)
  Attack traffic sampled:    5467104 updates
  Estimated attack packets:  174947328 (×32 sampling factor)
  Sketch overhead:           ~1.56% of fast-path cycles
  Memory efficiency:         O(1) constant, 384.1 KB per worker

[MULTIPLE DETECTION STATISTICS]
=== Aggregate Detection Analysis ===

  Total detection events:    5180
  Average detection latency: 52.33 ms
  Min detection latency:     50.22 ms
  Max detection latency:     301.73 ms
  Latency range:             251.51 ms

  Detection Latency Histogram:
    < 20 ms:  0 detections (0.0%)
    20-30 ms: 0 detections (0.0%)
    30-40 ms: 0 detections (0.0%)
    40-50 ms: 0 detections (0.0%)
    > 50 ms:  5179 detections (100.0%)

[PERFORMANCE METRICS]
  Throughput:         3.68 Gbps (1.40 Mpps)
  Cycles available:   2143 cycles/pkt (lower = higher load)
  Active IPs:         0
  Worker threads:     14 (lcores 1-14)

[DPDK NIC STATISTICS]
  RX packets (NIC):   378231776
  RX dropped (HW):    [0m0[0m (imissed)
  RX no mbufs:        [0m0[0m (buffer exhaustion)
  RX errors:          0
  Total drops:        [0m0 (0.00%)[0m
  RX burst calls:     112239935904 (99.7% empty)
  Processed pkts:     378232105 (100.0% of NIC RX)


╔═══════════════════════════════════════════════════════════════════════╗
║          MIRA DDoS DETECTOR - STATISTICS (MULTI-CORE)                ║
╚═══════════════════════════════════════════════════════════════════════╝

[PACKET COUNTERS - GLOBAL]
  Total packets:      385214418
  Baseline (10.10.2.x): 0 (0.0%)
  Attack (10.10.3.x): 385214418 (100.0%)
  TCP packets:        0
  UDP packets:        385214418
  ICMP packets:       0

[INSTANTANEOUS TRAFFIC - Last 5.0 seconds]
  Baseline (10.10.2.x): 0 pkts (0.0%)  0 bytes  0.00 Gbps
  Attack (10.10.3.x): 6982249 pkts (100.0%)  2304021843 bytes  3.68 Gbps
  Total throughput:   3.68 Gbps  (avg pkt: 330 bytes)

[CUMULATIVE TRAFFIC - Since first packet (276.1s)]
  Total received:     385214418 pkts (1.40 Mpps) | 3.68 Gbps | 127112002064 bytes

[ATTACK-SPECIFIC COUNTERS]
  SYN packets:        0
  SYN-ACK packets:    0
  SYN/ACK ratio:      0.00
  HTTP requests:      0
  DNS queries:        3186

[PROTOCOL-SPECIFIC COUNTERS - CIC-DDoS-2019 Features]
  NTP Amplification:
    Monlist queries:  848
    Responses:        0  (avg size: 0 bytes)
  DNS Amplification:
    ANY queries:      0
    TXT queries:      0
    Responses:        2663  (avg size: 316 bytes)
  SNMP Amplification:
    GetBulk requests: 0
    Responses:        0  (avg size: 0 bytes)
  SSDP:
    M-SEARCH packets: 0
    Responses:        5968
  PortMapper:
    GETPORT calls:    5881
    DUMP calls:       0
  NetBIOS:
    Name queries:     6565
    Datagram packets: 5899
  LDAP:
    Bind requests:    0
    Search requests:  5963
  MSSQL:
    SQLBatch packets: 5750
    RPC packets:      0
  TFTP:
    RRQ (read) pkts:  0
    WRQ (write) pkts: 0

[ATTACK DETECTIONS - Cumulative Events]
  UDP flood events:   5276
  UDP-lag events:     3
  SYN flood events:   0
  HTTP flood events:  0
  ICMP flood events:  0
  DNS amp events:     0
  NTP amp events:     0
  SNMP amp events:    0
  SSDP events:        0
  PortMap events:     0
  NetBIOS events:     0
  LDAP events:        0
  MSSQL events:       0
  TFTP events:        0
  ACK flood events:   0
  Frag attack events: 0
  Packet flood events:0
  (Note: Events count IPs exceeding thresholds per 50ms window)

[ALERT STATUS]
  Alert level:        [1;31mHIGH[0m
  Reason:             [1;31mUDP FLOOD detected: 98320805 UDP pps | [0m

[MULTI-LF (2025) COMPARISON]
=== Detection Performance vs ML-Based System ===

  First Detection Latency:   177.75 ms (vs MULTI-LF: 866 ms)
    Improvement:             4.9× faster

  Packets until detection:   0
  Bytes until detection:     0 (0.00 MB)

[OCTOSKETCH METRICS - Optimized Architecture]
=== Per-Worker Sketches + Sampling (1/32 packets) ===

  Architecture:              Per-worker (NO atomics, NO contention)
  Total sketch memory:       5377 KB (14 workers × 384.1 KB)
  Sampling rate:             1 in 32 packets (3.1% overhead)
  Attack traffic sampled:    5467648 updates
  Estimated attack packets:  174964736 (×32 sampling factor)
  Sketch overhead:           ~1.56% of fast-path cycles
  Memory efficiency:         O(1) constant, 384.1 KB per worker

[MULTIPLE DETECTION STATISTICS]
=== Aggregate Detection Analysis ===

  Total detection events:    5276
  Average detection latency: 52.33 ms
  Min detection latency:     50.22 ms
  Max detection latency:     301.73 ms
  Latency range:             251.51 ms

  Detection Latency Histogram:
    < 20 ms:  0 detections (0.0%)
    20-30 ms: 0 detections (0.0%)
    30-40 ms: 0 detections (0.0%)
    40-50 ms: 0 detections (0.0%)
    > 50 ms:  5275 detections (100.0%)

[PERFORMANCE METRICS]
  Throughput:         3.68 Gbps (1.40 Mpps)
  Cycles available:   2142 cycles/pkt (lower = higher load)
  Active IPs:         0
  Worker threads:     14 (lcores 1-14)

[DPDK NIC STATISTICS]
  RX packets (NIC):   385214052
  RX dropped (HW):    [0m0[0m (imissed)
  RX no mbufs:        [0m0[0m (buffer exhaustion)
  RX errors:          0
  Total drops:        [0m0 (0.00%)[0m
  RX burst calls:     114166524521 (99.7% empty)
  Processed pkts:     385214418 (100.0% of NIC RX)


╔═══════════════════════════════════════════════════════════════════════╗
║          MIRA DDoS DETECTOR - STATISTICS (MULTI-CORE)                ║
╚═══════════════════════════════════════════════════════════════════════╝

[PACKET COUNTERS - GLOBAL]
  Total packets:      392195710
  Baseline (10.10.2.x): 0 (0.0%)
  Attack (10.10.3.x): 392195710 (100.0%)
  TCP packets:        0
  UDP packets:        392195710
  ICMP packets:       0

[INSTANTANEOUS TRAFFIC - Last 5.0 seconds]
  Baseline (10.10.2.x): 0 pkts (0.0%)  0 bytes  0.00 Gbps
  Attack (10.10.3.x): 6981220 pkts (100.0%)  2303659970 bytes  3.68 Gbps
  Total throughput:   3.68 Gbps  (avg pkt: 330 bytes)

[CUMULATIVE TRAFFIC - Since first packet (281.1s)]
  Total received:     392195710 pkts (1.40 Mpps) | 3.68 Gbps | 129415685789 bytes

[ATTACK-SPECIFIC COUNTERS]
  SYN packets:        0
  SYN-ACK packets:    0
  SYN/ACK ratio:      0.00
  HTTP requests:      0
  DNS queries:        3234

[PROTOCOL-SPECIFIC COUNTERS - CIC-DDoS-2019 Features]
  NTP Amplification:
    Monlist queries:  866
    Responses:        0  (avg size: 0 bytes)
  DNS Amplification:
    ANY queries:      0
    TXT queries:      0
    Responses:        2709  (avg size: 316 bytes)
  SNMP Amplification:
    GetBulk requests: 0
    Responses:        0  (avg size: 0 bytes)
  SSDP:
    M-SEARCH packets: 0
    Responses:        6088
  PortMapper:
    GETPORT calls:    6004
    DUMP calls:       0
  NetBIOS:
    Name queries:     6671
    Datagram packets: 6003
  LDAP:
    Bind requests:    0
    Search requests:  6075
  MSSQL:
    SQLBatch packets: 5864
    RPC packets:      0
  TFTP:
    RRQ (read) pkts:  0
    WRQ (write) pkts: 0

[ATTACK DETECTIONS - Cumulative Events]
  UDP flood events:   5372
  UDP-lag events:     3
  SYN flood events:   0
  HTTP flood events:  0
  ICMP flood events:  0
  DNS amp events:     0
  NTP amp events:     0
  SNMP amp events:    0
  SSDP events:        0
  PortMap events:     0
  NetBIOS events:     0
  LDAP events:        0
  MSSQL events:       0
  TFTP events:        0
  ACK flood events:   0
  Frag attack events: 0
  Packet flood events:0
  (Note: Events count IPs exceeding thresholds per 50ms window)

[ALERT STATUS]
  Alert level:        [1;31mHIGH[0m
  Reason:             [1;31mUDP FLOOD detected: 101392114 UDP pps | [0m

[MULTI-LF (2025) COMPARISON]
=== Detection Performance vs ML-Based System ===

  First Detection Latency:   177.75 ms (vs MULTI-LF: 866 ms)
    Improvement:             4.9× faster

  Packets until detection:   0
  Bytes until detection:     0 (0.00 MB)

[OCTOSKETCH METRICS - Optimized Architecture]
=== Per-Worker Sketches + Sampling (1/32 packets) ===

  Architecture:              Per-worker (NO atomics, NO contention)
  Total sketch memory:       5377 KB (14 workers × 384.1 KB)
  Sampling rate:             1 in 32 packets (3.1% overhead)
  Attack traffic sampled:    5396832 updates
  Estimated attack packets:  172698624 (×32 sampling factor)
  Sketch overhead:           ~1.56% of fast-path cycles
  Memory efficiency:         O(1) constant, 384.1 KB per worker

[MULTIPLE DETECTION STATISTICS]
=== Aggregate Detection Analysis ===

  Total detection events:    5372
  Average detection latency: 52.32 ms
  Min detection latency:     50.22 ms
  Max detection latency:     301.73 ms
  Latency range:             251.51 ms

  Detection Latency Histogram:
    < 20 ms:  0 detections (0.0%)
    20-30 ms: 0 detections (0.0%)
    30-40 ms: 0 detections (0.0%)
    40-50 ms: 0 detections (0.0%)
    > 50 ms:  5371 detections (100.0%)

[PERFORMANCE METRICS]
  Throughput:         3.68 Gbps (1.40 Mpps)
  Cycles available:   2143 cycles/pkt (lower = higher load)
  Active IPs:         0
  Worker threads:     14 (lcores 1-14)

[DPDK NIC STATISTICS]
  RX packets (NIC):   392195354
  RX dropped (HW):    [0m0[0m (imissed)
  RX no mbufs:        [0m0[0m (buffer exhaustion)
  RX errors:          0
  Total drops:        [0m0 (0.00%)[0m
  RX burst calls:     116092833442 (99.7% empty)
  Processed pkts:     392195710 (100.0% of NIC RX)


╔═══════════════════════════════════════════════════════════════════════╗
║          MIRA DDoS DETECTOR - STATISTICS (MULTI-CORE)                ║
╚═══════════════════════════════════════════════════════════════════════╝

[PACKET COUNTERS - GLOBAL]
  Total packets:      399174797
  Baseline (10.10.2.x): 0 (0.0%)
  Attack (10.10.3.x): 399174797 (100.0%)
  TCP packets:        0
  UDP packets:        399174797
  ICMP packets:       0

[INSTANTANEOUS TRAFFIC - Last 5.0 seconds]
  Baseline (10.10.2.x): 0 pkts (0.0%)  0 bytes  0.00 Gbps
  Attack (10.10.3.x): 6979013 pkts (100.0%)  2302915224 bytes  3.68 Gbps
  Total throughput:   3.68 Gbps  (avg pkt: 330 bytes)

[CUMULATIVE TRAFFIC - Since first packet (286.1s)]
  Total received:     399174797 pkts (1.40 Mpps) | 3.68 Gbps | 131718627262 bytes

[ATTACK-SPECIFIC COUNTERS]
  SYN packets:        0
  SYN-ACK packets:    0
  SYN/ACK ratio:      0.00
  HTTP requests:      0
  DNS queries:        3297

[PROTOCOL-SPECIFIC COUNTERS - CIC-DDoS-2019 Features]
  NTP Amplification:
    Monlist queries:  880
    Responses:        0  (avg size: 0 bytes)
  DNS Amplification:
    ANY queries:      0
    TXT queries:      0
    Responses:        2754  (avg size: 316 bytes)
  SNMP Amplification:
    GetBulk requests: 0
    Responses:        0  (avg size: 0 bytes)
  SSDP:
    M-SEARCH packets: 0
    Responses:        6193
  PortMapper:
    GETPORT calls:    6107
    DUMP calls:       0
  NetBIOS:
    Name queries:     6807
    Datagram packets: 6121
  LDAP:
    Bind requests:    0
    Search requests:  6188
  MSSQL:
    SQLBatch packets: 5951
    RPC packets:      0
  TFTP:
    RRQ (read) pkts:  0
    WRQ (write) pkts: 0

[ATTACK DETECTIONS - Cumulative Events]
  UDP flood events:   5468
  UDP-lag events:     3
  SYN flood events:   0
  HTTP flood events:  0
  ICMP flood events:  0
  DNS amp events:     0
  NTP amp events:     0
  SNMP amp events:    0
  SSDP events:        0
  PortMap events:     0
  NetBIOS events:     0
  LDAP events:        0
  MSSQL events:       0
  TFTP events:        0
  ACK flood events:   0
  Frag attack events: 0
  Packet flood events:0
  (Note: Events count IPs exceeding thresholds per 50ms window)

[ALERT STATUS]
  Alert level:        [1;31mHIGH[0m
  Reason:             [1;31mUDP FLOOD detected: 103203435 UDP pps | [0m

[MULTI-LF (2025) COMPARISON]
=== Detection Performance vs ML-Based System ===

  First Detection Latency:   177.75 ms (vs MULTI-LF: 866 ms)
    Improvement:             4.9× faster

  Packets until detection:   0
  Bytes until detection:     0 (0.00 MB)

[OCTOSKETCH METRICS - Optimized Architecture]
=== Per-Worker Sketches + Sampling (1/32 packets) ===

  Architecture:              Per-worker (NO atomics, NO contention)
  Total sketch memory:       5377 KB (14 workers × 384.1 KB)
  Sampling rate:             1 in 32 packets (3.1% overhead)
  Attack traffic sampled:    5395776 updates
  Estimated attack packets:  172664832 (×32 sampling factor)
  Sketch overhead:           ~1.56% of fast-path cycles
  Memory efficiency:         O(1) constant, 384.1 KB per worker

[MULTIPLE DETECTION STATISTICS]
=== Aggregate Detection Analysis ===

  Total detection events:    5468
  Average detection latency: 52.32 ms
  Min detection latency:     50.22 ms
  Max detection latency:     301.73 ms
  Latency range:             251.51 ms

  Detection Latency Histogram:
    < 20 ms:  0 detections (0.0%)
    20-30 ms: 0 detections (0.0%)
    30-40 ms: 0 detections (0.0%)
    40-50 ms: 0 detections (0.0%)
    > 50 ms:  5467 detections (100.0%)

[PERFORMANCE METRICS]
  Throughput:         3.68 Gbps (1.39 Mpps)
  Cycles available:   2144 cycles/pkt (lower = higher load)
  Active IPs:         0
  Worker threads:     14 (lcores 1-14)

[DPDK NIC STATISTICS]
  RX packets (NIC):   399174446
  RX dropped (HW):    [0m0[0m (imissed)
  RX no mbufs:        [0m0[0m (buffer exhaustion)
  RX errors:          0
  Total drops:        [0m0 (0.00%)[0m
  RX burst calls:     118019220886 (99.7% empty)
  Processed pkts:     399174797 (100.0% of NIC RX)


╔═══════════════════════════════════════════════════════════════════════╗
║          MIRA DDoS DETECTOR - STATISTICS (MULTI-CORE)                ║
╚═══════════════════════════════════════════════════════════════════════╝

[PACKET COUNTERS - GLOBAL]
  Total packets:      406156744
  Baseline (10.10.2.x): 0 (0.0%)
  Attack (10.10.3.x): 406156744 (100.0%)
  TCP packets:        0
  UDP packets:        406156744
  ICMP packets:       0

[INSTANTANEOUS TRAFFIC - Last 5.0 seconds]
  Baseline (10.10.2.x): 0 pkts (0.0%)  0 bytes  0.00 Gbps
  Attack (10.10.3.x): 6981879 pkts (100.0%)  2303729019 bytes  3.68 Gbps
  Total throughput:   3.68 Gbps  (avg pkt: 330 bytes)

[CUMULATIVE TRAFFIC - Since first packet (291.1s)]
  Total received:     406156744 pkts (1.40 Mpps) | 3.68 Gbps | 134022378372 bytes

[ATTACK-SPECIFIC COUNTERS]
  SYN packets:        0
  SYN-ACK packets:    0
  SYN/ACK ratio:      0.00
  HTTP requests:      0
  DNS queries:        3354

[PROTOCOL-SPECIFIC COUNTERS - CIC-DDoS-2019 Features]
  NTP Amplification:
    Monlist queries:  892
    Responses:        0  (avg size: 0 bytes)
  DNS Amplification:
    ANY queries:      0
    TXT queries:      0
    Responses:        2808  (avg size: 316 bytes)
  SNMP Amplification:
    GetBulk requests: 0
    Responses:        0  (avg size: 0 bytes)
  SSDP:
    M-SEARCH packets: 0
    Responses:        6296
  PortMapper:
    GETPORT calls:    6199
    DUMP calls:       0
  NetBIOS:
    Name queries:     6923
    Datagram packets: 6222
  LDAP:
    Bind requests:    0
    Search requests:  6286
  MSSQL:
    SQLBatch packets: 6064
    RPC packets:      0
  TFTP:
    RRQ (read) pkts:  0
    WRQ (write) pkts: 0

[ATTACK DETECTIONS - Cumulative Events]
  UDP flood events:   5563
  UDP-lag events:     3
  SYN flood events:   0
  HTTP flood events:  0
  ICMP flood events:  0
  DNS amp events:     0
  NTP amp events:     0
  SNMP amp events:    0
  SSDP events:        0
  PortMap events:     0
  NetBIOS events:     0
  LDAP events:        0
  MSSQL events:       0
  TFTP events:        0
  ACK flood events:   0
  Frag attack events: 0
  Packet flood events:0
  (Note: Events count IPs exceeding thresholds per 50ms window)

[ALERT STATUS]
  Alert level:        [1;31mHIGH[0m
  Reason:             [1;31mUDP FLOOD detected: 106379035 UDP pps | [0m

[MULTI-LF (2025) COMPARISON]
=== Detection Performance vs ML-Based System ===

  First Detection Latency:   177.75 ms (vs MULTI-LF: 866 ms)
    Improvement:             4.9× faster

  Packets until detection:   0
  Bytes until detection:     0 (0.00 MB)

[OCTOSKETCH METRICS - Optimized Architecture]
=== Per-Worker Sketches + Sampling (1/32 packets) ===

  Architecture:              Per-worker (NO atomics, NO contention)
  Total sketch memory:       5377 KB (14 workers × 384.1 KB)
  Sampling rate:             1 in 32 packets (3.1% overhead)
  Attack traffic sampled:    5326816 updates
  Estimated attack packets:  170458112 (×32 sampling factor)
  Sketch overhead:           ~1.56% of fast-path cycles
  Memory efficiency:         O(1) constant, 384.1 KB per worker

[MULTIPLE DETECTION STATISTICS]
=== Aggregate Detection Analysis ===

  Total detection events:    5563
  Average detection latency: 52.32 ms
  Min detection latency:     50.22 ms
  Max detection latency:     301.73 ms
  Latency range:             251.51 ms

  Detection Latency Histogram:
    < 20 ms:  0 detections (0.0%)
    20-30 ms: 0 detections (0.0%)
    30-40 ms: 0 detections (0.0%)
    40-50 ms: 0 detections (0.0%)
    > 50 ms:  5562 detections (100.0%)

[PERFORMANCE METRICS]
  Throughput:         3.68 Gbps (1.40 Mpps)
  Cycles available:   2143 cycles/pkt (lower = higher load)
  Active IPs:         0
  Worker threads:     14 (lcores 1-14)

[DPDK NIC STATISTICS]
  RX packets (NIC):   406156359
  RX dropped (HW):    [0m0[0m (imissed)
  RX no mbufs:        [0m0[0m (buffer exhaustion)
  RX errors:          0
  Total drops:        [0m0 (0.00%)[0m
  RX burst calls:     119945513884 (99.7% empty)
  Processed pkts:     406156744 (100.0% of NIC RX)


╔═══════════════════════════════════════════════════════════════════════╗
║          MIRA DDoS DETECTOR - STATISTICS (MULTI-CORE)                ║
╚═══════════════════════════════════════════════════════════════════════╝

[PACKET COUNTERS - GLOBAL]
  Total packets:      413137377
  Baseline (10.10.2.x): 0 (0.0%)
  Attack (10.10.3.x): 413137377 (100.0%)
  TCP packets:        0
  UDP packets:        413137377
  ICMP packets:       0

[INSTANTANEOUS TRAFFIC - Last 5.0 seconds]
  Baseline (10.10.2.x): 0 pkts (0.0%)  0 bytes  0.00 Gbps
  Attack (10.10.3.x): 6980536 pkts (100.0%)  2303651984 bytes  3.68 Gbps
  Total throughput:   3.68 Gbps  (avg pkt: 330 bytes)

[CUMULATIVE TRAFFIC - Since first packet (296.1s)]
  Total received:     413137377 pkts (1.40 Mpps) | 3.68 Gbps | 136326063421 bytes

[ATTACK-SPECIFIC COUNTERS]
  SYN packets:        0
  SYN-ACK packets:    0
  SYN/ACK ratio:      0.00
  HTTP requests:      0
  DNS queries:        3409

[PROTOCOL-SPECIFIC COUNTERS - CIC-DDoS-2019 Features]
  NTP Amplification:
    Monlist queries:  910
    Responses:        0  (avg size: 0 bytes)
  DNS Amplification:
    ANY queries:      0
    TXT queries:      0
    Responses:        2853  (avg size: 316 bytes)
  SNMP Amplification:
    GetBulk requests: 0
    Responses:        0  (avg size: 0 bytes)
  SSDP:
    M-SEARCH packets: 0
    Responses:        6421
  PortMapper:
    GETPORT calls:    6320
    DUMP calls:       0
  NetBIOS:
    Name queries:     7034
    Datagram packets: 6321
  LDAP:
    Bind requests:    0
    Search requests:  6396
  MSSQL:
    SQLBatch packets: 6174
    RPC packets:      0
  TFTP:
    RRQ (read) pkts:  0
    WRQ (write) pkts: 0

[ATTACK DETECTIONS - Cumulative Events]
  UDP flood events:   5659
  UDP-lag events:     3
  SYN flood events:   0
  HTTP flood events:  0
  ICMP flood events:  0
  DNS amp events:     0
  NTP amp events:     0
  SNMP amp events:    0
  SSDP events:        0
  PortMap events:     0
  NetBIOS events:     0
  LDAP events:        0
  MSSQL events:       0
  TFTP events:        0
  ACK flood events:   0
  Frag attack events: 0
  Packet flood events:0
  (Note: Events count IPs exceeding thresholds per 50ms window)

[ALERT STATUS]
  Alert level:        [1;31mHIGH[0m
  Reason:             [1;31mUDP FLOOD detected: 108216268 UDP pps | [0m

[MULTI-LF (2025) COMPARISON]
=== Detection Performance vs ML-Based System ===

  First Detection Latency:   177.75 ms (vs MULTI-LF: 866 ms)
    Improvement:             4.9× faster

  Packets until detection:   0
  Bytes until detection:     0 (0.00 MB)

[OCTOSKETCH METRICS - Optimized Architecture]
=== Per-Worker Sketches + Sampling (1/32 packets) ===

  Architecture:              Per-worker (NO atomics, NO contention)
  Total sketch memory:       5377 KB (14 workers × 384.1 KB)
  Sampling rate:             1 in 32 packets (3.1% overhead)
  Attack traffic sampled:    5326048 updates
  Estimated attack packets:  170433536 (×32 sampling factor)
  Sketch overhead:           ~1.56% of fast-path cycles
  Memory efficiency:         O(1) constant, 384.1 KB per worker

[MULTIPLE DETECTION STATISTICS]
=== Aggregate Detection Analysis ===

  Total detection events:    5659
  Average detection latency: 52.32 ms
  Min detection latency:     50.22 ms
  Max detection latency:     301.73 ms
  Latency range:             251.51 ms

  Detection Latency Histogram:
    < 20 ms:  0 detections (0.0%)
    20-30 ms: 0 detections (0.0%)
    30-40 ms: 0 detections (0.0%)
    40-50 ms: 0 detections (0.0%)
    > 50 ms:  5658 detections (100.0%)

[PERFORMANCE METRICS]
  Throughput:         3.68 Gbps (1.40 Mpps)
  Cycles available:   2143 cycles/pkt (lower = higher load)
  Active IPs:         0
  Worker threads:     14 (lcores 1-14)

[DPDK NIC STATISTICS]
  RX packets (NIC):   413137018
  RX dropped (HW):    [0m0[0m (imissed)
  RX no mbufs:        [0m0[0m (buffer exhaustion)
  RX errors:          0
  Total drops:        [0m0 (0.00%)[0m
  RX burst calls:     121871689503 (99.7% empty)
  Processed pkts:     413137377 (100.0% of NIC RX)


╔═══════════════════════════════════════════════════════════════════════╗
║          MIRA DDoS DETECTOR - STATISTICS (MULTI-CORE)                ║
╚═══════════════════════════════════════════════════════════════════════╝

[PACKET COUNTERS - GLOBAL]
  Total packets:      420117938
  Baseline (10.10.2.x): 0 (0.0%)
  Attack (10.10.3.x): 420117938 (100.0%)
  TCP packets:        0
  UDP packets:        420117938
  ICMP packets:       0

[INSTANTANEOUS TRAFFIC - Last 5.0 seconds]
  Baseline (10.10.2.x): 0 pkts (0.0%)  0 bytes  0.00 Gbps
  Attack (10.10.3.x): 6980481 pkts (100.0%)  2303366064 bytes  3.68 Gbps
  Total throughput:   3.68 Gbps  (avg pkt: 330 bytes)

[CUMULATIVE TRAFFIC - Since first packet (301.1s)]
  Total received:     420117938 pkts (1.40 Mpps) | 3.68 Gbps | 138629452511 bytes

[ATTACK-SPECIFIC COUNTERS]
  SYN packets:        0
  SYN-ACK packets:    0
  SYN/ACK ratio:      0.00
  HTTP requests:      0
  DNS queries:        3466

[PROTOCOL-SPECIFIC COUNTERS - CIC-DDoS-2019 Features]
  NTP Amplification:
    Monlist queries:  924
    Responses:        0  (avg size: 0 bytes)
  DNS Amplification:
    ANY queries:      0
    TXT queries:      0
    Responses:        2900  (avg size: 316 bytes)
  SNMP Amplification:
    GetBulk requests: 0
    Responses:        0  (avg size: 0 bytes)
  SSDP:
    M-SEARCH packets: 0
    Responses:        6511
  PortMapper:
    GETPORT calls:    6426
    DUMP calls:       0
  NetBIOS:
    Name queries:     7162
    Datagram packets: 6448
  LDAP:
    Bind requests:    0
    Search requests:  6511
  MSSQL:
    SQLBatch packets: 6261
    RPC packets:      0
  TFTP:
    RRQ (read) pkts:  0
    WRQ (write) pkts: 0

[ATTACK DETECTIONS - Cumulative Events]
  UDP flood events:   5755
  UDP-lag events:     3
  SYN flood events:   0
  HTTP flood events:  0
  ICMP flood events:  0
  DNS amp events:     0
  NTP amp events:     0
  SNMP amp events:    0
  SSDP events:        0
  PortMap events:     0
  NetBIOS events:     0
  LDAP events:        0
  MSSQL events:       0
  TFTP events:        0
  ACK flood events:   0
  Frag attack events: 0
  Packet flood events:0
  (Note: Events count IPs exceeding thresholds per 50ms window)

[ALERT STATUS]
  Alert level:        [1;31mHIGH[0m
  Reason:             [1;31mUDP FLOOD detected: 110050882 UDP pps | [0m

[MULTI-LF (2025) COMPARISON]
=== Detection Performance vs ML-Based System ===

  First Detection Latency:   177.75 ms (vs MULTI-LF: 866 ms)
    Improvement:             4.9× faster

  Packets until detection:   0
  Bytes until detection:     0 (0.00 MB)

[OCTOSKETCH METRICS - Optimized Architecture]
=== Per-Worker Sketches + Sampling (1/32 packets) ===

  Architecture:              Per-worker (NO atomics, NO contention)
  Total sketch memory:       5377 KB (14 workers × 384.1 KB)
  Sampling rate:             1 in 32 packets (3.1% overhead)
  Attack traffic sampled:    5324480 updates
  Estimated attack packets:  170383360 (×32 sampling factor)
  Sketch overhead:           ~1.56% of fast-path cycles
  Memory efficiency:         O(1) constant, 384.1 KB per worker

[MULTIPLE DETECTION STATISTICS]
=== Aggregate Detection Analysis ===

  Total detection events:    5755
  Average detection latency: 52.32 ms
  Min detection latency:     50.22 ms
  Max detection latency:     301.73 ms
  Latency range:             251.51 ms

  Detection Latency Histogram:
    < 20 ms:  0 detections (0.0%)
    20-30 ms: 0 detections (0.0%)
    30-40 ms: 0 detections (0.0%)
    40-50 ms: 0 detections (0.0%)
    > 50 ms:  5754 detections (100.0%)

[PERFORMANCE METRICS]
  Throughput:         3.68 Gbps (1.40 Mpps)
  Cycles available:   2143 cycles/pkt (lower = higher load)
  Active IPs:         0
  Worker threads:     14 (lcores 1-14)

[DPDK NIC STATISTICS]
  RX packets (NIC):   420117569
  RX dropped (HW):    [0m0[0m (imissed)
  RX no mbufs:        [0m0[0m (buffer exhaustion)
  RX errors:          0
  Total drops:        [0m0 (0.00%)[0m
  RX burst calls:     123797805616 (99.7% empty)
  Processed pkts:     420117938 (100.0% of NIC RX)


╔═══════════════════════════════════════════════════════════════════════╗
║          MIRA DDoS DETECTOR - STATISTICS (MULTI-CORE)                ║
╚═══════════════════════════════════════════════════════════════════════╝

[PACKET COUNTERS - GLOBAL]
  Total packets:      427100567
  Baseline (10.10.2.x): 0 (0.0%)
  Attack (10.10.3.x): 427100567 (100.0%)
  TCP packets:        0
  UDP packets:        427100567
  ICMP packets:       0

[INSTANTANEOUS TRAFFIC - Last 5.0 seconds]
  Baseline (10.10.2.x): 0 pkts (0.0%)  0 bytes  0.00 Gbps
  Attack (10.10.3.x): 6982557 pkts (100.0%)  2303959695 bytes  3.68 Gbps
  Total throughput:   3.68 Gbps  (avg pkt: 330 bytes)

[CUMULATIVE TRAFFIC - Since first packet (306.1s)]
  Total received:     427100567 pkts (1.40 Mpps) | 3.68 Gbps | 140933435016 bytes

[ATTACK-SPECIFIC COUNTERS]
  SYN packets:        0
  SYN-ACK packets:    0
  SYN/ACK ratio:      0.00
  HTTP requests:      0
  DNS queries:        3526

[PROTOCOL-SPECIFIC COUNTERS - CIC-DDoS-2019 Features]
  NTP Amplification:
    Monlist queries:  938
    Responses:        0  (avg size: 0 bytes)
  DNS Amplification:
    ANY queries:      0
    TXT queries:      0
    Responses:        2955  (avg size: 316 bytes)
  SNMP Amplification:
    GetBulk requests: 0
    Responses:        0  (avg size: 0 bytes)
  SSDP:
    M-SEARCH packets: 0
    Responses:        6618
  PortMapper:
    GETPORT calls:    6512
    DUMP calls:       0
  NetBIOS:
    Name queries:     7280
    Datagram packets: 6547
  LDAP:
    Bind requests:    0
    Search requests:  6612
  MSSQL:
    SQLBatch packets: 6375
    RPC packets:      0
  TFTP:
    RRQ (read) pkts:  0
    WRQ (write) pkts: 0

[ATTACK DETECTIONS - Cumulative Events]
  UDP flood events:   5851
  UDP-lag events:     3
  SYN flood events:   0
  HTTP flood events:  0
  ICMP flood events:  0
  DNS amp events:     0
  NTP amp events:     0
  SNMP amp events:    0
  SSDP events:        0
  PortMap events:     0
  NetBIOS events:     0
  LDAP events:        0
  MSSQL events:       0
  TFTP events:        0
  ACK flood events:   0
  Frag attack events: 0
  Packet flood events:0
  (Note: Events count IPs exceeding thresholds per 50ms window)

[ALERT STATUS]
  Alert level:        [1;31mHIGH[0m
  Reason:             [1;31mUDP FLOOD detected: 113361085 UDP pps | [0m

[MULTI-LF (2025) COMPARISON]
=== Detection Performance vs ML-Based System ===

  First Detection Latency:   177.75 ms (vs MULTI-LF: 866 ms)
    Improvement:             4.9× faster

  Packets until detection:   0
  Bytes until detection:     0 (0.00 MB)

[OCTOSKETCH METRICS - Optimized Architecture]
=== Per-Worker Sketches + Sampling (1/32 packets) ===

  Architecture:              Per-worker (NO atomics, NO contention)
  Total sketch memory:       5377 KB (14 workers × 384.1 KB)
  Sampling rate:             1 in 32 packets (3.1% overhead)
  Attack traffic sampled:    5255584 updates
  Estimated attack packets:  168178688 (×32 sampling factor)
  Sketch overhead:           ~1.56% of fast-path cycles
  Memory efficiency:         O(1) constant, 384.1 KB per worker

[MULTIPLE DETECTION STATISTICS]
=== Aggregate Detection Analysis ===

  Total detection events:    5851
  Average detection latency: 52.31 ms
  Min detection latency:     50.22 ms
  Max detection latency:     301.73 ms
  Latency range:             251.51 ms

  Detection Latency Histogram:
    < 20 ms:  0 detections (0.0%)
    20-30 ms: 0 detections (0.0%)
    30-40 ms: 0 detections (0.0%)
    40-50 ms: 0 detections (0.0%)
    > 50 ms:  5850 detections (100.0%)

[PERFORMANCE METRICS]
  Throughput:         3.68 Gbps (1.40 Mpps)
  Cycles available:   2142 cycles/pkt (lower = higher load)
  Active IPs:         0
  Worker threads:     14 (lcores 1-14)

[DPDK NIC STATISTICS]
  RX packets (NIC):   427100215
  RX dropped (HW):    [0m0[0m (imissed)
  RX no mbufs:        [0m0[0m (buffer exhaustion)
  RX errors:          0
  Total drops:        [0m0 (0.00%)[0m
  RX burst calls:     125724154628 (99.7% empty)
  Processed pkts:     427100567 (100.0% of NIC RX)


╔═══════════════════════════════════════════════════════════════════════╗
║          MIRA DDoS DETECTOR - STATISTICS (MULTI-CORE)                ║
╚═══════════════════════════════════════════════════════════════════════╝

[PACKET COUNTERS - GLOBAL]
  Total packets:      434082210
  Baseline (10.10.2.x): 0 (0.0%)
  Attack (10.10.3.x): 434082210 (100.0%)
  TCP packets:        0
  UDP packets:        434082210
  ICMP packets:       0

[INSTANTANEOUS TRAFFIC - Last 5.0 seconds]
  Baseline (10.10.2.x): 0 pkts (0.0%)  0 bytes  0.00 Gbps
  Attack (10.10.3.x): 6981558 pkts (100.0%)  2303779062 bytes  3.68 Gbps
  Total throughput:   3.68 Gbps  (avg pkt: 330 bytes)

[CUMULATIVE TRAFFIC - Since first packet (311.1s)]
  Total received:     434082210 pkts (1.40 Mpps) | 3.68 Gbps | 143237241528 bytes

[ATTACK-SPECIFIC COUNTERS]
  SYN packets:        0
  SYN-ACK packets:    0
  SYN/ACK ratio:      0.00
  HTTP requests:      0
  DNS queries:        3585

[PROTOCOL-SPECIFIC COUNTERS - CIC-DDoS-2019 Features]
  NTP Amplification:
    Monlist queries:  957
    Responses:        0  (avg size: 0 bytes)
  DNS Amplification:
    ANY queries:      0
    TXT queries:      0
    Responses:        2993  (avg size: 316 bytes)
  SNMP Amplification:
    GetBulk requests: 0
    Responses:        0  (avg size: 0 bytes)
  SSDP:
    M-SEARCH packets: 0
    Responses:        6745
  PortMapper:
    GETPORT calls:    6635
    DUMP calls:       0
  NetBIOS:
    Name queries:     7389
    Datagram packets: 6646
  LDAP:
    Bind requests:    0
    Search requests:  6716
  MSSQL:
    SQLBatch packets: 6486
    RPC packets:      0
  TFTP:
    RRQ (read) pkts:  0
    WRQ (write) pkts: 0

[ATTACK DETECTIONS - Cumulative Events]
  UDP flood events:   5947
  UDP-lag events:     3
  SYN flood events:   0
  HTTP flood events:  0
  ICMP flood events:  0
  DNS amp events:     0
  NTP amp events:     0
  SNMP amp events:    0
  SSDP events:        0
  PortMap events:     0
  NetBIOS events:     0
  LDAP events:        0
  MSSQL events:       0
  TFTP events:        0
  ACK flood events:   0
  Frag attack events: 0
  Packet flood events:0
  (Note: Events count IPs exceeding thresholds per 50ms window)

[ALERT STATUS]
  Alert level:        [1;31mHIGH[0m
  Reason:             [1;31mUDP FLOOD detected: 115221514 UDP pps | [0m

[MULTI-LF (2025) COMPARISON]
=== Detection Performance vs ML-Based System ===

  First Detection Latency:   177.75 ms (vs MULTI-LF: 866 ms)
    Improvement:             4.9× faster

  Packets until detection:   0
  Bytes until detection:     0 (0.00 MB)

[OCTOSKETCH METRICS - Optimized Architecture]
=== Per-Worker Sketches + Sampling (1/32 packets) ===

  Architecture:              Per-worker (NO atomics, NO contention)
  Total sketch memory:       5377 KB (14 workers × 384.1 KB)
  Sampling rate:             1 in 32 packets (3.1% overhead)
  Attack traffic sampled:    5256192 updates
  Estimated attack packets:  168198144 (×32 sampling factor)
  Sketch overhead:           ~1.56% of fast-path cycles
  Memory efficiency:         O(1) constant, 384.1 KB per worker

[MULTIPLE DETECTION STATISTICS]
=== Aggregate Detection Analysis ===

  Total detection events:    5947
  Average detection latency: 52.31 ms
  Min detection latency:     50.22 ms
  Max detection latency:     301.73 ms
  Latency range:             251.51 ms

  Detection Latency Histogram:
    < 20 ms:  0 detections (0.0%)
    20-30 ms: 0 detections (0.0%)
    30-40 ms: 0 detections (0.0%)
    40-50 ms: 0 detections (0.0%)
    > 50 ms:  5946 detections (100.0%)

[PERFORMANCE METRICS]
  Throughput:         3.68 Gbps (1.40 Mpps)
  Cycles available:   2143 cycles/pkt (lower = higher load)
  Active IPs:         0
  Worker threads:     14 (lcores 1-14)

[DPDK NIC STATISTICS]
  RX packets (NIC):   434081854
  RX dropped (HW):    [0m0[0m (imissed)
  RX no mbufs:        [0m0[0m (buffer exhaustion)
  RX errors:          0
  Total drops:        [0m0 (0.00%)[0m
  RX burst calls:     127650489596 (99.7% empty)
  Processed pkts:     434082210 (100.0% of NIC RX)


╔═══════════════════════════════════════════════════════════════════════╗
║          MIRA DDoS DETECTOR - STATISTICS (MULTI-CORE)                ║
╚═══════════════════════════════════════════════════════════════════════╝

[PACKET COUNTERS - GLOBAL]
  Total packets:      441063206
  Baseline (10.10.2.x): 0 (0.0%)
  Attack (10.10.3.x): 441063206 (100.0%)
  TCP packets:        0
  UDP packets:        441063206
  ICMP packets:       0

[INSTANTANEOUS TRAFFIC - Last 5.0 seconds]
  Baseline (10.10.2.x): 0 pkts (0.0%)  0 bytes  0.00 Gbps
  Attack (10.10.3.x): 6980924 pkts (100.0%)  2303563752 bytes  3.68 Gbps
  Total throughput:   3.68 Gbps  (avg pkt: 330 bytes)

[CUMULATIVE TRAFFIC - Since first packet (316.1s)]
  Total received:     441063206 pkts (1.40 Mpps) | 3.68 Gbps | 145540827801 bytes

[ATTACK-SPECIFIC COUNTERS]
  SYN packets:        0
  SYN-ACK packets:    0
  SYN/ACK ratio:      0.00
  HTTP requests:      0
  DNS queries:        3644

[PROTOCOL-SPECIFIC COUNTERS - CIC-DDoS-2019 Features]
  NTP Amplification:
    Monlist queries:  972
    Responses:        0  (avg size: 0 bytes)
  DNS Amplification:
    ANY queries:      0
    TXT queries:      0
    Responses:        3044  (avg size: 316 bytes)
  SNMP Amplification:
    GetBulk requests: 0
    Responses:        0  (avg size: 0 bytes)
  SSDP:
    M-SEARCH packets: 0
    Responses:        6834
  PortMapper:
    GETPORT calls:    6739
    DUMP calls:       0
  NetBIOS:
    Name queries:     7519
    Datagram packets: 6771
  LDAP:
    Bind requests:    0
    Search requests:  6837
  MSSQL:
    SQLBatch packets: 6579
    RPC packets:      0
  TFTP:
    RRQ (read) pkts:  0
    WRQ (write) pkts: 0

[ATTACK DETECTIONS - Cumulative Events]
  UDP flood events:   6043
  UDP-lag events:     3
  SYN flood events:   0
  HTTP flood events:  0
  ICMP flood events:  0
  DNS amp events:     0
  NTP amp events:     0
  SNMP amp events:    0
  SSDP events:        0
  PortMap events:     0
  NetBIOS events:     0
  LDAP events:        0
  MSSQL events:       0
  TFTP events:        0
  ACK flood events:   0
  Frag attack events: 0
  Packet flood events:0
  (Note: Events count IPs exceeding thresholds per 50ms window)

[ALERT STATUS]
  Alert level:        [1;31mHIGH[0m
  Reason:             [1;31mUDP FLOOD detected: 118645552 UDP pps | [0m

[MULTI-LF (2025) COMPARISON]
=== Detection Performance vs ML-Based System ===

  First Detection Latency:   177.75 ms (vs MULTI-LF: 866 ms)
    Improvement:             4.9× faster

  Packets until detection:   0
  Bytes until detection:     0 (0.00 MB)

[OCTOSKETCH METRICS - Optimized Architecture]
=== Per-Worker Sketches + Sampling (1/32 packets) ===

  Architecture:              Per-worker (NO atomics, NO contention)
  Total sketch memory:       5377 KB (14 workers × 384.1 KB)
  Sampling rate:             1 in 32 packets (3.1% overhead)
  Attack traffic sampled:    5185952 updates
  Estimated attack packets:  165950464 (×32 sampling factor)
  Sketch overhead:           ~1.56% of fast-path cycles
  Memory efficiency:         O(1) constant, 384.1 KB per worker

[MULTIPLE DETECTION STATISTICS]
=== Aggregate Detection Analysis ===

  Total detection events:    6043
  Average detection latency: 52.31 ms
  Min detection latency:     50.22 ms
  Max detection latency:     301.73 ms
  Latency range:             251.51 ms

  Detection Latency Histogram:
    < 20 ms:  0 detections (0.0%)
    20-30 ms: 0 detections (0.0%)
    30-40 ms: 0 detections (0.0%)
    40-50 ms: 0 detections (0.0%)
    > 50 ms:  6042 detections (100.0%)

[PERFORMANCE METRICS]
  Throughput:         3.68 Gbps (1.40 Mpps)
  Cycles available:   2143 cycles/pkt (lower = higher load)
  Active IPs:         0
  Worker threads:     14 (lcores 1-14)

[DPDK NIC STATISTICS]
  RX packets (NIC):   441062849
  RX dropped (HW):    [0m0[0m (imissed)
  RX no mbufs:        [0m0[0m (buffer exhaustion)
  RX errors:          0
  Total drops:        [0m0 (0.00%)[0m
  RX burst calls:     129576653018 (99.7% empty)
  Processed pkts:     441063206 (100.0% of NIC RX)


╔═══════════════════════════════════════════════════════════════════════╗
║          MIRA DDoS DETECTOR - STATISTICS (MULTI-CORE)                ║
╚═══════════════════════════════════════════════════════════════════════╝

[PACKET COUNTERS - GLOBAL]
  Total packets:      448043882
  Baseline (10.10.2.x): 0 (0.0%)
  Attack (10.10.3.x): 448043882 (100.0%)
  TCP packets:        0
  UDP packets:        448043882
  ICMP packets:       0

[INSTANTANEOUS TRAFFIC - Last 5.0 seconds]
  Baseline (10.10.2.x): 0 pkts (0.0%)  0 bytes  0.00 Gbps
  Attack (10.10.3.x): 6980608 pkts (100.0%)  2303169878 bytes  3.68 Gbps
  Total throughput:   3.68 Gbps  (avg pkt: 330 bytes)

[CUMULATIVE TRAFFIC - Since first packet (321.1s)]
  Total received:     448043882 pkts (1.40 Mpps) | 3.68 Gbps | 147844019452 bytes

[ATTACK-SPECIFIC COUNTERS]
  SYN packets:        0
  SYN-ACK packets:    0
  SYN/ACK ratio:      0.00
  HTTP requests:      0
  DNS queries:        3696

[PROTOCOL-SPECIFIC COUNTERS - CIC-DDoS-2019 Features]
  NTP Amplification:
    Monlist queries:  984
    Responses:        0  (avg size: 0 bytes)
  DNS Amplification:
    ANY queries:      0
    TXT queries:      0
    Responses:        3099  (avg size: 316 bytes)
  SNMP Amplification:
    GetBulk requests: 0
    Responses:        0  (avg size: 0 bytes)
  SSDP:
    M-SEARCH packets: 0
    Responses:        6946
  PortMapper:
    GETPORT calls:    6836
    DUMP calls:       0
  NetBIOS:
    Name queries:     7636
    Datagram packets: 6863
  LDAP:
    Bind requests:    0
    Search requests:  6942
  MSSQL:
    SQLBatch packets: 6689
    RPC packets:      0
  TFTP:
    RRQ (read) pkts:  0
    WRQ (write) pkts: 0

[ATTACK DETECTIONS - Cumulative Events]
  UDP flood events:   6139
  UDP-lag events:     3
  SYN flood events:   0
  HTTP flood events:  0
  ICMP flood events:  0
  DNS amp events:     0
  NTP amp events:     0
  SNMP amp events:    0
  SSDP events:        0
  PortMap events:     0
  NetBIOS events:     0
  LDAP events:        0
  MSSQL events:       0
  TFTP events:        0
  ACK flood events:   0
  Frag attack events: 0
  Packet flood events:0
  (Note: Events count IPs exceeding thresholds per 50ms window)

[ALERT STATUS]
  Alert level:        [1;31mHIGH[0m
  Reason:             [1;31mUDP FLOOD detected: 120530283 UDP pps | [0m

[MULTI-LF (2025) COMPARISON]
=== Detection Performance vs ML-Based System ===

  First Detection Latency:   177.75 ms (vs MULTI-LF: 866 ms)
    Improvement:             4.9× faster

  Packets until detection:   0
  Bytes until detection:     0 (0.00 MB)

[OCTOSKETCH METRICS - Optimized Architecture]
=== Per-Worker Sketches + Sampling (1/32 packets) ===

  Architecture:              Per-worker (NO atomics, NO contention)
  Total sketch memory:       5377 KB (14 workers × 384.1 KB)
  Sampling rate:             1 in 32 packets (3.1% overhead)
  Attack traffic sampled:    5185664 updates
  Estimated attack packets:  165941248 (×32 sampling factor)
  Sketch overhead:           ~1.56% of fast-path cycles
  Memory efficiency:         O(1) constant, 384.1 KB per worker

[MULTIPLE DETECTION STATISTICS]
=== Aggregate Detection Analysis ===

  Total detection events:    6139
  Average detection latency: 52.31 ms
  Min detection latency:     50.22 ms
  Max detection latency:     301.73 ms
  Latency range:             251.51 ms

  Detection Latency Histogram:
    < 20 ms:  0 detections (0.0%)
    20-30 ms: 0 detections (0.0%)
    30-40 ms: 0 detections (0.0%)
    40-50 ms: 0 detections (0.0%)
    > 50 ms:  6138 detections (100.0%)

[PERFORMANCE METRICS]
  Throughput:         3.68 Gbps (1.40 Mpps)
  Cycles available:   2143 cycles/pkt (lower = higher load)
  Active IPs:         0
  Worker threads:     14 (lcores 1-14)

[DPDK NIC STATISTICS]
  RX packets (NIC):   448043511
  RX dropped (HW):    [0m0[0m (imissed)
  RX no mbufs:        [0m0[0m (buffer exhaustion)
  RX errors:          0
  Total drops:        [0m0 (0.00%)[0m
  RX burst calls:     131502899276 (99.7% empty)
  Processed pkts:     448043882 (100.0% of NIC RX)


╔═══════════════════════════════════════════════════════════════════════╗
║          MIRA DDoS DETECTOR - STATISTICS (MULTI-CORE)                ║
╚═══════════════════════════════════════════════════════════════════════╝

[PACKET COUNTERS - GLOBAL]
  Total packets:      455025063
  Baseline (10.10.2.x): 0 (0.0%)
  Attack (10.10.3.x): 455025063 (100.0%)
  TCP packets:        0
  UDP packets:        455025063
  ICMP packets:       0

[INSTANTANEOUS TRAFFIC - Last 5.0 seconds]
  Baseline (10.10.2.x): 0 pkts (0.0%)  0 bytes  0.00 Gbps
  Attack (10.10.3.x): 6981100 pkts (100.0%)  2303812917 bytes  3.68 Gbps
  Total throughput:   3.68 Gbps  (avg pkt: 330 bytes)

[CUMULATIVE TRAFFIC - Since first packet (326.1s)]
  Total received:     455025063 pkts (1.40 Mpps) | 3.68 Gbps | 150147858552 bytes

[ATTACK-SPECIFIC COUNTERS]
  SYN packets:        0
  SYN-ACK packets:    0
  SYN/ACK ratio:      0.00
  HTTP requests:      0
  DNS queries:        3757

[PROTOCOL-SPECIFIC COUNTERS - CIC-DDoS-2019 Features]
  NTP Amplification:
    Monlist queries:  1003
    Responses:        0  (avg size: 0 bytes)
  DNS Amplification:
    ANY queries:      0
    TXT queries:      0
    Responses:        3138  (avg size: 316 bytes)
  SNMP Amplification:
    GetBulk requests: 0
    Responses:        0  (avg size: 0 bytes)
  SSDP:
    M-SEARCH packets: 0
    Responses:        7071
  PortMapper:
    GETPORT calls:    6958
    DUMP calls:       0
  NetBIOS:
    Name queries:     7748
    Datagram packets: 6964
  LDAP:
    Bind requests:    0
    Search requests:  7047
  MSSQL:
    SQLBatch packets: 6797
    RPC packets:      0
  TFTP:
    RRQ (read) pkts:  0
    WRQ (write) pkts: 0

[ATTACK DETECTIONS - Cumulative Events]
  UDP flood events:   6235
  UDP-lag events:     3
  SYN flood events:   0
  HTTP flood events:  0
  ICMP flood events:  0
  DNS amp events:     0
  NTP amp events:     0
  SNMP amp events:    0
  SSDP events:        0
  PortMap events:     0
  NetBIOS events:     0
  LDAP events:        0
  MSSQL events:       0
  TFTP events:        0
  ACK flood events:   0
  Frag attack events: 0
  Packet flood events:0
  (Note: Events count IPs exceeding thresholds per 50ms window)

[ALERT STATUS]
  Alert level:        [1;31mHIGH[0m
  Reason:             [1;31mUDP FLOOD detected: 122416409 UDP pps | [0m

[MULTI-LF (2025) COMPARISON]
=== Detection Performance vs ML-Based System ===

  First Detection Latency:   177.75 ms (vs MULTI-LF: 866 ms)
    Improvement:             4.9× faster

  Packets until detection:   0
  Bytes until detection:     0 (0.00 MB)

[OCTOSKETCH METRICS - Optimized Architecture]
=== Per-Worker Sketches + Sampling (1/32 packets) ===

  Architecture:              Per-worker (NO atomics, NO contention)
  Total sketch memory:       5377 KB (14 workers × 384.1 KB)
  Sampling rate:             1 in 32 packets (3.1% overhead)
  Attack traffic sampled:    5185344 updates
  Estimated attack packets:  165931008 (×32 sampling factor)
  Sketch overhead:           ~1.56% of fast-path cycles
  Memory efficiency:         O(1) constant, 384.1 KB per worker

[MULTIPLE DETECTION STATISTICS]
=== Aggregate Detection Analysis ===

  Total detection events:    6235
  Average detection latency: 52.31 ms
  Min detection latency:     50.22 ms
  Max detection latency:     301.73 ms
  Latency range:             251.51 ms

  Detection Latency Histogram:
    < 20 ms:  0 detections (0.0%)
    20-30 ms: 0 detections (0.0%)
    30-40 ms: 0 detections (0.0%)
    40-50 ms: 0 detections (0.0%)
    > 50 ms:  6234 detections (100.0%)

[PERFORMANCE METRICS]
  Throughput:         3.68 Gbps (1.40 Mpps)
  Cycles available:   2143 cycles/pkt (lower = higher load)
  Active IPs:         0
  Worker threads:     14 (lcores 1-14)

[DPDK NIC STATISTICS]
  RX packets (NIC):   455024697
  RX dropped (HW):    [0m0[0m (imissed)
  RX no mbufs:        [0m0[0m (buffer exhaustion)
  RX errors:          0
  Total drops:        [0m0 (0.00%)[0m
  RX burst calls:     133429126949 (99.7% empty)
  Processed pkts:     455025063 (100.0% of NIC RX)


╔═══════════════════════════════════════════════════════════════════════╗
║          MIRA DDoS DETECTOR - STATISTICS (MULTI-CORE)                ║
╚═══════════════════════════════════════════════════════════════════════╝

[PACKET COUNTERS - GLOBAL]
  Total packets:      462006877
  Baseline (10.10.2.x): 0 (0.0%)
  Attack (10.10.3.x): 462006877 (100.0%)
  TCP packets:        0
  UDP packets:        462006877
  ICMP packets:       0

[INSTANTANEOUS TRAFFIC - Last 5.0 seconds]
  Baseline (10.10.2.x): 0 pkts (0.0%)  0 bytes  0.00 Gbps
  Attack (10.10.3.x): 6981735 pkts (100.0%)  2303947299 bytes  3.68 Gbps
  Total throughput:   3.68 Gbps  (avg pkt: 330 bytes)

[CUMULATIVE TRAFFIC - Since first packet (331.1s)]
  Total received:     462006877 pkts (1.40 Mpps) | 3.68 Gbps | 152451832740 bytes

[ATTACK-SPECIFIC COUNTERS]
  SYN packets:        0
  SYN-ACK packets:    0
  SYN/ACK ratio:      0.00
  HTTP requests:      0
  DNS queries:        3820

[PROTOCOL-SPECIFIC COUNTERS - CIC-DDoS-2019 Features]
  NTP Amplification:
    Monlist queries:  1018
    Responses:        0  (avg size: 0 bytes)
  DNS Amplification:
    ANY queries:      0
    TXT queries:      0
    Responses:        3191  (avg size: 316 bytes)
  SNMP Amplification:
    GetBulk requests: 0
    Responses:        0  (avg size: 0 bytes)
  SSDP:
    M-SEARCH packets: 0
    Responses:        7152
  PortMapper:
    GETPORT calls:    7055
    DUMP calls:       0
  NetBIOS:
    Name queries:     7869
    Datagram packets: 7086
  LDAP:
    Bind requests:    0
    Search requests:  7159
  MSSQL:
    SQLBatch packets: 6890
    RPC packets:      0
  TFTP:
    RRQ (read) pkts:  0
    WRQ (write) pkts: 0

[ATTACK DETECTIONS - Cumulative Events]
  UDP flood events:   6331
  UDP-lag events:     3
  SYN flood events:   0
  HTTP flood events:  0
  ICMP flood events:  0
  DNS amp events:     0
  NTP amp events:     0
  SNMP amp events:    0
  SSDP events:        0
  PortMap events:     0
  NetBIOS events:     0
  LDAP events:        0
  MSSQL events:       0
  TFTP events:        0
  ACK flood events:   0
  Frag attack events: 0
  Packet flood events:0
  (Note: Events count IPs exceeding thresholds per 50ms window)

[ALERT STATUS]
  Alert level:        [1;31mHIGH[0m
  Reason:             [1;31mUDP FLOOD detected: 125984510 UDP pps | [0m

[MULTI-LF (2025) COMPARISON]
=== Detection Performance vs ML-Based System ===

  First Detection Latency:   177.75 ms (vs MULTI-LF: 866 ms)
    Improvement:             4.9× faster

  Packets until detection:   0
  Bytes until detection:     0 (0.00 MB)

[OCTOSKETCH METRICS - Optimized Architecture]
=== Per-Worker Sketches + Sampling (1/32 packets) ===

  Architecture:              Per-worker (NO atomics, NO contention)
  Total sketch memory:       5377 KB (14 workers × 384.1 KB)
  Sampling rate:             1 in 32 packets (3.1% overhead)
  Attack traffic sampled:    5116224 updates
  Estimated attack packets:  163719168 (×32 sampling factor)
  Sketch overhead:           ~1.56% of fast-path cycles
  Memory efficiency:         O(1) constant, 384.1 KB per worker

[MULTIPLE DETECTION STATISTICS]
=== Aggregate Detection Analysis ===

  Total detection events:    6331
  Average detection latency: 52.30 ms
  Min detection latency:     50.22 ms
  Max detection latency:     301.73 ms
  Latency range:             251.51 ms

  Detection Latency Histogram:
    < 20 ms:  0 detections (0.0%)
    20-30 ms: 0 detections (0.0%)
    30-40 ms: 0 detections (0.0%)
    40-50 ms: 0 detections (0.0%)
    > 50 ms:  6330 detections (100.0%)

[PERFORMANCE METRICS]
  Throughput:         3.68 Gbps (1.40 Mpps)
  Cycles available:   2143 cycles/pkt (lower = higher load)
  Active IPs:         0
  Worker threads:     14 (lcores 1-14)

[DPDK NIC STATISTICS]
  RX packets (NIC):   462006553
  RX dropped (HW):    [0m0[0m (imissed)
  RX no mbufs:        [0m0[0m (buffer exhaustion)
  RX errors:          0
  Total drops:        [0m0 (0.00%)[0m
  RX burst calls:     135355344484 (99.7% empty)
  Processed pkts:     462006877 (100.0% of NIC RX)


╔═══════════════════════════════════════════════════════════════════════╗
║          MIRA DDoS DETECTOR - STATISTICS (MULTI-CORE)                ║
╚═══════════════════════════════════════════════════════════════════════╝

[PACKET COUNTERS - GLOBAL]
  Total packets:      468988032
  Baseline (10.10.2.x): 0 (0.0%)
  Attack (10.10.3.x): 468988032 (100.0%)
  TCP packets:        0
  UDP packets:        468988032
  ICMP packets:       0

[INSTANTANEOUS TRAFFIC - Last 5.0 seconds]
  Baseline (10.10.2.x): 0 pkts (0.0%)  0 bytes  0.00 Gbps
  Attack (10.10.3.x): 6981081 pkts (100.0%)  2636430649 bytes  4.22 Gbps
  Total throughput:   4.22 Gbps  (avg pkt: 378 bytes)

[CUMULATIVE TRAFFIC - Since first packet (336.1s)]
  Total received:     468988032 pkts (1.40 Mpps) | 3.68 Gbps | 154755263618 bytes

[ATTACK-SPECIFIC COUNTERS]
  SYN packets:        0
  SYN-ACK packets:    0
  SYN/ACK ratio:      0.00
  HTTP requests:      0
  DNS queries:        3872

[PROTOCOL-SPECIFIC COUNTERS - CIC-DDoS-2019 Features]
  NTP Amplification:
    Monlist queries:  1032
    Responses:        0  (avg size: 0 bytes)
  DNS Amplification:
    ANY queries:      0
    TXT queries:      0
    Responses:        3247  (avg size: 316 bytes)
  SNMP Amplification:
    GetBulk requests: 0
    Responses:        0  (avg size: 0 bytes)
  SSDP:
    M-SEARCH packets: 0
    Responses:        7271
  PortMapper:
    GETPORT calls:    7165
    DUMP calls:       0
  NetBIOS:
    Name queries:     7988
    Datagram packets: 7186
  LDAP:
    Bind requests:    0
    Search requests:  7268
  MSSQL:
    SQLBatch packets: 7003
    RPC packets:      0
  TFTP:
    RRQ (read) pkts:  0
    WRQ (write) pkts: 0

[ATTACK DETECTIONS - Cumulative Events]
  UDP flood events:   6427
  UDP-lag events:     8
  SYN flood events:   0
  HTTP flood events:  0
  ICMP flood events:  0
  DNS amp events:     0
  NTP amp events:     0
  SNMP amp events:    0
  SSDP events:        0
  PortMap events:     0
  NetBIOS events:     0
  LDAP events:        0
  MSSQL events:       0
  TFTP events:        0
  ACK flood events:   0
  Frag attack events: 0
  Packet flood events:0
  (Note: Events count IPs exceeding thresholds per 50ms window)

[ALERT STATUS]
  Alert level:        [1;31mHIGH[0m
  Reason:             [1;31mUDP FLOOD detected: 127897725 UDP pps | [0m

[MULTI-LF (2025) COMPARISON]
=== Detection Performance vs ML-Based System ===

  First Detection Latency:   177.75 ms (vs MULTI-LF: 866 ms)
    Improvement:             4.9× faster

  Packets until detection:   0
  Bytes until detection:     0 (0.00 MB)

[OCTOSKETCH METRICS - Optimized Architecture]
=== Per-Worker Sketches + Sampling (1/32 packets) ===

  Architecture:              Per-worker (NO atomics, NO contention)
  Total sketch memory:       5377 KB (14 workers × 384.1 KB)
  Sampling rate:             1 in 32 packets (3.1% overhead)
  Attack traffic sampled:    5115648 updates
  Estimated attack packets:  163700736 (×32 sampling factor)
  Sketch overhead:           ~1.56% of fast-path cycles
  Memory efficiency:         O(1) constant, 384.1 KB per worker

[MULTIPLE DETECTION STATISTICS]
=== Aggregate Detection Analysis ===

  Total detection events:    6427
  Average detection latency: 52.30 ms
  Min detection latency:     50.22 ms
  Max detection latency:     301.73 ms
  Latency range:             251.51 ms

  Detection Latency Histogram:
    < 20 ms:  0 detections (0.0%)
    20-30 ms: 0 detections (0.0%)
    30-40 ms: 0 detections (0.0%)
    40-50 ms: 0 detections (0.0%)
    > 50 ms:  6426 detections (100.0%)

[PERFORMANCE METRICS]
  Throughput:         4.22 Gbps (1.40 Mpps)
  Cycles available:   2143 cycles/pkt (lower = higher load)
  Active IPs:         0
  Worker threads:     14 (lcores 1-14)

[DPDK NIC STATISTICS]
  RX packets (NIC):   468987661
  RX dropped (HW):    [0m0[0m (imissed)
  RX no mbufs:        [0m0[0m (buffer exhaustion)
  RX errors:          0
  Total drops:        [0m0 (0.00%)[0m
  RX burst calls:     137281618344 (99.7% empty)
  Processed pkts:     468988032 (100.0% of NIC RX)


╔═══════════════════════════════════════════════════════════════════════╗
║          MIRA DDoS DETECTOR - STATISTICS (MULTI-CORE)                ║
╚═══════════════════════════════════════════════════════════════════════╝

[PACKET COUNTERS - GLOBAL]
  Total packets:      475969335
  Baseline (10.10.2.x): 0 (0.0%)
  Attack (10.10.3.x): 475969335 (100.0%)
  TCP packets:        0
  UDP packets:        475969335
  ICMP packets:       0

[INSTANTANEOUS TRAFFIC - Last 5.0 seconds]
  Baseline (10.10.2.x): 0 pkts (0.0%)  0 bytes  0.00 Gbps
  Attack (10.10.3.x): 6981233 pkts (100.0%)  2303676565 bytes  3.68 Gbps
  Total throughput:   3.68 Gbps  (avg pkt: 330 bytes)

[CUMULATIVE TRAFFIC - Since first packet (341.1s)]
  Total received:     475969335 pkts (1.40 Mpps) | 3.68 Gbps | 157058962836 bytes

[ATTACK-SPECIFIC COUNTERS]
  SYN packets:        0
  SYN-ACK packets:    0
  SYN/ACK ratio:      0.00
  HTTP requests:      0
  DNS queries:        3931

[PROTOCOL-SPECIFIC COUNTERS - CIC-DDoS-2019 Features]
  NTP Amplification:
    Monlist queries:  1048
    Responses:        0  (avg size: 0 bytes)
  DNS Amplification:
    ANY queries:      0
    TXT queries:      0
    Responses:        3282  (avg size: 316 bytes)
  SNMP Amplification:
    GetBulk requests: 0
    Responses:        0  (avg size: 0 bytes)
  SSDP:
    M-SEARCH packets: 0
    Responses:        7398
  PortMapper:
    GETPORT calls:    7281
    DUMP calls:       0
  NetBIOS:
    Name queries:     8105
    Datagram packets: 7296
  LDAP:
    Bind requests:    0
    Search requests:  7371
  MSSQL:
    SQLBatch packets: 7106
    RPC packets:      0
  TFTP:
    RRQ (read) pkts:  0
    WRQ (write) pkts: 0

[ATTACK DETECTIONS - Cumulative Events]
  UDP flood events:   6523
  UDP-lag events:     8
  SYN flood events:   0
  HTTP flood events:  0
  ICMP flood events:  0
  DNS amp events:     0
  NTP amp events:     0
  SNMP amp events:    0
  SSDP events:        0
  PortMap events:     0
  NetBIOS events:     0
  LDAP events:        0
  MSSQL events:       0
  TFTP events:        0
  ACK flood events:   0
  Frag attack events: 0
  Packet flood events:0
  (Note: Events count IPs exceeding thresholds per 50ms window)

[ALERT STATUS]
  Alert level:        [1;31mHIGH[0m
  Reason:             [1;31mUDP FLOOD detected: 131591512 UDP pps | [0m

[MULTI-LF (2025) COMPARISON]
=== Detection Performance vs ML-Based System ===

  First Detection Latency:   177.75 ms (vs MULTI-LF: 866 ms)
    Improvement:             4.9× faster

  Packets until detection:   0
  Bytes until detection:     0 (0.00 MB)

[OCTOSKETCH METRICS - Optimized Architecture]
=== Per-Worker Sketches + Sampling (1/32 packets) ===

  Architecture:              Per-worker (NO atomics, NO contention)
  Total sketch memory:       5377 KB (14 workers × 384.1 KB)
  Sampling rate:             1 in 32 packets (3.1% overhead)
  Attack traffic sampled:    5045344 updates
  Estimated attack packets:  161451008 (×32 sampling factor)
  Sketch overhead:           ~1.56% of fast-path cycles
  Memory efficiency:         O(1) constant, 384.1 KB per worker

[MULTIPLE DETECTION STATISTICS]
=== Aggregate Detection Analysis ===

  Total detection events:    6523
  Average detection latency: 52.29 ms
  Min detection latency:     50.22 ms
  Max detection latency:     301.73 ms
  Latency range:             251.51 ms

  Detection Latency Histogram:
    < 20 ms:  0 detections (0.0%)
    20-30 ms: 0 detections (0.0%)
    30-40 ms: 0 detections (0.0%)
    40-50 ms: 0 detections (0.0%)
    > 50 ms:  6522 detections (100.0%)

[PERFORMANCE METRICS]
  Throughput:         3.68 Gbps (1.40 Mpps)
  Cycles available:   2143 cycles/pkt (lower = higher load)
  Active IPs:         0
  Worker threads:     14 (lcores 1-14)

[DPDK NIC STATISTICS]
  RX packets (NIC):   475968963
  RX dropped (HW):    [0m0[0m (imissed)
  RX no mbufs:        [0m0[0m (buffer exhaustion)
  RX errors:          0
  Total drops:        [0m0 (0.00%)[0m
  RX burst calls:     139207778927 (99.7% empty)
  Processed pkts:     475969335 (100.0% of NIC RX)


╔═══════════════════════════════════════════════════════════════════════╗
║          MIRA DDoS DETECTOR - STATISTICS (MULTI-CORE)                ║
╚═══════════════════════════════════════════════════════════════════════╝

[PACKET COUNTERS - GLOBAL]
  Total packets:      482950908
  Baseline (10.10.2.x): 0 (0.0%)
  Attack (10.10.3.x): 482950908 (100.0%)
  TCP packets:        0
  UDP packets:        482950908
  ICMP packets:       0

[INSTANTANEOUS TRAFFIC - Last 5.0 seconds]
  Baseline (10.10.2.x): 0 pkts (0.0%)  0 bytes  0.00 Gbps
  Attack (10.10.3.x): 6981493 pkts (100.0%)  2304066452 bytes  3.68 Gbps
  Total throughput:   3.68 Gbps  (avg pkt: 330 bytes)

[CUMULATIVE TRAFFIC - Since first packet (346.1s)]
  Total received:     482950908 pkts (1.40 Mpps) | 3.68 Gbps | 159363056265 bytes

[ATTACK-SPECIFIC COUNTERS]
  SYN packets:        0
  SYN-ACK packets:    0
  SYN/ACK ratio:      0.00
  HTTP requests:      0
  DNS queries:        3994

[PROTOCOL-SPECIFIC COUNTERS - CIC-DDoS-2019 Features]
  NTP Amplification:
    Monlist queries:  1064
    Responses:        0  (avg size: 0 bytes)
  DNS Amplification:
    ANY queries:      0
    TXT queries:      0
    Responses:        3337  (avg size: 316 bytes)
  SNMP Amplification:
    GetBulk requests: 0
    Responses:        0  (avg size: 0 bytes)
  SSDP:
    M-SEARCH packets: 0
    Responses:        7472
  PortMapper:
    GETPORT calls:    7376
    DUMP calls:       0
  NetBIOS:
    Name queries:     8224
    Datagram packets: 7403
  LDAP:
    Bind requests:    0
    Search requests:  7479
  MSSQL:
    SQLBatch packets: 7203
    RPC packets:      0
  TFTP:
    RRQ (read) pkts:  0
    WRQ (write) pkts: 0

[ATTACK DETECTIONS - Cumulative Events]
  UDP flood events:   6619
  UDP-lag events:     8
  SYN flood events:   0
  HTTP flood events:  0
  ICMP flood events:  0
  DNS amp events:     0
  NTP amp events:     0
  SNMP amp events:    0
  SSDP events:        0
  PortMap events:     0
  NetBIOS events:     0
  LDAP events:        0
  MSSQL events:       0
  TFTP events:        0
  ACK flood events:   0
  Frag attack events: 0
  Packet flood events:0
  (Note: Events count IPs exceeding thresholds per 50ms window)

[ALERT STATUS]
  Alert level:        [1;31mHIGH[0m
  Reason:             [1;31mUDP FLOOD detected: 133527286 UDP pps | [0m

[MULTI-LF (2025) COMPARISON]
=== Detection Performance vs ML-Based System ===

  First Detection Latency:   177.75 ms (vs MULTI-LF: 866 ms)
    Improvement:             4.9× faster

  Packets until detection:   0
  Bytes until detection:     0 (0.00 MB)

[OCTOSKETCH METRICS - Optimized Architecture]
=== Per-Worker Sketches + Sampling (1/32 packets) ===

  Architecture:              Per-worker (NO atomics, NO contention)
  Total sketch memory:       5377 KB (14 workers × 384.1 KB)
  Sampling rate:             1 in 32 packets (3.1% overhead)
  Attack traffic sampled:    5046976 updates
  Estimated attack packets:  161503232 (×32 sampling factor)
  Sketch overhead:           ~1.56% of fast-path cycles
  Memory efficiency:         O(1) constant, 384.1 KB per worker

[MULTIPLE DETECTION STATISTICS]
=== Aggregate Detection Analysis ===

  Total detection events:    6619
  Average detection latency: 52.29 ms
  Min detection latency:     50.22 ms
  Max detection latency:     301.73 ms
  Latency range:             251.51 ms

  Detection Latency Histogram:
    < 20 ms:  0 detections (0.0%)
    20-30 ms: 0 detections (0.0%)
    30-40 ms: 0 detections (0.0%)
    40-50 ms: 0 detections (0.0%)
    > 50 ms:  6618 detections (100.0%)

[PERFORMANCE METRICS]
  Throughput:         3.68 Gbps (1.40 Mpps)
  Cycles available:   2143 cycles/pkt (lower = higher load)
  Active IPs:         0
  Worker threads:     14 (lcores 1-14)

[DPDK NIC STATISTICS]
  RX packets (NIC):   482950532
  RX dropped (HW):    [0m0[0m (imissed)
  RX no mbufs:        [0m0[0m (buffer exhaustion)
  RX errors:          0
  Total drops:        [0m0 (0.00%)[0m
  RX burst calls:     141133993462 (99.7% empty)
  Processed pkts:     482950908 (100.0% of NIC RX)


╔═══════════════════════════════════════════════════════════════════════╗
║          MIRA DDoS DETECTOR - STATISTICS (MULTI-CORE)                ║
╚═══════════════════════════════════════════════════════════════════════╝

[PACKET COUNTERS - GLOBAL]
  Total packets:      489931997
  Baseline (10.10.2.x): 0 (0.0%)
  Attack (10.10.3.x): 489931997 (100.0%)
  TCP packets:        0
  UDP packets:        489931997
  ICMP packets:       0

[INSTANTANEOUS TRAFFIC - Last 5.0 seconds]
  Baseline (10.10.2.x): 0 pkts (0.0%)  0 bytes  0.00 Gbps
  Attack (10.10.3.x): 6981017 pkts (100.0%)  2303335655 bytes  3.68 Gbps
  Total throughput:   3.68 Gbps  (avg pkt: 330 bytes)

[CUMULATIVE TRAFFIC - Since first packet (351.2s)]
  Total received:     489931997 pkts (1.40 Mpps) | 3.68 Gbps | 161666414428 bytes

[ATTACK-SPECIFIC COUNTERS]
  SYN packets:        0
  SYN-ACK packets:    0
  SYN/ACK ratio:      0.00
  HTTP requests:      0
  DNS queries:        4045

[PROTOCOL-SPECIFIC COUNTERS - CIC-DDoS-2019 Features]
  NTP Amplification:
    Monlist queries:  1078
    Responses:        0  (avg size: 0 bytes)
  DNS Amplification:
    ANY queries:      0
    TXT queries:      0
    Responses:        3390  (avg size: 316 bytes)
  SNMP Amplification:
    GetBulk requests: 0
    Responses:        0  (avg size: 0 bytes)
  SSDP:
    M-SEARCH packets: 0
    Responses:        7597
  PortMapper:
    GETPORT calls:    7490
    DUMP calls:       0
  NetBIOS:
    Name queries:     8341
    Datagram packets: 7501
  LDAP:
    Bind requests:    0
    Search requests:  7598
  MSSQL:
    SQLBatch packets: 7321
    RPC packets:      0
  TFTP:
    RRQ (read) pkts:  0
    WRQ (write) pkts: 0

[ATTACK DETECTIONS - Cumulative Events]
  UDP flood events:   6715
  UDP-lag events:     8
  SYN flood events:   0
  HTTP flood events:  0
  ICMP flood events:  0
  DNS amp events:     0
  NTP amp events:     0
  SNMP amp events:    0
  SSDP events:        0
  PortMap events:     0
  NetBIOS events:     0
  LDAP events:        0
  MSSQL events:       0
  TFTP events:        0
  ACK flood events:   0
  Frag attack events: 0
  Packet flood events:0
  (Note: Events count IPs exceeding thresholds per 50ms window)

[ALERT STATUS]
  Alert level:        [1;31mHIGH[0m
  Reason:             [1;31mUDP FLOOD detected: 135467806 UDP pps | [0m

[MULTI-LF (2025) COMPARISON]
=== Detection Performance vs ML-Based System ===

  First Detection Latency:   177.75 ms (vs MULTI-LF: 866 ms)
    Improvement:             4.9× faster

  Packets until detection:   0
  Bytes until detection:     0 (0.00 MB)

[OCTOSKETCH METRICS - Optimized Architecture]
=== Per-Worker Sketches + Sampling (1/32 packets) ===

  Architecture:              Per-worker (NO atomics, NO contention)
  Total sketch memory:       5377 KB (14 workers × 384.1 KB)
  Sampling rate:             1 in 32 packets (3.1% overhead)
  Attack traffic sampled:    5046144 updates
  Estimated attack packets:  161476608 (×32 sampling factor)
  Sketch overhead:           ~1.56% of fast-path cycles
  Memory efficiency:         O(1) constant, 384.1 KB per worker

[MULTIPLE DETECTION STATISTICS]
=== Aggregate Detection Analysis ===

  Total detection events:    6715
  Average detection latency: 52.29 ms
  Min detection latency:     50.22 ms
  Max detection latency:     301.73 ms
  Latency range:             251.51 ms

  Detection Latency Histogram:
    < 20 ms:  0 detections (0.0%)
    20-30 ms: 0 detections (0.0%)
    30-40 ms: 0 detections (0.0%)
    40-50 ms: 0 detections (0.0%)
    > 50 ms:  6714 detections (100.0%)

[PERFORMANCE METRICS]
  Throughput:         3.68 Gbps (1.40 Mpps)
  Cycles available:   2143 cycles/pkt (lower = higher load)
  Active IPs:         0
  Worker threads:     14 (lcores 1-14)

[DPDK NIC STATISTICS]
  RX packets (NIC):   489931650
  RX dropped (HW):    [0m0[0m (imissed)
  RX no mbufs:        [0m0[0m (buffer exhaustion)
  RX errors:          0
  Total drops:        [0m0 (0.00%)[0m
  RX burst calls:     143060277376 (99.7% empty)
  Processed pkts:     489931997 (100.0% of NIC RX)


╔═══════════════════════════════════════════════════════════════════════╗
║          MIRA DDoS DETECTOR - STATISTICS (MULTI-CORE)                ║
╚═══════════════════════════════════════════════════════════════════════╝

[PACKET COUNTERS - GLOBAL]
  Total packets:      496913029
  Baseline (10.10.2.x): 0 (0.0%)
  Attack (10.10.3.x): 496913029 (100.0%)
  TCP packets:        0
  UDP packets:        496913029
  ICMP packets:       0

[INSTANTANEOUS TRAFFIC - Last 5.0 seconds]
  Baseline (10.10.2.x): 0 pkts (0.0%)  0 bytes  0.00 Gbps
  Attack (10.10.3.x): 6980963 pkts (100.0%)  2303551940 bytes  3.68 Gbps
  Total throughput:   3.68 Gbps  (avg pkt: 330 bytes)

[CUMULATIVE TRAFFIC - Since first packet (356.2s)]
  Total received:     496913029 pkts (1.40 Mpps) | 3.68 Gbps | 163969989491 bytes

[ATTACK-SPECIFIC COUNTERS]
  SYN packets:        0
  SYN-ACK packets:    0
  SYN/ACK ratio:      0.00
  HTTP requests:      0
  DNS queries:        4105

[PROTOCOL-SPECIFIC COUNTERS - CIC-DDoS-2019 Features]
  NTP Amplification:
    Monlist queries:  1094
    Responses:        0  (avg size: 0 bytes)
  DNS Amplification:
    ANY queries:      0
    TXT queries:      0
    Responses:        3425  (avg size: 316 bytes)
  SNMP Amplification:
    GetBulk requests: 0
    Responses:        0  (avg size: 0 bytes)
  SSDP:
    M-SEARCH packets: 0
    Responses:        7720
  PortMapper:
    GETPORT calls:    7599
    DUMP calls:       0
  NetBIOS:
    Name queries:     8464
    Datagram packets: 7614
  LDAP:
    Bind requests:    0
    Search requests:  7700
  MSSQL:
    SQLBatch packets: 7412
    RPC packets:      0
  TFTP:
    RRQ (read) pkts:  0
    WRQ (write) pkts: 0

[ATTACK DETECTIONS - Cumulative Events]
  UDP flood events:   6811
  UDP-lag events:     8
  SYN flood events:   0
  HTTP flood events:  0
  ICMP flood events:  0
  DNS amp events:     0
  NTP amp events:     0
  SNMP amp events:    0
  SSDP events:        0
  PortMap events:     0
  NetBIOS events:     0
  LDAP events:        0
  MSSQL events:       0
  TFTP events:        0
  ACK flood events:   0
  Frag attack events: 0
  Packet flood events:0
  (Note: Events count IPs exceeding thresholds per 50ms window)

[ALERT STATUS]
  Alert level:        [1;31mHIGH[0m
  Reason:             [1;31mUDP FLOOD detected: 139322205 UDP pps | [0m

[MULTI-LF (2025) COMPARISON]
=== Detection Performance vs ML-Based System ===

  First Detection Latency:   177.75 ms (vs MULTI-LF: 866 ms)
    Improvement:             4.9× faster

  Packets until detection:   0
  Bytes until detection:     0 (0.00 MB)

[OCTOSKETCH METRICS - Optimized Architecture]
=== Per-Worker Sketches + Sampling (1/32 packets) ===

  Architecture:              Per-worker (NO atomics, NO contention)
  Total sketch memory:       5377 KB (14 workers × 384.1 KB)
  Sampling rate:             1 in 32 packets (3.1% overhead)
  Attack traffic sampled:    4975808 updates
  Estimated attack packets:  159225856 (×32 sampling factor)
  Sketch overhead:           ~1.56% of fast-path cycles
  Memory efficiency:         O(1) constant, 384.1 KB per worker

[MULTIPLE DETECTION STATISTICS]
=== Aggregate Detection Analysis ===

  Total detection events:    6811
  Average detection latency: 52.29 ms
  Min detection latency:     50.22 ms
  Max detection latency:     301.73 ms
  Latency range:             251.51 ms

  Detection Latency Histogram:
    < 20 ms:  0 detections (0.0%)
    20-30 ms: 0 detections (0.0%)
    30-40 ms: 0 detections (0.0%)
    40-50 ms: 0 detections (0.0%)
    > 50 ms:  6810 detections (100.0%)

[PERFORMANCE METRICS]
  Throughput:         3.68 Gbps (1.40 Mpps)
  Cycles available:   2143 cycles/pkt (lower = higher load)
  Active IPs:         0
  Worker threads:     14 (lcores 1-14)

[DPDK NIC STATISTICS]
  RX packets (NIC):   496912678
  RX dropped (HW):    [0m0[0m (imissed)
  RX no mbufs:        [0m0[0m (buffer exhaustion)
  RX errors:          0
  Total drops:        [0m0 (0.00%)[0m
  RX burst calls:     144986422938 (99.7% empty)
  Processed pkts:     496913029 (100.0% of NIC RX)


╔═══════════════════════════════════════════════════════════════════════╗
║          MIRA DDoS DETECTOR - STATISTICS (MULTI-CORE)                ║
╚═══════════════════════════════════════════════════════════════════════╝

[PACKET COUNTERS - GLOBAL]
  Total packets:      503893766
  Baseline (10.10.2.x): 0 (0.0%)
  Attack (10.10.3.x): 503893766 (100.0%)
  TCP packets:        0
  UDP packets:        503893766
  ICMP packets:       0

[INSTANTANEOUS TRAFFIC - Last 5.0 seconds]
  Baseline (10.10.2.x): 0 pkts (0.0%)  0 bytes  0.00 Gbps
  Attack (10.10.3.x): 6980656 pkts (100.0%)  2303664090 bytes  3.68 Gbps
  Total throughput:   3.68 Gbps  (avg pkt: 330 bytes)

[CUMULATIVE TRAFFIC - Since first packet (361.2s)]
  Total received:     503893766 pkts (1.40 Mpps) | 3.68 Gbps | 166273681661 bytes

[ATTACK-SPECIFIC COUNTERS]
  SYN packets:        0
  SYN-ACK packets:    0
  SYN/ACK ratio:      0.00
  HTTP requests:      0
  DNS queries:        4165

[PROTOCOL-SPECIFIC COUNTERS - CIC-DDoS-2019 Features]
  NTP Amplification:
    Monlist queries:  1109
    Responses:        0  (avg size: 0 bytes)
  DNS Amplification:
    ANY queries:      0
    TXT queries:      0
    Responses:        3480  (avg size: 316 bytes)
  SNMP Amplification:
    GetBulk requests: 0
    Responses:        0  (avg size: 0 bytes)
  SSDP:
    M-SEARCH packets: 0
    Responses:        7797
  PortMapper:
    GETPORT calls:    7691
    DUMP calls:       0
  NetBIOS:
    Name queries:     8592
    Datagram packets: 7725
  LDAP:
    Bind requests:    0
    Search requests:  7805
  MSSQL:
    SQLBatch packets: 7515
    RPC packets:      0
  TFTP:
    RRQ (read) pkts:  0
    WRQ (write) pkts: 0

[ATTACK DETECTIONS - Cumulative Events]
  UDP flood events:   6907
  UDP-lag events:     8
  SYN flood events:   0
  HTTP flood events:  0
  ICMP flood events:  0
  DNS amp events:     0
  NTP amp events:     0
  SNMP amp events:    0
  SSDP events:        0
  PortMap events:     0
  NetBIOS events:     0
  LDAP events:        0
  MSSQL events:       0
  TFTP events:        0
  ACK flood events:   0
  Frag attack events: 0
  Packet flood events:0
  (Note: Events count IPs exceeding thresholds per 50ms window)

[ALERT STATUS]
  Alert level:        [1;31mHIGH[0m
  Reason:             [1;31mUDP FLOOD detected: 141288406 UDP pps | [0m

[MULTI-LF (2025) COMPARISON]
=== Detection Performance vs ML-Based System ===

  First Detection Latency:   177.75 ms (vs MULTI-LF: 866 ms)
    Improvement:             4.9× faster

  Packets until detection:   0
  Bytes until detection:     0 (0.00 MB)

[OCTOSKETCH METRICS - Optimized Architecture]
=== Per-Worker Sketches + Sampling (1/32 packets) ===

  Architecture:              Per-worker (NO atomics, NO contention)
  Total sketch memory:       5377 KB (14 workers × 384.1 KB)
  Sampling rate:             1 in 32 packets (3.1% overhead)
  Attack traffic sampled:    4976032 updates
  Estimated attack packets:  159233024 (×32 sampling factor)
  Sketch overhead:           ~1.56% of fast-path cycles
  Memory efficiency:         O(1) constant, 384.1 KB per worker

[MULTIPLE DETECTION STATISTICS]
=== Aggregate Detection Analysis ===

  Total detection events:    6907
  Average detection latency: 52.29 ms
  Min detection latency:     50.22 ms
  Max detection latency:     301.73 ms
  Latency range:             251.51 ms

  Detection Latency Histogram:
    < 20 ms:  0 detections (0.0%)
    20-30 ms: 0 detections (0.0%)
    30-40 ms: 0 detections (0.0%)
    40-50 ms: 0 detections (0.0%)
    > 50 ms:  6906 detections (100.0%)

[PERFORMANCE METRICS]
  Throughput:         3.68 Gbps (1.40 Mpps)
  Cycles available:   2143 cycles/pkt (lower = higher load)
  Active IPs:         0
  Worker threads:     14 (lcores 1-14)

[DPDK NIC STATISTICS]
  RX packets (NIC):   503893417
  RX dropped (HW):    [0m0[0m (imissed)
  RX no mbufs:        [0m0[0m (buffer exhaustion)
  RX errors:          0
  Total drops:        [0m0 (0.00%)[0m
  RX burst calls:     146912689263 (99.7% empty)
  Processed pkts:     503893766 (100.0% of NIC RX)


╔═══════════════════════════════════════════════════════════════════════╗
║          MIRA DDoS DETECTOR - STATISTICS (MULTI-CORE)                ║
╚═══════════════════════════════════════════════════════════════════════╝

[PACKET COUNTERS - GLOBAL]
  Total packets:      510870066
  Baseline (10.10.2.x): 0 (0.0%)
  Attack (10.10.3.x): 510870066 (100.0%)
  TCP packets:        0
  UDP packets:        510870066
  ICMP packets:       0

[INSTANTANEOUS TRAFFIC - Last 5.0 seconds]
  Baseline (10.10.2.x): 0 pkts (0.0%)  0 bytes  0.00 Gbps
  Attack (10.10.3.x): 6976234 pkts (100.0%)  2301793712 bytes  3.68 Gbps
  Total throughput:   3.68 Gbps  (avg pkt: 330 bytes)

[CUMULATIVE TRAFFIC - Since first packet (366.2s)]
  Total received:     510870066 pkts (1.40 Mpps) | 3.68 Gbps | 168575495705 bytes

[ATTACK-SPECIFIC COUNTERS]
  SYN packets:        0
  SYN-ACK packets:    0
  SYN/ACK ratio:      0.00
  HTTP requests:      0
  DNS queries:        4215

[PROTOCOL-SPECIFIC COUNTERS - CIC-DDoS-2019 Features]
  NTP Amplification:
    Monlist queries:  1125
    Responses:        0  (avg size: 0 bytes)
  DNS Amplification:
    ANY queries:      0
    TXT queries:      0
    Responses:        3532  (avg size: 316 bytes)
  SNMP Amplification:
    GetBulk requests: 0
    Responses:        0  (avg size: 0 bytes)
  SSDP:
    M-SEARCH packets: 0
    Responses:        7926
  PortMapper:
    GETPORT calls:    7817
    DUMP calls:       0
  NetBIOS:
    Name queries:     8695
    Datagram packets: 7824
  LDAP:
    Bind requests:    0
    Search requests:  7919
  MSSQL:
    SQLBatch packets: 7633
    RPC packets:      0
  TFTP:
    RRQ (read) pkts:  0
    WRQ (write) pkts: 0

[ATTACK DETECTIONS - Cumulative Events]
  UDP flood events:   7003
  UDP-lag events:     8
  SYN flood events:   0
  HTTP flood events:  0
  ICMP flood events:  0
  DNS amp events:     0
  NTP amp events:     0
  SNMP amp events:    0
  SSDP events:        0
  PortMap events:     0
  NetBIOS events:     0
  LDAP events:        0
  MSSQL events:       0
  TFTP events:        0
  ACK flood events:   0
  Frag attack events: 0
  Packet flood events:0
  (Note: Events count IPs exceeding thresholds per 50ms window)

[ALERT STATUS]
  Alert level:        [1;31mHIGH[0m
  Reason:             [1;31mUDP FLOOD detected: 145278456 UDP pps | [0m

[MULTI-LF (2025) COMPARISON]
=== Detection Performance vs ML-Based System ===

  First Detection Latency:   177.75 ms (vs MULTI-LF: 866 ms)
    Improvement:             4.9× faster

  Packets until detection:   0
  Bytes until detection:     0 (0.00 MB)

[OCTOSKETCH METRICS - Optimized Architecture]
=== Per-Worker Sketches + Sampling (1/32 packets) ===

  Architecture:              Per-worker (NO atomics, NO contention)
  Total sketch memory:       5377 KB (14 workers × 384.1 KB)
  Sampling rate:             1 in 32 packets (3.1% overhead)
  Attack traffic sampled:    4901920 updates
  Estimated attack packets:  156861440 (×32 sampling factor)
  Sketch overhead:           ~1.56% of fast-path cycles
  Memory efficiency:         O(1) constant, 384.1 KB per worker

[MULTIPLE DETECTION STATISTICS]
=== Aggregate Detection Analysis ===

  Total detection events:    7003
  Average detection latency: 52.28 ms
  Min detection latency:     50.22 ms
  Max detection latency:     301.73 ms
  Latency range:             251.51 ms

  Detection Latency Histogram:
    < 20 ms:  0 detections (0.0%)
    20-30 ms: 0 detections (0.0%)
    30-40 ms: 0 detections (0.0%)
    40-50 ms: 0 detections (0.0%)
    > 50 ms:  7002 detections (100.0%)

[PERFORMANCE METRICS]
  Throughput:         3.68 Gbps (1.39 Mpps)
  Cycles available:   2144 cycles/pkt (lower = higher load)
  Active IPs:         0
  Worker threads:     14 (lcores 1-14)

[DPDK NIC STATISTICS]
  RX packets (NIC):   510869679
  RX dropped (HW):    [0m0[0m (imissed)
  RX no mbufs:        [0m0[0m (buffer exhaustion)
  RX errors:          0
  Total drops:        [0m0 (0.00%)[0m
  RX burst calls:     148838950807 (99.7% empty)
  Processed pkts:     510870066 (100.0% of NIC RX)


╔═══════════════════════════════════════════════════════════════════════╗
║          MIRA DDoS DETECTOR - STATISTICS (MULTI-CORE)                ║
╚═══════════════════════════════════════════════════════════════════════╝

[PACKET COUNTERS - GLOBAL]
  Total packets:      517848477
  Baseline (10.10.2.x): 0 (0.0%)
  Attack (10.10.3.x): 517848477 (100.0%)
  TCP packets:        0
  UDP packets:        517848477
  ICMP packets:       0

[INSTANTANEOUS TRAFFIC - Last 5.0 seconds]
  Baseline (10.10.2.x): 0 pkts (0.0%)  0 bytes  0.00 Gbps
  Attack (10.10.3.x): 6978338 pkts (100.0%)  2302754531 bytes  3.68 Gbps
  Total throughput:   3.68 Gbps  (avg pkt: 330 bytes)

[CUMULATIVE TRAFFIC - Since first packet (371.2s)]
  Total received:     517848477 pkts (1.40 Mpps) | 3.68 Gbps | 170878274045 bytes

[ATTACK-SPECIFIC COUNTERS]
  SYN packets:        0
  SYN-ACK packets:    0
  SYN/ACK ratio:      0.00
  HTTP requests:      0
  DNS queries:        4277

[PROTOCOL-SPECIFIC COUNTERS - CIC-DDoS-2019 Features]
  NTP Amplification:
    Monlist queries:  1140
    Responses:        0  (avg size: 0 bytes)
  DNS Amplification:
    ANY queries:      0
    TXT queries:      0
    Responses:        3573  (avg size: 316 bytes)
  SNMP Amplification:
    GetBulk requests: 0
    Responses:        0  (avg size: 0 bytes)
  SSDP:
    M-SEARCH packets: 0
    Responses:        8039
  PortMapper:
    GETPORT calls:    7921
    DUMP calls:       0
  NetBIOS:
    Name queries:     8823
    Datagram packets: 7943
  LDAP:
    Bind requests:    0
    Search requests:  8023
  MSSQL:
    SQLBatch packets: 7721
    RPC packets:      0
  TFTP:
    RRQ (read) pkts:  0
    WRQ (write) pkts: 0

[ATTACK DETECTIONS - Cumulative Events]
  UDP flood events:   7099
  UDP-lag events:     8
  SYN flood events:   0
  HTTP flood events:  0
  ICMP flood events:  0
  DNS amp events:     0
  NTP amp events:     0
  SNMP amp events:    0
  SSDP events:        0
  PortMap events:     0
  NetBIOS events:     0
  LDAP events:        0
  MSSQL events:       0
  TFTP events:        0
  ACK flood events:   0
  Frag attack events: 0
  Packet flood events:0
  (Note: Events count IPs exceeding thresholds per 50ms window)

[ALERT STATUS]
  Alert level:        [1;31mHIGH[0m
  Reason:             [1;31mUDP FLOOD detected: 147270131 UDP pps | [0m

[MULTI-LF (2025) COMPARISON]
=== Detection Performance vs ML-Based System ===

  First Detection Latency:   177.75 ms (vs MULTI-LF: 866 ms)
    Improvement:             4.9× faster

  Packets until detection:   0
  Bytes until detection:     0 (0.00 MB)

[OCTOSKETCH METRICS - Optimized Architecture]
=== Per-Worker Sketches + Sampling (1/32 packets) ===

  Architecture:              Per-worker (NO atomics, NO contention)
  Total sketch memory:       5377 KB (14 workers × 384.1 KB)
  Sampling rate:             1 in 32 packets (3.1% overhead)
  Attack traffic sampled:    4904704 updates
  Estimated attack packets:  156950528 (×32 sampling factor)
  Sketch overhead:           ~1.56% of fast-path cycles
  Memory efficiency:         O(1) constant, 384.1 KB per worker

[MULTIPLE DETECTION STATISTICS]
=== Aggregate Detection Analysis ===

  Total detection events:    7099
  Average detection latency: 52.28 ms
  Min detection latency:     50.22 ms
  Max detection latency:     301.73 ms
  Latency range:             251.51 ms

  Detection Latency Histogram:
    < 20 ms:  0 detections (0.0%)
    20-30 ms: 0 detections (0.0%)
    30-40 ms: 0 detections (0.0%)
    40-50 ms: 0 detections (0.0%)
    > 50 ms:  7098 detections (100.0%)

[PERFORMANCE METRICS]
  Throughput:         3.68 Gbps (1.39 Mpps)
  Cycles available:   2144 cycles/pkt (lower = higher load)
  Active IPs:         0
  Worker threads:     14 (lcores 1-14)

[DPDK NIC STATISTICS]
  RX packets (NIC):   517848089
  RX dropped (HW):    [0m0[0m (imissed)
  RX no mbufs:        [0m0[0m (buffer exhaustion)
  RX errors:          0
  Total drops:        [0m0 (0.00%)[0m
  RX burst calls:     150765085698 (99.7% empty)
  Processed pkts:     517848477 (100.0% of NIC RX)


╔═══════════════════════════════════════════════════════════════════════╗
║          MIRA DDoS DETECTOR - STATISTICS (MULTI-CORE)                ║
╚═══════════════════════════════════════════════════════════════════════╝

[PACKET COUNTERS - GLOBAL]
  Total packets:      524830719
  Baseline (10.10.2.x): 0 (0.0%)
  Attack (10.10.3.x): 524830719 (100.0%)
  TCP packets:        0
  UDP packets:        524830719
  ICMP packets:       0

[INSTANTANEOUS TRAFFIC - Last 5.0 seconds]
  Baseline (10.10.2.x): 0 pkts (0.0%)  0 bytes  0.00 Gbps
  Attack (10.10.3.x): 6982161 pkts (100.0%)  2304039167 bytes  3.68 Gbps
  Total throughput:   3.68 Gbps  (avg pkt: 330 bytes)

[CUMULATIVE TRAFFIC - Since first packet (376.2s)]
  Total received:     524830719 pkts (1.40 Mpps) | 3.68 Gbps | 173182342349 bytes

[ATTACK-SPECIFIC COUNTERS]
  SYN packets:        0
  SYN-ACK packets:    0
  SYN/ACK ratio:      0.00
  HTTP requests:      0
  DNS queries:        4338

[PROTOCOL-SPECIFIC COUNTERS - CIC-DDoS-2019 Features]
  NTP Amplification:
    Monlist queries:  1156
    Responses:        0  (avg size: 0 bytes)
  DNS Amplification:
    ANY queries:      0
    TXT queries:      0
    Responses:        3625  (avg size: 316 bytes)
  SNMP Amplification:
    GetBulk requests: 0
    Responses:        0  (avg size: 0 bytes)
  SSDP:
    M-SEARCH packets: 0
    Responses:        8132
  PortMapper:
    GETPORT calls:    8019
    DUMP calls:       0
  NetBIOS:
    Name queries:     8945
    Datagram packets: 8043
  LDAP:
    Bind requests:    0
    Search requests:  8125
  MSSQL:
    SQLBatch packets: 7832
    RPC packets:      0
  TFTP:
    RRQ (read) pkts:  0
    WRQ (write) pkts: 0

[ATTACK DETECTIONS - Cumulative Events]
  UDP flood events:   7195
  UDP-lag events:     8
  SYN flood events:   0
  HTTP flood events:  0
  ICMP flood events:  0
  DNS amp events:     0
  NTP amp events:     0
  SNMP amp events:    0
  SSDP events:        0
  PortMap events:     0
  NetBIOS events:     0
  LDAP events:        0
  MSSQL events:       0
  TFTP events:        0
  ACK flood events:   0
  Frag attack events: 0
  Packet flood events:0
  (Note: Events count IPs exceeding thresholds per 50ms window)

[ALERT STATUS]
  Alert level:        [1;31mHIGH[0m
  Reason:             [1;31mUDP FLOOD detected: 149264267 UDP pps | [0m

[MULTI-LF (2025) COMPARISON]
=== Detection Performance vs ML-Based System ===

  First Detection Latency:   177.75 ms (vs MULTI-LF: 866 ms)
    Improvement:             4.9× faster

  Packets until detection:   0
  Bytes until detection:     0 (0.00 MB)

[OCTOSKETCH METRICS - Optimized Architecture]
=== Per-Worker Sketches + Sampling (1/32 packets) ===

  Architecture:              Per-worker (NO atomics, NO contention)
  Total sketch memory:       5377 KB (14 workers × 384.1 KB)
  Sampling rate:             1 in 32 packets (3.1% overhead)
  Attack traffic sampled:    4907200 updates
  Estimated attack packets:  157030400 (×32 sampling factor)
  Sketch overhead:           ~1.56% of fast-path cycles
  Memory efficiency:         O(1) constant, 384.1 KB per worker

[MULTIPLE DETECTION STATISTICS]
=== Aggregate Detection Analysis ===

  Total detection events:    7195
  Average detection latency: 52.28 ms
  Min detection latency:     50.22 ms
  Max detection latency:     301.73 ms
  Latency range:             251.51 ms

  Detection Latency Histogram:
    < 20 ms:  0 detections (0.0%)
    20-30 ms: 0 detections (0.0%)
    30-40 ms: 0 detections (0.0%)
    40-50 ms: 0 detections (0.0%)
    > 50 ms:  7194 detections (100.0%)

[PERFORMANCE METRICS]
  Throughput:         3.68 Gbps (1.40 Mpps)
  Cycles available:   2143 cycles/pkt (lower = higher load)
  Active IPs:         0
  Worker threads:     14 (lcores 1-14)

[DPDK NIC STATISTICS]
  RX packets (NIC):   524830354
  RX dropped (HW):    [0m0[0m (imissed)
  RX no mbufs:        [0m0[0m (buffer exhaustion)
  RX errors:          0
  Total drops:        [0m0 (0.00%)[0m
  RX burst calls:     152691288424 (99.7% empty)
  Processed pkts:     524830719 (100.0% of NIC RX)


╔═══════════════════════════════════════════════════════════════════════╗
║          MIRA DDoS DETECTOR - STATISTICS (MULTI-CORE)                ║
╚═══════════════════════════════════════════════════════════════════════╝

[PACKET COUNTERS - GLOBAL]
  Total packets:      531812086
  Baseline (10.10.2.x): 0 (0.0%)
  Attack (10.10.3.x): 531812086 (100.0%)
  TCP packets:        0
  UDP packets:        531812086
  ICMP packets:       0

[INSTANTANEOUS TRAFFIC - Last 5.0 seconds]
  Baseline (10.10.2.x): 0 pkts (0.0%)  0 bytes  0.00 Gbps
  Attack (10.10.3.x): 6981301 pkts (100.0%)  2303543641 bytes  3.68 Gbps
  Total throughput:   3.68 Gbps  (avg pkt: 330 bytes)

[CUMULATIVE TRAFFIC - Since first packet (381.2s)]
  Total received:     531812086 pkts (1.40 Mpps) | 3.68 Gbps | 175485906887 bytes

[ATTACK-SPECIFIC COUNTERS]
  SYN packets:        0
  SYN-ACK packets:    0
  SYN/ACK ratio:      0.00
  HTTP requests:      0
  DNS queries:        4387

[PROTOCOL-SPECIFIC COUNTERS - CIC-DDoS-2019 Features]
  NTP Amplification:
    Monlist queries:  1173
    Responses:        0  (avg size: 0 bytes)
  DNS Amplification:
    ANY queries:      0
    TXT queries:      0
    Responses:        3675  (avg size: 316 bytes)
  SNMP Amplification:
    GetBulk requests: 0
    Responses:        0  (avg size: 0 bytes)
  SSDP:
    M-SEARCH packets: 0
    Responses:        8252
  PortMapper:
    GETPORT calls:    8138
    DUMP calls:       0
  NetBIOS:
    Name queries:     9055
    Datagram packets: 8146
  LDAP:
    Bind requests:    0
    Search requests:  8237
  MSSQL:
    SQLBatch packets: 7945
    RPC packets:      0
  TFTP:
    RRQ (read) pkts:  0
    WRQ (write) pkts: 0

[ATTACK DETECTIONS - Cumulative Events]
  UDP flood events:   7291
  UDP-lag events:     8
  SYN flood events:   0
  HTTP flood events:  0
  ICMP flood events:  0
  DNS amp events:     0
  NTP amp events:     0
  SNMP amp events:    0
  SSDP events:        0
  PortMap events:     0
  NetBIOS events:     0
  LDAP events:        0
  MSSQL events:       0
  TFTP events:        0
  ACK flood events:   0
  Frag attack events: 0
  Packet flood events:0
  (Note: Events count IPs exceeding thresholds per 50ms window)

[ALERT STATUS]
  Alert level:        [1;31mHIGH[0m
  Reason:             [1;31mUDP FLOOD detected: 153428453 UDP pps | [0m

[MULTI-LF (2025) COMPARISON]
=== Detection Performance vs ML-Based System ===

  First Detection Latency:   177.75 ms (vs MULTI-LF: 866 ms)
    Improvement:             4.9× faster

  Packets until detection:   0
  Bytes until detection:     0 (0.00 MB)

[OCTOSKETCH METRICS - Optimized Architecture]
=== Per-Worker Sketches + Sampling (1/32 packets) ===

  Architecture:              Per-worker (NO atomics, NO contention)
  Total sketch memory:       5377 KB (14 workers × 384.1 KB)
  Sampling rate:             1 in 32 packets (3.1% overhead)
  Attack traffic sampled:    4836320 updates
  Estimated attack packets:  154762240 (×32 sampling factor)
  Sketch overhead:           ~1.56% of fast-path cycles
  Memory efficiency:         O(1) constant, 384.1 KB per worker

[MULTIPLE DETECTION STATISTICS]
=== Aggregate Detection Analysis ===

  Total detection events:    7291
  Average detection latency: 52.28 ms
  Min detection latency:     50.22 ms
  Max detection latency:     301.73 ms
  Latency range:             251.51 ms

  Detection Latency Histogram:
    < 20 ms:  0 detections (0.0%)
    20-30 ms: 0 detections (0.0%)
    30-40 ms: 0 detections (0.0%)
    40-50 ms: 0 detections (0.0%)
    > 50 ms:  7290 detections (100.0%)

[PERFORMANCE METRICS]
  Throughput:         3.68 Gbps (1.40 Mpps)
  Cycles available:   2143 cycles/pkt (lower = higher load)
  Active IPs:         0
  Worker threads:     14 (lcores 1-14)

[DPDK NIC STATISTICS]
  RX packets (NIC):   531811697
  RX dropped (HW):    [0m0[0m (imissed)
  RX no mbufs:        [0m0[0m (buffer exhaustion)
  RX errors:          0
  Total drops:        [0m0 (0.00%)[0m
  RX burst calls:     154617333065 (99.7% empty)
  Processed pkts:     531812086 (100.0% of NIC RX)


╔═══════════════════════════════════════════════════════════════════════╗
║          MIRA DDoS DETECTOR - STATISTICS (MULTI-CORE)                ║
╚═══════════════════════════════════════════════════════════════════════╝

[PACKET COUNTERS - GLOBAL]
  Total packets:      538791630
  Baseline (10.10.2.x): 0 (0.0%)
  Attack (10.10.3.x): 538791630 (100.0%)
  TCP packets:        0
  UDP packets:        538791630
  ICMP packets:       0

[INSTANTANEOUS TRAFFIC - Last 5.0 seconds]
  Baseline (10.10.2.x): 0 pkts (0.0%)  0 bytes  0.00 Gbps
  Attack (10.10.3.x): 6979464 pkts (100.0%)  2303032651 bytes  3.68 Gbps
  Total throughput:   3.68 Gbps  (avg pkt: 330 bytes)

[CUMULATIVE TRAFFIC - Since first packet (386.2s)]
  Total received:     538791630 pkts (1.40 Mpps) | 3.68 Gbps | 177788969243 bytes

[ATTACK-SPECIFIC COUNTERS]
  SYN packets:        0
  SYN-ACK packets:    0
  SYN/ACK ratio:      0.00
  HTTP requests:      0
  DNS queries:        4449

[PROTOCOL-SPECIFIC COUNTERS - CIC-DDoS-2019 Features]
  NTP Amplification:
    Monlist queries:  1186
    Responses:        0  (avg size: 0 bytes)
  DNS Amplification:
    ANY queries:      0
    TXT queries:      0
    Responses:        3717  (avg size: 316 bytes)
  SNMP Amplification:
    GetBulk requests: 0
    Responses:        0  (avg size: 0 bytes)
  SSDP:
    M-SEARCH packets: 0
    Responses:        8357
  PortMapper:
    GETPORT calls:    8243
    DUMP calls:       0
  NetBIOS:
    Name queries:     9184
    Datagram packets: 8267
  LDAP:
    Bind requests:    0
    Search requests:  8348
  MSSQL:
    SQLBatch packets: 8031
    RPC packets:      0
  TFTP:
    RRQ (read) pkts:  0
    WRQ (write) pkts: 0

[ATTACK DETECTIONS - Cumulative Events]
  UDP flood events:   7387
  UDP-lag events:     8
  SYN flood events:   0
  HTTP flood events:  0
  ICMP flood events:  0
  DNS amp events:     0
  NTP amp events:     0
  SNMP amp events:    0
  SSDP events:        0
  PortMap events:     0
  NetBIOS events:     0
  LDAP events:        0
  MSSQL events:       0
  TFTP events:        0
  ACK flood events:   0
  Frag attack events: 0
  Packet flood events:0
  (Note: Events count IPs exceeding thresholds per 50ms window)

[ALERT STATUS]
  Alert level:        [1;31mHIGH[0m
  Reason:             [1;31mUDP FLOOD detected: 155450073 UDP pps | [0m

[MULTI-LF (2025) COMPARISON]
=== Detection Performance vs ML-Based System ===

  First Detection Latency:   177.75 ms (vs MULTI-LF: 866 ms)
    Improvement:             4.9× faster

  Packets until detection:   0
  Bytes until detection:     0 (0.00 MB)

[OCTOSKETCH METRICS - Optimized Architecture]
=== Per-Worker Sketches + Sampling (1/32 packets) ===

  Architecture:              Per-worker (NO atomics, NO contention)
  Total sketch memory:       5377 KB (14 workers × 384.1 KB)
  Sampling rate:             1 in 32 packets (3.1% overhead)
  Attack traffic sampled:    4835424 updates
  Estimated attack packets:  154733568 (×32 sampling factor)
  Sketch overhead:           ~1.56% of fast-path cycles
  Memory efficiency:         O(1) constant, 384.1 KB per worker

[MULTIPLE DETECTION STATISTICS]
=== Aggregate Detection Analysis ===

  Total detection events:    7387
  Average detection latency: 52.28 ms
  Min detection latency:     50.22 ms
  Max detection latency:     301.73 ms
  Latency range:             251.51 ms

  Detection Latency Histogram:
    < 20 ms:  0 detections (0.0%)
    20-30 ms: 0 detections (0.0%)
    30-40 ms: 0 detections (0.0%)
    40-50 ms: 0 detections (0.0%)
    > 50 ms:  7386 detections (100.0%)

[PERFORMANCE METRICS]
  Throughput:         3.68 Gbps (1.39 Mpps)
  Cycles available:   2143 cycles/pkt (lower = higher load)
  Active IPs:         0
  Worker threads:     14 (lcores 1-14)

[DPDK NIC STATISTICS]
  RX packets (NIC):   538791289
  RX dropped (HW):    [0m0[0m (imissed)
  RX no mbufs:        [0m0[0m (buffer exhaustion)
  RX errors:          0
  Total drops:        [0m0 (0.00%)[0m
  RX burst calls:     156543416060 (99.7% empty)
  Processed pkts:     538791630 (100.0% of NIC RX)


╔═══════════════════════════════════════════════════════════════════════╗
║          MIRA DDoS DETECTOR - STATISTICS (MULTI-CORE)                ║
╚═══════════════════════════════════════════════════════════════════════╝

[PACKET COUNTERS - GLOBAL]
  Total packets:      545773093
  Baseline (10.10.2.x): 0 (0.0%)
  Attack (10.10.3.x): 545773093 (100.0%)
  TCP packets:        0
  UDP packets:        545773093
  ICMP packets:       0

[INSTANTANEOUS TRAFFIC - Last 5.0 seconds]
  Baseline (10.10.2.x): 0 pkts (0.0%)  0 bytes  0.00 Gbps
  Attack (10.10.3.x): 6981400 pkts (100.0%)  2303812671 bytes  3.68 Gbps
  Total throughput:   3.68 Gbps  (avg pkt: 330 bytes)

[CUMULATIVE TRAFFIC - Since first packet (391.2s)]
  Total received:     545773093 pkts (1.40 Mpps) | 3.68 Gbps | 180092803101 bytes

[ATTACK-SPECIFIC COUNTERS]
  SYN packets:        0
  SYN-ACK packets:    0
  SYN/ACK ratio:      0.00
  HTTP requests:      0
  DNS queries:        4506

[PROTOCOL-SPECIFIC COUNTERS - CIC-DDoS-2019 Features]
  NTP Amplification:
    Monlist queries:  1200
    Responses:        0  (avg size: 0 bytes)
  DNS Amplification:
    ANY queries:      0
    TXT queries:      0
    Responses:        3772  (avg size: 316 bytes)
  SNMP Amplification:
    GetBulk requests: 0
    Responses:        0  (avg size: 0 bytes)
  SSDP:
    M-SEARCH packets: 0
    Responses:        8455
  PortMapper:
    GETPORT calls:    8332
    DUMP calls:       0
  NetBIOS:
    Name queries:     9304
    Datagram packets: 8364
  LDAP:
    Bind requests:    0
    Search requests:  8448
  MSSQL:
    SQLBatch packets: 8145
    RPC packets:      0
  TFTP:
    RRQ (read) pkts:  0
    WRQ (write) pkts: 0

[ATTACK DETECTIONS - Cumulative Events]
  UDP flood events:   7483
  UDP-lag events:     8
  SYN flood events:   0
  HTTP flood events:  0
  ICMP flood events:  0
  DNS amp events:     0
  NTP amp events:     0
  SNMP amp events:    0
  SSDP events:        0
  PortMap events:     0
  NetBIOS events:     0
  LDAP events:        0
  MSSQL events:       0
  TFTP events:        0
  ACK flood events:   0
  Frag attack events: 0
  Packet flood events:0
  (Note: Events count IPs exceeding thresholds per 50ms window)

[ALERT STATUS]
  Alert level:        [1;31mHIGH[0m
  Reason:             [1;31mUDP FLOOD detected: 159767885 UDP pps | [0m

[MULTI-LF (2025) COMPARISON]
=== Detection Performance vs ML-Based System ===

  First Detection Latency:   177.75 ms (vs MULTI-LF: 866 ms)
    Improvement:             4.9× faster

  Packets until detection:   0
  Bytes until detection:     0 (0.00 MB)

[OCTOSKETCH METRICS - Optimized Architecture]
=== Per-Worker Sketches + Sampling (1/32 packets) ===

  Architecture:              Per-worker (NO atomics, NO contention)
  Total sketch memory:       5377 KB (14 workers × 384.1 KB)
  Sampling rate:             1 in 32 packets (3.1% overhead)
  Attack traffic sampled:    4764928 updates
  Estimated attack packets:  152477696 (×32 sampling factor)
  Sketch overhead:           ~1.56% of fast-path cycles
  Memory efficiency:         O(1) constant, 384.1 KB per worker

[MULTIPLE DETECTION STATISTICS]
=== Aggregate Detection Analysis ===

  Total detection events:    7483
  Average detection latency: 52.27 ms
  Min detection latency:     50.22 ms
  Max detection latency:     301.73 ms
  Latency range:             251.51 ms

  Detection Latency Histogram:
    < 20 ms:  0 detections (0.0%)
    20-30 ms: 0 detections (0.0%)
    30-40 ms: 0 detections (0.0%)
    40-50 ms: 0 detections (0.0%)
    > 50 ms:  7482 detections (100.0%)

[PERFORMANCE METRICS]
  Throughput:         3.68 Gbps (1.40 Mpps)
  Cycles available:   2143 cycles/pkt (lower = higher load)
  Active IPs:         0
  Worker threads:     14 (lcores 1-14)

[DPDK NIC STATISTICS]
  RX packets (NIC):   545772738
  RX dropped (HW):    [0m0[0m (imissed)
  RX no mbufs:        [0m0[0m (buffer exhaustion)
  RX errors:          0
  Total drops:        [0m0 (0.00%)[0m
  RX burst calls:     158469168982 (99.7% empty)
  Processed pkts:     545773093 (100.0% of NIC RX)


╔═══════════════════════════════════════════════════════════════════════╗
║          MIRA DDoS DETECTOR - STATISTICS (MULTI-CORE)                ║
╚═══════════════════════════════════════════════════════════════════════╝

[PACKET COUNTERS - GLOBAL]
  Total packets:      552753780
  Baseline (10.10.2.x): 0 (0.0%)
  Attack (10.10.3.x): 552753780 (100.0%)
  TCP packets:        0
  UDP packets:        552753780
  ICMP packets:       0

[INSTANTANEOUS TRAFFIC - Last 5.0 seconds]
  Baseline (10.10.2.x): 0 pkts (0.0%)  0 bytes  0.00 Gbps
  Attack (10.10.3.x): 6980602 pkts (100.0%)  2303487503 bytes  3.68 Gbps
  Total throughput:   3.68 Gbps  (avg pkt: 330 bytes)

[CUMULATIVE TRAFFIC - Since first packet (396.2s)]
  Total received:     552753780 pkts (1.40 Mpps) | 3.68 Gbps | 182396317126 bytes

[ATTACK-SPECIFIC COUNTERS]
  SYN packets:        0
  SYN-ACK packets:    0
  SYN/ACK ratio:      0.00
  HTTP requests:      0
  DNS queries:        4558

[PROTOCOL-SPECIFIC COUNTERS - CIC-DDoS-2019 Features]
  NTP Amplification:
    Monlist queries:  1218
    Responses:        0  (avg size: 0 bytes)
  DNS Amplification:
    ANY queries:      0
    TXT queries:      0
    Responses:        3816  (avg size: 316 bytes)
  SNMP Amplification:
    GetBulk requests: 0
    Responses:        0  (avg size: 0 bytes)
  SSDP:
    M-SEARCH packets: 0
    Responses:        8581
  PortMapper:
    GETPORT calls:    8457
    DUMP calls:       0
  NetBIOS:
    Name queries:     9412
    Datagram packets: 8469
  LDAP:
    Bind requests:    0
    Search requests:  8562
  MSSQL:
    SQLBatch packets: 8253
    RPC packets:      0
  TFTP:
    RRQ (read) pkts:  0
    WRQ (write) pkts: 0

[ATTACK DETECTIONS - Cumulative Events]
  UDP flood events:   7579
  UDP-lag events:     8
  SYN flood events:   0
  HTTP flood events:  0
  ICMP flood events:  0
  DNS amp events:     0
  NTP amp events:     0
  SNMP amp events:    0
  SSDP events:        0
  PortMap events:     0
  NetBIOS events:     0
  LDAP events:        0
  MSSQL events:       0
  TFTP events:        0
  ACK flood events:   0
  Frag attack events: 0
  Packet flood events:0
  (Note: Events count IPs exceeding thresholds per 50ms window)

[ALERT STATUS]
  Alert level:        [1;31mHIGH[0m
  Reason:             [1;31mUDP FLOOD detected: 161821310 UDP pps | [0m

[MULTI-LF (2025) COMPARISON]
=== Detection Performance vs ML-Based System ===

  First Detection Latency:   177.75 ms (vs MULTI-LF: 866 ms)
    Improvement:             4.9× faster

  Packets until detection:   0
  Bytes until detection:     0 (0.00 MB)

[OCTOSKETCH METRICS - Optimized Architecture]
=== Per-Worker Sketches + Sampling (1/32 packets) ===

  Architecture:              Per-worker (NO atomics, NO contention)
  Total sketch memory:       5377 KB (14 workers × 384.1 KB)
  Sampling rate:             1 in 32 packets (3.1% overhead)
  Attack traffic sampled:    4764640 updates
  Estimated attack packets:  152468480 (×32 sampling factor)
  Sketch overhead:           ~1.56% of fast-path cycles
  Memory efficiency:         O(1) constant, 384.1 KB per worker

[MULTIPLE DETECTION STATISTICS]
=== Aggregate Detection Analysis ===

  Total detection events:    7579
  Average detection latency: 52.27 ms
  Min detection latency:     50.22 ms
  Max detection latency:     301.73 ms
  Latency range:             251.51 ms

  Detection Latency Histogram:
    < 20 ms:  0 detections (0.0%)
    20-30 ms: 0 detections (0.0%)
    30-40 ms: 0 detections (0.0%)
    40-50 ms: 0 detections (0.0%)
    > 50 ms:  7578 detections (100.0%)

[PERFORMANCE METRICS]
  Throughput:         3.68 Gbps (1.40 Mpps)
  Cycles available:   2143 cycles/pkt (lower = higher load)
  Active IPs:         0
  Worker threads:     14 (lcores 1-14)

[DPDK NIC STATISTICS]
  RX packets (NIC):   552753433
  RX dropped (HW):    [0m0[0m (imissed)
  RX no mbufs:        [0m0[0m (buffer exhaustion)
  RX errors:          0
  Total drops:        [0m0 (0.00%)[0m
  RX burst calls:     160395253280 (99.7% empty)
  Processed pkts:     552753780 (100.0% of NIC RX)


╔═══════════════════════════════════════════════════════════════════════╗
║          MIRA DDoS DETECTOR - STATISTICS (MULTI-CORE)                ║
╚═══════════════════════════════════════════════════════════════════════╝

[PACKET COUNTERS - GLOBAL]
  Total packets:      559734447
  Baseline (10.10.2.x): 0 (0.0%)
  Attack (10.10.3.x): 559734447 (100.0%)
  TCP packets:        0
  UDP packets:        559734447
  ICMP packets:       0

[INSTANTANEOUS TRAFFIC - Last 5.0 seconds]
  Baseline (10.10.2.x): 0 pkts (0.0%)  0 bytes  0.00 Gbps
  Attack (10.10.3.x): 6980604 pkts (100.0%)  2303441799 bytes  3.68 Gbps
  Total throughput:   3.68 Gbps  (avg pkt: 330 bytes)

[CUMULATIVE TRAFFIC - Since first packet (401.2s)]
  Total received:     559734447 pkts (1.40 Mpps) | 3.68 Gbps | 184699778944 bytes

[ATTACK-SPECIFIC COUNTERS]
  SYN packets:        0
  SYN-ACK packets:    0
  SYN/ACK ratio:      0.00
  HTTP requests:      0
  DNS queries:        4620

[PROTOCOL-SPECIFIC COUNTERS - CIC-DDoS-2019 Features]
  NTP Amplification:
    Monlist queries:  1232
    Responses:        0  (avg size: 0 bytes)
  DNS Amplification:
    ANY queries:      0
    TXT queries:      0
    Responses:        3859  (avg size: 316 bytes)
  SNMP Amplification:
    GetBulk requests: 0
    Responses:        0  (avg size: 0 bytes)
  SSDP:
    M-SEARCH packets: 0
    Responses:        8675
  PortMapper:
    GETPORT calls:    8565
    DUMP calls:       0
  NetBIOS:
    Name queries:     9542
    Datagram packets: 8590
  LDAP:
    Bind requests:    0
    Search requests:  8679
  MSSQL:
    SQLBatch packets: 8341
    RPC packets:      0
  TFTP:
    RRQ (read) pkts:  0
    WRQ (write) pkts: 0

[ATTACK DETECTIONS - Cumulative Events]
  UDP flood events:   7676
  UDP-lag events:     8
  SYN flood events:   0
  HTTP flood events:  0
  ICMP flood events:  0
  DNS amp events:     0
  NTP amp events:     0
  SNMP amp events:    0
  SSDP events:        0
  PortMap events:     0
  NetBIOS events:     0
  LDAP events:        0
  MSSQL events:       0
  TFTP events:        0
  ACK flood events:   0
  Frag attack events: 0
  Packet flood events:0
  (Note: Events count IPs exceeding thresholds per 50ms window)

[ALERT STATUS]
  Alert level:        [1;31mHIGH[0m
  Reason:             [1;31mUDP FLOOD detected: 163871968 UDP pps | [0m

[MULTI-LF (2025) COMPARISON]
=== Detection Performance vs ML-Based System ===

  First Detection Latency:   177.75 ms (vs MULTI-LF: 866 ms)
    Improvement:             4.9× faster

  Packets until detection:   0
  Bytes until detection:     0 (0.00 MB)

[OCTOSKETCH METRICS - Optimized Architecture]
=== Per-Worker Sketches + Sampling (1/32 packets) ===

  Architecture:              Per-worker (NO atomics, NO contention)
  Total sketch memory:       5377 KB (14 workers × 384.1 KB)
  Sampling rate:             1 in 32 packets (3.1% overhead)
  Attack traffic sampled:    4764160 updates
  Estimated attack packets:  152453120 (×32 sampling factor)
  Sketch overhead:           ~1.56% of fast-path cycles
  Memory efficiency:         O(1) constant, 384.1 KB per worker

[MULTIPLE DETECTION STATISTICS]
=== Aggregate Detection Analysis ===

  Total detection events:    7676
  Average detection latency: 52.26 ms
  Min detection latency:     50.22 ms
  Max detection latency:     301.73 ms
  Latency range:             251.51 ms

  Detection Latency Histogram:
    < 20 ms:  0 detections (0.0%)
    20-30 ms: 0 detections (0.0%)
    30-40 ms: 0 detections (0.0%)
    40-50 ms: 0 detections (0.0%)
    > 50 ms:  7675 detections (100.0%)

[PERFORMANCE METRICS]
  Throughput:         3.68 Gbps (1.40 Mpps)
  Cycles available:   2143 cycles/pkt (lower = higher load)
  Active IPs:         0
  Worker threads:     14 (lcores 1-14)

[DPDK NIC STATISTICS]
  RX packets (NIC):   559734070
  RX dropped (HW):    [0m0[0m (imissed)
  RX no mbufs:        [0m0[0m (buffer exhaustion)
  RX errors:          0
  Total drops:        [0m0 (0.00%)[0m
  RX burst calls:     162321116893 (99.7% empty)
  Processed pkts:     559734447 (100.0% of NIC RX)


╔═══════════════════════════════════════════════════════════════════════╗
║          MIRA DDoS DETECTOR - STATISTICS (MULTI-CORE)                ║
╚═══════════════════════════════════════════════════════════════════════╝

[PACKET COUNTERS - GLOBAL]
  Total packets:      566716579
  Baseline (10.10.2.x): 0 (0.0%)
  Attack (10.10.3.x): 566716579 (100.0%)
  TCP packets:        0
  UDP packets:        566716579
  ICMP packets:       0

[INSTANTANEOUS TRAFFIC - Last 5.0 seconds]
  Baseline (10.10.2.x): 0 pkts (0.0%)  0 bytes  0.00 Gbps
  Attack (10.10.3.x): 6982064 pkts (100.0%)  2469885078 bytes  3.95 Gbps
  Total throughput:   3.95 Gbps  (avg pkt: 354 bytes)

[CUMULATIVE TRAFFIC - Since first packet (406.2s)]
  Total received:     566716579 pkts (1.40 Mpps) | 3.68 Gbps | 187003606389 bytes

[ATTACK-SPECIFIC COUNTERS]
  SYN packets:        0
  SYN-ACK packets:    0
  SYN/ACK ratio:      0.00
  HTTP requests:      0
  DNS queries:        4679

[PROTOCOL-SPECIFIC COUNTERS - CIC-DDoS-2019 Features]
  NTP Amplification:
    Monlist queries:  1245
    Responses:        0  (avg size: 0 bytes)
  DNS Amplification:
    ANY queries:      0
    TXT queries:      0
    Responses:        3918  (avg size: 316 bytes)
  SNMP Amplification:
    GetBulk requests: 0
    Responses:        0  (avg size: 0 bytes)
  SSDP:
    M-SEARCH packets: 0
    Responses:        8783
  PortMapper:
    GETPORT calls:    8648
    DUMP calls:       0
  NetBIOS:
    Name queries:     9661
    Datagram packets: 8688
  LDAP:
    Bind requests:    0
    Search requests:  8774
  MSSQL:
    SQLBatch packets: 8455
    RPC packets:      0
  TFTP:
    RRQ (read) pkts:  0
    WRQ (write) pkts: 0

[ATTACK DETECTIONS - Cumulative Events]
  UDP flood events:   7772
  UDP-lag events:     10
  SYN flood events:   0
  HTTP flood events:  0
  ICMP flood events:  0
  DNS amp events:     0
  NTP amp events:     0
  SNMP amp events:    0
  SSDP events:        0
  PortMap events:     0
  NetBIOS events:     0
  LDAP events:        0
  MSSQL events:       0
  TFTP events:        0
  ACK flood events:   0
  Frag attack events: 0
  Packet flood events:0
  (Note: Events count IPs exceeding thresholds per 50ms window)

[ALERT STATUS]
  Alert level:        [1;31mHIGH[0m
  Reason:             [1;31mUDP FLOOD detected: 168380795 UDP pps | [0m

[MULTI-LF (2025) COMPARISON]
=== Detection Performance vs ML-Based System ===

  First Detection Latency:   177.75 ms (vs MULTI-LF: 866 ms)
    Improvement:             4.9× faster

  Packets until detection:   0
  Bytes until detection:     0 (0.00 MB)

[OCTOSKETCH METRICS - Optimized Architecture]
=== Per-Worker Sketches + Sampling (1/32 packets) ===

  Architecture:              Per-worker (NO atomics, NO contention)
  Total sketch memory:       5377 KB (14 workers × 384.1 KB)
  Sampling rate:             1 in 32 packets (3.1% overhead)
  Attack traffic sampled:    4695808 updates
  Estimated attack packets:  150265856 (×32 sampling factor)
  Sketch overhead:           ~1.56% of fast-path cycles
  Memory efficiency:         O(1) constant, 384.1 KB per worker

[MULTIPLE DETECTION STATISTICS]
=== Aggregate Detection Analysis ===

  Total detection events:    7772
  Average detection latency: 52.26 ms
  Min detection latency:     50.22 ms
  Max detection latency:     301.73 ms
  Latency range:             251.51 ms

  Detection Latency Histogram:
    < 20 ms:  0 detections (0.0%)
    20-30 ms: 0 detections (0.0%)
    30-40 ms: 0 detections (0.0%)
    40-50 ms: 0 detections (0.0%)
    > 50 ms:  7771 detections (100.0%)

[PERFORMANCE METRICS]
  Throughput:         3.95 Gbps (1.40 Mpps)
  Cycles available:   2143 cycles/pkt (lower = higher load)
  Active IPs:         0
  Worker threads:     14 (lcores 1-14)

[DPDK NIC STATISTICS]
  RX packets (NIC):   566716235
  RX dropped (HW):    [0m0[0m (imissed)
  RX no mbufs:        [0m0[0m (buffer exhaustion)
  RX errors:          0
  Total drops:        [0m0 (0.00%)[0m
  RX burst calls:     164247087931 (99.7% empty)
  Processed pkts:     566716579 (100.0% of NIC RX)


╔═══════════════════════════════════════════════════════════════════════╗
║          MIRA DDoS DETECTOR - STATISTICS (MULTI-CORE)                ║
╚═══════════════════════════════════════════════════════════════════════╝

[PACKET COUNTERS - GLOBAL]
  Total packets:      573695338
  Baseline (10.10.2.x): 0 (0.0%)
  Attack (10.10.3.x): 573695338 (100.0%)
  TCP packets:        0
  UDP packets:        573695338
  ICMP packets:       0

[INSTANTANEOUS TRAFFIC - Last 5.0 seconds]
  Baseline (10.10.2.x): 0 pkts (0.0%)  0 bytes  0.00 Gbps
  Attack (10.10.3.x): 6978696 pkts (100.0%)  2302766518 bytes  3.68 Gbps
  Total throughput:   3.68 Gbps  (avg pkt: 330 bytes)

[CUMULATIVE TRAFFIC - Since first packet (411.2s)]
  Total received:     573695338 pkts (1.40 Mpps) | 3.68 Gbps | 189306394164 bytes

[ATTACK-SPECIFIC COUNTERS]
  SYN packets:        0
  SYN-ACK packets:    0
  SYN/ACK ratio:      0.00
  HTTP requests:      0
  DNS queries:        4736

[PROTOCOL-SPECIFIC COUNTERS - CIC-DDoS-2019 Features]
  NTP Amplification:
    Monlist queries:  1264
    Responses:        0  (avg size: 0 bytes)
  DNS Amplification:
    ANY queries:      0
    TXT queries:      0
    Responses:        3957  (avg size: 316 bytes)
  SNMP Amplification:
    GetBulk requests: 0
    Responses:        0  (avg size: 0 bytes)
  SSDP:
    M-SEARCH packets: 0
    Responses:        8913
  PortMapper:
    GETPORT calls:    8775
    DUMP calls:       0
  NetBIOS:
    Name queries:     9770
    Datagram packets: 8792
  LDAP:
    Bind requests:    0
    Search requests:  8883
  MSSQL:
    SQLBatch packets: 8567
    RPC packets:      0
  TFTP:
    RRQ (read) pkts:  0
    WRQ (write) pkts: 0

[ATTACK DETECTIONS - Cumulative Events]
  UDP flood events:   7868
  UDP-lag events:     10
  SYN flood events:   0
  HTTP flood events:  0
  ICMP flood events:  0
  DNS amp events:     0
  NTP amp events:     0
  SNMP amp events:    0
  SSDP events:        0
  PortMap events:     0
  NetBIOS events:     0
  LDAP events:        0
  MSSQL events:       0
  TFTP events:        0
  ACK flood events:   0
  Frag attack events: 0
  Packet flood events:0
  (Note: Events count IPs exceeding thresholds per 50ms window)

[ALERT STATUS]
  Alert level:        [1;31mHIGH[0m
  Reason:             [1;31mUDP FLOOD detected: 170460916 UDP pps | [0m

[MULTI-LF (2025) COMPARISON]
=== Detection Performance vs ML-Based System ===

  First Detection Latency:   177.75 ms (vs MULTI-LF: 866 ms)
    Improvement:             4.9× faster

  Packets until detection:   0
  Bytes until detection:     0 (0.00 MB)

[OCTOSKETCH METRICS - Optimized Architecture]
=== Per-Worker Sketches + Sampling (1/32 packets) ===

  Architecture:              Per-worker (NO atomics, NO contention)
  Total sketch memory:       5377 KB (14 workers × 384.1 KB)
  Sampling rate:             1 in 32 packets (3.1% overhead)
  Attack traffic sampled:    4693760 updates
  Estimated attack packets:  150200320 (×32 sampling factor)
  Sketch overhead:           ~1.56% of fast-path cycles
  Memory efficiency:         O(1) constant, 384.1 KB per worker

[MULTIPLE DETECTION STATISTICS]
=== Aggregate Detection Analysis ===

  Total detection events:    7868
  Average detection latency: 52.26 ms
  Min detection latency:     50.22 ms
  Max detection latency:     301.73 ms
  Latency range:             251.51 ms

  Detection Latency Histogram:
    < 20 ms:  0 detections (0.0%)
    20-30 ms: 0 detections (0.0%)
    30-40 ms: 0 detections (0.0%)
    40-50 ms: 0 detections (0.0%)
    > 50 ms:  7867 detections (100.0%)

[PERFORMANCE METRICS]
  Throughput:         3.68 Gbps (1.39 Mpps)
  Cycles available:   2144 cycles/pkt (lower = higher load)
  Active IPs:         0
  Worker threads:     14 (lcores 1-14)

[DPDK NIC STATISTICS]
  RX packets (NIC):   573694986
  RX dropped (HW):    [0m0[0m (imissed)
  RX no mbufs:        [0m0[0m (buffer exhaustion)
  RX errors:          0
  Total drops:        [0m0 (0.00%)[0m
  RX burst calls:     166173265412 (99.7% empty)
  Processed pkts:     573695338 (100.0% of NIC RX)


╔═══════════════════════════════════════════════════════════════════════╗
║          MIRA DDoS DETECTOR - STATISTICS (MULTI-CORE)                ║
╚═══════════════════════════════════════════════════════════════════════╝

[PACKET COUNTERS - GLOBAL]
  Total packets:      580675226
  Baseline (10.10.2.x): 0 (0.0%)
  Attack (10.10.3.x): 580675226 (100.0%)
  TCP packets:        0
  UDP packets:        580675226
  ICMP packets:       0

[INSTANTANEOUS TRAFFIC - Last 5.0 seconds]
  Baseline (10.10.2.x): 0 pkts (0.0%)  0 bytes  0.00 Gbps
  Attack (10.10.3.x): 6979831 pkts (100.0%)  2303202441 bytes  3.68 Gbps
  Total throughput:   3.68 Gbps  (avg pkt: 330 bytes)

[CUMULATIVE TRAFFIC - Since first packet (416.2s)]
  Total received:     580675226 pkts (1.40 Mpps) | 3.68 Gbps | 191609614695 bytes

[ATTACK-SPECIFIC COUNTERS]
  SYN packets:        0
  SYN-ACK packets:    0
  SYN/ACK ratio:      0.00
  HTTP requests:      0
  DNS queries:        4792

[PROTOCOL-SPECIFIC COUNTERS - CIC-DDoS-2019 Features]
  NTP Amplification:
    Monlist queries:  1279
    Responses:        0  (avg size: 0 bytes)
  DNS Amplification:
    ANY queries:      0
    TXT queries:      0
    Responses:        4008  (avg size: 316 bytes)
  SNMP Amplification:
    GetBulk requests: 0
    Responses:        0  (avg size: 0 bytes)
  SSDP:
    M-SEARCH packets: 0
    Responses:        8999
  PortMapper:
    GETPORT calls:    8878
    DUMP calls:       0
  NetBIOS:
    Name queries:     9897
    Datagram packets: 8912
  LDAP:
    Bind requests:    0
    Search requests:  9000
  MSSQL:
    SQLBatch packets: 8657
    RPC packets:      0
  TFTP:
    RRQ (read) pkts:  0
    WRQ (write) pkts: 0

[ATTACK DETECTIONS - Cumulative Events]
  UDP flood events:   7964
  UDP-lag events:     10
  SYN flood events:   0
  HTTP flood events:  0
  ICMP flood events:  0
  DNS amp events:     0
  NTP amp events:     0
  SNMP amp events:    0
  SSDP events:        0
  PortMap events:     0
  NetBIOS events:     0
  LDAP events:        0
  MSSQL events:       0
  TFTP events:        0
  ACK flood events:   0
  Frag attack events: 0
  Packet flood events:0
  (Note: Events count IPs exceeding thresholds per 50ms window)

[ALERT STATUS]
  Alert level:        [1;31mHIGH[0m
  Reason:             [1;31mUDP FLOOD detected: 175137424 UDP pps | [0m

[MULTI-LF (2025) COMPARISON]
=== Detection Performance vs ML-Based System ===

  First Detection Latency:   177.75 ms (vs MULTI-LF: 866 ms)
    Improvement:             4.9× faster

  Packets until detection:   0
  Bytes until detection:     0 (0.00 MB)

[OCTOSKETCH METRICS - Optimized Architecture]
=== Per-Worker Sketches + Sampling (1/32 packets) ===

  Architecture:              Per-worker (NO atomics, NO contention)
  Total sketch memory:       5377 KB (14 workers × 384.1 KB)
  Sampling rate:             1 in 32 packets (3.1% overhead)
  Attack traffic sampled:    4623200 updates
  Estimated attack packets:  147942400 (×32 sampling factor)
  Sketch overhead:           ~1.56% of fast-path cycles
  Memory efficiency:         O(1) constant, 384.1 KB per worker

[MULTIPLE DETECTION STATISTICS]
=== Aggregate Detection Analysis ===

  Total detection events:    7964
  Average detection latency: 52.25 ms
  Min detection latency:     50.22 ms
  Max detection latency:     301.73 ms
  Latency range:             251.51 ms

  Detection Latency Histogram:
    < 20 ms:  0 detections (0.0%)
    20-30 ms: 0 detections (0.0%)
    30-40 ms: 0 detections (0.0%)
    40-50 ms: 0 detections (0.0%)
    > 50 ms:  7963 detections (100.0%)

[PERFORMANCE METRICS]
  Throughput:         3.68 Gbps (1.40 Mpps)
  Cycles available:   2143 cycles/pkt (lower = higher load)
  Active IPs:         0
  Worker threads:     14 (lcores 1-14)

[DPDK NIC STATISTICS]
  RX packets (NIC):   580674884
  RX dropped (HW):    [0m0[0m (imissed)
  RX no mbufs:        [0m0[0m (buffer exhaustion)
  RX errors:          0
  Total drops:        [0m0 (0.00%)[0m
  RX burst calls:     168099161786 (99.7% empty)
  Processed pkts:     580675226 (100.0% of NIC RX)


╔═══════════════════════════════════════════════════════════════════════╗
║          MIRA DDoS DETECTOR - STATISTICS (MULTI-CORE)                ║
╚═══════════════════════════════════════════════════════════════════════╝

[PACKET COUNTERS - GLOBAL]
  Total packets:      587656386
  Baseline (10.10.2.x): 0 (0.0%)
  Attack (10.10.3.x): 587656386 (100.0%)
  TCP packets:        0
  UDP packets:        587656386
  ICMP packets:       0

[INSTANTANEOUS TRAFFIC - Last 5.0 seconds]
  Baseline (10.10.2.x): 0 pkts (0.0%)  0 bytes  0.00 Gbps
  Attack (10.10.3.x): 6981101 pkts (100.0%)  2303409966 bytes  3.68 Gbps
  Total throughput:   3.68 Gbps  (avg pkt: 330 bytes)

[CUMULATIVE TRAFFIC - Since first packet (421.2s)]
  Total received:     587656386 pkts (1.40 Mpps) | 3.68 Gbps | 193913043026 bytes

[ATTACK-SPECIFIC COUNTERS]
  SYN packets:        0
  SYN-ACK packets:    0
  SYN/ACK ratio:      0.00
  HTTP requests:      0
  DNS queries:        4847

[PROTOCOL-SPECIFIC COUNTERS - CIC-DDoS-2019 Features]
  NTP Amplification:
    Monlist queries:  1292
    Responses:        0  (avg size: 0 bytes)
  DNS Amplification:
    ANY queries:      0
    TXT queries:      0
    Responses:        4063  (avg size: 316 bytes)
  SNMP Amplification:
    GetBulk requests: 0
    Responses:        0  (avg size: 0 bytes)
  SSDP:
    M-SEARCH packets: 0
    Responses:        9109
  PortMapper:
    GETPORT calls:    8969
    DUMP calls:       0
  NetBIOS:
    Name queries:     10017
    Datagram packets: 9006
  LDAP:
    Bind requests:    0
    Search requests:  9101
  MSSQL:
    SQLBatch packets: 8769
    RPC packets:      0
  TFTP:
    RRQ (read) pkts:  0
    WRQ (write) pkts: 0

[ATTACK DETECTIONS - Cumulative Events]
  UDP flood events:   8060
  UDP-lag events:     10
  SYN flood events:   0
  HTTP flood events:  0
  ICMP flood events:  0
  DNS amp events:     0
  NTP amp events:     0
  SNMP amp events:    0
  SSDP events:        0
  PortMap events:     0
  NetBIOS events:     0
  LDAP events:        0
  MSSQL events:       0
  TFTP events:        0
  ACK flood events:   0
  Frag attack events: 0
  Packet flood events:0
  (Note: Events count IPs exceeding thresholds per 50ms window)

[ALERT STATUS]
  Alert level:        [1;31mHIGH[0m
  Reason:             [1;31mUDP FLOOD detected: 177252405 UDP pps | [0m

[MULTI-LF (2025) COMPARISON]
=== Detection Performance vs ML-Based System ===

  First Detection Latency:   177.75 ms (vs MULTI-LF: 866 ms)
    Improvement:             4.9× faster

  Packets until detection:   0
  Bytes until detection:     0 (0.00 MB)

[OCTOSKETCH METRICS - Optimized Architecture]
=== Per-Worker Sketches + Sampling (1/32 packets) ===

  Architecture:              Per-worker (NO atomics, NO contention)
  Total sketch memory:       5377 KB (14 workers × 384.1 KB)
  Sampling rate:             1 in 32 packets (3.1% overhead)
  Attack traffic sampled:    4624064 updates
  Estimated attack packets:  147970048 (×32 sampling factor)
  Sketch overhead:           ~1.56% of fast-path cycles
  Memory efficiency:         O(1) constant, 384.1 KB per worker

[MULTIPLE DETECTION STATISTICS]
=== Aggregate Detection Analysis ===

  Total detection events:    8060
  Average detection latency: 52.26 ms
  Min detection latency:     50.22 ms
  Max detection latency:     301.73 ms
  Latency range:             251.51 ms

  Detection Latency Histogram:
    < 20 ms:  0 detections (0.0%)
    20-30 ms: 0 detections (0.0%)
    30-40 ms: 0 detections (0.0%)
    40-50 ms: 0 detections (0.0%)
    > 50 ms:  8059 detections (100.0%)

[PERFORMANCE METRICS]
  Throughput:         3.68 Gbps (1.40 Mpps)
  Cycles available:   2143 cycles/pkt (lower = higher load)
  Active IPs:         0
  Worker threads:     14 (lcores 1-14)

[DPDK NIC STATISTICS]
  RX packets (NIC):   587656006
  RX dropped (HW):    [0m0[0m (imissed)
  RX no mbufs:        [0m0[0m (buffer exhaustion)
  RX errors:          0
  Total drops:        [0m0 (0.00%)[0m
  RX burst calls:     170025224550 (99.7% empty)
  Processed pkts:     587656386 (100.0% of NIC RX)


╔═══════════════════════════════════════════════════════════════════════╗
║          MIRA DDoS DETECTOR - STATISTICS (MULTI-CORE)                ║
╚═══════════════════════════════════════════════════════════════════════╝

[PACKET COUNTERS - GLOBAL]
  Total packets:      594637764
  Baseline (10.10.2.x): 0 (0.0%)
  Attack (10.10.3.x): 594637764 (100.0%)
  TCP packets:        0
  UDP packets:        594637764
  ICMP packets:       0

[INSTANTANEOUS TRAFFIC - Last 5.0 seconds]
  Baseline (10.10.2.x): 0 pkts (0.0%)  0 bytes  0.00 Gbps
  Attack (10.10.3.x): 6981301 pkts (100.0%)  2303750739 bytes  3.68 Gbps
  Total throughput:   3.68 Gbps  (avg pkt: 330 bytes)

[CUMULATIVE TRAFFIC - Since first packet (426.2s)]
  Total received:     594637764 pkts (1.40 Mpps) | 3.68 Gbps | 196216820188 bytes

[ATTACK-SPECIFIC COUNTERS]
  SYN packets:        0
  SYN-ACK packets:    0
  SYN/ACK ratio:      0.00
  HTTP requests:      0
  DNS queries:        4909

[PROTOCOL-SPECIFIC COUNTERS - CIC-DDoS-2019 Features]
  NTP Amplification:
    Monlist queries:  1310
    Responses:        0  (avg size: 0 bytes)
  DNS Amplification:
    ANY queries:      0
    TXT queries:      0
    Responses:        4101  (avg size: 316 bytes)
  SNMP Amplification:
    GetBulk requests: 0
    Responses:        0  (avg size: 0 bytes)
  SSDP:
    M-SEARCH packets: 0
    Responses:        9234
  PortMapper:
    GETPORT calls:    9092
    DUMP calls:       0
  NetBIOS:
    Name queries:     10130
    Datagram packets: 9106
  LDAP:
    Bind requests:    0
    Search requests:  9212
  MSSQL:
    SQLBatch packets: 8877
    RPC packets:      0
  TFTP:
    RRQ (read) pkts:  0
    WRQ (write) pkts: 0

[ATTACK DETECTIONS - Cumulative Events]
  UDP flood events:   8157
  UDP-lag events:     10
  SYN flood events:   0
  HTTP flood events:  0
  ICMP flood events:  0
  DNS amp events:     0
  NTP amp events:     0
  SNMP amp events:    0
  SSDP events:        0
  PortMap events:     0
  NetBIOS events:     0
  LDAP events:        0
  MSSQL events:       0
  TFTP events:        0
  ACK flood events:   0
  Frag attack events: 0
  Packet flood events:0
  (Note: Events count IPs exceeding thresholds per 50ms window)

[ALERT STATUS]
  Alert level:        [1;31mHIGH[0m
  Reason:             [1;31mUDP FLOOD detected: 179364812 UDP pps | [0m

[MULTI-LF (2025) COMPARISON]
=== Detection Performance vs ML-Based System ===

  First Detection Latency:   177.75 ms (vs MULTI-LF: 866 ms)
    Improvement:             4.9× faster

  Packets until detection:   0
  Bytes until detection:     0 (0.00 MB)

[OCTOSKETCH METRICS - Optimized Architecture]
=== Per-Worker Sketches + Sampling (1/32 packets) ===

  Architecture:              Per-worker (NO atomics, NO contention)
  Total sketch memory:       5377 KB (14 workers × 384.1 KB)
  Sampling rate:             1 in 32 packets (3.1% overhead)
  Attack traffic sampled:    4624416 updates
  Estimated attack packets:  147981312 (×32 sampling factor)
  Sketch overhead:           ~1.56% of fast-path cycles
  Memory efficiency:         O(1) constant, 384.1 KB per worker

[MULTIPLE DETECTION STATISTICS]
=== Aggregate Detection Analysis ===

  Total detection events:    8157
  Average detection latency: 52.25 ms
  Min detection latency:     50.22 ms
  Max detection latency:     301.73 ms
  Latency range:             251.51 ms

  Detection Latency Histogram:
    < 20 ms:  0 detections (0.0%)
    20-30 ms: 0 detections (0.0%)
    30-40 ms: 0 detections (0.0%)
    40-50 ms: 0 detections (0.0%)
    > 50 ms:  8156 detections (100.0%)

[PERFORMANCE METRICS]
  Throughput:         3.68 Gbps (1.40 Mpps)
  Cycles available:   2143 cycles/pkt (lower = higher load)
  Active IPs:         0
  Worker threads:     14 (lcores 1-14)

[DPDK NIC STATISTICS]
  RX packets (NIC):   594637397
  RX dropped (HW):    [0m0[0m (imissed)
  RX no mbufs:        [0m0[0m (buffer exhaustion)
  RX errors:          0
  Total drops:        [0m0 (0.00%)[0m
  RX burst calls:     171951226565 (99.7% empty)
  Processed pkts:     594637764 (100.0% of NIC RX)


╔═══════════════════════════════════════════════════════════════════════╗
║          MIRA DDoS DETECTOR - STATISTICS (MULTI-CORE)                ║
╚═══════════════════════════════════════════════════════════════════════╝

[PACKET COUNTERS - GLOBAL]
  Total packets:      601618861
  Baseline (10.10.2.x): 0 (0.0%)
  Attack (10.10.3.x): 601618861 (100.0%)
  TCP packets:        0
  UDP packets:        601618861
  ICMP packets:       0

[INSTANTANEOUS TRAFFIC - Last 5.0 seconds]
  Baseline (10.10.2.x): 0 pkts (0.0%)  0 bytes  0.00 Gbps
  Attack (10.10.3.x): 6981032 pkts (100.0%)  2303784044 bytes  3.68 Gbps
  Total throughput:   3.68 Gbps  (avg pkt: 330 bytes)

[CUMULATIVE TRAFFIC - Since first packet (431.2s)]
  Total received:     601618861 pkts (1.40 Mpps) | 3.68 Gbps | 198520624928 bytes

[ATTACK-SPECIFIC COUNTERS]
  SYN packets:        0
  SYN-ACK packets:    0
  SYN/ACK ratio:      0.00
  HTTP requests:      0
  DNS queries:        4972

[PROTOCOL-SPECIFIC COUNTERS - CIC-DDoS-2019 Features]
  NTP Amplification:
    Monlist queries:  1325
    Responses:        0  (avg size: 0 bytes)
  DNS Amplification:
    ANY queries:      0
    TXT queries:      0
    Responses:        4154  (avg size: 316 bytes)
  SNMP Amplification:
    GetBulk requests: 0
    Responses:        0  (avg size: 0 bytes)
  SSDP:
    M-SEARCH packets: 0
    Responses:        9319
  PortMapper:
    GETPORT calls:    9195
    DUMP calls:       0
  NetBIOS:
    Name queries:     10250
    Datagram packets: 9231
  LDAP:
    Bind requests:    0
    Search requests:  9323
  MSSQL:
    SQLBatch packets: 8973
    RPC packets:      0
  TFTP:
    RRQ (read) pkts:  0
    WRQ (write) pkts: 0

[ATTACK DETECTIONS - Cumulative Events]
  UDP flood events:   8253
  UDP-lag events:     10
  SYN flood events:   0
  HTTP flood events:  0
  ICMP flood events:  0
  DNS amp events:     0
  NTP amp events:     0
  SNMP amp events:    0
  SSDP events:        0
  PortMap events:     0
  NetBIOS events:     0
  LDAP events:        0
  MSSQL events:       0
  TFTP events:        0
  ACK flood events:   0
  Frag attack events: 0
  Packet flood events:0
  (Note: Events count IPs exceeding thresholds per 50ms window)

[ALERT STATUS]
  Alert level:        [1;31mHIGH[0m
  Reason:             [1;31mUDP FLOOD detected: 184250957 UDP pps | [0m

[MULTI-LF (2025) COMPARISON]
=== Detection Performance vs ML-Based System ===

  First Detection Latency:   177.75 ms (vs MULTI-LF: 866 ms)
    Improvement:             4.9× faster

  Packets until detection:   0
  Bytes until detection:     0 (0.00 MB)

[OCTOSKETCH METRICS - Optimized Architecture]
=== Per-Worker Sketches + Sampling (1/32 packets) ===

  Architecture:              Per-worker (NO atomics, NO contention)
  Total sketch memory:       5377 KB (14 workers × 384.1 KB)
  Sampling rate:             1 in 32 packets (3.1% overhead)
  Attack traffic sampled:    4555520 updates
  Estimated attack packets:  145776640 (×32 sampling factor)
  Sketch overhead:           ~1.56% of fast-path cycles
  Memory efficiency:         O(1) constant, 384.1 KB per worker

[MULTIPLE DETECTION STATISTICS]
=== Aggregate Detection Analysis ===

  Total detection events:    8253
  Average detection latency: 52.24 ms
  Min detection latency:     50.22 ms
  Max detection latency:     301.73 ms
  Latency range:             251.51 ms

  Detection Latency Histogram:
    < 20 ms:  0 detections (0.0%)
    20-30 ms: 0 detections (0.0%)
    30-40 ms: 0 detections (0.0%)
    40-50 ms: 0 detections (0.0%)
    > 50 ms:  8252 detections (100.0%)

[PERFORMANCE METRICS]
  Throughput:         3.68 Gbps (1.40 Mpps)
  Cycles available:   2143 cycles/pkt (lower = higher load)
  Active IPs:         0
  Worker threads:     14 (lcores 1-14)

[DPDK NIC STATISTICS]
  RX packets (NIC):   601618476
  RX dropped (HW):    [0m0[0m (imissed)
  RX no mbufs:        [0m0[0m (buffer exhaustion)
  RX errors:          0
  Total drops:        [0m0 (0.00%)[0m
  RX burst calls:     173877026741 (99.7% empty)
  Processed pkts:     601618861 (100.0% of NIC RX)


╔═══════════════════════════════════════════════════════════════════════╗
║          MIRA DDoS DETECTOR - STATISTICS (MULTI-CORE)                ║
╚═══════════════════════════════════════════════════════════════════════╝

[PACKET COUNTERS - GLOBAL]
  Total packets:      608600016
  Baseline (10.10.2.x): 0 (0.0%)
  Attack (10.10.3.x): 608600016 (100.0%)
  TCP packets:        0
  UDP packets:        608600016
  ICMP packets:       0

[INSTANTANEOUS TRAFFIC - Last 5.0 seconds]
  Baseline (10.10.2.x): 0 pkts (0.0%)  0 bytes  0.00 Gbps
  Attack (10.10.3.x): 6981090 pkts (100.0%)  2303352073 bytes  3.68 Gbps
  Total throughput:   3.68 Gbps  (avg pkt: 330 bytes)

[CUMULATIVE TRAFFIC - Since first packet (436.2s)]
  Total received:     608600016 pkts (1.40 Mpps) | 3.68 Gbps | 200823999125 bytes

[ATTACK-SPECIFIC COUNTERS]
  SYN packets:        0
  SYN-ACK packets:    0
  SYN/ACK ratio:      0.00
  HTTP requests:      0
  DNS queries:        5024

[PROTOCOL-SPECIFIC COUNTERS - CIC-DDoS-2019 Features]
  NTP Amplification:
    Monlist queries:  1337
    Responses:        0  (avg size: 0 bytes)
  DNS Amplification:
    ANY queries:      0
    TXT queries:      0
    Responses:        4209  (avg size: 316 bytes)
  SNMP Amplification:
    GetBulk requests: 0
    Responses:        0  (avg size: 0 bytes)
  SSDP:
    M-SEARCH packets: 0
    Responses:        9434
  PortMapper:
    GETPORT calls:    9300
    DUMP calls:       0
  NetBIOS:
    Name queries:     10370
    Datagram packets: 9329
  LDAP:
    Bind requests:    0
    Search requests:  9430
  MSSQL:
    SQLBatch packets: 9079
    RPC packets:      0
  TFTP:
    RRQ (read) pkts:  0
    WRQ (write) pkts: 0

[ATTACK DETECTIONS - Cumulative Events]
  UDP flood events:   8349
  UDP-lag events:     10
  SYN flood events:   0
  HTTP flood events:  0
  ICMP flood events:  0
  DNS amp events:     0
  NTP amp events:     0
  SNMP amp events:    0
  SSDP events:        0
  PortMap events:     0
  NetBIOS events:     0
  LDAP events:        0
  MSSQL events:       0
  TFTP events:        0
  ACK flood events:   0
  Frag attack events: 0
  Packet flood events:0
  (Note: Events count IPs exceeding thresholds per 50ms window)

[ALERT STATUS]
  Alert level:        [1;31mHIGH[0m
  Reason:             [1;31mUDP FLOOD detected: 186397123 UDP pps | [0m

[MULTI-LF (2025) COMPARISON]
=== Detection Performance vs ML-Based System ===

  First Detection Latency:   177.75 ms (vs MULTI-LF: 866 ms)
    Improvement:             4.9× faster

  Packets until detection:   0
  Bytes until detection:     0 (0.00 MB)

[OCTOSKETCH METRICS - Optimized Architecture]
=== Per-Worker Sketches + Sampling (1/32 packets) ===

  Architecture:              Per-worker (NO atomics, NO contention)
  Total sketch memory:       5377 KB (14 workers × 384.1 KB)
  Sampling rate:             1 in 32 packets (3.1% overhead)
  Attack traffic sampled:    4554848 updates
  Estimated attack packets:  145755136 (×32 sampling factor)
  Sketch overhead:           ~1.56% of fast-path cycles
  Memory efficiency:         O(1) constant, 384.1 KB per worker

[MULTIPLE DETECTION STATISTICS]
=== Aggregate Detection Analysis ===

  Total detection events:    8349
  Average detection latency: 52.25 ms
  Min detection latency:     50.22 ms
  Max detection latency:     301.73 ms
  Latency range:             251.51 ms

  Detection Latency Histogram:
    < 20 ms:  0 detections (0.0%)
    20-30 ms: 0 detections (0.0%)
    30-40 ms: 0 detections (0.0%)
    40-50 ms: 0 detections (0.0%)
    > 50 ms:  8348 detections (100.0%)

[PERFORMANCE METRICS]
  Throughput:         3.68 Gbps (1.40 Mpps)
  Cycles available:   2143 cycles/pkt (lower = higher load)
  Active IPs:         0
  Worker threads:     14 (lcores 1-14)

[DPDK NIC STATISTICS]
  RX packets (NIC):   608599674
  RX dropped (HW):    [0m0[0m (imissed)
  RX no mbufs:        [0m0[0m (buffer exhaustion)
  RX errors:          0
  Total drops:        [0m0 (0.00%)[0m
  RX burst calls:     175802955455 (99.7% empty)
  Processed pkts:     608600016 (100.0% of NIC RX)


╔═══════════════════════════════════════════════════════════════════════╗
║          MIRA DDoS DETECTOR - STATISTICS (MULTI-CORE)                ║
╚═══════════════════════════════════════════════════════════════════════╝

[PACKET COUNTERS - GLOBAL]
  Total packets:      615581186
  Baseline (10.10.2.x): 0 (0.0%)
  Attack (10.10.3.x): 615581186 (100.0%)
  TCP packets:        0
  UDP packets:        615581186
  ICMP packets:       0

[INSTANTANEOUS TRAFFIC - Last 5.0 seconds]
  Baseline (10.10.2.x): 0 pkts (0.0%)  0 bytes  0.00 Gbps
  Attack (10.10.3.x): 6981098 pkts (100.0%)  2303817527 bytes  3.68 Gbps
  Total throughput:   3.68 Gbps  (avg pkt: 330 bytes)

[CUMULATIVE TRAFFIC - Since first packet (441.2s)]
  Total received:     615581186 pkts (1.40 Mpps) | 3.68 Gbps | 203127840541 bytes

[ATTACK-SPECIFIC COUNTERS]
  SYN packets:        0
  SYN-ACK packets:    0
  SYN/ACK ratio:      0.00
  HTTP requests:      0
  DNS queries:        5082

[PROTOCOL-SPECIFIC COUNTERS - CIC-DDoS-2019 Features]
  NTP Amplification:
    Monlist queries:  1356
    Responses:        0  (avg size: 0 bytes)
  DNS Amplification:
    ANY queries:      0
    TXT queries:      0
    Responses:        4246  (avg size: 316 bytes)
  SNMP Amplification:
    GetBulk requests: 0
    Responses:        0  (avg size: 0 bytes)
  SSDP:
    M-SEARCH packets: 0
    Responses:        9561
  PortMapper:
    GETPORT calls:    9416
    DUMP calls:       0
  NetBIOS:
    Name queries:     10487
    Datagram packets: 9432
  LDAP:
    Bind requests:    0
    Search requests:  9537
  MSSQL:
    SQLBatch packets: 9188
    RPC packets:      0
  TFTP:
    RRQ (read) pkts:  0
    WRQ (write) pkts: 0

[ATTACK DETECTIONS - Cumulative Events]
  UDP flood events:   8445
  UDP-lag events:     10
  SYN flood events:   0
  HTTP flood events:  0
  ICMP flood events:  0
  DNS amp events:     0
  NTP amp events:     0
  SNMP amp events:    0
  SSDP events:        0
  PortMap events:     0
  NetBIOS events:     0
  LDAP events:        0
  MSSQL events:       0
  TFTP events:        0
  ACK flood events:   0
  Frag attack events: 0
  Packet flood events:0
  (Note: Events count IPs exceeding thresholds per 50ms window)

[ALERT STATUS]
  Alert level:        [1;31mHIGH[0m
  Reason:             [1;31mUDP FLOOD detected: 191465858 UDP pps | [0m

[MULTI-LF (2025) COMPARISON]
=== Detection Performance vs ML-Based System ===

  First Detection Latency:   177.75 ms (vs MULTI-LF: 866 ms)
    Improvement:             4.9× faster

  Packets until detection:   0
  Bytes until detection:     0 (0.00 MB)

[OCTOSKETCH METRICS - Optimized Architecture]
=== Per-Worker Sketches + Sampling (1/32 packets) ===

  Architecture:              Per-worker (NO atomics, NO contention)
  Total sketch memory:       5377 KB (14 workers × 384.1 KB)
  Sampling rate:             1 in 32 packets (3.1% overhead)
  Attack traffic sampled:    4484608 updates
  Estimated attack packets:  143507456 (×32 sampling factor)
  Sketch overhead:           ~1.56% of fast-path cycles
  Memory efficiency:         O(1) constant, 384.1 KB per worker

[MULTIPLE DETECTION STATISTICS]
=== Aggregate Detection Analysis ===

  Total detection events:    8445
  Average detection latency: 52.24 ms
  Min detection latency:     50.22 ms
  Max detection latency:     301.73 ms
  Latency range:             251.51 ms

  Detection Latency Histogram:
    < 20 ms:  0 detections (0.0%)
    20-30 ms: 0 detections (0.0%)
    30-40 ms: 0 detections (0.0%)
    40-50 ms: 0 detections (0.0%)
    > 50 ms:  8444 detections (100.0%)

[PERFORMANCE METRICS]
  Throughput:         3.68 Gbps (1.40 Mpps)
  Cycles available:   2143 cycles/pkt (lower = higher load)
  Active IPs:         0
  Worker threads:     14 (lcores 1-14)

[DPDK NIC STATISTICS]
  RX packets (NIC):   615580846
  RX dropped (HW):    [0m0[0m (imissed)
  RX no mbufs:        [0m0[0m (buffer exhaustion)
  RX errors:          0
  Total drops:        [0m0 (0.00%)[0m
  RX burst calls:     177728781542 (99.7% empty)
  Processed pkts:     615581186 (100.0% of NIC RX)


╔═══════════════════════════════════════════════════════════════════════╗
║          MIRA DDoS DETECTOR - STATISTICS (MULTI-CORE)                ║
╚═══════════════════════════════════════════════════════════════════════╝

[PACKET COUNTERS - GLOBAL]
  Total packets:      622562207
  Baseline (10.10.2.x): 0 (0.0%)
  Attack (10.10.3.x): 622562207 (100.0%)
  TCP packets:        0
  UDP packets:        622562207
  ICMP packets:       0

[INSTANTANEOUS TRAFFIC - Last 5.0 seconds]
  Baseline (10.10.2.x): 0 pkts (0.0%)  0 bytes  0.00 Gbps
  Attack (10.10.3.x): 6980957 pkts (100.0%)  2303788980 bytes  3.68 Gbps
  Total throughput:   3.68 Gbps  (avg pkt: 330 bytes)

[CUMULATIVE TRAFFIC - Since first packet (446.2s)]
  Total received:     622562207 pkts (1.40 Mpps) | 3.68 Gbps | 205431649591 bytes

[ATTACK-SPECIFIC COUNTERS]
  SYN packets:        0
  SYN-ACK packets:    0
  SYN/ACK ratio:      0.00
  HTTP requests:      0
  DNS queries:        5145

[PROTOCOL-SPECIFIC COUNTERS - CIC-DDoS-2019 Features]
  NTP Amplification:
    Monlist queries:  1371
    Responses:        0  (avg size: 0 bytes)
  DNS Amplification:
    ANY queries:      0
    TXT queries:      0
    Responses:        4298  (avg size: 316 bytes)
  SNMP Amplification:
    GetBulk requests: 0
    Responses:        0  (avg size: 0 bytes)
  SSDP:
    M-SEARCH packets: 0
    Responses:        9638
  PortMapper:
    GETPORT calls:    9510
    DUMP calls:       0
  NetBIOS:
    Name queries:     10606
    Datagram packets: 9549
  LDAP:
    Bind requests:    0
    Search requests:  9641
  MSSQL:
    SQLBatch packets: 9282
    RPC packets:      0
  TFTP:
    RRQ (read) pkts:  0
    WRQ (write) pkts: 0

[ATTACK DETECTIONS - Cumulative Events]
  UDP flood events:   8541
  UDP-lag events:     10
  SYN flood events:   0
  HTTP flood events:  0
  ICMP flood events:  0
  DNS amp events:     0
  NTP amp events:     0
  SNMP amp events:    0
  SSDP events:        0
  PortMap events:     0
  NetBIOS events:     0
  LDAP events:        0
  MSSQL events:       0
  TFTP events:        0
  ACK flood events:   0
  Frag attack events: 0
  Packet flood events:0
  (Note: Events count IPs exceeding thresholds per 50ms window)

[ALERT STATUS]
  Alert level:        [1;31mHIGH[0m
  Reason:             [1;31mUDP FLOOD detected: 193649589 UDP pps | [0m

[MULTI-LF (2025) COMPARISON]
=== Detection Performance vs ML-Based System ===

  First Detection Latency:   177.75 ms (vs MULTI-LF: 866 ms)
    Improvement:             4.9× faster

  Packets until detection:   0
  Bytes until detection:     0 (0.00 MB)

[OCTOSKETCH METRICS - Optimized Architecture]
=== Per-Worker Sketches + Sampling (1/32 packets) ===

  Architecture:              Per-worker (NO atomics, NO contention)
  Total sketch memory:       5377 KB (14 workers × 384.1 KB)
  Sampling rate:             1 in 32 packets (3.1% overhead)
  Attack traffic sampled:    4486336 updates
  Estimated attack packets:  143562752 (×32 sampling factor)
  Sketch overhead:           ~1.56% of fast-path cycles
  Memory efficiency:         O(1) constant, 384.1 KB per worker

[MULTIPLE DETECTION STATISTICS]
=== Aggregate Detection Analysis ===

  Total detection events:    8541
  Average detection latency: 52.24 ms
  Min detection latency:     50.22 ms
  Max detection latency:     301.73 ms
  Latency range:             251.51 ms

  Detection Latency Histogram:
    < 20 ms:  0 detections (0.0%)
    20-30 ms: 0 detections (0.0%)
    30-40 ms: 0 detections (0.0%)
    40-50 ms: 0 detections (0.0%)
    > 50 ms:  8540 detections (100.0%)

[PERFORMANCE METRICS]
  Throughput:         3.68 Gbps (1.40 Mpps)
  Cycles available:   2143 cycles/pkt (lower = higher load)
  Active IPs:         0
  Worker threads:     14 (lcores 1-14)

[DPDK NIC STATISTICS]
  RX packets (NIC):   622561875
  RX dropped (HW):    [0m0[0m (imissed)
  RX no mbufs:        [0m0[0m (buffer exhaustion)
  RX errors:          0
  Total drops:        [0m0 (0.00%)[0m
  RX burst calls:     179654701485 (99.7% empty)
  Processed pkts:     622562207 (100.0% of NIC RX)


╔═══════════════════════════════════════════════════════════════════════╗
║          MIRA DDoS DETECTOR - STATISTICS (MULTI-CORE)                ║
╚═══════════════════════════════════════════════════════════════════════╝

[PACKET COUNTERS - GLOBAL]
  Total packets:      629543428
  Baseline (10.10.2.x): 0 (0.0%)
  Attack (10.10.3.x): 629543428 (100.0%)
  TCP packets:        0
  UDP packets:        629543428
  ICMP packets:       0

[INSTANTANEOUS TRAFFIC - Last 5.0 seconds]
  Baseline (10.10.2.x): 0 pkts (0.0%)  0 bytes  0.00 Gbps
  Attack (10.10.3.x): 6981155 pkts (100.0%)  2303395039 bytes  3.68 Gbps
  Total throughput:   3.68 Gbps  (avg pkt: 330 bytes)

[CUMULATIVE TRAFFIC - Since first packet (451.2s)]
  Total received:     629543428 pkts (1.40 Mpps) | 3.68 Gbps | 207735068471 bytes

[ATTACK-SPECIFIC COUNTERS]
  SYN packets:        0
  SYN-ACK packets:    0
  SYN/ACK ratio:      0.00
  HTTP requests:      0
  DNS queries:        5197

[PROTOCOL-SPECIFIC COUNTERS - CIC-DDoS-2019 Features]
  NTP Amplification:
    Monlist queries:  1385
    Responses:        0  (avg size: 0 bytes)
  DNS Amplification:
    ANY queries:      0
    TXT queries:      0
    Responses:        4354  (avg size: 316 bytes)
  SNMP Amplification:
    GetBulk requests: 0
    Responses:        0  (avg size: 0 bytes)
  SSDP:
    M-SEARCH packets: 0
    Responses:        9760
  PortMapper:
    GETPORT calls:    9625
    DUMP calls:       0
  NetBIOS:
    Name queries:     10723
    Datagram packets: 9647
  LDAP:
    Bind requests:    0
    Search requests:  9760
  MSSQL:
    SQLBatch packets: 9400
    RPC packets:      0
  TFTP:
    RRQ (read) pkts:  0
    WRQ (write) pkts: 0

[ATTACK DETECTIONS - Cumulative Events]
  UDP flood events:   8638
  UDP-lag events:     10
  SYN flood events:   0
  HTTP flood events:  0
  ICMP flood events:  0
  DNS amp events:     0
  NTP amp events:     0
  SNMP amp events:    0
  SSDP events:        0
  PortMap events:     0
  NetBIOS events:     0
  LDAP events:        0
  MSSQL events:       0
  TFTP events:        0
  ACK flood events:   0
  Frag attack events: 0
  Packet flood events:0
  (Note: Events count IPs exceeding thresholds per 50ms window)

[ALERT STATUS]
  Alert level:        [1;31mHIGH[0m
  Reason:             [1;31mUDP FLOOD detected: 195827808 UDP pps | [0m

[MULTI-LF (2025) COMPARISON]
=== Detection Performance vs ML-Based System ===

  First Detection Latency:   177.75 ms (vs MULTI-LF: 866 ms)
    Improvement:             4.9× faster

  Packets until detection:   0
  Bytes until detection:     0 (0.00 MB)

[OCTOSKETCH METRICS - Optimized Architecture]
=== Per-Worker Sketches + Sampling (1/32 packets) ===

  Architecture:              Per-worker (NO atomics, NO contention)
  Total sketch memory:       5377 KB (14 workers × 384.1 KB)
  Sampling rate:             1 in 32 packets (3.1% overhead)
  Attack traffic sampled:    4484768 updates
  Estimated attack packets:  143512576 (×32 sampling factor)
  Sketch overhead:           ~1.56% of fast-path cycles
  Memory efficiency:         O(1) constant, 384.1 KB per worker

[MULTIPLE DETECTION STATISTICS]
=== Aggregate Detection Analysis ===

  Total detection events:    8638
  Average detection latency: 52.24 ms
  Min detection latency:     50.22 ms
  Max detection latency:     301.73 ms
  Latency range:             251.51 ms

  Detection Latency Histogram:
    < 20 ms:  0 detections (0.0%)
    20-30 ms: 0 detections (0.0%)
    30-40 ms: 0 detections (0.0%)
    40-50 ms: 0 detections (0.0%)
    > 50 ms:  8637 detections (100.0%)

[PERFORMANCE METRICS]
  Throughput:         3.68 Gbps (1.40 Mpps)
  Cycles available:   2143 cycles/pkt (lower = higher load)
  Active IPs:         0
  Worker threads:     14 (lcores 1-14)

[DPDK NIC STATISTICS]
  RX packets (NIC):   629543067
  RX dropped (HW):    [0m0[0m (imissed)
  RX no mbufs:        [0m0[0m (buffer exhaustion)
  RX errors:          0
  Total drops:        [0m0 (0.00%)[0m
  RX burst calls:     181580674610 (99.7% empty)
  Processed pkts:     629543428 (100.0% of NIC RX)


╔═══════════════════════════════════════════════════════════════════════╗
║          MIRA DDoS DETECTOR - STATISTICS (MULTI-CORE)                ║
╚═══════════════════════════════════════════════════════════════════════╝

[PACKET COUNTERS - GLOBAL]
  Total packets:      636523350
  Baseline (10.10.2.x): 0 (0.0%)
  Attack (10.10.3.x): 636523350 (100.0%)
  TCP packets:        0
  UDP packets:        636523350
  ICMP packets:       0

[INSTANTANEOUS TRAFFIC - Last 5.0 seconds]
  Baseline (10.10.2.x): 0 pkts (0.0%)  0 bytes  0.00 Gbps
  Attack (10.10.3.x): 6979849 pkts (100.0%)  2303301346 bytes  3.68 Gbps
  Total throughput:   3.68 Gbps  (avg pkt: 330 bytes)

[CUMULATIVE TRAFFIC - Since first packet (456.2s)]
  Total received:     636523350 pkts (1.40 Mpps) | 3.68 Gbps | 210038393093 bytes

[ATTACK-SPECIFIC COUNTERS]
  SYN packets:        0
  SYN-ACK packets:    0
  SYN/ACK ratio:      0.00
  HTTP requests:      0
  DNS queries:        5257

[PROTOCOL-SPECIFIC COUNTERS - CIC-DDoS-2019 Features]
  NTP Amplification:
    Monlist queries:  1401
    Responses:        0  (avg size: 0 bytes)
  DNS Amplification:
    ANY queries:      0
    TXT queries:      0
    Responses:        4388  (avg size: 316 bytes)
  SNMP Amplification:
    GetBulk requests: 0
    Responses:        0  (avg size: 0 bytes)
  SSDP:
    M-SEARCH packets: 0
    Responses:        9888
  PortMapper:
    GETPORT calls:    9737
    DUMP calls:       0
  NetBIOS:
    Name queries:     10845
    Datagram packets: 9760
  LDAP:
    Bind requests:    0
    Search requests:  9858
  MSSQL:
    SQLBatch packets: 9494
    RPC packets:      0
  TFTP:
    RRQ (read) pkts:  0
    WRQ (write) pkts: 0

[ATTACK DETECTIONS - Cumulative Events]
  UDP flood events:   8734
  UDP-lag events:     10
  SYN flood events:   0
  HTTP flood events:  0
  ICMP flood events:  0
  DNS amp events:     0
  NTP amp events:     0
  SNMP amp events:    0
  SSDP events:        0
  PortMap events:     0
  NetBIOS events:     0
  LDAP events:        0
  MSSQL events:       0
  TFTP events:        0
  ACK flood events:   0
  Frag attack events: 0
  Packet flood events:0
  (Note: Events count IPs exceeding thresholds per 50ms window)

[ALERT STATUS]
  Alert level:        [1;31mHIGH[0m
  Reason:             [1;31mUDP FLOOD detected: 201130723 UDP pps | [0m

[MULTI-LF (2025) COMPARISON]
=== Detection Performance vs ML-Based System ===

  First Detection Latency:   177.75 ms (vs MULTI-LF: 866 ms)
    Improvement:             4.9× faster

  Packets until detection:   0
  Bytes until detection:     0 (0.00 MB)

[OCTOSKETCH METRICS - Optimized Architecture]
=== Per-Worker Sketches + Sampling (1/32 packets) ===

  Architecture:              Per-worker (NO atomics, NO contention)
  Total sketch memory:       5377 KB (14 workers × 384.1 KB)
  Sampling rate:             1 in 32 packets (3.1% overhead)
  Attack traffic sampled:    4414112 updates
  Estimated attack packets:  141251584 (×32 sampling factor)
  Sketch overhead:           ~1.56% of fast-path cycles
  Memory efficiency:         O(1) constant, 384.1 KB per worker

[MULTIPLE DETECTION STATISTICS]
=== Aggregate Detection Analysis ===

  Total detection events:    8734
  Average detection latency: 52.23 ms
  Min detection latency:     50.22 ms
  Max detection latency:     301.73 ms
  Latency range:             251.51 ms

  Detection Latency Histogram:
    < 20 ms:  0 detections (0.0%)
    20-30 ms: 0 detections (0.0%)
    30-40 ms: 0 detections (0.0%)
    40-50 ms: 0 detections (0.0%)
    > 50 ms:  8733 detections (100.0%)

[PERFORMANCE METRICS]
  Throughput:         3.68 Gbps (1.40 Mpps)
  Cycles available:   2143 cycles/pkt (lower = higher load)
  Active IPs:         0
  Worker threads:     14 (lcores 1-14)

[DPDK NIC STATISTICS]
  RX packets (NIC):   636522992
  RX dropped (HW):    [0m0[0m (imissed)
  RX no mbufs:        [0m0[0m (buffer exhaustion)
  RX errors:          0
  Total drops:        [0m0 (0.00%)[0m
  RX burst calls:     183506586434 (99.7% empty)
  Processed pkts:     636523350 (100.0% of NIC RX)


╔═══════════════════════════════════════════════════════════════════════╗
║          MIRA DDoS DETECTOR - STATISTICS (MULTI-CORE)                ║
╚═══════════════════════════════════════════════════════════════════════╝

[PACKET COUNTERS - GLOBAL]
  Total packets:      643503700
  Baseline (10.10.2.x): 0 (0.0%)
  Attack (10.10.3.x): 643503700 (100.0%)
  TCP packets:        0
  UDP packets:        643503700
  ICMP packets:       0

[INSTANTANEOUS TRAFFIC - Last 5.0 seconds]
  Baseline (10.10.2.x): 0 pkts (0.0%)  0 bytes  0.00 Gbps
  Attack (10.10.3.x): 6980283 pkts (100.0%)  2303486378 bytes  3.68 Gbps
  Total throughput:   3.68 Gbps  (avg pkt: 330 bytes)

[CUMULATIVE TRAFFIC - Since first packet (461.2s)]
  Total received:     643503700 pkts (1.40 Mpps) | 3.68 Gbps | 212341902196 bytes

[ATTACK-SPECIFIC COUNTERS]
  SYN packets:        0
  SYN-ACK packets:    0
  SYN/ACK ratio:      0.00
  HTTP requests:      0
  DNS queries:        5318

[PROTOCOL-SPECIFIC COUNTERS - CIC-DDoS-2019 Features]
  NTP Amplification:
    Monlist queries:  1417
    Responses:        0  (avg size: 0 bytes)
  DNS Amplification:
    ANY queries:      0
    TXT queries:      0
    Responses:        4444  (avg size: 316 bytes)
  SNMP Amplification:
    GetBulk requests: 0
    Responses:        0  (avg size: 0 bytes)
  SSDP:
    M-SEARCH packets: 0
    Responses:        9960
  PortMapper:
    GETPORT calls:    9828
    DUMP calls:       0
  NetBIOS:
    Name queries:     10968
    Datagram packets: 9868
  LDAP:
    Bind requests:    0
    Search requests:  9970
  MSSQL:
    SQLBatch packets: 9597
    RPC packets:      0
  TFTP:
    RRQ (read) pkts:  0
    WRQ (write) pkts: 0

[ATTACK DETECTIONS - Cumulative Events]
  UDP flood events:   8831
  UDP-lag events:     10
  SYN flood events:   0
  HTTP flood events:  0
  ICMP flood events:  0
  DNS amp events:     0
  NTP amp events:     0
  SNMP amp events:    0
  SSDP events:        0
  PortMap events:     0
  NetBIOS events:     0
  LDAP events:        0
  MSSQL events:       0
  TFTP events:        0
  ACK flood events:   0
  Frag attack events: 0
  Packet flood events:0
  (Note: Events count IPs exceeding thresholds per 50ms window)

[ALERT STATUS]
  Alert level:        [1;31mHIGH[0m
  Reason:             [1;31mUDP FLOOD detected: 203344391 UDP pps | [0m

[MULTI-LF (2025) COMPARISON]
=== Detection Performance vs ML-Based System ===

  First Detection Latency:   177.75 ms (vs MULTI-LF: 866 ms)
    Improvement:             4.9× faster

  Packets until detection:   0
  Bytes until detection:     0 (0.00 MB)

[OCTOSKETCH METRICS - Optimized Architecture]
=== Per-Worker Sketches + Sampling (1/32 packets) ===

  Architecture:              Per-worker (NO atomics, NO contention)
  Total sketch memory:       5377 KB (14 workers × 384.1 KB)
  Sampling rate:             1 in 32 packets (3.1% overhead)
  Attack traffic sampled:    4415744 updates
  Estimated attack packets:  141303808 (×32 sampling factor)
  Sketch overhead:           ~1.56% of fast-path cycles
  Memory efficiency:         O(1) constant, 384.1 KB per worker

[MULTIPLE DETECTION STATISTICS]
=== Aggregate Detection Analysis ===

  Total detection events:    8831
  Average detection latency: 52.23 ms
  Min detection latency:     50.22 ms
  Max detection latency:     301.73 ms
  Latency range:             251.51 ms

  Detection Latency Histogram:
    < 20 ms:  0 detections (0.0%)
    20-30 ms: 0 detections (0.0%)
    30-40 ms: 0 detections (0.0%)
    40-50 ms: 0 detections (0.0%)
    > 50 ms:  8830 detections (100.0%)

[PERFORMANCE METRICS]
  Throughput:         3.68 Gbps (1.40 Mpps)
  Cycles available:   2143 cycles/pkt (lower = higher load)
  Active IPs:         0
  Worker threads:     14 (lcores 1-14)

[DPDK NIC STATISTICS]
  RX packets (NIC):   643503351
  RX dropped (HW):    [0m0[0m (imissed)
  RX no mbufs:        [0m0[0m (buffer exhaustion)
  RX errors:          0
  Total drops:        [0m0 (0.00%)[0m
  RX burst calls:     185432652136 (99.7% empty)
  Processed pkts:     643503700 (100.0% of NIC RX)


╔═══════════════════════════════════════════════════════════════════════╗
║          MIRA DDoS DETECTOR - STATISTICS (MULTI-CORE)                ║
╚═══════════════════════════════════════════════════════════════════════╝

[PACKET COUNTERS - GLOBAL]
  Total packets:      650485565
  Baseline (10.10.2.x): 0 (0.0%)
  Attack (10.10.3.x): 650485565 (100.0%)
  TCP packets:        0
  UDP packets:        650485565
  ICMP packets:       0

[INSTANTANEOUS TRAFFIC - Last 5.0 seconds]
  Baseline (10.10.2.x): 0 pkts (0.0%)  0 bytes  0.00 Gbps
  Attack (10.10.3.x): 6981787 pkts (100.0%)  2303618821 bytes  3.68 Gbps
  Total throughput:   3.68 Gbps  (avg pkt: 330 bytes)

[CUMULATIVE TRAFFIC - Since first packet (466.2s)]
  Total received:     650485565 pkts (1.40 Mpps) | 3.68 Gbps | 214645548444 bytes

[ATTACK-SPECIFIC COUNTERS]
  SYN packets:        0
  SYN-ACK packets:    0
  SYN/ACK ratio:      0.00
  HTTP requests:      0
  DNS queries:        5369

[PROTOCOL-SPECIFIC COUNTERS - CIC-DDoS-2019 Features]
  NTP Amplification:
    Monlist queries:  1432
    Responses:        0  (avg size: 0 bytes)
  DNS Amplification:
    ANY queries:      0
    TXT queries:      0
    Responses:        4496  (avg size: 316 bytes)
  SNMP Amplification:
    GetBulk requests: 0
    Responses:        0  (avg size: 0 bytes)
  SSDP:
    M-SEARCH packets: 0
    Responses:        10086
  PortMapper:
    GETPORT calls:    9952
    DUMP calls:       0
  NetBIOS:
    Name queries:     11079
    Datagram packets: 9966
  LDAP:
    Bind requests:    0
    Search requests:  10086
  MSSQL:
    SQLBatch packets: 9712
    RPC packets:      0
  TFTP:
    RRQ (read) pkts:  0
    WRQ (write) pkts: 0

[ATTACK DETECTIONS - Cumulative Events]
  UDP flood events:   8927
  UDP-lag events:     10
  SYN flood events:   0
  HTTP flood events:  0
  ICMP flood events:  0
  DNS amp events:     0
  NTP amp events:     0
  SNMP amp events:    0
  SSDP events:        0
  PortMap events:     0
  NetBIOS events:     0
  LDAP events:        0
  MSSQL events:       0
  TFTP events:        0
  ACK flood events:   0
  Frag attack events: 0
  Packet flood events:0
  (Note: Events count IPs exceeding thresholds per 50ms window)

[ALERT STATUS]
  Alert level:        [1;31mHIGH[0m
  Reason:             [1;31mUDP FLOOD detected: 208852869 UDP pps | [0m

[MULTI-LF (2025) COMPARISON]
=== Detection Performance vs ML-Based System ===

  First Detection Latency:   177.75 ms (vs MULTI-LF: 866 ms)
    Improvement:             4.9× faster

  Packets until detection:   0
  Bytes until detection:     0 (0.00 MB)

[OCTOSKETCH METRICS - Optimized Architecture]
=== Per-Worker Sketches + Sampling (1/32 packets) ===

  Architecture:              Per-worker (NO atomics, NO contention)
  Total sketch memory:       5377 KB (14 workers × 384.1 KB)
  Sampling rate:             1 in 32 packets (3.1% overhead)
  Attack traffic sampled:    4345760 updates
  Estimated attack packets:  139064320 (×32 sampling factor)
  Sketch overhead:           ~1.56% of fast-path cycles
  Memory efficiency:         O(1) constant, 384.1 KB per worker

[MULTIPLE DETECTION STATISTICS]
=== Aggregate Detection Analysis ===

  Total detection events:    8927
  Average detection latency: 52.22 ms
  Min detection latency:     50.22 ms
  Max detection latency:     301.73 ms
  Latency range:             251.51 ms

  Detection Latency Histogram:
    < 20 ms:  0 detections (0.0%)
    20-30 ms: 0 detections (0.0%)
    30-40 ms: 0 detections (0.0%)
    40-50 ms: 0 detections (0.0%)
    > 50 ms:  8926 detections (100.0%)

[PERFORMANCE METRICS]
  Throughput:         3.68 Gbps (1.40 Mpps)
  Cycles available:   2143 cycles/pkt (lower = higher load)
  Active IPs:         0
  Worker threads:     14 (lcores 1-14)

[DPDK NIC STATISTICS]
  RX packets (NIC):   650485222
  RX dropped (HW):    [0m0[0m (imissed)
  RX no mbufs:        [0m0[0m (buffer exhaustion)
  RX errors:          0
  Total drops:        [0m0 (0.00%)[0m
  RX burst calls:     187358585970 (99.7% empty)
  Processed pkts:     650485565 (100.0% of NIC RX)


╔═══════════════════════════════════════════════════════════════════════╗
║          MIRA DDoS DETECTOR - STATISTICS (MULTI-CORE)                ║
╚═══════════════════════════════════════════════════════════════════════╝

[PACKET COUNTERS - GLOBAL]
  Total packets:      657464761
  Baseline (10.10.2.x): 0 (0.0%)
  Attack (10.10.3.x): 657464761 (100.0%)
  TCP packets:        0
  UDP packets:        657464761
  ICMP packets:       0

[INSTANTANEOUS TRAFFIC - Last 5.0 seconds]
  Baseline (10.10.2.x): 0 pkts (0.0%)  0 bytes  0.00 Gbps
  Attack (10.10.3.x): 7470558 pkts (100.0%)  2302915194 bytes  3.68 Gbps
  Total throughput:   3.68 Gbps  (avg pkt: 308 bytes)

[CUMULATIVE TRAFFIC - Since first packet (471.2s)]
  Total received:     657464761 pkts (1.40 Mpps) | 3.68 Gbps | 216948486448 bytes

[ATTACK-SPECIFIC COUNTERS]
  SYN packets:        0
  SYN-ACK packets:    0
  SYN/ACK ratio:      0.00
  HTTP requests:      0
  DNS queries:        5429

[PROTOCOL-SPECIFIC COUNTERS - CIC-DDoS-2019 Features]
  NTP Amplification:
    Monlist queries:  1448
    Responses:        0  (avg size: 0 bytes)
  DNS Amplification:
    ANY queries:      0
    TXT queries:      0
    Responses:        4534  (avg size: 316 bytes)
  SNMP Amplification:
    GetBulk requests: 0
    Responses:        0  (avg size: 0 bytes)
  SSDP:
    M-SEARCH packets: 0
    Responses:        10204
  PortMapper:
    GETPORT calls:    10051
    DUMP calls:       0
  NetBIOS:
    Name queries:     11202
    Datagram packets: 10085
  LDAP:
    Bind requests:    0
    Search requests:  10189
  MSSQL:
    SQLBatch packets: 9803
    RPC packets:      0
  TFTP:
    RRQ (read) pkts:  0
    WRQ (write) pkts: 0

[ATTACK DETECTIONS - Cumulative Events]
  UDP flood events:   9026
  UDP-lag events:     10
  SYN flood events:   0
  HTTP flood events:  0
  ICMP flood events:  0
  DNS amp events:     0
  NTP amp events:     0
  SNMP amp events:    0
  SSDP events:        0
  PortMap events:     0
  NetBIOS events:     0
  LDAP events:        0
  MSSQL events:       0
  TFTP events:        0
  ACK flood events:   0
  Frag attack events: 0
  Packet flood events:0
  (Note: Events count IPs exceeding thresholds per 50ms window)

[ALERT STATUS]
  Alert level:        [1;31mHIGH[0m
  Reason:             [1;31mUDP FLOOD detected: 211103687 UDP pps | [0m

[MULTI-LF (2025) COMPARISON]
=== Detection Performance vs ML-Based System ===

  First Detection Latency:   177.75 ms (vs MULTI-LF: 866 ms)
    Improvement:             4.9× faster

  Packets until detection:   0
  Bytes until detection:     0 (0.00 MB)

[OCTOSKETCH METRICS - Optimized Architecture]
=== Per-Worker Sketches + Sampling (1/32 packets) ===

  Architecture:              Per-worker (NO atomics, NO contention)
  Total sketch memory:       5377 KB (14 workers × 384.1 KB)
  Sampling rate:             1 in 32 packets (3.1% overhead)
  Attack traffic sampled:    4344544 updates
  Estimated attack packets:  139025408 (×32 sampling factor)
  Sketch overhead:           ~1.56% of fast-path cycles
  Memory efficiency:         O(1) constant, 384.1 KB per worker

[MULTIPLE DETECTION STATISTICS]
=== Aggregate Detection Analysis ===

  Total detection events:    9026
  Average detection latency: 52.21 ms
  Min detection latency:     50.22 ms
  Max detection latency:     301.73 ms
  Latency range:             251.51 ms

  Detection Latency Histogram:
    < 20 ms:  0 detections (0.0%)
    20-30 ms: 0 detections (0.0%)
    30-40 ms: 0 detections (0.0%)
    40-50 ms: 0 detections (0.0%)
    > 50 ms:  9025 detections (100.0%)

[PERFORMANCE METRICS]
  Throughput:         3.68 Gbps (1.49 Mpps)
  Cycles available:   2003 cycles/pkt (lower = higher load)
  Active IPs:         0
  Worker threads:     14 (lcores 1-14)

[DPDK NIC STATISTICS]
  RX packets (NIC):   657464409
  RX dropped (HW):    [0m0[0m (imissed)
  RX no mbufs:        [0m0[0m (buffer exhaustion)
  RX errors:          0
  Total drops:        [0m0 (0.00%)[0m
  RX burst calls:     189284696327 (99.7% empty)
  Processed pkts:     657464761 (100.0% of NIC RX)


╔═══════════════════════════════════════════════════════════════════════╗
║          MIRA DDoS DETECTOR - STATISTICS (MULTI-CORE)                ║
╚═══════════════════════════════════════════════════════════════════════╝

[PACKET COUNTERS - GLOBAL]
  Total packets:      664446509
  Baseline (10.10.2.x): 0 (0.0%)
  Attack (10.10.3.x): 664446509 (100.0%)
  TCP packets:        0
  UDP packets:        664446509
  ICMP packets:       0

[INSTANTANEOUS TRAFFIC - Last 5.0 seconds]
  Baseline (10.10.2.x): 0 pkts (0.0%)  0 bytes  0.00 Gbps
  Attack (10.10.3.x): 6981678 pkts (100.0%)  2303874238 bytes  3.68 Gbps
  Total throughput:   3.68 Gbps  (avg pkt: 330 bytes)

[CUMULATIVE TRAFFIC - Since first packet (476.2s)]
  Total received:     664446509 pkts (1.40 Mpps) | 3.68 Gbps | 219252382551 bytes

[ATTACK-SPECIFIC COUNTERS]
  SYN packets:        0
  SYN-ACK packets:    0
  SYN/ACK ratio:      0.00
  HTTP requests:      0
  DNS queries:        5489

[PROTOCOL-SPECIFIC COUNTERS - CIC-DDoS-2019 Features]
  NTP Amplification:
    Monlist queries:  1463
    Responses:        0  (avg size: 0 bytes)
  DNS Amplification:
    ANY queries:      0
    TXT queries:      0
    Responses:        4588  (avg size: 316 bytes)
  SNMP Amplification:
    GetBulk requests: 0
    Responses:        0  (avg size: 0 bytes)
  SSDP:
    M-SEARCH packets: 0
    Responses:        10291
  PortMapper:
    GETPORT calls:    10148
    DUMP calls:       0
  NetBIOS:
    Name queries:     11325
    Datagram packets: 10187
  LDAP:
    Bind requests:    0
    Search requests:  10289
  MSSQL:
    SQLBatch packets: 9908
    RPC packets:      0
  TFTP:
    RRQ (read) pkts:  0
    WRQ (write) pkts: 0

[ATTACK DETECTIONS - Cumulative Events]
  UDP flood events:   9123
  UDP-lag events:     10
  SYN flood events:   0
  HTTP flood events:  0
  ICMP flood events:  0
  DNS amp events:     0
  NTP amp events:     0
  SNMP amp events:    0
  SSDP events:        0
  PortMap events:     0
  NetBIOS events:     0
  LDAP events:        0
  MSSQL events:       0
  TFTP events:        0
  ACK flood events:   0
  Frag attack events: 0
  Packet flood events:0
  (Note: Events count IPs exceeding thresholds per 50ms window)

[ALERT STATUS]
  Alert level:        [1;31mHIGH[0m
  Reason:             [1;31mUDP FLOOD detected: 213352217 UDP pps | [0m

[MULTI-LF (2025) COMPARISON]
=== Detection Performance vs ML-Based System ===

  First Detection Latency:   177.75 ms (vs MULTI-LF: 866 ms)
    Improvement:             4.9× faster

  Packets until detection:   0
  Bytes until detection:     0 (0.00 MB)

[OCTOSKETCH METRICS - Optimized Architecture]
=== Per-Worker Sketches + Sampling (1/32 packets) ===

  Architecture:              Per-worker (NO atomics, NO contention)
  Total sketch memory:       5377 KB (14 workers × 384.1 KB)
  Sampling rate:             1 in 32 packets (3.1% overhead)
  Attack traffic sampled:    4347264 updates
  Estimated attack packets:  139112448 (×32 sampling factor)
  Sketch overhead:           ~1.56% of fast-path cycles
  Memory efficiency:         O(1) constant, 384.1 KB per worker

[MULTIPLE DETECTION STATISTICS]
=== Aggregate Detection Analysis ===

  Total detection events:    9123
  Average detection latency: 52.20 ms
  Min detection latency:     50.22 ms
  Max detection latency:     301.73 ms
  Latency range:             251.51 ms

  Detection Latency Histogram:
    < 20 ms:  0 detections (0.0%)
    20-30 ms: 0 detections (0.0%)
    30-40 ms: 0 detections (0.0%)
    40-50 ms: 0 detections (0.0%)
    > 50 ms:  9122 detections (100.0%)

[PERFORMANCE METRICS]
  Throughput:         3.68 Gbps (1.40 Mpps)
  Cycles available:   2143 cycles/pkt (lower = higher load)
  Active IPs:         0
  Worker threads:     14 (lcores 1-14)

[DPDK NIC STATISTICS]
  RX packets (NIC):   664446127
  RX dropped (HW):    [0m0[0m (imissed)
  RX no mbufs:        [0m0[0m (buffer exhaustion)
  RX errors:          0
  Total drops:        [0m0 (0.00%)[0m
  RX burst calls:     191210923063 (99.7% empty)
  Processed pkts:     664446509 (100.0% of NIC RX)


╔═══════════════════════════════════════════════════════════════════════╗
║          MIRA DDoS DETECTOR - STATISTICS (MULTI-CORE)                ║
╚═══════════════════════════════════════════════════════════════════════╝

[PACKET COUNTERS - GLOBAL]
  Total packets:      671427728
  Baseline (10.10.2.x): 0 (0.0%)
  Attack (10.10.3.x): 671427728 (100.0%)
  TCP packets:        0
  UDP packets:        671427728
  ICMP packets:       0

[INSTANTANEOUS TRAFFIC - Last 5.0 seconds]
  Baseline (10.10.2.x): 0 pkts (0.0%)  0 bytes  0.00 Gbps
  Attack (10.10.3.x): 6981137 pkts (100.0%)  2466173904 bytes  3.94 Gbps
  Total throughput:   3.94 Gbps  (avg pkt: 353 bytes)

[CUMULATIVE TRAFFIC - Since first packet (481.2s)]
  Total received:     671427728 pkts (1.40 Mpps) | 3.68 Gbps | 221555951583 bytes

[ATTACK-SPECIFIC COUNTERS]
  SYN packets:        0
  SYN-ACK packets:    0
  SYN/ACK ratio:      0.00
  HTTP requests:      0
  DNS queries:        5539

[PROTOCOL-SPECIFIC COUNTERS - CIC-DDoS-2019 Features]
  NTP Amplification:
    Monlist queries:  1478
    Responses:        0  (avg size: 0 bytes)
  DNS Amplification:
    ANY queries:      0
    TXT queries:      0
    Responses:        4640  (avg size: 316 bytes)
  SNMP Amplification:
    GetBulk requests: 0
    Responses:        0  (avg size: 0 bytes)
  SSDP:
    M-SEARCH packets: 0
    Responses:        10417
  PortMapper:
    GETPORT calls:    10272
    DUMP calls:       0
  NetBIOS:
    Name queries:     11433
    Datagram packets: 10287
  LDAP:
    Bind requests:    0
    Search requests:  10403
  MSSQL:
    SQLBatch packets: 10025
    RPC packets:      0
  TFTP:
    RRQ (read) pkts:  0
    WRQ (write) pkts: 0

[ATTACK DETECTIONS - Cumulative Events]
  UDP flood events:   9219
  UDP-lag events:     12
  SYN flood events:   0
  HTTP flood events:  0
  ICMP flood events:  0
  DNS amp events:     0
  NTP amp events:     0
  SNMP amp events:    0
  SSDP events:        0
  PortMap events:     0
  NetBIOS events:     0
  LDAP events:        0
  MSSQL events:       0
  TFTP events:        0
  ACK flood events:   0
  Frag attack events: 0
  Packet flood events:0
  (Note: Events count IPs exceeding thresholds per 50ms window)

[ALERT STATUS]
  Alert level:        [1;31mHIGH[0m
  Reason:             [1;31mUDP FLOOD detected: 219118451 UDP pps | [0m

[MULTI-LF (2025) COMPARISON]
=== Detection Performance vs ML-Based System ===

  First Detection Latency:   177.75 ms (vs MULTI-LF: 866 ms)
    Improvement:             4.9× faster

  Packets until detection:   0
  Bytes until detection:     0 (0.00 MB)

[OCTOSKETCH METRICS - Optimized Architecture]
=== Per-Worker Sketches + Sampling (1/32 packets) ===

  Architecture:              Per-worker (NO atomics, NO contention)
  Total sketch memory:       5377 KB (14 workers × 384.1 KB)
  Sampling rate:             1 in 32 packets (3.1% overhead)
  Attack traffic sampled:    4275328 updates
  Estimated attack packets:  136810496 (×32 sampling factor)
  Sketch overhead:           ~1.56% of fast-path cycles
  Memory efficiency:         O(1) constant, 384.1 KB per worker

[MULTIPLE DETECTION STATISTICS]
=== Aggregate Detection Analysis ===

  Total detection events:    9219
  Average detection latency: 52.20 ms
  Min detection latency:     50.22 ms
  Max detection latency:     301.73 ms
  Latency range:             251.51 ms

  Detection Latency Histogram:
    < 20 ms:  0 detections (0.0%)
    20-30 ms: 0 detections (0.0%)
    30-40 ms: 0 detections (0.0%)
    40-50 ms: 0 detections (0.0%)
    > 50 ms:  9218 detections (100.0%)

[PERFORMANCE METRICS]
  Throughput:         3.94 Gbps (1.40 Mpps)
  Cycles available:   2143 cycles/pkt (lower = higher load)
  Active IPs:         0
  Worker threads:     14 (lcores 1-14)

[DPDK NIC STATISTICS]
  RX packets (NIC):   671427400
  RX dropped (HW):    [0m0[0m (imissed)
  RX no mbufs:        [0m0[0m (buffer exhaustion)
  RX errors:          0
  Total drops:        [0m0 (0.00%)[0m
  RX burst calls:     193136976453 (99.7% empty)
  Processed pkts:     671427728 (100.0% of NIC RX)


╔═══════════════════════════════════════════════════════════════════════╗
║          MIRA DDoS DETECTOR - STATISTICS (MULTI-CORE)                ║
╚═══════════════════════════════════════════════════════════════════════╝

[PACKET COUNTERS - GLOBAL]
  Total packets:      678406716
  Baseline (10.10.2.x): 0 (0.0%)
  Attack (10.10.3.x): 678406716 (100.0%)
  TCP packets:        0
  UDP packets:        678406716
  ICMP packets:       0

[INSTANTANEOUS TRAFFIC - Last 5.0 seconds]
  Baseline (10.10.2.x): 0 pkts (0.0%)  0 bytes  0.00 Gbps
  Attack (10.10.3.x): 6978908 pkts (100.0%)  2302878128 bytes  3.68 Gbps
  Total throughput:   3.68 Gbps  (avg pkt: 330 bytes)

[CUMULATIVE TRAFFIC - Since first packet (486.2s)]
  Total received:     678406716 pkts (1.40 Mpps) | 3.68 Gbps | 223858856374 bytes

[ATTACK-SPECIFIC COUNTERS]
  SYN packets:        0
  SYN-ACK packets:    0
  SYN/ACK ratio:      0.00
  HTTP requests:      0
  DNS queries:        5602

[PROTOCOL-SPECIFIC COUNTERS - CIC-DDoS-2019 Features]
  NTP Amplification:
    Monlist queries:  1494
    Responses:        0  (avg size: 0 bytes)
  DNS Amplification:
    ANY queries:      0
    TXT queries:      0
    Responses:        4681  (avg size: 316 bytes)
  SNMP Amplification:
    GetBulk requests: 0
    Responses:        0  (avg size: 0 bytes)
  SSDP:
    M-SEARCH packets: 0
    Responses:        10524
  PortMapper:
    GETPORT calls:    10378
    DUMP calls:       0
  NetBIOS:
    Name queries:     11566
    Datagram packets: 10408
  LDAP:
    Bind requests:    0
    Search requests:  10513
  MSSQL:
    SQLBatch packets: 10108
    RPC packets:      0
  TFTP:
    RRQ (read) pkts:  0
    WRQ (write) pkts: 0

[ATTACK DETECTIONS - Cumulative Events]
  UDP flood events:   9316
  UDP-lag events:     12
  SYN flood events:   0
  HTTP flood events:  0
  ICMP flood events:  0
  DNS amp events:     0
  NTP amp events:     0
  SNMP amp events:    0
  SSDP events:        0
  PortMap events:     0
  NetBIOS events:     0
  LDAP events:        0
  MSSQL events:       0
  TFTP events:        0
  ACK flood events:   0
  Frag attack events: 0
  Packet flood events:0
  (Note: Events count IPs exceeding thresholds per 50ms window)

[ALERT STATUS]
  Alert level:        [1;31mHIGH[0m
  Reason:             [1;31mUDP FLOOD detected: 221402128 UDP pps | [0m

[MULTI-LF (2025) COMPARISON]
=== Detection Performance vs ML-Based System ===

  First Detection Latency:   177.75 ms (vs MULTI-LF: 866 ms)
    Improvement:             4.9× faster

  Packets until detection:   0
  Bytes until detection:     0 (0.00 MB)

[OCTOSKETCH METRICS - Optimized Architecture]
=== Per-Worker Sketches + Sampling (1/32 packets) ===

  Architecture:              Per-worker (NO atomics, NO contention)
  Total sketch memory:       5377 KB (14 workers × 384.1 KB)
  Sampling rate:             1 in 32 packets (3.1% overhead)
  Attack traffic sampled:    4274048 updates
  Estimated attack packets:  136769536 (×32 sampling factor)
  Sketch overhead:           ~1.56% of fast-path cycles
  Memory efficiency:         O(1) constant, 384.1 KB per worker

[MULTIPLE DETECTION STATISTICS]
=== Aggregate Detection Analysis ===

  Total detection events:    9316
  Average detection latency: 52.19 ms
  Min detection latency:     50.22 ms
  Max detection latency:     301.73 ms
  Latency range:             251.51 ms

  Detection Latency Histogram:
    < 20 ms:  0 detections (0.0%)
    20-30 ms: 0 detections (0.0%)
    30-40 ms: 0 detections (0.0%)
    40-50 ms: 0 detections (0.0%)
    > 50 ms:  9315 detections (100.0%)

[PERFORMANCE METRICS]
  Throughput:         3.68 Gbps (1.39 Mpps)
  Cycles available:   2144 cycles/pkt (lower = higher load)
  Active IPs:         0
  Worker threads:     14 (lcores 1-14)

[DPDK NIC STATISTICS]
  RX packets (NIC):   678406334
  RX dropped (HW):    [0m0[0m (imissed)
  RX no mbufs:        [0m0[0m (buffer exhaustion)
  RX errors:          0
  Total drops:        [0m0 (0.00%)[0m
  RX burst calls:     195063109118 (99.7% empty)
  Processed pkts:     678406716 (100.0% of NIC RX)


╔═══════════════════════════════════════════════════════════════════════╗
║          MIRA DDoS DETECTOR - STATISTICS (MULTI-CORE)                ║
╚═══════════════════════════════════════════════════════════════════════╝

[PACKET COUNTERS - GLOBAL]
  Total packets:      685389085
  Baseline (10.10.2.x): 0 (0.0%)
  Attack (10.10.3.x): 685389085 (100.0%)
  TCP packets:        0
  UDP packets:        685389085
  ICMP packets:       0

[INSTANTANEOUS TRAFFIC - Last 5.0 seconds]
  Baseline (10.10.2.x): 0 pkts (0.0%)  0 bytes  0.00 Gbps
  Attack (10.10.3.x): 6982301 pkts (100.0%)  2303993439 bytes  3.68 Gbps
  Total throughput:   3.68 Gbps  (avg pkt: 330 bytes)

[CUMULATIVE TRAFFIC - Since first packet (491.2s)]
  Total received:     685389085 pkts (1.40 Mpps) | 3.68 Gbps | 226162873740 bytes

[ATTACK-SPECIFIC COUNTERS]
  SYN packets:        0
  SYN-ACK packets:    0
  SYN/ACK ratio:      0.00
  HTTP requests:      0
  DNS queries:        5661

[PROTOCOL-SPECIFIC COUNTERS - CIC-DDoS-2019 Features]
  NTP Amplification:
    Monlist queries:  1508
    Responses:        0  (avg size: 0 bytes)
  DNS Amplification:
    ANY queries:      0
    TXT queries:      0
    Responses:        4733  (avg size: 316 bytes)
  SNMP Amplification:
    GetBulk requests: 0
    Responses:        0  (avg size: 0 bytes)
  SSDP:
    M-SEARCH packets: 0
    Responses:        10621
  PortMapper:
    GETPORT calls:    10472
    DUMP calls:       0
  NetBIOS:
    Name queries:     11687
    Datagram packets: 10504
  LDAP:
    Bind requests:    0
    Search requests:  10613
  MSSQL:
    SQLBatch packets: 10225
    RPC packets:      0
  TFTP:
    RRQ (read) pkts:  0
    WRQ (write) pkts: 0

[ATTACK DETECTIONS - Cumulative Events]
  UDP flood events:   9412
  UDP-lag events:     12
  SYN flood events:   0
  HTTP flood events:  0
  ICMP flood events:  0
  DNS amp events:     0
  NTP amp events:     0
  SNMP amp events:    0
  SSDP events:        0
  PortMap events:     0
  NetBIOS events:     0
  LDAP events:        0
  MSSQL events:       0
  TFTP events:        0
  ACK flood events:   0
  Frag attack events: 0
  Packet flood events:0
  (Note: Events count IPs exceeding thresholds per 50ms window)

[ALERT STATUS]
  Alert level:        [1;31mHIGH[0m
  Reason:             [1;31mUDP FLOOD detected: 227394028 UDP pps | [0m

[MULTI-LF (2025) COMPARISON]
=== Detection Performance vs ML-Based System ===

  First Detection Latency:   177.75 ms (vs MULTI-LF: 866 ms)
    Improvement:             4.9× faster

  Packets until detection:   0
  Bytes until detection:     0 (0.00 MB)

[OCTOSKETCH METRICS - Optimized Architecture]
=== Per-Worker Sketches + Sampling (1/32 packets) ===

  Architecture:              Per-worker (NO atomics, NO contention)
  Total sketch memory:       5377 KB (14 workers × 384.1 KB)
  Sampling rate:             1 in 32 packets (3.1% overhead)
  Attack traffic sampled:    4205472 updates
  Estimated attack packets:  134575104 (×32 sampling factor)
  Sketch overhead:           ~1.56% of fast-path cycles
  Memory efficiency:         O(1) constant, 384.1 KB per worker

[MULTIPLE DETECTION STATISTICS]
=== Aggregate Detection Analysis ===

  Total detection events:    9412
  Average detection latency: 52.19 ms
  Min detection latency:     50.22 ms
  Max detection latency:     301.73 ms
  Latency range:             251.51 ms

  Detection Latency Histogram:
    < 20 ms:  0 detections (0.0%)
    20-30 ms: 0 detections (0.0%)
    30-40 ms: 0 detections (0.0%)
    40-50 ms: 0 detections (0.0%)
    > 50 ms:  9411 detections (100.0%)

[PERFORMANCE METRICS]
  Throughput:         3.68 Gbps (1.40 Mpps)
  Cycles available:   2142 cycles/pkt (lower = higher load)
  Active IPs:         0
  Worker threads:     14 (lcores 1-14)

[DPDK NIC STATISTICS]
  RX packets (NIC):   685388728
  RX dropped (HW):    [0m0[0m (imissed)
  RX no mbufs:        [0m0[0m (buffer exhaustion)
  RX errors:          0
  Total drops:        [0m0 (0.00%)[0m
  RX burst calls:     196989105570 (99.7% empty)
  Processed pkts:     685389085 (100.0% of NIC RX)


╔═══════════════════════════════════════════════════════════════════════╗
║          MIRA DDoS DETECTOR - STATISTICS (MULTI-CORE)                ║
╚═══════════════════════════════════════════════════════════════════════╝

[PACKET COUNTERS - GLOBAL]
  Total packets:      692370385
  Baseline (10.10.2.x): 0 (0.0%)
  Attack (10.10.3.x): 692370385 (100.0%)
  TCP packets:        0
  UDP packets:        692370385
  ICMP packets:       0

[INSTANTANEOUS TRAFFIC - Last 5.0 seconds]
  Baseline (10.10.2.x): 0 pkts (0.0%)  0 bytes  0.00 Gbps
  Attack (10.10.3.x): 6981223 pkts (100.0%)  2303701505 bytes  3.68 Gbps
  Total throughput:   3.68 Gbps  (avg pkt: 330 bytes)

[CUMULATIVE TRAFFIC - Since first packet (496.2s)]
  Total received:     692370385 pkts (1.40 Mpps) | 3.68 Gbps | 228466598946 bytes

[ATTACK-SPECIFIC COUNTERS]
  SYN packets:        0
  SYN-ACK packets:    0
  SYN/ACK ratio:      0.00
  HTTP requests:      0
  DNS queries:        5709

[PROTOCOL-SPECIFIC COUNTERS - CIC-DDoS-2019 Features]
  NTP Amplification:
    Monlist queries:  1526
    Responses:        0  (avg size: 0 bytes)
  DNS Amplification:
    ANY queries:      0
    TXT queries:      0
    Responses:        4780  (avg size: 316 bytes)
  SNMP Amplification:
    GetBulk requests: 0
    Responses:        0  (avg size: 0 bytes)
  SSDP:
    M-SEARCH packets: 0
    Responses:        10745
  PortMapper:
    GETPORT calls:    10596
    DUMP calls:       0
  NetBIOS:
    Name queries:     11791
    Datagram packets: 10609
  LDAP:
    Bind requests:    0
    Search requests:  10729
  MSSQL:
    SQLBatch packets: 10335
    RPC packets:      0
  TFTP:
    RRQ (read) pkts:  0
    WRQ (write) pkts: 0

[ATTACK DETECTIONS - Cumulative Events]
  UDP flood events:   9508
  UDP-lag events:     12
  SYN flood events:   0
  HTTP flood events:  0
  ICMP flood events:  0
  DNS amp events:     0
  NTP amp events:     0
  SNMP amp events:    0
  SSDP events:        0
  PortMap events:     0
  NetBIOS events:     0
  LDAP events:        0
  MSSQL events:       0
  TFTP events:        0
  ACK flood events:   0
  Frag attack events: 0
  Packet flood events:0
  (Note: Events count IPs exceeding thresholds per 50ms window)

[ALERT STATUS]
  Alert level:        [1;31mHIGH[0m
  Reason:             [1;31mUDP FLOOD detected: 229719580 UDP pps | [0m

[MULTI-LF (2025) COMPARISON]
=== Detection Performance vs ML-Based System ===

  First Detection Latency:   177.75 ms (vs MULTI-LF: 866 ms)
    Improvement:             4.9× faster

  Packets until detection:   0
  Bytes until detection:     0 (0.00 MB)

[OCTOSKETCH METRICS - Optimized Architecture]
=== Per-Worker Sketches + Sampling (1/32 packets) ===

  Architecture:              Per-worker (NO atomics, NO contention)
  Total sketch memory:       5377 KB (14 workers × 384.1 KB)
  Sampling rate:             1 in 32 packets (3.1% overhead)
  Attack traffic sampled:    4205312 updates
  Estimated attack packets:  134569984 (×32 sampling factor)
  Sketch overhead:           ~1.56% of fast-path cycles
  Memory efficiency:         O(1) constant, 384.1 KB per worker

[MULTIPLE DETECTION STATISTICS]
=== Aggregate Detection Analysis ===

  Total detection events:    9508
  Average detection latency: 52.19 ms
  Min detection latency:     50.22 ms
  Max detection latency:     301.73 ms
  Latency range:             251.51 ms

  Detection Latency Histogram:
    < 20 ms:  0 detections (0.0%)
    20-30 ms: 0 detections (0.0%)
    30-40 ms: 0 detections (0.0%)
    40-50 ms: 0 detections (0.0%)
    > 50 ms:  9507 detections (100.0%)

[PERFORMANCE METRICS]
  Throughput:         3.68 Gbps (1.40 Mpps)
  Cycles available:   2143 cycles/pkt (lower = higher load)
  Active IPs:         0
  Worker threads:     14 (lcores 1-14)

[DPDK NIC STATISTICS]
  RX packets (NIC):   692370009
  RX dropped (HW):    [0m0[0m (imissed)
  RX no mbufs:        [0m0[0m (buffer exhaustion)
  RX errors:          0
  Total drops:        [0m0 (0.00%)[0m
  RX burst calls:     198915106656 (99.7% empty)
  Processed pkts:     692370385 (100.0% of NIC RX)


╔═══════════════════════════════════════════════════════════════════════╗
║          MIRA DDoS DETECTOR - STATISTICS (MULTI-CORE)                ║
╚═══════════════════════════════════════════════════════════════════════╝

[PACKET COUNTERS - GLOBAL]
  Total packets:      699350614
  Baseline (10.10.2.x): 0 (0.0%)
  Attack (10.10.3.x): 699350614 (100.0%)
  TCP packets:        0
  UDP packets:        699350614
  ICMP packets:       0

[INSTANTANEOUS TRAFFIC - Last 5.0 seconds]
  Baseline (10.10.2.x): 0 pkts (0.0%)  0 bytes  0.00 Gbps
  Attack (10.10.3.x): 6980169 pkts (100.0%)  2303314995 bytes  3.68 Gbps
  Total throughput:   3.68 Gbps  (avg pkt: 330 bytes)

[CUMULATIVE TRAFFIC - Since first packet (501.2s)]
  Total received:     699350614 pkts (1.40 Mpps) | 3.68 Gbps | 230769934992 bytes

[ATTACK-SPECIFIC COUNTERS]
  SYN packets:        0
  SYN-ACK packets:    0
  SYN/ACK ratio:      0.00
  HTTP requests:      0
  DNS queries:        5774

[PROTOCOL-SPECIFIC COUNTERS - CIC-DDoS-2019 Features]
  NTP Amplification:
    Monlist queries:  1540
    Responses:        0  (avg size: 0 bytes)
  DNS Amplification:
    ANY queries:      0
    TXT queries:      0
    Responses:        4824  (avg size: 316 bytes)
  SNMP Amplification:
    GetBulk requests: 0
    Responses:        0  (avg size: 0 bytes)
  SSDP:
    M-SEARCH packets: 0
    Responses:        10843
  PortMapper:
    GETPORT calls:    10700
    DUMP calls:       0
  NetBIOS:
    Name queries:     11925
    Datagram packets: 10732
  LDAP:
    Bind requests:    0
    Search requests:  10840
  MSSQL:
    SQLBatch packets: 10423
    RPC packets:      0
  TFTP:
    RRQ (read) pkts:  0
    WRQ (write) pkts: 0

[ATTACK DETECTIONS - Cumulative Events]
  UDP flood events:   9605
  UDP-lag events:     12
  SYN flood events:   0
  HTTP flood events:  0
  ICMP flood events:  0
  DNS amp events:     0
  NTP amp events:     0
  SNMP amp events:    0
  SSDP events:        0
  PortMap events:     0
  NetBIOS events:     0
  LDAP events:        0
  MSSQL events:       0
  TFTP events:        0
  ACK flood events:   0
  Frag attack events: 0
  Packet flood events:0
  (Note: Events count IPs exceeding thresholds per 50ms window)

[ALERT STATUS]
  Alert level:        [1;31mHIGH[0m
  Reason:             [1;31mUDP FLOOD detected: 232045758 UDP pps | [0m

[MULTI-LF (2025) COMPARISON]
=== Detection Performance vs ML-Based System ===

  First Detection Latency:   177.75 ms (vs MULTI-LF: 866 ms)
    Improvement:             4.9× faster

  Packets until detection:   0
  Bytes until detection:     0 (0.00 MB)

[OCTOSKETCH METRICS - Optimized Architecture]
=== Per-Worker Sketches + Sampling (1/32 packets) ===

  Architecture:              Per-worker (NO atomics, NO contention)
  Total sketch memory:       5377 KB (14 workers × 384.1 KB)
  Sampling rate:             1 in 32 packets (3.1% overhead)
  Attack traffic sampled:    4204128 updates
  Estimated attack packets:  134532096 (×32 sampling factor)
  Sketch overhead:           ~1.56% of fast-path cycles
  Memory efficiency:         O(1) constant, 384.1 KB per worker

[MULTIPLE DETECTION STATISTICS]
=== Aggregate Detection Analysis ===

  Total detection events:    9605
  Average detection latency: 52.19 ms
  Min detection latency:     50.22 ms
  Max detection latency:     301.73 ms
  Latency range:             251.51 ms

  Detection Latency Histogram:
    < 20 ms:  0 detections (0.0%)
    20-30 ms: 0 detections (0.0%)
    30-40 ms: 0 detections (0.0%)
    40-50 ms: 0 detections (0.0%)
    > 50 ms:  9604 detections (100.0%)

[PERFORMANCE METRICS]
  Throughput:         3.68 Gbps (1.40 Mpps)
  Cycles available:   2143 cycles/pkt (lower = higher load)
  Active IPs:         0
  Worker threads:     14 (lcores 1-14)

[DPDK NIC STATISTICS]
  RX packets (NIC):   699350242
  RX dropped (HW):    [0m0[0m (imissed)
  RX no mbufs:        [0m0[0m (buffer exhaustion)
  RX errors:          0
  Total drops:        [0m0 (0.00%)[0m
  RX burst calls:     200841262641 (99.7% empty)
  Processed pkts:     699350614 (100.0% of NIC RX)


╔═══════════════════════════════════════════════════════════════════════╗
║          MIRA DDoS DETECTOR - STATISTICS (MULTI-CORE)                ║
╚═══════════════════════════════════════════════════════════════════════╝

[PACKET COUNTERS - GLOBAL]
  Total packets:      706331639
  Baseline (10.10.2.x): 0 (0.0%)
  Attack (10.10.3.x): 706331639 (100.0%)
  TCP packets:        0
  UDP packets:        706331639
  ICMP packets:       0

[INSTANTANEOUS TRAFFIC - Last 5.0 seconds]
  Baseline (10.10.2.x): 0 pkts (0.0%)  0 bytes  0.00 Gbps
  Attack (10.10.3.x): 6980959 pkts (100.0%)  2303498864 bytes  3.68 Gbps
  Total throughput:   3.68 Gbps  (avg pkt: 330 bytes)

[CUMULATIVE TRAFFIC - Since first packet (506.3s)]
  Total received:     706331639 pkts (1.40 Mpps) | 3.68 Gbps | 233073456099 bytes

[ATTACK-SPECIFIC COUNTERS]
  SYN packets:        0
  SYN-ACK packets:    0
  SYN/ACK ratio:      0.00
  HTTP requests:      0
  DNS queries:        5829

[PROTOCOL-SPECIFIC COUNTERS - CIC-DDoS-2019 Features]
  NTP Amplification:
    Monlist queries:  1552
    Responses:        0  (avg size: 0 bytes)
  DNS Amplification:
    ANY queries:      0
    TXT queries:      0
    Responses:        4880  (avg size: 316 bytes)
  SNMP Amplification:
    GetBulk requests: 0
    Responses:        0  (avg size: 0 bytes)
  SSDP:
    M-SEARCH packets: 0
    Responses:        10948
  PortMapper:
    GETPORT calls:    10789
    DUMP calls:       0
  NetBIOS:
    Name queries:     12041
    Datagram packets: 10828
  LDAP:
    Bind requests:    0
    Search requests:  10938
  MSSQL:
    SQLBatch packets: 10534
    RPC packets:      0
  TFTP:
    RRQ (read) pkts:  0
    WRQ (write) pkts: 0

[ATTACK DETECTIONS - Cumulative Events]
  UDP flood events:   9701
  UDP-lag events:     12
  SYN flood events:   0
  HTTP flood events:  0
  ICMP flood events:  0
  DNS amp events:     0
  NTP amp events:     0
  SNMP amp events:    0
  SSDP events:        0
  PortMap events:     0
  NetBIOS events:     0
  LDAP events:        0
  MSSQL events:       0
  TFTP events:        0
  ACK flood events:   0
  Frag attack events: 0
  Packet flood events:0
  (Note: Events count IPs exceeding thresholds per 50ms window)

[ALERT STATUS]
  Alert level:        [1;31mHIGH[0m
  Reason:             [1;31mUDP FLOOD detected: 238318132 UDP pps | [0m

[MULTI-LF (2025) COMPARISON]
=== Detection Performance vs ML-Based System ===

  First Detection Latency:   177.75 ms (vs MULTI-LF: 866 ms)
    Improvement:             4.9× faster

  Packets until detection:   0
  Bytes until detection:     0 (0.00 MB)

[OCTOSKETCH METRICS - Optimized Architecture]
=== Per-Worker Sketches + Sampling (1/32 packets) ===

  Architecture:              Per-worker (NO atomics, NO contention)
  Total sketch memory:       5377 KB (14 workers × 384.1 KB)
  Sampling rate:             1 in 32 packets (3.1% overhead)
  Attack traffic sampled:    4134528 updates
  Estimated attack packets:  132304896 (×32 sampling factor)
  Sketch overhead:           ~1.56% of fast-path cycles
  Memory efficiency:         O(1) constant, 384.1 KB per worker

[MULTIPLE DETECTION STATISTICS]
=== Aggregate Detection Analysis ===

  Total detection events:    9701
  Average detection latency: 52.18 ms
  Min detection latency:     50.22 ms
  Max detection latency:     301.73 ms
  Latency range:             251.51 ms

  Detection Latency Histogram:
    < 20 ms:  0 detections (0.0%)
    20-30 ms: 0 detections (0.0%)
    30-40 ms: 0 detections (0.0%)
    40-50 ms: 0 detections (0.0%)
    > 50 ms:  9700 detections (100.0%)

[PERFORMANCE METRICS]
  Throughput:         3.68 Gbps (1.40 Mpps)
  Cycles available:   2143 cycles/pkt (lower = higher load)
  Active IPs:         0
  Worker threads:     14 (lcores 1-14)

[DPDK NIC STATISTICS]
  RX packets (NIC):   706331274
  RX dropped (HW):    [0m0[0m (imissed)
  RX no mbufs:        [0m0[0m (buffer exhaustion)
  RX errors:          0
  Total drops:        [0m0 (0.00%)[0m
  RX burst calls:     202767168787 (99.7% empty)
  Processed pkts:     706331639 (100.0% of NIC RX)


╔═══════════════════════════════════════════════════════════════════════╗
║          MIRA DDoS DETECTOR - STATISTICS (MULTI-CORE)                ║
╚═══════════════════════════════════════════════════════════════════════╝

[PACKET COUNTERS - GLOBAL]
  Total packets:      713310462
  Baseline (10.10.2.x): 0 (0.0%)
  Attack (10.10.3.x): 713310462 (100.0%)
  TCP packets:        0
  UDP packets:        713310462
  ICMP packets:       0

[INSTANTANEOUS TRAFFIC - Last 5.0 seconds]
  Baseline (10.10.2.x): 0 pkts (0.0%)  0 bytes  0.00 Gbps
  Attack (10.10.3.x): 6978750 pkts (100.0%)  2302903095 bytes  3.68 Gbps
  Total throughput:   3.68 Gbps  (avg pkt: 330 bytes)

[CUMULATIVE TRAFFIC - Since first packet (511.3s)]
  Total received:     713310462 pkts (1.40 Mpps) | 3.68 Gbps | 235376381617 bytes

[ATTACK-SPECIFIC COUNTERS]
  SYN packets:        0
  SYN-ACK packets:    0
  SYN/ACK ratio:      0.00
  HTTP requests:      0
  DNS queries:        5884

[PROTOCOL-SPECIFIC COUNTERS - CIC-DDoS-2019 Features]
  NTP Amplification:
    Monlist queries:  1570
    Responses:        0  (avg size: 0 bytes)
  DNS Amplification:
    ANY queries:      0
    TXT queries:      0
    Responses:        4923  (avg size: 316 bytes)
  SNMP Amplification:
    GetBulk requests: 0
    Responses:        0  (avg size: 0 bytes)
  SSDP:
    M-SEARCH packets: 0
    Responses:        11075
  PortMapper:
    GETPORT calls:    10913
    DUMP calls:       0
  NetBIOS:
    Name queries:     12150
    Datagram packets: 10929
  LDAP:
    Bind requests:    0
    Search requests:  11046
  MSSQL:
    SQLBatch packets: 10646
    RPC packets:      0
  TFTP:
    RRQ (read) pkts:  0
    WRQ (write) pkts: 0

[ATTACK DETECTIONS - Cumulative Events]
  UDP flood events:   9798
  UDP-lag events:     12
  SYN flood events:   0
  HTTP flood events:  0
  ICMP flood events:  0
  DNS amp events:     0
  NTP amp events:     0
  SNMP amp events:    0
  SSDP events:        0
  PortMap events:     0
  NetBIOS events:     0
  LDAP events:        0
  MSSQL events:       0
  TFTP events:        0
  ACK flood events:   0
  Frag attack events: 0
  Packet flood events:0
  (Note: Events count IPs exceeding thresholds per 50ms window)

[ALERT STATUS]
  Alert level:        [1;31mHIGH[0m
  Reason:             [1;31mUDP FLOOD detected: 240685591 UDP pps | [0m

[MULTI-LF (2025) COMPARISON]
=== Detection Performance vs ML-Based System ===

  First Detection Latency:   177.75 ms (vs MULTI-LF: 866 ms)
    Improvement:             4.9× faster

  Packets until detection:   0
  Bytes until detection:     0 (0.00 MB)

[OCTOSKETCH METRICS - Optimized Architecture]
=== Per-Worker Sketches + Sampling (1/32 packets) ===

  Architecture:              Per-worker (NO atomics, NO contention)
  Total sketch memory:       5377 KB (14 workers × 384.1 KB)
  Sampling rate:             1 in 32 packets (3.1% overhead)
  Attack traffic sampled:    4133344 updates
  Estimated attack packets:  132267008 (×32 sampling factor)
  Sketch overhead:           ~1.56% of fast-path cycles
  Memory efficiency:         O(1) constant, 384.1 KB per worker

[MULTIPLE DETECTION STATISTICS]
=== Aggregate Detection Analysis ===

  Total detection events:    9798
  Average detection latency: 52.18 ms
  Min detection latency:     50.22 ms
  Max detection latency:     301.73 ms
  Latency range:             251.51 ms

  Detection Latency Histogram:
    < 20 ms:  0 detections (0.0%)
    20-30 ms: 0 detections (0.0%)
    30-40 ms: 0 detections (0.0%)
    40-50 ms: 0 detections (0.0%)
    > 50 ms:  9797 detections (100.0%)

[PERFORMANCE METRICS]
  Throughput:         3.68 Gbps (1.39 Mpps)
  Cycles available:   2144 cycles/pkt (lower = higher load)
  Active IPs:         0
  Worker threads:     14 (lcores 1-14)

[DPDK NIC STATISTICS]
  RX packets (NIC):   713310118
  RX dropped (HW):    [0m0[0m (imissed)
  RX no mbufs:        [0m0[0m (buffer exhaustion)
  RX errors:          0
  Total drops:        [0m0 (0.00%)[0m
  RX burst calls:     204693186444 (99.7% empty)
  Processed pkts:     713310462 (100.0% of NIC RX)


╔═══════════════════════════════════════════════════════════════════════╗
║          MIRA DDoS DETECTOR - STATISTICS (MULTI-CORE)                ║
╚═══════════════════════════════════════════════════════════════════════╝

[PACKET COUNTERS - GLOBAL]
  Total packets:      720289961
  Baseline (10.10.2.x): 0 (0.0%)
  Attack (10.10.3.x): 720289961 (100.0%)
  TCP packets:        0
  UDP packets:        720289961
  ICMP packets:       0

[INSTANTANEOUS TRAFFIC - Last 5.0 seconds]
  Baseline (10.10.2.x): 0 pkts (0.0%)  0 bytes  0.00 Gbps
  Attack (10.10.3.x): 6979435 pkts (100.0%)  2303106787 bytes  3.68 Gbps
  Total throughput:   3.68 Gbps  (avg pkt: 330 bytes)

[CUMULATIVE TRAFFIC - Since first packet (516.3s)]
  Total received:     720289961 pkts (1.40 Mpps) | 3.68 Gbps | 237679510646 bytes

[ATTACK-SPECIFIC COUNTERS]
  SYN packets:        0
  SYN-ACK packets:    0
  SYN/ACK ratio:      0.00
  HTTP requests:      0
  DNS queries:        5943

[PROTOCOL-SPECIFIC COUNTERS - CIC-DDoS-2019 Features]
  NTP Amplification:
    Monlist queries:  1585
    Responses:        0  (avg size: 0 bytes)
  DNS Amplification:
    ANY queries:      0
    TXT queries:      0
    Responses:        4972  (avg size: 316 bytes)
  SNMP Amplification:
    GetBulk requests: 0
    Responses:        0  (avg size: 0 bytes)
  SSDP:
    M-SEARCH packets: 0
    Responses:        11164
  PortMapper:
    GETPORT calls:    11017
    DUMP calls:       0
  NetBIOS:
    Name queries:     12278
    Datagram packets: 11056
  LDAP:
    Bind requests:    0
    Search requests:  11165
  MSSQL:
    SQLBatch packets: 10735
    RPC packets:      0
  TFTP:
    RRQ (read) pkts:  0
    WRQ (write) pkts: 0

[ATTACK DETECTIONS - Cumulative Events]
  UDP flood events:   9894
  UDP-lag events:     12
  SYN flood events:   0
  HTTP flood events:  0
  ICMP flood events:  0
  DNS amp events:     0
  NTP amp events:     0
  SNMP amp events:    0
  SSDP events:        0
  PortMap events:     0
  NetBIOS events:     0
  LDAP events:        0
  MSSQL events:       0
  TFTP events:        0
  ACK flood events:   0
  Frag attack events: 0
  Packet flood events:0
  (Note: Events count IPs exceeding thresholds per 50ms window)

[ALERT STATUS]
  Alert level:        [1;31mHIGH[0m
  Reason:             [1;31mUDP FLOOD detected: 247214235 UDP pps | [0m

[MULTI-LF (2025) COMPARISON]
=== Detection Performance vs ML-Based System ===

  First Detection Latency:   177.75 ms (vs MULTI-LF: 866 ms)
    Improvement:             4.9× faster

  Packets until detection:   0
  Bytes until detection:     0 (0.00 MB)

[OCTOSKETCH METRICS - Optimized Architecture]
=== Per-Worker Sketches + Sampling (1/32 packets) ===

  Architecture:              Per-worker (NO atomics, NO contention)
  Total sketch memory:       5377 KB (14 workers × 384.1 KB)
  Sampling rate:             1 in 32 packets (3.1% overhead)
  Attack traffic sampled:    4062016 updates
  Estimated attack packets:  129984512 (×32 sampling factor)
  Sketch overhead:           ~1.56% of fast-path cycles
  Memory efficiency:         O(1) constant, 384.1 KB per worker

[MULTIPLE DETECTION STATISTICS]
=== Aggregate Detection Analysis ===

  Total detection events:    9894
  Average detection latency: 52.17 ms
  Min detection latency:     50.22 ms
  Max detection latency:     301.73 ms
  Latency range:             251.51 ms

  Detection Latency Histogram:
    < 20 ms:  0 detections (0.0%)
    20-30 ms: 0 detections (0.0%)
    30-40 ms: 0 detections (0.0%)
    40-50 ms: 0 detections (0.0%)
    > 50 ms:  9893 detections (100.0%)

[PERFORMANCE METRICS]
  Throughput:         3.68 Gbps (1.40 Mpps)
  Cycles available:   2143 cycles/pkt (lower = higher load)
  Active IPs:         0
  Worker threads:     14 (lcores 1-14)

[DPDK NIC STATISTICS]
  RX packets (NIC):   720289584
  RX dropped (HW):    [0m0[0m (imissed)
  RX no mbufs:        [0m0[0m (buffer exhaustion)
  RX errors:          0
  Total drops:        [0m0 (0.00%)[0m
  RX burst calls:     206619073494 (99.7% empty)
  Processed pkts:     720289961 (100.0% of NIC RX)


╔═══════════════════════════════════════════════════════════════════════╗
║          MIRA DDoS DETECTOR - STATISTICS (MULTI-CORE)                ║
╚═══════════════════════════════════════════════════════════════════════╝

[PACKET COUNTERS - GLOBAL]
  Total packets:      727271542
  Baseline (10.10.2.x): 0 (0.0%)
  Attack (10.10.3.x): 727271542 (100.0%)
  TCP packets:        0
  UDP packets:        727271542
  ICMP packets:       0

[INSTANTANEOUS TRAFFIC - Last 5.0 seconds]
  Baseline (10.10.2.x): 0 pkts (0.0%)  0 bytes  0.00 Gbps
  Attack (10.10.3.x): 6981513 pkts (100.0%)  2469576833 bytes  3.95 Gbps
  Total throughput:   3.95 Gbps  (avg pkt: 354 bytes)

[CUMULATIVE TRAFFIC - Since first packet (521.3s)]
  Total received:     727271542 pkts (1.40 Mpps) | 3.68 Gbps | 239983010441 bytes

[ATTACK-SPECIFIC COUNTERS]
  SYN packets:        0
  SYN-ACK packets:    0
  SYN/ACK ratio:      0.00
  HTTP requests:      0
  DNS queries:        6002

[PROTOCOL-SPECIFIC COUNTERS - CIC-DDoS-2019 Features]
  NTP Amplification:
    Monlist queries:  1598
    Responses:        0  (avg size: 0 bytes)
  DNS Amplification:
    ANY queries:      0
    TXT queries:      0
    Responses:        5026  (avg size: 316 bytes)
  SNMP Amplification:
    GetBulk requests: 0
    Responses:        0  (avg size: 0 bytes)
  SSDP:
    M-SEARCH packets: 0
    Responses:        11271
  PortMapper:
    GETPORT calls:    11107
    DUMP calls:       0
  NetBIOS:
    Name queries:     12399
    Datagram packets: 11153
  LDAP:
    Bind requests:    0
    Search requests:  11268
  MSSQL:
    SQLBatch packets: 10848
    RPC packets:      0
  TFTP:
    RRQ (read) pkts:  0
    WRQ (write) pkts: 0

[ATTACK DETECTIONS - Cumulative Events]
  UDP flood events:   9991
  UDP-lag events:     14
  SYN flood events:   0
  HTTP flood events:  0
  ICMP flood events:  0
  DNS amp events:     0
  NTP amp events:     0
  SNMP amp events:    0
  SSDP events:        0
  PortMap events:     0
  NetBIOS events:     0
  LDAP events:        0
  MSSQL events:       0
  TFTP events:        0
  ACK flood events:   0
  Frag attack events: 0
  Packet flood events:0
  (Note: Events count IPs exceeding thresholds per 50ms window)

[ALERT STATUS]
  Alert level:        [1;31mHIGH[0m
  Reason:             [1;31mUDP FLOOD detected: 249620825 UDP pps | [0m

[MULTI-LF (2025) COMPARISON]
=== Detection Performance vs ML-Based System ===

  First Detection Latency:   177.75 ms (vs MULTI-LF: 866 ms)
    Improvement:             4.9× faster

  Packets until detection:   0
  Bytes until detection:     0 (0.00 MB)

[OCTOSKETCH METRICS - Optimized Architecture]
=== Per-Worker Sketches + Sampling (1/32 packets) ===

  Architecture:              Per-worker (NO atomics, NO contention)
  Total sketch memory:       5377 KB (14 workers × 384.1 KB)
  Sampling rate:             1 in 32 packets (3.1% overhead)
  Attack traffic sampled:    4063936 updates
  Estimated attack packets:  130045952 (×32 sampling factor)
  Sketch overhead:           ~1.56% of fast-path cycles
  Memory efficiency:         O(1) constant, 384.1 KB per worker

[MULTIPLE DETECTION STATISTICS]
=== Aggregate Detection Analysis ===

  Total detection events:    9991
  Average detection latency: 52.17 ms
  Min detection latency:     50.22 ms
  Max detection latency:     301.73 ms
  Latency range:             251.51 ms

  Detection Latency Histogram:
    < 20 ms:  0 detections (0.0%)
    20-30 ms: 0 detections (0.0%)
    30-40 ms: 0 detections (0.0%)
    40-50 ms: 0 detections (0.0%)
    > 50 ms:  9990 detections (100.0%)

[PERFORMANCE METRICS]
  Throughput:         3.95 Gbps (1.40 Mpps)
  Cycles available:   2143 cycles/pkt (lower = higher load)
  Active IPs:         0
  Worker threads:     14 (lcores 1-14)

[DPDK NIC STATISTICS]
  RX packets (NIC):   727271221
  RX dropped (HW):    [0m0[0m (imissed)
  RX no mbufs:        [0m0[0m (buffer exhaustion)
  RX errors:          0
  Total drops:        [0m0 (0.00%)[0m
  RX burst calls:     208544704072 (99.7% empty)
  Processed pkts:     727271542 (100.0% of NIC RX)


╔═══════════════════════════════════════════════════════════════════════╗
║          MIRA DDoS DETECTOR - STATISTICS (MULTI-CORE)                ║
╚═══════════════════════════════════════════════════════════════════════╝

[PACKET COUNTERS - GLOBAL]
  Total packets:      734252642
  Baseline (10.10.2.x): 0 (0.0%)
  Attack (10.10.3.x): 734252642 (100.0%)
  TCP packets:        0
  UDP packets:        734252642
  ICMP packets:       0

[INSTANTANEOUS TRAFFIC - Last 5.0 seconds]
  Baseline (10.10.2.x): 0 pkts (0.0%)  0 bytes  0.00 Gbps
  Attack (10.10.3.x): 6981020 pkts (100.0%)  2303643068 bytes  3.68 Gbps
  Total throughput:   3.68 Gbps  (avg pkt: 330 bytes)

[CUMULATIVE TRAFFIC - Since first packet (526.3s)]
  Total received:     734252642 pkts (1.40 Mpps) | 3.68 Gbps | 242286679913 bytes

[ATTACK-SPECIFIC COUNTERS]
  SYN packets:        0
  SYN-ACK packets:    0
  SYN/ACK ratio:      0.00
  HTTP requests:      0
  DNS queries:        6061

[PROTOCOL-SPECIFIC COUNTERS - CIC-DDoS-2019 Features]
  NTP Amplification:
    Monlist queries:  1617
    Responses:        0  (avg size: 0 bytes)
  DNS Amplification:
    ANY queries:      0
    TXT queries:      0
    Responses:        5064  (avg size: 316 bytes)
  SNMP Amplification:
    GetBulk requests: 0
    Responses:        0  (avg size: 0 bytes)
  SSDP:
    M-SEARCH packets: 0
    Responses:        11396
  PortMapper:
    GETPORT calls:    11227
    DUMP calls:       0
  NetBIOS:
    Name queries:     12508
    Datagram packets: 11253
  LDAP:
    Bind requests:    0
    Search requests:  11369
  MSSQL:
    SQLBatch packets: 10959
    RPC packets:      0
  TFTP:
    RRQ (read) pkts:  0
    WRQ (write) pkts: 0

[ATTACK DETECTIONS - Cumulative Events]
  UDP flood events:   10088
  UDP-lag events:     14
  SYN flood events:   0
  HTTP flood events:  0
  ICMP flood events:  0
  DNS amp events:     0
  NTP amp events:     0
  SNMP amp events:    0
  SSDP events:        0
  PortMap events:     0
  NetBIOS events:     0
  LDAP events:        0
  MSSQL events:       0
  TFTP events:        0
  ACK flood events:   0
  Frag attack events: 0
  Packet flood events:0
  (Note: Events count IPs exceeding thresholds per 50ms window)

[ALERT STATUS]
  Alert level:        [1;31mHIGH[0m
  Reason:             [1;31mUDP FLOOD detected: 252026077 UDP pps | [0m

[MULTI-LF (2025) COMPARISON]
=== Detection Performance vs ML-Based System ===

  First Detection Latency:   177.75 ms (vs MULTI-LF: 866 ms)
    Improvement:             4.9× faster

  Packets until detection:   0
  Bytes until detection:     0 (0.00 MB)

[OCTOSKETCH METRICS - Optimized Architecture]
=== Per-Worker Sketches + Sampling (1/32 packets) ===

  Architecture:              Per-worker (NO atomics, NO contention)
  Total sketch memory:       5377 KB (14 workers × 384.1 KB)
  Sampling rate:             1 in 32 packets (3.1% overhead)
  Attack traffic sampled:    4063488 updates
  Estimated attack packets:  130031616 (×32 sampling factor)
  Sketch overhead:           ~1.56% of fast-path cycles
  Memory efficiency:         O(1) constant, 384.1 KB per worker

[MULTIPLE DETECTION STATISTICS]
=== Aggregate Detection Analysis ===

  Total detection events:    10088
  Average detection latency: 52.17 ms
  Min detection latency:     50.22 ms
  Max detection latency:     301.73 ms
  Latency range:             251.51 ms

  Detection Latency Histogram:
    < 20 ms:  0 detections (0.0%)
    20-30 ms: 0 detections (0.0%)
    30-40 ms: 0 detections (0.0%)
    40-50 ms: 0 detections (0.0%)
    > 50 ms:  10087 detections (100.0%)

[PERFORMANCE METRICS]
  Throughput:         3.68 Gbps (1.40 Mpps)
  Cycles available:   2143 cycles/pkt (lower = higher load)
  Active IPs:         0
  Worker threads:     14 (lcores 1-14)

[DPDK NIC STATISTICS]
  RX packets (NIC):   734252318
  RX dropped (HW):    [0m0[0m (imissed)
  RX no mbufs:        [0m0[0m (buffer exhaustion)
  RX errors:          0
  Total drops:        [0m0 (0.00%)[0m
  RX burst calls:     210470586268 (99.7% empty)
  Processed pkts:     734252642 (100.0% of NIC RX)


╔═══════════════════════════════════════════════════════════════════════╗
║          MIRA DDoS DETECTOR - STATISTICS (MULTI-CORE)                ║
╚═══════════════════════════════════════════════════════════════════════╝

[PACKET COUNTERS - GLOBAL]
  Total packets:      741234121
  Baseline (10.10.2.x): 0 (0.0%)
  Attack (10.10.3.x): 741234121 (100.0%)
  TCP packets:        0
  UDP packets:        741234121
  ICMP packets:       0

[INSTANTANEOUS TRAFFIC - Last 5.0 seconds]
  Baseline (10.10.2.x): 0 pkts (0.0%)  0 bytes  0.00 Gbps
  Attack (10.10.3.x): 6981408 pkts (100.0%)  2303737280 bytes  3.68 Gbps
  Total throughput:   3.68 Gbps  (avg pkt: 330 bytes)

[CUMULATIVE TRAFFIC - Since first packet (531.3s)]
  Total received:     741234121 pkts (1.40 Mpps) | 3.68 Gbps | 244590440782 bytes

[ATTACK-SPECIFIC COUNTERS]
  SYN packets:        0
  SYN-ACK packets:    0
  SYN/ACK ratio:      0.00
  HTTP requests:      0
  DNS queries:        6124

[PROTOCOL-SPECIFIC COUNTERS - CIC-DDoS-2019 Features]
  NTP Amplification:
    Monlist queries:  1632
    Responses:        0  (avg size: 0 bytes)
  DNS Amplification:
    ANY queries:      0
    TXT queries:      0
    Responses:        5115  (avg size: 316 bytes)
  SNMP Amplification:
    GetBulk requests: 0
    Responses:        0  (avg size: 0 bytes)
  SSDP:
    M-SEARCH packets: 0
    Responses:        11484
  PortMapper:
    GETPORT calls:    11331
    DUMP calls:       0
  NetBIOS:
    Name queries:     12635
    Datagram packets: 11377
  LDAP:
    Bind requests:    0
    Search requests:  11489
  MSSQL:
    SQLBatch packets: 11051
    RPC packets:      0
  TFTP:
    RRQ (read) pkts:  0
    WRQ (write) pkts: 0

[ATTACK DETECTIONS - Cumulative Events]
  UDP flood events:   10184
  UDP-lag events:     14
  SYN flood events:   0
  HTTP flood events:  0
  ICMP flood events:  0
  DNS amp events:     0
  NTP amp events:     0
  SNMP amp events:    0
  SSDP events:        0
  PortMap events:     0
  NetBIOS events:     0
  LDAP events:        0
  MSSQL events:       0
  TFTP events:        0
  ACK flood events:   0
  Frag attack events: 0
  Packet flood events:0
  (Note: Events count IPs exceeding thresholds per 50ms window)

[ALERT STATUS]
  Alert level:        [1;31mHIGH[0m
  Reason:             [1;31mUDP FLOOD detected: 258869364 UDP pps | [0m

[MULTI-LF (2025) COMPARISON]
=== Detection Performance vs ML-Based System ===

  First Detection Latency:   177.75 ms (vs MULTI-LF: 866 ms)
    Improvement:             4.9× faster

  Packets until detection:   0
  Bytes until detection:     0 (0.00 MB)

[OCTOSKETCH METRICS - Optimized Architecture]
=== Per-Worker Sketches + Sampling (1/32 packets) ===

  Architecture:              Per-worker (NO atomics, NO contention)
  Total sketch memory:       5377 KB (14 workers × 384.1 KB)
  Sampling rate:             1 in 32 packets (3.1% overhead)
  Attack traffic sampled:    3994336 updates
  Estimated attack packets:  127818752 (×32 sampling factor)
  Sketch overhead:           ~1.56% of fast-path cycles
  Memory efficiency:         O(1) constant, 384.1 KB per worker

[MULTIPLE DETECTION STATISTICS]
=== Aggregate Detection Analysis ===

  Total detection events:    10184
  Average detection latency: 52.16 ms
  Min detection latency:     50.22 ms
  Max detection latency:     301.73 ms
  Latency range:             251.51 ms

  Detection Latency Histogram:
    < 20 ms:  0 detections (0.0%)
    20-30 ms: 0 detections (0.0%)
    30-40 ms: 0 detections (0.0%)
    40-50 ms: 0 detections (0.0%)
    > 50 ms:  10183 detections (100.0%)

[PERFORMANCE METRICS]
  Throughput:         3.68 Gbps (1.40 Mpps)
  Cycles available:   2143 cycles/pkt (lower = higher load)
  Active IPs:         0
  Worker threads:     14 (lcores 1-14)

[DPDK NIC STATISTICS]
  RX packets (NIC):   741233781
  RX dropped (HW):    [0m0[0m (imissed)
  RX no mbufs:        [0m0[0m (buffer exhaustion)
  RX errors:          0
  Total drops:        [0m0 (0.00%)[0m
  RX burst calls:     212396408854 (99.7% empty)
  Processed pkts:     741234121 (100.0% of NIC RX)


╔═══════════════════════════════════════════════════════════════════════╗
║          MIRA DDoS DETECTOR - STATISTICS (MULTI-CORE)                ║
╚═══════════════════════════════════════════════════════════════════════╝

[PACKET COUNTERS - GLOBAL]
  Total packets:      748215049
  Baseline (10.10.2.x): 0 (0.0%)
  Attack (10.10.3.x): 748215049 (100.0%)
  TCP packets:        0
  UDP packets:        748215049
  ICMP packets:       0

[INSTANTANEOUS TRAFFIC - Last 5.0 seconds]
  Baseline (10.10.2.x): 0 pkts (0.0%)  0 bytes  0.00 Gbps
  Attack (10.10.3.x): 6980856 pkts (100.0%)  2303266482 bytes  3.68 Gbps
  Total throughput:   3.68 Gbps  (avg pkt: 330 bytes)

[CUMULATIVE TRAFFIC - Since first packet (536.3s)]
  Total received:     748215049 pkts (1.40 Mpps) | 3.68 Gbps | 246893729567 bytes

[ATTACK-SPECIFIC COUNTERS]
  SYN packets:        0
  SYN-ACK packets:    0
  SYN/ACK ratio:      0.00
  HTTP requests:      0
  DNS queries:        6173

[PROTOCOL-SPECIFIC COUNTERS - CIC-DDoS-2019 Features]
  NTP Amplification:
    Monlist queries:  1644
    Responses:        0  (avg size: 0 bytes)
  DNS Amplification:
    ANY queries:      0
    TXT queries:      0
    Responses:        5172  (avg size: 316 bytes)
  SNMP Amplification:
    GetBulk requests: 0
    Responses:        0  (avg size: 0 bytes)
  SSDP:
    M-SEARCH packets: 0
    Responses:        11600
  PortMapper:
    GETPORT calls:    11431
    DUMP calls:       0
  NetBIOS:
    Name queries:     12751
    Datagram packets: 11472
  LDAP:
    Bind requests:    0
    Search requests:  11595
  MSSQL:
    SQLBatch packets: 11160
    RPC packets:      0
  TFTP:
    RRQ (read) pkts:  0
    WRQ (write) pkts: 0

[ATTACK DETECTIONS - Cumulative Events]
  UDP flood events:   10281
  UDP-lag events:     14
  SYN flood events:   0
  HTTP flood events:  0
  ICMP flood events:  0
  DNS amp events:     0
  NTP amp events:     0
  SNMP amp events:    0
  SSDP events:        0
  PortMap events:     0
  NetBIOS events:     0
  LDAP events:        0
  MSSQL events:       0
  TFTP events:        0
  ACK flood events:   0
  Frag attack events: 0
  Packet flood events:0
  (Note: Events count IPs exceeding thresholds per 50ms window)

[ALERT STATUS]
  Alert level:        [1;31mHIGH[0m
  Reason:             [1;31mUDP FLOOD detected: 261318442 UDP pps | [0m

[MULTI-LF (2025) COMPARISON]
=== Detection Performance vs ML-Based System ===

  First Detection Latency:   177.75 ms (vs MULTI-LF: 866 ms)
    Improvement:             4.9× faster

  Packets until detection:   0
  Bytes until detection:     0 (0.00 MB)

[OCTOSKETCH METRICS - Optimized Architecture]
=== Per-Worker Sketches + Sampling (1/32 packets) ===

  Architecture:              Per-worker (NO atomics, NO contention)
  Total sketch memory:       5377 KB (14 workers × 384.1 KB)
  Sampling rate:             1 in 32 packets (3.1% overhead)
  Attack traffic sampled:    3994560 updates
  Estimated attack packets:  127825920 (×32 sampling factor)
  Sketch overhead:           ~1.56% of fast-path cycles
  Memory efficiency:         O(1) constant, 384.1 KB per worker

[MULTIPLE DETECTION STATISTICS]
=== Aggregate Detection Analysis ===

  Total detection events:    10281
  Average detection latency: 52.16 ms
  Min detection latency:     50.22 ms
  Max detection latency:     301.73 ms
  Latency range:             251.51 ms

  Detection Latency Histogram:
    < 20 ms:  0 detections (0.0%)
    20-30 ms: 0 detections (0.0%)
    30-40 ms: 0 detections (0.0%)
    40-50 ms: 0 detections (0.0%)
    > 50 ms:  10280 detections (100.0%)

[PERFORMANCE METRICS]
  Throughput:         3.68 Gbps (1.40 Mpps)
  Cycles available:   2143 cycles/pkt (lower = higher load)
  Active IPs:         0
  Worker threads:     14 (lcores 1-14)

[DPDK NIC STATISTICS]
  RX packets (NIC):   748214700
  RX dropped (HW):    [0m0[0m (imissed)
  RX no mbufs:        [0m0[0m (buffer exhaustion)
  RX errors:          0
  Total drops:        [0m0 (0.00%)[0m
  RX burst calls:     214322321534 (99.7% empty)
  Processed pkts:     748215049 (100.0% of NIC RX)


╔═══════════════════════════════════════════════════════════════════════╗
║          MIRA DDoS DETECTOR - STATISTICS (MULTI-CORE)                ║
╚═══════════════════════════════════════════════════════════════════════╝

[PACKET COUNTERS - GLOBAL]
  Total packets:      755195302
  Baseline (10.10.2.x): 0 (0.0%)
  Attack (10.10.3.x): 755195302 (100.0%)
  TCP packets:        0
  UDP packets:        755195302
  ICMP packets:       0

[INSTANTANEOUS TRAFFIC - Last 5.0 seconds]
  Baseline (10.10.2.x): 0 pkts (0.0%)  0 bytes  0.00 Gbps
  Attack (10.10.3.x): 6980176 pkts (100.0%)  2303554872 bytes  3.68 Gbps
  Total throughput:   3.68 Gbps  (avg pkt: 330 bytes)

[CUMULATIVE TRAFFIC - Since first packet (541.3s)]
  Total received:     755195302 pkts (1.40 Mpps) | 3.68 Gbps | 249197309580 bytes

[ATTACK-SPECIFIC COUNTERS]
  SYN packets:        0
  SYN-ACK packets:    0
  SYN/ACK ratio:      0.00
  HTTP requests:      0
  DNS queries:        6234

[PROTOCOL-SPECIFIC COUNTERS - CIC-DDoS-2019 Features]
  NTP Amplification:
    Monlist queries:  1663
    Responses:        0  (avg size: 0 bytes)
  DNS Amplification:
    ANY queries:      0
    TXT queries:      0
    Responses:        5209  (avg size: 316 bytes)
  SNMP Amplification:
    GetBulk requests: 0
    Responses:        0  (avg size: 0 bytes)
  SSDP:
    M-SEARCH packets: 0
    Responses:        11721
  PortMapper:
    GETPORT calls:    11550
    DUMP calls:       0
  NetBIOS:
    Name queries:     12867
    Datagram packets: 11570
  LDAP:
    Bind requests:    0
    Search requests:  11700
  MSSQL:
    SQLBatch packets: 11270
    RPC packets:      0
  TFTP:
    RRQ (read) pkts:  0
    WRQ (write) pkts: 0

[ATTACK DETECTIONS - Cumulative Events]
  UDP flood events:   10377
  UDP-lag events:     14
  SYN flood events:   0
  HTTP flood events:  0
  ICMP flood events:  0
  DNS amp events:     0
  NTP amp events:     0
  SNMP amp events:    0
  SSDP events:        0
  PortMap events:     0
  NetBIOS events:     0
  LDAP events:        0
  MSSQL events:       0
  TFTP events:        0
  ACK flood events:   0
  Frag attack events: 0
  Packet flood events:0
  (Note: Events count IPs exceeding thresholds per 50ms window)

[ALERT STATUS]
  Alert level:        [1;31mHIGH[0m
  Reason:             [1;31mUDP FLOOD detected: 268452349 UDP pps | [0m

[MULTI-LF (2025) COMPARISON]
=== Detection Performance vs ML-Based System ===

  First Detection Latency:   177.75 ms (vs MULTI-LF: 866 ms)
    Improvement:             4.9× faster

  Packets until detection:   0
  Bytes until detection:     0 (0.00 MB)

[OCTOSKETCH METRICS - Optimized Architecture]
=== Per-Worker Sketches + Sampling (1/32 packets) ===

  Architecture:              Per-worker (NO atomics, NO contention)
  Total sketch memory:       5377 KB (14 workers × 384.1 KB)
  Sampling rate:             1 in 32 packets (3.1% overhead)
  Attack traffic sampled:    3923264 updates
  Estimated attack packets:  125544448 (×32 sampling factor)
  Sketch overhead:           ~1.56% of fast-path cycles
  Memory efficiency:         O(1) constant, 384.1 KB per worker

[MULTIPLE DETECTION STATISTICS]
=== Aggregate Detection Analysis ===

  Total detection events:    10377
  Average detection latency: 52.16 ms
  Min detection latency:     50.22 ms
  Max detection latency:     301.73 ms
  Latency range:             251.51 ms

  Detection Latency Histogram:
    < 20 ms:  0 detections (0.0%)
    20-30 ms: 0 detections (0.0%)
    30-40 ms: 0 detections (0.0%)
    40-50 ms: 0 detections (0.0%)
    > 50 ms:  10376 detections (100.0%)

[PERFORMANCE METRICS]
  Throughput:         3.68 Gbps (1.40 Mpps)
  Cycles available:   2143 cycles/pkt (lower = higher load)
  Active IPs:         0
  Worker threads:     14 (lcores 1-14)

[DPDK NIC STATISTICS]
  RX packets (NIC):   755194957
  RX dropped (HW):    [0m0[0m (imissed)
  RX no mbufs:        [0m0[0m (buffer exhaustion)
  RX errors:          0
  Total drops:        [0m0 (0.00%)[0m
  RX burst calls:     216248197524 (99.7% empty)
  Processed pkts:     755195302 (100.0% of NIC RX)


╔═══════════════════════════════════════════════════════════════════════╗
║          MIRA DDoS DETECTOR - STATISTICS (MULTI-CORE)                ║
╚═══════════════════════════════════════════════════════════════════════╝

[PACKET COUNTERS - GLOBAL]
  Total packets:      762176899
  Baseline (10.10.2.x): 0 (0.0%)
  Attack (10.10.3.x): 762176899 (100.0%)
  TCP packets:        0
  UDP packets:        762176899
  ICMP packets:       0

[INSTANTANEOUS TRAFFIC - Last 5.0 seconds]
  Baseline (10.10.2.x): 0 pkts (0.0%)  0 bytes  0.00 Gbps
  Attack (10.10.3.x): 6981527 pkts (100.0%)  2303966187 bytes  3.68 Gbps
  Total throughput:   3.68 Gbps  (avg pkt: 330 bytes)

[CUMULATIVE TRAFFIC - Since first packet (546.3s)]
  Total received:     762176899 pkts (1.40 Mpps) | 3.68 Gbps | 251501298779 bytes

[ATTACK-SPECIFIC COUNTERS]
  SYN packets:        0
  SYN-ACK packets:    0
  SYN/ACK ratio:      0.00
  HTTP requests:      0
  DNS queries:        6297

[PROTOCOL-SPECIFIC COUNTERS - CIC-DDoS-2019 Features]
  NTP Amplification:
    Monlist queries:  1678
    Responses:        0  (avg size: 0 bytes)
  DNS Amplification:
    ANY queries:      0
    TXT queries:      0
    Responses:        5262  (avg size: 316 bytes)
  SNMP Amplification:
    GetBulk requests: 0
    Responses:        0  (avg size: 0 bytes)
  SSDP:
    M-SEARCH packets: 0
    Responses:        11804
  PortMapper:
    GETPORT calls:    11648
    DUMP calls:       0
  NetBIOS:
    Name queries:     12987
    Datagram packets: 11692
  LDAP:
    Bind requests:    0
    Search requests:  11810
  MSSQL:
    SQLBatch packets: 11364
    RPC packets:      0
  TFTP:
    RRQ (read) pkts:  0
    WRQ (write) pkts: 0

[ATTACK DETECTIONS - Cumulative Events]
  UDP flood events:   10474
  UDP-lag events:     14
  SYN flood events:   0
  HTTP flood events:  0
  ICMP flood events:  0
  DNS amp events:     0
  NTP amp events:     0
  SNMP amp events:    0
  SSDP events:        0
  PortMap events:     0
  NetBIOS events:     0
  LDAP events:        0
  MSSQL events:       0
  TFTP events:        0
  ACK flood events:   0
  Frag attack events: 0
  Packet flood events:0
  (Note: Events count IPs exceeding thresholds per 50ms window)

[ALERT STATUS]
  Alert level:        [1;31mHIGH[0m
  Reason:             [1;31mUDP FLOOD detected: 270939378 UDP pps | [0m

[MULTI-LF (2025) COMPARISON]
=== Detection Performance vs ML-Based System ===

  First Detection Latency:   177.75 ms (vs MULTI-LF: 866 ms)
    Improvement:             4.9× faster

  Packets until detection:   0
  Bytes until detection:     0 (0.00 MB)

[OCTOSKETCH METRICS - Optimized Architecture]
=== Per-Worker Sketches + Sampling (1/32 packets) ===

  Architecture:              Per-worker (NO atomics, NO contention)
  Total sketch memory:       5377 KB (14 workers × 384.1 KB)
  Sampling rate:             1 in 32 packets (3.1% overhead)
  Attack traffic sampled:    3925472 updates
  Estimated attack packets:  125615104 (×32 sampling factor)
  Sketch overhead:           ~1.56% of fast-path cycles
  Memory efficiency:         O(1) constant, 384.1 KB per worker

[MULTIPLE DETECTION STATISTICS]
=== Aggregate Detection Analysis ===

  Total detection events:    10474
  Average detection latency: 52.15 ms
  Min detection latency:     50.22 ms
  Max detection latency:     301.73 ms
  Latency range:             251.51 ms

  Detection Latency Histogram:
    < 20 ms:  0 detections (0.0%)
    20-30 ms: 0 detections (0.0%)
    30-40 ms: 0 detections (0.0%)
    40-50 ms: 0 detections (0.0%)
    > 50 ms:  10473 detections (100.0%)

[PERFORMANCE METRICS]
  Throughput:         3.68 Gbps (1.40 Mpps)
  Cycles available:   2143 cycles/pkt (lower = higher load)
  Active IPs:         0
  Worker threads:     14 (lcores 1-14)

[DPDK NIC STATISTICS]
  RX packets (NIC):   762176536
  RX dropped (HW):    [0m0[0m (imissed)
  RX no mbufs:        [0m0[0m (buffer exhaustion)
  RX errors:          0
  Total drops:        [0m0 (0.00%)[0m
  RX burst calls:     218174095138 (99.7% empty)
  Processed pkts:     762176899 (100.0% of NIC RX)


╔═══════════════════════════════════════════════════════════════════════╗
║          MIRA DDoS DETECTOR - STATISTICS (MULTI-CORE)                ║
╚═══════════════════════════════════════════════════════════════════════╝

[PACKET COUNTERS - GLOBAL]
  Total packets:      769157100
  Baseline (10.10.2.x): 0 (0.0%)
  Attack (10.10.3.x): 769157100 (100.0%)
  TCP packets:        0
  UDP packets:        769157100
  ICMP packets:       0

[INSTANTANEOUS TRAFFIC - Last 5.0 seconds]
  Baseline (10.10.2.x): 0 pkts (0.0%)  0 bytes  0.00 Gbps
  Attack (10.10.3.x): 6980129 pkts (100.0%)  2302937667 bytes  3.68 Gbps
  Total throughput:   3.68 Gbps  (avg pkt: 330 bytes)

[CUMULATIVE TRAFFIC - Since first packet (551.3s)]
  Total received:     769157100 pkts (1.40 Mpps) | 3.68 Gbps | 253804258454 bytes

[ATTACK-SPECIFIC COUNTERS]
  SYN packets:        0
  SYN-ACK packets:    0
  SYN/ACK ratio:      0.00
  HTTP requests:      0
  DNS queries:        6349

[PROTOCOL-SPECIFIC COUNTERS - CIC-DDoS-2019 Features]
  NTP Amplification:
    Monlist queries:  1693
    Responses:        0  (avg size: 0 bytes)
  DNS Amplification:
    ANY queries:      0
    TXT queries:      0
    Responses:        5319  (avg size: 316 bytes)
  SNMP Amplification:
    GetBulk requests: 0
    Responses:        0  (avg size: 0 bytes)
  SSDP:
    M-SEARCH packets: 0
    Responses:        11924
  PortMapper:
    GETPORT calls:    11758
    DUMP calls:       0
  NetBIOS:
    Name queries:     13105
    Datagram packets: 11792
  LDAP:
    Bind requests:    0
    Search requests:  11919
  MSSQL:
    SQLBatch packets: 11480
    RPC packets:      0
  TFTP:
    RRQ (read) pkts:  0
    WRQ (write) pkts: 0

[ATTACK DETECTIONS - Cumulative Events]
  UDP flood events:   10571
  UDP-lag events:     14
  SYN flood events:   0
  HTTP flood events:  0
  ICMP flood events:  0
  DNS amp events:     0
  NTP amp events:     0
  SNMP amp events:    0
  SSDP events:        0
  PortMap events:     0
  NetBIOS events:     0
  LDAP events:        0
  MSSQL events:       0
  TFTP events:        0
  ACK flood events:   0
  Frag attack events: 0
  Packet flood events:0
  (Note: Events count IPs exceeding thresholds per 50ms window)

[ALERT STATUS]
  Alert level:        [1;31mHIGH[0m
  Reason:             [1;31mUDP FLOOD detected: 273437087 UDP pps | [0m

[MULTI-LF (2025) COMPARISON]
=== Detection Performance vs ML-Based System ===

  First Detection Latency:   177.75 ms (vs MULTI-LF: 866 ms)
    Improvement:             4.9× faster

  Packets until detection:   0
  Bytes until detection:     0 (0.00 MB)

[OCTOSKETCH METRICS - Optimized Architecture]
=== Per-Worker Sketches + Sampling (1/32 packets) ===

  Architecture:              Per-worker (NO atomics, NO contention)
  Total sketch memory:       5377 KB (14 workers × 384.1 KB)
  Sampling rate:             1 in 32 packets (3.1% overhead)
  Attack traffic sampled:    3923776 updates
  Estimated attack packets:  125560832 (×32 sampling factor)
  Sketch overhead:           ~1.56% of fast-path cycles
  Memory efficiency:         O(1) constant, 384.1 KB per worker

[MULTIPLE DETECTION STATISTICS]
=== Aggregate Detection Analysis ===

  Total detection events:    10571
  Average detection latency: 52.15 ms
  Min detection latency:     50.22 ms
  Max detection latency:     301.73 ms
  Latency range:             251.51 ms

  Detection Latency Histogram:
    < 20 ms:  0 detections (0.0%)
    20-30 ms: 0 detections (0.0%)
    30-40 ms: 0 detections (0.0%)
    40-50 ms: 0 detections (0.0%)
    > 50 ms:  10570 detections (100.0%)

[PERFORMANCE METRICS]
  Throughput:         3.68 Gbps (1.40 Mpps)
  Cycles available:   2143 cycles/pkt (lower = higher load)
  Active IPs:         0
  Worker threads:     14 (lcores 1-14)

[DPDK NIC STATISTICS]
  RX packets (NIC):   769156772
  RX dropped (HW):    [0m0[0m (imissed)
  RX no mbufs:        [0m0[0m (buffer exhaustion)
  RX errors:          0
  Total drops:        [0m0 (0.00%)[0m
  RX burst calls:     220100030732 (99.7% empty)
  Processed pkts:     769157100 (100.0% of NIC RX)


╔═══════════════════════════════════════════════════════════════════════╗
║          MIRA DDoS DETECTOR - STATISTICS (MULTI-CORE)                ║
╚═══════════════════════════════════════════════════════════════════════╝

[PACKET COUNTERS - GLOBAL]
  Total packets:      776138729
  Baseline (10.10.2.x): 0 (0.0%)
  Attack (10.10.3.x): 776138729 (100.0%)
  TCP packets:        0
  UDP packets:        776138729
  ICMP packets:       0

[INSTANTANEOUS TRAFFIC - Last 5.0 seconds]
  Baseline (10.10.2.x): 0 pkts (0.0%)  0 bytes  0.00 Gbps
  Attack (10.10.3.x): 6981564 pkts (100.0%)  2304019289 bytes  3.68 Gbps
  Total throughput:   3.68 Gbps  (avg pkt: 330 bytes)

[CUMULATIVE TRAFFIC - Since first packet (556.3s)]
  Total received:     776138729 pkts (1.40 Mpps) | 3.68 Gbps | 256108299964 bytes

[ATTACK-SPECIFIC COUNTERS]
  SYN packets:        0
  SYN-ACK packets:    0
  SYN/ACK ratio:      0.00
  HTTP requests:      0
  DNS queries:        6407

[PROTOCOL-SPECIFIC COUNTERS - CIC-DDoS-2019 Features]
  NTP Amplification:
    Monlist queries:  1708
    Responses:        0  (avg size: 0 bytes)
  DNS Amplification:
    ANY queries:      0
    TXT queries:      0
    Responses:        5354  (avg size: 316 bytes)
  SNMP Amplification:
    GetBulk requests: 0
    Responses:        0  (avg size: 0 bytes)
  SSDP:
    M-SEARCH packets: 0
    Responses:        12051
  PortMapper:
    GETPORT calls:    11871
    DUMP calls:       0
  NetBIOS:
    Name queries:     13224
    Datagram packets: 11903
  LDAP:
    Bind requests:    0
    Search requests:  12023
  MSSQL:
    SQLBatch packets: 11578
    RPC packets:      0
  TFTP:
    RRQ (read) pkts:  0
    WRQ (write) pkts: 0

[ATTACK DETECTIONS - Cumulative Events]
  UDP flood events:   10667
  UDP-lag events:     14
  SYN flood events:   0
  HTTP flood events:  0
  ICMP flood events:  0
  DNS amp events:     0
  NTP amp events:     0
  SNMP amp events:    0
  SSDP events:        0
  PortMap events:     0
  NetBIOS events:     0
  LDAP events:        0
  MSSQL events:       0
  TFTP events:        0
  ACK flood events:   0
  Frag attack events: 0
  Packet flood events:0
  (Note: Events count IPs exceeding thresholds per 50ms window)

[ALERT STATUS]
  Alert level:        [1;31mHIGH[0m
  Reason:             [1;31mUDP FLOOD detected: 280920467 UDP pps | [0m

[MULTI-LF (2025) COMPARISON]
=== Detection Performance vs ML-Based System ===

  First Detection Latency:   177.75 ms (vs MULTI-LF: 866 ms)
    Improvement:             4.9× faster

  Packets until detection:   0
  Bytes until detection:     0 (0.00 MB)

[OCTOSKETCH METRICS - Optimized Architecture]
=== Per-Worker Sketches + Sampling (1/32 packets) ===

  Architecture:              Per-worker (NO atomics, NO contention)
  Total sketch memory:       5377 KB (14 workers × 384.1 KB)
  Sampling rate:             1 in 32 packets (3.1% overhead)
  Attack traffic sampled:    3854048 updates
  Estimated attack packets:  123329536 (×32 sampling factor)
  Sketch overhead:           ~1.56% of fast-path cycles
  Memory efficiency:         O(1) constant, 384.1 KB per worker

[MULTIPLE DETECTION STATISTICS]
=== Aggregate Detection Analysis ===

  Total detection events:    10667
  Average detection latency: 52.15 ms
  Min detection latency:     50.22 ms
  Max detection latency:     301.73 ms
  Latency range:             251.51 ms

  Detection Latency Histogram:
    < 20 ms:  0 detections (0.0%)
    20-30 ms: 0 detections (0.0%)
    30-40 ms: 0 detections (0.0%)
    40-50 ms: 0 detections (0.0%)
    > 50 ms:  10666 detections (100.0%)

[PERFORMANCE METRICS]
  Throughput:         3.68 Gbps (1.40 Mpps)
  Cycles available:   2143 cycles/pkt (lower = higher load)
  Active IPs:         0
  Worker threads:     14 (lcores 1-14)

[DPDK NIC STATISTICS]
  RX packets (NIC):   776138390
  RX dropped (HW):    [0m0[0m (imissed)
  RX no mbufs:        [0m0[0m (buffer exhaustion)
  RX errors:          0
  Total drops:        [0m0 (0.00%)[0m
  RX burst calls:     222025892285 (99.7% empty)
  Processed pkts:     776138729 (100.0% of NIC RX)


╔═══════════════════════════════════════════════════════════════════════╗
║          MIRA DDoS DETECTOR - STATISTICS (MULTI-CORE)                ║
╚═══════════════════════════════════════════════════════════════════════╝

[PACKET COUNTERS - GLOBAL]
  Total packets:      783118997
  Baseline (10.10.2.x): 0 (0.0%)
  Attack (10.10.3.x): 783118997 (100.0%)
  TCP packets:        0
  UDP packets:        783118997
  ICMP packets:       0

[INSTANTANEOUS TRAFFIC - Last 5.0 seconds]
  Baseline (10.10.2.x): 0 pkts (0.0%)  0 bytes  0.00 Gbps
  Attack (10.10.3.x): 6980186 pkts (100.0%)  2303372395 bytes  3.68 Gbps
  Total throughput:   3.68 Gbps  (avg pkt: 330 bytes)

[CUMULATIVE TRAFFIC - Since first packet (561.3s)]
  Total received:     783118997 pkts (1.40 Mpps) | 3.68 Gbps | 258411699763 bytes

[ATTACK-SPECIFIC COUNTERS]
  SYN packets:        0
  SYN-ACK packets:    0
  SYN/ACK ratio:      0.00
  HTTP requests:      0
  DNS queries:        6469

[PROTOCOL-SPECIFIC COUNTERS - CIC-DDoS-2019 Features]
  NTP Amplification:
    Monlist queries:  1724
    Responses:        0  (avg size: 0 bytes)
  DNS Amplification:
    ANY queries:      0
    TXT queries:      0
    Responses:        5408  (avg size: 316 bytes)
  SNMP Amplification:
    GetBulk requests: 0
    Responses:        0  (avg size: 0 bytes)
  SSDP:
    M-SEARCH packets: 0
    Responses:        12124
  PortMapper:
    GETPORT calls:    11967
    DUMP calls:       0
  NetBIOS:
    Name queries:     13343
    Datagram packets: 12011
  LDAP:
    Bind requests:    0
    Search requests:  12132
  MSSQL:
    SQLBatch packets: 11677
    RPC packets:      0
  TFTP:
    RRQ (read) pkts:  0
    WRQ (write) pkts: 0

[ATTACK DETECTIONS - Cumulative Events]
  UDP flood events:   10764
  UDP-lag events:     14
  SYN flood events:   0
  HTTP flood events:  0
  ICMP flood events:  0
  DNS amp events:     0
  NTP amp events:     0
  SNMP amp events:    0
  SSDP events:        0
  PortMap events:     0
  NetBIOS events:     0
  LDAP events:        0
  MSSQL events:       0
  TFTP events:        0
  ACK flood events:   0
  Frag attack events: 0
  Packet flood events:0
  (Note: Events count IPs exceeding thresholds per 50ms window)

[ALERT STATUS]
  Alert level:        [1;31mHIGH[0m
  Reason:             [1;31mUDP FLOOD detected: 283456508 UDP pps | [0m

[MULTI-LF (2025) COMPARISON]
=== Detection Performance vs ML-Based System ===

  First Detection Latency:   177.75 ms (vs MULTI-LF: 866 ms)
    Improvement:             4.9× faster

  Packets until detection:   0
  Bytes until detection:     0 (0.00 MB)

[OCTOSKETCH METRICS - Optimized Architecture]
=== Per-Worker Sketches + Sampling (1/32 packets) ===

  Architecture:              Per-worker (NO atomics, NO contention)
  Total sketch memory:       5377 KB (14 workers × 384.1 KB)
  Sampling rate:             1 in 32 packets (3.1% overhead)
  Attack traffic sampled:    3855552 updates
  Estimated attack packets:  123377664 (×32 sampling factor)
  Sketch overhead:           ~1.56% of fast-path cycles
  Memory efficiency:         O(1) constant, 384.1 KB per worker

[MULTIPLE DETECTION STATISTICS]
=== Aggregate Detection Analysis ===

  Total detection events:    10764
  Average detection latency: 52.14 ms
  Min detection latency:     50.22 ms
  Max detection latency:     301.73 ms
  Latency range:             251.51 ms

  Detection Latency Histogram:
    < 20 ms:  0 detections (0.0%)
    20-30 ms: 0 detections (0.0%)
    30-40 ms: 0 detections (0.0%)
    40-50 ms: 0 detections (0.0%)
    > 50 ms:  10763 detections (100.0%)

[PERFORMANCE METRICS]
  Throughput:         3.68 Gbps (1.40 Mpps)
  Cycles available:   2143 cycles/pkt (lower = higher load)
  Active IPs:         0
  Worker threads:     14 (lcores 1-14)

[DPDK NIC STATISTICS]
  RX packets (NIC):   783118678
  RX dropped (HW):    [0m0[0m (imissed)
  RX no mbufs:        [0m0[0m (buffer exhaustion)
  RX errors:          0
  Total drops:        [0m0 (0.00%)[0m
  RX burst calls:     223951747217 (99.7% empty)
  Processed pkts:     783118997 (100.0% of NIC RX)


╔═══════════════════════════════════════════════════════════════════════╗
║          MIRA DDoS DETECTOR - STATISTICS (MULTI-CORE)                ║
╚═══════════════════════════════════════════════════════════════════════╝

[PACKET COUNTERS - GLOBAL]
  Total packets:      790099989
  Baseline (10.10.2.x): 0 (0.0%)
  Attack (10.10.3.x): 790099989 (100.0%)
  TCP packets:        0
  UDP packets:        790099989
  ICMP packets:       0

[INSTANTANEOUS TRAFFIC - Last 5.0 seconds]
  Baseline (10.10.2.x): 0 pkts (0.0%)  0 bytes  0.00 Gbps
  Attack (10.10.3.x): 6980910 pkts (100.0%)  2303457404 bytes  3.68 Gbps
  Total throughput:   3.68 Gbps  (avg pkt: 330 bytes)

[CUMULATIVE TRAFFIC - Since first packet (566.3s)]
  Total received:     790099989 pkts (1.40 Mpps) | 3.68 Gbps | 260715186272 bytes

[ATTACK-SPECIFIC COUNTERS]
  SYN packets:        0
  SYN-ACK packets:    0
  SYN/ACK ratio:      0.00
  HTTP requests:      0
  DNS queries:        6521

[PROTOCOL-SPECIFIC COUNTERS - CIC-DDoS-2019 Features]
  NTP Amplification:
    Monlist queries:  1740
    Responses:        0  (avg size: 0 bytes)
  DNS Amplification:
    ANY queries:      0
    TXT queries:      0
    Responses:        5460  (avg size: 316 bytes)
  SNMP Amplification:
    GetBulk requests: 0
    Responses:        0  (avg size: 0 bytes)
  SSDP:
    M-SEARCH packets: 0
    Responses:        12249
  PortMapper:
    GETPORT calls:    12086
    DUMP calls:       0
  NetBIOS:
    Name queries:     13459
    Datagram packets: 12108
  LDAP:
    Bind requests:    0
    Search requests:  12250
  MSSQL:
    SQLBatch packets: 11793
    RPC packets:      0
  TFTP:
    RRQ (read) pkts:  0
    WRQ (write) pkts: 0

[ATTACK DETECTIONS - Cumulative Events]
  UDP flood events:   10860
  UDP-lag events:     14
  SYN flood events:   0
  HTTP flood events:  0
  ICMP flood events:  0
  DNS amp events:     0
  NTP amp events:     0
  SNMP amp events:    0
  SSDP events:        0
  PortMap events:     0
  NetBIOS events:     0
  LDAP events:        0
  MSSQL events:       0
  TFTP events:        0
  ACK flood events:   0
  Frag attack events: 0
  Packet flood events:0
  (Note: Events count IPs exceeding thresholds per 50ms window)

[ALERT STATUS]
  Alert level:        [1;31mHIGH[0m
  Reason:             [1;31mUDP FLOOD detected: 291265696 UDP pps | [0m

[MULTI-LF (2025) COMPARISON]
=== Detection Performance vs ML-Based System ===

  First Detection Latency:   177.75 ms (vs MULTI-LF: 866 ms)
    Improvement:             4.9× faster

  Packets until detection:   0
  Bytes until detection:     0 (0.00 MB)

[OCTOSKETCH METRICS - Optimized Architecture]
=== Per-Worker Sketches + Sampling (1/32 packets) ===

  Architecture:              Per-worker (NO atomics, NO contention)
  Total sketch memory:       5377 KB (14 workers × 384.1 KB)
  Sampling rate:             1 in 32 packets (3.1% overhead)
  Attack traffic sampled:    3784416 updates
  Estimated attack packets:  121101312 (×32 sampling factor)
  Sketch overhead:           ~1.56% of fast-path cycles
  Memory efficiency:         O(1) constant, 384.1 KB per worker

[MULTIPLE DETECTION STATISTICS]
=== Aggregate Detection Analysis ===

  Total detection events:    10860
  Average detection latency: 52.14 ms
  Min detection latency:     50.22 ms
  Max detection latency:     301.73 ms
  Latency range:             251.51 ms

  Detection Latency Histogram:
    < 20 ms:  0 detections (0.0%)
    20-30 ms: 0 detections (0.0%)
    30-40 ms: 0 detections (0.0%)
    40-50 ms: 0 detections (0.0%)
    > 50 ms:  10859 detections (100.0%)

[PERFORMANCE METRICS]
  Throughput:         3.68 Gbps (1.40 Mpps)
  Cycles available:   2143 cycles/pkt (lower = higher load)
  Active IPs:         0
  Worker threads:     14 (lcores 1-14)

[DPDK NIC STATISTICS]
  RX packets (NIC):   790099661
  RX dropped (HW):    [0m0[0m (imissed)
  RX no mbufs:        [0m0[0m (buffer exhaustion)
  RX errors:          0
  Total drops:        [0m0 (0.00%)[0m
  RX burst calls:     225877552684 (99.7% empty)
  Processed pkts:     790099989 (100.0% of NIC RX)


╔═══════════════════════════════════════════════════════════════════════╗
║          MIRA DDoS DETECTOR - STATISTICS (MULTI-CORE)                ║
╚═══════════════════════════════════════════════════════════════════════╝

[PACKET COUNTERS - GLOBAL]
  Total packets:      797078962
  Baseline (10.10.2.x): 0 (0.0%)
  Attack (10.10.3.x): 797078962 (100.0%)
  TCP packets:        0
  UDP packets:        797078962
  ICMP packets:       0

[INSTANTANEOUS TRAFFIC - Last 5.0 seconds]
  Baseline (10.10.2.x): 0 pkts (0.0%)  0 bytes  0.00 Gbps
  Attack (10.10.3.x): 6978906 pkts (100.0%)  2302718669 bytes  3.68 Gbps
  Total throughput:   3.68 Gbps  (avg pkt: 330 bytes)

[CUMULATIVE TRAFFIC - Since first packet (571.3s)]
  Total received:     797078962 pkts (1.40 Mpps) | 3.68 Gbps | 263017927020 bytes

[ATTACK-SPECIFIC COUNTERS]
  SYN packets:        0
  SYN-ACK packets:    0
  SYN/ACK ratio:      0.00
  HTTP requests:      0
  DNS queries:        6582

[PROTOCOL-SPECIFIC COUNTERS - CIC-DDoS-2019 Features]
  NTP Amplification:
    Monlist queries:  1755
    Responses:        0  (avg size: 0 bytes)
  DNS Amplification:
    ANY queries:      0
    TXT queries:      0
    Responses:        5495  (avg size: 316 bytes)
  SNMP Amplification:
    GetBulk requests: 0
    Responses:        0  (avg size: 0 bytes)
  SSDP:
    M-SEARCH packets: 0
    Responses:        12372
  PortMapper:
    GETPORT calls:    12189
    DUMP calls:       0
  NetBIOS:
    Name queries:     13581
    Datagram packets: 12224
  LDAP:
    Bind requests:    0
    Search requests:  12353
  MSSQL:
    SQLBatch packets: 11884
    RPC packets:      0
  TFTP:
    RRQ (read) pkts:  0
    WRQ (write) pkts: 0

[ATTACK DETECTIONS - Cumulative Events]
  UDP flood events:   10957
  UDP-lag events:     14
  SYN flood events:   0
  HTTP flood events:  0
  ICMP flood events:  0
  DNS amp events:     0
  NTP amp events:     0
  SNMP amp events:    0
  SSDP events:        0
  PortMap events:     0
  NetBIOS events:     0
  LDAP events:        0
  MSSQL events:       0
  TFTP events:        0
  ACK flood events:   0
  Frag attack events: 0
  Packet flood events:0
  (Note: Events count IPs exceeding thresholds per 50ms window)

[ALERT STATUS]
  Alert level:        [1;31mHIGH[0m
  Reason:             [1;31mUDP FLOOD detected: 293845494 UDP pps | [0m

[MULTI-LF (2025) COMPARISON]
=== Detection Performance vs ML-Based System ===

  First Detection Latency:   177.75 ms (vs MULTI-LF: 866 ms)
    Improvement:             4.9× faster

  Packets until detection:   0
  Bytes until detection:     0 (0.00 MB)

[OCTOSKETCH METRICS - Optimized Architecture]
=== Per-Worker Sketches + Sampling (1/32 packets) ===

  Architecture:              Per-worker (NO atomics, NO contention)
  Total sketch memory:       5377 KB (14 workers × 384.1 KB)
  Sampling rate:             1 in 32 packets (3.1% overhead)
  Attack traffic sampled:    3784544 updates
  Estimated attack packets:  121105408 (×32 sampling factor)
  Sketch overhead:           ~1.56% of fast-path cycles
  Memory efficiency:         O(1) constant, 384.1 KB per worker

[MULTIPLE DETECTION STATISTICS]
=== Aggregate Detection Analysis ===

  Total detection events:    10957
  Average detection latency: 52.14 ms
  Min detection latency:     50.22 ms
  Max detection latency:     301.73 ms
  Latency range:             251.51 ms

  Detection Latency Histogram:
    < 20 ms:  0 detections (0.0%)
    20-30 ms: 0 detections (0.0%)
    30-40 ms: 0 detections (0.0%)
    40-50 ms: 0 detections (0.0%)
    > 50 ms:  10956 detections (100.0%)

[PERFORMANCE METRICS]
  Throughput:         3.68 Gbps (1.39 Mpps)
  Cycles available:   2144 cycles/pkt (lower = higher load)
  Active IPs:         0
  Worker threads:     14 (lcores 1-14)

[DPDK NIC STATISTICS]
  RX packets (NIC):   797078595
  RX dropped (HW):    [0m0[0m (imissed)
  RX no mbufs:        [0m0[0m (buffer exhaustion)
  RX errors:          0
  Total drops:        [0m0 (0.00%)[0m
  RX burst calls:     227803662311 (99.7% empty)
  Processed pkts:     797078962 (100.0% of NIC RX)


╔═══════════════════════════════════════════════════════════════════════╗
║          MIRA DDoS DETECTOR - STATISTICS (MULTI-CORE)                ║
╚═══════════════════════════════════════════════════════════════════════╝

[PACKET COUNTERS - GLOBAL]
  Total packets:      804059868
  Baseline (10.10.2.x): 0 (0.0%)
  Attack (10.10.3.x): 804059868 (100.0%)
  TCP packets:        0
  UDP packets:        804059868
  ICMP packets:       0

[INSTANTANEOUS TRAFFIC - Last 5.0 seconds]
  Baseline (10.10.2.x): 0 pkts (0.0%)  0 bytes  0.00 Gbps
  Attack (10.10.3.x): 6980840 pkts (100.0%)  2303806361 bytes  3.68 Gbps
  Total throughput:   3.68 Gbps  (avg pkt: 330 bytes)

[CUMULATIVE TRAFFIC - Since first packet (576.3s)]
  Total received:     804059868 pkts (1.40 Mpps) | 3.68 Gbps | 265321753964 bytes

[ATTACK-SPECIFIC COUNTERS]
  SYN packets:        0
  SYN-ACK packets:    0
  SYN/ACK ratio:      0.00
  HTTP requests:      0
  DNS queries:        6641

[PROTOCOL-SPECIFIC COUNTERS - CIC-DDoS-2019 Features]
  NTP Amplification:
    Monlist queries:  1769
    Responses:        0  (avg size: 0 bytes)
  DNS Amplification:
    ANY queries:      0
    TXT queries:      0
    Responses:        5552  (avg size: 316 bytes)
  SNMP Amplification:
    GetBulk requests: 0
    Responses:        0  (avg size: 0 bytes)
  SSDP:
    M-SEARCH packets: 0
    Responses:        12452
  PortMapper:
    GETPORT calls:    12284
    DUMP calls:       0
  NetBIOS:
    Name queries:     13708
    Datagram packets: 12331
  LDAP:
    Bind requests:    0
    Search requests:  12456
  MSSQL:
    SQLBatch packets: 11988
    RPC packets:      0
  TFTP:
    RRQ (read) pkts:  0
    WRQ (write) pkts: 0

[ATTACK DETECTIONS - Cumulative Events]
  UDP flood events:   11054
  UDP-lag events:     14
  SYN flood events:   0
  HTTP flood events:  0
  ICMP flood events:  0
  DNS amp events:     0
  NTP amp events:     0
  SNMP amp events:    0
  SSDP events:        0
  PortMap events:     0
  NetBIOS events:     0
  LDAP events:        0
  MSSQL events:       0
  TFTP events:        0
  ACK flood events:   0
  Frag attack events: 0
  Packet flood events:0
  (Note: Events count IPs exceeding thresholds per 50ms window)

[ALERT STATUS]
  Alert level:        [1;31mHIGH[0m
  Reason:             [1;31mUDP FLOOD detected: 296427843 UDP pps | [0m

[MULTI-LF (2025) COMPARISON]
=== Detection Performance vs ML-Based System ===

  First Detection Latency:   177.75 ms (vs MULTI-LF: 866 ms)
    Improvement:             4.9× faster

  Packets until detection:   0
  Bytes until detection:     0 (0.00 MB)

[OCTOSKETCH METRICS - Optimized Architecture]
=== Per-Worker Sketches + Sampling (1/32 packets) ===

  Architecture:              Per-worker (NO atomics, NO contention)
  Total sketch memory:       5377 KB (14 workers × 384.1 KB)
  Sampling rate:             1 in 32 packets (3.1% overhead)
  Attack traffic sampled:    3785664 updates
  Estimated attack packets:  121141248 (×32 sampling factor)
  Sketch overhead:           ~1.56% of fast-path cycles
  Memory efficiency:         O(1) constant, 384.1 KB per worker

[MULTIPLE DETECTION STATISTICS]
=== Aggregate Detection Analysis ===

  Total detection events:    11054
  Average detection latency: 52.13 ms
  Min detection latency:     50.22 ms
  Max detection latency:     301.73 ms
  Latency range:             251.51 ms

  Detection Latency Histogram:
    < 20 ms:  0 detections (0.0%)
    20-30 ms: 0 detections (0.0%)
    30-40 ms: 0 detections (0.0%)
    40-50 ms: 0 detections (0.0%)
    > 50 ms:  11053 detections (100.0%)

[PERFORMANCE METRICS]
  Throughput:         3.68 Gbps (1.40 Mpps)
  Cycles available:   2143 cycles/pkt (lower = higher load)
  Active IPs:         0
  Worker threads:     14 (lcores 1-14)

[DPDK NIC STATISTICS]
  RX packets (NIC):   804059519
  RX dropped (HW):    [0m0[0m (imissed)
  RX no mbufs:        [0m0[0m (buffer exhaustion)
  RX errors:          0
  Total drops:        [0m0 (0.00%)[0m
  RX burst calls:     229729604653 (99.7% empty)
  Processed pkts:     804059868 (100.0% of NIC RX)


╔═══════════════════════════════════════════════════════════════════════╗
║          MIRA DDoS DETECTOR - STATISTICS (MULTI-CORE)                ║
╚═══════════════════════════════════════════════════════════════════════╝

[PACKET COUNTERS - GLOBAL]
  Total packets:      811041478
  Baseline (10.10.2.x): 0 (0.0%)
  Attack (10.10.3.x): 811041478 (100.0%)
  TCP packets:        0
  UDP packets:        811041478
  ICMP packets:       0

[INSTANTANEOUS TRAFFIC - Last 5.0 seconds]
  Baseline (10.10.2.x): 0 pkts (0.0%)  0 bytes  0.00 Gbps
  Attack (10.10.3.x): 6981540 pkts (100.0%)  2303585044 bytes  3.68 Gbps
  Total throughput:   3.68 Gbps  (avg pkt: 330 bytes)

[CUMULATIVE TRAFFIC - Since first packet (581.3s)]
  Total received:     811041478 pkts (1.40 Mpps) | 3.68 Gbps | 267625362377 bytes

[ATTACK-SPECIFIC COUNTERS]
  SYN packets:        0
  SYN-ACK packets:    0
  SYN/ACK ratio:      0.00
  HTTP requests:      0
  DNS queries:        6692

[PROTOCOL-SPECIFIC COUNTERS - CIC-DDoS-2019 Features]
  NTP Amplification:
    Monlist queries:  1786
    Responses:        0  (avg size: 0 bytes)
  DNS Amplification:
    ANY queries:      0
    TXT queries:      0
    Responses:        5603  (avg size: 316 bytes)
  SNMP Amplification:
    GetBulk requests: 0
    Responses:        0  (avg size: 0 bytes)
  SSDP:
    M-SEARCH packets: 0
    Responses:        12582
  PortMapper:
    GETPORT calls:    12409
    DUMP calls:       0
  NetBIOS:
    Name queries:     13815
    Datagram packets: 12432
  LDAP:
    Bind requests:    0
    Search requests:  12570
  MSSQL:
    SQLBatch packets: 12105
    RPC packets:      0
  TFTP:
    RRQ (read) pkts:  0
    WRQ (write) pkts: 0

[ATTACK DETECTIONS - Cumulative Events]
  UDP flood events:   11150
  UDP-lag events:     14
  SYN flood events:   0
  HTTP flood events:  0
  ICMP flood events:  0
  DNS amp events:     0
  NTP amp events:     0
  SNMP amp events:    0
  SSDP events:        0
  PortMap events:     0
  NetBIOS events:     0
  LDAP events:        0
  MSSQL events:       0
  TFTP events:        0
  ACK flood events:   0
  Frag attack events: 0
  Packet flood events:0
  (Note: Events count IPs exceeding thresholds per 50ms window)

[ALERT STATUS]
  Alert level:        [1;31mHIGH[0m
  Reason:             [1;31mUDP FLOOD detected: 304632338 UDP pps | [0m

[MULTI-LF (2025) COMPARISON]
=== Detection Performance vs ML-Based System ===

  First Detection Latency:   177.75 ms (vs MULTI-LF: 866 ms)
    Improvement:             4.9× faster

  Packets until detection:   0
  Bytes until detection:     0 (0.00 MB)

[OCTOSKETCH METRICS - Optimized Architecture]
=== Per-Worker Sketches + Sampling (1/32 packets) ===

  Architecture:              Per-worker (NO atomics, NO contention)
  Total sketch memory:       5377 KB (14 workers × 384.1 KB)
  Sampling rate:             1 in 32 packets (3.1% overhead)
  Attack traffic sampled:    3715712 updates
  Estimated attack packets:  118902784 (×32 sampling factor)
  Sketch overhead:           ~1.56% of fast-path cycles
  Memory efficiency:         O(1) constant, 384.1 KB per worker

[MULTIPLE DETECTION STATISTICS]
=== Aggregate Detection Analysis ===

  Total detection events:    11150
  Average detection latency: 52.13 ms
  Min detection latency:     50.22 ms
  Max detection latency:     301.73 ms
  Latency range:             251.51 ms

  Detection Latency Histogram:
    < 20 ms:  0 detections (0.0%)
    20-30 ms: 0 detections (0.0%)
    30-40 ms: 0 detections (0.0%)
    40-50 ms: 0 detections (0.0%)
    > 50 ms:  11149 detections (100.0%)

[PERFORMANCE METRICS]
  Throughput:         3.68 Gbps (1.40 Mpps)
  Cycles available:   2143 cycles/pkt (lower = higher load)
  Active IPs:         0
  Worker threads:     14 (lcores 1-14)

[DPDK NIC STATISTICS]
  RX packets (NIC):   811041126
  RX dropped (HW):    [0m0[0m (imissed)
  RX no mbufs:        [0m0[0m (buffer exhaustion)
  RX errors:          0
  Total drops:        [0m0 (0.00%)[0m
  RX burst calls:     231655641901 (99.7% empty)
  Processed pkts:     811041478 (100.0% of NIC RX)


╔═══════════════════════════════════════════════════════════════════════╗
║          MIRA DDoS DETECTOR - STATISTICS (MULTI-CORE)                ║
╚═══════════════════════════════════════════════════════════════════════╝

[PACKET COUNTERS - GLOBAL]
  Total packets:      818020837
  Baseline (10.10.2.x): 0 (0.0%)
  Attack (10.10.3.x): 818020837 (100.0%)
  TCP packets:        0
  UDP packets:        818020837
  ICMP packets:       0

[INSTANTANEOUS TRAFFIC - Last 5.0 seconds]
  Baseline (10.10.2.x): 0 pkts (0.0%)  0 bytes  0.00 Gbps
  Attack (10.10.3.x): 6979285 pkts (100.0%)  2303008562 bytes  3.68 Gbps
  Total throughput:   3.68 Gbps  (avg pkt: 330 bytes)

[CUMULATIVE TRAFFIC - Since first packet (586.3s)]
  Total received:     818020837 pkts (1.40 Mpps) | 3.68 Gbps | 269928393962 bytes

[ATTACK-SPECIFIC COUNTERS]
  SYN packets:        0
  SYN-ACK packets:    0
  SYN/ACK ratio:      0.00
  HTTP requests:      0
  DNS queries:        6753

[PROTOCOL-SPECIFIC COUNTERS - CIC-DDoS-2019 Features]
  NTP Amplification:
    Monlist queries:  1801
    Responses:        0  (avg size: 0 bytes)
  DNS Amplification:
    ANY queries:      0
    TXT queries:      0
    Responses:        5643  (avg size: 316 bytes)
  SNMP Amplification:
    GetBulk requests: 0
    Responses:        0  (avg size: 0 bytes)
  SSDP:
    M-SEARCH packets: 0
    Responses:        12692
  PortMapper:
    GETPORT calls:    12513
    DUMP calls:       0
  NetBIOS:
    Name queries:     13945
    Datagram packets: 12551
  LDAP:
    Bind requests:    0
    Search requests:  12676
  MSSQL:
    SQLBatch packets: 12192
    RPC packets:      0
  TFTP:
    RRQ (read) pkts:  0
    WRQ (write) pkts: 0

[ATTACK DETECTIONS - Cumulative Events]
  UDP flood events:   11247
  UDP-lag events:     14
  SYN flood events:   0
  HTTP flood events:  0
  ICMP flood events:  0
  DNS amp events:     0
  NTP amp events:     0
  SNMP amp events:    0
  SSDP events:        0
  PortMap events:     0
  NetBIOS events:     0
  LDAP events:        0
  MSSQL events:       0
  TFTP events:        0
  ACK flood events:   0
  Frag attack events: 0
  Packet flood events:0
  (Note: Events count IPs exceeding thresholds per 50ms window)

[ALERT STATUS]
  Alert level:        [1;31mHIGH[0m
  Reason:             [1;31mUDP FLOOD detected: 307264541 UDP pps | [0m

[MULTI-LF (2025) COMPARISON]
=== Detection Performance vs ML-Based System ===

  First Detection Latency:   177.75 ms (vs MULTI-LF: 866 ms)
    Improvement:             4.9× faster

  Packets until detection:   0
  Bytes until detection:     0 (0.00 MB)

[OCTOSKETCH METRICS - Optimized Architecture]
=== Per-Worker Sketches + Sampling (1/32 packets) ===

  Architecture:              Per-worker (NO atomics, NO contention)
  Total sketch memory:       5377 KB (14 workers × 384.1 KB)
  Sampling rate:             1 in 32 packets (3.1% overhead)
  Attack traffic sampled:    3713376 updates
  Estimated attack packets:  118828032 (×32 sampling factor)
  Sketch overhead:           ~1.56% of fast-path cycles
  Memory efficiency:         O(1) constant, 384.1 KB per worker

[MULTIPLE DETECTION STATISTICS]
=== Aggregate Detection Analysis ===

  Total detection events:    11247
  Average detection latency: 52.13 ms
  Min detection latency:     50.22 ms
  Max detection latency:     301.73 ms
  Latency range:             251.51 ms

  Detection Latency Histogram:
    < 20 ms:  0 detections (0.0%)
    20-30 ms: 0 detections (0.0%)
    30-40 ms: 0 detections (0.0%)
    40-50 ms: 0 detections (0.0%)
    > 50 ms:  11246 detections (100.0%)

[PERFORMANCE METRICS]
  Throughput:         3.68 Gbps (1.39 Mpps)
  Cycles available:   2143 cycles/pkt (lower = higher load)
  Active IPs:         0
  Worker threads:     14 (lcores 1-14)

[DPDK NIC STATISTICS]
  RX packets (NIC):   818020517
  RX dropped (HW):    [0m0[0m (imissed)
  RX no mbufs:        [0m0[0m (buffer exhaustion)
  RX errors:          0
  Total drops:        [0m0 (0.00%)[0m
  RX burst calls:     233581601062 (99.7% empty)
  Processed pkts:     818020837 (100.0% of NIC RX)


╔═══════════════════════════════════════════════════════════════════════╗
║          MIRA DDoS DETECTOR - STATISTICS (MULTI-CORE)                ║
╚═══════════════════════════════════════════════════════════════════════╝

[PACKET COUNTERS - GLOBAL]
  Total packets:      825003553
  Baseline (10.10.2.x): 0 (0.0%)
  Attack (10.10.3.x): 825003553 (100.0%)
  TCP packets:        0
  UDP packets:        825003553
  ICMP packets:       0

[INSTANTANEOUS TRAFFIC - Last 5.0 seconds]
  Baseline (10.10.2.x): 0 pkts (0.0%)  0 bytes  0.00 Gbps
  Attack (10.10.3.x): 6982655 pkts (100.0%)  2304182495 bytes  3.68 Gbps
  Total throughput:   3.68 Gbps  (avg pkt: 330 bytes)

[CUMULATIVE TRAFFIC - Since first packet (591.3s)]
  Total received:     825003553 pkts (1.40 Mpps) | 3.68 Gbps | 272232594908 bytes

[ATTACK-SPECIFIC COUNTERS]
  SYN packets:        0
  SYN-ACK packets:    0
  SYN/ACK ratio:      0.00
  HTTP requests:      0
  DNS queries:        6814

[PROTOCOL-SPECIFIC COUNTERS - CIC-DDoS-2019 Features]
  NTP Amplification:
    Monlist queries:  1816
    Responses:        0  (avg size: 0 bytes)
  DNS Amplification:
    ANY queries:      0
    TXT queries:      0
    Responses:        5698  (avg size: 316 bytes)
  SNMP Amplification:
    GetBulk requests: 0
    Responses:        0  (avg size: 0 bytes)
  SSDP:
    M-SEARCH packets: 0
    Responses:        12784
  PortMapper:
    GETPORT calls:    12610
    DUMP calls:       0
  NetBIOS:
    Name queries:     14065
    Datagram packets: 12652
  LDAP:
    Bind requests:    0
    Search requests:  12779
  MSSQL:
    SQLBatch packets: 12305
    RPC packets:      0
  TFTP:
    RRQ (read) pkts:  0
    WRQ (write) pkts: 0

[ATTACK DETECTIONS - Cumulative Events]
  UDP flood events:   11343
  UDP-lag events:     14
  SYN flood events:   0
  HTTP flood events:  0
  ICMP flood events:  0
  DNS amp events:     0
  NTP amp events:     0
  SNMP amp events:    0
  SSDP events:        0
  PortMap events:     0
  NetBIOS events:     0
  LDAP events:        0
  MSSQL events:       0
  TFTP events:        0
  ACK flood events:   0
  Frag attack events: 0
  Packet flood events:0
  (Note: Events count IPs exceeding thresholds per 50ms window)

[ALERT STATUS]
  Alert level:        [1;31mHIGH[0m
  Reason:             [1;31mUDP FLOOD detected: 315827414 UDP pps | [0m

[MULTI-LF (2025) COMPARISON]
=== Detection Performance vs ML-Based System ===

  First Detection Latency:   177.75 ms (vs MULTI-LF: 866 ms)
    Improvement:             4.9× faster

  Packets until detection:   0
  Bytes until detection:     0 (0.00 MB)

[OCTOSKETCH METRICS - Optimized Architecture]
=== Per-Worker Sketches + Sampling (1/32 packets) ===

  Architecture:              Per-worker (NO atomics, NO contention)
  Total sketch memory:       5377 KB (14 workers × 384.1 KB)
  Sampling rate:             1 in 32 packets (3.1% overhead)
  Attack traffic sampled:    3643776 updates
  Estimated attack packets:  116600832 (×32 sampling factor)
  Sketch overhead:           ~1.56% of fast-path cycles
  Memory efficiency:         O(1) constant, 384.1 KB per worker

[MULTIPLE DETECTION STATISTICS]
=== Aggregate Detection Analysis ===

  Total detection events:    11343
  Average detection latency: 52.13 ms
  Min detection latency:     50.22 ms
  Max detection latency:     301.73 ms
  Latency range:             251.51 ms

  Detection Latency Histogram:
    < 20 ms:  0 detections (0.0%)
    20-30 ms: 0 detections (0.0%)
    30-40 ms: 0 detections (0.0%)
    40-50 ms: 0 detections (0.0%)
    > 50 ms:  11342 detections (100.0%)

[PERFORMANCE METRICS]
  Throughput:         3.68 Gbps (1.40 Mpps)
  Cycles available:   2142 cycles/pkt (lower = higher load)
  Active IPs:         0
  Worker threads:     14 (lcores 1-14)

[DPDK NIC STATISTICS]
  RX packets (NIC):   825003197
  RX dropped (HW):    [0m0[0m (imissed)
  RX no mbufs:        [0m0[0m (buffer exhaustion)
  RX errors:          0
  Total drops:        [0m0 (0.00%)[0m
  RX burst calls:     235507437897 (99.7% empty)
  Processed pkts:     825003553 (100.0% of NIC RX)


╔═══════════════════════════════════════════════════════════════════════╗
║          MIRA DDoS DETECTOR - STATISTICS (MULTI-CORE)                ║
╚═══════════════════════════════════════════════════════════════════════╝

[PACKET COUNTERS - GLOBAL]
  Total packets:      831985443
  Baseline (10.10.2.x): 0 (0.0%)
  Attack (10.10.3.x): 831985443 (100.0%)
  TCP packets:        0
  UDP packets:        831985443
  ICMP packets:       0

[INSTANTANEOUS TRAFFIC - Last 5.0 seconds]
  Baseline (10.10.2.x): 0 pkts (0.0%)  0 bytes  0.00 Gbps
  Attack (10.10.3.x): 6981802 pkts (100.0%)  2303785383 bytes  3.68 Gbps
  Total throughput:   3.68 Gbps  (avg pkt: 330 bytes)

[CUMULATIVE TRAFFIC - Since first packet (596.3s)]
  Total received:     831985443 pkts (1.40 Mpps) | 3.68 Gbps | 274536408090 bytes

[ATTACK-SPECIFIC COUNTERS]
  SYN packets:        0
  SYN-ACK packets:    0
  SYN/ACK ratio:      0.00
  HTTP requests:      0
  DNS queries:        6862

[PROTOCOL-SPECIFIC COUNTERS - CIC-DDoS-2019 Features]
  NTP Amplification:
    Monlist queries:  1834
    Responses:        0  (avg size: 0 bytes)
  DNS Amplification:
    ANY queries:      0
    TXT queries:      0
    Responses:        5745  (avg size: 316 bytes)
  SNMP Amplification:
    GetBulk requests: 0
    Responses:        0  (avg size: 0 bytes)
  SSDP:
    M-SEARCH packets: 0
    Responses:        12903
  PortMapper:
    GETPORT calls:    12730
    DUMP calls:       0
  NetBIOS:
    Name queries:     14170
    Datagram packets: 12755
  LDAP:
    Bind requests:    0
    Search requests:  12891
  MSSQL:
    SQLBatch packets: 12417
    RPC packets:      0
  TFTP:
    RRQ (read) pkts:  0
    WRQ (write) pkts: 0

[ATTACK DETECTIONS - Cumulative Events]
  UDP flood events:   11440
  UDP-lag events:     14
  SYN flood events:   0
  HTTP flood events:  0
  ICMP flood events:  0
  DNS amp events:     0
  NTP amp events:     0
  SNMP amp events:    0
  SSDP events:        0
  PortMap events:     0
  NetBIOS events:     0
  LDAP events:        0
  MSSQL events:       0
  TFTP events:        0
  ACK flood events:   0
  Frag attack events: 0
  Packet flood events:0
  (Note: Events count IPs exceeding thresholds per 50ms window)

[ALERT STATUS]
  Alert level:        [1;31mHIGH[0m
  Reason:             [1;31mUDP FLOOD detected: 318511783 UDP pps | [0m

[MULTI-LF (2025) COMPARISON]
=== Detection Performance vs ML-Based System ===

  First Detection Latency:   177.75 ms (vs MULTI-LF: 866 ms)
    Improvement:             4.9× faster

  Packets until detection:   0
  Bytes until detection:     0 (0.00 MB)

[OCTOSKETCH METRICS - Optimized Architecture]
=== Per-Worker Sketches + Sampling (1/32 packets) ===

  Architecture:              Per-worker (NO atomics, NO contention)
  Total sketch memory:       5377 KB (14 workers × 384.1 KB)
  Sampling rate:             1 in 32 packets (3.1% overhead)
  Attack traffic sampled:    3644736 updates
  Estimated attack packets:  116631552 (×32 sampling factor)
  Sketch overhead:           ~1.56% of fast-path cycles
  Memory efficiency:         O(1) constant, 384.1 KB per worker

[MULTIPLE DETECTION STATISTICS]
=== Aggregate Detection Analysis ===

  Total detection events:    11440
  Average detection latency: 52.12 ms
  Min detection latency:     50.22 ms
  Max detection latency:     301.73 ms
  Latency range:             251.51 ms

  Detection Latency Histogram:
    < 20 ms:  0 detections (0.0%)
    20-30 ms: 0 detections (0.0%)
    30-40 ms: 0 detections (0.0%)
    40-50 ms: 0 detections (0.0%)
    > 50 ms:  11439 detections (100.0%)

[PERFORMANCE METRICS]
  Throughput:         3.68 Gbps (1.40 Mpps)
  Cycles available:   2143 cycles/pkt (lower = higher load)
  Active IPs:         0
  Worker threads:     14 (lcores 1-14)

[DPDK NIC STATISTICS]
  RX packets (NIC):   831985103
  RX dropped (HW):    [0m0[0m (imissed)
  RX no mbufs:        [0m0[0m (buffer exhaustion)
  RX errors:          0
  Total drops:        [0m0 (0.00%)[0m
  RX burst calls:     237433646256 (99.7% empty)
  Processed pkts:     831985443 (100.0% of NIC RX)


╔═══════════════════════════════════════════════════════════════════════╗
║          MIRA DDoS DETECTOR - STATISTICS (MULTI-CORE)                ║
╚═══════════════════════════════════════════════════════════════════════╝

[PACKET COUNTERS - GLOBAL]
  Total packets:      838966012
  Baseline (10.10.2.x): 0 (0.0%)
  Attack (10.10.3.x): 838966012 (100.0%)
  TCP packets:        0
  UDP packets:        838966012
  ICMP packets:       0

[INSTANTANEOUS TRAFFIC - Last 5.0 seconds]
  Baseline (10.10.2.x): 0 pkts (0.0%)  0 bytes  0.00 Gbps
  Attack (10.10.3.x): 7470832 pkts (100.0%)  2303370095 bytes  3.68 Gbps
  Total throughput:   3.68 Gbps  (avg pkt: 308 bytes)

[CUMULATIVE TRAFFIC - Since first packet (601.3s)]
  Total received:     838966012 pkts (1.40 Mpps) | 3.68 Gbps | 276839796018 bytes

[ATTACK-SPECIFIC COUNTERS]
  SYN packets:        0
  SYN-ACK packets:    0
  SYN/ACK ratio:      0.00
  HTTP requests:      0
  DNS queries:        6926

[PROTOCOL-SPECIFIC COUNTERS - CIC-DDoS-2019 Features]
  NTP Amplification:
    Monlist queries:  1848
    Responses:        0  (avg size: 0 bytes)
  DNS Amplification:
    ANY queries:      0
    TXT queries:      0
    Responses:        5788  (avg size: 316 bytes)
  SNMP Amplification:
    GetBulk requests: 0
    Responses:        0  (avg size: 0 bytes)
  SSDP:
    M-SEARCH packets: 0
    Responses:        13011
  PortMapper:
    GETPORT calls:    12836
    DUMP calls:       0
  NetBIOS:
    Name queries:     14302
    Datagram packets: 12874
  LDAP:
    Bind requests:    0
    Search requests:  13005
  MSSQL:
    SQLBatch packets: 12505
    RPC packets:      0
  TFTP:
    RRQ (read) pkts:  0
    WRQ (write) pkts: 0

[ATTACK DETECTIONS - Cumulative Events]
  UDP flood events:   11539
  UDP-lag events:     14
  SYN flood events:   0
  HTTP flood events:  0
  ICMP flood events:  0
  DNS amp events:     0
  NTP amp events:     0
  SNMP amp events:    0
  SSDP events:        0
  PortMap events:     0
  NetBIOS events:     0
  LDAP events:        0
  MSSQL events:       0
  TFTP events:        0
  ACK flood events:   0
  Frag attack events: 0
  Packet flood events:0
  (Note: Events count IPs exceeding thresholds per 50ms window)

[ALERT STATUS]
  Alert level:        [1;31mHIGH[0m
  Reason:             [1;31mUDP FLOOD detected: 321195253 UDP pps | [0m

[MULTI-LF (2025) COMPARISON]
=== Detection Performance vs ML-Based System ===

  First Detection Latency:   177.75 ms (vs MULTI-LF: 866 ms)
    Improvement:             4.9× faster

  Packets until detection:   0
  Bytes until detection:     0 (0.00 MB)

[OCTOSKETCH METRICS - Optimized Architecture]
=== Per-Worker Sketches + Sampling (1/32 packets) ===

  Architecture:              Per-worker (NO atomics, NO contention)
  Total sketch memory:       5377 KB (14 workers × 384.1 KB)
  Sampling rate:             1 in 32 packets (3.1% overhead)
  Attack traffic sampled:    3643776 updates
  Estimated attack packets:  116600832 (×32 sampling factor)
  Sketch overhead:           ~1.56% of fast-path cycles
  Memory efficiency:         O(1) constant, 384.1 KB per worker

[MULTIPLE DETECTION STATISTICS]
=== Aggregate Detection Analysis ===

  Total detection events:    11539
  Average detection latency: 52.11 ms
  Min detection latency:     50.22 ms
  Max detection latency:     301.73 ms
  Latency range:             251.51 ms

  Detection Latency Histogram:
    < 20 ms:  0 detections (0.0%)
    20-30 ms: 0 detections (0.0%)
    30-40 ms: 0 detections (0.0%)
    40-50 ms: 0 detections (0.0%)
    > 50 ms:  11538 detections (100.0%)

[PERFORMANCE METRICS]
  Throughput:         3.68 Gbps (1.49 Mpps)
  Cycles available:   2002 cycles/pkt (lower = higher load)
  Active IPs:         0
  Worker threads:     14 (lcores 1-14)

[DPDK NIC STATISTICS]
  RX packets (NIC):   838965667
  RX dropped (HW):    [0m0[0m (imissed)
  RX no mbufs:        [0m0[0m (buffer exhaustion)
  RX errors:          0
  Total drops:        [0m0 (0.00%)[0m
  RX burst calls:     239359772996 (99.7% empty)
  Processed pkts:     838966012 (100.0% of NIC RX)


╔═══════════════════════════════════════════════════════════════════════╗
║          MIRA DDoS DETECTOR - STATISTICS (MULTI-CORE)                ║
╚═══════════════════════════════════════════════════════════════════════╝

[PACKET COUNTERS - GLOBAL]
  Total packets:      845948145
  Baseline (10.10.2.x): 0 (0.0%)
  Attack (10.10.3.x): 845948145 (100.0%)
  TCP packets:        0
  UDP packets:        845948145
  ICMP packets:       0

[INSTANTANEOUS TRAFFIC - Last 5.0 seconds]
  Baseline (10.10.2.x): 0 pkts (0.0%)  0 bytes  0.00 Gbps
  Attack (10.10.3.x): 6982058 pkts (100.0%)  2303964128 bytes  3.68 Gbps
  Total throughput:   3.68 Gbps  (avg pkt: 330 bytes)

[CUMULATIVE TRAFFIC - Since first packet (606.3s)]
  Total received:     845948145 pkts (1.40 Mpps) | 3.68 Gbps | 279143783938 bytes

[ATTACK-SPECIFIC COUNTERS]
  SYN packets:        0
  SYN-ACK packets:    0
  SYN/ACK ratio:      0.00
  HTTP requests:      0
  DNS queries:        6984

[PROTOCOL-SPECIFIC COUNTERS - CIC-DDoS-2019 Features]
  NTP Amplification:
    Monlist queries:  1860
    Responses:        0  (avg size: 0 bytes)
  DNS Amplification:
    ANY queries:      0
    TXT queries:      0
    Responses:        5843  (avg size: 316 bytes)
  SNMP Amplification:
    GetBulk requests: 0
    Responses:        0  (avg size: 0 bytes)
  SSDP:
    M-SEARCH packets: 0
    Responses:        13109
  PortMapper:
    GETPORT calls:    12924
    DUMP calls:       0
  NetBIOS:
    Name queries:     14420
    Datagram packets: 12971
  LDAP:
    Bind requests:    0
    Search requests:  13101
  MSSQL:
    SQLBatch packets: 12616
    RPC packets:      0
  TFTP:
    RRQ (read) pkts:  0
    WRQ (write) pkts: 0

[ATTACK DETECTIONS - Cumulative Events]
  UDP flood events:   11636
  UDP-lag events:     14
  SYN flood events:   0
  HTTP flood events:  0
  ICMP flood events:  0
  DNS amp events:     0
  NTP amp events:     0
  SNMP amp events:    0
  SSDP events:        0
  PortMap events:     0
  NetBIOS events:     0
  LDAP events:        0
  MSSQL events:       0
  TFTP events:        0
  ACK flood events:   0
  Frag attack events: 0
  Packet flood events:0
  (Note: Events count IPs exceeding thresholds per 50ms window)

[ALERT STATUS]
  Alert level:        [1;31mHIGH[0m
  Reason:             [1;31mUDP FLOOD detected: 330202354 UDP pps | [0m

[MULTI-LF (2025) COMPARISON]
=== Detection Performance vs ML-Based System ===

  First Detection Latency:   177.75 ms (vs MULTI-LF: 866 ms)
    Improvement:             4.9× faster

  Packets until detection:   0
  Bytes until detection:     0 (0.00 MB)

[OCTOSKETCH METRICS - Optimized Architecture]
=== Per-Worker Sketches + Sampling (1/32 packets) ===

  Architecture:              Per-worker (NO atomics, NO contention)
  Total sketch memory:       5377 KB (14 workers × 384.1 KB)
  Sampling rate:             1 in 32 packets (3.1% overhead)
  Attack traffic sampled:    3573664 updates
  Estimated attack packets:  114357248 (×32 sampling factor)
  Sketch overhead:           ~1.56% of fast-path cycles
  Memory efficiency:         O(1) constant, 384.1 KB per worker

[MULTIPLE DETECTION STATISTICS]
=== Aggregate Detection Analysis ===

  Total detection events:    11636
  Average detection latency: 52.10 ms
  Min detection latency:     50.22 ms
  Max detection latency:     301.73 ms
  Latency range:             251.51 ms

  Detection Latency Histogram:
    < 20 ms:  0 detections (0.0%)
    20-30 ms: 0 detections (0.0%)
    30-40 ms: 0 detections (0.0%)
    40-50 ms: 0 detections (0.0%)
    > 50 ms:  11635 detections (100.0%)

[PERFORMANCE METRICS]
  Throughput:         3.68 Gbps (1.40 Mpps)
  Cycles available:   2143 cycles/pkt (lower = higher load)
  Active IPs:         0
  Worker threads:     14 (lcores 1-14)

[DPDK NIC STATISTICS]
  RX packets (NIC):   845947804
  RX dropped (HW):    [0m0[0m (imissed)
  RX no mbufs:        [0m0[0m (buffer exhaustion)
  RX errors:          0
  Total drops:        [0m0 (0.00%)[0m
  RX burst calls:     241285703625 (99.7% empty)
  Processed pkts:     845948145 (100.0% of NIC RX)


╔═══════════════════════════════════════════════════════════════════════╗
║          MIRA DDoS DETECTOR - STATISTICS (MULTI-CORE)                ║
╚═══════════════════════════════════════════════════════════════════════╝

[PACKET COUNTERS - GLOBAL]
  Total packets:      852929640
  Baseline (10.10.2.x): 0 (0.0%)
  Attack (10.10.3.x): 852929640 (100.0%)
  TCP packets:        0
  UDP packets:        852929640
  ICMP packets:       0

[INSTANTANEOUS TRAFFIC - Last 5.0 seconds]
  Baseline (10.10.2.x): 0 pkts (0.0%)  0 bytes  0.00 Gbps
  Attack (10.10.3.x): 6981431 pkts (100.0%)  2303879886 bytes  3.68 Gbps
  Total throughput:   3.68 Gbps  (avg pkt: 330 bytes)

[CUMULATIVE TRAFFIC - Since first packet (611.3s)]
  Total received:     852929640 pkts (1.40 Mpps) | 3.68 Gbps | 281447685923 bytes

[ATTACK-SPECIFIC COUNTERS]
  SYN packets:        0
  SYN-ACK packets:    0
  SYN/ACK ratio:      0.00
  HTTP requests:      0
  DNS queries:        7036

[PROTOCOL-SPECIFIC COUNTERS - CIC-DDoS-2019 Features]
  NTP Amplification:
    Monlist queries:  1878
    Responses:        0  (avg size: 0 bytes)
  DNS Amplification:
    ANY queries:      0
    TXT queries:      0
    Responses:        5888  (avg size: 316 bytes)
  SNMP Amplification:
    GetBulk requests: 0
    Responses:        0  (avg size: 0 bytes)
  SSDP:
    M-SEARCH packets: 0
    Responses:        13235
  PortMapper:
    GETPORT calls:    13049
    DUMP calls:       0
  NetBIOS:
    Name queries:     14533
    Datagram packets: 13075
  LDAP:
    Bind requests:    0
    Search requests:  13215
  MSSQL:
    SQLBatch packets: 12724
    RPC packets:      0
  TFTP:
    RRQ (read) pkts:  0
    WRQ (write) pkts: 0

[ATTACK DETECTIONS - Cumulative Events]
  UDP flood events:   11733
  UDP-lag events:     14
  SYN flood events:   0
  HTTP flood events:  0
  ICMP flood events:  0
  DNS amp events:     0
  NTP amp events:     0
  SNMP amp events:    0
  SSDP events:        0
  PortMap events:     0
  NetBIOS events:     0
  LDAP events:        0
  MSSQL events:       0
  TFTP events:        0
  ACK flood events:   0
  Frag attack events: 0
  Packet flood events:0
  (Note: Events count IPs exceeding thresholds per 50ms window)

[ALERT STATUS]
  Alert level:        [1;31mHIGH[0m
  Reason:             [1;31mUDP FLOOD detected: 332936197 UDP pps | [0m

[MULTI-LF (2025) COMPARISON]
=== Detection Performance vs ML-Based System ===

  First Detection Latency:   177.75 ms (vs MULTI-LF: 866 ms)
    Improvement:             4.9× faster

  Packets until detection:   0
  Bytes until detection:     0 (0.00 MB)

[OCTOSKETCH METRICS - Optimized Architecture]
=== Per-Worker Sketches + Sampling (1/32 packets) ===

  Architecture:              Per-worker (NO atomics, NO contention)
  Total sketch memory:       5377 KB (14 workers × 384.1 KB)
  Sampling rate:             1 in 32 packets (3.1% overhead)
  Attack traffic sampled:    3573792 updates
  Estimated attack packets:  114361344 (×32 sampling factor)
  Sketch overhead:           ~1.56% of fast-path cycles
  Memory efficiency:         O(1) constant, 384.1 KB per worker

[MULTIPLE DETECTION STATISTICS]
=== Aggregate Detection Analysis ===

  Total detection events:    11733
  Average detection latency: 52.10 ms
  Min detection latency:     50.22 ms
  Max detection latency:     301.73 ms
  Latency range:             251.51 ms

  Detection Latency Histogram:
    < 20 ms:  0 detections (0.0%)
    20-30 ms: 0 detections (0.0%)
    30-40 ms: 0 detections (0.0%)
    40-50 ms: 0 detections (0.0%)
    > 50 ms:  11732 detections (100.0%)

[PERFORMANCE METRICS]
  Throughput:         3.68 Gbps (1.40 Mpps)
  Cycles available:   2143 cycles/pkt (lower = higher load)
  Active IPs:         0
  Worker threads:     14 (lcores 1-14)

[DPDK NIC STATISTICS]
  RX packets (NIC):   852929267
  RX dropped (HW):    [0m0[0m (imissed)
  RX no mbufs:        [0m0[0m (buffer exhaustion)
  RX errors:          0
  Total drops:        [0m0 (0.00%)[0m
  RX burst calls:     243211698463 (99.7% empty)
  Processed pkts:     852929640 (100.0% of NIC RX)


╔═══════════════════════════════════════════════════════════════════════╗
║          MIRA DDoS DETECTOR - STATISTICS (MULTI-CORE)                ║
╚═══════════════════════════════════════════════════════════════════════╝

[PACKET COUNTERS - GLOBAL]
  Total packets:      859910080
  Baseline (10.10.2.x): 0 (0.0%)
  Attack (10.10.3.x): 859910080 (100.0%)
  TCP packets:        0
  UDP packets:        859910080
  ICMP packets:       0

[INSTANTANEOUS TRAFFIC - Last 5.0 seconds]
  Baseline (10.10.2.x): 0 pkts (0.0%)  0 bytes  0.00 Gbps
  Attack (10.10.3.x): 6980354 pkts (100.0%)  2303229334 bytes  3.68 Gbps
  Total throughput:   3.68 Gbps  (avg pkt: 330 bytes)

[CUMULATIVE TRAFFIC - Since first packet (616.3s)]
  Total received:     859910080 pkts (1.40 Mpps) | 3.68 Gbps | 283750944958 bytes

[ATTACK-SPECIFIC COUNTERS]
  SYN packets:        0
  SYN-ACK packets:    0
  SYN/ACK ratio:      0.00
  HTTP requests:      0
  DNS queries:        7095

[PROTOCOL-SPECIFIC COUNTERS - CIC-DDoS-2019 Features]
  NTP Amplification:
    Monlist queries:  1892
    Responses:        0  (avg size: 0 bytes)
  DNS Amplification:
    ANY queries:      0
    TXT queries:      0
    Responses:        5932  (avg size: 316 bytes)
  SNMP Amplification:
    GetBulk requests: 0
    Responses:        0  (avg size: 0 bytes)
  SSDP:
    M-SEARCH packets: 0
    Responses:        13328
  PortMapper:
    GETPORT calls:    13158
    DUMP calls:       0
  NetBIOS:
    Name queries:     14661
    Datagram packets: 13200
  LDAP:
    Bind requests:    0
    Search requests:  13330
  MSSQL:
    SQLBatch packets: 12814
    RPC packets:      0
  TFTP:
    RRQ (read) pkts:  0
    WRQ (write) pkts: 0

[ATTACK DETECTIONS - Cumulative Events]
  UDP flood events:   11829
  UDP-lag events:     14
  SYN flood events:   0
  HTTP flood events:  0
  ICMP flood events:  0
  DNS amp events:     0
  NTP amp events:     0
  SNMP amp events:    0
  SSDP events:        0
  PortMap events:     0
  NetBIOS events:     0
  LDAP events:        0
  MSSQL events:       0
  TFTP events:        0
  ACK flood events:   0
  Frag attack events: 0
  Packet flood events:0
  (Note: Events count IPs exceeding thresholds per 50ms window)

[ALERT STATUS]
  Alert level:        [1;31mHIGH[0m
  Reason:             [1;31mUDP FLOOD detected: 342358326 UDP pps | [0m

[MULTI-LF (2025) COMPARISON]
=== Detection Performance vs ML-Based System ===

  First Detection Latency:   177.75 ms (vs MULTI-LF: 866 ms)
    Improvement:             4.9× faster

  Packets until detection:   0
  Bytes until detection:     0 (0.00 MB)

[OCTOSKETCH METRICS - Optimized Architecture]
=== Per-Worker Sketches + Sampling (1/32 packets) ===

  Architecture:              Per-worker (NO atomics, NO contention)
  Total sketch memory:       5377 KB (14 workers × 384.1 KB)
  Sampling rate:             1 in 32 packets (3.1% overhead)
  Attack traffic sampled:    3502688 updates
  Estimated attack packets:  112086016 (×32 sampling factor)
  Sketch overhead:           ~1.56% of fast-path cycles
  Memory efficiency:         O(1) constant, 384.1 KB per worker

[MULTIPLE DETECTION STATISTICS]
=== Aggregate Detection Analysis ===

  Total detection events:    11829
  Average detection latency: 52.10 ms
  Min detection latency:     50.22 ms
  Max detection latency:     301.73 ms
  Latency range:             251.51 ms

  Detection Latency Histogram:
    < 20 ms:  0 detections (0.0%)
    20-30 ms: 0 detections (0.0%)
    30-40 ms: 0 detections (0.0%)
    40-50 ms: 0 detections (0.0%)
    > 50 ms:  11828 detections (100.0%)

[PERFORMANCE METRICS]
  Throughput:         3.68 Gbps (1.40 Mpps)
  Cycles available:   2143 cycles/pkt (lower = higher load)
  Active IPs:         0
  Worker threads:     14 (lcores 1-14)

[DPDK NIC STATISTICS]
  RX packets (NIC):   859909740
  RX dropped (HW):    [0m0[0m (imissed)
  RX no mbufs:        [0m0[0m (buffer exhaustion)
  RX errors:          0
  Total drops:        [0m0 (0.00%)[0m
  RX burst calls:     245137610910 (99.7% empty)
  Processed pkts:     859910080 (100.0% of NIC RX)


╔═══════════════════════════════════════════════════════════════════════╗
║          MIRA DDoS DETECTOR - STATISTICS (MULTI-CORE)                ║
╚═══════════════════════════════════════════════════════════════════════╝

[PACKET COUNTERS - GLOBAL]
  Total packets:      866892117
  Baseline (10.10.2.x): 0 (0.0%)
  Attack (10.10.3.x): 866892117 (100.0%)
  TCP packets:        0
  UDP packets:        866892117
  ICMP packets:       0

[INSTANTANEOUS TRAFFIC - Last 5.0 seconds]
  Baseline (10.10.2.x): 0 pkts (0.0%)  0 bytes  0.00 Gbps
  Attack (10.10.3.x): 6981964 pkts (100.0%)  2303832317 bytes  3.68 Gbps
  Total throughput:   3.68 Gbps  (avg pkt: 330 bytes)

[CUMULATIVE TRAFFIC - Since first packet (621.3s)]
  Total received:     866892117 pkts (1.40 Mpps) | 3.68 Gbps | 286054802276 bytes

[ATTACK-SPECIFIC COUNTERS]
  SYN packets:        0
  SYN-ACK packets:    0
  SYN/ACK ratio:      0.00
  HTTP requests:      0
  DNS queries:        7155

[PROTOCOL-SPECIFIC COUNTERS - CIC-DDoS-2019 Features]
  NTP Amplification:
    Monlist queries:  1906
    Responses:        0  (avg size: 0 bytes)
  DNS Amplification:
    ANY queries:      0
    TXT queries:      0
    Responses:        5989  (avg size: 316 bytes)
  SNMP Amplification:
    GetBulk requests: 0
    Responses:        0  (avg size: 0 bytes)
  SSDP:
    M-SEARCH packets: 0
    Responses:        13433
  PortMapper:
    GETPORT calls:    13239
    DUMP calls:       0
  NetBIOS:
    Name queries:     14777
    Datagram packets: 13296
  LDAP:
    Bind requests:    0
    Search requests:  13428
  MSSQL:
    SQLBatch packets: 12927
    RPC packets:      0
  TFTP:
    RRQ (read) pkts:  0
    WRQ (write) pkts: 0

[ATTACK DETECTIONS - Cumulative Events]
  UDP flood events:   11926
  UDP-lag events:     14
  SYN flood events:   0
  HTTP flood events:  0
  ICMP flood events:  0
  DNS amp events:     0
  NTP amp events:     0
  SNMP amp events:    0
  SSDP events:        0
  PortMap events:     0
  NetBIOS events:     0
  LDAP events:        0
  MSSQL events:       0
  TFTP events:        0
  ACK flood events:   0
  Frag attack events: 0
  Packet flood events:0
  (Note: Events count IPs exceeding thresholds per 50ms window)

[ALERT STATUS]
  Alert level:        [1;31mHIGH[0m
  Reason:             [1;31mUDP FLOOD detected: 345155422 UDP pps | [0m

[MULTI-LF (2025) COMPARISON]
=== Detection Performance vs ML-Based System ===

  First Detection Latency:   177.75 ms (vs MULTI-LF: 866 ms)
    Improvement:             4.9× faster

  Packets until detection:   0
  Bytes until detection:     0 (0.00 MB)

[OCTOSKETCH METRICS - Optimized Architecture]
=== Per-Worker Sketches + Sampling (1/32 packets) ===

  Architecture:              Per-worker (NO atomics, NO contention)
  Total sketch memory:       5377 KB (14 workers × 384.1 KB)
  Sampling rate:             1 in 32 packets (3.1% overhead)
  Attack traffic sampled:    3504160 updates
  Estimated attack packets:  112133120 (×32 sampling factor)
  Sketch overhead:           ~1.56% of fast-path cycles
  Memory efficiency:         O(1) constant, 384.1 KB per worker

[MULTIPLE DETECTION STATISTICS]
=== Aggregate Detection Analysis ===

  Total detection events:    11926
  Average detection latency: 52.10 ms
  Min detection latency:     50.22 ms
  Max detection latency:     301.73 ms
  Latency range:             251.51 ms

  Detection Latency Histogram:
    < 20 ms:  0 detections (0.0%)
    20-30 ms: 0 detections (0.0%)
    30-40 ms: 0 detections (0.0%)
    40-50 ms: 0 detections (0.0%)
    > 50 ms:  11925 detections (100.0%)

[PERFORMANCE METRICS]
  Throughput:         3.68 Gbps (1.40 Mpps)
  Cycles available:   2143 cycles/pkt (lower = higher load)
  Active IPs:         0
  Worker threads:     14 (lcores 1-14)

[DPDK NIC STATISTICS]
  RX packets (NIC):   866891742
  RX dropped (HW):    [0m0[0m (imissed)
  RX no mbufs:        [0m0[0m (buffer exhaustion)
  RX errors:          0
  Total drops:        [0m0 (0.00%)[0m
  RX burst calls:     247063685112 (99.7% empty)
  Processed pkts:     866892117 (100.0% of NIC RX)


╔═══════════════════════════════════════════════════════════════════════╗
║          MIRA DDoS DETECTOR - STATISTICS (MULTI-CORE)                ║
╚═══════════════════════════════════════════════════════════════════════╝

[PACKET COUNTERS - GLOBAL]
  Total packets:      873871158
  Baseline (10.10.2.x): 0 (0.0%)
  Attack (10.10.3.x): 873871158 (100.0%)
  TCP packets:        0
  UDP packets:        873871158
  ICMP packets:       0

[INSTANTANEOUS TRAFFIC - Last 5.0 seconds]
  Baseline (10.10.2.x): 0 pkts (0.0%)  0 bytes  0.00 Gbps
  Attack (10.10.3.x): 6978975 pkts (100.0%)  2302749044 bytes  3.68 Gbps
  Total throughput:   3.68 Gbps  (avg pkt: 330 bytes)

[CUMULATIVE TRAFFIC - Since first packet (626.3s)]
  Total received:     873871158 pkts (1.40 Mpps) | 3.68 Gbps | 288357574014 bytes

[ATTACK-SPECIFIC COUNTERS]
  SYN packets:        0
  SYN-ACK packets:    0
  SYN/ACK ratio:      0.00
  HTTP requests:      0
  DNS queries:        7213

[PROTOCOL-SPECIFIC COUNTERS - CIC-DDoS-2019 Features]
  NTP Amplification:
    Monlist queries:  1925
    Responses:        0  (avg size: 0 bytes)
  DNS Amplification:
    ANY queries:      0
    TXT queries:      0
    Responses:        6029  (avg size: 316 bytes)
  SNMP Amplification:
    GetBulk requests: 0
    Responses:        0  (avg size: 0 bytes)
  SSDP:
    M-SEARCH packets: 0
    Responses:        13564
  PortMapper:
    GETPORT calls:    13366
    DUMP calls:       0
  NetBIOS:
    Name queries:     14891
    Datagram packets: 13397
  LDAP:
    Bind requests:    0
    Search requests:  13535
  MSSQL:
    SQLBatch packets: 13037
    RPC packets:      0
  TFTP:
    RRQ (read) pkts:  0
    WRQ (write) pkts: 0

[ATTACK DETECTIONS - Cumulative Events]
  UDP flood events:   12023
  UDP-lag events:     14
  SYN flood events:   0
  HTTP flood events:  0
  ICMP flood events:  0
  DNS amp events:     0
  NTP amp events:     0
  SNMP amp events:    0
  SSDP events:        0
  PortMap events:     0
  NetBIOS events:     0
  LDAP events:        0
  MSSQL events:       0
  TFTP events:        0
  ACK flood events:   0
  Frag attack events: 0
  Packet flood events:0
  (Note: Events count IPs exceeding thresholds per 50ms window)

[ALERT STATUS]
  Alert level:        [1;31mHIGH[0m
  Reason:             [1;31mUDP FLOOD detected: 347941189 UDP pps | [0m

[MULTI-LF (2025) COMPARISON]
=== Detection Performance vs ML-Based System ===

  First Detection Latency:   177.75 ms (vs MULTI-LF: 866 ms)
    Improvement:             4.9× faster

  Packets until detection:   0
  Bytes until detection:     0 (0.00 MB)

[OCTOSKETCH METRICS - Optimized Architecture]
=== Per-Worker Sketches + Sampling (1/32 packets) ===

  Architecture:              Per-worker (NO atomics, NO contention)
  Total sketch memory:       5377 KB (14 workers × 384.1 KB)
  Sampling rate:             1 in 32 packets (3.1% overhead)
  Attack traffic sampled:    3501792 updates
  Estimated attack packets:  112057344 (×32 sampling factor)
  Sketch overhead:           ~1.56% of fast-path cycles
  Memory efficiency:         O(1) constant, 384.1 KB per worker

[MULTIPLE DETECTION STATISTICS]
=== Aggregate Detection Analysis ===

  Total detection events:    12023
  Average detection latency: 52.09 ms
  Min detection latency:     50.22 ms
  Max detection latency:     301.73 ms
  Latency range:             251.51 ms

  Detection Latency Histogram:
    < 20 ms:  0 detections (0.0%)
    20-30 ms: 0 detections (0.0%)
    30-40 ms: 0 detections (0.0%)
    40-50 ms: 0 detections (0.0%)
    > 50 ms:  12022 detections (100.0%)

[PERFORMANCE METRICS]
  Throughput:         3.68 Gbps (1.39 Mpps)
  Cycles available:   2143 cycles/pkt (lower = higher load)
  Active IPs:         0
  Worker threads:     14 (lcores 1-14)

[DPDK NIC STATISTICS]
  RX packets (NIC):   873870817
  RX dropped (HW):    [0m0[0m (imissed)
  RX no mbufs:        [0m0[0m (buffer exhaustion)
  RX errors:          0
  Total drops:        [0m0 (0.00%)[0m
  RX burst calls:     248989872306 (99.7% empty)
  Processed pkts:     873871158 (100.0% of NIC RX)


╔═══════════════════════════════════════════════════════════════════════╗
║          MIRA DDoS DETECTOR - STATISTICS (MULTI-CORE)                ║
╚═══════════════════════════════════════════════════════════════════════╝

[PACKET COUNTERS - GLOBAL]
  Total packets:      880853089
  Baseline (10.10.2.x): 0 (0.0%)
  Attack (10.10.3.x): 880853089 (100.0%)
  TCP packets:        0
  UDP packets:        880853089
  ICMP packets:       0

[INSTANTANEOUS TRAFFIC - Last 5.0 seconds]
  Baseline (10.10.2.x): 0 pkts (0.0%)  0 bytes  0.00 Gbps
  Attack (10.10.3.x): 6981858 pkts (100.0%)  2303956795 bytes  3.68 Gbps
  Total throughput:   3.68 Gbps  (avg pkt: 330 bytes)

[CUMULATIVE TRAFFIC - Since first packet (631.3s)]
  Total received:     880853089 pkts (1.40 Mpps) | 3.68 Gbps | 290661554304 bytes

[ATTACK-SPECIFIC COUNTERS]
  SYN packets:        0
  SYN-ACK packets:    0
  SYN/ACK ratio:      0.00
  HTTP requests:      0
  DNS queries:        7268

[PROTOCOL-SPECIFIC COUNTERS - CIC-DDoS-2019 Features]
  NTP Amplification:
    Monlist queries:  1940
    Responses:        0  (avg size: 0 bytes)
  DNS Amplification:
    ANY queries:      0
    TXT queries:      0
    Responses:        6080  (avg size: 316 bytes)
  SNMP Amplification:
    GetBulk requests: 0
    Responses:        0  (avg size: 0 bytes)
  SSDP:
    M-SEARCH packets: 0
    Responses:        13652
  PortMapper:
    GETPORT calls:    13469
    DUMP calls:       0
  NetBIOS:
    Name queries:     15019
    Datagram packets: 13523
  LDAP:
    Bind requests:    0
    Search requests:  13653
  MSSQL:
    SQLBatch packets: 13130
    RPC packets:      0
  TFTP:
    RRQ (read) pkts:  0
    WRQ (write) pkts: 0

[ATTACK DETECTIONS - Cumulative Events]
  UDP flood events:   12120
  UDP-lag events:     14
  SYN flood events:   0
  HTTP flood events:  0
  ICMP flood events:  0
  DNS amp events:     0
  NTP amp events:     0
  SNMP amp events:    0
  SSDP events:        0
  PortMap events:     0
  NetBIOS events:     0
  LDAP events:        0
  MSSQL events:       0
  TFTP events:        0
  ACK flood events:   0
  Frag attack events: 0
  Packet flood events:0
  (Note: Events count IPs exceeding thresholds per 50ms window)

[ALERT STATUS]
  Alert level:        [1;31mHIGH[0m
  Reason:             [1;31mUDP FLOOD detected: 357856567 UDP pps | [0m

[MULTI-LF (2025) COMPARISON]
=== Detection Performance vs ML-Based System ===

  First Detection Latency:   177.75 ms (vs MULTI-LF: 866 ms)
    Improvement:             4.9× faster

  Packets until detection:   0
  Bytes until detection:     0 (0.00 MB)

[OCTOSKETCH METRICS - Optimized Architecture]
=== Per-Worker Sketches + Sampling (1/32 packets) ===

  Architecture:              Per-worker (NO atomics, NO contention)
  Total sketch memory:       5377 KB (14 workers × 384.1 KB)
  Sampling rate:             1 in 32 packets (3.1% overhead)
  Attack traffic sampled:    3433760 updates
  Estimated attack packets:  109880320 (×32 sampling factor)
  Sketch overhead:           ~1.56% of fast-path cycles
  Memory efficiency:         O(1) constant, 384.1 KB per worker

[MULTIPLE DETECTION STATISTICS]
=== Aggregate Detection Analysis ===

  Total detection events:    12120
  Average detection latency: 52.09 ms
  Min detection latency:     50.22 ms
  Max detection latency:     301.73 ms
  Latency range:             251.51 ms

  Detection Latency Histogram:
    < 20 ms:  0 detections (0.0%)
    20-30 ms: 0 detections (0.0%)
    30-40 ms: 0 detections (0.0%)
    40-50 ms: 0 detections (0.0%)
    > 50 ms:  12119 detections (100.0%)

[PERFORMANCE METRICS]
  Throughput:         3.68 Gbps (1.40 Mpps)
  Cycles available:   2143 cycles/pkt (lower = higher load)
  Active IPs:         0
  Worker threads:     14 (lcores 1-14)

[DPDK NIC STATISTICS]
  RX packets (NIC):   880852770
  RX dropped (HW):    [0m0[0m (imissed)
  RX no mbufs:        [0m0[0m (buffer exhaustion)
  RX errors:          0
  Total drops:        [0m0 (0.00%)[0m
  RX burst calls:     250915796165 (99.7% empty)
  Processed pkts:     880853089 (100.0% of NIC RX)


╔═══════════════════════════════════════════════════════════════════════╗
║          MIRA DDoS DETECTOR - STATISTICS (MULTI-CORE)                ║
╚═══════════════════════════════════════════════════════════════════════╝

[PACKET COUNTERS - GLOBAL]
  Total packets:      887835067
  Baseline (10.10.2.x): 0 (0.0%)
  Attack (10.10.3.x): 887835067 (100.0%)
  TCP packets:        0
  UDP packets:        887835067
  ICMP packets:       0

[INSTANTANEOUS TRAFFIC - Last 5.0 seconds]
  Baseline (10.10.2.x): 0 pkts (0.0%)  0 bytes  0.00 Gbps
  Attack (10.10.3.x): 6981910 pkts (100.0%)  2303586359 bytes  3.68 Gbps
  Total throughput:   3.68 Gbps  (avg pkt: 330 bytes)

[CUMULATIVE TRAFFIC - Since first packet (636.3s)]
  Total received:     887835067 pkts (1.40 Mpps) | 3.68 Gbps | 292965164620 bytes

[ATTACK-SPECIFIC COUNTERS]
  SYN packets:        0
  SYN-ACK packets:    0
  SYN/ACK ratio:      0.00
  HTTP requests:      0
  DNS queries:        7325

[PROTOCOL-SPECIFIC COUNTERS - CIC-DDoS-2019 Features]
  NTP Amplification:
    Monlist queries:  1952
    Responses:        0  (avg size: 0 bytes)
  DNS Amplification:
    ANY queries:      0
    TXT queries:      0
    Responses:        6134  (avg size: 316 bytes)
  SNMP Amplification:
    GetBulk requests: 0
    Responses:        0  (avg size: 0 bytes)
  SSDP:
    M-SEARCH packets: 0
    Responses:        13762
  PortMapper:
    GETPORT calls:    13562
    DUMP calls:       0
  NetBIOS:
    Name queries:     15137
    Datagram packets: 13613
  LDAP:
    Bind requests:    0
    Search requests:  13754
  MSSQL:
    SQLBatch packets: 13241
    RPC packets:      0
  TFTP:
    RRQ (read) pkts:  0
    WRQ (write) pkts: 0

[ATTACK DETECTIONS - Cumulative Events]
  UDP flood events:   12217
  UDP-lag events:     14
  SYN flood events:   0
  HTTP flood events:  0
  ICMP flood events:  0
  DNS amp events:     0
  NTP amp events:     0
  SNMP amp events:    0
  SSDP events:        0
  PortMap events:     0
  NetBIOS events:     0
  LDAP events:        0
  MSSQL events:       0
  TFTP events:        0
  ACK flood events:   0
  Frag attack events: 0
  Packet flood events:0
  (Note: Events count IPs exceeding thresholds per 50ms window)

[ALERT STATUS]
  Alert level:        [1;31mHIGH[0m
  Reason:             [1;31mUDP FLOOD detected: 360706576 UDP pps | [0m

[MULTI-LF (2025) COMPARISON]
=== Detection Performance vs ML-Based System ===

  First Detection Latency:   177.75 ms (vs MULTI-LF: 866 ms)
    Improvement:             4.9× faster

  Packets until detection:   0
  Bytes until detection:     0 (0.00 MB)

[OCTOSKETCH METRICS - Optimized Architecture]
=== Per-Worker Sketches + Sampling (1/32 packets) ===

  Architecture:              Per-worker (NO atomics, NO contention)
  Total sketch memory:       5377 KB (14 workers × 384.1 KB)
  Sampling rate:             1 in 32 packets (3.1% overhead)
  Attack traffic sampled:    3433472 updates
  Estimated attack packets:  109871104 (×32 sampling factor)
  Sketch overhead:           ~1.56% of fast-path cycles
  Memory efficiency:         O(1) constant, 384.1 KB per worker

[MULTIPLE DETECTION STATISTICS]
=== Aggregate Detection Analysis ===

  Total detection events:    12217
  Average detection latency: 52.09 ms
  Min detection latency:     50.22 ms
  Max detection latency:     301.73 ms
  Latency range:             251.51 ms

  Detection Latency Histogram:
    < 20 ms:  0 detections (0.0%)
    20-30 ms: 0 detections (0.0%)
    30-40 ms: 0 detections (0.0%)
    40-50 ms: 0 detections (0.0%)
    > 50 ms:  12216 detections (100.0%)

[PERFORMANCE METRICS]
  Throughput:         3.68 Gbps (1.40 Mpps)
  Cycles available:   2143 cycles/pkt (lower = higher load)
  Active IPs:         0
  Worker threads:     14 (lcores 1-14)

[DPDK NIC STATISTICS]
  RX packets (NIC):   887834718
  RX dropped (HW):    [0m0[0m (imissed)
  RX no mbufs:        [0m0[0m (buffer exhaustion)
  RX errors:          0
  Total drops:        [0m0 (0.00%)[0m
  RX burst calls:     252841706553 (99.7% empty)
  Processed pkts:     887835067 (100.0% of NIC RX)


╔═══════════════════════════════════════════════════════════════════════╗
║          MIRA DDoS DETECTOR - STATISTICS (MULTI-CORE)                ║
╚═══════════════════════════════════════════════════════════════════════╝

[PACKET COUNTERS - GLOBAL]
  Total packets:      894815961
  Baseline (10.10.2.x): 0 (0.0%)
  Attack (10.10.3.x): 894815961 (100.0%)
  TCP packets:        0
  UDP packets:        894815961
  ICMP packets:       0

[INSTANTANEOUS TRAFFIC - Last 5.0 seconds]
  Baseline (10.10.2.x): 0 pkts (0.0%)  0 bytes  0.00 Gbps
  Attack (10.10.3.x): 6980808 pkts (100.0%)  2303796117 bytes  3.68 Gbps
  Total throughput:   3.68 Gbps  (avg pkt: 330 bytes)

[CUMULATIVE TRAFFIC - Since first packet (641.3s)]
  Total received:     894815961 pkts (1.40 Mpps) | 3.68 Gbps | 295268989868 bytes

[ATTACK-SPECIFIC COUNTERS]
  SYN packets:        0
  SYN-ACK packets:    0
  SYN/ACK ratio:      0.00
  HTTP requests:      0
  DNS queries:        7385

[PROTOCOL-SPECIFIC COUNTERS - CIC-DDoS-2019 Features]
  NTP Amplification:
    Monlist queries:  1971
    Responses:        0  (avg size: 0 bytes)
  DNS Amplification:
    ANY queries:      0
    TXT queries:      0
    Responses:        6171  (avg size: 316 bytes)
  SNMP Amplification:
    GetBulk requests: 0
    Responses:        0  (avg size: 0 bytes)
  SSDP:
    M-SEARCH packets: 0
    Responses:        13885
  PortMapper:
    GETPORT calls:    13687
    DUMP calls:       0
  NetBIOS:
    Name queries:     15249
    Datagram packets: 13715
  LDAP:
    Bind requests:    0
    Search requests:  13865
  MSSQL:
    SQLBatch packets: 13350
    RPC packets:      0
  TFTP:
    RRQ (read) pkts:  0
    WRQ (write) pkts: 0

[ATTACK DETECTIONS - Cumulative Events]
  UDP flood events:   12313
  UDP-lag events:     14
  SYN flood events:   0
  HTTP flood events:  0
  ICMP flood events:  0
  DNS amp events:     0
  NTP amp events:     0
  SNMP amp events:    0
  SSDP events:        0
  PortMap events:     0
  NetBIOS events:     0
  LDAP events:        0
  MSSQL events:       0
  TFTP events:        0
  ACK flood events:   0
  Frag attack events: 0
  Packet flood events:0
  (Note: Events count IPs exceeding thresholds per 50ms window)

[ALERT STATUS]
  Alert level:        [1;31mHIGH[0m
  Reason:             [1;31mUDP FLOOD detected: 371098746 UDP pps | [0m

[MULTI-LF (2025) COMPARISON]
=== Detection Performance vs ML-Based System ===

  First Detection Latency:   177.75 ms (vs MULTI-LF: 866 ms)
    Improvement:             4.9× faster

  Packets until detection:   0
  Bytes until detection:     0 (0.00 MB)

[OCTOSKETCH METRICS - Optimized Architecture]
=== Per-Worker Sketches + Sampling (1/32 packets) ===

  Architecture:              Per-worker (NO atomics, NO contention)
  Total sketch memory:       5377 KB (14 workers × 384.1 KB)
  Sampling rate:             1 in 32 packets (3.1% overhead)
  Attack traffic sampled:    3363136 updates
  Estimated attack packets:  107620352 (×32 sampling factor)
  Sketch overhead:           ~1.56% of fast-path cycles
  Memory efficiency:         O(1) constant, 384.1 KB per worker

[MULTIPLE DETECTION STATISTICS]
=== Aggregate Detection Analysis ===

  Total detection events:    12313
  Average detection latency: 52.08 ms
  Min detection latency:     50.22 ms
  Max detection latency:     301.73 ms
  Latency range:             251.51 ms

  Detection Latency Histogram:
    < 20 ms:  0 detections (0.0%)
    20-30 ms: 0 detections (0.0%)
    30-40 ms: 0 detections (0.0%)
    40-50 ms: 0 detections (0.0%)
    > 50 ms:  12312 detections (100.0%)

[PERFORMANCE METRICS]
  Throughput:         3.68 Gbps (1.40 Mpps)
  Cycles available:   2143 cycles/pkt (lower = higher load)
  Active IPs:         0
  Worker threads:     14 (lcores 1-14)

[DPDK NIC STATISTICS]
  RX packets (NIC):   894815650
  RX dropped (HW):    [0m0[0m (imissed)
  RX no mbufs:        [0m0[0m (buffer exhaustion)
  RX errors:          0
  Total drops:        [0m0 (0.00%)[0m
  RX burst calls:     254767662365 (99.7% empty)
  Processed pkts:     894815961 (100.0% of NIC RX)


╔═══════════════════════════════════════════════════════════════════════╗
║          MIRA DDoS DETECTOR - STATISTICS (MULTI-CORE)                ║
╚═══════════════════════════════════════════════════════════════════════╝

[PACKET COUNTERS - GLOBAL]
  Total packets:      901797882
  Baseline (10.10.2.x): 0 (0.0%)
  Attack (10.10.3.x): 901797882 (100.0%)
  TCP packets:        0
  UDP packets:        901797882
  ICMP packets:       0

[INSTANTANEOUS TRAFFIC - Last 5.0 seconds]
  Baseline (10.10.2.x): 0 pkts (0.0%)  0 bytes  0.00 Gbps
  Attack (10.10.3.x): 6981860 pkts (100.0%)  2303986616 bytes  3.68 Gbps
  Total throughput:   3.68 Gbps  (avg pkt: 330 bytes)

[CUMULATIVE TRAFFIC - Since first packet (646.3s)]
  Total received:     901797882 pkts (1.40 Mpps) | 3.68 Gbps | 297572995563 bytes

[ATTACK-SPECIFIC COUNTERS]
  SYN packets:        0
  SYN-ACK packets:    0
  SYN/ACK ratio:      0.00
  HTTP requests:      0
  DNS queries:        7448

[PROTOCOL-SPECIFIC COUNTERS - CIC-DDoS-2019 Features]
  NTP Amplification:
    Monlist queries:  1986
    Responses:        0  (avg size: 0 bytes)
  DNS Amplification:
    ANY queries:      0
    TXT queries:      0
    Responses:        6225  (avg size: 316 bytes)
  SNMP Amplification:
    GetBulk requests: 0
    Responses:        0  (avg size: 0 bytes)
  SSDP:
    M-SEARCH packets: 0
    Responses:        13971
  PortMapper:
    GETPORT calls:    13786
    DUMP calls:       0
  NetBIOS:
    Name queries:     15367
    Datagram packets: 13838
  LDAP:
    Bind requests:    0
    Search requests:  13977
  MSSQL:
    SQLBatch packets: 13445
    RPC packets:      0
  TFTP:
    RRQ (read) pkts:  0
    WRQ (write) pkts: 0

[ATTACK DETECTIONS - Cumulative Events]
  UDP flood events:   12410
  UDP-lag events:     14
  SYN flood events:   0
  HTTP flood events:  0
  ICMP flood events:  0
  DNS amp events:     0
  NTP amp events:     0
  SNMP amp events:    0
  SSDP events:        0
  PortMap events:     0
  NetBIOS events:     0
  LDAP events:        0
  MSSQL events:       0
  TFTP events:        0
  ACK flood events:   0
  Frag attack events: 0
  Packet flood events:0
  (Note: Events count IPs exceeding thresholds per 50ms window)

[ALERT STATUS]
  Alert level:        [1;31mHIGH[0m
  Reason:             [1;31mUDP FLOOD detected: 374006296 UDP pps | [0m

[MULTI-LF (2025) COMPARISON]
=== Detection Performance vs ML-Based System ===

  First Detection Latency:   177.75 ms (vs MULTI-LF: 866 ms)
    Improvement:             4.9× faster

  Packets until detection:   0
  Bytes until detection:     0 (0.00 MB)

[OCTOSKETCH METRICS - Optimized Architecture]
=== Per-Worker Sketches + Sampling (1/32 packets) ===

  Architecture:              Per-worker (NO atomics, NO contention)
  Total sketch memory:       5377 KB (14 workers × 384.1 KB)
  Sampling rate:             1 in 32 packets (3.1% overhead)
  Attack traffic sampled:    3365248 updates
  Estimated attack packets:  107687936 (×32 sampling factor)
  Sketch overhead:           ~1.56% of fast-path cycles
  Memory efficiency:         O(1) constant, 384.1 KB per worker

[MULTIPLE DETECTION STATISTICS]
=== Aggregate Detection Analysis ===

  Total detection events:    12410
  Average detection latency: 52.08 ms
  Min detection latency:     50.22 ms
  Max detection latency:     301.73 ms
  Latency range:             251.51 ms

  Detection Latency Histogram:
    < 20 ms:  0 detections (0.0%)
    20-30 ms: 0 detections (0.0%)
    30-40 ms: 0 detections (0.0%)
    40-50 ms: 0 detections (0.0%)
    > 50 ms:  12409 detections (100.0%)

[PERFORMANCE METRICS]
  Throughput:         3.68 Gbps (1.40 Mpps)
  Cycles available:   2143 cycles/pkt (lower = higher load)
  Active IPs:         0
  Worker threads:     14 (lcores 1-14)

[DPDK NIC STATISTICS]
  RX packets (NIC):   901797567
  RX dropped (HW):    [0m0[0m (imissed)
  RX no mbufs:        [0m0[0m (buffer exhaustion)
  RX errors:          0
  Total drops:        [0m0 (0.00%)[0m
  RX burst calls:     256693569731 (99.7% empty)
  Processed pkts:     901797882 (100.0% of NIC RX)


╔═══════════════════════════════════════════════════════════════════════╗
║          MIRA DDoS DETECTOR - STATISTICS (MULTI-CORE)                ║
╚═══════════════════════════════════════════════════════════════════════╝

[PACKET COUNTERS - GLOBAL]
  Total packets:      908779882
  Baseline (10.10.2.x): 0 (0.0%)
  Attack (10.10.3.x): 908779882 (100.0%)
  TCP packets:        0
  UDP packets:        908779882
  ICMP packets:       0

[INSTANTANEOUS TRAFFIC - Last 5.0 seconds]
  Baseline (10.10.2.x): 0 pkts (0.0%)  0 bytes  0.00 Gbps
  Attack (10.10.3.x): 6981923 pkts (100.0%)  2303577096 bytes  3.68 Gbps
  Total throughput:   3.68 Gbps  (avg pkt: 330 bytes)

[CUMULATIVE TRAFFIC - Since first packet (651.3s)]
  Total received:     908779882 pkts (1.40 Mpps) | 3.68 Gbps | 299876597582 bytes

[ATTACK-SPECIFIC COUNTERS]
  SYN packets:        0
  SYN-ACK packets:    0
  SYN/ACK ratio:      0.00
  HTTP requests:      0
  DNS queries:        7499

[PROTOCOL-SPECIFIC COUNTERS - CIC-DDoS-2019 Features]
  NTP Amplification:
    Monlist queries:  1999
    Responses:        0  (avg size: 0 bytes)
  DNS Amplification:
    ANY queries:      0
    TXT queries:      0
    Responses:        6281  (avg size: 316 bytes)
  SNMP Amplification:
    GetBulk requests: 0
    Responses:        0  (avg size: 0 bytes)
  SSDP:
    M-SEARCH packets: 0
    Responses:        14087
  PortMapper:
    GETPORT calls:    13893
    DUMP calls:       0
  NetBIOS:
    Name queries:     15487
    Datagram packets: 13939
  LDAP:
    Bind requests:    0
    Search requests:  14086
  MSSQL:
    SQLBatch packets: 13551
    RPC packets:      0
  TFTP:
    RRQ (read) pkts:  0
    WRQ (write) pkts: 0

[ATTACK DETECTIONS - Cumulative Events]
  UDP flood events:   12507
  UDP-lag events:     14
  SYN flood events:   0
  HTTP flood events:  0
  ICMP flood events:  0
  DNS amp events:     0
  NTP amp events:     0
  SNMP amp events:    0
  SSDP events:        0
  PortMap events:     0
  NetBIOS events:     0
  LDAP events:        0
  MSSQL events:       0
  TFTP events:        0
  ACK flood events:   0
  Frag attack events: 0
  Packet flood events:0
  (Note: Events count IPs exceeding thresholds per 50ms window)

[ALERT STATUS]
  Alert level:        [1;31mHIGH[0m
  Reason:             [1;31mUDP FLOOD detected: 376912692 UDP pps | [0m

[MULTI-LF (2025) COMPARISON]
=== Detection Performance vs ML-Based System ===

  First Detection Latency:   177.75 ms (vs MULTI-LF: 866 ms)
    Improvement:             4.9× faster

  Packets until detection:   0
  Bytes until detection:     0 (0.00 MB)

[OCTOSKETCH METRICS - Optimized Architecture]
=== Per-Worker Sketches + Sampling (1/32 packets) ===

  Architecture:              Per-worker (NO atomics, NO contention)
  Total sketch memory:       5377 KB (14 workers × 384.1 KB)
  Sampling rate:             1 in 32 packets (3.1% overhead)
  Attack traffic sampled:    3364256 updates
  Estimated attack packets:  107656192 (×32 sampling factor)
  Sketch overhead:           ~1.56% of fast-path cycles
  Memory efficiency:         O(1) constant, 384.1 KB per worker

[MULTIPLE DETECTION STATISTICS]
=== Aggregate Detection Analysis ===

  Total detection events:    12507
  Average detection latency: 52.08 ms
  Min detection latency:     50.22 ms
  Max detection latency:     301.73 ms
  Latency range:             251.51 ms

  Detection Latency Histogram:
    < 20 ms:  0 detections (0.0%)
    20-30 ms: 0 detections (0.0%)
    30-40 ms: 0 detections (0.0%)
    40-50 ms: 0 detections (0.0%)
    > 50 ms:  12506 detections (100.0%)

[PERFORMANCE METRICS]
  Throughput:         3.68 Gbps (1.40 Mpps)
  Cycles available:   2143 cycles/pkt (lower = higher load)
  Active IPs:         0
  Worker threads:     14 (lcores 1-14)

[DPDK NIC STATISTICS]
  RX packets (NIC):   908779525
  RX dropped (HW):    [0m0[0m (imissed)
  RX no mbufs:        [0m0[0m (buffer exhaustion)
  RX errors:          0
  Total drops:        [0m0 (0.00%)[0m
  RX burst calls:     258619640492 (99.7% empty)
  Processed pkts:     908779882 (100.0% of NIC RX)


╔═══════════════════════════════════════════════════════════════════════╗
║          MIRA DDoS DETECTOR - STATISTICS (MULTI-CORE)                ║
╚═══════════════════════════════════════════════════════════════════════╝

[PACKET COUNTERS - GLOBAL]
  Total packets:      915759766
  Baseline (10.10.2.x): 0 (0.0%)
  Attack (10.10.3.x): 915759766 (100.0%)
  TCP packets:        0
  UDP packets:        915759766
  ICMP packets:       0

[INSTANTANEOUS TRAFFIC - Last 5.0 seconds]
  Baseline (10.10.2.x): 0 pkts (0.0%)  0 bytes  0.00 Gbps
  Attack (10.10.3.x): 6979807 pkts (100.0%)  2303370068 bytes  3.68 Gbps
  Total throughput:   3.68 Gbps  (avg pkt: 330 bytes)

[CUMULATIVE TRAFFIC - Since first packet (656.4s)]
  Total received:     915759766 pkts (1.40 Mpps) | 3.68 Gbps | 302179994597 bytes

[ATTACK-SPECIFIC COUNTERS]
  SYN packets:        0
  SYN-ACK packets:    0
  SYN/ACK ratio:      0.00
  HTTP requests:      0
  DNS queries:        7559

[PROTOCOL-SPECIFIC COUNTERS - CIC-DDoS-2019 Features]
  NTP Amplification:
    Monlist queries:  2016
    Responses:        0  (avg size: 0 bytes)
  DNS Amplification:
    ANY queries:      0
    TXT queries:      0
    Responses:        6317  (avg size: 316 bytes)
  SNMP Amplification:
    GetBulk requests: 0
    Responses:        0  (avg size: 0 bytes)
  SSDP:
    M-SEARCH packets: 0
    Responses:        14214
  PortMapper:
    GETPORT calls:    14009
    DUMP calls:       0
  NetBIOS:
    Name queries:     15602
    Datagram packets: 14042
  LDAP:
    Bind requests:    0
    Search requests:  14189
  MSSQL:
    SQLBatch packets: 13659
    RPC packets:      0
  TFTP:
    RRQ (read) pkts:  0
    WRQ (write) pkts: 0

[ATTACK DETECTIONS - Cumulative Events]
  UDP flood events:   12604
  UDP-lag events:     14
  SYN flood events:   0
  HTTP flood events:  0
  ICMP flood events:  0
  DNS amp events:     0
  NTP amp events:     0
  SNMP amp events:    0
  SSDP events:        0
  PortMap events:     0
  NetBIOS events:     0
  LDAP events:        0
  MSSQL events:       0
  TFTP events:        0
  ACK flood events:   0
  Frag attack events: 0
  Packet flood events:0
  (Note: Events count IPs exceeding thresholds per 50ms window)

[ALERT STATUS]
  Alert level:        [1;31mHIGH[0m
  Reason:             [1;31mUDP FLOOD detected: 387869996 UDP pps | [0m

[MULTI-LF (2025) COMPARISON]
=== Detection Performance vs ML-Based System ===

  First Detection Latency:   177.75 ms (vs MULTI-LF: 866 ms)
    Improvement:             4.9× faster

  Packets until detection:   0
  Bytes until detection:     0 (0.00 MB)

[OCTOSKETCH METRICS - Optimized Architecture]
=== Per-Worker Sketches + Sampling (1/32 packets) ===

  Architecture:              Per-worker (NO atomics, NO contention)
  Total sketch memory:       5377 KB (14 workers × 384.1 KB)
  Sampling rate:             1 in 32 packets (3.1% overhead)
  Attack traffic sampled:    3294080 updates
  Estimated attack packets:  105410560 (×32 sampling factor)
  Sketch overhead:           ~1.56% of fast-path cycles
  Memory efficiency:         O(1) constant, 384.1 KB per worker

[MULTIPLE DETECTION STATISTICS]
=== Aggregate Detection Analysis ===

  Total detection events:    12604
  Average detection latency: 52.07 ms
  Min detection latency:     50.22 ms
  Max detection latency:     301.73 ms
  Latency range:             251.51 ms

  Detection Latency Histogram:
    < 20 ms:  0 detections (0.0%)
    20-30 ms: 0 detections (0.0%)
    30-40 ms: 0 detections (0.0%)
    40-50 ms: 0 detections (0.0%)
    > 50 ms:  12603 detections (100.0%)

[PERFORMANCE METRICS]
  Throughput:         3.68 Gbps (1.40 Mpps)
  Cycles available:   2143 cycles/pkt (lower = higher load)
  Active IPs:         0
  Worker threads:     14 (lcores 1-14)

[DPDK NIC STATISTICS]
  RX packets (NIC):   915759415
  RX dropped (HW):    [0m0[0m (imissed)
  RX no mbufs:        [0m0[0m (buffer exhaustion)
  RX errors:          0
  Total drops:        [0m0 (0.00%)[0m
  RX burst calls:     260545587384 (99.7% empty)
  Processed pkts:     915759766 (100.0% of NIC RX)


╔═══════════════════════════════════════════════════════════════════════╗
║          MIRA DDoS DETECTOR - STATISTICS (MULTI-CORE)                ║
╚═══════════════════════════════════════════════════════════════════════╝

[PACKET COUNTERS - GLOBAL]
  Total packets:      922741257
  Baseline (10.10.2.x): 0 (0.0%)
  Attack (10.10.3.x): 922741257 (100.0%)
  TCP packets:        0
  UDP packets:        922741257
  ICMP packets:       0

[INSTANTANEOUS TRAFFIC - Last 5.0 seconds]
  Baseline (10.10.2.x): 0 pkts (0.0%)  0 bytes  0.00 Gbps
  Attack (10.10.3.x): 6981415 pkts (100.0%)  2303988688 bytes  3.68 Gbps
  Total throughput:   3.68 Gbps  (avg pkt: 330 bytes)

[CUMULATIVE TRAFFIC - Since first packet (661.4s)]
  Total received:     922741257 pkts (1.40 Mpps) | 3.68 Gbps | 304484008788 bytes

[ATTACK-SPECIFIC COUNTERS]
  SYN packets:        0
  SYN-ACK packets:    0
  SYN/ACK ratio:      0.00
  HTTP requests:      0
  DNS queries:        7623

[PROTOCOL-SPECIFIC COUNTERS - CIC-DDoS-2019 Features]
  NTP Amplification:
    Monlist queries:  2031
    Responses:        0  (avg size: 0 bytes)
  DNS Amplification:
    ANY queries:      0
    TXT queries:      0
    Responses:        6370  (avg size: 316 bytes)
  SNMP Amplification:
    GetBulk requests: 0
    Responses:        0  (avg size: 0 bytes)
  SSDP:
    M-SEARCH packets: 0
    Responses:        14290
  PortMapper:
    GETPORT calls:    14104
    DUMP calls:       0
  NetBIOS:
    Name queries:     15725
    Datagram packets: 14157
  LDAP:
    Bind requests:    0
    Search requests:  14296
  MSSQL:
    SQLBatch packets: 13753
    RPC packets:      0
  TFTP:
    RRQ (read) pkts:  0
    WRQ (write) pkts: 0

[ATTACK DETECTIONS - Cumulative Events]
  UDP flood events:   12701
  UDP-lag events:     14
  SYN flood events:   0
  HTTP flood events:  0
  ICMP flood events:  0
  DNS amp events:     0
  NTP amp events:     0
  SNMP amp events:    0
  SSDP events:        0
  PortMap events:     0
  NetBIOS events:     0
  LDAP events:        0
  MSSQL events:       0
  TFTP events:        0
  ACK flood events:   0
  Frag attack events: 0
  Packet flood events:0
  (Note: Events count IPs exceeding thresholds per 50ms window)

[ALERT STATUS]
  Alert level:        [1;31mHIGH[0m
  Reason:             [1;31mUDP FLOOD detected: 390840496 UDP pps | [0m

[MULTI-LF (2025) COMPARISON]
=== Detection Performance vs ML-Based System ===

  First Detection Latency:   177.75 ms (vs MULTI-LF: 866 ms)
    Improvement:             4.9× faster

  Packets until detection:   0
  Bytes until detection:     0 (0.00 MB)

[OCTOSKETCH METRICS - Optimized Architecture]
=== Per-Worker Sketches + Sampling (1/32 packets) ===

  Architecture:              Per-worker (NO atomics, NO contention)
  Total sketch memory:       5377 KB (14 workers × 384.1 KB)
  Sampling rate:             1 in 32 packets (3.1% overhead)
  Attack traffic sampled:    3294656 updates
  Estimated attack packets:  105428992 (×32 sampling factor)
  Sketch overhead:           ~1.56% of fast-path cycles
  Memory efficiency:         O(1) constant, 384.1 KB per worker

[MULTIPLE DETECTION STATISTICS]
=== Aggregate Detection Analysis ===

  Total detection events:    12701
  Average detection latency: 52.07 ms
  Min detection latency:     50.22 ms
  Max detection latency:     301.73 ms
  Latency range:             251.51 ms

  Detection Latency Histogram:
    < 20 ms:  0 detections (0.0%)
    20-30 ms: 0 detections (0.0%)
    30-40 ms: 0 detections (0.0%)
    40-50 ms: 0 detections (0.0%)
    > 50 ms:  12700 detections (100.0%)

[PERFORMANCE METRICS]
  Throughput:         3.68 Gbps (1.40 Mpps)
  Cycles available:   2143 cycles/pkt (lower = higher load)
  Active IPs:         0
  Worker threads:     14 (lcores 1-14)

[DPDK NIC STATISTICS]
  RX packets (NIC):   922740923
  RX dropped (HW):    [0m0[0m (imissed)
  RX no mbufs:        [0m0[0m (buffer exhaustion)
  RX errors:          0
  Total drops:        [0m0 (0.00%)[0m
  RX burst calls:     262471287253 (99.7% empty)
  Processed pkts:     922741257 (100.0% of NIC RX)


╔═══════════════════════════════════════════════════════════════════════╗
║          MIRA DDoS DETECTOR - STATISTICS (MULTI-CORE)                ║
╚═══════════════════════════════════════════════════════════════════════╝

[PACKET COUNTERS - GLOBAL]
  Total packets:      929722139
  Baseline (10.10.2.x): 0 (0.0%)
  Attack (10.10.3.x): 929722139 (100.0%)
  TCP packets:        0
  UDP packets:        929722139
  ICMP packets:       0

[INSTANTANEOUS TRAFFIC - Last 5.0 seconds]
  Baseline (10.10.2.x): 0 pkts (0.0%)  0 bytes  0.00 Gbps
  Attack (10.10.3.x): 6980810 pkts (100.0%)  2303216378 bytes  3.68 Gbps
  Total throughput:   3.68 Gbps  (avg pkt: 330 bytes)

[CUMULATIVE TRAFFIC - Since first packet (666.4s)]
  Total received:     929722139 pkts (1.40 Mpps) | 3.68 Gbps | 306787249686 bytes

[ATTACK-SPECIFIC COUNTERS]
  SYN packets:        0
  SYN-ACK packets:    0
  SYN/ACK ratio:      0.00
  HTTP requests:      0
  DNS queries:        7674

[PROTOCOL-SPECIFIC COUNTERS - CIC-DDoS-2019 Features]
  NTP Amplification:
    Monlist queries:  2046
    Responses:        0  (avg size: 0 bytes)
  DNS Amplification:
    ANY queries:      0
    TXT queries:      0
    Responses:        6425  (avg size: 316 bytes)
  SNMP Amplification:
    GetBulk requests: 0
    Responses:        0  (avg size: 0 bytes)
  SSDP:
    M-SEARCH packets: 0
    Responses:        14413
  PortMapper:
    GETPORT calls:    14218
    DUMP calls:       0
  NetBIOS:
    Name queries:     15841
    Datagram packets: 14252
  LDAP:
    Bind requests:    0
    Search requests:  14413
  MSSQL:
    SQLBatch packets: 13873
    RPC packets:      0
  TFTP:
    RRQ (read) pkts:  0
    WRQ (write) pkts: 0

[ATTACK DETECTIONS - Cumulative Events]
  UDP flood events:   12798
  UDP-lag events:     14
  SYN flood events:   0
  HTTP flood events:  0
  ICMP flood events:  0
  DNS amp events:     0
  NTP amp events:     0
  SNMP amp events:    0
  SSDP events:        0
  PortMap events:     0
  NetBIOS events:     0
  LDAP events:        0
  MSSQL events:       0
  TFTP events:        0
  ACK flood events:   0
  Frag attack events: 0
  Packet flood events:0
  (Note: Events count IPs exceeding thresholds per 50ms window)

[ALERT STATUS]
  Alert level:        [1;31mHIGH[0m
  Reason:             [1;31mUDP FLOOD detected: 402338077 UDP pps | [0m

[MULTI-LF (2025) COMPARISON]
=== Detection Performance vs ML-Based System ===

  First Detection Latency:   177.75 ms (vs MULTI-LF: 866 ms)
    Improvement:             4.9× faster

  Packets until detection:   0
  Bytes until detection:     0 (0.00 MB)

[OCTOSKETCH METRICS - Optimized Architecture]
=== Per-Worker Sketches + Sampling (1/32 packets) ===

  Architecture:              Per-worker (NO atomics, NO contention)
  Total sketch memory:       5377 KB (14 workers × 384.1 KB)
  Sampling rate:             1 in 32 packets (3.1% overhead)
  Attack traffic sampled:    3223328 updates
  Estimated attack packets:  103146496 (×32 sampling factor)
  Sketch overhead:           ~1.56% of fast-path cycles
  Memory efficiency:         O(1) constant, 384.1 KB per worker

[MULTIPLE DETECTION STATISTICS]
=== Aggregate Detection Analysis ===

  Total detection events:    12798
  Average detection latency: 52.06 ms
  Min detection latency:     50.22 ms
  Max detection latency:     301.73 ms
  Latency range:             251.51 ms

  Detection Latency Histogram:
    < 20 ms:  0 detections (0.0%)
    20-30 ms: 0 detections (0.0%)
    30-40 ms: 0 detections (0.0%)
    40-50 ms: 0 detections (0.0%)
    > 50 ms:  12797 detections (100.0%)

[PERFORMANCE METRICS]
  Throughput:         3.68 Gbps (1.40 Mpps)
  Cycles available:   2143 cycles/pkt (lower = higher load)
  Active IPs:         0
  Worker threads:     14 (lcores 1-14)

[DPDK NIC STATISTICS]
  RX packets (NIC):   929721768
  RX dropped (HW):    [0m0[0m (imissed)
  RX no mbufs:        [0m0[0m (buffer exhaustion)
  RX errors:          0
  Total drops:        [0m0 (0.00%)[0m
  RX burst calls:     264397086565 (99.7% empty)
  Processed pkts:     929722139 (100.0% of NIC RX)


╔═══════════════════════════════════════════════════════════════════════╗
║          MIRA DDoS DETECTOR - STATISTICS (MULTI-CORE)                ║
╚═══════════════════════════════════════════════════════════════════════╝

[PACKET COUNTERS - GLOBAL]
  Total packets:      936703514
  Baseline (10.10.2.x): 0 (0.0%)
  Attack (10.10.3.x): 936703514 (100.0%)
  TCP packets:        0
  UDP packets:        936703514
  ICMP packets:       0

[INSTANTANEOUS TRAFFIC - Last 5.0 seconds]
  Baseline (10.10.2.x): 0 pkts (0.0%)  0 bytes  0.00 Gbps
  Attack (10.10.3.x): 6981304 pkts (100.0%)  2303739090 bytes  3.68 Gbps
  Total throughput:   3.68 Gbps  (avg pkt: 330 bytes)

[CUMULATIVE TRAFFIC - Since first packet (671.4s)]
  Total received:     936703514 pkts (1.40 Mpps) | 3.68 Gbps | 309091012967 bytes

[ATTACK-SPECIFIC COUNTERS]
  SYN packets:        0
  SYN-ACK packets:    0
  SYN/ACK ratio:      0.00
  HTTP requests:      0
  DNS queries:        7735

[PROTOCOL-SPECIFIC COUNTERS - CIC-DDoS-2019 Features]
  NTP Amplification:
    Monlist queries:  2061
    Responses:        0  (avg size: 0 bytes)
  DNS Amplification:
    ANY queries:      0
    TXT queries:      0
    Responses:        6460  (avg size: 316 bytes)
  SNMP Amplification:
    GetBulk requests: 0
    Responses:        0  (avg size: 0 bytes)
  SSDP:
    M-SEARCH packets: 0
    Responses:        14538
  PortMapper:
    GETPORT calls:    14330
    DUMP calls:       0
  NetBIOS:
    Name queries:     15963
    Datagram packets: 14365
  LDAP:
    Bind requests:    0
    Search requests:  14511
  MSSQL:
    SQLBatch packets: 13966
    RPC packets:      0
  TFTP:
    RRQ (read) pkts:  0
    WRQ (write) pkts: 0

[ATTACK DETECTIONS - Cumulative Events]
  UDP flood events:   12895
  UDP-lag events:     14
  SYN flood events:   0
  HTTP flood events:  0
  ICMP flood events:  0
  DNS amp events:     0
  NTP amp events:     0
  SNMP amp events:    0
  SSDP events:        0
  PortMap events:     0
  NetBIOS events:     0
  LDAP events:        0
  MSSQL events:       0
  TFTP events:        0
  ACK flood events:   0
  Frag attack events: 0
  Packet flood events:0
  (Note: Events count IPs exceeding thresholds per 50ms window)

[ALERT STATUS]
  Alert level:        [1;31mHIGH[0m
  Reason:             [1;31mUDP FLOOD detected: 405372368 UDP pps | [0m

[MULTI-LF (2025) COMPARISON]
=== Detection Performance vs ML-Based System ===

  First Detection Latency:   177.75 ms (vs MULTI-LF: 866 ms)
    Improvement:             4.9× faster

  Packets until detection:   0
  Bytes until detection:     0 (0.00 MB)

[OCTOSKETCH METRICS - Optimized Architecture]
=== Per-Worker Sketches + Sampling (1/32 packets) ===

  Architecture:              Per-worker (NO atomics, NO contention)
  Total sketch memory:       5377 KB (14 workers × 384.1 KB)
  Sampling rate:             1 in 32 packets (3.1% overhead)
  Attack traffic sampled:    3225632 updates
  Estimated attack packets:  103220224 (×32 sampling factor)
  Sketch overhead:           ~1.56% of fast-path cycles
  Memory efficiency:         O(1) constant, 384.1 KB per worker

[MULTIPLE DETECTION STATISTICS]
=== Aggregate Detection Analysis ===

  Total detection events:    12895
  Average detection latency: 52.06 ms
  Min detection latency:     50.22 ms
  Max detection latency:     301.73 ms
  Latency range:             251.51 ms

  Detection Latency Histogram:
    < 20 ms:  0 detections (0.0%)
    20-30 ms: 0 detections (0.0%)
    30-40 ms: 0 detections (0.0%)
    40-50 ms: 0 detections (0.0%)
    > 50 ms:  12894 detections (100.0%)

[PERFORMANCE METRICS]
  Throughput:         3.68 Gbps (1.40 Mpps)
  Cycles available:   2143 cycles/pkt (lower = higher load)
  Active IPs:         0
  Worker threads:     14 (lcores 1-14)

[DPDK NIC STATISTICS]
  RX packets (NIC):   936703176
  RX dropped (HW):    [0m0[0m (imissed)
  RX no mbufs:        [0m0[0m (buffer exhaustion)
  RX errors:          0
  Total drops:        [0m0 (0.00%)[0m
  RX burst calls:     266323066232 (99.7% empty)
  Processed pkts:     936703514 (100.0% of NIC RX)


╔═══════════════════════════════════════════════════════════════════════╗
║          MIRA DDoS DETECTOR - STATISTICS (MULTI-CORE)                ║
╚═══════════════════════════════════════════════════════════════════════╝

[PACKET COUNTERS - GLOBAL]
  Total packets:      943684007
  Baseline (10.10.2.x): 0 (0.0%)
  Attack (10.10.3.x): 943684007 (100.0%)
  TCP packets:        0
  UDP packets:        943684007
  ICMP packets:       0

[INSTANTANEOUS TRAFFIC - Last 5.0 seconds]
  Baseline (10.10.2.x): 0 pkts (0.0%)  0 bytes  0.00 Gbps
  Attack (10.10.3.x): 7484423 pkts (100.0%)  2303524670 bytes  3.68 Gbps
  Total throughput:   3.68 Gbps  (avg pkt: 308 bytes)

[CUMULATIVE TRAFFIC - Since first packet (676.4s)]
  Total received:     943684007 pkts (1.40 Mpps) | 3.68 Gbps | 311394564396 bytes

[ATTACK-SPECIFIC COUNTERS]
  SYN packets:        0
  SYN-ACK packets:    0
  SYN/ACK ratio:      0.00
  HTTP requests:      0
  DNS queries:        7793

[PROTOCOL-SPECIFIC COUNTERS - CIC-DDoS-2019 Features]
  NTP Amplification:
    Monlist queries:  2077
    Responses:        0  (avg size: 0 bytes)
  DNS Amplification:
    ANY queries:      0
    TXT queries:      0
    Responses:        6515  (avg size: 316 bytes)
  SNMP Amplification:
    GetBulk requests: 0
    Responses:        0  (avg size: 0 bytes)
  SSDP:
    M-SEARCH packets: 0
    Responses:        14613
  PortMapper:
    GETPORT calls:    14422
    DUMP calls:       0
  NetBIOS:
    Name queries:     16087
    Datagram packets: 14475
  LDAP:
    Bind requests:    0
    Search requests:  14623
  MSSQL:
    SQLBatch packets: 14069
    RPC packets:      0
  TFTP:
    RRQ (read) pkts:  0
    WRQ (write) pkts: 0

[ATTACK DETECTIONS - Cumulative Events]
  UDP flood events:   12994
  UDP-lag events:     14
  SYN flood events:   0
  HTTP flood events:  0
  ICMP flood events:  0
  DNS amp events:     0
  NTP amp events:     0
  SNMP amp events:    0
  SSDP events:        0
  PortMap events:     0
  NetBIOS events:     0
  LDAP events:        0
  MSSQL events:       0
  TFTP events:        0
  ACK flood events:   0
  Frag attack events: 0
  Packet flood events:0
  (Note: Events count IPs exceeding thresholds per 50ms window)

[ALERT STATUS]
  Alert level:        [1;31mHIGH[0m
  Reason:             [1;31mUDP FLOOD detected: 408405570 UDP pps | [0m

[MULTI-LF (2025) COMPARISON]
=== Detection Performance vs ML-Based System ===

  First Detection Latency:   177.75 ms (vs MULTI-LF: 866 ms)
    Improvement:             4.9× faster

  Packets until detection:   0
  Bytes until detection:     0 (0.00 MB)

[OCTOSKETCH METRICS - Optimized Architecture]
=== Per-Worker Sketches + Sampling (1/32 packets) ===

  Architecture:              Per-worker (NO atomics, NO contention)
  Total sketch memory:       5377 KB (14 workers × 384.1 KB)
  Sampling rate:             1 in 32 packets (3.1% overhead)
  Attack traffic sampled:    3224192 updates
  Estimated attack packets:  103174144 (×32 sampling factor)
  Sketch overhead:           ~1.56% of fast-path cycles
  Memory efficiency:         O(1) constant, 384.1 KB per worker

[MULTIPLE DETECTION STATISTICS]
=== Aggregate Detection Analysis ===

  Total detection events:    12994
  Average detection latency: 52.05 ms
  Min detection latency:     50.22 ms
  Max detection latency:     301.73 ms
  Latency range:             251.51 ms

  Detection Latency Histogram:
    < 20 ms:  0 detections (0.0%)
    20-30 ms: 0 detections (0.0%)
    30-40 ms: 0 detections (0.0%)
    40-50 ms: 0 detections (0.0%)
    > 50 ms:  12993 detections (100.0%)

[PERFORMANCE METRICS]
  Throughput:         3.68 Gbps (1.50 Mpps)
  Cycles available:   1999 cycles/pkt (lower = higher load)
  Active IPs:         0
  Worker threads:     14 (lcores 1-14)

[DPDK NIC STATISTICS]
  RX packets (NIC):   943683680
  RX dropped (HW):    [0m0[0m (imissed)
  RX no mbufs:        [0m0[0m (buffer exhaustion)
  RX errors:          0
  Total drops:        [0m0 (0.00%)[0m
  RX burst calls:     268249137882 (99.7% empty)
  Processed pkts:     943684007 (100.0% of NIC RX)


╔═══════════════════════════════════════════════════════════════════════╗
║          MIRA DDoS DETECTOR - STATISTICS (MULTI-CORE)                ║
╚═══════════════════════════════════════════════════════════════════════╝

[PACKET COUNTERS - GLOBAL]
  Total packets:      950666449
  Baseline (10.10.2.x): 0 (0.0%)
  Attack (10.10.3.x): 950666449 (100.0%)
  TCP packets:        0
  UDP packets:        950666449
  ICMP packets:       0

[INSTANTANEOUS TRAFFIC - Last 5.0 seconds]
  Baseline (10.10.2.x): 0 pkts (0.0%)  0 bytes  0.00 Gbps
  Attack (10.10.3.x): 6982365 pkts (100.0%)  2303898588 bytes  3.68 Gbps
  Total throughput:   3.68 Gbps  (avg pkt: 330 bytes)

[CUMULATIVE TRAFFIC - Since first packet (681.4s)]
  Total received:     950666449 pkts (1.40 Mpps) | 3.68 Gbps | 313698486918 bytes

[ATTACK-SPECIFIC COUNTERS]
  SYN packets:        0
  SYN-ACK packets:    0
  SYN/ACK ratio:      0.00
  HTTP requests:      0
  DNS queries:        7844

[PROTOCOL-SPECIFIC COUNTERS - CIC-DDoS-2019 Features]
  NTP Amplification:
    Monlist queries:  2092
    Responses:        0  (avg size: 0 bytes)
  DNS Amplification:
    ANY queries:      0
    TXT queries:      0
    Responses:        6567  (avg size: 316 bytes)
  SNMP Amplification:
    GetBulk requests: 0
    Responses:        0  (avg size: 0 bytes)
  SSDP:
    M-SEARCH packets: 0
    Responses:        14740
  PortMapper:
    GETPORT calls:    14547
    DUMP calls:       0
  NetBIOS:
    Name queries:     16195
    Datagram packets: 14574
  LDAP:
    Bind requests:    0
    Search requests:  14737
  MSSQL:
    SQLBatch packets: 14186
    RPC packets:      0
  TFTP:
    RRQ (read) pkts:  0
    WRQ (write) pkts: 0

[ATTACK DETECTIONS - Cumulative Events]
  UDP flood events:   13091
  UDP-lag events:     14
  SYN flood events:   0
  HTTP flood events:  0
  ICMP flood events:  0
  DNS amp events:     0
  NTP amp events:     0
  SNMP amp events:    0
  SSDP events:        0
  PortMap events:     0
  NetBIOS events:     0
  LDAP events:        0
  MSSQL events:       0
  TFTP events:        0
  ACK flood events:   0
  Frag attack events: 0
  Packet flood events:0
  (Note: Events count IPs exceeding thresholds per 50ms window)

[ALERT STATUS]
  Alert level:        [1;31mHIGH[0m
  Reason:             [1;31mUDP FLOOD detected: 420542744 UDP pps | [0m

[MULTI-LF (2025) COMPARISON]
=== Detection Performance vs ML-Based System ===

  First Detection Latency:   177.75 ms (vs MULTI-LF: 866 ms)
    Improvement:             4.9× faster

  Packets until detection:   0
  Bytes until detection:     0 (0.00 MB)

[OCTOSKETCH METRICS - Optimized Architecture]
=== Per-Worker Sketches + Sampling (1/32 packets) ===

  Architecture:              Per-worker (NO atomics, NO contention)
  Total sketch memory:       5377 KB (14 workers × 384.1 KB)
  Sampling rate:             1 in 32 packets (3.1% overhead)
  Attack traffic sampled:    3155360 updates
  Estimated attack packets:  100971520 (×32 sampling factor)
  Sketch overhead:           ~1.56% of fast-path cycles
  Memory efficiency:         O(1) constant, 384.1 KB per worker

[MULTIPLE DETECTION STATISTICS]
=== Aggregate Detection Analysis ===

  Total detection events:    13091
  Average detection latency: 52.05 ms
  Min detection latency:     50.22 ms
  Max detection latency:     301.73 ms
  Latency range:             251.51 ms

  Detection Latency Histogram:
    < 20 ms:  0 detections (0.0%)
    20-30 ms: 0 detections (0.0%)
    30-40 ms: 0 detections (0.0%)
    40-50 ms: 0 detections (0.0%)
    > 50 ms:  13090 detections (100.0%)

[PERFORMANCE METRICS]
  Throughput:         3.68 Gbps (1.40 Mpps)
  Cycles available:   2143 cycles/pkt (lower = higher load)
  Active IPs:         0
  Worker threads:     14 (lcores 1-14)

[DPDK NIC STATISTICS]
  RX packets (NIC):   950666080
  RX dropped (HW):    [0m0[0m (imissed)
  RX no mbufs:        [0m0[0m (buffer exhaustion)
  RX errors:          0
  Total drops:        [0m0 (0.00%)[0m
  RX burst calls:     270175100990 (99.7% empty)
  Processed pkts:     950666449 (100.0% of NIC RX)


╔═══════════════════════════════════════════════════════════════════════╗
║          MIRA DDoS DETECTOR - STATISTICS (MULTI-CORE)                ║
╚═══════════════════════════════════════════════════════════════════════╝

[PACKET COUNTERS - GLOBAL]
  Total packets:      957645896
  Baseline (10.10.2.x): 0 (0.0%)
  Attack (10.10.3.x): 957645896 (100.0%)
  TCP packets:        0
  UDP packets:        957645896
  ICMP packets:       0

[INSTANTANEOUS TRAFFIC - Last 5.0 seconds]
  Baseline (10.10.2.x): 0 pkts (0.0%)  0 bytes  0.00 Gbps
  Attack (10.10.3.x): 6979365 pkts (100.0%)  2302982227 bytes  3.68 Gbps
  Total throughput:   3.68 Gbps  (avg pkt: 330 bytes)

[CUMULATIVE TRAFFIC - Since first packet (686.4s)]
  Total received:     957645896 pkts (1.40 Mpps) | 3.68 Gbps | 316001494290 bytes

[ATTACK-SPECIFIC COUNTERS]
  SYN packets:        0
  SYN-ACK packets:    0
  SYN/ACK ratio:      0.00
  HTTP requests:      0
  DNS queries:        7905

[PROTOCOL-SPECIFIC COUNTERS - CIC-DDoS-2019 Features]
  NTP Amplification:
    Monlist queries:  2108
    Responses:        0  (avg size: 0 bytes)
  DNS Amplification:
    ANY queries:      0
    TXT queries:      0
    Responses:        6606  (avg size: 316 bytes)
  SNMP Amplification:
    GetBulk requests: 0
    Responses:        0  (avg size: 0 bytes)
  SSDP:
    M-SEARCH packets: 0
    Responses:        14855
  PortMapper:
    GETPORT calls:    14650
    DUMP calls:       0
  NetBIOS:
    Name queries:     16320
    Datagram packets: 14692
  LDAP:
    Bind requests:    0
    Search requests:  14842
  MSSQL:
    SQLBatch packets: 14276
    RPC packets:      0
  TFTP:
    RRQ (read) pkts:  0
    WRQ (write) pkts: 0

[ATTACK DETECTIONS - Cumulative Events]
  UDP flood events:   13188
  UDP-lag events:     14
  SYN flood events:   0
  HTTP flood events:  0
  ICMP flood events:  0
  DNS amp events:     0
  NTP amp events:     0
  SNMP amp events:    0
  SSDP events:        0
  PortMap events:     0
  NetBIOS events:     0
  LDAP events:        0
  MSSQL events:       0
  TFTP events:        0
  ACK flood events:   0
  Frag attack events: 0
  Packet flood events:0
  (Note: Events count IPs exceeding thresholds per 50ms window)

[ALERT STATUS]
  Alert level:        [1;31mHIGH[0m
  Reason:             [1;31mUDP FLOOD detected: 423653790 UDP pps | [0m

[MULTI-LF (2025) COMPARISON]
=== Detection Performance vs ML-Based System ===

  First Detection Latency:   177.75 ms (vs MULTI-LF: 866 ms)
    Improvement:             4.9× faster

  Packets until detection:   0
  Bytes until detection:     0 (0.00 MB)

[OCTOSKETCH METRICS - Optimized Architecture]
=== Per-Worker Sketches + Sampling (1/32 packets) ===

  Architecture:              Per-worker (NO atomics, NO contention)
  Total sketch memory:       5377 KB (14 workers × 384.1 KB)
  Sampling rate:             1 in 32 packets (3.1% overhead)
  Attack traffic sampled:    3152512 updates
  Estimated attack packets:  100880384 (×32 sampling factor)
  Sketch overhead:           ~1.56% of fast-path cycles
  Memory efficiency:         O(1) constant, 384.1 KB per worker

[MULTIPLE DETECTION STATISTICS]
=== Aggregate Detection Analysis ===

  Total detection events:    13188
  Average detection latency: 52.04 ms
  Min detection latency:     50.22 ms
  Max detection latency:     301.73 ms
  Latency range:             251.51 ms

  Detection Latency Histogram:
    < 20 ms:  0 detections (0.0%)
    20-30 ms: 0 detections (0.0%)
    30-40 ms: 0 detections (0.0%)
    40-50 ms: 0 detections (0.0%)
    > 50 ms:  13187 detections (100.0%)

[PERFORMANCE METRICS]
  Throughput:         3.68 Gbps (1.39 Mpps)
  Cycles available:   2143 cycles/pkt (lower = higher load)
  Active IPs:         0
  Worker threads:     14 (lcores 1-14)

[DPDK NIC STATISTICS]
  RX packets (NIC):   957645578
  RX dropped (HW):    [0m0[0m (imissed)
  RX no mbufs:        [0m0[0m (buffer exhaustion)
  RX errors:          0
  Total drops:        [0m0 (0.00%)[0m
  RX burst calls:     272101087454 (99.7% empty)
  Processed pkts:     957645896 (100.0% of NIC RX)


╔═══════════════════════════════════════════════════════════════════════╗
║          MIRA DDoS DETECTOR - STATISTICS (MULTI-CORE)                ║
╚═══════════════════════════════════════════════════════════════════════╝

[PACKET COUNTERS - GLOBAL]
  Total packets:      964627531
  Baseline (10.10.2.x): 0 (0.0%)
  Attack (10.10.3.x): 964627531 (100.0%)
  TCP packets:        0
  UDP packets:        964627531
  ICMP packets:       0

[INSTANTANEOUS TRAFFIC - Last 5.0 seconds]
  Baseline (10.10.2.x): 0 pkts (0.0%)  0 bytes  0.00 Gbps
  Attack (10.10.3.x): 6981563 pkts (100.0%)  2303891796 bytes  3.68 Gbps
  Total throughput:   3.68 Gbps  (avg pkt: 330 bytes)

[CUMULATIVE TRAFFIC - Since first packet (691.4s)]
  Total received:     964627531 pkts (1.40 Mpps) | 3.68 Gbps | 318305409974 bytes

[ATTACK-SPECIFIC COUNTERS]
  SYN packets:        0
  SYN-ACK packets:    0
  SYN/ACK ratio:      0.00
  HTTP requests:      0
  DNS queries:        7965

[PROTOCOL-SPECIFIC COUNTERS - CIC-DDoS-2019 Features]
  NTP Amplification:
    Monlist queries:  2124
    Responses:        0  (avg size: 0 bytes)
  DNS Amplification:
    ANY queries:      0
    TXT queries:      0
    Responses:        6660  (avg size: 316 bytes)
  SNMP Amplification:
    GetBulk requests: 0
    Responses:        0  (avg size: 0 bytes)
  SSDP:
    M-SEARCH packets: 0
    Responses:        14947
  PortMapper:
    GETPORT calls:    14747
    DUMP calls:       0
  NetBIOS:
    Name queries:     16445
    Datagram packets: 14794
  LDAP:
    Bind requests:    0
    Search requests:  14942
  MSSQL:
    SQLBatch packets: 14383
    RPC packets:      0
  TFTP:
    RRQ (read) pkts:  0
    WRQ (write) pkts: 0

[ATTACK DETECTIONS - Cumulative Events]
  UDP flood events:   13285
  UDP-lag events:     14
  SYN flood events:   0
  HTTP flood events:  0
  ICMP flood events:  0
  DNS amp events:     0
  NTP amp events:     0
  SNMP amp events:    0
  SSDP events:        0
  PortMap events:     0
  NetBIOS events:     0
  LDAP events:        0
  MSSQL events:       0
  TFTP events:        0
  ACK flood events:   0
  Frag attack events: 0
  Packet flood events:0
  (Note: Events count IPs exceeding thresholds per 50ms window)

[ALERT STATUS]
  Alert level:        [1;31mHIGH[0m
  Reason:             [1;31mUDP FLOOD detected: 436424175 UDP pps | [0m

[MULTI-LF (2025) COMPARISON]
=== Detection Performance vs ML-Based System ===

  First Detection Latency:   177.75 ms (vs MULTI-LF: 866 ms)
    Improvement:             4.9× faster

  Packets until detection:   0
  Bytes until detection:     0 (0.00 MB)

[OCTOSKETCH METRICS - Optimized Architecture]
=== Per-Worker Sketches + Sampling (1/32 packets) ===

  Architecture:              Per-worker (NO atomics, NO contention)
  Total sketch memory:       5377 KB (14 workers × 384.1 KB)
  Sampling rate:             1 in 32 packets (3.1% overhead)
  Attack traffic sampled:    3084288 updates
  Estimated attack packets:  98697216 (×32 sampling factor)
  Sketch overhead:           ~1.56% of fast-path cycles
  Memory efficiency:         O(1) constant, 384.1 KB per worker

[MULTIPLE DETECTION STATISTICS]
=== Aggregate Detection Analysis ===

  Total detection events:    13285
  Average detection latency: 52.04 ms
  Min detection latency:     50.22 ms
  Max detection latency:     301.73 ms
  Latency range:             251.51 ms

  Detection Latency Histogram:
    < 20 ms:  0 detections (0.0%)
    20-30 ms: 0 detections (0.0%)
    30-40 ms: 0 detections (0.0%)
    40-50 ms: 0 detections (0.0%)
    > 50 ms:  13284 detections (100.0%)

[PERFORMANCE METRICS]
  Throughput:         3.68 Gbps (1.40 Mpps)
  Cycles available:   2143 cycles/pkt (lower = higher load)
  Active IPs:         0
  Worker threads:     14 (lcores 1-14)

[DPDK NIC STATISTICS]
  RX packets (NIC):   964627180
  RX dropped (HW):    [0m0[0m (imissed)
  RX no mbufs:        [0m0[0m (buffer exhaustion)
  RX errors:          0
  Total drops:        [0m0 (0.00%)[0m
  RX burst calls:     274026985946 (99.7% empty)
  Processed pkts:     964627531 (100.0% of NIC RX)


╔═══════════════════════════════════════════════════════════════════════╗
║          MIRA DDoS DETECTOR - STATISTICS (MULTI-CORE)                ║
╚═══════════════════════════════════════════════════════════════════════╝

[PACKET COUNTERS - GLOBAL]
  Total packets:      971608978
  Baseline (10.10.2.x): 0 (0.0%)
  Attack (10.10.3.x): 971608978 (100.0%)
  TCP packets:        0
  UDP packets:        971608978
  ICMP packets:       0

[INSTANTANEOUS TRAFFIC - Last 5.0 seconds]
  Baseline (10.10.2.x): 0 pkts (0.0%)  0 bytes  0.00 Gbps
  Attack (10.10.3.x): 6981372 pkts (100.0%)  2303590770 bytes  3.68 Gbps
  Total throughput:   3.68 Gbps  (avg pkt: 330 bytes)

[CUMULATIVE TRAFFIC - Since first packet (696.4s)]
  Total received:     971608978 pkts (1.40 Mpps) | 3.68 Gbps | 320609024110 bytes

[ATTACK-SPECIFIC COUNTERS]
  SYN packets:        0
  SYN-ACK packets:    0
  SYN/ACK ratio:      0.00
  HTTP requests:      0
  DNS queries:        8016

[PROTOCOL-SPECIFIC COUNTERS - CIC-DDoS-2019 Features]
  NTP Amplification:
    Monlist queries:  2141
    Responses:        0  (avg size: 0 bytes)
  DNS Amplification:
    ANY queries:      0
    TXT queries:      0
    Responses:        6711  (avg size: 316 bytes)
  SNMP Amplification:
    GetBulk requests: 0
    Responses:        0  (avg size: 0 bytes)
  SSDP:
    M-SEARCH packets: 0
    Responses:        15071
  PortMapper:
    GETPORT calls:    14866
    DUMP calls:       0
  NetBIOS:
    Name queries:     16552
    Datagram packets: 14897
  LDAP:
    Bind requests:    0
    Search requests:  15054
  MSSQL:
    SQLBatch packets: 14500
    RPC packets:      0
  TFTP:
    RRQ (read) pkts:  0
    WRQ (write) pkts: 0

[ATTACK DETECTIONS - Cumulative Events]
  UDP flood events:   13382
  UDP-lag events:     14
  SYN flood events:   0
  HTTP flood events:  0
  ICMP flood events:  0
  DNS amp events:     0
  NTP amp events:     0
  SNMP amp events:    0
  SSDP events:        0
  PortMap events:     0
  NetBIOS events:     0
  LDAP events:        0
  MSSQL events:       0
  TFTP events:        0
  ACK flood events:   0
  Frag attack events: 0
  Packet flood events:0
  (Note: Events count IPs exceeding thresholds per 50ms window)

[ALERT STATUS]
  Alert level:        [1;31mHIGH[0m
  Reason:             [1;31mUDP FLOOD detected: 439597041 UDP pps | [0m

[MULTI-LF (2025) COMPARISON]
=== Detection Performance vs ML-Based System ===

  First Detection Latency:   177.75 ms (vs MULTI-LF: 866 ms)
    Improvement:             4.9× faster

  Packets until detection:   0
  Bytes until detection:     0 (0.00 MB)

[OCTOSKETCH METRICS - Optimized Architecture]
=== Per-Worker Sketches + Sampling (1/32 packets) ===

  Architecture:              Per-worker (NO atomics, NO contention)
  Total sketch memory:       5377 KB (14 workers × 384.1 KB)
  Sampling rate:             1 in 32 packets (3.1% overhead)
  Attack traffic sampled:    3084192 updates
  Estimated attack packets:  98694144 (×32 sampling factor)
  Sketch overhead:           ~1.56% of fast-path cycles
  Memory efficiency:         O(1) constant, 384.1 KB per worker

[MULTIPLE DETECTION STATISTICS]
=== Aggregate Detection Analysis ===

  Total detection events:    13382
  Average detection latency: 52.04 ms
  Min detection latency:     50.22 ms
  Max detection latency:     301.73 ms
  Latency range:             251.51 ms

  Detection Latency Histogram:
    < 20 ms:  0 detections (0.0%)
    20-30 ms: 0 detections (0.0%)
    30-40 ms: 0 detections (0.0%)
    40-50 ms: 0 detections (0.0%)
    > 50 ms:  13381 detections (100.0%)

[PERFORMANCE METRICS]
  Throughput:         3.68 Gbps (1.40 Mpps)
  Cycles available:   2143 cycles/pkt (lower = higher load)
  Active IPs:         0
  Worker threads:     14 (lcores 1-14)

[DPDK NIC STATISTICS]
  RX packets (NIC):   971608655
  RX dropped (HW):    [0m0[0m (imissed)
  RX no mbufs:        [0m0[0m (buffer exhaustion)
  RX errors:          0
  Total drops:        [0m0 (0.00%)[0m
  RX burst calls:     275952853440 (99.7% empty)
  Processed pkts:     971608978 (100.0% of NIC RX)


╔═══════════════════════════════════════════════════════════════════════╗
║          MIRA DDoS DETECTOR - STATISTICS (MULTI-CORE)                ║
╚═══════════════════════════════════════════════════════════════════════╝

[PACKET COUNTERS - GLOBAL]
  Total packets:      978588982
  Baseline (10.10.2.x): 0 (0.0%)
  Attack (10.10.3.x): 978588982 (100.0%)
  TCP packets:        0
  UDP packets:        978588982
  ICMP packets:       0

[INSTANTANEOUS TRAFFIC - Last 5.0 seconds]
  Baseline (10.10.2.x): 0 pkts (0.0%)  0 bytes  0.00 Gbps
  Attack (10.10.3.x): 6979948 pkts (100.0%)  2303264529 bytes  3.68 Gbps
  Total throughput:   3.68 Gbps  (avg pkt: 330 bytes)

[CUMULATIVE TRAFFIC - Since first packet (701.4s)]
  Total received:     978588982 pkts (1.40 Mpps) | 3.68 Gbps | 322912305939 bytes

[ATTACK-SPECIFIC COUNTERS]
  SYN packets:        0
  SYN-ACK packets:    0
  SYN/ACK ratio:      0.00
  HTTP requests:      0
  DNS queries:        8078

[PROTOCOL-SPECIFIC COUNTERS - CIC-DDoS-2019 Features]
  NTP Amplification:
    Monlist queries:  2154
    Responses:        0  (avg size: 0 bytes)
  DNS Amplification:
    ANY queries:      0
    TXT queries:      0
    Responses:        6752  (avg size: 316 bytes)
  SNMP Amplification:
    GetBulk requests: 0
    Responses:        0  (avg size: 0 bytes)
  SSDP:
    M-SEARCH packets: 0
    Responses:        15177
  PortMapper:
    GETPORT calls:    14969
    DUMP calls:       0
  NetBIOS:
    Name queries:     16683
    Datagram packets: 15018
  LDAP:
    Bind requests:    0
    Search requests:  15167
  MSSQL:
    SQLBatch packets: 14584
    RPC packets:      0
  TFTP:
    RRQ (read) pkts:  0
    WRQ (write) pkts: 0

[ATTACK DETECTIONS - Cumulative Events]
  UDP flood events:   13479
  UDP-lag events:     14
  SYN flood events:   0
  HTTP flood events:  0
  ICMP flood events:  0
  DNS amp events:     0
  NTP amp events:     0
  SNMP amp events:    0
  SSDP events:        0
  PortMap events:     0
  NetBIOS events:     0
  LDAP events:        0
  MSSQL events:       0
  TFTP events:        0
  ACK flood events:   0
  Frag attack events: 0
  Packet flood events:0
  (Note: Events count IPs exceeding thresholds per 50ms window)

[ALERT STATUS]
  Alert level:        [1;31mHIGH[0m
  Reason:             [1;31mUDP FLOOD detected: 442762177 UDP pps | [0m

[MULTI-LF (2025) COMPARISON]
=== Detection Performance vs ML-Based System ===

  First Detection Latency:   177.75 ms (vs MULTI-LF: 866 ms)
    Improvement:             4.9× faster

  Packets until detection:   0
  Bytes until detection:     0 (0.00 MB)

[OCTOSKETCH METRICS - Optimized Architecture]
=== Per-Worker Sketches + Sampling (1/32 packets) ===

  Architecture:              Per-worker (NO atomics, NO contention)
  Total sketch memory:       5377 KB (14 workers × 384.1 KB)
  Sampling rate:             1 in 32 packets (3.1% overhead)
  Attack traffic sampled:    3082432 updates
  Estimated attack packets:  98637824 (×32 sampling factor)
  Sketch overhead:           ~1.56% of fast-path cycles
  Memory efficiency:         O(1) constant, 384.1 KB per worker

[MULTIPLE DETECTION STATISTICS]
=== Aggregate Detection Analysis ===

  Total detection events:    13479
  Average detection latency: 52.04 ms
  Min detection latency:     50.22 ms
  Max detection latency:     301.73 ms
  Latency range:             251.51 ms

  Detection Latency Histogram:
    < 20 ms:  0 detections (0.0%)
    20-30 ms: 0 detections (0.0%)
    30-40 ms: 0 detections (0.0%)
    40-50 ms: 0 detections (0.0%)
    > 50 ms:  13478 detections (100.0%)

[PERFORMANCE METRICS]
  Throughput:         3.68 Gbps (1.40 Mpps)
  Cycles available:   2143 cycles/pkt (lower = higher load)
  Active IPs:         0
  Worker threads:     14 (lcores 1-14)

[DPDK NIC STATISTICS]
  RX packets (NIC):   978588635
  RX dropped (HW):    [0m0[0m (imissed)
  RX no mbufs:        [0m0[0m (buffer exhaustion)
  RX errors:          0
  Total drops:        [0m0 (0.00%)[0m
  RX burst calls:     277878813854 (99.7% empty)
  Processed pkts:     978588982 (100.0% of NIC RX)


╔═══════════════════════════════════════════════════════════════════════╗
║          MIRA DDoS DETECTOR - STATISTICS (MULTI-CORE)                ║
╚═══════════════════════════════════════════════════════════════════════╝

[PACKET COUNTERS - GLOBAL]
  Total packets:      985569401
  Baseline (10.10.2.x): 0 (0.0%)
  Attack (10.10.3.x): 985569401 (100.0%)
  TCP packets:        0
  UDP packets:        985569401
  ICMP packets:       0

[INSTANTANEOUS TRAFFIC - Last 5.0 seconds]
  Baseline (10.10.2.x): 0 pkts (0.0%)  0 bytes  0.00 Gbps
  Attack (10.10.3.x): 6980351 pkts (100.0%)  2303273664 bytes  3.68 Gbps
  Total throughput:   3.68 Gbps  (avg pkt: 330 bytes)

[CUMULATIVE TRAFFIC - Since first packet (706.4s)]
  Total received:     985569401 pkts (1.40 Mpps) | 3.68 Gbps | 325215602288 bytes

[ATTACK-SPECIFIC COUNTERS]
  SYN packets:        0
  SYN-ACK packets:    0
  SYN/ACK ratio:      0.00
  HTTP requests:      0
  DNS queries:        8136

[PROTOCOL-SPECIFIC COUNTERS - CIC-DDoS-2019 Features]
  NTP Amplification:
    Monlist queries:  2168
    Responses:        0  (avg size: 0 bytes)
  DNS Amplification:
    ANY queries:      0
    TXT queries:      0
    Responses:        6806  (avg size: 316 bytes)
  SNMP Amplification:
    GetBulk requests: 0
    Responses:        0  (avg size: 0 bytes)
  SSDP:
    M-SEARCH packets: 0
    Responses:        15273
  PortMapper:
    GETPORT calls:    15063
    DUMP calls:       0
  NetBIOS:
    Name queries:     16803
    Datagram packets: 15113
  LDAP:
    Bind requests:    0
    Search requests:  15266
  MSSQL:
    SQLBatch packets: 14698
    RPC packets:      0
  TFTP:
    RRQ (read) pkts:  0
    WRQ (write) pkts: 0

[ATTACK DETECTIONS - Cumulative Events]
  UDP flood events:   13576
  UDP-lag events:     14
  SYN flood events:   0
  HTTP flood events:  0
  ICMP flood events:  0
  DNS amp events:     0
  NTP amp events:     0
  SNMP amp events:    0
  SSDP events:        0
  PortMap events:     0
  NetBIOS events:     0
  LDAP events:        0
  MSSQL events:       0
  TFTP events:        0
  ACK flood events:   0
  Frag attack events: 0
  Packet flood events:0
  (Note: Events count IPs exceeding thresholds per 50ms window)

[ALERT STATUS]
  Alert level:        [1;31mHIGH[0m
  Reason:             [1;31mUDP FLOOD detected: 456266610 UDP pps | [0m

[MULTI-LF (2025) COMPARISON]
=== Detection Performance vs ML-Based System ===

  First Detection Latency:   177.75 ms (vs MULTI-LF: 866 ms)
    Improvement:             4.9× faster

  Packets until detection:   0
  Bytes until detection:     0 (0.00 MB)

[OCTOSKETCH METRICS - Optimized Architecture]
=== Per-Worker Sketches + Sampling (1/32 packets) ===

  Architecture:              Per-worker (NO atomics, NO contention)
  Total sketch memory:       5377 KB (14 workers × 384.1 KB)
  Sampling rate:             1 in 32 packets (3.1% overhead)
  Attack traffic sampled:    3013184 updates
  Estimated attack packets:  96421888 (×32 sampling factor)
  Sketch overhead:           ~1.56% of fast-path cycles
  Memory efficiency:         O(1) constant, 384.1 KB per worker

[MULTIPLE DETECTION STATISTICS]
=== Aggregate Detection Analysis ===

  Total detection events:    13576
  Average detection latency: 52.03 ms
  Min detection latency:     50.22 ms
  Max detection latency:     301.73 ms
  Latency range:             251.51 ms

  Detection Latency Histogram:
    < 20 ms:  0 detections (0.0%)
    20-30 ms: 0 detections (0.0%)
    30-40 ms: 0 detections (0.0%)
    40-50 ms: 0 detections (0.0%)
    > 50 ms:  13575 detections (100.0%)

[PERFORMANCE METRICS]
  Throughput:         3.68 Gbps (1.40 Mpps)
  Cycles available:   2143 cycles/pkt (lower = higher load)
  Active IPs:         0
  Worker threads:     14 (lcores 1-14)

[DPDK NIC STATISTICS]
  RX packets (NIC):   985569069
  RX dropped (HW):    [0m0[0m (imissed)
  RX no mbufs:        [0m0[0m (buffer exhaustion)
  RX errors:          0
  Total drops:        [0m0 (0.00%)[0m
  RX burst calls:     279804719837 (99.7% empty)
  Processed pkts:     985569401 (100.0% of NIC RX)


╔═══════════════════════════════════════════════════════════════════════╗
║          MIRA DDoS DETECTOR - STATISTICS (MULTI-CORE)                ║
╚═══════════════════════════════════════════════════════════════════════╝

[PACKET COUNTERS - GLOBAL]
  Total packets:      992550461
  Baseline (10.10.2.x): 0 (0.0%)
  Attack (10.10.3.x): 992550461 (100.0%)
  TCP packets:        0
  UDP packets:        992550461
  ICMP packets:       0

[INSTANTANEOUS TRAFFIC - Last 5.0 seconds]
  Baseline (10.10.2.x): 0 pkts (0.0%)  0 bytes  0.00 Gbps
  Attack (10.10.3.x): 6980984 pkts (100.0%)  2303677098 bytes  3.68 Gbps
  Total throughput:   3.68 Gbps  (avg pkt: 330 bytes)

[CUMULATIVE TRAFFIC - Since first packet (711.4s)]
  Total received:     992550461 pkts (1.40 Mpps) | 3.68 Gbps | 327519306047 bytes

[ATTACK-SPECIFIC COUNTERS]
  SYN packets:        0
  SYN-ACK packets:    0
  SYN/ACK ratio:      0.00
  HTTP requests:      0
  DNS queries:        8185

[PROTOCOL-SPECIFIC COUNTERS - CIC-DDoS-2019 Features]
  NTP Amplification:
    Monlist queries:  2186
    Responses:        0  (avg size: 0 bytes)
  DNS Amplification:
    ANY queries:      0
    TXT queries:      0
    Responses:        6851  (avg size: 316 bytes)
  SNMP Amplification:
    GetBulk requests: 0
    Responses:        0  (avg size: 0 bytes)
  SSDP:
    M-SEARCH packets: 0
    Responses:        15397
  PortMapper:
    GETPORT calls:    15187
    DUMP calls:       0
  NetBIOS:
    Name queries:     16912
    Datagram packets: 15219
  LDAP:
    Bind requests:    0
    Search requests:  15380
  MSSQL:
    SQLBatch packets: 14807
    RPC packets:      0
  TFTP:
    RRQ (read) pkts:  0
    WRQ (write) pkts: 0

[ATTACK DETECTIONS - Cumulative Events]
  UDP flood events:   13673
  UDP-lag events:     14
  SYN flood events:   0
  HTTP flood events:  0
  ICMP flood events:  0
  DNS amp events:     0
  NTP amp events:     0
  SNMP amp events:    0
  SSDP events:        0
  PortMap events:     0
  NetBIOS events:     0
  LDAP events:        0
  MSSQL events:       0
  TFTP events:        0
  ACK flood events:   0
  Frag attack events: 0
  Packet flood events:0
  (Note: Events count IPs exceeding thresholds per 50ms window)

[ALERT STATUS]
  Alert level:        [1;31mHIGH[0m
  Reason:             [1;31mUDP FLOOD detected: 459509064 UDP pps | [0m

[MULTI-LF (2025) COMPARISON]
=== Detection Performance vs ML-Based System ===

  First Detection Latency:   177.75 ms (vs MULTI-LF: 866 ms)
    Improvement:             4.9× faster

  Packets until detection:   0
  Bytes until detection:     0 (0.00 MB)

[OCTOSKETCH METRICS - Optimized Architecture]
=== Per-Worker Sketches + Sampling (1/32 packets) ===

  Architecture:              Per-worker (NO atomics, NO contention)
  Total sketch memory:       5377 KB (14 workers × 384.1 KB)
  Sampling rate:             1 in 32 packets (3.1% overhead)
  Attack traffic sampled:    3012608 updates
  Estimated attack packets:  96403456 (×32 sampling factor)
  Sketch overhead:           ~1.56% of fast-path cycles
  Memory efficiency:         O(1) constant, 384.1 KB per worker

[MULTIPLE DETECTION STATISTICS]
=== Aggregate Detection Analysis ===

  Total detection events:    13673
  Average detection latency: 52.03 ms
  Min detection latency:     50.22 ms
  Max detection latency:     301.73 ms
  Latency range:             251.51 ms

  Detection Latency Histogram:
    < 20 ms:  0 detections (0.0%)
    20-30 ms: 0 detections (0.0%)
    30-40 ms: 0 detections (0.0%)
    40-50 ms: 0 detections (0.0%)
    > 50 ms:  13672 detections (100.0%)

[PERFORMANCE METRICS]
  Throughput:         3.68 Gbps (1.40 Mpps)
  Cycles available:   2143 cycles/pkt (lower = higher load)
  Active IPs:         0
  Worker threads:     14 (lcores 1-14)

[DPDK NIC STATISTICS]
  RX packets (NIC):   992550124
  RX dropped (HW):    [0m0[0m (imissed)
  RX no mbufs:        [0m0[0m (buffer exhaustion)
  RX errors:          0
  Total drops:        [0m0 (0.00%)[0m
  RX burst calls:     281730762714 (99.7% empty)
  Processed pkts:     992550461 (100.0% of NIC RX)


╔═══════════════════════════════════════════════════════════════════════╗
║          MIRA DDoS DETECTOR - STATISTICS (MULTI-CORE)                ║
╚═══════════════════════════════════════════════════════════════════════╝

[PACKET COUNTERS - GLOBAL]
  Total packets:      999531402
  Baseline (10.10.2.x): 0 (0.0%)
  Attack (10.10.3.x): 999531402 (100.0%)
  TCP packets:        0
  UDP packets:        999531402
  ICMP packets:       0

[INSTANTANEOUS TRAFFIC - Last 5.0 seconds]
  Baseline (10.10.2.x): 0 pkts (0.0%)  0 bytes  0.00 Gbps
  Attack (10.10.3.x): 6980862 pkts (100.0%)  2303491871 bytes  3.68 Gbps
  Total throughput:   3.68 Gbps  (avg pkt: 330 bytes)

[CUMULATIVE TRAFFIC - Since first packet (716.4s)]
  Total received:     999531402 pkts (1.40 Mpps) | 3.68 Gbps | 329822823582 bytes

[ATTACK-SPECIFIC COUNTERS]
  SYN packets:        0
  SYN-ACK packets:    0
  SYN/ACK ratio:      0.00
  HTTP requests:      0
  DNS queries:        8250

[PROTOCOL-SPECIFIC COUNTERS - CIC-DDoS-2019 Features]
  NTP Amplification:
    Monlist queries:  2200
    Responses:        0  (avg size: 0 bytes)
  DNS Amplification:
    ANY queries:      0
    TXT queries:      0
    Responses:        6895  (avg size: 316 bytes)
  SNMP Amplification:
    GetBulk requests: 0
    Responses:        0  (avg size: 0 bytes)
  SSDP:
    M-SEARCH packets: 0
    Responses:        15493
  PortMapper:
    GETPORT calls:    15296
    DUMP calls:       0
  NetBIOS:
    Name queries:     17043
    Datagram packets: 15339
  LDAP:
    Bind requests:    0
    Search requests:  15494
  MSSQL:
    SQLBatch packets: 14897
    RPC packets:      0
  TFTP:
    RRQ (read) pkts:  0
    WRQ (write) pkts: 0

[ATTACK DETECTIONS - Cumulative Events]
  UDP flood events:   13770
  UDP-lag events:     14
  SYN flood events:   0
  HTTP flood events:  0
  ICMP flood events:  0
  DNS amp events:     0
  NTP amp events:     0
  SNMP amp events:    0
  SSDP events:        0
  PortMap events:     0
  NetBIOS events:     0
  LDAP events:        0
  MSSQL events:       0
  TFTP events:        0
  ACK flood events:   0
  Frag attack events: 0
  Packet flood events:0
  (Note: Events count IPs exceeding thresholds per 50ms window)

[ALERT STATUS]
  Alert level:        [1;31mHIGH[0m
  Reason:             [1;31mUDP FLOOD detected: 473732082 UDP pps | [0m

[MULTI-LF (2025) COMPARISON]
=== Detection Performance vs ML-Based System ===

  First Detection Latency:   177.75 ms (vs MULTI-LF: 866 ms)
    Improvement:             4.9× faster

  Packets until detection:   0
  Bytes until detection:     0 (0.00 MB)

[OCTOSKETCH METRICS - Optimized Architecture]
=== Per-Worker Sketches + Sampling (1/32 packets) ===

  Architecture:              Per-worker (NO atomics, NO contention)
  Total sketch memory:       5377 KB (14 workers × 384.1 KB)
  Sampling rate:             1 in 32 packets (3.1% overhead)
  Attack traffic sampled:    2942912 updates
  Estimated attack packets:  94173184 (×32 sampling factor)
  Sketch overhead:           ~1.56% of fast-path cycles
  Memory efficiency:         O(1) constant, 384.1 KB per worker

[MULTIPLE DETECTION STATISTICS]
=== Aggregate Detection Analysis ===

  Total detection events:    13770
  Average detection latency: 52.02 ms
  Min detection latency:     50.22 ms
  Max detection latency:     301.73 ms
  Latency range:             251.51 ms

  Detection Latency Histogram:
    < 20 ms:  0 detections (0.0%)
    20-30 ms: 0 detections (0.0%)
    30-40 ms: 0 detections (0.0%)
    40-50 ms: 0 detections (0.0%)
    > 50 ms:  13769 detections (100.0%)

[PERFORMANCE METRICS]
  Throughput:         3.68 Gbps (1.40 Mpps)
  Cycles available:   2143 cycles/pkt (lower = higher load)
  Active IPs:         0
  Worker threads:     14 (lcores 1-14)

[DPDK NIC STATISTICS]
  RX packets (NIC):   999531058
  RX dropped (HW):    [0m0[0m (imissed)
  RX no mbufs:        [0m0[0m (buffer exhaustion)
  RX errors:          0
  Total drops:        [0m0 (0.00%)[0m
  RX burst calls:     283656808787 (99.7% empty)
  Processed pkts:     999531402 (100.0% of NIC RX)


╔═══════════════════════════════════════════════════════════════════════╗
║          MIRA DDoS DETECTOR - STATISTICS (MULTI-CORE)                ║
╚═══════════════════════════════════════════════════════════════════════╝

[PACKET COUNTERS - GLOBAL]
  Total packets:      1006513703
  Baseline (10.10.2.x): 0 (0.0%)
  Attack (10.10.3.x): 1006513703 (100.0%)
  TCP packets:        0
  UDP packets:        1006513703
  ICMP packets:       0

[INSTANTANEOUS TRAFFIC - Last 5.0 seconds]
  Baseline (10.10.2.x): 0 pkts (0.0%)  0 bytes  0.00 Gbps
  Attack (10.10.3.x): 6982238 pkts (100.0%)  2303961187 bytes  3.68 Gbps
  Total throughput:   3.68 Gbps  (avg pkt: 330 bytes)

[CUMULATIVE TRAFFIC - Since first packet (721.4s)]
  Total received:     1006513703 pkts (1.40 Mpps) | 3.68 Gbps | 332126803996 bytes

[ATTACK-SPECIFIC COUNTERS]
  SYN packets:        0
  SYN-ACK packets:    0
  SYN/ACK ratio:      0.00
  HTTP requests:      0
  DNS queries:        8305

[PROTOCOL-SPECIFIC COUNTERS - CIC-DDoS-2019 Features]
  NTP Amplification:
    Monlist queries:  2213
    Responses:        0  (avg size: 0 bytes)
  DNS Amplification:
    ANY queries:      0
    TXT queries:      0
    Responses:        6953  (avg size: 316 bytes)
  SNMP Amplification:
    GetBulk requests: 0
    Responses:        0  (avg size: 0 bytes)
  SSDP:
    M-SEARCH packets: 0
    Responses:        15600
  PortMapper:
    GETPORT calls:    15379
    DUMP calls:       0
  NetBIOS:
    Name queries:     17159
    Datagram packets: 15436
  LDAP:
    Bind requests:    0
    Search requests:  15592
  MSSQL:
    SQLBatch packets: 15006
    RPC packets:      0
  TFTP:
    RRQ (read) pkts:  0
    WRQ (write) pkts: 0

[ATTACK DETECTIONS - Cumulative Events]
  UDP flood events:   13867
  UDP-lag events:     14
  SYN flood events:   0
  HTTP flood events:  0
  ICMP flood events:  0
  DNS amp events:     0
  NTP amp events:     0
  SNMP amp events:    0
  SSDP events:        0
  PortMap events:     0
  NetBIOS events:     0
  LDAP events:        0
  MSSQL events:       0
  TFTP events:        0
  ACK flood events:   0
  Frag attack events: 0
  Packet flood events:0
  (Note: Events count IPs exceeding thresholds per 50ms window)

[ALERT STATUS]
  Alert level:        [1;31mHIGH[0m
  Reason:             [1;31mUDP FLOOD detected: 477069216 UDP pps | [0m

[MULTI-LF (2025) COMPARISON]
=== Detection Performance vs ML-Based System ===

  First Detection Latency:   177.75 ms (vs MULTI-LF: 866 ms)
    Improvement:             4.9× faster

  Packets until detection:   0
  Bytes until detection:     0 (0.00 MB)

[OCTOSKETCH METRICS - Optimized Architecture]
=== Per-Worker Sketches + Sampling (1/32 packets) ===

  Architecture:              Per-worker (NO atomics, NO contention)
  Total sketch memory:       5377 KB (14 workers × 384.1 KB)
  Sampling rate:             1 in 32 packets (3.1% overhead)
  Attack traffic sampled:    2944448 updates
  Estimated attack packets:  94222336 (×32 sampling factor)
  Sketch overhead:           ~1.56% of fast-path cycles
  Memory efficiency:         O(1) constant, 384.1 KB per worker

[MULTIPLE DETECTION STATISTICS]
=== Aggregate Detection Analysis ===

  Total detection events:    13867
  Average detection latency: 52.02 ms
  Min detection latency:     50.22 ms
  Max detection latency:     301.73 ms
  Latency range:             251.51 ms

  Detection Latency Histogram:
    < 20 ms:  0 detections (0.0%)
    20-30 ms: 0 detections (0.0%)
    30-40 ms: 0 detections (0.0%)
    40-50 ms: 0 detections (0.0%)
    > 50 ms:  13866 detections (100.0%)

[PERFORMANCE METRICS]
  Throughput:         3.68 Gbps (1.40 Mpps)
  Cycles available:   2143 cycles/pkt (lower = higher load)
  Active IPs:         0
  Worker threads:     14 (lcores 1-14)

[DPDK NIC STATISTICS]
  RX packets (NIC):   1006513375
  RX dropped (HW):    [0m0[0m (imissed)
  RX no mbufs:        [0m0[0m (buffer exhaustion)
  RX errors:          0
  Total drops:        [0m0 (0.00%)[0m
  RX burst calls:     285582836344 (99.7% empty)
  Processed pkts:     1006513703 (100.0% of NIC RX)


╔═══════════════════════════════════════════════════════════════════════╗
║          MIRA DDoS DETECTOR - STATISTICS (MULTI-CORE)                ║
╚═══════════════════════════════════════════════════════════════════════╝

[PACKET COUNTERS - GLOBAL]
  Total packets:      1013492687
  Baseline (10.10.2.x): 0 (0.0%)
  Attack (10.10.3.x): 1013492687 (100.0%)
  TCP packets:        0
  UDP packets:        1013492687
  ICMP packets:       0

[INSTANTANEOUS TRAFFIC - Last 5.0 seconds]
  Baseline (10.10.2.x): 0 pkts (0.0%)  0 bytes  0.00 Gbps
  Attack (10.10.3.x): 6978903 pkts (100.0%)  2302889340 bytes  3.68 Gbps
  Total throughput:   3.68 Gbps  (avg pkt: 330 bytes)

[CUMULATIVE TRAFFIC - Since first packet (726.4s)]
  Total received:     1013492687 pkts (1.40 Mpps) | 3.68 Gbps | 334429719290 bytes

[ATTACK-SPECIFIC COUNTERS]
  SYN packets:        0
  SYN-ACK packets:    0
  SYN/ACK ratio:      0.00
  HTTP requests:      0
  DNS queries:        8362

[PROTOCOL-SPECIFIC COUNTERS - CIC-DDoS-2019 Features]
  NTP Amplification:
    Monlist queries:  2231
    Responses:        0  (avg size: 0 bytes)
  DNS Amplification:
    ANY queries:      0
    TXT queries:      0
    Responses:        6993  (avg size: 316 bytes)
  SNMP Amplification:
    GetBulk requests: 0
    Responses:        0  (avg size: 0 bytes)
  SSDP:
    M-SEARCH packets: 0
    Responses:        15727
  PortMapper:
    GETPORT calls:    15505
    DUMP calls:       0
  NetBIOS:
    Name queries:     17268
    Datagram packets: 15539
  LDAP:
    Bind requests:    0
    Search requests:  15700
  MSSQL:
    SQLBatch packets: 15119
    RPC packets:      0
  TFTP:
    RRQ (read) pkts:  0
    WRQ (write) pkts: 0

[ATTACK DETECTIONS - Cumulative Events]
  UDP flood events:   13965
  UDP-lag events:     14
  SYN flood events:   0
  HTTP flood events:  0
  ICMP flood events:  0
  DNS amp events:     0
  NTP amp events:     0
  SNMP amp events:    0
  SSDP events:        0
  PortMap events:     0
  NetBIOS events:     0
  LDAP events:        0
  MSSQL events:       0
  TFTP events:        0
  ACK flood events:   0
  Frag attack events: 0
  Packet flood events:0
  (Note: Events count IPs exceeding thresholds per 50ms window)

[ALERT STATUS]
  Alert level:        [1;31mHIGH[0m
  Reason:             [1;31mUDP FLOOD detected: 480383676 UDP pps | [0m

[MULTI-LF (2025) COMPARISON]
=== Detection Performance vs ML-Based System ===

  First Detection Latency:   177.75 ms (vs MULTI-LF: 866 ms)
    Improvement:             4.9× faster

  Packets until detection:   0
  Bytes until detection:     0 (0.00 MB)

[OCTOSKETCH METRICS - Optimized Architecture]
=== Per-Worker Sketches + Sampling (1/32 packets) ===

  Architecture:              Per-worker (NO atomics, NO contention)
  Total sketch memory:       5377 KB (14 workers × 384.1 KB)
  Sampling rate:             1 in 32 packets (3.1% overhead)
  Attack traffic sampled:    2941120 updates
  Estimated attack packets:  94115840 (×32 sampling factor)
  Sketch overhead:           ~1.56% of fast-path cycles
  Memory efficiency:         O(1) constant, 384.1 KB per worker

[MULTIPLE DETECTION STATISTICS]
=== Aggregate Detection Analysis ===

  Total detection events:    13965
  Average detection latency: 52.02 ms
  Min detection latency:     50.22 ms
  Max detection latency:     301.73 ms
  Latency range:             251.51 ms

  Detection Latency Histogram:
    < 20 ms:  0 detections (0.0%)
    20-30 ms: 0 detections (0.0%)
    30-40 ms: 0 detections (0.0%)
    40-50 ms: 0 detections (0.0%)
    > 50 ms:  13964 detections (100.0%)

[PERFORMANCE METRICS]
  Throughput:         3.68 Gbps (1.39 Mpps)
  Cycles available:   2144 cycles/pkt (lower = higher load)
  Active IPs:         0
  Worker threads:     14 (lcores 1-14)

[DPDK NIC STATISTICS]
  RX packets (NIC):   1013492349
  RX dropped (HW):    [0m0[0m (imissed)
  RX no mbufs:        [0m0[0m (buffer exhaustion)
  RX errors:          0
  Total drops:        [0m0 (0.00%)[0m
  RX burst calls:     287508940253 (99.7% empty)
  Processed pkts:     1013492687 (100.0% of NIC RX)


╔═══════════════════════════════════════════════════════════════════════╗
║          MIRA DDoS DETECTOR - STATISTICS (MULTI-CORE)                ║
╚═══════════════════════════════════════════════════════════════════════╝

[PACKET COUNTERS - GLOBAL]
  Total packets:      1020474867
  Baseline (10.10.2.x): 0 (0.0%)
  Attack (10.10.3.x): 1020474867 (100.0%)
  TCP packets:        0
  UDP packets:        1020474867
  ICMP packets:       0

[INSTANTANEOUS TRAFFIC - Last 5.0 seconds]
  Baseline (10.10.2.x): 0 pkts (0.0%)  0 bytes  0.00 Gbps
  Attack (10.10.3.x): 6982102 pkts (100.0%)  2303998381 bytes  3.68 Gbps
  Total throughput:   3.68 Gbps  (avg pkt: 330 bytes)

[CUMULATIVE TRAFFIC - Since first packet (731.4s)]
  Total received:     1020474867 pkts (1.40 Mpps) | 3.68 Gbps | 336733744809 bytes

[ATTACK-SPECIFIC COUNTERS]
  SYN packets:        0
  SYN-ACK packets:    0
  SYN/ACK ratio:      0.00
  HTTP requests:      0
  DNS queries:        8420

[PROTOCOL-SPECIFIC COUNTERS - CIC-DDoS-2019 Features]
  NTP Amplification:
    Monlist queries:  2246
    Responses:        0  (avg size: 0 bytes)
  DNS Amplification:
    ANY queries:      0
    TXT queries:      0
    Responses:        7043  (avg size: 316 bytes)
  SNMP Amplification:
    GetBulk requests: 0
    Responses:        0  (avg size: 0 bytes)
  SSDP:
    M-SEARCH packets: 0
    Responses:        15815
  PortMapper:
    GETPORT calls:    15608
    DUMP calls:       0
  NetBIOS:
    Name queries:     17396
    Datagram packets: 15664
  LDAP:
    Bind requests:    0
    Search requests:  15817
  MSSQL:
    SQLBatch packets: 15208
    RPC packets:      0
  TFTP:
    RRQ (read) pkts:  0
    WRQ (write) pkts: 0

[ATTACK DETECTIONS - Cumulative Events]
  UDP flood events:   14062
  UDP-lag events:     14
  SYN flood events:   0
  HTTP flood events:  0
  ICMP flood events:  0
  DNS amp events:     0
  NTP amp events:     0
  SNMP amp events:    0
  SSDP events:        0
  PortMap events:     0
  NetBIOS events:     0
  LDAP events:        0
  MSSQL events:       0
  TFTP events:        0
  ACK flood events:   0
  Frag attack events: 0
  Packet flood events:0
  (Note: Events count IPs exceeding thresholds per 50ms window)

[ALERT STATUS]
  Alert level:        [1;31mHIGH[0m
  Reason:             [1;31mUDP FLOOD detected: 495464909 UDP pps | [0m

[MULTI-LF (2025) COMPARISON]
=== Detection Performance vs ML-Based System ===

  First Detection Latency:   177.75 ms (vs MULTI-LF: 866 ms)
    Improvement:             4.9× faster

  Packets until detection:   0
  Bytes until detection:     0 (0.00 MB)

[OCTOSKETCH METRICS - Optimized Architecture]
=== Per-Worker Sketches + Sampling (1/32 packets) ===

  Architecture:              Per-worker (NO atomics, NO contention)
  Total sketch memory:       5377 KB (14 workers × 384.1 KB)
  Sampling rate:             1 in 32 packets (3.1% overhead)
  Attack traffic sampled:    2872512 updates
  Estimated attack packets:  91920384 (×32 sampling factor)
  Sketch overhead:           ~1.56% of fast-path cycles
  Memory efficiency:         O(1) constant, 384.1 KB per worker

[MULTIPLE DETECTION STATISTICS]
=== Aggregate Detection Analysis ===

  Total detection events:    14062
  Average detection latency: 52.01 ms
  Min detection latency:     50.22 ms
  Max detection latency:     301.73 ms
  Latency range:             251.51 ms

  Detection Latency Histogram:
    < 20 ms:  0 detections (0.0%)
    20-30 ms: 0 detections (0.0%)
    30-40 ms: 0 detections (0.0%)
    40-50 ms: 0 detections (0.0%)
    > 50 ms:  14061 detections (100.0%)

[PERFORMANCE METRICS]
  Throughput:         3.68 Gbps (1.40 Mpps)
  Cycles available:   2143 cycles/pkt (lower = higher load)
  Active IPs:         0
  Worker threads:     14 (lcores 1-14)

[DPDK NIC STATISTICS]
  RX packets (NIC):   1020474549
  RX dropped (HW):    [0m0[0m (imissed)
  RX no mbufs:        [0m0[0m (buffer exhaustion)
  RX errors:          0
  Total drops:        [0m0 (0.00%)[0m
  RX burst calls:     289434840831 (99.7% empty)
  Processed pkts:     1020474867 (100.0% of NIC RX)


╔═══════════════════════════════════════════════════════════════════════╗
║          MIRA DDoS DETECTOR - STATISTICS (MULTI-CORE)                ║
╚═══════════════════════════════════════════════════════════════════════╝

[PACKET COUNTERS - GLOBAL]
  Total packets:      1027455679
  Baseline (10.10.2.x): 0 (0.0%)
  Attack (10.10.3.x): 1027455679 (100.0%)
  TCP packets:        0
  UDP packets:        1027455679
  ICMP packets:       0

[INSTANTANEOUS TRAFFIC - Last 5.0 seconds]
  Baseline (10.10.2.x): 0 pkts (0.0%)  0 bytes  0.00 Gbps
  Attack (10.10.3.x): 6980737 pkts (100.0%)  2303202434 bytes  3.68 Gbps
  Total throughput:   3.68 Gbps  (avg pkt: 330 bytes)

[CUMULATIVE TRAFFIC - Since first packet (736.4s)]
  Total received:     1027455679 pkts (1.40 Mpps) | 3.68 Gbps | 339036971639 bytes

[ATTACK-SPECIFIC COUNTERS]
  SYN packets:        0
  SYN-ACK packets:    0
  SYN/ACK ratio:      0.00
  HTTP requests:      0
  DNS queries:        8477

[PROTOCOL-SPECIFIC COUNTERS - CIC-DDoS-2019 Features]
  NTP Amplification:
    Monlist queries:  2259
    Responses:        0  (avg size: 0 bytes)
  DNS Amplification:
    ANY queries:      0
    TXT queries:      0
    Responses:        7098  (avg size: 316 bytes)
  SNMP Amplification:
    GetBulk requests: 0
    Responses:        0  (avg size: 0 bytes)
  SSDP:
    M-SEARCH packets: 0
    Responses:        15922
  PortMapper:
    GETPORT calls:    15700
    DUMP calls:       0
  NetBIOS:
    Name queries:     17515
    Datagram packets: 15758
  LDAP:
    Bind requests:    0
    Search requests:  15918
  MSSQL:
    SQLBatch packets: 15321
    RPC packets:      0
  TFTP:
    RRQ (read) pkts:  0
    WRQ (write) pkts: 0

[ATTACK DETECTIONS - Cumulative Events]
  UDP flood events:   14159
  UDP-lag events:     14
  SYN flood events:   0
  HTTP flood events:  0
  ICMP flood events:  0
  DNS amp events:     0
  NTP amp events:     0
  SNMP amp events:    0
  SSDP events:        0
  PortMap events:     0
  NetBIOS events:     0
  LDAP events:        0
  MSSQL events:       0
  TFTP events:        0
  ACK flood events:   0
  Frag attack events: 0
  Packet flood events:0
  (Note: Events count IPs exceeding thresholds per 50ms window)

[ALERT STATUS]
  Alert level:        [1;31mHIGH[0m
  Reason:             [1;31mUDP FLOOD detected: 498866779 UDP pps | [0m

[MULTI-LF (2025) COMPARISON]
=== Detection Performance vs ML-Based System ===

  First Detection Latency:   177.75 ms (vs MULTI-LF: 866 ms)
    Improvement:             4.9× faster

  Packets until detection:   0
  Bytes until detection:     0 (0.00 MB)

[OCTOSKETCH METRICS - Optimized Architecture]
=== Per-Worker Sketches + Sampling (1/32 packets) ===

  Architecture:              Per-worker (NO atomics, NO contention)
  Total sketch memory:       5377 KB (14 workers × 384.1 KB)
  Sampling rate:             1 in 32 packets (3.1% overhead)
  Attack traffic sampled:    2871488 updates
  Estimated attack packets:  91887616 (×32 sampling factor)
  Sketch overhead:           ~1.56% of fast-path cycles
  Memory efficiency:         O(1) constant, 384.1 KB per worker

[MULTIPLE DETECTION STATISTICS]
=== Aggregate Detection Analysis ===

  Total detection events:    14159
  Average detection latency: 52.01 ms
  Min detection latency:     50.22 ms
  Max detection latency:     301.73 ms
  Latency range:             251.51 ms

  Detection Latency Histogram:
    < 20 ms:  0 detections (0.0%)
    20-30 ms: 0 detections (0.0%)
    30-40 ms: 0 detections (0.0%)
    40-50 ms: 0 detections (0.0%)
    > 50 ms:  14158 detections (100.0%)

[PERFORMANCE METRICS]
  Throughput:         3.68 Gbps (1.40 Mpps)
  Cycles available:   2143 cycles/pkt (lower = higher load)
  Active IPs:         0
  Worker threads:     14 (lcores 1-14)

[DPDK NIC STATISTICS]
  RX packets (NIC):   1027455341
  RX dropped (HW):    [0m0[0m (imissed)
  RX no mbufs:        [0m0[0m (buffer exhaustion)
  RX errors:          0
  Total drops:        [0m0 (0.00%)[0m
  RX burst calls:     291360756480 (99.7% empty)
  Processed pkts:     1027455679 (100.0% of NIC RX)


╔═══════════════════════════════════════════════════════════════════════╗
║          MIRA DDoS DETECTOR - STATISTICS (MULTI-CORE)                ║
╚═══════════════════════════════════════════════════════════════════════╝

[PACKET COUNTERS - GLOBAL]
  Total packets:      1034437636
  Baseline (10.10.2.x): 0 (0.0%)
  Attack (10.10.3.x): 1034437636 (100.0%)
  TCP packets:        0
  UDP packets:        1034437636
  ICMP packets:       0

[INSTANTANEOUS TRAFFIC - Last 5.0 seconds]
  Baseline (10.10.2.x): 0 pkts (0.0%)  0 bytes  0.00 Gbps
  Attack (10.10.3.x): 6981887 pkts (100.0%)  2303853242 bytes  3.68 Gbps
  Total throughput:   3.68 Gbps  (avg pkt: 330 bytes)

[CUMULATIVE TRAFFIC - Since first packet (741.4s)]
  Total received:     1034437636 pkts (1.40 Mpps) | 3.68 Gbps | 341340847312 bytes

[ATTACK-SPECIFIC COUNTERS]
  SYN packets:        0
  SYN-ACK packets:    0
  SYN/ACK ratio:      0.00
  HTTP requests:      0
  DNS queries:        8537

[PROTOCOL-SPECIFIC COUNTERS - CIC-DDoS-2019 Features]
  NTP Amplification:
    Monlist queries:  2277
    Responses:        0  (avg size: 0 bytes)
  DNS Amplification:
    ANY queries:      0
    TXT queries:      0
    Responses:        7135  (avg size: 316 bytes)
  SNMP Amplification:
    GetBulk requests: 0
    Responses:        0  (avg size: 0 bytes)
  SSDP:
    M-SEARCH packets: 0
    Responses:        16050
  PortMapper:
    GETPORT calls:    15819
    DUMP calls:       0
  NetBIOS:
    Name queries:     17630
    Datagram packets: 15859
  LDAP:
    Bind requests:    0
    Search requests:  16024
  MSSQL:
    SQLBatch packets: 15430
    RPC packets:      0
  TFTP:
    RRQ (read) pkts:  0
    WRQ (write) pkts: 0

[ATTACK DETECTIONS - Cumulative Events]
  UDP flood events:   14256
  UDP-lag events:     14
  SYN flood events:   0
  HTTP flood events:  0
  ICMP flood events:  0
  DNS amp events:     0
  NTP amp events:     0
  SNMP amp events:    0
  SSDP events:        0
  PortMap events:     0
  NetBIOS events:     0
  LDAP events:        0
  MSSQL events:       0
  TFTP events:        0
  ACK flood events:   0
  Frag attack events: 0
  Packet flood events:0
  (Note: Events count IPs exceeding thresholds per 50ms window)

[ALERT STATUS]
  Alert level:        [1;31mHIGH[0m
  Reason:             [1;31mUDP FLOOD detected: 514793902 UDP pps | [0m

[MULTI-LF (2025) COMPARISON]
=== Detection Performance vs ML-Based System ===

  First Detection Latency:   177.75 ms (vs MULTI-LF: 866 ms)
    Improvement:             4.9× faster

  Packets until detection:   0
  Bytes until detection:     0 (0.00 MB)

[OCTOSKETCH METRICS - Optimized Architecture]
=== Per-Worker Sketches + Sampling (1/32 packets) ===

  Architecture:              Per-worker (NO atomics, NO contention)
  Total sketch memory:       5377 KB (14 workers × 384.1 KB)
  Sampling rate:             1 in 32 packets (3.1% overhead)
  Attack traffic sampled:    2802304 updates
  Estimated attack packets:  89673728 (×32 sampling factor)
  Sketch overhead:           ~1.56% of fast-path cycles
  Memory efficiency:         O(1) constant, 384.1 KB per worker

[MULTIPLE DETECTION STATISTICS]
=== Aggregate Detection Analysis ===

  Total detection events:    14256
  Average detection latency: 52.00 ms
  Min detection latency:     50.22 ms
  Max detection latency:     301.73 ms
  Latency range:             251.51 ms

  Detection Latency Histogram:
    < 20 ms:  0 detections (0.0%)
    20-30 ms: 0 detections (0.0%)
    30-40 ms: 0 detections (0.0%)
    40-50 ms: 0 detections (0.0%)
    > 50 ms:  14255 detections (100.0%)

[PERFORMANCE METRICS]
  Throughput:         3.68 Gbps (1.40 Mpps)
  Cycles available:   2143 cycles/pkt (lower = higher load)
  Active IPs:         0
  Worker threads:     14 (lcores 1-14)

[DPDK NIC STATISTICS]
  RX packets (NIC):   1034437271
  RX dropped (HW):    [0m0[0m (imissed)
  RX no mbufs:        [0m0[0m (buffer exhaustion)
  RX errors:          0
  Total drops:        [0m0 (0.00%)[0m
  RX burst calls:     293286610427 (99.7% empty)
  Processed pkts:     1034437636 (100.0% of NIC RX)


╔═══════════════════════════════════════════════════════════════════════╗
║          MIRA DDoS DETECTOR - STATISTICS (MULTI-CORE)                ║
╚═══════════════════════════════════════════════════════════════════════╝

[PACKET COUNTERS - GLOBAL]
  Total packets:      1041418335
  Baseline (10.10.2.x): 0 (0.0%)
  Attack (10.10.3.x): 1041418335 (100.0%)
  TCP packets:        0
  UDP packets:        1041418335
  ICMP packets:       0

[INSTANTANEOUS TRAFFIC - Last 5.0 seconds]
  Baseline (10.10.2.x): 0 pkts (0.0%)  0 bytes  0.00 Gbps
  Attack (10.10.3.x): 6980633 pkts (100.0%)  2303656648 bytes  3.68 Gbps
  Total throughput:   3.68 Gbps  (avg pkt: 330 bytes)

[CUMULATIVE TRAFFIC - Since first packet (746.4s)]
  Total received:     1041418335 pkts (1.40 Mpps) | 3.68 Gbps | 343644527794 bytes

[ATTACK-SPECIFIC COUNTERS]
  SYN packets:        0
  SYN-ACK packets:    0
  SYN/ACK ratio:      0.00
  HTTP requests:      0
  DNS queries:        8600

[PROTOCOL-SPECIFIC COUNTERS - CIC-DDoS-2019 Features]
  NTP Amplification:
    Monlist queries:  2292
    Responses:        0  (avg size: 0 bytes)
  DNS Amplification:
    ANY queries:      0
    TXT queries:      0
    Responses:        7185  (avg size: 316 bytes)
  SNMP Amplification:
    GetBulk requests: 0
    Responses:        0  (avg size: 0 bytes)
  SSDP:
    M-SEARCH packets: 0
    Responses:        16136
  PortMapper:
    GETPORT calls:    15924
    DUMP calls:       0
  NetBIOS:
    Name queries:     17752
    Datagram packets: 15984
  LDAP:
    Bind requests:    0
    Search requests:  16139
  MSSQL:
    SQLBatch packets: 15525
    RPC packets:      0
  TFTP:
    RRQ (read) pkts:  0
    WRQ (write) pkts: 0

[ATTACK DETECTIONS - Cumulative Events]
  UDP flood events:   14353
  UDP-lag events:     14
  SYN flood events:   0
  HTTP flood events:  0
  ICMP flood events:  0
  DNS amp events:     0
  NTP amp events:     0
  SNMP amp events:    0
  SSDP events:        0
  PortMap events:     0
  NetBIOS events:     0
  LDAP events:        0
  MSSQL events:       0
  TFTP events:        0
  ACK flood events:   0
  Frag attack events: 0
  Packet flood events:0
  (Note: Events count IPs exceeding thresholds per 50ms window)

[ALERT STATUS]
  Alert level:        [1;31mHIGH[0m
  Reason:             [1;31mUDP FLOOD detected: 518286072 UDP pps | [0m

[MULTI-LF (2025) COMPARISON]
=== Detection Performance vs ML-Based System ===

  First Detection Latency:   177.75 ms (vs MULTI-LF: 866 ms)
    Improvement:             4.9× faster

  Packets until detection:   0
  Bytes until detection:     0 (0.00 MB)

[OCTOSKETCH METRICS - Optimized Architecture]
=== Per-Worker Sketches + Sampling (1/32 packets) ===

  Architecture:              Per-worker (NO atomics, NO contention)
  Total sketch memory:       5377 KB (14 workers × 384.1 KB)
  Sampling rate:             1 in 32 packets (3.1% overhead)
  Attack traffic sampled:    2803680 updates
  Estimated attack packets:  89717760 (×32 sampling factor)
  Sketch overhead:           ~1.56% of fast-path cycles
  Memory efficiency:         O(1) constant, 384.1 KB per worker

[MULTIPLE DETECTION STATISTICS]
=== Aggregate Detection Analysis ===

  Total detection events:    14353
  Average detection latency: 52.00 ms
  Min detection latency:     50.22 ms
  Max detection latency:     301.73 ms
  Latency range:             251.51 ms

  Detection Latency Histogram:
    < 20 ms:  0 detections (0.0%)
    20-30 ms: 0 detections (0.0%)
    30-40 ms: 0 detections (0.0%)
    40-50 ms: 0 detections (0.0%)
    > 50 ms:  14352 detections (100.0%)

[PERFORMANCE METRICS]
  Throughput:         3.68 Gbps (1.40 Mpps)
  Cycles available:   2143 cycles/pkt (lower = higher load)
  Active IPs:         0
  Worker threads:     14 (lcores 1-14)

[DPDK NIC STATISTICS]
  RX packets (NIC):   1041417982
  RX dropped (HW):    [0m0[0m (imissed)
  RX no mbufs:        [0m0[0m (buffer exhaustion)
  RX errors:          0
  Total drops:        [0m0 (0.00%)[0m
  RX burst calls:     295212543533 (99.7% empty)
  Processed pkts:     1041418335 (100.0% of NIC RX)


╔═══════════════════════════════════════════════════════════════════════╗
║          MIRA DDoS DETECTOR - STATISTICS (MULTI-CORE)                ║
╚═══════════════════════════════════════════════════════════════════════╝

[PACKET COUNTERS - GLOBAL]
  Total packets:      1048399091
  Baseline (10.10.2.x): 0 (0.0%)
  Attack (10.10.3.x): 1048399091 (100.0%)
  TCP packets:        0
  UDP packets:        1048399091
  ICMP packets:       0

[INSTANTANEOUS TRAFFIC - Last 5.0 seconds]
  Baseline (10.10.2.x): 0 pkts (0.0%)  0 bytes  0.00 Gbps
  Attack (10.10.3.x): 6980685 pkts (100.0%)  2303297301 bytes  3.68 Gbps
  Total throughput:   3.68 Gbps  (avg pkt: 330 bytes)

[CUMULATIVE TRAFFIC - Since first packet (751.4s)]
  Total received:     1048399091 pkts (1.40 Mpps) | 3.68 Gbps | 345947849280 bytes

[ATTACK-SPECIFIC COUNTERS]
  SYN packets:        0
  SYN-ACK packets:    0
  SYN/ACK ratio:      0.00
  HTTP requests:      0
  DNS queries:        8651

[PROTOCOL-SPECIFIC COUNTERS - CIC-DDoS-2019 Features]
  NTP Amplification:
    Monlist queries:  2305
    Responses:        0  (avg size: 0 bytes)
  DNS Amplification:
    ANY queries:      0
    TXT queries:      0
    Responses:        7244  (avg size: 316 bytes)
  SNMP Amplification:
    GetBulk requests: 0
    Responses:        0  (avg size: 0 bytes)
  SSDP:
    M-SEARCH packets: 0
    Responses:        16252
  PortMapper:
    GETPORT calls:    16025
    DUMP calls:       0
  NetBIOS:
    Name queries:     17867
    Datagram packets: 16079
  LDAP:
    Bind requests:    0
    Search requests:  16248
  MSSQL:
    SQLBatch packets: 15634
    RPC packets:      0
  TFTP:
    RRQ (read) pkts:  0
    WRQ (write) pkts: 0

[ATTACK DETECTIONS - Cumulative Events]
  UDP flood events:   14451
  UDP-lag events:     14
  SYN flood events:   0
  HTTP flood events:  0
  ICMP flood events:  0
  DNS amp events:     0
  NTP amp events:     0
  SNMP amp events:    0
  SSDP events:        0
  PortMap events:     0
  NetBIOS events:     0
  LDAP events:        0
  MSSQL events:       0
  TFTP events:        0
  ACK flood events:   0
  Frag attack events: 0
  Packet flood events:0
  (Note: Events count IPs exceeding thresholds per 50ms window)

[ALERT STATUS]
  Alert level:        [1;31mHIGH[0m
  Reason:             [1;31mUDP FLOOD detected: 521778209 UDP pps | [0m

[MULTI-LF (2025) COMPARISON]
=== Detection Performance vs ML-Based System ===

  First Detection Latency:   177.75 ms (vs MULTI-LF: 866 ms)
    Improvement:             4.9× faster

  Packets until detection:   0
  Bytes until detection:     0 (0.00 MB)

[OCTOSKETCH METRICS - Optimized Architecture]
=== Per-Worker Sketches + Sampling (1/32 packets) ===

  Architecture:              Per-worker (NO atomics, NO contention)
  Total sketch memory:       5377 KB (14 workers × 384.1 KB)
  Sampling rate:             1 in 32 packets (3.1% overhead)
  Attack traffic sampled:    2802976 updates
  Estimated attack packets:  89695232 (×32 sampling factor)
  Sketch overhead:           ~1.56% of fast-path cycles
  Memory efficiency:         O(1) constant, 384.1 KB per worker

[MULTIPLE DETECTION STATISTICS]
=== Aggregate Detection Analysis ===

  Total detection events:    14451
  Average detection latency: 52.00 ms
  Min detection latency:     50.22 ms
  Max detection latency:     301.73 ms
  Latency range:             251.51 ms

  Detection Latency Histogram:
    < 20 ms:  0 detections (0.0%)
    20-30 ms: 0 detections (0.0%)
    30-40 ms: 0 detections (0.0%)
    40-50 ms: 0 detections (0.0%)
    > 50 ms:  14450 detections (100.0%)

[PERFORMANCE METRICS]
  Throughput:         3.68 Gbps (1.40 Mpps)
  Cycles available:   2143 cycles/pkt (lower = higher load)
  Active IPs:         0
  Worker threads:     14 (lcores 1-14)

[DPDK NIC STATISTICS]
  RX packets (NIC):   1048398757
  RX dropped (HW):    [0m0[0m (imissed)
  RX no mbufs:        [0m0[0m (buffer exhaustion)
  RX errors:          0
  Total drops:        [0m0 (0.00%)[0m
  RX burst calls:     297138531471 (99.7% empty)
  Processed pkts:     1048399091 (100.0% of NIC RX)


╔═══════════════════════════════════════════════════════════════════════╗
║          MIRA DDoS DETECTOR - STATISTICS (MULTI-CORE)                ║
╚═══════════════════════════════════════════════════════════════════════╝

[PACKET COUNTERS - GLOBAL]
  Total packets:      1055381567
  Baseline (10.10.2.x): 0 (0.0%)
  Attack (10.10.3.x): 1055381567 (100.0%)
  TCP packets:        0
  UDP packets:        1055381567
  ICMP packets:       0

[INSTANTANEOUS TRAFFIC - Last 5.0 seconds]
  Baseline (10.10.2.x): 0 pkts (0.0%)  0 bytes  0.00 Gbps
  Attack (10.10.3.x): 6982396 pkts (100.0%)  2304138395 bytes  3.68 Gbps
  Total throughput:   3.68 Gbps  (avg pkt: 330 bytes)

[CUMULATIVE TRAFFIC - Since first packet (756.4s)]
  Total received:     1055381567 pkts (1.40 Mpps) | 3.68 Gbps | 348252013637 bytes

[ATTACK-SPECIFIC COUNTERS]
  SYN packets:        0
  SYN-ACK packets:    0
  SYN/ACK ratio:      0.00
  HTTP requests:      0
  DNS queries:        8710

[PROTOCOL-SPECIFIC COUNTERS - CIC-DDoS-2019 Features]
  NTP Amplification:
    Monlist queries:  2324
    Responses:        0  (avg size: 0 bytes)
  DNS Amplification:
    ANY queries:      0
    TXT queries:      0
    Responses:        7282  (avg size: 316 bytes)
  SNMP Amplification:
    GetBulk requests: 0
    Responses:        0  (avg size: 0 bytes)
  SSDP:
    M-SEARCH packets: 0
    Responses:        16376
  PortMapper:
    GETPORT calls:    16144
    DUMP calls:       0
  NetBIOS:
    Name queries:     17984
    Datagram packets: 16180
  LDAP:
    Bind requests:    0
    Search requests:  16353
  MSSQL:
    SQLBatch packets: 15744
    RPC packets:      0
  TFTP:
    RRQ (read) pkts:  0
    WRQ (write) pkts: 0

[ATTACK DETECTIONS - Cumulative Events]
  UDP flood events:   14548
  UDP-lag events:     14
  SYN flood events:   0
  HTTP flood events:  0
  ICMP flood events:  0
  DNS amp events:     0
  NTP amp events:     0
  SNMP amp events:    0
  SSDP events:        0
  PortMap events:     0
  NetBIOS events:     0
  LDAP events:        0
  MSSQL events:       0
  TFTP events:        0
  ACK flood events:   0
  Frag attack events: 0
  Packet flood events:0
  (Note: Events count IPs exceeding thresholds per 50ms window)

[ALERT STATUS]
  Alert level:        [1;31mHIGH[0m
  Reason:             [1;31mUDP FLOOD detected: 538698886 UDP pps | [0m

[MULTI-LF (2025) COMPARISON]
=== Detection Performance vs ML-Based System ===

  First Detection Latency:   177.75 ms (vs MULTI-LF: 866 ms)
    Improvement:             4.9× faster

  Packets until detection:   0
  Bytes until detection:     0 (0.00 MB)

[OCTOSKETCH METRICS - Optimized Architecture]
=== Per-Worker Sketches + Sampling (1/32 packets) ===

  Architecture:              Per-worker (NO atomics, NO contention)
  Total sketch memory:       5377 KB (14 workers × 384.1 KB)
  Sampling rate:             1 in 32 packets (3.1% overhead)
  Attack traffic sampled:    2734272 updates
  Estimated attack packets:  87496704 (×32 sampling factor)
  Sketch overhead:           ~1.56% of fast-path cycles
  Memory efficiency:         O(1) constant, 384.1 KB per worker

[MULTIPLE DETECTION STATISTICS]
=== Aggregate Detection Analysis ===

  Total detection events:    14548
  Average detection latency: 51.99 ms
  Min detection latency:     50.22 ms
  Max detection latency:     301.73 ms
  Latency range:             251.51 ms

  Detection Latency Histogram:
    < 20 ms:  0 detections (0.0%)
    20-30 ms: 0 detections (0.0%)
    30-40 ms: 0 detections (0.0%)
    40-50 ms: 0 detections (0.0%)
    > 50 ms:  14547 detections (100.0%)

[PERFORMANCE METRICS]
  Throughput:         3.68 Gbps (1.40 Mpps)
  Cycles available:   2143 cycles/pkt (lower = higher load)
  Active IPs:         0
  Worker threads:     14 (lcores 1-14)

[DPDK NIC STATISTICS]
  RX packets (NIC):   1055381227
  RX dropped (HW):    [0m0[0m (imissed)
  RX no mbufs:        [0m0[0m (buffer exhaustion)
  RX errors:          0
  Total drops:        [0m0 (0.00%)[0m
  RX burst calls:     299064577816 (99.7% empty)
  Processed pkts:     1055381567 (100.0% of NIC RX)


╔═══════════════════════════════════════════════════════════════════════╗
║          MIRA DDoS DETECTOR - STATISTICS (MULTI-CORE)                ║
╚═══════════════════════════════════════════════════════════════════════╝

[PACKET COUNTERS - GLOBAL]
  Total packets:      1062362710
  Baseline (10.10.2.x): 0 (0.0%)
  Attack (10.10.3.x): 1062362710 (100.0%)
  TCP packets:        0
  UDP packets:        1062362710
  ICMP packets:       0

[INSTANTANEOUS TRAFFIC - Last 5.0 seconds]
  Baseline (10.10.2.x): 0 pkts (0.0%)  0 bytes  0.00 Gbps
  Attack (10.10.3.x): 6981071 pkts (100.0%)  2303856038 bytes  3.68 Gbps
  Total throughput:   3.68 Gbps  (avg pkt: 330 bytes)

[CUMULATIVE TRAFFIC - Since first packet (761.4s)]
  Total received:     1062362710 pkts (1.40 Mpps) | 3.68 Gbps | 350555891480 bytes

[ATTACK-SPECIFIC COUNTERS]
  SYN packets:        0
  SYN-ACK packets:    0
  SYN/ACK ratio:      0.00
  HTTP requests:      0
  DNS queries:        8772

[PROTOCOL-SPECIFIC COUNTERS - CIC-DDoS-2019 Features]
  NTP Amplification:
    Monlist queries:  2339
    Responses:        0  (avg size: 0 bytes)
  DNS Amplification:
    ANY queries:      0
    TXT queries:      0
    Responses:        7333  (avg size: 316 bytes)
  SNMP Amplification:
    GetBulk requests: 0
    Responses:        0  (avg size: 0 bytes)
  SSDP:
    M-SEARCH packets: 0
    Responses:        16455
  PortMapper:
    GETPORT calls:    16239
    DUMP calls:       0
  NetBIOS:
    Name queries:     18108
    Datagram packets: 16298
  LDAP:
    Bind requests:    0
    Search requests:  16460
  MSSQL:
    SQLBatch packets: 15835
    RPC packets:      0
  TFTP:
    RRQ (read) pkts:  0
    WRQ (write) pkts: 0

[ATTACK DETECTIONS - Cumulative Events]
  UDP flood events:   14645
  UDP-lag events:     14
  SYN flood events:   0
  HTTP flood events:  0
  ICMP flood events:  0
  DNS amp events:     0
  NTP amp events:     0
  SNMP amp events:    0
  SSDP events:        0
  PortMap events:     0
  NetBIOS events:     0
  LDAP events:        0
  MSSQL events:       0
  TFTP events:        0
  ACK flood events:   0
  Frag attack events: 0
  Packet flood events:0
  (Note: Events count IPs exceeding thresholds per 50ms window)

[ALERT STATUS]
  Alert level:        [1;31mHIGH[0m
  Reason:             [1;31mUDP FLOOD detected: 542273214 UDP pps | [0m

[MULTI-LF (2025) COMPARISON]
=== Detection Performance vs ML-Based System ===

  First Detection Latency:   177.75 ms (vs MULTI-LF: 866 ms)
    Improvement:             4.9× faster

  Packets until detection:   0
  Bytes until detection:     0 (0.00 MB)

[OCTOSKETCH METRICS - Optimized Architecture]
=== Per-Worker Sketches + Sampling (1/32 packets) ===

  Architecture:              Per-worker (NO atomics, NO contention)
  Total sketch memory:       5377 KB (14 workers × 384.1 KB)
  Sampling rate:             1 in 32 packets (3.1% overhead)
  Attack traffic sampled:    2734016 updates
  Estimated attack packets:  87488512 (×32 sampling factor)
  Sketch overhead:           ~1.56% of fast-path cycles
  Memory efficiency:         O(1) constant, 384.1 KB per worker

[MULTIPLE DETECTION STATISTICS]
=== Aggregate Detection Analysis ===

  Total detection events:    14645
  Average detection latency: 51.99 ms
  Min detection latency:     50.22 ms
  Max detection latency:     301.73 ms
  Latency range:             251.51 ms

  Detection Latency Histogram:
    < 20 ms:  0 detections (0.0%)
    20-30 ms: 0 detections (0.0%)
    30-40 ms: 0 detections (0.0%)
    40-50 ms: 0 detections (0.0%)
    > 50 ms:  14644 detections (100.0%)

[PERFORMANCE METRICS]
  Throughput:         3.68 Gbps (1.40 Mpps)
  Cycles available:   2143 cycles/pkt (lower = higher load)
  Active IPs:         0
  Worker threads:     14 (lcores 1-14)

[DPDK NIC STATISTICS]
  RX packets (NIC):   1062362371
  RX dropped (HW):    [0m0[0m (imissed)
  RX no mbufs:        [0m0[0m (buffer exhaustion)
  RX errors:          0
  Total drops:        [0m0 (0.00%)[0m
  RX burst calls:     300990653890 (99.7% empty)
  Processed pkts:     1062362710 (100.0% of NIC RX)


╔═══════════════════════════════════════════════════════════════════════╗
║          MIRA DDoS DETECTOR - STATISTICS (MULTI-CORE)                ║
╚═══════════════════════════════════════════════════════════════════════╝

[PACKET COUNTERS - GLOBAL]
  Total packets:      1069342815
  Baseline (10.10.2.x): 0 (0.0%)
  Attack (10.10.3.x): 1069342815 (100.0%)
  TCP packets:        0
  UDP packets:        1069342815
  ICMP packets:       0

[INSTANTANEOUS TRAFFIC - Last 5.0 seconds]
  Baseline (10.10.2.x): 0 pkts (0.0%)  0 bytes  0.00 Gbps
  Attack (10.10.3.x): 6980037 pkts (100.0%)  2302933273 bytes  3.68 Gbps
  Total throughput:   3.68 Gbps  (avg pkt: 330 bytes)

[CUMULATIVE TRAFFIC - Since first packet (766.4s)]
  Total received:     1069342815 pkts (1.40 Mpps) | 3.68 Gbps | 352858849013 bytes

[ATTACK-SPECIFIC COUNTERS]
  SYN packets:        0
  SYN-ACK packets:    0
  SYN/ACK ratio:      0.00
  HTTP requests:      0
  DNS queries:        8825

[PROTOCOL-SPECIFIC COUNTERS - CIC-DDoS-2019 Features]
  NTP Amplification:
    Monlist queries:  2353
    Responses:        0  (avg size: 0 bytes)
  DNS Amplification:
    ANY queries:      0
    TXT queries:      0
    Responses:        7389  (avg size: 316 bytes)
  SNMP Amplification:
    GetBulk requests: 0
    Responses:        0  (avg size: 0 bytes)
  SSDP:
    M-SEARCH packets: 0
    Responses:        16580
  PortMapper:
    GETPORT calls:    16353
    DUMP calls:       0
  NetBIOS:
    Name queries:     18222
    Datagram packets: 16398
  LDAP:
    Bind requests:    0
    Search requests:  16575
  MSSQL:
    SQLBatch packets: 15952
    RPC packets:      0
  TFTP:
    RRQ (read) pkts:  0
    WRQ (write) pkts: 0

[ATTACK DETECTIONS - Cumulative Events]
  UDP flood events:   14742
  UDP-lag events:     14
  SYN flood events:   0
  HTTP flood events:  0
  ICMP flood events:  0
  DNS amp events:     0
  NTP amp events:     0
  SNMP amp events:    0
  SSDP events:        0
  PortMap events:     0
  NetBIOS events:     0
  LDAP events:        0
  MSSQL events:       0
  TFTP events:        0
  ACK flood events:   0
  Frag attack events: 0
  Packet flood events:0
  (Note: Events count IPs exceeding thresholds per 50ms window)

[ALERT STATUS]
  Alert level:        [1;31mHIGH[0m
  Reason:             [1;31mUDP FLOOD detected: 560184564 UDP pps | [0m

[MULTI-LF (2025) COMPARISON]
=== Detection Performance vs ML-Based System ===

  First Detection Latency:   177.75 ms (vs MULTI-LF: 866 ms)
    Improvement:             4.9× faster

  Packets until detection:   0
  Bytes until detection:     0 (0.00 MB)

[OCTOSKETCH METRICS - Optimized Architecture]
=== Per-Worker Sketches + Sampling (1/32 packets) ===

  Architecture:              Per-worker (NO atomics, NO contention)
  Total sketch memory:       5377 KB (14 workers × 384.1 KB)
  Sampling rate:             1 in 32 packets (3.1% overhead)
  Attack traffic sampled:    2662080 updates
  Estimated attack packets:  85186560 (×32 sampling factor)
  Sketch overhead:           ~1.56% of fast-path cycles
  Memory efficiency:         O(1) constant, 384.1 KB per worker

[MULTIPLE DETECTION STATISTICS]
=== Aggregate Detection Analysis ===

  Total detection events:    14742
  Average detection latency: 51.99 ms
  Min detection latency:     50.22 ms
  Max detection latency:     301.73 ms
  Latency range:             251.51 ms

  Detection Latency Histogram:
    < 20 ms:  0 detections (0.0%)
    20-30 ms: 0 detections (0.0%)
    30-40 ms: 0 detections (0.0%)
    40-50 ms: 0 detections (0.0%)
    > 50 ms:  14741 detections (100.0%)

[PERFORMANCE METRICS]
  Throughput:         3.68 Gbps (1.40 Mpps)
  Cycles available:   2143 cycles/pkt (lower = higher load)
  Active IPs:         0
  Worker threads:     14 (lcores 1-14)

[DPDK NIC STATISTICS]
  RX packets (NIC):   1069342473
  RX dropped (HW):    [0m0[0m (imissed)
  RX no mbufs:        [0m0[0m (buffer exhaustion)
  RX errors:          0
  Total drops:        [0m0 (0.00%)[0m
  RX burst calls:     302916597581 (99.7% empty)
  Processed pkts:     1069342815 (100.0% of NIC RX)


╔═══════════════════════════════════════════════════════════════════════╗
║          MIRA DDoS DETECTOR - STATISTICS (MULTI-CORE)                ║
╚═══════════════════════════════════════════════════════════════════════╝

[PACKET COUNTERS - GLOBAL]
  Total packets:      1076324423
  Baseline (10.10.2.x): 0 (0.0%)
  Attack (10.10.3.x): 1076324423 (100.0%)
  TCP packets:        0
  UDP packets:        1076324423
  ICMP packets:       0

[INSTANTANEOUS TRAFFIC - Last 5.0 seconds]
  Baseline (10.10.2.x): 0 pkts (0.0%)  0 bytes  0.00 Gbps
  Attack (10.10.3.x): 6981557 pkts (100.0%)  2303999152 bytes  3.68 Gbps
  Total throughput:   3.68 Gbps  (avg pkt: 330 bytes)

[CUMULATIVE TRAFFIC - Since first packet (771.4s)]
  Total received:     1076324423 pkts (1.40 Mpps) | 3.68 Gbps | 355162863597 bytes

[ATTACK-SPECIFIC COUNTERS]
  SYN packets:        0
  SYN-ACK packets:    0
  SYN/ACK ratio:      0.00
  HTTP requests:      0
  DNS queries:        8883

[PROTOCOL-SPECIFIC COUNTERS - CIC-DDoS-2019 Features]
  NTP Amplification:
    Monlist queries:  2369
    Responses:        0  (avg size: 0 bytes)
  DNS Amplification:
    ANY queries:      0
    TXT queries:      0
    Responses:        7424  (avg size: 316 bytes)
  SNMP Amplification:
    GetBulk requests: 0
    Responses:        0  (avg size: 0 bytes)
  SSDP:
    M-SEARCH packets: 0
    Responses:        16704
  PortMapper:
    GETPORT calls:    16465
    DUMP calls:       0
  NetBIOS:
    Name queries:     18345
    Datagram packets: 16512
  LDAP:
    Bind requests:    0
    Search requests:  16674
  MSSQL:
    SQLBatch packets: 16048
    RPC packets:      0
  TFTP:
    RRQ (read) pkts:  0
    WRQ (write) pkts: 0

[ATTACK DETECTIONS - Cumulative Events]
  UDP flood events:   14839
  UDP-lag events:     14
  SYN flood events:   0
  HTTP flood events:  0
  ICMP flood events:  0
  DNS amp events:     0
  NTP amp events:     0
  SNMP amp events:    0
  SSDP events:        0
  PortMap events:     0
  NetBIOS events:     0
  LDAP events:        0
  MSSQL events:       0
  TFTP events:        0
  ACK flood events:   0
  Frag attack events: 0
  Packet flood events:0
  (Note: Events count IPs exceeding thresholds per 50ms window)

[ALERT STATUS]
  Alert level:        [1;31mHIGH[0m
  Reason:             [1;31mUDP FLOOD detected: 563848868 UDP pps | [0m

[MULTI-LF (2025) COMPARISON]
=== Detection Performance vs ML-Based System ===

  First Detection Latency:   177.75 ms (vs MULTI-LF: 866 ms)
    Improvement:             4.9× faster

  Packets until detection:   0
  Bytes until detection:     0 (0.00 MB)

[OCTOSKETCH METRICS - Optimized Architecture]
=== Per-Worker Sketches + Sampling (1/32 packets) ===

  Architecture:              Per-worker (NO atomics, NO contention)
  Total sketch memory:       5377 KB (14 workers × 384.1 KB)
  Sampling rate:             1 in 32 packets (3.1% overhead)
  Attack traffic sampled:    2663840 updates
  Estimated attack packets:  85242880 (×32 sampling factor)
  Sketch overhead:           ~1.56% of fast-path cycles
  Memory efficiency:         O(1) constant, 384.1 KB per worker

[MULTIPLE DETECTION STATISTICS]
=== Aggregate Detection Analysis ===

  Total detection events:    14839
  Average detection latency: 51.99 ms
  Min detection latency:     50.22 ms
  Max detection latency:     301.73 ms
  Latency range:             251.51 ms

  Detection Latency Histogram:
    < 20 ms:  0 detections (0.0%)
    20-30 ms: 0 detections (0.0%)
    30-40 ms: 0 detections (0.0%)
    40-50 ms: 0 detections (0.0%)
    > 50 ms:  14838 detections (100.0%)

[PERFORMANCE METRICS]
  Throughput:         3.68 Gbps (1.40 Mpps)
  Cycles available:   2143 cycles/pkt (lower = higher load)
  Active IPs:         0
  Worker threads:     14 (lcores 1-14)

[DPDK NIC STATISTICS]
  RX packets (NIC):   1076324086
  RX dropped (HW):    [0m0[0m (imissed)
  RX no mbufs:        [0m0[0m (buffer exhaustion)
  RX errors:          0
  Total drops:        [0m0 (0.00%)[0m
  RX burst calls:     304842540644 (99.7% empty)
  Processed pkts:     1076324423 (100.0% of NIC RX)


╔═══════════════════════════════════════════════════════════════════════╗
║          MIRA DDoS DETECTOR - STATISTICS (MULTI-CORE)                ║
╚═══════════════════════════════════════════════════════════════════════╝

[PACKET COUNTERS - GLOBAL]
  Total packets:      1083303848
  Baseline (10.10.2.x): 0 (0.0%)
  Attack (10.10.3.x): 1083303848 (100.0%)
  TCP packets:        0
  UDP packets:        1083303848
  ICMP packets:       0

[INSTANTANEOUS TRAFFIC - Last 5.0 seconds]
  Baseline (10.10.2.x): 0 pkts (0.0%)  0 bytes  0.00 Gbps
  Attack (10.10.3.x): 6979351 pkts (100.0%)  2469483550 bytes  3.95 Gbps
  Total throughput:   3.95 Gbps  (avg pkt: 354 bytes)

[CUMULATIVE TRAFFIC - Since first packet (776.4s)]
  Total received:     1083303848 pkts (1.40 Mpps) | 3.68 Gbps | 357465921587 bytes

[ATTACK-SPECIFIC COUNTERS]
  SYN packets:        0
  SYN-ACK packets:    0
  SYN/ACK ratio:      0.00
  HTTP requests:      0
  DNS queries:        8947

[PROTOCOL-SPECIFIC COUNTERS - CIC-DDoS-2019 Features]
  NTP Amplification:
    Monlist queries:  2385
    Responses:        0  (avg size: 0 bytes)
  DNS Amplification:
    ANY queries:      0
    TXT queries:      0
    Responses:        7479  (avg size: 316 bytes)
  SNMP Amplification:
    GetBulk requests: 0
    Responses:        0  (avg size: 0 bytes)
  SSDP:
    M-SEARCH packets: 0
    Responses:        16776
  PortMapper:
    GETPORT calls:    16560
    DUMP calls:       0
  NetBIOS:
    Name queries:     18465
    Datagram packets: 16621
  LDAP:
    Bind requests:    0
    Search requests:  16787
  MSSQL:
    SQLBatch packets: 16150
    RPC packets:      0
  TFTP:
    RRQ (read) pkts:  0
    WRQ (write) pkts: 0

[ATTACK DETECTIONS - Cumulative Events]
  UDP flood events:   14937
  UDP-lag events:     17
  SYN flood events:   0
  HTTP flood events:  0
  ICMP flood events:  0
  DNS amp events:     0
  NTP amp events:     0
  SNMP amp events:    0
  SSDP events:        0
  PortMap events:     0
  NetBIOS events:     0
  LDAP events:        0
  MSSQL events:       0
  TFTP events:        0
  ACK flood events:   0
  Frag attack events: 0
  Packet flood events:0
  (Note: Events count IPs exceeding thresholds per 50ms window)

[ALERT STATUS]
  Alert level:        [1;31mHIGH[0m
  Reason:             [1;31mUDP FLOOD detected: 567525455 UDP pps | [0m

[MULTI-LF (2025) COMPARISON]
=== Detection Performance vs ML-Based System ===

  First Detection Latency:   177.75 ms (vs MULTI-LF: 866 ms)
    Improvement:             4.9× faster

  Packets until detection:   0
  Bytes until detection:     0 (0.00 MB)

[OCTOSKETCH METRICS - Optimized Architecture]
=== Per-Worker Sketches + Sampling (1/32 packets) ===

  Architecture:              Per-worker (NO atomics, NO contention)
  Total sketch memory:       5377 KB (14 workers × 384.1 KB)
  Sampling rate:             1 in 32 packets (3.1% overhead)
  Attack traffic sampled:    2663360 updates
  Estimated attack packets:  85227520 (×32 sampling factor)
  Sketch overhead:           ~1.56% of fast-path cycles
  Memory efficiency:         O(1) constant, 384.1 KB per worker

[MULTIPLE DETECTION STATISTICS]
=== Aggregate Detection Analysis ===

  Total detection events:    14937
  Average detection latency: 51.98 ms
  Min detection latency:     50.22 ms
  Max detection latency:     301.73 ms
  Latency range:             251.51 ms

  Detection Latency Histogram:
    < 20 ms:  0 detections (0.0%)
    20-30 ms: 0 detections (0.0%)
    30-40 ms: 0 detections (0.0%)
    40-50 ms: 0 detections (0.0%)
    > 50 ms:  14936 detections (100.0%)

[PERFORMANCE METRICS]
  Throughput:         3.95 Gbps (1.39 Mpps)
  Cycles available:   2143 cycles/pkt (lower = higher load)
  Active IPs:         0
  Worker threads:     14 (lcores 1-14)

[DPDK NIC STATISTICS]
  RX packets (NIC):   1083303510
  RX dropped (HW):    [0m0[0m (imissed)
  RX no mbufs:        [0m0[0m (buffer exhaustion)
  RX errors:          0
  Total drops:        [0m0 (0.00%)[0m
  RX burst calls:     306768468271 (99.7% empty)
  Processed pkts:     1083303848 (100.0% of NIC RX)


╔═══════════════════════════════════════════════════════════════════════╗
║          MIRA DDoS DETECTOR - STATISTICS (MULTI-CORE)                ║
╚═══════════════════════════════════════════════════════════════════════╝

[PACKET COUNTERS - GLOBAL]
  Total packets:      1090285896
  Baseline (10.10.2.x): 0 (0.0%)
  Attack (10.10.3.x): 1090285896 (100.0%)
  TCP packets:        0
  UDP packets:        1090285896
  ICMP packets:       0

[INSTANTANEOUS TRAFFIC - Last 5.0 seconds]
  Baseline (10.10.2.x): 0 pkts (0.0%)  0 bytes  0.00 Gbps
  Attack (10.10.3.x): 6981987 pkts (100.0%)  2303854576 bytes  3.68 Gbps
  Total throughput:   3.68 Gbps  (avg pkt: 330 bytes)

[CUMULATIVE TRAFFIC - Since first packet (781.4s)]
  Total received:     1090285896 pkts (1.40 Mpps) | 3.68 Gbps | 359769796411 bytes

[ATTACK-SPECIFIC COUNTERS]
  SYN packets:        0
  SYN-ACK packets:    0
  SYN/ACK ratio:      0.00
  HTTP requests:      0
  DNS queries:        8997

[PROTOCOL-SPECIFIC COUNTERS - CIC-DDoS-2019 Features]
  NTP Amplification:
    Monlist queries:  2400
    Responses:        0  (avg size: 0 bytes)
  DNS Amplification:
    ANY queries:      0
    TXT queries:      0
    Responses:        7530  (avg size: 316 bytes)
  SNMP Amplification:
    GetBulk requests: 0
    Responses:        0  (avg size: 0 bytes)
  SSDP:
    M-SEARCH packets: 0
    Responses:        16901
  PortMapper:
    GETPORT calls:    16681
    DUMP calls:       0
  NetBIOS:
    Name queries:     18577
    Datagram packets: 16716
  LDAP:
    Bind requests:    0
    Search requests:  16903
  MSSQL:
    SQLBatch packets: 16266
    RPC packets:      0
  TFTP:
    RRQ (read) pkts:  0
    WRQ (write) pkts: 0

[ATTACK DETECTIONS - Cumulative Events]
  UDP flood events:   15034
  UDP-lag events:     17
  SYN flood events:   0
  HTTP flood events:  0
  ICMP flood events:  0
  DNS amp events:     0
  NTP amp events:     0
  SNMP amp events:    0
  SSDP events:        0
  PortMap events:     0
  NetBIOS events:     0
  LDAP events:        0
  MSSQL events:       0
  TFTP events:        0
  ACK flood events:   0
  Frag attack events: 0
  Packet flood events:0
  (Note: Events count IPs exceeding thresholds per 50ms window)

[ALERT STATUS]
  Alert level:        [1;31mHIGH[0m
  Reason:             [1;31mUDP FLOOD detected: 586580901 UDP pps | [0m

[MULTI-LF (2025) COMPARISON]
=== Detection Performance vs ML-Based System ===

  First Detection Latency:   177.75 ms (vs MULTI-LF: 866 ms)
    Improvement:             4.9× faster

  Packets until detection:   0
  Bytes until detection:     0 (0.00 MB)

[OCTOSKETCH METRICS - Optimized Architecture]
=== Per-Worker Sketches + Sampling (1/32 packets) ===

  Architecture:              Per-worker (NO atomics, NO contention)
  Total sketch memory:       5377 KB (14 workers × 384.1 KB)
  Sampling rate:             1 in 32 packets (3.1% overhead)
  Attack traffic sampled:    2594112 updates
  Estimated attack packets:  83011584 (×32 sampling factor)
  Sketch overhead:           ~1.56% of fast-path cycles
  Memory efficiency:         O(1) constant, 384.1 KB per worker

[MULTIPLE DETECTION STATISTICS]
=== Aggregate Detection Analysis ===

  Total detection events:    15034
  Average detection latency: 51.98 ms
  Min detection latency:     50.22 ms
  Max detection latency:     301.73 ms
  Latency range:             251.51 ms

  Detection Latency Histogram:
    < 20 ms:  0 detections (0.0%)
    20-30 ms: 0 detections (0.0%)
    30-40 ms: 0 detections (0.0%)
    40-50 ms: 0 detections (0.0%)
    > 50 ms:  15033 detections (100.0%)

[PERFORMANCE METRICS]
  Throughput:         3.68 Gbps (1.40 Mpps)
  Cycles available:   2143 cycles/pkt (lower = higher load)
  Active IPs:         0
  Worker threads:     14 (lcores 1-14)

[DPDK NIC STATISTICS]
  RX packets (NIC):   1090285543
  RX dropped (HW):    [0m0[0m (imissed)
  RX no mbufs:        [0m0[0m (buffer exhaustion)
  RX errors:          0
  Total drops:        [0m0 (0.00%)[0m
  RX burst calls:     308694183956 (99.7% empty)
  Processed pkts:     1090285896 (100.0% of NIC RX)


╔═══════════════════════════════════════════════════════════════════════╗
║          MIRA DDoS DETECTOR - STATISTICS (MULTI-CORE)                ║
╚═══════════════════════════════════════════════════════════════════════╝

[PACKET COUNTERS - GLOBAL]
  Total packets:      1097266819
  Baseline (10.10.2.x): 0 (0.0%)
  Attack (10.10.3.x): 1097266819 (100.0%)
  TCP packets:        0
  UDP packets:        1097266819
  ICMP packets:       0

[INSTANTANEOUS TRAFFIC - Last 5.0 seconds]
  Baseline (10.10.2.x): 0 pkts (0.0%)  0 bytes  0.00 Gbps
  Attack (10.10.3.x): 6980830 pkts (100.0%)  2303462311 bytes  3.68 Gbps
  Total throughput:   3.68 Gbps  (avg pkt: 330 bytes)

[CUMULATIVE TRAFFIC - Since first packet (786.4s)]
  Total received:     1097266819 pkts (1.40 Mpps) | 3.68 Gbps | 362073289364 bytes

[ATTACK-SPECIFIC COUNTERS]
  SYN packets:        0
  SYN-ACK packets:    0
  SYN/ACK ratio:      0.00
  HTTP requests:      0
  DNS queries:        9057

[PROTOCOL-SPECIFIC COUNTERS - CIC-DDoS-2019 Features]
  NTP Amplification:
    Monlist queries:  2416
    Responses:        0  (avg size: 0 bytes)
  DNS Amplification:
    ANY queries:      0
    TXT queries:      0
    Responses:        7568  (avg size: 316 bytes)
  SNMP Amplification:
    GetBulk requests: 0
    Responses:        0  (avg size: 0 bytes)
  SSDP:
    M-SEARCH packets: 0
    Responses:        17024
  PortMapper:
    GETPORT calls:    16780
    DUMP calls:       0
  NetBIOS:
    Name queries:     18702
    Datagram packets: 16834
  LDAP:
    Bind requests:    0
    Search requests:  17005
  MSSQL:
    SQLBatch packets: 16356
    RPC packets:      0
  TFTP:
    RRQ (read) pkts:  0
    WRQ (write) pkts: 0

[ATTACK DETECTIONS - Cumulative Events]
  UDP flood events:   15132
  UDP-lag events:     17
  SYN flood events:   0
  HTTP flood events:  0
  ICMP flood events:  0
  DNS amp events:     0
  NTP amp events:     0
  SNMP amp events:    0
  SSDP events:        0
  PortMap events:     0
  NetBIOS events:     0
  LDAP events:        0
  MSSQL events:       0
  TFTP events:        0
  ACK flood events:   0
  Frag attack events: 0
  Packet flood events:0
  (Note: Events count IPs exceeding thresholds per 50ms window)

[ALERT STATUS]
  Alert level:        [1;31mHIGH[0m
  Reason:             [1;31mUDP FLOOD detected: 590365989 UDP pps | [0m

[MULTI-LF (2025) COMPARISON]
=== Detection Performance vs ML-Based System ===

  First Detection Latency:   177.75 ms (vs MULTI-LF: 866 ms)
    Improvement:             4.9× faster

  Packets until detection:   0
  Bytes until detection:     0 (0.00 MB)

[OCTOSKETCH METRICS - Optimized Architecture]
=== Per-Worker Sketches + Sampling (1/32 packets) ===

  Architecture:              Per-worker (NO atomics, NO contention)
  Total sketch memory:       5377 KB (14 workers × 384.1 KB)
  Sampling rate:             1 in 32 packets (3.1% overhead)
  Attack traffic sampled:    2593248 updates
  Estimated attack packets:  82983936 (×32 sampling factor)
  Sketch overhead:           ~1.56% of fast-path cycles
  Memory efficiency:         O(1) constant, 384.1 KB per worker

[MULTIPLE DETECTION STATISTICS]
=== Aggregate Detection Analysis ===

  Total detection events:    15132
  Average detection latency: 51.97 ms
  Min detection latency:     50.22 ms
  Max detection latency:     301.73 ms
  Latency range:             251.51 ms

  Detection Latency Histogram:
    < 20 ms:  0 detections (0.0%)
    20-30 ms: 0 detections (0.0%)
    30-40 ms: 0 detections (0.0%)
    40-50 ms: 0 detections (0.0%)
    > 50 ms:  15131 detections (100.0%)

[PERFORMANCE METRICS]
  Throughput:         3.68 Gbps (1.40 Mpps)
  Cycles available:   2143 cycles/pkt (lower = higher load)
  Active IPs:         0
  Worker threads:     14 (lcores 1-14)

[DPDK NIC STATISTICS]
  RX packets (NIC):   1097266510
  RX dropped (HW):    [0m0[0m (imissed)
  RX no mbufs:        [0m0[0m (buffer exhaustion)
  RX errors:          0
  Total drops:        [0m0 (0.00%)[0m
  RX burst calls:     310620187453 (99.7% empty)
  Processed pkts:     1097266819 (100.0% of NIC RX)


╔═══════════════════════════════════════════════════════════════════════╗
║          MIRA DDoS DETECTOR - STATISTICS (MULTI-CORE)                ║
╚═══════════════════════════════════════════════════════════════════════╝

[PACKET COUNTERS - GLOBAL]
  Total packets:      1104248212
  Baseline (10.10.2.x): 0 (0.0%)
  Attack (10.10.3.x): 1104248212 (100.0%)
  TCP packets:        0
  UDP packets:        1104248212
  ICMP packets:       0

[INSTANTANEOUS TRAFFIC - Last 5.0 seconds]
  Baseline (10.10.2.x): 0 pkts (0.0%)  0 bytes  0.00 Gbps
  Attack (10.10.3.x): 6981317 pkts (100.0%)  2303729594 bytes  3.68 Gbps
  Total throughput:   3.68 Gbps  (avg pkt: 330 bytes)

[CUMULATIVE TRAFFIC - Since first packet (791.4s)]
  Total received:     1104248212 pkts (1.40 Mpps) | 3.68 Gbps | 364377045180 bytes

[ATTACK-SPECIFIC COUNTERS]
  SYN packets:        0
  SYN-ACK packets:    0
  SYN/ACK ratio:      0.00
  HTTP requests:      0
  DNS queries:        9116

[PROTOCOL-SPECIFIC COUNTERS - CIC-DDoS-2019 Features]
  NTP Amplification:
    Monlist queries:  2430
    Responses:        0  (avg size: 0 bytes)
  DNS Amplification:
    ANY queries:      0
    TXT queries:      0
    Responses:        7624  (avg size: 316 bytes)
  SNMP Amplification:
    GetBulk requests: 0
    Responses:        0  (avg size: 0 bytes)
  SSDP:
    M-SEARCH packets: 0
    Responses:        17106
  PortMapper:
    GETPORT calls:    16878
    DUMP calls:       0
  NetBIOS:
    Name queries:     18825
    Datagram packets: 16937
  LDAP:
    Bind requests:    0
    Search requests:  17107
  MSSQL:
    SQLBatch packets: 16461
    RPC packets:      0
  TFTP:
    RRQ (read) pkts:  0
    WRQ (write) pkts: 0

[ATTACK DETECTIONS - Cumulative Events]
  UDP flood events:   15229
  UDP-lag events:     17
  SYN flood events:   0
  HTTP flood events:  0
  ICMP flood events:  0
  DNS amp events:     0
  NTP amp events:     0
  SNMP amp events:    0
  SSDP events:        0
  PortMap events:     0
  NetBIOS events:     0
  LDAP events:        0
  MSSQL events:       0
  TFTP events:        0
  ACK flood events:   0
  Frag attack events: 0
  Packet flood events:0
  (Note: Events count IPs exceeding thresholds per 50ms window)

[ALERT STATUS]
  Alert level:        [1;31mHIGH[0m
  Reason:             [1;31mUDP FLOOD detected: 610601691 UDP pps | [0m

[MULTI-LF (2025) COMPARISON]
=== Detection Performance vs ML-Based System ===

  First Detection Latency:   177.75 ms (vs MULTI-LF: 866 ms)
    Improvement:             4.9× faster

  Packets until detection:   0
  Bytes until detection:     0 (0.00 MB)

[OCTOSKETCH METRICS - Optimized Architecture]
=== Per-Worker Sketches + Sampling (1/32 packets) ===

  Architecture:              Per-worker (NO atomics, NO contention)
  Total sketch memory:       5377 KB (14 workers × 384.1 KB)
  Sampling rate:             1 in 32 packets (3.1% overhead)
  Attack traffic sampled:    2523008 updates
  Estimated attack packets:  80736256 (×32 sampling factor)
  Sketch overhead:           ~1.56% of fast-path cycles
  Memory efficiency:         O(1) constant, 384.1 KB per worker

[MULTIPLE DETECTION STATISTICS]
=== Aggregate Detection Analysis ===

  Total detection events:    15229
  Average detection latency: 51.97 ms
  Min detection latency:     50.22 ms
  Max detection latency:     301.73 ms
  Latency range:             251.51 ms

  Detection Latency Histogram:
    < 20 ms:  0 detections (0.0%)
    20-30 ms: 0 detections (0.0%)
    30-40 ms: 0 detections (0.0%)
    40-50 ms: 0 detections (0.0%)
    > 50 ms:  15228 detections (100.0%)

[PERFORMANCE METRICS]
  Throughput:         3.68 Gbps (1.40 Mpps)
  Cycles available:   2143 cycles/pkt (lower = higher load)
  Active IPs:         0
  Worker threads:     14 (lcores 1-14)

[DPDK NIC STATISTICS]
  RX packets (NIC):   1104247881
  RX dropped (HW):    [0m0[0m (imissed)
  RX no mbufs:        [0m0[0m (buffer exhaustion)
  RX errors:          0
  Total drops:        [0m0 (0.00%)[0m
  RX burst calls:     312545921683 (99.7% empty)
  Processed pkts:     1104248212 (100.0% of NIC RX)


╔═══════════════════════════════════════════════════════════════════════╗
║          MIRA DDoS DETECTOR - STATISTICS (MULTI-CORE)                ║
╚═══════════════════════════════════════════════════════════════════════╝

[PACKET COUNTERS - GLOBAL]
  Total packets:      1111228992
  Baseline (10.10.2.x): 0 (0.0%)
  Attack (10.10.3.x): 1111228992 (100.0%)
  TCP packets:        0
  UDP packets:        1111228992
  ICMP packets:       0

[INSTANTANEOUS TRAFFIC - Last 5.0 seconds]
  Baseline (10.10.2.x): 0 pkts (0.0%)  0 bytes  0.00 Gbps
  Attack (10.10.3.x): 6980710 pkts (100.0%)  2469494148 bytes  3.95 Gbps
  Total throughput:   3.95 Gbps  (avg pkt: 354 bytes)

[CUMULATIVE TRAFFIC - Since first packet (796.4s)]
  Total received:     1111228992 pkts (1.40 Mpps) | 3.68 Gbps | 366680415604 bytes

[ATTACK-SPECIFIC COUNTERS]
  SYN packets:        0
  SYN-ACK packets:    0
  SYN/ACK ratio:      0.00
  HTTP requests:      0
  DNS queries:        9168

[PROTOCOL-SPECIFIC COUNTERS - CIC-DDoS-2019 Features]
  NTP Amplification:
    Monlist queries:  2446
    Responses:        0  (avg size: 0 bytes)
  DNS Amplification:
    ANY queries:      0
    TXT queries:      0
    Responses:        7674  (avg size: 316 bytes)
  SNMP Amplification:
    GetBulk requests: 0
    Responses:        0  (avg size: 0 bytes)
  SSDP:
    M-SEARCH packets: 0
    Responses:        17236
  PortMapper:
    GETPORT calls:    17002
    DUMP calls:       0
  NetBIOS:
    Name queries:     18933
    Datagram packets: 17038
  LDAP:
    Bind requests:    0
    Search requests:  17222
  MSSQL:
    SQLBatch packets: 16578
    RPC packets:      0
  TFTP:
    RRQ (read) pkts:  0
    WRQ (write) pkts: 0

[ATTACK DETECTIONS - Cumulative Events]
  UDP flood events:   15326
  UDP-lag events:     19
  SYN flood events:   0
  HTTP flood events:  0
  ICMP flood events:  0
  DNS amp events:     0
  NTP amp events:     0
  SNMP amp events:    0
  SSDP events:        0
  PortMap events:     0
  NetBIOS events:     0
  LDAP events:        0
  MSSQL events:       0
  TFTP events:        0
  ACK flood events:   0
  Frag attack events: 0
  Packet flood events:0
  (Note: Events count IPs exceeding thresholds per 50ms window)

[ALERT STATUS]
  Alert level:        [1;31mHIGH[0m
  Reason:             [1;31mUDP FLOOD detected: 614475659 UDP pps | [0m

[MULTI-LF (2025) COMPARISON]
=== Detection Performance vs ML-Based System ===

  First Detection Latency:   177.75 ms (vs MULTI-LF: 866 ms)
    Improvement:             4.9× faster

  Packets until detection:   0
  Bytes until detection:     0 (0.00 MB)

[OCTOSKETCH METRICS - Optimized Architecture]
=== Per-Worker Sketches + Sampling (1/32 packets) ===

  Architecture:              Per-worker (NO atomics, NO contention)
  Total sketch memory:       5377 KB (14 workers × 384.1 KB)
  Sampling rate:             1 in 32 packets (3.1% overhead)
  Attack traffic sampled:    2522976 updates
  Estimated attack packets:  80735232 (×32 sampling factor)
  Sketch overhead:           ~1.56% of fast-path cycles
  Memory efficiency:         O(1) constant, 384.1 KB per worker

[MULTIPLE DETECTION STATISTICS]
=== Aggregate Detection Analysis ===

  Total detection events:    15326
  Average detection latency: 51.97 ms
  Min detection latency:     50.22 ms
  Max detection latency:     301.73 ms
  Latency range:             251.51 ms

  Detection Latency Histogram:
    < 20 ms:  0 detections (0.0%)
    20-30 ms: 0 detections (0.0%)
    30-40 ms: 0 detections (0.0%)
    40-50 ms: 0 detections (0.0%)
    > 50 ms:  15325 detections (100.0%)

[PERFORMANCE METRICS]
  Throughput:         3.95 Gbps (1.40 Mpps)
  Cycles available:   2143 cycles/pkt (lower = higher load)
  Active IPs:         0
  Worker threads:     14 (lcores 1-14)

[DPDK NIC STATISTICS]
  RX packets (NIC):   1111228636
  RX dropped (HW):    [0m0[0m (imissed)
  RX no mbufs:        [0m0[0m (buffer exhaustion)
  RX errors:          0
  Total drops:        [0m0 (0.00%)[0m
  RX burst calls:     314471895476 (99.7% empty)
  Processed pkts:     1111228992 (100.0% of NIC RX)


╔═══════════════════════════════════════════════════════════════════════╗
║          MIRA DDoS DETECTOR - STATISTICS (MULTI-CORE)                ║
╚═══════════════════════════════════════════════════════════════════════╝

[PACKET COUNTERS - GLOBAL]
  Total packets:      1118207784
  Baseline (10.10.2.x): 0 (0.0%)
  Attack (10.10.3.x): 1118207784 (100.0%)
  TCP packets:        0
  UDP packets:        1118207784
  ICMP packets:       0

[INSTANTANEOUS TRAFFIC - Last 5.0 seconds]
  Baseline (10.10.2.x): 0 pkts (0.0%)  0 bytes  0.00 Gbps
  Attack (10.10.3.x): 6978722 pkts (100.0%)  2302853340 bytes  3.68 Gbps
  Total throughput:   3.68 Gbps  (avg pkt: 330 bytes)

[CUMULATIVE TRAFFIC - Since first packet (801.4s)]
  Total received:     1118207784 pkts (1.40 Mpps) | 3.68 Gbps | 368983292270 bytes

[ATTACK-SPECIFIC COUNTERS]
  SYN packets:        0
  SYN-ACK packets:    0
  SYN/ACK ratio:      0.00
  HTTP requests:      0
  DNS queries:        9230

[PROTOCOL-SPECIFIC COUNTERS - CIC-DDoS-2019 Features]
  NTP Amplification:
    Monlist queries:  2461
    Responses:        0  (avg size: 0 bytes)
  DNS Amplification:
    ANY queries:      0
    TXT queries:      0
    Responses:        7714  (avg size: 316 bytes)
  SNMP Amplification:
    GetBulk requests: 0
    Responses:        0  (avg size: 0 bytes)
  SSDP:
    M-SEARCH packets: 0
    Responses:        17342
  PortMapper:
    GETPORT calls:    17106
    DUMP calls:       0
  NetBIOS:
    Name queries:     19061
    Datagram packets: 17159
  LDAP:
    Bind requests:    0
    Search requests:  17331
  MSSQL:
    SQLBatch packets: 16663
    RPC packets:      0
  TFTP:
    RRQ (read) pkts:  0
    WRQ (write) pkts: 0

[ATTACK DETECTIONS - Cumulative Events]
  UDP flood events:   15424
  UDP-lag events:     19
  SYN flood events:   0
  HTTP flood events:  0
  ICMP flood events:  0
  DNS amp events:     0
  NTP amp events:     0
  SNMP amp events:    0
  SSDP events:        0
  PortMap events:     0
  NetBIOS events:     0
  LDAP events:        0
  MSSQL events:       0
  TFTP events:        0
  ACK flood events:   0
  Frag attack events: 0
  Packet flood events:0
  (Note: Events count IPs exceeding thresholds per 50ms window)

[ALERT STATUS]
  Alert level:        [1;31mHIGH[0m
  Reason:             [1;31mUDP FLOOD detected: 618343435 UDP pps | [0m

[MULTI-LF (2025) COMPARISON]
=== Detection Performance vs ML-Based System ===

  First Detection Latency:   177.75 ms (vs MULTI-LF: 866 ms)
    Improvement:             4.9× faster

  Packets until detection:   0
  Bytes until detection:     0 (0.00 MB)

[OCTOSKETCH METRICS - Optimized Architecture]
=== Per-Worker Sketches + Sampling (1/32 packets) ===

  Architecture:              Per-worker (NO atomics, NO contention)
  Total sketch memory:       5377 KB (14 workers × 384.1 KB)
  Sampling rate:             1 in 32 packets (3.1% overhead)
  Attack traffic sampled:    2521408 updates
  Estimated attack packets:  80685056 (×32 sampling factor)
  Sketch overhead:           ~1.56% of fast-path cycles
  Memory efficiency:         O(1) constant, 384.1 KB per worker

[MULTIPLE DETECTION STATISTICS]
=== Aggregate Detection Analysis ===

  Total detection events:    15424
  Average detection latency: 51.96 ms
  Min detection latency:     50.22 ms
  Max detection latency:     301.73 ms
  Latency range:             251.51 ms

  Detection Latency Histogram:
    < 20 ms:  0 detections (0.0%)
    20-30 ms: 0 detections (0.0%)
    30-40 ms: 0 detections (0.0%)
    40-50 ms: 0 detections (0.0%)
    > 50 ms:  15423 detections (100.0%)

[PERFORMANCE METRICS]
  Throughput:         3.68 Gbps (1.39 Mpps)
  Cycles available:   2144 cycles/pkt (lower = higher load)
  Active IPs:         0
  Worker threads:     14 (lcores 1-14)

[DPDK NIC STATISTICS]
  RX packets (NIC):   1118207431
  RX dropped (HW):    [0m0[0m (imissed)
  RX no mbufs:        [0m0[0m (buffer exhaustion)
  RX errors:          0
  Total drops:        [0m0 (0.00%)[0m
  RX burst calls:     316398066002 (99.7% empty)
  Processed pkts:     1118207784 (100.0% of NIC RX)


╔═══════════════════════════════════════════════════════════════════════╗
║          MIRA DDoS DETECTOR - STATISTICS (MULTI-CORE)                ║
╚═══════════════════════════════════════════════════════════════════════╝

[PACKET COUNTERS - GLOBAL]
  Total packets:      1125189886
  Baseline (10.10.2.x): 0 (0.0%)
  Attack (10.10.3.x): 1125189886 (100.0%)
  TCP packets:        0
  UDP packets:        1125189886
  ICMP packets:       0

[INSTANTANEOUS TRAFFIC - Last 5.0 seconds]
  Baseline (10.10.2.x): 0 pkts (0.0%)  0 bytes  0.00 Gbps
  Attack (10.10.3.x): 6982020 pkts (100.0%)  2303917882 bytes  3.68 Gbps
  Total throughput:   3.68 Gbps  (avg pkt: 330 bytes)

[CUMULATIVE TRAFFIC - Since first packet (806.5s)]
  Total received:     1125189886 pkts (1.40 Mpps) | 3.68 Gbps | 371287238692 bytes

[ATTACK-SPECIFIC COUNTERS]
  SYN packets:        0
  SYN-ACK packets:    0
  SYN/ACK ratio:      0.00
  HTTP requests:      0
  DNS queries:        9291

[PROTOCOL-SPECIFIC COUNTERS - CIC-DDoS-2019 Features]
  NTP Amplification:
    Monlist queries:  2476
    Responses:        0  (avg size: 0 bytes)
  DNS Amplification:
    ANY queries:      0
    TXT queries:      0
    Responses:        7769  (avg size: 316 bytes)
  SNMP Amplification:
    GetBulk requests: 0
    Responses:        0  (avg size: 0 bytes)
  SSDP:
    M-SEARCH packets: 0
    Responses:        17438
  PortMapper:
    GETPORT calls:    17203
    DUMP calls:       0
  NetBIOS:
    Name queries:     19182
    Datagram packets: 17258
  LDAP:
    Bind requests:    0
    Search requests:  17432
  MSSQL:
    SQLBatch packets: 16776
    RPC packets:      0
  TFTP:
    RRQ (read) pkts:  0
    WRQ (write) pkts: 0

[ATTACK DETECTIONS - Cumulative Events]
  UDP flood events:   15521
  UDP-lag events:     19
  SYN flood events:   0
  HTTP flood events:  0
  ICMP flood events:  0
  DNS amp events:     0
  NTP amp events:     0
  SNMP amp events:    0
  SSDP events:        0
  PortMap events:     0
  NetBIOS events:     0
  LDAP events:        0
  MSSQL events:       0
  TFTP events:        0
  ACK flood events:   0
  Frag attack events: 0
  Packet flood events:0
  (Note: Events count IPs exceeding thresholds per 50ms window)

[ALERT STATUS]
  Alert level:        [1;31mHIGH[0m
  Reason:             [1;31mUDP FLOOD detected: 639966069 UDP pps | [0m

[MULTI-LF (2025) COMPARISON]
=== Detection Performance vs ML-Based System ===

  First Detection Latency:   177.75 ms (vs MULTI-LF: 866 ms)
    Improvement:             4.9× faster

  Packets until detection:   0
  Bytes until detection:     0 (0.00 MB)

[OCTOSKETCH METRICS - Optimized Architecture]
=== Per-Worker Sketches + Sampling (1/32 packets) ===

  Architecture:              Per-worker (NO atomics, NO contention)
  Total sketch memory:       5377 KB (14 workers × 384.1 KB)
  Sampling rate:             1 in 32 packets (3.1% overhead)
  Attack traffic sampled:    2453376 updates
  Estimated attack packets:  78508032 (×32 sampling factor)
  Sketch overhead:           ~1.56% of fast-path cycles
  Memory efficiency:         O(1) constant, 384.1 KB per worker

[MULTIPLE DETECTION STATISTICS]
=== Aggregate Detection Analysis ===

  Total detection events:    15521
  Average detection latency: 51.96 ms
  Min detection latency:     50.22 ms
  Max detection latency:     301.73 ms
  Latency range:             251.51 ms

  Detection Latency Histogram:
    < 20 ms:  0 detections (0.0%)
    20-30 ms: 0 detections (0.0%)
    30-40 ms: 0 detections (0.0%)
    40-50 ms: 0 detections (0.0%)
    > 50 ms:  15520 detections (100.0%)

[PERFORMANCE METRICS]
  Throughput:         3.68 Gbps (1.40 Mpps)
  Cycles available:   2143 cycles/pkt (lower = higher load)
  Active IPs:         0
  Worker threads:     14 (lcores 1-14)

[DPDK NIC STATISTICS]
  RX packets (NIC):   1125189555
  RX dropped (HW):    [0m0[0m (imissed)
  RX no mbufs:        [0m0[0m (buffer exhaustion)
  RX errors:          0
  Total drops:        [0m0 (0.00%)[0m
  RX burst calls:     318324102456 (99.7% empty)
  Processed pkts:     1125189886 (100.0% of NIC RX)


╔═══════════════════════════════════════════════════════════════════════╗
║          MIRA DDoS DETECTOR - STATISTICS (MULTI-CORE)                ║
╚═══════════════════════════════════════════════════════════════════════╝

[PACKET COUNTERS - GLOBAL]
  Total packets:      1132172101
  Baseline (10.10.2.x): 0 (0.0%)
  Attack (10.10.3.x): 1132172101 (100.0%)
  TCP packets:        0
  UDP packets:        1132172101
  ICMP packets:       0

[INSTANTANEOUS TRAFFIC - Last 5.0 seconds]
  Baseline (10.10.2.x): 0 pkts (0.0%)  0 bytes  0.00 Gbps
  Attack (10.10.3.x): 6982135 pkts (100.0%)  2303987351 bytes  3.68 Gbps
  Total throughput:   3.68 Gbps  (avg pkt: 330 bytes)

[CUMULATIVE TRAFFIC - Since first packet (811.5s)]
  Total received:     1132172101 pkts (1.40 Mpps) | 3.68 Gbps | 373591253026 bytes

[ATTACK-SPECIFIC COUNTERS]
  SYN packets:        0
  SYN-ACK packets:    0
  SYN/ACK ratio:      0.00
  HTTP requests:      0
  DNS queries:        9338

[PROTOCOL-SPECIFIC COUNTERS - CIC-DDoS-2019 Features]
  NTP Amplification:
    Monlist queries:  2494
    Responses:        0  (avg size: 0 bytes)
  DNS Amplification:
    ANY queries:      0
    TXT queries:      0
    Responses:        7815  (avg size: 316 bytes)
  SNMP Amplification:
    GetBulk requests: 0
    Responses:        0  (avg size: 0 bytes)
  SSDP:
    M-SEARCH packets: 0
    Responses:        17558
  PortMapper:
    GETPORT calls:    17325
    DUMP calls:       0
  NetBIOS:
    Name queries:     19287
    Datagram packets: 17362
  LDAP:
    Bind requests:    0
    Search requests:  17545
  MSSQL:
    SQLBatch packets: 16890
    RPC packets:      0
  TFTP:
    RRQ (read) pkts:  0
    WRQ (write) pkts: 0

[ATTACK DETECTIONS - Cumulative Events]
  UDP flood events:   15619
  UDP-lag events:     19
  SYN flood events:   0
  HTTP flood events:  0
  ICMP flood events:  0
  DNS amp events:     0
  NTP amp events:     0
  SNMP amp events:    0
  SSDP events:        0
  PortMap events:     0
  NetBIOS events:     0
  LDAP events:        0
  MSSQL events:       0
  TFTP events:        0
  ACK flood events:   0
  Frag attack events: 0
  Packet flood events:0
  (Note: Events count IPs exceeding thresholds per 50ms window)

[ALERT STATUS]
  Alert level:        [1;31mHIGH[0m
  Reason:             [1;31mUDP FLOOD detected: 643942930 UDP pps | [0m

[MULTI-LF (2025) COMPARISON]
=== Detection Performance vs ML-Based System ===

  First Detection Latency:   177.75 ms (vs MULTI-LF: 866 ms)
    Improvement:             4.9× faster

  Packets until detection:   0
  Bytes until detection:     0 (0.00 MB)

[OCTOSKETCH METRICS - Optimized Architecture]
=== Per-Worker Sketches + Sampling (1/32 packets) ===

  Architecture:              Per-worker (NO atomics, NO contention)
  Total sketch memory:       5377 KB (14 workers × 384.1 KB)
  Sampling rate:             1 in 32 packets (3.1% overhead)
  Attack traffic sampled:    2453632 updates
  Estimated attack packets:  78516224 (×32 sampling factor)
  Sketch overhead:           ~1.56% of fast-path cycles
  Memory efficiency:         O(1) constant, 384.1 KB per worker

[MULTIPLE DETECTION STATISTICS]
=== Aggregate Detection Analysis ===

  Total detection events:    15619
  Average detection latency: 51.95 ms
  Min detection latency:     50.22 ms
  Max detection latency:     301.73 ms
  Latency range:             251.51 ms

  Detection Latency Histogram:
    < 20 ms:  0 detections (0.0%)
    20-30 ms: 0 detections (0.0%)
    30-40 ms: 0 detections (0.0%)
    40-50 ms: 0 detections (0.0%)
    > 50 ms:  15618 detections (100.0%)

[PERFORMANCE METRICS]
  Throughput:         3.68 Gbps (1.40 Mpps)
  Cycles available:   2143 cycles/pkt (lower = higher load)
  Active IPs:         0
  Worker threads:     14 (lcores 1-14)

[DPDK NIC STATISTICS]
  RX packets (NIC):   1132171762
  RX dropped (HW):    [0m0[0m (imissed)
  RX no mbufs:        [0m0[0m (buffer exhaustion)
  RX errors:          0
  Total drops:        [0m0 (0.00%)[0m
  RX burst calls:     320250184888 (99.7% empty)
  Processed pkts:     1132172101 (100.0% of NIC RX)


╔═══════════════════════════════════════════════════════════════════════╗
║          MIRA DDoS DETECTOR - STATISTICS (MULTI-CORE)                ║
╚═══════════════════════════════════════════════════════════════════════╝

[PACKET COUNTERS - GLOBAL]
  Total packets:      1139151517
  Baseline (10.10.2.x): 0 (0.0%)
  Attack (10.10.3.x): 1139151517 (100.0%)
  TCP packets:        0
  UDP packets:        1139151517
  ICMP packets:       0

[INSTANTANEOUS TRAFFIC - Last 5.0 seconds]
  Baseline (10.10.2.x): 0 pkts (0.0%)  0 bytes  0.00 Gbps
  Attack (10.10.3.x): 6979342 pkts (100.0%)  2303013233 bytes  3.68 Gbps
  Total throughput:   3.68 Gbps  (avg pkt: 330 bytes)

[CUMULATIVE TRAFFIC - Since first packet (816.5s)]
  Total received:     1139151517 pkts (1.40 Mpps) | 3.68 Gbps | 375894290269 bytes

[ATTACK-SPECIFIC COUNTERS]
  SYN packets:        0
  SYN-ACK packets:    0
  SYN/ACK ratio:      0.00
  HTTP requests:      0
  DNS queries:        9401

[PROTOCOL-SPECIFIC COUNTERS - CIC-DDoS-2019 Features]
  NTP Amplification:
    Monlist queries:  2508
    Responses:        0  (avg size: 0 bytes)
  DNS Amplification:
    ANY queries:      0
    TXT queries:      0
    Responses:        7860  (avg size: 316 bytes)
  SNMP Amplification:
    GetBulk requests: 0
    Responses:        0  (avg size: 0 bytes)
  SSDP:
    M-SEARCH packets: 0
    Responses:        17663
  PortMapper:
    GETPORT calls:    17429
    DUMP calls:       0
  NetBIOS:
    Name queries:     19424
    Datagram packets: 17480
  LDAP:
    Bind requests:    0
    Search requests:  17658
  MSSQL:
    SQLBatch packets: 16977
    RPC packets:      0
  TFTP:
    RRQ (read) pkts:  0
    WRQ (write) pkts: 0

[ATTACK DETECTIONS - Cumulative Events]
  UDP flood events:   15716
  UDP-lag events:     19
  SYN flood events:   0
  HTTP flood events:  0
  ICMP flood events:  0
  DNS amp events:     0
  NTP amp events:     0
  SNMP amp events:    0
  SSDP events:        0
  PortMap events:     0
  NetBIOS events:     0
  LDAP events:        0
  MSSQL events:       0
  TFTP events:        0
  ACK flood events:   0
  Frag attack events: 0
  Packet flood events:0
  (Note: Events count IPs exceeding thresholds per 50ms window)

[ALERT STATUS]
  Alert level:        [1;31mHIGH[0m
  Reason:             [1;31mUDP FLOOD detected: 666949834 UDP pps | [0m

[MULTI-LF (2025) COMPARISON]
=== Detection Performance vs ML-Based System ===

  First Detection Latency:   177.75 ms (vs MULTI-LF: 866 ms)
    Improvement:             4.9× faster

  Packets until detection:   0
  Bytes until detection:     0 (0.00 MB)

[OCTOSKETCH METRICS - Optimized Architecture]
=== Per-Worker Sketches + Sampling (1/32 packets) ===

  Architecture:              Per-worker (NO atomics, NO contention)
  Total sketch memory:       5377 KB (14 workers × 384.1 KB)
  Sampling rate:             1 in 32 packets (3.1% overhead)
  Attack traffic sampled:    2380736 updates
  Estimated attack packets:  76183552 (×32 sampling factor)
  Sketch overhead:           ~1.56% of fast-path cycles
  Memory efficiency:         O(1) constant, 384.1 KB per worker

[MULTIPLE DETECTION STATISTICS]
=== Aggregate Detection Analysis ===

  Total detection events:    15716
  Average detection latency: 51.95 ms
  Min detection latency:     50.22 ms
  Max detection latency:     301.73 ms
  Latency range:             251.51 ms

  Detection Latency Histogram:
    < 20 ms:  0 detections (0.0%)
    20-30 ms: 0 detections (0.0%)
    30-40 ms: 0 detections (0.0%)
    40-50 ms: 0 detections (0.0%)
    > 50 ms:  15715 detections (100.0%)

[PERFORMANCE METRICS]
  Throughput:         3.68 Gbps (1.39 Mpps)
  Cycles available:   2143 cycles/pkt (lower = higher load)
  Active IPs:         0
  Worker threads:     14 (lcores 1-14)

[DPDK NIC STATISTICS]
  RX packets (NIC):   1139151182
  RX dropped (HW):    [0m0[0m (imissed)
  RX no mbufs:        [0m0[0m (buffer exhaustion)
  RX errors:          0
  Total drops:        [0m0 (0.00%)[0m
  RX burst calls:     322176082980 (99.7% empty)
  Processed pkts:     1139151517 (100.0% of NIC RX)


╔═══════════════════════════════════════════════════════════════════════╗
║          MIRA DDoS DETECTOR - STATISTICS (MULTI-CORE)                ║
╚═══════════════════════════════════════════════════════════════════════╝

[PACKET COUNTERS - GLOBAL]
  Total packets:      1146133402
  Baseline (10.10.2.x): 0 (0.0%)
  Attack (10.10.3.x): 1146133402 (100.0%)
  TCP packets:        0
  UDP packets:        1146133402
  ICMP packets:       0

[INSTANTANEOUS TRAFFIC - Last 5.0 seconds]
  Baseline (10.10.2.x): 0 pkts (0.0%)  0 bytes  0.00 Gbps
  Attack (10.10.3.x): 6981809 pkts (100.0%)  2303744832 bytes  3.68 Gbps
  Total throughput:   3.68 Gbps  (avg pkt: 330 bytes)

[CUMULATIVE TRAFFIC - Since first packet (821.5s)]
  Total received:     1146133402 pkts (1.40 Mpps) | 3.68 Gbps | 378198060302 bytes

[ATTACK-SPECIFIC COUNTERS]
  SYN packets:        0
  SYN-ACK packets:    0
  SYN/ACK ratio:      0.00
  HTTP requests:      0
  DNS queries:        9459

[PROTOCOL-SPECIFIC COUNTERS - CIC-DDoS-2019 Features]
  NTP Amplification:
    Monlist queries:  2520
    Responses:        0  (avg size: 0 bytes)
  DNS Amplification:
    ANY queries:      0
    TXT queries:      0
    Responses:        7914  (avg size: 316 bytes)
  SNMP Amplification:
    GetBulk requests: 0
    Responses:        0  (avg size: 0 bytes)
  SSDP:
    M-SEARCH packets: 0
    Responses:        17763
  PortMapper:
    GETPORT calls:    17519
    DUMP calls:       0
  NetBIOS:
    Name queries:     19539
    Datagram packets: 17581
  LDAP:
    Bind requests:    0
    Search requests:  17756
  MSSQL:
    SQLBatch packets: 17090
    RPC packets:      0
  TFTP:
    RRQ (read) pkts:  0
    WRQ (write) pkts: 0

[ATTACK DETECTIONS - Cumulative Events]
  UDP flood events:   15813
  UDP-lag events:     19
  SYN flood events:   0
  HTTP flood events:  0
  ICMP flood events:  0
  DNS amp events:     0
  NTP amp events:     0
  SNMP amp events:    0
  SSDP events:        0
  PortMap events:     0
  NetBIOS events:     0
  LDAP events:        0
  MSSQL events:       0
  TFTP events:        0
  ACK flood events:   0
  Frag attack events: 0
  Packet flood events:0
  (Note: Events count IPs exceeding thresholds per 50ms window)

[ALERT STATUS]
  Alert level:        [1;31mHIGH[0m
  Reason:             [1;31mUDP FLOOD detected: 671067890 UDP pps | [0m

[MULTI-LF (2025) COMPARISON]
=== Detection Performance vs ML-Based System ===

  First Detection Latency:   177.75 ms (vs MULTI-LF: 866 ms)
    Improvement:             4.9× faster

  Packets until detection:   0
  Bytes until detection:     0 (0.00 MB)

[OCTOSKETCH METRICS - Optimized Architecture]
=== Per-Worker Sketches + Sampling (1/32 packets) ===

  Architecture:              Per-worker (NO atomics, NO contention)
  Total sketch memory:       5377 KB (14 workers × 384.1 KB)
  Sampling rate:             1 in 32 packets (3.1% overhead)
  Attack traffic sampled:    2382656 updates
  Estimated attack packets:  76244992 (×32 sampling factor)
  Sketch overhead:           ~1.56% of fast-path cycles
  Memory efficiency:         O(1) constant, 384.1 KB per worker

[MULTIPLE DETECTION STATISTICS]
=== Aggregate Detection Analysis ===

  Total detection events:    15813
  Average detection latency: 51.95 ms
  Min detection latency:     50.22 ms
  Max detection latency:     301.73 ms
  Latency range:             251.51 ms

  Detection Latency Histogram:
    < 20 ms:  0 detections (0.0%)
    20-30 ms: 0 detections (0.0%)
    30-40 ms: 0 detections (0.0%)
    40-50 ms: 0 detections (0.0%)
    > 50 ms:  15812 detections (100.0%)

[PERFORMANCE METRICS]
  Throughput:         3.68 Gbps (1.40 Mpps)
  Cycles available:   2143 cycles/pkt (lower = higher load)
  Active IPs:         0
  Worker threads:     14 (lcores 1-14)

[DPDK NIC STATISTICS]
  RX packets (NIC):   1146133053
  RX dropped (HW):    [0m0[0m (imissed)
  RX no mbufs:        [0m0[0m (buffer exhaustion)
  RX errors:          0
  Total drops:        [0m0 (0.00%)[0m
  RX burst calls:     324102053978 (99.7% empty)
  Processed pkts:     1146133402 (100.0% of NIC RX)


╔═══════════════════════════════════════════════════════════════════════╗
║          MIRA DDoS DETECTOR - STATISTICS (MULTI-CORE)                ║
╚═══════════════════════════════════════════════════════════════════════╝

[PACKET COUNTERS - GLOBAL]
  Total packets:      1153112277
  Baseline (10.10.2.x): 0 (0.0%)
  Attack (10.10.3.x): 1153112277 (100.0%)
  TCP packets:        0
  UDP packets:        1153112277
  ICMP packets:       0

[INSTANTANEOUS TRAFFIC - Last 5.0 seconds]
  Baseline (10.10.2.x): 0 pkts (0.0%)  0 bytes  0.00 Gbps
  Attack (10.10.3.x): 6978802 pkts (100.0%)  2303056379 bytes  3.68 Gbps
  Total throughput:   3.68 Gbps  (avg pkt: 330 bytes)

[CUMULATIVE TRAFFIC - Since first packet (826.5s)]
  Total received:     1153112277 pkts (1.40 Mpps) | 3.68 Gbps | 380501141421 bytes

[ATTACK-SPECIFIC COUNTERS]
  SYN packets:        0
  SYN-ACK packets:    0
  SYN/ACK ratio:      0.00
  HTTP requests:      0
  DNS queries:        9514

[PROTOCOL-SPECIFIC COUNTERS - CIC-DDoS-2019 Features]
  NTP Amplification:
    Monlist queries:  2538
    Responses:        0  (avg size: 0 bytes)
  DNS Amplification:
    ANY queries:      0
    TXT queries:      0
    Responses:        7958  (avg size: 316 bytes)
  SNMP Amplification:
    GetBulk requests: 0
    Responses:        0  (avg size: 0 bytes)
  SSDP:
    M-SEARCH packets: 0
    Responses:        17890
  PortMapper:
    GETPORT calls:    17642
    DUMP calls:       0
  NetBIOS:
    Name queries:     19651
    Datagram packets: 17680
  LDAP:
    Bind requests:    0
    Search requests:  17866
  MSSQL:
    SQLBatch packets: 17200
    RPC packets:      0
  TFTP:
    RRQ (read) pkts:  0
    WRQ (write) pkts: 0

[ATTACK DETECTIONS - Cumulative Events]
  UDP flood events:   15911
  UDP-lag events:     19
  SYN flood events:   0
  HTTP flood events:  0
  ICMP flood events:  0
  DNS amp events:     0
  NTP amp events:     0
  SNMP amp events:    0
  SSDP events:        0
  PortMap events:     0
  NetBIOS events:     0
  LDAP events:        0
  MSSQL events:       0
  TFTP events:        0
  ACK flood events:   0
  Frag attack events: 0
  Packet flood events:0
  (Note: Events count IPs exceeding thresholds per 50ms window)

[ALERT STATUS]
  Alert level:        [1;31mHIGH[0m
  Reason:             [1;31mUDP FLOOD detected: 675155645 UDP pps | [0m

[MULTI-LF (2025) COMPARISON]
=== Detection Performance vs ML-Based System ===

  First Detection Latency:   177.75 ms (vs MULTI-LF: 866 ms)
    Improvement:             4.9× faster

  Packets until detection:   0
  Bytes until detection:     0 (0.00 MB)

[OCTOSKETCH METRICS - Optimized Architecture]
=== Per-Worker Sketches + Sampling (1/32 packets) ===

  Architecture:              Per-worker (NO atomics, NO contention)
  Total sketch memory:       5377 KB (14 workers × 384.1 KB)
  Sampling rate:             1 in 32 packets (3.1% overhead)
  Attack traffic sampled:    2380192 updates
  Estimated attack packets:  76166144 (×32 sampling factor)
  Sketch overhead:           ~1.56% of fast-path cycles
  Memory efficiency:         O(1) constant, 384.1 KB per worker

[MULTIPLE DETECTION STATISTICS]
=== Aggregate Detection Analysis ===

  Total detection events:    15911
  Average detection latency: 51.94 ms
  Min detection latency:     50.22 ms
  Max detection latency:     301.73 ms
  Latency range:             251.51 ms

  Detection Latency Histogram:
    < 20 ms:  0 detections (0.0%)
    20-30 ms: 0 detections (0.0%)
    30-40 ms: 0 detections (0.0%)
    40-50 ms: 0 detections (0.0%)
    > 50 ms:  15910 detections (100.0%)

[PERFORMANCE METRICS]
  Throughput:         3.68 Gbps (1.39 Mpps)
  Cycles available:   2144 cycles/pkt (lower = higher load)
  Active IPs:         0
  Worker threads:     14 (lcores 1-14)

[DPDK NIC STATISTICS]
  RX packets (NIC):   1153111924
  RX dropped (HW):    [0m0[0m (imissed)
  RX no mbufs:        [0m0[0m (buffer exhaustion)
  RX errors:          0
  Total drops:        [0m0 (0.00%)[0m
  RX burst calls:     326028147588 (99.7% empty)
  Processed pkts:     1153112277 (100.0% of NIC RX)


╔═══════════════════════════════════════════════════════════════════════╗
║          MIRA DDoS DETECTOR - STATISTICS (MULTI-CORE)                ║
╚═══════════════════════════════════════════════════════════════════════╝

[PACKET COUNTERS - GLOBAL]
  Total packets:      1160090109
  Baseline (10.10.2.x): 0 (0.0%)
  Attack (10.10.3.x): 1160090109 (100.0%)
  TCP packets:        0
  UDP packets:        1160090109
  ICMP packets:       0

[INSTANTANEOUS TRAFFIC - Last 5.0 seconds]
  Baseline (10.10.2.x): 0 pkts (0.0%)  0 bytes  0.00 Gbps
  Attack (10.10.3.x): 6977766 pkts (100.0%)  2302465916 bytes  3.68 Gbps
  Total throughput:   3.68 Gbps  (avg pkt: 330 bytes)

[CUMULATIVE TRAFFIC - Since first packet (831.5s)]
  Total received:     1160090109 pkts (1.40 Mpps) | 3.68 Gbps | 382803627879 bytes

[ATTACK-SPECIFIC COUNTERS]
  SYN packets:        0
  SYN-ACK packets:    0
  SYN/ACK ratio:      0.00
  HTTP requests:      0
  DNS queries:        9571

[PROTOCOL-SPECIFIC COUNTERS - CIC-DDoS-2019 Features]
  NTP Amplification:
    Monlist queries:  2552
    Responses:        0  (avg size: 0 bytes)
  DNS Amplification:
    ANY queries:      0
    TXT queries:      0
    Responses:        8006  (avg size: 316 bytes)
  SNMP Amplification:
    GetBulk requests: 0
    Responses:        0  (avg size: 0 bytes)
  SSDP:
    M-SEARCH packets: 0
    Responses:        17981
  PortMapper:
    GETPORT calls:    17748
    DUMP calls:       0
  NetBIOS:
    Name queries:     19779
    Datagram packets: 17807
  LDAP:
    Bind requests:    0
    Search requests:  17980
  MSSQL:
    SQLBatch packets: 17287
    RPC packets:      0
  TFTP:
    RRQ (read) pkts:  0
    WRQ (write) pkts: 0

[ATTACK DETECTIONS - Cumulative Events]
  UDP flood events:   16008
  UDP-lag events:     19
  SYN flood events:   0
  HTTP flood events:  0
  ICMP flood events:  0
  DNS amp events:     0
  NTP amp events:     0
  SNMP amp events:    0
  SSDP events:        0
  PortMap events:     0
  NetBIOS events:     0
  LDAP events:        0
  MSSQL events:       0
  TFTP events:        0
  ACK flood events:   0
  Frag attack events: 0
  Packet flood events:0
  (Note: Events count IPs exceeding thresholds per 50ms window)

[ALERT STATUS]
  Alert level:        [1;31mHIGH[0m
  Reason:             [1;31mUDP FLOOD detected: 699799373 UDP pps | [0m

[MULTI-LF (2025) COMPARISON]
=== Detection Performance vs ML-Based System ===

  First Detection Latency:   177.75 ms (vs MULTI-LF: 866 ms)
    Improvement:             4.9× faster

  Packets until detection:   0
  Bytes until detection:     0 (0.00 MB)

[OCTOSKETCH METRICS - Optimized Architecture]
=== Per-Worker Sketches + Sampling (1/32 packets) ===

  Architecture:              Per-worker (NO atomics, NO contention)
  Total sketch memory:       5377 KB (14 workers × 384.1 KB)
  Sampling rate:             1 in 32 packets (3.1% overhead)
  Attack traffic sampled:    2310144 updates
  Estimated attack packets:  73924608 (×32 sampling factor)
  Sketch overhead:           ~1.56% of fast-path cycles
  Memory efficiency:         O(1) constant, 384.1 KB per worker

[MULTIPLE DETECTION STATISTICS]
=== Aggregate Detection Analysis ===

  Total detection events:    16008
  Average detection latency: 51.94 ms
  Min detection latency:     50.22 ms
  Max detection latency:     301.73 ms
  Latency range:             251.51 ms

  Detection Latency Histogram:
    < 20 ms:  0 detections (0.0%)
    20-30 ms: 0 detections (0.0%)
    30-40 ms: 0 detections (0.0%)
    40-50 ms: 0 detections (0.0%)
    > 50 ms:  16007 detections (100.0%)

[PERFORMANCE METRICS]
  Throughput:         3.68 Gbps (1.39 Mpps)
  Cycles available:   2144 cycles/pkt (lower = higher load)
  Active IPs:         0
  Worker threads:     14 (lcores 1-14)

[DPDK NIC STATISTICS]
  RX packets (NIC):   1160089776
  RX dropped (HW):    [0m0[0m (imissed)
  RX no mbufs:        [0m0[0m (buffer exhaustion)
  RX errors:          0
  Total drops:        [0m0 (0.00%)[0m
  RX burst calls:     327954089697 (99.7% empty)
  Processed pkts:     1160090109 (100.0% of NIC RX)


╔═══════════════════════════════════════════════════════════════════════╗
║          MIRA DDoS DETECTOR - STATISTICS (MULTI-CORE)                ║
╚═══════════════════════════════════════════════════════════════════════╝

[PACKET COUNTERS - GLOBAL]
  Total packets:      1167072781
  Baseline (10.10.2.x): 0 (0.0%)
  Attack (10.10.3.x): 1167072781 (100.0%)
  TCP packets:        0
  UDP packets:        1167072781
  ICMP packets:       0

[INSTANTANEOUS TRAFFIC - Last 5.0 seconds]
  Baseline (10.10.2.x): 0 pkts (0.0%)  0 bytes  0.00 Gbps
  Attack (10.10.3.x): 6982592 pkts (100.0%)  2303941759 bytes  3.68 Gbps
  Total throughput:   3.68 Gbps  (avg pkt: 330 bytes)

[CUMULATIVE TRAFFIC - Since first packet (836.5s)]
  Total received:     1167072781 pkts (1.40 Mpps) | 3.68 Gbps | 385107595120 bytes

[ATTACK-SPECIFIC COUNTERS]
  SYN packets:        0
  SYN-ACK packets:    0
  SYN/ACK ratio:      0.00
  HTTP requests:      0
  DNS queries:        9631

[PROTOCOL-SPECIFIC COUNTERS - CIC-DDoS-2019 Features]
  NTP Amplification:
    Monlist queries:  2566
    Responses:        0  (avg size: 0 bytes)
  DNS Amplification:
    ANY queries:      0
    TXT queries:      0
    Responses:        8061  (avg size: 316 bytes)
  SNMP Amplification:
    GetBulk requests: 0
    Responses:        0  (avg size: 0 bytes)
  SSDP:
    M-SEARCH packets: 0
    Responses:        18086
  PortMapper:
    GETPORT calls:    17834
    DUMP calls:       0
  NetBIOS:
    Name queries:     19896
    Datagram packets: 17906
  LDAP:
    Bind requests:    0
    Search requests:  18082
  MSSQL:
    SQLBatch packets: 17401
    RPC packets:      0
  TFTP:
    RRQ (read) pkts:  0
    WRQ (write) pkts: 0

[ATTACK DETECTIONS - Cumulative Events]
  UDP flood events:   16106
  UDP-lag events:     19
  SYN flood events:   0
  HTTP flood events:  0
  ICMP flood events:  0
  DNS amp events:     0
  NTP amp events:     0
  SNMP amp events:    0
  SSDP events:        0
  PortMap events:     0
  NetBIOS events:     0
  LDAP events:        0
  MSSQL events:       0
  TFTP events:        0
  ACK flood events:   0
  Frag attack events: 0
  Packet flood events:0
  (Note: Events count IPs exceeding thresholds per 50ms window)

[ALERT STATUS]
  Alert level:        [1;31mHIGH[0m
  Reason:             [1;31mUDP FLOOD detected: 704031710 UDP pps | [0m

[MULTI-LF (2025) COMPARISON]
=== Detection Performance vs ML-Based System ===

  First Detection Latency:   177.75 ms (vs MULTI-LF: 866 ms)
    Improvement:             4.9× faster

  Packets until detection:   0
  Bytes until detection:     0 (0.00 MB)

[OCTOSKETCH METRICS - Optimized Architecture]
=== Per-Worker Sketches + Sampling (1/32 packets) ===

  Architecture:              Per-worker (NO atomics, NO contention)
  Total sketch memory:       5377 KB (14 workers × 384.1 KB)
  Sampling rate:             1 in 32 packets (3.1% overhead)
  Attack traffic sampled:    2312480 updates
  Estimated attack packets:  73999360 (×32 sampling factor)
  Sketch overhead:           ~1.56% of fast-path cycles
  Memory efficiency:         O(1) constant, 384.1 KB per worker

[MULTIPLE DETECTION STATISTICS]
=== Aggregate Detection Analysis ===

  Total detection events:    16106
  Average detection latency: 51.93 ms
  Min detection latency:     50.22 ms
  Max detection latency:     301.73 ms
  Latency range:             251.51 ms

  Detection Latency Histogram:
    < 20 ms:  0 detections (0.0%)
    20-30 ms: 0 detections (0.0%)
    30-40 ms: 0 detections (0.0%)
    40-50 ms: 0 detections (0.0%)
    > 50 ms:  16105 detections (100.0%)

[PERFORMANCE METRICS]
  Throughput:         3.68 Gbps (1.40 Mpps)
  Cycles available:   2143 cycles/pkt (lower = higher load)
  Active IPs:         0
  Worker threads:     14 (lcores 1-14)

[DPDK NIC STATISTICS]
  RX packets (NIC):   1167072439
  RX dropped (HW):    [0m0[0m (imissed)
  RX no mbufs:        [0m0[0m (buffer exhaustion)
  RX errors:          0
  Total drops:        [0m0 (0.00%)[0m
  RX burst calls:     329880184375 (99.7% empty)
  Processed pkts:     1167072781 (100.0% of NIC RX)


╔═══════════════════════════════════════════════════════════════════════╗
║          MIRA DDoS DETECTOR - STATISTICS (MULTI-CORE)                ║
╚═══════════════════════════════════════════════════════════════════════╝

[PACKET COUNTERS - GLOBAL]
  Total packets:      1174054840
  Baseline (10.10.2.x): 0 (0.0%)
  Attack (10.10.3.x): 1174054840 (100.0%)
  TCP packets:        0
  UDP packets:        1174054840
  ICMP packets:       0

[INSTANTANEOUS TRAFFIC - Last 5.0 seconds]
  Baseline (10.10.2.x): 0 pkts (0.0%)  0 bytes  0.00 Gbps
  Attack (10.10.3.x): 6981987 pkts (100.0%)  2303933127 bytes  3.68 Gbps
  Total throughput:   3.68 Gbps  (avg pkt: 330 bytes)

[CUMULATIVE TRAFFIC - Since first packet (841.5s)]
  Total received:     1174054840 pkts (1.40 Mpps) | 3.68 Gbps | 387411551409 bytes

[ATTACK-SPECIFIC COUNTERS]
  SYN packets:        0
  SYN-ACK packets:    0
  SYN/ACK ratio:      0.00
  HTTP requests:      0
  DNS queries:        9690

[PROTOCOL-SPECIFIC COUNTERS - CIC-DDoS-2019 Features]
  NTP Amplification:
    Monlist queries:  2585
    Responses:        0  (avg size: 0 bytes)
  DNS Amplification:
    ANY queries:      0
    TXT queries:      0
    Responses:        8099  (avg size: 316 bytes)
  SNMP Amplification:
    GetBulk requests: 0
    Responses:        0  (avg size: 0 bytes)
  SSDP:
    M-SEARCH packets: 0
    Responses:        18215
  PortMapper:
    GETPORT calls:    17957
    DUMP calls:       0
  NetBIOS:
    Name queries:     20006
    Datagram packets: 18005
  LDAP:
    Bind requests:    0
    Search requests:  18185
  MSSQL:
    SQLBatch packets: 17512
    RPC packets:      0
  TFTP:
    RRQ (read) pkts:  0
    WRQ (write) pkts: 0

[ATTACK DETECTIONS - Cumulative Events]
  UDP flood events:   16203
  UDP-lag events:     19
  SYN flood events:   0
  HTTP flood events:  0
  ICMP flood events:  0
  DNS amp events:     0
  NTP amp events:     0
  SNMP amp events:    0
  SSDP events:        0
  PortMap events:     0
  NetBIOS events:     0
  LDAP events:        0
  MSSQL events:       0
  TFTP events:        0
  ACK flood events:   0
  Frag attack events: 0
  Packet flood events:0
  (Note: Events count IPs exceeding thresholds per 50ms window)

[ALERT STATUS]
  Alert level:        [1;31mHIGH[0m
  Reason:             [1;31mUDP FLOOD detected: 730344892 UDP pps | [0m

[MULTI-LF (2025) COMPARISON]
=== Detection Performance vs ML-Based System ===

  First Detection Latency:   177.75 ms (vs MULTI-LF: 866 ms)
    Improvement:             4.9× faster

  Packets until detection:   0
  Bytes until detection:     0 (0.00 MB)

[OCTOSKETCH METRICS - Optimized Architecture]
=== Per-Worker Sketches + Sampling (1/32 packets) ===

  Architecture:              Per-worker (NO atomics, NO contention)
  Total sketch memory:       5377 KB (14 workers × 384.1 KB)
  Sampling rate:             1 in 32 packets (3.1% overhead)
  Attack traffic sampled:    2241376 updates
  Estimated attack packets:  71724032 (×32 sampling factor)
  Sketch overhead:           ~1.56% of fast-path cycles
  Memory efficiency:         O(1) constant, 384.1 KB per worker

[MULTIPLE DETECTION STATISTICS]
=== Aggregate Detection Analysis ===

  Total detection events:    16203
  Average detection latency: 51.93 ms
  Min detection latency:     50.22 ms
  Max detection latency:     301.73 ms
  Latency range:             251.51 ms

  Detection Latency Histogram:
    < 20 ms:  0 detections (0.0%)
    20-30 ms: 0 detections (0.0%)
    30-40 ms: 0 detections (0.0%)
    40-50 ms: 0 detections (0.0%)
    > 50 ms:  16202 detections (100.0%)

[PERFORMANCE METRICS]
  Throughput:         3.68 Gbps (1.40 Mpps)
  Cycles available:   2143 cycles/pkt (lower = higher load)
  Active IPs:         0
  Worker threads:     14 (lcores 1-14)

[DPDK NIC STATISTICS]
  RX packets (NIC):   1174054499
  RX dropped (HW):    [0m0[0m (imissed)
  RX no mbufs:        [0m0[0m (buffer exhaustion)
  RX errors:          0
  Total drops:        [0m0 (0.00%)[0m
  RX burst calls:     331806013105 (99.7% empty)
  Processed pkts:     1174054840 (100.0% of NIC RX)


╔═══════════════════════════════════════════════════════════════════════╗
║          MIRA DDoS DETECTOR - STATISTICS (MULTI-CORE)                ║
╚═══════════════════════════════════════════════════════════════════════╝

[PACKET COUNTERS - GLOBAL]
  Total packets:      1181036043
  Baseline (10.10.2.x): 0 (0.0%)
  Attack (10.10.3.x): 1181036043 (100.0%)
  TCP packets:        0
  UDP packets:        1181036043
  ICMP packets:       0

[INSTANTANEOUS TRAFFIC - Last 5.0 seconds]
  Baseline (10.10.2.x): 0 pkts (0.0%)  0 bytes  0.00 Gbps
  Attack (10.10.3.x): 6981114 pkts (100.0%)  2303630009 bytes  3.68 Gbps
  Total throughput:   3.68 Gbps  (avg pkt: 330 bytes)

[CUMULATIVE TRAFFIC - Since first packet (846.5s)]
  Total received:     1181036043 pkts (1.40 Mpps) | 3.68 Gbps | 389715210131 bytes

[ATTACK-SPECIFIC COUNTERS]
  SYN packets:        0
  SYN-ACK packets:    0
  SYN/ACK ratio:      0.00
  HTTP requests:      0
  DNS queries:        9747

[PROTOCOL-SPECIFIC COUNTERS - CIC-DDoS-2019 Features]
  NTP Amplification:
    Monlist queries:  2600
    Responses:        0  (avg size: 0 bytes)
  DNS Amplification:
    ANY queries:      0
    TXT queries:      0
    Responses:        8150  (avg size: 316 bytes)
  SNMP Amplification:
    GetBulk requests: 0
    Responses:        0  (avg size: 0 bytes)
  SSDP:
    M-SEARCH packets: 0
    Responses:        18304
  PortMapper:
    GETPORT calls:    18061
    DUMP calls:       0
  NetBIOS:
    Name queries:     20135
    Datagram packets: 18129
  LDAP:
    Bind requests:    0
    Search requests:  18307
  MSSQL:
    SQLBatch packets: 17604
    RPC packets:      0
  TFTP:
    RRQ (read) pkts:  0
    WRQ (write) pkts: 0

[ATTACK DETECTIONS - Cumulative Events]
  UDP flood events:   16300
  UDP-lag events:     19
  SYN flood events:   0
  HTTP flood events:  0
  ICMP flood events:  0
  DNS amp events:     0
  NTP amp events:     0
  SNMP amp events:    0
  SSDP events:        0
  PortMap events:     0
  NetBIOS events:     0
  LDAP events:        0
  MSSQL events:       0
  TFTP events:        0
  ACK flood events:   0
  Frag attack events: 0
  Packet flood events:0
  (Note: Events count IPs exceeding thresholds per 50ms window)

[ALERT STATUS]
  Alert level:        [1;31mHIGH[0m
  Reason:             [1;31mUDP FLOOD detected: 734707092 UDP pps | [0m

[MULTI-LF (2025) COMPARISON]
=== Detection Performance vs ML-Based System ===

  First Detection Latency:   177.75 ms (vs MULTI-LF: 866 ms)
    Improvement:             4.9× faster

  Packets until detection:   0
  Bytes until detection:     0 (0.00 MB)

[OCTOSKETCH METRICS - Optimized Architecture]
=== Per-Worker Sketches + Sampling (1/32 packets) ===

  Architecture:              Per-worker (NO atomics, NO contention)
  Total sketch memory:       5377 KB (14 workers × 384.1 KB)
  Sampling rate:             1 in 32 packets (3.1% overhead)
  Attack traffic sampled:    2243424 updates
  Estimated attack packets:  71789568 (×32 sampling factor)
  Sketch overhead:           ~1.56% of fast-path cycles
  Memory efficiency:         O(1) constant, 384.1 KB per worker

[MULTIPLE DETECTION STATISTICS]
=== Aggregate Detection Analysis ===

  Total detection events:    16300
  Average detection latency: 51.93 ms
  Min detection latency:     50.22 ms
  Max detection latency:     301.73 ms
  Latency range:             251.51 ms

  Detection Latency Histogram:
    < 20 ms:  0 detections (0.0%)
    20-30 ms: 0 detections (0.0%)
    30-40 ms: 0 detections (0.0%)
    40-50 ms: 0 detections (0.0%)
    > 50 ms:  16299 detections (100.0%)

[PERFORMANCE METRICS]
  Throughput:         3.68 Gbps (1.40 Mpps)
  Cycles available:   2143 cycles/pkt (lower = higher load)
  Active IPs:         0
  Worker threads:     14 (lcores 1-14)

[DPDK NIC STATISTICS]
  RX packets (NIC):   1181035699
  RX dropped (HW):    [0m0[0m (imissed)
  RX no mbufs:        [0m0[0m (buffer exhaustion)
  RX errors:          0
  Total drops:        [0m0 (0.00%)[0m
  RX burst calls:     333731848196 (99.7% empty)
  Processed pkts:     1181036043 (100.0% of NIC RX)


╔═══════════════════════════════════════════════════════════════════════╗
║          MIRA DDoS DETECTOR - STATISTICS (MULTI-CORE)                ║
╚═══════════════════════════════════════════════════════════════════════╝

[PACKET COUNTERS - GLOBAL]
  Total packets:      1188015945
  Baseline (10.10.2.x): 0 (0.0%)
  Attack (10.10.3.x): 1188015945 (100.0%)
  TCP packets:        0
  UDP packets:        1188015945
  ICMP packets:       0

[INSTANTANEOUS TRAFFIC - Last 5.0 seconds]
  Baseline (10.10.2.x): 0 pkts (0.0%)  0 bytes  0.00 Gbps
  Attack (10.10.3.x): 6979830 pkts (100.0%)  2302928638 bytes  3.68 Gbps
  Total throughput:   3.68 Gbps  (avg pkt: 330 bytes)

[CUMULATIVE TRAFFIC - Since first packet (851.5s)]
  Total received:     1188015945 pkts (1.40 Mpps) | 3.68 Gbps | 392018163074 bytes

[ATTACK-SPECIFIC COUNTERS]
  SYN packets:        0
  SYN-ACK packets:    0
  SYN/ACK ratio:      0.00
  HTTP requests:      0
  DNS queries:        9801

[PROTOCOL-SPECIFIC COUNTERS - CIC-DDoS-2019 Features]
  NTP Amplification:
    Monlist queries:  2612
    Responses:        0  (avg size: 0 bytes)
  DNS Amplification:
    ANY queries:      0
    TXT queries:      0
    Responses:        8205  (avg size: 316 bytes)
  SNMP Amplification:
    GetBulk requests: 0
    Responses:        0  (avg size: 0 bytes)
  SSDP:
    M-SEARCH packets: 0
    Responses:        18416
  PortMapper:
    GETPORT calls:    18158
    DUMP calls:       0
  NetBIOS:
    Name queries:     20253
    Datagram packets: 18221
  LDAP:
    Bind requests:    0
    Search requests:  18412
  MSSQL:
    SQLBatch packets: 17714
    RPC packets:      0
  TFTP:
    RRQ (read) pkts:  0
    WRQ (write) pkts: 0

[ATTACK DETECTIONS - Cumulative Events]
  UDP flood events:   16398
  UDP-lag events:     19
  SYN flood events:   0
  HTTP flood events:  0
  ICMP flood events:  0
  DNS amp events:     0
  NTP amp events:     0
  SNMP amp events:    0
  SSDP events:        0
  PortMap events:     0
  NetBIOS events:     0
  LDAP events:        0
  MSSQL events:       0
  TFTP events:        0
  ACK flood events:   0
  Frag attack events: 0
  Packet flood events:0
  (Note: Events count IPs exceeding thresholds per 50ms window)

[ALERT STATUS]
  Alert level:        [1;31mHIGH[0m
  Reason:             [1;31mUDP FLOOD detected: 739073167 UDP pps | [0m

[MULTI-LF (2025) COMPARISON]
=== Detection Performance vs ML-Based System ===

  First Detection Latency:   177.75 ms (vs MULTI-LF: 866 ms)
    Improvement:             4.9× faster

  Packets until detection:   0
  Bytes until detection:     0 (0.00 MB)

[OCTOSKETCH METRICS - Optimized Architecture]
=== Per-Worker Sketches + Sampling (1/32 packets) ===

  Architecture:              Per-worker (NO atomics, NO contention)
  Total sketch memory:       5377 KB (14 workers × 384.1 KB)
  Sampling rate:             1 in 32 packets (3.1% overhead)
  Attack traffic sampled:    2242336 updates
  Estimated attack packets:  71754752 (×32 sampling factor)
  Sketch overhead:           ~1.56% of fast-path cycles
  Memory efficiency:         O(1) constant, 384.1 KB per worker

[MULTIPLE DETECTION STATISTICS]
=== Aggregate Detection Analysis ===

  Total detection events:    16398
  Average detection latency: 51.93 ms
  Min detection latency:     50.22 ms
  Max detection latency:     301.73 ms
  Latency range:             251.51 ms

  Detection Latency Histogram:
    < 20 ms:  0 detections (0.0%)
    20-30 ms: 0 detections (0.0%)
    30-40 ms: 0 detections (0.0%)
    40-50 ms: 0 detections (0.0%)
    > 50 ms:  16397 detections (100.0%)

[PERFORMANCE METRICS]
  Throughput:         3.68 Gbps (1.40 Mpps)
  Cycles available:   2143 cycles/pkt (lower = higher load)
  Active IPs:         0
  Worker threads:     14 (lcores 1-14)

[DPDK NIC STATISTICS]
  RX packets (NIC):   1188015605
  RX dropped (HW):    [0m0[0m (imissed)
  RX no mbufs:        [0m0[0m (buffer exhaustion)
  RX errors:          0
  Total drops:        [0m0 (0.00%)[0m
  RX burst calls:     335657995887 (99.7% empty)
  Processed pkts:     1188015945 (100.0% of NIC RX)


╔═══════════════════════════════════════════════════════════════════════╗
║          MIRA DDoS DETECTOR - STATISTICS (MULTI-CORE)                ║
╚═══════════════════════════════════════════════════════════════════════╝

[PACKET COUNTERS - GLOBAL]
  Total packets:      1194996241
  Baseline (10.10.2.x): 0 (0.0%)
  Attack (10.10.3.x): 1194996241 (100.0%)
  TCP packets:        0
  UDP packets:        1194996241
  ICMP packets:       0

[INSTANTANEOUS TRAFFIC - Last 5.0 seconds]
  Baseline (10.10.2.x): 0 pkts (0.0%)  0 bytes  0.00 Gbps
  Attack (10.10.3.x): 6980219 pkts (100.0%)  2303503677 bytes  3.68 Gbps
  Total throughput:   3.68 Gbps  (avg pkt: 330 bytes)

[CUMULATIVE TRAFFIC - Since first packet (856.5s)]
  Total received:     1194996241 pkts (1.40 Mpps) | 3.68 Gbps | 394321692635 bytes

[ATTACK-SPECIFIC COUNTERS]
  SYN packets:        0
  SYN-ACK packets:    0
  SYN/ACK ratio:      0.00
  HTTP requests:      0
  DNS queries:        9861

[PROTOCOL-SPECIFIC COUNTERS - CIC-DDoS-2019 Features]
  NTP Amplification:
    Monlist queries:  2631
    Responses:        0  (avg size: 0 bytes)
  DNS Amplification:
    ANY queries:      0
    TXT queries:      0
    Responses:        8244  (avg size: 316 bytes)
  SNMP Amplification:
    GetBulk requests: 0
    Responses:        0  (avg size: 0 bytes)
  SSDP:
    M-SEARCH packets: 0
    Responses:        18541
  PortMapper:
    GETPORT calls:    18280
    DUMP calls:       0
  NetBIOS:
    Name queries:     20364
    Datagram packets: 18322
  LDAP:
    Bind requests:    0
    Search requests:  18517
  MSSQL:
    SQLBatch packets: 17823
    RPC packets:      0
  TFTP:
    RRQ (read) pkts:  0
    WRQ (write) pkts: 0

[ATTACK DETECTIONS - Cumulative Events]
  UDP flood events:   16495
  UDP-lag events:     19
  SYN flood events:   0
  HTTP flood events:  0
  ICMP flood events:  0
  DNS amp events:     0
  NTP amp events:     0
  SNMP amp events:    0
  SSDP events:        0
  PortMap events:     0
  NetBIOS events:     0
  LDAP events:        0
  MSSQL events:       0
  TFTP events:        0
  ACK flood events:   0
  Frag attack events: 0
  Packet flood events:0
  (Note: Events count IPs exceeding thresholds per 50ms window)

[ALERT STATUS]
  Alert level:        [1;31mHIGH[0m
  Reason:             [1;31mUDP FLOOD detected: 767347718 UDP pps | [0m

[MULTI-LF (2025) COMPARISON]
=== Detection Performance vs ML-Based System ===

  First Detection Latency:   177.75 ms (vs MULTI-LF: 866 ms)
    Improvement:             4.9× faster

  Packets until detection:   0
  Bytes until detection:     0 (0.00 MB)

[OCTOSKETCH METRICS - Optimized Architecture]
=== Per-Worker Sketches + Sampling (1/32 packets) ===

  Architecture:              Per-worker (NO atomics, NO contention)
  Total sketch memory:       5377 KB (14 workers × 384.1 KB)
  Sampling rate:             1 in 32 packets (3.1% overhead)
  Attack traffic sampled:    2173056 updates
  Estimated attack packets:  69537792 (×32 sampling factor)
  Sketch overhead:           ~1.56% of fast-path cycles
  Memory efficiency:         O(1) constant, 384.1 KB per worker

[MULTIPLE DETECTION STATISTICS]
=== Aggregate Detection Analysis ===

  Total detection events:    16495
  Average detection latency: 51.92 ms
  Min detection latency:     50.22 ms
  Max detection latency:     301.73 ms
  Latency range:             251.51 ms

  Detection Latency Histogram:
    < 20 ms:  0 detections (0.0%)
    20-30 ms: 0 detections (0.0%)
    30-40 ms: 0 detections (0.0%)
    40-50 ms: 0 detections (0.0%)
    > 50 ms:  16494 detections (100.0%)

[PERFORMANCE METRICS]
  Throughput:         3.68 Gbps (1.40 Mpps)
  Cycles available:   2143 cycles/pkt (lower = higher load)
  Active IPs:         0
  Worker threads:     14 (lcores 1-14)

[DPDK NIC STATISTICS]
  RX packets (NIC):   1194995929
  RX dropped (HW):    [0m0[0m (imissed)
  RX no mbufs:        [0m0[0m (buffer exhaustion)
  RX errors:          0
  Total drops:        [0m0 (0.00%)[0m
  RX burst calls:     337583981985 (99.7% empty)
  Processed pkts:     1194996241 (100.0% of NIC RX)


╔═══════════════════════════════════════════════════════════════════════╗
║          MIRA DDoS DETECTOR - STATISTICS (MULTI-CORE)                ║
╚═══════════════════════════════════════════════════════════════════════╝

[PACKET COUNTERS - GLOBAL]
  Total packets:      1201976778
  Baseline (10.10.2.x): 0 (0.0%)
  Attack (10.10.3.x): 1201976778 (100.0%)
  TCP packets:        0
  UDP packets:        1201976778
  ICMP packets:       0

[INSTANTANEOUS TRAFFIC - Last 5.0 seconds]
  Baseline (10.10.2.x): 0 pkts (0.0%)  0 bytes  0.00 Gbps
  Attack (10.10.3.x): 6980463 pkts (100.0%)  2303549941 bytes  3.68 Gbps
  Total throughput:   3.68 Gbps  (avg pkt: 330 bytes)

[CUMULATIVE TRAFFIC - Since first packet (861.5s)]
  Total received:     1201976778 pkts (1.40 Mpps) | 3.68 Gbps | 396625266818 bytes

[ATTACK-SPECIFIC COUNTERS]
  SYN packets:        0
  SYN-ACK packets:    0
  SYN/ACK ratio:      0.00
  HTTP requests:      0
  DNS queries:        9925

[PROTOCOL-SPECIFIC COUNTERS - CIC-DDoS-2019 Features]
  NTP Amplification:
    Monlist queries:  2646
    Responses:        0  (avg size: 0 bytes)
  DNS Amplification:
    ANY queries:      0
    TXT queries:      0
    Responses:        8297  (avg size: 316 bytes)
  SNMP Amplification:
    GetBulk requests: 0
    Responses:        0  (avg size: 0 bytes)
  SSDP:
    M-SEARCH packets: 0
    Responses:        18621
  PortMapper:
    GETPORT calls:    18376
    DUMP calls:       0
  NetBIOS:
    Name queries:     20486
    Datagram packets: 18444
  LDAP:
    Bind requests:    0
    Search requests:  18629
  MSSQL:
    SQLBatch packets: 17916
    RPC packets:      0
  TFTP:
    RRQ (read) pkts:  0
    WRQ (write) pkts: 0

[ATTACK DETECTIONS - Cumulative Events]
  UDP flood events:   16593
  UDP-lag events:     19
  SYN flood events:   0
  HTTP flood events:  0
  ICMP flood events:  0
  DNS amp events:     0
  NTP amp events:     0
  SNMP amp events:    0
  SSDP events:        0
  PortMap events:     0
  NetBIOS events:     0
  LDAP events:        0
  MSSQL events:       0
  TFTP events:        0
  ACK flood events:   0
  Frag attack events: 0
  Packet flood events:0
  (Note: Events count IPs exceeding thresholds per 50ms window)

[ALERT STATUS]
  Alert level:        [1;31mHIGH[0m
  Reason:             [1;31mUDP FLOOD detected: 771865562 UDP pps | [0m

[MULTI-LF (2025) COMPARISON]
=== Detection Performance vs ML-Based System ===

  First Detection Latency:   177.75 ms (vs MULTI-LF: 866 ms)
    Improvement:             4.9× faster

  Packets until detection:   0
  Bytes until detection:     0 (0.00 MB)

[OCTOSKETCH METRICS - Optimized Architecture]
=== Per-Worker Sketches + Sampling (1/32 packets) ===

  Architecture:              Per-worker (NO atomics, NO contention)
  Total sketch memory:       5377 KB (14 workers × 384.1 KB)
  Sampling rate:             1 in 32 packets (3.1% overhead)
  Attack traffic sampled:    2172960 updates
  Estimated attack packets:  69534720 (×32 sampling factor)
  Sketch overhead:           ~1.56% of fast-path cycles
  Memory efficiency:         O(1) constant, 384.1 KB per worker

[MULTIPLE DETECTION STATISTICS]
=== Aggregate Detection Analysis ===

  Total detection events:    16593
  Average detection latency: 51.92 ms
  Min detection latency:     50.22 ms
  Max detection latency:     301.73 ms
  Latency range:             251.51 ms

  Detection Latency Histogram:
    < 20 ms:  0 detections (0.0%)
    20-30 ms: 0 detections (0.0%)
    30-40 ms: 0 detections (0.0%)
    40-50 ms: 0 detections (0.0%)
    > 50 ms:  16592 detections (100.0%)

[PERFORMANCE METRICS]
  Throughput:         3.68 Gbps (1.40 Mpps)
  Cycles available:   2143 cycles/pkt (lower = higher load)
  Active IPs:         0
  Worker threads:     14 (lcores 1-14)

[DPDK NIC STATISTICS]
  RX packets (NIC):   1201976437
  RX dropped (HW):    [0m0[0m (imissed)
  RX no mbufs:        [0m0[0m (buffer exhaustion)
  RX errors:          0
  Total drops:        [0m0 (0.00%)[0m
  RX burst calls:     339510044993 (99.7% empty)
  Processed pkts:     1201976778 (100.0% of NIC RX)


╔═══════════════════════════════════════════════════════════════════════╗
║          MIRA DDoS DETECTOR - STATISTICS (MULTI-CORE)                ║
╚═══════════════════════════════════════════════════════════════════════╝

[PACKET COUNTERS - GLOBAL]
  Total packets:      1208958535
  Baseline (10.10.2.x): 0 (0.0%)
  Attack (10.10.3.x): 1208958535 (100.0%)
  TCP packets:        0
  UDP packets:        1208958535
  ICMP packets:       0

[INSTANTANEOUS TRAFFIC - Last 5.0 seconds]
  Baseline (10.10.2.x): 0 pkts (0.0%)  0 bytes  0.00 Gbps
  Attack (10.10.3.x): 6981689 pkts (100.0%)  2303570672 bytes  3.68 Gbps
  Total throughput:   3.68 Gbps  (avg pkt: 330 bytes)

[CUMULATIVE TRAFFIC - Since first packet (866.5s)]
  Total received:     1208958535 pkts (1.40 Mpps) | 3.68 Gbps | 398928860091 bytes

[ATTACK-SPECIFIC COUNTERS]
  SYN packets:        0
  SYN-ACK packets:    0
  SYN/ACK ratio:      0.00
  HTTP requests:      0
  DNS queries:        9977

[PROTOCOL-SPECIFIC COUNTERS - CIC-DDoS-2019 Features]
  NTP Amplification:
    Monlist queries:  2660
    Responses:        0  (avg size: 0 bytes)
  DNS Amplification:
    ANY queries:      0
    TXT queries:      0
    Responses:        8353  (avg size: 316 bytes)
  SNMP Amplification:
    GetBulk requests: 0
    Responses:        0  (avg size: 0 bytes)
  SSDP:
    M-SEARCH packets: 0
    Responses:        18741
  PortMapper:
    GETPORT calls:    18487
    DUMP calls:       0
  NetBIOS:
    Name queries:     20605
    Datagram packets: 18545
  LDAP:
    Bind requests:    0
    Search requests:  18738
  MSSQL:
    SQLBatch packets: 18029
    RPC packets:      0
  TFTP:
    RRQ (read) pkts:  0
    WRQ (write) pkts: 0

[ATTACK DETECTIONS - Cumulative Events]
  UDP flood events:   16690
  UDP-lag events:     19
  SYN flood events:   0
  HTTP flood events:  0
  ICMP flood events:  0
  DNS amp events:     0
  NTP amp events:     0
  SNMP amp events:    0
  SSDP events:        0
  PortMap events:     0
  NetBIOS events:     0
  LDAP events:        0
  MSSQL events:       0
  TFTP events:        0
  ACK flood events:   0
  Frag attack events: 0
  Packet flood events:0
  (Note: Events count IPs exceeding thresholds per 50ms window)

[ALERT STATUS]
  Alert level:        [1;31mHIGH[0m
  Reason:             [1;31mUDP FLOOD detected: 802194564 UDP pps | [0m

[MULTI-LF (2025) COMPARISON]
=== Detection Performance vs ML-Based System ===

  First Detection Latency:   177.75 ms (vs MULTI-LF: 866 ms)
    Improvement:             4.9× faster

  Packets until detection:   0
  Bytes until detection:     0 (0.00 MB)

[OCTOSKETCH METRICS - Optimized Architecture]
=== Per-Worker Sketches + Sampling (1/32 packets) ===

  Architecture:              Per-worker (NO atomics, NO contention)
  Total sketch memory:       5377 KB (14 workers × 384.1 KB)
  Sampling rate:             1 in 32 packets (3.1% overhead)
  Attack traffic sampled:    2101600 updates
  Estimated attack packets:  67251200 (×32 sampling factor)
  Sketch overhead:           ~1.56% of fast-path cycles
  Memory efficiency:         O(1) constant, 384.1 KB per worker

[MULTIPLE DETECTION STATISTICS]
=== Aggregate Detection Analysis ===

  Total detection events:    16690
  Average detection latency: 51.91 ms
  Min detection latency:     50.22 ms
  Max detection latency:     301.73 ms
  Latency range:             251.51 ms

  Detection Latency Histogram:
    < 20 ms:  0 detections (0.0%)
    20-30 ms: 0 detections (0.0%)
    30-40 ms: 0 detections (0.0%)
    40-50 ms: 0 detections (0.0%)
    > 50 ms:  16689 detections (100.0%)

[PERFORMANCE METRICS]
  Throughput:         3.68 Gbps (1.40 Mpps)
  Cycles available:   2143 cycles/pkt (lower = higher load)
  Active IPs:         0
  Worker threads:     14 (lcores 1-14)

[DPDK NIC STATISTICS]
  RX packets (NIC):   1208958166
  RX dropped (HW):    [0m0[0m (imissed)
  RX no mbufs:        [0m0[0m (buffer exhaustion)
  RX errors:          0
  Total drops:        [0m0 (0.00%)[0m
  RX burst calls:     341435748128 (99.7% empty)
  Processed pkts:     1208958535 (100.0% of NIC RX)


╔═══════════════════════════════════════════════════════════════════════╗
║          MIRA DDoS DETECTOR - STATISTICS (MULTI-CORE)                ║
╚═══════════════════════════════════════════════════════════════════════╝

[PACKET COUNTERS - GLOBAL]
  Total packets:      1215939882
  Baseline (10.10.2.x): 0 (0.0%)
  Attack (10.10.3.x): 1215939882 (100.0%)
  TCP packets:        0
  UDP packets:        1215939882
  ICMP packets:       0

[INSTANTANEOUS TRAFFIC - Last 5.0 seconds]
  Baseline (10.10.2.x): 0 pkts (0.0%)  0 bytes  0.00 Gbps
  Attack (10.10.3.x): 6981247 pkts (100.0%)  2303752571 bytes  3.68 Gbps
  Total throughput:   3.68 Gbps  (avg pkt: 330 bytes)

[CUMULATIVE TRAFFIC - Since first packet (871.5s)]
  Total received:     1215939882 pkts (1.40 Mpps) | 3.68 Gbps | 401232644199 bytes

[ATTACK-SPECIFIC COUNTERS]
  SYN packets:        0
  SYN-ACK packets:    0
  SYN/ACK ratio:      0.00
  HTTP requests:      0
  DNS queries:        10036

[PROTOCOL-SPECIFIC COUNTERS - CIC-DDoS-2019 Features]
  NTP Amplification:
    Monlist queries:  2676
    Responses:        0  (avg size: 0 bytes)
  DNS Amplification:
    ANY queries:      0
    TXT queries:      0
    Responses:        8388  (avg size: 316 bytes)
  SNMP Amplification:
    GetBulk requests: 0
    Responses:        0  (avg size: 0 bytes)
  SSDP:
    M-SEARCH packets: 0
    Responses:        18868
  PortMapper:
    GETPORT calls:    18601
    DUMP calls:       0
  NetBIOS:
    Name queries:     20722
    Datagram packets: 18655
  LDAP:
    Bind requests:    0
    Search requests:  18841
  MSSQL:
    SQLBatch packets: 18131
    RPC packets:      0
  TFTP:
    RRQ (read) pkts:  0
    WRQ (write) pkts: 0

[ATTACK DETECTIONS - Cumulative Events]
  UDP flood events:   16788
  UDP-lag events:     19
  SYN flood events:   0
  HTTP flood events:  0
  ICMP flood events:  0
  DNS amp events:     0
  NTP amp events:     0
  SNMP amp events:    0
  SSDP events:        0
  PortMap events:     0
  NetBIOS events:     0
  LDAP events:        0
  MSSQL events:       0
  TFTP events:        0
  ACK flood events:   0
  Frag attack events: 0
  Packet flood events:0
  (Note: Events count IPs exceeding thresholds per 50ms window)

[ALERT STATUS]
  Alert level:        [1;31mHIGH[0m
  Reason:             [1;31mUDP FLOOD detected: 806843273 UDP pps | [0m

[MULTI-LF (2025) COMPARISON]
=== Detection Performance vs ML-Based System ===

  First Detection Latency:   177.75 ms (vs MULTI-LF: 866 ms)
    Improvement:             4.9× faster

  Packets until detection:   0
  Bytes until detection:     0 (0.00 MB)

[OCTOSKETCH METRICS - Optimized Architecture]
=== Per-Worker Sketches + Sampling (1/32 packets) ===

  Architecture:              Per-worker (NO atomics, NO contention)
  Total sketch memory:       5377 KB (14 workers × 384.1 KB)
  Sampling rate:             1 in 32 packets (3.1% overhead)
  Attack traffic sampled:    2103264 updates
  Estimated attack packets:  67304448 (×32 sampling factor)
  Sketch overhead:           ~1.56% of fast-path cycles
  Memory efficiency:         O(1) constant, 384.1 KB per worker

[MULTIPLE DETECTION STATISTICS]
=== Aggregate Detection Analysis ===

  Total detection events:    16788
  Average detection latency: 51.91 ms
  Min detection latency:     50.22 ms
  Max detection latency:     301.73 ms
  Latency range:             251.51 ms

  Detection Latency Histogram:
    < 20 ms:  0 detections (0.0%)
    20-30 ms: 0 detections (0.0%)
    30-40 ms: 0 detections (0.0%)
    40-50 ms: 0 detections (0.0%)
    > 50 ms:  16787 detections (100.0%)

[PERFORMANCE METRICS]
  Throughput:         3.68 Gbps (1.40 Mpps)
  Cycles available:   2143 cycles/pkt (lower = higher load)
  Active IPs:         0
  Worker threads:     14 (lcores 1-14)

[DPDK NIC STATISTICS]
  RX packets (NIC):   1215939526
  RX dropped (HW):    [0m0[0m (imissed)
  RX no mbufs:        [0m0[0m (buffer exhaustion)
  RX errors:          0
  Total drops:        [0m0 (0.00%)[0m
  RX burst calls:     343361769801 (99.7% empty)
  Processed pkts:     1215939882 (100.0% of NIC RX)


╔═══════════════════════════════════════════════════════════════════════╗
║          MIRA DDoS DETECTOR - STATISTICS (MULTI-CORE)                ║
╚═══════════════════════════════════════════════════════════════════════╝

[PACKET COUNTERS - GLOBAL]
  Total packets:      1222921273
  Baseline (10.10.2.x): 0 (0.0%)
  Attack (10.10.3.x): 1222921273 (100.0%)
  TCP packets:        0
  UDP packets:        1222921273
  ICMP packets:       0

[INSTANTANEOUS TRAFFIC - Last 5.0 seconds]
  Baseline (10.10.2.x): 0 pkts (0.0%)  0 bytes  0.00 Gbps
  Attack (10.10.3.x): 6981317 pkts (100.0%)  2303963652 bytes  3.68 Gbps
  Total throughput:   3.68 Gbps  (avg pkt: 330 bytes)

[CUMULATIVE TRAFFIC - Since first packet (876.5s)]
  Total received:     1222921273 pkts (1.40 Mpps) | 3.68 Gbps | 403536632928 bytes

[ATTACK-SPECIFIC COUNTERS]
  SYN packets:        0
  SYN-ACK packets:    0
  SYN/ACK ratio:      0.00
  HTTP requests:      0
  DNS queries:        10099

[PROTOCOL-SPECIFIC COUNTERS - CIC-DDoS-2019 Features]
  NTP Amplification:
    Monlist queries:  2692
    Responses:        0  (avg size: 0 bytes)
  DNS Amplification:
    ANY queries:      0
    TXT queries:      0
    Responses:        8443  (avg size: 316 bytes)
  SNMP Amplification:
    GetBulk requests: 0
    Responses:        0  (avg size: 0 bytes)
  SSDP:
    M-SEARCH packets: 0
    Responses:        18942
  PortMapper:
    GETPORT calls:    18697
    DUMP calls:       0
  NetBIOS:
    Name queries:     20841
    Datagram packets: 18762
  LDAP:
    Bind requests:    0
    Search requests:  18949
  MSSQL:
    SQLBatch packets: 18227
    RPC packets:      0
  TFTP:
    RRQ (read) pkts:  0
    WRQ (write) pkts: 0

[ATTACK DETECTIONS - Cumulative Events]
  UDP flood events:   16886
  UDP-lag events:     19
  SYN flood events:   0
  HTTP flood events:  0
  ICMP flood events:  0
  DNS amp events:     0
  NTP amp events:     0
  SNMP amp events:    0
  SSDP events:        0
  PortMap events:     0
  NetBIOS events:     0
  LDAP events:        0
  MSSQL events:       0
  TFTP events:        0
  ACK flood events:   0
  Frag attack events: 0
  Packet flood events:0
  (Note: Events count IPs exceeding thresholds per 50ms window)

[ALERT STATUS]
  Alert level:        [1;31mHIGH[0m
  Reason:             [1;31mUDP FLOOD detected: 811495222 UDP pps | [0m

[MULTI-LF (2025) COMPARISON]
=== Detection Performance vs ML-Based System ===

  First Detection Latency:   177.75 ms (vs MULTI-LF: 866 ms)
    Improvement:             4.9× faster

  Packets until detection:   0
  Bytes until detection:     0 (0.00 MB)

[OCTOSKETCH METRICS - Optimized Architecture]
=== Per-Worker Sketches + Sampling (1/32 packets) ===

  Architecture:              Per-worker (NO atomics, NO contention)
  Total sketch memory:       5377 KB (14 workers × 384.1 KB)
  Sampling rate:             1 in 32 packets (3.1% overhead)
  Attack traffic sampled:    2103264 updates
  Estimated attack packets:  67304448 (×32 sampling factor)
  Sketch overhead:           ~1.56% of fast-path cycles
  Memory efficiency:         O(1) constant, 384.1 KB per worker

[MULTIPLE DETECTION STATISTICS]
=== Aggregate Detection Analysis ===

  Total detection events:    16886
  Average detection latency: 51.91 ms
  Min detection latency:     50.22 ms
  Max detection latency:     301.73 ms
  Latency range:             251.51 ms

  Detection Latency Histogram:
    < 20 ms:  0 detections (0.0%)
    20-30 ms: 0 detections (0.0%)
    30-40 ms: 0 detections (0.0%)
    40-50 ms: 0 detections (0.0%)
    > 50 ms:  16885 detections (100.0%)

[PERFORMANCE METRICS]
  Throughput:         3.68 Gbps (1.40 Mpps)
  Cycles available:   2143 cycles/pkt (lower = higher load)
  Active IPs:         0
  Worker threads:     14 (lcores 1-14)

[DPDK NIC STATISTICS]
  RX packets (NIC):   1222920944
  RX dropped (HW):    [0m0[0m (imissed)
  RX no mbufs:        [0m0[0m (buffer exhaustion)
  RX errors:          0
  Total drops:        [0m0 (0.00%)[0m
  RX burst calls:     345287840769 (99.7% empty)
  Processed pkts:     1222921273 (100.0% of NIC RX)


Signal 15 received, preparing to exit...

Signal 15 received, preparing to exit...

Shutting down...
