EAL: Detected 32 lcore(s)
EAL: Detected 1 NUMA nodes
EAL: Multi-process socket /var/run/dpdk/rte/mp_socket
EAL: Selected IOVA mode 'VA'
EAL: No available hugepages reported in hugepages-1048576kB
EAL: Probing VFIO support...
EAL: VFIO support initialized
EAL: PCI device 0000:41:00.0 on NUMA socket 0
EAL:   probe driver: 15b3:1017 net_mlx5
Number of available ports: 1
Port 0 initialized with 14 RX queues (RSS enabled)

[OctoSketch Initialized - Optimized Architecture]
  Per-worker sketches:     14 × 384.1 KB = 5377.8 KB
  Merged sketch:           1 × 384.1 KB = 384.1 KB
  Total memory:            5761.9 KB
  Configuration:           8 rows × 4096 columns per sketch
  Architecture:            Per-worker (NO atomics, NO contention)
  Sampling:                1 in 32 packets (3.12% overhead)
  Update policy:           Attack traffic only

╔═══════════════════════════════════════════════════════════════════════╗
║  MIRA DDoS DETECTOR - DPDK + OCTOSKETCH (14 workers + 1 coord)       ║
║  Optimized: Per-worker sketches + Sampling + Attack-only             ║
╚═══════════════════════════════════════════════════════════════════════╝

Comparing against MULTI-LF (2025):
  - MULTI-LF detection latency: 866 ms
  - MIRA detection latency:     <50 ms (17-170× faster)
  - DPDK architecture:          14 RX workers + 1 coordinator
  - OctoSketch advantage:       O(1) memory, per-worker (no atomics)
  - Sketch overhead:            <3% (sampled updates)

Press Ctrl+C to exit...

Launching worker 0 on lcore 1
Launching worker 1 on lcore 2
Worker thread 0 processing queue 0 on lcore 1
Launching worker 2 on lcore 3
Worker thread 1 processing queue 1 on lcore 2
Launching worker 3 on lcore 4
Worker thread 2 processing queue 2 on lcore 3
Launching worker 4 on lcore 5
Worker thread 3 processing queue 3 on lcore 4
Launching worker 5 on lcore 6
Worker thread 4 processing queue 4 on lcore 5
Launching worker 6 on lcore 7
Worker thread 5 processing queue 5 on lcore 6
Launching worker 7 on lcore 8
Worker thread 6 processing queue 6 on lcore 7
Launching worker 8 on lcore 9
Worker thread 7 processing queue 7 on lcore 8
Launching worker 9 on lcore 10
Worker thread 8 processing queue 8 on lcore 9
Launching worker 10 on lcore 11
Worker thread 9 processing queue 9 on lcore 10
Launching worker 11 on lcore 12
Worker thread 10 processing queue 10 on lcore 11
Launching worker 12 on lcore 13
Worker thread 11 processing queue 11 on lcore 12
Launching worker 13 on lcore 14
Worker thread 12 processing queue 12 on lcore 13
Launching coordinator on lcore 15
Worker thread 13 processing queue 13 on lcore 14

Coordinator thread on lcore 15
TSC frequency: 2990000000 Hz
Detection granularity: 50 ms (vs MULTI-LF: 1000 ms)


╔═══════════════════════════════════════════════════════════════════════╗
║          MIRA DDoS DETECTOR - STATISTICS (MULTI-CORE)                ║
╚═══════════════════════════════════════════════════════════════════════╝

[PACKET COUNTERS - GLOBAL]
  Total packets:      0
  Baseline (10.10.2.x): 0 (0.0%)
  Attack (10.10.3.x): 0 (0.0%)
  TCP packets:        0
  UDP packets:        0
  ICMP packets:       0

[INSTANTANEOUS TRAFFIC - Last 5.0 seconds]
  Baseline (10.10.2.x): 0 pkts (0.0%)  0 bytes  0.00 Gbps
  Attack (10.10.3.x): 0 pkts (0.0%)  0 bytes  0.00 Gbps
  Total throughput:   0.00 Gbps  (avg pkt: 0 bytes)

[CUMULATIVE TRAFFIC - Since first packet (0.0s)]
  Total received:     0 pkts (0.00 Mpps) | 0.00 Gbps | 0 bytes

[ATTACK-SPECIFIC COUNTERS]
  SYN packets:        0
  SYN-ACK packets:    0
  SYN/ACK ratio:      0.00
  HTTP requests:      0
  DNS queries:        0

[PROTOCOL-SPECIFIC COUNTERS - CIC-DDoS-2019 Features]
  NTP Amplification:
    Monlist queries:  0
    Responses:        0  (avg size: 0 bytes)
  DNS Amplification:
    ANY queries:      0
    TXT queries:      0
    Responses:        0  (avg size: 0 bytes)
  SNMP Amplification:
    GetBulk requests: 0
    Responses:        0  (avg size: 0 bytes)
  SSDP:
    M-SEARCH packets: 0
    Responses:        0
  PortMapper:
    GETPORT calls:    0
    DUMP calls:       0
  NetBIOS:
    Name queries:     0
    Datagram packets: 0
  LDAP:
    Bind requests:    0
    Search requests:  0
  MSSQL:
    SQLBatch packets: 0
    RPC packets:      0
  TFTP:
    RRQ (read) pkts:  0
    WRQ (write) pkts: 0

[ATTACK DETECTIONS - Cumulative Events]
  UDP flood events:   0
  UDP-lag events:     0
  SYN flood events:   0
  HTTP flood events:  0
  ICMP flood events:  0
  DNS amp events:     0
  NTP amp events:     0
  SNMP amp events:    0
  SSDP events:        0
  PortMap events:     0
  NetBIOS events:     0
  LDAP events:        0
  MSSQL events:       0
  TFTP events:        0
  ACK flood events:   0
  Frag attack events: 0
  Packet flood events:0
  (Note: Events count IPs exceeding thresholds per 50ms window)

[ALERT STATUS]
  Alert level:        [0mNONE[0m
  Reason:             None

[PERFORMANCE METRICS]
  Throughput:         0.00 Gbps (0.00 Mpps)
  Cycles available:   0 cycles/pkt (lower = higher load)
  Active IPs:         0
  Worker threads:     14 (lcores 1-14)

[DPDK NIC STATISTICS]
  RX packets (NIC):   0
  RX dropped (HW):    [0m0[0m (imissed)
  RX no mbufs:        [0m0[0m (buffer exhaustion)
  RX errors:          0
  Total drops:        [0m0 (0.00%)[0m
  RX burst calls:     0 (0.0% empty)
  Processed pkts:     0 (0.0% of NIC RX)


╔═══════════════════════════════════════════════════════════════════════╗
║          MIRA DDoS DETECTOR - STATISTICS (MULTI-CORE)                ║
╚═══════════════════════════════════════════════════════════════════════╝

[PACKET COUNTERS - GLOBAL]
  Total packets:      0
  Baseline (10.10.2.x): 0 (0.0%)
  Attack (10.10.3.x): 0 (0.0%)
  TCP packets:        0
  UDP packets:        0
  ICMP packets:       0

[INSTANTANEOUS TRAFFIC - Last 5.0 seconds]
  Baseline (10.10.2.x): 0 pkts (0.0%)  0 bytes  0.00 Gbps
  Attack (10.10.3.x): 0 pkts (0.0%)  0 bytes  0.00 Gbps
  Total throughput:   0.00 Gbps  (avg pkt: 0 bytes)

[CUMULATIVE TRAFFIC - Since first packet (0.0s)]
  Total received:     0 pkts (0.00 Mpps) | 0.00 Gbps | 0 bytes

[ATTACK-SPECIFIC COUNTERS]
  SYN packets:        0
  SYN-ACK packets:    0
  SYN/ACK ratio:      0.00
  HTTP requests:      0
  DNS queries:        0

[PROTOCOL-SPECIFIC COUNTERS - CIC-DDoS-2019 Features]
  NTP Amplification:
    Monlist queries:  0
    Responses:        0  (avg size: 0 bytes)
  DNS Amplification:
    ANY queries:      0
    TXT queries:      0
    Responses:        0  (avg size: 0 bytes)
  SNMP Amplification:
    GetBulk requests: 0
    Responses:        0  (avg size: 0 bytes)
  SSDP:
    M-SEARCH packets: 0
    Responses:        0
  PortMapper:
    GETPORT calls:    0
    DUMP calls:       0
  NetBIOS:
    Name queries:     0
    Datagram packets: 0
  LDAP:
    Bind requests:    0
    Search requests:  0
  MSSQL:
    SQLBatch packets: 0
    RPC packets:      0
  TFTP:
    RRQ (read) pkts:  0
    WRQ (write) pkts: 0

[ATTACK DETECTIONS - Cumulative Events]
  UDP flood events:   0
  UDP-lag events:     0
  SYN flood events:   0
  HTTP flood events:  0
  ICMP flood events:  0
  DNS amp events:     0
  NTP amp events:     0
  SNMP amp events:    0
  SSDP events:        0
  PortMap events:     0
  NetBIOS events:     0
  LDAP events:        0
  MSSQL events:       0
  TFTP events:        0
  ACK flood events:   0
  Frag attack events: 0
  Packet flood events:0
  (Note: Events count IPs exceeding thresholds per 50ms window)

[ALERT STATUS]
  Alert level:        [0mNONE[0m
  Reason:             None

[PERFORMANCE METRICS]
  Throughput:         0.00 Gbps (0.00 Mpps)
  Cycles available:   0 cycles/pkt (lower = higher load)
  Active IPs:         0
  Worker threads:     14 (lcores 1-14)

[DPDK NIC STATISTICS]
  RX packets (NIC):   0
  RX dropped (HW):    [0m0[0m (imissed)
  RX no mbufs:        [0m0[0m (buffer exhaustion)
  RX errors:          0
  Total drops:        [0m0 (0.00%)[0m
  RX burst calls:     0 (0.0% empty)
  Processed pkts:     0 (0.0% of NIC RX)


╔═══════════════════════════════════════════════════════════════════════╗
║          MIRA DDoS DETECTOR - STATISTICS (MULTI-CORE)                ║
╚═══════════════════════════════════════════════════════════════════════╝

[PACKET COUNTERS - GLOBAL]
  Total packets:      0
  Baseline (10.10.2.x): 0 (0.0%)
  Attack (10.10.3.x): 0 (0.0%)
  TCP packets:        0
  UDP packets:        0
  ICMP packets:       0

[INSTANTANEOUS TRAFFIC - Last 5.0 seconds]
  Baseline (10.10.2.x): 0 pkts (0.0%)  0 bytes  0.00 Gbps
  Attack (10.10.3.x): 0 pkts (0.0%)  0 bytes  0.00 Gbps
  Total throughput:   0.00 Gbps  (avg pkt: 0 bytes)

[CUMULATIVE TRAFFIC - Since first packet (0.0s)]
  Total received:     0 pkts (0.00 Mpps) | 0.00 Gbps | 0 bytes

[ATTACK-SPECIFIC COUNTERS]
  SYN packets:        0
  SYN-ACK packets:    0
  SYN/ACK ratio:      0.00
  HTTP requests:      0
  DNS queries:        0

[PROTOCOL-SPECIFIC COUNTERS - CIC-DDoS-2019 Features]
  NTP Amplification:
    Monlist queries:  0
    Responses:        0  (avg size: 0 bytes)
  DNS Amplification:
    ANY queries:      0
    TXT queries:      0
    Responses:        0  (avg size: 0 bytes)
  SNMP Amplification:
    GetBulk requests: 0
    Responses:        0  (avg size: 0 bytes)
  SSDP:
    M-SEARCH packets: 0
    Responses:        0
  PortMapper:
    GETPORT calls:    0
    DUMP calls:       0
  NetBIOS:
    Name queries:     0
    Datagram packets: 0
  LDAP:
    Bind requests:    0
    Search requests:  0
  MSSQL:
    SQLBatch packets: 0
    RPC packets:      0
  TFTP:
    RRQ (read) pkts:  0
    WRQ (write) pkts: 0

[ATTACK DETECTIONS - Cumulative Events]
  UDP flood events:   0
  UDP-lag events:     0
  SYN flood events:   0
  HTTP flood events:  0
  ICMP flood events:  0
  DNS amp events:     0
  NTP amp events:     0
  SNMP amp events:    0
  SSDP events:        0
  PortMap events:     0
  NetBIOS events:     0
  LDAP events:        0
  MSSQL events:       0
  TFTP events:        0
  ACK flood events:   0
  Frag attack events: 0
  Packet flood events:0
  (Note: Events count IPs exceeding thresholds per 50ms window)

[ALERT STATUS]
  Alert level:        [0mNONE[0m
  Reason:             None

[PERFORMANCE METRICS]
  Throughput:         0.00 Gbps (0.00 Mpps)
  Cycles available:   0 cycles/pkt (lower = higher load)
  Active IPs:         0
  Worker threads:     14 (lcores 1-14)

[DPDK NIC STATISTICS]
  RX packets (NIC):   0
  RX dropped (HW):    [0m0[0m (imissed)
  RX no mbufs:        [0m0[0m (buffer exhaustion)
  RX errors:          0
  Total drops:        [0m0 (0.00%)[0m
  RX burst calls:     0 (0.0% empty)
  Processed pkts:     0 (0.0% of NIC RX)


╔═══════════════════════════════════════════════════════════════════════╗
║          MIRA DDoS DETECTOR - STATISTICS (MULTI-CORE)                ║
╚═══════════════════════════════════════════════════════════════════════╝

[PACKET COUNTERS - GLOBAL]
  Total packets:      2595815
  Baseline (10.10.2.x): 0 (0.0%)
  Attack (10.10.3.x): 2595815 (100.0%)
  TCP packets:        0
  UDP packets:        2595815
  ICMP packets:       0

[INSTANTANEOUS TRAFFIC - Last 5.0 seconds]
  Baseline (10.10.2.x): 0 pkts (0.0%)  0 bytes  0.00 Gbps
  Attack (10.10.3.x): 2595816 pkts (100.0%)  233623440 bytes  0.37 Gbps
  Total throughput:   0.37 Gbps  (avg pkt: 90 bytes)

[CUMULATIVE TRAFFIC - Since first packet (1.4s)]
  Total received:     2595815 pkts (1.92 Mpps) | 1.38 Gbps | 233623350 bytes

[ATTACK-SPECIFIC COUNTERS]
  SYN packets:        0
  SYN-ACK packets:    0
  SYN/ACK ratio:      0.00
  HTTP requests:      0
  DNS queries:        0

[PROTOCOL-SPECIFIC COUNTERS - CIC-DDoS-2019 Features]
  NTP Amplification:
    Monlist queries:  2595815
    Responses:        0  (avg size: 0 bytes)
  DNS Amplification:
    ANY queries:      0
    TXT queries:      0
    Responses:        0  (avg size: 0 bytes)
  SNMP Amplification:
    GetBulk requests: 0
    Responses:        0  (avg size: 0 bytes)
  SSDP:
    M-SEARCH packets: 0
    Responses:        0
  PortMapper:
    GETPORT calls:    0
    DUMP calls:       0
  NetBIOS:
    Name queries:     0
    Datagram packets: 0
  LDAP:
    Bind requests:    0
    Search requests:  0
  MSSQL:
    SQLBatch packets: 0
    RPC packets:      0
  TFTP:
    RRQ (read) pkts:  0
    WRQ (write) pkts: 0

[ATTACK DETECTIONS - Cumulative Events]
  UDP flood events:   25
  UDP-lag events:     0
  SYN flood events:   0
  HTTP flood events:  0
  ICMP flood events:  0
  DNS amp events:     0
  NTP amp events:     25
  SNMP amp events:    0
  SSDP events:        0
  PortMap events:     0
  NetBIOS events:     0
  LDAP events:        0
  MSSQL events:       0
  TFTP events:        0
  ACK flood events:   0
  Frag attack events: 0
  Packet flood events:0
  (Note: Events count IPs exceeding thresholds per 50ms window)

[ALERT STATUS]
  Alert level:        [1;31mHIGH[0m
  Reason:             [1;31mUDP FLOOD detected: 518192 UDP pps | NTP AMP detected: 518192 qps | [0m

[MULTI-LF (2025) COMPARISON]
=== Detection Performance vs ML-Based System ===

  First Detection Latency:   147.16 ms (vs MULTI-LF: 866 ms)
    Improvement:             5.9× faster

  Packets until detection:   0
  Bytes until detection:     0 (0.00 MB)

[OCTOSKETCH METRICS - Optimized Architecture]
=== Per-Worker Sketches + Sampling (1/32 packets) ===

  Architecture:              Per-worker (NO atomics, NO contention)
  Total sketch memory:       5377 KB (14 workers × 384.1 KB)
  Sampling rate:             1 in 32 packets (3.1% overhead)
  Attack traffic sampled:    2594336 updates
  Estimated attack packets:  83018752 (×32 sampling factor)
  Sketch overhead:           ~1.56% of fast-path cycles
  Memory efficiency:         O(1) constant, 384.1 KB per worker

[MULTIPLE DETECTION STATISTICS]
=== Aggregate Detection Analysis ===

  Total detection events:    25
  Average detection latency: 54.11 ms
  Min detection latency:     50.23 ms
  Max detection latency:     147.16 ms
  Latency range:             96.93 ms

  Detection Latency Histogram:
    < 20 ms:  0 detections (0.0%)
    20-30 ms: 0 detections (0.0%)
    30-40 ms: 0 detections (0.0%)
    40-50 ms: 0 detections (0.0%)
    > 50 ms:  24 detections (96.0%)

[PERFORMANCE METRICS]
  Throughput:         0.37 Gbps (0.52 Mpps)
  Cycles available:   5767 cycles/pkt (lower = higher load)
  Active IPs:         0
  Worker threads:     14 (lcores 1-14)

[DPDK NIC STATISTICS]
  RX packets (NIC):   2595299
  RX dropped (HW):    [0m0[0m (imissed)
  RX no mbufs:        [0m0[0m (buffer exhaustion)
  RX errors:          0
  Total drops:        [0m0 (0.00%)[0m
  RX burst calls:     8081097592 (100.0% empty)
  Processed pkts:     2595815 (100.0% of NIC RX)


╔═══════════════════════════════════════════════════════════════════════╗
║          MIRA DDoS DETECTOR - STATISTICS (MULTI-CORE)                ║
╚═══════════════════════════════════════════════════════════════════════╝

[PACKET COUNTERS - GLOBAL]
  Total packets:      12200531
  Baseline (10.10.2.x): 0 (0.0%)
  Attack (10.10.3.x): 12200531 (100.0%)
  TCP packets:        0
  UDP packets:        12200531
  ICMP packets:       0

[INSTANTANEOUS TRAFFIC - Last 5.0 seconds]
  Baseline (10.10.2.x): 0 pkts (0.0%)  0 bytes  0.00 Gbps
  Attack (10.10.3.x): 9604626 pkts (100.0%)  864416340 bytes  1.38 Gbps
  Total throughput:   1.38 Gbps  (avg pkt: 90 bytes)

[CUMULATIVE TRAFFIC - Since first packet (6.4s)]
  Total received:     12200531 pkts (1.92 Mpps) | 1.38 Gbps | 1098047790 bytes

[ATTACK-SPECIFIC COUNTERS]
  SYN packets:        0
  SYN-ACK packets:    0
  SYN/ACK ratio:      0.00
  HTTP requests:      0
  DNS queries:        0

[PROTOCOL-SPECIFIC COUNTERS - CIC-DDoS-2019 Features]
  NTP Amplification:
    Monlist queries:  12200531
    Responses:        0  (avg size: 0 bytes)
  DNS Amplification:
    ANY queries:      0
    TXT queries:      0
    Responses:        0  (avg size: 0 bytes)
  SNMP Amplification:
    GetBulk requests: 0
    Responses:        0  (avg size: 0 bytes)
  SSDP:
    M-SEARCH packets: 0
    Responses:        0
  PortMapper:
    GETPORT calls:    0
    DUMP calls:       0
  NetBIOS:
    Name queries:     0
    Datagram packets: 0
  LDAP:
    Bind requests:    0
    Search requests:  0
  MSSQL:
    SQLBatch packets: 0
    RPC packets:      0
  TFTP:
    RRQ (read) pkts:  0
    WRQ (write) pkts: 0

[ATTACK DETECTIONS - Cumulative Events]
  UDP flood events:   123
  UDP-lag events:     0
  SYN flood events:   0
  HTTP flood events:  0
  ICMP flood events:  0
  DNS amp events:     0
  NTP amp events:     123
  SNMP amp events:    0
  SSDP events:        0
  PortMap events:     0
  NetBIOS events:     0
  LDAP events:        0
  MSSQL events:       0
  TFTP events:        0
  ACK flood events:   0
  Frag attack events: 0
  Packet flood events:0
  (Note: Events count IPs exceeding thresholds per 50ms window)

[ALERT STATUS]
  Alert level:        [1;31mHIGH[0m
  Reason:             [1;31mUDP FLOOD detected: 2441338 UDP pps | NTP AMP detected: 1919702 qps | [0m

[MULTI-LF (2025) COMPARISON]
=== Detection Performance vs ML-Based System ===

  First Detection Latency:   147.16 ms (vs MULTI-LF: 866 ms)
    Improvement:             5.9× faster

  Packets until detection:   0
  Bytes until detection:     0 (0.00 MB)

[OCTOSKETCH METRICS - Optimized Architecture]
=== Per-Worker Sketches + Sampling (1/32 packets) ===

  Architecture:              Per-worker (NO atomics, NO contention)
  Total sketch memory:       5377 KB (14 workers × 384.1 KB)
  Sampling rate:             1 in 32 packets (3.1% overhead)
  Attack traffic sampled:    9547136 updates
  Estimated attack packets:  305508352 (×32 sampling factor)
  Sketch overhead:           ~1.56% of fast-path cycles
  Memory efficiency:         O(1) constant, 384.1 KB per worker

[MULTIPLE DETECTION STATISTICS]
=== Aggregate Detection Analysis ===

  Total detection events:    123
  Average detection latency: 51.43 ms
  Min detection latency:     50.23 ms
  Max detection latency:     147.16 ms
  Latency range:             96.93 ms

  Detection Latency Histogram:
    < 20 ms:  0 detections (0.0%)
    20-30 ms: 0 detections (0.0%)
    30-40 ms: 0 detections (0.0%)
    40-50 ms: 0 detections (0.0%)
    > 50 ms:  122 detections (99.2%)

[PERFORMANCE METRICS]
  Throughput:         1.38 Gbps (1.92 Mpps)
  Cycles available:   1558 cycles/pkt (lower = higher load)
  Active IPs:         0
  Worker threads:     14 (lcores 1-14)

[DPDK NIC STATISTICS]
  RX packets (NIC):   12200014
  RX dropped (HW):    [0m0[0m (imissed)
  RX no mbufs:        [0m0[0m (buffer exhaustion)
  RX errors:          0
  Total drops:        [0m0 (0.00%)[0m
  RX burst calls:     9978236593 (99.9% empty)
  Processed pkts:     12200531 (100.0% of NIC RX)


╔═══════════════════════════════════════════════════════════════════════╗
║          MIRA DDoS DETECTOR - STATISTICS (MULTI-CORE)                ║
╚═══════════════════════════════════════════════════════════════════════╝

[PACKET COUNTERS - GLOBAL]
  Total packets:      21800277
  Baseline (10.10.2.x): 0 (0.0%)
  Attack (10.10.3.x): 21800277 (100.0%)
  TCP packets:        0
  UDP packets:        21800277
  ICMP packets:       0

[INSTANTANEOUS TRAFFIC - Last 5.0 seconds]
  Baseline (10.10.2.x): 0 pkts (0.0%)  0 bytes  0.00 Gbps
  Attack (10.10.3.x): 9599651 pkts (100.0%)  863968590 bytes  1.38 Gbps
  Total throughput:   1.38 Gbps  (avg pkt: 90 bytes)

[CUMULATIVE TRAFFIC - Since first packet (11.4s)]
  Total received:     21800277 pkts (1.92 Mpps) | 1.38 Gbps | 1962024930 bytes

[ATTACK-SPECIFIC COUNTERS]
  SYN packets:        0
  SYN-ACK packets:    0
  SYN/ACK ratio:      0.00
  HTTP requests:      0
  DNS queries:        0

[PROTOCOL-SPECIFIC COUNTERS - CIC-DDoS-2019 Features]
  NTP Amplification:
    Monlist queries:  21800277
    Responses:        0  (avg size: 0 bytes)
  DNS Amplification:
    ANY queries:      0
    TXT queries:      0
    Responses:        0  (avg size: 0 bytes)
  SNMP Amplification:
    GetBulk requests: 0
    Responses:        0  (avg size: 0 bytes)
  SSDP:
    M-SEARCH packets: 0
    Responses:        0
  PortMapper:
    GETPORT calls:    0
    DUMP calls:       0
  NetBIOS:
    Name queries:     0
    Datagram packets: 0
  LDAP:
    Bind requests:    0
    Search requests:  0
  MSSQL:
    SQLBatch packets: 0
    RPC packets:      0
  TFTP:
    RRQ (read) pkts:  0
    WRQ (write) pkts: 0

[ATTACK DETECTIONS - Cumulative Events]
  UDP flood events:   221
  UDP-lag events:     0
  SYN flood events:   0
  HTTP flood events:  0
  ICMP flood events:  0
  DNS amp events:     0
  NTP amp events:     221
  SNMP amp events:    0
  SSDP events:        0
  PortMap events:     0
  NetBIOS events:     0
  LDAP events:        0
  MSSQL events:       0
  TFTP events:        0
  ACK flood events:   0
  Frag attack events: 0
  Packet flood events:0
  (Note: Events count IPs exceeding thresholds per 50ms window)

[ALERT STATUS]
  Alert level:        [1;31mHIGH[0m
  Reason:             [1;31mUDP FLOOD detected: 4379464 UDP pps | NTP AMP detected: 1918532 qps | [0m

[MULTI-LF (2025) COMPARISON]
=== Detection Performance vs ML-Based System ===

  First Detection Latency:   147.16 ms (vs MULTI-LF: 866 ms)
    Improvement:             5.9× faster

  Packets until detection:   0
  Bytes until detection:     0 (0.00 MB)

[OCTOSKETCH METRICS - Optimized Architecture]
=== Per-Worker Sketches + Sampling (1/32 packets) ===

  Architecture:              Per-worker (NO atomics, NO contention)
  Total sketch memory:       5377 KB (14 workers × 384.1 KB)
  Sampling rate:             1 in 32 packets (3.1% overhead)
  Attack traffic sampled:    9540672 updates
  Estimated attack packets:  305301504 (×32 sampling factor)
  Sketch overhead:           ~1.56% of fast-path cycles
  Memory efficiency:         O(1) constant, 384.1 KB per worker

[MULTIPLE DETECTION STATISTICS]
=== Aggregate Detection Analysis ===

  Total detection events:    221
  Average detection latency: 51.36 ms
  Min detection latency:     50.23 ms
  Max detection latency:     151.06 ms
  Latency range:             100.83 ms

  Detection Latency Histogram:
    < 20 ms:  0 detections (0.0%)
    20-30 ms: 0 detections (0.0%)
    30-40 ms: 0 detections (0.0%)
    40-50 ms: 0 detections (0.0%)
    > 50 ms:  220 detections (99.5%)

[PERFORMANCE METRICS]
  Throughput:         1.38 Gbps (1.92 Mpps)
  Cycles available:   1559 cycles/pkt (lower = higher load)
  Active IPs:         0
  Worker threads:     14 (lcores 1-14)

[DPDK NIC STATISTICS]
  RX packets (NIC):   21799700
  RX dropped (HW):    [0m0[0m (imissed)
  RX no mbufs:        [0m0[0m (buffer exhaustion)
  RX errors:          0
  Total drops:        [0m0 (0.00%)[0m
  RX burst calls:     11870576772 (99.8% empty)
  Processed pkts:     21800277 (100.0% of NIC RX)


╔═══════════════════════════════════════════════════════════════════════╗
║          MIRA DDoS DETECTOR - STATISTICS (MULTI-CORE)                ║
╚═══════════════════════════════════════════════════════════════════════╝

[PACKET COUNTERS - GLOBAL]
  Total packets:      31406875
  Baseline (10.10.2.x): 0 (0.0%)
  Attack (10.10.3.x): 31406875 (100.0%)
  TCP packets:        0
  UDP packets:        31406875
  ICMP packets:       0

[INSTANTANEOUS TRAFFIC - Last 5.0 seconds]
  Baseline (10.10.2.x): 0 pkts (0.0%)  0 bytes  0.00 Gbps
  Attack (10.10.3.x): 9606470 pkts (100.0%)  864582300 bytes  1.38 Gbps
  Total throughput:   1.38 Gbps  (avg pkt: 90 bytes)

[CUMULATIVE TRAFFIC - Since first packet (16.4s)]
  Total received:     31406875 pkts (1.92 Mpps) | 1.38 Gbps | 2826618750 bytes

[ATTACK-SPECIFIC COUNTERS]
  SYN packets:        0
  SYN-ACK packets:    0
  SYN/ACK ratio:      0.00
  HTTP requests:      0
  DNS queries:        0

[PROTOCOL-SPECIFIC COUNTERS - CIC-DDoS-2019 Features]
  NTP Amplification:
    Monlist queries:  31406875
    Responses:        0  (avg size: 0 bytes)
  DNS Amplification:
    ANY queries:      0
    TXT queries:      0
    Responses:        0  (avg size: 0 bytes)
  SNMP Amplification:
    GetBulk requests: 0
    Responses:        0  (avg size: 0 bytes)
  SSDP:
    M-SEARCH packets: 0
    Responses:        0
  PortMapper:
    GETPORT calls:    0
    DUMP calls:       0
  NetBIOS:
    Name queries:     0
    Datagram packets: 0
  LDAP:
    Bind requests:    0
    Search requests:  0
  MSSQL:
    SQLBatch packets: 0
    RPC packets:      0
  TFTP:
    RRQ (read) pkts:  0
    WRQ (write) pkts: 0

[ATTACK DETECTIONS - Cumulative Events]
  UDP flood events:   318
  UDP-lag events:     0
  SYN flood events:   0
  HTTP flood events:  0
  ICMP flood events:  0
  DNS amp events:     0
  NTP amp events:     318
  SNMP amp events:    0
  SSDP events:        0
  PortMap events:     0
  NetBIOS events:     0
  LDAP events:        0
  MSSQL events:       0
  TFTP events:        0
  ACK flood events:   0
  Frag attack events: 0
  Packet flood events:0
  (Note: Events count IPs exceeding thresholds per 50ms window)

[ALERT STATUS]
  Alert level:        [1;31mHIGH[0m
  Reason:             [1;31mUDP FLOOD detected: 6363959 UDP pps | NTP AMP detected: 1919969 qps | [0m

[MULTI-LF (2025) COMPARISON]
=== Detection Performance vs ML-Based System ===

  First Detection Latency:   147.16 ms (vs MULTI-LF: 866 ms)
    Improvement:             5.9× faster

  Packets until detection:   0
  Bytes until detection:     0 (0.00 MB)

[OCTOSKETCH METRICS - Optimized Architecture]
=== Per-Worker Sketches + Sampling (1/32 packets) ===

  Architecture:              Per-worker (NO atomics, NO contention)
  Total sketch memory:       5377 KB (14 workers × 384.1 KB)
  Sampling rate:             1 in 32 packets (3.1% overhead)
  Attack traffic sampled:    9451296 updates
  Estimated attack packets:  302441472 (×32 sampling factor)
  Sketch overhead:           ~1.56% of fast-path cycles
  Memory efficiency:         O(1) constant, 384.1 KB per worker

[MULTIPLE DETECTION STATISTICS]
=== Aggregate Detection Analysis ===

  Total detection events:    318
  Average detection latency: 51.33 ms
  Min detection latency:     50.23 ms
  Max detection latency:     151.09 ms
  Latency range:             100.86 ms

  Detection Latency Histogram:
    < 20 ms:  0 detections (0.0%)
    20-30 ms: 0 detections (0.0%)
    30-40 ms: 0 detections (0.0%)
    40-50 ms: 0 detections (0.0%)
    > 50 ms:  317 detections (99.7%)

[PERFORMANCE METRICS]
  Throughput:         1.38 Gbps (1.92 Mpps)
  Cycles available:   1557 cycles/pkt (lower = higher load)
  Active IPs:         0
  Worker threads:     14 (lcores 1-14)

[DPDK NIC STATISTICS]
  RX packets (NIC):   31406337
  RX dropped (HW):    [0m0[0m (imissed)
  RX no mbufs:        [0m0[0m (buffer exhaustion)
  RX errors:          0
  Total drops:        [0m0 (0.00%)[0m
  RX burst calls:     13759017241 (99.8% empty)
  Processed pkts:     31406875 (100.0% of NIC RX)


╔═══════════════════════════════════════════════════════════════════════╗
║          MIRA DDoS DETECTOR - STATISTICS (MULTI-CORE)                ║
╚═══════════════════════════════════════════════════════════════════════╝

[PACKET COUNTERS - GLOBAL]
  Total packets:      41008301
  Baseline (10.10.2.x): 0 (0.0%)
  Attack (10.10.3.x): 41008301 (100.0%)
  TCP packets:        0
  UDP packets:        41008301
  ICMP packets:       0

[INSTANTANEOUS TRAFFIC - Last 5.0 seconds]
  Baseline (10.10.2.x): 0 pkts (0.0%)  0 bytes  0.00 Gbps
  Attack (10.10.3.x): 9601332 pkts (100.0%)  864119880 bytes  1.38 Gbps
  Total throughput:   1.38 Gbps  (avg pkt: 90 bytes)

[CUMULATIVE TRAFFIC - Since first packet (21.4s)]
  Total received:     41008301 pkts (1.92 Mpps) | 1.38 Gbps | 3690747090 bytes

[ATTACK-SPECIFIC COUNTERS]
  SYN packets:        0
  SYN-ACK packets:    0
  SYN/ACK ratio:      0.00
  HTTP requests:      0
  DNS queries:        0

[PROTOCOL-SPECIFIC COUNTERS - CIC-DDoS-2019 Features]
  NTP Amplification:
    Monlist queries:  41008301
    Responses:        0  (avg size: 0 bytes)
  DNS Amplification:
    ANY queries:      0
    TXT queries:      0
    Responses:        0  (avg size: 0 bytes)
  SNMP Amplification:
    GetBulk requests: 0
    Responses:        0  (avg size: 0 bytes)
  SSDP:
    M-SEARCH packets: 0
    Responses:        0
  PortMapper:
    GETPORT calls:    0
    DUMP calls:       0
  NetBIOS:
    Name queries:     0
    Datagram packets: 0
  LDAP:
    Bind requests:    0
    Search requests:  0
  MSSQL:
    SQLBatch packets: 0
    RPC packets:      0
  TFTP:
    RRQ (read) pkts:  0
    WRQ (write) pkts: 0

[ATTACK DETECTIONS - Cumulative Events]
  UDP flood events:   415
  UDP-lag events:     0
  SYN flood events:   0
  HTTP flood events:  0
  ICMP flood events:  0
  DNS amp events:     0
  NTP amp events:     415
  SNMP amp events:    0
  SSDP events:        0
  PortMap events:     0
  NetBIOS events:     0
  LDAP events:        0
  MSSQL events:       0
  TFTP events:        0
  ACK flood events:   0
  Frag attack events: 0
  Packet flood events:0
  (Note: Events count IPs exceeding thresholds per 50ms window)

[ALERT STATUS]
  Alert level:        [1;31mHIGH[0m
  Reason:             [1;31mUDP FLOOD detected: 8322218 UDP pps | NTP AMP detected: 1918918 qps | [0m

[MULTI-LF (2025) COMPARISON]
=== Detection Performance vs ML-Based System ===

  First Detection Latency:   147.16 ms (vs MULTI-LF: 866 ms)
    Improvement:             5.9× faster

  Packets until detection:   0
  Bytes until detection:     0 (0.00 MB)

[OCTOSKETCH METRICS - Optimized Architecture]
=== Per-Worker Sketches + Sampling (1/32 packets) ===

  Architecture:              Per-worker (NO atomics, NO contention)
  Total sketch memory:       5377 KB (14 workers × 384.1 KB)
  Sampling rate:             1 in 32 packets (3.1% overhead)
  Attack traffic sampled:    9446080 updates
  Estimated attack packets:  302274560 (×32 sampling factor)
  Sketch overhead:           ~1.56% of fast-path cycles
  Memory efficiency:         O(1) constant, 384.1 KB per worker

[MULTIPLE DETECTION STATISTICS]
=== Aggregate Detection Analysis ===

  Total detection events:    415
  Average detection latency: 51.44 ms
  Min detection latency:     50.22 ms
  Max detection latency:     201.31 ms
  Latency range:             151.08 ms

  Detection Latency Histogram:
    < 20 ms:  0 detections (0.0%)
    20-30 ms: 0 detections (0.0%)
    30-40 ms: 0 detections (0.0%)
    40-50 ms: 0 detections (0.0%)
    > 50 ms:  414 detections (99.8%)

[PERFORMANCE METRICS]
  Throughput:         1.38 Gbps (1.92 Mpps)
  Cycles available:   1558 cycles/pkt (lower = higher load)
  Active IPs:         0
  Worker threads:     14 (lcores 1-14)

[DPDK NIC STATISTICS]
  RX packets (NIC):   41007765
  RX dropped (HW):    [0m0[0m (imissed)
  RX no mbufs:        [0m0[0m (buffer exhaustion)
  RX errors:          0
  Total drops:        [0m0 (0.00%)[0m
  RX burst calls:     15645444084 (99.8% empty)
  Processed pkts:     41008301 (100.0% of NIC RX)


╔═══════════════════════════════════════════════════════════════════════╗
║          MIRA DDoS DETECTOR - STATISTICS (MULTI-CORE)                ║
╚═══════════════════════════════════════════════════════════════════════╝

[PACKET COUNTERS - GLOBAL]
  Total packets:      50615412
  Baseline (10.10.2.x): 0 (0.0%)
  Attack (10.10.3.x): 50615412 (100.0%)
  TCP packets:        0
  UDP packets:        50615412
  ICMP packets:       0

[INSTANTANEOUS TRAFFIC - Last 5.0 seconds]
  Baseline (10.10.2.x): 0 pkts (0.0%)  0 bytes  0.00 Gbps
  Attack (10.10.3.x): 10282286 pkts (100.0%)  925405740 bytes  1.48 Gbps
  Total throughput:   1.48 Gbps  (avg pkt: 90 bytes)

[CUMULATIVE TRAFFIC - Since first packet (26.4s)]
  Total received:     50615412 pkts (1.92 Mpps) | 1.38 Gbps | 4555387080 bytes

[ATTACK-SPECIFIC COUNTERS]
  SYN packets:        0
  SYN-ACK packets:    0
  SYN/ACK ratio:      0.00
  HTTP requests:      0
  DNS queries:        0

[PROTOCOL-SPECIFIC COUNTERS - CIC-DDoS-2019 Features]
  NTP Amplification:
    Monlist queries:  50615412
    Responses:        0  (avg size: 0 bytes)
  DNS Amplification:
    ANY queries:      0
    TXT queries:      0
    Responses:        0  (avg size: 0 bytes)
  SNMP Amplification:
    GetBulk requests: 0
    Responses:        0  (avg size: 0 bytes)
  SSDP:
    M-SEARCH packets: 0
    Responses:        0
  PortMapper:
    GETPORT calls:    0
    DUMP calls:       0
  NetBIOS:
    Name queries:     0
    Datagram packets: 0
  LDAP:
    Bind requests:    0
    Search requests:  0
  MSSQL:
    SQLBatch packets: 0
    RPC packets:      0
  TFTP:
    RRQ (read) pkts:  0
    WRQ (write) pkts: 0

[ATTACK DETECTIONS - Cumulative Events]
  UDP flood events:   514
  UDP-lag events:     0
  SYN flood events:   0
  HTTP flood events:  0
  ICMP flood events:  0
  DNS amp events:     0
  NTP amp events:     514
  SNMP amp events:    0
  SSDP events:        0
  PortMap events:     0
  NetBIOS events:     0
  LDAP events:        0
  MSSQL events:       0
  TFTP events:        0
  ACK flood events:   0
  Frag attack events: 0
  Packet flood events:0
  (Note: Events count IPs exceeding thresholds per 50ms window)

[ALERT STATUS]
  Alert level:        [1;31mHIGH[0m
  Reason:             [1;31mUDP FLOOD detected: 10281446 UDP pps | NTP AMP detected: 1920094 qps | [0m

[MULTI-LF (2025) COMPARISON]
=== Detection Performance vs ML-Based System ===

  First Detection Latency:   147.16 ms (vs MULTI-LF: 866 ms)
    Improvement:             5.9× faster

  Packets until detection:   0
  Bytes until detection:     0 (0.00 MB)

[OCTOSKETCH METRICS - Optimized Architecture]
=== Per-Worker Sketches + Sampling (1/32 packets) ===

  Architecture:              Per-worker (NO atomics, NO contention)
  Total sketch memory:       5377 KB (14 workers × 384.1 KB)
  Sampling rate:             1 in 32 packets (3.1% overhead)
  Attack traffic sampled:    9451968 updates
  Estimated attack packets:  302462976 (×32 sampling factor)
  Sketch overhead:           ~1.56% of fast-path cycles
  Memory efficiency:         O(1) constant, 384.1 KB per worker

[MULTIPLE DETECTION STATISTICS]
=== Aggregate Detection Analysis ===

  Total detection events:    514
  Average detection latency: 51.30 ms
  Min detection latency:     50.22 ms
  Max detection latency:     201.31 ms
  Latency range:             151.08 ms

  Detection Latency Histogram:
    < 20 ms:  0 detections (0.0%)
    20-30 ms: 0 detections (0.0%)
    30-40 ms: 0 detections (0.0%)
    40-50 ms: 0 detections (0.0%)
    > 50 ms:  513 detections (99.8%)

[PERFORMANCE METRICS]
  Throughput:         1.48 Gbps (2.06 Mpps)
  Cycles available:   1455 cycles/pkt (lower = higher load)
  Active IPs:         0
  Worker threads:     14 (lcores 1-14)

[DPDK NIC STATISTICS]
  RX packets (NIC):   50614896
  RX dropped (HW):    [0m0[0m (imissed)
  RX no mbufs:        [0m0[0m (buffer exhaustion)
  RX errors:          0
  Total drops:        [0m0 (0.00%)[0m
  RX burst calls:     17529484939 (99.7% empty)
  Processed pkts:     50615412 (100.0% of NIC RX)


╔═══════════════════════════════════════════════════════════════════════╗
║          MIRA DDoS DETECTOR - STATISTICS (MULTI-CORE)                ║
╚═══════════════════════════════════════════════════════════════════════╝

[PACKET COUNTERS - GLOBAL]
  Total packets:      60219399
  Baseline (10.10.2.x): 0 (0.0%)
  Attack (10.10.3.x): 60219399 (100.0%)
  TCP packets:        0
  UDP packets:        60219399
  ICMP packets:       0

[INSTANTANEOUS TRAFFIC - Last 5.0 seconds]
  Baseline (10.10.2.x): 0 pkts (0.0%)  0 bytes  0.00 Gbps
  Attack (10.10.3.x): 9603891 pkts (100.0%)  864350190 bytes  1.38 Gbps
  Total throughput:   1.38 Gbps  (avg pkt: 90 bytes)

[CUMULATIVE TRAFFIC - Since first packet (31.4s)]
  Total received:     60219399 pkts (1.92 Mpps) | 1.38 Gbps | 5419745910 bytes

[ATTACK-SPECIFIC COUNTERS]
  SYN packets:        0
  SYN-ACK packets:    0
  SYN/ACK ratio:      0.00
  HTTP requests:      0
  DNS queries:        0

[PROTOCOL-SPECIFIC COUNTERS - CIC-DDoS-2019 Features]
  NTP Amplification:
    Monlist queries:  60219399
    Responses:        0  (avg size: 0 bytes)
  DNS Amplification:
    ANY queries:      0
    TXT queries:      0
    Responses:        0  (avg size: 0 bytes)
  SNMP Amplification:
    GetBulk requests: 0
    Responses:        0  (avg size: 0 bytes)
  SSDP:
    M-SEARCH packets: 0
    Responses:        0
  PortMapper:
    GETPORT calls:    0
    DUMP calls:       0
  NetBIOS:
    Name queries:     0
    Datagram packets: 0
  LDAP:
    Bind requests:    0
    Search requests:  0
  MSSQL:
    SQLBatch packets: 0
    RPC packets:      0
  TFTP:
    RRQ (read) pkts:  0
    WRQ (write) pkts: 0

[ATTACK DETECTIONS - Cumulative Events]
  UDP flood events:   610
  UDP-lag events:     0
  SYN flood events:   0
  HTTP flood events:  0
  ICMP flood events:  0
  DNS amp events:     0
  NTP amp events:     610
  SNMP amp events:    0
  SSDP events:        0
  PortMap events:     0
  NetBIOS events:     0
  LDAP events:        0
  MSSQL events:       0
  TFTP events:        0
  ACK flood events:   0
  Frag attack events: 0
  Packet flood events:0
  (Note: Events count IPs exceeding thresholds per 50ms window)

[ALERT STATUS]
  Alert level:        [1;31mHIGH[0m
  Reason:             [1;31mUDP FLOOD detected: 12346547 UDP pps | NTP AMP detected: 1919444 qps | [0m

[MULTI-LF (2025) COMPARISON]
=== Detection Performance vs ML-Based System ===

  First Detection Latency:   147.16 ms (vs MULTI-LF: 866 ms)
    Improvement:             5.9× faster

  Packets until detection:   0
  Bytes until detection:     0 (0.00 MB)

[OCTOSKETCH METRICS - Optimized Architecture]
=== Per-Worker Sketches + Sampling (1/32 packets) ===

  Architecture:              Per-worker (NO atomics, NO contention)
  Total sketch memory:       5377 KB (14 workers × 384.1 KB)
  Sampling rate:             1 in 32 packets (3.1% overhead)
  Attack traffic sampled:    9352384 updates
  Estimated attack packets:  299276288 (×32 sampling factor)
  Sketch overhead:           ~1.56% of fast-path cycles
  Memory efficiency:         O(1) constant, 384.1 KB per worker

[MULTIPLE DETECTION STATISTICS]
=== Aggregate Detection Analysis ===

  Total detection events:    610
  Average detection latency: 51.38 ms
  Min detection latency:     50.22 ms
  Max detection latency:     201.31 ms
  Latency range:             151.08 ms

  Detection Latency Histogram:
    < 20 ms:  0 detections (0.0%)
    20-30 ms: 0 detections (0.0%)
    30-40 ms: 0 detections (0.0%)
    40-50 ms: 0 detections (0.0%)
    > 50 ms:  609 detections (99.8%)

[PERFORMANCE METRICS]
  Throughput:         1.38 Gbps (1.92 Mpps)
  Cycles available:   1558 cycles/pkt (lower = higher load)
  Active IPs:         0
  Worker threads:     14 (lcores 1-14)

[DPDK NIC STATISTICS]
  RX packets (NIC):   60218883
  RX dropped (HW):    [0m0[0m (imissed)
  RX no mbufs:        [0m0[0m (buffer exhaustion)
  RX errors:          0
  Total drops:        [0m0 (0.00%)[0m
  RX burst calls:     19412256210 (99.7% empty)
  Processed pkts:     60219399 (100.0% of NIC RX)


╔═══════════════════════════════════════════════════════════════════════╗
║          MIRA DDoS DETECTOR - STATISTICS (MULTI-CORE)                ║
╚═══════════════════════════════════════════════════════════════════════╝

[PACKET COUNTERS - GLOBAL]
  Total packets:      69824317
  Baseline (10.10.2.x): 0 (0.0%)
  Attack (10.10.3.x): 69824317 (100.0%)
  TCP packets:        0
  UDP packets:        69824317
  ICMP packets:       0

[INSTANTANEOUS TRAFFIC - Last 5.0 seconds]
  Baseline (10.10.2.x): 0 pkts (0.0%)  0 bytes  0.00 Gbps
  Attack (10.10.3.x): 9604812 pkts (100.0%)  864433080 bytes  1.38 Gbps
  Total throughput:   1.38 Gbps  (avg pkt: 90 bytes)

[CUMULATIVE TRAFFIC - Since first packet (36.4s)]
  Total received:     69824317 pkts (1.92 Mpps) | 1.38 Gbps | 6284188530 bytes

[ATTACK-SPECIFIC COUNTERS]
  SYN packets:        0
  SYN-ACK packets:    0
  SYN/ACK ratio:      0.00
  HTTP requests:      0
  DNS queries:        0

[PROTOCOL-SPECIFIC COUNTERS - CIC-DDoS-2019 Features]
  NTP Amplification:
    Monlist queries:  69824317
    Responses:        0  (avg size: 0 bytes)
  DNS Amplification:
    ANY queries:      0
    TXT queries:      0
    Responses:        0  (avg size: 0 bytes)
  SNMP Amplification:
    GetBulk requests: 0
    Responses:        0  (avg size: 0 bytes)
  SSDP:
    M-SEARCH packets: 0
    Responses:        0
  PortMapper:
    GETPORT calls:    0
    DUMP calls:       0
  NetBIOS:
    Name queries:     0
    Datagram packets: 0
  LDAP:
    Bind requests:    0
    Search requests:  0
  MSSQL:
    SQLBatch packets: 0
    RPC packets:      0
  TFTP:
    RRQ (read) pkts:  0
    WRQ (write) pkts: 0

[ATTACK DETECTIONS - Cumulative Events]
  UDP flood events:   706
  UDP-lag events:     0
  SYN flood events:   0
  HTTP flood events:  0
  ICMP flood events:  0
  DNS amp events:     0
  NTP amp events:     706
  SNMP amp events:    0
  SSDP events:        0
  PortMap events:     0
  NetBIOS events:     0
  LDAP events:        0
  MSSQL events:       0
  TFTP events:        0
  ACK flood events:   0
  Frag attack events: 0
  Packet flood events:0
  (Note: Events count IPs exceeding thresholds per 50ms window)

[ALERT STATUS]
  Alert level:        [1;31mHIGH[0m
  Reason:             [1;31mUDP FLOOD detected: 14324232 UDP pps | NTP AMP detected: 1919447 qps | [0m

[MULTI-LF (2025) COMPARISON]
=== Detection Performance vs ML-Based System ===

  First Detection Latency:   147.16 ms (vs MULTI-LF: 866 ms)
    Improvement:             5.9× faster

  Packets until detection:   0
  Bytes until detection:     0 (0.00 MB)

[OCTOSKETCH METRICS - Optimized Architecture]
=== Per-Worker Sketches + Sampling (1/32 packets) ===

  Architecture:              Per-worker (NO atomics, NO contention)
  Total sketch memory:       5377 KB (14 workers × 384.1 KB)
  Sampling rate:             1 in 32 packets (3.1% overhead)
  Attack traffic sampled:    9353216 updates
  Estimated attack packets:  299302912 (×32 sampling factor)
  Sketch overhead:           ~1.56% of fast-path cycles
  Memory efficiency:         O(1) constant, 384.1 KB per worker

[MULTIPLE DETECTION STATISTICS]
=== Aggregate Detection Analysis ===

  Total detection events:    706
  Average detection latency: 51.51 ms
  Min detection latency:     50.22 ms
  Max detection latency:     251.52 ms
  Latency range:             201.30 ms

  Detection Latency Histogram:
    < 20 ms:  0 detections (0.0%)
    20-30 ms: 0 detections (0.0%)
    30-40 ms: 0 detections (0.0%)
    40-50 ms: 0 detections (0.0%)
    > 50 ms:  705 detections (99.9%)

[PERFORMANCE METRICS]
  Throughput:         1.38 Gbps (1.92 Mpps)
  Cycles available:   1558 cycles/pkt (lower = higher load)
  Active IPs:         0
  Worker threads:     14 (lcores 1-14)

[DPDK NIC STATISTICS]
  RX packets (NIC):   69823781
  RX dropped (HW):    [0m0[0m (imissed)
  RX no mbufs:        [0m0[0m (buffer exhaustion)
  RX errors:          0
  Total drops:        [0m0 (0.00%)[0m
  RX burst calls:     21287043276 (99.7% empty)
  Processed pkts:     69824317 (100.0% of NIC RX)


╔═══════════════════════════════════════════════════════════════════════╗
║          MIRA DDoS DETECTOR - STATISTICS (MULTI-CORE)                ║
╚═══════════════════════════════════════════════════════════════════════╝

[PACKET COUNTERS - GLOBAL]
  Total packets:      79431284
  Baseline (10.10.2.x): 0 (0.0%)
  Attack (10.10.3.x): 79431284 (100.0%)
  TCP packets:        0
  UDP packets:        79431284
  ICMP packets:       0

[INSTANTANEOUS TRAFFIC - Last 5.0 seconds]
  Baseline (10.10.2.x): 0 pkts (0.0%)  0 bytes  0.00 Gbps
  Attack (10.10.3.x): 9606860 pkts (100.0%)  864617490 bytes  1.38 Gbps
  Total throughput:   1.38 Gbps  (avg pkt: 90 bytes)

[CUMULATIVE TRAFFIC - Since first packet (41.4s)]
  Total received:     79431284 pkts (1.92 Mpps) | 1.38 Gbps | 7148815560 bytes

[ATTACK-SPECIFIC COUNTERS]
  SYN packets:        0
  SYN-ACK packets:    0
  SYN/ACK ratio:      0.00
  HTTP requests:      0
  DNS queries:        0

[PROTOCOL-SPECIFIC COUNTERS - CIC-DDoS-2019 Features]
  NTP Amplification:
    Monlist queries:  79431284
    Responses:        0  (avg size: 0 bytes)
  DNS Amplification:
    ANY queries:      0
    TXT queries:      0
    Responses:        0  (avg size: 0 bytes)
  SNMP Amplification:
    GetBulk requests: 0
    Responses:        0  (avg size: 0 bytes)
  SSDP:
    M-SEARCH packets: 0
    Responses:        0
  PortMapper:
    GETPORT calls:    0
    DUMP calls:       0
  NetBIOS:
    Name queries:     0
    Datagram packets: 0
  LDAP:
    Bind requests:    0
    Search requests:  0
  MSSQL:
    SQLBatch packets: 0
    RPC packets:      0
  TFTP:
    RRQ (read) pkts:  0
    WRQ (write) pkts: 0

[ATTACK DETECTIONS - Cumulative Events]
  UDP flood events:   802
  UDP-lag events:     0
  SYN flood events:   0
  HTTP flood events:  0
  ICMP flood events:  0
  DNS amp events:     0
  NTP amp events:     802
  SNMP amp events:    0
  SSDP events:        0
  PortMap events:     0
  NetBIOS events:     0
  LDAP events:        0
  MSSQL events:       0
  TFTP events:        0
  ACK flood events:   0
  Frag attack events: 0
  Packet flood events:0
  (Note: Events count IPs exceeding thresholds per 50ms window)

[ALERT STATUS]
  Alert level:        [1;31mHIGH[0m
  Reason:             [1;31mUDP FLOOD detected: 16454854 UDP pps | NTP AMP detected: 1919785 qps | [0m

[MULTI-LF (2025) COMPARISON]
=== Detection Performance vs ML-Based System ===

  First Detection Latency:   147.16 ms (vs MULTI-LF: 866 ms)
    Improvement:             5.9× faster

  Packets until detection:   0
  Bytes until detection:     0 (0.00 MB)

[OCTOSKETCH METRICS - Optimized Architecture]
=== Per-Worker Sketches + Sampling (1/32 packets) ===

  Architecture:              Per-worker (NO atomics, NO contention)
  Total sketch memory:       5377 KB (14 workers × 384.1 KB)
  Sampling rate:             1 in 32 packets (3.1% overhead)
  Attack traffic sampled:    9257696 updates
  Estimated attack packets:  296246272 (×32 sampling factor)
  Sketch overhead:           ~1.56% of fast-path cycles
  Memory efficiency:         O(1) constant, 384.1 KB per worker

[MULTIPLE DETECTION STATISTICS]
=== Aggregate Detection Analysis ===

  Total detection events:    802
  Average detection latency: 51.55 ms
  Min detection latency:     50.22 ms
  Max detection latency:     251.52 ms
  Latency range:             201.30 ms

  Detection Latency Histogram:
    < 20 ms:  0 detections (0.0%)
    20-30 ms: 0 detections (0.0%)
    30-40 ms: 0 detections (0.0%)
    40-50 ms: 0 detections (0.0%)
    > 50 ms:  801 detections (99.9%)

[PERFORMANCE METRICS]
  Throughput:         1.38 Gbps (1.92 Mpps)
  Cycles available:   1557 cycles/pkt (lower = higher load)
  Active IPs:         0
  Worker threads:     14 (lcores 1-14)

[DPDK NIC STATISTICS]
  RX packets (NIC):   79430748
  RX dropped (HW):    [0m0[0m (imissed)
  RX no mbufs:        [0m0[0m (buffer exhaustion)
  RX errors:          0
  Total drops:        [0m0 (0.00%)[0m
  RX burst calls:     23169028974 (99.7% empty)
  Processed pkts:     79431284 (100.0% of NIC RX)


╔═══════════════════════════════════════════════════════════════════════╗
║          MIRA DDoS DETECTOR - STATISTICS (MULTI-CORE)                ║
╚═══════════════════════════════════════════════════════════════════════╝

[PACKET COUNTERS - GLOBAL]
  Total packets:      89037005
  Baseline (10.10.2.x): 0 (0.0%)
  Attack (10.10.3.x): 89037005 (100.0%)
  TCP packets:        0
  UDP packets:        89037005
  ICMP packets:       0

[INSTANTANEOUS TRAFFIC - Last 5.0 seconds]
  Baseline (10.10.2.x): 0 pkts (0.0%)  0 bytes  0.00 Gbps
  Attack (10.10.3.x): 9605616 pkts (100.0%)  864505440 bytes  1.38 Gbps
  Total throughput:   1.38 Gbps  (avg pkt: 90 bytes)

[CUMULATIVE TRAFFIC - Since first packet (46.4s)]
  Total received:     89037005 pkts (1.92 Mpps) | 1.38 Gbps | 8013330450 bytes

[ATTACK-SPECIFIC COUNTERS]
  SYN packets:        0
  SYN-ACK packets:    0
  SYN/ACK ratio:      0.00
  HTTP requests:      0
  DNS queries:        0

[PROTOCOL-SPECIFIC COUNTERS - CIC-DDoS-2019 Features]
  NTP Amplification:
    Monlist queries:  89037005
    Responses:        0  (avg size: 0 bytes)
  DNS Amplification:
    ANY queries:      0
    TXT queries:      0
    Responses:        0  (avg size: 0 bytes)
  SNMP Amplification:
    GetBulk requests: 0
    Responses:        0  (avg size: 0 bytes)
  SSDP:
    M-SEARCH packets: 0
    Responses:        0
  PortMapper:
    GETPORT calls:    0
    DUMP calls:       0
  NetBIOS:
    Name queries:     0
    Datagram packets: 0
  LDAP:
    Bind requests:    0
    Search requests:  0
  MSSQL:
    SQLBatch packets: 0
    RPC packets:      0
  TFTP:
    RRQ (read) pkts:  0
    WRQ (write) pkts: 0

[ATTACK DETECTIONS - Cumulative Events]
  UDP flood events:   898
  UDP-lag events:     0
  SYN flood events:   0
  HTTP flood events:  0
  ICMP flood events:  0
  DNS amp events:     0
  NTP amp events:     898
  SNMP amp events:    0
  SSDP events:        0
  PortMap events:     0
  NetBIOS events:     0
  LDAP events:        0
  MSSQL events:       0
  TFTP events:        0
  ACK flood events:   0
  Frag attack events: 0
  Packet flood events:0
  (Note: Events count IPs exceeding thresholds per 50ms window)

[ALERT STATUS]
  Alert level:        [1;31mHIGH[0m
  Reason:             [1;31mUDP FLOOD detected: 18454839 UDP pps | NTP AMP detected: 1919799 qps | [0m

[MULTI-LF (2025) COMPARISON]
=== Detection Performance vs ML-Based System ===

  First Detection Latency:   147.16 ms (vs MULTI-LF: 866 ms)
    Improvement:             5.9× faster

  Packets until detection:   0
  Bytes until detection:     0 (0.00 MB)

[OCTOSKETCH METRICS - Optimized Architecture]
=== Per-Worker Sketches + Sampling (1/32 packets) ===

  Architecture:              Per-worker (NO atomics, NO contention)
  Total sketch memory:       5377 KB (14 workers × 384.1 KB)
  Sampling rate:             1 in 32 packets (3.1% overhead)
  Attack traffic sampled:    9257728 updates
  Estimated attack packets:  296247296 (×32 sampling factor)
  Sketch overhead:           ~1.56% of fast-path cycles
  Memory efficiency:         O(1) constant, 384.1 KB per worker

[MULTIPLE DETECTION STATISTICS]
=== Aggregate Detection Analysis ===

  Total detection events:    898
  Average detection latency: 51.63 ms
  Min detection latency:     50.22 ms
  Max detection latency:     251.52 ms
  Latency range:             201.30 ms

  Detection Latency Histogram:
    < 20 ms:  0 detections (0.0%)
    20-30 ms: 0 detections (0.0%)
    30-40 ms: 0 detections (0.0%)
    40-50 ms: 0 detections (0.0%)
    > 50 ms:  897 detections (99.9%)

[PERFORMANCE METRICS]
  Throughput:         1.38 Gbps (1.92 Mpps)
  Cycles available:   1558 cycles/pkt (lower = higher load)
  Active IPs:         0
  Worker threads:     14 (lcores 1-14)

[DPDK NIC STATISTICS]
  RX packets (NIC):   89036483
  RX dropped (HW):    [0m0[0m (imissed)
  RX no mbufs:        [0m0[0m (buffer exhaustion)
  RX errors:          0
  Total drops:        [0m0 (0.00%)[0m
  RX burst calls:     25050643004 (99.7% empty)
  Processed pkts:     89037005 (100.0% of NIC RX)


╔═══════════════════════════════════════════════════════════════════════╗
║          MIRA DDoS DETECTOR - STATISTICS (MULTI-CORE)                ║
╚═══════════════════════════════════════════════════════════════════════╝

[PACKET COUNTERS - GLOBAL]
  Total packets:      98643934
  Baseline (10.10.2.x): 0 (0.0%)
  Attack (10.10.3.x): 98643934 (100.0%)
  TCP packets:        0
  UDP packets:        98643934
  ICMP packets:       0

[INSTANTANEOUS TRAFFIC - Last 5.0 seconds]
  Baseline (10.10.2.x): 0 pkts (0.0%)  0 bytes  0.00 Gbps
  Attack (10.10.3.x): 9606817 pkts (100.0%)  864613440 bytes  1.38 Gbps
  Total throughput:   1.38 Gbps  (avg pkt: 90 bytes)

[CUMULATIVE TRAFFIC - Since first packet (51.4s)]
  Total received:     98643934 pkts (1.92 Mpps) | 1.38 Gbps | 8877954060 bytes

[ATTACK-SPECIFIC COUNTERS]
  SYN packets:        0
  SYN-ACK packets:    0
  SYN/ACK ratio:      0.00
  HTTP requests:      0
  DNS queries:        0

[PROTOCOL-SPECIFIC COUNTERS - CIC-DDoS-2019 Features]
  NTP Amplification:
    Monlist queries:  98643934
    Responses:        0  (avg size: 0 bytes)
  DNS Amplification:
    ANY queries:      0
    TXT queries:      0
    Responses:        0  (avg size: 0 bytes)
  SNMP Amplification:
    GetBulk requests: 0
    Responses:        0  (avg size: 0 bytes)
  SSDP:
    M-SEARCH packets: 0
    Responses:        0
  PortMapper:
    GETPORT calls:    0
    DUMP calls:       0
  NetBIOS:
    Name queries:     0
    Datagram packets: 0
  LDAP:
    Bind requests:    0
    Search requests:  0
  MSSQL:
    SQLBatch packets: 0
    RPC packets:      0
  TFTP:
    RRQ (read) pkts:  0
    WRQ (write) pkts: 0

[ATTACK DETECTIONS - Cumulative Events]
  UDP flood events:   995
  UDP-lag events:     0
  SYN flood events:   0
  HTTP flood events:  0
  ICMP flood events:  0
  DNS amp events:     0
  NTP amp events:     995
  SNMP amp events:    0
  SSDP events:        0
  PortMap events:     0
  NetBIOS events:     0
  LDAP events:        0
  MSSQL events:       0
  TFTP events:        0
  ACK flood events:   0
  Frag attack events: 0
  Packet flood events:0
  (Note: Events count IPs exceeding thresholds per 50ms window)

[ALERT STATUS]
  Alert level:        [1;31mHIGH[0m
  Reason:             [1;31mUDP FLOOD detected: 20455025 UDP pps | NTP AMP detected: 1920040 qps | [0m

[MULTI-LF (2025) COMPARISON]
=== Detection Performance vs ML-Based System ===

  First Detection Latency:   147.16 ms (vs MULTI-LF: 866 ms)
    Improvement:             5.9× faster

  Packets until detection:   0
  Bytes until detection:     0 (0.00 MB)

[OCTOSKETCH METRICS - Optimized Architecture]
=== Per-Worker Sketches + Sampling (1/32 packets) ===

  Architecture:              Per-worker (NO atomics, NO contention)
  Total sketch memory:       5377 KB (14 workers × 384.1 KB)
  Sampling rate:             1 in 32 packets (3.1% overhead)
  Attack traffic sampled:    9258848 updates
  Estimated attack packets:  296283136 (×32 sampling factor)
  Sketch overhead:           ~1.56% of fast-path cycles
  Memory efficiency:         O(1) constant, 384.1 KB per worker

[MULTIPLE DETECTION STATISTICS]
=== Aggregate Detection Analysis ===

  Total detection events:    995
  Average detection latency: 51.65 ms
  Min detection latency:     50.22 ms
  Max detection latency:     251.52 ms
  Latency range:             201.30 ms

  Detection Latency Histogram:
    < 20 ms:  0 detections (0.0%)
    20-30 ms: 0 detections (0.0%)
    30-40 ms: 0 detections (0.0%)
    40-50 ms: 0 detections (0.0%)
    > 50 ms:  994 detections (99.9%)

[PERFORMANCE METRICS]
  Throughput:         1.38 Gbps (1.92 Mpps)
  Cycles available:   1557 cycles/pkt (lower = higher load)
  Active IPs:         0
  Worker threads:     14 (lcores 1-14)

[DPDK NIC STATISTICS]
  RX packets (NIC):   98643388
  RX dropped (HW):    [0m0[0m (imissed)
  RX no mbufs:        [0m0[0m (buffer exhaustion)
  RX errors:          0
  Total drops:        [0m0 (0.00%)[0m
  RX burst calls:     26931947932 (99.7% empty)
  Processed pkts:     98643934 (100.0% of NIC RX)


╔═══════════════════════════════════════════════════════════════════════╗
║          MIRA DDoS DETECTOR - STATISTICS (MULTI-CORE)                ║
╚═══════════════════════════════════════════════════════════════════════╝

[PACKET COUNTERS - GLOBAL]
  Total packets:      108248079
  Baseline (10.10.2.x): 0 (0.0%)
  Attack (10.10.3.x): 108248079 (100.0%)
  TCP packets:        0
  UDP packets:        108248079
  ICMP packets:       0

[INSTANTANEOUS TRAFFIC - Last 5.0 seconds]
  Baseline (10.10.2.x): 0 pkts (0.0%)  0 bytes  0.00 Gbps
  Attack (10.10.3.x): 9604052 pkts (100.0%)  864364680 bytes  1.38 Gbps
  Total throughput:   1.38 Gbps  (avg pkt: 90 bytes)

[CUMULATIVE TRAFFIC - Since first packet (56.4s)]
  Total received:     108248079 pkts (1.92 Mpps) | 1.38 Gbps | 9742327110 bytes

[ATTACK-SPECIFIC COUNTERS]
  SYN packets:        0
  SYN-ACK packets:    0
  SYN/ACK ratio:      0.00
  HTTP requests:      0
  DNS queries:        0

[PROTOCOL-SPECIFIC COUNTERS - CIC-DDoS-2019 Features]
  NTP Amplification:
    Monlist queries:  108248079
    Responses:        0  (avg size: 0 bytes)
  DNS Amplification:
    ANY queries:      0
    TXT queries:      0
    Responses:        0  (avg size: 0 bytes)
  SNMP Amplification:
    GetBulk requests: 0
    Responses:        0  (avg size: 0 bytes)
  SSDP:
    M-SEARCH packets: 0
    Responses:        0
  PortMapper:
    GETPORT calls:    0
    DUMP calls:       0
  NetBIOS:
    Name queries:     0
    Datagram packets: 0
  LDAP:
    Bind requests:    0
    Search requests:  0
  MSSQL:
    SQLBatch packets: 0
    RPC packets:      0
  TFTP:
    RRQ (read) pkts:  0
    WRQ (write) pkts: 0

[ATTACK DETECTIONS - Cumulative Events]
  UDP flood events:   1091
  UDP-lag events:     0
  SYN flood events:   0
  HTTP flood events:  0
  ICMP flood events:  0
  DNS amp events:     0
  NTP amp events:     1091
  SNMP amp events:    0
  SSDP events:        0
  PortMap events:     0
  NetBIOS events:     0
  LDAP events:        0
  MSSQL events:       0
  TFTP events:        0
  ACK flood events:   0
  Frag attack events: 0
  Packet flood events:0
  (Note: Events count IPs exceeding thresholds per 50ms window)

[ALERT STATUS]
  Alert level:        [1;31mHIGH[0m
  Reason:             [1;31mUDP FLOOD detected: 22670669 UDP pps | NTP AMP detected: 1919563 qps | [0m

[MULTI-LF (2025) COMPARISON]
=== Detection Performance vs ML-Based System ===

  First Detection Latency:   147.16 ms (vs MULTI-LF: 866 ms)
    Improvement:             5.9× faster

  Packets until detection:   0
  Bytes until detection:     0 (0.00 MB)

[OCTOSKETCH METRICS - Optimized Architecture]
=== Per-Worker Sketches + Sampling (1/32 packets) ===

  Architecture:              Per-worker (NO atomics, NO contention)
  Total sketch memory:       5377 KB (14 workers × 384.1 KB)
  Sampling rate:             1 in 32 packets (3.1% overhead)
  Attack traffic sampled:    9160096 updates
  Estimated attack packets:  293123072 (×32 sampling factor)
  Sketch overhead:           ~1.56% of fast-path cycles
  Memory efficiency:         O(1) constant, 384.1 KB per worker

[MULTIPLE DETECTION STATISTICS]
=== Aggregate Detection Analysis ===

  Total detection events:    1091
  Average detection latency: 51.66 ms
  Min detection latency:     50.22 ms
  Max detection latency:     251.52 ms
  Latency range:             201.30 ms

  Detection Latency Histogram:
    < 20 ms:  0 detections (0.0%)
    20-30 ms: 0 detections (0.0%)
    30-40 ms: 0 detections (0.0%)
    40-50 ms: 0 detections (0.0%)
    > 50 ms:  1090 detections (99.9%)

[PERFORMANCE METRICS]
  Throughput:         1.38 Gbps (1.92 Mpps)
  Cycles available:   1558 cycles/pkt (lower = higher load)
  Active IPs:         0
  Worker threads:     14 (lcores 1-14)

[DPDK NIC STATISTICS]
  RX packets (NIC):   108247557
  RX dropped (HW):    [0m0[0m (imissed)
  RX no mbufs:        [0m0[0m (buffer exhaustion)
  RX errors:          0
  Total drops:        [0m0 (0.00%)[0m
  RX burst calls:     28812975758 (99.6% empty)
  Processed pkts:     108248079 (100.0% of NIC RX)


╔═══════════════════════════════════════════════════════════════════════╗
║          MIRA DDoS DETECTOR - STATISTICS (MULTI-CORE)                ║
╚═══════════════════════════════════════════════════════════════════════╝

[PACKET COUNTERS - GLOBAL]
  Total packets:      117855267
  Baseline (10.10.2.x): 0 (0.0%)
  Attack (10.10.3.x): 117855267 (100.0%)
  TCP packets:        0
  UDP packets:        117855267
  ICMP packets:       0

[INSTANTANEOUS TRAFFIC - Last 5.0 seconds]
  Baseline (10.10.2.x): 0 pkts (0.0%)  0 bytes  0.00 Gbps
  Attack (10.10.3.x): 9607087 pkts (100.0%)  864637830 bytes  1.38 Gbps
  Total throughput:   1.38 Gbps  (avg pkt: 90 bytes)

[CUMULATIVE TRAFFIC - Since first packet (61.4s)]
  Total received:     117855267 pkts (1.92 Mpps) | 1.38 Gbps | 10606974030 bytes

[ATTACK-SPECIFIC COUNTERS]
  SYN packets:        0
  SYN-ACK packets:    0
  SYN/ACK ratio:      0.00
  HTTP requests:      0
  DNS queries:        0

[PROTOCOL-SPECIFIC COUNTERS - CIC-DDoS-2019 Features]
  NTP Amplification:
    Monlist queries:  117855267
    Responses:        0  (avg size: 0 bytes)
  DNS Amplification:
    ANY queries:      0
    TXT queries:      0
    Responses:        0  (avg size: 0 bytes)
  SNMP Amplification:
    GetBulk requests: 0
    Responses:        0  (avg size: 0 bytes)
  SSDP:
    M-SEARCH packets: 0
    Responses:        0
  PortMapper:
    GETPORT calls:    0
    DUMP calls:       0
  NetBIOS:
    Name queries:     0
    Datagram packets: 0
  LDAP:
    Bind requests:    0
    Search requests:  0
  MSSQL:
    SQLBatch packets: 0
    RPC packets:      0
  TFTP:
    RRQ (read) pkts:  0
    WRQ (write) pkts: 0

[ATTACK DETECTIONS - Cumulative Events]
  UDP flood events:   1187
  UDP-lag events:     0
  SYN flood events:   0
  HTTP flood events:  0
  ICMP flood events:  0
  DNS amp events:     0
  NTP amp events:     1187
  SNMP amp events:    0
  SSDP events:        0
  PortMap events:     0
  NetBIOS events:     0
  LDAP events:        0
  MSSQL events:       0
  TFTP events:        0
  ACK flood events:   0
  Frag attack events: 0
  Packet flood events:0
  (Note: Events count IPs exceeding thresholds per 50ms window)

[ALERT STATUS]
  Alert level:        [1;31mHIGH[0m
  Reason:             [1;31mUDP FLOOD detected: 24691372 UDP pps | NTP AMP detected: 1919954 qps | [0m

[MULTI-LF (2025) COMPARISON]
=== Detection Performance vs ML-Based System ===

  First Detection Latency:   147.16 ms (vs MULTI-LF: 866 ms)
    Improvement:             5.9× faster

  Packets until detection:   0
  Bytes until detection:     0 (0.00 MB)

[OCTOSKETCH METRICS - Optimized Architecture]
=== Per-Worker Sketches + Sampling (1/32 packets) ===

  Architecture:              Per-worker (NO atomics, NO contention)
  Total sketch memory:       5377 KB (14 workers × 384.1 KB)
  Sampling rate:             1 in 32 packets (3.1% overhead)
  Attack traffic sampled:    9162176 updates
  Estimated attack packets:  293189632 (×32 sampling factor)
  Sketch overhead:           ~1.56% of fast-path cycles
  Memory efficiency:         O(1) constant, 384.1 KB per worker

[MULTIPLE DETECTION STATISTICS]
=== Aggregate Detection Analysis ===

  Total detection events:    1187
  Average detection latency: 51.72 ms
  Min detection latency:     50.22 ms
  Max detection latency:     251.52 ms
  Latency range:             201.30 ms

  Detection Latency Histogram:
    < 20 ms:  0 detections (0.0%)
    20-30 ms: 0 detections (0.0%)
    30-40 ms: 0 detections (0.0%)
    40-50 ms: 0 detections (0.0%)
    > 50 ms:  1186 detections (99.9%)

[PERFORMANCE METRICS]
  Throughput:         1.38 Gbps (1.92 Mpps)
  Cycles available:   1557 cycles/pkt (lower = higher load)
  Active IPs:         0
  Worker threads:     14 (lcores 1-14)

[DPDK NIC STATISTICS]
  RX packets (NIC):   117854717
  RX dropped (HW):    [0m0[0m (imissed)
  RX no mbufs:        [0m0[0m (buffer exhaustion)
  RX errors:          0
  Total drops:        [0m0 (0.00%)[0m
  RX burst calls:     30693875866 (99.6% empty)
  Processed pkts:     117855267 (100.0% of NIC RX)


╔═══════════════════════════════════════════════════════════════════════╗
║          MIRA DDoS DETECTOR - STATISTICS (MULTI-CORE)                ║
╚═══════════════════════════════════════════════════════════════════════╝

[PACKET COUNTERS - GLOBAL]
  Total packets:      127459328
  Baseline (10.10.2.x): 0 (0.0%)
  Attack (10.10.3.x): 127459328 (100.0%)
  TCP packets:        0
  UDP packets:        127459328
  ICMP packets:       0

[INSTANTANEOUS TRAFFIC - Last 5.0 seconds]
  Baseline (10.10.2.x): 0 pkts (0.0%)  0 bytes  0.00 Gbps
  Attack (10.10.3.x): 9603973 pkts (100.0%)  864357570 bytes  1.38 Gbps
  Total throughput:   1.38 Gbps  (avg pkt: 90 bytes)

[CUMULATIVE TRAFFIC - Since first packet (66.4s)]
  Total received:     127459328 pkts (1.92 Mpps) | 1.38 Gbps | 11471339520 bytes

[ATTACK-SPECIFIC COUNTERS]
  SYN packets:        0
  SYN-ACK packets:    0
  SYN/ACK ratio:      0.00
  HTTP requests:      0
  DNS queries:        0

[PROTOCOL-SPECIFIC COUNTERS - CIC-DDoS-2019 Features]
  NTP Amplification:
    Monlist queries:  127459328
    Responses:        0  (avg size: 0 bytes)
  DNS Amplification:
    ANY queries:      0
    TXT queries:      0
    Responses:        0  (avg size: 0 bytes)
  SNMP Amplification:
    GetBulk requests: 0
    Responses:        0  (avg size: 0 bytes)
  SSDP:
    M-SEARCH packets: 0
    Responses:        0
  PortMapper:
    GETPORT calls:    0
    DUMP calls:       0
  NetBIOS:
    Name queries:     0
    Datagram packets: 0
  LDAP:
    Bind requests:    0
    Search requests:  0
  MSSQL:
    SQLBatch packets: 0
    RPC packets:      0
  TFTP:
    RRQ (read) pkts:  0
    WRQ (write) pkts: 0

[ATTACK DETECTIONS - Cumulative Events]
  UDP flood events:   1283
  UDP-lag events:     0
  SYN flood events:   0
  HTTP flood events:  0
  ICMP flood events:  0
  DNS amp events:     0
  NTP amp events:     1283
  SNMP amp events:    0
  SSDP events:        0
  PortMap events:     0
  NetBIOS events:     0
  LDAP events:        0
  MSSQL events:       0
  TFTP events:        0
  ACK flood events:   0
  Frag attack events: 0
  Packet flood events:0
  (Note: Events count IPs exceeding thresholds per 50ms window)

[ALERT STATUS]
  Alert level:        [1;31mHIGH[0m
  Reason:             [1;31mUDP FLOOD detected: 26975984 UDP pps | NTP AMP detected: 1919484 qps | [0m

[MULTI-LF (2025) COMPARISON]
=== Detection Performance vs ML-Based System ===

  First Detection Latency:   147.16 ms (vs MULTI-LF: 866 ms)
    Improvement:             5.9× faster

  Packets until detection:   0
  Bytes until detection:     0 (0.00 MB)

[OCTOSKETCH METRICS - Optimized Architecture]
=== Per-Worker Sketches + Sampling (1/32 packets) ===

  Architecture:              Per-worker (NO atomics, NO contention)
  Total sketch memory:       5377 KB (14 workers × 384.1 KB)
  Sampling rate:             1 in 32 packets (3.1% overhead)
  Attack traffic sampled:    9063360 updates
  Estimated attack packets:  290027520 (×32 sampling factor)
  Sketch overhead:           ~1.56% of fast-path cycles
  Memory efficiency:         O(1) constant, 384.1 KB per worker

[MULTIPLE DETECTION STATISTICS]
=== Aggregate Detection Analysis ===

  Total detection events:    1283
  Average detection latency: 51.72 ms
  Min detection latency:     50.22 ms
  Max detection latency:     251.52 ms
  Latency range:             201.30 ms

  Detection Latency Histogram:
    < 20 ms:  0 detections (0.0%)
    20-30 ms: 0 detections (0.0%)
    30-40 ms: 0 detections (0.0%)
    40-50 ms: 0 detections (0.0%)
    > 50 ms:  1282 detections (99.9%)

[PERFORMANCE METRICS]
  Throughput:         1.38 Gbps (1.92 Mpps)
  Cycles available:   1558 cycles/pkt (lower = higher load)
  Active IPs:         0
  Worker threads:     14 (lcores 1-14)

[DPDK NIC STATISTICS]
  RX packets (NIC):   127458786
  RX dropped (HW):    [0m0[0m (imissed)
  RX no mbufs:        [0m0[0m (buffer exhaustion)
  RX errors:          0
  Total drops:        [0m0 (0.00%)[0m
  RX burst calls:     32574425662 (99.6% empty)
  Processed pkts:     127459328 (100.0% of NIC RX)


╔═══════════════════════════════════════════════════════════════════════╗
║          MIRA DDoS DETECTOR - STATISTICS (MULTI-CORE)                ║
╚═══════════════════════════════════════════════════════════════════════╝

[PACKET COUNTERS - GLOBAL]
  Total packets:      137064961
  Baseline (10.10.2.x): 0 (0.0%)
  Attack (10.10.3.x): 137064961 (100.0%)
  TCP packets:        0
  UDP packets:        137064961
  ICMP packets:       0

[INSTANTANEOUS TRAFFIC - Last 5.0 seconds]
  Baseline (10.10.2.x): 0 pkts (0.0%)  0 bytes  0.00 Gbps
  Attack (10.10.3.x): 9605534 pkts (100.0%)  864498060 bytes  1.38 Gbps
  Total throughput:   1.38 Gbps  (avg pkt: 90 bytes)

[CUMULATIVE TRAFFIC - Since first packet (71.4s)]
  Total received:     137064961 pkts (1.92 Mpps) | 1.38 Gbps | 12335846490 bytes

[ATTACK-SPECIFIC COUNTERS]
  SYN packets:        0
  SYN-ACK packets:    0
  SYN/ACK ratio:      0.00
  HTTP requests:      0
  DNS queries:        0

[PROTOCOL-SPECIFIC COUNTERS - CIC-DDoS-2019 Features]
  NTP Amplification:
    Monlist queries:  137064961
    Responses:        0  (avg size: 0 bytes)
  DNS Amplification:
    ANY queries:      0
    TXT queries:      0
    Responses:        0  (avg size: 0 bytes)
  SNMP Amplification:
    GetBulk requests: 0
    Responses:        0  (avg size: 0 bytes)
  SSDP:
    M-SEARCH packets: 0
    Responses:        0
  PortMapper:
    GETPORT calls:    0
    DUMP calls:       0
  NetBIOS:
    Name queries:     0
    Datagram packets: 0
  LDAP:
    Bind requests:    0
    Search requests:  0
  MSSQL:
    SQLBatch packets: 0
    RPC packets:      0
  TFTP:
    RRQ (read) pkts:  0
    WRQ (write) pkts: 0

[ATTACK DETECTIONS - Cumulative Events]
  UDP flood events:   1379
  UDP-lag events:     0
  SYN flood events:   0
  HTTP flood events:  0
  ICMP flood events:  0
  DNS amp events:     0
  NTP amp events:     1379
  SNMP amp events:    0
  SSDP events:        0
  PortMap events:     0
  NetBIOS events:     0
  LDAP events:        0
  MSSQL events:       0
  TFTP events:        0
  ACK flood events:   0
  Frag attack events: 0
  Packet flood events:0
  (Note: Events count IPs exceeding thresholds per 50ms window)

[ALERT STATUS]
  Alert level:        [1;31mHIGH[0m
  Reason:             [1;31mUDP FLOOD detected: 29018432 UDP pps | NTP AMP detected: 1919682 qps | [0m

[MULTI-LF (2025) COMPARISON]
=== Detection Performance vs ML-Based System ===

  First Detection Latency:   147.16 ms (vs MULTI-LF: 866 ms)
    Improvement:             5.9× faster

  Packets until detection:   0
  Bytes until detection:     0 (0.00 MB)

[OCTOSKETCH METRICS - Optimized Architecture]
=== Per-Worker Sketches + Sampling (1/32 packets) ===

  Architecture:              Per-worker (NO atomics, NO contention)
  Total sketch memory:       5377 KB (14 workers × 384.1 KB)
  Sampling rate:             1 in 32 packets (3.1% overhead)
  Attack traffic sampled:    9064192 updates
  Estimated attack packets:  290054144 (×32 sampling factor)
  Sketch overhead:           ~1.56% of fast-path cycles
  Memory efficiency:         O(1) constant, 384.1 KB per worker

[MULTIPLE DETECTION STATISTICS]
=== Aggregate Detection Analysis ===

  Total detection events:    1379
  Average detection latency: 51.77 ms
  Min detection latency:     50.22 ms
  Max detection latency:     251.52 ms
  Latency range:             201.30 ms

  Detection Latency Histogram:
    < 20 ms:  0 detections (0.0%)
    20-30 ms: 0 detections (0.0%)
    30-40 ms: 0 detections (0.0%)
    40-50 ms: 0 detections (0.0%)
    > 50 ms:  1378 detections (99.9%)

[PERFORMANCE METRICS]
  Throughput:         1.38 Gbps (1.92 Mpps)
  Cycles available:   1558 cycles/pkt (lower = higher load)
  Active IPs:         0
  Worker threads:     14 (lcores 1-14)

[DPDK NIC STATISTICS]
  RX packets (NIC):   137064467
  RX dropped (HW):    [0m0[0m (imissed)
  RX no mbufs:        [0m0[0m (buffer exhaustion)
  RX errors:          0
  Total drops:        [0m0 (0.00%)[0m
  RX burst calls:     34454876814 (99.6% empty)
  Processed pkts:     137064961 (100.0% of NIC RX)


╔═══════════════════════════════════════════════════════════════════════╗
║          MIRA DDoS DETECTOR - STATISTICS (MULTI-CORE)                ║
╚═══════════════════════════════════════════════════════════════════════╝

[PACKET COUNTERS - GLOBAL]
  Total packets:      146668839
  Baseline (10.10.2.x): 0 (0.0%)
  Attack (10.10.3.x): 146668839 (100.0%)
  TCP packets:        0
  UDP packets:        146668839
  ICMP packets:       0

[INSTANTANEOUS TRAFFIC - Last 5.0 seconds]
  Baseline (10.10.2.x): 0 pkts (0.0%)  0 bytes  0.00 Gbps
  Attack (10.10.3.x): 9603799 pkts (100.0%)  864341910 bytes  1.38 Gbps
  Total throughput:   1.38 Gbps  (avg pkt: 90 bytes)

[CUMULATIVE TRAFFIC - Since first packet (76.4s)]
  Total received:     146668839 pkts (1.92 Mpps) | 1.38 Gbps | 13200195510 bytes

[ATTACK-SPECIFIC COUNTERS]
  SYN packets:        0
  SYN-ACK packets:    0
  SYN/ACK ratio:      0.00
  HTTP requests:      0
  DNS queries:        0

[PROTOCOL-SPECIFIC COUNTERS - CIC-DDoS-2019 Features]
  NTP Amplification:
    Monlist queries:  146668839
    Responses:        0  (avg size: 0 bytes)
  DNS Amplification:
    ANY queries:      0
    TXT queries:      0
    Responses:        0  (avg size: 0 bytes)
  SNMP Amplification:
    GetBulk requests: 0
    Responses:        0  (avg size: 0 bytes)
  SSDP:
    M-SEARCH packets: 0
    Responses:        0
  PortMapper:
    GETPORT calls:    0
    DUMP calls:       0
  NetBIOS:
    Name queries:     0
    Datagram packets: 0
  LDAP:
    Bind requests:    0
    Search requests:  0
  MSSQL:
    SQLBatch packets: 0
    RPC packets:      0
  TFTP:
    RRQ (read) pkts:  0
    WRQ (write) pkts: 0

[ATTACK DETECTIONS - Cumulative Events]
  UDP flood events:   1476
  UDP-lag events:     0
  SYN flood events:   0
  HTTP flood events:  0
  ICMP flood events:  0
  DNS amp events:     0
  NTP amp events:     1476
  SNMP amp events:    0
  SSDP events:        0
  PortMap events:     0
  NetBIOS events:     0
  LDAP events:        0
  MSSQL events:       0
  TFTP events:        0
  ACK flood events:   0
  Frag attack events: 0
  Packet flood events:0
  (Note: Events count IPs exceeding thresholds per 50ms window)

[ALERT STATUS]
  Alert level:        [1;31mHIGH[0m
  Reason:             [1;31mUDP FLOOD detected: 31060473 UDP pps | NTP AMP detected: 1919246 qps | [0m

[MULTI-LF (2025) COMPARISON]
=== Detection Performance vs ML-Based System ===

  First Detection Latency:   147.16 ms (vs MULTI-LF: 866 ms)
    Improvement:             5.9× faster

  Packets until detection:   0
  Bytes until detection:     0 (0.00 MB)

[OCTOSKETCH METRICS - Optimized Architecture]
=== Per-Worker Sketches + Sampling (1/32 packets) ===

  Architecture:              Per-worker (NO atomics, NO contention)
  Total sketch memory:       5377 KB (14 workers × 384.1 KB)
  Sampling rate:             1 in 32 packets (3.1% overhead)
  Attack traffic sampled:    9062272 updates
  Estimated attack packets:  289992704 (×32 sampling factor)
  Sketch overhead:           ~1.56% of fast-path cycles
  Memory efficiency:         O(1) constant, 384.1 KB per worker

[MULTIPLE DETECTION STATISTICS]
=== Aggregate Detection Analysis ===

  Total detection events:    1476
  Average detection latency: 51.77 ms
  Min detection latency:     50.22 ms
  Max detection latency:     251.52 ms
  Latency range:             201.30 ms

  Detection Latency Histogram:
    < 20 ms:  0 detections (0.0%)
    20-30 ms: 0 detections (0.0%)
    30-40 ms: 0 detections (0.0%)
    40-50 ms: 0 detections (0.0%)
    > 50 ms:  1475 detections (99.9%)

[PERFORMANCE METRICS]
  Throughput:         1.38 Gbps (1.92 Mpps)
  Cycles available:   1558 cycles/pkt (lower = higher load)
  Active IPs:         0
  Worker threads:     14 (lcores 1-14)

[DPDK NIC STATISTICS]
  RX packets (NIC):   146668309
  RX dropped (HW):    [0m0[0m (imissed)
  RX no mbufs:        [0m0[0m (buffer exhaustion)
  RX errors:          0
  Total drops:        [0m0 (0.00%)[0m
  RX burst calls:     36334820432 (99.6% empty)
  Processed pkts:     146668839 (100.0% of NIC RX)


╔═══════════════════════════════════════════════════════════════════════╗
║          MIRA DDoS DETECTOR - STATISTICS (MULTI-CORE)                ║
╚═══════════════════════════════════════════════════════════════════════╝

[PACKET COUNTERS - GLOBAL]
  Total packets:      156272598
  Baseline (10.10.2.x): 0 (0.0%)
  Attack (10.10.3.x): 156272598 (100.0%)
  TCP packets:        0
  UDP packets:        156272598
  ICMP packets:       0

[INSTANTANEOUS TRAFFIC - Last 5.0 seconds]
  Baseline (10.10.2.x): 0 pkts (0.0%)  0 bytes  0.00 Gbps
  Attack (10.10.3.x): 9603664 pkts (100.0%)  926785890 bytes  1.48 Gbps
  Total throughput:   1.48 Gbps  (avg pkt: 97 bytes)

[CUMULATIVE TRAFFIC - Since first packet (81.4s)]
  Total received:     156272598 pkts (1.92 Mpps) | 1.38 Gbps | 14064533820 bytes

[ATTACK-SPECIFIC COUNTERS]
  SYN packets:        0
  SYN-ACK packets:    0
  SYN/ACK ratio:      0.00
  HTTP requests:      0
  DNS queries:        0

[PROTOCOL-SPECIFIC COUNTERS - CIC-DDoS-2019 Features]
  NTP Amplification:
    Monlist queries:  156272598
    Responses:        0  (avg size: 0 bytes)
  DNS Amplification:
    ANY queries:      0
    TXT queries:      0
    Responses:        0  (avg size: 0 bytes)
  SNMP Amplification:
    GetBulk requests: 0
    Responses:        0  (avg size: 0 bytes)
  SSDP:
    M-SEARCH packets: 0
    Responses:        0
  PortMapper:
    GETPORT calls:    0
    DUMP calls:       0
  NetBIOS:
    Name queries:     0
    Datagram packets: 0
  LDAP:
    Bind requests:    0
    Search requests:  0
  MSSQL:
    SQLBatch packets: 0
    RPC packets:      0
  TFTP:
    RRQ (read) pkts:  0
    WRQ (write) pkts: 0

[ATTACK DETECTIONS - Cumulative Events]
  UDP flood events:   1572
  UDP-lag events:     0
  SYN flood events:   0
  HTTP flood events:  0
  ICMP flood events:  0
  DNS amp events:     0
  NTP amp events:     1572
  SNMP amp events:    0
  SSDP events:        0
  PortMap events:     0
  NetBIOS events:     0
  LDAP events:        0
  MSSQL events:       0
  TFTP events:        0
  ACK flood events:   0
  Frag attack events: 0
  Packet flood events:0
  (Note: Events count IPs exceeding thresholds per 50ms window)

[ALERT STATUS]
  Alert level:        [1;31mHIGH[0m
  Reason:             [1;31mUDP FLOOD detected: 33437470 UDP pps | NTP AMP detected: 1919512 qps | [0m

[MULTI-LF (2025) COMPARISON]
=== Detection Performance vs ML-Based System ===

  First Detection Latency:   147.16 ms (vs MULTI-LF: 866 ms)
    Improvement:             5.9× faster

  Packets until detection:   0
  Bytes until detection:     0 (0.00 MB)

[OCTOSKETCH METRICS - Optimized Architecture]
=== Per-Worker Sketches + Sampling (1/32 packets) ===

  Architecture:              Per-worker (NO atomics, NO contention)
  Total sketch memory:       5377 KB (14 workers × 384.1 KB)
  Sampling rate:             1 in 32 packets (3.1% overhead)
  Attack traffic sampled:    8967136 updates
  Estimated attack packets:  286948352 (×32 sampling factor)
  Sketch overhead:           ~1.56% of fast-path cycles
  Memory efficiency:         O(1) constant, 384.1 KB per worker

[MULTIPLE DETECTION STATISTICS]
=== Aggregate Detection Analysis ===

  Total detection events:    1572
  Average detection latency: 51.77 ms
  Min detection latency:     50.22 ms
  Max detection latency:     251.52 ms
  Latency range:             201.30 ms

  Detection Latency Histogram:
    < 20 ms:  0 detections (0.0%)
    20-30 ms: 0 detections (0.0%)
    30-40 ms: 0 detections (0.0%)
    40-50 ms: 0 detections (0.0%)
    > 50 ms:  1571 detections (99.9%)

[PERFORMANCE METRICS]
  Throughput:         1.48 Gbps (1.92 Mpps)
  Cycles available:   1558 cycles/pkt (lower = higher load)
  Active IPs:         0
  Worker threads:     14 (lcores 1-14)

[DPDK NIC STATISTICS]
  RX packets (NIC):   156272051
  RX dropped (HW):    [0m0[0m (imissed)
  RX no mbufs:        [0m0[0m (buffer exhaustion)
  RX errors:          0
  Total drops:        [0m0 (0.00%)[0m
  RX burst calls:     38214367452 (99.6% empty)
  Processed pkts:     156272598 (100.0% of NIC RX)


╔═══════════════════════════════════════════════════════════════════════╗
║          MIRA DDoS DETECTOR - STATISTICS (MULTI-CORE)                ║
╚═══════════════════════════════════════════════════════════════════════╝

[PACKET COUNTERS - GLOBAL]
  Total packets:      165878116
  Baseline (10.10.2.x): 0 (0.0%)
  Attack (10.10.3.x): 165878116 (100.0%)
  TCP packets:        0
  UDP packets:        165878116
  ICMP packets:       0

[INSTANTANEOUS TRAFFIC - Last 5.0 seconds]
  Baseline (10.10.2.x): 0 pkts (0.0%)  0 bytes  0.00 Gbps
  Attack (10.10.3.x): 9605421 pkts (100.0%)  864487890 bytes  1.38 Gbps
  Total throughput:   1.38 Gbps  (avg pkt: 90 bytes)

[CUMULATIVE TRAFFIC - Since first packet (86.4s)]
  Total received:     165878116 pkts (1.92 Mpps) | 1.38 Gbps | 14929030440 bytes

[ATTACK-SPECIFIC COUNTERS]
  SYN packets:        0
  SYN-ACK packets:    0
  SYN/ACK ratio:      0.00
  HTTP requests:      0
  DNS queries:        0

[PROTOCOL-SPECIFIC COUNTERS - CIC-DDoS-2019 Features]
  NTP Amplification:
    Monlist queries:  165878116
    Responses:        0  (avg size: 0 bytes)
  DNS Amplification:
    ANY queries:      0
    TXT queries:      0
    Responses:        0  (avg size: 0 bytes)
  SNMP Amplification:
    GetBulk requests: 0
    Responses:        0  (avg size: 0 bytes)
  SSDP:
    M-SEARCH packets: 0
    Responses:        0
  PortMapper:
    GETPORT calls:    0
    DUMP calls:       0
  NetBIOS:
    Name queries:     0
    Datagram packets: 0
  LDAP:
    Bind requests:    0
    Search requests:  0
  MSSQL:
    SQLBatch packets: 0
    RPC packets:      0
  TFTP:
    RRQ (read) pkts:  0
    WRQ (write) pkts: 0

[ATTACK DETECTIONS - Cumulative Events]
  UDP flood events:   1668
  UDP-lag events:     0
  SYN flood events:   0
  HTTP flood events:  0
  ICMP flood events:  0
  DNS amp events:     0
  NTP amp events:     1668
  SNMP amp events:    0
  SSDP events:        0
  PortMap events:     0
  NetBIOS events:     0
  LDAP events:        0
  MSSQL events:       0
  TFTP events:        0
  ACK flood events:   0
  Frag attack events: 0
  Packet flood events:0
  (Note: Events count IPs exceeding thresholds per 50ms window)

[ALERT STATUS]
  Alert level:        [1;31mHIGH[0m
  Reason:             [1;31mUDP FLOOD detected: 35501624 UDP pps | NTP AMP detected: 1919566 qps | [0m

[MULTI-LF (2025) COMPARISON]
=== Detection Performance vs ML-Based System ===

  First Detection Latency:   147.16 ms (vs MULTI-LF: 866 ms)
    Improvement:             5.9× faster

  Packets until detection:   0
  Bytes until detection:     0 (0.00 MB)

[OCTOSKETCH METRICS - Optimized Architecture]
=== Per-Worker Sketches + Sampling (1/32 packets) ===

  Architecture:              Per-worker (NO atomics, NO contention)
  Total sketch memory:       5377 KB (14 workers × 384.1 KB)
  Sampling rate:             1 in 32 packets (3.1% overhead)
  Attack traffic sampled:    8967488 updates
  Estimated attack packets:  286959616 (×32 sampling factor)
  Sketch overhead:           ~1.56% of fast-path cycles
  Memory efficiency:         O(1) constant, 384.1 KB per worker

[MULTIPLE DETECTION STATISTICS]
=== Aggregate Detection Analysis ===

  Total detection events:    1668
  Average detection latency: 51.80 ms
  Min detection latency:     50.22 ms
  Max detection latency:     251.52 ms
  Latency range:             201.30 ms

  Detection Latency Histogram:
    < 20 ms:  0 detections (0.0%)
    20-30 ms: 0 detections (0.0%)
    30-40 ms: 0 detections (0.0%)
    40-50 ms: 0 detections (0.0%)
    > 50 ms:  1667 detections (99.9%)

[PERFORMANCE METRICS]
  Throughput:         1.38 Gbps (1.92 Mpps)
  Cycles available:   1558 cycles/pkt (lower = higher load)
  Active IPs:         0
  Worker threads:     14 (lcores 1-14)

[DPDK NIC STATISTICS]
  RX packets (NIC):   165877564
  RX dropped (HW):    [0m0[0m (imissed)
  RX no mbufs:        [0m0[0m (buffer exhaustion)
  RX errors:          0
  Total drops:        [0m0 (0.00%)[0m
  RX burst calls:     40093775574 (99.6% empty)
  Processed pkts:     165878116 (100.0% of NIC RX)


╔═══════════════════════════════════════════════════════════════════════╗
║          MIRA DDoS DETECTOR - STATISTICS (MULTI-CORE)                ║
╚═══════════════════════════════════════════════════════════════════════╝

[PACKET COUNTERS - GLOBAL]
  Total packets:      175481660
  Baseline (10.10.2.x): 0 (0.0%)
  Attack (10.10.3.x): 175481660 (100.0%)
  TCP packets:        0
  UDP packets:        175481660
  ICMP packets:       0

[INSTANTANEOUS TRAFFIC - Last 5.0 seconds]
  Baseline (10.10.2.x): 0 pkts (0.0%)  0 bytes  0.00 Gbps
  Attack (10.10.3.x): 9603443 pkts (100.0%)  864309870 bytes  1.38 Gbps
  Total throughput:   1.38 Gbps  (avg pkt: 90 bytes)

[CUMULATIVE TRAFFIC - Since first packet (91.4s)]
  Total received:     175481660 pkts (1.92 Mpps) | 1.38 Gbps | 15793349400 bytes

[ATTACK-SPECIFIC COUNTERS]
  SYN packets:        0
  SYN-ACK packets:    0
  SYN/ACK ratio:      0.00
  HTTP requests:      0
  DNS queries:        0

[PROTOCOL-SPECIFIC COUNTERS - CIC-DDoS-2019 Features]
  NTP Amplification:
    Monlist queries:  175481660
    Responses:        0  (avg size: 0 bytes)
  DNS Amplification:
    ANY queries:      0
    TXT queries:      0
    Responses:        0  (avg size: 0 bytes)
  SNMP Amplification:
    GetBulk requests: 0
    Responses:        0  (avg size: 0 bytes)
  SSDP:
    M-SEARCH packets: 0
    Responses:        0
  PortMapper:
    GETPORT calls:    0
    DUMP calls:       0
  NetBIOS:
    Name queries:     0
    Datagram packets: 0
  LDAP:
    Bind requests:    0
    Search requests:  0
  MSSQL:
    SQLBatch packets: 0
    RPC packets:      0
  TFTP:
    RRQ (read) pkts:  0
    WRQ (write) pkts: 0

[ATTACK DETECTIONS - Cumulative Events]
  UDP flood events:   1764
  UDP-lag events:     0
  SYN flood events:   0
  HTTP flood events:  0
  ICMP flood events:  0
  DNS amp events:     0
  NTP amp events:     1764
  SNMP amp events:    0
  SSDP events:        0
  PortMap events:     0
  NetBIOS events:     0
  LDAP events:        0
  MSSQL events:       0
  TFTP events:        0
  ACK flood events:   0
  Frag attack events: 0
  Packet flood events:0
  (Note: Events count IPs exceeding thresholds per 50ms window)

[ALERT STATUS]
  Alert level:        [1;31mHIGH[0m
  Reason:             [1;31mUDP FLOOD detected: 37953102 UDP pps | NTP AMP detected: 1919208 qps | [0m

[MULTI-LF (2025) COMPARISON]
=== Detection Performance vs ML-Based System ===

  First Detection Latency:   147.16 ms (vs MULTI-LF: 866 ms)
    Improvement:             5.9× faster

  Packets until detection:   0
  Bytes until detection:     0 (0.00 MB)

[OCTOSKETCH METRICS - Optimized Architecture]
=== Per-Worker Sketches + Sampling (1/32 packets) ===

  Architecture:              Per-worker (NO atomics, NO contention)
  Total sketch memory:       5377 KB (14 workers × 384.1 KB)
  Sampling rate:             1 in 32 packets (3.1% overhead)
  Attack traffic sampled:    8869344 updates
  Estimated attack packets:  283819008 (×32 sampling factor)
  Sketch overhead:           ~1.56% of fast-path cycles
  Memory efficiency:         O(1) constant, 384.1 KB per worker

[MULTIPLE DETECTION STATISTICS]
=== Aggregate Detection Analysis ===

  Total detection events:    1764
  Average detection latency: 51.80 ms
  Min detection latency:     50.22 ms
  Max detection latency:     251.52 ms
  Latency range:             201.30 ms

  Detection Latency Histogram:
    < 20 ms:  0 detections (0.0%)
    20-30 ms: 0 detections (0.0%)
    30-40 ms: 0 detections (0.0%)
    40-50 ms: 0 detections (0.0%)
    > 50 ms:  1763 detections (99.9%)

[PERFORMANCE METRICS]
  Throughput:         1.38 Gbps (1.92 Mpps)
  Cycles available:   1558 cycles/pkt (lower = higher load)
  Active IPs:         0
  Worker threads:     14 (lcores 1-14)

[DPDK NIC STATISTICS]
  RX packets (NIC):   175481157
  RX dropped (HW):    [0m0[0m (imissed)
  RX no mbufs:        [0m0[0m (buffer exhaustion)
  RX errors:          0
  Total drops:        [0m0 (0.00%)[0m
  RX burst calls:     41973338116 (99.6% empty)
  Processed pkts:     175481660 (100.0% of NIC RX)


╔═══════════════════════════════════════════════════════════════════════╗
║          MIRA DDoS DETECTOR - STATISTICS (MULTI-CORE)                ║
╚═══════════════════════════════════════════════════════════════════════╝

[PACKET COUNTERS - GLOBAL]
  Total packets:      185085216
  Baseline (10.10.2.x): 0 (0.0%)
  Attack (10.10.3.x): 185085216 (100.0%)
  TCP packets:        0
  UDP packets:        185085216
  ICMP packets:       0

[INSTANTANEOUS TRAFFIC - Last 5.0 seconds]
  Baseline (10.10.2.x): 0 pkts (0.0%)  0 bytes  0.00 Gbps
  Attack (10.10.3.x): 9603450 pkts (100.0%)  864310500 bytes  1.38 Gbps
  Total throughput:   1.38 Gbps  (avg pkt: 90 bytes)

[CUMULATIVE TRAFFIC - Since first packet (96.4s)]
  Total received:     185085216 pkts (1.92 Mpps) | 1.38 Gbps | 16657669440 bytes

[ATTACK-SPECIFIC COUNTERS]
  SYN packets:        0
  SYN-ACK packets:    0
  SYN/ACK ratio:      0.00
  HTTP requests:      0
  DNS queries:        0

[PROTOCOL-SPECIFIC COUNTERS - CIC-DDoS-2019 Features]
  NTP Amplification:
    Monlist queries:  185085216
    Responses:        0  (avg size: 0 bytes)
  DNS Amplification:
    ANY queries:      0
    TXT queries:      0
    Responses:        0  (avg size: 0 bytes)
  SNMP Amplification:
    GetBulk requests: 0
    Responses:        0  (avg size: 0 bytes)
  SSDP:
    M-SEARCH packets: 0
    Responses:        0
  PortMapper:
    GETPORT calls:    0
    DUMP calls:       0
  NetBIOS:
    Name queries:     0
    Datagram packets: 0
  LDAP:
    Bind requests:    0
    Search requests:  0
  MSSQL:
    SQLBatch packets: 0
    RPC packets:      0
  TFTP:
    RRQ (read) pkts:  0
    WRQ (write) pkts: 0

[ATTACK DETECTIONS - Cumulative Events]
  UDP flood events:   1860
  UDP-lag events:     0
  SYN flood events:   0
  HTTP flood events:  0
  ICMP flood events:  0
  DNS amp events:     0
  NTP amp events:     1860
  SNMP amp events:    0
  SSDP events:        0
  PortMap events:     0
  NetBIOS events:     0
  LDAP events:        0
  MSSQL events:       0
  TFTP events:        0
  ACK flood events:   0
  Frag attack events: 0
  Packet flood events:0
  (Note: Events count IPs exceeding thresholds per 50ms window)

[ALERT STATUS]
  Alert level:        [1;31mHIGH[0m
  Reason:             [1;31mUDP FLOOD detected: 40039502 UDP pps | NTP AMP detected: 1919143 qps | [0m

[MULTI-LF (2025) COMPARISON]
=== Detection Performance vs ML-Based System ===

  First Detection Latency:   147.16 ms (vs MULTI-LF: 866 ms)
    Improvement:             5.9× faster

  Packets until detection:   0
  Bytes until detection:     0 (0.00 MB)

[OCTOSKETCH METRICS - Optimized Architecture]
=== Per-Worker Sketches + Sampling (1/32 packets) ===

  Architecture:              Per-worker (NO atomics, NO contention)
  Total sketch memory:       5377 KB (14 workers × 384.1 KB)
  Sampling rate:             1 in 32 packets (3.1% overhead)
  Attack traffic sampled:    8869088 updates
  Estimated attack packets:  283810816 (×32 sampling factor)
  Sketch overhead:           ~1.56% of fast-path cycles
  Memory efficiency:         O(1) constant, 384.1 KB per worker

[MULTIPLE DETECTION STATISTICS]
=== Aggregate Detection Analysis ===

  Total detection events:    1860
  Average detection latency: 51.83 ms
  Min detection latency:     50.22 ms
  Max detection latency:     251.52 ms
  Latency range:             201.30 ms

  Detection Latency Histogram:
    < 20 ms:  0 detections (0.0%)
    20-30 ms: 0 detections (0.0%)
    30-40 ms: 0 detections (0.0%)
    40-50 ms: 0 detections (0.0%)
    > 50 ms:  1859 detections (99.9%)

[PERFORMANCE METRICS]
  Throughput:         1.38 Gbps (1.92 Mpps)
  Cycles available:   1558 cycles/pkt (lower = higher load)
  Active IPs:         0
  Worker threads:     14 (lcores 1-14)

[DPDK NIC STATISTICS]
  RX packets (NIC):   185084672
  RX dropped (HW):    [0m0[0m (imissed)
  RX no mbufs:        [0m0[0m (buffer exhaustion)
  RX errors:          0
  Total drops:        [0m0 (0.00%)[0m
  RX burst calls:     43853015768 (99.6% empty)
  Processed pkts:     185085216 (100.0% of NIC RX)


╔═══════════════════════════════════════════════════════════════════════╗
║          MIRA DDoS DETECTOR - STATISTICS (MULTI-CORE)                ║
╚═══════════════════════════════════════════════════════════════════════╝

[PACKET COUNTERS - GLOBAL]
  Total packets:      194690604
  Baseline (10.10.2.x): 0 (0.0%)
  Attack (10.10.3.x): 194690604 (100.0%)
  TCP packets:        0
  UDP packets:        194690604
  ICMP packets:       0

[INSTANTANEOUS TRAFFIC - Last 5.0 seconds]
  Baseline (10.10.2.x): 0 pkts (0.0%)  0 bytes  0.00 Gbps
  Attack (10.10.3.x): 9605294 pkts (100.0%)  864476460 bytes  1.38 Gbps
  Total throughput:   1.38 Gbps  (avg pkt: 90 bytes)

[CUMULATIVE TRAFFIC - Since first packet (101.4s)]
  Total received:     194690604 pkts (1.92 Mpps) | 1.38 Gbps | 17522154360 bytes

[ATTACK-SPECIFIC COUNTERS]
  SYN packets:        0
  SYN-ACK packets:    0
  SYN/ACK ratio:      0.00
  HTTP requests:      0
  DNS queries:        0

[PROTOCOL-SPECIFIC COUNTERS - CIC-DDoS-2019 Features]
  NTP Amplification:
    Monlist queries:  194690604
    Responses:        0  (avg size: 0 bytes)
  DNS Amplification:
    ANY queries:      0
    TXT queries:      0
    Responses:        0  (avg size: 0 bytes)
  SNMP Amplification:
    GetBulk requests: 0
    Responses:        0  (avg size: 0 bytes)
  SSDP:
    M-SEARCH packets: 0
    Responses:        0
  PortMapper:
    GETPORT calls:    0
    DUMP calls:       0
  NetBIOS:
    Name queries:     0
    Datagram packets: 0
  LDAP:
    Bind requests:    0
    Search requests:  0
  MSSQL:
    SQLBatch packets: 0
    RPC packets:      0
  TFTP:
    RRQ (read) pkts:  0
    WRQ (write) pkts: 0

[ATTACK DETECTIONS - Cumulative Events]
  UDP flood events:   1957
  UDP-lag events:     0
  SYN flood events:   0
  HTTP flood events:  0
  ICMP flood events:  0
  DNS amp events:     0
  NTP amp events:     1957
  SNMP amp events:    0
  SSDP events:        0
  PortMap events:     0
  NetBIOS events:     0
  LDAP events:        0
  MSSQL events:       0
  TFTP events:        0
  ACK flood events:   0
  Frag attack events: 0
  Packet flood events:0
  (Note: Events count IPs exceeding thresholds per 50ms window)

[ALERT STATUS]
  Alert level:        [1;31mHIGH[0m
  Reason:             [1;31mUDP FLOOD detected: 42126046 UDP pps | NTP AMP detected: 1919549 qps | [0m

[MULTI-LF (2025) COMPARISON]
=== Detection Performance vs ML-Based System ===

  First Detection Latency:   147.16 ms (vs MULTI-LF: 866 ms)
    Improvement:             5.9× faster

  Packets until detection:   0
  Bytes until detection:     0 (0.00 MB)

[OCTOSKETCH METRICS - Optimized Architecture]
=== Per-Worker Sketches + Sampling (1/32 packets) ===

  Architecture:              Per-worker (NO atomics, NO contention)
  Total sketch memory:       5377 KB (14 workers × 384.1 KB)
  Sampling rate:             1 in 32 packets (3.1% overhead)
  Attack traffic sampled:    8870848 updates
  Estimated attack packets:  283867136 (×32 sampling factor)
  Sketch overhead:           ~1.56% of fast-path cycles
  Memory efficiency:         O(1) constant, 384.1 KB per worker

[MULTIPLE DETECTION STATISTICS]
=== Aggregate Detection Analysis ===

  Total detection events:    1957
  Average detection latency: 51.83 ms
  Min detection latency:     50.22 ms
  Max detection latency:     251.52 ms
  Latency range:             201.30 ms

  Detection Latency Histogram:
    < 20 ms:  0 detections (0.0%)
    20-30 ms: 0 detections (0.0%)
    30-40 ms: 0 detections (0.0%)
    40-50 ms: 0 detections (0.0%)
    > 50 ms:  1956 detections (99.9%)

[PERFORMANCE METRICS]
  Throughput:         1.38 Gbps (1.92 Mpps)
  Cycles available:   1558 cycles/pkt (lower = higher load)
  Active IPs:         0
  Worker threads:     14 (lcores 1-14)

[DPDK NIC STATISTICS]
  RX packets (NIC):   194690096
  RX dropped (HW):    [0m0[0m (imissed)
  RX no mbufs:        [0m0[0m (buffer exhaustion)
  RX errors:          0
  Total drops:        [0m0 (0.00%)[0m
  RX burst calls:     45732581744 (99.6% empty)
  Processed pkts:     194690604 (100.0% of NIC RX)


╔═══════════════════════════════════════════════════════════════════════╗
║          MIRA DDoS DETECTOR - STATISTICS (MULTI-CORE)                ║
╚═══════════════════════════════════════════════════════════════════════╝

[PACKET COUNTERS - GLOBAL]
  Total packets:      204292772
  Baseline (10.10.2.x): 0 (0.0%)
  Attack (10.10.3.x): 204292772 (100.0%)
  TCP packets:        0
  UDP packets:        204292772
  ICMP packets:       0

[INSTANTANEOUS TRAFFIC - Last 5.0 seconds]
  Baseline (10.10.2.x): 0 pkts (0.0%)  0 bytes  0.00 Gbps
  Attack (10.10.3.x): 9602083 pkts (100.0%)  864187470 bytes  1.38 Gbps
  Total throughput:   1.38 Gbps  (avg pkt: 90 bytes)

[CUMULATIVE TRAFFIC - Since first packet (106.4s)]
  Total received:     204292772 pkts (1.92 Mpps) | 1.38 Gbps | 18386349480 bytes

[ATTACK-SPECIFIC COUNTERS]
  SYN packets:        0
  SYN-ACK packets:    0
  SYN/ACK ratio:      0.00
  HTTP requests:      0
  DNS queries:        0

[PROTOCOL-SPECIFIC COUNTERS - CIC-DDoS-2019 Features]
  NTP Amplification:
    Monlist queries:  204292772
    Responses:        0  (avg size: 0 bytes)
  DNS Amplification:
    ANY queries:      0
    TXT queries:      0
    Responses:        0  (avg size: 0 bytes)
  SNMP Amplification:
    GetBulk requests: 0
    Responses:        0  (avg size: 0 bytes)
  SSDP:
    M-SEARCH packets: 0
    Responses:        0
  PortMapper:
    GETPORT calls:    0
    DUMP calls:       0
  NetBIOS:
    Name queries:     0
    Datagram packets: 0
  LDAP:
    Bind requests:    0
    Search requests:  0
  MSSQL:
    SQLBatch packets: 0
    RPC packets:      0
  TFTP:
    RRQ (read) pkts:  0
    WRQ (write) pkts: 0

[ATTACK DETECTIONS - Cumulative Events]
  UDP flood events:   2053
  UDP-lag events:     0
  SYN flood events:   0
  HTTP flood events:  0
  ICMP flood events:  0
  DNS amp events:     0
  NTP amp events:     2053
  SNMP amp events:    0
  SSDP events:        0
  PortMap events:     0
  NetBIOS events:     0
  LDAP events:        0
  MSSQL events:       0
  TFTP events:        0
  ACK flood events:   0
  Frag attack events: 0
  Packet flood events:0
  (Note: Events count IPs exceeding thresholds per 50ms window)

[ALERT STATUS]
  Alert level:        [1;31mHIGH[0m
  Reason:             [1;31mUDP FLOOD detected: 44676853 UDP pps | NTP AMP detected: 1919169 qps | [0m

[MULTI-LF (2025) COMPARISON]
=== Detection Performance vs ML-Based System ===

  First Detection Latency:   147.16 ms (vs MULTI-LF: 866 ms)
    Improvement:             5.9× faster

  Packets until detection:   0
  Bytes until detection:     0 (0.00 MB)

[OCTOSKETCH METRICS - Optimized Architecture]
=== Per-Worker Sketches + Sampling (1/32 packets) ===

  Architecture:              Per-worker (NO atomics, NO contention)
  Total sketch memory:       5377 KB (14 workers × 384.1 KB)
  Sampling rate:             1 in 32 packets (3.1% overhead)
  Attack traffic sampled:    8772672 updates
  Estimated attack packets:  280725504 (×32 sampling factor)
  Sketch overhead:           ~1.56% of fast-path cycles
  Memory efficiency:         O(1) constant, 384.1 KB per worker

[MULTIPLE DETECTION STATISTICS]
=== Aggregate Detection Analysis ===

  Total detection events:    2053
  Average detection latency: 51.83 ms
  Min detection latency:     50.22 ms
  Max detection latency:     251.52 ms
  Latency range:             201.30 ms

  Detection Latency Histogram:
    < 20 ms:  0 detections (0.0%)
    20-30 ms: 0 detections (0.0%)
    30-40 ms: 0 detections (0.0%)
    40-50 ms: 0 detections (0.0%)
    > 50 ms:  2052 detections (100.0%)

[PERFORMANCE METRICS]
  Throughput:         1.38 Gbps (1.92 Mpps)
  Cycles available:   1558 cycles/pkt (lower = higher load)
  Active IPs:         0
  Worker threads:     14 (lcores 1-14)

[DPDK NIC STATISTICS]
  RX packets (NIC):   204292247
  RX dropped (HW):    [0m0[0m (imissed)
  RX no mbufs:        [0m0[0m (buffer exhaustion)
  RX errors:          0
  Total drops:        [0m0 (0.00%)[0m
  RX burst calls:     47612208232 (99.6% empty)
  Processed pkts:     204292772 (100.0% of NIC RX)


╔═══════════════════════════════════════════════════════════════════════╗
║          MIRA DDoS DETECTOR - STATISTICS (MULTI-CORE)                ║
╚═══════════════════════════════════════════════════════════════════════╝

[PACKET COUNTERS - GLOBAL]
  Total packets:      213899731
  Baseline (10.10.2.x): 0 (0.0%)
  Attack (10.10.3.x): 213899731 (100.0%)
  TCP packets:        0
  UDP packets:        213899731
  ICMP packets:       0

[INSTANTANEOUS TRAFFIC - Last 5.0 seconds]
  Baseline (10.10.2.x): 0 pkts (0.0%)  0 bytes  0.00 Gbps
  Attack (10.10.3.x): 9606872 pkts (100.0%)  927050850 bytes  1.48 Gbps
  Total throughput:   1.48 Gbps  (avg pkt: 96 bytes)

[CUMULATIVE TRAFFIC - Since first packet (111.4s)]
  Total received:     213899731 pkts (1.92 Mpps) | 1.38 Gbps | 19250975790 bytes

[ATTACK-SPECIFIC COUNTERS]
  SYN packets:        0
  SYN-ACK packets:    0
  SYN/ACK ratio:      0.00
  HTTP requests:      0
  DNS queries:        0

[PROTOCOL-SPECIFIC COUNTERS - CIC-DDoS-2019 Features]
  NTP Amplification:
    Monlist queries:  213899731
    Responses:        0  (avg size: 0 bytes)
  DNS Amplification:
    ANY queries:      0
    TXT queries:      0
    Responses:        0  (avg size: 0 bytes)
  SNMP Amplification:
    GetBulk requests: 0
    Responses:        0  (avg size: 0 bytes)
  SSDP:
    M-SEARCH packets: 0
    Responses:        0
  PortMapper:
    GETPORT calls:    0
    DUMP calls:       0
  NetBIOS:
    Name queries:     0
    Datagram packets: 0
  LDAP:
    Bind requests:    0
    Search requests:  0
  MSSQL:
    SQLBatch packets: 0
    RPC packets:      0
  TFTP:
    RRQ (read) pkts:  0
    WRQ (write) pkts: 0

[ATTACK DETECTIONS - Cumulative Events]
  UDP flood events:   2149
  UDP-lag events:     0
  SYN flood events:   0
  HTTP flood events:  0
  ICMP flood events:  0
  DNS amp events:     0
  NTP amp events:     2149
  SNMP amp events:    0
  SSDP events:        0
  PortMap events:     0
  NetBIOS events:     0
  LDAP events:        0
  MSSQL events:       0
  TFTP events:        0
  ACK flood events:   0
  Frag attack events: 0
  Packet flood events:0
  (Note: Events count IPs exceeding thresholds per 50ms window)

[ALERT STATUS]
  Alert level:        [1;31mHIGH[0m
  Reason:             [1;31mUDP FLOOD detected: 46786545 UDP pps | NTP AMP detected: 1919686 qps | [0m

[MULTI-LF (2025) COMPARISON]
=== Detection Performance vs ML-Based System ===

  First Detection Latency:   147.16 ms (vs MULTI-LF: 866 ms)
    Improvement:             5.9× faster

  Packets until detection:   0
  Bytes until detection:     0 (0.00 MB)

[OCTOSKETCH METRICS - Optimized Architecture]
=== Per-Worker Sketches + Sampling (1/32 packets) ===

  Architecture:              Per-worker (NO atomics, NO contention)
  Total sketch memory:       5377 KB (14 workers × 384.1 KB)
  Sampling rate:             1 in 32 packets (3.1% overhead)
  Attack traffic sampled:    8775136 updates
  Estimated attack packets:  280804352 (×32 sampling factor)
  Sketch overhead:           ~1.56% of fast-path cycles
  Memory efficiency:         O(1) constant, 384.1 KB per worker

[MULTIPLE DETECTION STATISTICS]
=== Aggregate Detection Analysis ===

  Total detection events:    2149
  Average detection latency: 51.85 ms
  Min detection latency:     50.22 ms
  Max detection latency:     251.52 ms
  Latency range:             201.30 ms

  Detection Latency Histogram:
    < 20 ms:  0 detections (0.0%)
    20-30 ms: 0 detections (0.0%)
    30-40 ms: 0 detections (0.0%)
    40-50 ms: 0 detections (0.0%)
    > 50 ms:  2148 detections (100.0%)

[PERFORMANCE METRICS]
  Throughput:         1.48 Gbps (1.92 Mpps)
  Cycles available:   1557 cycles/pkt (lower = higher load)
  Active IPs:         0
  Worker threads:     14 (lcores 1-14)

[DPDK NIC STATISTICS]
  RX packets (NIC):   213899242
  RX dropped (HW):    [0m0[0m (imissed)
  RX no mbufs:        [0m0[0m (buffer exhaustion)
  RX errors:          0
  Total drops:        [0m0 (0.00%)[0m
  RX burst calls:     49491802843 (99.6% empty)
  Processed pkts:     213899731 (100.0% of NIC RX)


╔═══════════════════════════════════════════════════════════════════════╗
║          MIRA DDoS DETECTOR - STATISTICS (MULTI-CORE)                ║
╚═══════════════════════════════════════════════════════════════════════╝

[PACKET COUNTERS - GLOBAL]
  Total packets:      223501037
  Baseline (10.10.2.x): 0 (0.0%)
  Attack (10.10.3.x): 223501037 (100.0%)
  TCP packets:        0
  UDP packets:        223501037
  ICMP packets:       0

[INSTANTANEOUS TRAFFIC - Last 5.0 seconds]
  Baseline (10.10.2.x): 0 pkts (0.0%)  0 bytes  0.00 Gbps
  Attack (10.10.3.x): 9601193 pkts (100.0%)  864107370 bytes  1.38 Gbps
  Total throughput:   1.38 Gbps  (avg pkt: 90 bytes)

[CUMULATIVE TRAFFIC - Since first packet (116.4s)]
  Total received:     223501037 pkts (1.92 Mpps) | 1.38 Gbps | 20115093330 bytes

[ATTACK-SPECIFIC COUNTERS]
  SYN packets:        0
  SYN-ACK packets:    0
  SYN/ACK ratio:      0.00
  HTTP requests:      0
  DNS queries:        0

[PROTOCOL-SPECIFIC COUNTERS - CIC-DDoS-2019 Features]
  NTP Amplification:
    Monlist queries:  223501037
    Responses:        0  (avg size: 0 bytes)
  DNS Amplification:
    ANY queries:      0
    TXT queries:      0
    Responses:        0  (avg size: 0 bytes)
  SNMP Amplification:
    GetBulk requests: 0
    Responses:        0  (avg size: 0 bytes)
  SSDP:
    M-SEARCH packets: 0
    Responses:        0
  PortMapper:
    GETPORT calls:    0
    DUMP calls:       0
  NetBIOS:
    Name queries:     0
    Datagram packets: 0
  LDAP:
    Bind requests:    0
    Search requests:  0
  MSSQL:
    SQLBatch packets: 0
    RPC packets:      0
  TFTP:
    RRQ (read) pkts:  0
    WRQ (write) pkts: 0

[ATTACK DETECTIONS - Cumulative Events]
  UDP flood events:   2245
  UDP-lag events:     0
  SYN flood events:   0
  HTTP flood events:  0
  ICMP flood events:  0
  DNS amp events:     0
  NTP amp events:     2245
  SNMP amp events:    0
  SSDP events:        0
  PortMap events:     0
  NetBIOS events:     0
  LDAP events:        0
  MSSQL events:       0
  TFTP events:        0
  ACK flood events:   0
  Frag attack events: 0
  Packet flood events:0
  (Note: Events count IPs exceeding thresholds per 50ms window)

[ALERT STATUS]
  Alert level:        [1;31mHIGH[0m
  Reason:             [1;31mUDP FLOOD detected: 49417461 UDP pps | NTP AMP detected: 1918997 qps | [0m

[MULTI-LF (2025) COMPARISON]
=== Detection Performance vs ML-Based System ===

  First Detection Latency:   147.16 ms (vs MULTI-LF: 866 ms)
    Improvement:             5.9× faster

  Packets until detection:   0
  Bytes until detection:     0 (0.00 MB)

[OCTOSKETCH METRICS - Optimized Architecture]
=== Per-Worker Sketches + Sampling (1/32 packets) ===

  Architecture:              Per-worker (NO atomics, NO contention)
  Total sketch memory:       5377 KB (14 workers × 384.1 KB)
  Sampling rate:             1 in 32 packets (3.1% overhead)
  Attack traffic sampled:    8675552 updates
  Estimated attack packets:  277617664 (×32 sampling factor)
  Sketch overhead:           ~1.56% of fast-path cycles
  Memory efficiency:         O(1) constant, 384.1 KB per worker

[MULTIPLE DETECTION STATISTICS]
=== Aggregate Detection Analysis ===

  Total detection events:    2245
  Average detection latency: 51.85 ms
  Min detection latency:     50.22 ms
  Max detection latency:     251.52 ms
  Latency range:             201.30 ms

  Detection Latency Histogram:
    < 20 ms:  0 detections (0.0%)
    20-30 ms: 0 detections (0.0%)
    30-40 ms: 0 detections (0.0%)
    40-50 ms: 0 detections (0.0%)
    > 50 ms:  2244 detections (100.0%)

[PERFORMANCE METRICS]
  Throughput:         1.38 Gbps (1.92 Mpps)
  Cycles available:   1558 cycles/pkt (lower = higher load)
  Active IPs:         0
  Worker threads:     14 (lcores 1-14)

[DPDK NIC STATISTICS]
  RX packets (NIC):   223500539
  RX dropped (HW):    [0m0[0m (imissed)
  RX no mbufs:        [0m0[0m (buffer exhaustion)
  RX errors:          0
  Total drops:        [0m0 (0.00%)[0m
  RX burst calls:     51371113077 (99.6% empty)
  Processed pkts:     223501037 (100.0% of NIC RX)


╔═══════════════════════════════════════════════════════════════════════╗
║          MIRA DDoS DETECTOR - STATISTICS (MULTI-CORE)                ║
╚═══════════════════════════════════════════════════════════════════════╝

[PACKET COUNTERS - GLOBAL]
  Total packets:      233106558
  Baseline (10.10.2.x): 0 (0.0%)
  Attack (10.10.3.x): 233106558 (100.0%)
  TCP packets:        0
  UDP packets:        233106558
  ICMP packets:       0

[INSTANTANEOUS TRAFFIC - Last 5.0 seconds]
  Baseline (10.10.2.x): 0 pkts (0.0%)  0 bytes  0.00 Gbps
  Attack (10.10.3.x): 9605434 pkts (100.0%)  864489060 bytes  1.38 Gbps
  Total throughput:   1.38 Gbps  (avg pkt: 90 bytes)

[CUMULATIVE TRAFFIC - Since first packet (121.4s)]
  Total received:     233106558 pkts (1.92 Mpps) | 1.38 Gbps | 20979590220 bytes

[ATTACK-SPECIFIC COUNTERS]
  SYN packets:        0
  SYN-ACK packets:    0
  SYN/ACK ratio:      0.00
  HTTP requests:      0
  DNS queries:        0

[PROTOCOL-SPECIFIC COUNTERS - CIC-DDoS-2019 Features]
  NTP Amplification:
    Monlist queries:  233106558
    Responses:        0  (avg size: 0 bytes)
  DNS Amplification:
    ANY queries:      0
    TXT queries:      0
    Responses:        0  (avg size: 0 bytes)
  SNMP Amplification:
    GetBulk requests: 0
    Responses:        0  (avg size: 0 bytes)
  SSDP:
    M-SEARCH packets: 0
    Responses:        0
  PortMapper:
    GETPORT calls:    0
    DUMP calls:       0
  NetBIOS:
    Name queries:     0
    Datagram packets: 0
  LDAP:
    Bind requests:    0
    Search requests:  0
  MSSQL:
    SQLBatch packets: 0
    RPC packets:      0
  TFTP:
    RRQ (read) pkts:  0
    WRQ (write) pkts: 0

[ATTACK DETECTIONS - Cumulative Events]
  UDP flood events:   2341
  UDP-lag events:     0
  SYN flood events:   0
  HTTP flood events:  0
  ICMP flood events:  0
  DNS amp events:     0
  NTP amp events:     2341
  SNMP amp events:    0
  SSDP events:        0
  PortMap events:     0
  NetBIOS events:     0
  LDAP events:        0
  MSSQL events:       0
  TFTP events:        0
  ACK flood events:   0
  Frag attack events: 0
  Packet flood events:0
  (Note: Events count IPs exceeding thresholds per 50ms window)

[ALERT STATUS]
  Alert level:        [1;31mHIGH[0m
  Reason:             [1;31mUDP FLOOD detected: 51550743 UDP pps | NTP AMP detected: 1919718 qps | [0m

[MULTI-LF (2025) COMPARISON]
=== Detection Performance vs ML-Based System ===

  First Detection Latency:   147.16 ms (vs MULTI-LF: 866 ms)
    Improvement:             5.9× faster

  Packets until detection:   0
  Bytes until detection:     0 (0.00 MB)

[OCTOSKETCH METRICS - Optimized Architecture]
=== Per-Worker Sketches + Sampling (1/32 packets) ===

  Architecture:              Per-worker (NO atomics, NO contention)
  Total sketch memory:       5377 KB (14 workers × 384.1 KB)
  Sampling rate:             1 in 32 packets (3.1% overhead)
  Attack traffic sampled:    8678816 updates
  Estimated attack packets:  277722112 (×32 sampling factor)
  Sketch overhead:           ~1.56% of fast-path cycles
  Memory efficiency:         O(1) constant, 384.1 KB per worker

[MULTIPLE DETECTION STATISTICS]
=== Aggregate Detection Analysis ===

  Total detection events:    2341
  Average detection latency: 51.87 ms
  Min detection latency:     50.22 ms
  Max detection latency:     251.52 ms
  Latency range:             201.30 ms

  Detection Latency Histogram:
    < 20 ms:  0 detections (0.0%)
    20-30 ms: 0 detections (0.0%)
    30-40 ms: 0 detections (0.0%)
    40-50 ms: 0 detections (0.0%)
    > 50 ms:  2340 detections (100.0%)

[PERFORMANCE METRICS]
  Throughput:         1.38 Gbps (1.92 Mpps)
  Cycles available:   1558 cycles/pkt (lower = higher load)
  Active IPs:         0
  Worker threads:     14 (lcores 1-14)

[DPDK NIC STATISTICS]
  RX packets (NIC):   233106053
  RX dropped (HW):    [0m0[0m (imissed)
  RX no mbufs:        [0m0[0m (buffer exhaustion)
  RX errors:          0
  Total drops:        [0m0 (0.00%)[0m
  RX burst calls:     53250454268 (99.6% empty)
  Processed pkts:     233106558 (100.0% of NIC RX)


╔═══════════════════════════════════════════════════════════════════════╗
║          MIRA DDoS DETECTOR - STATISTICS (MULTI-CORE)                ║
╚═══════════════════════════════════════════════════════════════════════╝

[PACKET COUNTERS - GLOBAL]
  Total packets:      242707773
  Baseline (10.10.2.x): 0 (0.0%)
  Attack (10.10.3.x): 242707773 (100.0%)
  TCP packets:        0
  UDP packets:        242707773
  ICMP packets:       0

[INSTANTANEOUS TRAFFIC - Last 5.0 seconds]
  Baseline (10.10.2.x): 0 pkts (0.0%)  0 bytes  0.00 Gbps
  Attack (10.10.3.x): 9601121 pkts (100.0%)  864100890 bytes  1.38 Gbps
  Total throughput:   1.38 Gbps  (avg pkt: 90 bytes)

[CUMULATIVE TRAFFIC - Since first packet (126.4s)]
  Total received:     242707773 pkts (1.92 Mpps) | 1.38 Gbps | 21843699570 bytes

[ATTACK-SPECIFIC COUNTERS]
  SYN packets:        0
  SYN-ACK packets:    0
  SYN/ACK ratio:      0.00
  HTTP requests:      0
  DNS queries:        0

[PROTOCOL-SPECIFIC COUNTERS - CIC-DDoS-2019 Features]
  NTP Amplification:
    Monlist queries:  242707773
    Responses:        0  (avg size: 0 bytes)
  DNS Amplification:
    ANY queries:      0
    TXT queries:      0
    Responses:        0  (avg size: 0 bytes)
  SNMP Amplification:
    GetBulk requests: 0
    Responses:        0  (avg size: 0 bytes)
  SSDP:
    M-SEARCH packets: 0
    Responses:        0
  PortMapper:
    GETPORT calls:    0
    DUMP calls:       0
  NetBIOS:
    Name queries:     0
    Datagram packets: 0
  LDAP:
    Bind requests:    0
    Search requests:  0
  MSSQL:
    SQLBatch packets: 0
    RPC packets:      0
  TFTP:
    RRQ (read) pkts:  0
    WRQ (write) pkts: 0

[ATTACK DETECTIONS - Cumulative Events]
  UDP flood events:   2438
  UDP-lag events:     0
  SYN flood events:   0
  HTTP flood events:  0
  ICMP flood events:  0
  DNS amp events:     0
  NTP amp events:     2438
  SNMP amp events:    0
  SSDP events:        0
  PortMap events:     0
  NetBIOS events:     0
  LDAP events:        0
  MSSQL events:       0
  TFTP events:        0
  ACK flood events:   0
  Frag attack events: 0
  Packet flood events:0
  (Note: Events count IPs exceeding thresholds per 50ms window)

[ALERT STATUS]
  Alert level:        [1;31mHIGH[0m
  Reason:             [1;31mUDP FLOOD detected: 53682844 UDP pps | NTP AMP detected: 1918730 qps | [0m

[MULTI-LF (2025) COMPARISON]
=== Detection Performance vs ML-Based System ===

  First Detection Latency:   147.16 ms (vs MULTI-LF: 866 ms)
    Improvement:             5.9× faster

  Packets until detection:   0
  Bytes until detection:     0 (0.00 MB)

[OCTOSKETCH METRICS - Optimized Architecture]
=== Per-Worker Sketches + Sampling (1/32 packets) ===

  Architecture:              Per-worker (NO atomics, NO contention)
  Total sketch memory:       5377 KB (14 workers × 384.1 KB)
  Sampling rate:             1 in 32 packets (3.1% overhead)
  Attack traffic sampled:    8674304 updates
  Estimated attack packets:  277577728 (×32 sampling factor)
  Sketch overhead:           ~1.56% of fast-path cycles
  Memory efficiency:         O(1) constant, 384.1 KB per worker

[MULTIPLE DETECTION STATISTICS]
=== Aggregate Detection Analysis ===

  Total detection events:    2438
  Average detection latency: 51.86 ms
  Min detection latency:     50.22 ms
  Max detection latency:     251.52 ms
  Latency range:             201.30 ms

  Detection Latency Histogram:
    < 20 ms:  0 detections (0.0%)
    20-30 ms: 0 detections (0.0%)
    30-40 ms: 0 detections (0.0%)
    40-50 ms: 0 detections (0.0%)
    > 50 ms:  2437 detections (100.0%)

[PERFORMANCE METRICS]
  Throughput:         1.38 Gbps (1.92 Mpps)
  Cycles available:   1558 cycles/pkt (lower = higher load)
  Active IPs:         0
  Worker threads:     14 (lcores 1-14)

[DPDK NIC STATISTICS]
  RX packets (NIC):   242707287
  RX dropped (HW):    [0m0[0m (imissed)
  RX no mbufs:        [0m0[0m (buffer exhaustion)
  RX errors:          0
  Total drops:        [0m0 (0.00%)[0m
  RX burst calls:     55129490222 (99.6% empty)
  Processed pkts:     242707773 (100.0% of NIC RX)


╔═══════════════════════════════════════════════════════════════════════╗
║          MIRA DDoS DETECTOR - STATISTICS (MULTI-CORE)                ║
╚═══════════════════════════════════════════════════════════════════════╝

[PACKET COUNTERS - GLOBAL]
  Total packets:      252313157
  Baseline (10.10.2.x): 0 (0.0%)
  Attack (10.10.3.x): 252313157 (100.0%)
  TCP packets:        0
  UDP packets:        252313157
  ICMP packets:       0

[INSTANTANEOUS TRAFFIC - Last 5.0 seconds]
  Baseline (10.10.2.x): 0 pkts (0.0%)  0 bytes  0.00 Gbps
  Attack (10.10.3.x): 9605289 pkts (100.0%)  864476010 bytes  1.38 Gbps
  Total throughput:   1.38 Gbps  (avg pkt: 90 bytes)

[CUMULATIVE TRAFFIC - Since first packet (131.4s)]
  Total received:     252313157 pkts (1.92 Mpps) | 1.38 Gbps | 22708184130 bytes

[ATTACK-SPECIFIC COUNTERS]
  SYN packets:        0
  SYN-ACK packets:    0
  SYN/ACK ratio:      0.00
  HTTP requests:      0
  DNS queries:        0

[PROTOCOL-SPECIFIC COUNTERS - CIC-DDoS-2019 Features]
  NTP Amplification:
    Monlist queries:  252313157
    Responses:        0  (avg size: 0 bytes)
  DNS Amplification:
    ANY queries:      0
    TXT queries:      0
    Responses:        0  (avg size: 0 bytes)
  SNMP Amplification:
    GetBulk requests: 0
    Responses:        0  (avg size: 0 bytes)
  SSDP:
    M-SEARCH packets: 0
    Responses:        0
  PortMapper:
    GETPORT calls:    0
    DUMP calls:       0
  NetBIOS:
    Name queries:     0
    Datagram packets: 0
  LDAP:
    Bind requests:    0
    Search requests:  0
  MSSQL:
    SQLBatch packets: 0
    RPC packets:      0
  TFTP:
    RRQ (read) pkts:  0
    WRQ (write) pkts: 0

[ATTACK DETECTIONS - Cumulative Events]
  UDP flood events:   2534
  UDP-lag events:     0
  SYN flood events:   0
  HTTP flood events:  0
  ICMP flood events:  0
  DNS amp events:     0
  NTP amp events:     2534
  SNMP amp events:    0
  SSDP events:        0
  PortMap events:     0
  NetBIOS events:     0
  LDAP events:        0
  MSSQL events:       0
  TFTP events:        0
  ACK flood events:   0
  Frag attack events: 0
  Packet flood events:0
  (Note: Events count IPs exceeding thresholds per 50ms window)

[ALERT STATUS]
  Alert level:        [1;31mHIGH[0m
  Reason:             [1;31mUDP FLOOD detected: 56420853 UDP pps | NTP AMP detected: 1919847 qps | [0m

[MULTI-LF (2025) COMPARISON]
=== Detection Performance vs ML-Based System ===

  First Detection Latency:   147.16 ms (vs MULTI-LF: 866 ms)
    Improvement:             5.9× faster

  Packets until detection:   0
  Bytes until detection:     0 (0.00 MB)

[OCTOSKETCH METRICS - Optimized Architecture]
=== Per-Worker Sketches + Sampling (1/32 packets) ===

  Architecture:              Per-worker (NO atomics, NO contention)
  Total sketch memory:       5377 KB (14 workers × 384.1 KB)
  Sampling rate:             1 in 32 packets (3.1% overhead)
  Attack traffic sampled:    8582976 updates
  Estimated attack packets:  274655232 (×32 sampling factor)
  Sketch overhead:           ~1.56% of fast-path cycles
  Memory efficiency:         O(1) constant, 384.1 KB per worker

[MULTIPLE DETECTION STATISTICS]
=== Aggregate Detection Analysis ===

  Total detection events:    2534
  Average detection latency: 51.86 ms
  Min detection latency:     50.22 ms
  Max detection latency:     251.52 ms
  Latency range:             201.30 ms

  Detection Latency Histogram:
    < 20 ms:  0 detections (0.0%)
    20-30 ms: 0 detections (0.0%)
    30-40 ms: 0 detections (0.0%)
    40-50 ms: 0 detections (0.0%)
    > 50 ms:  2533 detections (100.0%)

[PERFORMANCE METRICS]
  Throughput:         1.38 Gbps (1.92 Mpps)
  Cycles available:   1558 cycles/pkt (lower = higher load)
  Active IPs:         0
  Worker threads:     14 (lcores 1-14)

[DPDK NIC STATISTICS]
  RX packets (NIC):   252312662
  RX dropped (HW):    [0m0[0m (imissed)
  RX no mbufs:        [0m0[0m (buffer exhaustion)
  RX errors:          0
  Total drops:        [0m0 (0.00%)[0m
  RX burst calls:     57008237137 (99.6% empty)
  Processed pkts:     252313157 (100.0% of NIC RX)


╔═══════════════════════════════════════════════════════════════════════╗
║          MIRA DDoS DETECTOR - STATISTICS (MULTI-CORE)                ║
╚═══════════════════════════════════════════════════════════════════════╝

[PACKET COUNTERS - GLOBAL]
  Total packets:      261913981
  Baseline (10.10.2.x): 0 (0.0%)
  Attack (10.10.3.x): 261913981 (100.0%)
  TCP packets:        0
  UDP packets:        261913981
  ICMP packets:       0

[INSTANTANEOUS TRAFFIC - Last 5.0 seconds]
  Baseline (10.10.2.x): 0 pkts (0.0%)  0 bytes  0.00 Gbps
  Attack (10.10.3.x): 9600724 pkts (100.0%)  864065160 bytes  1.38 Gbps
  Total throughput:   1.38 Gbps  (avg pkt: 90 bytes)

[CUMULATIVE TRAFFIC - Since first packet (136.5s)]
  Total received:     261913981 pkts (1.92 Mpps) | 1.38 Gbps | 23572258290 bytes

[ATTACK-SPECIFIC COUNTERS]
  SYN packets:        0
  SYN-ACK packets:    0
  SYN/ACK ratio:      0.00
  HTTP requests:      0
  DNS queries:        0

[PROTOCOL-SPECIFIC COUNTERS - CIC-DDoS-2019 Features]
  NTP Amplification:
    Monlist queries:  261913981
    Responses:        0  (avg size: 0 bytes)
  DNS Amplification:
    ANY queries:      0
    TXT queries:      0
    Responses:        0  (avg size: 0 bytes)
  SNMP Amplification:
    GetBulk requests: 0
    Responses:        0  (avg size: 0 bytes)
  SSDP:
    M-SEARCH packets: 0
    Responses:        0
  PortMapper:
    GETPORT calls:    0
    DUMP calls:       0
  NetBIOS:
    Name queries:     0
    Datagram packets: 0
  LDAP:
    Bind requests:    0
    Search requests:  0
  MSSQL:
    SQLBatch packets: 0
    RPC packets:      0
  TFTP:
    RRQ (read) pkts:  0
    WRQ (write) pkts: 0

[ATTACK DETECTIONS - Cumulative Events]
  UDP flood events:   2630
  UDP-lag events:     0
  SYN flood events:   0
  HTTP flood events:  0
  ICMP flood events:  0
  DNS amp events:     0
  NTP amp events:     2630
  SNMP amp events:    0
  SSDP events:        0
  PortMap events:     0
  NetBIOS events:     0
  LDAP events:        0
  MSSQL events:       0
  TFTP events:        0
  ACK flood events:   0
  Frag attack events: 0
  Packet flood events:0
  (Note: Events count IPs exceeding thresholds per 50ms window)

[ALERT STATUS]
  Alert level:        [1;31mHIGH[0m
  Reason:             [1;31mUDP FLOOD detected: 58576137 UDP pps | NTP AMP detected: 1918685 qps | [0m

[MULTI-LF (2025) COMPARISON]
=== Detection Performance vs ML-Based System ===

  First Detection Latency:   147.16 ms (vs MULTI-LF: 866 ms)
    Improvement:             5.9× faster

  Packets until detection:   0
  Bytes until detection:     0 (0.00 MB)

[OCTOSKETCH METRICS - Optimized Architecture]
=== Per-Worker Sketches + Sampling (1/32 packets) ===

  Architecture:              Per-worker (NO atomics, NO contention)
  Total sketch memory:       5377 KB (14 workers × 384.1 KB)
  Sampling rate:             1 in 32 packets (3.1% overhead)
  Attack traffic sampled:    8577952 updates
  Estimated attack packets:  274494464 (×32 sampling factor)
  Sketch overhead:           ~1.56% of fast-path cycles
  Memory efficiency:         O(1) constant, 384.1 KB per worker

[MULTIPLE DETECTION STATISTICS]
=== Aggregate Detection Analysis ===

  Total detection events:    2630
  Average detection latency: 51.88 ms
  Min detection latency:     50.22 ms
  Max detection latency:     251.52 ms
  Latency range:             201.30 ms

  Detection Latency Histogram:
    < 20 ms:  0 detections (0.0%)
    20-30 ms: 0 detections (0.0%)
    30-40 ms: 0 detections (0.0%)
    40-50 ms: 0 detections (0.0%)
    > 50 ms:  2629 detections (100.0%)

[PERFORMANCE METRICS]
  Throughput:         1.38 Gbps (1.92 Mpps)
  Cycles available:   1558 cycles/pkt (lower = higher load)
  Active IPs:         0
  Worker threads:     14 (lcores 1-14)

[DPDK NIC STATISTICS]
  RX packets (NIC):   261913478
  RX dropped (HW):    [0m0[0m (imissed)
  RX no mbufs:        [0m0[0m (buffer exhaustion)
  RX errors:          0
  Total drops:        [0m0 (0.00%)[0m
  RX burst calls:     58886703430 (99.6% empty)
  Processed pkts:     261913981 (100.0% of NIC RX)


╔═══════════════════════════════════════════════════════════════════════╗
║          MIRA DDoS DETECTOR - STATISTICS (MULTI-CORE)                ║
╚═══════════════════════════════════════════════════════════════════════╝

[PACKET COUNTERS - GLOBAL]
  Total packets:      271519799
  Baseline (10.10.2.x): 0 (0.0%)
  Attack (10.10.3.x): 271519799 (100.0%)
  TCP packets:        0
  UDP packets:        271519799
  ICMP packets:       0

[INSTANTANEOUS TRAFFIC - Last 5.0 seconds]
  Baseline (10.10.2.x): 0 pkts (0.0%)  0 bytes  0.00 Gbps
  Attack (10.10.3.x): 9605722 pkts (100.0%)  864515070 bytes  1.38 Gbps
  Total throughput:   1.38 Gbps  (avg pkt: 90 bytes)

[CUMULATIVE TRAFFIC - Since first packet (141.5s)]
  Total received:     271519799 pkts (1.92 Mpps) | 1.38 Gbps | 24436781910 bytes

[ATTACK-SPECIFIC COUNTERS]
  SYN packets:        0
  SYN-ACK packets:    0
  SYN/ACK ratio:      0.00
  HTTP requests:      0
  DNS queries:        0

[PROTOCOL-SPECIFIC COUNTERS - CIC-DDoS-2019 Features]
  NTP Amplification:
    Monlist queries:  271519799
    Responses:        0  (avg size: 0 bytes)
  DNS Amplification:
    ANY queries:      0
    TXT queries:      0
    Responses:        0  (avg size: 0 bytes)
  SNMP Amplification:
    GetBulk requests: 0
    Responses:        0  (avg size: 0 bytes)
  SSDP:
    M-SEARCH packets: 0
    Responses:        0
  PortMapper:
    GETPORT calls:    0
    DUMP calls:       0
  NetBIOS:
    Name queries:     0
    Datagram packets: 0
  LDAP:
    Bind requests:    0
    Search requests:  0
  MSSQL:
    SQLBatch packets: 0
    RPC packets:      0
  TFTP:
    RRQ (read) pkts:  0
    WRQ (write) pkts: 0

[ATTACK DETECTIONS - Cumulative Events]
  UDP flood events:   2726
  UDP-lag events:     0
  SYN flood events:   0
  HTTP flood events:  0
  ICMP flood events:  0
  DNS amp events:     0
  NTP amp events:     2726
  SNMP amp events:    0
  SSDP events:        0
  PortMap events:     0
  NetBIOS events:     0
  LDAP events:        0
  MSSQL events:       0
  TFTP events:        0
  ACK flood events:   0
  Frag attack events: 0
  Packet flood events:0
  (Note: Events count IPs exceeding thresholds per 50ms window)

[ALERT STATUS]
  Alert level:        [1;31mHIGH[0m
  Reason:             [1;31mUDP FLOOD detected: 61402654 UDP pps | NTP AMP detected: 1919872 qps | [0m

[MULTI-LF (2025) COMPARISON]
=== Detection Performance vs ML-Based System ===

  First Detection Latency:   147.16 ms (vs MULTI-LF: 866 ms)
    Improvement:             5.9× faster

  Packets until detection:   0
  Bytes until detection:     0 (0.00 MB)

[OCTOSKETCH METRICS - Optimized Architecture]
=== Per-Worker Sketches + Sampling (1/32 packets) ===

  Architecture:              Per-worker (NO atomics, NO contention)
  Total sketch memory:       5377 KB (14 workers × 384.1 KB)
  Sampling rate:             1 in 32 packets (3.1% overhead)
  Attack traffic sampled:    8486688 updates
  Estimated attack packets:  271574016 (×32 sampling factor)
  Sketch overhead:           ~1.56% of fast-path cycles
  Memory efficiency:         O(1) constant, 384.1 KB per worker

[MULTIPLE DETECTION STATISTICS]
=== Aggregate Detection Analysis ===

  Total detection events:    2726
  Average detection latency: 51.88 ms
  Min detection latency:     50.22 ms
  Max detection latency:     251.52 ms
  Latency range:             201.30 ms

  Detection Latency Histogram:
    < 20 ms:  0 detections (0.0%)
    20-30 ms: 0 detections (0.0%)
    30-40 ms: 0 detections (0.0%)
    40-50 ms: 0 detections (0.0%)
    > 50 ms:  2725 detections (100.0%)

[PERFORMANCE METRICS]
  Throughput:         1.38 Gbps (1.92 Mpps)
  Cycles available:   1557 cycles/pkt (lower = higher load)
  Active IPs:         0
  Worker threads:     14 (lcores 1-14)

[DPDK NIC STATISTICS]
  RX packets (NIC):   271519278
  RX dropped (HW):    [0m0[0m (imissed)
  RX no mbufs:        [0m0[0m (buffer exhaustion)
  RX errors:          0
  Total drops:        [0m0 (0.00%)[0m
  RX burst calls:     60765180623 (99.6% empty)
  Processed pkts:     271519799 (100.0% of NIC RX)


╔═══════════════════════════════════════════════════════════════════════╗
║          MIRA DDoS DETECTOR - STATISTICS (MULTI-CORE)                ║
╚═══════════════════════════════════════════════════════════════════════╝

[PACKET COUNTERS - GLOBAL]
  Total packets:      281121006
  Baseline (10.10.2.x): 0 (0.0%)
  Attack (10.10.3.x): 281121006 (100.0%)
  TCP packets:        0
  UDP packets:        281121006
  ICMP packets:       0

[INSTANTANEOUS TRAFFIC - Last 5.0 seconds]
  Baseline (10.10.2.x): 0 pkts (0.0%)  0 bytes  0.00 Gbps
  Attack (10.10.3.x): 10970414 pkts (100.0%)  864095760 bytes  1.38 Gbps
  Total throughput:   1.38 Gbps  (avg pkt: 79 bytes)

[CUMULATIVE TRAFFIC - Since first packet (146.5s)]
  Total received:     281121006 pkts (1.92 Mpps) | 1.38 Gbps | 25300890540 bytes

[ATTACK-SPECIFIC COUNTERS]
  SYN packets:        0
  SYN-ACK packets:    0
  SYN/ACK ratio:      0.00
  HTTP requests:      0
  DNS queries:        0

[PROTOCOL-SPECIFIC COUNTERS - CIC-DDoS-2019 Features]
  NTP Amplification:
    Monlist queries:  281121006
    Responses:        0  (avg size: 0 bytes)
  DNS Amplification:
    ANY queries:      0
    TXT queries:      0
    Responses:        0  (avg size: 0 bytes)
  SNMP Amplification:
    GetBulk requests: 0
    Responses:        0  (avg size: 0 bytes)
  SSDP:
    M-SEARCH packets: 0
    Responses:        0
  PortMapper:
    GETPORT calls:    0
    DUMP calls:       0
  NetBIOS:
    Name queries:     0
    Datagram packets: 0
  LDAP:
    Bind requests:    0
    Search requests:  0
  MSSQL:
    SQLBatch packets: 0
    RPC packets:      0
  TFTP:
    RRQ (read) pkts:  0
    WRQ (write) pkts: 0

[ATTACK DETECTIONS - Cumulative Events]
  UDP flood events:   2825
  UDP-lag events:     0
  SYN flood events:   0
  HTTP flood events:  0
  ICMP flood events:  0
  DNS amp events:     0
  NTP amp events:     2825
  SNMP amp events:    0
  SSDP events:        0
  PortMap events:     0
  NetBIOS events:     0
  LDAP events:        0
  MSSQL events:       0
  TFTP events:        0
  ACK flood events:   0
  Frag attack events: 0
  Packet flood events:0
  (Note: Events count IPs exceeding thresholds per 50ms window)

[ALERT STATUS]
  Alert level:        [1;31mHIGH[0m
  Reason:             [1;31mUDP FLOOD detected: 63583219 UDP pps | NTP AMP detected: 1918947 qps | [0m

[MULTI-LF (2025) COMPARISON]
=== Detection Performance vs ML-Based System ===

  First Detection Latency:   147.16 ms (vs MULTI-LF: 866 ms)
    Improvement:             5.9× faster

  Packets until detection:   0
  Bytes until detection:     0 (0.00 MB)

[OCTOSKETCH METRICS - Optimized Architecture]
=== Per-Worker Sketches + Sampling (1/32 packets) ===

  Architecture:              Per-worker (NO atomics, NO contention)
  Total sketch memory:       5377 KB (14 workers × 384.1 KB)
  Sampling rate:             1 in 32 packets (3.1% overhead)
  Attack traffic sampled:    8482528 updates
  Estimated attack packets:  271440896 (×32 sampling factor)
  Sketch overhead:           ~1.56% of fast-path cycles
  Memory efficiency:         O(1) constant, 384.1 KB per worker

[MULTIPLE DETECTION STATISTICS]
=== Aggregate Detection Analysis ===

  Total detection events:    2825
  Average detection latency: 51.84 ms
  Min detection latency:     50.22 ms
  Max detection latency:     251.52 ms
  Latency range:             201.30 ms

  Detection Latency Histogram:
    < 20 ms:  0 detections (0.0%)
    20-30 ms: 0 detections (0.0%)
    30-40 ms: 0 detections (0.0%)
    40-50 ms: 0 detections (0.0%)
    > 50 ms:  2824 detections (100.0%)

[PERFORMANCE METRICS]
  Throughput:         1.38 Gbps (2.19 Mpps)
  Cycles available:   1364 cycles/pkt (lower = higher load)
  Active IPs:         0
  Worker threads:     14 (lcores 1-14)

[DPDK NIC STATISTICS]
  RX packets (NIC):   281120516
  RX dropped (HW):    [0m0[0m (imissed)
  RX no mbufs:        [0m0[0m (buffer exhaustion)
  RX errors:          0
  Total drops:        [0m0 (0.00%)[0m
  RX burst calls:     62643971333 (99.6% empty)
  Processed pkts:     281121006 (100.0% of NIC RX)


╔═══════════════════════════════════════════════════════════════════════╗
║          MIRA DDoS DETECTOR - STATISTICS (MULTI-CORE)                ║
╚═══════════════════════════════════════════════════════════════════════╝

[PACKET COUNTERS - GLOBAL]
  Total packets:      290727247
  Baseline (10.10.2.x): 0 (0.0%)
  Attack (10.10.3.x): 290727247 (100.0%)
  TCP packets:        0
  UDP packets:        290727247
  ICMP packets:       0

[INSTANTANEOUS TRAFFIC - Last 5.0 seconds]
  Baseline (10.10.2.x): 0 pkts (0.0%)  0 bytes  0.00 Gbps
  Attack (10.10.3.x): 9606156 pkts (100.0%)  864554040 bytes  1.38 Gbps
  Total throughput:   1.38 Gbps  (avg pkt: 90 bytes)

[CUMULATIVE TRAFFIC - Since first packet (151.5s)]
  Total received:     290727247 pkts (1.92 Mpps) | 1.38 Gbps | 26165452230 bytes

[ATTACK-SPECIFIC COUNTERS]
  SYN packets:        0
  SYN-ACK packets:    0
  SYN/ACK ratio:      0.00
  HTTP requests:      0
  DNS queries:        0

[PROTOCOL-SPECIFIC COUNTERS - CIC-DDoS-2019 Features]
  NTP Amplification:
    Monlist queries:  290727247
    Responses:        0  (avg size: 0 bytes)
  DNS Amplification:
    ANY queries:      0
    TXT queries:      0
    Responses:        0  (avg size: 0 bytes)
  SNMP Amplification:
    GetBulk requests: 0
    Responses:        0  (avg size: 0 bytes)
  SSDP:
    M-SEARCH packets: 0
    Responses:        0
  PortMapper:
    GETPORT calls:    0
    DUMP calls:       0
  NetBIOS:
    Name queries:     0
    Datagram packets: 0
  LDAP:
    Bind requests:    0
    Search requests:  0
  MSSQL:
    SQLBatch packets: 0
    RPC packets:      0
  TFTP:
    RRQ (read) pkts:  0
    WRQ (write) pkts: 0

[ATTACK DETECTIONS - Cumulative Events]
  UDP flood events:   2922
  UDP-lag events:     0
  SYN flood events:   0
  HTTP flood events:  0
  ICMP flood events:  0
  DNS amp events:     0
  NTP amp events:     2922
  SNMP amp events:    0
  SSDP events:        0
  PortMap events:     0
  NetBIOS events:     0
  LDAP events:        0
  MSSQL events:       0
  TFTP events:        0
  ACK flood events:   0
  Frag attack events: 0
  Packet flood events:0
  (Note: Events count IPs exceeding thresholds per 50ms window)

[ALERT STATUS]
  Alert level:        [1;31mHIGH[0m
  Reason:             [1;31mUDP FLOOD detected: 65764937 UDP pps | NTP AMP detected: 1919889 qps | [0m

[MULTI-LF (2025) COMPARISON]
=== Detection Performance vs ML-Based System ===

  First Detection Latency:   147.16 ms (vs MULTI-LF: 866 ms)
    Improvement:             5.9× faster

  Packets until detection:   0
  Bytes until detection:     0 (0.00 MB)

[OCTOSKETCH METRICS - Optimized Architecture]
=== Per-Worker Sketches + Sampling (1/32 packets) ===

  Architecture:              Per-worker (NO atomics, NO contention)
  Total sketch memory:       5377 KB (14 workers × 384.1 KB)
  Sampling rate:             1 in 32 packets (3.1% overhead)
  Attack traffic sampled:    8486784 updates
  Estimated attack packets:  271577088 (×32 sampling factor)
  Sketch overhead:           ~1.56% of fast-path cycles
  Memory efficiency:         O(1) constant, 384.1 KB per worker

[MULTIPLE DETECTION STATISTICS]
=== Aggregate Detection Analysis ===

  Total detection events:    2922
  Average detection latency: 51.84 ms
  Min detection latency:     50.22 ms
  Max detection latency:     251.52 ms
  Latency range:             201.30 ms

  Detection Latency Histogram:
    < 20 ms:  0 detections (0.0%)
    20-30 ms: 0 detections (0.0%)
    30-40 ms: 0 detections (0.0%)
    40-50 ms: 0 detections (0.0%)
    > 50 ms:  2921 detections (100.0%)

[PERFORMANCE METRICS]
  Throughput:         1.38 Gbps (1.92 Mpps)
  Cycles available:   1557 cycles/pkt (lower = higher load)
  Active IPs:         0
  Worker threads:     14 (lcores 1-14)

[DPDK NIC STATISTICS]
  RX packets (NIC):   290726740
  RX dropped (HW):    [0m0[0m (imissed)
  RX no mbufs:        [0m0[0m (buffer exhaustion)
  RX errors:          0
  Total drops:        [0m0 (0.00%)[0m
  RX burst calls:     64522665353 (99.6% empty)
  Processed pkts:     290727247 (100.0% of NIC RX)


╔═══════════════════════════════════════════════════════════════════════╗
║          MIRA DDoS DETECTOR - STATISTICS (MULTI-CORE)                ║
╚═══════════════════════════════════════════════════════════════════════╝

[PACKET COUNTERS - GLOBAL]
  Total packets:      300328334
  Baseline (10.10.2.x): 0 (0.0%)
  Attack (10.10.3.x): 300328334 (100.0%)
  TCP packets:        0
  UDP packets:        300328334
  ICMP packets:       0

[INSTANTANEOUS TRAFFIC - Last 5.0 seconds]
  Baseline (10.10.2.x): 0 pkts (0.0%)  0 bytes  0.00 Gbps
  Attack (10.10.3.x): 9600992 pkts (100.0%)  864089280 bytes  1.38 Gbps
  Total throughput:   1.38 Gbps  (avg pkt: 90 bytes)

[CUMULATIVE TRAFFIC - Since first packet (156.5s)]
  Total received:     300328334 pkts (1.92 Mpps) | 1.38 Gbps | 27029550060 bytes

[ATTACK-SPECIFIC COUNTERS]
  SYN packets:        0
  SYN-ACK packets:    0
  SYN/ACK ratio:      0.00
  HTTP requests:      0
  DNS queries:        0

[PROTOCOL-SPECIFIC COUNTERS - CIC-DDoS-2019 Features]
  NTP Amplification:
    Monlist queries:  300328334
    Responses:        0  (avg size: 0 bytes)
  DNS Amplification:
    ANY queries:      0
    TXT queries:      0
    Responses:        0  (avg size: 0 bytes)
  SNMP Amplification:
    GetBulk requests: 0
    Responses:        0  (avg size: 0 bytes)
  SSDP:
    M-SEARCH packets: 0
    Responses:        0
  PortMapper:
    GETPORT calls:    0
    DUMP calls:       0
  NetBIOS:
    Name queries:     0
    Datagram packets: 0
  LDAP:
    Bind requests:    0
    Search requests:  0
  MSSQL:
    SQLBatch packets: 0
    RPC packets:      0
  TFTP:
    RRQ (read) pkts:  0
    WRQ (write) pkts: 0

[ATTACK DETECTIONS - Cumulative Events]
  UDP flood events:   3018
  UDP-lag events:     0
  SYN flood events:   0
  HTTP flood events:  0
  ICMP flood events:  0
  DNS amp events:     0
  NTP amp events:     3018
  SNMP amp events:    0
  SSDP events:        0
  PortMap events:     0
  NetBIOS events:     0
  LDAP events:        0
  MSSQL events:       0
  TFTP events:        0
  ACK flood events:   0
  Frag attack events: 0
  Packet flood events:0
  (Note: Events count IPs exceeding thresholds per 50ms window)

[ALERT STATUS]
  Alert level:        [1;31mHIGH[0m
  Reason:             [1;31mUDP FLOOD detected: 68703733 UDP pps | NTP AMP detected: 1918852 qps | [0m

[MULTI-LF (2025) COMPARISON]
=== Detection Performance vs ML-Based System ===

  First Detection Latency:   147.16 ms (vs MULTI-LF: 866 ms)
    Improvement:             5.9× faster

  Packets until detection:   0
  Bytes until detection:     0 (0.00 MB)

[OCTOSKETCH METRICS - Optimized Architecture]
=== Per-Worker Sketches + Sampling (1/32 packets) ===

  Architecture:              Per-worker (NO atomics, NO contention)
  Total sketch memory:       5377 KB (14 workers × 384.1 KB)
  Sampling rate:             1 in 32 packets (3.1% overhead)
  Attack traffic sampled:    8385792 updates
  Estimated attack packets:  268345344 (×32 sampling factor)
  Sketch overhead:           ~1.56% of fast-path cycles
  Memory efficiency:         O(1) constant, 384.1 KB per worker

[MULTIPLE DETECTION STATISTICS]
=== Aggregate Detection Analysis ===

  Total detection events:    3018
  Average detection latency: 51.83 ms
  Min detection latency:     50.22 ms
  Max detection latency:     251.52 ms
  Latency range:             201.30 ms

  Detection Latency Histogram:
    < 20 ms:  0 detections (0.0%)
    20-30 ms: 0 detections (0.0%)
    30-40 ms: 0 detections (0.0%)
    40-50 ms: 0 detections (0.0%)
    > 50 ms:  3017 detections (100.0%)

[PERFORMANCE METRICS]
  Throughput:         1.38 Gbps (1.92 Mpps)
  Cycles available:   1558 cycles/pkt (lower = higher load)
  Active IPs:         0
  Worker threads:     14 (lcores 1-14)

[DPDK NIC STATISTICS]
  RX packets (NIC):   300327833
  RX dropped (HW):    [0m0[0m (imissed)
  RX no mbufs:        [0m0[0m (buffer exhaustion)
  RX errors:          0
  Total drops:        [0m0 (0.00%)[0m
  RX burst calls:     66401423553 (99.6% empty)
  Processed pkts:     300328334 (100.0% of NIC RX)


╔═══════════════════════════════════════════════════════════════════════╗
║          MIRA DDoS DETECTOR - STATISTICS (MULTI-CORE)                ║
╚═══════════════════════════════════════════════════════════════════════╝

[PACKET COUNTERS - GLOBAL]
  Total packets:      309933568
  Baseline (10.10.2.x): 0 (0.0%)
  Attack (10.10.3.x): 309933568 (100.0%)
  TCP packets:        0
  UDP packets:        309933568
  ICMP packets:       0

[INSTANTANEOUS TRAFFIC - Last 5.0 seconds]
  Baseline (10.10.2.x): 0 pkts (0.0%)  0 bytes  0.00 Gbps
  Attack (10.10.3.x): 9605131 pkts (100.0%)  864461700 bytes  1.38 Gbps
  Total throughput:   1.38 Gbps  (avg pkt: 90 bytes)

[CUMULATIVE TRAFFIC - Since first packet (161.5s)]
  Total received:     309933568 pkts (1.92 Mpps) | 1.38 Gbps | 27894021120 bytes

[ATTACK-SPECIFIC COUNTERS]
  SYN packets:        0
  SYN-ACK packets:    0
  SYN/ACK ratio:      0.00
  HTTP requests:      0
  DNS queries:        0

[PROTOCOL-SPECIFIC COUNTERS - CIC-DDoS-2019 Features]
  NTP Amplification:
    Monlist queries:  309933568
    Responses:        0  (avg size: 0 bytes)
  DNS Amplification:
    ANY queries:      0
    TXT queries:      0
    Responses:        0  (avg size: 0 bytes)
  SNMP Amplification:
    GetBulk requests: 0
    Responses:        0  (avg size: 0 bytes)
  SSDP:
    M-SEARCH packets: 0
    Responses:        0
  PortMapper:
    GETPORT calls:    0
    DUMP calls:       0
  NetBIOS:
    Name queries:     0
    Datagram packets: 0
  LDAP:
    Bind requests:    0
    Search requests:  0
  MSSQL:
    SQLBatch packets: 0
    RPC packets:      0
  TFTP:
    RRQ (read) pkts:  0
    WRQ (write) pkts: 0

[ATTACK DETECTIONS - Cumulative Events]
  UDP flood events:   3115
  UDP-lag events:     0
  SYN flood events:   0
  HTTP flood events:  0
  ICMP flood events:  0
  DNS amp events:     0
  NTP amp events:     3115
  SNMP amp events:    0
  SSDP events:        0
  PortMap events:     0
  NetBIOS events:     0
  LDAP events:        0
  MSSQL events:       0
  TFTP events:        0
  ACK flood events:   0
  Frag attack events: 0
  Packet flood events:0
  (Note: Events count IPs exceeding thresholds per 50ms window)

[ALERT STATUS]
  Alert level:        [1;31mHIGH[0m
  Reason:             [1;31mUDP FLOOD detected: 70910339 UDP pps | NTP AMP detected: 1919919 qps | [0m

[MULTI-LF (2025) COMPARISON]
=== Detection Performance vs ML-Based System ===

  First Detection Latency:   147.16 ms (vs MULTI-LF: 866 ms)
    Improvement:             5.9× faster

  Packets until detection:   0
  Bytes until detection:     0 (0.00 MB)

[OCTOSKETCH METRICS - Optimized Architecture]
=== Per-Worker Sketches + Sampling (1/32 packets) ===

  Architecture:              Per-worker (NO atomics, NO contention)
  Total sketch memory:       5377 KB (14 workers × 384.1 KB)
  Sampling rate:             1 in 32 packets (3.1% overhead)
  Attack traffic sampled:    8390496 updates
  Estimated attack packets:  268495872 (×32 sampling factor)
  Sketch overhead:           ~1.56% of fast-path cycles
  Memory efficiency:         O(1) constant, 384.1 KB per worker

[MULTIPLE DETECTION STATISTICS]
=== Aggregate Detection Analysis ===

  Total detection events:    3115
  Average detection latency: 51.83 ms
  Min detection latency:     50.22 ms
  Max detection latency:     251.52 ms
  Latency range:             201.30 ms

  Detection Latency Histogram:
    < 20 ms:  0 detections (0.0%)
    20-30 ms: 0 detections (0.0%)
    30-40 ms: 0 detections (0.0%)
    40-50 ms: 0 detections (0.0%)
    > 50 ms:  3114 detections (100.0%)

[PERFORMANCE METRICS]
  Throughput:         1.38 Gbps (1.92 Mpps)
  Cycles available:   1558 cycles/pkt (lower = higher load)
  Active IPs:         0
  Worker threads:     14 (lcores 1-14)

[DPDK NIC STATISTICS]
  RX packets (NIC):   309933077
  RX dropped (HW):    [0m0[0m (imissed)
  RX no mbufs:        [0m0[0m (buffer exhaustion)
  RX errors:          0
  Total drops:        [0m0 (0.00%)[0m
  RX burst calls:     68280061438 (99.6% empty)
  Processed pkts:     309933568 (100.0% of NIC RX)


╔═══════════════════════════════════════════════════════════════════════╗
║          MIRA DDoS DETECTOR - STATISTICS (MULTI-CORE)                ║
╚═══════════════════════════════════════════════════════════════════════╝

[PACKET COUNTERS - GLOBAL]
  Total packets:      319538542
  Baseline (10.10.2.x): 0 (0.0%)
  Attack (10.10.3.x): 319538542 (100.0%)
  TCP packets:        0
  UDP packets:        319538542
  ICMP packets:       0

[INSTANTANEOUS TRAFFIC - Last 5.0 seconds]
  Baseline (10.10.2.x): 0 pkts (0.0%)  0 bytes  0.00 Gbps
  Attack (10.10.3.x): 9604879 pkts (100.0%)  927002700 bytes  1.48 Gbps
  Total throughput:   1.48 Gbps  (avg pkt: 97 bytes)

[CUMULATIVE TRAFFIC - Since first packet (166.5s)]
  Total received:     319538542 pkts (1.92 Mpps) | 1.38 Gbps | 28758468780 bytes

[ATTACK-SPECIFIC COUNTERS]
  SYN packets:        0
  SYN-ACK packets:    0
  SYN/ACK ratio:      0.00
  HTTP requests:      0
  DNS queries:        0

[PROTOCOL-SPECIFIC COUNTERS - CIC-DDoS-2019 Features]
  NTP Amplification:
    Monlist queries:  319538542
    Responses:        0  (avg size: 0 bytes)
  DNS Amplification:
    ANY queries:      0
    TXT queries:      0
    Responses:        0  (avg size: 0 bytes)
  SNMP Amplification:
    GetBulk requests: 0
    Responses:        0  (avg size: 0 bytes)
  SSDP:
    M-SEARCH packets: 0
    Responses:        0
  PortMapper:
    GETPORT calls:    0
    DUMP calls:       0
  NetBIOS:
    Name queries:     0
    Datagram packets: 0
  LDAP:
    Bind requests:    0
    Search requests:  0
  MSSQL:
    SQLBatch packets: 0
    RPC packets:      0
  TFTP:
    RRQ (read) pkts:  0
    WRQ (write) pkts: 0

[ATTACK DETECTIONS - Cumulative Events]
  UDP flood events:   3211
  UDP-lag events:     0
  SYN flood events:   0
  HTTP flood events:  0
  ICMP flood events:  0
  DNS amp events:     0
  NTP amp events:     3211
  SNMP amp events:    0
  SSDP events:        0
  PortMap events:     0
  NetBIOS events:     0
  LDAP events:        0
  MSSQL events:       0
  TFTP events:        0
  ACK flood events:   0
  Frag attack events: 0
  Packet flood events:0
  (Note: Events count IPs exceeding thresholds per 50ms window)

[ALERT STATUS]
  Alert level:        [1;31mHIGH[0m
  Reason:             [1;31mUDP FLOOD detected: 73945113 UDP pps | NTP AMP detected: 1919382 qps | [0m

[MULTI-LF (2025) COMPARISON]
=== Detection Performance vs ML-Based System ===

  First Detection Latency:   147.16 ms (vs MULTI-LF: 866 ms)
    Improvement:             5.9× faster

  Packets until detection:   0
  Bytes until detection:     0 (0.00 MB)

[OCTOSKETCH METRICS - Optimized Architecture]
=== Per-Worker Sketches + Sampling (1/32 packets) ===

  Architecture:              Per-worker (NO atomics, NO contention)
  Total sketch memory:       5377 KB (14 workers × 384.1 KB)
  Sampling rate:             1 in 32 packets (3.1% overhead)
  Attack traffic sampled:    8291712 updates
  Estimated attack packets:  265334784 (×32 sampling factor)
  Sketch overhead:           ~1.56% of fast-path cycles
  Memory efficiency:         O(1) constant, 384.1 KB per worker

[MULTIPLE DETECTION STATISTICS]
=== Aggregate Detection Analysis ===

  Total detection events:    3211
  Average detection latency: 51.83 ms
  Min detection latency:     50.22 ms
  Max detection latency:     251.52 ms
  Latency range:             201.30 ms

  Detection Latency Histogram:
    < 20 ms:  0 detections (0.0%)
    20-30 ms: 0 detections (0.0%)
    30-40 ms: 0 detections (0.0%)
    40-50 ms: 0 detections (0.0%)
    > 50 ms:  3210 detections (100.0%)

[PERFORMANCE METRICS]
  Throughput:         1.48 Gbps (1.92 Mpps)
  Cycles available:   1558 cycles/pkt (lower = higher load)
  Active IPs:         0
  Worker threads:     14 (lcores 1-14)

[DPDK NIC STATISTICS]
  RX packets (NIC):   319538065
  RX dropped (HW):    [0m0[0m (imissed)
  RX no mbufs:        [0m0[0m (buffer exhaustion)
  RX errors:          0
  Total drops:        [0m0 (0.00%)[0m
  RX burst calls:     70158340328 (99.6% empty)
  Processed pkts:     319538542 (100.0% of NIC RX)


╔═══════════════════════════════════════════════════════════════════════╗
║          MIRA DDoS DETECTOR - STATISTICS (MULTI-CORE)                ║
╚═══════════════════════════════════════════════════════════════════════╝

[PACKET COUNTERS - GLOBAL]
  Total packets:      329140990
  Baseline (10.10.2.x): 0 (0.0%)
  Attack (10.10.3.x): 329140990 (100.0%)
  TCP packets:        0
  UDP packets:        329140990
  ICMP packets:       0

[INSTANTANEOUS TRAFFIC - Last 5.0 seconds]
  Baseline (10.10.2.x): 0 pkts (0.0%)  0 bytes  0.00 Gbps
  Attack (10.10.3.x): 9602343 pkts (100.0%)  864210960 bytes  1.38 Gbps
  Total throughput:   1.38 Gbps  (avg pkt: 90 bytes)

[CUMULATIVE TRAFFIC - Since first packet (171.5s)]
  Total received:     329140990 pkts (1.92 Mpps) | 1.38 Gbps | 29622689100 bytes

[ATTACK-SPECIFIC COUNTERS]
  SYN packets:        0
  SYN-ACK packets:    0
  SYN/ACK ratio:      0.00
  HTTP requests:      0
  DNS queries:        0

[PROTOCOL-SPECIFIC COUNTERS - CIC-DDoS-2019 Features]
  NTP Amplification:
    Monlist queries:  329140990
    Responses:        0  (avg size: 0 bytes)
  DNS Amplification:
    ANY queries:      0
    TXT queries:      0
    Responses:        0  (avg size: 0 bytes)
  SNMP Amplification:
    GetBulk requests: 0
    Responses:        0  (avg size: 0 bytes)
  SSDP:
    M-SEARCH packets: 0
    Responses:        0
  PortMapper:
    GETPORT calls:    0
    DUMP calls:       0
  NetBIOS:
    Name queries:     0
    Datagram packets: 0
  LDAP:
    Bind requests:    0
    Search requests:  0
  MSSQL:
    SQLBatch packets: 0
    RPC packets:      0
  TFTP:
    RRQ (read) pkts:  0
    WRQ (write) pkts: 0

[ATTACK DETECTIONS - Cumulative Events]
  UDP flood events:   3307
  UDP-lag events:     0
  SYN flood events:   0
  HTTP flood events:  0
  ICMP flood events:  0
  DNS amp events:     0
  NTP amp events:     3307
  SNMP amp events:    0
  SSDP events:        0
  PortMap events:     0
  NetBIOS events:     0
  LDAP events:        0
  MSSQL events:       0
  TFTP events:        0
  ACK flood events:   0
  Frag attack events: 0
  Packet flood events:0
  (Note: Events count IPs exceeding thresholds per 50ms window)

[ALERT STATUS]
  Alert level:        [1;31mHIGH[0m
  Reason:             [1;31mUDP FLOOD detected: 76176742 UDP pps | NTP AMP detected: 1919306 qps | [0m

[MULTI-LF (2025) COMPARISON]
=== Detection Performance vs ML-Based System ===

  First Detection Latency:   147.16 ms (vs MULTI-LF: 866 ms)
    Improvement:             5.9× faster

  Packets until detection:   0
  Bytes until detection:     0 (0.00 MB)

[OCTOSKETCH METRICS - Optimized Architecture]
=== Per-Worker Sketches + Sampling (1/32 packets) ===

  Architecture:              Per-worker (NO atomics, NO contention)
  Total sketch memory:       5377 KB (14 workers × 384.1 KB)
  Sampling rate:             1 in 32 packets (3.1% overhead)
  Attack traffic sampled:    8291264 updates
  Estimated attack packets:  265320448 (×32 sampling factor)
  Sketch overhead:           ~1.56% of fast-path cycles
  Memory efficiency:         O(1) constant, 384.1 KB per worker

[MULTIPLE DETECTION STATISTICS]
=== Aggregate Detection Analysis ===

  Total detection events:    3307
  Average detection latency: 51.85 ms
  Min detection latency:     50.22 ms
  Max detection latency:     251.52 ms
  Latency range:             201.30 ms

  Detection Latency Histogram:
    < 20 ms:  0 detections (0.0%)
    20-30 ms: 0 detections (0.0%)
    30-40 ms: 0 detections (0.0%)
    40-50 ms: 0 detections (0.0%)
    > 50 ms:  3306 detections (100.0%)

[PERFORMANCE METRICS]
  Throughput:         1.38 Gbps (1.92 Mpps)
  Cycles available:   1558 cycles/pkt (lower = higher load)
  Active IPs:         0
  Worker threads:     14 (lcores 1-14)

[DPDK NIC STATISTICS]
  RX packets (NIC):   329140511
  RX dropped (HW):    [0m0[0m (imissed)
  RX no mbufs:        [0m0[0m (buffer exhaustion)
  RX errors:          0
  Total drops:        [0m0 (0.00%)[0m
  RX burst calls:     72036836544 (99.6% empty)
  Processed pkts:     329140990 (100.0% of NIC RX)


╔═══════════════════════════════════════════════════════════════════════╗
║          MIRA DDoS DETECTOR - STATISTICS (MULTI-CORE)                ║
╚═══════════════════════════════════════════════════════════════════════╝

[PACKET COUNTERS - GLOBAL]
  Total packets:      338746168
  Baseline (10.10.2.x): 0 (0.0%)
  Attack (10.10.3.x): 338746168 (100.0%)
  TCP packets:        0
  UDP packets:        338746168
  ICMP packets:       0

[INSTANTANEOUS TRAFFIC - Last 5.0 seconds]
  Baseline (10.10.2.x): 0 pkts (0.0%)  0 bytes  0.00 Gbps
  Attack (10.10.3.x): 9605070 pkts (100.0%)  864456300 bytes  1.38 Gbps
  Total throughput:   1.38 Gbps  (avg pkt: 90 bytes)

[CUMULATIVE TRAFFIC - Since first packet (176.5s)]
  Total received:     338746168 pkts (1.92 Mpps) | 1.38 Gbps | 30487155120 bytes

[ATTACK-SPECIFIC COUNTERS]
  SYN packets:        0
  SYN-ACK packets:    0
  SYN/ACK ratio:      0.00
  HTTP requests:      0
  DNS queries:        0

[PROTOCOL-SPECIFIC COUNTERS - CIC-DDoS-2019 Features]
  NTP Amplification:
    Monlist queries:  338746168
    Responses:        0  (avg size: 0 bytes)
  DNS Amplification:
    ANY queries:      0
    TXT queries:      0
    Responses:        0  (avg size: 0 bytes)
  SNMP Amplification:
    GetBulk requests: 0
    Responses:        0  (avg size: 0 bytes)
  SSDP:
    M-SEARCH packets: 0
    Responses:        0
  PortMapper:
    GETPORT calls:    0
    DUMP calls:       0
  NetBIOS:
    Name queries:     0
    Datagram packets: 0
  LDAP:
    Bind requests:    0
    Search requests:  0
  MSSQL:
    SQLBatch packets: 0
    RPC packets:      0
  TFTP:
    RRQ (read) pkts:  0
    WRQ (write) pkts: 0

[ATTACK DETECTIONS - Cumulative Events]
  UDP flood events:   3404
  UDP-lag events:     0
  SYN flood events:   0
  HTTP flood events:  0
  ICMP flood events:  0
  DNS amp events:     0
  NTP amp events:     3404
  SNMP amp events:    0
  SSDP events:        0
  PortMap events:     0
  NetBIOS events:     0
  LDAP events:        0
  MSSQL events:       0
  TFTP events:        0
  ACK flood events:   0
  Frag attack events: 0
  Packet flood events:0
  (Note: Events count IPs exceeding thresholds per 50ms window)

[ALERT STATUS]
  Alert level:        [1;31mHIGH[0m
  Reason:             [1;31mUDP FLOOD detected: 78408285 UDP pps | NTP AMP detected: 1919372 qps | [0m

[MULTI-LF (2025) COMPARISON]
=== Detection Performance vs ML-Based System ===

  First Detection Latency:   147.16 ms (vs MULTI-LF: 866 ms)
    Improvement:             5.9× faster

  Packets until detection:   0
  Bytes until detection:     0 (0.00 MB)

[OCTOSKETCH METRICS - Optimized Architecture]
=== Per-Worker Sketches + Sampling (1/32 packets) ===

  Architecture:              Per-worker (NO atomics, NO contention)
  Total sketch memory:       5377 KB (14 workers × 384.1 KB)
  Sampling rate:             1 in 32 packets (3.1% overhead)
  Attack traffic sampled:    8291648 updates
  Estimated attack packets:  265332736 (×32 sampling factor)
  Sketch overhead:           ~1.56% of fast-path cycles
  Memory efficiency:         O(1) constant, 384.1 KB per worker

[MULTIPLE DETECTION STATISTICS]
=== Aggregate Detection Analysis ===

  Total detection events:    3404
  Average detection latency: 51.85 ms
  Min detection latency:     50.22 ms
  Max detection latency:     251.52 ms
  Latency range:             201.30 ms

  Detection Latency Histogram:
    < 20 ms:  0 detections (0.0%)
    20-30 ms: 0 detections (0.0%)
    30-40 ms: 0 detections (0.0%)
    40-50 ms: 0 detections (0.0%)
    > 50 ms:  3403 detections (100.0%)

[PERFORMANCE METRICS]
  Throughput:         1.38 Gbps (1.92 Mpps)
  Cycles available:   1558 cycles/pkt (lower = higher load)
  Active IPs:         0
  Worker threads:     14 (lcores 1-14)

[DPDK NIC STATISTICS]
  RX packets (NIC):   338745678
  RX dropped (HW):    [0m0[0m (imissed)
  RX no mbufs:        [0m0[0m (buffer exhaustion)
  RX errors:          0
  Total drops:        [0m0 (0.00%)[0m
  RX burst calls:     73915324146 (99.6% empty)
  Processed pkts:     338746168 (100.0% of NIC RX)


╔═══════════════════════════════════════════════════════════════════════╗
║          MIRA DDoS DETECTOR - STATISTICS (MULTI-CORE)                ║
╚═══════════════════════════════════════════════════════════════════════╝

[PACKET COUNTERS - GLOBAL]
  Total packets:      348349474
  Baseline (10.10.2.x): 0 (0.0%)
  Attack (10.10.3.x): 348349474 (100.0%)
  TCP packets:        0
  UDP packets:        348349474
  ICMP packets:       0

[INSTANTANEOUS TRAFFIC - Last 5.0 seconds]
  Baseline (10.10.2.x): 0 pkts (0.0%)  0 bytes  0.00 Gbps
  Attack (10.10.3.x): 9603215 pkts (100.0%)  864289530 bytes  1.38 Gbps
  Total throughput:   1.38 Gbps  (avg pkt: 90 bytes)

[CUMULATIVE TRAFFIC - Since first packet (181.5s)]
  Total received:     348349474 pkts (1.92 Mpps) | 1.38 Gbps | 31351452660 bytes

[ATTACK-SPECIFIC COUNTERS]
  SYN packets:        0
  SYN-ACK packets:    0
  SYN/ACK ratio:      0.00
  HTTP requests:      0
  DNS queries:        0

[PROTOCOL-SPECIFIC COUNTERS - CIC-DDoS-2019 Features]
  NTP Amplification:
    Monlist queries:  348349474
    Responses:        0  (avg size: 0 bytes)
  DNS Amplification:
    ANY queries:      0
    TXT queries:      0
    Responses:        0  (avg size: 0 bytes)
  SNMP Amplification:
    GetBulk requests: 0
    Responses:        0  (avg size: 0 bytes)
  SSDP:
    M-SEARCH packets: 0
    Responses:        0
  PortMapper:
    GETPORT calls:    0
    DUMP calls:       0
  NetBIOS:
    Name queries:     0
    Datagram packets: 0
  LDAP:
    Bind requests:    0
    Search requests:  0
  MSSQL:
    SQLBatch packets: 0
    RPC packets:      0
  TFTP:
    RRQ (read) pkts:  0
    WRQ (write) pkts: 0

[ATTACK DETECTIONS - Cumulative Events]
  UDP flood events:   3500
  UDP-lag events:     0
  SYN flood events:   0
  HTTP flood events:  0
  ICMP flood events:  0
  DNS amp events:     0
  NTP amp events:     3500
  SNMP amp events:    0
  SSDP events:        0
  PortMap events:     0
  NetBIOS events:     0
  LDAP events:        0
  MSSQL events:       0
  TFTP events:        0
  ACK flood events:   0
  Frag attack events: 0
  Packet flood events:0
  (Note: Events count IPs exceeding thresholds per 50ms window)

[ALERT STATUS]
  Alert level:        [1;31mHIGH[0m
  Reason:             [1;31mUDP FLOOD detected: 81566181 UDP pps | NTP AMP detected: 1919497 qps | [0m

[MULTI-LF (2025) COMPARISON]
=== Detection Performance vs ML-Based System ===

  First Detection Latency:   147.16 ms (vs MULTI-LF: 866 ms)
    Improvement:             5.9× faster

  Packets until detection:   0
  Bytes until detection:     0 (0.00 MB)

[OCTOSKETCH METRICS - Optimized Architecture]
=== Per-Worker Sketches + Sampling (1/32 packets) ===

  Architecture:              Per-worker (NO atomics, NO contention)
  Total sketch memory:       5377 KB (14 workers × 384.1 KB)
  Sampling rate:             1 in 32 packets (3.1% overhead)
  Attack traffic sampled:    8195808 updates
  Estimated attack packets:  262265856 (×32 sampling factor)
  Sketch overhead:           ~1.56% of fast-path cycles
  Memory efficiency:         O(1) constant, 384.1 KB per worker

[MULTIPLE DETECTION STATISTICS]
=== Aggregate Detection Analysis ===

  Total detection events:    3500
  Average detection latency: 51.84 ms
  Min detection latency:     50.22 ms
  Max detection latency:     251.52 ms
  Latency range:             201.30 ms

  Detection Latency Histogram:
    < 20 ms:  0 detections (0.0%)
    20-30 ms: 0 detections (0.0%)
    30-40 ms: 0 detections (0.0%)
    40-50 ms: 0 detections (0.0%)
    > 50 ms:  3499 detections (100.0%)

[PERFORMANCE METRICS]
  Throughput:         1.38 Gbps (1.92 Mpps)
  Cycles available:   1558 cycles/pkt (lower = higher load)
  Active IPs:         0
  Worker threads:     14 (lcores 1-14)

[DPDK NIC STATISTICS]
  RX packets (NIC):   348348987
  RX dropped (HW):    [0m0[0m (imissed)
  RX no mbufs:        [0m0[0m (buffer exhaustion)
  RX errors:          0
  Total drops:        [0m0 (0.00%)[0m
  RX burst calls:     75793460197 (99.6% empty)
  Processed pkts:     348349474 (100.0% of NIC RX)


╔═══════════════════════════════════════════════════════════════════════╗
║          MIRA DDoS DETECTOR - STATISTICS (MULTI-CORE)                ║
╚═══════════════════════════════════════════════════════════════════════╝

[PACKET COUNTERS - GLOBAL]
  Total packets:      357954487
  Baseline (10.10.2.x): 0 (0.0%)
  Attack (10.10.3.x): 357954487 (100.0%)
  TCP packets:        0
  UDP packets:        357954487
  ICMP packets:       0

[INSTANTANEOUS TRAFFIC - Last 5.0 seconds]
  Baseline (10.10.2.x): 0 pkts (0.0%)  0 bytes  0.00 Gbps
  Attack (10.10.3.x): 9604923 pkts (100.0%)  864443070 bytes  1.38 Gbps
  Total throughput:   1.38 Gbps  (avg pkt: 90 bytes)

[CUMULATIVE TRAFFIC - Since first packet (186.5s)]
  Total received:     357954487 pkts (1.92 Mpps) | 1.38 Gbps | 32215903830 bytes

[ATTACK-SPECIFIC COUNTERS]
  SYN packets:        0
  SYN-ACK packets:    0
  SYN/ACK ratio:      0.00
  HTTP requests:      0
  DNS queries:        0

[PROTOCOL-SPECIFIC COUNTERS - CIC-DDoS-2019 Features]
  NTP Amplification:
    Monlist queries:  357954487
    Responses:        0  (avg size: 0 bytes)
  DNS Amplification:
    ANY queries:      0
    TXT queries:      0
    Responses:        0  (avg size: 0 bytes)
  SNMP Amplification:
    GetBulk requests: 0
    Responses:        0  (avg size: 0 bytes)
  SSDP:
    M-SEARCH packets: 0
    Responses:        0
  PortMapper:
    GETPORT calls:    0
    DUMP calls:       0
  NetBIOS:
    Name queries:     0
    Datagram packets: 0
  LDAP:
    Bind requests:    0
    Search requests:  0
  MSSQL:
    SQLBatch packets: 0
    RPC packets:      0
  TFTP:
    RRQ (read) pkts:  0
    WRQ (write) pkts: 0

[ATTACK DETECTIONS - Cumulative Events]
  UDP flood events:   3597
  UDP-lag events:     0
  SYN flood events:   0
  HTTP flood events:  0
  ICMP flood events:  0
  DNS amp events:     0
  NTP amp events:     3597
  SNMP amp events:    0
  SSDP events:        0
  PortMap events:     0
  NetBIOS events:     0
  LDAP events:        0
  MSSQL events:       0
  TFTP events:        0
  ACK flood events:   0
  Frag attack events: 0
  Packet flood events:0
  (Note: Events count IPs exceeding thresholds per 50ms window)

[ALERT STATUS]
  Alert level:        [1;31mHIGH[0m
  Reason:             [1;31mUDP FLOOD detected: 83824966 UDP pps | NTP AMP detected: 1919711 qps | [0m

[MULTI-LF (2025) COMPARISON]
=== Detection Performance vs ML-Based System ===

  First Detection Latency:   147.16 ms (vs MULTI-LF: 866 ms)
    Improvement:             5.9× faster

  Packets until detection:   0
  Bytes until detection:     0 (0.00 MB)

[OCTOSKETCH METRICS - Optimized Architecture]
=== Per-Worker Sketches + Sampling (1/32 packets) ===

  Architecture:              Per-worker (NO atomics, NO contention)
  Total sketch memory:       5377 KB (14 workers × 384.1 KB)
  Sampling rate:             1 in 32 packets (3.1% overhead)
  Attack traffic sampled:    8196736 updates
  Estimated attack packets:  262295552 (×32 sampling factor)
  Sketch overhead:           ~1.56% of fast-path cycles
  Memory efficiency:         O(1) constant, 384.1 KB per worker

[MULTIPLE DETECTION STATISTICS]
=== Aggregate Detection Analysis ===

  Total detection events:    3597
  Average detection latency: 51.84 ms
  Min detection latency:     50.22 ms
  Max detection latency:     251.52 ms
  Latency range:             201.30 ms

  Detection Latency Histogram:
    < 20 ms:  0 detections (0.0%)
    20-30 ms: 0 detections (0.0%)
    30-40 ms: 0 detections (0.0%)
    40-50 ms: 0 detections (0.0%)
    > 50 ms:  3596 detections (100.0%)

[PERFORMANCE METRICS]
  Throughput:         1.38 Gbps (1.92 Mpps)
  Cycles available:   1558 cycles/pkt (lower = higher load)
  Active IPs:         0
  Worker threads:     14 (lcores 1-14)

[DPDK NIC STATISTICS]
  RX packets (NIC):   357954008
  RX dropped (HW):    [0m0[0m (imissed)
  RX no mbufs:        [0m0[0m (buffer exhaustion)
  RX errors:          0
  Total drops:        [0m0 (0.00%)[0m
  RX burst calls:     77671557468 (99.6% empty)
  Processed pkts:     357954487 (100.0% of NIC RX)


╔═══════════════════════════════════════════════════════════════════════╗
║          MIRA DDoS DETECTOR - STATISTICS (MULTI-CORE)                ║
╚═══════════════════════════════════════════════════════════════════════╝

[PACKET COUNTERS - GLOBAL]
  Total packets:      367555308
  Baseline (10.10.2.x): 0 (0.0%)
  Attack (10.10.3.x): 367555308 (100.0%)
  TCP packets:        0
  UDP packets:        367555308
  ICMP packets:       0

[INSTANTANEOUS TRAFFIC - Last 5.0 seconds]
  Baseline (10.10.2.x): 0 pkts (0.0%)  0 bytes  0.00 Gbps
  Attack (10.10.3.x): 9600721 pkts (100.0%)  864064710 bytes  1.38 Gbps
  Total throughput:   1.38 Gbps  (avg pkt: 90 bytes)

[CUMULATIVE TRAFFIC - Since first packet (191.5s)]
  Total received:     367555308 pkts (1.92 Mpps) | 1.38 Gbps | 33079977720 bytes

[ATTACK-SPECIFIC COUNTERS]
  SYN packets:        0
  SYN-ACK packets:    0
  SYN/ACK ratio:      0.00
  HTTP requests:      0
  DNS queries:        0

[PROTOCOL-SPECIFIC COUNTERS - CIC-DDoS-2019 Features]
  NTP Amplification:
    Monlist queries:  367555308
    Responses:        0  (avg size: 0 bytes)
  DNS Amplification:
    ANY queries:      0
    TXT queries:      0
    Responses:        0  (avg size: 0 bytes)
  SNMP Amplification:
    GetBulk requests: 0
    Responses:        0  (avg size: 0 bytes)
  SSDP:
    M-SEARCH packets: 0
    Responses:        0
  PortMapper:
    GETPORT calls:    0
    DUMP calls:       0
  NetBIOS:
    Name queries:     0
    Datagram packets: 0
  LDAP:
    Bind requests:    0
    Search requests:  0
  MSSQL:
    SQLBatch packets: 0
    RPC packets:      0
  TFTP:
    RRQ (read) pkts:  0
    WRQ (write) pkts: 0

[ATTACK DETECTIONS - Cumulative Events]
  UDP flood events:   3693
  UDP-lag events:     0
  SYN flood events:   0
  HTTP flood events:  0
  ICMP flood events:  0
  DNS amp events:     0
  NTP amp events:     3693
  SNMP amp events:    0
  SSDP events:        0
  PortMap events:     0
  NetBIOS events:     0
  LDAP events:        0
  MSSQL events:       0
  TFTP events:        0
  ACK flood events:   0
  Frag attack events: 0
  Packet flood events:0
  (Note: Events count IPs exceeding thresholds per 50ms window)

[ALERT STATUS]
  Alert level:        [1;31mHIGH[0m
  Reason:             [1;31mUDP FLOOD detected: 87084354 UDP pps | NTP AMP detected: 1918751 qps | [0m

[MULTI-LF (2025) COMPARISON]
=== Detection Performance vs ML-Based System ===

  First Detection Latency:   147.16 ms (vs MULTI-LF: 866 ms)
    Improvement:             5.9× faster

  Packets until detection:   0
  Bytes until detection:     0 (0.00 MB)

[OCTOSKETCH METRICS - Optimized Architecture]
=== Per-Worker Sketches + Sampling (1/32 packets) ===

  Architecture:              Per-worker (NO atomics, NO contention)
  Total sketch memory:       5377 KB (14 workers × 384.1 KB)
  Sampling rate:             1 in 32 packets (3.1% overhead)
  Attack traffic sampled:    8096256 updates
  Estimated attack packets:  259080192 (×32 sampling factor)
  Sketch overhead:           ~1.56% of fast-path cycles
  Memory efficiency:         O(1) constant, 384.1 KB per worker

[MULTIPLE DETECTION STATISTICS]
=== Aggregate Detection Analysis ===

  Total detection events:    3693
  Average detection latency: 51.84 ms
  Min detection latency:     50.22 ms
  Max detection latency:     251.52 ms
  Latency range:             201.30 ms

  Detection Latency Histogram:
    < 20 ms:  0 detections (0.0%)
    20-30 ms: 0 detections (0.0%)
    30-40 ms: 0 detections (0.0%)
    40-50 ms: 0 detections (0.0%)
    > 50 ms:  3692 detections (100.0%)

[PERFORMANCE METRICS]
  Throughput:         1.38 Gbps (1.92 Mpps)
  Cycles available:   1558 cycles/pkt (lower = higher load)
  Active IPs:         0
  Worker threads:     14 (lcores 1-14)

[DPDK NIC STATISTICS]
  RX packets (NIC):   367554826
  RX dropped (HW):    [0m0[0m (imissed)
  RX no mbufs:        [0m0[0m (buffer exhaustion)
  RX errors:          0
  Total drops:        [0m0 (0.00%)[0m
  RX burst calls:     79549161934 (99.6% empty)
  Processed pkts:     367555308 (100.0% of NIC RX)


╔═══════════════════════════════════════════════════════════════════════╗
║          MIRA DDoS DETECTOR - STATISTICS (MULTI-CORE)                ║
╚═══════════════════════════════════════════════════════════════════════╝

[PACKET COUNTERS - GLOBAL]
  Total packets:      377159474
  Baseline (10.10.2.x): 0 (0.0%)
  Attack (10.10.3.x): 377159474 (100.0%)
  TCP packets:        0
  UDP packets:        377159474
  ICMP packets:       0

[INSTANTANEOUS TRAFFIC - Last 5.0 seconds]
  Baseline (10.10.2.x): 0 pkts (0.0%)  0 bytes  0.00 Gbps
  Attack (10.10.3.x): 9604061 pkts (100.0%)  864365490 bytes  1.38 Gbps
  Total throughput:   1.38 Gbps  (avg pkt: 90 bytes)

[CUMULATIVE TRAFFIC - Since first packet (196.5s)]
  Total received:     377159474 pkts (1.92 Mpps) | 1.38 Gbps | 33944352660 bytes

[ATTACK-SPECIFIC COUNTERS]
  SYN packets:        0
  SYN-ACK packets:    0
  SYN/ACK ratio:      0.00
  HTTP requests:      0
  DNS queries:        0

[PROTOCOL-SPECIFIC COUNTERS - CIC-DDoS-2019 Features]
  NTP Amplification:
    Monlist queries:  377159474
    Responses:        0  (avg size: 0 bytes)
  DNS Amplification:
    ANY queries:      0
    TXT queries:      0
    Responses:        0  (avg size: 0 bytes)
  SNMP Amplification:
    GetBulk requests: 0
    Responses:        0  (avg size: 0 bytes)
  SSDP:
    M-SEARCH packets: 0
    Responses:        0
  PortMapper:
    GETPORT calls:    0
    DUMP calls:       0
  NetBIOS:
    Name queries:     0
    Datagram packets: 0
  LDAP:
    Bind requests:    0
    Search requests:  0
  MSSQL:
    SQLBatch packets: 0
    RPC packets:      0
  TFTP:
    RRQ (read) pkts:  0
    WRQ (write) pkts: 0

[ATTACK DETECTIONS - Cumulative Events]
  UDP flood events:   3789
  UDP-lag events:     0
  SYN flood events:   0
  HTTP flood events:  0
  ICMP flood events:  0
  DNS amp events:     0
  NTP amp events:     3789
  SNMP amp events:    0
  SSDP events:        0
  PortMap events:     0
  NetBIOS events:     0
  LDAP events:        0
  MSSQL events:       0
  TFTP events:        0
  ACK flood events:   0
  Frag attack events: 0
  Packet flood events:0
  (Note: Events count IPs exceeding thresholds per 50ms window)

[ALERT STATUS]
  Alert level:        [1;31mHIGH[0m
  Reason:             [1;31mUDP FLOOD detected: 89369903 UDP pps | NTP AMP detected: 1919420 qps | [0m

[MULTI-LF (2025) COMPARISON]
=== Detection Performance vs ML-Based System ===

  First Detection Latency:   147.16 ms (vs MULTI-LF: 866 ms)
    Improvement:             5.9× faster

  Packets until detection:   0
  Bytes until detection:     0 (0.00 MB)

[OCTOSKETCH METRICS - Optimized Architecture]
=== Per-Worker Sketches + Sampling (1/32 packets) ===

  Architecture:              Per-worker (NO atomics, NO contention)
  Total sketch memory:       5377 KB (14 workers × 384.1 KB)
  Sampling rate:             1 in 32 packets (3.1% overhead)
  Attack traffic sampled:    8098976 updates
  Estimated attack packets:  259167232 (×32 sampling factor)
  Sketch overhead:           ~1.56% of fast-path cycles
  Memory efficiency:         O(1) constant, 384.1 KB per worker

[MULTIPLE DETECTION STATISTICS]
=== Aggregate Detection Analysis ===

  Total detection events:    3789
  Average detection latency: 51.85 ms
  Min detection latency:     50.22 ms
  Max detection latency:     251.52 ms
  Latency range:             201.30 ms

  Detection Latency Histogram:
    < 20 ms:  0 detections (0.0%)
    20-30 ms: 0 detections (0.0%)
    30-40 ms: 0 detections (0.0%)
    40-50 ms: 0 detections (0.0%)
    > 50 ms:  3788 detections (100.0%)

[PERFORMANCE METRICS]
  Throughput:         1.38 Gbps (1.92 Mpps)
  Cycles available:   1558 cycles/pkt (lower = higher load)
  Active IPs:         0
  Worker threads:     14 (lcores 1-14)

[DPDK NIC STATISTICS]
  RX packets (NIC):   377158980
  RX dropped (HW):    [0m0[0m (imissed)
  RX no mbufs:        [0m0[0m (buffer exhaustion)
  RX errors:          0
  Total drops:        [0m0 (0.00%)[0m
  RX burst calls:     81427126062 (99.6% empty)
  Processed pkts:     377159474 (100.0% of NIC RX)


╔═══════════════════════════════════════════════════════════════════════╗
║          MIRA DDoS DETECTOR - STATISTICS (MULTI-CORE)                ║
╚═══════════════════════════════════════════════════════════════════════╝

[PACKET COUNTERS - GLOBAL]
  Total packets:      386763043
  Baseline (10.10.2.x): 0 (0.0%)
  Attack (10.10.3.x): 386763043 (100.0%)
  TCP packets:        0
  UDP packets:        386763043
  ICMP packets:       0

[INSTANTANEOUS TRAFFIC - Last 5.0 seconds]
  Baseline (10.10.2.x): 0 pkts (0.0%)  0 bytes  0.00 Gbps
  Attack (10.10.3.x): 9603452 pkts (100.0%)  864310860 bytes  1.38 Gbps
  Total throughput:   1.38 Gbps  (avg pkt: 90 bytes)

[CUMULATIVE TRAFFIC - Since first packet (201.5s)]
  Total received:     386763043 pkts (1.92 Mpps) | 1.38 Gbps | 34808673870 bytes

[ATTACK-SPECIFIC COUNTERS]
  SYN packets:        0
  SYN-ACK packets:    0
  SYN/ACK ratio:      0.00
  HTTP requests:      0
  DNS queries:        0

[PROTOCOL-SPECIFIC COUNTERS - CIC-DDoS-2019 Features]
  NTP Amplification:
    Monlist queries:  386763043
    Responses:        0  (avg size: 0 bytes)
  DNS Amplification:
    ANY queries:      0
    TXT queries:      0
    Responses:        0  (avg size: 0 bytes)
  SNMP Amplification:
    GetBulk requests: 0
    Responses:        0  (avg size: 0 bytes)
  SSDP:
    M-SEARCH packets: 0
    Responses:        0
  PortMapper:
    GETPORT calls:    0
    DUMP calls:       0
  NetBIOS:
    Name queries:     0
    Datagram packets: 0
  LDAP:
    Bind requests:    0
    Search requests:  0
  MSSQL:
    SQLBatch packets: 0
    RPC packets:      0
  TFTP:
    RRQ (read) pkts:  0
    WRQ (write) pkts: 0

[ATTACK DETECTIONS - Cumulative Events]
  UDP flood events:   3886
  UDP-lag events:     0
  SYN flood events:   0
  HTTP flood events:  0
  ICMP flood events:  0
  DNS amp events:     0
  NTP amp events:     3886
  SNMP amp events:    0
  SSDP events:        0
  PortMap events:     0
  NetBIOS events:     0
  LDAP events:        0
  MSSQL events:       0
  TFTP events:        0
  ACK flood events:   0
  Frag attack events: 0
  Packet flood events:0
  (Note: Events count IPs exceeding thresholds per 50ms window)

[ALERT STATUS]
  Alert level:        [1;31mHIGH[0m
  Reason:             [1;31mUDP FLOOD detected: 91653749 UDP pps | NTP AMP detected: 1919140 qps | [0m

[MULTI-LF (2025) COMPARISON]
=== Detection Performance vs ML-Based System ===

  First Detection Latency:   147.16 ms (vs MULTI-LF: 866 ms)
    Improvement:             5.9× faster

  Packets until detection:   0
  Bytes until detection:     0 (0.00 MB)

[OCTOSKETCH METRICS - Optimized Architecture]
=== Per-Worker Sketches + Sampling (1/32 packets) ===

  Architecture:              Per-worker (NO atomics, NO contention)
  Total sketch memory:       5377 KB (14 workers × 384.1 KB)
  Sampling rate:             1 in 32 packets (3.1% overhead)
  Attack traffic sampled:    8097824 updates
  Estimated attack packets:  259130368 (×32 sampling factor)
  Sketch overhead:           ~1.56% of fast-path cycles
  Memory efficiency:         O(1) constant, 384.1 KB per worker

[MULTIPLE DETECTION STATISTICS]
=== Aggregate Detection Analysis ===

  Total detection events:    3886
  Average detection latency: 51.85 ms
  Min detection latency:     50.22 ms
  Max detection latency:     251.52 ms
  Latency range:             201.30 ms

  Detection Latency Histogram:
    < 20 ms:  0 detections (0.0%)
    20-30 ms: 0 detections (0.0%)
    30-40 ms: 0 detections (0.0%)
    40-50 ms: 0 detections (0.0%)
    > 50 ms:  3885 detections (100.0%)

[PERFORMANCE METRICS]
  Throughput:         1.38 Gbps (1.92 Mpps)
  Cycles available:   1558 cycles/pkt (lower = higher load)
  Active IPs:         0
  Worker threads:     14 (lcores 1-14)

[DPDK NIC STATISTICS]
  RX packets (NIC):   386762569
  RX dropped (HW):    [0m0[0m (imissed)
  RX no mbufs:        [0m0[0m (buffer exhaustion)
  RX errors:          0
  Total drops:        [0m0 (0.00%)[0m
  RX burst calls:     83305061000 (99.6% empty)
  Processed pkts:     386763043 (100.0% of NIC RX)


╔═══════════════════════════════════════════════════════════════════════╗
║          MIRA DDoS DETECTOR - STATISTICS (MULTI-CORE)                ║
╚═══════════════════════════════════════════════════════════════════════╝

[PACKET COUNTERS - GLOBAL]
  Total packets:      396366129
  Baseline (10.10.2.x): 0 (0.0%)
  Attack (10.10.3.x): 396366129 (100.0%)
  TCP packets:        0
  UDP packets:        396366129
  ICMP packets:       0

[INSTANTANEOUS TRAFFIC - Last 5.0 seconds]
  Baseline (10.10.2.x): 0 pkts (0.0%)  0 bytes  0.00 Gbps
  Attack (10.10.3.x): 9602993 pkts (100.0%)  864269460 bytes  1.38 Gbps
  Total throughput:   1.38 Gbps  (avg pkt: 90 bytes)

[CUMULATIVE TRAFFIC - Since first packet (206.5s)]
  Total received:     396366129 pkts (1.92 Mpps) | 1.38 Gbps | 35672951610 bytes

[ATTACK-SPECIFIC COUNTERS]
  SYN packets:        0
  SYN-ACK packets:    0
  SYN/ACK ratio:      0.00
  HTTP requests:      0
  DNS queries:        0

[PROTOCOL-SPECIFIC COUNTERS - CIC-DDoS-2019 Features]
  NTP Amplification:
    Monlist queries:  396366129
    Responses:        0  (avg size: 0 bytes)
  DNS Amplification:
    ANY queries:      0
    TXT queries:      0
    Responses:        0  (avg size: 0 bytes)
  SNMP Amplification:
    GetBulk requests: 0
    Responses:        0  (avg size: 0 bytes)
  SSDP:
    M-SEARCH packets: 0
    Responses:        0
  PortMapper:
    GETPORT calls:    0
    DUMP calls:       0
  NetBIOS:
    Name queries:     0
    Datagram packets: 0
  LDAP:
    Bind requests:    0
    Search requests:  0
  MSSQL:
    SQLBatch packets: 0
    RPC packets:      0
  TFTP:
    RRQ (read) pkts:  0
    WRQ (write) pkts: 0

[ATTACK DETECTIONS - Cumulative Events]
  UDP flood events:   3982
  UDP-lag events:     0
  SYN flood events:   0
  HTTP flood events:  0
  ICMP flood events:  0
  DNS amp events:     0
  NTP amp events:     3982
  SNMP amp events:    0
  SSDP events:        0
  PortMap events:     0
  NetBIOS events:     0
  LDAP events:        0
  MSSQL events:       0
  TFTP events:        0
  ACK flood events:   0
  Frag attack events: 0
  Packet flood events:0
  (Note: Events count IPs exceeding thresholds per 50ms window)

[ALERT STATUS]
  Alert level:        [1;31mHIGH[0m
  Reason:             [1;31mUDP FLOOD detected: 95047958 UDP pps | NTP AMP detected: 1919274 qps | [0m

[MULTI-LF (2025) COMPARISON]
=== Detection Performance vs ML-Based System ===

  First Detection Latency:   147.16 ms (vs MULTI-LF: 866 ms)
    Improvement:             5.9× faster

  Packets until detection:   0
  Bytes until detection:     0 (0.00 MB)

[OCTOSKETCH METRICS - Optimized Architecture]
=== Per-Worker Sketches + Sampling (1/32 packets) ===

  Architecture:              Per-worker (NO atomics, NO contention)
  Total sketch memory:       5377 KB (14 workers × 384.1 KB)
  Sampling rate:             1 in 32 packets (3.1% overhead)
  Attack traffic sampled:    8002048 updates
  Estimated attack packets:  256065536 (×32 sampling factor)
  Sketch overhead:           ~1.56% of fast-path cycles
  Memory efficiency:         O(1) constant, 384.1 KB per worker

[MULTIPLE DETECTION STATISTICS]
=== Aggregate Detection Analysis ===

  Total detection events:    3982
  Average detection latency: 51.85 ms
  Min detection latency:     50.22 ms
  Max detection latency:     251.52 ms
  Latency range:             201.30 ms

  Detection Latency Histogram:
    < 20 ms:  0 detections (0.0%)
    20-30 ms: 0 detections (0.0%)
    30-40 ms: 0 detections (0.0%)
    40-50 ms: 0 detections (0.0%)
    > 50 ms:  3981 detections (100.0%)

[PERFORMANCE METRICS]
  Throughput:         1.38 Gbps (1.92 Mpps)
  Cycles available:   1558 cycles/pkt (lower = higher load)
  Active IPs:         0
  Worker threads:     14 (lcores 1-14)

[DPDK NIC STATISTICS]
  RX packets (NIC):   396365676
  RX dropped (HW):    [0m0[0m (imissed)
  RX no mbufs:        [0m0[0m (buffer exhaustion)
  RX errors:          0
  Total drops:        [0m0 (0.00%)[0m
  RX burst calls:     85182809799 (99.6% empty)
  Processed pkts:     396366129 (100.0% of NIC RX)


╔═══════════════════════════════════════════════════════════════════════╗
║          MIRA DDoS DETECTOR - STATISTICS (MULTI-CORE)                ║
╚═══════════════════════════════════════════════════════════════════════╝

[PACKET COUNTERS - GLOBAL]
  Total packets:      405971101
  Baseline (10.10.2.x): 0 (0.0%)
  Attack (10.10.3.x): 405971101 (100.0%)
  TCP packets:        0
  UDP packets:        405971101
  ICMP packets:       0

[INSTANTANEOUS TRAFFIC - Last 5.0 seconds]
  Baseline (10.10.2.x): 0 pkts (0.0%)  0 bytes  0.00 Gbps
  Attack (10.10.3.x): 9604872 pkts (100.0%)  926867520 bytes  1.48 Gbps
  Total throughput:   1.48 Gbps  (avg pkt: 96 bytes)

[CUMULATIVE TRAFFIC - Since first packet (211.5s)]
  Total received:     405971101 pkts (1.92 Mpps) | 1.38 Gbps | 36537399090 bytes

[ATTACK-SPECIFIC COUNTERS]
  SYN packets:        0
  SYN-ACK packets:    0
  SYN/ACK ratio:      0.00
  HTTP requests:      0
  DNS queries:        0

[PROTOCOL-SPECIFIC COUNTERS - CIC-DDoS-2019 Features]
  NTP Amplification:
    Monlist queries:  405971101
    Responses:        0  (avg size: 0 bytes)
  DNS Amplification:
    ANY queries:      0
    TXT queries:      0
    Responses:        0  (avg size: 0 bytes)
  SNMP Amplification:
    GetBulk requests: 0
    Responses:        0  (avg size: 0 bytes)
  SSDP:
    M-SEARCH packets: 0
    Responses:        0
  PortMapper:
    GETPORT calls:    0
    DUMP calls:       0
  NetBIOS:
    Name queries:     0
    Datagram packets: 0
  LDAP:
    Bind requests:    0
    Search requests:  0
  MSSQL:
    SQLBatch packets: 0
    RPC packets:      0
  TFTP:
    RRQ (read) pkts:  0
    WRQ (write) pkts: 0

[ATTACK DETECTIONS - Cumulative Events]
  UDP flood events:   4079
  UDP-lag events:     0
  SYN flood events:   0
  HTTP flood events:  0
  ICMP flood events:  0
  DNS amp events:     0
  NTP amp events:     4079
  SNMP amp events:    0
  SSDP events:        0
  PortMap events:     0
  NetBIOS events:     0
  LDAP events:        0
  MSSQL events:       0
  TFTP events:        0
  ACK flood events:   0
  Frag attack events: 0
  Packet flood events:0
  (Note: Events count IPs exceeding thresholds per 50ms window)

[ALERT STATUS]
  Alert level:        [1;31mHIGH[0m
  Reason:             [1;31mUDP FLOOD detected: 97359883 UDP pps | NTP AMP detected: 1919136 qps | [0m

[MULTI-LF (2025) COMPARISON]
=== Detection Performance vs ML-Based System ===

  First Detection Latency:   147.16 ms (vs MULTI-LF: 866 ms)
    Improvement:             5.9× faster

  Packets until detection:   0
  Bytes until detection:     0 (0.00 MB)

[OCTOSKETCH METRICS - Optimized Architecture]
=== Per-Worker Sketches + Sampling (1/32 packets) ===

  Architecture:              Per-worker (NO atomics, NO contention)
  Total sketch memory:       5377 KB (14 workers × 384.1 KB)
  Sampling rate:             1 in 32 packets (3.1% overhead)
  Attack traffic sampled:    8001440 updates
  Estimated attack packets:  256046080 (×32 sampling factor)
  Sketch overhead:           ~1.56% of fast-path cycles
  Memory efficiency:         O(1) constant, 384.1 KB per worker

[MULTIPLE DETECTION STATISTICS]
=== Aggregate Detection Analysis ===

  Total detection events:    4079
  Average detection latency: 51.85 ms
  Min detection latency:     50.22 ms
  Max detection latency:     251.52 ms
  Latency range:             201.30 ms

  Detection Latency Histogram:
    < 20 ms:  0 detections (0.0%)
    20-30 ms: 0 detections (0.0%)
    30-40 ms: 0 detections (0.0%)
    40-50 ms: 0 detections (0.0%)
    > 50 ms:  4078 detections (100.0%)

[PERFORMANCE METRICS]
  Throughput:         1.48 Gbps (1.92 Mpps)
  Cycles available:   1558 cycles/pkt (lower = higher load)
  Active IPs:         0
  Worker threads:     14 (lcores 1-14)

[DPDK NIC STATISTICS]
  RX packets (NIC):   405970612
  RX dropped (HW):    [0m0[0m (imissed)
  RX no mbufs:        [0m0[0m (buffer exhaustion)
  RX errors:          0
  Total drops:        [0m0 (0.00%)[0m
  RX burst calls:     87060666747 (99.6% empty)
  Processed pkts:     405971101 (100.0% of NIC RX)


╔═══════════════════════════════════════════════════════════════════════╗
║          MIRA DDoS DETECTOR - STATISTICS (MULTI-CORE)                ║
╚═══════════════════════════════════════════════════════════════════════╝

[PACKET COUNTERS - GLOBAL]
  Total packets:      415574176
  Baseline (10.10.2.x): 0 (0.0%)
  Attack (10.10.3.x): 415574176 (100.0%)
  TCP packets:        0
  UDP packets:        415574176
  ICMP packets:       0

[INSTANTANEOUS TRAFFIC - Last 5.0 seconds]
  Baseline (10.10.2.x): 0 pkts (0.0%)  0 bytes  0.00 Gbps
  Attack (10.10.3.x): 9602983 pkts (100.0%)  864268470 bytes  1.38 Gbps
  Total throughput:   1.38 Gbps  (avg pkt: 90 bytes)

[CUMULATIVE TRAFFIC - Since first packet (216.5s)]
  Total received:     415574176 pkts (1.92 Mpps) | 1.38 Gbps | 37401675840 bytes

[ATTACK-SPECIFIC COUNTERS]
  SYN packets:        0
  SYN-ACK packets:    0
  SYN/ACK ratio:      0.00
  HTTP requests:      0
  DNS queries:        0

[PROTOCOL-SPECIFIC COUNTERS - CIC-DDoS-2019 Features]
  NTP Amplification:
    Monlist queries:  415574176
    Responses:        0  (avg size: 0 bytes)
  DNS Amplification:
    ANY queries:      0
    TXT queries:      0
    Responses:        0  (avg size: 0 bytes)
  SNMP Amplification:
    GetBulk requests: 0
    Responses:        0  (avg size: 0 bytes)
  SSDP:
    M-SEARCH packets: 0
    Responses:        0
  PortMapper:
    GETPORT calls:    0
    DUMP calls:       0
  NetBIOS:
    Name queries:     0
    Datagram packets: 0
  LDAP:
    Bind requests:    0
    Search requests:  0
  MSSQL:
    SQLBatch packets: 0
    RPC packets:      0
  TFTP:
    RRQ (read) pkts:  0
    WRQ (write) pkts: 0

[ATTACK DETECTIONS - Cumulative Events]
  UDP flood events:   4175
  UDP-lag events:     0
  SYN flood events:   0
  HTTP flood events:  0
  ICMP flood events:  0
  DNS amp events:     0
  NTP amp events:     4175
  SNMP amp events:    0
  SSDP events:        0
  PortMap events:     0
  NetBIOS events:     0
  LDAP events:        0
  MSSQL events:       0
  TFTP events:        0
  ACK flood events:   0
  Frag attack events: 0
  Packet flood events:0
  (Note: Events count IPs exceeding thresholds per 50ms window)

[ALERT STATUS]
  Alert level:        [1;31mHIGH[0m
  Reason:             [1;31mUDP FLOOD detected: 100865462 UDP pps | NTP AMP detected: 1919354 qps | [0m

[MULTI-LF (2025) COMPARISON]
=== Detection Performance vs ML-Based System ===

  First Detection Latency:   147.16 ms (vs MULTI-LF: 866 ms)
    Improvement:             5.9× faster

  Packets until detection:   0
  Bytes until detection:     0 (0.00 MB)

[OCTOSKETCH METRICS - Optimized Architecture]
=== Per-Worker Sketches + Sampling (1/32 packets) ===

  Architecture:              Per-worker (NO atomics, NO contention)
  Total sketch memory:       5377 KB (14 workers × 384.1 KB)
  Sampling rate:             1 in 32 packets (3.1% overhead)
  Attack traffic sampled:    7905984 updates
  Estimated attack packets:  252991488 (×32 sampling factor)
  Sketch overhead:           ~1.56% of fast-path cycles
  Memory efficiency:         O(1) constant, 384.1 KB per worker

[MULTIPLE DETECTION STATISTICS]
=== Aggregate Detection Analysis ===

  Total detection events:    4175
  Average detection latency: 51.85 ms
  Min detection latency:     50.22 ms
  Max detection latency:     251.52 ms
  Latency range:             201.30 ms

  Detection Latency Histogram:
    < 20 ms:  0 detections (0.0%)
    20-30 ms: 0 detections (0.0%)
    30-40 ms: 0 detections (0.0%)
    40-50 ms: 0 detections (0.0%)
    > 50 ms:  4174 detections (100.0%)

[PERFORMANCE METRICS]
  Throughput:         1.38 Gbps (1.92 Mpps)
  Cycles available:   1558 cycles/pkt (lower = higher load)
  Active IPs:         0
  Worker threads:     14 (lcores 1-14)

[DPDK NIC STATISTICS]
  RX packets (NIC):   415573718
  RX dropped (HW):    [0m0[0m (imissed)
  RX no mbufs:        [0m0[0m (buffer exhaustion)
  RX errors:          0
  Total drops:        [0m0 (0.00%)[0m
  RX burst calls:     88938395090 (99.6% empty)
  Processed pkts:     415574176 (100.0% of NIC RX)


╔═══════════════════════════════════════════════════════════════════════╗
║          MIRA DDoS DETECTOR - STATISTICS (MULTI-CORE)                ║
╚═══════════════════════════════════════════════════════════════════════╝

[PACKET COUNTERS - GLOBAL]
  Total packets:      425177785
  Baseline (10.10.2.x): 0 (0.0%)
  Attack (10.10.3.x): 425177785 (100.0%)
  TCP packets:        0
  UDP packets:        425177785
  ICMP packets:       0

[INSTANTANEOUS TRAFFIC - Last 5.0 seconds]
  Baseline (10.10.2.x): 0 pkts (0.0%)  0 bytes  0.00 Gbps
  Attack (10.10.3.x): 9603518 pkts (100.0%)  864316710 bytes  1.38 Gbps
  Total throughput:   1.38 Gbps  (avg pkt: 90 bytes)

[CUMULATIVE TRAFFIC - Since first packet (221.5s)]
  Total received:     425177785 pkts (1.92 Mpps) | 1.38 Gbps | 38266000650 bytes

[ATTACK-SPECIFIC COUNTERS]
  SYN packets:        0
  SYN-ACK packets:    0
  SYN/ACK ratio:      0.00
  HTTP requests:      0
  DNS queries:        0

[PROTOCOL-SPECIFIC COUNTERS - CIC-DDoS-2019 Features]
  NTP Amplification:
    Monlist queries:  425177785
    Responses:        0  (avg size: 0 bytes)
  DNS Amplification:
    ANY queries:      0
    TXT queries:      0
    Responses:        0  (avg size: 0 bytes)
  SNMP Amplification:
    GetBulk requests: 0
    Responses:        0  (avg size: 0 bytes)
  SSDP:
    M-SEARCH packets: 0
    Responses:        0
  PortMapper:
    GETPORT calls:    0
    DUMP calls:       0
  NetBIOS:
    Name queries:     0
    Datagram packets: 0
  LDAP:
    Bind requests:    0
    Search requests:  0
  MSSQL:
    SQLBatch packets: 0
    RPC packets:      0
  TFTP:
    RRQ (read) pkts:  0
    WRQ (write) pkts: 0

[ATTACK DETECTIONS - Cumulative Events]
  UDP flood events:   4271
  UDP-lag events:     0
  SYN flood events:   0
  HTTP flood events:  0
  ICMP flood events:  0
  DNS amp events:     0
  NTP amp events:     4271
  SNMP amp events:    0
  SSDP events:        0
  PortMap events:     0
  NetBIOS events:     0
  LDAP events:        0
  MSSQL events:       0
  TFTP events:        0
  ACK flood events:   0
  Frag attack events: 0
  Packet flood events:0
  (Note: Events count IPs exceeding thresholds per 50ms window)

[ALERT STATUS]
  Alert level:        [1;31mHIGH[0m
  Reason:             [1;31mUDP FLOOD detected: 103205897 UDP pps | NTP AMP detected: 1918978 qps | [0m

[MULTI-LF (2025) COMPARISON]
=== Detection Performance vs ML-Based System ===

  First Detection Latency:   147.16 ms (vs MULTI-LF: 866 ms)
    Improvement:             5.9× faster

  Packets until detection:   0
  Bytes until detection:     0 (0.00 MB)

[OCTOSKETCH METRICS - Optimized Architecture]
=== Per-Worker Sketches + Sampling (1/32 packets) ===

  Architecture:              Per-worker (NO atomics, NO contention)
  Total sketch memory:       5377 KB (14 workers × 384.1 KB)
  Sampling rate:             1 in 32 packets (3.1% overhead)
  Attack traffic sampled:    7904384 updates
  Estimated attack packets:  252940288 (×32 sampling factor)
  Sketch overhead:           ~1.56% of fast-path cycles
  Memory efficiency:         O(1) constant, 384.1 KB per worker

[MULTIPLE DETECTION STATISTICS]
=== Aggregate Detection Analysis ===

  Total detection events:    4271
  Average detection latency: 51.86 ms
  Min detection latency:     50.22 ms
  Max detection latency:     251.52 ms
  Latency range:             201.30 ms

  Detection Latency Histogram:
    < 20 ms:  0 detections (0.0%)
    20-30 ms: 0 detections (0.0%)
    30-40 ms: 0 detections (0.0%)
    40-50 ms: 0 detections (0.0%)
    > 50 ms:  4270 detections (100.0%)

[PERFORMANCE METRICS]
  Throughput:         1.38 Gbps (1.92 Mpps)
  Cycles available:   1558 cycles/pkt (lower = higher load)
  Active IPs:         0
  Worker threads:     14 (lcores 1-14)

[DPDK NIC STATISTICS]
  RX packets (NIC):   425177326
  RX dropped (HW):    [0m0[0m (imissed)
  RX no mbufs:        [0m0[0m (buffer exhaustion)
  RX errors:          0
  Total drops:        [0m0 (0.00%)[0m
  RX burst calls:     90815984895 (99.6% empty)
  Processed pkts:     425177785 (100.0% of NIC RX)


╔═══════════════════════════════════════════════════════════════════════╗
║          MIRA DDoS DETECTOR - STATISTICS (MULTI-CORE)                ║
╚═══════════════════════════════════════════════════════════════════════╝

[PACKET COUNTERS - GLOBAL]
  Total packets:      434782889
  Baseline (10.10.2.x): 0 (0.0%)
  Attack (10.10.3.x): 434782889 (100.0%)
  TCP packets:        0
  UDP packets:        434782889
  ICMP packets:       0

[INSTANTANEOUS TRAFFIC - Last 5.0 seconds]
  Baseline (10.10.2.x): 0 pkts (0.0%)  0 bytes  0.00 Gbps
  Attack (10.10.3.x): 9605013 pkts (100.0%)  864450900 bytes  1.38 Gbps
  Total throughput:   1.38 Gbps  (avg pkt: 90 bytes)

[CUMULATIVE TRAFFIC - Since first packet (226.5s)]
  Total received:     434782889 pkts (1.92 Mpps) | 1.38 Gbps | 39130460010 bytes

[ATTACK-SPECIFIC COUNTERS]
  SYN packets:        0
  SYN-ACK packets:    0
  SYN/ACK ratio:      0.00
  HTTP requests:      0
  DNS queries:        0

[PROTOCOL-SPECIFIC COUNTERS - CIC-DDoS-2019 Features]
  NTP Amplification:
    Monlist queries:  434782889
    Responses:        0  (avg size: 0 bytes)
  DNS Amplification:
    ANY queries:      0
    TXT queries:      0
    Responses:        0  (avg size: 0 bytes)
  SNMP Amplification:
    GetBulk requests: 0
    Responses:        0  (avg size: 0 bytes)
  SSDP:
    M-SEARCH packets: 0
    Responses:        0
  PortMapper:
    GETPORT calls:    0
    DUMP calls:       0
  NetBIOS:
    Name queries:     0
    Datagram packets: 0
  LDAP:
    Bind requests:    0
    Search requests:  0
  MSSQL:
    SQLBatch packets: 0
    RPC packets:      0
  TFTP:
    RRQ (read) pkts:  0
    WRQ (write) pkts: 0

[ATTACK DETECTIONS - Cumulative Events]
  UDP flood events:   4368
  UDP-lag events:     0
  SYN flood events:   0
  HTTP flood events:  0
  ICMP flood events:  0
  DNS amp events:     0
  NTP amp events:     4368
  SNMP amp events:    0
  SSDP events:        0
  PortMap events:     0
  NetBIOS events:     0
  LDAP events:        0
  MSSQL events:       0
  TFTP events:        0
  ACK flood events:   0
  Frag attack events: 0
  Packet flood events:0
  (Note: Events count IPs exceeding thresholds per 50ms window)

[ALERT STATUS]
  Alert level:        [1;31mHIGH[0m
  Reason:             [1;31mUDP FLOOD detected: 105547567 UDP pps | NTP AMP detected: 1919415 qps | [0m

[MULTI-LF (2025) COMPARISON]
=== Detection Performance vs ML-Based System ===

  First Detection Latency:   147.16 ms (vs MULTI-LF: 866 ms)
    Improvement:             5.9× faster

  Packets until detection:   0
  Bytes until detection:     0 (0.00 MB)

[OCTOSKETCH METRICS - Optimized Architecture]
=== Per-Worker Sketches + Sampling (1/32 packets) ===

  Architecture:              Per-worker (NO atomics, NO contention)
  Total sketch memory:       5377 KB (14 workers × 384.1 KB)
  Sampling rate:             1 in 32 packets (3.1% overhead)
  Attack traffic sampled:    7906208 updates
  Estimated attack packets:  252998656 (×32 sampling factor)
  Sketch overhead:           ~1.56% of fast-path cycles
  Memory efficiency:         O(1) constant, 384.1 KB per worker

[MULTIPLE DETECTION STATISTICS]
=== Aggregate Detection Analysis ===

  Total detection events:    4368
  Average detection latency: 51.86 ms
  Min detection latency:     50.22 ms
  Max detection latency:     251.52 ms
  Latency range:             201.30 ms

  Detection Latency Histogram:
    < 20 ms:  0 detections (0.0%)
    20-30 ms: 0 detections (0.0%)
    30-40 ms: 0 detections (0.0%)
    40-50 ms: 0 detections (0.0%)
    > 50 ms:  4367 detections (100.0%)

[PERFORMANCE METRICS]
  Throughput:         1.38 Gbps (1.92 Mpps)
  Cycles available:   1558 cycles/pkt (lower = higher load)
  Active IPs:         0
  Worker threads:     14 (lcores 1-14)

[DPDK NIC STATISTICS]
  RX packets (NIC):   434782426
  RX dropped (HW):    [0m0[0m (imissed)
  RX no mbufs:        [0m0[0m (buffer exhaustion)
  RX errors:          0
  Total drops:        [0m0 (0.00%)[0m
  RX burst calls:     92693836802 (99.6% empty)
  Processed pkts:     434782889 (100.0% of NIC RX)


╔═══════════════════════════════════════════════════════════════════════╗
║          MIRA DDoS DETECTOR - STATISTICS (MULTI-CORE)                ║
╚═══════════════════════════════════════════════════════════════════════╝

[PACKET COUNTERS - GLOBAL]
  Total packets:      444384371
  Baseline (10.10.2.x): 0 (0.0%)
  Attack (10.10.3.x): 444384371 (100.0%)
  TCP packets:        0
  UDP packets:        444384371
  ICMP packets:       0

[INSTANTANEOUS TRAFFIC - Last 5.0 seconds]
  Baseline (10.10.2.x): 0 pkts (0.0%)  0 bytes  0.00 Gbps
  Attack (10.10.3.x): 9601393 pkts (100.0%)  864125370 bytes  1.38 Gbps
  Total throughput:   1.38 Gbps  (avg pkt: 90 bytes)

[CUMULATIVE TRAFFIC - Since first packet (231.5s)]
  Total received:     444384371 pkts (1.92 Mpps) | 1.38 Gbps | 39994593390 bytes

[ATTACK-SPECIFIC COUNTERS]
  SYN packets:        0
  SYN-ACK packets:    0
  SYN/ACK ratio:      0.00
  HTTP requests:      0
  DNS queries:        0

[PROTOCOL-SPECIFIC COUNTERS - CIC-DDoS-2019 Features]
  NTP Amplification:
    Monlist queries:  444384371
    Responses:        0  (avg size: 0 bytes)
  DNS Amplification:
    ANY queries:      0
    TXT queries:      0
    Responses:        0  (avg size: 0 bytes)
  SNMP Amplification:
    GetBulk requests: 0
    Responses:        0  (avg size: 0 bytes)
  SSDP:
    M-SEARCH packets: 0
    Responses:        0
  PortMapper:
    GETPORT calls:    0
    DUMP calls:       0
  NetBIOS:
    Name queries:     0
    Datagram packets: 0
  LDAP:
    Bind requests:    0
    Search requests:  0
  MSSQL:
    SQLBatch packets: 0
    RPC packets:      0
  TFTP:
    RRQ (read) pkts:  0
    WRQ (write) pkts: 0

[ATTACK DETECTIONS - Cumulative Events]
  UDP flood events:   4464
  UDP-lag events:     0
  SYN flood events:   0
  HTTP flood events:  0
  ICMP flood events:  0
  DNS amp events:     0
  NTP amp events:     4464
  SNMP amp events:    0
  SSDP events:        0
  PortMap events:     0
  NetBIOS events:     0
  LDAP events:        0
  MSSQL events:       0
  TFTP events:        0
  ACK flood events:   0
  Frag attack events: 0
  Packet flood events:0
  (Note: Events count IPs exceeding thresholds per 50ms window)

[ALERT STATUS]
  Alert level:        [1;31mHIGH[0m
  Reason:             [1;31mUDP FLOOD detected: 109192476 UDP pps | NTP AMP detected: 1918723 qps | [0m

[MULTI-LF (2025) COMPARISON]
=== Detection Performance vs ML-Based System ===

  First Detection Latency:   147.16 ms (vs MULTI-LF: 866 ms)
    Improvement:             5.9× faster

  Packets until detection:   0
  Bytes until detection:     0 (0.00 MB)

[OCTOSKETCH METRICS - Optimized Architecture]
=== Per-Worker Sketches + Sampling (1/32 packets) ===

  Architecture:              Per-worker (NO atomics, NO contention)
  Total sketch memory:       5377 KB (14 workers × 384.1 KB)
  Sampling rate:             1 in 32 packets (3.1% overhead)
  Attack traffic sampled:    7807168 updates
  Estimated attack packets:  249829376 (×32 sampling factor)
  Sketch overhead:           ~1.56% of fast-path cycles
  Memory efficiency:         O(1) constant, 384.1 KB per worker

[MULTIPLE DETECTION STATISTICS]
=== Aggregate Detection Analysis ===

  Total detection events:    4464
  Average detection latency: 51.86 ms
  Min detection latency:     50.22 ms
  Max detection latency:     251.52 ms
  Latency range:             201.30 ms

  Detection Latency Histogram:
    < 20 ms:  0 detections (0.0%)
    20-30 ms: 0 detections (0.0%)
    30-40 ms: 0 detections (0.0%)
    40-50 ms: 0 detections (0.0%)
    > 50 ms:  4463 detections (100.0%)

[PERFORMANCE METRICS]
  Throughput:         1.38 Gbps (1.92 Mpps)
  Cycles available:   1558 cycles/pkt (lower = higher load)
  Active IPs:         0
  Worker threads:     14 (lcores 1-14)

[DPDK NIC STATISTICS]
  RX packets (NIC):   444383919
  RX dropped (HW):    [0m0[0m (imissed)
  RX no mbufs:        [0m0[0m (buffer exhaustion)
  RX errors:          0
  Total drops:        [0m0 (0.00%)[0m
  RX burst calls:     94571319546 (99.6% empty)
  Processed pkts:     444384371 (100.0% of NIC RX)


╔═══════════════════════════════════════════════════════════════════════╗
║          MIRA DDoS DETECTOR - STATISTICS (MULTI-CORE)                ║
╚═══════════════════════════════════════════════════════════════════════╝

[PACKET COUNTERS - GLOBAL]
  Total packets:      453989563
  Baseline (10.10.2.x): 0 (0.0%)
  Attack (10.10.3.x): 453989563 (100.0%)
  TCP packets:        0
  UDP packets:        453989563
  ICMP packets:       0

[INSTANTANEOUS TRAFFIC - Last 5.0 seconds]
  Baseline (10.10.2.x): 0 pkts (0.0%)  0 bytes  0.00 Gbps
  Attack (10.10.3.x): 9605103 pkts (100.0%)  926885340 bytes  1.48 Gbps
  Total throughput:   1.48 Gbps  (avg pkt: 96 bytes)

[CUMULATIVE TRAFFIC - Since first packet (236.5s)]
  Total received:     453989563 pkts (1.92 Mpps) | 1.38 Gbps | 40859060670 bytes

[ATTACK-SPECIFIC COUNTERS]
  SYN packets:        0
  SYN-ACK packets:    0
  SYN/ACK ratio:      0.00
  HTTP requests:      0
  DNS queries:        0

[PROTOCOL-SPECIFIC COUNTERS - CIC-DDoS-2019 Features]
  NTP Amplification:
    Monlist queries:  453989563
    Responses:        0  (avg size: 0 bytes)
  DNS Amplification:
    ANY queries:      0
    TXT queries:      0
    Responses:        0  (avg size: 0 bytes)
  SNMP Amplification:
    GetBulk requests: 0
    Responses:        0  (avg size: 0 bytes)
  SSDP:
    M-SEARCH packets: 0
    Responses:        0
  PortMapper:
    GETPORT calls:    0
    DUMP calls:       0
  NetBIOS:
    Name queries:     0
    Datagram packets: 0
  LDAP:
    Bind requests:    0
    Search requests:  0
  MSSQL:
    SQLBatch packets: 0
    RPC packets:      0
  TFTP:
    RRQ (read) pkts:  0
    WRQ (write) pkts: 0

[ATTACK DETECTIONS - Cumulative Events]
  UDP flood events:   4561
  UDP-lag events:     0
  SYN flood events:   0
  HTTP flood events:  0
  ICMP flood events:  0
  DNS amp events:     0
  NTP amp events:     4561
  SNMP amp events:    0
  SSDP events:        0
  PortMap events:     0
  NetBIOS events:     0
  LDAP events:        0
  MSSQL events:       0
  TFTP events:        0
  ACK flood events:   0
  Frag attack events: 0
  Packet flood events:0
  (Note: Events count IPs exceeding thresholds per 50ms window)

[ALERT STATUS]
  Alert level:        [1;31mHIGH[0m
  Reason:             [1;31mUDP FLOOD detected: 111563875 UDP pps | NTP AMP detected: 1919154 qps | [0m

[MULTI-LF (2025) COMPARISON]
=== Detection Performance vs ML-Based System ===

  First Detection Latency:   147.16 ms (vs MULTI-LF: 866 ms)
    Improvement:             5.9× faster

  Packets until detection:   0
  Bytes until detection:     0 (0.00 MB)

[OCTOSKETCH METRICS - Optimized Architecture]
=== Per-Worker Sketches + Sampling (1/32 packets) ===

  Architecture:              Per-worker (NO atomics, NO contention)
  Total sketch memory:       5377 KB (14 workers × 384.1 KB)
  Sampling rate:             1 in 32 packets (3.1% overhead)
  Attack traffic sampled:    7808832 updates
  Estimated attack packets:  249882624 (×32 sampling factor)
  Sketch overhead:           ~1.56% of fast-path cycles
  Memory efficiency:         O(1) constant, 384.1 KB per worker

[MULTIPLE DETECTION STATISTICS]
=== Aggregate Detection Analysis ===

  Total detection events:    4561
  Average detection latency: 51.86 ms
  Min detection latency:     50.22 ms
  Max detection latency:     251.52 ms
  Latency range:             201.30 ms

  Detection Latency Histogram:
    < 20 ms:  0 detections (0.0%)
    20-30 ms: 0 detections (0.0%)
    30-40 ms: 0 detections (0.0%)
    40-50 ms: 0 detections (0.0%)
    > 50 ms:  4560 detections (100.0%)

[PERFORMANCE METRICS]
  Throughput:         1.48 Gbps (1.92 Mpps)
  Cycles available:   1558 cycles/pkt (lower = higher load)
  Active IPs:         0
  Worker threads:     14 (lcores 1-14)

[DPDK NIC STATISTICS]
  RX packets (NIC):   453989095
  RX dropped (HW):    [0m0[0m (imissed)
  RX no mbufs:        [0m0[0m (buffer exhaustion)
  RX errors:          0
  Total drops:        [0m0 (0.00%)[0m
  RX burst calls:     96448929101 (99.6% empty)
  Processed pkts:     453989563 (100.0% of NIC RX)


╔═══════════════════════════════════════════════════════════════════════╗
║          MIRA DDoS DETECTOR - STATISTICS (MULTI-CORE)                ║
╚═══════════════════════════════════════════════════════════════════════╝

[PACKET COUNTERS - GLOBAL]
  Total packets:      463591263
  Baseline (10.10.2.x): 0 (0.0%)
  Attack (10.10.3.x): 463591263 (100.0%)
  TCP packets:        0
  UDP packets:        463591263
  ICMP packets:       0

[INSTANTANEOUS TRAFFIC - Last 5.0 seconds]
  Baseline (10.10.2.x): 0 pkts (0.0%)  0 bytes  0.00 Gbps
  Attack (10.10.3.x): 9601602 pkts (100.0%)  864144180 bytes  1.38 Gbps
  Total throughput:   1.38 Gbps  (avg pkt: 90 bytes)

[CUMULATIVE TRAFFIC - Since first packet (241.5s)]
  Total received:     463591263 pkts (1.92 Mpps) | 1.38 Gbps | 41723213670 bytes

[ATTACK-SPECIFIC COUNTERS]
  SYN packets:        0
  SYN-ACK packets:    0
  SYN/ACK ratio:      0.00
  HTTP requests:      0
  DNS queries:        0

[PROTOCOL-SPECIFIC COUNTERS - CIC-DDoS-2019 Features]
  NTP Amplification:
    Monlist queries:  463591263
    Responses:        0  (avg size: 0 bytes)
  DNS Amplification:
    ANY queries:      0
    TXT queries:      0
    Responses:        0  (avg size: 0 bytes)
  SNMP Amplification:
    GetBulk requests: 0
    Responses:        0  (avg size: 0 bytes)
  SSDP:
    M-SEARCH packets: 0
    Responses:        0
  PortMapper:
    GETPORT calls:    0
    DUMP calls:       0
  NetBIOS:
    Name queries:     0
    Datagram packets: 0
  LDAP:
    Bind requests:    0
    Search requests:  0
  MSSQL:
    SQLBatch packets: 0
    RPC packets:      0
  TFTP:
    RRQ (read) pkts:  0
    WRQ (write) pkts: 0

[ATTACK DETECTIONS - Cumulative Events]
  UDP flood events:   4657
  UDP-lag events:     0
  SYN flood events:   0
  HTTP flood events:  0
  ICMP flood events:  0
  DNS amp events:     0
  NTP amp events:     4657
  SNMP amp events:    0
  SSDP events:        0
  PortMap events:     0
  NetBIOS events:     0
  LDAP events:        0
  MSSQL events:       0
  TFTP events:        0
  ACK flood events:   0
  Frag attack events: 0
  Packet flood events:0
  (Note: Events count IPs exceeding thresholds per 50ms window)

[ALERT STATUS]
  Alert level:        [1;31mHIGH[0m
  Reason:             [1;31mUDP FLOOD detected: 115334295 UDP pps | NTP AMP detected: 1919140 qps | [0m

[MULTI-LF (2025) COMPARISON]
=== Detection Performance vs ML-Based System ===

  First Detection Latency:   147.16 ms (vs MULTI-LF: 866 ms)
    Improvement:             5.9× faster

  Packets until detection:   0
  Bytes until detection:     0 (0.00 MB)

[OCTOSKETCH METRICS - Optimized Architecture]
=== Per-Worker Sketches + Sampling (1/32 packets) ===

  Architecture:              Per-worker (NO atomics, NO contention)
  Total sketch memory:       5377 KB (14 workers × 384.1 KB)
  Sampling rate:             1 in 32 packets (3.1% overhead)
  Attack traffic sampled:    7712256 updates
  Estimated attack packets:  246792192 (×32 sampling factor)
  Sketch overhead:           ~1.56% of fast-path cycles
  Memory efficiency:         O(1) constant, 384.1 KB per worker

[MULTIPLE DETECTION STATISTICS]
=== Aggregate Detection Analysis ===

  Total detection events:    4657
  Average detection latency: 51.86 ms
  Min detection latency:     50.22 ms
  Max detection latency:     251.52 ms
  Latency range:             201.30 ms

  Detection Latency Histogram:
    < 20 ms:  0 detections (0.0%)
    20-30 ms: 0 detections (0.0%)
    30-40 ms: 0 detections (0.0%)
    40-50 ms: 0 detections (0.0%)
    > 50 ms:  4656 detections (100.0%)

[PERFORMANCE METRICS]
  Throughput:         1.38 Gbps (1.92 Mpps)
  Cycles available:   1558 cycles/pkt (lower = higher load)
  Active IPs:         0
  Worker threads:     14 (lcores 1-14)

[DPDK NIC STATISTICS]
  RX packets (NIC):   463590836
  RX dropped (HW):    [0m0[0m (imissed)
  RX no mbufs:        [0m0[0m (buffer exhaustion)
  RX errors:          0
  Total drops:        [0m0 (0.00%)[0m
  RX burst calls:     98326327995 (99.6% empty)
  Processed pkts:     463591263 (100.0% of NIC RX)


╔═══════════════════════════════════════════════════════════════════════╗
║          MIRA DDoS DETECTOR - STATISTICS (MULTI-CORE)                ║
╚═══════════════════════════════════════════════════════════════════════╝

[PACKET COUNTERS - GLOBAL]
  Total packets:      473197220
  Baseline (10.10.2.x): 0 (0.0%)
  Attack (10.10.3.x): 473197220 (100.0%)
  TCP packets:        0
  UDP packets:        473197220
  ICMP packets:       0

[INSTANTANEOUS TRAFFIC - Last 5.0 seconds]
  Baseline (10.10.2.x): 0 pkts (0.0%)  0 bytes  0.00 Gbps
  Attack (10.10.3.x): 9605876 pkts (100.0%)  864528840 bytes  1.38 Gbps
  Total throughput:   1.38 Gbps  (avg pkt: 90 bytes)

[CUMULATIVE TRAFFIC - Since first packet (246.5s)]
  Total received:     473197220 pkts (1.92 Mpps) | 1.38 Gbps | 42587749800 bytes

[ATTACK-SPECIFIC COUNTERS]
  SYN packets:        0
  SYN-ACK packets:    0
  SYN/ACK ratio:      0.00
  HTTP requests:      0
  DNS queries:        0

[PROTOCOL-SPECIFIC COUNTERS - CIC-DDoS-2019 Features]
  NTP Amplification:
    Monlist queries:  473197220
    Responses:        0  (avg size: 0 bytes)
  DNS Amplification:
    ANY queries:      0
    TXT queries:      0
    Responses:        0  (avg size: 0 bytes)
  SNMP Amplification:
    GetBulk requests: 0
    Responses:        0  (avg size: 0 bytes)
  SSDP:
    M-SEARCH packets: 0
    Responses:        0
  PortMapper:
    GETPORT calls:    0
    DUMP calls:       0
  NetBIOS:
    Name queries:     0
    Datagram packets: 0
  LDAP:
    Bind requests:    0
    Search requests:  0
  MSSQL:
    SQLBatch packets: 0
    RPC packets:      0
  TFTP:
    RRQ (read) pkts:  0
    WRQ (write) pkts: 0

[ATTACK DETECTIONS - Cumulative Events]
  UDP flood events:   4754
  UDP-lag events:     0
  SYN flood events:   0
  HTTP flood events:  0
  ICMP flood events:  0
  DNS amp events:     0
  NTP amp events:     4754
  SNMP amp events:    0
  SSDP events:        0
  PortMap events:     0
  NetBIOS events:     0
  LDAP events:        0
  MSSQL events:       0
  TFTP events:        0
  ACK flood events:   0
  Frag attack events: 0
  Packet flood events:0
  (Note: Events count IPs exceeding thresholds per 50ms window)

[ALERT STATUS]
  Alert level:        [1;31mHIGH[0m
  Reason:             [1;31mUDP FLOOD detected: 117734533 UDP pps | NTP AMP detected: 1919678 qps | [0m

[MULTI-LF (2025) COMPARISON]
=== Detection Performance vs ML-Based System ===

  First Detection Latency:   147.16 ms (vs MULTI-LF: 866 ms)
    Improvement:             5.9× faster

  Packets until detection:   0
  Bytes until detection:     0 (0.00 MB)

[OCTOSKETCH METRICS - Optimized Architecture]
=== Per-Worker Sketches + Sampling (1/32 packets) ===

  Architecture:              Per-worker (NO atomics, NO contention)
  Total sketch memory:       5377 KB (14 workers × 384.1 KB)
  Sampling rate:             1 in 32 packets (3.1% overhead)
  Attack traffic sampled:    7714368 updates
  Estimated attack packets:  246859776 (×32 sampling factor)
  Sketch overhead:           ~1.56% of fast-path cycles
  Memory efficiency:         O(1) constant, 384.1 KB per worker

[MULTIPLE DETECTION STATISTICS]
=== Aggregate Detection Analysis ===

  Total detection events:    4754
  Average detection latency: 51.85 ms
  Min detection latency:     50.22 ms
  Max detection latency:     251.52 ms
  Latency range:             201.30 ms

  Detection Latency Histogram:
    < 20 ms:  0 detections (0.0%)
    20-30 ms: 0 detections (0.0%)
    30-40 ms: 0 detections (0.0%)
    40-50 ms: 0 detections (0.0%)
    > 50 ms:  4753 detections (100.0%)

[PERFORMANCE METRICS]
  Throughput:         1.38 Gbps (1.92 Mpps)
  Cycles available:   1558 cycles/pkt (lower = higher load)
  Active IPs:         0
  Worker threads:     14 (lcores 1-14)

[DPDK NIC STATISTICS]
  RX packets (NIC):   473196766
  RX dropped (HW):    [0m0[0m (imissed)
  RX no mbufs:        [0m0[0m (buffer exhaustion)
  RX errors:          0
  Total drops:        [0m0 (0.00%)[0m
  RX burst calls:     100203853809 (99.6% empty)
  Processed pkts:     473197220 (100.0% of NIC RX)


╔═══════════════════════════════════════════════════════════════════════╗
║          MIRA DDoS DETECTOR - STATISTICS (MULTI-CORE)                ║
╚═══════════════════════════════════════════════════════════════════════╝

[PACKET COUNTERS - GLOBAL]
  Total packets:      482797217
  Baseline (10.10.2.x): 0 (0.0%)
  Attack (10.10.3.x): 482797217 (100.0%)
  TCP packets:        0
  UDP packets:        482797217
  ICMP packets:       0

[INSTANTANEOUS TRAFFIC - Last 5.0 seconds]
  Baseline (10.10.2.x): 0 pkts (0.0%)  0 bytes  0.00 Gbps
  Attack (10.10.3.x): 9599884 pkts (100.0%)  863989560 bytes  1.38 Gbps
  Total throughput:   1.38 Gbps  (avg pkt: 90 bytes)

[CUMULATIVE TRAFFIC - Since first packet (251.5s)]
  Total received:     482797217 pkts (1.92 Mpps) | 1.38 Gbps | 43451749530 bytes

[ATTACK-SPECIFIC COUNTERS]
  SYN packets:        0
  SYN-ACK packets:    0
  SYN/ACK ratio:      0.00
  HTTP requests:      0
  DNS queries:        0

[PROTOCOL-SPECIFIC COUNTERS - CIC-DDoS-2019 Features]
  NTP Amplification:
    Monlist queries:  482797217
    Responses:        0  (avg size: 0 bytes)
  DNS Amplification:
    ANY queries:      0
    TXT queries:      0
    Responses:        0  (avg size: 0 bytes)
  SNMP Amplification:
    GetBulk requests: 0
    Responses:        0  (avg size: 0 bytes)
  SSDP:
    M-SEARCH packets: 0
    Responses:        0
  PortMapper:
    GETPORT calls:    0
    DUMP calls:       0
  NetBIOS:
    Name queries:     0
    Datagram packets: 0
  LDAP:
    Bind requests:    0
    Search requests:  0
  MSSQL:
    SQLBatch packets: 0
    RPC packets:      0
  TFTP:
    RRQ (read) pkts:  0
    WRQ (write) pkts: 0

[ATTACK DETECTIONS - Cumulative Events]
  UDP flood events:   4851
  UDP-lag events:     0
  SYN flood events:   0
  HTTP flood events:  0
  ICMP flood events:  0
  DNS amp events:     0
  NTP amp events:     4851
  SNMP amp events:    0
  SSDP events:        0
  PortMap events:     0
  NetBIOS events:     0
  LDAP events:        0
  MSSQL events:       0
  TFTP events:        0
  ACK flood events:   0
  Frag attack events: 0
  Packet flood events:0
  (Note: Events count IPs exceeding thresholds per 50ms window)

[ALERT STATUS]
  Alert level:        [1;31mHIGH[0m
  Reason:             [1;31mUDP FLOOD detected: 120131506 UDP pps | NTP AMP detected: 1918442 qps | [0m

[MULTI-LF (2025) COMPARISON]
=== Detection Performance vs ML-Based System ===

  First Detection Latency:   147.16 ms (vs MULTI-LF: 866 ms)
    Improvement:             5.9× faster

  Packets until detection:   0
  Bytes until detection:     0 (0.00 MB)

[OCTOSKETCH METRICS - Optimized Architecture]
=== Per-Worker Sketches + Sampling (1/32 packets) ===

  Architecture:              Per-worker (NO atomics, NO contention)
  Total sketch memory:       5377 KB (14 workers × 384.1 KB)
  Sampling rate:             1 in 32 packets (3.1% overhead)
  Attack traffic sampled:    7709408 updates
  Estimated attack packets:  246701056 (×32 sampling factor)
  Sketch overhead:           ~1.56% of fast-path cycles
  Memory efficiency:         O(1) constant, 384.1 KB per worker

[MULTIPLE DETECTION STATISTICS]
=== Aggregate Detection Analysis ===

  Total detection events:    4851
  Average detection latency: 51.85 ms
  Min detection latency:     50.22 ms
  Max detection latency:     251.52 ms
  Latency range:             201.30 ms

  Detection Latency Histogram:
    < 20 ms:  0 detections (0.0%)
    20-30 ms: 0 detections (0.0%)
    30-40 ms: 0 detections (0.0%)
    40-50 ms: 0 detections (0.0%)
    > 50 ms:  4850 detections (100.0%)

[PERFORMANCE METRICS]
  Throughput:         1.38 Gbps (1.92 Mpps)
  Cycles available:   1558 cycles/pkt (lower = higher load)
  Active IPs:         0
  Worker threads:     14 (lcores 1-14)

[DPDK NIC STATISTICS]
  RX packets (NIC):   482796771
  RX dropped (HW):    [0m0[0m (imissed)
  RX no mbufs:        [0m0[0m (buffer exhaustion)
  RX errors:          0
  Total drops:        [0m0 (0.00%)[0m
  RX burst calls:     102081227637 (99.6% empty)
  Processed pkts:     482797217 (100.0% of NIC RX)


╔═══════════════════════════════════════════════════════════════════════╗
║          MIRA DDoS DETECTOR - STATISTICS (MULTI-CORE)                ║
╚═══════════════════════════════════════════════════════════════════════╝

[PACKET COUNTERS - GLOBAL]
  Total packets:      492405045
  Baseline (10.10.2.x): 0 (0.0%)
  Attack (10.10.3.x): 492405045 (100.0%)
  TCP packets:        0
  UDP packets:        492405045
  ICMP packets:       0

[INSTANTANEOUS TRAFFIC - Last 5.0 seconds]
  Baseline (10.10.2.x): 0 pkts (0.0%)  0 bytes  0.00 Gbps
  Attack (10.10.3.x): 9607733 pkts (100.0%)  927092070 bytes  1.48 Gbps
  Total throughput:   1.48 Gbps  (avg pkt: 96 bytes)

[CUMULATIVE TRAFFIC - Since first packet (256.5s)]
  Total received:     492405045 pkts (1.92 Mpps) | 1.38 Gbps | 44316454050 bytes

[ATTACK-SPECIFIC COUNTERS]
  SYN packets:        0
  SYN-ACK packets:    0
  SYN/ACK ratio:      0.00
  HTTP requests:      0
  DNS queries:        0

[PROTOCOL-SPECIFIC COUNTERS - CIC-DDoS-2019 Features]
  NTP Amplification:
    Monlist queries:  492405045
    Responses:        0  (avg size: 0 bytes)
  DNS Amplification:
    ANY queries:      0
    TXT queries:      0
    Responses:        0  (avg size: 0 bytes)
  SNMP Amplification:
    GetBulk requests: 0
    Responses:        0  (avg size: 0 bytes)
  SSDP:
    M-SEARCH packets: 0
    Responses:        0
  PortMapper:
    GETPORT calls:    0
    DUMP calls:       0
  NetBIOS:
    Name queries:     0
    Datagram packets: 0
  LDAP:
    Bind requests:    0
    Search requests:  0
  MSSQL:
    SQLBatch packets: 0
    RPC packets:      0
  TFTP:
    RRQ (read) pkts:  0
    WRQ (write) pkts: 0

[ATTACK DETECTIONS - Cumulative Events]
  UDP flood events:   4947
  UDP-lag events:     0
  SYN flood events:   0
  HTTP flood events:  0
  ICMP flood events:  0
  DNS amp events:     0
  NTP amp events:     4947
  SNMP amp events:    0
  SSDP events:        0
  PortMap events:     0
  NetBIOS events:     0
  LDAP events:        0
  MSSQL events:       0
  TFTP events:        0
  ACK flood events:   0
  Frag attack events: 0
  Packet flood events:0
  (Note: Events count IPs exceeding thresholds per 50ms window)

[ALERT STATUS]
  Alert level:        [1;31mHIGH[0m
  Reason:             [1;31mUDP FLOOD detected: 124055055 UDP pps | NTP AMP detected: 1920095 qps | [0m

[MULTI-LF (2025) COMPARISON]
=== Detection Performance vs ML-Based System ===

  First Detection Latency:   147.16 ms (vs MULTI-LF: 866 ms)
    Improvement:             5.9× faster

  Packets until detection:   0
  Bytes until detection:     0 (0.00 MB)

[OCTOSKETCH METRICS - Optimized Architecture]
=== Per-Worker Sketches + Sampling (1/32 packets) ===

  Architecture:              Per-worker (NO atomics, NO contention)
  Total sketch memory:       5377 KB (14 workers × 384.1 KB)
  Sampling rate:             1 in 32 packets (3.1% overhead)
  Attack traffic sampled:    7619968 updates
  Estimated attack packets:  243838976 (×32 sampling factor)
  Sketch overhead:           ~1.56% of fast-path cycles
  Memory efficiency:         O(1) constant, 384.1 KB per worker

[MULTIPLE DETECTION STATISTICS]
=== Aggregate Detection Analysis ===

  Total detection events:    4947
  Average detection latency: 51.85 ms
  Min detection latency:     50.22 ms
  Max detection latency:     251.52 ms
  Latency range:             201.30 ms

  Detection Latency Histogram:
    < 20 ms:  0 detections (0.0%)
    20-30 ms: 0 detections (0.0%)
    30-40 ms: 0 detections (0.0%)
    40-50 ms: 0 detections (0.0%)
    > 50 ms:  4946 detections (100.0%)

[PERFORMANCE METRICS]
  Throughput:         1.48 Gbps (1.92 Mpps)
  Cycles available:   1557 cycles/pkt (lower = higher load)
  Active IPs:         0
  Worker threads:     14 (lcores 1-14)

[DPDK NIC STATISTICS]
  RX packets (NIC):   492404612
  RX dropped (HW):    [0m0[0m (imissed)
  RX no mbufs:        [0m0[0m (buffer exhaustion)
  RX errors:          0
  Total drops:        [0m0 (0.00%)[0m
  RX burst calls:     103958377809 (99.6% empty)
  Processed pkts:     492405045 (100.0% of NIC RX)


╔═══════════════════════════════════════════════════════════════════════╗
║          MIRA DDoS DETECTOR - STATISTICS (MULTI-CORE)                ║
╚═══════════════════════════════════════════════════════════════════════╝

[PACKET COUNTERS - GLOBAL]
  Total packets:      502006534
  Baseline (10.10.2.x): 0 (0.0%)
  Attack (10.10.3.x): 502006534 (100.0%)
  TCP packets:        0
  UDP packets:        502006534
  ICMP packets:       0

[INSTANTANEOUS TRAFFIC - Last 5.0 seconds]
  Baseline (10.10.2.x): 0 pkts (0.0%)  0 bytes  0.00 Gbps
  Attack (10.10.3.x): 9601386 pkts (100.0%)  864124740 bytes  1.38 Gbps
  Total throughput:   1.38 Gbps  (avg pkt: 90 bytes)

[CUMULATIVE TRAFFIC - Since first packet (261.5s)]
  Total received:     502006534 pkts (1.92 Mpps) | 1.38 Gbps | 45180588060 bytes

[ATTACK-SPECIFIC COUNTERS]
  SYN packets:        0
  SYN-ACK packets:    0
  SYN/ACK ratio:      0.00
  HTTP requests:      0
  DNS queries:        0

[PROTOCOL-SPECIFIC COUNTERS - CIC-DDoS-2019 Features]
  NTP Amplification:
    Monlist queries:  502006534
    Responses:        0  (avg size: 0 bytes)
  DNS Amplification:
    ANY queries:      0
    TXT queries:      0
    Responses:        0  (avg size: 0 bytes)
  SNMP Amplification:
    GetBulk requests: 0
    Responses:        0  (avg size: 0 bytes)
  SSDP:
    M-SEARCH packets: 0
    Responses:        0
  PortMapper:
    GETPORT calls:    0
    DUMP calls:       0
  NetBIOS:
    Name queries:     0
    Datagram packets: 0
  LDAP:
    Bind requests:    0
    Search requests:  0
  MSSQL:
    SQLBatch packets: 0
    RPC packets:      0
  TFTP:
    RRQ (read) pkts:  0
    WRQ (write) pkts: 0

[ATTACK DETECTIONS - Cumulative Events]
  UDP flood events:   5044
  UDP-lag events:     0
  SYN flood events:   0
  HTTP flood events:  0
  ICMP flood events:  0
  DNS amp events:     0
  NTP amp events:     5044
  SNMP amp events:    0
  SSDP events:        0
  PortMap events:     0
  NetBIOS events:     0
  LDAP events:        0
  MSSQL events:       0
  TFTP events:        0
  ACK flood events:   0
  Frag attack events: 0
  Packet flood events:0
  (Note: Events count IPs exceeding thresholds per 50ms window)

[ALERT STATUS]
  Alert level:        [1;31mHIGH[0m
  Reason:             [1;31mUDP FLOOD detected: 126486166 UDP pps | NTP AMP detected: 1918702 qps | [0m

[MULTI-LF (2025) COMPARISON]
=== Detection Performance vs ML-Based System ===

  First Detection Latency:   147.16 ms (vs MULTI-LF: 866 ms)
    Improvement:             5.9× faster

  Packets until detection:   0
  Bytes until detection:     0 (0.00 MB)

[OCTOSKETCH METRICS - Optimized Architecture]
=== Per-Worker Sketches + Sampling (1/32 packets) ===

  Architecture:              Per-worker (NO atomics, NO contention)
  Total sketch memory:       5377 KB (14 workers × 384.1 KB)
  Sampling rate:             1 in 32 packets (3.1% overhead)
  Attack traffic sampled:    7614240 updates
  Estimated attack packets:  243655680 (×32 sampling factor)
  Sketch overhead:           ~1.56% of fast-path cycles
  Memory efficiency:         O(1) constant, 384.1 KB per worker

[MULTIPLE DETECTION STATISTICS]
=== Aggregate Detection Analysis ===

  Total detection events:    5044
  Average detection latency: 51.85 ms
  Min detection latency:     50.22 ms
  Max detection latency:     251.52 ms
  Latency range:             201.30 ms

  Detection Latency Histogram:
    < 20 ms:  0 detections (0.0%)
    20-30 ms: 0 detections (0.0%)
    30-40 ms: 0 detections (0.0%)
    40-50 ms: 0 detections (0.0%)
    > 50 ms:  5043 detections (100.0%)

[PERFORMANCE METRICS]
  Throughput:         1.38 Gbps (1.92 Mpps)
  Cycles available:   1558 cycles/pkt (lower = higher load)
  Active IPs:         0
  Worker threads:     14 (lcores 1-14)

[DPDK NIC STATISTICS]
  RX packets (NIC):   502006109
  RX dropped (HW):    [0m0[0m (imissed)
  RX no mbufs:        [0m0[0m (buffer exhaustion)
  RX errors:          0
  Total drops:        [0m0 (0.00%)[0m
  RX burst calls:     105835743872 (99.6% empty)
  Processed pkts:     502006534 (100.0% of NIC RX)


╔═══════════════════════════════════════════════════════════════════════╗
║          MIRA DDoS DETECTOR - STATISTICS (MULTI-CORE)                ║
╚═══════════════════════════════════════════════════════════════════════╝

[PACKET COUNTERS - GLOBAL]
  Total packets:      511612801
  Baseline (10.10.2.x): 0 (0.0%)
  Attack (10.10.3.x): 511612801 (100.0%)
  TCP packets:        0
  UDP packets:        511612801
  ICMP packets:       0

[INSTANTANEOUS TRAFFIC - Last 5.0 seconds]
  Baseline (10.10.2.x): 0 pkts (0.0%)  0 bytes  0.00 Gbps
  Attack (10.10.3.x): 9606171 pkts (100.0%)  864555390 bytes  1.38 Gbps
  Total throughput:   1.38 Gbps  (avg pkt: 90 bytes)

[CUMULATIVE TRAFFIC - Since first packet (266.6s)]
  Total received:     511612801 pkts (1.92 Mpps) | 1.38 Gbps | 46045152090 bytes

[ATTACK-SPECIFIC COUNTERS]
  SYN packets:        0
  SYN-ACK packets:    0
  SYN/ACK ratio:      0.00
  HTTP requests:      0
  DNS queries:        0

[PROTOCOL-SPECIFIC COUNTERS - CIC-DDoS-2019 Features]
  NTP Amplification:
    Monlist queries:  511612801
    Responses:        0  (avg size: 0 bytes)
  DNS Amplification:
    ANY queries:      0
    TXT queries:      0
    Responses:        0  (avg size: 0 bytes)
  SNMP Amplification:
    GetBulk requests: 0
    Responses:        0  (avg size: 0 bytes)
  SSDP:
    M-SEARCH packets: 0
    Responses:        0
  PortMapper:
    GETPORT calls:    0
    DUMP calls:       0
  NetBIOS:
    Name queries:     0
    Datagram packets: 0
  LDAP:
    Bind requests:    0
    Search requests:  0
  MSSQL:
    SQLBatch packets: 0
    RPC packets:      0
  TFTP:
    RRQ (read) pkts:  0
    WRQ (write) pkts: 0

[ATTACK DETECTIONS - Cumulative Events]
  UDP flood events:   5140
  UDP-lag events:     0
  SYN flood events:   0
  HTTP flood events:  0
  ICMP flood events:  0
  DNS amp events:     0
  NTP amp events:     5140
  SNMP amp events:    0
  SSDP events:        0
  PortMap events:     0
  NetBIOS events:     0
  LDAP events:        0
  MSSQL events:       0
  TFTP events:        0
  ACK flood events:   0
  Frag attack events: 0
  Packet flood events:0
  (Note: Events count IPs exceeding thresholds per 50ms window)

[ALERT STATUS]
  Alert level:        [1;31mHIGH[0m
  Reason:             [1;31mUDP FLOOD detected: 130545420 UDP pps | NTP AMP detected: 1919913 qps | [0m

[MULTI-LF (2025) COMPARISON]
=== Detection Performance vs ML-Based System ===

  First Detection Latency:   147.16 ms (vs MULTI-LF: 866 ms)
    Improvement:             5.9× faster

  Packets until detection:   0
  Bytes until detection:     0 (0.00 MB)

[OCTOSKETCH METRICS - Optimized Architecture]
=== Per-Worker Sketches + Sampling (1/32 packets) ===

  Architecture:              Per-worker (NO atomics, NO contention)
  Total sketch memory:       5377 KB (14 workers × 384.1 KB)
  Sampling rate:             1 in 32 packets (3.1% overhead)
  Attack traffic sampled:    7522560 updates
  Estimated attack packets:  240721920 (×32 sampling factor)
  Sketch overhead:           ~1.56% of fast-path cycles
  Memory efficiency:         O(1) constant, 384.1 KB per worker

[MULTIPLE DETECTION STATISTICS]
=== Aggregate Detection Analysis ===

  Total detection events:    5140
  Average detection latency: 51.85 ms
  Min detection latency:     50.22 ms
  Max detection latency:     251.52 ms
  Latency range:             201.30 ms

  Detection Latency Histogram:
    < 20 ms:  0 detections (0.0%)
    20-30 ms: 0 detections (0.0%)
    30-40 ms: 0 detections (0.0%)
    40-50 ms: 0 detections (0.0%)
    > 50 ms:  5139 detections (100.0%)

[PERFORMANCE METRICS]
  Throughput:         1.38 Gbps (1.92 Mpps)
  Cycles available:   1557 cycles/pkt (lower = higher load)
  Active IPs:         0
  Worker threads:     14 (lcores 1-14)

[DPDK NIC STATISTICS]
  RX packets (NIC):   511612339
  RX dropped (HW):    [0m0[0m (imissed)
  RX no mbufs:        [0m0[0m (buffer exhaustion)
  RX errors:          0
  Total drops:        [0m0 (0.00%)[0m
  RX burst calls:     107713004240 (99.6% empty)
  Processed pkts:     511612801 (100.0% of NIC RX)


╔═══════════════════════════════════════════════════════════════════════╗
║          MIRA DDoS DETECTOR - STATISTICS (MULTI-CORE)                ║
╚═══════════════════════════════════════════════════════════════════════╝

[PACKET COUNTERS - GLOBAL]
  Total packets:      521214499
  Baseline (10.10.2.x): 0 (0.0%)
  Attack (10.10.3.x): 521214499 (100.0%)
  TCP packets:        0
  UDP packets:        521214499
  ICMP packets:       0

[INSTANTANEOUS TRAFFIC - Last 5.0 seconds]
  Baseline (10.10.2.x): 0 pkts (0.0%)  0 bytes  0.00 Gbps
  Attack (10.10.3.x): 9601596 pkts (100.0%)  864143640 bytes  1.38 Gbps
  Total throughput:   1.38 Gbps  (avg pkt: 90 bytes)

[CUMULATIVE TRAFFIC - Since first packet (271.6s)]
  Total received:     521214499 pkts (1.92 Mpps) | 1.38 Gbps | 46909304910 bytes

[ATTACK-SPECIFIC COUNTERS]
  SYN packets:        0
  SYN-ACK packets:    0
  SYN/ACK ratio:      0.00
  HTTP requests:      0
  DNS queries:        0

[PROTOCOL-SPECIFIC COUNTERS - CIC-DDoS-2019 Features]
  NTP Amplification:
    Monlist queries:  521214499
    Responses:        0  (avg size: 0 bytes)
  DNS Amplification:
    ANY queries:      0
    TXT queries:      0
    Responses:        0  (avg size: 0 bytes)
  SNMP Amplification:
    GetBulk requests: 0
    Responses:        0  (avg size: 0 bytes)
  SSDP:
    M-SEARCH packets: 0
    Responses:        0
  PortMapper:
    GETPORT calls:    0
    DUMP calls:       0
  NetBIOS:
    Name queries:     0
    Datagram packets: 0
  LDAP:
    Bind requests:    0
    Search requests:  0
  MSSQL:
    SQLBatch packets: 0
    RPC packets:      0
  TFTP:
    RRQ (read) pkts:  0
    WRQ (write) pkts: 0

[ATTACK DETECTIONS - Cumulative Events]
  UDP flood events:   5237
  UDP-lag events:     0
  SYN flood events:   0
  HTTP flood events:  0
  ICMP flood events:  0
  DNS amp events:     0
  NTP amp events:     5237
  SNMP amp events:    0
  SSDP events:        0
  PortMap events:     0
  NetBIOS events:     0
  LDAP events:        0
  MSSQL events:       0
  TFTP events:        0
  ACK flood events:   0
  Frag attack events: 0
  Packet flood events:0
  (Note: Events count IPs exceeding thresholds per 50ms window)

[ALERT STATUS]
  Alert level:        [1;31mHIGH[0m
  Reason:             [1;31mUDP FLOOD detected: 133002211 UDP pps | NTP AMP detected: 1918715 qps | [0m

[MULTI-LF (2025) COMPARISON]
=== Detection Performance vs ML-Based System ===

  First Detection Latency:   147.16 ms (vs MULTI-LF: 866 ms)
    Improvement:             5.9× faster

  Packets until detection:   0
  Bytes until detection:     0 (0.00 MB)

[OCTOSKETCH METRICS - Optimized Architecture]
=== Per-Worker Sketches + Sampling (1/32 packets) ===

  Architecture:              Per-worker (NO atomics, NO contention)
  Total sketch memory:       5377 KB (14 workers × 384.1 KB)
  Sampling rate:             1 in 32 packets (3.1% overhead)
  Attack traffic sampled:    7518080 updates
  Estimated attack packets:  240578560 (×32 sampling factor)
  Sketch overhead:           ~1.56% of fast-path cycles
  Memory efficiency:         O(1) constant, 384.1 KB per worker

[MULTIPLE DETECTION STATISTICS]
=== Aggregate Detection Analysis ===

  Total detection events:    5237
  Average detection latency: 51.85 ms
  Min detection latency:     50.22 ms
  Max detection latency:     251.52 ms
  Latency range:             201.30 ms

  Detection Latency Histogram:
    < 20 ms:  0 detections (0.0%)
    20-30 ms: 0 detections (0.0%)
    30-40 ms: 0 detections (0.0%)
    40-50 ms: 0 detections (0.0%)
    > 50 ms:  5236 detections (100.0%)

[PERFORMANCE METRICS]
  Throughput:         1.38 Gbps (1.92 Mpps)
  Cycles available:   1558 cycles/pkt (lower = higher load)
  Active IPs:         0
  Worker threads:     14 (lcores 1-14)

[DPDK NIC STATISTICS]
  RX packets (NIC):   521214066
  RX dropped (HW):    [0m0[0m (imissed)
  RX no mbufs:        [0m0[0m (buffer exhaustion)
  RX errors:          0
  Total drops:        [0m0 (0.00%)[0m
  RX burst calls:     109590596011 (99.6% empty)
  Processed pkts:     521214499 (100.0% of NIC RX)


╔═══════════════════════════════════════════════════════════════════════╗
║          MIRA DDoS DETECTOR - STATISTICS (MULTI-CORE)                ║
╚═══════════════════════════════════════════════════════════════════════╝

[PACKET COUNTERS - GLOBAL]
  Total packets:      530822531
  Baseline (10.10.2.x): 0 (0.0%)
  Attack (10.10.3.x): 530822531 (100.0%)
  TCP packets:        0
  UDP packets:        530822531
  ICMP packets:       0

[INSTANTANEOUS TRAFFIC - Last 5.0 seconds]
  Baseline (10.10.2.x): 0 pkts (0.0%)  0 bytes  0.00 Gbps
  Attack (10.10.3.x): 9607939 pkts (100.0%)  864714510 bytes  1.38 Gbps
  Total throughput:   1.38 Gbps  (avg pkt: 90 bytes)

[CUMULATIVE TRAFFIC - Since first packet (276.6s)]
  Total received:     530822531 pkts (1.92 Mpps) | 1.38 Gbps | 47774027790 bytes

[ATTACK-SPECIFIC COUNTERS]
  SYN packets:        0
  SYN-ACK packets:    0
  SYN/ACK ratio:      0.00
  HTTP requests:      0
  DNS queries:        0

[PROTOCOL-SPECIFIC COUNTERS - CIC-DDoS-2019 Features]
  NTP Amplification:
    Monlist queries:  530822531
    Responses:        0  (avg size: 0 bytes)
  DNS Amplification:
    ANY queries:      0
    TXT queries:      0
    Responses:        0  (avg size: 0 bytes)
  SNMP Amplification:
    GetBulk requests: 0
    Responses:        0  (avg size: 0 bytes)
  SSDP:
    M-SEARCH packets: 0
    Responses:        0
  PortMapper:
    GETPORT calls:    0
    DUMP calls:       0
  NetBIOS:
    Name queries:     0
    Datagram packets: 0
  LDAP:
    Bind requests:    0
    Search requests:  0
  MSSQL:
    SQLBatch packets: 0
    RPC packets:      0
  TFTP:
    RRQ (read) pkts:  0
    WRQ (write) pkts: 0

[ATTACK DETECTIONS - Cumulative Events]
  UDP flood events:   5334
  UDP-lag events:     0
  SYN flood events:   0
  HTTP flood events:  0
  ICMP flood events:  0
  DNS amp events:     0
  NTP amp events:     5334
  SNMP amp events:    0
  SSDP events:        0
  PortMap events:     0
  NetBIOS events:     0
  LDAP events:        0
  MSSQL events:       0
  TFTP events:        0
  ACK flood events:   0
  Frag attack events: 0
  Packet flood events:0
  (Note: Events count IPs exceeding thresholds per 50ms window)

[ALERT STATUS]
  Alert level:        [1;31mHIGH[0m
  Reason:             [1;31mUDP FLOOD detected: 135464003 UDP pps | NTP AMP detected: 1920041 qps | [0m

[MULTI-LF (2025) COMPARISON]
=== Detection Performance vs ML-Based System ===

  First Detection Latency:   147.16 ms (vs MULTI-LF: 866 ms)
    Improvement:             5.9× faster

  Packets until detection:   0
  Bytes until detection:     0 (0.00 MB)

[OCTOSKETCH METRICS - Optimized Architecture]
=== Per-Worker Sketches + Sampling (1/32 packets) ===

  Architecture:              Per-worker (NO atomics, NO contention)
  Total sketch memory:       5377 KB (14 workers × 384.1 KB)
  Sampling rate:             1 in 32 packets (3.1% overhead)
  Attack traffic sampled:    7523232 updates
  Estimated attack packets:  240743424 (×32 sampling factor)
  Sketch overhead:           ~1.56% of fast-path cycles
  Memory efficiency:         O(1) constant, 384.1 KB per worker

[MULTIPLE DETECTION STATISTICS]
=== Aggregate Detection Analysis ===

  Total detection events:    5334
  Average detection latency: 51.85 ms
  Min detection latency:     50.22 ms
  Max detection latency:     251.52 ms
  Latency range:             201.30 ms

  Detection Latency Histogram:
    < 20 ms:  0 detections (0.0%)
    20-30 ms: 0 detections (0.0%)
    30-40 ms: 0 detections (0.0%)
    40-50 ms: 0 detections (0.0%)
    > 50 ms:  5333 detections (100.0%)

[PERFORMANCE METRICS]
  Throughput:         1.38 Gbps (1.92 Mpps)
  Cycles available:   1557 cycles/pkt (lower = higher load)
  Active IPs:         0
  Worker threads:     14 (lcores 1-14)

[DPDK NIC STATISTICS]
  RX packets (NIC):   530822130
  RX dropped (HW):    [0m0[0m (imissed)
  RX no mbufs:        [0m0[0m (buffer exhaustion)
  RX errors:          0
  Total drops:        [0m0 (0.00%)[0m
  RX burst calls:     111467824988 (99.6% empty)
  Processed pkts:     530822531 (100.0% of NIC RX)


╔═══════════════════════════════════════════════════════════════════════╗
║          MIRA DDoS DETECTOR - STATISTICS (MULTI-CORE)                ║
╚═══════════════════════════════════════════════════════════════════════╝

[PACKET COUNTERS - GLOBAL]
  Total packets:      540425679
  Baseline (10.10.2.x): 0 (0.0%)
  Attack (10.10.3.x): 540425679 (100.0%)
  TCP packets:        0
  UDP packets:        540425679
  ICMP packets:       0

[INSTANTANEOUS TRAFFIC - Last 5.0 seconds]
  Baseline (10.10.2.x): 0 pkts (0.0%)  0 bytes  0.00 Gbps
  Attack (10.10.3.x): 9603043 pkts (100.0%)  926772930 bytes  1.48 Gbps
  Total throughput:   1.48 Gbps  (avg pkt: 97 bytes)

[CUMULATIVE TRAFFIC - Since first packet (281.6s)]
  Total received:     540425679 pkts (1.92 Mpps) | 1.38 Gbps | 48638311110 bytes

[ATTACK-SPECIFIC COUNTERS]
  SYN packets:        0
  SYN-ACK packets:    0
  SYN/ACK ratio:      0.00
  HTTP requests:      0
  DNS queries:        0

[PROTOCOL-SPECIFIC COUNTERS - CIC-DDoS-2019 Features]
  NTP Amplification:
    Monlist queries:  540425679
    Responses:        0  (avg size: 0 bytes)
  DNS Amplification:
    ANY queries:      0
    TXT queries:      0
    Responses:        0  (avg size: 0 bytes)
  SNMP Amplification:
    GetBulk requests: 0
    Responses:        0  (avg size: 0 bytes)
  SSDP:
    M-SEARCH packets: 0
    Responses:        0
  PortMapper:
    GETPORT calls:    0
    DUMP calls:       0
  NetBIOS:
    Name queries:     0
    Datagram packets: 0
  LDAP:
    Bind requests:    0
    Search requests:  0
  MSSQL:
    SQLBatch packets: 0
    RPC packets:      0
  TFTP:
    RRQ (read) pkts:  0
    WRQ (write) pkts: 0

[ATTACK DETECTIONS - Cumulative Events]
  UDP flood events:   5430
  UDP-lag events:     0
  SYN flood events:   0
  HTTP flood events:  0
  ICMP flood events:  0
  DNS amp events:     0
  NTP amp events:     5430
  SNMP amp events:    0
  SSDP events:        0
  PortMap events:     0
  NetBIOS events:     0
  LDAP events:        0
  MSSQL events:       0
  TFTP events:        0
  ACK flood events:   0
  Frag attack events: 0
  Packet flood events:0
  (Note: Events count IPs exceeding thresholds per 50ms window)

[ALERT STATUS]
  Alert level:        [1;31mHIGH[0m
  Reason:             [1;31mUDP FLOOD detected: 139689589 UDP pps | NTP AMP detected: 1919177 qps | [0m

[MULTI-LF (2025) COMPARISON]
=== Detection Performance vs ML-Based System ===

  First Detection Latency:   147.16 ms (vs MULTI-LF: 866 ms)
    Improvement:             5.9× faster

  Packets until detection:   0
  Bytes until detection:     0 (0.00 MB)

[OCTOSKETCH METRICS - Optimized Architecture]
=== Per-Worker Sketches + Sampling (1/32 packets) ===

  Architecture:              Per-worker (NO atomics, NO contention)
  Total sketch memory:       5377 KB (14 workers × 384.1 KB)
  Sampling rate:             1 in 32 packets (3.1% overhead)
  Attack traffic sampled:    7423616 updates
  Estimated attack packets:  237555712 (×32 sampling factor)
  Sketch overhead:           ~1.56% of fast-path cycles
  Memory efficiency:         O(1) constant, 384.1 KB per worker

[MULTIPLE DETECTION STATISTICS]
=== Aggregate Detection Analysis ===

  Total detection events:    5430
  Average detection latency: 51.85 ms
  Min detection latency:     50.22 ms
  Max detection latency:     251.52 ms
  Latency range:             201.30 ms

  Detection Latency Histogram:
    < 20 ms:  0 detections (0.0%)
    20-30 ms: 0 detections (0.0%)
    30-40 ms: 0 detections (0.0%)
    40-50 ms: 0 detections (0.0%)
    > 50 ms:  5429 detections (100.0%)

[PERFORMANCE METRICS]
  Throughput:         1.48 Gbps (1.92 Mpps)
  Cycles available:   1558 cycles/pkt (lower = higher load)
  Active IPs:         0
  Worker threads:     14 (lcores 1-14)

[DPDK NIC STATISTICS]
  RX packets (NIC):   540425254
  RX dropped (HW):    [0m0[0m (imissed)
  RX no mbufs:        [0m0[0m (buffer exhaustion)
  RX errors:          0
  Total drops:        [0m0 (0.00%)[0m
  RX burst calls:     113345164512 (99.6% empty)
  Processed pkts:     540425679 (100.0% of NIC RX)


╔═══════════════════════════════════════════════════════════════════════╗
║          MIRA DDoS DETECTOR - STATISTICS (MULTI-CORE)                ║
╚═══════════════════════════════════════════════════════════════════════╝

[PACKET COUNTERS - GLOBAL]
  Total packets:      550031296
  Baseline (10.10.2.x): 0 (0.0%)
  Attack (10.10.3.x): 550031296 (100.0%)
  TCP packets:        0
  UDP packets:        550031296
  ICMP packets:       0

[INSTANTANEOUS TRAFFIC - Last 5.0 seconds]
  Baseline (10.10.2.x): 0 pkts (0.0%)  0 bytes  0.00 Gbps
  Attack (10.10.3.x): 9605519 pkts (100.0%)  864496710 bytes  1.38 Gbps
  Total throughput:   1.38 Gbps  (avg pkt: 90 bytes)

[CUMULATIVE TRAFFIC - Since first packet (286.6s)]
  Total received:     550031296 pkts (1.92 Mpps) | 1.38 Gbps | 49502816640 bytes

[ATTACK-SPECIFIC COUNTERS]
  SYN packets:        0
  SYN-ACK packets:    0
  SYN/ACK ratio:      0.00
  HTTP requests:      0
  DNS queries:        0

[PROTOCOL-SPECIFIC COUNTERS - CIC-DDoS-2019 Features]
  NTP Amplification:
    Monlist queries:  550031296
    Responses:        0  (avg size: 0 bytes)
  DNS Amplification:
    ANY queries:      0
    TXT queries:      0
    Responses:        0  (avg size: 0 bytes)
  SNMP Amplification:
    GetBulk requests: 0
    Responses:        0  (avg size: 0 bytes)
  SSDP:
    M-SEARCH packets: 0
    Responses:        0
  PortMapper:
    GETPORT calls:    0
    DUMP calls:       0
  NetBIOS:
    Name queries:     0
    Datagram packets: 0
  LDAP:
    Bind requests:    0
    Search requests:  0
  MSSQL:
    SQLBatch packets: 0
    RPC packets:      0
  TFTP:
    RRQ (read) pkts:  0
    WRQ (write) pkts: 0

[ATTACK DETECTIONS - Cumulative Events]
  UDP flood events:   5527
  UDP-lag events:     0
  SYN flood events:   0
  HTTP flood events:  0
  ICMP flood events:  0
  DNS amp events:     0
  NTP amp events:     5527
  SNMP amp events:    0
  SSDP events:        0
  PortMap events:     0
  NetBIOS events:     0
  LDAP events:        0
  MSSQL events:       0
  TFTP events:        0
  ACK flood events:   0
  Frag attack events: 0
  Packet flood events:0
  (Note: Events count IPs exceeding thresholds per 50ms window)

[ALERT STATUS]
  Alert level:        [1;31mHIGH[0m
  Reason:             [1;31mUDP FLOOD detected: 142186454 UDP pps | NTP AMP detected: 1919904 qps | [0m

[MULTI-LF (2025) COMPARISON]
=== Detection Performance vs ML-Based System ===

  First Detection Latency:   147.16 ms (vs MULTI-LF: 866 ms)
    Improvement:             5.9× faster

  Packets until detection:   0
  Bytes until detection:     0 (0.00 MB)

[OCTOSKETCH METRICS - Optimized Architecture]
=== Per-Worker Sketches + Sampling (1/32 packets) ===

  Architecture:              Per-worker (NO atomics, NO contention)
  Total sketch memory:       5377 KB (14 workers × 384.1 KB)
  Sampling rate:             1 in 32 packets (3.1% overhead)
  Attack traffic sampled:    7426208 updates
  Estimated attack packets:  237638656 (×32 sampling factor)
  Sketch overhead:           ~1.56% of fast-path cycles
  Memory efficiency:         O(1) constant, 384.1 KB per worker

[MULTIPLE DETECTION STATISTICS]
=== Aggregate Detection Analysis ===

  Total detection events:    5527
  Average detection latency: 51.85 ms
  Min detection latency:     50.22 ms
  Max detection latency:     251.52 ms
  Latency range:             201.30 ms

  Detection Latency Histogram:
    < 20 ms:  0 detections (0.0%)
    20-30 ms: 0 detections (0.0%)
    30-40 ms: 0 detections (0.0%)
    40-50 ms: 0 detections (0.0%)
    > 50 ms:  5526 detections (100.0%)

[PERFORMANCE METRICS]
  Throughput:         1.38 Gbps (1.92 Mpps)
  Cycles available:   1558 cycles/pkt (lower = higher load)
  Active IPs:         0
  Worker threads:     14 (lcores 1-14)

[DPDK NIC STATISTICS]
  RX packets (NIC):   550030880
  RX dropped (HW):    [0m0[0m (imissed)
  RX no mbufs:        [0m0[0m (buffer exhaustion)
  RX errors:          0
  Total drops:        [0m0 (0.00%)[0m
  RX burst calls:     115222438363 (99.6% empty)
  Processed pkts:     550031296 (100.0% of NIC RX)


╔═══════════════════════════════════════════════════════════════════════╗
║          MIRA DDoS DETECTOR - STATISTICS (MULTI-CORE)                ║
╚═══════════════════════════════════════════════════════════════════════╝

[PACKET COUNTERS - GLOBAL]
  Total packets:      559635606
  Baseline (10.10.2.x): 0 (0.0%)
  Attack (10.10.3.x): 559635606 (100.0%)
  TCP packets:        0
  UDP packets:        559635606
  ICMP packets:       0

[INSTANTANEOUS TRAFFIC - Last 5.0 seconds]
  Baseline (10.10.2.x): 0 pkts (0.0%)  0 bytes  0.00 Gbps
  Attack (10.10.3.x): 9604211 pkts (100.0%)  864378990 bytes  1.38 Gbps
  Total throughput:   1.38 Gbps  (avg pkt: 90 bytes)

[CUMULATIVE TRAFFIC - Since first packet (291.6s)]
  Total received:     559635606 pkts (1.92 Mpps) | 1.38 Gbps | 50367204540 bytes

[ATTACK-SPECIFIC COUNTERS]
  SYN packets:        0
  SYN-ACK packets:    0
  SYN/ACK ratio:      0.00
  HTTP requests:      0
  DNS queries:        0

[PROTOCOL-SPECIFIC COUNTERS - CIC-DDoS-2019 Features]
  NTP Amplification:
    Monlist queries:  559635606
    Responses:        0  (avg size: 0 bytes)
  DNS Amplification:
    ANY queries:      0
    TXT queries:      0
    Responses:        0  (avg size: 0 bytes)
  SNMP Amplification:
    GetBulk requests: 0
    Responses:        0  (avg size: 0 bytes)
  SSDP:
    M-SEARCH packets: 0
    Responses:        0
  PortMapper:
    GETPORT calls:    0
    DUMP calls:       0
  NetBIOS:
    Name queries:     0
    Datagram packets: 0
  LDAP:
    Bind requests:    0
    Search requests:  0
  MSSQL:
    SQLBatch packets: 0
    RPC packets:      0
  TFTP:
    RRQ (read) pkts:  0
    WRQ (write) pkts: 0

[ATTACK DETECTIONS - Cumulative Events]
  UDP flood events:   5623
  UDP-lag events:     0
  SYN flood events:   0
  HTTP flood events:  0
  ICMP flood events:  0
  DNS amp events:     0
  NTP amp events:     5623
  SNMP amp events:    0
  SSDP events:        0
  PortMap events:     0
  NetBIOS events:     0
  LDAP events:        0
  MSSQL events:       0
  TFTP events:        0
  ACK flood events:   0
  Frag attack events: 0
  Packet flood events:0
  (Note: Events count IPs exceeding thresholds per 50ms window)

[ALERT STATUS]
  Alert level:        [1;31mHIGH[0m
  Reason:             [1;31mUDP FLOOD detected: 146551548 UDP pps | NTP AMP detected: 1919236 qps | [0m

[MULTI-LF (2025) COMPARISON]
=== Detection Performance vs ML-Based System ===

  First Detection Latency:   147.16 ms (vs MULTI-LF: 866 ms)
    Improvement:             5.9× faster

  Packets until detection:   0
  Bytes until detection:     0 (0.00 MB)

[OCTOSKETCH METRICS - Optimized Architecture]
=== Per-Worker Sketches + Sampling (1/32 packets) ===

  Architecture:              Per-worker (NO atomics, NO contention)
  Total sketch memory:       5377 KB (14 workers × 384.1 KB)
  Sampling rate:             1 in 32 packets (3.1% overhead)
  Attack traffic sampled:    7327520 updates
  Estimated attack packets:  234480640 (×32 sampling factor)
  Sketch overhead:           ~1.56% of fast-path cycles
  Memory efficiency:         O(1) constant, 384.1 KB per worker

[MULTIPLE DETECTION STATISTICS]
=== Aggregate Detection Analysis ===

  Total detection events:    5623
  Average detection latency: 51.85 ms
  Min detection latency:     50.22 ms
  Max detection latency:     251.52 ms
  Latency range:             201.30 ms

  Detection Latency Histogram:
    < 20 ms:  0 detections (0.0%)
    20-30 ms: 0 detections (0.0%)
    30-40 ms: 0 detections (0.0%)
    40-50 ms: 0 detections (0.0%)
    > 50 ms:  5622 detections (100.0%)

[PERFORMANCE METRICS]
  Throughput:         1.38 Gbps (1.92 Mpps)
  Cycles available:   1558 cycles/pkt (lower = higher load)
  Active IPs:         0
  Worker threads:     14 (lcores 1-14)

[DPDK NIC STATISTICS]
  RX packets (NIC):   559635202
  RX dropped (HW):    [0m0[0m (imissed)
  RX no mbufs:        [0m0[0m (buffer exhaustion)
  RX errors:          0
  Total drops:        [0m0 (0.00%)[0m
  RX burst calls:     117099339244 (99.6% empty)
  Processed pkts:     559635606 (100.0% of NIC RX)


╔═══════════════════════════════════════════════════════════════════════╗
║          MIRA DDoS DETECTOR - STATISTICS (MULTI-CORE)                ║
╚═══════════════════════════════════════════════════════════════════════╝

[PACKET COUNTERS - GLOBAL]
  Total packets:      569239959
  Baseline (10.10.2.x): 0 (0.0%)
  Attack (10.10.3.x): 569239959 (100.0%)
  TCP packets:        0
  UDP packets:        569239959
  ICMP packets:       0

[INSTANTANEOUS TRAFFIC - Last 5.0 seconds]
  Baseline (10.10.2.x): 0 pkts (0.0%)  0 bytes  0.00 Gbps
  Attack (10.10.3.x): 9604229 pkts (100.0%)  864380610 bytes  1.38 Gbps
  Total throughput:   1.38 Gbps  (avg pkt: 90 bytes)

[CUMULATIVE TRAFFIC - Since first packet (296.6s)]
  Total received:     569239959 pkts (1.92 Mpps) | 1.38 Gbps | 51231596310 bytes

[ATTACK-SPECIFIC COUNTERS]
  SYN packets:        0
  SYN-ACK packets:    0
  SYN/ACK ratio:      0.00
  HTTP requests:      0
  DNS queries:        0

[PROTOCOL-SPECIFIC COUNTERS - CIC-DDoS-2019 Features]
  NTP Amplification:
    Monlist queries:  569239959
    Responses:        0  (avg size: 0 bytes)
  DNS Amplification:
    ANY queries:      0
    TXT queries:      0
    Responses:        0  (avg size: 0 bytes)
  SNMP Amplification:
    GetBulk requests: 0
    Responses:        0  (avg size: 0 bytes)
  SSDP:
    M-SEARCH packets: 0
    Responses:        0
  PortMapper:
    GETPORT calls:    0
    DUMP calls:       0
  NetBIOS:
    Name queries:     0
    Datagram packets: 0
  LDAP:
    Bind requests:    0
    Search requests:  0
  MSSQL:
    SQLBatch packets: 0
    RPC packets:      0
  TFTP:
    RRQ (read) pkts:  0
    WRQ (write) pkts: 0

[ATTACK DETECTIONS - Cumulative Events]
  UDP flood events:   5720
  UDP-lag events:     0
  SYN flood events:   0
  HTTP flood events:  0
  ICMP flood events:  0
  DNS amp events:     0
  NTP amp events:     5720
  SNMP amp events:    0
  SSDP events:        0
  PortMap events:     0
  NetBIOS events:     0
  LDAP events:        0
  MSSQL events:       0
  TFTP events:        0
  ACK flood events:   0
  Frag attack events: 0
  Packet flood events:0
  (Note: Events count IPs exceeding thresholds per 50ms window)

[ALERT STATUS]
  Alert level:        [1;31mHIGH[0m
  Reason:             [1;31mUDP FLOOD detected: 149084575 UDP pps | NTP AMP detected: 1919861 qps | [0m

[MULTI-LF (2025) COMPARISON]
=== Detection Performance vs ML-Based System ===

  First Detection Latency:   147.16 ms (vs MULTI-LF: 866 ms)
    Improvement:             5.9× faster

  Packets until detection:   0
  Bytes until detection:     0 (0.00 MB)

[OCTOSKETCH METRICS - Optimized Architecture]
=== Per-Worker Sketches + Sampling (1/32 packets) ===

  Architecture:              Per-worker (NO atomics, NO contention)
  Total sketch memory:       5377 KB (14 workers × 384.1 KB)
  Sampling rate:             1 in 32 packets (3.1% overhead)
  Attack traffic sampled:    7329600 updates
  Estimated attack packets:  234547200 (×32 sampling factor)
  Sketch overhead:           ~1.56% of fast-path cycles
  Memory efficiency:         O(1) constant, 384.1 KB per worker

[MULTIPLE DETECTION STATISTICS]
=== Aggregate Detection Analysis ===

  Total detection events:    5720
  Average detection latency: 51.85 ms
  Min detection latency:     50.22 ms
  Max detection latency:     251.52 ms
  Latency range:             201.30 ms

  Detection Latency Histogram:
    < 20 ms:  0 detections (0.0%)
    20-30 ms: 0 detections (0.0%)
    30-40 ms: 0 detections (0.0%)
    40-50 ms: 0 detections (0.0%)
    > 50 ms:  5719 detections (100.0%)

[PERFORMANCE METRICS]
  Throughput:         1.38 Gbps (1.92 Mpps)
  Cycles available:   1558 cycles/pkt (lower = higher load)
  Active IPs:         0
  Worker threads:     14 (lcores 1-14)

[DPDK NIC STATISTICS]
  RX packets (NIC):   569239528
  RX dropped (HW):    [0m0[0m (imissed)
  RX no mbufs:        [0m0[0m (buffer exhaustion)
  RX errors:          0
  Total drops:        [0m0 (0.00%)[0m
  RX burst calls:     118976493814 (99.5% empty)
  Processed pkts:     569239959 (100.0% of NIC RX)


╔═══════════════════════════════════════════════════════════════════════╗
║          MIRA DDoS DETECTOR - STATISTICS (MULTI-CORE)                ║
╚═══════════════════════════════════════════════════════════════════════╝

[PACKET COUNTERS - GLOBAL]
  Total packets:      578845507
  Baseline (10.10.2.x): 0 (0.0%)
  Attack (10.10.3.x): 578845507 (100.0%)
  TCP packets:        0
  UDP packets:        578845507
  ICMP packets:       0

[INSTANTANEOUS TRAFFIC - Last 5.0 seconds]
  Baseline (10.10.2.x): 0 pkts (0.0%)  0 bytes  0.00 Gbps
  Attack (10.10.3.x): 9605461 pkts (100.0%)  864491490 bytes  1.38 Gbps
  Total throughput:   1.38 Gbps  (avg pkt: 90 bytes)

[CUMULATIVE TRAFFIC - Since first packet (301.6s)]
  Total received:     578845507 pkts (1.92 Mpps) | 1.38 Gbps | 52096095630 bytes

[ATTACK-SPECIFIC COUNTERS]
  SYN packets:        0
  SYN-ACK packets:    0
  SYN/ACK ratio:      0.00
  HTTP requests:      0
  DNS queries:        0

[PROTOCOL-SPECIFIC COUNTERS - CIC-DDoS-2019 Features]
  NTP Amplification:
    Monlist queries:  578845507
    Responses:        0  (avg size: 0 bytes)
  DNS Amplification:
    ANY queries:      0
    TXT queries:      0
    Responses:        0  (avg size: 0 bytes)
  SNMP Amplification:
    GetBulk requests: 0
    Responses:        0  (avg size: 0 bytes)
  SSDP:
    M-SEARCH packets: 0
    Responses:        0
  PortMapper:
    GETPORT calls:    0
    DUMP calls:       0
  NetBIOS:
    Name queries:     0
    Datagram packets: 0
  LDAP:
    Bind requests:    0
    Search requests:  0
  MSSQL:
    SQLBatch packets: 0
    RPC packets:      0
  TFTP:
    RRQ (read) pkts:  0
    WRQ (write) pkts: 0

[ATTACK DETECTIONS - Cumulative Events]
  UDP flood events:   5817
  UDP-lag events:     0
  SYN flood events:   0
  HTTP flood events:  0
  ICMP flood events:  0
  DNS amp events:     0
  NTP amp events:     5817
  SNMP amp events:    0
  SSDP events:        0
  PortMap events:     0
  NetBIOS events:     0
  LDAP events:        0
  MSSQL events:       0
  TFTP events:        0
  ACK flood events:   0
  Frag attack events: 0
  Packet flood events:0
  (Note: Events count IPs exceeding thresholds per 50ms window)

[ALERT STATUS]
  Alert level:        [1;31mHIGH[0m
  Reason:             [1;31mUDP FLOOD detected: 151610530 UDP pps | NTP AMP detected: 1919264 qps | [0m

[MULTI-LF (2025) COMPARISON]
=== Detection Performance vs ML-Based System ===

  First Detection Latency:   147.16 ms (vs MULTI-LF: 866 ms)
    Improvement:             5.9× faster

  Packets until detection:   0
  Bytes until detection:     0 (0.00 MB)

[OCTOSKETCH METRICS - Optimized Architecture]
=== Per-Worker Sketches + Sampling (1/32 packets) ===

  Architecture:              Per-worker (NO atomics, NO contention)
  Total sketch memory:       5377 KB (14 workers × 384.1 KB)
  Sampling rate:             1 in 32 packets (3.1% overhead)
  Attack traffic sampled:    7327296 updates
  Estimated attack packets:  234473472 (×32 sampling factor)
  Sketch overhead:           ~1.56% of fast-path cycles
  Memory efficiency:         O(1) constant, 384.1 KB per worker

[MULTIPLE DETECTION STATISTICS]
=== Aggregate Detection Analysis ===

  Total detection events:    5817
  Average detection latency: 51.84 ms
  Min detection latency:     50.22 ms
  Max detection latency:     251.52 ms
  Latency range:             201.30 ms

  Detection Latency Histogram:
    < 20 ms:  0 detections (0.0%)
    20-30 ms: 0 detections (0.0%)
    30-40 ms: 0 detections (0.0%)
    40-50 ms: 0 detections (0.0%)
    > 50 ms:  5816 detections (100.0%)

[PERFORMANCE METRICS]
  Throughput:         1.38 Gbps (1.92 Mpps)
  Cycles available:   1558 cycles/pkt (lower = higher load)
  Active IPs:         0
  Worker threads:     14 (lcores 1-14)

[DPDK NIC STATISTICS]
  RX packets (NIC):   578845085
  RX dropped (HW):    [0m0[0m (imissed)
  RX no mbufs:        [0m0[0m (buffer exhaustion)
  RX errors:          0
  Total drops:        [0m0 (0.00%)[0m
  RX burst calls:     120853287718 (99.5% empty)
  Processed pkts:     578845507 (100.0% of NIC RX)


╔═══════════════════════════════════════════════════════════════════════╗
║          MIRA DDoS DETECTOR - STATISTICS (MULTI-CORE)                ║
╚═══════════════════════════════════════════════════════════════════════╝

[PACKET COUNTERS - GLOBAL]
  Total packets:      588449880
  Baseline (10.10.2.x): 0 (0.0%)
  Attack (10.10.3.x): 588449880 (100.0%)
  TCP packets:        0
  UDP packets:        588449880
  ICMP packets:       0

[INSTANTANEOUS TRAFFIC - Last 5.0 seconds]
  Baseline (10.10.2.x): 0 pkts (0.0%)  0 bytes  0.00 Gbps
  Attack (10.10.3.x): 9604285 pkts (100.0%)  864385650 bytes  1.38 Gbps
  Total throughput:   1.38 Gbps  (avg pkt: 90 bytes)

[CUMULATIVE TRAFFIC - Since first packet (306.6s)]
  Total received:     588449880 pkts (1.92 Mpps) | 1.38 Gbps | 52960489200 bytes

[ATTACK-SPECIFIC COUNTERS]
  SYN packets:        0
  SYN-ACK packets:    0
  SYN/ACK ratio:      0.00
  HTTP requests:      0
  DNS queries:        0

[PROTOCOL-SPECIFIC COUNTERS - CIC-DDoS-2019 Features]
  NTP Amplification:
    Monlist queries:  588449880
    Responses:        0  (avg size: 0 bytes)
  DNS Amplification:
    ANY queries:      0
    TXT queries:      0
    Responses:        0  (avg size: 0 bytes)
  SNMP Amplification:
    GetBulk requests: 0
    Responses:        0  (avg size: 0 bytes)
  SSDP:
    M-SEARCH packets: 0
    Responses:        0
  PortMapper:
    GETPORT calls:    0
    DUMP calls:       0
  NetBIOS:
    Name queries:     0
    Datagram packets: 0
  LDAP:
    Bind requests:    0
    Search requests:  0
  MSSQL:
    SQLBatch packets: 0
    RPC packets:      0
  TFTP:
    RRQ (read) pkts:  0
    WRQ (write) pkts: 0

[ATTACK DETECTIONS - Cumulative Events]
  UDP flood events:   5913
  UDP-lag events:     0
  SYN flood events:   0
  HTTP flood events:  0
  ICMP flood events:  0
  DNS amp events:     0
  NTP amp events:     5913
  SNMP amp events:    0
  SSDP events:        0
  PortMap events:     0
  NetBIOS events:     0
  LDAP events:        0
  MSSQL events:       0
  TFTP events:        0
  ACK flood events:   0
  Frag attack events: 0
  Packet flood events:0
  (Note: Events count IPs exceeding thresholds per 50ms window)

[ALERT STATUS]
  Alert level:        [1;31mHIGH[0m
  Reason:             [1;31mUDP FLOOD detected: 156152268 UDP pps | NTP AMP detected: 1919851 qps | [0m

[MULTI-LF (2025) COMPARISON]
=== Detection Performance vs ML-Based System ===

  First Detection Latency:   147.16 ms (vs MULTI-LF: 866 ms)
    Improvement:             5.9× faster

  Packets until detection:   0
  Bytes until detection:     0 (0.00 MB)

[OCTOSKETCH METRICS - Optimized Architecture]
=== Per-Worker Sketches + Sampling (1/32 packets) ===

  Architecture:              Per-worker (NO atomics, NO contention)
  Total sketch memory:       5377 KB (14 workers × 384.1 KB)
  Sampling rate:             1 in 32 packets (3.1% overhead)
  Attack traffic sampled:    7233600 updates
  Estimated attack packets:  231475200 (×32 sampling factor)
  Sketch overhead:           ~1.56% of fast-path cycles
  Memory efficiency:         O(1) constant, 384.1 KB per worker

[MULTIPLE DETECTION STATISTICS]
=== Aggregate Detection Analysis ===

  Total detection events:    5913
  Average detection latency: 51.84 ms
  Min detection latency:     50.22 ms
  Max detection latency:     251.52 ms
  Latency range:             201.30 ms

  Detection Latency Histogram:
    < 20 ms:  0 detections (0.0%)
    20-30 ms: 0 detections (0.0%)
    30-40 ms: 0 detections (0.0%)
    40-50 ms: 0 detections (0.0%)
    > 50 ms:  5912 detections (100.0%)

[PERFORMANCE METRICS]
  Throughput:         1.38 Gbps (1.92 Mpps)
  Cycles available:   1558 cycles/pkt (lower = higher load)
  Active IPs:         0
  Worker threads:     14 (lcores 1-14)

[DPDK NIC STATISTICS]
  RX packets (NIC):   588449448
  RX dropped (HW):    [0m0[0m (imissed)
  RX no mbufs:        [0m0[0m (buffer exhaustion)
  RX errors:          0
  Total drops:        [0m0 (0.00%)[0m
  RX burst calls:     122730298866 (99.5% empty)
  Processed pkts:     588449880 (100.0% of NIC RX)


╔═══════════════════════════════════════════════════════════════════════╗
║          MIRA DDoS DETECTOR - STATISTICS (MULTI-CORE)                ║
╚═══════════════════════════════════════════════════════════════════════╝

[PACKET COUNTERS - GLOBAL]
  Total packets:      598056056
  Baseline (10.10.2.x): 0 (0.0%)
  Attack (10.10.3.x): 598056056 (100.0%)
  TCP packets:        0
  UDP packets:        598056056
  ICMP packets:       0

[INSTANTANEOUS TRAFFIC - Last 5.0 seconds]
  Baseline (10.10.2.x): 0 pkts (0.0%)  0 bytes  0.00 Gbps
  Attack (10.10.3.x): 9606057 pkts (100.0%)  864545130 bytes  1.38 Gbps
  Total throughput:   1.38 Gbps  (avg pkt: 90 bytes)

[CUMULATIVE TRAFFIC - Since first packet (311.6s)]
  Total received:     598056056 pkts (1.92 Mpps) | 1.38 Gbps | 53825045040 bytes

[ATTACK-SPECIFIC COUNTERS]
  SYN packets:        0
  SYN-ACK packets:    0
  SYN/ACK ratio:      0.00
  HTTP requests:      0
  DNS queries:        0

[PROTOCOL-SPECIFIC COUNTERS - CIC-DDoS-2019 Features]
  NTP Amplification:
    Monlist queries:  598056056
    Responses:        0  (avg size: 0 bytes)
  DNS Amplification:
    ANY queries:      0
    TXT queries:      0
    Responses:        0  (avg size: 0 bytes)
  SNMP Amplification:
    GetBulk requests: 0
    Responses:        0  (avg size: 0 bytes)
  SSDP:
    M-SEARCH packets: 0
    Responses:        0
  PortMapper:
    GETPORT calls:    0
    DUMP calls:       0
  NetBIOS:
    Name queries:     0
    Datagram packets: 0
  LDAP:
    Bind requests:    0
    Search requests:  0
  MSSQL:
    SQLBatch packets: 0
    RPC packets:      0
  TFTP:
    RRQ (read) pkts:  0
    WRQ (write) pkts: 0

[ATTACK DETECTIONS - Cumulative Events]
  UDP flood events:   6010
  UDP-lag events:     0
  SYN flood events:   0
  HTTP flood events:  0
  ICMP flood events:  0
  DNS amp events:     0
  NTP amp events:     6010
  SNMP amp events:    0
  SSDP events:        0
  PortMap events:     0
  NetBIOS events:     0
  LDAP events:        0
  MSSQL events:       0
  TFTP events:        0
  ACK flood events:   0
  Frag attack events: 0
  Packet flood events:0
  (Note: Events count IPs exceeding thresholds per 50ms window)

[ALERT STATUS]
  Alert level:        [1;31mHIGH[0m
  Reason:             [1;31mUDP FLOOD detected: 158717457 UDP pps | NTP AMP detected: 1919424 qps | [0m

[MULTI-LF (2025) COMPARISON]
=== Detection Performance vs ML-Based System ===

  First Detection Latency:   147.16 ms (vs MULTI-LF: 866 ms)
    Improvement:             5.9× faster

  Packets until detection:   0
  Bytes until detection:     0 (0.00 MB)

[OCTOSKETCH METRICS - Optimized Architecture]
=== Per-Worker Sketches + Sampling (1/32 packets) ===

  Architecture:              Per-worker (NO atomics, NO contention)
  Total sketch memory:       5377 KB (14 workers × 384.1 KB)
  Sampling rate:             1 in 32 packets (3.1% overhead)
  Attack traffic sampled:    7231776 updates
  Estimated attack packets:  231416832 (×32 sampling factor)
  Sketch overhead:           ~1.56% of fast-path cycles
  Memory efficiency:         O(1) constant, 384.1 KB per worker

[MULTIPLE DETECTION STATISTICS]
=== Aggregate Detection Analysis ===

  Total detection events:    6010
  Average detection latency: 51.84 ms
  Min detection latency:     50.22 ms
  Max detection latency:     251.52 ms
  Latency range:             201.30 ms

  Detection Latency Histogram:
    < 20 ms:  0 detections (0.0%)
    20-30 ms: 0 detections (0.0%)
    30-40 ms: 0 detections (0.0%)
    40-50 ms: 0 detections (0.0%)
    > 50 ms:  6009 detections (100.0%)

[PERFORMANCE METRICS]
  Throughput:         1.38 Gbps (1.92 Mpps)
  Cycles available:   1558 cycles/pkt (lower = higher load)
  Active IPs:         0
  Worker threads:     14 (lcores 1-14)

[DPDK NIC STATISTICS]
  RX packets (NIC):   598055638
  RX dropped (HW):    [0m0[0m (imissed)
  RX no mbufs:        [0m0[0m (buffer exhaustion)
  RX errors:          0
  Total drops:        [0m0 (0.00%)[0m
  RX burst calls:     124607191544 (99.5% empty)
  Processed pkts:     598056056 (100.0% of NIC RX)


╔═══════════════════════════════════════════════════════════════════════╗
║          MIRA DDoS DETECTOR - STATISTICS (MULTI-CORE)                ║
╚═══════════════════════════════════════════════════════════════════════╝

[PACKET COUNTERS - GLOBAL]
  Total packets:      607659467
  Baseline (10.10.2.x): 0 (0.0%)
  Attack (10.10.3.x): 607659467 (100.0%)
  TCP packets:        0
  UDP packets:        607659467
  ICMP packets:       0

[INSTANTANEOUS TRAFFIC - Last 5.0 seconds]
  Baseline (10.10.2.x): 0 pkts (0.0%)  0 bytes  0.00 Gbps
  Attack (10.10.3.x): 9603305 pkts (100.0%)  864297450 bytes  1.38 Gbps
  Total throughput:   1.38 Gbps  (avg pkt: 90 bytes)

[CUMULATIVE TRAFFIC - Since first packet (316.6s)]
  Total received:     607659467 pkts (1.92 Mpps) | 1.38 Gbps | 54689352030 bytes

[ATTACK-SPECIFIC COUNTERS]
  SYN packets:        0
  SYN-ACK packets:    0
  SYN/ACK ratio:      0.00
  HTTP requests:      0
  DNS queries:        0

[PROTOCOL-SPECIFIC COUNTERS - CIC-DDoS-2019 Features]
  NTP Amplification:
    Monlist queries:  607659467
    Responses:        0  (avg size: 0 bytes)
  DNS Amplification:
    ANY queries:      0
    TXT queries:      0
    Responses:        0  (avg size: 0 bytes)
  SNMP Amplification:
    GetBulk requests: 0
    Responses:        0  (avg size: 0 bytes)
  SSDP:
    M-SEARCH packets: 0
    Responses:        0
  PortMapper:
    GETPORT calls:    0
    DUMP calls:       0
  NetBIOS:
    Name queries:     0
    Datagram packets: 0
  LDAP:
    Bind requests:    0
    Search requests:  0
  MSSQL:
    SQLBatch packets: 0
    RPC packets:      0
  TFTP:
    RRQ (read) pkts:  0
    WRQ (write) pkts: 0

[ATTACK DETECTIONS - Cumulative Events]
  UDP flood events:   6106
  UDP-lag events:     0
  SYN flood events:   0
  HTTP flood events:  0
  ICMP flood events:  0
  DNS amp events:     0
  NTP amp events:     6106
  SNMP amp events:    0
  SSDP events:        0
  PortMap events:     0
  NetBIOS events:     0
  LDAP events:        0
  MSSQL events:       0
  TFTP events:        0
  ACK flood events:   0
  Frag attack events: 0
  Packet flood events:0
  (Note: Events count IPs exceeding thresholds per 50ms window)

[ALERT STATUS]
  Alert level:        [1;31mHIGH[0m
  Reason:             [1;31mUDP FLOOD detected: 163434734 UDP pps | NTP AMP detected: 1919503 qps | [0m

[MULTI-LF (2025) COMPARISON]
=== Detection Performance vs ML-Based System ===

  First Detection Latency:   147.16 ms (vs MULTI-LF: 866 ms)
    Improvement:             5.9× faster

  Packets until detection:   0
  Bytes until detection:     0 (0.00 MB)

[OCTOSKETCH METRICS - Optimized Architecture]
=== Per-Worker Sketches + Sampling (1/32 packets) ===

  Architecture:              Per-worker (NO atomics, NO contention)
  Total sketch memory:       5377 KB (14 workers × 384.1 KB)
  Sampling rate:             1 in 32 packets (3.1% overhead)
  Attack traffic sampled:    7135488 updates
  Estimated attack packets:  228335616 (×32 sampling factor)
  Sketch overhead:           ~1.56% of fast-path cycles
  Memory efficiency:         O(1) constant, 384.1 KB per worker

[MULTIPLE DETECTION STATISTICS]
=== Aggregate Detection Analysis ===

  Total detection events:    6106
  Average detection latency: 51.84 ms
  Min detection latency:     50.22 ms
  Max detection latency:     251.52 ms
  Latency range:             201.30 ms

  Detection Latency Histogram:
    < 20 ms:  0 detections (0.0%)
    20-30 ms: 0 detections (0.0%)
    30-40 ms: 0 detections (0.0%)
    40-50 ms: 0 detections (0.0%)
    > 50 ms:  6105 detections (100.0%)

[PERFORMANCE METRICS]
  Throughput:         1.38 Gbps (1.92 Mpps)
  Cycles available:   1558 cycles/pkt (lower = higher load)
  Active IPs:         0
  Worker threads:     14 (lcores 1-14)

[DPDK NIC STATISTICS]
  RX packets (NIC):   607659076
  RX dropped (HW):    [0m0[0m (imissed)
  RX no mbufs:        [0m0[0m (buffer exhaustion)
  RX errors:          0
  Total drops:        [0m0 (0.00%)[0m
  RX burst calls:     126484282355 (99.5% empty)
  Processed pkts:     607659467 (100.0% of NIC RX)


╔═══════════════════════════════════════════════════════════════════════╗
║          MIRA DDoS DETECTOR - STATISTICS (MULTI-CORE)                ║
╚═══════════════════════════════════════════════════════════════════════╝

[PACKET COUNTERS - GLOBAL]
  Total packets:      617264709
  Baseline (10.10.2.x): 0 (0.0%)
  Attack (10.10.3.x): 617264709 (100.0%)
  TCP packets:        0
  UDP packets:        617264710
  ICMP packets:       0

[INSTANTANEOUS TRAFFIC - Last 5.0 seconds]
  Baseline (10.10.2.x): 0 pkts (0.0%)  0 bytes  0.00 Gbps
  Attack (10.10.3.x): 9605151 pkts (100.0%)  864463590 bytes  1.38 Gbps
  Total throughput:   1.38 Gbps  (avg pkt: 90 bytes)

[CUMULATIVE TRAFFIC - Since first packet (321.6s)]
  Total received:     617264709 pkts (1.92 Mpps) | 1.38 Gbps | 55553823900 bytes

[ATTACK-SPECIFIC COUNTERS]
  SYN packets:        0
  SYN-ACK packets:    0
  SYN/ACK ratio:      0.00
  HTTP requests:      0
  DNS queries:        0

[PROTOCOL-SPECIFIC COUNTERS - CIC-DDoS-2019 Features]
  NTP Amplification:
    Monlist queries:  617264710
    Responses:        0  (avg size: 0 bytes)
  DNS Amplification:
    ANY queries:      0
    TXT queries:      0
    Responses:        0  (avg size: 0 bytes)
  SNMP Amplification:
    GetBulk requests: 0
    Responses:        0  (avg size: 0 bytes)
  SSDP:
    M-SEARCH packets: 0
    Responses:        0
  PortMapper:
    GETPORT calls:    0
    DUMP calls:       0
  NetBIOS:
    Name queries:     0
    Datagram packets: 0
  LDAP:
    Bind requests:    0
    Search requests:  0
  MSSQL:
    SQLBatch packets: 0
    RPC packets:      0
  TFTP:
    RRQ (read) pkts:  0
    WRQ (write) pkts: 0

[ATTACK DETECTIONS - Cumulative Events]
  UDP flood events:   6203
  UDP-lag events:     0
  SYN flood events:   0
  HTTP flood events:  0
  ICMP flood events:  0
  DNS amp events:     0
  NTP amp events:     6203
  SNMP amp events:    0
  SSDP events:        0
  PortMap events:     0
  NetBIOS events:     0
  LDAP events:        0
  MSSQL events:       0
  TFTP events:        0
  ACK flood events:   0
  Frag attack events: 0
  Packet flood events:0
  (Note: Events count IPs exceeding thresholds per 50ms window)

[ALERT STATUS]
  Alert level:        [1;31mHIGH[0m
  Reason:             [1;31mUDP FLOOD detected: 166025498 UDP pps | NTP AMP detected: 1919325 qps | [0m

[MULTI-LF (2025) COMPARISON]
=== Detection Performance vs ML-Based System ===

  First Detection Latency:   147.16 ms (vs MULTI-LF: 866 ms)
    Improvement:             5.9× faster

  Packets until detection:   0
  Bytes until detection:     0 (0.00 MB)

[OCTOSKETCH METRICS - Optimized Architecture]
=== Per-Worker Sketches + Sampling (1/32 packets) ===

  Architecture:              Per-worker (NO atomics, NO contention)
  Total sketch memory:       5377 KB (14 workers × 384.1 KB)
  Sampling rate:             1 in 32 packets (3.1% overhead)
  Attack traffic sampled:    7134944 updates
  Estimated attack packets:  228318208 (×32 sampling factor)
  Sketch overhead:           ~1.56% of fast-path cycles
  Memory efficiency:         O(1) constant, 384.1 KB per worker

[MULTIPLE DETECTION STATISTICS]
=== Aggregate Detection Analysis ===

  Total detection events:    6203
  Average detection latency: 51.84 ms
  Min detection latency:     50.22 ms
  Max detection latency:     251.52 ms
  Latency range:             201.30 ms

  Detection Latency Histogram:
    < 20 ms:  0 detections (0.0%)
    20-30 ms: 0 detections (0.0%)
    30-40 ms: 0 detections (0.0%)
    40-50 ms: 0 detections (0.0%)
    > 50 ms:  6202 detections (100.0%)

[PERFORMANCE METRICS]
  Throughput:         1.38 Gbps (1.92 Mpps)
  Cycles available:   1558 cycles/pkt (lower = higher load)
  Active IPs:         0
  Worker threads:     14 (lcores 1-14)

[DPDK NIC STATISTICS]
  RX packets (NIC):   617264333
  RX dropped (HW):    [0m0[0m (imissed)
  RX no mbufs:        [0m0[0m (buffer exhaustion)
  RX errors:          0
  Total drops:        [0m0 (0.00%)[0m
  RX burst calls:     128361484726 (99.5% empty)
  Processed pkts:     617264709 (100.0% of NIC RX)


╔═══════════════════════════════════════════════════════════════════════╗
║          MIRA DDoS DETECTOR - STATISTICS (MULTI-CORE)                ║
╚═══════════════════════════════════════════════════════════════════════╝

[PACKET COUNTERS - GLOBAL]
  Total packets:      626868584
  Baseline (10.10.2.x): 0 (0.0%)
  Attack (10.10.3.x): 626868584 (100.0%)
  TCP packets:        0
  UDP packets:        626868584
  ICMP packets:       0

[INSTANTANEOUS TRAFFIC - Last 5.0 seconds]
  Baseline (10.10.2.x): 0 pkts (0.0%)  0 bytes  0.00 Gbps
  Attack (10.10.3.x): 9603774 pkts (100.0%)  864339660 bytes  1.38 Gbps
  Total throughput:   1.38 Gbps  (avg pkt: 90 bytes)

[CUMULATIVE TRAFFIC - Since first packet (326.6s)]
  Total received:     626868584 pkts (1.92 Mpps) | 1.38 Gbps | 56418172560 bytes

[ATTACK-SPECIFIC COUNTERS]
  SYN packets:        0
  SYN-ACK packets:    0
  SYN/ACK ratio:      0.00
  HTTP requests:      0
  DNS queries:        0

[PROTOCOL-SPECIFIC COUNTERS - CIC-DDoS-2019 Features]
  NTP Amplification:
    Monlist queries:  626868584
    Responses:        0  (avg size: 0 bytes)
  DNS Amplification:
    ANY queries:      0
    TXT queries:      0
    Responses:        0  (avg size: 0 bytes)
  SNMP Amplification:
    GetBulk requests: 0
    Responses:        0  (avg size: 0 bytes)
  SSDP:
    M-SEARCH packets: 0
    Responses:        0
  PortMapper:
    GETPORT calls:    0
    DUMP calls:       0
  NetBIOS:
    Name queries:     0
    Datagram packets: 0
  LDAP:
    Bind requests:    0
    Search requests:  0
  MSSQL:
    SQLBatch packets: 0
    RPC packets:      0
  TFTP:
    RRQ (read) pkts:  0
    WRQ (write) pkts: 0

[ATTACK DETECTIONS - Cumulative Events]
  UDP flood events:   6300
  UDP-lag events:     0
  SYN flood events:   0
  HTTP flood events:  0
  ICMP flood events:  0
  DNS amp events:     0
  NTP amp events:     6300
  SNMP amp events:    0
  SSDP events:        0
  PortMap events:     0
  NetBIOS events:     0
  LDAP events:        0
  MSSQL events:       0
  TFTP events:        0
  ACK flood events:   0
  Frag attack events: 0
  Packet flood events:0
  (Note: Events count IPs exceeding thresholds per 50ms window)

[ALERT STATUS]
  Alert level:        [1;31mHIGH[0m
  Reason:             [1;31mUDP FLOOD detected: 168623028 UDP pps | NTP AMP detected: 1919243 qps | [0m

[MULTI-LF (2025) COMPARISON]
=== Detection Performance vs ML-Based System ===

  First Detection Latency:   147.16 ms (vs MULTI-LF: 866 ms)
    Improvement:             5.9× faster

  Packets until detection:   0
  Bytes until detection:     0 (0.00 MB)

[OCTOSKETCH METRICS - Optimized Architecture]
=== Per-Worker Sketches + Sampling (1/32 packets) ===

  Architecture:              Per-worker (NO atomics, NO contention)
  Total sketch memory:       5377 KB (14 workers × 384.1 KB)
  Sampling rate:             1 in 32 packets (3.1% overhead)
  Attack traffic sampled:    7134464 updates
  Estimated attack packets:  228302848 (×32 sampling factor)
  Sketch overhead:           ~1.56% of fast-path cycles
  Memory efficiency:         O(1) constant, 384.1 KB per worker

[MULTIPLE DETECTION STATISTICS]
=== Aggregate Detection Analysis ===

  Total detection events:    6300
  Average detection latency: 51.84 ms
  Min detection latency:     50.22 ms
  Max detection latency:     251.52 ms
  Latency range:             201.30 ms

  Detection Latency Histogram:
    < 20 ms:  0 detections (0.0%)
    20-30 ms: 0 detections (0.0%)
    30-40 ms: 0 detections (0.0%)
    40-50 ms: 0 detections (0.0%)
    > 50 ms:  6299 detections (100.0%)

[PERFORMANCE METRICS]
  Throughput:         1.38 Gbps (1.92 Mpps)
  Cycles available:   1558 cycles/pkt (lower = higher load)
  Active IPs:         0
  Worker threads:     14 (lcores 1-14)

[DPDK NIC STATISTICS]
  RX packets (NIC):   626868200
  RX dropped (HW):    [0m0[0m (imissed)
  RX no mbufs:        [0m0[0m (buffer exhaustion)
  RX errors:          0
  Total drops:        [0m0 (0.00%)[0m
  RX burst calls:     130238540647 (99.5% empty)
  Processed pkts:     626868584 (100.0% of NIC RX)


╔═══════════════════════════════════════════════════════════════════════╗
║          MIRA DDoS DETECTOR - STATISTICS (MULTI-CORE)                ║
╚═══════════════════════════════════════════════════════════════════════╝

[PACKET COUNTERS - GLOBAL]
  Total packets:      636472870
  Baseline (10.10.2.x): 0 (0.0%)
  Attack (10.10.3.x): 636472870 (100.0%)
  TCP packets:        0
  UDP packets:        636472870
  ICMP packets:       0

[INSTANTANEOUS TRAFFIC - Last 5.0 seconds]
  Baseline (10.10.2.x): 0 pkts (0.0%)  0 bytes  0.00 Gbps
  Attack (10.10.3.x): 9604190 pkts (100.0%)  864377010 bytes  1.38 Gbps
  Total throughput:   1.38 Gbps  (avg pkt: 90 bytes)

[CUMULATIVE TRAFFIC - Since first packet (331.6s)]
  Total received:     636472870 pkts (1.92 Mpps) | 1.38 Gbps | 57282558300 bytes

[ATTACK-SPECIFIC COUNTERS]
  SYN packets:        0
  SYN-ACK packets:    0
  SYN/ACK ratio:      0.00
  HTTP requests:      0
  DNS queries:        0

[PROTOCOL-SPECIFIC COUNTERS - CIC-DDoS-2019 Features]
  NTP Amplification:
    Monlist queries:  636472870
    Responses:        0  (avg size: 0 bytes)
  DNS Amplification:
    ANY queries:      0
    TXT queries:      0
    Responses:        0  (avg size: 0 bytes)
  SNMP Amplification:
    GetBulk requests: 0
    Responses:        0  (avg size: 0 bytes)
  SSDP:
    M-SEARCH packets: 0
    Responses:        0
  PortMapper:
    GETPORT calls:    0
    DUMP calls:       0
  NetBIOS:
    Name queries:     0
    Datagram packets: 0
  LDAP:
    Bind requests:    0
    Search requests:  0
  MSSQL:
    SQLBatch packets: 0
    RPC packets:      0
  TFTP:
    RRQ (read) pkts:  0
    WRQ (write) pkts: 0

[ATTACK DETECTIONS - Cumulative Events]
  UDP flood events:   6397
  UDP-lag events:     0
  SYN flood events:   0
  HTTP flood events:  0
  ICMP flood events:  0
  DNS amp events:     0
  NTP amp events:     6397
  SNMP amp events:    0
  SSDP events:        0
  PortMap events:     0
  NetBIOS events:     0
  LDAP events:        0
  MSSQL events:       0
  TFTP events:        0
  ACK flood events:   0
  Frag attack events: 0
  Packet flood events:0
  (Note: Events count IPs exceeding thresholds per 50ms window)

[ALERT STATUS]
  Alert level:        [1;31mHIGH[0m
  Reason:             [1;31mUDP FLOOD detected: 173530132 UDP pps | NTP AMP detected: 1919263 qps | [0m

[MULTI-LF (2025) COMPARISON]
=== Detection Performance vs ML-Based System ===

  First Detection Latency:   147.16 ms (vs MULTI-LF: 866 ms)
    Improvement:             5.9× faster

  Packets until detection:   0
  Bytes until detection:     0 (0.00 MB)

[OCTOSKETCH METRICS - Optimized Architecture]
=== Per-Worker Sketches + Sampling (1/32 packets) ===

  Architecture:              Per-worker (NO atomics, NO contention)
  Total sketch memory:       5377 KB (14 workers × 384.1 KB)
  Sampling rate:             1 in 32 packets (3.1% overhead)
  Attack traffic sampled:    7038240 updates
  Estimated attack packets:  225223680 (×32 sampling factor)
  Sketch overhead:           ~1.56% of fast-path cycles
  Memory efficiency:         O(1) constant, 384.1 KB per worker

[MULTIPLE DETECTION STATISTICS]
=== Aggregate Detection Analysis ===

  Total detection events:    6397
  Average detection latency: 51.83 ms
  Min detection latency:     50.22 ms
  Max detection latency:     251.52 ms
  Latency range:             201.30 ms

  Detection Latency Histogram:
    < 20 ms:  0 detections (0.0%)
    20-30 ms: 0 detections (0.0%)
    30-40 ms: 0 detections (0.0%)
    40-50 ms: 0 detections (0.0%)
    > 50 ms:  6396 detections (100.0%)

[PERFORMANCE METRICS]
  Throughput:         1.38 Gbps (1.92 Mpps)
  Cycles available:   1558 cycles/pkt (lower = higher load)
  Active IPs:         0
  Worker threads:     14 (lcores 1-14)

[DPDK NIC STATISTICS]
  RX packets (NIC):   636472505
  RX dropped (HW):    [0m0[0m (imissed)
  RX no mbufs:        [0m0[0m (buffer exhaustion)
  RX errors:          0
  Total drops:        [0m0 (0.00%)[0m
  RX burst calls:     132115424727 (99.5% empty)
  Processed pkts:     636472870 (100.0% of NIC RX)


╔═══════════════════════════════════════════════════════════════════════╗
║          MIRA DDoS DETECTOR - STATISTICS (MULTI-CORE)                ║
╚═══════════════════════════════════════════════════════════════════════╝

[PACKET COUNTERS - GLOBAL]
  Total packets:      646074376
  Baseline (10.10.2.x): 0 (0.0%)
  Attack (10.10.3.x): 646074376 (100.0%)
  TCP packets:        0
  UDP packets:        646074376
  ICMP packets:       0

[INSTANTANEOUS TRAFFIC - Last 5.0 seconds]
  Baseline (10.10.2.x): 0 pkts (0.0%)  0 bytes  0.00 Gbps
  Attack (10.10.3.x): 9601417 pkts (100.0%)  864127440 bytes  1.38 Gbps
  Total throughput:   1.38 Gbps  (avg pkt: 90 bytes)

[CUMULATIVE TRAFFIC - Since first packet (336.6s)]
  Total received:     646074376 pkts (1.92 Mpps) | 1.38 Gbps | 58146693840 bytes

[ATTACK-SPECIFIC COUNTERS]
  SYN packets:        0
  SYN-ACK packets:    0
  SYN/ACK ratio:      0.00
  HTTP requests:      0
  DNS queries:        0

[PROTOCOL-SPECIFIC COUNTERS - CIC-DDoS-2019 Features]
  NTP Amplification:
    Monlist queries:  646074376
    Responses:        0  (avg size: 0 bytes)
  DNS Amplification:
    ANY queries:      0
    TXT queries:      0
    Responses:        0  (avg size: 0 bytes)
  SNMP Amplification:
    GetBulk requests: 0
    Responses:        0  (avg size: 0 bytes)
  SSDP:
    M-SEARCH packets: 0
    Responses:        0
  PortMapper:
    GETPORT calls:    0
    DUMP calls:       0
  NetBIOS:
    Name queries:     0
    Datagram packets: 0
  LDAP:
    Bind requests:    0
    Search requests:  0
  MSSQL:
    SQLBatch packets: 0
    RPC packets:      0
  TFTP:
    RRQ (read) pkts:  0
    WRQ (write) pkts: 0

[ATTACK DETECTIONS - Cumulative Events]
  UDP flood events:   6494
  UDP-lag events:     0
  SYN flood events:   0
  HTTP flood events:  0
  ICMP flood events:  0
  DNS amp events:     0
  NTP amp events:     6494
  SNMP amp events:    0
  SSDP events:        0
  PortMap events:     0
  NetBIOS events:     0
  LDAP events:        0
  MSSQL events:       0
  TFTP events:        0
  ACK flood events:   0
  Frag attack events: 0
  Packet flood events:0
  (Note: Events count IPs exceeding thresholds per 50ms window)

[ALERT STATUS]
  Alert level:        [1;31mHIGH[0m
  Reason:             [1;31mUDP FLOOD detected: 176163680 UDP pps | NTP AMP detected: 1918167 qps | [0m

[MULTI-LF (2025) COMPARISON]
=== Detection Performance vs ML-Based System ===

  First Detection Latency:   147.16 ms (vs MULTI-LF: 866 ms)
    Improvement:             5.9× faster

  Packets until detection:   0
  Bytes until detection:     0 (0.00 MB)

[OCTOSKETCH METRICS - Optimized Architecture]
=== Per-Worker Sketches + Sampling (1/32 packets) ===

  Architecture:              Per-worker (NO atomics, NO contention)
  Total sketch memory:       5377 KB (14 workers × 384.1 KB)
  Sampling rate:             1 in 32 packets (3.1% overhead)
  Attack traffic sampled:    7034272 updates
  Estimated attack packets:  225096704 (×32 sampling factor)
  Sketch overhead:           ~1.56% of fast-path cycles
  Memory efficiency:         O(1) constant, 384.1 KB per worker

[MULTIPLE DETECTION STATISTICS]
=== Aggregate Detection Analysis ===

  Total detection events:    6494
  Average detection latency: 51.83 ms
  Min detection latency:     50.22 ms
  Max detection latency:     251.52 ms
  Latency range:             201.30 ms

  Detection Latency Histogram:
    < 20 ms:  0 detections (0.0%)
    20-30 ms: 0 detections (0.0%)
    30-40 ms: 0 detections (0.0%)
    40-50 ms: 0 detections (0.0%)
    > 50 ms:  6493 detections (100.0%)

[PERFORMANCE METRICS]
  Throughput:         1.38 Gbps (1.92 Mpps)
  Cycles available:   1558 cycles/pkt (lower = higher load)
  Active IPs:         0
  Worker threads:     14 (lcores 1-14)

[DPDK NIC STATISTICS]
  RX packets (NIC):   646073986
  RX dropped (HW):    [0m0[0m (imissed)
  RX no mbufs:        [0m0[0m (buffer exhaustion)
  RX errors:          0
  Total drops:        [0m0 (0.00%)[0m
  RX burst calls:     133992672341 (99.5% empty)
  Processed pkts:     646074376 (100.0% of NIC RX)


╔═══════════════════════════════════════════════════════════════════════╗
║          MIRA DDoS DETECTOR - STATISTICS (MULTI-CORE)                ║
╚═══════════════════════════════════════════════════════════════════════╝

[PACKET COUNTERS - GLOBAL]
  Total packets:      655677219
  Baseline (10.10.2.x): 0 (0.0%)
  Attack (10.10.3.x): 655677219 (100.0%)
  TCP packets:        0
  UDP packets:        655677219
  ICMP packets:       0

[INSTANTANEOUS TRAFFIC - Last 5.0 seconds]
  Baseline (10.10.2.x): 0 pkts (0.0%)  0 bytes  0.00 Gbps
  Attack (10.10.3.x): 9602747 pkts (100.0%)  864247230 bytes  1.38 Gbps
  Total throughput:   1.38 Gbps  (avg pkt: 90 bytes)

[CUMULATIVE TRAFFIC - Since first packet (341.6s)]
  Total received:     655677219 pkts (1.92 Mpps) | 1.38 Gbps | 59010949710 bytes

[ATTACK-SPECIFIC COUNTERS]
  SYN packets:        0
  SYN-ACK packets:    0
  SYN/ACK ratio:      0.00
  HTTP requests:      0
  DNS queries:        0

[PROTOCOL-SPECIFIC COUNTERS - CIC-DDoS-2019 Features]
  NTP Amplification:
    Monlist queries:  655677219
    Responses:        0  (avg size: 0 bytes)
  DNS Amplification:
    ANY queries:      0
    TXT queries:      0
    Responses:        0  (avg size: 0 bytes)
  SNMP Amplification:
    GetBulk requests: 0
    Responses:        0  (avg size: 0 bytes)
  SSDP:
    M-SEARCH packets: 0
    Responses:        0
  PortMapper:
    GETPORT calls:    0
    DUMP calls:       0
  NetBIOS:
    Name queries:     0
    Datagram packets: 0
  LDAP:
    Bind requests:    0
    Search requests:  0
  MSSQL:
    SQLBatch packets: 0
    RPC packets:      0
  TFTP:
    RRQ (read) pkts:  0
    WRQ (write) pkts: 0

[ATTACK DETECTIONS - Cumulative Events]
  UDP flood events:   6590
  UDP-lag events:     0
  SYN flood events:   0
  HTTP flood events:  0
  ICMP flood events:  0
  DNS amp events:     0
  NTP amp events:     6590
  SNMP amp events:    0
  SSDP events:        0
  PortMap events:     0
  NetBIOS events:     0
  LDAP events:        0
  MSSQL events:       0
  TFTP events:        0
  ACK flood events:   0
  Frag attack events: 0
  Packet flood events:0
  (Note: Events count IPs exceeding thresholds per 50ms window)

[ALERT STATUS]
  Alert level:        [1;31mHIGH[0m
  Reason:             [1;31mUDP FLOOD detected: 181245799 UDP pps | NTP AMP detected: 1919085 qps | [0m

[MULTI-LF (2025) COMPARISON]
=== Detection Performance vs ML-Based System ===

  First Detection Latency:   147.16 ms (vs MULTI-LF: 866 ms)
    Improvement:             5.9× faster

  Packets until detection:   0
  Bytes until detection:     0 (0.00 MB)

[OCTOSKETCH METRICS - Optimized Architecture]
=== Per-Worker Sketches + Sampling (1/32 packets) ===

  Architecture:              Per-worker (NO atomics, NO contention)
  Total sketch memory:       5377 KB (14 workers × 384.1 KB)
  Sampling rate:             1 in 32 packets (3.1% overhead)
  Attack traffic sampled:    6941152 updates
  Estimated attack packets:  222116864 (×32 sampling factor)
  Sketch overhead:           ~1.56% of fast-path cycles
  Memory efficiency:         O(1) constant, 384.1 KB per worker

[MULTIPLE DETECTION STATISTICS]
=== Aggregate Detection Analysis ===

  Total detection events:    6590
  Average detection latency: 51.83 ms
  Min detection latency:     50.22 ms
  Max detection latency:     251.52 ms
  Latency range:             201.30 ms

  Detection Latency Histogram:
    < 20 ms:  0 detections (0.0%)
    20-30 ms: 0 detections (0.0%)
    30-40 ms: 0 detections (0.0%)
    40-50 ms: 0 detections (0.0%)
    > 50 ms:  6589 detections (100.0%)

[PERFORMANCE METRICS]
  Throughput:         1.38 Gbps (1.92 Mpps)
  Cycles available:   1558 cycles/pkt (lower = higher load)
  Active IPs:         0
  Worker threads:     14 (lcores 1-14)

[DPDK NIC STATISTICS]
  RX packets (NIC):   655676834
  RX dropped (HW):    [0m0[0m (imissed)
  RX no mbufs:        [0m0[0m (buffer exhaustion)
  RX errors:          0
  Total drops:        [0m0 (0.00%)[0m
  RX burst calls:     135869359954 (99.5% empty)
  Processed pkts:     655677219 (100.0% of NIC RX)


╔═══════════════════════════════════════════════════════════════════════╗
║          MIRA DDoS DETECTOR - STATISTICS (MULTI-CORE)                ║
╚═══════════════════════════════════════════════════════════════════════╝

[PACKET COUNTERS - GLOBAL]
  Total packets:      665281481
  Baseline (10.10.2.x): 0 (0.0%)
  Attack (10.10.3.x): 665281481 (100.0%)
  TCP packets:        0
  UDP packets:        665281481
  ICMP packets:       0

[INSTANTANEOUS TRAFFIC - Last 5.0 seconds]
  Baseline (10.10.2.x): 0 pkts (0.0%)  0 bytes  0.00 Gbps
  Attack (10.10.3.x): 9604170 pkts (100.0%)  864375480 bytes  1.38 Gbps
  Total throughput:   1.38 Gbps  (avg pkt: 90 bytes)

[CUMULATIVE TRAFFIC - Since first packet (346.6s)]
  Total received:     665281481 pkts (1.92 Mpps) | 1.38 Gbps | 59875333290 bytes

[ATTACK-SPECIFIC COUNTERS]
  SYN packets:        0
  SYN-ACK packets:    0
  SYN/ACK ratio:      0.00
  HTTP requests:      0
  DNS queries:        0

[PROTOCOL-SPECIFIC COUNTERS - CIC-DDoS-2019 Features]
  NTP Amplification:
    Monlist queries:  665281481
    Responses:        0  (avg size: 0 bytes)
  DNS Amplification:
    ANY queries:      0
    TXT queries:      0
    Responses:        0  (avg size: 0 bytes)
  SNMP Amplification:
    GetBulk requests: 0
    Responses:        0  (avg size: 0 bytes)
  SSDP:
    M-SEARCH packets: 0
    Responses:        0
  PortMapper:
    GETPORT calls:    0
    DUMP calls:       0
  NetBIOS:
    Name queries:     0
    Datagram packets: 0
  LDAP:
    Bind requests:    0
    Search requests:  0
  MSSQL:
    SQLBatch packets: 0
    RPC packets:      0
  TFTP:
    RRQ (read) pkts:  0
    WRQ (write) pkts: 0

[ATTACK DETECTIONS - Cumulative Events]
  UDP flood events:   6687
  UDP-lag events:     0
  SYN flood events:   0
  HTTP flood events:  0
  ICMP flood events:  0
  DNS amp events:     0
  NTP amp events:     6687
  SNMP amp events:    0
  SSDP events:        0
  PortMap events:     0
  NetBIOS events:     0
  LDAP events:        0
  MSSQL events:       0
  TFTP events:        0
  ACK flood events:   0
  Frag attack events: 0
  Packet flood events:0
  (Note: Events count IPs exceeding thresholds per 50ms window)

[ALERT STATUS]
  Alert level:        [1;31mHIGH[0m
  Reason:             [1;31mUDP FLOOD detected: 183914447 UDP pps | NTP AMP detected: 1918954 qps | [0m

[MULTI-LF (2025) COMPARISON]
=== Detection Performance vs ML-Based System ===

  First Detection Latency:   147.16 ms (vs MULTI-LF: 866 ms)
    Improvement:             5.9× faster

  Packets until detection:   0
  Bytes until detection:     0 (0.00 MB)

[OCTOSKETCH METRICS - Optimized Architecture]
=== Per-Worker Sketches + Sampling (1/32 packets) ===

  Architecture:              Per-worker (NO atomics, NO contention)
  Total sketch memory:       5377 KB (14 workers × 384.1 KB)
  Sampling rate:             1 in 32 packets (3.1% overhead)
  Attack traffic sampled:    6940672 updates
  Estimated attack packets:  222101504 (×32 sampling factor)
  Sketch overhead:           ~1.56% of fast-path cycles
  Memory efficiency:         O(1) constant, 384.1 KB per worker

[MULTIPLE DETECTION STATISTICS]
=== Aggregate Detection Analysis ===

  Total detection events:    6687
  Average detection latency: 51.83 ms
  Min detection latency:     50.22 ms
  Max detection latency:     251.52 ms
  Latency range:             201.30 ms

  Detection Latency Histogram:
    < 20 ms:  0 detections (0.0%)
    20-30 ms: 0 detections (0.0%)
    30-40 ms: 0 detections (0.0%)
    40-50 ms: 0 detections (0.0%)
    > 50 ms:  6686 detections (100.0%)

[PERFORMANCE METRICS]
  Throughput:         1.38 Gbps (1.92 Mpps)
  Cycles available:   1558 cycles/pkt (lower = higher load)
  Active IPs:         0
  Worker threads:     14 (lcores 1-14)

[DPDK NIC STATISTICS]
  RX packets (NIC):   665281115
  RX dropped (HW):    [0m0[0m (imissed)
  RX no mbufs:        [0m0[0m (buffer exhaustion)
  RX errors:          0
  Total drops:        [0m0 (0.00%)[0m
  RX burst calls:     137746590462 (99.5% empty)
  Processed pkts:     665281481 (100.0% of NIC RX)


╔═══════════════════════════════════════════════════════════════════════╗
║          MIRA DDoS DETECTOR - STATISTICS (MULTI-CORE)                ║
╚═══════════════════════════════════════════════════════════════════════╝

[PACKET COUNTERS - GLOBAL]
  Total packets:      674889042
  Baseline (10.10.2.x): 0 (0.0%)
  Attack (10.10.3.x): 674889042 (100.0%)
  TCP packets:        0
  UDP packets:        674889042
  ICMP packets:       0

[INSTANTANEOUS TRAFFIC - Last 5.0 seconds]
  Baseline (10.10.2.x): 0 pkts (0.0%)  0 bytes  0.00 Gbps
  Attack (10.10.3.x): 9607465 pkts (100.0%)  864671850 bytes  1.38 Gbps
  Total throughput:   1.38 Gbps  (avg pkt: 90 bytes)

[CUMULATIVE TRAFFIC - Since first packet (351.6s)]
  Total received:     674889042 pkts (1.92 Mpps) | 1.38 Gbps | 60740013780 bytes

[ATTACK-SPECIFIC COUNTERS]
  SYN packets:        0
  SYN-ACK packets:    0
  SYN/ACK ratio:      0.00
  HTTP requests:      0
  DNS queries:        0

[PROTOCOL-SPECIFIC COUNTERS - CIC-DDoS-2019 Features]
  NTP Amplification:
    Monlist queries:  674889042
    Responses:        0  (avg size: 0 bytes)
  DNS Amplification:
    ANY queries:      0
    TXT queries:      0
    Responses:        0  (avg size: 0 bytes)
  SNMP Amplification:
    GetBulk requests: 0
    Responses:        0  (avg size: 0 bytes)
  SSDP:
    M-SEARCH packets: 0
    Responses:        0
  PortMapper:
    GETPORT calls:    0
    DUMP calls:       0
  NetBIOS:
    Name queries:     0
    Datagram packets: 0
  LDAP:
    Bind requests:    0
    Search requests:  0
  MSSQL:
    SQLBatch packets: 0
    RPC packets:      0
  TFTP:
    RRQ (read) pkts:  0
    WRQ (write) pkts: 0

[ATTACK DETECTIONS - Cumulative Events]
  UDP flood events:   6784
  UDP-lag events:     0
  SYN flood events:   0
  HTTP flood events:  0
  ICMP flood events:  0
  DNS amp events:     0
  NTP amp events:     6784
  SNMP amp events:    0
  SSDP events:        0
  PortMap events:     0
  NetBIOS events:     0
  LDAP events:        0
  MSSQL events:       0
  TFTP events:        0
  ACK flood events:   0
  Frag attack events: 0
  Packet flood events:0
  (Note: Events count IPs exceeding thresholds per 50ms window)

[ALERT STATUS]
  Alert level:        [1;31mHIGH[0m
  Reason:             [1;31mUDP FLOOD detected: 186580288 UDP pps | NTP AMP detected: 1919534 qps | [0m

[MULTI-LF (2025) COMPARISON]
=== Detection Performance vs ML-Based System ===

  First Detection Latency:   147.16 ms (vs MULTI-LF: 866 ms)
    Improvement:             5.9× faster

  Packets until detection:   0
  Bytes until detection:     0 (0.00 MB)

[OCTOSKETCH METRICS - Optimized Architecture]
=== Per-Worker Sketches + Sampling (1/32 packets) ===

  Architecture:              Per-worker (NO atomics, NO contention)
  Total sketch memory:       5377 KB (14 workers × 384.1 KB)
  Sampling rate:             1 in 32 packets (3.1% overhead)
  Attack traffic sampled:    6942688 updates
  Estimated attack packets:  222166016 (×32 sampling factor)
  Sketch overhead:           ~1.56% of fast-path cycles
  Memory efficiency:         O(1) constant, 384.1 KB per worker

[MULTIPLE DETECTION STATISTICS]
=== Aggregate Detection Analysis ===

  Total detection events:    6784
  Average detection latency: 51.83 ms
  Min detection latency:     50.22 ms
  Max detection latency:     251.52 ms
  Latency range:             201.30 ms

  Detection Latency Histogram:
    < 20 ms:  0 detections (0.0%)
    20-30 ms: 0 detections (0.0%)
    30-40 ms: 0 detections (0.0%)
    40-50 ms: 0 detections (0.0%)
    > 50 ms:  6783 detections (100.0%)

[PERFORMANCE METRICS]
  Throughput:         1.38 Gbps (1.92 Mpps)
  Cycles available:   1557 cycles/pkt (lower = higher load)
  Active IPs:         0
  Worker threads:     14 (lcores 1-14)

[DPDK NIC STATISTICS]
  RX packets (NIC):   674888669
  RX dropped (HW):    [0m0[0m (imissed)
  RX no mbufs:        [0m0[0m (buffer exhaustion)
  RX errors:          0
  Total drops:        [0m0 (0.00%)[0m
  RX burst calls:     139623810696 (99.5% empty)
  Processed pkts:     674889042 (100.0% of NIC RX)


╔═══════════════════════════════════════════════════════════════════════╗
║          MIRA DDoS DETECTOR - STATISTICS (MULTI-CORE)                ║
╚═══════════════════════════════════════════════════════════════════════╝

[PACKET COUNTERS - GLOBAL]
  Total packets:      684492022
  Baseline (10.10.2.x): 0 (0.0%)
  Attack (10.10.3.x): 684492022 (100.0%)
  TCP packets:        0
  UDP packets:        684492022
  ICMP packets:       0

[INSTANTANEOUS TRAFFIC - Last 5.0 seconds]
  Baseline (10.10.2.x): 0 pkts (0.0%)  0 bytes  0.00 Gbps
  Attack (10.10.3.x): 9602875 pkts (100.0%)  864258570 bytes  1.38 Gbps
  Total throughput:   1.38 Gbps  (avg pkt: 90 bytes)

[CUMULATIVE TRAFFIC - Since first packet (356.6s)]
  Total received:     684492022 pkts (1.92 Mpps) | 1.38 Gbps | 61604281980 bytes

[ATTACK-SPECIFIC COUNTERS]
  SYN packets:        0
  SYN-ACK packets:    0
  SYN/ACK ratio:      0.00
  HTTP requests:      0
  DNS queries:        0

[PROTOCOL-SPECIFIC COUNTERS - CIC-DDoS-2019 Features]
  NTP Amplification:
    Monlist queries:  684492022
    Responses:        0  (avg size: 0 bytes)
  DNS Amplification:
    ANY queries:      0
    TXT queries:      0
    Responses:        0  (avg size: 0 bytes)
  SNMP Amplification:
    GetBulk requests: 0
    Responses:        0  (avg size: 0 bytes)
  SSDP:
    M-SEARCH packets: 0
    Responses:        0
  PortMapper:
    GETPORT calls:    0
    DUMP calls:       0
  NetBIOS:
    Name queries:     0
    Datagram packets: 0
  LDAP:
    Bind requests:    0
    Search requests:  0
  MSSQL:
    SQLBatch packets: 0
    RPC packets:      0
  TFTP:
    RRQ (read) pkts:  0
    WRQ (write) pkts: 0

[ATTACK DETECTIONS - Cumulative Events]
  UDP flood events:   6881
  UDP-lag events:     0
  SYN flood events:   0
  HTTP flood events:  0
  ICMP flood events:  0
  DNS amp events:     0
  NTP amp events:     6881
  SNMP amp events:    0
  SSDP events:        0
  PortMap events:     0
  NetBIOS events:     0
  LDAP events:        0
  MSSQL events:       0
  TFTP events:        0
  ACK flood events:   0
  Frag attack events: 0
  Packet flood events:0
  (Note: Events count IPs exceeding thresholds per 50ms window)

[ALERT STATUS]
  Alert level:        [1;31mHIGH[0m
  Reason:             [1;31mUDP FLOOD detected: 191880685 UDP pps | NTP AMP detected: 1918485 qps | [0m

[MULTI-LF (2025) COMPARISON]
=== Detection Performance vs ML-Based System ===

  First Detection Latency:   147.16 ms (vs MULTI-LF: 866 ms)
    Improvement:             5.9× faster

  Packets until detection:   0
  Bytes until detection:     0 (0.00 MB)

[OCTOSKETCH METRICS - Optimized Architecture]
=== Per-Worker Sketches + Sampling (1/32 packets) ===

  Architecture:              Per-worker (NO atomics, NO contention)
  Total sketch memory:       5377 KB (14 workers × 384.1 KB)
  Sampling rate:             1 in 32 packets (3.1% overhead)
  Attack traffic sampled:    6842624 updates
  Estimated attack packets:  218963968 (×32 sampling factor)
  Sketch overhead:           ~1.56% of fast-path cycles
  Memory efficiency:         O(1) constant, 384.1 KB per worker

[MULTIPLE DETECTION STATISTICS]
=== Aggregate Detection Analysis ===

  Total detection events:    6881
  Average detection latency: 51.82 ms
  Min detection latency:     50.22 ms
  Max detection latency:     251.52 ms
  Latency range:             201.30 ms

  Detection Latency Histogram:
    < 20 ms:  0 detections (0.0%)
    20-30 ms: 0 detections (0.0%)
    30-40 ms: 0 detections (0.0%)
    40-50 ms: 0 detections (0.0%)
    > 50 ms:  6880 detections (100.0%)

[PERFORMANCE METRICS]
  Throughput:         1.38 Gbps (1.92 Mpps)
  Cycles available:   1558 cycles/pkt (lower = higher load)
  Active IPs:         0
  Worker threads:     14 (lcores 1-14)

[DPDK NIC STATISTICS]
  RX packets (NIC):   684491651
  RX dropped (HW):    [0m0[0m (imissed)
  RX no mbufs:        [0m0[0m (buffer exhaustion)
  RX errors:          0
  Total drops:        [0m0 (0.00%)[0m
  RX burst calls:     141500871317 (99.5% empty)
  Processed pkts:     684492022 (100.0% of NIC RX)


╔═══════════════════════════════════════════════════════════════════════╗
║          MIRA DDoS DETECTOR - STATISTICS (MULTI-CORE)                ║
╚═══════════════════════════════════════════════════════════════════════╝

[PACKET COUNTERS - GLOBAL]
  Total packets:      694098149
  Baseline (10.10.2.x): 0 (0.0%)
  Attack (10.10.3.x): 694098149 (100.0%)
  TCP packets:        0
  UDP packets:        694098149
  ICMP packets:       0

[INSTANTANEOUS TRAFFIC - Last 5.0 seconds]
  Baseline (10.10.2.x): 0 pkts (0.0%)  0 bytes  0.00 Gbps
  Attack (10.10.3.x): 9606023 pkts (100.0%)  864542070 bytes  1.38 Gbps
  Total throughput:   1.38 Gbps  (avg pkt: 90 bytes)

[CUMULATIVE TRAFFIC - Since first packet (361.6s)]
  Total received:     694098149 pkts (1.92 Mpps) | 1.38 Gbps | 62468833410 bytes

[ATTACK-SPECIFIC COUNTERS]
  SYN packets:        0
  SYN-ACK packets:    0
  SYN/ACK ratio:      0.00
  HTTP requests:      0
  DNS queries:        0

[PROTOCOL-SPECIFIC COUNTERS - CIC-DDoS-2019 Features]
  NTP Amplification:
    Monlist queries:  694098149
    Responses:        0  (avg size: 0 bytes)
  DNS Amplification:
    ANY queries:      0
    TXT queries:      0
    Responses:        0  (avg size: 0 bytes)
  SNMP Amplification:
    GetBulk requests: 0
    Responses:        0  (avg size: 0 bytes)
  SSDP:
    M-SEARCH packets: 0
    Responses:        0
  PortMapper:
    GETPORT calls:    0
    DUMP calls:       0
  NetBIOS:
    Name queries:     0
    Datagram packets: 0
  LDAP:
    Bind requests:    0
    Search requests:  0
  MSSQL:
    SQLBatch packets: 0
    RPC packets:      0
  TFTP:
    RRQ (read) pkts:  0
    WRQ (write) pkts: 0

[ATTACK DETECTIONS - Cumulative Events]
  UDP flood events:   6978
  UDP-lag events:     0
  SYN flood events:   0
  HTTP flood events:  0
  ICMP flood events:  0
  DNS amp events:     0
  NTP amp events:     6978
  SNMP amp events:    0
  SSDP events:        0
  PortMap events:     0
  NetBIOS events:     0
  LDAP events:        0
  MSSQL events:       0
  TFTP events:        0
  ACK flood events:   0
  Frag attack events: 0
  Packet flood events:0
  (Note: Events count IPs exceeding thresholds per 50ms window)

[ALERT STATUS]
  Alert level:        [1;31mHIGH[0m
  Reason:             [1;31mUDP FLOOD detected: 194585120 UDP pps | NTP AMP detected: 1919261 qps | [0m

[MULTI-LF (2025) COMPARISON]
=== Detection Performance vs ML-Based System ===

  First Detection Latency:   147.16 ms (vs MULTI-LF: 866 ms)
    Improvement:             5.9× faster

  Packets until detection:   0
  Bytes until detection:     0 (0.00 MB)

[OCTOSKETCH METRICS - Optimized Architecture]
=== Per-Worker Sketches + Sampling (1/32 packets) ===

  Architecture:              Per-worker (NO atomics, NO contention)
  Total sketch memory:       5377 KB (14 workers × 384.1 KB)
  Sampling rate:             1 in 32 packets (3.1% overhead)
  Attack traffic sampled:    6845472 updates
  Estimated attack packets:  219055104 (×32 sampling factor)
  Sketch overhead:           ~1.56% of fast-path cycles
  Memory efficiency:         O(1) constant, 384.1 KB per worker

[MULTIPLE DETECTION STATISTICS]
=== Aggregate Detection Analysis ===

  Total detection events:    6978
  Average detection latency: 51.82 ms
  Min detection latency:     50.22 ms
  Max detection latency:     251.52 ms
  Latency range:             201.30 ms

  Detection Latency Histogram:
    < 20 ms:  0 detections (0.0%)
    20-30 ms: 0 detections (0.0%)
    30-40 ms: 0 detections (0.0%)
    40-50 ms: 0 detections (0.0%)
    > 50 ms:  6977 detections (100.0%)

[PERFORMANCE METRICS]
  Throughput:         1.38 Gbps (1.92 Mpps)
  Cycles available:   1558 cycles/pkt (lower = higher load)
  Active IPs:         0
  Worker threads:     14 (lcores 1-14)

[DPDK NIC STATISTICS]
  RX packets (NIC):   694097759
  RX dropped (HW):    [0m0[0m (imissed)
  RX no mbufs:        [0m0[0m (buffer exhaustion)
  RX errors:          0
  Total drops:        [0m0 (0.00%)[0m
  RX burst calls:     143377873962 (99.5% empty)
  Processed pkts:     694098149 (100.0% of NIC RX)


╔═══════════════════════════════════════════════════════════════════════╗
║          MIRA DDoS DETECTOR - STATISTICS (MULTI-CORE)                ║
╚═══════════════════════════════════════════════════════════════════════╝

[PACKET COUNTERS - GLOBAL]
  Total packets:      703700179
  Baseline (10.10.2.x): 0 (0.0%)
  Attack (10.10.3.x): 703700179 (100.0%)
  TCP packets:        0
  UDP packets:        703700179
  ICMP packets:       0

[INSTANTANEOUS TRAFFIC - Last 5.0 seconds]
  Baseline (10.10.2.x): 0 pkts (0.0%)  0 bytes  0.00 Gbps
  Attack (10.10.3.x): 10279258 pkts (100.0%)  925133220 bytes  1.48 Gbps
  Total throughput:   1.48 Gbps  (avg pkt: 90 bytes)

[CUMULATIVE TRAFFIC - Since first packet (366.6s)]
  Total received:     703700179 pkts (1.92 Mpps) | 1.38 Gbps | 63333016110 bytes

[ATTACK-SPECIFIC COUNTERS]
  SYN packets:        0
  SYN-ACK packets:    0
  SYN/ACK ratio:      0.00
  HTTP requests:      0
  DNS queries:        0

[PROTOCOL-SPECIFIC COUNTERS - CIC-DDoS-2019 Features]
  NTP Amplification:
    Monlist queries:  703700179
    Responses:        0  (avg size: 0 bytes)
  DNS Amplification:
    ANY queries:      0
    TXT queries:      0
    Responses:        0  (avg size: 0 bytes)
  SNMP Amplification:
    GetBulk requests: 0
    Responses:        0  (avg size: 0 bytes)
  SSDP:
    M-SEARCH packets: 0
    Responses:        0
  PortMapper:
    GETPORT calls:    0
    DUMP calls:       0
  NetBIOS:
    Name queries:     0
    Datagram packets: 0
  LDAP:
    Bind requests:    0
    Search requests:  0
  MSSQL:
    SQLBatch packets: 0
    RPC packets:      0
  TFTP:
    RRQ (read) pkts:  0
    WRQ (write) pkts: 0

[ATTACK DETECTIONS - Cumulative Events]
  UDP flood events:   7076
  UDP-lag events:     0
  SYN flood events:   0
  HTTP flood events:  0
  ICMP flood events:  0
  DNS amp events:     0
  NTP amp events:     7076
  SNMP amp events:    0
  SSDP events:        0
  PortMap events:     0
  NetBIOS events:     0
  LDAP events:        0
  MSSQL events:       0
  TFTP events:        0
  ACK flood events:   0
  Frag attack events: 0
  Packet flood events:0
  (Note: Events count IPs exceeding thresholds per 50ms window)

[ALERT STATUS]
  Alert level:        [1;31mHIGH[0m
  Reason:             [1;31mUDP FLOOD detected: 200079067 UDP pps | NTP AMP detected: 1919033 qps | [0m

[MULTI-LF (2025) COMPARISON]
=== Detection Performance vs ML-Based System ===

  First Detection Latency:   147.16 ms (vs MULTI-LF: 866 ms)
    Improvement:             5.9× faster

  Packets until detection:   0
  Bytes until detection:     0 (0.00 MB)

[OCTOSKETCH METRICS - Optimized Architecture]
=== Per-Worker Sketches + Sampling (1/32 packets) ===

  Architecture:              Per-worker (NO atomics, NO contention)
  Total sketch memory:       5377 KB (14 workers × 384.1 KB)
  Sampling rate:             1 in 32 packets (3.1% overhead)
  Attack traffic sampled:    6748352 updates
  Estimated attack packets:  215947264 (×32 sampling factor)
  Sketch overhead:           ~1.56% of fast-path cycles
  Memory efficiency:         O(1) constant, 384.1 KB per worker

[MULTIPLE DETECTION STATISTICS]
=== Aggregate Detection Analysis ===

  Total detection events:    7076
  Average detection latency: 51.81 ms
  Min detection latency:     50.22 ms
  Max detection latency:     251.52 ms
  Latency range:             201.30 ms

  Detection Latency Histogram:
    < 20 ms:  0 detections (0.0%)
    20-30 ms: 0 detections (0.0%)
    30-40 ms: 0 detections (0.0%)
    40-50 ms: 0 detections (0.0%)
    > 50 ms:  7075 detections (100.0%)

[PERFORMANCE METRICS]
  Throughput:         1.48 Gbps (2.05 Mpps)
  Cycles available:   1456 cycles/pkt (lower = higher load)
  Active IPs:         0
  Worker threads:     14 (lcores 1-14)

[DPDK NIC STATISTICS]
  RX packets (NIC):   703699792
  RX dropped (HW):    [0m0[0m (imissed)
  RX no mbufs:        [0m0[0m (buffer exhaustion)
  RX errors:          0
  Total drops:        [0m0 (0.00%)[0m
  RX burst calls:     145254733343 (99.5% empty)
  Processed pkts:     703700179 (100.0% of NIC RX)


╔═══════════════════════════════════════════════════════════════════════╗
║          MIRA DDoS DETECTOR - STATISTICS (MULTI-CORE)                ║
╚═══════════════════════════════════════════════════════════════════════╝

[PACKET COUNTERS - GLOBAL]
  Total packets:      713307528
  Baseline (10.10.2.x): 0 (0.0%)
  Attack (10.10.3.x): 713307528 (100.0%)
  TCP packets:        0
  UDP packets:        713307528
  ICMP packets:       0

[INSTANTANEOUS TRAFFIC - Last 5.0 seconds]
  Baseline (10.10.2.x): 0 pkts (0.0%)  0 bytes  0.00 Gbps
  Attack (10.10.3.x): 9607243 pkts (100.0%)  864651870 bytes  1.38 Gbps
  Total throughput:   1.38 Gbps  (avg pkt: 90 bytes)

[CUMULATIVE TRAFFIC - Since first packet (371.6s)]
  Total received:     713307528 pkts (1.92 Mpps) | 1.38 Gbps | 64197677520 bytes

[ATTACK-SPECIFIC COUNTERS]
  SYN packets:        0
  SYN-ACK packets:    0
  SYN/ACK ratio:      0.00
  HTTP requests:      0
  DNS queries:        0

[PROTOCOL-SPECIFIC COUNTERS - CIC-DDoS-2019 Features]
  NTP Amplification:
    Monlist queries:  713307528
    Responses:        0  (avg size: 0 bytes)
  DNS Amplification:
    ANY queries:      0
    TXT queries:      0
    Responses:        0  (avg size: 0 bytes)
  SNMP Amplification:
    GetBulk requests: 0
    Responses:        0  (avg size: 0 bytes)
  SSDP:
    M-SEARCH packets: 0
    Responses:        0
  PortMapper:
    GETPORT calls:    0
    DUMP calls:       0
  NetBIOS:
    Name queries:     0
    Datagram packets: 0
  LDAP:
    Bind requests:    0
    Search requests:  0
  MSSQL:
    SQLBatch packets: 0
    RPC packets:      0
  TFTP:
    RRQ (read) pkts:  0
    WRQ (write) pkts: 0

[ATTACK DETECTIONS - Cumulative Events]
  UDP flood events:   7173
  UDP-lag events:     0
  SYN flood events:   0
  HTTP flood events:  0
  ICMP flood events:  0
  DNS amp events:     0
  NTP amp events:     7173
  SNMP amp events:    0
  SSDP events:        0
  PortMap events:     0
  NetBIOS events:     0
  LDAP events:        0
  MSSQL events:       0
  TFTP events:        0
  ACK flood events:   0
  Frag attack events: 0
  Packet flood events:0
  (Note: Events count IPs exceeding thresholds per 50ms window)

[ALERT STATUS]
  Alert level:        [1;31mHIGH[0m
  Reason:             [1;31mUDP FLOOD detected: 202821424 UDP pps | NTP AMP detected: 1919376 qps | [0m

[MULTI-LF (2025) COMPARISON]
=== Detection Performance vs ML-Based System ===

  First Detection Latency:   147.16 ms (vs MULTI-LF: 866 ms)
    Improvement:             5.9× faster

  Packets until detection:   0
  Bytes until detection:     0 (0.00 MB)

[OCTOSKETCH METRICS - Optimized Architecture]
=== Per-Worker Sketches + Sampling (1/32 packets) ===

  Architecture:              Per-worker (NO atomics, NO contention)
  Total sketch memory:       5377 KB (14 workers × 384.1 KB)
  Sampling rate:             1 in 32 packets (3.1% overhead)
  Attack traffic sampled:    6749408 updates
  Estimated attack packets:  215981056 (×32 sampling factor)
  Sketch overhead:           ~1.56% of fast-path cycles
  Memory efficiency:         O(1) constant, 384.1 KB per worker

[MULTIPLE DETECTION STATISTICS]
=== Aggregate Detection Analysis ===

  Total detection events:    7173
  Average detection latency: 51.81 ms
  Min detection latency:     50.22 ms
  Max detection latency:     251.52 ms
  Latency range:             201.30 ms

  Detection Latency Histogram:
    < 20 ms:  0 detections (0.0%)
    20-30 ms: 0 detections (0.0%)
    30-40 ms: 0 detections (0.0%)
    40-50 ms: 0 detections (0.0%)
    > 50 ms:  7172 detections (100.0%)

[PERFORMANCE METRICS]
  Throughput:         1.38 Gbps (1.92 Mpps)
  Cycles available:   1557 cycles/pkt (lower = higher load)
  Active IPs:         0
  Worker threads:     14 (lcores 1-14)

[DPDK NIC STATISTICS]
  RX packets (NIC):   713307139
  RX dropped (HW):    [0m0[0m (imissed)
  RX no mbufs:        [0m0[0m (buffer exhaustion)
  RX errors:          0
  Total drops:        [0m0 (0.00%)[0m
  RX burst calls:     147131920189 (99.5% empty)
  Processed pkts:     713307528 (100.0% of NIC RX)


╔═══════════════════════════════════════════════════════════════════════╗
║          MIRA DDoS DETECTOR - STATISTICS (MULTI-CORE)                ║
╚═══════════════════════════════════════════════════════════════════════╝

[PACKET COUNTERS - GLOBAL]
  Total packets:      722911764
  Baseline (10.10.2.x): 0 (0.0%)
  Attack (10.10.3.x): 722911764 (100.0%)
  TCP packets:        0
  UDP packets:        722911764
  ICMP packets:       0

[INSTANTANEOUS TRAFFIC - Last 5.0 seconds]
  Baseline (10.10.2.x): 0 pkts (0.0%)  0 bytes  0.00 Gbps
  Attack (10.10.3.x): 9604110 pkts (100.0%)  864369900 bytes  1.38 Gbps
  Total throughput:   1.38 Gbps  (avg pkt: 90 bytes)

[CUMULATIVE TRAFFIC - Since first packet (376.6s)]
  Total received:     722911764 pkts (1.92 Mpps) | 1.38 Gbps | 65062058760 bytes

[ATTACK-SPECIFIC COUNTERS]
  SYN packets:        0
  SYN-ACK packets:    0
  SYN/ACK ratio:      0.00
  HTTP requests:      0
  DNS queries:        0

[PROTOCOL-SPECIFIC COUNTERS - CIC-DDoS-2019 Features]
  NTP Amplification:
    Monlist queries:  722911764
    Responses:        0  (avg size: 0 bytes)
  DNS Amplification:
    ANY queries:      0
    TXT queries:      0
    Responses:        0  (avg size: 0 bytes)
  SNMP Amplification:
    GetBulk requests: 0
    Responses:        0  (avg size: 0 bytes)
  SSDP:
    M-SEARCH packets: 0
    Responses:        0
  PortMapper:
    GETPORT calls:    0
    DUMP calls:       0
  NetBIOS:
    Name queries:     0
    Datagram packets: 0
  LDAP:
    Bind requests:    0
    Search requests:  0
  MSSQL:
    SQLBatch packets: 0
    RPC packets:      0
  TFTP:
    RRQ (read) pkts:  0
    WRQ (write) pkts: 0

[ATTACK DETECTIONS - Cumulative Events]
  UDP flood events:   7270
  UDP-lag events:     0
  SYN flood events:   0
  HTTP flood events:  0
  ICMP flood events:  0
  DNS amp events:     0
  NTP amp events:     7270
  SNMP amp events:    0
  SSDP events:        0
  PortMap events:     0
  NetBIOS events:     0
  LDAP events:        0
  MSSQL events:       0
  TFTP events:        0
  ACK flood events:   0
  Frag attack events: 0
  Packet flood events:0
  (Note: Events count IPs exceeding thresholds per 50ms window)

[ALERT STATUS]
  Alert level:        [1;31mHIGH[0m
  Reason:             [1;31mUDP FLOOD detected: 205565378 UDP pps | NTP AMP detected: 1919099 qps | [0m

[MULTI-LF (2025) COMPARISON]
=== Detection Performance vs ML-Based System ===

  First Detection Latency:   147.16 ms (vs MULTI-LF: 866 ms)
    Improvement:             5.9× faster

  Packets until detection:   0
  Bytes until detection:     0 (0.00 MB)

[OCTOSKETCH METRICS - Optimized Architecture]
=== Per-Worker Sketches + Sampling (1/32 packets) ===

  Architecture:              Per-worker (NO atomics, NO contention)
  Total sketch memory:       5377 KB (14 workers × 384.1 KB)
  Sampling rate:             1 in 32 packets (3.1% overhead)
  Attack traffic sampled:    6748352 updates
  Estimated attack packets:  215947264 (×32 sampling factor)
  Sketch overhead:           ~1.56% of fast-path cycles
  Memory efficiency:         O(1) constant, 384.1 KB per worker

[MULTIPLE DETECTION STATISTICS]
=== Aggregate Detection Analysis ===

  Total detection events:    7270
  Average detection latency: 51.81 ms
  Min detection latency:     50.22 ms
  Max detection latency:     251.52 ms
  Latency range:             201.30 ms

  Detection Latency Histogram:
    < 20 ms:  0 detections (0.0%)
    20-30 ms: 0 detections (0.0%)
    30-40 ms: 0 detections (0.0%)
    40-50 ms: 0 detections (0.0%)
    > 50 ms:  7269 detections (100.0%)

[PERFORMANCE METRICS]
  Throughput:         1.38 Gbps (1.92 Mpps)
  Cycles available:   1558 cycles/pkt (lower = higher load)
  Active IPs:         0
  Worker threads:     14 (lcores 1-14)

[DPDK NIC STATISTICS]
  RX packets (NIC):   722911404
  RX dropped (HW):    [0m0[0m (imissed)
  RX no mbufs:        [0m0[0m (buffer exhaustion)
  RX errors:          0
  Total drops:        [0m0 (0.00%)[0m
  RX burst calls:     149009083192 (99.5% empty)
  Processed pkts:     722911764 (100.0% of NIC RX)


╔═══════════════════════════════════════════════════════════════════════╗
║          MIRA DDoS DETECTOR - STATISTICS (MULTI-CORE)                ║
╚═══════════════════════════════════════════════════════════════════════╝

[PACKET COUNTERS - GLOBAL]
  Total packets:      732520498
  Baseline (10.10.2.x): 0 (0.0%)
  Attack (10.10.3.x): 732520498 (100.0%)
  TCP packets:        0
  UDP packets:        732520498
  ICMP packets:       0

[INSTANTANEOUS TRAFFIC - Last 5.0 seconds]
  Baseline (10.10.2.x): 0 pkts (0.0%)  0 bytes  0.00 Gbps
  Attack (10.10.3.x): 9608629 pkts (100.0%)  864776610 bytes  1.38 Gbps
  Total throughput:   1.38 Gbps  (avg pkt: 90 bytes)

[CUMULATIVE TRAFFIC - Since first packet (381.6s)]
  Total received:     732520498 pkts (1.92 Mpps) | 1.38 Gbps | 65926844820 bytes

[ATTACK-SPECIFIC COUNTERS]
  SYN packets:        0
  SYN-ACK packets:    0
  SYN/ACK ratio:      0.00
  HTTP requests:      0
  DNS queries:        0

[PROTOCOL-SPECIFIC COUNTERS - CIC-DDoS-2019 Features]
  NTP Amplification:
    Monlist queries:  732520498
    Responses:        0  (avg size: 0 bytes)
  DNS Amplification:
    ANY queries:      0
    TXT queries:      0
    Responses:        0  (avg size: 0 bytes)
  SNMP Amplification:
    GetBulk requests: 0
    Responses:        0  (avg size: 0 bytes)
  SSDP:
    M-SEARCH packets: 0
    Responses:        0
  PortMapper:
    GETPORT calls:    0
    DUMP calls:       0
  NetBIOS:
    Name queries:     0
    Datagram packets: 0
  LDAP:
    Bind requests:    0
    Search requests:  0
  MSSQL:
    SQLBatch packets: 0
    RPC packets:      0
  TFTP:
    RRQ (read) pkts:  0
    WRQ (write) pkts: 0

[ATTACK DETECTIONS - Cumulative Events]
  UDP flood events:   7367
  UDP-lag events:     0
  SYN flood events:   0
  HTTP flood events:  0
  ICMP flood events:  0
  DNS amp events:     0
  NTP amp events:     7367
  SNMP amp events:    0
  SSDP events:        0
  PortMap events:     0
  NetBIOS events:     0
  LDAP events:        0
  MSSQL events:       0
  TFTP events:        0
  ACK flood events:   0
  Frag attack events: 0
  Packet flood events:0
  (Note: Events count IPs exceeding thresholds per 50ms window)

[ALERT STATUS]
  Alert level:        [1;31mHIGH[0m
  Reason:             [1;31mUDP FLOOD detected: 211296655 UDP pps | NTP AMP detected: 1919898 qps | [0m

[MULTI-LF (2025) COMPARISON]
=== Detection Performance vs ML-Based System ===

  First Detection Latency:   147.16 ms (vs MULTI-LF: 866 ms)
    Improvement:             5.9× faster

  Packets until detection:   0
  Bytes until detection:     0 (0.00 MB)

[OCTOSKETCH METRICS - Optimized Architecture]
=== Per-Worker Sketches + Sampling (1/32 packets) ===

  Architecture:              Per-worker (NO atomics, NO contention)
  Total sketch memory:       5377 KB (14 workers × 384.1 KB)
  Sampling rate:             1 in 32 packets (3.1% overhead)
  Attack traffic sampled:    6654880 updates
  Estimated attack packets:  212956160 (×32 sampling factor)
  Sketch overhead:           ~1.56% of fast-path cycles
  Memory efficiency:         O(1) constant, 384.1 KB per worker

[MULTIPLE DETECTION STATISTICS]
=== Aggregate Detection Analysis ===

  Total detection events:    7367
  Average detection latency: 51.80 ms
  Min detection latency:     50.22 ms
  Max detection latency:     251.52 ms
  Latency range:             201.30 ms

  Detection Latency Histogram:
    < 20 ms:  0 detections (0.0%)
    20-30 ms: 0 detections (0.0%)
    30-40 ms: 0 detections (0.0%)
    40-50 ms: 0 detections (0.0%)
    > 50 ms:  7366 detections (100.0%)

[PERFORMANCE METRICS]
  Throughput:         1.38 Gbps (1.92 Mpps)
  Cycles available:   1557 cycles/pkt (lower = higher load)
  Active IPs:         0
  Worker threads:     14 (lcores 1-14)

[DPDK NIC STATISTICS]
  RX packets (NIC):   732520097
  RX dropped (HW):    [0m0[0m (imissed)
  RX no mbufs:        [0m0[0m (buffer exhaustion)
  RX errors:          0
  Total drops:        [0m0 (0.00%)[0m
  RX burst calls:     150886065810 (99.5% empty)
  Processed pkts:     732520498 (100.0% of NIC RX)


╔═══════════════════════════════════════════════════════════════════════╗
║          MIRA DDoS DETECTOR - STATISTICS (MULTI-CORE)                ║
╚═══════════════════════════════════════════════════════════════════════╝

[PACKET COUNTERS - GLOBAL]
  Total packets:      742123774
  Baseline (10.10.2.x): 0 (0.0%)
  Attack (10.10.3.x): 742123774 (100.0%)
  TCP packets:        0
  UDP packets:        742123774
  ICMP packets:       0

[INSTANTANEOUS TRAFFIC - Last 5.0 seconds]
  Baseline (10.10.2.x): 0 pkts (0.0%)  0 bytes  0.00 Gbps
  Attack (10.10.3.x): 9603176 pkts (100.0%)  864285840 bytes  1.38 Gbps
  Total throughput:   1.38 Gbps  (avg pkt: 90 bytes)

[CUMULATIVE TRAFFIC - Since first packet (386.6s)]
  Total received:     742123774 pkts (1.92 Mpps) | 1.38 Gbps | 66791139660 bytes

[ATTACK-SPECIFIC COUNTERS]
  SYN packets:        0
  SYN-ACK packets:    0
  SYN/ACK ratio:      0.00
  HTTP requests:      0
  DNS queries:        0

[PROTOCOL-SPECIFIC COUNTERS - CIC-DDoS-2019 Features]
  NTP Amplification:
    Monlist queries:  742123774
    Responses:        0  (avg size: 0 bytes)
  DNS Amplification:
    ANY queries:      0
    TXT queries:      0
    Responses:        0  (avg size: 0 bytes)
  SNMP Amplification:
    GetBulk requests: 0
    Responses:        0  (avg size: 0 bytes)
  SSDP:
    M-SEARCH packets: 0
    Responses:        0
  PortMapper:
    GETPORT calls:    0
    DUMP calls:       0
  NetBIOS:
    Name queries:     0
    Datagram packets: 0
  LDAP:
    Bind requests:    0
    Search requests:  0
  MSSQL:
    SQLBatch packets: 0
    RPC packets:      0
  TFTP:
    RRQ (read) pkts:  0
    WRQ (write) pkts: 0

[ATTACK DETECTIONS - Cumulative Events]
  UDP flood events:   7464
  UDP-lag events:     0
  SYN flood events:   0
  HTTP flood events:  0
  ICMP flood events:  0
  DNS amp events:     0
  NTP amp events:     7464
  SNMP amp events:    0
  SSDP events:        0
  PortMap events:     0
  NetBIOS events:     0
  LDAP events:        0
  MSSQL events:       0
  TFTP events:        0
  ACK flood events:   0
  Frag attack events: 0
  Packet flood events:0
  (Note: Events count IPs exceeding thresholds per 50ms window)

[ALERT STATUS]
  Alert level:        [1;31mHIGH[0m
  Reason:             [1;31mUDP FLOOD detected: 214061521 UDP pps | NTP AMP detected: 1918942 qps | [0m

[MULTI-LF (2025) COMPARISON]
=== Detection Performance vs ML-Based System ===

  First Detection Latency:   147.16 ms (vs MULTI-LF: 866 ms)
    Improvement:             5.9× faster

  Packets until detection:   0
  Bytes until detection:     0 (0.00 MB)

[OCTOSKETCH METRICS - Optimized Architecture]
=== Per-Worker Sketches + Sampling (1/32 packets) ===

  Architecture:              Per-worker (NO atomics, NO contention)
  Total sketch memory:       5377 KB (14 workers × 384.1 KB)
  Sampling rate:             1 in 32 packets (3.1% overhead)
  Attack traffic sampled:    6652096 updates
  Estimated attack packets:  212867072 (×32 sampling factor)
  Sketch overhead:           ~1.56% of fast-path cycles
  Memory efficiency:         O(1) constant, 384.1 KB per worker

[MULTIPLE DETECTION STATISTICS]
=== Aggregate Detection Analysis ===

  Total detection events:    7464
  Average detection latency: 51.80 ms
  Min detection latency:     50.22 ms
  Max detection latency:     251.52 ms
  Latency range:             201.30 ms

  Detection Latency Histogram:
    < 20 ms:  0 detections (0.0%)
    20-30 ms: 0 detections (0.0%)
    30-40 ms: 0 detections (0.0%)
    40-50 ms: 0 detections (0.0%)
    > 50 ms:  7463 detections (100.0%)

[PERFORMANCE METRICS]
  Throughput:         1.38 Gbps (1.92 Mpps)
  Cycles available:   1558 cycles/pkt (lower = higher load)
  Active IPs:         0
  Worker threads:     14 (lcores 1-14)

[DPDK NIC STATISTICS]
  RX packets (NIC):   742123371
  RX dropped (HW):    [0m0[0m (imissed)
  RX no mbufs:        [0m0[0m (buffer exhaustion)
  RX errors:          0
  Total drops:        [0m0 (0.00%)[0m
  RX burst calls:     152763037214 (99.5% empty)
  Processed pkts:     742123774 (100.0% of NIC RX)


╔═══════════════════════════════════════════════════════════════════════╗
║          MIRA DDoS DETECTOR - STATISTICS (MULTI-CORE)                ║
╚═══════════════════════════════════════════════════════════════════════╝

[PACKET COUNTERS - GLOBAL]
  Total packets:      751729900
  Baseline (10.10.2.x): 0 (0.0%)
  Attack (10.10.3.x): 751729900 (100.0%)
  TCP packets:        0
  UDP packets:        751729900
  ICMP packets:       0

[INSTANTANEOUS TRAFFIC - Last 5.0 seconds]
  Baseline (10.10.2.x): 0 pkts (0.0%)  0 bytes  0.00 Gbps
  Attack (10.10.3.x): 9606015 pkts (100.0%)  864541350 bytes  1.38 Gbps
  Total throughput:   1.38 Gbps  (avg pkt: 90 bytes)

[CUMULATIVE TRAFFIC - Since first packet (391.7s)]
  Total received:     751729900 pkts (1.92 Mpps) | 1.38 Gbps | 67655691000 bytes

[ATTACK-SPECIFIC COUNTERS]
  SYN packets:        0
  SYN-ACK packets:    0
  SYN/ACK ratio:      0.00
  HTTP requests:      0
  DNS queries:        0

[PROTOCOL-SPECIFIC COUNTERS - CIC-DDoS-2019 Features]
  NTP Amplification:
    Monlist queries:  751729900
    Responses:        0  (avg size: 0 bytes)
  DNS Amplification:
    ANY queries:      0
    TXT queries:      0
    Responses:        0  (avg size: 0 bytes)
  SNMP Amplification:
    GetBulk requests: 0
    Responses:        0  (avg size: 0 bytes)
  SSDP:
    M-SEARCH packets: 0
    Responses:        0
  PortMapper:
    GETPORT calls:    0
    DUMP calls:       0
  NetBIOS:
    Name queries:     0
    Datagram packets: 0
  LDAP:
    Bind requests:    0
    Search requests:  0
  MSSQL:
    SQLBatch packets: 0
    RPC packets:      0
  TFTP:
    RRQ (read) pkts:  0
    WRQ (write) pkts: 0

[ATTACK DETECTIONS - Cumulative Events]
  UDP flood events:   7560
  UDP-lag events:     0
  SYN flood events:   0
  HTTP flood events:  0
  ICMP flood events:  0
  DNS amp events:     0
  NTP amp events:     7560
  SNMP amp events:    0
  SSDP events:        0
  PortMap events:     0
  NetBIOS events:     0
  LDAP events:        0
  MSSQL events:       0
  TFTP events:        0
  ACK flood events:   0
  Frag attack events: 0
  Packet flood events:0
  (Note: Events count IPs exceeding thresholds per 50ms window)

[ALERT STATUS]
  Alert level:        [1;31mHIGH[0m
  Reason:             [1;31mUDP FLOOD detected: 220023087 UDP pps | NTP AMP detected: 1919610 qps | [0m

[MULTI-LF (2025) COMPARISON]
=== Detection Performance vs ML-Based System ===

  First Detection Latency:   147.16 ms (vs MULTI-LF: 866 ms)
    Improvement:             5.9× faster

  Packets until detection:   0
  Bytes until detection:     0 (0.00 MB)

[OCTOSKETCH METRICS - Optimized Architecture]
=== Per-Worker Sketches + Sampling (1/32 packets) ===

  Architecture:              Per-worker (NO atomics, NO contention)
  Total sketch memory:       5377 KB (14 workers × 384.1 KB)
  Sampling rate:             1 in 32 packets (3.1% overhead)
  Attack traffic sampled:    6557408 updates
  Estimated attack packets:  209837056 (×32 sampling factor)
  Sketch overhead:           ~1.56% of fast-path cycles
  Memory efficiency:         O(1) constant, 384.1 KB per worker

[MULTIPLE DETECTION STATISTICS]
=== Aggregate Detection Analysis ===

  Total detection events:    7560
  Average detection latency: 51.80 ms
  Min detection latency:     50.22 ms
  Max detection latency:     251.52 ms
  Latency range:             201.30 ms

  Detection Latency Histogram:
    < 20 ms:  0 detections (0.0%)
    20-30 ms: 0 detections (0.0%)
    30-40 ms: 0 detections (0.0%)
    40-50 ms: 0 detections (0.0%)
    > 50 ms:  7559 detections (100.0%)

[PERFORMANCE METRICS]
  Throughput:         1.38 Gbps (1.92 Mpps)
  Cycles available:   1558 cycles/pkt (lower = higher load)
  Active IPs:         0
  Worker threads:     14 (lcores 1-14)

[DPDK NIC STATISTICS]
  RX packets (NIC):   751729549
  RX dropped (HW):    [0m0[0m (imissed)
  RX no mbufs:        [0m0[0m (buffer exhaustion)
  RX errors:          0
  Total drops:        [0m0 (0.00%)[0m
  RX burst calls:     154640066752 (99.5% empty)
  Processed pkts:     751729900 (100.0% of NIC RX)


╔═══════════════════════════════════════════════════════════════════════╗
║          MIRA DDoS DETECTOR - STATISTICS (MULTI-CORE)                ║
╚═══════════════════════════════════════════════════════════════════════╝

[PACKET COUNTERS - GLOBAL]
  Total packets:      761330864
  Baseline (10.10.2.x): 0 (0.0%)
  Attack (10.10.3.x): 761330864 (100.0%)
  TCP packets:        0
  UDP packets:        761330864
  ICMP packets:       0

[INSTANTANEOUS TRAFFIC - Last 5.0 seconds]
  Baseline (10.10.2.x): 0 pkts (0.0%)  0 bytes  0.00 Gbps
  Attack (10.10.3.x): 9600833 pkts (100.0%)  864074970 bytes  1.38 Gbps
  Total throughput:   1.38 Gbps  (avg pkt: 90 bytes)

[CUMULATIVE TRAFFIC - Since first packet (396.7s)]
  Total received:     761330864 pkts (1.92 Mpps) | 1.38 Gbps | 68519777760 bytes

[ATTACK-SPECIFIC COUNTERS]
  SYN packets:        0
  SYN-ACK packets:    0
  SYN/ACK ratio:      0.00
  HTTP requests:      0
  DNS queries:        0

[PROTOCOL-SPECIFIC COUNTERS - CIC-DDoS-2019 Features]
  NTP Amplification:
    Monlist queries:  761330864
    Responses:        0  (avg size: 0 bytes)
  DNS Amplification:
    ANY queries:      0
    TXT queries:      0
    Responses:        0  (avg size: 0 bytes)
  SNMP Amplification:
    GetBulk requests: 0
    Responses:        0  (avg size: 0 bytes)
  SSDP:
    M-SEARCH packets: 0
    Responses:        0
  PortMapper:
    GETPORT calls:    0
    DUMP calls:       0
  NetBIOS:
    Name queries:     0
    Datagram packets: 0
  LDAP:
    Bind requests:    0
    Search requests:  0
  MSSQL:
    SQLBatch packets: 0
    RPC packets:      0
  TFTP:
    RRQ (read) pkts:  0
    WRQ (write) pkts: 0

[ATTACK DETECTIONS - Cumulative Events]
  UDP flood events:   7657
  UDP-lag events:     0
  SYN flood events:   0
  HTTP flood events:  0
  ICMP flood events:  0
  DNS amp events:     0
  NTP amp events:     7657
  SNMP amp events:    0
  SSDP events:        0
  PortMap events:     0
  NetBIOS events:     0
  LDAP events:        0
  MSSQL events:       0
  TFTP events:        0
  ACK flood events:   0
  Frag attack events: 0
  Packet flood events:0
  (Note: Events count IPs exceeding thresholds per 50ms window)

[ALERT STATUS]
  Alert level:        [1;31mHIGH[0m
  Reason:             [1;31mUDP FLOOD detected: 222845686 UDP pps | NTP AMP detected: 1918574 qps | [0m

[MULTI-LF (2025) COMPARISON]
=== Detection Performance vs ML-Based System ===

  First Detection Latency:   147.16 ms (vs MULTI-LF: 866 ms)
    Improvement:             5.9× faster

  Packets until detection:   0
  Bytes until detection:     0 (0.00 MB)

[OCTOSKETCH METRICS - Optimized Architecture]
=== Per-Worker Sketches + Sampling (1/32 packets) ===

  Architecture:              Per-worker (NO atomics, NO contention)
  Total sketch memory:       5377 KB (14 workers × 384.1 KB)
  Sampling rate:             1 in 32 packets (3.1% overhead)
  Attack traffic sampled:    6553728 updates
  Estimated attack packets:  209719296 (×32 sampling factor)
  Sketch overhead:           ~1.56% of fast-path cycles
  Memory efficiency:         O(1) constant, 384.1 KB per worker

[MULTIPLE DETECTION STATISTICS]
=== Aggregate Detection Analysis ===

  Total detection events:    7657
  Average detection latency: 51.80 ms
  Min detection latency:     50.22 ms
  Max detection latency:     251.52 ms
  Latency range:             201.30 ms

  Detection Latency Histogram:
    < 20 ms:  0 detections (0.0%)
    20-30 ms: 0 detections (0.0%)
    30-40 ms: 0 detections (0.0%)
    40-50 ms: 0 detections (0.0%)
    > 50 ms:  7656 detections (100.0%)

[PERFORMANCE METRICS]
  Throughput:         1.38 Gbps (1.92 Mpps)
  Cycles available:   1558 cycles/pkt (lower = higher load)
  Active IPs:         0
  Worker threads:     14 (lcores 1-14)

[DPDK NIC STATISTICS]
  RX packets (NIC):   761330508
  RX dropped (HW):    [0m0[0m (imissed)
  RX no mbufs:        [0m0[0m (buffer exhaustion)
  RX errors:          0
  Total drops:        [0m0 (0.00%)[0m
  RX burst calls:     156517286173 (99.5% empty)
  Processed pkts:     761330864 (100.0% of NIC RX)


╔═══════════════════════════════════════════════════════════════════════╗
║          MIRA DDoS DETECTOR - STATISTICS (MULTI-CORE)                ║
╚═══════════════════════════════════════════════════════════════════════╝

[PACKET COUNTERS - GLOBAL]
  Total packets:      770938933
  Baseline (10.10.2.x): 0 (0.0%)
  Attack (10.10.3.x): 770938933 (100.0%)
  TCP packets:        0
  UDP packets:        770938933
  ICMP packets:       0

[INSTANTANEOUS TRAFFIC - Last 5.0 seconds]
  Baseline (10.10.2.x): 0 pkts (0.0%)  0 bytes  0.00 Gbps
  Attack (10.10.3.x): 9607723 pkts (100.0%)  864695070 bytes  1.38 Gbps
  Total throughput:   1.38 Gbps  (avg pkt: 90 bytes)

[CUMULATIVE TRAFFIC - Since first packet (401.7s)]
  Total received:     770938933 pkts (1.92 Mpps) | 1.38 Gbps | 69384503970 bytes

[ATTACK-SPECIFIC COUNTERS]
  SYN packets:        0
  SYN-ACK packets:    0
  SYN/ACK ratio:      0.00
  HTTP requests:      0
  DNS queries:        0

[PROTOCOL-SPECIFIC COUNTERS - CIC-DDoS-2019 Features]
  NTP Amplification:
    Monlist queries:  770938933
    Responses:        0  (avg size: 0 bytes)
  DNS Amplification:
    ANY queries:      0
    TXT queries:      0
    Responses:        0  (avg size: 0 bytes)
  SNMP Amplification:
    GetBulk requests: 0
    Responses:        0  (avg size: 0 bytes)
  SSDP:
    M-SEARCH packets: 0
    Responses:        0
  PortMapper:
    GETPORT calls:    0
    DUMP calls:       0
  NetBIOS:
    Name queries:     0
    Datagram packets: 0
  LDAP:
    Bind requests:    0
    Search requests:  0
  MSSQL:
    SQLBatch packets: 0
    RPC packets:      0
  TFTP:
    RRQ (read) pkts:  0
    WRQ (write) pkts: 0

[ATTACK DETECTIONS - Cumulative Events]
  UDP flood events:   7754
  UDP-lag events:     0
  SYN flood events:   0
  HTTP flood events:  0
  ICMP flood events:  0
  DNS amp events:     0
  NTP amp events:     7754
  SNMP amp events:    0
  SSDP events:        0
  PortMap events:     0
  NetBIOS events:     0
  LDAP events:        0
  MSSQL events:       0
  TFTP events:        0
  ACK flood events:   0
  Frag attack events: 0
  Packet flood events:0
  (Note: Events count IPs exceeding thresholds per 50ms window)

[ALERT STATUS]
  Alert level:        [1;31mHIGH[0m
  Reason:             [1;31mUDP FLOOD detected: 225664967 UDP pps | NTP AMP detected: 1920338 qps | [0m

[MULTI-LF (2025) COMPARISON]
=== Detection Performance vs ML-Based System ===

  First Detection Latency:   147.16 ms (vs MULTI-LF: 866 ms)
    Improvement:             5.9× faster

  Packets until detection:   0
  Bytes until detection:     0 (0.00 MB)

[OCTOSKETCH METRICS - Optimized Architecture]
=== Per-Worker Sketches + Sampling (1/32 packets) ===

  Architecture:              Per-worker (NO atomics, NO contention)
  Total sketch memory:       5377 KB (14 workers × 384.1 KB)
  Sampling rate:             1 in 32 packets (3.1% overhead)
  Attack traffic sampled:    6559968 updates
  Estimated attack packets:  209918976 (×32 sampling factor)
  Sketch overhead:           ~1.56% of fast-path cycles
  Memory efficiency:         O(1) constant, 384.1 KB per worker

[MULTIPLE DETECTION STATISTICS]
=== Aggregate Detection Analysis ===

  Total detection events:    7754
  Average detection latency: 51.80 ms
  Min detection latency:     50.22 ms
  Max detection latency:     251.52 ms
  Latency range:             201.30 ms

  Detection Latency Histogram:
    < 20 ms:  0 detections (0.0%)
    20-30 ms: 0 detections (0.0%)
    30-40 ms: 0 detections (0.0%)
    40-50 ms: 0 detections (0.0%)
    > 50 ms:  7753 detections (100.0%)

[PERFORMANCE METRICS]
  Throughput:         1.38 Gbps (1.92 Mpps)
  Cycles available:   1557 cycles/pkt (lower = higher load)
  Active IPs:         0
  Worker threads:     14 (lcores 1-14)

[DPDK NIC STATISTICS]
  RX packets (NIC):   770938566
  RX dropped (HW):    [0m0[0m (imissed)
  RX no mbufs:        [0m0[0m (buffer exhaustion)
  RX errors:          0
  Total drops:        [0m0 (0.00%)[0m
  RX burst calls:     158394565030 (99.5% empty)
  Processed pkts:     770938933 (100.0% of NIC RX)


╔═══════════════════════════════════════════════════════════════════════╗
║          MIRA DDoS DETECTOR - STATISTICS (MULTI-CORE)                ║
╚═══════════════════════════════════════════════════════════════════════╝

[PACKET COUNTERS - GLOBAL]
  Total packets:      780541596
  Baseline (10.10.2.x): 0 (0.0%)
  Attack (10.10.3.x): 780541596 (100.0%)
  TCP packets:        0
  UDP packets:        780541596
  ICMP packets:       0

[INSTANTANEOUS TRAFFIC - Last 5.0 seconds]
  Baseline (10.10.2.x): 0 pkts (0.0%)  0 bytes  0.00 Gbps
  Attack (10.10.3.x): 9602569 pkts (100.0%)  864231300 bytes  1.38 Gbps
  Total throughput:   1.38 Gbps  (avg pkt: 90 bytes)

[CUMULATIVE TRAFFIC - Since first packet (406.7s)]
  Total received:     780541596 pkts (1.92 Mpps) | 1.38 Gbps | 70248743640 bytes

[ATTACK-SPECIFIC COUNTERS]
  SYN packets:        0
  SYN-ACK packets:    0
  SYN/ACK ratio:      0.00
  HTTP requests:      0
  DNS queries:        0

[PROTOCOL-SPECIFIC COUNTERS - CIC-DDoS-2019 Features]
  NTP Amplification:
    Monlist queries:  780541596
    Responses:        0  (avg size: 0 bytes)
  DNS Amplification:
    ANY queries:      0
    TXT queries:      0
    Responses:        0  (avg size: 0 bytes)
  SNMP Amplification:
    GetBulk requests: 0
    Responses:        0  (avg size: 0 bytes)
  SSDP:
    M-SEARCH packets: 0
    Responses:        0
  PortMapper:
    GETPORT calls:    0
    DUMP calls:       0
  NetBIOS:
    Name queries:     0
    Datagram packets: 0
  LDAP:
    Bind requests:    0
    Search requests:  0
  MSSQL:
    SQLBatch packets: 0
    RPC packets:      0
  TFTP:
    RRQ (read) pkts:  0
    WRQ (write) pkts: 0

[ATTACK DETECTIONS - Cumulative Events]
  UDP flood events:   7851
  UDP-lag events:     0
  SYN flood events:   0
  HTTP flood events:  0
  ICMP flood events:  0
  DNS amp events:     0
  NTP amp events:     7851
  SNMP amp events:    0
  SSDP events:        0
  PortMap events:     0
  NetBIOS events:     0
  LDAP events:        0
  MSSQL events:       0
  TFTP events:        0
  ACK flood events:   0
  Frag attack events: 0
  Packet flood events:0
  (Note: Events count IPs exceeding thresholds per 50ms window)

[ALERT STATUS]
  Alert level:        [1;31mHIGH[0m
  Reason:             [1;31mUDP FLOOD detected: 231869296 UDP pps | NTP AMP detected: 1918918 qps | [0m

[MULTI-LF (2025) COMPARISON]
=== Detection Performance vs ML-Based System ===

  First Detection Latency:   147.16 ms (vs MULTI-LF: 866 ms)
    Improvement:             5.9× faster

  Packets until detection:   0
  Bytes until detection:     0 (0.00 MB)

[OCTOSKETCH METRICS - Optimized Architecture]
=== Per-Worker Sketches + Sampling (1/32 packets) ===

  Architecture:              Per-worker (NO atomics, NO contention)
  Total sketch memory:       5377 KB (14 workers × 384.1 KB)
  Sampling rate:             1 in 32 packets (3.1% overhead)
  Attack traffic sampled:    6458624 updates
  Estimated attack packets:  206675968 (×32 sampling factor)
  Sketch overhead:           ~1.56% of fast-path cycles
  Memory efficiency:         O(1) constant, 384.1 KB per worker

[MULTIPLE DETECTION STATISTICS]
=== Aggregate Detection Analysis ===

  Total detection events:    7851
  Average detection latency: 51.79 ms
  Min detection latency:     50.22 ms
  Max detection latency:     251.52 ms
  Latency range:             201.30 ms

  Detection Latency Histogram:
    < 20 ms:  0 detections (0.0%)
    20-30 ms: 0 detections (0.0%)
    30-40 ms: 0 detections (0.0%)
    40-50 ms: 0 detections (0.0%)
    > 50 ms:  7850 detections (100.0%)

[PERFORMANCE METRICS]
  Throughput:         1.38 Gbps (1.92 Mpps)
  Cycles available:   1558 cycles/pkt (lower = higher load)
  Active IPs:         0
  Worker threads:     14 (lcores 1-14)

[DPDK NIC STATISTICS]
  RX packets (NIC):   780541217
  RX dropped (HW):    [0m0[0m (imissed)
  RX no mbufs:        [0m0[0m (buffer exhaustion)
  RX errors:          0
  Total drops:        [0m0 (0.00%)[0m
  RX burst calls:     160271736725 (99.5% empty)
  Processed pkts:     780541596 (100.0% of NIC RX)


╔═══════════════════════════════════════════════════════════════════════╗
║          MIRA DDoS DETECTOR - STATISTICS (MULTI-CORE)                ║
╚═══════════════════════════════════════════════════════════════════════╝

[PACKET COUNTERS - GLOBAL]
  Total packets:      790147977
  Baseline (10.10.2.x): 0 (0.0%)
  Attack (10.10.3.x): 790147977 (100.0%)
  TCP packets:        0
  UDP packets:        790147977
  ICMP packets:       0

[INSTANTANEOUS TRAFFIC - Last 5.0 seconds]
  Baseline (10.10.2.x): 0 pkts (0.0%)  0 bytes  0.00 Gbps
  Attack (10.10.3.x): 9606276 pkts (100.0%)  864564840 bytes  1.38 Gbps
  Total throughput:   1.38 Gbps  (avg pkt: 90 bytes)

[CUMULATIVE TRAFFIC - Since first packet (411.7s)]
  Total received:     790147977 pkts (1.92 Mpps) | 1.38 Gbps | 71113317930 bytes

[ATTACK-SPECIFIC COUNTERS]
  SYN packets:        0
  SYN-ACK packets:    0
  SYN/ACK ratio:      0.00
  HTTP requests:      0
  DNS queries:        0

[PROTOCOL-SPECIFIC COUNTERS - CIC-DDoS-2019 Features]
  NTP Amplification:
    Monlist queries:  790147977
    Responses:        0  (avg size: 0 bytes)
  DNS Amplification:
    ANY queries:      0
    TXT queries:      0
    Responses:        0  (avg size: 0 bytes)
  SNMP Amplification:
    GetBulk requests: 0
    Responses:        0  (avg size: 0 bytes)
  SSDP:
    M-SEARCH packets: 0
    Responses:        0
  PortMapper:
    GETPORT calls:    0
    DUMP calls:       0
  NetBIOS:
    Name queries:     0
    Datagram packets: 0
  LDAP:
    Bind requests:    0
    Search requests:  0
  MSSQL:
    SQLBatch packets: 0
    RPC packets:      0
  TFTP:
    RRQ (read) pkts:  0
    WRQ (write) pkts: 0

[ATTACK DETECTIONS - Cumulative Events]
  UDP flood events:   7948
  UDP-lag events:     0
  SYN flood events:   0
  HTTP flood events:  0
  ICMP flood events:  0
  DNS amp events:     0
  NTP amp events:     7948
  SNMP amp events:    0
  SSDP events:        0
  PortMap events:     0
  NetBIOS events:     0
  LDAP events:        0
  MSSQL events:       0
  TFTP events:        0
  ACK flood events:   0
  Frag attack events: 0
  Packet flood events:0
  (Note: Events count IPs exceeding thresholds per 50ms window)

[ALERT STATUS]
  Alert level:        [1;31mHIGH[0m
  Reason:             [1;31mUDP FLOOD detected: 234737407 UDP pps | NTP AMP detected: 1920248 qps | [0m

[MULTI-LF (2025) COMPARISON]
=== Detection Performance vs ML-Based System ===

  First Detection Latency:   147.16 ms (vs MULTI-LF: 866 ms)
    Improvement:             5.9× faster

  Packets until detection:   0
  Bytes until detection:     0 (0.00 MB)

[OCTOSKETCH METRICS - Optimized Architecture]
=== Per-Worker Sketches + Sampling (1/32 packets) ===

  Architecture:              Per-worker (NO atomics, NO contention)
  Total sketch memory:       5377 KB (14 workers × 384.1 KB)
  Sampling rate:             1 in 32 packets (3.1% overhead)
  Attack traffic sampled:    6463040 updates
  Estimated attack packets:  206817280 (×32 sampling factor)
  Sketch overhead:           ~1.56% of fast-path cycles
  Memory efficiency:         O(1) constant, 384.1 KB per worker

[MULTIPLE DETECTION STATISTICS]
=== Aggregate Detection Analysis ===

  Total detection events:    7948
  Average detection latency: 51.79 ms
  Min detection latency:     50.22 ms
  Max detection latency:     251.52 ms
  Latency range:             201.30 ms

  Detection Latency Histogram:
    < 20 ms:  0 detections (0.0%)
    20-30 ms: 0 detections (0.0%)
    30-40 ms: 0 detections (0.0%)
    40-50 ms: 0 detections (0.0%)
    > 50 ms:  7947 detections (100.0%)

[PERFORMANCE METRICS]
  Throughput:         1.38 Gbps (1.92 Mpps)
  Cycles available:   1558 cycles/pkt (lower = higher load)
  Active IPs:         0
  Worker threads:     14 (lcores 1-14)

[DPDK NIC STATISTICS]
  RX packets (NIC):   790147601
  RX dropped (HW):    [0m0[0m (imissed)
  RX no mbufs:        [0m0[0m (buffer exhaustion)
  RX errors:          0
  Total drops:        [0m0 (0.00%)[0m
  RX burst calls:     162148774096 (99.5% empty)
  Processed pkts:     790147977 (100.0% of NIC RX)


╔═══════════════════════════════════════════════════════════════════════╗
║          MIRA DDoS DETECTOR - STATISTICS (MULTI-CORE)                ║
╚═══════════════════════════════════════════════════════════════════════╝

[PACKET COUNTERS - GLOBAL]
  Total packets:      799752092
  Baseline (10.10.2.x): 0 (0.0%)
  Attack (10.10.3.x): 799752092 (100.0%)
  TCP packets:        0
  UDP packets:        799752092
  ICMP packets:       0

[INSTANTANEOUS TRAFFIC - Last 5.0 seconds]
  Baseline (10.10.2.x): 0 pkts (0.0%)  0 bytes  0.00 Gbps
  Attack (10.10.3.x): 9603994 pkts (100.0%)  864359460 bytes  1.38 Gbps
  Total throughput:   1.38 Gbps  (avg pkt: 90 bytes)

[CUMULATIVE TRAFFIC - Since first packet (416.7s)]
  Total received:     799752092 pkts (1.92 Mpps) | 1.38 Gbps | 71977688280 bytes

[ATTACK-SPECIFIC COUNTERS]
  SYN packets:        0
  SYN-ACK packets:    0
  SYN/ACK ratio:      0.00
  HTTP requests:      0
  DNS queries:        0

[PROTOCOL-SPECIFIC COUNTERS - CIC-DDoS-2019 Features]
  NTP Amplification:
    Monlist queries:  799752092
    Responses:        0  (avg size: 0 bytes)
  DNS Amplification:
    ANY queries:      0
    TXT queries:      0
    Responses:        0  (avg size: 0 bytes)
  SNMP Amplification:
    GetBulk requests: 0
    Responses:        0  (avg size: 0 bytes)
  SSDP:
    M-SEARCH packets: 0
    Responses:        0
  PortMapper:
    GETPORT calls:    0
    DUMP calls:       0
  NetBIOS:
    Name queries:     0
    Datagram packets: 0
  LDAP:
    Bind requests:    0
    Search requests:  0
  MSSQL:
    SQLBatch packets: 0
    RPC packets:      0
  TFTP:
    RRQ (read) pkts:  0
    WRQ (write) pkts: 0

[ATTACK DETECTIONS - Cumulative Events]
  UDP flood events:   8044
  UDP-lag events:     0
  SYN flood events:   0
  HTTP flood events:  0
  ICMP flood events:  0
  DNS amp events:     0
  NTP amp events:     8044
  SNMP amp events:    0
  SSDP events:        0
  PortMap events:     0
  NetBIOS events:     0
  LDAP events:        0
  MSSQL events:       0
  TFTP events:        0
  ACK flood events:   0
  Frag attack events: 0
  Packet flood events:0
  (Note: Events count IPs exceeding thresholds per 50ms window)

[ALERT STATUS]
  Alert level:        [1;31mHIGH[0m
  Reason:             [1;31mUDP FLOOD detected: 241173546 UDP pps | NTP AMP detected: 1919289 qps | [0m

[MULTI-LF (2025) COMPARISON]
=== Detection Performance vs ML-Based System ===

  First Detection Latency:   147.16 ms (vs MULTI-LF: 866 ms)
    Improvement:             5.9× faster

  Packets until detection:   0
  Bytes until detection:     0 (0.00 MB)

[OCTOSKETCH METRICS - Optimized Architecture]
=== Per-Worker Sketches + Sampling (1/32 packets) ===

  Architecture:              Per-worker (NO atomics, NO contention)
  Total sketch memory:       5377 KB (14 workers × 384.1 KB)
  Sampling rate:             1 in 32 packets (3.1% overhead)
  Attack traffic sampled:    6363456 updates
  Estimated attack packets:  203630592 (×32 sampling factor)
  Sketch overhead:           ~1.56% of fast-path cycles
  Memory efficiency:         O(1) constant, 384.1 KB per worker

[MULTIPLE DETECTION STATISTICS]
=== Aggregate Detection Analysis ===

  Total detection events:    8044
  Average detection latency: 51.79 ms
  Min detection latency:     50.22 ms
  Max detection latency:     251.52 ms
  Latency range:             201.30 ms

  Detection Latency Histogram:
    < 20 ms:  0 detections (0.0%)
    20-30 ms: 0 detections (0.0%)
    30-40 ms: 0 detections (0.0%)
    40-50 ms: 0 detections (0.0%)
    > 50 ms:  8043 detections (100.0%)

[PERFORMANCE METRICS]
  Throughput:         1.38 Gbps (1.92 Mpps)
  Cycles available:   1558 cycles/pkt (lower = higher load)
  Active IPs:         0
  Worker threads:     14 (lcores 1-14)

[DPDK NIC STATISTICS]
  RX packets (NIC):   799751734
  RX dropped (HW):    [0m0[0m (imissed)
  RX no mbufs:        [0m0[0m (buffer exhaustion)
  RX errors:          0
  Total drops:        [0m0 (0.00%)[0m
  RX burst calls:     164025705247 (99.5% empty)
  Processed pkts:     799752092 (100.0% of NIC RX)


╔═══════════════════════════════════════════════════════════════════════╗
║          MIRA DDoS DETECTOR - STATISTICS (MULTI-CORE)                ║
╚═══════════════════════════════════════════════════════════════════════╝

[PACKET COUNTERS - GLOBAL]
  Total packets:      809356273
  Baseline (10.10.2.x): 0 (0.0%)
  Attack (10.10.3.x): 809356273 (100.0%)
  TCP packets:        0
  UDP packets:        809356273
  ICMP packets:       0

[INSTANTANEOUS TRAFFIC - Last 5.0 seconds]
  Baseline (10.10.2.x): 0 pkts (0.0%)  0 bytes  0.00 Gbps
  Attack (10.10.3.x): 10297687 pkts (100.0%)  864367470 bytes  1.38 Gbps
  Total throughput:   1.38 Gbps  (avg pkt: 84 bytes)

[CUMULATIVE TRAFFIC - Since first packet (421.7s)]
  Total received:     809356273 pkts (1.92 Mpps) | 1.38 Gbps | 72842064570 bytes

[ATTACK-SPECIFIC COUNTERS]
  SYN packets:        0
  SYN-ACK packets:    0
  SYN/ACK ratio:      0.00
  HTTP requests:      0
  DNS queries:        0

[PROTOCOL-SPECIFIC COUNTERS - CIC-DDoS-2019 Features]
  NTP Amplification:
    Monlist queries:  809356273
    Responses:        0  (avg size: 0 bytes)
  DNS Amplification:
    ANY queries:      0
    TXT queries:      0
    Responses:        0  (avg size: 0 bytes)
  SNMP Amplification:
    GetBulk requests: 0
    Responses:        0  (avg size: 0 bytes)
  SSDP:
    M-SEARCH packets: 0
    Responses:        0
  PortMapper:
    GETPORT calls:    0
    DUMP calls:       0
  NetBIOS:
    Name queries:     0
    Datagram packets: 0
  LDAP:
    Bind requests:    0
    Search requests:  0
  MSSQL:
    SQLBatch packets: 0
    RPC packets:      0
  TFTP:
    RRQ (read) pkts:  0
    WRQ (write) pkts: 0

[ATTACK DETECTIONS - Cumulative Events]
  UDP flood events:   8143
  UDP-lag events:     0
  SYN flood events:   0
  HTTP flood events:  0
  ICMP flood events:  0
  DNS amp events:     0
  NTP amp events:     8143
  SNMP amp events:    0
  SSDP events:        0
  PortMap events:     0
  NetBIOS events:     0
  LDAP events:        0
  MSSQL events:       0
  TFTP events:        0
  ACK flood events:   0
  Frag attack events: 0
  Packet flood events:0
  (Note: Events count IPs exceeding thresholds per 50ms window)

[ALERT STATUS]
  Alert level:        [1;31mHIGH[0m
  Reason:             [1;31mUDP FLOOD detected: 244078170 UDP pps | NTP AMP detected: 1919761 qps | [0m

[MULTI-LF (2025) COMPARISON]
=== Detection Performance vs ML-Based System ===

  First Detection Latency:   147.16 ms (vs MULTI-LF: 866 ms)
    Improvement:             5.9× faster

  Packets until detection:   0
  Bytes until detection:     0 (0.00 MB)

[OCTOSKETCH METRICS - Optimized Architecture]
=== Per-Worker Sketches + Sampling (1/32 packets) ===

  Architecture:              Per-worker (NO atomics, NO contention)
  Total sketch memory:       5377 KB (14 workers × 384.1 KB)
  Sampling rate:             1 in 32 packets (3.1% overhead)
  Attack traffic sampled:    6365056 updates
  Estimated attack packets:  203681792 (×32 sampling factor)
  Sketch overhead:           ~1.56% of fast-path cycles
  Memory efficiency:         O(1) constant, 384.1 KB per worker

[MULTIPLE DETECTION STATISTICS]
=== Aggregate Detection Analysis ===

  Total detection events:    8143
  Average detection latency: 51.78 ms
  Min detection latency:     50.22 ms
  Max detection latency:     251.52 ms
  Latency range:             201.30 ms

  Detection Latency Histogram:
    < 20 ms:  0 detections (0.0%)
    20-30 ms: 0 detections (0.0%)
    30-40 ms: 0 detections (0.0%)
    40-50 ms: 0 detections (0.0%)
    > 50 ms:  8142 detections (100.0%)

[PERFORMANCE METRICS]
  Throughput:         1.38 Gbps (2.06 Mpps)
  Cycles available:   1453 cycles/pkt (lower = higher load)
  Active IPs:         0
  Worker threads:     14 (lcores 1-14)

[DPDK NIC STATISTICS]
  RX packets (NIC):   809355925
  RX dropped (HW):    [0m0[0m (imissed)
  RX no mbufs:        [0m0[0m (buffer exhaustion)
  RX errors:          0
  Total drops:        [0m0 (0.00%)[0m
  RX burst calls:     165902686496 (99.5% empty)
  Processed pkts:     809356273 (100.0% of NIC RX)


╔═══════════════════════════════════════════════════════════════════════╗
║          MIRA DDoS DETECTOR - STATISTICS (MULTI-CORE)                ║
╚═══════════════════════════════════════════════════════════════════════╝

[PACKET COUNTERS - GLOBAL]
  Total packets:      818963528
  Baseline (10.10.2.x): 0 (0.0%)
  Attack (10.10.3.x): 818963528 (100.0%)
  TCP packets:        0
  UDP packets:        818963528
  ICMP packets:       0

[INSTANTANEOUS TRAFFIC - Last 5.0 seconds]
  Baseline (10.10.2.x): 0 pkts (0.0%)  0 bytes  0.00 Gbps
  Attack (10.10.3.x): 9607158 pkts (100.0%)  864644220 bytes  1.38 Gbps
  Total throughput:   1.38 Gbps  (avg pkt: 90 bytes)

[CUMULATIVE TRAFFIC - Since first packet (426.7s)]
  Total received:     818963528 pkts (1.92 Mpps) | 1.38 Gbps | 73706717520 bytes

[ATTACK-SPECIFIC COUNTERS]
  SYN packets:        0
  SYN-ACK packets:    0
  SYN/ACK ratio:      0.00
  HTTP requests:      0
  DNS queries:        0

[PROTOCOL-SPECIFIC COUNTERS - CIC-DDoS-2019 Features]
  NTP Amplification:
    Monlist queries:  818963528
    Responses:        0  (avg size: 0 bytes)
  DNS Amplification:
    ANY queries:      0
    TXT queries:      0
    Responses:        0  (avg size: 0 bytes)
  SNMP Amplification:
    GetBulk requests: 0
    Responses:        0  (avg size: 0 bytes)
  SSDP:
    M-SEARCH packets: 0
    Responses:        0
  PortMapper:
    GETPORT calls:    0
    DUMP calls:       0
  NetBIOS:
    Name queries:     0
    Datagram packets: 0
  LDAP:
    Bind requests:    0
    Search requests:  0
  MSSQL:
    SQLBatch packets: 0
    RPC packets:      0
  TFTP:
    RRQ (read) pkts:  0
    WRQ (write) pkts: 0

[ATTACK DETECTIONS - Cumulative Events]
  UDP flood events:   8240
  UDP-lag events:     0
  SYN flood events:   0
  HTTP flood events:  0
  ICMP flood events:  0
  DNS amp events:     0
  NTP amp events:     8240
  SNMP amp events:    0
  SSDP events:        0
  PortMap events:     0
  NetBIOS events:     0
  LDAP events:        0
  MSSQL events:       0
  TFTP events:        0
  ACK flood events:   0
  Frag attack events: 0
  Packet flood events:0
  (Note: Events count IPs exceeding thresholds per 50ms window)

[ALERT STATUS]
  Alert level:        [1;31mHIGH[0m
  Reason:             [1;31mUDP FLOOD detected: 246988192 UDP pps | NTP AMP detected: 1919666 qps | [0m

[MULTI-LF (2025) COMPARISON]
=== Detection Performance vs ML-Based System ===

  First Detection Latency:   147.16 ms (vs MULTI-LF: 866 ms)
    Improvement:             5.9× faster

  Packets until detection:   0
  Bytes until detection:     0 (0.00 MB)

[OCTOSKETCH METRICS - Optimized Architecture]
=== Per-Worker Sketches + Sampling (1/32 packets) ===

  Architecture:              Per-worker (NO atomics, NO contention)
  Total sketch memory:       5377 KB (14 workers × 384.1 KB)
  Sampling rate:             1 in 32 packets (3.1% overhead)
  Attack traffic sampled:    6364768 updates
  Estimated attack packets:  203672576 (×32 sampling factor)
  Sketch overhead:           ~1.56% of fast-path cycles
  Memory efficiency:         O(1) constant, 384.1 KB per worker

[MULTIPLE DETECTION STATISTICS]
=== Aggregate Detection Analysis ===

  Total detection events:    8240
  Average detection latency: 51.78 ms
  Min detection latency:     50.22 ms
  Max detection latency:     251.52 ms
  Latency range:             201.30 ms

  Detection Latency Histogram:
    < 20 ms:  0 detections (0.0%)
    20-30 ms: 0 detections (0.0%)
    30-40 ms: 0 detections (0.0%)
    40-50 ms: 0 detections (0.0%)
    > 50 ms:  8239 detections (100.0%)

[PERFORMANCE METRICS]
  Throughput:         1.38 Gbps (1.92 Mpps)
  Cycles available:   1557 cycles/pkt (lower = higher load)
  Active IPs:         0
  Worker threads:     14 (lcores 1-14)

[DPDK NIC STATISTICS]
  RX packets (NIC):   818963168
  RX dropped (HW):    [0m0[0m (imissed)
  RX no mbufs:        [0m0[0m (buffer exhaustion)
  RX errors:          0
  Total drops:        [0m0 (0.00%)[0m
  RX burst calls:     167779865217 (99.5% empty)
  Processed pkts:     818963528 (100.0% of NIC RX)


╔═══════════════════════════════════════════════════════════════════════╗
║          MIRA DDoS DETECTOR - STATISTICS (MULTI-CORE)                ║
╚═══════════════════════════════════════════════════════════════════════╝

[PACKET COUNTERS - GLOBAL]
  Total packets:      828567730
  Baseline (10.10.2.x): 0 (0.0%)
  Attack (10.10.3.x): 828567730 (100.0%)
  TCP packets:        0
  UDP packets:        828567730
  ICMP packets:       0

[INSTANTANEOUS TRAFFIC - Last 5.0 seconds]
  Baseline (10.10.2.x): 0 pkts (0.0%)  0 bytes  0.00 Gbps
  Attack (10.10.3.x): 9604106 pkts (100.0%)  864369630 bytes  1.38 Gbps
  Total throughput:   1.38 Gbps  (avg pkt: 90 bytes)

[CUMULATIVE TRAFFIC - Since first packet (431.7s)]
  Total received:     828567730 pkts (1.92 Mpps) | 1.38 Gbps | 74571095700 bytes

[ATTACK-SPECIFIC COUNTERS]
  SYN packets:        0
  SYN-ACK packets:    0
  SYN/ACK ratio:      0.00
  HTTP requests:      0
  DNS queries:        0

[PROTOCOL-SPECIFIC COUNTERS - CIC-DDoS-2019 Features]
  NTP Amplification:
    Monlist queries:  828567730
    Responses:        0  (avg size: 0 bytes)
  DNS Amplification:
    ANY queries:      0
    TXT queries:      0
    Responses:        0  (avg size: 0 bytes)
  SNMP Amplification:
    GetBulk requests: 0
    Responses:        0  (avg size: 0 bytes)
  SSDP:
    M-SEARCH packets: 0
    Responses:        0
  PortMapper:
    GETPORT calls:    0
    DUMP calls:       0
  NetBIOS:
    Name queries:     0
    Datagram packets: 0
  LDAP:
    Bind requests:    0
    Search requests:  0
  MSSQL:
    SQLBatch packets: 0
    RPC packets:      0
  TFTP:
    RRQ (read) pkts:  0
    WRQ (write) pkts: 0

[ATTACK DETECTIONS - Cumulative Events]
  UDP flood events:   8337
  UDP-lag events:     0
  SYN flood events:   0
  HTTP flood events:  0
  ICMP flood events:  0
  DNS amp events:     0
  NTP amp events:     8337
  SNMP amp events:    0
  SSDP events:        0
  PortMap events:     0
  NetBIOS events:     0
  LDAP events:        0
  MSSQL events:       0
  TFTP events:        0
  ACK flood events:   0
  Frag attack events: 0
  Packet flood events:0
  (Note: Events count IPs exceeding thresholds per 50ms window)

[ALERT STATUS]
  Alert level:        [1;31mHIGH[0m
  Reason:             [1;31mUDP FLOOD detected: 253709931 UDP pps | NTP AMP detected: 1920051 qps | [0m

[MULTI-LF (2025) COMPARISON]
=== Detection Performance vs ML-Based System ===

  First Detection Latency:   147.16 ms (vs MULTI-LF: 866 ms)
    Improvement:             5.9× faster

  Packets until detection:   0
  Bytes until detection:     0 (0.00 MB)

[OCTOSKETCH METRICS - Optimized Architecture]
=== Per-Worker Sketches + Sampling (1/32 packets) ===

  Architecture:              Per-worker (NO atomics, NO contention)
  Total sketch memory:       5377 KB (14 workers × 384.1 KB)
  Sampling rate:             1 in 32 packets (3.1% overhead)
  Attack traffic sampled:    6269632 updates
  Estimated attack packets:  200628224 (×32 sampling factor)
  Sketch overhead:           ~1.56% of fast-path cycles
  Memory efficiency:         O(1) constant, 384.1 KB per worker

[MULTIPLE DETECTION STATISTICS]
=== Aggregate Detection Analysis ===

  Total detection events:    8337
  Average detection latency: 51.78 ms
  Min detection latency:     50.22 ms
  Max detection latency:     251.52 ms
  Latency range:             201.30 ms

  Detection Latency Histogram:
    < 20 ms:  0 detections (0.0%)
    20-30 ms: 0 detections (0.0%)
    30-40 ms: 0 detections (0.0%)
    40-50 ms: 0 detections (0.0%)
    > 50 ms:  8336 detections (100.0%)

[PERFORMANCE METRICS]
  Throughput:         1.38 Gbps (1.92 Mpps)
  Cycles available:   1558 cycles/pkt (lower = higher load)
  Active IPs:         0
  Worker threads:     14 (lcores 1-14)

[DPDK NIC STATISTICS]
  RX packets (NIC):   828567363
  RX dropped (HW):    [0m0[0m (imissed)
  RX no mbufs:        [0m0[0m (buffer exhaustion)
  RX errors:          0
  Total drops:        [0m0 (0.00%)[0m
  RX burst calls:     169656899440 (99.5% empty)
  Processed pkts:     828567730 (100.0% of NIC RX)


╔═══════════════════════════════════════════════════════════════════════╗
║          MIRA DDoS DETECTOR - STATISTICS (MULTI-CORE)                ║
╚═══════════════════════════════════════════════════════════════════════╝

[PACKET COUNTERS - GLOBAL]
  Total packets:      838174003
  Baseline (10.10.2.x): 0 (0.0%)
  Attack (10.10.3.x): 838174003 (100.0%)
  TCP packets:        0
  UDP packets:        838174003
  ICMP packets:       0

[INSTANTANEOUS TRAFFIC - Last 5.0 seconds]
  Baseline (10.10.2.x): 0 pkts (0.0%)  0 bytes  0.00 Gbps
  Attack (10.10.3.x): 9606174 pkts (100.0%)  864555660 bytes  1.38 Gbps
  Total throughput:   1.38 Gbps  (avg pkt: 90 bytes)

[CUMULATIVE TRAFFIC - Since first packet (436.7s)]
  Total received:     838174003 pkts (1.92 Mpps) | 1.38 Gbps | 75435660270 bytes

[ATTACK-SPECIFIC COUNTERS]
  SYN packets:        0
  SYN-ACK packets:    0
  SYN/ACK ratio:      0.00
  HTTP requests:      0
  DNS queries:        0

[PROTOCOL-SPECIFIC COUNTERS - CIC-DDoS-2019 Features]
  NTP Amplification:
    Monlist queries:  838174003
    Responses:        0  (avg size: 0 bytes)
  DNS Amplification:
    ANY queries:      0
    TXT queries:      0
    Responses:        0  (avg size: 0 bytes)
  SNMP Amplification:
    GetBulk requests: 0
    Responses:        0  (avg size: 0 bytes)
  SSDP:
    M-SEARCH packets: 0
    Responses:        0
  PortMapper:
    GETPORT calls:    0
    DUMP calls:       0
  NetBIOS:
    Name queries:     0
    Datagram packets: 0
  LDAP:
    Bind requests:    0
    Search requests:  0
  MSSQL:
    SQLBatch packets: 0
    RPC packets:      0
  TFTP:
    RRQ (read) pkts:  0
    WRQ (write) pkts: 0

[ATTACK DETECTIONS - Cumulative Events]
  UDP flood events:   8434
  UDP-lag events:     0
  SYN flood events:   0
  HTTP flood events:  0
  ICMP flood events:  0
  DNS amp events:     0
  NTP amp events:     8434
  SNMP amp events:    0
  SSDP events:        0
  PortMap events:     0
  NetBIOS events:     0
  LDAP events:        0
  MSSQL events:       0
  TFTP events:        0
  ACK flood events:   0
  Frag attack events: 0
  Packet flood events:0
  (Note: Events count IPs exceeding thresholds per 50ms window)

[ALERT STATUS]
  Alert level:        [1;31mHIGH[0m
  Reason:             [1;31mUDP FLOOD detected: 256667292 UDP pps | NTP AMP detected: 1919284 qps | [0m

[MULTI-LF (2025) COMPARISON]
=== Detection Performance vs ML-Based System ===

  First Detection Latency:   147.16 ms (vs MULTI-LF: 866 ms)
    Improvement:             5.9× faster

  Packets until detection:   0
  Bytes until detection:     0 (0.00 MB)

[OCTOSKETCH METRICS - Optimized Architecture]
=== Per-Worker Sketches + Sampling (1/32 packets) ===

  Architecture:              Per-worker (NO atomics, NO contention)
  Total sketch memory:       5377 KB (14 workers × 384.1 KB)
  Sampling rate:             1 in 32 packets (3.1% overhead)
  Attack traffic sampled:    6267008 updates
  Estimated attack packets:  200544256 (×32 sampling factor)
  Sketch overhead:           ~1.56% of fast-path cycles
  Memory efficiency:         O(1) constant, 384.1 KB per worker

[MULTIPLE DETECTION STATISTICS]
=== Aggregate Detection Analysis ===

  Total detection events:    8434
  Average detection latency: 51.78 ms
  Min detection latency:     50.22 ms
  Max detection latency:     251.52 ms
  Latency range:             201.30 ms

  Detection Latency Histogram:
    < 20 ms:  0 detections (0.0%)
    20-30 ms: 0 detections (0.0%)
    30-40 ms: 0 detections (0.0%)
    40-50 ms: 0 detections (0.0%)
    > 50 ms:  8433 detections (100.0%)

[PERFORMANCE METRICS]
  Throughput:         1.38 Gbps (1.92 Mpps)
  Cycles available:   1558 cycles/pkt (lower = higher load)
  Active IPs:         0
  Worker threads:     14 (lcores 1-14)

[DPDK NIC STATISTICS]
  RX packets (NIC):   838173646
  RX dropped (HW):    [0m0[0m (imissed)
  RX no mbufs:        [0m0[0m (buffer exhaustion)
  RX errors:          0
  Total drops:        [0m0 (0.00%)[0m
  RX burst calls:     171533829153 (99.5% empty)
  Processed pkts:     838174003 (100.0% of NIC RX)


╔═══════════════════════════════════════════════════════════════════════╗
║          MIRA DDoS DETECTOR - STATISTICS (MULTI-CORE)                ║
╚═══════════════════════════════════════════════════════════════════════╝

[PACKET COUNTERS - GLOBAL]
  Total packets:      847777497
  Baseline (10.10.2.x): 0 (0.0%)
  Attack (10.10.3.x): 847777497 (100.0%)
  TCP packets:        0
  UDP packets:        847777497
  ICMP packets:       0

[INSTANTANEOUS TRAFFIC - Last 5.0 seconds]
  Baseline (10.10.2.x): 0 pkts (0.0%)  0 bytes  0.00 Gbps
  Attack (10.10.3.x): 9603388 pkts (100.0%)  926814690 bytes  1.48 Gbps
  Total throughput:   1.48 Gbps  (avg pkt: 97 bytes)

[CUMULATIVE TRAFFIC - Since first packet (441.7s)]
  Total received:     847777497 pkts (1.92 Mpps) | 1.38 Gbps | 76299974730 bytes

[ATTACK-SPECIFIC COUNTERS]
  SYN packets:        0
  SYN-ACK packets:    0
  SYN/ACK ratio:      0.00
  HTTP requests:      0
  DNS queries:        0

[PROTOCOL-SPECIFIC COUNTERS - CIC-DDoS-2019 Features]
  NTP Amplification:
    Monlist queries:  847777497
    Responses:        0  (avg size: 0 bytes)
  DNS Amplification:
    ANY queries:      0
    TXT queries:      0
    Responses:        0  (avg size: 0 bytes)
  SNMP Amplification:
    GetBulk requests: 0
    Responses:        0  (avg size: 0 bytes)
  SSDP:
    M-SEARCH packets: 0
    Responses:        0
  PortMapper:
    GETPORT calls:    0
    DUMP calls:       0
  NetBIOS:
    Name queries:     0
    Datagram packets: 0
  LDAP:
    Bind requests:    0
    Search requests:  0
  MSSQL:
    SQLBatch packets: 0
    RPC packets:      0
  TFTP:
    RRQ (read) pkts:  0
    WRQ (write) pkts: 0

[ATTACK DETECTIONS - Cumulative Events]
  UDP flood events:   8531
  UDP-lag events:     0
  SYN flood events:   0
  HTTP flood events:  0
  ICMP flood events:  0
  DNS amp events:     0
  NTP amp events:     8531
  SNMP amp events:    0
  SSDP events:        0
  PortMap events:     0
  NetBIOS events:     0
  LDAP events:        0
  MSSQL events:       0
  TFTP events:        0
  ACK flood events:   0
  Frag attack events: 0
  Packet flood events:0
  (Note: Events count IPs exceeding thresholds per 50ms window)

[ALERT STATUS]
  Alert level:        [1;31mHIGH[0m
  Reason:             [1;31mUDP FLOOD detected: 263646000 UDP pps | NTP AMP detected: 1920000 qps | [0m

[MULTI-LF (2025) COMPARISON]
=== Detection Performance vs ML-Based System ===

  First Detection Latency:   147.16 ms (vs MULTI-LF: 866 ms)
    Improvement:             5.9× faster

  Packets until detection:   0
  Bytes until detection:     0 (0.00 MB)

[OCTOSKETCH METRICS - Optimized Architecture]
=== Per-Worker Sketches + Sampling (1/32 packets) ===

  Architecture:              Per-worker (NO atomics, NO contention)
  Total sketch memory:       5377 KB (14 workers × 384.1 KB)
  Sampling rate:             1 in 32 packets (3.1% overhead)
  Attack traffic sampled:    6172960 updates
  Estimated attack packets:  197534720 (×32 sampling factor)
  Sketch overhead:           ~1.56% of fast-path cycles
  Memory efficiency:         O(1) constant, 384.1 KB per worker

[MULTIPLE DETECTION STATISTICS]
=== Aggregate Detection Analysis ===

  Total detection events:    8531
  Average detection latency: 51.77 ms
  Min detection latency:     50.22 ms
  Max detection latency:     251.52 ms
  Latency range:             201.30 ms

  Detection Latency Histogram:
    < 20 ms:  0 detections (0.0%)
    20-30 ms: 0 detections (0.0%)
    30-40 ms: 0 detections (0.0%)
    40-50 ms: 0 detections (0.0%)
    > 50 ms:  8530 detections (100.0%)

[PERFORMANCE METRICS]
  Throughput:         1.48 Gbps (1.92 Mpps)
  Cycles available:   1558 cycles/pkt (lower = higher load)
  Active IPs:         0
  Worker threads:     14 (lcores 1-14)

[DPDK NIC STATISTICS]
  RX packets (NIC):   847777127
  RX dropped (HW):    [0m0[0m (imissed)
  RX no mbufs:        [0m0[0m (buffer exhaustion)
  RX errors:          0
  Total drops:        [0m0 (0.00%)[0m
  RX burst calls:     173410781224 (99.5% empty)
  Processed pkts:     847777497 (100.0% of NIC RX)


╔═══════════════════════════════════════════════════════════════════════╗
║          MIRA DDoS DETECTOR - STATISTICS (MULTI-CORE)                ║
╚═══════════════════════════════════════════════════════════════════════╝

[PACKET COUNTERS - GLOBAL]
  Total packets:      857383035
  Baseline (10.10.2.x): 0 (0.0%)
  Attack (10.10.3.x): 857383035 (100.0%)
  TCP packets:        0
  UDP packets:        857383035
  ICMP packets:       0

[INSTANTANEOUS TRAFFIC - Last 5.0 seconds]
  Baseline (10.10.2.x): 0 pkts (0.0%)  0 bytes  0.00 Gbps
  Attack (10.10.3.x): 9605435 pkts (100.0%)  864489150 bytes  1.38 Gbps
  Total throughput:   1.38 Gbps  (avg pkt: 90 bytes)

[CUMULATIVE TRAFFIC - Since first packet (446.7s)]
  Total received:     857383035 pkts (1.92 Mpps) | 1.38 Gbps | 77164473150 bytes

[ATTACK-SPECIFIC COUNTERS]
  SYN packets:        0
  SYN-ACK packets:    0
  SYN/ACK ratio:      0.00
  HTTP requests:      0
  DNS queries:        0

[PROTOCOL-SPECIFIC COUNTERS - CIC-DDoS-2019 Features]
  NTP Amplification:
    Monlist queries:  857383035
    Responses:        0  (avg size: 0 bytes)
  DNS Amplification:
    ANY queries:      0
    TXT queries:      0
    Responses:        0  (avg size: 0 bytes)
  SNMP Amplification:
    GetBulk requests: 0
    Responses:        0  (avg size: 0 bytes)
  SSDP:
    M-SEARCH packets: 0
    Responses:        0
  PortMapper:
    GETPORT calls:    0
    DUMP calls:       0
  NetBIOS:
    Name queries:     0
    Datagram packets: 0
  LDAP:
    Bind requests:    0
    Search requests:  0
  MSSQL:
    SQLBatch packets: 0
    RPC packets:      0
  TFTP:
    RRQ (read) pkts:  0
    WRQ (write) pkts: 0

[ATTACK DETECTIONS - Cumulative Events]
  UDP flood events:   8628
  UDP-lag events:     0
  SYN flood events:   0
  HTTP flood events:  0
  ICMP flood events:  0
  DNS amp events:     0
  NTP amp events:     8628
  SNMP amp events:    0
  SSDP events:        0
  PortMap events:     0
  NetBIOS events:     0
  LDAP events:        0
  MSSQL events:       0
  TFTP events:        0
  ACK flood events:   0
  Frag attack events: 0
  Packet flood events:0
  (Note: Events count IPs exceeding thresholds per 50ms window)

[ALERT STATUS]
  Alert level:        [1;31mHIGH[0m
  Reason:             [1;31mUDP FLOOD detected: 266641856 UDP pps | NTP AMP detected: 1919380 qps | [0m

[MULTI-LF (2025) COMPARISON]
=== Detection Performance vs ML-Based System ===

  First Detection Latency:   147.16 ms (vs MULTI-LF: 866 ms)
    Improvement:             5.9× faster

  Packets until detection:   0
  Bytes until detection:     0 (0.00 MB)

[OCTOSKETCH METRICS - Optimized Architecture]
=== Per-Worker Sketches + Sampling (1/32 packets) ===

  Architecture:              Per-worker (NO atomics, NO contention)
  Total sketch memory:       5377 KB (14 workers × 384.1 KB)
  Sampling rate:             1 in 32 packets (3.1% overhead)
  Attack traffic sampled:    6170848 updates
  Estimated attack packets:  197467136 (×32 sampling factor)
  Sketch overhead:           ~1.56% of fast-path cycles
  Memory efficiency:         O(1) constant, 384.1 KB per worker

[MULTIPLE DETECTION STATISTICS]
=== Aggregate Detection Analysis ===

  Total detection events:    8628
  Average detection latency: 51.77 ms
  Min detection latency:     50.22 ms
  Max detection latency:     251.52 ms
  Latency range:             201.30 ms

  Detection Latency Histogram:
    < 20 ms:  0 detections (0.0%)
    20-30 ms: 0 detections (0.0%)
    30-40 ms: 0 detections (0.0%)
    40-50 ms: 0 detections (0.0%)
    > 50 ms:  8627 detections (100.0%)

[PERFORMANCE METRICS]
  Throughput:         1.38 Gbps (1.92 Mpps)
  Cycles available:   1558 cycles/pkt (lower = higher load)
  Active IPs:         0
  Worker threads:     14 (lcores 1-14)

[DPDK NIC STATISTICS]
  RX packets (NIC):   857382628
  RX dropped (HW):    [0m0[0m (imissed)
  RX no mbufs:        [0m0[0m (buffer exhaustion)
  RX errors:          0
  Total drops:        [0m0 (0.00%)[0m
  RX burst calls:     175287808286 (99.5% empty)
  Processed pkts:     857383035 (100.0% of NIC RX)


╔═══════════════════════════════════════════════════════════════════════╗
║          MIRA DDoS DETECTOR - STATISTICS (MULTI-CORE)                ║
╚═══════════════════════════════════════════════════════════════════════╝

[PACKET COUNTERS - GLOBAL]
  Total packets:      866987680
  Baseline (10.10.2.x): 0 (0.0%)
  Attack (10.10.3.x): 866987680 (100.0%)
  TCP packets:        0
  UDP packets:        866987680
  ICMP packets:       0

[INSTANTANEOUS TRAFFIC - Last 5.0 seconds]
  Baseline (10.10.2.x): 0 pkts (0.0%)  0 bytes  0.00 Gbps
  Attack (10.10.3.x): 9604542 pkts (100.0%)  864408780 bytes  1.38 Gbps
  Total throughput:   1.38 Gbps  (avg pkt: 90 bytes)

[CUMULATIVE TRAFFIC - Since first packet (451.7s)]
  Total received:     866987680 pkts (1.92 Mpps) | 1.38 Gbps | 78028891200 bytes

[ATTACK-SPECIFIC COUNTERS]
  SYN packets:        0
  SYN-ACK packets:    0
  SYN/ACK ratio:      0.00
  HTTP requests:      0
  DNS queries:        0

[PROTOCOL-SPECIFIC COUNTERS - CIC-DDoS-2019 Features]
  NTP Amplification:
    Monlist queries:  866987680
    Responses:        0  (avg size: 0 bytes)
  DNS Amplification:
    ANY queries:      0
    TXT queries:      0
    Responses:        0  (avg size: 0 bytes)
  SNMP Amplification:
    GetBulk requests: 0
    Responses:        0  (avg size: 0 bytes)
  SSDP:
    M-SEARCH packets: 0
    Responses:        0
  PortMapper:
    GETPORT calls:    0
    DUMP calls:       0
  NetBIOS:
    Name queries:     0
    Datagram packets: 0
  LDAP:
    Bind requests:    0
    Search requests:  0
  MSSQL:
    SQLBatch packets: 0
    RPC packets:      0
  TFTP:
    RRQ (read) pkts:  0
    WRQ (write) pkts: 0

[ATTACK DETECTIONS - Cumulative Events]
  UDP flood events:   8725
  UDP-lag events:     0
  SYN flood events:   0
  HTTP flood events:  0
  ICMP flood events:  0
  DNS amp events:     0
  NTP amp events:     8725
  SNMP amp events:    0
  SSDP events:        0
  PortMap events:     0
  NetBIOS events:     0
  LDAP events:        0
  MSSQL events:       0
  TFTP events:        0
  ACK flood events:   0
  Frag attack events: 0
  Packet flood events:0
  (Note: Events count IPs exceeding thresholds per 50ms window)

[ALERT STATUS]
  Alert level:        [1;31mHIGH[0m
  Reason:             [1;31mUDP FLOOD detected: 269639465 UDP pps | NTP AMP detected: 1919717 qps | [0m

[MULTI-LF (2025) COMPARISON]
=== Detection Performance vs ML-Based System ===

  First Detection Latency:   147.16 ms (vs MULTI-LF: 866 ms)
    Improvement:             5.9× faster

  Packets until detection:   0
  Bytes until detection:     0 (0.00 MB)

[OCTOSKETCH METRICS - Optimized Architecture]
=== Per-Worker Sketches + Sampling (1/32 packets) ===

  Architecture:              Per-worker (NO atomics, NO contention)
  Total sketch memory:       5377 KB (14 workers × 384.1 KB)
  Sampling rate:             1 in 32 packets (3.1% overhead)
  Attack traffic sampled:    6172096 updates
  Estimated attack packets:  197507072 (×32 sampling factor)
  Sketch overhead:           ~1.56% of fast-path cycles
  Memory efficiency:         O(1) constant, 384.1 KB per worker

[MULTIPLE DETECTION STATISTICS]
=== Aggregate Detection Analysis ===

  Total detection events:    8725
  Average detection latency: 51.77 ms
  Min detection latency:     50.22 ms
  Max detection latency:     251.52 ms
  Latency range:             201.30 ms

  Detection Latency Histogram:
    < 20 ms:  0 detections (0.0%)
    20-30 ms: 0 detections (0.0%)
    30-40 ms: 0 detections (0.0%)
    40-50 ms: 0 detections (0.0%)
    > 50 ms:  8724 detections (100.0%)

[PERFORMANCE METRICS]
  Throughput:         1.38 Gbps (1.92 Mpps)
  Cycles available:   1558 cycles/pkt (lower = higher load)
  Active IPs:         0
  Worker threads:     14 (lcores 1-14)

[DPDK NIC STATISTICS]
  RX packets (NIC):   866987336
  RX dropped (HW):    [0m0[0m (imissed)
  RX no mbufs:        [0m0[0m (buffer exhaustion)
  RX errors:          0
  Total drops:        [0m0 (0.00%)[0m
  RX burst calls:     177164728663 (99.5% empty)
  Processed pkts:     866987680 (100.0% of NIC RX)


╔═══════════════════════════════════════════════════════════════════════╗
║          MIRA DDoS DETECTOR - STATISTICS (MULTI-CORE)                ║
╚═══════════════════════════════════════════════════════════════════════╝

[PACKET COUNTERS - GLOBAL]
  Total packets:      876592282
  Baseline (10.10.2.x): 0 (0.0%)
  Attack (10.10.3.x): 876592282 (100.0%)
  TCP packets:        0
  UDP packets:        876592282
  ICMP packets:       0

[INSTANTANEOUS TRAFFIC - Last 5.0 seconds]
  Baseline (10.10.2.x): 0 pkts (0.0%)  0 bytes  0.00 Gbps
  Attack (10.10.3.x): 9604495 pkts (100.0%)  864404820 bytes  1.38 Gbps
  Total throughput:   1.38 Gbps  (avg pkt: 90 bytes)

[CUMULATIVE TRAFFIC - Since first packet (456.7s)]
  Total received:     876592282 pkts (1.92 Mpps) | 1.38 Gbps | 78893305380 bytes

[ATTACK-SPECIFIC COUNTERS]
  SYN packets:        0
  SYN-ACK packets:    0
  SYN/ACK ratio:      0.00
  HTTP requests:      0
  DNS queries:        0

[PROTOCOL-SPECIFIC COUNTERS - CIC-DDoS-2019 Features]
  NTP Amplification:
    Monlist queries:  876592282
    Responses:        0  (avg size: 0 bytes)
  DNS Amplification:
    ANY queries:      0
    TXT queries:      0
    Responses:        0  (avg size: 0 bytes)
  SNMP Amplification:
    GetBulk requests: 0
    Responses:        0  (avg size: 0 bytes)
  SSDP:
    M-SEARCH packets: 0
    Responses:        0
  PortMapper:
    GETPORT calls:    0
    DUMP calls:       0
  NetBIOS:
    Name queries:     0
    Datagram packets: 0
  LDAP:
    Bind requests:    0
    Search requests:  0
  MSSQL:
    SQLBatch packets: 0
    RPC packets:      0
  TFTP:
    RRQ (read) pkts:  0
    WRQ (write) pkts: 0

[ATTACK DETECTIONS - Cumulative Events]
  UDP flood events:   8822
  UDP-lag events:     0
  SYN flood events:   0
  HTTP flood events:  0
  ICMP flood events:  0
  DNS amp events:     0
  NTP amp events:     8822
  SNMP amp events:    0
  SSDP events:        0
  PortMap events:     0
  NetBIOS events:     0
  LDAP events:        0
  MSSQL events:       0
  TFTP events:        0
  ACK flood events:   0
  Frag attack events: 0
  Packet flood events:0
  (Note: Events count IPs exceeding thresholds per 50ms window)

[ALERT STATUS]
  Alert level:        [1;31mHIGH[0m
  Reason:             [1;31mUDP FLOOD detected: 276934553 UDP pps | NTP AMP detected: 1919127 qps | [0m

[MULTI-LF (2025) COMPARISON]
=== Detection Performance vs ML-Based System ===

  First Detection Latency:   147.16 ms (vs MULTI-LF: 866 ms)
    Improvement:             5.9× faster

  Packets until detection:   0
  Bytes until detection:     0 (0.00 MB)

[OCTOSKETCH METRICS - Optimized Architecture]
=== Per-Worker Sketches + Sampling (1/32 packets) ===

  Architecture:              Per-worker (NO atomics, NO contention)
  Total sketch memory:       5377 KB (14 workers × 384.1 KB)
  Sampling rate:             1 in 32 packets (3.1% overhead)
  Attack traffic sampled:    6073728 updates
  Estimated attack packets:  194359296 (×32 sampling factor)
  Sketch overhead:           ~1.56% of fast-path cycles
  Memory efficiency:         O(1) constant, 384.1 KB per worker

[MULTIPLE DETECTION STATISTICS]
=== Aggregate Detection Analysis ===

  Total detection events:    8822
  Average detection latency: 51.77 ms
  Min detection latency:     50.22 ms
  Max detection latency:     251.52 ms
  Latency range:             201.30 ms

  Detection Latency Histogram:
    < 20 ms:  0 detections (0.0%)
    20-30 ms: 0 detections (0.0%)
    30-40 ms: 0 detections (0.0%)
    40-50 ms: 0 detections (0.0%)
    > 50 ms:  8821 detections (100.0%)

[PERFORMANCE METRICS]
  Throughput:         1.38 Gbps (1.92 Mpps)
  Cycles available:   1558 cycles/pkt (lower = higher load)
  Active IPs:         0
  Worker threads:     14 (lcores 1-14)

[DPDK NIC STATISTICS]
  RX packets (NIC):   876591918
  RX dropped (HW):    [0m0[0m (imissed)
  RX no mbufs:        [0m0[0m (buffer exhaustion)
  RX errors:          0
  Total drops:        [0m0 (0.00%)[0m
  RX burst calls:     179041650309 (99.5% empty)
  Processed pkts:     876592282 (100.0% of NIC RX)


╔═══════════════════════════════════════════════════════════════════════╗
║          MIRA DDoS DETECTOR - STATISTICS (MULTI-CORE)                ║
╚═══════════════════════════════════════════════════════════════════════╝

[PACKET COUNTERS - GLOBAL]
  Total packets:      886197399
  Baseline (10.10.2.x): 0 (0.0%)
  Attack (10.10.3.x): 886197399 (100.0%)
  TCP packets:        0
  UDP packets:        886197399
  ICMP packets:       0

[INSTANTANEOUS TRAFFIC - Last 5.0 seconds]
  Baseline (10.10.2.x): 0 pkts (0.0%)  0 bytes  0.00 Gbps
  Attack (10.10.3.x): 9605011 pkts (100.0%)  864450990 bytes  1.38 Gbps
  Total throughput:   1.38 Gbps  (avg pkt: 90 bytes)

[CUMULATIVE TRAFFIC - Since first packet (461.7s)]
  Total received:     886197399 pkts (1.92 Mpps) | 1.38 Gbps | 79757765910 bytes

[ATTACK-SPECIFIC COUNTERS]
  SYN packets:        0
  SYN-ACK packets:    0
  SYN/ACK ratio:      0.00
  HTTP requests:      0
  DNS queries:        0

[PROTOCOL-SPECIFIC COUNTERS - CIC-DDoS-2019 Features]
  NTP Amplification:
    Monlist queries:  886197399
    Responses:        0  (avg size: 0 bytes)
  DNS Amplification:
    ANY queries:      0
    TXT queries:      0
    Responses:        0  (avg size: 0 bytes)
  SNMP Amplification:
    GetBulk requests: 0
    Responses:        0  (avg size: 0 bytes)
  SSDP:
    M-SEARCH packets: 0
    Responses:        0
  PortMapper:
    GETPORT calls:    0
    DUMP calls:       0
  NetBIOS:
    Name queries:     0
    Datagram packets: 0
  LDAP:
    Bind requests:    0
    Search requests:  0
  MSSQL:
    SQLBatch packets: 0
    RPC packets:      0
  TFTP:
    RRQ (read) pkts:  0
    WRQ (write) pkts: 0

[ATTACK DETECTIONS - Cumulative Events]
  UDP flood events:   8919
  UDP-lag events:     0
  SYN flood events:   0
  HTTP flood events:  0
  ICMP flood events:  0
  DNS amp events:     0
  NTP amp events:     8919
  SNMP amp events:    0
  SSDP events:        0
  PortMap events:     0
  NetBIOS events:     0
  LDAP events:        0
  MSSQL events:       0
  TFTP events:        0
  ACK flood events:   0
  Frag attack events: 0
  Packet flood events:0
  (Note: Events count IPs exceeding thresholds per 50ms window)

[ALERT STATUS]
  Alert level:        [1;31mHIGH[0m
  Reason:             [1;31mUDP FLOOD detected: 279984794 UDP pps | NTP AMP detected: 1919433 qps | [0m

[MULTI-LF (2025) COMPARISON]
=== Detection Performance vs ML-Based System ===

  First Detection Latency:   147.16 ms (vs MULTI-LF: 866 ms)
    Improvement:             5.9× faster

  Packets until detection:   0
  Bytes until detection:     0 (0.00 MB)

[OCTOSKETCH METRICS - Optimized Architecture]
=== Per-Worker Sketches + Sampling (1/32 packets) ===

  Architecture:              Per-worker (NO atomics, NO contention)
  Total sketch memory:       5377 KB (14 workers × 384.1 KB)
  Sampling rate:             1 in 32 packets (3.1% overhead)
  Attack traffic sampled:    6074688 updates
  Estimated attack packets:  194390016 (×32 sampling factor)
  Sketch overhead:           ~1.56% of fast-path cycles
  Memory efficiency:         O(1) constant, 384.1 KB per worker

[MULTIPLE DETECTION STATISTICS]
=== Aggregate Detection Analysis ===

  Total detection events:    8919
  Average detection latency: 51.77 ms
  Min detection latency:     50.22 ms
  Max detection latency:     251.52 ms
  Latency range:             201.30 ms

  Detection Latency Histogram:
    < 20 ms:  0 detections (0.0%)
    20-30 ms: 0 detections (0.0%)
    30-40 ms: 0 detections (0.0%)
    40-50 ms: 0 detections (0.0%)
    > 50 ms:  8918 detections (100.0%)

[PERFORMANCE METRICS]
  Throughput:         1.38 Gbps (1.92 Mpps)
  Cycles available:   1558 cycles/pkt (lower = higher load)
  Active IPs:         0
  Worker threads:     14 (lcores 1-14)

[DPDK NIC STATISTICS]
  RX packets (NIC):   886197018
  RX dropped (HW):    [0m0[0m (imissed)
  RX no mbufs:        [0m0[0m (buffer exhaustion)
  RX errors:          0
  Total drops:        [0m0 (0.00%)[0m
  RX burst calls:     180918417428 (99.5% empty)
  Processed pkts:     886197399 (100.0% of NIC RX)


╔═══════════════════════════════════════════════════════════════════════╗
║          MIRA DDoS DETECTOR - STATISTICS (MULTI-CORE)                ║
╚═══════════════════════════════════════════════════════════════════════╝

[PACKET COUNTERS - GLOBAL]
  Total packets:      895802105
  Baseline (10.10.2.x): 0 (0.0%)
  Attack (10.10.3.x): 895802105 (100.0%)
  TCP packets:        0
  UDP packets:        895802105
  ICMP packets:       0

[INSTANTANEOUS TRAFFIC - Last 5.0 seconds]
  Baseline (10.10.2.x): 0 pkts (0.0%)  0 bytes  0.00 Gbps
  Attack (10.10.3.x): 9604603 pkts (100.0%)  864414270 bytes  1.38 Gbps
  Total throughput:   1.38 Gbps  (avg pkt: 90 bytes)

[CUMULATIVE TRAFFIC - Since first packet (466.7s)]
  Total received:     895802105 pkts (1.92 Mpps) | 1.38 Gbps | 80622189450 bytes

[ATTACK-SPECIFIC COUNTERS]
  SYN packets:        0
  SYN-ACK packets:    0
  SYN/ACK ratio:      0.00
  HTTP requests:      0
  DNS queries:        0

[PROTOCOL-SPECIFIC COUNTERS - CIC-DDoS-2019 Features]
  NTP Amplification:
    Monlist queries:  895802105
    Responses:        0  (avg size: 0 bytes)
  DNS Amplification:
    ANY queries:      0
    TXT queries:      0
    Responses:        0  (avg size: 0 bytes)
  SNMP Amplification:
    GetBulk requests: 0
    Responses:        0  (avg size: 0 bytes)
  SSDP:
    M-SEARCH packets: 0
    Responses:        0
  PortMapper:
    GETPORT calls:    0
    DUMP calls:       0
  NetBIOS:
    Name queries:     0
    Datagram packets: 0
  LDAP:
    Bind requests:    0
    Search requests:  0
  MSSQL:
    SQLBatch packets: 0
    RPC packets:      0
  TFTP:
    RRQ (read) pkts:  0
    WRQ (write) pkts: 0

[ATTACK DETECTIONS - Cumulative Events]
  UDP flood events:   9016
  UDP-lag events:     0
  SYN flood events:   0
  HTTP flood events:  0
  ICMP flood events:  0
  DNS amp events:     0
  NTP amp events:     9016
  SNMP amp events:    0
  SSDP events:        0
  PortMap events:     0
  NetBIOS events:     0
  LDAP events:        0
  MSSQL events:       0
  TFTP events:        0
  ACK flood events:   0
  Frag attack events: 0
  Packet flood events:0
  (Note: Events count IPs exceeding thresholds per 50ms window)

[ALERT STATUS]
  Alert level:        [1;31mHIGH[0m
  Reason:             [1;31mUDP FLOOD detected: 287576408 UDP pps | NTP AMP detected: 1919710 qps | [0m

[MULTI-LF (2025) COMPARISON]
=== Detection Performance vs ML-Based System ===

  First Detection Latency:   147.16 ms (vs MULTI-LF: 866 ms)
    Improvement:             5.9× faster

  Packets until detection:   0
  Bytes until detection:     0 (0.00 MB)

[OCTOSKETCH METRICS - Optimized Architecture]
=== Per-Worker Sketches + Sampling (1/32 packets) ===

  Architecture:              Per-worker (NO atomics, NO contention)
  Total sketch memory:       5377 KB (14 workers × 384.1 KB)
  Sampling rate:             1 in 32 packets (3.1% overhead)
  Attack traffic sampled:    5978944 updates
  Estimated attack packets:  191326208 (×32 sampling factor)
  Sketch overhead:           ~1.56% of fast-path cycles
  Memory efficiency:         O(1) constant, 384.1 KB per worker

[MULTIPLE DETECTION STATISTICS]
=== Aggregate Detection Analysis ===

  Total detection events:    9016
  Average detection latency: 51.76 ms
  Min detection latency:     50.22 ms
  Max detection latency:     251.52 ms
  Latency range:             201.30 ms

  Detection Latency Histogram:
    < 20 ms:  0 detections (0.0%)
    20-30 ms: 0 detections (0.0%)
    30-40 ms: 0 detections (0.0%)
    40-50 ms: 0 detections (0.0%)
    > 50 ms:  9015 detections (100.0%)

[PERFORMANCE METRICS]
  Throughput:         1.38 Gbps (1.92 Mpps)
  Cycles available:   1558 cycles/pkt (lower = higher load)
  Active IPs:         0
  Worker threads:     14 (lcores 1-14)

[DPDK NIC STATISTICS]
  RX packets (NIC):   895801705
  RX dropped (HW):    [0m0[0m (imissed)
  RX no mbufs:        [0m0[0m (buffer exhaustion)
  RX errors:          0
  Total drops:        [0m0 (0.00%)[0m
  RX burst calls:     182795395281 (99.5% empty)
  Processed pkts:     895802105 (100.0% of NIC RX)


╔═══════════════════════════════════════════════════════════════════════╗
║          MIRA DDoS DETECTOR - STATISTICS (MULTI-CORE)                ║
╚═══════════════════════════════════════════════════════════════════════╝

[PACKET COUNTERS - GLOBAL]
  Total packets:      905407483
  Baseline (10.10.2.x): 0 (0.0%)
  Attack (10.10.3.x): 905407483 (100.0%)
  TCP packets:        0
  UDP packets:        905407483
  ICMP packets:       0

[INSTANTANEOUS TRAFFIC - Last 5.0 seconds]
  Baseline (10.10.2.x): 0 pkts (0.0%)  0 bytes  0.00 Gbps
  Attack (10.10.3.x): 9605268 pkts (100.0%)  864473940 bytes  1.38 Gbps
  Total throughput:   1.38 Gbps  (avg pkt: 90 bytes)

[CUMULATIVE TRAFFIC - Since first packet (471.7s)]
  Total received:     905407483 pkts (1.92 Mpps) | 1.38 Gbps | 81486673470 bytes

[ATTACK-SPECIFIC COUNTERS]
  SYN packets:        0
  SYN-ACK packets:    0
  SYN/ACK ratio:      0.00
  HTTP requests:      0
  DNS queries:        0

[PROTOCOL-SPECIFIC COUNTERS - CIC-DDoS-2019 Features]
  NTP Amplification:
    Monlist queries:  905407483
    Responses:        0  (avg size: 0 bytes)
  DNS Amplification:
    ANY queries:      0
    TXT queries:      0
    Responses:        0  (avg size: 0 bytes)
  SNMP Amplification:
    GetBulk requests: 0
    Responses:        0  (avg size: 0 bytes)
  SSDP:
    M-SEARCH packets: 0
    Responses:        0
  PortMapper:
    GETPORT calls:    0
    DUMP calls:       0
  NetBIOS:
    Name queries:     0
    Datagram packets: 0
  LDAP:
    Bind requests:    0
    Search requests:  0
  MSSQL:
    SQLBatch packets: 0
    RPC packets:      0
  TFTP:
    RRQ (read) pkts:  0
    WRQ (write) pkts: 0

[ATTACK DETECTIONS - Cumulative Events]
  UDP flood events:   9113
  UDP-lag events:     0
  SYN flood events:   0
  HTTP flood events:  0
  ICMP flood events:  0
  DNS amp events:     0
  NTP amp events:     9113
  SNMP amp events:    0
  SSDP events:        0
  PortMap events:     0
  NetBIOS events:     0
  LDAP events:        0
  MSSQL events:       0
  TFTP events:        0
  ACK flood events:   0
  Frag attack events: 0
  Packet flood events:0
  (Note: Events count IPs exceeding thresholds per 50ms window)

[ALERT STATUS]
  Alert level:        [1;31mHIGH[0m
  Reason:             [1;31mUDP FLOOD detected: 290655062 UDP pps | NTP AMP detected: 1918926 qps | [0m

[MULTI-LF (2025) COMPARISON]
=== Detection Performance vs ML-Based System ===

  First Detection Latency:   147.16 ms (vs MULTI-LF: 866 ms)
    Improvement:             5.9× faster

  Packets until detection:   0
  Bytes until detection:     0 (0.00 MB)

[OCTOSKETCH METRICS - Optimized Architecture]
=== Per-Worker Sketches + Sampling (1/32 packets) ===

  Architecture:              Per-worker (NO atomics, NO contention)
  Total sketch memory:       5377 KB (14 workers × 384.1 KB)
  Sampling rate:             1 in 32 packets (3.1% overhead)
  Attack traffic sampled:    5976768 updates
  Estimated attack packets:  191256576 (×32 sampling factor)
  Sketch overhead:           ~1.56% of fast-path cycles
  Memory efficiency:         O(1) constant, 384.1 KB per worker

[MULTIPLE DETECTION STATISTICS]
=== Aggregate Detection Analysis ===

  Total detection events:    9113
  Average detection latency: 51.76 ms
  Min detection latency:     50.22 ms
  Max detection latency:     251.52 ms
  Latency range:             201.30 ms

  Detection Latency Histogram:
    < 20 ms:  0 detections (0.0%)
    20-30 ms: 0 detections (0.0%)
    30-40 ms: 0 detections (0.0%)
    40-50 ms: 0 detections (0.0%)
    > 50 ms:  9112 detections (100.0%)

[PERFORMANCE METRICS]
  Throughput:         1.38 Gbps (1.92 Mpps)
  Cycles available:   1558 cycles/pkt (lower = higher load)
  Active IPs:         0
  Worker threads:     14 (lcores 1-14)

[DPDK NIC STATISTICS]
  RX packets (NIC):   905407115
  RX dropped (HW):    [0m0[0m (imissed)
  RX no mbufs:        [0m0[0m (buffer exhaustion)
  RX errors:          0
  Total drops:        [0m0 (0.00%)[0m
  RX burst calls:     184672138027 (99.5% empty)
  Processed pkts:     905407483 (100.0% of NIC RX)


╔═══════════════════════════════════════════════════════════════════════╗
║          MIRA DDoS DETECTOR - STATISTICS (MULTI-CORE)                ║
╚═══════════════════════════════════════════════════════════════════════╝

[PACKET COUNTERS - GLOBAL]
  Total packets:      915013606
  Baseline (10.10.2.x): 0 (0.0%)
  Attack (10.10.3.x): 915013606 (100.0%)
  TCP packets:        0
  UDP packets:        915013606
  ICMP packets:       0

[INSTANTANEOUS TRAFFIC - Last 5.0 seconds]
  Baseline (10.10.2.x): 0 pkts (0.0%)  0 bytes  0.00 Gbps
  Attack (10.10.3.x): 9606002 pkts (100.0%)  864540180 bytes  1.38 Gbps
  Total throughput:   1.38 Gbps  (avg pkt: 90 bytes)

[CUMULATIVE TRAFFIC - Since first packet (476.7s)]
  Total received:     915013606 pkts (1.92 Mpps) | 1.38 Gbps | 82351224540 bytes

[ATTACK-SPECIFIC COUNTERS]
  SYN packets:        0
  SYN-ACK packets:    0
  SYN/ACK ratio:      0.00
  HTTP requests:      0
  DNS queries:        0

[PROTOCOL-SPECIFIC COUNTERS - CIC-DDoS-2019 Features]
  NTP Amplification:
    Monlist queries:  915013606
    Responses:        0  (avg size: 0 bytes)
  DNS Amplification:
    ANY queries:      0
    TXT queries:      0
    Responses:        0  (avg size: 0 bytes)
  SNMP Amplification:
    GetBulk requests: 0
    Responses:        0  (avg size: 0 bytes)
  SSDP:
    M-SEARCH packets: 0
    Responses:        0
  PortMapper:
    GETPORT calls:    0
    DUMP calls:       0
  NetBIOS:
    Name queries:     0
    Datagram packets: 0
  LDAP:
    Bind requests:    0
    Search requests:  0
  MSSQL:
    SQLBatch packets: 0
    RPC packets:      0
  TFTP:
    RRQ (read) pkts:  0
    WRQ (write) pkts: 0

[ATTACK DETECTIONS - Cumulative Events]
  UDP flood events:   9210
  UDP-lag events:     0
  SYN flood events:   0
  HTTP flood events:  0
  ICMP flood events:  0
  DNS amp events:     0
  NTP amp events:     9210
  SNMP amp events:    0
  SSDP events:        0
  PortMap events:     0
  NetBIOS events:     0
  LDAP events:        0
  MSSQL events:       0
  TFTP events:        0
  ACK flood events:   0
  Frag attack events: 0
  Packet flood events:0
  (Note: Events count IPs exceeding thresholds per 50ms window)

[ALERT STATUS]
  Alert level:        [1;31mHIGH[0m
  Reason:             [1;31mUDP FLOOD detected: 293766835 UDP pps | NTP AMP detected: 1919454 qps | [0m

[MULTI-LF (2025) COMPARISON]
=== Detection Performance vs ML-Based System ===

  First Detection Latency:   147.16 ms (vs MULTI-LF: 866 ms)
    Improvement:             5.9× faster

  Packets until detection:   0
  Bytes until detection:     0 (0.00 MB)

[OCTOSKETCH METRICS - Optimized Architecture]
=== Per-Worker Sketches + Sampling (1/32 packets) ===

  Architecture:              Per-worker (NO atomics, NO contention)
  Total sketch memory:       5377 KB (14 workers × 384.1 KB)
  Sampling rate:             1 in 32 packets (3.1% overhead)
  Attack traffic sampled:    5978176 updates
  Estimated attack packets:  191301632 (×32 sampling factor)
  Sketch overhead:           ~1.56% of fast-path cycles
  Memory efficiency:         O(1) constant, 384.1 KB per worker

[MULTIPLE DETECTION STATISTICS]
=== Aggregate Detection Analysis ===

  Total detection events:    9210
  Average detection latency: 51.76 ms
  Min detection latency:     50.22 ms
  Max detection latency:     251.52 ms
  Latency range:             201.30 ms

  Detection Latency Histogram:
    < 20 ms:  0 detections (0.0%)
    20-30 ms: 0 detections (0.0%)
    30-40 ms: 0 detections (0.0%)
    40-50 ms: 0 detections (0.0%)
    > 50 ms:  9209 detections (100.0%)

[PERFORMANCE METRICS]
  Throughput:         1.38 Gbps (1.92 Mpps)
  Cycles available:   1558 cycles/pkt (lower = higher load)
  Active IPs:         0
  Worker threads:     14 (lcores 1-14)

[DPDK NIC STATISTICS]
  RX packets (NIC):   915013226
  RX dropped (HW):    [0m0[0m (imissed)
  RX no mbufs:        [0m0[0m (buffer exhaustion)
  RX errors:          0
  Total drops:        [0m0 (0.00%)[0m
  RX burst calls:     186548962659 (99.5% empty)
  Processed pkts:     915013606 (100.0% of NIC RX)


╔═══════════════════════════════════════════════════════════════════════╗
║          MIRA DDoS DETECTOR - STATISTICS (MULTI-CORE)                ║
╚═══════════════════════════════════════════════════════════════════════╝

[PACKET COUNTERS - GLOBAL]
  Total packets:      924616390
  Baseline (10.10.2.x): 0 (0.0%)
  Attack (10.10.3.x): 924616390 (100.0%)
  TCP packets:        0
  UDP packets:        924616390
  ICMP packets:       0

[INSTANTANEOUS TRAFFIC - Last 5.0 seconds]
  Baseline (10.10.2.x): 0 pkts (0.0%)  0 bytes  0.00 Gbps
  Attack (10.10.3.x): 9602671 pkts (100.0%)  864240390 bytes  1.38 Gbps
  Total throughput:   1.38 Gbps  (avg pkt: 90 bytes)

[CUMULATIVE TRAFFIC - Since first packet (481.7s)]
  Total received:     924616390 pkts (1.92 Mpps) | 1.38 Gbps | 83215475100 bytes

[ATTACK-SPECIFIC COUNTERS]
  SYN packets:        0
  SYN-ACK packets:    0
  SYN/ACK ratio:      0.00
  HTTP requests:      0
  DNS queries:        0

[PROTOCOL-SPECIFIC COUNTERS - CIC-DDoS-2019 Features]
  NTP Amplification:
    Monlist queries:  924616390
    Responses:        0  (avg size: 0 bytes)
  DNS Amplification:
    ANY queries:      0
    TXT queries:      0
    Responses:        0  (avg size: 0 bytes)
  SNMP Amplification:
    GetBulk requests: 0
    Responses:        0  (avg size: 0 bytes)
  SSDP:
    M-SEARCH packets: 0
    Responses:        0
  PortMapper:
    GETPORT calls:    0
    DUMP calls:       0
  NetBIOS:
    Name queries:     0
    Datagram packets: 0
  LDAP:
    Bind requests:    0
    Search requests:  0
  MSSQL:
    SQLBatch packets: 0
    RPC packets:      0
  TFTP:
    RRQ (read) pkts:  0
    WRQ (write) pkts: 0

[ATTACK DETECTIONS - Cumulative Events]
  UDP flood events:   9307
  UDP-lag events:     0
  SYN flood events:   0
  HTTP flood events:  0
  ICMP flood events:  0
  DNS amp events:     0
  NTP amp events:     9307
  SNMP amp events:    0
  SSDP events:        0
  PortMap events:     0
  NetBIOS events:     0
  LDAP events:        0
  MSSQL events:       0
  TFTP events:        0
  ACK flood events:   0
  Frag attack events: 0
  Packet flood events:0
  (Note: Events count IPs exceeding thresholds per 50ms window)

[ALERT STATUS]
  Alert level:        [1;31mHIGH[0m
  Reason:             [1;31mUDP FLOOD detected: 301696163 UDP pps | NTP AMP detected: 1918555 qps | [0m

[MULTI-LF (2025) COMPARISON]
=== Detection Performance vs ML-Based System ===

  First Detection Latency:   147.16 ms (vs MULTI-LF: 866 ms)
    Improvement:             5.9× faster

  Packets until detection:   0
  Bytes until detection:     0 (0.00 MB)

[OCTOSKETCH METRICS - Optimized Architecture]
=== Per-Worker Sketches + Sampling (1/32 packets) ===

  Architecture:              Per-worker (NO atomics, NO contention)
  Total sketch memory:       5377 KB (14 workers × 384.1 KB)
  Sampling rate:             1 in 32 packets (3.1% overhead)
  Attack traffic sampled:    5878944 updates
  Estimated attack packets:  188126208 (×32 sampling factor)
  Sketch overhead:           ~1.56% of fast-path cycles
  Memory efficiency:         O(1) constant, 384.1 KB per worker

[MULTIPLE DETECTION STATISTICS]
=== Aggregate Detection Analysis ===

  Total detection events:    9307
  Average detection latency: 51.76 ms
  Min detection latency:     50.22 ms
  Max detection latency:     251.52 ms
  Latency range:             201.30 ms

  Detection Latency Histogram:
    < 20 ms:  0 detections (0.0%)
    20-30 ms: 0 detections (0.0%)
    30-40 ms: 0 detections (0.0%)
    40-50 ms: 0 detections (0.0%)
    > 50 ms:  9306 detections (100.0%)

[PERFORMANCE METRICS]
  Throughput:         1.38 Gbps (1.92 Mpps)
  Cycles available:   1558 cycles/pkt (lower = higher load)
  Active IPs:         0
  Worker threads:     14 (lcores 1-14)

[DPDK NIC STATISTICS]
  RX packets (NIC):   924616020
  RX dropped (HW):    [0m0[0m (imissed)
  RX no mbufs:        [0m0[0m (buffer exhaustion)
  RX errors:          0
  Total drops:        [0m0 (0.00%)[0m
  RX burst calls:     188425309771 (99.5% empty)
  Processed pkts:     924616390 (100.0% of NIC RX)


╔═══════════════════════════════════════════════════════════════════════╗
║          MIRA DDoS DETECTOR - STATISTICS (MULTI-CORE)                ║
╚═══════════════════════════════════════════════════════════════════════╝

[PACKET COUNTERS - GLOBAL]
  Total packets:      934223216
  Baseline (10.10.2.x): 0 (0.0%)
  Attack (10.10.3.x): 934223216 (100.0%)
  TCP packets:        0
  UDP packets:        934223216
  ICMP packets:       0

[INSTANTANEOUS TRAFFIC - Last 5.0 seconds]
  Baseline (10.10.2.x): 0 pkts (0.0%)  0 bytes  0.00 Gbps
  Attack (10.10.3.x): 9606733 pkts (100.0%)  864605970 bytes  1.38 Gbps
  Total throughput:   1.38 Gbps  (avg pkt: 90 bytes)

[CUMULATIVE TRAFFIC - Since first packet (486.7s)]
  Total received:     934223216 pkts (1.92 Mpps) | 1.38 Gbps | 84080089440 bytes

[ATTACK-SPECIFIC COUNTERS]
  SYN packets:        0
  SYN-ACK packets:    0
  SYN/ACK ratio:      0.00
  HTTP requests:      0
  DNS queries:        0

[PROTOCOL-SPECIFIC COUNTERS - CIC-DDoS-2019 Features]
  NTP Amplification:
    Monlist queries:  934223216
    Responses:        0  (avg size: 0 bytes)
  DNS Amplification:
    ANY queries:      0
    TXT queries:      0
    Responses:        0  (avg size: 0 bytes)
  SNMP Amplification:
    GetBulk requests: 0
    Responses:        0  (avg size: 0 bytes)
  SSDP:
    M-SEARCH packets: 0
    Responses:        0
  PortMapper:
    GETPORT calls:    0
    DUMP calls:       0
  NetBIOS:
    Name queries:     0
    Datagram packets: 0
  LDAP:
    Bind requests:    0
    Search requests:  0
  MSSQL:
    SQLBatch packets: 0
    RPC packets:      0
  TFTP:
    RRQ (read) pkts:  0
    WRQ (write) pkts: 0

[ATTACK DETECTIONS - Cumulative Events]
  UDP flood events:   9404
  UDP-lag events:     0
  SYN flood events:   0
  HTTP flood events:  0
  ICMP flood events:  0
  DNS amp events:     0
  NTP amp events:     9404
  SNMP amp events:    0
  SSDP events:        0
  PortMap events:     0
  NetBIOS events:     0
  LDAP events:        0
  MSSQL events:       0
  TFTP events:        0
  ACK flood events:   0
  Frag attack events: 0
  Packet flood events:0
  (Note: Events count IPs exceeding thresholds per 50ms window)

[ALERT STATUS]
  Alert level:        [1;31mHIGH[0m
  Reason:             [1;31mUDP FLOOD detected: 304849385 UDP pps | NTP AMP detected: 1919560 qps | [0m

[MULTI-LF (2025) COMPARISON]
=== Detection Performance vs ML-Based System ===

  First Detection Latency:   147.16 ms (vs MULTI-LF: 866 ms)
    Improvement:             5.9× faster

  Packets until detection:   0
  Bytes until detection:     0 (0.00 MB)

[OCTOSKETCH METRICS - Optimized Architecture]
=== Per-Worker Sketches + Sampling (1/32 packets) ===

  Architecture:              Per-worker (NO atomics, NO contention)
  Total sketch memory:       5377 KB (14 workers × 384.1 KB)
  Sampling rate:             1 in 32 packets (3.1% overhead)
  Attack traffic sampled:    5881984 updates
  Estimated attack packets:  188223488 (×32 sampling factor)
  Sketch overhead:           ~1.56% of fast-path cycles
  Memory efficiency:         O(1) constant, 384.1 KB per worker

[MULTIPLE DETECTION STATISTICS]
=== Aggregate Detection Analysis ===

  Total detection events:    9404
  Average detection latency: 51.76 ms
  Min detection latency:     50.22 ms
  Max detection latency:     251.52 ms
  Latency range:             201.30 ms

  Detection Latency Histogram:
    < 20 ms:  0 detections (0.0%)
    20-30 ms: 0 detections (0.0%)
    30-40 ms: 0 detections (0.0%)
    40-50 ms: 0 detections (0.0%)
    > 50 ms:  9403 detections (100.0%)

[PERFORMANCE METRICS]
  Throughput:         1.38 Gbps (1.92 Mpps)
  Cycles available:   1557 cycles/pkt (lower = higher load)
  Active IPs:         0
  Worker threads:     14 (lcores 1-14)

[DPDK NIC STATISTICS]
  RX packets (NIC):   934222834
  RX dropped (HW):    [0m0[0m (imissed)
  RX no mbufs:        [0m0[0m (buffer exhaustion)
  RX errors:          0
  Total drops:        [0m0 (0.00%)[0m
  RX burst calls:     190302123680 (99.5% empty)
  Processed pkts:     934223216 (100.0% of NIC RX)


╔═══════════════════════════════════════════════════════════════════════╗
║          MIRA DDoS DETECTOR - STATISTICS (MULTI-CORE)                ║
╚═══════════════════════════════════════════════════════════════════════╝

[PACKET COUNTERS - GLOBAL]
  Total packets:      943825214
  Baseline (10.10.2.x): 0 (0.0%)
  Attack (10.10.3.x): 943825214 (100.0%)
  TCP packets:        0
  UDP packets:        943825214
  ICMP packets:       0

[INSTANTANEOUS TRAFFIC - Last 5.0 seconds]
  Baseline (10.10.2.x): 0 pkts (0.0%)  0 bytes  0.00 Gbps
  Attack (10.10.3.x): 9601900 pkts (100.0%)  864171000 bytes  1.38 Gbps
  Total throughput:   1.38 Gbps  (avg pkt: 90 bytes)

[CUMULATIVE TRAFFIC - Since first packet (491.7s)]
  Total received:     943825214 pkts (1.92 Mpps) | 1.38 Gbps | 84944269260 bytes

[ATTACK-SPECIFIC COUNTERS]
  SYN packets:        0
  SYN-ACK packets:    0
  SYN/ACK ratio:      0.00
  HTTP requests:      0
  DNS queries:        0

[PROTOCOL-SPECIFIC COUNTERS - CIC-DDoS-2019 Features]
  NTP Amplification:
    Monlist queries:  943825214
    Responses:        0  (avg size: 0 bytes)
  DNS Amplification:
    ANY queries:      0
    TXT queries:      0
    Responses:        0  (avg size: 0 bytes)
  SNMP Amplification:
    GetBulk requests: 0
    Responses:        0  (avg size: 0 bytes)
  SSDP:
    M-SEARCH packets: 0
    Responses:        0
  PortMapper:
    GETPORT calls:    0
    DUMP calls:       0
  NetBIOS:
    Name queries:     0
    Datagram packets: 0
  LDAP:
    Bind requests:    0
    Search requests:  0
  MSSQL:
    SQLBatch packets: 0
    RPC packets:      0
  TFTP:
    RRQ (read) pkts:  0
    WRQ (write) pkts: 0

[ATTACK DETECTIONS - Cumulative Events]
  UDP flood events:   9501
  UDP-lag events:     0
  SYN flood events:   0
  HTTP flood events:  0
  ICMP flood events:  0
  DNS amp events:     0
  NTP amp events:     9501
  SNMP amp events:    0
  SSDP events:        0
  PortMap events:     0
  NetBIOS events:     0
  LDAP events:        0
  MSSQL events:       0
  TFTP events:        0
  ACK flood events:   0
  Frag attack events: 0
  Packet flood events:0
  (Note: Events count IPs exceeding thresholds per 50ms window)

[ALERT STATUS]
  Alert level:        [1;31mHIGH[0m
  Reason:             [1;31mUDP FLOOD detected: 313084305 UDP pps | NTP AMP detected: 1918362 qps | [0m

[MULTI-LF (2025) COMPARISON]
=== Detection Performance vs ML-Based System ===

  First Detection Latency:   147.16 ms (vs MULTI-LF: 866 ms)
    Improvement:             5.9× faster

  Packets until detection:   0
  Bytes until detection:     0 (0.00 MB)

[OCTOSKETCH METRICS - Optimized Architecture]
=== Per-Worker Sketches + Sampling (1/32 packets) ===

  Architecture:              Per-worker (NO atomics, NO contention)
  Total sketch memory:       5377 KB (14 workers × 384.1 KB)
  Sampling rate:             1 in 32 packets (3.1% overhead)
  Attack traffic sampled:    5782144 updates
  Estimated attack packets:  185028608 (×32 sampling factor)
  Sketch overhead:           ~1.56% of fast-path cycles
  Memory efficiency:         O(1) constant, 384.1 KB per worker

[MULTIPLE DETECTION STATISTICS]
=== Aggregate Detection Analysis ===

  Total detection events:    9501
  Average detection latency: 51.75 ms
  Min detection latency:     50.22 ms
  Max detection latency:     251.52 ms
  Latency range:             201.30 ms

  Detection Latency Histogram:
    < 20 ms:  0 detections (0.0%)
    20-30 ms: 0 detections (0.0%)
    30-40 ms: 0 detections (0.0%)
    40-50 ms: 0 detections (0.0%)
    > 50 ms:  9500 detections (100.0%)

[PERFORMANCE METRICS]
  Throughput:         1.38 Gbps (1.92 Mpps)
  Cycles available:   1558 cycles/pkt (lower = higher load)
  Active IPs:         0
  Worker threads:     14 (lcores 1-14)

[DPDK NIC STATISTICS]
  RX packets (NIC):   943824829
  RX dropped (HW):    [0m0[0m (imissed)
  RX no mbufs:        [0m0[0m (buffer exhaustion)
  RX errors:          0
  Total drops:        [0m0 (0.00%)[0m
  RX burst calls:     192178605739 (99.5% empty)
  Processed pkts:     943825214 (100.0% of NIC RX)


╔═══════════════════════════════════════════════════════════════════════╗
║          MIRA DDoS DETECTOR - STATISTICS (MULTI-CORE)                ║
╚═══════════════════════════════════════════════════════════════════════╝

[PACKET COUNTERS - GLOBAL]
  Total packets:      953433560
  Baseline (10.10.2.x): 0 (0.0%)
  Attack (10.10.3.x): 953433560 (100.0%)
  TCP packets:        0
  UDP packets:        953433560
  ICMP packets:       0

[INSTANTANEOUS TRAFFIC - Last 5.0 seconds]
  Baseline (10.10.2.x): 0 pkts (0.0%)  0 bytes  0.00 Gbps
  Attack (10.10.3.x): 9608230 pkts (100.0%)  864740700 bytes  1.38 Gbps
  Total throughput:   1.38 Gbps  (avg pkt: 90 bytes)

[CUMULATIVE TRAFFIC - Since first packet (496.7s)]
  Total received:     953433560 pkts (1.92 Mpps) | 1.38 Gbps | 85809020400 bytes

[ATTACK-SPECIFIC COUNTERS]
  SYN packets:        0
  SYN-ACK packets:    0
  SYN/ACK ratio:      0.00
  HTTP requests:      0
  DNS queries:        0

[PROTOCOL-SPECIFIC COUNTERS - CIC-DDoS-2019 Features]
  NTP Amplification:
    Monlist queries:  953433560
    Responses:        0  (avg size: 0 bytes)
  DNS Amplification:
    ANY queries:      0
    TXT queries:      0
    Responses:        0  (avg size: 0 bytes)
  SNMP Amplification:
    GetBulk requests: 0
    Responses:        0  (avg size: 0 bytes)
  SSDP:
    M-SEARCH packets: 0
    Responses:        0
  PortMapper:
    GETPORT calls:    0
    DUMP calls:       0
  NetBIOS:
    Name queries:     0
    Datagram packets: 0
  LDAP:
    Bind requests:    0
    Search requests:  0
  MSSQL:
    SQLBatch packets: 0
    RPC packets:      0
  TFTP:
    RRQ (read) pkts:  0
    WRQ (write) pkts: 0

[ATTACK DETECTIONS - Cumulative Events]
  UDP flood events:   9598
  UDP-lag events:     0
  SYN flood events:   0
  HTTP flood events:  0
  ICMP flood events:  0
  DNS amp events:     0
  NTP amp events:     9598
  SNMP amp events:    0
  SSDP events:        0
  PortMap events:     0
  NetBIOS events:     0
  LDAP events:        0
  MSSQL events:       0
  TFTP events:        0
  ACK flood events:   0
  Frag attack events: 0
  Packet flood events:0
  (Note: Events count IPs exceeding thresholds per 50ms window)

[ALERT STATUS]
  Alert level:        [1;31mHIGH[0m
  Reason:             [1;31mUDP FLOOD detected: 316294077 UDP pps | NTP AMP detected: 1919808 qps | [0m

[MULTI-LF (2025) COMPARISON]
=== Detection Performance vs ML-Based System ===

  First Detection Latency:   147.16 ms (vs MULTI-LF: 866 ms)
    Improvement:             5.9× faster

  Packets until detection:   0
  Bytes until detection:     0 (0.00 MB)

[OCTOSKETCH METRICS - Optimized Architecture]
=== Per-Worker Sketches + Sampling (1/32 packets) ===

  Architecture:              Per-worker (NO atomics, NO contention)
  Total sketch memory:       5377 KB (14 workers × 384.1 KB)
  Sampling rate:             1 in 32 packets (3.1% overhead)
  Attack traffic sampled:    5786336 updates
  Estimated attack packets:  185162752 (×32 sampling factor)
  Sketch overhead:           ~1.56% of fast-path cycles
  Memory efficiency:         O(1) constant, 384.1 KB per worker

[MULTIPLE DETECTION STATISTICS]
=== Aggregate Detection Analysis ===

  Total detection events:    9598
  Average detection latency: 51.75 ms
  Min detection latency:     50.22 ms
  Max detection latency:     251.52 ms
  Latency range:             201.30 ms

  Detection Latency Histogram:
    < 20 ms:  0 detections (0.0%)
    20-30 ms: 0 detections (0.0%)
    30-40 ms: 0 detections (0.0%)
    40-50 ms: 0 detections (0.0%)
    > 50 ms:  9597 detections (100.0%)

[PERFORMANCE METRICS]
  Throughput:         1.38 Gbps (1.92 Mpps)
  Cycles available:   1557 cycles/pkt (lower = higher load)
  Active IPs:         0
  Worker threads:     14 (lcores 1-14)

[DPDK NIC STATISTICS]
  RX packets (NIC):   953433202
  RX dropped (HW):    [0m0[0m (imissed)
  RX no mbufs:        [0m0[0m (buffer exhaustion)
  RX errors:          0
  Total drops:        [0m0 (0.00%)[0m
  RX burst calls:     194055180373 (99.5% empty)
  Processed pkts:     953433560 (100.0% of NIC RX)


╔═══════════════════════════════════════════════════════════════════════╗
║          MIRA DDoS DETECTOR - STATISTICS (MULTI-CORE)                ║
╚═══════════════════════════════════════════════════════════════════════╝

[PACKET COUNTERS - GLOBAL]
  Total packets:      963036846
  Baseline (10.10.2.x): 0 (0.0%)
  Attack (10.10.3.x): 963036846 (100.0%)
  TCP packets:        0
  UDP packets:        963036846
  ICMP packets:       0

[INSTANTANEOUS TRAFFIC - Last 5.0 seconds]
  Baseline (10.10.2.x): 0 pkts (0.0%)  0 bytes  0.00 Gbps
  Attack (10.10.3.x): 9603183 pkts (100.0%)  864286470 bytes  1.38 Gbps
  Total throughput:   1.38 Gbps  (avg pkt: 90 bytes)

[CUMULATIVE TRAFFIC - Since first packet (501.7s)]
  Total received:     963036846 pkts (1.92 Mpps) | 1.38 Gbps | 86673316140 bytes

[ATTACK-SPECIFIC COUNTERS]
  SYN packets:        0
  SYN-ACK packets:    0
  SYN/ACK ratio:      0.00
  HTTP requests:      0
  DNS queries:        0

[PROTOCOL-SPECIFIC COUNTERS - CIC-DDoS-2019 Features]
  NTP Amplification:
    Monlist queries:  963036846
    Responses:        0  (avg size: 0 bytes)
  DNS Amplification:
    ANY queries:      0
    TXT queries:      0
    Responses:        0  (avg size: 0 bytes)
  SNMP Amplification:
    GetBulk requests: 0
    Responses:        0  (avg size: 0 bytes)
  SSDP:
    M-SEARCH packets: 0
    Responses:        0
  PortMapper:
    GETPORT calls:    0
    DUMP calls:       0
  NetBIOS:
    Name queries:     0
    Datagram packets: 0
  LDAP:
    Bind requests:    0
    Search requests:  0
  MSSQL:
    SQLBatch packets: 0
    RPC packets:      0
  TFTP:
    RRQ (read) pkts:  0
    WRQ (write) pkts: 0

[ATTACK DETECTIONS - Cumulative Events]
  UDP flood events:   9695
  UDP-lag events:     0
  SYN flood events:   0
  HTTP flood events:  0
  ICMP flood events:  0
  DNS amp events:     0
  NTP amp events:     9695
  SNMP amp events:    0
  SSDP events:        0
  PortMap events:     0
  NetBIOS events:     0
  LDAP events:        0
  MSSQL events:       0
  TFTP events:        0
  ACK flood events:   0
  Frag attack events: 0
  Packet flood events:0
  (Note: Events count IPs exceeding thresholds per 50ms window)

[ALERT STATUS]
  Alert level:        [1;31mHIGH[0m
  Reason:             [1;31mUDP FLOOD detected: 319484167 UDP pps | NTP AMP detected: 1918665 qps | [0m

[MULTI-LF (2025) COMPARISON]
=== Detection Performance vs ML-Based System ===

  First Detection Latency:   147.16 ms (vs MULTI-LF: 866 ms)
    Improvement:             5.9× faster

  Packets until detection:   0
  Bytes until detection:     0 (0.00 MB)

[OCTOSKETCH METRICS - Optimized Architecture]
=== Per-Worker Sketches + Sampling (1/32 packets) ===

  Architecture:              Per-worker (NO atomics, NO contention)
  Total sketch memory:       5377 KB (14 workers × 384.1 KB)
  Sampling rate:             1 in 32 packets (3.1% overhead)
  Attack traffic sampled:    5782976 updates
  Estimated attack packets:  185055232 (×32 sampling factor)
  Sketch overhead:           ~1.56% of fast-path cycles
  Memory efficiency:         O(1) constant, 384.1 KB per worker

[MULTIPLE DETECTION STATISTICS]
=== Aggregate Detection Analysis ===

  Total detection events:    9695
  Average detection latency: 51.75 ms
  Min detection latency:     50.22 ms
  Max detection latency:     251.52 ms
  Latency range:             201.30 ms

  Detection Latency Histogram:
    < 20 ms:  0 detections (0.0%)
    20-30 ms: 0 detections (0.0%)
    30-40 ms: 0 detections (0.0%)
    40-50 ms: 0 detections (0.0%)
    > 50 ms:  9694 detections (100.0%)

[PERFORMANCE METRICS]
  Throughput:         1.38 Gbps (1.92 Mpps)
  Cycles available:   1558 cycles/pkt (lower = higher load)
  Active IPs:         0
  Worker threads:     14 (lcores 1-14)

[DPDK NIC STATISTICS]
  RX packets (NIC):   963036493
  RX dropped (HW):    [0m0[0m (imissed)
  RX no mbufs:        [0m0[0m (buffer exhaustion)
  RX errors:          0
  Total drops:        [0m0 (0.00%)[0m
  RX burst calls:     195931600880 (99.5% empty)
  Processed pkts:     963036846 (100.0% of NIC RX)


╔═══════════════════════════════════════════════════════════════════════╗
║          MIRA DDoS DETECTOR - STATISTICS (MULTI-CORE)                ║
╚═══════════════════════════════════════════════════════════════════════╝

[PACKET COUNTERS - GLOBAL]
  Total packets:      972644163
  Baseline (10.10.2.x): 0 (0.0%)
  Attack (10.10.3.x): 972644163 (100.0%)
  TCP packets:        0
  UDP packets:        972644163
  ICMP packets:       0

[INSTANTANEOUS TRAFFIC - Last 5.0 seconds]
  Baseline (10.10.2.x): 0 pkts (0.0%)  0 bytes  0.00 Gbps
  Attack (10.10.3.x): 9607227 pkts (100.0%)  864650430 bytes  1.38 Gbps
  Total throughput:   1.38 Gbps  (avg pkt: 90 bytes)

[CUMULATIVE TRAFFIC - Since first packet (506.7s)]
  Total received:     972644163 pkts (1.92 Mpps) | 1.38 Gbps | 87537974670 bytes

[ATTACK-SPECIFIC COUNTERS]
  SYN packets:        0
  SYN-ACK packets:    0
  SYN/ACK ratio:      0.00
  HTTP requests:      0
  DNS queries:        0

[PROTOCOL-SPECIFIC COUNTERS - CIC-DDoS-2019 Features]
  NTP Amplification:
    Monlist queries:  972644163
    Responses:        0  (avg size: 0 bytes)
  DNS Amplification:
    ANY queries:      0
    TXT queries:      0
    Responses:        0  (avg size: 0 bytes)
  SNMP Amplification:
    GetBulk requests: 0
    Responses:        0  (avg size: 0 bytes)
  SSDP:
    M-SEARCH packets: 0
    Responses:        0
  PortMapper:
    GETPORT calls:    0
    DUMP calls:       0
  NetBIOS:
    Name queries:     0
    Datagram packets: 0
  LDAP:
    Bind requests:    0
    Search requests:  0
  MSSQL:
    SQLBatch packets: 0
    RPC packets:      0
  TFTP:
    RRQ (read) pkts:  0
    WRQ (write) pkts: 0

[ATTACK DETECTIONS - Cumulative Events]
  UDP flood events:   9792
  UDP-lag events:     0
  SYN flood events:   0
  HTTP flood events:  0
  ICMP flood events:  0
  DNS amp events:     0
  NTP amp events:     9792
  SNMP amp events:    0
  SSDP events:        0
  PortMap events:     0
  NetBIOS events:     0
  LDAP events:        0
  MSSQL events:       0
  TFTP events:        0
  ACK flood events:   0
  Frag attack events: 0
  Packet flood events:0
  (Note: Events count IPs exceeding thresholds per 50ms window)

[ALERT STATUS]
  Alert level:        [1;31mHIGH[0m
  Reason:             [1;31mUDP FLOOD detected: 328125748 UDP pps | NTP AMP detected: 1919775 qps | [0m

[MULTI-LF (2025) COMPARISON]
=== Detection Performance vs ML-Based System ===

  First Detection Latency:   147.16 ms (vs MULTI-LF: 866 ms)
    Improvement:             5.9× faster

  Packets until detection:   0
  Bytes until detection:     0 (0.00 MB)

[OCTOSKETCH METRICS - Optimized Architecture]
=== Per-Worker Sketches + Sampling (1/32 packets) ===

  Architecture:              Per-worker (NO atomics, NO contention)
  Total sketch memory:       5377 KB (14 workers × 384.1 KB)
  Sampling rate:             1 in 32 packets (3.1% overhead)
  Attack traffic sampled:    5689824 updates
  Estimated attack packets:  182074368 (×32 sampling factor)
  Sketch overhead:           ~1.56% of fast-path cycles
  Memory efficiency:         O(1) constant, 384.1 KB per worker

[MULTIPLE DETECTION STATISTICS]
=== Aggregate Detection Analysis ===

  Total detection events:    9792
  Average detection latency: 51.75 ms
  Min detection latency:     50.22 ms
  Max detection latency:     251.52 ms
  Latency range:             201.30 ms

  Detection Latency Histogram:
    < 20 ms:  0 detections (0.0%)
    20-30 ms: 0 detections (0.0%)
    30-40 ms: 0 detections (0.0%)
    40-50 ms: 0 detections (0.0%)
    > 50 ms:  9791 detections (100.0%)

[PERFORMANCE METRICS]
  Throughput:         1.38 Gbps (1.92 Mpps)
  Cycles available:   1557 cycles/pkt (lower = higher load)
  Active IPs:         0
  Worker threads:     14 (lcores 1-14)

[DPDK NIC STATISTICS]
  RX packets (NIC):   972643775
  RX dropped (HW):    [0m0[0m (imissed)
  RX no mbufs:        [0m0[0m (buffer exhaustion)
  RX errors:          0
  Total drops:        [0m0 (0.00%)[0m
  RX burst calls:     197807915678 (99.5% empty)
  Processed pkts:     972644163 (100.0% of NIC RX)


╔═══════════════════════════════════════════════════════════════════════╗
║          MIRA DDoS DETECTOR - STATISTICS (MULTI-CORE)                ║
╚═══════════════════════════════════════════════════════════════════════╝

[PACKET COUNTERS - GLOBAL]
  Total packets:      982247357
  Baseline (10.10.2.x): 0 (0.0%)
  Attack (10.10.3.x): 982247357 (100.0%)
  TCP packets:        0
  UDP packets:        982247358
  ICMP packets:       0

[INSTANTANEOUS TRAFFIC - Last 5.0 seconds]
  Baseline (10.10.2.x): 0 pkts (0.0%)  0 bytes  0.00 Gbps
  Attack (10.10.3.x): 9603092 pkts (100.0%)  864278280 bytes  1.38 Gbps
  Total throughput:   1.38 Gbps  (avg pkt: 90 bytes)

[CUMULATIVE TRAFFIC - Since first packet (511.8s)]
  Total received:     982247357 pkts (1.92 Mpps) | 1.38 Gbps | 88402262310 bytes

[ATTACK-SPECIFIC COUNTERS]
  SYN packets:        0
  SYN-ACK packets:    0
  SYN/ACK ratio:      0.00
  HTTP requests:      0
  DNS queries:        0

[PROTOCOL-SPECIFIC COUNTERS - CIC-DDoS-2019 Features]
  NTP Amplification:
    Monlist queries:  982247359
    Responses:        0  (avg size: 0 bytes)
  DNS Amplification:
    ANY queries:      0
    TXT queries:      0
    Responses:        0  (avg size: 0 bytes)
  SNMP Amplification:
    GetBulk requests: 0
    Responses:        0  (avg size: 0 bytes)
  SSDP:
    M-SEARCH packets: 0
    Responses:        0
  PortMapper:
    GETPORT calls:    0
    DUMP calls:       0
  NetBIOS:
    Name queries:     0
    Datagram packets: 0
  LDAP:
    Bind requests:    0
    Search requests:  0
  MSSQL:
    SQLBatch packets: 0
    RPC packets:      0
  TFTP:
    RRQ (read) pkts:  0
    WRQ (write) pkts: 0

[ATTACK DETECTIONS - Cumulative Events]
  UDP flood events:   9889
  UDP-lag events:     0
  SYN flood events:   0
  HTTP flood events:  0
  ICMP flood events:  0
  DNS amp events:     0
  NTP amp events:     9889
  SNMP amp events:    0
  SSDP events:        0
  PortMap events:     0
  NetBIOS events:     0
  LDAP events:        0
  MSSQL events:       0
  TFTP events:        0
  ACK flood events:   0
  Frag attack events: 0
  Packet flood events:0
  (Note: Events count IPs exceeding thresholds per 50ms window)

[ALERT STATUS]
  Alert level:        [1;31mHIGH[0m
  Reason:             [1;31mUDP FLOOD detected: 331360536 UDP pps | NTP AMP detected: 1918963 qps | [0m

[MULTI-LF (2025) COMPARISON]
=== Detection Performance vs ML-Based System ===

  First Detection Latency:   147.16 ms (vs MULTI-LF: 866 ms)
    Improvement:             5.9× faster

  Packets until detection:   0
  Bytes until detection:     0 (0.00 MB)

[OCTOSKETCH METRICS - Optimized Architecture]
=== Per-Worker Sketches + Sampling (1/32 packets) ===

  Architecture:              Per-worker (NO atomics, NO contention)
  Total sketch memory:       5377 KB (14 workers × 384.1 KB)
  Sampling rate:             1 in 32 packets (3.1% overhead)
  Attack traffic sampled:    5687776 updates
  Estimated attack packets:  182008832 (×32 sampling factor)
  Sketch overhead:           ~1.56% of fast-path cycles
  Memory efficiency:         O(1) constant, 384.1 KB per worker

[MULTIPLE DETECTION STATISTICS]
=== Aggregate Detection Analysis ===

  Total detection events:    9889
  Average detection latency: 51.75 ms
  Min detection latency:     50.22 ms
  Max detection latency:     251.52 ms
  Latency range:             201.30 ms

  Detection Latency Histogram:
    < 20 ms:  0 detections (0.0%)
    20-30 ms: 0 detections (0.0%)
    30-40 ms: 0 detections (0.0%)
    40-50 ms: 0 detections (0.0%)
    > 50 ms:  9888 detections (100.0%)

[PERFORMANCE METRICS]
  Throughput:         1.38 Gbps (1.92 Mpps)
  Cycles available:   1558 cycles/pkt (lower = higher load)
  Active IPs:         0
  Worker threads:     14 (lcores 1-14)

[DPDK NIC STATISTICS]
  RX packets (NIC):   982246995
  RX dropped (HW):    [0m0[0m (imissed)
  RX no mbufs:        [0m0[0m (buffer exhaustion)
  RX errors:          0
  Total drops:        [0m0 (0.00%)[0m
  RX burst calls:     199684180633 (99.5% empty)
  Processed pkts:     982247357 (100.0% of NIC RX)


╔═══════════════════════════════════════════════════════════════════════╗
║          MIRA DDoS DETECTOR - STATISTICS (MULTI-CORE)                ║
╚═══════════════════════════════════════════════════════════════════════╝

[PACKET COUNTERS - GLOBAL]
  Total packets:      991855146
  Baseline (10.10.2.x): 0 (0.0%)
  Attack (10.10.3.x): 991855146 (100.0%)
  TCP packets:        0
  UDP packets:        991855146
  ICMP packets:       0

[INSTANTANEOUS TRAFFIC - Last 5.0 seconds]
  Baseline (10.10.2.x): 0 pkts (0.0%)  0 bytes  0.00 Gbps
  Attack (10.10.3.x): 9607669 pkts (100.0%)  864690210 bytes  1.38 Gbps
  Total throughput:   1.38 Gbps  (avg pkt: 90 bytes)

[CUMULATIVE TRAFFIC - Since first packet (516.8s)]
  Total received:     991855146 pkts (1.92 Mpps) | 1.38 Gbps | 89266963140 bytes

[ATTACK-SPECIFIC COUNTERS]
  SYN packets:        0
  SYN-ACK packets:    0
  SYN/ACK ratio:      0.00
  HTTP requests:      0
  DNS queries:        0

[PROTOCOL-SPECIFIC COUNTERS - CIC-DDoS-2019 Features]
  NTP Amplification:
    Monlist queries:  991855146
    Responses:        0  (avg size: 0 bytes)
  DNS Amplification:
    ANY queries:      0
    TXT queries:      0
    Responses:        0  (avg size: 0 bytes)
  SNMP Amplification:
    GetBulk requests: 0
    Responses:        0  (avg size: 0 bytes)
  SSDP:
    M-SEARCH packets: 0
    Responses:        0
  PortMapper:
    GETPORT calls:    0
    DUMP calls:       0
  NetBIOS:
    Name queries:     0
    Datagram packets: 0
  LDAP:
    Bind requests:    0
    Search requests:  0
  MSSQL:
    SQLBatch packets: 0
    RPC packets:      0
  TFTP:
    RRQ (read) pkts:  0
    WRQ (write) pkts: 0

[ATTACK DETECTIONS - Cumulative Events]
  UDP flood events:   9986
  UDP-lag events:     0
  SYN flood events:   0
  HTTP flood events:  0
  ICMP flood events:  0
  DNS amp events:     0
  NTP amp events:     9986
  SNMP amp events:    0
  SSDP events:        0
  PortMap events:     0
  NetBIOS events:     0
  LDAP events:        0
  MSSQL events:       0
  TFTP events:        0
  ACK flood events:   0
  Frag attack events: 0
  Packet flood events:0
  (Note: Events count IPs exceeding thresholds per 50ms window)

[ALERT STATUS]
  Alert level:        [1;31mHIGH[0m
  Reason:             [1;31mUDP FLOOD detected: 340356430 UDP pps | NTP AMP detected: 1919649 qps | [0m

[MULTI-LF (2025) COMPARISON]
=== Detection Performance vs ML-Based System ===

  First Detection Latency:   147.16 ms (vs MULTI-LF: 866 ms)
    Improvement:             5.9× faster

  Packets until detection:   0
  Bytes until detection:     0 (0.00 MB)

[OCTOSKETCH METRICS - Optimized Architecture]
=== Per-Worker Sketches + Sampling (1/32 packets) ===

  Architecture:              Per-worker (NO atomics, NO contention)
  Total sketch memory:       5377 KB (14 workers × 384.1 KB)
  Sampling rate:             1 in 32 packets (3.1% overhead)
  Attack traffic sampled:    5593248 updates
  Estimated attack packets:  178983936 (×32 sampling factor)
  Sketch overhead:           ~1.56% of fast-path cycles
  Memory efficiency:         O(1) constant, 384.1 KB per worker

[MULTIPLE DETECTION STATISTICS]
=== Aggregate Detection Analysis ===

  Total detection events:    9986
  Average detection latency: 51.74 ms
  Min detection latency:     50.22 ms
  Max detection latency:     251.52 ms
  Latency range:             201.30 ms

  Detection Latency Histogram:
    < 20 ms:  0 detections (0.0%)
    20-30 ms: 0 detections (0.0%)
    30-40 ms: 0 detections (0.0%)
    40-50 ms: 0 detections (0.0%)
    > 50 ms:  9985 detections (100.0%)

[PERFORMANCE METRICS]
  Throughput:         1.38 Gbps (1.92 Mpps)
  Cycles available:   1557 cycles/pkt (lower = higher load)
  Active IPs:         0
  Worker threads:     14 (lcores 1-14)

[DPDK NIC STATISTICS]
  RX packets (NIC):   991854763
  RX dropped (HW):    [0m0[0m (imissed)
  RX no mbufs:        [0m0[0m (buffer exhaustion)
  RX errors:          0
  Total drops:        [0m0 (0.00%)[0m
  RX burst calls:     201560527123 (99.5% empty)
  Processed pkts:     991855146 (100.0% of NIC RX)


╔═══════════════════════════════════════════════════════════════════════╗
║          MIRA DDoS DETECTOR - STATISTICS (MULTI-CORE)                ║
╚═══════════════════════════════════════════════════════════════════════╝

[PACKET COUNTERS - GLOBAL]
  Total packets:      1001456325
  Baseline (10.10.2.x): 0 (0.0%)
  Attack (10.10.3.x): 1001456325 (100.0%)
  TCP packets:        0
  UDP packets:        1001456325
  ICMP packets:       0

[INSTANTANEOUS TRAFFIC - Last 5.0 seconds]
  Baseline (10.10.2.x): 0 pkts (0.0%)  0 bytes  0.00 Gbps
  Attack (10.10.3.x): 9601077 pkts (100.0%)  864096840 bytes  1.38 Gbps
  Total throughput:   1.38 Gbps  (avg pkt: 90 bytes)

[CUMULATIVE TRAFFIC - Since first packet (521.8s)]
  Total received:     1001456325 pkts (1.92 Mpps) | 1.38 Gbps | 90131069250 bytes

[ATTACK-SPECIFIC COUNTERS]
  SYN packets:        0
  SYN-ACK packets:    0
  SYN/ACK ratio:      0.00
  HTTP requests:      0
  DNS queries:        0

[PROTOCOL-SPECIFIC COUNTERS - CIC-DDoS-2019 Features]
  NTP Amplification:
    Monlist queries:  1001456325
    Responses:        0  (avg size: 0 bytes)
  DNS Amplification:
    ANY queries:      0
    TXT queries:      0
    Responses:        0  (avg size: 0 bytes)
  SNMP Amplification:
    GetBulk requests: 0
    Responses:        0  (avg size: 0 bytes)
  SSDP:
    M-SEARCH packets: 0
    Responses:        0
  PortMapper:
    GETPORT calls:    0
    DUMP calls:       0
  NetBIOS:
    Name queries:     0
    Datagram packets: 0
  LDAP:
    Bind requests:    0
    Search requests:  0
  MSSQL:
    SQLBatch packets: 0
    RPC packets:      0
  TFTP:
    RRQ (read) pkts:  0
    WRQ (write) pkts: 0

[ATTACK DETECTIONS - Cumulative Events]
  UDP flood events:   10083
  UDP-lag events:     0
  SYN flood events:   0
  HTTP flood events:  0
  ICMP flood events:  0
  DNS amp events:     0
  NTP amp events:     10083
  SNMP amp events:    0
  SSDP events:        0
  PortMap events:     0
  NetBIOS events:     0
  LDAP events:        0
  MSSQL events:       0
  TFTP events:        0
  ACK flood events:   0
  Frag attack events: 0
  Packet flood events:0
  (Note: Events count IPs exceeding thresholds per 50ms window)

[ALERT STATUS]
  Alert level:        [1;31mHIGH[0m
  Reason:             [1;31mUDP FLOOD detected: 343672819 UDP pps | NTP AMP detected: 1918455 qps | [0m

[MULTI-LF (2025) COMPARISON]
=== Detection Performance vs ML-Based System ===

  First Detection Latency:   147.16 ms (vs MULTI-LF: 866 ms)
    Improvement:             5.9× faster

  Packets until detection:   0
  Bytes until detection:     0 (0.00 MB)

[OCTOSKETCH METRICS - Optimized Architecture]
=== Per-Worker Sketches + Sampling (1/32 packets) ===

  Architecture:              Per-worker (NO atomics, NO contention)
  Total sketch memory:       5377 KB (14 workers × 384.1 KB)
  Sampling rate:             1 in 32 packets (3.1% overhead)
  Attack traffic sampled:    5589696 updates
  Estimated attack packets:  178870272 (×32 sampling factor)
  Sketch overhead:           ~1.56% of fast-path cycles
  Memory efficiency:         O(1) constant, 384.1 KB per worker

[MULTIPLE DETECTION STATISTICS]
=== Aggregate Detection Analysis ===

  Total detection events:    10083
  Average detection latency: 51.74 ms
  Min detection latency:     50.22 ms
  Max detection latency:     251.52 ms
  Latency range:             201.30 ms

  Detection Latency Histogram:
    < 20 ms:  0 detections (0.0%)
    20-30 ms: 0 detections (0.0%)
    30-40 ms: 0 detections (0.0%)
    40-50 ms: 0 detections (0.0%)
    > 50 ms:  10082 detections (100.0%)

[PERFORMANCE METRICS]
  Throughput:         1.38 Gbps (1.92 Mpps)
  Cycles available:   1558 cycles/pkt (lower = higher load)
  Active IPs:         0
  Worker threads:     14 (lcores 1-14)

[DPDK NIC STATISTICS]
  RX packets (NIC):   1001455934
  RX dropped (HW):    [0m0[0m (imissed)
  RX no mbufs:        [0m0[0m (buffer exhaustion)
  RX errors:          0
  Total drops:        [0m0 (0.00%)[0m
  RX burst calls:     203436729473 (99.5% empty)
  Processed pkts:     1001456325 (100.0% of NIC RX)


╔═══════════════════════════════════════════════════════════════════════╗
║          MIRA DDoS DETECTOR - STATISTICS (MULTI-CORE)                ║
╚═══════════════════════════════════════════════════════════════════════╝

[PACKET COUNTERS - GLOBAL]
  Total packets:      1011065027
  Baseline (10.10.2.x): 0 (0.0%)
  Attack (10.10.3.x): 1011065027 (100.0%)
  TCP packets:        0
  UDP packets:        1011065028
  ICMP packets:       0

[INSTANTANEOUS TRAFFIC - Last 5.0 seconds]
  Baseline (10.10.2.x): 0 pkts (0.0%)  0 bytes  0.00 Gbps
  Attack (10.10.3.x): 9608603 pkts (100.0%)  864774360 bytes  1.38 Gbps
  Total throughput:   1.38 Gbps  (avg pkt: 90 bytes)

[CUMULATIVE TRAFFIC - Since first packet (526.8s)]
  Total received:     1011065027 pkts (1.92 Mpps) | 1.38 Gbps | 90995852520 bytes

[ATTACK-SPECIFIC COUNTERS]
  SYN packets:        0
  SYN-ACK packets:    0
  SYN/ACK ratio:      0.00
  HTTP requests:      0
  DNS queries:        0

[PROTOCOL-SPECIFIC COUNTERS - CIC-DDoS-2019 Features]
  NTP Amplification:
    Monlist queries:  1011065028
    Responses:        0  (avg size: 0 bytes)
  DNS Amplification:
    ANY queries:      0
    TXT queries:      0
    Responses:        0  (avg size: 0 bytes)
  SNMP Amplification:
    GetBulk requests: 0
    Responses:        0  (avg size: 0 bytes)
  SSDP:
    M-SEARCH packets: 0
    Responses:        0
  PortMapper:
    GETPORT calls:    0
    DUMP calls:       0
  NetBIOS:
    Name queries:     0
    Datagram packets: 0
  LDAP:
    Bind requests:    0
    Search requests:  0
  MSSQL:
    SQLBatch packets: 0
    RPC packets:      0
  TFTP:
    RRQ (read) pkts:  0
    WRQ (write) pkts: 0

[ATTACK DETECTIONS - Cumulative Events]
  UDP flood events:   10181
  UDP-lag events:     0
  SYN flood events:   0
  HTTP flood events:  0
  ICMP flood events:  0
  DNS amp events:     0
  NTP amp events:     10181
  SNMP amp events:    0
  SSDP events:        0
  PortMap events:     0
  NetBIOS events:     0
  LDAP events:        0
  MSSQL events:       0
  TFTP events:        0
  ACK flood events:   0
  Frag attack events: 0
  Packet flood events:0
  (Note: Events count IPs exceeding thresholds per 50ms window)

[ALERT STATUS]
  Alert level:        [1;31mHIGH[0m
  Reason:             [1;31mUDP FLOOD detected: 346975251 UDP pps | NTP AMP detected: 1919951 qps | [0m

[MULTI-LF (2025) COMPARISON]
=== Detection Performance vs ML-Based System ===

  First Detection Latency:   147.16 ms (vs MULTI-LF: 866 ms)
    Improvement:             5.9× faster

  Packets until detection:   0
  Bytes until detection:     0 (0.00 MB)

[OCTOSKETCH METRICS - Optimized Architecture]
=== Per-Worker Sketches + Sampling (1/32 packets) ===

  Architecture:              Per-worker (NO atomics, NO contention)
  Total sketch memory:       5377 KB (14 workers × 384.1 KB)
  Sampling rate:             1 in 32 packets (3.1% overhead)
  Attack traffic sampled:    5594144 updates
  Estimated attack packets:  179012608 (×32 sampling factor)
  Sketch overhead:           ~1.56% of fast-path cycles
  Memory efficiency:         O(1) constant, 384.1 KB per worker

[MULTIPLE DETECTION STATISTICS]
=== Aggregate Detection Analysis ===

  Total detection events:    10181
  Average detection latency: 51.74 ms
  Min detection latency:     50.22 ms
  Max detection latency:     251.52 ms
  Latency range:             201.30 ms

  Detection Latency Histogram:
    < 20 ms:  0 detections (0.0%)
    20-30 ms: 0 detections (0.0%)
    30-40 ms: 0 detections (0.0%)
    40-50 ms: 0 detections (0.0%)
    > 50 ms:  10180 detections (100.0%)

[PERFORMANCE METRICS]
  Throughput:         1.38 Gbps (1.92 Mpps)
  Cycles available:   1557 cycles/pkt (lower = higher load)
  Active IPs:         0
  Worker threads:     14 (lcores 1-14)

[DPDK NIC STATISTICS]
  RX packets (NIC):   1011064689
  RX dropped (HW):    [0m0[0m (imissed)
  RX no mbufs:        [0m0[0m (buffer exhaustion)
  RX errors:          0
  Total drops:        [0m0 (0.00%)[0m
  RX burst calls:     205312562074 (99.5% empty)
  Processed pkts:     1011065027 (100.0% of NIC RX)


╔═══════════════════════════════════════════════════════════════════════╗
║          MIRA DDoS DETECTOR - STATISTICS (MULTI-CORE)                ║
╚═══════════════════════════════════════════════════════════════════════╝

[PACKET COUNTERS - GLOBAL]
  Total packets:      1020668332
  Baseline (10.10.2.x): 0 (0.0%)
  Attack (10.10.3.x): 1020668332 (100.0%)
  TCP packets:        0
  UDP packets:        1020668332
  ICMP packets:       0

[INSTANTANEOUS TRAFFIC - Last 5.0 seconds]
  Baseline (10.10.2.x): 0 pkts (0.0%)  0 bytes  0.00 Gbps
  Attack (10.10.3.x): 9603197 pkts (100.0%)  864287640 bytes  1.38 Gbps
  Total throughput:   1.38 Gbps  (avg pkt: 90 bytes)

[CUMULATIVE TRAFFIC - Since first packet (531.8s)]
  Total received:     1020668332 pkts (1.92 Mpps) | 1.38 Gbps | 91860149880 bytes

[ATTACK-SPECIFIC COUNTERS]
  SYN packets:        0
  SYN-ACK packets:    0
  SYN/ACK ratio:      0.00
  HTTP requests:      0
  DNS queries:        0

[PROTOCOL-SPECIFIC COUNTERS - CIC-DDoS-2019 Features]
  NTP Amplification:
    Monlist queries:  1020668332
    Responses:        0  (avg size: 0 bytes)
  DNS Amplification:
    ANY queries:      0
    TXT queries:      0
    Responses:        0  (avg size: 0 bytes)
  SNMP Amplification:
    GetBulk requests: 0
    Responses:        0  (avg size: 0 bytes)
  SSDP:
    M-SEARCH packets: 0
    Responses:        0
  PortMapper:
    GETPORT calls:    0
    DUMP calls:       0
  NetBIOS:
    Name queries:     0
    Datagram packets: 0
  LDAP:
    Bind requests:    0
    Search requests:  0
  MSSQL:
    SQLBatch packets: 0
    RPC packets:      0
  TFTP:
    RRQ (read) pkts:  0
    WRQ (write) pkts: 0

[ATTACK DETECTIONS - Cumulative Events]
  UDP flood events:   10278
  UDP-lag events:     0
  SYN flood events:   0
  HTTP flood events:  0
  ICMP flood events:  0
  DNS amp events:     0
  NTP amp events:     10278
  SNMP amp events:    0
  SSDP events:        0
  PortMap events:     0
  NetBIOS events:     0
  LDAP events:        0
  MSSQL events:       0
  TFTP events:        0
  ACK flood events:   0
  Frag attack events: 0
  Packet flood events:0
  (Note: Events count IPs exceeding thresholds per 50ms window)

[ALERT STATUS]
  Alert level:        [1;31mHIGH[0m
  Reason:             [1;31mUDP FLOOD detected: 356402754 UDP pps | NTP AMP detected: 1919127 qps | [0m

[MULTI-LF (2025) COMPARISON]
=== Detection Performance vs ML-Based System ===

  First Detection Latency:   147.16 ms (vs MULTI-LF: 866 ms)
    Improvement:             5.9× faster

  Packets until detection:   0
  Bytes until detection:     0 (0.00 MB)

[OCTOSKETCH METRICS - Optimized Architecture]
=== Per-Worker Sketches + Sampling (1/32 packets) ===

  Architecture:              Per-worker (NO atomics, NO contention)
  Total sketch memory:       5377 KB (14 workers × 384.1 KB)
  Sampling rate:             1 in 32 packets (3.1% overhead)
  Attack traffic sampled:    5495296 updates
  Estimated attack packets:  175849472 (×32 sampling factor)
  Sketch overhead:           ~1.56% of fast-path cycles
  Memory efficiency:         O(1) constant, 384.1 KB per worker

[MULTIPLE DETECTION STATISTICS]
=== Aggregate Detection Analysis ===

  Total detection events:    10278
  Average detection latency: 51.74 ms
  Min detection latency:     50.22 ms
  Max detection latency:     251.52 ms
  Latency range:             201.30 ms

  Detection Latency Histogram:
    < 20 ms:  0 detections (0.0%)
    20-30 ms: 0 detections (0.0%)
    30-40 ms: 0 detections (0.0%)
    40-50 ms: 0 detections (0.0%)
    > 50 ms:  10277 detections (100.0%)

[PERFORMANCE METRICS]
  Throughput:         1.38 Gbps (1.92 Mpps)
  Cycles available:   1558 cycles/pkt (lower = higher load)
  Active IPs:         0
  Worker threads:     14 (lcores 1-14)

[DPDK NIC STATISTICS]
  RX packets (NIC):   1020667959
  RX dropped (HW):    [0m0[0m (imissed)
  RX no mbufs:        [0m0[0m (buffer exhaustion)
  RX errors:          0
  Total drops:        [0m0 (0.00%)[0m
  RX burst calls:     207188945331 (99.5% empty)
  Processed pkts:     1020668332 (100.0% of NIC RX)


╔═══════════════════════════════════════════════════════════════════════╗
║          MIRA DDoS DETECTOR - STATISTICS (MULTI-CORE)                ║
╚═══════════════════════════════════════════════════════════════════════╝

[PACKET COUNTERS - GLOBAL]
  Total packets:      1030274560
  Baseline (10.10.2.x): 0 (0.0%)
  Attack (10.10.3.x): 1030274560 (100.0%)
  TCP packets:        0
  UDP packets:        1030274560
  ICMP packets:       0

[INSTANTANEOUS TRAFFIC - Last 5.0 seconds]
  Baseline (10.10.2.x): 0 pkts (0.0%)  0 bytes  0.00 Gbps
  Attack (10.10.3.x): 9606124 pkts (100.0%)  864551160 bytes  1.38 Gbps
  Total throughput:   1.38 Gbps  (avg pkt: 90 bytes)

[CUMULATIVE TRAFFIC - Since first packet (536.8s)]
  Total received:     1030274560 pkts (1.92 Mpps) | 1.38 Gbps | 92724710400 bytes

[ATTACK-SPECIFIC COUNTERS]
  SYN packets:        0
  SYN-ACK packets:    0
  SYN/ACK ratio:      0.00
  HTTP requests:      0
  DNS queries:        0

[PROTOCOL-SPECIFIC COUNTERS - CIC-DDoS-2019 Features]
  NTP Amplification:
    Monlist queries:  1030274560
    Responses:        0  (avg size: 0 bytes)
  DNS Amplification:
    ANY queries:      0
    TXT queries:      0
    Responses:        0  (avg size: 0 bytes)
  SNMP Amplification:
    GetBulk requests: 0
    Responses:        0  (avg size: 0 bytes)
  SSDP:
    M-SEARCH packets: 0
    Responses:        0
  PortMapper:
    GETPORT calls:    0
    DUMP calls:       0
  NetBIOS:
    Name queries:     0
    Datagram packets: 0
  LDAP:
    Bind requests:    0
    Search requests:  0
  MSSQL:
    SQLBatch packets: 0
    RPC packets:      0
  TFTP:
    RRQ (read) pkts:  0
    WRQ (write) pkts: 0

[ATTACK DETECTIONS - Cumulative Events]
  UDP flood events:   10375
  UDP-lag events:     0
  SYN flood events:   0
  HTTP flood events:  0
  ICMP flood events:  0
  DNS amp events:     0
  NTP amp events:     10375
  SNMP amp events:    0
  SSDP events:        0
  PortMap events:     0
  NetBIOS events:     0
  LDAP events:        0
  MSSQL events:       0
  TFTP events:        0
  ACK flood events:   0
  Frag attack events: 0
  Packet flood events:0
  (Note: Events count IPs exceeding thresholds per 50ms window)

[ALERT STATUS]
  Alert level:        [1;31mHIGH[0m
  Reason:             [1;31mUDP FLOOD detected: 359771894 UDP pps | NTP AMP detected: 1920108 qps | [0m

[MULTI-LF (2025) COMPARISON]
=== Detection Performance vs ML-Based System ===

  First Detection Latency:   147.16 ms (vs MULTI-LF: 866 ms)
    Improvement:             5.9× faster

  Packets until detection:   0
  Bytes until detection:     0 (0.00 MB)

[OCTOSKETCH METRICS - Optimized Architecture]
=== Per-Worker Sketches + Sampling (1/32 packets) ===

  Architecture:              Per-worker (NO atomics, NO contention)
  Total sketch memory:       5377 KB (14 workers × 384.1 KB)
  Sampling rate:             1 in 32 packets (3.1% overhead)
  Attack traffic sampled:    5497984 updates
  Estimated attack packets:  175935488 (×32 sampling factor)
  Sketch overhead:           ~1.56% of fast-path cycles
  Memory efficiency:         O(1) constant, 384.1 KB per worker

[MULTIPLE DETECTION STATISTICS]
=== Aggregate Detection Analysis ===

  Total detection events:    10375
  Average detection latency: 51.74 ms
  Min detection latency:     50.22 ms
  Max detection latency:     251.52 ms
  Latency range:             201.30 ms

  Detection Latency Histogram:
    < 20 ms:  0 detections (0.0%)
    20-30 ms: 0 detections (0.0%)
    30-40 ms: 0 detections (0.0%)
    40-50 ms: 0 detections (0.0%)
    > 50 ms:  10374 detections (100.0%)

[PERFORMANCE METRICS]
  Throughput:         1.38 Gbps (1.92 Mpps)
  Cycles available:   1558 cycles/pkt (lower = higher load)
  Active IPs:         0
  Worker threads:     14 (lcores 1-14)

[DPDK NIC STATISTICS]
  RX packets (NIC):   1030274170
  RX dropped (HW):    [0m0[0m (imissed)
  RX no mbufs:        [0m0[0m (buffer exhaustion)
  RX errors:          0
  Total drops:        [0m0 (0.00%)[0m
  RX burst calls:     209065428542 (99.5% empty)
  Processed pkts:     1030274560 (100.0% of NIC RX)


╔═══════════════════════════════════════════════════════════════════════╗
║          MIRA DDoS DETECTOR - STATISTICS (MULTI-CORE)                ║
╚═══════════════════════════════════════════════════════════════════════╝

[PACKET COUNTERS - GLOBAL]
  Total packets:      1039879330
  Baseline (10.10.2.x): 0 (0.0%)
  Attack (10.10.3.x): 1039879330 (100.0%)
  TCP packets:        0
  UDP packets:        1039879331
  ICMP packets:       0

[INSTANTANEOUS TRAFFIC - Last 5.0 seconds]
  Baseline (10.10.2.x): 0 pkts (0.0%)  0 bytes  0.00 Gbps
  Attack (10.10.3.x): 9604657 pkts (100.0%)  864419130 bytes  1.38 Gbps
  Total throughput:   1.38 Gbps  (avg pkt: 90 bytes)

[CUMULATIVE TRAFFIC - Since first packet (541.8s)]
  Total received:     1039879330 pkts (1.92 Mpps) | 1.38 Gbps | 93589139790 bytes

[ATTACK-SPECIFIC COUNTERS]
  SYN packets:        0
  SYN-ACK packets:    0
  SYN/ACK ratio:      0.00
  HTTP requests:      0
  DNS queries:        0

[PROTOCOL-SPECIFIC COUNTERS - CIC-DDoS-2019 Features]
  NTP Amplification:
    Monlist queries:  1039879331
    Responses:        0  (avg size: 0 bytes)
  DNS Amplification:
    ANY queries:      0
    TXT queries:      0
    Responses:        0  (avg size: 0 bytes)
  SNMP Amplification:
    GetBulk requests: 0
    Responses:        0  (avg size: 0 bytes)
  SSDP:
    M-SEARCH packets: 0
    Responses:        0
  PortMapper:
    GETPORT calls:    0
    DUMP calls:       0
  NetBIOS:
    Name queries:     0
    Datagram packets: 0
  LDAP:
    Bind requests:    0
    Search requests:  0
  MSSQL:
    SQLBatch packets: 0
    RPC packets:      0
  TFTP:
    RRQ (read) pkts:  0
    WRQ (write) pkts: 0

[ATTACK DETECTIONS - Cumulative Events]
  UDP flood events:   10472
  UDP-lag events:     0
  SYN flood events:   0
  HTTP flood events:  0
  ICMP flood events:  0
  DNS amp events:     0
  NTP amp events:     10472
  SNMP amp events:    0
  SSDP events:        0
  PortMap events:     0
  NetBIOS events:     0
  LDAP events:        0
  MSSQL events:       0
  TFTP events:        0
  ACK flood events:   0
  Frag attack events: 0
  Packet flood events:0
  (Note: Events count IPs exceeding thresholds per 50ms window)

[ALERT STATUS]
  Alert level:        [1;31mHIGH[0m
  Reason:             [1;31mUDP FLOOD detected: 369588310 UDP pps | NTP AMP detected: 1919342 qps | [0m

[MULTI-LF (2025) COMPARISON]
=== Detection Performance vs ML-Based System ===

  First Detection Latency:   147.16 ms (vs MULTI-LF: 866 ms)
    Improvement:             5.9× faster

  Packets until detection:   0
  Bytes until detection:     0 (0.00 MB)

[OCTOSKETCH METRICS - Optimized Architecture]
=== Per-Worker Sketches + Sampling (1/32 packets) ===

  Architecture:              Per-worker (NO atomics, NO contention)
  Total sketch memory:       5377 KB (14 workers × 384.1 KB)
  Sampling rate:             1 in 32 packets (3.1% overhead)
  Attack traffic sampled:    5399392 updates
  Estimated attack packets:  172780544 (×32 sampling factor)
  Sketch overhead:           ~1.56% of fast-path cycles
  Memory efficiency:         O(1) constant, 384.1 KB per worker

[MULTIPLE DETECTION STATISTICS]
=== Aggregate Detection Analysis ===

  Total detection events:    10472
  Average detection latency: 51.73 ms
  Min detection latency:     50.22 ms
  Max detection latency:     251.52 ms
  Latency range:             201.30 ms

  Detection Latency Histogram:
    < 20 ms:  0 detections (0.0%)
    20-30 ms: 0 detections (0.0%)
    30-40 ms: 0 detections (0.0%)
    40-50 ms: 0 detections (0.0%)
    > 50 ms:  10471 detections (100.0%)

[PERFORMANCE METRICS]
  Throughput:         1.38 Gbps (1.92 Mpps)
  Cycles available:   1558 cycles/pkt (lower = higher load)
  Active IPs:         0
  Worker threads:     14 (lcores 1-14)

[DPDK NIC STATISTICS]
  RX packets (NIC):   1039878974
  RX dropped (HW):    [0m0[0m (imissed)
  RX no mbufs:        [0m0[0m (buffer exhaustion)
  RX errors:          0
  Total drops:        [0m0 (0.00%)[0m
  RX burst calls:     210941979933 (99.5% empty)
  Processed pkts:     1039879330 (100.0% of NIC RX)


╔═══════════════════════════════════════════════════════════════════════╗
║          MIRA DDoS DETECTOR - STATISTICS (MULTI-CORE)                ║
╚═══════════════════════════════════════════════════════════════════════╝

[PACKET COUNTERS - GLOBAL]
  Total packets:      1049484187
  Baseline (10.10.2.x): 0 (0.0%)
  Attack (10.10.3.x): 1049484187 (100.0%)
  TCP packets:        0
  UDP packets:        1049484187
  ICMP packets:       0

[INSTANTANEOUS TRAFFIC - Last 5.0 seconds]
  Baseline (10.10.2.x): 0 pkts (0.0%)  0 bytes  0.00 Gbps
  Attack (10.10.3.x): 9604758 pkts (100.0%)  864428220 bytes  1.38 Gbps
  Total throughput:   1.38 Gbps  (avg pkt: 90 bytes)

[CUMULATIVE TRAFFIC - Since first packet (546.8s)]
  Total received:     1049484187 pkts (1.92 Mpps) | 1.38 Gbps | 94453576830 bytes

[ATTACK-SPECIFIC COUNTERS]
  SYN packets:        0
  SYN-ACK packets:    0
  SYN/ACK ratio:      0.00
  HTTP requests:      0
  DNS queries:        0

[PROTOCOL-SPECIFIC COUNTERS - CIC-DDoS-2019 Features]
  NTP Amplification:
    Monlist queries:  1049484187
    Responses:        0  (avg size: 0 bytes)
  DNS Amplification:
    ANY queries:      0
    TXT queries:      0
    Responses:        0  (avg size: 0 bytes)
  SNMP Amplification:
    GetBulk requests: 0
    Responses:        0  (avg size: 0 bytes)
  SSDP:
    M-SEARCH packets: 0
    Responses:        0
  PortMapper:
    GETPORT calls:    0
    DUMP calls:       0
  NetBIOS:
    Name queries:     0
    Datagram packets: 0
  LDAP:
    Bind requests:    0
    Search requests:  0
  MSSQL:
    SQLBatch packets: 0
    RPC packets:      0
  TFTP:
    RRQ (read) pkts:  0
    WRQ (write) pkts: 0

[ATTACK DETECTIONS - Cumulative Events]
  UDP flood events:   10569
  UDP-lag events:     0
  SYN flood events:   0
  HTTP flood events:  0
  ICMP flood events:  0
  DNS amp events:     0
  NTP amp events:     10569
  SNMP amp events:    0
  SSDP events:        0
  PortMap events:     0
  NetBIOS events:     0
  LDAP events:        0
  MSSQL events:       0
  TFTP events:        0
  ACK flood events:   0
  Frag attack events: 0
  Packet flood events:0
  (Note: Events count IPs exceeding thresholds per 50ms window)

[ALERT STATUS]
  Alert level:        [1;31mHIGH[0m
  Reason:             [1;31mUDP FLOOD detected: 373006952 UDP pps | NTP AMP detected: 1920293 qps | [0m

[MULTI-LF (2025) COMPARISON]
=== Detection Performance vs ML-Based System ===

  First Detection Latency:   147.16 ms (vs MULTI-LF: 866 ms)
    Improvement:             5.9× faster

  Packets until detection:   0
  Bytes until detection:     0 (0.00 MB)

[OCTOSKETCH METRICS - Optimized Architecture]
=== Per-Worker Sketches + Sampling (1/32 packets) ===

  Architecture:              Per-worker (NO atomics, NO contention)
  Total sketch memory:       5377 KB (14 workers × 384.1 KB)
  Sampling rate:             1 in 32 packets (3.1% overhead)
  Attack traffic sampled:    5402048 updates
  Estimated attack packets:  172865536 (×32 sampling factor)
  Sketch overhead:           ~1.56% of fast-path cycles
  Memory efficiency:         O(1) constant, 384.1 KB per worker

[MULTIPLE DETECTION STATISTICS]
=== Aggregate Detection Analysis ===

  Total detection events:    10569
  Average detection latency: 51.73 ms
  Min detection latency:     50.22 ms
  Max detection latency:     251.52 ms
  Latency range:             201.30 ms

  Detection Latency Histogram:
    < 20 ms:  0 detections (0.0%)
    20-30 ms: 0 detections (0.0%)
    30-40 ms: 0 detections (0.0%)
    40-50 ms: 0 detections (0.0%)
    > 50 ms:  10568 detections (100.0%)

[PERFORMANCE METRICS]
  Throughput:         1.38 Gbps (1.92 Mpps)
  Cycles available:   1558 cycles/pkt (lower = higher load)
  Active IPs:         0
  Worker threads:     14 (lcores 1-14)

[DPDK NIC STATISTICS]
  RX packets (NIC):   1049483813
  RX dropped (HW):    [0m0[0m (imissed)
  RX no mbufs:        [0m0[0m (buffer exhaustion)
  RX errors:          0
  Total drops:        [0m0 (0.00%)[0m
  RX burst calls:     212818410306 (99.5% empty)
  Processed pkts:     1049484187 (100.0% of NIC RX)


╔═══════════════════════════════════════════════════════════════════════╗
║          MIRA DDoS DETECTOR - STATISTICS (MULTI-CORE)                ║
╚═══════════════════════════════════════════════════════════════════════╝

[PACKET COUNTERS - GLOBAL]
  Total packets:      1059091314
  Baseline (10.10.2.x): 0 (0.0%)
  Attack (10.10.3.x): 1059091314 (100.0%)
  TCP packets:        0
  UDP packets:        1059091314
  ICMP packets:       0

[INSTANTANEOUS TRAFFIC - Last 5.0 seconds]
  Baseline (10.10.2.x): 0 pkts (0.0%)  0 bytes  0.00 Gbps
  Attack (10.10.3.x): 9607034 pkts (100.0%)  864633060 bytes  1.38 Gbps
  Total throughput:   1.38 Gbps  (avg pkt: 90 bytes)

[CUMULATIVE TRAFFIC - Since first packet (551.8s)]
  Total received:     1059091314 pkts (1.92 Mpps) | 1.38 Gbps | 95318218260 bytes

[ATTACK-SPECIFIC COUNTERS]
  SYN packets:        0
  SYN-ACK packets:    0
  SYN/ACK ratio:      0.00
  HTTP requests:      0
  DNS queries:        0

[PROTOCOL-SPECIFIC COUNTERS - CIC-DDoS-2019 Features]
  NTP Amplification:
    Monlist queries:  1059091314
    Responses:        0  (avg size: 0 bytes)
  DNS Amplification:
    ANY queries:      0
    TXT queries:      0
    Responses:        0  (avg size: 0 bytes)
  SNMP Amplification:
    GetBulk requests: 0
    Responses:        0  (avg size: 0 bytes)
  SSDP:
    M-SEARCH packets: 0
    Responses:        0
  PortMapper:
    GETPORT calls:    0
    DUMP calls:       0
  NetBIOS:
    Name queries:     0
    Datagram packets: 0
  LDAP:
    Bind requests:    0
    Search requests:  0
  MSSQL:
    SQLBatch packets: 0
    RPC packets:      0
  TFTP:
    RRQ (read) pkts:  0
    WRQ (write) pkts: 0

[ATTACK DETECTIONS - Cumulative Events]
  UDP flood events:   10667
  UDP-lag events:     0
  SYN flood events:   0
  HTTP flood events:  0
  ICMP flood events:  0
  DNS amp events:     0
  NTP amp events:     10667
  SNMP amp events:    0
  SSDP events:        0
  PortMap events:     0
  NetBIOS events:     0
  LDAP events:        0
  MSSQL events:       0
  TFTP events:        0
  ACK flood events:   0
  Frag attack events: 0
  Packet flood events:0
  (Note: Events count IPs exceeding thresholds per 50ms window)

[ALERT STATUS]
  Alert level:        [1;31mHIGH[0m
  Reason:             [1;31mUDP FLOOD detected: 376433706 UDP pps | NTP AMP detected: 1919356 qps | [0m

[MULTI-LF (2025) COMPARISON]
=== Detection Performance vs ML-Based System ===

  First Detection Latency:   147.16 ms (vs MULTI-LF: 866 ms)
    Improvement:             5.9× faster

  Packets until detection:   0
  Bytes until detection:     0 (0.00 MB)

[OCTOSKETCH METRICS - Optimized Architecture]
=== Per-Worker Sketches + Sampling (1/32 packets) ===

  Architecture:              Per-worker (NO atomics, NO contention)
  Total sketch memory:       5377 KB (14 workers × 384.1 KB)
  Sampling rate:             1 in 32 packets (3.1% overhead)
  Attack traffic sampled:    5399680 updates
  Estimated attack packets:  172789760 (×32 sampling factor)
  Sketch overhead:           ~1.56% of fast-path cycles
  Memory efficiency:         O(1) constant, 384.1 KB per worker

[MULTIPLE DETECTION STATISTICS]
=== Aggregate Detection Analysis ===

  Total detection events:    10667
  Average detection latency: 51.73 ms
  Min detection latency:     50.22 ms
  Max detection latency:     251.52 ms
  Latency range:             201.30 ms

  Detection Latency Histogram:
    < 20 ms:  0 detections (0.0%)
    20-30 ms: 0 detections (0.0%)
    30-40 ms: 0 detections (0.0%)
    40-50 ms: 0 detections (0.0%)
    > 50 ms:  10666 detections (100.0%)

[PERFORMANCE METRICS]
  Throughput:         1.38 Gbps (1.92 Mpps)
  Cycles available:   1557 cycles/pkt (lower = higher load)
  Active IPs:         0
  Worker threads:     14 (lcores 1-14)

[DPDK NIC STATISTICS]
  RX packets (NIC):   1059090954
  RX dropped (HW):    [0m0[0m (imissed)
  RX no mbufs:        [0m0[0m (buffer exhaustion)
  RX errors:          0
  Total drops:        [0m0 (0.00%)[0m
  RX burst calls:     214695015507 (99.5% empty)
  Processed pkts:     1059091314 (100.0% of NIC RX)


╔═══════════════════════════════════════════════════════════════════════╗
║          MIRA DDoS DETECTOR - STATISTICS (MULTI-CORE)                ║
╚═══════════════════════════════════════════════════════════════════════╝

[PACKET COUNTERS - GLOBAL]
  Total packets:      1068695924
  Baseline (10.10.2.x): 0 (0.0%)
  Attack (10.10.3.x): 1068695924 (100.0%)
  TCP packets:        0
  UDP packets:        1068695924
  ICMP packets:       0

[INSTANTANEOUS TRAFFIC - Last 5.0 seconds]
  Baseline (10.10.2.x): 0 pkts (0.0%)  0 bytes  0.00 Gbps
  Attack (10.10.3.x): 9604510 pkts (100.0%)  864405900 bytes  1.38 Gbps
  Total throughput:   1.38 Gbps  (avg pkt: 90 bytes)

[CUMULATIVE TRAFFIC - Since first packet (556.8s)]
  Total received:     1068695924 pkts (1.92 Mpps) | 1.38 Gbps | 96182633160 bytes

[ATTACK-SPECIFIC COUNTERS]
  SYN packets:        0
  SYN-ACK packets:    0
  SYN/ACK ratio:      0.00
  HTTP requests:      0
  DNS queries:        0

[PROTOCOL-SPECIFIC COUNTERS - CIC-DDoS-2019 Features]
  NTP Amplification:
    Monlist queries:  1068695924
    Responses:        0  (avg size: 0 bytes)
  DNS Amplification:
    ANY queries:      0
    TXT queries:      0
    Responses:        0  (avg size: 0 bytes)
  SNMP Amplification:
    GetBulk requests: 0
    Responses:        0  (avg size: 0 bytes)
  SSDP:
    M-SEARCH packets: 0
    Responses:        0
  PortMapper:
    GETPORT calls:    0
    DUMP calls:       0
  NetBIOS:
    Name queries:     0
    Datagram packets: 0
  LDAP:
    Bind requests:    0
    Search requests:  0
  MSSQL:
    SQLBatch packets: 0
    RPC packets:      0
  TFTP:
    RRQ (read) pkts:  0
    WRQ (write) pkts: 0

[ATTACK DETECTIONS - Cumulative Events]
  UDP flood events:   10764
  UDP-lag events:     0
  SYN flood events:   0
  HTTP flood events:  0
  ICMP flood events:  0
  DNS amp events:     0
  NTP amp events:     10764
  SNMP amp events:    0
  SSDP events:        0
  PortMap events:     0
  NetBIOS events:     0
  LDAP events:        0
  MSSQL events:       0
  TFTP events:        0
  ACK flood events:   0
  Frag attack events: 0
  Packet flood events:0
  (Note: Events count IPs exceeding thresholds per 50ms window)

[ALERT STATUS]
  Alert level:        [1;31mHIGH[0m
  Reason:             [1;31mUDP FLOOD detected: 386732904 UDP pps | NTP AMP detected: 1920015 qps | [0m

[MULTI-LF (2025) COMPARISON]
=== Detection Performance vs ML-Based System ===

  First Detection Latency:   147.16 ms (vs MULTI-LF: 866 ms)
    Improvement:             5.9× faster

  Packets until detection:   0
  Bytes until detection:     0 (0.00 MB)

[OCTOSKETCH METRICS - Optimized Architecture]
=== Per-Worker Sketches + Sampling (1/32 packets) ===

  Architecture:              Per-worker (NO atomics, NO contention)
  Total sketch memory:       5377 KB (14 workers × 384.1 KB)
  Sampling rate:             1 in 32 packets (3.1% overhead)
  Attack traffic sampled:    5305024 updates
  Estimated attack packets:  169760768 (×32 sampling factor)
  Sketch overhead:           ~1.56% of fast-path cycles
  Memory efficiency:         O(1) constant, 384.1 KB per worker

[MULTIPLE DETECTION STATISTICS]
=== Aggregate Detection Analysis ===

  Total detection events:    10764
  Average detection latency: 51.72 ms
  Min detection latency:     50.22 ms
  Max detection latency:     251.52 ms
  Latency range:             201.30 ms

  Detection Latency Histogram:
    < 20 ms:  0 detections (0.0%)
    20-30 ms: 0 detections (0.0%)
    30-40 ms: 0 detections (0.0%)
    40-50 ms: 0 detections (0.0%)
    > 50 ms:  10763 detections (100.0%)

[PERFORMANCE METRICS]
  Throughput:         1.38 Gbps (1.92 Mpps)
  Cycles available:   1558 cycles/pkt (lower = higher load)
  Active IPs:         0
  Worker threads:     14 (lcores 1-14)

[DPDK NIC STATISTICS]
  RX packets (NIC):   1068695536
  RX dropped (HW):    [0m0[0m (imissed)
  RX no mbufs:        [0m0[0m (buffer exhaustion)
  RX errors:          0
  Total drops:        [0m0 (0.00%)[0m
  RX burst calls:     216571818876 (99.5% empty)
  Processed pkts:     1068695924 (100.0% of NIC RX)


╔═══════════════════════════════════════════════════════════════════════╗
║          MIRA DDoS DETECTOR - STATISTICS (MULTI-CORE)                ║
╚═══════════════════════════════════════════════════════════════════════╝

[PACKET COUNTERS - GLOBAL]
  Total packets:      1078302023
  Baseline (10.10.2.x): 0 (0.0%)
  Attack (10.10.3.x): 1078302023 (100.0%)
  TCP packets:        0
  UDP packets:        1078302023
  ICMP packets:       0

[INSTANTANEOUS TRAFFIC - Last 5.0 seconds]
  Baseline (10.10.2.x): 0 pkts (0.0%)  0 bytes  0.00 Gbps
  Attack (10.10.3.x): 9606002 pkts (100.0%)  864540180 bytes  1.38 Gbps
  Total throughput:   1.38 Gbps  (avg pkt: 90 bytes)

[CUMULATIVE TRAFFIC - Since first packet (561.8s)]
  Total received:     1078302023 pkts (1.92 Mpps) | 1.38 Gbps | 97047182070 bytes

[ATTACK-SPECIFIC COUNTERS]
  SYN packets:        0
  SYN-ACK packets:    0
  SYN/ACK ratio:      0.00
  HTTP requests:      0
  DNS queries:        0

[PROTOCOL-SPECIFIC COUNTERS - CIC-DDoS-2019 Features]
  NTP Amplification:
    Monlist queries:  1078302023
    Responses:        0  (avg size: 0 bytes)
  DNS Amplification:
    ANY queries:      0
    TXT queries:      0
    Responses:        0  (avg size: 0 bytes)
  SNMP Amplification:
    GetBulk requests: 0
    Responses:        0  (avg size: 0 bytes)
  SSDP:
    M-SEARCH packets: 0
    Responses:        0
  PortMapper:
    GETPORT calls:    0
    DUMP calls:       0
  NetBIOS:
    Name queries:     0
    Datagram packets: 0
  LDAP:
    Bind requests:    0
    Search requests:  0
  MSSQL:
    SQLBatch packets: 0
    RPC packets:      0
  TFTP:
    RRQ (read) pkts:  0
    WRQ (write) pkts: 0

[ATTACK DETECTIONS - Cumulative Events]
  UDP flood events:   10861
  UDP-lag events:     0
  SYN flood events:   0
  HTTP flood events:  0
  ICMP flood events:  0
  DNS amp events:     0
  NTP amp events:     10861
  SNMP amp events:    0
  SSDP events:        0
  PortMap events:     0
  NetBIOS events:     0
  LDAP events:        0
  MSSQL events:       0
  TFTP events:        0
  ACK flood events:   0
  Frag attack events: 0
  Packet flood events:0
  (Note: Events count IPs exceeding thresholds per 50ms window)

[ALERT STATUS]
  Alert level:        [1;31mHIGH[0m
  Reason:             [1;31mUDP FLOOD detected: 390223690 UDP pps | NTP AMP detected: 1919532 qps | [0m

[MULTI-LF (2025) COMPARISON]
=== Detection Performance vs ML-Based System ===

  First Detection Latency:   147.16 ms (vs MULTI-LF: 866 ms)
    Improvement:             5.9× faster

  Packets until detection:   0
  Bytes until detection:     0 (0.00 MB)

[OCTOSKETCH METRICS - Optimized Architecture]
=== Per-Worker Sketches + Sampling (1/32 packets) ===

  Architecture:              Per-worker (NO atomics, NO contention)
  Total sketch memory:       5377 KB (14 workers × 384.1 KB)
  Sampling rate:             1 in 32 packets (3.1% overhead)
  Attack traffic sampled:    5303616 updates
  Estimated attack packets:  169715712 (×32 sampling factor)
  Sketch overhead:           ~1.56% of fast-path cycles
  Memory efficiency:         O(1) constant, 384.1 KB per worker

[MULTIPLE DETECTION STATISTICS]
=== Aggregate Detection Analysis ===

  Total detection events:    10861
  Average detection latency: 51.72 ms
  Min detection latency:     50.22 ms
  Max detection latency:     251.52 ms
  Latency range:             201.30 ms

  Detection Latency Histogram:
    < 20 ms:  0 detections (0.0%)
    20-30 ms: 0 detections (0.0%)
    30-40 ms: 0 detections (0.0%)
    40-50 ms: 0 detections (0.0%)
    > 50 ms:  10860 detections (100.0%)

[PERFORMANCE METRICS]
  Throughput:         1.38 Gbps (1.92 Mpps)
  Cycles available:   1558 cycles/pkt (lower = higher load)
  Active IPs:         0
  Worker threads:     14 (lcores 1-14)

[DPDK NIC STATISTICS]
  RX packets (NIC):   1078301677
  RX dropped (HW):    [0m0[0m (imissed)
  RX no mbufs:        [0m0[0m (buffer exhaustion)
  RX errors:          0
  Total drops:        [0m0 (0.00%)[0m
  RX burst calls:     218448829629 (99.5% empty)
  Processed pkts:     1078302023 (100.0% of NIC RX)


╔═══════════════════════════════════════════════════════════════════════╗
║          MIRA DDoS DETECTOR - STATISTICS (MULTI-CORE)                ║
╚═══════════════════════════════════════════════════════════════════════╝

[PACKET COUNTERS - GLOBAL]
  Total packets:      1087906353
  Baseline (10.10.2.x): 0 (0.0%)
  Attack (10.10.3.x): 1087906353 (100.0%)
  TCP packets:        0
  UDP packets:        1087906353
  ICMP packets:       0

[INSTANTANEOUS TRAFFIC - Last 5.0 seconds]
  Baseline (10.10.2.x): 0 pkts (0.0%)  0 bytes  0.00 Gbps
  Attack (10.10.3.x): 9604221 pkts (100.0%)  864379890 bytes  1.38 Gbps
  Total throughput:   1.38 Gbps  (avg pkt: 90 bytes)

[CUMULATIVE TRAFFIC - Since first packet (566.8s)]
  Total received:     1087906353 pkts (1.92 Mpps) | 1.38 Gbps | 97911571770 bytes

[ATTACK-SPECIFIC COUNTERS]
  SYN packets:        0
  SYN-ACK packets:    0
  SYN/ACK ratio:      0.00
  HTTP requests:      0
  DNS queries:        0

[PROTOCOL-SPECIFIC COUNTERS - CIC-DDoS-2019 Features]
  NTP Amplification:
    Monlist queries:  1087906353
    Responses:        0  (avg size: 0 bytes)
  DNS Amplification:
    ANY queries:      0
    TXT queries:      0
    Responses:        0  (avg size: 0 bytes)
  SNMP Amplification:
    GetBulk requests: 0
    Responses:        0  (avg size: 0 bytes)
  SSDP:
    M-SEARCH packets: 0
    Responses:        0
  PortMapper:
    GETPORT calls:    0
    DUMP calls:       0
  NetBIOS:
    Name queries:     0
    Datagram packets: 0
  LDAP:
    Bind requests:    0
    Search requests:  0
  MSSQL:
    SQLBatch packets: 0
    RPC packets:      0
  TFTP:
    RRQ (read) pkts:  0
    WRQ (write) pkts: 0

[ATTACK DETECTIONS - Cumulative Events]
  UDP flood events:   10958
  UDP-lag events:     0
  SYN flood events:   0
  HTTP flood events:  0
  ICMP flood events:  0
  DNS amp events:     0
  NTP amp events:     10958
  SNMP amp events:    0
  SSDP events:        0
  PortMap events:     0
  NetBIOS events:     0
  LDAP events:        0
  MSSQL events:       0
  TFTP events:        0
  ACK flood events:   0
  Frag attack events: 0
  Packet flood events:0
  (Note: Events count IPs exceeding thresholds per 50ms window)

[ALERT STATUS]
  Alert level:        [1;31mHIGH[0m
  Reason:             [1;31mUDP FLOOD detected: 400964226 UDP pps | NTP AMP detected: 1920363 qps | [0m

[MULTI-LF (2025) COMPARISON]
=== Detection Performance vs ML-Based System ===

  First Detection Latency:   147.16 ms (vs MULTI-LF: 866 ms)
    Improvement:             5.9× faster

  Packets until detection:   0
  Bytes until detection:     0 (0.00 MB)

[OCTOSKETCH METRICS - Optimized Architecture]
=== Per-Worker Sketches + Sampling (1/32 packets) ===

  Architecture:              Per-worker (NO atomics, NO contention)
  Total sketch memory:       5377 KB (14 workers × 384.1 KB)
  Sampling rate:             1 in 32 packets (3.1% overhead)
  Attack traffic sampled:    5209568 updates
  Estimated attack packets:  166706176 (×32 sampling factor)
  Sketch overhead:           ~1.56% of fast-path cycles
  Memory efficiency:         O(1) constant, 384.1 KB per worker

[MULTIPLE DETECTION STATISTICS]
=== Aggregate Detection Analysis ===

  Total detection events:    10958
  Average detection latency: 51.72 ms
  Min detection latency:     50.22 ms
  Max detection latency:     251.52 ms
  Latency range:             201.30 ms

  Detection Latency Histogram:
    < 20 ms:  0 detections (0.0%)
    20-30 ms: 0 detections (0.0%)
    30-40 ms: 0 detections (0.0%)
    40-50 ms: 0 detections (0.0%)
    > 50 ms:  10957 detections (100.0%)

[PERFORMANCE METRICS]
  Throughput:         1.38 Gbps (1.92 Mpps)
  Cycles available:   1558 cycles/pkt (lower = higher load)
  Active IPs:         0
  Worker threads:     14 (lcores 1-14)

[DPDK NIC STATISTICS]
  RX packets (NIC):   1087905965
  RX dropped (HW):    [0m0[0m (imissed)
  RX no mbufs:        [0m0[0m (buffer exhaustion)
  RX errors:          0
  Total drops:        [0m0 (0.00%)[0m
  RX burst calls:     220325694781 (99.5% empty)
  Processed pkts:     1087906353 (100.0% of NIC RX)


╔═══════════════════════════════════════════════════════════════════════╗
║          MIRA DDoS DETECTOR - STATISTICS (MULTI-CORE)                ║
╚═══════════════════════════════════════════════════════════════════════╝

[PACKET COUNTERS - GLOBAL]
  Total packets:      1097512805
  Baseline (10.10.2.x): 0 (0.0%)
  Attack (10.10.3.x): 1097512805 (100.0%)
  TCP packets:        0
  UDP packets:        1097512805
  ICMP packets:       0

[INSTANTANEOUS TRAFFIC - Last 5.0 seconds]
  Baseline (10.10.2.x): 0 pkts (0.0%)  0 bytes  0.00 Gbps
  Attack (10.10.3.x): 9606340 pkts (100.0%)  864570600 bytes  1.38 Gbps
  Total throughput:   1.38 Gbps  (avg pkt: 90 bytes)

[CUMULATIVE TRAFFIC - Since first packet (571.8s)]
  Total received:     1097512805 pkts (1.92 Mpps) | 1.38 Gbps | 98776152450 bytes

[ATTACK-SPECIFIC COUNTERS]
  SYN packets:        0
  SYN-ACK packets:    0
  SYN/ACK ratio:      0.00
  HTTP requests:      0
  DNS queries:        0

[PROTOCOL-SPECIFIC COUNTERS - CIC-DDoS-2019 Features]
  NTP Amplification:
    Monlist queries:  1097512805
    Responses:        0  (avg size: 0 bytes)
  DNS Amplification:
    ANY queries:      0
    TXT queries:      0
    Responses:        0  (avg size: 0 bytes)
  SNMP Amplification:
    GetBulk requests: 0
    Responses:        0  (avg size: 0 bytes)
  SSDP:
    M-SEARCH packets: 0
    Responses:        0
  PortMapper:
    GETPORT calls:    0
    DUMP calls:       0
  NetBIOS:
    Name queries:     0
    Datagram packets: 0
  LDAP:
    Bind requests:    0
    Search requests:  0
  MSSQL:
    SQLBatch packets: 0
    RPC packets:      0
  TFTP:
    RRQ (read) pkts:  0
    WRQ (write) pkts: 0

[ATTACK DETECTIONS - Cumulative Events]
  UDP flood events:   11055
  UDP-lag events:     0
  SYN flood events:   0
  HTTP flood events:  0
  ICMP flood events:  0
  DNS amp events:     0
  NTP amp events:     11055
  SNMP amp events:    0
  SSDP events:        0
  PortMap events:     0
  NetBIOS events:     0
  LDAP events:        0
  MSSQL events:       0
  TFTP events:        0
  ACK flood events:   0
  Frag attack events: 0
  Packet flood events:0
  (Note: Events count IPs exceeding thresholds per 50ms window)

[ALERT STATUS]
  Alert level:        [1;31mHIGH[0m
  Reason:             [1;31mUDP FLOOD detected: 404517748 UDP pps | NTP AMP detected: 1919476 qps | [0m

[MULTI-LF (2025) COMPARISON]
=== Detection Performance vs ML-Based System ===

  First Detection Latency:   147.16 ms (vs MULTI-LF: 866 ms)
    Improvement:             5.9× faster

  Packets until detection:   0
  Bytes until detection:     0 (0.00 MB)

[OCTOSKETCH METRICS - Optimized Architecture]
=== Per-Worker Sketches + Sampling (1/32 packets) ===

  Architecture:              Per-worker (NO atomics, NO contention)
  Total sketch memory:       5377 KB (14 workers × 384.1 KB)
  Sampling rate:             1 in 32 packets (3.1% overhead)
  Attack traffic sampled:    5207072 updates
  Estimated attack packets:  166626304 (×32 sampling factor)
  Sketch overhead:           ~1.56% of fast-path cycles
  Memory efficiency:         O(1) constant, 384.1 KB per worker

[MULTIPLE DETECTION STATISTICS]
=== Aggregate Detection Analysis ===

  Total detection events:    11055
  Average detection latency: 51.72 ms
  Min detection latency:     50.22 ms
  Max detection latency:     251.52 ms
  Latency range:             201.30 ms

  Detection Latency Histogram:
    < 20 ms:  0 detections (0.0%)
    20-30 ms: 0 detections (0.0%)
    30-40 ms: 0 detections (0.0%)
    40-50 ms: 0 detections (0.0%)
    > 50 ms:  11054 detections (100.0%)

[PERFORMANCE METRICS]
  Throughput:         1.38 Gbps (1.92 Mpps)
  Cycles available:   1558 cycles/pkt (lower = higher load)
  Active IPs:         0
  Worker threads:     14 (lcores 1-14)

[DPDK NIC STATISTICS]
  RX packets (NIC):   1097512395
  RX dropped (HW):    [0m0[0m (imissed)
  RX no mbufs:        [0m0[0m (buffer exhaustion)
  RX errors:          0
  Total drops:        [0m0 (0.00%)[0m
  RX burst calls:     222202422519 (99.5% empty)
  Processed pkts:     1097512805 (100.0% of NIC RX)


╔═══════════════════════════════════════════════════════════════════════╗
║          MIRA DDoS DETECTOR - STATISTICS (MULTI-CORE)                ║
╚═══════════════════════════════════════════════════════════════════════╝

[PACKET COUNTERS - GLOBAL]
  Total packets:      1107116660
  Baseline (10.10.2.x): 0 (0.0%)
  Attack (10.10.3.x): 1107116660 (100.0%)
  TCP packets:        0
  UDP packets:        1107116660
  ICMP packets:       0

[INSTANTANEOUS TRAFFIC - Last 5.0 seconds]
  Baseline (10.10.2.x): 0 pkts (0.0%)  0 bytes  0.00 Gbps
  Attack (10.10.3.x): 10279261 pkts (100.0%)  925133580 bytes  1.48 Gbps
  Total throughput:   1.48 Gbps  (avg pkt: 90 bytes)

[CUMULATIVE TRAFFIC - Since first packet (576.8s)]
  Total received:     1107116660 pkts (1.92 Mpps) | 1.38 Gbps | 99640499400 bytes

[ATTACK-SPECIFIC COUNTERS]
  SYN packets:        0
  SYN-ACK packets:    0
  SYN/ACK ratio:      0.00
  HTTP requests:      0
  DNS queries:        0

[PROTOCOL-SPECIFIC COUNTERS - CIC-DDoS-2019 Features]
  NTP Amplification:
    Monlist queries:  1107116660
    Responses:        0  (avg size: 0 bytes)
  DNS Amplification:
    ANY queries:      0
    TXT queries:      0
    Responses:        0  (avg size: 0 bytes)
  SNMP Amplification:
    GetBulk requests: 0
    Responses:        0  (avg size: 0 bytes)
  SSDP:
    M-SEARCH packets: 0
    Responses:        0
  PortMapper:
    GETPORT calls:    0
    DUMP calls:       0
  NetBIOS:
    Name queries:     0
    Datagram packets: 0
  LDAP:
    Bind requests:    0
    Search requests:  0
  MSSQL:
    SQLBatch packets: 0
    RPC packets:      0
  TFTP:
    RRQ (read) pkts:  0
    WRQ (write) pkts: 0

[ATTACK DETECTIONS - Cumulative Events]
  UDP flood events:   11154
  UDP-lag events:     0
  SYN flood events:   0
  HTTP flood events:  0
  ICMP flood events:  0
  DNS amp events:     0
  NTP amp events:     11154
  SNMP amp events:    0
  SSDP events:        0
  PortMap events:     0
  NetBIOS events:     0
  LDAP events:        0
  MSSQL events:       0
  TFTP events:        0
  ACK flood events:   0
  Frag attack events: 0
  Packet flood events:0
  (Note: Events count IPs exceeding thresholds per 50ms window)

[ALERT STATUS]
  Alert level:        [1;31mHIGH[0m
  Reason:             [1;31mUDP FLOOD detected: 408072479 UDP pps | NTP AMP detected: 1920002 qps | [0m

[MULTI-LF (2025) COMPARISON]
=== Detection Performance vs ML-Based System ===

  First Detection Latency:   147.16 ms (vs MULTI-LF: 866 ms)
    Improvement:             5.9× faster

  Packets until detection:   0
  Bytes until detection:     0 (0.00 MB)

[OCTOSKETCH METRICS - Optimized Architecture]
=== Per-Worker Sketches + Sampling (1/32 packets) ===

  Architecture:              Per-worker (NO atomics, NO contention)
  Total sketch memory:       5377 KB (14 workers × 384.1 KB)
  Sampling rate:             1 in 32 packets (3.1% overhead)
  Attack traffic sampled:    5208448 updates
  Estimated attack packets:  166670336 (×32 sampling factor)
  Sketch overhead:           ~1.56% of fast-path cycles
  Memory efficiency:         O(1) constant, 384.1 KB per worker

[MULTIPLE DETECTION STATISTICS]
=== Aggregate Detection Analysis ===

  Total detection events:    11154
  Average detection latency: 51.71 ms
  Min detection latency:     50.22 ms
  Max detection latency:     251.52 ms
  Latency range:             201.30 ms

  Detection Latency Histogram:
    < 20 ms:  0 detections (0.0%)
    20-30 ms: 0 detections (0.0%)
    30-40 ms: 0 detections (0.0%)
    40-50 ms: 0 detections (0.0%)
    > 50 ms:  11153 detections (100.0%)

[PERFORMANCE METRICS]
  Throughput:         1.48 Gbps (2.05 Mpps)
  Cycles available:   1456 cycles/pkt (lower = higher load)
  Active IPs:         0
  Worker threads:     14 (lcores 1-14)

[DPDK NIC STATISTICS]
  RX packets (NIC):   1107116308
  RX dropped (HW):    [0m0[0m (imissed)
  RX no mbufs:        [0m0[0m (buffer exhaustion)
  RX errors:          0
  Total drops:        [0m0 (0.00%)[0m
  RX burst calls:     224079316496 (99.5% empty)
  Processed pkts:     1107116660 (100.0% of NIC RX)


╔═══════════════════════════════════════════════════════════════════════╗
║          MIRA DDoS DETECTOR - STATISTICS (MULTI-CORE)                ║
╚═══════════════════════════════════════════════════════════════════════╝

[PACKET COUNTERS - GLOBAL]
  Total packets:      1116721665
  Baseline (10.10.2.x): 0 (0.0%)
  Attack (10.10.3.x): 1116721665 (100.0%)
  TCP packets:        0
  UDP packets:        1116721665
  ICMP packets:       0

[INSTANTANEOUS TRAFFIC - Last 5.0 seconds]
  Baseline (10.10.2.x): 0 pkts (0.0%)  0 bytes  0.00 Gbps
  Attack (10.10.3.x): 9604902 pkts (100.0%)  864441180 bytes  1.38 Gbps
  Total throughput:   1.38 Gbps  (avg pkt: 90 bytes)

[CUMULATIVE TRAFFIC - Since first packet (581.8s)]
  Total received:     1116721665 pkts (1.92 Mpps) | 1.38 Gbps | 100504949850 bytes

[ATTACK-SPECIFIC COUNTERS]
  SYN packets:        0
  SYN-ACK packets:    0
  SYN/ACK ratio:      0.00
  HTTP requests:      0
  DNS queries:        0

[PROTOCOL-SPECIFIC COUNTERS - CIC-DDoS-2019 Features]
  NTP Amplification:
    Monlist queries:  1116721665
    Responses:        0  (avg size: 0 bytes)
  DNS Amplification:
    ANY queries:      0
    TXT queries:      0
    Responses:        0  (avg size: 0 bytes)
  SNMP Amplification:
    GetBulk requests: 0
    Responses:        0  (avg size: 0 bytes)
  SSDP:
    M-SEARCH packets: 0
    Responses:        0
  PortMapper:
    GETPORT calls:    0
    DUMP calls:       0
  NetBIOS:
    Name queries:     0
    Datagram packets: 0
  LDAP:
    Bind requests:    0
    Search requests:  0
  MSSQL:
    SQLBatch packets: 0
    RPC packets:      0
  TFTP:
    RRQ (read) pkts:  0
    WRQ (write) pkts: 0

[ATTACK DETECTIONS - Cumulative Events]
  UDP flood events:   11251
  UDP-lag events:     0
  SYN flood events:   0
  HTTP flood events:  0
  ICMP flood events:  0
  DNS amp events:     0
  NTP amp events:     11251
  SNMP amp events:    0
  SSDP events:        0
  PortMap events:     0
  NetBIOS events:     0
  LDAP events:        0
  MSSQL events:       0
  TFTP events:        0
  ACK flood events:   0
  Frag attack events: 0
  Packet flood events:0
  (Note: Events count IPs exceeding thresholds per 50ms window)

[ALERT STATUS]
  Alert level:        [1;31mHIGH[0m
  Reason:             [1;31mUDP FLOOD detected: 419361855 UDP pps | NTP AMP detected: 1918940 qps | [0m

[MULTI-LF (2025) COMPARISON]
=== Detection Performance vs ML-Based System ===

  First Detection Latency:   147.16 ms (vs MULTI-LF: 866 ms)
    Improvement:             5.9× faster

  Packets until detection:   0
  Bytes until detection:     0 (0.00 MB)

[OCTOSKETCH METRICS - Optimized Architecture]
=== Per-Worker Sketches + Sampling (1/32 packets) ===

  Architecture:              Per-worker (NO atomics, NO contention)
  Total sketch memory:       5377 KB (14 workers × 384.1 KB)
  Sampling rate:             1 in 32 packets (3.1% overhead)
  Attack traffic sampled:    5109216 updates
  Estimated attack packets:  163494912 (×32 sampling factor)
  Sketch overhead:           ~1.56% of fast-path cycles
  Memory efficiency:         O(1) constant, 384.1 KB per worker

[MULTIPLE DETECTION STATISTICS]
=== Aggregate Detection Analysis ===

  Total detection events:    11251
  Average detection latency: 51.71 ms
  Min detection latency:     50.22 ms
  Max detection latency:     251.52 ms
  Latency range:             201.30 ms

  Detection Latency Histogram:
    < 20 ms:  0 detections (0.0%)
    20-30 ms: 0 detections (0.0%)
    30-40 ms: 0 detections (0.0%)
    40-50 ms: 0 detections (0.0%)
    > 50 ms:  11250 detections (100.0%)

[PERFORMANCE METRICS]
  Throughput:         1.38 Gbps (1.92 Mpps)
  Cycles available:   1558 cycles/pkt (lower = higher load)
  Active IPs:         0
  Worker threads:     14 (lcores 1-14)

[DPDK NIC STATISTICS]
  RX packets (NIC):   1116721303
  RX dropped (HW):    [0m0[0m (imissed)
  RX no mbufs:        [0m0[0m (buffer exhaustion)
  RX errors:          0
  Total drops:        [0m0 (0.00%)[0m
  RX burst calls:     225956200982 (99.5% empty)
  Processed pkts:     1116721665 (100.0% of NIC RX)


╔═══════════════════════════════════════════════════════════════════════╗
║          MIRA DDoS DETECTOR - STATISTICS (MULTI-CORE)                ║
╚═══════════════════════════════════════════════════════════════════════╝

[PACKET COUNTERS - GLOBAL]
  Total packets:      1126327273
  Baseline (10.10.2.x): 0 (0.0%)
  Attack (10.10.3.x): 1126327273 (100.0%)
  TCP packets:        0
  UDP packets:        1126327273
  ICMP packets:       0

[INSTANTANEOUS TRAFFIC - Last 5.0 seconds]
  Baseline (10.10.2.x): 0 pkts (0.0%)  0 bytes  0.00 Gbps
  Attack (10.10.3.x): 9605513 pkts (100.0%)  864496170 bytes  1.38 Gbps
  Total throughput:   1.38 Gbps  (avg pkt: 90 bytes)

[CUMULATIVE TRAFFIC - Since first packet (586.8s)]
  Total received:     1126327273 pkts (1.92 Mpps) | 1.38 Gbps | 101369454570 bytes

[ATTACK-SPECIFIC COUNTERS]
  SYN packets:        0
  SYN-ACK packets:    0
  SYN/ACK ratio:      0.00
  HTTP requests:      0
  DNS queries:        0

[PROTOCOL-SPECIFIC COUNTERS - CIC-DDoS-2019 Features]
  NTP Amplification:
    Monlist queries:  1126327273
    Responses:        0  (avg size: 0 bytes)
  DNS Amplification:
    ANY queries:      0
    TXT queries:      0
    Responses:        0  (avg size: 0 bytes)
  SNMP Amplification:
    GetBulk requests: 0
    Responses:        0  (avg size: 0 bytes)
  SSDP:
    M-SEARCH packets: 0
    Responses:        0
  PortMapper:
    GETPORT calls:    0
    DUMP calls:       0
  NetBIOS:
    Name queries:     0
    Datagram packets: 0
  LDAP:
    Bind requests:    0
    Search requests:  0
  MSSQL:
    SQLBatch packets: 0
    RPC packets:      0
  TFTP:
    RRQ (read) pkts:  0
    WRQ (write) pkts: 0

[ATTACK DETECTIONS - Cumulative Events]
  UDP flood events:   11348
  UDP-lag events:     0
  SYN flood events:   0
  HTTP flood events:  0
  ICMP flood events:  0
  DNS amp events:     0
  NTP amp events:     11348
  SNMP amp events:    0
  SSDP events:        0
  PortMap events:     0
  NetBIOS events:     0
  LDAP events:        0
  MSSQL events:       0
  TFTP events:        0
  ACK flood events:   0
  Frag attack events: 0
  Packet flood events:0
  (Note: Events count IPs exceeding thresholds per 50ms window)

[ALERT STATUS]
  Alert level:        [1;31mHIGH[0m
  Reason:             [1;31mUDP FLOOD detected: 422970363 UDP pps | NTP AMP detected: 1920043 qps | [0m

[MULTI-LF (2025) COMPARISON]
=== Detection Performance vs ML-Based System ===

  First Detection Latency:   147.16 ms (vs MULTI-LF: 866 ms)
    Improvement:             5.9× faster

  Packets until detection:   0
  Bytes until detection:     0 (0.00 MB)

[OCTOSKETCH METRICS - Optimized Architecture]
=== Per-Worker Sketches + Sampling (1/32 packets) ===

  Architecture:              Per-worker (NO atomics, NO contention)
  Total sketch memory:       5377 KB (14 workers × 384.1 KB)
  Sampling rate:             1 in 32 packets (3.1% overhead)
  Attack traffic sampled:    5112256 updates
  Estimated attack packets:  163592192 (×32 sampling factor)
  Sketch overhead:           ~1.56% of fast-path cycles
  Memory efficiency:         O(1) constant, 384.1 KB per worker

[MULTIPLE DETECTION STATISTICS]
=== Aggregate Detection Analysis ===

  Total detection events:    11348
  Average detection latency: 51.71 ms
  Min detection latency:     50.22 ms
  Max detection latency:     251.52 ms
  Latency range:             201.30 ms

  Detection Latency Histogram:
    < 20 ms:  0 detections (0.0%)
    20-30 ms: 0 detections (0.0%)
    30-40 ms: 0 detections (0.0%)
    40-50 ms: 0 detections (0.0%)
    > 50 ms:  11347 detections (100.0%)

[PERFORMANCE METRICS]
  Throughput:         1.38 Gbps (1.92 Mpps)
  Cycles available:   1558 cycles/pkt (lower = higher load)
  Active IPs:         0
  Worker threads:     14 (lcores 1-14)

[DPDK NIC STATISTICS]
  RX packets (NIC):   1126326908
  RX dropped (HW):    [0m0[0m (imissed)
  RX no mbufs:        [0m0[0m (buffer exhaustion)
  RX errors:          0
  Total drops:        [0m0 (0.00%)[0m
  RX burst calls:     227832964753 (99.5% empty)
  Processed pkts:     1126327273 (100.0% of NIC RX)


╔═══════════════════════════════════════════════════════════════════════╗
║          MIRA DDoS DETECTOR - STATISTICS (MULTI-CORE)                ║
╚═══════════════════════════════════════════════════════════════════════╝

[PACKET COUNTERS - GLOBAL]
  Total packets:      1135931729
  Baseline (10.10.2.x): 0 (0.0%)
  Attack (10.10.3.x): 1135931729 (100.0%)
  TCP packets:        0
  UDP packets:        1135931729
  ICMP packets:       0

[INSTANTANEOUS TRAFFIC - Last 5.0 seconds]
  Baseline (10.10.2.x): 0 pkts (0.0%)  0 bytes  0.00 Gbps
  Attack (10.10.3.x): 9604334 pkts (100.0%)  864389970 bytes  1.38 Gbps
  Total throughput:   1.38 Gbps  (avg pkt: 90 bytes)

[CUMULATIVE TRAFFIC - Since first packet (591.8s)]
  Total received:     1135931729 pkts (1.92 Mpps) | 1.38 Gbps | 102233855610 bytes

[ATTACK-SPECIFIC COUNTERS]
  SYN packets:        0
  SYN-ACK packets:    0
  SYN/ACK ratio:      0.00
  HTTP requests:      0
  DNS queries:        0

[PROTOCOL-SPECIFIC COUNTERS - CIC-DDoS-2019 Features]
  NTP Amplification:
    Monlist queries:  1135931729
    Responses:        0  (avg size: 0 bytes)
  DNS Amplification:
    ANY queries:      0
    TXT queries:      0
    Responses:        0  (avg size: 0 bytes)
  SNMP Amplification:
    GetBulk requests: 0
    Responses:        0  (avg size: 0 bytes)
  SSDP:
    M-SEARCH packets: 0
    Responses:        0
  PortMapper:
    GETPORT calls:    0
    DUMP calls:       0
  NetBIOS:
    Name queries:     0
    Datagram packets: 0
  LDAP:
    Bind requests:    0
    Search requests:  0
  MSSQL:
    SQLBatch packets: 0
    RPC packets:      0
  TFTP:
    RRQ (read) pkts:  0
    WRQ (write) pkts: 0

[ATTACK DETECTIONS - Cumulative Events]
  UDP flood events:   11445
  UDP-lag events:     0
  SYN flood events:   0
  HTTP flood events:  0
  ICMP flood events:  0
  DNS amp events:     0
  NTP amp events:     11445
  SNMP amp events:    0
  SSDP events:        0
  PortMap events:     0
  NetBIOS events:     0
  LDAP events:        0
  MSSQL events:       0
  TFTP events:        0
  ACK flood events:   0
  Frag attack events: 0
  Packet flood events:0
  (Note: Events count IPs exceeding thresholds per 50ms window)

[ALERT STATUS]
  Alert level:        [1;31mHIGH[0m
  Reason:             [1;31mUDP FLOOD detected: 434771087 UDP pps | NTP AMP detected: 1919118 qps | [0m

[MULTI-LF (2025) COMPARISON]
=== Detection Performance vs ML-Based System ===

  First Detection Latency:   147.16 ms (vs MULTI-LF: 866 ms)
    Improvement:             5.9× faster

  Packets until detection:   0
  Bytes until detection:     0 (0.00 MB)

[OCTOSKETCH METRICS - Optimized Architecture]
=== Per-Worker Sketches + Sampling (1/32 packets) ===

  Architecture:              Per-worker (NO atomics, NO contention)
  Total sketch memory:       5377 KB (14 workers × 384.1 KB)
  Sampling rate:             1 in 32 packets (3.1% overhead)
  Attack traffic sampled:    5013248 updates
  Estimated attack packets:  160423936 (×32 sampling factor)
  Sketch overhead:           ~1.56% of fast-path cycles
  Memory efficiency:         O(1) constant, 384.1 KB per worker

[MULTIPLE DETECTION STATISTICS]
=== Aggregate Detection Analysis ===

  Total detection events:    11445
  Average detection latency: 51.71 ms
  Min detection latency:     50.22 ms
  Max detection latency:     251.52 ms
  Latency range:             201.30 ms

  Detection Latency Histogram:
    < 20 ms:  0 detections (0.0%)
    20-30 ms: 0 detections (0.0%)
    30-40 ms: 0 detections (0.0%)
    40-50 ms: 0 detections (0.0%)
    > 50 ms:  11444 detections (100.0%)

[PERFORMANCE METRICS]
  Throughput:         1.38 Gbps (1.92 Mpps)
  Cycles available:   1558 cycles/pkt (lower = higher load)
  Active IPs:         0
  Worker threads:     14 (lcores 1-14)

[DPDK NIC STATISTICS]
  RX packets (NIC):   1135931359
  RX dropped (HW):    [0m0[0m (imissed)
  RX no mbufs:        [0m0[0m (buffer exhaustion)
  RX errors:          0
  Total drops:        [0m0 (0.00%)[0m
  RX burst calls:     229709531828 (99.5% empty)
  Processed pkts:     1135931729 (100.0% of NIC RX)


╔═══════════════════════════════════════════════════════════════════════╗
║          MIRA DDoS DETECTOR - STATISTICS (MULTI-CORE)                ║
╚═══════════════════════════════════════════════════════════════════════╝

[PACKET COUNTERS - GLOBAL]
  Total packets:      1145537823
  Baseline (10.10.2.x): 0 (0.0%)
  Attack (10.10.3.x): 1145537823 (100.0%)
  TCP packets:        0
  UDP packets:        1145537823
  ICMP packets:       0

[INSTANTANEOUS TRAFFIC - Last 5.0 seconds]
  Baseline (10.10.2.x): 0 pkts (0.0%)  0 bytes  0.00 Gbps
  Attack (10.10.3.x): 9605982 pkts (100.0%)  864538380 bytes  1.38 Gbps
  Total throughput:   1.38 Gbps  (avg pkt: 90 bytes)

[CUMULATIVE TRAFFIC - Since first packet (596.8s)]
  Total received:     1145537823 pkts (1.92 Mpps) | 1.38 Gbps | 103098404070 bytes

[ATTACK-SPECIFIC COUNTERS]
  SYN packets:        0
  SYN-ACK packets:    0
  SYN/ACK ratio:      0.00
  HTTP requests:      0
  DNS queries:        0

[PROTOCOL-SPECIFIC COUNTERS - CIC-DDoS-2019 Features]
  NTP Amplification:
    Monlist queries:  1145537823
    Responses:        0  (avg size: 0 bytes)
  DNS Amplification:
    ANY queries:      0
    TXT queries:      0
    Responses:        0  (avg size: 0 bytes)
  SNMP Amplification:
    GetBulk requests: 0
    Responses:        0  (avg size: 0 bytes)
  SSDP:
    M-SEARCH packets: 0
    Responses:        0
  PortMapper:
    GETPORT calls:    0
    DUMP calls:       0
  NetBIOS:
    Name queries:     0
    Datagram packets: 0
  LDAP:
    Bind requests:    0
    Search requests:  0
  MSSQL:
    SQLBatch packets: 0
    RPC packets:      0
  TFTP:
    RRQ (read) pkts:  0
    WRQ (write) pkts: 0

[ATTACK DETECTIONS - Cumulative Events]
  UDP flood events:   11542
  UDP-lag events:     0
  SYN flood events:   0
  HTTP flood events:  0
  ICMP flood events:  0
  DNS amp events:     0
  NTP amp events:     11542
  SNMP amp events:    0
  SSDP events:        0
  PortMap events:     0
  NetBIOS events:     0
  LDAP events:        0
  MSSQL events:       0
  TFTP events:        0
  ACK flood events:   0
  Frag attack events: 0
  Packet flood events:0
  (Note: Events count IPs exceeding thresholds per 50ms window)

[ALERT STATUS]
  Alert level:        [1;31mHIGH[0m
  Reason:             [1;31mUDP FLOOD detected: 438463274 UDP pps | NTP AMP detected: 1919768 qps | [0m

[MULTI-LF (2025) COMPARISON]
=== Detection Performance vs ML-Based System ===

  First Detection Latency:   147.16 ms (vs MULTI-LF: 866 ms)
    Improvement:             5.9× faster

  Packets until detection:   0
  Bytes until detection:     0 (0.00 MB)

[OCTOSKETCH METRICS - Optimized Architecture]
=== Per-Worker Sketches + Sampling (1/32 packets) ===

  Architecture:              Per-worker (NO atomics, NO contention)
  Total sketch memory:       5377 KB (14 workers × 384.1 KB)
  Sampling rate:             1 in 32 packets (3.1% overhead)
  Attack traffic sampled:    5015008 updates
  Estimated attack packets:  160480256 (×32 sampling factor)
  Sketch overhead:           ~1.56% of fast-path cycles
  Memory efficiency:         O(1) constant, 384.1 KB per worker

[MULTIPLE DETECTION STATISTICS]
=== Aggregate Detection Analysis ===

  Total detection events:    11542
  Average detection latency: 51.71 ms
  Min detection latency:     50.22 ms
  Max detection latency:     251.52 ms
  Latency range:             201.30 ms

  Detection Latency Histogram:
    < 20 ms:  0 detections (0.0%)
    20-30 ms: 0 detections (0.0%)
    30-40 ms: 0 detections (0.0%)
    40-50 ms: 0 detections (0.0%)
    > 50 ms:  11541 detections (100.0%)

[PERFORMANCE METRICS]
  Throughput:         1.38 Gbps (1.92 Mpps)
  Cycles available:   1558 cycles/pkt (lower = higher load)
  Active IPs:         0
  Worker threads:     14 (lcores 1-14)

[DPDK NIC STATISTICS]
  RX packets (NIC):   1145537460
  RX dropped (HW):    [0m0[0m (imissed)
  RX no mbufs:        [0m0[0m (buffer exhaustion)
  RX errors:          0
  Total drops:        [0m0 (0.00%)[0m
  RX burst calls:     231586240286 (99.5% empty)
  Processed pkts:     1145537823 (100.0% of NIC RX)


╔═══════════════════════════════════════════════════════════════════════╗
║          MIRA DDoS DETECTOR - STATISTICS (MULTI-CORE)                ║
╚═══════════════════════════════════════════════════════════════════════╝

[PACKET COUNTERS - GLOBAL]
  Total packets:      1155144166
  Baseline (10.10.2.x): 0 (0.0%)
  Attack (10.10.3.x): 1155144166 (100.0%)
  TCP packets:        0
  UDP packets:        1155144166
  ICMP packets:       0

[INSTANTANEOUS TRAFFIC - Last 5.0 seconds]
  Baseline (10.10.2.x): 0 pkts (0.0%)  0 bytes  0.00 Gbps
  Attack (10.10.3.x): 9606250 pkts (100.0%)  864562500 bytes  1.38 Gbps
  Total throughput:   1.38 Gbps  (avg pkt: 90 bytes)

[CUMULATIVE TRAFFIC - Since first packet (601.8s)]
  Total received:     1155144166 pkts (1.92 Mpps) | 1.38 Gbps | 103962974940 bytes

[ATTACK-SPECIFIC COUNTERS]
  SYN packets:        0
  SYN-ACK packets:    0
  SYN/ACK ratio:      0.00
  HTTP requests:      0
  DNS queries:        0

[PROTOCOL-SPECIFIC COUNTERS - CIC-DDoS-2019 Features]
  NTP Amplification:
    Monlist queries:  1155144166
    Responses:        0  (avg size: 0 bytes)
  DNS Amplification:
    ANY queries:      0
    TXT queries:      0
    Responses:        0  (avg size: 0 bytes)
  SNMP Amplification:
    GetBulk requests: 0
    Responses:        0  (avg size: 0 bytes)
  SSDP:
    M-SEARCH packets: 0
    Responses:        0
  PortMapper:
    GETPORT calls:    0
    DUMP calls:       0
  NetBIOS:
    Name queries:     0
    Datagram packets: 0
  LDAP:
    Bind requests:    0
    Search requests:  0
  MSSQL:
    SQLBatch packets: 0
    RPC packets:      0
  TFTP:
    RRQ (read) pkts:  0
    WRQ (write) pkts: 0

[ATTACK DETECTIONS - Cumulative Events]
  UDP flood events:   11640
  UDP-lag events:     0
  SYN flood events:   0
  HTTP flood events:  0
  ICMP flood events:  0
  DNS amp events:     0
  NTP amp events:     11640
  SNMP amp events:    0
  SSDP events:        0
  PortMap events:     0
  NetBIOS events:     0
  LDAP events:        0
  MSSQL events:       0
  TFTP events:        0
  ACK flood events:   0
  Frag attack events: 0
  Packet flood events:0
  (Note: Events count IPs exceeding thresholds per 50ms window)

[ALERT STATUS]
  Alert level:        [1;31mHIGH[0m
  Reason:             [1;31mUDP FLOOD detected: 442152812 UDP pps | NTP AMP detected: 1919419 qps | [0m

[MULTI-LF (2025) COMPARISON]
=== Detection Performance vs ML-Based System ===

  First Detection Latency:   147.16 ms (vs MULTI-LF: 866 ms)
    Improvement:             5.9× faster

  Packets until detection:   0
  Bytes until detection:     0 (0.00 MB)

[OCTOSKETCH METRICS - Optimized Architecture]
=== Per-Worker Sketches + Sampling (1/32 packets) ===

  Architecture:              Per-worker (NO atomics, NO contention)
  Total sketch memory:       5377 KB (14 workers × 384.1 KB)
  Sampling rate:             1 in 32 packets (3.1% overhead)
  Attack traffic sampled:    5014176 updates
  Estimated attack packets:  160453632 (×32 sampling factor)
  Sketch overhead:           ~1.56% of fast-path cycles
  Memory efficiency:         O(1) constant, 384.1 KB per worker

[MULTIPLE DETECTION STATISTICS]
=== Aggregate Detection Analysis ===

  Total detection events:    11640
  Average detection latency: 51.70 ms
  Min detection latency:     50.22 ms
  Max detection latency:     251.52 ms
  Latency range:             201.30 ms

  Detection Latency Histogram:
    < 20 ms:  0 detections (0.0%)
    20-30 ms: 0 detections (0.0%)
    30-40 ms: 0 detections (0.0%)
    40-50 ms: 0 detections (0.0%)
    > 50 ms:  11639 detections (100.0%)

[PERFORMANCE METRICS]
  Throughput:         1.38 Gbps (1.92 Mpps)
  Cycles available:   1558 cycles/pkt (lower = higher load)
  Active IPs:         0
  Worker threads:     14 (lcores 1-14)

[DPDK NIC STATISTICS]
  RX packets (NIC):   1155143779
  RX dropped (HW):    [0m0[0m (imissed)
  RX no mbufs:        [0m0[0m (buffer exhaustion)
  RX errors:          0
  Total drops:        [0m0 (0.00%)[0m
  RX burst calls:     233462925087 (99.5% empty)
  Processed pkts:     1155144166 (100.0% of NIC RX)


╔═══════════════════════════════════════════════════════════════════════╗
║          MIRA DDoS DETECTOR - STATISTICS (MULTI-CORE)                ║
╚═══════════════════════════════════════════════════════════════════════╝

[PACKET COUNTERS - GLOBAL]
  Total packets:      1164746556
  Baseline (10.10.2.x): 0 (0.0%)
  Attack (10.10.3.x): 1164746556 (100.0%)
  TCP packets:        0
  UDP packets:        1164746556
  ICMP packets:       0

[INSTANTANEOUS TRAFFIC - Last 5.0 seconds]
  Baseline (10.10.2.x): 0 pkts (0.0%)  0 bytes  0.00 Gbps
  Attack (10.10.3.x): 10296621 pkts (100.0%)  864206370 bytes  1.38 Gbps
  Total throughput:   1.38 Gbps  (avg pkt: 84 bytes)

[CUMULATIVE TRAFFIC - Since first packet (606.8s)]
  Total received:     1164746556 pkts (1.92 Mpps) | 1.38 Gbps | 104827190040 bytes

[ATTACK-SPECIFIC COUNTERS]
  SYN packets:        0
  SYN-ACK packets:    0
  SYN/ACK ratio:      0.00
  HTTP requests:      0
  DNS queries:        0

[PROTOCOL-SPECIFIC COUNTERS - CIC-DDoS-2019 Features]
  NTP Amplification:
    Monlist queries:  1164746556
    Responses:        0  (avg size: 0 bytes)
  DNS Amplification:
    ANY queries:      0
    TXT queries:      0
    Responses:        0  (avg size: 0 bytes)
  SNMP Amplification:
    GetBulk requests: 0
    Responses:        0  (avg size: 0 bytes)
  SSDP:
    M-SEARCH packets: 0
    Responses:        0
  PortMapper:
    GETPORT calls:    0
    DUMP calls:       0
  NetBIOS:
    Name queries:     0
    Datagram packets: 0
  LDAP:
    Bind requests:    0
    Search requests:  0
  MSSQL:
    SQLBatch packets: 0
    RPC packets:      0
  TFTP:
    RRQ (read) pkts:  0
    WRQ (write) pkts: 0

[ATTACK DETECTIONS - Cumulative Events]
  UDP flood events:   11738
  UDP-lag events:     0
  SYN flood events:   0
  HTTP flood events:  0
  ICMP flood events:  0
  DNS amp events:     0
  NTP amp events:     11738
  SNMP amp events:    0
  SSDP events:        0
  PortMap events:     0
  NetBIOS events:     0
  LDAP events:        0
  MSSQL events:       0
  TFTP events:        0
  ACK flood events:   0
  Frag attack events: 0
  Packet flood events:0
  (Note: Events count IPs exceeding thresholds per 50ms window)

[ALERT STATUS]
  Alert level:        [1;31mHIGH[0m
  Reason:             [1;31mUDP FLOOD detected: 454553924 UDP pps | NTP AMP detected: 1918623 qps | [0m

[MULTI-LF (2025) COMPARISON]
=== Detection Performance vs ML-Based System ===

  First Detection Latency:   147.16 ms (vs MULTI-LF: 866 ms)
    Improvement:             5.9× faster

  Packets until detection:   0
  Bytes until detection:     0 (0.00 MB)

[OCTOSKETCH METRICS - Optimized Architecture]
=== Per-Worker Sketches + Sampling (1/32 packets) ===

  Architecture:              Per-worker (NO atomics, NO contention)
  Total sketch memory:       5377 KB (14 workers × 384.1 KB)
  Sampling rate:             1 in 32 packets (3.1% overhead)
  Attack traffic sampled:    4915456 updates
  Estimated attack packets:  157294592 (×32 sampling factor)
  Sketch overhead:           ~1.56% of fast-path cycles
  Memory efficiency:         O(1) constant, 384.1 KB per worker

[MULTIPLE DETECTION STATISTICS]
=== Aggregate Detection Analysis ===

  Total detection events:    11738
  Average detection latency: 51.70 ms
  Min detection latency:     50.22 ms
  Max detection latency:     251.52 ms
  Latency range:             201.30 ms

  Detection Latency Histogram:
    < 20 ms:  0 detections (0.0%)
    20-30 ms: 0 detections (0.0%)
    30-40 ms: 0 detections (0.0%)
    40-50 ms: 0 detections (0.0%)
    > 50 ms:  11737 detections (100.0%)

[PERFORMANCE METRICS]
  Throughput:         1.38 Gbps (2.06 Mpps)
  Cycles available:   1453 cycles/pkt (lower = higher load)
  Active IPs:         0
  Worker threads:     14 (lcores 1-14)

[DPDK NIC STATISTICS]
  RX packets (NIC):   1164746155
  RX dropped (HW):    [0m0[0m (imissed)
  RX no mbufs:        [0m0[0m (buffer exhaustion)
  RX errors:          0
  Total drops:        [0m0 (0.00%)[0m
  RX burst calls:     235339642432 (99.5% empty)
  Processed pkts:     1164746556 (100.0% of NIC RX)


╔═══════════════════════════════════════════════════════════════════════╗
║          MIRA DDoS DETECTOR - STATISTICS (MULTI-CORE)                ║
╚═══════════════════════════════════════════════════════════════════════╝

[PACKET COUNTERS - GLOBAL]
  Total packets:      1174354552
  Baseline (10.10.2.x): 0 (0.0%)
  Attack (10.10.3.x): 1174354552 (100.0%)
  TCP packets:        0
  UDP packets:        1174354552
  ICMP packets:       0

[INSTANTANEOUS TRAFFIC - Last 5.0 seconds]
  Baseline (10.10.2.x): 0 pkts (0.0%)  0 bytes  0.00 Gbps
  Attack (10.10.3.x): 9607878 pkts (100.0%)  864709020 bytes  1.38 Gbps
  Total throughput:   1.38 Gbps  (avg pkt: 90 bytes)

[CUMULATIVE TRAFFIC - Since first packet (611.8s)]
  Total received:     1174354552 pkts (1.92 Mpps) | 1.38 Gbps | 105691909680 bytes

[ATTACK-SPECIFIC COUNTERS]
  SYN packets:        0
  SYN-ACK packets:    0
  SYN/ACK ratio:      0.00
  HTTP requests:      0
  DNS queries:        0

[PROTOCOL-SPECIFIC COUNTERS - CIC-DDoS-2019 Features]
  NTP Amplification:
    Monlist queries:  1174354552
    Responses:        0  (avg size: 0 bytes)
  DNS Amplification:
    ANY queries:      0
    TXT queries:      0
    Responses:        0  (avg size: 0 bytes)
  SNMP Amplification:
    GetBulk requests: 0
    Responses:        0  (avg size: 0 bytes)
  SSDP:
    M-SEARCH packets: 0
    Responses:        0
  PortMapper:
    GETPORT calls:    0
    DUMP calls:       0
  NetBIOS:
    Name queries:     0
    Datagram packets: 0
  LDAP:
    Bind requests:    0
    Search requests:  0
  MSSQL:
    SQLBatch packets: 0
    RPC packets:      0
  TFTP:
    RRQ (read) pkts:  0
    WRQ (write) pkts: 0

[ATTACK DETECTIONS - Cumulative Events]
  UDP flood events:   11836
  UDP-lag events:     0
  SYN flood events:   0
  HTTP flood events:  0
  ICMP flood events:  0
  DNS amp events:     0
  NTP amp events:     11836
  SNMP amp events:    0
  SSDP events:        0
  PortMap events:     0
  NetBIOS events:     0
  LDAP events:        0
  MSSQL events:       0
  TFTP events:        0
  ACK flood events:   0
  Frag attack events: 0
  Packet flood events:0
  (Note: Events count IPs exceeding thresholds per 50ms window)

[ALERT STATUS]
  Alert level:        [1;31mHIGH[0m
  Reason:             [1;31mUDP FLOOD detected: 458309376 UDP pps | NTP AMP detected: 1919786 qps | [0m

[MULTI-LF (2025) COMPARISON]
=== Detection Performance vs ML-Based System ===

  First Detection Latency:   147.16 ms (vs MULTI-LF: 866 ms)
    Improvement:             5.9× faster

  Packets until detection:   0
  Bytes until detection:     0 (0.00 MB)

[OCTOSKETCH METRICS - Optimized Architecture]
=== Per-Worker Sketches + Sampling (1/32 packets) ===

  Architecture:              Per-worker (NO atomics, NO contention)
  Total sketch memory:       5377 KB (14 workers × 384.1 KB)
  Sampling rate:             1 in 32 packets (3.1% overhead)
  Attack traffic sampled:    4918592 updates
  Estimated attack packets:  157394944 (×32 sampling factor)
  Sketch overhead:           ~1.56% of fast-path cycles
  Memory efficiency:         O(1) constant, 384.1 KB per worker

[MULTIPLE DETECTION STATISTICS]
=== Aggregate Detection Analysis ===

  Total detection events:    11836
  Average detection latency: 51.69 ms
  Min detection latency:     50.22 ms
  Max detection latency:     251.52 ms
  Latency range:             201.30 ms

  Detection Latency Histogram:
    < 20 ms:  0 detections (0.0%)
    20-30 ms: 0 detections (0.0%)
    30-40 ms: 0 detections (0.0%)
    40-50 ms: 0 detections (0.0%)
    > 50 ms:  11835 detections (100.0%)

[PERFORMANCE METRICS]
  Throughput:         1.38 Gbps (1.92 Mpps)
  Cycles available:   1557 cycles/pkt (lower = higher load)
  Active IPs:         0
  Worker threads:     14 (lcores 1-14)

[DPDK NIC STATISTICS]
  RX packets (NIC):   1174354206
  RX dropped (HW):    [0m0[0m (imissed)
  RX no mbufs:        [0m0[0m (buffer exhaustion)
  RX errors:          0
  Total drops:        [0m0 (0.00%)[0m
  RX burst calls:     237216472555 (99.5% empty)
  Processed pkts:     1174354552 (100.0% of NIC RX)


╔═══════════════════════════════════════════════════════════════════════╗
║          MIRA DDoS DETECTOR - STATISTICS (MULTI-CORE)                ║
╚═══════════════════════════════════════════════════════════════════════╝

[PACKET COUNTERS - GLOBAL]
  Total packets:      1183956804
  Baseline (10.10.2.x): 0 (0.0%)
  Attack (10.10.3.x): 1183956804 (100.0%)
  TCP packets:        0
  UDP packets:        1183956804
  ICMP packets:       0

[INSTANTANEOUS TRAFFIC - Last 5.0 seconds]
  Baseline (10.10.2.x): 0 pkts (0.0%)  0 bytes  0.00 Gbps
  Attack (10.10.3.x): 9602150 pkts (100.0%)  864193500 bytes  1.38 Gbps
  Total throughput:   1.38 Gbps  (avg pkt: 90 bytes)

[CUMULATIVE TRAFFIC - Since first packet (616.8s)]
  Total received:     1183956804 pkts (1.92 Mpps) | 1.38 Gbps | 106556112360 bytes

[ATTACK-SPECIFIC COUNTERS]
  SYN packets:        0
  SYN-ACK packets:    0
  SYN/ACK ratio:      0.00
  HTTP requests:      0
  DNS queries:        0

[PROTOCOL-SPECIFIC COUNTERS - CIC-DDoS-2019 Features]
  NTP Amplification:
    Monlist queries:  1183956804
    Responses:        0  (avg size: 0 bytes)
  DNS Amplification:
    ANY queries:      0
    TXT queries:      0
    Responses:        0  (avg size: 0 bytes)
  SNMP Amplification:
    GetBulk requests: 0
    Responses:        0  (avg size: 0 bytes)
  SSDP:
    M-SEARCH packets: 0
    Responses:        0
  PortMapper:
    GETPORT calls:    0
    DUMP calls:       0
  NetBIOS:
    Name queries:     0
    Datagram packets: 0
  LDAP:
    Bind requests:    0
    Search requests:  0
  MSSQL:
    SQLBatch packets: 0
    RPC packets:      0
  TFTP:
    RRQ (read) pkts:  0
    WRQ (write) pkts: 0

[ATTACK DETECTIONS - Cumulative Events]
  UDP flood events:   11933
  UDP-lag events:     0
  SYN flood events:   0
  HTTP flood events:  0
  ICMP flood events:  0
  DNS amp events:     0
  NTP amp events:     11933
  SNMP amp events:    0
  SSDP events:        0
  PortMap events:     0
  NetBIOS events:     0
  LDAP events:        0
  MSSQL events:       0
  TFTP events:        0
  ACK flood events:   0
  Frag attack events: 0
  Packet flood events:0
  (Note: Events count IPs exceeding thresholds per 50ms window)

[ALERT STATUS]
  Alert level:        [1;31mHIGH[0m
  Reason:             [1;31mUDP FLOOD detected: 471235424 UDP pps | NTP AMP detected: 1918195 qps | [0m

[MULTI-LF (2025) COMPARISON]
=== Detection Performance vs ML-Based System ===

  First Detection Latency:   147.16 ms (vs MULTI-LF: 866 ms)
    Improvement:             5.9× faster

  Packets until detection:   0
  Bytes until detection:     0 (0.00 MB)

[OCTOSKETCH METRICS - Optimized Architecture]
=== Per-Worker Sketches + Sampling (1/32 packets) ===

  Architecture:              Per-worker (NO atomics, NO contention)
  Total sketch memory:       5377 KB (14 workers × 384.1 KB)
  Sampling rate:             1 in 32 packets (3.1% overhead)
  Attack traffic sampled:    4818624 updates
  Estimated attack packets:  154195968 (×32 sampling factor)
  Sketch overhead:           ~1.56% of fast-path cycles
  Memory efficiency:         O(1) constant, 384.1 KB per worker

[MULTIPLE DETECTION STATISTICS]
=== Aggregate Detection Analysis ===

  Total detection events:    11933
  Average detection latency: 51.69 ms
  Min detection latency:     50.22 ms
  Max detection latency:     251.52 ms
  Latency range:             201.30 ms

  Detection Latency Histogram:
    < 20 ms:  0 detections (0.0%)
    20-30 ms: 0 detections (0.0%)
    30-40 ms: 0 detections (0.0%)
    40-50 ms: 0 detections (0.0%)
    > 50 ms:  11932 detections (100.0%)

[PERFORMANCE METRICS]
  Throughput:         1.38 Gbps (1.92 Mpps)
  Cycles available:   1558 cycles/pkt (lower = higher load)
  Active IPs:         0
  Worker threads:     14 (lcores 1-14)

[DPDK NIC STATISTICS]
  RX packets (NIC):   1183956403
  RX dropped (HW):    [0m0[0m (imissed)
  RX no mbufs:        [0m0[0m (buffer exhaustion)
  RX errors:          0
  Total drops:        [0m0 (0.00%)[0m
  RX burst calls:     239092904044 (99.5% empty)
  Processed pkts:     1183956804 (100.0% of NIC RX)


╔═══════════════════════════════════════════════════════════════════════╗
║          MIRA DDoS DETECTOR - STATISTICS (MULTI-CORE)                ║
╚═══════════════════════════════════════════════════════════════════════╝

[PACKET COUNTERS - GLOBAL]
  Total packets:      1193564382
  Baseline (10.10.2.x): 0 (0.0%)
  Attack (10.10.3.x): 1193564382 (100.0%)
  TCP packets:        0
  UDP packets:        1193564382
  ICMP packets:       0

[INSTANTANEOUS TRAFFIC - Last 5.0 seconds]
  Baseline (10.10.2.x): 0 pkts (0.0%)  0 bytes  0.00 Gbps
  Attack (10.10.3.x): 9607470 pkts (100.0%)  864672300 bytes  1.38 Gbps
  Total throughput:   1.38 Gbps  (avg pkt: 90 bytes)

[CUMULATIVE TRAFFIC - Since first packet (621.8s)]
  Total received:     1193564382 pkts (1.92 Mpps) | 1.38 Gbps | 107420794380 bytes

[ATTACK-SPECIFIC COUNTERS]
  SYN packets:        0
  SYN-ACK packets:    0
  SYN/ACK ratio:      0.00
  HTTP requests:      0
  DNS queries:        0

[PROTOCOL-SPECIFIC COUNTERS - CIC-DDoS-2019 Features]
  NTP Amplification:
    Monlist queries:  1193564382
    Responses:        0  (avg size: 0 bytes)
  DNS Amplification:
    ANY queries:      0
    TXT queries:      0
    Responses:        0  (avg size: 0 bytes)
  SNMP Amplification:
    GetBulk requests: 0
    Responses:        0  (avg size: 0 bytes)
  SSDP:
    M-SEARCH packets: 0
    Responses:        0
  PortMapper:
    GETPORT calls:    0
    DUMP calls:       0
  NetBIOS:
    Name queries:     0
    Datagram packets: 0
  LDAP:
    Bind requests:    0
    Search requests:  0
  MSSQL:
    SQLBatch packets: 0
    RPC packets:      0
  TFTP:
    RRQ (read) pkts:  0
    WRQ (write) pkts: 0

[ATTACK DETECTIONS - Cumulative Events]
  UDP flood events:   12030
  UDP-lag events:     0
  SYN flood events:   0
  HTTP flood events:  0
  ICMP flood events:  0
  DNS amp events:     0
  NTP amp events:     12030
  SNMP amp events:    0
  SSDP events:        0
  PortMap events:     0
  NetBIOS events:     0
  LDAP events:        0
  MSSQL events:       0
  TFTP events:        0
  ACK flood events:   0
  Frag attack events: 0
  Packet flood events:0
  (Note: Events count IPs exceeding thresholds per 50ms window)

[ALERT STATUS]
  Alert level:        [1;31mHIGH[0m
  Reason:             [1;31mUDP FLOOD detected: 475116395 UDP pps | NTP AMP detected: 1919680 qps | [0m

[MULTI-LF (2025) COMPARISON]
=== Detection Performance vs ML-Based System ===

  First Detection Latency:   147.16 ms (vs MULTI-LF: 866 ms)
    Improvement:             5.9× faster

  Packets until detection:   0
  Bytes until detection:     0 (0.00 MB)

[OCTOSKETCH METRICS - Optimized Architecture]
=== Per-Worker Sketches + Sampling (1/32 packets) ===

  Architecture:              Per-worker (NO atomics, NO contention)
  Total sketch memory:       5377 KB (14 workers × 384.1 KB)
  Sampling rate:             1 in 32 packets (3.1% overhead)
  Attack traffic sampled:    4821952 updates
  Estimated attack packets:  154302464 (×32 sampling factor)
  Sketch overhead:           ~1.56% of fast-path cycles
  Memory efficiency:         O(1) constant, 384.1 KB per worker

[MULTIPLE DETECTION STATISTICS]
=== Aggregate Detection Analysis ===

  Total detection events:    12030
  Average detection latency: 51.69 ms
  Min detection latency:     50.22 ms
  Max detection latency:     251.52 ms
  Latency range:             201.30 ms

  Detection Latency Histogram:
    < 20 ms:  0 detections (0.0%)
    20-30 ms: 0 detections (0.0%)
    30-40 ms: 0 detections (0.0%)
    40-50 ms: 0 detections (0.0%)
    > 50 ms:  12029 detections (100.0%)

[PERFORMANCE METRICS]
  Throughput:         1.38 Gbps (1.92 Mpps)
  Cycles available:   1557 cycles/pkt (lower = higher load)
  Active IPs:         0
  Worker threads:     14 (lcores 1-14)

[DPDK NIC STATISTICS]
  RX packets (NIC):   1193564002
  RX dropped (HW):    [0m0[0m (imissed)
  RX no mbufs:        [0m0[0m (buffer exhaustion)
  RX errors:          0
  Total drops:        [0m0 (0.00%)[0m
  RX burst calls:     240969746306 (99.5% empty)
  Processed pkts:     1193564382 (100.0% of NIC RX)


╔═══════════════════════════════════════════════════════════════════════╗
║          MIRA DDoS DETECTOR - STATISTICS (MULTI-CORE)                ║
╚═══════════════════════════════════════════════════════════════════════╝

[PACKET COUNTERS - GLOBAL]
  Total packets:      1203167724
  Baseline (10.10.2.x): 0 (0.0%)
  Attack (10.10.3.x): 1203167724 (100.0%)
  TCP packets:        0
  UDP packets:        1203167724
  ICMP packets:       0

[INSTANTANEOUS TRAFFIC - Last 5.0 seconds]
  Baseline (10.10.2.x): 0 pkts (0.0%)  0 bytes  0.00 Gbps
  Attack (10.10.3.x): 9603233 pkts (100.0%)  864291060 bytes  1.38 Gbps
  Total throughput:   1.38 Gbps  (avg pkt: 90 bytes)

[CUMULATIVE TRAFFIC - Since first packet (626.8s)]
  Total received:     1203167724 pkts (1.92 Mpps) | 1.38 Gbps | 108285095160 bytes

[ATTACK-SPECIFIC COUNTERS]
  SYN packets:        0
  SYN-ACK packets:    0
  SYN/ACK ratio:      0.00
  HTTP requests:      0
  DNS queries:        0

[PROTOCOL-SPECIFIC COUNTERS - CIC-DDoS-2019 Features]
  NTP Amplification:
    Monlist queries:  1203167724
    Responses:        0  (avg size: 0 bytes)
  DNS Amplification:
    ANY queries:      0
    TXT queries:      0
    Responses:        0  (avg size: 0 bytes)
  SNMP Amplification:
    GetBulk requests: 0
    Responses:        0  (avg size: 0 bytes)
  SSDP:
    M-SEARCH packets: 0
    Responses:        0
  PortMapper:
    GETPORT calls:    0
    DUMP calls:       0
  NetBIOS:
    Name queries:     0
    Datagram packets: 0
  LDAP:
    Bind requests:    0
    Search requests:  0
  MSSQL:
    SQLBatch packets: 0
    RPC packets:      0
  TFTP:
    RRQ (read) pkts:  0
    WRQ (write) pkts: 0

[ATTACK DETECTIONS - Cumulative Events]
  UDP flood events:   12128
  UDP-lag events:     0
  SYN flood events:   0
  HTTP flood events:  0
  ICMP flood events:  0
  DNS amp events:     0
  NTP amp events:     12128
  SNMP amp events:    0
  SSDP events:        0
  PortMap events:     0
  NetBIOS events:     0
  LDAP events:        0
  MSSQL events:       0
  TFTP events:        0
  ACK flood events:   0
  Frag attack events: 0
  Packet flood events:0
  (Note: Events count IPs exceeding thresholds per 50ms window)

[ALERT STATUS]
  Alert level:        [1;31mHIGH[0m
  Reason:             [1;31mUDP FLOOD detected: 478957047 UDP pps | NTP AMP detected: 1918300 qps | [0m

[MULTI-LF (2025) COMPARISON]
=== Detection Performance vs ML-Based System ===

  First Detection Latency:   147.16 ms (vs MULTI-LF: 866 ms)
    Improvement:             5.9× faster

  Packets until detection:   0
  Bytes until detection:     0 (0.00 MB)

[OCTOSKETCH METRICS - Optimized Architecture]
=== Per-Worker Sketches + Sampling (1/32 packets) ===

  Architecture:              Per-worker (NO atomics, NO contention)
  Total sketch memory:       5377 KB (14 workers × 384.1 KB)
  Sampling rate:             1 in 32 packets (3.1% overhead)
  Attack traffic sampled:    4818400 updates
  Estimated attack packets:  154188800 (×32 sampling factor)
  Sketch overhead:           ~1.56% of fast-path cycles
  Memory efficiency:         O(1) constant, 384.1 KB per worker

[MULTIPLE DETECTION STATISTICS]
=== Aggregate Detection Analysis ===

  Total detection events:    12128
  Average detection latency: 51.69 ms
  Min detection latency:     50.22 ms
  Max detection latency:     251.52 ms
  Latency range:             201.30 ms

  Detection Latency Histogram:
    < 20 ms:  0 detections (0.0%)
    20-30 ms: 0 detections (0.0%)
    30-40 ms: 0 detections (0.0%)
    40-50 ms: 0 detections (0.0%)
    > 50 ms:  12127 detections (100.0%)

[PERFORMANCE METRICS]
  Throughput:         1.38 Gbps (1.92 Mpps)
  Cycles available:   1558 cycles/pkt (lower = higher load)
  Active IPs:         0
  Worker threads:     14 (lcores 1-14)

[DPDK NIC STATISTICS]
  RX packets (NIC):   1203167369
  RX dropped (HW):    [0m0[0m (imissed)
  RX no mbufs:        [0m0[0m (buffer exhaustion)
  RX errors:          0
  Total drops:        [0m0 (0.00%)[0m
  RX burst calls:     242846463566 (99.5% empty)
  Processed pkts:     1203167724 (100.0% of NIC RX)


╔═══════════════════════════════════════════════════════════════════════╗
║          MIRA DDoS DETECTOR - STATISTICS (MULTI-CORE)                ║
╚═══════════════════════════════════════════════════════════════════════╝

[PACKET COUNTERS - GLOBAL]
  Total packets:      1212774874
  Baseline (10.10.2.x): 0 (0.0%)
  Attack (10.10.3.x): 1212774874 (100.0%)
  TCP packets:        0
  UDP packets:        1212774874
  ICMP packets:       0

[INSTANTANEOUS TRAFFIC - Last 5.0 seconds]
  Baseline (10.10.2.x): 0 pkts (0.0%)  0 bytes  0.00 Gbps
  Attack (10.10.3.x): 9607053 pkts (100.0%)  864634770 bytes  1.38 Gbps
  Total throughput:   1.38 Gbps  (avg pkt: 90 bytes)

[CUMULATIVE TRAFFIC - Since first packet (631.9s)]
  Total received:     1212774874 pkts (1.92 Mpps) | 1.38 Gbps | 109149738660 bytes

[ATTACK-SPECIFIC COUNTERS]
  SYN packets:        0
  SYN-ACK packets:    0
  SYN/ACK ratio:      0.00
  HTTP requests:      0
  DNS queries:        0

[PROTOCOL-SPECIFIC COUNTERS - CIC-DDoS-2019 Features]
  NTP Amplification:
    Monlist queries:  1212774874
    Responses:        0  (avg size: 0 bytes)
  DNS Amplification:
    ANY queries:      0
    TXT queries:      0
    Responses:        0  (avg size: 0 bytes)
  SNMP Amplification:
    GetBulk requests: 0
    Responses:        0  (avg size: 0 bytes)
  SSDP:
    M-SEARCH packets: 0
    Responses:        0
  PortMapper:
    GETPORT calls:    0
    DUMP calls:       0
  NetBIOS:
    Name queries:     0
    Datagram packets: 0
  LDAP:
    Bind requests:    0
    Search requests:  0
  MSSQL:
    SQLBatch packets: 0
    RPC packets:      0
  TFTP:
    RRQ (read) pkts:  0
    WRQ (write) pkts: 0

[ATTACK DETECTIONS - Cumulative Events]
  UDP flood events:   12225
  UDP-lag events:     0
  SYN flood events:   0
  HTTP flood events:  0
  ICMP flood events:  0
  DNS amp events:     0
  NTP amp events:     12225
  SNMP amp events:    0
  SSDP events:        0
  PortMap events:     0
  NetBIOS events:     0
  LDAP events:        0
  MSSQL events:       0
  TFTP events:        0
  ACK flood events:   0
  Frag attack events: 0
  Packet flood events:0
  (Note: Events count IPs exceeding thresholds per 50ms window)

[ALERT STATUS]
  Alert level:        [1;31mHIGH[0m
  Reason:             [1;31mUDP FLOOD detected: 492602040 UDP pps | NTP AMP detected: 1919396 qps | [0m

[MULTI-LF (2025) COMPARISON]
=== Detection Performance vs ML-Based System ===

  First Detection Latency:   147.16 ms (vs MULTI-LF: 866 ms)
    Improvement:             5.9× faster

  Packets until detection:   0
  Bytes until detection:     0 (0.00 MB)

[OCTOSKETCH METRICS - Optimized Architecture]
=== Per-Worker Sketches + Sampling (1/32 packets) ===

  Architecture:              Per-worker (NO atomics, NO contention)
  Total sketch memory:       5377 KB (14 workers × 384.1 KB)
  Sampling rate:             1 in 32 packets (3.1% overhead)
  Attack traffic sampled:    4724704 updates
  Estimated attack packets:  151190528 (×32 sampling factor)
  Sketch overhead:           ~1.56% of fast-path cycles
  Memory efficiency:         O(1) constant, 384.1 KB per worker

[MULTIPLE DETECTION STATISTICS]
=== Aggregate Detection Analysis ===

  Total detection events:    12225
  Average detection latency: 51.68 ms
  Min detection latency:     50.22 ms
  Max detection latency:     251.52 ms
  Latency range:             201.30 ms

  Detection Latency Histogram:
    < 20 ms:  0 detections (0.0%)
    20-30 ms: 0 detections (0.0%)
    30-40 ms: 0 detections (0.0%)
    40-50 ms: 0 detections (0.0%)
    > 50 ms:  12224 detections (100.0%)

[PERFORMANCE METRICS]
  Throughput:         1.38 Gbps (1.92 Mpps)
  Cycles available:   1558 cycles/pkt (lower = higher load)
  Active IPs:         0
  Worker threads:     14 (lcores 1-14)

[DPDK NIC STATISTICS]
  RX packets (NIC):   1212774536
  RX dropped (HW):    [0m0[0m (imissed)
  RX no mbufs:        [0m0[0m (buffer exhaustion)
  RX errors:          0
  Total drops:        [0m0 (0.00%)[0m
  RX burst calls:     244723292564 (99.5% empty)
  Processed pkts:     1212774874 (100.0% of NIC RX)


╔═══════════════════════════════════════════════════════════════════════╗
║          MIRA DDoS DETECTOR - STATISTICS (MULTI-CORE)                ║
╚═══════════════════════════════════════════════════════════════════════╝

[PACKET COUNTERS - GLOBAL]
  Total packets:      1222377595
  Baseline (10.10.2.x): 0 (0.0%)
  Attack (10.10.3.x): 1222377595 (100.0%)
  TCP packets:        0
  UDP packets:        1222377595
  ICMP packets:       0

[INSTANTANEOUS TRAFFIC - Last 5.0 seconds]
  Baseline (10.10.2.x): 0 pkts (0.0%)  0 bytes  0.00 Gbps
  Attack (10.10.3.x): 9602628 pkts (100.0%)  864236520 bytes  1.38 Gbps
  Total throughput:   1.38 Gbps  (avg pkt: 90 bytes)

[CUMULATIVE TRAFFIC - Since first packet (636.9s)]
  Total received:     1222377595 pkts (1.92 Mpps) | 1.38 Gbps | 110013983550 bytes

[ATTACK-SPECIFIC COUNTERS]
  SYN packets:        0
  SYN-ACK packets:    0
  SYN/ACK ratio:      0.00
  HTTP requests:      0
  DNS queries:        0

[PROTOCOL-SPECIFIC COUNTERS - CIC-DDoS-2019 Features]
  NTP Amplification:
    Monlist queries:  1222377595
    Responses:        0  (avg size: 0 bytes)
  DNS Amplification:
    ANY queries:      0
    TXT queries:      0
    Responses:        0  (avg size: 0 bytes)
  SNMP Amplification:
    GetBulk requests: 0
    Responses:        0  (avg size: 0 bytes)
  SSDP:
    M-SEARCH packets: 0
    Responses:        0
  PortMapper:
    GETPORT calls:    0
    DUMP calls:       0
  NetBIOS:
    Name queries:     0
    Datagram packets: 0
  LDAP:
    Bind requests:    0
    Search requests:  0
  MSSQL:
    SQLBatch packets: 0
    RPC packets:      0
  TFTP:
    RRQ (read) pkts:  0
    WRQ (write) pkts: 0

[ATTACK DETECTIONS - Cumulative Events]
  UDP flood events:   12323
  UDP-lag events:     0
  SYN flood events:   0
  HTTP flood events:  0
  ICMP flood events:  0
  DNS amp events:     0
  NTP amp events:     12323
  SNMP amp events:    0
  SSDP events:        0
  PortMap events:     0
  NetBIOS events:     0
  LDAP events:        0
  MSSQL events:       0
  TFTP events:        0
  ACK flood events:   0
  Frag attack events: 0
  Packet flood events:0
  (Note: Events count IPs exceeding thresholds per 50ms window)

[ALERT STATUS]
  Alert level:        [1;31mHIGH[0m
  Reason:             [1;31mUDP FLOOD detected: 496526544 UDP pps | NTP AMP detected: 1918196 qps | [0m

[MULTI-LF (2025) COMPARISON]
=== Detection Performance vs ML-Based System ===

  First Detection Latency:   147.16 ms (vs MULTI-LF: 866 ms)
    Improvement:             5.9× faster

  Packets until detection:   0
  Bytes until detection:     0 (0.00 MB)

[OCTOSKETCH METRICS - Optimized Architecture]
=== Per-Worker Sketches + Sampling (1/32 packets) ===

  Architecture:              Per-worker (NO atomics, NO contention)
  Total sketch memory:       5377 KB (14 workers × 384.1 KB)
  Sampling rate:             1 in 32 packets (3.1% overhead)
  Attack traffic sampled:    4721728 updates
  Estimated attack packets:  151095296 (×32 sampling factor)
  Sketch overhead:           ~1.56% of fast-path cycles
  Memory efficiency:         O(1) constant, 384.1 KB per worker

[MULTIPLE DETECTION STATISTICS]
=== Aggregate Detection Analysis ===

  Total detection events:    12323
  Average detection latency: 51.68 ms
  Min detection latency:     50.22 ms
  Max detection latency:     251.52 ms
  Latency range:             201.30 ms

  Detection Latency Histogram:
    < 20 ms:  0 detections (0.0%)
    20-30 ms: 0 detections (0.0%)
    30-40 ms: 0 detections (0.0%)
    40-50 ms: 0 detections (0.0%)
    > 50 ms:  12322 detections (100.0%)

[PERFORMANCE METRICS]
  Throughput:         1.38 Gbps (1.92 Mpps)
  Cycles available:   1558 cycles/pkt (lower = higher load)
  Active IPs:         0
  Worker threads:     14 (lcores 1-14)

[DPDK NIC STATISTICS]
  RX packets (NIC):   1222377230
  RX dropped (HW):    [0m0[0m (imissed)
  RX no mbufs:        [0m0[0m (buffer exhaustion)
  RX errors:          0
  Total drops:        [0m0 (0.00%)[0m
  RX burst calls:     246600162785 (99.5% empty)
  Processed pkts:     1222377595 (100.0% of NIC RX)


╔═══════════════════════════════════════════════════════════════════════╗
║          MIRA DDoS DETECTOR - STATISTICS (MULTI-CORE)                ║
╚═══════════════════════════════════════════════════════════════════════╝

[PACKET COUNTERS - GLOBAL]
  Total packets:      1231985216
  Baseline (10.10.2.x): 0 (0.0%)
  Attack (10.10.3.x): 1231985216 (100.0%)
  TCP packets:        0
  UDP packets:        1231985216
  ICMP packets:       0

[INSTANTANEOUS TRAFFIC - Last 5.0 seconds]
  Baseline (10.10.2.x): 0 pkts (0.0%)  0 bytes  0.00 Gbps
  Attack (10.10.3.x): 9607516 pkts (100.0%)  864676440 bytes  1.38 Gbps
  Total throughput:   1.38 Gbps  (avg pkt: 90 bytes)

[CUMULATIVE TRAFFIC - Since first packet (641.9s)]
  Total received:     1231985216 pkts (1.92 Mpps) | 1.38 Gbps | 110878669440 bytes

[ATTACK-SPECIFIC COUNTERS]
  SYN packets:        0
  SYN-ACK packets:    0
  SYN/ACK ratio:      0.00
  HTTP requests:      0
  DNS queries:        0

[PROTOCOL-SPECIFIC COUNTERS - CIC-DDoS-2019 Features]
  NTP Amplification:
    Monlist queries:  1231985216
    Responses:        0  (avg size: 0 bytes)
  DNS Amplification:
    ANY queries:      0
    TXT queries:      0
    Responses:        0  (avg size: 0 bytes)
  SNMP Amplification:
    GetBulk requests: 0
    Responses:        0  (avg size: 0 bytes)
  SSDP:
    M-SEARCH packets: 0
    Responses:        0
  PortMapper:
    GETPORT calls:    0
    DUMP calls:       0
  NetBIOS:
    Name queries:     0
    Datagram packets: 0
  LDAP:
    Bind requests:    0
    Search requests:  0
  MSSQL:
    SQLBatch packets: 0
    RPC packets:      0
  TFTP:
    RRQ (read) pkts:  0
    WRQ (write) pkts: 0

[ATTACK DETECTIONS - Cumulative Events]
  UDP flood events:   12420
  UDP-lag events:     0
  SYN flood events:   0
  HTTP flood events:  0
  ICMP flood events:  0
  DNS amp events:     0
  NTP amp events:     12420
  SNMP amp events:    0
  SSDP events:        0
  PortMap events:     0
  NetBIOS events:     0
  LDAP events:        0
  MSSQL events:       0
  TFTP events:        0
  ACK flood events:   0
  Frag attack events: 0
  Packet flood events:0
  (Note: Events count IPs exceeding thresholds per 50ms window)

[ALERT STATUS]
  Alert level:        [1;31mHIGH[0m
  Reason:             [1;31mUDP FLOOD detected: 510814940 UDP pps | NTP AMP detected: 1919648 qps | [0m

[MULTI-LF (2025) COMPARISON]
=== Detection Performance vs ML-Based System ===

  First Detection Latency:   147.16 ms (vs MULTI-LF: 866 ms)
    Improvement:             5.9× faster

  Packets until detection:   0
  Bytes until detection:     0 (0.00 MB)

[OCTOSKETCH METRICS - Optimized Architecture]
=== Per-Worker Sketches + Sampling (1/32 packets) ===

  Architecture:              Per-worker (NO atomics, NO contention)
  Total sketch memory:       5377 KB (14 workers × 384.1 KB)
  Sampling rate:             1 in 32 packets (3.1% overhead)
  Attack traffic sampled:    4629024 updates
  Estimated attack packets:  148128768 (×32 sampling factor)
  Sketch overhead:           ~1.56% of fast-path cycles
  Memory efficiency:         O(1) constant, 384.1 KB per worker

[MULTIPLE DETECTION STATISTICS]
=== Aggregate Detection Analysis ===

  Total detection events:    12420
  Average detection latency: 51.68 ms
  Min detection latency:     50.22 ms
  Max detection latency:     251.52 ms
  Latency range:             201.30 ms

  Detection Latency Histogram:
    < 20 ms:  0 detections (0.0%)
    20-30 ms: 0 detections (0.0%)
    30-40 ms: 0 detections (0.0%)
    40-50 ms: 0 detections (0.0%)
    > 50 ms:  12419 detections (100.0%)

[PERFORMANCE METRICS]
  Throughput:         1.38 Gbps (1.92 Mpps)
  Cycles available:   1557 cycles/pkt (lower = higher load)
  Active IPs:         0
  Worker threads:     14 (lcores 1-14)

[DPDK NIC STATISTICS]
  RX packets (NIC):   1231984885
  RX dropped (HW):    [0m0[0m (imissed)
  RX no mbufs:        [0m0[0m (buffer exhaustion)
  RX errors:          0
  Total drops:        [0m0 (0.00%)[0m
  RX burst calls:     248476881682 (99.5% empty)
  Processed pkts:     1231985216 (100.0% of NIC RX)


╔═══════════════════════════════════════════════════════════════════════╗
║          MIRA DDoS DETECTOR - STATISTICS (MULTI-CORE)                ║
╚═══════════════════════════════════════════════════════════════════════╝

[PACKET COUNTERS - GLOBAL]
  Total packets:      1241587405
  Baseline (10.10.2.x): 0 (0.0%)
  Attack (10.10.3.x): 1241587405 (100.0%)
  TCP packets:        0
  UDP packets:        1241587405
  ICMP packets:       0

[INSTANTANEOUS TRAFFIC - Last 5.0 seconds]
  Baseline (10.10.2.x): 0 pkts (0.0%)  0 bytes  0.00 Gbps
  Attack (10.10.3.x): 9602076 pkts (100.0%)  926620290 bytes  1.48 Gbps
  Total throughput:   1.48 Gbps  (avg pkt: 97 bytes)

[CUMULATIVE TRAFFIC - Since first packet (646.9s)]
  Total received:     1241587405 pkts (1.92 Mpps) | 1.38 Gbps | 111742866450 bytes

[ATTACK-SPECIFIC COUNTERS]
  SYN packets:        0
  SYN-ACK packets:    0
  SYN/ACK ratio:      0.00
  HTTP requests:      0
  DNS queries:        0

[PROTOCOL-SPECIFIC COUNTERS - CIC-DDoS-2019 Features]
  NTP Amplification:
    Monlist queries:  1241587405
    Responses:        0  (avg size: 0 bytes)
  DNS Amplification:
    ANY queries:      0
    TXT queries:      0
    Responses:        0  (avg size: 0 bytes)
  SNMP Amplification:
    GetBulk requests: 0
    Responses:        0  (avg size: 0 bytes)
  SSDP:
    M-SEARCH packets: 0
    Responses:        0
  PortMapper:
    GETPORT calls:    0
    DUMP calls:       0
  NetBIOS:
    Name queries:     0
    Datagram packets: 0
  LDAP:
    Bind requests:    0
    Search requests:  0
  MSSQL:
    SQLBatch packets: 0
    RPC packets:      0
  TFTP:
    RRQ (read) pkts:  0
    WRQ (write) pkts: 0

[ATTACK DETECTIONS - Cumulative Events]
  UDP flood events:   12517
  UDP-lag events:     0
  SYN flood events:   0
  HTTP flood events:  0
  ICMP flood events:  0
  DNS amp events:     0
  NTP amp events:     12517
  SNMP amp events:    0
  SSDP events:        0
  PortMap events:     0
  NetBIOS events:     0
  LDAP events:        0
  MSSQL events:       0
  TFTP events:        0
  ACK flood events:   0
  Frag attack events: 0
  Packet flood events:0
  (Note: Events count IPs exceeding thresholds per 50ms window)

[ALERT STATUS]
  Alert level:        [1;31mHIGH[0m
  Reason:             [1;31mUDP FLOOD detected: 514823984 UDP pps | NTP AMP detected: 1918377 qps | [0m

[MULTI-LF (2025) COMPARISON]
=== Detection Performance vs ML-Based System ===

  First Detection Latency:   147.16 ms (vs MULTI-LF: 866 ms)
    Improvement:             5.9× faster

  Packets until detection:   0
  Bytes until detection:     0 (0.00 MB)

[OCTOSKETCH METRICS - Optimized Architecture]
=== Per-Worker Sketches + Sampling (1/32 packets) ===

  Architecture:              Per-worker (NO atomics, NO contention)
  Total sketch memory:       5377 KB (14 workers × 384.1 KB)
  Sampling rate:             1 in 32 packets (3.1% overhead)
  Attack traffic sampled:    4625888 updates
  Estimated attack packets:  148028416 (×32 sampling factor)
  Sketch overhead:           ~1.56% of fast-path cycles
  Memory efficiency:         O(1) constant, 384.1 KB per worker

[MULTIPLE DETECTION STATISTICS]
=== Aggregate Detection Analysis ===

  Total detection events:    12517
  Average detection latency: 51.68 ms
  Min detection latency:     50.22 ms
  Max detection latency:     251.52 ms
  Latency range:             201.30 ms

  Detection Latency Histogram:
    < 20 ms:  0 detections (0.0%)
    20-30 ms: 0 detections (0.0%)
    30-40 ms: 0 detections (0.0%)
    40-50 ms: 0 detections (0.0%)
    > 50 ms:  12516 detections (100.0%)

[PERFORMANCE METRICS]
  Throughput:         1.48 Gbps (1.92 Mpps)
  Cycles available:   1558 cycles/pkt (lower = higher load)
  Active IPs:         0
  Worker threads:     14 (lcores 1-14)

[DPDK NIC STATISTICS]
  RX packets (NIC):   1241587044
  RX dropped (HW):    [0m0[0m (imissed)
  RX no mbufs:        [0m0[0m (buffer exhaustion)
  RX errors:          0
  Total drops:        [0m0 (0.00%)[0m
  RX burst calls:     250353602027 (99.5% empty)
  Processed pkts:     1241587405 (100.0% of NIC RX)


╔═══════════════════════════════════════════════════════════════════════╗
║          MIRA DDoS DETECTOR - STATISTICS (MULTI-CORE)                ║
╚═══════════════════════════════════════════════════════════════════════╝

[PACKET COUNTERS - GLOBAL]
  Total packets:      1251196369
  Baseline (10.10.2.x): 0 (0.0%)
  Attack (10.10.3.x): 1251196369 (100.0%)
  TCP packets:        0
  UDP packets:        1251196369
  ICMP packets:       0

[INSTANTANEOUS TRAFFIC - Last 5.0 seconds]
  Baseline (10.10.2.x): 0 pkts (0.0%)  0 bytes  0.00 Gbps
  Attack (10.10.3.x): 9608861 pkts (100.0%)  864797490 bytes  1.38 Gbps
  Total throughput:   1.38 Gbps  (avg pkt: 90 bytes)

[CUMULATIVE TRAFFIC - Since first packet (651.9s)]
  Total received:     1251196369 pkts (1.92 Mpps) | 1.38 Gbps | 112607673210 bytes

[ATTACK-SPECIFIC COUNTERS]
  SYN packets:        0
  SYN-ACK packets:    0
  SYN/ACK ratio:      0.00
  HTTP requests:      0
  DNS queries:        0

[PROTOCOL-SPECIFIC COUNTERS - CIC-DDoS-2019 Features]
  NTP Amplification:
    Monlist queries:  1251196369
    Responses:        0  (avg size: 0 bytes)
  DNS Amplification:
    ANY queries:      0
    TXT queries:      0
    Responses:        0  (avg size: 0 bytes)
  SNMP Amplification:
    GetBulk requests: 0
    Responses:        0  (avg size: 0 bytes)
  SSDP:
    M-SEARCH packets: 0
    Responses:        0
  PortMapper:
    GETPORT calls:    0
    DUMP calls:       0
  NetBIOS:
    Name queries:     0
    Datagram packets: 0
  LDAP:
    Bind requests:    0
    Search requests:  0
  MSSQL:
    SQLBatch packets: 0
    RPC packets:      0
  TFTP:
    RRQ (read) pkts:  0
    WRQ (write) pkts: 0

[ATTACK DETECTIONS - Cumulative Events]
  UDP flood events:   12615
  UDP-lag events:     0
  SYN flood events:   0
  HTTP flood events:  0
  ICMP flood events:  0
  DNS amp events:     0
  NTP amp events:     12615
  SNMP amp events:    0
  SSDP events:        0
  PortMap events:     0
  NetBIOS events:     0
  LDAP events:        0
  MSSQL events:       0
  TFTP events:        0
  ACK flood events:   0
  Frag attack events: 0
  Packet flood events:0
  (Note: Events count IPs exceeding thresholds per 50ms window)

[ALERT STATUS]
  Alert level:        [1;31mHIGH[0m
  Reason:             [1;31mUDP FLOOD detected: 518830981 UDP pps | NTP AMP detected: 1919588 qps | [0m

[MULTI-LF (2025) COMPARISON]
=== Detection Performance vs ML-Based System ===

  First Detection Latency:   147.16 ms (vs MULTI-LF: 866 ms)
    Improvement:             5.9× faster

  Packets until detection:   0
  Bytes until detection:     0 (0.00 MB)

[OCTOSKETCH METRICS - Optimized Architecture]
=== Per-Worker Sketches + Sampling (1/32 packets) ===

  Architecture:              Per-worker (NO atomics, NO contention)
  Total sketch memory:       5377 KB (14 workers × 384.1 KB)
  Sampling rate:             1 in 32 packets (3.1% overhead)
  Attack traffic sampled:    4628640 updates
  Estimated attack packets:  148116480 (×32 sampling factor)
  Sketch overhead:           ~1.56% of fast-path cycles
  Memory efficiency:         O(1) constant, 384.1 KB per worker

[MULTIPLE DETECTION STATISTICS]
=== Aggregate Detection Analysis ===

  Total detection events:    12615
  Average detection latency: 51.67 ms
  Min detection latency:     50.22 ms
  Max detection latency:     251.52 ms
  Latency range:             201.30 ms

  Detection Latency Histogram:
    < 20 ms:  0 detections (0.0%)
    20-30 ms: 0 detections (0.0%)
    30-40 ms: 0 detections (0.0%)
    40-50 ms: 0 detections (0.0%)
    > 50 ms:  12614 detections (100.0%)

[PERFORMANCE METRICS]
  Throughput:         1.38 Gbps (1.92 Mpps)
  Cycles available:   1557 cycles/pkt (lower = higher load)
  Active IPs:         0
  Worker threads:     14 (lcores 1-14)

[DPDK NIC STATISTICS]
  RX packets (NIC):   1251196020
  RX dropped (HW):    [0m0[0m (imissed)
  RX no mbufs:        [0m0[0m (buffer exhaustion)
  RX errors:          0
  Total drops:        [0m0 (0.00%)[0m
  RX burst calls:     252230166248 (99.5% empty)
  Processed pkts:     1251196369 (100.0% of NIC RX)


╔═══════════════════════════════════════════════════════════════════════╗
║          MIRA DDoS DETECTOR - STATISTICS (MULTI-CORE)                ║
╚═══════════════════════════════════════════════════════════════════════╝

[PACKET COUNTERS - GLOBAL]
  Total packets:      1260799493
  Baseline (10.10.2.x): 0 (0.0%)
  Attack (10.10.3.x): 1260799493 (100.0%)
  TCP packets:        0
  UDP packets:        1260799493
  ICMP packets:       0

[INSTANTANEOUS TRAFFIC - Last 5.0 seconds]
  Baseline (10.10.2.x): 0 pkts (0.0%)  0 bytes  0.00 Gbps
  Attack (10.10.3.x): 9603019 pkts (100.0%)  864271710 bytes  1.38 Gbps
  Total throughput:   1.38 Gbps  (avg pkt: 90 bytes)

[CUMULATIVE TRAFFIC - Since first packet (656.9s)]
  Total received:     1260799493 pkts (1.92 Mpps) | 1.38 Gbps | 113471954370 bytes

[ATTACK-SPECIFIC COUNTERS]
  SYN packets:        0
  SYN-ACK packets:    0
  SYN/ACK ratio:      0.00
  HTTP requests:      0
  DNS queries:        0

[PROTOCOL-SPECIFIC COUNTERS - CIC-DDoS-2019 Features]
  NTP Amplification:
    Monlist queries:  1260799493
    Responses:        0  (avg size: 0 bytes)
  DNS Amplification:
    ANY queries:      0
    TXT queries:      0
    Responses:        0  (avg size: 0 bytes)
  SNMP Amplification:
    GetBulk requests: 0
    Responses:        0  (avg size: 0 bytes)
  SSDP:
    M-SEARCH packets: 0
    Responses:        0
  PortMapper:
    GETPORT calls:    0
    DUMP calls:       0
  NetBIOS:
    Name queries:     0
    Datagram packets: 0
  LDAP:
    Bind requests:    0
    Search requests:  0
  MSSQL:
    SQLBatch packets: 0
    RPC packets:      0
  TFTP:
    RRQ (read) pkts:  0
    WRQ (write) pkts: 0

[ATTACK DETECTIONS - Cumulative Events]
  UDP flood events:   12712
  UDP-lag events:     0
  SYN flood events:   0
  HTTP flood events:  0
  ICMP flood events:  0
  DNS amp events:     0
  NTP amp events:     12712
  SNMP amp events:    0
  SSDP events:        0
  PortMap events:     0
  NetBIOS events:     0
  LDAP events:        0
  MSSQL events:       0
  TFTP events:        0
  ACK flood events:   0
  Frag attack events: 0
  Packet flood events:0
  (Note: Events count IPs exceeding thresholds per 50ms window)

[ALERT STATUS]
  Alert level:        [1;31mHIGH[0m
  Reason:             [1;31mUDP FLOOD detected: 533898855 UDP pps | NTP AMP detected: 1919219 qps | [0m

[MULTI-LF (2025) COMPARISON]
=== Detection Performance vs ML-Based System ===

  First Detection Latency:   147.16 ms (vs MULTI-LF: 866 ms)
    Improvement:             5.9× faster

  Packets until detection:   0
  Bytes until detection:     0 (0.00 MB)

[OCTOSKETCH METRICS - Optimized Architecture]
=== Per-Worker Sketches + Sampling (1/32 packets) ===

  Architecture:              Per-worker (NO atomics, NO contention)
  Total sketch memory:       5377 KB (14 workers × 384.1 KB)
  Sampling rate:             1 in 32 packets (3.1% overhead)
  Attack traffic sampled:    4531520 updates
  Estimated attack packets:  145008640 (×32 sampling factor)
  Sketch overhead:           ~1.56% of fast-path cycles
  Memory efficiency:         O(1) constant, 384.1 KB per worker

[MULTIPLE DETECTION STATISTICS]
=== Aggregate Detection Analysis ===

  Total detection events:    12712
  Average detection latency: 51.67 ms
  Min detection latency:     50.22 ms
  Max detection latency:     251.52 ms
  Latency range:             201.30 ms

  Detection Latency Histogram:
    < 20 ms:  0 detections (0.0%)
    20-30 ms: 0 detections (0.0%)
    30-40 ms: 0 detections (0.0%)
    40-50 ms: 0 detections (0.0%)
    > 50 ms:  12711 detections (100.0%)

[PERFORMANCE METRICS]
  Throughput:         1.38 Gbps (1.92 Mpps)
  Cycles available:   1558 cycles/pkt (lower = higher load)
  Active IPs:         0
  Worker threads:     14 (lcores 1-14)

[DPDK NIC STATISTICS]
  RX packets (NIC):   1260799114
  RX dropped (HW):    [0m0[0m (imissed)
  RX no mbufs:        [0m0[0m (buffer exhaustion)
  RX errors:          0
  Total drops:        [0m0 (0.00%)[0m
  RX burst calls:     254106796769 (99.5% empty)
  Processed pkts:     1260799493 (100.0% of NIC RX)


╔═══════════════════════════════════════════════════════════════════════╗
║          MIRA DDoS DETECTOR - STATISTICS (MULTI-CORE)                ║
╚═══════════════════════════════════════════════════════════════════════╝

[PACKET COUNTERS - GLOBAL]
  Total packets:      1270406650
  Baseline (10.10.2.x): 0 (0.0%)
  Attack (10.10.3.x): 1270406650 (100.0%)
  TCP packets:        0
  UDP packets:        1270406650
  ICMP packets:       0

[INSTANTANEOUS TRAFFIC - Last 5.0 seconds]
  Baseline (10.10.2.x): 0 pkts (0.0%)  0 bytes  0.00 Gbps
  Attack (10.10.3.x): 9607059 pkts (100.0%)  864635310 bytes  1.38 Gbps
  Total throughput:   1.38 Gbps  (avg pkt: 90 bytes)

[CUMULATIVE TRAFFIC - Since first packet (661.9s)]
  Total received:     1270406650 pkts (1.92 Mpps) | 1.38 Gbps | 114336598500 bytes

[ATTACK-SPECIFIC COUNTERS]
  SYN packets:        0
  SYN-ACK packets:    0
  SYN/ACK ratio:      0.00
  HTTP requests:      0
  DNS queries:        0

[PROTOCOL-SPECIFIC COUNTERS - CIC-DDoS-2019 Features]
  NTP Amplification:
    Monlist queries:  1270406650
    Responses:        0  (avg size: 0 bytes)
  DNS Amplification:
    ANY queries:      0
    TXT queries:      0
    Responses:        0  (avg size: 0 bytes)
  SNMP Amplification:
    GetBulk requests: 0
    Responses:        0  (avg size: 0 bytes)
  SSDP:
    M-SEARCH packets: 0
    Responses:        0
  PortMapper:
    GETPORT calls:    0
    DUMP calls:       0
  NetBIOS:
    Name queries:     0
    Datagram packets: 0
  LDAP:
    Bind requests:    0
    Search requests:  0
  MSSQL:
    SQLBatch packets: 0
    RPC packets:      0
  TFTP:
    RRQ (read) pkts:  0
    WRQ (write) pkts: 0

[ATTACK DETECTIONS - Cumulative Events]
  UDP flood events:   12810
  UDP-lag events:     0
  SYN flood events:   0
  HTTP flood events:  0
  ICMP flood events:  0
  DNS amp events:     0
  NTP amp events:     12810
  SNMP amp events:    0
  SSDP events:        0
  PortMap events:     0
  NetBIOS events:     0
  LDAP events:        0
  MSSQL events:       0
  TFTP events:        0
  ACK flood events:   0
  Frag attack events: 0
  Packet flood events:0
  (Note: Events count IPs exceeding thresholds per 50ms window)

[ALERT STATUS]
  Alert level:        [1;31mHIGH[0m
  Reason:             [1;31mUDP FLOOD detected: 537983496 UDP pps | NTP AMP detected: 1919768 qps | [0m

[MULTI-LF (2025) COMPARISON]
=== Detection Performance vs ML-Based System ===

  First Detection Latency:   147.16 ms (vs MULTI-LF: 866 ms)
    Improvement:             5.9× faster

  Packets until detection:   0
  Bytes until detection:     0 (0.00 MB)

[OCTOSKETCH METRICS - Optimized Architecture]
=== Per-Worker Sketches + Sampling (1/32 packets) ===

  Architecture:              Per-worker (NO atomics, NO contention)
  Total sketch memory:       5377 KB (14 workers × 384.1 KB)
  Sampling rate:             1 in 32 packets (3.1% overhead)
  Attack traffic sampled:    4532864 updates
  Estimated attack packets:  145051648 (×32 sampling factor)
  Sketch overhead:           ~1.56% of fast-path cycles
  Memory efficiency:         O(1) constant, 384.1 KB per worker

[MULTIPLE DETECTION STATISTICS]
=== Aggregate Detection Analysis ===

  Total detection events:    12810
  Average detection latency: 51.67 ms
  Min detection latency:     50.22 ms
  Max detection latency:     251.52 ms
  Latency range:             201.30 ms

  Detection Latency Histogram:
    < 20 ms:  0 detections (0.0%)
    20-30 ms: 0 detections (0.0%)
    30-40 ms: 0 detections (0.0%)
    40-50 ms: 0 detections (0.0%)
    > 50 ms:  12809 detections (100.0%)

[PERFORMANCE METRICS]
  Throughput:         1.38 Gbps (1.92 Mpps)
  Cycles available:   1558 cycles/pkt (lower = higher load)
  Active IPs:         0
  Worker threads:     14 (lcores 1-14)

[DPDK NIC STATISTICS]
  RX packets (NIC):   1270406304
  RX dropped (HW):    [0m0[0m (imissed)
  RX no mbufs:        [0m0[0m (buffer exhaustion)
  RX errors:          0
  Total drops:        [0m0 (0.00%)[0m
  RX burst calls:     255983368582 (99.5% empty)
  Processed pkts:     1270406650 (100.0% of NIC RX)


╔═══════════════════════════════════════════════════════════════════════╗
║          MIRA DDoS DETECTOR - STATISTICS (MULTI-CORE)                ║
╚═══════════════════════════════════════════════════════════════════════╝

[PACKET COUNTERS - GLOBAL]
  Total packets:      1280011487
  Baseline (10.10.2.x): 0 (0.0%)
  Attack (10.10.3.x): 1280011487 (100.0%)
  TCP packets:        0
  UDP packets:        1280011487
  ICMP packets:       0

[INSTANTANEOUS TRAFFIC - Last 5.0 seconds]
  Baseline (10.10.2.x): 0 pkts (0.0%)  0 bytes  0.00 Gbps
  Attack (10.10.3.x): 9604744 pkts (100.0%)  864426960 bytes  1.38 Gbps
  Total throughput:   1.38 Gbps  (avg pkt: 90 bytes)

[CUMULATIVE TRAFFIC - Since first packet (666.9s)]
  Total received:     1280011487 pkts (1.92 Mpps) | 1.38 Gbps | 115201033830 bytes

[ATTACK-SPECIFIC COUNTERS]
  SYN packets:        0
  SYN-ACK packets:    0
  SYN/ACK ratio:      0.00
  HTTP requests:      0
  DNS queries:        0

[PROTOCOL-SPECIFIC COUNTERS - CIC-DDoS-2019 Features]
  NTP Amplification:
    Monlist queries:  1280011487
    Responses:        0  (avg size: 0 bytes)
  DNS Amplification:
    ANY queries:      0
    TXT queries:      0
    Responses:        0  (avg size: 0 bytes)
  SNMP Amplification:
    GetBulk requests: 0
    Responses:        0  (avg size: 0 bytes)
  SSDP:
    M-SEARCH packets: 0
    Responses:        0
  PortMapper:
    GETPORT calls:    0
    DUMP calls:       0
  NetBIOS:
    Name queries:     0
    Datagram packets: 0
  LDAP:
    Bind requests:    0
    Search requests:  0
  MSSQL:
    SQLBatch packets: 0
    RPC packets:      0
  TFTP:
    RRQ (read) pkts:  0
    WRQ (write) pkts: 0

[ATTACK DETECTIONS - Cumulative Events]
  UDP flood events:   12907
  UDP-lag events:     0
  SYN flood events:   0
  HTTP flood events:  0
  ICMP flood events:  0
  DNS amp events:     0
  NTP amp events:     12907
  SNMP amp events:    0
  SSDP events:        0
  PortMap events:     0
  NetBIOS events:     0
  LDAP events:        0
  MSSQL events:       0
  TFTP events:        0
  ACK flood events:   0
  Frag attack events: 0
  Packet flood events:0
  (Note: Events count IPs exceeding thresholds per 50ms window)

[ALERT STATUS]
  Alert level:        [1;31mHIGH[0m
  Reason:             [1;31mUDP FLOOD detected: 553818043 UDP pps | NTP AMP detected: 1919763 qps | [0m

[MULTI-LF (2025) COMPARISON]
=== Detection Performance vs ML-Based System ===

  First Detection Latency:   147.16 ms (vs MULTI-LF: 866 ms)
    Improvement:             5.9× faster

  Packets until detection:   0
  Bytes until detection:     0 (0.00 MB)

[OCTOSKETCH METRICS - Optimized Architecture]
=== Per-Worker Sketches + Sampling (1/32 packets) ===

  Architecture:              Per-worker (NO atomics, NO contention)
  Total sketch memory:       5377 KB (14 workers × 384.1 KB)
  Sampling rate:             1 in 32 packets (3.1% overhead)
  Attack traffic sampled:    4436256 updates
  Estimated attack packets:  141960192 (×32 sampling factor)
  Sketch overhead:           ~1.56% of fast-path cycles
  Memory efficiency:         O(1) constant, 384.1 KB per worker

[MULTIPLE DETECTION STATISTICS]
=== Aggregate Detection Analysis ===

  Total detection events:    12907
  Average detection latency: 51.67 ms
  Min detection latency:     50.22 ms
  Max detection latency:     251.52 ms
  Latency range:             201.30 ms

  Detection Latency Histogram:
    < 20 ms:  0 detections (0.0%)
    20-30 ms: 0 detections (0.0%)
    30-40 ms: 0 detections (0.0%)
    40-50 ms: 0 detections (0.0%)
    > 50 ms:  12906 detections (100.0%)

[PERFORMANCE METRICS]
  Throughput:         1.38 Gbps (1.92 Mpps)
  Cycles available:   1558 cycles/pkt (lower = higher load)
  Active IPs:         0
  Worker threads:     14 (lcores 1-14)

[DPDK NIC STATISTICS]
  RX packets (NIC):   1280011115
  RX dropped (HW):    [0m0[0m (imissed)
  RX no mbufs:        [0m0[0m (buffer exhaustion)
  RX errors:          0
  Total drops:        [0m0 (0.00%)[0m
  RX burst calls:     257859913034 (99.5% empty)
  Processed pkts:     1280011487 (100.0% of NIC RX)


╔═══════════════════════════════════════════════════════════════════════╗
║          MIRA DDoS DETECTOR - STATISTICS (MULTI-CORE)                ║
╚═══════════════════════════════════════════════════════════════════════╝

[PACKET COUNTERS - GLOBAL]
  Total packets:      1289616625
  Baseline (10.10.2.x): 0 (0.0%)
  Attack (10.10.3.x): 1289616625 (100.0%)
  TCP packets:        0
  UDP packets:        1289616625
  ICMP packets:       0

[INSTANTANEOUS TRAFFIC - Last 5.0 seconds]
  Baseline (10.10.2.x): 0 pkts (0.0%)  0 bytes  0.00 Gbps
  Attack (10.10.3.x): 9605043 pkts (100.0%)  864453870 bytes  1.38 Gbps
  Total throughput:   1.38 Gbps  (avg pkt: 90 bytes)

[CUMULATIVE TRAFFIC - Since first packet (671.9s)]
  Total received:     1289616625 pkts (1.92 Mpps) | 1.38 Gbps | 116065496250 bytes

[ATTACK-SPECIFIC COUNTERS]
  SYN packets:        0
  SYN-ACK packets:    0
  SYN/ACK ratio:      0.00
  HTTP requests:      0
  DNS queries:        0

[PROTOCOL-SPECIFIC COUNTERS - CIC-DDoS-2019 Features]
  NTP Amplification:
    Monlist queries:  1289616625
    Responses:        0  (avg size: 0 bytes)
  DNS Amplification:
    ANY queries:      0
    TXT queries:      0
    Responses:        0  (avg size: 0 bytes)
  SNMP Amplification:
    GetBulk requests: 0
    Responses:        0  (avg size: 0 bytes)
  SSDP:
    M-SEARCH packets: 0
    Responses:        0
  PortMapper:
    GETPORT calls:    0
    DUMP calls:       0
  NetBIOS:
    Name queries:     0
    Datagram packets: 0
  LDAP:
    Bind requests:    0
    Search requests:  0
  MSSQL:
    SQLBatch packets: 0
    RPC packets:      0
  TFTP:
    RRQ (read) pkts:  0
    WRQ (write) pkts: 0

[ATTACK DETECTIONS - Cumulative Events]
  UDP flood events:   13004
  UDP-lag events:     0
  SYN flood events:   0
  HTTP flood events:  0
  ICMP flood events:  0
  DNS amp events:     0
  NTP amp events:     13004
  SNMP amp events:    0
  SSDP events:        0
  PortMap events:     0
  NetBIOS events:     0
  LDAP events:        0
  MSSQL events:       0
  TFTP events:        0
  ACK flood events:   0
  Frag attack events: 0
  Packet flood events:0
  (Note: Events count IPs exceeding thresholds per 50ms window)

[ALERT STATUS]
  Alert level:        [1;31mHIGH[0m
  Reason:             [1;31mUDP FLOOD detected: 557992794 UDP pps | NTP AMP detected: 1919661 qps | [0m

[MULTI-LF (2025) COMPARISON]
=== Detection Performance vs ML-Based System ===

  First Detection Latency:   147.16 ms (vs MULTI-LF: 866 ms)
    Improvement:             5.9× faster

  Packets until detection:   0
  Bytes until detection:     0 (0.00 MB)

[OCTOSKETCH METRICS - Optimized Architecture]
=== Per-Worker Sketches + Sampling (1/32 packets) ===

  Architecture:              Per-worker (NO atomics, NO contention)
  Total sketch memory:       5377 KB (14 workers × 384.1 KB)
  Sampling rate:             1 in 32 packets (3.1% overhead)
  Attack traffic sampled:    4435936 updates
  Estimated attack packets:  141949952 (×32 sampling factor)
  Sketch overhead:           ~1.56% of fast-path cycles
  Memory efficiency:         O(1) constant, 384.1 KB per worker

[MULTIPLE DETECTION STATISTICS]
=== Aggregate Detection Analysis ===

  Total detection events:    13004
  Average detection latency: 51.67 ms
  Min detection latency:     50.22 ms
  Max detection latency:     251.52 ms
  Latency range:             201.30 ms

  Detection Latency Histogram:
    < 20 ms:  0 detections (0.0%)
    20-30 ms: 0 detections (0.0%)
    30-40 ms: 0 detections (0.0%)
    40-50 ms: 0 detections (0.0%)
    > 50 ms:  13003 detections (100.0%)

[PERFORMANCE METRICS]
  Throughput:         1.38 Gbps (1.92 Mpps)
  Cycles available:   1558 cycles/pkt (lower = higher load)
  Active IPs:         0
  Worker threads:     14 (lcores 1-14)

[DPDK NIC STATISTICS]
  RX packets (NIC):   1289616283
  RX dropped (HW):    [0m0[0m (imissed)
  RX no mbufs:        [0m0[0m (buffer exhaustion)
  RX errors:          0
  Total drops:        [0m0 (0.00%)[0m
  RX burst calls:     259736879637 (99.5% empty)
  Processed pkts:     1289616625 (100.0% of NIC RX)


╔═══════════════════════════════════════════════════════════════════════╗
║          MIRA DDoS DETECTOR - STATISTICS (MULTI-CORE)                ║
╚═══════════════════════════════════════════════════════════════════════╝

[PACKET COUNTERS - GLOBAL]
  Total packets:      1299223867
  Baseline (10.10.2.x): 0 (0.0%)
  Attack (10.10.3.x): 1299223867 (100.0%)
  TCP packets:        0
  UDP packets:        1299223867
  ICMP packets:       0

[INSTANTANEOUS TRAFFIC - Last 5.0 seconds]
  Baseline (10.10.2.x): 0 pkts (0.0%)  0 bytes  0.00 Gbps
  Attack (10.10.3.x): 9607139 pkts (100.0%)  864642690 bytes  1.38 Gbps
  Total throughput:   1.38 Gbps  (avg pkt: 90 bytes)

[CUMULATIVE TRAFFIC - Since first packet (676.9s)]
  Total received:     1299223867 pkts (1.92 Mpps) | 1.38 Gbps | 116930148030 bytes

[ATTACK-SPECIFIC COUNTERS]
  SYN packets:        0
  SYN-ACK packets:    0
  SYN/ACK ratio:      0.00
  HTTP requests:      0
  DNS queries:        0

[PROTOCOL-SPECIFIC COUNTERS - CIC-DDoS-2019 Features]
  NTP Amplification:
    Monlist queries:  1299223867
    Responses:        0  (avg size: 0 bytes)
  DNS Amplification:
    ANY queries:      0
    TXT queries:      0
    Responses:        0  (avg size: 0 bytes)
  SNMP Amplification:
    GetBulk requests: 0
    Responses:        0  (avg size: 0 bytes)
  SSDP:
    M-SEARCH packets: 0
    Responses:        0
  PortMapper:
    GETPORT calls:    0
    DUMP calls:       0
  NetBIOS:
    Name queries:     0
    Datagram packets: 0
  LDAP:
    Bind requests:    0
    Search requests:  0
  MSSQL:
    SQLBatch packets: 0
    RPC packets:      0
  TFTP:
    RRQ (read) pkts:  0
    WRQ (write) pkts: 0

[ATTACK DETECTIONS - Cumulative Events]
  UDP flood events:   13102
  UDP-lag events:     0
  SYN flood events:   0
  HTTP flood events:  0
  ICMP flood events:  0
  DNS amp events:     0
  NTP amp events:     13102
  SNMP amp events:    0
  SSDP events:        0
  PortMap events:     0
  NetBIOS events:     0
  LDAP events:        0
  MSSQL events:       0
  TFTP events:        0
  ACK flood events:   0
  Frag attack events: 0
  Packet flood events:0
  (Note: Events count IPs exceeding thresholds per 50ms window)

[ALERT STATUS]
  Alert level:        [1;31mHIGH[0m
  Reason:             [1;31mUDP FLOOD detected: 562161816 UDP pps | NTP AMP detected: 1920152 qps | [0m

[MULTI-LF (2025) COMPARISON]
=== Detection Performance vs ML-Based System ===

  First Detection Latency:   147.16 ms (vs MULTI-LF: 866 ms)
    Improvement:             5.9× faster

  Packets until detection:   0
  Bytes until detection:     0 (0.00 MB)

[OCTOSKETCH METRICS - Optimized Architecture]
=== Per-Worker Sketches + Sampling (1/32 packets) ===

  Architecture:              Per-worker (NO atomics, NO contention)
  Total sketch memory:       5377 KB (14 workers × 384.1 KB)
  Sampling rate:             1 in 32 packets (3.1% overhead)
  Attack traffic sampled:    4437216 updates
  Estimated attack packets:  141990912 (×32 sampling factor)
  Sketch overhead:           ~1.56% of fast-path cycles
  Memory efficiency:         O(1) constant, 384.1 KB per worker

[MULTIPLE DETECTION STATISTICS]
=== Aggregate Detection Analysis ===

  Total detection events:    13102
  Average detection latency: 51.66 ms
  Min detection latency:     50.22 ms
  Max detection latency:     251.52 ms
  Latency range:             201.30 ms

  Detection Latency Histogram:
    < 20 ms:  0 detections (0.0%)
    20-30 ms: 0 detections (0.0%)
    30-40 ms: 0 detections (0.0%)
    40-50 ms: 0 detections (0.0%)
    > 50 ms:  13101 detections (100.0%)

[PERFORMANCE METRICS]
  Throughput:         1.38 Gbps (1.92 Mpps)
  Cycles available:   1557 cycles/pkt (lower = higher load)
  Active IPs:         0
  Worker threads:     14 (lcores 1-14)

[DPDK NIC STATISTICS]
  RX packets (NIC):   1299223489
  RX dropped (HW):    [0m0[0m (imissed)
  RX no mbufs:        [0m0[0m (buffer exhaustion)
  RX errors:          0
  Total drops:        [0m0 (0.00%)[0m
  RX burst calls:     261613652381 (99.5% empty)
  Processed pkts:     1299223867 (100.0% of NIC RX)


╔═══════════════════════════════════════════════════════════════════════╗
║          MIRA DDoS DETECTOR - STATISTICS (MULTI-CORE)                ║
╚═══════════════════════════════════════════════════════════════════════╝

[PACKET COUNTERS - GLOBAL]
  Total packets:      1308828282
  Baseline (10.10.2.x): 0 (0.0%)
  Attack (10.10.3.x): 1308828282 (100.0%)
  TCP packets:        0
  UDP packets:        1308828282
  ICMP packets:       0

[INSTANTANEOUS TRAFFIC - Last 5.0 seconds]
  Baseline (10.10.2.x): 0 pkts (0.0%)  0 bytes  0.00 Gbps
  Attack (10.10.3.x): 10299513 pkts (100.0%)  926956170 bytes  1.48 Gbps
  Total throughput:   1.48 Gbps  (avg pkt: 90 bytes)

[CUMULATIVE TRAFFIC - Since first packet (681.9s)]
  Total received:     1308828282 pkts (1.92 Mpps) | 1.38 Gbps | 117794545380 bytes

[ATTACK-SPECIFIC COUNTERS]
  SYN packets:        0
  SYN-ACK packets:    0
  SYN/ACK ratio:      0.00
  HTTP requests:      0
  DNS queries:        0

[PROTOCOL-SPECIFIC COUNTERS - CIC-DDoS-2019 Features]
  NTP Amplification:
    Monlist queries:  1308828282
    Responses:        0  (avg size: 0 bytes)
  DNS Amplification:
    ANY queries:      0
    TXT queries:      0
    Responses:        0  (avg size: 0 bytes)
  SNMP Amplification:
    GetBulk requests: 0
    Responses:        0  (avg size: 0 bytes)
  SSDP:
    M-SEARCH packets: 0
    Responses:        0
  PortMapper:
    GETPORT calls:    0
    DUMP calls:       0
  NetBIOS:
    Name queries:     0
    Datagram packets: 0
  LDAP:
    Bind requests:    0
    Search requests:  0
  MSSQL:
    SQLBatch packets: 0
    RPC packets:      0
  TFTP:
    RRQ (read) pkts:  0
    WRQ (write) pkts: 0

[ATTACK DETECTIONS - Cumulative Events]
  UDP flood events:   13200
  UDP-lag events:     0
  SYN flood events:   0
  HTTP flood events:  0
  ICMP flood events:  0
  DNS amp events:     0
  NTP amp events:     13200
  SNMP amp events:    0
  SSDP events:        0
  PortMap events:     0
  NetBIOS events:     0
  LDAP events:        0
  MSSQL events:       0
  TFTP events:        0
  ACK flood events:   0
  Frag attack events: 0
  Packet flood events:0
  (Note: Events count IPs exceeding thresholds per 50ms window)

[ALERT STATUS]
  Alert level:        [1;31mHIGH[0m
  Reason:             [1;31mUDP FLOOD detected: 578877375 UDP pps | NTP AMP detected: 1920362 qps | [0m

[MULTI-LF (2025) COMPARISON]
=== Detection Performance vs ML-Based System ===

  First Detection Latency:   147.16 ms (vs MULTI-LF: 866 ms)
    Improvement:             5.9× faster

  Packets until detection:   0
  Bytes until detection:     0 (0.00 MB)

[OCTOSKETCH METRICS - Optimized Architecture]
=== Per-Worker Sketches + Sampling (1/32 packets) ===

  Architecture:              Per-worker (NO atomics, NO contention)
  Total sketch memory:       5377 KB (14 workers × 384.1 KB)
  Sampling rate:             1 in 32 packets (3.1% overhead)
  Attack traffic sampled:    4341216 updates
  Estimated attack packets:  138918912 (×32 sampling factor)
  Sketch overhead:           ~1.56% of fast-path cycles
  Memory efficiency:         O(1) constant, 384.1 KB per worker

[MULTIPLE DETECTION STATISTICS]
=== Aggregate Detection Analysis ===

  Total detection events:    13200
  Average detection latency: 51.66 ms
  Min detection latency:     50.22 ms
  Max detection latency:     251.52 ms
  Latency range:             201.30 ms

  Detection Latency Histogram:
    < 20 ms:  0 detections (0.0%)
    20-30 ms: 0 detections (0.0%)
    30-40 ms: 0 detections (0.0%)
    40-50 ms: 0 detections (0.0%)
    > 50 ms:  13199 detections (100.0%)

[PERFORMANCE METRICS]
  Throughput:         1.48 Gbps (2.06 Mpps)
  Cycles available:   1453 cycles/pkt (lower = higher load)
  Active IPs:         0
  Worker threads:     14 (lcores 1-14)

[DPDK NIC STATISTICS]
  RX packets (NIC):   1308827926
  RX dropped (HW):    [0m0[0m (imissed)
  RX no mbufs:        [0m0[0m (buffer exhaustion)
  RX errors:          0
  Total drops:        [0m0 (0.00%)[0m
  RX burst calls:     263490296821 (99.5% empty)
  Processed pkts:     1308828282 (100.0% of NIC RX)


╔═══════════════════════════════════════════════════════════════════════╗
║          MIRA DDoS DETECTOR - STATISTICS (MULTI-CORE)                ║
╚═══════════════════════════════════════════════════════════════════════╝

[PACKET COUNTERS - GLOBAL]
  Total packets:      1318435436
  Baseline (10.10.2.x): 0 (0.0%)
  Attack (10.10.3.x): 1318435436 (100.0%)
  TCP packets:        0
  UDP packets:        1318435436
  ICMP packets:       0

[INSTANTANEOUS TRAFFIC - Last 5.0 seconds]
  Baseline (10.10.2.x): 0 pkts (0.0%)  0 bytes  0.00 Gbps
  Attack (10.10.3.x): 9607050 pkts (100.0%)  927008640 bytes  1.48 Gbps
  Total throughput:   1.48 Gbps  (avg pkt: 96 bytes)

[CUMULATIVE TRAFFIC - Since first packet (686.9s)]
  Total received:     1318435436 pkts (1.92 Mpps) | 1.38 Gbps | 118659189240 bytes

[ATTACK-SPECIFIC COUNTERS]
  SYN packets:        0
  SYN-ACK packets:    0
  SYN/ACK ratio:      0.00
  HTTP requests:      0
  DNS queries:        0

[PROTOCOL-SPECIFIC COUNTERS - CIC-DDoS-2019 Features]
  NTP Amplification:
    Monlist queries:  1318435436
    Responses:        0  (avg size: 0 bytes)
  DNS Amplification:
    ANY queries:      0
    TXT queries:      0
    Responses:        0  (avg size: 0 bytes)
  SNMP Amplification:
    GetBulk requests: 0
    Responses:        0  (avg size: 0 bytes)
  SSDP:
    M-SEARCH packets: 0
    Responses:        0
  PortMapper:
    GETPORT calls:    0
    DUMP calls:       0
  NetBIOS:
    Name queries:     0
    Datagram packets: 0
  LDAP:
    Bind requests:    0
    Search requests:  0
  MSSQL:
    SQLBatch packets: 0
    RPC packets:      0
  TFTP:
    RRQ (read) pkts:  0
    WRQ (write) pkts: 0

[ATTACK DETECTIONS - Cumulative Events]
  UDP flood events:   13298
  UDP-lag events:     0
  SYN flood events:   0
  HTTP flood events:  0
  ICMP flood events:  0
  DNS amp events:     0
  NTP amp events:     13298
  SNMP amp events:    0
  SSDP events:        0
  PortMap events:     0
  NetBIOS events:     0
  LDAP events:        0
  MSSQL events:       0
  TFTP events:        0
  ACK flood events:   0
  Frag attack events: 0
  Packet flood events:0
  (Note: Events count IPs exceeding thresholds per 50ms window)

[ALERT STATUS]
  Alert level:        [1;31mHIGH[0m
  Reason:             [1;31mUDP FLOOD detected: 583139732 UDP pps | NTP AMP detected: 1919751 qps | [0m

[MULTI-LF (2025) COMPARISON]
=== Detection Performance vs ML-Based System ===

  First Detection Latency:   147.16 ms (vs MULTI-LF: 866 ms)
    Improvement:             5.9× faster

  Packets until detection:   0
  Bytes until detection:     0 (0.00 MB)

[OCTOSKETCH METRICS - Optimized Architecture]
=== Per-Worker Sketches + Sampling (1/32 packets) ===

  Architecture:              Per-worker (NO atomics, NO contention)
  Total sketch memory:       5377 KB (14 workers × 384.1 KB)
  Sampling rate:             1 in 32 packets (3.1% overhead)
  Attack traffic sampled:    4339808 updates
  Estimated attack packets:  138873856 (×32 sampling factor)
  Sketch overhead:           ~1.56% of fast-path cycles
  Memory efficiency:         O(1) constant, 384.1 KB per worker

[MULTIPLE DETECTION STATISTICS]
=== Aggregate Detection Analysis ===

  Total detection events:    13298
  Average detection latency: 51.65 ms
  Min detection latency:     50.22 ms
  Max detection latency:     251.52 ms
  Latency range:             201.30 ms

  Detection Latency Histogram:
    < 20 ms:  0 detections (0.0%)
    20-30 ms: 0 detections (0.0%)
    30-40 ms: 0 detections (0.0%)
    40-50 ms: 0 detections (0.0%)
    > 50 ms:  13297 detections (100.0%)

[PERFORMANCE METRICS]
  Throughput:         1.48 Gbps (1.92 Mpps)
  Cycles available:   1558 cycles/pkt (lower = higher load)
  Active IPs:         0
  Worker threads:     14 (lcores 1-14)

[DPDK NIC STATISTICS]
  RX packets (NIC):   1318435073
  RX dropped (HW):    [0m0[0m (imissed)
  RX no mbufs:        [0m0[0m (buffer exhaustion)
  RX errors:          0
  Total drops:        [0m0 (0.00%)[0m
  RX burst calls:     265366892174 (99.5% empty)
  Processed pkts:     1318435436 (100.0% of NIC RX)


╔═══════════════════════════════════════════════════════════════════════╗
║          MIRA DDoS DETECTOR - STATISTICS (MULTI-CORE)                ║
╚═══════════════════════════════════════════════════════════════════════╝

[PACKET COUNTERS - GLOBAL]
  Total packets:      1328040243
  Baseline (10.10.2.x): 0 (0.0%)
  Attack (10.10.3.x): 1328040243 (100.0%)
  TCP packets:        0
  UDP packets:        1328040243
  ICMP packets:       0

[INSTANTANEOUS TRAFFIC - Last 5.0 seconds]
  Baseline (10.10.2.x): 0 pkts (0.0%)  0 bytes  0.00 Gbps
  Attack (10.10.3.x): 9604710 pkts (100.0%)  864424170 bytes  1.38 Gbps
  Total throughput:   1.38 Gbps  (avg pkt: 90 bytes)

[CUMULATIVE TRAFFIC - Since first packet (691.9s)]
  Total received:     1328040243 pkts (1.92 Mpps) | 1.38 Gbps | 119523621870 bytes

[ATTACK-SPECIFIC COUNTERS]
  SYN packets:        0
  SYN-ACK packets:    0
  SYN/ACK ratio:      0.00
  HTTP requests:      0
  DNS queries:        0

[PROTOCOL-SPECIFIC COUNTERS - CIC-DDoS-2019 Features]
  NTP Amplification:
    Monlist queries:  1328040243
    Responses:        0  (avg size: 0 bytes)
  DNS Amplification:
    ANY queries:      0
    TXT queries:      0
    Responses:        0  (avg size: 0 bytes)
  SNMP Amplification:
    GetBulk requests: 0
    Responses:        0  (avg size: 0 bytes)
  SSDP:
    M-SEARCH packets: 0
    Responses:        0
  PortMapper:
    GETPORT calls:    0
    DUMP calls:       0
  NetBIOS:
    Name queries:     0
    Datagram packets: 0
  LDAP:
    Bind requests:    0
    Search requests:  0
  MSSQL:
    SQLBatch packets: 0
    RPC packets:      0
  TFTP:
    RRQ (read) pkts:  0
    WRQ (write) pkts: 0

[ATTACK DETECTIONS - Cumulative Events]
  UDP flood events:   13395
  UDP-lag events:     0
  SYN flood events:   0
  HTTP flood events:  0
  ICMP flood events:  0
  DNS amp events:     0
  NTP amp events:     13395
  SNMP amp events:    0
  SSDP events:        0
  PortMap events:     0
  NetBIOS events:     0
  LDAP events:        0
  MSSQL events:       0
  TFTP events:        0
  ACK flood events:   0
  Frag attack events: 0
  Packet flood events:0
  (Note: Events count IPs exceeding thresholds per 50ms window)

[ALERT STATUS]
  Alert level:        [1;31mHIGH[0m
  Reason:             [1;31mUDP FLOOD detected: 600705302 UDP pps | NTP AMP detected: 1920559 qps | [0m

[MULTI-LF (2025) COMPARISON]
=== Detection Performance vs ML-Based System ===

  First Detection Latency:   147.16 ms (vs MULTI-LF: 866 ms)
    Improvement:             5.9× faster

  Packets until detection:   0
  Bytes until detection:     0 (0.00 MB)

[OCTOSKETCH METRICS - Optimized Architecture]
=== Per-Worker Sketches + Sampling (1/32 packets) ===

  Architecture:              Per-worker (NO atomics, NO contention)
  Total sketch memory:       5377 KB (14 workers × 384.1 KB)
  Sampling rate:             1 in 32 packets (3.1% overhead)
  Attack traffic sampled:    4245216 updates
  Estimated attack packets:  135846912 (×32 sampling factor)
  Sketch overhead:           ~1.56% of fast-path cycles
  Memory efficiency:         O(1) constant, 384.1 KB per worker

[MULTIPLE DETECTION STATISTICS]
=== Aggregate Detection Analysis ===

  Total detection events:    13395
  Average detection latency: 51.65 ms
  Min detection latency:     50.22 ms
  Max detection latency:     251.52 ms
  Latency range:             201.30 ms

  Detection Latency Histogram:
    < 20 ms:  0 detections (0.0%)
    20-30 ms: 0 detections (0.0%)
    30-40 ms: 0 detections (0.0%)
    40-50 ms: 0 detections (0.0%)
    > 50 ms:  13394 detections (100.0%)

[PERFORMANCE METRICS]
  Throughput:         1.38 Gbps (1.92 Mpps)
  Cycles available:   1558 cycles/pkt (lower = higher load)
  Active IPs:         0
  Worker threads:     14 (lcores 1-14)

[DPDK NIC STATISTICS]
  RX packets (NIC):   1328039868
  RX dropped (HW):    [0m0[0m (imissed)
  RX no mbufs:        [0m0[0m (buffer exhaustion)
  RX errors:          0
  Total drops:        [0m0 (0.00%)[0m
  RX burst calls:     267243663933 (99.5% empty)
  Processed pkts:     1328040243 (100.0% of NIC RX)


╔═══════════════════════════════════════════════════════════════════════╗
║          MIRA DDoS DETECTOR - STATISTICS (MULTI-CORE)                ║
╚═══════════════════════════════════════════════════════════════════════╝

[PACKET COUNTERS - GLOBAL]
  Total packets:      1337645898
  Baseline (10.10.2.x): 0 (0.0%)
  Attack (10.10.3.x): 1337645898 (100.0%)
  TCP packets:        0
  UDP packets:        1337645898
  ICMP packets:       0

[INSTANTANEOUS TRAFFIC - Last 5.0 seconds]
  Baseline (10.10.2.x): 0 pkts (0.0%)  0 bytes  0.00 Gbps
  Attack (10.10.3.x): 9605546 pkts (100.0%)  864499140 bytes  1.38 Gbps
  Total throughput:   1.38 Gbps  (avg pkt: 90 bytes)

[CUMULATIVE TRAFFIC - Since first packet (696.9s)]
  Total received:     1337645898 pkts (1.92 Mpps) | 1.38 Gbps | 120388130820 bytes

[ATTACK-SPECIFIC COUNTERS]
  SYN packets:        0
  SYN-ACK packets:    0
  SYN/ACK ratio:      0.00
  HTTP requests:      0
  DNS queries:        0

[PROTOCOL-SPECIFIC COUNTERS - CIC-DDoS-2019 Features]
  NTP Amplification:
    Monlist queries:  1337645898
    Responses:        0  (avg size: 0 bytes)
  DNS Amplification:
    ANY queries:      0
    TXT queries:      0
    Responses:        0  (avg size: 0 bytes)
  SNMP Amplification:
    GetBulk requests: 0
    Responses:        0  (avg size: 0 bytes)
  SSDP:
    M-SEARCH packets: 0
    Responses:        0
  PortMapper:
    GETPORT calls:    0
    DUMP calls:       0
  NetBIOS:
    Name queries:     0
    Datagram packets: 0
  LDAP:
    Bind requests:    0
    Search requests:  0
  MSSQL:
    SQLBatch packets: 0
    RPC packets:      0
  TFTP:
    RRQ (read) pkts:  0
    WRQ (write) pkts: 0

[ATTACK DETECTIONS - Cumulative Events]
  UDP flood events:   13493
  UDP-lag events:     0
  SYN flood events:   0
  HTTP flood events:  0
  ICMP flood events:  0
  DNS amp events:     0
  NTP amp events:     13493
  SNMP amp events:    0
  SSDP events:        0
  PortMap events:     0
  NetBIOS events:     0
  LDAP events:        0
  MSSQL events:       0
  TFTP events:        0
  ACK flood events:   0
  Frag attack events: 0
  Packet flood events:0
  (Note: Events count IPs exceeding thresholds per 50ms window)

[ALERT STATUS]
  Alert level:        [1;31mHIGH[0m
  Reason:             [1;31mUDP FLOOD detected: 605081084 UDP pps | NTP AMP detected: 1919444 qps | [0m

[MULTI-LF (2025) COMPARISON]
=== Detection Performance vs ML-Based System ===

  First Detection Latency:   147.16 ms (vs MULTI-LF: 866 ms)
    Improvement:             5.9× faster

  Packets until detection:   0
  Bytes until detection:     0 (0.00 MB)

[OCTOSKETCH METRICS - Optimized Architecture]
=== Per-Worker Sketches + Sampling (1/32 packets) ===

  Architecture:              Per-worker (NO atomics, NO contention)
  Total sketch memory:       5377 KB (14 workers × 384.1 KB)
  Sampling rate:             1 in 32 packets (3.1% overhead)
  Attack traffic sampled:    4242720 updates
  Estimated attack packets:  135767040 (×32 sampling factor)
  Sketch overhead:           ~1.56% of fast-path cycles
  Memory efficiency:         O(1) constant, 384.1 KB per worker

[MULTIPLE DETECTION STATISTICS]
=== Aggregate Detection Analysis ===

  Total detection events:    13493
  Average detection latency: 51.65 ms
  Min detection latency:     50.22 ms
  Max detection latency:     251.52 ms
  Latency range:             201.30 ms

  Detection Latency Histogram:
    < 20 ms:  0 detections (0.0%)
    20-30 ms: 0 detections (0.0%)
    30-40 ms: 0 detections (0.0%)
    40-50 ms: 0 detections (0.0%)
    > 50 ms:  13492 detections (100.0%)

[PERFORMANCE METRICS]
  Throughput:         1.38 Gbps (1.92 Mpps)
  Cycles available:   1558 cycles/pkt (lower = higher load)
  Active IPs:         0
  Worker threads:     14 (lcores 1-14)

[DPDK NIC STATISTICS]
  RX packets (NIC):   1337645549
  RX dropped (HW):    [0m0[0m (imissed)
  RX no mbufs:        [0m0[0m (buffer exhaustion)
  RX errors:          0
  Total drops:        [0m0 (0.00%)[0m
  RX burst calls:     269120564189 (99.5% empty)
  Processed pkts:     1337645898 (100.0% of NIC RX)


╔═══════════════════════════════════════════════════════════════════════╗
║          MIRA DDoS DETECTOR - STATISTICS (MULTI-CORE)                ║
╚═══════════════════════════════════════════════════════════════════════╝

[PACKET COUNTERS - GLOBAL]
  Total packets:      1347250707
  Baseline (10.10.2.x): 0 (0.0%)
  Attack (10.10.3.x): 1347250707 (100.0%)
  TCP packets:        0
  UDP packets:        1347250707
  ICMP packets:       0

[INSTANTANEOUS TRAFFIC - Last 5.0 seconds]
  Baseline (10.10.2.x): 0 pkts (0.0%)  0 bytes  0.00 Gbps
  Attack (10.10.3.x): 9604708 pkts (100.0%)  864423720 bytes  1.38 Gbps
  Total throughput:   1.38 Gbps  (avg pkt: 90 bytes)

[CUMULATIVE TRAFFIC - Since first packet (701.9s)]
  Total received:     1347250707 pkts (1.92 Mpps) | 1.38 Gbps | 121252563630 bytes

[ATTACK-SPECIFIC COUNTERS]
  SYN packets:        0
  SYN-ACK packets:    0
  SYN/ACK ratio:      0.00
  HTTP requests:      0
  DNS queries:        0

[PROTOCOL-SPECIFIC COUNTERS - CIC-DDoS-2019 Features]
  NTP Amplification:
    Monlist queries:  1347250707
    Responses:        0  (avg size: 0 bytes)
  DNS Amplification:
    ANY queries:      0
    TXT queries:      0
    Responses:        0  (avg size: 0 bytes)
  SNMP Amplification:
    GetBulk requests: 0
    Responses:        0  (avg size: 0 bytes)
  SSDP:
    M-SEARCH packets: 0
    Responses:        0
  PortMapper:
    GETPORT calls:    0
    DUMP calls:       0
  NetBIOS:
    Name queries:     0
    Datagram packets: 0
  LDAP:
    Bind requests:    0
    Search requests:  0
  MSSQL:
    SQLBatch packets: 0
    RPC packets:      0
  TFTP:
    RRQ (read) pkts:  0
    WRQ (write) pkts: 0

[ATTACK DETECTIONS - Cumulative Events]
  UDP flood events:   13591
  UDP-lag events:     0
  SYN flood events:   0
  HTTP flood events:  0
  ICMP flood events:  0
  DNS amp events:     0
  NTP amp events:     13591
  SNMP amp events:    0
  SSDP events:        0
  PortMap events:     0
  NetBIOS events:     0
  LDAP events:        0
  MSSQL events:       0
  TFTP events:        0
  ACK flood events:   0
  Frag attack events: 0
  Packet flood events:0
  (Note: Events count IPs exceeding thresholds per 50ms window)

[ALERT STATUS]
  Alert level:        [1;31mHIGH[0m
  Reason:             [1;31mUDP FLOOD detected: 609450336 UDP pps | NTP AMP detected: 1920329 qps | [0m

[MULTI-LF (2025) COMPARISON]
=== Detection Performance vs ML-Based System ===

  First Detection Latency:   147.16 ms (vs MULTI-LF: 866 ms)
    Improvement:             5.9× faster

  Packets until detection:   0
  Bytes until detection:     0 (0.00 MB)

[OCTOSKETCH METRICS - Optimized Architecture]
=== Per-Worker Sketches + Sampling (1/32 packets) ===

  Architecture:              Per-worker (NO atomics, NO contention)
  Total sketch memory:       5377 KB (14 workers × 384.1 KB)
  Sampling rate:             1 in 32 packets (3.1% overhead)
  Attack traffic sampled:    4244512 updates
  Estimated attack packets:  135824384 (×32 sampling factor)
  Sketch overhead:           ~1.56% of fast-path cycles
  Memory efficiency:         O(1) constant, 384.1 KB per worker

[MULTIPLE DETECTION STATISTICS]
=== Aggregate Detection Analysis ===

  Total detection events:    13591
  Average detection latency: 51.65 ms
  Min detection latency:     50.22 ms
  Max detection latency:     251.52 ms
  Latency range:             201.30 ms

  Detection Latency Histogram:
    < 20 ms:  0 detections (0.0%)
    20-30 ms: 0 detections (0.0%)
    30-40 ms: 0 detections (0.0%)
    40-50 ms: 0 detections (0.0%)
    > 50 ms:  13590 detections (100.0%)

[PERFORMANCE METRICS]
  Throughput:         1.38 Gbps (1.92 Mpps)
  Cycles available:   1558 cycles/pkt (lower = higher load)
  Active IPs:         0
  Worker threads:     14 (lcores 1-14)

[DPDK NIC STATISTICS]
  RX packets (NIC):   1347250335
  RX dropped (HW):    [0m0[0m (imissed)
  RX no mbufs:        [0m0[0m (buffer exhaustion)
  RX errors:          0
  Total drops:        [0m0 (0.00%)[0m
  RX burst calls:     270997484223 (99.5% empty)
  Processed pkts:     1347250707 (100.0% of NIC RX)


╔═══════════════════════════════════════════════════════════════════════╗
║          MIRA DDoS DETECTOR - STATISTICS (MULTI-CORE)                ║
╚═══════════════════════════════════════════════════════════════════════╝

[PACKET COUNTERS - GLOBAL]
  Total packets:      1356855818
  Baseline (10.10.2.x): 0 (0.0%)
  Attack (10.10.3.x): 1356855818 (100.0%)
  TCP packets:        0
  UDP packets:        1356855818
  ICMP packets:       0

[INSTANTANEOUS TRAFFIC - Last 5.0 seconds]
  Baseline (10.10.2.x): 0 pkts (0.0%)  0 bytes  0.00 Gbps
  Attack (10.10.3.x): 9604986 pkts (100.0%)  864448830 bytes  1.38 Gbps
  Total throughput:   1.38 Gbps  (avg pkt: 90 bytes)

[CUMULATIVE TRAFFIC - Since first packet (706.9s)]
  Total received:     1356855818 pkts (1.92 Mpps) | 1.38 Gbps | 122117023620 bytes

[ATTACK-SPECIFIC COUNTERS]
  SYN packets:        0
  SYN-ACK packets:    0
  SYN/ACK ratio:      0.00
  HTTP requests:      0
  DNS queries:        0

[PROTOCOL-SPECIFIC COUNTERS - CIC-DDoS-2019 Features]
  NTP Amplification:
    Monlist queries:  1356855818
    Responses:        0  (avg size: 0 bytes)
  DNS Amplification:
    ANY queries:      0
    TXT queries:      0
    Responses:        0  (avg size: 0 bytes)
  SNMP Amplification:
    GetBulk requests: 0
    Responses:        0  (avg size: 0 bytes)
  SSDP:
    M-SEARCH packets: 0
    Responses:        0
  PortMapper:
    GETPORT calls:    0
    DUMP calls:       0
  NetBIOS:
    Name queries:     0
    Datagram packets: 0
  LDAP:
    Bind requests:    0
    Search requests:  0
  MSSQL:
    SQLBatch packets: 0
    RPC packets:      0
  TFTP:
    RRQ (read) pkts:  0
    WRQ (write) pkts: 0

[ATTACK DETECTIONS - Cumulative Events]
  UDP flood events:   13688
  UDP-lag events:     0
  SYN flood events:   0
  HTTP flood events:  0
  ICMP flood events:  0
  DNS amp events:     0
  NTP amp events:     13688
  SNMP amp events:    0
  SSDP events:        0
  PortMap events:     0
  NetBIOS events:     0
  LDAP events:        0
  MSSQL events:       0
  TFTP events:        0
  ACK flood events:   0
  Frag attack events: 0
  Packet flood events:0
  (Note: Events count IPs exceeding thresholds per 50ms window)

[ALERT STATUS]
  Alert level:        [1;31mHIGH[0m
  Reason:             [1;31mUDP FLOOD detected: 628036110 UDP pps | NTP AMP detected: 1919154 qps | [0m

[MULTI-LF (2025) COMPARISON]
=== Detection Performance vs ML-Based System ===

  First Detection Latency:   147.16 ms (vs MULTI-LF: 866 ms)
    Improvement:             5.9× faster

  Packets until detection:   0
  Bytes until detection:     0 (0.00 MB)

[OCTOSKETCH METRICS - Optimized Architecture]
=== Per-Worker Sketches + Sampling (1/32 packets) ===

  Architecture:              Per-worker (NO atomics, NO contention)
  Total sketch memory:       5377 KB (14 workers × 384.1 KB)
  Sampling rate:             1 in 32 packets (3.1% overhead)
  Attack traffic sampled:    4145728 updates
  Estimated attack packets:  132663296 (×32 sampling factor)
  Sketch overhead:           ~1.56% of fast-path cycles
  Memory efficiency:         O(1) constant, 384.1 KB per worker

[MULTIPLE DETECTION STATISTICS]
=== Aggregate Detection Analysis ===

  Total detection events:    13688
  Average detection latency: 51.64 ms
  Min detection latency:     50.22 ms
  Max detection latency:     251.52 ms
  Latency range:             201.30 ms

  Detection Latency Histogram:
    < 20 ms:  0 detections (0.0%)
    20-30 ms: 0 detections (0.0%)
    30-40 ms: 0 detections (0.0%)
    40-50 ms: 0 detections (0.0%)
    > 50 ms:  13687 detections (100.0%)

[PERFORMANCE METRICS]
  Throughput:         1.38 Gbps (1.92 Mpps)
  Cycles available:   1558 cycles/pkt (lower = higher load)
  Active IPs:         0
  Worker threads:     14 (lcores 1-14)

[DPDK NIC STATISTICS]
  RX packets (NIC):   1356855466
  RX dropped (HW):    [0m0[0m (imissed)
  RX no mbufs:        [0m0[0m (buffer exhaustion)
  RX errors:          0
  Total drops:        [0m0 (0.00%)[0m
  RX burst calls:     272874104493 (99.5% empty)
  Processed pkts:     1356855818 (100.0% of NIC RX)


╔═══════════════════════════════════════════════════════════════════════╗
║          MIRA DDoS DETECTOR - STATISTICS (MULTI-CORE)                ║
╚═══════════════════════════════════════════════════════════════════════╝

[PACKET COUNTERS - GLOBAL]
  Total packets:      1366457794
  Baseline (10.10.2.x): 0 (0.0%)
  Attack (10.10.3.x): 1366457794 (100.0%)
  TCP packets:        0
  UDP packets:        1366457794
  ICMP packets:       0

[INSTANTANEOUS TRAFFIC - Last 5.0 seconds]
  Baseline (10.10.2.x): 0 pkts (0.0%)  0 bytes  0.00 Gbps
  Attack (10.10.3.x): 9601879 pkts (100.0%)  926646300 bytes  1.48 Gbps
  Total throughput:   1.48 Gbps  (avg pkt: 97 bytes)

[CUMULATIVE TRAFFIC - Since first packet (711.9s)]
  Total received:     1366457794 pkts (1.92 Mpps) | 1.38 Gbps | 122981201460 bytes

[ATTACK-SPECIFIC COUNTERS]
  SYN packets:        0
  SYN-ACK packets:    0
  SYN/ACK ratio:      0.00
  HTTP requests:      0
  DNS queries:        0

[PROTOCOL-SPECIFIC COUNTERS - CIC-DDoS-2019 Features]
  NTP Amplification:
    Monlist queries:  1366457794
    Responses:        0  (avg size: 0 bytes)
  DNS Amplification:
    ANY queries:      0
    TXT queries:      0
    Responses:        0  (avg size: 0 bytes)
  SNMP Amplification:
    GetBulk requests: 0
    Responses:        0  (avg size: 0 bytes)
  SSDP:
    M-SEARCH packets: 0
    Responses:        0
  PortMapper:
    GETPORT calls:    0
    DUMP calls:       0
  NetBIOS:
    Name queries:     0
    Datagram packets: 0
  LDAP:
    Bind requests:    0
    Search requests:  0
  MSSQL:
    SQLBatch packets: 0
    RPC packets:      0
  TFTP:
    RRQ (read) pkts:  0
    WRQ (write) pkts: 0

[ATTACK DETECTIONS - Cumulative Events]
  UDP flood events:   13786
  UDP-lag events:     0
  SYN flood events:   0
  HTTP flood events:  0
  ICMP flood events:  0
  DNS amp events:     0
  NTP amp events:     13786
  SNMP amp events:    0
  SSDP events:        0
  PortMap events:     0
  NetBIOS events:     0
  LDAP events:        0
  MSSQL events:       0
  TFTP events:        0
  ACK flood events:   0
  Frag attack events: 0
  Packet flood events:0
  (Note: Events count IPs exceeding thresholds per 50ms window)

[ALERT STATUS]
  Alert level:        [1;31mHIGH[0m
  Reason:             [1;31mUDP FLOOD detected: 632505102 UDP pps | NTP AMP detected: 1918400 qps | [0m

[MULTI-LF (2025) COMPARISON]
=== Detection Performance vs ML-Based System ===

  First Detection Latency:   147.16 ms (vs MULTI-LF: 866 ms)
    Improvement:             5.9× faster

  Packets until detection:   0
  Bytes until detection:     0 (0.00 MB)

[OCTOSKETCH METRICS - Optimized Architecture]
=== Per-Worker Sketches + Sampling (1/32 packets) ===

  Architecture:              Per-worker (NO atomics, NO contention)
  Total sketch memory:       5377 KB (14 workers × 384.1 KB)
  Sampling rate:             1 in 32 packets (3.1% overhead)
  Attack traffic sampled:    4143968 updates
  Estimated attack packets:  132606976 (×32 sampling factor)
  Sketch overhead:           ~1.56% of fast-path cycles
  Memory efficiency:         O(1) constant, 384.1 KB per worker

[MULTIPLE DETECTION STATISTICS]
=== Aggregate Detection Analysis ===

  Total detection events:    13786
  Average detection latency: 51.64 ms
  Min detection latency:     50.22 ms
  Max detection latency:     251.52 ms
  Latency range:             201.30 ms

  Detection Latency Histogram:
    < 20 ms:  0 detections (0.0%)
    20-30 ms: 0 detections (0.0%)
    30-40 ms: 0 detections (0.0%)
    40-50 ms: 0 detections (0.0%)
    > 50 ms:  13785 detections (100.0%)

[PERFORMANCE METRICS]
  Throughput:         1.48 Gbps (1.92 Mpps)
  Cycles available:   1558 cycles/pkt (lower = higher load)
  Active IPs:         0
  Worker threads:     14 (lcores 1-14)

[DPDK NIC STATISTICS]
  RX packets (NIC):   1366457428
  RX dropped (HW):    [0m0[0m (imissed)
  RX no mbufs:        [0m0[0m (buffer exhaustion)
  RX errors:          0
  Total drops:        [0m0 (0.00%)[0m
  RX burst calls:     274750740823 (99.5% empty)
  Processed pkts:     1366457794 (100.0% of NIC RX)


╔═══════════════════════════════════════════════════════════════════════╗
║          MIRA DDoS DETECTOR - STATISTICS (MULTI-CORE)                ║
╚═══════════════════════════════════════════════════════════════════════╝

[PACKET COUNTERS - GLOBAL]
  Total packets:      1376061475
  Baseline (10.10.2.x): 0 (0.0%)
  Attack (10.10.3.x): 1376061475 (100.0%)
  TCP packets:        0
  UDP packets:        1376061475
  ICMP packets:       0

[INSTANTANEOUS TRAFFIC - Last 5.0 seconds]
  Baseline (10.10.2.x): 0 pkts (0.0%)  0 bytes  0.00 Gbps
  Attack (10.10.3.x): 9603579 pkts (100.0%)  864322110 bytes  1.38 Gbps
  Total throughput:   1.38 Gbps  (avg pkt: 90 bytes)

[CUMULATIVE TRAFFIC - Since first packet (716.9s)]
  Total received:     1376061475 pkts (1.92 Mpps) | 1.38 Gbps | 123845532750 bytes

[ATTACK-SPECIFIC COUNTERS]
  SYN packets:        0
  SYN-ACK packets:    0
  SYN/ACK ratio:      0.00
  HTTP requests:      0
  DNS queries:        0

[PROTOCOL-SPECIFIC COUNTERS - CIC-DDoS-2019 Features]
  NTP Amplification:
    Monlist queries:  1376061475
    Responses:        0  (avg size: 0 bytes)
  DNS Amplification:
    ANY queries:      0
    TXT queries:      0
    Responses:        0  (avg size: 0 bytes)
  SNMP Amplification:
    GetBulk requests: 0
    Responses:        0  (avg size: 0 bytes)
  SSDP:
    M-SEARCH packets: 0
    Responses:        0
  PortMapper:
    GETPORT calls:    0
    DUMP calls:       0
  NetBIOS:
    Name queries:     0
    Datagram packets: 0
  LDAP:
    Bind requests:    0
    Search requests:  0
  MSSQL:
    SQLBatch packets: 0
    RPC packets:      0
  TFTP:
    RRQ (read) pkts:  0
    WRQ (write) pkts: 0

[ATTACK DETECTIONS - Cumulative Events]
  UDP flood events:   13883
  UDP-lag events:     0
  SYN flood events:   0
  HTTP flood events:  0
  ICMP flood events:  0
  DNS amp events:     0
  NTP amp events:     13883
  SNMP amp events:    0
  SSDP events:        0
  PortMap events:     0
  NetBIOS events:     0
  LDAP events:        0
  MSSQL events:       0
  TFTP events:        0
  ACK flood events:   0
  Frag attack events: 0
  Packet flood events:0
  (Note: Events count IPs exceeding thresholds per 50ms window)

[ALERT STATUS]
  Alert level:        [1;31mHIGH[0m
  Reason:             [1;31mUDP FLOOD detected: 652082936 UDP pps | NTP AMP detected: 1918755 qps | [0m

[MULTI-LF (2025) COMPARISON]
=== Detection Performance vs ML-Based System ===

  First Detection Latency:   147.16 ms (vs MULTI-LF: 866 ms)
    Improvement:             5.9× faster

  Packets until detection:   0
  Bytes until detection:     0 (0.00 MB)

[OCTOSKETCH METRICS - Optimized Architecture]
=== Per-Worker Sketches + Sampling (1/32 packets) ===

  Architecture:              Per-worker (NO atomics, NO contention)
  Total sketch memory:       5377 KB (14 workers × 384.1 KB)
  Sampling rate:             1 in 32 packets (3.1% overhead)
  Attack traffic sampled:    4048256 updates
  Estimated attack packets:  129544192 (×32 sampling factor)
  Sketch overhead:           ~1.56% of fast-path cycles
  Memory efficiency:         O(1) constant, 384.1 KB per worker

[MULTIPLE DETECTION STATISTICS]
=== Aggregate Detection Analysis ===

  Total detection events:    13883
  Average detection latency: 51.64 ms
  Min detection latency:     50.22 ms
  Max detection latency:     251.52 ms
  Latency range:             201.30 ms

  Detection Latency Histogram:
    < 20 ms:  0 detections (0.0%)
    20-30 ms: 0 detections (0.0%)
    30-40 ms: 0 detections (0.0%)
    40-50 ms: 0 detections (0.0%)
    > 50 ms:  13882 detections (100.0%)

[PERFORMANCE METRICS]
  Throughput:         1.38 Gbps (1.92 Mpps)
  Cycles available:   1558 cycles/pkt (lower = higher load)
  Active IPs:         0
  Worker threads:     14 (lcores 1-14)

[DPDK NIC STATISTICS]
  RX packets (NIC):   1376061116
  RX dropped (HW):    [0m0[0m (imissed)
  RX no mbufs:        [0m0[0m (buffer exhaustion)
  RX errors:          0
  Total drops:        [0m0 (0.00%)[0m
  RX burst calls:     276627450828 (99.5% empty)
  Processed pkts:     1376061475 (100.0% of NIC RX)


╔═══════════════════════════════════════════════════════════════════════╗
║          MIRA DDoS DETECTOR - STATISTICS (MULTI-CORE)                ║
╚═══════════════════════════════════════════════════════════════════════╝

[PACKET COUNTERS - GLOBAL]
  Total packets:      1385665954
  Baseline (10.10.2.x): 0 (0.0%)
  Attack (10.10.3.x): 1385665954 (100.0%)
  TCP packets:        0
  UDP packets:        1385665954
  ICMP packets:       0

[INSTANTANEOUS TRAFFIC - Last 5.0 seconds]
  Baseline (10.10.2.x): 0 pkts (0.0%)  0 bytes  0.00 Gbps
  Attack (10.10.3.x): 9604371 pkts (100.0%)  864393390 bytes  1.38 Gbps
  Total throughput:   1.38 Gbps  (avg pkt: 90 bytes)

[CUMULATIVE TRAFFIC - Since first packet (721.9s)]
  Total received:     1385665954 pkts (1.92 Mpps) | 1.38 Gbps | 124709935860 bytes

[ATTACK-SPECIFIC COUNTERS]
  SYN packets:        0
  SYN-ACK packets:    0
  SYN/ACK ratio:      0.00
  HTTP requests:      0
  DNS queries:        0

[PROTOCOL-SPECIFIC COUNTERS - CIC-DDoS-2019 Features]
  NTP Amplification:
    Monlist queries:  1385665954
    Responses:        0  (avg size: 0 bytes)
  DNS Amplification:
    ANY queries:      0
    TXT queries:      0
    Responses:        0  (avg size: 0 bytes)
  SNMP Amplification:
    GetBulk requests: 0
    Responses:        0  (avg size: 0 bytes)
  SSDP:
    M-SEARCH packets: 0
    Responses:        0
  PortMapper:
    GETPORT calls:    0
    DUMP calls:       0
  NetBIOS:
    Name queries:     0
    Datagram packets: 0
  LDAP:
    Bind requests:    0
    Search requests:  0
  MSSQL:
    SQLBatch packets: 0
    RPC packets:      0
  TFTP:
    RRQ (read) pkts:  0
    WRQ (write) pkts: 0

[ATTACK DETECTIONS - Cumulative Events]
  UDP flood events:   13981
  UDP-lag events:     0
  SYN flood events:   0
  HTTP flood events:  0
  ICMP flood events:  0
  DNS amp events:     0
  NTP amp events:     13981
  SNMP amp events:    0
  SSDP events:        0
  PortMap events:     0
  NetBIOS events:     0
  LDAP events:        0
  MSSQL events:       0
  TFTP events:        0
  ACK flood events:   0
  Frag attack events: 0
  Packet flood events:0
  (Note: Events count IPs exceeding thresholds per 50ms window)

[ALERT STATUS]
  Alert level:        [1;31mHIGH[0m
  Reason:             [1;31mUDP FLOOD detected: 656639210 UDP pps | NTP AMP detected: 1920022 qps | [0m

[MULTI-LF (2025) COMPARISON]
=== Detection Performance vs ML-Based System ===

  First Detection Latency:   147.16 ms (vs MULTI-LF: 866 ms)
    Improvement:             5.9× faster

  Packets until detection:   0
  Bytes until detection:     0 (0.00 MB)

[OCTOSKETCH METRICS - Optimized Architecture]
=== Per-Worker Sketches + Sampling (1/32 packets) ===

  Architecture:              Per-worker (NO atomics, NO contention)
  Total sketch memory:       5377 KB (14 workers × 384.1 KB)
  Sampling rate:             1 in 32 packets (3.1% overhead)
  Attack traffic sampled:    4051136 updates
  Estimated attack packets:  129636352 (×32 sampling factor)
  Sketch overhead:           ~1.56% of fast-path cycles
  Memory efficiency:         O(1) constant, 384.1 KB per worker

[MULTIPLE DETECTION STATISTICS]
=== Aggregate Detection Analysis ===

  Total detection events:    13981
  Average detection latency: 51.64 ms
  Min detection latency:     50.22 ms
  Max detection latency:     251.52 ms
  Latency range:             201.30 ms

  Detection Latency Histogram:
    < 20 ms:  0 detections (0.0%)
    20-30 ms: 0 detections (0.0%)
    30-40 ms: 0 detections (0.0%)
    40-50 ms: 0 detections (0.0%)
    > 50 ms:  13980 detections (100.0%)

[PERFORMANCE METRICS]
  Throughput:         1.38 Gbps (1.92 Mpps)
  Cycles available:   1558 cycles/pkt (lower = higher load)
  Active IPs:         0
  Worker threads:     14 (lcores 1-14)

[DPDK NIC STATISTICS]
  RX packets (NIC):   1385665617
  RX dropped (HW):    [0m0[0m (imissed)
  RX no mbufs:        [0m0[0m (buffer exhaustion)
  RX errors:          0
  Total drops:        [0m0 (0.00%)[0m
  RX burst calls:     278504489882 (99.5% empty)
  Processed pkts:     1385665954 (100.0% of NIC RX)


╔═══════════════════════════════════════════════════════════════════════╗
║          MIRA DDoS DETECTOR - STATISTICS (MULTI-CORE)                ║
╚═══════════════════════════════════════════════════════════════════════╝

[PACKET COUNTERS - GLOBAL]
  Total packets:      1395271826
  Baseline (10.10.2.x): 0 (0.0%)
  Attack (10.10.3.x): 1395271826 (100.0%)
  TCP packets:        0
  UDP packets:        1395271826
  ICMP packets:       0

[INSTANTANEOUS TRAFFIC - Last 5.0 seconds]
  Baseline (10.10.2.x): 0 pkts (0.0%)  0 bytes  0.00 Gbps
  Attack (10.10.3.x): 9605761 pkts (100.0%)  864518490 bytes  1.38 Gbps
  Total throughput:   1.38 Gbps  (avg pkt: 90 bytes)

[CUMULATIVE TRAFFIC - Since first packet (726.9s)]
  Total received:     1395271826 pkts (1.92 Mpps) | 1.38 Gbps | 125574464340 bytes

[ATTACK-SPECIFIC COUNTERS]
  SYN packets:        0
  SYN-ACK packets:    0
  SYN/ACK ratio:      0.00
  HTTP requests:      0
  DNS queries:        0

[PROTOCOL-SPECIFIC COUNTERS - CIC-DDoS-2019 Features]
  NTP Amplification:
    Monlist queries:  1395271826
    Responses:        0  (avg size: 0 bytes)
  DNS Amplification:
    ANY queries:      0
    TXT queries:      0
    Responses:        0  (avg size: 0 bytes)
  SNMP Amplification:
    GetBulk requests: 0
    Responses:        0  (avg size: 0 bytes)
  SSDP:
    M-SEARCH packets: 0
    Responses:        0
  PortMapper:
    GETPORT calls:    0
    DUMP calls:       0
  NetBIOS:
    Name queries:     0
    Datagram packets: 0
  LDAP:
    Bind requests:    0
    Search requests:  0
  MSSQL:
    SQLBatch packets: 0
    RPC packets:      0
  TFTP:
    RRQ (read) pkts:  0
    WRQ (write) pkts: 0

[ATTACK DETECTIONS - Cumulative Events]
  UDP flood events:   14079
  UDP-lag events:     0
  SYN flood events:   0
  HTTP flood events:  0
  ICMP flood events:  0
  DNS amp events:     0
  NTP amp events:     14079
  SNMP amp events:    0
  SSDP events:        0
  PortMap events:     0
  NetBIOS events:     0
  LDAP events:        0
  MSSQL events:       0
  TFTP events:        0
  ACK flood events:   0
  Frag attack events: 0
  Packet flood events:0
  (Note: Events count IPs exceeding thresholds per 50ms window)

[ALERT STATUS]
  Alert level:        [1;31mHIGH[0m
  Reason:             [1;31mUDP FLOOD detected: 661222319 UDP pps | NTP AMP detected: 1919043 qps | [0m

[MULTI-LF (2025) COMPARISON]
=== Detection Performance vs ML-Based System ===

  First Detection Latency:   147.16 ms (vs MULTI-LF: 866 ms)
    Improvement:             5.9× faster

  Packets until detection:   0
  Bytes until detection:     0 (0.00 MB)

[OCTOSKETCH METRICS - Optimized Architecture]
=== Per-Worker Sketches + Sampling (1/32 packets) ===

  Architecture:              Per-worker (NO atomics, NO contention)
  Total sketch memory:       5377 KB (14 workers × 384.1 KB)
  Sampling rate:             1 in 32 packets (3.1% overhead)
  Attack traffic sampled:    4048928 updates
  Estimated attack packets:  129565696 (×32 sampling factor)
  Sketch overhead:           ~1.56% of fast-path cycles
  Memory efficiency:         O(1) constant, 384.1 KB per worker

[MULTIPLE DETECTION STATISTICS]
=== Aggregate Detection Analysis ===

  Total detection events:    14079
  Average detection latency: 51.63 ms
  Min detection latency:     50.22 ms
  Max detection latency:     251.52 ms
  Latency range:             201.30 ms

  Detection Latency Histogram:
    < 20 ms:  0 detections (0.0%)
    20-30 ms: 0 detections (0.0%)
    30-40 ms: 0 detections (0.0%)
    40-50 ms: 0 detections (0.0%)
    > 50 ms:  14078 detections (100.0%)

[PERFORMANCE METRICS]
  Throughput:         1.38 Gbps (1.92 Mpps)
  Cycles available:   1558 cycles/pkt (lower = higher load)
  Active IPs:         0
  Worker threads:     14 (lcores 1-14)

[DPDK NIC STATISTICS]
  RX packets (NIC):   1395271478
  RX dropped (HW):    [0m0[0m (imissed)
  RX no mbufs:        [0m0[0m (buffer exhaustion)
  RX errors:          0
  Total drops:        [0m0 (0.00%)[0m
  RX burst calls:     280381527560 (99.5% empty)
  Processed pkts:     1395271826 (100.0% of NIC RX)


╔═══════════════════════════════════════════════════════════════════════╗
║          MIRA DDoS DETECTOR - STATISTICS (MULTI-CORE)                ║
╚═══════════════════════════════════════════════════════════════════════╝

[PACKET COUNTERS - GLOBAL]
  Total packets:      1404875961
  Baseline (10.10.2.x): 0 (0.0%)
  Attack (10.10.3.x): 1404875961 (100.0%)
  TCP packets:        0
  UDP packets:        1404875962
  ICMP packets:       0

[INSTANTANEOUS TRAFFIC - Last 5.0 seconds]
  Baseline (10.10.2.x): 0 pkts (0.0%)  0 bytes  0.00 Gbps
  Attack (10.10.3.x): 9604014 pkts (100.0%)  864361260 bytes  1.38 Gbps
  Total throughput:   1.38 Gbps  (avg pkt: 90 bytes)

[CUMULATIVE TRAFFIC - Since first packet (731.9s)]
  Total received:     1404875961 pkts (1.92 Mpps) | 1.38 Gbps | 126438836580 bytes

[ATTACK-SPECIFIC COUNTERS]
  SYN packets:        0
  SYN-ACK packets:    0
  SYN/ACK ratio:      0.00
  HTTP requests:      0
  DNS queries:        0

[PROTOCOL-SPECIFIC COUNTERS - CIC-DDoS-2019 Features]
  NTP Amplification:
    Monlist queries:  1404875962
    Responses:        0  (avg size: 0 bytes)
  DNS Amplification:
    ANY queries:      0
    TXT queries:      0
    Responses:        0  (avg size: 0 bytes)
  SNMP Amplification:
    GetBulk requests: 0
    Responses:        0  (avg size: 0 bytes)
  SSDP:
    M-SEARCH packets: 0
    Responses:        0
  PortMapper:
    GETPORT calls:    0
    DUMP calls:       0
  NetBIOS:
    Name queries:     0
    Datagram packets: 0
  LDAP:
    Bind requests:    0
    Search requests:  0
  MSSQL:
    SQLBatch packets: 0
    RPC packets:      0
  TFTP:
    RRQ (read) pkts:  0
    WRQ (write) pkts: 0

[ATTACK DETECTIONS - Cumulative Events]
  UDP flood events:   14176
  UDP-lag events:     0
  SYN flood events:   0
  HTTP flood events:  0
  ICMP flood events:  0
  DNS amp events:     0
  NTP amp events:     14176
  SNMP amp events:    0
  SSDP events:        0
  PortMap events:     0
  NetBIOS events:     0
  LDAP events:        0
  MSSQL events:       0
  TFTP events:        0
  ACK flood events:   0
  Frag attack events: 0
  Packet flood events:0
  (Note: Events count IPs exceeding thresholds per 50ms window)

[ALERT STATUS]
  Alert level:        [1;31mHIGH[0m
  Reason:             [1;31mUDP FLOOD detected: 681982311 UDP pps | NTP AMP detected: 1919580 qps | [0m

[MULTI-LF (2025) COMPARISON]
=== Detection Performance vs ML-Based System ===

  First Detection Latency:   147.16 ms (vs MULTI-LF: 866 ms)
    Improvement:             5.9× faster

  Packets until detection:   0
  Bytes until detection:     0 (0.00 MB)

[OCTOSKETCH METRICS - Optimized Architecture]
=== Per-Worker Sketches + Sampling (1/32 packets) ===

  Architecture:              Per-worker (NO atomics, NO contention)
  Total sketch memory:       5377 KB (14 workers × 384.1 KB)
  Sampling rate:             1 in 32 packets (3.1% overhead)
  Attack traffic sampled:    3953600 updates
  Estimated attack packets:  126515200 (×32 sampling factor)
  Sketch overhead:           ~1.56% of fast-path cycles
  Memory efficiency:         O(1) constant, 384.1 KB per worker

[MULTIPLE DETECTION STATISTICS]
=== Aggregate Detection Analysis ===

  Total detection events:    14176
  Average detection latency: 51.63 ms
  Min detection latency:     50.22 ms
  Max detection latency:     251.52 ms
  Latency range:             201.30 ms

  Detection Latency Histogram:
    < 20 ms:  0 detections (0.0%)
    20-30 ms: 0 detections (0.0%)
    30-40 ms: 0 detections (0.0%)
    40-50 ms: 0 detections (0.0%)
    > 50 ms:  14175 detections (100.0%)

[PERFORMANCE METRICS]
  Throughput:         1.38 Gbps (1.92 Mpps)
  Cycles available:   1558 cycles/pkt (lower = higher load)
  Active IPs:         0
  Worker threads:     14 (lcores 1-14)

[DPDK NIC STATISTICS]
  RX packets (NIC):   1404875631
  RX dropped (HW):    [0m0[0m (imissed)
  RX no mbufs:        [0m0[0m (buffer exhaustion)
  RX errors:          0
  Total drops:        [0m0 (0.00%)[0m
  RX burst calls:     282258239568 (99.5% empty)
  Processed pkts:     1404875961 (100.0% of NIC RX)


╔═══════════════════════════════════════════════════════════════════════╗
║          MIRA DDoS DETECTOR - STATISTICS (MULTI-CORE)                ║
╚═══════════════════════════════════════════════════════════════════════╝

[PACKET COUNTERS - GLOBAL]
  Total packets:      1414483612
  Baseline (10.10.2.x): 0 (0.0%)
  Attack (10.10.3.x): 1414483612 (100.0%)
  TCP packets:        0
  UDP packets:        1414483612
  ICMP packets:       0

[INSTANTANEOUS TRAFFIC - Last 5.0 seconds]
  Baseline (10.10.2.x): 0 pkts (0.0%)  0 bytes  0.00 Gbps
  Attack (10.10.3.x): 9607552 pkts (100.0%)  864679680 bytes  1.38 Gbps
  Total throughput:   1.38 Gbps  (avg pkt: 90 bytes)

[CUMULATIVE TRAFFIC - Since first packet (736.9s)]
  Total received:     1414483612 pkts (1.92 Mpps) | 1.38 Gbps | 127303525080 bytes

[ATTACK-SPECIFIC COUNTERS]
  SYN packets:        0
  SYN-ACK packets:    0
  SYN/ACK ratio:      0.00
  HTTP requests:      0
  DNS queries:        0

[PROTOCOL-SPECIFIC COUNTERS - CIC-DDoS-2019 Features]
  NTP Amplification:
    Monlist queries:  1414483612
    Responses:        0  (avg size: 0 bytes)
  DNS Amplification:
    ANY queries:      0
    TXT queries:      0
    Responses:        0  (avg size: 0 bytes)
  SNMP Amplification:
    GetBulk requests: 0
    Responses:        0  (avg size: 0 bytes)
  SSDP:
    M-SEARCH packets: 0
    Responses:        0
  PortMapper:
    GETPORT calls:    0
    DUMP calls:       0
  NetBIOS:
    Name queries:     0
    Datagram packets: 0
  LDAP:
    Bind requests:    0
    Search requests:  0
  MSSQL:
    SQLBatch packets: 0
    RPC packets:      0
  TFTP:
    RRQ (read) pkts:  0
    WRQ (write) pkts: 0

[ATTACK DETECTIONS - Cumulative Events]
  UDP flood events:   14274
  UDP-lag events:     0
  SYN flood events:   0
  HTTP flood events:  0
  ICMP flood events:  0
  DNS amp events:     0
  NTP amp events:     14274
  SNMP amp events:    0
  SSDP events:        0
  PortMap events:     0
  NetBIOS events:     0
  LDAP events:        0
  MSSQL events:       0
  TFTP events:        0
  ACK flood events:   0
  Frag attack events: 0
  Packet flood events:0
  (Note: Events count IPs exceeding thresholds per 50ms window)

[ALERT STATUS]
  Alert level:        [1;31mHIGH[0m
  Reason:             [1;31mUDP FLOOD detected: 686658575 UDP pps | NTP AMP detected: 1919449 qps | [0m

[MULTI-LF (2025) COMPARISON]
=== Detection Performance vs ML-Based System ===

  First Detection Latency:   147.16 ms (vs MULTI-LF: 866 ms)
    Improvement:             5.9× faster

  Packets until detection:   0
  Bytes until detection:     0 (0.00 MB)

[OCTOSKETCH METRICS - Optimized Architecture]
=== Per-Worker Sketches + Sampling (1/32 packets) ===

  Architecture:              Per-worker (NO atomics, NO contention)
  Total sketch memory:       5377 KB (14 workers × 384.1 KB)
  Sampling rate:             1 in 32 packets (3.1% overhead)
  Attack traffic sampled:    3953408 updates
  Estimated attack packets:  126509056 (×32 sampling factor)
  Sketch overhead:           ~1.56% of fast-path cycles
  Memory efficiency:         O(1) constant, 384.1 KB per worker

[MULTIPLE DETECTION STATISTICS]
=== Aggregate Detection Analysis ===

  Total detection events:    14274
  Average detection latency: 51.63 ms
  Min detection latency:     50.22 ms
  Max detection latency:     251.52 ms
  Latency range:             201.30 ms

  Detection Latency Histogram:
    < 20 ms:  0 detections (0.0%)
    20-30 ms: 0 detections (0.0%)
    30-40 ms: 0 detections (0.0%)
    40-50 ms: 0 detections (0.0%)
    > 50 ms:  14273 detections (100.0%)

[PERFORMANCE METRICS]
  Throughput:         1.38 Gbps (1.92 Mpps)
  Cycles available:   1557 cycles/pkt (lower = higher load)
  Active IPs:         0
  Worker threads:     14 (lcores 1-14)

[DPDK NIC STATISTICS]
  RX packets (NIC):   1414483266
  RX dropped (HW):    [0m0[0m (imissed)
  RX no mbufs:        [0m0[0m (buffer exhaustion)
  RX errors:          0
  Total drops:        [0m0 (0.00%)[0m
  RX burst calls:     284135139959 (99.5% empty)
  Processed pkts:     1414483612 (100.0% of NIC RX)


╔═══════════════════════════════════════════════════════════════════════╗
║          MIRA DDoS DETECTOR - STATISTICS (MULTI-CORE)                ║
╚═══════════════════════════════════════════════════════════════════════╝

[PACKET COUNTERS - GLOBAL]
  Total packets:      1424086499
  Baseline (10.10.2.x): 0 (0.0%)
  Attack (10.10.3.x): 1424086499 (100.0%)
  TCP packets:        0
  UDP packets:        1424086499
  ICMP packets:       0

[INSTANTANEOUS TRAFFIC - Last 5.0 seconds]
  Baseline (10.10.2.x): 0 pkts (0.0%)  0 bytes  0.00 Gbps
  Attack (10.10.3.x): 9602803 pkts (100.0%)  864252270 bytes  1.38 Gbps
  Total throughput:   1.38 Gbps  (avg pkt: 90 bytes)

[CUMULATIVE TRAFFIC - Since first packet (741.9s)]
  Total received:     1424086499 pkts (1.92 Mpps) | 1.38 Gbps | 128167784910 bytes

[ATTACK-SPECIFIC COUNTERS]
  SYN packets:        0
  SYN-ACK packets:    0
  SYN/ACK ratio:      0.00
  HTTP requests:      0
  DNS queries:        0

[PROTOCOL-SPECIFIC COUNTERS - CIC-DDoS-2019 Features]
  NTP Amplification:
    Monlist queries:  1424086499
    Responses:        0  (avg size: 0 bytes)
  DNS Amplification:
    ANY queries:      0
    TXT queries:      0
    Responses:        0  (avg size: 0 bytes)
  SNMP Amplification:
    GetBulk requests: 0
    Responses:        0  (avg size: 0 bytes)
  SSDP:
    M-SEARCH packets: 0
    Responses:        0
  PortMapper:
    GETPORT calls:    0
    DUMP calls:       0
  NetBIOS:
    Name queries:     0
    Datagram packets: 0
  LDAP:
    Bind requests:    0
    Search requests:  0
  MSSQL:
    SQLBatch packets: 0
    RPC packets:      0
  TFTP:
    RRQ (read) pkts:  0
    WRQ (write) pkts: 0

[ATTACK DETECTIONS - Cumulative Events]
  UDP flood events:   14371
  UDP-lag events:     0
  SYN flood events:   0
  HTTP flood events:  0
  ICMP flood events:  0
  DNS amp events:     0
  NTP amp events:     14371
  SNMP amp events:    0
  SSDP events:        0
  PortMap events:     0
  NetBIOS events:     0
  LDAP events:        0
  MSSQL events:       0
  TFTP events:        0
  ACK flood events:   0
  Frag attack events: 0
  Packet flood events:0
  (Note: Events count IPs exceeding thresholds per 50ms window)

[ALERT STATUS]
  Alert level:        [1;31mHIGH[0m
  Reason:             [1;31mUDP FLOOD detected: 708570823 UDP pps | NTP AMP detected: 1918548 qps | [0m

[MULTI-LF (2025) COMPARISON]
=== Detection Performance vs ML-Based System ===

  First Detection Latency:   147.16 ms (vs MULTI-LF: 866 ms)
    Improvement:             5.9× faster

  Packets until detection:   0
  Bytes until detection:     0 (0.00 MB)

[OCTOSKETCH METRICS - Optimized Architecture]
=== Per-Worker Sketches + Sampling (1/32 packets) ===

  Architecture:              Per-worker (NO atomics, NO contention)
  Total sketch memory:       5377 KB (14 workers × 384.1 KB)
  Sampling rate:             1 in 32 packets (3.1% overhead)
  Attack traffic sampled:    3855136 updates
  Estimated attack packets:  123364352 (×32 sampling factor)
  Sketch overhead:           ~1.56% of fast-path cycles
  Memory efficiency:         O(1) constant, 384.1 KB per worker

[MULTIPLE DETECTION STATISTICS]
=== Aggregate Detection Analysis ===

  Total detection events:    14371
  Average detection latency: 51.63 ms
  Min detection latency:     50.22 ms
  Max detection latency:     251.52 ms
  Latency range:             201.30 ms

  Detection Latency Histogram:
    < 20 ms:  0 detections (0.0%)
    20-30 ms: 0 detections (0.0%)
    30-40 ms: 0 detections (0.0%)
    40-50 ms: 0 detections (0.0%)
    > 50 ms:  14370 detections (100.0%)

[PERFORMANCE METRICS]
  Throughput:         1.38 Gbps (1.92 Mpps)
  Cycles available:   1558 cycles/pkt (lower = higher load)
  Active IPs:         0
  Worker threads:     14 (lcores 1-14)

[DPDK NIC STATISTICS]
  RX packets (NIC):   1424086143
  RX dropped (HW):    [0m0[0m (imissed)
  RX no mbufs:        [0m0[0m (buffer exhaustion)
  RX errors:          0
  Total drops:        [0m0 (0.00%)[0m
  RX burst calls:     286012056521 (99.5% empty)
  Processed pkts:     1424086499 (100.0% of NIC RX)


╔═══════════════════════════════════════════════════════════════════════╗
║          MIRA DDoS DETECTOR - STATISTICS (MULTI-CORE)                ║
╚═══════════════════════════════════════════════════════════════════════╝

[PACKET COUNTERS - GLOBAL]
  Total packets:      1433694512
  Baseline (10.10.2.x): 0 (0.0%)
  Attack (10.10.3.x): 1433694512 (100.0%)
  TCP packets:        0
  UDP packets:        1433694512
  ICMP packets:       0

[INSTANTANEOUS TRAFFIC - Last 5.0 seconds]
  Baseline (10.10.2.x): 0 pkts (0.0%)  0 bytes  0.00 Gbps
  Attack (10.10.3.x): 9607919 pkts (100.0%)  864712710 bytes  1.38 Gbps
  Total throughput:   1.38 Gbps  (avg pkt: 90 bytes)

[CUMULATIVE TRAFFIC - Since first packet (747.0s)]
  Total received:     1433694512 pkts (1.92 Mpps) | 1.38 Gbps | 129032506080 bytes

[ATTACK-SPECIFIC COUNTERS]
  SYN packets:        0
  SYN-ACK packets:    0
  SYN/ACK ratio:      0.00
  HTTP requests:      0
  DNS queries:        0

[PROTOCOL-SPECIFIC COUNTERS - CIC-DDoS-2019 Features]
  NTP Amplification:
    Monlist queries:  1433694512
    Responses:        0  (avg size: 0 bytes)
  DNS Amplification:
    ANY queries:      0
    TXT queries:      0
    Responses:        0  (avg size: 0 bytes)
  SNMP Amplification:
    GetBulk requests: 0
    Responses:        0  (avg size: 0 bytes)
  SSDP:
    M-SEARCH packets: 0
    Responses:        0
  PortMapper:
    GETPORT calls:    0
    DUMP calls:       0
  NetBIOS:
    Name queries:     0
    Datagram packets: 0
  LDAP:
    Bind requests:    0
    Search requests:  0
  MSSQL:
    SQLBatch packets: 0
    RPC packets:      0
  TFTP:
    RRQ (read) pkts:  0
    WRQ (write) pkts: 0

[ATTACK DETECTIONS - Cumulative Events]
  UDP flood events:   14469
  UDP-lag events:     0
  SYN flood events:   0
  HTTP flood events:  0
  ICMP flood events:  0
  DNS amp events:     0
  NTP amp events:     14469
  SNMP amp events:    0
  SSDP events:        0
  PortMap events:     0
  NetBIOS events:     0
  LDAP events:        0
  MSSQL events:       0
  TFTP events:        0
  ACK flood events:   0
  Frag attack events: 0
  Packet flood events:0
  (Note: Events count IPs exceeding thresholds per 50ms window)

[ALERT STATUS]
  Alert level:        [1;31mHIGH[0m
  Reason:             [1;31mUDP FLOOD detected: 713400935 UDP pps | NTP AMP detected: 1920160 qps | [0m

[MULTI-LF (2025) COMPARISON]
=== Detection Performance vs ML-Based System ===

  First Detection Latency:   147.16 ms (vs MULTI-LF: 866 ms)
    Improvement:             5.9× faster

  Packets until detection:   0
  Bytes until detection:     0 (0.00 MB)

[OCTOSKETCH METRICS - Optimized Architecture]
=== Per-Worker Sketches + Sampling (1/32 packets) ===

  Architecture:              Per-worker (NO atomics, NO contention)
  Total sketch memory:       5377 KB (14 workers × 384.1 KB)
  Sampling rate:             1 in 32 packets (3.1% overhead)
  Attack traffic sampled:    3858400 updates
  Estimated attack packets:  123468800 (×32 sampling factor)
  Sketch overhead:           ~1.56% of fast-path cycles
  Memory efficiency:         O(1) constant, 384.1 KB per worker

[MULTIPLE DETECTION STATISTICS]
=== Aggregate Detection Analysis ===

  Total detection events:    14469
  Average detection latency: 51.62 ms
  Min detection latency:     50.22 ms
  Max detection latency:     251.52 ms
  Latency range:             201.30 ms

  Detection Latency Histogram:
    < 20 ms:  0 detections (0.0%)
    20-30 ms: 0 detections (0.0%)
    30-40 ms: 0 detections (0.0%)
    40-50 ms: 0 detections (0.0%)
    > 50 ms:  14468 detections (100.0%)

[PERFORMANCE METRICS]
  Throughput:         1.38 Gbps (1.92 Mpps)
  Cycles available:   1557 cycles/pkt (lower = higher load)
  Active IPs:         0
  Worker threads:     14 (lcores 1-14)

[DPDK NIC STATISTICS]
  RX packets (NIC):   1433694142
  RX dropped (HW):    [0m0[0m (imissed)
  RX no mbufs:        [0m0[0m (buffer exhaustion)
  RX errors:          0
  Total drops:        [0m0 (0.00%)[0m
  RX burst calls:     287888794169 (99.5% empty)
  Processed pkts:     1433694512 (100.0% of NIC RX)


╔═══════════════════════════════════════════════════════════════════════╗
║          MIRA DDoS DETECTOR - STATISTICS (MULTI-CORE)                ║
╚═══════════════════════════════════════════════════════════════════════╝

[PACKET COUNTERS - GLOBAL]
  Total packets:      1443298234
  Baseline (10.10.2.x): 0 (0.0%)
  Attack (10.10.3.x): 1443298234 (100.0%)
  TCP packets:        0
  UDP packets:        1443298234
  ICMP packets:       0

[INSTANTANEOUS TRAFFIC - Last 5.0 seconds]
  Baseline (10.10.2.x): 0 pkts (0.0%)  0 bytes  0.00 Gbps
  Attack (10.10.3.x): 10297585 pkts (100.0%)  864324810 bytes  1.38 Gbps
  Total throughput:   1.38 Gbps  (avg pkt: 84 bytes)

[CUMULATIVE TRAFFIC - Since first packet (752.0s)]
  Total received:     1443298234 pkts (1.92 Mpps) | 1.38 Gbps | 129896841060 bytes

[ATTACK-SPECIFIC COUNTERS]
  SYN packets:        0
  SYN-ACK packets:    0
  SYN/ACK ratio:      0.00
  HTTP requests:      0
  DNS queries:        0

[PROTOCOL-SPECIFIC COUNTERS - CIC-DDoS-2019 Features]
  NTP Amplification:
    Monlist queries:  1443298234
    Responses:        0  (avg size: 0 bytes)
  DNS Amplification:
    ANY queries:      0
    TXT queries:      0
    Responses:        0  (avg size: 0 bytes)
  SNMP Amplification:
    GetBulk requests: 0
    Responses:        0  (avg size: 0 bytes)
  SSDP:
    M-SEARCH packets: 0
    Responses:        0
  PortMapper:
    GETPORT calls:    0
    DUMP calls:       0
  NetBIOS:
    Name queries:     0
    Datagram packets: 0
  LDAP:
    Bind requests:    0
    Search requests:  0
  MSSQL:
    SQLBatch packets: 0
    RPC packets:      0
  TFTP:
    RRQ (read) pkts:  0
    WRQ (write) pkts: 0

[ATTACK DETECTIONS - Cumulative Events]
  UDP flood events:   14568
  UDP-lag events:     0
  SYN flood events:   0
  HTTP flood events:  0
  ICMP flood events:  0
  DNS amp events:     0
  NTP amp events:     14568
  SNMP amp events:    0
  SSDP events:        0
  PortMap events:     0
  NetBIOS events:     0
  LDAP events:        0
  MSSQL events:       0
  TFTP events:        0
  ACK flood events:   0
  Frag attack events: 0
  Packet flood events:0
  (Note: Events count IPs exceeding thresholds per 50ms window)

[ALERT STATUS]
  Alert level:        [1;31mHIGH[0m
  Reason:             [1;31mUDP FLOOD detected: 718149364 UDP pps | NTP AMP detected: 1918513 qps | [0m

[MULTI-LF (2025) COMPARISON]
=== Detection Performance vs ML-Based System ===

  First Detection Latency:   147.16 ms (vs MULTI-LF: 866 ms)
    Improvement:             5.9× faster

  Packets until detection:   0
  Bytes until detection:     0 (0.00 MB)

[OCTOSKETCH METRICS - Optimized Architecture]
=== Per-Worker Sketches + Sampling (1/32 packets) ===

  Architecture:              Per-worker (NO atomics, NO contention)
  Total sketch memory:       5377 KB (14 workers × 384.1 KB)
  Sampling rate:             1 in 32 packets (3.1% overhead)
  Attack traffic sampled:    3855232 updates
  Estimated attack packets:  123367424 (×32 sampling factor)
  Sketch overhead:           ~1.56% of fast-path cycles
  Memory efficiency:         O(1) constant, 384.1 KB per worker

[MULTIPLE DETECTION STATISTICS]
=== Aggregate Detection Analysis ===

  Total detection events:    14568
  Average detection latency: 51.62 ms
  Min detection latency:     50.22 ms
  Max detection latency:     251.52 ms
  Latency range:             201.30 ms

  Detection Latency Histogram:
    < 20 ms:  0 detections (0.0%)
    20-30 ms: 0 detections (0.0%)
    30-40 ms: 0 detections (0.0%)
    40-50 ms: 0 detections (0.0%)
    > 50 ms:  14567 detections (100.0%)

[PERFORMANCE METRICS]
  Throughput:         1.38 Gbps (2.06 Mpps)
  Cycles available:   1453 cycles/pkt (lower = higher load)
  Active IPs:         0
  Worker threads:     14 (lcores 1-14)

[DPDK NIC STATISTICS]
  RX packets (NIC):   1443297843
  RX dropped (HW):    [0m0[0m (imissed)
  RX no mbufs:        [0m0[0m (buffer exhaustion)
  RX errors:          0
  Total drops:        [0m0 (0.00%)[0m
  RX burst calls:     289765462071 (99.5% empty)
  Processed pkts:     1443298234 (100.0% of NIC RX)


╔═══════════════════════════════════════════════════════════════════════╗
║          MIRA DDoS DETECTOR - STATISTICS (MULTI-CORE)                ║
╚═══════════════════════════════════════════════════════════════════════╝

[PACKET COUNTERS - GLOBAL]
  Total packets:      1452903822
  Baseline (10.10.2.x): 0 (0.0%)
  Attack (10.10.3.x): 1452903822 (100.0%)
  TCP packets:        0
  UDP packets:        1452903822
  ICMP packets:       0

[INSTANTANEOUS TRAFFIC - Last 5.0 seconds]
  Baseline (10.10.2.x): 0 pkts (0.0%)  0 bytes  0.00 Gbps
  Attack (10.10.3.x): 9605470 pkts (100.0%)  864492300 bytes  1.38 Gbps
  Total throughput:   1.38 Gbps  (avg pkt: 90 bytes)

[CUMULATIVE TRAFFIC - Since first packet (757.0s)]
  Total received:     1452903822 pkts (1.92 Mpps) | 1.38 Gbps | 130761343980 bytes

[ATTACK-SPECIFIC COUNTERS]
  SYN packets:        0
  SYN-ACK packets:    0
  SYN/ACK ratio:      0.00
  HTTP requests:      0
  DNS queries:        0

[PROTOCOL-SPECIFIC COUNTERS - CIC-DDoS-2019 Features]
  NTP Amplification:
    Monlist queries:  1452903822
    Responses:        0  (avg size: 0 bytes)
  DNS Amplification:
    ANY queries:      0
    TXT queries:      0
    Responses:        0  (avg size: 0 bytes)
  SNMP Amplification:
    GetBulk requests: 0
    Responses:        0  (avg size: 0 bytes)
  SSDP:
    M-SEARCH packets: 0
    Responses:        0
  PortMapper:
    GETPORT calls:    0
    DUMP calls:       0
  NetBIOS:
    Name queries:     0
    Datagram packets: 0
  LDAP:
    Bind requests:    0
    Search requests:  0
  MSSQL:
    SQLBatch packets: 0
    RPC packets:      0
  TFTP:
    RRQ (read) pkts:  0
    WRQ (write) pkts: 0

[ATTACK DETECTIONS - Cumulative Events]
  UDP flood events:   14665
  UDP-lag events:     0
  SYN flood events:   0
  HTTP flood events:  0
  ICMP flood events:  0
  DNS amp events:     0
  NTP amp events:     14665
  SNMP amp events:    0
  SSDP events:        0
  PortMap events:     0
  NetBIOS events:     0
  LDAP events:        0
  MSSQL events:       0
  TFTP events:        0
  ACK flood events:   0
  Frag attack events: 0
  Packet flood events:0
  (Note: Events count IPs exceeding thresholds per 50ms window)

[ALERT STATUS]
  Alert level:        [1;31mHIGH[0m
  Reason:             [1;31mUDP FLOOD detected: 741482590 UDP pps | NTP AMP detected: 1919548 qps | [0m

[MULTI-LF (2025) COMPARISON]
=== Detection Performance vs ML-Based System ===

  First Detection Latency:   147.16 ms (vs MULTI-LF: 866 ms)
    Improvement:             5.9× faster

  Packets until detection:   0
  Bytes until detection:     0 (0.00 MB)

[OCTOSKETCH METRICS - Optimized Architecture]
=== Per-Worker Sketches + Sampling (1/32 packets) ===

  Architecture:              Per-worker (NO atomics, NO contention)
  Total sketch memory:       5377 KB (14 workers × 384.1 KB)
  Sampling rate:             1 in 32 packets (3.1% overhead)
  Attack traffic sampled:    3760576 updates
  Estimated attack packets:  120338432 (×32 sampling factor)
  Sketch overhead:           ~1.56% of fast-path cycles
  Memory efficiency:         O(1) constant, 384.1 KB per worker

[MULTIPLE DETECTION STATISTICS]
=== Aggregate Detection Analysis ===

  Total detection events:    14665
  Average detection latency: 51.61 ms
  Min detection latency:     50.22 ms
  Max detection latency:     251.52 ms
  Latency range:             201.30 ms

  Detection Latency Histogram:
    < 20 ms:  0 detections (0.0%)
    20-30 ms: 0 detections (0.0%)
    30-40 ms: 0 detections (0.0%)
    40-50 ms: 0 detections (0.0%)
    > 50 ms:  14664 detections (100.0%)

[PERFORMANCE METRICS]
  Throughput:         1.38 Gbps (1.92 Mpps)
  Cycles available:   1558 cycles/pkt (lower = higher load)
  Active IPs:         0
  Worker threads:     14 (lcores 1-14)

[DPDK NIC STATISTICS]
  RX packets (NIC):   1452903451
  RX dropped (HW):    [0m0[0m (imissed)
  RX no mbufs:        [0m0[0m (buffer exhaustion)
  RX errors:          0
  Total drops:        [0m0 (0.00%)[0m
  RX burst calls:     291642063671 (99.5% empty)
  Processed pkts:     1452903822 (100.0% of NIC RX)


╔═══════════════════════════════════════════════════════════════════════╗
║          MIRA DDoS DETECTOR - STATISTICS (MULTI-CORE)                ║
╚═══════════════════════════════════════════════════════════════════════╝

[PACKET COUNTERS - GLOBAL]
  Total packets:      1462506918
  Baseline (10.10.2.x): 0 (0.0%)
  Attack (10.10.3.x): 1462506918 (100.0%)
  TCP packets:        0
  UDP packets:        1462506918
  ICMP packets:       0

[INSTANTANEOUS TRAFFIC - Last 5.0 seconds]
  Baseline (10.10.2.x): 0 pkts (0.0%)  0 bytes  0.00 Gbps
  Attack (10.10.3.x): 9602992 pkts (100.0%)  864269280 bytes  1.38 Gbps
  Total throughput:   1.38 Gbps  (avg pkt: 90 bytes)

[CUMULATIVE TRAFFIC - Since first packet (762.0s)]
  Total received:     1462506918 pkts (1.92 Mpps) | 1.38 Gbps | 131625622620 bytes

[ATTACK-SPECIFIC COUNTERS]
  SYN packets:        0
  SYN-ACK packets:    0
  SYN/ACK ratio:      0.00
  HTTP requests:      0
  DNS queries:        0

[PROTOCOL-SPECIFIC COUNTERS - CIC-DDoS-2019 Features]
  NTP Amplification:
    Monlist queries:  1462506918
    Responses:        0  (avg size: 0 bytes)
  DNS Amplification:
    ANY queries:      0
    TXT queries:      0
    Responses:        0  (avg size: 0 bytes)
  SNMP Amplification:
    GetBulk requests: 0
    Responses:        0  (avg size: 0 bytes)
  SSDP:
    M-SEARCH packets: 0
    Responses:        0
  PortMapper:
    GETPORT calls:    0
    DUMP calls:       0
  NetBIOS:
    Name queries:     0
    Datagram packets: 0
  LDAP:
    Bind requests:    0
    Search requests:  0
  MSSQL:
    SQLBatch packets: 0
    RPC packets:      0
  TFTP:
    RRQ (read) pkts:  0
    WRQ (write) pkts: 0

[ATTACK DETECTIONS - Cumulative Events]
  UDP flood events:   14763
  UDP-lag events:     0
  SYN flood events:   0
  HTTP flood events:  0
  ICMP flood events:  0
  DNS amp events:     0
  NTP amp events:     14763
  SNMP amp events:    0
  SSDP events:        0
  PortMap events:     0
  NetBIOS events:     0
  LDAP events:        0
  MSSQL events:       0
  TFTP events:        0
  ACK flood events:   0
  Frag attack events: 0
  Packet flood events:0
  (Note: Events count IPs exceeding thresholds per 50ms window)

[ALERT STATUS]
  Alert level:        [1;31mHIGH[0m
  Reason:             [1;31mUDP FLOOD detected: 746398337 UDP pps | NTP AMP detected: 1918492 qps | [0m

[MULTI-LF (2025) COMPARISON]
=== Detection Performance vs ML-Based System ===

  First Detection Latency:   147.16 ms (vs MULTI-LF: 866 ms)
    Improvement:             5.9× faster

  Packets until detection:   0
  Bytes until detection:     0 (0.00 MB)

[OCTOSKETCH METRICS - Optimized Architecture]
=== Per-Worker Sketches + Sampling (1/32 packets) ===

  Architecture:              Per-worker (NO atomics, NO contention)
  Total sketch memory:       5377 KB (14 workers × 384.1 KB)
  Sampling rate:             1 in 32 packets (3.1% overhead)
  Attack traffic sampled:    3758592 updates
  Estimated attack packets:  120274944 (×32 sampling factor)
  Sketch overhead:           ~1.56% of fast-path cycles
  Memory efficiency:         O(1) constant, 384.1 KB per worker

[MULTIPLE DETECTION STATISTICS]
=== Aggregate Detection Analysis ===

  Total detection events:    14763
  Average detection latency: 51.61 ms
  Min detection latency:     50.22 ms
  Max detection latency:     251.52 ms
  Latency range:             201.30 ms

  Detection Latency Histogram:
    < 20 ms:  0 detections (0.0%)
    20-30 ms: 0 detections (0.0%)
    30-40 ms: 0 detections (0.0%)
    40-50 ms: 0 detections (0.0%)
    > 50 ms:  14762 detections (100.0%)

[PERFORMANCE METRICS]
  Throughput:         1.38 Gbps (1.92 Mpps)
  Cycles available:   1558 cycles/pkt (lower = higher load)
  Active IPs:         0
  Worker threads:     14 (lcores 1-14)

[DPDK NIC STATISTICS]
  RX packets (NIC):   1462506547
  RX dropped (HW):    [0m0[0m (imissed)
  RX no mbufs:        [0m0[0m (buffer exhaustion)
  RX errors:          0
  Total drops:        [0m0 (0.00%)[0m
  RX burst calls:     293518959602 (99.5% empty)
  Processed pkts:     1462506918 (100.0% of NIC RX)


╔═══════════════════════════════════════════════════════════════════════╗
║          MIRA DDoS DETECTOR - STATISTICS (MULTI-CORE)                ║
╚═══════════════════════════════════════════════════════════════════════╝

[PACKET COUNTERS - GLOBAL]
  Total packets:      1472115379
  Baseline (10.10.2.x): 0 (0.0%)
  Attack (10.10.3.x): 1472115379 (100.0%)
  TCP packets:        0
  UDP packets:        1472115379
  ICMP packets:       0

[INSTANTANEOUS TRAFFIC - Last 5.0 seconds]
  Baseline (10.10.2.x): 0 pkts (0.0%)  0 bytes  0.00 Gbps
  Attack (10.10.3.x): 9608367 pkts (100.0%)  864753030 bytes  1.38 Gbps
  Total throughput:   1.38 Gbps  (avg pkt: 90 bytes)

[CUMULATIVE TRAFFIC - Since first packet (767.0s)]
  Total received:     1472115379 pkts (1.92 Mpps) | 1.38 Gbps | 132490384110 bytes

[ATTACK-SPECIFIC COUNTERS]
  SYN packets:        0
  SYN-ACK packets:    0
  SYN/ACK ratio:      0.00
  HTTP requests:      0
  DNS queries:        0

[PROTOCOL-SPECIFIC COUNTERS - CIC-DDoS-2019 Features]
  NTP Amplification:
    Monlist queries:  1472115379
    Responses:        0  (avg size: 0 bytes)
  DNS Amplification:
    ANY queries:      0
    TXT queries:      0
    Responses:        0  (avg size: 0 bytes)
  SNMP Amplification:
    GetBulk requests: 0
    Responses:        0  (avg size: 0 bytes)
  SSDP:
    M-SEARCH packets: 0
    Responses:        0
  PortMapper:
    GETPORT calls:    0
    DUMP calls:       0
  NetBIOS:
    Name queries:     0
    Datagram packets: 0
  LDAP:
    Bind requests:    0
    Search requests:  0
  MSSQL:
    SQLBatch packets: 0
    RPC packets:      0
  TFTP:
    RRQ (read) pkts:  0
    WRQ (write) pkts: 0

[ATTACK DETECTIONS - Cumulative Events]
  UDP flood events:   14860
  UDP-lag events:     0
  SYN flood events:   0
  HTTP flood events:  0
  ICMP flood events:  0
  DNS amp events:     0
  NTP amp events:     14860
  SNMP amp events:    0
  SSDP events:        0
  PortMap events:     0
  NetBIOS events:     0
  LDAP events:        0
  MSSQL events:       0
  TFTP events:        0
  ACK flood events:   0
  Frag attack events: 0
  Packet flood events:0
  (Note: Events count IPs exceeding thresholds per 50ms window)

[ALERT STATUS]
  Alert level:        [1;31mHIGH[0m
  Reason:             [1;31mUDP FLOOD detected: 771045429 UDP pps | NTP AMP detected: 1920155 qps | [0m

[MULTI-LF (2025) COMPARISON]
=== Detection Performance vs ML-Based System ===

  First Detection Latency:   147.16 ms (vs MULTI-LF: 866 ms)
    Improvement:             5.9× faster

  Packets until detection:   0
  Bytes until detection:     0 (0.00 MB)

[OCTOSKETCH METRICS - Optimized Architecture]
=== Per-Worker Sketches + Sampling (1/32 packets) ===

  Architecture:              Per-worker (NO atomics, NO contention)
  Total sketch memory:       5377 KB (14 workers × 384.1 KB)
  Sampling rate:             1 in 32 packets (3.1% overhead)
  Attack traffic sampled:    3665376 updates
  Estimated attack packets:  117292032 (×32 sampling factor)
  Sketch overhead:           ~1.56% of fast-path cycles
  Memory efficiency:         O(1) constant, 384.1 KB per worker

[MULTIPLE DETECTION STATISTICS]
=== Aggregate Detection Analysis ===

  Total detection events:    14860
  Average detection latency: 51.61 ms
  Min detection latency:     50.22 ms
  Max detection latency:     251.52 ms
  Latency range:             201.30 ms

  Detection Latency Histogram:
    < 20 ms:  0 detections (0.0%)
    20-30 ms: 0 detections (0.0%)
    30-40 ms: 0 detections (0.0%)
    40-50 ms: 0 detections (0.0%)
    > 50 ms:  14859 detections (100.0%)

[PERFORMANCE METRICS]
  Throughput:         1.38 Gbps (1.92 Mpps)
  Cycles available:   1557 cycles/pkt (lower = higher load)
  Active IPs:         0
  Worker threads:     14 (lcores 1-14)

[DPDK NIC STATISTICS]
  RX packets (NIC):   1472114987
  RX dropped (HW):    [0m0[0m (imissed)
  RX no mbufs:        [0m0[0m (buffer exhaustion)
  RX errors:          0
  Total drops:        [0m0 (0.00%)[0m
  RX burst calls:     295395699760 (99.5% empty)
  Processed pkts:     1472115379 (100.0% of NIC RX)


╔═══════════════════════════════════════════════════════════════════════╗
║          MIRA DDoS DETECTOR - STATISTICS (MULTI-CORE)                ║
╚═══════════════════════════════════════════════════════════════════════╝

[PACKET COUNTERS - GLOBAL]
  Total packets:      1481717921
  Baseline (10.10.2.x): 0 (0.0%)
  Attack (10.10.3.x): 1481717921 (100.0%)
  TCP packets:        0
  UDP packets:        1481717921
  ICMP packets:       0

[INSTANTANEOUS TRAFFIC - Last 5.0 seconds]
  Baseline (10.10.2.x): 0 pkts (0.0%)  0 bytes  0.00 Gbps
  Attack (10.10.3.x): 9602445 pkts (100.0%)  864220050 bytes  1.38 Gbps
  Total throughput:   1.38 Gbps  (avg pkt: 90 bytes)

[CUMULATIVE TRAFFIC - Since first packet (772.0s)]
  Total received:     1481717921 pkts (1.92 Mpps) | 1.38 Gbps | 133354612890 bytes

[ATTACK-SPECIFIC COUNTERS]
  SYN packets:        0
  SYN-ACK packets:    0
  SYN/ACK ratio:      0.00
  HTTP requests:      0
  DNS queries:        0

[PROTOCOL-SPECIFIC COUNTERS - CIC-DDoS-2019 Features]
  NTP Amplification:
    Monlist queries:  1481717921
    Responses:        0  (avg size: 0 bytes)
  DNS Amplification:
    ANY queries:      0
    TXT queries:      0
    Responses:        0  (avg size: 0 bytes)
  SNMP Amplification:
    GetBulk requests: 0
    Responses:        0  (avg size: 0 bytes)
  SSDP:
    M-SEARCH packets: 0
    Responses:        0
  PortMapper:
    GETPORT calls:    0
    DUMP calls:       0
  NetBIOS:
    Name queries:     0
    Datagram packets: 0
  LDAP:
    Bind requests:    0
    Search requests:  0
  MSSQL:
    SQLBatch packets: 0
    RPC packets:      0
  TFTP:
    RRQ (read) pkts:  0
    WRQ (write) pkts: 0

[ATTACK DETECTIONS - Cumulative Events]
  UDP flood events:   14958
  UDP-lag events:     0
  SYN flood events:   0
  HTTP flood events:  0
  ICMP flood events:  0
  DNS amp events:     0
  NTP amp events:     14958
  SNMP amp events:    0
  SSDP events:        0
  PortMap events:     0
  NetBIOS events:     0
  LDAP events:        0
  MSSQL events:       0
  TFTP events:        0
  ACK flood events:   0
  Frag attack events: 0
  Packet flood events:0
  (Note: Events count IPs exceeding thresholds per 50ms window)

[ALERT STATUS]
  Alert level:        [1;31mHIGH[0m
  Reason:             [1;31mUDP FLOOD detected: 776093918 UDP pps | NTP AMP detected: 1918057 qps | [0m

[MULTI-LF (2025) COMPARISON]
=== Detection Performance vs ML-Based System ===

  First Detection Latency:   147.16 ms (vs MULTI-LF: 866 ms)
    Improvement:             5.9× faster

  Packets until detection:   0
  Bytes until detection:     0 (0.00 MB)

[OCTOSKETCH METRICS - Optimized Architecture]
=== Per-Worker Sketches + Sampling (1/32 packets) ===

  Architecture:              Per-worker (NO atomics, NO contention)
  Total sketch memory:       5377 KB (14 workers × 384.1 KB)
  Sampling rate:             1 in 32 packets (3.1% overhead)
  Attack traffic sampled:    3661376 updates
  Estimated attack packets:  117164032 (×32 sampling factor)
  Sketch overhead:           ~1.56% of fast-path cycles
  Memory efficiency:         O(1) constant, 384.1 KB per worker

[MULTIPLE DETECTION STATISTICS]
=== Aggregate Detection Analysis ===

  Total detection events:    14958
  Average detection latency: 51.61 ms
  Min detection latency:     50.22 ms
  Max detection latency:     251.52 ms
  Latency range:             201.30 ms

  Detection Latency Histogram:
    < 20 ms:  0 detections (0.0%)
    20-30 ms: 0 detections (0.0%)
    30-40 ms: 0 detections (0.0%)
    40-50 ms: 0 detections (0.0%)
    > 50 ms:  14957 detections (100.0%)

[PERFORMANCE METRICS]
  Throughput:         1.38 Gbps (1.92 Mpps)
  Cycles available:   1558 cycles/pkt (lower = higher load)
  Active IPs:         0
  Worker threads:     14 (lcores 1-14)

[DPDK NIC STATISTICS]
  RX packets (NIC):   1481717576
  RX dropped (HW):    [0m0[0m (imissed)
  RX no mbufs:        [0m0[0m (buffer exhaustion)
  RX errors:          0
  Total drops:        [0m0 (0.00%)[0m
  RX burst calls:     297272414082 (99.5% empty)
  Processed pkts:     1481717921 (100.0% of NIC RX)


╔═══════════════════════════════════════════════════════════════════════╗
║          MIRA DDoS DETECTOR - STATISTICS (MULTI-CORE)                ║
╚═══════════════════════════════════════════════════════════════════════╝

[PACKET COUNTERS - GLOBAL]
  Total packets:      1491327033
  Baseline (10.10.2.x): 0 (0.0%)
  Attack (10.10.3.x): 1491327033 (100.0%)
  TCP packets:        0
  UDP packets:        1491327033
  ICMP packets:       0

[INSTANTANEOUS TRAFFIC - Last 5.0 seconds]
  Baseline (10.10.2.x): 0 pkts (0.0%)  0 bytes  0.00 Gbps
  Attack (10.10.3.x): 9609017 pkts (100.0%)  864811530 bytes  1.38 Gbps
  Total throughput:   1.38 Gbps  (avg pkt: 90 bytes)

[CUMULATIVE TRAFFIC - Since first packet (777.0s)]
  Total received:     1491327033 pkts (1.92 Mpps) | 1.38 Gbps | 134219432970 bytes

[ATTACK-SPECIFIC COUNTERS]
  SYN packets:        0
  SYN-ACK packets:    0
  SYN/ACK ratio:      0.00
  HTTP requests:      0
  DNS queries:        0

[PROTOCOL-SPECIFIC COUNTERS - CIC-DDoS-2019 Features]
  NTP Amplification:
    Monlist queries:  1491327033
    Responses:        0  (avg size: 0 bytes)
  DNS Amplification:
    ANY queries:      0
    TXT queries:      0
    Responses:        0  (avg size: 0 bytes)
  SNMP Amplification:
    GetBulk requests: 0
    Responses:        0  (avg size: 0 bytes)
  SSDP:
    M-SEARCH packets: 0
    Responses:        0
  PortMapper:
    GETPORT calls:    0
    DUMP calls:       0
  NetBIOS:
    Name queries:     0
    Datagram packets: 0
  LDAP:
    Bind requests:    0
    Search requests:  0
  MSSQL:
    SQLBatch packets: 0
    RPC packets:      0
  TFTP:
    RRQ (read) pkts:  0
    WRQ (write) pkts: 0

[ATTACK DETECTIONS - Cumulative Events]
  UDP flood events:   15056
  UDP-lag events:     0
  SYN flood events:   0
  HTTP flood events:  0
  ICMP flood events:  0
  DNS amp events:     0
  NTP amp events:     15056
  SNMP amp events:    0
  SSDP events:        0
  PortMap events:     0
  NetBIOS events:     0
  LDAP events:        0
  MSSQL events:       0
  TFTP events:        0
  ACK flood events:   0
  Frag attack events: 0
  Packet flood events:0
  (Note: Events count IPs exceeding thresholds per 50ms window)

[ALERT STATUS]
  Alert level:        [1;31mHIGH[0m
  Reason:             [1;31mUDP FLOOD detected: 781143162 UDP pps | NTP AMP detected: 1920168 qps | [0m

[MULTI-LF (2025) COMPARISON]
=== Detection Performance vs ML-Based System ===

  First Detection Latency:   147.16 ms (vs MULTI-LF: 866 ms)
    Improvement:             5.9× faster

  Packets until detection:   0
  Bytes until detection:     0 (0.00 MB)

[OCTOSKETCH METRICS - Optimized Architecture]
=== Per-Worker Sketches + Sampling (1/32 packets) ===

  Architecture:              Per-worker (NO atomics, NO contention)
  Total sketch memory:       5377 KB (14 workers × 384.1 KB)
  Sampling rate:             1 in 32 packets (3.1% overhead)
  Attack traffic sampled:    3665440 updates
  Estimated attack packets:  117294080 (×32 sampling factor)
  Sketch overhead:           ~1.56% of fast-path cycles
  Memory efficiency:         O(1) constant, 384.1 KB per worker

[MULTIPLE DETECTION STATISTICS]
=== Aggregate Detection Analysis ===

  Total detection events:    15056
  Average detection latency: 51.61 ms
  Min detection latency:     50.22 ms
  Max detection latency:     251.52 ms
  Latency range:             201.30 ms

  Detection Latency Histogram:
    < 20 ms:  0 detections (0.0%)
    20-30 ms: 0 detections (0.0%)
    30-40 ms: 0 detections (0.0%)
    40-50 ms: 0 detections (0.0%)
    > 50 ms:  15055 detections (100.0%)

[PERFORMANCE METRICS]
  Throughput:         1.38 Gbps (1.92 Mpps)
  Cycles available:   1557 cycles/pkt (lower = higher load)
  Active IPs:         0
  Worker threads:     14 (lcores 1-14)

[DPDK NIC STATISTICS]
  RX packets (NIC):   1491326665
  RX dropped (HW):    [0m0[0m (imissed)
  RX no mbufs:        [0m0[0m (buffer exhaustion)
  RX errors:          0
  Total drops:        [0m0 (0.00%)[0m
  RX burst calls:     299149126375 (99.5% empty)
  Processed pkts:     1491327033 (100.0% of NIC RX)


╔═══════════════════════════════════════════════════════════════════════╗
║          MIRA DDoS DETECTOR - STATISTICS (MULTI-CORE)                ║
╚═══════════════════════════════════════════════════════════════════════╝

[PACKET COUNTERS - GLOBAL]
  Total packets:      1500929784
  Baseline (10.10.2.x): 0 (0.0%)
  Attack (10.10.3.x): 1500929784 (100.0%)
  TCP packets:        0
  UDP packets:        1500929784
  ICMP packets:       0

[INSTANTANEOUS TRAFFIC - Last 5.0 seconds]
  Baseline (10.10.2.x): 0 pkts (0.0%)  0 bytes  0.00 Gbps
  Attack (10.10.3.x): 9602668 pkts (100.0%)  864240120 bytes  1.38 Gbps
  Total throughput:   1.38 Gbps  (avg pkt: 90 bytes)

[CUMULATIVE TRAFFIC - Since first packet (782.0s)]
  Total received:     1500929784 pkts (1.92 Mpps) | 1.38 Gbps | 135083680560 bytes

[ATTACK-SPECIFIC COUNTERS]
  SYN packets:        0
  SYN-ACK packets:    0
  SYN/ACK ratio:      0.00
  HTTP requests:      0
  DNS queries:        0

[PROTOCOL-SPECIFIC COUNTERS - CIC-DDoS-2019 Features]
  NTP Amplification:
    Monlist queries:  1500929784
    Responses:        0  (avg size: 0 bytes)
  DNS Amplification:
    ANY queries:      0
    TXT queries:      0
    Responses:        0  (avg size: 0 bytes)
  SNMP Amplification:
    GetBulk requests: 0
    Responses:        0  (avg size: 0 bytes)
  SSDP:
    M-SEARCH packets: 0
    Responses:        0
  PortMapper:
    GETPORT calls:    0
    DUMP calls:       0
  NetBIOS:
    Name queries:     0
    Datagram packets: 0
  LDAP:
    Bind requests:    0
    Search requests:  0
  MSSQL:
    SQLBatch packets: 0
    RPC packets:      0
  TFTP:
    RRQ (read) pkts:  0
    WRQ (write) pkts: 0

[ATTACK DETECTIONS - Cumulative Events]
  UDP flood events:   15153
  UDP-lag events:     0
  SYN flood events:   0
  HTTP flood events:  0
  ICMP flood events:  0
  DNS amp events:     0
  NTP amp events:     15153
  SNMP amp events:    0
  SSDP events:        0
  PortMap events:     0
  NetBIOS events:     0
  LDAP events:        0
  MSSQL events:       0
  TFTP events:        0
  ACK flood events:   0
  Frag attack events: 0
  Packet flood events:0
  (Note: Events count IPs exceeding thresholds per 50ms window)

[ALERT STATUS]
  Alert level:        [1;31mHIGH[0m
  Reason:             [1;31mUDP FLOOD detected: 807396064 UDP pps | NTP AMP detected: 1918465 qps | [0m

[MULTI-LF (2025) COMPARISON]
=== Detection Performance vs ML-Based System ===

  First Detection Latency:   147.16 ms (vs MULTI-LF: 866 ms)
    Improvement:             5.9× faster

  Packets until detection:   0
  Bytes until detection:     0 (0.00 MB)

[OCTOSKETCH METRICS - Optimized Architecture]
=== Per-Worker Sketches + Sampling (1/32 packets) ===

  Architecture:              Per-worker (NO atomics, NO contention)
  Total sketch memory:       5377 KB (14 workers × 384.1 KB)
  Sampling rate:             1 in 32 packets (3.1% overhead)
  Attack traffic sampled:    3565792 updates
  Estimated attack packets:  114105344 (×32 sampling factor)
  Sketch overhead:           ~1.56% of fast-path cycles
  Memory efficiency:         O(1) constant, 384.1 KB per worker

[MULTIPLE DETECTION STATISTICS]
=== Aggregate Detection Analysis ===

  Total detection events:    15153
  Average detection latency: 51.60 ms
  Min detection latency:     50.22 ms
  Max detection latency:     251.52 ms
  Latency range:             201.30 ms

  Detection Latency Histogram:
    < 20 ms:  0 detections (0.0%)
    20-30 ms: 0 detections (0.0%)
    30-40 ms: 0 detections (0.0%)
    40-50 ms: 0 detections (0.0%)
    > 50 ms:  15152 detections (100.0%)

[PERFORMANCE METRICS]
  Throughput:         1.38 Gbps (1.92 Mpps)
  Cycles available:   1558 cycles/pkt (lower = higher load)
  Active IPs:         0
  Worker threads:     14 (lcores 1-14)

[DPDK NIC STATISTICS]
  RX packets (NIC):   1500929419
  RX dropped (HW):    [0m0[0m (imissed)
  RX no mbufs:        [0m0[0m (buffer exhaustion)
  RX errors:          0
  Total drops:        [0m0 (0.00%)[0m
  RX burst calls:     301025754618 (99.5% empty)
  Processed pkts:     1500929784 (100.0% of NIC RX)


╔═══════════════════════════════════════════════════════════════════════╗
║          MIRA DDoS DETECTOR - STATISTICS (MULTI-CORE)                ║
╚═══════════════════════════════════════════════════════════════════════╝

[PACKET COUNTERS - GLOBAL]
  Total packets:      1510537407
  Baseline (10.10.2.x): 0 (0.0%)
  Attack (10.10.3.x): 1510537407 (100.0%)
  TCP packets:        0
  UDP packets:        1510537407
  ICMP packets:       0

[INSTANTANEOUS TRAFFIC - Last 5.0 seconds]
  Baseline (10.10.2.x): 0 pkts (0.0%)  0 bytes  0.00 Gbps
  Attack (10.10.3.x): 9607518 pkts (100.0%)  864676620 bytes  1.38 Gbps
  Total throughput:   1.38 Gbps  (avg pkt: 90 bytes)

[CUMULATIVE TRAFFIC - Since first packet (787.0s)]
  Total received:     1510537407 pkts (1.92 Mpps) | 1.38 Gbps | 135948366630 bytes

[ATTACK-SPECIFIC COUNTERS]
  SYN packets:        0
  SYN-ACK packets:    0
  SYN/ACK ratio:      0.00
  HTTP requests:      0
  DNS queries:        0

[PROTOCOL-SPECIFIC COUNTERS - CIC-DDoS-2019 Features]
  NTP Amplification:
    Monlist queries:  1510537407
    Responses:        0  (avg size: 0 bytes)
  DNS Amplification:
    ANY queries:      0
    TXT queries:      0
    Responses:        0  (avg size: 0 bytes)
  SNMP Amplification:
    GetBulk requests: 0
    Responses:        0  (avg size: 0 bytes)
  SSDP:
    M-SEARCH packets: 0
    Responses:        0
  PortMapper:
    GETPORT calls:    0
    DUMP calls:       0
  NetBIOS:
    Name queries:     0
    Datagram packets: 0
  LDAP:
    Bind requests:    0
    Search requests:  0
  MSSQL:
    SQLBatch packets: 0
    RPC packets:      0
  TFTP:
    RRQ (read) pkts:  0
    WRQ (write) pkts: 0

[ATTACK DETECTIONS - Cumulative Events]
  UDP flood events:   15251
  UDP-lag events:     0
  SYN flood events:   0
  HTTP flood events:  0
  ICMP flood events:  0
  DNS amp events:     0
  NTP amp events:     15251
  SNMP amp events:    0
  SSDP events:        0
  PortMap events:     0
  NetBIOS events:     0
  LDAP events:        0
  MSSQL events:       0
  TFTP events:        0
  ACK flood events:   0
  Frag attack events: 0
  Packet flood events:0
  (Note: Events count IPs exceeding thresholds per 50ms window)

[ALERT STATUS]
  Alert level:        [1;31mHIGH[0m
  Reason:             [1;31mUDP FLOOD detected: 812529084 UDP pps | NTP AMP detected: 1919755 qps | [0m

[MULTI-LF (2025) COMPARISON]
=== Detection Performance vs ML-Based System ===

  First Detection Latency:   147.16 ms (vs MULTI-LF: 866 ms)
    Improvement:             5.9× faster

  Packets until detection:   0
  Bytes until detection:     0 (0.00 MB)

[OCTOSKETCH METRICS - Optimized Architecture]
=== Per-Worker Sketches + Sampling (1/32 packets) ===

  Architecture:              Per-worker (NO atomics, NO contention)
  Total sketch memory:       5377 KB (14 workers × 384.1 KB)
  Sampling rate:             1 in 32 packets (3.1% overhead)
  Attack traffic sampled:    3568384 updates
  Estimated attack packets:  114188288 (×32 sampling factor)
  Sketch overhead:           ~1.56% of fast-path cycles
  Memory efficiency:         O(1) constant, 384.1 KB per worker

[MULTIPLE DETECTION STATISTICS]
=== Aggregate Detection Analysis ===

  Total detection events:    15251
  Average detection latency: 51.60 ms
  Min detection latency:     50.22 ms
  Max detection latency:     251.52 ms
  Latency range:             201.30 ms

  Detection Latency Histogram:
    < 20 ms:  0 detections (0.0%)
    20-30 ms: 0 detections (0.0%)
    30-40 ms: 0 detections (0.0%)
    40-50 ms: 0 detections (0.0%)
    > 50 ms:  15250 detections (100.0%)

[PERFORMANCE METRICS]
  Throughput:         1.38 Gbps (1.92 Mpps)
  Cycles available:   1557 cycles/pkt (lower = higher load)
  Active IPs:         0
  Worker threads:     14 (lcores 1-14)

[DPDK NIC STATISTICS]
  RX packets (NIC):   1510537050
  RX dropped (HW):    [0m0[0m (imissed)
  RX no mbufs:        [0m0[0m (buffer exhaustion)
  RX errors:          0
  Total drops:        [0m0 (0.00%)[0m
  RX burst calls:     302902351313 (99.5% empty)
  Processed pkts:     1510537407 (100.0% of NIC RX)


╔═══════════════════════════════════════════════════════════════════════╗
║          MIRA DDoS DETECTOR - STATISTICS (MULTI-CORE)                ║
╚═══════════════════════════════════════════════════════════════════════╝

[PACKET COUNTERS - GLOBAL]
  Total packets:      1520141078
  Baseline (10.10.2.x): 0 (0.0%)
  Attack (10.10.3.x): 1520141078 (100.0%)
  TCP packets:        0
  UDP packets:        1520141078
  ICMP packets:       0

[INSTANTANEOUS TRAFFIC - Last 5.0 seconds]
  Baseline (10.10.2.x): 0 pkts (0.0%)  0 bytes  0.00 Gbps
  Attack (10.10.3.x): 9603544 pkts (100.0%)  864318960 bytes  1.38 Gbps
  Total throughput:   1.38 Gbps  (avg pkt: 90 bytes)

[CUMULATIVE TRAFFIC - Since first packet (792.0s)]
  Total received:     1520141078 pkts (1.92 Mpps) | 1.38 Gbps | 136812697020 bytes

[ATTACK-SPECIFIC COUNTERS]
  SYN packets:        0
  SYN-ACK packets:    0
  SYN/ACK ratio:      0.00
  HTTP requests:      0
  DNS queries:        0

[PROTOCOL-SPECIFIC COUNTERS - CIC-DDoS-2019 Features]
  NTP Amplification:
    Monlist queries:  1520141078
    Responses:        0  (avg size: 0 bytes)
  DNS Amplification:
    ANY queries:      0
    TXT queries:      0
    Responses:        0  (avg size: 0 bytes)
  SNMP Amplification:
    GetBulk requests: 0
    Responses:        0  (avg size: 0 bytes)
  SSDP:
    M-SEARCH packets: 0
    Responses:        0
  PortMapper:
    GETPORT calls:    0
    DUMP calls:       0
  NetBIOS:
    Name queries:     0
    Datagram packets: 0
  LDAP:
    Bind requests:    0
    Search requests:  0
  MSSQL:
    SQLBatch packets: 0
    RPC packets:      0
  TFTP:
    RRQ (read) pkts:  0
    WRQ (write) pkts: 0

[ATTACK DETECTIONS - Cumulative Events]
  UDP flood events:   15348
  UDP-lag events:     0
  SYN flood events:   0
  HTTP flood events:  0
  ICMP flood events:  0
  DNS amp events:     0
  NTP amp events:     15348
  SNMP amp events:    0
  SSDP events:        0
  PortMap events:     0
  NetBIOS events:     0
  LDAP events:        0
  MSSQL events:       0
  TFTP events:        0
  ACK flood events:   0
  Frag attack events: 0
  Packet flood events:0
  (Note: Events count IPs exceeding thresholds per 50ms window)

[ALERT STATUS]
  Alert level:        [1;31mHIGH[0m
  Reason:             [1;31mUDP FLOOD detected: 840429233 UDP pps | NTP AMP detected: 1919620 qps | [0m

[MULTI-LF (2025) COMPARISON]
=== Detection Performance vs ML-Based System ===

  First Detection Latency:   147.16 ms (vs MULTI-LF: 866 ms)
    Improvement:             5.9× faster

  Packets until detection:   0
  Bytes until detection:     0 (0.00 MB)

[OCTOSKETCH METRICS - Optimized Architecture]
=== Per-Worker Sketches + Sampling (1/32 packets) ===

  Architecture:              Per-worker (NO atomics, NO contention)
  Total sketch memory:       5377 KB (14 workers × 384.1 KB)
  Sampling rate:             1 in 32 packets (3.1% overhead)
  Attack traffic sampled:    3471392 updates
  Estimated attack packets:  111084544 (×32 sampling factor)
  Sketch overhead:           ~1.56% of fast-path cycles
  Memory efficiency:         O(1) constant, 384.1 KB per worker

[MULTIPLE DETECTION STATISTICS]
=== Aggregate Detection Analysis ===

  Total detection events:    15348
  Average detection latency: 51.60 ms
  Min detection latency:     50.22 ms
  Max detection latency:     251.52 ms
  Latency range:             201.30 ms

  Detection Latency Histogram:
    < 20 ms:  0 detections (0.0%)
    20-30 ms: 0 detections (0.0%)
    30-40 ms: 0 detections (0.0%)
    40-50 ms: 0 detections (0.0%)
    > 50 ms:  15347 detections (100.0%)

[PERFORMANCE METRICS]
  Throughput:         1.38 Gbps (1.92 Mpps)
  Cycles available:   1558 cycles/pkt (lower = higher load)
  Active IPs:         0
  Worker threads:     14 (lcores 1-14)

[DPDK NIC STATISTICS]
  RX packets (NIC):   1520140726
  RX dropped (HW):    [0m0[0m (imissed)
  RX no mbufs:        [0m0[0m (buffer exhaustion)
  RX errors:          0
  Total drops:        [0m0 (0.00%)[0m
  RX burst calls:     304778804524 (99.5% empty)
  Processed pkts:     1520141078 (100.0% of NIC RX)


╔═══════════════════════════════════════════════════════════════════════╗
║          MIRA DDoS DETECTOR - STATISTICS (MULTI-CORE)                ║
╚═══════════════════════════════════════════════════════════════════════╝

[PACKET COUNTERS - GLOBAL]
  Total packets:      1529745679
  Baseline (10.10.2.x): 0 (0.0%)
  Attack (10.10.3.x): 1529745679 (100.0%)
  TCP packets:        0
  UDP packets:        1529745679
  ICMP packets:       0

[INSTANTANEOUS TRAFFIC - Last 5.0 seconds]
  Baseline (10.10.2.x): 0 pkts (0.0%)  0 bytes  0.00 Gbps
  Attack (10.10.3.x): 9604489 pkts (100.0%)  864404010 bytes  1.38 Gbps
  Total throughput:   1.38 Gbps  (avg pkt: 90 bytes)

[CUMULATIVE TRAFFIC - Since first packet (797.0s)]
  Total received:     1529745679 pkts (1.92 Mpps) | 1.38 Gbps | 137677111110 bytes

[ATTACK-SPECIFIC COUNTERS]
  SYN packets:        0
  SYN-ACK packets:    0
  SYN/ACK ratio:      0.00
  HTTP requests:      0
  DNS queries:        0

[PROTOCOL-SPECIFIC COUNTERS - CIC-DDoS-2019 Features]
  NTP Amplification:
    Monlist queries:  1529745679
    Responses:        0  (avg size: 0 bytes)
  DNS Amplification:
    ANY queries:      0
    TXT queries:      0
    Responses:        0  (avg size: 0 bytes)
  SNMP Amplification:
    GetBulk requests: 0
    Responses:        0  (avg size: 0 bytes)
  SSDP:
    M-SEARCH packets: 0
    Responses:        0
  PortMapper:
    GETPORT calls:    0
    DUMP calls:       0
  NetBIOS:
    Name queries:     0
    Datagram packets: 0
  LDAP:
    Bind requests:    0
    Search requests:  0
  MSSQL:
    SQLBatch packets: 0
    RPC packets:      0
  TFTP:
    RRQ (read) pkts:  0
    WRQ (write) pkts: 0

[ATTACK DETECTIONS - Cumulative Events]
  UDP flood events:   15446
  UDP-lag events:     0
  SYN flood events:   0
  HTTP flood events:  0
  ICMP flood events:  0
  DNS amp events:     0
  NTP amp events:     15446
  SNMP amp events:    0
  SSDP events:        0
  PortMap events:     0
  NetBIOS events:     0
  LDAP events:        0
  MSSQL events:       0
  TFTP events:        0
  ACK flood events:   0
  Frag attack events: 0
  Packet flood events:0
  (Note: Events count IPs exceeding thresholds per 50ms window)

[ALERT STATUS]
  Alert level:        [1;31mHIGH[0m
  Reason:             [1;31mUDP FLOOD detected: 845742974 UDP pps | NTP AMP detected: 1918873 qps | [0m

[MULTI-LF (2025) COMPARISON]
=== Detection Performance vs ML-Based System ===

  First Detection Latency:   147.16 ms (vs MULTI-LF: 866 ms)
    Improvement:             5.9× faster

  Packets until detection:   0
  Bytes until detection:     0 (0.00 MB)

[OCTOSKETCH METRICS - Optimized Architecture]
=== Per-Worker Sketches + Sampling (1/32 packets) ===

  Architecture:              Per-worker (NO atomics, NO contention)
  Total sketch memory:       5377 KB (14 workers × 384.1 KB)
  Sampling rate:             1 in 32 packets (3.1% overhead)
  Attack traffic sampled:    3470176 updates
  Estimated attack packets:  111045632 (×32 sampling factor)
  Sketch overhead:           ~1.56% of fast-path cycles
  Memory efficiency:         O(1) constant, 384.1 KB per worker

[MULTIPLE DETECTION STATISTICS]
=== Aggregate Detection Analysis ===

  Total detection events:    15446
  Average detection latency: 51.60 ms
  Min detection latency:     50.22 ms
  Max detection latency:     251.52 ms
  Latency range:             201.30 ms

  Detection Latency Histogram:
    < 20 ms:  0 detections (0.0%)
    20-30 ms: 0 detections (0.0%)
    30-40 ms: 0 detections (0.0%)
    40-50 ms: 0 detections (0.0%)
    > 50 ms:  15445 detections (100.0%)

[PERFORMANCE METRICS]
  Throughput:         1.38 Gbps (1.92 Mpps)
  Cycles available:   1558 cycles/pkt (lower = higher load)
  Active IPs:         0
  Worker threads:     14 (lcores 1-14)

[DPDK NIC STATISTICS]
  RX packets (NIC):   1529745335
  RX dropped (HW):    [0m0[0m (imissed)
  RX no mbufs:        [0m0[0m (buffer exhaustion)
  RX errors:          0
  Total drops:        [0m0 (0.00%)[0m
  RX burst calls:     306655514680 (99.5% empty)
  Processed pkts:     1529745679 (100.0% of NIC RX)


╔═══════════════════════════════════════════════════════════════════════╗
║          MIRA DDoS DETECTOR - STATISTICS (MULTI-CORE)                ║
╚═══════════════════════════════════════════════════════════════════════╝

[PACKET COUNTERS - GLOBAL]
  Total packets:      1539351301
  Baseline (10.10.2.x): 0 (0.0%)
  Attack (10.10.3.x): 1539351301 (100.0%)
  TCP packets:        0
  UDP packets:        1539351301
  ICMP packets:       0

[INSTANTANEOUS TRAFFIC - Last 5.0 seconds]
  Baseline (10.10.2.x): 0 pkts (0.0%)  0 bytes  0.00 Gbps
  Attack (10.10.3.x): 9605511 pkts (100.0%)  864495990 bytes  1.38 Gbps
  Total throughput:   1.38 Gbps  (avg pkt: 90 bytes)

[CUMULATIVE TRAFFIC - Since first packet (802.0s)]
  Total received:     1539351301 pkts (1.92 Mpps) | 1.38 Gbps | 138541617090 bytes

[ATTACK-SPECIFIC COUNTERS]
  SYN packets:        0
  SYN-ACK packets:    0
  SYN/ACK ratio:      0.00
  HTTP requests:      0
  DNS queries:        0

[PROTOCOL-SPECIFIC COUNTERS - CIC-DDoS-2019 Features]
  NTP Amplification:
    Monlist queries:  1539351301
    Responses:        0  (avg size: 0 bytes)
  DNS Amplification:
    ANY queries:      0
    TXT queries:      0
    Responses:        0  (avg size: 0 bytes)
  SNMP Amplification:
    GetBulk requests: 0
    Responses:        0  (avg size: 0 bytes)
  SSDP:
    M-SEARCH packets: 0
    Responses:        0
  PortMapper:
    GETPORT calls:    0
    DUMP calls:       0
  NetBIOS:
    Name queries:     0
    Datagram packets: 0
  LDAP:
    Bind requests:    0
    Search requests:  0
  MSSQL:
    SQLBatch packets: 0
    RPC packets:      0
  TFTP:
    RRQ (read) pkts:  0
    WRQ (write) pkts: 0

[ATTACK DETECTIONS - Cumulative Events]
  UDP flood events:   15544
  UDP-lag events:     0
  SYN flood events:   0
  HTTP flood events:  0
  ICMP flood events:  0
  DNS amp events:     0
  NTP amp events:     15544
  SNMP amp events:    0
  SSDP events:        0
  PortMap events:     0
  NetBIOS events:     0
  LDAP events:        0
  MSSQL events:       0
  TFTP events:        0
  ACK flood events:   0
  Frag attack events: 0
  Packet flood events:0
  (Note: Events count IPs exceeding thresholds per 50ms window)

[ALERT STATUS]
  Alert level:        [1;31mHIGH[0m
  Reason:             [1;31mUDP FLOOD detected: 851087192 UDP pps | NTP AMP detected: 1919478 qps | [0m

[MULTI-LF (2025) COMPARISON]
=== Detection Performance vs ML-Based System ===

  First Detection Latency:   147.16 ms (vs MULTI-LF: 866 ms)
    Improvement:             5.9× faster

  Packets until detection:   0
  Bytes until detection:     0 (0.00 MB)

[OCTOSKETCH METRICS - Optimized Architecture]
=== Per-Worker Sketches + Sampling (1/32 packets) ===

  Architecture:              Per-worker (NO atomics, NO contention)
  Total sketch memory:       5377 KB (14 workers × 384.1 KB)
  Sampling rate:             1 in 32 packets (3.1% overhead)
  Attack traffic sampled:    3471232 updates
  Estimated attack packets:  111079424 (×32 sampling factor)
  Sketch overhead:           ~1.56% of fast-path cycles
  Memory efficiency:         O(1) constant, 384.1 KB per worker

[MULTIPLE DETECTION STATISTICS]
=== Aggregate Detection Analysis ===

  Total detection events:    15544
  Average detection latency: 51.60 ms
  Min detection latency:     50.22 ms
  Max detection latency:     251.52 ms
  Latency range:             201.30 ms

  Detection Latency Histogram:
    < 20 ms:  0 detections (0.0%)
    20-30 ms: 0 detections (0.0%)
    30-40 ms: 0 detections (0.0%)
    40-50 ms: 0 detections (0.0%)
    > 50 ms:  15543 detections (100.0%)

[PERFORMANCE METRICS]
  Throughput:         1.38 Gbps (1.92 Mpps)
  Cycles available:   1558 cycles/pkt (lower = higher load)
  Active IPs:         0
  Worker threads:     14 (lcores 1-14)

[DPDK NIC STATISTICS]
  RX packets (NIC):   1539350960
  RX dropped (HW):    [0m0[0m (imissed)
  RX no mbufs:        [0m0[0m (buffer exhaustion)
  RX errors:          0
  Total drops:        [0m0 (0.00%)[0m
  RX burst calls:     308532272158 (99.5% empty)
  Processed pkts:     1539351301 (100.0% of NIC RX)


╔═══════════════════════════════════════════════════════════════════════╗
║          MIRA DDoS DETECTOR - STATISTICS (MULTI-CORE)                ║
╚═══════════════════════════════════════════════════════════════════════╝

[PACKET COUNTERS - GLOBAL]
  Total packets:      1548955378
  Baseline (10.10.2.x): 0 (0.0%)
  Attack (10.10.3.x): 1548955378 (100.0%)
  TCP packets:        0
  UDP packets:        1548955378
  ICMP packets:       0

[INSTANTANEOUS TRAFFIC - Last 5.0 seconds]
  Baseline (10.10.2.x): 0 pkts (0.0%)  0 bytes  0.00 Gbps
  Attack (10.10.3.x): 9603982 pkts (100.0%)  864358380 bytes  1.38 Gbps
  Total throughput:   1.38 Gbps  (avg pkt: 90 bytes)

[CUMULATIVE TRAFFIC - Since first packet (807.0s)]
  Total received:     1548955378 pkts (1.92 Mpps) | 1.38 Gbps | 139405984020 bytes

[ATTACK-SPECIFIC COUNTERS]
  SYN packets:        0
  SYN-ACK packets:    0
  SYN/ACK ratio:      0.00
  HTTP requests:      0
  DNS queries:        0

[PROTOCOL-SPECIFIC COUNTERS - CIC-DDoS-2019 Features]
  NTP Amplification:
    Monlist queries:  1548955378
    Responses:        0  (avg size: 0 bytes)
  DNS Amplification:
    ANY queries:      0
    TXT queries:      0
    Responses:        0  (avg size: 0 bytes)
  SNMP Amplification:
    GetBulk requests: 0
    Responses:        0  (avg size: 0 bytes)
  SSDP:
    M-SEARCH packets: 0
    Responses:        0
  PortMapper:
    GETPORT calls:    0
    DUMP calls:       0
  NetBIOS:
    Name queries:     0
    Datagram packets: 0
  LDAP:
    Bind requests:    0
    Search requests:  0
  MSSQL:
    SQLBatch packets: 0
    RPC packets:      0
  TFTP:
    RRQ (read) pkts:  0
    WRQ (write) pkts: 0

[ATTACK DETECTIONS - Cumulative Events]
  UDP flood events:   15642
  UDP-lag events:     0
  SYN flood events:   0
  HTTP flood events:  0
  ICMP flood events:  0
  DNS amp events:     0
  NTP amp events:     15642
  SNMP amp events:    0
  SSDP events:        0
  PortMap events:     0
  NetBIOS events:     0
  LDAP events:        0
  MSSQL events:       0
  TFTP events:        0
  ACK flood events:   0
  Frag attack events: 0
  Packet flood events:0
  (Note: Events count IPs exceeding thresholds per 50ms window)

[ALERT STATUS]
  Alert level:        [1;31mHIGH[0m
  Reason:             [1;31mUDP FLOOD detected: 880803670 UDP pps | NTP AMP detected: 1920120 qps | [0m

[MULTI-LF (2025) COMPARISON]
=== Detection Performance vs ML-Based System ===

  First Detection Latency:   147.16 ms (vs MULTI-LF: 866 ms)
    Improvement:             5.9× faster

  Packets until detection:   0
  Bytes until detection:     0 (0.00 MB)

[OCTOSKETCH METRICS - Optimized Architecture]
=== Per-Worker Sketches + Sampling (1/32 packets) ===

  Architecture:              Per-worker (NO atomics, NO contention)
  Total sketch memory:       5377 KB (14 workers × 384.1 KB)
  Sampling rate:             1 in 32 packets (3.1% overhead)
  Attack traffic sampled:    3376000 updates
  Estimated attack packets:  108032000 (×32 sampling factor)
  Sketch overhead:           ~1.56% of fast-path cycles
  Memory efficiency:         O(1) constant, 384.1 KB per worker

[MULTIPLE DETECTION STATISTICS]
=== Aggregate Detection Analysis ===

  Total detection events:    15642
  Average detection latency: 51.59 ms
  Min detection latency:     50.22 ms
  Max detection latency:     251.52 ms
  Latency range:             201.30 ms

  Detection Latency Histogram:
    < 20 ms:  0 detections (0.0%)
    20-30 ms: 0 detections (0.0%)
    30-40 ms: 0 detections (0.0%)
    40-50 ms: 0 detections (0.0%)
    > 50 ms:  15641 detections (100.0%)

[PERFORMANCE METRICS]
  Throughput:         1.38 Gbps (1.92 Mpps)
  Cycles available:   1558 cycles/pkt (lower = higher load)
  Active IPs:         0
  Worker threads:     14 (lcores 1-14)

[DPDK NIC STATISTICS]
  RX packets (NIC):   1548955034
  RX dropped (HW):    [0m0[0m (imissed)
  RX no mbufs:        [0m0[0m (buffer exhaustion)
  RX errors:          0
  Total drops:        [0m0 (0.00%)[0m
  RX burst calls:     310409043448 (99.5% empty)
  Processed pkts:     1548955378 (100.0% of NIC RX)


╔═══════════════════════════════════════════════════════════════════════╗
║          MIRA DDoS DETECTOR - STATISTICS (MULTI-CORE)                ║
╚═══════════════════════════════════════════════════════════════════════╝

[PACKET COUNTERS - GLOBAL]
  Total packets:      1558561981
  Baseline (10.10.2.x): 0 (0.0%)
  Attack (10.10.3.x): 1558561981 (100.0%)
  TCP packets:        0
  UDP packets:        1558561981
  ICMP packets:       0

[INSTANTANEOUS TRAFFIC - Last 5.0 seconds]
  Baseline (10.10.2.x): 0 pkts (0.0%)  0 bytes  0.00 Gbps
  Attack (10.10.3.x): 9606502 pkts (100.0%)  864585090 bytes  1.38 Gbps
  Total throughput:   1.38 Gbps  (avg pkt: 90 bytes)

[CUMULATIVE TRAFFIC - Since first packet (812.0s)]
  Total received:     1558561981 pkts (1.92 Mpps) | 1.38 Gbps | 140270578290 bytes

[ATTACK-SPECIFIC COUNTERS]
  SYN packets:        0
  SYN-ACK packets:    0
  SYN/ACK ratio:      0.00
  HTTP requests:      0
  DNS queries:        0

[PROTOCOL-SPECIFIC COUNTERS - CIC-DDoS-2019 Features]
  NTP Amplification:
    Monlist queries:  1558561981
    Responses:        0  (avg size: 0 bytes)
  DNS Amplification:
    ANY queries:      0
    TXT queries:      0
    Responses:        0  (avg size: 0 bytes)
  SNMP Amplification:
    GetBulk requests: 0
    Responses:        0  (avg size: 0 bytes)
  SSDP:
    M-SEARCH packets: 0
    Responses:        0
  PortMapper:
    GETPORT calls:    0
    DUMP calls:       0
  NetBIOS:
    Name queries:     0
    Datagram packets: 0
  LDAP:
    Bind requests:    0
    Search requests:  0
  MSSQL:
    SQLBatch packets: 0
    RPC packets:      0
  TFTP:
    RRQ (read) pkts:  0
    WRQ (write) pkts: 0

[ATTACK DETECTIONS - Cumulative Events]
  UDP flood events:   15740
  UDP-lag events:     0
  SYN flood events:   0
  HTTP flood events:  0
  ICMP flood events:  0
  DNS amp events:     0
  NTP amp events:     15740
  SNMP amp events:    0
  SSDP events:        0
  PortMap events:     0
  NetBIOS events:     0
  LDAP events:        0
  MSSQL events:       0
  TFTP events:        0
  ACK flood events:   0
  Frag attack events: 0
  Packet flood events:0
  (Note: Events count IPs exceeding thresholds per 50ms window)

[ALERT STATUS]
  Alert level:        [1;31mHIGH[0m
  Reason:             [1;31mUDP FLOOD detected: 886289685 UDP pps | NTP AMP detected: 1919834 qps | [0m

[MULTI-LF (2025) COMPARISON]
=== Detection Performance vs ML-Based System ===

  First Detection Latency:   147.16 ms (vs MULTI-LF: 866 ms)
    Improvement:             5.9× faster

  Packets until detection:   0
  Bytes until detection:     0 (0.00 MB)

[OCTOSKETCH METRICS - Optimized Architecture]
=== Per-Worker Sketches + Sampling (1/32 packets) ===

  Architecture:              Per-worker (NO atomics, NO contention)
  Total sketch memory:       5377 KB (14 workers × 384.1 KB)
  Sampling rate:             1 in 32 packets (3.1% overhead)
  Attack traffic sampled:    3375552 updates
  Estimated attack packets:  108017664 (×32 sampling factor)
  Sketch overhead:           ~1.56% of fast-path cycles
  Memory efficiency:         O(1) constant, 384.1 KB per worker

[MULTIPLE DETECTION STATISTICS]
=== Aggregate Detection Analysis ===

  Total detection events:    15740
  Average detection latency: 51.59 ms
  Min detection latency:     50.22 ms
  Max detection latency:     251.52 ms
  Latency range:             201.30 ms

  Detection Latency Histogram:
    < 20 ms:  0 detections (0.0%)
    20-30 ms: 0 detections (0.0%)
    30-40 ms: 0 detections (0.0%)
    40-50 ms: 0 detections (0.0%)
    > 50 ms:  15739 detections (100.0%)

[PERFORMANCE METRICS]
  Throughput:         1.38 Gbps (1.92 Mpps)
  Cycles available:   1558 cycles/pkt (lower = higher load)
  Active IPs:         0
  Worker threads:     14 (lcores 1-14)

[DPDK NIC STATISTICS]
  RX packets (NIC):   1558561633
  RX dropped (HW):    [0m0[0m (imissed)
  RX no mbufs:        [0m0[0m (buffer exhaustion)
  RX errors:          0
  Total drops:        [0m0 (0.00%)[0m
  RX burst calls:     312285812998 (99.5% empty)
  Processed pkts:     1558561981 (100.0% of NIC RX)


╔═══════════════════════════════════════════════════════════════════════╗
║          MIRA DDoS DETECTOR - STATISTICS (MULTI-CORE)                ║
╚═══════════════════════════════════════════════════════════════════════╝

[PACKET COUNTERS - GLOBAL]
  Total packets:      1568167720
  Baseline (10.10.2.x): 0 (0.0%)
  Attack (10.10.3.x): 1568167720 (100.0%)
  TCP packets:        0
  UDP packets:        1568167720
  ICMP packets:       0

[INSTANTANEOUS TRAFFIC - Last 5.0 seconds]
  Baseline (10.10.2.x): 0 pkts (0.0%)  0 bytes  0.00 Gbps
  Attack (10.10.3.x): 9605608 pkts (100.0%)  864504720 bytes  1.38 Gbps
  Total throughput:   1.38 Gbps  (avg pkt: 90 bytes)

[CUMULATIVE TRAFFIC - Since first packet (817.0s)]
  Total received:     1568167720 pkts (1.92 Mpps) | 1.38 Gbps | 141135094800 bytes

[ATTACK-SPECIFIC COUNTERS]
  SYN packets:        0
  SYN-ACK packets:    0
  SYN/ACK ratio:      0.00
  HTTP requests:      0
  DNS queries:        0

[PROTOCOL-SPECIFIC COUNTERS - CIC-DDoS-2019 Features]
  NTP Amplification:
    Monlist queries:  1568167720
    Responses:        0  (avg size: 0 bytes)
  DNS Amplification:
    ANY queries:      0
    TXT queries:      0
    Responses:        0  (avg size: 0 bytes)
  SNMP Amplification:
    GetBulk requests: 0
    Responses:        0  (avg size: 0 bytes)
  SSDP:
    M-SEARCH packets: 0
    Responses:        0
  PortMapper:
    GETPORT calls:    0
    DUMP calls:       0
  NetBIOS:
    Name queries:     0
    Datagram packets: 0
  LDAP:
    Bind requests:    0
    Search requests:  0
  MSSQL:
    SQLBatch packets: 0
    RPC packets:      0
  TFTP:
    RRQ (read) pkts:  0
    WRQ (write) pkts: 0

[ATTACK DETECTIONS - Cumulative Events]
  UDP flood events:   15837
  UDP-lag events:     0
  SYN flood events:   0
  HTTP flood events:  0
  ICMP flood events:  0
  DNS amp events:     0
  NTP amp events:     15837
  SNMP amp events:    0
  SSDP events:        0
  PortMap events:     0
  NetBIOS events:     0
  LDAP events:        0
  MSSQL events:       0
  TFTP events:        0
  ACK flood events:   0
  Frag attack events: 0
  Packet flood events:0
  (Note: Events count IPs exceeding thresholds per 50ms window)

[ALERT STATUS]
  Alert level:        [1;31mHIGH[0m
  Reason:             [1;31mUDP FLOOD detected: 917965844 UDP pps | NTP AMP detected: 1920832 qps | [0m

[MULTI-LF (2025) COMPARISON]
=== Detection Performance vs ML-Based System ===

  First Detection Latency:   147.16 ms (vs MULTI-LF: 866 ms)
    Improvement:             5.9× faster

  Packets until detection:   0
  Bytes until detection:     0 (0.00 MB)

[OCTOSKETCH METRICS - Optimized Architecture]
=== Per-Worker Sketches + Sampling (1/32 packets) ===

  Architecture:              Per-worker (NO atomics, NO contention)
  Total sketch memory:       5377 KB (14 workers × 384.1 KB)
  Sampling rate:             1 in 32 packets (3.1% overhead)
  Attack traffic sampled:    3280800 updates
  Estimated attack packets:  104985600 (×32 sampling factor)
  Sketch overhead:           ~1.56% of fast-path cycles
  Memory efficiency:         O(1) constant, 384.1 KB per worker

[MULTIPLE DETECTION STATISTICS]
=== Aggregate Detection Analysis ===

  Total detection events:    15837
  Average detection latency: 51.59 ms
  Min detection latency:     50.22 ms
  Max detection latency:     251.52 ms
  Latency range:             201.30 ms

  Detection Latency Histogram:
    < 20 ms:  0 detections (0.0%)
    20-30 ms: 0 detections (0.0%)
    30-40 ms: 0 detections (0.0%)
    40-50 ms: 0 detections (0.0%)
    > 50 ms:  15836 detections (100.0%)

[PERFORMANCE METRICS]
  Throughput:         1.38 Gbps (1.92 Mpps)
  Cycles available:   1558 cycles/pkt (lower = higher load)
  Active IPs:         0
  Worker threads:     14 (lcores 1-14)

[DPDK NIC STATISTICS]
  RX packets (NIC):   1568167388
  RX dropped (HW):    [0m0[0m (imissed)
  RX no mbufs:        [0m0[0m (buffer exhaustion)
  RX errors:          0
  Total drops:        [0m0 (0.00%)[0m
  RX burst calls:     314162437612 (99.5% empty)
  Processed pkts:     1568167720 (100.0% of NIC RX)


╔═══════════════════════════════════════════════════════════════════════╗
║          MIRA DDoS DETECTOR - STATISTICS (MULTI-CORE)                ║
╚═══════════════════════════════════════════════════════════════════════╝

[PACKET COUNTERS - GLOBAL]
  Total packets:      1577774941
  Baseline (10.10.2.x): 0 (0.0%)
  Attack (10.10.3.x): 1577774941 (100.0%)
  TCP packets:        0
  UDP packets:        1577774941
  ICMP packets:       0

[INSTANTANEOUS TRAFFIC - Last 5.0 seconds]
  Baseline (10.10.2.x): 0 pkts (0.0%)  0 bytes  0.00 Gbps
  Attack (10.10.3.x): 9607119 pkts (100.0%)  864640710 bytes  1.38 Gbps
  Total throughput:   1.38 Gbps  (avg pkt: 90 bytes)

[CUMULATIVE TRAFFIC - Since first packet (822.0s)]
  Total received:     1577774941 pkts (1.92 Mpps) | 1.38 Gbps | 141999744690 bytes

[ATTACK-SPECIFIC COUNTERS]
  SYN packets:        0
  SYN-ACK packets:    0
  SYN/ACK ratio:      0.00
  HTTP requests:      0
  DNS queries:        0

[PROTOCOL-SPECIFIC COUNTERS - CIC-DDoS-2019 Features]
  NTP Amplification:
    Monlist queries:  1577774941
    Responses:        0  (avg size: 0 bytes)
  DNS Amplification:
    ANY queries:      0
    TXT queries:      0
    Responses:        0  (avg size: 0 bytes)
  SNMP Amplification:
    GetBulk requests: 0
    Responses:        0  (avg size: 0 bytes)
  SSDP:
    M-SEARCH packets: 0
    Responses:        0
  PortMapper:
    GETPORT calls:    0
    DUMP calls:       0
  NetBIOS:
    Name queries:     0
    Datagram packets: 0
  LDAP:
    Bind requests:    0
    Search requests:  0
  MSSQL:
    SQLBatch packets: 0
    RPC packets:      0
  TFTP:
    RRQ (read) pkts:  0
    WRQ (write) pkts: 0

[ATTACK DETECTIONS - Cumulative Events]
  UDP flood events:   15935
  UDP-lag events:     0
  SYN flood events:   0
  HTTP flood events:  0
  ICMP flood events:  0
  DNS amp events:     0
  NTP amp events:     15935
  SNMP amp events:    0
  SSDP events:        0
  PortMap events:     0
  NetBIOS events:     0
  LDAP events:        0
  MSSQL events:       0
  TFTP events:        0
  ACK flood events:   0
  Frag attack events: 0
  Packet flood events:0
  (Note: Events count IPs exceeding thresholds per 50ms window)

[ALERT STATUS]
  Alert level:        [1;31mHIGH[0m
  Reason:             [1;31mUDP FLOOD detected: 923611290 UDP pps | NTP AMP detected: 1919970 qps | [0m

[MULTI-LF (2025) COMPARISON]
=== Detection Performance vs ML-Based System ===

  First Detection Latency:   147.16 ms (vs MULTI-LF: 866 ms)
    Improvement:             5.9× faster

  Packets until detection:   0
  Bytes until detection:     0 (0.00 MB)

[OCTOSKETCH METRICS - Optimized Architecture]
=== Per-Worker Sketches + Sampling (1/32 packets) ===

  Architecture:              Per-worker (NO atomics, NO contention)
  Total sketch memory:       5377 KB (14 workers × 384.1 KB)
  Sampling rate:             1 in 32 packets (3.1% overhead)
  Attack traffic sampled:    3279296 updates
  Estimated attack packets:  104937472 (×32 sampling factor)
  Sketch overhead:           ~1.56% of fast-path cycles
  Memory efficiency:         O(1) constant, 384.1 KB per worker

[MULTIPLE DETECTION STATISTICS]
=== Aggregate Detection Analysis ===

  Total detection events:    15935
  Average detection latency: 51.58 ms
  Min detection latency:     50.22 ms
  Max detection latency:     251.52 ms
  Latency range:             201.30 ms

  Detection Latency Histogram:
    < 20 ms:  0 detections (0.0%)
    20-30 ms: 0 detections (0.0%)
    30-40 ms: 0 detections (0.0%)
    40-50 ms: 0 detections (0.0%)
    > 50 ms:  15934 detections (100.0%)

[PERFORMANCE METRICS]
  Throughput:         1.38 Gbps (1.92 Mpps)
  Cycles available:   1557 cycles/pkt (lower = higher load)
  Active IPs:         0
  Worker threads:     14 (lcores 1-14)

[DPDK NIC STATISTICS]
  RX packets (NIC):   1577774626
  RX dropped (HW):    [0m0[0m (imissed)
  RX no mbufs:        [0m0[0m (buffer exhaustion)
  RX errors:          0
  Total drops:        [0m0 (0.00%)[0m
  RX burst calls:     316039132047 (99.5% empty)
  Processed pkts:     1577774941 (100.0% of NIC RX)


╔═══════════════════════════════════════════════════════════════════════╗
║          MIRA DDoS DETECTOR - STATISTICS (MULTI-CORE)                ║
╚═══════════════════════════════════════════════════════════════════════╝

[PACKET COUNTERS - GLOBAL]
  Total packets:      1587379487
  Baseline (10.10.2.x): 0 (0.0%)
  Attack (10.10.3.x): 1587379487 (100.0%)
  TCP packets:        0
  UDP packets:        1587379487
  ICMP packets:       0

[INSTANTANEOUS TRAFFIC - Last 5.0 seconds]
  Baseline (10.10.2.x): 0 pkts (0.0%)  0 bytes  0.00 Gbps
  Attack (10.10.3.x): 9604442 pkts (100.0%)  864399690 bytes  1.38 Gbps
  Total throughput:   1.38 Gbps  (avg pkt: 90 bytes)

[CUMULATIVE TRAFFIC - Since first packet (827.0s)]
  Total received:     1587379487 pkts (1.92 Mpps) | 1.38 Gbps | 142864153830 bytes

[ATTACK-SPECIFIC COUNTERS]
  SYN packets:        0
  SYN-ACK packets:    0
  SYN/ACK ratio:      0.00
  HTTP requests:      0
  DNS queries:        0

[PROTOCOL-SPECIFIC COUNTERS - CIC-DDoS-2019 Features]
  NTP Amplification:
    Monlist queries:  1587379487
    Responses:        0  (avg size: 0 bytes)
  DNS Amplification:
    ANY queries:      0
    TXT queries:      0
    Responses:        0  (avg size: 0 bytes)
  SNMP Amplification:
    GetBulk requests: 0
    Responses:        0  (avg size: 0 bytes)
  SSDP:
    M-SEARCH packets: 0
    Responses:        0
  PortMapper:
    GETPORT calls:    0
    DUMP calls:       0
  NetBIOS:
    Name queries:     0
    Datagram packets: 0
  LDAP:
    Bind requests:    0
    Search requests:  0
  MSSQL:
    SQLBatch packets: 0
    RPC packets:      0
  TFTP:
    RRQ (read) pkts:  0
    WRQ (write) pkts: 0

[ATTACK DETECTIONS - Cumulative Events]
  UDP flood events:   16033
  UDP-lag events:     0
  SYN flood events:   0
  HTTP flood events:  0
  ICMP flood events:  0
  DNS amp events:     0
  NTP amp events:     16033
  SNMP amp events:    0
  SSDP events:        0
  PortMap events:     0
  NetBIOS events:     0
  LDAP events:        0
  MSSQL events:       0
  TFTP events:        0
  ACK flood events:   0
  Frag attack events: 0
  Packet flood events:0
  (Note: Events count IPs exceeding thresholds per 50ms window)

[ALERT STATUS]
  Alert level:        [1;31mHIGH[0m
  Reason:             [1;31mUDP FLOOD detected: 929271312 UDP pps | NTP AMP detected: 1920599 qps | [0m

[MULTI-LF (2025) COMPARISON]
=== Detection Performance vs ML-Based System ===

  First Detection Latency:   147.16 ms (vs MULTI-LF: 866 ms)
    Improvement:             5.9× faster

  Packets until detection:   0
  Bytes until detection:     0 (0.00 MB)

[OCTOSKETCH METRICS - Optimized Architecture]
=== Per-Worker Sketches + Sampling (1/32 packets) ===

  Architecture:              Per-worker (NO atomics, NO contention)
  Total sketch memory:       5377 KB (14 workers × 384.1 KB)
  Sampling rate:             1 in 32 packets (3.1% overhead)
  Attack traffic sampled:    3280288 updates
  Estimated attack packets:  104969216 (×32 sampling factor)
  Sketch overhead:           ~1.56% of fast-path cycles
  Memory efficiency:         O(1) constant, 384.1 KB per worker

[MULTIPLE DETECTION STATISTICS]
=== Aggregate Detection Analysis ===

  Total detection events:    16033
  Average detection latency: 51.58 ms
  Min detection latency:     50.22 ms
  Max detection latency:     251.52 ms
  Latency range:             201.30 ms

  Detection Latency Histogram:
    < 20 ms:  0 detections (0.0%)
    20-30 ms: 0 detections (0.0%)
    30-40 ms: 0 detections (0.0%)
    40-50 ms: 0 detections (0.0%)
    > 50 ms:  16032 detections (100.0%)

[PERFORMANCE METRICS]
  Throughput:         1.38 Gbps (1.92 Mpps)
  Cycles available:   1558 cycles/pkt (lower = higher load)
  Active IPs:         0
  Worker threads:     14 (lcores 1-14)

[DPDK NIC STATISTICS]
  RX packets (NIC):   1587379122
  RX dropped (HW):    [0m0[0m (imissed)
  RX no mbufs:        [0m0[0m (buffer exhaustion)
  RX errors:          0
  Total drops:        [0m0 (0.00%)[0m
  RX burst calls:     317915810907 (99.5% empty)
  Processed pkts:     1587379487 (100.0% of NIC RX)


╔═══════════════════════════════════════════════════════════════════════╗
║          MIRA DDoS DETECTOR - STATISTICS (MULTI-CORE)                ║
╚═══════════════════════════════════════════════════════════════════════╝

[PACKET COUNTERS - GLOBAL]
  Total packets:      1596984685
  Baseline (10.10.2.x): 0 (0.0%)
  Attack (10.10.3.x): 1596984685 (100.0%)
  TCP packets:        0
  UDP packets:        1596984685
  ICMP packets:       0

[INSTANTANEOUS TRAFFIC - Last 5.0 seconds]
  Baseline (10.10.2.x): 0 pkts (0.0%)  0 bytes  0.00 Gbps
  Attack (10.10.3.x): 9605106 pkts (100.0%)  864459540 bytes  1.38 Gbps
  Total throughput:   1.38 Gbps  (avg pkt: 90 bytes)

[CUMULATIVE TRAFFIC - Since first packet (832.0s)]
  Total received:     1596984685 pkts (1.92 Mpps) | 1.38 Gbps | 143728621650 bytes

[ATTACK-SPECIFIC COUNTERS]
  SYN packets:        0
  SYN-ACK packets:    0
  SYN/ACK ratio:      0.00
  HTTP requests:      0
  DNS queries:        0

[PROTOCOL-SPECIFIC COUNTERS - CIC-DDoS-2019 Features]
  NTP Amplification:
    Monlist queries:  1596984685
    Responses:        0  (avg size: 0 bytes)
  DNS Amplification:
    ANY queries:      0
    TXT queries:      0
    Responses:        0  (avg size: 0 bytes)
  SNMP Amplification:
    GetBulk requests: 0
    Responses:        0  (avg size: 0 bytes)
  SSDP:
    M-SEARCH packets: 0
    Responses:        0
  PortMapper:
    GETPORT calls:    0
    DUMP calls:       0
  NetBIOS:
    Name queries:     0
    Datagram packets: 0
  LDAP:
    Bind requests:    0
    Search requests:  0
  MSSQL:
    SQLBatch packets: 0
    RPC packets:      0
  TFTP:
    RRQ (read) pkts:  0
    WRQ (write) pkts: 0

[ATTACK DETECTIONS - Cumulative Events]
  UDP flood events:   16131
  UDP-lag events:     0
  SYN flood events:   0
  HTTP flood events:  0
  ICMP flood events:  0
  DNS amp events:     0
  NTP amp events:     16131
  SNMP amp events:    0
  SSDP events:        0
  PortMap events:     0
  NetBIOS events:     0
  LDAP events:        0
  MSSQL events:       0
  TFTP events:        0
  ACK flood events:   0
  Frag attack events: 0
  Packet flood events:0
  (Note: Events count IPs exceeding thresholds per 50ms window)

[ALERT STATUS]
  Alert level:        [1;31mHIGH[0m
  Reason:             [1;31mUDP FLOOD detected: 963200331 UDP pps | NTP AMP detected: 1918913 qps | [0m

[MULTI-LF (2025) COMPARISON]
=== Detection Performance vs ML-Based System ===

  First Detection Latency:   147.16 ms (vs MULTI-LF: 866 ms)
    Improvement:             5.9× faster

  Packets until detection:   0
  Bytes until detection:     0 (0.00 MB)

[OCTOSKETCH METRICS - Optimized Architecture]
=== Per-Worker Sketches + Sampling (1/32 packets) ===

  Architecture:              Per-worker (NO atomics, NO contention)
  Total sketch memory:       5377 KB (14 workers × 384.1 KB)
  Sampling rate:             1 in 32 packets (3.1% overhead)
  Attack traffic sampled:    3181024 updates
  Estimated attack packets:  101792768 (×32 sampling factor)
  Sketch overhead:           ~1.56% of fast-path cycles
  Memory efficiency:         O(1) constant, 384.1 KB per worker

[MULTIPLE DETECTION STATISTICS]
=== Aggregate Detection Analysis ===

  Total detection events:    16131
  Average detection latency: 51.58 ms
  Min detection latency:     50.22 ms
  Max detection latency:     251.52 ms
  Latency range:             201.30 ms

  Detection Latency Histogram:
    < 20 ms:  0 detections (0.0%)
    20-30 ms: 0 detections (0.0%)
    30-40 ms: 0 detections (0.0%)
    40-50 ms: 0 detections (0.0%)
    > 50 ms:  16130 detections (100.0%)

[PERFORMANCE METRICS]
  Throughput:         1.38 Gbps (1.92 Mpps)
  Cycles available:   1558 cycles/pkt (lower = higher load)
  Active IPs:         0
  Worker threads:     14 (lcores 1-14)

[DPDK NIC STATISTICS]
  RX packets (NIC):   1596984325
  RX dropped (HW):    [0m0[0m (imissed)
  RX no mbufs:        [0m0[0m (buffer exhaustion)
  RX errors:          0
  Total drops:        [0m0 (0.00%)[0m
  RX burst calls:     319792566548 (99.5% empty)
  Processed pkts:     1596984685 (100.0% of NIC RX)


╔═══════════════════════════════════════════════════════════════════════╗
║          MIRA DDoS DETECTOR - STATISTICS (MULTI-CORE)                ║
╚═══════════════════════════════════════════════════════════════════════╝

[PACKET COUNTERS - GLOBAL]
  Total packets:      1606591688
  Baseline (10.10.2.x): 0 (0.0%)
  Attack (10.10.3.x): 1606591688 (100.0%)
  TCP packets:        0
  UDP packets:        1606591688
  ICMP packets:       0

[INSTANTANEOUS TRAFFIC - Last 5.0 seconds]
  Baseline (10.10.2.x): 0 pkts (0.0%)  0 bytes  0.00 Gbps
  Attack (10.10.3.x): 9606912 pkts (100.0%)  864622350 bytes  1.38 Gbps
  Total throughput:   1.38 Gbps  (avg pkt: 90 bytes)

[CUMULATIVE TRAFFIC - Since first packet (837.0s)]
  Total received:     1606591688 pkts (1.92 Mpps) | 1.38 Gbps | 144593251920 bytes

[ATTACK-SPECIFIC COUNTERS]
  SYN packets:        0
  SYN-ACK packets:    0
  SYN/ACK ratio:      0.00
  HTTP requests:      0
  DNS queries:        0

[PROTOCOL-SPECIFIC COUNTERS - CIC-DDoS-2019 Features]
  NTP Amplification:
    Monlist queries:  1606591688
    Responses:        0  (avg size: 0 bytes)
  DNS Amplification:
    ANY queries:      0
    TXT queries:      0
    Responses:        0  (avg size: 0 bytes)
  SNMP Amplification:
    GetBulk requests: 0
    Responses:        0  (avg size: 0 bytes)
  SSDP:
    M-SEARCH packets: 0
    Responses:        0
  PortMapper:
    GETPORT calls:    0
    DUMP calls:       0
  NetBIOS:
    Name queries:     0
    Datagram packets: 0
  LDAP:
    Bind requests:    0
    Search requests:  0
  MSSQL:
    SQLBatch packets: 0
    RPC packets:      0
  TFTP:
    RRQ (read) pkts:  0
    WRQ (write) pkts: 0

[ATTACK DETECTIONS - Cumulative Events]
  UDP flood events:   16229
  UDP-lag events:     0
  SYN flood events:   0
  HTTP flood events:  0
  ICMP flood events:  0
  DNS amp events:     0
  NTP amp events:     16229
  SNMP amp events:    0
  SSDP events:        0
  PortMap events:     0
  NetBIOS events:     0
  LDAP events:        0
  MSSQL events:       0
  TFTP events:        0
  ACK flood events:   0
  Frag attack events: 0
  Packet flood events:0
  (Note: Events count IPs exceeding thresholds per 50ms window)

[ALERT STATUS]
  Alert level:        [1;31mHIGH[0m
  Reason:             [1;31mUDP FLOOD detected: 968982911 UDP pps | NTP AMP detected: 1920650 qps | [0m

[MULTI-LF (2025) COMPARISON]
=== Detection Performance vs ML-Based System ===

  First Detection Latency:   147.16 ms (vs MULTI-LF: 866 ms)
    Improvement:             5.9× faster

  Packets until detection:   0
  Bytes until detection:     0 (0.00 MB)

[OCTOSKETCH METRICS - Optimized Architecture]
=== Per-Worker Sketches + Sampling (1/32 packets) ===

  Architecture:              Per-worker (NO atomics, NO contention)
  Total sketch memory:       5377 KB (14 workers × 384.1 KB)
  Sampling rate:             1 in 32 packets (3.1% overhead)
  Attack traffic sampled:    3183936 updates
  Estimated attack packets:  101885952 (×32 sampling factor)
  Sketch overhead:           ~1.56% of fast-path cycles
  Memory efficiency:         O(1) constant, 384.1 KB per worker

[MULTIPLE DETECTION STATISTICS]
=== Aggregate Detection Analysis ===

  Total detection events:    16229
  Average detection latency: 51.58 ms
  Min detection latency:     50.22 ms
  Max detection latency:     251.52 ms
  Latency range:             201.30 ms

  Detection Latency Histogram:
    < 20 ms:  0 detections (0.0%)
    20-30 ms: 0 detections (0.0%)
    30-40 ms: 0 detections (0.0%)
    40-50 ms: 0 detections (0.0%)
    > 50 ms:  16228 detections (100.0%)

[PERFORMANCE METRICS]
  Throughput:         1.38 Gbps (1.92 Mpps)
  Cycles available:   1558 cycles/pkt (lower = higher load)
  Active IPs:         0
  Worker threads:     14 (lcores 1-14)

[DPDK NIC STATISTICS]
  RX packets (NIC):   1606591323
  RX dropped (HW):    [0m0[0m (imissed)
  RX no mbufs:        [0m0[0m (buffer exhaustion)
  RX errors:          0
  Total drops:        [0m0 (0.00%)[0m
  RX burst calls:     321669098512 (99.5% empty)
  Processed pkts:     1606591688 (100.0% of NIC RX)


╔═══════════════════════════════════════════════════════════════════════╗
║          MIRA DDoS DETECTOR - STATISTICS (MULTI-CORE)                ║
╚═══════════════════════════════════════════════════════════════════════╝

[PACKET COUNTERS - GLOBAL]
  Total packets:      1616198201
  Baseline (10.10.2.x): 0 (0.0%)
  Attack (10.10.3.x): 1616198201 (100.0%)
  TCP packets:        0
  UDP packets:        1616198201
  ICMP packets:       0

[INSTANTANEOUS TRAFFIC - Last 5.0 seconds]
  Baseline (10.10.2.x): 0 pkts (0.0%)  0 bytes  0.00 Gbps
  Attack (10.10.3.x): 9606424 pkts (100.0%)  864578160 bytes  1.38 Gbps
  Total throughput:   1.38 Gbps  (avg pkt: 90 bytes)

[CUMULATIVE TRAFFIC - Since first packet (842.0s)]
  Total received:     1616198201 pkts (1.92 Mpps) | 1.38 Gbps | 145457838090 bytes

[ATTACK-SPECIFIC COUNTERS]
  SYN packets:        0
  SYN-ACK packets:    0
  SYN/ACK ratio:      0.00
  HTTP requests:      0
  DNS queries:        0

[PROTOCOL-SPECIFIC COUNTERS - CIC-DDoS-2019 Features]
  NTP Amplification:
    Monlist queries:  1616198201
    Responses:        0  (avg size: 0 bytes)
  DNS Amplification:
    ANY queries:      0
    TXT queries:      0
    Responses:        0  (avg size: 0 bytes)
  SNMP Amplification:
    GetBulk requests: 0
    Responses:        0  (avg size: 0 bytes)
  SSDP:
    M-SEARCH packets: 0
    Responses:        0
  PortMapper:
    GETPORT calls:    0
    DUMP calls:       0
  NetBIOS:
    Name queries:     0
    Datagram packets: 0
  LDAP:
    Bind requests:    0
    Search requests:  0
  MSSQL:
    SQLBatch packets: 0
    RPC packets:      0
  TFTP:
    RRQ (read) pkts:  0
    WRQ (write) pkts: 0

[ATTACK DETECTIONS - Cumulative Events]
  UDP flood events:   16326
  UDP-lag events:     0
  SYN flood events:   0
  HTTP flood events:  0
  ICMP flood events:  0
  DNS amp events:     0
  NTP amp events:     16326
  SNMP amp events:    0
  SSDP events:        0
  PortMap events:     0
  NetBIOS events:     0
  LDAP events:        0
  MSSQL events:       0
  TFTP events:        0
  ACK flood events:   0
  Frag attack events: 0
  Packet flood events:0
  (Note: Events count IPs exceeding thresholds per 50ms window)

[ALERT STATUS]
  Alert level:        [1;31mHIGH[0m
  Reason:             [1;31mUDP FLOOD detected: 1005181232 UDP pps | NTP AMP detected: 1919326 qps | [0m

[MULTI-LF (2025) COMPARISON]
=== Detection Performance vs ML-Based System ===

  First Detection Latency:   147.16 ms (vs MULTI-LF: 866 ms)
    Improvement:             5.9× faster

  Packets until detection:   0
  Bytes until detection:     0 (0.00 MB)

[OCTOSKETCH METRICS - Optimized Architecture]
=== Per-Worker Sketches + Sampling (1/32 packets) ===

  Architecture:              Per-worker (NO atomics, NO contention)
  Total sketch memory:       5377 KB (14 workers × 384.1 KB)
  Sampling rate:             1 in 32 packets (3.1% overhead)
  Attack traffic sampled:    3085408 updates
  Estimated attack packets:  98733056 (×32 sampling factor)
  Sketch overhead:           ~1.56% of fast-path cycles
  Memory efficiency:         O(1) constant, 384.1 KB per worker

[MULTIPLE DETECTION STATISTICS]
=== Aggregate Detection Analysis ===

  Total detection events:    16326
  Average detection latency: 51.57 ms
  Min detection latency:     50.22 ms
  Max detection latency:     251.52 ms
  Latency range:             201.30 ms

  Detection Latency Histogram:
    < 20 ms:  0 detections (0.0%)
    20-30 ms: 0 detections (0.0%)
    30-40 ms: 0 detections (0.0%)
    40-50 ms: 0 detections (0.0%)
    > 50 ms:  16325 detections (100.0%)

[PERFORMANCE METRICS]
  Throughput:         1.38 Gbps (1.92 Mpps)
  Cycles available:   1558 cycles/pkt (lower = higher load)
  Active IPs:         0
  Worker threads:     14 (lcores 1-14)

[DPDK NIC STATISTICS]
  RX packets (NIC):   1616197875
  RX dropped (HW):    [0m0[0m (imissed)
  RX no mbufs:        [0m0[0m (buffer exhaustion)
  RX errors:          0
  Total drops:        [0m0 (0.00%)[0m
  RX burst calls:     323545810506 (99.5% empty)
  Processed pkts:     1616198201 (100.0% of NIC RX)


╔═══════════════════════════════════════════════════════════════════════╗
║          MIRA DDoS DETECTOR - STATISTICS (MULTI-CORE)                ║
╚═══════════════════════════════════════════════════════════════════════╝

[PACKET COUNTERS - GLOBAL]
  Total packets:      1625803072
  Baseline (10.10.2.x): 0 (0.0%)
  Attack (10.10.3.x): 1625803072 (100.0%)
  TCP packets:        0
  UDP packets:        1625803072
  ICMP packets:       0

[INSTANTANEOUS TRAFFIC - Last 5.0 seconds]
  Baseline (10.10.2.x): 0 pkts (0.0%)  0 bytes  0.00 Gbps
  Attack (10.10.3.x): 9604773 pkts (100.0%)  864429570 bytes  1.38 Gbps
  Total throughput:   1.38 Gbps  (avg pkt: 90 bytes)

[CUMULATIVE TRAFFIC - Since first packet (847.0s)]
  Total received:     1625803072 pkts (1.92 Mpps) | 1.38 Gbps | 146322276480 bytes

[ATTACK-SPECIFIC COUNTERS]
  SYN packets:        0
  SYN-ACK packets:    0
  SYN/ACK ratio:      0.00
  HTTP requests:      0
  DNS queries:        0

[PROTOCOL-SPECIFIC COUNTERS - CIC-DDoS-2019 Features]
  NTP Amplification:
    Monlist queries:  1625803072
    Responses:        0  (avg size: 0 bytes)
  DNS Amplification:
    ANY queries:      0
    TXT queries:      0
    Responses:        0  (avg size: 0 bytes)
  SNMP Amplification:
    GetBulk requests: 0
    Responses:        0  (avg size: 0 bytes)
  SSDP:
    M-SEARCH packets: 0
    Responses:        0
  PortMapper:
    GETPORT calls:    0
    DUMP calls:       0
  NetBIOS:
    Name queries:     0
    Datagram packets: 0
  LDAP:
    Bind requests:    0
    Search requests:  0
  MSSQL:
    SQLBatch packets: 0
    RPC packets:      0
  TFTP:
    RRQ (read) pkts:  0
    WRQ (write) pkts: 0

[ATTACK DETECTIONS - Cumulative Events]
  UDP flood events:   16424
  UDP-lag events:     0
  SYN flood events:   0
  HTTP flood events:  0
  ICMP flood events:  0
  DNS amp events:     0
  NTP amp events:     16424
  SNMP amp events:    0
  SSDP events:        0
  PortMap events:     0
  NetBIOS events:     0
  LDAP events:        0
  MSSQL events:       0
  TFTP events:        0
  ACK flood events:   0
  Frag attack events: 0
  Packet flood events:0
  (Note: Events count IPs exceeding thresholds per 50ms window)

[ALERT STATUS]
  Alert level:        [1;31mHIGH[0m
  Reason:             [1;31mUDP FLOOD detected: 1011232132 UDP pps | NTP AMP detected: 1920575 qps | [0m

[MULTI-LF (2025) COMPARISON]
=== Detection Performance vs ML-Based System ===

  First Detection Latency:   147.16 ms (vs MULTI-LF: 866 ms)
    Improvement:             5.9× faster

  Packets until detection:   0
  Bytes until detection:     0 (0.00 MB)

[OCTOSKETCH METRICS - Optimized Architecture]
=== Per-Worker Sketches + Sampling (1/32 packets) ===

  Architecture:              Per-worker (NO atomics, NO contention)
  Total sketch memory:       5377 KB (14 workers × 384.1 KB)
  Sampling rate:             1 in 32 packets (3.1% overhead)
  Attack traffic sampled:    3087328 updates
  Estimated attack packets:  98794496 (×32 sampling factor)
  Sketch overhead:           ~1.56% of fast-path cycles
  Memory efficiency:         O(1) constant, 384.1 KB per worker

[MULTIPLE DETECTION STATISTICS]
=== Aggregate Detection Analysis ===

  Total detection events:    16424
  Average detection latency: 51.57 ms
  Min detection latency:     50.22 ms
  Max detection latency:     251.52 ms
  Latency range:             201.30 ms

  Detection Latency Histogram:
    < 20 ms:  0 detections (0.0%)
    20-30 ms: 0 detections (0.0%)
    30-40 ms: 0 detections (0.0%)
    40-50 ms: 0 detections (0.0%)
    > 50 ms:  16423 detections (100.0%)

[PERFORMANCE METRICS]
  Throughput:         1.38 Gbps (1.92 Mpps)
  Cycles available:   1558 cycles/pkt (lower = higher load)
  Active IPs:         0
  Worker threads:     14 (lcores 1-14)

[DPDK NIC STATISTICS]
  RX packets (NIC):   1625802714
  RX dropped (HW):    [0m0[0m (imissed)
  RX no mbufs:        [0m0[0m (buffer exhaustion)
  RX errors:          0
  Total drops:        [0m0 (0.00%)[0m
  RX burst calls:     325422470815 (99.5% empty)
  Processed pkts:     1625803072 (100.0% of NIC RX)


╔═══════════════════════════════════════════════════════════════════════╗
║          MIRA DDoS DETECTOR - STATISTICS (MULTI-CORE)                ║
╚═══════════════════════════════════════════════════════════════════════╝

[PACKET COUNTERS - GLOBAL]
  Total packets:      1635408591
  Baseline (10.10.2.x): 0 (0.0%)
  Attack (10.10.3.x): 1635408591 (100.0%)
  TCP packets:        0
  UDP packets:        1635408591
  ICMP packets:       0

[INSTANTANEOUS TRAFFIC - Last 5.0 seconds]
  Baseline (10.10.2.x): 0 pkts (0.0%)  0 bytes  0.00 Gbps
  Attack (10.10.3.x): 9605429 pkts (100.0%)  864488610 bytes  1.38 Gbps
  Total throughput:   1.38 Gbps  (avg pkt: 90 bytes)

[CUMULATIVE TRAFFIC - Since first packet (852.0s)]
  Total received:     1635408591 pkts (1.92 Mpps) | 1.38 Gbps | 147186773190 bytes

[ATTACK-SPECIFIC COUNTERS]
  SYN packets:        0
  SYN-ACK packets:    0
  SYN/ACK ratio:      0.00
  HTTP requests:      0
  DNS queries:        0

[PROTOCOL-SPECIFIC COUNTERS - CIC-DDoS-2019 Features]
  NTP Amplification:
    Monlist queries:  1635408591
    Responses:        0  (avg size: 0 bytes)
  DNS Amplification:
    ANY queries:      0
    TXT queries:      0
    Responses:        0  (avg size: 0 bytes)
  SNMP Amplification:
    GetBulk requests: 0
    Responses:        0  (avg size: 0 bytes)
  SSDP:
    M-SEARCH packets: 0
    Responses:        0
  PortMapper:
    GETPORT calls:    0
    DUMP calls:       0
  NetBIOS:
    Name queries:     0
    Datagram packets: 0
  LDAP:
    Bind requests:    0
    Search requests:  0
  MSSQL:
    SQLBatch packets: 0
    RPC packets:      0
  TFTP:
    RRQ (read) pkts:  0
    WRQ (write) pkts: 0

[ATTACK DETECTIONS - Cumulative Events]
  UDP flood events:   16522
  UDP-lag events:     0
  SYN flood events:   0
  HTTP flood events:  0
  ICMP flood events:  0
  DNS amp events:     0
  NTP amp events:     16522
  SNMP amp events:    0
  SSDP events:        0
  PortMap events:     0
  NetBIOS events:     0
  LDAP events:        0
  MSSQL events:       0
  TFTP events:        0
  ACK flood events:   0
  Frag attack events: 0
  Packet flood events:0
  (Note: Events count IPs exceeding thresholds per 50ms window)

[ALERT STATUS]
  Alert level:        [1;31mHIGH[0m
  Reason:             [1;31mUDP FLOOD detected: 1017230160 UDP pps | NTP AMP detected: 1918556 qps | [0m

[MULTI-LF (2025) COMPARISON]
=== Detection Performance vs ML-Based System ===

  First Detection Latency:   147.16 ms (vs MULTI-LF: 866 ms)
    Improvement:             5.9× faster

  Packets until detection:   0
  Bytes until detection:     0 (0.00 MB)

[OCTOSKETCH METRICS - Optimized Architecture]
=== Per-Worker Sketches + Sampling (1/32 packets) ===

  Architecture:              Per-worker (NO atomics, NO contention)
  Total sketch memory:       5377 KB (14 workers × 384.1 KB)
  Sampling rate:             1 in 32 packets (3.1% overhead)
  Attack traffic sampled:    3083968 updates
  Estimated attack packets:  98686976 (×32 sampling factor)
  Sketch overhead:           ~1.56% of fast-path cycles
  Memory efficiency:         O(1) constant, 384.1 KB per worker

[MULTIPLE DETECTION STATISTICS]
=== Aggregate Detection Analysis ===

  Total detection events:    16522
  Average detection latency: 51.57 ms
  Min detection latency:     50.22 ms
  Max detection latency:     251.52 ms
  Latency range:             201.30 ms

  Detection Latency Histogram:
    < 20 ms:  0 detections (0.0%)
    20-30 ms: 0 detections (0.0%)
    30-40 ms: 0 detections (0.0%)
    40-50 ms: 0 detections (0.0%)
    > 50 ms:  16521 detections (100.0%)

[PERFORMANCE METRICS]
  Throughput:         1.38 Gbps (1.92 Mpps)
  Cycles available:   1558 cycles/pkt (lower = higher load)
  Active IPs:         0
  Worker threads:     14 (lcores 1-14)

[DPDK NIC STATISTICS]
  RX packets (NIC):   1635408243
  RX dropped (HW):    [0m0[0m (imissed)
  RX no mbufs:        [0m0[0m (buffer exhaustion)
  RX errors:          0
  Total drops:        [0m0 (0.00%)[0m
  RX burst calls:     327299362098 (99.5% empty)
  Processed pkts:     1635408591 (100.0% of NIC RX)


╔═══════════════════════════════════════════════════════════════════════╗
║          MIRA DDoS DETECTOR - STATISTICS (MULTI-CORE)                ║
╚═══════════════════════════════════════════════════════════════════════╝

[PACKET COUNTERS - GLOBAL]
  Total packets:      1645012698
  Baseline (10.10.2.x): 0 (0.0%)
  Attack (10.10.3.x): 1645012698 (100.0%)
  TCP packets:        0
  UDP packets:        1645012698
  ICMP packets:       0

[INSTANTANEOUS TRAFFIC - Last 5.0 seconds]
  Baseline (10.10.2.x): 0 pkts (0.0%)  0 bytes  0.00 Gbps
  Attack (10.10.3.x): 9604023 pkts (100.0%)  864362160 bytes  1.38 Gbps
  Total throughput:   1.38 Gbps  (avg pkt: 90 bytes)

[CUMULATIVE TRAFFIC - Since first packet (857.0s)]
  Total received:     1645012698 pkts (1.92 Mpps) | 1.38 Gbps | 148051142820 bytes

[ATTACK-SPECIFIC COUNTERS]
  SYN packets:        0
  SYN-ACK packets:    0
  SYN/ACK ratio:      0.00
  HTTP requests:      0
  DNS queries:        0

[PROTOCOL-SPECIFIC COUNTERS - CIC-DDoS-2019 Features]
  NTP Amplification:
    Monlist queries:  1645012698
    Responses:        0  (avg size: 0 bytes)
  DNS Amplification:
    ANY queries:      0
    TXT queries:      0
    Responses:        0  (avg size: 0 bytes)
  SNMP Amplification:
    GetBulk requests: 0
    Responses:        0  (avg size: 0 bytes)
  SSDP:
    M-SEARCH packets: 0
    Responses:        0
  PortMapper:
    GETPORT calls:    0
    DUMP calls:       0
  NetBIOS:
    Name queries:     0
    Datagram packets: 0
  LDAP:
    Bind requests:    0
    Search requests:  0
  MSSQL:
    SQLBatch packets: 0
    RPC packets:      0
  TFTP:
    RRQ (read) pkts:  0
    WRQ (write) pkts: 0

[ATTACK DETECTIONS - Cumulative Events]
  UDP flood events:   16620
  UDP-lag events:     0
  SYN flood events:   0
  HTTP flood events:  0
  ICMP flood events:  0
  DNS amp events:     0
  NTP amp events:     16620
  SNMP amp events:    0
  SSDP events:        0
  PortMap events:     0
  NetBIOS events:     0
  LDAP events:        0
  MSSQL events:       0
  TFTP events:        0
  ACK flood events:   0
  Frag attack events: 0
  Packet flood events:0
  (Note: Events count IPs exceeding thresholds per 50ms window)

[ALERT STATUS]
  Alert level:        [1;31mHIGH[0m
  Reason:             [1;31mUDP FLOOD detected: 1056149360 UDP pps | NTP AMP detected: 1920000 qps | [0m

[MULTI-LF (2025) COMPARISON]
=== Detection Performance vs ML-Based System ===

  First Detection Latency:   147.16 ms (vs MULTI-LF: 866 ms)
    Improvement:             5.9× faster

  Packets until detection:   0
  Bytes until detection:     0 (0.00 MB)

[OCTOSKETCH METRICS - Optimized Architecture]
=== Per-Worker Sketches + Sampling (1/32 packets) ===

  Architecture:              Per-worker (NO atomics, NO contention)
  Total sketch memory:       5377 KB (14 workers × 384.1 KB)
  Sampling rate:             1 in 32 packets (3.1% overhead)
  Attack traffic sampled:    2989952 updates
  Estimated attack packets:  95678464 (×32 sampling factor)
  Sketch overhead:           ~1.56% of fast-path cycles
  Memory efficiency:         O(1) constant, 384.1 KB per worker

[MULTIPLE DETECTION STATISTICS]
=== Aggregate Detection Analysis ===

  Total detection events:    16620
  Average detection latency: 51.57 ms
  Min detection latency:     50.22 ms
  Max detection latency:     251.52 ms
  Latency range:             201.30 ms

  Detection Latency Histogram:
    < 20 ms:  0 detections (0.0%)
    20-30 ms: 0 detections (0.0%)
    30-40 ms: 0 detections (0.0%)
    40-50 ms: 0 detections (0.0%)
    > 50 ms:  16619 detections (100.0%)

[PERFORMANCE METRICS]
  Throughput:         1.38 Gbps (1.92 Mpps)
  Cycles available:   1558 cycles/pkt (lower = higher load)
  Active IPs:         0
  Worker threads:     14 (lcores 1-14)

[DPDK NIC STATISTICS]
  RX packets (NIC):   1645012326
  RX dropped (HW):    [0m0[0m (imissed)
  RX no mbufs:        [0m0[0m (buffer exhaustion)
  RX errors:          0
  Total drops:        [0m0 (0.00%)[0m
  RX burst calls:     329176051987 (99.5% empty)
  Processed pkts:     1645012698 (100.0% of NIC RX)


╔═══════════════════════════════════════════════════════════════════════╗
║          MIRA DDoS DETECTOR - STATISTICS (MULTI-CORE)                ║
╚═══════════════════════════════════════════════════════════════════════╝

[PACKET COUNTERS - GLOBAL]
  Total packets:      1654619773
  Baseline (10.10.2.x): 0 (0.0%)
  Attack (10.10.3.x): 1654619773 (100.0%)
  TCP packets:        0
  UDP packets:        1654619773
  ICMP packets:       0

[INSTANTANEOUS TRAFFIC - Last 5.0 seconds]
  Baseline (10.10.2.x): 0 pkts (0.0%)  0 bytes  0.00 Gbps
  Attack (10.10.3.x): 9606981 pkts (100.0%)  864628290 bytes  1.38 Gbps
  Total throughput:   1.38 Gbps  (avg pkt: 90 bytes)

[CUMULATIVE TRAFFIC - Since first packet (862.0s)]
  Total received:     1654619773 pkts (1.92 Mpps) | 1.38 Gbps | 148915779570 bytes

[ATTACK-SPECIFIC COUNTERS]
  SYN packets:        0
  SYN-ACK packets:    0
  SYN/ACK ratio:      0.00
  HTTP requests:      0
  DNS queries:        0

[PROTOCOL-SPECIFIC COUNTERS - CIC-DDoS-2019 Features]
  NTP Amplification:
    Monlist queries:  1654619773
    Responses:        0  (avg size: 0 bytes)
  DNS Amplification:
    ANY queries:      0
    TXT queries:      0
    Responses:        0  (avg size: 0 bytes)
  SNMP Amplification:
    GetBulk requests: 0
    Responses:        0  (avg size: 0 bytes)
  SSDP:
    M-SEARCH packets: 0
    Responses:        0
  PortMapper:
    GETPORT calls:    0
    DUMP calls:       0
  NetBIOS:
    Name queries:     0
    Datagram packets: 0
  LDAP:
    Bind requests:    0
    Search requests:  0
  MSSQL:
    SQLBatch packets: 0
    RPC packets:      0
  TFTP:
    RRQ (read) pkts:  0
    WRQ (write) pkts: 0

[ATTACK DETECTIONS - Cumulative Events]
  UDP flood events:   16718
  UDP-lag events:     0
  SYN flood events:   0
  HTTP flood events:  0
  ICMP flood events:  0
  DNS amp events:     0
  NTP amp events:     16718
  SNMP amp events:    0
  SSDP events:        0
  PortMap events:     0
  NetBIOS events:     0
  LDAP events:        0
  MSSQL events:       0
  TFTP events:        0
  ACK flood events:   0
  Frag attack events: 0
  Packet flood events:0
  (Note: Events count IPs exceeding thresholds per 50ms window)

[ALERT STATUS]
  Alert level:        [1;31mHIGH[0m
  Reason:             [1;31mUDP FLOOD detected: 1062331889 UDP pps | NTP AMP detected: 1918915 qps | [0m

[MULTI-LF (2025) COMPARISON]
=== Detection Performance vs ML-Based System ===

  First Detection Latency:   147.16 ms (vs MULTI-LF: 866 ms)
    Improvement:             5.9× faster

  Packets until detection:   0
  Bytes until detection:     0 (0.00 MB)

[OCTOSKETCH METRICS - Optimized Architecture]
=== Per-Worker Sketches + Sampling (1/32 packets) ===

  Architecture:              Per-worker (NO atomics, NO contention)
  Total sketch memory:       5377 KB (14 workers × 384.1 KB)
  Sampling rate:             1 in 32 packets (3.1% overhead)
  Attack traffic sampled:    2988224 updates
  Estimated attack packets:  95623168 (×32 sampling factor)
  Sketch overhead:           ~1.56% of fast-path cycles
  Memory efficiency:         O(1) constant, 384.1 KB per worker

[MULTIPLE DETECTION STATISTICS]
=== Aggregate Detection Analysis ===

  Total detection events:    16718
  Average detection latency: 51.56 ms
  Min detection latency:     50.22 ms
  Max detection latency:     251.52 ms
  Latency range:             201.30 ms

  Detection Latency Histogram:
    < 20 ms:  0 detections (0.0%)
    20-30 ms: 0 detections (0.0%)
    30-40 ms: 0 detections (0.0%)
    40-50 ms: 0 detections (0.0%)
    > 50 ms:  16717 detections (100.0%)

[PERFORMANCE METRICS]
  Throughput:         1.38 Gbps (1.92 Mpps)
  Cycles available:   1558 cycles/pkt (lower = higher load)
  Active IPs:         0
  Worker threads:     14 (lcores 1-14)

[DPDK NIC STATISTICS]
  RX packets (NIC):   1654619457
  RX dropped (HW):    [0m0[0m (imissed)
  RX no mbufs:        [0m0[0m (buffer exhaustion)
  RX errors:          0
  Total drops:        [0m0 (0.00%)[0m
  RX burst calls:     331052955378 (99.5% empty)
  Processed pkts:     1654619773 (100.0% of NIC RX)


╔═══════════════════════════════════════════════════════════════════════╗
║          MIRA DDoS DETECTOR - STATISTICS (MULTI-CORE)                ║
╚═══════════════════════════════════════════════════════════════════════╝

[PACKET COUNTERS - GLOBAL]
  Total packets:      1664222249
  Baseline (10.10.2.x): 0 (0.0%)
  Attack (10.10.3.x): 1664222249 (100.0%)
  TCP packets:        0
  UDP packets:        1664222249
  ICMP packets:       0

[INSTANTANEOUS TRAFFIC - Last 5.0 seconds]
  Baseline (10.10.2.x): 0 pkts (0.0%)  0 bytes  0.00 Gbps
  Attack (10.10.3.x): 9602377 pkts (100.0%)  864213930 bytes  1.38 Gbps
  Total throughput:   1.38 Gbps  (avg pkt: 90 bytes)

[CUMULATIVE TRAFFIC - Since first packet (867.1s)]
  Total received:     1664222249 pkts (1.92 Mpps) | 1.38 Gbps | 149780002410 bytes

[ATTACK-SPECIFIC COUNTERS]
  SYN packets:        0
  SYN-ACK packets:    0
  SYN/ACK ratio:      0.00
  HTTP requests:      0
  DNS queries:        0

[PROTOCOL-SPECIFIC COUNTERS - CIC-DDoS-2019 Features]
  NTP Amplification:
    Monlist queries:  1664222249
    Responses:        0  (avg size: 0 bytes)
  DNS Amplification:
    ANY queries:      0
    TXT queries:      0
    Responses:        0  (avg size: 0 bytes)
  SNMP Amplification:
    GetBulk requests: 0
    Responses:        0  (avg size: 0 bytes)
  SSDP:
    M-SEARCH packets: 0
    Responses:        0
  PortMapper:
    GETPORT calls:    0
    DUMP calls:       0
  NetBIOS:
    Name queries:     0
    Datagram packets: 0
  LDAP:
    Bind requests:    0
    Search requests:  0
  MSSQL:
    SQLBatch packets: 0
    RPC packets:      0
  TFTP:
    RRQ (read) pkts:  0
    WRQ (write) pkts: 0

[ATTACK DETECTIONS - Cumulative Events]
  UDP flood events:   16815
  UDP-lag events:     0
  SYN flood events:   0
  HTTP flood events:  0
  ICMP flood events:  0
  DNS amp events:     0
  NTP amp events:     16815
  SNMP amp events:    0
  SSDP events:        0
  PortMap events:     0
  NetBIOS events:     0
  LDAP events:        0
  MSSQL events:       0
  TFTP events:        0
  ACK flood events:   0
  Frag attack events: 0
  Packet flood events:0
  (Note: Events count IPs exceeding thresholds per 50ms window)

[ALERT STATUS]
  Alert level:        [1;31mHIGH[0m
  Reason:             [1;31mUDP FLOOD detected: 1104106216 UDP pps | NTP AMP detected: 1918945 qps | [0m

[MULTI-LF (2025) COMPARISON]
=== Detection Performance vs ML-Based System ===

  First Detection Latency:   147.16 ms (vs MULTI-LF: 866 ms)
    Improvement:             5.9× faster

  Packets until detection:   0
  Bytes until detection:     0 (0.00 MB)

[OCTOSKETCH METRICS - Optimized Architecture]
=== Per-Worker Sketches + Sampling (1/32 packets) ===

  Architecture:              Per-worker (NO atomics, NO contention)
  Total sketch memory:       5377 KB (14 workers × 384.1 KB)
  Sampling rate:             1 in 32 packets (3.1% overhead)
  Attack traffic sampled:    2891840 updates
  Estimated attack packets:  92538880 (×32 sampling factor)
  Sketch overhead:           ~1.56% of fast-path cycles
  Memory efficiency:         O(1) constant, 384.1 KB per worker

[MULTIPLE DETECTION STATISTICS]
=== Aggregate Detection Analysis ===

  Total detection events:    16815
  Average detection latency: 51.56 ms
  Min detection latency:     50.22 ms
  Max detection latency:     251.52 ms
  Latency range:             201.30 ms

  Detection Latency Histogram:
    < 20 ms:  0 detections (0.0%)
    20-30 ms: 0 detections (0.0%)
    30-40 ms: 0 detections (0.0%)
    40-50 ms: 0 detections (0.0%)
    > 50 ms:  16814 detections (100.0%)

[PERFORMANCE METRICS]
  Throughput:         1.38 Gbps (1.92 Mpps)
  Cycles available:   1558 cycles/pkt (lower = higher load)
  Active IPs:         0
  Worker threads:     14 (lcores 1-14)

[DPDK NIC STATISTICS]
  RX packets (NIC):   1664221918
  RX dropped (HW):    [0m0[0m (imissed)
  RX no mbufs:        [0m0[0m (buffer exhaustion)
  RX errors:          0
  Total drops:        [0m0 (0.00%)[0m
  RX burst calls:     332929707508 (99.5% empty)
  Processed pkts:     1664222249 (100.0% of NIC RX)


╔═══════════════════════════════════════════════════════════════════════╗
║          MIRA DDoS DETECTOR - STATISTICS (MULTI-CORE)                ║
╚═══════════════════════════════════════════════════════════════════════╝

[PACKET COUNTERS - GLOBAL]
  Total packets:      1673830320
  Baseline (10.10.2.x): 0 (0.0%)
  Attack (10.10.3.x): 1673830320 (100.0%)
  TCP packets:        0
  UDP packets:        1673830320
  ICMP packets:       0

[INSTANTANEOUS TRAFFIC - Last 5.0 seconds]
  Baseline (10.10.2.x): 0 pkts (0.0%)  0 bytes  0.00 Gbps
  Attack (10.10.3.x): 9607983 pkts (100.0%)  864718470 bytes  1.38 Gbps
  Total throughput:   1.38 Gbps  (avg pkt: 90 bytes)

[CUMULATIVE TRAFFIC - Since first packet (872.1s)]
  Total received:     1673830320 pkts (1.92 Mpps) | 1.38 Gbps | 150644728800 bytes

[ATTACK-SPECIFIC COUNTERS]
  SYN packets:        0
  SYN-ACK packets:    0
  SYN/ACK ratio:      0.00
  HTTP requests:      0
  DNS queries:        0

[PROTOCOL-SPECIFIC COUNTERS - CIC-DDoS-2019 Features]
  NTP Amplification:
    Monlist queries:  1673830320
    Responses:        0  (avg size: 0 bytes)
  DNS Amplification:
    ANY queries:      0
    TXT queries:      0
    Responses:        0  (avg size: 0 bytes)
  SNMP Amplification:
    GetBulk requests: 0
    Responses:        0  (avg size: 0 bytes)
  SSDP:
    M-SEARCH packets: 0
    Responses:        0
  PortMapper:
    GETPORT calls:    0
    DUMP calls:       0
  NetBIOS:
    Name queries:     0
    Datagram packets: 0
  LDAP:
    Bind requests:    0
    Search requests:  0
  MSSQL:
    SQLBatch packets: 0
    RPC packets:      0
  TFTP:
    RRQ (read) pkts:  0
    WRQ (write) pkts: 0

[ATTACK DETECTIONS - Cumulative Events]
  UDP flood events:   16913
  UDP-lag events:     0
  SYN flood events:   0
  HTTP flood events:  0
  ICMP flood events:  0
  DNS amp events:     0
  NTP amp events:     16913
  SNMP amp events:    0
  SSDP events:        0
  PortMap events:     0
  NetBIOS events:     0
  LDAP events:        0
  MSSQL events:       0
  TFTP events:        0
  ACK flood events:   0
  Frag attack events: 0
  Packet flood events:0
  (Note: Events count IPs exceeding thresholds per 50ms window)

[ALERT STATUS]
  Alert level:        [1;31mHIGH[0m
  Reason:             [1;31mUDP FLOOD detected: 1110516086 UDP pps | NTP AMP detected: 1919326 qps | [0m

[MULTI-LF (2025) COMPARISON]
=== Detection Performance vs ML-Based System ===

  First Detection Latency:   147.16 ms (vs MULTI-LF: 866 ms)
    Improvement:             5.9× faster

  Packets until detection:   0
  Bytes until detection:     0 (0.00 MB)

[OCTOSKETCH METRICS - Optimized Architecture]
=== Per-Worker Sketches + Sampling (1/32 packets) ===

  Architecture:              Per-worker (NO atomics, NO contention)
  Total sketch memory:       5377 KB (14 workers × 384.1 KB)
  Sampling rate:             1 in 32 packets (3.1% overhead)
  Attack traffic sampled:    2892288 updates
  Estimated attack packets:  92553216 (×32 sampling factor)
  Sketch overhead:           ~1.56% of fast-path cycles
  Memory efficiency:         O(1) constant, 384.1 KB per worker

[MULTIPLE DETECTION STATISTICS]
=== Aggregate Detection Analysis ===

  Total detection events:    16913
  Average detection latency: 51.56 ms
  Min detection latency:     50.22 ms
  Max detection latency:     251.52 ms
  Latency range:             201.30 ms

  Detection Latency Histogram:
    < 20 ms:  0 detections (0.0%)
    20-30 ms: 0 detections (0.0%)
    30-40 ms: 0 detections (0.0%)
    40-50 ms: 0 detections (0.0%)
    > 50 ms:  16912 detections (100.0%)

[PERFORMANCE METRICS]
  Throughput:         1.38 Gbps (1.92 Mpps)
  Cycles available:   1557 cycles/pkt (lower = higher load)
  Active IPs:         0
  Worker threads:     14 (lcores 1-14)

[DPDK NIC STATISTICS]
  RX packets (NIC):   1673829935
  RX dropped (HW):    [0m0[0m (imissed)
  RX no mbufs:        [0m0[0m (buffer exhaustion)
  RX errors:          0
  Total drops:        [0m0 (0.00%)[0m
  RX burst calls:     334806534005 (99.5% empty)
  Processed pkts:     1673830320 (100.0% of NIC RX)


╔═══════════════════════════════════════════════════════════════════════╗
║          MIRA DDoS DETECTOR - STATISTICS (MULTI-CORE)                ║
╚═══════════════════════════════════════════════════════════════════════╝

[PACKET COUNTERS - GLOBAL]
  Total packets:      1683434588
  Baseline (10.10.2.x): 0 (0.0%)
  Attack (10.10.3.x): 1683434588 (100.0%)
  TCP packets:        0
  UDP packets:        1683434588
  ICMP packets:       0

[INSTANTANEOUS TRAFFIC - Last 5.0 seconds]
  Baseline (10.10.2.x): 0 pkts (0.0%)  0 bytes  0.00 Gbps
  Attack (10.10.3.x): 9604179 pkts (100.0%)  864376110 bytes  1.38 Gbps
  Total throughput:   1.38 Gbps  (avg pkt: 90 bytes)

[CUMULATIVE TRAFFIC - Since first packet (877.1s)]
  Total received:     1683434588 pkts (1.92 Mpps) | 1.38 Gbps | 151509112920 bytes

[ATTACK-SPECIFIC COUNTERS]
  SYN packets:        0
  SYN-ACK packets:    0
  SYN/ACK ratio:      0.00
  HTTP requests:      0
  DNS queries:        0

[PROTOCOL-SPECIFIC COUNTERS - CIC-DDoS-2019 Features]
  NTP Amplification:
    Monlist queries:  1683434588
    Responses:        0  (avg size: 0 bytes)
  DNS Amplification:
    ANY queries:      0
    TXT queries:      0
    Responses:        0  (avg size: 0 bytes)
  SNMP Amplification:
    GetBulk requests: 0
    Responses:        0  (avg size: 0 bytes)
  SSDP:
    M-SEARCH packets: 0
    Responses:        0
  PortMapper:
    GETPORT calls:    0
    DUMP calls:       0
  NetBIOS:
    Name queries:     0
    Datagram packets: 0
  LDAP:
    Bind requests:    0
    Search requests:  0
  MSSQL:
    SQLBatch packets: 0
    RPC packets:      0
  TFTP:
    RRQ (read) pkts:  0
    WRQ (write) pkts: 0

[ATTACK DETECTIONS - Cumulative Events]
  UDP flood events:   17011
  UDP-lag events:     0
  SYN flood events:   0
  HTTP flood events:  0
  ICMP flood events:  0
  DNS amp events:     0
  NTP amp events:     17011
  SNMP amp events:    0
  SSDP events:        0
  PortMap events:     0
  NetBIOS events:     0
  LDAP events:        0
  MSSQL events:       0
  TFTP events:        0
  ACK flood events:   0
  Frag attack events: 0
  Packet flood events:0
  (Note: Events count IPs exceeding thresholds per 50ms window)

[ALERT STATUS]
  Alert level:        [1;31mHIGH[0m
  Reason:             [1;31mUDP FLOOD detected: 1116911995 UDP pps | NTP AMP detected: 1919055 qps | [0m

[MULTI-LF (2025) COMPARISON]
=== Detection Performance vs ML-Based System ===

  First Detection Latency:   147.16 ms (vs MULTI-LF: 866 ms)
    Improvement:             5.9× faster

  Packets until detection:   0
  Bytes until detection:     0 (0.00 MB)

[OCTOSKETCH METRICS - Optimized Architecture]
=== Per-Worker Sketches + Sampling (1/32 packets) ===

  Architecture:              Per-worker (NO atomics, NO contention)
  Total sketch memory:       5377 KB (14 workers × 384.1 KB)
  Sampling rate:             1 in 32 packets (3.1% overhead)
  Attack traffic sampled:    2891872 updates
  Estimated attack packets:  92539904 (×32 sampling factor)
  Sketch overhead:           ~1.56% of fast-path cycles
  Memory efficiency:         O(1) constant, 384.1 KB per worker

[MULTIPLE DETECTION STATISTICS]
=== Aggregate Detection Analysis ===

  Total detection events:    17011
  Average detection latency: 51.56 ms
  Min detection latency:     50.22 ms
  Max detection latency:     251.52 ms
  Latency range:             201.30 ms

  Detection Latency Histogram:
    < 20 ms:  0 detections (0.0%)
    20-30 ms: 0 detections (0.0%)
    30-40 ms: 0 detections (0.0%)
    40-50 ms: 0 detections (0.0%)
    > 50 ms:  17010 detections (100.0%)

[PERFORMANCE METRICS]
  Throughput:         1.38 Gbps (1.92 Mpps)
  Cycles available:   1558 cycles/pkt (lower = higher load)
  Active IPs:         0
  Worker threads:     14 (lcores 1-14)

[DPDK NIC STATISTICS]
  RX packets (NIC):   1683434239
  RX dropped (HW):    [0m0[0m (imissed)
  RX no mbufs:        [0m0[0m (buffer exhaustion)
  RX errors:          0
  Total drops:        [0m0 (0.00%)[0m
  RX burst calls:     336683369934 (99.5% empty)
  Processed pkts:     1683434588 (100.0% of NIC RX)


Signal 15 received, preparing to exit...

Signal 15 received, preparing to exit...

Shutting down...
