tree
version=v4
num_class=14
num_tree_per_iteration=14
label_index=0
max_feature_idx=13
objective=multiclass num_class:14
feature_names=delta_pps_5w delta_pps_10w pps_variance pps_baseline ratio_vs_baseline top_ip_pps_50ms top_ip_pps_1s top_ip_pps_1min ratio_50ms_1min num_heavy_hitters ip_concentration new_ips_ratio attack_entropy adaptive_threshold
feature_infos=[-1.1218391238169632:2.3063467898055761] [-1.1221807328222648:2.309614989931136] [-0.8173791414284417:3.4282589097107716] [-1.1204988806690843:3.8306116851078031] [-3.4900995433589088:12.007733565768609] [-0.42179043733549521:36.624113132305631] [-0.90531161626807455:3.6833821254269536] [-0.87315317227433109:4.3995512319479797] [-0.72063535132516765:24.080188140498873] [-1.4548869560583575:0.68745187146645415] [-1.2780067222251272:1.7012423529389242] [-2.8697836821063172:0.6425163282775338] [-2.8234263934935893:1.4663366950844101] none
tree_sizes=356 1682 3097 764 2495 1377 2289 2193 1975 1579 761 1481 659 759 365 1386 1895 768 2684 1516 1925 1910 2284 1603 673 1497 572 760 365 2009 2007 773 2387 1720 1927 1935 1487 1610 677 1479 571 658 363 1497 1899 772 2585 1514 2024 1909 1691 1999 677 1201 573 754 365 1619 2017 684 2997 1718 2014 1918 1572 2107 988 1205 571 888 364 1893 1906 580 2792 1902 2115 1929 1871 2101 883 1286 562 572 365 1674 1995 668 2904 1805 2328 1916 2069 2118 888 1290 662 570 365 1787 1710 583 2630 1812 2430 1915 1766 1714 786 1389 676 573

Tree=0
num_leaves=2
num_cat=0
split_feature=11
split_gain=3350.85
threshold=-1.6990170119783667
decision_type=2
left_child=-1
right_child=-2
leaf_value=-1.9567331828664023 -2.5720006026254811
leaf_weight=23.547893285751343 276.84685349464417
leaf_count=296 3480
internal_value=-2.52283
internal_weight=300.395
internal_count=3776
is_linear=0
shrinkage=1


Tree=1
num_leaves=15
num_cat=0
split_feature=2 12 12 5 9 11 12 12 12 12 12 7 7 12
split_gain=448.459 1097.28 385.245 47.1417 31.9324 71.4474 61.7229 21.0149 20.223 7.7701 4.21574 15.2886 9.09333 1.04357
threshold=0.43488250302248771 -0.4721624026331433 0.59019890755804294 0.32965678807971316 1.0000000180025095e-35 1.0000000180025095e-35 0.46394416796762433 0.32957654123339558 0.57335517274221937 0.60243570758956133 0.59019890755804294 -0.71035257314743605 -0.48853675683704173 0.47850697320563612
decision_type=2 2 2 2 2 2 2 2 2 2 2 2 2 2
left_child=4 -2 3 7 5 -1 -7 -3 13 10 12 -12 -10 -8
right_child=1 2 -4 -5 -6 6 8 -9 9 -11 11 -13 -14 -15
leaf_value=-2.7008142752086481 -2.701362978887019 -2.4767418513963246 -2.6913731700535113 -2.6198371791758031 -2.7023852871753027 -2.4838322285536321 -2.6528381870383027 -2.1158570106629324 -2.6528381870383027 -2.6846582003446797 -2.5298504072899668 -2.680703911729903 -2.506847138025508 -2.6982459417081852
leaf_weight=50.213904678821564 34.62784718722105 1.269452646374712 3.8788830861449233 0.70525147020816703 124.33583419770002 7.2640901431441298 0.70525147020817058 15.515532344579695 6.9114644080400485 2.2568047046661368 5.5714866146445274 1.7631286755204199 0.77577661722898472 10.508246906101702
leaf_count=712 491 18 55 10 1763 103 10 220 98 32 79 25 11 149
internal_value=-2.65275 -2.52756 -2.25009 -2.15249 -2.68618 -2.66231 -2.60901 -2.13582 -2.64415 -2.60998 -2.59649 -2.56877 -2.6295 -2.69425
internal_weight=266.303 55.997 21.3691 17.4902 210.306 85.9702 35.7562 16.785 28.4922 17.2787 15.0219 7.33462 7.68724 11.2135
internal_count=3776 794 303 248 2982 1219 507 238 404 245 213 104 109 159
is_linear=0
shrinkage=1


Tree=2
num_leaves=29
num_cat=0
split_feature=5 3 1 1 12 12 1 2 2 1 9 1 12 4 1 8 12 4 5 1 1 3 10 1 7 10 12 12
split_gain=375.047 107.471 68.1153 203.317 64.512 54.2861 67.9417 301.426 84.3373 409.789 74.585 27.6729 30.0763 17.0182 18.5299 7.15258 5.44146 5.02668 2.94565 2.38246 2.10298 1.97929 1.36317 1.07034 0.891116 0.257643 0.19486 0.103006
threshold=0.39546400071962484 0.50293386067595613 0.54263170788982007 0.35076043412218127 0.44918603125127027 0.59084923422305657 0.54800291430058057 0.18287821763996434 -0.1973622302000011 0.18345442400987402 -1.0000000180025095e-35 0.55512670663415309 0.58285430565867624 0.81231804290108667 0.21264593328670955 -0.71237941807223015 0.59727633469042185 0.789493546422254 0.2674067220689858 0.54263170788982007 0.96890520137017189 0.76118731583075305 0.83229470601607602 0.55027412258830621 1.6059947013049169 1.0805654622797471 0.44166596274541242 0.44599909044656694
decision_type=2 2 2 2 2 2 2 2 2 2 2 2 2 2 2 2 2 2 2 2 2 2 2 2 2 2 2 2
left_child=4 2 3 -2 13 6 7 8 9 10 -6 12 -3 22 -15 16 -7 24 19 -19 -21 -13 26 -16 -17 -24 -1 -28
right_child=1 11 -4 -5 5 15 -8 -9 -10 -11 -12 21 -14 14 23 17 -18 18 -20 20 -22 -23 25 -25 -26 -27 27 -29
leaf_value=-2.7117880743571474 -2.1295403486638524 -2.2978681767086906 -2.1072562247367079 -2.7023285850334444 -2.575067256897897 -2.560800449674014 -2.7129909009601749 -2.1173659983359787 -2.7131625208197687 -2.0931564778128489 -2.712865517839222 -2.7012738978184538 -2.6738270024613424 -2.4536839705666607 -2.6444712757296052 -2.7127635031262431 -2.6846315357731148 -2.702079789148315 -2.5902805962543884 -2.5902805962543884 -2.6738270024613424 -2.6320537990466306 -2.6763830507203394 -2.6951824135286282 -2.6656588754673636 -2.702568362363444 -2.6656588754673636 -2.6800326110904336
leaf_weight=105.58634977787733 2.2302067279815656 0.6969396024942387 2.7877584099769592 3.2756161317229271 20.141554512083527 1.115103363990783 18.956757187843323 2.5089825689792624 20.350636392831802 3.2756161317229262 18.050735704600815 2.9968402907252316 0.69693960249423981 0.83632752299308721 0.90602148324251208 35.265143886208534 1.1151033639907835 3.2059221714735022 0.6969396024942397 0.69693960249423959 0.69693960249423981 0.6969396024942397 8.4329691901802999 1.9514308869838712 0.97571544349193473 3.3453100919723502 0.76663356274366268 0.90602148324251175
leaf_count=1515 32 10 40 47 289 16 272 36 292 47 259 43 10 12 13 506 16 46 10 10 10 10 121 28 14 48 11 13
internal_value=-2.66587 -2.413 -2.30617 -2.44916 -2.68 -2.65519 -2.63141 -2.60681 -2.63131 -2.59046 -2.64061 -2.60819 -2.45158 -2.70582 -2.60827 -2.69975 -2.62401 -2.70485 -2.66381 -2.67635 -2.63638 -2.6798 -2.70928 -2.6709 -2.71148 -2.68706 -2.71138 -2.66955
internal_weight=263.164 13.3812 8.29358 5.50582 249.783 127.052 83.2843 64.3275 61.8185 41.4679 38.1923 5.08766 1.39388 122.731 3.69378 43.7678 2.23021 41.5376 5.29674 4.5998 1.39388 3.69378 119.037 2.85745 36.2409 11.7783 107.259 1.67266
internal_count=3776 192 119 79 3584 1823 1195 923 887 595 548 73 20 1761 53 628 32 596 76 66 20 53 1708 41 520 169 1539 24
is_linear=0
shrinkage=1


Tree=3
num_leaves=6
num_cat=0
split_feature=12 7 11 12 12
split_gain=1663.3 182.37 200.625 1417.73 1.0016
threshold=0.60915826354272673 -0.87162691665751635 1.0000000180025095e-35 -0.046575142348431652 -0.62282389086876078
decision_type=2 2 2 2 2
left_child=1 2 3 4 -1
right_child=-2 -3 -4 -5 -6
leaf_value=-2.610540442389083 -1.990562531741999 -2.6116399514586557 -2.6105816356607723 -1.9870054991189368 -2.5615895155731576
leaf_weight=36.35757377743721 11.812376290559767 191.45254039764404 37.50812990963459 11.582265064120291 0.92044490575790305
leaf_count=474 154 2496 489 151 12
internal_value=-2.55934 -2.58441 -2.52441 -2.45793 -2.60925
internal_weight=289.633 277.821 86.3684 48.8603 37.278
internal_count=3776 3622 1126 637 486
is_linear=0
shrinkage=1


Tree=4
num_leaves=23
num_cat=0
split_feature=12 2 2 0 0 7 9 12 11 12 4 5 12 10 0 2 4 5 12 7 4 12
split_gain=171.77 152.643 801.18 176.998 705.921 52.6274 60.6649 28.4678 85.884 36.5507 25.2671 19.0498 13.5832 6.82444 12.2439 32.168 3.65794 3.5301 1.43909 1.2074 1.16619 0.373269
threshold=0.44599909044656694 -0.13375932129707455 -0.10547446971294337 0.5567262622835335 0.7151964851157272 -0.80141915828404298 1.0000000180025095e-35 0.58565604644136637 1.0000000180025095e-35 0.60320364830070361 0.56124858163392533 4.994854592255078 0.5982578147326415 0.83229470601607602 0.25512975705573732 -0.029360092984449273 0.789493546422254 -0.0029364217490300101 0.58143795816865362 1.1444719611759118 1.337281461914243 0.58326012850488096
decision_type=2 2 2 2 2 2 2 2 2 2 2 2 2 2 2 2 2 2 2 2 2 2
left_child=13 5 -3 17 -5 6 7 18 -9 12 -8 -6 -10 20 -15 -16 -17 -4 -2 -7 -1 -20
right_child=1 2 3 4 11 19 10 8 9 -11 -12 -13 -14 14 15 16 -18 -19 21 -21 -22 -23
leaf_value=-2.6750642759800649 -2.6743254212403653 -2.0335326041487436 -2.5958607427708813 -2.0702659671821095 -2.6748709842722729 -2.6765077384116145 -2.3982703229195637 -2.6733904740335159 -2.4743321757505221 -2.2258079657230647 -2.6446086215349536 -2.4730933815087619 -2.6134930751693775 -2.6720399790128044 -2.3503260202466429 -2.6646302296660602 -2.5734236567568858 -2.6761519970012873 -2.6115081468194581 -2.6276796274021477 -2.6276796274021477 -2.6461188691054818
leaf_weight=112.31567841768265 14.219915583729746 6.6407727599143973 0.72182312607765098 6.4964081346988705 17.03502577543259 40.638641998171806 4.330938756465911 11.043893828988075 4.9083972573280317 0.93837006390094835 1.0105523765087125 0.72182312607765098 3.3925686925649643 8.300965949892996 0.72182312607765187 3.3203863799571982 0.93837006390094746 31.327123671770096 1.0105523765087121 0.72182312607765098 0.72182312607765098 1.0827346891164777
leaf_count=1556 197 92 10 90 236 563 60 153 68 13 14 10 47 115 10 46 13 434 14 10 10 15
internal_value=-2.62792 -2.59118 -2.53271 -2.59674 -2.49593 -2.63536 -2.59643 -2.62111 -2.58149 -2.47237 -2.44661 -2.66129 -2.52433 -2.67063 -2.63419 -2.57737 -2.63569 -2.67311 -2.6688 -2.67533 -2.67464 -2.62768
internal_weight=272.56 146.241 62.943 56.3022 24.2533 83.2984 41.9379 36.5964 20.2832 9.23934 5.34149 17.7568 8.30097 126.319 13.2815 4.98058 4.25876 32.0489 16.3132 41.3605 113.038 2.09329
internal_count=3776 2026 872 780 336 1154 581 507 281 128 74 246 115 1750 184 69 59 444 226 573 1566 29
is_linear=0
shrinkage=1


Tree=5
num_leaves=12
num_cat=0
split_feature=1 2 0 2 11 9 12 12 12 12 2
split_gain=161.765 1107.42 327.169 829.577 22.7336 71.3302 102.632 12.4764 8.85929 14.4763 2.78182
threshold=0.47159944514707869 1.0000000180025095e-35 0.213873916040657 -0.13375932129707455 1.0000000180025095e-35 1.0000000180025095e-35 0.47850697320563612 0.40839673818437422 0.59310630568102207 0.5548702868609241 -0.10948295091229421
decision_type=2 2 2 2 2 2 2 2 2 2 2
left_child=1 2 4 -4 -1 6 7 -6 9 -8 -5
right_child=-2 -3 3 10 5 -7 8 -9 -10 -11 -12
leaf_value=-2.6947985167964021 -2.695950660108323 -2.0363770011908287 -2.0495928161039316 -2.6261579538885513 -2.3650975819860602 -2.6953748776055289 -2.6890472116580066 -2.5296378745394232 -2.69063951475274 -2.6008558112338984 -2.6929026792150226
leaf_weight=59.660617545247078 97.542626783251762 7.3777695894241324 7.3068294972181347 0.92222119867801744 3.1213640570640546 45.543539196252823 6.242728114128119 4.8948663622140884 8.0871705114841443 13.620497703552244 13.549557611346241
leaf_count=841 1375 104 103 13 44 642 88 69 114 192 191
internal_value=-2.64485 -2.61538 -2.64354 -2.4653 -2.6714 -2.65378 -2.60185 -2.44987 -2.64725 -2.63017 -2.68644
internal_weight=267.87 170.327 162.949 21.7786 141.171 81.5102 35.9666 8.01623 27.9504 19.8632 14.4718
internal_count=3776 2401 2297 307 1990 1149 507 113 394 280 204
is_linear=0
shrinkage=1


Tree=6
num_leaves=21
num_cat=0
split_feature=0 12 0 0 0 3 12 12 4 0 3 0 8 7 12 0 12 12 4 3
split_gain=343.458 816.377 297.618 590.299 67.8379 67.1646 30.2091 49.6007 24.2454 14.2508 15.3826 20.5419 8.08437 26.5746 18.9249 3.04784 0.984068 7.00739 22.7747 0.0204708
threshold=0.54860720755368209 0.53176385470940313 0.622770704041819 0.95578048476279687 0.98038801627882211 0.49189839633496268 -0.4721624026331433 0.32957654123339558 0.81231804290108667 0.622770704041819 1.1116881866522879 0.99169701899862328 -0.71237941807223015 0.4313714202086269 0.53362329794251728 0.96925337651852761 0.53833304543325322 0.55879927286681419 0.37865260980326221 -1.1199937158875974
decision_type=2 2 2 2 2 2 2 2 2 2 2 2 2 2 2 2 2 2 2 2
left_child=12 5 -3 -4 -5 8 -7 -8 -2 -9 15 -12 13 -1 -15 -11 -14 18 -18 -19
right_child=1 2 3 4 -6 6 7 9 -10 10 11 -13 16 14 -16 -17 17 19 -20 -21
leaf_value=-2.8640307705781107 -2.4253841549893087 -2.1333565607366491 -2.8659000605205622 -2.1275289193442504 -2.749444161534119 -2.8703978270130159 -2.5432575473605294 -2.6453419073339521 -2.8225013469603337 -2.8667505873149448 -2.5546172206943032 -2.8392610690678164 -2.8706709663470313 -2.8312315090178091 -2.551431257077267 -2.8220954849905793 -2.7000905964656199 -2.8558073589883572 -2.8651197166925226 -2.8703873158383804
leaf_weight=5.8416872024536124 0.84313011169433483 5.1190042495727566 7.8290653228759748 4.3360977172851562 0.72268295288085926 33.363862991333008 1.3249187469482446 0.60223579406738181 0.66245937347412109 9.2142076492309553 0.60223579406738181 1.0238008499145506 82.988092422485352 0.72268295288085915 0.90335369110107422 4.5167684555053702 2.4089431762695295 24.390549659729004 6.8654880523681641 33.122968673706055
leaf_count=97 14 85 130 72 12 554 22 10 11 153 10 17 1378 12 15 75 40 405 114 550
internal_value=-2.82206 -2.73035 -2.44501 -2.59178 -2.19731 -2.83104 -2.84254 -2.79035 -2.54793 -2.82024 -2.83089 -2.70739 -2.86299 -2.81543 -2.66035 -2.85081 -2.86555 -2.85849 -2.82074 -2.86498
internal_weight=227.404 70.1605 18.0069 12.8878 5.05878 52.1536 50.648 17.2842 1.50559 15.9592 15.357 1.62604 157.244 7.46772 1.62604 13.731 149.776 66.7879 9.27443 57.5135
internal_count=3776 1165 299 214 84 866 841 287 25 265 255 27 2611 124 27 228 2487 1109 154 955
is_linear=0
shrinkage=1


Tree=7
num_leaves=20
num_cat=0
split_feature=12 2 2 1 1 12 7 12 7 4 12 1 0 12 5 1 1 4 12
split_gain=217.813 214.925 776.722 87.8961 651.49 44.1613 72.752 10.1258 8.55231 7.40981 4.29043 8.0108 208.893 3.40971 2.49855 4.83146 19.1089 1.20077 0.934584
threshold=0.51867358839240796 1.0000000180025095e-35 -0.10547446971294337 0.18345442400987402 0.10276952604429879 0.59019890755804294 -0.8645043904457147 0.52522837413841172 0.29222778314235881 0.6068975745915911 -0.61019242347065372 0.10276952604429879 0.17267619601207893 0.5977455797227319 0.039749337801183011 0.35076043412218127 0.53453158659988531 0.90361602881641823 -0.21890319092016478
decision_type=2 2 2 2 2 2 2 2 2 2 2 2 2 2 2 2 2 2 2
left_child=10 2 3 4 5 6 7 -2 13 -10 -1 18 -13 -7 15 -14 -17 -16 -12
right_child=1 -3 -4 -5 -6 8 -8 -9 9 -11 11 12 14 -15 17 16 -18 -19 -20
leaf_value=-2.7046591998080549 -2.6667266191575902 -2.7045811494204517 -2.0530964011484683 -2.7031778822235477 -2.0668982661626183 -2.6560279824064028 -2.7005018305777204 -2.5139787510393283 -2.5096782067023495 -2.670628712260283 -2.6560279824064028 -2.1864497123987854 -2.6972024574476148 -2.7031335119496731 -2.7043264319620599 -2.4566499478281831 -2.6894801420546788 -2.6560279824064028 -2.7045648278436865
leaf_weight=76.153867922723293 0.77349265664816158 35.650979720056057 6.4692113101482382 17.438743531703949 5.1331785395741454 5.0628610253334108 8.649054251611231 14.344772905111311 0.77349265664815792 0.91412768512964249 0.98444519937038322 1.6173028275370587 5.2034960538148862 17.157473474740982 30.025578580796722 0.70317514240741763 2.5314305126667023 0.7031751424074163 35.229074634611607
leaf_count=1083 11 507 92 248 73 72 123 204 11 13 14 23 74 244 427 10 36 10 501
internal_value=-2.65672 -2.60407 -2.55703 -2.60773 -2.57559 -2.63643 -2.58852 -2.52349 -2.68343 -2.5917 -2.69555 -2.68596 -2.66963 -2.69276 -2.69588 -2.66681 -2.62564 -2.70276 -2.70324
internal_weight=265.519 112.367 76.7164 70.2472 52.8085 47.6753 23.7673 15.1183 23.908 1.68762 153.152 76.9977 40.7842 22.2203 39.1669 8.4381 3.23461 30.7288 36.2135
internal_count=3776 1598 1091 999 751 678 338 215 340 24 2178 1095 580 316 557 120 46 437 515
is_linear=0
shrinkage=1


Tree=8
num_leaves=18
num_cat=0
split_feature=11 1 0 12 0 0 2 9 12 12 12 7 0 0 12 12 3
split_gain=166.262 291.379 769.768 230.435 340.126 166.784 89.2036 134.173 150.069 68.4305 49.791 20.1553 17.9967 228.875 17.1778 3.86067 1.08571
threshold=1.0000000180025095e-35 0.47159944514707869 0.54174446030130219 0.44918603125127027 0.78209597600236302 0.62958762513176447 -0.81737914111936494 1.0000000180025095e-35 0.59871520623649721 0.52224063827897504 0.60320364830070361 -0.17709581902814314 0.7151964851157272 0.72316576653420739 0.57644482994781499 0.60081632847283217 0.68687123881393741
decision_type=2 2 2 2 2 2 2 2 2 2 2 2 2 2 2 2 2
left_child=-1 6 -3 4 5 -4 7 8 11 -9 15 -2 -5 -14 -13 -10 -15
right_child=1 2 3 12 -6 -7 -8 9 10 -11 -12 14 13 16 -16 -17 -18
leaf_value=-2.6544447314560218 -2.6546470453976716 -2.020785531817388 -2.6288739572288935 -2.653753606551807 -2.6486441555516174 -2.03427254094606 -2.6556033369272036 -2.2656037957043504 -2.4849987363209967 -2.6309215370778647 -2.6264670113013402 -2.6235969912281156 -2.122238788709776 -2.6061734221811839 -2.3731397082900139 -2.2375719922527009 -2.6531217628061938
leaf_weight=107.20039498806 29.745164543390274 7.2890378460288039 1.3252796083688716 19.142927676439285 6.037384882569313 5.4483717232942581 71.123338982462883 4.491225339472293 1.2516529634594911 1.4725328981876371 1.1780263185501096 1.0307730287313486 1.8406661227345491 0.73626644909381767 0.73626644909381855 2.7241858616471291 15.240715496242045
leaf_count=1456 404 99 18 260 82 74 966 61 17 20 16 14 25 10 10 37 207
internal_value=-2.60586 -2.57516 -2.48344 -2.55684 -2.37833 -2.14761 -2.62129 -2.56472 -2.60249 -2.35461 -2.36446 -2.64381 -2.62026 -2.58533 -2.50189 -2.28764 -2.65023
internal_weight=278.014 170.814 57.0606 49.7716 12.811 6.77365 113.753 42.6298 36.6661 5.96376 5.15387 31.5122 36.9606 17.8176 1.76704 3.97584 15.977
internal_count=3776 2320 775 676 174 92 1545 579 498 81 70 428 502 242 24 54 217
is_linear=0
shrinkage=1


Tree=9
num_leaves=14
num_cat=0
split_feature=12 0 1 11 1 0 7 7 12 2 0 0 2
split_gain=304.026 406.721 614.342 114.43 151.982 444.018 33.4849 30.4646 12.6155 6.60417 139.926 124.159 63.7391
threshold=0.54743827496323794 0.25512975705573732 0.18889772340024 1.0000000180025095e-35 0.10276952604429879 1.0000000180025095e-35 -0.63353104043443242 -0.71035257314743605 0.55879927286681419 -0.17304911028466766 1.0000000180025095e-35 0.16547813537603231 -0.1766015278065485
decision_type=2 2 2 2 2 2 2 2 2 2 2 2 2
left_child=9 2 3 -2 5 6 7 -5 -8 10 -1 -12 -13
right_child=1 -3 -4 4 -6 -7 8 -9 -10 -11 11 12 -14
leaf_value=-2.6733542519323179 -2.6703399758578952 -2.6734534486590262 -2.0326463194526565 -2.521361975448476 -2.6694351273238048 -2.0436220282797559 -2.5011317000321611 -2.2503218495933641 -2.6658765971099245 -2.6740656858259282 -2.1498790431839501 -2.6651558109709423 -2.266078505767041
leaf_weight=77.600975155830383 11.147901281714438 41.840824291110039 6.5873962119221678 20.051744513213634 9.1210101395845395 5.2843947634100905 0.94105660170317307 0.79627866297960181 5.2120057940483093 87.373486019670963 1.8821132034063328 4.7776719778776169 0.72388969361782063
leaf_count=1072 154 578 91 277 126 73 13 11 72 1207 26 66 10
internal_value=-2.62369 -2.55491 -2.47092 -2.53139 -2.49328 -2.44282 -2.531 -2.50132 -2.62954 -2.66393 -2.65299 -2.45265 -2.59132
internal_weight=273.341 100.983 59.1418 52.5544 41.4065 32.2855 27.0011 20.848 6.15306 172.358 84.9847 7.38367 5.50156
internal_count=3776 1395 817 726 572 446 373 288 85 2381 1174 102 76
is_linear=0
shrinkage=1


Tree=10
num_leaves=6
num_cat=0
split_feature=12 12 12 12 4
split_gain=597.303 2436.22 35.8943 6.4932 4.4782
threshold=-0.4721624026331433 -0.68330777695260547 -0.61019242347065372 -0.71117960341215991 0.789493546422254
decision_type=2 2 2 2 2
left_child=1 3 -3 4 -1
right_child=-2 2 -4 -5 -6
leaf_value=-2.7193320149587725 -2.7217384264750542 -2.0378018541325771 -2.5342716789586595 -2.6093843868652256 -2.6479307541460693
leaf_weight=55.560730367898941 185.73356373608112 17.111596509814266 0.83133262395858665 0.83133262395858665 1.5241098105907429
leaf_count=802 2681 247 12 12 22
internal_value=-2.67336 -2.55569 -2.05509 -2.7143 -2.7168
internal_weight=261.593 75.8591 17.9429 57.9162 57.0848
internal_count=3776 1095 259 836 824
is_linear=0
shrinkage=1


Tree=11
num_leaves=13
num_cat=0
split_feature=10 0 2 0 11 12 12 7 7 12 12 12
split_gain=575.014 489.248 160.584 1135.52 60.5598 92.0887 21.2548 8.1357 5.70422 5.31364 0.468527 0.516988
threshold=1.0805654622797471 0.098056673322155147 -0.36786508282093527 -0.74900640794044093 1.0000000180025095e-35 0.55166913891523539 0.39018893724194764 -0.81295086738886468 -0.23424561267998023 0.57335517274221937 0.55631271787556402 0.56557151287986196
decision_type=2 2 2 2 2 2 2 2 2 2 2 2
left_child=2 -2 3 4 -1 6 -6 -8 -9 10 -7 -12
right_child=1 -3 -4 -5 5 9 7 8 -10 -11 11 -13
leaf_value=-2.6884664426817793 -2.0385481638559328 -2.6808337753356928 -2.6898443373814653 -2.0336828757644203 -2.6695711850956099 -2.6512636391913005 -2.4966485436197656 -2.6651571235407325 -2.5345230868120319 -2.6875512214789032 -2.6077556401019688 -2.6401797901663793
leaf_weight=58.011288017034531 6.6359775960445386 4.8521126508712769 150.48684677481651 7.4208781719207755 1.9265741407871271 0.78490057587623852 14.484983354806904 1.4984465539455416 0.78490057587623319 18.552195429801941 1.9265741407871249 2.0692833364009857
leaf_count=813 93 68 2109 104 27 11 203 21 11 260 27 29
internal_value=-2.64072 -2.30229 -2.65651 -2.61005 -2.65536 -2.61023 -2.52867 -2.51066 -2.61832 -2.67549 -2.63337 -2.62345
internal_weight=269.435 11.4881 257.947 107.46 100.039 42.0279 18.6949 16.7683 2.28335 23.333 4.78076 3.99586
internal_count=3776 161 3615 1506 1402 589 262 235 32 327 67 56
is_linear=0
shrinkage=1


Tree=12
num_leaves=5
num_cat=0
split_feature=2 12 12 0
split_gain=2283.63 87.2706 743.099 14.7363
threshold=1.9847502597766287 -0.71117960341215991 -0.73724058808881787 2.0636402564398959
decision_type=2 2 2 2
left_child=1 2 -1 -2
right_child=3 -3 -4 -5
leaf_value=-2.6814894275234828 -2.4786145600118341 -2.6836938983822662 -2.0673697240071292 -2.0122697109232837
leaf_weight=40.477530598640442 0.71768671274185081 211.28696823120117 5.0955756604671469 13.420741528272627
leaf_count=564 10 2944 71 187
internal_value=-2.6355 -2.67014 -2.60796 -2.02812
internal_weight=270.999 256.86 45.5731 14.1384
internal_count=3776 3579 635 197
is_linear=0
shrinkage=1


Tree=13
num_leaves=6
num_cat=0
split_feature=12 12 0 11 12
split_gain=1337.1 1466.4 526.104 6.84641 1.20392
threshold=-0.75431068484562347 -0.80123977605099406 2.0675857772543753 -1.6990170119783667 -0.74611360206791499
decision_type=2 2 2 2 2
left_child=1 3 -3 -1 -2
right_child=4 2 -4 -5 -6
leaf_value=-2.6909942411039403 -2.643329399069275 -2.0136992170283157 -2.6803076132585728 -2.5763714020893529 -2.6930900192027729
leaf_weight=21.05962955951691 0.78262136876582999 18.996355041861538 3.3439276665449134 0.78262136876582999 223.6874166727066
leaf_count=296 11 267 47 11 3144
internal_value=-2.64333 -2.39342 -2.1132 -2.68436 -2.69287
internal_weight=268.653 44.1825 22.3403 21.8423 224.47
internal_count=3776 621 314 307 3155
is_linear=0
shrinkage=1


Tree=14
num_leaves=2
num_cat=0
split_feature=11
split_gain=1938.76
threshold=-1.6990170119783667
decision_type=2
left_child=-1
right_child=-2
leaf_value=0.32944966409898563 -0.050033763942289859
leaf_weight=38.110810518264771 261.81176000088453
leaf_count=296 3480
internal_value=-0.00126198
internal_weight=299.923
internal_count=3776
is_linear=0
shrinkage=0.05


Tree=15
num_leaves=12
num_cat=0
split_feature=2 11 2 1 9 11 7 7 4 3 0
split_gain=362.959 615.193 75.3641 299.313 31.6552 64.7912 31.8586 12.2276 6.90922 6.41692 0.659006
threshold=0.43488250302248771 1.0000000180025095e-35 0.79852295864439793 0.79070700387406234 1.0000000180025095e-35 1.0000000180025095e-35 0.97972114653864251 -0.71035257314743605 0.81231804290108667 0.69042891641318582 0.97611835919346535
decision_type=2 2 2 2 2 2 2 2 2 2 2
left_child=4 8 3 9 5 -1 7 -7 -2 -3 -5
right_child=1 2 -4 10 -6 6 -8 -9 -10 -11 -12
leaf_value=-0.047622346025635372 -0.048198060152370346 0.093649443507379193 0.37372219927207878 -0.044188697609701982 -0.049304362988586495 0.04129061058500641 0.280326787656417 -0.040341078207214845 0.064865847552071282 0.36961051430791725 0
leaf_weight=47.293522946536541 32.361964963376522 0.88358045369387284 11.111993648111818 6.9039762616157523 117.5549939610064 31.759941302239895 0.86116396635770698 4.635097198188304 0.80473280698060889 10.278193682432173 0.98306356370449055
leaf_count=712 487 10 99 84 1763 432 11 64 11 92 11
internal_value=0.000134328 0.104202 0.265818 0.193645 -0.0325275 -0.00875478 0.0398994 0.029811 -0.0437896 0.354861 -0.0390811
internal_weight=265.432 63.3275 30.1608 19.0488 202.105 84.5497 37.2562 36.395 33.1667 11.1618 7.88704
internal_count=3776 794 296 197 2982 1219 507 496 498 102 95
is_linear=0
shrinkage=0.05


Tree=16
num_leaves=17
num_cat=0
split_feature=5 0 11 1 0 2 1 0 2 3 12 5 4 12 10 4
split_gain=278.349 73.7908 59.2458 55.8993 266.092 64.0091 365.298 42.1785 125.686 33.9897 19.2248 10.7529 3.9 2.25247 0.519669 0.14944
threshold=0.38657113414666383 0.5567262622835335 1.0000000180025095e-35 0.54800291430058057 0.54174446030130219 -0.1973622302000011 0.18345442400987402 0.54174446030130219 -0.10547446971294337 -0.83082856789777615 0.45663520103908223 4.994854592255078 0.789493546422254 -0.4721624026331433 0.83229470601607602 1.086212000647081
decision_type=2 2 2 2 2 2 2 2 2 2 2 2 2 2 2 2
left_child=2 7 12 4 5 6 9 8 -2 10 -4 -3 14 -14 -1 -15
right_child=1 11 3 -5 -6 -7 -8 -9 -10 -11 -12 -13 13 15 -16 -17
leaf_value=-0.047430980285631349 0.34117963192096185 -0.036612484254453688 -0.043543630390853814 -0.048323543780189764 0.37391830375061952 -0.048312540652086303 0.38272883936229191 0.36214157474981806 -0.03864694363741944 -0.047768168089141923 0.041678245684242804 0.12330718730308723 -0.027639761526522328 0.054738091890526253 -0.012617247278025677 0
leaf_weight=88.541795454919338 3.8198477178812036 3.2940096855163565 7.4984338283538809 35.442659176886082 4.6634813696146002 35.369703307747841 6.2815041318535796 5.1699684262275696 4.0005426704883584 25.15651274099946 33.829634226858616 0.9359367936849593 1.7528937458992007 0.93152911961078533 3.5316027551889411 0.7269945815205574
leaf_count=1346 34 49 111 534 44 534 59 47 60 379 467 11 26 13 52 10
internal_value=0 0.191385 -0.0138446 0.00580413 0.0231704 0.00616256 0.0331317 0.248566 0.153227 -0.00213551 0.0252825 0.00278084 -0.0444814 0.00119272 -0.0464411 0.0425915
internal_weight=260.947 17.2203 243.727 148.242 112.799 108.136 72.7661 12.9904 7.82039 66.4846 41.3281 4.22995 95.4848 3.41142 92.0734 1.65852
internal_count=3776 201 3575 2128 1594 1550 1016 141 94 957 578 60 1447 49 1398 23
is_linear=0
shrinkage=0.05


Tree=17
num_leaves=6
num_cat=0
split_feature=12 9 11 12 12
split_gain=931.147 178.9 198.746 684.798 0.969377
threshold=0.60915826354272673 1.0000000180025095e-35 1.0000000180025095e-35 -0.046575142348431652 -0.62282389086876078
decision_type=2 2 2 2 2
left_child=1 2 3 4 -1
right_child=-2 -3 -4 -5 -6
leaf_value=-0.04832263877305789 0.33319845047816887 -0.049790291254181419 -0.04879048998511689 0.33404340106164987 0
leaf_weight=28.57628104835749 19.280848823487759 185.15300318598747 37.22530946880579 18.977943077683449 0.92211767286062141
leaf_count=396 154 2556 507 151 12
internal_value=0.00193241 -0.0221272 0.0372893 0.103724 -0.0467174
internal_weight=290.136 270.855 85.7017 48.4763 29.4984
internal_count=3776 3622 1066 559 408
is_linear=0
shrinkage=0.05


Tree=18
num_leaves=25
num_cat=0
split_feature=12 1 1 0 0 7 9 12 11 12 4 5 12 10 0 3 1 4 12 7 4 12 12 12
split_gain=154.137 115.674 381.38 144.295 361.945 49.9359 47.9265 26.5262 69.9239 21.477 18.9698 17.1203 9.93125 5.66585 9.81505 20.9162 2.10429 1.8542 1.42444 1.20626 1.14925 0.351171 0.173245 0.395734
threshold=0.44166596274541242 0.2530157664245411 0.35076043412218127 0.5567262622835335 0.7151964851157272 -0.80141915828404298 1.0000000180025095e-35 0.58565604644136637 1.0000000180025095e-35 0.60320364830070361 0.56124858163392533 4.994854592255078 0.60022009859455372 0.83229470601607602 0.25512975705573732 0.47814513025049116 0.62310870982118416 0.789493546422254 0.58143795816865362 1.1444719611759118 1.337281461914243 0.58326012850488096 0.41368813275476535 0.41615091738989435
decision_type=2 2 2 2 2 2 2 2 2 2 2 2 2 2 2 2 2 2 2 2 2 2 2 2
left_child=13 5 -3 -4 16 6 7 18 -9 12 -8 -6 -10 20 -15 -16 -5 -17 -2 -7 22 -20 -1 -24
right_child=1 2 3 4 11 19 10 8 9 -11 -12 -13 -14 14 15 17 -18 -19 21 -21 -22 -23 23 -25
leaf_value=-0.048285011504661843 -0.046390044984777425 0.33636255250558822 -0.048200768784297431 0.13404254103840968 -0.046864693009489214 -0.048550461819762643 0.18602794619010596 -0.045240992914044292 0.12243442026481116 0.30180144517070184 -0.017640664700715819 0.13662635924744462 0 -0.043797951697506034 0.19250962487756351 -0.035669128277792249 0.35044850841301689 0.029585235585079219 0.015601067485383414 0 0 -0.018009814658793262 0 -0.029696148109069911
leaf_weight=97.58725418150425 13.805236868560312 11.569377876818178 30.229113012552261 1.3802715241909052 16.389860369265083 38.647803768515587 5.4093425050377837 10.424234479665756 6.4363961294293386 1.3400007635355002 1.0480642095208166 0.83627106249332328 2.6033872961997986 7.7599270045757276 1.1442847102880476 3.0223527997732167 9.1693822965025884 0.75427130609750737 1.0228734612464898 0.71255809813737769 0.72272426635026832 1.0639460384845731 0.89362511783838172 6.94111617654562
leaf_count=1431 199 98 442 12 240 565 62 153 79 13 15 10 36 113 13 44 78 10 14 10 10 15 13 101
internal_value=-5.02704e-05 0.0331477 0.0804176 0.0265024 0.108103 -0.00665261 0.0299863 0.00637196 0.0436556 0.133207 0.150486 -0.0329439 0.0910868 -0.0427117 -0.00825127 0.0420611 0.331744 -0.0148555 -0.0407532 -0.0473218 -0.0465362 0 -0.0469842 -0.0258575
internal_weight=270.914 152.088 69.5743 58.0049 27.7758 82.5138 43.1535 36.6961 20.804 10.3798 6.45741 17.2261 9.03978 118.826 12.6808 4.92091 10.5497 3.77662 15.8921 39.3604 106.145 2.08682 105.422 7.83474
internal_count=3776 2041 880 782 340 1161 586 509 281 128 77 250 115 1735 180 67 90 54 228 575 1555 29 1545 114
is_linear=0
shrinkage=0.05


Tree=19
num_leaves=13
num_cat=0
split_feature=1 0 12 2 11 9 12 5 12 12 7 12
split_gain=146.122 682.683 156.76 310.993 22.0414 64.7571 76.512 13.0563 8.17858 13.0563 11.4844 5.92619
threshold=0.47159944514707869 0.213873916040657 0.51584617483153006 1.0000000180025095e-35 1.0000000180025095e-35 1.0000000180025095e-35 0.47850697320563612 -0.058961481158684582 0.59310630568102207 0.5548702868609241 -0.48853675683704173 0.41615091738989435
decision_type=2 2 2 2 2 2 2 2 2 2 2 2
left_child=1 4 7 -4 -1 6 11 -3 9 -8 -11 -6
right_child=-2 2 3 -5 5 -7 8 -9 -10 10 -12 -13
leaf_value=-0.047975155481888548 -0.049204076802171551 0.0011286968193096093 -0.04592781047413283 0.33832553748744759 0.20682156422772577 -0.048608633573992581 -0.042243363498019569 0.32799324406735247 -0.043758285974675085 0.021412756389789771 0.15864135179716235 0.092236976995928366
leaf_weight=56.218431226909161 92.068997040390968 0.47088032215833919 12.336482480168344 8.4418817386031133 4.7360564395785314 43.09981195628643 6.0612053647637429 17.354418054223061 7.7546386569738379 12.777399420738222 1.4159220904111816 4.7572511434555054
leaf_count=841 1375 6 182 70 53 642 88 153 114 173 19 60
internal_value=0.00155034 0.0283943 0.212715 0.113294 -0.0240145 -0.00680142 0.0405952 0.320989 -0.000881332 0.0149887 0.0417367 0.159391
internal_weight=267.493 175.424 38.6037 20.7784 136.821 80.6023 37.5025 17.8253 28.0092 20.2545 14.1933 9.49331
internal_count=3776 2401 411 252 1990 1149 507 159 394 280 192 113
is_linear=0
shrinkage=0.05


Tree=20
num_leaves=17
num_cat=0
split_feature=0 12 0 0 12 2 1 0 5 8 7 12 12 12 4 3
split_gain=293.298 463.472 75.4977 270.997 52.4597 92.831 33.761 164.403 15.6162 7.81624 22.4727 13.7831 1.06791 6.88663 19.5917 0.0626333
threshold=0.54860720755368209 0.5273520014835984 0.622770704041819 0.95578048476279687 -0.4721624026331433 0.21551188980694555 0.96861906489297811 0.98038801627882211 0.14646373667671556 -0.71237941807223015 0.4313714202086269 0.53362329794251728 0.53833304543325322 0.55879927286681419 0.37865260980326221 -1.1199937158875974
decision_type=2 2 2 2 2 2 2 2 2 2 2 2 2 2 2 2
left_child=9 4 -3 -4 -2 -6 -7 -8 -5 10 -1 -12 -11 14 -14 -15
right_child=1 2 3 8 5 6 7 -9 -10 12 11 -13 13 15 -16 -17
leaf_value=-0.041193896432941801 -0.047629096677957346 0.36432937679096844 -0.043080285044794948 0.061572723841508817 0.34986699611677735 -0.044470242513574038 0.47072139072301722 -0.041213542481411486 0.37821713118070854 -0.047925566172024231 -0.0083443092083885419 0.21969676946706462 0.10716855631028913 -0.032560491097063986 -0.042119574931559586 -0.047619396146816616
leaf_weight=5.654281146824359 31.600026771426201 9.5788343846797961 7.5883835069835213 0.83910826593637278 1.8734910115599657 9.7835727594792861 1.6119598634541024 5.5712339095771313 7.8626876100897789 78.516430582851171 0.71202853322029103 1.1669010221958158 2.6855287328362447 23.461989648640156 6.5115175805985928 31.279256269335747
leaf_count=97 557 87 132 11 24 167 22 92 73 1378 12 15 40 405 114 550
internal_value=0.000552352 0.0801603 0.250064 0.172536 -0.00808544 0.0564636 0.0135466 0.0935715 0.355405 -0.0399154 0.00654538 0.13918 -0.0425615 -0.0352656 0.00217245 -0.0419709
internal_weight=226.297 76.3093 25.869 16.2902 50.4403 18.8403 16.9668 7.18319 8.7018 149.988 7.53321 1.87893 142.455 63.9383 9.19705 54.7412
internal_count=3776 1165 303 216 862 305 281 114 84 2611 124 27 2487 1109 154 955
is_linear=0
shrinkage=0.05


Tree=21
num_leaves=17
num_cat=0
split_feature=12 2 2 1 1 12 7 12 7 7 10 0 2 12 0 0
split_gain=191.352 172.773 355.434 72.6038 320.441 37.3215 56.3425 7.88281 7.43122 7.42432 5.06318 24.0081 130.333 4.07465 2.91028 34.807
threshold=0.51867358839240796 1.0000000180025095e-35 -0.10547446971294337 0.18345442400987402 0.10276952604429879 0.58871998439677375 -0.8645043904457147 0.52522837413841172 0.29222778314235881 0.66175122636892569 0.5840239497523928 0.17267619601207893 -0.21705641714407622 0.5977455797227319 0.35718797393111279 0.28079240801903405
decision_type=2 2 2 2 2 2 2 2 2 2 2 2 2 2 2 2
left_child=10 2 3 4 5 6 7 -2 13 -10 -1 12 -12 -7 15 -13
right_child=1 -3 -4 -5 -6 8 -8 -9 9 -11 11 14 -14 -15 -16 -17
leaf_value=-0.047849498544060363 -0.010612453785310909 -0.048250049749367557 0.34426656289985302 -0.046785903779434701 0.34290546947249356 0 -0.043848041091223748 0.12091103634845768 0.13982564099335906 -0.017050994312069339 -0.045224509223663306 -0.045107577729568145 0.33294244310625004 -0.0467331901460004 -0.048565312299133107 0.235013894829881
leaf_weight=79.922526597976685 0.77093589305878296 33.653446346521378 10.952730022370814 16.502013221383095 8.5955988839268667 5.7611303105950418 7.9632840231060973 15.835581116378306 0.81613487005233665 1.0148139819502828 10.545642569661139 10.220944456756111 2.3583802580833426 16.220949620008469 42.295472539961338 0.72645457834005434
leaf_count=1203 11 507 92 248 73 81 119 198 11 14 158 152 22 244 634 9
internal_value=-0.000555645 0.0465712 0.084721 0.0436309 0.0704314 0.0185005 0.0614511 0.113212 -0.0251392 0.0571442 -0.0388538 -0.027332 0.0318667 -0.0342233 -0.0423077 -0.0148822
internal_weight=264.156 118.087 84.4332 73.4804 56.9784 48.3828 24.5698 16.6065 23.813 1.83095 146.069 66.1469 12.904 21.9821 53.2429 10.9474
internal_count=3776 1598 1091 999 751 678 328 209 350 25 2178 975 180 325 795 161
is_linear=0
shrinkage=0.05


Tree=22
num_leaves=21
num_cat=0
split_feature=11 1 0 12 0 1 3 9 12 12 12 5 0 7 12 12 5 8 12 12
split_gain=150.014 224.433 350.431 158.029 167.092 88.4239 81.8969 96.6652 116.462 37.4479 31.6236 24.7276 86.4862 17.9488 14.2353 1.83287 1.39809 1.16864 0.898914 0.520205
threshold=1.0000000180025095e-35 0.47159944514707869 0.54174446030130219 0.45125482746973772 0.78209597600236302 0.70335825560759146 -0.66424931259461528 1.0000000180025095e-35 0.59871520623649721 0.52224063827897504 0.60268314363871156 0.08599224398058046 0.7151964851157272 -0.17709581902814314 0.57644482994781499 0.47850697320563612 0.12512085690160907 1.5827700262443756 0.51185027529551097 0.58929183079937175
decision_type=2 2 2 2 2 2 2 2 2 2 2 2 2 2 2 2 2 2 2 2
left_child=-1 6 -3 4 5 -4 7 8 13 15 -10 12 -5 -2 -15 -9 18 -18 -13 -20
right_child=1 2 3 11 -6 -7 -8 9 10 -11 -12 16 -14 14 -16 -17 17 -19 19 -21
leaf_value=-0.047913636959955895 -0.048232960319659388 0.33951487359023336 -0.027708739777009606 -0.042936930491452217 -0.042052960361612074 0.33956662503666607 -0.049156589039166698 0.30143343714389892 0.24741200738218683 -0.022367915800278328 0 0.023291668207345729 0.27292295949846518 -0.018633282259887855 0.19778422552934477 0.14258850208971838 -0.047648739457391211 0 -0.032078796457826957 0
leaf_weight=101.04597678780556 28.585884526371956 12.102454014122484 1.7382145002484346 6.679770313203333 5.8380170762538901 9.1769969612359983 67.229012288153172 3.1831978857517234 4.854629658162593 1.306299954652786 1.4552867263555525 0.85667333751917185 2.5785796865820885 1.0913193449378038 0.90816032141447056 2.8502342030405998 21.632101155817512 0.68618753552436729 2.3023205325007443 0.681614689528942
leaf_count=1456 405 99 24 96 83 76 966 32 51 18 19 11 25 15 10 29 310 9 33 9
internal_value=0.000401733 0.0283813 0.102454 0.0442849 0.168515 0.280237 -0.0143742 0.0378882 0.00327282 0.197397 0.191107 -0.0153109 0.0519491 -0.0371248 0.0895628 0.246875 -0.0405817 -0.0455422 -0.0040707 -0.0213174
internal_weight=276.783 175.737 64.2729 52.1705 16.7532 10.9152 111.464 44.235 36.8953 7.33973 6.30992 35.4172 9.25835 30.5854 1.99948 6.03343 26.1589 22.3183 3.84061 2.98394
internal_count=3776 2320 775 676 183 100 1545 579 500 79 70 493 121 430 25 61 372 319 53 42
is_linear=0
shrinkage=0.05


Tree=23
num_leaves=14
num_cat=0
split_feature=12 0 1 11 1 0 7 8 12 2 0 2 2
split_gain=263.58 308.355 255.593 87.0732 108.068 181.711 25.5193 19.8031 11.3464 6.74024 118.448 67.464 48.268
threshold=0.54743827496323794 0.25512975705573732 0.18889772340024 1.0000000180025095e-35 0.10276952604429879 1.0000000180025095e-35 -0.63353104043443242 -0.38214208795473287 0.55879927286681419 -0.17304911028466766 1.0000000180025095e-35 -0.21732401427085371 -0.1766015278065485
decision_type=2 2 2 2 2 2 2 2 2 2 2 2 2
left_child=9 2 3 -2 5 6 7 -5 -8 10 -1 -12 -13
right_child=1 -3 -4 4 -6 -7 8 -9 -10 -11 11 12 -14
leaf_value=-0.048474752484107181 -0.045291005619126364 -0.048570877471778767 0.34220797347895715 0.28977453591564001 -0.044409343439245665 0.34149338081820729 0.11167841633676126 0.089706229775434826 -0.040885801789937337 -0.049222589937704668 0.32301546188764613 -0.04030786077102072 0.27944452502774186
leaf_weight=73.366762444376945 10.520608820021151 39.475324995815754 11.008278362452982 1.1125889122486103 8.6750447005033475 8.7512947171926481 1.0428841859102309 21.973384372889996 5.0337565764784813 82.52655953168869 2.8323563784360886 4.667715422809124 1.0119471773505191
leaf_count=1072 154 578 91 11 126 73 13 277 72 1207 26 66 10
internal_value=0.0010156 0.0617856 0.125991 0.0812714 0.11056 0.146785 0.082742 0.106347 -0.00440122 -0.0386697 -0.0274957 0.14321 0.0306175
internal_weight=271.999 107.593 68.1178 57.1096 46.589 37.9139 29.1626 23.086 6.07664 164.405 81.8788 8.51202 5.67966
internal_count=3776 1395 817 726 572 446 373 288 85 2381 1174 102 76
is_linear=0
shrinkage=0.05


Tree=24
num_leaves=5
num_cat=0
split_feature=12 12 12 4
split_gain=494.6 1170.08 6.16131 4.40008
threshold=-0.4721624026331433 -0.68330777695260547 -0.71117960341215991 0.789493546422254
decision_type=2 2 2 2
left_child=1 2 3 -1
right_child=-2 -3 -4 -5
leaf_value=-0.046810377996831548 -0.049383375656006125 0.34163840639447191 0.058472841185037622 0.023797204361603989
leaf_weight=52.34073868393898 175.89488629624248 30.658859737217426 0.88182066380977531 1.5345860719680775
leaf_count=802 2681 259 12 22
internal_value=-0.00137576 0.0969061 -0.04152 -0.0441391
internal_weight=261.311 85.416 54.7571 53.8753
internal_count=3776 1095 836 824
is_linear=0
shrinkage=0.05


Tree=25
num_leaves=13
num_cat=0
split_feature=10 0 0 0 11 12 9 12 12 12 12 12
split_gain=378.08 205.143 148.211 596.946 55.6079 74.9609 57.8448 25.3897 8.25763 5.14238 0.432743 0.470017
threshold=1.0805654622797471 0.098056673322155147 1.0000000180025095e-35 -0.74900640794044093 1.0000000180025095e-35 0.55166913891523539 1.0000000180025095e-35 0.39018893724194764 0.53176385470940313 0.57335517274221937 0.55631271787556402 0.56557151287986196
decision_type=2 2 2 2 2 2 2 2 2 2 2 2
left_child=2 -2 3 4 -1 6 7 -6 -9 10 -7 -12
right_child=1 -3 -4 -5 5 9 -8 8 -10 -11 11 -13
leaf_value=-0.047946068953739318 0.34450825780076644 -0.040092061908604648 -0.04941723243155597 0.3453333847321422 -0.026126401965376703 -0.010849145957525065 -0.041679357842766031 0.18479066013632878 0.057037531200925029 -0.047082182143455005 0.030527493515924993 0
leaf_weight=54.649868100881577 11.194413185119627 4.634734794497489 142.04936148971319 12.549351699650286 1.601387314498427 0.77792257815599697 5.269892953336238 11.184817507863043 2.7550997659564009 17.747991122305393 1.9808284938335416 2.0749833434820175
leaf_count=813 93 68 2108 104 23 11 68 138 34 260 27 29
internal_value=-0.000504915 0.232588 -0.0156386 0.0275504 -0.0144176 0.0273044 0.094998 0.142757 0.164122 -0.034705 0.00620667 0.0157972
internal_weight=268.471 15.8291 252.642 110.592 98.0428 43.3929 20.8112 15.5413 13.9399 22.5817 4.83373 4.05581
internal_count=3776 161 3615 1507 1403 590 263 195 172 327 67 56
is_linear=0
shrinkage=0.05


Tree=26
num_leaves=4
num_cat=0
split_feature=0 12 12
split_gain=1259.39 85.042 432.096
threshold=1.6669533464493196 -0.71117960341215991 -0.73724058808881787
decision_type=2 2 2
left_child=1 2 -1
right_child=-2 -3 -4
leaf_value=-0.047206409579293285 0.34355867889344471 -0.049549673815792082 0.33802390710600322
leaf_weight=38.239993661642075 23.564590662717819 199.9956861063838 8.4537300467491132
leaf_count=565 195 2944 72
internal_value=-0.00164023 -0.0353441 0.0248507
internal_weight=270.254 246.689 46.6937
internal_count=3776 3581 637
is_linear=0
shrinkage=0.05


Tree=27
num_leaves=6
num_cat=0
split_feature=12 12 0 11 12
split_gain=971.179 656.998 179.801 6.52226 1.20297
threshold=-0.75431068484562347 -0.80123977605099406 2.0675857772543753 -1.6990170119783667 -0.74611360206791499
decision_type=2 2 2 2 2
left_child=1 3 -3 -1 -2
right_child=4 2 -4 -5 -6
leaf_value=-0.04728821936775543 0 0.3453476987723087 -0.036204389987691758 0.062755816553589167 -0.049528549857198831
leaf_weight=19.821326494216922 0.77522944658994575 32.731073915958405 3.1756990849971762 0.82859094440936942 211.66837073117495
leaf_count=296 11 267 47 11 3144
internal_value=-0.000116869 0.182987 0.310882 -0.0403114 -0.0492953
internal_weight=269 56.5567 35.9068 20.6499 212.444
internal_count=3776 621 314 307 3155
is_linear=0
shrinkage=0.05


Tree=28
num_leaves=2
num_cat=0
split_feature=11
split_gain=1398.89
threshold=-1.6990170119783667
decision_type=2
left_child=-1
right_child=-2
leaf_value=0.24096535637587918 -0.049792533690985435
leaf_weight=49.125372648239136 248.07617801427841
leaf_count=296 3480
internal_value=-0.00132429
internal_weight=297.202
internal_count=3776
is_linear=0
shrinkage=0.05


Tree=29
num_leaves=18
num_cat=0
split_feature=2 12 12 9 7 12 12 12 12 8 12 12 2 1 12 0 2
split_gain=305.482 433.899 97.5396 31.3473 34.1688 19.1404 16.0105 11.7541 18.8955 11.3105 10.1968 6.18412 3.785 120.504 2.93652 2.14354 0.469568
threshold=0.43488250302248771 -0.4721624026331433 0.59019890755804294 1.0000000180025095e-35 0.97972114653864251 0.36904804187997892 0.60243570758956133 0.59019890755804294 0.47606075208079107 -1.0000000180025095e-35 0.43085372468699518 0.58080993911356738 0.79852295864439793 0.79070700387406234 0.60127115105159834 0.78148905877792607 0.76919233695460554
decision_type=2 2 2 2 2 2 2 2 2 2 2 2 2 2 2 2 2
left_child=3 -2 12 4 5 -1 7 8 10 -9 -7 -10 13 15 -11 -3 -15
right_child=1 2 -4 -5 -6 6 -8 9 11 14 -12 -13 -14 16 -16 -17 -18
leaf_value=-0.046043567601549394 -0.04792208081572058 0.099146166923461343 -0.03721661626094306 -0.04908420837930258 0.21259656400486882 0.019455122307291902 -0.04552508934429364 -0.026982619688804155 -0.046354994883924722 0.11740585456973494 0.11745799208113461 0.014595146600661477 0.26495229497386147 -0.038822683054976284 0.0060767121961804041 0.26923009153407346 0
leaf_weight=28.1238615475595 30.841960623860359 1.4724656715989137 3.5262563526630393 111.3639354519546 1.2068213634192932 12.444788344204424 11.807102173566816 1.6884582638740537 13.28546839952469 5.1556246504187566 3.3680809065699568 4.9097135812044135 15.092241831123827 3.425062768161296 1.2723439931869505 13.50979160517454 0.95172692835330952
leaf_count=446 491 13 55 1763 13 176 185 25 187 63 41 67 100 35 16 91 9
internal_value=0.000191145 0.0904469 0.20263 -0.031745 -0.00810066 -0.0129173 0.00416212 0.0190462 0.00495854 0.0714592 0.0448222 -0.0286207 0.228076 0.192121 0.101007 0.257871 -0.0311825
internal_weight=263.446 68.8195 37.9775 194.626 83.2623 82.0554 53.9316 42.1245 34.0081 8.11643 15.8129 18.1952 34.4513 19.359 6.42797 14.9823 4.37679
internal_count=3776 794 303 2982 1219 1206 760 575 471 104 217 254 248 148 79 104 44
is_linear=0
shrinkage=0.05


Tree=30
num_leaves=18
num_cat=0
split_feature=5 11 1 2 2 1 3 3 12 1 1 2 4 12 5 10 4
split_gain=217.524 55.6774 51.1779 175.274 57.8863 236.159 33.6668 31.2005 17.1594 16.543 8.63814 73.701 3.85324 2.03643 1.93008 0.542571 0.11654
threshold=0.38657113414666383 1.0000000180025095e-35 0.54800291430058057 0.18287821763996434 -0.1973622302000011 0.18345442400987402 0.50981190691857059 -0.83082856789777615 0.45663520103908223 0.55512670663415309 0.54263170788982007 -0.10547446971294337 0.789493546422254 -0.4721624026331433 4.1082357949308621 0.83229470601607602 1.086212000647081
decision_type=2 2 2 2 2 2 2 2 2 2 2 2 2 2 2 2 2
left_child=1 12 3 4 5 7 10 8 -3 -8 11 -2 15 -14 -11 -1 -15
right_child=6 2 -4 -5 -6 -7 9 -9 -10 14 -12 -13 13 16 -16 -17 -18
leaf_value=-0.047105752730935903 0.25130903464638527 -0.043185379565478327 -0.048060545417965561 0.26753522155223169 -0.048042863408875029 0.26969467295581312 0.15068399211485234 -0.047470154443602808 0.038175290402886621 -0.035693278336086751 0.25350270776016842 -0.036448141653302374 -0.026745020125729248 0.050804047473443983 0.031645650689839336 -0.011870701919763728 0
leaf_weight=83.768068335950375 5.047946497797966 7.2194594107568255 33.621731769293547 6.319773592054843 33.507373329252005 8.5751400142908079 1.7178030759096135 23.833139780908823 35.124929897487164 3.0832394547760491 6.1373575776815406 3.3004323095083254 1.6775277368724348 0.98479126393794902 0.71946668624877919 3.4592864811420432 0.73390336334705353
leaf_count=1346 34 111 534 44 534 59 17 379 467 48 41 52 26 13 9 52 10
internal_value=6.53183e-05 -0.01323 0.00551341 0.0215916 0.00584067 0.0304845 0.15645 -0.00192679 0.0233782 0.0406744 0.196074 0.139091 -0.0440184 0.00138543 -0.0149457 -0.046069 0.0399496
internal_weight=258.831 238.825 148.202 114.58 108.26 74.7527 20.0062 66.1775 42.3444 5.52051 14.4857 8.34838 90.6236 3.39622 3.80271 87.2274 1.71869
internal_count=3776 3575 2128 1594 1550 1016 201 957 578 74 127 86 1447 49 57 1398 23
is_linear=0
shrinkage=0.05


Tree=31
num_leaves=6
num_cat=0
split_feature=12 9 11 12 12
split_gain=652.148 164.361 165.637 448.705 0.953982
threshold=0.60915826354272673 1.0000000180025095e-35 1.0000000180025095e-35 -0.046575142348431652 -0.62282389086876078
decision_type=2 2 2 2 2
left_child=1 2 3 4 -1
right_child=-2 -3 -4 -5 -6
leaf_value=-0.047997133994067569 0.24330334200016324 -0.049551789893750607 -0.048546791599909517 0.24367719998076698 0
leaf_weight=26.997192054986957 24.989377558231354 175.25692339986563 35.596590273082256 24.61864846944809 0.92325162142515083
leaf_count=396 154 2556 507 151 12
internal_value=0.00171277 -0.021531 0.0338713 0.0901143 -0.0463138
internal_weight=288.382 263.393 88.1357 52.5391 27.9204
internal_count=3776 3622 1066 559 408
is_linear=0
shrinkage=0.05


Tree=32
num_leaves=22
num_cat=0
split_feature=12 2 1 0 0 7 11 12 8 5 12 12 12 10 0 3 8 7 4 12 12
split_gain=139.773 97.7606 246.896 120.906 236.221 45.3069 28.815 31.889 22.9892 15.3772 14.6671 10.2348 7.01259 5.70293 9.23776 16.9131 1.79291 1.20288 1.13216 0.206803 0.383972
threshold=0.44166596274541242 -0.13375932129707455 0.35076043412218127 0.5567262622835335 0.7151964851157272 -0.80141915828404298 1.0000000180025095e-35 0.60320364830070361 0.92229536600938122 4.994854592255078 0.58871998439677375 0.53833304543325322 0.5982578147326415 0.83229470601607602 0.25512975705573732 0.47814513025049116 -0.59679635253110608 1.1444719611759118 1.337281461914243 0.41368813275476535 0.41615091738989435
decision_type=2 2 2 2 2 2 2 2 2 2 2 2 2 2 2 2 2 2 2 2 2
left_child=13 5 -3 -4 -5 6 -2 8 -8 -6 11 -10 -12 18 -15 -16 -17 -7 19 -1 -21
right_child=1 2 3 4 9 17 7 -9 10 -11 12 -13 -14 14 15 16 -18 -19 -20 20 -22
leaf_value=-0.047995035356335709 -0.044829688864186812 0.24982239830351391 -0.047909585696196931 0.24416062468236877 -0.046525272121057289 -0.048300426392732437 0.23689901880426201 0.23317452472522701 0.039392635958899039 0.12074863119716961 0.11237598559128303 -0.026818318780714386 0.011897016577623093 -0.04334708714293959 0.16540517865024804 -0.035138891939642196 0.029214668827976659 0 0 0 -0.028978367710103009
leaf_weight=92.397525861859322 9.933740917593239 15.023572683334349 28.63139446079731 13.66875694692135 15.568417765200138 36.848018113523722 0.88863115012645622 1.770837016403674 10.038068078458315 0.95571649819612581 5.3059886619448644 12.450000733137129 3.5308849588036537 7.3947056271135789 1.3437342122197149 2.9048479348421097 0.76312374323606524 0.70614752173423667 0.72540250420570274 0.88662432134151359 6.7242846786975861
leaf_count=1431 154 97 442 90 240 567 9 14 125 10 57 178 48 113 13 43 11 10 10 13 101
internal_value=0 0.0307397 0.0722294 0.0247279 0.0940817 -0.00677351 0.0272177 0.049347 0.035068 -0.0321198 0.0249249 0.00186292 0.0776929 -0.042181 -0.00735992 0.0403183 -0.0138535 -0.0470172 -0.0461651 -0.0466343 -0.0250918
internal_weight=268.46 155.32 73.8479 58.8243 30.1929 81.4723 43.9182 33.9844 32.2136 16.5241 31.3249 22.4881 8.83687 113.14 12.4064 5.01171 3.66797 37.5542 100.734 100.008 7.61091
internal_count=3776 2041 879 782 340 1162 585 431 417 250 408 303 105 1735 180 67 54 577 1555 1545 114
is_linear=0
shrinkage=0.05


Tree=33
num_leaves=15
num_cat=0
split_feature=1 0 12 12 2 11 9 12 12 12 7 1 0 12
split_gain=133.497 508.531 90.4411 33.7379 156.641 21.4019 59.2233 58.4142 7.59664 11.8989 8.95404 3.11849 46.5712 2.91985
threshold=0.47159944514707869 0.213873916040657 0.59427929929418977 0.51584617483153006 1.0000000180025095e-35 1.0000000180025095e-35 1.0000000180025095e-35 0.47850697320563612 0.59310630568102207 0.5548702868609241 -0.48853675683704173 0.27611122747241235 0.35718797393111279 0.40839673818437422
decision_type=2 2 2 2 2 2 2 2 2 2 2 2 2 2
left_child=1 5 3 11 -5 -1 7 13 9 -9 -11 -3 -13 -7
right_child=-2 2 -4 4 -6 6 -8 8 -10 10 -12 12 -14 -15
leaf_value=-0.047671556701511561 -0.048972829789429302 0.25900566878681686 -0.039303548537331735 -0.043300481225546347 0.24684782079168688 0.17276752558213157 -0.048349339881507247 -0.041882386581164943 -0.043327033279500798 0.020037073272212991 0.13624490886150112 -0.030139416416739059 0.23645340023233499 0.086218816719872915
leaf_weight=53.160235676914454 87.138593420386314 15.849648967385294 4.3482296019792548 7.3553469479084042 11.048316553235052 4.8329669386148435 40.836733426898718 5.8597556501627031 7.403561580926179 13.021998085081579 1.6396933645009948 1.9184782952070225 5.3164903819561005 6.062224842607975
leaf_count=841 1375 103 68 114 70 44 642 88 114 173 19 22 34 69
internal_value=0.00149951 0.026325 0.169026 0.191664 0.131484 -0.0231842 -0.00633494 0.0372789 -0.000750608 0.0140857 0.0387466 0.234775 0.165151 0.132701
internal_weight=265.792 178.654 45.8365 41.4883 18.4037 132.817 79.6569 38.8202 27.925 20.5214 14.6617 23.0846 7.23497 10.8952
internal_count=3776 2401 411 343 184 1990 1149 507 394 280 192 159 56 113
is_linear=0
shrinkage=0.05


Tree=34
num_leaves=17
num_cat=0
split_feature=1 12 12 1 0 0 1 0 8 7 12 12 12 12 4 3
split_gain=255.57 323.966 48.7148 76.6299 38.4315 166.126 29.4886 102.373 7.55915 19.2998 10.5037 5.53967 1.12381 6.76805 17.0037 0.119589
threshold=0.54800291430058057 0.5273520014835984 -0.4721624026331433 0.55512670663415309 0.622770704041819 0.95578048476279687 0.96861906489297811 0.98038801627882211 -0.71237941807223015 0.4313714202086269 0.53362329794251728 0.56433180195973554 0.53833304543325322 0.55879927286681419 0.37865260980326221 -1.1199937158875974
decision_type=2 2 2 2 2 2 2 2 2 2 2 2 2 2 2 2
left_child=8 2 -2 -4 -3 -6 -5 -8 9 -1 -11 -7 -10 14 -14 -15
right_child=1 4 3 6 5 11 7 -9 12 10 -12 -13 13 15 -16 -17
leaf_value=-0.040851556229003584 -0.047402633761871024 0.26802133349219598 0.3016644214237052 -0.044214631174473239 -0.042655759902530413 0.053912533037238156 0.32045275038633259 -0.040692693796225171 -0.047711346177265204 -0.0079243351641707076 0.18388507837722134 0.26710984269187033 0.094736126973998053 -0.031817499050623699 -0.041632155816143129 -0.047436140576574408
leaf_weight=5.469755493104457 30.357753839343786 12.485283203423025 2.1850684694945839 9.5187273323535937 7.2276751846075085 0.92135539650916953 2.4515931606292716 5.3043594658374786 74.274152237921953 0.70061042159795794 1.4153633117675779 10.668274134397505 2.9517245888710004 22.591196142137051 6.1859540790319443 29.876353334635496
leaf_count=97 566 84 20 170 132 10 22 92 1371 12 15 74 40 405 114 552
internal_value=0.000571651 0.0713601 -0.00767273 0.0526894 0.196069 0.141332 0.0121902 0.0829282 -0.0393897 0.00603766 0.121443 0.25516 -0.0421219 -0.0346507 0.00245415 -0.041547
internal_weight=224.585 81.1201 49.8175 19.4597 31.3026 18.8173 17.2747 7.75595 143.465 7.58573 2.11597 11.5896 135.879 61.6052 9.13768 52.4675
internal_count=3776 1170 870 304 300 216 284 114 2606 124 27 84 2482 1111 154 957
is_linear=0
shrinkage=0.05


Tree=35
num_leaves=17
num_cat=0
split_feature=12 2 2 1 1 12 7 7 4 12 10 0 2 0 2 12
split_gain=170.574 144.242 215.754 61.5406 202.268 31.8537 46.6029 8.07007 6.10925 5.80404 5.11277 22.5273 93.8289 2.97744 34.833 1.64936
threshold=0.51867358839240796 1.0000000180025095e-35 -0.10547446971294337 0.18345442400987402 0.10276952604429879 0.59254898562491809 -0.8645043904457147 0.29222778314235881 0.6068975745915911 0.52522837413841172 0.5840239497523928 0.17267619601207893 -0.21705641714407622 0.35718797393111279 -0.032297829533450409 0.5977455797227319
decision_type=2 2 2 2 2 2 2 2 2 2 2 2 2 2 2 2
left_child=10 2 3 4 5 6 9 15 -9 -2 -1 12 -12 14 -13 -7
right_child=1 -3 -4 -5 -6 7 -8 8 -10 -11 11 13 -14 -15 -16 -17
leaf_value=-0.047554454038010334 -0.010523667343545295 -0.047974488023668369 0.24913256518143234 -0.046441371618129432 0.2488985339841237 -0.00058259798602368601 -0.043933922168872104 0.1257197415562927 -0.014863354729753512 0.098476278129643047 -0.044809652256312796 -0.044833712862385314 0.24976888776992123 -0.048310349077117155 0.23712998149698833 -0.046368326343106663
leaf_weight=75.758296452462673 0.76831913739442725 31.869393423199654 14.403307318687437 15.645638868212698 11.308742508292196 3.5489032417535844 8.2930954694747978 0.91856396943330654 0.92308425158262253 19.239413604140282 10.007500957697628 9.9281641505658609 3.117457151412963 40.103042431175709 0.71406173706054588 15.335977986454962
leaf_count=1203 11 507 92 248 73 50 129 11 13 220 158 154 22 634 7 244
internal_value=-0.000460507 0.0424758 0.0747317 0.0399324 0.0629383 0.0174599 0.0518805 -0.0284765 0.0564516 0.092917 -0.03825 -0.0265418 0.0299224 -0.0417832 -0.013879 -0.0392908
internal_weight=261.883 122.254 90.385 75.9817 60.3361 49.0274 28.3008 20.7265 1.84165 20.0077 139.629 63.8702 13.125 50.7453 10.6422 18.8849
internal_count=3776 1598 1091 999 751 678 360 318 24 231 2178 975 180 795 161 294
is_linear=0
shrinkage=0.05


Tree=36
num_leaves=13
num_cat=0
split_feature=11 1 2 2 0 2 9 12 12 12 12 12
split_gain=136.729 181.138 210.693 110.537 302.563 75.5908 70.3687 95.426 28.3189 15.4998 15.3831 0.953083
threshold=1.0000000180025095e-35 0.47159944514707869 0.43488250302248771 0.38096255007597257 0.54174446030130219 -0.81737914111936494 1.0000000180025095e-35 0.5933076612926611 0.52224063827897504 0.60320364830070361 0.60022009859455372 0.59187001302735387
decision_type=2 2 2 2 2 2 2 2 2 2 2 2
left_child=-1 5 3 4 -3 6 7 11 -8 10 -9 -2
right_child=1 2 -4 -5 -6 -7 8 9 -10 -11 -12 -13
leaf_value=-0.047589975941666487 -0.04790771941914123 0.24671426170424496 -0.047284100538281915 0.25270636336584817 -0.047114447689806216 -0.048905447856374525 0.19634171082637852 0.058905390040383157 -0.024058204213696276 -0.019310238131958188 0.20922707502187077 0
leaf_weight=95.603394974023104 25.655228540301326 15.824842929840086 19.777825921773911 15.707335986196993 18.38434225320816 63.65100272372365 7.3180962949991208 4.0582014769315702 1.427481062710285 1.1308008208870877 5.0300592184066772 0.92672660946845908
leaf_count=1456 377 99 296 106 274 966 61 50 20 16 42 13
internal_value=0.000443814 0.0263145 0.0890346 0.143476 0.0896836 -0.0137115 0.0349258 0.00320547 0.158308 0.130053 0.151283 -0.0461371
internal_weight=274.495 178.892 69.6943 49.9165 34.2092 109.198 45.5466 36.801 8.74558 10.2191 9.08826 26.582
internal_count=3776 2320 775 479 373 1545 579 498 81 108 92 390
is_linear=0
shrinkage=0.05


Tree=37
num_leaves=14
num_cat=0
split_feature=12 0 1 11 1 0 7 12 12 2 0 2 2
split_gain=232.407 246.818 144.151 69.4186 82.0552 100.857 19.9688 14.3333 10.2242 6.79631 102.628 40.8786 37.6143
threshold=0.54743827496323794 0.25512975705573732 0.18889772340024 1.0000000180025095e-35 0.10276952604429879 1.0000000180025095e-35 -0.63353104043443242 0.5982578147326415 0.55879927286681419 -0.17304911028466766 1.0000000180025095e-35 -0.21732401427085371 -0.1766015278065485
decision_type=2 2 2 2 2 2 2 2 2 2 2 2 2
left_child=9 2 3 -2 5 6 7 -5 -8 10 -1 -12 -13
right_child=1 -3 -4 4 -6 -7 8 -9 -10 -11 11 12 -14
leaf_value=-0.04820190436860123 -0.044852176928112782 -0.04829786126106219 0.2482552285674936 0.11415024235896168 -0.043960990440638781 0.24890002161135794 0.10129147541388889 0.018399454761796313 -0.040476619265466349 -0.048983651922347993 0.24256758887209984 -0.039829401868640271 0.22551304506485412
leaf_weight=69.569774307310581 9.9616661444306356 37.375293344259262 14.436415106058119 19.185828797519207 8.2475856021046621 11.464653059840201 1.1447185650467933 5.9691979438066474 4.8622304499149323 78.128642946481705 3.7070142477750778 4.4915086925029755 1.2960624694824199
leaf_count=1072 154 578 91 221 126 73 13 67 72 1207 26 66 10
internal_value=0.00107786 0.0558447 0.107862 0.0723874 0.0960438 0.123908 0.0739285 0.0932048 -0.00391105 -0.0380632 -0.0267178 0.122738 0.028823
internal_weight=269.841 112.648 75.2723 60.8359 50.8742 42.6266 31.162 25.155 6.00695 157.193 79.0644 9.49459 5.78757
internal_count=3776 1395 817 726 572 446 373 288 85 2381 1174 102 76
is_linear=0
shrinkage=0.05


Tree=38
num_leaves=5
num_cat=0
split_feature=12 12 4 12
split_gain=426.347 755.317 4.32075 3.80785
threshold=-0.4721624026331433 -0.71117960341215991 0.789493546422254 -0.68330777695260547
decision_type=2 2 2 2
left_child=1 2 -1 -3
right_child=-2 3 -4 -5
leaf_value=-0.046453548043858095 -0.049178718162657044 0.054444862233537943 0.023306677908400283 0.24555791875769695
leaf_weight=49.507731039077044 166.79992029070854 0.93269199132919212 1.5474184006452549 40.249003924429417
leaf_count=802 2681 12 22 259
internal_value=-0.00142049 0.0844748 -0.0436488 0.242534
internal_weight=259.037 92.2368 51.0551 41.1817
internal_count=3776 1095 824 271
is_linear=0
shrinkage=0.05


Tree=39
num_leaves=13
num_cat=0
split_feature=10 0 3 11 12 2 0 12 12 7 3 12
split_gain=291.158 566.343 35.411 71.5075 68.1301 17.1971 7.36555 11.1491 5.1132 3.5401 1.16512 0.478636
threshold=0.83229470601607602 1.0000000180025095e-35 -0.021555892449147771 1.0000000180025095e-35 0.56557151287986196 -0.81737853707016661 -0.74900640794044093 0.39018893724194764 0.54897578752454823 -0.81295086738886468 -1.085554240076718 0.55631271787556402
decision_type=2 2 2 2 2 2 2 2 2 2 2 2
left_child=2 -2 3 -1 6 10 7 -5 9 -9 -6 -10
right_child=1 -3 -4 4 5 -7 -8 8 11 -11 -12 -13
leaf_value=-0.047641359559788654 0.25420227880592511 -0.048062855094534125 -0.049098880363024483 -0.027920495856146917 -0.047007055842331412 0.14249681947205958 0.18989238122090268 0.10357912509839398 0 0.018791681237136672 0 0.028896388577408446
leaf_weight=51.791599735617638 28.794560492038727 32.389292232692242 106.63822199776769 1.7786001637578071 18.15081496164203 0.77694755047559638 1.7447839081287373 17.913229748606692 1.2750068157911294 2.3863037526607469 0.67517276108265178 2.0293034166097641
leaf_count=815 182 506 1672 26 276 6 11 198 17 30 10 27
internal_value=-0.000490418 0.0946924 -0.0291591 -0.00718518 0.0371532 -0.0325012 0.0880698 0.0765715 0.0858982 0.0955053 -0.0445168 0.0155118
internal_weight=266.344 61.1839 205.16 98.5218 46.7302 19.6029 27.1272 25.3824 23.6038 20.2995 18.826 3.30431
internal_count=3776 688 3088 1416 601 292 309 298 272 228 286 44
is_linear=0
shrinkage=0.05


Tree=40
num_leaves=4
num_cat=0
split_feature=2 12 12
split_gain=891.903 78.8359 297.308
threshold=1.9847502597766287 -0.71117960341215991 -0.73724058808881787
decision_type=2 2 2
left_child=1 2 -1
right_child=-2 -3 -4
leaf_value=-0.046858323879396868 0.24822555542303568 -0.04933713992734047 0.24457337444678459
leaf_weight=36.12833683565259 31.000256687402725 189.61542848870158 10.980829730629919
leaf_count=564 197 2944 71
internal_value=-0.0016554 -0.0349382 0.0224025
internal_weight=267.725 236.725 47.1092
internal_count=3776 3579 635
is_linear=0
shrinkage=0.05


Tree=41
num_leaves=5
num_cat=0
split_feature=12 11 0 12
split_gain=778.345 409.327 117.044 1.19875
threshold=-0.75431068484562347 -1.6990170119783667 2.0675857772543753 -0.74611360206791499
decision_type=2 2 2 2
left_child=1 -1 -3 -2
right_child=3 2 -4 -5
leaf_value=-0.04694375755140643 0 0.24973263596922043 -0.037449262288024594 -0.049318208977410384
leaf_weight=18.723900377750397 0.77130765467882056 43.233625933527946 3.5671005845069876 200.63912517949939
leaf_count=296 11 271 54 3144
internal_value=-0.000248185 0.148686 0.227151 -0.0490729
internal_weight=266.935 65.5246 46.8007 201.41
internal_count=3776 621 325 3155
is_linear=0
shrinkage=0.05


Tree=42
num_leaves=2
num_cat=0
split_feature=11
split_gain=1096.11
threshold=-1.6990170119783667
decision_type=2
left_child=-1
right_child=-2
leaf_value=0.19236373473738191 -0.04956551470427889
leaf_weight=57.937835693359375 234.94211138039827
leaf_count=296 3480
internal_value=-0.00137531
internal_weight=292.88
internal_count=3776
is_linear=0
shrinkage=0.05


Tree=43
num_leaves=13
num_cat=0
split_feature=2 12 12 9 11 12 12 12 12 7 7 12
split_gain=261.467 322.519 65.955 31.0103 55.9977 38.8783 15.447 5.61686 2.47613 9.67981 6.03975 2.29007
threshold=0.43488250302248771 -0.4721624026331433 0.59019890755804294 1.0000000180025095e-35 1.0000000180025095e-35 0.46001839043035836 0.57335517274221937 0.60243570758956133 0.59019890755804294 -0.71035257314743605 -0.48853675683704173 0.47606075208079107
decision_type=2 2 2 2 2 2 2 2 2 2 2 2
left_child=3 -2 -3 4 -1 -6 11 8 10 -10 -8 -7
right_child=1 2 -4 -5 5 6 7 -9 9 -11 -12 -13
leaf_value=-0.047048293609264408 -0.04764321444935183 0.18279160934748406 -0.036579230486662652 -0.048872993039963328 0.12397751112494129 0.011898601143592549 0 -0.030561345609190344 0.090327893577992507 -0.026781649832451456 0.10740377271607136 -0.045233201886255792
leaf_weight=42.721221346408129 29.144923947751522 40.574418850243092 3.3698894865810862 105.39570759981871 8.9195441827177984 1.100700788199904 7.1072904616594341 2.1068980433046809 6.9326116442680359 1.6718529164791087 1.0754102319479013 10.326600298285483
leaf_count=712 491 248 55 1763 98 13 98 32 79 25 11 151
internal_value=0.000246175 0.0802308 0.165184 -0.0309536 -0.00745122 0.0350782 0.00652891 0.0346449 0.0449221 0.0646064 0.0188155 -0.037366
internal_weight=260.447 73.0892 43.9443 187.358 81.9621 39.2409 30.3214 18.8941 16.7872 8.60446 8.1827 11.4273
internal_count=3776 794 303 2982 1219 507 409 245 213 104 109 164
is_linear=0
shrinkage=0.05


Tree=44
num_leaves=17
num_cat=0
split_feature=5 11 1 0 2 1 0 3 12 2 0 2 4 12 10 4
split_gain=176.774 52.2119 46.8858 126.747 52.4947 170.18 31.5484 28.622 15.399 11.9262 10.8472 58.2129 3.80533 1.85467 0.565057 0.0880306
threshold=0.38657113414666383 1.0000000180025095e-35 0.54800291430058057 0.54174446030130219 -0.1973622302000011 0.18345442400987402 0.5567262622835335 -0.83082856789777615 0.45663520103908223 0.28518356855125621 0.54174446030130219 -0.10547446971294337 0.789493546422254 -0.4721624026331433 0.83229470601607602 1.086212000647081
decision_type=2 2 2 2 2 2 2 2 2 2 2 2 2 2 2 2
left_child=1 12 3 4 5 7 10 8 -3 -8 11 -2 14 -14 -1 -15
right_child=6 2 -4 -5 -6 -7 9 -9 -10 -11 -12 -13 13 15 -16 -17
leaf_value=-0.046783729041016013 0.20015418296463588 -0.042848519608578967 -0.047799480974971109 0.20964037609038347 -0.047779843958123291 0.21073302208160954 0.13657855213591699 -0.04717763072998804 0.035013763475045756 -0.036733929544455597 0.209890384434503 -0.037767499030483986 -0.025886212620810908 0.04746527628662954 -0.011130782191051522 0
leaf_weight=79.201222870498896 6.0816481113433865 6.9672726765274993 31.846004284918308 7.7122799307107917 31.722617208957672 10.449304625391958 0.82025896012782951 22.567980971187353 36.374109968543053 3.3715949468314648 8.265627592802046 3.7403536848723915 1.6087568849325182 1.0327924862503994 3.3896751068532458 0.73866645991802204
leaf_count=1346 34 111 534 44 534 59 7 379 467 53 47 60 26 13 52 10
internal_value=0.000176885 -0.012664 0.00523924 0.0201839 0.00553167 0.0281715 0.133239 -0.0017641 0.021581 0.00279211 0.161237 0.109688 -0.043551 0.00157473 -0.0456971 0.0377282
internal_weight=255.89 233.611 147.64 115.794 108.081 76.3587 22.2795 65.9094 43.3414 4.19185 18.0876 9.822 85.9711 3.38022 82.5909 1.77146
internal_count=3776 3575 2128 1594 1550 1016 201 957 578 60 141 94 1447 49 1398 23
is_linear=0
shrinkage=0.05


Tree=45
num_leaves=6
num_cat=0
split_feature=12 9 11 12 12
split_gain=497.494 151.647 142.1 326.768 0.938623
threshold=0.60915826354272673 1.0000000180025095e-35 1.0000000180025095e-35 -0.046575142348431652 -0.62282389086876078
decision_type=2 2 2 2 2
left_child=1 2 3 4 -1
right_child=-2 -3 -4 -5 -6
leaf_value=-0.047680160704905876 0.19393899249090399 -0.049325687147062758 -0.048320422112481595 0.19469918802147487 0
leaf_weight=25.491785094141964 29.587740689516068 165.76534176617861 34.094291638582945 29.097726047039032 0.92450543493032356
leaf_count=396 154 2556 507 151 12
internal_value=0.00153867 -0.0209907 0.0311314 0.0803693 -0.0459144
internal_weight=284.961 255.374 89.6083 55.514 26.4163
internal_count=3776 3622 1066 559 408
is_linear=0
shrinkage=0.05


Tree=46
num_leaves=24
num_cat=0
split_feature=12 2 1 0 0 7 9 12 11 5 12 12 3 12 10 0 2 12 5 7 4 12 12
split_gain=127.376 80.701 169.942 103.189 168.545 42.5149 30.3756 24.0328 43.7945 13.9196 13.6962 12.5878 10.7321 6.56182 5.69787 8.58855 18.4972 4.24 2.61643 1.20275 1.11925 0.241798 0.370725
threshold=0.44166596274541242 -0.13375932129707455 0.35076043412218127 0.5567262622835335 0.7151964851157272 -0.80141915828404298 1.0000000180025095e-35 0.58143795816865362 1.0000000180025095e-35 4.994854592255078 0.54503304013448128 0.60320364830070361 -0.40073418630715085 0.46394416796762433 0.83229470601607602 0.25512975705573732 -0.032297829533450409 0.60127115105159834 0.1731423363955987 1.1444719611759118 1.337281461914243 0.41368813275476535 0.41615091738989435
decision_type=2 2 2 2 2 2 2 2 2 2 2 2 2 2 2 2 2 2 2 2 2 2 2
left_child=14 5 -3 -4 -5 6 7 -2 -9 -6 12 17 13 -8 20 -16 -17 -10 -18 -7 21 -1 -23
right_child=1 2 3 4 9 19 10 8 11 -11 -12 -13 -14 -15 15 16 18 -19 -20 -21 -22 22 -24
leaf_value=-0.047712630903460375 -0.046110566597487787 0.19781265460029704 -0.047628253393201467 0.19407511931980964 -0.046183469096784564 -0.04804689300454966 0.012782392970116805 -0.044361889751884702 0.076419499204907135 0.10774898535356059 -0.021003416988478431 0.20090055937746154 -0.0085134587001111824 0.18593825422989751 -0.042880755900685234 0.19611007608688816 -0.035820493817415817 0 0.03685385734514595 0 0 0 -0.028240285139214373
leaf_weight=87.443860042840242 13.26187616586685 17.95712435990572 27.119860116392374 16.298575878143311 14.770502202212809 34.958986330777407 1.0547557622194288 9.3446901775896549 10.087312713265417 1.0692682117223729 1.1500900313258169 2.0386032611131677 0.70579447597265144 4.7501198053359985 7.034879367798565 0.90743492543697346 2.9942253157496452 2.0738808363676062 1.2242093756794927 0.69664359092712302 0.72458823770284553 0.88100271672010322 6.511401854455471
leaf_count=1431 199 97 442 90 240 567 10 153 115 10 12 13 10 44 113 7 43 29 17 10 10 13 101
internal_value=3.18378e-05 0.0287723 0.0651042 0.0231523 0.083461 -0.0061177 0.0260241 0.0058725 0.0365427 -0.031283 0.113488 0.0911835 0.140615 0.16195 -0.0416545 -0.00661179 0.0381081 0.0636095 -0.00776128 -0.0466997 -0.045796 -0.0462879 -0.0243117
internal_weight=265.06 157.338 77.2153 59.2582 32.1383 80.1228 44.4671 36.8064 23.5445 15.8398 7.66076 14.1998 6.51067 5.80488 107.722 12.1607 5.12587 12.1612 4.21843 35.6556 95.5609 94.8363 7.3924
internal_count=3776 2041 879 782 340 1162 585 509 310 250 76 157 64 54 1735 180 67 144 60 577 1555 1545 114
is_linear=0
shrinkage=0.05


Tree=47
num_leaves=13
num_cat=0
split_feature=1 0 12 11 9 12 2 1 12 12 7 12
split_gain=122.382 399.901 64.4059 20.692 54.0732 45.6639 19.1929 146.864 7.04922 10.884 7.0327 1.36042
threshold=0.47159944514707869 0.213873916040657 0.59427929929418977 1.0000000180025095e-35 1.0000000180025095e-35 0.47850697320563612 1.0000000180025095e-35 0.27611122747241235 0.59310630568102207 0.5548702868609241 -0.48853675683704173 0.41615091738989435
decision_type=2 2 2 2 2 2 2 2 2 2 2 2
left_child=1 3 6 -1 5 11 7 -3 9 -7 -11 -5
right_child=-2 2 -4 4 -6 8 -8 -9 -10 10 -12 -13
leaf_value=-0.047372101682483264 -0.048751891146654763 0.19926321726769697 -0.038695682111837229 0.13792673344592818 -0.048095873699279881 -0.041557536324492106 0.20074570550831172 -0.044207463374512382 -0.042914273374353634 0.018742133767587568 0.11816000130844349 0.070617387457995257
leaf_weight=50.220853760838509 82.423588983714581 19.419149879366163 4.1418143361806861 6.5583833903074247 38.652985781431198 5.6842088550329271 19.473750993609428 8.5417173318564874 7.0825212374329558 13.259884484112265 1.8601455390453292 5.6519893631339073
leaf_count=841 1375 107 68 53 642 88 104 132 114 173 19 60
internal_value=0.00145473 0.0245845 0.141609 -0.0223873 -0.00594011 0.0341734 0.158113 0.124537 -0.000726905 0.0131318 0.0359644 0.112741
internal_weight=262.971 180.547 51.5764 128.971 78.7501 40.0971 47.4346 27.9609 27.8868 20.8042 15.12 12.2104
internal_count=3776 2401 411 1990 1149 507 343 239 394 280 192 113
is_linear=0
shrinkage=0.05


Tree=48
num_leaves=18
num_cat=0
split_feature=1 12 12 1 1 0 4 0 8 7 12 0 0 12 12 4 3
split_gain=224.841 237.497 44.3783 53.1414 25.7252 71.5293 21.9125 31.618 7.25936 16.698 8.1959 4.00395 66.5994 1.20472 6.60812 14.8499 0.162544
threshold=0.54800291430058057 0.5273520014835984 -0.4721624026331433 0.55512670663415309 0.96861906489297811 0.98038801627882211 0.789493546422254 0.96896724243113208 -0.71237941807223015 0.4313714202086269 0.53362329794251728 0.622770704041819 0.95578048476279687 0.53833304543325322 0.55879927286681419 0.37865260980326221 -1.1199937158875974
decision_type=2 2 2 2 2 2 2 2 2 2 2 2 2 2 2 2 2
left_child=8 2 -2 -4 -5 -6 11 -8 9 -1 -11 -3 -13 -10 15 -15 -16
right_child=1 6 3 4 5 -7 7 -9 13 10 -12 12 -14 14 16 -17 -18
leaf_value=-0.040528510562490509 -0.04715803676139449 0.20913494274920663 0.23252955015456009 -0.043847190892124778 0.24298590407308773 -0.040166357543294624 -0.036010843103994238 0.16603788966241778 -0.047490261065834226 -0.0074701293536663625 0.1565133052074289 -0.036715999358275929 0.20197552485441383 0.084384403500522828 -0.031068429312357895 -0.041137152927994573 -0.047187772075239796
leaf_weight=5.3016286045312873 28.695934008806944 15.178295224905016 2.8106305226683643 9.065176937729122 3.1950272023677808 5.0505802184343338 3.3311812542378894 3.3026977404952049 70.405530568212271 0.68845257535576854 1.6584611460566518 3.5500287115573874 10.656377315521238 3.2081586495041829 21.765025157481432 5.8753038458526134 28.250843018293381
leaf_count=97 566 84 20 170 22 92 64 20 1371 12 15 68 64 40 405 114 552
internal_value=0.000580354 0.0644559 -0.00712765 0.0485081 0.0115372 0.0743108 0.16093 0.0656624 -0.0388387 0.00537748 0.106765 0.180142 0.141409 -0.0416531 -0.0339396 0.00267637 -0.0410451
internal_weight=221.989 84.8359 48.8173 20.1214 17.3108 8.24561 36.0186 6.63388 137.153 7.64854 2.34691 29.3847 14.2064 129.505 59.0993 9.08346 50.0159
internal_count=3776 1170 870 304 284 114 300 84 2606 124 27 216 132 2482 1111 154 957
is_linear=0
shrinkage=0.05


Tree=49
num_leaves=17
num_cat=0
split_feature=12 2 0 2 1 12 8 8 12 10 0 2 12 0 2 12
split_gain=152.85 122.505 147.196 52.8898 141.756 27.3001 37.5965 6.54313 6.02186 5.1189 21.0964 72.0688 4.67524 3.02474 29.5726 2.33801
threshold=0.51867358839240796 1.0000000180025095e-35 0.2820788937010355 -0.20043766062907589 0.10276952604429879 0.59254898562491809 0.92229536600938122 -0.69586755156635516 0.59966272301163759 0.5840239497523928 0.17267619601207893 -0.21705641714407622 0.52522837413841172 0.35718797393111279 -0.032297829533450409 0.5977455797227319
decision_type=2 2 2 2 2 2 2 2 2 2 2 2 2 2 2 2
left_child=9 2 3 4 5 6 -2 8 -7 -1 11 -11 -8 14 -12 -9
right_child=1 -3 -4 -5 -6 7 12 15 -10 10 13 -13 -14 -15 -16 -17
leaf_value=-0.047264784245341203 -0.043450114371723733 -0.047704922927871179 0.19750109050047662 -0.046292080919481365 0.19722774750669925 -0.019899646412387631 -0.010465384022133593 0 0.11169704366944939 -0.044389194904881725 -0.044462187181407535 0.20022125495538876 0.084925500858767058 -0.048062741745598984 0.20167869873473199 -0.046164831804180399
leaf_weight=71.773573528975248 7.799437019973996 30.159149538725615 17.20825619995594 14.805234335362909 13.541740991175173 1.1583727598190336 0.76656518131494777 2.8004764541983631 1.0403778217732904 9.4880255460739118 9.4722530879080278 3.7759481817483893 21.127371624112129 37.999703839421272 0.8777180016040792 14.983181208372114
leaf_count=1203 127 507 94 244 75 16 11 40 13 158 154 22 222 634 7 249
internal_value=-0.00039002 0.039066 0.0669127 0.0367183 0.056762 0.0163886 0.0467933 -0.0276109 0.042262 -0.0376746 -0.0258101 0.0281732 0.0803101 -0.0412681 -0.0129523 -0.0385367
internal_weight=258.777 125.39 95.231 78.0228 63.2175 49.6758 29.6934 19.9824 2.19875 133.387 61.6136 13.264 21.8939 48.3497 10.35 17.7837
internal_count=3776 1598 1091 997 753 678 360 318 29 2178 975 180 233 795 161 289
is_linear=0
shrinkage=0.05


Tree=50
num_leaves=15
num_cat=0
split_feature=11 1 0 3 0 0 9 12 12 12 12 0 12 12
split_gain=124.598 149.618 162.078 69.4546 67.7219 214.786 55.9217 79.7433 18.8238 11.6036 10.8471 3.18247 1.36441 0.946365
threshold=1.0000000180025095e-35 0.47159944514707869 0.78148905877792607 -0.66424931259461528 0.7151964851157272 0.54174446030130219 1.0000000180025095e-35 0.5933076612926611 0.52224063827897504 0.60320364830070361 0.60127115105159834 0.62958762513176447 0.46001839043035836 0.59187001302735387
decision_type=2 2 2 2 2 2 2 2 2 2 2 2 2 2
left_child=-1 3 4 6 5 -3 7 13 12 10 -9 -7 -8 -2
right_child=1 2 -4 -5 -6 11 8 9 -10 -11 -12 -13 -14 -15
leaf_value=-0.047271711621634231 -0.047676651949638785 0.19596067079140392 -0.046956721540789531 -0.048663712503054388 0.20033772205214129 -0.046803594877759994 0.21436258610309988 0.063005698902372759 -0.021644625560078644 -0.018802482046901065 0.1831029840699577 0.030838491162435169 0.11211438970269327 0
leaf_weight=90.395451616495848 24.627379294484857 18.840665772557259 18.57488601654768 60.214820940047503 18.388709798455238 17.434483528137211 3.0261047780513746 5.6036544367670995 1.2660634592175473 1.1071697324514378 4.7551887631416321 0.69226962327957053 5.5175385773181915 0.92338887602090736
leaf_count=1456 377 99 292 966 104 273 20 61 18 16 33 7 41 13
internal_value=0.0004194 0.0244434 0.078943 -0.0131577 0.121679 0.0797327 0.0320034 0.00259391 0.135047 0.110027 0.126331 -0.041748 0.160944 -0.045844
internal_weight=271.368 180.972 73.931 107.041 55.3561 36.9674 46.8265 37.0168 9.80971 11.466 10.3588 18.1268 8.54364 25.5508
internal_count=3776 2320 775 1545 483 379 579 500 79 110 94 280 61 390
is_linear=0
shrinkage=0.05


Tree=51
num_leaves=18
num_cat=0
split_feature=12 0 0 5 12 8 7 12 0 1 12 12 2 0 0 2 12
split_gain=206.284 202.464 96.626 42.0422 41.2607 19.8428 18.8385 9.02016 7.88241 93.5041 7.30463 8.41449 6.8002 90.2102 27.3544 30.1835 0.20013
threshold=0.54743827496323794 0.25512975705573732 1.0000000180025095e-35 0.33321393470889754 0.60081632847283217 0.92229536600938122 -0.63353104043443242 0.55879927286681419 0.19094406915424447 0.10276952604429879 0.55631271787556402 0.57949762608717015 -0.17304911028466766 1.0000000180025095e-35 0.16547813537603231 -0.1766015278065485 0.56027857368169565
decision_type=2 2 2 2 2 2 2 2 2 2 2 2 2 2 2 2 2
left_child=12 2 4 8 6 -6 10 -8 9 -4 -2 16 13 -1 -15 -16 -12
right_child=1 -3 3 -5 5 -7 7 -9 -10 -11 11 -13 -14 14 15 -17 -18
leaf_value=-0.04793673723777786 0 -0.048029977313622317 0.19792864105037988 -0.0329643868680723 0.14001377037243459 -0.046201136034972168 0.092179045994507908 -0.039575682631692685 0.19700419359899188 -0.04092809773071842 0.04161275759826473 0.069703563148179354 -0.048756116076014384 0.19511925265029179 -0.039376743818828476 0.18760955191984729 0.15636973923963404
leaf_weight=65.933331035077572 1.4057346582412744 35.345505814999342 13.677841663360597 2.5080099850893012 1.0612710341811151 13.268315978348255 1.2449149936437631 4.4412285871803761 17.217092633247375 5.3286345601081839 1.1207262277603165 13.110111117362974 73.937059175223112 4.4523842632770521 4.327616099268198 1.5625164806842802 6.9602433666586876
leaf_count=1072 15 578 73 40 10 199 13 68 91 86 12 137 1207 26 66 10 73
internal_value=0.00110209 0.0509465 0.0942897 0.151251 0.0407823 -0.0264682 0.0755914 -0.0015693 0.164962 0.130349 0.0957037 0.10293 -0.0374931 -0.0260035 0.107277 0.0268933 0.14672
internal_weight=266.903 116.69 81.3441 38.7316 42.6125 14.3296 28.283 5.68614 36.2236 19.0065 22.5968 21.1911 150.213 76.2758 10.3425 5.89013 8.08097
internal_count=3776 1395 817 290 527 209 318 81 250 159 237 222 2381 1174 102 76 85
is_linear=0
shrinkage=0.05


Tree=52
num_leaves=5
num_cat=0
split_feature=12 12 4 12
split_gain=374.177 544.786 4.23852 0.697838
threshold=-0.4721624026331433 -0.71117960341215991 0.789493546422254 -0.68330777695260547
decision_type=2 2 2 2
left_child=1 2 -1 -3
right_child=-2 3 -4 -5
leaf_value=-0.046099713390649222 -0.048984518050551137 0.050721746028246251 0.022766571980931929 0.19393535328887915
leaf_weight=46.814335443079472 158.08852120116353 0.98277434706687827 1.5617008060216893 48.005025804042816
leaf_count=802 2681 12 22 259
internal_value=-0.00144782 0.0753374 -0.0431549 0.192109
internal_weight=255.452 97.3638 48.376 48.9878
internal_count=3776 1095 824 271
is_linear=0
shrinkage=0.05


Tree=53
num_leaves=10
num_cat=0
split_feature=2 0 11 12 9 12 12 3 7
split_gain=247.869 498.05 47.4307 53.204 34.9768 12.8495 12.8072 2.89033 0.671586
threshold=-0.36786508282093527 -0.74900640794044093 1.0000000180025095e-35 0.56557151287986196 1.0000000180025095e-35 0.39018893724194764 0.53833304543325322 -1.085554240076718 -0.62047307571279608
decision_type=2 2 2 2 2 2 2 2 2
left_child=1 2 -1 4 5 -4 8 -5 -7
right_child=-2 -3 3 7 -6 6 -8 -9 -10
leaf_value=-0.047330196294470057 -0.048999186590145856 0.20167844460875095 -0.02537388432861697 -0.046730981625513097 -0.041889407861579603 0.13518771255492421 0.027916020823936929 0.021189720881919883 0.042692077201103525
leaf_weight=48.787773907184601 131.47130290418863 37.157079830765724 1.5455580502748549 17.352993641048673 5.3203039243817321 13.643528714776044 5.2292304635047904 0.90546952560543914 1.6360223591327621
leaf_count=813 2177 197 23 276 67 128 64 13 18
internal_value=-0.000442895 0.0478866 -0.0131147 0.0230407 0.0669945 0.094716 0.105345 -0.0415549 0.128535
internal_weight=263.049 131.578 94.4209 45.6331 27.3746 22.0543 20.5088 18.2585 15.2796
internal_count=3776 1599 1402 589 300 233 210 289 146
is_linear=0
shrinkage=0.05


Tree=54
num_leaves=4
num_cat=0
split_feature=1 12 12
split_gain=683.072 76.6109 230.833
threshold=1.6642453428267103 -0.71117960341215991 -0.73724058808881787
decision_type=2 2 2
left_child=1 2 -1
right_child=-2 -3 -4
leaf_value=-0.046530988735186074 0.19704679070928238 -0.049136023710477338 0.19522495306606491
leaf_weight=34.274293538182974 36.645421523600817 179.6805676408112 13.260503545403479
leaf_count=565 195 2944 72
internal_value=-0.00166689 -0.0341876 0.0217199
internal_weight=263.861 227.215 47.5348
internal_count=3776 3581 637
is_linear=0
shrinkage=0.05


Tree=55
num_leaves=6
num_cat=0
split_feature=12 11 0 12 7
split_gain=648.955 286.381 76.7066 0.672629 0.0155548
threshold=-0.75431068484562347 -1.6990170119783667 2.0675857772543753 -0.73724058808881787 2.3075635331673801
decision_type=2 2 2 2 2
left_child=1 -1 -3 4 -2
right_child=3 2 -4 -5 -6
leaf_value=-0.046604786676278966 -0.0058452610247262263 0.19752290810716808 -0.036774702332826904 -0.049118676696577143 0
leaf_weight=17.681540191173553 0.638138998299836 51.49318528175354 3.400918271392583 189.55189805850387 0.66570551320910454
leaf_count=296 10 271 54 3135 10
internal_value=-0.000363085 0.126294 0.182355 -0.0488612 0
internal_weight=263.431 72.5756 54.8941 190.856 1.30384
internal_count=3776 621 325 3155 20
is_linear=0
shrinkage=0.05


Tree=56
num_leaves=2
num_cat=0
split_feature=11
split_gain=897.908
threshold=-1.6990170119783667
decision_type=2
left_child=-1
right_child=-2
leaf_value=0.16129869007524122 -0.049348863934340598
leaf_weight=64.952889800071716 222.24247978627682
leaf_count=296 3480
internal_value=-0.00142381
internal_weight=287.195
internal_count=3776
is_linear=0
shrinkage=0.05


Tree=57
num_leaves=14
num_cat=0
split_feature=0 12 12 9 11 12 12 12 7 12 12 0 0
split_gain=225.747 248.729 47.7574 30.5856 51.2906 30.6819 14.1206 4.96693 4.50676 7.02486 2.22809 1.83914 83.354
threshold=0.72316576653420739 -0.4721624026331433 0.59019890755804294 1.0000000180025095e-35 1.0000000180025095e-35 0.46001839043035836 0.57335517274221937 0.60243570758956133 0.29222778314235881 0.59019890755804294 0.47606075208079107 0.83475358977339231 0.98038801627882211
decision_type=2 2 2 2 2 2 2 2 2 2 2 2 2
left_child=3 -2 11 4 -1 -6 10 8 9 -8 -7 -3 -13
right_child=1 2 -4 -5 5 6 7 -9 -10 -11 -12 12 -14
leaf_value=-0.046730591624786467 -0.047363358162291744 0.17538602591755181 -0.035977858557729607 -0.048685668595634786 0.10668195869509155 0.011070913229291207 -0.0010353436443643514 -0.029897480550479246 0.13892728287035422 0.060388780220783825 -0.04494391702422848 -0.043178794043021586 0.1740379399621059
leaf_weight=40.322089813649654 27.45083536580205 19.937034413218498 3.2302976995706549 99.610013369470835 9.9084154367446882 1.1204064711928392 7.6464195549488165 2.032768052071332 0.81183601915836234 8.9183443374931795 9.9649137631058675 5.1315217018127468 20.869086146354675
leaf_count=712 490 101 55 1758 98 13 104 32 8 101 151 51 102
internal_value=0.000273729 0.0719953 0.138943 -0.0301751 -0.00686721 0.03239 0.00611265 0.0322388 0.0415391 0.0313704 -0.0368911 0.152037 0.130219
internal_weight=256.954 76.6188 49.1679 180.335 80.7252 40.4031 30.4947 19.4094 17.3766 16.5648 11.0853 45.9376 26.0006
internal_count=3776 799 309 2977 1219 507 409 245 213 205 164 254 153
is_linear=0
shrinkage=0.05


Tree=58
num_leaves=18
num_cat=0
split_feature=12 0 0 0 2 12 3 4 12 12 0 8 10 2 0 12 12
split_gain=99.2248 45.8505 160.014 58.5886 150.116 22.6692 30.0187 13.8019 10.485 9.95447 9.05812 6.21386 1.48725 2.41221 19.8954 0.263757 0.0537119
threshold=0.44918603125127027 0.54976403872733248 0.54174446030130219 0.20898392919551664 -0.21442004455277267 0.59727633469042185 -0.83082856789777615 0.81231804290108667 0.54743827496323794 0.45663520103908223 0.54804276335784297 -0.068416624343110549 0.83229470601607602 -0.17521201269765782 0.18356046844590226 0.44166596274541242 0.44599909044656694
decision_type=2 2 2 2 2 2 2 2 2 2 2 2 2 2 2 2 2
left_child=7 2 3 4 5 6 8 12 -2 11 -9 -3 15 14 -14 -1 -17
right_child=1 9 -4 -5 -6 -7 -8 10 -10 -11 -12 -13 13 -15 -16 16 -18
leaf_value=-0.044541294381696815 0.081068444635923123 -0.012582298817897693 0.17190869705965448 -0.047394891888519218 0.16388575902372141 -0.046728687660058298 -0.045299622430325225 0.10250445816080762 0.020058674622891678 -0.046970354671257437 -0.027488099727334122 0.13352793423328979 -0.03928791106910131 -0.040793674758058597 0.18134084424955288 0 -0.010307207001295835
leaf_weight=85.611357800662518 12.033829800784586 0.85480580851435661 18.543979365378618 27.769141558557749 17.390554942190647 18.076730277389288 12.394616514444349 2.3908856138586989 20.71204087510705 21.785212770104408 1.7548861168324945 0.8331190869212175 4.4771590568125248 5.2555596120655519 0.7796003222465514 0.75345518440008052 0.77274419367313385
leaf_count=1520 150 15 98 494 89 302 221 25 252 383 28 6 77 86 6 11 13
internal_value=0.000272284 0.0261417 0.0381053 0.0142968 0.0360188 0 0.0187873 -0.0376441 0.0441133 -0.036949 0.0450616 0.062142 -0.0416218 -0.0180061 0.00199793 -0.0440666 -0.000679208
internal_weight=252.19 150.394 126.921 108.377 80.6078 63.2172 45.1405 101.796 32.7459 23.4731 4.14577 1.68792 97.6499 10.5123 5.25676 87.1376 1.5262
internal_count=3776 2010 1606 1508 1014 925 623 1766 402 404 53 21 1713 169 83 1544 24
is_linear=0
shrinkage=0.05


Tree=59
num_leaves=5
num_cat=0
split_feature=12 9 11 12
split_gain=397.647 140.028 123.464 251.699
threshold=0.60915826354272673 1.0000000180025095e-35 1.0000000180025095e-35 -0.61019242347065372
decision_type=2 2 2 2
left_child=1 2 3 -1
right_child=-2 -3 -4 -5
leaf_value=-0.04742236889594071 0.16236093088700701 -0.049109526103680572 -0.048089937264271757 0.16171608201010343
leaf_weight=24.554136127233505 33.281392723321915 156.60597693920135 32.582442592829466 33.162891894578934
leaf_count=403 154 2556 507 156
internal_value=0.00136861 -0.0205154 0.0287972 0.0726713
internal_weight=280.187 246.905 90.2995 57.717
internal_count=3776 3622 1066 559
is_linear=0
shrinkage=0.05


Tree=60
num_leaves=28
num_cat=0
split_feature=12 2 1 2 0 7 9 12 11 2 12 3 10 0 0 12 12 12 8 12 7 4 0 0 12 12 12
split_gain=115.904 68.0168 124.579 89.7054 125.659 39.45 24.2899 22.4457 43.4875 11.526 10.8416 8.1608 5.68647 8.00743 13.2936 5.52046 5.15193 3.91392 2.44958 1.27826 1.20321 1.10608 1.08186 2.00748 0.329283 0.283198 0.358265
threshold=0.44166596274541242 -0.13375932129707455 0.35076043412218127 0.21551188980694555 0.7151964851157272 -0.80141915828404298 1.0000000180025095e-35 0.58565604644136637 1.0000000180025095e-35 0.40498458966965661 0.54503304013448128 -0.40073418630715085 0.83229470601607602 0.25512975705573732 0.35432663305715634 0.60320364830070361 0.60022009859455372 0.46394416796762433 -0.59679635253110608 0.58143795816865362 1.1444719611759118 1.337281461914243 0.62351174661972253 0.622770704041819 0.58326012850488096 0.41368813275476535 0.41615091738989435
decision_type=2 2 2 2 2 2 2 2 2 2 2 2 2 2 2 2 2 2 2 2 2 2 2 2 2 2 2
left_child=12 5 -3 -4 22 6 7 19 -9 -6 11 17 21 -14 -15 16 -10 -8 -16 -2 -7 25 23 -5 -21 -1 -27
right_child=1 2 3 4 9 20 10 8 15 -11 -12 -13 13 14 18 -17 -18 -19 -20 24 -22 -23 -24 -25 -26 26 -28
leaf_value=-0.047432261948880186 -0.045829990661006209 0.16488393547249214 -0.04759179230115948 0.0032263269943490231 0.085233001603268868 -0.047794941234359241 0.012431520787585455 -0.043916312613967015 0.08891147849817381 -0.045779264441800596 -0.020653370745077157 -0.007920492849853902 -0.042403405168285113 0.15606935687954288 -0.034711512740621023 0.17019385797884515 0 0.15418359178524754 0.036443585318969192 0.013017566399158437 0 0 0.16936225221811965 0.1141401423834677 -0.018670449135089466 0 -0.027433681437787502
leaf_weight=82.650385964661837 12.746002648025749 20.32799781113863 25.609807729721069 1.3223232030868559 1.3237500824034203 33.113512650132179 1.0622517466545103 8.8392287604510784 8.0257833302021009 13.756331000477074 1.1336954981088636 0.69026949256658365 6.6856342293322069 1.1662454232573507 2.8264014683663841 2.3549395948648462 2.5897336453199378 5.5220078825950623 1.2207643389701845 1.0809877961874002 0.68656697124242683 0.72380612418055434 16.307267308235168 0.96087057888507832 1.0930002853274343 0.87262799590825935 6.2903956696391106
leaf_count=1431 199 97 432 18 13 567 10 153 79 236 12 10 113 8 44 13 36 44 15 14 10 10 78 5 15 13 101
internal_value=0.000126569 0.0269763 0.0594636 0.0218187 0.0752677 -0.00564016 0.0244913 0.00572084 0.0382888 -0.030308 0.0987567 0.120713 -0.0411166 -0.00583909 0.0362824 0.0957172 0.0700338 0.137335 -0.0061035 -0.0399628 -0.0463782 -0.0454209 0.160768 0.071006 0 -0.045937 -0.0234526
internal_weight=260.983 158.546 79.6083 59.2803 33.6705 78.938 45.1379 36.7297 21.8097 15.0801 8.40822 7.27453 102.436 11.899 5.21341 12.9705 10.6155 6.58426 4.04717 14.92 33.8001 90.5372 18.5905 2.28319 2.17399 89.8134 7.16302
internal_count=3776 2041 879 782 350 1162 585 509 281 249 76 64 1735 180 67 128 115 54 59 228 577 1555 101 23 29 1545 114
is_linear=0
shrinkage=0.05


Tree=61
num_leaves=15
num_cat=0
split_feature=1 1 12 11 9 12 5 0 12 12 7 12 2 12
split_gain=112.367 323.646 49.3353 20.0212 49.7073 37.05 15.5645 13.318 6.54842 10.0388 5.56577 5.18545 65.6897 0.632426
threshold=0.47159944514707869 0.21264593328670955 0.59427929929418977 1.0000000180025095e-35 1.0000000180025095e-35 0.47850697320563612 -0.036729314726281971 0.25512975705573732 0.59310630568102207 0.5548702868609241 -0.48853675683704173 0.51867358839240796 1.0000000180025095e-35 0.40839673818437422
decision_type=2 2 2 2 2 2 2 2 2 2 2 2 2 2
left_child=1 3 6 -1 5 13 7 -3 9 -7 -11 -8 -13 -5
right_child=-2 2 -4 4 -6 8 11 -9 -10 10 -12 12 -14 -15
leaf_value=-0.047077873913830316 -0.048538555519916329 0.12608421146159313 -0.038205466979314054 0.12264562975447002 -0.047872490635240655 -0.041260454659478529 0.16227144996190462 -0.03341284594305257 -0.042498437909752593 0.017686466746494028 0.10369127554530806 -0.040015146639252021 0.16350264285319083 0.067188852255928133
leaf_weight=47.420269574970007 77.878228057175875 1.6608452461659897 3.9971141442656508 6.2663416415452939 36.554649602621794 5.5290206335485044 28.381555557250977 2.558466337621212 6.7738589458167544 13.459499157965185 2.0695822536945299 4.8898219019174602 14.710496202111242 7.0606738924980164
leaf_count=841 1375 9 69 44 640 88 141 40 114 173 19 85 69 69
internal_value=0.00140707 0.0230696 0.12225 -0.0215832 -0.00550535 0.0316452 0.135257 0.0307792 -0.000690044 0.0122728 0.033585 0.143516 0.111754 0.0985647
internal_weight=259.21 181.332 56.1983 125.134 77.7136 41.159 52.2012 4.21931 27.832 21.0581 15.5291 47.9819 19.6003 13.327
internal_count=3776 2401 413 1988 1147 507 344 49 394 280 192 295 154 113
is_linear=0
shrinkage=0.05


Tree=62
num_leaves=18
num_cat=0
split_feature=1 12 12 2 1 0 4 0 8 7 12 12 12 4 0 0 3
split_gain=199.796 182.697 40.6217 39.1817 22.876 54.9896 13.9969 25.3827 6.94682 14.4618 6.53971 1.28258 6.40969 12.9009 1.1454 49.2844 0.206761
threshold=0.54800291430058057 0.5273520014835984 -0.4721624026331433 0.21551188980694555 0.96861906489297811 0.98038801627882211 0.789493546422254 0.96896724243113208 -0.71237941807223015 0.4313714202086269 0.53362329794251728 0.53833304543325322 0.55879927286681419 0.37865260980326221 0.622770704041819 0.95578048476279687 -1.1199937158875974
decision_type=2 2 2 2 2 2 2 2 2 2 2 2 2 2 2 2 2
left_child=8 2 -2 -4 -5 -6 14 -8 9 -1 -11 -10 13 -13 -3 -16 -14
right_child=1 6 3 4 5 -7 7 -9 11 10 -12 12 16 -15 15 -17 -18
leaf_value=-0.040177313500778876 -0.046914907190926676 0.17279459222914775 0.18983379160510272 -0.043495945546231742 0.2000465560663888 -0.03968479017966841 -0.035425555427254271 0.14263384693059933 -0.047268493145976517 -0.0071603048244809932 0.13480138799146205 0.074873355835959693 -0.030295454450249462 -0.040624214014890657 -0.036154319004537014 0.168147252596587 -0.046939411834900212
leaf_weight=5.1259750314056864 27.098392326384783 17.361262172460556 3.3488719090819385 8.6472530327737349 3.7761240154504758 4.8316782005131245 3.192217029631137 3.6936020180583 66.632618241012096 0.68027174472808871 1.896222375333309 3.4778035506606084 20.963205646723509 5.5738697238266468 3.402542006224393 12.150448985397814 26.679804738610983
leaf_count=97 566 84 20 170 22 92 64 20 1371 12 15 40 405 114 68 64 552
internal_value=0.000624913 0.0590503 -0.00660054 0.0450918 0.0110374 0.0679458 0.137462 0.0598919 -0.0382779 0.00469693 0.0941211 -0.041172 -0.0332191 0.00273097 0.151803 0.122161 -0.040526
internal_weight=218.532 87.5024 47.7023 20.6039 17.2551 8.6078 39.8001 6.88582 131.03 7.70247 2.57649 123.327 56.6947 9.05167 32.9143 15.553 47.643
internal_count=3776 1170 870 304 284 114 300 84 2606 124 27 2482 1111 154 216 132 957
is_linear=0
shrinkage=0.05


Tree=63
num_leaves=17
num_cat=0
split_feature=12 2 2 1 1 12 7 7 3 10 0 2 12 12 0 2
split_gain=137.571 105.425 107.482 45.9144 106.015 23.5823 31.0993 6.38497 7.30172 5.08492 19.7409 57.6987 4.23413 3.52934 3.04241 25.2325
threshold=0.51867358839240796 1.0000000180025095e-35 -0.10547446971294337 0.18345442400987402 0.10276952604429879 0.58871998439677375 -0.8645043904457147 0.29222778314235881 0.046501228798598762 0.5840239497523928 0.17267619601207893 -0.21705641714407622 0.52522837413841172 0.5977455797227319 0.35718797393111279 -0.032297829533450409
decision_type=2 2 2 2 2 2 2 2 2 2 2 2 2 2 2 2
left_child=9 2 3 4 5 6 12 13 -9 -1 11 -11 -2 -7 15 -12
right_child=1 -3 -4 -5 -6 7 -8 8 -10 10 14 -13 -14 -15 -16 -17
leaf_value=-0.046975888093717812 -0.010387797209586212 -0.047438209398087232 0.16484719014985444 -0.045782994772441667 0.16483371397382354 0 -0.042536727687877668 0.13284875180540895 -0.018988491208280885 -0.043957056378313958 -0.044088394675472986 0.16758864735028553 0.079496049693979803 -0.045709749903792514 -0.047818631172764525 0.17283185744436025
leaf_weight=67.924477878957987 0.76424121111632004 28.506900604814291 19.45597916841507 14.089881233870981 15.31460554897785 5.9721971377730432 6.8946157433092585 0.85818235203623672 1.1141496896743772 8.9816912859678251 9.0330899171531183 4.332927629351615 20.779611684381962 13.819693397730587 35.959682714194059 1.0437105149030674
leaf_count=1203 11 507 92 248 73 81 119 9 16 158 154 22 198 244 634 7
internal_value=-0.000317814 0.0362063 0.0606447 0.0339956 0.0517479 0.0154721 0.0454056 -0.0226594 0.0504716 -0.0371205 -0.0251255 0.0266498 0.0750101 -0.0322432 -0.0407626 -0.0121489
internal_weight=254.846 127.57 99.0632 79.6072 65.5173 50.2027 28.4385 21.7642 1.97233 127.276 59.3511 13.3146 21.5439 19.7919 46.0365 10.0768
internal_count=3776 1598 1091 999 751 678 328 350 25 2178 975 180 209 325 795 161
is_linear=0
shrinkage=0.05


Tree=64
num_leaves=14
num_cat=0
split_feature=11 1 2 2 5 9 1 0 7 7 7 7 5
split_gain=114.034 125.558 133.329 64.2836 48.6447 43.5084 31.8633 139.193 6.64841 21.7349 2.50138 1.48065 0.556788
threshold=1.0000000180025095e-35 0.47159944514707869 0.43488250302248771 -0.81737914111936494 0.48883909973571577 1.0000000180025095e-35 0.70335825560759146 0.54174446030130219 -0.17709581902814314 0.1893751129647944 -0.81295086738886468 -0.71035257314743605 0.60800351181339385
decision_type=2 2 2 2 2 2 2 2 2 2 2 2 2
left_child=-1 3 4 5 6 8 7 -3 11 -10 -7 -2 -6
right_child=1 2 -4 -5 12 10 -8 -9 9 -11 -12 -13 -14
leaf_value=-0.04695734794999136 0 0.16356776487964209 -0.046672942967213062 -0.048429099549347043 0 0.13445302462687053 0.17135796411790655 -0.045447526834822422 0.21449675366635246 -0.028980272890161946 0.050750608361428695 -0.035272332178119585 -0.039221537917977244
leaf_weight=85.413681492209435 31.276345364749428 21.056577131152153 17.839605569839478 56.895809095352888 0.87020315602421661 7.6743346154689789 20.847951248288155 12.100329123437403 0.99863032251596395 1.7458068989217279 3.2603354230523092 2.7659946903586414 4.3226413689553738
leaf_count=1456 432 98 296 966 12 57 100 200 8 21 24 37 69
internal_value=0.000432943 0.0229208 0.0711948 -0.0125587 0.107227 0.029748 0.1213 0.0870046 0.00253677 0.071312 0.114993 -0.003236 -0.0325372
internal_weight=267.068 181.655 77.0373 104.617 59.1977 47.7214 54.0049 33.1569 36.7868 2.74444 10.9347 34.0423 5.19284
internal_count=3776 2320 775 1545 479 579 398 298 498 29 81 469 81
is_linear=0
shrinkage=0.05


Tree=65
num_leaves=19
num_cat=0
split_feature=12 0 0 12 5 0 12 7 7 2 0 5 2 0 0 1 12 3
split_gain=184.493 169.857 70.728 34.6319 31.6997 13.1968 15.7927 8.11253 20.9532 6.75894 80.1206 19.6836 5.49863 16.5415 3.92851 69.4594 2.17831 0.355477
threshold=0.54743827496323794 0.25512975705573732 1.0000000180025095e-35 0.60774134895723775 0.33321393470889754 -0.2483108748928278 0.57949762608717015 -0.4962528268998268 -0.71035257314743605 -0.17304911028466766 1.0000000180025095e-35 0.020185031340668711 -0.27655223768814235 0.19094406915424447 0.19094406915424447 0.10276952604429879 0.5536206623636778 0.11604416718285417
decision_type=2 2 2 2 2 2 2 2 2 2 2 2 2 2 2 2 2 2
left_child=9 2 3 5 14 6 16 8 -8 10 -1 12 -12 17 15 -4 -2 -14
right_child=1 -3 4 -5 -6 -7 7 -9 -10 -11 11 -13 13 -15 -16 -17 -18 -19
leaf_value=-0.047674521690249154 0.012355003463802035 -0.047767429024081903 0.16518102822790015 -0.044241500372378464 -0.032280921689830974 -0.034434340013457639 0.031085315170041629 -0.03305675326442082 0.20345025261428337 -0.048535966397799044 0.16689321044805391 -0.029906727664414046 0 0.15999257627100549 0.1644721285217349 -0.040366845439944177 0.12632628387601089 -0.027500010276755495
leaf_weight=62.411936197429895 1.0745090767741192 33.393603466451168 15.484125360846521 9.323990657925604 2.4080472849309436 2.6716497763991383 16.455381326377395 2.4853396601974991 1.6335976272821415 69.891037005931139 4.779486119747161 2.0418704301118842 0.69900055974721853 1.8039031773805616 19.455816477537155 5.0637712813913813 10.149749673902987 1.7302611507475374
leaf_count=1072 11 578 73 159 40 38 173 37 11 1207 24 33 9 10 91 86 98 26
internal_value=0.00114989 0.0469892 0.0840472 0.0380053 0.130011 0.0612819 0.0705064 0.0409246 0.0530499 -0.0369494 -0.0253351 0.0952313 0.126292 0.0623813 0.140675 0.113583 0.11854 -0.0165047
internal_weight=262.957 119.6 86.206 43.7942 42.4118 34.4702 31.7986 20.5743 18.089 143.357 73.4665 11.0545 9.01265 4.23316 40.0037 20.5479 11.2243 2.42926
internal_count=3776 1395 817 527 290 368 330 221 184 2381 1174 102 69 45 250 159 109 35
is_linear=0
shrinkage=0.05


Tree=66
num_leaves=8
num_cat=0
split_feature=12 12 4 12 9 12 12
split_gain=331.967 416.189 4.1596 1.6186 1.34902 0.251934 2.10037
threshold=-0.4721624026331433 -0.71117960341215991 0.789493546422254 -0.78463479832040861 1.0000000180025095e-35 -0.72166332319269699 -0.72094877373613842
decision_type=2 2 2 2 2 2 2
left_child=1 2 5 -4 -3 -1 -7
right_child=-2 4 3 -5 -6 6 -8
leaf_value=-0.047860757498413731 -0.048797568152897576 0.10990844795484669 -0.0089776912119100185 0.06059037573871412 0.16697154909603484 0.03247968766365518 -0.036733528531270827
leaf_weight=39.999549716711044 149.65126750990748 8.2115157768130285 0.71814626455307007 0.85623794794082531 47.10923794656992 0.72027692571282376 3.5030779242515555
leaf_count=726 2681 40 10 12 231 13 63
internal_value=-0.00147122 0.0682196 -0.0426486 0.0222904 0.16001 -0.0457428 -0.017448
internal_weight=250.769 101.118 45.7973 1.57438 55.3208 44.2229 4.22335
internal_count=3776 1095 824 22 271 802 76
is_linear=0
shrinkage=0.05


Tree=67
num_leaves=10
num_cat=0
split_feature=2 0 11 12 9 12 12 3 12
split_gain=223.536 379.88 43.8832 45.8186 28.4203 10.2751 8.89386 2.81833 0.0570589
threshold=-0.36786508282093527 -0.74900640794044093 1.0000000180025095e-35 0.56557151287986196 1.0000000180025095e-35 0.39018893724194764 0.53176385470940313 -1.085554240076718 0.55166913891523539
decision_type=2 2 2 2 2 2 2 2 2
left_child=1 2 -1 4 5 -4 -7 -5 -8
right_child=-2 -3 3 7 -6 6 8 -9 -10
leaf_value=-0.047029417056726391 -0.048796370463570812 0.16768826674182166 -0.024877260303477762 -0.046452611670183309 -0.041327820692764042 0.11124323302358224 0.041118134839600896 0.020152425217928625 0.0081558998688718368
leaf_weight=46.053153105080128 124.21349771693349 42.071629837155342 1.5100364312529624 16.572611037641767 5.0836986787617198 16.241249799728397 3.2832122445106497 0.9249739870429029 2.9222070947289467
leaf_count=813 2177 197 23 276 67 138 34 13 38
internal_value=-0.000425896 0.0440217 -0.0125003 0.0212744 0.0597505 0.0826283 0.0913344 -0.0410805 0.0310897
internal_weight=258.876 134.663 92.5911 46.538 29.0404 23.9567 22.4467 17.4976 6.20542
internal_count=3776 1599 1402 589 300 233 210 289 72
is_linear=0
shrinkage=0.05


Tree=68
num_leaves=4
num_cat=0
split_feature=2 12 12
split_gain=553.54 71.0713 181.251
threshold=1.9847502597766287 -0.71117960341215991 -0.73724058808881787
decision_type=2 2 2
left_child=1 2 -1
right_child=-2 -3 -4
leaf_value=-0.046166420657727025 0.16412703963459876 -0.048943004125386096 0.16175586066089345
leaf_weight=32.265788871794939 41.626363880932331 170.06670827791095 14.871173977851866
leaf_count=564 197 2944 71
internal_value=-0.00167845 -0.0338733 0.0199152
internal_weight=258.83 217.204 47.137
internal_count=3776 3579 635
is_linear=0
shrinkage=0.05


Tree=69
num_leaves=7
num_cat=0
split_feature=0 0 11 9 11 8
split_gain=418.213 157.72 37.1441 21.9764 37.2256 6.51383
threshold=1.002943429886807 2.0636402564398959 1.0000000180025095e-35 1.0000000180025095e-35 -1.6990170119783667 0.92229536600938122
decision_type=2 2 2 2 2 2
left_child=2 -2 3 4 -1 -6
right_child=1 -3 -4 -5 5 -7
leaf_value=-0.046265724214289011 0.1650549155974049 -0.044850915669900793 -0.048844343570552708 -0.047132571840017429 0.12320196882359161 0.035315188739110548
leaf_weight=16.680248439311981 43.186173334717751 10.803383786231278 133.13996639475226 20.507191453129053 2.2104893475770941 32.163589764386415
leaf_count=296 206 187 2318 353 11 405
internal_value=-0.000468485 0.122568 -0.0332604 -0.00378178 0.0134344 0.0433691
internal_weight=258.691 53.9896 204.701 71.5615 51.0543 34.3741
internal_count=3776 393 3383 1065 712 416
is_linear=0
shrinkage=0.05


Tree=70
num_leaves=2
num_cat=0
split_feature=12
split_gain=752.631
threshold=-1.8156556187114352
decision_type=2
left_child=-1
right_child=-2
leaf_value=0.1396794281012777 -0.049143941030885825
leaf_weight=70.155981108546257 207.97676325216889
leaf_count=295 3443
internal_value=-0.00126038
internal_weight=278.133
internal_count=3738
is_linear=0
shrinkage=0.05


Tree=71
num_leaves=17
num_cat=0
split_feature=2 12 12 9 11 12 12 12 12 7 7 12 1 1 3 12
split_gain=192.552 195.631 38.6661 30.2157 46.3574 15.6355 19.301 4.93535 2.68375 12.5281 2.63817 6.45882 0.320631 51.0232 5.12348 0.14086
threshold=0.43488250302248771 -0.4721624026331433 0.59019890755804294 1.0000000180025095e-35 1.0000000180025095e-35 0.47376359192175682 0.57335517274221937 0.60243570758956133 0.58326012850488096 -0.71035257314743605 -0.62047307571279608 0.40635600744934808 0.78644513517273473 0.97506663625505741 0.86624202299007624 0.57864084087383838
decision_type=2 2 2 2 2 2 2 2 2 2 2 2 2 2 2 2
left_child=3 -2 12 4 -1 10 -7 8 15 -10 11 -6 -3 14 -14 -8
right_child=1 2 -4 -5 5 6 7 -9 9 -11 -12 -13 13 -15 -16 -17
leaf_value=-0.046351605742915886 -0.047063441923753474 0.14931127744388814 -0.036003762126357412 -0.048476763570002718 0.021620865571584123 -0.04477107338070474 0.014268780018061825 -0.027341633295984193 0.081986344090962782 -0.032848384622847088 0 0.11897061594767613 0.054544577963513044 0.14779818362144032 -0.042110115657872343 0
leaf_weight=37.034787058830261 25.580971401184797 21.59851885586977 3.2691086605191222 93.871135339140892 3.5803425014018995 9.8587641231715697 2.5757750421762529 1.7461839169263829 10.753824502229692 2.3644058220088437 1.4739476516842831 6.2183018699288368 1.2594908624887491 21.927806869149208 4.4867029711604118 2.1189182475209236
leaf_count=692 485 99 58 1757 34 155 33 28 118 31 14 58 8 97 42 29
internal_value=9.45233e-05 0.0650216 0.119993 -0.0294225 -0.00592783 0.0303733 0.00973043 0.0388794 0.0473054 0.0590068 0.0794199 0.088604 0.131103 0.113607 -0.0142519 0.00726362
internal_weight=249.719 78.1226 52.5416 171.596 77.7253 40.6905 29.4179 19.5591 17.8129 13.1182 11.2726 9.79864 49.2725 27.674 5.74619 4.69469
internal_count=3738 789 304 2949 1192 500 394 239 211 149 106 92 246 147 50 62
is_linear=0
shrinkage=0.05


Tree=72
num_leaves=17
num_cat=0
split_feature=5 11 1 0 2 0 4 0 2 12 0 2 4 12 10 4
split_gain=122.456 47.5063 40.1439 78.7242 43.6588 109.662 23.8626 12.4684 13.5835 11.0051 4.45861 36.1955 3.8989 1.523 1.02164 0.770983
threshold=0.38657113414666383 1.0000000180025095e-35 0.54800291430058057 0.54174446030130219 -0.17675095215458189 0.17267619601207893 -1.1962376472362053 0.622770704041819 0.28518356855125621 0.45663520103908223 0.54174446030130219 -0.13691766632415683 0.789493546422254 -0.4721624026331433 0.83229470601607602 1.086212000647081
decision_type=2 2 2 2 2 2 2 2 2 2 2 2 2 2 2 2
left_child=1 12 3 4 5 6 9 10 -9 -3 11 -2 14 -14 -1 -15
right_child=7 2 -4 -5 -6 -7 -8 8 -10 -11 -12 -13 13 15 -16 -17
leaf_value=-0.046834369000172793 0.14389803416251942 -0.041505730211161045 -0.047293713775181899 0.15432069603786736 -0.047242372999300931 0.15372502211548419 -0.046580829255035858 0.12716001298277255 -0.035548380428821046 0.028213199392506844 0.14746337608955573 -0.037603677495459301 -0.023074346156323977 0.059133696517626823 -0.003535739039148199 0
leaf_weight=70.102198332548141 7.4005817770957973 5.8868535161018363 28.166705917567015 9.3107213228940946 27.689647153019905 13.209260877221821 20.029196482151747 1.4147920161485661 3.1285376884043217 39.402212426066399 10.53047178685665 3.6583825387060669 1.393817085772753 0.86424553394317516 2.7588758282363406 0.97116851806640625
leaf_count=1333 33 101 524 43 519 66 376 10 55 477 47 63 24 10 45 12
internal_value=0.000830347 -0.0113125 0.00546736 0.0186948 0.00590459 0.0251415 -0.00145232 0.10219 0.0177455 0.0182506 0.118025 0.0826638 -0.0431562 0.00342844 -0.0455709 0.0348906
internal_weight=245.918 219.785 143.695 115.528 106.217 78.5275 65.3183 26.1328 4.54333 45.2891 21.5894 11.059 76.0903 3.22923 72.8611 1.83541
internal_count=3738 3530 2106 1582 1539 1020 954 208 65 578 143 96 1424 46 1378 22
is_linear=0
shrinkage=0.05


Tree=73
num_leaves=4
num_cat=0
split_feature=9 11 12
split_gain=307.784 189.296 253.041
threshold=1.0000000180025095e-35 1.0000000180025095e-35 -0.61019242347065372
decision_type=2 2 2
left_child=1 2 -1
right_child=-2 -3 -4
leaf_value=-0.047124893154632613 -0.048920716102288903 -0.047850686699414981 0.14284655007898914
leaf_weight=23.044820636510849 147.3809002302587 30.751719124615192 67.991150990128517
leaf_count=399 2546 500 293
internal_value=-0.000299176 0.058295 0.0944894
internal_weight=269.169 121.788 91.036
internal_count=3738 1192 692
is_linear=0
shrinkage=0.05


Tree=74
num_leaves=26
num_cat=0
split_feature=12 2 2 0 0 7 9 12 11 12 3 4 4 12 11 1 1 3 3 5 12 4 12 12 12
split_gain=100.373 55.0932 94.7577 76.5138 112.164 35.7541 24.5264 20.0188 27.6904 10.3148 7.3367 5.88749 5.10593 4.44606 3.00094 5.96099 39.0269 2.65412 3.59099 1.87592 1.34093 0.853033 0.641768 0.485777 0.0773661
threshold=0.44599909044656694 -0.13375932129707455 -0.10547446971294337 0.622770704041819 0.7151964851157272 -0.80141915828404298 1.0000000180025095e-35 0.58143795816865362 1.0000000180025095e-35 0.55734034746501082 -0.40073418630715085 0.83514253937991956 0.83514253937991956 0.58829557400410915 1.0000000180025095e-35 0.27611122747241235 0.35076043412218127 0.56657788326451963 0.48852323899999578 0.10733512375568695 0.60774134895723775 0.4927750921974266 0.48986355760699651 0.60320364830070361 0.58496917061548426
decision_type=2 2 2 2 2 2 2 2 2 2 2 2 2 2 2 2 2 2 2 2 2 2 2 2 2
left_child=12 5 -3 21 -5 6 7 -2 -9 10 22 -6 14 24 -1 -16 -17 18 -18 -14 -7 -4 -8 -15 -10
right_child=1 2 3 4 11 20 9 8 13 -11 -12 -13 19 23 15 16 17 -19 -20 -21 -22 -23 -24 -25 -26
leaf_value=-0.046938489760771196 -0.045649650719012114 0.14244340608498038 0 0.14675800352351023 -0.045617937664586113 -0.047516939689924653 0.071558164651015069 -0.04293497093932281 0.016857020490075023 -0.021681363412307541 -0.0081479087685881399 0.059785816118311685 0 0.067024778628206536 -0.045837592360842255 0.21399059950118626 -0.024579573237328137 -0.044105268780767357 0.084298890749697694 0.073679354776209613 0 -0.047306635662014734 0.15592277323677223 0.13448792741110491 0
leaf_weight=69.320913247764111 12.62959376350045 21.650486677885056 0.99264978244900959 19.194283351302147 13.25495936721563 30.538789674639705 3.4812204614281645 7.6080194860696801 1.7370804473757755 1.1799059435725201 0.6957474946975698 0.84006375819444734 1.3746787905693048 10.010651372373102 13.992789383977653 1.3590209484100331 1.4863208010792726 9.2239752039313299 0.6167609579861163 0.7075897343456744 0.54887599125504394 23.773329302668571 4.0207498967647552 1.8210413455963124 1.8424958959221838
leaf_count=1269 206 93 16 84 236 551 26 140 23 12 10 7 19 102 241 10 24 162 9 9 10 422 29 9 19
internal_value=0.000276288 0.0252893 0.0542333 0.0199748 0.0693396 -0.00485021 0.0231785 0.0030879 0.0312928 0.0929992 0.112677 -0.03579 -0.0391343 0.0697055 -0.0409571 -0.0239179 0 -0.0324307 0.00780567 0.02688 -0.0459619 -0.0454488 0.126816 0.0844674 0.0104121
internal_weight=253.902 155.82 79.7058 58.0553 33.2893 76.1142 45.0265 35.6489 23.0193 9.37762 8.19772 14.095 98.082 15.4113 95.9998 26.6789 12.6861 11.3271 2.10308 2.08227 31.0877 24.766 7.50197 11.8317 3.57958
internal_count=3738 1995 858 765 327 1137 576 499 293 77 65 243 1743 153 1715 446 205 195 33 28 561 438 55 111 42
is_linear=0
shrinkage=0.05


Tree=75
num_leaves=17
num_cat=0
split_feature=1 1 12 11 9 12 7 7 5 12 12 12 2 12 0 2
split_gain=100.948 253.672 39.3053 21.9963 50.6205 37.1021 28.4666 42.563 12.8919 8.40588 17.6487 5.78746 53.6187 5.01681 3.62726 0.900718
threshold=0.47159944514707869 0.21264593328670955 0.59427929929418977 1.0000000180025095e-35 1.0000000180025095e-35 0.41615091738989435 -0.62047307571279608 -0.23424561267998023 -0.049179327928427434 0.58285430565867624 0.5548702868609241 0.52224063827897504 1.0000000180025095e-35 0.58929183079937175 0.25512975705573732 -0.17304911028466766
decision_type=2 2 2 2 2 2 2 2 2 2 2 2 2 2 2 2
left_child=1 3 8 -1 5 -5 9 13 14 10 -7 15 -13 -8 -3 -10
right_child=-2 2 -4 4 -6 6 7 -9 11 -11 -12 12 -14 -15 -16 -17
leaf_value=-0.047882279782264746 -0.048319474731303318 0.080067020738939482 -0.037830309230686393 0.1365899805559026 -0.047641204435449586 -0.032254900063653856 0.27532489187982323 -0.033829731902584391 0 -0.044905618963462991 0.060832535929485877 -0.04027661262135504 0.14045450098834 0.052745433476407977 -0.029023747447038478 0.13977629797374094
leaf_weight=44.135747320950031 72.511794444173574 0.59639498591422979 3.903887514024972 6.7853277400135985 34.709056403487921 10.302549038082367 1.9419286251068117 2.3813723847270003 0.067465178668497994 9.8773468509316427 8.936951667070387 5.1373731270432499 14.424824371933935 0.94770975410938252 1.9210702702403066 32.239259533584118
leaf_count=828 1358 3 71 45 642 133 17 28 1 153 113 94 62 11 31 148
internal_value=0.0011194 0.0214432 0.106615 -0.0199864 -0.00322659 0.0337375 0.0110596 0.112841 0.117689 -0.00811574 0.0101643 0.123012 0.0919244 0.22825 0 0.139387
internal_weight=250.82 178.308 58.2903 120.018 75.8822 41.1732 34.3879 5.27101 54.3864 29.1168 19.2395 51.8689 19.5622 2.88964 2.51747 32.3067
internal_count=3738 2380 410 1970 1142 500 455 56 339 399 246 305 156 28 34 149
is_linear=0
shrinkage=0.05


Tree=76
num_leaves=19
num_cat=0
split_feature=0 12 12 1 5 1 0 8 7 12 4 0 12 3 12 12 12 3
split_gain=172.529 155.338 24.9855 21.6651 16.8334 12.9164 31.2807 6.93844 13.7138 5.53991 4.52584 23.0841 1.85404 6.63673 9.1634 6.3177 9.8234 0.35828
threshold=0.54860720755368209 0.49578387103668026 -0.4721624026331433 0.55512670663415309 0.30475676167542221 0.96890520137017189 0.98038801627882211 -0.69586755156635516 0.4313714202086269 0.53362329794251728 0.789493546422254 0.95578048476279687 0.53833304543325322 -1.1199937158875974 0.59552136339450767 0.58565604644136637 0.55879927286681419 0.74176787718217174
decision_type=2 2 2 2 2 2 2 2 2 2 2 2 2 2 2 2 2 2
left_child=7 2 -2 -4 10 -5 -7 8 -1 -10 -3 -12 -9 14 15 16 -14 -6
right_child=1 4 3 5 17 6 -8 12 9 -11 11 -13 13 -15 -16 -17 -18 -19
leaf_value=-0.039518032849776924 -0.046617624394988878 0.13322976812736678 0.14194990505424321 -0.042505961567443698 -0.024237164419178253 0.15565112960029329 -0.038066247465365292 -0.047059079110483099 -0.0045915165313550697 0.1273399738253323 -0.033769213210668246 0.13198362674728448 0.055852188818086485 -0.046932712372970045 -0.04422148725449724 0.072806513323416089 -0.041483862947886696 0
leaf_weight=4.7721643857657901 24.888785816729069 35.984272804111242 2.9891149103641537 7.2989568263292295 1.5177734941244119 3.205600306391716 4.0915547423064709 63.609756119549274 0.61297164112329516 1.9807802289724348 2.7515072412788859 5.1507074125111103 3.7054262012243289 29.47814267873764 10.38178104534745 3.1942189186811438 6.1628188937902451 0.49551260471343983
leaf_count=93 552 217 18 149 32 16 82 1384 11 14 55 27 40 648 212 63 119 6
internal_value=0.00071346 0.0540319 -0.0143759 0.0299015 0.117346 0.00135766 0.0483507 -0.0371808 0.00666759 0.0923772 0.123839 0.0727189 -0.0401827 -0.0310866 -0.00955397 0.0167703 -0.00159306 -0.0107348
internal_weight=212.272 88.3738 42.474 17.5852 45.8998 14.5961 7.29716 123.898 7.36592 2.59375 43.8865 7.90221 116.532 52.9224 23.4442 13.0625 9.86825 2.01329
internal_count=3738 1154 817 265 337 247 98 2584 118 25 299 82 2466 1082 434 222 159 38
is_linear=0
shrinkage=0.05


Tree=77
num_leaves=17
num_cat=0
split_feature=12 2 2 1 1 12 8 10 0 2 12 0 2 12 8 12
split_gain=135.656 95.7732 83.4413 41.5903 83.5824 27.9845 27.7493 5.52793 22.4605 51.7342 2.64866 1.97837 18.5208 1.73891 2.83314 0.322826
threshold=0.52224063827897504 1.0000000180025095e-35 -0.10547446971294337 0.18345442400987402 0.10276952604429879 0.58829557400410915 0.92229536600938122 0.5840239497523928 0.17267619601207893 -0.21732401427085371 0.53664885778803806 0.35718797393111279 -0.032297829533450409 0.59384792116722518 -0.69586755156635516 0.5896922519852511
decision_type=2 2 2 2 2 2 2 2 2 2 2 2 2 2 2 2
left_child=7 2 3 4 5 6 -2 -1 9 -9 -8 12 -10 15 -15 -7
right_child=1 -3 -4 -5 -6 13 10 8 11 -11 -12 -13 -14 14 -16 -17
leaf_value=-0.04671581794700088 -0.041676521121197255 -0.047115928330845352 0.1441827873250788 -0.045330633288703404 0.14234508423404219 -0.016667643706669451 0.011021632953259815 -0.043448148257946156 -0.043862721294702783 0.14932601151467523 0.079062440999537201 -0.047558175942668604 0.14346304124175341 0.010537704871881612 -0.042580784855984544 0.011087295592291753
leaf_weight=64.732184559106827 6.1929114870727089 26.068765055388212 22.211494818329811 12.940444026142357 17.677065372467041 0.96355592086911501 2.6685046106576946 8.3853920288383943 8.8103369027376157 5.1438144966959944 20.390427514910698 33.657738514244556 1.0102150887250889 1.9491035789251352 14.602145358920096 2.7577804289758205
leaf_count=1209 113 491 96 241 77 11 25 156 156 24 182 629 6 25 261 36
internal_value=0.00138113 0.0372554 0.0591119 0.0344766 0.050435 0.0160343 0.0473125 -0.0362555 -0.0236401 0.0307726 0.0726506 -0.0412976 -0.0161539 -0.0279468 -0.0347337 0
internal_weight=250.162 128.422 102.353 80.1419 67.2015 49.5244 29.2518 121.74 57.0075 13.5292 23.0589 43.4783 9.82055 20.2726 16.5512 3.72134
internal_count=3738 1558 1067 971 730 653 320 2180 971 180 207 791 162 333 286 47
is_linear=0
shrinkage=0.05


Tree=78
num_leaves=17
num_cat=0
split_feature=11 0 2 3 12 9 5 2 0 12 7 12 7 3 4 12
split_gain=100.371 110.082 111.428 56.7389 45.3432 62.4621 41.5669 19.9869 105.022 16.1277 15.2488 2.67842 1.4206 1.1571 1.04048 0.830947
threshold=1.0000000180025095e-35 0.40936050100710419 0.43488250302248771 -1.1199937158875974 0.60022009859455372 1.0000000180025095e-35 0.48883909973571577 0.38096255007597257 0.54174446030130219 0.52224063827897504 -0.17709581902814314 0.5991196501484729 -0.81295086738886468 0.56657788326451963 1.337281461914243 0.53176385470940313
decision_type=2 2 2 2 2 2 2 2 2 2 2 2 2 2 2 2
left_child=14 3 6 4 5 10 7 8 -3 12 11 -2 -7 -5 -1 -8
right_child=1 2 -4 13 -6 9 15 -9 -10 -11 -12 -13 -14 -15 -16 -17
leaf_value=-0.046582910024134928 -0.047649082474300254 0.14027318278093867 -0.046341872741523793 -0.048272073812054533 0.14152565418451615 0.14185160120939444 -0.039696736735595366 0.14702659521856021 -0.044841610916416981 -0.026585293389716453 0.09640738646384589 0.014057750973593323 0.054773526267267891 0 0 0
leaf_weight=78.656865354627371 25.650660447776321 23.055444285273552 16.891840521246195 54.095765601843596 6.8333240970969191 7.2904180735349646 4.6385450921952716 22.876026228070259 10.805203102529047 1.613256163895129 1.5109115093946481 1.0179380252957333 2.6229708939790717 0.77554704993963142 0.8344532884657373 0.56701832637190808
leaf_count=1420 406 100 297 965 47 44 78 100 188 21 14 9 15 13 14 7
internal_value=0.000547531 0.0212789 0.0654555 -0.0129701 0.0271466 0.00532526 0.0964703 0.108919 0.0806811 0.101438 -0.0342004 -0.0441582 0.124949 -0.0473847 -0.0459871 -0.0324828
internal_weight=259.736 180.245 78.8341 101.411 46.5395 39.7062 61.9422 56.7367 33.8606 11.5266 28.1795 26.6686 9.91339 54.8713 79.4913 5.20556
internal_count=3738 2304 770 1534 556 509 473 388 288 80 429 415 59 978 1434 85
is_linear=0
shrinkage=0.05


Tree=79
num_leaves=19
num_cat=0
split_feature=12 0 0 12 5 7 7 12 12 10 0 0 0 2 1 12 0 1
split_gain=155.71 136.535 50.6567 25.826 22.4315 15.8561 9.94449 16.6232 6.64045 5.8204 31.6494 32.5364 17.6963 19.294 5.59489 1.80486 0.978144 47.7483
threshold=0.54743827496323794 0.25512975705573732 1.0000000180025095e-35 0.60774134895723775 0.26207100212520917 -0.63353104043443242 -0.71035257314743605 0.60022009859455372 0.55879927286681419 0.5840239497523928 0.213873916040657 0.098056673322155147 0.16547813537603231 -0.1766015278065485 0.20864561120906686 0.56027857368169565 0.19094406915424447 0.10276952604429879
decision_type=2 2 2 2 2 2 2 2 2 2 2 2 2 2 2 2 2 2
left_child=9 2 3 5 16 6 7 8 -2 -1 11 -11 -13 -14 -6 -7 17 -4
right_child=1 -3 4 -5 14 15 -8 -9 -10 10 -12 12 13 -15 -16 -17 -18 -19
leaf_value=-0.047663614835230177 0 -0.047492586009305053 0.14201524781852612 -0.04326489411497185 -0.035106830040988628 0.018015211828926649 0.17227332857314748 -0.038175509903640742 0.077863538097763488 -0.043644391749421217 -0.048024656549726132 0.14444397340702414 -0.039103933806698243 0.13564324109300607 0.083276841864027548 -0.038938710669330162 0.14154406273092612 -0.038715518568195183
leaf_weight=69.520392049103975 2.3966117426753106 31.190266326069832 15.283152222633364 7.9903855472803107 3.0214594602584834 0.94702119380235572 1.9044193923473383 3.4844117164611808 23.279290549457073 8.6994218528270739 46.466352272778749 5.2663158625364286 4.2786331363022327 1.8092286139726637 0.89106419682502735 4.1965630613267422 19.349908396601677 4.2577551119029513
leaf_count=1264 24 572 66 145 53 10 11 41 212 161 847 24 69 9 4 67 83 76
internal_value=-0.000552899 0.0412356 0.0734201 0.0344597 0.112211 0.0526485 0.0661957 0.0556377 0.0698099 -0.0370601 -0.0253323 0.0259212 0.0809232 0.0153871 0 -0.0233557 0.123554 0.101405
internal_weight=254.233 118.192 87.002 44.1987 42.8033 36.2083 31.0647 29.1603 25.6759 136.04 66.52 20.0536 11.3542 6.08786 3.91252 5.14358 38.8908 19.5409
internal_count=3738 1364 792 510 282 365 288 277 236 2374 1110 263 102 78 57 77 225 142
is_linear=0
shrinkage=0.05


Tree=80
num_leaves=7
num_cat=0
split_feature=12 12 4 12 12 12
split_gain=296.093 331.303 13.4803 0.884547 0.315869 2.00962
threshold=-0.4721624026331433 -0.71117960341215991 0.88079153233758534 -0.68330777695260547 -0.72166332319269699 -0.72094877373613842
decision_type=2 2 2 2 2 2
left_child=1 2 4 -3 -1 -6
right_child=-2 3 -4 -5 5 -7
leaf_value=-0.047687071520013974 -0.048616597418972785 0.022165435360033198 0.12588184734325716 0.14090921405229762 0.03182976218147035 -0.03604561999530919
leaf_weight=38.806817442178726 139.96377078443766 0.86590518802404304 0.63508439809083839 58.142078906297684 0.7297210432589053 3.3300815895199767
leaf_count=741 2650 9 8 254 13 63
internal_value=-0.0012999 0.0629846 -0.0410315 0.139788 -0.0455037 -0.0162103
internal_weight=242.473 102.51 43.5017 59.008 42.8666 4.0598
internal_count=3738 1088 825 263 817 76
is_linear=0
shrinkage=0.05


Tree=81
num_leaves=11
num_cat=0
split_feature=2 0 11 12 9 12 7 12 12 12
split_gain=205.475 301.526 43.2815 44.9609 28.7687 11.0325 4.69925 1.86091 1.04277 0.739724
threshold=-0.36786508282093527 -0.74900640794044093 1.0000000180025095e-35 0.5548702868609241 1.0000000180025095e-35 0.41368813275476535 0.1893751129647944 0.53833304543325322 0.39018893724194764 0.56027857368169565
decision_type=2 2 2 2 2 2 2 2 2 2
left_child=1 2 -1 4 5 8 9 -7 -4 -5
right_child=-2 -3 3 6 -6 7 -8 -9 -10 -11
leaf_value=-0.047859750480021251 -0.048597118086381855 0.1441978553767847 -0.021686783283557859 0 -0.041005517628792253 0.10904698810465302 0.038577147446375581 0.037333338349281799 0.023520430192385977 -0.046470792231558179
leaf_weight=42.873617760837078 115.82874388992786 46.660276412963867 1.2845940850675166 1.0670156553387702 5.0024598799645892 16.077777951955799 1.1957276575267304 2.8876525908708564 2.7627400755882263 16.873501654714346
leaf_count=801 2151 200 20 14 69 126 18 31 22 286
internal_value=0.000187131 0.0417361 -0.011597 0.0210073 0.0612528 0.084944 -0.0366979 0.100652 0.00286738 -0.0439806
internal_weight=252.514 136.685 90.0251 47.1515 28.0152 23.0128 19.1362 18.9654 4.04733 17.9405
internal_count=3738 1587 1387 586 268 199 318 157 42 300
is_linear=0
shrinkage=0.05


Tree=82
num_leaves=4
num_cat=0
split_feature=0 12 12
split_gain=455.713 79.8814 154.725
threshold=1.6669533464493196 -0.71117960341215991 -0.73724058808881787
decision_type=2 2 2
left_child=1 2 -1
right_child=-2 -3 -4
leaf_value=-0.044240587968231881 0.14202718961742469 -0.048755944238670079 0.13830262852472777
leaf_weight=30.302521996200085 45.698005981743336 158.78760012984276 18.0579634308815
leaf_count=555 198 2906 79
internal_value=0 -0.0316031 0.0241277
internal_weight=252.846 207.148 48.3605
internal_count=3738 3540 634
is_linear=0
shrinkage=0.05


Tree=83
num_leaves=4
num_cat=0
split_feature=12 11 0
split_gain=475.024 169.566 42.7831
threshold=-0.75431068484562347 -1.6990170119783667 2.0675857772543753
decision_type=2 2 2
left_child=1 -1 -3
right_child=-2 2 -4
leaf_value=-0.045913134982873006 -0.048778534704117305 0.14469324582293705 -0.035311521319874903
leaf_weight=15.661018807440994 170.85007493942976 60.305398568511009 3.0722137093543997
leaf_count=295 3127 262 54
internal_value=-0.00181006 0.0990712 0.135368
internal_weight=249.889 79.0386 63.3776
internal_count=3738 611 316
is_linear=0
shrinkage=0.05


Tree=84
num_leaves=2
num_cat=0
split_feature=11
split_gain=645.944
threshold=-1.6990170119783667
decision_type=2
left_child=-1
right_child=-2
leaf_value=0.12376359710843166 -0.048945576792346887
leaf_weight=74.187272042036057 196.23961331322789
leaf_count=295 3443
internal_value=-0.00133235
internal_weight=270.427
internal_count=3738
is_linear=0
shrinkage=0.05


Tree=85
num_leaves=15
num_cat=0
split_feature=2 12 12 9 11 12 12 12 12 8 7 12 12 12
split_gain=169.686 161.916 31.1496 29.6894 42.5068 12.9963 17.6143 4.31366 2.0898 10.686 1.8885 4.88111 0.130611 0.0753725
threshold=0.43488250302248771 -0.4721624026331433 0.59019890755804294 1.0000000180025095e-35 1.0000000180025095e-35 0.47376359192175682 0.57335517274221937 0.60243570758956133 0.58326012850488096 -1.0000000180025095e-35 -0.62047307571279608 0.39334442946032527 0.57864084087383838 0.37968017474820731
decision_type=2 2 2 2 2 2 2 2 2 2 2 2 2 2
left_child=3 -2 -3 4 -1 10 -7 8 12 -10 11 13 -8 -6
right_child=1 2 -4 -5 5 6 7 -9 9 -11 -12 -13 -14 -15
leaf_value=-0.04602658135693035 -0.046784406927932384 0.11628620179368077 -0.035407934792220402 -0.048285138511121387 0.011082690910213872 -0.044478335457873691 0.013771647858282863 -0.026614108851354231 -0.032378812293761591 0.07348251699817332 0 0.095997296020553902 0 0
leaf_weight=34.876673575490713 24.065611209720373 52.233074851334095 3.1341789923608294 88.492033988237381 1.0933025926351541 9.5039049834013003 2.5974994376301828 1.6837334185838688 2.3049439303576973 11.481605209410185 1.4616368114948262 8.2327585369348508 2.1121561676263809 1.2037738114595411
leaf_count=692 485 246 58 1757 10 155 33 28 31 118 14 71 29 11
internal_value=0.000176985 0.0601025 0.107012 -0.0286075 -0.00537057 0.0282026 0.00905824 0.0359464 0.043508 0.0535201 0.071332 0.0786802 0.00707725 0.00161193
internal_weight=244.477 79.4329 55.3673 165.044 76.552 41.6753 29.6838 20.1799 18.4962 13.7865 11.9915 10.5298 4.70966 2.29708
internal_count=3738 789 304 2949 1192 500 394 239 211 149 106 92 62 21
is_linear=0
shrinkage=0.05


Tree=86
num_leaves=18
num_cat=0
split_feature=5 11 1 0 2 0 3 3 12 0 4 0 2 12 10 4 8
split_gain=104.607 44.3917 36.914 63.7003 39.8252 88.7155 22.5217 11.6349 10.1597 7.67428 3.82379 1.57625 26.9952 1.37089 1.03653 0.690942 0.646897
threshold=0.38657113414666383 1.0000000180025095e-35 0.54800291430058057 0.54174446030130219 -0.17675095215458189 0.17267619601207893 -0.83082856789777615 0.51901031947511389 0.45663520103908223 0.622770704041819 0.789493546422254 0.54174446030130219 -0.13691766632415683 -0.4721624026331433 0.83229470601607602 1.086212000647081 -0.068416624343110549
decision_type=2 2 2 2 2 2 2 2 2 2 2 2 2 2 2 2 2
left_child=1 10 3 4 5 6 8 11 -3 -9 14 12 -2 -12 -1 -15 -11
right_child=7 2 -4 -5 -6 -7 -8 9 -10 16 13 -13 -14 15 -16 -17 -18
leaf_value=-0.046543993788686837 0.12681776114780799 -0.041108337464940303 -0.047035739078730182 0.13498063605416677 -0.046979391602616397 0.13430427550481194 -0.046336865987633896 0.089048708251974404 0.02680874560896393 -0.033769482690345874 -0.022214472824211465 0.13029830771802947 -0.035619227608110669 0.055097379110720629 -0.002915053751215986 0 0
leaf_weight=66.018663641065359 7.9326926767826107 5.6612142547965041 26.58363688364625 10.046668007969854 26.106703873723745 14.245422497391699 19.172345165163279 1.8667645379900921 40.052457220852375 2.7309677302837372 1.3395123146474364 11.007724180817602 3.1063316687941578 0.9124683067202557 2.7173627205193034 0.97806083783507347 0.59140001609921489
leaf_count=1333 33 101 524 43 519 66 380 13 473 50 24 46 57 10 45 12 9
internal_value=0.000917512 -0.0108038 0.0052851 0.0177168 0.00570026 0.0235799 -0.00118789 0.0923808 0.0175031 0.0170263 -0.0426827 0.108237 0.0793794 0.00331706 -0.0452138 0.0327277 -0.0232559
internal_weight=241.07 213.835 141.868 115.285 105.238 79.1314 64.886 27.2359 45.7137 5.18913 71.9661 22.0467 11.039 3.23004 68.736 1.89053 3.32237
internal_count=3738 3530 2106 1582 1539 1020 954 208 574 72 1424 136 90 46 1378 22 59
is_linear=0
shrinkage=0.05


Tree=87
num_leaves=5
num_cat=0
split_feature=9 11 12 12
split_gain=275.316 162.061 203.653 1.22862
threshold=1.0000000180025095e-35 1.0000000180025095e-35 -0.12050320885561373 -0.61019242347065372
decision_type=2 2 2 2
left_child=1 2 3 -1
right_child=-2 -3 -4 -5
leaf_value=-0.046818130313913013 -0.048719646600907635 -0.047628302743654122 0.12669602593140367 0
leaf_weight=21.69668168574572 138.82699167728424 29.366621926426888 71.677278630435467 0.55361699312925239
leaf_count=399 2546 500 288 5
internal_value=-0.000415885 0.0537484 0.0857931 -0.0447614
internal_weight=262.121 123.294 93.9276 22.2503
internal_count=3738 1192 692 404
is_linear=0
shrinkage=0.05


Tree=88
num_leaves=27
num_cat=0
split_feature=12 2 2 0 0 7 9 12 12 12 4 10 0 0 8 12 12 4 5 5 12 4 12 12 12 12
split_gain=91.4558 47.1764 74.7464 67.4155 90.9536 33.2943 20.3809 18.8009 24.2671 8.6242 5.53031 5.04929 7.22716 9.55592 3.56306 17.6086 3.44896 2.99443 1.78567 1.58194 1.33727 0.845527 0.342343 0.0639265 0.0533149 0.356831
threshold=0.44599909044656694 -0.13375932129707455 -0.10547446971294337 0.622770704041819 0.7151964851157272 -0.80141915828404298 1.0000000180025095e-35 0.58143795816865362 0.60915826354272673 0.55734034746501082 0.83514253937991956 0.83229470601607602 0.25512975705573732 0.35432663305715634 0.75717670095063261 0.4869264851734364 0.58829557400410915 1.337281461914243 0.1731423363955987 0.21227094931662729 0.60774134895723775 0.4927750921974266 0.60320364830070361 0.58496917061548426 0.41368813275476535 0.41615091738989435
decision_type=2 2 2 2 2 2 2 2 2 2 2 2 2 2 2 2 2 2 2 2 2 2 2 2 2 2
left_child=11 5 -3 21 -5 6 7 -2 16 14 -6 17 -13 -14 -8 -16 23 24 -15 -20 -7 -4 -18 -9 -1 -26
right_child=1 2 3 4 10 20 9 8 -10 -11 -12 12 13 18 15 -17 22 -19 19 -21 -22 -23 -24 -25 25 -27
leaf_value=-0.045538373272293715 -0.04537414816507445 0.12577732594883353 0 0.12931975122296327 -0.04526241846379217 -0.047262831577215725 0.1806364079077267 0.016210923981604081 -0.042442667074637563 -0.021297694537643675 0.055172054999805112 -0.041553398147841841 0.12768582627515718 -0.032791557064367712 -0.034286469000786794 0.11898672882785993 0.06096603097604876 0.025246298001660745 0.063926135949052595 -0.005428367320408062 0 -0.047010032333935109 0.12133421219662809 0 0 -0.028008928612550617
leaf_weight=73.543056476861238 12.132320627570151 23.025939241051674 0.98439327999949711 20.497283592820168 12.534449059516188 28.832645561546091 1.4106202870607356 1.7574291899800365 7.1807817369699469 1.1618793793022621 0.89165742695331651 6.1409797407686693 1.3805631548166273 2.3948371037840848 2.1860563158988953 5.2400395646691322 10.538115434348581 0.82542154937982459 0.80756035819649674 0.62824301421642303 0.54144314676523109 22.430393345654011 1.9594527035951603 1.8300502523779867 0.89663921669125457 6.5426471121609211
leaf_count=1425 206 93 16 84 236 551 9 23 140 12 7 115 7 37 19 37 102 11 10 10 10 422 9 19 14 114
internal_value=0.000410465 0.024002 0.050499 0.0190104 0.0639732 -0.00429132 0.0221129 0.00318352 0.0299785 0.0834042 -0.0350557 -0.0385268 -0.00449685 0.0346088 0.100252 0.0713962 0.0641214 -0.0428893 -0.00403253 0.0271013 -0.0456222 -0.045062 0.0766579 0.0102974 -0.0440413 -0.0241565
internal_weight=248.295 155.135 80.3641 57.3382 33.9234 74.7708 45.3967 35.3981 23.2658 9.9986 13.4261 93.1599 11.3522 5.2112 8.83672 7.4261 16.085 81.8078 3.83064 1.4358 29.3741 23.4148 12.4976 3.58748 80.9823 7.43929
internal_count=3738 1995 858 765 327 1137 576 499 293 77 243 1743 179 64 65 56 153 1564 57 20 561 438 111 42 1553 128
is_linear=0
shrinkage=0.05


Tree=89
num_leaves=16
num_cat=0
split_feature=1 1 12 11 9 12 7 7 5 12 12 12 1 12 1
split_gain=92.8359 213.089 31.823 21.1772 46.2838 28.9655 23.7001 32.4201 10.1137 7.83641 15.6 3.88416 42.3739 2.6743 0.10314
threshold=0.47159944514707869 0.21264593328670955 0.59427929929418977 1.0000000180025095e-35 1.0000000180025095e-35 0.41615091738989435 -0.62047307571279608 -0.23424561267998023 -0.058961481158684582 0.58285430565867624 0.5548702868609241 0.52224063827897504 0.35515866473842156 0.58829557400410915 0.27650019424609767
decision_type=2 2 2 2 2 2 2 2 2 2 2 2 2 2 2
left_child=1 3 8 -1 5 -5 9 13 14 10 -7 -10 -13 -8 -3
right_child=-2 2 -4 4 -6 6 7 -9 11 -11 -12 12 -14 -15 -16
leaf_value=-0.047650117507532015 -0.048115245809210214 0 -0.037177089710413801 0.11718152467013909 -0.047398096294970798 -0.031684323038985655 0.22973958361157976 -0.033439605449843861 0.1219828940432653 -0.044497796325778417 0.055144534902367481 -0.039709426846469303 0.12193999520854298 0.060239218595819481 -0.014152102335620502
leaf_weight=41.537154030054808 68.29206819832325 0.69532402977347263 3.7083324901759616 7.5272963494062415 32.743915539234877 10.052775930613285 2.1414302438497548 2.3337015844881526 35.14052040874958 9.391931261867283 9.4218059852719289 4.8738151788711574 15.544199094176291 1.2862197533249853 0.91316376999020576
leaf_count=828 1358 9 71 45 642 133 15 28 154 153 113 94 66 13 16
internal_value=0.00110138 0.0202799 0.0957523 -0.0192056 -0.00288806 0.0312492 0.0104558 0.0989696 0.105056 -0.00774329 0.00940074 0.108647 0.082132 0.188266 -0.00345582
internal_weight=245.604 177.312 60.8754 116.436 74.8991 42.1552 34.6279 5.76135 57.167 28.8665 19.4746 55.5585 20.418 3.42765 1.60849
internal_count=3738 2380 410 1970 1142 500 455 56 339 399 246 314 160 28 25
is_linear=0
shrinkage=0.05


Tree=90
num_leaves=21
num_cat=0
split_feature=1 12 12 12 5 2 1 2 8 7 1 12 3 1 12 3 12 12 12 7
split_gain=153.928 130.755 20.4318 18.7153 17.3661 14.616 7.06827 59.9334 6.58725 11.9333 5.83012 4.54342 2.42473 3.28382 1.90842 6.61922 8.57499 5.45246 8.85407 1.72552
threshold=0.54800291430058057 0.47376359192175682 -0.4721624026331433 0.30321482450144827 0.32254249482134428 0.79852295864439793 0.83279589131628462 0.21551188980694555 -0.69586755156635516 0.4313714202086269 0.55512670663415309 0.53362329794251728 0.92309822674481246 0.97506663625505741 0.53833304543325322 -1.1199937158875974 0.59552136339450767 0.58565604644136637 0.55879927286681419 -0.70297567099949865
decision_type=2 2 2 2 2 2 2 2 2 2 2 2 2 2 2 2 2 2 2 2
left_child=8 2 -2 19 5 6 7 -3 9 -1 -5 -11 -12 -14 -10 16 17 18 -16 -4
right_child=1 4 3 10 -6 -7 -8 -9 14 11 12 -13 13 -15 15 -17 -18 -19 -20 -21
leaf_value=-0.039133259646458377 -0.046402935566882957 0.13170578868964708 0 0.084240446436173844 -0.02815624827248818 -0.025251322013590313 0.14080993431748004 -0.041308906980755906 -0.046848593426743086 -0.0043095882213115095 -0.036772743684111445 0.11171519265749973 0.068214233038070268 -0.02424927425417582 0.050743668104248407 -0.046755367317721508 -0.043836017462078568 0.066171794016183949 -0.041085395453838859 0.1112565144447526
leaf_weight=4.6064509190618983 23.854862857609987 20.069181188941005 0.19226469844579686 0.90844082832336326 1.9179852791130532 1.4786477349698532 20.537302449345589 6.0892507098615161 59.831330649554729 0.60637728869915042 7.6876939199864847 2.194089263677597 1.0923739448189738 1.5181167311966417 3.903437405824663 27.996123045682907 9.809464752674101 3.402069065719842 5.9087909497320652 4.4124912545084944
leaf_count=93 562 83 3 5 43 21 88 123 1374 11 166 14 9 32 40 650 212 63 119 27
internal_value=0.000691706 0.0500254 -0.0172004 0.0253971 0.103397 0.109384 0.114399 0.0904736 -0.0365953 0.00586456 -0.00835011 0.082171 -0.0223555 0.0111509 -0.0396706 -0.0303946 -0.00886678 0.015921 -0.00144112 0.105199
internal_weight=208.017 89.7586 39.6662 15.8114 50.0924 48.1744 46.6957 26.1584 118.258 7.40692 11.2066 2.80047 10.2982 2.61049 110.851 51.0199 23.0238 13.2143 9.81223 4.60476
internal_count=3738 1162 804 242 358 315 294 206 2576 118 212 25 207 41 2458 1084 434 222 159 30
is_linear=0
shrinkage=0.05


Tree=91
num_leaves=17
num_cat=0
split_feature=12 2 2 1 1 12 7 10 0 2 7 12 8 0 2 12
split_gain=122.228 83.5165 65.3565 36.3618 66.5888 24.2946 24.2539 5.42032 20.8498 43.0921 2.53211 2.54881 2.04168 2.00238 16.6155 1.7996
threshold=0.52224063827897504 1.0000000180025095e-35 -0.10547446971294337 0.18345442400987402 0.10276952604429879 0.58829557400410915 -0.87162691665751635 0.5840239497523928 0.17267619601207893 -0.21732401427085371 0.29222778314235881 0.59384792116722518 -0.67935568506048039 0.35718797393111279 -0.032297829533450409 0.53664885778803806
decision_type=2 2 2 2 2 2 2 2 2 2 2 2 2 2 2 2
left_child=7 2 3 4 5 6 15 -1 9 -9 11 -7 -12 14 -10 -2
right_child=1 -3 -4 -5 -6 10 -8 8 13 -11 12 -13 -14 -15 -16 -17
leaf_value=-0.046427105565228138 0.011201688161493611 -0.046849016334710232 0.12702736561819047 -0.044961111590442027 0.12545516198709447 0 -0.041419972113177307 -0.042986932828128321 -0.043481451736279868 0.13102019454567151 0.067226915966677944 -0.042339822759790889 -0.013071460828960359 -0.047315192099458725 0.1296732084158457 0.07082862402726052
leaf_weight=61.137446440756321 2.6510345935821595 24.587322775274515 23.671931400895119 12.205341972410677 18.848932236433029 3.6045121997594896 6.0415562428534022 7.9165673553943634 8.3913657553493959 5.5611628293991071 0.76310716196894646 14.306582219898699 0.85960732772946247 31.74264370277524 1.1096035093069065 21.682481288909912
leaf_count=1209 24 491 96 241 77 45 115 156 156 24 8 267 13 629 6 181
internal_value=0.00137155 0.0348405 0.0544054 0.032216 0.0465025 0.0152402 0.043255 -0.0357323 -0.0230187 0.0291415 -0.0270673 -0.0330998 0.0198532 -0.0408075 -0.0152872 0.0656956
internal_weight=245.081 129.222 104.635 80.9632 68.7578 49.9089 30.3751 115.859 54.7213 13.4777 19.5338 17.9111 1.62271 41.2436 9.50097 24.3335
internal_count=3738 1558 1067 971 730 653 320 2180 971 180 333 312 21 791 162 205
is_linear=0
shrinkage=0.05


Tree=92
num_leaves=19
num_cat=0
split_feature=11 1 2 3 12 9 5 1 0 7 12 12 7 12 3 4 12 12
split_gain=91.9161 94.8563 94.0317 52.7685 36.5611 53.7726 34.1218 13.9672 86.3823 13.8584 9.49176 2.63937 1.1583 3.62549 1.15017 1.03267 0.936218 0.804892
threshold=1.0000000180025095e-35 0.47159944514707869 0.43488250302248771 -1.1199937158875974 0.60022009859455372 1.0000000180025095e-35 0.48883909973571577 0.70335825560759146 0.54174446030130219 -0.17709581902814314 0.51185027529551097 0.5991196501484729 -0.81295086738886468 0.48986355760699651 0.56657788326451963 1.337281461914243 0.53176385470940313 0.53176385470940313
decision_type=2 2 2 2 2 2 2 2 2 2 2 2 2 2 2 2 2 2
left_child=15 3 6 4 5 9 7 8 -3 11 12 -2 13 -7 -5 -1 -12 -8
right_child=1 2 -4 14 -6 10 17 -9 -10 -11 16 -13 -14 -15 -16 -17 -18 -19
leaf_value=-0.046261514400649899 -0.047410564604626747 0.12479793762426655 -0.046010892719541924 -0.048052512486676607 0.12299323204108403 0.16099757586401164 -0.039122383785300231 0.12933930699903429 -0.044463999139977638 0.086277780444203589 0.028453289481952155 0.013689118836271084 0.049287200149691929 0.052214526907999437 0 0 -0.022135678876331777 0
leaf_weight=74.130646735429764 24.519748158752922 24.364007130265236 15.946477193385361 51.114452205598354 7.5173170343041411 4.2530869692564002 4.4158476293086997 24.429898649454117 10.247962705790995 1.6453399956226373 1.311765551567077 1.0254158750176419 2.752431020140647 2.7177426815032959 0.77259249612688918 0.82926707342266937 1.283222824335098 0.56470430642366398
leaf_count=1420 406 98 297 967 47 22 78 100 188 14 10 9 15 16 13 14 17 7
internal_value=0.000564602 0.0201363 0.0605075 -0.0123916 0.0254909 0.00500905 0.0875772 0.0982417 0.0740511 -0.0335936 0.090155 -0.0437824 0.111858 0.128265 -0.047118 -0.0456333 0 -0.0317127
internal_weight=253.842 178.882 79.9689 98.9131 47.0261 39.5088 64.0224 59.0419 34.612 27.1905 12.3182 25.5452 9.72326 6.97083 51.887 74.9599 2.59499 4.98055
internal_count=3738 2304 768 1536 556 509 471 386 286 429 80 415 53 38 980 1434 27 85
is_linear=0
shrinkage=0.05


Tree=93
num_leaves=19
num_cat=0
split_feature=12 0 0 12 5 7 7 12 10 0 0 0 2 12 1 12 0 1
split_gain=140.591 117.642 40.711 22.4014 17.4715 13.347 7.83408 13.9232 5.71247 29.7047 28.2269 13.7156 16.515 5.43963 4.98528 1.85428 0.129289 38.349
threshold=0.54743827496323794 0.25512975705573732 1.0000000180025095e-35 0.60774134895723775 0.26207100212520917 -0.63353104043443242 -0.71035257314743605 0.60022009859455372 0.5840239497523928 0.213873916040657 0.098056673322155147 0.16547813537603231 -0.1766015278065485 0.55734034746501082 0.20864561120906686 0.55879927286681419 0.19094406915424447 0.10276952604429879
decision_type=2 2 2 2 2 2 2 2 2 2 2 2 2 2 2 2 2 2
left_child=8 2 3 5 16 6 7 13 -1 10 -10 -12 -13 -2 -6 -7 17 -4
right_child=1 -3 4 -5 14 15 -8 -9 9 -11 11 12 -14 -15 -16 -17 -18 -19
leaf_value=-0.047420081415111462 -0.008032459292785522 -0.047234751573951211 0.12536139297250859 -0.0427822376179334 -0.034388033075706863 0.020378236514205391 0.15057849727392245 -0.037415548106637456 -0.043184205462271155 -0.047798050598718354 0.12703318841552116 -0.038594551597365225 0.12038147392907039 0.068603914618422954 0.076790573516790903 -0.038619756567181723 0.12503455122658796 -0.038081800447285555
leaf_weight=65.65366442874074 1.8040525019168878 29.401087183505297 16.273029282689098 7.5412159338593474 2.8786704689264293 0.89659962058067222 2.128023415803912 3.3198301196098319 8.2049474678933638 43.810815654695034 5.6738099008798581 4.1046993099153042 1.9696462303400037 25.402320012450218 0.93600247800350178 4.1033731512725353 20.570906355977058 4.04110313206911
leaf_count=1264 18 572 66 145 53 9 11 41 161 847 24 69 9 218 4 68 83 76
internal_value=-0.000453504 0.0385156 0.0669437 0.0321248 0.100851 0.0481461 0.0599108 0.0504597 -0.0365773 -0.0247421 0.0245902 0.0737958 0.0143867 0.0625666 0 -0.0226039 0.11029 0.0915127
internal_weight=248.714 119.296 89.8951 45.1954 44.6997 37.6542 32.6542 30.5262 129.418 63.7639 19.9531 11.7482 6.07435 27.2064 3.81467 4.99997 40.885 20.3141
internal_count=3738 1364 792 510 282 365 288 277 2374 1110 263 102 78 236 57 77 225 142
is_linear=0
shrinkage=0.05


Tree=94
num_leaves=7
num_cat=0
split_feature=12 12 4 12 12 12
split_gain=266.282 268.886 12.542 0.371573 1.92309 0.249683
threshold=-0.4721624026331433 -0.71117960341215991 0.88079153233758534 -0.72166332319269699 -0.72094877373613842 -0.68330777695260547
decision_type=2 2 2 2 2 2
left_child=1 2 3 -1 -5 -3
right_child=-2 5 -4 4 -6 -7
leaf_value=-0.047444208014670967 -0.048443011043729868 0.021272216515846081 0.11540744705891037 0.031261351358156303 -0.035359168356472313 0.12390609473242181
leaf_weight=36.487477764487267 132.18033700436354 0.88063269853591819 0.70421259850263496 0.73809239268302951 3.1684735119342795 61.962956517934799
leaf_count=741 2650 9 8 13 63 254
internal_value=-0.00133293 0.0582816 -0.0404314 -0.0451374 -0.0149799 0.123042
internal_weight=236.122 103.942 41.0983 40.394 3.90657 62.8436
internal_count=3738 1088 825 817 76 263
is_linear=0
shrinkage=0.05


Tree=95
num_leaves=11
num_cat=0
split_feature=2 0 11 12 9 12 7 12 12 12
split_gain=186.087 245.355 40.0028 38.6994 23.6433 8.26042 4.46546 0.96807 0.953374 0.72973
threshold=-0.36786508282093527 -0.74900640794044093 1.0000000180025095e-35 0.5548702868609241 1.0000000180025095e-35 0.41368813275476535 0.1893751129647944 0.39018893724194764 0.53833304543325322 0.56027857368169565
decision_type=2 2 2 2 2 2 2 2 2 2
left_child=1 2 -1 4 5 7 9 -4 -7 -5
right_child=-2 -3 3 6 -6 8 -8 -9 -10 -11
leaf_value=-0.047622446374500714 -0.048406630988389841 0.12721324844862378 -0.021253043335427081 0 -0.040437230146524734 0.093776479735343823 0.035667744823530738 0.022367724901108242 0.034366030324816749 -0.046189790125383712
leaf_weight=40.333161201328039 109.09761898964643 49.612137287855148 1.2603070922195971 1.0655324086546958 4.7765422500669947 17.661685690283779 1.2505476213991631 2.8064049482345581 2.9965524375438681 16.083640709519386
leaf_count=801 2151 200 20 14 69 126 18 22 31 286
internal_value=0.000159386 0.0388133 -0.0110469 0.0194073 0.0548799 0.0747215 -0.0360926 0.00252805 0.0873561 -0.0436042
internal_weight=246.944 137.847 88.2344 47.9012 29.5015 24.725 18.3997 4.06671 20.6582 17.1492
internal_count=3738 1587 1387 586 268 199 318 42 157 300
is_linear=0
shrinkage=0.05


Tree=96
num_leaves=5
num_cat=0
split_feature=2 12 12 3
split_gain=385.777 74.0832 127.066 1.14587
threshold=1.9847502597766287 -0.71117960341215991 -0.73724058808881787 1.9478334108384778
decision_type=2 2 2 2
left_child=1 2 -1 -2
right_child=3 -3 -4 -5
leaf_value=-0.043712912012470101 0.035215165814391762 -0.048577301355117675 0.1211703874485171 0.12681311646488666
leaf_weight=28.342193830758333 1.5806524157524098 149.92054115235806 19.05110327899456 47.410653918981552
leaf_count=553 10 2906 78 191
internal_value=0 -0.0313365 0.0226177 0.124749
internal_weight=246.305 197.314 47.3933 48.9913
internal_count=3738 3537 631 201
is_linear=0
shrinkage=0.05


Tree=97
num_leaves=4
num_cat=0
split_feature=12 12 0
split_gain=417.037 136.061 33.5987
threshold=-0.75431068484562347 -1.8156556187114352 2.0675857772543753
decision_type=2 2 2
left_child=1 -1 -3
right_child=-2 2 -4
leaf_value=-0.045565387127293008 -0.048599875389943856 0.12732089141647243 -0.034567517143599735
leaf_weight=14.734444431960581 161.26333838701248 64.259567454457283 2.9210095629096022
leaf_count=295 3127 262 54
internal_value=-0.0018625 0.0895811 0.119709
internal_weight=243.178 81.915 67.1806
internal_count=3738 611 316
is_linear=0
shrinkage=0.05


Tree=98
num_leaves=2
num_cat=0
split_feature=11
split_gain=562.047
threshold=-1.6990170119783667
decision_type=2
left_child=-1
right_child=-2
leaf_value=0.11159805013559586 -0.048756246799390675
leaf_weight=76.971642673015594 184.92979706078768
leaf_count=295 3443
internal_value=-0.00141073
internal_weight=261.901
internal_count=3738
is_linear=0
shrinkage=0.05


Tree=99
num_leaves=16
num_cat=0
split_feature=1 12 9 11 12 12 12 12 12 8 1 0 1 7 12
split_gain=149.275 135 29.1486 38.9633 25.1672 10.8736 16.1267 3.78725 1.62852 9.23971 1.41095 40.0339 4.62064 1.32565 0.12123
threshold=0.72177326158417776 -0.4721624026331433 1.0000000180025095e-35 1.0000000180025095e-35 0.59019890755804294 0.47376359192175682 0.57335517274221937 0.60243570758956133 0.58326012850488096 -1.0000000180025095e-35 0.78644513517273473 0.98038801627882211 0.79070700387406234 -0.62047307571279608 0.57864084087383838
decision_type=2 2 2 2 2 2 2 2 2 2 2 2 2 2 2
left_child=2 -2 3 -1 10 13 -7 8 14 -10 -3 12 -12 -5 -8
right_child=1 4 -4 5 -6 6 7 -9 9 -11 11 -13 -14 -15 -16
leaf_value=-0.045695493221107018 -0.046504321080705874 0.12040690004636374 -0.048115876192262409 0.070336678762695212 -0.034660667159029317 -0.044184437534726922 0.013311351940615324 -0.02587030921365285 -0.031942956088519263 0.066385391718016287 0.044685500458156974 0.1171348871151075 -0.043202038589105485 0 0
leaf_weight=32.792714346200228 22.608298052102327 23.936998769640923 83.309607144445181 11.220512948930262 2.9752695001661769 9.1596096046268958 2.6178839802742067 1.622718609869479 2.2510343715548542 12.159305810928339 1.364445954561236 24.530789405107498 4.9980016089975834 1.4471153318881977 2.105239100754261
leaf_count=692 485 97 1753 92 58 155 33 28 31 118 9 97 47 14 29
internal_value=0.000214958 0.0556155 -0.0277886 -0.00482343 0.0960406 0.0262362 0.00844589 0.0333405 0.0401665 0.0487928 0.103834 0.088483 -0.0188287 0.0644349 0.00690992
internal_weight=239.1 80.4138 158.686 75.3761 57.8055 42.5834 29.9158 20.7562 19.1335 14.4103 54.8302 30.8932 6.36245 12.6676 4.72312
internal_count=3738 793 2945 1192 308 500 394 239 211 149 250 153 56 106 62
is_linear=0
shrinkage=0.05


Tree=100
num_leaves=15
num_cat=0
split_feature=11 0 0 1 0 3 8 12 12 2 4 12 10 4
split_gain=73.2137 41.825 84.7943 52.8374 102.293 20.8133 11.5534 9.35717 12.4018 6.56186 3.74438 1.23539 1.05892 0.621112
threshold=1.0000000180025095e-35 0.54976403872733248 0.54174446030130219 0.20864561120906686 0.17267619601207893 -0.83082856789777615 -0.068416624343110549 0.59727633469042185 0.45663520103908223 0.28518356855125621 0.789493546422254 -0.4721624026331433 0.83229470601607602 1.086212000647081
decision_type=2 2 2 2 2 2 2 2 2 2 2 2 2 2
left_child=10 2 3 4 5 7 -3 8 -2 -8 12 -12 -1 -13
right_child=1 6 -4 -5 -6 -7 9 -9 -10 -11 11 13 -14 -15
leaf_value=-0.04627133290714644 -0.040689505192357672 -0.046821851073978397 0.11670596172558922 -0.04700933680571779 0.11938198888398506 -0.046049203265770743 0.10716493731497262 -0.041527502143923312 0.036115135956686674 -0.019801483448630822 -0.021424024897283279 0.051402056312730052 -0.0021960254991500497 0
leaf_weight=62.588050302118063 5.4342344291508189 25.505085684359077 23.164385665208101 27.642128702253103 23.596416085958481 18.117798425257206 1.6026757061481469 5.3568992838263503 35.601407125592232 1.2002738341689108 1.2917626984417441 0.95903371274471172 2.6704381629824629 0.98488050326704979
leaf_count=1343 101 532 103 575 105 381 10 74 399 24 24 10 45 12
internal_value=0.00100269 0.0189383 0.0303221 0.0123917 0.0314701 -0.000972323 -0.035613 0.0164018 0.0249748 0.0504595 -0.0422428 0.00311136 -0.0448783 0.0306925
internal_weight=235.715 167.221 138.913 115.749 88.1068 64.5103 28.308 46.3925 41.0356 2.80295 68.4942 3.23568 65.2585 1.94391
internal_count=3738 2304 1738 1635 1060 955 566 574 500 34 1434 46 1388 22
is_linear=0
shrinkage=0.05


Tree=101
num_leaves=4
num_cat=0
split_feature=9 11 12
split_gain=247.377 140.888 167.643
threshold=1.0000000180025095e-35 1.0000000180025095e-35 -0.61019242347065372
decision_type=2 2 2
left_child=1 2 -1
right_child=-2 -3 -4
leaf_value=-0.046509272735403943 -0.048526411560136637 -0.047410902532570673 0.11331925126540199
leaf_weight=20.394589882344007 130.58191251009703 28.037686187773943 75.18004222214222
leaf_count=399 2546 500 293
internal_value=-0.000528943 0.0499645 0.0788888
internal_weight=254.194 123.612 95.5746
internal_count=3738 1192 692
is_linear=0
shrinkage=0.05


Tree=102
num_leaves=24
num_cat=0
split_feature=12 2 2 0 0 7 8 11 12 12 12 4 10 0 0 12 4 5 5 12 12 12 11
split_gain=83.3571 40.7075 60.3952 61.4374 75.2299 30.9776 16.1342 11.202 13.5089 5.78715 9.70606 5.21076 4.98068 6.72362 8.16178 3.03024 2.92152 1.658 1.42832 1.33495 1.29108 4.07693 0.508817
threshold=0.44599909044656694 -0.13375932129707455 -0.032297829533450409 0.622770704041819 0.7151964851157272 -0.80141915828404298 0.75717670095063261 1.0000000180025095e-35 0.58829557400410915 0.53833304543325322 0.4869264851734364 0.83514253937991956 0.83229470601607602 0.25512975705573732 0.35432663305715634 0.58143795816865362 1.337281461914243 0.1731423363955987 0.21227094931662729 0.60774134895723775 0.60320364830070361 0.60127115105159834 1.0000000180025095e-35
decision_type=2 2 2 2 2 2 2 2 2 2 2 2 2 2 2 2 2 2 2 2 2 2 2
left_child=12 5 -3 -4 -5 6 -2 -8 9 10 -9 -6 16 -14 -15 -11 22 -16 -19 -7 21 -10 -1
right_child=1 2 3 4 11 19 7 8 20 15 -12 -13 13 14 17 -17 -18 18 -20 -21 -22 -23 -24
leaf_value=-0.047076809944174132 0.1580823014669038 0.11233815093783883 -0.046768066357326228 0.11600356740668522 -0.04489941986729825 -0.047010123539350072 -0.041931046524007448 -0.038783775053614307 0.063204429672382309 -0.042625711535052568 0.052930843636761704 0.051195412774249938 -0.041038899765988089 0.11596731533338769 -0.032114066813633067 0.0061326253327783214 0.024333394755291487 0.059899276532914693 -0.0047921712482536993 0 0.11065988377392616 0 -0.029133577926331967
leaf_weight=59.479609616100788 1.5947012752294529 24.422572433948517 21.674939587712288 21.455182895064354 11.835487525910136 27.18729863315821 6.7670831829309455 3.4434767179191139 9.3835311941802484 7.2367719113826734 8.8380834497511369 0.93844904005527574 5.8183133639395219 1.4844455122947691 2.300975259393454 3.8830005452036858 0.84034202992916007 0.85165242105722405 0.61334884911775589 0.53270035982131858 2.0763533115386954 2.4502710923552504 17.072342969477177
leaf_count=1230 9 99 432 84 236 551 140 42 79 134 87 7 115 7 37 45 11 10 10 10 9 31 323
internal_value=0.000540463 0.022874 0.0473772 0.0178105 0.0595081 -0.00374478 0.0211376 0.0139048 0.0251134 0.000561626 0.0247489 -0.0342938 -0.0378983 -0.00375917 0.0331815 -0.0239167 -0.0424044 -0.00335751 0.0257647 -0.0452766 0.0632297 0.048732 -0.0436146
internal_weight=242.181 153.72 80.3266 55.9041 34.2291 73.3933 45.6733 44.0786 37.3115 23.4013 12.2816 12.7739 88.461 11.0687 5.25042 11.1198 77.3923 3.76598 1.465 27.72 13.9102 11.8338 76.552
internal_count=3738 1995 858 759 327 1137 576 567 427 308 129 243 1743 179 64 179 1564 57 20 561 119 110 1553
is_linear=0
shrinkage=0.05


Tree=103
num_leaves=16
num_cat=0
split_feature=1 1 12 11 9 12 7 7 5 12 12 1 2 12 2
split_gain=85.3443 180.688 26.253 20.3407 42.36 23.1383 19.9928 25.7597 8.4271 7.31131 13.871 2.68284 54.4798 1.33195 0.118536
threshold=0.47159944514707869 0.21264593328670955 0.59427929929418977 1.0000000180025095e-35 1.0000000180025095e-35 0.41615091738989435 -0.62047307571279608 -0.23424561267998023 -0.058961481158684582 0.58285430565867624 0.5548702868609241 0.27611122747241235 1.0000000180025095e-35 0.58829557400410915 -0.10856040636759121
decision_type=2 2 2 2 2 2 2 2 2 2 2 2 2 2 2
left_child=1 3 8 -1 5 -5 9 13 14 10 -7 -10 -13 -8 -3
right_child=-2 2 -4 4 -6 6 7 -9 11 -11 -12 12 -14 -15 -16
leaf_value=-0.047420447249911103 -0.047915673474616935 0 -0.036497068078870543 0.10244885437371139 -0.04715639999894386 -0.031115428743264478 0.19162327681693397 -0.033053981059642926 0.11540291900531351 -0.044092074189821182 0.050274770647609539 -0.042664027136382822 0.11454650857672995 0.054096214897661213 -0.014893658110605723
leaf_weight=39.030401486903429 64.21877108886838 0.65709018707275391 3.518382564187049 8.1771375238895398 30.84901899471879 9.8114403598010558 2.5234339833259587 2.2872863672673729 25.726429365575314 8.9315732195973379 9.8756309822201711 6.4473201856017139 25.454703211784363 1.3819069191813467 0.93971241638064273
leaf_count=828 1358 9 71 45 642 133 15 28 104 153 113 111 99 13 16
internal_value=0.00107621 0.019219 0.0869593 -0.0184349 -0.00256103 0.0290405 0.00988249 0.0880123 0.0949561 -0.00738599 0.00870793 0.0981142 0.081835 0.160297 -0.00331325
internal_weight=239.83 175.611 62.7436 112.868 73.8374 42.9884 34.8113 6.19263 59.2253 28.6186 19.6871 57.6285 31.902 3.90534 1.5968
internal_count=3738 2380 410 1970 1142 500 455 56 339 399 246 314 210 28 25
is_linear=0
shrinkage=0.05


Tree=104
num_leaves=22
num_cat=0
split_feature=1 12 12 12 5 0 8 7 5 0 0 7 7 3 0 12 3 12 12 12 7
split_gain=138.246 108.59 19.183 15.4546 14.3257 12.1375 6.23822 10.4528 5.26227 4.94787 49.1365 3.7336 3.27278 2.09803 2.71298 1.9997 6.5395 8.0133 4.73174 8.01461 1.46528
threshold=0.54800291430058057 0.47376359192175682 -0.4721624026331433 0.30321482450144827 0.32254249482134428 0.99169701899862328 -0.69586755156635516 0.4313714202086269 0.14112801673293893 0.95578048476279687 0.622770704041819 0.83040247202694351 0.53151074706740975 0.86624202299007624 0.62351174661972253 0.53833304543325322 -1.1199937158875974 0.59552136339450767 0.58565604644136637 0.55879927286681419 -0.70297567099949865
decision_type=2 2 2 2 2 2 2 2 2 2 2 2 2 2 2 2 2 2 2 2 2
left_child=6 2 -2 20 5 9 7 -1 12 10 -3 -9 -5 14 -14 -8 17 18 19 -17 -4
right_child=1 4 3 8 -6 -7 15 11 -10 -11 -12 -13 13 -15 -16 16 -18 -19 -20 -21 -22
leaf_value=-0.03872948848555359 -0.046150056658160341 0.11755205818520897 0 -0.023280604126821418 -0.027321241626153389 -0.024470790374422933 -0.046629614779553859 0.13311113883094317 -0.040677629786922347 0.12548908631940353 -0.040826495491284885 0.0087443314599500513 0.069465984971133404 0.088391066270436275 -0.024043562043862717 0.046325028965174951 -0.046515641153626767 -0.043439252287069678 0.060446891888197962 -0.040683654816405686 0.099268282906885177
leaf_weight=4.4397116601467124 22.418416421860456 21.086939275264744 0.19374103844165791 1.4549835361540298 1.8316817320883263 1.4288578629493702 56.458826616406441 1.0848557204008105 5.7099431231617928 21.708893999457359 5.7853658497333518 1.9034713469445703 0.66749042272567827 1.5321302302181719 1.522863946855068 4.0889151543378848 26.312421515583992 9.2582244500517827 3.6004679501056662 5.6660846881568432 4.7031864561140528
leaf_count=93 562 83 3 34 43 21 1374 6 127 88 123 19 3 11 37 40 650 212 63 119 27
internal_value=0.00070528 0.0468856 -0.0164541 0.0243097 0.0937502 0.0989061 -0.0359783 0.00512941 -0.00755508 0.103257 0.0824183 0.0736682 0.0249359 0.0502278 0.00277436 -0.0391224 -0.0295695 -0.00819024 0.0151264 -0.00129471 0.0939238
internal_weight=202.857 90.0445 38.2028 15.7843 51.8417 50.0101 112.813 7.42804 10.8874 48.5812 26.8723 2.98833 5.17747 3.72248 2.19035 105.385 48.9261 22.6137 13.3555 9.755 4.89693
internal_count=3738 1162 804 242 358 315 2576 118 212 294 206 25 85 51 40 2458 1084 434 222 159 30
is_linear=0
shrinkage=0.05


Tree=105
num_leaves=17
num_cat=0
split_feature=12 2 2 2 1 12 7 10 0 2 7 12 0 2 7 12
split_gain=110.463 73.2704 52.6304 32.0135 54.1885 21.132 20.6125 5.28056 19.3371 36.4705 2.40295 2.4747 2.01655 14.9923 1.78491 1.34176
threshold=0.52224063827897504 1.0000000180025095e-35 -0.10547446971294337 -0.20043766062907589 0.10276952604429879 0.58829557400410915 -0.87162691665751635 0.5840239497523928 0.17267619601207893 -0.21732401427085371 0.29222778314235881 0.59384792116722518 0.35718797393111279 -0.032297829533450409 0.67904879002615826 0.53664885778803806
decision_type=2 2 2 2 2 2 2 2 2 2 2 2 2 2 2 2
left_child=7 2 3 4 5 6 15 -1 9 -9 11 -7 13 -10 -12 -2
right_child=1 -3 -4 -5 -6 10 -8 8 12 -11 14 -13 -14 -15 -16 -17
leaf_value=-0.046136708807062318 0.010260927328188701 -0.046576575438496345 0.11402548142482505 -0.044776303490268669 0.11240669508401376 0 -0.040907004077761974 -0.042508012835770673 -0.043097771627988016 0.11701359166962014 0.061736918347437789 -0.041845780120974382 -0.047075602536326075 0.11818375308378147 -0.012111899286626433 0.063434034671830675
leaf_weight=57.681973207741976 2.6924450024962487 23.134778302162886 24.718017980456352 11.45860408246517 19.737650282680988 3.5992236994206968 5.7284578867256633 7.4624447003006935 7.9897819273173809 5.884253576397894 0.82359809055924305 13.562683198601006 29.910716604441404 1.1993855386972407 0.81752745807170868 22.978744730353355
leaf_count=1209 24 491 96 238 80 45 115 156 156 24 9 267 629 6 12 181
internal_value=0.00137183 0.0327662 0.0504357 0.0302422 0.0431183 0.014544 0.0397284 -0.0352296 -0.0224392 0.0277017 -0.0261565 -0.0323101 -0.0403197 -0.0144544 0.0190354 0.059115
internal_weight=239.38 129.252 106.117 81.3989 69.9403 50.2027 31.3996 110.129 52.4466 13.3467 18.803 17.1619 39.0999 9.18917 1.64113 25.6712
internal_count=3738 1558 1067 971 733 653 320 2180 971 180 333 312 791 162 21 205
is_linear=0
shrinkage=0.05


Tree=106
num_leaves=16
num_cat=0
split_feature=11 1 2 3 12 9 5 12 1 0 12 12 3 4 12
split_gain=84.2412 81.7793 80.2491 49.1349 29.9677 47.2109 28.4901 10.9785 10.2822 71.8927 6.55815 4.34453 1.14386 1.02285 0.779179
threshold=1.0000000180025095e-35 0.47159944514707869 0.43488250302248771 -1.1199937158875974 0.60022009859455372 1.0000000180025095e-35 0.48883909973571577 0.59493201142161145 0.70335825560759146 0.54174446030130219 0.48986355760699651 0.52224063827897504 0.56657788326451963 1.337281461914243 0.53176385470940313
decision_type=2 2 2 2 2 2 2 2 2 2 2 2 2 2 2
left_child=13 3 6 4 5 7 8 -2 9 -3 -7 -12 -5 -1 -8
right_child=1 2 -4 12 -6 10 14 -9 -10 -11 11 -13 -14 -15 -16
leaf_value=-0.045935454217924263 -0.047059468017822459 0.11222622167267403 -0.0456785982445162 -0.047832206208117324 0.1086901864148665 0.11230382508312563 -0.038543993409323379 0.037010805859422652 0.11593587636764624 -0.044068103975670153 0.057782329594858586 -0.025937450844099125 0 0 0
leaf_weight=69.762239765375853 22.28390979394317 25.375944495201111 15.040108114480971 48.108726479113102 8.1181754618883115 7.5242084413766843 4.2048649676144114 3.9551700651645652 25.556708768010139 9.6944652311503869 3.8428220152854919 1.5656206458806989 0.76876185461878677 0.82572552189230819 0.56195462495088566
leaf_count=1420 388 98 297 967 47 37 78 41 100 188 22 21 13 14 7
internal_value=0.000602985 0.0191567 0.0562533 -0.0117427 0.0241246 0.00481959 0.080245 -0.032997 0.0895775 0.068307 0.0817791 0.0291721 -0.0468443 -0.0452723 -0.0309398
internal_weight=247.189 176.601 80.434 96.1674 47.2899 39.1717 65.3939 26.2391 60.6271 35.0704 12.9327 5.40844 48.8775 70.588 4.76682
internal_count=3738 2304 768 1536 556 509 471 429 386 286 80 43 980 1434 85
is_linear=0
shrinkage=0.05


Tree=107
num_leaves=15
num_cat=0
split_feature=12 0 11 1 1 0 7 7 10 0 0 0 2 12
split_gain=127.295 102.101 34.1879 21.5415 29.5293 21.1839 11.303 6.48949 5.57213 27.8572 24.6633 10.9041 14.2993 1.81458
threshold=0.54743827496323794 0.25512975705573732 1.0000000180025095e-35 0.18889772340024 0.10276952604429879 1.0000000180025095e-35 -0.63353104043443242 -0.71035257314743605 0.5840239497523928 0.213873916040657 0.098056673322155147 0.16547813537603231 -0.1766015278065485 0.55879927286681419
decision_type=2 2 2 2 2 2 2 2 2 2 2 2 2 2
left_child=8 2 -2 4 5 6 7 -4 -1 10 -10 -12 -13 -8
right_child=1 -3 3 -5 -6 -7 13 -9 9 -11 11 12 -14 -15
leaf_value=-0.047179016030932247 -0.041932236890118636 -0.046973498618187448 0.045188677385166624 0.11330119500610214 -0.041872559419617261 0.11270480950974245 0.019975290096927417 0.13350282841327954 -0.042707533242978844 -0.047577068329599265 0.11368033727498401 -0.038067079360551488 0.10827339864735563 -0.038333273766785581
leaf_weight=61.935954313725233 6.7680099606513968 27.648844391107559 32.063453868031502 22.41683267056942 6.5708390027284613 16.982664972543716 0.90326853841543098 2.3250960111618033 7.7270098738372353 41.270739357918501 5.9863499701023084 3.9333771839737892 2.1024709194898605 4.0212231278419495
leaf_count=1264 140 572 281 87 129 66 9 11 161 847 24 69 9 69
internal_value=-0.000356956 0.0361661 0.0615271 0.0702256 0.0536984 0.065564 0.0434123 0.0537041 -0.0361179 -0.0241922 0.0234097 0.0679101 0.0134661 -0.022174
internal_weight=242.656 119.7 92.0514 85.2834 62.8665 56.2957 39.313 34.3885 122.956 61.0199 19.7492 12.0222 6.03585 4.92449
internal_count=3738 1364 792 652 565 436 370 292 2374 1110 263 102 78 78
is_linear=0
shrinkage=0.05


Tree=108
num_leaves=6
num_cat=0
split_feature=12 12 4 12 12
split_gain=240.498 222.473 11.6518 0.430452 1.83812
threshold=-0.4721624026331433 -0.71117960341215991 0.88079153233758534 -0.72166332319269699 -0.72094877373613842
decision_type=2 2 2 2 2
left_child=1 2 3 -1 -5
right_child=-2 -3 -4 4 -6
leaf_value=-0.047202976764957827 -0.048276000179506291 0.11024328961819972 0.10560442801683648 0.03079980850369643 -0.034638222964661763
leaf_weight=34.254334110766649 124.67923100665212 65.641938641667366 0.77627220004796882 0.74496741592884097 3.0100249201059333
leaf_count=741 2650 263 8 13 63
internal_value=-0.00137371 0.0543493 -0.0398101 -0.0447617 -0.0136866
internal_weight=229.107 104.428 38.7856 38.0093 3.75499
internal_count=3738 1088 825 817 76
is_linear=0
shrinkage=0.05


Tree=109
num_leaves=12
num_cat=0
split_feature=2 0 11 12 9 12 7 12 12 12 8
split_gain=168.869 203.803 36.9387 33.5207 19.768 6.29935 4.25285 0.72229 0.671672 0.325018 0.251662
threshold=-0.36786508282093527 -0.74900640794044093 1.0000000180025095e-35 0.5548702868609241 1.0000000180025095e-35 0.40839673818437422 0.1893751129647944 0.56027857368169565 0.39018893724194764 0.53833304543325322 -1.0000000180025095e-35
decision_type=2 2 2 2 2 2 2 2 2 2 2
left_child=1 2 -1 4 5 8 7 -5 -4 10 -7
right_child=-2 -3 3 6 -6 9 -8 -9 -10 -11 -12
leaf_value=-0.047387286693655273 -0.048222397356356299 0.11432505339282198 -0.020843118350602874 0 -0.039901559642058007 0.030521099992369672 0.033099180343919218 -0.045913208852942623 0.018154177742576039 0.031691796949146714 0.085423807954907977
leaf_weight=37.882037594914436 102.60268318653107 51.703873425722122 1.2378454916179245 1.0619904473424018 4.5721531361341468 2.4892264530062773 1.301629103720187 15.334167230874298 2.3042153716087341 3.1002033129334441 17.149682760238644
leaf_count=801 2151 200 20 14 69 20 18 286 18 31 110
internal_value=0.000133112 0.0362744 -0.0105166 0.0179319 0.0494472 0.0663795 -0.0354853 -0.0432279 0 0.075865 0.0806368
internal_weight=240.74 138.137 86.4332 48.5511 30.8533 26.2812 17.6978 16.3962 3.54206 22.7391 19.6389
internal_count=3738 1587 1387 586 268 199 318 300 38 161 130
is_linear=0
shrinkage=0.05


Tree=110
num_leaves=5
num_cat=0
split_feature=2 12 12 3
split_gain=331.679 69.6821 107.866 0.578971
threshold=1.9847502597766287 -0.71117960341215991 -0.73724058808881787 1.9478334108384778
decision_type=2 2 2 2
left_child=1 2 -1 -2
right_child=3 -3 -4 -5
leaf_value=-0.043245944002381104 0.033045010842484922 -0.048405853924080575 0.1085663080987799 0.11398915265301701
leaf_weight=26.699355822056532 1.6055607125163067 141.37533036991954 19.920721739530563 49.388368263840675
leaf_count=553 10 2906 78 191
internal_value=-8.57861e-05 -0.0309125 0.0215564 0.112272
internal_weight=238.989 187.995 46.6201 50.9939
internal_count=3738 3537 631 201
is_linear=0
shrinkage=0.05


Tree=111
num_leaves=4
num_cat=0
split_feature=12 11 1
split_gain=369.302 111.723 27.2368
threshold=-0.75431068484562347 -1.6990170119783667 2.0680532108252017
decision_type=2 2 2
left_child=1 -1 -3
right_child=-2 2 -4
leaf_value=-0.045210111030652318 -0.048428480858964985 0.11414297528893791 -0.033827427706336288
leaf_weight=13.841111417859791 152.02138897776604 67.101390391588211 2.7800957746803752
leaf_count=295 3127 262 54
internal_value=-0.00192376 0.0820077 0.107703
internal_weight=235.744 83.7226 69.8815
internal_count=3738 611 316
is_linear=0
shrinkage=0.05


end of trees

feature_importances:
attack_entropy=461
delta_pps_5w=187
pps_variance=124
delta_pps_10w=112
top_ip_pps_1min=94
new_ips_ratio=74
ratio_vs_baseline=57
pps_baseline=49
num_heavy_hitters=46
top_ip_pps_50ms=44
ratio_50ms_1min=30
ip_concentration=29

parameters:
[boosting: gbdt]
[objective: multiclass]
[metric: multi_logloss]
[tree_learner: serial]
[device_type: cpu]
[data_sample_strategy: bagging]
[data: ]
[valid: ]
[num_iterations: 300]
[learning_rate: 0.05]
[num_leaves: 63]
[num_threads: 0]
[seed: 42]
[deterministic: 0]
[force_col_wise: 0]
[force_row_wise: 0]
[histogram_pool_size: -1]
[max_depth: 8]
[min_data_in_leaf: 10]
[min_sum_hessian_in_leaf: 0.001]
[bagging_fraction: 0.85]
[pos_bagging_fraction: 1]
[neg_bagging_fraction: 1]
[bagging_freq: 5]
[bagging_seed: 400]
[bagging_by_query: 0]
[feature_fraction: 0.9]
[feature_fraction_bynode: 1]
[feature_fraction_seed: 30056]
[extra_trees: 0]
[extra_seed: 12879]
[early_stopping_round: 0]
[early_stopping_min_delta: 0]
[first_metric_only: 0]
[max_delta_step: 0]
[lambda_l1: 0.5]
[lambda_l2: 0.5]
[linear_lambda: 0]
[min_gain_to_split: 0.01]
[drop_rate: 0.1]
[max_drop: 50]
[skip_drop: 0.5]
[xgboost_dart_mode: 0]
[uniform_drop: 0]
[drop_seed: 17869]
[top_rate: 0.2]
[other_rate: 0.1]
[min_data_per_group: 100]
[max_cat_threshold: 32]
[cat_l2: 10]
[cat_smooth: 10]
[max_cat_to_onehot: 4]
[top_k: 20]
[monotone_constraints: ]
[monotone_constraints_method: basic]
[monotone_penalty: 0]
[feature_contri: ]
[forcedsplits_filename: ]
[refit_decay_rate: 0.9]
[cegb_tradeoff: 1]
[cegb_penalty_split: 0]
[cegb_penalty_feature_lazy: ]
[cegb_penalty_feature_coupled: ]
[path_smooth: 0]
[interaction_constraints: ]
[verbosity: -1]
[saved_feature_importance_type: 0]
[use_quantized_grad: 0]
[num_grad_quant_bins: 4]
[quant_train_renew_leaf: 0]
[stochastic_rounding: 1]
[linear_tree: 0]
[max_bin: 255]
[max_bin_by_feature: ]
[min_data_in_bin: 3]
[bin_construct_sample_cnt: 200000]
[data_random_seed: 175]
[is_enable_sparse: 1]
[enable_bundle: 1]
[use_missing: 1]
[zero_as_missing: 0]
[feature_pre_filter: 1]
[pre_partition: 0]
[two_round: 0]
[header: 0]
[label_column: ]
[weight_column: ]
[group_column: ]
[ignore_column: ]
[categorical_feature: ]
[forcedbins_filename: ]
[precise_float_parser: 0]
[parser_config_file: ]
[objective_seed: 16083]
[num_class: 14]
[is_unbalance: 0]
[scale_pos_weight: 1]
[sigmoid: 1]
[boost_from_average: 1]
[reg_sqrt: 0]
[alpha: 0.9]
[fair_c: 1]
[poisson_max_delta_step: 0.7]
[tweedie_variance_power: 1.5]
[lambdarank_truncation_level: 30]
[lambdarank_norm: 1]
[label_gain: ]
[lambdarank_position_bias_regularization: 0]
[eval_at: ]
[multi_error_top_k: 1]
[auc_mu_weights: ]
[num_machines: 1]
[local_listen_port: 12400]
[time_out: 120]
[machine_list_filename: ]
[machines: ]
[gpu_platform_id: -1]
[gpu_device_id: -1]
[gpu_use_dp: 0]
[num_gpu: 1]

end of parameters

pandas_categorical:null
