tree
version=v4
num_class=14
num_tree_per_iteration=14
label_index=0
max_feature_idx=63
objective=multiclass num_class:14
feature_names=delta_pps_5w delta_pps_10w pps_variance pps_baseline ratio_vs_baseline top_ip_pps_50ms top_ip_pps_1s top_ip_pps_1min ratio_50ms_1min num_heavy_hitters ip_concentration new_ips_ratio attack_entropy adaptive_threshold pps_dns heavy_hitters_dns ip_concentration_dns ratio_vs_total_dns pps_ntp heavy_hitters_ntp ip_concentration_ntp ratio_vs_total_ntp pps_snmp heavy_hitters_snmp ip_concentration_snmp ratio_vs_total_snmp pps_ssdp heavy_hitters_ssdp ip_concentration_ssdp ratio_vs_total_ssdp pps_portmap heavy_hitters_portmap ip_concentration_portmap ratio_vs_total_portmap pps_netbios heavy_hitters_netbios ip_concentration_netbios ratio_vs_total_netbios pps_ldap heavy_hitters_ldap ip_concentration_ldap ratio_vs_total_ldap pps_mssql heavy_hitters_mssql ip_concentration_mssql ratio_vs_total_mssql pps_tftp heavy_hitters_tftp ip_concentration_tftp ratio_vs_total_tftp pps_syn heavy_hitters_syn ip_concentration_syn ratio_vs_total_syn pps_http heavy_hitters_http ip_concentration_http ratio_vs_total_http pps_udp_other heavy_hitters_udp_other ip_concentration_udp_other ratio_vs_total_udp_other avg_packet_size packet_size_variance
feature_infos=[-1.3188556141398213:1.9517232213912925] [-1.3186421745941566:1.936425327323146] [-0.94250555564071647:2.6887700614257803] [-1.297720913034133:3.0358298077146908] [-0.80563235158314128:35.808890320539668] [-1.3918878180068377:2.7774293085492419] [-0.99684887986107784:3.4262998983208535] [-0.95815014996107228:3.9691005110829147] [-0.53295243923221491:18.354199563269692] none [-1.5322981974631031:1.6301611640284528] [-0.4764220300462178:2.0989793438036224] [-4.2481156288936566:0.50730460678895495] [-1.3233604814474764:2.3336033870583104] [-0.24932162596689494:4.5864926222352382] [-0.24964882690910353:4.0056266731992194] [-0.23518105032528924:10.179437011537972] [-0.25203327762402367:4.0171921936045312] [-0.24789959751679017:4.7800501706553531] [-0.2484519974999766:4.0249223594996213] [-0.24277908992526376:8.3904849538246751] [-0.2520334885882467:3.9814876294896102] [-0.24974605185349449:4.6550542925228768] [-0.25084128112136322:3.9865846463930934] [-0.23966384989929315:9.1531577672941253] [-0.25264899088273318:4.0645006097483032] [-0.25092201909053397:4.6257970914048414] [-0.25084128112136322:3.9865846463930934] [-0.24110244641390532:9.3036887914999244] [-0.25202629773091495:4.2837570421968145] [-0.25181148530629416:4.6925509231659239] [-0.25321331990404433:3.9492393227139546] [-0.24042630528407777:10.646375074326361] [-0.25321729282866839:3.9566465525414838] [-0.25069258500020136:4.8609100798799361] [-0.25084128112136317:3.986584646393093] [-0.25517083862786183:7.8144043001581363] [-0.25322148968701419:3.9668319449201097] [-0.25116678713983831:4.7500887627460751] [-0.25084128112136317:3.986584646393093] [-0.24746153732415024:8.3044849009197161] [-0.25321736870090911:3.9550508091426013] [-0.2476011856525146:5.6117750775404751] [-0.2510131352027859:3.9864782928915341] [-0.22861652749866393:13.362254552535809] [-0.25321698410558791:3.9648784946924271] [-0.25096366686949756:4.4090292041007588] [-0.25321331990404439:3.9492393227139551] [-0.20618628163011901:25.959233410505853] [-0.25321121176490352:3.9697101730067805] [-0.35309497469924317:3.5132331010296296] [-0.35899621393952291:2.7855446970492612] [-0.35897567822713994:2.8771948270749377] [-0.33825531362154343:3.6011229587912097] [-0.24316518603317036:4.8653552150110064] [-0.24361958853789423:4.1047602370630107] [-0.24360518125432937:4.242897131787835] [-0.24338965784229358:4.6231452441929886] [-0.24778418206235994:4.4773791928321609] [-0.24845199749997657:4.0249223594996204] [-0.24844654254503454:4.1164051841340017] [-0.24844593543387006:4.0343743647011392] [-0.97187972687736301:3.4030692171432122] [-0.26252709508443578:6.5327167810444164]
tree_sizes=456 557 461 459 460 461 461 461 460 565 655 461 455 559 466 563 451 356 444 453 560 471 453 471 662 474 467 472 467 562 452 366 444 452 563 471 455 562 572 472 472 581 364 560 452 368 444 453 564 472 560 563 576 474 468 577 364 559 454 368 443 454 559 472 556 561 470 473 468 575 365 561 471 366 454 461 452 454 565 454 659 473 467 571 363 560 474 368 454 458 452 444 453 451 659 473 466 571 468 563 474 367 456 463 563 444 560 455 558 476 578 573 367 561 473 370 454 462 558 446 561 454 554 475 580 574 366 563 476 359 445 462 560 447 565 474 560 477 471 573 367 562 475 360 475 473 475 463 564 476 558 476 567 564 474 475 470 371 478 474 558 463 563 475 557 476 569 565 367 560 474 371 472 473 563 459 566 476 470 476 469 561 367 561 472 371 474 473 563 570 561 477 558 475 569 552 464 559 477 370 471 475 563 573 472 477 557 465 571 555 365 369 465 369 474 368 584 445 472 561 550 476 556 563 470 476 465 370 473 474 583 444 456 563 634 476 559 563 366 370 465 370 475 472 669 445 566 564 635 476 557 563 468 478 464 360 473 578 585 446 566 474 549 476 471 562 367 477 465 356 470 560 581 446 476 562 634 475 558 560 466 576 569 359 476 475 471 581 551 573 472 474 473 577 366 474 462 359 476 475 477 579 549 573 556 475 477 579 467 561 561 369 474 475 477 475 552 574 474 476 477 577 469 582 560 370 475 473 475 570 554 573 559 474 472 576 367 580 568 371 475 474 476 580 551 556 472 475 474 580 468 572 583 369 464 463 582 452 477 572 470 476 472 579 467 571 585 369 463 464 582 562 477 446 472 477 473 581 365 572 582 369 463 464 581 562 457 569 471 477 473 580 365 573 585 370 463 462 569 566 458 574 470 477 471 580 468 574 582 369 462 474 572 563 566 567 471 476 472 582 469 474 582 369 476 474 561 580 551 661 559 477 549 454 470 476 571 370 474 473 564 582 552 661 559 477 547 582 469 463 675 369 475 471 564 580 552 658 647 478 549 583 460 465 573 370 475 474 564 583 542 661 646 477 548 581 462 463 673 370 476 474 565 582 542 660 635 477 541 580 462 570 582 369 658 445 561 574 553 586 557 479 577 582 466 559 582 368 657 445 563 577 576 584 559 479 573 452 461 559 675 365 658 445 568 576 577 583 558 477 574 581 462 560 581 369 656 443 563 554 574 583 556 479 575 582 464 558 583 369 659 445 562 557 569 581 557 478 577 580 463 567 560 370 650 581 368 581 544 448 656 367 472 582 462 566 561 369 649 582 370 571 547 575 655 369 472 582 463 566 569 367 653 471 370 580 544 572 657 478 471 582 465 566 561 364 651 576 367 581 560 573 653 369 471 582 463 567 562 369 651 561 476 582 561 577 654 477 473 581 474 564 560 367 474 575 477 460 478 574 537 478 470 445 365 566 561 369 473 560 478 460 477 561 667 480 468 566 366 567 571 368 465 575 476 465 455 564 580 370 578 446 366 562 573 370 463 576 476 457 457 565 675 479 578 446 364 567 573 368 466 578 476 460 454 563 652 477 580 446 347 559 469 369 620 571 562 546 456 563 557 446 441 588 348 558 474 370 540 571 560 634 458 563 562 447 442 568 347 560 474 370 621 571 553 544 457 566 543 445 443 570 348 562 475 371 617 574 561 547 457 564 443 446 445 565 348 562 473 371 620 571 559 547 445 565 443 447 443 477 347 566 561 360 540 566 562 561 453 561 539 446 539 369 347 560 561 360 620 568 560 558 456 568 535 449 551 369 348 562 562 359 668 568 561 564 454 565 535 447 555 369 347 563 562 359 623 567 561 566 455 568 537 449 550 367 348 563 563 360 621 567 550 564 455 566 538 448 555 369 347 551 564 360 527 573 553 647 449 446 529 446 474 448 349 554 563 358 529 575 553 649 448 448 443 446 366 447 348 554 565 358 530 576 550 551 448 447 530 447 473 447 348 552 562 360 526 573 550 637 448 448 534 447 366 448 370 554 564 360 660 573 546 637 361 448 439 445 473 447 357 575 560 359 550 715 552 529 555 565 540 371 472 478 357 578 566 360 620 717 561 529 554 565 540 371 474 480 359 578 564 358 624 625 564 530 554 565 648 370 475 479 357 554 447 360 616 714 555 467 554 567 565 370 475 372 357 579 447 359 618 712 557 529 553 566 542 371 366 481 345 521 564 360 636 658 550 537 369 561 542 371 540 548 348 580 552 360 627 627 553 452 369 563 546 372 544 546 350 579 552 359 619 651 556 451 370 564 456 374 545 549 348 581 553 361 540 629 558 451 370 562 456 375 552 437 349 580 555 361 622 633 560 452 370 563 546 375 552 436 228 718 557 360 620 535 552 555 693 630 368 463 554 537 228 713 560 361 618 630 435 530 694 629 368 461 552 529 228 533 557 361 523 625 435 533 694 631 369 463 557 540 228 472 548 361 533 626 558 533 778 543 369 461 559 538 228 473 547 360 533 627 431 533 692 543 369 464 550 438 367 724 436 361 440 724 628 446 460 541 448 365 366 372 368 471 437 361 440 727 629 445 462 609 450 363 365 372 368 474 437 358 439 641 631 447 461 610 440 364 367 373 366 629 436 361 440 730 629 446 459 611 441 366 368 373 370 473 612 359 440 731 629 447 461 609 438 364 368 373 228 472 557 360 626 631 538 449 775 522 360 440 438 437 228 475 539 361 626 715 538 448 776 522 361 525 437 440 228 473 556 361 625 715 537 446 694 522 361 526 436 440 228 448 523 361 625 715 540 447 694 524 361 518 439 530 228 451 556 362 540 714 539 449 608 525 361 519 438 440 228 577 528 362 623 531 559 434 607 537 360 343 366 438 228 580 529 360 628 531 613 433 606 436 362 343 369 439 228 437 427 362 629 532 610 522 696 538 361 342 368 439 228 582 427 361 630 534 650 431 696 535 362 343 368 438 228 580 427 360 626 530 792 434 696 523 362 343 369 437 351 228 455 361 634 622 538 533 373 228 369 432 440 438 353 228 456 359 631 618 475 436 373 228 370 432 439 435 352 228 456 362 632 619 541 440 372 228 371 343 440 438 351 228 628 362 633 623 542 436 372 228 369 342 440 437 353 228 457 360 630 621 544 434 373 228 371 343 440 438 228 560 531 361 228 447 651 444 692 535 547 373 439 372 228 559 340 360 451 447 652 444 606 534 460 372 339 374 228 564 228 362 450 448 651 445 609 450 460 376 339 372 228 562 429 360 449 445 524 443 605 533 458 375 339 374 228 562 228 361 452 446 524 444 695 536 459 376 339 374 353 622 228 362 228 469 545 437 805 436 228 432 438 364 352 626 228 360 228 473 724 521 717 436 228 343 438 228 353 623 228 360 228 228 721 524 715 435 228 342 439 228 351 625 228 361 228 228 722 613 720 437 228 343 437 228 228 342 228 359 228 228 634 438 805 437 228 341 438 228 228 527 431 360 627 522 560 445 374 228 340 365 371 228 228 528 431 362 631 523 708 445 374 228 340 362 376 228 228 527 430 363 630 523 523 445 375 228 340 365 370 228 228 541 431 363 523 525 526 445 377 228 340 366 370 228 228 539 428 364 630 515 523 444 354 228 340 364 371 228 228 432 460 364 228 521 529 436 428 228 228 365 371 528 228 228 458 363 228 523 528 437 431 228 228 365 376 438 228 228 460 362 228 521 527 440 427 228 228 364 370 440 228 228 459 364 228 436 619 439 428 228 228 365 371 439 228 228 462 364 228 525 618 349 430 228 228 364 376 438

Tree=0
num_leaves=3
num_cat=0
split_feature=12 7
split_gain=711.466 105.899
threshold=0.49134678747263855 0.30009667238085086
decision_type=2 2
left_child=-1 -2
right_child=1 -3
leaf_value=-2.8236822413759719 -2.3338256663300223 -2.7959425549143018
leaf_weight=91.693678259849548 8.8796762600541097 1.2595285475254048
leaf_count=1456 141 20
internal_value=-2.77878 -2.39188
internal_weight=101.833 10.1392
internal_count=1617 161
is_linear=0
shrinkage=1


Tree=1
num_leaves=4
num_cat=0
split_feature=15 8 8
split_gain=1249.91 2.60114 1.14653
threshold=1.0000000180025095e-35 -0.52456312342282096 2.535039509601559
decision_type=2 2 2
left_child=1 -1 -3
right_child=-2 2 -4
leaf_value=-2.7654212783355958 -2.0933859662731971 -2.8221100512643824 -2.7747051251461587
leaf_weight=1.1965521201491345 5.7938313186168662 94.08678250014782 0.75571712851524253
leaf_count=19 92 1494 12
internal_value=-2.77585 -2.8206 -2.8216
internal_weight=101.833 96.0391 94.8425
internal_count=1617 1525 1506
is_linear=0
shrinkage=1


Tree=2
num_leaves=3
num_cat=0
split_feature=38 4
split_gain=1352.19 1.22919
threshold=1.0000000180025095e-35 -0.35021576160556561
decision_type=2 2
left_child=1 -1
right_child=-2 -3
leaf_value=-2.7747051251461587 -2.0892548151157899 -2.8226522528921083
leaf_weight=0.69274070113897224 6.2346663102507582 94.905476056039333
leaf_count=11 99 1507
internal_value=-2.77439 -2.82214
internal_weight=101.833 95.5982
internal_count=1617 1518
is_linear=0
shrinkage=1


Tree=3
num_leaves=3
num_cat=0
split_feature=11 3
split_gain=1427.48 1.10569
threshold=1.0000000180025095e-35 -1.2971169809373058
decision_type=2 2
left_child=1 -1
right_child=-2 -3
leaf_value=-1.7040600112166415 -1.4224750081434783 -1.7218444214610491
leaf_weight=24.617110565304756 48.90379011631012 193.63257437944412
leaf_count=149 296 1172
internal_value=-1.66513 -1.72005
internal_weight=267.153 218.25
internal_count=1617 1321
is_linear=0
shrinkage=1


Tree=4
num_leaves=3
num_cat=0
split_feature=42 4
split_gain=1354.1 1.24963
threshold=1.0000000180025095e-35 -0.35021576160556561
decision_type=2 2
left_child=1 -1
right_child=-2 -3
leaf_value=-2.7747051251461587 -2.0892548151157899 -2.8231763318280296
leaf_weight=0.69274070113897224 6.2346663102507582 94.905476056039333
leaf_count=11 99 1507
internal_value=-2.77471 -2.82266
internal_weight=101.833 95.5982
internal_count=1617 1518
is_linear=0
shrinkage=1


Tree=5
num_leaves=3
num_cat=0
split_feature=34 4
split_gain=1298.76 1.24976
threshold=1.0000000180025095e-35 -0.35021576160556561
decision_type=2 2
left_child=1 -1
right_child=-2 -3
leaf_value=-2.7747051251461587 -2.0915466754721801 -2.8231790853957732
leaf_weight=0.69274070113897224 5.9827606007456771 95.157381765544415
leaf_count=11 95 1511
internal_value=-2.77634 -2.82267
internal_weight=101.833 95.8501
internal_count=1617 1522
is_linear=0
shrinkage=1


Tree=6
num_leaves=3
num_cat=0
split_feature=18 4
split_gain=1375.86 3.63041
threshold=1.0000000180025095e-35 -0.35021576160556561
decision_type=2 2
left_child=1 -1
right_child=-2 -3
leaf_value=-2.7405839825273293 -2.0881719987064047 -2.8221254061210028
leaf_weight=0.69274070113897224 6.3606191650032988 94.779523201286793
leaf_count=11 101 1505
internal_value=-2.77243 -2.8211
internal_weight=101.833 95.4723
internal_count=1617 1516
is_linear=0
shrinkage=1


Tree=7
num_leaves=3
num_cat=0
split_feature=30 4
split_gain=1336.49 3.67188
threshold=1.0000000180025095e-35 -0.35021576160556561
decision_type=2 2
left_child=1 -1
right_child=-2 -3
leaf_value=-2.7405839825273293 -2.0898115549478886 -2.8226532883586599
leaf_weight=0.69274070113897224 6.1716898828744879 94.968452483415604
leaf_count=11 98 1508
internal_value=-2.77439 -2.82162
internal_weight=101.833 95.6612
internal_count=1617 1519
is_linear=0
shrinkage=1


Tree=8
num_leaves=3
num_cat=0
split_feature=25 4
split_gain=1364.05 1.2705
threshold=1.0000000180025095e-35 -0.35021576160556561
decision_type=2 2
left_child=1 -1
right_child=-2 -3
leaf_value=-2.7747051251461587 -2.0887083910613686 -2.822128173956187
leaf_weight=0.62976427376270194 6.2976427376270285 94.905476056039333
leaf_count=10 100 1507
internal_value=-2.77341 -2.82162
internal_weight=101.833 95.5352
internal_count=1617 1517
is_linear=0
shrinkage=1


Tree=9
num_leaves=4
num_cat=0
split_feature=26 12 8
split_gain=1348.37 1.55516 0.0689433
threshold=1.0000000180025095e-35 0.49134678747263855 -1.0000000180025095e-35
decision_type=2 2 2
left_child=1 -1 -3
right_child=-2 2 -4
leaf_value=-2.8236435191759255 -2.0892548151157899 -2.7747051251461587 -2.7975943415142828
leaf_weight=85.52198837697506 6.2346663102507582 1.1965521201491345 8.8796762600541097
leaf_count=1358 99 19 141
internal_value=-2.77341 -2.8211 -2.79588
internal_weight=101.833 95.5982 10.0762
internal_count=1617 1518 160
is_linear=0
shrinkage=1


Tree=10
num_leaves=5
num_cat=0
split_feature=50 12 50 8
split_gain=1245 5.1344 1.32844 0.10338
threshold=2.6023896710842358 0.49134678747263855 2.4684279058172427 0.69571288880715809
decision_type=2 2 2 2
left_child=1 2 -1 -3
right_child=-2 3 -4 -5
leaf_value=-2.8236409671285023 -2.0999361676420945 -2.7959425549143018 -2.7747051251461587 -2.7762716438064876
leaf_weight=85.144129812717438 5.9197841733694068 1.259528547525403 0.62976427376270194 8.8796762600541115
leaf_count=1352 94 20 10 141
internal_value=-2.77439 -2.81904 -2.82307 -2.78195
internal_weight=101.833 95.9131 85.7739 10.1392
internal_count=1617 1523 1362 161
is_linear=0
shrinkage=1


Tree=11
num_leaves=3
num_cat=0
split_feature=46 12
split_gain=1239.6 0.617701
threshold=1.0000000180025095e-35 0.49134678747263855
decision_type=2 2
left_child=1 -1
right_child=-2 -3
leaf_value=-2.8236464683724813 -2.0940238499529524 -2.8007466675681134
leaf_weight=85.962823368608952 5.7308548912405959 10.139204807579516
leaf_count=1365 91 161
internal_value=-2.77732 -2.82164
internal_weight=101.833 96.102
internal_count=1617 1526
is_linear=0
shrinkage=1


Tree=12
num_leaves=3
num_cat=0
split_feature=0 12
split_gain=1317.08 3.8747
threshold=1.7776565534620203 0.49134678747263855
decision_type=2 2
left_child=1 -1
right_child=-2 -3
leaf_value=-2.8236439423390203 -2.0903789054641511 -2.7866478694125667
leaf_weight=85.58496480435133 6.1087134554982176 10.139204807579516
leaf_count=1359 97 161
internal_value=-2.77341 -2.82007
internal_weight=101.833 95.7242
internal_count=1617 1520
is_linear=0
shrinkage=1


Tree=13
num_leaves=4
num_cat=0
split_feature=55 12 8
split_gain=1282.24 10.3811 0.607996
threshold=1.0000000180025095e-35 0.49134678747263855 0.69571288880715809
decision_type=2 2 2
left_child=1 -1 -3
right_child=-2 2 -4
leaf_value=-2.8236447868105055 -2.0915466754721801 -2.7959425549143018 -2.7656102949128734
leaf_weight=85.71091765910387 5.9827606007456771 1.259528547525403 8.8796762600541115
leaf_count=1361 95 20 141
internal_value=-2.77243 -2.818 -2.77255
internal_weight=101.833 95.8501 10.1392
internal_count=1617 1522 161
is_linear=0
shrinkage=1


Tree=14
num_leaves=3
num_cat=0
split_feature=12 3
split_gain=474.527 48.9834
threshold=0.49134678747263855 -1.1946941867190002
decision_type=2 2
left_child=-1 -2
right_child=1 -3
leaf_value=-0.048743682134700435 0.28323852660764109 -0.020653005070551081
leaf_weight=86.403787769377232 13.248590357601641 1.2276114113628853
leaf_count=1456 141 20
internal_value=-0.00372421 0.255969
internal_weight=100.88 14.4762
internal_count=1617 161
is_linear=0
shrinkage=0.05


Tree=15
num_leaves=4
num_cat=0
split_feature=14 4 12
split_gain=682.313 1.18517 0.0544972
threshold=1.0000000180025095e-35 -0.35021576160556561 0.49134678747263855
decision_type=2 2 2
left_child=1 -1 -3
right_child=-2 2 -4
leaf_value=0 0.36691204208549416 -0.048712446304451193 -0.028112794896238122
leaf_weight=0.70305393636226554 10.701321147382258 81.091632630676031 8.8986417129635793
leaf_count=11 94 1364 148
internal_value=-0.00111587 -0.0465889 -0.0471183
internal_weight=101.395 90.6933 89.9903
internal_count=1617 1523 1512
is_linear=0
shrinkage=0.05


Tree=16
num_leaves=3
num_cat=0
split_feature=38 8
split_gain=708.096 0.810865
threshold=1.0000000180025095e-35 -0.52456312342282096
decision_type=2 2
left_child=1 -1
right_child=-2 -3
leaf_value=0 0.36294463784085251 -0.047653031335116482
leaf_weight=1.1107691228389729 11.407775796949862 89.1922358982265
leaf_count=18 99 1500
internal_value=0.000174414 -0.0471244
internal_weight=101.711 90.303
internal_count=1617 1518
is_linear=0
shrinkage=0.05


Tree=17
num_leaves=2
num_cat=0
split_feature=12
split_gain=1159.18
threshold=1.0000000180025095e-35
decision_type=2
left_child=-1
right_child=-2
leaf_value=0.19420117641026441 -0.0561312797777902
leaf_weight=59.119446277618408 205.63120158016682
leaf_count=304 1313
internal_value=0
internal_weight=264.751
internal_count=1617
is_linear=0
shrinkage=0.05


Tree=18
num_leaves=3
num_cat=0
split_feature=42 8
split_gain=709.863 0.775498
threshold=1.0000000180025095e-35 -0.52456312342282096
decision_type=2 2
left_child=1 -1
right_child=-2 -3
leaf_value=0 0.36290352725201724 -0.048207624867134299
leaf_weight=1.1690734662115563 11.408929608762262 89.089262340217829
leaf_count=19 99 1499
internal_value=0 -0.0476726
internal_weight=101.667 90.2583
internal_count=1617 1518
is_linear=0
shrinkage=0.05


Tree=19
num_leaves=3
num_cat=0
split_feature=34 8
split_gain=684.66 0.775652
threshold=1.0000000180025095e-35 -0.52456312342282096
decision_type=2 2
left_child=1 -1
right_child=-2 -3
leaf_value=0 0.36290085876175621 -0.048210479342194523
leaf_weight=1.1690571606159199 10.928373932838438 89.325163409113884
leaf_count=19 95 1503
internal_value=-0.00162818 -0.0476768
internal_weight=101.423 90.4942
internal_count=1617 1522
is_linear=0
shrinkage=0.05


Tree=20
num_leaves=4
num_cat=0
split_feature=21 8 12
split_gain=728.561 0.715601 0.135027
threshold=1.0000000180025095e-35 -0.52456312342282096 0.49134678747263855
decision_type=2 2 2
left_child=1 -1 -3
right_child=-2 2 -4
leaf_value=0 0.36473319136778914 -0.048707288832654627 -0.027083196547180402
leaf_weight=1.1848797239363182 11.716221779584883 80.533656869083643 8.4660219848155958
leaf_count=19 102 1355 141
internal_value=0.002024 -0.0465725 -0.0470924
internal_weight=101.901 90.1846 88.9997
internal_count=1617 1515 1496
is_linear=0
shrinkage=0.05


Tree=21
num_leaves=3
num_cat=0
split_feature=30 4
split_gain=699.984 3.5676
threshold=1.0000000180025095e-35 -0.35021576160556561
decision_type=2 2
left_child=1 -1
right_child=-2 -3
leaf_value=0.032203826695802455 0.36295004406459358 -0.047661685218923666
leaf_weight=0.71950797736644645 11.287480130791662 89.66506365314126
leaf_count=11 98 1508
internal_value=0.000196926 -0.0465772
internal_weight=101.672 90.3846
internal_count=1617 1519
is_linear=0
shrinkage=0.05


Tree=22
num_leaves=3
num_cat=0
split_feature=25 8
split_gain=712.563 0.73469
threshold=1.0000000180025095e-35 -0.52456312342282096
decision_type=2 2
left_child=1 -1
right_child=-2 -3
leaf_value=0 0.36297948600975405 -0.047095360239844224
leaf_weight=1.1679127030074585 11.526931658387182 89.117992050945759
leaf_count=19 100 1498
internal_value=0.00109661 -0.0465748
internal_weight=101.813 90.2859
internal_count=1617 1517
is_linear=0
shrinkage=0.05


Tree=23
num_leaves=3
num_cat=0
split_feature=26 12
split_gain=704.423 1.58865
threshold=1.0000000180025095e-35 0.49134678747263855
decision_type=2 2
left_child=1 -1
right_child=-2 -3
leaf_value=-0.048703110066319708 0.36291298749574591 -0.020490944864477573
leaf_weight=80.596560426056385 11.40866433829069 9.853530175983904
leaf_count=1358 99 160
internal_value=0.00107466 -0.0460341
internal_weight=101.859 90.4501
internal_count=1617 1518
is_linear=0
shrinkage=0.05


Tree=24
num_leaves=5
num_cat=0
split_feature=50 12 50 8
split_gain=656.344 5.08705 1.32612 0.0989883
threshold=2.6023896710842358 0.49134678747263855 2.4684279058172427 0.69571288880715809
decision_type=2 2 2 2
left_child=1 2 -1 -3
right_child=-2 3 -4 -5
leaf_value=-0.048700143320552149 0.36100250553971258 -0.020653005070551102 0 -0.001331638178965338
leaf_weight=80.235312558710575 10.740638121962546 1.2276114113628835 0.6228795126080503 8.8370582833886147
leaf_count=1352 94 20 10 141
internal_value=0.000216744 -0.0438704 -0.0480915 -0.00692061
internal_weight=101.663 90.9229 80.8582 10.0647
internal_count=1617 1523 1362 161
is_linear=0
shrinkage=0.05


Tree=25
num_leaves=3
num_cat=0
split_feature=49 12
split_gain=655.614 0.655591
threshold=1.0000000180025095e-35 0.49134678747263855
decision_type=2 2
left_child=1 -1
right_child=-2 -3
leaf_value=-0.048706053260365478 0.36280172428747237 -0.02531512847063791
leaf_weight=81.008280411362648 10.450301088392733 9.8592958189547044
leaf_count=1365 91 161
internal_value=-0.00254774 -0.0465941
internal_weight=101.318 90.8676
internal_count=1617 1526
is_linear=0
shrinkage=0.05


Tree=26
num_leaves=3
num_cat=0
split_feature=0 12
split_gain=688.197 3.88868
threshold=1.7776565534620203 0.49134678747263855
decision_type=2 2
left_child=1 -1
right_child=-2 -3
leaf_value=-0.048703510936261504 0.36284936009337232 -0.011359732683811595
leaf_weight=80.654922597110271 11.170106932520865 9.9901367202401143
leaf_count=1359 97 161
internal_value=0.00110244 -0.044947
internal_weight=101.815 90.6451
internal_count=1617 1520
is_linear=0
shrinkage=0.05


Tree=27
num_leaves=3
num_cat=0
split_feature=54 3
split_gain=669.302 2.17214
threshold=1.0000000180025095e-35 -1.2971169809373058
decision_type=2 2
left_child=1 -1
right_child=-2 -3
leaf_value=-0.027594905241406294 0.36317043576286195 -0.048544656066145747
leaf_weight=27.010931760072708 10.921109534800051 63.919876020401716
leaf_count=445 95 1077
internal_value=0.00206549 -0.0427799
internal_weight=101.852 90.9308
internal_count=1617 1522
is_linear=0
shrinkage=0.05


Tree=28
num_leaves=3
num_cat=0
split_feature=12 8
split_gain=356.293 29.2387
threshold=0.49134678747263855 0.69571288880715809
decision_type=2 2
left_child=-1 -2
right_child=1 -3
leaf_value=-0.048532920508528275 -0.020067638452789884 0.21000963351141422
leaf_weight=81.642518565058708 1.1964910663664365 16.978762172162533
leaf_count=1456 20 141
internal_value=-0.00348844 0.193393
internal_weight=99.8178 18.1753
internal_count=1617 161
is_linear=0
shrinkage=0.05


Tree=29
num_leaves=4
num_cat=0
split_feature=14 8 12
split_gain=476.337 0.769791 0.163881
threshold=1.0000000180025095e-35 -0.52456312342282096 0.49134678747263855
decision_type=2 2 2
left_child=1 -1 -3
right_child=-2 2 -4
leaf_value=0 0.25999657582436508 -0.048499133352633339 -0.026453911195375986
leaf_weight=1.1188787445425976 14.378594599664209 76.621777400374413 8.2500284314155561
leaf_count=18 94 1364 141
internal_value=-0.00107855 -0.0462729 -0.0468165
internal_weight=100.369 85.9907 84.8718
internal_count=1617 1523 1505
is_linear=0
shrinkage=0.05


Tree=30
num_leaves=3
num_cat=0
split_feature=38 4
split_gain=495.063 1.1948
threshold=1.0000000180025095e-35 -0.35021576160556561
decision_type=2 2
left_child=1 -1
right_child=-2 -3
leaf_value=0 0.25788391383980547 -0.047396795955670729
leaf_weight=0.70340069383382697 15.27197255194187 84.854073539376259
leaf_count=11 99 1507
internal_value=0.000118006 -0.0468336
internal_weight=100.829 85.5575
internal_count=1617 1518
is_linear=0
shrinkage=0.05


Tree=31
num_leaves=2
num_cat=0
split_feature=12
split_gain=947.396
threshold=1.0000000180025095e-35
decision_type=2
left_child=-1
right_child=-2
leaf_value=0.1626073205654201 -0.05536605706287278
leaf_weight=66.383631825447083 195.23705463111401
leaf_count=304 1313
internal_value=5.18052e-05
internal_weight=261.621
internal_count=1617
is_linear=0
shrinkage=0.05


Tree=32
num_leaves=3
num_cat=0
split_feature=42 4
split_gain=496.734 1.21725
threshold=1.0000000180025095e-35 -0.35021576160556561
decision_type=2 2
left_child=1 -1
right_child=-2 -3
leaf_value=0 0.25782206628602927 -0.047978387999527458
leaf_weight=0.70340069383382697 15.274945944547651 84.769193042069674
leaf_count=11 99 1507
internal_value=0 -0.0474099
internal_weight=100.748 85.4726
internal_count=1617 1518
is_linear=0
shrinkage=0.05


Tree=33
num_leaves=3
num_cat=0
split_feature=34 4
split_gain=480.096 1.21739
threshold=1.0000000180025095e-35 -0.35021576160556561
decision_type=2 2
left_child=1 -1
right_child=-2 -3
leaf_value=0 0.25790635557124586 -0.047981331186494586
leaf_weight=0.70340069383382697 14.634986534714697 84.991567105054855
leaf_count=11 95 1511
internal_value=-0.00157157 -0.0474143
internal_weight=100.33 85.695
internal_count=1617 1522
is_linear=0
shrinkage=0.05


Tree=34
num_leaves=4
num_cat=0
split_feature=21 12 8
split_gain=507.341 0.738418 0.133195
threshold=1.0000000180025095e-35 0.49134678747263855 -1.0000000180025095e-35
decision_type=2 2 2
left_child=1 -1 -3
right_child=-2 2 -4
leaf_value=-0.048493864132288345 0.25868698782831789 0 -0.026477268197049143
leaf_weight=76.095499228686094 15.707878984510897 1.1784710325300682 8.2578874602913839
leaf_count=1355 102 19 141
internal_value=0.00184936 -0.0462575 -0.0241741
internal_weight=101.24 85.5319 9.43636
internal_count=1617 1515 160
is_linear=0
shrinkage=0.05


Tree=35
num_leaves=3
num_cat=0
split_feature=30 4
split_gain=489.128 3.46276
threshold=1.0000000180025095e-35 -0.35021576160556561
decision_type=2 2
left_child=1 -1
right_child=-2 -3
leaf_value=0.03023519832705376 0.25792091464613515 -0.047396896400471428
leaf_weight=0.74814284220337768 15.111223950982092 84.89171950891614
leaf_count=11 98 1508
internal_value=0.000166877 -0.0462569
internal_weight=100.751 85.6399
internal_count=1617 1519
is_linear=0
shrinkage=0.05


Tree=36
num_leaves=3
num_cat=0
split_feature=25 8
split_gain=497.337 0.728814
threshold=1.0000000180025095e-35 -0.52456312342282096
decision_type=2 2
left_child=1 -1
right_child=-2 -3
leaf_value=0 0.25783790545331159 -0.046801966162225955
leaf_weight=1.1625473275780667 15.433184087276457 84.424987703561783
leaf_count=19 100 1498
internal_value=0.000995427 -0.0462567
internal_weight=101.021 85.5875
internal_count=1617 1517
is_linear=0
shrinkage=0.05


Tree=37
num_leaves=4
num_cat=0
split_feature=26 12 8
split_gain=491.515 1.61521 0.0764731
threshold=1.0000000180025095e-35 0.49134678747263855 -1.0000000180025095e-35
decision_type=2 2 2
left_child=1 -1 -3
right_child=-2 2 -4
leaf_value=-0.048489939637574385 0.25783615790848197 0 -0.02163274962305187
leaf_weight=76.152955017983913 15.274271190166472 1.162208717316388 8.5024465508759004
leaf_count=1358 99 19 141
internal_value=0.000965561 -0.0456927 -0.0198912
internal_weight=101.092 85.8176 9.66466
internal_count=1617 1518 160
is_linear=0
shrinkage=0.05


Tree=38
num_leaves=4
num_cat=0
split_feature=53 12 8
split_gain=467.397 5.194 0.0872786
threshold=1.7857787510698466 0.49134678747263855 0.69571288880715809
decision_type=2 2 2
left_child=1 -1 -3
right_child=-2 2 -4
leaf_value=-0.048493238880176447 0.258722813224943 -0.020067638452789947 -0.0012955872367607789
leaf_weight=76.35783826559782 14.443202398717402 1.1964910663664312 8.8305481374263763
leaf_count=1361 95 20 141
internal_value=0.000176938 -0.0440033 -0.00675718
internal_weight=100.828 86.3849 10.027
internal_count=1617 1522 161
is_linear=0
shrinkage=0.05


Tree=39
num_leaves=3
num_cat=0
split_feature=46 12
split_gain=459.771 0.686279
threshold=1.0000000180025095e-35 0.49134678747263855
decision_type=2 2
left_child=1 -1
right_child=-2 -3
leaf_value=-0.048493013305027671 0.25790537768866501 -0.02468144945032924
leaf_weight=76.540887411683798 13.999115049839018 9.62505931034684
leaf_count=1365 91 161
internal_value=-0.00244818 -0.0462794
internal_weight=100.165 86.1659
internal_count=1617 1526
is_linear=0
shrinkage=0.05


Tree=40
num_leaves=3
num_cat=0
split_feature=16 3
split_gain=479.645 0.231848
threshold=1.0000000180025095e-35 -1.2971169809373058
decision_type=2 2
left_child=1 -1
right_child=-2 -3
leaf_value=-0.033972852207240396 0.25779416554270645 -0.048329195888601788
leaf_weight=25.686509184539318 14.958225578069685 60.402515102177858
leaf_count=445 97 1075
internal_value=0.00100486 -0.0445553
internal_weight=101.047 86.089
internal_count=1617 1520
is_linear=0
shrinkage=0.05


Tree=41
num_leaves=4
num_cat=0
split_feature=54 12 7
split_gain=465.348 10.4133 0.588491
threshold=1.0000000180025095e-35 0.49134678747263855 -1.0000000180025095e-35
decision_type=2 2 2
left_child=1 -1 -3
right_child=-2 2 -4
leaf_value=-0.048508650191078584 0.25818842642886886 0.010288017109089116 -0.019464827460493685
leaf_weight=76.678024902939796 14.621948435902594 8.7027399055659753 1.1655926592648018
leaf_count=1361 95 141 20
internal_value=0.00194523 -0.0422941 0.00359339
internal_weight=101.168 86.5464 9.86833
internal_count=1617 1522 161
is_linear=0
shrinkage=0.05


Tree=42
num_leaves=2
num_cat=0
split_feature=12
split_gain=283.608
threshold=0.49134678747263855
decision_type=2
left_child=-1
right_child=-2
leaf_value=-0.048330564696189106 0.1554328062751458
leaf_weight=77.097774427384138 21.388738207519054
leaf_count=1456 161
internal_value=-0.00326425
internal_weight=98.4865
internal_count=1617
is_linear=0
shrinkage=0.05


Tree=43
num_leaves=4
num_cat=0
split_feature=14 12 8
split_gain=366.2 0.78642 0.167366
threshold=1.0000000180025095e-35 0.49134678747263855 -1.0000000180025095e-35
decision_type=2 2 2
left_child=1 -1 -3
right_child=-2 2 -4
leaf_value=-0.04829408790000625 0.20390979749368199 0 -0.025829306826789862
leaf_weight=72.354641772806644 17.354417532682419 1.1153170987963665 8.0442576035857183
leaf_count=1364 94 18 141
internal_value=-0.00104295 -0.0459594 -0.0233839
internal_weight=98.8686 81.5142 9.15957
internal_count=1617 1523 159
is_linear=0
shrinkage=0.05


Tree=44
num_leaves=3
num_cat=0
split_feature=41 4
split_gain=380.69 1.17754
threshold=1.0000000180025095e-35 -0.35021576160556561
decision_type=2 2
left_child=1 -1
right_child=-2 -3
leaf_value=0 0.20252857334227836 -0.047135913332015701
leaf_weight=0.70926336571574111 18.398162305355072 80.294256426393986
leaf_count=11 99 1507
internal_value=8.92994e-05 -0.046544
internal_weight=99.4017 81.0035
internal_count=1617 1518
is_linear=0
shrinkage=0.05


Tree=45
num_leaves=2
num_cat=0
split_feature=12
split_gain=795.886
threshold=1.0000000180025095e-35
decision_type=2
left_child=-1
right_child=-2
leaf_value=0.14063039278643985 -0.054668832943701465
leaf_weight=72.041520833969116 185.22426029294729
leaf_count=304 1313
internal_value=9.00585e-05
internal_weight=257.266
internal_count=1617
is_linear=0
shrinkage=0.05


Tree=46
num_leaves=3
num_cat=0
split_feature=42 4
split_gain=382.307 1.20107
threshold=1.0000000180025095e-35 -0.35021576160556561
decision_type=2 2
left_child=1 -1
right_child=-2 -3
leaf_value=0 0.20246562611871155 -0.047748424772932063
leaf_weight=0.70926336571574111 18.402356669306755 80.168892491608858
leaf_count=11 99 1507
internal_value=0 -0.0471502
internal_weight=99.2805 80.8782
internal_count=1617 1518
is_linear=0
shrinkage=0.05


Tree=47
num_leaves=3
num_cat=0
split_feature=34 4
split_gain=370.078 1.20121
threshold=1.0000000180025095e-35 -0.35021576160556561
decision_type=2 2
left_child=1 -1
right_child=-2 -3
leaf_value=0 0.20254138511234748 -0.047751510832935593
leaf_weight=0.70926336571574111 17.636176198720932 80.378552541136742
leaf_count=11 95 1511
internal_value=-0.00150097 -0.0471548
internal_weight=98.724 81.0878
internal_count=1617 1522
is_linear=0
shrinkage=0.05


Tree=48
num_leaves=4
num_cat=0
split_feature=21 12 8
split_gain=389.151 0.766271 0.125412
threshold=1.0000000180025095e-35 0.49134678747263855 -1.0000000180025095e-35
decision_type=2 2 2
left_child=1 -1 -3
right_child=-2 2 -4
leaf_value=-0.048288671150737553 0.20302231585118211 0 -0.025852523835296255
leaf_weight=71.858304537832737 18.932234033942223 1.1748352907598008 8.0517578758299333
leaf_count=1355 102 19 141
internal_value=0.00170983 -0.0459437 -0.0235667
internal_weight=100.017 81.0849 9.22659
internal_count=1617 1515 160
is_linear=0
shrinkage=0.05


Tree=49
num_leaves=3
num_cat=0
split_feature=30 4
split_gain=375.88 3.36405
threshold=1.0000000180025095e-35 -0.35021576160556561
decision_type=2 2
left_child=1 -1
right_child=-2 -3
leaf_value=0.028412815056728755 0.20255687969116407 -0.047136109699486603
leaf_weight=0.77574130892753501 18.206002995371819 80.329836621880531
leaf_count=11 98 1508
internal_value=0.000153018 -0.0459375
internal_weight=99.3116 81.1056
internal_count=1617 1519
is_linear=0
shrinkage=0.05


Tree=50
num_leaves=4
num_cat=0
split_feature=25 12 8
split_gain=381.928 0.87077 0.121774
threshold=1.0000000180025095e-35 0.49134678747263855 0.69571288880715809
decision_type=2 2 2
left_child=1 -1 -3
right_child=-2 2 -4
leaf_value=-0.048300395483337463 0.20247577376661008 0 -0.024895070986408155
leaf_weight=72.185082882642746 18.591962680220604 1.1598161607980708 7.7516177706420422
leaf_count=1357 100 19 141
internal_value=0.000920114 -0.0459392 -0.0226062
internal_weight=99.6885 81.0965 8.91143
internal_count=1617 1517 160
is_linear=0
shrinkage=0.05


Tree=51
num_leaves=4
num_cat=0
split_feature=26 12 8
split_gain=377.305 1.64007 0.0710854
threshold=1.0000000180025095e-35 0.49134678747263855 -1.0000000180025095e-35
decision_type=2 2 2
left_child=1 -1 -3
right_child=-2 2 -4
leaf_value=-0.048284998223415115 0.20247404597317431 0 -0.021021854635086198
leaf_weight=71.910919852554798 18.401805460453033 1.1585431359708298 8.3284380286931974
leaf_count=1358 99 19 141
internal_value=0.00087657 -0.0453517 -0.0193096
internal_weight=99.7997 81.3979 9.48698
internal_count=1617 1518 160
is_linear=0
shrinkage=0.05


Tree=52
num_leaves=4
num_cat=0
split_feature=53 12 8
split_gain=358.07 5.13519 0.0791927
threshold=1.7857787510698466 0.49134678747263855 0.69571288880715809
decision_type=2 2 2
left_child=1 -1 -3
right_child=-2 2 -4
leaf_value=-0.04828815797040481 0.20289917862284132 -0.019545958476898603 -0.0012168777933299667
leaf_weight=72.102591935545206 17.433097392320633 1.1694581732153864 8.8163649067282677
leaf_count=1361 95 20 141
internal_value=0.000137943 -0.0435874 -0.00657727
internal_weight=99.5215 82.0884 9.98582
internal_count=1617 1522 161
is_linear=0
shrinkage=0.05


Tree=53
num_leaves=3
num_cat=0
split_feature=47 12
split_gain=354.335 0.718342
threshold=1.0000000180025095e-35 0.49134678747263855
decision_type=2 2
left_child=1 -1
right_child=-2 -3
leaf_value=-0.048288228991447885 0.20253920649166576 -0.024039437028234079
leaf_weight=72.27645555138588 16.875163748860359 9.3968023844063264
leaf_count=1365 91 161
internal_value=-0.00235246 -0.0459658
internal_weight=98.5484 81.6733
internal_count=1617 1526
is_linear=0
shrinkage=0.05


Tree=54
num_leaves=3
num_cat=0
split_feature=0 12
split_gain=367.748 4.04155
threshold=1.7776565534620203 0.49134678747263855
decision_type=2 2
left_child=1 -1
right_child=-2 -3
leaf_value=-0.048296559352905055 0.20243238370088934 -0.0095398017577832134
leaf_weight=72.192023158073425 18.023859053850174 9.5479825213551504
leaf_count=1359 97 161
internal_value=0.000929533 -0.0441589
internal_weight=99.7639 81.74
internal_count=1617 1520
is_linear=0
shrinkage=0.05


Tree=55
num_leaves=4
num_cat=0
split_feature=54 12 8
split_gain=355.803 10.1978 0.542604
threshold=1.0000000180025095e-35 0.49134678747263855 0.69571288880715809
decision_type=2 2 2
left_child=1 -1 -3
right_child=-2 2 -4
leaf_value=-0.048302856141732041 0.20278253473722893 -0.018952700111259088 0.0097392762789075375
leaf_weight=72.407435171306133 17.62060758471489 1.1398580595850916 8.7833325080573559
leaf_count=1361 95 20 141
internal_value=0.00186397 -0.0417998 0.00329392
internal_weight=99.9512 82.3306 9.92319
internal_count=1617 1522 161
is_linear=0
shrinkage=0.05


Tree=56
num_leaves=2
num_cat=0
split_feature=12
split_gain=234.257
threshold=0.49134678747263855
decision_type=2
left_child=-1
right_child=-2
leaf_value=-0.048133959830135783 0.12995888318122675
leaf_weight=72.722362391650677 24.182471450418234
leaf_count=1456 161
internal_value=-0.0029955
internal_weight=96.9048
internal_count=1617
is_linear=0
shrinkage=0.05


Tree=57
num_leaves=4
num_cat=0
split_feature=14 12 8
split_gain=296.079 0.820881 0.168966
threshold=1.0000000180025095e-35 0.49134678747263855 0.69571288880715809
decision_type=2 2 2
left_child=1 -1 -3
right_child=-2 2 -4
leaf_value=-0.048094676876782774 0.16899568884674432 0 -0.025190308658637989
leaf_weight=68.24719849601388 19.754437699913979 1.0983810052275638 7.8422025069594383
leaf_count=1364 94 18 141
internal_value=-0.00100476 -0.0456419 -0.0227152
internal_weight=96.9422 77.1878 8.94058
internal_count=1617 1523 159
is_linear=0
shrinkage=0.05


Tree=58
num_leaves=3
num_cat=0
split_feature=41 4
split_gain=307.741 1.17053
threshold=1.0000000180025095e-35 -0.35021576160556561
decision_type=2 2
left_child=1 -1
right_child=-2 -3
leaf_value=0 0.16798472569309508 -0.046875494045453305
leaf_weight=0.70594192668795486 20.918616190552711 75.897995889186859
leaf_count=11 99 1507
internal_value=6.93153e-05 -0.0462519
internal_weight=97.5226 76.6039
internal_count=1617 1518
is_linear=0
shrinkage=0.05


Tree=59
num_leaves=2
num_cat=0
split_feature=12
split_gain=680.679
threshold=1.0000000180025095e-35
decision_type=2
left_child=-1
right_child=-2
leaf_value=0.12439977139044188 -0.054022391315934087
leaf_weight=76.278627514839172 175.46040241420269
leaf_count=304 1313
internal_value=8.10422e-05
internal_weight=251.739
internal_count=1617
is_linear=0
shrinkage=0.05


Tree=60
num_leaves=3
num_cat=0
split_feature=42 4
split_gain=309.27 1.19524
threshold=1.0000000180025095e-35 -0.35021576160556561
decision_type=2 2
left_child=1 -1
right_child=-2 -3
leaf_value=0 0.16790210535796443 -0.047521440198656478
leaf_weight=0.70594192668795486 20.925358951091766 75.733915355056524
leaf_count=11 99 1507
internal_value=0 -0.0468906
internal_weight=97.3652 76.4399
internal_count=1617 1518
is_linear=0
shrinkage=0.05


Tree=61
num_leaves=3
num_cat=0
split_feature=34 4
split_gain=299.769 1.19539
threshold=1.0000000180025095e-35 -0.35021576160556561
decision_type=2 2
left_child=1 -1
right_child=-2 -3
leaf_value=0 0.16796054713397815 -0.047524683476128517
leaf_weight=0.70594192668795486 20.058972239494324 75.931381527334452
leaf_count=11 95 1511
internal_value=-0.00143311 -0.0468954
internal_weight=96.6963 76.6373
internal_count=1617 1522
is_linear=0
shrinkage=0.05


Tree=62
num_leaves=4
num_cat=0
split_feature=21 12 8
split_gain=313.925 0.800144 0.128415
threshold=1.0000000180025095e-35 0.49134678747263855 0.69571288880715809
decision_type=2 2 2
left_child=1 -1 -3
right_child=-2 2 -4
leaf_value=-0.048089089069524638 0.16831959703071211 0 -0.025213387667862314
leaf_weight=67.779639452695847 21.531153380870819 1.157059021294115 7.8493555784225464
leaf_count=1355 102 19 141
internal_value=0.00158919 -0.0456258 -0.0229035
internal_weight=98.3172 76.7861 9.00641
internal_count=1617 1515 160
is_linear=0
shrinkage=0.05


Tree=63
num_leaves=3
num_cat=0
split_feature=30 8
split_gain=303.641 2.68061
threshold=1.0000000180025095e-35 -0.52456312342282096
decision_type=2 2
left_child=1 -1
right_child=-2 -3
leaf_value=0.011666137277253229 0.16800576685695168 -0.046867736000377691
leaf_weight=1.1280116252601136 20.701526999473572 75.596380736678839
leaf_count=18 98 1501
internal_value=0.000148136 -0.0456135
internal_weight=97.4259 76.7244
internal_count=1617 1519
is_linear=0
shrinkage=0.05


Tree=64
num_leaves=4
num_cat=0
split_feature=25 12 8
split_gain=308.395 0.90312 0.124202
threshold=1.0000000180025095e-35 0.49134678747263855 0.69571288880715809
decision_type=2 2 2
left_child=1 -1 -3
right_child=-2 2 -4
leaf_value=-0.048100325037276029 0.16792586887695338 0 -0.02426216602097251
leaf_weight=68.086607486009598 21.138731211423874 1.1429268307983855 7.5630956254899502
leaf_count=1357 100 19 141
internal_value=0.000839 -0.0456204 -0.0219509
internal_weight=97.9314 76.7926 8.70602
internal_count=1617 1517 160
is_linear=0
shrinkage=0.05


Tree=65
num_leaves=4
num_cat=0
split_feature=26 12 8
split_gain=304.478 1.67247 0.0748275
threshold=1.0000000180025095e-35 0.49134678747263855 -1.0000000180025095e-35
decision_type=2 2 2
left_child=1 -1 -3
right_child=-2 2 -4
leaf_value=-0.048085660218052849 0.16790800493260633 0 -0.020397243417013676
leaf_weight=67.82773794233799 20.924909666180611 1.1408791355788697 8.156524792313574
leaf_count=1358 99 19 141
internal_value=0.000800896 -0.0450046 -0.0186683
internal_weight=98.0501 77.1251 9.2974
internal_count=1617 1518 160
is_linear=0
shrinkage=0.05


Tree=66
num_leaves=3
num_cat=0
split_feature=53 3
split_gain=288.384 0.802504
threshold=1.7857787510698466 -1.2971169809373058
decision_type=2 2
left_child=1 -1
right_child=-2 -3
leaf_value=-0.030567147206888232 0.16805146025853646 -0.047919996038305657
leaf_weight=23.831766217947006 19.855011336505413 54.100908428430557
leaf_count=445 95 1077
internal_value=0.000106436 -0.0431609
internal_weight=97.7877 77.9327
internal_count=1617 1522
is_linear=0
shrinkage=0.05


Tree=67
num_leaves=3
num_cat=0
split_feature=46 12
split_gain=286.876 0.755965
threshold=1.0000000180025095e-35 0.49134678747263855
decision_type=2 2
left_child=1 -1
right_child=-2 -3
leaf_value=-0.04808906551832056 0.16792251534684469 -0.023344927576237059
leaf_weight=68.17179211601615 19.200185984373093 9.1596696525812131
leaf_count=1365 91 161
internal_value=-0.00226485 -0.0456482
internal_weight=96.5316 77.3315
internal_count=1617 1526
is_linear=0
shrinkage=0.05


Tree=68
num_leaves=3
num_cat=0
split_feature=0 12
split_gain=296.347 4.04497
threshold=1.7776565534620203 0.49134678747263855
decision_type=2 2
left_child=1 -1
right_child=-2 -3
leaf_value=-0.04809663282033369 0.16784168975389782 -0.0090525001219152659
leaf_weight=68.091888252645731 20.499285742640495 9.4351043403148633
leaf_count=1359 97 161
internal_value=0.000868593 -0.0437538
internal_weight=98.0263 77.527
internal_count=1617 1520
is_linear=0
shrinkage=0.05


Tree=69
num_leaves=4
num_cat=0
split_feature=55 12 8
split_gain=285.947 10.0092 0.492085
threshold=1.0000000180025095e-35 0.49134678747263855 0.69571288880715809
decision_type=2 2 2
left_child=1 -1 -3
right_child=-2 2 -4
leaf_value=-0.048102770359434582 0.16816284730759562 -0.018164810393835908 0.0092672426077622678
leaf_weight=68.296661753207445 20.04269303381443 1.101648084819314 8.8537186682224274
leaf_count=1361 95 20 141
internal_value=0.00179966 -0.0412906 0.00311702
internal_weight=98.2947 78.252 9.95537
internal_count=1617 1522 161
is_linear=0
shrinkage=0.05


Tree=70
num_leaves=2
num_cat=0
split_feature=12
split_gain=203.572
threshold=0.49134678747263855
decision_type=2
left_child=-1
right_child=-2
leaf_value=-0.047926041931333194 0.11560979641866682
leaf_weight=67.143394257873297 25.972424611449242
leaf_count=1428 156
internal_value=-0.00167075
internal_weight=93.1158
internal_count=1584
is_linear=0
shrinkage=0.05


Tree=71
num_leaves=4
num_cat=0
split_feature=14 12 8
split_gain=257.204 0.916686 0.181275
threshold=1.0000000180025095e-35 0.49134678747263855 -1.0000000180025095e-35
decision_type=2 2 2
left_child=1 -1 -3
right_child=-2 2 -4
leaf_value=-0.047878029315446345 0.14526161048603328 0 -0.023918650334550987
leaf_weight=62.638416539877653 23.040748462080956 1.0466752238571642 7.4418262355029565
leaf_count=1330 100 17 137
internal_value=0.00163603 -0.04523 -0.0213322
internal_weight=94.1677 71.1269 8.4885
internal_count=1584 1484 154
is_linear=0
shrinkage=0.05


Tree=72
num_leaves=3
num_cat=0
split_feature=38 4
split_gain=240.989 3.33579
threshold=1.0000000180025095e-35 -0.35021576160556561
decision_type=2 2
left_child=1 -1
right_child=-2 -3
leaf_value=0.028774331516355722 0.14390535359990117 -0.046573355653558413
leaf_weight=0.7732476070523252 21.529895931482315 70.296596709638834
leaf_count=12 93 1479
internal_value=-0.00043371 -0.045209
internal_weight=92.5997 71.0698
internal_count=1584 1491
is_linear=0
shrinkage=0.05


Tree=73
num_leaves=2
num_cat=0
split_feature=12
split_gain=579.229
threshold=1.0000000180025095e-35
decision_type=2
left_child=-1
right_child=-2
leaf_value=0.11196270935162107 -0.053418034381968987
leaf_weight=77.9223712682724 162.46170583367348
leaf_count=299 1285
internal_value=0.000208761
internal_weight=240.384
internal_count=1584
is_linear=0
shrinkage=0.05


Tree=74
num_leaves=3
num_cat=0
split_feature=42 4
split_gain=246.679 1.09114
threshold=1.0000000180025095e-35 -0.35021576160556561
decision_type=2 2
left_child=1 -1
right_child=-2 -3
leaf_value=0 0.14403850125671222 -0.046557884664183077
leaf_weight=0.7732476070523252 21.989519596099854 70.007383409887552
leaf_count=12 95 1477
internal_value=-7.16315e-05 -0.0458896
internal_weight=92.7702 70.7806
internal_count=1584 1489
is_linear=0
shrinkage=0.05


Tree=75
num_leaves=3
num_cat=0
split_feature=34 4
split_gain=243.245 7.1474
threshold=1.0000000180025095e-35 -0.35021576160556561
decision_type=2 2
left_child=1 -1
right_child=-2 -3
leaf_value=0.068043991318256447 0.14419809865452157 -0.047267766074857949
leaf_weight=0.7732476070523252 21.740983679890633 70.050967682152987
leaf_count=12 94 1478
internal_value=0 -0.0451901
internal_weight=92.5652 70.8242
internal_count=1584 1490
is_linear=0
shrinkage=0.05


Tree=76
num_leaves=3
num_cat=0
split_feature=21 8
split_gain=248.335 0.682931
threshold=1.0000000180025095e-35 -0.52456312342282096
decision_type=2 2
left_child=1 -1
right_child=-2 -3
leaf_value=0 0.14353183874703732 -0.045877125945142566
leaf_weight=1.1701320782303799 22.503899618983269 70.123484835028648
leaf_count=19 97 1468
internal_value=0.0003062 -0.0452396
internal_weight=93.7975 71.2936
internal_count=1584 1487
is_linear=0
shrinkage=0.05


Tree=77
num_leaves=3
num_cat=0
split_feature=30 4
split_gain=250.992 0.973186
threshold=1.0000000180025095e-35 -0.35021576160556561
decision_type=2 2
left_child=1 -1
right_child=-2 -3
leaf_value=0 0.14412917876928272 -0.046567841791570336
leaf_weight=0.87756002321839233 22.452323839068413 70.108990881592035
leaf_count=12 97 1475
internal_value=1.07645e-05 -0.045912
internal_weight=93.4389 70.9866
internal_count=1584 1487
is_linear=0
shrinkage=0.05


Tree=78
num_leaves=4
num_cat=0
split_feature=25 12 8
split_gain=243.366 0.999992 0.136392
threshold=1.0000000180025095e-35 0.49134678747263855 -1.0000000180025095e-35
decision_type=2 2 2
left_child=1 -1 -3
right_child=-2 2 -4
leaf_value=-0.047890154271595937 0.14398339143211242 0 -0.022977114602655939
leaf_weight=63.054293874651194 21.758408308029175 1.0931254737079141 7.1828651092946512
leaf_count=1335 94 18 137
internal_value=-0.000206761 -0.0452343 -0.0205751
internal_weight=93.0887 71.3303 8.27599
internal_count=1584 1490 155
is_linear=0
shrinkage=0.05


Tree=79
num_leaves=3
num_cat=0
split_feature=29 8
split_gain=243.497 0.482365
threshold=1.0000000180025095e-35 -0.51463834572177747
decision_type=2 2
left_child=1 -1
right_child=-2 -3
leaf_value=0 0.14395287014043234 -0.046601766145526573
leaf_weight=1.4170873090624798 21.526054695248604 70.260237492620945
leaf_count=25 93 1466
internal_value=-0.00129772 -0.0459606
internal_weight=93.2034 71.6773
internal_count=1584 1491
is_linear=0
shrinkage=0.05


Tree=80
num_leaves=5
num_cat=0
split_feature=50 12 50 8
split_gain=244.279 5.09174 2.54671 0.118002
threshold=2.9602423299905172 0.49134678747263855 2.4864973685560821 0.69571288880715809
decision_type=2 2 2 2
left_child=1 2 -1 -3
right_child=-2 3 -4 -5
leaf_value=-0.047877973243882273 0.14513718047372376 -0.016670436045009604 0.010486867722763237 0
leaf_weight=62.250359620898962 22.600866287946701 1.0291857346892328 1.0408484712243069 8.3071726709604263
leaf_count=1319 98 19 11 137
internal_value=0.00317397 -0.0413518 -0.0464516 -0.00363487
internal_weight=95.2284 72.6276 63.2912 9.33636
internal_count=1584 1486 1330 156
is_linear=0
shrinkage=0.05


Tree=81
num_leaves=3
num_cat=0
split_feature=46 12
split_gain=250.095 0.85323
threshold=1.0000000180025095e-35 0.49134678747263855
decision_type=2 2
left_child=1 -1
right_child=-2 -3
leaf_value=-0.047872798036271799 0.14446169071725756 -0.02195505793661082
leaf_weight=62.571703653782606 22.424273282289505 8.6872395873069745
leaf_count=1331 97 156
internal_value=0.000430586 -0.0452365
internal_weight=93.6832 71.2589
internal_count=1584 1487
is_linear=0
shrinkage=0.05


Tree=82
num_leaves=3
num_cat=0
split_feature=0 12
split_gain=222.667 4.20398
threshold=1.7776565534620203 0.49134678747263855
decision_type=2 2
left_child=1 -1
right_child=-2 -3
leaf_value=-0.047889490566158877 0.1435911146554423 -0.0074951295411029078
leaf_weight=63.295657426118851 19.906442314386368 9.07011481374502
leaf_count=1342 86 156
internal_value=-0.00212011 -0.0432558
internal_weight=92.2722 72.3658
internal_count=1584 1498
is_linear=0
shrinkage=0.05


Tree=83
num_leaves=4
num_cat=0
split_feature=54 12 8
split_gain=232.86 5.13756 0.0518702
threshold=1.0000000180025095e-35 0.49134678747263855 0.69571288880715809
decision_type=2 2 2
left_child=1 -1 -3
right_child=-2 2 -4
leaf_value=-0.047891698524201151 0.14440292942581043 -0.016739056583198016 -0.00053455211034987625
leaf_weight=63.16166539862752 21.017030209302902 1.0321601293981046 8.6783926114439964
leaf_count=1337 91 19 137
internal_value=0 -0.0426513 -0.00544077
internal_weight=93.8892 72.8722 9.71055
internal_count=1584 1493 156
is_linear=0
shrinkage=0.05


Tree=84
num_leaves=2
num_cat=0
split_feature=12
split_gain=173.184
threshold=0.49134678747263855
decision_type=2
left_child=-1
right_child=-2
leaf_value=-0.047735183410479873 0.10018686523580767
leaf_weight=63.1173653639853 28.212258219718933
leaf_count=1428 156
internal_value=-0.00147224
internal_weight=91.3296
internal_count=1584
is_linear=0
shrinkage=0.05


Tree=85
num_leaves=4
num_cat=0
split_feature=14 12 8
split_gain=218.454 0.946129 0.181386
threshold=1.0000000180025095e-35 0.49134678747263855 -1.0000000180025095e-35
decision_type=2 2 2
left_child=1 -1 -3
right_child=-2 2 -4
leaf_value=-0.047683705379431798 0.12786530129843687 0 -0.023314224628845543
leaf_weight=58.882741522043943 24.572614699602127 1.0317489951848982 7.273854982107876
leaf_count=1330 100 17 137
internal_value=0.00153996 -0.0448946 -0.020697
internal_weight=91.761 67.1883 8.3056
internal_count=1584 1484 154
is_linear=0
shrinkage=0.05


Tree=86
num_leaves=3
num_cat=0
split_feature=38 4
split_gain=205.045 3.27264
threshold=1.0000000180025095e-35 -0.35021576160556561
decision_type=2 2
left_child=1 -1
right_child=-2 -3
leaf_value=0.027825289770341669 0.12674365574380839 -0.046306100042961713
leaf_weight=0.78809149190783401 22.946783676743507 66.264632478356361
leaf_count=12 93 1479
internal_value=-0.000376103 -0.0448652
internal_weight=89.9995 67.0527
internal_count=1584 1491
is_linear=0
shrinkage=0.05


Tree=87
num_leaves=2
num_cat=0
split_feature=12
split_gain=507.292
threshold=1.0000000180025095e-35
decision_type=2
left_child=-1
right_child=-2
leaf_value=0.10225317575776463 -0.052857951484572598
leaf_weight=79.666005432605743 153.41853228211403
leaf_count=299 1285
internal_value=0.000155876
internal_weight=233.085
internal_count=1584
is_linear=0
shrinkage=0.05


Tree=88
num_leaves=3
num_cat=0
split_feature=45 8
split_gain=209.97 0.843968
threshold=1.0000000180025095e-35 -0.52456312342282096
decision_type=2 2
left_child=1 -1
right_child=-2 -3
leaf_value=0 0.12684492657303501 -0.046282110026824759
leaf_weight=1.0262945257127274 23.438461929559708 65.733513817191124
leaf_count=18 95 1471
internal_value=-5.02378e-05 -0.0455849
internal_weight=90.1983 66.7598
internal_count=1584 1489
is_linear=0
shrinkage=0.05


Tree=89
num_leaves=3
num_cat=0
split_feature=34 8
split_gain=206.83 5.76875
threshold=1.0000000180025095e-35 -0.52456312342282096
decision_type=2 2
left_child=1 -1
right_child=-2 -3
leaf_value=0.045508116619487837 0.126967244568812 -0.047035256994349628
leaf_weight=1.0761810168623913 23.178408175706863 65.730033203959465
leaf_count=18 94 1472
internal_value=0 -0.044846
internal_weight=89.9846 66.8062
internal_count=1584 1490
is_linear=0
shrinkage=0.05


Tree=90
num_leaves=3
num_cat=0
split_feature=18 8
split_gain=211.164 0.689844
threshold=1.0000000180025095e-35 -0.52456312342282096
decision_type=2 2
left_child=1 -1
right_child=-2 -3
leaf_value=0 0.1264288838893449 -0.045570980559901553
leaf_weight=1.1527075767517079 23.974627614021301 66.15884804725647
leaf_count=19 97 1468
internal_value=0.000267832 -0.0448997
internal_weight=91.2862 67.3116
internal_count=1584 1487
is_linear=0
shrinkage=0.05


Tree=91
num_leaves=3
num_cat=0
split_feature=30 4
split_gain=213.545 0.970168
threshold=1.0000000180025095e-35 -0.35021576160556561
decision_type=2 2
left_child=1 -1
right_child=-2 -3
leaf_value=0 0.12691442584114937 -0.046300286229620465
leaf_weight=0.87083415687084098 23.932496264576912 66.088415302336216
leaf_count=12 97 1475
internal_value=0 -0.045608
internal_weight=90.8917 66.9592
internal_count=1584 1487
is_linear=0
shrinkage=0.05


Tree=92
num_leaves=3
num_cat=0
split_feature=25 8
split_gain=207.147 0.764703
threshold=1.0000000180025095e-35 -0.52456312342282096
decision_type=2 2
left_child=1 -1
right_child=-2 -3
leaf_value=0 0.12682626389581639 -0.04557457033475304
leaf_weight=1.0780609175562847 23.189140766859055 66.299017943441868
leaf_count=18 94 1472
internal_value=-0.00019967 -0.0448986
internal_weight=90.5662 67.3771
internal_count=1584 1490
is_linear=0
shrinkage=0.05


Tree=93
num_leaves=3
num_cat=0
split_feature=26 8
split_gain=207.49 0.494613
threshold=1.0000000180025095e-35 -0.51463834572177747
decision_type=2 2
left_child=1 -1
right_child=-2 -3
leaf_value=0 0.12677634879151509 -0.04633485159136326
leaf_weight=1.3957696892321099 22.944261327385902 66.248018350452185
leaf_count=25 93 1466
internal_value=-0.00125416 -0.0456596
internal_weight=90.588 67.6438
internal_count=1584 1491
is_linear=0
shrinkage=0.05


Tree=94
num_leaves=5
num_cat=0
split_feature=50 12 50 8
split_gain=206.366 5.01004 2.50166 0.104822
threshold=2.9602423299905172 0.49134678747263855 2.4864973685560821 0.69571288880715809
decision_type=2 2 2 2
left_child=1 2 -1 -3
right_child=-2 3 -4 -5
leaf_value=-0.047682514106247409 0.1276399657864456 -0.015931326627144953 0.0099738869829924248 0
leaf_weight=58.511073097586632 24.120972633361816 0.99754240363836011 1.0470437332987774 8.3051939867436886
leaf_count=1319 98 19 11 137
internal_value=0.00305127 -0.0408354 -0.046178 -0.00346996
internal_weight=92.9818 68.8609 59.5581 9.30274
internal_count=1584 1486 1330 156
is_linear=0
shrinkage=0.05


Tree=95
num_leaves=3
num_cat=0
split_feature=46 12
split_gain=212.539 0.884891
threshold=1.0000000180025095e-35 0.49134678747263855
decision_type=2 2
left_child=1 -1
right_child=-2 -3
leaf_value=-0.047678678415603949 0.12714009845574534 -0.021302110909809768
leaf_weight=58.81849192455411 23.914223968982697 8.491896774619816
leaf_count=1331 97 156
internal_value=0.000373435 -0.0449013
internal_weight=91.2246 67.3104
internal_count=1584 1487
is_linear=0
shrinkage=0.05


Tree=96
num_leaves=3
num_cat=0
split_feature=0 3
split_gain=189.404 0.555933
threshold=1.7776565534620203 -1.2971169809373058
decision_type=2 2
left_child=1 -1
right_child=-2 -3
leaf_value=-0.030278455464614121 0.12647244557546805 -0.04750596240276235
leaf_weight=21.089954104274511 21.21780714392662 47.396227739751339
leaf_count=436 86 1062
internal_value=-0.00202167 -0.0428211
internal_weight=89.704 68.4862
internal_count=1584 1498
is_linear=0
shrinkage=0.05


Tree=97
num_leaves=4
num_cat=0
split_feature=54 12 8
split_gain=197.702 5.07397 0.041675
threshold=1.0000000180025095e-35 0.49134678747263855 0.69571288880715809
decision_type=2 2 2
left_child=1 -1 -3
right_child=-2 2 -4
leaf_value=-0.047697125417943458 0.12715782248253657 -0.015998890020014003 -0.00049795851199641375
leaf_weight=59.373663701117039 22.410612389445305 1.0003659054636926 8.6720069274306297
leaf_count=1337 91 19 137
internal_value=0 -0.0421932 -0.00526637
internal_weight=91.4566 69.046 9.67237
internal_count=1584 1493 156
is_linear=0
shrinkage=0.05


Tree=98
num_leaves=3
num_cat=0
split_feature=12 7
split_gain=148.577 13.2628
threshold=0.49134678747263855 0.30009667238085086
decision_type=2 2
left_child=-1 -2
right_child=1 -3
leaf_value=-0.04754631921123207 0.096158226551407655 -0.028884006138437997
leaf_weight=59.219062700867653 28.470982506871227 1.7473124936223019
leaf_count=1428 137 19
internal_value=-0.00131797 0.0877616
internal_weight=89.4374 30.2183
internal_count=1584 156
is_linear=0
shrinkage=0.05


Tree=99
num_leaves=4
num_cat=0
split_feature=14 12 8
split_gain=188.347 0.968462 0.180642
threshold=1.0000000180025095e-35 0.49134678747263855 -1.0000000180025095e-35
decision_type=2 2 2
left_child=1 -1 -3
right_child=-2 2 -4
leaf_value=-0.047491079907039387 0.11469356742056963 0 -0.022765137759350792
leaf_weight=55.246044386178255 25.669239073991776 1.0191274061799047 7.1266081109642965
leaf_count=1330 100 17 137
internal_value=0.00145183 -0.0445506 -0.0201228
internal_weight=89.061 63.3918 8.14574
internal_count=1584 1484 154
is_linear=0
shrinkage=0.05


Tree=100
num_leaves=3
num_cat=0
split_feature=38 4
split_gain=176.993 3.20428
threshold=1.0000000180025095e-35 -0.35021576160556561
decision_type=2 2
left_child=1 -1
right_child=-2 -3
leaf_value=0.026762854268852682 0.1137176376152524 -0.046034717368889921
leaf_weight=0.80508652701973815 23.961075320839882 62.374345492571592
leaf_count=12 93 1479
internal_value=-0.000317424 -0.0445116
internal_weight=87.1405 63.1794
internal_count=1584 1491
is_linear=0
shrinkage=0.05


Tree=101
num_leaves=2
num_cat=0
split_feature=12
split_gain=448.179
threshold=1.0000000180025095e-35
decision_type=2
left_child=-1
right_child=-2
leaf_value=0.094515655394171103 -0.052337026204168524
leaf_weight=80.41304224729538 144.66704169660807
leaf_count=299 1285
internal_value=0.00011055
internal_weight=225.08
internal_count=1584
is_linear=0
shrinkage=0.05


Tree=102
num_leaves=3
num_cat=0
split_feature=42 4
split_gain=181.348 1.07962
threshold=1.0000000180025095e-35 -0.35021576160556561
decision_type=2 2
left_child=1 -1
right_child=-2 -3
leaf_value=0 0.11379661377859779 -0.046019960227461278
leaf_weight=0.76380079984664817 24.475825309753418 62.130104929208755
leaf_count=12 95 1477
internal_value=-3.34322e-05 -0.0452741
internal_weight=87.3697 62.8939
internal_count=1584 1489
is_linear=0
shrinkage=0.05


Tree=103
num_leaves=3
num_cat=0
split_feature=34 4
split_gain=178.436 6.65874
threshold=1.0000000180025095e-35 -0.35021576160556561
decision_type=2 2
left_child=1 -1
right_child=-2 -3
leaf_value=0.061230222184459948 0.11389121517845593 -0.046814655097063763
leaf_weight=0.8486703671514978 24.208728104829788 62.092916198074818
leaf_count=12 94 1478
internal_value=0 -0.0444927
internal_weight=87.1503 62.9416
internal_count=1584 1490
is_linear=0
shrinkage=0.05


Tree=104
num_leaves=4
num_cat=0
split_feature=18 12 8
split_gain=182.171 1.04016 0.0895777
threshold=1.0000000180025095e-35 0.49134678747263855 -1.0000000180025095e-35
decision_type=2 2 2
left_child=1 -1 -3
right_child=-2 2 -4
leaf_value=-0.047502836390791524 0.11343990278283966 0 -0.021641792310524495
leaf_weight=55.493298541754484 25.024874359369278 1.1372721306979654 6.8403098061680785
leaf_count=1331 97 19 137
internal_value=0.00023183 -0.0445501 -0.019471
internal_weight=88.4958 63.4709 7.97758
internal_count=1584 1487 156
is_linear=0
shrinkage=0.05


Tree=105
num_leaves=3
num_cat=0
split_feature=30 4
split_gain=184.36 0.963701
threshold=1.0000000180025095e-35 -0.35021576160556561
decision_type=2 2
left_child=1 -1
right_child=-2 -3
leaf_value=0 0.11385528794684181 -0.046028584827859868
leaf_weight=0.86693789809942146 24.991785570979118 62.20912403985858
leaf_count=12 97 1475
internal_value=0 -0.0452973
internal_weight=88.0678 63.0761
internal_count=1584 1487
is_linear=0
shrinkage=0.05


Tree=106
num_leaves=4
num_cat=0
split_feature=25 12 8
split_gain=178.824 1.10874 0.129142
threshold=1.0000000180025095e-35 0.49134678747263855 0.69571288880715809
decision_type=2 2 2
left_child=1 -1 -3
right_child=-2 2 -4
leaf_value=-0.047508810097156143 0.11378709639906857 0 -0.021230276087999846
leaf_weight=55.723173692822456 24.214744105935097 1.0646421760320652 6.7401884868741035
leaf_count=1335 94 18 137
internal_value=-0.000171647 -0.0445487 -0.0188167
internal_weight=87.7427 63.528 7.80483
internal_count=1584 1490 155
is_linear=0
shrinkage=0.05


Tree=107
num_leaves=3
num_cat=0
split_feature=26 8
split_gain=179.385 0.504863
threshold=1.0000000180025095e-35 -0.51463834572177747
decision_type=2 2
left_child=1 -1
right_child=-2 -3
leaf_value=0 0.11374041867036051 -0.046064302886702699
leaf_weight=1.3759873546659935 23.959703832864761 62.378591287881136
leaf_count=25 93 1466
internal_value=-0.00121341 -0.0453524
internal_weight=87.7143 63.7546
internal_count=1584 1491
is_linear=0
shrinkage=0.05


Tree=108
num_leaves=4
num_cat=0
split_feature=53 12 8
split_gain=182.225 5.31626 0.0913241
threshold=1.7857787510698466 0.49134678747263855 0.69571288880715809
decision_type=2 2 2
left_child=1 -1 -3
right_child=-2 2 -4
leaf_value=-0.047509734418326517 0.11429445227126828 -0.01524048393225441 0
leaf_weight=55.365271426737309 25.789730027318001 0.96892100945114812 8.3183486387133598
leaf_count=1327 101 19 137
internal_value=0.00294019 -0.0416313 -0.00339607
internal_weight=90.4423 64.6525 9.28727
internal_count=1584 1483 156
is_linear=0
shrinkage=0.05


Tree=109
num_leaves=3
num_cat=0
split_feature=46 12
split_gain=183.305 0.909426
threshold=1.0000000180025095e-35 0.49134678747263855
decision_type=2 2
left_child=1 -1
right_child=-2 -3
leaf_value=-0.047486236512415785 0.11400513110493767 -0.020709955873690355
leaf_weight=55.184242099523544 24.982317328453064 8.3209014236927015
leaf_count=1331 97 156
internal_value=0.000316891 -0.0445576
internal_weight=88.4875 63.5051
internal_count=1584 1487
is_linear=0
shrinkage=0.05


Tree=110
num_leaves=4
num_cat=0
split_feature=0 12 3
split_gain=163.401 4.32663 0.0227327
threshold=1.7776565534620203 0.49134678747263855 -1.2971169809373058
decision_type=2 2 2
left_child=1 -1 -3
right_child=-2 2 -4
leaf_value=-0.047514014639554097 0.11346464875679479 -0.00062557672464309182 -0.015621942521903784
leaf_weight=56.035026203840971 22.158007502555847 7.73346346616745 0.98444591462611963
leaf_count=1342 86 137 19
internal_value=-0.00192955 -0.0423666 -0.00578663
internal_weight=86.9109 64.7529 8.71791
internal_count=1584 1498 156
is_linear=0
shrinkage=0.05


Tree=111
num_leaves=4
num_cat=0
split_feature=54 12 8
split_gain=170.307 4.99191 0.0300217
threshold=1.0000000180025095e-35 0.49134678747263855 0.69571288880715809
decision_type=2 2 2
left_child=1 -1 -3
right_child=-2 2 -4
leaf_value=-0.04750431635013546 0.11407034948184309 -0.015306952724416539 -0.00055325557248032595
leaf_weight=55.705541629344225 23.41153846681118 0.97160585969686231 8.6816609874367714
leaf_count=1337 91 19 137
internal_value=0 -0.0417197 -0.00518115
internal_weight=88.7703 65.3588 9.65327
internal_count=1584 1493 156
is_linear=0
shrinkage=0.05


Tree=112
num_leaves=2
num_cat=0
split_feature=12
split_gain=129.242
threshold=0.49134678747263855
decision_type=2
left_child=-1
right_child=-2
leaf_value=-0.047360388029460077 0.078184177144963798
leaf_weight=55.483735896646976 31.833084776997566
leaf_count=1428 156
internal_value=-0.00112138
internal_weight=87.3168
internal_count=1584
is_linear=0
shrinkage=0.05


Tree=113
num_leaves=4
num_cat=0
split_feature=14 12 8
split_gain=164.054 1.00282 0.170401
threshold=1.0000000180025095e-35 0.49134678747263855 -1.0000000180025095e-35
decision_type=2 2 2
left_child=1 -1 -3
right_child=-2 2 -4
leaf_value=-0.047301138552440843 0.10433890001150981 0 -0.02204876410173489
leaf_weight=51.762113163247705 26.384690821170807 1.0163852274417875 6.941787675023078
leaf_count=1330 100 17 137
internal_value=0.00137122 -0.0441938 -0.0194259
internal_weight=86.105 59.7203 7.95817
internal_count=1584 1484 154
is_linear=0
shrinkage=0.05


Tree=114
num_leaves=3
num_cat=0
split_feature=38 4
split_gain=154.305 3.1196
threshold=1.0000000180025095e-35 -0.35021576160556561
decision_type=2 2
left_child=1 -1
right_child=-2 -3
leaf_value=0.025324991475870348 0.10347397068978025 -0.045756309099144396
leaf_weight=0.82875334098935027 24.61994007229805 58.611625978723168
leaf_count=12 93 1479
internal_value=-0.000258031 -0.0441452
internal_weight=84.0603 59.4404
internal_count=1584 1491
is_linear=0
shrinkage=0.05


Tree=115
num_leaves=2
num_cat=0
split_feature=11
split_gain=382.846
threshold=1.0000000180025095e-35
decision_type=2
left_child=-1
right_child=-2
leaf_value=-0.050058748017351752 0.087805901817826909
leaf_weight=137.74261721968651 78.709707111120224
leaf_count=1291 293
internal_value=4.52976e-05
internal_weight=216.452
internal_count=1584
is_linear=0
shrinkage=0.05


Tree=116
num_leaves=3
num_cat=0
split_feature=42 4
split_gain=158.206 1.06466
threshold=1.0000000180025095e-35 -0.35021576160556561
decision_type=2 2
left_child=1 -1
right_child=-2 -3
leaf_value=0 0.10354044457973735 -0.045741397606475415
leaf_weight=0.76701874658465286 25.14940556883812 58.382619086652994
leaf_count=12 95 1477
internal_value=-7.83679e-06 -0.0449528
internal_weight=84.299 59.1496
internal_count=1584 1489
is_linear=0
shrinkage=0.05


Tree=117
num_leaves=3
num_cat=0
split_feature=34 4
split_gain=155.494 6.35252
threshold=1.0000000180025095e-35 -0.35021576160556561
decision_type=2 2
left_child=1 -1
right_child=-2 -3
leaf_value=0.056858050944183093 0.1036169489573735 -0.046584230367510915
leaf_weight=0.9016016535460939 24.878769248723984 58.302900170907378
leaf_count=12 94 1478
internal_value=0 -0.0441273
internal_weight=84.0833 59.2045
internal_count=1584 1490
is_linear=0
shrinkage=0.05


Tree=118
num_leaves=4
num_cat=0
split_feature=18 12 8
split_gain=158.826 1.07114 0.0827753
threshold=1.0000000180025095e-35 0.49134678747263855 0.69571288880715809
decision_type=2 2 2
left_child=1 -1 -3
right_child=-2 2 -4
leaf_value=-0.047312511109602003 0.10324713108988855 0 -0.020933931948675974
leaf_weight=51.992438351735473 25.701612114906311 1.1333072707056988 6.669594831764698
leaf_count=1331 97 19 137
internal_value=0.000181247 -0.0441934 -0.0188013
internal_weight=85.497 59.7953 7.8029
internal_count=1584 1487 156
is_linear=0
shrinkage=0.05


Tree=119
num_leaves=3
num_cat=0
split_feature=30 4
split_gain=160.785 0.948347
threshold=1.0000000180025095e-35 -0.35021576160556561
decision_type=2 2
left_child=1 -1
right_child=-2 -3
leaf_value=0 0.10359073026476545 -0.045749825830486403
leaf_weight=0.87053428217768569 25.679523080587387 58.456992948427796
leaf_count=12 97 1475
internal_value=0 -0.0449774
internal_weight=85.0071 59.3275
internal_count=1584 1487
is_linear=0
shrinkage=0.05


Tree=120
num_leaves=4
num_cat=0
split_feature=22 12 8
split_gain=155.271 1.13904 0.120521
threshold=-0.24952543393744944 0.49134678747263855 -1.0000000180025095e-35
decision_type=2 2 2
left_child=1 -1 -3
right_child=-2 2 -4
leaf_value=-0.047317128708624145 0.10308147539873112 0 -0.020525900471456505
leaf_weight=52.129088444635272 24.958485715091228 1.062110550701618 6.5744021050631991
leaf_count=1333 96 18 137
internal_value=-0.00015965 -0.0441861 -0.0181462
internal_weight=84.7241 59.7656 7.63651
internal_count=1584 1488 155
is_linear=0
shrinkage=0.05


Tree=121
num_leaves=3
num_cat=0
split_feature=26 8
split_gain=156.643 0.503599
threshold=1.0000000180025095e-35 -0.51463834572177747
decision_type=2 2
left_child=1 -1
right_child=-2 -3
leaf_value=0 0.10348952646386705 -0.045785814570876604
leaf_weight=1.3664736300706852 24.619552046060562 58.62773903645575
leaf_count=25 93 1466
internal_value=-0.00117211 -0.0450353
internal_weight=84.6138 59.9942
internal_count=1584 1491
is_linear=0
shrinkage=0.05


Tree=122
num_leaves=4
num_cat=0
split_feature=53 12 8
split_gain=158.045 5.26673 0.0895342
threshold=1.7857787510698466 0.49134678747263855 0.69571288880715809
decision_type=2 2 2
left_child=1 -1 -3
right_child=-2 2 -4
leaf_value=-0.047318489787219524 0.10385496186382343 -0.014806688516230668 0
leaf_weight=51.87014140561223 26.53853115439415 0.95133727416395863 8.27967319637537
leaf_count=1327 101 19 137
internal_value=0.0028331 -0.0411255 -0.00311386
internal_weight=87.6397 61.1012 9.23101
internal_count=1584 1483 156
is_linear=0
shrinkage=0.05


Tree=123
num_leaves=3
num_cat=0
split_feature=46 12
split_gain=159.738 0.946188
threshold=1.0000000180025095e-35 0.49134678747263855
decision_type=2 2
left_child=1 -1
right_child=-2 -3
leaf_value=-0.047296454592127647 0.10370084793835871 -0.019994350305736885
leaf_weight=51.702693784609437 25.676150858402252 8.122041065245865
leaf_count=1331 97 156
internal_value=0.000268539 -0.0442007
internal_weight=85.5009 59.8247
internal_count=1584 1487
is_linear=0
shrinkage=0.05


Tree=124
num_leaves=4
num_cat=0
split_feature=0 12 3
split_gain=142.393 4.29123 0.0251797
threshold=1.7776565534620203 0.49134678747263855 -1.2971169809373058
decision_type=2 2 2
left_child=1 -1 -3
right_child=-2 2 -4
leaf_value=-0.047323817097839442 0.10324516220348401 -0.00036944737472220846 -0.015181035914728018
leaf_weight=52.498093783855438 22.768505841493607 7.6927817799150944 0.96624543145298769
leaf_count=1342 86 137 19
internal_value=-0.00184775 -0.0418988 -0.00549031
internal_weight=83.9256 61.1571 8.65903
internal_count=1584 1498 156
is_linear=0
shrinkage=0.05


Tree=125
num_leaves=4
num_cat=0
split_feature=54 12 8
split_gain=148.19 4.94643 0.0324852
threshold=1.0000000180025095e-35 0.49134678747263855 0.69571288880715809
decision_type=2 2 2
left_child=1 -1 -3
right_child=-2 2 -4
leaf_value=-0.047314267549688635 0.10379790271420364 -0.014871912441458869 -0.00029637192781305325
leaf_weight=52.191384095698595 24.063033565878868 0.95391568168997487 8.6369714066386223
leaf_count=1337 91 19 137
internal_value=0 -0.0412218 -0.00488861
internal_weight=85.8453 61.7823 9.59089
internal_count=1584 1493 156
is_linear=0
shrinkage=0.05


Tree=126
num_leaves=2
num_cat=0
split_feature=12
split_gain=113.177
threshold=0.49134678747263855
decision_type=2
left_child=-1
right_child=-2
leaf_value=-0.047176891814316085 0.07019752864413914
leaf_weight=51.910754192620516 33.261238493025303
leaf_count=1428 156
internal_value=-0.000906025
internal_weight=85.172
internal_count=1584
is_linear=0
shrinkage=0.05


Tree=127
num_leaves=4
num_cat=0
split_feature=14 12 8
split_gain=144.147 1.03587 0.16793
threshold=1.0000000180025095e-35 0.49134678747263855 -1.0000000180025095e-35
decision_type=2 2 2
left_child=1 -1 -3
right_child=-2 2 -4
leaf_value=-0.047113416066196331 0.096074735762748761 0 -0.021380059456958839
leaf_weight=48.431220734491944 26.755576834082603 1.0034131594002245 6.7763452790677539
leaf_count=1330 100 17 137
internal_value=0.00129552 -0.0438264 -0.0187351
internal_weight=82.9666 56.211 7.77976
internal_count=1584 1484 154
is_linear=0
shrinkage=0.05


Tree=128
num_leaves=3
num_cat=0
split_feature=38 4
split_gain=135.636 3.05968
threshold=1.0000000180025095e-35 -0.35021576160556561
decision_type=2 2
left_child=1 -1
right_child=-2 -3
leaf_value=0.024496608683808221 0.095278785570825725 -0.045473373540900447
leaf_weight=0.84271891042590041 24.960030674934387 55.021652152761817
leaf_count=12 93 1479
internal_value=-0.000197529 -0.0437664
internal_weight=80.8244 55.8644
internal_count=1584 1491
is_linear=0
shrinkage=0.05


Tree=129
num_leaves=2
num_cat=0
split_feature=12
split_gain=355.774
threshold=1.0000000180025095e-35
decision_type=2
left_child=-1
right_child=-2
leaf_value=0.082912061497375608 -0.051397177831113909
leaf_weight=79.461661130189896 128.1098675057292
leaf_count=299 1285
internal_value=0
internal_weight=207.572
internal_count=1584
is_linear=0
shrinkage=0.05


Tree=130
num_leaves=3
num_cat=0
split_feature=42 4
split_gain=139.173 1.05879
threshold=1.0000000180025095e-35 -0.35021576160556561
decision_type=2 2
left_child=1 -1
right_child=-2 -3
leaf_value=0 0.095336714046592913 -0.045458232840060633
leaf_weight=0.76186081394553085 25.497046172618866 54.807161051779985
leaf_count=12 95 1477
internal_value=0 -0.0446224
internal_weight=81.0661 55.569
internal_count=1584 1489
is_linear=0
shrinkage=0.05


Tree=131
num_leaves=3
num_cat=0
split_feature=34 4
split_gain=136.63 6.11471
threshold=1.0000000180025095e-35 -0.35021576160556561
decision_type=2 2
left_child=1 -1
right_child=-2 -3
leaf_value=0.053608982064638225 0.095399799218079728 -0.046353130477296639
leaf_weight=0.94347133487462898 25.226173102855682 54.687476776540279
leaf_count=12 94 1478
internal_value=0 -0.04375
internal_weight=80.8571 55.6309
internal_count=1584 1490
is_linear=0
shrinkage=0.05


Tree=132
num_leaves=4
num_cat=0
split_feature=18 12 8
split_gain=139.622 1.10153 0.0841132
threshold=1.0000000180025095e-35 0.49134678747263855 0.69571288880715809
decision_type=2 2 2
left_child=1 -1 -3
right_child=-2 2 -4
leaf_value=-0.047124468338154764 0.095081662379503482 0 -0.020275829314025287
leaf_weight=48.645401652902365 26.046958953142166 1.11800868064165 6.5171805173158646
leaf_count=1331 97 19 137
internal_value=0.000128851 -0.0438258 -0.0181318
internal_weight=82.3275 56.2806 7.63519
internal_count=1584 1487 156
is_linear=0
shrinkage=0.05


Tree=133
num_leaves=3
num_cat=0
split_feature=30 4
split_gain=141.406 0.943619
threshold=1.0000000180025095e-35 -0.35021576160556561
decision_type=2 2
left_child=1 -1
right_child=-2 -3
leaf_value=0 0.095381438529289389 -0.045466518166572531
leaf_weight=0.86473456025123496 26.034215718507767 54.877190377563238
leaf_count=12 97 1475
internal_value=0 -0.0446484
internal_weight=81.7761 55.7419
internal_count=1584 1487
is_linear=0
shrinkage=0.05


Tree=134
num_leaves=4
num_cat=0
split_feature=25 12 8
split_gain=137.276 1.16966 0.119598
threshold=1.0000000180025095e-35 0.49134678747263855 -1.0000000180025095e-35
decision_type=2 2 2
left_child=1 -1 -3
right_child=-2 2 -4
leaf_value=-0.047131283036993793 0.095386836070519829 0 -0.019872058729793807
leaf_weight=48.857854034751654 25.222175866365433 1.0487433038651941 6.4265387132763854
leaf_count=1335 94 18 137
internal_value=-0.000147873 -0.0438246 -0.017478
internal_weight=81.5553 56.3331 7.47528
internal_count=1584 1490 155
is_linear=0
shrinkage=0.05


Tree=135
num_leaves=3
num_cat=0
split_feature=26 8
split_gain=137.926 0.277895
threshold=1.0000000180025095e-35 -0.51376352670502978
decision_type=2 2
left_child=1 -1
right_child=-2 -3
leaf_value=-0.0016796813060269398 0.095289070180678836 -0.045491046484279381
leaf_weight=1.6041164807975281 24.960478633642197 54.793883576989174
leaf_count=32 93 1459
internal_value=-0.00113373 -0.04471
internal_weight=81.3585 56.398
internal_count=1584 1491
is_linear=0
shrinkage=0.05


Tree=136
num_leaves=4
num_cat=0
split_feature=53 12 8
split_gain=138.241 5.21177 0.0824467
threshold=1.7857787510698466 0.49134678747263855 0.69571288880715809
decision_type=2 2 2
left_child=1 -1 -3
right_child=-2 2 -4
leaf_value=-0.047129567655616086 0.095498014308993462 -0.014134091419925783 0
leaf_weight=48.528835505247116 26.944019183516502 0.92496487498283109 8.2535073049366474
leaf_count=1327 101 19 137
internal_value=0.00273124 -0.0406011 -0.00284889
internal_weight=84.6513 57.7073 9.17847
internal_count=1584 1483 156
is_linear=0
shrinkage=0.05


Tree=137
num_leaves=3
num_cat=0
split_feature=46 12
split_gain=140.374 0.980852
threshold=1.0000000180025095e-35 0.49134678747263855
decision_type=2 2
left_child=1 -1
right_child=-2 -3
leaf_value=-0.047108867908079215 0.095454170822712403 -0.019291233366501747
leaf_weight=48.374170524999499 26.036754250526428 7.9342951849102965
leaf_count=1331 97 156
internal_value=0.000216417 -0.0438335
internal_weight=82.3452 56.3085
internal_count=1584 1487
is_linear=0
shrinkage=0.05


Tree=138
num_leaves=3
num_cat=0
split_feature=0 3
split_gain=125.108 0.768088
threshold=1.7776565534620203 -1.2971169809373058
decision_type=2 2
left_child=1 -1
right_child=-2 -3
leaf_value=-0.027568177926006073 0.095068741234842019 -0.046908154214936763
leaf_weight=18.543372813612223 23.085018932819366 39.178840039297938
leaf_count=436 86 1062
internal_value=-0.00177173 -0.0414146
internal_weight=80.8072 57.7222
internal_count=1584 1498
is_linear=0
shrinkage=0.05


Tree=139
num_leaves=4
num_cat=0
split_feature=54 12 8
split_gain=130.011 4.89357 0.0293178
threshold=1.0000000180025095e-35 0.49134678747263855 0.69571288880715809
decision_type=2 2 2
left_child=1 -1 -3
right_child=-2 2 -4
leaf_value=-0.047126561704152956 0.09557536379710134 -0.014198208377351171 -0.0001250286879622364
leaf_weight=48.831813886761665 24.403669863939285 0.92741813138127049 8.6073845401406288
leaf_count=1337 91 19 137
internal_value=0 -0.0407063 -0.00462445
internal_weight=82.7703 58.3666 9.5348
internal_count=1584 1493 156
is_linear=0
shrinkage=0.05


Tree=140
num_leaves=2
num_cat=0
split_feature=12
split_gain=97.2508
threshold=0.49134678747263855
decision_type=2
left_child=-1
right_child=-2
leaf_value=-0.046985975912753358 0.061528246596495785
leaf_weight=48.105533154681325 35.38539133220911
leaf_count=1417 161
internal_value=-0.000604984
internal_weight=83.4909
internal_count=1578
is_linear=0
shrinkage=0.05


Tree=141
num_leaves=4
num_cat=0
split_feature=14 12 8
split_gain=114.397 2.06184 0.0439521
threshold=1.0000000180025095e-35 0.49134678747263855 0.69571288880715809
decision_type=2 2 2
left_child=1 -1 -3
right_child=-2 2 -4
leaf_value=-0.046927241581354744 0.089080112674308876 0 -0.014438276698718855
leaf_weight=45.301503904163837 23.332069545984268 1.0831029377877701 6.7727252095937729
leaf_count=1332 87 19 140
internal_value=-0.00175054 -0.0425429 -0.0129727
internal_weight=76.4894 53.1573 7.85583
internal_count=1578 1491 159
is_linear=0
shrinkage=0.05


Tree=142
num_leaves=3
num_cat=0
split_feature=38 4
split_gain=126.081 3.06838
threshold=1.0000000180025095e-35 -0.35021576160556561
decision_type=2 2
left_child=1 -1
right_child=-2 -3
leaf_value=0.023624104907043572 0.088850363414850864 -0.046129730293057586
leaf_weight=0.85771429166197677 26.365088880062103 51.214491115882993
leaf_count=12 98 1468
internal_value=0.000424035 -0.0442915
internal_weight=78.4373 52.0722
internal_count=1578 1480
is_linear=0
shrinkage=0.05


Tree=143
num_leaves=2
num_cat=0
split_feature=12
split_gain=317.153
threshold=1.0000000180025095e-35
decision_type=2
left_child=-1
right_child=-2
leaf_value=0.078450016041752724 -0.050969515908182529
leaf_weight=77.519027084112167 119.87556999921799
leaf_count=297 1281
internal_value=0
internal_weight=197.395
internal_count=1578
is_linear=0
shrinkage=0.05


Tree=144
num_leaves=3
num_cat=0
split_feature=42 8
split_gain=122.099 2.78926
threshold=1.0000000180025095e-35 -0.52456312342282096
decision_type=2 2
left_child=1 -1
right_child=-2 -3
leaf_value=0.016125879053405141 0.088582249538831023 -0.046115883371497086
leaf_weight=1.0254280008375634 25.293764054775238 50.954134033992887
leaf_count=20 94 1464
internal_value=-0.000172094 -0.0442697
internal_weight=77.2733 51.9796
internal_count=1578 1484
is_linear=0
shrinkage=0.05


Tree=145
num_leaves=3
num_cat=0
split_feature=34 4
split_gain=125.776 2.78246
threshold=1.0000000180025095e-35 -0.35021576160556561
decision_type=2 2
left_child=1 -1
right_child=-2 -3
leaf_value=0.016842674237389523 0.088767236680937611 -0.046107151170933613
leaf_weight=0.9858037531375875 26.37124302983284 50.895863657817245
leaf_count=12 98 1468
internal_value=0.000515461 -0.0442844
internal_weight=78.2529 51.8817
internal_count=1578 1480
is_linear=0
shrinkage=0.05


Tree=146
num_leaves=3
num_cat=0
split_feature=18 12
split_gain=121.587 2.14482
threshold=1.0000000180025095e-35 0.49134678747263855
decision_type=2 2
left_child=1 -1
right_child=-2 -3
leaf_value=-0.046927463258172313 0.088382289303476025 -0.012287266965079743
leaf_weight=45.053581658750772 26.104894667863846 7.7133417315781108
leaf_count=1320 97 161
internal_value=0.000790809 -0.042496
internal_weight=78.8718 52.7669
internal_count=1578 1481
is_linear=0
shrinkage=0.05


Tree=147
num_leaves=3
num_cat=0
split_feature=30 8
split_gain=120.871 2.59222
threshold=1.0000000180025095e-35 -0.52456312342282096
decision_type=2 2
left_child=1 -1
right_child=-2 -3
leaf_value=0.013226216116125579 0.088742519867708536 -0.045158715599785432
leaf_weight=1.0882424898445595 25.288488537073135 51.129733821377158
leaf_count=19 94 1465
internal_value=0 -0.0433538
internal_weight=77.5065 52.218
internal_count=1578 1484
is_linear=0
shrinkage=0.05


Tree=148
num_leaves=4
num_cat=0
split_feature=22 12 8
split_gain=127.265 1.10223 0.0767901
threshold=-0.24952543393744944 0.49134678747263855 -1.0000000180025095e-35
decision_type=2 2 2
left_child=1 -1 -3
right_child=-2 2 -4
leaf_value=-0.046927995037412518 0.088837151429890807 0 -0.019847763543460128
leaf_weight=44.999804204329848 27.172104299068451 1.1255903802812097 6.4319176971912375
leaf_count=1317 101 20 140
internal_value=0.00162125 -0.0434104 -0.0177504
internal_weight=79.7294 52.5573 7.55751
internal_count=1578 1477 160
is_linear=0
shrinkage=0.05


Tree=149
num_leaves=3
num_cat=0
split_feature=29 12
split_gain=121.131 1.15044
threshold=1.0000000180025095e-35 0.49134678747263855
decision_type=2 2
left_child=1 -1
right_child=-2 -3
leaf_value=-0.046936984474772625 0.088590027009419134 -0.017303751177617132
leaf_weight=45.29030928760767 25.294801294803619 7.4514541551470748
leaf_count=1324 94 160
internal_value=-2.14789e-05 -0.0434217
internal_weight=78.0366 52.7418
internal_count=1578 1484
is_linear=0
shrinkage=0.05


Tree=150
num_leaves=4
num_cat=0
split_feature=53 12 50
split_gain=121.412 2.23449 0.805618
threshold=3.5959279840799754 0.49134678747263855 2.6023896710842358
decision_type=2 2 2
left_child=1 2 -1
right_child=-2 -3 -4
leaf_value=-0.046924939515605141 0.089673086029206844 -0.013957786204828472 0
leaf_weight=45.018016684800386 25.487980425357819 9.3958308361470682 0.49027712643146415
leaf_count=1320 95 161 2
internal_value=0.000204978 -0.0413117 -0.0462029
internal_weight=80.3921 54.9041 45.5083
internal_count=1578 1483 1322
is_linear=0
shrinkage=0.05


Tree=151
num_leaves=3
num_cat=0
split_feature=46 12
split_gain=123.949 0.929874
threshold=1.0000000180025095e-35 0.49134678747263855
decision_type=2 2
left_child=1 -1
right_child=-2 -3
leaf_value=-0.046912183957506133 0.088689807774676027 -0.019432940819281583
leaf_weight=44.802050961181521 26.108215868473053 7.9915969446301451
leaf_count=1320 97 161
internal_value=0.000247383 -0.043443
internal_weight=78.9019 52.7936
internal_count=1578 1481
is_linear=0
shrinkage=0.05


Tree=152
num_leaves=4
num_cat=0
split_feature=0 12 3
split_gain=109.648 5.72857 0.130204
threshold=1.7776565534620203 0.49134678747263855 -1.2971169809373058
decision_type=2 2 2
left_child=1 -1 -3
right_child=-2 2 -4
leaf_value=-0.046950609713008642 0.088359746896149172 0.00016611573933809229 -0.01491703482184658
leaf_weight=45.657156806439161 23.416387230157852 7.6182912290096283 0.961837548762558
leaf_count=1330 87 140 21
internal_value=-0.000631044 -0.0399648 0
internal_weight=77.6537 54.2373 8.58013
internal_count=1578 1491 161
is_linear=0
shrinkage=0.05


Tree=153
num_leaves=4
num_cat=0
split_feature=54 12 8
split_gain=109.434 6.08476 0.137538
threshold=1.0000000180025095e-35 0.49134678747263855 0.69571288880715809
decision_type=2 2 2
left_child=1 -1 -3
right_child=-2 2 -4
leaf_value=-0.046933035092622102 0.088643623228612412 -0.015357333611598382 0
leaf_weight=45.36270759999752 23.398850947618484 0.97980753704905232 8.7785449624061584
leaf_count=1330 87 21 140
internal_value=-0.000522311 -0.0392793 -0.000709437
internal_weight=78.5199 55.1211 9.75835
internal_count=1578 1491 161
is_linear=0
shrinkage=0.05


Tree=154
num_leaves=3
num_cat=0
split_feature=3 11
split_gain=61.5232 32.6021
threshold=-1.2971169809373058 1.0000000180025095e-35
decision_type=2 2
left_child=1 -1
right_child=-2 -3
leaf_value=0.061858082099849582 -0.046866132842701205 -0.042570579118415323
leaf_weight=34.515764877200127 37.944988969713449 8.8251200616359693
leaf_count=146 1141 291
internal_value=-0.000400261 0.039781
internal_weight=81.2859 43.3409
internal_count=1578 437
is_linear=0
shrinkage=0.05


Tree=155
num_leaves=3
num_cat=0
split_feature=14 12
split_gain=101.69 2.08059
threshold=1.0000000180025095e-35 0.49134678747263855
decision_type=2 2
left_child=1 -1
right_child=-2 -3
leaf_value=-0.046740278618899123 0.083471281830459765 -0.012365911898454228
leaf_weight=42.255300018936396 23.177256122231483 7.7252502329647532
leaf_count=1332 87 159
internal_value=-0.00167988 -0.0420975
internal_weight=73.1578 49.9806
internal_count=1578 1491
is_linear=0
shrinkage=0.05


Tree=156
num_leaves=3
num_cat=0
split_feature=38 8
split_gain=112.033 2.64786
threshold=1.0000000180025095e-35 -0.52456312342282096
decision_type=2 2
left_child=1 -1
right_child=-2 -3
leaf_value=0.01342295506888283 0.083249499709822497 -0.045882515304753138
leaf_weight=1.0821591485291708 26.18572473526001 47.70724100060761
leaf_count=19 98 1461
internal_value=0.00040995 -0.0439371
internal_weight=74.9751 48.7894
internal_count=1578 1480
is_linear=0
shrinkage=0.05


Tree=157
num_leaves=2
num_cat=0
split_feature=12
split_gain=284.777
threshold=1.0000000180025095e-35
decision_type=2
left_child=-1
right_child=-2
leaf_value=0.074600499030347614 -0.050567734986838447
leaf_weight=75.583329766988754 112.33197719603777
leaf_count=297 1281
internal_value=-2.54924e-05
internal_weight=187.915
internal_count=1578
is_linear=0
shrinkage=0.05


Tree=158
num_leaves=3
num_cat=0
split_feature=42 12
split_gain=108.527 0.539881
threshold=1.0000000180025095e-35 0.49134678747263855
decision_type=2 2
left_child=1 -1
right_child=-2 -3
leaf_value=-0.046756316029242767 0.082988811749680771 -0.019249003796286968
leaf_weight=42.360338289290667 25.117905914783478 6.3435612544417372
leaf_count=1324 94 160
internal_value=-0.000130832 -0.0439137
internal_weight=73.8218 48.7039
internal_count=1578 1484
is_linear=0
shrinkage=0.05


Tree=159
num_leaves=3
num_cat=0
split_feature=34 8
split_gain=111.731 2.37378
threshold=1.0000000180025095e-35 -0.52456312342282096
decision_type=2 2
left_child=1 -1
right_child=-2 -3
leaf_value=0.0068450280717398705 0.083154436808676624 -0.04585709124239136
leaf_weight=1.2552225794643153 26.190524995326996 47.359490251168609
leaf_count=20 98 1460
internal_value=0.000488055 -0.0439315
internal_weight=74.8052 48.6147
internal_count=1578 1480
is_linear=0
shrinkage=0.05


Tree=160
num_leaves=4
num_cat=0
split_feature=18 12 3
split_gain=107.866 2.16473 0.0544822
threshold=1.0000000180025095e-35 0.49134678747263855 -1.1946941867190002
decision_type=2 2 2
left_child=1 -1 -3
right_child=-2 2 -4
leaf_value=-0.0467396241915667 0.08280622528276467 -0.013244332671953536 0
leaf_weight=42.023458920419216 25.914433538913727 6.5486478060483932 1.0355211384594429
leaf_count=1320 97 142 19
internal_value=0.000729253 -0.0420463 -0.011666
internal_weight=75.5221 49.6076 7.58417
internal_count=1578 1481 161
is_linear=0
shrinkage=0.05


Tree=161
num_leaves=3
num_cat=0
split_feature=30 8
split_gain=107.331 2.55893
threshold=1.0000000180025095e-35 -0.52456312342282096
decision_type=2 2
left_child=1 -1
right_child=-2 -3
leaf_value=0.013083845615096621 0.08314547398565636 -0.044858072422014915
leaf_weight=1.0911996588110913 25.116630792617798 47.883380003273487
leaf_count=19 94 1465
internal_value=0 -0.0429426
internal_weight=74.0912 48.9746
internal_count=1578 1484
is_linear=0
shrinkage=0.05


Tree=162
num_leaves=4
num_cat=0
split_feature=22 12 8
split_gain=112.991 1.12978 0.0773342
threshold=-0.24952543393744944 0.49134678747263855 -1.0000000180025095e-35
decision_type=2 2 2
left_child=1 -1 -3
right_child=-2 2 -4
leaf_value=-0.046739961279288901 0.083230091499551601 0 -0.019188156470579219
leaf_weight=41.973784038797021 26.983686566352844 1.1113552451133726 6.2878384441137305
leaf_count=1317 101 20 140
internal_value=0.00152604 -0.0430129 -0.0170853
internal_weight=76.3567 49.373 7.39919
internal_count=1578 1477 160
is_linear=0
shrinkage=0.05


Tree=163
num_leaves=3
num_cat=0
split_feature=26 12
split_gain=107.64 1.18046
threshold=1.0000000180025095e-35 0.49134678747263855
decision_type=2 2
left_child=1 -1
right_child=-2 -3
leaf_value=-0.046749229493239335 0.082997803718468224 -0.01661474248055644
leaf_weight=42.244300846010447 25.119547188282013 7.2922600209712973
leaf_count=1324 94 160
internal_value=-1.81406e-05 -0.0430231
internal_weight=74.6561 49.5366
internal_count=1578 1484
is_linear=0
shrinkage=0.05


Tree=164
num_leaves=4
num_cat=0
split_feature=53 50 3
split_gain=107.582 0.654422 0.268001
threshold=3.5959279840799754 2.6023896710842358 -1.2971169809373058
decision_type=2 2 2
left_child=1 2 -1
right_child=-2 -3 -4
leaf_value=-0.029126600624849376 0.083940349495561284 0 -0.046489958871319896
leaf_weight=17.492485726252198 25.334429055452347 0.48744717240333457 33.724506985396147
leaf_count=437 95 2 1044
internal_value=0.000171349 -0.0408062 -0.0413821
internal_weight=77.0389 51.7044 51.217
internal_count=1578 1483 1481
is_linear=0
shrinkage=0.05


Tree=165
num_leaves=3
num_cat=0
split_feature=47 12
split_gain=110.072 0.962881
threshold=1.0000000180025095e-35 0.49134678747263855
decision_type=2 2
left_child=1 -1
right_child=-2 -3
leaf_value=-0.046724632006045166 0.083063972056249921 -0.01872479622699089
leaf_weight=41.788659285753965 25.929324924945831 7.8069195710122576
leaf_count=1320 97 161
internal_value=0.000182273 -0.0430471
internal_weight=75.5249 49.5956
internal_count=1578 1481
is_linear=0
shrinkage=0.05


Tree=166
num_leaves=4
num_cat=0
split_feature=0 12 7
split_gain=97.09 5.67049 0.116988
threshold=1.7776565534620203 0.49134678747263855 -1.0000000180025095e-35
decision_type=2 2 2
left_child=1 -1 -3
right_child=-2 2 -4
leaf_value=-0.046762790736525874 0.08276075178531106 0.00033895878586617079 -0.014252910530185717
leaf_weight=42.584248056635261 23.255482256412506 7.5914636999368668 0.935130324214695
leaf_count=1330 87 140 21
internal_value=-0.000553389 -0.0393803 0
internal_weight=74.3663 51.1108 8.52659
internal_count=1578 1491 161
is_linear=0
shrinkage=0.05


Tree=167
num_leaves=4
num_cat=0
split_feature=54 12 8
split_gain=96.8648 6.01592 0.124599
threshold=1.0000000180025095e-35 0.49134678747263855 0.69571288880715809
decision_type=2 2 2
left_child=1 -1 -3
right_child=-2 2 -4
leaf_value=-0.046745727804687144 0.083024471634281741 -0.014686052744272916 0
leaf_weight=42.310957273468375 23.243650257587433 0.95222441479563436 8.7465943396091461
leaf_count=1330 87 21 140
internal_value=-0.000450294 -0.0386674 -0.000410438
internal_weight=75.2534 52.0098 9.69882
internal_count=1578 1491 161
is_linear=0
shrinkage=0.05


Tree=168
num_leaves=2
num_cat=0
split_feature=12
split_gain=76.398
threshold=0.49134678747263855
decision_type=2
left_child=-1
right_child=-2
leaf_value=-0.046624360336330571 0.051247905988452094
leaf_weight=41.844381537288427 37.175828769803047
leaf_count=1417 161
internal_value=-0.000232298
internal_weight=79.0202
internal_count=1578
is_linear=0
shrinkage=0.05


Tree=169
num_leaves=4
num_cat=0
split_feature=14 12 3
split_gain=90.688 2.09749 0.267334
threshold=1.0000000180025095e-35 0.49134678747263855 -1.0868720616634644
decision_type=2 2 2
left_child=1 -1 -3
right_child=-2 2 -4
leaf_value=-0.046552599369245232 0.078732467691981931 -0.015443262986742177 0
leaf_weight=39.354995621368289 22.835989221930504 6.9966679289937019 0.60125497728586097
leaf_count=1332 87 147 12
internal_value=-0.0016115 -0.0416322 -0.0117582
internal_weight=69.7889 46.9529 7.59792
internal_count=1578 1491 159
is_linear=0
shrinkage=0.05


Tree=170
num_leaves=3
num_cat=0
split_feature=38 8
split_gain=99.9014 2.58772
threshold=1.0000000180025095e-35 -0.52456312342282096
decision_type=2 2
left_child=1 -1
right_child=-2 -3
leaf_value=0.012555884878959631 0.078518897988542877 -0.045637028854160128
leaf_weight=1.1022895071655501 25.794318914413452 44.570812804624438
leaf_count=19 98 1461
internal_value=0.000386579 -0.0435704
internal_weight=71.4674 45.6731
internal_count=1578 1480
is_linear=0
shrinkage=0.05


Tree=171
num_leaves=2
num_cat=0
split_feature=12
split_gain=256.655
threshold=1.0000000180025095e-35
decision_type=2
left_child=-1
right_child=-2
leaf_value=0.071348051860469747 -0.050191185507193828
leaf_weight=73.275869250297546 105.12276348844171
leaf_count=297 1281
internal_value=-7.02474e-05
internal_weight=178.399
internal_count=1578
is_linear=0
shrinkage=0.05


Tree=172
num_leaves=3
num_cat=0
split_feature=42 8
split_gain=96.87 2.76028
threshold=1.0000000180025095e-35 -0.52456312342282096
decision_type=2 2
left_child=1 -1
right_child=-2 -3
leaf_value=0.016561209235867746 0.07827485770349854 -0.045641290967615926
leaf_weight=1.0149591527879227 24.738475322723389 44.637146670371294
leaf_count=20 94 1464
internal_value=-0.000133869 -0.0435523
internal_weight=70.3906 45.6521
internal_count=1578 1484
is_linear=0
shrinkage=0.05


Tree=173
num_leaves=3
num_cat=0
split_feature=34 8
split_gain=99.621 2.32714
threshold=1.0000000180025095e-35 -0.52456312342282096
decision_type=2 2
left_child=1 -1
right_child=-2 -3
leaf_value=0.0063024203648310824 0.078422154787808271 -0.045611372838314471
leaf_weight=1.2698385827243317 25.796629309654236 44.246047692373395
leaf_count=20 98 1460
internal_value=0.000452065 -0.043567
internal_weight=71.3125 45.5159
internal_count=1578 1480
is_linear=0
shrinkage=0.05


Tree=174
num_leaves=4
num_cat=0
split_feature=18 12 13
split_gain=96.0452 2.17785 0.280007
threshold=1.0000000180025095e-35 0.49134678747263855 -0.55062270036274141
decision_type=2 2 2
left_child=1 -1 -3
right_child=-2 2 -4
leaf_value=-0.046551054046459227 0.07811018302328028 -0.015038716869448002 0
leaf_weight=39.138440366834402 25.513784259557724 6.9198734387755394 0.54497285559773345
leaf_count=1320 97 150 11
internal_value=0.000667443 -0.0415783 -0.0110815
internal_weight=72.1171 46.6033 7.46485
internal_count=1578 1481 161
is_linear=0
shrinkage=0.05


Tree=175
num_leaves=3
num_cat=0
split_feature=30 8
split_gain=95.6298 2.49601
threshold=1.0000000180025095e-35 -0.52456312342282096
decision_type=2 2
left_child=1 -1
right_child=-2 -3
leaf_value=0.01225292098867869 0.07841912858891216 -0.0445457346443488
leaf_weight=1.1106910128146399 24.741386085748672 44.77954014763236
leaf_count=19 94 1465
internal_value=0 -0.0425149
internal_weight=70.6316 45.8902
internal_count=1578 1484
is_linear=0
shrinkage=0.05


Tree=176
num_leaves=4
num_cat=0
split_feature=25 12 8
split_gain=100.686 1.15394 0.0678258
threshold=1.0000000180025095e-35 0.49134678747263855 -1.0000000180025095e-35
decision_type=2 2 2
left_child=1 -1 -3
right_child=-2 2 -4
leaf_value=-0.046551199526580635 0.078501625078140083 0 -0.018468205295930979
leaf_weight=39.092669693753123 26.576262831687927 1.1128674671053884 6.1367069184780112
leaf_count=1317 101 20 140
internal_value=0.00143091 -0.0425999 -0.0164382
internal_weight=72.9185 46.3422 7.24957
internal_count=1578 1477 160
is_linear=0
shrinkage=0.05


Tree=177
num_leaves=3
num_cat=0
split_feature=26 12
split_gain=95.9918 1.20696
threshold=1.0000000180025095e-35 0.49134678747263855
decision_type=2 2
left_child=1 -1
right_child=-2 -3
leaf_value=-0.046560801326250088 0.078281712618847421 -0.015945132591048343
leaf_weight=39.344179024919868 24.740631937980652 7.1422881931066504
leaf_count=1324 94 160
internal_value=-1.6093e-05 -0.0426087
internal_weight=71.2271 46.4865
internal_count=1578 1484
is_linear=0
shrinkage=0.05


Tree=178
num_leaves=3
num_cat=0
split_feature=53 12
split_gain=95.7007 2.49959
threshold=1.7857787510698466 0.49134678747263855
decision_type=2 2
left_child=1 -1
right_child=-2 -3
leaf_value=-0.046558183648711789 0.078013004849647363 -0.012015221715256088
leaf_weight=39.256452733650804 25.45516899228096 8.9178747497498971
leaf_count=1320 97 161
internal_value=0.00014427 -0.0408664
internal_weight=73.6295 48.1743
internal_count=1578 1481
is_linear=0
shrinkage=0.05


Tree=179
num_leaves=3
num_cat=0
split_feature=46 12
split_gain=98.1099 0.994666
threshold=1.0000000180025095e-35 0.49134678747263855
decision_type=2 2
left_child=1 -1
right_child=-2 -3
leaf_value=-0.046536267429117699 0.078328818005167333 -0.018015153737077915
leaf_weight=38.91961813531816 25.538406431674957 7.6290644519031039
leaf_count=1320 97 161
internal_value=0.000119434 -0.0426343
internal_weight=72.0871 46.5487
internal_count=1578 1481
is_linear=0
shrinkage=0.05


Tree=180
num_leaves=3
num_cat=0
split_feature=0 3
split_gain=86.251 1.61117
threshold=1.7776565534620203 -1.2971169809373058
decision_type=2 2
left_child=1 -1
right_child=-2 -3
leaf_value=-0.021751513563258554 0.078043809830372013 -0.046299312612651744
leaf_weight=16.383320983499289 22.905365258455276 31.746791958808899
leaf_count=437 87 1054
internal_value=-0.000469672 -0.038767
internal_weight=71.0355 48.1301
internal_count=1578 1491
is_linear=0
shrinkage=0.05


Tree=181
num_leaves=4
num_cat=0
split_feature=54 12 8
split_gain=86.0188 5.9489 0.1188
threshold=1.0000000180025095e-35 0.49134678747263855 0.69571288880715809
decision_type=2 2 2
left_child=1 -1 -3
right_child=-2 2 -4
leaf_value=-0.046557727937265647 0.078292297300361122 -0.014367283035478878 0
leaf_weight=39.405363045632839 22.899143606424332 0.93914468213915547 8.6953660100698471
leaf_count=1330 87 21 140
internal_value=-0.000369311 -0.0380244 -8.11275e-05
internal_weight=71.939 49.0399 9.63451
internal_count=1578 1491 161
is_linear=0
shrinkage=0.05


Tree=182
num_leaves=2
num_cat=0
split_feature=12
split_gain=67.6836
threshold=0.49134678747263855
decision_type=2
left_child=-1
right_child=-2
leaf_value=-0.046440710338321194 0.046814100143709861
leaf_weight=38.920911204069853 37.915114842355251
leaf_count=1417 161
internal_value=-9.52478e-05
internal_weight=76.836
internal_count=1578
is_linear=0
shrinkage=0.05


Tree=183
num_leaves=4
num_cat=0
split_feature=14 12 3
split_gain=81.1252 2.11677 0.258507
threshold=1.0000000180025095e-35 0.49134678747263855 -1.0868720616634644
decision_type=2 2 2
left_child=1 -1 -3
right_child=-2 2 -4
leaf_value=-0.04636378655971346 0.074721895216734793 -0.014867203442236535 0
leaf_weight=36.606524519622326 22.338063985109329 6.8775782883167267 0.59005923941731353
leaf_count=1332 87 147 12
internal_value=-0.00153125 -0.0411441 -0.0111154
internal_weight=66.4122 44.0742 7.46764
internal_count=1578 1491 159
is_linear=0
shrinkage=0.05


Tree=184
num_leaves=3
num_cat=0
split_feature=41 8
split_gain=89.3785 2.55196
threshold=1.0000000180025095e-35 -0.52456312342282096
decision_type=2 2
left_child=1 -1
right_child=-2 -3
leaf_value=0.012287345670608312 0.07451297701856073 -0.045387413630959904
leaf_weight=1.1082365252077568 25.226583182811737 41.613282492384315
leaf_count=19 98 1461
internal_value=0.000369803 -0.043188
internal_weight=67.9481 42.7215
internal_count=1578 1480
is_linear=0
shrinkage=0.05


Tree=185
num_leaves=2
num_cat=0
split_feature=12
split_gain=231.853
threshold=1.0000000180025095e-35
decision_type=2
left_child=-1
right_child=-2
leaf_value=0.068534187647526099 -0.049839757833260057
leaf_weight=70.669396162033081 98.274434424936771
leaf_count=297 1281
internal_value=-0.000120141
internal_weight=168.944
internal_count=1578
is_linear=0
shrinkage=0.05


Tree=186
num_leaves=3
num_cat=0
split_feature=42 8
split_gain=86.6771 2.72091
threshold=1.0000000180025095e-35 -0.52456312342282096
decision_type=2 2
left_child=1 -1
right_child=-2 -3
leaf_value=0.016207336757848318 0.07427008785734289 -0.045392252416767115
leaf_weight=1.0223554205149401 24.190071254968643 41.677163816988468
leaf_count=20 94 1464
internal_value=-9.06576e-05 -0.0431681
internal_weight=66.8896 42.6995
internal_count=1578 1484
is_linear=0
shrinkage=0.05


Tree=187
num_leaves=3
num_cat=0
split_feature=34 8
split_gain=89.1031 2.3032
threshold=1.0000000180025095e-35 -0.52456312342282096
decision_type=2 2
left_child=1 -1
right_child=-2 -3
leaf_value=0.0063123239932422488 0.074406234093680579 -0.045361394401886891
leaf_weight=1.2686585169285525 25.225966721773148 41.310249648988247
leaf_count=20 98 1460
internal_value=0.000421133 -0.043186
internal_weight=67.8049 42.5789
internal_count=1578 1480
is_linear=0
shrinkage=0.05


Tree=188
num_leaves=4
num_cat=0
split_feature=18 12 13
split_gain=85.7562 2.1976 0.269916
threshold=1.0000000180025095e-35 0.49134678747263855 -0.55062270036274141
decision_type=2 2 2
left_child=1 -1 -3
right_child=-2 2 -4
leaf_value=-0.046361338497094312 0.074114236824535384 -0.014460672190990929 0
leaf_weight=36.404519973322749 24.939503073692322 6.8023663572967052 0.53400199487805267
leaf_count=1320 97 150 11
internal_value=0.000618176 -0.0410856 -0.0104284
internal_weight=68.6804 43.7409 7.33637
internal_count=1578 1481 161
is_linear=0
shrinkage=0.05


Tree=189
num_leaves=4
num_cat=0
split_feature=30 8 12
split_gain=85.4761 2.4568 0.0331606
threshold=1.0000000180025095e-35 -0.52456312342282096 0.49134678747263855
decision_type=2 2 2
left_child=1 -1 -3
right_child=-2 2 -4
leaf_value=0.01201442863150696 0.074416297214424776 -0.046398905244809024 -0.020173301294687012
leaf_weight=1.1159686185419548 24.197145074605942 37.002328967675567 4.8499227315187445
leaf_count=19 94 1325 140
internal_value=0 -0.042067 -0.0442242
internal_weight=67.1654 42.9682 41.8523
internal_count=1578 1484 1465
is_linear=0
shrinkage=0.05


Tree=190
num_leaves=4
num_cat=0
split_feature=22 12 8
split_gain=90.018 1.17325 0.0673285
threshold=-0.24952543393744944 0.49134678747263855 -1.0000000180025095e-35
decision_type=2 2 2
left_child=1 -1 -3
right_child=-2 2 -4
leaf_value=-0.046361295232748595 0.074489051779156254 0 -0.017853243088882875
leaf_weight=36.36244092322886 25.986705750226974 1.1013567037880418 6.0124263912439337
leaf_count=1317 101 20 140
internal_value=0.00133597 -0.0421705 -0.015828
internal_weight=69.4629 43.4762 7.11378
internal_count=1578 1477 160
is_linear=0
shrinkage=0.05


Tree=191
num_leaves=3
num_cat=0
split_feature=26 12
split_gain=85.8769 1.22825
threshold=1.0000000180025095e-35 0.49134678747263855
decision_type=2 2
left_child=1 -1
right_child=-2 -3
leaf_value=-0.046371284691268846 0.074277515406992692 -0.015315392351274437
leaf_weight=36.595928825438023 24.193006694316864 7.0065698251128188
leaf_count=1324 94 160
internal_value=-1.48876e-05 -0.0421779
internal_weight=67.7955 43.6025
internal_count=1578 1484
is_linear=0
shrinkage=0.05


Tree=192
num_leaves=4
num_cat=0
split_feature=53 12 50
split_gain=85.4554 2.37198 0.687749
threshold=3.5959279840799754 0.49134678747263855 2.6023896710842358
decision_type=2 2 2
left_child=1 2 -1
right_child=-2 -3 -4
leaf_value=-0.046368042251248354 0.075057442321776732 -0.011445327740400536 0
leaf_weight=36.510898036882281 24.439388915896416 8.7853244785219413 0.48572106659412284
leaf_count=1320 95 161 2
internal_value=9.93998e-05 -0.0397532 -0.0455663
internal_weight=70.2213 45.7819 36.9966
internal_count=1578 1483 1322
is_linear=0
shrinkage=0.05


Tree=193
num_leaves=3
num_cat=0
split_feature=46 12
split_gain=87.7246 1.01962
threshold=1.0000000180025095e-35 0.49134678747263855
decision_type=2 2
left_child=1 -1
right_child=-2 -3
leaf_value=-0.046346673869530258 0.074301660580421841 -0.017359226742018865
leaf_weight=36.20088486559689 24.972125947475433 7.4706518556922665
leaf_count=1320 97 161
internal_value=4.76249e-05 -0.0422066
internal_weight=68.6437 43.6715
internal_count=1578 1481
is_linear=0
shrinkage=0.05


Tree=194
num_leaves=4
num_cat=0
split_feature=0 12 3
split_gain=76.8422 5.72314 0.097187
threshold=1.7776565534620203 0.49134678747263855 -1.2971169809373058
decision_type=2 2 2
left_child=1 -1 -3
right_child=-2 2 -4
leaf_value=-0.046399672670681152 0.074027858243242914 0.0017742903321757049 -0.012607546591975599
leaf_weight=37.093898823484778 22.398634523153305 7.3749299347400665 0.87260882370173742
leaf_count=1330 87 140 21
internal_value=-0.000403583 -0.0381244 0
internal_weight=67.7401 45.3414 8.24754
internal_count=1578 1491 161
is_linear=0
shrinkage=0.05


Tree=195
num_leaves=4
num_cat=0
split_feature=54 12 8
split_gain=76.6372 5.85982 0.107406
threshold=1.0000000180025095e-35 0.49134678747263855 0.69571288880715809
decision_type=2 2 2
left_child=1 -1 -3
right_child=-2 2 -4
leaf_value=-0.046368656363041515 0.07429015651974695 -0.013771937889040783 0
leaf_weight=36.652441259473562 22.396914541721344 0.91571872308850011 8.6715764552354813
leaf_count=1330 87 21 140
internal_value=-0.000290399 -0.0373578 0
internal_weight=68.6367 46.2397 9.5873
internal_count=1578 1491 161
is_linear=0
shrinkage=0.05


Tree=196
num_leaves=3
num_cat=0
split_feature=3 11
split_gain=46.2198 20.4086
threshold=-1.2971169809373058 1.0000000180025095e-35
decision_type=2 2
left_child=1 -1
right_child=-2 -3
leaf_value=0.048147902118840048 -0.046401204518216957 -0.041065116577843674
leaf_weight=36.528743050992489 31.081475149840117 7.0507190432399502
leaf_count=146 1141 291
internal_value=0 0.0328449
internal_weight=74.6609 43.5795
internal_count=1578 437
is_linear=0
shrinkage=0.05


Tree=197
num_leaves=4
num_cat=0
split_feature=14 12 13
split_gain=72.7178 2.14105 0.254324
threshold=1.0000000180025095e-35 0.49134678747263855 -0.64174629205212519
decision_type=2 2 2
left_child=1 -1 -3
right_child=-2 2 -4
leaf_value=-0.046173519609829405 0.071273345157349996 -0.014295532332739433 0
leaf_weight=34.0162248685956 21.713646218180656 6.766072753816843 0.56372696533799072
leaf_count=1332 87 148 11
internal_value=-0.00144796 -0.0406316 -0.0104137
internal_weight=63.0597 41.346 7.3298
internal_count=1578 1491 159
is_linear=0
shrinkage=0.05


Tree=198
num_leaves=3
num_cat=0
split_feature=38 12
split_gain=80.1421 0.685727
threshold=1.0000000180025095e-35 0.49134678747263855
decision_type=2 2
left_child=1 -1
right_child=-2 -3
leaf_value=-0.046198385019351106 0.071068988032253755 -0.016291935391618172
leaf_weight=34.208610432222486 24.515615701675415 5.7182034254074088
leaf_count=1321 98 159
internal_value=0.000354871 -0.0427881
internal_weight=64.4424 39.9268
internal_count=1578 1480
is_linear=0
shrinkage=0.05


Tree=199
num_leaves=2
num_cat=0
split_feature=12
split_gain=209.54
threshold=1.0000000180025095e-35
decision_type=2
left_child=-1
right_child=-2
leaf_value=0.066036197058468693 -0.049508343965709432
leaf_weight=67.778136625885963 91.749797239899635
leaf_count=297 1281
internal_value=-0.000208127
internal_weight=159.528
internal_count=1578
is_linear=0
shrinkage=0.05


Tree=200
num_leaves=3
num_cat=0
split_feature=42 8
split_gain=77.7214 2.5643
threshold=1.0000000180025095e-35 -0.51463834572177747
decision_type=2 2
left_child=1 -1
right_child=-2 -3
leaf_value=0.012846387545272869 0.07082418945623678 -0.045131218369489488
leaf_weight=1.1060444135218848 23.504163861274719 38.797803323715925
leaf_count=23 94 1461
internal_value=-4.4602e-05 -0.0427664
internal_weight=63.408 39.9038
internal_count=1578 1484
is_linear=0
shrinkage=0.05


Tree=201
num_leaves=3
num_cat=0
split_feature=34 8
split_gain=79.8714 2.28094
threshold=1.0000000180025095e-35 -0.52456312342282096
decision_type=2 2
left_child=1 -1
right_child=-2 -3
leaf_value=0.0063807196103842431 0.070952273731135038 -0.045104194306495975
leaf_weight=1.2658140957355488 24.511347010731697 38.531959485262632
leaf_count=20 98 1460
internal_value=0.000391519 -0.0427874
internal_weight=64.3091 39.7978
internal_count=1578 1480
is_linear=0
shrinkage=0.05


Tree=202
num_leaves=4
num_cat=0
split_feature=18 12 13
split_gain=76.7268 2.22232 0.258304
threshold=1.0000000180025095e-35 0.49134678747263855 -0.55062270036274141
decision_type=2 2 2
left_child=1 -1 -3
right_child=-2 2 -4
leaf_value=-0.046170156982877963 0.070674311457987776 -0.013829121597282579 0
leaf_weight=33.828002151101828 24.22361858189106 6.6778716370463371 0.52276242151856323
leaf_count=1320 97 150 11
internal_value=0.00057146 -0.0405684 -0.00971617
internal_weight=65.2523 41.0286 7.20063
internal_count=1578 1481 161
is_linear=0
shrinkage=0.05


Tree=203
num_leaves=4
num_cat=0
split_feature=30 8 12
split_gain=76.6028 2.31472 0.0550738
threshold=1.0000000180025095e-35 -0.51463834572177747 0.49134678747263855
decision_type=2 2 2
left_child=1 -1 -3
right_child=-2 2 -4
leaf_value=0.0091034162507106619 0.070977822832760967 -0.046204807314330111 -0.019517760255186051
leaf_weight=1.1978675592690695 23.516537830233574 34.305260647088289 4.7337047010660163
leaf_count=22 94 1322 140
internal_value=0 -0.0416052 -0.0438889
internal_weight=63.7534 40.2368 39.039
internal_count=1578 1484 1462
is_linear=0
shrinkage=0.05


Tree=204
num_leaves=3
num_cat=0
split_feature=22 12
split_gain=80.6643 1.19642
threshold=-0.24952543393744944 0.49134678747263855
decision_type=2 2
left_child=1 -1
right_child=-2 -3
leaf_value=-0.046169928372751662 0.071038861247959301 -0.015165618025319367
leaf_weight=33.78941466845572 25.249009653925896 6.971366722136735
leaf_count=1317 101 160
internal_value=0.00124392 -0.0417212
internal_weight=66.0098 40.7608
internal_count=1578 1477
is_linear=0
shrinkage=0.05


Tree=205
num_leaves=3
num_cat=0
split_feature=26 12
split_gain=76.9941 1.25314
threshold=1.0000000180025095e-35 0.49134678747263855
decision_type=2 2
left_child=1 -1
right_child=-2 -3
leaf_value=-0.046180357952706669 0.070832092147755724 -0.014635847041181449
leaf_weight=34.005883693695068 23.507972121238708 6.8650395870208731
leaf_count=1324 94 160
internal_value=-1.16025e-05 -0.0417271
internal_weight=64.3789 40.8709
internal_count=1578 1484
is_linear=0
shrinkage=0.05


Tree=206
num_leaves=4
num_cat=0
split_feature=53 12 50
split_gain=76.3939 2.37958 1.00321
threshold=3.5959279840799754 0.49134678747263855 3.4722302465213626
decision_type=2 2 2
left_child=1 2 -1
right_child=-2 -3 -4
leaf_value=-0.046292333643423431 0.071530214700367106 -0.010819039833244219 0
leaf_weight=34.141492947936058 23.761475324630737 8.6436306331306678 0.26345691084861655
leaf_count=1321 95 161 1
internal_value=6.24957e-05 -0.0391797 -0.0453316
internal_weight=66.8101 43.0486 34.4049
internal_count=1578 1483 1322
is_linear=0
shrinkage=0.05


Tree=207
num_leaves=3
num_cat=0
split_feature=46 12
split_gain=78.6105 1.04805
threshold=1.0000000180025095e-35 0.49134678747263855
decision_type=2 2
left_child=1 -1
right_child=-2 -3
leaf_value=-0.046155530298500239 0.070836446854829191 -0.016654354688072085
leaf_weight=33.638722632080317 24.262669801712036 7.306668220087885
leaf_count=1320 97 161
internal_value=0 -0.0417587
internal_weight=65.2081 40.9454
internal_count=1578 1481
is_linear=0
shrinkage=0.05


Tree=208
num_leaves=4
num_cat=0
split_feature=16 12 3
split_gain=68.5709 5.64188 0.0896573
threshold=1.0000000180025095e-35 0.49134678747263855 -1.2971169809373058
decision_type=2 2 2
left_child=1 -1 -3
right_child=-2 2 -4
leaf_value=-0.046208847173773146 0.070569506627708681 0.0019243130730752509 -0.01201505782003022
leaf_weight=34.466151762753725 21.764147490262985 7.3529224842786789 0.851217880845068
leaf_count=1330 87 140 21
internal_value=-0.00031877 -0.0374533 0
internal_weight=64.4344 42.6703 8.20414
internal_count=1578 1491 161
is_linear=0
shrinkage=0.05


Tree=209
num_leaves=4
num_cat=0
split_feature=54 12 8
split_gain=68.3691 5.78284 0.0964317
threshold=1.0000000180025095e-35 0.49134678747263855 0.69571288880715809
decision_type=2 2 2
left_child=1 -1 -3
right_child=-2 2 -4
leaf_value=-0.046178154011131671 0.070821826447942368 -0.013158630298890368 0
leaf_weight=34.057684095576406 21.768200933933258 0.89231792092323026 8.6316655576229095
leaf_count=1330 87 21 140
internal_value=-0.000210052 -0.0366571 0
internal_weight=65.3499 43.5817 9.52398
internal_count=1578 1491 161
is_linear=0
shrinkage=0.05


Tree=210
num_leaves=2
num_cat=0
split_feature=12
split_gain=58.5627
threshold=0.49134678747263855
decision_type=2
left_child=-1
right_child=-2
leaf_value=-0.046093777730106478 0.043719716076703323
leaf_weight=34.11390383914113 37.636765778064728
leaf_count=1438 157
internal_value=0.00064834
internal_weight=71.7507
internal_count=1595
is_linear=0
shrinkage=0.05


Tree=211
num_leaves=2
num_cat=0
split_feature=14
split_gain=76.0996
threshold=1.0000000180025095e-35
decision_type=2
left_child=-1
right_child=-2
leaf_value=-0.042631755710667622 0.068527818531763096
leaf_weight=38.717142837122083 24.839887008070946
leaf_count=1492 103
internal_value=0.000618067
internal_weight=63.557
internal_count=1595
is_linear=0
shrinkage=0.05


Tree=212
num_leaves=3
num_cat=0
split_feature=38 8
split_gain=71.4946 2.40865
threshold=1.0000000180025095e-35 -0.52456312342282096
decision_type=2 2
left_child=1 -1
right_child=-2 -3
leaf_value=0.0098614721938016393 0.068026703610430214 -0.044902106001750486
leaf_weight=1.1725140269845713 23.209325432777405 36.637864656746387
leaf_count=20 96 1479
internal_value=0 -0.0424448
internal_weight=61.0197 37.8104
internal_count=1595 1499
is_linear=0
shrinkage=0.05


Tree=213
num_leaves=2
num_cat=0
split_feature=12
split_gain=194.166
threshold=1.0000000180025095e-35
decision_type=2
left_child=-1
right_child=-2
leaf_value=0.063920717808986283 -0.049192739121460619
leaf_weight=67.15727211534977 85.864075060933828
leaf_count=308 1287
internal_value=0.000333608
internal_weight=153.021
internal_count=1595
is_linear=0
shrinkage=0.05


Tree=214
num_leaves=3
num_cat=0
split_feature=42 8
split_gain=71.9777 2.52986
threshold=1.0000000180025095e-35 -0.52456312342282096
decision_type=2 2
left_child=1 -1
right_child=-2 -3
leaf_value=0.012688923043143126 0.067922744592349191 -0.044886474563017587
leaf_weight=1.1063714772462834 23.674889102578163 36.466373730450869
leaf_count=21 98 1476
internal_value=5.04918e-05 -0.0423901
internal_weight=61.2476 37.5727
internal_count=1595 1497
is_linear=0
shrinkage=0.05


Tree=215
num_leaves=2
num_cat=0
split_feature=34
split_gain=72.1544
threshold=1.0000000180025095e-35
decision_type=2
left_child=-1
right_child=-2
leaf_value=-0.04110688644386741 0.068037977762800447
leaf_weight=37.501581501215696 24.648568004369736
leaf_count=1493 102
internal_value=0.00197814
internal_weight=62.1501
internal_count=1595
is_linear=0
shrinkage=0.05


Tree=216
num_leaves=4
num_cat=0
split_feature=21 12 13
split_gain=69.5898 2.38918 0.249648
threshold=1.0000000180025095e-35 0.49134678747263855 -0.55062270036274141
decision_type=2 2 2
left_child=1 -1 -3
right_child=-2 2 -4
leaf_value=-0.046002591201330649 0.068909475010211704 -0.012425285628725186 0.0032993226794218473
leaf_weight=31.964702202007174 22.832143381237984 6.403394591063261 0.44863425567746062
leaf_count=1344 95 146 10
internal_value=0.000107782 -0.0400874 -0.00784094
internal_weight=61.6489 38.8167 6.85203
internal_count=1595 1500 156
is_linear=0
shrinkage=0.05


Tree=217
num_leaves=3
num_cat=0
split_feature=31 8
split_gain=74.7834 0.469357
threshold=1.0000000180025095e-35 -0.51463834572177747
decision_type=2 2
left_child=1 -1
right_child=-2 -3
leaf_value=0 0.068089246890406491 -0.044908319343244046
leaf_weight=1.3341071922332037 23.933531150221825 36.616321766749024
leaf_count=25 99 1471
internal_value=0 -0.0437752
internal_weight=61.884 37.9504
internal_count=1595 1496
is_linear=0
shrinkage=0.05


Tree=218
num_leaves=3
num_cat=0
split_feature=22 12
split_gain=71.8342 1.29214
threshold=-0.24952543393744944 0.49134678747263855
decision_type=2 2
left_child=1 -1
right_child=-2 -3
leaf_value=-0.045997814156083464 0.067597181295365225 -0.013790412662233065
leaf_weight=31.834420196712017 24.242473922669888 6.6812173128128043
leaf_count=1337 102 156
internal_value=0.000571893 -0.0413
internal_weight=62.7581 38.5156
internal_count=1595 1493
is_linear=0
shrinkage=0.05


Tree=219
num_leaves=4
num_cat=0
split_feature=26 12 8
split_gain=66.1306 1.35547 0.0651065
threshold=1.0000000180025095e-35 0.49134678747263855 -1.0000000180025095e-35
decision_type=2 2 2
left_child=1 -1 -3
right_child=-2 2 -4
leaf_value=-0.04601835989229968 0.067643957751201009 0 -0.015251853052245981
leaf_weight=32.239171329885721 21.02471812069416 1.0566036142408846 5.5194948054850093
leaf_count=1352 87 21 135
internal_value=-0.00238917 -0.0413371 -0.0132243
internal_weight=59.84 38.8153 6.5761
internal_count=1595 1508 156
is_linear=0
shrinkage=0.05


Tree=220
num_leaves=4
num_cat=0
split_feature=53 12 3
split_gain=65.4665 3.98075 0.0597564
threshold=1.7857787510698466 0.49134678747263855 -1.2971169809373058
decision_type=2 2 2
left_child=1 -1 -3
right_child=-2 2 -4
leaf_value=-0.046019996826569945 0.067389755896723122 0 -0.013423883590876678
leaf_weight=32.126678869128227 22.492227628827095 7.3653523251414299 0.90441858582198431
leaf_count=1345 93 135 22
internal_value=0 -0.0380628 -0.00343848
internal_weight=62.8887 40.3964 8.26977
internal_count=1595 1502 157
is_linear=0
shrinkage=0.05


Tree=221
num_leaves=3
num_cat=0
split_feature=46 12
split_gain=71.1102 0.220551
threshold=1.0000000180025095e-35 0.49134678747263855
decision_type=2 2
left_child=1 -1
right_child=-2 -3
leaf_value=-0.04598809011623519 0.067754433019696941 -0.021833435828365607
leaf_weight=31.786211892962456 22.716113552451134 6.9623816329985848
leaf_count=1344 94 157
internal_value=-0.00120578 -0.0426184
internal_weight=61.4647 38.7486
internal_count=1595 1501
is_linear=0
shrinkage=0.05


Tree=222
num_leaves=4
num_cat=0
split_feature=0 12 3
split_gain=64.4319 4.292 0.0846627
threshold=1.7776565534620203 0.49134678747263855 -1.2971169809373058
decision_type=2 2 2
left_child=1 -1 -3
right_child=-2 2 -4
leaf_value=-0.046035693298441191 0.067691776538920542 0 -0.01291543912930794
leaf_weight=32.42817253805697 21.763109371066093 7.0493668131530285 0.88551291823387046
leaf_count=1348 90 135 22
internal_value=-0.000345753 -0.0380217 -0.00151886
internal_weight=62.1262 40.3631 7.93488
internal_count=1595 1505 157
is_linear=0
shrinkage=0.05


Tree=223
num_leaves=4
num_cat=0
split_feature=54 12 8
split_gain=61.8194 4.54822 0.0793037
threshold=1.0000000180025095e-35 0.49134678747263855 0.69571288880715809
decision_type=2 2 2
left_child=1 -1 -3
right_child=-2 2 -4
leaf_value=-0.046010180394183739 0.067805335325636804 -0.014021983863989505 0
leaf_weight=32.156848212704062 20.570123925805092 0.92725830338895043 8.2609741017222404
leaf_count=1353 85 22 135
internal_value=-0.00163628 -0.0371799 -0.0029157
internal_weight=61.9152 41.3451 9.18823
internal_count=1595 1510 157
is_linear=0
shrinkage=0.05


Tree=224
num_leaves=3
num_cat=0
split_feature=12 7
split_gain=52.0228 7.09026
threshold=0.49134678747263855 0.30009667238085086
decision_type=2 2
left_child=-1 -2
right_child=1 -3
leaf_value=-0.045904358481169888 0.046039096085971273 -0.034145094370892741
leaf_weight=31.623986316844821 35.782207846641541 2.2657210156321517
leaf_count=1438 135 22
internal_value=0.000731536 0.0402347
internal_weight=69.6719 38.0479
internal_count=1595 157
is_linear=0
shrinkage=0.05


Tree=225
num_leaves=3
num_cat=0
split_feature=14 12
split_gain=68.5331 0.263674
threshold=1.0000000180025095e-35 0.49134678747263855
decision_type=2 2
left_child=1 -1
right_child=-2 -3
leaf_value=-0.04579693092108645 0.065922234338874161 -0.020911937475920437
leaf_weight=29.47095607034862 23.890408784151077 6.7197182849049559
leaf_count=1337 103 155
internal_value=0.000566417 -0.0422057
internal_weight=60.0811 36.1907
internal_count=1595 1492
is_linear=0
shrinkage=0.05


Tree=226
num_leaves=3
num_cat=0
split_feature=38 8
split_gain=64.3503 2.36587
threshold=1.0000000180025095e-35 -0.52456312342282096
decision_type=2 2
left_child=1 -1
right_child=-2 -3
leaf_value=0.0094805558705390869 0.065427017986894362 -0.044629470433484093
leaf_weight=1.1818725448101748 22.324423342943192 34.109485954046249
leaf_count=20 96 1479
internal_value=0 -0.0420118
internal_weight=57.6158 35.2914
internal_count=1595 1499
is_linear=0
shrinkage=0.05


Tree=227
num_leaves=2
num_cat=0
split_feature=12
split_gain=176.007
threshold=1.0000000180025095e-35
decision_type=2
left_child=-1
right_child=-2
leaf_value=0.062002326707999149 -0.048899106951059729
leaf_weight=63.898694425821304 79.988606739789248
leaf_count=308 1287
internal_value=0.000221958
internal_weight=143.887
internal_count=1595
is_linear=0
shrinkage=0.05


Tree=228
num_leaves=3
num_cat=0
split_feature=45 8
split_gain=64.7466 2.48526
threshold=1.0000000180025095e-35 -0.52456312342282096
decision_type=2 2
left_child=1 -1
right_child=-2 -3
leaf_value=0.012270482922851489 0.065320491008704615 -0.044613192192871173
leaf_weight=1.1161386352032412 22.765773832798004 33.949907166883349
leaf_count=21 98 1476
internal_value=4.52968e-05 -0.0419526
internal_weight=57.8318 35.066
internal_count=1595 1497
is_linear=0
shrinkage=0.05


Tree=229
num_leaves=3
num_cat=0
split_feature=34 12
split_gain=64.7928 2.0453
threshold=1.0000000180025095e-35 0.49134678747263855
decision_type=2 2
left_child=1 -1
right_child=-2 -3
leaf_value=-0.045822787234003182 0.06542790841503722 -0.0055555801649121196
leaf_weight=29.761742839589715 23.699852257966995 5.3153993282467118
leaf_count=1337 102 156
internal_value=0.00192925 -0.0405874
internal_weight=58.777 35.0771
internal_count=1595 1493
is_linear=0
shrinkage=0.05


Tree=230
num_leaves=4
num_cat=0
split_feature=21 12 13
split_gain=62.5278 2.3998 0.237488
threshold=1.0000000180025095e-35 0.49134678747263855 -0.55062270036274141
decision_type=2 2 2
left_child=1 -1 -3
right_child=-2 2 -4
leaf_value=-0.045806229393226011 0.066307120741975464 -0.01185788953605728 0.0037108723735123058
leaf_weight=29.634471299126744 21.952536463737488 6.3022960647940636 0.44128910452127357
leaf_count=1344 95 146 10
internal_value=0.000106215 -0.0395225 -0.00720194
internal_weight=58.3306 36.3781 6.74359
internal_count=1595 1500 156
is_linear=0
shrinkage=0.05


Tree=231
num_leaves=3
num_cat=0
split_feature=30 8
split_gain=67.4545 0.462951
threshold=1.0000000180025095e-35 -0.51463834572177747
decision_type=2 2
left_child=1 -1
right_child=-2 -3
leaf_value=0 0.065489553476557646 -0.044635543256519007
leaf_weight=1.3284471444785584 23.02000980079174 34.092212405055761
leaf_count=25 99 1471
internal_value=0 -0.043433
internal_weight=58.4407 35.4207
internal_count=1595 1496
is_linear=0
shrinkage=0.05


Tree=232
num_leaves=3
num_cat=0
split_feature=25 8
split_gain=65.0725 0.605408
threshold=1.0000000180025095e-35 -0.52456312342282096
decision_type=2 2
left_child=1 -1
right_child=-2 -3
leaf_value=0 0.065425311615308013 -0.041973808855117783
leaf_weight=1.1129841394722451 23.229634016752243 35.052386593073606
leaf_count=21 100 1474
internal_value=0.000509105 -0.0408294
internal_weight=59.395 36.1654
internal_count=1595 1495
is_linear=0
shrinkage=0.05


Tree=233
num_leaves=4
num_cat=0
split_feature=26 12 8
split_gain=59.5395 1.36854 0.0612577
threshold=1.0000000180025095e-35 0.49134678747263855 -1.0000000180025095e-35
decision_type=2 2 2
left_child=1 -1 -3
right_child=-2 2 -4
leaf_value=-0.045822507787519805 0.06504316421178101 0 -0.01461775787809088
leaf_weight=29.886882498860359 20.221424296498299 1.0509389787912367 5.4127356782555571
leaf_count=1352 87 21 135
internal_value=-0.00232243 -0.0408497 -0.0126269
internal_weight=56.572 36.3506 6.46367
internal_count=1595 1508 156
is_linear=0
shrinkage=0.05


Tree=234
num_leaves=5
num_cat=0
split_feature=53 12 50 3
split_gain=58.724 3.75546 0.916863 0.058844
threshold=3.5959279840799754 0.49134678747263855 3.4722302465213626 -1.2971169809373058
decision_type=2 2 2 2
left_child=1 2 -1 -3
right_child=-2 3 -4 -5
leaf_value=-0.045949217475502631 0.065826058741880328 0 0 -0.012977226547771906
leaf_weight=29.993832547217611 21.198664516210556 7.3299305699765682 0.25576880574226279 0.88733783923089316
leaf_count=1346 91 135 1 22
internal_value=0 -0.0368062 -0.0449358 -0.00315059
internal_weight=59.6655 38.4669 30.2496 8.21727
internal_count=1595 1504 1347 157
is_linear=0
shrinkage=0.05


Tree=235
num_leaves=3
num_cat=0
split_feature=46 12
split_gain=64.0796 0.248215
threshold=1.0000000180025095e-35 0.49134678747263855
decision_type=2 2
left_child=1 -1
right_child=-2 -3
leaf_value=-0.045791441995077849 0.065143334389707888 -0.021128076071696079
leaf_weight=29.46721188724041 21.843017444014549 6.7843202855437985
leaf_count=1344 94 157
internal_value=-0.00120569 -0.0422063
internal_weight=58.0945 36.2515
internal_count=1595 1501
is_linear=0
shrinkage=0.05


Tree=236
num_leaves=4
num_cat=0
split_feature=0 12 3
split_gain=57.7681 4.23259 0.0802731
threshold=1.7776565534620203 0.49134678747263855 -1.2971169809373058
decision_type=2 2 2
left_child=1 -1 -3
right_child=-2 2 -4
leaf_value=-0.045839558668126903 0.06508257450950676 0 -0.012478429009178317
leaf_weight=30.060610566288233 20.931391477584839 7.0153678022325039 0.86920257098972697
leaf_count=1348 90 135 22
internal_value=-0.000274847 -0.0373553 -0.00122185
internal_weight=58.8766 37.9452 7.88457
internal_count=1595 1505 157
is_linear=0
shrinkage=0.05


Tree=237
num_leaves=4
num_cat=0
split_feature=54 12 8
split_gain=55.4497 4.47631 0.0771911
threshold=1.0000000180025095e-35 0.49134678747263855 0.69571288880715809
decision_type=2 2 2
left_child=1 -1 -3
right_child=-2 2 -4
leaf_value=-0.045814370261344987 0.065204319639503905 -0.013564189978526023 0
leaf_weight=29.810519643127918 19.790639668703079 0.90923887863754949 8.2215727865695953
leaf_count=1353 85 22 135
internal_value=-0.00153447 -0.0364827 -0.00262385
internal_weight=58.732 38.9413 9.13081
internal_count=1595 1510 157
is_linear=0
shrinkage=0.05


Tree=238
num_leaves=2
num_cat=0
split_feature=12
split_gain=46.3434
threshold=0.49134678747263855
decision_type=2
left_child=-1
right_child=-2
leaf_value=-0.045711029536844666 0.03721521165676319
leaf_weight=29.291243031620979 38.240255504846573
leaf_count=1438 157
internal_value=0.000807544
internal_weight=67.5315
internal_count=1595
is_linear=0
shrinkage=0.05


Tree=239
num_leaves=2
num_cat=0
split_feature=17
split_gain=61.8122
threshold=1.0000000180025095e-35
decision_type=2
left_child=-1
right_child=-2
leaf_value=-0.041772497069724079 0.063620749601844578
leaf_weight=33.841487130150199 22.876848772168159
leaf_count=1492 103
internal_value=0.000484512
internal_weight=56.7183
internal_count=1595
is_linear=0
shrinkage=0.05


Tree=240
num_leaves=3
num_cat=0
split_feature=38 8
split_gain=57.9589 2.19109
threshold=1.0000000180025095e-35 -0.51463834572177747
decision_type=2 2
left_child=1 -1
right_child=-2 -3
leaf_value=0.0056767261479615007 0.063126243137122673 -0.044335177554876648
leaf_weight=1.2998226974159468 21.377208530902863 31.621303295716643
leaf_count=25 96 1474
internal_value=0 -0.0415571
internal_weight=54.2983 32.9211
internal_count=1595 1499
is_linear=0
shrinkage=0.05


Tree=241
num_leaves=2
num_cat=0
split_feature=12
split_gain=159.682
threshold=1.0000000180025095e-35
decision_type=2
left_child=-1
right_child=-2
leaf_value=0.060299144562122799 -0.048620147784839779
leaf_weight=60.576669231057167 74.431613638997078
leaf_count=308 1287
internal_value=0.000108368
internal_weight=135.008
internal_count=1595
is_linear=0
shrinkage=0.05


Tree=242
num_leaves=3
num_cat=0
split_feature=42 8
split_gain=58.2845 2.28918
threshold=1.0000000180025095e-35 -0.51463834572177747
decision_type=2 2
left_child=1 -1
right_child=-2 -3
leaf_value=0.0079524138725832316 0.063020585786725244 -0.044317329963510517
leaf_weight=1.2400423809885968 21.793263509869576 31.467187445610762
leaf_count=26 98 1471
internal_value=3.76664e-05 -0.0414929
internal_weight=54.5005 32.7072
internal_count=1595 1497
is_linear=0
shrinkage=0.05


Tree=243
num_leaves=3
num_cat=0
split_feature=34 8
split_gain=58.279 4.55116
threshold=1.0000000180025095e-35 -0.52456312342282096
decision_type=2 2
left_child=1 -1
right_child=-2 -3
leaf_value=0.032850875886389859 0.063128699079405659 -0.044324696205418831
leaf_weight=1.3049149271100748 22.687694564461708 31.521217774599791
leaf_count=21 102 1472
internal_value=0.0018526 -0.0400598
internal_weight=55.5138 32.8261
internal_count=1595 1493
is_linear=0
shrinkage=0.05


Tree=244
num_leaves=5
num_cat=0
split_feature=19 12 13 4
split_gain=52.2307 3.46783 0.724613 0.657278
threshold=1.0000000180025095e-35 0.49134678747263855 -0.64174629205212519 2.6181214473757675
decision_type=2 2 2 2
left_child=1 3 -3 -1
right_child=-2 2 -4 -5
leaf_value=-0.045601563518465484 0.062646156551984716 -0.010446428402680393 0.029772162529285648 0
leaf_weight=27.399302832782272 20.615237593650818 6.0597354769706726 0.74271334707736869 0.27374443225562473
leaf_count=1342 93 144 13 3
internal_value=0.000108253 -0.0369336 -0.000893884 -0.0447322
internal_weight=55.0907 34.4755 6.80245 27.673
internal_count=1595 1502 157 1345
is_linear=0
shrinkage=0.05


Tree=245
num_leaves=3
num_cat=0
split_feature=30 8
split_gain=60.8975 0.450285
threshold=1.0000000180025095e-35 -0.51463834572177747
decision_type=2 2
left_child=1 -1
right_child=-2 -3
leaf_value=0 0.063189717129879225 -0.044350841502648265
leaf_weight=1.327957160770892 22.042158544063568 31.711517211049795
leaf_count=25 99 1471
internal_value=0 -0.0430761
internal_weight=55.0816 33.0395
internal_count=1595 1496
is_linear=0
shrinkage=0.05


Tree=246
num_leaves=4
num_cat=0
split_feature=25 12 8
split_gain=58.5321 1.40213 0.0218328
threshold=1.0000000180025095e-35 0.49134678747263855 -1.0000000180025095e-35
decision_type=2 2 2
left_child=1 -1 -3
right_child=-2 2 -4
leaf_value=-0.04561787961599606 0.063121259755201262 0 -0.013229416549188203
leaf_weight=27.525365887209773 22.235831141471863 1.1120697259902952 5.1909193396568289
leaf_count=1339 100 21 135
internal_value=0.000470762 -0.0403016 -0.0117637
internal_weight=56.0642 33.8284 6.30299
internal_count=1595 1495 156
is_linear=0
shrinkage=0.05


Tree=247
num_leaves=4
num_cat=0
split_feature=29 12 8
split_gain=53.6361 1.38515 0.0546401
threshold=1.0000000180025095e-35 0.49134678747263855 -1.0000000180025095e-35
decision_type=2 2 2
left_child=1 -1 -3
right_child=-2 2 -4
leaf_value=-0.045622275957906265 0.062740985212344683 0 -0.013889862401032113
leaf_weight=27.683170288801193 19.362124770879745 1.0498634725809095 5.2944623306393614
leaf_count=1352 87 21 135
internal_value=-0.00225581 -0.040337 -0.011974
internal_weight=53.3896 34.0275 6.34433
internal_count=1595 1508 156
is_linear=0
shrinkage=0.05


Tree=248
num_leaves=5
num_cat=0
split_feature=53 12 50 3
split_gain=52.6367 3.70238 0.889266 0.0616476
threshold=3.5959279840799754 0.49134678747263855 3.4722302465213626 -1.2971169809373058
decision_type=2 2 2 2
left_child=1 2 -1 -3
right_child=-2 3 -4 -5
leaf_value=-0.045744144650626303 0.063467912510396546 0 0 -0.012646135875141027
leaf_weight=27.784405449405316 20.308263152837753 7.272095438092947 0.25303113460540672 0.87478283047675898
leaf_count=1346 91 135 1 22
internal_value=0 -0.0360868 -0.0446774 -0.00275737
internal_weight=56.4926 36.1843 28.0374 8.14688
internal_count=1595 1504 1347 157
is_linear=0
shrinkage=0.05


Tree=249
num_leaves=3
num_cat=0
split_feature=46 12
split_gain=57.7892 0.279037
threshold=1.0000000180025095e-35 0.49134678747263855
decision_type=2 2
left_child=1 -1
right_child=-2 -3
leaf_value=-0.045590228648803167 0.062837417834690698 -0.020366767882337607
leaf_weight=27.29472173191607 20.909087717533112 6.6006976738572112
leaf_count=1344 94 157
internal_value=-0.00120233 -0.0417726
internal_weight=54.8045 33.8954
internal_count=1595 1501
is_linear=0
shrinkage=0.05


Tree=250
num_leaves=4
num_cat=0
split_feature=0 12 3
split_gain=51.7992 4.18622 0.0780256
threshold=1.7776565534620203 0.49134678747263855 -1.2971169809373058
decision_type=2 2 2
left_child=1 -1 -3
right_child=-2 2 -4
leaf_value=-0.045639151659269239 0.062769754094072747 0 -0.012157351948951917
leaf_weight=27.842537300661206 20.039010390639305 6.9598586484789848 0.8573091272264709
leaf_count=1348 90 135 22
internal_value=-0.0001974 -0.0366519 -0.00081673
internal_weight=55.6987 35.6597 7.81717
internal_count=1595 1505 157
is_linear=0
shrinkage=0.05


Tree=251
num_leaves=4
num_cat=0
split_feature=54 12 8
split_gain=49.7108 4.41936 0.0787568
threshold=1.0000000180025095e-35 0.49134678747263855 0.69571288880715809
decision_type=2 2 2
left_child=1 -1 -3
right_child=-2 2 -4
leaf_value=-0.045614100992539396 0.06287088547328186 -0.013221499937666631 0
leaf_weight=27.611969761550426 18.955402567982674 0.89587704464792928 8.1572319567203522
leaf_count=1353 85 22 135
internal_value=-0.00143156 -0.0357464 -0.00222087
internal_weight=55.6205 36.6651 9.05311
internal_count=1595 1510 157
is_linear=0
shrinkage=0.05


Tree=252
num_leaves=3
num_cat=0
split_feature=12 7
split_gain=41.2405 5.99928
threshold=0.49134678747263855 0.30009667238085086
decision_type=2 2
left_child=-1 -2
right_child=1 -3
leaf_value=-0.045512728161333449 0.039671826514511274 -0.034047213152161512
leaf_weight=27.110038115642965 36.210268288850784 2.2427226305007926
leaf_count=1438 135 22
internal_value=0.000853324 0.0343486
internal_weight=65.563 38.453
internal_count=1595 157
is_linear=0
shrinkage=0.05


Tree=253
num_leaves=3
num_cat=0
split_feature=14 12
split_gain=55.7914 0.366785
threshold=1.0000000180025095e-35 0.49134678747263855
decision_type=2 2
left_child=1 -1
right_child=-2 -3
leaf_value=-0.045398477320716224 0.061599702001801905 -0.018857409405946091
leaf_weight=25.364373673684899 21.821114361286163 6.2511523906141511
leaf_count=1337 103 155
internal_value=0.000434984 -0.0413044
internal_weight=53.4366 31.6155
internal_count=1595 1492
is_linear=0
shrinkage=0.05


Tree=254
num_leaves=3
num_cat=0
split_feature=41 8
split_gain=52.2625 2.16722
threshold=1.0000000180025095e-35 -0.51463834572177747
decision_type=2 2
left_child=1 -1
right_child=-2 -3
leaf_value=0.0058032382721813136 0.061101216956611692 -0.044040559020004338
leaf_weight=1.2950892820954347 20.393127918243408 29.409926082007587
leaf_count=25 96 1474
internal_value=0 -0.0410778
internal_weight=51.0981 30.705
internal_count=1595 1499
is_linear=0
shrinkage=0.05


Tree=255
num_leaves=2
num_cat=0
split_feature=12
split_gain=145.056
threshold=1.0000000180025095e-35
decision_type=2
left_child=-1
right_child=-2
leaf_value=0.058786374654836826 -0.048357658807453408
leaf_weight=57.251095056533813 69.229903981089592
leaf_count=308 1287
internal_value=0
internal_weight=126.481
internal_count=1595
is_linear=0
shrinkage=0.05


Tree=256
num_leaves=3
num_cat=0
split_feature=42 8
split_gain=52.5219 2.26429
threshold=1.0000000180025095e-35 -0.51463834572177747
decision_type=2 2
left_child=1 -1
right_child=-2 -3
leaf_value=0.0080656665001945377 0.060990253795359273 -0.044021870050386297
leaf_weight=1.236033665016296 20.78252112865448 29.266743376851082
leaf_count=26 98 1471
internal_value=3.16871e-05 -0.0410088
internal_weight=51.2853 30.5028
internal_count=1595 1497
is_linear=0
shrinkage=0.05


Tree=257
num_leaves=4
num_cat=0
split_feature=34 8 13
split_gain=52.4148 4.18472 2.08833
threshold=1.0000000180025095e-35 -0.51463834572177747 -0.64174629205212519
decision_type=2 2 2
left_child=1 2 -1
right_child=-2 -3 -4
leaf_value=0.073854773546171773 0.061097815520842973 -0.044019195727927639 -0.0090057064858028637
leaf_weight=0.70603971369564533 21.634947195649147 29.222027926705778 0.72495213523507362
leaf_count=9 102 1467 17
internal_value=0.00183938 -0.0394921 0.0274679
internal_weight=52.288 30.653 1.43099
internal_count=1595 1493 26
is_linear=0
shrinkage=0.05


Tree=258
num_leaves=4
num_cat=0
split_feature=21 12 13
split_gain=50.7118 2.40519 0.208239
threshold=1.0000000180025095e-35 0.49134678747263855 -0.55062270036274141
decision_type=2 2 2
left_child=1 -1 -3
right_child=-2 2 -4
leaf_value=-0.045399061338771619 0.062060736614537641 -0.010718639887382912 0.0038761599313198803
leaf_weight=25.410030636005107 20.047187179327011 6.1070642806589603 0.43796440586447616
leaf_count=1344 95 146 10
internal_value=0.000127603 -0.0383137 -0.00598763
internal_weight=52.0022 31.9551 6.54503
internal_count=1595 1500 156
is_linear=0
shrinkage=0.05


Tree=259
num_leaves=3
num_cat=0
split_feature=31 8
split_gain=55.0518 0.451063
threshold=1.0000000180025095e-35 -0.51463834572177747
decision_type=2 2
left_child=1 -1
right_child=-2 -3
leaf_value=0 0.061165767157763298 -0.044056839021316664
leaf_weight=1.3154670260846639 21.026213675737381 29.495923268608749
leaf_count=25 99 1471
internal_value=0 -0.0427018
internal_weight=51.8376 30.8114
internal_count=1595 1496
is_linear=0
shrinkage=0.05


Tree=260
num_leaves=4
num_cat=0
split_feature=25 12 8
split_gain=52.7547 1.40937 0.0224642
threshold=1.0000000180025095e-35 0.49134678747263855 -1.0000000180025095e-35
decision_type=2 2 2
left_child=1 -1 -3
right_child=-2 2 -4
leaf_value=-0.045411117947463248 0.061092671919572711 0 -0.012637739738152881
leaf_weight=25.477663155645136 21.205032512545586 1.1007108017802236 5.1010646671056739
leaf_count=1339 100 21 135
internal_value=0.00040059 -0.0397656 -0.0111849
internal_weight=52.8845 31.6794 6.20178
internal_count=1595 1495 156
is_linear=0
shrinkage=0.05


Tree=261
num_leaves=3
num_cat=0
split_feature=26 12
split_gain=48.3705 1.39474
threshold=1.0000000180025095e-35 0.49134678747263855
decision_type=2 2
left_child=1 -1
right_child=-2 -3
leaf_value=-0.04541657518434028 0.060705202342979492 -0.01137441754795308
leaf_weight=25.622838034294549 18.469091087579727 6.2384988870471707
leaf_count=1352 87 156
internal_value=-0.00219423 -0.0398023
internal_weight=50.3304 31.8613
internal_count=1595 1508
is_linear=0
shrinkage=0.05


Tree=262
num_leaves=4
num_cat=0
split_feature=53 12 3
split_gain=47.2718 3.81125 0.0585167
threshold=1.7857787510698466 0.49134678747263855 -1.2971169809373058
decision_type=2 2 2
left_child=1 -1 -3
right_child=-2 2 -4
leaf_value=-0.045413887941247177 0.060331797646448283 0 -0.012090855329313144
leaf_weight=25.520744713023305 19.827364727854729 7.2383529134094715 0.85457300767302324
leaf_count=1345 93 135 22
internal_value=0 -0.0359911 -0.00245362
internal_weight=53.441 33.6137 8.09293
internal_count=1595 1502 157
is_linear=0
shrinkage=0.05


Tree=263
num_leaves=3
num_cat=0
split_feature=46 12
split_gain=52.1806 0.304352
threshold=1.0000000180025095e-35 0.49134678747263855
decision_type=2 2
left_child=1 -1
right_child=-2 -3
leaf_value=-0.045383372151677981 0.060796049717736812 -0.019658422810996279
leaf_weight=25.263716566376392 19.938327252864838 6.4373395144939414
leaf_count=1344 94 157
internal_value=-0.0012093 -0.0413223
internal_weight=51.6394 31.7011
internal_count=1595 1501
is_linear=0
shrinkage=0.05


Tree=264
num_leaves=3
num_cat=0
split_feature=0 3
split_gain=46.4889 1.40649
threshold=1.7776565534620203 -1.2971169809373058
decision_type=2 2
left_child=1 -1
right_child=-2 -3
leaf_value=-0.018171176823042347 0.060719802089282598 -0.045036000881127386
leaf_weight=12.812768796458839 19.110353976488113 20.721517358906567
leaf_count=443 90 1062
internal_value=-0.000129912 -0.0359238
internal_weight=52.6446 33.5343
internal_count=1595 1505
is_linear=0
shrinkage=0.05


Tree=265
num_leaves=4
num_cat=0
split_feature=55 12 8
split_gain=44.6149 4.34126 0.0741491
threshold=1.0000000180025095e-35 0.49134678747263855 0.69571288880715809
decision_type=2 2 2
left_child=1 -1 -3
right_child=-2 2 -4
leaf_value=-0.045408332767905679 0.060805952125730048 -0.012655722663081018 0
leaf_weight=25.556650325655937 18.087357893586159 0.87471449933945855 8.1196894124150276
leaf_count=1353 85 22 135
internal_value=-0.0013389 -0.0349881 -0.00191482
internal_weight=52.6384 34.5511 8.9944
internal_count=1595 1510 157
is_linear=0
shrinkage=0.05


Tree=266
num_leaves=2
num_cat=0
split_feature=12
split_gain=36.7033
threshold=0.49134678747263855
decision_type=2
left_child=-1
right_child=-2
leaf_value=-0.045307801061484201 0.031757280146462528
leaf_weight=25.069273787550628 38.483780611306429
leaf_count=1438 157
internal_value=0.000851345
internal_weight=63.5531
internal_count=1595
is_linear=0
shrinkage=0.05


Tree=267
num_leaves=3
num_cat=0
split_feature=14 12
split_gain=50.4082 0.390327
threshold=1.0000000180025095e-35 0.49134678747263855
decision_type=2 2
left_child=1 -1
right_child=-2 -3
leaf_value=-0.045184255103669996 0.059780944923489156 -0.018146906534304359
leaf_weight=23.457502634264532 20.742757514119148 6.1015308089554301
leaf_count=1337 103 155
internal_value=0.000346697 -0.0408296
internal_weight=50.3018 29.559
internal_count=1595 1492
is_linear=0
shrinkage=0.05


Tree=268
num_leaves=3
num_cat=0
split_feature=38 8
split_gain=47.1303 2.12779
threshold=1.0000000180025095e-35 -0.51463834572177747
decision_type=2 2
left_child=1 -1
right_child=-2 -3
leaf_value=0.0055864073225939913 0.059277706554065959 -0.043730817227238428
leaf_weight=1.3005383741110588 19.383870303630829 27.329264874570072
leaf_count=25 96 1474
internal_value=0 -0.0405749
internal_weight=48.0137 28.6298
internal_count=1595 1499
is_linear=0
shrinkage=0.05


Tree=269
num_leaves=2
num_cat=0
split_feature=3
split_gain=95.9843
threshold=-1.2971169809373058
decision_type=2
left_child=-1
right_child=-2
leaf_value=0.042047163878139865 -0.047830851570648147
leaf_weight=63.169851996004581 55.184611223638058
leaf_count=443 1152
internal_value=0
internal_weight=118.354
internal_count=1595
is_linear=0
shrinkage=0.05


Tree=270
num_leaves=3
num_cat=0
split_feature=45 8
split_gain=47.3401 2.22395
threshold=1.0000000180025095e-35 -0.51463834572177747
decision_type=2 2
left_child=1 -1
right_child=-2 -3
leaf_value=0.0078374071366159176 0.059169034014834899 -0.043711190736090151
leaf_weight=1.2416621893644357 19.74708291888237 27.196366735734046
leaf_count=26 98 1471
internal_value=2.07309e-05 -0.0405
internal_weight=48.1851 28.438
internal_count=1595 1497
is_linear=0
shrinkage=0.05


Tree=271
num_leaves=4
num_cat=0
split_feature=34 8 13
split_gain=47.1646 4.22312 0.236607
threshold=1.0000000180025095e-35 -0.52456312342282096 -0.75766210091990349
decision_type=2 2 2
left_child=1 2 -1
right_child=-2 -3 -4
leaf_value=0.046116041915695773 0.059277844636898273 -0.043720016292460945 0
leaf_weight=0.53296767920255661 20.556184336543083 27.247935600578785 0.84727408364415413
leaf_count=6 102 1472 15
internal_value=0.00181072 -0.0389039 0.0292193
internal_weight=49.1844 28.6282 1.38024
internal_count=1595 1493 21
is_linear=0
shrinkage=0.05


Tree=272
num_leaves=4
num_cat=0
split_feature=21 12 13
split_gain=45.6575 2.40794 0.194193
threshold=1.0000000180025095e-35 0.49134678747263855 -0.55062270036274141
decision_type=2 2 2
left_child=1 -1 -3
right_child=-2 2 -4
leaf_value=-0.0451853936555833 0.060254846663616884 -0.01012710604018198 0.0041209495824628146
leaf_weight=23.500209501013163 19.046043246984482 6.0098401587456465 0.43351520225405593
leaf_count=1344 95 146 10
internal_value=0.000125401 -0.0376611 -0.0053402
internal_weight=48.9896 29.9436 6.44336
internal_count=1595 1500 156
is_linear=0
shrinkage=0.05


Tree=273
num_leaves=3
num_cat=0
split_feature=30 8
split_gain=49.7837 0.439845
threshold=1.0000000180025095e-35 -0.51463834572177747
decision_type=2 2
left_child=1 -1
right_child=-2 -3
leaf_value=0 0.059344397546419153 -0.043747780433187326
leaf_weight=1.3130914196372057 19.984317794442177 27.411040558479726
leaf_count=25 99 1471
internal_value=0 -0.0423113
internal_weight=48.7084 28.7241
internal_count=1595 1496
is_linear=0
shrinkage=0.05


Tree=274
num_leaves=3
num_cat=0
split_feature=25 12
split_gain=47.5661 1.4142
threshold=1.0000000180025095e-35 0.49134678747263855
decision_type=2 2
left_child=1 -1
right_child=-2 -3
leaf_value=-0.045197111122347831 0.059277923519206237 -0.010606242435112684
leaf_weight=23.561542419716719 20.149850323796272 6.1027599088847628
leaf_count=1339 100 156
internal_value=0.000328686 -0.0392034
internal_weight=49.8142 29.6643
internal_count=1595 1495
is_linear=0
shrinkage=0.05


Tree=275
num_leaves=4
num_cat=0
split_feature=26 12 4
split_gain=43.6279 1.40387 0.245633
threshold=1.0000000180025095e-35 0.49134678747263855 -0.37450290859423491
decision_type=2 2 2
left_child=1 -1 -3
right_child=-2 2 -4
leaf_value=-0.045203658641068956 0.058878863621318604 0 -0.015145208894718494
leaf_weight=23.694970715790991 17.554536297917366 0.60968752950429905 5.5230104625225058
leaf_count=1352 87 10 146
internal_value=-0.00213059 -0.0392397 -0.0107568
internal_weight=47.3822 29.8277 6.1327
internal_count=1595 1508 156
is_linear=0
shrinkage=0.05


Tree=276
num_leaves=5
num_cat=0
split_feature=53 12 50 3
split_gain=42.4475 3.5761 0.807543 0.0591823
threshold=3.5959279840799754 0.49134678747263855 3.4722302465213626 -1.2971169809373058
decision_type=2 2 2 2
left_child=1 2 -1 -3
right_child=-2 3 -4 -5
leaf_value=-0.04533556184099978 0.059526833782683891 0 0 -0.011755097544717791
leaf_weight=23.798865849152211 18.435975253582001 7.1884105168282986 0.24250885844230552 0.84242042526602556
leaf_count=1346 91 135 1 22
internal_value=0 -0.0346116 -0.0441898 -0.00209782
internal_weight=50.5082 32.0722 24.0414 8.03083
internal_count=1595 1504 1347 157
is_linear=0
shrinkage=0.05


Tree=277
num_leaves=3
num_cat=0
split_feature=46 12
split_gain=47.1359 0.329726
threshold=1.0000000180025095e-35 0.49134678747263855
decision_type=2 2
left_child=1 -1
right_child=-2 -3
leaf_value=-0.045169096433138989 0.058970902924871949 -0.018929791776674389
leaf_weight=23.363291430287067 18.944850265979767 6.27637069299817
leaf_count=1344 94 157
internal_value=-0.00121175 -0.0408485
internal_weight=48.5845 29.6397
internal_count=1595 1501
is_linear=0
shrinkage=0.05


Tree=278
num_leaves=4
num_cat=0
split_feature=16 12 7
split_gain=41.7151 4.20687 0.0573532
threshold=1.0000000180025095e-35 0.49134678747263855 -1.0000000180025095e-35
decision_type=2 2 2
left_child=1 -1 -3
right_child=-2 2 -4
leaf_value=-0.045238404932149062 0.058885201480278239 0 -0.01050101169051721
leaf_weight=23.983211718499664 18.159145340323448 6.7620393633842468 0.80027640052139659
leaf_count=1348 90 135 22
internal_value=-5.14399e-05 -0.0351478 0
internal_weight=49.7047 31.5455 7.56232
internal_count=1595 1505 157
is_linear=0
shrinkage=0.05


Tree=279
num_leaves=4
num_cat=0
split_feature=54 12 8
split_gain=40.0689 4.26826 0.073459
threshold=1.0000000180025095e-35 0.49134678747263855 0.69571288880715809
decision_type=2 2 2
left_child=1 -1 -3
right_child=-2 2 -4
leaf_value=-0.045195329788491473 0.058990928885555752 -0.012308583245716832 0
leaf_weight=23.633847972378135 17.201084703207016 0.8618148844689103 8.064117394387722
leaf_count=1353 85 22 135
internal_value=-0.00121668 -0.0341912 -0.0015508
internal_weight=49.7609 32.5598 8.92593
internal_count=1595 1510 157
is_linear=0
shrinkage=0.05


Tree=280
num_leaves=3
num_cat=0
split_feature=12 7
split_gain=32.755 4.73475
threshold=0.49134678747263855 0.30009667238085086
decision_type=2 2
left_child=-1 -2
right_child=1 -3
leaf_value=-0.045125810724246838 0.0325700427560991 -0.033475502023921216
leaf_weight=23.506782664917409 39.034254550933838 2.1471859179437152
leaf_count=1456 145 21
internal_value=0.00100771 0.0281664
internal_weight=64.6882 41.1814
internal_count=1622 166
is_linear=0
shrinkage=0.05


Tree=281
num_leaves=4
num_cat=0
split_feature=17 12 4
split_gain=45.3264 1.28889 0.34127
threshold=1.0000000180025095e-35 0.49134678747263855 -0.46879594223394111
decision_type=2 2 2
left_child=1 -1 -3
right_child=-2 2 -4
leaf_value=-0.04499248387099733 0.058214850187770777 0.0020954620069965255 -0.016624289664739098
leaf_weight=21.97707339562476 20.224627152085304 0.46639186888933171 5.80948507413268
leaf_count=1352 106 8 156
internal_value=0.00137443 -0.0387496 -0.0114916
internal_weight=48.4776 28.253 6.27588
internal_count=1622 1516 164
is_linear=0
shrinkage=0.05


Tree=282
num_leaves=4
num_cat=0
split_feature=38 12 4
split_gain=40.9285 2.27334 1.02596
threshold=1.0000000180025095e-35 0.49134678747263855 -0.46879594223394111
decision_type=2 2 2
left_child=1 -1 -3
right_child=-2 2 -4
leaf_value=-0.045051106474932379 0.057599034967734122 0.035042222929876576 -0.015661601191709201
leaf_weight=22.487105348147455 17.989570260047913 0.67002701759338368 4.1323309913277617
leaf_count=1364 94 8 156
internal_value=0 -0.038401 -0.00123518
internal_weight=45.279 27.2895 4.80236
internal_count=1622 1528 164
is_linear=0
shrinkage=0.05


Tree=283
num_leaves=2
num_cat=0
split_feature=12
split_gain=124.306
threshold=1.0000000180025095e-35
decision_type=2
left_child=-1
right_child=-2
leaf_value=0.056410812888134904 -0.047963120349849855
leaf_weight=52.213215231895447 61.67156844586134
leaf_count=314 1308
internal_value=0
internal_weight=113.885
internal_count=1622
is_linear=0
shrinkage=0.05


Tree=284
num_leaves=3
num_cat=0
split_feature=42 8
split_gain=42.1331 2.16172
threshold=1.0000000180025095e-35 -0.51463834572177747
decision_type=2 2
left_child=1 -1
right_child=-2 -3
leaf_value=0.0067956642753184389 0.057428714192998498 -0.043476301487679538
leaf_weight=1.2746310029178882 17.945065066218376 25.865538999438286
leaf_count=28 94 1500
internal_value=-0.000547106 -0.0401306
internal_weight=45.0852 27.1402
internal_count=1622 1528
is_linear=0
shrinkage=0.05


Tree=285
num_leaves=3
num_cat=0
split_feature=34 8
split_gain=42.4674 1.95932
threshold=1.0000000180025095e-35 -0.52456312342282096
decision_type=2 2
left_child=1 -1
right_child=-2 -3
leaf_value=0.0022583969623120159 0.057273089476382946 -0.043497604236136682
leaf_weight=1.3906590826809431 18.078465968370438 26.001323726959527
leaf_count=21 95 1506
internal_value=-0.000748918 -0.0402795
internal_weight=45.4704 27.392
internal_count=1622 1527
is_linear=0
shrinkage=0.05


Tree=286
num_leaves=3
num_cat=0
split_feature=21 12
split_gain=44.5 0.178013
threshold=1.0000000180025095e-35 0.49134678747263855
decision_type=2 2
left_child=1 -1
right_child=-2 -3
leaf_value=-0.045000208929315673 0.058634718773762022 -0.020627300404827895
leaf_weight=22.0812474898994 17.847847104072571 6.6747294440865508
leaf_count=1363 94 165
internal_value=-0.00187533 -0.0406466
internal_weight=46.6038 28.756
internal_count=1622 1528
is_linear=0
shrinkage=0.05


Tree=287
num_leaves=4
num_cat=0
split_feature=30 12 4
split_gain=43.0992 2.20697 1.59951
threshold=1.0000000180025095e-35 0.49134678747263855 -0.80312896480916507
decision_type=2 2 2
left_child=1 -1 -3
right_child=-2 2 -4
leaf_value=-0.045047271448260262 0.057791554277566881 0.050459769038731339 -0.017467398254668892
leaf_weight=22.418893887661401 19.507505938410759 0.49229278415441502 4.3904789723455897
leaf_count=1356 102 6 158
internal_value=0.00134177 -0.0384073 -0.00192337
internal_weight=46.8092 27.3017 4.88277
internal_count=1622 1520 164
is_linear=0
shrinkage=0.05


Tree=288
num_leaves=4
num_cat=0
split_feature=25 12 4
split_gain=42.9575 1.27188 0.307332
threshold=1.0000000180025095e-35 0.49134678747263855 -0.46879594223394111
decision_type=2 2 2
left_child=1 -1 -3
right_child=-2 2 -4
leaf_value=-0.045013187467921552 0.057603580503630396 0 -0.016462525098824978
leaf_weight=22.155074018053714 18.708380937576294 0.53019841760396946 5.7791176903992882
leaf_count=1359 98 8 157
internal_value=0 -0.0388236 -0.011708
internal_weight=47.1728 28.4644 6.30932
internal_count=1622 1524 165
is_linear=0
shrinkage=0.05


Tree=289
num_leaves=4
num_cat=0
split_feature=26 12 3
split_gain=40.8569 2.45673 0.150185
threshold=1.0000000180025095e-35 0.49134678747263855 -0.92932628974446818
decision_type=2 2 2
left_child=1 -1 -3
right_child=-2 2 -4
leaf_value=-0.045004954598689098 0.05751616436485274 -0.0089645166528979619 0.001388571568200266
leaf_weight=22.108127459883693 18.349605664610863 5.8415216989815235 0.48624338209628959
leaf_count=1361 96 153 12
internal_value=0 -0.0370805 -0.00446401
internal_weight=46.7855 28.4359 6.32777
internal_count=1622 1526 165
is_linear=0
shrinkage=0.05


Tree=290
num_leaves=3
num_cat=0
split_feature=53 12
split_gain=41.0829 2.20516
threshold=1.7857787510698466 0.49134678747263855
decision_type=2 2
left_child=1 -1
right_child=-2 -3
leaf_value=-0.045007823406742808 0.056940905996290307 -0.0098096491906903786
leaf_weight=22.105256944894791 18.4927958548069 8.4392340574413556
leaf_count=1360 96 166
internal_value=-0.000477159 -0.0364027
internal_weight=49.0373 30.5445
internal_count=1622 1526
is_linear=0
shrinkage=0.05


Tree=291
num_leaves=3
num_cat=0
split_feature=46 12
split_gain=40.2907 1.19382
threshold=1.0000000180025095e-35 0.49134678747263855
decision_type=2 2
left_child=1 -1
right_child=-2 -3
leaf_value=-0.044989810226307499 0.05719263884345617 -0.012514760305662072
leaf_weight=22.017413624562327 17.004315122961998 6.468391675502061
leaf_count=1367 89 166
internal_value=-0.00215577 -0.0388211
internal_weight=45.4901 28.4858
internal_count=1622 1533
is_linear=0
shrinkage=0.05


Tree=292
num_leaves=3
num_cat=0
split_feature=0 12
split_gain=41.1287 2.53757
threshold=1.7776565534620203 0.49134678747263855
decision_type=2 2
left_child=1 -1
right_child=-2 -3
leaf_value=-0.045044607027882363 0.057435828164993055 -0.0073792700391565082
leaf_weight=22.422778086736802 18.354325979948044 7.9467350803315631
leaf_count=1360 96 166
internal_value=-0.000243062 -0.0362778
internal_weight=48.7238 30.3695
internal_count=1622 1526
is_linear=0
shrinkage=0.05


Tree=293
num_leaves=4
num_cat=0
split_feature=54 12 3
split_gain=33.7515 9.14929 0.576838
threshold=1.0000000180025095e-35 0.49134678747263855 -1.2971169809373058
decision_type=2 2 2
left_child=1 -1 -3
right_child=-2 2 -4
leaf_value=-0.04499665224368412 0.057574122021745833 0.016819378883202642 -0.011146488646263065
leaf_weight=22.056627757847309 17.831965640187263 8.5690190084278566 0.81942666880786674
leaf_count=1363 93 145 21
internal_value=0.00307978 -0.0274579 0.0114101
internal_weight=49.277 31.4451 9.38845
internal_count=1622 1529 166
is_linear=0
shrinkage=0.05


Tree=294
num_leaves=2
num_cat=0
split_feature=12
split_gain=29.2634
threshold=0.49134678747263855
decision_type=2
left_child=-1
right_child=-2
leaf_value=-0.044907375483710751 0.026137894183151961
leaf_weight=21.713648520410061 41.110232200473547
leaf_count=1456 166
internal_value=0.00102721
internal_weight=62.8239
internal_count=1622
is_linear=0
shrinkage=0.05


Tree=295
num_leaves=3
num_cat=0
split_feature=14 4
split_gain=40.8933 1.26019
threshold=1.0000000180025095e-35 -0.80312896480916507
decision_type=2 2
left_child=1 -1
right_child=-2 -3
leaf_value=0.0089812621243818176 0.056740119064226914 -0.039863316686387089
leaf_weight=0.35200964659452694 19.108964130282402 26.096065915189683
leaf_count=6 106 1510
internal_value=0.00130403 -0.0381309
internal_weight=45.557 26.4481
internal_count=1622 1516
is_linear=0
shrinkage=0.05


Tree=296
num_leaves=3
num_cat=0
split_feature=38 8
split_gain=36.8753 2.05156
threshold=1.0000000180025095e-35 -0.52456312342282096
decision_type=2 2
left_child=1 -1
right_child=-2 -3
leaf_value=0.008721698979614171 0.056116047791856208 -0.041181049658540581
leaf_weight=1.195583395659926 16.999510914087296 24.31427189707756
leaf_count=19 94 1509
internal_value=0 -0.0377584
internal_weight=42.5094 25.5099
internal_count=1622 1528
is_linear=0
shrinkage=0.05


Tree=297
num_leaves=2
num_cat=0
split_feature=12
split_gain=113.17
threshold=1.0000000180025095e-35
decision_type=2
left_child=-1
right_child=-2
leaf_value=0.055297873352140994 -0.047734053501209656
leaf_weight=48.975590586662292 57.271673873066902
leaf_count=314 1308
internal_value=0
internal_weight=106.247
internal_count=1622
is_linear=0
shrinkage=0.05


Tree=298
num_leaves=3
num_cat=0
split_feature=42 8
split_gain=38.0081 2.12369
threshold=1.0000000180025095e-35 -0.51463834572177747
decision_type=2 2
left_child=1 -1
right_child=-2 -3
leaf_value=0.0066752081148178759 0.055944355744749943 -0.043141568285198481
leaf_weight=1.2772175539284969 16.950032904744148 24.024623364210129
leaf_count=28 94 1500
internal_value=-0.000466332 -0.0395773
internal_weight=42.2519 25.3018
internal_count=1622 1528
is_linear=0
shrinkage=0.05


Tree=299
num_leaves=3
num_cat=0
split_feature=34 12
split_gain=38.3201 0.836953
threshold=1.0000000180025095e-35 0.49134678747263855
decision_type=2 2
left_child=1 -1
right_child=-2 -3
leaf_value=-0.044812906758560284 0.055792492090107421 -0.011351365697928087
leaf_weight=20.679834209382538 17.068980783224106 4.865291003137826
leaf_count=1361 95 166
internal_value=-0.000691562 -0.03974
internal_weight=42.6141 25.5451
internal_count=1622 1527
is_linear=0
shrinkage=0.05


Tree=300
num_leaves=3
num_cat=0
split_feature=21 12
split_gain=40.2968 0.202603
threshold=1.0000000180025095e-35 0.49134678747263855
decision_type=2 2
left_child=1 -1
right_child=-2 -3
leaf_value=-0.044772078122263158 0.057178072791156831 -0.019889890521556861
leaf_weight=20.399985812604431 16.854813680052757 6.5005268957465878
leaf_count=1363 94 165
internal_value=-0.00186781 -0.0401443
internal_weight=43.7553 26.9005
internal_count=1622 1528
is_linear=0
shrinkage=0.05


Tree=301
num_leaves=4
num_cat=0
split_feature=30 12 4
split_gain=38.8233 2.20738 1.46899
threshold=1.0000000180025095e-35 0.49134678747263855 -0.80312896480916507
decision_type=2 2 2
left_child=1 -1 -3
right_child=-2 2 -4
leaf_value=-0.044820147454503828 0.05631598475639267 0.047853406817478877 -0.016800868354318817
leaf_weight=20.710497825406495 18.430170506238937 0.51719629764556874 4.2891786713153115
leaf_count=1356 102 6 158
internal_value=0.00131904 -0.0377618 -0.00127885
internal_weight=43.947 25.5169 4.80637
internal_count=1622 1520 164
is_linear=0
shrinkage=0.05


Tree=302
num_leaves=4
num_cat=0
split_feature=25 12 4
split_gain=38.7486 1.28973 0.287806
threshold=1.0000000180025095e-35 0.49134678747263855 -0.46879594223394111
decision_type=2 2 2
left_child=1 -1 -3
right_child=-2 2 -4
leaf_value=-0.04478494136114599 0.056124768547202199 0 -0.015737329856014524
leaf_weight=20.466944451443855 17.67154361307621 0.53282825648784626 5.6456604972481719
leaf_count=1359 98 8 157
internal_value=0 -0.0382095 -0.0109621
internal_weight=44.317 26.6454 6.17849
internal_count=1622 1524 165
is_linear=0
shrinkage=0.05


Tree=303
num_leaves=4
num_cat=0
split_feature=26 12 3
split_gain=36.7674 2.44865 0.137224
threshold=1.0000000180025095e-35 0.49134678747263855 -0.92932628974446818
decision_type=2 2 2
left_child=1 -1 -3
right_child=-2 2 -4
leaf_value=-0.044776637876252696 0.056031864661902499 -0.008395043954632064 0.001560389756318182
leaf_weight=20.423404794186357 17.333502382040024 5.7547262012958527 0.48270217329263587
leaf_count=1361 96 153 12
internal_value=0 -0.0363706 -0.00385537
internal_weight=43.9943 26.6608 6.23743
internal_count=1622 1526 165
is_linear=0
shrinkage=0.05


Tree=304
num_leaves=4
num_cat=0
split_feature=50 12 50
split_gain=36.1688 2.18911 0.292747
threshold=2.4864973685560821 0.49134678747263855 2.9602423299905172
decision_type=2 2 2
left_child=1 -1 -2
right_child=2 -3 -4
leaf_value=-0.044751611072752273 0 -0.0091703519285609367 0.056004808794864663
leaf_weight=20.232782115228474 0.85535337403416889 8.3043042942881602 16.8355772793293
leaf_count=1352 11 166 93
internal_value=-0.000443858 -0.0355946 0.0543031
internal_weight=46.228 28.5371 17.6909
internal_count=1622 1518 104
is_linear=0
shrinkage=0.05


Tree=305
num_leaves=3
num_cat=0
split_feature=46 12
split_gain=36.3575 1.20451
threshold=1.0000000180025095e-35 0.49134678747263855
decision_type=2 2
left_child=1 -1
right_child=-2 -3
leaf_value=-0.044761303676041829 0.055699871991032858 -0.011851986863159903
leaf_weight=20.339289966039363 16.062050834298134 6.3476597666740409
leaf_count=1367 89 166
internal_value=-0.00211445 -0.0382151
internal_weight=42.749 26.6869
internal_count=1622 1533
is_linear=0
shrinkage=0.05


Tree=306
num_leaves=3
num_cat=0
split_feature=16 12
split_gain=37.0047 2.52058
threshold=1.0000000180025095e-35 0.49134678747263855
decision_type=2 2
left_child=1 -1
right_child=-2 -3
leaf_value=-0.044817426410333913 0.055946175213664739 -0.0068048584762292795
leaf_weight=20.712276093661789 17.334708496928215 7.837363773956894
leaf_count=1360 96 166
internal_value=-0.000207623 -0.0355397
internal_weight=45.8843 28.5496
internal_count=1622 1526
is_linear=0
shrinkage=0.05


Tree=307
num_leaves=4
num_cat=0
split_feature=54 12 3
split_gain=30.0985 8.77429 0.546531
threshold=1.0000000180025095e-35 0.49134678747263855 -1.2971169809373058
decision_type=2 2 2
left_child=1 -1 -3
right_child=-2 2 -4
leaf_value=-0.044768200036402084 0.056096847653050376 0.016260097712315024 -0.010833743945834789
leaf_weight=20.375719462521374 16.852158188819885 8.6426934786140901 0.80867326632142322
leaf_count=1363 93 145 21
internal_value=0.00314368 -0.0263819 0.0110018
internal_weight=46.6792 29.8271 9.45137
internal_count=1622 1529 166
is_linear=0
shrinkage=0.05


Tree=308
num_leaves=3
num_cat=0
split_feature=12 7
split_gain=26.1054 4.07639
threshold=0.49134678747263855 0.30009667238085086
decision_type=2 2
left_child=-1 -2
right_child=1 -3
leaf_value=-0.044679292744980247 0.028298051609741942 -0.033215740115218967
leaf_weight=20.046923436224461 38.986214250326157 2.112018395215272
leaf_count=1456 145 21
internal_value=0.0010155 0.0241747
internal_weight=61.1452 41.0982
internal_count=1622 166
is_linear=0
shrinkage=0.05


Tree=309
num_leaves=4
num_cat=0
split_feature=14 12 3
split_gain=36.8806 1.39562 0.259398
threshold=1.0000000180025095e-35 0.49134678747263855 -1.0868720616634644
decision_type=2 2 2
left_child=1 -1 -3
right_child=-2 2 -4
leaf_value=-0.044538601047437662 0.055415259975008457 -0.01426168583813836 0
leaf_weight=18.838658782653514 18.013397231698036 5.3811972700059414 0.52057899720966716
leaf_count=1352 106 151 13
internal_value=0.00128066 -0.037461 -0.00924968
internal_weight=42.7538 24.7404 5.90178
internal_count=1622 1516 164
is_linear=0
shrinkage=0.05


Tree=310
num_leaves=4
num_cat=0
split_feature=41 12 4
split_gain=33.2134 2.33679 0.848845
threshold=1.0000000180025095e-35 0.49134678747263855 -0.46879594223394111
decision_type=2 2 2
left_child=1 -1 -3
right_child=-2 2 -4
leaf_value=-0.044598938411310601 0.054776754580682457 0.032712670615777366 -0.013815734124712629
leaf_weight=19.249125805683438 16.028368055820465 0.70066510140895832 3.8864368107169858
leaf_count=1364 94 8 156
internal_value=0 -0.0370688 0
internal_weight=39.8646 23.8362 4.5871
internal_count=1622 1528 164
is_linear=0
shrinkage=0.05


Tree=311
num_leaves=2
num_cat=0
split_feature=12
split_gain=103.154
threshold=1.0000000180025095e-35
decision_type=2
left_child=-1
right_child=-2
leaf_value=0.05429722889443768 -0.047516260097692123
leaf_weight=45.861033529043198 53.182922622188926
leaf_count=314 1308
internal_value=-8.57517e-05
internal_weight=99.044
internal_count=1622
is_linear=0
shrinkage=0.05


Tree=312
num_leaves=3
num_cat=0
split_feature=42 8
split_gain=34.3028 2.28685
threshold=1.0000000180025095e-35 -0.52456312342282096
decision_type=2 2
left_child=1 -1
right_child=-2 -3
leaf_value=0.01185511414876779 0.054603937810965932 -0.042822076903687431
leaf_weight=1.1208972614258552 15.976155713200567 22.473220721818507
leaf_count=20 94 1508
internal_value=-0.000371401 -0.0389948
internal_weight=39.5703 23.5941
internal_count=1622 1528
is_linear=0
shrinkage=0.05


Tree=313
num_leaves=3
num_cat=0
split_feature=34 4
split_gain=34.6391 2.12048
threshold=1.0000000180025095e-35 -0.35021576160556561
decision_type=2 2
left_child=1 -1
right_child=-2 -3
leaf_value=0.0082117364068300357 0.054453002878096485 -0.042873033362043372
leaf_weight=1.1889642663300062 16.08177524805069 22.696159671060741
leaf_count=13 95 1514
internal_value=-0.000684336 -0.0391887
internal_weight=39.9669 23.8851
internal_count=1622 1527
is_linear=0
shrinkage=0.05


Tree=314
num_leaves=3
num_cat=0
split_feature=21 12
split_gain=36.5272 0.221592
threshold=1.0000000180025095e-35 0.49134678747263855
decision_type=2 2
left_child=1 -1
right_child=-2 -3
leaf_value=-0.044533597402727498 0.055872636793390856 -0.019206280652055274
leaf_weight=18.837328889407221 15.881794527173041 6.3462849222123614
leaf_count=1363 94 165
internal_value=-0.00186113 -0.0396226
internal_weight=41.0654 25.1836
internal_count=1622 1528
is_linear=0
shrinkage=0.05


Tree=315
num_leaves=3
num_cat=0
split_feature=30 8
split_gain=34.9961 2.01643
threshold=1.0000000180025095e-35 -0.52456312342282096
decision_type=2 2
left_child=1 -1
right_child=-2 -3
leaf_value=0.0088374014642338666 0.054989136602082517 -0.040718822402418295
leaf_weight=1.1921565309166933 17.376143306493759 22.669927150011063
leaf_count=19 102 1501
internal_value=0.00130566 -0.0370862
internal_weight=41.2382 23.8621
internal_count=1622 1520
is_linear=0
shrinkage=0.05


Tree=316
num_leaves=4
num_cat=0
split_feature=25 12 3
split_gain=34.9781 1.29853 0.165333
threshold=1.0000000180025095e-35 0.49134678747263855 -1.1317619565702162
decision_type=2 2 2
left_child=1 -1 -3
right_child=-2 2 -4
leaf_value=-0.044546400566761242 0.054790647057532671 -0.013816314786347301 0
leaf_weight=18.897932082414631 16.656538754701614 5.3037389814853668 0.76054258644580741
leaf_count=1359 98 149 16
internal_value=0 -0.0375706 -0.0102862
internal_weight=41.6188 24.9622 6.06428
internal_count=1622 1524 165
is_linear=0
shrinkage=0.05


Tree=317
num_leaves=4
num_cat=0
split_feature=26 12 3
split_gain=33.1092 2.42735 0.127203
threshold=1.0000000180025095e-35 0.49134678747263855 -0.92932628974446818
decision_type=2 2 2
left_child=1 -1 -3
right_child=-2 2 -4
leaf_value=-0.044537976079018646 0.054692150086473414 -0.0079273326076344554 0.0018611244931304922
leaf_weight=18.857579297386113 16.338845208287239 5.6852679625153542 0.47681706957518954
leaf_count=1361 96 153 12
internal_value=0 -0.0356338 -0.0033345
internal_weight=41.3585 25.0197 6.16209
internal_count=1622 1526 165
is_linear=0
shrinkage=0.05


Tree=318
num_leaves=3
num_cat=0
split_feature=53 12
split_gain=33.3046 2.17719
threshold=1.7857787510698466 0.49134678747263855
decision_type=2 2
left_child=1 -1
right_child=-2 -3
leaf_value=-0.044541001402903291 0.053999171798066993 -0.0086345320629217254
leaf_weight=18.857778184115887 16.530537322163582 8.1939184740185755
leaf_count=1360 96 166
internal_value=-0.000400339 -0.0349264
internal_weight=43.5822 27.0517
internal_count=1622 1526
is_linear=0
shrinkage=0.05


Tree=319
num_leaves=3
num_cat=0
split_feature=46 12
split_gain=32.8311 1.20478
threshold=1.0000000180025095e-35 0.49134678747263855
decision_type=2 2
left_child=1 -1
right_child=-2 -3
leaf_value=-0.044522350085803415 0.054346628462424634 -0.011274311285167793
leaf_weight=18.779621777124706 15.139115020632742 6.2455889079719773
leaf_count=1367 89 166
internal_value=-0.00207781 -0.0375874
internal_weight=40.1643 25.0252
internal_count=1622 1533
is_linear=0
shrinkage=0.05


Tree=320
num_leaves=3
num_cat=0
split_feature=16 12
split_gain=33.3197 2.48593
threshold=1.0000000180025095e-35 0.49134678747263855
decision_type=2 2
left_child=1 -1
right_child=-2 -3
leaf_value=-0.044580131073072307 0.054598004851518556 -0.0063379597386359621
leaf_weight=19.122575612738732 16.33574452996254 7.7502502575516692
leaf_count=1360 96 166
internal_value=-0.000180026 -0.0347815
internal_weight=43.2086 26.8728
internal_count=1622 1526
is_linear=0
shrinkage=0.05


Tree=321
num_leaves=4
num_cat=0
split_feature=54 12 3
split_gain=26.8601 8.37387 0.508695
threshold=1.0000000180025095e-35 0.49134678747263855 -1.2971169809373058
decision_type=2 2 2
left_child=1 -1 -3
right_child=-2 2 -4
leaf_value=-0.044529346642101182 0.054749829857000623 0.015554737356311056 -0.010407819428336122
leaf_weight=18.813425338827074 15.893812820315359 8.73723406344652 0.79444683715701359
leaf_count=1363 93 145 21
internal_value=0.00319084 -0.0253008 0.0104878
internal_weight=44.2389 28.3451 9.53168
internal_count=1622 1529 166
is_linear=0
shrinkage=0.05


Tree=322
num_leaves=3
num_cat=0
split_feature=12 13
split_gain=23.2959 3.66002
threshold=0.49134678747263855 -1.3186276315601533
decision_type=2 2
left_child=-1 -2
right_child=1 -3
leaf_value=-0.04444018421154252 0.026286063745160584 -0.032548836365518002
leaf_weight=18.500653828494251 38.90206053853035 2.0455333068966857
leaf_count=1456 145 21
internal_value=0.000975481 0.0223866
internal_weight=59.4482 40.9476
internal_count=1622 166
is_linear=0
shrinkage=0.05


Tree=323
num_leaves=4
num_cat=0
split_feature=14 12 4
split_gain=33.2891 1.40209 0.345659
threshold=1.0000000180025095e-35 0.49134678747263855 -0.80312896480916507
decision_type=2 2 2
left_child=1 -1 -3
right_child=-2 2 -4
leaf_value=-0.044287840432989771 0.054197018333800674 0.0088721510019726061 -0.014553532625939423
leaf_weight=17.388300347141925 16.94449645280838 0.35351670533418644 5.4410732500255099
leaf_count=1352 106 6 158
internal_value=0.00121382 -0.0367829 -0.00856149
internal_weight=40.1274 23.1829 5.79459
internal_count=1622 1516 164
is_linear=0
shrinkage=0.05


Tree=324
num_leaves=4
num_cat=0
split_feature=38 12 4
split_gain=29.9285 2.31227 0.766924
threshold=1.0000000180025095e-35 0.49134678747263855 -0.46879594223394111
decision_type=2 2 2
left_child=1 -1 -3
right_child=-2 2 -4
leaf_value=-0.04435134436443202 0.053546663584003278 0.030860948247869197 -0.013189385984641889
leaf_weight=17.765750088728968 15.080237597227095 0.72603462636470784 3.8092489037662736
leaf_count=1364 94 8 156
internal_value=0 -0.0363628 0
internal_weight=37.3813 22.301 4.53528
internal_count=1622 1528 164
is_linear=0
shrinkage=0.05


Tree=325
num_leaves=2
num_cat=0
split_feature=12
split_gain=94.0566
threshold=1.0000000180025095e-35
decision_type=2
left_child=-1
right_child=-2
leaf_value=0.053386485537980061 -0.047304175369129987
leaf_weight=42.86030387878418 49.356612451374531
leaf_count=314 1308
internal_value=-0.000200305
internal_weight=92.2169
internal_count=1622
is_linear=0
shrinkage=0.05


Tree=326
num_leaves=3
num_cat=0
split_feature=42 8
split_gain=30.9455 2.23088
threshold=1.0000000180025095e-35 -0.52456312342282096
decision_type=2 2
left_child=1 -1
right_child=-2 -3
leaf_value=0.011367302306222567 0.053370792928316903 -0.042454072764358787
leaf_weight=1.1324728839099396 15.023451849818228 20.869359171018008
leaf_count=20 94 1508
internal_value=-0.000270766 -0.0383817
internal_weight=37.0253 22.0018
internal_count=1622 1528
is_linear=0
shrinkage=0.05


Tree=327
num_leaves=3
num_cat=0
split_feature=34 4
split_gain=31.2614 2.06358
threshold=1.0000000180025095e-35 -0.35021576160556561
decision_type=2 2
left_child=1 -1
right_child=-2 -3
leaf_value=0.0076590811899645526 0.05322194643219566 -0.04250850718942064
leaf_weight=1.2030135095119501 15.115861430764197 21.079553469084203
leaf_count=13 95 1514
internal_value=-0.000611227 -0.038594
internal_weight=37.3984 22.2826
internal_count=1622 1527
is_linear=0
shrinkage=0.05


Tree=328
num_leaves=3
num_cat=0
split_feature=21 12
split_gain=33.1084 0.240561
threshold=1.0000000180025095e-35 0.49134678747263855
decision_type=2 2
left_child=1 -1
right_child=-2 -3
leaf_value=-0.044283320043757943 0.054679798421858716 -0.018500065499403744
leaf_weight=17.387537221424285 14.931195810437201 6.19304260239005
leaf_count=1363 94 165
internal_value=-0.00184987 -0.0390747
internal_weight=38.5118 23.5806
internal_count=1622 1528
is_linear=0
shrinkage=0.05


Tree=329
num_leaves=4
num_cat=0
split_feature=30 12 4
split_gain=31.5091 2.26729 1.25711
threshold=1.0000000180025095e-35 0.49134678747263855 -0.80312896480916507
decision_type=2 2 2
left_child=1 -1 -3
right_child=-2 2 -4
leaf_value=-0.044346302337122362 0.053764670841426832 0.044907002226539539 -0.015072530409292066
leaf_weight=17.716906457208101 16.341409206390381 0.54669343680143345 4.0424648486077777
leaf_count=1356 102 6 158
internal_value=0.0013068 -0.0363638 0
internal_weight=38.6475 22.3061 4.58916
internal_count=1622 1520 164
is_linear=0
shrinkage=0.05


Tree=330
num_leaves=4
num_cat=0
split_feature=25 12 13
split_gain=31.5736 1.30121 0.155734
threshold=1.0000000180025095e-35 0.49134678747263855 -0.75766210091990349
decision_type=2 2 2
left_child=1 -1 -3
right_child=-2 2 -4
leaf_value=-0.044296109938017636 0.053566304942757548 -0.013179536277114066 0
leaf_weight=17.442268407903615 15.664068505167959 5.2027497924864292 0.75667918659746547
leaf_count=1359 98 149 16
internal_value=0 -0.036905 -0.00964772
internal_weight=39.0658 23.4017 5.95943
internal_count=1622 1524 165
is_linear=0
shrinkage=0.05


Tree=331
num_leaves=4
num_cat=0
split_feature=26 12 3
split_gain=29.7994 2.40612 0.115949
threshold=1.0000000180025095e-35 0.49134678747263855 -0.92932628974446818
decision_type=2 2 2
left_child=1 -1 -3
right_child=-2 2 -4
leaf_value=-0.044287518942328866 0.053460521898334883 -0.0074210250019190044 0.0020946207338959143
leaf_weight=17.404915073886517 15.365663275122641 5.611475795507431 0.47222476080059905
leaf_count=1361 96 153 12
internal_value=0 -0.0348616 -0.00278217
internal_weight=38.8543 23.4886 6.0837
internal_count=1622 1526 165
is_linear=0
shrinkage=0.05


Tree=332
num_leaves=4
num_cat=0
split_feature=53 12 50
split_gain=29.9773 1.99821 0.712233
threshold=3.5959279840799754 0.49134678747263855 2.9605199862516973
decision_type=2 2 2
left_child=1 2 -1
right_child=-2 -3 -4
leaf_value=-0.044462104101175598 0.05384075069066168 -0.0080547274132395704 0
leaf_weight=17.595235656015578 15.160215944051741 8.0774488523602503 0.22897312045097251
leaf_count=1361 94 166 1
internal_value=-0.000364534 -0.0334566 -0.0430698
internal_weight=41.0619 25.9017 17.8242
internal_count=1622 1528 1362
is_linear=0
shrinkage=0.05


Tree=333
num_leaves=3
num_cat=0
split_feature=46 12
split_gain=29.633 1.2059
threshold=1.0000000180025095e-35 0.49134678747263855
decision_type=2 2
left_child=1 -1
right_child=-2 -3
leaf_value=-0.044271488114277301 0.053100987612379247 -0.010661786337006797
leaf_weight=17.332639157772068 14.235358744859694 6.1404348239302626
leaf_count=1367 89 166
internal_value=-0.00203657 -0.0369279
internal_weight=37.7084 23.4731
internal_count=1622 1533
is_linear=0
shrinkage=0.05


Tree=334
num_leaves=3
num_cat=0
split_feature=0 3
split_gain=29.9847 0.855221
threshold=1.7776565534620203 -1.2971169809373058
decision_type=2 2
left_child=1 -1
right_child=-2 -3
leaf_value=-0.017872148429796297 0.053360744154121134 -0.043775821542936272
leaf_weight=11.060892689973116 15.358374506235121 14.243438021279871
leaf_count=459 96 1067
internal_value=-0.000141134 -0.0339875
internal_weight=40.6627 25.3043
internal_count=1622 1526
is_linear=0
shrinkage=0.05


Tree=335
num_leaves=4
num_cat=0
split_feature=54 12 3
split_gain=23.9532 7.99697 0.481545
threshold=1.0000000180025095e-35 0.49134678747263855 -1.2971169809373058
decision_type=2 2 2
left_child=1 -1 -3
right_child=-2 2 -4
leaf_value=-0.044278640599283464 0.053523853333971562 0.015027119911889984 -0.010097822166735514
leaf_weight=17.364028093405068 14.953607171773909 8.8091632537543756 0.78415285050869243
leaf_count=1363 93 145 21
internal_value=0.0032554 -0.0241856 0.010098
internal_weight=41.911 26.9573 9.59332
internal_count=1622 1529 166
is_linear=0
shrinkage=0.05


Tree=336
num_leaves=2
num_cat=0
split_feature=12
split_gain=20.7852
threshold=0.49134678747263855
decision_type=2
left_child=-1
right_child=-2
leaf_value=-0.044188795856210099 0.020714544910029734
leaf_weight=17.067730062641203 40.770011886954308
leaf_count=1456 166
internal_value=0.000918662
internal_weight=57.8377
internal_count=1622
is_linear=0
shrinkage=0.05


Tree=337
num_leaves=4
num_cat=0
split_feature=14 12 4
split_gain=30.0375 1.40587 0.322751
threshold=1.0000000180025095e-35 0.49134678747263855 -0.80312896480916507
decision_type=2 2 2
left_child=1 -1 -3
right_child=-2 2 -4
leaf_value=-0.04402401724524134 0.053071686580636358 0.0085805065115299121 -0.013902611569971642
leaf_weight=16.044170004315678 15.9063314050436 0.35758746415376652 5.3327295221388331
leaf_count=1352 106 6 158
internal_value=0.00114416 -0.0360734 -0.00787224
internal_weight=37.6408 21.7345 5.69032
internal_count=1622 1516 164
is_linear=0
shrinkage=0.05


Tree=338
num_leaves=4
num_cat=0
split_feature=38 4 12
split_gain=26.958 2.70945 0.26615
threshold=1.0000000180025095e-35 -0.46879594223394111 0.49134678747263855
decision_type=2 2 2
left_child=1 -1 -3
right_child=-2 2 -4
leaf_value=0.029186911593913317 0.052406969532243323 -0.044091014259084044 -0.012595621516944556
leaf_weight=0.74977084249258297 14.158863931894301 16.391045663505796 3.7381919231265774
leaf_count=8 94 1364 156
internal_value=0 -0.035626 -0.0399009
internal_weight=35.0379 20.879 20.1292
internal_count=1622 1528 1520
is_linear=0
shrinkage=0.05


Tree=339
num_leaves=2
num_cat=0
split_feature=12
split_gain=85.9036
threshold=1.0000000180025095e-35
decision_type=2
left_child=-1
right_child=-2
leaf_value=0.052571706875434387 -0.047098641227312055
leaf_weight=40.047586351633072 45.797471176832914
leaf_count=314 1308
internal_value=-0.000276706
internal_weight=85.8451
internal_count=1622
is_linear=0
shrinkage=0.05


Tree=340
num_leaves=3
num_cat=0
split_feature=45 8
split_gain=27.9049 2.17346
threshold=1.0000000180025095e-35 -0.52456312342282096
decision_type=2 2
left_child=1 -1
right_child=-2 -3
leaf_value=0.010880454642077035 0.052229479972892193 -0.042066361732877394
leaf_weight=1.1441562119871367 14.098182857036589 19.380247870460156
leaf_count=20 94 1508
internal_value=-0.000169265 -0.0377371
internal_weight=34.6226 20.5244
internal_count=1622 1528
is_linear=0
shrinkage=0.05


Tree=341
num_leaves=3
num_cat=0
split_feature=34 4
split_gain=28.2042 2.00589
threshold=1.0000000180025095e-35 -0.35021576160556561
decision_type=2 2
left_child=1 -1
right_child=-2 -3
leaf_value=0.007119085466678163 0.052084039537131026 -0.042124670466686075
leaf_weight=1.2168999090790773 14.178472161293028 19.578668576665223
leaf_count=13 95 1514
internal_value=-0.000537588 -0.0379696
internal_weight=34.974 20.7956
internal_count=1622 1527
is_linear=0
shrinkage=0.05


Tree=342
num_leaves=3
num_cat=0
split_feature=21 12
split_gain=30.0088 0.256672
threshold=1.0000000180025095e-35 0.49134678747263855
decision_type=2 2
left_child=1 -1
right_child=-2 -3
leaf_value=-0.04401995997396288 0.053579356090971225 -0.017809507397798002
leaf_weight=16.043941544368867 14.009406879544256 6.0492538977414361
leaf_count=1363 94 165
internal_value=-0.00184408 -0.0385029
internal_weight=36.1026 22.0932
internal_count=1622 1528
is_linear=0
shrinkage=0.05


Tree=343
num_leaves=4
num_cat=0
split_feature=30 4 12
split_gain=28.3819 3.23879 0.156102
threshold=1.0000000180025095e-35 -0.80312896480916507 0.49134678747263855
decision_type=2 2 2
left_child=1 -1 -3
right_child=-2 2 -4
leaf_value=0.04260350893516078 0.052636717847794327 -0.044085316540016239 -0.014466917477603328
leaf_weight=0.5708009228110339 15.338939011096953 16.346327398903671 3.9622219353914252
leaf_count=6 102 1356 158
internal_value=0.00128272 -0.0356236 -0.0399946
internal_weight=36.2183 20.8794 20.3085
internal_count=1622 1520 1514
is_linear=0
shrinkage=0.05


Tree=344
num_leaves=4
num_cat=0
split_feature=25 12 4
split_gain=28.4938 1.29911 0.242129
threshold=1.0000000180025095e-35 0.49134678747263855 -0.46879594223394111
decision_type=2 2 2
left_child=1 -1 -3
right_child=-2 2 -4
leaf_value=-0.044032781012921941 0.052434169364761002 0 -0.01388959711767033
leaf_weight=16.093257453292612 14.700309872627257 0.53311997652053822 5.3282880578190079
leaf_count=1359 98 8 157
internal_value=0 -0.0362112 -0.00903314
internal_weight=36.655 21.9547 5.86141
internal_count=1622 1524 165
is_linear=0
shrinkage=0.05


Tree=345
num_leaves=4
num_cat=0
split_feature=26 12 4
split_gain=26.8101 2.37823 0.0689123
threshold=1.0000000180025095e-35 0.49134678747263855 -0.37450290859423491
decision_type=2 2 2
left_child=1 -1 -3
right_child=-2 2 -4
leaf_value=-0.044023968980713146 0.052321446732100221 0 -0.0058986472043247445
leaf_weight=16.058697278611366 14.420390442013739 0.60474026948213566 5.4062407035380593
leaf_count=1361 96 10 155
internal_value=0 -0.0340584 -0.00225883
internal_weight=36.4901 22.0697 6.01098
internal_count=1622 1526 165
is_linear=0
shrinkage=0.05


Tree=346
num_leaves=3
num_cat=0
split_feature=53 12
split_gain=26.9629 2.12824
threshold=1.7857787510698466 0.49134678747263855
decision_type=2 2
left_child=1 -1
right_child=-2 -3
leaf_value=-0.044024926595587599 0.051507559568983119 -0.0075030291572531467
leaf_weight=16.052232493646446 14.642504811286924 7.9692796058952799
leaf_count=1360 96 166
internal_value=-0.00031413 -0.0333281
internal_weight=38.664 24.0215
internal_count=1622 1526
is_linear=0
shrinkage=0.05


Tree=347
num_leaves=3
num_cat=0
split_feature=46 12
split_gain=26.7403 1.20225
threshold=1.0000000180025095e-35 0.49134678747263855
decision_type=2 2
left_child=1 -1
right_child=-2 -3
leaf_value=-0.044007430930568608 0.051948288008436698 -0.010074033489911028
leaf_weight=15.991719466634096 13.357887953519819 6.0423973426222792
leaf_count=1367 89 166
internal_value=-0.00199969 -0.0362413
internal_weight=35.392 22.0341
internal_count=1622 1533
is_linear=0
shrinkage=0.05


Tree=348
num_leaves=3
num_cat=0
split_feature=16 12
split_gain=26.9688 2.49697
threshold=1.0000000180025095e-35 0.49134678747263855
decision_type=2 2
left_child=1 -1
right_child=-2 -3
leaf_value=-0.044091624253292147 0.052217654790786897 -0.0047439192654571
leaf_weight=16.389003572985533 14.408997341990469 7.4655606206506482
leaf_count=1360 96 166
internal_value=-0.000101608 -0.033154
internal_weight=38.2636 23.8546
internal_count=1622 1526
is_linear=0
shrinkage=0.05


Tree=349
num_leaves=4
num_cat=0
split_feature=54 12 3
split_gain=21.3317 7.62019 0.456328
threshold=1.0000000180025095e-35 0.49134678747263855 -1.2971169809373058
decision_type=2 2 2
left_child=1 -1 -3
right_child=-2 2 -4
leaf_value=-0.044014746625501616 0.052361177611465498 0.014518092298367298 -0.0098087711912093582
leaf_weight=16.02064994815737 14.035930588841437 8.8795632310211641 0.77467183768749492
leaf_count=1363 93 145 21
internal_value=0.00329853 -0.0230558 0.00971717
internal_weight=39.7108 25.6749 9.65424
internal_count=1622 1529 166
is_linear=0
shrinkage=0.05


Tree=350
num_leaves=3
num_cat=0
split_feature=12 7
split_gain=20.2066 3.62133
threshold=0.49134678747263855 0.30009667238085086
decision_type=2 2
left_child=-1 -2
right_child=1 -3
leaf_value=-0.043925395496754928 0.025911743115499559 -0.032537826570531364
leaf_weight=15.746009434573351 38.133203208446503 2.056602928787469
leaf_count=1454 143 22
internal_value=0.00273328 0.0219433
internal_weight=55.9358 40.1898
internal_count=1619 165
is_linear=0
shrinkage=0.05


Tree=351
num_leaves=4
num_cat=0
split_feature=17 12 13
split_gain=26.1602 1.43534 0.338595
threshold=1.0000000180025095e-35 0.49134678747263855 -0.55062270036274141
decision_type=2 2 2
left_child=1 -1 -3
right_child=-2 2 -4
leaf_value=-0.04376151899961965 0.051891190099922241 -0.013338955447134438 0.011879700850281935
leaf_weight=14.872254659421744 14.08056393265724 5.2338834069669247 0.31538120098411937
leaf_count=1356 100 154 9
internal_value=0 -0.0353469 -0.00690952
internal_weight=34.5021 20.4215 5.54926
internal_count=1619 1519 163
is_linear=0
shrinkage=0.05


Tree=352
num_leaves=4
num_cat=0
split_feature=38 4 12
split_gain=27.2586 1.06709 0.134391
threshold=1.0000000180025095e-35 -0.80312896480916507 0.49134678747263855
decision_type=2 2 2
left_child=1 -1 -3
right_child=-2 2 -4
leaf_value=0.00070012430380197576 0.051673856013904812 -0.043795397676954423 -0.014336439046034625
leaf_weight=0.47281347215175884 14.667650401592253 15.0090573374182 3.9297735132277003
leaf_count=5 104 1352 158
internal_value=0.000483514 -0.0372672 -0.0394948
internal_weight=34.0793 19.4116 18.9388
internal_count=1619 1515 1510
is_linear=0
shrinkage=0.05


Tree=353
num_leaves=2
num_cat=0
split_feature=12
split_gain=76.1373
threshold=1.0000000180025095e-35
decision_type=2
left_child=-1
right_child=-2
leaf_value=0.051727032364425475 -0.046905403770790312
leaf_weight=35.065590046346188 42.934227351099253
leaf_count=295 1324
internal_value=-0.0021987
internal_weight=77.9998
internal_count=1619
is_linear=0
shrinkage=0.05


Tree=354
num_leaves=3
num_cat=0
split_feature=42 4
split_gain=25.9284 2.37781
threshold=1.0000000180025095e-35 -0.35021576160556561
decision_type=2 2
left_child=1 -1
right_child=-2 -3
leaf_value=0.017352761772065715 0.051350574963230172 -0.041692561628380927
leaf_weight=0.9790528323501374 13.906626626849173 18.099873329512775
leaf_count=13 99 1507
internal_value=0 -0.0370199
internal_weight=32.9856 19.0789
internal_count=1619 1520
is_linear=0
shrinkage=0.05


Tree=355
num_leaves=3
num_cat=0
split_feature=34 4
split_gain=24.1713 4.27453
threshold=1.0000000180025095e-35 -0.35021576160556561
decision_type=2 2
left_child=1 -1
right_child=-2 -3
leaf_value=0.03621045947787245 0.051231387364717988 -0.041714595098308958
leaf_weight=1.2172845676541353 13.361381709575651 18.166448545642197
leaf_count=13 95 1511
internal_value=0 -0.0347761
internal_weight=32.7451 19.3837
internal_count=1619 1524
is_linear=0
shrinkage=0.05


Tree=356
num_leaves=4
num_cat=0
split_feature=21 12 7
split_gain=25.3263 2.38653 0.151105
threshold=1.0000000180025095e-35 0.49134678747263855 0.56299799632434755
decision_type=2 2 2
left_child=1 -1 -3
right_child=-2 2 -4
leaf_value=-0.043730705644262631 0.052703057520852831 -0.0069767836681785865 0.010664571833709148
leaf_weight=14.740994962863626 13.959831759333609 5.5548826269805422 0.32769747078418721
leaf_count=1355 100 158 6
internal_value=0.00105923 -0.0331344 -0.00131868
internal_weight=34.5834 20.6236 5.88258
internal_count=1619 1519 164
is_linear=0
shrinkage=0.05


Tree=357
num_leaves=3
num_cat=0
split_feature=30 4
split_gain=25.5615 1.04941
threshold=1.0000000180025095e-35 -0.80312896480916507
decision_type=2 2
left_child=1 -1
right_child=-2 -3
leaf_value=0 0.05130563968344877 -0.039548780448484304
leaf_weight=0.4896248728036906 13.122090905904768 19.123331687413156
leaf_count=5 93 1521
internal_value=-0.000826885 -0.0373576
internal_weight=32.735 19.613
internal_count=1619 1526
is_linear=0
shrinkage=0.05


Tree=358
num_leaves=3
num_cat=0
split_feature=25 4
split_gain=27.4524 1.11933
threshold=1.0000000180025095e-35 -0.46879594223394111
decision_type=2 2
left_child=1 -1
right_child=-2 -3
leaf_value=0.0019437214580454597 0.051454806525516088 -0.039985559009161217
leaf_weight=0.46510421484709041 14.052790492773054 20.083616917021573
leaf_count=7 100 1512
internal_value=-0.000637024 -0.0378252
internal_weight=34.6015 20.5487
internal_count=1619 1519
is_linear=0
shrinkage=0.05


Tree=359
num_leaves=4
num_cat=0
split_feature=26 12 3
split_gain=25.7801 1.21194 0.278608
threshold=1.0000000180025095e-35 0.49134678747263855 -0.92932628974446818
decision_type=2 2 2
left_child=1 -1 -3
right_child=-2 2 -4
leaf_value=-0.043742189382088598 0.051338805463691461 -0.014526282091787341 0.0014066678390224972
leaf_weight=14.791355783119799 13.791209295392035 5.4214828908443451 0.48599138110875983
leaf_count=1357 98 151 13
internal_value=0 -0.0355448 -0.00930635
internal_weight=34.49 20.6988 5.90747
internal_count=1619 1521 164
is_linear=0
shrinkage=0.05


Tree=360
num_leaves=3
num_cat=0
split_feature=53 12
split_gain=25.7401 1.17814
threshold=1.7857787510698466 0.49134678747263855
decision_type=2 2
left_child=1 -1
right_child=-2 -3
leaf_value=-0.043732491769974992 0.050490636988384879 -0.012638124797007586
leaf_weight=14.757905879989268 13.950239509344099 7.7960543334484091
leaf_count=1357 97 165
internal_value=-0.00114882 -0.034576
internal_weight=36.5042 22.554
internal_count=1619 1522
is_linear=0
shrinkage=0.05


Tree=361
num_leaves=3
num_cat=0
split_feature=46 3
split_gain=25.2406 0.300122
threshold=1.0000000180025095e-35 -1.2971169809373058
decision_type=2 2
left_child=1 -1
right_child=-2 -3
leaf_value=-0.018913448032782009 0.051149158566145471 -0.043237646662141194
leaf_weight=8.157399688847363 13.488558381795881 12.422685748897493
leaf_count=438 96 1085
internal_value=-0.000202056 -0.0354594
internal_weight=34.0686 20.5801
internal_count=1619 1523
is_linear=0
shrinkage=0.05


Tree=362
num_leaves=3
num_cat=0
split_feature=0 12
split_gain=23.8472 2.49469
threshold=1.7776565534620203 0.49134678747263855
decision_type=2 2
left_child=1 -1
right_child=-2 -3
leaf_value=-0.043817304584138295 0.051072453468387562 -0.003916002997109991
leaf_weight=15.118005667813124 13.207668557763098 7.3218853343278161
leaf_count=1360 94 165
internal_value=-0.000411789 -0.0322569
internal_weight=35.6476 22.4399
internal_count=1619 1525
is_linear=0
shrinkage=0.05


Tree=363
num_leaves=4
num_cat=0
split_feature=54 12 3
split_gain=20.2225 6.13532 0.283297
threshold=1.0000000180025095e-35 0.49134678747263855 -1.2971169809373058
decision_type=2 2 2
left_child=1 -1 -3
right_child=-2 2 -4
leaf_value=-0.04373297877293339 0.051359499406452916 0.0094234650280754229 -0.009991906506069511
leaf_weight=14.75756258983165 13.418475970625876 8.8372427523136121 0.78163246437907297
leaf_count=1359 95 143 22
internal_value=0.00255309 -0.0238007 0.00495937
internal_weight=37.7949 24.3764 9.61888
internal_count=1619 1524 165
is_linear=0
shrinkage=0.05


Tree=364
num_leaves=3
num_cat=0
split_feature=12 7
split_gain=17.9215 3.25534
threshold=0.49134678747263855 0.30009667238085086
decision_type=2 2
left_child=-1 -2
right_child=1 -3
leaf_value=-0.043645350655143328 0.023990482492923203 -0.031922018396370065
leaf_weight=14.52014096546918 37.949254065752029 1.9956541247665871
leaf_count=1454 143 22
internal_value=0.00249596 0.0202189
internal_weight=54.465 39.9449
internal_count=1619 165
is_linear=0
shrinkage=0.05


Tree=365
num_leaves=4
num_cat=0
split_feature=14 12 13
split_gain=23.5963 1.42941 0.381198
threshold=1.0000000180025095e-35 0.49134678747263855 -0.42655137547975513
decision_type=2 2 2
left_child=1 -1 -3
right_child=-2 2 -4
leaf_value=-0.04346838200486948 0.050909828180784114 -0.013123824378166699 0.016445316746657855
leaf_weight=13.716756123118104 13.184503331780432 5.2005026955157518 0.25849445536732574
leaf_count=1356 100 155 8
internal_value=0 -0.0345765 -0.00626594
internal_weight=32.3603 19.1758 5.459
internal_count=1619 1519 163
is_linear=0
shrinkage=0.05


Tree=366
num_leaves=4
num_cat=0
split_feature=38 4 12
split_gain=24.6343 1.04231 0.141727
threshold=1.0000000180025095e-35 -0.80312896480916507 0.49134678747263855
decision_type=2 2 2
left_child=1 -1 -3
right_child=-2 2 -4
leaf_value=0.00052377613854522596 0.050703183906164212 -0.043503799962076456 -0.013770629562578799
leaf_weight=0.47576184570789948 13.729048639535902 13.842428068630399 3.8579573761671773
leaf_count=5 104 1352 158
internal_value=0.000401393 -0.0365949 -0.0389531
internal_weight=31.9052 18.1761 17.7004
internal_count=1619 1515 1510
is_linear=0
shrinkage=0.05


Tree=367
num_leaves=2
num_cat=0
split_feature=12
split_gain=69.6214
threshold=1.0000000180025095e-35
decision_type=2
left_child=-1
right_child=-2
leaf_value=0.05103568856573068 -0.046709190732245075
leaf_weight=32.691345892846584 39.821967726573348
leaf_count=295 1324
internal_value=-0.00225251
internal_weight=72.5133
internal_count=1619
is_linear=0
shrinkage=0.05


Tree=368
num_leaves=3
num_cat=0
split_feature=42 4
split_gain=23.3726 2.29294
threshold=1.0000000180025095e-35 -0.35021576160556561
decision_type=2 2
left_child=1 -1
right_child=-2 -3
leaf_value=0.016277330799081627 0.050373517235931468 -0.041262867688415306
leaf_weight=1.0011595841497243 13.01245756447315 16.813476369716227
leaf_count=13 99 1507
internal_value=0 -0.0363081
internal_weight=30.8271 17.8146
internal_count=1619 1520
is_linear=0
shrinkage=0.05


Tree=369
num_leaves=3
num_cat=0
split_feature=34 4
split_gain=21.7325 4.04868
threshold=1.0000000180025095e-35 -0.35021576160556561
decision_type=2 2
left_child=1 -1
right_child=-2 -3
leaf_value=0.033650786350875039 0.050246404768451429 -0.041287287127787356
leaf_weight=1.2648142240941584 12.504162251949309 16.877769063226879
leaf_count=13 95 1511
internal_value=0 -0.0339595
internal_weight=30.6467 18.1426
internal_count=1619 1524
is_linear=0
shrinkage=0.05


Tree=370
num_leaves=4
num_cat=0
split_feature=21 12 4
split_gain=22.8174 2.3469 0.0773082
threshold=1.0000000180025095e-35 0.49134678747263855 -0.46879594223394111
decision_type=2 2 2
left_child=1 -1 -3
right_child=-2 2 -4
leaf_value=-0.043436073824363902 0.051770073186315019 0.0031543099164773243 -0.0056613457161443
leaf_weight=13.596802517771723 13.061240315437315 0.44421356543898571 5.3746702168136826
leaf_count=1355 100 7 157
internal_value=0.00104547 -0.0322655 -0.000835622
internal_weight=32.4769 19.4157 5.81888
internal_count=1619 1519 164
is_linear=0
shrinkage=0.05


Tree=371
num_leaves=4
num_cat=0
split_feature=30 4 12
split_gain=23.0621 1.02422 0.191658
threshold=1.0000000180025095e-35 -0.80312896480916507 0.49134678747263855
decision_type=2 2 2
left_child=1 -1 -3
right_child=-2 2 -4
leaf_value=0 0.050315625178294812 -0.043557108403136431 -0.013021689408451297
leaf_weight=0.49235590547323838 12.28451159596443 14.057536294683816 3.7783352974802247
leaf_count=5 93 1363 158
internal_value=-0.00070667 -0.0366602 -0.0389834
internal_weight=30.6127 18.3282 17.8359
internal_count=1619 1526 1521
is_linear=0
shrinkage=0.05


Tree=372
num_leaves=3
num_cat=0
split_feature=25 4
split_gain=24.8032 1.09319
threshold=1.0000000180025095e-35 -0.46879594223394111
decision_type=2 2
left_child=1 -1
right_child=-2 -3
leaf_value=0.0017141805790860049 0.050482617713092481 -0.039449212629284677
leaf_weight=0.46911171823740261 13.149648129940031 18.753309890627861
leaf_count=7 100 1512
internal_value=-0.000571814 -0.0371591
internal_weight=32.3721 19.2224
internal_count=1619 1519
is_linear=0
shrinkage=0.05


Tree=373
num_leaves=3
num_cat=0
split_feature=29 4
split_gain=23.255 0.890269
threshold=1.0000000180025095e-35 -0.37450290859423491
decision_type=2 2
left_child=1 -1
right_child=-2 -3
leaf_value=0 0.050357747418343528 -0.036920613018751811
leaf_weight=0.60256747156381862 12.906051889061926 18.842817919328809
leaf_count=10 98 1511
internal_value=0 -0.0347903
internal_weight=32.3514 19.4454
internal_count=1619 1521
is_linear=0
shrinkage=0.05


Tree=374
num_leaves=3
num_cat=0
split_feature=53 12
split_gain=23.1942 1.17032
threshold=1.7857787510698466 0.49134678747263855
decision_type=2 2
left_child=1 -1
right_child=-2 -3
leaf_value=-0.043437237741979579 0.049392970440656082 -0.012006443763994104
leaf_weight=13.609027823433282 13.091509640216826 7.6620336268097153
leaf_count=1357 97 165
internal_value=-0.00113386 -0.0337996
internal_weight=34.3626 21.2711
internal_count=1619 1522
is_linear=0
shrinkage=0.05


Tree=375
num_leaves=3
num_cat=0
split_feature=46 12
split_gain=22.7754 1.25015
threshold=1.0000000180025095e-35 0.49134678747263855
decision_type=2 2
left_child=1 -1
right_child=-2 -3
leaf_value=-0.043439003007489818 0.050164985238317118 -0.0082067221380509297
leaf_weight=13.612083702348178 12.619541943073271 5.7469401340931645
leaf_count=1358 96 165
internal_value=-0.000189051 -0.0347087
internal_weight=31.9786 19.359
internal_count=1619 1523
is_linear=0
shrinkage=0.05


Tree=376
num_leaves=3
num_cat=0
split_feature=0 12
split_gain=21.4461 2.43625
threshold=1.7776565534620203 0.49134678747263855
decision_type=2 2
left_child=1 -1
right_child=-2 -3
leaf_value=-0.043526855455030412 0.050085195156094081 -0.0035167117776107658
leaf_weight=13.941090990789236 12.357800930738447 7.2557293958961955
leaf_count=1360 94 165
internal_value=-0.000348395 -0.0313802
internal_weight=33.5546 21.1968
internal_count=1619 1525
is_linear=0
shrinkage=0.05


Tree=377
num_leaves=4
num_cat=0
split_feature=54 12 3
split_gain=18.062 5.85534 0.272813
threshold=1.0000000180025095e-35 0.49134678747263855 -1.2971169809373058
decision_type=2 2 2
left_child=1 -1 -3
right_child=-2 2 -4
leaf_value=-0.043438295174737275 0.050392890879446532 0.0092387639304845389 -0.0097370271202494984
leaf_weight=13.610607109032571 12.564379602670668 8.8649935536086542 0.77319896593689996
leaf_count=1359 95 143 22
internal_value=0.00260332 -0.0226882 0.00484542
internal_weight=35.8132 23.2488 9.63819
internal_count=1619 1524 165
is_linear=0
shrinkage=0.05


Tree=378
num_leaves=2
num_cat=0
split_feature=12
split_gain=15.9051
threshold=0.49134678747263855
decision_type=2
left_child=-1
right_child=-2
leaf_value=-0.043349152806246287 0.018624876251450453
leaf_weight=13.38911883253604 39.678806755691767
leaf_count=1454 165
internal_value=0.00226337
internal_weight=53.0679
internal_count=1619
is_linear=0
shrinkage=0.05


Tree=379
num_leaves=4
num_cat=0
split_feature=14 12 13
split_gain=21.2753 1.42198 0.360852
threshold=1.0000000180025095e-35 0.49134678747263855 -0.42655137547975513
decision_type=2 2 2
left_child=1 -1 -3
right_child=-2 2 -4
leaf_value=-0.043158300295294334 0.049987739984460849 -0.012542943695936027 0.016401673196289334
leaf_weight=12.650666764006024 12.33169451355934 5.1109687201678753 0.25884545408189197
leaf_count=1356 100 155 8
internal_value=0 -0.033773 -0.00561035
internal_weight=30.3522 18.0205 5.36981
internal_count=1619 1519 163
is_linear=0
shrinkage=0.05


Tree=380
num_leaves=4
num_cat=0
split_feature=41 4 12
split_gain=22.2587 1.01834 0.148246
threshold=1.0000000180025095e-35 -0.80312896480916507 0.49134678747263855
decision_type=2 2 2
left_child=1 -1 -3
right_child=-2 2 -4
leaf_value=0.00042841040040179793 0.049794160959462125 -0.043195429544859991 -0.01320201941822649
leaf_weight=0.47736235707998886 12.836120024323462 12.766086127143355 3.78833676688373
leaf_count=5 104 1352 158
internal_value=0.000323718 -0.0358908 -0.0383859
internal_weight=29.8679 17.0318 16.5544
internal_count=1619 1515 1510
is_linear=0
shrinkage=0.05


Tree=381
num_leaves=2
num_cat=0
split_feature=12
split_gain=63.6299
threshold=1.0000000180025095e-35
decision_type=2
left_child=-1
right_child=-2
leaf_value=0.05038258364057599 -0.046515252894738603
leaf_weight=30.407339572906494 36.932717407122254
leaf_count=295 1324
internal_value=-0.00234376
internal_weight=67.3401
internal_count=1619
is_linear=0
shrinkage=0.05


Tree=382
num_leaves=3
num_cat=0
split_feature=42 4
split_gain=21.0591 2.21395
threshold=1.0000000180025095e-35 -0.35021576160556561
decision_type=2 2
left_child=1 -1
right_child=-2 -3
leaf_value=0.015384953228888621 0.049456435819368372 -0.040809735193934882
leaf_weight=1.0199175719171805 12.161980390548704 15.62332549970597
leaf_count=13 99 1507
internal_value=0 -0.0355595
internal_weight=28.8052 16.6432
internal_count=1619 1520
is_linear=0
shrinkage=0.05


Tree=383
num_leaves=3
num_cat=0
split_feature=34 4
split_gain=19.5287 3.84303
threshold=1.0000000180025095e-35 -0.35021576160556561
decision_type=2 2
left_child=1 -1
right_child=-2 -3
leaf_value=0.031451954347357522 0.049320846776905965 -0.040836757792802596
leaf_weight=1.3074476867914242 11.688786484301088 15.685435116756707
leaf_count=13 95 1511
internal_value=0 -0.0331056
internal_weight=28.6817 16.9929
internal_count=1619 1524
is_linear=0
shrinkage=0.05


Tree=384
num_leaves=4
num_cat=0
split_feature=21 12 7
split_gain=20.5571 2.30111 0.122541
threshold=1.0000000180025095e-35 0.49134678747263855 0.56299799632434755
decision_type=2 2 2
left_child=1 -1 -3
right_child=-2 2 -4
leaf_value=-0.043124377230138677 0.050902889006813945 -0.0060701883278355649 0.010333356937097292
leaf_weight=12.541136457119142 12.20689010620117 5.4284406788647166 0.33182252384722222
leaf_count=1355 100 158 6
internal_value=0.00103312 -0.0313691 -0.00038197
internal_weight=30.5083 18.3014 5.76026
internal_count=1619 1519 164
is_linear=0
shrinkage=0.05


Tree=385
num_leaves=4
num_cat=0
split_feature=30 12 4
split_gain=20.8316 1.00321 0.194889
threshold=1.0000000180025095e-35 0.49134678747263855 -0.80312896480916507
decision_type=2 2 2
left_child=1 -1 -3
right_child=-2 2 -4
leaf_value=-0.04325207300539792 0.049387039706802707 0 -0.012461640675028522
leaf_weight=12.963611153420066 11.489991448819636 0.49377422034740437 3.7121315989643326
leaf_count=1363 93 5 158
internal_value=-0.00062427 -0.0359576 -0.00595517
internal_weight=28.6595 17.1695 4.20591
internal_count=1619 1526 163
is_linear=0
shrinkage=0.05


Tree=386
num_leaves=3
num_cat=0
split_feature=25 8
split_gain=22.4013 0.603246
threshold=1.0000000180025095e-35 -0.52456312342282096
decision_type=2 2
left_child=1 -1
right_child=-2 -3
leaf_value=0 0.049570920957459574 -0.03860155662306583
leaf_weight=0.98293126933276909 12.290673173964022 17.008258544839922
leaf_count=21 100 1498
internal_value=-0.00049181 -0.0364598
internal_weight=30.2819 17.9912
internal_count=1619 1519
is_linear=0
shrinkage=0.05


Tree=387
num_leaves=4
num_cat=0
split_feature=26 12 2
split_gain=20.9352 1.27827 0.350501
threshold=1.0000000180025095e-35 0.49134678747263855 -0.94246420894849881
decision_type=2 2 2
left_child=1 -1 -3
right_child=-2 2 -4
leaf_value=-0.043162093651863014 0.049433714858612081 -0.013633509585154163 0.0121302873820482
leaf_weight=12.662914632819598 12.060460574924944 5.2813079413026571 0.31059259362518687
leaf_count=1357 98 156 8
internal_value=0 -0.0339713 -0.00722054
internal_weight=30.3153 18.2548 5.5919
internal_count=1619 1521 164
is_linear=0
shrinkage=0.05


Tree=388
num_leaves=3
num_cat=0
split_feature=53 12
split_gain=20.8938 1.15866
threshold=1.7857787510698466 0.49134678747263855
decision_type=2 2
left_child=1 -1
right_child=-2 -3
leaf_value=-0.043124802005411772 0.04835166681521666 -0.011385392495858241
leaf_weight=12.549191338941457 12.273236900568007 7.5341087859123936
leaf_count=1357 97 165
internal_value=-0.00111418 -0.0329984
internal_weight=32.3565 20.0833
internal_count=1619 1522
is_linear=0
shrinkage=0.05


Tree=389
num_leaves=3
num_cat=0
split_feature=46 12
split_gain=20.5483 1.23169
threshold=1.0000000180025095e-35 0.49134678747263855
decision_type=2 2
left_child=1 -1
right_child=-2 -3
leaf_value=-0.043127124302646008 0.049240365561001961 -0.0076949688979399238
leaf_weight=12.553568343631929 11.793254718184469 5.6707352660596362
leaf_count=1358 96 165
internal_value=-0.000167842 -0.033937
internal_weight=30.0176 18.2243
internal_count=1619 1523
is_linear=0
shrinkage=0.05


Tree=390
num_leaves=3
num_cat=0
split_feature=0 12
split_gain=19.2808 2.37358
threshold=1.7776565534620203 0.49134678747263855
decision_type=2 2
left_child=1 -1
right_child=-2 -3
leaf_value=-0.043219718351767925 0.049156732166243555 -0.0031279838884316624
leaf_weight=12.855411712080246 11.549437738955019 7.1923090554773799
leaf_count=1360 94 165
internal_value=-0.000279388 -0.0304792
internal_weight=31.5972 20.0477
internal_count=1619 1525
is_linear=0
shrinkage=0.05


Tree=391
num_leaves=4
num_cat=0
split_feature=54 12 3
split_gain=16.1298 5.57658 0.261824
threshold=1.0000000180025095e-35 0.49134678747263855 -1.2971169809373058
decision_type=2 2 2
left_child=1 -1 -3
right_child=-2 2 -4
leaf_value=-0.043126502165813742 0.049486989514778368 0.0090563009909959431 -0.0094336290125545813
leaf_weight=12.55246991571039 11.752012245357035 8.8925595022737962 0.7633993476629265
leaf_count=1359 95 143 22
internal_value=0.00265671 -0.0215675 0.00474041
internal_weight=33.9604 22.2084 9.65596
internal_count=1619 1524 165
is_linear=0
shrinkage=0.05


Tree=392
num_leaves=2
num_cat=0
split_feature=12
split_gain=14.1602
threshold=0.49134678747263855
decision_type=2
left_child=-1
right_child=-2
leaf_value=-0.043035532832787569 0.017204062898937542
leaf_weight=12.346836031880228 39.50275881960988
leaf_count=1454 165
internal_value=0.00210774
internal_weight=51.8496
internal_count=1619
is_linear=0
shrinkage=0.05


Tree=393
num_leaves=4
num_cat=0
split_feature=14 12 13
split_gain=19.1829 1.40971 0.342734
threshold=1.0000000180025095e-35 0.49134678747263855 -0.42655137547975513
decision_type=2 2 2
left_child=1 -1 -3
right_child=-2 2 -4
leaf_value=-0.042829975301948965 0.049129455553043266 -0.011991893013045344 0.016458130022141641
leaf_weight=11.668191686738288 11.521637901663778 5.0287803746759892 0.25806652568280597
leaf_count=1356 100 155 8
internal_value=0 -0.0329411 -0.00498098
internal_weight=28.4767 16.955 5.28685
internal_count=1619 1519 163
is_linear=0
shrinkage=0.05


Tree=394
num_leaves=4
num_cat=0
split_feature=38 4 12
split_gain=20.1066 0.996451 0.154023
threshold=1.0000000180025095e-35 -0.80312896480916507 0.49134678747263855
decision_type=2 2 2
left_child=1 -1 -3
right_child=-2 2 -4
leaf_value=0.0004820943512588121 0.048942223141728934 -0.042868988674400477 -0.012632168400231193
leaf_weight=0.47646172344684679 11.988254174590109 11.774178139865397 3.7216821778565654
leaf_count=5 104 1352 158
internal_value=0.000251684 -0.0351523 -0.0377917
internal_weight=27.9606 15.9723 15.4959
internal_count=1619 1515 1510
is_linear=0
shrinkage=0.05


Tree=395
num_leaves=2
num_cat=0
split_feature=12
split_gain=58.1701
threshold=1.0000000180025095e-35
decision_type=2
left_child=-1
right_child=-2
leaf_value=0.049770884022156028 -0.046323370558465166
leaf_weight=28.247699379920959 34.260799517855048
leaf_count=295 1324
internal_value=-0.00245108
internal_weight=62.5085
internal_count=1619
is_linear=0
shrinkage=0.05


Tree=396
num_leaves=3
num_cat=0
split_feature=45 4
split_gain=18.9588 2.14837
threshold=1.0000000180025095e-35 -0.35021576160556561
decision_type=2 2
left_child=1 -1
right_child=-2 -3
leaf_value=0.014864614488440548 0.048589496881813132 -0.040333630279677929
leaf_weight=1.0310041215270764 11.35319200158119 14.526404853910208
leaf_count=13 99 1507
internal_value=0 -0.0347697
internal_weight=26.9106 15.5574
internal_count=1619 1520
is_linear=0
shrinkage=0.05


Tree=397
num_leaves=3
num_cat=0
split_feature=34 4
split_gain=17.5308 3.67158
threshold=1.0000000180025095e-35 -0.35021576160556561
decision_type=2 2
left_child=1 -1
right_child=-2 -3
leaf_value=0.029843907363787121 0.048445957119687216 -0.040363673867069932
leaf_weight=1.3397224806249148 10.913571320474146 14.586737470235676
leaf_count=13 95 1511
internal_value=0 -0.0322073
internal_weight=26.84 15.9265
internal_count=1619 1524
is_linear=0
shrinkage=0.05


Tree=398
num_leaves=4
num_cat=0
split_feature=21 12 7
split_gain=18.514 2.25217 0.109609
threshold=1.0000000180025095e-35 0.49134678747263855 0.56299799632434755
decision_type=2 2 2
left_child=1 -1 -3
right_child=-2 2 -4
leaf_value=-0.042794327314392977 0.050094017990224074 -0.0056394790344923128 0.010238743295586527
leaf_weight=11.568259288556879 11.393079072237013 5.3704303894191971 0.3329738825559615
leaf_count=1355 100 158 6
internal_value=0.00101978 -0.0304434 0
internal_weight=28.6647 17.2717 5.7034
internal_count=1619 1519 164
is_linear=0
shrinkage=0.05


Tree=399
num_leaves=4
num_cat=0
split_feature=30 12 13
split_gain=18.8114 0.999466 0.133775
threshold=1.0000000180025095e-35 0.49134678747263855 -0.64174629205212519
decision_type=2 2 2
left_child=1 -1 -3
right_child=-2 2 -4
leaf_value=-0.042929207997241772 0.048515646591446547 -0.01078970716632807 0
leaf_weight=11.955497708171611 10.736129619181154 3.5166495982557535 0.62503483146428962
leaf_count=1363 93 151 12
internal_value=-0.000528254 -0.0352209 -0.00535633
internal_weight=26.8333 16.0972 4.14168
internal_count=1619 1526 163
is_linear=0
shrinkage=0.05


Tree=400
num_leaves=3
num_cat=0
split_feature=25 8
split_gain=20.2398 0.590829
threshold=1.0000000180025095e-35 -0.52456312342282096
decision_type=2 2
left_child=1 -1
right_child=-2 -3
leaf_value=0 0.048708446692826562 -0.037996771080665764
leaf_weight=0.97439134120941417 11.473039381206034 15.89898124150932
leaf_count=21 100 1498
internal_value=-0.000445007 -0.0357458
internal_weight=28.3464 16.8734
internal_count=1619 1519
is_linear=0
shrinkage=0.05


Tree=401
num_leaves=4
num_cat=0
split_feature=26 12 3
split_gain=18.8655 1.27007 0.225835
threshold=1.0000000180025095e-35 0.49134678747263855 -0.92932628974446818
decision_type=2 2 2
left_child=1 -1 -3
right_child=-2 2 -4
leaf_value=-0.042833839493762488 0.048563510073217575 -0.012124898547329368 0.0029469316823039831
leaf_weight=11.679016751237219 11.260014824569224 5.0423892922699451 0.45668206736445327
leaf_count=1357 98 151 13
internal_value=0 -0.0331515 -0.00656462
internal_weight=28.4381 17.1781 5.49907
internal_count=1619 1521 164
is_linear=0
shrinkage=0.05


Tree=402
num_leaves=3
num_cat=0
split_feature=53 12
split_gain=18.8138 1.13986
threshold=1.7857787510698466 0.49134678747263855
decision_type=2 2
left_child=1 -1
right_child=-2 -3
leaf_value=-0.042793859973521579 0.047350949698364925 -0.010809676964603382
leaf_weight=11.572591008618479 11.49235028028488 7.4187252987176171
leaf_count=1357 97 165
internal_value=-0.0011097 -0.0321801
internal_weight=30.4837 18.9913
internal_count=1619 1522
is_linear=0
shrinkage=0.05


Tree=403
num_leaves=3
num_cat=0
split_feature=46 12
split_gain=18.532 1.20757
threshold=1.0000000180025095e-35 0.49134678747263855
decision_type=2 2
left_child=1 -1
right_child=-2 -3
leaf_value=-0.042796822323558477 0.048360006250649616 -0.0072229086149645421
leaf_weight=11.578135374933487 11.006124481558798 5.6020327107980838
leaf_count=1358 96 165
internal_value=-0.000158403 -0.0331434
internal_weight=28.1863 17.1802
internal_count=1619 1523
is_linear=0
shrinkage=0.05


Tree=404
num_leaves=3
num_cat=0
split_feature=0 12
split_gain=17.3274 2.30208
threshold=1.7776565534620203 0.49134678747263855
decision_type=2 2
left_child=1 -1
right_child=-2 -3
leaf_value=-0.04289456532109228 0.048272154532605957 -0.0027910431126733177
leaf_weight=11.854977457784122 10.779413901269434 7.1380377355962983
leaf_count=1360 94 165
internal_value=-0.000224556 -0.0295634
internal_weight=29.7724 18.993
internal_count=1619 1525
is_linear=0
shrinkage=0.05


Tree=405
num_leaves=4
num_cat=0
split_feature=54 12 3
split_gain=14.4047 5.29091 0.246097
threshold=1.0000000180025095e-35 0.49134678747263855 -1.2971169809373058
decision_type=2 2 2
left_child=1 -1 -3
right_child=-2 2 -4
leaf_value=-0.042796295560705695 0.048627150079545815 0.0087906231500196157 -0.0089746031924551432
leaf_weight=11.577379490248859 10.978170245885847 8.9329692460596544 0.74907838553190309
leaf_count=1359 95 143 22
internal_value=0.0026879 -0.020458 0.00458765
internal_weight=32.2376 21.2594 9.68205
internal_count=1619 1524 165
is_linear=0
shrinkage=0.05


Tree=406
num_leaves=3
num_cat=0
split_feature=3 12
split_gain=12.8226 2.56062
threshold=-1.2971169809373058 0.49134678747263855
decision_type=2 2
left_child=1 -1
right_child=-2 -3
leaf_value=-0.02857612904593277 -0.043597078725866524 0.019416947485327865
leaf_weight=2.1614965102635315 11.182418964337556 37.36119470000267
leaf_count=295 1181 143
internal_value=0.00194852 0.0158434
internal_weight=50.7051 39.5227
internal_count=1619 438
is_linear=0
shrinkage=0.05


Tree=407
num_leaves=4
num_cat=0
split_feature=14 12 13
split_gain=17.2913 1.39304 0.325241
threshold=1.0000000180025095e-35 0.49134678747263855 -0.42655137547975513
decision_type=2 2 2
left_child=1 -1 -3
right_child=-2 2 -4
leaf_value=-0.042481826187110855 0.048314116058317293 -0.011458930078793964 0.016510742522363234
leaf_weight=10.762958784122022 10.756463520228861 4.9514421131461859 0.25732913427054782
leaf_count=1356 100 155 8
internal_value=0 -0.0320813 -0.00437285
internal_weight=26.7282 15.9717 5.20877
internal_count=1619 1519 163
is_linear=0
shrinkage=0.05


Tree=408
num_leaves=4
num_cat=0
split_feature=38 4 12
split_gain=18.1583 0.973615 0.157887
threshold=1.0000000180025095e-35 -0.80312896480916507 0.49134678747263855
decision_type=2 2 2
left_child=1 -1 -3
right_child=-2 2 -4
leaf_value=0.00052664198381874034 0.048132756505802121 -0.0425228970965753 -0.01207721669156113
leaf_weight=0.47571623325347978 11.187446594238279 10.860264212358741 3.6586903808638462
leaf_count=5 104 1352 158
internal_value=0.000178626 -0.0343849 -0.0371728
internal_weight=26.1821 14.9947 14.519
internal_count=1619 1515 1510
is_linear=0
shrinkage=0.05


Tree=409
num_leaves=2
num_cat=0
split_feature=12
split_gain=53.2023
threshold=1.0000000180025095e-35
decision_type=2
left_child=-1
right_child=-2
leaf_value=0.049197576599651384 -0.04613186455480428
leaf_weight=26.222258239984512 31.786569943651557
leaf_count=295 1324
internal_value=-0.00255977
internal_weight=58.0088
internal_count=1619
is_linear=0
shrinkage=0.05


Tree=410
num_leaves=3
num_cat=0
split_feature=42 4
split_gain=17.0578 2.08231
threshold=1.0000000180025095e-35 -0.35021576160556561
decision_type=2 2
left_child=1 -1
right_child=-2 -3
leaf_value=0.014372644570366331 0.04776379437161471 -0.03983199609946439
leaf_weight=1.0416018795222051 10.589458629488943 13.512858359143138
leaf_count=13 99 1507
internal_value=0 -0.0339436
internal_weight=25.1439 14.5545
internal_count=1619 1520
is_linear=0
shrinkage=0.05


Tree=411
num_leaves=3
num_cat=0
split_feature=34 4
split_gain=15.7263 3.50504
threshold=1.0000000180025095e-35 -0.35021576160556561
decision_type=2 2
left_child=1 -1
right_child=-2 -3
leaf_value=0.028346527578534581 0.047610912412924478 -0.039865321289236248
leaf_weight=1.3706163428723819 10.181304484605787 13.571454218588769
leaf_count=13 95 1511
internal_value=2.37707e-05 -0.0312741
internal_weight=25.1234 14.9421
internal_count=1619 1524
is_linear=0
shrinkage=0.05


Tree=412
num_leaves=4
num_cat=0
split_feature=21 12 7
split_gain=16.6712 2.19743 0.0981689
threshold=1.0000000180025095e-35 0.49134678747263855 0.56299799632434755
decision_type=2 2 2
left_child=1 -1 -3
right_child=-2 2 -4
leaf_value=-0.042444346197817076 0.049331165080062973 -0.0052326577955257372 0.01016499697681709
leaf_weight=10.671852928120648 10.624854907393454 5.3166046738624564 0.33385140821337689
leaf_count=1355 100 158 6
internal_value=0.00100775 -0.0294931 0
internal_weight=26.9472 16.3223 5.65046
internal_count=1619 1519 164
is_linear=0
shrinkage=0.05


Tree=413
num_leaves=4
num_cat=0
split_feature=33 12 4
split_gain=16.9853 0.988843 0.171398
threshold=1.0000000180025095e-35 0.49134678747263855 -0.80312896480916507
decision_type=2 2 2
left_child=1 -1 -3
right_child=-2 2 -4
leaf_value=-0.042586934922202252 0.04768343359424411 0 -0.011431454549397101
leaf_weight=11.026652821339669 10.023797474801539 0.48984285444021214 3.5965377725660792
leaf_count=1363 93 5 158
internal_value=-0.000437237 -0.0344597 -0.00482633
internal_weight=25.1368 15.113 4.08638
internal_count=1619 1526 163
is_linear=0
shrinkage=0.05


Tree=414
num_leaves=4
num_cat=0
split_feature=25 8 12
split_gain=18.2792 0.57769 0.044874
threshold=1.0000000180025095e-35 -0.52456312342282096 0.49134678747263855
decision_type=2 2 2
left_child=1 -1 -3
right_child=-2 2 -4
leaf_value=0 0.047887294056448426 -0.042544926204631787 -0.014295955775549105
leaf_weight=0.96592370606958766 10.700841166079043 10.914949799887838 3.9575541689991942
leaf_count=21 100 1355 143
internal_value=-0.000388104 -0.0350017 -0.0373637
internal_weight=26.5393 15.8384 14.8725
internal_count=1619 1519 1498
is_linear=0
shrinkage=0.05


Tree=415
num_leaves=4
num_cat=0
split_feature=26 12 2
split_gain=16.9968 1.25515 0.318359
threshold=1.0000000180025095e-35 0.49134678747263855 -0.94246420894849881
decision_type=2 2 2
left_child=1 -1 -3
right_child=-2 2 -4
leaf_value=-0.04248575528262738 0.047733770657652323 -0.012529881352348164 0.012461173610438579
leaf_weight=10.7724946057424 10.503902979195116 5.109553461894393 0.30606712028384109
leaf_count=1357 98 156 8
internal_value=0 -0.0323082 -0.00595753
internal_weight=26.692 16.1881 5.41562
internal_count=1619 1521 164
is_linear=0
shrinkage=0.05


Tree=416
num_leaves=3
num_cat=0
split_feature=53 12
split_gain=16.9343 1.11659
threshold=1.7857787510698466 0.49134678747263855
decision_type=2 2
left_child=1 -1
right_child=-2 -3
leaf_value=-0.042442812448557625 0.046387058656245851 -0.01025535349897669
leaf_weight=10.672865345142787 10.753496944904326 7.3105039503425351
leaf_count=1357 97 165
internal_value=-0.00110445 -0.0313421
internal_weight=28.7369 17.9834
internal_count=1619 1522
is_linear=0
shrinkage=0.05


Tree=417
num_leaves=3
num_cat=0
split_feature=46 12
split_gain=16.7091 1.17958
threshold=1.0000000180025095e-35 0.49134678747263855
decision_type=2 2
left_child=1 -1
right_child=-2 -3
leaf_value=-0.042446507470861462 0.047519613004500756 -0.0067720903607775404
leaf_weight=10.679435274563735 10.26264478266239 5.5377642018720499
leaf_count=1358 96 165
internal_value=-0.000147501 -0.032327
internal_weight=26.4798 16.2172
internal_count=1619 1523
is_linear=0
shrinkage=0.05


Tree=418
num_leaves=3
num_cat=0
split_feature=0 12
split_gain=15.5665 2.22579
threshold=1.7776565534620203 0.49134678747263855
decision_type=2 2
left_child=1 -1
right_child=-2 -3
leaf_value=-0.042549805313597894 0.047427164800984065 -0.0024756083127282884
leaf_weight=10.933271848130977 10.05209645628929 7.0878657391294828
leaf_count=1360 94 165
internal_value=-0.000168411 -0.0286304
internal_weight=28.0732 18.0211
internal_count=1619 1525
is_linear=0
shrinkage=0.05


Tree=419
num_leaves=4
num_cat=0
split_feature=54 12 3
split_gain=12.8636 5.00713 0.231247
threshold=1.0000000180025095e-35 0.49134678747263855 -1.2971169809373058
decision_type=2 2 2
left_child=1 -1 -3
right_child=-2 2 -4
leaf_value=-0.042446091322012318 0.047809158429449626 0.0085279529021654588 -0.0085253836273320015
leaf_weight=10.678988646250222 10.247250929474829 8.9732410162687284 0.73535204119980413
leaf_count=1359 95 143 22
internal_value=0.00271619 -0.0193536 0.00443308
internal_weight=30.6348 20.3876 9.70859
internal_count=1619 1524 165
is_linear=0
shrinkage=0.05


Tree=420
num_leaves=3
num_cat=0
split_feature=3 12
split_gain=10.695 2.00454
threshold=-1.2971169809373058 0.49134678747263855
decision_type=2 2
left_child=1 -1
right_child=-2 -3
leaf_value=-0.027281019883608117 -0.043297723140956645 0.016354450399449355
leaf_weight=1.9864203752949823 10.228260264731942 36.108532071113586
leaf_count=289 1150 139
internal_value=0.000335314 0.0131074
internal_weight=48.3232 38.095
internal_count=1578 428
is_linear=0
shrinkage=0.05


Tree=421
num_leaves=3
num_cat=0
split_feature=14 4
split_gain=16.4036 1.12849
threshold=1.0000000180025095e-35 -0.80312896480916507
decision_type=2 2
left_child=1 -1
right_child=-2 -3
leaf_value=0.0085549694532839303 0.047438301292775639 -0.037134847611849424
leaf_weight=0.35778450965881248 9.836404621601103 14.371206583455207
leaf_count=6 98 1474
internal_value=-0.000181932 -0.0341389
internal_weight=24.5654 14.729
internal_count=1578 1480
is_linear=0
shrinkage=0.05


Tree=422
num_leaves=4
num_cat=0
split_feature=38 4 12
split_gain=13.8646 2.1212 0.358329
threshold=1.0000000180025095e-35 -0.46879594223394111 0.49134678747263855
decision_type=2 2 2
left_child=1 -1 -3
right_child=-2 2 -4
leaf_value=0.022540405884309681 0.046867431097282752 -0.042078399708736523 -0.0078529197536953681
leaf_weight=0.86069969087839027 9.3445069864392263 9.8438796224072593 3.2382768113166085
leaf_count=9 93 1327 149
internal_value=0.000102878 -0.0300453 -0.0360481
internal_weight=23.2874 13.9429 13.0822
internal_count=1578 1485 1476
is_linear=0
shrinkage=0.05


Tree=423
num_leaves=2
num_cat=0
split_feature=12
split_gain=47.6523
threshold=1.0000000180025095e-35
decision_type=2
left_child=-1
right_child=-2
leaf_value=0.048648563632680185 -0.045902371446689877
leaf_weight=23.918273732066154 28.763953890651464
leaf_count=289 1289
internal_value=-0.0024514
internal_weight=52.6822
internal_count=1578
is_linear=0
shrinkage=0.05


Tree=424
num_leaves=3
num_cat=0
split_feature=42 4
split_gain=16.1432 2.07832
threshold=1.0000000180025095e-35 -0.35021576160556561
decision_type=2 2
left_child=1 -1
right_child=-2 -3
leaf_value=0.0092349677711562016 0.046774461176112211 -0.043031389773833764
leaf_weight=1.1699692513793696 9.4710655659437162 12.249492341186853
leaf_count=14 95 1469
internal_value=-0.000718883 -0.0365105
internal_weight=22.8905 13.4195
internal_count=1578 1483
is_linear=0
shrinkage=0.05


Tree=425
num_leaves=3
num_cat=0
split_feature=34 4
split_gain=14.1692 2.93331
threshold=1.0000000180025095e-35 -0.35021576160556561
decision_type=2 2
left_child=1 -1
right_child=-2 -3
leaf_value=0.020231974482648518 0.046895320942616718 -0.039120424411439113
leaf_weight=1.5696777850389469 9.6852104812860471 12.259565619286152
leaf_count=14 97 1467
internal_value=0.000847521 -0.0301681
internal_weight=23.5145 13.8292
internal_count=1578 1481
is_linear=0
shrinkage=0.05


Tree=426
num_leaves=4
num_cat=0
split_feature=18 12 7
split_gain=13.0089 2.15063 0.0778836
threshold=1.0000000180025095e-35 0.49134678747263855 0.56299799632434755
decision_type=2 2 2
left_child=1 -1 -3
right_child=-2 2 -4
leaf_value=-0.041982713448092582 0.046204830331402096 -0.0044389982252869813 0.0099116347121650881
leaf_weight=9.6497432924807089 8.8726028725504857 5.2079112324863663 0.3370916936546563
leaf_count=1327 91 154 6
internal_value=0 -0.0282358 0
internal_weight=24.0673 15.1947 5.545
internal_count=1578 1487 160
is_linear=0
shrinkage=0.05


Tree=427
num_leaves=4
num_cat=0
split_feature=30 4 12
split_gain=14.1956 2.81841 0.226918
threshold=1.0000000180025095e-35 -0.80312896480916507 0.49134678747263855
decision_type=2 2 2
left_child=1 -1 -3
right_child=-2 2 -4
leaf_value=0.040625670762400819 0.04689539925232087 -0.042092194487826418 -0.010227754438024102
leaf_weight=0.59226185828447242 9.7471312135457975 9.869130617007615 3.4620641050860277
leaf_count=6 98 1321 153
internal_value=0.000948868 -0.0299934 -0.0362935
internal_weight=23.6706 13.9235 13.3312
internal_count=1578 1480 1474
is_linear=0
shrinkage=0.05


Tree=428
num_leaves=4
num_cat=0
split_feature=22 12 3
split_gain=14.7718 1.60526 0.0378192
threshold=-0.24952543393744944 0.49134678747263855 -1.1317619565702162
decision_type=2 2 2
left_child=1 -1 -3
right_child=-2 2 -4
leaf_value=-0.042061536954221462 0.047005773270489992 -0.0046360806831685425 0
leaf_weight=9.8063194267451781 9.775634713470934 4.105070848017931 0.68060911074280639
leaf_count=1321 98 144 15
internal_value=0 -0.0307009 -0.000915489
internal_weight=24.3676 14.592 4.78568
internal_count=1578 1480 159
is_linear=0
shrinkage=0.05


Tree=429
num_leaves=5
num_cat=0
split_feature=26 12 2 3
split_gain=13.8876 2.38489 0.0749095 0.0115365
threshold=1.0000000180025095e-35 0.49134678747263855 -0.94246420894849881 -1.2971169809373058
decision_type=2 2 2 2
left_child=1 -1 3 -3
right_child=-2 2 -4 -5
leaf_value=-0.041991421434935977 0.046832229160763683 0 0.013969885000458766 -0.0072755494312466132
leaf_weight=9.6626823702827114 9.8969760388135892 4.2850134279578924 0.28593977726995845 0.68512406013905991
leaf_count=1318 100 139 7 14
internal_value=0.00128504 -0.027848 0 -0.00248913
internal_weight=24.8157 14.9188 5.25608 4.97014
internal_count=1578 1478 160 153
is_linear=0
shrinkage=0.05


Tree=430
num_leaves=4
num_cat=0
split_feature=53 12 3
split_gain=12.9875 2.07637 0.0217005
threshold=1.7857787510698466 0.49134678747263855 -1.2971169809373058
decision_type=2 2 2
left_child=1 -1 -3
right_child=-2 2 -4
leaf_value=-0.041992640070278905 0.044929038285555251 0 -0.0086436258512662557
leaf_weight=9.6688486700877601 9.2546942085027677 6.306173350661993 0.73797142412513395
leaf_count=1329 89 139 21
internal_value=-0.000216597 -0.027247 -0.00225142
internal_weight=25.9677 16.713 7.04414
internal_count=1578 1489 160
is_linear=0
shrinkage=0.05


Tree=431
num_leaves=3
num_cat=0
split_feature=47 12
split_gain=14.0667 1.19876
threshold=1.0000000180025095e-35 0.49134678747263855
decision_type=2 2
left_child=1 -1
right_child=-2 -3
leaf_value=-0.041981832924560127 0.046340772564259815 -0.0055247295328232507
leaf_weight=9.649405718315391 8.8695869445800781 5.3611496621742853
leaf_count=1329 89 160
internal_value=-0.000995811 -0.0311705
internal_weight=23.8801 15.0106
internal_count=1578 1489
is_linear=0
shrinkage=0.05


Tree=432
num_leaves=4
num_cat=0
split_feature=0 12 3
split_gain=13.7574 2.22025 0.0251508
threshold=1.7776565534620203 0.49134678747263855 -1.2971169809373058
decision_type=2 2 2
left_child=1 -1 -3
right_child=-2 2 -4
leaf_value=-0.042066764961050274 0.046653934581180001 0 -0.0077599241675277101
leaf_weight=9.8189842905849272 9.4574792310595495 6.1675976775586605 0.71232409775257011
leaf_count=1323 95 139 21
internal_value=0 -0.0271954 -0.0011713
internal_weight=26.1564 16.6989 6.87992
internal_count=1578 1483 160
is_linear=0
shrinkage=0.05


Tree=433
num_leaves=3
num_cat=0
split_feature=54 3
split_gain=12.0239 2.95081
threshold=1.0000000180025095e-35 -1.2971169809373058
decision_type=2 2
left_child=1 -1
right_child=-2 -3
leaf_value=0 0.047040324565851055 -0.041448840578168167
leaf_weight=10.711247516330333 9.5703460425138456 8.3821943006478268
leaf_count=428 95 1055
internal_value=0.00191037 -0.0200577
internal_weight=28.6638 19.0934
internal_count=1578 1483
is_linear=0
shrinkage=0.05


Tree=434
num_leaves=3
num_cat=0
split_feature=3 12
split_gain=9.63993 1.72733
threshold=-1.2971169809373058 0.49134678747263855
decision_type=2 2
left_child=1 -1
right_child=-2 -3
leaf_value=-0.02617857266918007 -0.042941841316626976 0.015138190232031792
leaf_weight=1.8548997971229244 9.5121503970585746 35.909637123346329
leaf_count=289 1150 139
internal_value=0.000200682 0.0121399
internal_weight=47.2767 37.7645
internal_count=1578 428
is_linear=0
shrinkage=0.05


Tree=435
num_leaves=3
num_cat=0
split_feature=14 4
split_gain=14.7876 1.09747
threshold=1.0000000180025095e-35 -0.80312896480916507
decision_type=2 2
left_child=1 -1
right_child=-2 -3
leaf_value=0.0083293372470856011 0.046658090381506728 -0.036476242634662689
leaf_weight=0.36095759645104308 9.1677364483475667 13.484605440869929
leaf_count=6 98 1474
internal_value=-7.89568e-05 -0.0333159
internal_weight=23.0133 13.8456
internal_count=1578 1480
is_linear=0
shrinkage=0.05


Tree=436
num_leaves=4
num_cat=0
split_feature=38 12 4
split_gain=12.448 2.03582 0.33427
threshold=1.0000000180025095e-35 0.49134678747263855 -0.46879594223394111
decision_type=2 2 2
left_child=1 -1 -3
right_child=-2 2 -4
leaf_value=-0.041684512297501003 0.046076913434426083 0.021376815250486604 -0.0074389529148413541
leaf_weight=9.0858595520257968 8.7098899036645872 0.88064731657505024 3.2002279339358202
leaf_count=1327 93 9 149
internal_value=7.90754e-05 -0.0290921 0
internal_weight=21.8766 13.1667 4.08088
internal_count=1578 1485 158
is_linear=0
shrinkage=0.05


Tree=437
num_leaves=2
num_cat=0
split_feature=12
split_gain=43.7235
threshold=1.0000000180025095e-35
decision_type=2
left_child=-1
right_child=-2
leaf_value=0.048154558518337172 -0.045705985231632905
leaf_weight=22.259884275496006 26.706388356164098
leaf_count=289 1289
internal_value=-0.00247649
internal_weight=48.9663
internal_count=1578
is_linear=0
shrinkage=0.05


Tree=438
num_leaves=3
num_cat=0
split_feature=42 4
split_gain=14.5791 2.01909
threshold=1.0000000180025095e-35 -0.35021576160556561
decision_type=2 2
left_child=1 -1
right_child=-2 -3
leaf_value=0.0086588289515679828 0.045990238551849416 -0.042723732111722229
leaf_weight=1.1845971383154381 8.823274761438368 11.365344964433463
leaf_count=14 95 1469
internal_value=-0.00062019 -0.0358121
internal_weight=21.3732 12.5499
internal_count=1578 1483
is_linear=0
shrinkage=0.05


Tree=439
num_leaves=3
num_cat=0
split_feature=34 8
split_gain=12.703 2.65544
threshold=1.0000000180025095e-35 -0.52456312342282096
decision_type=2 2
left_child=1 -1
right_child=-2 -3
leaf_value=0.016659731204796257 0.046114107666552023 -0.038502198752380631
leaf_weight=1.6776099018752564 9.0203748494386655 11.347318348009141
leaf_count=20 97 1461
internal_value=0.000849586 -0.0291957
internal_weight=22.0453 13.0249
internal_count=1578 1481
is_linear=0
shrinkage=0.05


Tree=440
num_leaves=4
num_cat=0
split_feature=18 12 3
split_gain=11.653 2.08054 0.0714255
threshold=1.0000000180025095e-35 0.49134678747263855 -1.1754222435261918
decision_type=2 2 2
left_child=1 -1 -3
right_child=-2 2 -4
leaf_value=-0.041582939670184359 0.045411410677380366 6.8195970189718921e-05 -0.011624497145726833
leaf_weight=8.9071125602349657 8.2613209858536703 4.6821331158280373 0.82125417329370876
leaf_count=1327 91 142 18
internal_value=0 -0.0272413 0
internal_weight=22.6718 14.4105 5.50339
internal_count=1578 1487 160
is_linear=0
shrinkage=0.05


Tree=441
num_leaves=4
num_cat=0
split_feature=30 4 12
split_gain=12.7381 2.68045 0.221993
threshold=1.0000000180025095e-35 -0.80312896480916507 0.49134678747263855
decision_type=2 2 2
left_child=1 -1 -3
right_child=-2 2 -4
leaf_value=0.038652197339587045 0.04611890702471233 -0.041698913073760648 -0.0097759774835952801
leaf_weight=0.61441256105899711 9.0785594657063466 9.1090854988433438 3.4156101122498503
leaf_count=6 98 1321 153
internal_value=0.000918221 -0.0290263 -0.0356221
internal_weight=22.2177 13.1391 12.5247
internal_count=1578 1480 1474
is_linear=0
shrinkage=0.05


Tree=442
num_leaves=4
num_cat=0
split_feature=22 12 4
split_gain=13.2914 1.55642 0.0437297
threshold=-0.24952543393744944 0.49134678747263855 -0.46879594223394111
decision_type=2 2 2
left_child=1 -1 -3
right_child=-2 2 -4
leaf_value=-0.041666479822358313 0.046233145089715461 0 -0.0048941378127055866
leaf_weight=9.0513939727097767 9.1072659417986852 0.60990983247756947 4.139441328123211
leaf_count=1321 98 9 150
internal_value=0 -0.0297921 -0.000585968
internal_weight=22.908 13.8007 4.74935
internal_count=1578 1480 159
is_linear=0
shrinkage=0.05


Tree=443
num_leaves=5
num_cat=0
split_feature=26 12 2 3
split_gain=12.4514 2.29463 0.0704863 0.0125449
threshold=1.0000000180025095e-35 0.49134678747263855 -0.94246420894849881 -1.2971169809373058
decision_type=2 2 2 2
left_child=1 -1 3 -3
right_child=-2 2 -4 -5
leaf_value=-0.041591995892461986 0.046059420669998616 0 0.013701978774102459 -0.0070978037666055947
leaf_weight=8.9192533744499105 9.2131156027317029 4.2647018618881702 0.28895030170678992 0.68020277097821225
leaf_count=1318 100 139 7 14
internal_value=0.00121749 -0.0268423 0 -0.00227153
internal_weight=23.3662 14.1531 5.23385 4.9449
internal_count=1578 1478 160 153
is_linear=0
shrinkage=0.05


Tree=444
num_leaves=4
num_cat=0
split_feature=53 12 3
split_gain=11.6305 1.9877 0.0227068
threshold=1.7857787510698466 0.49134678747263855 -1.2971169809373058
decision_type=2 2 2
left_child=1 -1 -3
right_child=-2 2 -4
leaf_value=-0.041592446626508177 0.043986203162973497 0 -0.0084241428201054219
leaf_weight=8.9231204548850673 8.6557133719325048 6.2767635099589825 0.7312248544767489
leaf_count=1329 89 139 21
internal_value=-0.000173994 -0.0262971 -0.0020191
internal_weight=24.5868 15.9311 7.00799
internal_count=1578 1489 160
is_linear=0
shrinkage=0.05


Tree=445
num_leaves=3
num_cat=0
split_feature=46 12
split_gain=12.6647 1.16069
threshold=1.0000000180025095e-35 0.49134678747263855
decision_type=2 2
left_child=1 -1
right_child=-2 -3
leaf_value=-0.041581986345403138 0.045536221336341887 -0.005138021878776081
leaf_weight=8.9066070765256899 8.2611674666404706 5.3100143112242213
leaf_count=1329 89 160
internal_value=-0.000959489 -0.0303057
internal_weight=22.4778 14.2166
internal_count=1578 1489
is_linear=0
shrinkage=0.05


Tree=446
num_leaves=4
num_cat=0
split_feature=0 12 3
split_gain=12.3466 2.12913 0.0249948
threshold=1.7776565534620203 0.49134678747263855 -1.2971169809373058
decision_type=2 2 2
left_child=1 -1 -3
right_child=-2 2 -4
leaf_value=-0.04167153574430256 0.045866689702799203 0 -0.00756048108188227
leaf_weight=9.0620229071937519 8.806337006390093 6.1388009302318096 0.70640918612480064
leaf_count=1323 95 139 21
internal_value=0 -0.0262298 -0.000938701
internal_weight=24.7136 15.9072 6.84521
internal_count=1578 1483 160
is_linear=0
shrinkage=0.05


Tree=447
num_leaves=4
num_cat=0
split_feature=54 12 8
split_gain=10.7567 3.81503 0.115317
threshold=1.0000000180025095e-35 0.49134678747263855 0.69571288880715809
decision_type=2 2 2
left_child=1 -1 -3
right_child=-2 2 -4
leaf_value=-0.041602530747576499 0.04628121890834757 -0.0082263316143196541 0.0048237300213298806
leaf_weight=8.9403912392444944 8.9218385964632017 0.72545959893613954 8.7002330794930458
leaf_count=1323 95 21 139
internal_value=0.00189321 -0.0189995 0.000936801
internal_weight=27.2879 18.3661 9.42569
internal_count=1578 1483 160
is_linear=0
shrinkage=0.05


Tree=448
num_leaves=3
num_cat=0
split_feature=3 12
split_gain=8.70275 1.49028
threshold=-1.2971169809373058 0.49134678747263855
decision_type=2 2
left_child=1 -1
right_child=-2 -3
leaf_value=-0.025054298985046811 -0.042566711619127957 0.0140396689229216
leaf_weight=1.7341551231220353 8.8499173033051175 35.719168066978455
leaf_count=289 1150 139
internal_value=9.68887e-05 0.0112646
internal_weight=46.3032 37.4533
internal_count=1578 428
is_linear=0
shrinkage=0.05


Tree=449
num_leaves=3
num_cat=0
split_feature=14 4
split_gain=13.3214 1.06619
threshold=1.0000000180025095e-35 -0.80312896480916507
decision_type=2 2
left_child=1 -1
right_child=-2 -3
leaf_value=0.0081339097005297591 0.045901132448713938 -0.035790414504183347
leaf_weight=0.36372018232941528 8.5415728911757451 12.66370816761628
leaf_count=6 98 1474
internal_value=0 -0.0324607
internal_weight=21.569 13.0274
internal_count=1578 1480
is_linear=0
shrinkage=0.05


Tree=450
num_leaves=5
num_cat=0
split_feature=41 12 13 3
split_gain=11.171 1.95964 0.305198 2.31073
threshold=1.0000000180025095e-35 0.49134678747263855 -0.78681577724436436 -1.2269267479059429
decision_type=2 2 2 2
left_child=1 -1 3 -3
right_child=-2 2 -4 -5
leaf_value=-0.041267294582500925 0.045308968447700104 -0.0028150998607575231 -0.018079901165066605 0.092822497169998769
leaf_weight=8.3894679853692669 8.1160467788577062 2.8314991183578968 1.0335164926946152 0.1977874189615253
leaf_count=1327 93 140 16 2
internal_value=5.72395e-05 -0.0281169 0 0.00861133
internal_weight=20.5683 12.4523 4.0628 3.02929
internal_count=1578 1485 158 142
is_linear=0
shrinkage=0.05


Tree=451
num_leaves=2
num_cat=0
split_feature=12
split_gain=40.0619
threshold=1.0000000180025095e-35
decision_type=2
left_child=-1
right_child=-2
leaf_value=0.047664302870538244 -0.045506482305902117
leaf_weight=20.65462676435709 24.802465048618615
leaf_count=289 1289
internal_value=-0.00256991
internal_weight=45.4571
internal_count=1578
is_linear=0
shrinkage=0.05


Tree=452
num_leaves=3
num_cat=0
split_feature=45 4
split_gain=13.1597 1.96112
threshold=1.0000000180025095e-35 -0.35021576160556561
decision_type=2 2
left_child=1 -1
right_child=-2 -3
leaf_value=0.0081434971405783558 0.045226655424482134 -0.042399959711817696
leaf_weight=1.1978428550064553 8.2169522643089277 10.549696593545379
leaf_count=14 95 1469
internal_value=-0.000510236 -0.035083
internal_weight=19.9645 11.7475
internal_count=1578 1483
is_linear=0
shrinkage=0.05


Tree=453
num_leaves=3
num_cat=0
split_feature=34 4
split_gain=11.379 2.63692
threshold=1.0000000180025095e-35 -0.35021576160556561
decision_type=2 2
left_child=1 -1
right_child=-2 -3
leaf_value=0.017834699677200892 0.045352806696326124 -0.03796548345230958
leaf_weight=1.6311454437673081 8.3977238461375219 10.653115149587395
leaf_count=14 97 1467
internal_value=0.000855051 -0.0281929
internal_weight=20.682 12.2843
internal_count=1578 1481
is_linear=0
shrinkage=0.05


Tree=454
num_leaves=4
num_cat=0
split_feature=18 12 7
split_gain=10.4363 2.00205 0.0659293
threshold=1.0000000180025095e-35 0.49134678747263855 0.56299799632434755
decision_type=2 2 2
left_child=1 -1 -3
right_child=-2 2 -4
leaf_value=-0.041159459962976763 0.044634362415059109 -0.0038475890252889253 0.0098597173503818022
leaf_weight=8.2248719483613986 7.6892980933189383 5.1339056156575671 0.33752586506307114
leaf_count=1327 91 154 6
internal_value=0 -0.0262414 0
internal_weight=21.3856 13.6963 5.47143
internal_count=1578 1487 160
is_linear=0
shrinkage=0.05


Tree=455
num_leaves=4
num_cat=0
split_feature=30 4 12
split_gain=11.424 2.54804 0.215938
threshold=1.0000000180025095e-35 -0.80312896480916507 0.49134678747263855
decision_type=2 2 2
left_child=1 -1 -3
right_child=-2 2 -4
leaf_value=0.03683029164842487 0.045363347269254062 -0.04128236342970576 -0.0093295920255064661
leaf_weight=0.63553311675786872 8.4528052955865842 8.4108399571850914 3.3707590037956825
leaf_count=6 98 1321 153
internal_value=0.000888074 -0.0280365 -0.0349281
internal_weight=20.8699 12.4171 11.7816
internal_count=1578 1480 1474
is_linear=0
shrinkage=0.05


Tree=456
num_leaves=4
num_cat=0
split_feature=22 12 3
split_gain=11.9514 1.50813 0.0282776
threshold=-0.24952543393744944 0.49134678747263855 -1.1317619565702162
decision_type=2 2 2
left_child=1 -1 -3
right_child=-2 2 -4
leaf_value=-0.041248047059285455 0.045480615321598361 -0.0039559851780255513 0
leaf_weight=8.3578541269525903 8.4813534691929799 4.0353434160351753 0.67567328177392383
leaf_count=1321 98 144 15
internal_value=0 -0.028859 -0.00023314
internal_weight=21.5502 13.0689 4.71102
internal_count=1578 1480 159
is_linear=0
shrinkage=0.05


Tree=457
num_leaves=5
num_cat=0
split_feature=26 12 2 3
split_gain=11.1564 2.2037 0.0663866 0.0133224
threshold=1.0000000180025095e-35 0.49134678747263855 -0.94246420894849881 -1.2971169809373058
decision_type=2 2 2 2
left_child=1 -1 3 -3
right_child=-2 2 -4 -5
leaf_value=-0.04116893673063432 0.045305879224940809 0 0.013451214221505935 -0.0069047393004771501
leaf_weight=8.2362843486480433 8.5728209987282735 4.2442088015377522 0.29176364652812381 0.67491952143609513
leaf_count=1318 100 139 7 14
internal_value=0.00115211 -0.0258193 0 -0.00204706
internal_weight=22.02 13.4472 5.21089 4.91913
internal_count=1578 1478 160 153
is_linear=0
shrinkage=0.05


Tree=458
num_leaves=5
num_cat=0
split_feature=53 12 50 3
split_gain=10.4284 1.66309 0.688989 0.0233844
threshold=3.5959279840799754 0.49134678747263855 2.9605199862516973 -1.2971169809373058
decision_type=2 2 2 2
left_child=1 2 -1 -3
right_child=-2 3 -4 -5
leaf_value=-0.041580833036600054 0.045072300437740617 0 0 -0.0081922701747363536
leaf_weight=8.4295787219889462 7.6165463775396338 6.2470854409039021 0.28576245903968889 0.72419102862477203
leaf_count=1330 86 139 2 21
internal_value=-0.000126256 -0.024331 -0.0385803 -0.00178099
internal_weight=23.3032 15.6866 8.71534 6.97128
internal_count=1578 1492 1332 160
is_linear=0
shrinkage=0.05


Tree=459
num_leaves=3
num_cat=0
split_feature=46 12
split_gain=11.3969 1.12082
threshold=1.0000000180025095e-35 0.49134678747263855
decision_type=2 2
left_child=1 -1
right_child=-2 -3
leaf_value=-0.041158420921632917 0.044749396707676997 -0.0047578016873515861
leaf_weight=8.2242367360740918 7.6913988813757888 5.2605615351349106
leaf_count=1329 89 160
internal_value=-0.000919131 -0.0294236
internal_weight=21.1762 13.4848
internal_count=1578 1489
is_linear=0
shrinkage=0.05


Tree=460
num_leaves=4
num_cat=0
split_feature=0 12 3
split_gain=11.0742 2.03803 0.024489
threshold=1.7776565534620203 0.49134678747263855 -1.2971169809373058
decision_type=2 2 2
left_child=1 -1 -3
right_child=-2 2 -4
leaf_value=-0.041252897735302968 0.045098278306310663 0 -0.0073482023751182098
leaf_weight=8.3667027074843663 8.1965648829936963 6.1097416505217552 0.70019209384918113
leaf_count=1323 95 139 21
internal_value=0 -0.0252538 -0.00070013
internal_weight=23.3732 15.1766 6.80993
internal_count=1578 1483 160
is_linear=0
shrinkage=0.05


Tree=461
num_leaves=4
num_cat=0
split_feature=54 12 8
split_gain=9.61211 3.60567 0.113277
threshold=1.0000000180025095e-35 0.49134678747263855 0.69571288880715809
decision_type=2 2 2
left_child=1 -1 -3
right_child=-2 2 -4
leaf_value=-0.041180170200434511 0.045544021671353456 -0.0079989223557079721 0.0048310302645394113
leaf_weight=8.2554994188249147 8.3147233650088292 0.71861695963889261 8.6990721374750137
leaf_count=1323 95 21 139
internal_value=0.00191024 -0.0179308 0.000977382
internal_weight=25.9879 17.6732 9.41769
internal_count=1578 1483 160
is_linear=0
shrinkage=0.05


Tree=462
num_leaves=3
num_cat=0
split_feature=3 12
split_gain=7.85647 1.28359
threshold=-1.2971169809373058 0.49134678747263855
decision_type=2 2
left_child=1 -1
right_child=-2 -3
leaf_value=-0.023906978568116521 -0.042173534694569144 0.013005012323008193
leaf_weight=1.6228912794031192 8.2388180750422162 35.53073713183403
leaf_count=289 1150 139
internal_value=0 0.0104327
internal_weight=45.3924 37.1536
internal_count=1578 428
is_linear=0
shrinkage=0.05


Tree=463
num_leaves=3
num_cat=0
split_feature=14 4
split_gain=11.9914 1.03371
threshold=1.0000000180025095e-35 -0.80312896480916507
decision_type=2 2
left_child=1 -1
right_child=-2 -3
leaf_value=0.0079140896239982446 0.045158171814952408 -0.035078668236834185
leaf_weight=0.36683904007077295 7.9560474529862395 11.904872638639063
leaf_count=6 98 1474
internal_value=0 -0.0315765
internal_weight=20.2278 12.2717
internal_count=1578 1480
is_linear=0
shrinkage=0.05


Tree=464
num_leaves=4
num_cat=0
split_feature=38 12 4
split_gain=10.0151 1.88506 0.286728
threshold=1.0000000180025095e-35 0.49134678747263855 -0.46879594223394111
decision_type=2 2 2
left_child=1 -1 -3
right_child=-2 2 -4
leaf_value=-0.040825348892023799 0.044553855077170662 0.019812865236420622 -0.0067169155431356618
leaf_weight=7.7495577419176715 7.5606365725398055 0.90813941508531559 3.1362174954265356
leaf_count=1327 93 9 149
internal_value=4.11226e-05 -0.0271123 0
internal_weight=19.3546 11.7939 4.04436
internal_count=1578 1485 158
is_linear=0
shrinkage=0.05


Tree=465
num_leaves=2
num_cat=0
split_feature=12
split_gain=36.7231
threshold=1.0000000180025095e-35
decision_type=2
left_child=-1
right_child=-2
leaf_value=0.047192648161830941 -0.045303503104992142
leaf_weight=19.161557108163834 23.043804325163364
leaf_count=289 1289
internal_value=-0.00266327
internal_weight=42.2054
internal_count=1578
is_linear=0
shrinkage=0.05


Tree=466
num_leaves=3
num_cat=0
split_feature=42 4
split_gain=11.8715 1.90303
threshold=1.0000000180025095e-35 -0.35021576160556561
decision_type=2 2
left_child=1 -1
right_child=-2 -3
leaf_value=0.0076534098454220795 0.04447590427136431 -0.042059559468983432
leaf_weight=1.2105933614075191 7.6501942723989478 9.7978921760804951
leaf_count=14 95 1469
internal_value=-0.000393852 -0.0343254
internal_weight=18.6587 11.0085
internal_count=1578 1483
is_linear=0
shrinkage=0.05


Tree=467
num_leaves=3
num_cat=0
split_feature=34 4
split_gain=10.1852 2.49256
threshold=1.0000000180025095e-35 -0.35021576160556561
decision_type=2 2
left_child=1 -1
right_child=-2 -3
leaf_value=0.016713557196923173 0.044605843866254713 -0.037343763322875458
leaf_weight=1.6608915477991111 7.8159671649336806 9.9402475501410663
leaf_count=14 97 1467
internal_value=0.000862514 -0.0271679
internal_weight=19.4171 11.6011
internal_count=1578 1481
is_linear=0
shrinkage=0.05


Tree=468
num_leaves=4
num_cat=0
split_feature=18 12 3
split_gain=9.33557 1.92583 0.0671984
threshold=1.0000000180025095e-35 0.49134678747263855 -1.1754222435261918
decision_type=2 2 2
left_child=1 -1 -3
right_child=-2 2 -4
leaf_value=-0.040710878157406372 0.043868494917626205 0.0006131817910155692 -0.011265660176456832
leaf_weight=7.5979743590578455 7.1552493497729293 4.6255837790668011 0.80850283987820137
leaf_count=1327 91 142 18
internal_value=0 -0.0252197 0
internal_weight=20.1873 13.0321 5.43409
internal_count=1578 1487 160
is_linear=0
shrinkage=0.05


Tree=469
num_leaves=4
num_cat=0
split_feature=30 4 12
split_gain=10.2401 2.41709 0.208257
threshold=1.0000000180025095e-35 -0.80312896480916507 0.49134678747263855
decision_type=2 2 2
left_child=1 -1 -3
right_child=-2 2 -4
leaf_value=0.035048723847343692 0.044620981661253042 -0.040841146176781612 -0.0088991040545355685
leaf_weight=0.65682232379913408 7.8679222911596289 7.7692290465347469 3.3284908030182123
leaf_count=6 98 1321 153
internal_value=0.000851542 -0.0270308 -0.0342132
internal_weight=19.6225 11.7545 11.0977
internal_count=1578 1480 1474
is_linear=0
shrinkage=0.05


Tree=470
num_leaves=4
num_cat=0
split_feature=22 12 4
split_gain=10.744 1.45448 0.0322186
threshold=-0.24952543393744944 0.49134678747263855 -0.46879594223394111
decision_type=2 2 2
left_child=1 -1 -3
right_child=-2 2 -4
leaf_value=-0.040804842374255509 0.044742369568974913 0 -0.0041996252675214349
leaf_weight=7.7205670448020118 7.8964935690164557 0.61143898218870152 4.0669383015483618
leaf_count=1321 98 9 150
internal_value=0 -0.0279148 0
internal_weight=20.2954 12.3989 4.67838
internal_count=1578 1480 159
is_linear=0
shrinkage=0.05


Tree=471
num_leaves=5
num_cat=0
split_feature=26 12 2 3
split_gain=9.99066 2.11048 0.062713 0.0138566
threshold=1.0000000180025095e-35 0.49134678747263855 -0.94246420894849881 -1.2971169809373058
decision_type=2 2 2 2
left_child=1 -1 3 -3
right_child=-2 2 -4 -5
leaf_value=-0.040720849864869992 0.044566229531510092 0 0.013207162193973207 -0.0067204819907091436
leaf_weight=7.6087167342193442 7.9747415781021109 4.2252505458891392 0.29450612887740124 0.66991086117923249
leaf_count=1318 100 139 7 14
internal_value=0.00108485 -0.0247857 0 -0.00183655
internal_weight=20.7731 12.7984 5.18967 4.89516
internal_count=1578 1478 160 153
is_linear=0
shrinkage=0.05


Tree=472
num_leaves=5
num_cat=0
split_feature=53 12 50 3
split_gain=9.34086 1.57395 0.655693 0.0237046
threshold=3.5959279840799754 0.49134678747263855 2.9605199862516973 -1.2971169809373058
decision_type=2 2 2 2
left_child=1 2 -1 -3
right_child=-2 3 -4 -5
leaf_value=-0.041128035068639469 0.044274284111048889 0 0 -0.00796812181385851
leaf_weight=7.7888469896279293 7.0948713347315779 6.2196251749992371 0.27770233154296864 0.71746019273996253
leaf_count=1330 86 139 2 21
internal_value=-4.43751e-05 -0.0233662 -0.0380175 -0.00155729
internal_weight=22.0985 15.0036 8.06655 6.93709
internal_count=1578 1492 1332 160
is_linear=0
shrinkage=0.05


Tree=473
num_leaves=3
num_cat=0
split_feature=46 12
split_gain=10.2524 1.07784
threshold=1.0000000180025095e-35 0.49134678747263855
decision_type=2 2
left_child=1 -1
right_child=-2 -3
leaf_value=-0.040709735541814285 0.043974971317719519 -0.004402743125496664
leaf_weight=7.5972334854304808 7.1590970158576956 5.2150919390842319
leaf_count=1329 89 160
internal_value=-0.000878774 -0.0285298
internal_weight=19.9714 12.8123
internal_count=1578 1489
is_linear=0
shrinkage=0.05


Tree=474
num_leaves=4
num_cat=0
split_feature=0 12 3
split_gain=9.92874 1.94505 0.0237153
threshold=1.7776565534620203 0.49134678747263855 -1.2971169809373058
decision_type=2 2 2
left_child=1 -1 -3
right_child=-2 2 -4
leaf_value=-0.040809405975233984 0.044343306711606308 0 -0.0071432934089362549
leaf_weight=7.7278207722120005 7.6268993169069281 6.0828546062111855 0.694244710728526
leaf_count=1323 95 139 21
internal_value=0 -0.0242745 -0.000476166
internal_weight=22.1318 14.5049 6.7771
internal_count=1578 1483 160
is_linear=0
shrinkage=0.05


Tree=475
num_leaves=4
num_cat=0
split_feature=54 12 3
split_gain=8.57167 3.39769 0.110873
threshold=1.0000000180025095e-35 0.49134678747263855 -1.2971169809373058
decision_type=2 2 2
left_child=1 -1 -3
right_child=-2 2 -4
leaf_value=-0.040732731386901845 0.044775111963485742 0.0048200202807546838 -0.0077791578174547533
leaf_weight=7.6260977950878486 7.7410947456955901 8.7008233889937383 0.71206948440522033
leaf_count=1323 95 139 21
internal_value=0.00189545 -0.0168812 0.00100064
internal_weight=24.7801 17.039 9.41289
internal_count=1578 1483 160
is_linear=0
shrinkage=0.05


Tree=476
num_leaves=3
num_cat=0
split_feature=3 12
split_gain=7.09439 1.10398
threshold=-1.2971169809373058 0.49134678747263855
decision_type=2 2
left_child=1 -1
right_child=-2 -3
leaf_value=-0.022739648637012888 -0.041761138071970516 0.012038252588975984
leaf_weight=1.5203714496456076 7.6744939461350432 35.347070097923279
leaf_count=289 1150 139
internal_value=0 0.00964994
internal_weight=44.5419 36.8674
internal_count=1578 428
is_linear=0
shrinkage=0.05


Tree=477
num_leaves=3
num_cat=0
split_feature=14 4
split_gain=10.7843 1.00146
threshold=1.0000000180025095e-35 -0.80312896480916507
decision_type=2 2
left_child=1 -1
right_child=-2 -3
leaf_value=0.0077434817327029287 0.044423610026784334 -0.034341700824445397
leaf_weight=0.36927767470479089 7.4096571505069724 11.203721160069108
leaf_count=6 98 1474
internal_value=0 -0.030663
internal_weight=18.9827 11.573
internal_count=1578 1480
is_linear=0
shrinkage=0.05


Tree=478
num_leaves=5
num_cat=0
split_feature=38 12 13 3
split_gain=8.977 1.80468 0.310465 2.14456
threshold=1.0000000180025095e-35 0.49134678747263855 -0.78681577724436436 -1.2269267479059429
decision_type=2 2 2 2
left_child=1 -1 3 -3
right_child=-2 2 -4 -5
leaf_value=-0.040357650156348755 0.04380762844977882 -0.0021644345601060772 -0.01797528856496779 0.088540361735809398
leaf_weight=7.1619232310913521 7.0425211042165747 2.784046983346343 1.0272626876831052 0.21800091862678561
leaf_count=1327 93 140 16 2
internal_value=1.14079e-05 -0.0261056 0 0.00898444
internal_weight=18.2338 11.1912 4.02931 3.00205
internal_count=1578 1485 158 142
is_linear=0
shrinkage=0.05


Tree=479
num_leaves=2
num_cat=0
split_feature=12
split_gain=33.6776
threshold=1.0000000180025095e-35
decision_type=2
left_child=-1
right_child=-2
leaf_value=0.046736041629467429 -0.045095960797609004
leaf_weight=17.775682229548693 21.419408309273422
leaf_count=289 1289
internal_value=-0.00275459
internal_weight=39.1951
internal_count=1578
is_linear=0
shrinkage=0.05


Tree=480
num_leaves=3
num_cat=0
split_feature=42 4
split_gain=10.7023 1.84591
threshold=1.0000000180025095e-35 -0.35021576160556561
decision_type=2 2
left_child=1 -1
right_child=-2 -3
leaf_value=0.0072152933904098635 0.043734345086878436 -0.041701806851678999
leaf_weight=1.2221053447574384 7.1218898743391028 9.1051265150308609
leaf_count=14 95 1469
internal_value=-0.000266714 -0.0335382
internal_weight=17.4491 10.3272
internal_count=1578 1483
is_linear=0
shrinkage=0.05


Tree=481
num_leaves=3
num_cat=0
split_feature=34 4
split_gain=9.10886 2.35385
threshold=1.0000000180025095e-35 -0.35021576160556561
decision_type=2 2
left_child=1 -1
right_child=-2 -3
leaf_value=0.015692204826960991 0.043868324504757444 -0.036693373452847254
leaf_weight=1.6884685233235366 7.2736535742878905 9.2833514255471528
leaf_count=14 97 1467
internal_value=0.000873538 -0.0261199
internal_weight=18.2455 10.9718
internal_count=1578 1481
is_linear=0
shrinkage=0.05


Tree=482
num_leaves=4
num_cat=0
split_feature=18 12 3
split_gain=8.35079 1.84145 0.0632796
threshold=1.0000000180025095e-35 0.49134678747263855 -1.1754222435261918
decision_type=2 2 2
left_child=1 -1 -3
right_child=-2 2 -4
leaf_value=-0.040236186451187574 0.043109487010771552 0.00076470493386764365 -0.010936998109591653
leaf_weight=7.0222973395138997 6.6578529253602019 4.6100653074681759 0.79755462519824494
leaf_count=1327 91 142 18
internal_value=0 -0.0242037 0
internal_weight=19.0878 12.4299 5.40762
internal_count=1578 1487 160
is_linear=0
shrinkage=0.05


Tree=483
num_leaves=4
num_cat=0
split_feature=30 4 12
split_gain=9.17332 2.29307 0.198847
threshold=1.0000000180025095e-35 -0.80312896480916507 0.49134678747263855
decision_type=2 2 2
left_child=1 -1 -3
right_child=-2 2 -4
leaf_value=0.033439243964836253 0.043888101332210883 -0.040374232679595556 -0.0084882109309666852
leaf_weight=0.67662216722965318 7.3227515965700141 7.1800361215136945 3.2889486057683825
leaf_count=6 98 1321 153
internal_value=0.000813677 -0.0260091 -0.0334796
internal_weight=18.4684 11.1456 10.469
internal_count=1578 1480 1474
is_linear=0
shrinkage=0.05


Tree=484
num_leaves=4
num_cat=0
split_feature=22 12 4
split_gain=9.65271 1.40036 0.0271004
threshold=-0.24952543393744944 0.49134678747263855 -0.46879594223394111
decision_type=2 2 2
left_child=1 -1 -3
right_child=-2 2 -4
leaf_value=-0.040335844621782226 0.044014258154505895 0 -0.0038660570489850599
leaf_weight=7.1353440359234828 7.3513804376125327 0.61230488121509541 4.0329238958656788
leaf_count=1321 98 9 150
internal_value=0 -0.0269534 0
internal_weight=19.132 11.7806 4.64523
internal_count=1578 1480 159
is_linear=0
shrinkage=0.05


Tree=485
num_leaves=5
num_cat=0
split_feature=26 12 2 3
split_gain=8.94162 2.01609 0.0593652 0.0141055
threshold=1.0000000180025095e-35 0.49134678747263855 -0.94246420894849881 -1.2971169809373058
decision_type=2 2 2 2
left_child=1 -1 3 -3
right_child=-2 2 -4 -5
leaf_value=-0.040246726647138853 0.043835935113142571 0 0.012969671177188903 -0.0065247224575837801
leaf_weight=7.0324251498095709 7.4174707308411589 4.207499835640192 0.2971784584224223 0.66465330310165871
leaf_count=1318 100 139 7 14
internal_value=0.00101809 -0.0237437 0 -0.00163254
internal_weight=19.6192 12.2018 5.16933 4.87215
internal_count=1578 1478 160 153
is_linear=0
shrinkage=0.05


Tree=486
num_leaves=5
num_cat=0
split_feature=50 12 50 3
split_gain=8.25863 1.45038 0.426069 0.0236513
threshold=2.9602423299905172 0.49134678747263855 2.4864973685560821 -1.2971169809373058
decision_type=2 2 2 2
left_child=1 2 -1 -3
right_child=-2 3 -4 -5
leaf_value=-0.040175715566563554 0.043311244683531418 0 0 -0.0077372309369467297
leaf_weight=6.9551006755791622 6.5853562206029883 6.1939109824597836 0.53760973783209909 0.71061691083014
leaf_count=1321 86 139 11 21
internal_value=0 -0.0222203 -0.0370439 -0.00134248
internal_weight=20.9826 14.3972 7.49271 6.90453
internal_count=1578 1492 1332 160
is_linear=0
shrinkage=0.05


Tree=487
num_leaves=3
num_cat=0
split_feature=46 12
split_gain=9.21924 1.03259
threshold=1.0000000180025095e-35 0.49134678747263855
decision_type=2 2
left_child=1 -1
right_child=-2 -3
leaf_value=-0.040234920222803339 0.04320848254640107 -0.0040666630249505007
leaf_weight=7.0214711674489099 6.6630263850092879 5.1726790266111493
leaf_count=1329 89 160
internal_value=-0.000836443 -0.0276265
internal_weight=18.8572 12.1942
internal_count=1578 1489
is_linear=0
shrinkage=0.05


Tree=488
num_leaves=4
num_cat=0
split_feature=0 12 3
split_gain=8.8979 1.8513 0.022635
threshold=1.7776565534620203 0.49134678747263855 -1.2971169809373058
decision_type=2 2 2
left_child=1 -1 -3
right_child=-2 2 -4
leaf_value=-0.0403400310746619 0.043597258190984194 0 -0.0069312387176130351
leaf_weight=7.1411672253161687 7.0960193872451773 6.0576773881912231 0.6881653033196925
leaf_count=1323 95 139 21
internal_value=0 -0.0232945 -0.0002612
internal_weight=20.983 13.887 6.74584
internal_count=1578 1483 160
is_linear=0
shrinkage=0.05


Tree=489
num_leaves=4
num_cat=0
split_feature=54 12 8
split_gain=7.64281 3.19286 0.108108
threshold=1.0000000180025095e-35 0.49134678747263855 0.69571288880715809
decision_type=2 2 2
left_child=1 -1 -3
right_child=-2 2 -4
leaf_value=-0.040259244740240965 0.044016564737783918 -0.007552560597556577 0.0047954913803914916
leaf_weight=7.0481250924058303 7.2059995457530013 0.70540489163249631 8.704728752374649
leaf_count=1323 95 21 139
internal_value=0.00187662 -0.0158533 0.00101283
internal_weight=23.6643 16.4583 9.41013
internal_count=1578 1483 160
is_linear=0
shrinkage=0.05


Tree=490
num_leaves=3
num_cat=0
split_feature=3 12
split_gain=6.1616 0.895694
threshold=-1.2971169809373058 0.49134678747263855
decision_type=2 2
left_child=1 -1
right_child=-2 -3
leaf_value=-0.021668919994524423 -0.041127609108666599 0.010077958569600446
leaf_weight=1.4348845249041904 7.0542179471813133 38.459441423416138
leaf_count=294 1159 152
internal_value=0 0.00806313
internal_weight=46.9485 39.8943
internal_count=1605 446
is_linear=0
shrinkage=0.05


Tree=491
num_leaves=4
num_cat=0
split_feature=14 3 7
split_gain=7.34871 1.59606 0.298772
threshold=1.0000000180025095e-35 -1.0400259609247759 0.94134534421252125
decision_type=2 2 2
left_child=1 2 -1
right_child=-2 -3 -4
leaf_value=-0.0051364950791865606 0.04307334642412531 -0.039033062099249283 0.030922223313377198
leaf_weight=5.3874249914661059 6.4251489639282218 5.7559219254180798 0.11870712786912907
leaf_count=457 93 1053 2
internal_value=0.000989301 -0.0217051 0
internal_weight=17.6872 11.2621 5.50613
internal_count=1605 1512 459
is_linear=0
shrinkage=0.05


Tree=492
num_leaves=4
num_cat=0
split_feature=38 4 12
split_gain=8.39009 2.11512 0.127886
threshold=1.0000000180025095e-35 -0.46879594223394111 0.49134678747263855
decision_type=2 2 2
left_child=1 -1 -3
right_child=-2 2 -4
leaf_value=0.029696529861122468 0.043320630180665988 -0.039895266282925237 -0.0093521990959259289
leaf_weight=0.73460412025451738 6.8349203690886489 6.6572932987473905 3.3876297231763601
leaf_count=7 97 1338 163
internal_value=0.000414963 -0.025288 -0.0328973
internal_weight=17.6144 10.7795 10.0449
internal_count=1605 1508 1501
is_linear=0
shrinkage=0.05


Tree=493
num_leaves=2
num_cat=0
split_feature=12
split_gain=31.4656
threshold=1.0000000180025095e-35
decision_type=2
left_child=-1
right_child=-2
leaf_value=0.046292489394847147 -0.044948408496045394
leaf_weight=16.670253068208694 20.413306816481054
leaf_count=294 1311
internal_value=-0.0031973
internal_weight=37.0836
internal_count=1605
is_linear=0
shrinkage=0.05


Tree=494
num_leaves=5
num_cat=0
split_feature=42 12 3 3
split_gain=7.71022 2.47876 0.767916 0.0235656
threshold=1.0000000180025095e-35 0.49134678747263855 -1.0400259609247759 -1.2269267479059429
decision_type=2 2 2 2
left_child=1 -1 3 -3
right_child=-2 2 -4 -5
leaf_value=-0.039939340505989629 0.043313562476997781 0 0.044655382031731305 -0.0071654604518744574
leaf_weight=6.7020381512120384 6.9747416153550139 1.8815737366676335 0.55321341659873713 0.64744040369987499
leaf_count=1334 100 152 12 7
internal_value=0.00356545 -0.0230665 0.00709698 0
internal_weight=16.759 9.78427 3.08223 2.52901
internal_count=1605 1505 171 159
is_linear=0
shrinkage=0.05


Tree=495
num_leaves=3
num_cat=0
split_feature=34 4
split_gain=9.19915 1.10219
threshold=1.0000000180025095e-35 -0.35021576160556561
decision_type=2 2
left_child=1 -1
right_child=-2 -3
leaf_value=0 0.042959607543260517 -0.036278876985329299
leaf_weight=1.5549307763576514 6.7458958178758612 8.9068162166513503
leaf_count=13 98 1494
internal_value=0 -0.0296325
internal_weight=17.2076 10.4617
internal_count=1605 1507
is_linear=0
shrinkage=0.05


Tree=496
num_leaves=4
num_cat=0
split_feature=21 12 13
split_gain=8.8051 1.56419 0.106014
threshold=1.0000000180025095e-35 0.49134678747263855 -0.55062270036274141
decision_type=2 2 2
left_child=1 -1 -3
right_child=-2 2 -4
leaf_value=-0.039772211021779844 0.045491897443409139 -0.0054471754317325562 0.01048948370249461
leaf_weight=6.5332673205994087 6.6503704190254203 5.3480058610439301 0.33172572962939728
leaf_count=1339 95 162 9
internal_value=0 -0.0238228 0
internal_weight=18.8634 12.213 5.67973
internal_count=1605 1510 171
is_linear=0
shrinkage=0.05


Tree=497
num_leaves=4
num_cat=0
split_feature=30 4 12
split_gain=9.61921 0.818763 0.0484498
threshold=1.0000000180025095e-35 -0.80312896480916507 0.49134678747263855
decision_type=2 2 2
left_child=1 -1 -3
right_child=-2 2 -4
leaf_value=0.00035971307409231589 0.043503815832920859 -0.039926277795410553 -0.010909309058583769
leaf_weight=0.46547274291515428 7.042945832014083 6.688693443313241 3.5392632707953453
leaf_count=4 100 1335 166
internal_value=0 -0.0295473 -0.0331921
internal_weight=17.7364 10.6934 10.228
internal_count=1605 1505 1501
is_linear=0
shrinkage=0.05


Tree=498
num_leaves=4
num_cat=0
split_feature=25 12 13
split_gain=8.84039 1.18215 0.052047
threshold=1.0000000180025095e-35 0.49134678747263855 -0.75766210091990349
decision_type=2 2 2
left_child=1 -1 -3
right_child=-2 2 -4
leaf_value=-0.039921555161284004 0.0432294728509348 -0.0055151384603741981 0
leaf_weight=6.6824714890681225 6.7754442915320388 4.2103504911065102 0.65805091150104988
leaf_count=1337 97 156 15
internal_value=0 -0.0265657 -0.00156546
internal_weight=18.3263 11.5509 4.8684
internal_count=1605 1508 171
is_linear=0
shrinkage=0.05


Tree=499
num_leaves=4
num_cat=0
split_feature=26 12 3
split_gain=8.99137 0.807967 0.250746
threshold=1.0000000180025095e-35 0.49134678747263855 -0.92932628974446818
decision_type=2 2 2
left_child=1 -1 -3
right_child=-2 2 -4
leaf_value=-0.039831016518457753 0.042929900007374566 -0.012173224273292593 0.0061863642483428695
leaf_weight=6.5921800108626503 6.5693311989307395 5.0609602555632591 0.39738990180194367
leaf_count=1340 94 160 11
internal_value=-0.000844478 -0.0274596 -0.00623381
internal_weight=18.6199 12.0505 5.45835
internal_count=1605 1511 171
is_linear=0
shrinkage=0.05


Tree=500
num_leaves=4
num_cat=0
split_feature=53 3 50
split_gain=9.38507 0.275722 0.267525
threshold=3.5959279840799754 -1.2971169809373058 3.4722302465213626
decision_type=2 2 2
left_child=1 -1 -3
right_child=-2 2 -4
leaf_value=-0.013356844969291903 0.043164903565813935 -0.039695075286241915 0
leaf_weight=8.0828879438340664 6.5830135047435752 6.0169721106067309 0.1186021715402602
leaf_count=446 92 1066 1
internal_value=-0.00287745 -0.0266354 -0.0380361
internal_weight=20.8015 14.2185 6.13557
internal_count=1605 1513 1067
is_linear=0
shrinkage=0.05


Tree=501
num_leaves=3
num_cat=0
split_feature=46 12
split_gain=9.05295 0.782309
threshold=1.0000000180025095e-35 0.49134678747263855
decision_type=2 2
left_child=1 -1
right_child=-2 -3
leaf_value=-0.039751619384474433 0.042949666055676648 -0.0064636300536132386
leaf_weight=6.5127673475071806 6.6882123276591292 5.5029363352805376
leaf_count=1337 96 172
internal_value=-0.000460234 -0.0273712
internal_weight=18.7039 12.0157
internal_count=1605 1509
is_linear=0
shrinkage=0.05


Tree=502
num_leaves=4
num_cat=0
split_feature=0 12 3
split_gain=6.80293 3.04065 0.150823
threshold=1.7776565534620203 0.49134678747263855 -1.2269267479059429
decision_type=2 2 2
left_child=1 -1 -3
right_child=-2 2 -4
leaf_value=-0.039891775353084379 0.042947298023344294 0.0077761042559039541 -0.0048598922257959724
leaf_weight=6.6541309384629148 6.6859668716788283 6.5982281863689423 0.63198314141482104
leaf_count=1337 96 152 20
internal_value=0.00227439 -0.0163856 0.00319464
internal_weight=20.5703 13.8843 7.23021
internal_count=1605 1509 172
is_linear=0
shrinkage=0.05


Tree=503
num_leaves=4
num_cat=0
split_feature=54 12 3
split_gain=6.27164 3.24141 0.109503
threshold=1.0000000180025095e-35 0.49134678747263855 -1.2269267479059429
decision_type=2 2 2
left_child=1 -1 -3
right_child=-2 2 -4
leaf_value=-0.039840424810222284 0.042886634339739521 0.0053390354462970217 -0.0054720623060569426
leaf_weight=6.6027670423500284 6.2975866869091979 9.5249090790748578 0.64744121767580587
leaf_count=1344 89 152 20
internal_value=0.00130629 -0.0136458 0.00208431
internal_weight=23.0727 16.7751 10.1724
internal_count=1605 1516 172
is_linear=0
shrinkage=0.05


Tree=504
num_leaves=3
num_cat=0
split_feature=3 11
split_gain=5.56499 0.734128
threshold=-1.2971169809373058 1.0000000180025095e-35
decision_type=2 2
left_child=1 -1
right_child=-2 -3
leaf_value=0.0092361107245455664 -0.040676692492592398 -0.019997135088503915
leaf_weight=38.316596694290638 6.577869107713922 1.3143276842311014
leaf_count=156 1159 290
internal_value=0 0.00740658
internal_weight=46.2088 39.6309
internal_count=1605 446
is_linear=0
shrinkage=0.05


Tree=505
num_leaves=4
num_cat=0
split_feature=14 12 7
split_gain=6.54864 2.37252 0.0710925
threshold=1.0000000180025095e-35 0.49134678747263855 0.56299799632434755
decision_type=2 2 2
left_child=1 -1 -3
right_child=-2 2 -4
leaf_value=-0.039549806586602239 0.042333102965195352 0 0.016771571399687064
leaf_weight=6.3194412374869007 5.9842168837785712 4.189331041648984 0.25251848623156536
leaf_count=1341 93 166 5
internal_value=0.00102871 -0.0205799 0.00262072
internal_weight=16.7455 10.7613 4.44185
internal_count=1605 1512 171
is_linear=0
shrinkage=0.05


Tree=506
num_leaves=4
num_cat=0
split_feature=38 4 12
split_gain=7.51916 1.99186 0.117995
threshold=1.0000000180025095e-35 -0.46879594223394111 0.49134678747263855
decision_type=2 2 2
left_child=1 -1 -3
right_child=-2 2 -4
leaf_value=0.02803343293955329 0.042597047572541916 -0.039373181728893362 -0.0089430212515245536
leaf_weight=0.75794499367475587 6.3656401112675658 6.1574834396596998 3.3471742700785398
leaf_count=7 97 1338 163
internal_value=0.000361324 -0.0242755 -0.0321382
internal_weight=16.6282 10.2626 9.50466
internal_count=1605 1508 1501
is_linear=0
shrinkage=0.05


Tree=507
num_leaves=2
num_cat=0
split_feature=12
split_gain=28.9619
threshold=1.0000000180025095e-35
decision_type=2
left_child=-1
right_child=-2
leaf_value=0.045882375834994521 -0.04473436658629059
leaf_weight=15.52661534398794 19.000561563298106
leaf_count=294 1311
internal_value=-0.00319769
internal_weight=34.5272
internal_count=1605
is_linear=0
shrinkage=0.05


Tree=508
num_leaves=5
num_cat=0
split_feature=42 12 3 7
split_gain=6.86964 2.35007 0.714623 0.0236304
threshold=1.0000000180025095e-35 0.49134678747263855 -1.0400259609247759 0.30009667238085086
decision_type=2 2 2 2
left_child=1 -1 3 -3
right_child=-2 2 -4 -5
leaf_value=-0.039419678634342613 0.042592423274247032 0 0.04263306609095046 -0.0071746834217263286
leaf_weight=6.1986033280845714 6.490426868200303 1.8756087794899947 0.57452376186847676 0.64763760566711415
leaf_count=1334 100 152 12 7
internal_value=0.00357072 -0.0219044 0.00680231 0
internal_weight=15.7868 9.29637 3.09777 2.52325
internal_count=1605 1505 171 159
is_linear=0
shrinkage=0.05


Tree=509
num_leaves=3
num_cat=0
split_feature=34 4
split_gain=8.25694 1.04934
threshold=1.0000000180025095e-35 -0.35021576160556561
decision_type=2 2
left_child=1 -1
right_child=-2 -3
leaf_value=0 0.042224211032969791 -0.035587879728553755
leaf_weight=1.5614286549389369 6.2731185853481284 8.3354016323573887
leaf_count=13 98 1494
internal_value=0 -0.0287049
internal_weight=16.1699 9.89683
internal_count=1605 1507
is_linear=0
shrinkage=0.05


Tree=510
num_leaves=4
num_cat=0
split_feature=21 12 13
split_gain=7.91811 1.49402 0.0977759
threshold=1.0000000180025095e-35 0.49134678747263855 -0.55062270036274141
decision_type=2 2 2
left_child=1 -1 -3
right_child=-2 2 -4
leaf_value=-0.039244106544432639 0.044831253821451852 -0.0051452270552472673 0.010439136389683509
leaf_weight=6.044354473473506 6.1927513703703871 5.3079666374251246 0.3321449402719735
leaf_count=1339 95 162 9
internal_value=0 -0.0228179 0
internal_weight=17.8772 11.6845 5.64011
internal_count=1605 1510 171
is_linear=0
shrinkage=0.05


Tree=511
num_leaves=4
num_cat=0
split_feature=30 4 12
split_gain=8.66712 0.790216 0.0407151
threshold=1.0000000180025095e-35 -0.80312896480916507 0.49134678747263855
decision_type=2 2 2
left_child=1 -1 -3
right_child=-2 2 -4
leaf_value=0.00021795596345979102 0.042789936971461523 -0.039405992011206148 -0.010482729479125862
leaf_weight=0.46768583357334215 6.5581472441554061 6.1864277503918856 3.4938178472220898
leaf_count=4 100 1335 166
internal_value=0 -0.0286573 -0.0324502
internal_weight=16.7061 10.1479 9.68025
internal_count=1605 1505 1501
is_linear=0
shrinkage=0.05


Tree=512
num_leaves=4
num_cat=0
split_feature=25 12 4
split_gain=7.94217 1.12943 0.0844468
threshold=1.0000000180025095e-35 0.49134678747263855 -0.46879594223394111
decision_type=2 2 2
left_child=1 -1 -3
right_child=-2 2 -4
leaf_value=-0.039400735084692169 0.042503892568922584 0.00085185422341385565 -0.0067189431603782088
leaf_weight=6.1806292731780577 6.3080687895417205 0.48437875509262074 4.3496731501072645
leaf_count=1337 97 7 164
internal_value=0 -0.0256167 -0.00126473
internal_weight=17.3227 11.0147 4.83405
internal_count=1605 1508 171
is_linear=0
shrinkage=0.05


Tree=513
num_leaves=4
num_cat=0
split_feature=26 12 3
split_gain=8.07979 0.779492 0.237487
threshold=1.0000000180025095e-35 0.49134678747263855 -0.92932628974446818
decision_type=2 2 2
left_child=1 -1 -3
right_child=-2 2 -4
leaf_value=-0.039305085719324194 0.042188410447167229 -0.011698085019507479 0.0062219132963560646
leaf_weight=6.0974628918338585 6.115190662443637 4.9907760880887508 0.39650774188339699
leaf_count=1340 94 160 11
internal_value=-0.000767021 -0.026531 -0.00571632
internal_weight=17.5999 11.4847 5.38728
internal_count=1605 1511 171
is_linear=0
shrinkage=0.05


Tree=514
num_leaves=4
num_cat=0
split_feature=50 12 52
split_gain=8.02036 0.417746 0.391478
threshold=2.9602423299905172 0.49134678747263855 2.794080587224375
decision_type=2 2 2
left_child=1 2 -1
right_child=-2 -3 -4
leaf_value=-0.039420296292975943 0.041996139100847707 -0.0099434600632472871 0
leaf_weight=5.9699000823311525 5.9726607501506797 7.268158589489758 0.53645449969917525
leaf_count=1286 91 172 56
internal_value=-0.00284363 -0.0248276 -0.0359902
internal_weight=19.7472 13.7745 6.50635
internal_count=1605 1514 1342
is_linear=0
shrinkage=0.05


Tree=515
num_leaves=3
num_cat=0
split_feature=46 12
split_gain=8.14998 0.742256
threshold=1.0000000180025095e-35 0.49134678747263855
decision_type=2 2
left_child=1 -1
right_child=-2 -3
leaf_value=-0.039220921221644472 0.042210394844979474 -0.0061062818940742399
leaf_weight=6.0243124754633772 6.2218173816800109 5.4532811529934406
leaf_count=1337 96 172
internal_value=-0.000467674 -0.0264863
internal_weight=17.6994 11.4776
internal_count=1605 1509
is_linear=0
shrinkage=0.05


Tree=516
num_leaves=4
num_cat=0
split_feature=0 12 3
split_gain=6.05974 2.84161 0.144
threshold=1.7776565534620203 0.49134678747263855 -1.2269267479059429
decision_type=2 2 2
left_child=1 -1 -3
right_child=-2 2 -4
leaf_value=-0.039368643448801768 0.042207792755699733 0.0075394085426354011 -0.0047409571224172348
leaf_weight=6.1538027659989911 6.2196520939469329 6.6270737946033478 0.62877826672047366
leaf_count=1337 96 152 20
internal_value=0.00223818 -0.015354 0.00301481
internal_weight=19.6293 13.4097 7.25585
internal_count=1605 1509 172
is_linear=0
shrinkage=0.05


Tree=517
num_leaves=3
num_cat=0
split_feature=54 3
split_gain=5.58264 2.50665
threshold=1.0000000180025095e-35 -1.2971169809373058
decision_type=2 2
left_child=1 -1
right_child=-2 -3
leaf_value=0 0.042111248906097611 -0.038735841876771621
leaf_weight=10.811977847479287 5.8639357089996329 5.4824948511086413
leaf_count=446 89 1070
internal_value=0.001309 -0.0127026
internal_weight=22.1584 16.2945
internal_count=1605 1516
is_linear=0
shrinkage=0.05


Tree=518
num_leaves=3
num_cat=0
split_feature=3 12
split_gain=5.02409 0.653587
threshold=-1.2971169809373058 0.49134678747263855
decision_type=2 2
left_child=1 -1
right_child=-2 -3
leaf_value=-0.019281338696040123 -0.040204232359627279 0.0085257673963904813
leaf_weight=1.2672014655545343 6.138584680389612 38.112845659255981
leaf_count=294 1159 152
internal_value=0 0.00677357
internal_weight=45.5186 39.38
internal_count=1605 446
is_linear=0
shrinkage=0.05


Tree=519
num_leaves=4
num_cat=0
split_feature=17 12 7
split_gain=5.82222 2.25177 0.0667206
threshold=1.0000000180025095e-35 0.49134678747263855 0.56299799632434755
decision_type=2 2 2
left_child=1 -1 -3
right_child=-2 2 -4
leaf_value=-0.039010133509141544 0.041589940447015306 0 0.016342866019084867
leaf_weight=5.8485576675739122 5.5753505825996408 4.1784270778298378 0.25722203031182278
leaf_count=1341 93 166 5
internal_value=0.00111506 -0.0194202 0.0026798
internal_weight=15.8596 10.2842 4.43565
internal_count=1605 1512 171
is_linear=0
shrinkage=0.05


Tree=520
num_leaves=5
num_cat=0
split_feature=38 12 13 3
split_gain=6.73676 1.51068 0.257666 1.9606
threshold=1.0000000180025095e-35 0.49134678747263855 -0.78681577724436436 -1.2269267479059429
decision_type=2 2 2 2
left_child=1 -1 3 -3
right_child=-2 2 -4 -5
leaf_value=-0.03882370321549871 0.041873980134509645 -0.0028836225198376978 -0.01720431868113087 0.082327262152939298
leaf_weight=5.6998215429484826 5.9303771890699872 2.8489174544811249 0.99159370642155398 0.24896747618913684
leaf_count=1338 97 152 16 2
internal_value=0.000302536 -0.0232629 0 0.00750536
internal_weight=15.7197 9.7893 4.08948 3.09788
internal_count=1605 1508 170 154
is_linear=0
shrinkage=0.05


Tree=521
num_leaves=2
num_cat=0
split_feature=3
split_gain=14.3928
threshold=-1.2971169809373058
decision_type=2
left_child=-1
right_child=-2
leaf_value=0.023447235409019357 -0.04339068572330456
leaf_weight=19.064103215932846 13.079768973402677
leaf_count=446 1159
internal_value=-0.00323219
internal_weight=32.1439
internal_count=1605
is_linear=0
shrinkage=0.05


Tree=522
num_leaves=5
num_cat=0
split_feature=45 12 3 7
split_gain=6.11704 2.22301 0.667108 0.0236313
threshold=1.0000000180025095e-35 0.49134678747263855 -1.0400259609247759 0.30009667238085086
decision_type=2 2 2 2
left_child=1 -1 3 -3
right_child=-2 2 -4 -5
leaf_value=-0.038872710722161079 0.04187018733038804 0 0.040793361544960188 -0.0071748557474508165
leaf_weight=5.7376250824891013 6.0410217009484777 1.8704493045806891 0.59451436903327692 0.64762738347053517
leaf_count=1334 100 152 12 7
internal_value=0.00357069 -0.0207393 0.00652078 0
internal_weight=14.8912 8.85022 3.11259 2.51808
internal_count=1605 1505 171 159
is_linear=0
shrinkage=0.05


Tree=523
num_leaves=3
num_cat=0
split_feature=34 4
split_gain=7.40469 0.998068
threshold=1.0000000180025095e-35 -0.35021576160556561
decision_type=2 2
left_child=1 -1
right_child=-2 -3
leaf_value=0 0.041485409273677068 -0.034871009971304059
leaf_weight=1.566554695367812 5.8344206772744664 7.8102019482757887
leaf_count=13 98 1494
internal_value=0 -0.0277577
internal_weight=15.2112 9.37676
internal_count=1605 1507
is_linear=0
shrinkage=0.05


Tree=524
num_leaves=4
num_cat=0
split_feature=21 3 4
split_gain=7.12048 1.15986 0.384384
threshold=1.0000000180025095e-35 -1.1754222435261918 -0.35021576160556561
decision_type=2 2 2
left_child=1 2 -1
right_child=-2 -3 -4
leaf_value=0.028659464403628983 0.044173516512429886 -0.03847934383877559 -0.0084719337618810175
leaf_weight=0.13572620972990979 5.7681292332708827 5.20856902236119 5.856045786757023
leaf_count=2 95 1060 448
internal_value=0 -0.0218191 -0.00163721
internal_weight=16.9685 11.2003 5.99177
internal_count=1605 1510 450
is_linear=0
shrinkage=0.05


Tree=525
num_leaves=4
num_cat=0
split_feature=31 4 12
split_gain=7.80701 0.76209 0.0319808
threshold=1.0000000180025095e-35 -0.80312896480916507 0.49134678747263855
decision_type=2 2 2
left_child=1 -1 -3
right_child=-2 2 -4
leaf_value=0.00010099920483390166 0.042076891331223727 -0.038858390084043952 -0.010070875639026415
leaf_weight=0.46951627731323142 6.1084815822541723 5.7265169622842205 3.4509604880586267
leaf_count=4 100 1335 166
internal_value=0 -0.0277564 -0.0316965
internal_weight=15.7555 9.64699 9.17748
internal_count=1605 1505 1501
is_linear=0
shrinkage=0.05


Tree=526
num_leaves=4
num_cat=0
split_feature=25 12 4
split_gain=7.12818 1.08015 0.0760965
threshold=1.0000000180025095e-35 0.49134678747263855 -0.46879594223394111
decision_type=2 2 2
left_child=1 -1 -3
right_child=-2 2 -4
leaf_value=-0.038852575097050715 0.041777323928708095 0.00069670753996233761 -0.0063560485777707336
leaf_weight=5.7211027820594627 5.8743512630462638 0.48717306554317463 4.3081621201708913
leaf_count=1337 97 7 164
internal_value=0 -0.0246522 -0.000920271
internal_weight=16.3908 10.5164 4.79534
internal_count=1605 1508 171
is_linear=0
shrinkage=0.05


Tree=527
num_leaves=4
num_cat=0
split_feature=29 12 3
split_gain=7.25762 0.749098 0.22512
threshold=1.0000000180025095e-35 0.49134678747263855 -0.92932628974446818
decision_type=2 2 2
left_child=1 -1 -3
right_child=-2 2 -4
leaf_value=-0.03875160796177101 0.041445157137088136 -0.011244822735182921 0.0062847517911901662
leaf_weight=5.6444665857125091 5.6938818991184226 4.9253960587084293 0.39521598909050215
leaf_count=1340 94 160 11
internal_value=-0.000686694 -0.0255985 -0.00521962
internal_weight=16.659 10.9651 5.32061
internal_count=1605 1511 171
is_linear=0
shrinkage=0.05


Tree=528
num_leaves=4
num_cat=0
split_feature=53 12 50
split_gain=7.62987 0.52185 0.237373
threshold=3.5959279840799754 0.49134678747263855 3.4722302465213626
decision_type=2 2 2
left_child=1 2 -1
right_child=-2 -3 -4
leaf_value=-0.039164994388145691 0.041676340648349929 -0.0094835914567770584 0
leaf_weight=5.7847816757857817 5.7148426398634902 7.1811445038765669 0.10803530365228642
leaf_count=1340 92 172 1
internal_value=-0.00281618 -0.0249251 -0.0376184
internal_weight=18.7888 13.074 5.89282
internal_count=1605 1513 1341
is_linear=0
shrinkage=0.05


Tree=529
num_leaves=3
num_cat=0
split_feature=46 12
split_gain=7.33575 0.700752
threshold=1.0000000180025095e-35 0.49134678747263855
decision_type=2 2
left_child=1 -1
right_child=-2 -3
leaf_value=-0.038662513536161749 0.041468175262040607 -0.0057715039478482572
leaf_weight=5.577058737631889 5.7889315895736209 5.4074701508507133
leaf_count=1337 96 172
internal_value=-0.000478123 -0.025604
internal_weight=16.7735 10.9845
internal_count=1605 1509
is_linear=0
shrinkage=0.05


Tree=530
num_leaves=4
num_cat=0
split_feature=0 12 3
split_gain=5.39793 2.64827 0.13693
threshold=1.7776565534620203 0.49134678747263855 -1.2269267479059429
decision_type=2 2 2
left_child=1 -1 -3
right_child=-2 2 -4
leaf_value=-0.038817966750967083 0.041465573777132149 0.0072938106226632096 -0.004605946610166548
leaf_weight=5.695689227664845 5.7869763225316992 6.6572421491146088 0.62520197685807932
leaf_count=1337 96 152 20
internal_value=0.00219101 -0.0143553 0.00282957
internal_weight=18.7651 12.9781 7.28244
internal_count=1605 1509 172
is_linear=0
shrinkage=0.05


Tree=531
num_leaves=4
num_cat=0
split_feature=54 12 3
split_gain=4.96694 2.86009 0.102742
threshold=1.0000000180025095e-35 0.49134678747263855 -1.2269267479059429
decision_type=2 2 2
left_child=1 -1 -3
right_child=-2 2 -4
leaf_value=-0.038825360196656583 0.041348858040834026 0.0053732698047745872 -0.0043760053246927272
leaf_weight=5.7021116013638684 5.4692255333065978 9.5190303325653058 0.61956295743584711
leaf_count=1344 89 152 20
internal_value=0.00137356 -0.0117414 0.0022499
internal_weight=21.3099 15.8407 10.1386
internal_count=1605 1516 172
is_linear=0
shrinkage=0.05


Tree=532
num_leaves=3
num_cat=0
split_feature=3 12
split_gain=4.5856 0.58919
threshold=-1.2971169809373058 0.49134678747263855
decision_type=2 2
left_child=1 -1
right_child=-2 -3
leaf_value=-0.018488324395499658 -0.039712819450716398 0.0080859289510694238
leaf_weight=1.2177030043676484 5.7341075511649242 38.011465311050415
leaf_count=294 1159 152
internal_value=0 0.00640949
internal_weight=44.9633 39.2292
internal_count=1605 446
is_linear=0
shrinkage=0.05


Tree=533
num_leaves=4
num_cat=0
split_feature=14 12 3
split_gain=5.18157 2.14313 0.063597
threshold=1.0000000180025095e-35 0.49134678747263855 -1.0400259609247759
decision_type=2 2 2
left_child=1 -1 -3
right_child=-2 2 -4
leaf_value=-0.038473653852631386 0.04083987076806183 0.0065664568668740613 0
leaf_weight=5.4394777913112176 5.1969745196402082 4.0864713862538338 0.33643928542733181
leaf_count=1341 93 159 12
internal_value=0.00115463 -0.0183064 0.00280627
internal_weight=15.0594 9.86239 4.42291
internal_count=1605 1512 171
is_linear=0
shrinkage=0.05


Tree=534
num_leaves=4
num_cat=0
split_feature=38 4 12
split_gain=6.0453 1.78205 0.0937537
threshold=1.0000000180025095e-35 -0.46879594223394111 0.49134678747263855
decision_type=2 2 2
left_child=1 -1 -3
right_child=-2 2 -4
leaf_value=0.025511647882322821 0.041146633678878212 -0.038277024133019012 -0.0082344537444273072
leaf_weight=0.7940109521150579 5.5272785946726808 5.3017566064372641 3.2796312002465129
leaf_count=7 97 1338 163
internal_value=0.000182916 -0.0222963 -0.0306338
internal_weight=14.9027 9.3754 8.58139
internal_count=1605 1508 1501
is_linear=0
shrinkage=0.05


Tree=535
num_leaves=2
num_cat=0
split_feature=12
split_gain=25.0856
threshold=1.0000000180025095e-35
decision_type=2
left_child=-1
right_child=-2
leaf_value=0.045169934833619432 -0.044372750992300973
leaf_weight=13.704479940235617 16.799273649230599
leaf_count=294 1311
internal_value=-0.0032577
internal_weight=30.5038
internal_count=1605
is_linear=0
shrinkage=0.05


Tree=536
num_leaves=5
num_cat=0
split_feature=42 12 3 7
split_gain=5.45774 2.10532 0.620088 0.0236619
threshold=1.0000000180025095e-35 0.49134678747263855 -1.0400259609247759 0.30009667238085086
decision_type=2 2 2 2
left_child=1 -1 3 -3
right_child=-2 2 -4 -5
leaf_value=-0.038328524533278396 0.041143875735027924 0 0.038972487003466408 -0.0071792906653213237
leaf_weight=5.3367130935657752 5.625175219029189 1.861559413373471 0.61487798951566208 0.64769653230905522
leaf_count=1334 100 152 12 7
internal_value=0.00350166 -0.0196341 0.00628411 0
internal_weight=14.086 8.46085 3.12413 2.50926
internal_count=1605 1505 171 159
is_linear=0
shrinkage=0.05


Tree=537
num_leaves=3
num_cat=0
split_feature=34 4
split_gain=6.6501 0.947767
threshold=1.0000000180025095e-35 -0.35021576160556561
decision_type=2 2
left_child=1 -1
right_child=-2 -3
leaf_value=0 0.040742560499858235 -0.034156792706759094
leaf_weight=1.5725190900266159 5.4290755577385434 7.345001481473445
leaf_count=13 98 1494
internal_value=0 -0.026838
internal_weight=14.3466 8.91752
internal_count=1605 1507
is_linear=0
shrinkage=0.05


Tree=538
num_leaves=4
num_cat=0
split_feature=21 12 7
split_gain=6.40391 1.39456 0.0838396
threshold=1.0000000180025095e-35 0.49134678747263855 0.56299799632434755
decision_type=2 2 2
left_child=1 -1 -3
right_child=-2 2 -4
leaf_value=-0.038185582224657406 0.043515081141257156 -0.0043012390668857254 0.011289153472292344
leaf_weight=5.2401965456083435 5.3757968619465819 5.2047344213351607 0.31649111583828915
leaf_count=1339 95 166 5
internal_value=0 -0.0208244 0
internal_weight=16.1372 10.7614 5.52123
internal_count=1605 1510 171
is_linear=0
shrinkage=0.05


Tree=539
num_leaves=4
num_cat=0
split_feature=30 4 12
split_gain=7.04179 0.734147 0.0265326
threshold=1.0000000180025095e-35 -0.80312896480916507 0.49134678747263855
decision_type=2 2 2
left_child=1 -1 -3
right_child=-2 2 -4
leaf_value=0 0.0413594827912541 -0.038313589240957457 -0.0096181477374679379
leaf_weight=0.47206690907478233 5.6919616162776956 5.3265213500708324 3.4047653507441282
leaf_count=4 100 1335 166
internal_value=0 -0.0268828 -0.030959
internal_weight=14.8953 9.20335 8.73129
internal_count=1605 1505 1501
is_linear=0
shrinkage=0.05


Tree=540
num_leaves=4
num_cat=0
split_feature=25 12 4
split_gain=6.40465 1.03863 0.0666964
threshold=1.0000000180025095e-35 0.49134678747263855 -0.46879594223394111
decision_type=2 2 2
left_child=1 -1 -3
right_child=-2 2 -4
leaf_value=-0.038307102809030075 0.041047358421651615 0.00051956954996858066 -0.0059387911689119423
leaf_weight=5.321366581367327 5.4732725843787202 0.49036616832017887 4.2612506523728371
leaf_count=1337 97 7 164
internal_value=0 -0.0237172 -0.00052584
internal_weight=15.5463 10.073 4.75162
internal_count=1605 1508 171
is_linear=0
shrinkage=0.05


Tree=541
num_leaves=4
num_cat=0
split_feature=26 12 2
split_gain=6.52431 0.725472 0.300711
threshold=1.0000000180025095e-35 0.49134678747263855 -0.94246420894849881
decision_type=2 2 2
left_child=1 -1 -3
right_child=-2 2 -4
leaf_value=-0.038200974056309595 0.040698065789197185 -0.011498566352421724 0.014058341436895619
leaf_weight=5.2504355243872833 5.304205611348153 4.9670500932261348 0.28191151283681382
leaf_count=1340 94 165 6
internal_value=-0.000633182 -0.0246871 -0.00467404
internal_weight=15.8036 10.4994 5.24896
internal_count=1605 1511 171
is_linear=0
shrinkage=0.05


Tree=542
num_leaves=4
num_cat=0
split_feature=53 12 50
split_gain=6.87165 0.49656 0.225141
threshold=3.5959279840799754 0.49134678747263855 3.4722302465213626
decision_type=2 2 2
left_child=1 2 -1
right_child=-2 -3 -4
leaf_value=-0.0386132221369982 0.040910348689528336 -0.0089701677974956106 0
leaf_weight=5.3823869379702973 5.3234852179884902 7.0861768331378698 0.10477426648139943
leaf_count=1340 92 172 1
internal_value=-0.0027986 -0.0240739 -0.0370254
internal_weight=17.8968 12.5733 5.48716
internal_count=1605 1513 1341
is_linear=0
shrinkage=0.05


Tree=543
num_leaves=3
num_cat=0
split_feature=46 12
split_gain=6.60949 0.667096
threshold=1.0000000180025095e-35 0.49134678747263855
decision_type=2 2
left_child=1 -1
right_child=-2 -3
leaf_value=-0.038107916081502755 0.040722209124785809 -0.0053811260492983666
leaf_weight=5.1885625638533366 5.3887541145086297 5.3549099797382951
leaf_count=1337 96 172
internal_value=-0.000516193 -0.0247463
internal_weight=15.9322 10.5435
internal_count=1605 1509
is_linear=0
shrinkage=0.05


Tree=544
num_leaves=4
num_cat=0
split_feature=0 12 3
split_gain=4.81343 2.47963 0.133019
threshold=1.7776565534620203 0.49134678747263855 -1.2269267479059429
decision_type=2 2 2
left_child=1 -1 -3
right_child=-2 2 -4
leaf_value=-0.038273627696213182 0.04071960147956432 0.0071663456797121973 -0.0044961251244958053
leaf_weight=5.2996296139899659 5.386993955820798 6.6729956269264221 0.62226185295730818
leaf_count=1337 96 152 20
internal_value=0.00211567 -0.0134109 0.00273991
internal_weight=17.9819 12.5949 7.29526
internal_count=1605 1509 172
is_linear=0
shrinkage=0.05


Tree=545
num_leaves=4
num_cat=0
split_feature=54 12 3
split_gain=4.42267 2.66959 0.101386
threshold=1.0000000180025095e-35 0.49134678747263855 -1.2269267479059429
decision_type=2 2 2
left_child=1 -1 -3
right_child=-2 2 -4
leaf_value=-0.038280639863443031 0.040567900777069989 0.0053446416801618728 -0.0042716769739023219
leaf_weight=5.3049865143839279 5.0959779992699614 9.5239464640617353 0.61678658239543516
leaf_count=1344 89 152 20
internal_value=0.00135932 -0.0108753 0.00223705
internal_weight=20.5417 15.4457 10.1407
internal_count=1605 1516 172
is_linear=0
shrinkage=0.05


Tree=546
num_leaves=3
num_cat=0
split_feature=3 12
split_gain=4.14854 0.502074
threshold=-1.2971169809373058 0.49134678747263855
decision_type=2 2
left_child=1 -1
right_child=-2 -3
leaf_value=-0.017272887879308956 -0.039194822420218434 0.0074586926189068557
leaf_weight=1.1469542835839082 5.3590400200337163 37.864586114883423
leaf_count=294 1159 152
internal_value=0 0.00588947
internal_weight=44.3706 39.0115
internal_count=1605 446
is_linear=0
shrinkage=0.05


Tree=547
num_leaves=4
num_cat=0
split_feature=14 12 7
split_gain=4.61115 2.01076 0.0616497
threshold=1.0000000180025095e-35 0.49134678747263855 0.56299799632434755
decision_type=2 2 2
left_child=1 -1 -3
right_child=-2 2 -4
leaf_value=-0.037877839431591689 0.040084472819527595 0 0.015717995463043654
leaf_weight=5.041553969960658 4.8461895398795614 4.1734616886824369 0.26412786543369282
leaf_count=1341 93 166 5
internal_value=0.00117897 -0.017218 0.00264936
internal_weight=14.3253 9.47914 4.43759
internal_count=1605 1512 171
is_linear=0
shrinkage=0.05


Tree=548
num_leaves=4
num_cat=0
split_feature=38 4 12
split_gain=5.40954 1.67513 0.0821365
threshold=1.0000000180025095e-35 -0.46879594223394111 0.49134678747263855
decision_type=2 2 2
left_child=1 -1 -3
right_child=-2 2 -4
leaf_value=0.024182068316678268 0.040413662406970072 -0.03767095232225294 -0.0078489564459226276
leaf_weight=0.81402873992919822 5.1535435244441041 4.9150318678002787 3.2437160899862647
leaf_count=7 97 1338 163
internal_value=0.000128717 -0.0212818 -0.0298396
internal_weight=14.1263 8.97278 8.15875
internal_count=1605 1508 1501
is_linear=0
shrinkage=0.05


Tree=549
num_leaves=2
num_cat=0
split_feature=12
split_gain=23.0618
threshold=1.0000000180025095e-35
decision_type=2
left_child=-1
right_child=-2
leaf_value=0.044745646504791931 -0.044140027547555472
leaf_weight=12.722850963473322 15.67090460192412
leaf_count=294 1311
internal_value=-0.00336125
internal_weight=28.3938
internal_count=1605
is_linear=0
shrinkage=0.05


Tree=550
num_leaves=5
num_cat=0
split_feature=42 12 3 7
split_gain=4.85145 1.98372 0.580005 0.0232213
threshold=1.0000000180025095e-35 0.49134678747263855 -1.0400259609247759 0.30009667238085086
decision_type=2 2 2 2
left_child=1 -1 3 -3
right_child=-2 2 -4 -5
leaf_value=-0.037725102500208912 0.040409620135546401 0 0.037379541389483219 -0.0071165997565096747
leaf_weight=4.9471870805136842 5.2394071333110341 1.8563159927725799 0.63317145872861136 0.64625389873981465
leaf_count=1334 100 152 12 7
internal_value=0.00350485 -0.0184648 0.00605481 0
internal_weight=13.3223 8.08293 3.13574 2.50257
internal_count=1605 1505 171 159
is_linear=0
shrinkage=0.05


Tree=551
num_leaves=3
num_cat=0
split_feature=34 4
split_gain=5.94999 0.899796
threshold=1.0000000180025095e-35 -0.35021576160556561
decision_type=2 2
left_child=1 -1
right_child=-2 -3
leaf_value=0 0.039989140836090585 -0.033385923935309682
leaf_weight=1.5748465061187733 5.052931535989047 6.8967803337145588
leaf_count=13 98 1494
internal_value=0 -0.0258501
internal_weight=13.5246 8.47163
internal_count=1605 1507
is_linear=0
shrinkage=0.05


Tree=552
num_leaves=4
num_cat=0
split_feature=21 12 7
split_gain=5.75358 1.32058 0.0761906
threshold=1.0000000180025095e-35 0.49134678747263855 0.56299799632434755
decision_type=2 2 2
left_child=1 -1 -3
right_child=-2 2 -4
leaf_value=-0.037575837644809436 0.042844917810889865 -0.0040128224379860104 0.010998405221739185
leaf_weight=4.8590568366926146 5.0122181735932836 5.168311613611877 0.32008193433284748
leaf_count=1339 95 166 5
internal_value=0 -0.0198293 0
internal_weight=15.3597 10.3475 5.48839
internal_count=1605 1510 171
is_linear=0
shrinkage=0.05


Tree=553
num_leaves=4
num_cat=0
split_feature=30 4 12
split_gain=6.33577 0.706777 0.0171622
threshold=1.0000000180025095e-35 -0.80312896480916507 0.49134678747263855
decision_type=2 2 2
left_child=1 -1 -3
right_child=-2 2 -4
leaf_value=0 0.040638172743580003 -0.037709529903901168 -0.0092121155049360581
leaf_weight=0.47316591441631217 5.3061188533902177 4.9378927708603424 3.3644793201237917
leaf_count=4 100 1335 166
internal_value=0 -0.0259597 -0.0301805
internal_weight=14.0817 8.77554 8.30237
internal_count=1605 1505 1501
is_linear=0
shrinkage=0.05


Tree=554
num_leaves=4
num_cat=0
split_feature=25 3 3
split_gain=5.74059 0.690147 0.443876
threshold=1.0000000180025095e-35 -1.0868720616634644 -1.1317619565702162
decision_type=2 2 2
left_child=1 2 -1
right_child=-2 -3 -4
leaf_value=-0.01138354662346009 0.04030954317554257 -0.037198721975114341 0.026826996339701495
leaf_weight=5.0085130799561739 5.1010610423982152 4.4889664039947084 0.15073065017349918
leaf_count=453 97 1052 3
internal_value=0 -0.0227461 -0.00357809
internal_weight=14.7493 9.64821 5.15924
internal_count=1605 1508 456
is_linear=0
shrinkage=0.05


Tree=555
num_leaves=4
num_cat=0
split_feature=26 12 2
split_gain=5.84967 0.695528 0.282613
threshold=1.0000000180025095e-35 0.49134678747263855 -0.94246420894849881
decision_type=2 2 2
left_child=1 -1 -3
right_child=-2 2 -4
leaf_value=-0.037590638215898586 0.03994305977481559 -0.011020743122286004 0.013797397645479213
leaf_weight=4.8676600835751724 4.9428428485989579 4.8987558353692293 0.2847808152437209
leaf_count=1340 94 165 6
internal_value=-0.000518931 -0.0237361 -0.00416473
internal_weight=14.994 10.0512 5.18354
internal_count=1605 1511 171
is_linear=0
shrinkage=0.05


Tree=556
num_leaves=4
num_cat=0
split_feature=53 12 50
split_gain=6.17991 0.462524 0.213056
threshold=3.5959279840799754 0.49134678747263855 3.4722302465213626
decision_type=2 2 2
left_child=1 2 -1
right_child=-2 -3 -4
leaf_value=-0.03800342707678029 0.040135769384573416 -0.0085300346503887486 0
leaf_weight=4.9907078531105089 4.9599432311952105 7.0064778700470924 0.10160310566425312
leaf_count=1340 92 172 1
internal_value=-0.00274984 -0.0232104 -0.03637
internal_weight=17.0587 12.0988 5.09231
internal_count=1605 1513 1341
is_linear=0
shrinkage=0.05


Tree=557
num_leaves=3
num_cat=0
split_feature=46 12
split_gain=5.94374 0.625388
threshold=1.0000000180025095e-35 0.49134678747263855
decision_type=2 2
left_child=1 -1
right_child=-2 -3
leaf_value=-0.037492412376202655 0.03996636559248621 -0.0050607868291067878
leaf_weight=4.8106038891710323 5.0174210257828245 5.3124580290168524
leaf_count=1337 96 172
internal_value=-0.000512241 -0.0238653
internal_weight=15.1405 10.1231
internal_count=1605 1509
is_linear=0
shrinkage=0.05


Tree=558
num_leaves=4
num_cat=0
split_feature=0 12 3
split_gain=4.28464 2.30102 0.126484
threshold=1.7776565534620203 0.49134678747263855 -1.2269267479059429
decision_type=2 2 2
left_child=1 -1 -3
right_child=-2 2 -4
leaf_value=-0.037666231346984852 0.039963760603245232 0.0069446997569118114 -0.0043289266410583309
leaf_weight=4.9123902402352559 5.0158435963094226 6.7005468010902405 0.61796340718865383
leaf_count=1337 96 152 20
internal_value=0.00206999 -0.0124656 0.00257927
internal_weight=17.2467 12.2309 7.31851
internal_count=1605 1509 172
is_linear=0
shrinkage=0.05


Tree=559
num_leaves=4
num_cat=0
split_feature=54 12 3
split_gain=3.93453 2.46805 0.0972853
threshold=1.0000000180025095e-35 0.49134678747263855 -1.2269267479059429
decision_type=2 2 2
left_child=1 -1 -3
right_child=-2 2 -4
leaf_value=-0.037673851920676599 0.03977778927946729 0.0052158088769622005 -0.0041098241716870957
leaf_weight=4.9173870657105008 4.7493326067924491 9.5461239814758283 0.6126582548022278
leaf_count=1344 89 152 20
internal_value=0.00135489 -0.0100325 0.0021415
internal_weight=19.8255 15.0762 10.1588
internal_count=1605 1516 172
is_linear=0
shrinkage=0.05


Tree=560
num_leaves=3
num_cat=0
split_feature=3 12
split_gain=3.89827 0.498929
threshold=-1.2971169809373058 0.49134678747263855
decision_type=2 2
left_child=1 -1
right_child=-2 -3
leaf_value=-0.016866061838778673 -0.038696036244916278 0.0077730943152666838
leaf_weight=1.124764576088636 5.0307703358121207 36.724315285682678
leaf_count=305 1164 148
internal_value=0 0.00617863
internal_weight=42.8799 37.8491
internal_count=1617 453
is_linear=0
shrinkage=0.05


Tree=561
num_leaves=4
num_cat=0
split_feature=14 12 62
split_gain=4.34297 1.95533 0.0593356
threshold=1.0000000180025095e-35 0.49134678747263855 1.0000000180025095e-35
decision_type=2 2 2
left_child=1 -1 -3
right_child=-2 2 -4
leaf_value=-0.037301472018607278 0.039715344214002864 0.0067796866430049913 0
leaf_weight=4.7035869634710235 4.9177947752177724 4.0661645969375968 0.28156576305627812
leaf_count=1348 102 157 10
internal_value=0.00264982 -0.0158961 0.00356298
internal_weight=13.9691 9.05132 4.34773
internal_count=1617 1515 167
is_linear=0
shrinkage=0.05


Tree=562
num_leaves=4
num_cat=0
split_feature=38 13 13
split_gain=4.71499 1.39869 2.01833
threshold=1.0000000180025095e-35 -0.78681577724436436 -1.0342884930852898
decision_type=2 2 2
left_child=1 2 -1
right_child=-2 -3 -4
leaf_value=-0.012388346774438331 0.03930674971360891 -0.037919911461111865 0.074394070754022781
leaf_weight=3.7655944642610848 4.6768091432750234 4.5669885764364144 0.2934226265642782
leaf_count=458 96 1057 6
internal_value=0 -0.0203767 0
internal_weight=13.3028 8.62601 4.05902
internal_count=1617 1521 464
is_linear=0
shrinkage=0.05


Tree=563
num_leaves=2
num_cat=0
split_feature=12
split_gain=21.6642
threshold=1.0000000180025095e-35
decision_type=2
left_child=-1
right_child=-2
leaf_value=0.044478611439886538 -0.043879716588370393
leaf_weight=12.298635020852091 14.563062206842003
leaf_count=305 1312
internal_value=-0.00243762
internal_weight=26.8617
internal_count=1617
is_linear=0
shrinkage=0.05


Tree=564
num_leaves=5
num_cat=0
split_feature=45 12 13 13
split_gain=4.98811 1.08634 0.094065 0.170227
threshold=1.0000000180025095e-35 0.49134678747263855 -0.42655137547975513 -1.3186276315601533
decision_type=2 2 2 2
left_child=1 -1 3 -3
right_child=-2 2 -4 -5
leaf_value=-0.037227866461143462 0.039331599462589975 0 0.016247222068424657 -0.017577200507127629
leaf_weight=4.6634440065827221 4.6908034011721611 1.8032753653824334 0.25229618325829495 0.99581462517380726
leaf_count=1354 96 148 7 12
internal_value=0 -0.023249 0 -0.00332972
internal_weight=12.4056 7.71483 3.05139 2.79909
internal_count=1617 1521 167 160
is_linear=0
shrinkage=0.05


Tree=565
num_leaves=4
num_cat=0
split_feature=37 4 12
split_gain=4.53946 2.03727 0.0328664
threshold=1.0000000180025095e-35 -0.35021576160556561 0.49134678747263855
decision_type=2 2 2
left_child=1 -1 -3
right_child=-2 2 -4
leaf_value=0.019179611341420218 0.039530897746975879 -0.037534697848513675 -0.0013148329917995495
leaf_weight=1.5772826001048077 4.7935186997056016 4.8355182830709955 1.6594841037876902
leaf_count=13 98 1352 154
internal_value=0.00157062 -0.0190457 -0.0326099
internal_weight=12.8658 8.07228 6.495
internal_count=1617 1519 1506
is_linear=0
shrinkage=0.05


Tree=566
num_leaves=2
num_cat=0
split_feature=21
split_gain=7.35806
threshold=1.0000000180025095e-35
decision_type=2
left_child=-1
right_child=-2
leaf_value=-0.028094604960814985 0.042696946049317674
leaf_weight=9.8197034506592882 5.1427962668240079
leaf_count=1512 105
internal_value=-0.001552
internal_weight=14.9625
internal_count=1617
is_linear=0
shrinkage=0.05


Tree=567
num_leaves=4
num_cat=0
split_feature=30 4 12
split_gain=4.73491 1.82963 0.136328
threshold=1.0000000180025095e-35 -0.80312896480916507 0.49134678747263855
decision_type=2 2 2
left_child=1 -1 -3
right_child=-2 2 -4
leaf_value=0.03063788738176397 0.039669754605305738 -0.037205276148790281 -0.0062303496572367195
leaf_weight=0.71236764639615913 4.8056116737425336 4.6512136554811141 3.0962619036436081
leaf_count=6 97 1354 160
internal_value=0.00062173 -0.0197452 -0.0289856
internal_weight=13.2655 8.45984 7.74748
internal_count=1617 1520 1514
is_linear=0
shrinkage=0.05


Tree=568
num_leaves=4
num_cat=0
split_feature=25 12 4
split_gain=5.01753 1.05508 0.0192634
threshold=1.0000000180025095e-35 0.49134678747263855 -0.46879594223394111
decision_type=2 2 2
left_child=1 -1 -3
right_child=-2 2 -4
leaf_value=-0.037241833960556962 0.039394302068718079 0 -0.0032779883704302606
leaf_weight=4.6706117184367013 4.6614566631615171 0.55123613029718388 3.9818676551803946
leaf_count=1355 95 8 159
internal_value=0 -0.0216151 0
internal_weight=13.8652 9.20372 4.5331
internal_count=1617 1522 167
is_linear=0
shrinkage=0.05


Tree=569
num_leaves=3
num_cat=0
split_feature=26 4
split_gain=5.52821 0.503355
threshold=1.0000000180025095e-35 -0.37450290859423491
decision_type=2 2
left_child=1 -1
right_child=-2 -3
leaf_value=0 0.039847846941277028 -0.026008174109706551
leaf_weight=0.64506588131189246 4.9944628253579149 8.8942906181327981
leaf_count=11 102 1504
internal_value=0 -0.0225304
internal_weight=14.5338 9.53936
internal_count=1617 1515
is_linear=0
shrinkage=0.05


Tree=570
num_leaves=5
num_cat=0
split_feature=50 12 53 3
split_gain=3.94995 1.71449 0.330184 0.0467508
threshold=2.9602423299905172 0.49134678747263855 3.5961591787898173 -1.2971169809373058
decision_type=2 2 2 2
left_child=1 2 -1 -3
right_child=-2 3 -4 -5
leaf_value=-0.037476367248335321 0.039120935742832735 0.0040096999512872523 0 -0.0029908292349494804
leaf_weight=4.6940814487170446 4.5290500819683066 6.1654081344604492 0.15401549637317646 0.58580969739705313
leaf_count=1358 90 148 1 20
internal_value=0.000553893 -0.0134331 -0.0347805 0
internal_weight=16.1284 11.5993 4.8481 6.75122
internal_count=1617 1527 1359 168
is_linear=0
shrinkage=0.05


Tree=571
num_leaves=2
num_cat=0
split_feature=46
split_gain=6.31789
threshold=1.0000000180025095e-35
decision_type=2
left_child=-1
right_child=-2
leaf_value=-0.02770034994587095 0.03936912779435392
leaf_weight=9.6509753642603737 4.7681682892143735
leaf_count=1519 98
internal_value=-0.00326978
internal_weight=14.4191
internal_count=1617
is_linear=0
shrinkage=0.05


Tree=572
num_leaves=3
num_cat=0
split_feature=0 12
split_gain=4.70113 1.02557
threshold=1.7776565534620203 0.49134678747263855
decision_type=2 2
left_child=1 -1
right_child=-2 -3
leaf_value=-0.037189790185232711 0.038537869536315904 -0.0028573535506068578
leaf_weight=4.6434421364683676 4.3368154577910891 7.1530644604936242
leaf_count=1360 89 168
internal_value=-0.00160825 -0.0193674
internal_weight=16.1333 11.7965
internal_count=1617 1528
is_linear=0
shrinkage=0.05


Tree=573
num_leaves=4
num_cat=0
split_feature=54 12 3
split_gain=3.22338 2.43132 0.122628
threshold=1.0000000180025095e-35 0.49134678747263855 -1.2971169809373058
decision_type=2 2 2
left_child=1 -1 -3
right_child=-2 2 -4
leaf_value=-0.037183134463482717 0.038481982006141488 0.0064679451828976208 -0.0033564840459633081
leaf_weight=4.6401151022873828 4.1890759579837313 9.319827586412428 0.59427798353135664
leaf_count=1365 84 148 20
internal_value=0.00125553 -0.00872077 0.00334558
internal_weight=18.7433 14.5542 9.91411
internal_count=1617 1533 168
is_linear=0
shrinkage=0.05


Tree=574
num_leaves=3
num_cat=0
split_feature=3 12
split_gain=3.50252 0.418118
threshold=-1.2971169809373058 0.49134678747263855
decision_type=2 2
left_child=1 -1
right_child=-2 -3
leaf_value=-0.015647421910966023 -0.038145899090406082 0.0070354681618483824
leaf_weight=1.0610921424813557 4.7130347203928968 36.548944115638733
leaf_count=305 1164 148
internal_value=0 0.00554262
internal_weight=42.3231 37.61
internal_count=1617 453
is_linear=0
shrinkage=0.05


Tree=575
num_leaves=4
num_cat=0
split_feature=14 12 62
split_gain=3.87127 1.82202 0.055834
threshold=1.0000000180025095e-35 0.49134678747263855 1.0000000180025095e-35
decision_type=2 2 2
left_child=1 -1 -3
right_child=-2 2 -4
leaf_value=-0.036650135208551614 0.038979612188149527 0.0064963558818746138 0
leaf_weight=4.3671143972314876 4.5920653194189081 4.0892307441681623 0.27943009417504061
leaf_count=1348 102 157 10
internal_value=0.00262764 -0.0148501 0.00333322
internal_weight=13.3278 8.73578 4.36866
internal_count=1617 1515 167
is_linear=0
shrinkage=0.05


Tree=576
num_leaves=4
num_cat=0
split_feature=38 13 13
split_gain=4.20085 1.35895 1.88464
threshold=1.0000000180025095e-35 -0.78681577724436436 -1.0342884930852898
decision_type=2 2 2
left_child=1 2 -1
right_child=-2 -3 -4
leaf_value=-0.01165068010599144 0.038552300712572353 -0.037335510461406402 0.071544398529249473
leaf_weight=3.6775663737207656 4.3689649738371381 4.2798750845249733 0.30970298056490619
leaf_count=458 96 1057 6
internal_value=0 -0.0192994 0
internal_weight=12.6361 8.26714 3.98727
internal_count=1617 1521 464
is_linear=0
shrinkage=0.05


Tree=577
num_leaves=2
num_cat=0
split_feature=12
split_gain=19.978
threshold=1.0000000180025095e-35
decision_type=2
left_child=-1
right_child=-2
leaf_value=0.044078784005576938 -0.043630393094443519
leaf_weight=11.465368214994671 13.606076790485529
leaf_count=305 1312
internal_value=-0.00246505
internal_weight=25.0714
internal_count=1617
is_linear=0
shrinkage=0.05


Tree=578
num_leaves=5
num_cat=0
split_feature=42 12 13 13
split_gain=4.45781 1.03246 0.0896012 0.163985
threshold=1.0000000180025095e-35 0.49134678747263855 -0.42655137547975513 -1.3186276315601533
decision_type=2 2 2 2
left_child=1 -1 3 -3
right_child=-2 2 -4 -5
leaf_value=-0.036572976016347979 0.038576740610123422 0 0.01598056723633515 -0.017247859918796203
leaf_weight=4.3301913414616138 4.3817838542163372 1.8001894988119607 0.25486067216843356 0.9830496832728387
leaf_count=1354 96 148 7 12
internal_value=0 -0.0222052 0 -0.00308403
internal_weight=11.7501 7.36829 3.0381 2.78324
internal_count=1617 1521 167 160
is_linear=0
shrinkage=0.05


Tree=579
num_leaves=4
num_cat=0
split_feature=34 4 12
split_gain=4.05594 1.89563 0.0209409
threshold=1.0000000180025095e-35 -0.35021576160556561 0.49134678747263855
decision_type=2 2 2
left_child=1 -1 -3
right_child=-2 2 -4
leaf_value=0.01796168457652135 0.038784325951064569 -0.036895313389914884 -0.0011834408049559079
leaf_weight=1.6073835901916025 4.4771089144051075 4.4886729212012142 1.6533336993306873
leaf_count=13 98 1352 154
internal_value=0.00151487 -0.0180322 -0.0318589
internal_weight=12.2265 7.74939 6.14201
internal_count=1617 1519 1506
is_linear=0
shrinkage=0.05


Tree=580
num_leaves=2
num_cat=0
split_feature=21
split_gain=6.66724
threshold=1.0000000180025095e-35
decision_type=2
left_child=-1
right_child=-2
leaf_value=-0.027235612644606173 0.042028591898547074
leaf_weight=9.3859958532266301 4.8023352958261976
leaf_count=1512 105
internal_value=-0.00145704
internal_weight=14.1883
internal_count=1617
is_linear=0
shrinkage=0.05


Tree=581
num_leaves=4
num_cat=0
split_feature=30 12 62
split_gain=4.23412 1.36407 1.76323
threshold=1.0000000180025095e-35 0.49134678747263855 0.10759087094878059
decision_type=2 2 2
left_child=1 -1 -3
right_child=-2 2 -4
leaf_value=-0.036549478928904318 0.038926080799935689 -0.010802927977589458 0.068687525579815237
leaf_weight=4.3190321966540051 4.4908923991024503 3.4703353708609943 0.33610288053750981
leaf_count=1354 97 160 6
internal_value=0.000585632 -0.0187346 0
internal_weight=12.6164 8.12547 3.80644
internal_count=1617 1520 166
is_linear=0
shrinkage=0.05


Tree=582
num_leaves=4
num_cat=0
split_feature=25 12 13
split_gain=4.49743 0.992216 0.0176887
threshold=1.0000000180025095e-35 0.49134678747263855 -0.75766210091990349
decision_type=2 2 2
left_child=1 -1 -3
right_child=-2 2 -4
leaf_value=-0.03658743397824718 0.038638666568189067 -0.0031480516077223852 0
leaf_weight=4.3367413373198342 4.3558073788881311 3.9622380509972572 0.55228985939174879
leaf_count=1355 95 153 14
internal_value=0 -0.0206669 0
internal_weight=13.2071 8.85127 4.51453
internal_count=1617 1522 167
is_linear=0
shrinkage=0.05


Tree=583
num_leaves=4
num_cat=0
split_feature=26 12 3
split_gain=4.94324 0.753101 0.189758
threshold=1.0000000180025095e-35 0.49134678747263855 -0.92932628974446818
decision_type=2 2 2
left_child=1 -1 -3
right_child=-2 2 -4
leaf_value=-0.03644524752801425 0.039108032282362565 -0.0085783297296291947 0.011949109622638596
leaf_weight=4.2698409140575659 4.6594522669911393 4.5647398307919502 0.31186521984636772
leaf_count=1348 102 157 10
internal_value=0 -0.0215192 -0.00162667
internal_weight=13.8059 9.14645 4.87661
internal_count=1617 1515 167
is_linear=0
shrinkage=0.05


Tree=584
num_leaves=5
num_cat=0
split_feature=50 12 53 3
split_gain=3.51988 1.58096 0.313076 0.044311
threshold=2.9602423299905172 0.49134678747263855 3.5961591787898173 -1.2971169809373058
decision_type=2 2 2 2
left_child=1 2 -1 -3
right_child=-2 3 -4 -5
leaf_value=-0.036815290382032233 0.038337782667600052 0.0038998177213095016 0 -0.0029137106266836519
leaf_weight=4.359383528120814 4.2308385968208322 6.1788713783025742 0.15035372972488392 0.58383863512426604
leaf_count=1358 90 148 1 20
internal_value=0.000546541 -0.0125397 -0.0340361 0
internal_weight=15.5033 11.2724 4.50974 6.76271
internal_count=1617 1527 1359 168
is_linear=0
shrinkage=0.05


Tree=585
num_leaves=2
num_cat=0
split_feature=46
split_gain=5.69354
threshold=1.0000000180025095e-35
decision_type=2
left_child=-1
right_child=-2
leaf_value=-0.026827894714853431 0.038610337851564869
leaf_weight=9.2243748267646861 4.4482731819152841
leaf_count=1519 98
internal_value=-0.00316314
internal_weight=13.6726
internal_count=1617
is_linear=0
shrinkage=0.05


Tree=586
num_leaves=3
num_cat=0
split_feature=0 12
split_gain=4.21741 0.951635
threshold=1.7776565534620203 0.49134678747263855
decision_type=2 2
left_child=1 -1
right_child=-2 -3
leaf_value=-0.036531534566962863 0.03774776976269003 -0.0026663721475013898
leaf_weight=4.3110286325681937 4.0510382093489179 7.1224619727581739
leaf_count=1360 89 168
internal_value=-0.00151941 -0.0185259
internal_weight=15.4845 11.4335
internal_count=1617 1528
is_linear=0
shrinkage=0.05


Tree=587
num_leaves=4
num_cat=0
split_feature=54 12 3
split_gain=2.87067 2.23033 0.116169
threshold=1.0000000180025095e-35 0.49134678747263855 -1.2971169809373058
decision_type=2 2 2
left_child=1 -1 -3
right_child=-2 2 -4
leaf_value=-0.03652485498486998 0.037665891434379144 0.0062187441132103066 -0.0032708518341867613
leaf_weight=4.3080782506149271 3.9160198904573909 9.3611077368259412 0.59207636490464288
leaf_count=1365 84 148 20
internal_value=0.00125664 -0.00798459 0.00313318
internal_weight=18.1773 14.2613 9.95318
internal_count=1617 1533 168
is_linear=0
shrinkage=0.05


Tree=588
num_leaves=3
num_cat=0
split_feature=3 12
split_gain=3.15733 0.350542
threshold=-1.2971169809373058 0.49134678747263855
decision_type=2 2
left_child=1 -1
right_child=-2 -3
leaf_value=-0.014433594265666278 -0.037579971140669383 0.0063916324701861621
leaf_weight=1.0024134814739216 4.4208495728671542 36.39318972826004
leaf_count=305 1164 148
internal_value=0 0.00499062
internal_weight=41.8165 37.3956
internal_count=1617 453
is_linear=0
shrinkage=0.05


Tree=589
num_leaves=4
num_cat=0
split_feature=14 12 62
split_gain=3.44848 1.69375 0.0523937
threshold=1.0000000180025095e-35 0.49134678747263855 1.0000000180025095e-35
decision_type=2 2 2
left_child=1 -1 -3
right_child=-2 2 -4
leaf_value=-0.035970816954768392 0.038227949976467529 0.0062196498690040873 0
leaf_weight=4.059014112222938 4.2887147925794133 4.1118741407990456 0.27678264118731011
leaf_count=1348 102 157 10
internal_value=0.00259113 -0.0138322 0.00311454
internal_weight=12.7364 8.44767 4.38866
internal_count=1617 1515 167
is_linear=0
shrinkage=0.05


Tree=590
num_leaves=4
num_cat=0
split_feature=38 4 12
split_gain=3.7391 1.24342 0.1576
threshold=1.0000000180025095e-35 -0.46879594223394111 0.49134678747263855
decision_type=2 2 2
left_child=1 -1 -3
right_child=-2 2 -4
leaf_value=0.016748035774553242 0.037781818921866196 -0.035894404293512962 -0.0045165753118128916
leaf_weight=0.94762787967920292 4.0822673588991165 4.026953719323501 2.9628381533548236
leaf_count=8 96 1354 159
internal_value=0 -0.0182387 -0.0271212
internal_weight=12.0197 7.93742 6.98979
internal_count=1617 1521 1513
is_linear=0
shrinkage=0.05


Tree=591
num_leaves=2
num_cat=0
split_feature=12
split_gain=18.4243
threshold=1.0000000180025095e-35
decision_type=2
left_child=-1
right_child=-2
leaf_value=0.043672134114954277 -0.043371788652229716
leaf_weight=10.688247177749874 12.721714966464786
leaf_count=305 1312
internal_value=-0.0025025
internal_weight=23.41
internal_count=1617
is_linear=0
shrinkage=0.05


Tree=592
num_leaves=5
num_cat=0
split_feature=45 12 13 13
split_gain=3.97917 0.978655 0.0844887 0.157583
threshold=1.0000000180025095e-35 0.49134678747263855 -0.42655137547975513 -1.3186276315601533
decision_type=2 2 2 2
left_child=1 -1 3 -3
right_child=-2 2 -4 -5
leaf_value=-0.035890098747139276 0.037805477821580724 0 0.015622117126624214 -0.016905142727783564
leaf_weight=4.0250367696862668 4.0939170271158218 1.7969300970435147 0.25835617259144772 0.96999871265143167
leaf_count=1354 96 148 7 12
internal_value=0 -0.0211645 0 -0.00282891
internal_weight=11.1442 7.05032 3.02528 2.76693
internal_count=1617 1521 167 160
is_linear=0
shrinkage=0.05


Tree=593
num_leaves=3
num_cat=0
split_feature=34 4
split_gain=3.62264 1.76103
threshold=1.0000000180025095e-35 -0.35021576160556561
decision_type=2 2
left_child=1 -1
right_child=-2 -3
leaf_value=0.016803382841961225 0.038024559373496844 -0.031097626074406255
leaf_weight=1.6365409120917318 4.182885505259037 5.8183576567098498
leaf_count=13 98 1506
internal_value=0.00144012 -0.0170442
internal_weight=11.6378 7.4549
internal_count=1617 1519
is_linear=0
shrinkage=0.05


Tree=594
num_leaves=2
num_cat=0
split_feature=21
split_gain=6.03928
threshold=1.0000000180025095e-35
decision_type=2
left_child=-1
right_child=-2
leaf_value=-0.026369731238285996 0.041363362567336248
leaf_weight=8.9835868396330607 4.4851262122392663
leaf_count=1512 105
internal_value=-0.00135145
internal_weight=13.4687
internal_count=1617
is_linear=0
shrinkage=0.05


Tree=595
num_leaves=4
num_cat=0
split_feature=30 4 12
split_gain=3.77414 1.61784 0.104555
threshold=1.0000000180025095e-35 -0.80312896480916507 0.49134678747263855
decision_type=2 2 2
left_child=1 -1 -3
right_child=-2 2 -4
leaf_value=0.028070000607409492 0.03816985253658306 -0.035865720238785329 -0.0056035784748504416
leaf_weight=0.74636424332857121 4.1981428302824497 4.0148549661971629 3.0429683541879058
leaf_count=6 97 1354 160
internal_value=0.000602371 -0.0176774 -0.02736
internal_weight=12.0023 7.80419 7.05782
internal_count=1617 1520 1514
is_linear=0
shrinkage=0.05


Tree=596
num_leaves=4
num_cat=0
split_feature=25 12 13
split_gain=4.02861 0.930662 0.0156988
threshold=1.0000000180025095e-35 0.49134678747263855 -0.75766210091990349
decision_type=2 2 2
left_child=1 -1 -3
right_child=-2 2 -4
leaf_value=-0.035905031648604195 0.037871676008980906 -0.0029714536645628585 0
leaf_weight=4.0310201866086555 4.0716245286166677 3.9449719563126564 0.55151036567986
leaf_count=1355 95 153 14
internal_value=0 -0.0197312 0
internal_weight=12.5991 8.5275 4.49648
internal_count=1617 1522 167
is_linear=0
shrinkage=0.05


Tree=597
num_leaves=4
num_cat=0
split_feature=26 12 3
split_gain=4.4324 0.711901 0.178608
threshold=1.0000000180025095e-35 0.49134678747263855 -0.92932628974446818
decision_type=2 2 2
left_child=1 -1 -3
right_child=-2 2 -4
leaf_value=-0.035756533441848926 0.038359960145910574 -0.0082366829757785 0.011858171308160486
leaf_weight=3.9695597346872074 4.3507369682192811 4.5223630033433437 0.31270163785666216
leaf_count=1348 102 157 10
internal_value=0 -0.0205862 -0.00126155
internal_weight=13.1554 8.80462 4.83506
internal_count=1617 1515 167
is_linear=0
shrinkage=0.05


Tree=598
num_leaves=5
num_cat=0
split_feature=50 12 53 3
split_gain=3.13366 1.45448 0.296345 0.0421577
threshold=2.9602423299905172 0.49134678747263855 3.5961591787898173 -1.2971169809373058
decision_type=2 2 2 2
left_child=1 2 -1 -3
right_child=-2 3 -4 -5
leaf_value=-0.036126780929110466 0.037536287255834917 0.0038002596753358127 0 -0.0028455032170403307
leaf_weight=4.0527542012277973 3.9525410681962976 6.1911133974790573 0.14671039581298817 0.58207643963396538
leaf_count=1358 90 148 1 20
internal_value=0.000527682 -0.0116793 -0.0332679 0
internal_weight=14.9252 10.9727 4.19946 6.77319
internal_count=1617 1527 1359 168
is_linear=0
shrinkage=0.05


Tree=599
num_leaves=3
num_cat=0
split_feature=46 12
split_gain=5.12422 0.0194643
threshold=1.0000000180025095e-35 0.49134678747263855
decision_type=2 2
left_child=1 -1
right_child=-2 -3
leaf_value=-0.035763582862176589 0.037832024191077479 -0.010659759639371057
leaf_weight=3.9726194306276721 4.1500775255262861 4.8557142289355397
leaf_count=1351 98 168
internal_value=-0.00305123 -0.0259476
internal_weight=12.9784 8.82833
internal_count=1617 1519
is_linear=0
shrinkage=0.05


Tree=600
num_leaves=3
num_cat=0
split_feature=0 12
split_gain=3.78012 0.880392
threshold=1.7776565534620203 0.49134678747263855
decision_type=2 2
left_child=1 -1
right_child=-2 -3
leaf_value=-0.035845034694868522 0.03693800949838847 -0.0024800987289190675
leaf_weight=4.0066561817657185 3.7845447771251211 7.0928292255848646
leaf_count=1360 89 168
internal_value=-0.00143718 -0.0177053
internal_weight=14.884 11.0995
internal_count=1617 1528
is_linear=0
shrinkage=0.05


Tree=601
num_leaves=4
num_cat=0
split_feature=54 12 3
split_gain=2.55451 2.04232 0.110288
threshold=1.0000000180025095e-35 0.49134678747263855 -1.2971169809373058
decision_type=2 2 2
left_child=1 -1 -3
right_child=-2 2 -4
leaf_value=-0.035838355378098173 0.036831459167878111 0.0059887791855351997 -0.0031946899192347301
leaf_weight=4.0040454724803576 3.6612122468650332 9.3994867205619794 0.5901002464815982
leaf_count=1365 84 148 20
internal_value=0.00124756 -0.00728694 0.00293656
internal_weight=17.6548 13.9936 9.98959
internal_count=1617 1533 168
is_linear=0
shrinkage=0.05


Tree=602
num_leaves=3
num_cat=0
split_feature=3 12
split_gain=2.85061 0.294054
threshold=-1.2971169809373058 0.49134678747263855
decision_type=2 2
left_child=1 -1
right_child=-2 -3
leaf_value=-0.013228918215900144 -0.036984831956444732 0.0058301093969904023
leaf_weight=0.94835535623133083 4.1487202760763457 36.255398094654083
leaf_count=305 1164 148
internal_value=0 0.00451222
internal_weight=41.3525 37.2038
internal_count=1617 453
is_linear=0
shrinkage=0.05


Tree=603
num_leaves=4
num_cat=0
split_feature=14 12 62
split_gain=3.06896 1.57264 0.0496108
threshold=1.0000000180025095e-35 0.49134678747263855 1.0000000180025095e-35
decision_type=2 2 2
left_child=1 -1 -3
right_child=-2 2 -4
leaf_value=-0.035264157505282577 0.037461877531507641 0.005995280457548699 0
leaf_weight=3.7768752118572575 4.0077283568680295 4.1305557582527399 0.27427987847477187
leaf_count=1348 102 157 10
internal_value=0.00255885 -0.0128313 0.00294053
internal_weight=12.1894 8.18171 4.40484
internal_count=1617 1515 167
is_linear=0
shrinkage=0.05


Tree=604
num_leaves=4
num_cat=0
split_feature=38 13 13
split_gain=3.33591 1.29252 1.70657
threshold=1.0000000180025095e-35 -0.78681577724436436 -1.0342884930852898
decision_type=2 2 2
left_child=1 2 -1
right_child=-2 -3 -4
leaf_value=-0.010240871375958837 0.036996781073855643 -0.036267672356570302 0.068067522192217553
leaf_weight=3.5172500943299387 3.8167545832693577 3.8049461073242128 0.32990796701051284
leaf_count=458 96 1057 6
internal_value=0 -0.0172693 0
internal_weight=11.4689 7.6521 3.84716
internal_count=1617 1521 464
is_linear=0
shrinkage=0.05


Tree=605
num_leaves=2
num_cat=0
split_feature=3
split_gain=8.07785
threshold=-1.2971169809373058
decision_type=2
left_child=-1
right_child=-2
leaf_value=0.019694829733729095 -0.04124192286302511
leaf_weight=13.61124060675502 8.2422428070567531
leaf_count=453 1164
internal_value=-0.00257805
internal_weight=21.8535
internal_count=1617
is_linear=0
shrinkage=0.05


Tree=606
num_leaves=5
num_cat=0
split_feature=42 12 13 13
split_gain=3.54572 0.928296 0.0812038 0.150514
threshold=1.0000000180025095e-35 0.49134678747263855 -0.42655137547975513 -1.3186276315601533
decision_type=2 2 2 2
left_child=1 -1 3 -3
right_child=-2 2 -4 -5
leaf_value=-0.035179893803682673 0.037020151098077513 0 0.015473189283943978 -0.016522073830935274
leaf_weight=3.7455916157923639 3.8273394480347633 1.793543748557568 0.25973046757280815 0.95579167921096098
leaf_count=1354 96 148 7 12
internal_value=0 -0.0201094 0 -0.00254917
internal_weight=10.582 6.75466 3.00907 2.74934
internal_count=1617 1521 167 160
is_linear=0
shrinkage=0.05


Tree=607
num_leaves=4
num_cat=0
split_feature=37 62 7
split_gain=3.21355 1.64036 2.43278
threshold=1.0000000180025095e-35 -0.574528586573261 0.41740108349421173
decision_type=2 2 2
left_child=1 2 -1
right_child=-2 -3 -4
leaf_value=-0.014271932564522291 0.037245614033560893 -0.036804454366360727 0.066571800902786887
leaf_weight=2.4891241947188978 3.9089392237365246 3.9145766489673406 0.74949729442596424
leaf_count=454 98 1060 5
internal_value=0.00149265 -0.0159352 0.00415145
internal_weight=11.0621 7.1532 3.23862
internal_count=1617 1519 459
is_linear=0
shrinkage=0.05


Tree=608
num_leaves=2
num_cat=0
split_feature=21
split_gain=5.46381
threshold=1.0000000180025095e-35
decision_type=2
left_child=-1
right_child=-2
leaf_value=-0.0254904945656316 0.040674376881007508
leaf_weight=8.6073653497733158 4.1916647739708432
leaf_count=1512 105
internal_value=-0.00122721
internal_weight=12.799
internal_count=1617
is_linear=0
shrinkage=0.05


Tree=609
num_leaves=4
num_cat=0
split_feature=31 4 12
split_gain=3.36906 1.51726 0.0873
threshold=1.0000000180025095e-35 -0.80312896480916507 0.49134678747263855
decision_type=2 2 2
left_child=1 -1 -3
right_child=-2 2 -4
leaf_value=0.026815332849485118 0.037402200392049188 -0.035154675378155739 -0.0053354480314327154
leaf_weight=0.76362892985343922 3.9273890927433968 3.7363033215515316 3.0207606917247176
leaf_count=6 97 1354 160
internal_value=0.000566452 -0.0166851 -0.0265549
internal_weight=11.4481 7.52069 6.75706
internal_count=1617 1520 1514
is_linear=0
shrinkage=0.05


Tree=610
num_leaves=4
num_cat=0
split_feature=25 12 7
split_gain=3.6044 0.872427 0.11508
threshold=1.0000000180025095e-35 0.49134678747263855 0.53173227929528777
decision_type=2 2 2
left_child=1 -1 -3
right_child=-2 2 -4
leaf_value=-0.035195291510515807 0.037088655834777516 -0.0054009760341955241 0.013865700101854001
leaf_weight=3.7510584346018714 3.8082095719873914 4.1917805401608348 0.28456239029765118
leaf_count=1355 95 161 6
internal_value=0 -0.0188004 0
internal_weight=12.0356 8.2274 4.47634
internal_count=1617 1522 167
is_linear=0
shrinkage=0.05


Tree=611
num_leaves=4
num_cat=0
split_feature=26 12 3
split_gain=3.9697 0.672906 0.167517
threshold=1.0000000180025095e-35 0.49134678747263855 -0.92932628974446818
decision_type=2 2 2
left_child=1 -1 -3
right_child=-2 2 -4
leaf_value=-0.035040565961495566 0.03759626362492538 -0.0078854419028992415 0.011803043435367203
leaf_weight=3.694573837798087 4.0647154748439798 4.4796507135033607 0.31310909148305643
leaf_count=1348 102 157 10
internal_value=0 -0.0196554 -0.000882259
internal_weight=12.552 8.48733 4.79276
internal_count=1617 1515 167
is_linear=0
shrinkage=0.05


Tree=612
num_leaves=5
num_cat=0
split_feature=50 12 52 3
split_gain=2.7879 1.3357 0.247407 0.0400431
threshold=2.9602423299905172 0.49134678747263855 2.8350540710557328 -1.2971169809373058
decision_type=2 2 2 2
left_child=1 2 -1 -3
right_child=-2 3 -4 -5
leaf_value=-0.035305186727463529 0.036720858929015936 0.0037092508584310501 0 -0.0027050723543192851
leaf_weight=3.731944203143938 3.6948628872632989 6.2023420482873917 0.18302708934061218 0.57870211545377959
leaf_count=1348 90 148 11 20
internal_value=0.000510463 -0.0108465 -0.032476 0
internal_weight=14.3909 10.696 3.91497 6.78104
internal_count=1617 1527 1359 168
is_linear=0
shrinkage=0.05


Tree=613
num_leaves=2
num_cat=0
split_feature=46
split_gain=4.63171
threshold=1.0000000180025095e-35
decision_type=2
left_child=-1
right_child=-2
leaf_value=-0.025159196424444408 0.037044590447662458
leaf_weight=8.4933229638263565 3.8763621076941499
leaf_count=1519 98
internal_value=-0.00304158
internal_weight=12.3697
internal_count=1617
is_linear=0
shrinkage=0.05


Tree=614
num_leaves=3
num_cat=0
split_feature=0 12
split_gain=3.38584 0.812898
threshold=1.7776565534620203 0.49134678747263855
decision_type=2 2
left_child=1 -1
right_child=-2 -3
leaf_value=-0.035130961597383541 0.036113269760232818 -0.0022872596724865975
leaf_weight=3.7279453247319889 3.537978671491147 7.0624009361490607
leaf_count=1360 89 168
internal_value=-0.00134906 -0.016902
internal_weight=14.3283 10.7903
internal_count=1617 1528
is_linear=0
shrinkage=0.05


Tree=615
num_leaves=4
num_cat=0
split_feature=55 12 3
split_gain=2.27206 1.8675 0.104465
threshold=1.0000000180025095e-35 0.49134678747263855 -1.2971169809373058
decision_type=2 2 2
left_child=1 -1 -3
right_child=-2 2 -4
leaf_value=-0.035124308232907041 0.035983331724913026 0.0057755189201541997 -0.0030460849077534428
leaf_weight=3.7256399539764979 3.4252786114811888 9.4353273212909681 0.58648840524256307
leaf_count=1365 84 148 20
internal_value=0.00123886 -0.00662227 0.00276303
internal_weight=17.1727 13.7475 10.0218
internal_count=1617 1533 168
is_linear=0
shrinkage=0.05


Tree=616
num_leaves=3
num_cat=0
split_feature=3 12
split_gain=2.5899 0.262075
threshold=-1.2971169809373058 0.49134678747263855
decision_type=2 2
left_child=1 -1
right_child=-2 -3
leaf_value=-0.012538348507005829 -0.036377062369270394 0.0054409986299085618
leaf_weight=0.91907529858872195 3.8993112205062053 36.158891022205353
leaf_count=305 1164 148
internal_value=0 0.00416915
internal_weight=40.9773 37.078
internal_count=1617 453
is_linear=0
shrinkage=0.05


Tree=617
num_leaves=4
num_cat=0
split_feature=14 12 62
split_gain=2.73999 1.46426 0.0475587
threshold=1.0000000180025095e-35 0.49134678747263855 1.0000000180025095e-35
decision_type=2 2 2
left_child=1 -1 -3
right_child=-2 2 -4
leaf_value=-0.034580690283324111 0.036689108522808163 0.0058143000449532743 0
leaf_weight=3.5350265929009765 3.7505311332643032 4.1455875094980001 0.27354146353900421
leaf_count=1348 102 157 10
internal_value=0.00246739 -0.0119272 0.00278495
internal_weight=11.7047 7.95416 4.41913
internal_count=1617 1515 167
is_linear=0
shrinkage=0.05


Tree=618
num_leaves=4
num_cat=0
split_feature=41 13 13
split_gain=2.97371 1.23397 1.59024
threshold=1.0000000180025095e-35 -0.78681577724436436 -1.0342884930852898
decision_type=2 2 2
left_child=1 2 -1
right_child=-2 -3 -4
leaf_value=-0.0097007063104652264 0.036204778494521299 -0.035634959829349631 0.065220216842426501
leaf_weight=3.4602594024036084 3.5735521167516708 3.5789304655045271 0.34701236127875734
leaf_count=458 96 1057 6
internal_value=0 -0.0162978 0
internal_weight=10.9598 7.3862 3.80727
internal_count=1617 1521 464
is_linear=0
shrinkage=0.05


Tree=619
num_leaves=2
num_cat=0
split_feature=12
split_gain=16.1027
threshold=1.0000000180025095e-35
decision_type=2
left_child=-1
right_child=-2
leaf_value=0.04297778795421732 -0.042936931386834826
leaf_weight=9.5138721354305762 11.379070341587065
leaf_count=305 1312
internal_value=-0.00255583
internal_weight=20.8929
internal_count=1617
is_linear=0
shrinkage=0.05


Tree=620
num_leaves=5
num_cat=0
split_feature=42 12 13 13
split_gain=3.16791 0.881657 0.0760775 0.143535
threshold=1.0000000180025095e-35 0.49134678747263855 -0.42655137547975513 -1.3186276315601533
decision_type=2 2 2 2
left_child=1 -1 3 -3
right_child=-2 2 -4 -5
leaf_value=-0.034491643178536861 0.036227090855866832 0 0.015092294922047536 -0.016130634896059592
leaf_weight=3.505556751973927 3.5830621644854546 1.7886698767542843 0.2634714851155876 0.94171561207622301
leaf_count=1354 96 148 7 12
internal_value=0 -0.0191288 0 -0.00224576
internal_weight=10.0825 6.49941 2.99386 2.73039
internal_count=1617 1521 167 160
is_linear=0
shrinkage=0.05


Tree=621
num_leaves=4
num_cat=0
split_feature=35 4 4
split_gain=2.75541 1.46439 0.0910605
threshold=1.0000000180025095e-35 -0.35021576160556561 0.93872188593113726
decision_type=2 2 2
left_child=1 -1 -3
right_child=-2 2 -4
leaf_value=0.015090216925173745 0.036251881268048895 -0.029411421210197942 0
leaf_weight=1.6774098705500362 3.5854186043143272 5.2045639837160707 0.095661140512674936
leaf_count=13 96 1499 9
internal_value=0.00142185 -0.0143594 -0.0284871
internal_weight=10.5631 6.97763 5.30023
internal_count=1617 1521 1508
is_linear=0
shrinkage=0.05


Tree=622
num_leaves=3
num_cat=0
split_feature=21 3
split_gain=4.94746 0.0232377
threshold=1.0000000180025095e-35 -1.2971169809373058
decision_type=2 2
left_child=1 -1
right_child=-2 -3
leaf_value=-0.0097288815155313277 0.039943592205958132 -0.034916305452344039
leaf_weight=4.7635421191807827 3.923454962670804 3.5089566349051884
leaf_count=453 105 1059
internal_value=-0.00114191 -0.0246436
internal_weight=12.196 8.2725
internal_count=1617 1512
is_linear=0
shrinkage=0.05


Tree=623
num_leaves=4
num_cat=0
split_feature=30 4 12
split_gain=3.01765 1.41179 0.0742828
threshold=1.0000000180025095e-35 -0.80312896480916507 0.49134678747263855
decision_type=2 2 2
left_child=1 -1 -3
right_child=-2 2 -4
leaf_value=0.025252827584892674 0.036625623741724712 -0.034465710050066989 -0.0050281726677174898
leaf_weight=0.78555348515510548 3.6786769852042198 3.4970423018094152 2.995899835601449
leaf_count=6 97 1354 160
internal_value=0.000451387 -0.0157968 -0.0257887
internal_weight=10.9572 7.2785 6.49294
internal_count=1617 1520 1514
is_linear=0
shrinkage=0.05


Tree=624
num_leaves=4
num_cat=0
split_feature=25 12 7
split_gain=3.22718 0.824895 0.106061
threshold=1.0000000180025095e-35 0.49134678747263855 0.53173227929528777
decision_type=2 2 2
left_child=1 -1 -3
right_child=-2 2 -4
leaf_value=-0.034508306700703172 0.036289241834033578 -0.0051001614958278499 0.013510515903339529
leaf_weight=3.5108595308847725 3.5655447244644165 4.159487422555685 0.28862235136330117
leaf_count=1355 95 161 6
internal_value=0 -0.017912 0
internal_weight=11.5245 7.95897 4.44811
internal_count=1617 1522 167
is_linear=0
shrinkage=0.05


Tree=625
num_leaves=4
num_cat=0
split_feature=26 12 3
split_gain=3.56214 0.639871 0.156742
threshold=1.0000000180025095e-35 0.49134678747263855 -0.92932628974446818
decision_type=2 2 2
left_child=1 -1 -3
right_child=-2 2 -4
leaf_value=-0.034347395640504555 0.036823474868027693 -0.0075304907478090065 0.011797967373049509
leaf_weight=3.4584821085445565 3.8022833205759534 4.4370987564325333 0.31294054072350252
leaf_count=1348 102 157 10
internal_value=0 -0.0187806 -0.000492897
internal_weight=12.0108 8.20852 4.75004
internal_count=1617 1515 167
is_linear=0
shrinkage=0.05


Tree=626
num_leaves=5
num_cat=0
split_feature=53 8 12 53
split_gain=2.4489 1.22325 0.0774979 0.0350965
threshold=3.5959279840799754 0.59625486763212288 0.46492233141915829 1.7857787510698466
decision_type=2 2 2 2
left_child=1 3 -3 -1
right_child=-2 2 -4 -5
leaf_value=-0.033778939168843523 0.03587226990326333 -0.0080095882355833304 0.0040673132933087093 0
leaf_weight=3.205269162310286 3.4191773012280473 0.75291711511090387 6.3527810869272798 0.18502423167228688
leaf_count=1047 89 314 165 2
internal_value=0.000452139 -0.00991926 0 -0.032622
internal_weight=13.9152 10.496 7.1057 3.39029
internal_count=1617 1528 479 1049
is_linear=0
shrinkage=0.05


Tree=627
num_leaves=3
num_cat=0
split_feature=46 12
split_gain=4.17137 0.0281034
threshold=1.0000000180025095e-35 0.49134678747263855
decision_type=2 2
left_child=1 -1
right_child=-2 -3
leaf_value=-0.034460274553915975 0.036242866649844531 -0.0092668183197272408
leaf_weight=3.495238568633793 3.6236699074506769 4.6685329074971378
leaf_count=1351 98 168
internal_value=-0.00293953 -0.024305
internal_weight=11.7874 8.16377
internal_count=1617 1519
is_linear=0
shrinkage=0.05


Tree=628
num_leaves=3
num_cat=0
split_feature=0 12
split_gain=3.03935 0.755659
threshold=1.7776565534620203 0.49134678747263855
decision_type=2 2
left_child=1 -1
right_child=-2 -3
leaf_value=-0.034443910824520751 0.035281485926023967 -0.0020744612036422737
leaf_weight=3.4901752497535181 3.3121358416974553 7.0291398866102099
leaf_count=1360 89 168
internal_value=-0.00129494 -0.0161585
internal_weight=13.8315 10.5193
internal_count=1617 1528
is_linear=0
shrinkage=0.05


Tree=629
num_leaves=4
num_cat=0
split_feature=54 12 3
split_gain=2.02562 1.71705 0.100249
threshold=1.0000000180025095e-35 0.49134678747263855 -1.2971169809373058
decision_type=2 2 2
left_child=1 -1 -3
right_child=-2 2 -4
leaf_value=-0.034435976308637144 0.035134204978579123 0.0056179692461122465 -0.0029411459178011867
leaf_weight=3.487697161734105 3.2101640552282324 9.4619582891464216 0.58391863014549095
leaf_count=1365 84 148 20
internal_value=0.0012069 -0.00602428 0.00263402
internal_weight=16.7437 13.5336 10.0459
internal_count=1617 1533 168
is_linear=0
shrinkage=0.05


Tree=630
num_leaves=3
num_cat=0
split_feature=3 12
split_gain=3.07688 0.358392
threshold=-1.2971169809373058 0.49134678747263855
decision_type=2 2
left_child=1 -1
right_child=-2 -3
leaf_value=-0.010153026176540148 -0.036010619789168169 0.0096324839078915682
leaf_weight=0.82625446654856105 3.7602945314720264 35.555585265159607
leaf_count=289 1194 146
internal_value=0.00320907 0.00837375
internal_weight=40.1421 36.3818
internal_count=1629 435
is_linear=0
shrinkage=0.05


Tree=631
num_leaves=4
num_cat=0
split_feature=14 12 7
split_gain=3.11632 0.830608 0.0847109
threshold=1.0000000180025095e-35 0.49134678747263855 0.53173227929528777
decision_type=2 2 2
left_child=1 -1 -3
right_child=-2 2 -4
leaf_value=-0.033971758145034441 0.036501689482890794 -0.0041344044193214391 0.012953844214951644
leaf_weight=3.3416942686308175 3.5782044567167759 4.0649979654699564 0.2970488853752612
leaf_count=1365 100 158 6
internal_value=0 -0.0169505 0
internal_weight=11.2819 7.70374 4.36205
internal_count=1629 1529 164
is_linear=0
shrinkage=0.05


Tree=632
num_leaves=4
num_cat=0
split_feature=38 13 13
split_gain=2.68079 1.2314 1.49258
threshold=1.0000000180025095e-35 -0.78681577724436436 -1.0342884930852898
decision_type=2 2 2
left_child=1 2 -1
right_child=-2 -3 -4
leaf_value=-0.0083650733227831394 0.03560622325595534 -0.035064951275831258 0.06364935181218602
leaf_weight=3.3236512073781346 3.4136585891246796 3.4190969837363809 0.35501980269327749
leaf_count=441 98 1086 4
internal_value=0 -0.0151343 0
internal_weight=10.5114 7.09777 3.67867
internal_count=1629 1531 445
is_linear=0
shrinkage=0.05


Tree=633
num_leaves=2
num_cat=0
split_feature=12
split_gain=14.5244
threshold=1.0000000180025095e-35
decision_type=2
left_child=-1
right_child=-2
leaf_value=0.042307448746160305 -0.042698177006051281
leaf_weight=8.4501446001231688 10.8028232101351
leaf_count=289 1340
internal_value=-0.00399698
internal_weight=19.253
internal_count=1629
is_linear=0
shrinkage=0.05


Tree=634
num_leaves=3
num_cat=0
split_feature=42 2
split_gain=3.8149 1.1028
threshold=1.0000000180025095e-35 -0.94246437086823953
decision_type=2 2
left_child=1 -1
right_child=-2 -3
leaf_value=0.020623999701193819 0.035834455041905841 -0.032371429067529635
leaf_weight=0.20385092496871937 3.4893324226140976 6.0601554203312844
leaf_count=3 100 1526
internal_value=-0.000476901 -0.0255537
internal_weight=9.75334 6.26401
internal_count=1629 1529
is_linear=0
shrinkage=0.05


Tree=635
num_leaves=4
num_cat=0
split_feature=34 62 7
split_gain=2.57781 1.42181 1.5081
threshold=1.0000000180025095e-35 -0.574528586573261 0.41740108349421173
decision_type=2 2 2
left_child=1 2 -1
right_child=-2 -3 -4
leaf_value=-0.01183801606336855 0.035660027962463973 -0.035432642464155444 0.048461571564829581
leaf_weight=2.2820474589243536 3.4267414696514606 3.4639733131043613 0.95776554942131031
leaf_count=436 98 1089 6
internal_value=0.00115567 -0.0142623 0.00339902
internal_weight=10.1305 6.70379 3.23981
internal_count=1629 1531 442
is_linear=0
shrinkage=0.05


Tree=636
num_leaves=3
num_cat=0
split_feature=21 3
split_gain=4.35228 0.0725171
threshold=1.0000000180025095e-35 -1.2971169809373058
decision_type=2 2
left_child=1 -1
right_child=-2 -3
leaf_value=-0.0084524201856922727 0.03886801690248326 -0.034595890199216092
leaf_weight=4.5916245619300753 3.5137883350253105 3.4063599247019738
leaf_count=435 100 1094
internal_value=-0.0018459 -0.0239093
internal_weight=11.5118 7.99798
internal_count=1629 1529
is_linear=0
shrinkage=0.05


Tree=637
num_leaves=3
num_cat=0
split_feature=62 62
split_gain=3.86694 2.60914
threshold=0.10759087094878059 0.1161839157556325
decision_type=2 2
left_child=-1 -2
right_child=1 -3
leaf_value=-0.030336670358814512 0.047183994861728404 -0.018815090655969785
leaf_weight=5.1897637685760856 4.1438791961409152 1.2373022052925078
leaf_count=938 209 482
internal_value=0 0.0274484
internal_weight=10.5709 5.38118
internal_count=1629 691
is_linear=0
shrinkage=0.05


Tree=638
num_leaves=3
num_cat=0
split_feature=25 4
split_gain=4.91443 0.840143
threshold=1.0000000180025095e-35 -0.46879594223394111
decision_type=2 2
left_child=1 -1
right_child=-2 -3
leaf_value=0.00032920858661026958 0.036585355431058918 -0.034307991172240558
leaf_weight=0.49353797733783711 3.7136837095022202 7.1794519131071866
leaf_count=7 106 1516
internal_value=-0.00496189 -0.0291374
internal_weight=11.3867 7.67299
internal_count=1629 1523
is_linear=0
shrinkage=0.05


Tree=639
num_leaves=4
num_cat=0
split_feature=26 12 2
split_gain=2.95874 0.620585 0.134059
threshold=1.0000000180025095e-35 0.49134678747263855 -0.94246420894849881
decision_type=2 2 2
left_child=1 -1 -3
right_child=-2 2 -4
leaf_value=-0.033751271805759916 0.035049925121825934 -0.0069980736094753708 0.01082058173504799
leaf_weight=3.2759648477658629 3.2826150953769684 4.3761962512508035 0.32294488605111826
leaf_count=1367 96 158 8
internal_value=0 -0.0180131 -4.21681e-05
internal_weight=11.2577 7.97511 4.69914
internal_count=1629 1533 166
is_linear=0
shrinkage=0.05


Tree=640
num_leaves=4
num_cat=0
split_feature=53 3 50
split_gain=2.32595 1.22601 0.133513
threshold=3.5959279840799754 -1.2971169809373058 3.4722302465213626
decision_type=2 2 2
left_child=1 -1 -3
right_child=-2 2 -4
leaf_value=0 0.035499656401389364 -0.034127241048546537 0
leaf_weight=6.7965601126197717 3.3355249613523492 3.2654423646163191 0.074960693717002758
leaf_count=435 92 1101 1
internal_value=0.000623561 -0.00963124 -0.0324811
internal_weight=13.4725 10.137 3.3404
internal_count=1629 1537 1102
is_linear=0
shrinkage=0.05


Tree=641
num_leaves=3
num_cat=0
split_feature=46 12
split_gain=3.92528 0.0331751
threshold=1.0000000180025095e-35 0.49134678747263855
decision_type=2 2
left_child=1 -1
right_child=-2 -3
leaf_value=-0.033782936638029594 0.035966338311336159 -0.0085538215111654829
leaf_weight=3.285158263053745 3.5644490495324135 4.5755983577109873
leaf_count=1360 103 166
internal_value=-0.0021053 -0.0234775
internal_weight=11.4252 7.86076
internal_count=1629 1526
is_linear=0
shrinkage=0.05


Tree=642
num_leaves=3
num_cat=0
split_feature=0 3
split_gain=2.04443 1.59568
threshold=1.7776565534620203 -1.2971169809373058
decision_type=2 2
left_child=1 -1
right_child=-2 -3
leaf_value=0.0048286642223043475 0.035499068211120449 -0.033712082384571372
leaf_weight=7.0162212736904612 3.4101202376186857 3.1799149380531153
leaf_count=435 98 1096
internal_value=0.00361835 -0.00586794
internal_weight=13.6063 10.1961
internal_count=1629 1531
is_linear=0
shrinkage=0.05


Tree=643
num_leaves=3
num_cat=0
split_feature=55 12
split_gain=2.24736 1.29461
threshold=1.0000000180025095e-35 0.49134678747263855
decision_type=2 2
left_child=1 -1
right_child=-2 -3
leaf_value=-0.033736801914082258 0.035037903980299295 0
leaf_weight=3.271935250610114 3.215880721807479 9.9624610254541039
leaf_count=1373 90 166
internal_value=0 -0.00877099
internal_weight=16.4503 13.2344
internal_count=1629 1539
is_linear=0
shrinkage=0.05


Tree=644
num_leaves=2
num_cat=0
split_feature=3
split_gain=2.75461
threshold=-1.2971169809373058
decision_type=2
left_child=-1
right_child=-2
leaf_value=0.0076178886229151506 -0.035397051084962571
leaf_weight=36.126978723797947 3.5440458965022108
leaf_count=435 1194
internal_value=0.00276002
internal_weight=39.671
internal_count=1629
is_linear=0
shrinkage=0.05


Tree=645
num_leaves=4
num_cat=0
split_feature=14 12 13
split_gain=2.78132 0.773906 0.089866
threshold=1.0000000180025095e-35 0.49134678747263855 -0.64174629205212519
decision_type=2 2 2
left_child=1 -1 -3
right_child=-2 2 -4
leaf_value=-0.033185323018798313 0.035682344066134367 -0.0040640307659844544 0.013774146371356648
leaf_weight=3.1170738583896309 3.3521751053631306 4.0554518569260836 0.28758189547806967
leaf_count=1365 100 155 9
internal_value=0 -0.0160424 0
internal_weight=10.8123 7.46011 4.34303
internal_count=1629 1529 164
is_linear=0
shrinkage=0.05


Tree=646
num_leaves=4
num_cat=0
split_feature=38 13 13
split_gain=2.37843 1.17323 1.37631
threshold=1.0000000180025095e-35 -0.78681577724436436 -1.0342884930852898
decision_type=2 2 2
left_child=1 2 -1
right_child=-2 -3 -4
leaf_value=-0.007732421000000724 0.034772619223215638 -0.034415116636833054 0.060690525695085422
leaf_weight=3.2624023661483084 3.1964948140084743 3.2230587466619909 0.37306990148499597
leaf_count=441 98 1086 4
internal_value=0 -0.0141652 0
internal_weight=10.055 6.85853 3.63547
internal_count=1629 1531 445
is_linear=0
shrinkage=0.05


Tree=647
num_leaves=2
num_cat=0
split_feature=12
split_gain=13.4859
threshold=1.0000000180025095e-35
decision_type=2
left_child=-1
right_child=-2
leaf_value=0.041920466275233104 -0.042401583375531036
leaf_weight=7.967959355562928 10.124099460896103
leaf_count=289 1340
internal_value=-0.00379183
internal_weight=18.0921
internal_count=1629
is_linear=0
shrinkage=0.05


Tree=648
num_leaves=3
num_cat=0
split_feature=42 2
split_gain=3.40566 1.06435
threshold=1.0000000180025095e-35 -0.94246437086823953
decision_type=2 2
left_child=1 -1
right_child=-2 -3
leaf_value=0.020251058585210733 0.035005973275303352 -0.03164892284495905
leaf_weight=0.20709230564534653 3.2657593786716461 5.760465471772477
leaf_count=3 100 1526
internal_value=-0.000204817 -0.024556
internal_weight=9.23332 5.96756
internal_count=1629 1529
is_linear=0
shrinkage=0.05


Tree=649
num_leaves=4
num_cat=0
split_feature=34 4 12
split_gain=2.29749 1.24451 0.0815493
threshold=1.0000000180025095e-35 -0.35021576160556561 0.49134678747263855
decision_type=2 2 2
left_child=1 -1 -3
right_child=-2 2 -4
leaf_value=0.011888376797615148 0.034838128136526814 -0.033657382588566813 0
leaf_weight=1.7598046623170374 3.2113414257764816 3.248669779393822 1.4759628316387532
leaf_count=13 98 1366 152
internal_value=0.0010621 -0.0133822 -0.0278168
internal_weight=9.69578 6.48444 4.72463
internal_count=1629 1531 1518
is_linear=0
shrinkage=0.05


Tree=650
num_leaves=3
num_cat=0
split_feature=21 3
split_gain=3.94766 0.0712067
threshold=1.0000000180025095e-35 -1.2971169809373058
decision_type=2 2
left_child=1 -1
right_child=-2 -3
leaf_value=-0.0078578347493590672 0.038080005183554054 -0.033926182576172935
leaf_weight=4.5161119755357504 3.2980819661170244 3.2068575765006244
leaf_count=435 100 1094
internal_value=-0.0017832 -0.0231273
internal_weight=11.0211 7.72297
internal_count=1629 1529
is_linear=0
shrinkage=0.05


Tree=651
num_leaves=3
num_cat=0
split_feature=62 62
split_gain=3.54092 2.41156
threshold=0.10759087094878059 0.1161839157556325
decision_type=2 2
left_child=-1 -2
right_child=1 -3
leaf_value=-0.029648626145430068 0.046565544206360103 -0.017780874506605628
leaf_weight=4.9751546862535179 3.8990396347362548 1.1752537796273825
leaf_count=938 209 482
internal_value=0 0.0269193
internal_weight=10.0494 5.07429
internal_count=1629 691
is_linear=0
shrinkage=0.05


Tree=652
num_leaves=3
num_cat=0
split_feature=25 4
split_gain=4.4582 0.810935
threshold=1.0000000180025095e-35 -0.46879594223394111
decision_type=2 2
left_child=1 -1
right_child=-2 -3
leaf_value=4.7708563995817135e-05 0.035845890232057524 -0.033659714388843062
leaf_weight=0.49868661165237416 3.4929817579686642 6.8188790702261031
leaf_count=7 106 1516
internal_value=-0.00470108 -0.0283085
internal_weight=10.8105 7.31757
internal_count=1629 1523
is_linear=0
shrinkage=0.05


Tree=653
num_leaves=4
num_cat=0
split_feature=26 12 2
split_gain=2.63735 0.581072 0.122911
threshold=1.0000000180025095e-35 0.49134678747263855 -0.94246420894849881
decision_type=2 2 2
left_child=1 -1 -3
right_child=-2 2 -4
leaf_value=-0.03295538408507754 0.034207768487544726 -0.0066688623118770765 0.010560314713509553
leaf_weight=3.056224453728646 3.0753553621470928 4.3380467807874084 0.32596379704773415
leaf_count=1367 96 158 8
internal_value=0 -0.017121 0
internal_weight=10.7956 7.72024 4.66401
internal_count=1629 1533 166
is_linear=0
shrinkage=0.05


Tree=654
num_leaves=5
num_cat=0
split_feature=53 12 50 3
split_gain=2.0577 1.18725 0.126051 0.0511303
threshold=3.5959279840799754 0.49134678747263855 3.4722302465213626 -1.2971169809373058
decision_type=2 2 2 2
left_child=1 2 -1 -3
right_child=-2 3 -4 -5
leaf_value=-0.033448693436038658 0.034642345007499936 0.0043588489301705224 0 -0.0016026385821287636
leaf_weight=3.1505750061478452 3.1237577646970758 6.1197552680969238 0.072735242545604595 0.55395093420520414
leaf_count=1370 92 146 1 20
internal_value=0.000683115 -0.00878129 -0.031817 0.000301854
internal_weight=13.0208 9.89702 3.22331 6.67371
internal_count=1629 1537 1371 166
is_linear=0
shrinkage=0.05


Tree=655
num_leaves=3
num_cat=0
split_feature=46 12
split_gain=3.54248 0.0183723
threshold=1.0000000180025095e-35 0.49134678747263855
decision_type=2 2
left_child=1 -1
right_child=-2 -3
leaf_value=-0.032988502695910533 0.035147783699539407 -0.0081719247750465709
leaf_weight=3.0647748277988285 3.3345235586166382 4.5279907328076661
leaf_count=1360 103 166
internal_value=-0.00209235 -0.0226974
internal_weight=10.9273 7.59277
internal_count=1629 1526
is_linear=0
shrinkage=0.05


Tree=656
num_leaves=3
num_cat=0
split_feature=0 3
split_gain=1.81278 1.48568
threshold=1.7776565534620203 -1.2971169809373058
decision_type=2 2
left_child=1 -1
right_child=-2 -3
leaf_value=0.0049130819853642387 0.0346706339956716 -0.033005174692697863
leaf_weight=7.0030462690629056 3.1937295198440561 2.9929337815847239
leaf_count=435 98 1096
internal_value=0.00362624 -0.00508974
internal_weight=13.1897 9.99598
internal_count=1629 1531
is_linear=0
shrinkage=0.05


Tree=657
num_leaves=4
num_cat=0
split_feature=54 3 12
split_gain=1.9943 1.19793 0.0114381
threshold=1.0000000180025095e-35 -1.2971169809373058 0.49134678747263855
decision_type=2 2 2
left_child=1 2 -1
right_child=-2 -3 -4
leaf_value=-0.0035468487980032295 0.034178658656998845 -0.033146535055378373 0.0012124925986049713
leaf_weight=0.62299387925304373 3.0148379430174819 3.0265741008333871 9.3410917073488235
leaf_count=289 90 1104 146
internal_value=0 -0.00807555 0
internal_weight=16.0055 12.9907 9.96409
internal_count=1629 1539 435
is_linear=0
shrinkage=0.05


Tree=658
num_leaves=2
num_cat=0
split_feature=7
split_gain=2.4787
threshold=-0.95647769076175326
decision_type=2
left_child=-1
right_child=-2
leaf_value=0.0069859279113380392 -0.034773769431892157
leaf_weight=35.923664037138224 3.3451895560137919
leaf_count=435 1194
internal_value=0.00240745
internal_weight=39.2689
internal_count=1629
is_linear=0
shrinkage=0.05


Tree=659
num_leaves=4
num_cat=0
split_feature=14 12 13
split_gain=2.48282 0.718196 0.0843054
threshold=1.0000000180025095e-35 0.49134678747263855 -0.64174629205212519
decision_type=2 2 2
left_child=1 -1 -3
right_child=-2 2 -4
leaf_value=-0.032375282223307447 0.034853667401692962 -0.0038709694473466876 0.013432441760379272
leaf_weight=2.9114129135850817 3.1441529840230942 4.0356126446276903 0.29144088737666596
leaf_count=1365 100 155 9
internal_value=0 -0.0151673 0
internal_weight=10.3826 7.23847 4.32705
internal_count=1629 1529 164
is_linear=0
shrinkage=0.05


Tree=660
num_leaves=4
num_cat=0
split_feature=38 13 13
split_gain=2.10986 1.11488 1.27635
threshold=1.0000000180025095e-35 -0.78681577724436436 -1.0342884930852898
decision_type=2 2 2
left_child=1 2 -1
right_child=-2 -3 -4
leaf_value=-0.0071505494133530384 0.033928494351283832 -0.033753756575265102 0.058102467771205105
leaf_weight=3.2075248712208126 2.9968547504395247 3.0428762424271554 0.38904085336253036
leaf_count=441 98 1086 4
internal_value=0 -0.013228 3.53046e-05
internal_weight=9.6363 6.63944 3.59657
internal_count=1629 1531 445
is_linear=0
shrinkage=0.05


Tree=661
num_leaves=2
num_cat=0
split_feature=12
split_gain=12.5268
threshold=1.0000000180025095e-35
decision_type=2
left_child=-1
right_child=-2
leaf_value=0.041525902480849017 -0.042095690619474317
leaf_weight=7.517241686582568 9.499003923032431
leaf_count=289 1340
internal_value=-0.00359619
internal_weight=17.0162
internal_count=1629
is_linear=0
shrinkage=0.05


Tree=662
num_leaves=3
num_cat=0
split_feature=45 2
split_gain=3.03781 1.02537
threshold=1.0000000180025095e-35 -0.94246437086823953
decision_type=2 2
left_child=1 -1
right_child=-2 -3
leaf_value=0.019841914772462721 0.034166430992941331 -0.030921795082501397
leaf_weight=0.21061981096863736 3.0602460391819477 5.4845068117137998
leaf_count=3 100 1526
internal_value=0 -0.0235591
internal_weight=8.75537 5.69513
internal_count=1629 1529
is_linear=0
shrinkage=0.05


Tree=663
num_leaves=4
num_cat=0
split_feature=34 62 7
split_gain=2.05019 1.27634 1.23948
threshold=1.0000000180025095e-35 -0.574528586573261 0.41740108349421173
decision_type=2 2 2
left_child=1 2 -1
right_child=-2 -3 -4
leaf_value=-0.010474993616324028 0.034005137511127569 -0.034260122859462686 0.043269454022351453
leaf_weight=2.1776472816709433 3.0129719600081444 3.0938741217833012 1.0217994451522825
leaf_count=436 98 1089 6
internal_value=0.0009312 -0.0125605 0.00345973
internal_weight=9.30629 6.29332 3.19945
internal_count=1629 1531 442
is_linear=0
shrinkage=0.05


Tree=664
num_leaves=3
num_cat=0
split_feature=21 3
split_gain=3.586 0.068287
threshold=1.0000000180025095e-35 -1.2971169809373058
decision_type=2 2
left_child=1 -1
right_child=-2 -3
leaf_value=-0.0073074934694988868 0.037304532150253082 -0.033245952464653263
leaf_weight=4.4480902019422501 3.0996916368603706 3.0237186027225107
leaf_count=435 100 1094
internal_value=-0.00171817 -0.0223673
internal_weight=10.5715 7.47181
internal_count=1629 1529
is_linear=0
shrinkage=0.05


Tree=665
num_leaves=3
num_cat=0
split_feature=30 4
split_gain=2.74247 1.90048
threshold=1.0000000180025095e-35 -0.80312896480916507
decision_type=2 2
left_child=1 -1
right_child=-2 -3
leaf_value=0.031329965556885934 0.034314560529083493 -0.031430905911791304
leaf_weight=0.68781671673059452 3.0782006029039621 5.8044464534614235
leaf_count=5 101 1523
internal_value=0 -0.0194415
internal_weight=9.57046 6.49226
internal_count=1629 1528
is_linear=0
shrinkage=0.05


Tree=666
num_leaves=3
num_cat=0
split_feature=25 4
split_gain=4.04654 0.783302
threshold=1.0000000180025095e-35 -0.46879594223394111
decision_type=2 2
left_child=1 -1
right_child=-2 -3
leaf_value=0 0.035108155929276873 -0.033007786808379985
leaf_weight=0.5024445317685603 3.2909577526152134 6.4875799473375082
leaf_count=7 106 1516
internal_value=-0.00442529 -0.0274769
internal_weight=10.281 6.99002
internal_count=1629 1523
is_linear=0
shrinkage=0.05


Tree=667
num_leaves=4
num_cat=0
split_feature=26 13 3
split_gain=2.35165 0.557942 0.395671
threshold=1.0000000180025095e-35 -0.75766210091990349 -0.92932628974446818
decision_type=2 2 2
left_child=1 2 -1
right_child=-2 -3 -4
leaf_value=-0.0082274584496346247 0.033354161112473753 -0.032448810767074766 0.032752479790179347
leaf_weight=4.553701035445556 2.8846953008323908 2.8321570665575564 0.10321759432554234
leaf_count=446 96 1085 2
internal_value=0 -0.0162656 0
internal_weight=10.3738 7.48908 4.65692
internal_count=1629 1533 448
is_linear=0
shrinkage=0.05


Tree=668
num_leaves=4
num_cat=0
split_feature=53 12 3
split_gain=1.82832 1.08258 0.0491711
threshold=3.5959279840799754 0.49134678747263855 -1.2971169809373058
decision_type=2 2 2
left_child=1 -1 -3
right_child=-2 2 -4
leaf_value=-0.030976891298361404 0.033773694992695835 0.0042578750000244348 -0.0016833167780603436
leaf_weight=3.0133357665035856 2.928765047341586 6.1319547742605209 0.55551339127123345
leaf_count=1371 92 146 20
internal_value=0.000642147 -0.00807495 0.000203308
internal_weight=12.6296 9.7008 6.68747
internal_count=1629 1537 166
is_linear=0
shrinkage=0.05


Tree=669
num_leaves=2
num_cat=0
split_feature=46
split_gain=3.19893
threshold=1.0000000180025095e-35
decision_type=2
left_child=-1
right_child=-2
leaf_value=-0.021941608535690452 0.034316094711614724
leaf_weight=7.3486685955431312 3.1230048481374979
leaf_count=1526 103
internal_value=-0.00208583
internal_weight=10.4717
internal_count=1629
is_linear=0
shrinkage=0.05


Tree=670
num_leaves=4
num_cat=0
split_feature=0 12 3
split_gain=1.60917 1.42045 0.180222
threshold=1.7776565534620203 0.49134678747263855 -1.2971169809373058
decision_type=2 2 2
left_child=1 -1 -3
right_child=-2 2 -4
leaf_value=-0.032296110265911747 0.033830574674000885 0.0097707612779875247 -0.0023480005333645832
leaf_weight=2.8925775892566872 2.9946632254868755 6.3544758334755898 0.57017361279577006
leaf_count=1365 98 146 20
internal_value=0.00361482 -0.00437195 0.00531482
internal_weight=12.8119 9.81723 6.92465
internal_count=1629 1531 166
is_linear=0
shrinkage=0.05


Tree=671
num_leaves=3
num_cat=0
split_feature=54 3
split_gain=1.77327 1.11519
threshold=1.0000000180025095e-35 -1.2971169809373058
decision_type=2 2
left_child=1 -1
right_child=-2 -3
leaf_value=0 0.033309394557792416 -0.032433086832279433
leaf_weight=9.9280977745074761 2.8297665156424054 2.8527084912639102
leaf_count=435 90 1104
internal_value=0 -0.00745822
internal_weight=15.6106 12.7808
internal_count=1629 1539
is_linear=0
shrinkage=0.05


Tree=672
num_leaves=2
num_cat=0
split_feature=3
split_gain=2.22539
threshold=-1.2971169809373058
decision_type=2
left_child=-1
right_child=-2
leaf_value=0.0063440065483442616 -0.034135371304425191
leaf_weight=35.716215339954942 3.1622778386808923
leaf_count=435 1194
internal_value=0.00202503
internal_weight=38.8785
internal_count=1629
is_linear=0
shrinkage=0.05


Tree=673
num_leaves=4
num_cat=0
split_feature=14 12 7
split_gain=2.21742 0.665166 0.06552
threshold=1.0000000180025095e-35 0.49134678747263855 0.53173227929528777
decision_type=2 2 2
left_child=1 -1 -3
right_child=-2 2 -4
leaf_value=-0.031554589314361954 0.034013661698221315 -0.0034872744675739733 0.011578854000042079
leaf_weight=2.7254409979796037 2.9530378170311451 3.9991926709190011 0.31364240683615197
leaf_count=1365 100 158 6
internal_value=0 -0.014333 0
internal_weight=9.99131 7.03828 4.31284
internal_count=1629 1529 164
is_linear=0
shrinkage=0.05


Tree=674
num_leaves=4
num_cat=0
split_feature=38 13 13
split_gain=1.87232 1.05783 1.18282
threshold=1.0000000180025095e-35 -0.78681577724436436 -1.0342884930852898
decision_type=2 2 2
left_child=1 2 -1
right_child=-2 -3 -4
leaf_value=-0.0065874472808384937 0.033075619488200945 -0.033089692846841386 0.055629671382406744
leaf_weight=3.1563276022206996 2.8139011152088642 2.8788664934691042 0.40438521886244405
leaf_count=441 98 1086 4
internal_value=0 -0.0123323 0.000301619
internal_weight=9.25348 6.43958 3.56071
internal_count=1629 1531 445
is_linear=0
shrinkage=0.05


Tree=675
num_leaves=2
num_cat=0
split_feature=11
split_gain=11.0718
threshold=1.0000000180025095e-35
decision_type=2
left_child=-1
right_child=-2
leaf_value=-0.040050110013590143 0.040958884603681557
leaf_weight=9.1126426034607011 6.9214295968413344
leaf_count=1345 284
internal_value=-0.00338779
internal_weight=16.0341
internal_count=1629
is_linear=0
shrinkage=0.05


Tree=676
num_leaves=3
num_cat=0
split_feature=42 2
split_gain=2.70707 0.98717
threshold=1.0000000180025095e-35 -0.94246437086823953
decision_type=2 2
left_child=1 -1
right_child=-2 -3
leaf_value=0.019473055355411602 0.033319283593463339 -0.03018554339870242
leaf_weight=0.21383915282785881 2.8721594177186489 5.230252624838613
leaf_count=3 100 1526
internal_value=0 -0.0225552
internal_weight=8.31625 5.44409
internal_count=1629 1529
is_linear=0
shrinkage=0.05


Tree=677
num_leaves=4
num_cat=0
split_feature=37 62 7
split_gain=1.82787 1.19074 1.09547
threshold=1.0000000180025095e-35 -0.574528586573261 0.41740108349421173
decision_type=2 2 2
left_child=1 2 -1
right_child=-2 -3 -4
leaf_value=-0.0098059983670116049 0.03315534927514345 -0.033569321125492844 0.040216891814310346
leaf_weight=2.1300194668583576 2.8292493224143982 2.9199090395122766 1.0609661936759947
leaf_count=436 98 1089 6
internal_value=0.000801433 -0.011771 0.00324771
internal_weight=8.94014 6.11089 3.19099
internal_count=1629 1531 442
is_linear=0
shrinkage=0.05


Tree=678
num_leaves=3
num_cat=0
split_feature=18 3
split_gain=3.24507 0.0634021
threshold=-0.24768930231361255 -1.2971169809373058
decision_type=2 2
left_child=1 -1
right_child=-2 -3
leaf_value=-0.0067979772180612567 0.036378088658648548 -0.032539140028828802
leaf_weight=4.3866552892141044 2.9202053369954228 2.8520487301284447
leaf_count=435 102 1092
internal_value=-0.00167668 -0.0216176
internal_weight=10.1589 7.2387
internal_count=1629 1527
is_linear=0
shrinkage=0.05


Tree=679
num_leaves=3
num_cat=0
split_feature=62 62
split_gain=3.05895 2.07629
threshold=0.10759087094878059 0.1161839157556325
decision_type=2 2
left_child=-1 -2
right_child=1 -3
leaf_value=-0.028356653385924298 0.04585034657399667 -0.015440640265214549
leaf_weight=4.5996251879259944 3.480467781657353 1.0499770379392428
leaf_count=938 209 482
internal_value=0 0.026553
internal_weight=9.13007 4.53044
internal_count=1629 691
is_linear=0
shrinkage=0.05


Tree=680
num_leaves=3
num_cat=0
split_feature=25 4
split_gain=3.65499 0.756188
threshold=1.0000000180025095e-35 -0.46879594223394111
decision_type=2 2
left_child=1 -1
right_child=-2 -3
leaf_value=0 0.034289991362214271 -0.032350690225292279
leaf_weight=0.50587656348943699 3.0875935815274715 6.1827589075546712
leaf_count=7 106 1516
internal_value=-0.00423504 -0.0266447
internal_weight=9.77623 6.68864
internal_count=1629 1523
is_linear=0
shrinkage=0.05


Tree=681
num_leaves=4
num_cat=0
split_feature=26 13 3
split_gain=2.09077 0.540268 0.371605
threshold=1.0000000180025095e-35 -0.75766210091990349 -0.92932628974446818
decision_type=2 2 2
left_child=1 2 -1
right_child=-2 -3 -4
leaf_value=-0.0077231267263823747 0.032484896426333953 -0.031717755349862937 0.032264017357969646
leaf_weight=4.4903521118685603 2.7083004396408796 2.6728844229364768 0.10650699213147152
leaf_count=446 96 1085 2
internal_value=0 -0.0153943 0
internal_weight=9.97804 7.26974 4.59686
internal_count=1629 1533 448
is_linear=0
shrinkage=0.05


Tree=682
num_leaves=5
num_cat=0
split_feature=53 3 50 12
split_gain=1.62717 1.01467 0.115669 0.0452555
threshold=3.5959279840799754 -1.2971169809373058 3.4722302465213626 -1.0000000180025095e-35
decision_type=2 2 2 2
left_child=1 3 -3 -1
right_child=-2 2 -4 -5
leaf_value=-0.00045341384717141782 0.032899241136860789 -0.032161694973255363 0 0.0041316700792045948
leaf_weight=0.54772199713625003 2.7501592412590989 2.7673129426548253 0.070451140403747448 6.1472631692886344
leaf_count=289 92 1101 1 146
internal_value=0.000575241 -0.00743311 -0.0304287 0.000276477
internal_weight=12.2829 9.53275 2.83776 6.69499
internal_count=1629 1537 1102 435
is_linear=0
shrinkage=0.05


Tree=683
num_leaves=3
num_cat=0
split_feature=46 3
split_gain=2.87045 0.0313638
threshold=1.0000000180025095e-35 -1.2971169809373058
decision_type=2 2
left_child=1 -1
right_child=-2 -3
leaf_value=-0.0068363881938632203 0.033469087248968889 -0.031719374472177951
leaf_weight=4.3878920702263713 2.9278005175292492 2.7062443097820505
leaf_count=435 103 1091
internal_value=-0.00193788 -0.0210841
internal_weight=10.0219 7.09414
internal_count=1629 1526
is_linear=0
shrinkage=0.05


Tree=684
num_leaves=4
num_cat=0
split_feature=0 3 12
split_gain=1.43673 1.28725 0.171698
threshold=1.7776565534620203 -1.2971169809373058 -1.0000000180025095e-35
decision_type=2 2 2
left_child=1 2 -1
right_child=-2 -3 -4
leaf_value=-0.002516436447755681 0.032974423566856592 -0.031657772951215864 0.009337118547868355
leaf_weight=0.5967522223945706 2.8104469887912282 2.6808186229318371 6.4039629697799674
leaf_count=289 98 1096 146
internal_value=0.00347643 -0.00382992 0.0048933
internal_weight=12.492 9.68153 7.00072
internal_count=1629 1531 435
is_linear=0
shrinkage=0.05


Tree=685
num_leaves=3
num_cat=0
split_feature=54 3
split_gain=1.57472 1.03865
threshold=1.0000000180025095e-35 -1.2971169809373058
decision_type=2 2
left_child=1 -1
right_child=-2 -3
leaf_value=0 0.032426815793545061 -0.031712754013936827
leaf_weight=9.8903231567237508 2.6585234217345723 2.6940284088486797
leaf_count=435 90 1104
internal_value=0 -0.00685927
internal_weight=15.2429 12.5844
internal_count=1629 1539
is_linear=0
shrinkage=0.05


Tree=686
num_leaves=2
num_cat=0
split_feature=3
split_gain=2.0067
threshold=-1.2971169809373058
decision_type=2
left_child=-1
right_child=-2
leaf_value=0.0057982827956761206 -0.03349521577307648
leaf_weight=35.536413848400116 2.9939170352881765
leaf_count=435 1194
internal_value=0.00171456
internal_weight=38.5303
internal_count=1629
is_linear=0
shrinkage=0.05


Tree=687
num_leaves=4
num_cat=0
split_feature=14 12 13
split_gain=1.97856 0.612914 0.0740654
threshold=1.0000000180025095e-35 0.49134678747263855 -0.64174629205212519
decision_type=2 2 2
left_child=1 -1 -3
right_child=-2 2 -4
leaf_value=-0.030708506917382701 0.033150858012420625 -0.0035380495185248755 0.012690117825463434
leaf_weight=2.5536872391821817 2.7748801503330469 4.0017723585478961 0.29987627919763316
leaf_count=1365 100 155 9
internal_value=0 -0.0135345 0
internal_weight=9.63022 6.85534 4.30165
internal_count=1629 1529 164
is_linear=0
shrinkage=0.05


Tree=688
num_leaves=4
num_cat=0
split_feature=38 13 13
split_gain=1.66145 0.999451 1.08862
threshold=1.0000000180025095e-35 -0.78681577724436436 -1.0342884930852898
decision_type=2 2 2
left_child=1 2 -1
right_child=-2 -3 -4
leaf_value=-0.0060706387556327115 0.032202712703710903 -0.032418349634578257 0.053038386814434672
leaf_weight=3.1102585426997398 2.6437877789139748 2.7268075058236718 0.42049002461135376
leaf_count=441 98 1086 4
internal_value=0 -0.0114987 0.00047255
internal_weight=8.90134 6.25756 3.53075
internal_count=1629 1531 445
is_linear=0
shrinkage=0.05


Tree=689
num_leaves=2
num_cat=0
split_feature=12
split_gain=10.9127
threshold=1.0000000180025095e-35
decision_type=2
left_child=-1
right_child=-2
leaf_value=0.040795089916862481 -0.041465450172352522
leaf_weight=6.7766206227242956 8.40753684658557
leaf_count=289 1340
internal_value=-0.00302883
internal_weight=15.1842
internal_count=1629
is_linear=0
shrinkage=0.05


Tree=690
num_leaves=3
num_cat=0
split_feature=42 2
split_gain=2.40903 0.948873
threshold=1.0000000180025095e-35 -0.94246437086823953
decision_type=2 2
left_child=1 -1
right_child=-2 -3
leaf_value=0.019074061508246341 0.032451645335181488 -0.029450986264975706
leaf_weight=0.21732821688055981 2.6972952224314213 4.9956110556377098
leaf_count=3 100 1526
internal_value=0 -0.0215596
internal_weight=7.91023 5.21294
internal_count=1629 1529
is_linear=0
shrinkage=0.05


Tree=691
num_leaves=4
num_cat=0
split_feature=34 62 7
split_gain=1.63333 1.10571 0.959847
threshold=1.0000000180025095e-35 -0.574528586573261 0.41740108349421173
decision_type=2 2 2
left_child=1 2 -1
right_child=-2 -3 -4
leaf_value=-0.0091758350974121029 0.032298344185466482 -0.032874927401817959 0.037182595044725757
leaf_weight=2.0865880679339175 2.6607878189533949 2.7591225325595587 1.1009865850210188
leaf_count=436 98 1089 6
internal_value=0.000630199 -0.0110675 0.00292733
internal_weight=8.60749 5.9467 3.18757
internal_count=1629 1531 442
is_linear=0
shrinkage=0.05


Tree=692
num_leaves=3
num_cat=0
split_feature=21 3
split_gain=2.95679 0.059566
threshold=1.0000000180025095e-35 -1.2971169809373058
decision_type=2 2
left_child=1 -1
right_child=-2 -3
leaf_value=-0.0063123320245730688 0.035639433922678418 -0.03186009424904012
leaf_weight=4.3295289834495634 2.7481976412236691 2.7016764121362939
leaf_count=435 100 1094
internal_value=-0.00162727 -0.0209118
internal_weight=9.7794 7.03121
internal_count=1629 1529
is_linear=0
shrinkage=0.05


Tree=693
num_leaves=3
num_cat=0
split_feature=62 62
split_gain=2.79952 1.92164
threshold=0.10759087094878059 0.1161839157556325
decision_type=2 2
left_child=-1 -2
right_child=1 -3
leaf_value=-0.027683846223272031 0.045096215868140957 -0.014456309239104629
leaf_weight=4.4292978529119864 3.2916983510367572 1.0026594348018987
leaf_count=938 209 482
internal_value=0 0.0259197
internal_weight=8.72366 4.29436
internal_count=1629 691
is_linear=0
shrinkage=0.05


Tree=694
num_leaves=3
num_cat=0
split_feature=25 4
split_gain=3.3166 0.727363
threshold=1.0000000180025095e-35 -0.46879594223394111
decision_type=2 2
left_child=1 -1
right_child=-2 -3
leaf_value=0 0.03353423394197691 -0.031680928612527852
leaf_weight=0.51129553094506253 2.9161836132407188 5.8976691369898617
leaf_count=7 106 1516
internal_value=-0.00394583 -0.025811
internal_weight=9.32515 6.40896
internal_count=1629 1523
is_linear=0
shrinkage=0.05


Tree=695
num_leaves=4
num_cat=0
split_feature=27 13 3
split_gain=1.85848 0.520005 0.34961
threshold=1.0000000180025095e-35 -0.75766210091990349 -0.92932628974446818
decision_type=2 2 2
left_child=1 2 -1
right_child=-2 -3 -4
leaf_value=-0.0072509461787476515 0.031611682336362169 -0.030971012689517765 0.031743626487144509
leaf_weight=4.4323622155934572 2.5470502972602844 2.5247052332852036 0.11002791486680497
leaf_count=446 96 1085 2
internal_value=0 -0.0145469 0
internal_weight=9.61415 7.0671 4.54239
internal_count=1629 1533 448
is_linear=0
shrinkage=0.05


Tree=696
num_leaves=5
num_cat=0
split_feature=53 3 50 12
split_gain=1.44616 0.939138 0.108943 0.0428079
threshold=3.5959279840799754 -1.2971169809373058 3.4722302465213626 -1.0000000180025095e-35
decision_type=2 2 2 2
left_child=1 3 -3 -1
right_child=-2 2 -4 -5
leaf_value=0 0.032010368202678698 -0.031429900705570848 0 0.0040217773086332672
leaf_weight=0.52726372121833254 2.5847545750439176 2.6153379748575385 0.068464882671832927 6.1606483608484259
leaf_count=289 92 1101 1 146
internal_value=0.00052234 -0.00681114 -0.0296825 0.000315204
internal_weight=11.9565 9.37171 2.6838 6.68791
internal_count=1629 1537 1102 435
is_linear=0
shrinkage=0.05


Tree=697
num_leaves=3
num_cat=0
split_feature=46 3
split_gain=2.5929 0.0263492
threshold=1.0000000180025095e-35 -1.2971169809373058
decision_type=2 2
left_child=1 -1
right_child=-2 -3
leaf_value=-0.0063668099187774996 0.032613554105264973 -0.03098119682352346
leaf_weight=4.3326854256447405 2.7488836888223886 2.5569399673258886
leaf_count=435 103 1091
internal_value=-0.00192521 -0.0203632
internal_weight=9.63851 6.88963
internal_count=1629 1526
is_linear=0
shrinkage=0.05


Tree=698
num_leaves=4
num_cat=0
split_feature=0 3 12
split_gain=1.28382 1.18376 0.156344
threshold=1.7776565534620203 -1.2971169809373058 -1.0000000180025095e-35
decision_type=2 2 2
left_child=1 2 -1
right_child=-2 -3 -4
leaf_value=-0.0015525165881665345 0.03211511848923234 -0.030927121871273479 0.0089400888997667651
leaf_weight=0.57328410213813175 2.6422930564731368 2.5352008864283553 6.4498745575547209
leaf_count=289 98 1096 146
internal_value=0.00334717 -0.003321 0.00471427
internal_weight=12.2007 9.55836 7.02316
internal_count=1629 1531 435
is_linear=0
shrinkage=0.05


Tree=699
num_leaves=3
num_cat=0
split_feature=54 3
split_gain=1.39795 0.966406
threshold=1.0000000180025095e-35 -1.2971169809373058
decision_type=2 2
left_child=1 -1
right_child=-2 -3
leaf_value=0 0.031540122395939792 -0.03098173693615211
leaf_weight=9.8530275835655612 2.5016877055168161 2.5471596373245111
leaf_count=435 90 1104
internal_value=0 -0.00628057
internal_weight=14.9019 12.4002
internal_count=1629 1539
is_linear=0
shrinkage=0.05


Tree=700
num_leaves=2
num_cat=0
split_feature=3
split_gain=1.34072
threshold=-1.2971169809373058
decision_type=2
left_child=-1
right_child=-2
leaf_value=0 -0.033059622865256905
leaf_weight=36.578574894927442 2.8759404517477369
leaf_count=452 1170
internal_value=-0.00290811
internal_weight=39.4545
internal_count=1622
is_linear=0
shrinkage=0.05


Tree=701
num_leaves=4
num_cat=0
split_feature=14 3 3
split_gain=1.33208 0.791517 0.179428
threshold=1.0000000180025095e-35 -1.0400259609247759 -1.0868720616634644
decision_type=2 2 2
left_child=1 2 -1
right_child=-2 -3 -4
leaf_value=0 0.031674786076913673 -0.029210944773760135 0.026239471559971014
leaf_weight=4.4950569313950837 2.491920942440629 2.240149574354291 0.15468304092064489
leaf_count=463 95 1061 3
internal_value=0.00182982 -0.00699422 0.000651654
internal_weight=9.38181 6.88989 4.64974
internal_count=1622 1527 466
is_linear=0
shrinkage=0.05


Tree=702
num_leaves=3
num_cat=0
split_feature=41 4
split_gain=2.14728 1.15276
threshold=1.0000000180025095e-35 -0.46879594223394111
decision_type=2 2
left_child=1 -1
right_child=-2 -3
leaf_value=0.01187181710985769 0.031355780146096787 -0.029852852131598762
leaf_weight=1.005777910351753 2.475133391097188 5.250402148347348
leaf_count=8 95 1519
internal_value=-0.00113764 -0.0190625
internal_weight=8.73131 6.25618
internal_count=1622 1527
is_linear=0
shrinkage=0.05


Tree=703
num_leaves=2
num_cat=0
split_feature=11
split_gain=9.91723
threshold=1.0000000180025095e-35
decision_type=2
left_child=-1
right_child=-2
leaf_value=-0.039280567621213833 0.04049903751929626
leaf_weight=8.1242621098645014 6.5363764911890039
leaf_count=1326 296
internal_value=-0.00189962
internal_weight=14.6606
internal_count=1622
is_linear=0
shrinkage=0.05


Tree=704
num_leaves=5
num_cat=0
split_feature=62 13 51 7
split_gain=2.21487 1.59853 0.558164 0.139704
threshold=-0.17058364547969646 -0.64174629205212519 1.0000000180025095e-35 1.1590903226081626
decision_type=2 2 2 2
left_child=1 -1 3 -3
right_child=-2 2 -4 -5
leaf_value=0 -0.029171309689835584 0.057064967061721289 0 0
leaf_weight=2.4802134148776531 2.1946855389978737 2.3102094344794759 0.19210631155874569 0.25763069465756405
leaf_count=458 977 83 96 8
internal_value=0.00457519 0.024374 0.0476653 0.053564
internal_weight=7.43485 5.24016 2.75995 2.56784
internal_count=1622 645 187 91
is_linear=0
shrinkage=0.05


Tree=705
num_leaves=4
num_cat=0
split_feature=34 13 7
split_gain=1.55255 1.19438 1.65993
threshold=1.0000000180025095e-35 -0.64174629205212519 0.41740108349421173
decision_type=2 2 2
left_child=1 2 -1
right_child=-2 -3 -4
leaf_value=-0.012219134232011205 0.031693154688323504 -0.033919950483381478 0.052277064410583898
leaf_weight=2.2877155931200837 2.5548955257982016 2.7599951183656231 0.88373343646526326
leaf_count=464 100 1053 5
internal_value=0 -0.0112424 0.00361548
internal_weight=8.48634 5.93144 3.17145
internal_count=1622 1522 469
is_linear=0
shrinkage=0.05


Tree=706
num_leaves=4
num_cat=0
split_feature=21 3 13
split_gain=2.06726 0.471062 0.360128
threshold=1.0000000180025095e-35 -1.1754222435261918 -0.89690112201222372
decision_type=2 2 2
left_child=1 2 -1
right_child=-2 -3 -4
leaf_value=-0.0075672028085878506 0.03457234171710042 -0.03041599714850253 0.031676839834141532
leaf_weight=4.4809187439968809 2.5417187102138996 2.4295354947680607 0.11300272867083538
leaf_count=457 98 1065 2
internal_value=0 -0.0142725 0
internal_weight=9.56518 7.02346 4.59392
internal_count=1622 1524 459
is_linear=0
shrinkage=0.05


Tree=707
num_leaves=4
num_cat=0
split_feature=62 62 3
split_gain=1.77513 1.80775 0.0924982
threshold=0.10759087094878059 0.1161839157556325 -1.2971169809373058
decision_type=2 2 2
left_child=2 -2 -1
right_child=1 -3 -4
leaf_value=0 0.044722527738540609 -0.013738618779620413 -0.028043512371624158
leaf_weight=2.6369263334199786 3.0374711339827627 0.96993395010940719 1.8341762461932374
leaf_count=452 200 484 486
internal_value=0 0.025072 -0.0179653
internal_weight=8.47851 4.00741 4.4711
internal_count=1622 684 938
is_linear=0
shrinkage=0.05


Tree=708
num_leaves=3
num_cat=0
split_feature=25 3
split_gain=2.12009 0.515099
threshold=1.0000000180025095e-35 -1.2971169809373058
decision_type=2 2
left_child=1 -1
right_child=-2 -3
leaf_value=0 0.031666742061564071 -0.032775546626684186
leaf_weight=3.5124870834406465 2.5310795716941357 2.8042462355224416
leaf_count=452 97 1073
internal_value=-0.00034072 -0.0182154
internal_weight=8.84781 6.31673
internal_count=1622 1525
is_linear=0
shrinkage=0.05


Tree=709
num_leaves=4
num_cat=0
split_feature=26 13 3
split_gain=1.27349 0.886773 0.238005
threshold=1.0000000180025095e-35 -0.75766210091990349 -0.92932628974446818
decision_type=2 2 2
left_child=1 2 -1
right_child=-2 -3 -4
leaf_value=0 0.030732263763585344 -0.030355622161136905 0.031226121709834177
leaf_weight=4.5238721919013187 2.3826784957200289 2.4049851589370519 0.11354658287018526
leaf_count=464 93 1063 2
internal_value=0.00045216 -0.00783616 0.000794003
internal_weight=9.42508 7.0424 4.63742
internal_count=1622 1529 466
is_linear=0
shrinkage=0.05


Tree=710
num_leaves=4
num_cat=0
split_feature=53 3 12
split_gain=1.37324 0.846604 0.0145658
threshold=1.7857787510698466 -1.2971169809373058 -1.0000000180025095e-35
decision_type=2 2 2
left_child=1 2 -1
right_child=-2 -3 -4
leaf_value=0 0.030184604976791565 -0.030149330094368626 0.0022995643083578246
leaf_weight=0.52760572102852155 2.7053556647151717 2.3924957299605003 6.3862538337707511
leaf_count=301 97 1073 151
internal_value=6.75158e-05 -0.00723079 0
internal_weight=12.0117 9.30636 6.91386
internal_count=1622 1525 452
is_linear=0
shrinkage=0.05


Tree=711
num_leaves=3
num_cat=0
split_feature=46 3
split_gain=1.73553 0.540625
threshold=1.0000000180025095e-35 -1.2971169809373058
decision_type=2 2
left_child=1 -1
right_child=-2 -3
leaf_value=0 0.031482609508386834 -0.03028951986044346
leaf_weight=4.4304450394120067 2.5334687437862158 2.4252205494558439
leaf_count=452 101 1069
internal_value=0 -0.0134578
internal_weight=9.38913 6.85567
internal_count=1622 1521
is_linear=0
shrinkage=0.05


Tree=712
num_leaves=3
num_cat=0
split_feature=0 3
split_gain=1.5061 0.742726
threshold=1.7776565534620203 -1.2971169809373058
decision_type=2 2
left_child=1 -1
right_child=-2 -3
leaf_value=0 0.031366402625207235 -0.030252577108642171
leaf_weight=7.2902854538988313 2.5097333509475002 2.4074288861593223
leaf_count=452 99 1071
internal_value=0 -0.00887991
internal_weight=12.2074 9.69771
internal_count=1622 1523
is_linear=0
shrinkage=0.05


Tree=713
num_leaves=4
num_cat=0
split_feature=54 3 12
split_gain=1.18341 1.03975 0.0748795
threshold=1.0000000180025095e-35 -1.2971169809373058 -1.0000000180025095e-35
decision_type=2 2 2
left_child=1 2 -1
right_child=-2 -3 -4
leaf_value=-0.00064417389569503295 0.03123051409349889 -0.030274248613685575 0.0048526975404908131
leaf_weight=0.55210952833294769 2.4592497404664764 2.412582437391392 9.6052284911274892
leaf_count=301 94 1076 151
internal_value=0.00177746 -0.00304641 0.00219191
internal_weight=15.0292 12.5699 10.1573
internal_count=1622 1528 452
is_linear=0
shrinkage=0.05


Tree=714
num_leaves=2
num_cat=0
split_feature=7
split_gain=1.22657
threshold=-0.95647769076175326
decision_type=2
left_child=-1
right_child=-2
leaf_value=0 -0.032400767661708151
leaf_weight=36.512912292033434 2.7288908262271425
leaf_count=452 1170
internal_value=-0.00285218
internal_weight=39.2418
internal_count=1622
is_linear=0
shrinkage=0.05


Tree=715
num_leaves=4
num_cat=0
split_feature=17 12 7
split_gain=1.1821 0.812388 0.0711202
threshold=1.0000000180025095e-35 0.49134678747263855 0.76169541006372909
decision_type=2 2 2
left_child=1 -1 -3
right_child=-2 2 -4
leaf_value=-0.028949560770652069 0.030770035028106425 0 0.015980254094490814
leaf_weight=2.2489463775418699 2.3480283170938492 4.255635803565383 0.2570184189826249
leaf_count=1356 95 167 4
internal_value=0.00175582 -0.00630179 0.00175948
internal_weight=9.10963 6.7616 4.51265
internal_count=1622 1527 171
is_linear=0
shrinkage=0.05


Tree=716
num_leaves=3
num_cat=0
split_feature=38 4
split_gain=1.91643 1.07887
threshold=1.0000000180025095e-35 -0.46879594223394111
decision_type=2 2
left_child=1 -1
right_child=-2 -3
leaf_value=0.010929999804957086 0.030454027562622152 -0.029136424919130061
leaf_weight=1.0230220481753347 2.3313275575637817 5.0218049911782146
leaf_count=8 95 1519
internal_value=-0.000902834 -0.0182188
internal_weight=8.37615 6.04483
internal_count=1622 1527
is_linear=0
shrinkage=0.05


Tree=717
num_leaves=2
num_cat=0
split_feature=12
split_gain=9.85927
threshold=1.0000000180025095e-35
decision_type=2
left_child=-1
right_child=-2
leaf_value=0.040394904195964781 -0.040828538273814559
leaf_weight=6.4506902322173119 7.5004829484969378
leaf_count=301 1321
internal_value=-0.00144456
internal_weight=13.9512
internal_count=1622
is_linear=0
shrinkage=0.05


Tree=718
num_leaves=4
num_cat=0
split_feature=62 13 51
split_gain=2.01205 1.51774 0.535813
threshold=-0.17058364547969646 -0.64174629205212519 1.0000000180025095e-35
decision_type=2 2 2
left_child=1 -1 -3
right_child=-2 2 -4
leaf_value=0 -0.028379606156214023 0.053151973889035302 0
leaf_weight=2.4659534031525254 2.0810233207885176 2.4121785443276171 0.18675278255250294
leaf_count=458 977 91 96
internal_value=0.00431024 0.0235772 0.0471447
internal_weight=7.14591 5.06488 2.59893
internal_count=1622 645 187
is_linear=0
shrinkage=0.05


Tree=719
num_leaves=4
num_cat=0
split_feature=34 13 7
split_gain=1.38671 1.11779 1.48911
threshold=1.0000000180025095e-35 -0.64174629205212519 0.41740108349421173
decision_type=2 2 2
left_child=1 2 -1
right_child=-2 -3 -4
leaf_value=-0.011656429259915684 0.030826519331661036 -0.033275513388906372 0.048897029861087536
leaf_weight=2.2435974167892714 2.4084396846592426 2.6207923435140401 0.91865664720535267
leaf_count=464 100 1053 5
internal_value=0 -0.0105774 0.00338249
internal_weight=8.19149 5.78305 3.16225
internal_count=1622 1522 469
is_linear=0
shrinkage=0.05


Tree=720
num_leaves=4
num_cat=0
split_feature=21 3 7
split_gain=1.85116 0.449467 0.339098
threshold=1.0000000180025095e-35 -1.1754222435261918 0.46172127603473972
decision_type=2 2 2
left_child=1 2 -1
right_child=-2 -3 -4
leaf_value=-0.0071657784687131736 0.03366333584453151 -0.029657891333002513 0.031021979271567419
leaf_weight=4.4316032466012985 2.4013804774731398 2.3009153347229585 0.11776597425341595
leaf_count=457 98 1065 2
internal_value=0 -0.013502 0
internal_weight=9.25167 6.85028 4.54937
internal_count=1622 1524 459
is_linear=0
shrinkage=0.05


Tree=721
num_leaves=5
num_cat=0
split_feature=62 62 24 3
split_gain=1.6226 1.67485 0.670695 0.0858123
threshold=0.10759087094878059 0.1161839157556325 -0.15381375537428907 -1.2971169809373058
decision_type=2 2 2 2
left_child=3 2 -2 -1
right_child=1 -3 -4 -5
leaf_value=0 0.051164356729854865 -0.012798296679683342 0 -0.027407864620953383
leaf_weight=2.6222908303607255 2.6319154538214216 0.92913148109801103 0.25124116102233518 1.7658793407026676
leaf_count=452 103 484 97 486
internal_value=0 0.0244074 0.0439064 -0.0174448
internal_weight=8.20046 3.81229 2.88316 4.38817
internal_count=1622 684 200 938
is_linear=0
shrinkage=0.05


Tree=722
num_leaves=3
num_cat=0
split_feature=25 7
split_gain=1.92617 0.485555
threshold=1.0000000180025095e-35 -0.95647769076175326
decision_type=2 2
left_child=1 -1
right_child=-2 -3
leaf_value=0 0.030888326292261473 -0.032115929076472559
leaf_weight=3.4986703733447939 2.4011440463364124 2.6624792753718793
leaf_count=452 97 1073
internal_value=-0.000241395 -0.0175344
internal_weight=8.56229 6.16115
internal_count=1622 1525
is_linear=0
shrinkage=0.05


Tree=723
num_leaves=4
num_cat=0
split_feature=26 13 3
split_gain=1.12766 0.824869 0.232274
threshold=1.0000000180025095e-35 -0.75766210091990349 -0.92932628974446818
decision_type=2 2 2
left_child=1 2 -1
right_child=-2 -3 -4
leaf_value=0 0.029838319621043052 -0.029595239859055725 0.030796086091900855
leaf_weight=4.5103605631738901 2.2474088650196791 2.2779415587428957 0.11648510769009579
leaf_count=464 93 1063 2
internal_value=0.00044404 -0.00711595 0.000881975
internal_weight=9.1522 6.90479 4.62685
internal_count=1622 1529 466
is_linear=0
shrinkage=0.05


Tree=724
num_leaves=4
num_cat=0
split_feature=50 8 12
split_gain=1.25804 0.747086 0.013006
threshold=2.9602423299905172 -0.26252603745543718 0.46487386230126065
decision_type=2 2 2
left_child=1 -1 -3
right_child=-2 2 -4
leaf_value=-0.029091917306590984 0.030761412453538015 -0.00068403698315995889 0.002122510594943033
leaf_weight=2.2006400965619823 2.3820215724408635 0.55310329771600564 6.6080564300063998
leaf_count=984 95 329 214
internal_value=0 -0.00650999 0
internal_weight=11.7438 9.3618 7.16116
internal_count=1622 1527 543
is_linear=0
shrinkage=0.05


Tree=725
num_leaves=3
num_cat=0
split_feature=46 3
split_gain=1.55287 0.502687
threshold=1.0000000180025095e-35 -1.2971169809373058
decision_type=2 2
left_child=1 -1
right_child=-2 -3
leaf_value=0 0.030596350047686467 -0.029527709160931139
leaf_weight=4.4163816645741463 2.3848212547600269 2.2965757986530662
leaf_count=452 101 1069
internal_value=0 -0.0127989
internal_weight=9.09778 6.71296
internal_count=1622 1521
is_linear=0
shrinkage=0.05


Tree=726
num_leaves=3
num_cat=0
split_feature=0 3
split_gain=1.34631 0.687643
threshold=1.7776565534620203 -1.2971169809373058
decision_type=2 2
left_child=1 -1
right_child=-2 -3
leaf_value=0 0.030490857868287837 -0.029501224566885448
leaf_weight=7.2760522104799739 2.3650963194668302 2.2819851345848283
leaf_count=452 99 1071
internal_value=0 -0.00835503
internal_weight=11.9231 9.55804
internal_count=1622 1523
is_linear=0
shrinkage=0.05


Tree=727
num_leaves=4
num_cat=0
split_feature=54 3 12
split_gain=1.06516 0.949318 0.0668145
threshold=1.0000000180025095e-35 -1.2971169809373058 -1.0000000180025095e-35
decision_type=2 2 2
left_child=1 2 -1
right_child=-2 -3 -4
leaf_value=0 0.030380338084676647 -0.029522080516674643 0.0045496823316755926
leaf_weight=0.53151441575027902 2.322554837912322 2.2865680889226487 9.6582976430654508
leaf_count=301 94 1076 151
internal_value=0.00163302 -0.00275629 0.00201113
internal_weight=14.7989 12.4764 10.1898
internal_count=1622 1528 452
is_linear=0
shrinkage=0.05


Tree=728
num_leaves=2
num_cat=0
split_feature=3
split_gain=1.11984
threshold=-1.2971169809373058
decision_type=2
left_child=-1
right_child=-2
leaf_value=0 -0.031722367483256193
leaf_weight=36.446907177101821 2.5906645007198668
leaf_count=452 1170
internal_value=-0.00280267
internal_weight=39.0376
internal_count=1622
is_linear=0
shrinkage=0.05


Tree=729
num_leaves=4
num_cat=0
split_feature=14 12 7
split_gain=1.0467 0.736019 0.0663706
threshold=1.0000000180025095e-35 0.49134678747263855 0.76169541006372909
decision_type=2 2 2
left_child=1 -1 -3
right_child=-2 2 -4
leaf_value=-0.028022472781307747 0.029857382291368601 0 0.015318740648136382
leaf_weight=2.1115391484927386 2.2150245849043131 4.2600483577698469 0.26406885124742974
leaf_count=1356 95 167 4
internal_value=0.0017195 -0.00560356 0.00163147
internal_weight=8.85068 6.63566 4.52412
internal_count=1622 1527 171
is_linear=0
shrinkage=0.05


Tree=730
num_leaves=3
num_cat=0
split_feature=41 4
split_gain=1.70677 1.00982
threshold=1.0000000180025095e-35 -0.46879594223394111
decision_type=2 2
left_child=1 -1
right_child=-2 -3
leaf_value=0.010097883065399368 0.029547351410533364 -0.028405828516070788
leaf_weight=1.0382812991738317 2.1988828834146261 4.8065899173961952
leaf_count=8 95 1519
internal_value=-0.000639047 -0.0173691
internal_weight=8.04375 5.84487
internal_count=1622 1527
is_linear=0
shrinkage=0.05


Tree=731
num_leaves=2
num_cat=0
split_feature=12
split_gain=9.23875
threshold=1.0000000180025095e-35
decision_type=2
left_child=-1
right_child=-2
leaf_value=0.040060276356630155 -0.040473264977139774
leaf_weight=6.1707684509456158 7.0736847890075296
leaf_count=301 1321
internal_value=-0.00104034
internal_weight=13.2445
internal_count=1622
is_linear=0
shrinkage=0.05


Tree=732
num_leaves=5
num_cat=0
split_feature=62 13 51 7
split_gain=1.82431 1.43234 0.512321 0.174769
threshold=-0.17058364547969646 -0.64174629205212519 1.0000000180025095e-35 1.1590903226081626
decision_type=2 2 2 2
left_child=1 -1 3 -3
right_child=-2 2 -4 -5
leaf_value=0 -0.027573957890384162 0.056617592937502008 0 0
leaf_weight=2.4510751890484244 1.9748809819575397 2.0261168908327827 0.18162792304065067 0.24585307016968716
leaf_count=458 977 83 96 8
internal_value=0.00403179 0.0227572 0.0464762 0.0525702
internal_weight=6.87955 4.90467 2.4536 2.27197
internal_count=1622 645 187 91
is_linear=0
shrinkage=0.05


Tree=733
num_leaves=4
num_cat=0
split_feature=34 13 7
split_gain=1.23708 1.04334 1.3367
threshold=1.0000000180025095e-35 -0.64174629205212519 0.41740108349421173
decision_type=2 2 2
left_child=1 2 -1
right_child=-2 -3 -4
leaf_value=-0.011092470001026193 0.029953719618594526 -0.032596607578019771 0.045814217181717909
leaf_weight=2.2008507767459382 2.2733535431325436 2.4894246556796134 0.95109650492668141
leaf_count=464 100 1053 5
internal_value=0 -0.00992015 0.00315496
internal_weight=7.91473 5.64137 3.15195
internal_count=1622 1522 469
is_linear=0
shrinkage=0.05


Tree=734
num_leaves=4
num_cat=0
split_feature=21 7 3
split_gain=1.65633 0.433429 0.292595
threshold=1.0000000180025095e-35 1.1590903226081626 -0.094824638237536035
decision_type=2 2 2
left_child=1 -1 -3
right_child=-2 2 -4
leaf_value=-0.018057142768747272 0.032757078705225304 0.03651456784498848 0
leaf_weight=6.2830552478553727 2.2716633789241314 0.077608980238437653 0.32630716136191029
leaf_count=1328 98 1 195
internal_value=0 -0.0127414 0.00653868
internal_weight=8.95863 6.68697 0.403916
internal_count=1622 1524 196
is_linear=0
shrinkage=0.05


Tree=735
num_leaves=4
num_cat=0
split_feature=62 62 3
split_gain=1.4807 1.55919 0.0796429
threshold=0.10759087094878059 0.1161839157556325 -1.2971169809373058
decision_type=2 2 2
left_child=2 -2 -1
right_child=1 -3 -4
leaf_value=0 0.043264574595321764 -0.01188142901900021 -0.026764699861363862
leaf_weight=2.6073754515964538 2.719128697412089 0.89147083449643094 1.7011039719218386
leaf_count=452 200 484 486
internal_value=0 0.0237779 -0.0169264
internal_weight=7.91908 3.6106 4.30848
internal_count=1622 684 938
is_linear=0
shrinkage=0.05


Tree=736
num_leaves=3
num_cat=0
split_feature=25 3
split_gain=1.74081 0.456941
threshold=1.0000000180025095e-35 -1.2971169809373058
decision_type=2 2
left_child=1 -1
right_child=-2 -3
leaf_value=0 0.030043595546310475 -0.031435810690181691
leaf_weight=3.4845598577521741 2.2712300457060337 2.5289936609333381
leaf_count=452 97 1073
internal_value=-0.000175613 -0.0168572
internal_weight=8.28478 6.01355
internal_count=1622 1525
is_linear=0
shrinkage=0.05


Tree=737
num_leaves=4
num_cat=0
split_feature=26 13 3
split_gain=0.997323 0.765371 0.226856
threshold=1.0000000180025095e-35 -0.75766210091990349 -0.92932628974446818
decision_type=2 2 2
left_child=1 2 -1
right_child=-2 -3 -4
leaf_value=0 0.028939459040652583 -0.028813832618450264 0.030392214810040293
leaf_weight=4.4965727921808138 2.1226521581411362 2.1587258264189586 0.11925623752176751
leaf_count=464 93 1063 2
internal_value=0.000454991 -0.00640898 0.000974541
internal_weight=8.89721 6.77455 4.61583
internal_count=1622 1529 466
is_linear=0
shrinkage=0.05


Tree=738
num_leaves=4
num_cat=0
split_feature=50 8 12
split_gain=1.12477 0.687541 0.0111658
threshold=2.9602423299905172 -0.26252603745543718 0.46487386230126065
decision_type=2 2 2
left_child=1 -1 -3
right_child=-2 2 -4
leaf_value=-0.028310556728377428 0.029884730967471157 0 0.0019797572770337392
leaf_weight=2.0890683024190357 2.2496245559304962 0.53153547586407413 6.6220506258541718
leaf_count=984 95 329 214
internal_value=0 -0.00604701 0
internal_weight=11.4923 9.24265 7.15359
internal_count=1622 1527 543
is_linear=0
shrinkage=0.05


Tree=739
num_leaves=3
num_cat=0
split_feature=47 3
split_gain=1.38742 0.466565
threshold=1.0000000180025095e-35 -1.2971169809373058
decision_type=2 2
left_child=1 -1
right_child=-2 -3
leaf_value=0 0.02969882047159237 -0.02874780858073769
leaf_weight=4.4019948812201619 2.2474151737987995 2.1761606108630076
leaf_count=452 101 1069
internal_value=0 -0.0121521
internal_weight=8.82557 6.57816
internal_count=1622 1521
is_linear=0
shrinkage=0.05


Tree=740
num_leaves=3
num_cat=0
split_feature=0 13
split_gain=1.20203 0.635505
threshold=1.7776565534620203 -1.3186276315601533
decision_type=2 2
left_child=1 -1
right_child=-2 -3
leaf_value=0 0.029606454052704508 -0.028732140085491908
leaf_weight=7.2614136156626037 2.2314797919243583 2.1644174109678707
leaf_count=452 99 1071
internal_value=0 -0.00784458
internal_weight=11.6573 9.42583
internal_count=1622 1523
is_linear=0
shrinkage=0.05


Tree=741
num_leaves=4
num_cat=0
split_feature=54 3 12
split_gain=0.954764 0.865299 0.0596695
threshold=1.0000000180025095e-35 -1.2971169809373058 -1.0000000180025095e-35
decision_type=2 2 2
left_child=1 2 -1
right_child=-2 -3 -4
leaf_value=0 0.029486447657850742 -0.028752135990144152 0.0042643267361700318
leaf_weight=0.51097800582647224 2.1926061119884261 2.1684874808415762 9.7087465822696668
leaf_count=301 94 1076 151
internal_value=0.00148813 -0.00247925 0.00184441
internal_weight=14.5808 12.3882 10.2197
internal_count=1622 1528 452
is_linear=0
shrinkage=0.05


Tree=742
num_leaves=2
num_cat=0
split_feature=7
split_gain=1.01951
threshold=-0.95647769076175326
decision_type=2
left_child=-1
right_child=-2
leaf_value=0 -0.031043826173347347
leaf_weight=36.373568554408848 2.4638467349577686
leaf_count=452 1170
internal_value=-0.00279605
internal_weight=38.8374
internal_count=1622
is_linear=0
shrinkage=0.05


Tree=743
num_leaves=4
num_cat=0
split_feature=17 3 13
split_gain=0.929137 0.631737 0.248906
threshold=1.0000000180025095e-35 -1.0400259609247759 -0.35022694594233067
decision_type=2 2 2
left_child=1 2 -1
right_child=-2 -3 -4
leaf_value=0 0.028958751008105882 -0.026887271117207692 0.032189192510845108
leaf_weight=4.5009600861230865 2.0945972427725792 1.9163747465936465 0.10555801540613163
leaf_count=465 95 1061 1
internal_value=0.00167924 -0.0049589 0.00100732
internal_weight=8.61749 6.52289 4.60652
internal_count=1622 1527 466
is_linear=0
shrinkage=0.05


Tree=744
num_leaves=3
num_cat=0
split_feature=38 4
split_gain=1.52062 0.944138
threshold=1.0000000180025095e-35 -0.46879594223394111
decision_type=2 2
left_child=1 -1
right_child=-2 -3
leaf_value=0.0092947900009986584 0.028648603900557568 -0.027676681713028464
leaf_weight=1.0531380325555799 2.0784181095659733 4.607896015397273
leaf_count=8 95 1519
internal_value=-0.000372044 -0.0165449
internal_weight=7.73945 5.66103
internal_count=1622 1527
is_linear=0
shrinkage=0.05


Tree=745
num_leaves=2
num_cat=0
split_feature=12
split_gain=8.65736
threshold=1.0000000180025095e-35
decision_type=2
left_child=-1
right_child=-2
leaf_value=0.039714273608736632 -0.040110303366393825
leaf_weight=5.9013089798390865 6.6809915320482105
leaf_count=301 1321
internal_value=-0.000673308
internal_weight=12.5823
internal_count=1622
is_linear=0
shrinkage=0.05


Tree=746
num_leaves=5
num_cat=0
split_feature=62 13 51 7
split_gain=1.6596 1.35517 0.490723 0.179407
threshold=-0.17058364547969646 -0.64174629205212519 1.0000000180025095e-35 1.1590903226081626
decision_type=2 2 2 2
left_child=1 -1 3 -3
right_child=-2 2 -4 -5
leaf_value=0 -0.026777194676398011 0.05627875290728386 0 0
leaf_weight=2.4370289149228483 1.878158905659802 1.902524750679732 0.1767718233168124 0.24284919910132874
leaf_count=458 977 83 96 8
internal_value=0.00378855 0.0220036 0.0458554 0.0520287
internal_weight=6.63733 4.75917 2.32215 2.14537
internal_count=1622 645 187 91
is_linear=0
shrinkage=0.05


Tree=747
num_leaves=4
num_cat=0
split_feature=34 13 4
split_gain=1.10576 0.972982 0.537961
threshold=1.0000000180025095e-35 -0.64174629205212519 -0.35021576160556561
decision_type=2 2 2
left_child=1 2 -1
right_child=-2 -3 -4
leaf_value=0.027199770990872865 0.02908886248085208 -0.031919342878358105 -0.0052893394249867677
leaf_weight=1.2697058934718373 2.1504913251847029 2.3692751452326775 1.8728136227000503
leaf_count=8 100 1053 461
internal_value=0 -0.00931509 0.00290595
internal_weight=7.66229 5.51179 3.14252
internal_count=1622 1522 469
is_linear=0
shrinkage=0.05


Tree=748
num_leaves=4
num_cat=0
split_feature=21 3 7
split_gain=1.47347 0.435809 0.293625
threshold=1.0000000180025095e-35 -1.1754222435261918 0.46172127603473972
decision_type=2 2 2
left_child=1 2 -1
right_child=-2 -3 -4
leaf_value=-0.0059855595050475607 0.031846326852419941 -0.028316522305266489 0.02998835916066922
leaf_weight=4.2929130799602717 2.1519147548824549 2.0986366509459913 0.12531401589512814
leaf_count=457 98 1065 2
internal_value=0 -0.0119028 0
internal_weight=8.66878 6.51686 4.41823
internal_count=1622 1524 459
is_linear=0
shrinkage=0.05


Tree=749
num_leaves=4
num_cat=0
split_feature=62 62 3
split_gain=1.35312 1.44576 0.073444
threshold=0.10759087094878059 0.1161839157556325 -1.2971169809373058
decision_type=2 2 2
left_child=2 -2 -1
right_child=1 -3 -4
leaf_value=0 0.042374717880245619 -0.010990596447549343 -0.026127447217130412
leaf_weight=2.5937179776374251 2.5939883866813038 0.85672899149358261 1.6406696877675129
leaf_count=452 200 484 486
internal_value=0 0.0230833 -0.0164279
internal_weight=7.68511 3.45072 4.23439
internal_count=1622 684 938
is_linear=0
shrinkage=0.05


Tree=750
num_leaves=3
num_cat=0
split_feature=25 3
split_gain=1.58346 0.429438
threshold=1.0000000180025095e-35 -1.2971169809373058
decision_type=2 2
left_child=1 -1
right_child=-2 -3
leaf_value=0 0.029279111998089826 -0.030757462957878526
leaf_weight=3.4718972626142204 2.1624998580664396 2.4066939170006663
leaf_count=452 97 1073
internal_value=-5.21624e-05 -0.0162107
internal_weight=8.04109 5.87859
internal_count=1622 1525
is_linear=0
shrinkage=0.05


Tree=751
num_leaves=4
num_cat=0
split_feature=26 13 3
split_gain=0.883404 0.709542 0.221674
threshold=1.0000000180025095e-35 -0.75766210091990349 -0.92932628974446818
decision_type=2 2 2
left_child=1 2 -1
right_child=-2 -3 -4
leaf_value=0 0.028050221418613075 -0.028036821972365469 0.03000268662681152
leaf_weight=4.4844176194164902 2.0091742128133774 2.0499647923279554 0.12193742860108603
leaf_count=464 93 1063 2
internal_value=0.000465432 -0.00574555 0.00105279
internal_weight=8.66549 6.65632 4.60636
internal_count=1622 1529 466
is_linear=0
shrinkage=0.05


Tree=752
num_leaves=3
num_cat=0
split_feature=50 8
split_gain=1.00755 0.632456
threshold=2.9602423299905172 -0.26252603745543718
decision_type=2 2
left_child=1 -1
right_child=-2 -3
leaf_value=-0.027535404481860315 0.029019204590451288 0
leaf_weight=1.9870855816407118 2.1294587831944236 7.1482952424557871
leaf_count=984 95 543
internal_value=0 -0.00562218
internal_weight=11.2648 9.13538
internal_count=1622 1527
is_linear=0
shrinkage=0.05


Tree=753
num_leaves=3
num_cat=0
split_feature=46 3
split_gain=1.24218 0.432517
threshold=1.0000000180025095e-35 -1.2971169809373058
decision_type=2 2
left_child=1 -1
right_child=-2 -3
leaf_value=0 0.028816531013549293 -0.027972402144096443
leaf_weight=4.3892955619376153 2.1237341165542603 2.0662996745668352
leaf_count=452 101 1069
internal_value=0 -0.0115427
internal_weight=8.57933 6.4556
internal_count=1622 1521
is_linear=0
shrinkage=0.05


Tree=754
num_leaves=3
num_cat=0
split_feature=20 3
split_gain=1.0759 0.586898
threshold=1.0000000180025095e-35 -1.2971169809373058
decision_type=2 2
left_child=1 -1
right_child=-2 -3
leaf_value=0 0.02873958388827165 -0.027967917497703366
leaf_weight=7.2491646516136816 2.1113145183771858 2.0570545720402142
leaf_count=452 99 1071
internal_value=0 -0.00737174
internal_weight=11.4175 9.30622
internal_count=1622 1523
is_linear=0
shrinkage=0.05


Tree=755
num_leaves=4
num_cat=0
split_feature=54 3 12
split_gain=0.857932 0.788728 0.053039
threshold=1.0000000180025095e-35 -1.2971169809373058 0.49134678747263855
decision_type=2 2 2
left_child=1 2 -1
right_child=-2 -3 -4
leaf_value=0 0.028608273586862406 -0.027986920172877312 0.0039835740525805199
leaf_weight=0.49137979792430719 2.0753034502267846 2.0606606014771378 9.7588355094194412
leaf_count=301 94 1076 151
internal_value=0.00134539 -0.00223617 0.00167604
internal_weight=14.3862 12.3109 10.2502
internal_count=1622 1528 452
is_linear=0
shrinkage=0.05


Tree=756
num_leaves=2
num_cat=0
split_feature=3
split_gain=0.930889
threshold=-1.2971169809373058
decision_type=2
left_child=-1
right_child=-2
leaf_value=0 -0.030369936830336664
leaf_weight=36.312392868101597 2.3474793978966764
leaf_count=452 1170
internal_value=-0.00276369
internal_weight=38.6599
internal_count=1622
is_linear=0
shrinkage=0.05


Tree=757
num_leaves=4
num_cat=0
split_feature=14 3 13
split_gain=0.823579 0.57988 0.239658
threshold=1.0000000180025095e-35 -1.0400259609247759 -0.35022694594233067
decision_type=2 2 2
left_child=1 2 -1
right_child=-2 -3 -4
leaf_value=0 0.028039009863337589 -0.026059765106911173 0.031476249396122105
leaf_weight=4.4911852668737993 1.9812165703624485 1.8202987514669073 0.11027847975492466
leaf_count=465 95 1061 1
internal_value=0.00161715 -0.00435921 0.00103756
internal_weight=8.40298 6.42176 4.60146
internal_count=1622 1527 466
is_linear=0
shrinkage=0.05


Tree=758
num_leaves=3
num_cat=0
split_feature=38 4
split_gain=1.35113 0.883838
threshold=1.0000000180025095e-35 -0.46879594223394111
decision_type=2 2
left_child=1 -1
right_child=-2 -3
leaf_value=0.0085971771599436843 0.02773086714448943 -0.026949247122349862
leaf_weight=1.0664942786097524 1.9654069226235149 4.4236066750017926
leaf_count=8 95 1519
internal_value=-0.00010712 -0.0157293
internal_weight=7.45551 5.4901
internal_count=1622 1527
is_linear=0
shrinkage=0.05


Tree=759
num_leaves=2
num_cat=0
split_feature=12
split_gain=8.12968
threshold=1.0000000180025095e-35
decision_type=2
left_child=-1
right_child=-2
leaf_value=0.039387029439915733 -0.039736985453975762
leaf_weight=5.6635544747114182 6.3163506677374244
leaf_count=301 1321
internal_value=-0.000248169
internal_weight=11.9799
internal_count=1622
is_linear=0
shrinkage=0.05


Tree=760
num_leaves=5
num_cat=0
split_feature=62 13 51 7
split_gain=1.5068 1.27873 0.468921 0.183315
threshold=-0.17058364547969646 -0.64174629205212519 1.0000000180025095e-35 1.1590903226081626
decision_type=2 2 2 2
left_child=1 -1 3 -3
right_child=-2 2 -4 -5
leaf_value=0 -0.025977629048023261 0.05581324970311477 0 0
leaf_weight=2.4245883591938764 1.7885614831466226 1.7906533256173141 0.17219222779385734 0.23984047770500172
leaf_count=458 977 83 96 8
internal_value=0.00351908 0.0212177 0.0451319 0.0513689
internal_weight=6.41584 4.62727 2.20269 2.03049
internal_count=1622 645 187 91
is_linear=0
shrinkage=0.05


Tree=761
num_leaves=4
num_cat=0
split_feature=34 13 7
split_gain=0.989214 0.904928 1.11416
threshold=1.0000000180025095e-35 -0.64174629205212519 0.41740108349421173
decision_type=2 2 2
left_child=1 2 -1
right_child=-2 -3 -4
leaf_value=-0.010324077609773148 0.028208587366854079 -0.031247522412173295 0.041021110353944963
leaf_weight=2.1411019869847228 2.0354984812438488 2.2588487056782469 1.00227515399456
leaf_count=464 100 1053 5
internal_value=0 -0.00878467 0.00256851
internal_weight=7.43772 5.40223 3.14338
internal_count=1622 1522 469
is_linear=0
shrinkage=0.05


Tree=762
num_leaves=4
num_cat=0
split_feature=21 3 7
split_gain=1.31738 0.412296 0.277328
threshold=1.0000000180025095e-35 -1.1754222435261918 0.46172127603473972
decision_type=2 2 2
left_child=1 2 -1
right_child=-2 -3 -4
leaf_value=-0.005639305869834927 0.030921412839159043 -0.027550342679915709 0.029329892958452425
leaf_weight=4.2533457053359598 2.0411713067442179 1.9959492754423989 0.13023455440998066
leaf_count=457 98 1065 2
internal_value=0 -0.011205 0
internal_weight=8.4207 6.37953 4.38358
internal_count=1622 1524 459
is_linear=0
shrinkage=0.05


Tree=763
num_leaves=4
num_cat=0
split_feature=62 62 3
split_gain=1.23664 1.34163 0.0682188
threshold=0.10759087094878059 0.1161839157556325 -1.2971169809373058
decision_type=2 2 2
left_child=2 -2 -1
right_child=1 -3 -4
leaf_value=0 0.041471017973811586 -0.010129170480839996 -0.025518806135382967
leaf_weight=2.5801478635985404 2.4782272297888999 0.8247372795594855 1.5856765768257899
leaf_count=452 200 484 486
internal_value=0 0.0223751 -0.0159545
internal_weight=7.46879 3.30296 4.16582
internal_count=1622 684 938
is_linear=0
shrinkage=0.05


Tree=764
num_leaves=3
num_cat=0
split_feature=25 3
split_gain=1.44077 0.40381
threshold=1.0000000180025095e-35 -1.2971169809373058
decision_type=2 2
left_child=1 -1
right_child=-2 -3
leaf_value=0 0.028516307645842145 -0.030081865387023662
leaf_weight=3.4590755258686841 2.0614223387092352 2.2942430031253025
leaf_count=452 97 1073
internal_value=0 -0.0155858
internal_weight=7.81474 5.75332
internal_count=1622 1525
is_linear=0
shrinkage=0.05


Tree=765
num_leaves=4
num_cat=0
split_feature=26 13 13
split_gain=0.78141 0.657306 0.114606
threshold=1.0000000180025095e-35 -0.75766210091990349 -0.78681577724436436
decision_type=2 2 2
left_child=1 2 -1
right_child=-2 -3 -4
leaf_value=0 0.027146776867009087 -0.027264904882106852 0.020371814956156767
leaf_weight=4.3914213983807713 1.9029562212526796 1.9502053071046246 0.20592716522514809
leaf_count=463 93 1063 3
internal_value=0.000465081 -0.00511806 0.00112506
internal_weight=8.45051 6.54755 4.59735
internal_count=1622 1529 466
is_linear=0
shrinkage=0.05


Tree=766
num_leaves=3
num_cat=0
split_feature=50 8
split_gain=0.898373 0.584531
threshold=2.9602423299905172 -0.26252603745543718
decision_type=2 2
left_child=1 -1
right_child=-2 -3
leaf_value=-0.026767766581347052 0.028136541838421798 0
leaf_weight=1.8935476297046978 2.0165321473032245 7.1300560318632042
leaf_count=984 95 543
internal_value=0 -0.00516113
internal_weight=11.0401 9.0236
internal_count=1622 1527
is_linear=0
shrinkage=0.05


Tree=767
num_leaves=3
num_cat=0
split_feature=46 3
split_gain=1.10969 0.401159
threshold=1.0000000180025095e-35 -1.2971169809373058
decision_type=2 2
left_child=1 -1
right_child=-2 -3
leaf_value=0 0.027909108070862627 -0.027201824999390136
leaf_weight=4.3762358413077891 2.0069704726338387 1.9656014820793641
leaf_count=452 101 1069
internal_value=0 -0.0109576
internal_weight=8.34881 6.34184
internal_count=1622 1521
is_linear=0
shrinkage=0.05


Tree=768
num_leaves=3
num_cat=0
split_feature=0 3
split_gain=0.960488 0.542451
threshold=1.7776565534620203 -1.2971169809373058
decision_type=2 2
left_child=1 -1
right_child=-2 -3
leaf_value=0 0.027848423437467462 -0.027209730646625314
leaf_weight=7.2359173889271906 1.9976906459778554 1.9586406560847525
leaf_count=452 99 1071
internal_value=0 -0.00691953
internal_weight=11.1922 9.19456
internal_count=1622 1523
is_linear=0
shrinkage=0.05


Tree=769
num_leaves=3
num_cat=0
split_feature=54 3
split_gain=0.768892 0.719627
threshold=1.0000000180025095e-35 -1.2971169809373058
decision_type=2 2
left_child=1 -1
right_child=-2 -3
leaf_value=0.0015301173414519866 0.027709739951052692 -0.027227543440024322
leaf_weight=10.276542877778409 1.9646941274404532 1.9618203210411582
leaf_count=452 94 1076
internal_value=0.00120765 -0.00200496
internal_weight=14.2031 12.2384
internal_count=1622 1528
is_linear=0
shrinkage=0.05


Tree=770
num_leaves=2
num_cat=0
split_feature=3
split_gain=0.870529
threshold=-1.2971169809373058
decision_type=2
left_child=-1
right_child=-2
leaf_value=0 -0.029294193591598006
leaf_weight=34.608091984293424 2.186005094787105
leaf_count=450 1175
internal_value=-0.00185747
internal_weight=36.7941
internal_count=1625
is_linear=0
shrinkage=0.05


Tree=771
num_leaves=4
num_cat=0
split_feature=14 12 3
split_gain=0.738234 0.606574 0.0790231
threshold=1.0000000180025095e-35 0.49134678747263855 -1.0400259609247759
decision_type=2 2 2
left_child=1 -1 -3
right_child=-2 2 -4
leaf_value=-0.025398522773192978 0.027854021119066187 0.0077662845148873021 0
leaf_weight=1.7877300071995703 1.9667777586728332 3.9752546064555645 0.32915082899853576
leaf_count=1361 100 151 13
internal_value=0.00341761 -0.00219332 0.00388109
internal_weight=8.05891 6.09214 4.30441
internal_count=1625 1525 164
is_linear=0
shrinkage=0.05


Tree=772
num_leaves=4
num_cat=0
split_feature=38 13 13
split_gain=0.738864 0.891288 0.782643
threshold=1.0000000180025095e-35 -0.78681577724436436 -1.0342884930852898
decision_type=2 2 2
left_child=1 2 -1
right_child=-2 -3 -4
leaf_value=0 0.026811731337566952 -0.02934163842611618 0.046618835353567041
leaf_weight=2.6047723599476744 1.8611379098147152 2.1182340871309862 0.46145788091234852
leaf_count=454 95 1070 6
internal_value=0.00109428 -0.0052862 0.00610562
internal_weight=7.0456 5.18446 3.06623
internal_count=1625 1530 460
is_linear=0
shrinkage=0.05


Tree=773
num_leaves=2
num_cat=0
split_feature=12
split_gain=7.62179
threshold=1.0000000180025095e-35
decision_type=2
left_child=-1
right_child=-2
leaf_value=0.039217334044123274 -0.039188815435493393
leaf_weight=5.5531897135078907 5.8451584239955992
leaf_count=306 1319
internal_value=0
internal_weight=11.3983
internal_count=1625
is_linear=0
shrinkage=0.05


Tree=774
num_leaves=4
num_cat=0
split_feature=62 13 51
split_gain=1.48558 1.22478 0.394132
threshold=-0.17058364547969646 -0.64174629205212519 1.0000000180025095e-35
decision_type=2 2 2
left_child=1 -1 -3
right_child=-2 2 -4
leaf_value=0 -0.024428449142840397 0.050328719728602679 0
leaf_weight=2.3445344954961911 1.6414777757599948 2.1521168947219853 0.14654790237545956
leaf_count=456 977 105 87
internal_value=0.00587833 0.0227865 0.0452579
internal_weight=6.28468 4.6432 2.29866
internal_count=1625 648 192
is_linear=0
shrinkage=0.05


Tree=775
num_leaves=4
num_cat=0
split_feature=34 3 7
split_gain=1.32022 0.409192 0.0923228
threshold=1.0000000180025095e-35 -1.2269267479059429 -1.0000000180025095e-35
decision_type=2 2 2
left_child=1 2 -1
right_child=-2 -3 -4
leaf_value=-0.002881457463800691 0.02776093302710322 -0.025633756525478363 0.017350950085118201
leaf_weight=1.7426840960979459 1.9834911357611416 3.1670572188450024 0.20480883121490467
leaf_count=451 103 1070 1
internal_value=0 -0.0157152 0
internal_weight=7.09804 5.11455 1.94749
internal_count=1625 1522 452
is_linear=0
shrinkage=0.05


Tree=776
num_leaves=4
num_cat=0
split_feature=21 3 3
split_gain=0.730519 0.722493 0.227455
threshold=1.0000000180025095e-35 -1.1754222435261918 -1.1946941867190002
decision_type=2 2 2
left_child=1 2 -1
right_child=-2 -3 -4
leaf_value=0 0.028847928659021145 -0.026590736181077795 0.034839451846255746
leaf_weight=4.0965503967599943 1.7860315106809137 1.8810157950501887 0.088281266391277202
leaf_count=454 89 1081 1
internal_value=0.00344048 -0.00186004 0.00557121
internal_weight=7.85188 6.06585 4.18483
internal_count=1625 1536 455
is_linear=0
shrinkage=0.05


Tree=777
num_leaves=4
num_cat=0
split_feature=30 3 3
split_gain=1.00732 0.543568 0.0457372
threshold=1.0000000180025095e-35 -1.1317619565702162 -1.1754222435261918
decision_type=2 2 2
left_child=1 2 -1
right_child=-2 -3 -4
leaf_value=-0.0018719917715019645 0.025443178047307526 -0.029863876146116006 0.01157788747446461
leaf_weight=2.7626538015902047 1.7245915997773407 2.2326486015226692 0.26770885661244381
leaf_count=457 100 1065 3
internal_value=0 -0.013678 0
internal_weight=6.9876 5.26301 3.03036
internal_count=1625 1525 460
is_linear=0
shrinkage=0.05


Tree=778
num_leaves=3
num_cat=0
split_feature=25 4
split_gain=1.84062 0.62014
threshold=1.0000000180025095e-35 -0.46879594223394111
decision_type=2 2
left_child=1 -1
right_child=-2 -3
leaf_value=0 0.027429605285276489 -0.028943828844248138
leaf_weight=0.53349461778998364 1.927402142435312 4.933031682157889
leaf_count=8 95 1522
internal_value=-0.00534996 -0.0224276
internal_weight=7.39393 5.46653
internal_count=1625 1530
is_linear=0
shrinkage=0.05


Tree=779
num_leaves=4
num_cat=0
split_feature=26 13 3
split_gain=1.031 0.3767 0.26799
threshold=1.0000000180025095e-35 -0.75766210091990349 -0.92932628974446818
decision_type=2 2 2
left_child=1 2 -1
right_child=-2 -3 -4
leaf_value=-0.0053178398811928864 0.027534350256693381 -0.026507684943183337 0.029257299111304709
leaf_weight=4.2103395576123148 1.9556412287056444 1.8589535962091757 0.12707593105733384
leaf_count=460 101 1062 2
internal_value=0 -0.0103388 0
internal_weight=8.15201 6.19637 4.33742
internal_count=1625 1524 462
is_linear=0
shrinkage=0.05


Tree=780
num_leaves=4
num_cat=0
split_feature=62 12 8
split_gain=0.922778 0.278036 0.121192
threshold=-0.17058364547969646 0.4607419408617523 -0.51006864881048153
decision_type=2 2 2
left_child=1 -1 -3
right_child=-2 2 -4
leaf_value=0 -0.022491593743777849 0 0.017409082268630704
leaf_weight=0.45299579866696049 1.4936750126071281 0.51841365220025082 7.8120399578474453
leaf_count=314 977 20 314
internal_value=0.00454588 0.0128005 0.0158421
internal_weight=10.2771 8.78345 8.33045
internal_count=1625 648 334
is_linear=0
shrinkage=0.05


Tree=781
num_leaves=3
num_cat=0
split_feature=47 3
split_gain=0.94813 0.416364
threshold=1.0000000180025095e-35 -1.2971169809373058
decision_type=2 2
left_child=1 -1
right_child=-2 -3
leaf_value=0 0.027310271999411464 -0.026109861507531525
leaf_weight=4.1897247363813221 1.9367382004857061 1.8378788187401367
leaf_count=450 103 1072
internal_value=0 -0.0092032
internal_weight=7.96434 6.0276
internal_count=1625 1522
is_linear=0
shrinkage=0.05


Tree=782
num_leaves=4
num_cat=0
split_feature=12 8 63
split_gain=0.640271 0.262729 0.120079
threshold=0.46919668403845399 -0.52456312342282096 -1.0000000180025095e-35
decision_type=2 2 2
left_child=2 -2 -1
right_child=1 -3 -4
leaf_value=-0.02191971527342812 0 0.01399496235867167 0
leaf_weight=1.4636109042912711 0.489661262370645 8.5099280459107813 0.1335179619491117
leaf_count=1078 22 518 7
internal_value=0.00368203 0.0107991 -0.0175139
internal_weight=10.5967 8.99959 1.59713
internal_count=1625 540 1085
is_linear=0
shrinkage=0.05


Tree=783
num_leaves=2
num_cat=0
split_feature=54
split_gain=1.58344
threshold=1.0000000180025095e-35
decision_type=2
left_child=-1
right_child=-2
leaf_value=-0.016263090642060701 0.026463065210391358
leaf_weight=11.675963188055901 1.8231815733015544
leaf_count=1533 92
internal_value=-0.00796765
internal_weight=13.4991
internal_count=1625
is_linear=0
shrinkage=0.05


Tree=784
num_leaves=2
num_cat=0
split_feature=3
split_gain=0.800986
threshold=-1.2971169809373058
decision_type=2
left_child=-1
right_child=-2
leaf_value=0 -0.028638359008677845
leaf_weight=34.554742097388953 2.0924857562640673
leaf_count=450 1175
internal_value=-0.0018254
internal_weight=36.6472
internal_count=1625
is_linear=0
shrinkage=0.05


Tree=785
num_leaves=4
num_cat=0
split_feature=14 12 3
split_gain=0.664101 0.541072 0.0729348
threshold=1.0000000180025095e-35 0.49134678747263855 -1.0400259609247759
decision_type=2 2 2
left_child=1 -1 -3
right_child=-2 2 -4
leaf_value=-0.02449643688671483 0.026984385259164807 0.00729911388829293 0
leaf_weight=1.6941092668566851 1.8683255165815351 4.01162513718009 0.33010009909048665
leaf_count=1361 100 151 13
internal_value=0.0032034 -0.00183388 0.00346197
internal_weight=7.90416 6.03583 4.34173
internal_count=1625 1525 164
is_linear=0
shrinkage=0.05


Tree=786
num_leaves=4
num_cat=0
split_feature=38 3 3
split_gain=0.656825 0.634052 0.367634
threshold=1.0000000180025095e-35 -1.1317619565702162 -1.2269267479059429
decision_type=2 2 2
left_child=1 2 -1
right_child=-2 -3 -4
leaf_value=0 0.025920574205061414 -0.026786900415753181 0.028536444698580649
leaf_weight=2.5874037236208101 1.7675565611571071 1.8384276131400836 0.66906424041371781
leaf_count=452 95 1070 8
internal_value=0.000985703 -0.00473989 0.00296024
internal_weight=6.86245 5.0949 3.25647
internal_count=1625 1530 460
is_linear=0
shrinkage=0.05


Tree=787
num_leaves=2
num_cat=0
split_feature=12
split_gain=7.14515
threshold=1.0000000180025095e-35
decision_type=2
left_child=-1
right_child=-2
leaf_value=0.038843512517868599 -0.038798984614203863
leaf_weight=5.3077199421823025 5.5451085246168077
leaf_count=306 1319
internal_value=0
internal_weight=10.8528
internal_count=1625
is_linear=0
shrinkage=0.05


Tree=788
num_leaves=5
num_cat=0
split_feature=62 13 51 7
split_gain=1.35395 1.1517 0.379238 0.218403
threshold=-0.17058364547969646 -0.64174629205212519 1.0000000180025095e-35 1.1590903226081626
decision_type=2 2 2 2
left_child=1 -1 3 -3
right_child=-2 2 -4 -5
leaf_value=0 -0.023664204027019645 0.053932234627234038 0 0
leaf_weight=2.3351345103001222 1.5713793226750565 1.837687834165991 0.14445079863071431 0.21295934356749047
leaf_count=456 977 98 87 7
internal_value=0.00552245 0.0219621 0.0443686 0.0495153
internal_weight=6.10161 4.53023 2.1951 2.05065
internal_count=1625 648 192 105
is_linear=0
shrinkage=0.05


Tree=789
num_leaves=4
num_cat=0
split_feature=37 3 7
split_gain=1.18371 0.392162 0.0871355
threshold=1.0000000180025095e-35 -1.2269267479059429 -1.0000000180025095e-35
decision_type=2 2 2
left_child=1 2 -1
right_child=-2 -3 -4
leaf_value=-0.0024881801243581726 0.026880122180187885 -0.024922021819976582 0.016988933207088823
leaf_weight=1.7227079089498145 1.8811648208647964 3.0729773284401745 0.20707178115844715
leaf_count=451 103 1070 1
internal_value=0 -0.0150041 0
internal_weight=6.88392 5.00276 1.92978
internal_count=1625 1522 452
is_linear=0
shrinkage=0.05


Tree=790
num_leaves=4
num_cat=0
split_feature=21 3 3
split_gain=0.650863 0.672153 0.218594
threshold=1.0000000180025095e-35 -1.1754222435261918 -1.1946941867190002
decision_type=2 2 2
left_child=1 2 -1
right_child=-2 -3 -4
leaf_value=0 0.02792484036910238 -0.025871347447139231 0.034339901222747493
leaf_weight=4.0824264703551307 1.7023551799356935 1.7993808360770343 0.09150264412164677
leaf_count=454 89 1081 1
internal_value=0.00349592 -0.00122333 0.00568453
internal_weight=7.67567 5.97331 4.17393
internal_count=1625 1536 455
is_linear=0
shrinkage=0.05


Tree=791
num_leaves=4
num_cat=0
split_feature=30 3 3
split_gain=0.898897 0.514741 0.041473
threshold=1.0000000180025095e-35 -1.1317619565702162 -1.1754222435261918
decision_type=2 2 2
left_child=1 2 -1
right_child=-2 -3 -4
leaf_value=-0.0016177980735587252 0.024544170298156 -0.029198885925682878 0.011111152690558145
leaf_weight=2.744438160094433 1.639867892488837 2.1332025345182046 0.27104166615754355
leaf_count=457 100 1065 3
internal_value=0 -0.013024 0
internal_weight=6.78855 5.14868 3.01548
internal_count=1625 1525 460
is_linear=0
shrinkage=0.05


Tree=792
num_leaves=3
num_cat=0
split_feature=25 4
split_gain=1.66428 0.596005
threshold=1.0000000180025095e-35 -0.46879594223394111
decision_type=2 2
left_child=1 -1
right_child=-2 -3
leaf_value=0 0.026547650869806684 -0.028296510243002504
leaf_weight=0.53705612570047367 1.8298675213009117 4.7486180826090276
leaf_count=8 95 1522
internal_value=-0.00504523 -0.0216526
internal_weight=7.11554 5.28567
internal_count=1625 1530
is_linear=0
shrinkage=0.05


Tree=793
num_leaves=4
num_cat=0
split_feature=26 13 13
split_gain=0.918489 0.357232 0.253697
threshold=1.0000000180025095e-35 -0.75766210091990349 -0.78681577724436436
decision_type=2 2 2
left_child=1 2 -1
right_child=-2 -3 -4
leaf_value=-0.0049997975031681663 0.026647869570109742 -0.025796946753136443 0.028623433122165538
leaf_weight=4.1752980985911563 1.8548709973692892 1.779678580118343 0.13147828448563803
leaf_count=460 101 1062 2
internal_value=0 -0.00973349 0
internal_weight=7.94133 6.08645 4.30678
internal_count=1625 1524 462
is_linear=0
shrinkage=0.05


Tree=794
num_leaves=4
num_cat=0
split_feature=62 12 4
split_gain=0.818816 0.247241 0.218173
threshold=-0.17058364547969646 0.4607419408617523 -0.35021576160556561
decision_type=2 2 2
left_child=1 -1 -3
right_child=-2 2 -4
leaf_value=0 -0.021671542455005112 0 0.017036596913942641
leaf_weight=0.43584875878877838 1.4289074657717726 0.3052995540201654 8.0658466616878268
leaf_count=314 977 8 326
internal_value=0.0041122 0.0119212 0.014791
internal_weight=10.2359 8.80699 8.37115
internal_count=1625 648 334
is_linear=0
shrinkage=0.05


Tree=795
num_leaves=3
num_cat=0
split_feature=46 7
split_gain=0.84838 0.388505
threshold=1.0000000180025095e-35 -0.95647769076175326
decision_type=2 2
left_child=1 -1
right_child=-2 -3
leaf_value=0 0.026453728624107276 -0.025379191364094857
leaf_weight=4.1771302659763023 1.8402948658913372 1.7581389396218581
leaf_count=450 103 1072
internal_value=0 -0.00866534
internal_weight=7.77556 5.93527
internal_count=1625 1522
is_linear=0
shrinkage=0.05


Tree=796
num_leaves=4
num_cat=0
split_feature=0 7 12
split_gain=0.556013 0.677082 0.1181
threshold=1.7776565534620203 -0.95647769076175326 -1.0000000180025095e-35
decision_type=2 2 2
left_child=1 2 -1
right_child=-2 -3 -4
leaf_value=0 0.025805522369509521 -0.025720134183444623 0.0082199789620910554
leaf_weight=0.45398499839939166 1.7673909906297929 1.7869538984959934 6.531100630760192
leaf_count=306 96 1079 144
internal_value=0.00329533 0 0.0049015
internal_weight=10.5394 8.77204 6.98509
internal_count=1625 1529 450
is_linear=0
shrinkage=0.05


Tree=797
num_leaves=2
num_cat=0
split_feature=55
split_gain=1.43231
threshold=1.0000000180025095e-35
decision_type=2
left_child=-1
right_child=-2
leaf_value=-0.015630118433600491 0.025580436840913753
leaf_weight=11.456065369071437 1.7333005517721183
leaf_count=1533 92
internal_value=-0.00765163
internal_weight=13.1894
internal_count=1625
is_linear=0
shrinkage=0.05


Tree=798
num_leaves=2
num_cat=0
split_feature=3
split_gain=0.735086
threshold=-1.2971169809373058
decision_type=2
left_child=-1
right_child=-2
leaf_value=0 -0.027976877528478251
leaf_weight=34.497278181952424 2.0043568009277797
leaf_count=450 1175
internal_value=-0.00181921
internal_weight=36.5016
internal_count=1625
is_linear=0
shrinkage=0.05


Tree=799
num_leaves=4
num_cat=0
split_feature=14 3 13
split_gain=0.596005 0.49223 0.203201
threshold=1.0000000180025095e-35 -1.0400259609247759 -0.35022694594233067
decision_type=2 2 2
left_child=1 2 -1
right_child=-2 -3 -4
leaf_value=0 0.026093015405077649 -0.023885801545566826 0.029943080937339467
leaf_weight=4.2660269957268611 1.7747906837612388 1.597777683404275 0.12051844596862693
leaf_count=461 100 1063 1
internal_value=0.00298088 -0.00150158 0.00314545
internal_weight=7.75911 5.98432 4.38655
internal_count=1625 1525 462
is_linear=0
shrinkage=0.05


Tree=800
num_leaves=4
num_cat=0
split_feature=38 13 13
split_gain=0.584609 0.79303 0.694843
threshold=1.0000000180025095e-35 -0.78681577724436436 -1.0342884930852898
decision_type=2 2 2
left_child=1 2 -1
right_child=-2 -3 -4
leaf_value=0 0.025025157498712532 -0.02821809689973814 0.043574871614407623
leaf_weight=2.5777646199567248 1.6803740598261354 1.9626813570503143 0.47943212697282422
leaf_count=454 95 1070 6
internal_value=0.000827192 -0.00427695 0.00587091
internal_weight=6.70025 5.01988 3.0572
internal_count=1625 1530 460
is_linear=0
shrinkage=0.05


Tree=801
num_leaves=2
num_cat=0
split_feature=12
split_gain=6.70582
threshold=1.0000000180025095e-35
decision_type=2
left_child=-1
right_child=-2
leaf_value=0.038479246634041911 -0.03839547245844796
leaf_weight=5.0852388311177492 5.2622249668929726
leaf_count=306 1319
internal_value=0
internal_weight=10.3475
internal_count=1625
is_linear=0
shrinkage=0.05


Tree=802
num_leaves=5
num_cat=0
split_feature=42 12 13 7
split_gain=0.36422 0.704264 0.355799 0.01704
threshold=1.0000000180025095e-35 0.49134678747263855 -0.64174629205212519 0.30009667238085086
decision_type=2 2 2 2
left_child=1 -1 3 -3
right_child=-2 2 -4 -5
leaf_value=-0.024287911429024582 0.0231396777962781 0.0026822498800777705 0.034567563871381261 -0.0050727057727323853
leaf_weight=1.6734960152534766 1.5239630285650489 1.4861218929290778 0.64485641010105599 0.60020489478483785
leaf_count=1357 103 144 12 9
internal_value=0.00519011 0 0.0121693 0
internal_weight=5.92864 4.40468 2.73118 2.08633
internal_count=1625 1522 165 153
is_linear=0
shrinkage=0.05


Tree=803
num_leaves=4
num_cat=0
split_feature=34 13 7
split_gain=1.06053 0.375117 0.0823249
threshold=1.0000000180025095e-35 -1.110440513846892 -1.0000000180025095e-35
decision_type=2 2 2
left_child=1 2 -1
right_child=-2 -3 -4
leaf_value=-0.0021215626398925712 0.025995015126770563 -0.024222969560265845 0.016617641476749583
leaf_weight=1.7043946690391747 1.7861025184392927 2.9841241248650481 0.20937155187129919
leaf_count=451 103 1070 1
internal_value=0 -0.0143175 0
internal_weight=6.68399 4.89789 1.91377
internal_count=1625 1522 452
is_linear=0
shrinkage=0.05


Tree=804
num_leaves=4
num_cat=0
split_feature=21 3 3
split_gain=0.579361 0.623201 0.210128
threshold=1.0000000180025095e-35 -1.1754222435261918 -1.1946941867190002
decision_type=2 2 2
left_child=1 2 -1
right_child=-2 -3 -4
leaf_value=0 0.026989973263835156 -0.025141229443278582 0.033844204571760426
leaf_weight=4.0697896353667602 1.6233821753412483 1.7220213423715911 0.0947159081697454
leaf_count=454 89 1081 1
internal_value=0.00354698 -0.000610506 0.00578096
internal_weight=7.50991 5.88653 4.16451
internal_count=1625 1536 455
is_linear=0
shrinkage=0.05


Tree=805
num_leaves=4
num_cat=0
split_feature=30 3 3
split_gain=0.800627 0.486387 0.0381628
threshold=1.0000000180025095e-35 -1.1317619565702162 -1.1754222435261918
decision_type=2 2 2
left_child=1 2 -1
right_child=-2 -3 -4
leaf_value=-0.0013935307863940781 0.023642754692064404 -0.028521838416788223 0.010732447666541118
leaf_weight=2.7283852184191351 1.5609087720513342 2.0390805940842256 0.27386215887963761
leaf_count=457 100 1065 3
internal_value=0 -0.012382 0
internal_weight=6.60224 5.04133 3.00225
internal_count=1625 1525 460
is_linear=0
shrinkage=0.05


Tree=806
num_leaves=3
num_cat=0
split_feature=25 4
split_gain=1.50302 0.571948
threshold=1.0000000180025095e-35 -0.46879594223394111
decision_type=2 2
left_child=1 -1
right_child=-2 -3
leaf_value=0 0.025660396258769726 -0.027643305634740337
leaf_weight=0.54085911065340031 1.7389530502259729 4.574582060566172
leaf_count=8 95 1522
internal_value=-0.0047306 -0.0208787
internal_weight=6.85439 5.11544
internal_count=1625 1530
is_linear=0
shrinkage=0.05


Tree=807
num_leaves=4
num_cat=0
split_feature=26 13 3
split_gain=0.817393 0.337098 0.240351
threshold=1.0000000180025095e-35 -0.75766210091990349 -0.92932628974446818
decision_type=2 2 2
left_child=1 2 -1
right_child=-2 -3 -4
leaf_value=-0.0047081286298520523 0.025758871611355972 -0.025073210302206869 0.02798204672543499
leaf_weight=4.143541986704804 1.761412627995014 1.7042480742093173 0.13595136161893595
leaf_count=460 101 1062 2
internal_value=0 -0.00915131 0
internal_weight=7.74515 5.98374 4.27949
internal_count=1625 1524 462
is_linear=0
shrinkage=0.05


Tree=808
num_leaves=4
num_cat=0
split_feature=62 12 4
split_gain=0.722061 0.218689 0.203482
threshold=-0.17058364547969646 0.4607419408617523 -0.35021576160556561
decision_type=2 2 2
left_child=1 -1 -3
right_child=-2 2 -4
leaf_value=0 -0.020843459780610855 0 0.015960196525705354
leaf_weight=0.4194430677453046 1.3675805709790445 0.30794118717312713 8.104067540727554
leaf_count=314 977 8 326
internal_value=0.00364932 0.0110348 0.0137421
internal_weight=10.199 8.83145 8.41201
internal_count=1625 648 334
is_linear=0
shrinkage=0.05


Tree=809
num_leaves=3
num_cat=0
split_feature=46 3
split_gain=0.755933 0.361538
threshold=1.0000000180025095e-35 -1.2971169809373058
decision_type=2 2
left_child=1 -1
right_child=-2 -3
leaf_value=0 0.0255630259859305 -0.024639016036916317
leaf_weight=4.1657395332586011 1.7474227119237182 1.6826729493914179
leaf_count=450 103 1072
internal_value=0 -0.00814552
internal_weight=7.59584 5.84841
internal_count=1625 1522
is_linear=0
shrinkage=0.05


Tree=810
num_leaves=4
num_cat=0
split_feature=0 7 12
split_gain=0.499473 0.616035 0.106432
threshold=1.7776565534620203 -0.95647769076175326 -1.0000000180025095e-35
decision_type=2 2 2
left_child=1 2 -1
right_child=-2 -3 -4
leaf_value=0 0.024906102083071629 -0.024995342053922509 0.0077404090843014904
leaf_weight=0.43702554889023293 1.6793114319443709 1.7111644359538321 6.5885653495788565
leaf_count=306 96 1079 144
internal_value=0.00307436 0 0.00459108
internal_weight=10.4161 8.73676 7.02559
internal_count=1625 1529 450
is_linear=0
shrinkage=0.05


Tree=811
num_leaves=2
num_cat=0
split_feature=54
split_gain=1.29261
threshold=1.0000000180025095e-35
decision_type=2
left_child=-1
right_child=-2
leaf_value=-0.015013885266279317 0.024667677918260605
leaf_weight=11.248941992409526 1.6469954606145627
leaf_count=1533 92
internal_value=-0.00734819
internal_weight=12.8959
internal_count=1625
is_linear=0
shrinkage=0.05


Tree=812
num_leaves=2
num_cat=0
split_feature=3
split_gain=0.67547
threshold=-1.2971169809373058
decision_type=2
left_child=-1
right_child=-2
leaf_value=0 -0.027341159693965791
leaf_weight=34.437697000103071 1.9252004022710014
leaf_count=450 1175
internal_value=-0.00183597
internal_weight=36.3629
internal_count=1625
is_linear=0
shrinkage=0.05


Tree=813
num_leaves=4
num_cat=0
split_feature=14 3 13
split_gain=0.532199 0.453069 0.195215
threshold=1.0000000180025095e-35 -1.0400259609247759 -0.35022694594233067
decision_type=2 2 2
left_child=1 2 -1
right_child=-2 -3 -4
leaf_value=0 0.025214622568024939 -0.023161992777093923 0.029308297354158054
leaf_weight=4.2588913042563945 1.6889086160808799 1.5336484276922426 0.12478905916213889
leaf_count=461 100 1063 1
internal_value=0.00289922 -0.0010426 0.00315595
internal_weight=7.60624 5.91733 4.38368
internal_count=1625 1525 462
is_linear=0
shrinkage=0.05


Tree=814
num_leaves=4
num_cat=0
split_feature=38 13 13
split_gain=0.519654 0.74267 0.648526
threshold=1.0000000180025095e-35 -0.78681577724436436 -1.0342884930852898
decision_type=2 2 2
left_child=1 2 -1
right_child=-2 -3 -4
leaf_value=0 0.024137630631207996 -0.027608790923814686 0.041897435882260886
leaf_weight=2.5656427089124922 1.5999589897692201 1.8889244279707784 0.4890362203586841
leaf_count=454 95 1070 6
internal_value=0.000700869 -0.00381207 0.00568375
internal_weight=6.54356 4.9436 3.05468
internal_count=1625 1530 460
is_linear=0
shrinkage=0.05


Tree=815
num_leaves=2
num_cat=0
split_feature=12
split_gain=6.29992
threshold=1.0000000180025095e-35
decision_type=2
left_child=-1
right_child=-2
leaf_value=0.038108418934365285 -0.037992159582495327
leaf_weight=4.8741428274661303 5.004484238801524
leaf_count=306 1319
internal_value=0
internal_weight=9.87863
internal_count=1625
is_linear=0
shrinkage=0.05


Tree=816
num_leaves=5
num_cat=0
split_feature=62 13 51 3
split_gain=1.15851 1.03385 0.343507 0.320733
threshold=-0.17058364547969646 -0.64174629205212519 1.0000000180025095e-35 -1.0400259609247759
decision_type=2 2 2 2
left_child=1 -1 3 -3
right_child=-2 2 -4 -5
leaf_value=0 -0.022295196493266303 0 0 0.052481764814624389
leaf_weight=2.3130604306934401 1.4538239119574425 0.1035227328538898 0.13665327941998828 1.7995813675224779
leaf_count=456 977 1 87 104
internal_value=0.00509223 0.0207458 0.0428955 0.0479793
internal_weight=5.80664 4.35282 2.03976 1.9031
internal_count=1625 648 192 105
is_linear=0
shrinkage=0.05


Tree=817
num_leaves=4
num_cat=0
split_feature=34 3 7
split_gain=0.951601 0.359241 0.0778405
threshold=1.0000000180025095e-35 -1.2269267479059429 -1.0000000180025095e-35
decision_type=2 2 2
left_child=1 2 -1
right_child=-2 -3 -4
leaf_value=-0.0017795741086186357 0.02511004670552219 -0.023569902672518843 0.016238821217706079
leaf_weight=1.6875735513167454 1.6979828439652918 2.9043355153407906 0.21169459819793646
leaf_count=451 103 1070 1
internal_value=0 -0.0136842 0
internal_weight=6.50159 4.8036 1.89927
internal_count=1625 1522 452
is_linear=0
shrinkage=0.05


Tree=818
num_leaves=4
num_cat=0
split_feature=18 12 7
split_gain=0.516428 0.539941 0.0122875
threshold=-0.24768930231361255 0.49134678747263855 0.56299799632434755
decision_type=2 2 2
left_child=1 -1 -3
right_child=-2 2 -4
leaf_value=-0.023838740126292231 0.026046018811712549 0 0.014831108303206931
leaf_weight=1.6305470826337112 1.5518365096068008 3.9056179099716246 0.2720659365877508
leaf_count=1370 90 159 6
internal_value=0.00358284 -4.45173e-05 0.00545328
internal_weight=7.36007 5.80823 4.17768
internal_count=1625 1535 165
is_linear=0
shrinkage=0.05


Tree=819
num_leaves=4
num_cat=0
split_feature=31 13 62
split_gain=0.71432 0.404289 0.0618243
threshold=1.0000000180025095e-35 -0.72465946724865715 0.10759087094878059
decision_type=2 2 2
left_child=1 2 -1
right_child=-2 -3 -4
leaf_value=-0.0027449855505708434 0.02274766420804672 -0.027244483788188747 0.013218730484952279
leaf_weight=2.8220555371372034 1.4878006111830471 1.8818041983759028 0.24128982564434398
leaf_count=459 100 1060 6
internal_value=0 -0.0117924 0
internal_weight=6.43295 4.94515 3.06335
internal_count=1625 1525 465
is_linear=0
shrinkage=0.05


Tree=820
num_leaves=3
num_cat=0
split_feature=25 4
split_gain=1.35778 0.54901
threshold=1.0000000180025095e-35 -0.46879594223394111
decision_type=2 2
left_child=1 -1
right_child=-2 -3
leaf_value=0 0.024774223678257559 -0.027003892854632189
leaf_weight=0.54432100802659977 1.6546016987413166 4.4149617765797302
leaf_count=8 95 1522
internal_value=-0.00442795 -0.0201269
internal_weight=6.61388 4.95928
internal_count=1625 1530
is_linear=0
shrinkage=0.05


Tree=821
num_leaves=4
num_cat=0
split_feature=26 13 3
split_gain=0.727796 0.318975 0.227431
threshold=1.0000000180025095e-35 -0.75766210091990349 -0.92932628974446818
decision_type=2 2 2
left_child=1 2 -1
right_child=-2 -3 -4
leaf_value=-0.0044288746141592601 0.024868282855912888 -0.024393733128095774 0.027318658506895594
leaf_weight=4.1135657574050128 1.6746160704642532 1.6377520057139916 0.14059457648545493
leaf_count=460 101 1062 2
internal_value=0 -0.00861721 0
internal_weight=7.56653 5.89191 4.25416
internal_count=1625 1524 462
is_linear=0
shrinkage=0.05


Tree=822
num_leaves=4
num_cat=0
split_feature=62 12 8
split_gain=0.634084 0.192798 0.119519
threshold=-0.17058364547969646 0.4607419408617523 -0.51057565649649828
decision_type=2 2 2
left_child=1 -1 -3
right_child=-2 2 -4
leaf_value=0 -0.020024461391757953 0 0.014352110303986693
leaf_weight=0.40402585093397547 1.31064794829581 0.47047029715031286 7.9829627755098036
leaf_count=314 977 18 316
internal_value=0.00317257 0.0101633 0.0127196
internal_weight=10.1681 8.85746 8.45343
internal_count=1625 648 334
is_linear=0
shrinkage=0.05


Tree=823
num_leaves=3
num_cat=0
split_feature=46 13
split_gain=0.673943 0.337357
threshold=1.0000000180025095e-35 -1.3186276315601533
decision_type=2 2
left_child=1 -1
right_child=-2 -3
leaf_value=0 0.024673752135651563 -0.023938032465278425
leaf_weight=4.1553215966559938 1.6614656895399091 1.6157078993855982
leaf_count=450 103 1072
internal_value=0 -0.00767055
internal_weight=7.4325 5.77103
internal_count=1625 1522
is_linear=0
shrinkage=0.05


Tree=824
num_leaves=4
num_cat=0
split_feature=0 3 12
split_gain=0.448614 0.562473 0.0958745
threshold=1.7776565534620203 -1.2971169809373058 0.49134678747263855
decision_type=2 2 2
left_child=1 2 -1
right_child=-2 -3 -4
leaf_value=0 0.024006933217441361 -0.024308068478548089 0.0072849833916031476
leaf_weight=0.42083586705848475 1.5975536741316325 1.6437976018642064 6.6439706683158875
leaf_count=306 96 1079 144
internal_value=0.00284318 0 0.00429351
internal_weight=10.3062 8.7086 7.06481
internal_count=1625 1529 450
is_linear=0
shrinkage=0.05


Tree=825
num_leaves=2
num_cat=0
split_feature=54
split_gain=1.16717
threshold=1.0000000180025095e-35
decision_type=2
left_child=-1
right_child=-2
leaf_value=-0.01442564312566392 0.023756098349505497
leaf_weight=11.05784328910522 1.5669025834649808
leaf_count=1533 92
internal_value=-0.00705749
internal_weight=12.6247
internal_count=1625
is_linear=0
shrinkage=0.05


Tree=826
num_leaves=2
num_cat=0
split_feature=3
split_gain=0.618097
threshold=-1.2971169809373058
decision_type=2
left_child=-1
right_child=-2
leaf_value=0 -0.026683681999219545
leaf_weight=34.378339389688335 1.8484964129747812
leaf_count=450 1175
internal_value=-0.00185906
internal_weight=36.2268
internal_count=1625
is_linear=0
shrinkage=0.05


Tree=827
num_leaves=4
num_cat=0
split_feature=14 3 3
split_gain=0.475114 0.414065 0.185104
threshold=1.0000000180025095e-35 -1.0400259609247759 -1.0868720616634644
decision_type=2 2 2
left_child=1 2 -1
right_child=-2 -3 -4
leaf_value=0 0.024340131341957748 -0.022400872542421013 0.028472826698538536
leaf_weight=4.2511782171204686 1.6094046868383882 1.4705665073124699 0.13069637084845354
leaf_count=460 100 1063 2
internal_value=0.00283797 -0.000589968 0.00315344
internal_weight=7.46185 5.85244 4.38187
internal_count=1625 1525 462
is_linear=0
shrinkage=0.05


Tree=828
num_leaves=4
num_cat=0
split_feature=38 13 13
split_gain=0.461317 0.693276 0.605161
threshold=1.0000000180025095e-35 -0.78681577724436436 -1.0342884930852898
decision_type=2 2 2
left_child=1 2 -1
right_child=-2 -3 -4
leaf_value=0 0.02325480427877942 -0.026978280214087436 0.040290057872786916
leaf_weight=2.5541628448991109 1.5254597710445521 1.8171200935030358 0.49798300722613875
leaf_count=454 95 1070 6
internal_value=0.00059401 -0.00335356 0.00549127
internal_weight=6.39473 4.86927 3.05215
internal_count=1625 1530 460
is_linear=0
shrinkage=0.05


Tree=829
num_leaves=2
num_cat=0
split_feature=11
split_gain=5.39439
threshold=1.0000000180025095e-35
decision_type=2
left_child=-1
right_child=-2
leaf_value=-0.034627273191932269 0.037354111934082224
leaf_weight=4.9468628605827689 4.4844245901331306
leaf_count=1326 299
internal_value=0
internal_weight=9.43129
internal_count=1625
is_linear=0
shrinkage=0.05


Tree=830
num_leaves=5
num_cat=0
split_feature=62 13 51 7
split_gain=1.0533 0.968558 0.330075 0.231247
threshold=-0.17058364547969646 -0.64174629205212519 1.0000000180025095e-35 1.1590903226081626
decision_type=2 2 2 2
left_child=1 -1 3 -3
right_child=-2 2 -4 -5
leaf_value=0 -0.021542012312180406 0.051986121477218122 0 0
leaf_weight=2.3058651805622503 1.3962331754155455 1.6144522177055476 0.13499693386256684 0.20322420448064793
leaf_count=456 977 98 87 7
internal_value=0.00470842 0.019928 0.0419252 0.047076
internal_weight=5.65477 4.25854 1.95267 1.81768
internal_count=1625 648 192 105
is_linear=0
shrinkage=0.05


Tree=831
num_leaves=4
num_cat=0
split_feature=34 3 7
split_gain=0.851153 0.342162 0.0738146
threshold=1.0000000180025095e-35 -1.2269267479059429 -1.0000000180025095e-35
decision_type=2 2 2
left_child=1 2 -1
right_child=-2 -3 -4
leaf_value=-0.001459741367133699 0.02423052732543661 -0.022877340677104195 0.015874701532281262
leaf_weight=1.6720660110004244 1.6166383624076841 2.8256763016106565 0.21390397846698705
leaf_count=451 103 1070 1
internal_value=0 -0.0130324 0
internal_weight=6.32828 4.71165 1.88597
internal_count=1625 1522 452
is_linear=0
shrinkage=0.05


Tree=832
num_leaves=4
num_cat=0
split_feature=21 3 3
split_gain=0.462134 0.547533 0.192483
threshold=1.0000000180025095e-35 -1.1754222435261918 -1.1946941867190002
decision_type=2 2 2
left_child=1 2 -1
right_child=-2 -3 -4
leaf_value=0 0.025166852253897282 -0.023894486575406996 0.032930519328535551
leaf_weight=4.0377361527644098 1.4824208645150063 1.5994082051911398 0.1006806343793859
leaf_count=454 89 1081 1
internal_value=0.00360389 0 0.00605722
internal_weight=7.22025 5.73782 4.13842
internal_count=1625 1536 455
is_linear=0
shrinkage=0.05


Tree=833
num_leaves=4
num_cat=0
split_feature=30 7 7
split_gain=0.635559 0.171271 0.118768
threshold=1.0000000180025095e-35 0.33693725318611528 0.33359234342695954
decision_type=2 2 2
left_child=1 2 -1
right_child=-2 -3 -4
leaf_value=-0.0064872750639689523 0.021859844878097445 -0.023745188856064595 0.013974096362373052
leaf_weight=3.1722000042791483 1.4200889812782405 1.450138912652619 0.22911096969619382
leaf_count=1005 100 513 7
internal_value=0 -0.0112008 0
internal_weight=6.27154 4.85145 3.40131
internal_count=1625 1525 1012
is_linear=0
shrinkage=0.05


Tree=834
num_leaves=3
num_cat=0
split_feature=25 4
split_gain=1.22528 0.526236
threshold=1.0000000180025095e-35 -0.46879594223394111
decision_type=2 2
left_child=1 -1
right_child=-2 -3
leaf_value=0 0.023902770161708997 -0.026352892291565302
leaf_weight=0.54763219505548466 1.5772365704178808 4.262373739737086
leaf_count=8 95 1522
internal_value=-0.00409296 -0.0193674
internal_weight=6.38724 4.81001
internal_count=1625 1530
is_linear=0
shrinkage=0.05


Tree=835
num_leaves=4
num_cat=0
split_feature=26 13 3
split_gain=0.647126 0.300391 0.215844
threshold=1.0000000180025095e-35 -0.75766210091990349 -0.92932628974446818
decision_type=2 2 2
left_child=1 2 -1
right_child=-2 -3 -4
leaf_value=-0.0041650472275513136 0.02398835040651269 -0.023689278043257461 0.026709872922829517
leaf_weight=4.0855912535917014 1.594854195602238 1.5729975586291409 0.14486883673816819
leaf_count=460 101 1062 2
internal_value=0 -0.00808805 0
internal_weight=7.39831 5.80346 4.23046
internal_count=1625 1524 462
is_linear=0
shrinkage=0.05


Tree=836
num_leaves=4
num_cat=0
split_feature=62 12 8
split_gain=0.55985 0.171071 0.0864949
threshold=-0.17058364547969646 0.4607419408617523 -0.50761208606539621
decision_type=2 2 2
left_child=1 -1 -3
right_child=-2 2 -4
leaf_value=0 -0.019224191031285563 0 0.013212503830297838
leaf_weight=0.3890795623883595 1.2582346156705178 0.53975370735861261 7.9538590634474522
leaf_count=314 977 26 308
internal_value=0.0027767 0.00941599 0.0118343
internal_weight=10.1409 8.88269 8.49361
internal_count=1625 648 334
is_linear=0
shrinkage=0.05


Tree=837
num_leaves=3
num_cat=0
split_feature=46 3
split_gain=0.600012 0.31348
threshold=1.0000000180025095e-35 -1.2971169809373058
decision_type=2 2
left_child=1 -1
right_child=-2 -3
leaf_value=0 0.023792892427971321 -0.023212610412842161
leaf_weight=4.1456079992931327 1.5823184754699466 1.5506187843275263
leaf_count=450 103 1072
internal_value=0 -0.00720014
internal_weight=7.27855 5.69623
internal_count=1625 1522
is_linear=0
shrinkage=0.05


Tree=838
num_leaves=4
num_cat=0
split_feature=0 7 12
split_gain=0.402596 0.511816 0.0863682
threshold=1.7776565534620203 -0.95647769076175326 -1.0000000180025095e-35
decision_type=2 2 2
left_child=1 2 -1
right_child=-2 -3 -4
leaf_value=0 0.023118006265697266 -0.023596936941679136 0.0068553382368926417
leaf_weight=0.40538224519696076 1.5223066750913865 1.5783077834639687 6.6970000863075247
leaf_count=306 96 1079 144
internal_value=0.00263506 0 0.00401099
internal_weight=10.203 8.68069 7.10238
internal_count=1625 1529 450
is_linear=0
shrinkage=0.05


Tree=839
num_leaves=2
num_cat=0
split_feature=54
split_gain=1.05377
threshold=1.0000000180025095e-35
decision_type=2
left_child=-1
right_child=-2
leaf_value=-0.013846525833397173 0.022854682180793475
leaf_weight=10.875195405678822 1.4931194307282574
leaf_count=1533 92
internal_value=-0.00675728
internal_weight=12.3683
internal_count=1625
is_linear=0
shrinkage=0.05


Tree=840
num_leaves=2
num_cat=0
split_feature=3
split_gain=0.471444
threshold=-1.2971169809373058
decision_type=2
left_child=-1
right_child=-2
leaf_value=0 -0.024539643970346144
leaf_weight=35.014570602914318 1.6374088792945247
leaf_count=445 1153
internal_value=-0.00170912
internal_weight=36.652
internal_count=1598
is_linear=0
shrinkage=0.05


Tree=841
num_leaves=4
num_cat=0
split_feature=14 7 7
split_gain=0.560433 0.254416 0.188518
threshold=1.0000000180025095e-35 0.94134534421252125 0.95593300083468324
decision_type=2 2 2
left_child=1 -1 -3
right_child=-2 2 -4
leaf_value=-0.013287349495270134 0.02260694318517344 0.027323484079128414 0
leaf_weight=5.3075417897198349 1.4679323425516484 0.13934377033729095 0.31798649649135768
leaf_count=1268 98 6 226
internal_value=0 -0.00794365 0.00250787
internal_weight=7.2328 5.76487 0.45733
internal_count=1598 1500 232
is_linear=0
shrinkage=0.05


Tree=842
num_leaves=4
num_cat=0
split_feature=38 13 13
split_gain=0.347685 0.560649 0.576999
threshold=1.0000000180025095e-35 -0.78681577724436436 -1.0342884930852898
decision_type=2 2 2
left_child=1 2 -1
right_child=-2 -3 -4
leaf_value=0 0.021256111028849244 -0.025121553683824294 0.038970534675327267
leaf_weight=2.5821082209004094 1.3712576404213903 1.632414812454954 0.50331116188317482
leaf_count=451 89 1053 5
internal_value=0.000496623 -0.00220462 0.00475989
internal_weight=6.08909 4.71783 3.08542
internal_count=1598 1509 456
is_linear=0
shrinkage=0.05


Tree=843
num_leaves=2
num_cat=0
split_feature=12
split_gain=5.46379
threshold=1.0000000180025095e-35
decision_type=2
left_child=-1
right_child=-2
leaf_value=0.037162321370679118 -0.037116846032957361
leaf_weight=4.3878499595448375 4.5151432341663167
leaf_count=298 1300
internal_value=0
internal_weight=8.90299
internal_count=1598
is_linear=0
shrinkage=0.05


Tree=844
num_leaves=4
num_cat=0
split_feature=62 62 2
split_gain=0.661867 0.425966 0.102009
threshold=-0.17058364547969646 -0.574528586573261 0.067303440973144904
decision_type=2 2 2
left_child=1 -1 -3
right_child=-2 2 -4
leaf_value=0 -0.02160222315620576 0.033257301588216021 0
leaf_weight=2.1802097677718848 1.3913485483499242 1.3914155102102088 0.081772061414085218
leaf_count=449 959 141 49
internal_value=0 0.013634 0.0305118
internal_weight=5.04475 3.6534 1.47319
internal_count=1598 639 190
is_linear=0
shrinkage=0.05


Tree=845
num_leaves=4
num_cat=0
split_feature=34 13 7
split_gain=0.495304 0.566854 0.594961
threshold=1.0000000180025095e-35 -0.75766210091990349 0.41740108349421173
decision_type=2 2 2
left_child=1 2 -1
right_child=-2 -3 -4
leaf_value=-0.0048610756146300095 0.022535211967717773 -0.02704392240317138 0.036630414842093888
leaf_weight=1.8267995020141823 1.4728884855285285 1.75690868095262 0.56966729462146748
leaf_count=453 98 1044 3
internal_value=0 -0.00712688 0.000991418
internal_weight=5.62626 4.15338 2.39647
internal_count=1598 1500 456
is_linear=0
shrinkage=0.05


Tree=846
num_leaves=4
num_cat=0
split_feature=21 12 3
split_gain=0.466123 0.431768 0.0981268
threshold=1.0000000180025095e-35 0.49134678747263855 -1.1754222435261918
decision_type=2 2 2
left_child=1 -1 -3
right_child=-2 2 -4
leaf_value=-0.02177478669088331 0.025615908294471731 0.0095815670897653072 0
leaf_weight=1.4527794048772191 1.5413769660517571 3.8443893436342478 0.30835665296763171
leaf_count=1336 98 150 14
internal_value=0.00477279 0 0.00574429
internal_weight=7.1469 5.60553 4.15275
internal_count=1598 1500 164
is_linear=0
shrinkage=0.05


Tree=847
num_leaves=5
num_cat=0
split_feature=62 62 22 3
split_gain=0.907007 0.985224 0.472612 0.0419655
threshold=0.10759087094878059 0.1161839157556325 -0.24952543393744944 -1.2971169809373058
decision_type=2 2 2 2
left_child=3 2 -2 -1
right_child=1 -3 -4 -5
leaf_value=0 0.048519374522529149 -0.0031270867562764844 0 -0.019312821090273075
leaf_weight=2.4202354066073899 1.7901317095384004 0.61166029528249044 0.19137950846925367 1.1523985029198227
leaf_count=445 102 476 93 482
internal_value=0.000464241 0.023837 0.0411879 -0.0112059
internal_weight=6.16581 2.59317 1.98151 3.57263
internal_count=1598 671 195 927
is_linear=0
shrinkage=0.05


Tree=848
num_leaves=3
num_cat=0
split_feature=25 7
split_gain=0.550681 0.429266
threshold=1.0000000180025095e-35 -0.95647769076175326
decision_type=2 2
left_child=1 -1
right_child=-2 -3
leaf_value=0 0.022728098446093459 -0.025468259500945657
leaf_weight=2.8932858761982061 1.4800368743017314 1.7000840889522804
leaf_count=445 93 1060
internal_value=0 -0.00833539
internal_weight=6.07341 4.59337
internal_count=1598 1505
is_linear=0
shrinkage=0.05


Tree=849
num_leaves=3
num_cat=0
split_feature=26 13
split_gain=0.473248 0.404593
threshold=1.0000000180025095e-35 -1.3186276315601533
decision_type=2 2
left_child=1 -1
right_child=-2 -3
leaf_value=0 0.021860600429948192 -0.024473943410008678
leaf_weight=3.962019879254512 1.4205037085339425 1.6316782344947571
leaf_count=445 94 1059
internal_value=0 -0.00659871
internal_weight=7.0142 5.5937
internal_count=1598 1504
is_linear=0
shrinkage=0.05


Tree=850
num_leaves=4
num_cat=0
split_feature=53 13 50
split_gain=0.541548 0.278617 0.0679817
threshold=3.5959279840799754 -1.3186276315601533 2.9605199862516973
decision_type=2 2 2
left_child=1 -1 -3
right_child=-2 2 -4
leaf_value=0 0.02385483460383539 -0.02277063404650885 0
leaf_weight=7.1650297754677004 1.5744503866881139 1.5055740564130236 0.065012231469154247
leaf_count=445 94 1058 1
internal_value=0 -0.004333 -0.0204974
internal_weight=10.3101 8.73562 1.57059
internal_count=1598 1504 1059
is_linear=0
shrinkage=0.05


Tree=851
num_leaves=3
num_cat=0
split_feature=46 3
split_gain=0.49384 0.239681
threshold=1.0000000180025095e-35 -1.2971169809373058
decision_type=2 2
left_child=1 -1
right_child=-2 -3
leaf_value=0 0.022213979190654053 -0.021373547288262327
leaf_weight=4.2076719099422908 1.4521080115810034 1.405561518622563
leaf_count=445 99 1054
internal_value=0 -0.00666191
internal_weight=7.06534 5.61323
internal_count=1598 1499
is_linear=0
shrinkage=0.05


Tree=852
num_leaves=3
num_cat=0
split_feature=0 3
split_gain=0.671384 0.0134815
threshold=1.7776565534620203 -1.2971169809373058
decision_type=2 2
left_child=1 -1
right_child=-2 -3
leaf_value=-0.0035815276709381984 0.020784605693685947 -0.021713695632999096
leaf_weight=7.2698935555526978 1.3449669834226377 1.4269817086751562
leaf_count=445 89 1064
internal_value=-0.00297131 -0.0102937
internal_weight=10.0418 8.69688
internal_count=1598 1509
is_linear=0
shrinkage=0.05


Tree=853
num_leaves=3
num_cat=0
split_feature=55 3
split_gain=0.515685 0.288575
threshold=1.0000000180025095e-35 -1.2971169809373058
decision_type=2 2
left_child=1 -1
right_child=-2 -3
leaf_value=0 0.022874765394896315 -0.022176818309276494
leaf_weight=9.3096441368106735 1.4974841782823212 1.4630659098038439
leaf_count=445 97 1056
internal_value=0 -0.00465263
internal_weight=12.2702 10.7727
internal_count=1598 1501
is_linear=0
shrinkage=0.05


Tree=854
num_leaves=2
num_cat=0
split_feature=7
split_gain=0.427815
threshold=-0.95647769076175326
decision_type=2
left_child=-1
right_child=-2
leaf_value=0 -0.023834921855384147
leaf_weight=34.968254610430449 1.5734694192651648
leaf_count=445 1153
internal_value=-0.00171074
internal_weight=36.5417
internal_count=1598
is_linear=0
shrinkage=0.05


Tree=855
num_leaves=4
num_cat=0
split_feature=14 7 7
split_gain=0.491648 0.237677 0.180591
threshold=1.0000000180025095e-35 0.94134534421252125 0.95593300083468324
decision_type=2 2 2
left_child=1 -1 -3
right_child=-2 2 -4
leaf_value=-0.012692842783638265 0.021726743136052874 0.026634319292137623 0
leaf_weight=5.2094712895341218 1.4024003399536011 0.14410012972075481 0.31358086160616949
leaf_count=1268 98 6 226
internal_value=0 -0.00732706 0.00238315
internal_weight=7.06955 5.66715 0.457681
internal_count=1598 1500 232
is_linear=0
shrinkage=0.05


Tree=856
num_leaves=4
num_cat=0
split_feature=38 13 13
split_gain=0.307676 0.518714 0.539905
threshold=1.0000000180025095e-35 -0.78681577724436436 -1.0342884930852898
decision_type=2 2 2
left_child=1 2 -1
right_child=-2 -3 -4
leaf_value=0 0.020391942696157961 -0.024449026438145834 0.037553927097396189
leaf_weight=2.5714228670112793 1.3126924848183987 1.5714297778322364 0.5103568597696716
leaf_count=451 89 1053 5
internal_value=0.000421512 -0.00179284 0.00458029
internal_weight=5.9659 4.65321 3.08178
internal_count=1598 1509 456
is_linear=0
shrinkage=0.05


Tree=857
num_leaves=2
num_cat=0
split_feature=12
split_gain=5.13474
threshold=1.0000000180025095e-35
decision_type=2
left_child=-1
right_child=-2
leaf_value=0.036782975154386659 -0.036671453404188092
leaf_weight=4.218811777420342 4.298028297838755
leaf_count=298 1300
internal_value=0
internal_weight=8.51684
internal_count=1598
is_linear=0
shrinkage=0.05


Tree=858
num_leaves=4
num_cat=0
split_feature=62 62 0
split_gain=0.601257 0.392597 0.0965392
threshold=-0.17058364547969646 -0.574528586573261 0.39984170961346766
decision_type=2 2 2
left_child=1 -1 -3
right_child=-2 2 -4
leaf_value=0 -0.020855598617277996 0.032380861421109595 0
leaf_weight=2.171600911882706 1.3379741376847958 1.3373938016593458 0.079345294972881564
leaf_count=449 959 141 49
internal_value=0 0.0131196 0.0296513
internal_weight=4.92631 3.58834 1.41674
internal_count=1598 639 190
is_linear=0
shrinkage=0.05


Tree=859
num_leaves=4
num_cat=0
split_feature=34 13 7
split_gain=0.439484 0.531007 0.548402
threshold=1.0000000180025095e-35 -0.75766210091990349 0.41740108349421173
decision_type=2 2 2
left_child=1 2 -1
right_child=-2 -3 -4
leaf_value=-0.0044719004871394347 0.021702141210168245 -0.026381576767983875 0.035019801967655799
leaf_weight=1.8058095511514691 1.4100598488003013 1.6901317423325966 0.58221346139907826
leaf_count=453 98 1044 3
internal_value=0 -0.0065947 0.000895959
internal_weight=5.48821 4.07815 2.38802
internal_count=1598 1500 456
is_linear=0
shrinkage=0.05


Tree=860
num_leaves=4
num_cat=0
split_feature=21 12 4
split_gain=0.421651 0.379919 0.0808169
threshold=1.0000000180025095e-35 0.49134678747263855 -0.80312896480916507
decision_type=2 2 2
left_child=1 -1 -3
right_child=-2 2 -4
leaf_value=-0.020858829555253491 0.024746222341148622 0 0.0086795322907294008
leaf_weight=1.3830843893811104 1.47711178753525 0.27870294824242581 3.9140182607807219
leaf_count=1336 98 6 158
internal_value=0.00455352 0 0.00527312
internal_weight=7.05292 5.57581 4.19272
internal_count=1598 1500 164
is_linear=0
shrinkage=0.05


Tree=861
num_leaves=5
num_cat=0
split_feature=62 62 22 7
split_gain=0.820706 0.925953 0.449805 0.0387678
threshold=0.10759087094878059 0.1161839157556325 -0.24952543393744944 -0.94230824455522832
decision_type=2 2 2 2
left_child=3 2 -2 -1
right_child=1 -3 -4 -5
leaf_value=0 0.047608132914749447 -0.0025383589676876489 0 -0.018753652105283278
leaf_weight=2.4106766427867119 1.7105982964858415 0.59681358106899995 0.18723472603596736 1.1224543186835942
leaf_count=445 102 476 93 482
internal_value=5.37343e-06 0.0229557 0.0402564 -0.0108375
internal_weight=6.02778 2.49465 1.89783 3.53313
internal_count=1598 671 195 927
is_linear=0
shrinkage=0.05


Tree=862
num_leaves=3
num_cat=0
split_feature=25 8
split_gain=0.489809 0.389135
threshold=1.0000000180025095e-35 0.69571288880715809
decision_type=2 2
left_child=1 -1
right_child=-2 -3
leaf_value=-0.024566140841010338 0.021920128122045694 0
leaf_weight=1.6132607794716021 1.4189015179872511 2.9068211278645322
leaf_count=1038 93 467
internal_value=0 -0.00776267
internal_weight=5.93898 4.52008
internal_count=1598 1505
is_linear=0
shrinkage=0.05


Tree=863
num_leaves=3
num_cat=0
split_feature=26 3
split_gain=0.418445 0.376942
threshold=1.0000000180025095e-35 -1.2971169809373058
decision_type=2 2
left_child=1 -1
right_child=-2 -3
leaf_value=0 0.021019980151945335 -0.023755879621836881
leaf_weight=3.9530794271267946 1.3603426888585088 1.5670027818996461
leaf_count=445 94 1059
internal_value=0 -0.00610181
internal_weight=6.88042 5.52008
internal_count=1598 1504
is_linear=0
shrinkage=0.05


Tree=864
num_leaves=3
num_cat=0
split_feature=53 3
split_gain=0.486514 0.253876
threshold=3.5959279840799754 -1.2971169809373058
decision_type=2 2
left_child=1 -1
right_child=-2 -3
leaf_value=0 0.02305717635307411 -0.019742454413732027
leaf_weight=7.1569715489167711 1.5085249096155173 1.5093607270391647
leaf_count=445 94 1059
internal_value=0 -0.00402482
internal_weight=10.1749 8.66633
internal_count=1598 1504
is_linear=0
shrinkage=0.05


Tree=865
num_leaves=3
num_cat=0
split_feature=46 3
split_gain=0.438561 0.220464
threshold=1.0000000180025095e-35 -1.2971169809373058
decision_type=2 2
left_child=1 -1
right_child=-2 -3
leaf_value=0 0.021354944550284992 -0.020615129604844001
leaf_weight=4.1984068708261466 1.3884969996288417 1.3502940312027938
leaf_count=445 99 1054
internal_value=0 -0.00623552
internal_weight=6.9372 5.5487
internal_count=1598 1499
is_linear=0
shrinkage=0.05


Tree=866
num_leaves=2
num_cat=0
split_feature=0
split_gain=0.609858
threshold=1.7776565534620203
decision_type=2
left_child=-1
right_child=-2
leaf_value=-0.0099272845277404709 0.019947581453783121
leaf_weight=8.6075886401231383 1.2894425783306367
leaf_count=1509 89
internal_value=-0.00285837
internal_weight=9.89703
internal_count=1598
is_linear=0
shrinkage=0.05


Tree=867
num_leaves=3
num_cat=0
split_feature=54 3
split_gain=0.462915 0.262591
threshold=1.0000000180025095e-35 -1.2971169809373058
decision_type=2 2
left_child=1 -1
right_child=-2 -3
leaf_value=0 0.022037547662753124 -0.021429702187242865
leaf_weight=9.3033618429908511 1.432986740954221 1.4053645684034552
leaf_count=445 97 1056
internal_value=0 -0.00441543
internal_weight=12.1417 10.7087
internal_count=1598 1501
is_linear=0
shrinkage=0.05


Tree=868
num_leaves=2
num_cat=0
split_feature=3
split_gain=0.385665
threshold=-1.2971169809373058
decision_type=2
left_child=-1
right_child=-2
leaf_value=0 -0.023135412902296804
leaf_weight=34.912448572926223 1.5137503972509865
leaf_count=445 1153
internal_value=-0.00175467
internal_weight=36.4262
internal_count=1598
is_linear=0
shrinkage=0.05


Tree=869
num_leaves=4
num_cat=0
split_feature=17 7 7
split_gain=0.431765 0.221746 0.172986
threshold=1.0000000180025095e-35 0.94134534421252125 0.95593300083468324
decision_type=2 2 2
left_child=1 -1 -3
right_child=-2 2 -4
leaf_value=-0.012120793793795137 0.020879684518504176 0.025963210436856246 0
leaf_weight=5.1182150035747327 1.3431472424417732 0.14874066587071855 0.30942787590902299
leaf_count=1268 98 6 226
internal_value=0 -0.00673801 0.00224854
internal_weight=6.91953 5.57638 0.458169
internal_count=1598 1500 232
is_linear=0
shrinkage=0.05


Tree=870
num_leaves=4
num_cat=0
split_feature=38 13 13
split_gain=0.273105 0.479284 0.506059
threshold=1.0000000180025095e-35 -0.78681577724436436 -1.0342884930852898
decision_type=2 2 2
left_child=1 2 -1
right_child=-2 -3 -4
leaf_value=0 0.019563430959937792 -0.023779575622355276 0.036229899459281338
leaf_weight=2.5617985777789731 1.2597526470199225 1.5143255610018971 0.51659241458401028
leaf_count=451 89 1053 5
internal_value=0.000356934 -0.00140581 0.00439874
internal_weight=5.85247 4.59272 3.07839
internal_count=1598 1509 456
is_linear=0
shrinkage=0.05


Tree=871
num_leaves=2
num_cat=0
split_feature=12
split_gain=4.8256
threshold=1.0000000180025095e-35
decision_type=2
left_child=-1
right_child=-2
leaf_value=0.036393295257965252 -0.036219964010466565
leaf_weight=4.0561647126451135 4.0960401605116203
leaf_count=298 1300
internal_value=0
internal_weight=8.1522
internal_count=1598
is_linear=0
shrinkage=0.05


Tree=872
num_leaves=4
num_cat=0
split_feature=62 62 0
split_gain=0.546698 0.361848 0.0909526
threshold=-0.17058364547969646 -0.574528586573261 0.39984170961346766
decision_type=2 2 2
left_child=1 -1 -3
right_child=-2 2 -4
leaf_value=0 -0.020118811178993241 0.031502671178716066 0
leaf_weight=2.1635720693739131 1.2882427066797388 1.2884852719726043 0.077587447711266466
leaf_count=449 959 141 49
internal_value=0 0.0126313 0.0287977
internal_weight=4.81789 3.52964 1.36607
internal_count=1598 639 190
is_linear=0
shrinkage=0.05


Tree=873
num_leaves=4
num_cat=0
split_feature=37 13 7
split_gain=0.390732 0.496843 0.506271
threshold=1.0000000180025095e-35 -0.75766210091990349 0.41740108349421173
decision_type=2 2 2
left_child=1 2 -1
right_child=-2 -3 -4
leaf_value=-0.0041058394273470631 0.020902501362822012 -0.025719702022929686 0.033519650820170978
leaf_weight=1.7864571337122468 1.3532715635374186 1.6276089780731129 0.59377427399158467
leaf_count=453 98 1044 3
internal_value=0 -0.00608858 0.000789904
internal_weight=5.36111 4.00784 2.38023
internal_count=1598 1500 456
is_linear=0
shrinkage=0.05


Tree=874
num_leaves=4
num_cat=0
split_feature=21 3 3
split_gain=0.38223 0.338693 0.199005
threshold=1.0000000180025095e-35 -1.1754222435261918 -1.1946941867190002
decision_type=2 2 2
left_child=1 2 -1
right_child=-2 -3 -4
leaf_value=0 0.023906459019286251 -0.020146527015284695 0.031630625027645236
leaf_weight=4.1301106959581375 1.4186120368540285 1.3101023719063967 0.10925399512052436
leaf_count=451 98 1048 1
internal_value=0.00434433 0 0.00486223
internal_weight=6.96808 5.54947 4.23936
internal_count=1598 1500 452
is_linear=0
shrinkage=0.05


Tree=875
num_leaves=4
num_cat=0
split_feature=62 62 3
split_gain=0.742224 0.870552 0.0354858
threshold=0.10759087094878059 0.1161839157556325 -1.2971169809373058
decision_type=2 2 2
left_child=2 -2 -1
right_child=1 -3 -4
leaf_value=0 0.039304983701706736 -0.0019801076311423286 -0.018201324545035376
leaf_weight=2.4021688866778281 1.8227154888445514 0.58309710305184115 1.0940417993115259
leaf_count=445 195 476 482
internal_value=0 0.0220763 -0.0104856
internal_weight=5.90202 2.40581 3.49621
internal_count=1598 671 927
is_linear=0
shrinkage=0.05


Tree=876
num_leaves=3
num_cat=0
split_feature=25 8
split_gain=0.436509 0.365412
threshold=1.0000000180025095e-35 0.69571288880715809
decision_type=2 2
left_child=1 -1
right_child=-2 -3
leaf_value=-0.023889270782147552 0.021142154275395737 0
leaf_weight=1.5534525135299189 1.3633605800569055 2.8994794136378914
leaf_count=1038 93 467
internal_value=0 -0.00722252
internal_weight=5.81629 4.45293
internal_count=1598 1505
is_linear=0
shrinkage=0.05


Tree=877
num_leaves=3
num_cat=0
split_feature=26 13
split_gain=0.370705 0.350653
threshold=1.0000000180025095e-35 -1.3186276315601533
decision_type=2 2
left_child=1 -1
right_child=-2 -3
leaf_value=0 0.020213564903525317 -0.02304316002711301
leaf_weight=3.9455996592296283 1.3059447668492792 1.5066526357550176
leaf_count=445 94 1059
internal_value=0 -0.00563308
internal_weight=6.7582 5.45225
internal_count=1598 1504
is_linear=0
shrinkage=0.05


Tree=878
num_leaves=4
num_cat=0
split_feature=53 3 50
split_gain=0.43842 0.231313 0.0615941
threshold=3.5959279840799754 -1.2971169809373058 2.9605199862516973
decision_type=2 2 2
left_child=1 -1 -3
right_child=-2 2 -4
leaf_value=0 0.022287324236265817 -0.021321842768055179 0
leaf_weight=7.1512069746386251 1.448585168458522 1.3925770402420301 0.064047761261463054
leaf_count=445 94 1058 1
internal_value=0 -0.00375087 -0.0190011
internal_weight=10.0564 8.60783 1.45662
internal_count=1598 1504 1059
is_linear=0
shrinkage=0.05


Tree=879
num_leaves=3
num_cat=0
split_feature=46 3
split_gain=0.390243 0.202431
threshold=1.0000000180025095e-35 -1.2971169809373058
decision_type=2 2
left_child=1 -1
right_child=-2 -3
leaf_value=0 0.02052725264648457 -0.019869081101146123
leaf_weight=4.1906825613696119 1.3308877423405645 1.2989881150424487
leaf_count=445 99 1054
internal_value=0 -0.00583782
internal_weight=6.82056 5.48967
internal_count=1598 1499
is_linear=0
shrinkage=0.05


Tree=880
num_leaves=3
num_cat=0
split_feature=0 3
split_gain=0.547439 0.0121038
threshold=1.7776565534620203 -1.2971169809373058
decision_type=2 2
left_child=1 -1
right_child=-2 -3
leaf_value=-0.0029294257322501661 0.019130611557112202 -0.020443429647046648
leaf_weight=7.161650859983637 1.2382789859548218 1.3340422004112031
leaf_count=445 89 1064
internal_value=-0.0026074 -0.00944211
internal_weight=9.73397 8.49569
internal_count=1598 1509
is_linear=0
shrinkage=0.05


Tree=881
num_leaves=3
num_cat=0
split_feature=56 3
split_gain=0.416883 0.238381
threshold=1.0000000180025095e-35 -1.2971169809373058
decision_type=2 2
left_child=1 -1
right_child=-2 -3
leaf_value=0 0.021233480401494517 -0.02069325758073285
leaf_weight=9.2998581845313293 1.3746917070820934 1.3517417016555544
leaf_count=445 97 1056
internal_value=0 -0.00420287
internal_weight=12.0263 10.6516
internal_count=1598 1501
is_linear=0
shrinkage=0.05


Tree=882
num_leaves=2
num_cat=0
split_feature=3
split_gain=0.348286
threshold=-1.2971169809373058
decision_type=2
left_child=-1
right_child=-2
leaf_value=0 -0.022458373389799696
leaf_weight=34.863012197776698 1.4590936254826363
leaf_count=445 1153
internal_value=-0.00178565
internal_weight=36.3221
internal_count=1598
is_linear=0
shrinkage=0.05


Tree=883
num_leaves=4
num_cat=0
split_feature=17 7 7
split_gain=0.378101 0.206562 0.165294
threshold=1.0000000180025095e-35 0.94134534421252125 0.95593300083468324
decision_type=2 2 2
left_child=1 -1 -3
right_child=-2 2 -4
leaf_value=-0.01157214259639938 0.02002411315207683 0.025273485962360693 0
leaf_weight=5.0333098831470124 1.2868604585528371 0.15351508522871871 0.30542359332321212
leaf_count=1268 98 6 226
internal_value=0 -0.00617899 0.00209214
internal_weight=6.77911 5.49225 0.458939
internal_count=1598 1500 232
is_linear=0
shrinkage=0.05


Tree=884
num_leaves=4
num_cat=0
split_feature=38 13 13
split_gain=0.241876 0.44324 0.473843
threshold=1.0000000180025095e-35 -0.78681577724436436 -1.0342884930852898
decision_type=2 2 2
left_child=1 2 -1
right_child=-2 -3 -4
leaf_value=0 0.018727726347288465 -0.023135235963107702 0.034941544299984584
leaf_weight=2.552381422836334 1.209320720285177 1.4621727389167065 0.52227904344908838
leaf_count=451 89 1053 5
internal_value=0.000269462 -0.00105792 0.00421487
internal_weight=5.74615 4.53683 3.07466
internal_count=1598 1509 456
is_linear=0
shrinkage=0.05


Tree=885
num_leaves=2
num_cat=0
split_feature=12
split_gain=4.54384
threshold=1.0000000180025095e-35
decision_type=2
left_child=-1
right_child=-2
leaf_value=0.036019577079422223 -0.035763611553518655
leaf_weight=3.9097597254440188 3.9082756163552403
leaf_count=298 1300
internal_value=0
internal_weight=7.81804
internal_count=1598
is_linear=0
shrinkage=0.05


Tree=886
num_leaves=4
num_cat=0
split_feature=62 62 2
split_gain=0.497711 0.33256 0.0857031
threshold=-0.17058364547969646 -0.574528586573261 0.067303440973144904
decision_type=2 2 2
left_child=1 -1 -3
right_child=-2 2 -4
leaf_value=0 -0.019416470996716 0.030606989364012311 0
leaf_weight=2.1556962488102727 1.2431850269204003 1.2429319728398698 0.075802339590154477
leaf_count=449 959 141 49
internal_value=0 0.012154 0.0279274
internal_weight=4.71762 3.47443 1.31873
internal_count=1598 639 190
is_linear=0
shrinkage=0.05


Tree=887
num_leaves=4
num_cat=0
split_feature=37 13 7
split_gain=0.347082 0.464957 0.466632
threshold=1.0000000180025095e-35 -0.75766210091990349 0.41740108349421173
decision_type=2 2 2
left_child=1 2 -1
right_child=-2 -3 -4
leaf_value=-0.0037575264173230999 0.02009826494976864 -0.025077575899334698 0.032063674947009208
leaf_weight=1.7683084200834858 1.2993713887408374 1.5703330190153795 0.60479021072387684
leaf_count=453 98 1044 3
internal_value=0 -0.00563045 0.000661448
internal_weight=5.2428 3.94343 2.3731
internal_count=1598 1500 456
is_linear=0
shrinkage=0.05


Tree=888
num_leaves=4
num_cat=0
split_feature=21 3 3
split_gain=0.341205 0.311679 0.190341
threshold=1.0000000180025095e-35 -1.1754222435261918 -1.1946941867190002
decision_type=2 2 2
left_child=1 2 -1
right_child=-2 -3 -4
leaf_value=0 0.023064661652194438 -0.019432945527616513 0.030991984055307245
leaf_weight=4.1216648577246815 1.363089822232723 1.2630110071622773 0.11350043117999931
leaf_count=451 98 1048 1
internal_value=0.00433148 0 0.00489406
internal_weight=6.86127 5.49818 4.23517
internal_count=1598 1500 452
is_linear=0
shrinkage=0.05


Tree=889
num_leaves=5
num_cat=0
split_feature=62 62 3 13
split_gain=0.669762 0.814528 0.0325733 0.0296467
threshold=0.10759087094878059 0.1161839157556325 -1.2971169809373058 -0.75766210091990349
decision_type=2 2 2 2
left_child=2 3 -1 -2
right_child=1 -3 -4 -5
leaf_value=0 0 -0.0014524534163695242 -0.0176691537867819 0.038706474817117385
leaf_weight=2.3938213480287236 0.014582722913473734 0.57044344570022065 1.0675021090428343 1.7524789962917569
leaf_count=445 2 476 482 193
internal_value=0 0.0211265 -0.0101479 0.0381558
internal_weight=5.79883 2.33751 3.46132 1.76706
internal_count=1598 671 927 195
is_linear=0
shrinkage=0.05


Tree=890
num_leaves=3
num_cat=0
split_feature=25 8
split_gain=0.392566 0.343505
threshold=1.0000000180025095e-35 0.69571288880715809
decision_type=2 2
left_child=1 -1
right_child=-2 -3
leaf_value=-0.023235024687638217 0.020464515648122295 0
leaf_weight=1.4987140739103777 1.3174404622986911 2.8922190148732625
leaf_count=1038 93 467
internal_value=0 -0.00671102
internal_weight=5.70837 4.39093
internal_count=1598 1505
is_linear=0
shrinkage=0.05


Tree=891
num_leaves=3
num_cat=0
split_feature=26 13
split_gain=0.327637 0.326594
threshold=1.0000000180025095e-35 -1.3186276315601533
decision_type=2 2
left_child=1 -1
right_child=-2 -3
leaf_value=0 0.019402550597064049 -0.022353996974163348
leaf_weight=3.9380814445321444 1.254266722127795 1.4515009503229523
leaf_count=445 94 1059
internal_value=0 -0.00519065
internal_weight=6.64385 5.38958
internal_count=1598 1504
is_linear=0
shrinkage=0.05


Tree=892
num_leaves=4
num_cat=0
split_feature=51 3 63
split_gain=0.296604 0.193508 0.131626
threshold=1.0000000180025095e-35 -1.2971169809373058 -0.14134913745160821
decision_type=2 2 2
left_child=1 -1 -2
right_child=2 -3 -4
leaf_value=0 0.022420263596592539 -0.018350127680376967 0
leaf_weight=7.1450223403517148 1.4549977695569394 1.1976050521479908 0.14375843165908087
leaf_count=445 95 961 97
internal_value=0 -0.00315213 0.0176478
internal_weight=9.94138 8.34263 1.59876
internal_count=1598 1406 192
is_linear=0
shrinkage=0.05


Tree=893
num_leaves=3
num_cat=0
split_feature=46 3
split_gain=0.346456 0.186199
threshold=1.0000000180025095e-35 -1.2971169809373058
decision_type=2 2
left_child=1 -1
right_child=-2 -3
leaf_value=0 0.019694814579097761 -0.019151018770801529
leaf_weight=4.1829078760929397 1.2762845903635023 1.2522067224490463
leaf_count=445 99 1054
internal_value=0 -0.00546324
internal_weight=6.7114 5.43511
internal_count=1598 1499
is_linear=0
shrinkage=0.05


Tree=894
num_leaves=2
num_cat=0
split_feature=0
split_gain=0.498623
threshold=1.7776565534620203
decision_type=2
left_child=-1
right_child=-2
leaf_value=-0.0091228165536767249 0.018327603067626892
leaf_weight=8.4209285780088958 1.1906789522618062
leaf_count=1509 89
internal_value=-0.00251176
internal_weight=9.61161
internal_count=1598
is_linear=0
shrinkage=0.05


Tree=895
num_leaves=3
num_cat=0
split_feature=54 3
split_gain=0.374705 0.216844
threshold=1.0000000180025095e-35 -1.2971169809373058
decision_type=2 2
left_child=1 -1
right_child=-2 -3
leaf_value=0 0.020424127783711075 -0.019983528030771268
leaf_weight=9.2956368734594417 1.3193472232669599 1.3028229715418991
leaf_count=445 97 1056
internal_value=0 -0.00400288
internal_weight=11.9178 10.5985
internal_count=1598 1501
is_linear=0
shrinkage=0.05


Tree=896
num_leaves=2
num_cat=0
split_feature=3
split_gain=0.311639
threshold=-1.2971169809373058
decision_type=2
left_child=-1
right_child=-2
leaf_value=-4.3486577602701118e-05 -0.021784833691204198
leaf_weight=34.804823597078212 1.4076404534280289
leaf_count=445 1153
internal_value=-0.00185476
internal_weight=36.2125
internal_count=1598
is_linear=0
shrinkage=0.05


Tree=897
num_leaves=4
num_cat=0
split_feature=14 7 7
split_gain=0.331369 0.192149 0.157928
threshold=1.0000000180025095e-35 0.94134534421252125 0.95593300083468324
decision_type=2 2 2
left_child=1 -1 -3
right_child=-2 2 -4
leaf_value=-0.011043797382899409 0.019201997953314828 0.024603363225061081 0
leaf_weight=4.9539576782844961 1.2358063850551841 0.15815523057244707 0.30159421567805111
leaf_count=1268 98 6 226
internal_value=0 -0.00564434 0.00193117
internal_weight=6.64951 5.41371 0.459749
internal_count=1598 1500 232
is_linear=0
shrinkage=0.05


Tree=898
num_leaves=4
num_cat=0
split_feature=38 13 13
split_gain=0.214837 0.409254 0.44446
threshold=1.0000000180025095e-35 -0.78681577724436436 -1.0342884930852898
decision_type=2 2 2
left_child=1 2 -1
right_child=-2 -3 -4
leaf_value=0 0.017927739168949765 -0.022492077782657053 0.033737257261829058
leaf_weight=2.543893121008296 1.1635913755744693 1.4129187085200103 0.52722658496349994
leaf_count=451 89 1053 5
internal_value=0.000194556 -0.000727998 0.00403155
internal_weight=5.64763 4.48404 3.07112
internal_count=1598 1509 456
is_linear=0
shrinkage=0.05


Tree=899
num_leaves=2
num_cat=0
split_feature=12
split_gain=4.27784
threshold=1.0000000180025095e-35
decision_type=2
left_child=-1
right_child=-2
leaf_value=0.035635388560472561 -0.035300703040578009
leaf_weight=3.7682078666985035 3.7326598428189754
leaf_count=298 1300
internal_value=0
internal_weight=7.50087
internal_count=1598
is_linear=0
shrinkage=0.05


Tree=900
num_leaves=5
num_cat=0
split_feature=42 7 7 7
split_gain=0.0935976 0.0642862 0.0346294 0.127733
threshold=1.0000000180025095e-35 -0.95647769076175326 0.44927072425037057 0.46172127603473972
decision_type=2 2 2 2
left_child=1 -1 -3 -4
right_child=-2 2 3 -5
leaf_value=0 0.012736902960976662 -0.013305955393212152 0.016419966110954309 -0.0099662437219986896
leaf_weight=1.7954825261840599 0.91907943412661541 0.91807299933861919 0.21302139823092148 0.77953185007208958
leaf_count=445 94 628 6 425
internal_value=0 -0.000947814 -0.00826057 0
internal_weight=4.62519 3.70611 1.91063 0.992553
internal_count=1598 1504 1059 431
is_linear=0
shrinkage=0.05


Tree=901
num_leaves=4
num_cat=0
split_feature=34 13 7
split_gain=0.308826 0.43455 0.430838
threshold=1.0000000180025095e-35 -0.75766210091990349 0.41740108349421173
decision_type=2 2 2
left_child=1 2 -1
right_child=-2 -3 -4
leaf_value=-0.0034317885976686323 0.019327654245339838 -0.02443402725173521 0.030709523205304484
leaf_weight=1.7516273207729685 1.2504961248487232 1.5162327510188336 0.61483271420001973
leaf_count=453 98 1044 3
internal_value=0 -0.0051922 0.000526389
internal_weight=5.13319 3.88269 2.36646
internal_count=1598 1500 456
is_linear=0
shrinkage=0.05


Tree=902
num_leaves=4
num_cat=0
split_feature=21 3 3
split_gain=0.304823 0.286816 0.18215
threshold=1.0000000180025095e-35 -1.1754222435261918 -1.1946941867190002
decision_type=2 2 2
left_child=1 2 -1
right_child=-2 -3 -4
leaf_value=0 0.02225476938590459 -0.01872827242699494 0.030364711987560428
leaf_weight=4.1145344851538539 1.312483688816428 1.2188826926285408 0.11769125610589881
leaf_count=451 98 1048 1
internal_value=0.00432102 0 0.0049113
internal_weight=6.76359 5.45111 4.23223
internal_count=1598 1500 452
is_linear=0
shrinkage=0.05


Tree=903
num_leaves=5
num_cat=0
split_feature=62 62 3 13
split_gain=0.604236 0.76269 0.0295393 0.0280063
threshold=0.10759087094878059 0.1161839157556325 -1.2971169809373058 -0.75766210091990349
decision_type=2 2 2 2
left_child=2 3 -1 -2
right_child=1 -3 -4 -5
leaf_value=0 0 -0.00095393844991293784 -0.017137911554221019 0.037564853031045932
leaf_weight=2.386427135963459 0.014321880182251223 0.55875721701886494 1.0419660811312494 1.7020310050575065
leaf_count=445 2 476 482 193
internal_value=0 0.0201928 -0.00982279 0.037019
internal_weight=5.7035 2.27511 3.42839 1.71635
internal_count=1598 671 927 195
is_linear=0
shrinkage=0.05


Tree=904
num_leaves=2
num_cat=0
split_feature=25
split_gain=0.353723
threshold=1.0000000180025095e-35
decision_type=2
left_child=-1
right_child=-2
leaf_value=-0.0062210547235161708 0.019816396918838214
leaf_weight=4.3330309891607612 1.2756065903231499
leaf_count=1505 93
internal_value=0
internal_weight=5.60864
internal_count=1598
is_linear=0
shrinkage=0.05


Tree=905
num_leaves=3
num_cat=0
split_feature=29 13
split_gain=0.290079 0.303644
threshold=1.0000000180025095e-35 -1.3186276315601533
decision_type=2 2
left_child=1 -1
right_child=-2 -3
leaf_value=0 0.018626508710566508 -0.02166853835258719
leaf_weight=3.9318890543654557 1.2074280399829147 1.3996210079640152
leaf_count=445 94 1059
internal_value=0 -0.00477228
internal_weight=6.53894 5.33151
internal_count=1598 1504
is_linear=0
shrinkage=0.05


Tree=906
num_leaves=3
num_cat=0
split_feature=53 3
split_gain=0.355661 0.194655
threshold=3.5959279840799754 -1.2971169809373058
decision_type=2 2
left_child=1 -1
right_child=-2 -3
leaf_value=0 0.020757809635326981 -0.017709874906768432
leaf_weight=7.1409215442836276 1.3391301054507501 1.35988708277
leaf_count=445 94 1059
internal_value=0 -0.00327767
internal_weight=9.83994 8.50081
internal_count=1598 1504
is_linear=0
shrinkage=0.05


Tree=907
num_leaves=3
num_cat=0
split_feature=46 3
split_gain=0.30816 0.170886
threshold=1.0000000180025095e-35 -1.2971169809373058
decision_type=2 2
left_child=1 -1
right_child=-2 -3
leaf_value=0 0.018896065563217466 -0.01844223903824261
leaf_weight=4.1765317216631948 1.2267836872488258 1.2083724599215209
leaf_count=445 99 1054
internal_value=0 -0.00511273
internal_weight=6.61169 5.3849
internal_count=1598 1499
is_linear=0
shrinkage=0.05


Tree=908
num_leaves=3
num_cat=0
split_feature=0 3
split_gain=0.447962 0.0107812
threshold=1.7776565534620203 -1.2971169809373058
decision_type=2 2
left_child=1 -1
right_child=-2 -3
leaf_value=-0.0023537048200488239 0.017545997816808562 -0.019243077949561385
leaf_weight=7.0684010877739629 1.146716344170273 1.2541139508830372
leaf_count=445 89 1064
internal_value=-0.0022745 -0.00867874
internal_weight=9.46923 8.32252
internal_count=1598 1509
is_linear=0
shrinkage=0.05


Tree=909
num_leaves=3
num_cat=0
split_feature=54 3
split_gain=0.339342 0.196654
threshold=1.0000000180025095e-35 -1.2971169809373058
decision_type=2 2
left_child=1 -1
right_child=-2 -3
leaf_value=0 0.019689046476856459 -0.019281712156496406
leaf_weight=9.2939409629907441 1.2716213678941137 1.2569489438901644
leaf_count=445 97 1056
internal_value=0 -0.0038237
internal_weight=11.8225 10.5509
internal_count=1598 1501
is_linear=0
shrinkage=0.05


Tree=910
num_leaves=2
num_cat=0
split_feature=3
split_gain=0.458104
threshold=-1.2971169809373058
decision_type=2
left_child=-1
right_child=-2
leaf_value=0.0012526949352885772 -0.02327527866787011
leaf_weight=34.772007796913385 1.5118737196899008
leaf_count=455 1156
internal_value=0
internal_weight=36.2839
internal_count=1611
is_linear=0
shrinkage=0.05


Tree=911
num_leaves=4
num_cat=0
split_feature=62 62 3
split_gain=0.23057 0.853847 0.0701193
threshold=1.0000000180025095e-35 -0.096095794098812845 -1.2971169809373058
decision_type=2 2 2
left_child=1 2 -1
right_child=-2 -3 -4
leaf_value=0.00011697745311835054 -0.01106278188025424 0.038484562570964685 -0.011483976942939331
leaf_weight=3.6801649585831906 0.84766780963400368 1.2328419508412478 0.82877344865119118
leaf_count=455 764 93 299
internal_value=0.0016938 0.00831767 0
internal_weight=6.58945 5.74178 4.50894
internal_count=1611 847 754
is_linear=0
shrinkage=0.05


Tree=912
num_leaves=4
num_cat=0
split_feature=38 7 7
split_gain=0.368229 0.174096 0.0170675
threshold=1.0000000180025095e-35 0.31254722416522002 0.30009667238085086
decision_type=2 2 2
left_child=1 2 -1
right_child=-2 -3 -4
leaf_value=-0.0027587680792793973 0.017758010658010848 -0.021606366329759336 0.004718917108822906
leaf_weight=2.861925156496 1.1578348083421586 1.284395628783386 0.26709647418465454
leaf_count=997 95 513 6
internal_value=0 -0.00899765 0
internal_weight=5.57125 4.41342 3.12902
internal_count=1611 1516 1003
is_linear=0
shrinkage=0.05


Tree=913
num_leaves=2
num_cat=0
split_feature=12
split_gain=4.18402
threshold=1.0000000180025095e-35
decision_type=2
left_child=-1
right_child=-2
leaf_value=0.035608821902466906 -0.035001575784360021
leaf_weight=3.7643419355154037 3.6244548632530496
leaf_count=308 1303
internal_value=0
internal_weight=7.3888
internal_count=1611
is_linear=0
shrinkage=0.05


Tree=914
num_leaves=4
num_cat=0
split_feature=2 3 42
split_gain=0.130454 0.800917 0.403804
threshold=-0.94246420894849881 -1.0400259609247759 1.0000000180025095e-35
decision_type=2 2 2
left_child=1 -1 -2
right_child=2 -3 -4
leaf_value=0 -0.020921814313497406 0.049083468275046754 0.012462430380182606
leaf_weight=2.368960492080078 1.3066457421518864 0.48266546707600344 0.90813797619193781
leaf_count=462 1047 6 96
internal_value=0.0026468 0.0104375 0
internal_weight=5.06641 2.85163 2.21478
internal_count=1611 468 1143
is_linear=0
shrinkage=0.05


Tree=915
num_leaves=6
num_cat=0
split_feature=2 2 3 62 7
split_gain=0.319627 0.436716 0.218683 0.0978082 0.0403811
threshold=-0.94246420894849881 -0.022095564047355697 -1.1946941867190002 0.39320557542857287 0.42813271327653973
decision_type=2 2 2 2 2
left_child=2 3 4 -2 -1
right_child=1 -3 -4 -5 -6
leaf_value=0 0.02676954401483669 0 -0.021646113613362723 0 0.011702382785110118
leaf_weight=1.6016358970664444 2.2225232325145052 0.51821105438284565 1.0603370633907614 0.099001059483270981 0.23717308044433583
leaf_count=455 440 601 12 102 1
internal_value=0 0.0135664 -0.0073653 0.0245927 0
internal_weight=5.73888 2.83974 2.89915 2.32152 1.83881
internal_count=1611 1143 468 542 456
is_linear=0
shrinkage=0.05


Tree=916
num_leaves=4
num_cat=0
split_feature=18 7 3
split_gain=0.231544 0.347666 0.161788
threshold=1.0000000180025095e-35 1.1590903226081626 0.064384159006539349
decision_type=2 2 2
left_child=1 -1 -3
right_child=-2 2 -4
leaf_value=-0.013041846932715649 0.01461074354829571 0.029737702804378881 0
leaf_weight=5.2749888790422119 1.0002492489293215 0.12189834564924229 0.16737903474131599
leaf_count=1333 92 1 185
internal_value=0 -0.00653012 0.0135771
internal_weight=6.56452 5.56427 0.289277
internal_count=1611 1519 186
is_linear=0
shrinkage=0.05


Tree=917
num_leaves=4
num_cat=0
split_feature=62 62 3
split_gain=0.607456 0.672603 0.0560133
threshold=0.10759087094878059 0.1161839157556325 -1.2971169809373058
decision_type=2 2 2
left_child=2 -2 -1
right_child=1 -3 -4
leaf_value=0 0.035472635506074636 0 -0.019499749999071815
leaf_weight=2.3883014766033743 1.6501763922860848 0.51665674906689663 1.1689367795479482
leaf_count=455 196 473 487
internal_value=0 0.019596 -0.0110407
internal_weight=5.72407 2.16683 3.55724
internal_count=1611 669 942
is_linear=0
shrinkage=0.05


Tree=918
num_leaves=4
num_cat=0
split_feature=25 13 13
split_gain=0.245945 0.330547 0.130871
threshold=1.0000000180025095e-35 -0.72465946724865715 -0.75766210091990349
decision_type=2 2 2
left_child=1 2 -1
right_child=-2 -3 -4
leaf_value=0 0.019971573714384707 -0.019668306560850914 0.027096531267142163
leaf_weight=3.0493316957145002 1.2871591355651615 1.2511765367817136 0.14846267458051388
leaf_count=466 97 1045 3
internal_value=0.00396361 0 0.00634645
internal_weight=5.73613 4.44897 3.19779
internal_count=1611 1514 469
is_linear=0
shrinkage=0.05


Tree=919
num_leaves=4
num_cat=0
split_feature=26 13 7
split_gain=0.36079 0.17653 0.183569
threshold=1.0000000180025095e-35 -0.75766210091990349 0.42813271327653973
decision_type=2 2 2
left_child=1 2 -1
right_child=-2 -3 -4
leaf_value=-0.0041578875042658763 0.019468651882149808 -0.019597061354195481 0.023763321031882337
leaf_weight=4.0812448251526794 1.2607995588332412 1.2599704375024892 0.17243552207946766
leaf_count=466 102 1041 2
internal_value=0 -0.00624566 0
internal_weight=6.77445 5.51365 4.25368
internal_count=1611 1509 468
is_linear=0
shrinkage=0.05


Tree=920
num_leaves=4
num_cat=0
split_feature=62 8 12
split_gain=0.299002 0.12387 0.139322
threshold=-0.17058364547969646 -0.51463834572177747 0.4607419408617523
decision_type=2 2 2
left_child=1 -1 -3
right_child=-2 2 -4
leaf_value=0 -0.013737939152630394 0 0.01168202888130894
leaf_weight=0.34332146891392668 0.96600204356946129 0.31535267585422744 8.2407346198451688
leaf_count=10 957 314 330
internal_value=0.00248561 0.00754348 0.00965695
internal_weight=9.86541 8.89941 8.55609
internal_count=1611 654 644
is_linear=0
shrinkage=0.05


Tree=921
num_leaves=2
num_cat=0
split_feature=46
split_gain=0.652058
threshold=1.0000000180025095e-35
decision_type=2
left_child=-1
right_child=-2
leaf_value=-0.013986522119846349 0.018337774746600328
leaf_weight=5.4478782881051302 1.1939704148098824
leaf_count=1511 100
internal_value=-0.00379824
internal_weight=6.64185
internal_count=1611
is_linear=0
shrinkage=0.05


Tree=922
num_leaves=3
num_cat=0
split_feature=0 3
split_gain=0.446866 0.0354211
threshold=1.7776565534620203 -1.2971169809373058
decision_type=2 2
left_child=1 -1
right_child=-2 -3
leaf_value=-0.0022889125005691024 0.017116352929821051 -0.020433108764272914
leaf_weight=7.0582696776837102 1.123710720799864 1.3257289343164291
leaf_count=455 90 1066
internal_value=-0.00267929 -0.00896055
internal_weight=9.50771 8.384
internal_count=1611 1521
is_linear=0
shrinkage=0.05


Tree=923
num_leaves=3
num_cat=0
split_feature=54 3
split_gain=0.445393 0.0233427
threshold=1.0000000180025095e-35 -1.2971169809373058
decision_type=2 2
left_child=1 -1
right_child=-2 -3
leaf_value=-0.0034459640872537495 0.016636314758003184 -0.020606641393933714
leaf_weight=9.3014702254440618 1.0944098988547928 1.3384899901575398
leaf_count=455 86 1070
internal_value=-0.00368924 -0.00867693
internal_weight=11.7344 10.64
internal_count=1611 1525
is_linear=0
shrinkage=0.05


Tree=924
num_leaves=2
num_cat=0
split_feature=3
split_gain=0.419472
threshold=-1.2971169809373058
decision_type=2
left_child=-1
right_child=-2
leaf_value=0.0010836115618281113 -0.022657115413932227
leaf_weight=34.705267612356693 1.462308900838251
leaf_count=455 1156
internal_value=0
internal_weight=36.1676
internal_count=1611
is_linear=0
shrinkage=0.05


Tree=925
num_leaves=4
num_cat=0
split_feature=62 62 3
split_gain=0.210303 0.800399 0.0659294
threshold=1.0000000180025095e-35 -0.096095794098812845 -1.2971169809373058
decision_type=2 2 2
left_child=1 2 -1
right_child=-2 -3 -4
leaf_value=0.00020002780584867953 -0.010419614490203052 0.037791470792279243 -0.011177387236626951
leaf_weight=3.6727001946419473 0.82403608120512206 1.1802320275455711 0.81794858240755308
leaf_count=455 764 93 299
internal_value=0.00154483 0.00803805 0
internal_weight=6.49492 5.67088 4.49065
internal_count=1611 847 754
is_linear=0
shrinkage=0.05


Tree=926
num_leaves=4
num_cat=0
split_feature=41 7 7
split_gain=0.331036 0.169335 0.0137736
threshold=1.0000000180025095e-35 0.31254722416522002 0.30009667238085086
decision_type=2 2 2
left_child=1 2 -1
right_child=-2 -3 -4
leaf_value=-0.0024074483101071366 0.017057969136625929 -0.021087317520461973 0.0044354164903303503
leaf_weight=2.8352986144600441 1.1198063082993028 1.2532028973218983 0.26772159978281695
leaf_count=997 95 513 6
internal_value=0 -0.00856524 0
internal_weight=5.47603 4.35622 3.10302
internal_count=1611 1516 1003
is_linear=0
shrinkage=0.05


Tree=927
num_leaves=2
num_cat=0
split_feature=12
split_gain=3.93744
threshold=1.0000000180025095e-35
decision_type=2
left_child=-1
right_child=-2
leaf_value=0.035207525600220432 -0.034529154498396518
leaf_weight=3.6253840588033199 3.4671582707669586
leaf_count=308 1303
internal_value=0
internal_weight=7.09254
internal_count=1611
is_linear=0
shrinkage=0.05


Tree=928
num_leaves=5
num_cat=0
split_feature=62 13 51 7
split_gain=0.49131 0.739753 0.285653 0.226416
threshold=-0.17058364547969646 -0.64174629205212519 1.0000000180025095e-35 1.1590903226081626
decision_type=2 2 2 2
left_child=1 -1 3 -3
right_child=-2 2 -4 -5
leaf_value=0 -0.015528383452885137 0.047896302824179823 0 0
leaf_weight=2.3787349800113593 1.0326257586129939 1.2552332347258923 0.13815575698390592 0.1979104559868573
leaf_count=462 957 91 93 8
internal_value=0.00263947 0.0141662 0.036239 0.0420927
internal_weight=5.00266 3.97003 1.5913 1.45314
internal_count=1611 654 192 99
is_linear=0
shrinkage=0.05


Tree=929
num_leaves=6
num_cat=0
split_feature=2 2 3 62 7
split_gain=0.281008 0.404905 0.210928 0.0911646 0.0378882
threshold=-0.94246420894849881 -0.022095564047355697 -1.1946941867190002 0.39320557542857287 0.42813271327653973
decision_type=2 2 2 2 2
left_child=2 3 4 -2 -1
right_child=1 -3 -4 -5 -6
leaf_value=0 0.025727162918655573 0 -0.021221068027003461 0 0.011320816343976831
leaf_weight=1.5917505386751147 2.1805456220172355 0.50880326912738372 1.0450648630503563 0.097143198654521146 0.23907457292079914
leaf_count=455 440 601 12 102 1
internal_value=0 0.0127474 -0.00706436 0.0235942 0
internal_weight=5.66238 2.78649 2.87589 2.27769 1.83083
internal_count=1611 1143 468 542 456
is_linear=0
shrinkage=0.05


Tree=930
num_leaves=4
num_cat=0
split_feature=18 3 3
split_gain=0.197902 0.233026 0.233417
threshold=1.0000000180025095e-35 -1.1754222435261918 -1.1946941867190002
decision_type=2 2 2
left_child=1 2 -1
right_child=-2 -3 -4
leaf_value=-0.0034219567799275799 0.01393526308524275 -0.020751403635333773 0.02911533221711339
leaf_weight=4.0093651143833995 0.96994977165013541 1.3388959481380878 0.1260903626680373
leaf_count=459 92 1059 1
internal_value=0 -0.00591892 0
internal_weight=6.4443 5.47435 4.13546
internal_count=1611 1519 460
is_linear=0
shrinkage=0.05


Tree=931
num_leaves=4
num_cat=0
split_feature=62 62 3
split_gain=0.553313 0.632266 0.0530288
threshold=0.10759087094878059 0.1161839157556325 -1.2971169809373058
decision_type=2 2 2
left_child=2 -2 -1
right_child=1 -3 -4
leaf_value=0 0.03441589638972118 0 -0.019005885859747468
leaf_weight=2.3792232973501091 1.6133868251927199 0.50705454702256236 1.1424983824254011
leaf_count=455 196 473 487
internal_value=0 0.0187632 -0.0107034
internal_weight=5.64216 2.12044 3.52172
internal_count=1611 669 942
is_linear=0
shrinkage=0.05


Tree=932
num_leaves=4
num_cat=0
split_feature=25 13 13
split_gain=0.224094 0.308145 0.123802
threshold=1.0000000180025095e-35 -0.72465946724865715 -0.75766210091990349
decision_type=2 2 2
left_child=1 2 -1
right_child=-2 -3 -4
leaf_value=0 0.019437295424940982 -0.019028050782559827 0.026546916315834508
leaf_weight=3.0415836214669985 1.2534779999405143 1.211816337425262 0.15283190645277445
leaf_count=466 97 1045 3
internal_value=0.00407418 0 0.00638408
internal_weight=5.65971 4.40623 3.19442
internal_count=1611 1514 469
is_linear=0
shrinkage=0.05


Tree=933
num_leaves=4
num_cat=0
split_feature=26 13 7
split_gain=0.322749 0.166619 0.17516
threshold=1.0000000180025095e-35 -0.75766210091990349 0.42813271327653973
decision_type=2 2 2
left_child=1 2 -1
right_child=-2 -3 -4
leaf_value=-0.0039085419367379665 0.018770149475118209 -0.018956388682234301 0.023344379214736762
leaf_weight=4.0552524469094342 1.2180931186303494 1.2200847399071797 0.17584875226020802
leaf_count=466 102 1041 2
internal_value=0 -0.00581963 0
internal_weight=6.66928 5.45119 4.2311
internal_count=1611 1509 468
is_linear=0
shrinkage=0.05


Tree=934
num_leaves=4
num_cat=0
split_feature=62 8 12
split_gain=0.261298 0.114965 0.12544
threshold=-0.17058364547969646 -0.51463834572177747 0.4607419408617523
decision_type=2 2 2
left_child=1 -1 -3
right_child=-2 2 -4
leaf_value=0 -0.013022159157194901 0 0.010973380302220672
leaf_weight=0.34441159968264301 0.93494093028130087 0.30456224450608615 8.2795248511247319
leaf_count=10 957 314 330
internal_value=0.00211285 0.00695576 0.00904743
internal_weight=9.86344 8.9285 8.58409
internal_count=1611 654 644
is_linear=0
shrinkage=0.05


Tree=935
num_leaves=2
num_cat=0
split_feature=47
split_gain=0.591081
threshold=1.0000000180025095e-35
decision_type=2
left_child=-1
right_child=-2
leaf_value=-0.013404662669333321 0.017596190107817843
leaf_weight=5.3474065731861629 1.1519262157380579
leaf_count=1511 100
internal_value=-0.00347389
internal_weight=6.49933
internal_count=1611
is_linear=0
shrinkage=0.05


Tree=936
num_leaves=3
num_cat=0
split_feature=0 3
split_gain=0.409899 0.0286696
threshold=1.7776565534620203 -1.2971169809373058
decision_type=2 2
left_child=1 -1
right_child=-2 -3
leaf_value=-0.0021280978897112888 0.016427215386155072 -0.019789363513530764
leaf_weight=7.0323057086206964 1.0877302261069424 1.2826225101016451
leaf_count=455 90 1066
internal_value=-0.00254724 -0.0086565
internal_weight=9.40266 8.31493
internal_count=1611 1521
is_linear=0
shrinkage=0.05


Tree=937
num_leaves=3
num_cat=0
split_feature=54 3
split_gain=0.408753 0.0172581
threshold=1.0000000180025095e-35 -1.2971169809373058
decision_type=2 2
left_child=1 -1
right_child=-2 -3
leaf_value=-0.0032524880209708791 0.015955064203176994 -0.019959214648247837
leaf_weight=9.2617497451137734 1.0602018814533956 1.2945360284065817
leaf_count=455 86 1070
internal_value=-0.00352201 -0.00837239
internal_weight=11.6165 10.5563
internal_count=1611 1525
is_linear=0
shrinkage=0.05


Tree=938
num_leaves=2
num_cat=0
split_feature=3
split_gain=0.384374
threshold=-1.2971169809373058
decision_type=2
left_child=-1
right_child=-2
leaf_value=0.00095950322842523143 -0.022025546425683384
leaf_weight=34.651792541146278 1.4140924341627386
leaf_count=455 1156
internal_value=0
internal_weight=36.0659
internal_count=1611
is_linear=0
shrinkage=0.05


Tree=939
num_leaves=4
num_cat=0
split_feature=62 62 3
split_gain=0.192656 0.748403 0.0611905
threshold=1.0000000180025095e-35 -0.096095794098812845 -1.2971169809373058
decision_type=2 2 2
left_child=1 2 -1
right_child=-2 -3 -4
leaf_value=0.00028212115989140993 -0.0098054984838880834 0.037062316847553747 -0.010814087081096468
leaf_weight=3.6653579995036121 0.80221327929757524 1.1316411197185514 0.8052743781008761
leaf_count=455 764 93 299
internal_value=0.00141406 0.00778926 0
internal_weight=6.40449 5.60227 4.47063
internal_count=1611 847 754
is_linear=0
shrinkage=0.05


Tree=940
num_leaves=4
num_cat=0
split_feature=38 7 7
split_gain=0.29676 0.164428 0.0109176
threshold=1.0000000180025095e-35 0.31254722416522002 0.30009667238085086
decision_type=2 2 2
left_child=1 2 -1
right_child=-2 -3 -4
leaf_value=-0.0020584965110190304 0.016365106384681208 -0.020567020444626799 0.0041561647713069952
leaf_weight=2.8092553460155618 1.0838385205715892 1.2229025061824357 0.26830076711485151
leaf_count=997 95 513 6
internal_value=0 -0.00813545 0
internal_weight=5.3843 4.30046 3.07756
internal_count=1611 1516 1003
is_linear=0
shrinkage=0.05


Tree=941
num_leaves=2
num_cat=0
split_feature=12
split_gain=3.70534
threshold=1.0000000180025095e-35
decision_type=2
left_child=-1
right_child=-2
leaf_value=0.0348092167853691 -0.034039776712435174
leaf_weight=3.4957150146365166 3.3161631250986829
leaf_count=308 1303
internal_value=0
internal_weight=6.81188
internal_count=1611
is_linear=0
shrinkage=0.05


Tree=942
num_leaves=5
num_cat=0
split_feature=62 13 51 7
split_gain=0.445375 0.686931 0.271904 0.220577
threshold=-0.17058364547969646 -0.64174629205212519 1.0000000180025095e-35 1.1590903226081626
decision_type=2 2 2 2
left_child=1 -1 3 -3
right_child=-2 2 -4 -5
leaf_value=0 -0.014857022911869817 0.046772201290799349 0 0
leaf_weight=2.3709870269522075 1.0007360355230046 1.2187829138711093 0.13671502319630224 0.19746405631303776
leaf_count=462 957 91 93 8
internal_value=0.00232681 0.0135442 0.0350973 0.0409199
internal_weight=4.92469 3.92395 1.55296 1.41625
internal_count=1611 654 192 99
is_linear=0
shrinkage=0.05


Tree=943
num_leaves=5
num_cat=0
split_feature=2 2 3 3
split_gain=0.248262 0.376341 0.203575 0.0356144
threshold=-0.94246420894849881 -0.022095564047355697 -1.1946941867190002 -1.2971169809373058
decision_type=2 2 2 2
left_child=2 -2 3 -1
right_child=1 -3 -4 -5
leaf_value=0 0.022687362339072967 0 -0.020808076798864275 0.010962940452621313
leaf_weight=1.5821025886107234 2.2351307512726639 0.49907735543092702 1.0304072957951573 0.24081750214099917
leaf_count=455 542 601 12 1
internal_value=0 0.0120159 -0.00677 0
internal_weight=5.58754 2.73421 2.85333 1.82292
internal_count=1611 1143 468 456
is_linear=0
shrinkage=0.05


Tree=944
num_leaves=4
num_cat=0
split_feature=18 3 3
split_gain=0.172833 0.218276 0.223065
threshold=1.0000000180025095e-35 -1.1754222435261918 -1.1946941867190002
decision_type=2 2 2
left_child=1 2 -1
right_child=-2 -3 -4
leaf_value=-0.0031945152034578528 0.013288749604305898 -0.020079867304670158 0.028498702119143033
leaf_weight=3.9863359390292317 0.94205048773437727 1.2934456243528982 0.13025757670402516
leaf_count=459 92 1059 1
internal_value=0 -0.0054792 0
internal_weight=6.35209 5.41004 4.11659
internal_count=1611 1519 460
is_linear=0
shrinkage=0.05


Tree=945
num_leaves=4
num_cat=0
split_feature=62 62 3
split_gain=0.502104 0.593659 0.0498466
threshold=0.10759087094878059 0.1161839157556325 -1.2971169809373058
decision_type=2 2 2
left_child=2 -2 -1
right_child=1 -3 -4
leaf_value=0 0.033343255379477764 0 -0.018485185402529563
leaf_weight=2.3702235918026422 1.5796266992110761 0.49800704658264283 1.1153024496161377
leaf_count=455 196 473 487
internal_value=0 0.0179219 -0.0103548
internal_weight=5.56316 2.07763 3.48553
internal_count=1611 669 942
is_linear=0
shrinkage=0.05


Tree=946
num_leaves=4
num_cat=0
split_feature=25 13 13
split_gain=0.203415 0.286893 0.116706
threshold=1.0000000180025095e-35 -0.72465946724865715 -0.75766210091990349
decision_type=2 2 2
left_child=1 2 -1
right_child=-2 -3 -4
leaf_value=0 0.018908986702794412 -0.018374100767456727 0.025992529962238421
leaf_weight=3.0336070388439116 1.221451688557863 1.1733393992180938 0.15727889351546709
leaf_count=466 97 1045 3
internal_value=0.00419247 0 0.00642371
internal_weight=5.58568 4.36423 3.19089
internal_count=1611 1514 469
is_linear=0
shrinkage=0.05


Tree=947
num_leaves=4
num_cat=0
split_feature=26 13 7
split_gain=0.287903 0.156631 0.167558
threshold=1.0000000180025095e-35 -0.75766210091990349 0.42813271327653973
decision_type=2 2 2
left_child=1 2 -1
right_child=-2 -3 -4
leaf_value=-0.0036647545673287279 0.018078704201320201 -0.018300082053291311 0.02296386951486034
leaf_weight=4.030150076490826 1.1777817280963061 1.1810454380465678 0.17897901684045781
leaf_count=466 102 1041 2
internal_value=0 -0.00539427 0
internal_weight=6.56796 5.39017 4.20913
internal_count=1611 1509 468
is_linear=0
shrinkage=0.05


Tree=948
num_leaves=5
num_cat=0
split_feature=62 50 3 12
split_gain=0.228891 0.113761 0.0236881 0.0415997
threshold=-0.17058364547969646 2.4864973685560821 -1.2971169809373058 0.49134678747263855
decision_type=2 2 2 2
left_child=1 2 3 -1
right_child=-2 -3 -4 -5
leaf_value=0 -0.01233372223544944 0.01959368778364861 0 0.0046729561949986013
leaf_weight=0.29004280315712083 0.90626972884638313 1.2593422494828699 0.42060027027036806 6.984789501875639
leaf_count=308 957 93 106 147
internal_value=0.00178328 0.00643285 0.000164623 0.00276505
internal_weight=9.86104 8.95477 7.69543 7.27483
internal_count=1611 654 561 455
is_linear=0
shrinkage=0.05


Tree=949
num_leaves=2
num_cat=0
split_feature=46
split_gain=0.534396
threshold=1.0000000180025095e-35
decision_type=2
left_child=-1
right_child=-2
leaf_value=-0.01282422816512313 0.016857166388412403
leaf_weight=5.2504274696111679 1.1120040733367202
leaf_count=1511 100
internal_value=-0.00314334
internal_weight=6.36243
internal_count=1611
is_linear=0
shrinkage=0.05


Tree=950
num_leaves=3
num_cat=0
split_feature=0 3
split_gain=0.375418 0.0221717
threshold=1.7776565534620203 -1.2971169809373058
decision_type=2 2
left_child=1 -1
right_child=-2 -3
leaf_value=-0.0019699530597852661 0.015741552275398581 -0.019129044175782029
leaf_weight=7.0069708321243516 1.0534407477825887 1.2404532763757732
leaf_count=455 90 1066
internal_value=-0.00241081 -0.00835464
internal_weight=9.30086 8.24742
internal_count=1611 1521
is_linear=0
shrinkage=0.05


Tree=951
num_leaves=3
num_cat=0
split_feature=54 3
split_gain=0.37466 0.0113943
threshold=1.0000000180025095e-35 -1.2971169809373058
decision_type=2 2
left_child=1 -1
right_child=-2 -3
leaf_value=-0.0030620260930378958 0.015280100735079162 -0.019295011597755818
leaf_weight=9.2229874189943057 1.0276825306937105 1.2515568863600481
leaf_count=455 86 1070
internal_value=-0.00335148 -0.00807034
internal_weight=11.5022 10.4745
internal_count=1611 1525
is_linear=0
shrinkage=0.05


Tree=952
num_leaves=2
num_cat=0
split_feature=3
split_gain=0.351356
threshold=-1.2971169809373058
decision_type=2
left_child=-1
right_child=-2
leaf_value=0.000809116223261398 -0.021397076477778474
leaf_weight=34.591663072817028 1.3683968289988104
leaf_count=455 1156
internal_value=0
internal_weight=35.9601
internal_count=1611
is_linear=0
shrinkage=0.05


Tree=953
num_leaves=4
num_cat=0
split_feature=14 3 13
split_gain=0.0852562 0.216408 0.10191
threshold=1.0000000180025095e-35 -1.0400259609247759 -0.35022694594233067
decision_type=2 2 2
left_child=1 2 -1
right_child=-2 -3 -4
leaf_value=0 0.012603927295126355 -0.017045092294427824 0.021993714192945067
leaf_weight=4.1179599695024081 0.91257130634039629 1.1161571079283019 0.17444640398025502
leaf_count=469 92 1049 1
internal_value=0.00128477 0 0.00386177
internal_weight=6.32113 5.40856 4.29241
internal_count=1611 1519 470
is_linear=0
shrinkage=0.05


Tree=954
num_leaves=3
num_cat=0
split_feature=38 7
split_gain=0.26595 0.159012
threshold=1.0000000180025095e-35 0.31254722416522002
decision_type=2 2
left_child=1 -1
right_child=-2 -3
leaf_value=0 0.015689639279397642 -0.020048620359475557
leaf_weight=3.0543933783774264 1.0502392947673795 1.1937332095112649
leaf_count=1003 95 513
internal_value=0 -0.00772382
internal_weight=5.29837 4.24813
internal_count=1611 1516
is_linear=0
shrinkage=0.05


Tree=955
num_leaves=2
num_cat=0
split_feature=12
split_gain=3.48724
threshold=1.0000000180025095e-35
decision_type=2
left_child=-1
right_child=-2
leaf_value=0.034406736882138376 -0.033543212742407694
leaf_weight=3.3723506890237331 3.1741100079379976
leaf_count=308 1303
internal_value=0
internal_weight=6.54646
internal_count=1611
is_linear=0
shrinkage=0.05


Tree=956
num_leaves=5
num_cat=0
split_feature=62 13 50 7
split_gain=0.403554 0.638559 0.25651 0.21449
threshold=-0.17058364547969646 -0.64174629205212519 2.4864973685560821 1.1590903226081626
decision_type=2 2 2 2
left_child=1 -1 3 -3
right_child=-2 2 -4 -5
leaf_value=0 -0.014207790348469893 0.04562624933254289 0 0
leaf_weight=2.3641350010875617 0.97116017108783115 1.1849022582173345 0.13414635299704958 0.19695783779025067
leaf_count=462 957 91 93 8
internal_value=0.00201557 0.012942 0.0339967 0.0397358
internal_weight=4.8513 3.88014 1.51601 1.38186
internal_count=1611 654 192 99
is_linear=0
shrinkage=0.05


Tree=957
num_leaves=6
num_cat=0
split_feature=2 2 13 62 7
split_gain=0.220018 0.349899 0.196121 0.0821826 0.033487
threshold=-0.94246420894849881 -0.022095564047355697 -1.0342884930852898 0.39320557542857287 0.42813271327653973
decision_type=2 2 2 2 2
left_child=2 3 4 -2 -1
right_child=1 -3 -4 -5 -6
leaf_value=0 0.02392663814169016 0 -0.020391001726982466 0 0.010618738403745198
leaf_weight=1.5732692002784463 2.1032232111901985 0.48910838714800764 1.015775629552081 0.095354044868145027 0.24245563149452198
leaf_count=455 440 601 12 102 1
internal_value=0 0.0113424 -0.00648128 0.0218202 0
internal_weight=5.51919 2.68769 2.8315 2.19858 1.81572
internal_count=1611 1143 468 542 456
is_linear=0
shrinkage=0.05


Tree=958
num_leaves=4
num_cat=0
split_feature=7 18 1
split_gain=0.19374 0.255349 0.132341
threshold=0.95593300083468324 1.0000000180025095e-35 0.74638400022582785
decision_type=2 2 2
left_child=1 -1 -2
right_child=2 -3 -4
leaf_value=-0.011495918296616447 0.02717681173560085 0.0067832305246096937 0
leaf_weight=5.0269326828420162 0.40384668204933394 0.70828563626855601 0.12758118915371597
leaf_count=1283 101 71 156
internal_value=0 -0.00486608 0.0180679
internal_weight=6.26665 5.73522 0.531428
internal_count=1611 1354 257
is_linear=0
shrinkage=0.05


Tree=959
num_leaves=3
num_cat=0
split_feature=4 30
split_gain=0.143397 0.320851
threshold=-0.80312896480916507 1.0000000180025095e-35
decision_type=2 2
left_child=-1 -2
right_child=1 -3
leaf_value=0.015199030666660099 -0.012780416996901071 0.010496523369032888
leaf_weight=0.82721075415611256 3.8303226163843647 0.83157087396830309
leaf_count=5 1509 97
internal_value=0 -0.00317063
internal_weight=5.4891 4.66189
internal_count=1611 1606
is_linear=0
shrinkage=0.05


Tree=960
num_leaves=4
num_cat=0
split_feature=25 13 13
split_gain=0.184452 0.266987 0.110076
threshold=1.0000000180025095e-35 -0.72465946724865715 -0.75766210091990349
decision_type=2 2 2
left_child=1 2 -1
right_child=-2 -3 -4
leaf_value=0 0.018397352930795547 -0.017723952116142253 0.025447071386711657
leaf_weight=3.0267809049692009 1.1914949789643285 1.1367833699332552 0.16169118462130372
leaf_count=466 97 1045 3
internal_value=0.0043025 0 0.00644665
internal_weight=5.51675 4.32526 3.18847
internal_count=1611 1514 469
is_linear=0
shrinkage=0.05


Tree=961
num_leaves=4
num_cat=0
split_feature=29 13 3
split_gain=0.257942 0.146611 0.216942
threshold=1.0000000180025095e-35 -0.75766210091990349 -0.92932628974446818
decision_type=2 2 2
left_child=1 2 -1
right_child=-2 -3 -4
leaf_value=-0.0038604480964518984 0.017438286912591982 -0.017648280135325031 0.027212906917526633
leaf_weight=4.0489655872806907 1.1420596232637761 1.1439906365121721 0.14082961715757747
leaf_count=466 102 1041 2
internal_value=0 -0.00499432 0
internal_weight=6.47585 5.33379 4.1898
internal_count=1611 1509 468
is_linear=0
shrinkage=0.05


Tree=962
num_leaves=4
num_cat=0
split_feature=62 52 3
split_gain=0.205594 0.104011 0.021105
threshold=-0.17058364547969646 1.0000000180025095e-35 -1.2971169809373058
decision_type=2 2 2
left_child=1 2 -1
right_child=-2 -3 -4
leaf_value=0.0026014163033862806 -0.011672600985028488 0.018890102887686458 0
leaf_weight=7.2976393371354789 0.87979412800632495 1.2168112471699712 0.41828824538970177
leaf_count=455 957 93 106
internal_value=0.00160635 0.00611395 2.92822e-05
internal_weight=9.81253 8.93274 7.71593
internal_count=1611 654 561
is_linear=0
shrinkage=0.05


Tree=963
num_leaves=2
num_cat=0
split_feature=46
split_gain=0.483114
threshold=1.0000000180025095e-35
decision_type=2
left_child=-1
right_child=-2
leaf_value=-0.012264246180163821 0.016136797282267999
leaf_weight=5.1597890874254517 1.0748620871454475
leaf_count=1511 100
internal_value=-0.0028212
internal_weight=6.23465
internal_count=1611
is_linear=0
shrinkage=0.05


Tree=964
num_leaves=3
num_cat=0
split_feature=0 3
split_gain=0.344563 0.0156435
threshold=1.7776565534620203 -1.2971169809373058
decision_type=2 2
left_child=1 -1
right_child=-2 -3
leaf_value=-0.0018334877791760411 0.015075793163929267 -0.018473314911992653
leaf_weight=6.9851486496627322 1.0215012365952141 1.2005016935872834
leaf_count=455 90 1066
internal_value=-0.00228697 -0.00807514
internal_weight=9.20715 8.18565
internal_count=1611 1521
is_linear=0
shrinkage=0.05


Tree=965
num_leaves=2
num_cat=0
split_feature=54
split_gain=0.344178
threshold=1.0000000180025095e-35
decision_type=2
left_child=-1
right_child=-2
leaf_value=-0.0077912513459149641 0.014625675840757888
leaf_weight=10.399810465227345 0.99738643597811538
leaf_count=1525 86
internal_value=-0.00319595
internal_weight=11.3972
internal_count=1611
is_linear=0
shrinkage=0.05


Tree=966
num_leaves=2
num_cat=0
split_feature=3
split_gain=0.320928
threshold=-1.2971169809373058
decision_type=2
left_child=-1
right_child=-2
leaf_value=0.0005656624334612931 -0.02080583413827871
leaf_weight=34.506063370965421 1.3275591898709524
leaf_count=455 1156
internal_value=0
internal_weight=35.8336
internal_count=1611
is_linear=0
shrinkage=0.05


Tree=967
num_leaves=4
num_cat=0
split_feature=62 62 3
split_gain=0.167287 0.672289 0.0519678
threshold=1.0000000180025095e-35 -0.096095794098812845 -1.2971169809373058
decision_type=2 2 2
left_child=1 2 -1
right_child=-2 -3 -4
leaf_value=0.00038533543354316762 -0.0086177660778807251 0.035888861574853999 -0.010053504826507291
leaf_weight=3.6559567544609304 0.76164089213125397 1.0663184057921169 0.77929793996736441
leaf_count=455 764 93 299
internal_value=0.00134269 0.00749027 0
internal_weight=6.26321 5.50157 4.43525
internal_count=1611 847 754
is_linear=0
shrinkage=0.05


Tree=968
num_leaves=3
num_cat=0
split_feature=38 7
split_gain=0.240777 0.15185
threshold=1.0000000180025095e-35 0.31254722416522002
decision_type=2 2
left_child=1 -1
right_child=-2 -3
leaf_value=0 0.015066525552734855 -0.019542336700998076
leaf_weight=3.0409197816625237 1.0204556426033375 1.1664518722100181
leaf_count=1003 95 513
internal_value=0 -0.00738596
internal_weight=5.22783 4.20737
internal_count=1611 1516
is_linear=0
shrinkage=0.05


Tree=969
num_leaves=2
num_cat=0
split_feature=12
split_gain=3.2828
threshold=1.0000000180025095e-35
decision_type=2
left_child=-1
right_child=-2
leaf_value=0.033981611290361993 -0.033063385169242142
leaf_weight=3.2497132979333401 3.0465367374126799
leaf_count=308 1303
internal_value=0
internal_weight=6.29625
internal_count=1611
is_linear=0
shrinkage=0.05


Tree=970
num_leaves=5
num_cat=0
split_feature=62 13 50 7
split_gain=0.368198 0.595155 0.242438 0.208012
threshold=-0.17058364547969646 -0.64174629205212519 2.4864973685560821 1.1590903226081626
decision_type=2 2 2 2
left_child=1 -1 3 -3
right_child=-2 2 -4 -5
leaf_value=0 -0.013654126516540377 0.0445267926459861 0 0
leaf_weight=2.3579505293164407 0.94685734470840532 1.1544344932772217 0.13170951663050789 0.19665793422609557
leaf_count=462 957 91 93 8
internal_value=0.00170531 0.0123879 0.0329598 0.0386144
internal_weight=4.78761 3.84075 1.4828 1.35109
internal_count=1611 654 192 99
is_linear=0
shrinkage=0.05


Tree=971
num_leaves=6
num_cat=0
split_feature=2 2 3 62 7
split_gain=0.19284 0.325423 0.188545 0.0769148 0.0318645
threshold=-0.94246420894849881 -0.022095564047355697 -1.1946941867190002 0.39320557542857287 0.42813271327653973
decision_type=2 2 2 2 2
left_child=2 3 4 -2 -1
right_child=1 -3 -4 -5 -6
leaf_value=0 0.023017342470326451 0 -0.019962843489469483 0 0.010349563535216964
leaf_weight=1.5658744454849514 2.069004636898172 0.48137247684644524 1.0012027913471682 0.093738475639838614 0.24370987713336933
leaf_count=455 440 601 12 102 1
internal_value=0 0.010629 -0.0061908 0.0209507 0
internal_weight=5.4549 2.64412 2.81079 2.16274 1.80958
internal_count=1611 1143 468 542 456
is_linear=0
shrinkage=0.05


Tree=972
num_leaves=4
num_cat=0
split_feature=7 18 3
split_gain=0.176292 0.233791 0.115984
threshold=0.95593300083468324 1.0000000180025095e-35 0.91090791009757255
decision_type=2 2 2
left_child=1 -1 -2
right_child=2 -3 -4
leaf_value=-0.011011847153135912 0.025852419747320887 0.0062669409604087503 0
leaf_weight=4.9544599066139199 0.40805616957368318 0.69308391865342844 0.11726807215018198
leaf_count=1283 113 71 144
internal_value=0 -0.00448743 0.0175815
internal_weight=6.17287 5.64754 0.525324
internal_count=1611 1354 257
is_linear=0
shrinkage=0.05


Tree=973
num_leaves=4
num_cat=0
split_feature=62 62 3
split_gain=0.435436 0.538179 0.0559609
threshold=0.10759087094878059 0.1161839157556325 -1.2971169809373058
decision_type=2 2 2
left_child=2 -2 -1
right_child=1 -3 -4
leaf_value=0 0.032009769893947292 0 -0.017766735400406429
leaf_weight=2.3267440791241829 1.5262983522843572 0.47560511488700274 1.0768489974434485
leaf_count=455 196 473 487
internal_value=0 0.0170903 -0.00957443
internal_weight=5.4055 2.0019 3.40359
internal_count=1611 669 942
is_linear=0
shrinkage=0.05


Tree=974
num_leaves=4
num_cat=0
split_feature=25 13 13
split_gain=0.164804 0.249511 0.103953
threshold=1.0000000180025095e-35 -0.72465946724865715 -0.75766210091990349
decision_type=2 2 2
left_child=1 2 -1
right_child=-2 -3 -4
leaf_value=0 0.017767288897557902 -0.017130704392432677 0.024887095957501933
leaf_weight=3.0220374689088207 1.155928620137274 1.1049562714179049 0.16627382440492455
leaf_count=466 97 1045 3
internal_value=0.00431417 0 0.00643615
internal_weight=5.4492 4.29327 3.18831
internal_count=1611 1514 469
is_linear=0
shrinkage=0.05


Tree=975
num_leaves=4
num_cat=0
split_feature=26 13 7
split_gain=0.230542 0.137943 0.155248
threshold=1.0000000180025095e-35 -0.75766210091990349 0.42813271327653973
decision_type=2 2 2
left_child=1 2 -1
right_child=-2 -3 -4
leaf_value=-0.0032480849251668104 0.016775379050594667 -0.017058859606580927 0.022317798729408318
leaf_weight=3.9878241169499224 1.1066064387559889 1.111975998675917 0.18416610732674588
leaf_count=466 102 1041 2
internal_value=0 -0.00463457 0
internal_weight=6.39057 5.28397 4.17199
internal_count=1611 1509 468
is_linear=0
shrinkage=0.05


Tree=976
num_leaves=4
num_cat=0
split_feature=62 8 12
split_gain=0.187649 0.0984461 0.0982626
threshold=-0.17058364547969646 -0.51463834572177747 0.4607419408617523
decision_type=2 2 2
left_child=1 -1 -3
right_child=-2 2 -4
leaf_value=0 -0.011113551562976696 0 0.009632461379547097
leaf_weight=0.34583642822690208 0.85817824641708362 0.27528601558878918 8.2868062623892893
leaf_count=10 957 314 330
internal_value=0.00146832 0.005864 0.00792828
internal_weight=9.76611 8.90793 8.56209
internal_count=1611 654 644
is_linear=0
shrinkage=0.05


Tree=977
num_leaves=2
num_cat=0
split_feature=46
split_gain=0.439207
threshold=1.0000000180025095e-35
decision_type=2
left_child=-1
right_child=-2
leaf_value=-0.011756019442823812 0.015472284427025472
leaf_weight=5.0799836459336802 1.0420528622344134
leaf_count=1511 100
internal_value=-0.00252782
internal_weight=6.12204
internal_count=1611
is_linear=0
shrinkage=0.05


Tree=978
num_leaves=2
num_cat=0
split_feature=0
split_gain=0.318198
threshold=1.7776565534620203
decision_type=2
left_child=-1
right_child=-2
leaf_value=-0.0078462741255625329 0.01443110476150658
leaf_weight=8.1353828758583386 0.99177149962633926
leaf_count=1521 90
internal_value=-0.00220498
internal_weight=9.12715
internal_count=1611
is_linear=0
shrinkage=0.05


Tree=979
num_leaves=3
num_cat=0
split_feature=55 3
split_gain=0.312465 0.0110227
threshold=1.0000000180025095e-35 -1.2971169809373058
decision_type=2 2
left_child=1 -1
right_child=-2 -3
leaf_value=-0.0025518046009865023 0.013975200036949791 -0.018252367571345744
leaf_weight=9.1214877490419877 0.96840730030089694 1.1879492640146043
leaf_count=455 86 1070
internal_value=-0.00295809 -0.00743436
internal_weight=11.2778 10.3094
internal_count=1611 1525
is_linear=0
shrinkage=0.05


Tree=980
num_leaves=2
num_cat=0
split_feature=3
split_gain=0.282259
threshold=-1.2971169809373058
decision_type=2
left_child=-1
right_child=-2
leaf_value=0 -0.019988571509977075
leaf_weight=34.210840403568 1.2748816322127812
leaf_count=453 1153
internal_value=-0.00031159
internal_weight=35.4857
internal_count=1606
is_linear=0
shrinkage=0.05


Tree=981
num_leaves=4
num_cat=0
split_feature=7 3 3
split_gain=0.0960766 0.0950575 0.0919132
threshold=0.90636310804310527 1.0085404164870455 -1.0868720616634644
decision_type=2 2 2
left_child=-1 2 -2
right_child=1 -3 -4
leaf_value=0 0 0 0.025442747961020834
leaf_weight=5.3797567631700076 0.080884017050266266 0.12459663167828694 0.65059557004133228
leaf_count=1331 1 145 129
internal_value=0.00235007 0.0143023 0.0204506
internal_weight=6.23583 0.856076 0.73148
internal_count=1606 275 130
is_linear=0
shrinkage=0.05


Tree=982
num_leaves=4
num_cat=0
split_feature=62 62 4
split_gain=0.323164 0.541066 0.158001
threshold=1.0000000180025095e-35 0.10759087094878059 -0.46879594223394111
decision_type=2 2 2
left_child=2 -2 -1
right_child=1 -3 -4
leaf_value=0 0.030051403915331794 -0.0037103099939675027 -0.017243035366351227
leaf_weight=0.63617493212223042 1.2248633773997424 0.61383410083362822 2.8047398112248634
leaf_count=5 97 658 846
internal_value=-7.23974e-05 0.00970707 -0.0122104
internal_weight=5.27961 1.8387 3.44091
internal_count=1606 755 851
is_linear=0
shrinkage=0.05


Tree=983
num_leaves=2
num_cat=0
split_feature=11
split_gain=2.81041
threshold=1.0000000180025095e-35
decision_type=2
left_child=-1
right_child=-2
leaf_value=-0.030278234758186969 0.033030171562010199
leaf_weight=2.9978507323539816 3.0007584132254124
leaf_count=1304 302
internal_value=0
internal_weight=5.99861
internal_count=1606
is_linear=0
shrinkage=0.05


Tree=984
num_leaves=5
num_cat=0
split_feature=2 42 7 13
split_gain=0.123857 0.241741 0.117865 0.303512
threshold=-0.94246420894849881 1.0000000180025095e-35 0.94134534421252125 -0.64174629205212519
decision_type=2 2 2 2
left_child=2 -2 3 -1
right_child=1 -3 -4 -5
leaf_value=0 -0.018337608595268267 0.0065290607828698962 0 0.035880468493443354
leaf_weight=2.006259242654779 1.1448061442933974 0.70242924569174636 0.21009605564177025 0.57628077082335938
leaf_count=459 1045 95 3 4
internal_value=0.0020935 0 0.010044 0.0142601
internal_weight=4.63987 1.84724 2.79264 2.58254
internal_count=1606 1140 466 463
is_linear=0
shrinkage=0.05


Tree=985
num_leaves=5
num_cat=0
split_feature=7 7 34 62
split_gain=0.134453 0.698649 0.154967 0.106547
threshold=0.43672728075391015 0.40430020465953304 3.3132680257701108 0.2201752224692409
decision_type=2 2 2 2
left_child=1 3 -2 -1
right_child=2 -3 -4 -5
leaf_value=-0.010032132059001712 -0.018636668081203813 0.035283327573421557 0 0.00031085140512300677
leaf_weight=2.1497799713979484 1.0531419215840285 1.0505454811500383 0.26311099622398604 0.71226735733216617
leaf_count=940 452 19 27 168
internal_value=0 0.00645931 -0.009149 -0.000358742
internal_weight=5.22885 3.91259 1.31625 2.86205
internal_count=1606 1127 479 1108
is_linear=0
shrinkage=0.05


Tree=986
num_leaves=4
num_cat=0
split_feature=7 0 21
split_gain=0.105614 0.115524 0.0345727
threshold=1.1590903226081626 0.73941769782041999 1.0000000180025095e-35
decision_type=2 2 2
left_child=2 -2 -1
right_child=1 -3 -4
leaf_value=-0.0012051406618737799 0.027078335956761942 0 0.007947139538882788
leaf_weight=4.8807962259743363 0.3475653146742842 0.10985696647549048 0.74478471092879761
leaf_count=1331 59 138 78
internal_value=0.00322865 0.01864 0
internal_weight=6.083 0.457422 5.62558
internal_count=1606 197 1409
is_linear=0
shrinkage=0.05


Tree=987
num_leaves=4
num_cat=0
split_feature=62 62 6
split_gain=1.87398 0.505534 0.0191628
threshold=0.10759087094878059 0.1161839157556325 0.70776103307654348
decision_type=2 2 2
left_child=-1 2 -2
right_child=1 -3 -4
leaf_value=-0.035183300395212912 0.032361862378632408 0 0
leaf_weight=3.3902175747789443 1.4290548190474508 0.45529812504537392 0.079459239728748687
leaf_count=948 175 460 23
internal_value=-0.0119728 0.0169581 0.031337
internal_weight=5.35403 1.96381 1.50851
internal_count=1606 658 198
is_linear=0
shrinkage=0.05


Tree=988
num_leaves=2
num_cat=0
split_feature=25
split_gain=0.605776
threshold=1.0000000180025095e-35
decision_type=2
left_child=-1
right_child=-2
leaf_value=-0.015669844716047418 0.016695114368579764
leaf_weight=4.1878879733558279 1.0978508638218043
leaf_count=1512 94
internal_value=-0.0037648
internal_weight=5.28574
internal_count=1606
is_linear=0
shrinkage=0.05


Tree=989
num_leaves=4
num_cat=0
split_feature=3 2 2
split_gain=1.10186 0.521011 0.0887483
threshold=-0.92932628974446818 -0.32117513856371432 -0.94246437086823953
decision_type=2 2 2
left_child=-1 2 -2
right_child=1 -3 -4
leaf_value=-0.026564490088439936 0 -0.0031135350839344659 0.031304586724126435
leaf_weight=4.2424612386384979 0.058200890664011129 0.61262410273775447 1.3088923526229335
leaf_count=471 3 891 241
internal_value=-0.0112516 0.0102212 0.0288201
internal_weight=6.22218 1.97972 1.36709
internal_count=1606 1135 244
is_linear=0
shrinkage=0.05


Tree=990
num_leaves=4
num_cat=0
split_feature=62 8 12
split_gain=0.186302 0.0840737 0.0908161
threshold=-0.17058364547969646 -0.51463834572177747 0.4607419408617523
decision_type=2 2 2
left_child=1 -1 -3
right_child=-2 2 -4
leaf_value=0 -0.011098790462906755 0 0.0092960267909251854
leaf_weight=0.30195268127135833 0.8571618156856865 0.26425195555202563 8.252858749998266
leaf_count=9 958 315 324
internal_value=0.00142237 0.00585222 0.00766191
internal_weight=9.67623 8.81906 8.51711
internal_count=1606 648 639
is_linear=0
shrinkage=0.05


Tree=991
num_leaves=2
num_cat=0
split_feature=46
split_gain=0.410688
threshold=1.0000000180025095e-35
decision_type=2
left_child=-1
right_child=-2
leaf_value=-0.010918412259470461 0.015837429477091877
leaf_weight=4.9531167104141787 1.0606771651655433
leaf_count=1501 105
internal_value=-0.00150792
internal_weight=6.01379
internal_count=1606
is_linear=0
shrinkage=0.05


Tree=992
num_leaves=4
num_cat=0
split_feature=12 8 0
split_gain=0.176183 0.131344 0.052939
threshold=0.47038644498802312 -0.5113627734578462 1.7776565534620203
decision_type=2 2 2
left_child=2 -2 -1
right_child=1 -3 -4
leaf_value=-0.011218296518530331 0 0.010346263789786895 0
leaf_weight=0.86849879717919953 0.50163859280291934 7.3901317825657316 0.16082656290382147
leaf_count=1194 43 354 15
internal_value=0.00350382 0.00784331 -0.00510644
internal_weight=8.9211 7.89177 1.02933
internal_count=1606 397 1209
is_linear=0
shrinkage=0.05


Tree=993
num_leaves=4
num_cat=0
split_feature=12 8 63
split_gain=0.188087 0.174505 0.0232271
threshold=0.46886122672247671 -0.52456312342282096 -0.11128835450485548
decision_type=2 2 2
left_child=2 -2 -1
right_child=1 -3 -4
leaf_value=-0.0070694612072721048 0 0.011415680716798103 0
leaf_weight=0.72437235742108796 0.39943734498228778 9.8548059052554891 0.15114613925106823
leaf_count=1001 19 565 21
internal_value=0.00619313 0.00921471 -0.00150681
internal_weight=11.1298 10.2542 0.875518
internal_count=1606 584 1022
is_linear=0
shrinkage=0.05


Tree=994
num_leaves=2
num_cat=0
split_feature=3
split_gain=0.259856
threshold=-1.2971169809373058
decision_type=2
left_child=-1
right_child=-2
leaf_value=0 -0.019393787861031356
leaf_weight=34.175232915673405 1.2380107750941522
leaf_count=453 1153
internal_value=-0.00033621
internal_weight=35.4132
internal_count=1606
is_linear=0
shrinkage=0.05


Tree=995
num_leaves=4
num_cat=0
split_feature=62 62 3
split_gain=0.205696 0.633738 0.0269854
threshold=1.0000000180025095e-35 -0.096095794098812845 -1.2971169809373058
decision_type=2 2 2
left_child=1 2 -1
right_child=-2 -3 -4
leaf_value=0.00076609391439652857 -0.0089158636139438467 0.035517230702067706 -0.0073679937141683562
leaf_weight=3.6227299453457813 0.76894194370834146 1.1111060557886956 0.69814080290962044
leaf_count=453 755 98 300
internal_value=0.00227414 0.00869062 0
internal_weight=6.20092 5.43198 4.32087
internal_count=1606 851 753
is_linear=0
shrinkage=0.05


Tree=996
num_leaves=4
num_cat=0
split_feature=62 62 4
split_gain=0.288881 0.508053 0.149127
threshold=1.0000000180025095e-35 0.10759087094878059 -0.46879594223394111
decision_type=2 2 2
left_child=2 -2 -1
right_child=1 -3 -4
leaf_value=0 0.029274678106076726 -0.003297861082318491 -0.016709855522611748
leaf_weight=0.63657018542289723 1.1876834789291022 0.60355131939286355 2.7476015806605578
leaf_count=5 97 658 846
internal_value=0 0.00906369 -0.011725
internal_weight=5.17541 1.79123 3.38417
internal_count=1606 755 851
is_linear=0
shrinkage=0.05


Tree=997
num_leaves=2
num_cat=0
split_feature=12
split_gain=2.85885
threshold=1.0000000180025095e-35
decision_type=2
left_child=-1
right_child=-2
leaf_value=0.032926334957280722 -0.032016774091156268
leaf_weight=2.9753366522490978 2.7967078504734673
leaf_count=307 1299
internal_value=0
internal_weight=5.77204
internal_count=1606
is_linear=0
shrinkage=0.05


Tree=998
num_leaves=5
num_cat=0
split_feature=62 13 3 51
split_gain=0.397127 0.452652 0.218696 0.260419
threshold=-0.17058364547969646 -0.64174629205212519 -1.0400259609247759 1.0000000180025095e-35
decision_type=2 2 2 2
left_child=1 -1 -3 -4
right_child=-2 2 3 -5
leaf_value=0 -0.013676253393325727 0 0.042656957070022636 0
leaf_weight=2.2206167384283622 0.94494111178209994 0.11572987586259831 1.1900158566422758 0.12416654382832337
leaf_count=459 958 1 97 91
internal_value=0.00213408 0.0134044 0.0311895 0.0365542
internal_weight=4.59547 3.65053 1.42991 1.31418
internal_count=1606 648 189 188
is_linear=0
shrinkage=0.05


Tree=999
num_leaves=5
num_cat=0
split_feature=7 7 34 2
split_gain=0.123508 0.6375 0.146808 0.0351488
threshold=0.43672728075391015 0.40430020465953304 3.3132680257701108 -0.32117513856371432
decision_type=2 2 2 2
left_child=1 3 -2 -1
right_child=2 -3 -4 -5
leaf_value=-0.0060631279824310443 -0.018087781299597757 0.03367005620342628 0 0
leaf_weight=1.8903221437940376 1.0298739660647696 1.0604272223426958 0.26062683947384346 0.92933302721940014
leaf_count=639 452 19 27 469
internal_value=0 0.00632564 -0.00863501 0
internal_weight=5.17058 3.88008 1.2905 2.81966
internal_count=1606 1127 479 1108
is_linear=0
shrinkage=0.05


Tree=1000
num_leaves=4
num_cat=0
split_feature=7 0 18
split_gain=0.098914 0.111028 0.0300136
threshold=1.1590903226081626 0.73941769782041999 1.0000000180025095e-35
decision_type=2 2 2
left_child=2 -2 -1
right_child=1 -3 -4
leaf_value=-0.001015982370743891 0.026481795777204616 0 0.0075133905243017808
leaf_weight=4.8586936574429274 0.34604536707047362 0.10855111718410626 0.7312038792297243
leaf_count=1331 59 138 78
internal_value=0.00323438 0.018187 0
internal_weight=6.04449 0.454596 5.5899
internal_count=1606 197 1409
is_linear=0
shrinkage=0.05


Tree=1001
num_leaves=3
num_cat=0
split_feature=62 62
split_gain=1.76533 0.479607
threshold=0.10759087094878059 0.1161839157556325
decision_type=2 2
left_child=-1 -2
right_child=1 -3
leaf_value=-0.034726939104501385 0.030467991998264235 0
leaf_weight=3.2649021616962273 1.4835590075235812 0.44974702713079739
leaf_count=948 198 460
internal_value=-0.0116193 0.0162471
internal_weight=5.19821 1.93331
internal_count=1606 658
is_linear=0
shrinkage=0.05


Tree=1002
num_leaves=2
num_cat=0
split_feature=22
split_gain=0.560048
threshold=-0.24952543393744944
decision_type=2
left_child=-1
right_child=-2
leaf_value=-0.015089915107885278 0.016196935287765717
leaf_weight=4.1053320544015151 1.0795038507785646
leaf_count=1511 95
internal_value=-0.00332656
internal_weight=5.18484
internal_count=1606
is_linear=0
shrinkage=0.05


Tree=1003
num_leaves=4
num_cat=0
split_feature=3 2 2
split_gain=1.03073 0.494947 0.0858495
threshold=-0.92932628974446818 -0.32117513856371432 -0.94246437086823953
decision_type=2 2 2
left_child=-1 2 -2
right_child=1 -3 -4
leaf_value=-0.026018372405736186 0 -0.0027642822686646858 0.030712468341557442
leaf_weight=4.1289863160345703 0.057716720504686125 0.60373955161776383 1.2732760920771395
leaf_count=471 3 891 241
internal_value=-0.0109421 0.00970025 0.0282189
internal_weight=6.06372 1.93473 1.33099
internal_count=1606 1135 244
is_linear=0
shrinkage=0.05


Tree=1004
num_leaves=4
num_cat=0
split_feature=62 8 11
split_gain=0.162659 0.0774005 0.0775822
threshold=-0.17058364547969646 -0.51463834572177747 1.0000000180025095e-35
decision_type=2 2 2
left_child=1 -1 -3
right_child=-2 2 -4
leaf_value=0 -0.010532103412889045 0.0086455120357696869 0
leaf_weight=0.30092840921133657 0.83598868054105047 8.3081444030394742 0.24352913466282267
leaf_count=9 958 337 302
internal_value=0.00110564 0.005382 0.00716284
internal_weight=9.68859 8.8526 8.55167
internal_count=1606 648 639
is_linear=0
shrinkage=0.05


Tree=1005
num_leaves=2
num_cat=0
split_feature=46
split_gain=0.373138
threshold=1.0000000180025095e-35
decision_type=2
left_child=-1
right_child=-2
leaf_value=-0.010443210557125032 0.015234318824427093
leaf_weight=4.8838205930078402 1.0313354618847368
leaf_count=1501 105
internal_value=-0.00123076
internal_weight=5.91516
internal_count=1606
is_linear=0
shrinkage=0.05


Tree=1006
num_leaves=4
num_cat=0
split_feature=12 8 0
split_gain=0.153842 0.118659 0.0475664
threshold=0.47038644498802312 -0.51096078412023138 1.7776565534620203
decision_type=2 2 2
left_child=2 -2 -1
right_child=1 -3 -4
leaf_value=-0.010511011087416651 0 0.009707960209710001 0
leaf_weight=0.84159906601416856 0.51011232956079755 7.4350979042937979 0.15927935298532248
leaf_count=1194 45 352 15
internal_value=0.00318613 0.00730929 -0.00441878
internal_weight=8.94609 7.94521 1.00088
internal_count=1606 397 1209
is_linear=0
shrinkage=0.05


Tree=1007
num_leaves=4
num_cat=0
split_feature=12 8 0
split_gain=0.167269 0.161861 0.0189791
threshold=0.46886122672247671 -0.52456312342282096 1.1278078136095306
decision_type=2 2 2
left_child=2 -2 -1
right_child=1 -3 -4
leaf_value=-0.0063512754986467775 0 0.010744441221798995 0
leaf_weight=0.70246523851528664 0.39770310686435451 9.9371046985615976 0.15103779424680397
leaf_count=999 19 565 23
internal_value=0.00572524 0.00859407 -0.000884159
internal_weight=11.1883 10.3348 0.853503
internal_count=1606 584 1022
is_linear=0
shrinkage=0.05


Tree=1008
num_leaves=2
num_cat=0
split_feature=3
split_gain=0.237526
threshold=-1.2971169809373058
decision_type=2
left_child=-1
right_child=-2
leaf_value=0 -0.018758544858703027
leaf_weight=34.141195977339521 1.2001473573036481
leaf_count=453 1153
internal_value=-0.000351849
internal_weight=35.3413
internal_count=1606
is_linear=0
shrinkage=0.05


Tree=1009
num_leaves=4
num_cat=0
split_feature=62 62 3
split_gain=0.191018 0.594031 0.0241454
threshold=1.0000000180025095e-35 -0.096095794098812845 -1.2971169809373058
decision_type=2 2 2
left_child=1 2 -1
right_child=-2 -3 -4
leaf_value=0.00078080942389403222 -0.0083951114919701402 0.034789916335657173 -0.0069807518897634637
leaf_weight=3.6212453447515141 0.7520224610925651 1.0736380545422433 0.68715065054129842
leaf_count=453 755 98 300
internal_value=0.00213543 0.00844562 0
internal_weight=6.13406 5.38203 4.3084
internal_count=1606 851 753
is_linear=0
shrinkage=0.05


Tree=1010
num_leaves=4
num_cat=0
split_feature=62 62 4
split_gain=0.255792 0.476784 0.140309
threshold=1.0000000180025095e-35 0.10759087094878059 -0.46879594223394111
decision_type=2 2 2
left_child=2 -2 -1
right_child=1 -3 -4
leaf_value=0 0.028488349070759297 -0.0029221256890965214 -0.016146824010651671
leaf_weight=0.63664081692695607 1.1527689630165694 0.59429336458561 2.6892537359090061
leaf_count=5 97 658 846
internal_value=0 0.00840519 -0.0112095
internal_weight=5.07296 1.74706 3.32589
internal_count=1606 755 851
is_linear=0
shrinkage=0.05


Tree=1011
num_leaves=2
num_cat=0
split_feature=12
split_gain=2.67489
threshold=1.0000000180025095e-35
decision_type=2
left_child=-1
right_child=-2
leaf_value=0.032412460123364753 -0.03150323393268948
leaf_weight=2.8552523963153362 2.6863433457911015
leaf_count=307 1299
internal_value=0
internal_weight=5.5416
internal_count=1606
is_linear=0
shrinkage=0.05


Tree=1012
num_leaves=5
num_cat=0
split_feature=62 13 3 50
split_gain=0.363817 0.414932 0.211195 0.249352
threshold=-0.17058364547969646 -0.64174629205212519 -1.0400259609247759 2.4864973685560821
decision_type=2 2 2 2
left_child=1 -1 -3 -4
right_child=-2 2 3 -5
leaf_value=0 -0.013072782798509928 0 0.04158803838022445 0
leaf_weight=2.2119017011718829 0.91960845433641214 0.116231009364128 1.1614762591198085 0.1231379898963495
leaf_count=459 958 1 97 91
internal_value=0.00189111 0.012905 0.0301007 0.0355094
internal_weight=4.53236 3.61275 1.40085 1.28461
internal_count=1606 648 189 188
is_linear=0
shrinkage=0.05


Tree=1013
num_leaves=5
num_cat=0
split_feature=7 7 34 62
split_gain=0.111856 0.585689 0.138495 0.0881752
threshold=0.43672728075391015 0.41740108349421173 3.3132680257701108 0.2201752224692409
decision_type=2 2 2 2
left_child=1 3 -2 -1
right_child=2 -3 -4 -5
leaf_value=-0.0092182709992798765 -0.017517239820007587 0.03235075566929687 0 0.00023555901413563275
leaf_weight=2.0933179014828065 1.0060887276194987 1.0555102076032197 0.25792461074888695 0.70520887168822799
leaf_count=943 452 13 27 171
internal_value=0 0.00613222 -0.00810609 0
internal_weight=5.11805 3.85404 1.26401 2.79853
internal_count=1606 1127 479 1114
is_linear=0
shrinkage=0.05


Tree=1014
num_leaves=4
num_cat=0
split_feature=7 0 18
split_gain=0.092156 0.106726 0.0258955
threshold=1.1590903226081626 0.73941769782041999 1.0000000180025095e-35
decision_type=2 2 2
left_child=2 -2 -1
right_child=1 -3 -4
leaf_value=-0.00080502825633775327 0.025906315712181962 0 0.0070923413796936761
leaf_weight=4.8342296713381074 0.34411321452353139 0.10723472863901407 0.71829601190984238
leaf_count=1331 59 138 78
internal_value=0.0032645 0.017749 0
internal_weight=6.00387 0.451348 5.55253
internal_count=1606 197 1409
is_linear=0
shrinkage=0.05


Tree=1015
num_leaves=3
num_cat=0
split_feature=62 62
split_gain=1.65795 0.453337
threshold=0.10759087094878059 0.1161839157556325
decision_type=2 2
left_child=-1 -2
right_child=1 -3
leaf_value=-0.034250639378588459 0.02953371909743709 0
leaf_weight=3.1415185386431403 1.4605900871101765 0.44453743239864696
leaf_count=948 198 460
internal_value=-0.0112643 0.0154857
internal_weight=5.04665 1.90513
internal_count=1606 658
is_linear=0
shrinkage=0.05


Tree=1016
num_leaves=2
num_cat=0
split_feature=25
split_gain=0.521816
threshold=1.0000000180025095e-35
decision_type=2
left_child=-1
right_child=-2
leaf_value=-0.01452841895158969 0.015911708306286663
leaf_weight=4.0281350662407931 1.0583198601379988
leaf_count=1512 94
internal_value=-0.00286248
internal_weight=5.08645
internal_count=1606
is_linear=0
shrinkage=0.05


Tree=1017
num_leaves=4
num_cat=0
split_feature=3 2 2
split_gain=0.966113 0.469044 0.0827481
threshold=-0.92932628974446818 -0.32117513856371432 -0.94246437086823953
decision_type=2 2 2
left_child=-1 2 -2
right_child=1 -3 -4
leaf_value=-0.025470646439682179 0 -0.0023044417214725227 0.030129031634759326
leaf_weight=4.0202015107497573 0.057027959963306674 0.59225409087957803 1.2388318448211064
leaf_count=471 3 891 241
internal_value=-0.0106142 0.00925963 0.0276358
internal_weight=5.90832 1.88811 1.29586
internal_count=1606 1135 244
is_linear=0
shrinkage=0.05


Tree=1018
num_leaves=3
num_cat=0
split_feature=62 50
split_gain=0.141787 0.0790468
threshold=-0.17058364547969646 2.4864973685560821
decision_type=2 2
left_child=1 -1
right_child=-2 -3
leaf_value=0 -0.0099431474827537478 0.016464139632727425
leaf_weight=7.7983894850476627 0.81464696192415509 1.0836540833115575
leaf_count=557 958 91
internal_value=0.000838366 0.0049691
internal_weight=9.69669 8.88204
internal_count=1606 648
is_linear=0
shrinkage=0.05


Tree=1019
num_leaves=2
num_cat=0
split_feature=46
split_gain=0.337417
threshold=1.0000000180025095e-35
decision_type=2
left_child=-1
right_child=-2
leaf_value=-0.0099547510914807635 0.014642965990747853
leaf_weight=4.8142589194176253 1.0035965386778114
leaf_count=1501 105
internal_value=-0.000931489
internal_weight=5.81786
internal_count=1606
is_linear=0
shrinkage=0.05


Tree=1020
num_leaves=4
num_cat=0
split_feature=12 8 0
split_gain=0.133751 0.107938 0.0418813
threshold=0.47038644498802312 -0.50983238924139951 1.7776565534620203
decision_type=2 2 2
left_child=2 -2 -1
right_child=1 -3 -4
leaf_value=-0.0097345301460043613 0 0.0091276633601073322 0
leaf_weight=0.81325776668381866 0.52011618309188623 7.4746228943113238 0.15770680457353592
leaf_count=1194 50 347 15
internal_value=0.0029057 0.00681521 -0.00366353
internal_weight=8.9657 7.99474 0.970965
internal_count=1606 397 1209
is_linear=0
shrinkage=0.05


Tree=1021
num_leaves=4
num_cat=0
split_feature=12 8 63
split_gain=0.148763 0.150218 0.0151568
threshold=0.46886122672247671 -0.52456312342282096 -0.11128835450485548
decision_type=2 2 2
left_child=2 -2 -1
right_child=1 -3 -4
leaf_value=-0.0056651590670813096 0 0.010122864889637513 0
leaf_weight=0.68225733187864435 0.39568527333903958 10.014131228905171 0.14799335284624249
leaf_count=1001 19 565 21
internal_value=0.00530185 0.0080208 -0.000196551
internal_weight=11.2401 10.4098 0.830251
internal_count=1606 584 1022
is_linear=0
shrinkage=0.05


Tree=1022
num_leaves=2
num_cat=0
split_feature=3
split_gain=0.216097
threshold=-1.2971169809373058
decision_type=2
left_child=-1
right_child=-2
leaf_value=0 -0.018125986168441268
leaf_weight=34.091798432404175 1.164020599622744
leaf_count=453 1153
internal_value=-0.00042548
internal_weight=35.2558
internal_count=1606
is_linear=0
shrinkage=0.05


Tree=1023
num_leaves=4
num_cat=0
split_feature=62 62 3
split_gain=0.177376 0.556855 0.0213658
threshold=1.0000000180025095e-35 -0.096095794098812845 -1.2971169809373058
decision_type=2 2 2
left_child=1 2 -1
right_child=-2 -3 -4
leaf_value=0.00077597145695681969 -0.0078945150165471711 0.034056010875578066 -0.0065810894012951386
leaf_weight=3.6214045321103181 0.73618401773273934 1.0387487891130147 0.67598539116443168
leaf_count=453 755 98 300
internal_value=0.00199372 0.00820105 0
internal_weight=6.07232 5.33614 4.29739
internal_count=1606 851 753
is_linear=0
shrinkage=0.05


Tree=1024
num_leaves=4
num_cat=0
split_feature=62 62 4
split_gain=0.226089 0.447311 0.131992
threshold=1.0000000180025095e-35 0.10759087094878059 -0.46879594223394111
decision_type=2 2 2
left_child=2 -2 -1
right_child=1 -3 -4
leaf_value=0 0.027709110946756262 -0.0025648517778494957 -0.015598307983542337
leaf_weight=0.63654751330614079 1.1198686845600603 0.58563852781662706 2.6343524258409166
leaf_count=5 97 658 846
internal_value=0 0.0077536 -0.0107112
internal_weight=4.97641 1.70551 3.2709
internal_count=1606 755 851
is_linear=0
shrinkage=0.05


Tree=1025
num_leaves=2
num_cat=0
split_feature=11
split_gain=2.29558
threshold=1.0000000180025095e-35
decision_type=2
left_child=-1
right_child=-2
leaf_value=-0.028747350931896593 0.031450821182475878
leaf_weight=2.6729441229836084 2.6509647946804762
leaf_count=1304 302
internal_value=0
internal_weight=5.32391
internal_count=1606
is_linear=0
shrinkage=0.05


Tree=1026
num_leaves=4
num_cat=0
split_feature=62 3 7
split_gain=0.333255 0.230602 0.176812
threshold=-0.17058364547969646 -1.0400259609247759 0.43672728075391015
decision_type=2 2 2
left_child=1 -1 -3
right_child=-2 2 -4
leaf_value=0 -0.012487261285905615 0 0.035284232808745208
leaf_weight=2.0978436380391945 0.89587784692412231 0.65495974244549848 0.82335699570830911
leaf_count=458 958 109 81
internal_value=0.00165022 0.0124224 0.0246854
internal_weight=4.47204 3.57616 1.47832
internal_count=1606 648 190
is_linear=0
shrinkage=0.05


Tree=1027
num_leaves=5
num_cat=0
split_feature=7 7 34 62
split_gain=0.103024 0.536898 0.13048 0.075998
threshold=0.43672728075391015 0.39050238278715843 3.3132680257701108 0.2201752224692409
decision_type=2 2 2 2
left_child=1 3 -2 -1
right_child=2 -3 -4 -5
leaf_value=-0.0086259111679864321 -0.016948250265954975 0.030712740577611142 0 0
leaf_weight=2.0534798660955866 0.98303805725299731 1.0902215768583117 0.25539242941886187 0.67721902608172957
leaf_count=933 452 27 27 167
internal_value=0 0.00604256 -0.00757657 0
internal_weight=5.05935 3.82092 1.23843 2.7307
internal_count=1606 1127 479 1100
is_linear=0
shrinkage=0.05


Tree=1028
num_leaves=4
num_cat=0
split_feature=7 0 18
split_gain=0.0860202 0.102688 0.022337
threshold=1.1590903226081626 0.73941769782041999 1.0000000180025095e-35
decision_type=2 2 2
left_child=2 -2 -1
right_child=1 -3 -4
leaf_value=-0.00061665513297364883 0.025350088680228328 0 0.0066806779691531348
leaf_weight=4.8125058247824199 0.34237525321077544 0.10600134666310623 0.70593045651912678
leaf_count=1331 59 138 78
internal_value=0.00327978 0.0173236 0
internal_weight=5.96681 0.448377 5.51844
internal_count=1606 197 1409
is_linear=0
shrinkage=0.05


Tree=1029
num_leaves=3
num_cat=0
split_feature=62 62
split_gain=1.55717 0.428503
threshold=0.10759087094878059 0.1161839157556325
decision_type=2 2
left_child=-1 -2
right_child=1 -3
leaf_value=-0.033770853536388243 0.028618027672487036 0
leaf_weight=3.0246767593198456 1.4389792708680031 0.4396363460109568
leaf_count=948 198 460
internal_value=-0.0109141 0.0147394
internal_weight=4.90329 1.87862
internal_count=1606 658
is_linear=0
shrinkage=0.05


Tree=1030
num_leaves=2
num_cat=0
split_feature=25
split_gain=0.483476
threshold=1.0000000180025095e-35
decision_type=2
left_child=-1
right_child=-2
leaf_value=-0.013966884597474243 0.015540424329500252
leaf_weight=3.9533454998163506 1.0402541356161235
leaf_count=1512 94
internal_value=-0.00241429
internal_weight=4.9936
internal_count=1606
is_linear=0
shrinkage=0.05


Tree=1031
num_leaves=4
num_cat=0
split_feature=3 2 7
split_gain=0.906721 0.44486 0.0682258
threshold=-0.92932628974446818 -0.32117513856371432 0.87110211167174512
decision_type=2 2 2
left_child=-1 2 -2
right_child=1 -3 -4
leaf_value=-0.024931161431490059 0.02943760982069837 -0.0018469998384287513 0
leaf_weight=3.9177930580626708 1.1875090348767114 0.58106322807725508 0.075946590281091519
leaf_count=471 234 891 10
internal_value=-0.0102852 0.00884264 0.0270653
internal_weight=5.76231 1.84452 1.26346
internal_count=1606 1135 244
is_linear=0
shrinkage=0.05


Tree=1032
num_leaves=3
num_cat=0
split_feature=62 50
split_gain=0.131161 0.0683734
threshold=-0.17058364547969646 2.4864973685560821
decision_type=2 2
left_child=1 -1
right_child=-2 -3
leaf_value=0 -0.0093766085893279075 0.015875621078000994
leaf_weight=7.7932672578608599 0.79475085236481469 1.0544852549210189
leaf_count=557 958 91
internal_value=0.000817949 0.00486068
internal_weight=9.6425 8.84775
internal_count=1606 648
is_linear=0
shrinkage=0.05


Tree=1033
num_leaves=2
num_cat=0
split_feature=46
split_gain=0.304934
threshold=1.0000000180025095e-35
decision_type=2
left_child=-1
right_child=-2
leaf_value=-0.0094894471029479625 0.014064208444946373
leaf_weight=4.7495818745810539 0.97738597728312004
leaf_count=1501 105
internal_value=-0.000648368
internal_weight=5.72697
internal_count=1606
is_linear=0
shrinkage=0.05


Tree=1034
num_leaves=4
num_cat=0
split_feature=12 8 63
split_gain=0.115941 0.125564 0.0364753
threshold=0.47038644498802312 -0.52456312342282096 -1.0000000180025095e-35
decision_type=2 2 2
left_child=2 -2 -1
right_child=1 -3 -4
leaf_value=-0.0089694287716760145 0 0.0089797197155630313 0
leaf_weight=0.78647806795197439 0.39751668600365508 7.6469148214673606 0.15622395463288008
leaf_count=1194 19 378 15
internal_value=0.0026271 0.00633604 -0.00292103
internal_weight=8.98713 8.04443 0.942702
internal_count=1606 397 1209
is_linear=0
shrinkage=0.05


Tree=1035
num_leaves=3
num_cat=0
split_feature=8 10
split_gain=0.0924588 0.0989337
threshold=-0.52456312342282096 0.54796769017493319
decision_type=2 2
left_child=-1 -2
right_child=1 -3
leaf_value=0 0.008385038489807593 0
leaf_weight=0.39359828329179336 10.310058382281566 0.58897292637266296
leaf_count=19 871 716
internal_value=0.00488632 0.00670658
internal_weight=11.2926 10.899
internal_count=1606 1587
is_linear=0
shrinkage=0.05


Tree=1036
num_leaves=2
num_cat=0
split_feature=3
split_gain=0.196761
threshold=-1.2971169809373058
decision_type=2
left_child=-1
right_child=-2
leaf_value=0 -0.01752486950103329
leaf_weight=34.044217301299796 1.1311077382124484
leaf_count=453 1153
internal_value=-0.000503531
internal_weight=35.1753
internal_count=1606
is_linear=0
shrinkage=0.05


Tree=1037
num_leaves=4
num_cat=0
split_feature=62 62 3
split_gain=0.164474 0.52278 0.0191671
threshold=1.0000000180025095e-35 -0.096095794098812845 -1.2971169809373058
decision_type=2 2 2
left_child=1 2 -1
right_child=-2 -3 -4
leaf_value=0.00076400846085449372 -0.0074120503229823014 0.033323198944158104 -0.0062453553985146876
leaf_weight=3.6221863895189013 0.72130174248013634 1.0068064061924813 0.66682881093584034
leaf_count=453 755 98 300
internal_value=0.00184458 0.00794947 0
internal_weight=6.01712 5.29582 4.28902
internal_count=1606 851 753
is_linear=0
shrinkage=0.05


Tree=1038
num_leaves=4
num_cat=0
split_feature=62 62 4
split_gain=0.200191 0.419921 0.124367
threshold=1.0000000180025095e-35 0.10759087094878059 -0.46879594223394111
decision_type=2 2 2
left_child=2 -2 -1
right_child=1 -3 -4
leaf_value=0 0.026949559567406307 -0.0022234323758893839 -0.015079511394470361
leaf_weight=0.63642679154872883 1.0896903742104767 0.57750295687583264 2.5841599479899746
leaf_count=5 97 658 846
internal_value=0 0.00712705 -0.0102434
internal_weight=4.88778 1.66719 3.22059
internal_count=1606 755 851
is_linear=0
shrinkage=0.05


Tree=1039
num_leaves=2
num_cat=0
split_feature=12
split_gain=2.35518
threshold=1.0000000180025095e-35
decision_type=2
left_child=-1
right_child=-2
leaf_value=0.031419722789037575 -0.030505374739465033
leaf_weight=2.6443571746349335 2.4915327820344828
leaf_count=307 1299
internal_value=0
internal_weight=5.13589
internal_count=1606
is_linear=0
shrinkage=0.05


Tree=1040
num_leaves=5
num_cat=0
split_feature=62 13 50 3
split_gain=0.310676 0.354959 0.184575 0.243327
threshold=-0.17058364547969646 -0.64174629205212519 2.4864973685560821 -1.0400259609247759
decision_type=2 2 2 2
left_child=1 -1 3 -3
right_child=-2 2 -4 -5
leaf_value=0 -0.011918385927315991 0 0 0.039629979213191981
leaf_weight=2.1969961848808457 0.87358442417462345 0.11709817498922337 0.12121866783127178 1.1241648239083586
leaf_count=459 958 1 91 97
internal_value=0.00156499 0.012093 0.0281994 0.0334001
internal_weight=4.43306 3.55948 1.36248 1.24126
internal_count=1606 648 189 98
is_linear=0
shrinkage=0.05


Tree=1041
num_leaves=5
num_cat=0
split_feature=7 7 34 62
split_gain=0.0944341 0.492963 0.123018 0.0691049
threshold=0.43672728075391015 0.40430020465953304 3.3132680257701108 0.2201752224692409
decision_type=2 2 2 2
left_child=1 3 -2 -1
right_child=2 -3 -4 -5
leaf_value=-0.0082635673502403292 -0.016399764130993959 0.029562599306664245 0 0
leaf_weight=2.0299603167804898 0.96143338095862396 1.0824553181882945 0.25317163113504648 0.67915053048636753
leaf_count=940 452 19 27 168
internal_value=0 0.00592335 -0.00706201 0
internal_weight=5.00617 3.79157 1.21461 2.70911
internal_count=1606 1127 479 1108
is_linear=0
shrinkage=0.05


Tree=1042
num_leaves=4
num_cat=0
split_feature=7 0 18
split_gain=0.0804889 0.0988015 0.0194242
threshold=1.1590903226081626 0.73941769782041999 1.0000000180025095e-35
decision_type=2 2 2
left_child=2 -2 -1
right_child=1 -3 -4
leaf_value=-0.00045830706745079151 0.024802895761191684 0 0.0063018721826650984
leaf_weight=4.7943674746493343 0.34100356377894048 0.10478311404585838 0.69476784300059069
leaf_count=1331 59 138 78
internal_value=0.00327802 0.0169076 0
internal_weight=5.93492 0.445787 5.48914
internal_count=1606 197 1409
is_linear=0
shrinkage=0.05


Tree=1043
num_leaves=3
num_cat=0
split_feature=62 62
split_gain=1.46406 0.405272
threshold=0.10759087094878059 0.1161839157556325
decision_type=2 2
left_child=-1 -2
right_child=1 -3
leaf_value=-0.033294432305058075 0.027732416428175762 0
leaf_weight=2.9155472521379124 1.4192201481200752 0.43498714105226088
leaf_count=948 198 460
internal_value=-0.0105713 0.0140219
internal_weight=4.76975 1.85421
internal_count=1606 658
is_linear=0
shrinkage=0.05


Tree=1044
num_leaves=2
num_cat=0
split_feature=25
split_gain=0.448628
threshold=1.0000000180025095e-35
decision_type=2
left_child=-1
right_child=-2
leaf_value=-0.013431341759667753 0.015196568864566688
leaf_weight=3.8843223073054105 1.023885424248874
leaf_count=1512 94
internal_value=-0.00198393
internal_weight=4.90821
internal_count=1606
is_linear=0
shrinkage=0.05


Tree=1045
num_leaves=4
num_cat=0
split_feature=3 2 7
split_gain=0.851213 0.423212 0.065707
threshold=-0.92932628974446818 -0.32117513856371432 0.87110211167174512
decision_type=2 2 2
left_child=-1 2 -2
right_child=1 -3 -4
leaf_value=-0.024396014707590861 0.028876678169272779 -0.0014599811299643192 0
leaf_weight=3.8205980575003196 1.1592429367592556 0.57177304275683116 0.075159840867854544
leaf_count=471 234 891 10
internal_value=-0.00995359 0.00842172 0.0265145
internal_weight=5.62677 1.80618 1.2344
internal_count=1606 1135 244
is_linear=0
shrinkage=0.05


Tree=1046
num_leaves=4
num_cat=0
split_feature=62 8 12
split_gain=0.121595 0.0679682 0.0672946
threshold=-0.17058364547969646 -0.51463834572177747 0.4607419408617523
decision_type=2 2 2
left_child=1 -1 -3
right_child=-2 2 -4
leaf_value=0 -0.0088326732554336873 0 0.0079030519631573433
leaf_weight=0.29664554772898455 0.77620391795062538 0.23355295811779697 8.2900804000091721
leaf_count=9 958 315 324
internal_value=0.000798167 0.0047564 0.00649597
internal_weight=9.59648 8.82028 8.52363
internal_count=1606 648 639
is_linear=0
shrinkage=0.05


Tree=1047
num_leaves=2
num_cat=0
split_feature=46
split_gain=0.275936
threshold=1.0000000180025095e-35
decision_type=2
left_child=-1
right_child=-2
leaf_value=-0.0090534794064822694 0.013511787478679897
leaf_weight=4.6904313848062884 0.95319088920950878
leaf_count=1501 105
internal_value=-0.000383529
internal_weight=5.64362
internal_count=1606
is_linear=0
shrinkage=0.05


Tree=1048
num_leaves=4
num_cat=0
split_feature=12 8 63
split_gain=0.10034 0.116174 0.0317593
threshold=0.47038644498802312 -0.52456312342282096 -1.0000000180025095e-35
decision_type=2 2 2
left_child=2 -2 -1
right_child=1 -3 -4
leaf_value=-0.0082807624812790536 0 0.0084527496529200313 0
leaf_weight=0.76328930040472087 0.39548005571123201 7.6983739646675513 0.15484790224582134
leaf_count=1194 19 378 15
internal_value=0.00233153 0.00586219 -0.00225744
internal_weight=9.01199 8.09385 0.918137
internal_count=1606 397 1209
is_linear=0
shrinkage=0.05


Tree=1049
num_leaves=3
num_cat=0
split_feature=12 8
split_gain=0.119989 0.129884
threshold=0.46886122672247671 -0.52456312342282096
decision_type=2 2
left_child=-1 -2
right_child=1 -3
leaf_value=0 0 0.0090166089663506147
leaf_weight=0.79429410878219542 0.39158144709654052 10.155450181860942
leaf_count=1022 19 565
internal_value=0.00451695 0.00700171
internal_weight=11.3413 10.547
internal_count=1606 584
is_linear=0
shrinkage=0.05


Tree=1050
num_leaves=1
num_cat=0
split_feature=
split_gain=
threshold=
decision_type=
left_child=
right_child=
leaf_value=0
leaf_weight=
leaf_count=1892
internal_value=
internal_weight=
internal_count=
is_linear=0
shrinkage=1


Tree=1051
num_leaves=6
num_cat=0
split_feature=7 14 62 62 13
split_gain=0.135144 0.152081 0.0979381 0.122067 0.0172586
threshold=0.90636310804310527 1.0000000180025095e-35 -0.096095794098812845 1.0000000180025095e-35 -1.3186276315601533
decision_type=2 2 2 2 2
left_child=1 4 -2 -4 -1
right_child=2 -3 3 -5 -6
leaf_value=0 0 0 0.026189487554736303 0 -0.019026271396879707
leaf_weight=3.644930810667574 0.15070960385492072 0.46943475352600206 0.51733195222914208 0.11886548798065633 1.1946030534163585
leaf_count=452 92 63 35 154 813
internal_value=0 -0.00572052 0.0107155 0.0185889 -0.0103347
internal_weight=6.09588 5.30897 0.786907 0.636197 4.83953
internal_count=1609 1328 281 189 1265
is_linear=0
shrinkage=0.05


Tree=1052
num_leaves=4
num_cat=0
split_feature=13 38 13
split_gain=0.0675893 0.37777 0.285212
threshold=-0.78681577724436436 1.0000000180025095e-35 -1.0342884930852898
decision_type=2 2 2
left_child=2 -2 -1
right_child=1 -3 -4
leaf_value=0 -0.021522112758647738 0.0088485815564193614 0.029013942945794541
leaf_weight=2.2641636116895829 1.3316985373676291 0.77433760743588198 0.54323529405519355
leaf_count=457 1056 90 6
internal_value=0 -0.00120718 0.00706691
internal_weight=4.91344 2.10604 2.8074
internal_count=1609 1146 463
is_linear=0
shrinkage=0.05


Tree=1053
num_leaves=2
num_cat=0
split_feature=12
split_gain=2.23503
threshold=1.0000000180025095e-35
decision_type=2
left_child=-1
right_child=-2
leaf_value=0.030924978790298686 -0.030183840032540477
leaf_weight=2.5478366632014513 2.4336596129578538
leaf_count=305 1304
internal_value=0
internal_weight=4.9815
internal_count=1609
is_linear=0
shrinkage=0.05


Tree=1054
num_leaves=5
num_cat=0
split_feature=62 13 3 13
split_gain=0.243414 0.371335 0.186502 0.0828976
threshold=-0.17058364547969646 -0.64174629205212519 -1.0400259609247759 0.52178716862073216
decision_type=2 2 2 2
left_child=1 -1 -3 -4
right_child=-2 2 3 -5
leaf_value=0 -0.012702460638471247 0 0.034559941510328367 0
leaf_weight=2.3097412841161717 0.90272728851414274 0.11747079342603672 1.1611308556748552 0.066478359862230607
leaf_count=459 954 1 146 49
internal_value=0 0.00959114 0.0266512 0.0320698
internal_weight=4.55755 3.65482 1.34508 1.22761
internal_count=1609 655 196 195
is_linear=0
shrinkage=0.05


Tree=1055
num_leaves=4
num_cat=0
split_feature=2 2 62
split_gain=0.137533 0.221411 0.0467215
threshold=-0.94246420894849881 -0.022095564047355697 0.39320557542857287
decision_type=2 2 2
left_child=-1 2 -2
right_child=1 -3 -4
leaf_value=-0.0069570719708734923 0.018848069849070257 0 0
leaf_weight=2.8241676645120606 1.9018894637410997 0.42351533111650486 0.075430042285006382
leaf_count=467 436 610 96
internal_value=0 0.00794133 0.0172419
internal_weight=5.225 2.40083 1.97732
internal_count=1609 1142 532
is_linear=0
shrinkage=0.05


Tree=1056
num_leaves=4
num_cat=0
split_feature=21 62 7
split_gain=0.131351 0.142084 0.110648
threshold=1.0000000180025095e-35 -0.574528586573261 1.1590903226081626
decision_type=2 2 2
left_child=1 2 -1
right_child=-2 -3 -4
leaf_value=0 0.017410962525929687 -0.013172776008529409 0.024072894723950394
leaf_weight=4.0701607009395957 1.0305910361930726 0.93579808447975654 0.16036914288997639
leaf_count=459 97 1052 1
internal_value=0.00449991 0 0.00473518
internal_weight=6.19692 5.16633 4.23053
internal_count=1609 1512 460
is_linear=0
shrinkage=0.05


Tree=1057
num_leaves=4
num_cat=0
split_feature=3 30 3
split_gain=0.0771941 0.315391 0.163279
threshold=-1.0868720616634644 1.0000000180025095e-35 -1.1754222435261918
decision_type=2 2 2
left_child=2 -2 -1
right_child=1 -3 -4
leaf_value=0 -0.020609591245157124 0.005380936702163646 0.022805935027343106
leaf_weight=2.1505979981739078 1.3112327803391961 0.66901072533801187 0.62760994565905992
leaf_count=460 1042 101 6
internal_value=0 -0.0024346 0.00737459
internal_weight=4.75845 1.98024 2.77821
internal_count=1609 1143 466
is_linear=0
shrinkage=0.05


Tree=1058
num_leaves=6
num_cat=0
split_feature=2 4 12 62 7
split_gain=0.149139 0.196565 0.113349 0.0825101 0.0775517
threshold=-0.21641674499426081 -0.80312896480916507 0.45656027480124345 0.18456546888040759 0.85600355063308098
decision_type=2 2 2 2 2
left_child=1 -1 -3 4 -4
right_child=-2 2 3 -5 -6
leaf_value=0 0 0 0.020413455476143649 0 0
leaf_weight=0.33872185647487629 0.42718679673271243 0.15926387562649313 3.751447475253372 0.10230182448867697 0.18349611529265519
leaf_count=6 704 310 422 142 25
internal_value=0.00640126 0.0108858 0.0152211 0.0173858 0.0188614
internal_weight=4.96242 4.53523 4.19651 4.03725 3.93494
internal_count=1609 905 899 589 447
is_linear=0
shrinkage=0.05


Tree=1059
num_leaves=5
num_cat=0
split_feature=2 4 12 2
split_gain=0.203545 0.207903 0.125735 0.0650389
threshold=-0.32117513856371432 -0.46879594223394111 1.0000000180025095e-35 -0.94246437086823953
decision_type=2 2 2 2
left_child=1 -1 -3 -4
right_child=-2 2 3 -5
leaf_value=0 -0.0011842085247016044 0 0 0.018775763385969799
leaf_weight=0.34822527691721905 0.56526141372160044 0.17219717020634551 0.077846327330916121 4.4300503244448928
leaf_count=9 895 305 4 396
internal_value=0.00619587 0.0115797 0.0156026 0.0177364
internal_weight=5.59358 5.02832 4.68009 4.5079
internal_count=1609 714 705 400
is_linear=0
shrinkage=0.05


Tree=1060
num_leaves=2
num_cat=0
split_feature=53
split_gain=0.473409
threshold=1.7857787510698466
decision_type=2
left_child=-1
right_child=-2
leaf_value=-0.010411027659586763 0.015366218245195405
leaf_weight=8.6651495016121753 1.1433099890127785
leaf_count=1509 100
internal_value=-0.00438156
internal_weight=9.80846
internal_count=1609
is_linear=0
shrinkage=0.05


Tree=1061
num_leaves=3
num_cat=0
split_feature=46 3
split_gain=0.0822218 0.141011
threshold=1.0000000180025095e-35 -1.2971169809373058
decision_type=2 2
left_child=1 -1
right_child=-2 -3
leaf_value=6.2270893678828258e-05 0.012135439985694732 -0.015187793634893421
leaf_weight=3.6826363898580894 0.89577737450599659 1.0282072047994004
leaf_count=452 101 1056
internal_value=0 0
internal_weight=5.60662 4.71084
internal_count=1609 1508
is_linear=0
shrinkage=0.05


Tree=1062
num_leaves=4
num_cat=0
split_feature=12 8 63
split_gain=0.0810877 0.118984 0.0273814
threshold=0.47038644498802312 -0.52456312342282096 -1.0000000180025095e-35
decision_type=2 2 2
left_child=2 -2 -1
right_child=1 -3 -4
leaf_value=-0.0077395468981059428 0 0.0079145247545889721 0
leaf_weight=0.74564062108402041 0.45021213905420143 7.8365544358675816 0.14325206167996107
leaf_count=1195 22 378 14
internal_value=0.00170662 0.00505737 -0.00210619
internal_weight=9.17566 8.28677 0.888893
internal_count=1609 400 1209
is_linear=0
shrinkage=0.05


Tree=1063
num_leaves=4
num_cat=0
split_feature=12 8 0
split_gain=0.0946548 0.127984 0.0178683
threshold=0.46962411930038378 -0.52456312342282096 1.1278078136095306
decision_type=2 2 2
left_child=2 -2 -1
right_child=1 -3 -4
leaf_value=-0.0061129774095884139 0 0.0081287263514108563 0
leaf_weight=0.69540964419138518 0.44585012004244973 10.127306890499312 0.21679109387332574
leaf_count=1089 22 461 37
internal_value=0.0034856 0.00587543 0
internal_weight=11.4854 10.5732 0.912201
internal_count=1609 483 1126
is_linear=0
shrinkage=0.05


Tree=1064
num_leaves=1
num_cat=0
split_feature=
split_gain=
threshold=
decision_type=
left_child=
right_child=
leaf_value=0
leaf_weight=
leaf_count=1892
internal_value=
internal_weight=
internal_count=
is_linear=0
shrinkage=1


Tree=1065
num_leaves=6
num_cat=0
split_feature=7 14 62 62 3
split_gain=0.121757 0.144935 0.0930349 0.116886 0.0121755
threshold=0.90636310804310527 1.0000000180025095e-35 -0.096095794098812845 1.0000000180025095e-35 -1.2971169809373058
decision_type=2 2 2 2 2
left_child=1 4 -2 -4 -1
right_child=2 -3 3 -5 -6
leaf_value=0 0 0 0.02551003688562083 0 -0.018432249167486141
leaf_weight=3.6370872213738035 0.14961011923151091 0.46482099918648589 0.51027457835152734 0.1178162056603469 1.1615921217889993
leaf_count=452 92 63 35 154 813
internal_value=0 -0.00545883 0.010189 0.0179934 -0.0100397
internal_weight=6.0412 5.2635 0.777701 0.628091 4.79868
internal_count=1609 1328 281 189 1265
is_linear=0
shrinkage=0.05


Tree=1066
num_leaves=4
num_cat=0
split_feature=13 41 13
split_gain=0.0638511 0.349829 0.268396
threshold=-0.78681577724436436 1.0000000180025095e-35 -1.0342884930852898
decision_type=2 2 2
left_child=2 -2 -1
right_child=1 -3 -4
leaf_value=0 -0.020924637282052835 0.0084740509542270016 0.028164670326492038
leaf_weight=2.2572674367111181 1.2934882155386733 0.76202354114502657 0.54544962663203467
leaf_count=457 1056 90 6
internal_value=0 -0.000717523 0.00692343
internal_weight=4.85823 2.05551 2.80272
internal_count=1609 1146 463
is_linear=0
shrinkage=0.05


Tree=1067
num_leaves=2
num_cat=0
split_feature=12
split_gain=2.10345
threshold=1.0000000180025095e-35
decision_type=2
left_child=-1
right_child=-2
leaf_value=0.030472130090844474 -0.029670248226854268
leaf_weight=2.4652122892439365 2.3458451306214556
leaf_count=305 1304
internal_value=0
internal_weight=4.81106
internal_count=1609
is_linear=0
shrinkage=0.05


Tree=1068
num_leaves=5
num_cat=0
split_feature=62 13 3 13
split_gain=0.22254 0.342133 0.179168 0.0784045
threshold=-0.17058364547969646 -0.64174629205212519 -1.0400259609247759 0.52178716862073216
decision_type=2 2 2 2
left_child=1 -1 -3 -4
right_child=-2 2 3 -5
leaf_value=0 -0.012196790224901973 0 0.033559466592392305 0
leaf_weight=2.3008103476604451 0.88286465979763296 0.11746211349964131 1.1425444273045284 0.065522405202500411
leaf_count=459 954 1 146 49
internal_value=0 0.00921816 0.0257024 0.0311172
internal_weight=4.5092 3.62634 1.32553 1.20807
internal_count=1609 655 196 195
is_linear=0
shrinkage=0.05


Tree=1069
num_leaves=5
num_cat=0
split_feature=7 7 34 62
split_gain=0.164757 0.422403 0.207614 0.0583717
threshold=0.43672728075391015 0.40430020465953304 3.3132680257701108 0.2201752224692409
decision_type=2 2 2 2
left_child=1 3 -2 -1
right_child=2 -3 -4 -5
leaf_value=-0.0076525751581673438 -0.021919678539326855 0.027495249750220024 0 0
leaf_weight=1.9918812328251085 1.1723771473916711 1.0653697737725449 0.27960829343646754 0.65728815336478863
leaf_count=940 455 20 31 163
internal_value=0 0.00549795 -0.0120726 0
internal_weight=5.16652 3.71454 1.45199 2.64917
internal_count=1609 1123 486 1103
is_linear=0
shrinkage=0.05


Tree=1070
num_leaves=3
num_cat=0
split_feature=7 13
split_gain=0.116197 0.133082
threshold=0.73665496892685378 -0.35022694594233067
decision_type=2 2
left_child=-1 -2
right_child=1 -3
leaf_value=0 0.028798886909766449 0
leaf_weight=5.1801900204736739 0.41605394333600998 0.54549375161877822
leaf_count=1263 3 343
internal_value=0.00453435 0.0170935
internal_weight=6.14174 0.961548
internal_count=1609 346
is_linear=0
shrinkage=0.05


Tree=1071
num_leaves=4
num_cat=0
split_feature=62 62 3
split_gain=0.166383 0.393103 0.100815
threshold=0.10759087094878059 0.1161839157556325 -1.2971169809373058
decision_type=2 2 2
left_child=2 -2 -1
right_child=1 -3 -4
leaf_value=0 0.026794017284984796 0 -0.014182931621538506
leaf_weight=1.9302387525094671 1.4000377368647603 0.45041374652646471 0.92515897302655536
leaf_count=452 197 467 493
internal_value=0 0.012737 -0.00321307
internal_weight=4.70585 1.85045 2.8554
internal_count=1609 664 945
is_linear=0
shrinkage=0.05


Tree=1072
num_leaves=6
num_cat=0
split_feature=2 4 12 62 7
split_gain=0.134819 0.182975 0.103262 0.0762211 0.0720871
threshold=-0.21641674499426081 -0.80312896480916507 0.45656027480124345 0.18456546888040759 0.85600355063308098
decision_type=2 2 2 2 2
left_child=1 -1 -3 4 -4
right_child=-2 2 3 -5 -6
leaf_value=0 0 0 0.019385315021604677 0 0
leaf_weight=0.33771566301584233 0.42189840035280202 0.15448782019666385 3.7749067825789102 0.10056894010631356 0.18225324919330876
leaf_count=6 704 310 422 142 25
internal_value=0.00578402 0.0101485 0.0144031 0.0164658 0.0178883
internal_weight=4.97183 4.54993 4.21222 4.05773 3.95716
internal_count=1609 905 899 589 447
is_linear=0
shrinkage=0.05


Tree=1073
num_leaves=5
num_cat=0
split_feature=2 4 12 2
split_gain=0.18404 0.193833 0.114543 0.0604238
threshold=-0.32117513856371432 -0.46879594223394111 1.0000000180025095e-35 -0.94246437086823953
decision_type=2 2 2 2
left_child=1 -1 -3 -4
right_child=-2 2 3 -5
leaf_value=0 -0.00082864956513749018 0 0 0.017805119573072101
leaf_weight=0.34722053632140149 0.5569662005000281 0.16700049303472031 0.076970292488112046 4.4646544855786496
leaf_count=9 895 305 4 396
internal_value=0.0056122 0.0108322 0.0147714 0.0167994
internal_weight=5.61281 5.05585 4.70863 4.54162
internal_count=1609 714 705 400
is_linear=0
shrinkage=0.05


Tree=1074
num_leaves=2
num_cat=0
split_feature=53
split_gain=0.434968
threshold=1.7857787510698466
decision_type=2
left_child=-1
right_child=-2
leaf_value=-0.0099320077088596234 0.01487223041986911
leaf_weight=8.5560173519770597 1.1193563519045717
leaf_count=1509 100
internal_value=-0.00401567
internal_weight=9.67537
internal_count=1609
is_linear=0
shrinkage=0.05


Tree=1075
num_leaves=3
num_cat=0
split_feature=46 3
split_gain=0.074933 0.128749
threshold=1.0000000180025095e-35 -1.2971169809373058
decision_type=2 2
left_child=1 -1
right_child=-2 -3
leaf_value=0.00015412183079289543 0.011662861298176092 -0.014635490257963932
leaf_weight=3.6745152862276882 0.8772180601954459 1.0022281681594902
leaf_count=452 101 1056
internal_value=0 0
internal_weight=5.55396 4.67674
internal_count=1609 1508
is_linear=0
shrinkage=0.05


Tree=1076
num_leaves=4
num_cat=0
split_feature=12 8 63
split_gain=0.070756 0.111158 0.0235009
threshold=0.47038644498802312 -0.52456312342282096 -1.0000000180025095e-35
decision_type=2 2 2
left_child=2 -2 -1
right_child=1 -3 -4
leaf_value=-0.0071051987452495115 0 0.0075187355562670284 0
leaf_weight=0.72557589554344204 0.4480310168582945 7.8699507224373502 0.14171590935439049
leaf_count=1195 22 378 14
internal_value=0.00148994 0.00470581 -0.00151047
internal_weight=9.18527 8.31798 0.867292
internal_count=1609 400 1209
is_linear=0
shrinkage=0.05


Tree=1077
num_leaves=4
num_cat=0
split_feature=4 10 11
split_gain=0.0709001 0.0714987 0.0546335
threshold=-0.35021576160556561 0.5066970897320362 1.0000000180025095e-35
decision_type=2 2 2
left_child=-1 2 -2
right_child=1 -3 -4
leaf_value=0 0.0075942665562634994 0 0
leaf_weight=0.42685550823807794 10.205162781086978 0.69078785725287239 0.19187528302427459
leaf_count=15 474 822 298
internal_value=0.00322315 0.00510565 0.00664254
internal_weight=11.5147 11.0878 10.397
internal_count=1609 1594 772
is_linear=0
shrinkage=0.05


Tree=1078
num_leaves=1
num_cat=0
split_feature=
split_gain=
threshold=
decision_type=
left_child=
right_child=
leaf_value=0
leaf_weight=
leaf_count=1892
internal_value=
internal_weight=
internal_count=
is_linear=0
shrinkage=1


Tree=1079
num_leaves=4
num_cat=0
split_feature=13 3 7
split_gain=0.109543 0.0749307 0.071676
threshold=-0.35022694594233067 1.0085404164870455 0.85600355063308098
decision_type=2 2 2
left_child=-1 2 -2
right_child=1 -3 -4
leaf_value=-0.0063011614124450031 0 0 0.020230288748819599
leaf_weight=4.3601620000554249 0.81793017988093175 0.21899415977532033 0.593185429868754
leaf_count=479 703 283 144
internal_value=0 0.00616217 0.0118467
internal_weight=5.99027 1.63011 1.41112
internal_count=1609 1130 847
is_linear=0
shrinkage=0.05


Tree=1080
num_leaves=4
num_cat=0
split_feature=13 38 13
split_gain=0.0606024 0.323956 0.2506
threshold=-0.78681577724436436 1.0000000180025095e-35 -1.0342884930852898
decision_type=2 2 2
left_child=2 -2 -1
right_child=1 -3 -4
leaf_value=0 -0.020350273322110063 0.0080970412113464865 0.027248984457916077
leaf_weight=2.2495426665991549 1.2581762597255877 0.74986027367413033 0.5475772654172032
leaf_count=457 1056 90 6
internal_value=0 -0.000262834 0.00677484
internal_weight=4.80516 2.00804 2.79712
internal_count=1609 1146 463
is_linear=0
shrinkage=0.05


Tree=1081
num_leaves=2
num_cat=0
split_feature=12
split_gain=1.98182
threshold=1.0000000180025095e-35
decision_type=2
left_child=-1
right_child=-2
leaf_value=0.030024230231837524 -0.029165094210936018
leaf_weight=2.3876688899472356 2.2644387635518797
leaf_count=305 1304
internal_value=0
internal_weight=4.65211
internal_count=1609
is_linear=0
shrinkage=0.05


Tree=1082
num_leaves=4
num_cat=0
split_feature=2 3 3
split_gain=0.0420595 0.290117 0.0128377
threshold=-0.94246420894849881 -1.0400259609247759 -1.2971169809373058
decision_type=2 2 2
left_child=1 2 -1
right_child=-2 -3 -4
leaf_value=0 0 0.027376914768505317 -0.0053808665609811597
leaf_weight=1.7157390735810627 1.5308221307059282 0.60800162749364961 0.60846760869026195
leaf_count=452 1142 7 8
internal_value=0 0.00553497 0
internal_weight=4.46303 2.93221 2.32421
internal_count=1609 467 460
is_linear=0
shrinkage=0.05


Tree=1083
num_leaves=5
num_cat=0
split_feature=7 7 34 62
split_gain=0.151684 0.390478 0.197739 0.051015
threshold=0.43672728075391015 0.40430020465953304 3.3132680257701108 0.2201752224692409
decision_type=2 2 2 2
left_child=1 3 -2 -1
right_child=2 -3 -4 -5
leaf_value=-0.0071944924487426509 -0.021335579962998966 0.026478984473315439 0 0
leaf_weight=1.9639841284661095 1.1450698800617827 1.0701747547136617 0.2772296406328677 0.65094505390152324
leaf_count=940 455 20 31 163
internal_value=0 0.00545883 -0.0115062 0
internal_weight=5.1074 3.6851 1.4223 2.61493
internal_count=1609 1123 486 1103
is_linear=0
shrinkage=0.05


Tree=1084
num_leaves=3
num_cat=0
split_feature=7 13
split_gain=0.107707 0.125658
threshold=0.73665496892685378 -0.35022694594233067
decision_type=2 2
left_child=-1 -2
right_child=1 -3
leaf_value=0 0.028011764994537582 0
leaf_weight=5.1581303098064382 0.41691010072827339 0.54034855079953548
leaf_count=1263 3 343
internal_value=0.00453493 0.0166774
internal_weight=6.11539 0.957259
internal_count=1609 346
is_linear=0
shrinkage=0.05


Tree=1085
num_leaves=4
num_cat=0
split_feature=62 62 3
split_gain=0.146026 0.372798 0.0944581
threshold=0.10759087094878059 0.1161839157556325 -1.2971169809373058
decision_type=2 2 2
left_child=2 -2 -1
right_child=1 -3 -4
leaf_value=0 0.025978632829604643 0 -0.013688196464602627
leaf_weight=1.9242968391044994 1.3814130197279153 0.44741387118119735 0.90612403437262434
leaf_count=452 197 467 493
internal_value=0 0.0120428 -0.00286388
internal_weight=4.65925 1.82883 2.83042
internal_count=1609 664 945
is_linear=0
shrinkage=0.05


Tree=1086
num_leaves=6
num_cat=0
split_feature=2 3 62 7 13
split_gain=0.123296 0.0953009 0.0900157 0.0958311 0.0564369
threshold=-0.21641674499426081 -1.1317619565702162 0.18456546888040759 0.85600355063308098 -0.75766210091990349
decision_type=2 2 2 2 2
left_child=1 -1 3 4 -3
right_child=-2 2 -4 -5 -6
leaf_value=0 0 0 0 0 0.027866992299946776
leaf_weight=2.9779574343119748 0.41827350764651772 0.13527970388531674 0.1002142050419933 0.17978932135156345 1.1793328695057423
leaf_count=460 704 3 144 25 273
internal_value=0.00525995 0.00952442 0.0182601 0.0215179 0.0253164
internal_weight=4.99085 4.57257 1.59462 1.4944 1.31461
internal_count=1609 905 445 301 276
is_linear=0
shrinkage=0.05


Tree=1087
num_leaves=5
num_cat=0
split_feature=2 4 12 2
split_gain=0.167624 0.181311 0.104778 0.0562033
threshold=-0.32117513856371432 -0.46879594223394111 1.0000000180025095e-35 -0.94246437086823953
decision_type=2 2 2 2
left_child=1 -1 -3 -4
right_child=-2 2 3 -5
leaf_value=0 -0.00056353385152938917 0 0 0.016929429440321594
leaf_weight=0.34600726515054692 0.55086450045928348 0.16203118138946582 0.075928584439678981 4.4995606048614727
leaf_count=9 895 305 4 396
internal_value=0.0050822 0.0101671 0.0140265 0.0159573
internal_weight=5.63439 5.08353 4.73752 4.57549
internal_count=1609 714 705 400
is_linear=0
shrinkage=0.05


Tree=1088
num_leaves=2
num_cat=0
split_feature=50
split_gain=0.394055
threshold=2.4864973685560821
decision_type=2
left_child=-1
right_child=-2
leaf_value=-0.0094447148491654601 0.014161291056643384
leaf_weight=8.4470191468717513 1.1040423582890078
leaf_count=1502 107
internal_value=-0.00365998
internal_weight=9.55106
internal_count=1609
is_linear=0
shrinkage=0.05


Tree=1089
num_leaves=3
num_cat=0
split_feature=46 3
split_gain=0.0683924 0.117856
threshold=1.0000000180025095e-35 -1.2971169809373058
decision_type=2 2
left_child=1 -1
right_child=-2 -3
leaf_value=0.00023835078549080751 0.011212630012025389 -0.014111526592554387
leaf_weight=3.6670860215090215 0.85998198390007008 0.97841461896314275
leaf_count=452 101 1056
internal_value=0 0
internal_weight=5.50548 4.6455
internal_count=1609 1508
is_linear=0
shrinkage=0.05


Tree=1090
num_leaves=4
num_cat=0
split_feature=0 3 12
split_gain=0.0664849 0.184207 0.0263926
threshold=1.7776565534620203 -1.2971169809373058 -1.0000000180025095e-35
decision_type=2 2 2
left_child=1 2 -1
right_child=-2 -3 -4
leaf_value=0 0.011530456443414213 -0.015996304366780043 0.0040900043260846909
leaf_weight=0.19923353078775097 0.87107464019209224 1.0631105817737978 7.063715446740388
leaf_count=305 91 1066 147
internal_value=0.00128748 0 0.00279272
internal_weight=9.19713 8.32606 7.26295
internal_count=1609 1518 452
is_linear=0
shrinkage=0.05


Tree=1091
num_leaves=4
num_cat=0
split_feature=12 8 54
split_gain=0.0772435 0.112399 0.0141628
threshold=0.46962411930038378 -0.52456312342282096 1.0000000180025095e-35
decision_type=2 2 2
left_child=2 -2 -1
right_child=1 -3 -4
leaf_value=-0.0054845275922889083 0 0.00735271148566519 0
leaf_weight=0.67709403703338367 0.44102227571420272 10.229531358578242 0.20035222545266151
leaf_count=1105 22 461 21
internal_value=0.00296559 0.00517425 0
internal_weight=11.548 10.6706 0.877446
internal_count=1609 483 1126
is_linear=0
shrinkage=0.05


Tree=1092
num_leaves=1
num_cat=0
split_feature=
split_gain=
threshold=
decision_type=
left_child=
right_child=
leaf_value=0
leaf_weight=
leaf_count=1892
internal_value=
internal_weight=
internal_count=
is_linear=0
shrinkage=1


Tree=1093
num_leaves=3
num_cat=0
split_feature=62 62
split_gain=0.104402 0.558558
threshold=-0.096095794098812845 1.0000000180025095e-35
decision_type=2 2
left_child=-1 -2
right_child=1 -3
leaf_value=-0.006144320634225809 0.031335252389952405 -0.0063111826860822555
leaf_weight=4.2947491123049986 0.95535702677443601 0.68933211753028445
leaf_count=756 98 755
internal_value=0 0.00610713
internal_weight=5.93944 1.64469
internal_count=1609 853
is_linear=0
shrinkage=0.05


Tree=1094
num_leaves=4
num_cat=0
split_feature=13 38 13
split_gain=0.0574513 0.300341 0.234034
threshold=-0.78681577724436436 1.0000000180025095e-35 -1.0342884930852898
decision_type=2 2 2
left_child=2 -2 -1
right_child=1 -3 -4
leaf_value=0 -0.019793943429321961 0.0077730459234497066 0.026352275792734126
leaf_weight=2.2432625774526973 1.225257671321742 0.73958809440955509 0.54934868146665383
leaf_count=457 1056 90 6
internal_value=0 0 0.00660465
internal_weight=4.75746 1.96485 2.79261
internal_count=1609 1146 463
is_linear=0
shrinkage=0.05


Tree=1095
num_leaves=2
num_cat=0
split_feature=12
split_gain=1.86789
threshold=1.0000000180025095e-35
decision_type=2
left_child=-1
right_child=-2
leaf_value=0.029570650429803058 -0.028668666365834535
leaf_weight=2.3130729235708714 2.1888138812500983
leaf_count=305 1304
internal_value=0
internal_weight=4.50189
internal_count=1609
is_linear=0
shrinkage=0.05


Tree=1096
num_leaves=4
num_cat=0
split_feature=62 3 2
split_gain=0.198033 0.190626 0.0855972
threshold=-0.17058364547969646 -1.0400259609247759 -0.94246420894849881
decision_type=2 2 2
left_child=1 -1 -3
right_child=-2 2 -4
leaf_value=0 -0.011514023794518907 0.030986627602113216 0
leaf_weight=2.1845967781264339 0.85701265180250619 0.54745572060346603 0.85217045142780967
leaf_count=458 954 3 194
internal_value=0 0.00878464 0.0204154
internal_weight=4.44124 3.58422 1.39963
internal_count=1609 655 197
is_linear=0
shrinkage=0.05


Tree=1097
num_leaves=5
num_cat=0
split_feature=7 7 34 62
split_gain=0.139259 0.36091 0.188574 0.044827
threshold=0.43672728075391015 0.40430020465953304 3.3132680257701108 0.2201752224692409
decision_type=2 2 2 2
left_child=1 3 -2 -1
right_child=2 -3 -4 -5
leaf_value=-0.0067782535778819668 -0.020768527358236099 0.02549495855926398 0 0
leaf_weight=1.9391808939399204 1.119319269491825 1.0744656592723911 0.27534108981490124 0.64548230147920538
leaf_count=940 455 20 31 163
internal_value=0 0.00539638 -0.0109465 0
internal_weight=5.05379 3.65913 1.39466 2.58466
internal_count=1609 1123 486 1103
is_linear=0
shrinkage=0.05


Tree=1098
num_leaves=4
num_cat=0
split_feature=21 3 12
split_gain=0.101459 0.268544 0.0617148
threshold=1.0000000180025095e-35 -1.1754222435261918 0.49134678747263855
decision_type=2 2 2
left_child=1 2 -1
right_child=-2 -3 -4
leaf_value=0 0.016181996535559889 -0.016642585404105559 0.0094248566999559635
leaf_weight=0.18429625371936698 0.98468127334490407 1.0905747732613233 3.8353153262287378
leaf_count=308 97 1054 150
internal_value=0.00452655 0 0.00714623
internal_weight=6.09487 5.11019 4.01961
internal_count=1609 1512 458
is_linear=0
shrinkage=0.05


Tree=1099
num_leaves=4
num_cat=0
split_feature=62 62 3
split_gain=0.129953 0.355374 0.0887696
threshold=0.10759087094878059 0.1161839157556325 -1.2971169809373058
decision_type=2 2 2
left_child=2 -2 -1
right_child=1 -3 -4
leaf_value=0 0.025287630731569755 0 -0.013241021481948329
leaf_weight=1.9195971071603706 1.3634963331278411 0.44404152914648864 0.88942941452842239
leaf_count=452 197 467 493
internal_value=0 0.0114629 -0.00255948
internal_weight=4.61656 1.80754 2.80903
internal_count=1609 664 945
is_linear=0
shrinkage=0.05


Tree=1100
num_leaves=7
num_cat=0
split_feature=2 4 3 62 2 13
split_gain=0.119642 0.169144 0.101934 0.124138 0.0672012 0.0745936
threshold=-0.21641674499426081 -0.80312896480916507 -1.1317619565702162 0.18456546888040759 -0.94246437086823953 -0.75766210091990349
decision_type=2 2 2 2 2 2
left_child=1 -1 -3 4 -4 -6
right_child=-2 2 3 -5 5 -7
leaf_value=0 0 0 0 0 0 0.033271224988426801
leaf_weight=0.33711098134517659 0.41511550938594144 2.819439984450582 0.045848573208786436 0.098973793268669286 0.13482499495148648 1.1123152000363918
leaf_count=6 704 457 3 144 3 292
internal_value=0.00511881 0.00935962 0.0135508 0.0243302 0.028244 0.0302459
internal_weight=4.96363 4.54851 4.2114 1.39196 1.29299 1.24714
internal_count=1609 905 899 442 298 295
is_linear=0
shrinkage=0.05


Tree=1101
num_leaves=4
num_cat=0
split_feature=2 3 2
split_gain=0.152427 0.169408 0.0918457
threshold=-0.32117513856371432 -0.92932628974446818 -0.94246437086823953
decision_type=2 2 2
left_child=1 -1 -3
right_child=-2 2 -4
leaf_value=0 -0.00034528684110340268 0 0.026930920506480702
leaf_weight=3.9362107103515882 0.5458944925921968 0.074996490031480678 1.1025336332968434
leaf_count=467 895 4 243
internal_value=0.00456212 0.00952344 0.0235791
internal_weight=5.65964 5.11374 1.17753
internal_count=1609 714 247
is_linear=0
shrinkage=0.05


Tree=1102
num_leaves=2
num_cat=0
split_feature=53
split_gain=0.367932
threshold=1.7857787510698466
decision_type=2
left_child=-1
right_child=-2
leaf_value=-0.0090519764960854312 0.013920377558456227
leaf_weight=8.3620086725568381 1.0751508604735143
leaf_count=1509 100
internal_value=-0.00335025
internal_weight=9.43716
internal_count=1609
is_linear=0
shrinkage=0.05


Tree=1103
num_leaves=3
num_cat=0
split_feature=46 3
split_gain=0.0624605 0.10815
threshold=1.0000000180025095e-35 -1.2971169809373058
decision_type=2 2
left_child=1 -1
right_child=-2 -3
leaf_value=0.00029289962925307483 0.010779660138079088 -0.01361549756752368
leaf_weight=3.662216339726001 0.84380220342427481 0.95655690244166169
leaf_count=452 101 1056
internal_value=0 0
internal_weight=5.46258 4.61877
internal_count=1609 1508
is_linear=0
shrinkage=0.05


Tree=1104
num_leaves=4
num_cat=0
split_feature=16 3 12
split_gain=0.0612567 0.169155 0.0243195
threshold=1.0000000180025095e-35 -1.2971169809373058 -1.0000000180025095e-35
decision_type=2 2 2
left_child=1 2 -1
right_child=-2 -3 -4
leaf_value=0 0.011123379485773079 -0.015477157560737668 0.0038981355281879301
leaf_weight=0.19339038967154909 0.85563385300338346 1.0377361312275741 7.0900377854704848
leaf_count=305 91 1066 147
internal_value=0.0012279 0 0.002647
internal_weight=9.1768 8.32116 7.28343
internal_count=1609 1518 452
is_linear=0
shrinkage=0.05


Tree=1105
num_leaves=4
num_cat=0
split_feature=12 8 54
split_gain=0.0691763 0.104812 0.0114633
threshold=0.46962411930038378 -0.52456312342282096 1.0000000180025095e-35
decision_type=2 2 2
left_child=2 -2 -1
right_child=1 -3 -4
leaf_value=-0.004965375478305732 0 0.0069675100501489715 0
leaf_weight=0.662375785788753 0.43843100767116894 10.283572626241948 0.19873830024152994
leaf_count=1105 22 461 21
internal_value=0.0027068 0.00482699 0
internal_weight=11.5831 10.722 0.861114
internal_count=1609 483 1126
is_linear=0
shrinkage=0.05


Tree=1106
num_leaves=1
num_cat=0
split_feature=
split_gain=
threshold=
decision_type=
left_child=
right_child=
leaf_value=0
leaf_weight=
leaf_count=1892
internal_value=
internal_weight=
internal_count=
is_linear=0
shrinkage=1


Tree=1107
num_leaves=3
num_cat=0
split_feature=62 62
split_gain=0.0916029 0.524972
threshold=-0.096095794098812845 1.0000000180025095e-35
decision_type=2 2
left_child=-1 -2
right_child=1 -3
leaf_value=-0.0058407083010953223 0.030602175609444306 -0.0058633203852413067
leaf_weight=4.2605990503216162 0.92936277715489246 0.6765292766795028
leaf_count=756 98 755
internal_value=0 0.00562386
internal_weight=5.86649 1.60589
internal_count=1609 853
is_linear=0
shrinkage=0.05


Tree=1108
num_leaves=4
num_cat=0
split_feature=13 38 13
split_gain=0.0545533 0.276739 0.218823
threshold=-0.78681577724436436 1.0000000180025095e-35 -1.0342884930852898
decision_type=2 2 2
left_child=2 -2 -1
right_child=1 -3 -4
leaf_value=0 -0.019209374894307817 0.0074198768682195992 0.025505352734485218
leaf_weight=2.2373264946509157 1.1916201835265381 0.72857793839648355 0.55060161254368711
leaf_count=457 1056 90 6
internal_value=0 0 0.0064405
internal_weight=4.70813 1.9202 2.78793
internal_count=1609 1146 463
is_linear=0
shrinkage=0.05


Tree=1109
num_leaves=2
num_cat=0
split_feature=12
split_gain=1.75778
threshold=1.0000000180025095e-35
decision_type=2
left_child=-1
right_child=-2
leaf_value=0.029116553602538054 -0.028143859234981489
leaf_weight=2.2420689174905419 2.1131261083355639
leaf_count=305 1304
internal_value=0
internal_weight=4.3552
internal_count=1609
is_linear=0
shrinkage=0.05


Tree=1110
num_leaves=4
num_cat=0
split_feature=62 3 2
split_gain=0.184967 0.179423 0.0753939
threshold=-0.17058364547969646 -1.0400259609247759 -0.94246420894849881
decision_type=2 2 2
left_child=1 -1 -3
right_child=-2 2 -4
leaf_value=0 -0.010970905932360442 0.029904743648653937 0
leaf_weight=2.1789237962802877 0.83698486268986005 0.54947590455412865 0.84345320065040119
leaf_count=458 954 3 194
internal_value=0 0.00860489 0.0199058
internal_weight=4.40884 3.57185 1.39293
internal_count=1609 655 197
is_linear=0
shrinkage=0.05


Tree=1111
num_leaves=5
num_cat=0
split_feature=7 7 34 62
split_gain=0.128149 0.33383 0.179262 0.0389921
threshold=0.43672728075391015 0.40430020465953304 3.3132680257701108 0.2201752224692409
decision_type=2 2 2 2
left_child=1 3 -2 -1
right_child=2 -3 -4 -5
leaf_value=-0.0063541698097759128 -0.020203378066674639 0.024567753048327312 0 0
leaf_weight=1.914340444229311 1.0940735896583644 1.0779997580102643 0.27262856159359206 0.63835034531075496
leaf_count=940 455 20 31 163
internal_value=0 0.00534174 -0.0104156 0
internal_weight=4.99739 3.63069 1.3667 2.55269
internal_count=1609 1123 486 1103
is_linear=0
shrinkage=0.05


Tree=1112
num_leaves=3
num_cat=0
split_feature=7 13
split_gain=0.10278 0.114146
threshold=0.57623829779283353 -0.35022694594233067
decision_type=2 2
left_child=-1 -2
right_child=1 -3
leaf_value=0 0.026963467491183515 0
leaf_weight=5.0377379916608334 0.41708309203386307 0.61820727170561418
leaf_count=1188 3 418
internal_value=0.0043509 0.015761
internal_weight=6.07303 1.03529
internal_count=1609 421
is_linear=0
shrinkage=0.05


Tree=1113
num_leaves=4
num_cat=0
split_feature=62 62 3
split_gain=0.115802 0.337924 0.0828823
threshold=0.10759087094878059 0.1161839157556325 -1.2971169809373058
decision_type=2 2 2
left_child=2 -2 -1
right_child=1 -3 -4
leaf_value=0 0.024618356605188171 0 -0.012772498390548932
leaf_weight=1.9153208846109917 1.3441253618802873 0.43906395288649935 0.87224027366028201
leaf_count=452 197 467 493
internal_value=0 0.0109317 -0.00225093
internal_weight=4.57075 1.78319 2.78756
internal_count=1609 664 945
is_linear=0
shrinkage=0.05


Tree=1114
num_leaves=6
num_cat=0
split_feature=2 4 3 62 2
split_gain=0.114956 0.16475 0.089743 0.11906 0.0648915
threshold=-0.21641674499426081 -0.80312896480916507 -1.1317619565702162 0.18456546888040759 -0.94246437086823953
decision_type=2 2 2 2 2
left_child=1 -1 -3 4 -4
right_child=-2 2 3 -5 -6
leaf_value=0 0 0 0 0 0.029666108791719433
leaf_weight=0.33523894473910321 0.41010871020262119 2.8150382242747578 0.045376621070317813 0.097415482101496198 1.2232614535314499
leaf_count=6 704 457 3 144 295
internal_value=0.00495265 0.00915558 0.0133347 0.0237968 0.0276726
internal_weight=4.92644 4.51633 4.18109 1.36605 1.26864
internal_count=1609 905 899 442 298
is_linear=0
shrinkage=0.05


Tree=1115
num_leaves=4
num_cat=0
split_feature=2 3 2
split_gain=0.147342 0.15486 0.0884788
threshold=-0.32117513856371432 -0.92932628974446818 -0.94246437086823953
decision_type=2 2 2
left_child=1 -1 -3
right_child=-2 2 -4
leaf_value=0 -3.3742791822000115e-05 0 0.026368817309974819
leaf_weight=3.9296646494185552 0.53888020006706927 0.074228888144716509 1.0791324032470582
leaf_count=467 895 4 243
internal_value=0.00445121 0.00936499 0.0230285
internal_weight=5.62191 5.08303 1.15336
internal_count=1609 714 247
is_linear=0
shrinkage=0.05


Tree=1116
num_leaves=2
num_cat=0
split_feature=50
split_gain=0.330981
threshold=2.4864973685560821
decision_type=2
left_child=-1
right_child=-2
leaf_value=-0.0086089848847783808 0.013145740082723451
leaf_weight=8.2664731039840245 1.0581212817342027
leaf_count=1502 107
internal_value=-0.00305232
internal_weight=9.32459
internal_count=1609
is_linear=0
shrinkage=0.05


Tree=1117
num_leaves=3
num_cat=0
split_feature=46 3
split_gain=0.0562908 0.0980333
threshold=1.0000000180025095e-35 -1.2971169809373058
decision_type=2 2
left_child=1 -1
right_child=-2 -3
leaf_value=0.00033747537048424685 0.010300590545492492 -0.013065211389285722
leaf_weight=3.6582144284620881 0.82633537519723166 0.93298171897185955
leaf_count=452 101 1056
internal_value=0 0
internal_weight=5.41753 4.5912
internal_count=1609 1508
is_linear=0
shrinkage=0.05


Tree=1118
num_leaves=4
num_cat=0
split_feature=0 3 12
split_gain=0.0556952 0.153902 0.0223769
threshold=1.7776565534620203 -1.2971169809373058 0.49134678747263855
decision_type=2 2 2
left_child=1 2 -1
right_child=-2 -3 -4
leaf_value=0 0.010670397621566184 -0.014910222344764322 0.0037097526441581883
leaf_weight=0.18780145992059161 0.83884817454964 1.0108428838429961 7.1160518154501915
leaf_count=305 91 1066 147
internal_value=0.00116933 0 0.00250251
internal_weight=9.15354 8.3147 7.30385
internal_count=1609 1518 452
is_linear=0
shrinkage=0.05


Tree=1119
num_leaves=3
num_cat=0
split_feature=12 8
split_gain=0.0617195 0.0970214
threshold=0.46886122672247671 -0.52456312342282096
decision_type=2 2
left_child=-1 -2
right_child=1 -3
leaf_value=0 0 0.0065515379362316804
leaf_weight=0.7218944349733637 0.43598654656670888 10.454814644152066
leaf_count=1025 22 562
internal_value=0.00246094 0.00447057
internal_weight=11.6127 10.8908
internal_count=1609 584
is_linear=0
shrinkage=0.05


Tree=1120
num_leaves=2
num_cat=0
split_feature=3
split_gain=0.220964
threshold=-1.2971169809373058
decision_type=2
left_child=-1
right_child=-2
leaf_value=0.0030085484951139062 -0.014883103522832734
leaf_weight=32.661128017352894 1.0018693718593557
leaf_count=456 1163
internal_value=0.00153424
internal_weight=33.663
internal_count=1619
is_linear=0
shrinkage=0.05


Tree=1121
num_leaves=6
num_cat=0
split_feature=7 62 62 14 13
split_gain=0.0381006 0.0699368 0.101858 0.0623121 0.0246203
threshold=0.85600355063308098 -0.096095794098812845 1.0000000180025095e-35 1.0000000180025095e-35 -1.3186276315601533
decision_type=2 2 2 2 2
left_child=3 -2 -3 4 -1
right_child=1 2 -4 -5 -6
leaf_value=0 0 0.022577970872356128 0 0 -0.013090155847027989
leaf_weight=3.3940396173857148 0.14547303729341365 0.47980908257886756 0.12255200310028158 0.38641202496364702 0.91577620338648591
leaf_count=456 93 34 169 59 808
internal_value=0 0.00748907 0.0149028 -0.00220505 -0.00613522
internal_weight=5.44406 0.747834 0.602361 4.69623 4.30982
internal_count=1619 296 203 1323 1264
is_linear=0
shrinkage=0.05


Tree=1122
num_leaves=3
num_cat=0
split_feature=62 62
split_gain=0.100804 0.266484
threshold=0.10759087094878059 1.0000000180025095e-35
decision_type=2 2
left_child=1 -1
right_child=-2 -3
leaf_value=0 0 0.024819407355670956
leaf_weight=2.9501775317476131 0.4484327369427773 1.0739846900105474
leaf_count=850 670 99
internal_value=0.00321375 0.00818873
internal_weight=4.47259 4.02416
internal_count=1619 949
is_linear=0
shrinkage=0.05


Tree=1123
num_leaves=2
num_cat=0
split_feature=12
split_gain=1.65207
threshold=1.0000000180025095e-35
decision_type=2
left_child=-1
right_child=-2
leaf_value=0.029113446073504946 -0.027044788379281592
leaf_weight=2.2432550685480237 1.9678151106927542
leaf_count=316 1303
internal_value=0
internal_weight=4.21107
internal_count=1619
is_linear=0
shrinkage=0.05


Tree=1124
num_leaves=3
num_cat=0
split_feature=42 4
split_gain=0.170826 0.228371
threshold=1.0000000180025095e-35 -0.80312896480916507
decision_type=2 2
left_child=1 -1
right_child=-2 -3
leaf_value=0 0 -0.018112817148671072
leaf_weight=0.51279797777533609 0.51759336749091733 2.8474871159996837
leaf_count=5 94 1520
internal_value=-0.00478483 -0.0116874
internal_weight=3.87788 3.36029
internal_count=1619 1525
is_linear=0
shrinkage=0.05


Tree=1125
num_leaves=6
num_cat=0
split_feature=7 7 2 34 62
split_gain=0.3296 0.245473 0.151596 0.0544417 0.0288235
threshold=-0.95113511275469864 0.43672728075391015 -0.1692110927612423 3.3132680257701108 0.33981671289537113
decision_type=2 2 2 2 2
left_child=-1 2 4 -3 -2
right_child=1 3 -4 -5 -6
leaf_value=-0.020379221005475942 0.021564506353862159 -0.010500252202388996 0 0 0
leaf_weight=1.3345131897367535 1.9155612019822004 0.76647338201291837 0.18787873786641318 0.2349034771323204 0.072643241437617578
leaf_count=460 321 455 281 27 75
internal_value=0 0.00410942 0.0158496 -0.00153358 0.0205546
internal_weight=4.51197 3.17746 2.17608 1.00138 1.9882
internal_count=1619 1159 677 482 396
is_linear=0
shrinkage=0.05


Tree=1126
num_leaves=5
num_cat=0
split_feature=12 4 2 13
split_gain=0.0964322 0.100328 0.112268 0.0658947
threshold=0.46746497599285841 -0.80312896480916507 0.52198883935673646 -0.64174629205212519
decision_type=2 2 2 2
left_child=-1 -2 3 -3
right_child=1 2 -4 -5
leaf_value=0 0 0.0013800253366229064 0 0.028264231842697864
leaf_weight=0.72148249694146205 0.21302158385515202 3.6046913378522727 0.20003746863221739 1.0222090153256433
leaf_count=883 5 149 299 283
internal_value=0.00676493 0.00975915 0.0120886 0.0143729
internal_weight=5.76144 5.03996 4.82694 4.6269
internal_count=1619 736 731 432
is_linear=0
shrinkage=0.05


Tree=1127
num_leaves=3
num_cat=0
split_feature=62 62
split_gain=0.24801 0.0937289
threshold=0.10759087094878059 0.1161839157556325
decision_type=2 2
left_child=-1 -2
right_child=1 -3
leaf_value=-0.015548881636193071 0.012190954661092962 0
leaf_weight=2.5947804218740202 1.0766605907119808 0.43844672065461043
leaf_count=949 202 468
internal_value=-0.00527334 0
internal_weight=4.10989 1.51511
internal_count=1619 670
is_linear=0
shrinkage=0.05


Tree=1128
num_leaves=3
num_cat=0
split_feature=25 7
split_gain=0.0929956 0.20994
threshold=1.0000000180025095e-35 -0.95647769076175326
decision_type=2 2
left_child=1 -1
right_child=-2 -3
leaf_value=0.001414585882070924 0.012800019822322557 -0.017807323276762928
leaf_weight=2.5589178256341256 0.91899640206247557 1.1358521004149227
leaf_count=456 98 1065
internal_value=0 0
internal_weight=4.61377 3.69477
internal_count=1619 1521
is_linear=0
shrinkage=0.05


Tree=1129
num_leaves=4
num_cat=0
split_feature=2 4 12
split_gain=0.201489 0.15943 0.107506
threshold=-0.32117513856371432 -0.46879594223394111 1.0000000180025095e-35
decision_type=2 2 2
left_child=1 -1 -3
right_child=-2 2 -4
leaf_value=0 -0.000205998280778323 0 0.017093165289803803
leaf_weight=0.26850796863436688 0.54274290165631089 0.15305024763802055 4.3275035391561687
leaf_count=7 906 316 390
internal_value=0.00643005 0.0118986 0.0151405
internal_weight=5.2918 4.74906 4.48055
internal_count=1619 713 706
is_linear=0
shrinkage=0.05


Tree=1130
num_leaves=3
num_cat=0
split_feature=53 62
split_gain=0.102157 0.0273136
threshold=1.7857787510698466 -0.574528586573261
decision_type=2 2
left_child=1 -1
right_child=-2 -3
leaf_value=0 0.012912442656817558 -0.0074518292211100514
leaf_weight=7.0364097483688965 1.0307919513434169 0.73258928227005515
leaf_count=462 100 1057
internal_value=0 -0.000139654
internal_weight=8.79979 7.769
internal_count=1619 1519
is_linear=0
shrinkage=0.05


Tree=1131
num_leaves=2
num_cat=0
split_feature=46
split_gain=0.125571
threshold=1.0000000180025095e-35
decision_type=2
left_child=-1
right_child=-2
leaf_value=-0.0062050540435172226 0.0098760708219011728
leaf_weight=4.3317266095546074 0.81122663896530856
leaf_count=1518 101
internal_value=0
internal_weight=5.14295
internal_count=1619
is_linear=0
shrinkage=0.05


Tree=1132
num_leaves=2
num_cat=0
split_feature=0
split_gain=0.394409
threshold=1.7776565534620203
decision_type=2
left_child=-1
right_child=-2
leaf_value=-0.01280144219298714 0.010013645146765079
leaf_weight=7.8886643520381767 0.81512526609003533
leaf_count=1529 90
internal_value=-0.00752058
internal_weight=8.70379
internal_count=1619
is_linear=0
shrinkage=0.05


Tree=1133
num_leaves=2
num_cat=0
split_feature=54
split_gain=0.270776
threshold=1.0000000180025095e-35
decision_type=2
left_child=-1
right_child=-2
leaf_value=-0.0077077635514140848 0.011680843503224826
leaf_weight=10.302477286721112 0.8753259005025037
leaf_count=1525 94
internal_value=-0.00361352
internal_weight=11.1778
internal_count=1619
is_linear=0
shrinkage=0.05


Tree=1134
num_leaves=2
num_cat=0
split_feature=3
split_gain=0.195767
threshold=-1.2971169809373058
decision_type=2
left_child=-1
right_child=-2
leaf_value=0.0026728498288064928 -0.014369769582633347
leaf_weight=32.55907941213809 0.97872853485750866
leaf_count=456 1163
internal_value=0.00123724
internal_weight=33.5378
internal_count=1619
is_linear=0
shrinkage=0.05


Tree=1135
num_leaves=3
num_cat=0
split_feature=62 62
split_gain=0.0360884 0.437804
threshold=-0.096095794098812845 1.0000000180025095e-35
decision_type=2 2
left_child=-1 -2
right_child=1 -3
leaf_value=-0.0027499122779469998 0.028956887349177608 -0.00337364098635094
leaf_weight=3.937707397621125 0.85779739636927821 0.61221635175752454
leaf_count=757 93 769
internal_value=0 0.00536309
internal_weight=5.40772 1.47001
internal_count=1619 862
is_linear=0
shrinkage=0.05


Tree=1136
num_leaves=3
num_cat=0
split_feature=62 62
split_gain=0.0957374 0.247969
threshold=0.10759087094878059 1.0000000180025095e-35
decision_type=2 2
left_child=1 -1
right_child=-2 -3
leaf_value=0 0 0.024164426269925304
leaf_weight=2.9420014694042038 0.44308523260406207 1.0488991723395886
leaf_count=850 670 99
internal_value=0.00302557 0.00795943
internal_weight=4.43399 3.9909
internal_count=1619 949
is_linear=0
shrinkage=0.05


Tree=1137
num_leaves=2
num_cat=0
split_feature=12
split_gain=1.54949
threshold=1.0000000180025095e-35
decision_type=2
left_child=-1
right_child=-2
leaf_value=0.028606650980349615 -0.026519170748765027
leaf_weight=2.1679095644503832 1.9037286645616402
leaf_count=316 1303
internal_value=0
internal_weight=4.07164
internal_count=1619
is_linear=0
shrinkage=0.05


Tree=1138
num_leaves=3
num_cat=0
split_feature=42 4
split_gain=0.155644 0.215978
threshold=1.0000000180025095e-35 -0.80312896480916507
decision_type=2 2
left_child=1 -1
right_child=-2 -3
leaf_value=0 0 -0.017495049180298448
leaf_weight=0.51232341676950532 0.51344569353386749 2.7808903271215968
leaf_count=5 94 1520
internal_value=-0.00417729 -0.0110631
internal_weight=3.80666 3.29321
internal_count=1619 1525
is_linear=0
shrinkage=0.05


Tree=1139
num_leaves=6
num_cat=0
split_feature=7 7 2 34 62
split_gain=0.305211 0.223544 0.142354 0.0504952 0.0265565
threshold=-0.95113511275469864 0.43672728075391015 -0.1692110927612423 3.3132680257701108 0.33981671289537113
decision_type=2 2 2 2 2
left_child=-1 2 4 -3 -2
right_child=1 3 -4 -5 -6
leaf_value=-0.019904636234916197 0.02067459299814442 -0.010115161386945569 0 0 0
leaf_weight=1.3023565442999823 1.9048493049922401 0.75484941992908705 0.18599008116871152 0.23293530195951462 0.071617688518017419
leaf_count=460 321 455 281 27 75
internal_value=0 0.00366169 0.0150824 -0.00120319 0.0197045
internal_weight=4.4526 3.15024 2.16246 0.987785 1.97647
internal_count=1619 1159 677 482 396
is_linear=0
shrinkage=0.05


Tree=1140
num_leaves=5
num_cat=0
split_feature=12 4 1 13
split_gain=0.0909475 0.0974239 0.10843 0.0532769
threshold=0.46746497599285841 -0.80312896480916507 0.74638400022582785 -0.64174629205212519
decision_type=2 2 2 2
left_child=-1 -2 3 -3
right_child=1 2 -4 -5
leaf_value=0 0 0.0013503760748027043 0 0.027489932273321943
leaf_weight=0.70992152666440222 0.21263684704899777 3.6067522087832908 0.19801945838844393 1.0061427879554687
leaf_count=883 5 149 299 283
internal_value=0.00658723 0.00949379 0.0118153 0.0140721
internal_weight=5.73347 5.02355 4.81091 4.61289
internal_count=1619 736 731 432
is_linear=0
shrinkage=0.05


Tree=1141
num_leaves=3
num_cat=0
split_feature=62 62
split_gain=0.231063 0.0870085
threshold=0.10759087094878059 0.1161839157556325
decision_type=2 2
left_child=-1 -2
right_child=1 -3
leaf_value=-0.015034945412649353 0.011786236495303233 0
leaf_weight=2.5469063279451802 1.0658546194899825 0.43214698054362077
leaf_count=949 202 468
internal_value=-0.00494406 0
internal_weight=4.04491 1.498
internal_count=1619 670
is_linear=0
shrinkage=0.05


Tree=1142
num_leaves=3
num_cat=0
split_feature=25 7
split_gain=0.0877515 0.194297
threshold=1.0000000180025095e-35 -0.95647769076175326
decision_type=2 2
left_child=1 -1
right_child=-2 -3
leaf_value=0.0014413379378371035 0.012489562964368033 -0.017269252529592563
leaf_weight=2.5571458825143054 0.90637081116437901 1.1074751668784304
leaf_count=456 98 1065
internal_value=0 0
internal_weight=4.57099 3.66462
internal_count=1619 1521
is_linear=0
shrinkage=0.05


Tree=1143
num_leaves=5
num_cat=0
split_feature=2 4 12 2
split_gain=0.184359 0.149673 0.0984806 0.0231784
threshold=-0.32117513856371432 -0.46879594223394111 1.0000000180025095e-35 -0.94246437086823953
decision_type=2 2 2 2
left_child=1 -1 -3 -4
right_child=-2 2 3 -5
leaf_value=0 0 0 0 0.016656484711209906
leaf_weight=0.26826628670096386 0.53614160182769399 0.14869503444060672 0.031835941597818329 4.3326683129998864
leaf_count=7 906 316 4 386
internal_value=0.00588582 0.0111994 0.0143798 0.0162392
internal_weight=5.31761 4.78147 4.5132 4.3645
internal_count=1619 713 706 390
is_linear=0
shrinkage=0.05


Tree=1144
num_leaves=3
num_cat=0
split_feature=53 62
split_gain=0.0930186 0.0240607
threshold=1.7857787510698466 -0.574528586573261
decision_type=2 2
left_child=1 -1
right_child=-2 -3
leaf_value=0 0.012413084370878813 -0.007023838466201149
leaf_weight=7.0267861110623926 1.0092090144753454 0.71928072610171501
leaf_count=462 100 1057
internal_value=0 -8.20116e-06
internal_weight=8.75528 7.74607
internal_count=1619 1519
is_linear=0
shrinkage=0.05


Tree=1145
num_leaves=2
num_cat=0
split_feature=46
split_gain=0.111425
threshold=1.0000000180025095e-35
decision_type=2
left_child=-1
right_child=-2
leaf_value=-0.0058475021947016169 0.009413237573660662
leaf_weight=4.290475658577634 0.79513645591214288
leaf_count=1518 101
internal_value=0
internal_weight=5.08561
internal_count=1619
is_linear=0
shrinkage=0.05


Tree=1146
num_leaves=2
num_cat=0
split_feature=0
split_gain=0.365912
threshold=1.7776565534620203
decision_type=2
left_child=-1
right_child=-2
leaf_value=-0.012288358741255143 0.0095903605469030671
leaf_weight=7.775123087427346 0.8003330985084175
leaf_count=1529 90
internal_value=-0.0070759
internal_weight=8.57546
internal_count=1619
is_linear=0
shrinkage=0.05


Tree=1147
num_leaves=2
num_cat=0
split_feature=54
split_gain=0.248056
threshold=1.0000000180025095e-35
decision_type=2
left_child=-1
right_child=-2
leaf_value=-0.0073231506978896459 0.01124117659261023
leaf_weight=10.208864303654989 0.85852492507547218
leaf_count=1525 94
internal_value=-0.00329817
internal_weight=11.0674
internal_count=1619
is_linear=0
shrinkage=0.05


Tree=1148
num_leaves=2
num_cat=0
split_feature=3
split_gain=0.17233
threshold=-1.2971169809373058
decision_type=2
left_child=-1
right_child=-2
leaf_value=0.0023550168776007847 -0.01384591184483246
leaf_weight=32.461981375236064 0.95582356187514861
leaf_count=456 1163
internal_value=0.000957279
internal_weight=33.4178
internal_count=1619
is_linear=0
shrinkage=0.05


Tree=1149
num_leaves=3
num_cat=0
split_feature=62 62
split_gain=0.0304357 0.413182
threshold=-0.096095794098812845 1.0000000180025095e-35
decision_type=2 2
left_child=-1 -2
right_child=1 -3
leaf_value=-0.0025656241310157831 0.028279450591743568 -0.0029855737901035772
leaf_weight=3.9197194363805465 0.83811254007741787 0.60240690491627902
leaf_count=757 93 769
internal_value=0 0.00492124
internal_weight=5.36024 1.44052
internal_count=1619 862
is_linear=0
shrinkage=0.05


Tree=1150
num_leaves=3
num_cat=0
split_feature=62 62
split_gain=0.0913489 0.230664
threshold=0.10759087094878059 1.0000000180025095e-35
decision_type=2 2
left_child=1 -1
right_child=-2 -3
leaf_value=0 0 0.02353708227522627
leaf_weight=2.9332378515391611 0.43794772919500236 1.0256789596751335
leaf_count=850 670 99
internal_value=0.00286464 0.00776074
internal_weight=4.39686 3.95892
internal_count=1619 949
is_linear=0
shrinkage=0.05


Tree=1151
num_leaves=2
num_cat=0
split_feature=12
split_gain=1.4525
threshold=1.0000000180025095e-35
decision_type=2
left_child=-1
right_child=-2
leaf_value=0.02809770617590723 -0.025986540189599807
leaf_weight=2.0962167093530297 1.842058345791884
leaf_count=316 1303
internal_value=0
internal_weight=3.93828
internal_count=1619
is_linear=0
shrinkage=0.05


Tree=1152
num_leaves=3
num_cat=0
split_feature=42 4
split_gain=0.140963 0.204199
threshold=1.0000000180025095e-35 -0.80312896480916507
decision_type=2 2
left_child=1 -1
right_child=-2 -3
leaf_value=0 0 -0.016881351021146324
leaf_weight=0.51153707876801568 0.50982897728681553 2.7172319765377324
leaf_count=5 94 1520
internal_value=-0.00356735 -0.0104392
internal_weight=3.7386 3.22877
internal_count=1619 1525
is_linear=0
shrinkage=0.05


Tree=1153
num_leaves=5
num_cat=0
split_feature=7 7 0 34
split_gain=0.28335 0.204231 0.133525 0.0465606
threshold=-0.95113511275469864 0.43672728075391015 0.31477906789200244 3.3132680257701108
decision_type=2 2 2 2
left_child=-1 2 -2 -3
right_child=1 3 -4 -5
leaf_value=-0.019440497729558359 0.018913205474806391 -0.0097215759904418705 0 0
leaf_weight=1.2719692875980397 1.965657310443931 0.74317686349968415 0.18349942736676883 0.23113624099642038
leaf_count=460 396 455 281 27
internal_value=0 0.00326764 0.0143849 -0.000859796
internal_weight=4.39544 3.12347 2.14916 0.974313
internal_count=1619 1159 677 482
is_linear=0
shrinkage=0.05


Tree=1154
num_leaves=5
num_cat=0
split_feature=12 4 1 13
split_gain=0.0858174 0.0945784 0.104617 0.0420961
threshold=0.46746497599285841 -0.80312896480916507 0.74638400022582785 -0.64174629205212519
decision_type=2 2 2 2
left_child=-1 -2 3 -3
right_child=1 2 -4 -5
leaf_value=0 0 0.0013153510383289138 0 0.026747697726004473
leaf_weight=0.69871219029300835 0.21203460171818722 3.6093039173865686 0.19573029497405503 0.99102403540746342
leaf_count=883 5 149 299 283
internal_value=0.00642317 0.00924344 0.0115546 0.0137808
internal_weight=5.70681 5.00809 4.79606 4.60033
internal_count=1619 736 731 432
is_linear=0
shrinkage=0.05


Tree=1155
num_leaves=3
num_cat=0
split_feature=62 62
split_gain=0.215064 0.0811108
threshold=0.10759087094878059 0.1161839157556325
decision_type=2 2
left_child=-1 -2
right_child=1 -3
leaf_value=-0.014521635162614691 0.011415820210314152 0
leaf_weight=2.5005610345397149 1.0559823291841892 0.42616297979839135
leaf_count=949 202 468
internal_value=-0.00460578 0
internal_weight=3.98271 1.48215
internal_count=1619 670
is_linear=0
shrinkage=0.05


Tree=1156
num_leaves=3
num_cat=0
split_feature=25 7
split_gain=0.0830675 0.179201
threshold=1.0000000180025095e-35 -0.95647769076175326
decision_type=2 2
left_child=1 -1
right_child=-2 -3
leaf_value=0.0014570704984750498 0.012201707088698732 -0.01671934523590515
leaf_weight=2.5560616572620347 0.89485854469239701 1.0794497026945467
leaf_count=456 98 1065
internal_value=0 0
internal_weight=4.53037 3.63551
internal_count=1619 1521
is_linear=0
shrinkage=0.05


Tree=1157
num_leaves=5
num_cat=0
split_feature=2 4 12 2
split_gain=0.168211 0.140277 0.0902029 0.0214146
threshold=-0.32117513856371432 -0.46879594223394111 1.0000000180025095e-35 -0.94246437086823953
decision_type=2 2 2 2
left_child=1 -1 -3 -4
right_child=-2 2 3 -5
leaf_value=0 0 0 0 0.015817242117787764
leaf_weight=0.26782156154513348 0.52900618163403113 0.14453526627039526 0.031220248900352909 4.3710107619408527
leaf_count=7 906 316 4 386
internal_value=0.0053681 0.0105267 0.0136448 0.0154166
internal_weight=5.34359 4.81459 4.54677 4.40223
internal_count=1619 713 706 390
is_linear=0
shrinkage=0.05


Tree=1158
num_leaves=3
num_cat=0
split_feature=53 62
split_gain=0.084997 0.0208727
threshold=1.7857787510698466 -0.574528586573261
decision_type=2 2
left_child=1 -1
right_child=-2 -3
leaf_value=0 0.011944141963607109 -0.0065785910819091912
leaf_weight=7.0185312876710668 0.98947670497000206 0.70574018827755924
leaf_count=462 100 1057
internal_value=0 0
internal_weight=8.71375 7.72427
internal_count=1619 1519
is_linear=0
shrinkage=0.05


Tree=1159
num_leaves=2
num_cat=0
split_feature=46
split_gain=0.0987579
threshold=1.0000000180025095e-35
decision_type=2
left_child=-1
right_child=-2
leaf_value=-0.0055013924050715274 0.0089739788148841607
leaf_weight=4.25116601321497 0.78022136678919185
leaf_count=1518 101
internal_value=0
internal_weight=5.03139
internal_count=1619
is_linear=0
shrinkage=0.05


Tree=1160
num_leaves=2
num_cat=0
split_feature=0
split_gain=0.339539
threshold=1.7776565534620203
decision_type=2
left_child=-1
right_child=-2
leaf_value=-0.01179037904560281 0.0091863184510665719
leaf_weight=7.6675772853195667 0.78651530202478159
leaf_count=1529 90
internal_value=-0.00664283
internal_weight=8.45409
internal_count=1619
is_linear=0
shrinkage=0.05


Tree=1161
num_leaves=2
num_cat=0
split_feature=54
split_gain=0.227306
threshold=1.0000000180025095e-35
decision_type=2
left_child=-1
right_child=-2
leaf_value=-0.0069557776955544177 0.010822393877618354
leaf_weight=10.120683653309241 0.84289208054542619
leaf_count=1525 94
internal_value=-0.00299573
internal_weight=10.9636
internal_count=1619
is_linear=0
shrinkage=0.05


Tree=1162
num_leaves=2
num_cat=0
split_feature=3
split_gain=0.15134
threshold=-1.2971169809373058
decision_type=2
left_child=-1
right_child=-2
leaf_value=0.0020616533405765306 -0.013338041390471672
leaf_weight=32.3717212153133 0.93427742543280956
leaf_count=456 1163
internal_value=0.000699274
internal_weight=33.306
internal_count=1619
is_linear=0
shrinkage=0.05


Tree=1163
num_leaves=5
num_cat=0
split_feature=7 13 13 13
split_gain=0.0247081 0.038468 0.0497891 0.0258401
threshold=0.85600355063308098 0.90319772419341005 -0.35022694594233067 0.3927617013957182
decision_type=2 2 2 2
left_child=3 2 -2 -1
right_child=1 -3 -4 -5
leaf_value=-0.0042116285077680995 0 0 0.016011151864691139 0
leaf_weight=4.1115463369060308 0.079983137547969818 0.11052650638157502 0.53455120403668832 0.47956013301154587
leaf_count=1055 1 153 142 268
internal_value=0 0.00603186 0.0112374 -0.00183797
internal_weight=5.31617 0.725061 0.614534 4.59111
internal_count=1619 296 143 1323
is_linear=0
shrinkage=0.05


Tree=1164
num_leaves=3
num_cat=0
split_feature=62 62
split_gain=0.087189 0.214625
threshold=0.10759087094878059 1.0000000180025095e-35
decision_type=2 2
left_child=1 -1
right_child=-2 -3
leaf_value=0 0 0.022923750910143724
leaf_weight=2.9250725532183424 0.43305845552822564 1.0037096305750313
leaf_count=850 670 99
internal_value=0.0027083 0.00756765
internal_weight=4.36184 3.92878
internal_count=1619 949
is_linear=0
shrinkage=0.05


Tree=1165
num_leaves=2
num_cat=0
split_feature=12
split_gain=1.36195
threshold=1.0000000180025095e-35
decision_type=2
left_child=-1
right_child=-2
leaf_value=0.027589897627844841 -0.025458444434893562
leaf_weight=2.0283534629270434 1.7839406291313937
leaf_count=316 1303
internal_value=0
internal_weight=3.81229
internal_count=1619
is_linear=0
shrinkage=0.05


Tree=1166
num_leaves=3
num_cat=0
split_feature=42 4
split_gain=0.127092 0.192982
threshold=1.0000000180025095e-35 -0.80312896480916507
decision_type=2 2
left_child=1 -1
right_child=-2 -3
leaf_value=0 0 -0.016283272939472626
leaf_weight=0.51073513180017549 0.5064144986681639 2.6574583835317753
leaf_count=5 94 1520
internal_value=-0.00297701 -0.00983382
internal_weight=3.67461 3.16819
internal_count=1619 1525
is_linear=0
shrinkage=0.05


Tree=1167
num_leaves=6
num_cat=0
split_feature=7 7 2 34 62
split_gain=0.263399 0.186661 0.125361 0.0428107 0.0236564
threshold=-0.95113511275469864 0.43672728075391015 -0.1692110927612423 3.3132680257701108 0.33981671289537113
decision_type=2 2 2 2 2
left_child=-1 2 4 -3 -2
right_child=1 3 -4 -5 -6
leaf_value=-0.01898597992342713 0.019084076503220422 -0.0093379756967883754 0 0 0
leaf_weight=1.2431793300784191 1.8858512688893827 0.73201320038060647 0.18113458625157397 0.22944012749940157 0.070130690990481415
leaf_count=460 321 455 281 27 75
internal_value=0 0.00289395 0.0137197 -0.000524482 0.0181582
internal_weight=4.34175 3.09857 2.13712 0.961453 1.95598
internal_count=1619 1159 677 482 396
is_linear=0
shrinkage=0.05


Tree=1168
num_leaves=5
num_cat=0
split_feature=12 4 1 13
split_gain=0.0809938 0.0918007 0.10098 0.031942
threshold=0.46746497599285841 -0.80312896480916507 0.74638400022582785 -0.64174629205212519
decision_type=2 2 2 2
left_child=-1 -2 3 -3
right_child=1 2 -4 -5
leaf_value=0 0 0.0012759566873763476 0 0.026019484938074256
leaf_weight=0.68803813139675174 0.21142283082008351 3.6122344388859342 0.19355728509253811 0.97699443774763528
leaf_count=883 5 149 299 283
internal_value=0.00626106 0.00899801 0.0112981 0.0134947
internal_weight=5.68225 4.99421 4.78279 4.58923
internal_count=1619 736 731 432
is_linear=0
shrinkage=0.05


Tree=1169
num_leaves=3
num_cat=0
split_feature=62 62
split_gain=0.200167 0.0756737
threshold=0.10759087094878059 0.1161839157556325
decision_type=2 2
left_child=-1 -2
right_child=1 -3
leaf_value=-0.014022557807695641 0.011060008709677329 0
leaf_weight=2.4568117462331434 1.0465863267891107 0.42050016782013688
leaf_count=949 202 468
internal_value=-0.00427866 0
internal_weight=3.9239 1.46709
internal_count=1619 670
is_linear=0
shrinkage=0.05


Tree=1170
num_leaves=3
num_cat=0
split_feature=25 7
split_gain=0.078684 0.165322
threshold=1.0000000180025095e-35 -0.95647769076175326
decision_type=2 2
left_child=1 -1
right_child=-2 -3
leaf_value=0.0014646536704101341 0.011922462688685706 -0.016183440708567889
leaf_weight=2.5554867415339686 0.883867205120623 1.0530516517173967
leaf_count=456 98 1065
internal_value=0 0
internal_weight=4.49241 3.60854
internal_count=1619 1521
is_linear=0
shrinkage=0.05


Tree=1171
num_leaves=5
num_cat=0
split_feature=2 4 12 2
split_gain=0.153425 0.131503 0.0827111 0.0198054
threshold=-0.32117513856371432 -0.46879594223394111 1.0000000180025095e-35 -0.94246437086823953
decision_type=2 2 2 2
left_child=1 -1 -3 -4
right_child=-2 2 3 -5
leaf_value=0 0 0 0 0.015024914099450077
leaf_weight=0.26735757663846005 0.52223347994731728 0.14056162990164001 0.030627525644375875 4.4097162762773232
leaf_count=7 906 316 4 386
internal_value=0.00487903 0.00989175 0.0129499 0.0146399
internal_weight=5.3705 4.84826 4.58091 4.44034
internal_count=1619 713 706 390
is_linear=0
shrinkage=0.05


Tree=1172
num_leaves=3
num_cat=0
split_feature=53 62
split_gain=0.0777161 0.0180648
threshold=1.7857787510698466 -0.574528586573261
decision_type=2 2
left_child=1 -1
right_child=-2 -3
leaf_value=0 0.011492789741192127 -0.0061525424871521558
leaf_weight=7.0113705258117989 0.97095648013055313 0.69306246773339797
leaf_count=462 100 1057
internal_value=0 0
internal_weight=8.67539 7.70443
internal_count=1619 1519
is_linear=0
shrinkage=0.05


Tree=1173
num_leaves=2
num_cat=0
split_feature=46
split_gain=0.0875469
threshold=1.0000000180025095e-35
decision_type=2
left_child=-1
right_child=-2
leaf_value=-0.0051748064070852055 0.0085523851037939691
leaf_weight=4.2146448114363011 0.76622100127860893
leaf_count=1518 101
internal_value=0
internal_weight=4.98087
internal_count=1619
is_linear=0
shrinkage=0.05


Tree=1174
num_leaves=2
num_cat=0
split_feature=0
split_gain=0.315188
threshold=1.7776565534620203
decision_type=2
left_child=-1
right_child=-2
leaf_value=-0.011310939955989665 0.0087985133793215889
leaf_weight=7.5665182104567066 0.77352161426097144
leaf_count=1529 90
internal_value=-0.00622563
internal_weight=8.34004
internal_count=1619
is_linear=0
shrinkage=0.05


Tree=1175
num_leaves=2
num_cat=0
split_feature=54
split_gain=0.208363
threshold=1.0000000180025095e-35
decision_type=2
left_child=-1
right_child=-2
leaf_value=-0.0066081106445779261 0.010419211721493621
leaf_weight=10.038452606619101 0.82817186228931028
leaf_count=1525 94
internal_value=-0.00270975
internal_weight=10.8666
internal_count=1619
is_linear=0
shrinkage=0.05


Tree=1176
num_leaves=2
num_cat=0
split_feature=3
split_gain=0.132694
threshold=-1.2971169809373058
decision_type=2
left_child=-1
right_child=-2
leaf_value=0.0017853655416381221 -0.012866029856633732
leaf_weight=32.286302968626842 0.91482972932862949
leaf_count=456 1163
internal_value=0.000454949
internal_weight=33.2011
internal_count=1619
is_linear=0
shrinkage=0.05


Tree=1177
num_leaves=3
num_cat=0
split_feature=62 62
split_gain=0.0228921 0.378056
threshold=-0.096095794098812845 1.0000000180025095e-35
decision_type=2 2
left_child=-1 -2
right_child=1 -3
leaf_value=-0.0021777232544845913 0.027256634768522359 -0.0022896874795492097
leaf_weight=3.8823948997596744 0.81358959106728412 0.58527130982838571
leaf_count=757 93 769
internal_value=0 0.0043811
internal_weight=5.28126 1.39886
internal_count=1619 862
is_linear=0
shrinkage=0.05


Tree=1178
num_leaves=5
num_cat=0
split_feature=2 13 7 63
split_gain=0.0617828 0.0669835 0.130597 0.0426405
threshold=-0.18940111359995646 -1.0342884930852898 0.51064067164466731 -0.24706046319822064
decision_type=2 2 2 2
left_child=1 -1 3 -3
right_child=-2 2 -4 -5
leaf_value=0 0 0.020607871895460299 0 0
leaf_weight=2.1186074529541656 0.35583320882869873 1.351555265166098 0.44452223478583608 0.059494184766663571
leaf_count=459 663 281 113 103
internal_value=0.00254634 0.00644371 0.0122457 0.0188595
internal_weight=4.33001 3.97418 1.85557 1.41105
internal_count=1619 956 497 384
is_linear=0
shrinkage=0.05


Tree=1179
num_leaves=2
num_cat=0
split_feature=12
split_gain=1.278
threshold=1.0000000180025095e-35
decision_type=2
left_child=-1
right_child=-2
leaf_value=0.027081753385435281 -0.024946524196200318
leaf_weight=1.9638445246964695 1.7302873360749798
leaf_count=316 1303
internal_value=0
internal_weight=3.69413
internal_count=1619
is_linear=0
shrinkage=0.05


Tree=1180
num_leaves=3
num_cat=0
split_feature=42 4
split_gain=0.114226 0.182316
threshold=1.0000000180025095e-35 -0.80312896480916507
decision_type=2 2
left_child=1 -1
right_child=-2 -3
leaf_value=0 0 -0.015707707060580108
leaf_weight=0.51016050949692804 0.50330119999125589 2.6020491134549957
leaf_count=5 94 1520
internal_value=-0.00241584 -0.0092577
internal_weight=3.61551 3.11221
internal_count=1619 1525
is_linear=0
shrinkage=0.05


Tree=1181
num_leaves=6
num_cat=0
split_feature=7 7 2 34 62
split_gain=0.244986 0.170088 0.118039 0.0394341 0.0219048
threshold=-0.95113511275469864 0.43672728075391015 -0.1692110927612423 3.3132680257701108 0.33981671289537113
decision_type=2 2 2 2 2
left_child=-1 2 4 -3 -2
right_child=1 3 -4 -5 -6
leaf_value=-0.018541781682368676 0.018317620192892011 -0.0089851453897839134 0 0 0
leaf_weight=1.2159246361698022 1.8769341345177966 0.72194740767008614 0.17952077111112918 0.22799617517739534 0.069271830143406876
leaf_count=460 321 455 281 27 75
internal_value=0 0.00251032 0.0130576 -0.000213449 0.0174255
internal_weight=4.29159 3.07567 2.12573 0.949944 1.94621
internal_count=1619 1159 677 482 396
is_linear=0
shrinkage=0.05


Tree=1182
num_leaves=5
num_cat=0
split_feature=12 4 1 13
split_gain=0.0764061 0.0890914 0.0976441 0.0225704
threshold=0.46746497599285841 -0.80312896480916507 0.74638400022582785 -0.64174629205212519
decision_type=2 2 2 2
left_child=-1 -2 3 -3
right_child=1 2 -4 -5
leaf_value=0 0 0.0012319734383955516 0 0.025289634075312997
leaf_weight=0.67828816387918767 0.21098168194293965 3.6155601945356461 0.19186123640974972 0.96456512290751595
leaf_count=883 5 149 299 283
internal_value=0.0060919 0.00874872 0.0110386 0.01321
internal_weight=5.66126 4.98297 4.77199 4.58013
internal_count=1619 736 731 432
is_linear=0
shrinkage=0.05


Tree=1183
num_leaves=3
num_cat=0
split_feature=62 62
split_gain=0.186614 0.0706673
threshold=0.10759087094878059 0.1161839157556325
decision_type=2 2
left_child=-1 -2
right_child=1 -3
leaf_value=-0.013550130225109628 0.010718656234100628 0
leaf_weight=2.4165103855484635 1.0377222856041042 0.41513121838215727
leaf_count=949 202 468
internal_value=-0.00397253 0
internal_weight=3.86936 1.45285
internal_count=1619 670
is_linear=0
shrinkage=0.05


Tree=1184
num_leaves=3
num_cat=0
split_feature=25 7
split_gain=0.0746267 0.153032
threshold=1.0000000180025095e-35 -0.95647769076175326
decision_type=2 2
left_child=1 -1
right_child=-2 -3
leaf_value=0.0014633347520749962 0.011654787455041903 -0.015681686460835658
leaf_weight=2.5554659100598656 0.87348960433155287 1.0291348940518221
leaf_count=456 98 1065
internal_value=0 0
internal_weight=4.45809 3.5846
internal_count=1619 1521
is_linear=0
shrinkage=0.05


Tree=1185
num_leaves=5
num_cat=0
split_feature=2 4 12 2
split_gain=0.139768 0.12322 0.0758567 0.0183546
threshold=-0.32117513856371432 -0.46879594223394111 1.0000000180025095e-35 -0.94246437086823953
decision_type=2 2 2 2
left_child=1 -1 -3 -4
right_child=-2 2 3 -5
leaf_value=0 0 0 0 0.014267393511319948
leaf_weight=0.2669871263206004 0.51675799273652945 0.13676518009742711 0.030111199012025192 4.4469329218263747
leaf_count=7 906 316 4 386
internal_value=0.00439647 0.00928027 0.0122825 0.0138963
internal_weight=5.39755 4.8808 4.61381 4.47704
internal_count=1619 713 706 390
is_linear=0
shrinkage=0.05


Tree=1186
num_leaves=3
num_cat=0
split_feature=53 62
split_gain=0.0712274 0.0158052
threshold=1.7857787510698466 -0.574528586573261
decision_type=2 2
left_child=1 -1
right_child=-2 -3
leaf_value=0 0.01106691947340991 -0.0057812290813534298
leaf_weight=7.0053736332338303 0.95389746967703093 0.68222526443423692
leaf_count=462 100 1057
internal_value=0 0
internal_weight=8.6415 7.6876
internal_count=1619 1519
is_linear=0
shrinkage=0.05


Tree=1187
num_leaves=2
num_cat=0
split_feature=46
split_gain=0.0778513
threshold=1.0000000180025095e-35
decision_type=2
left_child=-1
right_child=-2
leaf_value=-0.0048764830802891816 0.0081526059213377407
leaf_weight=4.1817761432612315 0.75322097307071079
leaf_count=1518 101
internal_value=0
internal_weight=4.935
internal_count=1619
is_linear=0
shrinkage=0.05


Tree=1188
num_leaves=2
num_cat=0
split_feature=0
split_gain=0.292961
threshold=1.7776565534620203
decision_type=2
left_child=-1
right_child=-2
leaf_value=-0.010855173941284435 0.0084314524205927992
leaf_weight=7.4727073279209435 0.76145851612091053
leaf_count=1529 90
internal_value=-0.00582874
internal_weight=8.23417
internal_count=1619
is_linear=0
shrinkage=0.05


Tree=1189
num_leaves=2
num_cat=0
split_feature=54
split_gain=0.191317
threshold=1.0000000180025095e-35
decision_type=2
left_child=-1
right_child=-2
leaf_value=-0.0062848777979909176 0.010035853553622229
leaf_weight=9.9631445400591456 0.81446645874530155
leaf_count=1525 94
internal_value=-0.00244447
internal_weight=10.7776
internal_count=1619
is_linear=0
shrinkage=0.05


Tree=1190
num_leaves=1
num_cat=0
split_feature=
split_gain=
threshold=
decision_type=
left_child=
right_child=
leaf_value=0
leaf_weight=
leaf_count=1892
internal_value=
internal_weight=
internal_count=
is_linear=0
shrinkage=1


Tree=1191
num_leaves=3
num_cat=0
split_feature=62 62
split_gain=0.0605113 0.343204
threshold=-0.096095794098812845 1.0000000180025095e-35
decision_type=2 2
left_child=-1 -2
right_child=1 -3
leaf_value=-0.0049712233011215655 0.026368183225491695 -0.0007213494925071461
leaf_weight=4.164789458620362 0.78503479436039902 0.5497130838339217
leaf_count=748 98 743
internal_value=0 0.00442939
internal_weight=5.49954 1.33475
internal_count=1589 841
is_linear=0
shrinkage=0.05


Tree=1192
num_leaves=4
num_cat=0
split_feature=13 38 13
split_gain=0.0445194 0.190448 0.168942
threshold=-0.78681577724436436 1.0000000180025095e-35 -1.0342884930852898
decision_type=2 2 2
left_child=2 -2 -1
right_child=1 -3 -4
leaf_value=0 -0.016648984095444665 0.006150907408930424 0.022550760843679178
leaf_weight=2.2160985840018843 1.0551690071006303 0.69059035880491126 0.54949055751785625
leaf_count=454 1033 97 5
internal_value=9.97726e-05 0 0.0058393
internal_weight=4.51135 1.74576 2.76559
internal_count=1589 1130 459
is_linear=0
shrinkage=0.05


Tree=1193
num_leaves=2
num_cat=0
split_feature=12
split_gain=1.17446
threshold=1.0000000180025095e-35
decision_type=2
left_child=-1
right_child=-2
leaf_value=0.025810396015735589 -0.024982945032317416
leaf_weight=1.814645279198885 1.7337388344458304
leaf_count=301 1288
internal_value=0
internal_weight=3.54838
internal_count=1589
is_linear=0
shrinkage=0.05


Tree=1194
num_leaves=5
num_cat=0
split_feature=62 13 3 51
split_gain=0.217197 0.213284 0.159622 0.164568
threshold=-0.17058364547969646 -0.64174629205212519 -1.0400259609247759 1.0000000180025095e-35
decision_type=2 2 2 2
left_child=1 -1 -3 -4
right_child=-2 2 3 -5
leaf_value=0 -0.0055673528231940774 0 0.034907775608497699 0
leaf_weight=2.0739649247552738 0.66605838458053757 0.11034549772739399 1.057841981295496 0.10133406613022078
leaf_count=456 942 1 100 90
internal_value=0.003255 0.0120126 0.0247944 0.029936
internal_weight=4.00954 3.34349 1.26952 1.15918
internal_count=1589 647 191 190
is_linear=0
shrinkage=0.05


Tree=1195
num_leaves=5
num_cat=0
split_feature=2 1 62 13
split_gain=0.406542 0.104256 0.0217403 0.0234224
threshold=-0.94246420894849881 0.31588771833454138 0.39320557542857287 -0.72465946724865715
decision_type=2 2 2 2
left_child=-1 2 3 -2
right_child=1 -3 -4 -5
leaf_value=-0.019095136792997288 0 0 0 0.015778948307245664
leaf_weight=2.4433045917248819 0.55575092695653427 0.34966320687090036 0.059741261153248959 1.1426639609271663
leaf_count=463 5 610 90 421
internal_value=-0.00427427 0.00368619 0.0114505 0.0126254
internal_weight=4.55112 2.10782 1.75816 1.69841
internal_count=1589 1126 516 426
is_linear=0
shrinkage=0.05


Tree=1196
num_leaves=4
num_cat=0
split_feature=7 18 3
split_gain=0.119637 0.0989749 0.0974007
threshold=0.63672551872525152 1.0000000180025095e-35 -0.72246900192451313
decision_type=2 2 2
left_child=1 -1 -2
right_child=2 -3 -4
leaf_value=-0.0080824278860034387 0.02230274640185459 0 0
leaf_weight=4.5457195897761267 0.42562346532940865 0.41905451798811544 0.49721689888974641
leaf_count=1147 3 58 381
internal_value=0 -0.00387785 0.0123471
internal_weight=5.88761 4.96477 0.92284
internal_count=1589 1205 384
is_linear=0
shrinkage=0.05


Tree=1197
num_leaves=3
num_cat=0
split_feature=62 62
split_gain=0.209972 0.0410191
threshold=0.10759087094878059 0.1161839157556325
decision_type=2 2
left_child=-1 -2
right_child=1 -3
leaf_value=-0.015048378561729173 0.0083277874603453692 0
leaf_weight=2.5502330919844103 0.97865643631666877 0.39758929895469919
leaf_count=944 191 454
internal_value=-0.00612027 0
internal_weight=3.92648 1.37625
internal_count=1589 645
is_linear=0
shrinkage=0.05


Tree=1198
num_leaves=7
num_cat=0
split_feature=2 4 3 62 2 13
split_gain=0.121267 0.131457 0.10768 0.0987711 0.0615467 0.0645429
threshold=-0.22508976731037425 -0.80312896480916507 -1.1317619565702162 0.18456546888040759 -0.94246437086823953 -0.75766210091990349
decision_type=2 2 2 2 2 2
left_child=1 -1 -3 4 -4 -6
right_child=-2 2 3 -5 5 -7
leaf_value=0 0 0 0 0 0 0.033309717128085344
leaf_weight=0.24867648631334294 0.35298540696385305 2.8136648979852903 0.041572322719730326 0.07659119865274977 0.1239977367222308 1.0199287490395366
leaf_count=5 710 453 3 134 3 281
internal_value=0.00656666 0.0104459 0.01367 0.0252593 0.0285223 0.0304581
internal_weight=4.67742 4.32443 4.07575 1.26209 1.1855 1.14393
internal_count=1589 879 874 421 287 284
is_linear=0
shrinkage=0.05


Tree=1199
num_leaves=4
num_cat=0
split_feature=2 3 2
split_gain=0.0726205 0.172804 0.0692415
threshold=-0.35671525597519538 -0.92932628974446818 -0.94246420894849881
decision_type=2 2 2
left_child=1 -1 -3
right_child=-2 2 -4
leaf_value=0 0 0 0.023803354901519292
leaf_weight=4.1477055466675665 0.49912081021466281 0.10947090294212103 0.91954959824215599
leaf_count=460 888 6 235
internal_value=0.00169056 0.00592376 0.020318
internal_weight=5.67585 5.17673 1.02902
internal_count=1589 701 241
is_linear=0
shrinkage=0.05


Tree=1200
num_leaves=2
num_cat=0
split_feature=53
split_gain=0.057037
threshold=1.7857787510698466
decision_type=2
left_child=-1
right_child=-2
leaf_value=-0.0021113094198300926 0.0087358643097880835
leaf_weight=8.1153824567736574 0.86523546976968724
leaf_count=1498 91
internal_value=0
internal_weight=8.98062
internal_count=1589
is_linear=0
shrinkage=0.05


Tree=1201
num_leaves=3
num_cat=0
split_feature=62 8
split_gain=0.0520062 0.0568953
threshold=-0.096095794098812845 -0.52456312342282096
decision_type=2 2
left_child=1 -1
right_child=-2 -3
leaf_value=0 0 0.0074791066864750982
leaf_weight=0.22399165539536614 0.49632562487386156 4.3922251666954253
leaf_count=10 841 738
internal_value=0.000499958 0.0050682
internal_weight=5.11254 4.61622
internal_count=1589 748
is_linear=0
shrinkage=0.05


Tree=1202
num_leaves=3
num_cat=0
split_feature=12 8
split_gain=0.0811292 0.112889
threshold=0.46919668403845399 -0.51376352670502978
decision_type=2 2
left_child=-1 -2
right_child=1 -3
leaf_value=0 0 0.0086524106012418871
leaf_weight=0.55477923585567612 0.37062263800180506 7.6287504123174585
leaf_count=1046 34 509
internal_value=0.00369336 0.00619634
internal_weight=8.55415 7.99937
internal_count=1589 543
is_linear=0
shrinkage=0.05


Tree=1203
num_leaves=3
num_cat=0
split_feature=8 12
split_gain=0.0754333 0.105299
threshold=-0.52456312342282096 0.46962411930038378
decision_type=2 2
left_child=-1 -2
right_child=1 -3
leaf_value=0 0 0.0077624390330447296
leaf_weight=0.38523491809610177 0.72421014070277934 10.114968658133876
leaf_count=21 1095 473
internal_value=0.004002 0.00576119
internal_weight=11.2244 10.8392
internal_count=1589 1568
is_linear=0
shrinkage=0.05


Tree=1204
num_leaves=1
num_cat=0
split_feature=
split_gain=
threshold=
decision_type=
left_child=
right_child=
leaf_value=0
leaf_weight=
leaf_count=1892
internal_value=
internal_weight=
internal_count=
is_linear=0
shrinkage=1


Tree=1205
num_leaves=3
num_cat=0
split_feature=62 62
split_gain=0.0528854 0.325918
threshold=-0.096095794098812845 1.0000000180025095e-35
decision_type=2 2
left_child=-1 -2
right_child=1 -3
leaf_value=-0.0047129098279551805 0.025765641711438969 -0.00044863860888495012
leaf_weight=4.1372160659811925 0.77103473804891087 0.54354301298735663
leaf_count=748 98 743
internal_value=0 0.00401242
internal_weight=5.45179 1.31458
internal_count=1589 841
is_linear=0
shrinkage=0.05


Tree=1206
num_leaves=4
num_cat=0
split_feature=62 62 7
split_gain=0.0338589 0.231612 0.0206764
threshold=0.10759087094878059 1.0000000180025095e-35 0.31254722416522002
decision_type=2 2 2
left_child=1 2 -1
right_child=-2 -3 -4
leaf_value=0 0 0.021359367229841268 -0.006680496734682604
leaf_weight=2.4649791950359945 0.39993213623529289 0.95510655036196102 0.65823595819529135
leaf_count=624 645 98 222
internal_value=0.000186981 0.00430427 0
internal_weight=4.47825 4.07832 3.12322
internal_count=1589 944 846
is_linear=0
shrinkage=0.05


Tree=1207
num_leaves=2
num_cat=0
split_feature=12
split_gain=1.10328
threshold=1.0000000180025095e-35
decision_type=2
left_child=-1
right_child=-2
leaf_value=0.025337097117538194 -0.024458367010728316
leaf_weight=1.7639908068813384 1.6811306595336646
leaf_count=301 1288
internal_value=0
internal_weight=3.44512
internal_count=1589
is_linear=0
shrinkage=0.05


Tree=1208
num_leaves=5
num_cat=0
split_feature=62 13 3 13
split_gain=0.202912 0.195375 0.153741 0.0442306
threshold=-0.17058364547969646 -0.64174629205212519 -1.0400259609247759 0.45264994583818924
decision_type=2 2 2 2
left_child=1 -1 -3 -4
right_child=-2 2 3 -5
leaf_value=0 -0.0051788006857104623 0 0.030936733495168452 0
leaf_weight=2.070217284112005 0.65539214215823438 0.11034394055604924 1.0673627184005456 0.073734573088586219
leaf_count=456 942 1 136 54
internal_value=0.00300526 0.011628 0.0239564 0.0290981
internal_weight=3.97705 3.32166 1.25144 1.1411
internal_count=1589 647 191 190
is_linear=0
shrinkage=0.05


Tree=1209
num_leaves=6
num_cat=0
split_feature=2 4 1 62 13
split_gain=0.378784 0.299231 0.10008 0.0206483 0.0218319
threshold=-0.94246420894849881 -0.80312896480916507 0.31588771833454138 0.39320557542857287 -0.72465946724865715
decision_type=2 2 2 2 2
left_child=1 -1 3 4 -2
right_child=2 -3 -4 -5 -6
leaf_value=0 0 -0.027597280299109208 0 0 0.015436220513449199
leaf_weight=0.61320050060749065 0.5555379083380102 1.7843416819814593 0.34611557782045554 0.058522628445643821 1.1291059601644522
leaf_count=5 5 458 610 90 421
internal_value=-0.00391716 -0.0185002 0.00350321 0.0112118 0.0123572
internal_weight=4.48682 2.39754 2.08928 1.74317 1.68464
internal_count=1589 463 1126 516 426
is_linear=0
shrinkage=0.05


Tree=1210
num_leaves=4
num_cat=0
split_feature=7 18 3
split_gain=0.109666 0.0920557 0.0914861
threshold=0.63672551872525152 1.0000000180025095e-35 -0.72246900192451313
decision_type=2 2 2
left_child=1 -1 -2
right_child=2 -3 -4
leaf_value=-0.0077044980430128309 0.021698484264233733 0 0
leaf_weight=4.4985405245097354 0.42669085413217545 0.41762557951733459 0.49290914091397997
leaf_count=1147 3 58 381
internal_value=0 -0.00350587 0.0120927
internal_weight=5.83577 4.91617 0.9196
internal_count=1589 1205 384
is_linear=0
shrinkage=0.05


Tree=1211
num_leaves=3
num_cat=0
split_feature=62 62
split_gain=0.19785 0.0403145
threshold=0.10759087094878059 0.1161839157556325
decision_type=2 2
left_child=-1 -2
right_child=1 -3
leaf_value=-0.014548648971678305 0.0082791752693321483 0
leaf_weight=2.5051120488788006 0.97037171560805269 0.39348663319833577
leaf_count=944 191 454
internal_value=-0.00568995 0
internal_weight=3.86897 1.36386
internal_count=1589 645
is_linear=0
shrinkage=0.05


Tree=1212
num_leaves=7
num_cat=0
split_feature=2 4 3 62 13 7
split_gain=0.117251 0.12864 0.0960309 0.0945074 0.0555428 0.0162818
threshold=-0.22508976731037425 -0.80312896480916507 -1.1317619565702162 0.18456546888040759 -0.75766210091990349 0.87110211167174512
decision_type=2 2 2 2 2 2
left_child=1 -1 -3 4 -4 -6
right_child=-2 2 3 -5 5 -7
leaf_value=0 0 0 0 0 0.03217287815179113 0
leaf_weight=0.247925255447626 0.34935668189427804 2.8098155370389573 0.12381599843502034 0.075137417908990645 0.93136250966927059 0.11090622717165388
leaf_count=5 710 453 3 134 259 25
internal_value=0.0064013 0.010249 0.0134695 0.0247402 0.0279552 0.0305658
internal_weight=4.64832 4.29896 4.05104 1.24122 1.16608 1.04227
internal_count=1589 879 874 421 287 284
is_linear=0
shrinkage=0.05


Tree=1213
num_leaves=4
num_cat=0
split_feature=2 3 2
split_gain=0.0697763 0.162223 0.0727133
threshold=-0.35671525597519538 -0.92932628974446818 -0.94246437086823953
decision_type=2 2 2
left_child=1 -1 -3
right_child=-2 2 -4
leaf_value=0 0 0 0.023201211238721348
leaf_weight=4.1432945910200942 0.49288546122261312 0.07181026111356914 0.94499644276220329
leaf_count=460 888 4 237
internal_value=0.00161535 0.00580138 0.0198234
internal_weight=5.65299 5.1601 1.01681
internal_count=1589 701 241
is_linear=0
shrinkage=0.05


Tree=1214
num_leaves=2
num_cat=0
split_feature=50
split_gain=0.0483308
threshold=2.4864973685560821
decision_type=2
left_child=-1
right_child=-2
leaf_value=-0.0019006871832091541 0.0081192024382584944
leaf_weight=8.0764394845464249 0.86288968456210646
leaf_count=1491 98
internal_value=0
internal_weight=8.93933
internal_count=1589
is_linear=0
shrinkage=0.05


Tree=1215
num_leaves=4
num_cat=0
split_feature=62 8 12
split_gain=0.046728 0.0538668 0.0481883
threshold=-0.096095794098812845 -0.52456312342282096 0.46542261208050156
decision_type=2 2 2
left_child=1 -1 -3
right_child=-2 2 -4
leaf_value=0 0 0 0.0088624581197997137
leaf_weight=0.22332761052530248 0.4902764843427575 0.16232254751957942 4.2421510517888237
leaf_count=10 841 346 392
internal_value=0.000300076 0.00478334 0.007168
internal_weight=5.11808 4.6278 4.40447
internal_count=1589 748 738
is_linear=0
shrinkage=0.05


Tree=1216
num_leaves=3
num_cat=0
split_feature=12 8
split_gain=0.0734317 0.105727
threshold=0.46919668403845399 -0.51376352670502978
decision_type=2 2
left_child=-1 -2
right_child=1 -3
leaf_value=0 0 0.0082165930880489426
leaf_weight=0.54552597287693139 0.36920566638582375 7.6749428188195434
leaf_count=1046 34 509
internal_value=0.00338276 0.0058017
internal_weight=8.58967 8.04415
internal_count=1589 543
is_linear=0
shrinkage=0.05


Tree=1217
num_leaves=3
num_cat=0
split_feature=8 12
split_gain=0.0702059 0.0966339
threshold=-0.52456312342282096 0.46962411930038378
decision_type=2 2
left_child=-1 -2
right_child=1 -3
leaf_value=0 0 0.0073642457508269537
leaf_weight=0.38379053329117496 0.71324927927344006 10.174520102300448
leaf_count=21 1095 473
internal_value=0.00370745 0.00544252
internal_weight=11.2716 10.8878
internal_count=1589 1568
is_linear=0
shrinkage=0.05


Tree=1218
num_leaves=1
num_cat=0
split_feature=
split_gain=
threshold=
decision_type=
left_child=
right_child=
leaf_value=0
leaf_weight=
leaf_count=1892
internal_value=
internal_weight=
internal_count=
is_linear=0
shrinkage=1


Tree=1219
num_leaves=3
num_cat=0
split_feature=62 62
split_gain=0.0464584 0.310382
threshold=-0.096095794098812845 1.0000000180025095e-35
decision_type=2 2
left_child=-1 -2
right_child=1 -3
leaf_value=-0.004468810181973374 0.025217736685210226 -0.00014723807012082595
leaf_weight=4.1114539116388187 0.75797240808606126 0.53682169714011252
leaf_count=748 98 743
internal_value=0 0.0036609
internal_weight=5.40625 1.29479
internal_count=1589 841
is_linear=0
shrinkage=0.05


Tree=1220
num_leaves=4
num_cat=0
split_feature=13 41 13
split_gain=0.0407194 0.166475 0.15215
threshold=-0.78681577724436436 1.0000000180025095e-35 -1.0342884930852898
decision_type=2 2 2
left_child=2 -2 -1
right_child=1 -3 -4
leaf_value=0 -0.015838735601471851 0.005505812133851257 0.021441910326017413
leaf_weight=2.2089693802990955 1.0173641331202814 0.67214894574135531 0.54894174495711912
leaf_count=454 1033 97 5
internal_value=0.00012919 0 0.00559213
internal_weight=4.44742 1.68951 2.75791
internal_count=1589 1130 459
is_linear=0
shrinkage=0.05


Tree=1221
num_leaves=2
num_cat=0
split_feature=12
split_gain=1.03492
threshold=1.0000000180025095e-35
decision_type=2
left_child=-1
right_child=-2
leaf_value=0.024847644994600529 -0.023932458480122782
leaf_weight=1.7138531068339946 1.6308003305748568
leaf_count=301 1288
internal_value=0
internal_weight=3.34465
internal_count=1589
is_linear=0
shrinkage=0.05


Tree=1222
num_leaves=5
num_cat=0
split_feature=62 13 3 50
split_gain=0.190007 0.179635 0.148228 0.154273
threshold=-0.17058364547969646 -0.64174629205212519 -1.0400259609247759 2.4864973685560821
decision_type=2 2 2 2
left_child=1 -1 -3 -4
right_child=-2 2 3 -5
leaf_value=0 -0.0047645105054460995 0 0.03326365360914902 0
leaf_weight=2.0667787538841371 0.64425496093463142 0.11035097390413273 1.0267263832502069 0.10139856074238185
leaf_count=456 942 1 100 90
internal_value=0.00280054 0.0112773 0.0231666 0.0282962
internal_weight=3.94951 3.30525 1.23848 1.12812
internal_count=1589 647 191 190
is_linear=0
shrinkage=0.05


Tree=1223
num_leaves=6
num_cat=0
split_feature=2 4 1 62 13
split_gain=0.352408 0.289808 0.0967146 0.0197096 0.0203478
threshold=-0.94246420894849881 -0.80312896480916507 0.31588771833454138 0.39320557542857287 -0.72465946724865715
decision_type=2 2 2 2 2
left_child=1 -1 3 4 -2
right_child=2 -3 -4 -5 -6
leaf_value=0 0 -0.0270667789431106 0 0 0.015150914517575482
leaf_weight=0.61078675836324703 0.55531936534680415 1.7352488086617086 0.34280425540055137 0.057371784467249998 1.1161476897250397
leaf_count=5 5 458 610 90 421
internal_value=-0.00352438 -0.0179113 0.0033614 0.0110235 0.0121417
internal_weight=4.41768 2.34604 2.07164 1.72884 1.67147
internal_count=1589 463 1126 516 426
is_linear=0
shrinkage=0.05


Tree=1224
num_leaves=4
num_cat=0
split_feature=7 13 18
split_gain=0.10069 0.0870998 0.0854374
threshold=0.63672551872525152 -0.35022694594233067 1.0000000180025095e-35
decision_type=2 2 2
left_child=2 -2 -1
right_child=1 -3 -4
leaf_value=-0.0073350467591615292 0.02120370505359577 0 0
leaf_weight=4.4532364652550314 0.4265420064330101 0.49022011525812548 0.4166532577946781
leaf_count=1147 3 381 58
internal_value=0 0.0118463 -0.00313882
internal_weight=5.78665 0.916762 4.86989
internal_count=1589 384 1205
is_linear=0
shrinkage=0.05


Tree=1225
num_leaves=3
num_cat=0
split_feature=62 62
split_gain=0.18631 0.0399919
threshold=0.10759087094878059 0.1161839157556325
decision_type=2 2
left_child=-1 -2
right_child=1 -3
leaf_value=-0.014049209758276671 0.0082650357981903875 0
leaf_weight=2.4613860187237155 0.96360157325398155 0.3895033446024172
leaf_count=944 191 454
internal_value=-0.00524618 0
internal_weight=3.81449 1.3531
internal_count=1589 645
is_linear=0
shrinkage=0.05


Tree=1226
num_leaves=6
num_cat=0
split_feature=2 4 3 62 13
split_gain=0.113863 0.125867 0.0864489 0.0906201 0.0537445
threshold=-0.22508976731037425 -0.80312896480916507 -1.1317619565702162 0.18456546888040759 -0.75766210091990349
decision_type=2 2 2 2 2
left_child=1 -1 -3 4 -4
right_child=-2 2 3 -5 -6
leaf_value=0 0 0 0 0 0.030040699065248186
leaf_weight=0.24646467342972744 0.34561408383888181 2.8067031501559536 0.12379273772239674 0.073682340094819554 1.0271843595255634
leaf_count=5 710 453 3 134 284
internal_value=0.00627655 0.0100908 0.0132968 0.0242868 0.027448
internal_weight=4.62344 4.27783 4.03136 1.22466 1.15098
internal_count=1589 879 874 421 287
is_linear=0
shrinkage=0.05


Tree=1227
num_leaves=4
num_cat=0
split_feature=2 3 2
split_gain=0.0671586 0.152504 0.0698768
threshold=-0.35671525597519538 -0.92932628974446818 -0.94246437086823953
decision_type=2 2 2
left_child=1 -1 -3
right_child=-2 2 -4
leaf_value=0 0 0 0.022692385002307129
leaf_weight=4.1390055020165164 0.4867758669424801 0.070926858228631318 0.93420236121164613
leaf_count=460 888 4 237
internal_value=0.00154764 0.0056876 0.0193549
internal_weight=5.63091 5.14413 1.00513
internal_count=1589 701 241
is_linear=0
shrinkage=0.05


Tree=1228
num_leaves=2
num_cat=0
split_feature=53
split_gain=0.0473735
threshold=1.7857787510698466
decision_type=2
left_child=-1
right_child=-2
leaf_value=-0.0017827869114897786 0.0082279790788944828
leaf_weight=8.0553864451358077 0.84774566488340575
leaf_count=1498 91
internal_value=0
internal_weight=8.90313
internal_count=1589
is_linear=0
shrinkage=0.05


Tree=1229
num_leaves=4
num_cat=0
split_feature=62 4 12
split_gain=0.0407767 0.050187 0.0444682
threshold=-0.096095794098812845 -0.35021576160556561 0.46542261208050156
decision_type=2 2 2
left_child=1 -1 -3
right_child=-2 2 -4
leaf_value=0 0 0 0.0084313615388542495
leaf_weight=0.22181209549307812 0.48369925524457347 0.15861989380209696 4.2631693413713947
leaf_count=9 841 346 393
internal_value=6.50036e-05 0.00445239 0.00679775
internal_weight=5.1273 4.6436 4.42179
internal_count=1589 748 739
is_linear=0
shrinkage=0.05


Tree=1230
num_leaves=3
num_cat=0
split_feature=12 8
split_gain=0.066429 0.0990606
threshold=0.46919668403845399 -0.51376352670502978
decision_type=2 2
left_child=-1 -2
right_child=1 -3
leaf_value=0 0 0.0078080068572714267
leaf_weight=0.5363705886993565 0.36767192542902183 7.7200263971462828
leaf_count=1046 34 509
internal_value=0.00309518 0.00543294
internal_weight=8.62407 8.0877
internal_count=1589 543
is_linear=0
shrinkage=0.05


Tree=1231
num_leaves=3
num_cat=0
split_feature=8 12
split_gain=0.0653702 0.0886814
threshold=-0.52456312342282096 0.46962411930038378
decision_type=2 2
left_child=-1 -2
right_child=1 -3
leaf_value=0 0 0.0069908359991368227
leaf_weight=0.38222543976735224 0.70260556641733174 10.232110512675717
leaf_count=21 1095 473
internal_value=0.00343423 0.00514589
internal_weight=11.3169 10.9347
internal_count=1589 1568
is_linear=0
shrinkage=0.05


Tree=1232
num_leaves=1
num_cat=0
split_feature=
split_gain=
threshold=
decision_type=
left_child=
right_child=
leaf_value=0
leaf_weight=
leaf_count=1892
internal_value=
internal_weight=
internal_count=
is_linear=0
shrinkage=1


Tree=1233
num_leaves=3
num_cat=0
split_feature=62 62
split_gain=0.0403479 0.2949
threshold=-0.096095794098812845 1.0000000180025095e-35
decision_type=2 2
left_child=-1 -2
right_child=1 -3
leaf_value=-0.004227912102474092 0.024640521552046844 0
leaf_weight=4.0863133191305678 0.74537719460204221 0.53131042752647772
leaf_count=748 98 743
internal_value=0 0.00326055
internal_weight=5.363 1.27669
internal_count=1589 841
is_linear=0
shrinkage=0.05


Tree=1234
num_leaves=4
num_cat=0
split_feature=7 3 2
split_gain=0.0306307 0.0629339 0.0966425
threshold=0.51064067164466731 -1.2269267479059429 -0.18940111359995646
decision_type=2 2 2
left_child=1 -1 -3
right_child=-2 2 -4
leaf_value=0 0 0.015763177332534722 0
leaf_weight=2.2021681636979338 0.62593308478244569 1.4147400412184652 0.1736496514058673
leaf_count=451 437 375 326
internal_value=0.000226599 0.00423162 0.010589
internal_weight=4.41649 3.79056 1.58839
internal_count=1589 1152 701
is_linear=0
shrinkage=0.05


Tree=1235
num_leaves=2
num_cat=0
split_feature=12
split_gain=0.971268
threshold=1.0000000180025095e-35
decision_type=2
left_child=-1
right_child=-2
leaf_value=0.02436198247862395 -0.023416412317243517
leaf_weight=1.6662198635749521 1.5836163641943128
leaf_count=301 1288
internal_value=0
internal_weight=3.24984
internal_count=1589
is_linear=0
shrinkage=0.05


Tree=1236
num_leaves=5
num_cat=0
split_feature=62 13 3 50
split_gain=0.178083 0.164451 0.143051 0.148189
threshold=-0.17058364547969646 -0.64174629205212519 -1.0400259609247759 2.4864973685560821
decision_type=2 2 2 2
left_child=1 -1 -3 -4
right_child=-2 2 3 -5
leaf_value=0 -0.0043987240559993212 0 0.032461158945607645 0
leaf_weight=2.0629759063012902 0.6345935410063247 0.11041146516799916 1.0107232113368811 0.10058310389285896
leaf_count=456 942 1 100 90
internal_value=0.00257957 0.0109363 0.0223987 0.0275323
internal_weight=3.91929 3.28469 1.22172 1.11131
internal_count=1589 647 191 190
is_linear=0
shrinkage=0.05


Tree=1237
num_leaves=6
num_cat=0
split_feature=2 4 1 62 13
split_gain=0.326284 0.280473 0.0929192 0.0187484 0.0188384
threshold=-0.94246420894849881 -0.80312896480916507 0.31588771833454138 0.39320557542857287 -0.72465946724865715
decision_type=2 2 2 2 2
left_child=1 -1 3 4 -2
right_child=2 -3 -4 -5 -6
leaf_value=0 0 -0.026524463825023881 0 0 0.01481959435004866
leaf_weight=0.60847695171833049 0.55510188883636136 1.6872335587104317 0.33951351614086878 0.056262401107232907 1.1038970442896245
leaf_count=5 5 458 610 90 421
internal_value=-0.00314291 -0.0173094 0.00318913 0.0107978 0.0118886
internal_weight=4.35049 2.29571 2.05477 1.71526 1.659
internal_count=1589 463 1126 516 426
is_linear=0
shrinkage=0.05


Tree=1238
num_leaves=4
num_cat=0
split_feature=7 13 21
split_gain=0.0925991 0.0820731 0.0791477
threshold=0.63672551872525152 -0.35022694594233067 1.0000000180025095e-35
decision_type=2 2 2
left_child=2 -2 -1
right_child=1 -3 -4
leaf_value=-0.0069818543009785407 0.020645515108155606 0 0
leaf_weight=4.410703084198758 0.42711504548788071 0.48655434139072884 0.41537478892132629
leaf_count=1147 3 381 58
internal_value=0 0.0115928 -0.0027917
internal_weight=5.73975 0.913669 4.82608
internal_count=1589 384 1205
is_linear=0
shrinkage=0.05


Tree=1239
num_leaves=3
num_cat=0
split_feature=62 62
split_gain=0.175113 0.0394257
threshold=0.10759087094878059 0.1161839157556325
decision_type=2 2
left_child=-1 -2
right_child=1 -3
leaf_value=-0.013561668680112056 0.008226738518372979 0
leaf_weight=2.419899019383593 0.95634594501461812 0.38569786865264177
leaf_count=944 191 454
internal_value=-0.00482552 0
internal_weight=3.76194 1.34204
internal_count=1589 645
is_linear=0
shrinkage=0.05


Tree=1240
num_leaves=6
num_cat=0
split_feature=2 4 3 62 2
split_gain=0.110346 0.122937 0.0759046 0.0865838 0.057071
threshold=-0.22508976731037425 -0.80312896480916507 -1.1317619565702162 0.18456546888040759 -0.94246437086823953
decision_type=2 2 2 2 2
left_child=1 -1 -3 4 -4
right_child=-2 2 3 -5 -6
leaf_value=0 0 0 0 0 0.028806711207661529
leaf_weight=0.24508086591958989 0.34225386870093633 2.8032462940027467 0.041394587024114915 0.072287304879864567 1.0952143828326373
leaf_count=5 710 453 3 134 284
internal_value=0.00613034 0.00991331 0.0131044 0.0237585 0.0268637
internal_weight=4.59948 4.25722 4.01214 1.2089 1.13661
internal_count=1589 879 874 421 287
is_linear=0
shrinkage=0.05


Tree=1241
num_leaves=4
num_cat=0
split_feature=2 3 2
split_gain=0.0645717 0.142678 0.0668869
threshold=-0.35671525597519538 -0.92932628974446818 -0.94246437086823953
decision_type=2 2 2
left_child=1 -1 -3
right_child=-2 2 -4
leaf_value=0 0 0 0.022148634796409411
leaf_weight=4.1345178250630852 0.48107472341507662 0.069950762786902487 0.92414750170428295
leaf_count=460 888 4 237
internal_value=0.00147497 0.0055715 0.0188594
internal_weight=5.60969 5.12862 0.994098
internal_count=1589 701 241
is_linear=0
shrinkage=0.05


Tree=1242
num_leaves=2
num_cat=0
split_feature=50
split_gain=0.0399616
threshold=2.4864973685560821
decision_type=2
left_child=-1
right_child=-2
leaf_value=-0.0015897593101575223 0.0076298821540603766
leaf_weight=8.0200919667840918 0.84622826764825809
leaf_count=1491 98
internal_value=0
internal_weight=8.86632
internal_count=1589
is_linear=0
shrinkage=0.05


Tree=1243
num_leaves=4
num_cat=0
split_feature=62 8 12
split_gain=0.0353514 0.0471892 0.0411785
threshold=-0.096095794098812845 -0.52456312342282096 0.46542261208050156
decision_type=2 2 2
left_child=1 -1 -3
right_child=-2 2 -4
leaf_value=0 0 0 0.0080432807028388772
leaf_weight=0.2220173172536305 0.47812521347077552 0.1550269292492884 4.2809071923256852
leaf_count=10 841 346 392
internal_value=0 0.00413938 0.00646575
internal_weight=5.13608 4.65795 4.43593
internal_count=1589 748 738
is_linear=0
shrinkage=0.05


Tree=1244
num_leaves=3
num_cat=0
split_feature=12 8
split_gain=0.0600722 0.0927454
threshold=0.46919668403845399 -0.51376352670502978
decision_type=2 2
left_child=-1 -2
right_child=1 -3
leaf_value=0 0 0.0074188821104369477
leaf_weight=0.52798221071134399 0.36596408314653661 7.7625014718505536
leaf_count=1046 34 509
internal_value=0.00281819 0.00508266
internal_weight=8.65645 8.12847
internal_count=1589 543
is_linear=0
shrinkage=0.05


Tree=1245
num_leaves=4
num_cat=0
split_feature=8 10 11
split_gain=0.0607404 0.0477004 0.0324866
threshold=-0.52456312342282096 0.5066970897320362 1.0000000180025095e-35
decision_type=2 2 2
left_child=-1 2 -2
right_child=1 -3 -4
leaf_value=0 0.0066109508162755506 0 0
leaf_weight=0.38047359965275873 10.291598198557036 0.55749156681122336 0.13009272806812155
leaf_count=21 478 795 295
internal_value=0.00317197 0.00486038 0.00597895
internal_weight=11.3597 10.9792 10.4217
internal_count=1589 1568 773
is_linear=0
shrinkage=0.05


Tree=1246
num_leaves=1
num_cat=0
split_feature=
split_gain=
threshold=
decision_type=
left_child=
right_child=
leaf_value=0
leaf_weight=
leaf_count=1892
internal_value=
internal_weight=
internal_count=
is_linear=0
shrinkage=1


Tree=1247
num_leaves=3
num_cat=0
split_feature=62 62
split_gain=0.0350335 0.280791
threshold=-0.096095794098812845 1.0000000180025095e-35
decision_type=2 2
left_child=-1 -2
right_child=1 -3
leaf_value=-0.0039931641563892206 0.024103546790427987 0
leaf_weight=4.0621172335813753 0.73380447272211291 0.52567870813072659
leaf_count=748 98 743
internal_value=0 0.0029041
internal_weight=5.3216 1.25948
internal_count=1589 841
is_linear=0
shrinkage=0.05


Tree=1248
num_leaves=4
num_cat=0
split_feature=13 41 13
split_gain=0.0368807 0.150591 0.135913
threshold=-0.78681577724436436 1.0000000180025095e-35 -1.0342884930852898
decision_type=2 2 2
left_child=2 -2 -1
right_child=1 -3 -4
leaf_value=0 -0.01524241295589138 0.0051034286923593011 0.020305547072122104
leaf_weight=2.2022058981528976 0.99029600582434774 0.660934176761657 0.5478391263168304
leaf_count=454 1033 97 5
internal_value=0.000107116 0 0.00532792
internal_weight=4.40128 1.65123 2.75005
internal_count=1589 1130 459
is_linear=0
shrinkage=0.05


Tree=1249
num_leaves=2
num_cat=0
split_feature=11
split_gain=0.794931
threshold=1.0000000180025095e-35
decision_type=2
left_child=-1
right_child=-2
leaf_value=-0.020584228135013274 0.023094574695167704
leaf_weight=1.6084654901060276 1.5510513400658965
leaf_count=1294 295
internal_value=0
internal_weight=3.15952
internal_count=1589
is_linear=0
shrinkage=0.05


Tree=1250
num_leaves=4
num_cat=0
split_feature=62 3 7
split_gain=0.167465 0.078209 0.0951288
threshold=-0.17058364547969646 -1.0400259609247759 0.43672728075391015
decision_type=2 2 2
left_child=1 -1 -3
right_child=-2 2 -4
leaf_value=0 -0.0040275301550029719 0 0.025980624096528456
leaf_weight=1.9837279063649478 0.62495919934008259 0.5087867606780494 0.77237613638862967
leaf_count=455 942 111 81
internal_value=0.00239045 0.010631 0.0186725
internal_weight=3.88985 3.26489 1.28116
internal_count=1589 647 192
is_linear=0
shrinkage=0.05


Tree=1251
num_leaves=6
num_cat=0
split_feature=2 4 1 62 13
split_gain=0.302291 0.271327 0.0904343 0.018 0.0167066
threshold=-0.94246420894849881 -0.80312896480916507 0.31588771833454138 0.39320557542857287 -0.72465946724865715
decision_type=2 2 2 2 2
left_child=1 -1 3 4 -2
right_child=2 -3 -4 -5 -6
leaf_value=0 0 -0.025981140233766867 0 0 0.014549948474023695
leaf_weight=0.60607303678989422 0.55487458163406689 1.6410912565770559 0.33640749828191463 0.055212251842021831 1.0926592501928101
leaf_count=5 5 458 610 90 421
internal_value=-0.00272532 -0.0167088 0.00309454 0.0106619 0.0117283
internal_weight=4.28632 2.24716 2.03915 1.70275 1.64753
internal_count=1589 463 1126 516 426
is_linear=0
shrinkage=0.05


Tree=1252
num_leaves=4
num_cat=0
split_feature=7 13 18
split_gain=0.0856094 0.0774489 0.0731139
threshold=0.63672551872525152 -0.35022694594233067 1.0000000180025095e-35
decision_type=2 2 2
left_child=2 -2 -1
right_child=1 -3 -4
leaf_value=-0.0066364937042484185 0.020131976969058874 0 0
leaf_weight=4.3697957046970259 0.42759205400943756 0.4832651046453974 0.41451560240238894
leaf_count=1147 3 381 58
internal_value=0 0.011368 -0.0024491
internal_weight=5.69517 0.910857 4.78431
internal_count=1589 384 1205
is_linear=0
shrinkage=0.05


Tree=1253
num_leaves=3
num_cat=0
split_feature=62 62
split_gain=0.164629 0.0395147
threshold=0.10759087094878059 0.1161839157556325
decision_type=2 2
left_child=-1 -2
right_child=1 -3
leaf_value=-0.013078544789841893 0.0082538448156207044 0
leaf_weight=2.3799138132599187 0.95006075187120564 0.38205493794521317
leaf_count=944 191 454
internal_value=-0.00438616 0
internal_weight=3.71203 1.33212
internal_count=1589 645
is_linear=0
shrinkage=0.05


Tree=1254
num_leaves=5
num_cat=0
split_feature=2 3 62 7
split_gain=0.107002 0.0757728 0.0647302 0.0752713
threshold=-0.22508976731037425 -1.1317619565702162 0.18456546888040759 0.87110211167174512
decision_type=2 2 2 2
left_child=1 -1 3 -3
right_child=-2 2 -4 -5
leaf_value=0 0 0.025137924490697613 0 0
leaf_weight=2.9334345574607141 0.33893890210310917 1.0653670020110437 0.070946887601166853 0.16824700121651393
leaf_count=456 710 263 134 26
internal_value=0.00599126 0.00974283 0.0188202 0.0214951
internal_weight=4.57693 4.238 1.30456 1.23361
internal_count=1589 879 423 289
is_linear=0
shrinkage=0.05


Tree=1255
num_leaves=4
num_cat=0
split_feature=1 3 7
split_gain=0.0619029 0.132737 0.0500534
threshold=1.0000000180025095e-35 -0.92932628974446818 0.71816509480582347
decision_type=2 2 2
left_child=1 -1 -3
right_child=-2 2 -4
leaf_value=0 0 0.021310435657800084 0
leaf_weight=4.1299152864376083 0.47277057616156515 0.87424572423333291 0.11245682591106743
leaf_count=460 887 218 24
internal_value=0.00142459 0.0054547 0.0183198
internal_weight=5.58939 5.11662 0.986703
internal_count=1589 702 242
is_linear=0
shrinkage=0.05


Tree=1256
num_leaves=2
num_cat=0
split_feature=50
split_gain=0.0363279
threshold=2.4864973685560821
decision_type=2
left_child=-1
right_child=-2
leaf_value=-0.0014452551052642928 0.0073895356652275666
leaf_weight=7.9941207000229042 0.83828892343444739
leaf_count=1491 98
internal_value=0
internal_weight=8.83241
internal_count=1589
is_linear=0
shrinkage=0.05


Tree=1257
num_leaves=4
num_cat=0
split_feature=62 8 12
split_gain=0.0306519 0.0441292 0.0381288
threshold=-0.096095794098812845 -0.52456312342282096 0.46542261208050156
decision_type=2 2 2
left_child=1 -1 -3
right_child=-2 2 -4
leaf_value=0 0 0 0.0076688402931289201
leaf_weight=0.22102997882757325 0.4723992115468717 0.15160423240740772 4.2996870137285441
leaf_count=10 841 346 392
internal_value=0 0.00384907 0.00614479
internal_weight=5.14472 4.67232 4.45129
internal_count=1589 748 738
is_linear=0
shrinkage=0.05


Tree=1258
num_leaves=3
num_cat=0
split_feature=12 8
split_gain=0.0543255 0.083354
threshold=0.46919668403845399 -0.51302483431305468
decision_type=2 2
left_child=-1 -2
right_child=1 -3
leaf_value=0 0 0.0069873711201952765
leaf_weight=0.51978905420401211 0.38168460747692723 7.7860780722985492
leaf_count=1046 39 504
internal_value=0.00256305 0.00475731
internal_weight=8.68755 8.16776
internal_count=1589 543
is_linear=0
shrinkage=0.05


Tree=1259
num_leaves=3
num_cat=0
split_feature=8 12
split_gain=0.0564474 0.0750041
threshold=-0.52456312342282096 0.46962411930038378
decision_type=2 2
left_child=-1 -2
right_child=1 -3
leaf_value=0 0 0.0063048788089265576
leaf_weight=0.37836349976714601 0.68315601351787236 10.338792428985471
leaf_count=21 1095 473
internal_value=0.00293095 0.00459569
internal_weight=11.4003 11.0219
internal_count=1589 1568
is_linear=0
shrinkage=0.05


Tree=1260
num_leaves=1
num_cat=0
split_feature=
split_gain=
threshold=
decision_type=
left_child=
right_child=
leaf_value=0
leaf_weight=
leaf_count=1892
internal_value=
internal_weight=
internal_count=
is_linear=0
shrinkage=1


Tree=1261
num_leaves=4
num_cat=0
split_feature=62 62 3
split_gain=0.107972 0.1705 0.0292085
threshold=1.0000000180025095e-35 -0.096095794098812845 -1.2971169809373058
decision_type=2 2 2
left_child=1 2 -1
right_child=-2 -3 -4
leaf_value=0.003592916656208759 -0.0024563727908505852 0.023924970449752544 -0.0045033642476356587
leaf_weight=3.3963279651070475 0.58718648829380971 0.74072953406721342 0.62047044734936241
leaf_count=455 763 96 292
internal_value=0.00187643 0.00734903 0
internal_weight=5.34471 4.75753 4.0168
internal_count=1606 843 747
is_linear=0
shrinkage=0.05


Tree=1262
num_leaves=4
num_cat=0
split_feature=13 13 1
split_gain=0.0363659 0.124311 0.010559
threshold=-0.78681577724436436 -1.0342884930852898 -0.047502806157274195
decision_type=2 2 2
left_child=1 -1 -2
right_child=2 -3 -4
leaf_value=0 -0.0047454505567537802 0.019565630629165352 0
leaf_weight=2.1896312091848817 0.67221331680775598 0.5493150446563958 0.99847865680931136
leaf_count=461 167 6 972
internal_value=0 0.00529804 0
internal_weight=4.40964 2.73895 1.67069
internal_count=1606 467 1139
is_linear=0
shrinkage=0.05


Tree=1263
num_leaves=2
num_cat=0
split_feature=12
split_gain=0.884782
threshold=1.0000000180025095e-35
decision_type=2
left_child=-1
right_child=-2
leaf_value=0.023770625022195915 -0.022530646407499775
leaf_weight=1.6112802661955359 1.5073515209660397
leaf_count=308 1298
internal_value=0
internal_weight=3.11863
internal_count=1606
is_linear=0
shrinkage=0.05


Tree=1264
num_leaves=5
num_cat=0
split_feature=62 13 3 50
split_gain=0.159287 0.120251 0.127283 0.143455
threshold=-0.17058364547969646 -0.64174629205212519 -1.0400259609247759 2.6023896710842358
decision_type=2 2 2 2
left_child=1 -1 -3 -4
right_child=-2 2 3 -5
leaf_value=0 -0.005833135486920233 0 0.030558394208102815 0
leaf_weight=2.0478991727868565 0.67173689696937788 0.1103394329547881 0.93627001298591517 0.10658621997572482
leaf_count=462 954 1 88 101
internal_value=0.00111055 0.0099136 0.0200467 0.025236
internal_weight=3.87283 3.20109 1.1532 1.04286
internal_count=1606 652 190 189
is_linear=0
shrinkage=0.05


Tree=1265
num_leaves=4
num_cat=0
split_feature=7 7 34
split_gain=0.112757 0.178088 0.112155
threshold=0.44927072425037057 0.39050238278715843 3.3132680257701108
decision_type=2 2 2
left_child=1 -1 -2
right_child=2 -3 -4
leaf_value=0 -0.016075068032071448 0.019732987197593262 0
leaf_weight=2.0480650681420234 0.93213368626311399 1.1369857603276612 0.23111064173281193
leaf_count=1100 438 38 30
internal_value=0 0.00722209 -0.00734318
internal_weight=4.3483 3.18505 1.16324
internal_count=1606 1138 468
is_linear=0
shrinkage=0.05


Tree=1266
num_leaves=4
num_cat=0
split_feature=3 21 12
split_gain=0.0591595 0.179711 0.048096
threshold=-1.1754222435261918 1.0000000180025095e-35 0.46746497599285841
decision_type=2 2 2
left_child=2 -2 -1
right_child=1 -3 -4
leaf_value=0 -0.013951478914854413 0.011205294734289058 0.0099094147426409766
leaf_weight=0.12987491162493858 0.95989859907422193 0.81505237938836217 3.8096614950918593
leaf_count=311 1045 97 153
internal_value=0.00499505 0 0.00826075
internal_weight=5.71449 1.77495 3.93954
internal_count=1606 1142 464
is_linear=0
shrinkage=0.05


Tree=1267
num_leaves=3
num_cat=0
split_feature=3 12
split_gain=0.151168 0.0536629
threshold=-1.0868720616634644 0.49134678747263855
decision_type=2 2
left_child=1 -1
right_child=-2 -3
leaf_value=0 0 0.013733183599218836
leaf_weight=0.10010242601856667 1.5195080951525595 2.3211960569024086
leaf_count=316 1136 154
internal_value=0.00212221 0.0116711
internal_weight=3.94081 2.4213
internal_count=1606 470
is_linear=0
shrinkage=0.05


Tree=1268
num_leaves=5
num_cat=0
split_feature=0 4 12 7
split_gain=0.091709 0.137493 0.0599733 0.0549197
threshold=0.12792077383429587 -0.80312896480916507 0.45656027480124345 0.71816509480582347
decision_type=2 2 2 2
left_child=1 -1 -3 -4
right_child=-2 2 3 -5
leaf_value=0 0 0 0.015507893848691043 0
leaf_weight=0.29907261952757824 0.33648408544831898 0.10613926179939914 3.6101275287801404 0.21298266752273765
leaf_count=6 711 311 520 58
internal_value=0.00503161 0.00869529 0.0125825 0.0140316
internal_weight=4.56481 4.22832 3.92925 3.82311
internal_count=1606 895 889 578
is_linear=0
shrinkage=0.05


Tree=1269
num_leaves=4
num_cat=0
split_feature=13 62 3
split_gain=0.0653477 0.0871871 0.068371
threshold=-0.75766210091990349 0.39320557542857287 -0.92932628974446818
decision_type=2 2 2
left_child=2 -2 -1
right_child=1 -3 -4
leaf_value=0 -0.012502527215702964 0 0.022855323806151372
leaf_weight=3.9238397814624477 0.89442967760260195 0.61375835136277601 0.16863180696964253
leaf_count=468 948 189 1
internal_value=0.00156666 0 0.00623167
internal_weight=5.60066 1.50819 4.09247
internal_count=1606 1137 469
is_linear=0
shrinkage=0.05


Tree=1270
num_leaves=2
num_cat=0
split_feature=50
split_gain=0.0604528
threshold=2.9602423299905172
decision_type=2
left_child=-1
right_child=-2
leaf_value=-0.001344880232770409 0.010143413366532293
leaf_weight=8.0155589215282799 0.81918856315314847
leaf_count=1506 100
internal_value=0
internal_weight=8.83475
internal_count=1606
is_linear=0
shrinkage=0.05


Tree=1271
num_leaves=2
num_cat=0
split_feature=62
split_gain=0.0240087
threshold=-0.096095794098812845
decision_type=2
left_child=-1
right_child=-2
leaf_value=0.0034228523231613671 0
leaf_weight=4.6230870525469072 0.49612486228579644
leaf_count=747 859
internal_value=0
internal_weight=5.11921
internal_count=1606
is_linear=0
shrinkage=0.05


Tree=1272
num_leaves=2
num_cat=0
split_feature=0
split_gain=0.169081
threshold=1.7776565534620203
decision_type=2
left_child=-1
right_child=-2
leaf_value=-0.0072706323421209348 0.007035159378193781
leaf_weight=7.9774505419190973 0.71755130821838964
leaf_count=1516 90
internal_value=-0.00305283
internal_weight=8.695
internal_count=1606
is_linear=0
shrinkage=0.05


Tree=1273
num_leaves=3
num_cat=0
split_feature=8 12
split_gain=0.0556851 0.0724974
threshold=-0.52456312342282096 0.46804419612399417
decision_type=2 2
left_child=-1 -2
right_child=1 -3
leaf_value=0 0 0.0060624921165774084
leaf_weight=0.40156572381965716 0.51417344890069117 10.442304825264728
leaf_count=20 946 640
internal_value=0.00262509 0.00439137
internal_weight=11.358 10.9565
internal_count=1606 1586
is_linear=0
shrinkage=0.05


Tree=1274
num_leaves=1
num_cat=0
split_feature=
split_gain=
threshold=
decision_type=
left_child=
right_child=
leaf_value=0
leaf_weight=
leaf_count=1892
internal_value=
internal_weight=
internal_count=
is_linear=0
shrinkage=1


Tree=1275
num_leaves=4
num_cat=0
split_feature=62 62 3
split_gain=0.10317 0.159725 0.0269168
threshold=1.0000000180025095e-35 -0.096095794098812845 -1.2971169809373058
decision_type=2 2 2
left_child=1 2 -1
right_child=-2 -3 -4
leaf_value=0.0034937402185997906 -0.0022701194271211394 0.023341745777191017 -0.0042009811458694124
leaf_weight=3.4036782645271155 0.58275071156094771 0.72872739704325784 0.61301366842235472
leaf_count=455 763 96 292
internal_value=0.00174761 0.00717642 0
internal_weight=5.32817 4.74542 4.01669
internal_count=1606 843 747
is_linear=0
shrinkage=0.05


Tree=1276
num_leaves=4
num_cat=0
split_feature=62 62 7
split_gain=0.0288384 0.181955 0.0125138
threshold=0.10759087094878059 1.0000000180025095e-35 0.31254722416522002
decision_type=2 2 2
left_child=1 2 -1
right_child=-2 -3 -4
leaf_value=0 0 0.019400696020468344 -0.0052781334674004967
leaf_weight=2.4277759981050631 0.44041809398913745 0.90010958490893234 0.62296865631651588
leaf_count=628 665 98 215
internal_value=0 0.0040247 0
internal_weight=4.39127 3.95085 3.05074
internal_count=1606 941 843
is_linear=0
shrinkage=0.05


Tree=1277
num_leaves=2
num_cat=0
split_feature=12
split_gain=0.8349
threshold=1.0000000180025095e-35
decision_type=2
left_child=-1
right_child=-2
leaf_value=0.023348907673595775 -0.022049135165796752
leaf_weight=1.5734636215493085 1.4681767211295662
leaf_count=308 1298
internal_value=0
internal_weight=3.04164
internal_count=1606
is_linear=0
shrinkage=0.05


Tree=1278
num_leaves=5
num_cat=0
split_feature=62 13 3 50
split_gain=0.150036 0.10702 0.122407 0.137247
threshold=-0.17058364547969646 -0.64174629205212519 -1.0400259609247759 2.6023896710842358
decision_type=2 2 2 2
left_child=1 -1 -3 -4
right_child=-2 2 3 -5
leaf_value=0 -0.0055457818879994358 0 0.029757919022871837 0
leaf_weight=2.0410813720955052 0.66386130644241337 0.11036181449890126 0.92265316098928474 0.10555580363143235
leaf_count=462 954 1 88 101
internal_value=0.000938913 0.00965654 0.0193051 0.0244918
internal_weight=3.84351 3.17965 1.13857 1.02821
internal_count=1606 652 190 189
is_linear=0
shrinkage=0.05


Tree=1279
num_leaves=4
num_cat=0
split_feature=7 7 34
split_gain=0.103872 0.166675 0.10629
threshold=0.44927072425037057 0.39050238278715843 3.3132680257701108
decision_type=2 2 2
left_child=1 -1 -2
right_child=2 -3 -4
leaf_value=0 -0.015571914410097816 0.019131074994399228 0
leaf_weight=2.0387901783979037 0.91421929161879212 1.1370778451382646 0.22999462392181158
leaf_count=1100 438 38 30
internal_value=0 0.00704573 -0.00685223
internal_weight=4.32008 3.17587 1.14421
internal_count=1606 1138 468
is_linear=0
shrinkage=0.05


Tree=1280
num_leaves=5
num_cat=0
split_feature=4 12 1 13
split_gain=0.0537393 0.060628 0.0668081 0.0258416
threshold=-0.80312896480916507 0.46746497599285841 0.74638400022582785 -0.64174629205212519
decision_type=2 2 2 2
left_child=-1 -2 3 -3
right_child=1 2 -4 -5
leaf_value=0 0 0 0 0.021140893306803351
leaf_weight=0.22621121257543553 0.60850682057207439 3.7331931289518252 0.16574384801788244 0.97925080906134088
leaf_count=6 880 156 283 281
internal_value=0.00480745 0.00681366 0.00893651 0.0106978
internal_weight=5.71291 5.48669 4.87819 4.71244
internal_count=1606 1600 720 437
is_linear=0
shrinkage=0.05


Tree=1281
num_leaves=3
num_cat=0
split_feature=3 7
split_gain=0.139087 0.0513689
threshold=-1.0868720616634644 0.56299799632434755
decision_type=2 2
left_child=1 -1
right_child=-2 -3
leaf_value=0.013149712574723136 0 0
leaf_weight=2.3439645399339506 1.5084658452688016 0.096656817942857631
leaf_count=468 1136 2
internal_value=0.00187395 0.0111157
internal_weight=3.94909 2.44062
internal_count=1606 470
is_linear=0
shrinkage=0.05


Tree=1282
num_leaves=5
num_cat=0
split_feature=1 4 12 7
split_gain=0.0832015 0.127883 0.0551968 0.0510505
threshold=0.13976624525871975 -0.80312896480916507 0.45656027480124345 0.71816509480582347
decision_type=2 2 2 2
left_child=1 -1 -3 -4
right_child=-2 2 3 -5
leaf_value=0 0 0 0.014737039148280571 0
leaf_weight=0.29694406315684307 0.33182083963765752 0.10367450452758964 3.6413748987833974 0.21193247541668814
leaf_count=6 708 311 523 58
internal_value=0.00456741 0.00812843 0.011925 0.013315
internal_weight=4.58575 4.25393 3.95698 3.85331
internal_count=1606 898 892 581
is_linear=0
shrinkage=0.05


Tree=1283
num_leaves=3
num_cat=0
split_feature=2 2
split_gain=0.0654228 0.139468
threshold=-0.32117513856371432 -0.94246420894849881
decision_type=2 2
left_child=1 -1
right_child=-2 -3
leaf_value=0 0 0.018863954047069833
leaf_weight=4.1239228059712332 0.4608195868495385 0.99093134951544914
leaf_count=469 886 251
internal_value=0.00173637 0.00569137
internal_weight=5.57567 5.11485
internal_count=1606 720
is_linear=0
shrinkage=0.05


Tree=1284
num_leaves=2
num_cat=0
split_feature=50
split_gain=0.0551879
threshold=2.9602423299905172
decision_type=2
left_child=-1
right_child=-2
leaf_value=-0.0012051137760434045 0.0098036211679969031
leaf_weight=7.9907015480857808 0.80722512071952213
leaf_count=1506 100
internal_value=0
internal_weight=8.79793
internal_count=1606
is_linear=0
shrinkage=0.05


Tree=1285
num_leaves=2
num_cat=0
split_feature=62
split_gain=0.0225574
threshold=-0.096095794098812845
decision_type=2
left_child=-1
right_child=-2
leaf_value=0.0033180234651197793 0
leaf_weight=4.6223535729222931 0.49293526462861326
leaf_count=747 859
internal_value=0
internal_weight=5.11529
internal_count=1606
is_linear=0
shrinkage=0.05


Tree=1286
num_leaves=2
num_cat=0
split_feature=0
split_gain=0.155918
threshold=1.7776565534620203
decision_type=2
left_child=-1
right_child=-2
leaf_value=-0.0069188080243747715 0.0067825286477211106
leaf_weight=7.9085569013259374 0.70992762083187688
leaf_count=1516 90
internal_value=-0.00273848
internal_weight=8.61848
internal_count=1606
is_linear=0
shrinkage=0.05


Tree=1287
num_leaves=3
num_cat=0
split_feature=8 12
split_gain=0.0515301 0.0676411
threshold=-0.52456312342282096 0.46804419612399417
decision_type=2 2
left_child=-1 -2
right_child=1 -3
leaf_value=0 0 0.0057786538803078352
leaf_weight=0.39889705239329387 0.50843605573754658 10.483026258676546
leaf_count=20 946 640
internal_value=0.00240591 0.00414727
internal_weight=11.3904 10.9915
internal_count=1606 1586
is_linear=0
shrinkage=0.05


Tree=1288
num_leaves=1
num_cat=0
split_feature=
split_gain=
threshold=
decision_type=
left_child=
right_child=
leaf_value=0
leaf_weight=
leaf_count=1892
internal_value=
internal_weight=
internal_count=
is_linear=0
shrinkage=1


Tree=1289
num_leaves=3
num_cat=0
split_feature=3 12
split_gain=0.0429527 0.0233065
threshold=-1.0400259609247759 0.46637512945299125
decision_type=2 2
left_child=1 -1
right_child=-2 -3
leaf_value=0 0 0.0063404112780725544
leaf_weight=0.10273618903011073 1.1951679444464387 4.0143185231136158
leaf_count=308 1133 165
internal_value=0.00165039 0.0051659
internal_weight=5.31222 4.11705
internal_count=1606 473
is_linear=0
shrinkage=0.05


Tree=1290
num_leaves=3
num_cat=0
split_feature=13 13
split_gain=0.0353025 0.113609
threshold=-0.78681577724436436 -1.0342884930852898
decision_type=2 2
left_child=1 -1
right_child=-2 -3
leaf_value=0 0 0.018848144011292776
leaf_weight=2.1795590489637111 1.6348504337656775 0.54792732559144486
leaf_count=461 1139 6
internal_value=0 0.00522926
internal_weight=4.36234 2.72749
internal_count=1606 467
is_linear=0
shrinkage=0.05


Tree=1291
num_leaves=2
num_cat=0
split_feature=12
split_gain=0.787583
threshold=1.0000000180025095e-35
decision_type=2
left_child=-1
right_child=-2
leaf_value=0.022943612769739264 -0.021550487876172329
leaf_weight=1.5383589561097326 1.4291599361458791
leaf_count=308 1298
internal_value=0
internal_weight=2.96752
internal_count=1606
is_linear=0
shrinkage=0.05


Tree=1292
num_leaves=5
num_cat=0
split_feature=62 13 3 1
split_gain=0.141691 0.0960288 0.117833 0.0415509
threshold=-0.17058364547969646 -0.64174629205212519 -1.0400259609247759 0.39294735032558614
decision_type=2 2 2 2
left_child=1 -1 -3 -4
right_child=-2 2 3 -5
leaf_value=0 -0.0051924418134127589 0 0.025819004882077015 0
leaf_weight=2.0349133097624876 0.65427670528879378 0.11009112000465382 0.94693909015040867 0.068174928892403841
leaf_count=462 954 1 131 58
internal_value=0.000822989 0.009438 0.0186635 0.0238341
internal_weight=3.8144 3.16012 1.12521 1.01511
internal_count=1606 652 190 189
is_linear=0
shrinkage=0.05


Tree=1293
num_leaves=4
num_cat=0
split_feature=7 7 34
split_gain=0.0962001 0.156578 0.100409
threshold=0.44927072425037057 0.39050238278715843 3.3132680257701108
decision_type=2 2 2
left_child=1 -1 -2
right_child=2 -3 -4
leaf_value=0 -0.015042703895622551 0.018612761307720795 0
leaf_weight=2.0302188159257644 0.89570083070429951 1.1370839745795818 0.22951049171388149
leaf_count=1100 438 38 30
internal_value=0 0.00692168 -0.00631447
internal_weight=4.29251 3.1673 1.12521
internal_count=1606 1138 468
is_linear=0
shrinkage=0.05


Tree=1294
num_leaves=5
num_cat=0
split_feature=4 12 0 13
split_gain=0.0526787 0.058236 0.0678493 0.0105348
threshold=-0.80312896480916507 0.46596059094465409 0.75117496997452771 -0.64174629205212519
decision_type=2 2 2 2
left_child=-1 -2 3 -3
right_child=1 2 -4 -5
leaf_value=0 0 0 0 0.019396477951669402
leaf_weight=0.22443608008325089 0.43239612816250872 3.7333571604394815 0.17311937722843129 1.1291421228379479
leaf_count=6 711 159 293 437
internal_value=0.00474927 0.00674321 0.0086789 0.0104588
internal_weight=5.69245 5.46801 5.03562 4.8625
internal_count=1606 1600 889 596
is_linear=0
shrinkage=0.05


Tree=1295
num_leaves=4
num_cat=0
split_feature=3 7 12
split_gain=0.127782 0.0488508 0.0563194
threshold=-1.0868720616634644 0.56299799632434755 0.49134678747263855
decision_type=2 2 2
left_child=1 2 -1
right_child=-2 -3 -4
leaf_value=0 0 0 0.014667894315878309
leaf_weight=0.097029230790213972 1.4974887471908003 0.096650313585996517 2.2662403406575322
leaf_count=316 1136 2 152
internal_value=0.00169239 0.0105944 0.0125969
internal_weight=3.95741 2.45992 2.36327
internal_count=1606 470 468
is_linear=0
shrinkage=0.05


Tree=1296
num_leaves=6
num_cat=0
split_feature=0 4 13 7 62
split_gain=0.0767481 0.119866 0.0701715 0.107461 0.0756891
threshold=0.12792077383429587 -0.80312896480916507 -0.75766210091990349 0.71816509480582347 0.2201752224692409
decision_type=2 2 2 2 2
left_child=1 -1 -3 4 -4
right_child=-2 2 3 -5 -6
leaf_value=0 0 0 0.029883928833158949 0 0
leaf_weight=0.29469439387321461 0.33017693989677344 2.8577457639039494 0.85863489497569412 0.21062956747482531 0.054964372800895944
leaf_count=6 711 460 243 58 128
internal_value=0.00416265 0.00766117 0.011376 0.0215665 0.0269159
internal_weight=4.60685 4.27667 3.98197 1.12423 0.913599
internal_count=1606 895 889 429 371
is_linear=0
shrinkage=0.05


Tree=1297
num_leaves=4
num_cat=0
split_feature=13 62 3
split_gain=0.0662209 0.0782843 0.0630099
threshold=-0.75766210091990349 0.39320557542857287 -0.92932628974446818
decision_type=2 2 2
left_child=2 -2 -1
right_child=1 -3 -4
leaf_value=0 -0.011940704451045774 0 0.022544636405501861
leaf_weight=3.9127197058114689 0.87263486723531947 0.59981936222175136 0.17073227465152729
leaf_count=468 948 189 1
internal_value=0.00171587 0 0.00632531
internal_weight=5.55591 1.47245 4.08345
internal_count=1606 1137 469
is_linear=0
shrinkage=0.05


Tree=1298
num_leaves=2
num_cat=0
split_feature=53
split_gain=0.041543
threshold=1.7857787510698466
decision_type=2
left_child=-1
right_child=-2
leaf_value=-0.00096119707869330221 0.0084187478834780206
leaf_weight=7.9094665549928322 0.85573351569473732
leaf_count=1504 102
internal_value=0
internal_weight=8.7652
internal_count=1606
is_linear=0
shrinkage=0.05


Tree=1299
num_leaves=2
num_cat=0
split_feature=62
split_gain=0.0212542
threshold=-0.096095794098812845
decision_type=2
left_child=-1
right_child=-2
leaf_value=0.003220381432594799 0
leaf_weight=4.6235500410548411 0.48797155189095054
leaf_count=747 859
internal_value=0
internal_weight=5.11152
internal_count=1606
is_linear=0
shrinkage=0.05


Tree=1300
num_leaves=2
num_cat=0
split_feature=0
split_gain=0.143801
threshold=1.7776565534620203
decision_type=2
left_child=-1
right_child=-2
leaf_value=-0.0065786421672768399 0.0065647532485280926
leaf_weight=7.8427787413529586 0.7034308393485843
leaf_count=1516 90
internal_value=-0.00243018
internal_weight=8.54621
internal_count=1606
is_linear=0
shrinkage=0.05


Tree=1301
num_leaves=3
num_cat=0
split_feature=8 12
split_gain=0.0476728 0.0628705
threshold=-0.52456312342282096 0.46804419612399417
decision_type=2 2
left_child=-1 -2
right_child=1 -3
leaf_value=0 0 0.0055061344118452621
leaf_weight=0.39594839978963037 0.50173830564017308 10.524486486887326
leaf_count=20 946 640
internal_value=0.00220331 0.00391936
internal_weight=11.4222 11.0262
internal_count=1606 1586
is_linear=0
shrinkage=0.05


Tree=1302
num_leaves=1
num_cat=0
split_feature=
split_gain=
threshold=
decision_type=
left_child=
right_child=
leaf_value=0
leaf_weight=
leaf_count=1892
internal_value=
internal_weight=
internal_count=
is_linear=0
shrinkage=1


Tree=1303
num_leaves=4
num_cat=0
split_feature=62 62 3
split_gain=0.0941753 0.152594 0.0219368
threshold=1.0000000180025095e-35 -0.096095794098812845 -1.2971169809373058
decision_type=2 2 2
left_child=1 2 -1
right_child=-2 -3 -4
leaf_value=0.0031572921701441994 -0.0018742901642300252 0.022682933785413143 -0.0037707918244740085
leaf_weight=3.4289285193954124 0.57331620741751965 0.71791967097669829 0.60250585363246534
leaf_count=455 763 96 292
internal_value=0.00152194 0.00683388 0
internal_weight=5.32267 4.74935 4.03143
internal_count=1606 843 747
is_linear=0
shrinkage=0.05


Tree=1304
num_leaves=3
num_cat=0
split_feature=13 13
split_gain=0.0341471 0.107537
threshold=-0.78681577724436436 -1.0342884930852898
decision_type=2 2
left_child=1 -1
right_child=-2 -3
leaf_value=0 0 0.018391827277910496
leaf_weight=2.1754589629417755 1.6269678803364511 0.54715668596327294
leaf_count=461 1139 6
internal_value=0 0.00514687
internal_weight=4.34958 2.72262
internal_count=1606 467
is_linear=0
shrinkage=0.05


Tree=1305
num_leaves=2
num_cat=0
split_feature=12
split_gain=0.74337
threshold=1.0000000180025095e-35
decision_type=2
left_child=-1
right_child=-2
leaf_value=0.022524118253933009 -0.021085253289040908
leaf_weight=1.5032397489994767 1.3941373654524793
leaf_count=308 1298
internal_value=0
internal_weight=2.89738
internal_count=1606
is_linear=0
shrinkage=0.05


Tree=1306
num_leaves=5
num_cat=0
split_feature=62 13 3 1
split_gain=0.135172 0.0859161 0.113472 0.0396051
threshold=-0.17058364547969646 -0.64174629205212519 -1.0400259609247759 0.39294735032558614
decision_type=2 2 2 2
left_child=1 -1 -3 -4
right_child=-2 2 3 -5
leaf_value=0 -0.0049281098659814931 0 0.025150727266116252 0
leaf_weight=2.0284632738039368 0.64721649422426697 0.10977028310298909 0.93822875712066911 0.067754646413959563
leaf_count=462 954 1 131 58
internal_value=0.000717923 0.009257 0.0180612 0.0232025
internal_weight=3.79143 3.14422 1.11575 1.00598
internal_count=1606 652 190 189
is_linear=0
shrinkage=0.05


Tree=1307
num_leaves=4
num_cat=0
split_feature=7 7 34
split_gain=0.0889987 0.147029 0.0948851
threshold=0.44927072425037057 0.39050238278715843 3.3132680257701108
decision_type=2 2 2
left_child=1 -1 -2
right_child=2 -3 -4
leaf_value=0 -0.014540158877682516 0.018091541310794431 0
leaf_weight=2.0221944592485674 0.87886474470724329 1.1369107532082123 0.22892457479611039
leaf_count=1100 438 38 30
internal_value=0 0.00677984 -0.00581155
internal_weight=4.26689 3.15911 1.10779
internal_count=1606 1138 468
is_linear=0
shrinkage=0.05


Tree=1308
num_leaves=5
num_cat=0
split_feature=3 20 12 20
split_gain=0.0569253 0.109517 0.0424118 0.020284
threshold=-1.1754222435261918 -0.15298078094028478 0.46746497599285841 1.0000000180025095e-35
decision_type=2 2 2 2
left_child=2 -2 -1 -3
right_child=1 3 -4 -5
leaf_value=0 -0.011966255218855531 0.0099878556339098937 0.0093786006727773416 0
leaf_weight=0.12124159195809658 0.87702597636962287 0.77634471049532294 3.8434856223175302 0.056857622403185815
leaf_count=311 955 97 153 90
internal_value=0.00465321 0 0.00786266 0.00758067
internal_weight=5.67496 1.71023 3.96473 0.833202
internal_count=1606 1142 464 187
is_linear=0
shrinkage=0.05


Tree=1309
num_leaves=3
num_cat=0
split_feature=3 62
split_gain=0.116399 0.0543131
threshold=-1.0868720616634644 0.10759087094878059
decision_type=2 2
left_child=1 -1
right_child=-2 -3
leaf_value=0 0 0.02046438908857379
leaf_weight=1.9383073796343531 1.4871531244134528 0.54219828278291959
leaf_count=463 1136 7
internal_value=0.00147216 0.010044
internal_weight=3.96766 2.48051
internal_count=1606 470
is_linear=0
shrinkage=0.05


Tree=1310
num_leaves=6
num_cat=0
split_feature=0 4 13 7 62
split_gain=0.0742112 0.116734 0.0602999 0.102783 0.0735393
threshold=0.12792077383429587 -0.80312896480916507 -0.75766210091990349 0.71816509480582347 0.2201752224692409
decision_type=2 2 2 2 2
left_child=1 -1 -3 4 -4
right_child=-2 2 3 -5 -6
leaf_value=0 0 0 0.029248251943022718 0 0
leaf_weight=0.29272276163101185 0.32807628641603503 2.8535132447432261 0.84565329767065145 0.20951411186251789 0.054914807173190638
leaf_count=6 711 460 243 58 128
internal_value=0.00402166 0.00750307 0.0111968 0.0210045 0.0262803
internal_weight=4.58439 4.25632 3.9636 1.11008 0.900568
internal_count=1606 895 889 429 371
is_linear=0
shrinkage=0.05


Tree=1311
num_leaves=4
num_cat=0
split_feature=13 62 3
split_gain=0.0657483 0.0717755 0.0601568
threshold=-0.75766210091990349 0.39320557542857287 -0.92932628974446818
decision_type=2 2 2
left_child=2 -2 -1
right_child=1 -3 -4
leaf_value=0 -0.011502078396139587 0 0.022358023493381382
leaf_weight=3.9075108459801413 0.85632393026025944 0.59827167983166873 0.17199194431304921
leaf_count=468 948 189 1
internal_value=0.00187233 0 0.00636489
internal_weight=5.5341 1.4546 4.0795
internal_count=1606 1137 469
is_linear=0
shrinkage=0.05


Tree=1312
num_leaves=2
num_cat=0
split_feature=53
split_gain=0.0389746
threshold=1.7857787510698466
decision_type=2
left_child=-1
right_child=-2
leaf_value=-0.00085540698916666694 0.0082257109296082608
leaf_weight=7.8909789016761351 0.8492967840284108
leaf_count=1504 102
internal_value=0
internal_weight=8.74028
internal_count=1606
is_linear=0
shrinkage=0.05


Tree=1313
num_leaves=2
num_cat=0
split_feature=62
split_gain=0.0199525
threshold=-0.096095794098812845
decision_type=2
left_child=-1
right_child=-2
leaf_value=0.0031197266523304364 0
leaf_weight=4.6251207316527143 0.48506959143560369
leaf_count=747 859
internal_value=0
internal_weight=5.11019
internal_count=1606
is_linear=0
shrinkage=0.05


Tree=1314
num_leaves=2
num_cat=0
split_feature=0
split_gain=0.132869
threshold=1.7776565534620203
decision_type=2
left_child=-1
right_child=-2
leaf_value=-0.0062653942891143068 0.0063591718053549826
leaf_weight=7.783193130948348 0.69736059708520759
leaf_count=1516 90
internal_value=-0.00214722
internal_weight=8.48055
internal_count=1606
is_linear=0
shrinkage=0.05


Tree=1315
num_leaves=3
num_cat=0
split_feature=8 12
split_gain=0.0438291 0.0585173
threshold=-0.52456312342282096 0.46804419612399417
decision_type=2 2
left_child=-1 -2
right_child=1 -3
leaf_value=0 0 0.0052372569487882312
leaf_weight=0.39307634858414431 0.49650569993536819 10.566131885105278
leaf_count=20 946 640
internal_value=0.0019967 0.00368766
internal_weight=11.4557 11.0626
internal_count=1606 1586
is_linear=0
shrinkage=0.05


Tree=1316
num_leaves=1
num_cat=0
split_feature=
split_gain=
threshold=
decision_type=
left_child=
right_child=
leaf_value=0
leaf_weight=
leaf_count=1892
internal_value=
internal_weight=
internal_count=
is_linear=0
shrinkage=1


Tree=1317
num_leaves=4
num_cat=0
split_feature=62 62 3
split_gain=0.0897156 0.143543 0.0201143
threshold=1.0000000180025095e-35 -0.096095794098812845 -1.2971169809373058
decision_type=2 2 2
left_child=1 2 -1
right_child=-2 -3 -4
leaf_value=0.0030582144736809539 -0.00166875505758251 0.022136739510764863 -0.0035054476742073211
leaf_weight=3.4364000600762661 0.56857501919148479 0.70719346730038513 0.59617486110073548
leaf_count=455 763 96 292
internal_value=0.00140073 0.00666424 0
internal_weight=5.30834 4.73977 4.03257
internal_count=1606 843 747
is_linear=0
shrinkage=0.05


Tree=1318
num_leaves=3
num_cat=0
split_feature=13 13
split_gain=0.0328375 0.101354
threshold=-0.78681577724436436 -1.0342884930852898
decision_type=2 2
left_child=1 -1
right_child=-2 -3
leaf_value=0 0 0.017907720789394729
leaf_weight=2.1715369127341551 1.6177186241257002 0.54612911143340159
leaf_count=461 1139 6
internal_value=0 0.00505108
internal_weight=4.33538 2.71767
internal_count=1606 467
is_linear=0
shrinkage=0.05


Tree=1319
num_leaves=2
num_cat=0
split_feature=12
split_gain=0.701587
threshold=1.0000000180025095e-35
decision_type=2
left_child=-1
right_child=-2
leaf_value=0.02211191678903978 -0.020618417803042431
leaf_weight=1.469876663759351 1.3602369949658166
leaf_count=308 1298
internal_value=0
internal_weight=2.83011
internal_count=1606
is_linear=0
shrinkage=0.05


Tree=1320
num_leaves=5
num_cat=0
split_feature=62 13 3 1
split_gain=0.127905 0.0759182 0.109242 0.0376752
threshold=-0.17058364547969646 -0.64174629205212519 -1.0400259609247759 0.39294735032558614
decision_type=2 2 2 2
left_child=1 -1 -3 -4
right_child=-2 2 3 -5
leaf_value=0 -0.004637118530181744 0 0.02444465892375643 0
leaf_weight=2.0225351985718594 0.63958357885712747 0.1097727045416832 0.928932218346745 0.067294337670318782
leaf_count=462 954 1 131 58
internal_value=0.000592815 0.00904348 0.0174057 0.0225326
internal_weight=3.76812 3.12853 1.106 0.996227
internal_count=1606 652 190 189
is_linear=0
shrinkage=0.05


Tree=1321
num_leaves=4
num_cat=0
split_feature=7 7 34
split_gain=0.082202 0.137526 0.0895681
threshold=0.44927072425037057 0.39050238278715843 3.3132680257701108
decision_type=2 2 2
left_child=1 -1 -2
right_child=2 -3 -4
leaf_value=0 -0.01405842559054816 0.017547098748535585 0
leaf_weight=2.0133543294796259 0.86287328734761082 1.1365102279232813 0.2279232949949801
leaf_count=1100 438 38 30
internal_value=0 0.00662237 -0.00534439
internal_weight=4.24066 3.14986 1.0908
internal_count=1606 1138 468
is_linear=0
shrinkage=0.05


Tree=1322
num_leaves=7
num_cat=0
split_feature=4 63 12 51 13 13
split_gain=0.0486227 0.0543798 0.0511808 0.0277494 0.0366761 0.0490944
threshold=-0.80312896480916507 -0.24694910447489632 0.46477990023937016 1.0000000180025095e-35 -0.64174629205212519 1.0792140788188032
decision_type=2 2 2 2 2 2
left_child=-1 2 -2 4 -4 -6
right_child=1 -3 3 -5 5 -7
leaf_value=0 0 0 0 0 0.02204392340804396 0
leaf_weight=0.22013577260076989 0.24837909272173408 0.22606230925885018 3.7349758584168735 0.06758834229549382 1.129545935924398 0.051339749305043259
leaf_count=6 496 360 153 94 408 89
internal_value=0.00445462 0.00640152 0.00814334 0.00962559 0.0103256 0.0199518
internal_weight=5.67803 5.45789 5.23183 4.98345 4.91586 1.18089
internal_count=1606 1600 1240 744 650 497
is_linear=0
shrinkage=0.05


Tree=1323
num_leaves=3
num_cat=0
split_feature=3 62
split_gain=0.113165 0.0479432
threshold=-1.0868720616634644 0.10759087094878059
decision_type=2 2
left_child=1 -1
right_child=-2 -3
leaf_value=0 0 0.019901518947390211
leaf_weight=1.9346771791751969 1.4760290036501826 0.54138743819203217
leaf_count=463 1136 7
internal_value=0.00147555 0.00991561
internal_weight=3.95209 2.47606
internal_count=1606 470
is_linear=0
shrinkage=0.05


Tree=1324
num_leaves=6
num_cat=0
split_feature=0 4 3 62 2
split_gain=0.0716132 0.113372 0.0474115 0.0735456 0.0493597
threshold=0.12792077383429587 -0.80312896480916507 -1.1317619565702162 0.18456546888040759 -0.94246437086823953
decision_type=2 2 2 2 2
left_child=1 -1 -3 4 -4
right_child=-2 2 3 -5 -6
leaf_value=0 0 0 0 0 0.025473924341234112
leaf_weight=0.29030123353004444 0.32557389832800243 2.8443814501224551 0.042026331182569154 0.073274395923362934 0.98640138824703205
leaf_count=6 711 459 4 144 282
internal_value=0.00388248 0.00734229 0.0110081 0.0202576 0.0234594
internal_weight=4.56196 4.23638 3.94608 1.1017 1.02843
internal_count=1606 895 889 430 286
is_linear=0
shrinkage=0.05


Tree=1325
num_leaves=4
num_cat=0
split_feature=2 3 2
split_gain=0.0664173 0.136862 0.064102
threshold=-0.32117513856371432 -0.92932628974446818 -0.94246420894849881
decision_type=2 2 2
left_child=1 -1 -3
right_child=-2 2 -4
leaf_value=0 0 0 0.022244739859385233
leaf_weight=4.1048275184002705 0.44020633585751046 0.066767145413905382 0.90037273528287176
leaf_count=469 886 5 246
internal_value=0.00201829 0.00584766 0.0190547
internal_weight=5.51217 5.07197 0.96714
internal_count=1606 720 251
is_linear=0
shrinkage=0.05


Tree=1326
num_leaves=2
num_cat=0
split_feature=50
split_gain=0.0452173
threshold=2.9602423299905172
decision_type=2
left_child=-1
right_child=-2
leaf_value=-0.00086797063009201527 0.0091167011246046075
leaf_weight=7.9305193614854943 0.78367814328521479
leaf_count=1506 100
internal_value=0
internal_weight=8.7142
internal_count=1606
is_linear=0
shrinkage=0.05


Tree=1327
num_leaves=2
num_cat=0
split_feature=62
split_gain=0.0186146
threshold=-0.096095794098812845
decision_type=2
left_child=-1
right_child=-2
leaf_value=0.0030130366271956185 0
leaf_weight=4.6260852115228772 0.48153070485568594
leaf_count=747 859
internal_value=0
internal_weight=5.10762
internal_count=1606
is_linear=0
shrinkage=0.05


Tree=1328
num_leaves=2
num_cat=0
split_feature=0
split_gain=0.122494
threshold=1.7776565534620203
decision_type=2
left_child=-1
right_child=-2
leaf_value=-0.0059616648808722399 0.0061567946200484754
leaf_weight=7.7261473231192213 0.69144360441714514
leaf_count=1516 90
internal_value=-0.00187338
internal_weight=8.41759
internal_count=1606
is_linear=0
shrinkage=0.05


Tree=1329
num_leaves=3
num_cat=0
split_feature=8 12
split_gain=0.0402515 0.0544693
threshold=-0.52456312342282096 0.46804419612399417
decision_type=2 2
left_child=-1 -2
right_child=1 -3
leaf_value=0 0 0.0049825963225188456
leaf_weight=0.39031105767935415 0.49113582863355887 10.60484825167805
leaf_count=20 946 640
internal_value=0.00180126 0.00346867
internal_weight=11.4863 11.096
internal_count=1606 1586
is_linear=0
shrinkage=0.05


Tree=1330
num_leaves=2
num_cat=0
split_feature=3
split_gain=0.0439098
threshold=-1.2971169809373058
decision_type=2
left_child=-1
right_child=-2
leaf_value=0 -0.010183697073459414
leaf_weight=33.635859175235964 0.81313019427761801
leaf_count=449 1153
internal_value=-0.000869248
internal_weight=34.449
internal_count=1602
is_linear=0
shrinkage=0.05


Tree=1331
num_leaves=1
num_cat=0
split_feature=
split_gain=
threshold=
decision_type=
left_child=
right_child=
leaf_value=0
leaf_weight=
leaf_count=1892
internal_value=
internal_weight=
internal_count=
is_linear=0
shrinkage=1


Tree=1332
num_leaves=3
num_cat=0
split_feature=7 13
split_gain=0.655431 0.120595
threshold=-0.94230824455522832 -0.78681577724436436
decision_type=2 2
left_child=-1 -2
right_child=1 -3
leaf_value=-0.028015110646740823 0.017225645069419846 0
leaf_weight=2.0564195816405118 0.54850650159642134 1.495327039476251
leaf_count=459 9 1134
internal_value=-0.0090581 0.00194542
internal_weight=4.10025 2.04383
internal_count=1602 1143
is_linear=0
shrinkage=0.05


Tree=1333
num_leaves=2
num_cat=0
split_feature=12
split_gain=0.640857
threshold=1.0000000180025095e-35
decision_type=2
left_child=-1
right_child=-2
leaf_value=0.021566268741510804 -0.019787261187760696
leaf_weight=1.4270483609288933 1.302812498208368
leaf_count=303 1299
internal_value=0
internal_weight=2.72986
internal_count=1602
is_linear=0
shrinkage=0.05


Tree=1334
num_leaves=5
num_cat=0
split_feature=62 12 7 51
split_gain=0.253289 0.0669157 0.0777593 0.0721723
threshold=-0.17058364547969646 0.45656027480124345 1.1590903226081626 1.0000000180025095e-35
decision_type=2 2 2 2
left_child=1 -1 3 -3
right_child=-2 2 -4 -5
leaf_value=0 -0.0046787935518396214 0.020143238281297413 0 0
leaf_weight=0.10192279430339191 0.64107185762259167 2.5321210646070549 0.17000220069894556 0.083526426751632132
leaf_count=303 960 242 23 74
internal_value=0.00445404 0.0142529 0.0161357 0.0183565
internal_weight=3.52864 2.88757 2.78565 2.61565
internal_count=1602 642 339 316
is_linear=0
shrinkage=0.05


Tree=1335
num_leaves=5
num_cat=0
split_feature=2 1 62 7
split_gain=0.190401 0.252042 0.0478882 0.0159997
threshold=-0.94246420894849881 0.31588771833454138 0.39320557542857287 0.30009667238085086
decision_type=2 2 2 2
left_child=3 2 -2 -1
right_child=1 -3 -4 -5
leaf_value=0 0.024992926253050426 0 0 -0.0078960605479750888
leaf_weight=1.0567096920567567 1.4089751150459049 0.30593289280659508 0.056856101989978813 0.67716876935446624
leaf_count=449 434 607 98 14
internal_value=0 0.0139582 0.0233598 -0.00386641
internal_weight=3.50564 1.77176 1.46583 1.73388
internal_count=1602 1139 532 463
is_linear=0
shrinkage=0.05


Tree=1336
num_leaves=4
num_cat=0
split_feature=7 4 21
split_gain=0.0639827 0.0603191 0.0459994
threshold=0.57623829779283353 -0.37450290859423491 1.0000000180025095e-35
decision_type=2 2 2
left_child=2 -2 -1
right_child=1 -3 -4
leaf_value=-0.0051733275175057476 0.0180207781926175 0 0
leaf_weight=4.2028567059896886 0.42344963178038597 0.50444472720846523 0.36195044312626112
leaf_count=1133 3 411 55
internal_value=0 0.0102183 -0.00146469
internal_weight=5.4927 0.927894 4.56481
internal_count=1602 414 1188
is_linear=0
shrinkage=0.05


Tree=1337
num_leaves=4
num_cat=0
split_feature=3 32 12
split_gain=0.162109 0.0802261 0.0511123
threshold=-1.0868720616634644 -0.15483592469740154 0.49134678747263855
decision_type=2 2 2
left_child=2 -2 -1
right_child=1 -3 -4
leaf_value=0 -0.01205010640163081 0 0.01436142514179644
leaf_weight=0.089759253605735334 0.8812551773880839 0.55356679757824168 2.2543058581650257
leaf_count=310 954 187 151
internal_value=0.002861 0 0.0124424
internal_weight=3.77889 1.43482 2.34407
internal_count=1602 1141 461
is_linear=0
shrinkage=0.05


Tree=1338
num_leaves=2
num_cat=0
split_feature=25
split_gain=0.223052
threshold=1.0000000180025095e-35
decision_type=2
left_child=-1
right_child=-2
leaf_value=-0.011727898948335891 0.0059592414597952857
leaf_weight=3.6777563817158807 0.68386078160256136
leaf_count=1504 98
internal_value=-0.00348472
internal_weight=4.36162
internal_count=1602
is_linear=0
shrinkage=0.05


Tree=1339
num_leaves=1
num_cat=0
split_feature=
split_gain=
threshold=
decision_type=
left_child=
right_child=
leaf_value=0
leaf_weight=
leaf_count=1892
internal_value=
internal_weight=
internal_count=
is_linear=0
shrinkage=1


Tree=1340
num_leaves=2
num_cat=0
split_feature=53
split_gain=0.11854
threshold=3.5959279840799754
decision_type=2
left_child=-1
right_child=-2
leaf_value=-0.0059104830633232783 0.0057904766317617038
leaf_weight=7.7941162230272312 0.67943459143862117
leaf_count=1515 87
internal_value=-0.00191594
internal_weight=8.47355
internal_count=1602
is_linear=0
shrinkage=0.05


Tree=1341
num_leaves=3
num_cat=0
split_feature=62 12
split_gain=0.0309792 0.0220999
threshold=-0.096095794098812845 0.46723311787332283
decision_type=2 2
left_child=1 -1
right_child=-2 -3
leaf_value=0 0 0.0052353713850875633
leaf_weight=0.18619701353600238 0.48359576927032311 4.3413764124270529
leaf_count=407 865 330
internal_value=0 0.00392488
internal_weight=5.01117 4.52757
internal_count=1602 737
is_linear=0
shrinkage=0.05


Tree=1342
num_leaves=3
num_cat=0
split_feature=0 3
split_gain=0.0252968 0.0231529
threshold=1.7776565534620203 -1.2971169809373058
decision_type=2 2
left_child=1 -1
right_child=-2 -3
leaf_value=0 0.0071919676740632935 -0.0069102308306653289
leaf_weight=6.8330343781854026 0.72267180308699597 0.71215920730901405
leaf_count=449 95 1058
internal_value=0 0
internal_weight=8.26787 7.54519
internal_count=1602 1507
is_linear=0
shrinkage=0.05


Tree=1343
num_leaves=3
num_cat=0
split_feature=12 8
split_gain=0.0407362 0.0553085
threshold=0.46804419612399417 -0.52456312342282096
decision_type=2 2
left_child=-1 -2
right_child=1 -3
leaf_value=0 0 0.0052844750583270041
leaf_weight=0.46425611354061302 0.30228659464046259 10.637800551892724
leaf_count=930 20 652
internal_value=0.00244078 0.00388603
internal_weight=11.4043 10.9401
internal_count=1602 672
is_linear=0
shrinkage=0.05


Tree=1344
num_leaves=2
num_cat=0
split_feature=3
split_gain=0.0391631
threshold=-1.2971169809373058
decision_type=2
left_child=-1
right_child=-2
leaf_value=0 -0.0097987386811181944
leaf_weight=33.622966616647318 0.79989108064910297
leaf_count=449 1153
internal_value=-0.000877678
internal_weight=34.4229
internal_count=1602
is_linear=0
shrinkage=0.05


Tree=1345
num_leaves=1
num_cat=0
split_feature=
split_gain=
threshold=
decision_type=
left_child=
right_child=
leaf_value=0
leaf_weight=
leaf_count=1892
internal_value=
internal_weight=
internal_count=
is_linear=0
shrinkage=1


Tree=1346
num_leaves=3
num_cat=0
split_feature=13 13
split_gain=0.626655 0.117279
threshold=-1.0342884930852898 -0.78681577724436436
decision_type=2 2
left_child=-1 -2
right_child=1 -3
leaf_value=-0.027559346278774245 0.016999256999685259 0
leaf_weight=1.9979434270062482 0.54388932464644302 1.4924153121974089
leaf_count=453 6 1143
internal_value=-0.00864736 0.00182644
internal_weight=4.03425 2.0363
internal_count=1602 1149
is_linear=0
shrinkage=0.05


Tree=1347
num_leaves=2
num_cat=0
split_feature=12
split_gain=0.60235
threshold=1.0000000180025095e-35
decision_type=2
left_child=-1
right_child=-2
leaf_value=0.021092369693730136 -0.019351191762184555
leaf_weight=1.391593845561147 1.274054660258116
leaf_count=303 1299
internal_value=0
internal_weight=2.66565
internal_count=1602
is_linear=0
shrinkage=0.05


Tree=1348
num_leaves=5
num_cat=0
split_feature=62 7 12 51
split_gain=0.231967 0.0624212 0.071843 0.0678148
threshold=-0.17058364547969646 1.1590903226081626 0.45656027480124345 1.0000000180025095e-35
decision_type=2 2 2 2
left_child=1 2 -1 -4
right_child=-2 -3 3 -5
leaf_value=0 -0.0044466786376994539 0 0.019198294684365656 0
leaf_weight=0.099760283599608868 0.63496937221498218 0.16941028006840486 2.553087106905878 0.083115635032299795
leaf_count=303 960 23 242 74
internal_value=0.00393675 0.0134942 0.0154871 0.017457
internal_weight=3.54034 2.90537 2.73596 2.6362
internal_count=1602 642 619 316
is_linear=0
shrinkage=0.05


Tree=1349
num_leaves=5
num_cat=0
split_feature=2 1 62 7
split_gain=0.171502 0.240242 0.0461339 0.0148607
threshold=-0.94246420894849881 0.31588771833454138 0.39320557542857287 0.30009667238085086
decision_type=2 2 2 2
left_child=3 2 -2 -1
right_child=1 -3 -4 -5
leaf_value=0 0.02427880265783456 0 0 -0.0075438466679531527
leaf_weight=1.05500590876909 1.3921450551133601 0.30452484561828885 0.056808888039085903 0.66854452475672577
leaf_count=449 434 607 98 14
internal_value=0 0.0133131 0.0226517 -0.0036331
internal_weight=3.47703 1.75348 1.44895 1.72355
internal_count=1602 1139 532 463
is_linear=0
shrinkage=0.05


Tree=1350
num_leaves=3
num_cat=0
split_feature=21 4
split_gain=0.0386807 0.0676527
threshold=1.0000000180025095e-35 -0.46879594223394111
decision_type=2 2
left_child=1 -1
right_child=-2 -3
leaf_value=0.00075947489805158318 0.0087618190246678031 -0.0059563527639083062
leaf_weight=0.42597603239119042 0.7391442023217677 4.2965040155686438
leaf_count=7 95 1500
internal_value=0 -0.000548861
internal_weight=5.46162 4.72248
internal_count=1602 1507
is_linear=0
shrinkage=0.05


Tree=1351
num_leaves=3
num_cat=0
split_feature=3 12
split_gain=0.147729 0.0473056
threshold=-1.0868720616634644 0.49134678747263855
decision_type=2 2
left_child=1 -1
right_child=-2 -3
leaf_value=0 0 0.013659904206421915
leaf_weight=0.087957260431722584 1.4173311793274477 2.2773496545851231
leaf_count=310 1141 151
internal_value=0.00267515 0.0118148
internal_weight=3.78264 2.36531
internal_count=1602 461
is_linear=0
shrinkage=0.05


Tree=1352
num_leaves=2
num_cat=0
split_feature=25
split_gain=0.207575
threshold=1.0000000180025095e-35
decision_type=2
left_child=-1
right_child=-2
leaf_value=-0.011291147748171745 0.0057280943805290497
leaf_weight=3.6283296000037808 0.67728886520490039
leaf_count=1504 98
internal_value=-0.00309429
internal_weight=4.30562
internal_count=1602
is_linear=0
shrinkage=0.05


Tree=1353
num_leaves=1
num_cat=0
split_feature=
split_gain=
threshold=
decision_type=
left_child=
right_child=
leaf_value=0
leaf_weight=
leaf_count=1892
internal_value=
internal_weight=
internal_count=
is_linear=0
shrinkage=1


Tree=1354
num_leaves=2
num_cat=0
split_feature=53
split_gain=0.109401
threshold=3.5959279840799754
decision_type=2
left_child=-1
right_child=-2
leaf_value=-0.0056406541849641188 0.0055660859972813809
leaf_weight=7.7438469785556663 0.67308925138786424
leaf_count=1515 87
internal_value=-0.00167896
internal_weight=8.41694
internal_count=1602
is_linear=0
shrinkage=0.05


Tree=1355
num_leaves=3
num_cat=0
split_feature=62 12
split_gain=0.0277298 0.0204831
threshold=-0.096095794098812845 0.46542261208050156
decision_type=2 2
left_child=1 -1
right_child=-2 -3
leaf_value=0 0 0.0049584000995537012
leaf_weight=0.13457665147143405 0.48111335531575594 4.4025349967123475
leaf_count=347 865 390
internal_value=0 0.00370982
internal_weight=5.01823 4.53711
internal_count=1602 737
is_linear=0
shrinkage=0.05


Tree=1356
num_leaves=3
num_cat=0
split_feature=0 3
split_gain=0.0234694 0.0209566
threshold=1.7776565534620203 -1.2971169809373058
decision_type=2 2
left_child=1 -1
right_child=-2 -3
leaf_value=0 0.0069484432213589246 -0.0065995443051338467
leaf_weight=6.8319962130044587 0.71525553381070484 0.7029122135718352
leaf_count=449 95 1058
internal_value=0 0
internal_weight=8.25016 7.53491
internal_count=1602 1507
is_linear=0
shrinkage=0.05


Tree=1357
num_leaves=3
num_cat=0
split_feature=12 8
split_gain=0.0369164 0.0514492
threshold=0.46804419612399417 -0.52456312342282096
decision_type=2 2
left_child=-1 -2
right_child=1 -3
leaf_value=0 0 0.004995531730093661
leaf_weight=0.45947997874463808 0.30022145330440153 10.680858767620521
leaf_count=930 20 652
internal_value=0.002206 0.00361936
internal_weight=11.4406 10.9811
internal_count=1602 672
is_linear=0
shrinkage=0.05


Tree=1358
num_leaves=2
num_cat=0
split_feature=3
split_gain=0.0347094
threshold=-1.2971169809373058
decision_type=2
left_child=-1
right_child=-2
leaf_value=0 -0.009424062798818713
leaf_weight=33.609839422977529 0.78722863053553638
leaf_count=449 1153
internal_value=-0.000888504
internal_weight=34.3971
internal_count=1602
is_linear=0
shrinkage=0.05


Tree=1359
num_leaves=1
num_cat=0
split_feature=
split_gain=
threshold=
decision_type=
left_child=
right_child=
leaf_value=0
leaf_weight=
leaf_count=1892
internal_value=
internal_weight=
internal_count=
is_linear=0
shrinkage=1


Tree=1360
num_leaves=3
num_cat=0
split_feature=7 13
split_gain=0.599873 0.109219
threshold=-0.94230824455522832 -0.78681577724436436
decision_type=2 2
left_child=-1 -2
right_child=1 -3
leaf_value=-0.027111254446153976 0.016380485071533904 0
leaf_weight=1.9429828948050274 0.5460172472521666 1.4823651004699057
leaf_count=459 9 1134
internal_value=-0.00823979 0.00173599
internal_weight=3.97137 2.02838
internal_count=1602 1143
is_linear=0
shrinkage=0.05


Tree=1361
num_leaves=2
num_cat=0
split_feature=12
split_gain=0.566025
threshold=1.0000000180025095e-35
decision_type=2
left_child=-1
right_child=-2
leaf_value=0.020623473280094402 -0.018916808956644049
leaf_weight=1.3577613290399315 1.2462982078286584
leaf_count=303 1299
internal_value=0
internal_weight=2.60406
internal_count=1602
is_linear=0
shrinkage=0.05


Tree=1362
num_leaves=5
num_cat=0
split_feature=62 7 12 51
split_gain=0.212222 0.0586732 0.0664274 0.0638147
threshold=-0.17058364547969646 1.1590903226081626 0.45656027480124345 1.0000000180025095e-35
decision_type=2 2 2 2
left_child=1 2 -1 -4
right_child=-2 -3 3 -5
leaf_value=0 -0.004218548290788657 0 0.018313449909935539 0
leaf_weight=0.097689411137254267 0.62901757267536584 0.16929979593260203 2.5737892626784746 0.082722491759341099
leaf_count=303 960 23 242 74
internal_value=0.00344676 0.0127737 0.0147218 0.0166148
internal_weight=3.55252 2.9235 2.7542 2.65651
internal_count=1602 642 619 316
is_linear=0
shrinkage=0.05


Tree=1363
num_leaves=5
num_cat=0
split_feature=2 1 62 7
split_gain=0.154947 0.229003 0.0444759 0.0138624
threshold=-0.94246420894849881 0.31588771833454138 0.39320557542857287 0.30009667238085086
decision_type=2 2 2 2
left_child=3 2 -2 -1
right_child=1 -3 -4 -5
leaf_value=0 0.023597051465052563 0 0 -0.0072224064864883216
leaf_weight=1.0533920219750146 1.377033250784734 0.30277742900943838 0.056769827875541412 0.66075025458121661
leaf_count=449 434 607 98 14
internal_value=0 0.012713 0.0219767 -0.00341967
internal_weight=3.45072 1.73658 1.4338 1.71414
internal_count=1602 1139 532 463
is_linear=0
shrinkage=0.05


Tree=1364
num_leaves=4
num_cat=0
split_feature=7 4 18
split_gain=0.057934 0.0561506 0.0382926
threshold=0.57623829779283353 -0.37450290859423491 1.0000000180025095e-35
decision_type=2 2 2
left_child=2 -2 -1
right_child=1 -3 -4
leaf_value=-0.0046563789334217271 0.017420419490038575 0 0
leaf_weight=4.1470007909811102 0.42327496036887169 0.49543793612974685 0.35585837345570315
leaf_count=1133 3 411 55
internal_value=0 0.00992712 -0.00100212
internal_weight=5.42157 0.918713 4.50286
internal_count=1602 414 1188
is_linear=0
shrinkage=0.05


Tree=1365
num_leaves=3
num_cat=0
split_feature=13 12
split_gain=0.0995617 0.0359596
threshold=-0.55062270036274141 0.49134678747263855
decision_type=2 2
left_child=1 -1
right_child=-2 -3
leaf_value=0 0 0.011221056456988704
leaf_weight=0.092339036113117667 1.3188095652585614 2.3847866943106055
leaf_count=313 1133 156
internal_value=0.00238451 0.00958177
internal_weight=3.79594 2.47713
internal_count=1602 469
is_linear=0
shrinkage=0.05


Tree=1366
num_leaves=2
num_cat=0
split_feature=25
split_gain=0.193541
threshold=1.0000000180025095e-35
decision_type=2
left_child=-1
right_child=-2
leaf_value=-0.010866589428374953 0.0055741099278672299
leaf_weight=3.5813167926680762 0.67295386595651496
leaf_count=1504 98
internal_value=-0.0026948
internal_weight=4.25427
internal_count=1602
is_linear=0
shrinkage=0.05


Tree=1367
num_leaves=1
num_cat=0
split_feature=
split_gain=
threshold=
decision_type=
left_child=
right_child=
leaf_value=0
leaf_weight=
leaf_count=1892
internal_value=
internal_weight=
internal_count=
is_linear=0
shrinkage=1


Tree=1368
num_leaves=2
num_cat=0
split_feature=50
split_gain=0.0966947
threshold=2.4864973685560821
decision_type=2
left_child=-1
right_child=-2
leaf_value=-0.0053712377118666429 0.0045853978635064128
leaf_weight=7.6133430755289737 0.75010448397370044
leaf_count=1504 98
internal_value=-0.00144938
internal_weight=8.36345
internal_count=1602
is_linear=0
shrinkage=0.05


Tree=1369
num_leaves=2
num_cat=0
split_feature=62
split_gain=0.0247923
threshold=-0.096095794098812845
decision_type=2
left_child=-1
right_child=-2
leaf_value=0.0035045311127961001 0
leaf_weight=4.5465713415760547 0.47840465555782419
leaf_count=737 865
internal_value=0
internal_weight=5.02498
internal_count=1602
is_linear=0
shrinkage=0.05


Tree=1370
num_leaves=3
num_cat=0
split_feature=0 3
split_gain=0.0217236 0.0189219
threshold=1.7776565534620203 -1.2971169809373058
decision_type=2 2
left_child=1 -1
right_child=-2 -3
leaf_value=0 0.0067052264744549075 -0.0062944650783830604
leaf_weight=6.8311195895075798 0.70793659333139647 0.69395269510278002
leaf_count=449 95 1058
internal_value=0 0
internal_weight=8.23301 7.52507
internal_count=1602 1507
is_linear=0
shrinkage=0.05


Tree=1371
num_leaves=3
num_cat=0
split_feature=12 8
split_gain=0.0334091 0.0479185
threshold=0.46804419612399417 -0.52456312342282096
decision_type=2 2
left_child=-1 -2
right_child=1 -3
leaf_value=0 0 0.0047256421276911289
leaf_weight=0.45479933268506911 0.29839316784636949 10.722281291818945
leaf_count=930 20 652
internal_value=0.00198726 0.00336971
internal_weight=11.4755 11.0207
internal_count=1602 672
is_linear=0
shrinkage=0.05


Tree=1372
num_leaves=2
num_cat=0
split_feature=3
split_gain=0.0305654
threshold=-1.2971169809373058
decision_type=2
left_child=-1
right_child=-2
leaf_value=0 -0.0090639320022713535
leaf_weight=33.596493559889495 0.77530885352461965
leaf_count=449 1153
internal_value=-0.0009018
internal_weight=34.3718
internal_count=1602
is_linear=0
shrinkage=0.05


Tree=1373
num_leaves=1
num_cat=0
split_feature=
split_gain=
threshold=
decision_type=
left_child=
right_child=
leaf_value=0
leaf_weight=
leaf_count=1892
internal_value=
internal_weight=
internal_count=
is_linear=0
shrinkage=1


Tree=1374
num_leaves=5
num_cat=0
split_feature=7 62 7 1
split_gain=0.573696 0.105764 0.128871 0.0843459
threshold=-0.94230824455522832 0.10759087094878059 0.85600355063308098 0.17903275523435544
decision_type=2 2 2 2
left_child=-1 2 3 -2
right_child=1 -3 -4 -5
leaf_value=-0.026660456117763711 0.021624175034601904 0 0 0
leaf_weight=1.8899819581420163 1.219835424111807 0.41805087914690364 0.28927318309433747 0.094289130953256861
leaf_count=459 138 657 137 211
internal_value=-0.00784159 0.00163611 0.0113541 0.018085
internal_weight=3.91143 2.02145 1.6034 1.31412
internal_count=1602 1143 486 349
is_linear=0
shrinkage=0.05


Tree=1375
num_leaves=2
num_cat=0
split_feature=12
split_gain=0.532477
threshold=1.0000000180025095e-35
decision_type=2
left_child=-1
right_child=-2
leaf_value=0.020168082540097488 -0.018495530615836205
leaf_weight=1.3260298967361452 1.2201962300314333
leaf_count=303 1299
internal_value=0
internal_weight=2.54623
internal_count=1602
is_linear=0
shrinkage=0.05


Tree=1376
num_leaves=5
num_cat=0
split_feature=62 7 12 51
split_gain=0.194285 0.054923 0.0614934 0.0601171
threshold=-0.17058364547969646 1.1590903226081626 0.45656027480124345 1.0000000180025095e-35
decision_type=2 2 2 2
left_child=1 2 -1 -4
right_child=-2 -3 3 -5
leaf_value=0 -0.0040074443676082474 0 0.017478640839220995 0
leaf_weight=0.09570570947835344 0.62358382393722411 0.16882724169408891 2.5940860137343411 0.082351503137033322
leaf_count=303 960 23 242 74
internal_value=0.00298637 0.0121015 0.0139988 0.0158198
internal_weight=3.56455 2.94097 2.77214 2.67644
internal_count=1602 642 619 316
is_linear=0
shrinkage=0.05


Tree=1377
num_leaves=5
num_cat=0
split_feature=2 2 62 3
split_gain=0.139711 0.218005 0.0428382 0.0128648
threshold=-0.94246420894849881 -0.022095564047355697 0.39320557542857287 -1.2269267479059429
decision_type=2 2 2 2
left_child=3 2 -2 -1
right_child=1 -3 -4 -5
leaf_value=0 0.022916462658379742 0 0 -0.0068951510627561748
leaf_weight=1.0518635035259647 1.3636756974156012 0.30089386570034538 0.056737397593678796 0.6529011917591564
leaf_count=449 435 606 98 14
internal_value=0 0.0121261 0.0213045 -0.00320522
internal_weight=3.42607 1.72131 1.42041 1.70476
internal_count=1602 1139 533 463
is_linear=0
shrinkage=0.05


Tree=1378
num_leaves=4
num_cat=0
split_feature=7 13 18
split_gain=0.0543843 0.0544003 0.035069
threshold=0.57623829779283353 -0.35022694594233067 1.0000000180025095e-35
decision_type=2 2 2
left_child=2 -2 -1
right_child=1 -3 -4
leaf_value=-0.0044305179372501396 0.017068722967227022 0 0
leaf_weight=4.1230014615284745 0.42292678728699684 0.49436780589167018 0.35469586635008443
leaf_count=1133 3 411 55
internal_value=0 0.00968299 -0.000785942
internal_weight=5.39499 0.917295 4.4777
internal_count=1602 414 1188
is_linear=0
shrinkage=0.05


Tree=1379
num_leaves=3
num_cat=0
split_feature=3 12
split_gain=0.126133 0.0409862
threshold=-1.0868720616634644 0.49134678747263855
decision_type=2 2
left_child=1 -1
right_child=-2 -3
leaf_value=0 0 0.012461554952403565
leaf_weight=0.084561926138122412 1.4048989347065797 2.3174798581749201
leaf_count=310 1141 151
internal_value=0.00214023 0.0107451
internal_weight=3.80694 2.40204
internal_count=1602 461
is_linear=0
shrinkage=0.05


Tree=1380
num_leaves=2
num_cat=0
split_feature=25
split_gain=0.180299
threshold=1.0000000180025095e-35
decision_type=2
left_child=-1
right_child=-2
leaf_value=-0.010455208524790037 0.0054335062723922106
leaf_weight=3.5367924026068067 0.66901176655665029
leaf_count=1504 98
internal_value=-0.00230644
internal_weight=4.2058
internal_count=1602
is_linear=0
shrinkage=0.05


Tree=1381
num_leaves=1
num_cat=0
split_feature=
split_gain=
threshold=
decision_type=
left_child=
right_child=
leaf_value=0
leaf_weight=
leaf_count=1892
internal_value=
internal_weight=
internal_count=
is_linear=0
shrinkage=1


Tree=1382
num_leaves=2
num_cat=0
split_feature=53
split_gain=0.0932748
threshold=3.5959279840799754
decision_type=2
left_child=-1
right_child=-2
leaf_value=-0.0051389123808777554 0.005188590487877392
leaf_weight=7.651256308396114 0.66256381664425124
leaf_count=1515 87
internal_value=-0.00123176
internal_weight=8.31382
internal_count=1602
is_linear=0
shrinkage=0.05


Tree=1383
num_leaves=2
num_cat=0
split_feature=62
split_gain=0.0228234
threshold=-0.096095794098812845
decision_type=2
left_child=-1
right_child=-2
leaf_value=0.0033605501860021099 0
leaf_weight=4.5524191269942094 0.4761498815496451
leaf_count=737 865
internal_value=0
internal_weight=5.02857
internal_count=1602
is_linear=0
shrinkage=0.05


Tree=1384
num_leaves=3
num_cat=0
split_feature=0 3
split_gain=0.0201671 0.0171221
threshold=1.7776565534620203 -1.2971169809373058
decision_type=2 2
left_child=1 -1
right_child=-2 -3
leaf_value=0 0.0064786516965797741 -0.0060084585316396901
leaf_weight=6.8303962930222042 0.70119621185585845 0.68568796425824974
leaf_count=449 95 1058
internal_value=0 0
internal_weight=8.21728 7.51608
internal_count=1602 1507
is_linear=0
shrinkage=0.05


Tree=1385
num_leaves=3
num_cat=0
split_feature=12 8
split_gain=0.0302073 0.0446052
threshold=0.46804419612399417 -0.52456312342282096
decision_type=2 2
left_child=-1 -2
right_child=1 -3
leaf_value=0 0 0.0044709896472347448
leaf_weight=0.4505212600924996 0.29640613484661926 10.762794179230696
leaf_count=930 20 652
internal_value=0.00178134 0.00313529
internal_weight=11.5097 11.0592
internal_count=1602 672
is_linear=0
shrinkage=0.05


Tree=1386
num_leaves=2
num_cat=0
split_feature=3
split_gain=0.0265578
threshold=-1.2971169809373058
decision_type=2
left_child=-1
right_child=-2
leaf_value=0 -0.0086840227574556447
leaf_weight=33.584698176244274 0.76294826950470351
leaf_count=449 1153
internal_value=-0.000909842
internal_weight=34.3476
internal_count=1602
is_linear=0
shrinkage=0.05


Tree=1387
num_leaves=1
num_cat=0
split_feature=
split_gain=
threshold=
decision_type=
left_child=
right_child=
leaf_value=0
leaf_weight=
leaf_count=1892
internal_value=
internal_weight=
internal_count=
is_linear=0
shrinkage=1


Tree=1388
num_leaves=3
num_cat=0
split_feature=7 13
split_gain=0.542546 0.098189
threshold=-0.94230824455522832 -0.78681577724436436
decision_type=2 2
left_child=-1 -2
right_child=1 -3
leaf_value=-0.026210417302638723 0.015459682496077055 0
leaf_weight=1.8392559816129508 0.54279252234846387 1.4620133265270849
leaf_count=459 9 1134
internal_value=-0.00765306 0.00122466
internal_weight=3.84406 2.00481
internal_count=1602 1143
is_linear=0
shrinkage=0.05


Tree=1389
num_leaves=2
num_cat=0
split_feature=12
split_gain=0.500545
threshold=1.0000000180025095e-35
decision_type=2
left_child=-1
right_child=-2
leaf_value=0.019719394331420653 -0.01806663614592487
leaf_weight=1.2957980930805209 1.1944025490520287
leaf_count=303 1299
internal_value=0
internal_weight=2.4902
internal_count=1602
is_linear=0
shrinkage=0.05


Tree=1390
num_leaves=5
num_cat=0
split_feature=62 7 12 51
split_gain=0.177973 0.051495 0.0570766 0.0567634
threshold=-0.17058364547969646 1.1590903226081626 0.45656027480124345 1.0000000180025095e-35
decision_type=2 2 2 2
left_child=1 2 -1 -4
right_child=-2 -3 3 -5
leaf_value=0 -0.003769239019389024 0 0.016709890621311046 0
leaf_weight=0.093804519972765177 0.61749021371360857 0.16829237825004373 2.6138836569152777 0.0819878804613835
leaf_count=303 960 23 242 74
internal_value=0.00257704 0.011485 0.0133337 0.0150882
internal_weight=3.57546 2.95797 2.78968 2.69587
internal_count=1602 642 619 316
is_linear=0
shrinkage=0.05


Tree=1391
num_leaves=5
num_cat=0
split_feature=2 2 62 7
split_gain=0.126471 0.208866 0.0414549 0.0118186
threshold=-0.94246420894849881 -0.022095564047355697 0.39320557542857287 0.30009667238085086
decision_type=2 2 2 2
left_child=3 2 -2 -1
right_child=1 -3 -4 -5
leaf_value=0 0.022335541087863255 0 0 -0.0065449424685520285
leaf_weight=1.0503757095430049 1.3491467527055645 0.29973667627200473 0.056706454430241027 0.644613245705841
leaf_count=449 435 606 98 14
internal_value=0 0.0115982 0.0207281 -0.0029794
internal_weight=3.40058 1.70559 1.40585 1.69499
internal_count=1602 1139 533 463
is_linear=0
shrinkage=0.05


Tree=1392
num_leaves=4
num_cat=0
split_feature=7 13 21
split_gain=0.0512095 0.0520965 0.0318556
threshold=0.57623829779283353 -0.35022694594233067 1.0000000180025095e-35
decision_type=2 2 2
left_child=2 -2 -1
right_child=1 -3 -4
leaf_value=-0.0042029017557980407 0.016674880259545267 0 0
leaf_weight=4.0990375276305713 0.42308385670185089 0.49250247102463607 0.35350671969354142
leaf_count=1133 3 411 55
internal_value=0 0.00945031 -0.000568412
internal_weight=5.36813 0.915586 4.45254
internal_count=1602 414 1188
is_linear=0
shrinkage=0.05


Tree=1393
num_leaves=3
num_cat=0
split_feature=3 12
split_gain=0.115772 0.0380735
threshold=-1.0868720616634644 0.49134678747263855
decision_type=2 2
left_child=1 -1
right_child=-2 -3
leaf_value=0 0 0.011871850470404783
leaf_weight=0.082979114406044441 1.3979328643181359 2.3376902285963297
leaf_count=310 1141 151
internal_value=0.00188432 0.010215
internal_weight=3.8186 2.42067
internal_count=1602 461
is_linear=0
shrinkage=0.05


Tree=1394
num_leaves=2
num_cat=0
split_feature=24
split_gain=0.143875
threshold=-0.15381375537428907
decision_type=2
left_child=-1
right_child=-2
leaf_value=-0.0096034711822612587 0.0032654571601817015
leaf_weight=3.4454763101093704 0.71266918070614327
leaf_count=1409 193
internal_value=-0.00191715
internal_weight=4.15815
internal_count=1602
is_linear=0
shrinkage=0.05


Tree=1395
num_leaves=1
num_cat=0
split_feature=
split_gain=
threshold=
decision_type=
left_child=
right_child=
leaf_value=0
leaf_weight=
leaf_count=1892
internal_value=
internal_weight=
internal_count=
is_linear=0
shrinkage=1


Tree=1396
num_leaves=2
num_cat=0
split_feature=53
split_gain=0.0856922
threshold=3.5959279840799754
decision_type=2
left_child=-1
right_child=-2
leaf_value=-0.0048949165562551774 0.0050051691217960562
leaf_weight=7.6072479957074393 0.65751623827964056
leaf_count=1515 87
internal_value=-0.00101437
internal_weight=8.26476
internal_count=1602
is_linear=0
shrinkage=0.05


Tree=1397
num_leaves=2
num_cat=0
split_feature=62
split_gain=0.0210388
threshold=-0.096095794098812845
decision_type=2
left_child=-1
right_child=-2
leaf_value=0.0032247770992502099 0
leaf_weight=4.5577968303696252 0.47305983334081236
leaf_count=737 865
internal_value=0
internal_weight=5.03086
internal_count=1602
is_linear=0
shrinkage=0.05


Tree=1398
num_leaves=3
num_cat=0
split_feature=0 13
split_gain=0.0187278 0.0152864
threshold=1.7776565534620203 -1.3186276315601533
decision_type=2 2
left_child=1 -1
right_child=-2 -3
leaf_value=0 0.0062599855575367824 -0.0056985349504459111
leaf_weight=6.8295502467080951 0.69476109789684404 0.67684741757693689
leaf_count=449 95 1058
internal_value=0 0
internal_weight=8.20116 7.5064
internal_count=1602 1507
is_linear=0
shrinkage=0.05


Tree=1399
num_leaves=3
num_cat=0
split_feature=12 8
split_gain=0.0272276 0.0414908
threshold=0.46804419612399417 -0.52456312342282096
decision_type=2 2
left_child=-1 -2
right_child=1 -3
leaf_value=0 0 0.0042308317572901698
leaf_weight=0.44567575975088303 0.29420001938706164 10.800540085096145
leaf_count=930 20 652
internal_value=0.00159114 0.00291543
internal_weight=11.5404 11.0947
internal_count=1602 672
is_linear=0
shrinkage=0.05


Tree=1400
num_leaves=1
num_cat=0
split_feature=
split_gain=
threshold=
decision_type=
left_child=
right_child=
leaf_value=0
leaf_weight=
leaf_count=1892
internal_value=
internal_weight=
internal_count=
is_linear=0
shrinkage=1


Tree=1401
num_leaves=4
num_cat=0
split_feature=62 62 3
split_gain=0.111978 0.110686 0.0143752
threshold=1.0000000180025095e-35 -0.096095794098812845 -1.2971169809373058
decision_type=2 2 2
left_child=1 2 -1
right_child=-2 -3 -4
leaf_value=0.0030205995996819904 -0.00095191860279353205 0.021978783063887539 0
leaf_weight=3.4388391204411164 0.5523929125338326 0.72410891298204649 0.48762178144534152
leaf_count=453 764 101 299
internal_value=0.0024992 0.00781556 0
internal_weight=5.20296 4.65057 3.92646
internal_count=1617 853 752
is_linear=0
shrinkage=0.05


Tree=1402
num_leaves=4
num_cat=0
split_feature=62 62 7
split_gain=0.0111644 0.170484 0.0107558
threshold=0.10759087094878059 1.0000000180025095e-35 -0.94230824455522832
decision_type=2 2 2
left_child=1 2 -1
right_child=-2 -3 -4
leaf_value=0 0 0.018006387685832622 -0.0049035400856444747
leaf_weight=1.7992165485047742 0.41590280496166077 0.9006153312511741 0.61831569331116076
leaf_count=453 663 101 400
internal_value=0 0.00270371 0
internal_weight=3.73405 3.31815 2.41753
internal_count=1617 954 853
is_linear=0
shrinkage=0.05


Tree=1403
num_leaves=2
num_cat=0
split_feature=11
split_gain=0.392855
threshold=1.0000000180025095e-35
decision_type=2
left_child=-1
right_child=-2
leaf_value=-0.015191252957517252 0.018344199886303519
leaf_weight=1.263558670427301 1.2091766437515616
leaf_count=1319 298
internal_value=0
internal_weight=2.47274
internal_count=1617
is_linear=0
shrinkage=0.05


Tree=1404
num_leaves=1
num_cat=0
split_feature=
split_gain=
threshold=
decision_type=
left_child=
right_child=
leaf_value=0
leaf_weight=
leaf_count=1892
internal_value=
internal_weight=
internal_count=
is_linear=0
shrinkage=1


Tree=1405
num_leaves=3
num_cat=0
split_feature=7 7
split_gain=0.0602167 0.0816763
threshold=0.46172127603473972 0.41740108349421173
decision_type=2 2
left_child=1 -1
right_child=-2 -3
leaf_value=0 -0.0037442832995356421 0.014468230387653689
leaf_weight=1.880371609528084 0.95494887167296827 1.0971670320723204
leaf_count=1112 476 29
internal_value=0 0.00611753
internal_weight=3.93249 2.97754
internal_count=1617 1141
is_linear=0
shrinkage=0.05


Tree=1406
num_leaves=5
num_cat=0
split_feature=3 20 12 20
split_gain=0.0558108 0.0565192 0.0383011 0.014393
threshold=-1.1754222435261918 -0.15298078094028478 0.46746497599285841 1.0000000180025095e-35
decision_type=2 2 2 2
left_child=2 -2 -1 -3
right_child=1 3 -4 -5
leaf_value=0 -0.0091105021257378901 0.0076858259975504497 0.0097817931556484512 0
leaf_weight=0.10291322605917264 0.77533438813406952 0.70913807768374681 3.801354537717998 0.055906623078044504
leaf_count=309 969 94 152 93
internal_value=0.00544565 0 0.00846799 0.00529317
internal_weight=5.44465 1.54038 3.90427 0.765045
internal_count=1617 1156 461 187
is_linear=0
shrinkage=0.05


Tree=1407
num_leaves=3
num_cat=0
split_feature=62 62
split_gain=0.238417 0.207025
threshold=0.10759087094878059 0.1161839157556325
decision_type=2 2
left_child=-1 -2
right_child=1 -3
leaf_value=-0.012889774425135609 0.01961244650105232 0
leaf_weight=2.3688634847494545 1.1559363494161514 0.36431836537667539
leaf_count=954 189 474
internal_value=0 0.00768744
internal_weight=3.88912 1.52025
internal_count=1617 663
is_linear=0
shrinkage=0.05


Tree=1408
num_leaves=6
num_cat=0
split_feature=2 4 12 7 2
split_gain=0.111073 0.123124 0.0519483 0.0447544 0.0100812
threshold=-0.22508976731037425 -0.80312896480916507 0.45656027480124345 0.87110211167174512 -0.94246437086823953
decision_type=2 2 2 2 2
left_child=1 -1 -3 4 -4
right_child=-2 2 3 -5 -6
leaf_value=0 0 0 0 0 0.016668750883931747
leaf_weight=0.22586920484900508 0.30384735918778449 0.082480313838459884 0.013822144828738003 0.16278792746015813 3.441168079647468
leaf_count=5 726 311 3 32 540
internal_value=0.00716157 0.0108419 0.014041 0.0152525 0.016447
internal_weight=4.22998 3.92613 3.70026 3.61778 3.45499
internal_count=1617 891 886 575 543
is_linear=0
shrinkage=0.05


Tree=1409
num_leaves=4
num_cat=0
split_feature=3 2 2
split_gain=0.0354864 0.192244 0.0550672
threshold=-1.0400259609247759 -0.32117513856371432 -0.94246420894849881
decision_type=2 2 2
left_child=-1 2 -2
right_child=1 -3 -4
leaf_value=-0.0036354868353105363 0 0 0.021943106878800224
leaf_weight=4.0233212331077084 0.09682753449305892 0.42515362999984063 0.84415719780372434
leaf_count=468 7 900 242
internal_value=0 0.0039375 0.0188045
internal_weight=5.38946 1.36614 0.940985
internal_count=1617 1149 249
is_linear=0
shrinkage=0.05


Tree=1410
num_leaves=4
num_cat=0
split_feature=62 8 12
split_gain=0.138599 0.0560358 0.0207991
threshold=-0.17058364547969646 -0.51006864881048153 0.46492233141915829
decision_type=2 2 2
left_child=1 -1 -3
right_child=-2 2 -4
leaf_value=0 -0.0010532860012552527 0 0.0096039191462458026
leaf_weight=0.31935302319470782 0.55888754315674294 0.19818860397208471 7.2693119132600259
leaf_count=20 964 342 291
internal_value=0.00450086 0.00795582 0.00913316
internal_weight=8.34574 7.78685 7.4675
internal_count=1617 653 633
is_linear=0
shrinkage=0.05


Tree=1411
num_leaves=2
num_cat=0
split_feature=46
split_gain=0.11738
threshold=1.0000000180025095e-35
decision_type=2
left_child=-1
right_child=-2
leaf_value=-0.0075734275602813098 0.0041017047465964213
leaf_weight=4.4877836144878529 0.63488409342244256
leaf_count=1518 99
internal_value=-0.00144409
internal_weight=5.12267
internal_count=1617
is_linear=0
shrinkage=0.05


Tree=1412
num_leaves=3
num_cat=0
split_feature=0 3
split_gain=0.0146755 0.0233751
threshold=1.7776565534620203 -1.2971169809373058
decision_type=2 2
left_child=1 -1
right_child=-2 -3
leaf_value=0 0.0055872385239059711 -0.006942664191918059
leaf_weight=6.8761232758988626 0.67527134576812375 0.71238517393067002
leaf_count=453 93 1071
internal_value=0 0
internal_weight=8.26378 7.58851
internal_count=1617 1524
is_linear=0
shrinkage=0.05


Tree=1413
num_leaves=2
num_cat=0
split_feature=54
split_gain=0.15393
threshold=1.0000000180025095e-35
decision_type=2
left_child=-1
right_child=-2
leaf_value=-0.0061225053035027016 0.007203037837467576
leaf_weight=11.003865685168419 0.72152065858244974
leaf_count=1521 96
internal_value=-0.00299654
internal_weight=11.7254
internal_count=1617
is_linear=0
shrinkage=0.05


Tree=1414
num_leaves=1
num_cat=0
split_feature=
split_gain=
threshold=
decision_type=
left_child=
right_child=
leaf_value=0
leaf_weight=
leaf_count=1892
internal_value=
internal_weight=
internal_count=
is_linear=0
shrinkage=1


Tree=1415
num_leaves=4
num_cat=0
split_feature=62 62 3
split_gain=0.106104 0.104602 0.0133701
threshold=1.0000000180025095e-35 -0.096095794098812845 -1.2971169809373058
decision_type=2 2 2
left_child=1 2 -1
right_child=-2 -3 -4
leaf_value=0.0029099808898398333 -0.00067565709719466711 0.021434907605552361 0
leaf_weight=3.447262117464561 0.5462047375331166 0.71329398709349323 0.4859521399775989
leaf_count=453 764 101 299
internal_value=0.00233987 0.00758321 0
internal_weight=5.19271 4.64651 3.93321
internal_count=1617 853 752
is_linear=0
shrinkage=0.05


Tree=1416
num_leaves=2
num_cat=0
split_feature=7
split_gain=0.010194
threshold=0.51064067164466731
decision_type=2
left_child=-1
right_child=-2
leaf_value=0.0026745964282372265 0
leaf_weight=3.0625918367732088 0.64672079878801003
leaf_count=1162 455
internal_value=0
internal_weight=3.70931
internal_count=1617
is_linear=0
shrinkage=0.05


Tree=1417
num_leaves=2
num_cat=0
split_feature=12
split_gain=0.46516
threshold=1.0000000180025095e-35
decision_type=2
left_child=-1
right_child=-2
leaf_value=0.01919173428251026 -0.017569526616388879
leaf_weight=1.2614957364276054 1.1654381518455919
leaf_count=306 1311
internal_value=0
internal_weight=2.42693
internal_count=1617
is_linear=0
shrinkage=0.05


Tree=1418
num_leaves=3
num_cat=0
split_feature=4 4
split_gain=0.0378059 0.0254063
threshold=-0.37450290859423491 -0.32835901591648925
decision_type=2 2
left_child=-1 -2
right_child=1 -3
leaf_value=-0.0077362056089914956 0.0059191732574709714 0
leaf_weight=0.67271691933274302 2.0072306795045742 0.8396163993456861
leaf_count=10 456 1151
internal_value=0 0.00269616
internal_weight=3.51956 2.84685
internal_count=1617 1607
is_linear=0
shrinkage=0.05


Tree=1419
num_leaves=3
num_cat=0
split_feature=7 7
split_gain=0.0574894 0.0758151
threshold=0.46172127603473972 0.41740108349421173
decision_type=2 2
left_child=1 -1
right_child=-2 -3
leaf_value=0 -0.0035406484761726143 0.014048379759255046
leaf_weight=1.8723896074807278 0.94905493351689063 1.0965773072384761
leaf_count=1112 476 29
internal_value=0 0.0060162
internal_weight=3.91802 2.96897
internal_count=1617 1141
is_linear=0
shrinkage=0.05


Tree=1420
num_leaves=5
num_cat=0
split_feature=3 20 12 20
split_gain=0.0497944 0.0511492 0.0356064 0.0137657
threshold=-1.1754222435261918 -0.15298078094028478 0.46746497599285841 1.0000000180025095e-35
decision_type=2 2 2 2
left_child=2 -2 -1 -3
right_child=1 3 -4 -5
leaf_value=0 -0.0087037275709416391 0.007447404841515068 0.0092973762917776814 0
leaf_weight=0.10125331510789726 0.76199378680030327 0.70231688814237714 3.8355225184932351 0.055598344886675477
leaf_count=309 969 94 152 93
internal_value=0.00520318 0 0.00802529 0.00506501
internal_weight=5.45668 1.51991 3.93678 0.757915
internal_count=1617 1156 461 187
is_linear=0
shrinkage=0.05


Tree=1421
num_leaves=3
num_cat=0
split_feature=62 62
split_gain=0.218736 0.197983
threshold=0.10759087094878059 0.1161839157556325
decision_type=2 2
left_child=-1 -2
right_child=1 -3
leaf_value=-0.01245700910904953 0.019124150417025323 0
leaf_weight=2.3341277615691074 1.1460271273972464 0.36158361655543547
leaf_count=954 189 474
internal_value=0 0.00730215
internal_weight=3.84174 1.50761
internal_count=1617 663
is_linear=0
shrinkage=0.05


Tree=1422
num_leaves=5
num_cat=0
split_feature=2 4 12 7
split_gain=0.102807 0.115125 0.0483137 0.0417377
threshold=-0.22508976731037425 -0.80312896480916507 0.45656027480124345 0.87110211167174512
decision_type=2 2 2 2
left_child=1 -1 -3 -4
right_child=-2 2 3 -5
leaf_value=0 0 0 0.015672838877063697 0
leaf_weight=0.2241337671875957 0.30147279048105691 0.081143334013177415 3.4915704865125012 0.16281468290253531
leaf_count=5 726 311 543 32
internal_value=0.00664957 0.010239 0.0133543 0.0145222
internal_weight=4.26114 3.95966 3.73553 3.65439
internal_count=1617 891 886 575
is_linear=0
shrinkage=0.05


Tree=1423
num_leaves=4
num_cat=0
split_feature=3 2 2
split_gain=0.0314647 0.184449 0.057851
threshold=-1.0400259609247759 -0.32117513856371432 -0.94246437086823953
decision_type=2 2 2
left_child=-1 2 -2
right_child=1 -3 -4
leaf_value=-0.0034570983424702206 0 0 0.02146220997880717
leaf_weight=4.0055024145403877 0.062856027740053833 0.42184236919274554 0.86892800516216062
leaf_count=468 5 900 244
internal_value=0 0.0036588 0.0184226
internal_weight=5.35913 1.35363 0.931784
internal_count=1617 1149 249
is_linear=0
shrinkage=0.05


Tree=1424
num_leaves=3
num_cat=0
split_feature=62 8
split_gain=0.127245 0.0487032
threshold=-0.17058364547969646 -0.50793005623135634
decision_type=2 2
left_child=1 -1
right_child=-2 -3
leaf_value=0 -0.00078095375494999621 0.0085924257879570025
leaf_weight=0.33386285050073627 0.55263413712964382 7.5032457811466884
leaf_count=25 964 628
internal_value=0.00413024 0.00750126
internal_weight=8.38974 7.83711
internal_count=1617 653
is_linear=0
shrinkage=0.05


Tree=1425
num_leaves=2
num_cat=0
split_feature=46
split_gain=0.107513
threshold=1.0000000180025095e-35
decision_type=2
left_child=-1
right_child=-2
leaf_value=-0.00723459101048444 0.0039007400468396708
leaf_weight=4.4464436173730064 0.62959119398146857
leaf_count=1518 99
internal_value=-0.00114405
internal_weight=5.07603
internal_count=1617
is_linear=0
shrinkage=0.05


Tree=1426
num_leaves=2
num_cat=0
split_feature=0
split_gain=0.0136318
threshold=1.7776565534620203
decision_type=2
left_child=-1
right_child=-2
leaf_value=0 0.0053972183154418875
leaf_weight=7.5754427335341461 0.66991180228069414
leaf_count=1524 93
internal_value=0
internal_weight=8.24535
internal_count=1617
is_linear=0
shrinkage=0.05


Tree=1427
num_leaves=2
num_cat=0
split_feature=54
split_gain=0.142702
threshold=1.0000000180025095e-35
decision_type=2
left_child=-1
right_child=-2
leaf_value=-0.0058300686236371696 0.0069643507488723576
leaf_weight=10.931617873051435 0.71427825046703297
leaf_count=1521 96
internal_value=-0.00273265
internal_weight=11.6459
internal_count=1617
is_linear=0
shrinkage=0.05


Tree=1428
num_leaves=1
num_cat=0
split_feature=
split_gain=
threshold=
decision_type=
left_child=
right_child=
leaf_value=0
leaf_weight=
leaf_count=1892
internal_value=
internal_weight=
internal_count=
is_linear=0
shrinkage=1


Tree=1429
num_leaves=4
num_cat=0
split_feature=62 62 13
split_gain=0.100944 0.0987788 0.0124871
threshold=1.0000000180025095e-35 -0.096095794098812845 -1.3186276315601533
decision_type=2 2 2
left_child=1 2 -1
right_child=-2 -3 -4
leaf_value=0.0028095119475724812 -0.00046276464517409601 0.020911033760353432 0
leaf_weight=3.4549291147268377 0.54148780994000834 0.70335136237554241 0.48418340506032143
leaf_count=453 764 101 299
internal_value=0.00218381 0.00736896 0
internal_weight=5.18395 4.64246 3.93911
internal_count=1617 853 752
is_linear=0
shrinkage=0.05


Tree=1430
num_leaves=1
num_cat=0
split_feature=
split_gain=
threshold=
decision_type=
left_child=
right_child=
leaf_value=0
leaf_weight=
leaf_count=1892
internal_value=
internal_weight=
internal_count=
is_linear=0
shrinkage=1


Tree=1431
num_leaves=2
num_cat=0
split_feature=11
split_gain=0.345859
threshold=1.0000000180025095e-35
decision_type=2
left_child=-1
right_child=-2
leaf_value=-0.014346103332066283 0.017541265713989569
leaf_weight=1.2160735030920478 1.1622331338003278
leaf_count=1319 298
internal_value=0
internal_weight=2.37831
internal_count=1617
is_linear=0
shrinkage=0.05


Tree=1432
num_leaves=3
num_cat=0
split_feature=4 4
split_gain=0.0348352 0.0238133
threshold=-0.37450290859423491 -0.32835901591648925
decision_type=2 2
left_child=-1 -2
right_child=1 -3
leaf_value=-0.0074321805700309487 0.0057199897440000595 0
leaf_weight=0.66515400074422393 2.014234524918721 0.83470718839089331
leaf_count=10 456 1151
internal_value=0 0.00260512
internal_weight=3.5141 2.84894
internal_count=1617 1607
is_linear=0
shrinkage=0.05


Tree=1433
num_leaves=3
num_cat=0
split_feature=7 7
split_gain=0.0550653 0.0705364
threshold=0.46172127603473972 0.41740108349421173
decision_type=2 2
left_child=1 -1
right_child=-2 -3
leaf_value=0 -0.0033720379613571398 0.013655110323023989
leaf_weight=1.8653863470244694 0.94429099687840778 1.0959369191259609
leaf_count=1112 476 29
internal_value=0 0.00591838
internal_weight=3.90561 2.96132
internal_count=1617 1141
is_linear=0
shrinkage=0.05


Tree=1434
num_leaves=5
num_cat=0
split_feature=3 20 12 20
split_gain=0.0445198 0.0464536 0.033028 0.0131853
threshold=-1.1754222435261918 -0.15298078094028478 0.46746497599285841 1.0000000180025095e-35
decision_type=2 2 2 2
left_child=2 -2 -1 -3
right_child=1 3 -4 -5
leaf_value=0 -0.0083272796673103666 0.007224380686133249 0.0088379938258496566 0
leaf_weight=0.099352243356407022 0.74993182740581665 0.6960209091193974 3.8683992810547352 0.055302167078480124
leaf_count=309 969 94 152 93
internal_value=0.00496843 0 0.00760867 0.00485205
internal_weight=5.46901 1.50125 3.96775 0.751323
internal_count=1617 1156 461 187
is_linear=0
shrinkage=0.05


Tree=1435
num_leaves=3
num_cat=0
split_feature=62 62
split_gain=0.200799 0.189294
threshold=0.10759087094878059 0.1161839157556325
decision_type=2 2
left_child=-1 -2
right_child=1 -3
leaf_value=-0.012042094472866579 0.018644838269634346 0
leaf_weight=2.3015525230439384 1.1367197986692188 0.35890184840536665
leaf_count=954 189 474
internal_value=0 0.00692631
internal_weight=3.79717 1.49562
internal_count=1617 663
is_linear=0
shrinkage=0.05


Tree=1436
num_leaves=5
num_cat=0
split_feature=2 4 12 7
split_gain=0.0952928 0.107917 0.0448777 0.0389261
threshold=-0.22508976731037425 -0.80312896480916507 0.45656027480124345 0.87110211167174512
decision_type=2 2 2 2
left_child=1 -1 -3 -4
right_child=-2 2 3 -5
leaf_value=0 0 0 0.014946896215351694 0
leaf_weight=0.22270321100950274 0.29947386472485948 0.079621831770055329 3.5276306200248659 0.1627906143257859
leaf_count=5 726 311 543 32
internal_value=0.00616733 0.00967457 0.0127146 0.0138386
internal_weight=4.29222 3.99275 3.77004 3.69042
internal_count=1617 891 886 575
is_linear=0
shrinkage=0.05


Tree=1437
num_leaves=3
num_cat=0
split_feature=3 3
split_gain=0.0276435 0.139551
threshold=-1.0400259609247759 -0.033361838379139454
decision_type=2 2
left_child=-1 -2
right_child=1 -3
leaf_value=-0.0032846195320532659 0.016841636487131387 0
leaf_weight=3.9883819311799016 0.80292224921868161 0.53971503439242952
leaf_count=468 202 947
internal_value=0 0.00335048
internal_weight=5.33102 1.34264
internal_count=1617 1149
is_linear=0
shrinkage=0.05


Tree=1438
num_leaves=3
num_cat=0
split_feature=62 8
split_gain=0.117489 0.0437482
threshold=-0.17058364547969646 -0.50761208606539621
decision_type=2 2
left_child=1 -1
right_child=-2 -3
leaf_value=0 -0.00055756774954036177 0.0081287768346988334
leaf_weight=0.33985501201823343 0.54756256216205645 7.5424338856537361
leaf_count=27 964 626
internal_value=0.00379568 0.00709578
internal_weight=8.42985 7.88229
internal_count=1617 653
is_linear=0
shrinkage=0.05


Tree=1439
num_leaves=2
num_cat=0
split_feature=46
split_gain=0.0983603
threshold=1.0000000180025095e-35
decision_type=2
left_child=-1
right_child=-2
leaf_value=-0.0069095144365961259 0.0037273449262960594
leaf_weight=4.4074276997416746 0.62506332574412216
leaf_count=1518 99
internal_value=-0.000852138
internal_weight=5.03249
internal_count=1617
is_linear=0
shrinkage=0.05


Tree=1440
num_leaves=2
num_cat=0
split_feature=0
split_gain=0.0126558
threshold=1.7776565534620203
decision_type=2
left_child=-1
right_child=-2
leaf_value=0 0.0052119627737001288
leaf_weight=7.5675031333666993 0.66473286133259524
leaf_count=1524 93
internal_value=0
internal_weight=8.23224
internal_count=1617
is_linear=0
shrinkage=0.05


Tree=1441
num_leaves=2
num_cat=0
split_feature=54
split_gain=0.13228
threshold=1.0000000180025095e-35
decision_type=2
left_child=-1
right_child=-2
leaf_value=-0.005548978492164563 0.0067439979983816047
leaf_weight=10.863031861110356 0.70766712445765811
leaf_count=1521 96
internal_value=-0.00247779
internal_weight=11.5707
internal_count=1617
is_linear=0
shrinkage=0.05


Tree=1442
num_leaves=1
num_cat=0
split_feature=
split_gain=
threshold=
decision_type=
left_child=
right_child=
leaf_value=0
leaf_weight=
leaf_count=1892
internal_value=
internal_weight=
internal_count=
is_linear=0
shrinkage=1


Tree=1443
num_leaves=4
num_cat=0
split_feature=62 62 3
split_gain=0.0960921 0.0934057 0.0116321
threshold=1.0000000180025095e-35 -0.096095794098812845 -1.2971169809373058
decision_type=2 2 2
left_child=1 2 -1
right_child=-2 -3 -4
leaf_value=0.0027089822951465977 -0.00028202068275890872 0.02040196636540087 0
leaf_weight=3.4626421143184416 0.53752472542691965 0.69395589875057329 0.4824964621511757
leaf_count=453 764 101 299
internal_value=0.00202643 0.00715999 0
internal_weight=5.17662 4.63909 3.94514
internal_count=1617 853 752
is_linear=0
shrinkage=0.05


Tree=1444
num_leaves=3
num_cat=0
split_feature=62 62
split_gain=0.010092 0.15828
threshold=0.10759087094878059 1.0000000180025095e-35
decision_type=2 2
left_child=1 -1
right_child=-2 -3
leaf_value=0 0 0.017441615687640005
leaf_weight=2.4067383811925547 0.40514239494223137 0.88367846515029658
leaf_count=853 663 101
internal_value=0 0.00257997
internal_weight=3.69556 3.29042
internal_count=1617 954
is_linear=0
shrinkage=0.05


Tree=1445
num_leaves=2
num_cat=0
split_feature=12
split_gain=0.417353
threshold=1.0000000180025095e-35
decision_type=2
left_child=-1
right_child=-2
leaf_value=0.018484139304510878 -0.016780786430168376
leaf_weight=1.2174363522790375 1.121465412492398
leaf_count=306 1311
internal_value=0
internal_weight=2.3389
internal_count=1617
is_linear=0
shrinkage=0.05


Tree=1446
num_leaves=3
num_cat=0
split_feature=4 4
split_gain=0.0320856 0.0223644
threshold=-0.37450290859423491 -0.32835901591648925
decision_type=2 2
left_child=-1 -2
right_child=1 -3
leaf_value=-0.0071414663746856072 0.0055285522874060078 0
leaf_weight=0.65799998305738006 2.0214060374419214 0.83039838640252073
leaf_count=10 456 1151
internal_value=0 0.0025123
internal_weight=3.5098 2.8518
internal_count=1617 1607
is_linear=0
shrinkage=0.05


Tree=1447
num_leaves=3
num_cat=0
split_feature=7 7
split_gain=0.0524676 0.0655337
threshold=0.46172127603473972 0.41740108349421173
decision_type=2 2
left_child=1 -1
right_child=-2 -3
leaf_value=0 -0.0032129285379050541 0.013251749699742493
leaf_weight=1.8593564447073738 0.93990170695178665 1.0952452131896278
leaf_count=1112 476 29
internal_value=0 0.0058023
internal_weight=3.8945 2.9546
internal_count=1617 1141
is_linear=0
shrinkage=0.05


Tree=1448
num_leaves=4
num_cat=0
split_feature=4 1 12
split_gain=0.040388 0.0513483 0.0492187
threshold=-0.80312896480916507 0.74638400022582785 0.46477990023937016
decision_type=2 2 2
left_child=-1 2 -2
right_child=1 -3 -4
leaf_value=0 0 0 0.0095165773232349458
leaf_weight=0.17842258512973774 0.25118249197839748 0.17817840084899206 4.8741199270880315
leaf_count=5 563 339 710
internal_value=0.00473863 0.00636734 0.00804037
internal_weight=5.4819 5.30348 5.1253
internal_count=1617 1612 1273
is_linear=0
shrinkage=0.05


Tree=1449
num_leaves=3
num_cat=0
split_feature=62 62
split_gain=0.184185 0.180959
threshold=0.10759087094878059 0.1161839157556325
decision_type=2 2
left_child=-1 -2
right_child=1 -3
leaf_value=-0.011642593788115144 0.018169333392069043 0
leaf_weight=2.2708736377389873 1.1274649919942019 0.3567351764650083
leaf_count=954 189 474
internal_value=0 0.00654009
internal_weight=3.75507 1.4842
internal_count=1617 663
is_linear=0
shrinkage=0.05


Tree=1450
num_leaves=5
num_cat=0
split_feature=2 4 12 2
split_gain=0.088191 0.10112 0.0418247 0.0281945
threshold=-0.22508976731037425 -0.80312896480916507 0.45656027480124345 -0.94246437086823953
decision_type=2 2 2 2
left_child=1 -1 -3 -4
right_child=-2 2 3 -5
leaf_value=0 0 0 0 0.013881574042301406
leaf_weight=0.22135173901915539 0.29760370441363182 0.078403654973954295 0.048012158251367842 3.6776542128645815
leaf_count=5 726 311 5 570
internal_value=0.0057 0.00912942 0.0120983 0.0131844
internal_weight=4.32303 4.02542 3.80407 3.72567
internal_count=1617 891 886 575
is_linear=0
shrinkage=0.05


Tree=1451
num_leaves=4
num_cat=0
split_feature=3 2 2
split_gain=0.0247493 0.170728 0.0559397
threshold=-1.0400259609247759 -0.32117513856371432 -0.94246437086823953
decision_type=2 2 2
left_child=-1 2 -2
right_child=1 -3 -4
leaf_value=-0.0031229980184189587 0 0 0.020771135660253542
leaf_weight=3.9724649439158384 0.063364060362800956 0.41642866752226837 0.8557454962574409
leaf_count=468 5 900 244
internal_value=0 0.00315344 0.0177096
internal_weight=5.308 1.33554 0.91911
internal_count=1617 1149 249
is_linear=0
shrinkage=0.05


Tree=1452
num_leaves=3
num_cat=0
split_feature=62 8
split_gain=0.108556 0.0391414
threshold=-0.17058364547969646 -0.5075323431089549
decision_type=2 2
left_child=1 -1
right_child=-2 -3
leaf_value=0 -0.00036283698047446746 0.0076871708456744724
leaf_weight=0.34540818934328843 0.54318445766693901 7.5805063630104996
leaf_count=28 964 625
internal_value=0.00347637 0.00671243
internal_weight=8.4691 7.92591
internal_count=1617 653
is_linear=0
shrinkage=0.05


Tree=1453
num_leaves=2
num_cat=0
split_feature=46
split_gain=0.0899036
threshold=1.0000000180025095e-35
decision_type=2
left_child=-1
right_child=-2
leaf_value=-0.0066023913498006893 0.003564717898529397
leaf_weight=4.3711434533615829 0.62084917025640596
leaf_count=1518 99
internal_value=-0.000576418
internal_weight=4.99199
internal_count=1617
is_linear=0
shrinkage=0.05


Tree=1454
num_leaves=2
num_cat=0
split_feature=0
split_gain=0.0117722
threshold=1.7776565534620203
decision_type=2
left_child=-1
right_child=-2
leaf_value=0 0.0050372116421354904
leaf_weight=7.5605954086786369 0.65988886589184392
leaf_count=1524 93
internal_value=0
internal_weight=8.22048
internal_count=1617
is_linear=0
shrinkage=0.05


Tree=1455
num_leaves=2
num_cat=0
split_feature=54
split_gain=0.122638
threshold=1.0000000180025095e-35
decision_type=2
left_child=-1
right_child=-2
leaf_value=-0.0052827432012746995 0.0065342682393469331
leaf_weight=10.798860511189558 0.70144009962678033
leaf_count=1521 96
internal_value=-0.00223648
internal_weight=11.5003
internal_count=1617
is_linear=0
shrinkage=0.05


Tree=1456
num_leaves=1
num_cat=0
split_feature=
split_gain=
threshold=
decision_type=
left_child=
right_child=
leaf_value=0
leaf_weight=
leaf_count=1892
internal_value=
internal_weight=
internal_count=
is_linear=0
shrinkage=1


Tree=1457
num_leaves=4
num_cat=0
split_feature=62 62 3
split_gain=0.0916079 0.0884002 0.010868
threshold=1.0000000180025095e-35 -0.096095794098812845 -1.2971169809373058
decision_type=2 2 2
left_child=1 2 -1
right_child=-2 -3 -4
leaf_value=0.0026161500322842515 -3.0956876469017928e-05 0.019921894164115037 0
leaf_weight=3.4697780977585353 0.53205215733032662 0.68536384822800744 0.48065975651843507
leaf_count=453 764 101 299
internal_value=0.00189857 0.00696926 0
internal_weight=5.16785 4.6358 3.95044
internal_count=1617 853 752
is_linear=0
shrinkage=0.05


Tree=1458
num_leaves=1
num_cat=0
split_feature=
split_gain=
threshold=
decision_type=
left_child=
right_child=
leaf_value=0
leaf_weight=
leaf_count=1892
internal_value=
internal_weight=
internal_count=
is_linear=0
shrinkage=1


Tree=1459
num_leaves=2
num_cat=0
split_feature=12
split_gain=0.393149
threshold=1.0000000180025095e-35
decision_type=2
left_child=-1
right_child=-2
leaf_value=0.018103732722532212 -0.016352498997047032
leaf_weight=1.1946618598885836 1.0985407602856865
leaf_count=306 1311
internal_value=0
internal_weight=2.2932
internal_count=1617
is_linear=0
shrinkage=0.05


Tree=1460
num_leaves=3
num_cat=0
split_feature=4 4
split_gain=0.0295335 0.0209442
threshold=-0.37450290859423491 -0.32835901591648925
decision_type=2 2
left_child=-1 -2
right_child=1 -3
leaf_value=-0.0068316180770102864 0.0053553226846953413 0
leaf_weight=0.65044062212109599 2.0280054795439364 0.82562180963577647
leaf_count=10 456 1151
internal_value=0 0.00245069
internal_weight=3.50407 2.85363
internal_count=1617 1607
is_linear=0
shrinkage=0.05


Tree=1461
num_leaves=3
num_cat=0
split_feature=7 7
split_gain=0.0504855 0.0608111
threshold=0.46172127603473972 0.41740108349421173
decision_type=2 2
left_child=1 -1
right_child=-2 -3
leaf_value=0 -0.002996197286698817 0.012900531672468067
leaf_weight=1.8524654954380828 0.93441563736996602 1.094511219387641
leaf_count=1112 476 29
internal_value=0 0.00573411
internal_weight=3.88139 2.94698
internal_count=1617 1141
is_linear=0
shrinkage=0.05


Tree=1462
num_leaves=4
num_cat=0
split_feature=4 1 12
split_gain=0.0374913 0.0482134 0.045595
threshold=-0.80312896480916507 0.74638400022582785 0.46477990023937016
decision_type=2 2 2
left_child=-1 2 -2
right_child=1 -3 -4
leaf_value=0 0 0 0.0090773526862972589
leaf_weight=0.17712594009935845 0.24809828045545135 0.1770298379997256 4.901628936000634
leaf_count=5 563 339 710
internal_value=0.00441135 0.00601144 0.00765534
internal_weight=5.50388 5.32676 5.14973
internal_count=1617 1612 1273
is_linear=0
shrinkage=0.05


Tree=1463
num_leaves=3
num_cat=0
split_feature=62 62
split_gain=0.168656 0.173268
threshold=0.10759087094878059 0.1161839157556325
decision_type=2 2
left_child=-1 -2
right_child=1 -3
leaf_value=-0.011232451382277355 0.017731755195413399 0
leaf_weight=2.2400794338755081 1.1191941897850481 0.35410717251943413
leaf_count=954 189 474
internal_value=0 0.00620306
internal_weight=3.71338 1.4733
internal_count=1617 663
is_linear=0
shrinkage=0.05


Tree=1464
num_leaves=6
num_cat=0
split_feature=2 4 11 7 2
split_gain=0.0818256 0.094898 0.0355902 0.0346581 0.0270056
threshold=-0.22508976731037425 -0.80312896480916507 1.0000000180025095e-35 1.1590903226081626 -0.94246437086823953
decision_type=2 2 2 2 2
left_child=1 -1 3 4 -3
right_child=-2 2 -4 -5 -6
leaf_value=0 0 0 0 0 0.014065218879976516
leaf_weight=0.21967654675245274 0.29544472403358657 0.045190094155260208 0.07058780442457635 0.072723263147054129 3.646911171759712
leaf_count=5 726 4 298 5 579
internal_value=0.00528422 0.00863961 0.011539 0.0124986 0.0134012
internal_weight=4.35053 4.05509 3.83541 3.76482 3.6921
internal_count=1617 891 886 588 583
is_linear=0
shrinkage=0.05


Tree=1465
num_leaves=4
num_cat=0
split_feature=3 2 2
split_gain=0.0217541 0.163888 0.0544148
threshold=-1.0400259609247759 -0.32117513856371432 -0.94246437086823953
decision_type=2 2 2
left_child=-1 2 -2
right_child=1 -3 -4
leaf_value=-0.0029603008248148834 0 0 0.020399575513343395
leaf_weight=3.9565506305953022 0.063025969313457608 0.41341386176645756 0.84830447047715984
leaf_count=468 5 900 244
internal_value=0 0.00289855 0.0173542
internal_weight=5.28129 1.32474 0.91133
internal_count=1617 1149 249
is_linear=0
shrinkage=0.05


Tree=1466
num_leaves=3
num_cat=0
split_feature=62 8
split_gain=0.100346 0.0336211
threshold=-0.17058364547969646 -0.50644145100754956
decision_type=2 2
left_child=1 -1
right_child=-2 -3
leaf_value=0 -0.0001193842483173924 0.0072528732948943216
leaf_weight=0.35883922022185277 0.53775428497465316 7.6089462261006702
leaf_count=33 964 620
internal_value=0.00319033 0.00635994
internal_weight=8.50554 7.96779
internal_count=1617 653
is_linear=0
shrinkage=0.05


Tree=1467
num_leaves=2
num_cat=0
split_feature=46
split_gain=0.0816022
threshold=1.0000000180025095e-35
decision_type=2
left_child=-1
right_child=-2
leaf_value=-0.0062918914883803197 0.0034204452010256573
leaf_weight=4.3349367712071398 0.61713667772710312
leaf_count=1518 99
internal_value=-0.000293428
internal_weight=4.95207
internal_count=1617
is_linear=0
shrinkage=0.05


Tree=1468
num_leaves=2
num_cat=0
split_feature=0
split_gain=0.0109367
threshold=1.7776565534620203
decision_type=2
left_child=-1
right_child=-2
leaf_value=0 0.0048651159069664114
leaf_weight=7.5521818410052219 0.65515717072412361
leaf_count=1524 93
internal_value=0
internal_weight=8.20734
internal_count=1617
is_linear=0
shrinkage=0.05


Tree=1469
num_leaves=2
num_cat=0
split_feature=54
split_gain=0.113478
threshold=1.0000000180025095e-35
decision_type=2
left_child=-1
right_child=-2
leaf_value=-0.0050199773089669858 0.0063423015445854469
leaf_weight=10.735961198050061 0.69579628296196538
leaf_count=1521 96
internal_value=-0.00199637
internal_weight=11.4318
internal_count=1617
is_linear=0
shrinkage=0.05


Tree=1470
num_leaves=2
num_cat=0
split_feature=3
split_gain=0.0212239
threshold=-1.2971169809373058
decision_type=2
left_child=-1
right_child=-2
leaf_value=0 -0.0080274163588304973
leaf_weight=34.273887575371191 0.74037648887315199
leaf_count=443 1172
internal_value=-0.000869815
internal_weight=35.0143
internal_count=1615
is_linear=0
shrinkage=0.05


Tree=1471
num_leaves=5
num_cat=0
split_feature=7 13 62 62
split_gain=0.0183407 0.0224856 0.0145741 0.0336852
threshold=0.90636310804310527 0.3927617013957182 -0.096095794098812845 1.0000000180025095e-35
decision_type=2 2 2 2
left_child=1 -1 -2 -4
right_child=2 -3 3 -5
leaf_value=-0.0046726130844419872 0 0 0.011509763754300364 0
leaf_weight=4.174773920676671 0.12727556235040538 0.36080402819789004 0.41072515980340529 0.095315093174576759
leaf_count=1065 89 270 34 157
internal_value=0 -0.00301754 0 0.006018
internal_weight=5.16889 4.53558 0.633316 0.50604
internal_count=1615 1335 280 191
is_linear=0
shrinkage=0.05


Tree=1472
num_leaves=1
num_cat=0
split_feature=
split_gain=
threshold=
decision_type=
left_child=
right_child=
leaf_value=0
leaf_weight=
leaf_count=1892
internal_value=
internal_weight=
internal_count=
is_linear=0
shrinkage=1


Tree=1473
num_leaves=2
num_cat=0
split_feature=12
split_gain=0.345462
threshold=1.0000000180025095e-35
decision_type=2
left_child=-1
right_child=-2
leaf_value=0.016844227145312057 -0.015978103272653012
leaf_weight=1.1231189591344448 1.0790461396099997
leaf_count=294 1321
internal_value=0
internal_weight=2.20217
internal_count=1615
is_linear=0
shrinkage=0.05


Tree=1474
num_leaves=1
num_cat=0
split_feature=
split_gain=
threshold=
decision_type=
left_child=
right_child=
leaf_value=0
leaf_weight=
leaf_count=1892
internal_value=
internal_weight=
internal_count=
is_linear=0
shrinkage=1


Tree=1475
num_leaves=3
num_cat=0
split_feature=34 13
split_gain=0.0139653 0.228636
threshold=1.0000000180025095e-35 -1.110440513846892
decision_type=2 2
left_child=1 -1
right_child=-2 -3
leaf_value=0.00044963479418260789 0.00207767928563477 -0.016656987943562754
leaf_weight=1.3307957467768579 0.5833436301909386 1.6677600753318984
leaf_count=446 93 1076
internal_value=0 -0.00293983
internal_weight=3.5819 2.99856
internal_count=1615 1522
is_linear=0
shrinkage=0.05


Tree=1476
num_leaves=4
num_cat=0
split_feature=7 18 0
split_gain=0.274548 0.300169 0.0436665
threshold=0.95593300083468324 1.0000000180025095e-35 0.73941769782041999
decision_type=2 2 2
left_child=1 -1 -2
right_child=2 -3 -4
leaf_value=-0.017444894793858964 0.01447651772274864 0 0
leaf_weight=4.4517007328831824 0.41189096329617303 0.47743626171722997 0.089209174184361473
leaf_count=1276 100 79 160
internal_value=-0.00506389 -0.0118043 0.009047
internal_weight=5.43024 4.92914 0.5011
internal_count=1615 1355 260
is_linear=0
shrinkage=0.05


Tree=1477
num_leaves=3
num_cat=0
split_feature=3 12
split_gain=0.0841425 0.0273997
threshold=-1.0868720616634644 0.49134678747263855
decision_type=2 2
left_child=1 -1
right_child=-2 -3
leaf_value=0 0 0.010221593628174097
leaf_weight=0.070108082582010733 1.3125349307811118 2.357667587697506
leaf_count=302 1158 155
internal_value=0.00215632 0.00886469
internal_weight=3.74031 2.42778
internal_count=1615 457
is_linear=0
shrinkage=0.05


Tree=1478
num_leaves=7
num_cat=0
split_feature=13 2 4 7 62 62
split_gain=0.414194 0.128444 0.176253 0.0783291 0.0809156 0.0275512
threshold=-0.75766210091990349 -0.21641674499426081 -0.80312896480916507 1.1590903226081626 0.2201752224692409 1.0000000180025095e-35
decision_type=2 2 2 2 2 2
left_child=5 2 -2 4 -4 -1
right_child=1 -3 3 -5 -6 -7
leaf_value=-0.018213665361804222 0 0 0.03048607831908285 0 0 0
leaf_weight=2.896376142118243 0.19111785665154457 0.28297962967189949 0.83869530612719223 0.072976356197614223 0.057504352182149887 0.090653804712928721
leaf_count=450 4 704 302 6 142 7
internal_value=-0.00465146 0.00658753 0.0156268 0.0239976 0.0273173 -0.0174173
internal_weight=4.4303 1.44327 1.16029 0.969176 0.8962 2.98703
internal_count=1615 1158 454 450 444 457
is_linear=0
shrinkage=0.05


Tree=1479
num_leaves=3
num_cat=0
split_feature=2 3
split_gain=0.0910576 0.17318
threshold=-0.32117513856371432 -0.92932628974446818
decision_type=2 2
left_child=1 -1
right_child=-2 -3
leaf_value=0 0 0.023968175287717584
leaf_weight=4.0208142666670028 0.41154298500623543 0.78667687851702783
leaf_count=456 898 261
internal_value=0.00370645 0.00759566
internal_weight=5.21903 4.80749
internal_count=1615 717
is_linear=0
shrinkage=0.05


Tree=1480
num_leaves=1
num_cat=0
split_feature=
split_gain=
threshold=
decision_type=
left_child=
right_child=
leaf_value=0
leaf_weight=
leaf_count=1892
internal_value=
internal_weight=
internal_count=
is_linear=0
shrinkage=1


Tree=1481
num_leaves=3
num_cat=0
split_feature=62 12
split_gain=0.0298893 0.0164296
threshold=-0.096095794098812845 0.46542261208050156
decision_type=2 2
left_child=1 -1
right_child=-2 -3
leaf_value=0 0 0.0048673746737184897
leaf_weight=0.10894486503093492 0.43223085763747793 4.3877487079589628
leaf_count=339 882 394
internal_value=0 0.00386711
internal_weight=4.92892 4.49669
internal_count=1615 733
is_linear=0
shrinkage=0.05


Tree=1482
num_leaves=3
num_cat=0
split_feature=12 8
split_gain=0.0628117 0.0708859
threshold=0.46919668403845399 -0.52456312342282096
decision_type=2 2
left_child=-1 -2
right_child=1 -3
leaf_value=0 0 0.0077591391231991826
leaf_weight=0.4143995577469467 0.25115137401735399 7.5635607021831675
leaf_count=1079 19 517
internal_value=0.00416212 0.00608871
internal_weight=8.22911 7.81471
internal_count=1615 536
is_linear=0
shrinkage=0.05


Tree=1483
num_leaves=2
num_cat=0
split_feature=54
split_gain=0.0104958
threshold=1.0000000180025095e-35
decision_type=2
left_child=-1
right_child=-2
leaf_value=-0.00072790303435241437 0.0042232916205061279
leaf_weight=10.773690995061768 0.636238007340581
leaf_count=1527 88
internal_value=0
internal_weight=11.4099
internal_count=1615
is_linear=0
shrinkage=0.05


Tree=1484
num_leaves=2
num_cat=0
split_feature=3
split_gain=0.0180038
threshold=-1.2971169809373058
decision_type=2
left_child=-1
right_child=-2
leaf_value=0 -0.0077671414314315432
leaf_weight=34.255874488531845 0.7322680968354679
leaf_count=443 1172
internal_value=-0.000909128
internal_weight=34.9881
internal_count=1615
is_linear=0
shrinkage=0.05


Tree=1485
num_leaves=5
num_cat=0
split_feature=7 13 62 62
split_gain=0.0161529 0.0211844 0.0134389 0.0323567
threshold=0.90636310804310527 0.3927617013957182 -0.096095794098812845 1.0000000180025095e-35
decision_type=2 2 2 2
left_child=1 -1 -2 -4
right_child=2 -3 3 -5
leaf_value=-0.0044784231552718705 0 0 0.011219759983346731 0
leaf_weight=4.1540636953141075 0.12691028154222295 0.35935186268761743 0.40948753128759552 0.094629057275597006
leaf_count=1065 89 270 34 157
internal_value=0 -0.00283811 0 0.00578443
internal_weight=5.14444 4.51342 0.631027 0.504117
internal_count=1615 1335 280 191
is_linear=0
shrinkage=0.05


Tree=1486
num_leaves=1
num_cat=0
split_feature=
split_gain=
threshold=
decision_type=
left_child=
right_child=
leaf_value=0
leaf_weight=
leaf_count=1892
internal_value=
internal_weight=
internal_count=
is_linear=0
shrinkage=1


Tree=1487
num_leaves=2
num_cat=0
split_feature=12
split_gain=0.324908
threshold=1.0000000180025095e-35
decision_type=2
left_child=-1
right_child=-2
leaf_value=0.01643804933323853 -0.01559938999903566
leaf_weight=1.1013865382410588 1.0597828132304128
leaf_count=294 1321
internal_value=0
internal_weight=2.16117
internal_count=1615
is_linear=0
shrinkage=0.05


Tree=1488
num_leaves=1
num_cat=0
split_feature=
split_gain=
threshold=
decision_type=
left_child=
right_child=
leaf_value=0
leaf_weight=
leaf_count=1892
internal_value=
internal_weight=
internal_count=
is_linear=0
shrinkage=1


Tree=1489
num_leaves=3
num_cat=0
split_feature=34 13
split_gain=0.0103736 0.213382
threshold=1.0000000180025095e-35 -1.110440513846892
decision_type=2 2
left_child=1 -1
right_child=-2 -3
leaf_value=0.00044031097731133041 0.0019566933522317718 -0.016078662604888858
leaf_weight=1.3304416120081446 0.58043386554345477 1.6464159778406611
leaf_count=446 93 1076
internal_value=0 -0.00250385
internal_weight=3.55729 2.97686
internal_count=1615 1522
is_linear=0
shrinkage=0.05


Tree=1490
num_leaves=6
num_cat=0
split_feature=13 63 4 1 10
split_gain=0.313352 0.0553602 0.0431458 0.0420253 0.0211242
threshold=-0.55062270036274141 -0.24694910447489632 -0.80312896480916507 0.74638400022582785 0.76716533223707306
decision_type=2 2 2 2 2
left_child=-1 2 -2 4 -4
right_child=1 -3 3 -5 -6
leaf_value=-0.013804473093390161 0 0 0.017814215720836756 0 0
leaf_weight=3.9660375681705773 0.082023823633789683 0.17395330008002918 0.94183181444532216 0.065828289923956729 0.12077479425352067
leaf_count=462 2 349 460 144 198
internal_value=-0.00454973 0.00532439 0.0105899 0.0135659 0.0160942
internal_weight=5.35045 1.38441 1.21046 1.12843 1.06261
internal_count=1615 1153 804 802 658
is_linear=0
shrinkage=0.05


Tree=1491
num_leaves=4
num_cat=0
split_feature=3 7 12
split_gain=0.0766025 0.0386361 0.0316866
threshold=-1.0868720616634644 0.56299799632434755 0.49134678747263855
decision_type=2 2 2
left_child=1 2 -1
right_child=-2 -3 -4
leaf_value=0 0 0 0.0117453826239063
leaf_weight=0.069074525541510723 1.3053200016292974 0.096629280596971401 2.2787382435053587
leaf_count=302 1158 2 153
internal_value=0.00194186 0.00839538 0.010334
internal_weight=3.74976 2.44444 2.34781
internal_count=1615 457 455
is_linear=0
shrinkage=0.05


Tree=1492
num_leaves=6
num_cat=0
split_feature=3 2 4 62 13
split_gain=0.471898 0.152467 0.143876 0.0681661 0.0546809
threshold=-1.1317619565702162 -0.21641674499426081 -0.80312896480916507 0.2201752224692409 -0.75766210091990349
decision_type=2 2 2 2 2
left_child=-1 2 -2 4 -4
right_child=1 -3 3 -5 -6
leaf_value=-0.018266579616592941 0 0 0 0 0.029710883995195926
leaf_weight=2.9287838109157747 0.14633424952626217 0.28282752887753293 0.11277966201305378 0.056611451233038679 0.83673998576705333
leaf_count=454 3 706 3 142 307
internal_value=-0.00445061 0.00825924 0.0176226 0.0240738 0.0268281
internal_weight=4.36408 1.43529 1.15247 1.00613 0.94952
internal_count=1615 1161 455 452 310
is_linear=0
shrinkage=0.05


Tree=1493
num_leaves=3
num_cat=0
split_feature=2 3
split_gain=0.0877008 0.161619
threshold=-0.32117513856371432 -0.92932628974446818
decision_type=2 2
left_child=1 -1
right_child=-2 -3
leaf_value=0 0 0.023307974752022249
leaf_weight=4.0211067286145408 0.40986018345574837 0.7792503960081375
leaf_count=456 898 261
internal_value=0.00354271 0.00740856
internal_weight=5.21022 4.80036
internal_count=1615 717
is_linear=0
shrinkage=0.05


Tree=1494
num_leaves=1
num_cat=0
split_feature=
split_gain=
threshold=
decision_type=
left_child=
right_child=
leaf_value=0
leaf_weight=
leaf_count=1892
internal_value=
internal_weight=
internal_count=
is_linear=0
shrinkage=1


Tree=1495
num_leaves=2
num_cat=0
split_feature=62
split_gain=0.0264797
threshold=-0.096095794098812845
decision_type=2
left_child=-1
right_child=-2
leaf_value=0.0036350310665330798 0
leaf_weight=4.5099896198516944 0.42937144477036771
leaf_count=733 882
internal_value=0
internal_weight=4.93936
internal_count=1615
is_linear=0
shrinkage=0.05


Tree=1496
num_leaves=3
num_cat=0
split_feature=12 8
split_gain=0.0573471 0.0664326
threshold=0.46919668403845399 -0.52456312342282096
decision_type=2 2
left_child=-1 -2
right_child=1 -3
leaf_value=0 0 0.007339621199590288
leaf_weight=0.41088889770617232 0.25114529859274615 7.6110469832055969
leaf_count=1079 19 517
internal_value=0.00381212 0.00569132
internal_weight=8.27308 7.86219
internal_count=1615 536
is_linear=0
shrinkage=0.05


Tree=1497
num_leaves=1
num_cat=0
split_feature=
split_gain=
threshold=
decision_type=
left_child=
right_child=
leaf_value=0
leaf_weight=
leaf_count=1892
internal_value=
internal_weight=
internal_count=
is_linear=0
shrinkage=1


Tree=1498
num_leaves=2
num_cat=0
split_feature=3
split_gain=0.0152806
threshold=-1.2971169809373058
decision_type=2
left_child=-1
right_child=-2
leaf_value=0 -0.0075032512171702677
leaf_weight=34.243220511940308 0.72415161733806499
leaf_count=443 1172
internal_value=-0.000930623
internal_weight=34.9674
internal_count=1615
is_linear=0
shrinkage=0.05


Tree=1499
num_leaves=5
num_cat=0
split_feature=7 13 62 62
split_gain=0.0140363 0.0199849 0.0124964 0.0312087
threshold=0.90636310804310527 0.3927617013957182 -0.096095794098812845 1.0000000180025095e-35
decision_type=2 2 2 2
left_child=1 -1 -2 -4
right_child=2 -3 3 -5
leaf_value=-0.0042843705400476793 0 0 0.010967208551162991 0
leaf_weight=4.1335686864040326 0.12660667020827532 0.358409702166682 0.40840724809095252 0.093996764131588861
leaf_count=1065 89 270 34 157
internal_value=0 -0.0026513 0 0.00558267
internal_weight=5.12099 4.49198 0.629011 0.502404
internal_count=1615 1335 280 191
is_linear=0
shrinkage=0.05


Tree=1500
num_leaves=1
num_cat=0
split_feature=
split_gain=
threshold=
decision_type=
left_child=
right_child=
leaf_value=0
leaf_weight=
leaf_count=1892
internal_value=
internal_weight=
internal_count=
is_linear=0
shrinkage=1


Tree=1501
num_leaves=2
num_cat=0
split_feature=12
split_gain=0.305762
threshold=1.0000000180025095e-35
decision_type=2
left_child=-1
right_child=-2
leaf_value=0.01605114493955017 -0.015221087068942998
leaf_weight=1.0812154666054996 1.041001202422194
leaf_count=294 1321
internal_value=0
internal_weight=2.12222
internal_count=1615
is_linear=0
shrinkage=0.05


Tree=1502
num_leaves=1
num_cat=0
split_feature=
split_gain=
threshold=
decision_type=
left_child=
right_child=
leaf_value=0
leaf_weight=
leaf_count=1892
internal_value=
internal_weight=
internal_count=
is_linear=0
shrinkage=1


Tree=1503
num_leaves=1
num_cat=0
split_feature=
split_gain=
threshold=
decision_type=
left_child=
right_child=
leaf_value=0
leaf_weight=
leaf_count=1892
internal_value=
internal_weight=
internal_count=
is_linear=0
shrinkage=1


Tree=1504
num_leaves=6
num_cat=0
split_feature=13 63 4 1 10
split_gain=0.291978 0.0519677 0.0413389 0.040418 0.0198192
threshold=-0.55062270036274141 -0.24694910447489632 -0.80312896480916507 0.74638400022582785 0.76716533223707306
decision_type=2 2 2 2 2
left_child=-1 2 -2 4 -4
right_child=1 -3 3 -5 -6
leaf_value=-0.01338212337080065 0 0 0.017301109219455355 0 0
leaf_weight=3.9130457785213366 0.081894064322113658 0.17287150243646454 0.93538853796781019 0.06558607507031422 0.12007026524224784
leaf_count=462 2 349 460 144 198
internal_value=-0.00428198 0.00494089 0.0101578 0.0131205 0.0156323
internal_weight=5.28886 1.37581 1.20294 1.12104 1.05546
internal_count=1615 1153 804 802 658
is_linear=0
shrinkage=0.05


Tree=1505
num_leaves=4
num_cat=0
split_feature=3 7 12
split_gain=0.0686217 0.0362127 0.0294975
threshold=-1.0868720616634644 0.56299799632434755 0.49134678747263855
decision_type=2 2 2
left_child=1 2 -1
right_child=-2 -3 -4
leaf_value=0 0 0 0.011157338502996366
leaf_weight=0.068156889668899878 1.2988330564548958 0.096489571034908184 2.2980420710518956
leaf_count=302 1158 2 153
internal_value=0.00171184 0.00788162 0.00978761
internal_weight=3.76152 2.46269 2.3662
internal_count=1615 457 455
is_linear=0
shrinkage=0.05


Tree=1506
num_leaves=6
num_cat=0
split_feature=3 0 4 62 13
split_gain=0.439801 0.142407 0.137724 0.0646986 0.0526881
threshold=-1.1317619565702162 0.13839576993550359 -0.80312896480916507 0.2201752224692409 -0.75766210091990349
decision_type=2 2 2 2 2
left_child=-1 2 -2 4 -4
right_child=1 -3 3 -5 -6
leaf_value=-0.0177980612761276 0 0 0 0 0.028890830825122723
leaf_weight=2.8763545453693951 0.14597270265221596 0.27882218739250664 0.11331650428473949 0.055763118958566338 0.82856228144373723
leaf_count=454 3 701 3 142 312
internal_value=-0.0042126 0.00773871 0.0169308 0.0233344 0.0260332
internal_weight=4.29879 1.42244 1.14361 0.997642 0.941879
internal_count=1615 1161 460 457 315
is_linear=0
shrinkage=0.05


Tree=1507
num_leaves=3
num_cat=0
split_feature=2 3
split_gain=0.0846259 0.150905
threshold=-0.32117513856371432 -0.92932628974446818
decision_type=2 2
left_child=1 -1
right_child=-2 -3
leaf_value=0 0 0.02267730580181471
leaf_weight=4.0209106203401461 0.40790566708892573 0.77299438969930623
leaf_count=456 898 261
internal_value=0.0033977 0.00723862
internal_weight=5.20181 4.79391
internal_count=1615 717
is_linear=0
shrinkage=0.05


Tree=1508
num_leaves=1
num_cat=0
split_feature=
split_gain=
threshold=
decision_type=
left_child=
right_child=
leaf_value=0
leaf_weight=
leaf_count=1892
internal_value=
internal_weight=
internal_count=
is_linear=0
shrinkage=1


Tree=1509
num_leaves=2
num_cat=0
split_feature=62
split_gain=0.024072
threshold=-0.096095794098812845
decision_type=2
left_child=-1
right_child=-2
leaf_value=0.0034623792203566026 0
leaf_weight=4.5199897091224557 0.42622630769619707
leaf_count=733 882
internal_value=0
internal_weight=4.94622
internal_count=1615
is_linear=0
shrinkage=0.05


Tree=1510
num_leaves=3
num_cat=0
split_feature=12 8
split_gain=0.0523609 0.0623181
threshold=0.46919668403845399 -0.52456312342282096
decision_type=2 2
left_child=-1 -2
right_child=1 -3
leaf_value=0 0 0.0069511006939117605
leaf_weight=0.40726771869231004 0.25104664580430824 7.6560168079886353
leaf_count=1079 19 517
internal_value=0.00349039 0.00532386
internal_weight=8.31433 7.90706
internal_count=1615 536
is_linear=0
shrinkage=0.05


Tree=1511
num_leaves=1
num_cat=0
split_feature=
split_gain=
threshold=
decision_type=
left_child=
right_child=
leaf_value=0
leaf_weight=
leaf_count=1892
internal_value=
internal_weight=
internal_count=
is_linear=0
shrinkage=1


Tree=1512
num_leaves=2
num_cat=0
split_feature=3
split_gain=0.0125534
threshold=-1.2971169809373058
decision_type=2
left_child=-1
right_child=-2
leaf_value=0 -0.0072226785707735211
leaf_weight=34.230968687392306 0.7156820145319206
leaf_count=443 1172
internal_value=-0.00095066
internal_weight=34.9467
internal_count=1615
is_linear=0
shrinkage=0.05


Tree=1513
num_leaves=5
num_cat=0
split_feature=7 13 62 62
split_gain=0.0120388 0.0188236 0.0117312 0.0302338
threshold=0.90636310804310527 0.3927617013957182 -0.096095794098812845 1.0000000180025095e-35
decision_type=2 2 2 2
left_child=1 -1 -2 -4
right_child=2 -3 3 -5
leaf_value=-0.0040896056500435742 0 0 0.010752248018844175 0
leaf_weight=4.1132470086304238 0.12620427444926463 0.35784828028408799 0.40746210003271688 0.093410531000699848
leaf_count=1065 89 270 34 157
internal_value=0 -0.00246057 0 0.00541318
internal_weight=5.09817 4.4711 0.627077 0.500873
internal_count=1615 1335 280 191
is_linear=0
shrinkage=0.05


Tree=1514
num_leaves=1
num_cat=0
split_feature=
split_gain=
threshold=
decision_type=
left_child=
right_child=
leaf_value=0
leaf_weight=
leaf_count=1892
internal_value=
internal_weight=
internal_count=
is_linear=0
shrinkage=1


Tree=1515
num_leaves=2
num_cat=0
split_feature=12
split_gain=0.287763
threshold=1.0000000180025095e-35
decision_type=2
left_child=-1
right_child=-2
leaf_value=0.015671091551898535 -0.014849558865212298
leaf_weight=1.061886497307569 1.0229911210481075
leaf_count=294 1321
internal_value=0
internal_weight=2.08488
internal_count=1615
is_linear=0
shrinkage=0.05


Tree=1516
num_leaves=1
num_cat=0
split_feature=
split_gain=
threshold=
decision_type=
left_child=
right_child=
leaf_value=0
leaf_weight=
leaf_count=1892
internal_value=
internal_weight=
internal_count=
is_linear=0
shrinkage=1


Tree=1517
num_leaves=1
num_cat=0
split_feature=
split_gain=
threshold=
decision_type=
left_child=
right_child=
leaf_value=0
leaf_weight=
leaf_count=1892
internal_value=
internal_weight=
internal_count=
is_linear=0
shrinkage=1


Tree=1518
num_leaves=6
num_cat=0
split_feature=13 63 4 1 4
split_gain=0.272179 0.0489748 0.0396793 0.0389696 0.0111052
threshold=-0.55062270036274141 -0.24694910447489632 -0.80312896480916507 0.74638400022582785 0.10170902703256593
decision_type=2 2 2 2 2
left_child=-1 2 -2 4 -4
right_child=1 -3 3 -5 -6
leaf_value=-0.012963187176414516 0 0 0.015971856105240861 0 0
leaf_weight=3.8617562658328097 0.081692129373550082 0.17192639067070548 1.0142164978606159 0.065354719088645763 0.035041154565987997
leaf_count=462 2 349 593 144 65
internal_value=-0.00400643 0.00459552 0.00976923 0.0127163 0.0152122
internal_weight=5.22999 1.36823 1.1963 1.11461 1.04926
internal_count=1615 1153 804 802 658
is_linear=0
shrinkage=0.05


Tree=1519
num_leaves=5
num_cat=0
split_feature=2 62 22 62
split_gain=0.0503163 0.0943273 0.133248 0.0891526
threshold=-0.21641674499426081 0.10759087094878059 -0.24952543393744944 0.2201752224692409
decision_type=2 2 2 2
left_child=1 -1 3 -3
right_child=-2 2 -4 -5
leaf_value=0 0 0.024880965915592884 0 0
leaf_weight=2.1658090009732414 0.35621089962660324 0.99826630065217592 0.16933829814661283 0.083744279982056469
leaf_count=554 710 105 103 143
internal_value=0.0015229 0.00588582 0.0145648 0.0211047
internal_weight=3.77337 3.41716 1.25135 1.08201
internal_count=1615 905 351 248
is_linear=0
shrinkage=0.05


Tree=1520
num_leaves=6
num_cat=0
split_feature=3 2 4 63 13
split_gain=0.410574 0.137611 0.134015 0.0551052 0.0499884
threshold=-1.1317619565702162 -0.21641674499426081 -0.80312896480916507 -0.25129644411520885 -0.75766210091990349
decision_type=2 2 2 2 2
left_child=-1 2 -2 4 -4
right_child=1 -3 3 -5 -6
leaf_value=-0.017334501915672439 0 0 0 0 0.028085567573445443
leaf_weight=2.8260139361664187 0.14550323039293289 0.28060565414489236 0.11339169926941395 0.048868896032217668 0.82228972384473309
leaf_count=454 3 706 3 130 319
internal_value=-0.00395804 0.00727857 0.0165273 0.0229261 0.0252874
internal_weight=4.23667 1.41066 1.13005 0.98455 0.935681
internal_count=1615 1161 455 452 322
is_linear=0
shrinkage=0.05


Tree=1521
num_leaves=3
num_cat=0
split_feature=0 3
split_gain=0.0814625 0.138164
threshold=1.0000000180025095e-35 -0.92932628974446818
decision_type=2 2
left_child=1 -1
right_child=-2 -3
leaf_value=0 0 0.021913606112055815
leaf_weight=4.0180219282628968 0.40358579589519639 0.77126028074417252
leaf_count=454 898 263
internal_value=0.00328415 0.007079
internal_weight=5.19287 4.78928
internal_count=1615 717
is_linear=0
shrinkage=0.05


Tree=1522
num_leaves=1
num_cat=0
split_feature=
split_gain=
threshold=
decision_type=
left_child=
right_child=
leaf_value=0
leaf_weight=
leaf_count=1892
internal_value=
internal_weight=
internal_count=
is_linear=0
shrinkage=1


Tree=1523
num_leaves=2
num_cat=0
split_feature=62
split_gain=0.0220333
threshold=-0.096095794098812845
decision_type=2
left_child=-1
right_child=-2
leaf_value=0.0033092856617685652 0
leaf_weight=4.5298019181936979 0.42323884900542896
leaf_count=733 882
internal_value=0
internal_weight=4.95304
internal_count=1615
is_linear=0
shrinkage=0.05


Tree=1524
num_leaves=3
num_cat=0
split_feature=12 8
split_gain=0.0478539 0.0583746
threshold=0.46919668403845399 -0.52456312342282096
decision_type=2 2
left_child=-1 -2
right_child=1 -3
leaf_value=0 0 0.0065876052002557806
leaf_weight=0.40393877749738738 0.2503500735037959 7.6996084349229932
leaf_count=1079 19 517
internal_value=0.00319293 0.00498399
internal_weight=8.3539 7.94996
internal_count=1615 536
is_linear=0
shrinkage=0.05


Tree=1525
num_leaves=1
num_cat=0
split_feature=
split_gain=
threshold=
decision_type=
left_child=
right_child=
leaf_value=0
leaf_weight=
leaf_count=1892
internal_value=
internal_weight=
internal_count=
is_linear=0
shrinkage=1


Tree=1526
num_leaves=1
num_cat=0
split_feature=
split_gain=
threshold=
decision_type=
left_child=
right_child=
leaf_value=0
leaf_weight=
leaf_count=1892
internal_value=
internal_weight=
internal_count=
is_linear=0
shrinkage=1


Tree=1527
num_leaves=2
num_cat=0
split_feature=7
split_gain=0.0101655
threshold=0.90636310804310527
decision_type=2
left_child=-1
right_child=-2
leaf_value=-0.0022658566183302834 0
leaf_weight=4.4499894248292549 0.62517425898113277
leaf_count=1335 280
internal_value=0
internal_weight=5.07516
internal_count=1615
is_linear=0
shrinkage=0.05


Tree=1528
num_leaves=1
num_cat=0
split_feature=
split_gain=
threshold=
decision_type=
left_child=
right_child=
leaf_value=0
leaf_weight=
leaf_count=1892
internal_value=
internal_weight=
internal_count=
is_linear=0
shrinkage=1


Tree=1529
num_leaves=2
num_cat=0
split_feature=12
split_gain=0.270594
threshold=1.0000000180025095e-35
decision_type=2
left_child=-1
right_child=-2
leaf_value=0.015298522321130104 -0.014472667995698832
leaf_weight=1.0433878663461658 1.0051412825851
leaf_count=294 1321
internal_value=0
internal_weight=2.04853
internal_count=1615
is_linear=0
shrinkage=0.05


Tree=1530
num_leaves=1
num_cat=0
split_feature=
split_gain=
threshold=
decision_type=
left_child=
right_child=
leaf_value=0
leaf_weight=
leaf_count=1892
internal_value=
internal_weight=
internal_count=
is_linear=0
shrinkage=1


Tree=1531
num_leaves=1
num_cat=0
split_feature=
split_gain=
threshold=
decision_type=
left_child=
right_child=
leaf_value=0
leaf_weight=
leaf_count=1892
internal_value=
internal_weight=
internal_count=
is_linear=0
shrinkage=1


Tree=1532
num_leaves=5
num_cat=0
split_feature=13 63 4 1
split_gain=0.253754 0.0461992 0.0381361 0.0376297
threshold=-0.55062270036274141 -0.24694910447489632 -0.80312896480916507 0.74638400022582785
decision_type=2 2 2 2
left_child=-1 2 -2 -4
right_child=1 -3 3 -5
leaf_value=-0.012553742322589307 0 0 0.014820200184004229 0
leaf_weight=3.8127422902034596 0.081492688506841326 0.17101904412265856 1.0426730155886614 0.065133333468111343
leaf_count=462 2 349 658 144
internal_value=-0.00373655 0.00426991 0.0094047 0.0123381
internal_weight=5.17306 1.36032 1.1893 1.10781
internal_count=1615 1153 804 802
is_linear=0
shrinkage=0.05


Tree=1533
num_leaves=3
num_cat=0
split_feature=13 12
split_gain=0.0529384 0.0202271
threshold=-0.55062270036274141 0.49134678747263855
decision_type=2 2
left_child=1 -1
right_child=-2 -3
leaf_value=0 0 0.008067172773944576
leaf_weight=0.067660547254491443 1.2547380686301037 2.4305966931860894
leaf_count=304 1153 158
internal_value=0.00135489 0.00683703
internal_weight=3.753 2.49826
internal_count=1615 462
is_linear=0
shrinkage=0.05


Tree=1534
num_leaves=7
num_cat=0
split_feature=13 2 4 7 62 24
split_gain=0.311817 0.103238 0.151048 0.0660691 0.0689773 0.0420857
threshold=-0.75766210091990349 -0.21641674499426081 -0.80312896480916507 1.1590903226081626 0.2201752224692409 -0.05806477205490445
decision_type=2 2 2 2 2 2
left_child=5 2 -2 4 -4 -1
right_child=1 -3 3 -5 -6 -7
leaf_value=-0.016725602628733498 0 0 0.028013853698002175 0 0 0
leaf_weight=2.7349382771353707 0.18587550148367882 0.27874982178036578 0.79571526055224218 0.06873187972814776 0.054512089729541913 0.05768483318388451
leaf_count=455 4 704 302 6 142 2
internal_value=-0.0036914 0.00480656 0.0137091 0.0218788 0.0250076 -0.0155849
internal_weight=4.17621 1.38358 1.10483 0.918959 0.850227 2.79262
internal_count=1615 1158 454 450 444 457
is_linear=0
shrinkage=0.05


Tree=1535
num_leaves=3
num_cat=0
split_feature=2 3
split_gain=0.0800212 0.134295
threshold=-0.32117513856371432 -0.92932628974446818
decision_type=2 2
left_child=1 -1
right_child=-2 -3
leaf_value=0 0 0.021700967688769675
leaf_weight=4.0189067345345393 0.40413741685915727 0.76042388821952034
leaf_count=456 898 261
internal_value=0.00318853 0.00698846
internal_weight=5.18347 4.77933
internal_count=1615 717
is_linear=0
shrinkage=0.05


Tree=1536
num_leaves=1
num_cat=0
split_feature=
split_gain=
threshold=
decision_type=
left_child=
right_child=
leaf_value=0
leaf_weight=
leaf_count=1892
internal_value=
internal_weight=
internal_count=
is_linear=0
shrinkage=1


Tree=1537
num_leaves=2
num_cat=0
split_feature=62
split_gain=0.0201174
threshold=-0.096095794098812845
decision_type=2
left_child=-1
right_child=-2
leaf_value=0.00315905207795191 0
leaf_weight=4.5396250261546811 0.41929149374482211
leaf_count=733 882
internal_value=0
internal_weight=4.95892
internal_count=1615
is_linear=0
shrinkage=0.05


Tree=1538
num_leaves=3
num_cat=0
split_feature=12 8
split_gain=0.0435984 0.054569
threshold=0.46919668403845399 -0.52456312342282096
decision_type=2 2
left_child=-1 -2
right_child=1 -3
leaf_value=0 0 0.0062395752348769484
leaf_weight=0.40011616436822794 0.24929921119473863 7.7419494448549813
leaf_count=1079 19 517
internal_value=0.00291321 0.00466079
internal_weight=8.39136 7.99125
internal_count=1615 536
is_linear=0
shrinkage=0.05


Tree=1539
num_leaves=1
num_cat=0
split_feature=
split_gain=
threshold=
decision_type=
left_child=
right_child=
leaf_value=0
leaf_weight=
leaf_count=1892
internal_value=
internal_weight=
internal_count=
is_linear=0
shrinkage=1


Tree=1540
num_leaves=1
num_cat=0
split_feature=
split_gain=
threshold=
decision_type=
left_child=
right_child=
leaf_value=0
leaf_weight=
leaf_count=1892
internal_value=
internal_weight=
internal_count=
is_linear=0
shrinkage=1


Tree=1541
num_leaves=4
num_cat=0
split_feature=62 12 7
split_gain=0.124418 0.0285582 0.0189274
threshold=1.0000000180025095e-35 0.46300695092679139 1.1590903226081626
decision_type=2 2 2
left_child=1 -1 -3
right_child=-2 2 -4
leaf_value=0 0 0.010445155942911018 0
leaf_weight=0.082063304114853852 0.49821157605038013 4.1240188630763441 0.20818777044769365
leaf_count=317 756 431 90
internal_value=0.00371574 0.00886005 0.00972669
internal_weight=4.91248 4.41427 4.33221
internal_count=1594 838 521
is_linear=0
shrinkage=0.05


Tree=1542
num_leaves=3
num_cat=0
split_feature=62 62
split_gain=0.0190805 0.129987
threshold=0.10759087094878059 1.0000000180025095e-35
decision_type=2 2
left_child=1 -1
right_child=-2 -3
leaf_value=0 0 0.016569265965423113
leaf_weight=2.3043876172305326 0.37949383191880759 0.85742961289361108
leaf_count=838 655 101
internal_value=0 0.00360924
internal_weight=3.54131 3.16182
internal_count=1594 939
is_linear=0
shrinkage=0.05


Tree=1543
num_leaves=2
num_cat=0
split_feature=12
split_gain=0.25178
threshold=1.0000000180025095e-35
decision_type=2
left_child=-1
right_child=-2
leaf_value=0.01531559460558128 -0.01351960555298881
leaf_weight=1.0443882723338904 0.96179857410606917
leaf_count=301 1293
internal_value=0
internal_weight=2.00619
internal_count=1594
is_linear=0
shrinkage=0.05


Tree=1544
num_leaves=5
num_cat=0
split_feature=62 7 13 50
split_gain=0.131342 0.0467659 0.0627614 0.0891943
threshold=-0.17058364547969646 1.1590903226081626 -0.64174629205212519 2.4864973685560821
decision_type=2 2 2 2
left_child=1 2 -1 -4
right_child=-2 -3 3 -5
leaf_value=0 -0.0013718287375116365 0 0.024930511103547912 0
leaf_weight=1.9339785656484314 0.55992100310686499 0.154862991941627 0.8517924093175685 0.084461925784125924
leaf_count=448 948 25 95 78
internal_value=0.00204094 0.0098696 0.0116865 0.0207298
internal_weight=3.58502 3.0251 2.87023 0.936254
internal_count=1594 646 621 173
is_linear=0
shrinkage=0.05


Tree=1545
num_leaves=4
num_cat=0
split_feature=7 7 3
split_gain=0.0669956 0.0515472 0.0493203
threshold=0.44927072425037057 0.39050238278715843 -0.92932628974446818
decision_type=2 2 2
left_child=1 -1 -3
right_child=-2 2 -4
leaf_value=0 0 0.020204757962570097 0
leaf_weight=1.7574981672078145 0.7714873288059606 0.52986562252044678 0.57150418346282073
leaf_count=1089 470 2 33
internal_value=0.000430778 0.00707764 0.0136214
internal_weight=3.63036 2.85887 1.10137
internal_count=1594 1124 35
is_linear=0
shrinkage=0.05


Tree=1546
num_leaves=4
num_cat=0
split_feature=3 12 20
split_gain=0.0720146 0.0383414 0.0230022
threshold=-1.1754222435261918 0.46746497599285841 -0.15298078094028478
decision_type=2 2 2
left_child=1 -1 -2
right_child=2 -3 -4
leaf_value=0 -0.0061493774703850418 0.012099936640381144 0.0032440856739586448
leaf_weight=0.079524202999892046 0.68627072546223622 3.6176842201384716 0.70169696642551571
leaf_count=304 949 148 193
internal_value=0.00765135 0.0109908 0
internal_weight=5.08518 3.69721 1.38797
internal_count=1594 452 1142
is_linear=0
shrinkage=0.05


Tree=1547
num_leaves=3
num_cat=0
split_feature=62 62
split_gain=0.156733 0.149344
threshold=0.10759087094878059 0.1161839157556325
decision_type=2 2
left_child=-1 -2
right_child=1 -3
leaf_value=-0.011089631698051491 0.016534158496974132 0
leaf_weight=2.2274906428792751 1.0720544749638063 0.33571371508878645
leaf_count=939 186 469
internal_value=0 0.00543751
internal_weight=3.63526 1.40777
internal_count=1594 655
is_linear=0
shrinkage=0.05


Tree=1548
num_leaves=2
num_cat=0
split_feature=25
split_gain=0.11155
threshold=1.0000000180025095e-35
decision_type=2
left_child=-1
right_child=-2
leaf_value=-0.0087168007461780588 0.00058671495451806496
leaf_weight=3.3571056511282227 0.54683489399030794
leaf_count=1498 96
internal_value=-0.00181824
internal_weight=3.90394
internal_count=1594
is_linear=0
shrinkage=0.05


Tree=1549
num_leaves=1
num_cat=0
split_feature=
split_gain=
threshold=
decision_type=
left_child=
right_child=
leaf_value=0
leaf_weight=
leaf_count=1892
internal_value=
internal_weight=
internal_count=
is_linear=0
shrinkage=1


Tree=1550
num_leaves=2
num_cat=0
split_feature=53
split_gain=0.0166073
threshold=1.7857787510698466
decision_type=2
left_child=-1
right_child=-2
leaf_value=0 0.0057395015105351698
leaf_weight=7.5370133659162093 0.76034697145223606
leaf_count=1497 97
internal_value=0
internal_weight=8.29736
internal_count=1594
is_linear=0
shrinkage=0.05


Tree=1551
num_leaves=2
num_cat=0
split_feature=46
split_gain=0.0524662
threshold=1.0000000180025095e-35
decision_type=2
left_child=-1
right_child=-2
leaf_value=-0.0052440438171540054 0.0012033779572018424
leaf_weight=4.2136895601870492 0.56279908632859577
leaf_count=1501 93
internal_value=0
internal_weight=4.77649
internal_count=1594
is_linear=0
shrinkage=0.05


Tree=1552
num_leaves=2
num_cat=0
split_feature=0
split_gain=0.0837571
threshold=1.7776565534620203
decision_type=2
left_child=-1
right_child=-2
leaf_value=-0.0048590491853441947 0.0049337551715294657
leaf_weight=7.5023222818417707 0.65728731546550978
leaf_count=1496 98
internal_value=-0.000943912
internal_weight=8.15961
internal_count=1594
is_linear=0
shrinkage=0.05


Tree=1553
num_leaves=1
num_cat=0
split_feature=
split_gain=
threshold=
decision_type=
left_child=
right_child=
leaf_value=0
leaf_weight=
leaf_count=1892
internal_value=
internal_weight=
internal_count=
is_linear=0
shrinkage=1


Tree=1554
num_leaves=1
num_cat=0
split_feature=
split_gain=
threshold=
decision_type=
left_child=
right_child=
leaf_value=0
leaf_weight=
leaf_count=1892
internal_value=
internal_weight=
internal_count=
is_linear=0
shrinkage=1


Tree=1555
num_leaves=4
num_cat=0
split_feature=62 12 7
split_gain=0.115254 0.0265837 0.0176031
threshold=1.0000000180025095e-35 0.46300695092679139 1.1590903226081626
decision_type=2 2 2
left_child=1 -1 -3
right_child=-2 2 -4
leaf_value=0 0 0.0099423443428959153 0
leaf_weight=0.080874708335613721 0.49522138148313377 4.1543607445200905 0.20757574529852707
leaf_count=317 756 431 90
internal_value=0.00336247 0.00841026 0.00925086
internal_weight=4.93803 4.44281 4.36194
internal_count=1594 838 521
is_linear=0
shrinkage=0.05


Tree=1556
num_leaves=3
num_cat=0
split_feature=62 62
split_gain=0.0176443 0.122729
threshold=0.10759087094878059 1.0000000180025095e-35
decision_type=2 2
left_child=1 -1
right_child=-2 -3
leaf_value=0 0 0.016155276146220643
leaf_weight=2.2998145155725078 0.37765391374705348 0.84461002377793182
leaf_count=838 655 101
internal_value=0 0.00347903
internal_weight=3.52208 3.14442
internal_count=1594 939
is_linear=0
shrinkage=0.05


Tree=1557
num_leaves=2
num_cat=0
split_feature=12
split_gain=0.236876
threshold=1.0000000180025095e-35
decision_type=2
left_child=-1
right_child=-2
leaf_value=0.014950583192492491 -0.013171170251805066
leaf_weight=1.026655609719455 0.94657475034182437
leaf_count=301 1293
internal_value=0
internal_weight=1.97323
internal_count=1594
is_linear=0
shrinkage=0.05


Tree=1558
num_leaves=5
num_cat=0
split_feature=62 7 2 12
split_gain=0.125631 0.0454906 0.0589682 0.0525033
threshold=-0.17058364547969646 1.1590903226081626 -0.94246420894849881 0.49134678747263855
decision_type=2 2 2 2
left_child=1 2 3 -1
right_child=-2 -3 -4 -5
leaf_value=0 -0.0012088600848905826 0 0 0.016519749617924066
leaf_weight=0.077482733933721959 0.55623994239431329 0.15439969225553785 0.64440805726917494 2.135064878500998
leaf_count=301 948 25 174 146
internal_value=0.00186681 0.00964592 0.0114543 0.0147213
internal_weight=3.5676 3.01136 2.85696 2.21255
internal_count=1594 646 621 447
is_linear=0
shrinkage=0.05


Tree=1559
num_leaves=4
num_cat=0
split_feature=7 0 7
split_gain=0.0648891 0.0495311 0.0228046
threshold=0.44927072425037057 0.31477906789200244 -0.95113511275469864
decision_type=2 2 2
left_child=1 2 -1
right_child=-2 -3 -4
leaf_value=0 0 0 0.012516390020313132
leaf_weight=1.0097295075247539 0.76688648515846569 0.1493501070071942 1.6936466069309972
leaf_count=443 470 290 391
internal_value=0.000379943 0.0069687 0.0094595
internal_weight=3.61961 2.85273 2.70338
internal_count=1594 1124 834
is_linear=0
shrinkage=0.05


Tree=1560
num_leaves=6
num_cat=0
split_feature=4 1 62 11 51
split_gain=0.0672794 0.0686133 0.0375059 0.0375095 0.0383346
threshold=-0.80312896480916507 0.74638400022582785 0.33905503496640349 1.0000000180025095e-35 1.0000000180025095e-35
decision_type=2 2 2 2 2
left_child=-1 2 3 4 -2
right_child=1 -3 -4 -5 -6
leaf_value=0 0.013531897281115436 0 0 0 0
leaf_weight=0.19452275708317746 4.5343481540621724 0.16404907513060596 0.078422358114039414 0.072439055074937531 0.068841115513350704
leaf_count=6 687 325 185 295 96
internal_value=0.0072957 0.00928342 0.0110236 0.0118945 0.0127225
internal_weight=5.11262 4.9181 4.75405 4.67563 4.60319
internal_count=1594 1588 1263 1078 783
is_linear=0
shrinkage=0.05


Tree=1561
num_leaves=3
num_cat=0
split_feature=62 62
split_gain=0.142343 0.141807
threshold=0.10759087094878059 0.1161839157556325
decision_type=2 2
left_child=-1 -2
right_child=1 -3
leaf_value=-0.010691835777127581 0.016027109811482983 0
leaf_weight=2.1986464266374246 1.0645297872833905 0.33508813456865016
leaf_count=939 186 469
internal_value=0 0.00499311
internal_weight=3.59826 1.39962
internal_count=1594 655
is_linear=0
shrinkage=0.05


Tree=1562
num_leaves=2
num_cat=0
split_feature=25
split_gain=0.103241
threshold=1.0000000180025095e-35
decision_type=2
left_child=-1
right_child=-2
leaf_value=-0.008351923309328815 0.00064581733428538618
leaf_weight=3.3216907257447024 0.54816042538732279
leaf_count=1498 96
internal_value=-0.00142832
internal_weight=3.86985
internal_count=1594
is_linear=0
shrinkage=0.05


Tree=1563
num_leaves=1
num_cat=0
split_feature=
split_gain=
threshold=
decision_type=
left_child=
right_child=
leaf_value=0
leaf_weight=
leaf_count=1892
internal_value=
internal_weight=
internal_count=
is_linear=0
shrinkage=1


Tree=1564
num_leaves=2
num_cat=0
split_feature=53
split_gain=0.0153748
threshold=1.7857787510698466
decision_type=2
left_child=-1
right_child=-2
leaf_value=0 0.0055349944201445967
leaf_weight=7.5320072816684842 0.75462666619569052
leaf_count=1497 97
internal_value=0
internal_weight=8.28663
internal_count=1594
is_linear=0
shrinkage=0.05


Tree=1565
num_leaves=2
num_cat=0
split_feature=46
split_gain=0.047426
threshold=1.0000000180025095e-35
decision_type=2
left_child=-1
right_child=-2
leaf_value=-0.0050016424480225641 0.0011106753544341537
leaf_weight=4.1871787785930792 0.560650149360299
leaf_count=1501 93
internal_value=0
internal_weight=4.74783
internal_count=1594
is_linear=0
shrinkage=0.05


Tree=1566
num_leaves=2
num_cat=0
split_feature=20
split_gain=0.0771057
threshold=1.0000000180025095e-35
decision_type=2
left_child=-1
right_child=-2
leaf_value=-0.0046365796741541189 0.0047795645523386219
leaf_weight=7.4632955670385854 0.65306258853524912
leaf_count=1496 98
internal_value=-0.000744087
internal_weight=8.11636
internal_count=1594
is_linear=0
shrinkage=0.05


Tree=1567
num_leaves=1
num_cat=0
split_feature=
split_gain=
threshold=
decision_type=
left_child=
right_child=
leaf_value=0
leaf_weight=
leaf_count=1892
internal_value=
internal_weight=
internal_count=
is_linear=0
shrinkage=1


Tree=1568
num_leaves=1
num_cat=0
split_feature=
split_gain=
threshold=
decision_type=
left_child=
right_child=
leaf_value=0
leaf_weight=
leaf_count=1892
internal_value=
internal_weight=
internal_count=
is_linear=0
shrinkage=1


Tree=1569
num_leaves=4
num_cat=0
split_feature=62 12 7
split_gain=0.106707 0.0248056 0.0163213
threshold=1.0000000180025095e-35 0.46300695092679139 1.1590903226081626
decision_type=2 2 2
left_child=1 -1 -3
right_child=-2 2 -4
leaf_value=0 0 0.0094708685883278278 0
leaf_weight=0.079799371640547068 0.49132866563741107 4.1839518293563742 0.20713684638030816
leaf_count=317 756 431 90
internal_value=0.0030422 0.00798974 0.00880661
internal_weight=4.96222 4.47089 4.39109
internal_count=1594 838 521
is_linear=0
shrinkage=0.05


Tree=1570
num_leaves=3
num_cat=0
split_feature=62 62
split_gain=0.0164214 0.116432
threshold=0.10759087094878059 1.0000000180025095e-35
decision_type=2 2
left_child=1 -1
right_child=-2 -3
leaf_value=0 0 0.015779996037817611
leaf_weight=2.2957886320073166 0.3749653570994268 0.83382665086537588
leaf_count=838 655 101
internal_value=0 0.00336313
internal_weight=3.50458 3.12962
internal_count=1594 939
is_linear=0
shrinkage=0.05


Tree=1571
num_leaves=2
num_cat=0
split_feature=12
split_gain=0.222796
threshold=1.0000000180025095e-35
decision_type=2
left_child=-1
right_child=-2
leaf_value=0.014594174196037655 -0.012823569377816627
leaf_weight=1.0097260286565868 0.93169891131401539
leaf_count=301 1293
internal_value=0
internal_weight=1.94142
internal_count=1594
is_linear=0
shrinkage=0.05


Tree=1572
num_leaves=5
num_cat=0
split_feature=62 7 13 50
split_gain=0.115327 0.0428627 0.0637405 0.0842494
threshold=-0.17058364547969646 1.1590903226081626 -0.64174629205212519 2.4864973685560821
decision_type=2 2 2 2
left_child=1 2 -1 -4
right_child=-2 -3 3 -5
leaf_value=0 -0.0010112086717264464 0 0.024039327904057921 0
leaf_weight=1.9549102404562295 0.55179339043388598 0.15397125185700122 0.83966247085481938 0.083530000818427652
leaf_count=448 948 25 95 78
internal_value=0.0015494 0.00917057 0.0109386 0.0198992
internal_weight=3.58387 3.03207 2.8781 0.923192
internal_count=1594 646 621 173
is_linear=0
shrinkage=0.05


Tree=1573
num_leaves=4
num_cat=0
split_feature=7 0 7
split_gain=0.0605884 0.0476652 0.0203211
threshold=0.44927072425037057 0.31477906789200244 -0.95113511275469864
decision_type=2 2 2
left_child=1 2 -1
right_child=-2 -3 -4
leaf_value=0 0 0 0.012122605432188334
leaf_weight=1.00867386115715 0.76277948623464897 0.14852469411562186 1.6886392127198633
leaf_count=443 470 290 391
internal_value=0.00022071 0.00673285 0.00920363
internal_weight=3.60862 2.84584 2.69731
internal_count=1594 1124 834
is_linear=0
shrinkage=0.05


Tree=1574
num_leaves=4
num_cat=0
split_feature=4 1 12
split_gain=0.0621053 0.0641481 0.0649826
threshold=-0.80312896480916507 0.74638400022582785 0.46691849377468797
decision_type=2 2 2
left_child=-1 2 -2
right_child=1 -3 -4
leaf_value=0 0 0 0.012280886079078355
leaf_weight=0.1931931972503661 0.4010786139697301 0.16363148816162709 4.3885036177234724
leaf_count=6 784 325 479
internal_value=0.00677528 0.00871794 0.0104246
internal_weight=5.14641 4.95321 4.78958
internal_count=1594 1588 1263
is_linear=0
shrinkage=0.05


Tree=1575
num_leaves=3
num_cat=0
split_feature=62 62
split_gain=0.129865 0.134976
threshold=0.10759087094878059 0.1161839157556325
decision_type=2 2
left_child=-1 -2
right_child=1 -3
leaf_value=-0.010309364013027554 0.015577007995890844 0
leaf_weight=2.1714329355017985 1.0585644450038669 0.33315107884118322
leaf_count=939 186 469
internal_value=0 0.00464045
internal_weight=3.56315 1.39172
internal_count=1594 655
is_linear=0
shrinkage=0.05


Tree=1576
num_leaves=2
num_cat=0
split_feature=25
split_gain=0.0951438
threshold=1.0000000180025095e-35
decision_type=2
left_child=-1
right_child=-2
leaf_value=-0.0079914242261223938 0.00075578735290633648
leaf_weight=3.287331319006626 0.55063699511811126
leaf_count=1498 96
internal_value=-0.00103092
internal_weight=3.83797
internal_count=1594
is_linear=0
shrinkage=0.05


Tree=1577
num_leaves=1
num_cat=0
split_feature=
split_gain=
threshold=
decision_type=
left_child=
right_child=
leaf_value=0
leaf_weight=
leaf_count=1892
internal_value=
internal_weight=
internal_count=
is_linear=0
shrinkage=1


Tree=1578
num_leaves=2
num_cat=0
split_feature=53
split_gain=0.0143145
threshold=1.7857787510698466
decision_type=2
left_child=-1
right_child=-2
leaf_value=0 0.0053515153188445517
leaf_weight=7.5257184293004684 0.74957347940653551
leaf_count=1497 97
internal_value=0
internal_weight=8.27529
internal_count=1594
is_linear=0
shrinkage=0.05


Tree=1579
num_leaves=2
num_cat=0
split_feature=46
split_gain=0.0426913
threshold=1.0000000180025095e-35
decision_type=2
left_child=-1
right_child=-2
leaf_value=-0.0047596922661012281 0.0010351257702241861
leaf_weight=4.1610098853852833 0.55890519684180606
leaf_count=1501 93
internal_value=0
internal_weight=4.71992
internal_count=1594
is_linear=0
shrinkage=0.05


Tree=1580
num_leaves=2
num_cat=0
split_feature=0
split_gain=0.0705563
threshold=1.7776565534620203
decision_type=2
left_child=-1
right_child=-2
leaf_value=-0.0044134013846474085 0.004624593850302585
leaf_weight=7.4245138890692033 0.64884710032492865
leaf_count=1496 98
internal_value=-0.000543674
internal_weight=8.07336
internal_count=1594
is_linear=0
shrinkage=0.05


Tree=1581
num_leaves=1
num_cat=0
split_feature=
split_gain=
threshold=
decision_type=
left_child=
right_child=
leaf_value=0
leaf_weight=
leaf_count=1892
internal_value=
internal_weight=
internal_count=
is_linear=0
shrinkage=1


Tree=1582
num_leaves=1
num_cat=0
split_feature=
split_gain=
threshold=
decision_type=
left_child=
right_child=
leaf_value=0
leaf_weight=
leaf_count=1892
internal_value=
internal_weight=
internal_count=
is_linear=0
shrinkage=1


Tree=1583
num_leaves=4
num_cat=0
split_feature=62 62 3
split_gain=0.0988411 0.0315934 0.0210585
threshold=1.0000000180025095e-35 -0.096095794098812845 -1.2971169809373058
decision_type=2 2 2
left_child=1 2 -1
right_child=-2 -3 -4
leaf_value=0.0036807697347840149 0 0.017832102760005637 0
leaf_weight=3.3858956806652714 0.48778181493980799 0.65492298314347852 0.45656520148622837
leaf_count=443 756 99 296
internal_value=0.00273934 0.00759492 0
internal_weight=4.98517 4.49738 3.84246
internal_count=1594 838 739
is_linear=0
shrinkage=0.05


Tree=1584
num_leaves=3
num_cat=0
split_feature=62 62
split_gain=0.0153005 0.110279
threshold=0.10759087094878059 1.0000000180025095e-35
decision_type=2 2
left_child=1 -1
right_child=-2 -3
leaf_value=0 0 0.015404269818800312
leaf_weight=2.2914144682436026 0.37254548535565835 0.82305102981626976
leaf_count=838 655 101
internal_value=0 0.00325313
internal_weight=3.48701 3.11447
internal_count=1594 939
is_linear=0
shrinkage=0.05


Tree=1585
num_leaves=2
num_cat=0
split_feature=12
split_gain=0.209491
threshold=1.0000000180025095e-35
decision_type=2
left_child=-1
right_child=-2
leaf_value=0.014244325275590381 -0.012479025372013076
leaf_weight=0.99346730089746416 0.9172502267465461
leaf_count=301 1293
internal_value=0
internal_weight=1.91072
internal_count=1594
is_linear=0
shrinkage=0.05


Tree=1586
num_leaves=4
num_cat=0
split_feature=2 7 12
split_gain=0.0618105 0.0685264 0.0362752
threshold=-0.94246420894849881 0.94134534421252125 0.49134678747263855
decision_type=2 2 2
left_child=1 2 -1
right_child=-2 -3 -4
leaf_value=0 0 0 0.012317507955510048
leaf_weight=0.075235615920975163 1.0215649622259659 0.17115690163336683 2.2987461717566475
leaf_count=301 1138 3 152
internal_value=0.00141117 0.00730785 0.0107793
internal_weight=3.5667 2.54514 2.37398
internal_count=1594 456 453
is_linear=0
shrinkage=0.05


Tree=1587
num_leaves=4
num_cat=0
split_feature=7 3 7
split_gain=0.056467 0.0458995 0.0185104
threshold=0.44927072425037057 0.17068417718061921 -0.95113511275469864
decision_type=2 2 2
left_child=1 2 -1
right_child=-2 -3 -4
leaf_value=0 0 0 0.011848582892481578
leaf_weight=1.0078150419722087 0.75826036065700453 0.17849889778881323 1.6526915338763501
leaf_count=443 470 326 355
internal_value=7.29988e-05 0.00650268 0.00899889
internal_weight=3.59727 2.83901 2.66051
internal_count=1594 1124 798
is_linear=0
shrinkage=0.05


Tree=1588
num_leaves=4
num_cat=0
split_feature=4 1 12
split_gain=0.0576567 0.0603214 0.0597021
threshold=-0.80312896480916507 0.74638400022582785 0.46691849377468797
decision_type=2 2 2
left_child=-1 2 -2
right_child=1 -3 -4
leaf_value=0 0 0 0.011677031133088489
leaf_weight=0.19180467911064614 0.39808570402965404 0.16323306184494857 4.4250625782005955
leaf_count=6 784 325 479
internal_value=0.00632761 0.00822867 0.00990541
internal_weight=5.17819 4.98638 4.82315
internal_count=1594 1588 1263
is_linear=0
shrinkage=0.05


Tree=1589
num_leaves=3
num_cat=0
split_feature=62 62
split_gain=0.118194 0.128415
threshold=0.10759087094878059 0.1161839157556325
decision_type=2 2
left_child=-1 -2
right_child=1 -3
leaf_value=-0.0099316350263784318 0.015134496800580292 0
leaf_weight=2.1450772983516804 1.052565668011084 0.33156693528871972
leaf_count=939 186 469
internal_value=0 0.00428421
internal_weight=3.52921 1.38413
internal_count=1594 655
is_linear=0
shrinkage=0.05


Tree=1590
num_leaves=2
num_cat=0
split_feature=25
split_gain=0.0872168
threshold=1.0000000180025095e-35
decision_type=2
left_child=-1
right_child=-2
leaf_value=-0.0076390795015139198 0.00084887395057815004
leaf_weight=3.2543221623782306 0.55273989681154478
leaf_count=1498 96
internal_value=-0.000646827
internal_weight=3.80706
internal_count=1594
is_linear=0
shrinkage=0.05


Tree=1591
num_leaves=1
num_cat=0
split_feature=
split_gain=
threshold=
decision_type=
left_child=
right_child=
leaf_value=0
leaf_weight=
leaf_count=1892
internal_value=
internal_weight=
internal_count=
is_linear=0
shrinkage=1


Tree=1592
num_leaves=2
num_cat=0
split_feature=53
split_gain=0.0134265
threshold=1.7857787510698466
decision_type=2
left_child=-1
right_child=-2
leaf_value=0 0.0051918518151952801
leaf_weight=7.5199226970726158 0.74525782419368614
leaf_count=1497 97
internal_value=0
internal_weight=8.26518
internal_count=1594
is_linear=0
shrinkage=0.05


Tree=1593
num_leaves=2
num_cat=0
split_feature=47
split_gain=0.0384151
threshold=1.0000000180025095e-35
decision_type=2
left_child=-1
right_child=-2
leaf_value=-0.0045280112314085106 0.00096385582805881683
leaf_weight=4.1361965757241705 0.55726426187902678
leaf_count=1501 93
internal_value=0
internal_weight=4.69346
internal_count=1594
is_linear=0
shrinkage=0.05


Tree=1594
num_leaves=2
num_cat=0
split_feature=0
split_gain=0.0644873
threshold=1.7776565534620203
decision_type=2
left_child=-1
right_child=-2
leaf_value=-0.0042033089111147238 0.0044752564924224287
leaf_weight=7.388278192083817 0.64481353200972069
leaf_count=1496 98
internal_value=-0.000355503
internal_weight=8.03309
internal_count=1594
is_linear=0
shrinkage=0.05


Tree=1595
num_leaves=1
num_cat=0
split_feature=
split_gain=
threshold=
decision_type=
left_child=
right_child=
leaf_value=0
leaf_weight=
leaf_count=1892
internal_value=
internal_weight=
internal_count=
is_linear=0
shrinkage=1


Tree=1596
num_leaves=1
num_cat=0
split_feature=
split_gain=
threshold=
decision_type=
left_child=
right_child=
leaf_value=0
leaf_weight=
leaf_count=1892
internal_value=
internal_weight=
internal_count=
is_linear=0
shrinkage=1


Tree=1597
num_leaves=4
num_cat=0
split_feature=62 62 3
split_gain=0.0943198 0.0303924 0.019384
threshold=1.0000000180025095e-35 -0.096095794098812845 -1.2971169809373058
decision_type=2 2 2
left_child=1 2 -1
right_child=-2 -3 -4
leaf_value=0.003526176322647249 0 0.017415530670687726 0
leaf_weight=3.3973934838286368 0.48431922440067854 0.64796156366355706 0.45458909217268262
leaf_count=443 756 99 296
internal_value=0.00257617 0.00737834 0
internal_weight=4.98426 4.49994 3.85198
internal_count=1594 838 739
is_linear=0
shrinkage=0.05


Tree=1598
num_leaves=3
num_cat=0
split_feature=62 62
split_gain=0.0142344 0.10462
threshold=0.10759087094878059 1.0000000180025095e-35
decision_type=2 2
left_child=1 -1
right_child=-2 -3
leaf_value=0 0 0.015045016307743787
leaf_weight=2.2876055093074692 0.37017760332673777 0.81271373853087414
leaf_count=838 655 101
internal_value=0 0.0031439
internal_weight=3.4705 3.10032
internal_count=1594 939
is_linear=0
shrinkage=0.05


Tree=1599
num_leaves=2
num_cat=0
split_feature=12
split_gain=0.197208
threshold=1.0000000180025095e-35
decision_type=2
left_child=-1
right_child=-2
leaf_value=0.013907492081240459 -0.012147525430121743
leaf_weight=0.97813879582099617 0.90362113404262345
leaf_count=301 1293
internal_value=0
internal_weight=1.88176
internal_count=1594
is_linear=0
shrinkage=0.05


Tree=1600
num_leaves=5
num_cat=0
split_feature=62 7 13 50
split_gain=0.103158 0.0398244 0.0623698 0.0799566
threshold=-0.17058364547969646 1.1590903226081626 -0.64174629205212519 2.4864973685560821
decision_type=2 2 2 2
left_child=1 2 -1 -4
right_child=-2 -3 3 -5
leaf_value=0 -0.00073033817048658457 0 0.023252070790810701 0
leaf_weight=1.9694944219518224 0.54550463640771329 0.15314901847159479 0.82828478724695798 0.082666817354038358
leaf_count=448 948 25 95 78
internal_value=0.00115423 0.00862345 0.010353 0.0191653
internal_weight=3.5791 3.0336 2.88045 0.910952
internal_count=1594 646 621 173
is_linear=0
shrinkage=0.05


Tree=1601
num_leaves=4
num_cat=0
split_feature=7 0 7
split_gain=0.0524761 0.0441096 0.0159788
threshold=0.44927072425037057 0.31477906789200244 -0.95113511275469864
decision_type=2 2 2
left_child=1 2 -1
right_child=-2 -3 -4
leaf_value=0 0 0 0.011364759623578065
leaf_weight=1.0069746708904868 0.75438841959112313 0.14692751978873264 1.6788173152308445
leaf_count=443 470 290 391
internal_value=0 0.0062741 0.00870598
internal_weight=3.58711 2.83272 2.68579
internal_count=1594 1124 834
is_linear=0
shrinkage=0.05


Tree=1602
num_leaves=4
num_cat=0
split_feature=4 1 12
split_gain=0.05349 0.0566689 0.0549974
threshold=-0.80312896480916507 0.74638400022582785 0.46691849377468797
decision_type=2 2 2
left_child=-1 2 -2
right_child=1 -3 -4
leaf_value=0 0 0 0.01110523211318333
leaf_weight=0.19040555506944645 0.39549730090948276 0.16269501353963267 4.4608739618270192
leaf_count=6 784 325 479
internal_value=0.00590249 0.00776344 0.00941016
internal_weight=5.20947 5.01907 4.85637
internal_count=1594 1588 1263
is_linear=0
shrinkage=0.05


Tree=1603
num_leaves=3
num_cat=0
split_feature=62 62
split_gain=0.107718 0.122395
threshold=0.10759087094878059 0.1161839157556325
decision_type=2 2
left_child=-1 -2
right_child=1 -3
leaf_value=-0.009569636566835597 0.014722845693910767 0
leaf_weight=2.120298689391348 1.0469455997226758 0.33007106903824013
leaf_count=939 186 469
internal_value=0 0.00395314
internal_weight=3.49732 1.37702
internal_count=1594 655
is_linear=0
shrinkage=0.05


Tree=1604
num_leaves=2
num_cat=0
split_feature=24
split_gain=0.0687067
threshold=-0.15381375537428907
decision_type=2
left_child=-1
right_child=-2
leaf_value=-0.006839006581133524 0
leaf_weight=3.1797431828163103 0.59856407030019898
leaf_count=1400 194
internal_value=-0.000282831
internal_weight=3.77831
internal_count=1594
is_linear=0
shrinkage=0.05


Tree=1605
num_leaves=1
num_cat=0
split_feature=
split_gain=
threshold=
decision_type=
left_child=
right_child=
leaf_value=0
leaf_weight=
leaf_count=1892
internal_value=
internal_weight=
internal_count=
is_linear=0
shrinkage=1


Tree=1606
num_leaves=2
num_cat=0
split_feature=53
split_gain=0.0125293
threshold=1.7857787510698466
decision_type=2
left_child=-1
right_child=-2
leaf_value=0 0.0050245041201305097
leaf_weight=7.5149122968869051 0.74073638813570131
leaf_count=1497 97
internal_value=0
internal_weight=8.25565
internal_count=1594
is_linear=0
shrinkage=0.05


Tree=1607
num_leaves=2
num_cat=0
split_feature=46
split_gain=0.0345964
threshold=1.0000000180025095e-35
decision_type=2
left_child=-1
right_child=-2
leaf_value=-0.0043091362641664317 0.00088876728812738051
leaf_weight=4.1129995736700948 0.555540814064443
leaf_count=1501 93
internal_value=0
internal_weight=4.66854
internal_count=1594
is_linear=0
shrinkage=0.05


Tree=1608
num_leaves=2
num_cat=0
split_feature=0
split_gain=0.0588117
threshold=1.7776565534620203
decision_type=2
left_child=-1
right_child=-2
leaf_value=-0.0040033326465703373 0.0043326652971479576
leaf_weight=7.3540998030948685 0.64098819810897101
leaf_count=1496 98
internal_value=-0.000176461
internal_weight=7.99509
internal_count=1594
is_linear=0
shrinkage=0.05


Tree=1609
num_leaves=1
num_cat=0
split_feature=
split_gain=
threshold=
decision_type=
left_child=
right_child=
leaf_value=0
leaf_weight=
leaf_count=1892
internal_value=
internal_weight=
internal_count=
is_linear=0
shrinkage=1


Tree=1610
num_leaves=1
num_cat=0
split_feature=
split_gain=
threshold=
decision_type=
left_child=
right_child=
leaf_value=0
leaf_weight=
leaf_count=1892
internal_value=
internal_weight=
internal_count=
is_linear=0
shrinkage=1


Tree=1611
num_leaves=3
num_cat=0
split_feature=7 13
split_gain=0.0115817 0.0159697
threshold=0.94134534421252125 0.3927617013957182
decision_type=2 2
left_child=1 -1
right_child=-2 -3
leaf_value=-0.0038737044815056244 0 0
leaf_weight=4.0901832436065888 0.60281495950766828 0.34632964973570768
leaf_count=1078 263 280
internal_value=0 -0.00242184
internal_weight=5.03933 4.43651
internal_count=1621 1358
is_linear=0
shrinkage=0.05


Tree=1612
num_leaves=3
num_cat=0
split_feature=62 62
split_gain=0.151998 0.120046
threshold=1.0000000180025095e-35 0.10759087094878059
decision_type=2 2
left_child=-1 -2
right_child=1 -3
leaf_value=-0.011757455853634011 0.015152363125767787 0
leaf_weight=2.2730397335981256 0.82213697070255853 0.37377612997079268
leaf_count=845 105 671
internal_value=-0.00130733 0.00142411
internal_weight=3.46895 1.19591
internal_count=1621 776
is_linear=0
shrinkage=0.05


Tree=1613
num_leaves=2
num_cat=0
split_feature=12
split_gain=0.202501
threshold=1.0000000180025095e-35
decision_type=2
left_child=-1
right_child=-2
leaf_value=0.014130161652512971 -0.012196661861939155
leaf_weight=0.98826110363006592 0.90566027197928634
leaf_count=306 1315
internal_value=0
internal_weight=1.89392
internal_count=1621
is_linear=0
shrinkage=0.05


Tree=1614
num_leaves=1
num_cat=0
split_feature=
split_gain=
threshold=
decision_type=
left_child=
right_child=
leaf_value=0
leaf_weight=
leaf_count=1892
internal_value=
internal_weight=
internal_count=
is_linear=0
shrinkage=1


Tree=1615
num_leaves=4
num_cat=0
split_feature=7 7 3
split_gain=0.0462571 0.049289 0.0453408
threshold=0.44927072425037057 0.39050238278715843 -0.92932628974446818
decision_type=2 2 2
left_child=1 -1 -3
right_child=-2 2 -4
leaf_value=0 0 0.018561581015563343 0
leaf_weight=1.7759376008471015 0.71860981732606877 0.52608555555343628 0.58449634569114983
leaf_count=1115 474 2 30
internal_value=0.00056328 0.00587644 0.0122114
internal_weight=3.60513 2.88652 1.11058
internal_count=1621 1147 32
is_linear=0
shrinkage=0.05


Tree=1616
num_leaves=4
num_cat=0
split_feature=63 4 12
split_gain=0.0365858 0.0464712 0.0311138
threshold=-0.24694910447489632 -0.80312896480916507 0.46477990023937016
decision_type=2 2 2
left_child=1 -1 -3
right_child=-2 2 -4
leaf_value=0 0 0 0.0088547707445239855
leaf_weight=0.15999909862875927 0.19147788587724779 0.18607380357570935 4.7648143743281253
leaf_count=5 370 499 747
internal_value=0.00468525 0.00624516 0.00783967
internal_weight=5.30237 5.11089 4.95089
internal_count=1621 1251 1246
is_linear=0
shrinkage=0.05


Tree=1617
num_leaves=3
num_cat=0
split_feature=3 12
split_gain=0.100875 0.0248804
threshold=-1.0868720616634644 0.49134678747263855
decision_type=2 2
left_child=1 -1
right_child=-2 -3
leaf_value=0 0 0.011129957446438103
leaf_weight=0.057074688156718234 1.2013580150814958 2.2338855788111687
leaf_count=312 1158 151
internal_value=0.00246587 0.0099527
internal_weight=3.49232 2.29096
internal_count=1621 463
is_linear=0
shrinkage=0.05


Tree=1618
num_leaves=3
num_cat=0
split_feature=7 13
split_gain=0.0336475 0.0230137
threshold=0.41740108349421173 0.167012606032059
decision_type=2 2
left_child=1 -1
right_child=-2 -3
leaf_value=0.0063895993295015503 0 0
leaf_weight=2.9695874361204924 0.67736132544814598 0.11351978189486533
leaf_count=828 495 298
internal_value=0 0.00484525
internal_weight=3.76047 3.08311
internal_count=1621 1126
is_linear=0
shrinkage=0.05


Tree=1619
num_leaves=1
num_cat=0
split_feature=
split_gain=
threshold=
decision_type=
left_child=
right_child=
leaf_value=0
leaf_weight=
leaf_count=1892
internal_value=
internal_weight=
internal_count=
is_linear=0
shrinkage=1


Tree=1620
num_leaves=1
num_cat=0
split_feature=
split_gain=
threshold=
decision_type=
left_child=
right_child=
leaf_value=0
leaf_weight=
leaf_count=1892
internal_value=
internal_weight=
internal_count=
is_linear=0
shrinkage=1


Tree=1621
num_leaves=2
num_cat=0
split_feature=46
split_gain=0.0451105
threshold=1.0000000180025095e-35
decision_type=2
left_child=-1
right_child=-2
leaf_value=-0.0048723784879398388 0.0013031180332739303
leaf_weight=4.1742702996270964 0.56519090337678779
leaf_count=1526 95
internal_value=0
internal_weight=4.73946
internal_count=1621
is_linear=0
shrinkage=0.05


Tree=1622
num_leaves=2
num_cat=0
split_feature=0
split_gain=0.0781014
threshold=1.7776565534620203
decision_type=2
left_child=-1
right_child=-2
leaf_value=-0.0047920338963709222 0.0042012381208171639
leaf_weight=7.4962511660996825 0.63748469715937961
leaf_count=1523 98
internal_value=-0.000989081
internal_weight=8.13374
internal_count=1621
is_linear=0
shrinkage=0.05


Tree=1623
num_leaves=4
num_cat=0
split_feature=4 62 10
split_gain=0.0820499 0.0648351 0.0306258
threshold=-0.35021576160556561 0.18456546888040759 0.59295814414476999
decision_type=2 2 2
left_child=-1 2 -2
right_child=1 -3 -4
leaf_value=0 0.0098247654595025446 0 0
leaf_weight=0.25269681017380285 10.519033018339536 0.19013076540432017 0.22852781449910331
leaf_count=12 803 383 423
internal_value=0.00728161 0.00849279 0.0093679
internal_weight=11.1904 10.9377 10.7476
internal_count=1621 1609 1226
is_linear=0
shrinkage=0.05


Tree=1624
num_leaves=1
num_cat=0
split_feature=
split_gain=
threshold=
decision_type=
left_child=
right_child=
leaf_value=0
leaf_weight=
leaf_count=1892
internal_value=
internal_weight=
internal_count=
is_linear=0
shrinkage=1


Tree=1625
num_leaves=1
num_cat=0
split_feature=
split_gain=
threshold=
decision_type=
left_child=
right_child=
leaf_value=0
leaf_weight=
leaf_count=1892
internal_value=
internal_weight=
internal_count=
is_linear=0
shrinkage=1


Tree=1626
num_leaves=3
num_cat=0
split_feature=62 62
split_gain=0.140902 0.114455
threshold=1.0000000180025095e-35 0.10759087094878059
decision_type=2 2
left_child=-1 -2
right_child=1 -3
leaf_value=-0.011370021530483292 0.014822189548318385 0
leaf_weight=2.2440713721298384 0.81233588466420747 0.37206814883393236
leaf_count=845 105 671
internal_value=-0.00109049 0.0011376
internal_weight=3.42848 1.1844
internal_count=1621 776
is_linear=0
shrinkage=0.05


Tree=1627
num_leaves=2
num_cat=0
split_feature=12
split_gain=0.191164
threshold=1.0000000180025095e-35
decision_type=2
left_child=-1
right_child=-2
leaf_value=0.013810946737750299 -0.011885425146324249
leaf_weight=0.97382600652053952 0.8930667032400379
leaf_count=306 1315
internal_value=0
internal_weight=1.86689
internal_count=1621
is_linear=0
shrinkage=0.05


Tree=1628
num_leaves=1
num_cat=0
split_feature=
split_gain=
threshold=
decision_type=
left_child=
right_child=
leaf_value=0
leaf_weight=
leaf_count=1892
internal_value=
internal_weight=
internal_count=
is_linear=0
shrinkage=1


Tree=1629
num_leaves=4
num_cat=0
split_feature=7 7 3
split_gain=0.0447053 0.0461284 0.0431648
threshold=0.44927072425037057 0.39050238278715843 -0.92932628974446818
decision_type=2 2 2
left_child=1 -1 -3
right_child=-2 2 -4
leaf_value=0 0 0.018106942971104201 0
leaf_weight=1.7722123804851442 0.71638519372208964 0.52481526136398315 0.58440744518884435
leaf_count=1115 474 2 30
internal_value=0.000494287 0.00577478 0.0119053
internal_weight=3.59782 2.88144 1.10922
internal_count=1621 1147 32
is_linear=0
shrinkage=0.05


Tree=1630
num_leaves=4
num_cat=0
split_feature=63 4 12
split_gain=0.0340446 0.0436724 0.0290018
threshold=-0.24694910447489632 -0.80312896480916507 0.46477990023937016
decision_type=2 2 2
left_child=1 -1 -3
right_child=-2 2 -4
leaf_value=0 0 0 0.0084449224577742617
leaf_weight=0.15916673652827729 0.19081324961734925 0.18464488055906247 4.7921570972248446
leaf_count=5 370 499 747
internal_value=0.00435719 0.00589317 0.00746149
internal_weight=5.32678 5.13597 4.9768
internal_count=1621 1251 1246
is_linear=0
shrinkage=0.05


Tree=1631
num_leaves=3
num_cat=0
split_feature=3 12
split_gain=0.0938244 0.0234166
threshold=-1.0868720616634644 0.49134678747263855
decision_type=2 2
left_child=1 -1
right_child=-2 -3
leaf_value=0 0 0.010667829903804927
leaf_weight=0.056337709305808725 1.198308976148837 2.2496111541986465
leaf_count=312 1158 151
internal_value=0.00222426 0.00952126
internal_weight=3.50426 2.30595
internal_count=1621 463
is_linear=0
shrinkage=0.05


Tree=1632
num_leaves=3
num_cat=0
split_feature=8 3
split_gain=0.0252955 0.0422129
threshold=-0.50793005623135634 0.081811739935768901
decision_type=2 2
left_child=-1 -2
right_child=1 -3
leaf_value=0 0.0069926207503105495 0
leaf_weight=0.53716020927822716 2.9515785899711777 0.28016810737608455
leaf_count=156 825 640
internal_value=0 0.00411657
internal_weight=3.76891 3.23175
internal_count=1621 1465
is_linear=0
shrinkage=0.05


Tree=1633
num_leaves=1
num_cat=0
split_feature=
split_gain=
threshold=
decision_type=
left_child=
right_child=
leaf_value=0
leaf_weight=
leaf_count=1892
internal_value=
internal_weight=
internal_count=
is_linear=0
shrinkage=1


Tree=1634
num_leaves=1
num_cat=0
split_feature=
split_gain=
threshold=
decision_type=
left_child=
right_child=
leaf_value=0
leaf_weight=
leaf_count=1892
internal_value=
internal_weight=
internal_count=
is_linear=0
shrinkage=1


Tree=1635
num_leaves=2
num_cat=0
split_feature=46
split_gain=0.0407271
threshold=1.0000000180025095e-35
decision_type=2
left_child=-1
right_child=-2
leaf_value=-0.0046403904157601237 0.0012646187618328497
leaf_weight=4.1493592821789207 0.56429351354017843
leaf_count=1526 95
internal_value=0
internal_weight=4.71365
internal_count=1621
is_linear=0
shrinkage=0.05


Tree=1636
num_leaves=2
num_cat=0
split_feature=16
split_gain=0.0716086
threshold=1.0000000180025095e-35
decision_type=2
left_child=-1
right_child=-2
leaf_value=-0.0045582324632553722 0.0040774688802974668
leaf_weight=7.4554654720413964 0.63420465914532531
leaf_count=1523 98
internal_value=-0.000772809
internal_weight=8.08967
internal_count=1621
is_linear=0
shrinkage=0.05


Tree=1637
num_leaves=3
num_cat=0
split_feature=8 12
split_gain=0.079763 0.0902391
threshold=-0.52456312342282096 0.46886122672247671
decision_type=2 2
left_child=-1 -2
right_child=1 -3
leaf_value=0 0 0.0093883674906985477
leaf_weight=0.26155056321294878 0.45838535088114341 10.547303947445471
leaf_count=19 1023 579
internal_value=0.0068287 0.00806365
internal_weight=11.2672 11.0057
internal_count=1621 1602
is_linear=0
shrinkage=0.05


Tree=1638
num_leaves=1
num_cat=0
split_feature=
split_gain=
threshold=
decision_type=
left_child=
right_child=
leaf_value=0
leaf_weight=
leaf_count=1892
internal_value=
internal_weight=
internal_count=
is_linear=0
shrinkage=1


Tree=1639
num_leaves=1
num_cat=0
split_feature=
split_gain=
threshold=
decision_type=
left_child=
right_child=
leaf_value=0
leaf_weight=
leaf_count=1892
internal_value=
internal_weight=
internal_count=
is_linear=0
shrinkage=1


Tree=1640
num_leaves=3
num_cat=0
split_feature=62 62
split_gain=0.130515 0.109139
threshold=1.0000000180025095e-35 0.10759087094878059
decision_type=2 2
left_child=-1 -2
right_child=1 -3
leaf_value=-0.010989487381339359 0.014503662040583759 0
leaf_weight=2.2161782492767093 0.80298417247831799 0.37042263062903658
leaf_count=845 105 671
internal_value=-0.000875954 0.0008619
internal_weight=3.38959 1.17341
internal_count=1621 776
is_linear=0
shrinkage=0.05


Tree=1641
num_leaves=2
num_cat=0
split_feature=12
split_gain=0.180268
threshold=1.0000000180025095e-35
decision_type=2
left_child=-1
right_child=-2
leaf_value=0.013487731065171772 -0.011579580852915747
leaf_weight=0.95949067315086722 0.8809085700486321
leaf_count=306 1315
internal_value=0
internal_weight=1.8404
internal_count=1621
is_linear=0
shrinkage=0.05


Tree=1642
num_leaves=1
num_cat=0
split_feature=
split_gain=
threshold=
decision_type=
left_child=
right_child=
leaf_value=0
leaf_weight=
leaf_count=1892
internal_value=
internal_weight=
internal_count=
is_linear=0
shrinkage=1


Tree=1643
num_leaves=4
num_cat=0
split_feature=7 7 3
split_gain=0.0432925 0.0432015 0.041083
threshold=0.44927072425037057 0.39050238278715843 -0.92932628974446818
decision_type=2 2 2
left_child=1 -1 -3
right_child=-2 2 -4
leaf_value=0 0 0.017673920047566766 0
leaf_weight=1.7686603957263294 0.71425475260184601 0.52350994944572449 0.58432786559569627
leaf_count=1115 474 2 30
internal_value=0.000433548 0.00568172 0.0116175
internal_weight=3.59075 2.8765 1.10784
internal_count=1621 1147 32
is_linear=0
shrinkage=0.05


Tree=1644
num_leaves=4
num_cat=0
split_feature=63 4 12
split_gain=0.031708 0.0410909 0.0270694
threshold=-0.24694910447489632 -0.80312896480916507 0.46477990023937016
decision_type=2 2 2
left_child=1 -1 -3
right_child=-2 2 -4
leaf_value=0 0 0 0.0080622943853214304
leaf_weight=0.1583458725363015 0.19019604453933414 0.18325408687815059 4.8183255822223146
leaf_count=5 370 499 747
internal_value=0.00405141 0.00556516 0.00710878
internal_weight=5.35012 5.15993 5.00158
internal_count=1621 1251 1246
is_linear=0
shrinkage=0.05


Tree=1645
num_leaves=3
num_cat=0
split_feature=13 12
split_gain=0.0562461 0.0168805
threshold=-0.55062270036274141 0.49134678747263855
decision_type=2 2
left_child=1 -1
right_child=-2 -3
leaf_value=0 0 0.0083397676014238045
leaf_weight=0.060717023021425898 1.0958265981462316 2.3590877938549966
leaf_count=315 1149 157
internal_value=0.00199846 0.00732475
internal_weight=3.51563 2.4198
internal_count=1621 472
is_linear=0
shrinkage=0.05


Tree=1646
num_leaves=3
num_cat=0
split_feature=7 13
split_gain=0.0277386 0.0207968
threshold=0.41740108349421173 0.167012606032059
decision_type=2 2
left_child=1 -1
right_child=-2 -3
leaf_value=0.0058940752836402462 0 0
leaf_weight=2.9927472794079231 0.67282447274192225 0.11276538243691892
leaf_count=828 495 298
internal_value=0 0.0043856
internal_weight=3.77834 3.10551
internal_count=1621 1126
is_linear=0
shrinkage=0.05


Tree=1647
num_leaves=1
num_cat=0
split_feature=
split_gain=
threshold=
decision_type=
left_child=
right_child=
leaf_value=0
leaf_weight=
leaf_count=1892
internal_value=
internal_weight=
internal_count=
is_linear=0
shrinkage=1


Tree=1648
num_leaves=1
num_cat=0
split_feature=
split_gain=
threshold=
decision_type=
left_child=
right_child=
leaf_value=0
leaf_weight=
leaf_count=1892
internal_value=
internal_weight=
internal_count=
is_linear=0
shrinkage=1


Tree=1649
num_leaves=2
num_cat=0
split_feature=46
split_gain=0.0366912
threshold=1.0000000180025095e-35
decision_type=2
left_child=-1
right_child=-2
leaf_value=-0.0044142552979001696 0.001226782142878303
leaf_weight=4.1253283729311079 0.56341300113126624
leaf_count=1526 95
internal_value=0
internal_weight=4.68874
internal_count=1621
is_linear=0
shrinkage=0.05


Tree=1650
num_leaves=2
num_cat=0
split_feature=0
split_gain=0.065468
threshold=1.7776565534620203
decision_type=2
left_child=-1
right_child=-2
leaf_value=-0.0043302883237910919 0.0039776086267804744
leaf_weight=7.4160865401354386 0.63157188240438689
leaf_count=1523 98
internal_value=-0.000558982
internal_weight=8.04766
internal_count=1621
is_linear=0
shrinkage=0.05


Tree=1651
num_leaves=3
num_cat=0
split_feature=8 12
split_gain=0.0745065 0.0841047
threshold=-0.52456312342282096 0.46886122672247671
decision_type=2 2
left_child=-1 -2
right_child=1 -3
leaf_value=0 0 0.0089061203095637999
leaf_weight=0.26057711662724514 0.45621682246564788 10.623425297089852
leaf_count=19 1023 579
internal_value=0.00640525 0.00761814
internal_weight=11.3402 11.0796
internal_count=1621 1602
is_linear=0
shrinkage=0.05


Tree=1652
num_leaves=1
num_cat=0
split_feature=
split_gain=
threshold=
decision_type=
left_child=
right_child=
leaf_value=0
leaf_weight=
leaf_count=1892
internal_value=
internal_weight=
internal_count=
is_linear=0
shrinkage=1


Tree=1653
num_leaves=1
num_cat=0
split_feature=
split_gain=
threshold=
decision_type=
left_child=
right_child=
leaf_value=0
leaf_weight=
leaf_count=1892
internal_value=
internal_weight=
internal_count=
is_linear=0
shrinkage=1


Tree=1654
num_leaves=3
num_cat=0
split_feature=62 62
split_gain=0.120865 0.103977
threshold=1.0000000180025095e-35 0.10759087094878059
decision_type=2 2
left_child=-1 -2
right_child=1 -3
leaf_value=-0.010619795550696245 0.014189306567325491 0
leaf_weight=2.1895921268442184 0.79392291745170929 0.36898197006667033
leaf_count=845 105 671
internal_value=-0.00067209 0.000585538
internal_weight=3.3525 1.1629
internal_count=1621 776
is_linear=0
shrinkage=0.05


Tree=1655
num_leaves=2
num_cat=0
split_feature=12
split_gain=0.170025
threshold=1.0000000180025095e-35
decision_type=2
left_child=-1
right_child=-2
leaf_value=0.013170320864914166 -0.011282346525191301
leaf_weight=0.94568002689629793 0.86929369530116674
leaf_count=306 1315
internal_value=0
internal_weight=1.81497
internal_count=1621
is_linear=0
shrinkage=0.05


Tree=1656
num_leaves=1
num_cat=0
split_feature=
split_gain=
threshold=
decision_type=
left_child=
right_child=
leaf_value=0
leaf_weight=
leaf_count=1892
internal_value=
internal_weight=
internal_count=
is_linear=0
shrinkage=1


Tree=1657
num_leaves=3
num_cat=0
split_feature=7 7
split_gain=0.0419744 0.040509
threshold=0.44927072425037057 0.39050238278715843
decision_type=2 2
left_child=1 -1
right_child=-2 -3
leaf_value=0 0 0.011345529912480088
leaf_weight=1.7653518115694176 0.71229720178234845 1.1064379370654931
leaf_count=1115 474 32
internal_value=0.000374819 0.00559392
internal_weight=3.58409 2.87179
internal_count=1621 1147
is_linear=0
shrinkage=0.05


Tree=1658
num_leaves=5
num_cat=0
split_feature=63 4 11 1
split_gain=0.0295029 0.0386713 0.0188061 0.0195348
threshold=-0.24694910447489632 -0.80312896480916507 1.0000000180025095e-35 0.74638400022582785
decision_type=2 2 2 2
left_child=1 -1 3 -3
right_child=-2 2 -4 -5
leaf_value=0 0 0.0080448570718310592 0 0
leaf_weight=0.15760031901299942 0.18960823604720634 4.8966274892009096 0.066292491130297893 0.062778620864264556
leaf_count=5 370 808 298 140
internal_value=0.00375891 0.00525154 0.0067721 0.00741822
internal_weight=5.37291 5.1833 5.0257 4.95941
internal_count=1621 1251 1246 948
is_linear=0
shrinkage=0.05


Tree=1659
num_leaves=3
num_cat=0
split_feature=3 12
split_gain=0.0826367 0.0210265
threshold=-1.0868720616634644 0.49134678747263855
decision_type=2 2
left_child=1 -1
right_child=-2 -3
leaf_value=0 0 0.0099085711656706748
leaf_weight=0.054937750188401746 1.1937742142472414 2.2758525609970093
leaf_count=312 1158 151
internal_value=0.00182298 0.00881504
internal_weight=3.52456 2.33079
internal_count=1621 463
is_linear=0
shrinkage=0.05


Tree=1660
num_leaves=3
num_cat=0
split_feature=7 13
split_gain=0.0252922 0.0198283
threshold=0.41740108349421173 0.167012606032059
decision_type=2 2
left_child=1 -1
right_child=-2 -3
leaf_value=0.0056746618707742809 0 0
leaf_weight=3.0029457286873376 0.67097263732284762 0.11241801705909882
leaf_count=828 495 298
internal_value=0 0.00418203
internal_weight=3.78634 3.11536
internal_count=1621 1126
is_linear=0
shrinkage=0.05


Tree=1661
num_leaves=1
num_cat=0
split_feature=
split_gain=
threshold=
decision_type=
left_child=
right_child=
leaf_value=0
leaf_weight=
leaf_count=1892
internal_value=
internal_weight=
internal_count=
is_linear=0
shrinkage=1


Tree=1662
num_leaves=1
num_cat=0
split_feature=
split_gain=
threshold=
decision_type=
left_child=
right_child=
leaf_value=0
leaf_weight=
leaf_count=1892
internal_value=
internal_weight=
internal_count=
is_linear=0
shrinkage=1


Tree=1663
num_leaves=2
num_cat=0
split_feature=46
split_gain=0.0330661
threshold=1.0000000180025095e-35
decision_type=2
left_child=-1
right_child=-2
leaf_value=-0.0041991799442993843 0.0011902728834061065
leaf_weight=4.1026969087542966 0.56256473716348399
leaf_count=1526 95
internal_value=0
internal_weight=4.66526
internal_count=1621
is_linear=0
shrinkage=0.05


Tree=1664
num_leaves=2
num_cat=0
split_feature=0
split_gain=0.0597026
threshold=1.7776565534620203
decision_type=2
left_child=-1
right_child=-2
leaf_value=-0.0041137818427380507 0.0038802006176259815
leaf_weight=7.3790261370013468 0.62901539495214809
leaf_count=1523 98
internal_value=-0.000356344
internal_weight=8.00804
internal_count=1621
is_linear=0
shrinkage=0.05


Tree=1665
num_leaves=3
num_cat=0
split_feature=8 12
split_gain=0.0696032 0.0784473
threshold=-0.52456312342282096 0.46886122672247671
decision_type=2 2
left_child=-1 -2
right_child=1 -3
leaf_value=0 0 0.0084501943896845705
leaf_weight=0.2596659321570759 0.45416823739651491 10.696442028536694
leaf_count=19 1023 579
internal_value=0.00600416 0.00719645
internal_weight=11.4103 11.1506
internal_count=1621 1602
is_linear=0
shrinkage=0.05


Tree=1666
num_leaves=1
num_cat=0
split_feature=
split_gain=
threshold=
decision_type=
left_child=
right_child=
leaf_value=0
leaf_weight=
leaf_count=1892
internal_value=
internal_weight=
internal_count=
is_linear=0
shrinkage=1


Tree=1667
num_leaves=1
num_cat=0
split_feature=
split_gain=
threshold=
decision_type=
left_child=
right_child=
leaf_value=0
leaf_weight=
leaf_count=1892
internal_value=
internal_weight=
internal_count=
is_linear=0
shrinkage=1


Tree=1668
num_leaves=3
num_cat=0
split_feature=62 62
split_gain=0.111917 0.0990936
threshold=1.0000000180025095e-35 0.10759087094878059
decision_type=2 2
left_child=-1 -2
right_child=1 -3
leaf_value=-0.010260205596889031 0.013887874779664931 0
leaf_weight=2.164161792970845 0.78535535046830751 0.36742956642410718
leaf_count=845 105 671
internal_value=-0.000470259 0.000326657
internal_weight=3.31695 1.15278
internal_count=1621 776
is_linear=0
shrinkage=0.05


Tree=1669
num_leaves=2
num_cat=0
split_feature=12
split_gain=0.160378
threshold=1.0000000180025095e-35
decision_type=2
left_child=-1
right_child=-2
leaf_value=0.012860534555307801 -0.010990025588760853
leaf_weight=0.93244875129312277 0.85805921912833583
leaf_count=306 1315
internal_value=0
internal_weight=1.79051
internal_count=1621
is_linear=0
shrinkage=0.05


Tree=1670
num_leaves=1
num_cat=0
split_feature=
split_gain=
threshold=
decision_type=
left_child=
right_child=
leaf_value=0
leaf_weight=
leaf_count=1892
internal_value=
internal_weight=
internal_count=
is_linear=0
shrinkage=1


Tree=1671
num_leaves=4
num_cat=0
split_feature=7 3 7
split_gain=0.0399958 0.0390199 0.0201644
threshold=0.44927072425037057 0.17068417718061921 -0.95113511275469864
decision_type=2 2 2
left_child=1 2 -1
right_child=-2 -3 -4
leaf_value=0 0 0 0.010695426086791646
leaf_weight=1.0289493962773131 0.71030891448026512 0.16803383585647669 1.6702858190983534
leaf_count=452 474 324 371
internal_value=0.000277095 0.0054578 0.00786408
internal_weight=3.57758 2.86727 2.69924
internal_count=1621 1147 823
is_linear=0
shrinkage=0.05


Tree=1672
num_leaves=5
num_cat=0
split_feature=63 4 12 51
split_gain=0.0273263 0.0363057 0.0238249 0.0191232
threshold=-0.24694910447489632 -0.80312896480916507 0.46477990023937016 1.0000000180025095e-35
decision_type=2 2 2 2
left_child=1 -1 -3 -4
right_child=-2 2 3 -5
leaf_value=0 0 0 0.007972326474122448 0
leaf_weight=0.15692115575075138 0.1890354216156992 0.18078721269557707 4.8064453962724656 0.062072987726423778
leaf_count=5 370 499 661 86
internal_value=0.0034659 0.00493787 0.00643646 0.00734288
internal_weight=5.39526 5.20623 5.04931 4.86852
internal_count=1621 1251 1246 747
is_linear=0
shrinkage=0.05


Tree=1673
num_leaves=2
num_cat=0
split_feature=3
split_gain=0.0768092
threshold=-1.0868720616634644
decision_type=2
left_child=-1
right_child=-2
leaf_value=0.0084385936972483522 0
leaf_weight=2.3444720767729454 1.1910582273703765
leaf_count=463 1158
internal_value=0.00161545
internal_weight=3.53553
internal_count=1621
is_linear=0
shrinkage=0.05


Tree=1674
num_leaves=3
num_cat=0
split_feature=7 3
split_gain=0.0230634 0.0174189
threshold=0.41740108349421173 0.080124116218163607
decision_type=2 2
left_child=1 -1
right_child=-2 -3
leaf_value=0.0054210178677568553 0 0
leaf_weight=2.9438449651934215 0.66892086308507703 0.18091825440933451
leaf_count=742 495 384
internal_value=0 0.00398833
internal_weight=3.79368 3.12476
internal_count=1621 1126
is_linear=0
shrinkage=0.05


Tree=1675
num_leaves=1
num_cat=0
split_feature=
split_gain=
threshold=
decision_type=
left_child=
right_child=
leaf_value=0
leaf_weight=
leaf_count=1892
internal_value=
internal_weight=
internal_count=
is_linear=0
shrinkage=1


Tree=1676
num_leaves=1
num_cat=0
split_feature=
split_gain=
threshold=
decision_type=
left_child=
right_child=
leaf_value=0
leaf_weight=
leaf_count=1892
internal_value=
internal_weight=
internal_count=
is_linear=0
shrinkage=1


Tree=1677
num_leaves=2
num_cat=0
split_feature=46
split_gain=0.0297273
threshold=1.0000000180025095e-35
decision_type=2
left_child=-1
right_child=-2
leaf_value=-0.003990293138161515 0.0011397777116211672
leaf_weight=4.0809222606476396 0.56139362510293711
leaf_count=1526 95
internal_value=0
internal_weight=4.64232
internal_count=1621
is_linear=0
shrinkage=0.05


Tree=1678
num_leaves=2
num_cat=0
split_feature=16
split_gain=0.0541979
threshold=1.0000000180025095e-35
decision_type=2
left_child=-1
right_child=-2
leaf_value=-0.0039044622905202568 0.0037851730242291111
leaf_weight=7.3434993367700372 0.62653233436867584
leaf_count=1523 98
internal_value=-0.000160628
internal_weight=7.97003
internal_count=1621
is_linear=0
shrinkage=0.05


Tree=1679
num_leaves=3
num_cat=0
split_feature=8 12
split_gain=0.0650111 0.0732327
threshold=-0.52456312342282096 0.46886122672247671
decision_type=2 2
left_child=-1 -2
right_child=1 -3
leaf_value=0 0 0.00802204463051223
leaf_weight=0.25860088510671531 0.45214509026845817 10.765914696414256
leaf_count=19 1023 579
internal_value=0.00562826 0.00680046
internal_weight=11.4767 11.2181
internal_count=1621 1602
is_linear=0
shrinkage=0.05


end of trees

feature_importances:
attack_entropy=689
pps_baseline=460
avg_packet_size=376
top_ip_pps_1min=274
adaptive_threshold=261
ratio_vs_baseline=243
ratio_50ms_1min=204
pps_variance=136
delta_pps_5w=115
pps_tftp=92
pps_netbios=79
ratio_vs_total_snmp=76
pps_http=74
ratio_vs_total_syn=69
pps_ldap=64
pps_syn=64
pps_ssdp=62
pps_dns=60
ratio_vs_total_ntp=55
pps_mssql=49
pps_portmap=47
pps_ntp=33
delta_pps_10w=32
heavy_hitters_syn=22
packet_size_variance=20
new_ips_ratio=19
pps_snmp=15
ratio_vs_total_ldap=14
ip_concentration_ntp=11
ratio_vs_total_mssql=10
ip_concentration_dns=9
ratio_vs_total_dns=8
heavy_hitters_http=8
ratio_vs_total_ssdp=7
heavy_hitters_tftp=7
ip_concentration=6
ratio_vs_total_netbios=6
heavy_hitters_portmap=5
ip_concentration_snmp=4
ip_concentration_syn=3
top_ip_pps_1s=1
heavy_hitters_dns=1
heavy_hitters_ntp=1
heavy_hitters_ssdp=1
ip_concentration_portmap=1
ratio_vs_total_portmap=1
heavy_hitters_netbios=1
ratio_vs_total_tftp=1
ip_concentration_http=1

parameters:
[boosting: gbdt]
[objective: multiclass]
[metric: multi_logloss]
[tree_learner: serial]
[device_type: cpu]
[data_sample_strategy: bagging]
[data: ]
[valid: ]
[num_iterations: 300]
[learning_rate: 0.05]
[num_leaves: 63]
[num_threads: 0]
[seed: 42]
[deterministic: 0]
[force_col_wise: 0]
[force_row_wise: 0]
[histogram_pool_size: -1]
[max_depth: 8]
[min_data_in_leaf: 10]
[min_sum_hessian_in_leaf: 0.001]
[bagging_fraction: 0.85]
[pos_bagging_fraction: 1]
[neg_bagging_fraction: 1]
[bagging_freq: 5]
[bagging_seed: 400]
[bagging_by_query: 0]
[feature_fraction: 0.9]
[feature_fraction_bynode: 1]
[feature_fraction_seed: 30056]
[extra_trees: 0]
[extra_seed: 12879]
[early_stopping_round: 0]
[early_stopping_min_delta: 0]
[first_metric_only: 0]
[max_delta_step: 0]
[lambda_l1: 0.5]
[lambda_l2: 0.5]
[linear_lambda: 0]
[min_gain_to_split: 0.01]
[drop_rate: 0.1]
[max_drop: 50]
[skip_drop: 0.5]
[xgboost_dart_mode: 0]
[uniform_drop: 0]
[drop_seed: 17869]
[top_rate: 0.2]
[other_rate: 0.1]
[min_data_per_group: 100]
[max_cat_threshold: 32]
[cat_l2: 10]
[cat_smooth: 10]
[max_cat_to_onehot: 4]
[top_k: 20]
[monotone_constraints: ]
[monotone_constraints_method: basic]
[monotone_penalty: 0]
[feature_contri: ]
[forcedsplits_filename: ]
[refit_decay_rate: 0.9]
[cegb_tradeoff: 1]
[cegb_penalty_split: 0]
[cegb_penalty_feature_lazy: ]
[cegb_penalty_feature_coupled: ]
[path_smooth: 0]
[interaction_constraints: ]
[verbosity: -1]
[saved_feature_importance_type: 0]
[use_quantized_grad: 0]
[num_grad_quant_bins: 4]
[quant_train_renew_leaf: 0]
[stochastic_rounding: 1]
[linear_tree: 0]
[max_bin: 255]
[max_bin_by_feature: ]
[min_data_in_bin: 3]
[bin_construct_sample_cnt: 200000]
[data_random_seed: 175]
[is_enable_sparse: 1]
[enable_bundle: 1]
[use_missing: 1]
[zero_as_missing: 0]
[feature_pre_filter: 1]
[pre_partition: 0]
[two_round: 0]
[header: 0]
[label_column: ]
[weight_column: ]
[group_column: ]
[ignore_column: ]
[categorical_feature: ]
[forcedbins_filename: ]
[precise_float_parser: 0]
[parser_config_file: ]
[objective_seed: 16083]
[num_class: 14]
[is_unbalance: 0]
[scale_pos_weight: 1]
[sigmoid: 1]
[boost_from_average: 1]
[reg_sqrt: 0]
[alpha: 0.9]
[fair_c: 1]
[poisson_max_delta_step: 0.7]
[tweedie_variance_power: 1.5]
[lambdarank_truncation_level: 30]
[lambdarank_norm: 1]
[label_gain: ]
[lambdarank_position_bias_regularization: 0]
[eval_at: ]
[multi_error_top_k: 1]
[auc_mu_weights: ]
[num_machines: 1]
[local_listen_port: 12400]
[time_out: 120]
[machine_list_filename: ]
[machines: ]
[gpu_platform_id: -1]
[gpu_device_id: -1]
[gpu_use_dp: 0]
[num_gpu: 1]

end of parameters

pandas_categorical:null
