tree
version=v4
num_class=14
num_tree_per_iteration=14
label_index=0
max_feature_idx=55
objective=multiclass num_class:14
feature_names=total_packets total_bytes udp_packets tcp_packets icmp_packets syn_packets http_requests dns_queries baseline_packets attack_packets udp_tcp_ratio syn_total_ratio baseline_attack_ratio bytes_per_packet ntp_monlist_queries ntp_responses avg_ntp_response_size dns_any_queries dns_txt_queries dns_responses avg_dns_response_size snmp_getbulk_requests snmp_responses avg_snmp_response_size ssdp_msearch_packets ssdp_responses portmap_getport_calls portmap_dump_calls netbios_name_queries netbios_dgram_packets ldap_bind_requests ldap_search_requests mssql_sqlbatch_packets mssql_rpc_packets tftp_rrq_packets tftp_wrq_packets ntp_amplification_factor dns_amplification_factor snmp_amplification_factor query_response_ratio fragmentation_ratio syn_ack_ratio delta_pps_5w delta_pps_10w pps_variance pps_baseline ratio_vs_baseline top_ip_pps_50ms top_ip_pps_1s top_ip_pps_1min ratio_50ms_1min num_heavy_hitters ip_concentration new_ips_ratio attack_entropy adaptive_threshold
feature_infos=[-1.8581521673258314:2.5280721933069628] [-1.590186993042445:4.1833749971050951] [-1.6387281488182199:3.3726126198834629] [-1.661109852934656:3.5267375595824153] [-1.9263080823555656:2.1393624844287751] [-1.284744463094381:4.278290327487233] [-1.4599014356891411:4.6401109938516427] [-1.2294910951140232:4.8617733393141549] [-1.9123840175581712:2.1496368557554999] [-1.2853532794294833:3.1167923286101225] [-2.4847432390950024:2.0102108589663787] [-2.6386668484410585:3.6309054093168665] [-0.30547520392936589:3.4003136414149209] [-5.6992479448611961:3.8625097056772852] [-0.22352134610541069:6.9380486126710412] none none [-0.24134707443992109:5.4914166746818314] none [-2.0038334172421797:2.3401441304237558] none [-0.25437937004567185:5.255642505708777] none none [-0.25518319413942553:5.3041472751909202] [-0.74808023018804815:3.7501083185340995] [-0.24909062728315146:5.6240349367792826] none [-0.25069286917386829:5.499965905640793] [-0.25070236193501549:5.4999516064357739] none [-0.24524519238607262:5.9105102364197553] [-0.25151190202548007:5.7182463394153409] none [-0.25433113491858067:5.8827595996340989] none none [-0.41580612891359037:2.4049669556646016] none [-0.47698213517459731:3.743798729688117] none [-2.6281521294345884:3.5843813799794209] [-1.1218391238169632:2.3063467898055761] [-1.1221807328222648:2.309614989931136] [-0.8173791414284417:3.4282589097107716] [-1.1204988806690843:3.8306116851078031] [-3.4900995433589088:12.007733565768609] [-0.42179043733549532:36.624113132305638] [-0.90531161626807455:3.6833821254269536] [-0.87315317227433109:4.3995512319479797] [-0.72063535132516765:24.080188140498873] [-1.4548869560583577:0.68745187146645426] [-1.2780067222251268:1.701242352938924] [-2.8697836821063176:0.64251632827753347] [-2.8234263934935893:1.4663366950844101] none
tree_sizes=353 357 859 460 662 967 766 665 767 1066 661 964 458 659 360 365 888 469 655 575 781 660 576 576 678 986 573 572 364 365 779 555 1775 574 759 663 660 576 675 969 564 882 362 364 963 470 1484 570 761 660 574 577 676 985 568 574 362 366 969 470 753 573 980 660 659 575 676 968 759 470 364 474 762 471 663 652 664 651 570 678 854 681 564 552 363 365 761 472 666 650 660 650 574 678 773 678 757 554 364 367 763 472 1797 653 658 651 575 680 775 669 757 756 365 368 770 474 665 565 781 781 570 680 776 670 649 557 365 369 765 667 666 568 783 1293 578 677 781 664 755 471 354 367 768 668 871 667 781 668 576 680 671 672 467 468 354 366 766 474 863 671 781 780 567 576 671 673 571 472 355 368 1188 473 872 874 783 680 573 576 666 674 570 473 356 367 875 473 669 683 984 788 570 577 670 675 472 462 355 368 580 475 671 683 785 788 566 666 673 673 570 463 364 369 769 472 1292 683 784 894 566 784 578 685 779 567 365 369 768 475 840 679 790 895 567 783 576 682 780 564 366 369 774 471 841 683 789 893 565 678 574 682 777 567 365 367 763 472 838 679 794 881 569 683 578 686 779 566 366 369 770 474 838 680 793 882 568 732 679 685 775 566 365 354 766 464 884 766 867 674 968 670 679 666 778 576 364 357 767 472 879 763 663 682 758 666 684 661 864 576 356 358 1102 474 754 765 863 684 750 679 775 665 474 544 356 358 896 474 875 762 863 673 754 667 774 666 673 546 354 358 756 471 670 767 667 887 756 666 777 665 789 545 367 358 1211 471 834 681 659 770 558 846 646 669 647 668 366 358 473 468 833 672 656 772 646 746 563 471 565 554 367 358 472 557 749 667 656 687 642 744 666 474 565 552 356 358 472 470 750 672 655 688 642 673 668 473 563 560 356 357 472 470 747 672 658 688 834 672 670 474 660 550 356 369 651 556 642 663 463 665 647 663 668 474 462 546 355 365 652 471 733 660 463 665 640 664 653 686 461 732 355 475 657 558 729 665 462 868 643 462 628 461 463 547 353 369 471 471 1155 666 464 661 643 462 667 464 463 542 355 368 472 470 461 459 465 669 558 459 654 464 462 547 354 356 474 470 461 666 850 657 744 463 561 550 464 551 356 357 474 473 459 754 650 896 645 461 560 851 461 555 356 358 476 473 463 665 553 658 740 465 560 546 463 473 355 357 474 471 461 662 853 476 648 466 581 548 462 471 355 357 903 473 465 667 554 477 722 660 560 463 461 644 356 465 466 471 476 464 475 464 465 474 647 462 463 759 356 466 465 471 473 464 572 466 462 475 646 463 462 675 355 358 463 473 477 462 465 893 466 474 644 463 463 763 356 357 464 474 1009 462 464 462 464 474 647 466 464 764 355 358 466 474 477 465 463 466 463 470 647 466 462 681 356 356 472 560 463 618 463 466 636 463 641 464 461 670 355 358 473 562 464 618 464 462 565 463 638 462 463 649 356 358 474 475 464 462 466 463 566 464 644 464 462 552 355 910 474 563 1014 461 467 860 569 464 644 466 463 551 355 358 465 474 464 462 465 813 463 465 642 821 463 550 355 357 829 543 463 563 465 463 461 461 642 465 474 548 356 355 627 454 463 564 467 464 463 463 633 463 463 547 356 358 631 542 465 443 465 463 463 464 627 465 465 628 354 448 629 455 465 566 467 462 465 466 734 465 552 632 356 447 530 455 465 565 468 464 442 465 635 467 551 635 356 357 466 452 465 463 444 542 445 466 639 826 475 562 356 356 445 542 466 465 446 545 444 466 550 466 465 540 356 357 444 455 464 463 445 540 449 468 553 445 465 542 356 447 445 543 464 464 445 546 445 445 554 445 445 541 355 358 445 544 536 465 444 546 816 446 632 651 445 542 355 356 443 453 531 443 445 999 538 445 527 442 466 550 355 356 442 453 531 442 444 444 539 445 545 445 467 638 356 358 444 452 528 443 446 444 538 444 630 444 527 641 355 442 445 455 444 443 623 990 448 443 444 444 533 613 356 358 445 454 535 444 446 442 535 444 444 444 446 554

Tree=0
num_leaves=2
num_cat=0
split_feature=9
split_gain=3319.05
threshold=-1.2850973392307055
decision_type=2
left_child=-1
right_child=-2
leaf_value=-1.9568640722911845 -2.5720007583749629
leaf_weight=23.309232205152512 277.085514575243
leaf_count=293 3483
internal_value=-2.52333
internal_weight=300.395
internal_count=3776
is_linear=0
shrinkage=1


Tree=1
num_leaves=2
num_cat=0
split_feature=17
split_gain=3297.27
threshold=-0.21577540952747912
decision_type=2
left_child=-1
right_child=-2
leaf_value=-2.7025846450817919 -2.0128527394653966
leaf_weight=248.17799236625433 18.124962784349918
leaf_count=3519 257
internal_value=-2.65444
internal_weight=266.303
internal_count=3776
is_linear=0
shrinkage=1


Tree=2
num_leaves=7
num_cat=0
split_feature=31 7 31 7 46 46
split_gain=3197.52 36.1076 7.56159 32.0585 2.1207 0.48337
threshold=0.022232060841922929 0.81661094717689686 -0.12184048238702998 0.17383496366243237 0.94926502177408389 1.337281461914243
decision_type=2 2 2 2 2 2
left_child=2 -2 4 -4 -1 -6
right_child=1 -3 3 -5 5 -7
leaf_value=-2.7149273787452266 -2.0181520964329125 -2.5485073934621458 -2.423187785085418 -2.706941267835107 -2.6407638588603208 -2.6817103823162469
leaf_weight=237.23824068903923 17.423490062355999 0.69693960249423881 0.69693960249423881 5.2967409789562225 0.83632752299308666 0.97571544349193573
leaf_count=3404 250 10 10 76 12 14
internal_value=-2.66531 -2.03351 -2.71311 -2.66167 -2.71451 -2.66566
internal_weight=263.164 18.1204 245.044 5.99368 239.05 1.81204
internal_count=3776 260 3516 86 3430 26
is_linear=0
shrinkage=1


Tree=3
num_leaves=3
num_cat=0
split_feature=14 11
split_gain=1828.74 1620.24
threshold=-0.22342537014154873 -0.10022939013777639
decision_type=2 2
left_child=-1 -2
right_child=1 -3
leaf_value=-2.6117006349100684 -2.6091248576426649 -1.9741753391765213
leaf_weight=249.51727320253849 17.565156951546669 22.550900191068649
leaf_count=3253 229 294
internal_value=-2.56123 -2.24997
internal_weight=289.633 40.1161
internal_count=3776 523
is_linear=0
shrinkage=1


Tree=4
num_leaves=5
num_cat=0
split_feature=32 1 32 32
split_gain=3238.99 8.73192 42.7252 0.302989
threshold=1.0000000180025095e-35 -1.3233021248698018 -0.23040289517697218 -0.24843806083186923
decision_type=2 2 2 2
left_child=1 2 3 -1
right_child=-2 -3 -4 -5
leaf_value=-2.6708573643400824 -2.0102266401026476 -2.6775194891256087 -2.3503260202466429 -2.6276796274021477
leaf_weight=6.785137385129925 19.200495153665543 244.48149280250072 0.72182312607765275 1.3714639395475385
leaf_count=94 266 3387 10 19
internal_value=-2.62773 -2.67575 -2.62768 -2.66617
internal_weight=272.56 253.36 8.87842 8.1566
internal_count=3776 3510 123 113
is_linear=0
shrinkage=1


Tree=5
num_leaves=8
num_cat=0
split_feature=28 7 28 7 46 28 28
split_gain=3390.25 16.5364 4.41986 15.1859 1.19076 0.0528392 0.897578
threshold=0.025678073902079528 0.81661094717689686 -0.11116261608311243 0.43159459155831731 1.4171671995901582 -0.16151443491326142 -0.1476682761536563
decision_type=2 2 2 2 2 2 2
left_child=2 -2 4 -4 5 -1 -7
right_child=1 -3 3 -5 -6 6 -8
leaf_value=-2.6962499146356347 -2.0097024232439331 -2.4897583518434363 -2.4897583518434363 -2.6866806630648599 -2.6464889593596435 -2.6464889593596435 -2.6836604520730893
leaf_weight=236.86896787583828 19.011944711208347 0.70940092206001182 0.70940092206001182 4.6111059933900833 0.7803410142660131 1.7735023051500309 3.4051244258880615
leaf_count=3339 268 10 10 65 11 25 48
internal_value=-2.64411 -2.02143 -2.69465 -2.64649 -2.69564 -2.69584 -2.67005
internal_weight=267.87 19.7213 248.148 5.32051 242.828 242.048 5.17863
internal_count=3776 278 3498 75 3423 3412 73
is_linear=0
shrinkage=1


Tree=6
num_leaves=6
num_cat=0
split_feature=14 14 14 1 46
split_gain=3190.14 34.5409 5.84673 15.7591 2.77492
threshold=0.25177265731723941 0.024814677357773523 -0.078158987114610418 -0.056684097525261969 1.1204487453653302
decision_type=2 2 2 2 2
left_child=1 2 4 -4 -1
right_child=-2 -3 3 -5 -6
leaf_value=-2.8713879705239531 -2.0726563439706287 -2.6226891285988132 -2.6453419073339526 -2.8588329465099753 -2.8133824134120355
leaf_weight=208.49403190612793 12.88784599304199 0.90335369110107322 0.60223579406738315 3.3122968673706046 1.2044715881347645
leaf_count=3462 214 15 10 55 20
internal_value=-2.82163 -2.86815 -2.86976 -2.81531 -2.87091
internal_weight=227.404 214.516 213.613 3.91453 209.699
internal_count=3776 3562 3547 65 3482
is_linear=0
shrinkage=1


Tree=7
num_leaves=5
num_cat=0
split_feature=26 7 26 26
split_gain=3247.71 6.56212 66.5224 0.690628
threshold=0.050020555625408726 -0.97307161659744723 -0.22590044214168895 -0.24549254867395884
decision_type=2 2 2 2
left_child=1 2 3 -1
right_child=-2 -3 -4 -5
leaf_value=-2.7025651383947902 -2.0168237184068425 -2.7057478215154509 -2.3339110319969993 -2.6560279824064028
leaf_weight=14.204137876629828 18.001283645629883 231.34462185204029 0.84381017088890153 1.1250802278518683
leaf_count=202 256 3290 12 16
internal_value=-2.65597 -2.70354 -2.66998 -2.69965
internal_weight=265.519 247.518 16.173 15.3292
internal_count=3776 3520 230 218
is_linear=0
shrinkage=1


Tree=8
num_leaves=6
num_cat=0
split_feature=21 19 21 21 21
split_gain=3285.04 9.07899 41.801 0.118299 0.0730766
threshold=-0.060684639219044885 -1.6724375537264851 -0.23911959978443822 -0.24778315296193945 -0.24394123723038155
decision_type=2 2 2 2 2
left_child=1 2 3 -1 -5
right_child=-2 -3 -4 4 -6
leaf_value=-2.6488944472834874 -1.993919252019809 -2.656102209942647 -2.3326953528971126 -2.6061734221811839 -2.6180820725988556
leaf_weight=6.2582648172974569 19.805567480623722 249.66795288771391 0.73626644909381855 0.73626644909381844 0.80989309400320053
leaf_count=85 269 3391 10 10 11
internal_value=-2.60621 -2.65437 -2.60617 -2.64425 -2.6074
internal_weight=278.014 258.209 8.54069 7.80442 1.54616
internal_count=3776 3507 116 106 21
is_linear=0
shrinkage=1


Tree=9
num_leaves=9
num_cat=0
split_feature=13 53 7 48 13 0 13 13
split_gain=768.284 2448.2 7.08212 10.2463 2.83601 0.371535 0.317645 0.343743
threshold=0.047118895630329331 1.0000000180025095e-35 -1.0780044190313618 -0.20651366080204372 0.044970741152815526 -1.633161207672027 0.040852686053328389 0.04328649723264591
decision_type=2 2 2 2 2 2 2 2
left_child=4 2 3 5 6 -2 -1 -8
right_child=1 -3 -4 -5 -6 -7 7 -9
leaf_value=-2.6743850507456455 -2.6577406191092585 -2.0067146090519978 -2.6735326077118051 -2.491955092691625 -2.6143125701440488 -2.6245788497238993 -2.6245788497238993 -2.6559096031266165
leaf_weight=199.64877749979496 2.4612249583005905 19.038298942148685 44.881161004304886 0.86866763234138389 1.1582235097885121 0.94105660170316729 2.1716690808534613 2.1716690808534622
leaf_count=2758 34 263 620 12 16 13 30 30
internal_value=-2.62497 -2.48028 -2.66759 -2.61175 -2.67342 -2.649 -2.6739 -2.64366
internal_weight=273.341 68.1904 49.1521 4.27095 205.15 3.40228 203.992 4.34334
internal_count=3776 942 679 59 2834 47 2818 60
is_linear=0
shrinkage=1


Tree=10
num_leaves=5
num_cat=0
split_feature=11 11 54 0
split_gain=2923.47 58.9504 325.696 3.42272
threshold=1.9572722054416656 0.39111280430925138 -0.75431068484562347 -1.3666740364895154
decision_type=2 2 2 2
left_child=1 -1 3 -3
right_child=-2 2 -4 -5
leaf_value=-2.7217847235691135 -2.0308482338520317 -2.6382209404187869 -2.1633767918478193 -2.7192257699967857
leaf_weight=224.5983639061451 16.210986167192459 0.69277718663216248 2.6325533092021933 17.457985103130341
leaf_count=3242 234 10 38 252
internal_value=-2.67088 -2.71428 -2.63509 -2.71397
internal_weight=261.593 245.382 20.7833 18.1508
internal_count=3776 3542 300 262
is_linear=0
shrinkage=1


Tree=11
num_leaves=8
num_cat=0
split_feature=34 34 7 46 12 2 52
split_gain=3201.96 20.0691 84.0356 4.18717 1.98178 0.291712 2.1104
threshold=0.26428008284667953 -0.035790165331471641 0.22048510578093092 0.94926502177408389 -0.19275616444329743 -1.424464569397959 0.8322947060160758
decision_type=2 2 2 2 2 2 2
left_child=1 3 -3 5 -5 6 -1
right_child=-2 2 -4 4 -6 -7 -8
leaf_value=-2.6773192586755377 -2.0081904584903798 -2.2477824352357305 -2.6819327053301736 -2.656820552982408 -2.5795784095017402 -2.6899630175159319 -2.6164446288646301
leaf_weight=7.2781689763069135 18.195422440767288 0.8562551736831655 5.5656586289405823 0.99896436929702759 0.85625517368316539 234.82798138260841 0.85625517368316639
leaf_count=102 255 12 78 14 12 3291 12
internal_value=-2.63961 -2.6864 -2.60349 -2.68875 -2.62649 -2.68935 -2.66701
internal_weight=269.435 251.24 6.42191 244.818 1.85522 242.962 8.13442
internal_count=3776 3521 90 3431 26 3405 114
is_linear=0
shrinkage=1


Tree=12
num_leaves=3
num_cat=0
split_feature=13 42
split_gain=3157.48 93.6036
threshold=1.6454633784183186 2.0688443201544042
decision_type=2 2
left_child=1 -1
right_child=-2 -3
leaf_value=-2.6833362229009046 -2.0059891336181574 -2.2573856766813729
leaf_weight=252.12334218621254 18.085705161094666 0.78945538401603599
leaf_count=3513 252 11
internal_value=-2.63494 -2.68117
internal_weight=270.999 252.913
internal_count=3776 3524
is_linear=0
shrinkage=1


Tree=13
num_leaves=5
num_cat=0
split_feature=6 43 11 44
split_gain=1844.6 486.767 889.84 1.05399
threshold=1.6733976842302773 1.4713424129323143 0.36516487357309785 0.80411494172354836
decision_type=2 2 2 2
left_child=1 3 -3 -1
right_child=-2 2 -4 -5
leaf_value=-2.6928890568218806 -2.0253658993419208 -2.6897825904464372 -2.0334834255089018 -2.643329399069275
leaf_weight=235.35558980703354 11.027846559882162 13.660300254821779 7.6839188933372489 0.92491616308689018
leaf_count=3308 155 192 108 13
internal_value=-2.64408 -2.67181 -2.44611 -2.69268
internal_weight=268.653 257.625 21.3442 236.281
internal_count=3776 3621 300 3321
is_linear=0
shrinkage=1


Tree=14
num_leaves=2
num_cat=0
split_feature=9
split_gain=1919.52
threshold=-1.2850973392307055
decision_type=2
left_child=-1
right_child=-2
leaf_value=0.32931573181163254 -0.050009293818978895
leaf_weight=37.732671007514 260.6695012897253
leaf_count=293 3483
internal_value=-0.00148973
internal_weight=298.402
internal_count=3776
is_linear=0
shrinkage=0.05


Tree=15
num_leaves=2
num_cat=0
split_feature=17
split_gain=1777.62
threshold=-0.21577540952747912
decision_type=2
left_child=-1
right_child=-2
leaf_value=-0.049493744302112321 0.34757313969821468
leaf_weight=233.4327706694603 31.548131838440895
leaf_count=3519 257
internal_value=-0.00155996
internal_weight=264.981
internal_count=3776
is_linear=0
shrinkage=0.05


Tree=16
num_leaves=7
num_cat=0
split_feature=31 31 7 11 31 31
split_gain=1728.67 7.62048 26.4309 3.38814 0.506066 1.15496
threshold=0.022232060841922929 -0.12184048238702998 0.17383496366243237 -0.26577923258505359 -0.18557568136428595 -0.17317985962769369
decision_type=2 2 2 2 2 2
left_child=1 4 -3 -2 -1 -6
right_child=3 2 -4 -5 5 -7
leaf_value=-0.049208417022620285 0.35136823870628126 0.20390696808648806 -0.04060898359296175 0.11124073563135561 0.0030411652583499965 -0.033725926606388019
leaf_weight=217.88167152181268 30.264932140707973 0.87507547438144584 4.9977759197354317 1.0376334115862835 1.3928913325071324 5.7651868984103203
leaf_count=3321 249 10 76 11 21 88
internal_value=0.000328252 -0.0470788 0.00504144 0.346069 -0.048558 -0.0235754
internal_weight=262.215 230.913 5.87285 31.3026 225.04 7.15808
internal_count=3776 3516 86 260 3430 109
is_linear=0
shrinkage=0.05


Tree=17
num_leaves=3
num_cat=0
split_feature=14 11
split_gain=1269.14 685.693
threshold=-0.22342537014154873 -0.10022939013777639
decision_type=2 2
left_child=-1 -2
right_child=1 -3
leaf_value=-0.049831823173363925 -0.04711742066918826 0.33642612482707662
leaf_weight=234.81217140704393 16.553287371993065 37.181742310523987
leaf_count=3253 229 294
internal_value=0.000337596 0.218468
internal_weight=288.547 53.735
internal_count=3776 523
is_linear=0
shrinkage=0.05


Tree=18
num_leaves=5
num_cat=0
split_feature=32 1 32 32
split_gain=1775.12 8.77035 34.7244 0.321252
threshold=1.0000000180025095e-35 -1.3233021248698018 -0.23040289517697218 -0.24843806083186923
decision_type=2 2 2 2
left_child=1 2 3 -1
right_child=-2 -3 -4 -5
leaf_value=-0.042686402740592613 0.34227569672553509 -0.049578581106832581 0.22890893189366113 0
leaf_weight=6.4688252806663495 32.733226537704468 229.9161739423871 0.92971670627593983 1.3392019495368002
leaf_count=94 266 3387 10 19
internal_value=-3.9975e-05 -0.0477132 0 -0.0378384
internal_weight=271.387 238.654 8.73774 7.80803
internal_count=3776 3510 123 113
is_linear=0
shrinkage=0.05


Tree=19
num_leaves=4
num_cat=0
split_feature=28 5 28
split_gain=1844.22 4.81278 44.1185
threshold=0.025678073902079528 -1.049168995273267 -0.22187458727202067
decision_type=2 2 2
left_child=1 2 -1
right_child=-2 -3 -4
leaf_value=-0.045369727743347896 0.34482967051436225 -0.049508296224045338 0.26435987632949537
leaf_weight=10.875890269875523 33.781303308904171 222.10537385940552 0.77146498113870698
leaf_count=162 278 3326 10
internal_value=0.00222136 -0.0478151 -0.0127597
internal_weight=267.534 233.753 11.6474
internal_count=3776 3498 172
is_linear=0
shrinkage=0.05


Tree=20
num_leaves=6
num_cat=0
split_feature=39 13 21 41 46
split_gain=653.81 610.875 305.381 96.2675 2.97772
threshold=-0.30279680760908595 -0.39686092166450643 -0.24150565847861075 -0.42870929422174925 1.1204487453653302
decision_type=2 2 2 2 2
left_child=4 -2 3 -3 -1
right_child=1 2 -4 -5 -6
leaf_value=-0.048296119889566315 -0.047065850862247162 0.37618464634527782 -0.041141697053434588 -0.023287505675783964 0.015507403452056033
leaf_weight=170.17322940379381 23.138402733951807 25.72389804571867 5.6740780249238005 1.415929459035399 1.0359418280422676
leaf_count=3000 409 225 100 25 17
internal_value=0.000701923 0.148423 0.285658 0.354395 -0.0477204
internal_weight=227.161 55.9523 32.8139 27.1398 171.209
internal_count=3776 759 350 250 3017
is_linear=0
shrinkage=0.05


Tree=21
num_leaves=5
num_cat=0
split_feature=26 7 26 26
split_gain=1743.33 6.6804 52.645 0.702307
threshold=0.050020555625408726 -0.97307161659744723 -0.22590044214168895 -0.24549254867395884
decision_type=2 2 2 2
left_child=1 2 3 -1
right_child=-2 -3 -4 -5
leaf_value=-0.046182867673263239 0.34734587876247275 -0.049464797027568411 0.25490005191667203 0
leaf_weight=13.515842236578463 31.319239556789398 217.47726720571518 1.1345400139689434 1.1015747934579838
leaf_count=202 256 3290 12 16
internal_value=3.59089e-05 -0.047139 -0.0129562 -0.0431428
internal_weight=264.548 233.229 15.752 14.6174
internal_count=3776 3520 230 218
is_linear=0
shrinkage=0.05


Tree=22
num_leaves=4
num_cat=0
split_feature=21 7 21
split_gain=1809.23 10.5812 37.7618
threshold=-0.060684639219044885 -1.0656357191958052 -0.24778315296193945
decision_type=2 2 2
left_child=1 2 -1
right_child=-2 -3 -4
leaf_value=-0.042298844583900895 0.34111707780334044 -0.049663770204822946 0.22645627653038827
leaf_weight=6.0435517951846114 33.579456195235252 236.04525107517838 1.1236193627119062
leaf_count=86 269 3408 13
internal_value=-2.43439e-05 -0.0478303 0.00859432
internal_weight=276.792 243.212 7.16717
internal_count=3776 3507 99
is_linear=0
shrinkage=0.05


Tree=23
num_leaves=4
num_cat=0
split_feature=24 7 24
split_gain=1746.53 14.3712 73.8814
threshold=0.052200713399013686 -1.0330375764001005 -0.23411998404593962
decision_type=2 2 2
left_child=1 2 -1
right_child=-2 -3 -4
leaf_value=-0.044953795249205779 0.34360587151788158 -0.04959385999071117 0.29812238604494407
leaf_weight=9.4825571551918966 31.995033163577318 229.30219220370054 1.3575679957866658
leaf_count=135 263 3365 13
internal_value=-0.000371427 -0.0469234 0.00705713
internal_weight=272.137 240.142 10.8401
internal_count=3776 3513 148
is_linear=0
shrinkage=0.05


Tree=24
num_leaves=5
num_cat=0
split_feature=11 11 54 11
split_gain=1554.42 56.2583 197.113 3.37945
threshold=1.9572722054416656 0.39111280430925138 -0.75431068484562347 0.71621590034713301
decision_type=2 2 2 2
left_child=1 -1 3 -3
right_child=-2 2 -4 -5
leaf_value=-0.049403831125373138 0.34785119596981134 0.033814521551993229 0.32425382088964722 -0.046723867095192689
leaf_weight=211.19324921071529 28.296285182237625 0.69400361180306092 4.1490016356110564 16.492213010787964
leaf_count=3242 234 10 38 252
internal_value=0.00119489 -0.0415381 0.0345263 -0.0411941
internal_weight=260.825 232.528 21.3352 17.1862
internal_count=3776 3542 300 262
is_linear=0
shrinkage=0.05


Tree=25
num_leaves=8
num_cat=0
split_feature=34 34 7 46 2 2 52
split_gain=1726.36 19.7145 60.5035 4.0743 2.01142 0.347919 1.9708
threshold=0.26428008284667953 -0.035790165331471641 0.22048510578093092 0.94926502177408389 -1.4560311882098305 -1.424464569397959 0.8322947060160758
decision_type=2 2 2 2 2 2 2
left_child=1 3 -3 5 -5 6 -1
right_child=-2 2 -4 4 -6 -7 -8
leaf_value=-0.036379612349361622 0.34576307223013636 0.29493975493638852 -0.041028191212927584 0.060180323361789301 -0.017553004466574217 -0.049525031979591981 0.021646515606011787
leaf_weight=6.9406601190567008 31.43966306000948 1.2323685362935055 5.2222230955958366 0.86119759827852238 1.0358116254210461 220.82919329404831 0.89350505918264378
leaf_count=102 255 12 78 12 14 3291 12
internal_value=0.000549639 -0.0457686 0.036116 -0.0482424 0.0124986 -0.0488815 -0.0258603
internal_weight=268.455 237.015 6.45459 230.56 1.89701 228.663 7.83417
internal_count=3776 3521 90 3431 26 3405 114
is_linear=0
shrinkage=0.05


Tree=26
num_leaves=4
num_cat=0
split_feature=13 17 44
split_gain=1738.48 40.9064 13.0918
threshold=1.0572812169062491 -0.24133441462721769 1.9847502597766287
decision_type=2 2 2
left_child=2 -2 -1
right_child=1 -3 -4
leaf_value=-0.049141552480548911 0.34702893702273413 -0.0072562570347045555 0.11048054718299874
leaf_weight=236.20222992449999 31.839501738548279 0.67347601056098838 0.74203185737132926
leaf_count=3498 259 10 9
internal_value=-0.000946323 0.338934 -0.0483048
internal_weight=269.457 32.513 236.944
internal_count=3776 269 3507
is_linear=0
shrinkage=0.05


Tree=27
num_leaves=4
num_cat=0
split_feature=11 54 11
split_gain=1077.84 742.707 2.82139
threshold=0.39111280430925138 -0.75431068484562347 0.36516487357309785
decision_type=2 2 2
left_child=2 -2 -1
right_child=1 -3 -4
leaf_value=-0.049511068203546699 0.35055853404281989 -0.04708051572391863 0.0094954239514921587
leaf_weight=215.89165483787656 31.941346324980259 18.076809890568256 1.17988622188568
leaf_count=3225 265 269 17
internal_value=-0.00065341 0.207311 -0.0490544
internal_weight=267.09 50.0182 217.072
internal_count=3776 534 3242
is_linear=0
shrinkage=0.05


Tree=28
num_leaves=2
num_cat=0
split_feature=9
split_gain=1383.36
threshold=-1.2850973392307055
decision_type=2
left_child=-1
right_child=-2
leaf_value=0.24068227916990101 -0.049756157527160408
leaf_weight=48.666853085160255 246.24490558728576
leaf_count=293 3483
internal_value=-0.00141663
internal_weight=294.912
internal_count=3776
is_linear=0
shrinkage=0.05


Tree=29
num_leaves=2
num_cat=0
split_feature=17
split_gain=1259.48
threshold=-0.21577540952747912
decision_type=2
left_child=-1
right_child=-2
leaf_value=-0.049274606859213407 0.24957948536220351
leaf_weight=220.47685658559203 41.44523598253727
leaf_count=3519 257
internal_value=-0.00150474
internal_weight=261.922
internal_count=3776
is_linear=0
shrinkage=0.05


Tree=30
num_leaves=6
num_cat=0
split_feature=31 31 46 46 46
split_gain=1223.23 7.59428 29.3461 2.12926 0.442066
threshold=0.022232060841922929 -0.12184048238702998 -1.0000000180025095e-35 0.94926502177408389 1.337281461914243
decision_type=2 2 2 2 2
left_child=1 3 -3 -1 -5
right_child=-2 2 -4 4 -6
leaf_value=-0.048753944633747243 0.24923725943933089 -0.040629355845549928 0.22593208711942833 0.024395970910549472 -0.014640561271956508
leaf_weight=210.98541579768062 41.025355614721775 5.0429315157234669 0.76178497076034446 0.84469102323055156 0.9222487136721611
leaf_count=3404 260 79 7 12 14
internal_value=0.000329788 -0.0467408 0.00553109 -0.0482938 0
internal_weight=259.582 218.557 5.80472 212.752 1.76694
internal_count=3776 3516 86 3430 26
is_linear=0
shrinkage=0.05


Tree=31
num_leaves=4
num_cat=0
split_feature=17 13 6
split_gain=951.043 445.504 0.894676
threshold=-0.24134703662853355 0.23662438553269713 -1.3906648075652643
decision_type=2 2 2
left_child=2 -2 -1
right_child=1 -3 -4
leaf_value=0 -0.047024070361724041 0.24515967403650474 -0.049589594723184763
leaf_weight=1.0454422160983075 17.47163413465023 47.976589128375053 219.20820497721434
leaf_count=14 257 293 3212
internal_value=0.000317618 0.167016 -0.0493695
internal_weight=285.702 65.4482 220.254
internal_count=3776 550 3226
is_linear=0
shrinkage=0.05


Tree=32
num_leaves=16
num_cat=0
split_feature=13 25 25 11 5 41 10 42 41 39 11 13 0 2 52
split_gain=331.979 459.506 28.3948 111.691 26.3795 31.2977 20.862 31.0682 39.7783 18.5029 18.2813 123.904 0.826491 0.743149 0.480061
threshold=-0.53167383456678885 -0.46295447370996012 1.3761110816177382 -0.37014451122621156 -0.8490645306967427 -0.42870941115104594 0.49111579720386672 0.25512975705573732 -0.42870976672293087 -0.47697793404672478 -0.68495023850740722 -0.59998214874768474 -1.0430676398725709 -1.5261319452787976 0.8322947060160758
decision_type=2 2 2 2 2 2 2 2 2 2 2 2 2 2 2
left_child=1 -1 4 -4 5 6 7 13 14 -10 11 -3 -8 -2 -9
right_child=2 10 3 -5 -6 -7 12 8 9 -11 -12 -13 -14 -15 -16
leaf_value=-0.048014979389539837 0 0.24118158404029041 -0.046143280218903376 0.22393079466498766 -0.049238812503493275 -0.047125359483670748 -0.040563856737024895 -0.031086759546559362 0.21916594201129946 -0.0096396743754357719 0.24446917703978199 -0.040906496832022507 0 -0.037687057096161346 0
leaf_weight=31.38049428910017 0.66380026191472996 12.093942984938623 14.01347950845957 4.6763246208429328 141.40445243194699 19.175062347203493 5.0152811929583549 2.1789125055074696 5.6966303810477257 0.74289922416209986 21.252016618847847 5.2451110780239096 0.67307054996490379 3.6622819155454662 0.70223611593246449
leaf_count=490 10 75 219 29 2205 294 78 33 42 11 133 82 9 56 10
internal_value=-2.28148e-05 0.0931492 -0.0331259 0.0242024 -0.0392704 -0.0018647 0.0418174 0.0751206 0.125 0.190374 0.207723 0.155693 -0.0336537 -0.0289826 -0.0202663
internal_weight=268.576 69.9716 198.604 18.6898 179.915 38.5102 19.3351 13.6468 9.32068 6.43953 38.5911 17.3391 5.68835 4.32608 2.88115
internal_count=3776 780 2996 248 2748 543 249 162 96 53 290 157 87 66 43
is_linear=0
shrinkage=0.05


Tree=33
num_leaves=4
num_cat=0
split_feature=28 5 28
split_gain=1302.19 4.91287 41.5523
threshold=0.025678073902079528 -1.049168995273267 -0.20915210465647124
decision_type=2 2 2
left_child=1 2 -1
right_child=-2 -3 -4
leaf_value=-0.045067912792834397 0.24808913773311347 -0.049285729918449157 0.25043816516819473
leaf_weight=10.513839855790135 44.287737742066383 209.74156669154763 0.82575529068708498
leaf_count=164 278 3326 8
internal_value=0.00210664 -0.0475052 -0.0117699
internal_weight=265.369 221.081 11.3396
internal_count=3776 3498 172
is_linear=0
shrinkage=0.05


Tree=34
num_leaves=6
num_cat=0
split_feature=14 39 14 12 46
split_gain=1097.91 11.3762 5.9102 12.7574 2.69166
threshold=0.024814677357773523 -0.21850522894733479 -0.078158987114610418 -0.30180744401882559 1.1204487453653302
decision_type=2 2 2 2 2
left_child=2 -2 4 -4 -1
right_child=1 -3 3 -5 -6
leaf_value=-0.048465790511666079 0 0.26059494358792107 -0.034999829331476849 0.14946152046805386 0.00798493723164166
leaf_weight=185.41372653096914 0.5855727419257154 34.217385292053223 3.0288738161325459 0.74950709193944831 1.2361173331737507
leaf_count=3462 9 220 56 9 20
internal_value=0.000596335 0.256861 -0.0466581 0.00893872 -0.047938
internal_weight=225.231 34.803 190.428 3.77838 186.65
internal_count=3776 229 3547 65 3482
is_linear=0
shrinkage=0.05


Tree=35
num_leaves=5
num_cat=0
split_feature=26 7 26 26
split_gain=1230.15 6.7377 42.8468 0.711931
threshold=0.050020555625408726 -0.97307161659744723 -0.22590044214168895 -0.24549254867395884
decision_type=2 2 2 2
left_child=1 2 3 -1
right_child=-2 -3 -4 -5
leaf_value=-0.045856662802273664 0.24941005217686604 -0.049243701318767041 0.20795962859365447 0
leaf_weight=12.901519283652304 41.148568332195282 205.31117177382112 1.4210157319903363 1.0806185007095326
leaf_count=202 256 3290 12 16
internal_value=3.36125e-05 -0.0468042 -0.0121893 -0.0426969
internal_weight=261.863 220.714 15.4032 13.9821
internal_count=3776 3520 230 218
is_linear=0
shrinkage=0.05


Tree=36
num_leaves=5
num_cat=0
split_feature=21 7 21 21
split_gain=1285.19 10.4396 32.4947 0.857491
threshold=-0.060684639219044885 -1.0656357191958052 -0.23911959978443822 -0.25022009648822291
decision_type=2 2 2 2
left_child=1 2 3 -1
right_child=-2 -3 -4 -5
leaf_value=-0.041491531777872639 0.24645231834814929 -0.049431925537960476 0.22616494726791472 0
leaf_weight=5.5247445479035369 43.831024006009102 222.91026838868856 0.93813267350196827 0.69748787581920613
leaf_count=82 269 3408 8 9
internal_value=-1.1097e-05 -0.0475062 0.00849451 -0.034986
internal_weight=273.902 230.071 7.16037 6.22223
internal_count=3776 3507 99 91
is_linear=0
shrinkage=0.05


Tree=37
num_leaves=4
num_cat=0
split_feature=24 7 24
split_gain=1236.98 14.1021 57.2667
threshold=0.052200713399013686 -1.0330375764001005 -0.23411998404593962
decision_type=2 2 2
left_child=1 2 -1
right_child=-2 -3 -4
leaf_value=-0.044571588332174832 0.24756571671844285 -0.049365762402590052 0.23565172571858084
leaf_weight=9.0653823390603048 41.894758157432079 216.52206359431148 1.7455517575144757
leaf_count=135 263 3365 13
internal_value=-0.000334215 -0.046572 0.00688041
internal_weight=269.228 227.333 10.8109
internal_count=3776 3513 148
is_linear=0
shrinkage=0.05


Tree=38
num_leaves=5
num_cat=0
split_feature=11 11 54 12
split_gain=1088.59 53.6304 138.668 3.4905
threshold=1.9572722054416656 0.39111280430925138 -0.75431068484562347 -0.28178485752223686
decision_type=2 2 2 2
left_child=1 -1 3 -3
right_child=-2 2 -4 -5
leaf_value=-0.049187995585685179 0.2494732038769889 -0.04638425657407394 0.24007151992409767 0.037587809589333526
leaf_weight=199.45756588876247 37.241666153073311 15.671272519975904 5.4368481040000907 0.64166723936796266
leaf_count=3242 234 253 38 9
internal_value=0.00115123 -0.0410109 0.0322739 -0.0405747
internal_weight=258.449 221.207 21.7498 16.3129
internal_count=3776 3542 300 262
is_linear=0
shrinkage=0.05


Tree=39
num_leaves=8
num_cat=0
split_feature=12 13 42 52 42 6 13
split_gain=479.682 495.973 136.773 77.0321 102.853 4.60758 0.495506
threshold=-0.29621121795630795 -0.23464596741588287 0.16547813537603231 0.8322947060160758 0.098056673322155147 -0.84603026408206106 -0.1983577545184067
decision_type=2 2 2 2 2 2 2
left_child=-1 2 5 6 -5 -2 -3
right_child=1 3 -4 4 -6 -7 -8
leaf_value=-0.049245037256483395 0.0032321727571914607 0 -0.039517326311931673 0.26775668668040881 -0.041006478723789805 0.24591447781215178 -0.045911675995685609
leaf_weight=171.26036047562957 0.42021462321281333 1.3087512776255597 4.4580796882510176 4.6126877442002279 5.2236825078725815 38.486851863563061 40.049204748123884
leaf_count=2706 5 19 70 33 79 241 623
internal_value=0.000535628 0.0907431 0.214167 -0.0143823 0.107315 0.244002 -0.0448596
internal_weight=265.82 94.5595 43.3651 51.1943 9.83637 38.9071 41.358
internal_count=3776 1070 316 754 112 246 642
is_linear=0
shrinkage=0.05


Tree=40
num_leaves=4
num_cat=0
split_feature=13 42 7
split_gain=1236.02 14.853 2.87515
threshold=1.0572812169062491 1.6669533464493196 0.78759702355612216
decision_type=2 2 2
left_child=1 -1 -2
right_child=2 -3 -4
leaf_value=-0.048896132850477815 0.24921929245774022 0.13358251637848723 0.099253585437781469
leaf_weight=223.41676319018006 40.673780992627144 0.58286996185779472 1.7936310619115818
leaf_count=3501 252 6 17
internal_value=-0.000899211 -0.0480135 0.244696
internal_weight=266.467 224 42.4674
internal_count=3776 3507 269
is_linear=0
shrinkage=0.05


Tree=41
num_leaves=7
num_cat=0
split_feature=10 54 41 42 6 10
split_gain=819.21 312.32 52.3683 70.3891 5.73005 3.33414
threshold=-1.4060946884782781 -0.75431068484562347 0.57283332383352381 1.002943429886807 -0.98356166893835051 -1.3796186393392802
decision_type=2 2 2 2 2 2
left_child=1 4 5 -4 -1 -2
right_child=2 -3 3 -5 -6 -7
leaf_value=0.065596769935271249 9.4335493728188444e-05 -0.045380763639870675 -0.041420509906841679 0.22125419425609416 0.25317466467976885 -0.049287311007098079
leaf_weight=1.1981678083538998 2.4481272250413886 11.390438459813593 5.613685265183447 3.8295639753341675 37.10799503326416 202.72408464550972
leaf_count=12 34 179 88 24 233 3206
internal_value=-0.000635166 0.181151 -0.0431693 0.0683582 0.248872 -0.0485777
internal_weight=264.312 49.6966 214.615 9.44325 38.3062 205.172
internal_count=3776 424 3352 112 245 3240
is_linear=0
shrinkage=0.05


Tree=42
num_leaves=2
num_cat=0
split_feature=9
split_gain=1083.35
threshold=-1.2850973392307055
decision_type=2
left_child=-1
right_child=-2
leaf_value=0.19213817217108464 -0.04952057451407077
leaf_weight=57.392598211765289 232.62743753939867
leaf_count=293 3483
internal_value=-0.00136385
internal_weight=290.02
internal_count=3776
is_linear=0
shrinkage=0.05


Tree=43
num_leaves=2
num_cat=0
split_feature=17
split_gain=977.54
threshold=-0.21577540952747912
decision_type=2
left_child=-1
right_child=-2
leaf_value=-0.049069635107586683 0.19734332344690775
leaf_weight=208.23769629001617 49.36083260178566
leaf_count=3519 257
internal_value=-0.00146448
internal_weight=257.599
internal_count=3776
is_linear=0
shrinkage=0.05


Tree=44
num_leaves=8
num_cat=0
split_feature=31 31 7 46 46 31 31
split_gain=946.004 7.57056 24.3515 2.08799 0.404343 0.0400248 0.345157
threshold=0.022232060841922929 -0.12184048238702998 0.11224617815614139 0.94926502177408389 1.337281461914243 -0.14441128530488201 -0.13797578356574589
decision_type=2 2 2 2 2 2 2
left_child=1 3 -3 5 -5 -1 -7
right_child=-2 2 -4 4 -6 6 -8
leaf_value=-0.048769194444336417 0.1971205703532265 0.19180727822017907 -0.040021621509286037 0.022858793039161995 -0.014424618303111654 0 -0.024199149822222678
leaf_weight=197.27890945225954 48.870147131383419 0.9310271292924871 4.7840760238468647 0.8714199662208546 0.91422668844461441 0.6023667305707926 1.4778776355087755
leaf_count=3369 260 7 79 12 14 10 25
internal_value=0.000322762 -0.0464129 0.0061148 -0.0480408 0 -0.0485248 -0.0106989
internal_weight=255.73 206.86 5.7151 201.145 1.78565 199.359 2.08024
internal_count=3776 3516 86 3430 26 3404 35
is_linear=0
shrinkage=0.05


Tree=45
num_leaves=3
num_cat=0
split_feature=14 11
split_gain=813.189 281.452
threshold=-0.22342537014154873 -0.10022939013777639
decision_type=2 2
left_child=-1 -2
right_child=1 -3
leaf_value=-0.049364860849738512 -0.046370782171518243 0.19535021066014274
leaf_weight=209.69667974859476 14.826872251927851 56.925235003232956
leaf_count=3253 229 294
internal_value=0.000287225 0.14508
internal_weight=281.449 71.7521
internal_count=3776 523
is_linear=0
shrinkage=0.05


Tree=46
num_leaves=13
num_cat=0
split_feature=13 25 31 25 11 5 41 10 25 31 24 41
split_gain=284.627 341.155 109.948 26.6691 87.5029 25.5827 28.2122 17.3931 25.0774 21.9545 11.714 0.872852
threshold=-0.53167383456678885 -0.46295447370996012 2.275377273970927 1.3761110816177382 -0.37014451122621156 -0.8490645306967427 -0.42870941115104594 0.49111579720386672 -0.74803596974773778 -0.2452451829628742 -0.20897839553120795 -0.42870950868322411
decision_type=2 2 2 2 2 2 2 2 2 2 2 2
left_child=1 -1 -3 5 -5 6 7 8 -2 10 -10 -9
right_child=3 2 -4 4 -6 -7 -8 11 9 -11 -12 -13
leaf_value=-0.047731337391943171 -0.037596457323835569 0.19763631275788585 -0.040617146705352554 -0.045776945355103994 0.18262041860473291 -0.049015494122851049 -0.046809644014359282 -0.04013265676788666 0.15558645442841401 -0.029808451177447806 -0.011513005637688953 0
leaf_weight=29.649687312543392 3.6670773848891267 39.437840402126312 5.1432140767574301 13.272927492856981 5.4941453784704199 133.457549482584 18.190631691366434 4.847771879285574 7.9831048846244794 1.9874743744730956 0.81001265719532956 0.59898609668016334
leaf_count=490 58 206 84 219 29 2205 294 79 62 29 13 8
internal_value=0 0.0826283 0.169449 -0.0324844 0.0227939 -0.0387259 -0.00185318 0.0381671 0.0668304 0.10466 0.137712 -0.0328855
internal_weight=264.54 74.2307 44.5811 190.31 18.7671 171.543 38.0851 19.8944 14.4477 10.7806 8.79312 5.44676
internal_count=3776 780 290 2996 248 2748 543 249 162 104 75 87
is_linear=0
shrinkage=0.05


Tree=47
num_leaves=4
num_cat=0
split_feature=28 5 28
split_gain=1006.6 4.9898 34.4404
threshold=0.025678073902079528 -1.049168995273267 -0.20915210465647124
decision_type=2 2 2
left_child=1 2 -1
right_child=-2 -3 -4
leaf_value=-0.044685152330787944 0.19629751023283593 -0.049077574941122866 0.20826710807838925
leaf_weight=10.002358771860598 52.711719587445259 198.06635786220431 1.032818630337714
leaf_count=164 278 3326 8
internal_value=0.00200184 -0.0472097 -0.0108419
internal_weight=261.813 209.102 11.0352
internal_count=3776 3498 172
is_linear=0
shrinkage=0.05


Tree=48
num_leaves=6
num_cat=0
split_feature=14 14 12 39 46
split_gain=843.319 5.87464 15.9138 5.69007 2.64849
threshold=0.024814677357773523 -0.078158987114610418 -0.2690846258729182 -0.21850522894733479 1.1204487453653302
decision_type=2 2 2 2 2
left_child=1 4 -3 -2 -1
right_child=3 2 -4 -5 -6
leaf_value=-0.048277131019675755 0 -0.035546305517749538 0.18217357422700153 0.20389327220859813 0.0073414432471311424
leaf_weight=175.13594738394022 0.56247004121541877 3.1781182363629346 0.5696040615439405 41.212595120072365 1.2545231990516175
leaf_count=3462 9 60 5 220 20
internal_value=0.000560524 -0.0463756 0.00920731 0.2017 -0.0477206
internal_weight=221.913 180.138 3.74772 41.7751 176.39
internal_count=3776 3547 65 229 3482
is_linear=0
shrinkage=0.05


Tree=49
num_leaves=5
num_cat=0
split_feature=26 7 26 26
split_gain=951.414 6.76409 35.6504 0.71211
threshold=0.050020555625408726 -0.97307161659744723 -0.22590044214168895 -0.24549254867395884
decision_type=2 2 2 2
left_child=1 2 3 -1
right_child=-2 -3 -4 -5
leaf_value=-0.045523187851640369 0.19724531196285011 -0.04903714511763247 0.17402692401358633 0
leaf_weight=12.295411705970762 49.00609502196312 193.8413456864655 1.6939419507980336 1.0677443519234646
leaf_count=202 256 3290 12 16
internal_value=2.36349e-05 -0.0464843 -0.0114927 -0.0422413
internal_weight=257.905 208.898 15.0571 13.3632
internal_count=3776 3520 230 218
is_linear=0
shrinkage=0.05


Tree=50
num_leaves=4
num_cat=0
split_feature=21 7 21
split_gain=997.308 9.58643 22.8155
threshold=-0.077859661017409515 -1.0780044190313618 -0.24778315296193945
decision_type=2 2 2
left_child=1 2 -1
right_child=-2 -3 -4
leaf_value=-0.040009441065704164 0.19457196003672464 -0.049217636637494601 0.16365572818614252
leaf_weight=4.6925118900835505 52.426048189401627 211.19727986678481 1.3468838259577749
leaf_count=73 274 3418 11
internal_value=-6.70428e-06 -0.0474185 0.0106284
internal_weight=269.663 217.237 6.0394
internal_count=3776 3502 84
is_linear=0
shrinkage=0.05


Tree=51
num_leaves=4
num_cat=0
split_feature=24 7 24
split_gain=958.022 13.7725 46.0413
threshold=0.052200713399013686 -1.0330375764001005 -0.23411998404593962
decision_type=2 2 2
left_child=1 2 -1
right_child=-2 -3 -4
leaf_value=-0.044181328961530111 0.19600560279279045 -0.049152657056284438 0.19388620034820331
leaf_weight=8.6559327505528909 49.836691543459892 204.45723060145974 2.0996117666363707
leaf_count=135 263 3365 13
internal_value=-0.000314108 -0.0462406 0.00661963
internal_weight=265.049 215.213 10.7555
internal_count=3776 3513 148
is_linear=0
shrinkage=0.05


Tree=52
num_leaves=5
num_cat=0
split_feature=11 11 54 9
split_gain=836.083 51.0342 105.182 3.37916
threshold=1.9572722054416656 0.39111280430925138 -0.75431068484562347 -1.1571337413102591
decision_type=2 2 2 2
left_child=1 -1 3 -3
right_child=-2 2 -4 -5
leaf_value=-0.048985602708059947 0.19705941948628003 0.035781690339646753 0.19160472457601768 -0.046044568540518693
leaf_weight=188.35823392868042 44.418956726789474 0.66443967819214123 6.5272877961397162 14.845723655074833
leaf_count=3242 234 9 38 253
internal_value=0.00110416 -0.0405167 0.0302403 -0.0399697
internal_weight=254.815 210.396 22.0375 15.5102
internal_count=3776 3542 300 262
is_linear=0
shrinkage=0.05


Tree=53
num_leaves=8
num_cat=0
split_feature=34 12 52 34 7 46 2
split_gain=951.85 12.3279 11.0991 6.24161 16.1097 3.96021 1.67409
threshold=0.18174571950635496 -0.29621121795630795 1.3288362185434177 -0.035790165331471641 0.22048510578093092 0.94926502177408389 -1.4560311882098305
decision_type=2 2 2 2 2 2 2
left_child=2 -2 3 5 -5 -1 -7
right_child=1 -3 -4 4 -6 6 -8
leaf_value=-0.04886835939918404 -0.0010581738321826296 0.19786465645693577 0.091463925290247605 0.151808119505558 -0.038537096042233279 0.052832200565791 -0.016717371388414677
leaf_weight=203.94389397650957 0.53214884921908279 49.652567729353905 0.89571388065814872 0.95457696914672752 4.0903413444757462 0.95285990089178074 1.0012734122574318
leaf_count=3397 10 259 10 6 68 12 14
internal_value=0.000494153 0.195272 -0.0458824 -0.0467987 0.0034118 -0.0481554 0.0108635
internal_weight=262.023 50.1847 211.839 210.943 5.04492 205.898 1.95413
internal_count=3776 269 3507 3497 74 3423 26
is_linear=0
shrinkage=0.05


Tree=54
num_leaves=4
num_cat=0
split_feature=13 42 39
split_gain=961.953 13.737 0.857947
threshold=1.0572812169062491 1.6669533464493196 -0.47697173760788247
decision_type=2 2 2
left_child=1 -1 -2
right_child=2 -3 -4
leaf_value=-0.048662023170300633 0.19775961702018008 0.12077201888433459 0.089569477430382419
leaf_weight=211.093664791435 48.12168775498867 0.65913577377796073 2.2491751462221137
leaf_count=3501 251 6 18
internal_value=-0.000837457 -0.0477336 0.194348
internal_weight=262.124 211.753 50.3709
internal_count=3776 3507 269
is_linear=0
shrinkage=0.05


Tree=55
num_leaves=4
num_cat=0
split_feature=11 54 11
split_gain=696.775 302.737 2.83332
threshold=0.39111280430925138 -0.75431068484562347 0.36516487357309785
decision_type=2 2 2
left_child=2 -2 -1
right_child=1 -3 -4
leaf_value=-0.049081982368431948 0.19913806990700378 -0.046426261544234418 0.010751935055539903
leaf_weight=192.68150747567415 50.040253788232803 16.27518630027771 1.1435196213424195
leaf_count=3225 265 269 17
internal_value=-0.000588477 0.138601 -0.0485736
internal_weight=260.14 66.3154 193.825
internal_count=3776 534 3242
is_linear=0
shrinkage=0.05


Tree=56
num_leaves=2
num_cat=0
split_feature=9
split_gain=886.062
threshold=-1.2850973392307055
decision_type=2
left_child=-1
right_child=-2
leaf_value=0.16098705849650527 -0.04929575033921365
leaf_weight=64.36546428501606 219.47109695523977
leaf_count=293 3483
internal_value=-0.00132287
internal_weight=283.837
internal_count=3776
is_linear=0
shrinkage=0.05


Tree=57
num_leaves=2
num_cat=0
split_feature=17
split_gain=795.675
threshold=-0.21577540952747912
decision_type=2
left_child=-1
right_child=-2
leaf_value=-0.048873394921745458 0.16444631719008676
leaf_weight=196.42695213854313 55.682488083839417
leaf_count=3519 257
internal_value=-0.00142705
internal_weight=252.109
internal_count=3776
is_linear=0
shrinkage=0.05


Tree=58
num_leaves=8
num_cat=0
split_feature=31 31 7 46 46 31 31
split_gain=766.926 7.50301 20.3938 2.05374 0.367028 0.0754771 0.32555
threshold=0.022232060841922929 -0.12184048238702998 0.11224617815614139 0.94926502177408389 1.337281461914243 -0.14441128530488201 -0.13797578356574589
decision_type=2 2 2 2 2 2 2
left_child=1 3 -3 5 -5 -1 -7
right_child=-2 2 -4 4 -6 6 -8
leaf_value=-0.048559938920507237 0.16418966710268434 0.16499637866609274 -0.039393884465603796 0.021415263977092383 -0.014055701806436331 0 -0.023369815103492855
leaf_weight=186.13108469173312 55.172612570226192 1.0954417288303364 4.5333399139344692 0.89731338620185741 0.90077996253967285 0.59666730090975706 1.4214002005755899
leaf_count=3369 260 7 79 12 14 10 25
internal_value=0.000314097 -0.046089 0.00651994 -0.0477923 0 -0.0483021 -0.00967065
internal_weight=250.749 195.576 5.62878 189.947 1.79809 188.149 2.01807
internal_count=3776 3516 86 3430 26 3404 35
is_linear=0
shrinkage=0.05


Tree=59
num_leaves=3
num_cat=0
split_feature=14 11
split_gain=686.332 208.07
threshold=-0.22342537014154873 -0.10022939013777639
decision_type=2 2
left_child=-1 -2
right_child=1 -3
leaf_value=-0.049148498028809808 -0.046013065338407245 0.16368978824166558
leaf_weight=197.86507894098759 14.043476544320582 63.919118091464043
leaf_count=3253 229 294
internal_value=0.000275818 0.125545
internal_weight=275.828 77.9626
internal_count=3776 523
is_linear=0
shrinkage=0.05


Tree=60
num_leaves=6
num_cat=0
split_feature=32 1 32 32 32
split_gain=808.537 6.94506 21.2203 0.266896 0.0217982
threshold=-0.0044935564972418242 -1.3233021248698018 -0.22349611166549385 -0.24843806083186923 -0.24226434705568203
decision_type=2 2 2 2 2
left_child=1 2 3 -1 -5
right_child=-2 -3 -4 4 -6
leaf_value=-0.041591485960568997 0.1651531455775975 -0.048956605824549554 0.16324632678573214 0 -0.0068510737509297759
leaf_weight=5.7960667349398118 57.14027564227581 194.15255815535784 1.1070429384708402 0.70617328584194161 0.66103120893239975
leaf_count=94 270 3384 7 11 10
internal_value=-1.00806e-05 -0.0470479 0 -0.0365261 0
internal_weight=259.563 202.423 8.27031 7.16327 1.3672
internal_count=3776 3506 122 115 21
is_linear=0
shrinkage=0.05


Tree=61
num_leaves=4
num_cat=0
split_feature=28 5 28
split_gain=816.299 5.04175 29.2225
threshold=0.025678073902079528 -1.049168995273267 -0.20915210465647124
decision_type=2 2 2
left_child=1 2 -1
right_child=-2 -3 -4
leaf_value=-0.044300383516919249 0.16366613924426973 -0.048878288882888005 0.17793195756738686
leaf_weight=9.5113279670476896 59.443982005119324 186.80396637320518 1.2222686856985081
leaf_count=164 278 3326 8
internal_value=0.0019172 -0.0469212 -0.00997535
internal_weight=256.982 197.538 10.7336
internal_count=3776 3498 172
is_linear=0
shrinkage=0.05


Tree=62
num_leaves=8
num_cat=0
split_feature=39 13 21 19 39 39 39
split_gain=391.644 216.158 79.4106 17.5055 0.0369227 4.05596 0.132427
threshold=-0.30279680760908595 -0.39686092166450643 -0.24150565847861075 -1.0905347891824193 -0.46311111038113134 -0.38934348842094679 -0.3983762064826552
decision_type=2 2 2 2 2 2 2
left_child=4 -2 3 -3 -1 6 -6
right_child=1 2 -4 -5 5 -7 -8
leaf_value=-0.048323435805786706 -0.046210711406707496 -0.015325730477698241 -0.039462092669016437 0.16978403779565759 0.048409719874799056 -0.041483641934346636 0
leaf_weight=130.05806118622422 19.455146133899689 0.97711798176169296 4.8286082446575156 47.73202159255743 0.52145770937204361 13.175294388085602 0.78636981919407734
leaf_count=2718 409 20 100 230 10 273 16
internal_value=0.000544505 0.094689 0.146307 0.165445 -0.0469884 -0.0321185 0.0337786
internal_weight=217.534 72.9929 53.5377 48.7091 144.541 14.4831 1.30783
internal_count=3776 759 350 250 3017 299 26
is_linear=0
shrinkage=0.05


Tree=63
num_leaves=5
num_cat=0
split_feature=26 7 26 26
split_gain=771.893 6.76668 30.5312 1.81725
threshold=0.050020555625408726 -0.97307161659744723 -0.19442653668686802 -0.24549254867395884
decision_type=2 2 2 2
left_child=1 2 3 -1
right_child=-2 -3 -4 -5
leaf_value=-0.045192992513419433 0.16440285523199707 -0.048839183388719197 0.17007951705221236 0
leaf_weight=11.718231528997419 55.282660901546478 182.77289540693164 1.4947326630353917 1.4929982125759114
leaf_count=202 256 3290 9 19
internal_value=2.0411e-05 -0.0461699 -0.0108353 -0.0385833
internal_weight=252.762 197.479 14.706 13.2112
internal_count=3776 3520 230 221
is_linear=0
shrinkage=0.05


Tree=64
num_leaves=5
num_cat=0
split_feature=21 7 21 21
split_gain=811.142 10.1033 22.6008 0.847437
threshold=-0.060684639219044885 -1.0656357191958052 -0.23911959978443822 -0.24942064207819889
decision_type=2 2 2 2
left_child=1 2 3 -1
right_child=-2 -3 -4 -5
leaf_value=-0.040632421594683339 0.16327645337036301 -0.04900940554332929 0.16600831497466134 0
leaf_weight=5.1289411522448054 58.556907489895821 198.58382302522659 1.3087430447340009 0.66085948050022114
leaf_count=83 269 3408 8 8
internal_value=-5.83219e-06 -0.0468961 0.00826914 -0.0337742
internal_weight=264.239 205.682 7.09854 5.7898
internal_count=3776 3507 99 91
is_linear=0
shrinkage=0.05


Tree=65
num_leaves=4
num_cat=0
split_feature=24 7 24
split_gain=777.871 13.3845 38.1155
threshold=0.052200713399013686 -1.0330375764001005 -0.23411998404593962
decision_type=2 2 2
left_child=1 2 -1
right_child=-2 -3 -4
leaf_value=-0.04379474690394055 0.16345446386319212 -0.048948588930181315 0.16471332254829368
leaf_weight=8.2674695998430234 56.188274331390858 192.8087971508503 2.4086425453424445
leaf_count=135 263 3365 13
internal_value=-0.000292568 -0.0459204 0.00627437
internal_weight=259.673 203.485 10.6761
internal_count=3776 3513 148
is_linear=0
shrinkage=0.05


Tree=66
num_leaves=5
num_cat=0
split_feature=11 11 54 9
split_gain=673.849 48.5339 83.0334 3.28929
threshold=1.9572722054416656 0.39111280430925138 -0.75431068484562347 -1.1571337413102591
decision_type=2 2 2 2
left_child=1 -1 3 -3
right_child=-2 2 -4 -5
leaf_value=-0.048791881719128655 0.16403816558871531 0.034533030668425974 0.15950638770653927 -0.045694530241592465
leaf_weight=177.66381306946278 50.178651183843613 0.68067444115877407 7.4577349424362174 14.032703269273041
leaf_count=3242 234 9 38 253
internal_value=0.00106302 -0.0400426 0.0284952 -0.0393268
internal_weight=250.014 199.835 22.1711 14.7134
internal_count=3776 3542 300 262
is_linear=0
shrinkage=0.05


Tree=67
num_leaves=8
num_cat=0
split_feature=34 52 12 34 7 46 2
split_gain=771.933 10.3517 8.69495 6.1634 13.8107 3.86604 1.53106
threshold=0.18174571950635496 1.3288362185434177 -0.29621121795630795 -0.035790165331471641 0.22048510578093092 0.94926502177408389 -1.4560311882098305
decision_type=2 2 2 2 2 2 2
left_child=1 3 -2 5 -5 -1 -7
right_child=2 -3 -4 4 -6 6 -8
leaf_value=-0.048654403746404229 0 0.083349419767524857 0.16478564380870958 0.133977787051452 -0.037871979902244751 0.049426243074177541 -0.016487480941369547
leaf_weight=192.41989322379231 0.50704866275191207 0.97237549722194572 56.041551202535629 1.077651098370551 3.8815167136490345 0.99966008216142654 0.99177225679159053
leaf_count=3397 10 10 259 6 68 12 14
internal_value=0.000480637 -0.0455267 0.162886 -0.0464873 0.00374297 -0.0479032 0.00984454
internal_weight=256.891 200.343 56.5486 199.37 4.95917 194.411 1.99143
internal_count=3776 3507 269 3497 74 3423 26
is_linear=0
shrinkage=0.05


Tree=68
num_leaves=6
num_cat=0
split_feature=13 43 7 7 54
split_gain=783.633 14.5466 0.076569 0.925667 0.059794
threshold=1.0572812169062491 2.0687383735616067 -1.0780044190313618 -1.1004274910894456 -0.71117960341215991
decision_type=2 2 2 2 2
left_child=1 2 3 -1 -2
right_child=4 -3 -4 -5 -6
leaf_value=-0.036505338935962438 0.16516372487047459 0.13241232550428095 -0.0489279045416946 0 0.081398705686632711
leaf_weight=3.3987605236470699 53.99981901049614 0.57959640026092429 194.23566769808531 1.7215117327868927 2.7067617028951636
leaf_count=59 250 4 3415 29 19
internal_value=-0.000777373 -0.0474582 -0.0484362 -0.0226427 0.162349
internal_weight=256.642 199.936 199.356 5.12027 56.7066
internal_count=3776 3507 3503 88 269
is_linear=0
shrinkage=0.05


Tree=69
num_leaves=3
num_cat=0
split_feature=11 54
split_gain=588.913 234.833
threshold=0.36516487357309785 -0.75431068484562347
decision_type=2 2
left_child=-1 -2
right_child=1 -3
leaf_value=-0.048882291241787584 0.1664421643169306 -0.046269366933667087
leaf_weight=181.74834811687469 56.821566365659237 16.312090296298265
leaf_count=3225 267 284
internal_value=-0.000571207 0.118666
internal_weight=254.882 73.1337
internal_count=3776 551
is_linear=0
shrinkage=0.05


Tree=70
num_leaves=2
num_cat=0
split_feature=9
split_gain=763.352
threshold=-1.2850973392307055
decision_type=2
left_child=-1
right_child=-2
leaf_value=0.13938317613379556 -0.049079128103993383
leaf_weight=72.384697467088699 203.93590004369617
leaf_count=304 3434
internal_value=0.000362563
internal_weight=276.321
internal_count=3738
is_linear=0
shrinkage=0.05


Tree=71
num_leaves=3
num_cat=0
split_feature=37 14
split_gain=501.585 170.978
threshold=1.0000000180025095e-35 -0.22342537014154873
decision_type=2 2
left_child=-1 -2
right_child=1 -3
leaf_value=-0.048664156334657746 0.14241975189413941 -0.045615781017131478
leaf_weight=168.36886061728001 61.138455539941788 14.552084712311624
leaf_count=3196 260 282
internal_value=-0.000514966 0.105878
internal_weight=244.059 75.6905
internal_count=3738 542
is_linear=0
shrinkage=0.05


Tree=72
num_leaves=6
num_cat=0
split_feature=31 31 7 46 46
split_gain=631.338 7.85782 16.812 1.94329 0.269226
threshold=0.022232060841922929 -0.12184048238702998 0.13418428568659777 0.94926502177408389 1.337281461914243
decision_type=2 2 2 2 2
left_child=1 3 -3 -1 -5
right_child=-2 2 -4 4 -6
leaf_value=-0.048078622611669099 0.14196852186004902 0.14396937388525974 -0.037914346119351787 0.016576371899416863 -0.013729770049003854
leaf_weight=175.98681462556124 58.755360513925552 1.2482199072837818 3.9445241205394268 0.99658218026161083 0.88902310654520988
leaf_count=3378 253 7 73 13 14
internal_value=0 -0.0457403 0.0102198 -0.0475382 0
internal_weight=241.821 183.065 5.19274 177.872 1.88561
internal_count=3738 3485 80 3405 27
is_linear=0
shrinkage=0.05


Tree=73
num_leaves=3
num_cat=0
split_feature=14 11
split_gain=565.396 163.318
threshold=-0.22342537014154873 -0.10022939013777639
decision_type=2 2
left_child=-1 -2
right_child=1 -3
leaf_value=-0.048938796624642227 -0.045733105119270624 0.14160715000742402
leaf_weight=184.59356141090393 13.586993545293806 66.779967561364174
leaf_count=3221 234 283
internal_value=-0.000659886 0.109539
internal_weight=264.961 80.367
internal_count=3738 517
is_linear=0
shrinkage=0.05


Tree=74
num_leaves=5
num_cat=0
split_feature=32 1 32 41
split_gain=653.772 11.0872 30.9208 0.796458
threshold=1.0000000180025095e-35 -1.3118659812430378 -0.22349611166549385 -0.42870994170367666
decision_type=2 2 2 2
left_child=1 2 3 -1
right_child=-2 -3 -4 -5
leaf_value=0 0.14274910895799608 -0.048754954899621401 0.17402925331780073 -0.042735087066924526
leaf_weight=0.84336202964186568 59.966138951480389 180.34653536975384 1.672034718096256 6.9895007498562327
leaf_count=13 257 3340 10 118
internal_value=-0.000378499 -0.0459741 0.00409121 -0.03745
internal_weight=249.818 189.851 9.5049 7.83286
internal_count=3738 3481 141 131
is_linear=0
shrinkage=0.05


Tree=75
num_leaves=5
num_cat=0
split_feature=28 5 28 28
split_gain=636.864 9.59252 30.7967 1.08289
threshold=0.025678073902079528 -1.049168995273267 -0.20915210465647124 -0.2362180797808642
decision_type=2 2 2 2
left_child=1 2 3 -1
right_child=-2 -3 -4 -5
leaf_value=-0.043699852938808695 0.14132270463140689 -0.048685188071209848 0.16667882355870794 0
leaf_weight=8.6410071104764903 59.608768314123154 174.85969864577055 1.7404034137725819 0.60319457948207933
leaf_count=156 255 3306 10 11
internal_value=-9.49808e-05 -0.0458458 0 -0.0389054
internal_weight=245.453 185.844 10.9846 9.2442
internal_count=3738 3483 177 167
is_linear=0
shrinkage=0.05


Tree=76
num_leaves=5
num_cat=0
split_feature=14 14 46 46
split_gain=573.199 6.84756 25.5216 1.30334
threshold=0.024814677357773523 -0.13329676906093119 -1.0000000180025095e-35 1.4171671995901582
decision_type=2 2 2 2
left_child=1 3 -3 -1
right_child=-2 2 -4 -5
leaf_value=-0.047906949487965762 0.14423256166799531 -0.040263769749480885 0.19701305208193409 0
leaf_weight=151.97989803925157 52.573352996259928 5.4211376905441284 0.89705386757850547 0.61962102353572746
leaf_count=3371 231 119 7 10
internal_value=0.00179827 -0.0454698 0.00173514 -0.0475868
internal_weight=211.491 158.918 6.31819 152.6
internal_count=3738 3507 126 3381
is_linear=0
shrinkage=0.05


Tree=77
num_leaves=5
num_cat=0
split_feature=26 26 12 46
split_gain=631.672 6.93568 20.6472 2.10966
threshold=0.050020555625408726 -0.14410603713935813 -0.28178485752223686 1.086212000647081
decision_type=2 2 2 2
left_child=1 3 -3 -1
right_child=-2 2 -4 -5
leaf_value=-0.048402827199039593 0.14165668288167485 -0.041564567721765512 0.1407543934168681 0
leaf_weight=175.49158178269863 58.777570426464081 6.255497008562088 1.5163295865058888 1.6430230103433121
leaf_count=3334 250 122 8 24
internal_value=-0.000320118 -0.0458465 0 -0.0478693
internal_weight=243.684 184.906 7.77183 177.135
internal_count=3738 3488 130 3358
is_linear=0
shrinkage=0.05


Tree=78
num_leaves=4
num_cat=0
split_feature=21 7 21
split_gain=678.612 9.51669 23.4403
threshold=-0.060684639219044885 -1.0656357191958052 -0.24778315296193945
decision_type=2 2 2
left_child=1 2 -1
right_child=-2 -3 -4
leaf_value=-0.04129211389782441 0.14095908853606023 -0.048807513153652338 0.14852832523310097
leaf_weight=5.658967074006795 63.880883634090424 184.56786110810935 1.692745693027973
leaf_count=95 270 3363 10
internal_value=0.000346221 -0.0465718 0.00590547
internal_weight=255.8 191.92 7.35171
internal_count=3738 3468 105
is_linear=0
shrinkage=0.05


Tree=79
num_leaves=5
num_cat=0
split_feature=24 7 24 54
split_gain=672.624 3.87184 14.3841 1.12604
threshold=0.027483590083962898 -1.0656357191958052 -0.20897839553120795 0.60774134895723775
decision_type=2 2 2 2
left_child=1 2 -1 -2
right_child=3 -3 -4 -5
leaf_value=-0.042034092043780197 0.14221202882734302 -0.048754494097843513 0.12085126162609977 0.058828112059444042
leaf_weight=6.2512700743973246 61.441202968358994 180.74028021097183 1.1730979084968565 2.4310841187834731
leaf_count=105 261 3347 6 19
internal_value=0.000250849 -0.0472683 -0.00714095 0.139908
internal_weight=252.037 188.165 7.42437 63.8723
internal_count=3738 3458 111 280
is_linear=0
shrinkage=0.05


Tree=80
num_leaves=7
num_cat=0
split_feature=11 11 6 4 49 49
split_gain=556.746 41.8383 61.6935 20.1505 2.8321 0.759276
threshold=1.9572722054416656 0.39111280430925138 -0.69352753484956464 -1.4133813658287024 1.9312567316438591 -0.79573809571034404
decision_type=2 2 2 2 2 2
left_child=1 -1 3 -3 -2 -5
right_child=4 2 -4 5 -6 -7
leaf_value=-0.048603036185325979 0.14346694635803933 -0.031118870106449783 -0.045555922666947211 0 0.047458039185687778 0.14854396602369777
leaf_weight=165.08544681407511 52.68492366373539 1.4818976670503605 13.232340868562458 0.052200194448231652 2.2154584228992453 8.0177641101181525
leaf_count=3197 225 12 250 1 10 43
internal_value=0.0010755 -0.0398021 0.0225666 0.116997 0.140507 0.147341
internal_weight=242.77 187.87 22.7842 9.55186 54.9004 8.06996
internal_count=3738 3503 306 56 235 44
is_linear=0
shrinkage=0.05


Tree=81
num_leaves=5
num_cat=0
split_feature=34 34 12 12
split_gain=614.907 15.9922 72.6248 12.0636
threshold=0.14626911836928294 -0.23121179449146803 -0.2690846258729182 -0.29621121795630795
decision_type=2 2 2 2
left_child=1 -1 -3 -2
right_child=3 2 -4 -5
leaf_value=-0.048723878563386551 -0.013322289603510588 -0.045301889624416627 0.22658594137456409 0.14240836548670338
leaf_weight=171.99009751901031 0.88794295862316985 12.984494209289549 2.4997068792581549 58.550221279263496
leaf_count=3210 17 245 17 249
internal_value=2.09637e-05 -0.0443442 0.00274135 0.139573
internal_weight=246.912 187.474 15.4842 59.4382
internal_count=3738 3472 262 266
is_linear=0
shrinkage=0.05


Tree=82
num_leaves=4
num_cat=0
split_feature=13 42 13
split_gain=630.383 13.3042 1.42225
threshold=1.0572812169062491 2.06991508755958 1.6454633784183186
decision_type=2 2 2
left_child=1 -1 -2
right_child=2 -3 -4
leaf_value=-0.048211927954701958 0.041035112053624277 0.11853621362824979 0.14159509840566545
leaf_weight=186.64109658077359 1.5638448074460018 0.65851977467536826 57.318238213658333
leaf_count=3478 13 4 243
internal_value=-0.00218353 -0.0471785 0.139713
internal_weight=246.182 187.3 58.8821
internal_count=3738 3482 256
is_linear=0
shrinkage=0.05


Tree=83
num_leaves=4
num_cat=0
split_feature=11 54 46
split_gain=518.7 173.433 1.2478
threshold=0.39111280430925138 -0.74611360206791499 1.337281461914243
decision_type=2 2 2
left_child=2 -2 -1
right_child=1 -3 -4
leaf_value=-0.048689110520225058 0.14306108491887423 -0.045752026296161562 0
leaf_weight=169.26892693154514 62.994385659694672 14.559837210923432 0.67261781170964141
leaf_count=3187 272 269 10
internal_value=0.000380902 0.107227 -0.0484043
internal_weight=247.496 77.5542 169.942
internal_count=3738 541 3197
is_linear=0
shrinkage=0.05


Tree=84
num_leaves=2
num_cat=0
split_feature=9
split_gain=653.269
threshold=-1.2850973392307055
decision_type=2
left_child=-1
right_child=-2
leaf_value=0.12343867222557181 -0.048872413346965182
leaf_weight=76.540612772107124 191.8055279571563
leaf_count=304 3434
internal_value=0.000321209
internal_weight=268.346
internal_count=3738
is_linear=0
shrinkage=0.05


Tree=85
num_leaves=2
num_cat=0
split_feature=17
split_gain=575.736
threshold=-0.23682318279820655
decision_type=2
left_child=-1
right_child=-2
leaf_value=-0.048501620033243827 0.12573697906602685
leaf_weight=172.0527053643018 64.87037181854248
leaf_count=3478 260
internal_value=-0.000524855
internal_weight=236.923
internal_count=3738
is_linear=0
shrinkage=0.05


Tree=86
num_leaves=6
num_cat=0
split_feature=31 31 7 46 46
split_gain=537.493 7.69181 14.3171 1.91066 0.244169
threshold=0.022232060841922929 -0.12184048238702998 0.13418428568659777 0.94926502177408389 1.337281461914243
decision_type=2 2 2 2 2
left_child=1 3 -3 -1 -5
right_child=-2 2 -4 4 -6
leaf_value=-0.04786321899361036 0.12525174468103648 0.12719489986705518 -0.037213722501268247 0.015470934912087229 -0.013385234142627066
leaf_weight=165.55790453776717 62.397091180086136 1.3865523636341084 3.7312547229230404 1.0197488889098156 0.87677907198667515
leaf_count=3378 253 7 73 13 14
internal_value=0 -0.0454174 0.0102352 -0.0472925 0
internal_weight=234.969 172.572 5.11781 167.454 1.89653
internal_count=3738 3485 80 3405 27
is_linear=0
shrinkage=0.05


Tree=87
num_leaves=3
num_cat=0
split_feature=14 11
split_gain=493.353 131.06
threshold=-0.22342537014154873 -0.10022939013777639
decision_type=2 2
left_child=-1 -2
right_child=1 -3
leaf_value=-0.048738802587488778 -0.045368658984136785 0.12541937300220332
leaf_weight=173.61882069706917 12.833603184670208 70.706101596355438
leaf_count=3221 234 283
internal_value=-0.000623484 0.0987711
internal_weight=257.159 83.5397
internal_count=3738 517
is_linear=0
shrinkage=0.05


Tree=88
num_leaves=5
num_cat=0
split_feature=32 1 32 41
split_gain=556.623 10.8601 25.9352 0.779707
threshold=1.0000000180025095e-35 -1.3118659812430378 -0.22349611166549385 -0.42870994170367666
decision_type=2 2 2 2
left_child=1 2 3 -1
right_child=-2 -3 -4 -5
leaf_value=0 0.12588356110749022 -0.048565931839303501 0.15045900334654541 -0.042287564013254161
leaf_weight=0.84129582718014617 63.709693439304829 169.53924380615354 1.892279580235481 6.6557837091386309
leaf_count=13 257 3340 10 118
internal_value=-0.000348579 -0.0456599 0.00408686 -0.0368289
internal_weight=242.638 178.929 9.38936 7.49708
internal_count=3738 3481 141 131
is_linear=0
shrinkage=0.05


Tree=89
num_leaves=5
num_cat=0
split_feature=28 5 28 28
split_gain=542.685 9.45467 26.0066 1.07068
threshold=0.025678073902079528 -1.049168995273267 -0.20915210465647124 -0.2362180797808642
decision_type=2 2 2 2
left_child=1 2 3 -1
right_child=-2 -3 -4 -5
leaf_value=-0.04330552133915154 0.12477555285896023 -0.04849976518234686 0.14453665954742498 0
leaf_weight=8.2177240476012194 63.251174628734589 164.37013505771756 1.9577395021915425 0.59740729257464487
leaf_count=156 255 3306 10 11
internal_value=-7.6247e-05 -0.0455344 0 -0.0383112
internal_weight=238.394 175.143 10.7729 8.81513
internal_count=3738 3483 177 167
is_linear=0
shrinkage=0.05


Tree=90
num_leaves=5
num_cat=0
split_feature=14 14 12 46
split_gain=486.638 6.82151 21.5337 1.29306
threshold=0.024814677357773523 -0.13329676906093119 -0.2690846258729182 1.4171671995901582
decision_type=2 2 2 2
left_child=1 3 -3 -1
right_child=-2 2 -4 -5
leaf_value=-0.047729471382176529 0.12700277305990598 -0.039695740486365393 0.17040705668311917 0
leaf_weight=142.94704669341445 55.959915477782488 5.1186454445123672 1.0503410696983326 0.62205731123685737
leaf_count=3371 231 119 7 10
internal_value=0.0017423 -0.0451703 0.00242207 -0.0473902
internal_weight=205.698 149.738 6.16899 143.569
internal_count=3738 3507 126 3381
is_linear=0
shrinkage=0.05


Tree=91
num_leaves=5
num_cat=0
split_feature=26 26 12 46
split_gain=538.275 6.84768 17.7313 2.07621
threshold=0.050020555625408726 -0.14410603713935813 -0.28178485752223686 1.086212000647081
decision_type=2 2 2 2
left_child=1 3 -3 -1
right_child=-2 2 -4 -5
leaf_value=-0.04820309653367013 0.12506401599922989 -0.0410086278110674 0.12440991865836892 0
leaf_weight=165.07272340357304 62.367091089487076 5.8946642950177193 1.6691856235265721 1.6497219502925862
leaf_count=3334 250 122 8 24
internal_value=-0.000301266 -0.0455348 0 -0.0476401
internal_weight=236.653 174.286 7.56385 166.722
internal_count=3738 3488 130 3358
is_linear=0
shrinkage=0.05


Tree=92
num_leaves=4
num_cat=0
split_feature=21 7 21
split_gain=578.719 9.2583 20.0143
threshold=-0.060684639219044885 -1.0656357191958052 -0.24778315296193945
decision_type=2 2 2
left_child=1 2 -1
right_child=-2 -3 -4
leaf_value=-0.040839952805249297 0.12458835287022725 -0.048615490833323047 0.13035971836130827
leaf_weight=5.4151528738439074 67.69000443816185 173.50927364639938 1.8780573308467863
leaf_count=95 270 3363 10
internal_value=0.000319537 -0.0462824 0.00557258
internal_weight=248.492 180.802 7.29321
internal_count=3738 3468 105
is_linear=0
shrinkage=0.05


Tree=93
num_leaves=5
num_cat=0
split_feature=24 19 24 41
split_gain=574.536 3.34724 13.2309 0.791874
threshold=0.027483590083962898 -1.6724375537264851 -0.20897839553120795 -0.42870902386856341
decision_type=2 2 2 2
left_child=1 2 -1 -2
right_child=3 -3 -4 -5
leaf_value=-0.042324717170454156 0.1256982435142707 -0.048565230019421979 0.10912170760891055 0.052079629794589015
leaf_weight=6.7233409918844691 65.158521935343742 169.16200805082917 1.2674911916255949 2.5321544110774985
leaf_count=121 261 3331 6 19
internal_value=0.000238627 -0.047016 -0.0103469 0.123713
internal_weight=244.844 177.153 7.99083 67.6907
internal_count=3738 3458 127 280
is_linear=0
shrinkage=0.05


Tree=94
num_leaves=6
num_cat=0
split_feature=11 11 12 4 49
split_gain=472.396 39.6455 53.5947 14.3197 1.71117
threshold=1.9572722054416656 0.39111280430925138 -0.29635934484647314 -1.4133813658287024 1.9312567316438591
decision_type=2 2 2 2 2
left_child=1 -1 -3 -4 -2
right_child=4 2 3 -5 -6
leaf_value=-0.048422757862740515 0.12646735923152402 -0.045372305971983773 -0.027625196100739713 0.12798183293612295 0.043825249863530862
leaf_weight=155.22577138803899 56.002407491207123 12.621746610850098 1.2719045653939236 8.7732917070388776 2.2725975066423407
leaf_count=3197 225 250 11 45 10
internal_value=0.00103119 -0.0393692 0.0212587 0.105533 0.12407
internal_weight=236.168 177.893 22.6669 10.0452 58.275
internal_count=3738 3503 306 56 235
is_linear=0
shrinkage=0.05


Tree=95
num_leaves=5
num_cat=0
split_feature=34 34 12 12
split_gain=523.731 15.7238 58.9479 9.46724
threshold=0.14626911836928294 -0.23121179449146803 -0.2690846258729182 -0.29621121795630795
decision_type=2 2 2 2
left_child=1 -1 -3 -2
right_child=3 2 -4 -5
leaf_value=-0.04853800367176922 -0.012192432710627733 -0.04492138164221824 0.18882795049943113 0.12569159718450221
leaf_weight=161.77847170829773 0.84798041358590026 12.219061121344565 2.9175724461674681 62.141492933034897
leaf_count=3210 17 245 17 249
internal_value=1.82047e-05 -0.0439799 0.00313209 0.12336
internal_weight=239.905 176.915 15.1366 62.9895
internal_count=3738 3472 262 266
is_linear=0
shrinkage=0.05


Tree=96
num_leaves=6
num_cat=0
split_feature=13 42 13 7 7
split_gain=539.166 12.3021 0.680374 0.0726232 1.00916
threshold=1.0572812169062491 2.06991508755958 1.6454633784183186 -1.0780044190313618 -1.1004274910894456
decision_type=2 2 2 2 2
left_child=1 3 -2 4 -1
right_child=2 -3 -4 -5 -6
leaf_value=-0.036547414045435982 0.038168915179407209 0.10766447692997952 0.12505710787987381 -0.048546475608937094 0
leaf_weight=3.4790587462484837 1.6085990071296681 0.72641776502132316 60.789099633693695 170.49537154100835 1.6144532673060883
leaf_count=66 13 4 243 3384 28
internal_value=-0.00208613 -0.0469085 0.123536 -0.0479939 -0.0223416
internal_weight=238.713 176.315 62.3977 175.589 5.09351
internal_count=3738 3482 256 3478 94
is_linear=0
shrinkage=0.05


Tree=97
num_leaves=4
num_cat=0
split_feature=11 54 11
split_gain=451.523 138.504 1.06812
threshold=0.39111280430925138 -0.74611360206791499 0.36516487357309785
decision_type=2 2 2
left_child=2 -2 -1
right_child=1 -3 -4
leaf_value=-0.048503688918969105 0.12612408083931401 -0.045407841850119292 0
leaf_weight=158.97631452418864 66.966544788330793 13.745979141443966 0.8534737154841413
leaf_count=3183 272 269 14
internal_value=0.00034876 0.0965033 -0.048202
internal_weight=240.542 80.7125 159.83
internal_count=3738 541 3197
is_linear=0
shrinkage=0.05


Tree=98
num_leaves=2
num_cat=0
split_feature=9
split_gain=566.736
threshold=-1.2850973392307055
decision_type=2
left_child=-1
right_child=-2
leaf_value=0.11125745249725749 -0.048674121561318659
leaf_weight=79.397281438112259 180.10100309178233
leaf_count=304 3434
internal_value=0.000282974
internal_weight=259.498
internal_count=3738
is_linear=0
shrinkage=0.05


Tree=99
num_leaves=2
num_cat=0
split_feature=17
split_gain=498.792
threshold=-0.23682318279820655
decision_type=2
left_child=-1
right_child=-2
leaf_value=-0.048326150987880963 0.11304599795279287
leaf_weight=161.52396151795983 67.472670584917068
leaf_count=3478 260
internal_value=-0.000527049
internal_weight=228.997
internal_count=3738
is_linear=0
shrinkage=0.05


Tree=100
num_leaves=6
num_cat=0
split_feature=31 41 31 12 11
split_gain=464.876 9.61919 4.1678 29.5461 1.73764
threshold=-0.022375722688383625 -0.4287093412899729 -0.22678979233387167 -0.28178485752223686 0.27534670560501068
decision_type=2 2 2 2 2
left_child=2 -2 -1 -4 -3
right_child=1 4 3 -5 -6
leaf_value=-0.048290840197420248 0.11418962094655988 0.050147600624767988 -0.044279743045871116 0.17874935001641754 -0.024148257463813858
leaf_weight=148.85394881293178 64.383271381258965 0.77897053956985418 10.751569163054226 1.1943334788084019 1.4339476637542246
leaf_count=3224 249 3 229 8 25
internal_value=0 0.110683 -0.0459255 -0.0136877 0
internal_weight=227.396 66.5962 160.8 11.9459 2.21292
internal_count=3738 277 3461 237 28
is_linear=0
shrinkage=0.05


Tree=101
num_leaves=3
num_cat=0
split_feature=14 11
split_gain=434.629 107.802
threshold=-0.22342537014154873 -0.10022939013777639
decision_type=2 2
left_child=-1 -2
right_child=1 -3
leaf_value=-0.048546480781950119 -0.044997064369661922 0.11306760251870579
leaf_weight=163.02609492093325 12.10505238547921 73.438394963741302
leaf_count=3221 234 283
internal_value=-0.000585257 0.0902782
internal_weight=248.57 85.5434
internal_count=3738 517
is_linear=0
shrinkage=0.05


Tree=102
num_leaves=16
num_cat=0
split_feature=13 25 31 26 7 41 25 19 25 10 3 6 43 4 4
split_gain=172.406 172.193 47.6011 30.4053 13.2227 16.6198 10.2201 9.27172 4.88027 3.27362 0.454317 1.53661 0.291558 0.0129117 0.044331
threshold=-0.4798531196077323 -0.50588710081082089 0.55451898421370893 2.7984163073359745 -0.90332453077893637 -0.42870941115104594 -0.74803596974773778 2.2479834877175522 1.3761110816177382 -0.12186890650924911 -1.0519950442282682 -0.94444972516028713 0.54780116572974669 -1.1429112131658827 -1.2168417009641761
decision_type=2 2 2 2 2 2 2 2 2 2 2 2 2 2 2
left_child=1 -1 3 -3 5 6 -2 10 -9 -8 11 -6 -11 14 -13
right_child=4 2 -4 -5 7 -7 9 8 -10 12 -12 13 -14 -15 -16
leaf_value=-0.047127355219893419 -0.032532933945009113 0.11324513191269776 -0.040645418028302849 -0.035221906800379697 -0.04052641400728061 -0.04432289720401441 0.087788116070504477 -0.022834608510583859 0.080300524829261852 -0.011740998319236666 -0.048199322657886297 0 0.02116403754385383 0.0044187043155595645 -0.0071028306901233258
leaf_weight=31.432325530797243 2.5279243811964989 60.454675689339638 5.6063218228518954 3.1687605343759051 5.4685466587543488 10.254528284072874 6.1112990006804466 1.4055663347244254 1.8078419864177704 0.82614629715681231 101.51666682213545 0.59214552864432368 0.71916533261537552 1.1028790920972804 1.7162548787891867
leaf_count=664 50 233 116 67 111 200 45 29 7 15 2142 8 6 14 31
internal_value=-0.000322361 0.0488871 0.0928643 0.105244 -0.0375056 0 0.0437191 -0.0441398 0.0314558 0.0724107 -0.0466976 -0.0252097 0 0 -0.000591646
internal_weight=234.711 100.662 69.2298 63.6234 134.049 20.4391 10.1845 113.61 3.21341 7.65661 110.396 8.87983 1.54531 3.41128 2.3084
internal_count=3738 1080 416 300 2658 316 116 2342 36 66 2306 164 21 53 39
is_linear=0
shrinkage=0.05


Tree=103
num_leaves=5
num_cat=0
split_feature=28 5 28 28
split_gain=468.913 9.29177 22.2583 1.05881
threshold=0.025678073902079528 -1.049168995273267 -0.20915210465647124 -0.2362180797808642
decision_type=2 2 2 2
left_child=1 2 3 -1
right_child=-2 -3 -4 -5
leaf_value=-0.04289517791879708 0.11216142440220063 -0.048321093489832406 0.12754616837876595 0
leaf_weight=7.8019144497811777 65.807777598500252 154.25760784745216 2.1442776024341574 0.59041512012481678
leaf_count=156 255 3306 10 11
internal_value=-5.93737e-05 -0.0452278 0 -0.0376849
internal_weight=230.602 164.794 10.5366 8.39233
internal_count=3738 3483 177 167
is_linear=0
shrinkage=0.05


Tree=104
num_leaves=5
num_cat=0
split_feature=14 14 12 46
split_gain=419.255 6.76095 18.361 1.28268
threshold=0.024814677357773523 -0.13329676906093119 -0.2690846258729182 1.4171671995901582
decision_type=2 2 2 2
left_child=1 3 -3 -1
right_child=-2 2 -4 -5
leaf_value=-0.047554658349920099 0.11392909916620575 -0.03910442391678174 0.14954308985378426 0
leaf_weight=134.23058907687664 58.366282809525728 4.8279592096805573 1.1908936500549305 0.62457376718521018
leaf_count=3371 231 119 7 10
internal_value=0.0016926 -0.0448704 0.00299358 -0.0471945
internal_weight=199.24 140.874 6.01885 134.855
internal_count=3738 3507 126 3381
is_linear=0
shrinkage=0.05


Tree=105
num_leaves=5
num_cat=0
split_feature=26 26 12 46
split_gain=465.14 6.7271 15.3532 2.04298
threshold=0.050020555625408726 -0.14410603713935813 -0.28178485752223686 1.086212000647081
decision_type=2 2 2 2
left_child=1 3 -3 -1
right_child=-2 2 -4 -5
leaf_value=-0.048008177924184166 0.11242589603156171 -0.04043350216596335 0.11129396852594375 0
leaf_weight=155.01644483208656 64.878814771771431 5.5493898876011372 1.8003566116094578 1.6556458920240391
leaf_count=3334 250 122 8 24
internal_value=-0.000284833 -0.0452257 0 -0.0474132
internal_weight=228.901 164.022 7.34975 156.672
internal_count=3738 3488 130 3358
is_linear=0
shrinkage=0.05


Tree=106
num_leaves=4
num_cat=0
split_feature=21 7 21
split_gain=500.446 8.99012 17.2853
threshold=-0.060684639219044885 -1.0656357191958052 -0.24778315296193945
decision_type=2 2 2
left_child=1 2 -1
right_child=-2 -3 -4
leaf_value=-0.040363936457997331 0.11210884172445235 -0.048430768964263265 0.11605169454156426
leaf_weight=5.17187600955367 70.333010196685791 162.84803396649659 2.0383608788251877
leaf_count=95 270 3363 10
internal_value=0.000292986 -0.0459985 0.00527115
internal_weight=240.391 170.058 7.21024
internal_count=3738 3468 105
is_linear=0
shrinkage=0.05


Tree=107
num_leaves=5
num_cat=0
split_feature=24 7 24 24
split_gain=497.469 3.7818 11.3824 1.71887
threshold=0.027483590083962898 -1.0656357191958052 -0.20897839553120795 0.052200713399013686
decision_type=2 2 2 2
left_child=1 2 -1 -2
right_child=3 -3 -4 -5
leaf_value=-0.041127055927447843 0.0082131129331072927 -0.048383646304671429 0.099396285534789158 0.11239395027999161
leaf_weight=5.6954239532351485 1.0030217058956612 159.47273146733642 1.3481119126081464 69.364843390882015
leaf_count=105 11 3347 6 269
internal_value=0.000225635 -0.0467689 -0.00611173 0.11133
internal_weight=236.884 166.516 7.04354 70.3679
internal_count=3738 3458 111 280
is_linear=0
shrinkage=0.05


Tree=108
num_leaves=6
num_cat=0
split_feature=11 11 12 4 6
split_gain=406.541 37.5201 45.7462 11.8516 1.45606
threshold=1.9572722054416656 0.39111280430925138 -0.29635934484647314 -1.4133813658287024 1.5384161327110479
decision_type=2 2 2 2 2
left_child=1 -1 -3 -4 -2
right_child=4 2 3 -5 -6
leaf_value=-0.048248697566038695 0.11387215617728819 -0.045000573161717343 -0.026949017865392322 0.1137794123106019 0.042156875704127052
leaf_weight=145.71412115171552 58.017792493104935 11.886962600052358 1.2441059164702881 9.303129240870474 2.6407154500484458
leaf_count=3197 224 250 11 45 11
internal_value=0.000991165 -0.0389489 0.0200998 0.0944483 0.111529
internal_weight=228.807 168.148 22.4342 10.5472 60.6585
internal_count=3738 3503 306 56 235
is_linear=0
shrinkage=0.05


Tree=109
num_leaves=5
num_cat=0
split_feature=34 12 7 34
split_gain=452.692 28.2093 8.67697 33.2356
threshold=-0.010063929892600604 -0.29621121795630795 -1.023089944851425 -0.23121179449146803
decision_type=2 2 2 2
left_child=2 -2 3 -1
right_child=1 -3 -4 -5
leaf_value=-0.043370199218387667 -0.034246360672933358 0.11350499328777097 -0.04833950929894032 0.17587137529073846
leaf_weight=8.2468130588531476 2.912116950377821 66.356955647468567 152.9639290869236 1.6543797105550755
leaf_count=157 61 256 3252 12
internal_value=1.25407e-05 0.106734 -0.0454126 0
internal_weight=232.134 69.2691 162.865 9.90119
internal_count=3738 317 3421 169
is_linear=0
shrinkage=0.05


Tree=110
num_leaves=6
num_cat=0
split_feature=13 42 13 7 7
split_gain=467.417 11.4069 0.258723 0.111574 0.969974
threshold=1.0572812169062491 2.06991508755958 1.6454633784183186 -1.0780044190313618 -1.1004274910894456
decision_type=2 2 2 2 2
left_child=1 3 -2 4 -1
right_child=2 -3 -4 -5 -6
leaf_value=-0.035937132100337978 0.035567480832450225 0.098215241132678946 0.11246297012032808 -0.04836604166393689 0
leaf_weight=3.3228972516953945 1.6481366455554951 0.78949445486068626 63.206946700811386 160.01191994547844 1.612546607851981
leaf_count=66 13 4 243 3384 28
internal_value=-0.00200118 -0.0466415 0.111178 -0.0477806 -0.0214988
internal_weight=230.592 165.737 64.8551 164.947 4.93544
internal_count=3738 3482 256 3478 94
is_linear=0
shrinkage=0.05


Tree=111
num_leaves=6
num_cat=0
split_feature=11 11 6 42 46
split_gain=396.839 87.7795 8.77851 9.71828 1.39481
threshold=0.39111280430925138 2.26758349819506 -0.77229429892023516 1.4720803849749828 1.4171671995901582
decision_type=2 2 2 2 2
left_child=4 2 3 -2 -1
right_child=1 -3 -4 -5 -6
leaf_value=-0.048325664889656977 -0.033075394530959583 -0.044188466715337271 0.11249052949336145 0.093029735846768366 0
leaf_weight=149.58166959509254 2.3069589994847766 10.425822846591471 67.468125600367785 2.5412782281637192 0.49979644641280074
leaf_count=3190 38 218 275 10 7
internal_value=0.000318995 0.088033 0.107611 0.0308677 -0.0480048
internal_weight=232.824 82.7422 72.3164 4.84824 150.081
internal_count=3738 541 323 48 3197
is_linear=0
shrinkage=0.05


Tree=112
num_leaves=2
num_cat=0
split_feature=9
split_gain=496.649
threshold=-1.2850973392307055
decision_type=2
left_child=-1
right_child=-2
leaf_value=0.10167270968925013 -0.048483821901363106
leaf_weight=81.105174005031586 168.83746614120901
leaf_count=304 3434
internal_value=0.000247129
internal_weight=249.943
internal_count=3738
is_linear=0
shrinkage=0.05


Tree=113
num_leaves=2
num_cat=0
split_feature=17
split_gain=436.703
threshold=-0.23682318279820655
decision_type=2
left_child=-1
right_child=-2
leaf_value=-0.048156956047892913 0.10310403371255271
leaf_weight=151.39533261395991 69.069955244660378
leaf_count=3478 260
internal_value=-0.000528924
internal_weight=220.465
internal_count=3738
is_linear=0
shrinkage=0.05


Tree=114
num_leaves=6
num_cat=0
split_feature=31 54 31 12 7
split_gain=406.505 5.02201 4.24377 25.7175 3.55504
threshold=-0.022375722688383625 0.60268314363871156 -0.22678979233387167 -0.28178485752223686 1.0684085167209367
decision_type=2 2 2 2 2
left_child=2 -2 -1 -4 -3
right_child=1 4 3 -5 -6
leaf_value=-0.048121817650577714 0.10407838105834391 0.067103705543594405 -0.043863822788172024 0.15788054820316846 -0.022973629248001993
leaf_weight=139.55179166421294 65.200765267014503 1.5975649952888482 10.092118442058561 1.3370133414864529 1.3615500554442403
leaf_count=3224 246 6 229 8 25
internal_value=0 0.10102 -0.0456436 -0.0125392 0.0211001
internal_weight=219.141 68.1599 150.981 11.4291 2.95912
internal_count=3738 277 3461 237 31
is_linear=0
shrinkage=0.05


Tree=115
num_leaves=3
num_cat=0
split_feature=14 11
split_gain=385.542 90.3086
threshold=-0.22342537014154873 -0.10022939013777639
decision_type=2 2
left_child=-1 -2
right_child=1 -3
leaf_value=-0.048361419269185531 -0.044616765622347315 0.10332604478377888
leaf_weight=152.82779769226909 11.401926055550573 75.125575885176659
leaf_count=3221 234 283
internal_value=-0.000550681 0.0833997
internal_weight=239.355 86.5275
internal_count=3738 517
is_linear=0
shrinkage=0.05


Tree=116
num_leaves=5
num_cat=0
split_feature=32 1 32 41
split_gain=422.281 9.42699 16.1135 0.645392
threshold=-0.020492214361493604 -1.3233021248698018 -0.22349611166549385 -0.42870991216461563
decision_type=2 2 2 2
left_child=1 2 3 -1
right_child=-2 -3 -4 -5
leaf_value=0 0.10285568366375571 -0.048222547556140548 0.11295636008113255 -0.040472760407691655
leaf_weight=0.90933886915445317 68.455430813133717 149.87168830260634 2.0476300418376923 5.3067882508039457
leaf_count=15 267 3344 9 103
internal_value=-0.000336403 -0.0453483 0.0037032 -0.0342931
internal_weight=226.591 158.135 8.26376 6.21613
internal_count=3738 3471 127 118
is_linear=0
shrinkage=0.05


Tree=117
num_leaves=4
num_cat=0
split_feature=28 5 28
split_gain=409.306 9.12084 19.5176
threshold=0.025678073902079528 -1.049168995273267 -0.2362180797808642
decision_type=2 2 2
left_child=1 2 -1
right_child=-2 -3 -4
leaf_value=-0.042471114693856844 0.10224253263286431 -0.04814881544400295 0.10112318088571987
leaf_weight=7.3987998105585557 67.404050953686237 144.53210662305355 2.878307081758976
leaf_count=156 255 3306 21
internal_value=-4.17023e-05 -0.0449231 0
internal_weight=222.213 154.809 10.2771
internal_count=3738 3483 177
is_linear=0
shrinkage=0.05


Tree=118
num_leaves=6
num_cat=0
split_feature=14 14 12 7 39
split_gain=365.408 4.52956 24.3967 2.85814 2.98678
threshold=-0.012102858588050899 -0.19445728539780005 -0.26251837231374259 0.80746842789870643 -1.0000000180025095e-35
decision_type=2 2 2 2 2
left_child=1 -1 -3 -2 -5
right_child=3 2 -4 4 -6
leaf_value=-0.047771972454699697 0.10498576662754969 -0.04230744670651012 0.17553013723318145 -0.01700216280548799 0.067741929334380946
leaf_weight=122.32175933942199 58.398546501994133 7.8597524799406528 1.0080797150731067 1.0563140995800495 1.594855695962905
leaf_count=3271 221 209 7 24 6
internal_value=0.00164758 -0.0452306 -0.0068283 0.102339 0.0287033
internal_weight=192.239 131.19 8.86783 61.0497 2.65117
internal_count=3738 3487 216 251 30
is_linear=0
shrinkage=0.05


Tree=119
num_leaves=6
num_cat=0
split_feature=26 7 26 12 7
split_gain=406.444 5.20309 3.90762 18.8098 2.11331
threshold=-0.0087389070176587032 0.82709536029146802 -0.22590044214168895 -0.27661377693477779 1.0684085167209367
decision_type=2 2 2 2 2
left_child=2 -2 -1 -4 -3
right_child=1 4 3 -5 -6
leaf_value=-0.048140657390249288 0.10330372241942976 0.055773051523431309 -0.043749435218707916 0.1146673639237525 -0.020368001823387105
leaf_weight=140.87124910950661 65.911038398742676 1.0612230300903314 9.7660772725939733 1.7553079873323429 1.1940240934491155
leaf_count=3228 248 4 224 8 26
internal_value=-0.000263061 0.100676 -0.0457591 -0.0137692 0.0100065
internal_weight=220.559 68.1663 152.393 11.5214 2.25525
internal_count=3738 278 3460 232 30
is_linear=0
shrinkage=0.05


Tree=120
num_leaves=4
num_cat=0
split_feature=21 7 21
split_gain=437.356 8.0141 12.6333
threshold=-0.077859661017409515 -1.0780044190313618 -0.24778315296193945
decision_type=2 2 2
left_child=1 2 -1
right_child=-2 -3 -4
leaf_value=-0.038443031902305955 0.10174082411181158 -0.048254603809392317 0.101096394441043
leaf_weight=4.198956385254859 72.513565424829721 152.99594328552485 1.9349543675780294
leaf_count=81 277 3371 9
internal_value=0.000267496 -0.0459899 0.00610846
internal_weight=231.643 159.13 6.13391
internal_count=3738 3461 90
is_linear=0
shrinkage=0.05


Tree=121
num_leaves=5
num_cat=0
split_feature=24 7 24 24
split_gain=435.036 3.72432 10.2145 1.20801
threshold=0.027483590083962898 -1.0656357191958052 -0.20897839553120795 0.052200713399013686
decision_type=2 2 2 2
left_child=1 2 -1 -2
right_child=3 -3 -4 -5
leaf_value=-0.040653784083105333 0.0077561780566011169 -0.048208314884913957 0.091319123501746979 0.1024740495899247
leaf_weight=5.429452344775199 0.99963132664561172 149.42594615370035 1.4147593379020689 71.034068055450916
leaf_count=105 11 3347 6 269
internal_value=0.000210395 -0.0465259 -0.00560993 0.101567
internal_weight=228.304 156.27 6.84421 72.0337
internal_count=3738 3458 111 280
is_linear=0
shrinkage=0.05


Tree=122
num_leaves=6
num_cat=0
split_feature=11 11 12 4 12
split_gain=353.742 35.449 39.4216 10.0373 1.29046
threshold=1.9572722054416656 0.39111280430925138 -0.29635934484647314 -1.4133813658287024 -0.30206272648177845
decision_type=2 2 2 2 2
left_child=1 -1 -3 -4 -2
right_child=4 2 3 -5 -6
leaf_value=-0.048080396598313785 0.037365796057402 -0.044620257728631402 -0.026292947880835478 0.10257210751048765 0.10385964752652802
leaf_weight=136.55853876471519 2.6899567544460288 11.182799056172373 1.2201819419860829 9.7075845375657064 59.472864836454391
leaf_count=3197 11 250 11 45 224
internal_value=0.000965167 -0.0385397 0.0190396 0.0854747 0.101702
internal_weight=220.832 158.669 22.1106 10.9278 62.1628
internal_count=3738 3503 306 56 235
is_linear=0
shrinkage=0.05


Tree=123
num_leaves=5
num_cat=0
split_feature=34 13 7 34
split_gain=396.172 23.3092 8.53987 28.145
threshold=-0.010063929892600604 0.99159956844418617 -1.023089944851425 -0.23121179449146803
decision_type=2 2 2 2
left_child=2 -2 3 -1
right_child=1 -3 -4 -5
leaf_value=-0.042979398952322077 0.10344288926640127 -0.033417445431152215 -0.048165356682530303 0.15211704488834188
leaf_weight=7.8456076197326166 67.982167601585388 2.7517472095787516 143.31360417231917 1.874557204544544
leaf_count=157 256 61 3252 12
internal_value=4.53066e-06 0.0975705 -0.0450996 0
internal_weight=223.768 70.7339 153.034 9.72016
internal_count=3738 317 3421 169
is_linear=0
shrinkage=0.05


Tree=124
num_leaves=5
num_cat=0
split_feature=13 42 7 7
split_gain=409.328 10.6128 0.1522 0.934204
threshold=1.0572812169062491 2.06991508755958 -1.0780044190313618 -1.1004274910894456
decision_type=2 2 2 2
left_child=1 2 3 -1
right_child=-2 -3 -4 -5
leaf_value=-0.035318332475552966 0.10147135161171801 0.090081131137544887 -0.04819214113865096 0
leaf_weight=3.173933457583189 66.368884570896626 0.84619717299938102 149.9291947260499 1.60636781528592
leaf_count=66 256 4 3384 28
internal_value=-0.00191928 -0.0463756 -0.0475708 -0.0206301
internal_weight=221.925 155.556 154.709 4.7803
internal_count=3738 3482 3478 94
is_linear=0
shrinkage=0.05


Tree=125
num_leaves=4
num_cat=0
split_feature=11 54 46
split_gain=351.182 96.0056 1.37975
threshold=0.39111280430925138 -0.74611360206791499 1.4171671995901582
decision_type=2 2 2
left_child=2 -2 -1
right_child=1 -3 -4
leaf_value=-0.048152699087415728 0.10337626093869681 -0.044771287855180281 0
leaf_weight=140.17749925889075 71.506191365420818 12.345317684113978 0.50421784073114295
leaf_count=3190 272 269 7
internal_value=0.000304292 0.0811323 -0.0478118
internal_weight=224.533 83.8515 140.682
internal_count=3738 541 3197
is_linear=0
shrinkage=0.05


Tree=126
num_leaves=2
num_cat=0
split_feature=9
split_gain=438.512
threshold=-1.2850973392307055
decision_type=2
left_child=-1
right_child=-2
leaf_value=0.093948426659587692 -0.04830097337327921
leaf_weight=81.807764142751694 158.01704016886652
leaf_count=304 3434
internal_value=0.000212869
internal_weight=239.825
internal_count=3738
is_linear=0
shrinkage=0.05


Tree=127
num_leaves=2
num_cat=0
split_feature=17
split_gain=385.281
threshold=-0.23682318279820655
decision_type=2
left_child=-1
right_child=-2
leaf_value=-0.047993555493938293 0.095108902311668159
leaf_weight=141.66754216887057 69.787264123558998
leaf_count=3478 260
internal_value=-0.000533988
internal_weight=211.455
internal_count=3738
is_linear=0
shrinkage=0.05


Tree=128
num_leaves=6
num_cat=0
split_feature=31 41 31 12 7
split_gain=358.086 6.27338 4.29282 22.5072 1.26325
threshold=-0.022375722688383625 -0.4287093412899729 -0.22678979233387167 -0.28178485752223686 1.0684085167209367
decision_type=2 2 2 2 2
left_child=2 -2 -1 -4 -3
right_child=1 4 3 -5 -6
leaf_value=-0.047958136492315562 0.095884529358335274 0.042109082184111593 -0.043431274088343123 0.14083573823339995 -0.021738171194263564
leaf_weight=130.61545843631029 66.781340882182121 0.80419433116912786 9.4563472047448141 1.4653233215212811 1.2893440425395963
leaf_count=3224 249 3 229 8 25
internal_value=0 0.0932219 -0.0453662 -0.011437 0
internal_weight=210.412 68.8749 141.537 10.9217 2.09354
internal_count=3738 277 3461 237 28
is_linear=0
shrinkage=0.05


Tree=129
num_leaves=5
num_cat=0
split_feature=17 17 4 3
split_gain=337.237 81.2428 0.0395428 0.0339608
threshold=-0.24134707303949929 -0.23682318279820655 -1.7010302478852848 -1.5882705582187668
decision_type=2 2 2 2
left_child=2 -2 3 -1
right_child=1 -3 -4 -5
leaf_value=0 0.095517173000059907 -0.044384601683050917 -0.048186443770306259 -0.01222464391980721
leaf_weight=0.84699368476867676 75.61479227244854 11.453930255025623 140.86971906200051 0.85604134202003368
leaf_count=14 282 260 3163 19
internal_value=-0.000493221 0.0766792 -0.0479002 -0.0073108
internal_weight=229.641 87.0687 142.573 1.70304
internal_count=3738 542 3196 33
is_linear=0
shrinkage=0.05


Tree=130
num_leaves=5
num_cat=0
split_feature=32 5 32 41
split_gain=371.342 9.16344 13.9758 0.765946
threshold=-0.020492214361493604 -1.0757550399359179 -0.22349611166549385 -0.42870994170367666
decision_type=2 2 2 2
left_child=1 2 3 -1
right_child=-2 -3 -4 -5
leaf_value=0 0.094722521443758395 -0.048052937770113116 0.10215740361685875 -0.040154328601231859
leaf_weight=0.75571319088339795 69.298194367438555 140.21139586344361 2.1653100252151489 5.1774151138961297
leaf_count=12 267 3344 9 106
internal_value=-0.000314783 -0.0450583 0.00366093 -0.0335456
internal_weight=217.608 148.31 8.09844 5.93313
internal_count=3738 3471 127 118
is_linear=0
shrinkage=0.05


Tree=131
num_leaves=4
num_cat=0
split_feature=28 5 28
split_gain=360.025 8.89032 17.0951
threshold=0.025678073902079528 -1.049168995273267 -0.2362180797808642
decision_type=2 2 2
left_child=1 2 -1
right_child=-2 -3 -4
leaf_value=-0.042031525700648095 0.094253610621361616 -0.047982276663773415 0.091199277080030658
leaf_weight=7.0078353174030763 68.15163941681385 135.19223996251822 3.0437008403241634
leaf_count=156 255 3306 21
internal_value=-3.52533e-05 -0.0446208 0
internal_weight=213.395 145.244 10.0515
internal_count=3738 3483 177
is_linear=0
shrinkage=0.05


Tree=132
num_leaves=6
num_cat=0
split_feature=39 13 21 19 46
split_gain=214.67 85.8586 24.7477 5.6787 2.6224
threshold=-0.30279680760908595 -0.39686092166450643 -0.24150565847861075 -1.0905347891824193 1.1204487453653302
decision_type=2 2 2 2 2
left_child=4 -2 3 -3 -1
right_child=1 2 -4 -5 -6
leaf_value=-0.046171400899834833 -0.044748249828510805 -0.0094059889766721257 -0.035325078876523516 0.096550925061329396 0.011524177763864564
leaf_weight=103.62478491105139 14.460654728114603 0.76720177382230659 3.3445398621261111 61.435819692909718 1.122219681739806
leaf_count=2954 418 21 94 233 18
internal_value=0.00161333 0.0631957 0.0875465 0.0947808 -0.0452639
internal_weight=184.755 80.0082 65.5476 62.203 104.747
internal_count=3738 766 348 254 2972
is_linear=0
shrinkage=0.05


Tree=133
num_leaves=11
num_cat=0
split_feature=25 32 13 31 10 28 12 43 31 46
split_gain=86.6714 80.4894 43.5198 44.2912 54.541 23.0373 21.1513 7.11618 6.32777 0.651698
threshold=-0.74006909049190794 -0.25151188632289956 -0.26670988718414651 0.022232060841922929 -0.12186890650924911 2.2809731207720811 -0.29358901820602018 0.10276952604429879 -0.18557568136428595 0.58407307811275821
decision_type=2 2 2 2 2 2 2 2 2 2
left_child=-1 2 3 4 -2 -6 -4 9 -9 -8
right_child=1 -3 6 -5 5 -7 7 8 -10 -11
leaf_value=-0.047605662516194892 -0.04284001045959078 -0.046940136804400123 -0.045563167159534644 -0.042992605211824825 0.094588895694706965 -0.034690724616632265 0 0.076628079334260496 -0.021734638336793153 -0.032172220191811721
leaf_weight=66.1640171892941 8.491336338222025 32.769363852217793 17.328244220465425 8.7310249805450422 62.781896594911814 3.1084975078701964 0.47342630848288481 8.0206233114004117 1.3358794711530197 2.5109937004745007
leaf_count=1624 211 796 428 216 236 77 8 55 30 57
internal_value=-0.000249782 0.0211951 0.0413327 0.0598417 0.0724528 0.087898 -0.00982072 0.0382393 0.0596578 -0.0206601
internal_weight=211.715 145.551 112.782 83.1128 74.3817 65.8904 29.6692 12.3409 9.3565 2.98442
internal_count=3738 2114 1318 740 524 313 578 150 85 65
is_linear=0
shrinkage=0.05


Tree=134
num_leaves=4
num_cat=0
split_feature=21 7 21
split_gain=385.183 8.41893 13.2207
threshold=-0.060684639219044885 -1.0656357191958052 -0.24778315296193945
decision_type=2 2 2
left_child=1 2 -1
right_child=-2 -3 -4
leaf_value=-0.039358795721779638 0.094458970233499112 -0.048082614118431892 0.095015102615196828
leaf_weight=4.7024578116834155 72.638152867555618 142.79058227688074 2.2864860221743584
leaf_count=95 270 3363 10
internal_value=0.000241186 -0.0454472 0.00467299
internal_weight=222.418 149.78 6.98894
internal_count=3738 3468 105
is_linear=0
shrinkage=0.05


Tree=135
num_leaves=5
num_cat=0
split_feature=24 7 24 7
split_gain=383.292 3.64866 9.15893 0.651581
threshold=0.027483590083962898 -1.0656357191958052 -0.20897839553120795 0.78759702355612216
decision_type=2 2 2 2
left_child=1 2 -1 -2
right_child=3 -3 -4 -5
leaf_value=-0.040160629830374363 0.095264918861575662 -0.048039084645270569 0.08410078503343793 0.036158940112681247
leaf_weight=5.168724086135625 70.120555445551872 139.779541362077 1.4715389609336851 2.6805917248129836
leaf_count=105 261 3347 6 19
internal_value=0.000190769 -0.0462889 -0.00516109 0.0936911
internal_weight=219.221 146.42 6.64026 72.8011
internal_count=3738 3458 111 280
is_linear=0
shrinkage=0.05


Tree=136
num_leaves=6
num_cat=0
split_feature=11 11 12 4 54
split_gain=310.039 33.4293 34.2245 8.61158 1.25315
threshold=1.9572722054416656 0.39111280430925138 -0.29635934484647314 -1.4133813658287024 -0.65742190542391554
decision_type=2 2 2 2 2
left_child=1 -1 -3 -4 -2
right_child=4 2 3 -5 -6
leaf_value=-0.047917577360133891 0.03279133993452913 -0.044224277484974484 -0.025571412885908685 0.093496877961443875 0.095785115875691565
leaf_weight=127.76953829452395 2.7195184826850882 10.501819405704738 1.1921102516353119 9.9923975467681867 60.182760179042816
leaf_count=3197 11 250 11 45 224
internal_value=0.000929733 -0.0381457 0.0180827 0.0781151 0.093736
internal_weight=212.358 149.456 21.6863 11.1845 62.9023
internal_count=3738 3503 306 56 235
is_linear=0
shrinkage=0.05


Tree=137
num_leaves=5
num_cat=0
split_feature=34 12 7 34
split_gain=349.203 19.5606 8.38106 24.1384
threshold=-0.010063929892600604 -0.29621121795630795 -1.023089944851425 -0.23121179449146803
decision_type=2 2 2 2
left_child=2 -2 3 -1
right_child=1 -3 -4 -5
leaf_value=-0.042565724888385038 -0.032536171973626037 0.095359280101715835 -0.047997397535577281 0.13373044413612895
leaf_weight=7.4464740157127363 2.5945318639278403 68.736105680465698 134.06060477718711 2.0692595094442368
leaf_count=157 61 256 3252 12
internal_value=0 0.0901652 -0.0447903 0
internal_weight=214.907 71.3306 143.576 9.51573
internal_count=3738 317 3421 169
is_linear=0
shrinkage=0.05


Tree=138
num_leaves=6
num_cat=0
split_feature=13 42 13 2 2
split_gain=360.677 9.87494 0.329538 0.211088 0.755951
threshold=1.0572812169062491 2.06991508755958 1.6454633784183186 -1.4699071507446801 -1.506128927851387
decision_type=2 2 2 2 2
left_child=1 3 -2 4 -1
right_child=2 -3 -4 -5 -6
leaf_value=-0.03387421236058457 0.027899224064317704 0.082744093357663695 0.09469600974677618 -0.048027236040246522 0
leaf_weight=2.8443738780915737 1.771615870296954 0.89830020070075889 65.347381383180618 140.26923100836575 1.7616854794323433
leaf_count=63 13 4 243 3381 34
internal_value=-0.00185536 -0.0461107 0.093522 -0.0473635 -0.0195305
internal_weight=212.893 145.774 67.119 144.875 4.60606
internal_count=3738 3482 256 3478 97
is_linear=0
shrinkage=0.05


Tree=139
num_leaves=3
num_cat=0
split_feature=11 54
split_gain=312.612 85.3888
threshold=0.36516487357309785 -0.74611360206791499
decision_type=2 2
left_child=-1 -2
right_child=1 -3
leaf_value=-0.047986080005016668 0.095549709548695808 -0.044597282335933242
leaf_weight=130.8942481726408 72.579837635159492 12.201343502849339
leaf_count=3183 273 282
internal_value=0.000283182 0.074944
internal_weight=215.675 84.7812
internal_count=3738 555
is_linear=0
shrinkage=0.05


Tree=140
num_leaves=2
num_cat=0
split_feature=9
split_gain=388.005
threshold=-1.2850973392307055
decision_type=2
left_child=-1
right_child=-2
leaf_value=0.08761369487919253 -0.048126653537446148
leaf_weight=81.102102965116501 147.85756547749043
leaf_count=302 3439
internal_value=0
internal_weight=228.96
internal_count=3741
is_linear=0
shrinkage=0.05


Tree=141
num_leaves=2
num_cat=0
split_feature=17
split_gain=334.596
threshold=-0.23682318279820655
decision_type=2
left_child=-1
right_child=-2
leaf_value=-0.047837684271377863 0.088570488797713981
leaf_weight=132.79918151162565 67.320595547556877
leaf_count=3490 251
internal_value=-0.00171878
internal_weight=200.12
internal_count=3741
is_linear=0
shrinkage=0.05


Tree=142
num_leaves=6
num_cat=0
split_feature=31 31 46 46 46
split_gain=315.402 5.37586 10.2652 0.27927 0.0726438
threshold=0.022232060841922929 -0.14441128530488201 -1.0000000180025095e-35 0.94926502177408389 1.2117467312806622
decision_type=2 2 2 2 2
left_child=1 3 -3 -1 -5
right_child=-2 2 -4 4 -6
leaf_value=-0.047407888877004312 0.087633043889769141 -0.038629832195226296 0.091346028458641537 0 -0.012150382137718725
leaf_weight=126.13275224342942 66.960151500999928 4.5502297207713127 1.672388270497321 0.77202096581458934 0.83852865919470787
leaf_count=3343 254 112 7 10 15
internal_value=-0.000467241 -0.0448504 0 -0.0470528 -0.00275334
internal_weight=200.926 133.966 6.22262 127.743 1.61055
internal_count=3741 3487 119 3368 25
is_linear=0
shrinkage=0.05


Tree=143
num_leaves=5
num_cat=0
split_feature=17 17 0 0
split_gain=306.844 68.3006 0.0416697 0.0706752
threshold=-0.24134707303949929 -0.23682318279820655 -1.6759067946925639 -1.7895251522295699
decision_type=2 2 2 2
left_child=2 -2 3 -1
right_child=1 -3 -4 -5
leaf_value=0 0.089876120758678235 -0.043834073311487969 -0.048016614762319769 -0.014017336481194895
leaf_weight=0.74499230831861496 75.147776633501053 10.358863007277249 132.2090857885778 0.92658542096614727
leaf_count=12 281 251 3176 21
internal_value=-0.000406121 0.0732262 -0.047717 -0.00690757
internal_weight=219.387 85.5066 133.881 1.67158
internal_count=3741 532 3209 33
is_linear=0
shrinkage=0.05


Tree=144
num_leaves=7
num_cat=0
split_feature=32 3 32 41 54 41
split_gain=331.979 9.0742 11.4349 1.76464 1.68623 0.69037
threshold=-0.020492214361493604 -1.3529711902272585 -0.22349611166549385 -0.42870944568456743 0.57391127632894812 -0.42870994170367666
decision_type=2 2 2 2 2 2
left_child=1 2 5 -2 -5 -1
right_child=3 -3 -4 4 -6 -7
leaf_value=0 0.089426162111415367 -0.047890831521645832 0.089433334048716576 0.057779236193562046 -0.0019053471199298412 -0.039112171769929337
leaf_weight=0.79566413909196843 68.731656759977341 130.86873533949256 2.3345640376210213 1.3369453549385064 1.3020441345870493 4.6138182915747157
leaf_count=13 256 3340 11 5 17 99
internal_value=0.000195529 -0.0447671 0.0046929 0.0875716 0.0247544 -0.0321206
internal_weight=209.983 138.613 7.74405 71.3706 2.63899 5.40948
internal_count=3741 3463 123 278 22 112
is_linear=0
shrinkage=0.05


Tree=145
num_leaves=5
num_cat=0
split_feature=28 5 28 11
split_gain=325.512 7.65331 14.3598 1.2798
threshold=0.025678073902079528 -1.049168995273267 -0.2362180797808642 -0.13730736066675628
decision_type=2 2 2 2
left_child=1 2 -1 -2
right_child=3 -3 -4 -5
leaf_value=-0.041413522588491194 0.08877028978608692 -0.047822377090794829 0.08509119179859477 0.028825646595120543
leaf_weight=6.467387840151785 68.508935898542404 126.1731829456985 2.8077598921954632 2.7851339578628531
leaf_count=152 255 3303 18 13
internal_value=0.000751505 -0.0446118 0 0.0869938
internal_weight=206.742 135.448 9.27515 71.2941
internal_count=3741 3473 170 268
is_linear=0
shrinkage=0.05


Tree=146
num_leaves=6
num_cat=0
split_feature=14 39 14 12 39
split_gain=270.125 4.30119 3.78953 18.3592 0.869858
threshold=-0.012102858588050899 -0.21850522894733479 -0.19445728539780005 -0.25000208620374631 -0.30735930480254409
decision_type=2 2 2 2 2
left_child=2 4 -1 -4 -2
right_child=1 -3 3 -5 -6
leaf_value=-0.047494115171665179 -0.018148195818476192 0.089454940446004882 -0.041158193464755501 0.15535484923675139 0.040419977166888721
leaf_weight=107.9459311272949 1.1263825520873068 55.824369698762894 6.6978481225669384 0.91039426624774833 0.50318855792283912
leaf_count=3293 29 208 202 6 3
internal_value=-0.000882704 0.08713 -0.0450452 -0.00643035 0
internal_weight=173.008 57.4539 115.554 7.60824 1.62957
internal_count=3741 240 3501 208 32
is_linear=0
shrinkage=0.05


Tree=147
num_leaves=5
num_cat=0
split_feature=26 2 26 26
split_gain=320.929 8.00725 15.8474 0.749582
threshold=0.050020555625408726 -1.3419766233225341 -0.22590044214168895 -0.24549254867395884
decision_type=2 2 2 2
left_child=1 2 3 -1
right_child=-2 -3 -4 -5
leaf_value=-0.042861020082808503 0.087841746865355716 -0.047799356962122001 0.084175633537790118 0
leaf_weight=8.1901040710508788 69.406809717416763 123.31801734119654 3.1195272356271735 0.94776026159524995
leaf_count=190 259 3251 19 22
internal_value=0.000649589 -0.0439628 -0.00304417 -0.0382358
internal_weight=204.982 135.575 12.2574 9.13786
internal_count=3741 3482 231 212
is_linear=0
shrinkage=0.05


Tree=148
num_leaves=4
num_cat=0
split_feature=21 7 21
split_gain=331.655 5.96031 8.7841
threshold=-0.077859661017409515 -1.0780044190313618 -0.23911959978443822
decision_type=2 2 2
left_child=1 2 -1
right_child=-2 -3 -4
leaf_value=-0.037628242641741493 0.087413130119103732 -0.047926374807851967 0.083270873238128401
leaf_weight=3.8225719891488543 69.383118636906147 134.69652492180467 1.7845390439033506
leaf_count=78 263 3393 7
internal_value=-0.00151386 -0.0458219 0.00042324
internal_weight=209.687 140.304 5.60711
internal_count=3741 3478 85
is_linear=0
shrinkage=0.05


Tree=149
num_leaves=5
num_cat=0
split_feature=13 53 7 25
split_gain=210.498 137.383 5.68911 3.39737
threshold=0.044970741152815526 1.0000000180025095e-35 -1.0780044190313618 -0.74006909049190794
decision_type=2 2 2 2
left_child=-1 2 3 -2
right_child=1 -3 -4 -5
leaf_value=-0.047401717378241989 -0.027081865006968117 0.088932835338830674 -0.046502244848346391 0.053099414522579436
leaf_weight=108.36995926871896 1.7827554047107699 73.147458292543888 25.564894746989012 2.1515475623309639
leaf_count=2768 39 274 639 21
internal_value=0.000973694 0.052271 -0.0377711 0.012172
internal_weight=211.017 102.647 29.4992 3.9343
internal_count=3741 973 699 60
is_linear=0
shrinkage=0.05


Tree=150
num_leaves=5
num_cat=0
split_feature=11 54 46 11
split_gain=276.959 72.9799 1.84497 0.260252
threshold=0.71621590034713301 -0.72166332319269699 1.086212000647081 0.39111280430925138
decision_type=2 2 2 2
left_child=2 -2 -1 -4
right_child=1 -3 3 -5
leaf_value=-0.047845349888737787 -0.045337917785369317 0.090397153652050505 -0.010577903413716994 0.020013110995497914
leaf_weight=120.18759059719741 10.934991315007208 70.442052781581879 0.79485729709267505 0.76270933076739311
leaf_count=3200 257 262 17 5
internal_value=0.000401502 0.071687 -0.0471411 0
internal_weight=203.122 81.377 121.745 1.55757
internal_count=3741 519 3222 22
is_linear=0
shrinkage=0.05


Tree=151
num_leaves=5
num_cat=0
split_feature=34 12 7 34
split_gain=315.479 20.478 7.84612 20.2051
threshold=-0.035790165331471641 -0.29621121795630795 -1.0330375764001005 -0.23121179449146803
decision_type=2 2 2 2
left_child=2 -2 3 -1
right_child=1 -3 -4 -5
leaf_value=-0.041467546746929394 -0.034258246762914231 0.088707083850802892 -0.047838270210996507 0.12701130759985721
leaf_weight=6.3430045098066312 3.0013869293034068 71.692108139395714 125.17480711266398 1.9018179923295973
leaf_count=140 76 267 3248 10
internal_value=0.00116594 0.0832386 -0.0447341 0
internal_weight=208.113 74.6935 133.42 8.24482
internal_count=3741 343 3398 150
is_linear=0
shrinkage=0.05


Tree=152
num_leaves=3
num_cat=0
split_feature=13 42
split_gain=343.799 3.86541
threshold=1.0572812169062491 2.06991508755958
decision_type=2 2
left_child=1 -1
right_child=-2 -3
leaf_value=-0.047522684025588798 0.08740932975862209 0.046665627458157055
leaf_weight=134.81836972013116 72.988748237490654 0.45564337074756522
leaf_count=3461 278 2
internal_value=0.000179658 -0.0468506
internal_weight=208.263 135.274
internal_count=3741 3463
is_linear=0
shrinkage=0.05


Tree=153
num_leaves=3
num_cat=0
split_feature=11 54
split_gain=280.862 73.8909
threshold=0.36516487357309785 -0.72166332319269699
decision_type=2 2
left_child=-1 -2
right_child=1 -3
leaf_value=-0.047825459800265036 0.08988733664483578 -0.044206313871925113
leaf_weight=122.54033101163805 71.556178703904152 11.403792649507521
leaf_count=3191 269 281
internal_value=7.89067e-05 0.0710007
internal_weight=205.5 82.96
internal_count=3741 550
is_linear=0
shrinkage=0.05


Tree=154
num_leaves=2
num_cat=0
split_feature=9
split_gain=346.314
threshold=-1.2850973392307055
decision_type=2
left_child=-1
right_child=-2
leaf_value=0.08235519739995098 -0.047958274402150836
leaf_weight=80.199829578399658 137.9561887010932
leaf_count=302 3439
internal_value=0
internal_weight=218.156
internal_count=3741
is_linear=0
shrinkage=0.05


Tree=155
num_leaves=2
num_cat=0
split_feature=17
split_gain=298.66
threshold=-0.23682318279820655
decision_type=2
left_child=-1
right_child=-2
leaf_value=-0.047685580199721966 0.083159549819000741
leaf_weight=123.88619686290622 66.646241590380669
leaf_count=3490 251
internal_value=-0.0016886
internal_weight=190.532
internal_count=3741
is_linear=0
shrinkage=0.05


Tree=156
num_leaves=6
num_cat=0
split_feature=31 31 46 46 46
split_gain=280.442 5.24725 9.07842 0.277665 0.0683611
threshold=0.022232060841922929 -0.14441128530488201 -1.0000000180025095e-35 0.94926502177408389 1.2117467312806622
decision_type=2 2 2 2 2
left_child=1 3 -3 -1 -5
right_child=-2 2 -4 4 -6
leaf_value=-0.047228083958399107 0.082139458413014774 -0.03793507235309234 0.084431925493337862 0 -0.011805775228136962
leaf_weight=117.69257777184248 66.39225971698761 4.2670816518366337 1.7214112728834141 0.7743326649069775 0.82688695564866066
leaf_count=3343 254 112 7 10 15
internal_value=-0.00044869 -0.0445669 0 -0.0468508 -0.00258436
internal_weight=191.675 125.282 5.98849 119.294 1.60122
internal_count=3741 3487 119 3368 25
is_linear=0
shrinkage=0.05


Tree=157
num_leaves=3
num_cat=0
split_feature=14 11
split_gain=284.271 53.6177
threshold=-0.22342537014154873 -0.10022939013777639
decision_type=2 2
left_child=-1 -2
right_child=1 -3
leaf_value=-0.04785383816368266 -0.042973541191482126 0.084611962759127538
leaf_weight=125.77203950285912 8.6666932739317399 74.739587604999542
leaf_count=3243 216 282
internal_value=-0.000335551 0.0708796
internal_weight=209.178 83.4063
internal_count=3741 498
is_linear=0
shrinkage=0.05


Tree=158
num_leaves=7
num_cat=0
split_feature=32 5 32 7 54 32
split_gain=295.251 8.73499 10.627 1.86588 1.27854 0.7066
threshold=-0.020492214361493604 -1.0757550399359179 -0.22349611166549385 0.82709536029146802 0.58716356178426243 -0.24843806083186923
decision_type=2 2 2 2 2 2
left_child=1 2 5 -2 -5 -1
right_child=3 -3 -4 4 -6 -7
leaf_value=-0.038895737436362321 0.083980351275590129 -0.047732097863954458 0.08606919867252405 0.049295823435484803 -0.0014953126699497074 0
leaf_weight=4.498405408114194 68.137384101748466 122.01435054838657 2.3245615363121033 1.3385982811450952 1.2716120257973669 0.78023105114698399
leaf_count=98 256 3340 9 5 17 16
internal_value=0.00019623 -0.044481 0.00433225 0.0821386 0.0202514 -0.0316688
internal_weight=200.365 129.618 7.6032 70.7476 2.61021 5.27864
internal_count=3741 3463 123 278 22 114
is_linear=0
shrinkage=0.05


Tree=159
num_leaves=5
num_cat=0
split_feature=28 5 28 11
split_gain=289.465 7.45607 12.7652 1.02546
threshold=0.025678073902079528 -1.049168995273267 -0.2362180797808642 -0.13730736066675628
decision_type=2 2 2 2
left_child=1 2 -1 -2
right_child=3 -3 -4 -5
leaf_value=-0.040939977525191504 0.083279155387752962 -0.047666935917248951 0.078180773954489288 0.026971682181419959
leaf_weight=6.1179090440273267 67.864570826292038 117.64943972416222 2.9064293950796127 2.7772735059261313
leaf_count=152 255 3303 18 13
internal_value=0.000734501 -0.0443208 0 0.081622
internal_weight=197.316 126.674 9.02434 70.6418
internal_count=3741 3473 170 268
is_linear=0
shrinkage=0.05


Tree=160
num_leaves=6
num_cat=0
split_feature=14 14 12 39 39
split_gain=240.464 3.86714 16.0781 3.59189 0.858799
threshold=-0.012102858588050899 -0.19445728539780005 -0.25000208620374631 -0.21850522894733479 -0.28128778028642337
decision_type=2 2 2 2 2
left_child=1 -1 -3 4 -2
right_child=3 2 -4 -5 -6
leaf_value=-0.047355959482146111 -0.017735334423351793 -0.040626686133529877 0.13910057699262671 0.083850321340258771 0.040848562675710146
leaf_weight=100.70760407485068 1.10831500031054 6.2661841101944447 1.0107013508677472 55.361048221588135 0.48352481424808402
leaf_count=3293 30 202 6 208 2
internal_value=-0.000827582 -0.0447763 -0.00511107 0.0817299 0
internal_weight=164.937 107.984 7.27689 56.9529 1.59184
internal_count=3741 3501 208 240 32
is_linear=0
shrinkage=0.05


Tree=161
num_leaves=6
num_cat=0
split_feature=26 2 26 26 12
split_gain=285.126 7.80798 14.0394 1.50735 1.05227
threshold=0.050020555625408726 -1.3419766233225341 -0.19442653668686802 -0.24549254867395884 -0.27661377693477779
decision_type=2 2 2 2 2
left_child=1 2 3 -1 -5
right_child=-2 -3 -4 4 -6
leaf_value=-0.042459850789024395 0.082400959973481347 -0.047643666862167679 0.088457629361972212 -0.017239934810483838 0.046236276067710413
leaf_weight=7.7547037247568351 68.753867596387863 114.96434456668794 2.5766857862472525 1.0575246326625345 0.51401604712009419
leaf_count=190 259 3251 10 24 7
internal_value=0.000622758 -0.043649 -0.00268521 -0.0336304 0
internal_weight=195.621 126.867 11.9029 9.32624 1.57154
internal_count=3741 3482 231 221 31
is_linear=0
shrinkage=0.05


Tree=162
num_leaves=4
num_cat=0
split_feature=21 7 21
split_gain=295.51 6.36568 9.56556
threshold=-0.060684639219044885 -1.0656357191958052 -0.23911959978443822
decision_type=2 2 2
left_child=1 2 -1
right_child=-2 -3 -4
leaf_value=-0.038674724760810554 0.082620199392898552 -0.047765001354961249 0.080290511728457165
leaf_weight=4.3108620308339587 68.076025724411011 125.30320786125958 2.0933375060558319
leaf_count=92 256 3385 8
internal_value=-0.00147822 -0.0452836 0
internal_weight=199.783 131.707 6.4042
internal_count=3741 3485 100
is_linear=0
shrinkage=0.05


Tree=163
num_leaves=4
num_cat=0
split_feature=24 0 24
split_gain=295.209 10.2365 15.4118
threshold=0.052200713399013686 -1.5140421632251539 -0.23411998404593962
decision_type=2 2 2
left_child=1 2 -1
right_child=-2 -3 -4
leaf_value=-0.040728881996733669 0.08219945011190552 -0.047720715053436877 0.086875669455085791
leaf_weight=5.7751146182417852 71.630720481276512 120.78515636920929 3.2547216583043337
leaf_count=134 273 3314 20
internal_value=0.00092553 -0.0438721 0.0047866
internal_weight=201.446 129.815 9.02984
internal_count=3741 3468 154
is_linear=0
shrinkage=0.05


Tree=164
num_leaves=5
num_cat=0
split_feature=11 54 46 11
split_gain=248.166 63.0472 1.8184 0.245791
threshold=0.71621590034713301 -0.72166332319269699 1.086212000647081 0.39111280430925138
decision_type=2 2 2 2
left_child=2 -2 -1 -4
right_child=1 -3 3 -5
leaf_value=-0.047689925161887872 -0.044889051721567208 0.084652354625136511 -0.010318954694484322 0.019420669970329311
leaf_weight=112.12077880650759 10.25083703920245 69.944366008043289 0.78653748705983051 0.76599733531475067
leaf_count=3200 257 262 17 5
internal_value=0.000365907 0.0676086 -0.0469424 0
internal_weight=193.869 80.1952 113.673 1.55253
internal_count=3741 519 3222 22
is_linear=0
shrinkage=0.05


Tree=165
num_leaves=5
num_cat=0
split_feature=34 12 7 34
split_gain=280.847 17.6351 7.66477 17.5865
threshold=-0.035790165331471641 -0.29621121795630795 -1.0330375764001005 -0.23121179449146803
decision_type=2 2 2 2
left_child=2 -2 3 -1
right_child=1 -3 -4 -5
leaf_value=-0.041009427807024476 -0.033413563555266562 0.083236517348294306 -0.047681474952910946 0.11384026868723125
leaf_weight=6.0202631391584855 2.8250147625803939 71.001789957284927 116.72685490362346 2.0464238896965981
leaf_count=140 76 267 3248 10
internal_value=0.00112195 0.0782418 -0.0444321 0
internal_weight=198.62 73.8268 124.794 8.06669
internal_count=3741 343 3398 150
is_linear=0
shrinkage=0.05


Tree=166
num_leaves=4
num_cat=0
split_feature=13 42 54
split_gain=305.971 3.7202 0.194533
threshold=1.0572812169062491 2.06991508755958 -0.71117960341215991
decision_type=2 2 2
left_child=1 -1 -2
right_child=2 -3 -4
leaf_value=-0.047341950772431272 0.083353004923596152 0.044143729094030408 0.034448718639508512
leaf_weight=125.81332038156688 69.396754264831543 0.46993827819824119 2.9587159827351561
leaf_count=3461 261 2 17
internal_value=0.00016647 -0.0466316 0.0819465
internal_weight=198.639 126.283 72.3555
internal_count=3741 3463 278
is_linear=0
shrinkage=0.05


Tree=167
num_leaves=3
num_cat=0
split_feature=11 54
split_gain=251.966 63.7445
threshold=0.36516487357309785 -0.72166332319269699
decision_type=2 2
left_child=-1 -2
right_child=1 -3
leaf_value=-0.047669992152156275 0.084170692322521723 -0.043809212404611497
leaf_weight=114.31825617142022 71.051488503813744 10.670581905171273
leaf_count=3191 269 281
internal_value=4.97534e-05 0.0669913
internal_weight=196.04 81.7221
internal_count=3741 550
is_linear=0
shrinkage=0.05


Tree=168
num_leaves=2
num_cat=0
split_feature=9
split_gain=310.142
threshold=-1.2850973392307055
decision_type=2
left_child=-1
right_child=-2
leaf_value=0.07790755721357151 -0.047796508372468599
leaf_weight=78.676224261522293 128.53782321326435
leaf_count=302 3439
internal_value=0
internal_weight=207.214
internal_count=3741
is_linear=0
shrinkage=0.05


Tree=169
num_leaves=2
num_cat=0
split_feature=17
split_gain=267.517
threshold=-0.23682318279820655
decision_type=2
left_child=-1
right_child=-2
leaf_value=-0.047538556208466011 0.078596943892663085
leaf_weight=115.41150724515319 65.440510332584381
leaf_count=3490 251
internal_value=-0.00166826
internal_weight=180.852
internal_count=3741
is_linear=0
shrinkage=0.05


Tree=170
num_leaves=10
num_cat=0
split_feature=25 28 24 34 26 13 54 10 10
split_gain=62.6568 60.1362 27.1035 32.6086 39.5403 19.7517 4.17136 0.745349 0.277083
threshold=-0.74299027955237895 -0.25069285368663585 -0.23411998404593962 -0.21794022629302931 -0.22590044214168895 -0.59998214874768474 0.60385018691864312 0.048069120715855042 -1.1853566682417387
decision_type=2 2 2 2 2 2 2 2 2
left_child=-1 2 3 4 5 -2 8 -8 -7
right_child=1 -3 -4 -5 -6 6 7 -9 -10
leaf_value=-0.047015378148456424 -0.036711895774834642 -0.046351775574402315 -0.042956980961032072 -0.042865855378478916 -0.042738540213738858 0 0.029771446547730687 -0.020209203218996007 0.073665500302395284
leaf_weight=51.498373501002789 3.8677788339555255 27.889630245044827 9.2624604664742929 9.0940535590052587 8.8630559593439084 0.054785873740910485 0.78821021318435613 1.2668012529611585 69.724511977285147
leaf_count=1568 119 824 279 275 268 1 3 39 365
internal_value=-0.000430431 0.0178281 0.0356013 0.0438227 0.0536362 0.065454 0.0715163 0 0.0735698
internal_weight=182.31 130.811 102.922 93.6592 84.5651 75.7021 71.8343 2.05501 69.7793
internal_count=3741 2173 1349 1070 795 527 408 42 366
is_linear=0
shrinkage=0.05


Tree=171
num_leaves=3
num_cat=0
split_feature=14 13
split_gain=256.396 46.9025
threshold=-0.22342537014154873 0.13994203084026802
decision_type=2 2
left_child=-1 -2
right_child=1 -3
leaf_value=-0.047694892826893265 -0.042519591342801283 0.080120797074698519
leaf_weight=117.19382074475288 8.122963931411503 73.485975563526154
leaf_count=3243 216 282
internal_value=-0.000262032 0.0674247
internal_weight=198.803 81.6089
internal_count=3741 498
is_linear=0
shrinkage=0.05


Tree=172
num_leaves=7
num_cat=0
split_feature=32 3 32 7 11 41
split_gain=263.596 8.48312 8.83771 1.51597 1.14719 0.681106
threshold=-0.020492214361493604 -1.3529711902272585 -0.22349611166549385 0.82709536029146802 -0.32574195270407125 -0.42870994170367666
decision_type=2 2 2 2 2 2
left_child=1 2 5 -2 -5 -1
right_child=3 -3 -4 4 -6 -7
leaf_value=0 0.079278990766698462 -0.047580872796963818 0.076482038617415066 0.046660977134883215 -0.0010955203168355951 -0.037975444793204645
leaf_weight=0.75696285441517819 66.997150748968124 113.67704742215574 2.4472464472055435 1.3273103237152102 1.2342683188617218 4.1585964169353238
leaf_count=13 256 3340 11 5 17 99
internal_value=0.000195862 -0.0441998 0.00452794 0.0775702 0.0190634 -0.0304325
internal_weight=190.599 121.04 7.36281 69.5587 2.56158 4.91556
internal_count=3741 3463 123 278 22 112
is_linear=0
shrinkage=0.05


Tree=173
num_leaves=7
num_cat=0
split_feature=28 11 3 28 10 28
split_gain=258.641 7.07294 4.9152 8.64323 0.85004 0.758054
threshold=-0.016241996166721773 0.050977498443351747 -1.3139822317748211 -0.20915210465647124 -0.21218311733364745 -0.2362180797808642
decision_type=2 2 2 2 2 2
left_child=2 -2 3 5 -3 -1
right_child=1 4 -4 -5 -6 -7
leaf_value=-0.040269756306547444 0.078887830775682427 0.023598138722955124 -0.047515399594143304 0.07658135571392756 -0.027578562511138261 0
leaf_weight=5.6495184991508705 68.54010546207428 0.53362959623336825 108.84300908632576 1.8287344276905058 1.5664647053927172 0.78269004449248303
leaf_count=149 262 2 3279 7 28 14
internal_value=0.000717461 0.0761008 -0.0446734 -0.00379995 -0.00292235 -0.0341347
internal_weight=187.744 70.6402 117.104 8.26094 2.10009 6.43221
internal_count=3741 292 3449 170 30 163
is_linear=0
shrinkage=0.05


Tree=174
num_leaves=6
num_cat=0
split_feature=14 14 12 7 7
split_gain=214.909 3.92524 14.1445 3.04969 1.08742
threshold=-0.012102858588050899 -0.19445728539780005 -0.25000208620374631 0.81661094717689686 1.0684085167209367
decision_type=2 2 2 2 2
left_child=1 -1 -3 -2 -5
right_child=3 2 -4 4 -6
leaf_value=-0.047221004502079618 0.079564593245881887 -0.040070983682071043 0.12562129457513757 0.038659891450081217 -0.016628010458448073
leaf_weight=93.826618066057563 53.891793742775917 5.8575774412602186 1.1008805856108654 1.052791386842727 1.0552645046263931
leaf_count=3293 206 202 6 4 30
internal_value=-0.00076941 -0.0445065 -0.00384124 0.0772007 0.00351595
internal_weight=156.785 100.785 6.95846 55.9998 2.10806
internal_count=3741 3501 208 240 34
is_linear=0
shrinkage=0.05


Tree=175
num_leaves=5
num_cat=0
split_feature=26 7 26 12
split_gain=254.284 7.61023 14.9871 1.07252
threshold=0.050020555625408726 -0.97307161659744723 -0.24549254867395884 -0.2690846258729182
decision_type=2 2 2 2
left_child=1 2 -1 -4
right_child=-2 -3 3 -5
leaf_value=-0.042429922755623475 0.077823242135899681 -0.047493206234262751 0.011530495665881133 0.097099366301669696
leaf_weight=7.8772298377007228 67.554021537303925 107.04437306523323 1.4762578606605532 2.1371574103832245
leaf_count=205 259 3252 16 9
internal_value=0.000600067 -0.043342 -0.0022177 0.0738689
internal_weight=186.089 118.535 11.4906 3.61342
internal_count=3741 3482 230 25
is_linear=0
shrinkage=0.05


Tree=176
num_leaves=4
num_cat=0
split_feature=21 7 21
split_gain=264.33 5.5448 6.95999
threshold=-0.077859661017409515 -1.0780044190313618 -0.23911959978443822
decision_type=2 2 2
left_child=1 2 -1
right_child=-2 -3 -4
leaf_value=-0.0363483278591148 0.07757261508095728 -0.047613981590381986 0.071798156148733985
leaf_weight=3.4596131816506377 67.417123548686504 117.00504564866424 1.8605504930019376
leaf_count=78 263 3393 7
internal_value=-0.00144982 -0.0453435 9.58486e-05
internal_weight=189.742 122.325 5.32016
internal_count=3741 3478 85
is_linear=0
shrinkage=0.05


Tree=177
num_leaves=4
num_cat=0
split_feature=24 0 24
split_gain=263.275 9.82218 13.6257
threshold=0.052200713399013686 -1.5140421632251539 -0.23411998404593962
decision_type=2 2 2
left_child=1 2 -1
right_child=-2 -3 -4
leaf_value=-0.040224154429099664 0.077603388516116131 -0.047568038058664198 0.080093923622558294
leaf_weight=5.4669778887182456 70.41501048207283 112.47699036635458 3.3348534144461155
leaf_count=134 273 3314 20
internal_value=0.0008912 -0.0435787 0.00452941
internal_weight=191.694 121.279 8.80183
internal_count=3741 3468 154
is_linear=0
shrinkage=0.05


Tree=178
num_leaves=5
num_cat=0
split_feature=11 54 46 11
split_gain=222.987 54.9091 1.7954 0.232246
threshold=0.71621590034713301 -0.72166332319269699 1.086212000647081 0.39111280430925138
decision_type=2 2 2 2
left_child=2 -2 -1 -4
right_child=1 -3 3 -5
leaf_value=-0.047539938146317011 -0.044426389343071783 0.079837316559435156 -0.010007015301477455 0.018893314520982696
leaf_weight=104.45471629686654 9.5988214090466482 68.862199991941452 0.77665495872497448 0.7684127539396286
leaf_count=3200 257 262 17 5
internal_value=0.000328102 0.0641334 -0.0467452 0
internal_weight=184.461 78.461 106 1.54507
internal_count=3741 519 3222 22
is_linear=0
shrinkage=0.05


Tree=179
num_leaves=5
num_cat=0
split_feature=34 12 2 34
split_gain=250.89 15.3212 7.32701 14.2106
threshold=-0.035790165331471641 -0.29621121795630795 -1.4106045179715421 -0.23121179449146803
decision_type=2 2 2 2
left_child=2 -2 3 -1
right_child=1 -3 -4 -5
leaf_value=-0.040527337136868603 -0.032534789198989916 0.078637028170968903 -0.047529029800121657 0.094761382662646471
leaf_weight=5.6979463901370746 2.6569866426289073 69.742815256118774 108.55519918911159 2.3226382676512003
leaf_count=140 76 267 3243 15
internal_value=0.00107654 0.0740191 -0.0441338 0
internal_weight=188.976 72.3998 116.576 8.02058
internal_count=3741 343 3398 155
is_linear=0
shrinkage=0.05


Tree=180
num_leaves=4
num_cat=0
split_feature=13 42 7
split_gain=273.493 3.57502 0.230954
threshold=1.0572812169062491 2.06991508755958 0.76536499958657911
decision_type=2 2 2
left_child=1 -1 -2
right_child=2 -3 -4
leaf_value=-0.047164044409626488 0.078777139353235368 0.04165726132261291 0.031240761939830566
leaf_weight=117.24864541739225 68.188584715127945 0.48339313268661399 2.9320092052221289
leaf_count=3461 261 2 17
internal_value=0.000162511 -0.0464133 0.0773983
internal_weight=188.853 117.732 71.1206
internal_count=3741 3463 278
is_linear=0
shrinkage=0.05


Tree=181
num_leaves=3
num_cat=0
split_feature=11 54
split_gain=226.629 55.4256
threshold=0.36516487357309785 -0.72166332319269699
decision_type=2 2
left_child=-1 -2
right_child=1 -3
leaf_value=-0.047519483643848399 0.079356297865773459 -0.043398723281284066
leaf_weight=106.50037779472768 69.972007386386395 9.9737611394375545
leaf_count=3191 269 281
internal_value=1.73689e-05 0.0635565
internal_weight=186.446 79.9458
internal_count=3741 550
is_linear=0
shrinkage=0.05


Tree=182
num_leaves=2
num_cat=0
split_feature=9
split_gain=278.601
threshold=-1.2850973392307055
decision_type=2
left_child=-1
right_child=-2
leaf_value=0.074126994531319948 -0.047640861902255673
leaf_weight=76.645936489105225 119.60639285668731
leaf_count=302 3439
internal_value=0
internal_weight=196.252
internal_count=3741
is_linear=0
shrinkage=0.05


Tree=183
num_leaves=2
num_cat=0
split_feature=17
split_gain=240.342
threshold=-0.23682318279820655
decision_type=2
left_child=-1
right_child=-2
leaf_value=-0.04739614598802671 0.074720427375565585
leaf_weight=107.37696668691933 63.798545226454735
leaf_count=3490 251
internal_value=-0.00165159
internal_weight=171.176
internal_count=3741
is_linear=0
shrinkage=0.05


Tree=184
num_leaves=7
num_cat=0
split_feature=31 31 46 46 46 54
split_gain=225.553 4.99678 7.14457 0.299463 0.0545848 0.0260986
threshold=0.022232060841922929 -0.14441128530488201 -1.0000000180025095e-35 0.94926502177408389 1.2117467312806622 0.60268314363871156
decision_type=2 2 2 2 2 2
left_child=1 3 -3 -1 -5 -2
right_child=5 2 -4 4 -6 -7
leaf_value=-0.046891930317921077 0.075050751720114162 -0.036364612836977644 0.073490788964700696 0 -0.010498130074947341 0.027320345574226381
leaf_weight=102.66663253121078 61.313147962093353 3.7147669736295938 1.7751547992229451 0.76665473729371914 0.78475171700119972 2.4540581703186026
leaf_count=3343 240 112 7 10 15 14
internal_value=-0.000472271 -0.0440258 0 -0.0464669 -0.00158158 0.0738297
internal_weight=173.475 109.708 5.48992 104.218 1.55141 63.7672
internal_count=3741 3487 119 3368 25 254
is_linear=0
shrinkage=0.05


Tree=185
num_leaves=3
num_cat=0
split_feature=14 11
split_gain=231.663 41.269
threshold=-0.22342537014154873 -0.10022939013777639
decision_type=2 2
left_child=-1 -2
right_child=1 -3
leaf_value=-0.04754144739721379 -0.042047845147556127 0.076265516894635885
leaf_weight=109.05544154532254 7.6060082986950865 71.776169002056122
leaf_count=3243 216 282
internal_value=-0.000196282 0.0644241
internal_weight=188.438 79.3822
internal_count=3741 498
is_linear=0
shrinkage=0.05


Tree=186
num_leaves=5
num_cat=0
split_feature=32 11 6 32
split_gain=236.922 15.0671 3.44833 3.51866
threshold=-0.12772669098209066 0.26146111498592245 -1.210561939734544 -0.24843806083186923
decision_type=2 2 2 2
left_child=2 -2 3 -1
right_child=1 -3 -4 -5
leaf_value=-0.034362348183211072 0.075963162429435779 -0.033304074244533584 -0.0474398660680765 0.045784921078506034
leaf_weight=2.9744316395372143 68.370989501476288 2.7121475618332616 105.08805390633643 1.7392894625663755
leaf_count=73 267 75 3307 19
internal_value=0.000268674 0.0712414 -0.0455654 0
internal_weight=180.885 71.0831 109.802 4.71372
internal_count=3741 342 3399 92
is_linear=0
shrinkage=0.05


Tree=187
num_leaves=5
num_cat=0
split_feature=28 11 1 28
split_gain=231.902 12.2537 3.49185 6.57773
threshold=-0.063220819686193586 0.27534670560501068 -1.3118659812430378 -0.2362180797808642
decision_type=2 2 2 2
left_child=2 -2 3 -1
right_child=1 -3 -4 -5
leaf_value=-0.038615895053323523 0.075223916543895195 -0.031911311141967512 -0.047374975226357537 0.062570078586843533
leaf_weight=4.6212203204631797 67.943449974060059 2.1807928998023263 101.55337881669402 1.7828295603394506
leaf_count=127 266 51 3285 12
internal_value=0.000690646 0.0713358 -0.045084 -0.00433422
internal_weight=178.082 70.1242 107.957 6.40405
internal_count=3741 317 3424 139
is_linear=0
shrinkage=0.05


Tree=188
num_leaves=8
num_cat=0
split_feature=39 13 21 19 46 39 39
split_gain=134.466 46.0439 13.8745 2.59416 2.51302 0.113672 1.81774
threshold=-0.30279680760908595 -0.39686092166450643 -0.24150565847861075 -1.0905347891824193 1.1204487453653302 -0.34659392666178646 -0.33376041357201242
decision_type=2 2 2 2 2 2 2
left_child=4 -2 3 -3 5 -1 -7
right_child=1 2 -4 -5 -6 6 -8
leaf_value=-0.046351237030106442 -0.043100829737243641 0 -0.032120130676278121 0.075388876631991369 0.012017814068291853 0.027494377651855331 -0.035820668703287151
leaf_weight=75.751425622031093 10.322718357667325 0.50913833826780219 2.6397212110459796 54.059784788638353 1.0679658316075791 0.71340487711131562 3.5789579544216386
leaf_count=2862 396 18 97 214 17 13 124
internal_value=-0.000715175 0.0510293 0.0686736 0.0742507 -0.0441512 -0.0452809 -0.0183102
internal_weight=148.643 67.5314 57.2086 54.5689 81.1118 80.0438 4.29236
internal_count=3741 725 329 232 3016 2999 137
is_linear=0
shrinkage=0.05


Tree=189
num_leaves=6
num_cat=0
split_feature=26 11 2 26 12
split_gain=228.161 12.883 3.08522 5.18373 3.89955
threshold=-0.094677701640651452 0.26146111498592245 -1.4106045179715421 -0.24549254867395884 -0.25000208620374631
decision_type=2 2 2 2 2
left_child=2 -2 3 -1 -5
right_child=1 -3 -4 4 -6
leaf_value=-0.039054114975025367 0.075118947052472629 -0.031838314116366395 -0.047355730450583632 -0.014012136200685303 0.088683387135685007
leaf_weight=4.8343153409659854 67.180784463882446 2.3395009730011216 99.875844808295369 0.91527595743536982 1.3803469464182851
leaf_count=130 263 70 3251 21 6
internal_value=0.000587091 0.0709609 -0.0450187 -0.00804757 0.0436126
internal_weight=176.526 69.5203 107.006 7.12994 2.29562
internal_count=3741 333 3408 157 27
is_linear=0
shrinkage=0.05


Tree=190
num_leaves=4
num_cat=0
split_feature=21 19 21
split_gain=237.094 5.46765 7.34465
threshold=-0.060684639219044885 -1.6724375537264851 -0.23911959978443822
decision_type=2 2 2
left_child=1 2 -1
right_child=-2 -3 -4
leaf_value=-0.038160259950151355 0.074272992982474792 -0.047462812271904381 0.06438678912351567
leaf_weight=4.2146214749664059 65.136220574378967 108.11942228116095 2.273061528801918
leaf_count=104 256 3370 11
internal_value=-0.00142445 -0.0447995 0
internal_weight=179.743 114.607 6.48768
internal_count=3741 3485 115
is_linear=0
shrinkage=0.05


Tree=191
num_leaves=4
num_cat=0
split_feature=24 0 24
split_gain=235.488 9.40125 12.087
threshold=0.052200713399013686 -1.5140421632251539 -0.23411998404593962
decision_type=2 2 2
left_child=1 2 -1
right_child=-2 -3 -4
leaf_value=-0.039704191916776196 0.073671097354306297 -0.047420095150578795 0.074240374588857502
leaf_weight=5.1730392575263959 68.752131626009941 104.59887813217938 3.3896346129477024
leaf_count=134 273 3314 20
internal_value=0.000858522 -0.0432888 0.0042509
internal_weight=181.914 113.162 8.56267
internal_count=3741 3468 154
is_linear=0
shrinkage=0.05


Tree=192
num_leaves=5
num_cat=0
split_feature=11 54 46 11
split_gain=200.815 48.1427 1.77056 0.218169
threshold=0.71621590034713301 -0.72166332319269699 1.086212000647081 0.39111280430925138
decision_type=2 2 2 2
left_child=2 -2 -1 -4
right_child=1 -3 3 -5
leaf_value=-0.047394587878679138 -0.043948527168348323 0.075757623421063305 -0.0096893744885051675 0.018319078484446707
leaf_weight=97.187722453847528 8.9790350254625064 67.295805633068085 0.76672074198722728 0.77089802175760269
leaf_count=3200 257 262 17 5
internal_value=0.000288308 0.0611458 -0.0465492 0
internal_weight=175 76.2748 98.7253 1.53762
internal_count=3741 519 3222 22
is_linear=0
shrinkage=0.05


Tree=193
num_leaves=5
num_cat=0
split_feature=34 13 34 12
split_gain=224.943 19.0098 5.35241 10.0018
threshold=-0.074656764804330034 0.36694175323566708 -0.23121179449146803 -0.23507540668723995
decision_type=2 2 2 2
left_child=2 -2 -1 -4
right_child=1 -3 3 -5
leaf_value=-0.047411272381152419 0.075220691790015726 -0.035670280260908613 -0.038370917202156012 0.088581639374525387
leaf_weight=100.94444513320923 68.487078502774239 3.4970325883477917 4.6527245007455349 1.7197794169187535
leaf_count=3205 269 109 151 7
internal_value=0.00103441 0.0692797 -0.0446191 0
internal_weight=179.301 71.9841 107.317 6.3725
internal_count=3741 378 3363 158
is_linear=0
shrinkage=0.05


Tree=194
num_leaves=3
num_cat=0
split_feature=14 14
split_gain=180.712 78.34
threshold=-0.22352134256940756 -0.22342537014154873
decision_type=2 2
left_child=-1 -2
right_child=1 -3
leaf_value=-0.047375832974414903 0.075994287694244281 -0.045049416098601053
leaf_weight=93.973524203523993 69.158344194293022 15.911397403106092
leaf_count=2971 272 498
internal_value=0.000159017 0.0529312
internal_weight=179.043 85.0697
internal_count=3741 770
is_linear=0
shrinkage=0.05


Tree=195
num_leaves=3
num_cat=0
split_feature=11 54
split_gain=204.261 48.5037
threshold=0.36516487357309785 -0.72166332319269699
decision_type=2 2
left_child=-1 -2
right_child=1 -3
leaf_value=-0.047373428390501571 0.075254068036534102 -0.042972938260976951
leaf_weight=99.087626505643129 68.41753363609314 9.3128592725843173
leaf_count=3191 269 281
internal_value=0 0.0605856
internal_weight=176.818 77.7304
internal_count=3741 550
is_linear=0
shrinkage=0.05


Tree=196
num_leaves=2
num_cat=0
split_feature=9
split_gain=250.821
threshold=-1.2850973392307055
decision_type=2
left_child=-1
right_child=-2
leaf_value=0.070878522810050845 -0.047490384167299643
leaf_weight=74.207736983895302 111.1184837706387
leaf_count=302 3439
internal_value=0
internal_weight=185.326
internal_count=3741
is_linear=0
shrinkage=0.05


Tree=197
num_leaves=2
num_cat=0
split_feature=17
split_gain=216.504
threshold=-0.23682318279820655
decision_type=2
left_child=-1
right_child=-2
leaf_value=-0.047257500326511465 0.071412842785994801
leaf_weight=99.745966931805015 61.817781776189804
leaf_count=3490 251
internal_value=-0.00161717
internal_weight=161.564
internal_count=3741
is_linear=0
shrinkage=0.05


Tree=198
num_leaves=4
num_cat=0
split_feature=31 31 9
split_gain=202.432 4.90955 14.0273
threshold=0.022232060841922929 -0.22678979233387167 -1.1571337413102591
decision_type=2 2 2
left_child=1 -1 -3
right_child=-2 2 -4
leaf_value=-0.047240212829108522 0.070451759152298871 0.092400375479228136 -0.041442519953854076
leaf_weight=92.899558916687965 61.885499075055122 2.0936042666435242 7.2021089568734151
leaf_count=3233 254 9 245
internal_value=-0.000434994 -0.0437387 -0.00556823
internal_weight=164.081 102.195 9.29571
internal_count=3741 3487 254
is_linear=0
shrinkage=0.05


Tree=199
num_leaves=3
num_cat=0
split_feature=14 11
split_gain=209.717 36.5411
threshold=-0.22342537014154873 -0.10022939013777639
decision_type=2 2
left_child=-1 -2
right_child=1 -3
leaf_value=-0.047392284739130999 -0.041564540205662019 0.072968594732087277
leaf_weight=101.31623636744916 7.1201405450701705 69.704803586006165
leaf_count=3243 216 282
internal_value=-0.000107959 0.0618302
internal_weight=178.141 76.8249
internal_count=3741 498
is_linear=0
shrinkage=0.05


Tree=200
num_leaves=5
num_cat=0
split_feature=32 11 6 32
split_gain=212.846 13.2893 3.40531 3.18725
threshold=-0.12772669098209066 0.26146111498592245 -1.210561939734544 -0.24843806083186923
decision_type=2 2 2 2
left_child=2 -2 3 -1
right_child=1 -3 -4 -5
leaf_value=-0.033632585077233199 0.072470368879318001 -0.032408440983624477 -0.047296145452784905 0.043149333927245848
leaf_weight=2.8222753405570975 66.368948757648468 2.5548979081213465 97.608834303915501 1.7612455524504183
leaf_count=73 267 75 3307 19
internal_value=0.000248681 0.0680172 -0.0453231 0
internal_weight=171.116 68.9238 102.192 4.58352
internal_count=3741 342 3399 92
is_linear=0
shrinkage=0.05


Tree=201
num_leaves=5
num_cat=0
split_feature=28 11 1 28
split_gain=208.237 10.8543 3.43924 5.95095
threshold=-0.063220819686193586 0.27534670560501068 -1.3118659812430378 -0.2362180797808642
decision_type=2 2 2 2
left_child=2 -2 3 -1
right_child=1 -3 -4 -5
leaf_value=-0.038040903758329948 0.071811669007792775 -0.030877953898927377 -0.047232567354401518 0.058509455908182274
leaf_weight=4.370007684454321 65.891557201743126 2.0656704809516659 94.297649493440986 1.8142091669142244
leaf_count=127 266 51 3285 12
internal_value=0.000657474 0.0681223 -0.0448337 -0.00371867
internal_weight=168.439 67.9572 100.482 6.18422
internal_count=3741 317 3424 139
is_linear=0
shrinkage=0.05


Tree=202
num_leaves=6
num_cat=0
split_feature=14 14 12 7 7
split_gain=173.014 4.11987 11.7083 1.8232 1.10213
threshold=-0.012102858588050899 -0.19445728539780005 -0.25000208620374631 0.80746842789870643 1.0684085167209367
decision_type=2 2 2 2 2
left_child=1 -1 -3 -2 -5
right_child=3 2 -4 4 -6
leaf_value=-0.046963865317353443 0.072089462792620754 -0.038884079836147639 0.11053034328861081 0.038832263315979297 -0.014207217000210349
leaf_weight=81.296445183455944 50.848893895745277 5.1099342238157988 1.2019233778119076 1.2596686184406274 0.94972024112939823
leaf_count=3293 205 202 6 5 30
internal_value=-0.00068749 -0.0439402 -0.000737384 0.0700069 0.00839135
internal_weight=140.667 87.6083 6.31186 53.0583 2.20939
internal_count=3741 3501 208 240 35
is_linear=0
shrinkage=0.05


Tree=203
num_leaves=6
num_cat=0
split_feature=26 11 2 26 12
split_gain=204.941 11.396 3.02462 4.76599 3.40496
threshold=-0.094677701640651452 0.26146111498592245 -1.4106045179715421 -0.24549254867395884 -0.25000208620374631
decision_type=2 2 2 2 2
left_child=2 -2 3 -1 -5
right_child=1 -3 -4 4 -6
leaf_value=-0.038515902340270566 0.071716079227217996 -0.030893456299525241 -0.047213485565253357 -0.012862204849925271 0.082632353917416357
leaf_weight=4.5815785136073819 65.145042479038239 2.2095260862261048 92.734414387494326 0.87345227599144015 1.4148251488804815
leaf_count=130 263 70 3251 21 6
internal_value=0.000549485 0.0677788 -0.0447741 -0.00748464 0.0414453
internal_weight=166.959 67.3546 99.6043 6.86986 2.28828
internal_count=3741 333 3408 157 27
is_linear=0
shrinkage=0.05


Tree=204
num_leaves=4
num_cat=0
split_feature=21 7 21
split_gain=213.225 5.12079 5.56184
threshold=-0.077859661017409515 -1.0780044190313618 -0.23911959978443822
decision_type=2 2 2
left_child=1 2 -1
right_child=-2 -3 -4
leaf_value=-0.034984646434067221 0.070467460192799716 -0.047321952911209858 0.063033882240011302
leaf_weight=3.1220410019159308 63.682085692882538 101.08436975628138 1.8838038742542265
leaf_count=78 263 3393 7
internal_value=-0.0013853 -0.0448787 0
internal_weight=169.772 106.09 5.00584
internal_count=3741 3478 85
is_linear=0
shrinkage=0.05


Tree=205
num_leaves=5
num_cat=0
split_feature=24 11 2 24
split_gain=211.685 15.4509 3.61277 4.8978
threshold=-0.1139054370883454 0.19210145770252621 -1.4699071507446801 -0.23411998404593962
decision_type=2 2 2 2
left_child=2 -2 3 -1
right_child=1 -3 -4 -5
leaf_value=-0.034450853888554032 0.072049680016902248 -0.03468590628026659 -0.047286327509028225 0.067000238292064737
leaf_weight=3.0612960178405038 67.862846195697784 2.9602132216095915 96.971131455153227 1.2860727608203886
leaf_count=85 274 83 3294 5
internal_value=0.000830775 0.067026 -0.045297 0
internal_weight=172.142 70.8231 101.319 4.34737
internal_count=3741 357 3384 90
is_linear=0
shrinkage=0.05


Tree=206
num_leaves=5
num_cat=0
split_feature=11 54 46 11
split_gain=181.131 42.4471 1.75182 0.208646
threshold=0.71621590034713301 -0.72166332319269699 1.086212000647081 0.39111280430925138
decision_type=2 2 2 2
left_child=2 -2 -1 -4
right_child=1 -3 3 -5
leaf_value=-0.047252508500934674 -0.043454119893411365 0.072268252282507162 -0.0093953261345967876 0.017975401324632486
leaf_weight=90.281371099874377 8.3914699926972371 65.337574318051338 0.75756151415407547 0.77077373117208481
leaf_count=3200 257 262 17 5
internal_value=0.000258827 0.0585565 -0.0463507 0
internal_weight=165.539 73.729 91.8097 1.52834
internal_count=3741 519 3222 22
is_linear=0
shrinkage=0.05


Tree=207
num_leaves=5
num_cat=0
split_feature=34 13 34 9
split_gain=202.132 16.7329 5.26214 8.85707
threshold=-0.074656764804330034 0.36694175323566708 -0.23121179449146803 -1.1922412526341832
decision_type=2 2 2 2
left_child=2 -2 -1 -4
right_child=1 -3 3 -5
leaf_value=-0.047268540119973265 0.07183486659648422 -0.034871899456704221 0.08199754918223226 -0.037675852513747971
leaf_weight=93.800671111792326 66.395002901554108 3.2775312885642043 1.7705197036266325 4.3444879334419957
leaf_count=3205 269 109 7 151
internal_value=0.000998692 0.0662462 -0.0443536 0
internal_weight=169.588 69.6725 99.9157 6.11501
internal_count=3741 378 3363 158
is_linear=0
shrinkage=0.05


Tree=208
num_leaves=4
num_cat=0
split_feature=13 42 39
split_gain=220.212 3.24696 0.15716
threshold=1.0572812169062491 2.06991508755958 -0.47697173760788247
decision_type=2 2 2
left_child=1 -1 -2
right_child=2 -3 -4
leaf_value=-0.046814071320098738 0.071492126737085743 0.036101810117380194 0.026585196246113187
leaf_weight=101.42488237842917 64.461797371506691 0.50996649265289207 2.7900302782654753
leaf_count=3461 261 2 17
internal_value=0.000127683 -0.045981 0.070208
internal_weight=169.187 101.935 67.2518
internal_count=3741 3463 278
is_linear=0
shrinkage=0.05


Tree=209
num_leaves=3
num_cat=0
split_feature=11 54
split_gain=184.401 42.6772
threshold=0.36516487357309785 -0.72166332319269699
decision_type=2 2
left_child=-1 -2
right_child=1 -3
leaf_value=-0.047230931606915438 0.071732450634919231 -0.042529589350268113
leaf_weight=92.043850583955646 66.477583490312099 8.6868738252669555
leaf_count=3191 269 281
internal_value=0 0.0580028
internal_weight=167.208 75.1645
internal_count=3741 550
is_linear=0
shrinkage=0.05


Tree=210
num_leaves=2
num_cat=0
split_feature=9
split_gain=223.102
threshold=-1.2850973392307055
decision_type=2
left_child=-1
right_child=-2
leaf_value=0.06805180216074011 -0.047354475449753776
leaf_weight=69.099512845277786 104.61042470764369
leaf_count=292 3486
internal_value=-0.00124032
internal_weight=173.71
internal_count=3778
is_linear=0
shrinkage=0.05


Tree=211
num_leaves=2
num_cat=0
split_feature=17
split_gain=201.592
threshold=-0.23682318279820655
decision_type=2
left_child=-1
right_child=-2
leaf_value=-0.047129364362618921 0.068560646996256955
leaf_weight=93.303270407952368 62.401390582323074
leaf_count=3515 263
internal_value=-0.000533457
internal_weight=155.705
internal_count=3778
is_linear=0
shrinkage=0.05


Tree=212
num_leaves=6
num_cat=0
split_feature=31 31 12 13 7
split_gain=184.402 6.11159 15.959 3.50213 0.814075
threshold=-0.022375722688383625 -0.22678979233387167 -0.28178485752223686 -0.095213547723055694 1.0684085167209367
decision_type=2 2 2 2 2
left_child=1 -1 -3 -2 -5
right_child=3 2 -4 4 -6
leaf_value=-0.047100995434301206 0.068898362468143126 -0.040574272395635269 0.10924889439204555 0.031363398913348037 -0.021023905247033663
leaf_weight=86.570502754300833 60.998652189970016 6.3687264621257782 1.8953821659088115 0.79058235883712713 1.2323108892887829
leaf_count=3249 255 234 9 3 28
internal_value=0.000619524 -0.0431964 0 0.0667681 0
internal_weight=157.856 94.8346 8.26411 63.0215 2.02289
internal_count=3778 3492 243 286 31
is_linear=0
shrinkage=0.05


Tree=213
num_leaves=3
num_cat=0
split_feature=14 11
split_gain=195.557 32.3244
threshold=-0.22342537014154873 -0.095001506195549243
decision_type=2 2
left_child=-1 -2
right_child=1 -3
leaf_value=-0.047257840847863525 -0.041003430510941803 0.069826342798133018
leaf_weight=94.8690982516855 6.6349826939404002 70.21065354347229
leaf_count=3266 218 294
internal_value=0.000510815 0.0597307
internal_weight=171.715 76.8456
internal_count=3778 512
is_linear=0
shrinkage=0.05


Tree=214
num_leaves=11
num_cat=0
split_feature=13 25 31 7 26 41 25 31 10 42
split_gain=76.5371 71.086 14.6945 12.6888 11.5791 9.82948 3.8465 2.98176 1.22556 0.0713624
threshold=-0.44304500555780596 -0.52907957153334773 0.55451898421370893 -0.82648345680508151 2.09874263191137 -0.42870941115104594 -0.74803596974773778 -0.2452451829628742 0.074410638094063883 0.62417678483066175
decision_type=2 2 2 2 2 2 2 2 2 2
left_child=1 -1 4 5 -3 6 -2 8 -8 -10
right_child=3 2 -4 -5 -6 -7 7 -9 9 -11
leaf_value=-0.045399630009969529 -0.026270123546506409 0.068600363162651487 -0.034956749346588566 -0.046846149043240859 -0.031024853741071026 -0.042075305951325699 0.058838011683756797 -0.016773683702779547 -0.0060603242368503984 0.011640140147530906
leaf_weight=21.162555763497949 1.7632707227021445 60.396238669753075 3.3372961636632672 57.751472055912018 2.435651369392871 7.7796428091824046 7.6038643233478087 1.0416577104479063 0.66834609769284703 0.50001896917819977
leaf_count=786 57 253 121 2132 90 244 49 24 20 2
internal_value=0.000834535 0.0329473 0.0585321 -0.0351917 0.0641292 0 0.028654 0.0417414 0.0519158 0
internal_weight=164.44 87.3317 66.1692 77.1083 62.8319 19.3568 11.5772 9.81389 8.77223 1.16837
internal_count=3778 1250 464 2528 343 396 152 95 71 22
is_linear=0
shrinkage=0.05


Tree=215
num_leaves=5
num_cat=0
split_feature=28 11 1 28
split_gain=183.865 12.3178 2.40159 4.59119
threshold=-0.11116261608311243 0.26146111498592245 -1.3118659812430378 -0.2362180797808642
decision_type=2 2 2 2
left_child=2 -2 3 -1
right_child=1 -3 -4 -5
leaf_value=-0.037521301290825759 0.069032670756501199 -0.032861311763764244 -0.04709782314054678 0.050433299958348721
leaf_weight=4.1405166536569586 61.688493728637695 2.4930677451193324 88.113117763772607 1.5705368369817732
leaf_count=126 258 74 3309 11
internal_value=-0.000305967 0.0644648 -0.0449851 -0.00719592
internal_weight=158.006 64.1816 93.8242 5.71105
internal_count=3778 332 3446 137
is_linear=0
shrinkage=0.05


Tree=216
num_leaves=6
num_cat=0
split_feature=14 14 12 7 7
split_gain=160.421 1.5819 6.99826 0.880887 1.15005
threshold=-0.012102858588050899 -0.19445728539780005 -0.25000208620374631 0.80746842789870643 1.0684085167209367
decision_type=2 2 2 2 2
left_child=1 -1 -3 -2 -5
right_child=3 2 -4 4 -6
leaf_value=-0.046845941758902429 0.06877632935547548 -0.038641994921548357 0.088918857761330572 0.041037592583275162 -0.011000845141905352
leaf_weight=76.162540150806308 49.739280819892883 5.0068046543747187 0.78226739168167014 1.4771828055381768 0.82724573090672482
leaf_count=3319 208 213 4 6 28
internal_value=-0.00106542 -0.0447548 -0.0117309 0.0670263 0.0148116
internal_weight=133.995 81.9516 5.78907 52.0437 2.30443
internal_count=3778 3536 217 242 34
is_linear=0
shrinkage=0.05


Tree=217
num_leaves=7
num_cat=0
split_feature=26 41 2 26 12 7
split_gain=189.716 5.02194 2.67185 4.27766 3.30335 0.455878
threshold=-0.05111221547206872 -0.42870907232452693 -1.3983565997068559 -0.24549254867395884 -0.26251837231374259 -1.0000000180025095e-35
decision_type=2 2 2 2 2 2
left_child=2 -2 3 -1 -5 -3
right_child=1 5 -4 4 -6 -7
leaf_value=-0.03863859184979735 0.068711547708838694 0.013507537358394873 -0.047080238590789712 -0.014930094717667035 0.077307479729084735 -0.022583981855453333
leaf_weight=4.6572044268250457 62.74795937538147 0.50461216270923626 87.144609292969108 0.96358646638691459 1.4402630180120466 1.3888492360711084
leaf_count=137 263 2 3296 25 6 49
internal_value=0.000435065 0.0662678 -0.044585 -0.00940633 0.0355202 -0.00170795
internal_weight=158.847 64.6414 94.2057 7.06105 2.40385 1.89346
internal_count=3778 314 3464 168 31 51
is_linear=0
shrinkage=0.05


Tree=218
num_leaves=4
num_cat=0
split_feature=21 7 21
split_gain=198.617 6.70893 5.95662
threshold=-0.060684639219044885 -1.0656357191958052 -0.24778315296193945
decision_type=2 2 2
left_child=1 2 -1
right_child=-2 -3 -4
leaf_value=-0.035415500266290187 0.068198372284599101 -0.047183682237788613 0.056198094054006588
leaf_weight=3.3110369108617297 64.585794195532799 94.065796863287687 2.723381370306015
leaf_count=90 272 3403 13
internal_value=0 -0.0438944 0.00324101
internal_weight=164.686 100.1 6.03442
internal_count=3778 3506 103
is_linear=0
shrinkage=0.05


Tree=219
num_leaves=6
num_cat=0
split_feature=24 7 24 7 54
split_gain=193.565 3.50743 5.90842 1.68417 0.757262
threshold=0.027483590083962898 -1.0534877756510321 -0.20897839553120795 0.80746842789870643 0.56291701941117922
decision_type=2 2 2 2 2
left_child=1 2 -1 -2 -5
right_child=3 -3 -4 4 -6
leaf_value=-0.038009245812697053 0.068702916012910592 -0.047144738551400278 0.05841917068200795 0.035308876665607641 -0.0042416684777157355
leaf_weight=4.2624195981770745 61.285243034362793 91.714157376438379 1.8297367542982099 1.2111877799034112 1.2131894230842588
leaf_count=117 257 3375 7 5 17
internal_value=-0.000428028 -0.04468 -0.00302097 0.0669367 0.00962712
internal_weight=161.516 97.8063 6.09216 63.7096 2.42438
internal_count=3778 3499 124 279 22
is_linear=0
shrinkage=0.05


Tree=220
num_leaves=4
num_cat=0
split_feature=11 54 41
split_gain=167.346 31.5995 3.96616
threshold=0.39111280430925138 -0.75431068484562347 -0.17627240682928683
decision_type=2 2 2
left_child=-1 2 -2
right_child=1 -3 -4
leaf_value=-0.047055621748883253 0.063203388413347147 0.068258073703554786 -0.042650263084477641
leaf_weight=84.498829897493124 0.36809432506561091 63.941865965723991 7.9594613295048475
leaf_count=3242 3 267 266
internal_value=0.000432847 0.0562427 -0.0318244
internal_weight=156.768 72.2694 8.32756
internal_count=3778 536 269
is_linear=0
shrinkage=0.05


Tree=221
num_leaves=5
num_cat=0
split_feature=34 12 34 12
split_gain=186.926 10.4953 3.11619 7.74798
threshold=-0.035790165331471641 -0.29621121795630795 -0.23121179449146803 -0.25000208620374631
decision_type=2 2 2 2
left_child=2 -2 -1 -4
right_child=1 -3 3 -5
leaf_value=-0.04713837947614366 -0.029716510525641587 0.068553686772217265 -0.039087569752465676 0.073351678381743474
leaf_weight=87.923815613612533 2.2081293705850831 63.795745491981506 5.1942140348255634 1.5418124496936787
leaf_count=3234 76 268 194 6
internal_value=0.000225089 0.0646915 -0.0445667 -0.0066062
internal_weight=160.664 66.0039 94.6598 6.73603
internal_count=3778 344 3434 200
is_linear=0
shrinkage=0.05


Tree=222
num_leaves=6
num_cat=0
split_feature=13 42 2 19 7
split_gain=191.23 9.34885 0.809168 0.934882 0.260797
threshold=1.0572812169062491 2.06991508755958 -1.4699071507446801 -1.7375276475041341 0.78759702355612216
decision_type=2 2 2 2 2
left_child=1 2 3 -1 -2
right_child=4 -3 -4 -5 -6
leaf_value=-0.029566031863061011 0.068579228364279751 0.065371931508753353 -0.047139662127694083 0.013445255903569995 0.022046396833014906
leaf_weight=2.1583965793251996 60.951095104217529 1.3143605589866627 92.029371927492321 1.095962157472967 2.5182714611291876
leaf_count=69 256 5 3407 25 16
internal_value=3.41009e-05 -0.0440311 -0.0461346 -0.00856075 0.0673105
internal_weight=160.067 96.5981 95.2837 3.25436 63.4694
internal_count=3778 3506 3501 94 272
is_linear=0
shrinkage=0.05


Tree=223
num_leaves=4
num_cat=0
split_feature=11 54 5
split_gain=167.637 37.0158 0.0827147
threshold=0.36516487357309785 -0.74611360206791499 -0.90015952534409316
decision_type=2 2 2
left_child=-1 2 -2
right_child=1 -3 -4
leaf_value=-0.047101551726131001 0.022494004439704004 -0.04203379626323394 0.069118847057138222
leaf_weight=86.465756917372346 2.3199676200747481 8.0162749998271448 62.803563460707664
leaf_count=3228 10 277 263
internal_value=0 0.0554175 0.0680229
internal_weight=159.606 73.1398 65.1235
internal_count=3778 550 273
is_linear=0
shrinkage=0.05


Tree=224
num_leaves=2
num_cat=0
split_feature=9
split_gain=201.735
threshold=-1.2850973392307055
decision_type=2
left_child=-1
right_child=-2
leaf_value=0.06561346269947517 -0.047214362095730371
leaf_weight=66.226143941283226 96.986024091951549
leaf_count=292 3486
internal_value=-0.00121926
internal_weight=163.212
internal_count=3778
is_linear=0
shrinkage=0.05


Tree=225
num_leaves=2
num_cat=0
split_feature=17
split_gain=182.142
threshold=-0.23682318279820655
decision_type=2
left_child=-1
right_child=-2
leaf_value=-0.046998030307200032 0.066062049555353428
leaf_weight=86.494289223104715 59.818811178207397
leaf_count=3515 263
internal_value=-0.000536573
internal_weight=146.313
internal_count=3778
is_linear=0
shrinkage=0.05


Tree=226
num_leaves=6
num_cat=0
split_feature=31 31 9 13 7
split_gain=166.005 6.02518 14.1966 3.13904 0.712269
threshold=-0.022375722688383625 -0.22678979233387167 -1.1571337413102591 -0.095213547723055694 1.0684085167209367
decision_type=2 2 2 2 2
left_child=1 -1 -3 -2 -5
right_child=3 2 -4 4 -6
leaf_value=-0.046966506566257497 0.066334981388003311 0.10161370088723097 -0.039995421934478866 0.029368547632164066 -0.020044341579168855
leaf_weight=80.271608790382743 58.543283730745316 1.9422774612903593 5.9228317830711594 0.78175416588783164 1.1804014667868612
leaf_count=3249 255 9 234 3 28
internal_value=0.000625715 -0.0428973 0 0.0642663 0
internal_weight=148.642 88.1367 7.86511 60.5054 1.96216
internal_count=3778 3492 243 286 31
is_linear=0
shrinkage=0.05


Tree=227
num_leaves=3
num_cat=0
split_feature=14 11
split_gain=177.445 28.8295
threshold=-0.22342537014154873 -0.095001506195549243
decision_type=2 2
left_child=-1 -2
right_child=1 -3
leaf_value=-0.047117848400617529 -0.040467691813692142 0.067338817685309735
leaf_weight=87.959547759965062 6.1966797392815343 67.507449463009834
leaf_count=3266 218 294
internal_value=0.000558192 0.0577265
internal_weight=161.664 73.7041
internal_count=3778 512
is_linear=0
shrinkage=0.05


Tree=228
num_leaves=7
num_cat=0
split_feature=32 41 6 32 41 7
split_gain=179.042 6.46873 4.10266 3.01505 0.504498 0.251742
threshold=-0.085488276143575334 -0.42870942650188598 -1.210561939734544 -0.24843806083186923 -0.42870956965632617 0.80746842789870643
decision_type=2 2 2 2 2 2
left_child=2 -2 3 -1 -5 -3
right_child=1 5 -4 4 -6 -7
leaf_value=-0.032588878954224812 0.066757851084611339 0 -0.047039591523109665 0.061136931648257037 0 -0.023992854059890573
leaf_weight=2.6075508818030348 63.058337181806564 0.3136496227234592 85.518912706524134 0.97109515964984927 1.1425559129565952 1.5110933966934679
leaf_count=73 274 4 3356 4 19 48
internal_value=0.000743092 0.0639764 -0.0445484 0 0.0402644 -0.0150755
internal_weight=155.123 64.8831 90.2401 4.7212 2.11365 1.82474
internal_count=3778 326 3452 96 23 52
is_linear=0
shrinkage=0.05


Tree=229
num_leaves=5
num_cat=0
split_feature=28 11 1 28
split_gain=165.818 11.0185 2.38092 4.18653
threshold=-0.11116261608311243 0.26146111498592245 -1.3118659812430378 -0.2362180797808642
decision_type=2 2 2 2
left_child=2 -2 3 -1
right_child=1 -3 -4 -5
leaf_value=-0.036918756813039903 0.066460929846122396 -0.031939938509041123 -0.0469624071062986 0.04744102206572004
leaf_weight=3.9163644276559344 59.204949557781219 2.3534018583595744 81.646871253848076 1.5882284641265867
leaf_count=126 258 74 3309 11
internal_value=-0.000300817 0.0620691 -0.044743 -0.00649153
internal_weight=148.71 61.5584 87.1515 5.50459
internal_count=3778 332 3446 137
is_linear=0
shrinkage=0.05


Tree=230
num_leaves=6
num_cat=0
split_feature=14 14 12 7 51
split_gain=144.685 1.6357 6.33532 0.765253 1.0179
threshold=-0.012102858588050899 -0.19445728539780005 -0.25000208620374631 0.80746842789870643 -1.0000000180025095e-35
decision_type=2 2 2 2 2
left_child=1 -1 -3 -2 -5
right_child=3 2 -4 4 -6
leaf_value=-0.046719377679134672 0.066206323429715316 -0.037984521993090319 0.082889094099506733 -0.010056801846236044 0.038821039783100003
leaf_weight=70.615055987611413 47.744631856679916 4.6634671445935965 0.81491021811962028 0.79529741033911716 1.4373131394386283
leaf_count=3319 208 213 4 28 6
internal_value=-0.00101374 -0.0445155 -0.0103941 0.0645099 0.0136068
internal_weight=126.071 76.0934 5.47838 49.9772 2.23261
internal_count=3778 3536 217 242 34
is_linear=0
shrinkage=0.05


Tree=231
num_leaves=7
num_cat=0
split_feature=26 41 2 26 12 7
split_gain=171.091 4.47889 2.60535 3.94651 2.92024 0.396727
threshold=-0.05111221547206872 -0.42870907232452693 -1.3983565997068559 -0.24549254867395884 -0.26251837231374259 -1.0000000180025095e-35
decision_type=2 2 2 2 2 2
left_child=2 -2 3 -1 -5 -3
right_child=1 5 -4 4 -6 -7
leaf_value=-0.038103170491312427 0.066180692224364054 0.01219555177720681 -0.046944682006671089 -0.013832715722958633 0.07271039815240754 -0.021550109829063947
leaf_weight=4.4155646264553061 60.201563775539398 0.49742063879966747 80.732138726860285 0.92020235396921668 1.4547926038503645 1.3201758004724966
leaf_count=137 263 2 3296 25 6 49
internal_value=0.000413109 0.0638238 -0.0443434 -0.00888959 0.0339091 -0.000889237
internal_weight=149.542 62.0192 87.5227 6.79056 2.37499 1.8176
internal_count=3778 314 3464 168 31 51
is_linear=0
shrinkage=0.05


Tree=232
num_leaves=4
num_cat=0
split_feature=21 7 21
split_gain=179.022 5.95187 4.60327
threshold=-0.077859661017409515 -1.0780044190313618 -0.24778315296193945
decision_type=2 2 2
left_child=1 2 -1
right_child=-2 -3 -4
leaf_value=-0.033001597143269799 0.065222404777338608 -0.047048229184596356 0.05293452304771528
leaf_weight=2.7176611851900807 62.468236841261387 87.363027028739452 2.3860675692558289
leaf_count=77 279 3411 11
internal_value=0 -0.0439643 0.00385184
internal_weight=154.935 92.4668 5.10373
internal_count=3778 3499 88
is_linear=0
shrinkage=0.05


Tree=233
num_leaves=6
num_cat=0
split_feature=24 7 24 7 7
split_gain=174.543 3.37849 5.36454 1.54162 0.682274
threshold=0.027483590083962898 -1.0534877756510321 -0.20897839553120795 0.80746842789870643 0.84701997112090888
decision_type=2 2 2 2 2
left_child=1 2 -1 -2 -5
right_child=3 -3 -4 4 -6
leaf_value=-0.037430753540841015 0.06616409260038647 -0.047008837525513603 0.055398668338958325 0.033463562703643937 -0.0041381588225867646
leaf_weight=4.0397555585950604 58.789809674024582 84.973420644178987 1.8119978457689283 1.1812736243009561 1.1846368182450531
leaf_count=117 257 3375 7 5 17
internal_value=-0.000411228 -0.0444549 -0.002652 0.0644246 0.00847553
internal_weight=151.981 90.8252 5.85175 61.1557 2.36591
internal_count=3778 3499 124 279 22
is_linear=0
shrinkage=0.05


Tree=234
num_leaves=4
num_cat=0
split_feature=11 54 41
split_gain=151.549 27.6803 3.77574
threshold=0.39111280430925138 -0.75431068484562347 -0.17627240682928683
decision_type=2 2 2
left_child=-1 2 -2
right_child=1 -3 -4
leaf_value=-0.046922120235218273 0.0601907933723013 0.065589593707421137 -0.042129870313884155
leaf_weight=78.332693487405777 0.38859070092439552 61.493546612560749 7.4211595021188259
leaf_count=3242 3 267 266
internal_value=0.000417873 0.0542367 -0.0307148
internal_weight=147.636 69.3033 7.80975
internal_count=3778 536 269
is_linear=0
shrinkage=0.05


Tree=235
num_leaves=5
num_cat=0
split_feature=34 12 34 9
split_gain=168.51 9.35275 3.11579 6.99302
threshold=-0.035790165331471641 -0.29621121795630795 -0.23121179449146803 -1.1922412526341832
decision_type=2 2 2 2
left_child=2 -2 -1 -4
right_child=1 -3 3 -5
leaf_value=-0.047003084890926562 -0.02872761134793261 0.066026773775894984 0.068965420647250128 -0.038434139187103138
leaf_weight=81.537196362391114 2.0767437797039738 61.174893006682396 1.5618409067392347 4.837699268013238
leaf_count=3234 76 268 6 194
internal_value=0.000192599 0.0623226 -0.0443137 -0.00550097
internal_weight=151.188 63.2516 87.9367 6.39954
internal_count=3778 344 3434 200
is_linear=0
shrinkage=0.05


Tree=236
num_leaves=6
num_cat=0
split_feature=13 42 2 19 54
split_gain=172.203 8.71 0.860782 0.872587 0.225928
threshold=1.0572812169062491 2.06991508755958 -1.4699071507446801 -1.7375276475041341 -0.71117960341215991
decision_type=2 2 2 2 2
left_child=1 2 3 -1 -2
right_child=4 -3 -4 -5 -6
leaf_value=-0.028751407612934772 0.066118422392392837 0.061059206375359401 -0.047004542718181636 0.013124276287692235 0.021908733076830361
leaf_weight=2.0523254107683901 58.275975808501244 1.3319387435913075 85.270084662362933 1.1031260900199402 2.6539379879832259
leaf_count=69 255 5 3407 25 17
internal_value=5.42613e-05 -0.0437312 -0.0459252 -0.00748008 0.0647937
internal_weight=150.687 89.7575 88.4255 3.15545 60.9299
internal_count=3778 3506 3501 94 272
is_linear=0
shrinkage=0.05


Tree=237
num_leaves=4
num_cat=0
split_feature=11 54 5
split_gain=151.794 32.8804 0.156936
threshold=0.36516487357309785 -0.74611360206791499 -0.90015952534409316
decision_type=2 2 2
left_child=-1 2 -2
right_child=1 -3 -4
leaf_value=-0.046966094798166713 0.020406208573466714 -0.04154989290398238 0.066560661325241174
leaf_weight=80.150848159566522 2.3250121623277655 7.4689200930297366 60.27294485270977
leaf_count=3228 10 277 263
internal_value=0 0.0534476 0.0654179
internal_weight=150.218 70.0669 62.598
internal_count=3778 550 273
is_linear=0
shrinkage=0.05


Tree=238
num_leaves=2
num_cat=0
split_feature=9
split_gain=182.644
threshold=-1.2850973392307055
decision_type=2
left_child=-1
right_child=-2
leaf_value=0.063474212672060853 -0.047078327590423158
leaf_weight=63.195233523845673 89.830417114309967
leaf_count=292 3486
internal_value=-0.00120241
internal_weight=153.026
internal_count=3778
is_linear=0
shrinkage=0.05


Tree=239
num_leaves=2
num_cat=0
split_feature=17
split_gain=164.782
threshold=-0.23682318279820655
decision_type=2
left_child=-1
right_child=-2
leaf_value=-0.046869381533381549 0.063871772825652803
leaf_weight=80.105656236410141 57.085306495428085
leaf_count=3515 263
internal_value=-0.000543693
internal_weight=137.191
internal_count=3778
is_linear=0
shrinkage=0.05


Tree=240
num_leaves=6
num_cat=0
split_feature=31 31 12 54 11
split_gain=149.592 5.91424 12.6379 3.39745 0.386134
threshold=-0.022375722688383625 -0.22678979233387167 -0.28178485752223686 0.60385018691864312 -1.0000000180025095e-35
decision_type=2 2 2 2 2
left_child=1 -1 -3 -2 -5
right_child=3 2 -4 4 -6
leaf_value=-0.046834443831275364 0.064230113294701005 -0.039386032429543472 0.094849573582195534 0.017774563310717965 -0.019028950311724795
leaf_weight=74.360823189839721 56.004234403371811 5.5037027429789305 1.9767061620950688 0.68788151443004619 1.1294972635805594
leaf_count=3249 255 234 9 3 28
internal_value=0.000619046 -0.0425985 0 0.062059 0
internal_weight=139.663 81.8412 7.48041 57.8216 1.81738
internal_count=3778 3492 243 286 31
is_linear=0
shrinkage=0.05


Tree=241
num_leaves=3
num_cat=0
split_feature=14 11
split_gain=161.3 25.8128
threshold=-0.22342537014154873 -0.095001506195549243
decision_type=2 2
left_child=-1 -2
right_child=1 -3
leaf_value=-0.046981351885438678 -0.039907956031756946 0.065183643310283909
leaf_weight=81.47677618265152 5.784157194197177 64.667312443256378
leaf_count=3266 218 294
internal_value=0.000627674 0.0559827
internal_weight=151.928 70.4515
internal_count=3778 512
is_linear=0
shrinkage=0.05


Tree=242
num_leaves=7
num_cat=0
split_feature=32 41 6 32 41 7
split_gain=161.492 5.80823 4.01471 2.75624 0.410497 0.229532
threshold=-0.085488276143575334 -0.42870942650188598 -1.210561939734544 -0.24843806083186923 -0.42870956965632617 0.80746842789870643
decision_type=2 2 2 2 2 2
left_child=2 -2 3 -1 -5 -3
right_child=1 5 -4 4 -6 -7
leaf_value=-0.031804069200060625 0.064475672653489136 0 -0.046906471527652926 0.057620764942535055 0 -0.022950074277681351
leaf_weight=2.4722690340131512 60.257868677377701 0.30725892633199592 79.191309355199337 0.97896856069564853 1.1194192860275505 1.4337232448160646
leaf_count=73 274 4 3356 4 19 48
internal_value=0.000709214 0.0617745 -0.0442917 0 0.0386631 -0.0140865
internal_weight=145.761 61.9989 83.762 4.57066 2.09839 1.74098
internal_count=3778 326 3452 96 23 52
is_linear=0
shrinkage=0.05


Tree=243
num_leaves=5
num_cat=0
split_feature=28 11 1 28
split_gain=149.692 9.88679 2.3449 3.80891
threshold=-0.11116261608311243 0.26146111498592245 -1.3118659812430378 -0.2362180797808642
decision_type=2 2 2 2
left_child=2 -2 3 -1
right_child=1 -3 -4 -5
leaf_value=-0.036306414014496642 0.064199532129539189 -0.030977262128978163 -0.046829377003439421 0.044604362250385138
leaf_weight=3.7067975904792538 56.558858618140221 2.2197277676314107 75.578485406935215 1.5995501130819318
leaf_count=126 258 74 3309 11
internal_value=-0.000306003 0.0599525 -0.0445021 -0.00587024
internal_weight=139.663 58.7786 80.8848 5.30635
internal_count=3778 332 3446 137
is_linear=0
shrinkage=0.05


Tree=244
num_leaves=6
num_cat=0
split_feature=14 14 12 7 51
split_gain=130.652 1.68369 5.72642 0.67079 0.899358
threshold=-0.012102858588050899 -0.19445728539780005 -0.25000208620374631 0.80746842789870643 -1.0000000180025095e-35
decision_type=2 2 2 2 2
left_child=1 -1 -3 -2 -5
right_child=3 2 -4 4 -6
leaf_value=-0.046593786622660754 0.063953547555975779 -0.03729163639440887 0.077405772378118631 -0.009087848007590495 0.036729408042571784
leaf_weight=65.412217430770397 45.62502509355545 4.3406882453709841 0.84369982779025932 0.763976475223899 1.3949701935052863
leaf_count=3319 208 213 4 28 6
internal_value=-0.000964275 -0.0442723 -0.00906114 0.0622976 0.0124539
internal_weight=118.381 70.5966 5.18439 47.784 2.15895
internal_count=3778 3536 217 242 34
is_linear=0
shrinkage=0.05


Tree=245
num_leaves=7
num_cat=0
split_feature=26 7 2 26 12 11
split_gain=154.436 3.97192 2.51984 3.6251 2.57476 0.258877
threshold=-0.05111221547206872 0.83646916377356517 -1.3983565997068559 -0.24549254867395884 -0.26251837231374259 -1.0000000180025095e-35
decision_type=2 2 2 2 2 2
left_child=2 -2 3 -1 -5 -3
right_child=1 5 -4 4 -6 -7
leaf_value=-0.037557148163873726 0.063871907289499041 0.0048799137391189835 -0.046811411496272583 -0.01270990150533672 0.068367332093387481 -0.019328175186515674
leaf_weight=4.1880927607417098 57.596691764891148 0.44910410046577465 74.71486915461719 0.87817603722214732 1.4614229947328565 1.1823732834309326
leaf_count=137 266 2 3296 25 6 46
internal_value=0.000372106 0.0616604 -0.0441068 -0.00846517 0.0322513 -0.00135383
internal_weight=140.471 59.2282 81.2426 6.52769 2.3396 1.63148
internal_count=3778 314 3464 168 31 48
is_linear=0
shrinkage=0.05


Tree=246
num_leaves=4
num_cat=0
split_feature=21 7 21
split_gain=161.625 6.11789 4.79314
threshold=-0.060684639219044885 -1.0656357191958052 -0.24778315296193945
decision_type=2 2 2
left_child=1 2 -1
right_child=-2 -3 -4
leaf_value=-0.034107539522118875 0.06354270539692923 -0.046914953272561996 0.049859213997919365
leaf_weight=2.990182001143693 59.078670233488083 80.715886428952217 2.7028854042291641
leaf_count=90 272 3403 13
internal_value=0 -0.043374 0.00252731
internal_weight=145.488 86.409 5.69307
internal_count=3778 3506 103
is_linear=0
shrinkage=0.05


Tree=247
num_leaves=5
num_cat=0
split_feature=24 13 5 24
split_gain=157.622 8.17285 1.23937 2.64905
threshold=-0.06671797511852233 0.99159956844418617 -1.08460589899667 -0.20897839553120795
decision_type=2 2 2 2
left_child=2 -2 3 -1
right_child=1 -3 -4 -5
leaf_value=-0.034987854137440454 0.06419239095084045 -0.028003829110793934 -0.046883471312264571 0.03989075261774036
leaf_weight=3.2498303633183232 58.261912614107132 1.8540721237659443 78.299885403364897 1.0400408804416654
leaf_count=106 266 58 3344 4
internal_value=-0.00040524 0.0607289 -0.0453025 -0.00934579
internal_weight=142.706 60.116 82.5898 4.28987
internal_count=3778 324 3454 110
is_linear=0
shrinkage=0.05


Tree=248
num_leaves=4
num_cat=0
split_feature=11 54 41
split_gain=137.36 24.3104 3.58917
threshold=0.39111280430925138 -0.75431068484562347 -0.17627240682928683
decision_type=2 2 2
left_child=-1 2 -2
right_child=1 -3 -4
leaf_value=-0.04679080602292332 0.057318896924548307 0.063235415960250924 -0.041588794680345098
leaf_weight=72.547499020583928 0.40872007608413596 58.876885049045086 6.9148243125528097
leaf_count=3242 3 267 266
internal_value=0.000398454 0.05245 -0.0295629
internal_weight=138.748 66.2004 7.32354
internal_count=3778 536 269
is_linear=0
shrinkage=0.05


Tree=249
num_leaves=5
num_cat=0
split_feature=34 12 34 12
split_gain=152.086 8.36566 3.10812 6.31083
threshold=-0.035790165331471641 -0.29621121795630795 -0.23121179449146803 -0.25000208620374631
decision_type=2 2 2 2
left_child=2 -2 -1 -4
right_child=1 -3 3 -5
leaf_value=-0.046870488041879939 -0.027701495380542382 0.0638128537872166 -0.037746618346584909 0.06506490148018701
leaf_weight=75.545184629037976 1.9522170135751356 58.397356688976288 4.5023681949824095 1.5732346177101124
leaf_count=3234 76 268 194 6
internal_value=0.000156353 0.0602384 -0.0440595 -0.00439924
internal_weight=141.97 60.3496 81.6208 6.0756
internal_count=3778 344 3434 200
is_linear=0
shrinkage=0.05


Tree=250
num_leaves=6
num_cat=0
split_feature=13 42 7 19 7
split_gain=155.24 8.1147 0.914131 0.717344 0.282058
threshold=1.0572812169062491 2.06991508755958 -1.0780044190313618 -1.7375276475041341 0.78759702355612216
decision_type=2 2 2 2 2
left_child=1 2 3 -1 -2
right_child=4 -3 -4 -5 -6
leaf_value=-0.02726798203413025 0.063859331255763166 0.05714610020234976 -0.046871705832483762 0.010144909502522672 0.018285881553030115
leaf_weight=1.8717494122684004 55.834619164466858 1.3415898382663716 78.934933603741229 1.1841745376586903 2.4052824527025214
leaf_count=65 256 5 3409 27 16
internal_value=7.05174e-05 -0.0434271 -0.0457122 -0.00635194 0.0625744
internal_weight=141.572 83.3324 81.9909 3.05592 58.2399
internal_count=3778 3506 3501 92 272
is_linear=0
shrinkage=0.05


Tree=251
num_leaves=4
num_cat=0
split_feature=11 54 12
split_gain=137.556 29.2992 0.274219
threshold=0.36516487357309785 -0.74611360206791499 -0.27876584776429086
decision_type=2 2 2
left_child=-1 2 -2
right_child=1 -3 -4
leaf_value=-0.046833115475948719 0.064336583905965083 -0.041043880901660848 0.017943471804520276
leaf_weight=74.226069282740355 57.592923805117607 6.9546718951314679 2.3161990121006957
leaf_count=3228 263 277 10
internal_value=0 0.0516904 0.0631201
internal_weight=141.09 66.8638 59.9091
internal_count=3778 550 273
is_linear=0
shrinkage=0.05


Tree=252
num_leaves=2
num_cat=0
split_feature=9
split_gain=165.532
threshold=-1.2850973392307055
decision_type=2
left_child=-1
right_child=-2
leaf_value=0.061588547240373132 -0.04694540867647768
leaf_weight=60.068814367055893 83.119085734710097
leaf_count=292 3486
internal_value=-0.00118442
internal_weight=143.188
internal_count=3778
is_linear=0
shrinkage=0.05


Tree=253
num_leaves=2
num_cat=0
split_feature=17
split_gain=149.237
threshold=-0.23682318279820655
decision_type=2
left_child=-1
right_child=-2
leaf_value=-0.046742506439212121 0.06194290541144494
leaf_weight=74.11525163706392 54.259235009551048
leaf_count=3515 263
internal_value=-0.000549044
internal_weight=128.374
internal_count=3778
is_linear=0
shrinkage=0.05


Tree=254
num_leaves=6
num_cat=0
split_feature=31 31 9 54 7
split_gain=134.916 5.78831 11.2685 3.0839 0.330093
threshold=-0.022375722688383625 -0.22678979233387167 -1.1571337413102591 0.60385018691864312 1.0684085167209367
decision_type=2 2 2 2 2
left_child=1 -1 -3 -2 -5
right_child=3 2 -4 4 -6
leaf_value=-0.046703881974550693 0.06223257368113061 0.088871183299241457 -0.038746562646600979 0.016298688414619428 -0.018031148378348398
leaf_weight=68.816758655011654 53.289938598871231 2.0000892877578735 5.1121101193130007 0.67037451267242332 1.0819441825151441
leaf_count=3249 255 9 234 3 28
internal_value=0.000611631 -0.0422958 0 0.0600991 0
internal_weight=130.971 75.929 7.1122 55.0423 1.75232
internal_count=3778 3492 243 286 31
is_linear=0
shrinkage=0.05


Tree=255
num_leaves=3
num_cat=0
split_feature=14 13
split_gain=146.737 23.1769
threshold=-0.22342537014154873 0.13994203084026802
decision_type=2 2
left_child=-1 -2
right_child=1 -3
leaf_value=-0.046847321141241606 -0.039322736786313053 0.063279028388759664
leaf_weight=75.395207127556205 5.3966906666755667 61.727264180779457
leaf_count=3266 218 294
internal_value=0.000701442 0.0544305
internal_weight=142.519 67.124
internal_count=3778 512
is_linear=0
shrinkage=0.05


Tree=256
num_leaves=7
num_cat=0
split_feature=32 41 6 32 41 7
split_gain=145.804 5.24192 3.9231 2.51901 0.329678 0.208573
threshold=-0.085488276143575334 -0.42870942650188598 -1.210561939734544 -0.24843806083186923 -0.42870956965632617 0.80746842789870643
decision_type=2 2 2 2 2 2
left_child=2 -2 3 -1 -5 -3
right_child=1 5 -4 4 -6 -7
leaf_value=-0.030999702189005836 0.06246920157273244 0 -0.046775312021637261 0.054407032906029121 0 -0.021901657380523069
leaf_weight=2.3441378809511653 57.345711603760719 0.30068038776516814 73.258058542385697 0.9825609773397449 1.0958868563175199 1.3611520901322363
leaf_count=73 274 4 3356 4 19 48
internal_value=0.000677071 0.0598284 -0.0440308 0 0.0371803 -0.013106
internal_weight=136.688 59.0075 77.6806 4.42259 2.07845 1.66183
internal_count=3778 326 3452 96 23 52
is_linear=0
shrinkage=0.05


Tree=257
num_leaves=5
num_cat=0
split_feature=28 11 1 28
split_gain=135.252 8.9095 2.30507 3.46498
threshold=-0.11116261608311243 0.26146111498592245 -1.3118659812430378 -0.2362180797808642
decision_type=2 2 2 2
left_child=2 -2 3 -1
right_child=1 -3 -4 -5
leaf_value=-0.035675474751723328 0.06220992211020572 -0.030002691208238282 -0.046697890804471058 0.042014612981142459
leaf_weight=3.5084151718765488 53.81145153939724 2.094558745622634 69.889628972858191 1.6052911430597303
leaf_count=126 258 74 3309 11
internal_value=-0.000309939 0.0580766 -0.0442576 -0.00526375
internal_weight=130.909 55.906 75.0033 5.11371
internal_count=3778 332 3446 137
is_linear=0
shrinkage=0.05


Tree=258
num_leaves=6
num_cat=0
split_feature=14 14 9 7 51
split_gain=118.088 1.72491 5.16747 0.596563 0.793936
threshold=-0.012102858588050899 -0.19445728539780005 -1.0740871249716257 0.80746842789870643 -1.0000000180025095e-35
decision_type=2 2 2 2 2
left_child=1 -1 -3 -2 -5
right_child=3 2 -4 4 -6
leaf_value=-0.046468152440835714 0.061967517926818927 0.072402058921738843 -0.036564440012695952 -0.0081345178782410276 0.034745508146695435
leaf_weight=60.532835941761732 43.425398305058479 0.86863429844379414 4.0390093941241494 0.73451576381921779 1.3508704155683509
leaf_count=3319 208 4 213 28 6
internal_value=-0.000912887 -0.0440239 -0.00774356 0.0603384 0.0113203
internal_weight=110.951 65.4405 4.90764 45.5108 2.08539
internal_count=3778 3536 217 242 34
is_linear=0
shrinkage=0.05


Tree=259
num_leaves=7
num_cat=0
split_feature=26 54 2 26 12 11
split_gain=139.519 3.63808 2.43083 3.3261 2.27649 0.32759
threshold=-0.05111221547206872 0.60849457285080699 -1.3983565997068559 -0.24549254867395884 -0.26251837231374259 -1.0000000180025095e-35
decision_type=2 2 2 2 2 2
left_child=2 -2 3 -1 -5 -3
right_child=1 5 -4 4 -6 -7
leaf_value=-0.036992211282627419 0.062057053289443977 0.012366906798036665 -0.0466795928636837 -0.011577684766535975 0.064475082474464498 -0.019525355622136559
leaf_weight=3.971050087362527 54.534337997436523 0.62006391584873211 69.075474007055163 0.83802173100411925 1.460014536976814 1.1988565698266016
leaf_count=137 262 3 3296 25 6 49
internal_value=0.000330428 0.0597318 -0.0438696 -0.00805325 0.0306933 0
internal_weight=131.698 56.3533 75.3446 6.26909 2.29804 1.81892
internal_count=3778 314 3464 168 31 52
is_linear=0
shrinkage=0.05


Tree=260
num_leaves=4
num_cat=0
split_feature=21 7 21
split_gain=146.016 5.83103 4.29955
threshold=-0.060684639219044885 -1.0656357191958052 -0.24778315296193945
decision_type=2 2 2
left_child=1 2 -1
right_child=-2 -3 -4
leaf_value=-0.033430252157907361 0.061623946667228952 -0.046783298074631025 0.047049244475245298
leaf_weight=2.8420212510973206 56.149388074874878 74.643218794837594 2.6810614392161369
leaf_count=90 272 3403 13
internal_value=0 -0.0431098 0.00214872
internal_weight=136.316 80.1663 5.52308
internal_count=3778 3506 103
is_linear=0
shrinkage=0.05


Tree=261
num_leaves=5
num_cat=0
split_feature=24 37 4 24
split_gain=142.52 7.38218 1.19551 2.42859
threshold=-0.06671797511852233 1.0000000180025095e-35 -1.5705855951310952 -0.20897839553120795
decision_type=2 2 2 2
left_child=2 -2 3 -1
right_child=1 -3 -4 -5
leaf_value=-0.034409327453639518 0.062208386221572334 -0.026992144743472554 -0.046750888716299926 0.0377386092446962
leaf_weight=3.1004195287823668 55.425590395927429 1.7546001076698292 72.398943508043885 1.027794614434242
leaf_count=106 266 58 3344 4
internal_value=-0.000418288 0.0588275 -0.0451052 -0.00890866
internal_weight=133.707 57.1802 76.5272 4.12821
internal_count=3778 324 3454 110
is_linear=0
shrinkage=0.05


Tree=262
num_leaves=4
num_cat=0
split_feature=11 54 12
split_gain=124.578 21.4057 3.40658
threshold=0.39111280430925138 -0.75431068484562347 -0.19275616444329743
decision_type=2 2 2
left_child=-1 2 -2
right_child=1 -3 -4
leaf_value=-0.046660712228184728 -0.041029757895530136 0.061146165981597111 0.054575753131621045
leaf_weight=67.122649967670441 6.4413059670478097 56.152017034590244 0.42847441136836995
leaf_count=3242 266 267 3
internal_value=0.000379692 0.0508475 -0.0283764
internal_weight=130.144 63.0218 6.86978
internal_count=3778 536 269
is_linear=0
shrinkage=0.05


Tree=263
num_leaves=5
num_cat=0
split_feature=34 12 34 12
split_gain=137.387 7.51074 3.09118 5.69079
threshold=-0.035790165331471641 -0.29621121795630795 -0.23121179449146803 -0.25000208620374631
decision_type=2 2 2 2
left_child=2 -2 -1 -4
right_child=1 -3 3 -5
leaf_value=-0.046739576465949589 -0.026645856294262533 0.061863351301636164 -0.037027084596983659 0.061542736162314426
leaf_weight=69.924087723717093 1.8352183131501068 55.521547600626945 4.1892550401389599 1.577094942331313
leaf_count=3234 76 268 194 6
internal_value=0.000120298 0.0583935 -0.0438033 -0.00331921
internal_weight=133.047 57.3568 75.6904 5.76635
internal_count=3778 344 3434 200
is_linear=0
shrinkage=0.05


Tree=264
num_leaves=6
num_cat=0
split_feature=13 42 2 19 13
split_gain=140.082 7.56124 0.972536 0.761288 0.280371
threshold=1.0572812169062491 2.06991508755958 -1.4699071507446801 -1.7375276475041341 1.6454633784183186
decision_type=2 2 2 2 2
left_child=1 2 3 -1 -2
right_child=4 -3 -4 -5 -6
leaf_value=-0.027058009040215183 0.013709422367568086 0.05359390232542495 -0.046742192159633059 0.013006411557406818 0.061763520477820272
leaf_weight=1.8548013158142569 1.9987594038248051 1.3437781631946553 72.999826429411769 1.1040068008005608 53.448492527008057
leaf_count=69 14 5 3407 25 258
internal_value=8.79834e-05 -0.0431167 -0.0454938 -0.00516185 0.0606161
internal_weight=132.75 77.3024 75.9586 2.95881 55.4473
internal_count=3778 3506 3501 94 272
is_linear=0
shrinkage=0.05


Tree=265
num_leaves=4
num_cat=0
split_feature=11 54 12
split_gain=124.727 26.1789 0.686293
threshold=0.36516487357309785 -0.74611360206791499 -0.27661377693477779
decision_type=2 2 2
left_child=-1 2 -2
right_child=1 -3 -4
leaf_value=-0.046701633046997842 0.062411690497879681 -0.040514031934267287 0.010598859709182937
leaf_weight=68.670163313858211 55.051489040255547 6.4724710416048756 2.0650367364287368
leaf_count=3228 264 277 9
internal_value=0 0.0501142 0.0610805
internal_weight=132.259 63.589 57.1165
internal_count=3778 550 273
is_linear=0
shrinkage=0.05


Tree=266
num_leaves=2
num_cat=0
split_feature=9
split_gain=150.168
threshold=-1.2850973392307055
decision_type=2
left_child=-1
right_child=-2
leaf_value=0.059919748179658727 -0.046815113296124151
leaf_weight=56.901079222559929 76.843650438822806
leaf_count=292 3486
internal_value=-0.00116499
internal_weight=133.745
internal_count=3778
is_linear=0
shrinkage=0.05


Tree=267
num_leaves=2
num_cat=0
split_feature=17
split_gain=135.286
threshold=-0.23682318279820655
decision_type=2
left_child=-1
right_child=-2
leaf_value=-0.046616919865953232 0.060235869165252913
leaf_weight=68.515180435962975 51.389397948980331
leaf_count=3515 263
internal_value=-0.000553734
internal_weight=119.905
internal_count=3778
is_linear=0
shrinkage=0.05


Tree=268
num_leaves=6
num_cat=0
split_feature=31 31 9 54 11
split_gain=121.783 5.64601 10.0543 2.81231 0.280025
threshold=-0.022375722688383625 -0.22678979233387167 -1.1571337413102591 0.60385018691864312 -1.0000000180025095e-35
decision_type=2 2 2 2 2
left_child=1 -1 -3 -2 -5
right_child=3 2 -4 4 -6
leaf_value=-0.046574317702228481 0.060464788354543678 0.083521185697907896 -0.038075107356644752 0.014869625334118522 -0.017022830071294664
leaf_weight=63.63275309279561 50.521011799573898 2.0128863900899887 4.7467800211161366 0.65264077484607708 1.0363795738667236
leaf_count=3249 255 9 234 3 28
internal_value=0.000602172 -0.0419908 0 0.0583563 0
internal_weight=122.602 70.3924 6.75967 52.21 1.68902
internal_count=3778 3492 243 286 31
is_linear=0
shrinkage=0.05


Tree=269
num_leaves=3
num_cat=0
split_feature=14 11
split_gain=133.599 20.8645
threshold=-0.22342537014154873 -0.095001506195549243
decision_type=2 2
left_child=-1 -2
right_child=1 -3
leaf_value=-0.046715264603073722 -0.038710710366979754 0.061593451805895177
leaf_weight=69.707994082942605 5.0334877539426079 58.737467154860497
leaf_count=3266 218 294
internal_value=0.000781091 0.0530478
internal_weight=133.479 63.771
internal_count=3778 512
is_linear=0
shrinkage=0.05


Tree=270
num_leaves=7
num_cat=0
split_feature=32 41 6 32 12 7
split_gain=131.744 4.75075 3.82714 2.30044 0.275663 0.176019
threshold=-0.085488276143575334 -0.42870942650188598 -1.210561939734544 -0.24843806083186923 -0.25000208620374631 0.81661094717689686
decision_type=2 2 2 2 2 2
left_child=2 -2 3 -1 -5 -3
right_child=1 5 -4 4 -6 -7
leaf_value=-0.030177251124812829 0.06069360708132579 0 -0.04664561311375736 0 0.05166830595400549 -0.020529769530269328
leaf_weight=2.2230562251061192 54.373071998357773 0.31466510146856208 67.711096573621035 1.0709461085498335 0.98353736102581013 1.2719831876456735
leaf_count=73 274 5 3356 19 4 47
internal_value=0.000643327 0.058097 -0.0437656 0 0.0357857 -0.0121255
internal_weight=127.948 55.9597 71.9886 4.27754 2.05448 1.58665
internal_count=3778 326 3452 96 23 52
is_linear=0
shrinkage=0.05


Tree=271
num_leaves=5
num_cat=0
split_feature=28 11 1 28
split_gain=122.288 8.05461 2.26272 3.15079
threshold=-0.11116261608311243 0.26146111498592245 -1.3118659812430378 -0.2362180797808642
decision_type=2 2 2 2
left_child=2 -2 3 -1
right_child=1 -3 -4 -5
leaf_value=-0.035022974932443461 0.060447556039639111 -0.029002322624011624 -0.046567455818099755 0.039639668676102843
leaf_weight=3.3201249651610842 51.009785726666451 1.9765875171869982 64.5733060259372 1.606035243719816
leaf_count=126 258 74 3309 11
internal_value=-0.000315435 0.0564034 -0.044009 -0.00466437
internal_weight=122.486 52.9864 69.4995 4.92616
internal_count=3778 332 3446 137
is_linear=0
shrinkage=0.05


Tree=272
num_leaves=6
num_cat=0
split_feature=14 14 9 7 51
split_gain=106.814 1.75929 4.65421 0.536497 0.699633
threshold=-0.012102858588050899 -0.19445728539780005 -1.0740871249716257 0.80746842789870643 -1.0000000180025095e-35
decision_type=2 2 2 2 2
left_child=1 -1 -3 -2 -5
right_child=3 2 -4 4 -6
leaf_value=-0.04634198346544123 0.060206939519194418 0.067820629033589666 -0.035801543302053068 -0.0071806069468472768 0.032854426851038288
leaf_weight=55.971147983334959 41.183924272656441 0.88973742723464955 3.7574558593332759 0.70630989037454139 1.3056370168924323
leaf_count=3319 208 4 213 28 6
internal_value=-0.000861177 -0.0437701 -0.00644441 0.0585942 0.0102156
internal_weight=103.814 60.6183 4.64719 43.1959 2.01195
internal_count=3778 3536 217 242 34
is_linear=0
shrinkage=0.05


Tree=273
num_leaves=7
num_cat=0
split_feature=26 54 2 26 12 11
split_gain=126.17 3.29304 2.33792 3.04728 2.01711 0.27673
threshold=-0.05111221547206872 0.60849457285080699 -1.3983565997068559 -0.24549254867395884 -0.26251837231374259 -1.0000000180025095e-35
decision_type=2 2 2 2 2 2
left_child=2 -2 3 -1 -5 -3
right_child=1 5 -4 4 -6 -7
leaf_value=-0.036409547832166336 0.060309643469387525 0.01104511140983931 -0.046548705917737312 -0.01044265085045451 0.060942277391973915 -0.018436933070684555
leaf_weight=3.7649047411978236 51.680378511548042 0.60224814713001262 63.806278528645635 0.79985198378562961 1.4515426158905027 1.1396657805889832
leaf_count=137 262 3 3296 25 6 49
internal_value=0.000287885 0.0580265 -0.0436318 -0.00766166 0.0292061 0
internal_weight=123.245 53.4223 69.8226 6.0163 2.25139 1.74191
internal_count=3778 314 3464 168 31 52
is_linear=0
shrinkage=0.05


Tree=274
num_leaves=4
num_cat=0
split_feature=21 7 21
split_gain=132.053 5.16731 3.31087
threshold=-0.077859661017409515 -1.0780044190313618 -0.24778315296193945
decision_type=2 2 2
left_child=1 2 -1
right_child=-2 -3 -4
leaf_value=-0.030843935245156093 0.059443019597272419 -0.046655122177800004 0.044457817160839047
leaf_weight=2.3436001278460017 53.683484874665737 69.128697857260704 2.3366255760192871
leaf_count=77 279 3411 11
internal_value=0 -0.0431998 0.00258722
internal_weight=127.492 73.8089 4.68023
internal_count=3778 3499 88
is_linear=0
shrinkage=0.05


Tree=275
num_leaves=6
num_cat=0
split_feature=13 53 52 46 13
split_gain=84.6558 50.2002 1.27084 0.875439 0.491345
threshold=0.044970741152815526 1.0000000180025095e-35 0.8322947060160758 1.5997631714208214 0.04328649723264591
decision_type=2 2 2 2 2
left_child=4 2 3 -2 -1
right_child=1 -3 -4 -5 -6
leaf_value=-0.046466299746971862 -0.044442301771521094 0.060251517176485775 0 0 0
leaf_weight=55.455840947106481 14.847792863845825 52.562115795910358 1.0022127199918021 0.3834266662597664 0.79967192932963271
leaf_count=2778 683 267 18 4 28
internal_value=-0.000432262 0.0364519 -0.0386123 -0.042283 -0.0459026
internal_weight=125.051 68.7955 16.2334 15.2312 56.2555
internal_count=3778 972 705 687 2806
is_linear=0
shrinkage=0.05


Tree=276
num_leaves=5
num_cat=0
split_feature=41 54 10 19
split_gain=100.485 23.0292 8.20681 4.53892
threshold=0.57283332383352381 -0.68330777695260547 -1.2511935976957214 -1.5941189519867229
decision_type=2 2 2 2
left_child=2 -2 3 -1
right_child=1 -3 -4 -5
leaf_value=-0.030647160525027486 -0.040492090222965571 0.060336105614370861 -0.046509840266192329 0.05422629777774534
leaf_weight=2.0811567809432745 5.7151034865528336 50.515797175467014 60.587543224915862 2.9649963304400435
leaf_count=66 256 257 3180 19
internal_value=0.000359981 0.0493811 -0.041316 0.0151076
internal_weight=121.865 56.2309 65.6337 5.04615
internal_count=3778 513 3265 85
is_linear=0
shrinkage=0.05


Tree=277
num_leaves=5
num_cat=0
split_feature=34 12 34 12
split_gain=124.195 6.76704 3.07082 5.13346
threshold=-0.035790165331471641 -0.29621121795630795 -0.23121179449146803 -0.25000208620374631
decision_type=2 2 2 2
left_child=2 -2 -1 -4
right_child=1 -3 3 -5
leaf_value=-0.046609811518616914 -0.025565000665366253 0.06013766872120388 -0.036272633347336734 0.058425009404341414
leaf_weight=64.666880611330271 1.7257344992831338 52.596523568034172 3.8967473227530718 1.5737119019031514
leaf_count=3234 76 268 194 6
internal_value=8.37011e-05 0.0567507 -0.0435427 -0.00223182
internal_weight=124.46 54.3223 70.1373 5.47046
internal_count=3778 344 3434 200
is_linear=0
shrinkage=0.05


Tree=278
num_leaves=6
num_cat=0
split_feature=13 42 7 0 7
split_gain=126.51 7.04774 1.02246 1.044 0.293727
threshold=1.0572812169062491 2.06991508755958 -1.0780044190313618 -1.609841236288605 0.78759702355612216
decision_type=2 2 2 2 2
left_child=1 2 3 -1 -2
right_child=4 -3 -4 -5 -6
leaf_value=-0.028239101387997637 0.060204043937116515 0.050364716385093024 -0.046612518549397387 0.022263062465921496 0.015050352211608359
leaf_weight=1.9744556676596405 50.323066502809525 1.3391831815242756 67.446226945146918 0.89788211323320766 2.2707144469022742
leaf_count=70 256 5 3409 22 16
internal_value=0.000105684 -0.0427989 -0.0452692 -0.00407885 0.0588855
internal_weight=124.252 71.6577 70.3186 2.87234 52.5938
internal_count=3778 3506 3501 92 272
is_linear=0
shrinkage=0.05


Tree=279
num_leaves=4
num_cat=0
split_feature=11 54 9
split_gain=113.159 23.4482 0.661396
threshold=0.36516487357309785 -0.74611360206791499 -1.1922412526341832
decision_type=2 2 2
left_child=-1 2 -2
right_child=1 -3 -4
leaf_value=-0.046571142541801835 0.0099731669214239843 -0.039958728369821096 0.060643219905534333
leaf_weight=63.476591913960874 2.0817506462335578 6.0211975146085015 52.182403355836868
leaf_count=3228 9 277 264
internal_value=0 0.0486959 0.0592647
internal_weight=123.762 60.2854 54.2642
internal_count=3778 550 273
is_linear=0
shrinkage=0.05


Tree=280
num_leaves=2
num_cat=0
split_feature=9
split_gain=142.031
threshold=-1.2850973392307055
decision_type=2
left_child=-1
right_child=-2
leaf_value=0.058501369647489358 -0.046692829862738539
leaf_weight=57.42001074552536 71.443114149384201
leaf_count=312 3505
internal_value=3.22532e-05
internal_weight=128.863
internal_count=3817
is_linear=0
shrinkage=0.05


Tree=281
num_leaves=2
num_cat=0
split_feature=17
split_gain=125.678
threshold=-0.23682318279820655
decision_type=2
left_child=-1
right_child=-2
leaf_value=-0.04650038356114583 0.058751324096946
leaf_weight=63.885042951442301 50.192804381251335
leaf_count=3545 272
internal_value=0
internal_weight=114.078
internal_count=3817
is_linear=0
shrinkage=0.05


Tree=282
num_leaves=6
num_cat=0
split_feature=31 31 12 54 7
split_gain=113.016 4.42346 7.60681 1.88977 0.530362
threshold=-0.016772713412951605 -0.22678979233387167 -0.28178485752223686 0.60320364830070361 1.1708650836419505
decision_type=2 2 2 2 2
left_child=1 -1 -3 -2 -5
right_child=3 2 -4 4 -6
leaf_value=-0.046462839814245656 0.058871716726424377 -0.037085767291066891 0.07424460935675567 0.025469370653246538 -0.015238994521271138
leaf_weight=59.706522018648684 48.078428909182549 4.2705145683139563 1.7596690505743016 1.0214285999536503 0.95965511724352826
leaf_count=3293 257 227 8 5 27
internal_value=0.00038596 -0.042371 0 0.0568914 0
internal_weight=115.796 65.7367 6.03018 50.0595 1.98108
internal_count=3817 3528 235 289 32
is_linear=0
shrinkage=0.05


Tree=283
num_leaves=3
num_cat=0
split_feature=14 11
split_gain=120.361 19.7172
threshold=-0.22342537014154873 -0.10022939013777639
decision_type=2 2
left_child=-1 -2
right_child=1 -3
leaf_value=-0.046591598213687184 -0.038488155960124393 0.060230493192775347
leaf_weight=65.139976587146521 4.9149121753871432 54.544397205114365
leaf_count=3306 224 287
internal_value=0 0.0514005
internal_weight=124.599 59.4593
internal_count=3817 511
is_linear=0
shrinkage=0.05


Tree=284
num_leaves=7
num_cat=0
split_feature=32 11 46 7 32 4
split_gain=118.407 6.77268 2.13619 0.907911 0.422574 0.0408277
threshold=-0.12772669098209066 0.26146111498592245 1.086212000647081 -1.1373326547020552 -0.22349611166549385 -1.7635485219642166
decision_type=2 2 2 2 2 2
left_child=2 -2 3 5 -4 -1
right_child=1 -3 4 -5 -6 -7
leaf_value=-0.0041296264815384644 0.059329269612457963 -0.026071842164755766 -0.0080517711196667983 -0.046552856887216235 0.027707488391238818 0.010242742211640897
leaf_weight=0.62354597821831703 50.277092054486275 1.7476706448942412 0.71779315173625835 64.24174411688 0.77340544760227203 0.29025480337440868
leaf_count=26 267 77 19 3420 3 5
internal_value=-0.000260249 0.0557635 -0.0444546 -0.0458523 0.000239793 0
internal_weight=118.672 52.0248 66.6467 65.1555 1.4912 0.913801
internal_count=3817 344 3473 3451 22 31
is_linear=0
shrinkage=0.05


Tree=285
num_leaves=6
num_cat=0
split_feature=28 6 28 54 7
split_gain=113.827 3.72688 3.34113 1.89738 0.556522
threshold=-0.016241996166721773 -1.1714781350902903 -0.2362180797808642 0.59384792116722518 1.1708650836419505
decision_type=2 2 2 2 2
left_child=1 2 -1 -2 -5
right_child=3 -3 -4 4 -6
leaf_value=-0.034058532059512925 0.058657126367613069 -0.046461170686752019 0.039228617342323843 0.025392785562962018 -0.015661956368175304
leaf_weight=3.0720231626182786 47.621188685297966 61.14116376824677 2.2353232745081186 1.1062206029891961 0.94977291487157334
leaf_count=126 256 3384 18 6 27
internal_value=-0.000107564 -0.0429924 0 0.056614 0
internal_weight=116.126 66.4485 5.30735 49.6772 2.05599
internal_count=3817 3528 144 289 33
is_linear=0
shrinkage=0.05


Tree=286
num_leaves=7
num_cat=0
split_feature=14 11 14 14 14 14
split_gain=96.9223 9.34805 1.46226 0.209269 0.0107566 0.0337044
threshold=-0.13329676906093119 0.17235233270710529 -0.19445728539780005 -0.17467565712099825 -0.19333242093491537 -0.17498489827120714
decision_type=2 2 2 2 2 2
left_child=2 -2 -1 4 -4 -6
right_child=1 -3 3 -5 5 -7
leaf_value=-0.04622575128721032 0.060051005198520094 -0.030440153746630779 0.016281311162022392 -0.015343737035791389 -0.0029057324586933952 0.0099621728915067834
leaf_weight=52.356540285982192 42.125580742955208 2.3853985741734496 0.2184801492840045 1.027455076575279 0.5979180596768856 0.25561639666557312
leaf_count=3360 222 130 2 64 37 2
internal_value=0 0.0543618 -0.0445945 0 0.0102004 0
internal_weight=98.967 44.511 54.456 2.09947 1.07201 0.853534
internal_count=3817 352 3465 105 41 39
is_linear=0
shrinkage=0.05


Tree=287
num_leaves=5
num_cat=0
split_feature=26 11 46 26
split_gain=115.419 6.43065 1.24542 0.148183
threshold=-0.094677701640651452 0.26146111498592245 1.086212000647081 -0.19442653668686802
decision_type=2 2 2 2
left_child=2 -2 -1 -4
right_child=1 -3 3 -5
leaf_value=-0.045505007425839288 0.058959837913473048 -0.025814165775356251 -0.0086483279807615804 0.016469918587794948
leaf_weight=63.409040478989482 49.54378467798233 1.654071457684039 0.74059261754155048 0.52362951636314392
leaf_count=3457 265 73 20 2
internal_value=-6.08694e-05 0.0555143 -0.0445282 0
internal_weight=115.871 51.1979 64.6733 1.26422
internal_count=3817 338 3479 22
is_linear=0
shrinkage=0.05


Tree=288
num_leaves=8
num_cat=0
split_feature=39 44 14 7 7 7 7
split_gain=96.7485 18.3393 8.25559 3.64639 0.295811 0.0847371 0.141681
threshold=-0.21850522894733479 0.43488250302248771 1.0000000180025095e-35 0.81661094717689686 4.1836750625051389 -1.1004274910894456 -1.1138176956127566
decision_type=2 2 2 2 2 2 2
left_child=5 2 3 -2 -5 6 -1
right_child=1 -3 -4 4 -6 -7 -8
leaf_value=-0.016588483469865002 0.058886144791688445 -0.03902379719718687 -0.029603958716198888 0.0075266189964786172 -0.019658276582008794 -0.04649154051568323 0
leaf_weight=1.0677416455000637 51.933075875043869 5.4112894721329203 2.2532830666750661 0.55355097353458305 1.2625137772411106 57.042959935963154 0.6459093801677217
leaf_count=43 279 295 121 3 69 2994 13
internal_value=0 0.0435877 0.0522872 0.0564223 -0.000741908 -0.0457896 -0.00590568
internal_weight=120.17 61.4137 56.0024 53.7491 1.81606 58.7566 1.71365
internal_count=3817 767 472 351 72 3050 56
is_linear=0
shrinkage=0.05


Tree=289
num_leaves=5
num_cat=0
split_feature=24 11 2 24
split_gain=116.941 7.82626 3.12572 3.15705
threshold=-0.1139054370883454 0.19210145770252621 -1.4699071507446801 -0.23411998404593962
decision_type=2 2 2 2
left_child=2 -2 3 -1
right_child=1 -3 -4 -5
leaf_value=-0.031302362718744418 0.059258553657001167 -0.028563088214929373 -0.046500499433496628 0.053044118465522309
leaf_weight=2.4392170887440439 51.311467006802559 1.9907985497266043 62.288667134940624 1.2815363109111784
leaf_count=91 274 84 3363 5
internal_value=0.000266409 0.0552789 -0.0438616 0
internal_weight=119.312 53.3023 66.0094 3.72075
internal_count=3817 358 3459 96
is_linear=0
shrinkage=0.05


Tree=290
num_leaves=5
num_cat=0
split_feature=11 54 41 1
split_gain=99.5419 18.3005 3.17727 0.79006
threshold=0.39111280430925138 -0.72166332319269699 -0.17627240682928683 -1.1546259536504262
decision_type=2 2 2 2
left_child=-1 2 -2 -3
right_child=1 3 -4 -5
leaf_value=-0.046417087953027569 0.049962528178428688 0.0056301266453107884 -0.040914862442264249 0.058924834062070677
leaf_weight=58.126467023044825 0.46176812052726646 1.8813478499650944 6.0336465686559677 46.978660762310028
leaf_count=3281 3 10 274 249
internal_value=-0.000697139 0.0468497 -0.0277712 0.057457
internal_weight=113.482 55.3554 6.49541 48.86
internal_count=3817 536 277 259
is_linear=0
shrinkage=0.05


Tree=291
num_leaves=5
num_cat=0
split_feature=34 13 34 12
split_gain=111.879 8.99141 2.81174 3.21319
threshold=-0.074656764804330034 0.36694175323566708 -0.23121179449146803 -0.23507540668723995
decision_type=2 2 2 2
left_child=2 -2 -1 -4
right_child=1 -3 3 -5
leaf_value=-0.046494972593502569 0.058916211444842437 -0.030143348787868847 -0.032304334621521179 0.050742773844281858
leaf_weight=60.724212188273668 49.709511086344719 2.3283830080181351 2.7515899483114481 1.301949456334113
leaf_count=3282 268 114 148 5
internal_value=0 0.0542065 -0.0438162 0
internal_weight=116.816 52.0379 64.7778 4.05354
internal_count=3817 382 3435 153
is_linear=0
shrinkage=0.05


Tree=292
num_leaves=6
num_cat=0
split_feature=13 42 2 0 54
split_gain=116.094 6.57767 1.01981 1.01167 0.773997
threshold=1.0572812169062491 2.06991508755958 -1.4699071507446801 -1.609841236288605 -0.71117960341215991
decision_type=2 2 2 2 2
left_child=1 2 3 -1 -2
right_child=4 -3 -4 -5 -6
leaf_value=-0.02800947671682797 0.058808943034974429 0.047424397309534322 -0.046493480022762899 0.021627576977792464 0.0087245332248954543
leaf_weight=1.9489481970667841 48.590675994753838 1.328646421432494 62.890503231436014 0.90916969627141853 2.1826828792691222
leaf_count=73 261 5 3438 23 17
internal_value=0.000310404 -0.0425238 -0.045063 -0.00390601 0.0572495
internal_weight=117.851 67.0773 65.7486 2.85812 50.7734
internal_count=3817 3539 3534 96 278
is_linear=0
shrinkage=0.05


Tree=293
num_leaves=4
num_cat=0
split_feature=11 54 12
split_gain=105.849 20.7946 0.425677
threshold=0.36516487357309785 -0.72166332319269699 -0.27661377693477779
decision_type=2 2 2
left_child=-1 2 -2
right_child=1 -3 -4
leaf_value=-0.046453150945238997 0.059142917480167728 -0.039205956478698789 0.010300877280244342
leaf_weight=59.383940856903791 50.671142444014549 5.485095687210559 1.9524062275886525
leaf_count=3265 271 273 8
internal_value=8.66448e-05 0.0480649 0.0579154
internal_weight=117.493 58.1086 52.6235
internal_count=3817 552 279
is_linear=0
shrinkage=0.05


Tree=294
num_leaves=2
num_cat=0
split_feature=9
split_gain=129.009
threshold=-1.2850973392307055
decision_type=2
left_child=-1
right_child=-2
leaf_value=0.05717857475252526 -0.046565983171742778
leaf_weight=54.07622891664505 65.950738410465419
leaf_count=312 3505
internal_value=1.03464e-05
internal_weight=120.027
internal_count=3817
is_linear=0
shrinkage=0.05


Tree=295
num_leaves=2
num_cat=0
split_feature=17
split_gain=114.147
threshold=-0.23682318279820655
decision_type=2
left_child=-1
right_child=-2
leaf_value=-0.046375858532356373 0.057407698665513075
leaf_weight=58.971576777286828 47.278647944331169
leaf_count=3545 272
internal_value=0
internal_weight=106.25
internal_count=3817
is_linear=0
shrinkage=0.05


Tree=296
num_leaves=6
num_cat=0
split_feature=31 31 12 13 7
split_gain=102.202 4.3133 6.80221 2.16774 0.20907
threshold=-0.016772713412951605 -0.22678979233387167 -0.28178485752223686 -0.11335084541310515 1.1708650836419505
decision_type=2 2 2 2 2
left_child=1 -1 -3 -2 -5
right_child=3 2 -4 4 -6
leaf_value=-0.046334009691684712 0.057453948822126656 -0.036329588043696785 0.070284388708414955 0.014329305497051144 -0.014244557007306464
leaf_weight=55.12857623398304 45.637351632118225 3.9640555772930384 1.7497811317443837 0.64148718118667492 0.92081696726381779
leaf_count=3293 259 227 8 3 27
internal_value=0.000371681 -0.0420842 0 0.0554908 0
internal_weight=108.042 60.8424 5.71384 47.1997 1.5623
internal_count=3817 3528 235 289 30
is_linear=0
shrinkage=0.05


Tree=297
num_leaves=3
num_cat=0
split_feature=14 11
split_gain=109.741 17.8083
threshold=-0.22342537014154873 -0.10022939013777639
decision_type=2 2
left_child=-1 -2
right_child=1 -3
leaf_value=-0.046462034130881451 -0.037831752307246558 0.05886827362535052
leaf_weight=60.136563690379262 4.5780902933329335 51.645219132304192
leaf_count=3306 224 287
internal_value=8.80361e-05 0.0502895
internal_weight=116.36 56.2233
internal_count=3817 511
is_linear=0
shrinkage=0.05


Tree=298
num_leaves=7
num_cat=0
split_feature=32 11 46 7 32 3
split_gain=107.211 6.14885 2.03221 0.913662 0.371072 0.0343695
threshold=-0.12772669098209066 0.26146111498592245 1.086212000647081 -1.1373326547020552 -0.22349611166549385 -1.5227480466870047
decision_type=2 2 2 2 2 2
left_child=2 -2 3 5 -4 -1
right_child=1 -3 4 -5 -6 -7
leaf_value=-0.0031421729960522254 0.057901334561820172 -0.025010470823962561 -0.0077625344348264047 -0.046425034925225955 0.026022998780751157 0.0097298309168020701
leaf_weight=0.59916276857256889 47.391951441764832 1.6478993538767088 0.70942251197993644 59.290835799649358 0.76227042078971863 0.29298403114080329
leaf_count=26 267 77 19 3420 3 5
internal_value=-0.000258844 0.0543863 -0.0442134 -0.0456723 0 0
internal_weight=110.695 49.0399 61.6547 60.183 1.47169 0.892147
internal_count=3817 344 3473 3451 22 31
is_linear=0
shrinkage=0.05


Tree=299
num_leaves=6
num_cat=0
split_feature=28 6 28 7 7
split_gain=102.994 3.601 3.01091 2.09699 0.240314
threshold=-0.016241996166721773 -1.1714781350902903 -0.2362180797808642 0.82709536029146802 1.1708650836419505
decision_type=2 2 2 2 2
left_child=1 2 -1 -2 -5
right_child=3 -3 -4 4 -6
leaf_value=-0.033345863886419212 0.05718482725435025 -0.046332162134314639 0.037106576483329302 0.015904432195647557 -0.014710276986579354
leaf_weight=2.9051282405853263 45.24167563021183 56.402091670781374 2.2169387061148882 0.66555422544479259 0.91389706544578075
leaf_count=126 259 3384 18 3 27
internal_value=-9.7929e-05 -0.0427112 0 0.0552284 0
internal_weight=108.345 61.5242 5.12207 46.8211 1.57945
internal_count=3817 3528 144 289 30
is_linear=0
shrinkage=0.05


Tree=300
num_leaves=5
num_cat=0
split_feature=14 11 14 14
split_gain=87.8594 8.43167 1.48762 0.18473
threshold=-0.13329676906093119 0.17235233270710529 -0.19445728539780005 -0.17467565712099825
decision_type=2 2 2 2
left_child=2 -2 -1 -4
right_child=1 -3 3 -5
leaf_value=-0.046097203123372094 0.058585879094987317 -0.029451198836969741 0.010333150615269817 -0.014161739709458327
leaf_weight=48.342237124219537 39.790452122688293 2.232571229338645 1.0569100249558681 0.97384526673704375
leaf_count=3360 222 130 41 64
internal_value=0 0.0530295 -0.0443511 0
internal_weight=92.396 42.023 50.373 2.03076
internal_count=3817 352 3465 105
is_linear=0
shrinkage=0.05


Tree=301
num_leaves=5
num_cat=0
split_feature=26 11 26 7
split_gain=104.492 5.85165 1.266 2.22374
threshold=-0.094677701640651452 0.26146111498592245 -0.22590044214168895 -0.99727729439280621
decision_type=2 2 2 2
left_child=2 -2 -1 -4
right_child=1 -3 3 -5
leaf_value=-0.046359098512345112 0.057556820583404104 -0.024744223553467223 0.036813062475283681 -0.033023289761494455
leaf_weight=55.924029942601919 46.67206683754921 1.5629210881888855 1.0219539254903796 2.9146544504910699
leaf_count=3299 265 73 4 176
internal_value=-7.80298e-05 0.0541506 -0.0442756 -0.00715306
internal_weight=108.096 48.235 59.8606 3.93661
internal_count=3817 338 3479 180
is_linear=0
shrinkage=0.05


Tree=302
num_leaves=6
num_cat=0
split_feature=21 7 7 21 10
split_gain=110.562 2.74267 1.95587 1.87027 0.0652321
threshold=-0.12021446295793767 -1.0879315846140403 0.81661094717689686 -0.24778315296193945 0.1899622643060643
decision_type=2 2 2 2 2
left_child=1 3 -2 -1 -4
right_child=2 -3 4 -5 -6
leaf_value=-0.028077569708421537 0.057232694950068143 -0.046427011645819458 -0.0097092103771860699 0.038777182511448502 0.0063313454466139493
leaf_weight=1.9535085130482905 47.942631766200066 59.568070191890001 0.78907695785164722 1.3231737092137335 0.53678663074970245
leaf_count=70 275 3424 39 6 3
internal_value=0 -0.0439969 0.0555884 0 0
internal_weight=112.113 62.8448 49.2685 3.27668 1.32586
internal_count=3817 3500 317 76 42
is_linear=0
shrinkage=0.05


Tree=303
num_leaves=5
num_cat=0
split_feature=24 11 2 24
split_gain=105.848 7.10255 3.01223 2.84677
threshold=-0.1139054370883454 0.19210145770252621 -1.4699071507446801 -0.23411998404593962
decision_type=2 2 2 2
left_child=2 -2 3 -1
right_child=1 -3 -4 -5
leaf_value=-0.030569628692359293 0.05784192066256353 -0.027538009799509072 -0.046371111643180585 0.050270286219260968
leaf_weight=2.3207339253276582 48.354778572916985 1.8755271714180697 57.472877675667405 1.27315217256546
leaf_count=91 274 84 3363 5
internal_value=0.000224319 0.0539212 -0.043617 0
internal_weight=111.297 50.2303 61.0668 3.59389
internal_count=3817 358 3459 96
is_linear=0
shrinkage=0.05


Tree=304
num_leaves=5
num_cat=0
split_feature=11 54 41 13
split_gain=90.5238 16.2395 3.00867 0.775697
threshold=0.39111280430925138 -0.72166332319269699 -0.17627240682928683 -0.057925274970504238
decision_type=2 2 2 2
left_child=-1 2 -2 -3
right_child=1 3 -4 -5
leaf_value=-0.046287827314580761 0.04763069993765473 0.057517739119274026 -0.040301908932160867 0.0044976788127662655
leaf_weight=53.655741415917873 0.47945211082696815 44.289608150720596 5.6176085099577904 1.8389629870653141
leaf_count=3281 3 249 274 10
internal_value=-0.00065739 0.0457428 -0.0265117 0.0560111
internal_weight=105.881 52.2256 6.09706 46.1286
internal_count=3817 536 277 259
is_linear=0
shrinkage=0.05


Tree=305
num_leaves=5
num_cat=0
split_feature=34 13 34 7
split_gain=101.41 10.036 2.03945 1.75647
threshold=-0.11356204183392811 0.36694175323566708 -0.23121179449146803 -1.023089944851425
decision_type=2 2 2 2
left_child=2 -2 -1 -4
right_child=1 -3 3 -5
leaf_value=-0.046366290815235536 0.057783010922797744 -0.031892098556693248 0.038943994037315827 -0.028383728348380211
leaf_weight=56.075451001524925 47.082208186388016 2.6619084654375902 1.0235126465559008 2.0825195210054508
leaf_count=3282 269 142 4 120
internal_value=0 0.0522171 -0.0441873 0
internal_weight=108.926 49.7441 59.1815 3.10603
internal_count=3817 411 3406 124
is_linear=0
shrinkage=0.05


Tree=306
num_leaves=7
num_cat=0
split_feature=13 42 2 13 0 54
split_gain=104.934 6.13827 1.07054 1.39556 0.917855 0.707795
threshold=1.0572812169062491 2.06991508755958 -1.4699071507446801 0.18658008365256532 -1.609841236288605 -0.71117960341215991
decision_type=2 2 2 2 2 2
left_child=1 2 3 -1 -5 -2
right_child=5 -3 -4 4 -6 -7
leaf_value=-0.029023171120250626 0.057416615640201708 0.044741687288807813 -0.046365205274503989 0 0.064693744026129804 0.0079910311177338982
leaf_weight=2.0690027102828021 45.766643315553665 1.313015192747115 58.013936529867351 0.33560500293970108 0.37098832987248886 2.1230508312582961
leaf_count=73 261 5 3438 16 7 17
internal_value=0.000328992 -0.0421881 -0.0448233 -0.00280578 0.0334578 0.0558473
internal_weight=109.992 62.1025 60.7895 2.7756 0.706593 47.8897
internal_count=3817 3539 3534 96 23 278
is_linear=0
shrinkage=0.05


Tree=307
num_leaves=4
num_cat=0
split_feature=11 54 12
split_gain=96.0696 18.6997 0.747869
threshold=0.36516487357309785 -0.72166332319269699 -0.26251837231374259
decision_type=2 2 2
left_child=-1 2 -2
right_child=1 -3 -4
leaf_value=-0.04632317592349508 0.057768033051906566 -0.038589796995695549 0.003826575127518524
leaf_weight=54.809388074092567 47.964696750044823 5.1016190079972139 1.7393600940704335
leaf_count=3265 272 273 7
internal_value=4.54745e-05 0.0468689 0.0564353
internal_weight=109.615 54.8057 49.7041
internal_count=3817 552 279
is_linear=0
shrinkage=0.05


Tree=308
num_leaves=2
num_cat=0
split_feature=9
split_gain=117.224
threshold=-1.2850973392307055
decision_type=2
left_child=-1
right_child=-2
leaf_value=0.055987040598067556 -0.046439506277267617
leaf_weight=50.789500802755356 60.841787192039192
leaf_count=312 3505
internal_value=0
internal_weight=111.631
internal_count=3817
is_linear=0
shrinkage=0.05


Tree=309
num_leaves=2
num_cat=0
split_feature=17
split_gain=103.662
threshold=-0.23682318279820655
decision_type=2
left_child=-1
right_child=-2
leaf_value=-0.046250416173594378 0.056186653726454407
leaf_weight=54.401287556625903 44.390067353844643
leaf_count=3545 272
internal_value=0
internal_weight=98.7914
internal_count=3817
is_linear=0
shrinkage=0.05


Tree=310
num_leaves=9
num_cat=0
split_feature=25 32 24 28 34 41 54 10
split_gain=28.3745 25.3597 9.88745 11.0527 13.0463 1.66599 0.13238 0.043403
threshold=-0.74299027955237895 -0.25151188632289956 -0.23411998404593962 -0.2362180797808642 -0.1917512414022263 -0.42870972873911911 0.60320364830070361 -1.0000000180025095e-35
decision_type=2 2 2 2 2 2 2 2
left_child=-1 2 3 4 5 7 -7 -2
right_child=1 -3 -4 -5 -6 6 -8 -9
leaf_value=-0.045226868412426027 0.0052579883153928524 -0.043872484196057202 -0.037177187542613607 -0.03674053597508406 -0.036691174805298633 0.051518637758662368 0.00039130105104238542 -0.0076186056863817896
leaf_weight=24.85133467707783 0.84268710855394602 13.737071559764443 4.3657201183959833 4.1649355301633468 4.1533768801018587 46.695258662104614 1.128076011314987 0.72989336773752345
leaf_count=1629 11 829 279 269 272 449 30 49
internal_value=0.000351505 0.0158172 0.0296699 0.0354318 0.0417956 0.0491977 0.0508465 0
internal_weight=100.668 75.817 62.0799 57.7142 53.5493 49.3959 47.8233 1.57258
internal_count=3817 2188 1359 1080 811 539 479 60
is_linear=0
shrinkage=0.05


Tree=311
num_leaves=3
num_cat=0
split_feature=14 11
split_gain=100.191 16.1245
threshold=-0.22342537014154873 -0.10022939013777639
decision_type=2 2
left_child=-1 -2
right_child=1 -3
leaf_value=-0.046332165808022796 -0.037148039614627058 0.057661884224276871
leaf_weight=55.482674427330494 4.2652398608624926 48.837278112769127
leaf_count=3306 224 287
internal_value=0.000220585 0.0493048
internal_weight=108.585 53.1025
internal_count=3817 511
is_linear=0
shrinkage=0.05


Tree=312
num_leaves=6
num_cat=0
split_feature=32 11 6 32 41
split_gain=97.1041 5.59644 1.95071 1.13048 0.333917
threshold=-0.12772669098209066 0.26146111498592245 -1.210561939734544 -0.24843806083186923 -0.4287094902310537
decision_type=2 2 2 2 2
left_child=2 -2 3 -1 -5
right_child=1 -3 -4 4 -6
leaf_value=-0.027360917050288286 0.05661817133867262 -0.023926445007157737 -0.046270317388427691 0.039332796179765372 0
leaf_weight=1.8825546968728297 44.549736768007278 1.5543089900165785 53.703600904904306 0.71350100636482239 0.70755885355174519
leaf_count=73 267 77 3379 3 18
internal_value=-0.00026032 0.0531388 -0.0439676 0 0.0232961
internal_weight=103.111 46.104 57.0072 3.30361 1.42106
internal_count=3817 344 3473 94 21
is_linear=0
shrinkage=0.05


Tree=313
num_leaves=6
num_cat=0
split_feature=28 6 28 7 7
split_gain=93.2287 3.47068 2.70668 1.94715 0.200768
threshold=-0.016241996166721773 -1.1714781350902903 -0.2362180797808642 0.82709536029146802 1.1708650836419505
decision_type=2 2 2 2 2
left_child=1 2 -1 -2 -5
right_child=3 -3 -4 4 -6
leaf_value=-0.032603729877555346 0.055950262969219157 -0.046202100029719854 0.03508951309286381 0.014495002824575401 -0.013749240970696949
leaf_weight=2.7462991643697015 42.481965258717537 51.99852513987571 2.1930516920983791 0.64787842333316692 0.87929499335587025
leaf_count=126 259 3384 18 3 27
internal_value=-9.2257e-05 -0.0424265 0 0.0539783 0
internal_weight=100.947 56.9379 4.93935 44.0091 1.52717
internal_count=3817 3528 144 289 30
is_linear=0
shrinkage=0.05


Tree=314
num_leaves=7
num_cat=0
split_feature=39 13 21 39 12 19
split_gain=56.7612 17.7842 4.54372 2.11029 5.03204 1.08152
threshold=-0.30279680760908595 -0.39686092166450643 -0.24150565847861075 -0.46311111038113134 -0.23507540668723995 -1.0905347891824193
decision_type=2 2 2 2 2 2
left_child=3 -2 5 -1 -5 -3
right_child=1 2 -4 4 -6 -7
leaf_value=-0.0457347675272953 -0.038989609070288714 0 -0.020622654860898815 -0.036839237457159099 0.058266229003281933 0.056271411055037114
leaf_weight=36.551135007292032 5.5568613493815056 0.32291039358824392 1.3357485691085447 4.222875390201807 1.3902800958603609 36.755453491583467
leaf_count=2751 432 22 96 283 10 223
internal_value=0 0.0395135 0.051867 -0.0412142 -0.00635476 0.0553833
internal_weight=86.1353 43.971 38.4141 42.1643 5.61316 37.0784
internal_count=3817 773 341 3044 293 245
is_linear=0
shrinkage=0.05


Tree=315
num_leaves=5
num_cat=0
split_feature=26 11 26 7
split_gain=94.6823 5.33817 1.25652 1.98522
threshold=-0.094677701640651452 0.26146111498592245 -0.22590044214168895 -0.99727729439280621
decision_type=2 2 2 2
left_child=2 -2 -1 -4
right_child=1 -3 3 -5
leaf_value=-0.046229588586300926 0.056297058701498863 -0.023653558593769271 0.034702414347299385 -0.032085212041900124
leaf_weight=51.610651530325413 43.849306598305702 1.4772992068901647 1.0055087059736254 2.7140609556809059
leaf_count=3299 265 73 4 176
internal_value=-9.85368e-05 0.0529161 -0.044061 -0.0061331
internal_weight=100.657 45.3266 55.3302 3.71957
internal_count=3817 338 3479 180
is_linear=0
shrinkage=0.05


Tree=316
num_leaves=6
num_cat=0
split_feature=21 7 7 21 10
split_gain=100.213 2.62498 1.78955 1.67807 0.0475206
threshold=-0.12021446295793767 -1.0879315846140403 0.81661094717689686 -0.24778315296193945 0.1899622643060643
decision_type=2 2 2 2 2
left_child=1 3 -2 -1 -4
right_child=2 -3 4 -5 -6
leaf_value=-0.027313479662606957 0.056005237289638868 -0.046297110979915464 -0.008552693300399811 0.03670946580916154 0.005165547063316539
leaf_weight=1.866318536922335 45.015570685267448 54.927549513056874 0.751890911720692 1.303104482591152 0.52041460573673248
leaf_count=70 275 3424 39 6 3
internal_value=0 -0.0437664 0.0543661 0 0
internal_weight=104.385 58.097 46.2879 3.16942 1.27231
internal_count=3817 3500 317 76 42
is_linear=0
shrinkage=0.05


Tree=317
num_leaves=5
num_cat=0
split_feature=13 53 7 25
split_gain=66.1097 35.0543 3.25616 1.20853
threshold=0.042255023619846226 1.0000000180025095e-35 -1.0780044190313618 -0.74006909049190794
decision_type=2 2 2 2
left_child=-1 2 3 -2
right_child=1 -3 -4 -5
leaf_value=-0.04604163520008081 -0.018424705201994688 0.05619169563316722 -0.043282781900333481 0.03258101594829186
leaf_weight=43.721928756684065 1.1538955513387921 45.305693248286843 11.510217952542005 1.9858745001256455
leaf_count=2788 45 276 686 22
internal_value=0.000177906 0.0343985 -0.030978 0.00701137
internal_weight=103.678 59.9557 14.65 3.13977
internal_count=3817 1029 753 67
is_linear=0
shrinkage=0.05


Tree=318
num_leaves=6
num_cat=0
split_feature=11 12 4 47 42
split_gain=82.3446 14.6055 3.50128 1.59191 0.365918
threshold=0.39111280430925138 -0.30213978816442666 -1.4133813658287024 0.13757087010375454 1.472268160469836
decision_type=2 2 2 2 2
left_child=-1 -2 -3 -4 -5
right_child=1 2 3 4 -6
leaf_value=-0.046157063106488934 -0.037861190814929328 -0.018202991863407916 0.057559272090810423 0.022015672088029258 -0.011617995632496388
leaf_weight=49.498716404661536 4.1826247535645953 0.92475575208663841 42.191696047782898 1.0102534890174855 0.85423040017485607
leaf_count=3281 226 12 251 6 41
internal_value=-0.000617167 0.0447329 0.0532945 0.0555438 0
internal_weight=98.6623 49.1636 44.9809 44.0562 1.86448
internal_count=3817 536 310 298 47
is_linear=0
shrinkage=0.05


Tree=319
num_leaves=5
num_cat=0
split_feature=34 13 34 12
split_gain=91.9695 9.05853 2.00309 1.55244
threshold=-0.11356204183392811 0.36694175323566708 -0.23121179449146803 -0.19275616444329743
decision_type=2 2 2 2
left_child=2 -2 -1 -4
right_child=1 -3 3 -5
leaf_value=-0.046236651541120888 0.056543317833780804 -0.030922742316354064 -0.027305667936475875 0.036905934695110353
leaf_weight=51.752372545190156 44.233119234442711 2.4834001725539556 1.9476568130776288 1.0095772296190251
leaf_count=3282 269 142 120 4
internal_value=0 0.051086 -0.0439615 0
internal_weight=101.426 46.7165 54.7096 2.95723
internal_count=3817 411 3406 124
is_linear=0
shrinkage=0.05


Tree=320
num_leaves=3
num_cat=0
split_feature=14 14
split_gain=80.5648 30.8716
threshold=-0.22352134256940756 -0.22342537014154873
decision_type=2 2
left_child=-1 -2
right_child=1 -3
leaf_value=-0.046182203121413683 0.058563468040413839 -0.041977186788230453
leaf_weight=48.229425891302526 45.821662247180939 8.4695031102746707
leaf_count=3031 275 511
internal_value=0.000347605 0.0421828
internal_weight=102.521 54.2912
internal_count=3817 786
is_linear=0
shrinkage=0.05


Tree=321
num_leaves=4
num_cat=0
split_feature=11 54 13
split_gain=87.2019 16.8405 1.11519
threshold=0.36516487357309785 -0.72166332319269699 0.090994855949560152
decision_type=2 2 2
left_child=-1 2 -2
right_child=1 -3 -4
leaf_value=-0.046191904710489028 0.05654104972696207 -0.03794330944073359 0
leaf_weight=50.555675729177892 45.296661496162415 4.744190525263547 1.5282323658466328
leaf_count=3265 273 273 6
internal_value=0 0.0457676 0.0550885
internal_weight=102.125 51.5691 46.8249
internal_count=3817 552 279
is_linear=0
shrinkage=0.05


Tree=322
num_leaves=2
num_cat=0
split_feature=9
split_gain=106.553
threshold=-1.2850973392307055
decision_type=2
left_child=-1
right_child=-2
leaf_value=0.054910682342442264 -0.046312412679602205
leaf_weight=47.589940905570984 56.093254395760596
leaf_count=312 3505
internal_value=0
internal_weight=103.683
internal_count=3817
is_linear=0
shrinkage=0.05


Tree=323
num_leaves=2
num_cat=0
split_feature=17
split_gain=94.2326
threshold=-0.23682318279820655
decision_type=2
left_child=-1
right_child=-2
leaf_value=-0.046123144896179732 0.055096881191797321
leaf_weight=50.155103839933872 41.606258302927017
leaf_count=3545 272
internal_value=0
internal_weight=91.7614
internal_count=3817
is_linear=0
shrinkage=0.05


Tree=324
num_leaves=7
num_cat=0
split_feature=25 26 32 24 28 34
split_gain=25.788 22.8895 9.06246 10.526 11.8932 14.1561
threshold=-0.74299027955237895 -0.24909062319016764 -0.22349611166549385 -0.23411998404593962 -0.2362180797808642 -0.1917512414022263
decision_type=2 2 2 2 2 2
left_child=-1 2 3 4 5 -2
right_child=1 -3 -4 -5 -6 -7
leaf_value=-0.045019128301713313 0.056880869920915123 -0.043546167429377516 -0.036645770061527548 -0.036474479640013435 -0.036023789886992293 -0.035951397364193623
leaf_weight=22.93448185082525 42.660985738039017 12.708521415479479 4.1264974894002071 4.0640448229387394 3.8806198928505173 3.8621438974514595
leaf_count=1629 270 828 270 279 269 272
internal_value=0.000255544 0.0153784 0.0288419 0.0345463 0.0410658 0.0483424
internal_weight=94.2373 71.3028 58.5943 54.4678 50.4037 46.5231
internal_count=3817 2188 1360 1090 811 542
is_linear=0
shrinkage=0.05


Tree=325
num_leaves=3
num_cat=0
split_feature=34 21
split_gain=90.6551 15.3277
threshold=-0.25418381851398736 -0.25310059789262179
decision_type=2 2
left_child=-1 -2
right_child=1 -3
leaf_value=-0.046211152259844353 -0.036765144157919004 0.056539982589643191
leaf_weight=50.941939328797162 4.1870314339175811 46.040345340967178
leaf_count=3257 273 287
internal_value=0.000313562 0.0479834
internal_weight=101.169 50.2274
internal_count=3817 560
is_linear=0
shrinkage=0.05


Tree=326
num_leaves=7
num_cat=0
split_feature=32 11 46 7 32 2
split_gain=87.982 5.11404 1.84626 0.925057 0.274415 0.0308524
threshold=-0.12772669098209066 0.26146111498592245 1.086212000647081 -1.1373326547020552 -0.22349611166549385 -1.5545659263162672
decision_type=2 2 2 2 2 2
left_child=2 -2 3 5 -4 -1
right_child=1 -3 4 -5 -6 -7
leaf_value=-0.0014664522409496891 0.055463019822334397 -0.022851088819605733 -0.0064262087707354937 -0.046168202685967295 0.022719317786335642 0.0098006804857229332
leaf_weight=0.56046966463327408 41.782058537006378 1.4687030194327224 0.67247748561203369 50.44112503901124 0.73529593646526337 0.27926003746688266
leaf_count=27 267 77 19 3420 3 4
internal_value=-0.000260722 0.0520015 -0.043717 -0.045302 0 0
internal_weight=95.9394 43.2508 52.6886 51.2809 1.40777 0.83973
internal_count=3817 344 3473 3451 22 31
is_linear=0
shrinkage=0.05


Tree=327
num_leaves=6
num_cat=0
split_feature=28 6 28 7 7
split_gain=84.4436 3.3429 2.43651 1.82089 0.167247
threshold=-0.016241996166721773 -1.1714781350902903 -0.2362180797808642 0.82709536029146802 1.1708650836419505
decision_type=2 2 2 2 2
left_child=1 2 -1 -2 -5
right_child=3 -3 -4 4 -6
leaf_value=-0.031852079268814962 0.054845668889818136 -0.04606978828352587 0.03325597105554727 0.013144706198176346 -0.012854983485466305
leaf_weight=2.598897222429513 39.818474486470222 47.906463447026908 2.1648989953100681 0.63036829233169445 0.84830978605896235
leaf_count=126 259 3384 18 3 27
internal_value=-6.7097e-05 -0.0421318 0 0.0528462 0
internal_weight=93.9674 52.6703 4.7638 41.2972 1.47868
internal_count=3817 3528 144 289 30
is_linear=0
shrinkage=0.05


Tree=328
num_leaves=7
num_cat=0
split_feature=39 13 21 39 25 19
split_gain=51.337 16.0041 4.15518 2.10692 4.63469 1.01094
threshold=-0.30279680760908595 -0.39686092166450643 -0.24150565847861075 -0.46311111038113134 -0.74803596974773778 -1.0905347891824193
decision_type=2 2 2 2 2 2
left_child=3 -2 5 -1 -5 -3
right_child=1 2 -4 4 -6 -7
leaf_value=-0.045581683542690432 -0.038373763039508305 0 -0.019539217685162161 0.056185285667012634 -0.03617469981962787 0.055090157222772156
leaf_weight=33.721641533076763 5.149720490910112 0.31095662526786227 1.2649796381592739 1.3754767309874294 3.9538669157773247 34.518254743888974
leaf_count=2751 432 22 96 8 285 223
internal_value=0 0.0386462 0.0506923 -0.0408491 -0.00527385 0.0541911
internal_weight=80.2949 41.2439 36.0942 39.051 5.32934 34.8292
internal_count=3817 773 341 3044 293 245
is_linear=0
shrinkage=0.05


Tree=329
num_leaves=5
num_cat=0
split_feature=26 11 26 7
split_gain=86.1265 4.89769 1.25286 1.77392
threshold=-0.094677701640651452 0.26146111498592245 -0.22590044214168895 -0.99727729439280621
decision_type=2 2 2 2
left_child=2 -2 -1 -4
right_child=1 -3 3 -5
leaf_value=-0.046098098512119746 0.055228271493088392 -0.022577920393468516 0.032849110021062389 -0.031113653772589619
leaf_weight=47.603378486819565 41.268325924873352 1.3989468915387977 0.98831799626350436 2.5285354135558
leaf_count=3299 265 73 4 176
internal_value=0 0.0518661 -0.0438358 -0.00506339
internal_weight=93.7875 42.6673 51.1202 3.51685
internal_count=3817 338 3479 180
is_linear=0
shrinkage=0.05


Tree=330
num_leaves=6
num_cat=0
split_feature=21 7 7 21 10
split_gain=90.9205 2.51005 1.64279 1.50685 0.0333526
threshold=-0.12021446295793767 -1.0879315846140403 0.81661094717689686 -0.24778315296193945 0.1899622643060643
decision_type=2 2 2 2 2
left_child=1 3 -2 -1 -4
right_child=2 -3 4 -5 -6
leaf_value=-0.02655192873137174 0.054911298568644185 -0.046165604724662496 -0.0074049884018593665 0.034802011575954903 0.0040702883503091151
leaf_weight=1.7849857788532966 42.196948766708374 50.61590898130089 0.71695717144757398 1.2802374362945554 0.5050555020570755
leaf_count=70 275 3424 39 6 3
internal_value=0 -0.0435301 0.0532714 0 0
internal_weight=97.1001 53.6811 43.419 3.06522 1.22201
internal_count=3817 3500 317 76 42
is_linear=0
shrinkage=0.05


Tree=331
num_leaves=5
num_cat=0
split_feature=24 11 2 24
split_gain=86.9921 5.79797 2.78056 2.35449
threshold=-0.1139054370883454 0.19210145770252621 -1.4699071507446801 -0.23411998404593962
decision_type=2 2 2 2
left_child=2 -2 3 -1
right_child=1 -3 -4 -5
leaf_value=-0.02927444558277377 0.055437383874746837 -0.025139631659007036 -0.04611120329036586 0.045592603338820446
leaf_weight=2.1303451033309098 42.638631269335747 1.6414710441604246 48.881353402510285 1.2472704946994779
leaf_count=91 274 84 3363 5
internal_value=0.000136895 0.0516447 -0.0431087 0
internal_weight=96.5391 44.2801 52.259 3.37762
internal_count=3817 358 3459 96
is_linear=0
shrinkage=0.05


Tree=332
num_leaves=6
num_cat=0
split_feature=11 12 4 47 42
split_gain=74.7936 13.1792 3.29225 1.46476 0.305407
threshold=0.39111280430925138 -0.30213978816442666 -1.4133813658287024 0.13757087010375454 1.472268160469836
decision_type=2 2 2 2 2
left_child=-1 -2 -3 -4 -5
right_child=1 2 3 4 -6
leaf_value=-0.046023978371361962 -0.037084627175339772 -0.017371252687780468 0.056428293192213756 0.020527058267620933 -0.010489579598976048
leaf_weight=45.641926059499383 3.8957420038059345 0.90030744485556979 39.590507343411446 0.96879124641418346 0.81442841794341803
leaf_count=3281 226 12 251 6 41
internal_value=-0.000621519 0.0437384 0.0521175 0.054416 0
internal_weight=91.8117 46.1698 42.274 41.3737 1.78322
internal_count=3817 536 310 298 47
is_linear=0
shrinkage=0.05


Tree=333
num_leaves=5
num_cat=0
split_feature=34 13 34 12
split_gain=83.4521 8.19947 1.95704 1.36512
threshold=-0.11356204183392811 0.36694175323566708 -0.23121179449146803 -0.19275616444329743
decision_type=2 2 2 2
left_child=2 -2 -1 -4
right_child=1 -3 3 -5
leaf_value=-0.046104949863376515 0.055427697590641069 -0.029930204502552134 -0.026201582737955493 0.034889689303032545
leaf_weight=47.731949982233346 41.479576840996742 2.3193085063248864 1.8228096710518005 0.99359388649463554
leaf_count=3282 269 142 120 4
internal_value=0 0.0500565 -0.0437327 0
internal_weight=94.3472 43.7989 50.5484 2.8164
internal_count=3817 411 3406 124
is_linear=0
shrinkage=0.05


Tree=334
num_leaves=5
num_cat=0
split_feature=13 42 12 54
split_gain=85.7187 5.28157 1.80769 0.577062
threshold=1.0572812169062491 2.06991508755958 3.3885300374394172 -0.71117960341215991
decision_type=2 2 2 2
left_child=1 2 -1 -2
right_child=3 -3 -4 -5
leaf_value=-0.045238471601287439 0.055014813356179443 0.039497628708347748 0.026713480232787058 0.0061942586279642676
leaf_weight=51.724975529126823 40.234422370791435 1.2645335644483555 0.1423807293176641 1.9378004744648922
leaf_count=3533 261 5 1 17
internal_value=0.000317043 -0.0415 -0.0443104 0.0534562
internal_weight=95.3041 53.1319 51.8674 42.1722
internal_count=3817 3539 3534 278
is_linear=0
shrinkage=0.05


Tree=335
num_leaves=4
num_cat=0
split_feature=11 54 13
split_gain=79.2081 15.1685 1.59851
threshold=0.36516487357309785 -0.72166332319269699 0.14507075829865054
decision_type=2 2 2
left_child=-1 2 -2
right_child=1 -3 -4
leaf_value=-0.046058524161093219 0.055498943667454018 -0.037251929724395498 0
leaf_weight=46.609142647124827 42.742745906114578 4.4055062625557175 1.2879354953765858
leaf_count=3265 274 273 5
internal_value=0 0.0447695 0.0538638
internal_weight=95.0453 48.4362 44.0307
internal_count=3817 552 279
is_linear=0
shrinkage=0.05


Tree=336
num_leaves=2
num_cat=0
split_feature=9
split_gain=96.8899
threshold=-1.2850973392307055
decision_type=2
left_child=-1
right_child=-2
leaf_value=0.05393748169599516 -0.046183910229957444
leaf_weight=44.50402469933033 51.679578406736255
leaf_count=312 3505
internal_value=0
internal_weight=96.1836
internal_count=3817
is_linear=0
shrinkage=0.05


Tree=337
num_leaves=2
num_cat=0
split_feature=17
split_gain=85.6903
threshold=-0.23682318279820655
decision_type=2
left_child=-1
right_child=-2
leaf_value=-0.045993184675892543 0.054109564157044071
leaf_weight=46.208994421176612 38.921059548854828
leaf_count=3545 272
internal_value=0
internal_weight=85.1301
internal_count=3817
is_linear=0
shrinkage=0.05


Tree=338
num_leaves=6
num_cat=0
split_feature=31 31 12 13 13
split_gain=76.4431 4.05135 4.86724 1.88531 0.0494008
threshold=-0.016772713412951605 -0.22678979233387167 -0.28178485752223686 -0.095213547723055694 -1.0000000180025095e-35
decision_type=2 2 2 2 2
left_child=1 -1 -3 -2 -5
right_child=3 2 -4 4 -6
leaf_value=-0.045960467377415354 0.054099678334364791 -0.033635585858189279 0.06061179710606529 0 -0.009859721516481448
leaf_weight=43.837688911706209 37.867622062563896 3.118381935171783 1.6978493481874455 0.39150980114936829 0.77041214890777954
leaf_count=3293 260 227 8 2 27
internal_value=0.00012372 -0.041223 0 0.0521681 0
internal_weight=87.6835 48.6539 4.81623 39.0295 1.16192
internal_count=3817 3528 235 289 29
is_linear=0
shrinkage=0.05


Tree=339
num_leaves=3
num_cat=0
split_feature=14 11
split_gain=83.4953 13.1437
threshold=-0.22342537014154873 -0.10022939013777639
decision_type=2 2
left_child=-1 -2
right_child=1 -3
leaf_value=-0.04606895004891659 -0.035585492383237542 0.055530530057094046
leaf_weight=47.165319780819118 3.6699473168700925 43.335048273205757
leaf_count=3306 224 287
internal_value=0.00042149 0.0475907
internal_weight=94.1703 47.005
internal_count=3817 511
is_linear=0
shrinkage=0.05


Tree=340
num_leaves=5
num_cat=0
split_feature=32 11 6 32
split_gain=79.7468 4.67967 1.90789 0.942128
threshold=-0.12772669098209066 0.26146111498592245 -1.210561939734544 -0.24843806083186923
decision_type=2 2 2 2
left_child=2 -2 3 -1
right_child=1 -3 -4 -5
leaf_value=-0.025562560592438461 0.054422605206276259 -0.021740504598326899 -0.046007096636211053 0.022255342024852673
leaf_weight=1.6984818335622542 39.117522984743118 1.3872213056311 45.614781642332673 1.3549045547842977
leaf_count=73 267 77 3379 21
internal_value=-0.000239368 0.0509712 -0.0434534 0
internal_weight=89.1729 40.5047 48.6682 3.05339
internal_count=3817 344 3473 94
is_linear=0
shrinkage=0.05


Tree=341
num_leaves=6
num_cat=0
split_feature=28 6 28 13 7
split_gain=76.4985 3.21417 2.18827 1.72693 0.144425
threshold=-0.016241996166721773 -1.1714781350902903 -0.2362180797808642 0.063432519358117959 1.1708650836419505
decision_type=2 2 2 2 2
left_child=1 2 -1 -2 -5
right_child=3 -3 -4 4 -6
leaf_value=-0.031074970500509076 0.053902907164649322 -0.045934405743904602 0.031499766751831512 0.012164731049567458 -0.01191560376417921
leaf_weight=2.459053883329033 37.180529668927193 44.106065090745687 2.1337130796164274 0.67614795267581829 0.8171831090003252
leaf_count=126 258 3384 18 4 27
internal_value=-3.68906e-05 -0.0418291 0 0.0518127 0
internal_weight=87.3727 48.6988 4.59277 38.6739 1.49333
internal_count=3817 3528 144 289 31
is_linear=0
shrinkage=0.05


Tree=342
num_leaves=5
num_cat=0
split_feature=14 11 14 14
split_gain=65.7181 6.157 1.53157 0.108041
threshold=-0.13329676906093119 0.17235233270710529 -0.19445728539780005 -0.17467565712099825
decision_type=2 2 2 2
left_child=2 -2 -1 -4
right_child=1 -3 3 -5
leaf_value=-0.045703017103716465 0.054964969163451484 -0.026022866732845398 0.010134809028453482 -0.0094826858427215638
leaf_weight=38.126894423738122 33.021579951047897 1.8044197876006354 0.99746688827872165 0.79324551112949848
leaf_count=3360 222 130 41 64
internal_value=0 0.0497522 -0.0436061 0
internal_weight=74.7436 34.826 39.9176 1.79071
internal_count=3817 352 3465 105
is_linear=0
shrinkage=0.05


Tree=343
num_leaves=7
num_cat=0
split_feature=25 32 24 28 31 34
split_gain=23.3744 19.9858 7.88833 8.76981 10.3945 12.3742
threshold=-0.74006909049190794 -0.25151188632289956 -0.23411998404593962 -0.20915210465647124 -0.17407354822652468 -0.1917512414022263
decision_type=2 2 2 2 2 2
left_child=-1 2 3 4 5 -2
right_child=1 -3 -4 -5 -6 -7
leaf_value=-0.044859949545262658 0.054643534613509119 -0.043180105946804964 -0.035723322754805539 -0.035161963799063577 -0.035160888436146003 -0.035080043897822981
leaf_weight=21.546781827695668 39.57681842148304 11.506358613260089 3.7751944446936241 3.5828540232032529 3.5811775913462034 3.5621587010100475
leaf_count=1634 269 827 279 268 268 272
internal_value=0 0.0145907 0.0276238 0.0331748 0.0392616 0.0463448
internal_weight=87.1313 65.5846 54.0782 50.303 46.7202 43.139
internal_count=3817 2183 1356 1077 809 541
is_linear=0
shrinkage=0.05


Tree=344
num_leaves=6
num_cat=0
split_feature=21 7 7 21 10
split_gain=82.4977 2.39857 1.51245 1.35304 0.0221774
threshold=-0.12021446295793767 -1.0879315846140403 0.81661094717689686 -0.24778315296193945 0.1899622643060643
decision_type=2 2 2 2 2
left_child=1 3 -2 -1 -4
right_child=2 -3 4 -5 -6
leaf_value=-0.025792859506177563 0.053917028062972931 -0.046031630106517146 -0.0062659760983129267 0.033005857220490591 0.0030069910022598534
leaf_weight=1.7088115941733115 39.472749397158623 46.608708667568862 0.6840850431472052 1.2561643421649931 0.49019899964332581
leaf_count=70 275 3424 39 6 3
internal_value=0 -0.0432862 0.0522704 0 0
internal_weight=90.2207 49.5737 40.647 2.96498 1.17428
internal_count=3817 3500 317 76 42
is_linear=0
shrinkage=0.05


Tree=345
num_leaves=5
num_cat=0
split_feature=24 11 2 24
split_gain=78.8407 5.30214 2.65463 2.11446
threshold=-0.1139054370883454 0.19210145770252621 -1.4699071507446801 -0.23411998404593962
decision_type=2 2 2 2
left_child=2 -2 3 -1
right_child=1 -3 -4 -5
leaf_value=-0.02853049393749062 0.054403266580630209 -0.024055942823098524 -0.045976016311882008 0.043202826239820441
leaf_weight=2.0321474876254793 39.912429645657539 1.5491568697616447 45.010363246314228 1.2278523445129392
leaf_count=91 274 84 3363 5
internal_value=0.000102993 0.0506242 -0.0428535 0
internal_weight=89.7319 41.4616 48.2704 3.26
internal_count=3817 358 3459 96
is_linear=0
shrinkage=0.05


Tree=346
num_leaves=6
num_cat=0
split_feature=11 12 4 43 43
split_gain=67.9391 11.9053 3.10254 1.59274 0.135709
threshold=0.39111280430925138 -0.30213978816442666 -1.4133813658287024 0.83279589131628462 1.4727384459792481
decision_type=2 2 2 2 2
left_child=-1 -2 -3 -4 -5
right_child=1 2 3 4 -6
leaf_value=-0.045887502852972016 -0.036274595794633477 -0.016557792977994479 0.055422472189541605 0.013492986447829376 -0.0093609121897275643
leaf_weight=42.057611375115812 3.6283218972384921 0.87635123915970226 37.251896932721138 0.74898570775985607 0.77678228076547384
leaf_count=3281 226 12 252 5 41
internal_value=-0.000619769 0.0428178 0.0510389 0.0533943 0
internal_weight=85.3399 43.2823 39.654 38.7777 1.52577
internal_count=3817 536 310 298 46
is_linear=0
shrinkage=0.05


Tree=347
num_leaves=5
num_cat=0
split_feature=34 13 34 12
split_gain=75.7661 7.43325 1.90735 1.19692
threshold=-0.11356204183392811 0.36694175323566708 -0.23121179449146803 -0.19275616444329743
decision_type=2 2 2 2
left_child=2 -2 -1 -4
right_child=1 -3 3 -5
leaf_value=-0.045970318451775127 0.054421449168992532 -0.028898787708852493 -0.025071770074864025 0.03297629238187811
leaf_weight=43.993932034820318 38.839796021580696 2.1660168785601845 1.7071043811738493 0.9758804589509954
leaf_count=3282 269 142 120 4
internal_value=0 0.0491229 -0.0434973 0
internal_weight=87.6827 41.0058 46.6769 2.68298
internal_count=3817 411 3406 124
is_linear=0
shrinkage=0.05


Tree=348
num_leaves=6
num_cat=0
split_feature=13 17 12 13 13
split_gain=77.6307 7.99837 1.77231 0.303941 0.491573
threshold=0.48114546154751819 -0.24134693439774516 3.3885300374394172 0.3373267419610767 0.36694175323566708
decision_type=2 2 2 2 2
left_child=2 -2 3 -1 -5
right_child=1 -3 -4 4 -6
leaf_value=-0.045994586407610727 0.054690116097877856 -0.030182872835632993 0.025726801884383317 0.018365908386311074 -0.022441805428180542
leaf_weight=44.366279690526426 40.082544937729836 2.280718943104147 0.14910298585891624 0.23821334168314834 1.4756741477176545
leaf_count=3270 273 142 1 14 117
internal_value=0.000368691 0.0492388 -0.0439272 -0.044963 -0.00261067
internal_weight=88.5925 42.3633 46.2293 46.0802 1.71389
internal_count=3817 415 3402 3401 131
is_linear=0
shrinkage=0.05


Tree=349
num_leaves=4
num_cat=0
split_feature=11 54 6
split_gain=71.9185 13.6736 1.74102
threshold=0.36516487357309785 -0.72166332319269699 -0.98356166893835051
decision_type=2 2 2
left_child=-1 2 -2
right_child=1 -3 -4
leaf_value=-0.045921991083130206 0 -0.036527091692418391 0.054802811749856677
leaf_weight=42.941462776623666 1.6678402125835408 4.0912887118756762 39.653998285531998
leaf_count=3265 7 273 272
internal_value=0 0.0438259 0.052721
internal_weight=88.3546 45.4131 41.3218
internal_count=3817 552 279
is_linear=0
shrinkage=0.05


Tree=350
num_leaves=2
num_cat=0
split_feature=9
split_gain=86.1902
threshold=-1.2850973392307055
decision_type=2
left_child=-1
right_child=-2
leaf_value=0.053001933893452535 -0.046041547207777374
leaf_weight=40.302675098180771 47.075840073637664
leaf_count=303 3472
internal_value=-3.23697e-05
internal_weight=87.3785
internal_count=3775
is_linear=0
shrinkage=0.05


Tree=351
num_leaves=2
num_cat=0
split_feature=17
split_gain=77.5196
threshold=-0.23682318279820655
decision_type=2
left_child=-1
right_child=-2
leaf_value=-0.045844086594476072 0.053195678934751182
leaf_weight=41.982848804444075 36.433461114764214
leaf_count=3502 273
internal_value=0
internal_weight=78.4163
internal_count=3775
is_linear=0
shrinkage=0.05


Tree=352
num_leaves=10
num_cat=0
split_feature=39 54 32 28 24 34 26 13 13
split_gain=17.0484 13.4765 6.21181 6.73083 7.95668 9.46419 11.1722 0.56342 0.0117407
threshold=-0.47698211949941977 -0.4721624026331433 -0.22349611166549385 -0.16151443491326142 -0.20897839553120795 -0.16553830681957407 -0.18199536110798833 0.1116205823231388 0.13994203084026802
decision_type=2 2 2 2 2 2 2 2 2
left_child=1 7 3 4 5 6 -3 -1 -9
right_child=-2 2 -4 -5 -6 -7 -8 8 -10
leaf_value=-0.042047011160599217 -0.044286739996235225 0.054569139343709251 -0.035121195249145733 -0.034285323439945885 -0.034298465810679128 -0.034256899748011736 -0.034081698019830749 0.0039616062267594588 -0.0038646277059549701
leaf_weight=9.3606236716732347 16.836790309287608 35.532087951898575 3.5680335024371734 3.3202595366165033 3.3186540128663173 3.3113763239234677 3.249189466238021 0.30855000391602594 0.61562267784029245
leaf_count=795 1346 257 272 273 269 273 251 4 35
internal_value=-6.80626e-05 0.0116883 0.0223121 0.027339 0.0327135 0.0389244 0.046166 -0.0385467 0
internal_weight=79.4212 62.5844 52.2996 48.7316 45.4113 42.0927 38.7813 10.2848 0.924173
internal_count=3775 2429 1595 1323 1050 781 508 834 39
is_linear=0
shrinkage=0.05


Tree=353
num_leaves=3
num_cat=0
split_feature=14 11
split_gain=76.3908 12.2535
threshold=-0.22342537014154873 -0.10022939013777639
decision_type=2 2
left_child=-1 -2
right_child=1 -3
leaf_value=-0.045915881549486781 -0.03500185298482731 0.054770681202159048
leaf_weight=42.719977208413184 3.4939917223528019 41.424739792943001
leaf_count=3251 233 291
internal_value=0.0013838 0.0469289
internal_weight=87.6387 44.9187
internal_count=3775 524
is_linear=0
shrinkage=0.05


Tree=354
num_leaves=7
num_cat=0
split_feature=32 0 41 32 12 11
split_gain=71.0527 2.93241 2.88645 1.64875 0.572133 0.0788889
threshold=-0.085488276143575334 -1.5485935114943028 -0.42870942650188598 -0.24843806083186923 -0.26251837231374259 0.27747571041733726
decision_type=2 2 2 2 2 2
left_child=1 3 -2 -1 -5 -4
right_child=2 -3 5 4 -6 -7
leaf_value=-0.0285733465603163 0.053329562331797635 -0.045834446583104871 0 0 0.045378455531196377 -0.014300439370604471
leaf_weight=2.0288370717316861 36.227955669164658 41.209187931381166 0.21679206937551387 0.6911989552900194 1.1936555206775663 0.95534272026270628
leaf_count=90 266 3341 3 22 5 48
internal_value=0 -0.0419511 0.0506787 0 0.0293706 -0.00774871
internal_weight=82.523 45.1229 37.4001 3.91369 1.88485 1.17213
internal_count=3775 3458 317 117 27 51
is_linear=0
shrinkage=0.05


Tree=355
num_leaves=5
num_cat=0
split_feature=29 11 29 12
split_gain=69.6436 4.94852 2.06515 2.66238
threshold=-0.11107488831364941 0.26146111498592245 -0.2362056610700953 -0.26251837231374259
decision_type=2 2 2 2
left_child=2 -2 -1 -4
right_child=1 -3 3 -5
leaf_value=-0.045797058584022242 0.053392863269873407 -0.023682546181862545 -0.03205108903146342 0.045066514028848037
leaf_weight=39.549170587211847 36.878314837813377 1.4708065511658777 2.6676995484158401 1.1751029342412938
leaf_count=3230 271 75 194 5
internal_value=0.00047288 0.0495265 -0.0423807 -0.000238825
internal_weight=81.7411 38.3491 43.392 3.8428
internal_count=3775 346 3429 199
is_linear=0
shrinkage=0.05


Tree=356
num_leaves=5
num_cat=0
split_feature=14 14 12 39
split_gain=60.8839 2.45657 2.88014 0.741886
threshold=-0.012102858588050899 -0.19445728539780005 -0.25000208620374631 -0.21850522894733479
decision_type=2 2 2 2
left_child=1 -1 -3 -2
right_child=3 2 -4 -5
leaf_value=-0.045533727993444358 0 -0.030955014874745418 0.050917754012214281 0.052960425565680258
leaf_weight=34.507670572027564 0.92666952405125158 2.5293812183663253 1.1576099395751942 30.746039196848869
leaf_count=3303 29 212 5 226
internal_value=0.000467503 -0.0414373 0 0.0516369
internal_weight=69.8674 38.1947 3.68699 31.6727
internal_count=3775 3520 217 255
is_linear=0
shrinkage=0.05


Tree=357
num_leaves=6
num_cat=0
split_feature=26 11 26 2 19
split_gain=68.2537 3.86955 0.586598 0.891644 0.486845
threshold=-0.094677701640651452 0.26146111498592245 -0.24549254867395884 -1.4106045179715421 -1.6528724270797983
decision_type=2 2 2 2 2
left_child=2 -2 -1 4 -4
right_child=1 -3 3 -5 -6
leaf_value=-0.045801620590394547 0.053101519632036166 -0.019249928501850325 0 -0.029418495023762915 0.035427214780375367
leaf_weight=39.682419366203249 33.776359841227531 1.1885087294504035 0.46083029080182314 2.2650500470772377 0.63722350262105487
leaf_count=3237 249 71 21 192 5
internal_value=-0.00147512 0.0497005 -0.0437114 -0.00984069 0.011469
internal_weight=78.0104 34.9649 43.0455 3.3631 1.09805
internal_count=3775 320 3455 218 26
is_linear=0
shrinkage=0.05


Tree=358
num_leaves=4
num_cat=0
split_feature=21 7 21
split_gain=73.6363 3.60137 2.06761
threshold=-0.060684639219044885 -1.0656357191958052 -0.24778315296193945
decision_type=2 2 2
left_child=1 2 -1
right_child=-2 -3 -4
leaf_value=-0.02829358172495075 0.052901856134048388 -0.045871923866448734 0.036034726812055815
leaf_weight=2.0074836360290642 36.20913802087307 42.441868622787297 1.9349016211926935
leaf_count=90 271 3403 11
internal_value=0 -0.0416564 0
internal_weight=82.5934 46.3843 3.94239
internal_count=3775 3504 101
is_linear=0
shrinkage=0.05


Tree=359
num_leaves=7
num_cat=0
split_feature=24 13 46 24 24 24
split_gain=71.4552 5.06335 1.15217 0.0873626 0.0331583 0.0131205
threshold=-0.1139054370883454 0.37771975153104709 1.1204487453653302 -0.1619072457912458 -0.20897839553120795 -0.15365230424877954
decision_type=2 2 2 2 2 2
left_child=2 -2 3 -1 -4 -5
right_child=1 -3 4 5 -6 -7
leaf_value=-0.045874213350761084 0.053386310778257041 -0.023774750912719734 0 0 0.0091806496859928224 -0.0053076649595846809
leaf_weight=41.67064115870744 36.172915995121002 1.5218155551701773 0.49343817960470815 0.33510049991309543 0.48352536559104919 0.66434772405773401
leaf_count=3336 266 85 18 10 2 58
internal_value=-0.000424365 0.0493462 -0.0440458 -0.0452843 0 0
internal_weight=81.3418 37.6947 43.6471 42.6701 0.976964 0.999448
internal_count=3775 351 3424 3404 20 68
is_linear=0
shrinkage=0.05


Tree=360
num_leaves=5
num_cat=0
split_feature=11 42 12 54
split_gain=62.9577 10.4 3.01461 1.93911
threshold=0.39111280430925138 1.002943429886807 -0.30213978816442666 -0.61019242347065372
decision_type=2 2 2 2
left_child=-1 2 -2 -4
right_child=1 -3 3 -5
leaf_value=-0.045731095603629229 -0.014260646583709076 -0.035238312311698959 0.054733123696273756 0
leaf_weight=38.280456374399364 0.96740087680518527 3.2392088780179611 36.13037896156311 1.5110604166984547
leaf_count=3248 70 187 260 10
internal_value=0 0.0424445 0.0499683 0.0524398
internal_weight=80.1285 41.848 38.6088 37.6414
internal_count=3775 527 340 270
is_linear=0
shrinkage=0.05


Tree=361
num_leaves=5
num_cat=0
split_feature=34 13 34 12
split_gain=68.232 7.06415 2.136 1.30447
threshold=-0.11401317197267048 0.36694175323566708 -0.23121179449146803 -0.19275616444329743
decision_type=2 2 2 2
left_child=2 -2 -1 -4
right_child=1 -3 3 -5
leaf_value=-0.045808770847288204 0.053609209054233102 -0.028452401943441143 -0.024611445458798568 0.035998482003359915
leaf_weight=39.80396581068635 36.696575045585632 2.1080162348225704 1.6609453083947303 1.0064930617809285
leaf_count=3230 271 149 121 4
internal_value=0.000301396 0.04821 -0.0429408 0
internal_weight=81.276 38.8046 42.4714 2.66744
internal_count=3775 420 3355 125
is_linear=0
shrinkage=0.05


Tree=362
num_leaves=5
num_cat=0
split_feature=13 42 12 11
split_gain=70.5635 4.63707 1.78499 0.800635
threshold=1.0572812169062491 2.06991508755958 3.3885300374394172 -0.068041577692908167
decision_type=2 2 2 2
left_child=1 2 -1 -2
right_child=3 -3 -4 -5
leaf_value=-0.045913127775234215 0.052995017403667022 0.034802970142336936 0.024743271319241034 0
leaf_weight=43.366786574944854 34.940179750323296 1.200131982564925 0.15580566227435966 1.4095202237367619
leaf_count=3495 260 5 1 14
internal_value=0 -0.0417636 -0.0448141 0.0514464
internal_weight=81.0724 44.7227 43.5226 36.3497
internal_count=3775 3501 3496 274
is_linear=0
shrinkage=0.05


Tree=363
num_leaves=5
num_cat=0
split_feature=11 11 6 13
split_gain=62.0374 8.94106 2.21285 0.326245
threshold=0.36516487357309785 2.26758349819506 -0.98356166893835051 0.10453629628810755
decision_type=2 2 2 2
left_child=-1 2 3 -2
right_child=1 -3 -4 -5
leaf_value=-0.045768850414291101 0.011120256126050731 -0.032871750724183711 0.051651466787467008 -0.022381113935345871
leaf_weight=39.123629027977586 0.62624274194240459 2.9274406246840945 35.614528061822057 0.85021424200385809
leaf_count=3234 4 218 298 21
internal_value=-0.000985921 0.0422032 0.049152 0
internal_weight=79.1421 40.0184 37.091 1.47646
internal_count=3775 541 323 25
is_linear=0
shrinkage=0.05


Tree=364
num_leaves=2
num_cat=0
split_feature=9
split_gain=78.4144
threshold=-1.2850973392307055
decision_type=2
left_child=-1
right_child=-2
leaf_value=0.052189594860638955 -0.04590740396564022
leaf_weight=37.553357720375061 43.337989958003163
leaf_count=303 3472
internal_value=-1.84171e-05
internal_weight=80.8913
internal_count=3775
is_linear=0
shrinkage=0.05


Tree=365
num_leaves=2
num_cat=0
split_feature=17
split_gain=70.4821
threshold=-0.23682318279820655
decision_type=2
left_child=-1
right_child=-2
leaf_value=-0.045705542569396677 0.052360595785276291
leaf_weight=38.650582402013242 33.939293868839741
leaf_count=3502 273
internal_value=0
internal_weight=72.5899
internal_count=3775
is_linear=0
shrinkage=0.05


Tree=366
num_leaves=3
num_cat=0
split_feature=31 13
split_gain=61.1438 11.8485
threshold=-0.22678979233387167 0.23662438553269713
decision_type=2 2
left_child=-1 -2
right_child=1 -3
leaf_value=-0.045672854269738536 0.054150669913510856 -0.035086884576821097
leaf_weight=36.954152225516737 33.415409877896309 3.4830884998664251
leaf_count=3256 258 261
internal_value=-0.000186275 0.044702
internal_weight=73.8527 36.8985
internal_count=3775 519
is_linear=0
shrinkage=0.05


Tree=367
num_leaves=3
num_cat=0
split_feature=24 14
split_gain=69.8299 11.1168
threshold=-0.2550829191234304 -0.22342537014154873
decision_type=2 2
left_child=-1 -2
right_child=1 -3
leaf_value=-0.045786572811158416 -0.034065224925949086 0.0539350432547549
leaf_weight=39.333777543157339 3.254789979197084 38.926430866122246
leaf_count=3215 269 291
internal_value=0.00152053 0.0462395
internal_weight=81.515 42.1812
internal_count=3775 560
is_linear=0
shrinkage=0.05


Tree=368
num_leaves=7
num_cat=0
split_feature=32 6 41 32 41 11
split_gain=64.3845 3.07684 2.67841 1.26407 0.18676 0.0683768
threshold=-0.085488276143575334 -1.196669714725479 -0.42870942650188598 -0.24843806083186923 -0.42870974318102534 0.27747571041733726
decision_type=2 2 2 2 2 2
left_child=1 3 -2 -1 -5 -4
right_child=2 -3 5 4 -6 -7
leaf_value=-0.024968840448223544 0.052470461232226685 -0.045707383453490812 0 0.039741864287459697 0 -0.013218515159781896
leaf_weight=1.6327033331617706 33.786295168101788 38.213236306793988 0.21057088673114666 0.95462432503700256 0.8904064269736407 0.91137248929589987
leaf_count=76 266 3355 3 4 23 48
internal_value=0 -0.041649 0.049789 0 0.0279394 -0.00683019
internal_weight=76.5992 41.691 34.9082 3.47773 1.84503 1.12194
internal_count=3775 3458 317 103 27 51
is_linear=0
shrinkage=0.05


Tree=369
num_leaves=5
num_cat=0
split_feature=28 11 28 12
split_gain=63.1006 4.54975 2.03125 2.36578
threshold=-0.11116261608311243 0.26146111498592245 -0.2362180797808642 -0.26251837231374259
decision_type=2 2 2 2
left_child=2 -2 -1 -4
right_child=1 -3 3 -5
leaf_value=-0.045652642144536584 0.052533112322689784 -0.02257312078837476 -0.031049750746779639 0.04285999864236581
leaf_weight=36.423557870090008 34.394501529633999 1.3923001457005728 2.4843778125941758 1.1533989310264576
leaf_count=3230 271 75 194 5
internal_value=0.000431499 0.0486513 -0.0420957 0
internal_weight=75.8481 35.7868 40.0613 3.63778
internal_count=3775 346 3429 199
is_linear=0
shrinkage=0.05


Tree=370
num_leaves=5
num_cat=0
split_feature=14 14 12 39
split_gain=55.1659 2.40166 2.55331 0.692491
threshold=-0.012102858588050899 -0.19445728539780005 -0.25000208620374631 -0.21850522894733479
decision_type=2 2 2 2
left_child=1 -1 -3 -2
right_child=3 2 -4 -5
leaf_value=-0.045381037670933488 0 -0.029941909755657237 0.048190587468918182 0.052094741345068134
leaf_weight=31.779527785256505 0.90241621341556566 2.35419749096036 1.1468102633953083 28.678594157099724
leaf_count=3303 29 212 5 226
internal_value=0.000465651 -0.0411111 0 0.0507434
internal_weight=64.8615 35.2805 3.50101 29.581
internal_count=3775 3520 217 255
is_linear=0
shrinkage=0.05


Tree=371
num_leaves=6
num_cat=0
split_feature=26 11 26 2 19
split_gain=61.9198 3.56576 0.604153 0.801136 0.440123
threshold=-0.094677701640651452 0.26146111498592245 -0.24549254867395884 -1.4106045179715421 -1.6528724270797983
decision_type=2 2 2 2 2
left_child=2 -2 -1 4 -4
right_child=1 -3 3 -5 -6
leaf_value=-0.045657206765100947 0.052245283046111604 -0.018111072912680461 0 -0.028358061013343858 0.033696727896270089
leaf_weight=36.547177597880363 31.497073225677013 1.1272482983767975 0.44367566239088774 2.1114336559548965 0.62979580182582162
leaf_count=3237 249 71 21 192 5
internal_value=-0.00145977 0.0488229 -0.0434623 -0.00871327 0.0107708
internal_weight=72.3564 32.6243 39.7321 3.18491 1.07347
internal_count=3775 320 3455 218 26
is_linear=0
shrinkage=0.05


Tree=372
num_leaves=5
num_cat=0
split_feature=21 19 21 41
split_gain=66.7965 3.28002 1.50875 0.195009
threshold=-0.060684639219044885 -1.6724375537264851 -0.24778315296193945 -0.42870926393423564
decision_type=2 2 2 2
left_child=1 2 -1 -4
right_child=-2 -3 3 -5
leaf_value=-0.027043677718746689 0.052068796970114378 -0.045726828822925225 0.037444547610445571 0
leaf_weight=1.8578665796667331 33.723760887980461 38.910511702299118 1.3079710751771929 0.76327758375555266
leaf_count=87 271 3389 6 22
internal_value=0 -0.0413785 0 0.0282184
internal_weight=76.5634 42.8396 3.92912 2.07125
internal_count=3775 3504 115 28
is_linear=0
shrinkage=0.05


Tree=373
num_leaves=6
num_cat=0
split_feature=24 13 46 24 24
split_gain=64.8474 4.64547 1.10147 0.0959463 0.0255623
threshold=-0.1139054370883454 0.37771975153104709 1.1204487453653302 -0.1619072457912458 -0.20897839553120795
decision_type=2 2 2 2 2
left_child=2 -2 3 -1 -4
right_child=1 -3 4 -5 -6
leaf_value=-0.045733152685081442 0.052525005859077295 -0.022663797728693903 0 0 0.0080941014844324137
leaf_weight=38.363465761765838 33.738933704793453 1.4371209871023882 0.48834264557808538 0.96131916157901187 0.47544661164283752
leaf_count=3336 266 85 18 68 2
internal_value=-0.000427778 0.0484778 -0.0438111 -0.0451111 0
internal_weight=75.4646 35.1761 40.2886 39.3248 0.963789
internal_count=3775 351 3424 3404 20
is_linear=0
shrinkage=0.05


Tree=374
num_leaves=4
num_cat=0
split_feature=11 42 12
split_gain=57.1986 9.4466 2.77889
threshold=0.39111280430925138 1.002943429886807 -0.30213978816442666
decision_type=2 2 2
left_child=-1 2 -2
right_child=1 -3 -4
leaf_value=-0.045584359269996155 -0.013096020415252905 -0.034370664206545304 0.05151466449929161
leaf_weight=35.244072100147605 0.91903828550130029 3.0302077345550051 35.250217944383621
leaf_count=3248 70 187 270
internal_value=0 0.0416061 0.049035
internal_weight=74.4435 39.1995 36.1693
internal_count=3775 527 340
is_linear=0
shrinkage=0.05


Tree=375
num_leaves=3
num_cat=0
split_feature=34 26
split_gain=61.947 11.8032
threshold=-0.23121179449146803 -0.23407628368127484
decision_type=2 2
left_child=-1 -2
right_child=1 -3
leaf_value=-0.045664722836950146 0.05342680493387162 -0.034973282882415628
leaf_weight=36.660738852806389 35.222490817308426 3.5257688621059051
leaf_count=3230 275 270
internal_value=0.000274136 0.0444031
internal_weight=75.409 38.7483
internal_count=3775 545
is_linear=0
shrinkage=0.05


Tree=376
num_leaves=4
num_cat=0
split_feature=13 14 12
split_gain=64.0707 6.88285 1.75179
threshold=0.48114546154751819 -0.2208304265381375 3.3885300374394172
decision_type=2 2 2
left_child=2 -2 -1
right_child=1 -3 -4
leaf_value=-0.045733194272891749 0.052874103018364087 -0.02866431976902924 0.023734944110070245
leaf_weight=38.442884004674852 34.490630075335503 2.0775072323158374 0.16266658902168174
leaf_count=3354 269 151 1
internal_value=0 0.0472432 -0.0445015
internal_weight=75.1737 36.5681 38.6056
internal_count=3775 420 3355
is_linear=0
shrinkage=0.05


Tree=377
num_leaves=4
num_cat=0
split_feature=11 54 6
split_gain=56.2901 11.7913 1.24692
threshold=0.36516487357309785 -0.74611360206791499 -0.98356166893835051
decision_type=2 2 2
left_child=-1 2 -2
right_child=1 -3 -4
leaf_value=-0.04562299854517033 0 -0.03562182363227772 0.052650402655174081
leaf_weight=36.016561899334192 1.1029652208089817 3.7417332464829078 32.688031680881977
leaf_count=3234 5 280 256
internal_value=-0.000962638 0.0412727 0.0509116
internal_weight=73.5493 37.5327 33.791
internal_count=3775 541 261
is_linear=0
shrinkage=0.05


Tree=378
num_leaves=2
num_cat=0
split_feature=9
split_gain=71.3268
threshold=-1.2850973392307055
decision_type=2
left_child=-1
right_child=-2
leaf_value=0.051438805015951432 -0.045768930317401951
leaf_weight=34.926495008170605 39.876364181749523
leaf_count=303 3472
internal_value=-9.11558e-06
internal_weight=74.8029
internal_count=3775
is_linear=0
shrinkage=0.05


Tree=379
num_leaves=2
num_cat=0
split_feature=17
split_gain=64.0851
threshold=-0.23682318279820655
decision_type=2
left_child=-1
right_child=-2
leaf_value=-0.045561355097207462 0.051590612590083365
leaf_weight=35.565162762999535 31.566276408731937
leaf_count=3502 273
internal_value=0
internal_weight=67.1314
internal_count=3775
is_linear=0
shrinkage=0.05


Tree=380
num_leaves=3
num_cat=0
split_feature=31 13
split_gain=55.6068 10.7372
threshold=-0.22678979233387167 0.23662438553269713
decision_type=2 2
left_child=-1 -2
right_child=1 -3
leaf_value=-0.045523372525252653 0.053312979515088621 -0.034231576627482115
leaf_weight=34.018023272044957 31.14703793078661 3.2361895134672514
leaf_count=3256 258 261
internal_value=-0.000175245 0.043984
internal_weight=68.4013 34.3832
internal_count=3775 519
is_linear=0
shrinkage=0.05


Tree=381
num_leaves=4
num_cat=0
split_feature=26 14 0
split_gain=63.9123 9.36276 0.352211
threshold=-0.24806915564393919 -0.22342537014154873 -1.7895251522295699
decision_type=2 2 2
left_child=2 -2 -1
right_child=1 -3 -4
leaf_value=0 -0.032305488463599465 0.053152921898789313 -0.045641053142952026
leaf_weight=0.30832949094474216 2.8070183815434566 36.38697425276041 36.280062904581428
leaf_count=13 252 290 3220
internal_value=0.00167572 0.0460729 -0.045189
internal_weight=75.7824 39.194 36.5884
internal_count=3775 542 3233
is_linear=0
shrinkage=0.05


Tree=382
num_leaves=6
num_cat=0
split_feature=32 6 34 32 41
split_gain=58.2855 2.95679 2.77543 1.14093 0.152028
threshold=-0.085488276143575334 -1.196669714725479 0.037051453784184084 -0.24843806083186923 -0.42870974318102534
decision_type=2 2 2 2 2
left_child=1 3 -2 -1 -5
right_child=2 -3 -4 4 -6
leaf_value=-0.024105274426318365 0.051700016843356011 -0.045559309771362966 -0.013170575901627145 0.037608017174617203 0
leaf_weight=1.5569304861128324 31.603613562881947 35.146639456041157 0.9113472755998363 0.94035795331001282 0.86516705993562915
leaf_count=76 267 3355 50 4 23
internal_value=0 -0.0413188 0.0489526 0 0.0268097
internal_weight=71.0241 38.5091 32.515 3.36246 1.80553
internal_count=3775 3458 317 103 27
is_linear=0
shrinkage=0.05


Tree=383
num_leaves=5
num_cat=0
split_feature=28 11 28 9
split_gain=57.1399 4.18752 1.98728 2.09431
threshold=-0.11116261608311243 0.26146111498592245 -0.2362180797808642 -1.1851194693867388
decision_type=2 2 2 2
left_child=2 -2 -1 -4
right_child=1 -3 3 -5
leaf_value=-0.04550215659801482 0.05173492300336955 -0.02144353090579253 0.040712204411276459 -0.030012149317052372
leaf_weight=33.527930406853557 32.007907532155514 1.3182489741593588 1.1294538527727129 2.3143620630726209
leaf_count=3230 271 75 5 194
internal_value=0.000371957 0.047827 -0.041804 0
internal_weight=70.2979 33.3262 36.9717 3.44382
internal_count=3775 346 3429 199
is_linear=0
shrinkage=0.05


Tree=384
num_leaves=5
num_cat=0
split_feature=14 14 12 41
split_gain=49.9506 2.33851 2.25744 0.719391
threshold=-0.012102858588050899 -0.19445728539780005 -0.25000208620374631 -0.42870947885669286
decision_type=2 2 2 2
left_child=1 -1 -3 -2
right_child=3 2 -4 -5
leaf_value=-0.0452205135658778 0.051436949377937996 -0.028892824067955666 0.045602392652404511 0
leaf_weight=29.252461766358465 26.597140014171604 2.1922985697165136 1.1330657303333271 0.96889614406973024
leaf_count=3303 224 212 5 31
internal_value=0.000442761 -0.0407747 0 0.0499033
internal_weight=60.1439 32.5778 3.32536 27.566
internal_count=3775 3520 217 255
is_linear=0
shrinkage=0.05


Tree=385
num_leaves=5
num_cat=0
split_feature=26 11 26 41
split_gain=56.1351 3.29068 0.619443 1.5132
threshold=-0.094677701640651452 0.26146111498592245 -0.24549254867395884 -0.42870068114435483
decision_type=2 2 2 2
left_child=2 -2 -1 -4
right_child=1 -3 3 -5
leaf_value=-0.045506728111452732 0.051449101824076887 -0.016961682900483579 0.034192328388360074 -0.030429031658158714
leaf_weight=33.642315642908216 29.306581638753418 1.0696864435449231 0.59171409904956851 2.4263194436207405
leaf_count=3237 249 71 3 215
internal_value=-0.00145883 0.0479947 -0.0432026 -0.00759425
internal_weight=67.0366 30.3763 36.6603 3.01803
internal_count=3775 320 3455 218
is_linear=0
shrinkage=0.05


Tree=386
num_leaves=5
num_cat=0
split_feature=21 7 41 21
split_gain=60.6552 2.33186 1.18226 1.00907
threshold=-0.12021446295793767 -1.0879315846140403 -0.42870922847674603 -0.24778315296193945
decision_type=2 2 2 2
left_child=1 3 -2 -1
right_child=2 -3 -4 -5
leaf_value=-0.021181081281134165 0.051427410946964902 -0.045602270707837206 0 0.032751843756383535
leaf_weight=1.3339669518172734 31.455247350037098 36.002201795578003 1.0424760747700919 1.0847021937370298
leaf_count=64 270 3392 44 5
internal_value=0 -0.0424329 0.0497157 0
internal_weight=70.9186 38.4209 32.4977 2.41867
internal_count=3775 3461 314 69
is_linear=0
shrinkage=0.05


Tree=387
num_leaves=6
num_cat=0
split_feature=24 11 46 24 24
split_gain=58.852 4.26788 1.05248 0.101054 0.0190882
threshold=-0.1139054370883454 0.19210145770252621 1.1204487453653302 -0.1619072457912458 -0.20897839553120795
decision_type=2 2 2 2 2
left_child=2 -2 3 -1 -4
right_child=1 -3 4 -5 -6
leaf_value=-0.045586632646629995 0.051732645723933116 -0.021531607553881199 0 0 0.0070246557101997066
leaf_weight=35.301523996517062 31.423079408705235 1.3575427429750551 0.48256723117083211 0.92757228575646777 0.46706445515155792
leaf_count=3336 266 85 18 68 2
internal_value=-0.000426811 0.0476695 -0.0435668 -0.0449308 0
internal_weight=69.9594 32.7806 37.1787 36.2291 0.949632
internal_count=3775 351 3424 3404 20
is_linear=0
shrinkage=0.05


Tree=388
num_leaves=5
num_cat=0
split_feature=11 42 0 12
split_gain=51.8824 8.56199 2.66725 2.72999
threshold=0.39111280430925138 1.002943429886807 -1.4644296307348059 -0.30213978816442666
decision_type=2 2 2 2
left_child=-1 2 -2 -4
right_child=1 -3 3 -5
leaf_value=-0.045431191861108763 -0.015657508214250146 -0.033459475010780983 -0.011898495973048963 0.053161870878575969
leaf_weight=32.433434839360416 0.783809594810008 2.8323348900303236 0.87240213807672162 32.190703935921192
leaf_count=3248 5 187 70 265
internal_value=0 0.0407477 0.048082 0.0505486
internal_weight=69.1127 36.6793 33.8469 33.0631
internal_count=3775 527 340 335
is_linear=0
shrinkage=0.05


Tree=389
num_leaves=3
num_cat=0
split_feature=34 26
split_gain=56.3918 10.6914
threshold=-0.23121179449146803 -0.23407628368127484
decision_type=2 2
left_child=-1 -2
right_child=1 -3
leaf_value=-0.045514910888397035 0.052649616608170316 -0.034117563418579404
leaf_weight=33.751889654435217 32.821744062006474 3.2700022710487238
leaf_count=3230 275 270
internal_value=0.000238572 0.0437463
internal_weight=69.8436 36.0917
internal_count=3775 545
is_linear=0
shrinkage=0.05


Tree=390
num_leaves=4
num_cat=0
split_feature=13 14 12
split_gain=58.0843 6.25693 1.71998
threshold=0.48114546154751819 -0.2208304265381375 3.3885300374394172
decision_type=2 2 2
left_child=2 -2 -1
right_child=1 -3 -4
leaf_value=-0.045587098938949119 0.052054484584741746 -0.027553052995537022 0.022710096373940395
leaf_weight=35.382951297797263 32.117333188652992 1.9421105021610845 0.16961413621902366
leaf_count=3354 269 151 1
internal_value=0 0.0464588 -0.0442574
internal_weight=69.612 34.0594 35.5526
internal_count=3775 420 3355
is_linear=0
shrinkage=0.05


Tree=391
num_leaves=4
num_cat=0
split_feature=11 54 6
split_gain=51.1221 10.666 1.23187
threshold=0.36516487357309785 -0.74611360206791499 -0.98356166893835051
decision_type=2 2 2
left_child=-1 2 -2
right_child=1 -3 -4
leaf_value=-0.045470963655572183 0 -0.03482651490742298 0.051821787470242402
leaf_weight=33.140518880449235 1.089644774794581 3.478640340268611 30.492309793829918
leaf_count=3234 5 280 256
internal_value=-0.000941457 0.0404939 0.0499829
internal_weight=68.2011 35.0606 31.582
internal_count=3775 541 261
is_linear=0
shrinkage=0.05


Tree=392
num_leaves=2
num_cat=0
split_feature=9
split_gain=64.8949
threshold=-1.2850973392307055
decision_type=2
left_child=-1
right_child=-2
leaf_value=0.050747459276583744 -0.045625404564468952
leaf_weight=32.446410372853279 36.676902637816966
leaf_count=303 3472
internal_value=0
internal_weight=69.1233
internal_count=3775
is_linear=0
shrinkage=0.05


Tree=393
num_leaves=2
num_cat=0
split_feature=17
split_gain=58.2723
threshold=-0.23682318279820655
decision_type=2
left_child=-1
right_child=-2
leaf_value=-0.045410751251432013 0.050877413133601036
leaf_weight=32.713690431788564 29.320098266005516
leaf_count=3502 273
internal_value=0
internal_weight=62.0338
internal_count=3775
is_linear=0
shrinkage=0.05


Tree=394
num_leaves=3
num_cat=0
split_feature=31 13
split_gain=50.564 9.73902
threshold=-0.22678979233387167 0.23662438553269713
decision_type=2 2
left_child=-1 -2
right_child=1 -3
leaf_value=-0.045367278084528312 0.052535264827386768 -0.03334020178608383
leaf_weight=31.303681962192059 28.993938453495502 3.0079063940793267
leaf_count=3256 258 261
internal_value=-0.000161881 0.0433058
internal_weight=63.3055 32.0018
internal_count=3775 519
is_linear=0
shrinkage=0.05


Tree=395
num_leaves=3
num_cat=0
split_feature=14 11
split_gain=58.518 9.06693
threshold=-0.22342537014154873 -0.10022939013777639
decision_type=2 2
left_child=-1 -2
right_child=1 -3
leaf_value=-0.045480207568076497 -0.032197624812911059 0.0524635553232825
leaf_weight=33.360266973264515 2.7707793731242409 34.295663334429264
leaf_count=3251 233 291
internal_value=0.00183599 0.0451252
internal_weight=70.4267 37.0664
internal_count=3775 524
is_linear=0
shrinkage=0.05


Tree=396
num_leaves=6
num_cat=0
split_feature=32 53 6 32 41
split_gain=52.7733 3.34874 2.46383 0.720256 0.0465688
threshold=-0.12332149254504084 1.0000000180025095e-35 -1.210561939734544 -0.24843806083186923 -0.42870974318102534
decision_type=2 2 2 2 2
left_child=2 -2 3 -1 -5
right_child=1 -3 -4 4 -6
leaf_value=-0.020503542814079359 -0.017257624021163983 0.051042936215162829 -0.04540913690133086 0.030953192394222551 0
leaf_weight=1.2863530889153474 1.1090120691806102 29.577299483120441 32.294840017333627 0.7170831561088562 0.81917886249721028
leaf_count=66 74 268 3343 3 21
internal_value=0 0.0475358 -0.0415409 0 0.0227043
internal_weight=65.8038 30.6863 35.1175 2.82262 1.53626
internal_count=3775 342 3433 90 24
is_linear=0
shrinkage=0.05


Tree=397
num_leaves=5
num_cat=0
split_feature=28 13 28 12
split_gain=51.7347 3.85955 1.93849 1.85091
threshold=-0.11116261608311243 0.99159956844418617 -0.2362180797808642 -0.26251837231374259
decision_type=2 2 2 2
left_child=2 -2 -1 -4
right_child=1 -3 3 -5
leaf_value=-0.045344819598919478 0.050996227864211929 -0.02030082764845291 -0.028946715372632738 0.03868193208451895
leaf_weight=30.850807712413371 29.744979672133926 1.2486758697777975 2.1577391568571334 1.1041768044233311
leaf_count=3230 271 75 194 5
internal_value=0.000310998 0.0470533 -0.0415014 0
internal_weight=65.1064 30.9937 34.1127 3.26192
internal_count=3775 346 3429 199
is_linear=0
shrinkage=0.05


Tree=398
num_leaves=5
num_cat=0
split_feature=14 14 12 39
split_gain=45.2207 2.27035 1.9917 1.2584
threshold=-0.012102858588050899 -0.19445728539780005 -0.25000208620374631 -0.28128778028642337
decision_type=2 2 2 2
left_child=1 -1 -3 -2
right_child=3 2 -4 -5
leaf_value=-0.045051416007717865 0 -0.027809387162318774 0.043166430881653041 0.050743468157328067
leaf_weight=26.91683170711622 0.43652011454105633 2.0427935495972638 1.1168492585420597 25.224335953593254
leaf_count=3303 27 212 5 228
internal_value=0.000420406 -0.0404261 0 0.0491088
internal_weight=55.7373 30.0765 3.15964 25.6609
internal_count=3775 3520 217 255
is_linear=0
shrinkage=0.05


Tree=399
num_leaves=5
num_cat=0
split_feature=26 11 26 41
split_gain=50.9013 3.04274 0.645323 1.35903
threshold=-0.094677701640651452 0.26146111498592245 -0.24549254867395884 -0.42870068114435483
decision_type=2 2 2 2
left_child=2 -2 -1 -4
right_child=1 -3 3 -5
leaf_value=-0.045349459366677405 0.050719665352515431 -0.015806562489811698 0.032492649058253498 -0.029394350710452422
leaf_weight=30.956818197853863 27.253924794495109 1.0156794702634204 0.58360132575035129 2.2594266356900325
leaf_count=3237 249 71 3 215
internal_value=-0.00141827 0.0472273 -0.0429288 -0.00625256
internal_weight=62.0695 28.2696 33.7998 2.84303
internal_count=3775 320 3455 218
is_linear=0
shrinkage=0.05


Tree=400
num_leaves=5
num_cat=0
split_feature=21 7 39 21
split_gain=55.0168 2.20635 1.11868 0.892604
threshold=-0.12021446295793767 -1.0879315846140403 0.29116254196575331 -0.24778315296193945
decision_type=2 2 2 2
left_child=1 3 -2 -1
right_child=2 -3 -4 -5
leaf_value=-0.02037944740046101 0 -0.045448923887671078 0.050641730889308526 0.030974561374901101
leaf_weight=1.2810984058305614 0.90956319123506801 33.097705489955842 29.311842031776905 1.0548731833696363
leaf_count=64 42 3392 272 5
internal_value=0 -0.0421642 0.0489655 0
internal_weight=65.6551 35.4337 30.2214 2.33597
internal_count=3775 3461 314 69
is_linear=0
shrinkage=0.05


Tree=401
num_leaves=5
num_cat=0
split_feature=24 11 24 1
split_gain=53.3744 3.92583 1.00815 0.414052
threshold=-0.1139054370883454 0.19210145770252621 -0.20897839553120795 -1.1755408461419343
decision_type=2 2 2 2
left_child=2 -2 -1 -4
right_child=1 -3 3 -5
leaf_value=-0.045441980302397149 0.05099167367754124 -0.020384289700745156 0.017011463859703695 -0.019718414640741172
leaf_weight=32.336495337076485 29.204633869230751 1.2830252069979895 0.6785878688096999 1.2850565258413542
leaf_count=3285 266 85 3 136
internal_value=-0.000443591 0.0469007 -0.0433132 0
internal_weight=64.7878 30.4877 34.3001 1.96364
internal_count=3775 351 3424 139
is_linear=0
shrinkage=0.05


Tree=402
num_leaves=5
num_cat=0
split_feature=11 42 0 12
split_gain=47.0716 7.78039 2.51397 2.53145
threshold=0.39111280430925138 1.002943429886807 -1.4644296307348059 -0.30213978816442666
decision_type=2 2 2 2
left_child=-1 2 -2 -4
right_child=1 -3 3 -5
leaf_value=-0.045270976036703749 -0.014645918135517168 -0.032519853688367732 -0.010706353026678751 0.052449163147234037
leaf_weight=29.840083282906562 0.7618162408471133 2.6484717177227131 0.82881757803261535 29.966283120214939
leaf_count=3248 5 187 70 265
internal_value=0 0.0399891 0.0472667 0.0498067
internal_weight=64.0455 34.2054 31.5569 30.7951
internal_count=3775 527 340 335
is_linear=0
shrinkage=0.05


Tree=403
num_leaves=3
num_cat=0
split_feature=34 26
split_gain=51.2843 9.68631
threshold=-0.23121179449146803 -0.23407628368127484
decision_type=2 2
left_child=-1 -2
right_child=1 -3
leaf_value=-0.045358289648834926 0.051895820063211376 -0.033224628864860176
leaf_weight=31.061389087699354 30.539063222706318 3.034182332456111
leaf_count=3230 275 270
internal_value=0.000181242 0.0430947
internal_weight=64.6346 33.5732
internal_count=3775 545
is_linear=0
shrinkage=0.05


Tree=404
num_leaves=4
num_cat=0
split_feature=13 14 12
split_gain=52.6432 5.6968 1.68792
threshold=0.48114546154751819 -0.2208304265381375 3.3885300374394172
decision_type=2 2 2
left_child=2 -2 -1
right_child=1 -3 -4
leaf_value=-0.045434711925658476 0.051296422556842663 -0.02641792584781574 0.021700080916413244
leaf_weight=32.554386713542044 29.864838749170307 1.8169071748852719 0.1764196902513494
leaf_count=3354 269 151 1
internal_value=0 0.0457216 -0.0439995
internal_weight=64.4126 31.6817 32.7308
internal_count=3775 420 3355
is_linear=0
shrinkage=0.05


Tree=405
num_leaves=4
num_cat=0
split_feature=54 41 41
split_gain=45.5831 10.9109 0.437725
threshold=-0.74611360206791499 -0.17627240682928683 -0.42870068114435483
decision_type=2 2 2
left_child=1 2 -1
right_child=-2 -3 -4
leaf_value=-0.034846580850914473 -0.045306055194443612 0.050675748876232191 0
leaf_weight=3.5218595350161186 30.194892607163638 28.508049979805946 0.97906169295310963
leaf_count=372 3142 257 4
internal_value=-0.000915487 0.0390148 -0.027527
internal_weight=63.2039 33.009 4.50092
internal_count=3775 633 376
is_linear=0
shrinkage=0.05


Tree=406
num_leaves=2
num_cat=0
split_feature=9
split_gain=59.0695
threshold=-1.2850973392307055
decision_type=2
left_child=-1
right_child=-2
leaf_value=0.050109410667278934 -0.045476124182969736
leaf_weight=30.123762845993042 33.724490300752223
leaf_count=303 3472
internal_value=0
internal_weight=63.8483
internal_count=3775
is_linear=0
shrinkage=0.05


Tree=407
num_leaves=2
num_cat=0
split_feature=17
split_gain=52.9878
threshold=-0.23682318279820655
decision_type=2
left_child=-1
right_child=-2
leaf_value=-0.045252970082301433 0.050211814208050425
leaf_weight=30.08250680193305 27.201431877911091
leaf_count=3502 273
internal_value=0
internal_weight=57.2839
internal_count=3775
is_linear=0
shrinkage=0.05


Tree=408
num_leaves=3
num_cat=0
split_feature=31 13
split_gain=45.97 8.84096
threshold=-0.22678979233387167 0.23662438553269713
decision_type=2 2
left_child=-1 -2
right_child=1 -3
leaf_value=-0.045203755087683019 0.051807387143837827 -0.032413051854801214
leaf_weight=28.798094180878252 26.958153188228611 2.7970031760632983
leaf_count=3256 258 261
internal_value=-0.000147573 0.0426595
internal_weight=58.5533 29.7552
internal_count=3775 519
is_linear=0
shrinkage=0.05


Tree=409
num_leaves=3
num_cat=0
split_feature=24 14
split_gain=53.5963 8.1862
threshold=-0.2550829191234304 -0.22342537014154873
decision_type=2 2
left_child=-1 -2
right_child=1 -3
leaf_value=-0.045333586547639526 -0.031054923040188649 0.051805353631887902
leaf_weight=30.700641643255949 2.563529707491397 32.157327964901924
leaf_count=3215 269 291
internal_value=0.00200617 0.0446237
internal_weight=65.4215 34.7209
internal_count=3775 560
is_linear=0
shrinkage=0.05


Tree=410
num_leaves=6
num_cat=0
split_feature=32 53 6 32 41
split_gain=47.766 3.0936 2.37376 0.645726 0.0311076
threshold=-0.12332149254504084 1.0000000180025095e-35 -1.210561939734544 -0.24843806083186923 -0.42870974318102534
decision_type=2 2 2 2 2
left_child=2 -2 3 -1 -5
right_child=1 -3 -4 4 -6
leaf_value=-0.019605246079637231 -0.016095704662054285 0.05035163954612925 -0.045247423483315494 0.029154209933508059 0
leaf_weight=1.2301773577928536 1.051230701617899 27.456307835876942 29.687779031693935 0.70835530757904053 0.79558372963219859
leaf_count=66 74 268 3343 3 21
internal_value=0 0.0468043 -0.0411952 0 0.021765
internal_weight=60.9294 28.5075 32.4219 2.73412 1.50394
internal_count=3775 342 3433 90 24
is_linear=0
shrinkage=0.05


Tree=411
num_leaves=5
num_cat=0
split_feature=28 11 28 12
split_gain=46.8373 3.56221 1.88251 1.62994
threshold=-0.11116261608311243 0.26146111498592245 -0.2362180797808642 -0.26251837231374259
decision_type=2 2 2 2
left_child=2 -2 -1 -4
right_child=1 -3 3 -5
leaf_value=-0.045179844738612439 0.05030935587638205 -0.019147881974597714 -0.027850534469192469 0.036713232719010183
leaf_weight=28.379510701168332 27.607945255935196 1.1833607982844103 2.0130207724869256 1.0770233869552601
leaf_count=3230 271 75 194 5
internal_value=0.000246815 0.046323 -0.0411912 0
internal_weight=60.2609 28.7913 31.4696 3.09004
internal_count=3775 346 3429 199
is_linear=0
shrinkage=0.05


Tree=412
num_leaves=5
num_cat=0
split_feature=14 14 12 39
split_gain=40.9394 2.19733 1.75241 1.19036
threshold=-0.012102858588050899 -0.19445728539780005 -0.25000208620374631 -0.28128778028642337
decision_type=2 2 2 2
left_child=1 -1 -3 -2
right_child=3 2 -4 -5
leaf_value=-0.044872986975376061 0 -0.026693963732606841 0.040849706670592373 0.050041940567002785
leaf_weight=24.763021744322035 0.42127679754048841 1.9048685329034927 1.0984858870506276 23.442527428269386
leaf_count=3303 27 212 5 228
internal_value=0.000397544 -0.0400662 0 0.0483606
internal_weight=51.6302 27.7664 3.00335 23.8638
internal_count=3775 3520 217 255
is_linear=0
shrinkage=0.05


Tree=413
num_leaves=5
num_cat=0
split_feature=26 11 26 41
split_gain=46.1155 2.81738 0.668645 1.21419
threshold=-0.094677701640651452 0.26146111498592245 -0.24549254867395884 -0.42870068114435483
decision_type=2 2 2 2
left_child=2 -2 -1 -4
right_child=1 -3 3 -5
leaf_value=-0.045184581561808407 0.050031406739295708 -0.014648491110504173 0.030830831027826917 -0.028326208588239067
leaf_weight=28.477438928093765 25.293202742934231 0.96501745656132598 0.57519018650054965 2.1053869631141415
leaf_count=3237 249 71 3 215
internal_value=-0.00139814 0.0464908 -0.0426428 -0.00492103
internal_weight=57.4162 26.2582 31.158 2.68058
internal_count=3775 320 3455 218
is_linear=0
shrinkage=0.05


Tree=414
num_leaves=7
num_cat=0
split_feature=39 44 14 7 7 7
split_gain=39.984 6.73055 3.2519 1.69156 0.820443 0.010823
threshold=-0.21850522894733479 0.43488250302248771 1.0000000180025095e-35 0.83646916377356517 -1.1004274910894456 4.1836750625051389
decision_type=2 2 2 2 2 2
left_child=4 2 3 -2 -1 -5
right_child=1 -3 -4 5 -6 -7
leaf_value=0 0.050259086205078518 -0.030864309008079061 -0.017895214742052405 0 -0.045121572326149065 -0.0048435711265476912
leaf_weight=1.350225892849269 27.973392121493823 2.5355883250012985 1.1733622597530473 0.12559628486633201 26.929596602916718 0.65333518944680691
leaf_count=54 276 292 131 1 2947 74
internal_value=0 0.0374246 0.0444445 0.0481056 -0.0432339 0
internal_weight=60.7411 32.4613 29.9257 28.7523 28.2798 0.778931
internal_count=3775 774 482 351 3001 75
is_linear=0
shrinkage=0.05


Tree=415
num_leaves=5
num_cat=0
split_feature=24 11 24 1
split_gain=48.3999 3.61641 0.986449 0.34701
threshold=-0.1139054370883454 0.19210145770252621 -0.20897839553120795 -1.1755408461419343
decision_type=2 2 2 2
left_child=2 -2 -1 -4
right_child=1 -3 3 -5
leaf_value=-0.045281909617875607 0.050302299462266803 -0.019224819887539522 0.015653022465787335 -0.01847300753637075
leaf_weight=29.749770618509505 27.109277203679088 1.213303112424909 0.66211983561515797 1.2077844897285093
leaf_count=3285 266 85 3 136
internal_value=-0.000450884 0.0461746 -0.0430616 0
internal_weight=59.9423 28.3226 31.6197 1.8699
internal_count=3775 351 3424 139
is_linear=0
shrinkage=0.05


Tree=416
num_leaves=5
num_cat=0
split_feature=11 42 0 12
split_gain=42.6675 7.07744 2.37101 2.35299
threshold=0.39111280430925138 1.002943429886807 -1.4644296307348059 -0.30213978816442666
decision_type=2 2 2 2
left_child=-1 2 -2 -4
right_child=1 -3 3 -5
leaf_value=-0.045102751036299883 -0.013643770896321751 -0.031568702238242818 -0.0095301448109691104 0.051783899098214674
leaf_weight=27.447049486450851 0.74024308472872391 2.4786399137228718 0.78835656866431847 27.843217834830281
leaf_count=3248 5 187 70 265
internal_value=0 0.0392418 0.0464827 0.0491029
internal_weight=59.2975 31.8505 29.3718 28.6316
internal_count=3775 527 340 335
is_linear=0
shrinkage=0.05


Tree=417
num_leaves=3
num_cat=0
split_feature=34 26
split_gain=46.6332 8.78374
threshold=-0.23121179449146803 -0.23407628368127484
decision_type=2 2
left_child=-1 -2
right_child=1 -3
leaf_value=-0.045194162604274467 0.051193752905743455 -0.032294123199789408
leaf_weight=28.577560130041093 28.381561607122425 2.8167785778641692
leaf_count=3230 275 270
internal_value=0.000121227 0.0424768
internal_weight=59.7759 31.1983
internal_count=3775 545
is_linear=0
shrinkage=0.05


Tree=418
num_leaves=5
num_cat=0
split_feature=13 14 2 3
split_gain=47.702 5.1938 0.609988 0.150855
threshold=0.48114546154751819 -0.2208304265381375 -1.4877213058726602 -1.3657524411273039
decision_type=2 2 2 2
left_child=2 -2 3 -1
right_child=1 -3 -4 -5
leaf_value=-0.013496093518011294 0.05059206069549075 -0.025258073496883134 -0.045195678833244539 0.012207127208175253
leaf_weight=0.93197507876902819 27.739194378256801 1.7008735393173982 28.913040312472731 0.28054061718285328
leaf_count=60 269 151 3289 6
internal_value=0 0.0450263 -0.0437262 0
internal_weight=59.5656 29.4401 30.1256 1.21252
internal_count=3775 420 3355 66
is_linear=0
shrinkage=0.05


Tree=419
num_leaves=4
num_cat=0
split_feature=11 54 46
split_gain=42.2726 8.61936 1.76841
threshold=0.36516487357309785 -0.74611360206791499 1.086212000647081
decision_type=2 2 2
left_child=-1 2 -2
right_child=1 -3 -4
leaf_value=-0.04514795994787521 0.050845538774192151 -0.03295295899732481 0
leaf_weight=28.07135967258364 26.458264857530601 2.966844572685658 1.0460000932216633
leaf_count=3234 256 280 5
internal_value=-0.000883622 0.039158 0.0482787
internal_weight=58.5425 30.4711 27.5043
internal_count=3775 541 261
is_linear=0
shrinkage=0.05


Tree=420
num_leaves=2
num_cat=0
split_feature=9
split_gain=54.0661
threshold=-1.2850973392307055
decision_type=2
left_child=-1
right_child=-2
leaf_value=0.049530685602319137 -0.045332412192904438
leaf_weight=28.068379610776901 31.168018308468163
leaf_count=304 3480
internal_value=0
internal_weight=59.2364
internal_count=3784
is_linear=0
shrinkage=0.05


Tree=421
num_leaves=2
num_cat=0
split_feature=17
split_gain=47.2071
threshold=-0.23682318279820655
decision_type=2
left_child=-1
right_child=-2
leaf_value=-0.045105868197679998 0.049523666241229294
leaf_weight=27.909872374497354 24.064697921276093
leaf_count=3524 260
internal_value=-0.000760712
internal_weight=51.9746
internal_count=3784
is_linear=0
shrinkage=0.05


Tree=422
num_leaves=5
num_cat=0
split_feature=31 31 12 7
split_gain=40.5964 2.28609 1.90266 1.34031
threshold=-0.022375722688383625 -0.22678979233387167 -0.25000208620374631 0.83646916377356517
decision_type=2 2 2 2
left_child=1 -1 -3 -2
right_child=3 2 -4 -5
leaf_value=-0.045056387554642009 0.049253402129684133 -0.02809543570291009 0.03946018739458676 0
leaf_weight=26.747731592040513 22.34798409789801 2.0858582598157231 1.2439386770129193 0.68173113279044528
leaf_count=3271 238 240 6 29
internal_value=-0.0018574 -0.0402753 0 0.0470447
internal_weight=53.1072 30.0775 3.3298 23.0297
internal_count=3784 3517 246 267
is_linear=0
shrinkage=0.05


Tree=423
num_leaves=4
num_cat=0
split_feature=31 13 6
split_gain=49.7882 6.78428 0.295091
threshold=-0.24430418613873581 0.13994203084026802 -1.3906648075652643
decision_type=2 2 2
left_child=2 -2 -1
right_child=1 -3 -4
leaf_value=0 -0.028791893325475621 0.051048694338189607 -0.045180488031654961
leaf_weight=0.2595906518399741 2.178515118546783 30.710618652403355 28.421418129932135
leaf_count=13 245 299 3227
internal_value=0.00260727 0.0446595 -0.0446972
internal_weight=61.5701 32.8891 28.681
internal_count=3784 544 3240
is_linear=0
shrinkage=0.05


Tree=424
num_leaves=5
num_cat=0
split_feature=32 0 32 12
split_gain=43.9354 3.23 1.28367 0.0470141
threshold=-0.0044935564972418242 -1.5679227948739645 -0.24843806083186923 -0.26251837231374259
decision_type=2 2 2 2
left_child=1 2 -1 -4
right_child=-2 -3 3 -5
leaf_value=-0.024124090865959694 0.048537530266823892 -0.04511247309068632 0 0.036407148679154448
leaf_weight=1.5563408210873633 25.015645377337933 27.901713212486356 0.87333416938781727 1.1069521456956861
leaf_count=83 271 3401 24 5
internal_value=0 -0.0394582 0 0.0284847
internal_weight=56.454 31.4383 3.53663 1.98029
internal_count=3784 3513 112 29
is_linear=0
shrinkage=0.05


Tree=425
num_leaves=5
num_cat=0
split_feature=28 11 28 12
split_gain=41.7236 3.14754 1.88121 1.39187
threshold=-0.11116261608311243 0.26146111498592245 -0.2362180797808642 -0.26251837231374259
decision_type=2 2 2 2
left_child=2 -2 -1 -4
right_child=1 -3 3 -5
leaf_value=-0.045025340452615581 0.049648430565144841 -0.017081598810284725 -0.026191201201883792 0.034883407853256256
leaf_weight=26.312928772997115 24.677626401185993 1.0820604041218747 1.8247739565558734 1.0490231662988652
leaf_count=3245 260 78 196 5
internal_value=0 0.0456215 -0.0408976 0
internal_weight=54.9464 25.7597 29.1867 2.8738
internal_count=3784 338 3446 201
is_linear=0
shrinkage=0.05


Tree=426
num_leaves=3
num_cat=0
split_feature=14 11
split_gain=36.6651 6.90096
threshold=-0.19445728539780005 -0.050058916823164178
decision_type=2 2
left_child=-1 -2
right_child=1 -3
leaf_value=-0.04469804468952876 0.051234457807036837 -0.029366355984783099
leaf_weight=22.89426501840353 22.276888616383079 2.2674788376316419
leaf_count=3311 224 249
internal_value=0 0.0423525
internal_weight=47.4386 24.5444
internal_count=3784 473
is_linear=0
shrinkage=0.05


Tree=427
num_leaves=5
num_cat=0
split_feature=26 11 26 12
split_gain=42.5201 2.77399 1.67989 1.55716
threshold=-0.094677701640651452 0.26146111498592245 -0.24549254867395884 -0.25000208620374631
decision_type=2 2 2 2
left_child=2 -2 -1 -4
right_child=1 -3 3 -5
leaf_value=-0.04501032082429738 0.049545543703135041 -0.014555850834393827 -0.027396588834126892 0.037466144010125477
leaf_weight=26.103203305508945 25.257499501109127 0.96418837737291951 1.9875914696604016 0.9431598037481298
leaf_count=3216 268 75 220 5
internal_value=0 0.0460247 -0.0410206 0
internal_weight=55.2556 26.2217 29.034 2.93075
internal_count=3784 343 3441 225
is_linear=0
shrinkage=0.05


Tree=428
num_leaves=5
num_cat=0
split_feature=21 19 12 21
split_gain=45.7736 1.98885 0.816836 0.548864
threshold=-0.12021446295793767 -1.7173457941227677 -0.28566324280750349 -0.24778315296193945
decision_type=2 2 2 2
left_child=1 3 -2 -1
right_child=2 -3 -4 -5
leaf_value=-0.020693996722190782 0.049393106886642807 -0.045107164688571615 0 0.017325361473809253
leaf_weight=1.3020350951701432 25.661178976297382 27.820971080102026 0.89775423053651948 1.5003897356800733
leaf_count=71 277 3371 42 23
internal_value=0 -0.0411302 0.0477836 0
internal_weight=57.1823 30.6234 26.5589 2.80242
internal_count=3784 3465 319 94
is_linear=0
shrinkage=0.05


Tree=429
num_leaves=5
num_cat=0
split_feature=24 53 5 24
split_gain=43.483 2.57061 2.07972 1.08742
threshold=-0.06671797511852233 1.0000000180025095e-35 -1.08460589899667 -0.23411998404593962
decision_type=2 2 2 2
left_child=2 -2 3 -1
right_child=1 -3 -4 -5
leaf_value=-0.022862020124045614 -0.01281227211581022 0.049695395061243236 -0.045079573209574855 0.032963492826693863
leaf_weight=1.4766265135258465 0.89865293260664003 25.209285229444504 27.357579323928803 1.0511062135919926
leaf_count=103 62 266 3345 8
internal_value=0 0.0464039 -0.0411339 0
internal_weight=55.9933 26.1079 29.8853 2.52773
internal_count=3784 328 3456 111
is_linear=0
shrinkage=0.05


Tree=430
num_leaves=5
num_cat=0
split_feature=11 42 0 12
split_gain=38.1916 6.46503 2.53227 2.24107
threshold=0.39111280430925138 1.002943429886807 -1.4352615262621236 -0.30213978816442666
decision_type=2 2 2 2
left_child=-1 2 -2 -4
right_child=1 -3 3 -5
leaf_value=-0.044931280725920841 -0.015763224402844188 -0.0309376677639185 -0.0092231223891813107 0.050504373134204077
leaf_weight=25.262084873393178 0.82371273636818543 2.3822961719706646 0.77909351605922594 26.304261378943917
leaf_count=3241 6 193 73 271
internal_value=0 0.0375746 0.0447448 0.0477438
internal_weight=55.5514 30.2894 27.9071 27.0834
internal_count=3784 543 350 344
is_linear=0
shrinkage=0.05


Tree=431
num_leaves=3
num_cat=0
split_feature=34 28
split_gain=42.7104 8.08217
threshold=-0.23121179449146803 -0.23668272385439357
decision_type=2 2
left_child=-1 -2
right_child=1 -3
leaf_value=-0.045036325533707504 0.050504611992243834 -0.031493991507586257
leaf_weight=26.406616249587387 26.662379547953609 2.6517072198912492
leaf_count=3230 279 275
internal_value=0.000191931 0.0418448
internal_weight=55.7207 29.3141
internal_count=3784 554
is_linear=0
shrinkage=0.05


Tree=432
num_leaves=3
num_cat=0
split_feature=13 54
split_gain=42.2441 9.43704
threshold=0.18658008365256532 -0.61019242347065372
decision_type=2 2
left_child=-1 -2
right_child=1 -3
leaf_value=-0.045032058751428898 0.052464380897431044 -0.033110758077134678
leaf_weight=26.362766980659217 25.268597789108757 2.965992735233157
leaf_count=3205 266 313
internal_value=0 0.0421851
internal_weight=54.5974 28.2346
internal_count=3784 579
is_linear=0
shrinkage=0.05


Tree=433
num_leaves=4
num_cat=0
split_feature=11 54 12
split_gain=39.5796 8.10354 0.859251
threshold=0.36516487357309785 -0.74611360206791499 -0.23507540668723995
decision_type=2 2 2
left_child=-1 2 -2
right_child=1 -3 -4
leaf_value=-0.044974359108961137 0.049905112591289415 -0.032343396534163057 0
leaf_weight=25.797989532817155 25.470862500369552 2.828910336829721 1.3794269487261797
leaf_count=3226 265 287 6
internal_value=0 0.0389378 0.047816
internal_weight=55.4772 29.6792 26.8503
internal_count=3784 558 271
is_linear=0
shrinkage=0.05


Tree=434
num_leaves=2
num_cat=0
split_feature=9
split_gain=49.217
threshold=-1.2850973392307055
decision_type=2
left_child=-1
right_child=-2
leaf_value=0.048968236070352326 -0.045169601371585356
leaf_weight=26.005060784518719 28.655730927828699
leaf_count=304 3480
internal_value=0
internal_weight=54.6608
internal_count=3784
is_linear=0
shrinkage=0.05


Tree=435
num_leaves=2
num_cat=0
split_feature=17
split_gain=42.9387
threshold=-0.23682318279820655
decision_type=2
left_child=-1
right_child=-2
leaf_value=-0.044932285298381863 0.048928485040861718
leaf_weight=25.662553050089628 22.2874446362257
leaf_count=3524 260
internal_value=-0.000734534
internal_weight=47.95
internal_count=3784
is_linear=0
shrinkage=0.05


Tree=436
num_leaves=5
num_cat=0
split_feature=31 31 12 7
split_gain=36.7795 2.20101 1.67154 1.26844
threshold=-0.022375722688383625 -0.22678979233387167 -0.25000208620374631 0.83646916377356517
decision_type=2 2 2 2
left_child=1 -1 -3 -2
right_child=3 2 -4 -5
leaf_value=-0.044876170874620425 0.04864838426210974 -0.026990948986864712 0.03739895341595801 0
leaf_weight=24.60186525434256 20.723369494080547 1.9444068954326215 1.2145182117819775 0.65861244034021993
leaf_count=3271 238 240 6 29
internal_value=-0.00178443 -0.0399257 0 0.0463736
internal_weight=49.1428 27.7608 3.15893 21.382
internal_count=3784 3517 246 267
is_linear=0
shrinkage=0.05


Tree=437
num_leaves=3
num_cat=0
split_feature=14 11
split_gain=45.6597 6.6054
threshold=-0.22342537014154873 -0.10022939013777639
decision_type=2 2
left_child=-1 -2
right_child=1 -3
leaf_value=-0.04499735944118613 -0.028698968926898123 0.050518872523116154
leaf_weight=26.129736434202641 2.1552340686321285 28.887626692652702
leaf_count=3260 224 300
internal_value=0.00277705 0.0438586
internal_weight=57.1726 31.0429
internal_count=3784 524
is_linear=0
shrinkage=0.05


Tree=438
num_leaves=6
num_cat=0
split_feature=32 0 32 41 54
split_gain=39.7597 3.07031 1.16245 0.0851365 0.0365386
threshold=-0.0044935564972418242 -1.5679227948739645 -0.24843806083186923 -0.42870956965632617 0.60849457285080699
decision_type=2 2 2 2 2
left_child=1 2 -1 -4 -2
right_child=4 -3 3 -5 -6
leaf_value=-0.023343238020521739 0.048761458081450486 -0.044934702959377772 0.034865660184955453 0 0
leaf_weight=1.4920337097719341 22.381197527050976 25.631140355020761 1.1728107184171674 0.75314454827457655 0.81857983581721683
leaf_count=83 258 3401 6 23 13
internal_value=0 -0.0390616 0 0.027395 0.0478717
internal_weight=52.2489 29.0491 3.41799 1.92596 23.1998
internal_count=3784 3513 112 29 271
is_linear=0
shrinkage=0.05


Tree=439
num_leaves=5
num_cat=0
split_feature=28 11 28 12
split_gain=37.765 2.90903 1.8196 1.22033
threshold=-0.11116261608311243 0.26146111498592245 -0.2362180797808642 -0.26251837231374259
decision_type=2 2 2 2
left_child=2 -2 -1 -4
right_child=1 -3 3 -5
leaf_value=-0.044843578517275509 0.049034513240939402 -0.015882641717685782 -0.025030360857845959 0.03312112351553493
leaf_weight=24.203763387631628 22.862087734043602 1.0255811838433135 1.7055268003605308 1.0214385837316502
leaf_count=3245 260 78 196 5
internal_value=0 0.0449538 -0.040561 0
internal_weight=50.8184 23.8877 26.9307 2.72697
internal_count=3784 338 3446 201
is_linear=0
shrinkage=0.05


Tree=440
num_leaves=3
num_cat=0
split_feature=14 11
split_gain=33.2971 6.27017
threshold=-0.19445728539780005 -0.050058916823164178
decision_type=2 2
left_child=-1 -2
right_child=1 -3
leaf_value=-0.044499099470334716 0.050540318736362472 -0.02830511001825536
leaf_weight=21.063869399018586 20.689523801207546 2.1126557742245486
leaf_count=3311 224 249
internal_value=0 0.0417117
internal_weight=43.866 22.8022
internal_count=3784 473
is_linear=0
shrinkage=0.05


Tree=441
num_leaves=5
num_cat=0
split_feature=26 11 26 12
split_gain=38.4884 2.57096 1.63796 1.373
threshold=-0.094677701640651452 0.26146111498592245 -0.24549254867395884 -0.25000208620374631
decision_type=2 2 2 2
left_child=2 -2 -1 -4
right_child=1 -3 3 -5
leaf_value=-0.044827138099446523 0.048945038918869255 -0.013362687348993705 -0.026272632021205524 0.035703631045327033
leaf_weight=24.011863382533196 23.391406737267975 0.91548730246722598 1.8544871844351294 0.91777710616588493
leaf_count=3216 268 75 220 5
internal_value=0 0.0453685 -0.0406843 0
internal_weight=51.091 24.3069 26.7841 2.77226
internal_count=3784 343 3441 225
is_linear=0
shrinkage=0.05


Tree=442
num_leaves=5
num_cat=0
split_feature=21 7 39 21
split_gain=41.5101 2.07237 0.857374 0.753172
threshold=-0.12021446295793767 -1.0879315846140403 0.29116254196575331 -0.24778315296193945
decision_type=2 2 2 2
left_child=1 3 -2 -1
right_child=2 -3 -4 -5
leaf_value=-0.020629308029534266 0 -0.0449526498996419 0.048818589618723575 0.02553474499886163
leaf_weight=1.2977304719388514 0.77539186179638164 25.763619319070131 23.848049148917198 1.2144688218832014
leaf_count=71 41 3387 278 7
internal_value=0 -0.0407956 0.0471634 0
internal_weight=52.8993 28.2758 24.6234 2.5122
internal_count=3784 3465 319 78
is_linear=0
shrinkage=0.05


Tree=443
num_leaves=5
num_cat=0
split_feature=24 53 5 24
split_gain=39.3731 2.38819 1.97721 0.968338
threshold=-0.06671797511852233 1.0000000180025095e-35 -1.08460589899667 -0.23411998404593962
decision_type=2 2 2 2
left_child=2 -2 3 -1
right_child=1 -3 -4 -5
leaf_value=-0.022043291559992528 -0.011649401589878837 0.049084945307449356 -0.044900237977858866 0.031254033950559451
leaf_weight=1.4138246332295268 0.85497104283422487 23.35483729839325 25.138565725181252 1.0262916814535854
leaf_count=103 62 266 3345 8
internal_value=0 0.045736 -0.0408018 0
internal_weight=51.7885 24.2098 27.5787 2.44012
internal_count=3784 328 3456 111
is_linear=0
shrinkage=0.05


Tree=444
num_leaves=5
num_cat=0
split_feature=11 54 13 12
split_gain=34.5967 6.56602 1.75747 0.662048
threshold=0.39111280430925138 -0.75431068484562347 0.1116205823231388 -0.19275616444329743
decision_type=2 2 2 2
left_child=-1 3 -3 -2
right_child=1 2 -4 -5
leaf_value=-0.04474421930225117 -0.032807350899742412 0.048524189711506349 -9.9333739523276579e-05 0
leaf_weight=23.235172985121608 2.8393892562016849 24.065765656530861 0.90984909981489082 0.36184506118297832
leaf_count=3241 265 270 6 2
internal_value=0 0.0368651 0.0458043 -0.0228892
internal_weight=51.412 28.1768 24.9756 3.20123
internal_count=3784 543 276 267
is_linear=0
shrinkage=0.05


Tree=445
num_leaves=5
num_cat=0
split_feature=12 25 31 42
split_gain=26.1246 8.18023 5.10096 3.63888
threshold=-0.29621121795630795 -0.74803596974773778 -0.2452451829628742 0.098056673322155147
decision_type=2 2 2 2
left_child=-1 -2 3 -3
right_child=1 2 -4 -5
leaf_value=-0.044332323764968005 -0.035257567254231591 0.048681175871483934 -0.027389069267074736 -0.019880413343277767
leaf_weight=19.515644242521375 3.6623786790296462 25.044143483508385 1.9749844297766674 1.2902839924208809
leaf_count=2696 447 299 211 131
internal_value=0.000116268 0.0282825 0.0378397 0.0440825
internal_weight=51.4874 31.9718 28.3094 26.3344
internal_count=3784 1088 641 430
is_linear=0
shrinkage=0.05


Tree=446
num_leaves=3
num_cat=0
split_feature=13 54
split_gain=38.4667 8.6115
threshold=0.18658008365256532 -0.61019242347065372
decision_type=2 2
left_child=-1 -2
right_child=1 -3
leaf_value=-0.04484976773508409 0.051959135402093515 -0.032188197158547843
leaf_weight=24.250015545636415 23.403452966362241 2.7599102831445625
leaf_count=3205 266 313
internal_value=0 0.0417079
internal_weight=50.4134 26.1634
internal_count=3784 579
is_linear=0
shrinkage=0.05


Tree=447
num_leaves=6
num_cat=0
split_feature=11 11 13 10 3
split_gain=35.9333 4.91998 1.86057 0.26362 0.0413565
threshold=0.36516487357309785 2.26758349819506 0.16557713600956106 -1.3082193997402158 -1.1720795879403789
decision_type=2 2 2 2 2
left_child=-1 2 3 -2 -4
right_child=1 -3 4 -5 -6
leaf_value=-0.044789030053102176 0.048583928420591761 -0.0266467826449691 -0.010814497743109773 0 0
leaf_weight=23.722150545101613 23.707729790359743 1.9011799795553077 0.45054912427440286 1.066727452911439 0.52071636915206809
leaf_count=3226 273 223 19 41 2
internal_value=0 0.0382786 0.0444418 0.0472726 -0.00229936
internal_weight=51.3691 27.6469 25.7457 24.7745 0.971265
internal_count=3784 558 335 314 21
is_linear=0
shrinkage=0.05


Tree=448
num_leaves=2
num_cat=0
split_feature=9
split_gain=44.8235
threshold=-1.2850973392307055
decision_type=2
left_child=-1
right_child=-2
leaf_value=0.048438921770744749 -0.044998407919242894
leaf_weight=24.087638050317764 26.350321886595339
leaf_count=304 3480
internal_value=0
internal_weight=50.438
internal_count=3784
is_linear=0
shrinkage=0.05


Tree=449
num_leaves=3
num_cat=0
split_feature=37 34
split_gain=33.0959 5.00642
threshold=1.0000000180025095e-35 -0.2508365344473214
decision_type=2 2
left_child=-1 -2
right_child=1 -3
leaf_value=-0.04459300489546103 0.048362493967695361 -0.025592238494835391
leaf_weight=21.808926085475832 20.627279452979568 1.7914336812682439
leaf_count=3225 260 299
internal_value=-0.000708668 0.0409327
internal_weight=44.2276 22.4187
internal_count=3784 559
is_linear=0
shrinkage=0.05


Tree=450
num_leaves=5
num_cat=0
split_feature=31 31 9 13
split_gain=33.2957 2.11558 1.46555 1.20959
threshold=-0.022375722688383625 -0.22678979233387167 -1.1571337413102591 -0.040437771788085559
decision_type=2 2 2 2
left_child=1 -1 -3 -2
right_child=3 2 -4 -5
leaf_value=-0.044685805833906966 0.048069890670692783 0.035452975560914514 -0.025857520643183071 0
leaf_weight=22.632151930127296 19.190778546035293 1.1839582473039629 1.8141655582003284 0.63130056485533614
leaf_count=3271 238 6 240 29
internal_value=-0.00173511 -0.0395639 0 0.0457179
internal_weight=45.4524 25.6303 2.99812 19.8221
internal_count=3784 3517 246 267
is_linear=0
shrinkage=0.05


Tree=451
num_leaves=4
num_cat=0
split_feature=17 14 6
split_gain=41.8395 5.48869 0.265347
threshold=-0.24134707303949929 -0.22342537014154873 -1.3906648075652643
decision_type=2 2 2
left_child=2 -2 -1
right_child=1 -3 -4
leaf_value=0 -0.026102547169797354 0.049970765935893481 -0.044834226472927348
leaf_weight=0.2338021975010659 1.8428764608688677 26.889527104794979 24.10187368420884
leaf_count=13 260 299 3212
internal_value=0.00292607 0.0438733 -0.0443224
internal_weight=53.0681 28.7324 24.3357
internal_count=3784 559 3225
is_linear=0
shrinkage=0.05


Tree=452
num_leaves=6
num_cat=0
split_feature=32 0 32 41 54
split_gain=36.0148 2.91935 1.05056 0.0639246 0.03489
threshold=-0.0044935564972418242 -1.5679227948739645 -0.24843806083186923 -0.42870956965632617 0.60849457285080699
decision_type=2 2 2 2 2
left_child=1 2 -1 -4 -2
right_child=4 -3 3 -5 -6
leaf_value=-0.02250986524099198 0.048193099574029959 -0.04474736445745095 0.033231804455846697 0 0
leaf_weight=1.4279036847874551 20.711367681622509 23.550808707252145 1.1383948922157285 0.73123879730701435 0.7905193492770185
leaf_count=83 258 3401 6 23 13
internal_value=0 -0.0386527 0 0.0263841 0.0472775
internal_weight=48.3502 26.8483 3.29754 1.86963 21.5019
internal_count=3784 3513 112 29 271
is_linear=0
shrinkage=0.05


Tree=453
num_leaves=5
num_cat=0
split_feature=28 13 28 12
split_gain=34.1762 2.69478 1.76204 1.07042
threshold=-0.11116261608311243 0.99159956844418617 -0.2362180797808642 -0.26251837231374259
decision_type=2 2 2 2
left_child=2 -2 -1 -4
right_child=1 -3 3 -5
leaf_value=-0.04465143366999965 0.048454366227973673 -0.014700942758687611 -0.023846877624251181 0.031517981281577977
leaf_weight=22.267807852011178 21.167208306491379 0.97344799432903428 1.5955441542901101 0.99424915015697379
leaf_count=3245 260 78 196 5
internal_value=0 0.0443101 -0.0402046 0
internal_weight=46.9983 22.1407 24.8576 2.58979
internal_count=3784 338 3446 201
is_linear=0
shrinkage=0.05


Tree=454
num_leaves=3
num_cat=0
split_feature=14 11
split_gain=30.2665 5.70517
threshold=-0.19445728539780005 -0.050058916823164178
decision_type=2 2
left_child=-1 -2
right_child=1 -3
leaf_value=-0.044287968150142625 0.049890466410381695 -0.027214690034080009
leaf_weight=19.384085316210985 19.225709483027462 1.9702214850112785
leaf_count=3311 224 249
internal_value=0 0.041109
internal_weight=40.58 21.1959
internal_count=3784 473
is_linear=0
shrinkage=0.05


Tree=455
num_leaves=7
num_cat=0
split_feature=25 28 24 13 34 43
split_gain=10.8434 10.0307 3.36288 3.95711 4.67719 0.552558
threshold=-0.74803596974773778 -0.25069285368663585 -0.23411998404593962 -0.51787193297621037 -0.23121179449146803 0.35515866473842156
decision_type=2 2 2 2 2 2
left_child=-1 2 3 -2 5 -5
right_child=1 -3 -4 4 -6 -7
leaf_value=-0.042489377571882501 -0.026650365888833974 -0.03992944581360558 -0.026795325598954051 0.044137298057642473 -0.026552144322891897 0
leaf_weight=10.838616405148057 1.910603832919153 6.3931643599644294 1.9193971487693477 23.606052482035022 1.8957062936387945 0.67971092695370217
leaf_count=1613 297 830 271 445 279 49
internal_value=0 0.0134119 0.0260624 0.0309537 0.036515 0.0428829
internal_weight=47.2433 36.4046 30.0115 28.0921 26.1815 24.2858
internal_count=3784 2171 1341 1070 773 494
is_linear=0
shrinkage=0.05


Tree=456
num_leaves=5
num_cat=0
split_feature=21 7 39 21
split_gain=37.6459 1.95725 0.803207 0.663752
threshold=-0.12021446295793767 -1.0879315846140403 0.29116254196575331 -0.24778315296193945
decision_type=2 2 2 2
left_child=1 3 -2 -1
right_child=2 -3 -4 -5
leaf_value=-0.019794340322370461 0 -0.044766041627575456 0.048266156453473527 0.024114959044650396
leaf_weight=1.2450352385640173 0.74742463417351501 23.677382759749889 22.063538327813148 1.1777234449982641
leaf_count=71 41 3387 278 7
internal_value=0 -0.0404663 0.0465702 0
internal_weight=48.9111 26.1001 22.811 2.42276
internal_count=3784 3465 319 78
is_linear=0
shrinkage=0.05


Tree=457
num_leaves=3
num_cat=0
split_feature=24 14
split_gain=35.7923 6.70701
threshold=-0.23411998404593962 -0.20676689360969613
decision_type=2 2
left_child=-1 -2
right_child=1 -3
leaf_value=-0.044747813344775733 0.049547183709018221 -0.029618255484742253
leaf_weight=23.021225813310593 22.600545540452007 2.2814471512101582
leaf_count=3245 271 268
internal_value=0 0.040863
internal_weight=47.9032 24.882
internal_count=3784 539
is_linear=0
shrinkage=0.05


Tree=458
num_leaves=5
num_cat=0
split_feature=11 54 13 12
split_gain=31.4271 5.90323 1.67 0.62511
threshold=0.39111280430925138 -0.75431068484562347 0.1116205823231388 -0.19275616444329743
decision_type=2 2 2 2
left_child=-1 3 -3 -2
right_child=1 2 -4 -5
leaf_value=-0.044545655652578814 -0.031868137670009053 0.047924223748216491 0 0
leaf_weight=21.369759834371507 2.6479736925102775 22.345602326095108 0.89465060085058112 0.36403213441372173
leaf_count=3241 265 270 6 2
internal_value=0 0.0362589 0.0451034 -0.0215715
internal_weight=47.622 26.2523 23.2403 3.01201
internal_count=3784 543 276 267
is_linear=0
shrinkage=0.05


Tree=459
num_leaves=3
num_cat=0
split_feature=34 31
split_gain=35.4757 6.63855
threshold=-0.23121179449146803 -0.23159018068456552
decision_type=2 2
left_child=-1 -2
right_child=1 -3
leaf_value=-0.044679700651981825 0.049327473853726649 -0.029378859524006769
leaf_weight=22.46752025000751 22.941601492464546 2.278450191486626
leaf_count=3230 279 275
internal_value=0 0.040812
internal_weight=47.6876 25.2201
internal_count=3784 554
is_linear=0
shrinkage=0.05


Tree=460
num_leaves=3
num_cat=0
split_feature=13 54
split_gain=35.0314 7.86548
threshold=0.18658008365256532 -0.61019242347065372
decision_type=2 2
left_child=-1 -2
right_child=1 -3
leaf_value=-0.044656907636987403 0.051492436511731514 -0.031231861066515449
leaf_weight=22.310166114941239 21.660927623510364 2.5697162337601176
leaf_count=3205 266 313
internal_value=0 0.0412544
internal_weight=46.5408 24.2306
internal_count=3784 579
is_linear=0
shrinkage=0.05


Tree=461
num_leaves=4
num_cat=0
split_feature=11 54 6
split_gain=32.5193 6.74843 0.954633
threshold=0.36516487357309785 -0.74611360206791499 -0.98356166893835051
decision_type=2 2 2
left_child=-1 2 -2
right_child=1 -3 -4
leaf_value=-0.044592603879246018 0 -0.030638273929928406 0.048624784266820494
leaf_weight=21.812762699555606 1.2511707693338419 2.4874625755473962 22.077986389398578
leaf_count=3226 6 287 265
internal_value=0 0.0374603 0.0462609
internal_weight=47.6294 25.8166 23.3292
internal_count=3784 558 271
is_linear=0
shrinkage=0.05


Tree=462
num_leaves=2
num_cat=0
split_feature=9
split_gain=40.808
threshold=-1.2850973392307055
decision_type=2
left_child=-1
right_child=-2
leaf_value=0.04793039733474877 -0.044817685610254614
leaf_weight=22.284815065562725 24.23126984667033
leaf_count=304 3480
internal_value=0
internal_weight=46.5161
internal_count=3784
is_linear=0
shrinkage=0.05


Tree=463
num_leaves=2
num_cat=0
split_feature=17
split_gain=35.5927
threshold=-0.23682318279820655
decision_type=2
left_child=-1
right_child=-2
leaf_value=-0.044558266701364396 0.047827656612941534
leaf_weight=21.740001985337585 19.104496121406555
leaf_count=3524 260
internal_value=-0.000685432
internal_weight=40.8445
internal_count=3784
is_linear=0
shrinkage=0.05


Tree=464
num_leaves=3
num_cat=0
split_feature=31 13
split_gain=30.2782 6.19087
threshold=-0.22678979233387167 0.23662438553269713
decision_type=2 2
left_child=-1 -2
right_child=1 -3
leaf_value=-0.044484331618941803 0.048893269588679733 -0.028912330153970857
leaf_weight=20.822779802139848 19.09559123963118 2.1824046592228106
leaf_count=3271 245 268
internal_value=-0.00159602 0.0392845
internal_weight=42.1008 21.278
internal_count=3784 513
is_linear=0
shrinkage=0.05


Tree=465
num_leaves=3
num_cat=0
split_feature=34 14
split_gain=38.3111 5.44173
threshold=-0.25418381851398736 -0.22342537014154873
decision_type=2 2
left_child=-1 -2
right_child=1 -3
leaf_value=-0.044637655479480481 -0.026216182315947485 0.04948631510744602
leaf_weight=22.137243384029716 1.8574495897628391 25.278814099729061
leaf_count=3205 279 300
internal_value=0.0030824 0.0430194
internal_weight=49.2735 27.1363
internal_count=3784 579
is_linear=0
shrinkage=0.05


Tree=466
num_leaves=10
num_cat=0
split_feature=13 25 7 31 41 26 25 45 42
split_gain=13.1817 10.7881 3.25982 1.72445 1.51995 1.40688 0.443361 0.215148 0.108669
threshold=-0.44304500555780596 -0.52907957153334773 -0.82648345680508151 0.55451898421370893 -0.42870941115104594 2.09874263191137 -0.74803596974773778 0.27876940763814778 0.25512975705573732
decision_type=2 2 2 2 2 2 2 2 2
left_child=1 -1 4 5 6 -3 -2 8 -8
right_child=2 3 -4 -5 -6 -7 7 -9 -10
leaf_value=-0.037525792412004037 -9.2900411427767962e-05 0.047471444391873376 -0.043294340336490635 -0.0071225999842449029 -0.030306472981825358 -0.00049776171188985262 0 0 0.033347873598947357
leaf_weight=4.7719760495238033 0.53461936023086298 18.196845568716533 13.521676204632966 0.72160035604610939 2.3861802802421179 0.54649249650537868 0.69349417649209533 1.1495536430738864 2.257800305262208
leaf_count=783 58 247 2157 115 237 88 23 55 21
internal_value=0 0.024478 -0.0293544 0.04149 0 0.0447971 0.0149576 0.0221504 0.0284588
internal_weight=44.7802 24.2369 20.5433 19.4649 7.02165 18.7433 4.63547 4.10085 2.95129
internal_count=3784 1233 2551 450 394 335 157 99 44
is_linear=0
shrinkage=0.05


Tree=467
num_leaves=5
num_cat=0
split_feature=28 11 28 12
split_gain=30.9265 2.50171 1.6965 0.931712
threshold=-0.11116261608311243 0.26146111498592245 -0.2362180797808642 -0.26251837231374259
decision_type=2 2 2 2
left_child=2 -2 -1 -4
right_child=1 -3 3 -5
leaf_value=-0.044447758470430587 0.047900006092819025 -0.013539022682681352 -0.022642558840912642 0.029855407075973568
leaf_weight=20.488095643464479 19.586349390447143 0.92532396595924993 1.4940352276898923 0.96628521382808585
leaf_count=3245 260 78 196 5
internal_value=0 0.0436823 -0.0398427 0
internal_weight=43.4601 20.5117 22.9484 2.46032
internal_count=3784 338 3446 201
is_linear=0
shrinkage=0.05


Tree=468
num_leaves=3
num_cat=0
split_feature=14 11
split_gain=27.4761 5.19356
threshold=-0.19445728539780005 -0.050058916823164178
decision_type=2 2
left_child=-1 -2
right_child=1 -3
leaf_value=-0.044063465539874946 0.049254063956454902 -0.026096589133456791
leaf_weight=17.840177481994033 17.831703737378124 1.8391093388199795
leaf_count=3311 224 249
internal_value=0 0.0404975
internal_weight=37.511 19.6708
internal_count=3784 473
is_linear=0
shrinkage=0.05


Tree=469
num_leaves=5
num_cat=0
split_feature=26 11 26 12
split_gain=31.892 2.16265 1.56031 1.03597
threshold=-0.094677701640651452 0.26146111498592245 -0.24549254867395884 -0.25000208620374631
decision_type=2 2 2 2
left_child=2 -2 -1 -4
right_child=1 -3 3 -5
leaf_value=-0.044462261444517863 0.047863271005123706 -0.010403164585762785 -0.023686682070864398 0.03218816948064341
leaf_weight=20.5849605165422 20.10907601565123 0.80703868437558313 1.5954325688071551 0.8650217205286016
leaf_count=3216 268 75 220 5
internal_value=0 0.0442573 -0.040058 0
internal_weight=43.9615 20.9161 23.0454 2.46045
internal_count=3784 343 3441 225
is_linear=0
shrinkage=0.05


Tree=470
num_leaves=5
num_cat=0
split_feature=21 7 7 21
split_gain=34.1433 1.84162 0.918689 0.582352
threshold=-0.12021446295793767 -1.0879315846140403 0.82709536029146802 -0.24778315296193945
decision_type=2 2 2 2
left_child=1 3 -2 -1
right_child=2 -3 -4 -5
leaf_value=-0.018983815372182616 0.047819661218341226 -0.044568287313317988 0 0.022689335980598701
leaf_weight=1.1965842060744791 20.509574666619304 21.760191431734711 0.61008666642010112 1.1403368636965749
leaf_count=71 278 3387 41 7
internal_value=0 -0.0401302 0.0459995 0
internal_weight=45.2168 24.0971 21.1197 2.33692
internal_count=3784 3465 319 78
is_linear=0
shrinkage=0.05


Tree=471
num_leaves=3
num_cat=0
split_feature=24 14
split_gain=32.558 6.1135
threshold=-0.23411998404593962 -0.20676689360969613
decision_type=2 2
left_child=-1 -2
right_child=1 -3
leaf_value=-0.044549868478453762 0.048989584794420366 -0.028565516004949106
leaf_weight=21.189105391968042 20.953776240348819 2.1275124396197489
leaf_count=3245 271 268
internal_value=0 0.0403267
internal_weight=44.2704 23.0813
internal_count=3784 539
is_linear=0
shrinkage=0.05


Tree=472
num_leaves=5
num_cat=0
split_feature=11 42 0 12
split_gain=28.5245 4.91601 2.20828 1.74084
threshold=0.39111280430925138 1.002943429886807 -1.4352615262621236 -0.30213978816442666
decision_type=2 2 2 2
left_child=-1 2 -2 -4
right_child=1 -3 3 -5
leaf_value=-0.044335074259656465 -0.01358302944334118 -0.027972596134656059 -0.0045825902041669664 0.048960718729761807
leaf_weight=19.657268426846713 0.77166851609945908 1.9635646664537478 0.64199089445174351 21.053378582000729
leaf_count=3241 6 193 73 271
internal_value=0 0.035653 0.0427901 0.0461824
internal_weight=44.0879 24.4306 22.467 21.6954
internal_count=3784 543 350 344
is_linear=0
shrinkage=0.05


Tree=473
num_leaves=3
num_cat=0
split_feature=34 28
split_gain=32.2868 6.04562
threshold=-0.23121179449146803 -0.23668272385439357
decision_type=2 2
left_child=-1 -2
right_child=1 -3
leaf_value=-0.044477868338679179 0.048790002794252191 -0.028314559510569354
leaf_weight=20.677546180319041 21.274849593639377 2.1214272300712755
leaf_count=3230 279 275
internal_value=0 0.0403063
internal_weight=44.0738 23.3963
internal_count=3784 554
is_linear=0
shrinkage=0.05


Tree=474
num_leaves=3
num_cat=0
split_feature=13 54
split_gain=31.9127 7.18824
threshold=0.18658008365256532 -0.61019242347065372
decision_type=2 2
left_child=-1 -2
right_child=1 -3
leaf_value=-0.044453482140251313 0.051061712253703644 -0.030236521503734071
leaf_weight=20.530198135878891 20.038186799734834 2.3933131038211277
leaf_count=3205 266 313
internal_value=0 0.0408273
internal_weight=42.9617 22.4315
internal_count=3784 579
is_linear=0
shrinkage=0.05


Tree=475
num_leaves=4
num_cat=0
split_feature=11 54 12
split_gain=29.4614 6.11103 1.02739
threshold=0.36516487357309785 -0.74611360206791499 -0.23507540668723995
decision_type=2 2 2
left_child=-1 2 -2
right_child=1 -3 -4
leaf_value=-0.044384493972243755 0.048219035392563836 -0.029646528395885392 0
leaf_weight=20.06034170370549 20.367433764040474 2.3189780167303971 1.363557875156405
leaf_count=3226 265 287 6
internal_value=0 0.0367465 0.0454635
internal_weight=44.1103 24.05 21.731
internal_count=3784 558 271
is_linear=0
shrinkage=0.05


Tree=476
num_leaves=2
num_cat=0
split_feature=54
split_gain=37.143
threshold=-1.8156556187114352
decision_type=2
left_child=-1
right_child=-2
leaf_value=0.047442580962760862 -0.04462515197221037
leaf_weight=20.608412869274616 22.271248041652143
leaf_count=304 3480
internal_value=0
internal_weight=42.8797
internal_count=3784
is_linear=0
shrinkage=0.05


Tree=477
num_leaves=2
num_cat=0
split_feature=17
split_gain=32.3711
threshold=-0.23682318279820655
decision_type=2
left_child=-1
right_child=-2
leaf_value=-0.044350678093704472 0.047303425701674312
leaf_weight=19.98429725272581 17.667014501988888
leaf_count=3524 260
internal_value=-0.000632493
internal_weight=37.6513
internal_count=3784
is_linear=0
shrinkage=0.05


Tree=478
num_leaves=3
num_cat=0
split_feature=31 13
split_gain=27.5221 5.64081
threshold=-0.22678979233387167 0.23662438553269713
decision_type=2 2
left_child=-1 -2
right_child=1 -3
leaf_value=-0.044269332596251251 0.048327410595497874 -0.027840965709357013
leaf_weight=19.150582890957594 17.707412205636505 2.0359280109405509
leaf_count=3271 245 268
internal_value=-0.0015384 0.0387443
internal_weight=38.8939 19.7433
internal_count=3784 513
is_linear=0
shrinkage=0.05


Tree=479
num_leaves=3
num_cat=0
split_feature=14 11
split_gain=35.1122 4.90075
threshold=-0.22342537014154873 -0.10022939013777639
decision_type=2 2
left_child=-1 -2
right_child=1 -3
leaf_value=-0.044422385189870725 -0.024893284591319016 0.048996038027397396
leaf_weight=20.38661131914705 1.7044712114147866 23.63328006118536
leaf_count=3260 224 300
internal_value=0.0032391 0.0426724
internal_weight=45.7244 25.3378
internal_count=3784 524
is_linear=0
shrinkage=0.05


Tree=480
num_leaves=3
num_cat=0
split_feature=32 13
split_gain=29.9873 5.87438
threshold=-0.24843806083186923 0.23662438553269713
decision_type=2 2
left_child=-1 -2
right_child=1 -3
leaf_value=-0.04440435164705489 0.048547258536225983 -0.02817914205505347
leaf_weight=19.763808087445796 19.716515719890598 2.0841553555801502
leaf_count=3216 273 295
internal_value=0 0.0396238
internal_weight=41.5645 21.8007
internal_count=3784 568
is_linear=0
shrinkage=0.05


Tree=481
num_leaves=3
num_cat=0
split_feature=28 13
split_gain=28.0471 6.43484
threshold=-0.2362180797808642 0.23662438553269713
decision_type=2 2
left_child=-1 -2
right_child=1 -3
leaf_value=-0.04422990369776561 0.048451663870079237 -0.029780759928638351
leaf_weight=18.84074813593179 19.053097575902942 2.281229631509631
leaf_count=3245 265 274
internal_value=0 0.0384511
internal_weight=40.1751 21.3343
internal_count=3784 539
is_linear=0
shrinkage=0.05


Tree=482
num_leaves=3
num_cat=0
split_feature=14 11
split_gain=24.9241 4.73207
threshold=-0.19445728539780005 -0.050058916823164178
decision_type=2 2
left_child=-1 -2
right_child=1 -3
leaf_value=-0.043822463237559617 0.048638033299902662 -0.024953926030766353
leaf_weight=16.411048664711416 16.528135143220428 1.7184883020818222
leaf_count=3311 224 249
internal_value=0 0.0398928
internal_weight=34.6577 18.2466
internal_count=3784 473
is_linear=0
shrinkage=0.05


Tree=483
num_leaves=5
num_cat=0
split_feature=26 11 26 12
split_gain=28.8577 2.01945 1.51732 0.90826
threshold=-0.094677701640651452 0.26146111498592245 -0.24549254867395884 -0.25000208620374631
decision_type=2 2 2 2
left_child=2 -2 -1 -4
right_child=1 -3 3 -5
leaf_value=-0.044244756790372007 0.047347537837467042 -0.0092805057113659033 -0.022487749599865995 0.030664337946686795
leaf_weight=18.930608601309363 18.609500080347065 0.76980461552739043 1.4933928456157448 0.84275457262992759
leaf_count=3216 268 75 220 5
internal_value=0 0.0436637 -0.0396639 0
internal_weight=40.6461 19.3793 21.2668 2.33615
internal_count=3784 343 3441 225
is_linear=0
shrinkage=0.05


Tree=484
num_leaves=4
num_cat=0
split_feature=21 7 21
split_gain=30.953 2.33645 0.859776
threshold=-0.060684639219044885 -1.0656357191958052 -0.24778315296193945
decision_type=2 2 2
left_child=1 2 -1
right_child=-2 -3 -4
leaf_value=-0.02212277677703205 0.047196244874897056 -0.044352680420810475 0.023939262989174512
leaf_weight=1.4114574193954497 18.740785151720047 20.019443329889327 1.6182442642748354
leaf_count=92 277 3402 13
internal_value=0 -0.0382889 0
internal_weight=41.7899 23.0491 3.0297
internal_count=3784 3507 105
is_linear=0
shrinkage=0.05


Tree=485
num_leaves=3
num_cat=0
split_feature=24 14
split_gain=29.581 5.57692
threshold=-0.23411998404593962 -0.20676689360969613
decision_type=2 2
left_child=-1 -2
right_child=1 -3
leaf_value=-0.044338072906765703 0.048449202441575315 -0.027487134055126129
leaf_weight=19.491438800934702 19.4017992541194 1.985998049378394
leaf_count=3245 271 268
internal_value=0 0.039789
internal_weight=40.8792 21.3878
internal_count=3784 539
is_linear=0
shrinkage=0.05


Tree=486
num_leaves=5
num_cat=0
split_feature=41 54 10 46
split_gain=24.3332 5.44448 2.22025 0.964902
threshold=-0.14454681987627024 -0.75431068484562347 -0.78792977168649359 2.5127430305741361
decision_type=2 2 2 2
left_child=3 -2 -3 -1
right_child=1 2 -4 -5
leaf_value=-0.044320366138131478 -0.029138903839017252 0.046965066727363391 -0.011291548618959646 0
leaf_weight=17.873807500116531 2.2060277704149511 19.377600178122524 0.86135907797142763 0.47196877188980479
leaf_count=3083 263 271 163 4
internal_value=0 0.034401 0.0430678 -0.0422741
internal_weight=40.7908 22.445 20.239 18.3458
internal_count=3784 697 434 3087
is_linear=0
shrinkage=0.05


Tree=487
num_leaves=3
num_cat=0
split_feature=34 28
split_gain=29.3668 5.50967
threshold=-0.23121179449146803 -0.23668272385439357
decision_type=2 2
left_child=-1 -2
right_child=1 -3
leaf_value=-0.044262016236966233 0.048267781697252293 -0.027219974287324401
leaf_weight=19.019927671644837 19.722410298883919 1.9770685951225448
leaf_count=3230 279 275
internal_value=0 0.0398057
internal_weight=40.7194 21.6995
internal_count=3784 554
is_linear=0
shrinkage=0.05


Tree=488
num_leaves=3
num_cat=0
split_feature=13 54
split_gain=29.054 6.57475
threshold=0.18658008365256532 -0.61019242347065372
decision_type=2 2
left_child=-1 -2
right_child=1 -3
leaf_value=-0.044235510223567628 0.050650605754256374 -0.029211252467527499
leaf_weight=18.880547848064452 18.528761986643079 2.2309654438868156
leaf_count=3205 266 313
internal_value=0 0.0404071
internal_weight=39.6403 20.7597
internal_count=3784 579
is_linear=0
shrinkage=0.05


Tree=489
num_leaves=4
num_cat=0
split_feature=54 41 46
split_gain=26.7642 7.30352 0.232979
threshold=-0.74611360206791499 -0.42870068114435483 1.086212000647081
decision_type=2 2 2
left_child=1 -1 -3
right_child=-2 2 -4
leaf_value=-0.035206342736631098 -0.044170209186693038 0.048151852345084054 0
leaf_weight=2.4149123756215003 18.454767542891204 18.976297333836559 0.99460887908935447
leaf_count=374 3140 265 5
internal_value=0 0.0361632 0.0466636
internal_weight=40.8406 22.3858 19.9709
internal_count=3784 644 270
is_linear=0
shrinkage=0.05


Tree=490
num_leaves=2
num_cat=0
split_feature=9
split_gain=33.814
threshold=-1.2850973392307055
decision_type=2
left_child=-1
right_child=-2
leaf_value=0.046975620729979621 -0.044402752372164553
leaf_weight=19.143021192401648 20.390941485762596
leaf_count=306 3486
internal_value=0
internal_weight=39.534
internal_count=3792
is_linear=0
shrinkage=0.05


Tree=491
num_leaves=2
num_cat=0
split_feature=17
split_gain=29.608
threshold=-0.21577540952747912
decision_type=2
left_child=-1
right_child=-2
leaf_value=-0.044109786364487917 0.046589713017187041
leaf_weight=18.277897050138563 16.769100733101368
leaf_count=3522 270
internal_value=0
internal_weight=35.047
internal_count=3792
is_linear=0
shrinkage=0.05


Tree=492
num_leaves=3
num_cat=0
split_feature=31 13
split_gain=25.4578 4.89157
threshold=-0.22678979233387167 0.23662438553269713
decision_type=2 2
left_child=-1 -2
right_child=1 -3
leaf_value=-0.044013409902914587 0.047845458543275994 -0.025862208215540885
leaf_weight=17.513330505229533 16.736984398216013 1.8035022956319142
leaf_count=3282 251 259
internal_value=-0.000757522 0.0388718
internal_weight=36.0538 18.5405
internal_count=3792 510
is_linear=0
shrinkage=0.05


Tree=493
num_leaves=3
num_cat=0
split_feature=14 11
split_gain=31.5931 4.33392
threshold=-0.22342537014154873 -0.10022939013777639
decision_type=2 2
left_child=-1 -2
right_child=1 -3
leaf_value=-0.044196438312823376 -0.023193767233844503 0.048433448383916777
leaf_weight=18.75133935874328 1.5493336175568426 21.417667511850595
leaf_count=3279 221 292
internal_value=0.00268073 0.042145
internal_weight=41.7183 22.967
internal_count=3792 513
is_linear=0
shrinkage=0.05


Tree=494
num_leaves=3
num_cat=0
split_feature=32 13
split_gain=27.674 5.34692
threshold=-0.24843806083186923 0.23662438553269713
decision_type=2 2
left_child=-1 -2
right_child=1 -3
leaf_value=-0.04413973238471141 0.048156291680144403 -0.026988127651463124
leaf_weight=18.018659457564354 18.777282655239109 1.9267687592655409
leaf_count=3227 279 286
internal_value=0 0.0395127
internal_weight=38.7227 20.7041
internal_count=3792 565
is_linear=0
shrinkage=0.05


Tree=495
num_leaves=5
num_cat=0
split_feature=28 11 1 28
split_gain=26.6723 1.93172 0.803161 0.205092
threshold=-0.11116261608311243 0.26146111498592245 -1.3233021248698018 -0.2362180797808642
decision_type=2 2 2 2
left_child=2 -2 3 -1
right_child=1 -3 -4 -5
leaf_value=-0.01627663886408456 0.046906751225200292 -0.0086004711292604983 -0.043956526813685996 0.0087898132433723904
leaf_weight=1.0721122496761406 17.23912146687508 0.75182716595008869 17.301138008013368 0.74555802345275868
leaf_count=110 269 76 3329 8
internal_value=0 0.0430653 -0.0406302 0
internal_weight=37.1098 17.9909 19.1188 1.81767
internal_count=3792 345 3447 118
is_linear=0
shrinkage=0.05


Tree=496
num_leaves=7
num_cat=0
split_feature=39 13 41 39 12 0
split_gain=16.6666 4.27427 0.704213 0.341899 0.626622 0.126651
threshold=-0.30279680760908595 -0.39686092166450643 -0.42870950026279897 -0.46311111038113134 -0.23507540668723995 -1.2845590682123498
decision_type=2 2 2 2 2 2
left_child=3 -2 5 -1 -5 -3
right_child=1 2 -4 4 -6 -7
leaf_value=-0.042885766824562355 -0.026030969359207325 0 0 -0.025088100532197646 0.014016863864511767 0.045209013404351198
leaf_weight=12.314284896012397 1.8466260232962692 0.050761544145642712 0.71714839991181989 1.7357547085266563 0.6803371412679543 14.204387728590516
leaf_count=2726 425 9 81 288 7 256
internal_value=0 0.033018 0.0425225 -0.0386791 -0.00498826 0.0448928
internal_weight=31.5493 16.8189 14.9723 14.7304 2.41609 14.2551
internal_count=3792 771 346 3021 295 265
is_linear=0
shrinkage=0.05


Tree=497
num_leaves=5
num_cat=0
split_feature=26 26 41 13
split_gain=25.7304 1.84249 1.38439 0.341232
threshold=0.025106397525318094 -0.24549254867395884 -0.42870068114435483 -0.076011495747890498
decision_type=2 2 2 2
left_child=1 -1 -3 -2
right_child=3 2 -4 -5
leaf_value=-0.044003438509839107 0.046458749542313472 0.034058867463825013 -0.025898214786080245 0
leaf_weight=17.42395275877789 15.753359626978636 1.1418739408254626 1.8204962373711158 0.564830381888897
leaf_count=3244 250 8 274 16
internal_value=-0.000246455 -0.0379623 0 0.0451132
internal_weight=36.7045 20.3863 2.96237 16.3182
internal_count=3792 3526 282 266
is_linear=0
shrinkage=0.05


Tree=498
num_leaves=6
num_cat=0
split_feature=39 42 14 7 7
split_gain=23.5499 3.48904 1.61077 0.855182 0.226798
threshold=-0.21850522894733479 0.78148905877792607 1.0000000180025095e-35 0.82709536029146802 -1.1004274910894456
decision_type=2 2 2 2 2
left_child=4 2 3 -2 -1
right_child=1 -3 -4 -5 -6
leaf_value=0 0.046942422442039423 -0.022608068875989394 -0.0054454250256693558 0 -0.043891487619732633
leaf_weight=0.97233440540731209 17.886433788575243 1.5094369109719981 0.67243013437837262 0.56938087940215965 16.500675342511386
leaf_count=54 282 286 122 75 2973
internal_value=0 0.0355345 0.0418553 0.0449957 -0.0423166
internal_weight=38.1107 20.6377 19.1282 18.4558 17.473
internal_count=3792 765 479 357 3027
is_linear=0
shrinkage=0.05


Tree=499
num_leaves=3
num_cat=0
split_feature=24 14
split_gain=27.148 4.78936
threshold=-0.23411998404593962 -0.20676689360969613
decision_type=2 2
left_child=-1 -2
right_child=1 -3
leaf_value=-0.044082965080464644 0.048000524060423488 -0.025335035478087305
leaf_weight=17.842611180618405 18.057142656296495 1.7456906582228828
leaf_count=3262 271 259
internal_value=0 0.0398397
internal_weight=37.6454 19.8028
internal_count=3792 530
is_linear=0
shrinkage=0.05


Tree=500
num_leaves=4
num_cat=0
split_feature=11 54 46
split_gain=22.9374 5.86583 0.476122
threshold=0.71621590034713301 -0.72166332319269699 0.88079153233758534
decision_type=2 2 2
left_child=2 -2 -1
right_child=1 -3 -4
leaf_value=-0.044053285784161095 -0.029375219561748135 0.046746425352719868 0
leaf_weight=16.791346529033039 2.1995218237862018 16.602131240069866 0.90157137345522542
leaf_count=3225 277 255 35
internal_value=-0.00127586 0.0360158 -0.0421793
internal_weight=36.4946 18.8017 17.6929
internal_count=3792 532 3260
is_linear=0
shrinkage=0.05


Tree=501
num_leaves=4
num_cat=0
split_feature=34 13 34
split_gain=26.1633 3.57897 0.477508
threshold=-0.16553830681957407 0.3373267419610767 -0.23121179449146803
decision_type=2 2 2
left_child=2 -2 -1
right_child=1 -3 -4
leaf_value=-0.044016816375027079 0.047328962037604221 -0.020601373974735108 0
leaf_weight=17.471354023553435 17.332113020122055 1.3513406440615643 0.7782747526653101
leaf_count=3253 269 201 69
internal_value=0 0.0407036 -0.0423484
internal_weight=36.9331 18.6835 18.2496
internal_count=3792 470 3322
is_linear=0
shrinkage=0.05


Tree=502
num_leaves=3
num_cat=0
split_feature=14 14
split_gain=23.4222 8.52112
threshold=-0.22352134256940756 -0.22342537014154873
decision_type=2 2
left_child=-1 -2
right_child=1 -3
leaf_value=-0.043857149141096063 0.049280354456550123 -0.033180273540032633
leaf_weight=16.360223048366606 17.419204555451874 3.0522685325704506
leaf_count=3007 272 513
internal_value=0 0.0352955
internal_weight=36.8317 20.4715
internal_count=3792 785
is_linear=0
shrinkage=0.05


Tree=503
num_leaves=4
num_cat=0
split_feature=11 54 13
split_gain=26.0365 4.91076 0.174
threshold=0.36516487357309785 -0.74611360206791499 0.1116205823231388
decision_type=2 2 2
left_child=-1 2 -2
right_child=1 -3 -4
leaf_value=-0.043908969454063113 0.047320594386040971 -0.026434425160468816 0
leaf_weight=16.914263911545277 18.530947014689453 1.8796700946986664 1.0910089164972294
leaf_count=3234 282 271 5
internal_value=0.00112354 0.0378775 0.0457844
internal_weight=38.4159 21.5016 19.622
internal_count=3792 558 287
is_linear=0
shrinkage=0.05


Tree=504
num_leaves=2
num_cat=0
split_feature=9
split_gain=30.7709
threshold=-1.2850973392307055
decision_type=2
left_child=-1
right_child=-2
leaf_value=0.046516478130467998 -0.044184952426522907
leaf_weight=17.686418604105711 18.746847939677536
leaf_count=306 3486
internal_value=0
internal_weight=36.4333
internal_count=3792
is_linear=0
shrinkage=0.05


Tree=505
num_leaves=2
num_cat=0
split_feature=17
split_gain=26.9693
threshold=-0.21577540952747912
decision_type=2
left_child=-1
right_child=-2
leaf_value=-0.043873457298278538 0.046122921711317558
leaf_weight=16.807704549748451 15.533324576914309
leaf_count=3522 270
internal_value=0
internal_weight=32.341
internal_count=3792
is_linear=0
shrinkage=0.05


Tree=506
num_leaves=3
num_cat=0
split_feature=31 13
split_gain=23.1002 4.46453
threshold=-0.22678979233387167 0.23662438553269713
decision_type=2 2
left_child=-1 -2
right_child=1 -3
leaf_value=-0.043768608130414638 0.047303754267666982 -0.024717456921074674
leaf_weight=16.110841794405133 15.486897468566896 1.6866829441860307
leaf_count=3282 251 259
internal_value=-0.000735321 0.0383166
internal_weight=33.2844 17.1736
internal_count=3792 510
is_linear=0
shrinkage=0.05


Tree=507
num_leaves=3
num_cat=0
split_feature=34 21
split_gain=28.9802 3.90179
threshold=-0.25418381851398736 -0.25310059789262179
decision_type=2 2
left_child=-1 -2
right_child=1 -3
leaf_value=-0.043978086741885136 -0.021606826747041355 0.047985858211142485
leaf_weight=17.271534924395382 1.4283815678209091 20.019833322614431
leaf_count=3229 271 292
internal_value=0.00284136 0.0418255
internal_weight=38.7197 21.4482
internal_count=3792 563
is_linear=0
shrinkage=0.05


Tree=508
num_leaves=3
num_cat=0
split_feature=32 13
split_gain=25.1307 4.883
threshold=-0.24843806083186923 0.23662438553269713
decision_type=2 2
left_child=-1 -2
right_child=1 -3
leaf_value=-0.043900718519898685 0.047646562779250501 -0.02586961788230115
leaf_weight=16.58064650092274 17.373144295066599 1.8007619348354627
leaf_count=3227 279 286
internal_value=0 0.0389894
internal_weight=35.7546 19.1739
internal_count=3792 565
is_linear=0
shrinkage=0.05


Tree=509
num_leaves=6
num_cat=0
split_feature=28 11 7 46 28
split_gain=24.1184 1.8066 0.807321 0.382747 0.0510901
threshold=-0.11116261608311243 0.26146111498592245 -1.0879315846140403 1.5997631714208214 -0.2362180797808642
decision_type=2 2 2 2 2
left_child=2 -2 4 -4 -1
right_child=1 -3 3 -5 -6
leaf_value=-0.0062240593538731397 0.046407244775747453 -0.0074924101818517833 -0.043807212027802904 0 0.0094239326024077967
leaf_weight=0.68660496827215201 15.922969285398722 0.71794051025062877 16.357198596000675 0.19153646752238174 0.42058329284191132
leaf_count=73 269 76 3368 4 2
internal_value=0 0.0424726 -0.0402235 -0.0429114 0
internal_weight=34.2968 16.6409 17.6559 16.5487 1.10719
internal_count=3792 345 3447 3372 75
is_linear=0
shrinkage=0.05


Tree=510
num_leaves=5
num_cat=0
split_feature=14 41 14 12
split_gain=20.8649 1.19767 0.671635 0.141003
threshold=-0.078158987114610418 0.53111416487155239 -0.19445728539780005 -0.23507540668723995
decision_type=2 2 2 2
left_child=2 -2 -1 -4
right_child=1 -3 3 -5
leaf_value=-0.043300141471830624 0.046157131432123431 0 -0.013245681940465529 0.010078157365773844
leaf_weight=13.964026106288658 13.448432028293606 0.48607252677902657 0.94618107471615076 0.47252038121223339
leaf_count=3332 219 66 173 2
internal_value=0 0.0430268 -0.0400214 0
internal_weight=29.3172 13.9345 15.3827 1.4187
internal_count=3792 285 3507 175
is_linear=0
shrinkage=0.05


Tree=511
num_leaves=7
num_cat=0
split_feature=25 32 24 28 31 34
split_gain=6.87604 6.68733 2.13048 2.51339 2.95331 3.54066
threshold=-0.74803596974773778 -0.25151188632289956 -0.23411998404593962 -0.2362180797808642 -0.22678979233387167 -0.23121179449146803
decision_type=2 2 2 2 2 2
left_child=-1 2 3 4 5 -2
right_child=1 -3 -4 -5 -6 -7
leaf_value=-0.040792857874646982 0.04764931220369166 -0.037655642731389022 -0.021318266400372279 -0.020975570848150965 -0.020553658982107165 -0.020359335372864301
leaf_weight=7.733804229181259 15.950726795941607 4.7662222529761484 1.4040940864942957 1.3794114743359376 1.3478803653269995 1.3375417878851283
leaf_count=1622 262 843 271 272 251 271
internal_value=-0.000166275 0.0114352 0.024109 0.0289562 0.03441 0.0405579
internal_weight=33.9197 26.1859 21.4197 20.0156 18.6361 17.2883
internal_count=3792 2170 1327 1056 784 533
is_linear=0
shrinkage=0.05


Tree=512
num_leaves=5
num_cat=0
split_feature=21 7 7 21
split_gain=26.2989 0.932611 0.574247 0.159392
threshold=-0.12021446295793767 -1.0879315846140403 0.82709536029146802 -0.24778315296193945
decision_type=2 2 2 2
left_child=1 3 -2 -1
right_child=2 -3 -4 -5
leaf_value=-0.013804550081493948 0.046331098824978531 -0.043915224060961357 0 0.010019863671194302
leaf_weight=0.94344207877293473 16.145352285355333 17.017777619417757 0.4545687516219904 0.72921611368656158
leaf_count=66 277 3407 37 5
internal_value=0 -0.0404841 0.0447834 0
internal_weight=35.2904 18.6904 16.5999 1.67266
internal_count=3792 3478 314 71
is_linear=0
shrinkage=0.05


Tree=513
num_leaves=3
num_cat=0
split_feature=24 14
split_gain=24.643 4.37785
threshold=-0.23411998404593962 -0.20676689360969613
decision_type=2 2
left_child=-1 -2
right_child=1 -3
leaf_value=-0.043842052554222737 0.047484730958190419 -0.024183021879681851
leaf_weight=16.41654383437708 16.702597655355934 1.6338160377927113
leaf_count=3262 271 259
internal_value=0 0.0392993
internal_weight=34.753 18.3364
internal_count=3792 530
is_linear=0
shrinkage=0.05


Tree=514
num_leaves=4
num_cat=0
split_feature=11 54 46
split_gain=20.7943 5.34976 0.458891
threshold=0.71621590034713301 -0.72166332319269699 0.88079153233758534
decision_type=2 2 2
left_child=2 -2 -1
right_child=1 -3 -4
leaf_value=-0.043794158419408501 -0.028302926499031052 0.046251627467438002 0
leaf_weight=15.450245694257319 2.0538834272883859 15.358031161129473 0.88413446629420001
leaf_count=3225 277 255 35
internal_value=-0.00125165 0.035517 -0.0418217
internal_weight=33.7463 17.4119 16.3344
internal_count=3792 532 3260
is_linear=0
shrinkage=0.05


Tree=515
num_leaves=7
num_cat=0
split_feature=12 13 52 42 43 13
split_gain=15.7147 4.74257 2.51975 0.817544 0.47022 0.0442973
threshold=-0.29621121795630795 -0.23464596741588287 0.8322947060160758 0.098056673322155147 -0.12470673788352664 -0.1983577545184067
decision_type=2 2 2 2 2 2
left_child=-1 4 5 -4 -2 -3
right_child=1 2 3 -5 -6 -7
leaf_value=-0.043027356476324961 0.045106667437815912 0 0.036924888932384416 -0.00021024976090562122 0 -0.030215221926396002
leaf_weight=12.878192521631716 13.001845709979532 0.15455154655501324 2.642126109451056 0.53835852164775122 0.74539883900434034 4.1550205387175065
leaf_count=2715 236 17 32 76 77 639
internal_value=0 0.0258444 -0.00316505 0.0246718 0.0429611 -0.0293359
internal_weight=34.1155 21.2373 7.49006 3.18048 13.7472 4.30957
internal_count=3792 1077 764 108 313 656
is_linear=0
shrinkage=0.05


Tree=516
num_leaves=3
num_cat=0
split_feature=13 14
split_gain=24.8295 4.41501
threshold=0.3373267419610767 -0.2211673581285418
decision_type=2 2
left_child=-1 -2
right_child=1 -3
leaf_value=-0.043828473626249878 0.048921541935647954 -0.023747745578912807
leaf_weight=16.296779336873442 16.072370480746034 1.5973268034867931
leaf_count=3245 272 275
internal_value=0 0.0405037
internal_weight=33.9665 17.6697
internal_count=3792 547
is_linear=0
shrinkage=0.05


Tree=517
num_leaves=4
num_cat=0
split_feature=11 54 5
split_gain=23.5944 4.47561 0.213064
threshold=0.36516487357309785 -0.74611360206791499 -0.96090810241648195
decision_type=2 2 2
left_child=-1 2 -2
right_child=1 -3 -4
leaf_value=-0.043655504530264032 0 -0.025342379395702375 0.046602774398463984
leaf_weight=15.552547198720275 0.91133505105972901 1.7599122924730171 17.3202840462327
leaf_count=3234 5 271 282
internal_value=0.00104073 0.0372493 0.0451411
internal_weight=35.5441 19.9915 18.2316
internal_count=3792 558 287
is_linear=0
shrinkage=0.05


Tree=518
num_leaves=2
num_cat=0
split_feature=9
split_gain=28.0159
threshold=-1.2850973392307055
decision_type=2
left_child=-1
right_child=-2
leaf_value=0.046071357069777996 -0.043952761990822424
leaf_weight=16.353144310414791 17.238412758335471
leaf_count=306 3486
internal_value=0
internal_weight=33.5916
internal_count=3792
is_linear=0
shrinkage=0.05


Tree=519
num_leaves=2
num_cat=0
split_feature=17
split_gain=24.5155
threshold=-0.21577540952747912
decision_type=2
left_child=-1
right_child=-2
leaf_value=-0.043621041507561693 0.045644155112336868
leaf_weight=15.458576834993439 14.342558477073906
leaf_count=3522 270
internal_value=0
internal_weight=29.8011
internal_count=3792
is_linear=0
shrinkage=0.05


Tree=520
num_leaves=3
num_cat=0
split_feature=31 37
split_gain=20.9894 4.0816
threshold=-0.22678979233387167 1.0000000180025095e-35
decision_type=2 2
left_child=-1 -2
right_child=1 -3
leaf_value=-0.043507280340718886 0.046791465239501416 -0.023554327522014629
leaf_weight=14.823578069685029 14.358367387205359 1.5792881259694702
leaf_count=3282 251 259
internal_value=-0.000653162 0.0377954
internal_weight=30.7612 15.9377
internal_count=3792 510
is_linear=0
shrinkage=0.05


Tree=521
num_leaves=3
num_cat=0
split_feature=34 14
split_gain=26.4599 3.60944
threshold=-0.25418381851398736 -0.22342537014154873
decision_type=2 2
left_child=-1 -2
right_child=1 -3
leaf_value=-0.043728744314948394 -0.020514905775260744 0.047542943957517021
leaf_weight=15.881533600389956 1.3485084939748073 18.697825953364372
leaf_count=3229 271 292
internal_value=0.00297726 0.0413601
internal_weight=35.9279 20.0463
internal_count=3792 563
is_linear=0
shrinkage=0.05


Tree=522
num_leaves=3
num_cat=0
split_feature=32 13
split_gain=22.8246 4.46485
threshold=-0.24843806083186923 0.23662438553269713
decision_type=2 2
left_child=-1 -2
right_child=1 -3
leaf_value=-0.043645553981113631 0.047153092637758319 -0.024732629574635165
leaf_weight=15.260424793232231 16.080118849873546 1.6850971798412491
leaf_count=3227 279 286
internal_value=0 0.0384754
internal_weight=33.0256 17.7652
internal_count=3792 565
is_linear=0
shrinkage=0.05


Tree=523
num_leaves=5
num_cat=0
split_feature=28 13 28 9
split_gain=21.8118 1.69318 0.82309 0.264983
threshold=-0.11116261608311243 0.99159956844418617 -0.2362180797808642 -1.1851194693867388
decision_type=2 2 2 2
left_child=2 -2 -1 -4
right_child=1 -3 3 -5
leaf_value=-0.043477993229624021 0.04592719039530084 -0.0064080235178770612 0.015157341527972988 -0.016241042133815747
leaf_weight=14.655227368697529 14.729142587631937 0.68644035607576448 0.56637968122959126 1.0826664851047088
leaf_count=3252 269 76 3 192
internal_value=0 0.0418979 -0.0397791 0
internal_weight=31.7199 15.4156 16.3043 1.64905
internal_count=3792 345 3447 195
is_linear=0
shrinkage=0.05


Tree=524
num_leaves=4
num_cat=0
split_feature=14 11 14
split_gain=18.864 1.75257 0.345098
threshold=-0.12580073246304027 0.17235233270710529 -0.19445728539780005
decision_type=2 2 2
left_child=2 -2 -1
right_child=1 -3 -4
leaf_value=-0.043007484540773522 0.045867418711358042 -0.0072967963625066969 0
leaf_weight=12.851168229244649 12.639837160706517 0.72637991234660226 0.8975455295294531
leaf_count=3332 220 118 122
internal_value=0 0.0410164 -0.0408972
internal_weight=27.1149 13.3662 13.7487
internal_count=3792 338 3454
is_linear=0
shrinkage=0.05


Tree=525
num_leaves=5
num_cat=0
split_feature=26 26 41 13
split_gain=21.1943 1.67277 1.03127 0.301851
threshold=0.025106397525318094 -0.24549254867395884 -0.42870068114435483 -0.076011495747890498
decision_type=2 2 2 2
left_child=1 -1 -3 -2
right_child=3 2 -4 -5
leaf_value=-0.043528183406624392 0.045450545177434389 0.030569572672133973 -0.02333966917777237 0
leaf_weight=14.899139696266507 13.416970182210205 1.0523936599493029 1.5697393412701774 0.50952070998027821
leaf_count=3244 250 8 274 16
internal_value=-0.000333271 -0.037242 0 0.0440509
internal_weight=31.4478 17.5213 2.62213 13.9265
internal_count=3792 3526 282 266
is_linear=0
shrinkage=0.05


Tree=526
num_leaves=6
num_cat=0
split_feature=39 42 14 7 7
split_gain=19.3903 2.8539 1.36302 0.797456 0.218615
threshold=-0.21850522894733479 0.78148905877792607 1.0000000180025095e-35 0.83646916377356517 -1.1004274910894456
decision_type=2 2 2 2 2
left_child=4 2 3 -2 -1
right_child=1 -3 -4 -5 -6
leaf_value=0 0.04601545875220503 -0.019826807151804755 -0.0023382264603681144 0 -0.043357894550181991
leaf_weight=0.91864360962062974 15.38129868078977 1.3026970564387728 0.59065887937322337 0.43554782681167203 13.9774625999853
leaf_count=54 283 286 122 74 2973
internal_value=0 0.0346044 0.0408632 0.0440309 -0.0416202
internal_weight=32.6063 17.7102 16.4075 15.8168 14.8961
internal_count=3792 765 479 357 3027
is_linear=0
shrinkage=0.05


Tree=527
num_leaves=3
num_cat=0
split_feature=24 37
split_gain=22.3921 4.00782
threshold=-0.23411998404593962 1.0000000180025095e-35
decision_type=2 2
left_child=-1 -2
right_child=1 -3
leaf_value=-0.043585309387263814 0.046991530364113257 -0.023014673678662743
leaf_weight=15.108499386347829 15.473562434315681 1.5309657901525504
leaf_count=3262 271 259
internal_value=0 0.0387831
internal_weight=32.113 17.0045
internal_count=3792 530
is_linear=0
shrinkage=0.05


Tree=528
num_leaves=4
num_cat=0
split_feature=11 54 46
split_gain=18.8392 4.88492 0.454033
threshold=0.71621590034713301 -0.72166332319269699 0.88079153233758534
decision_type=2 2 2
left_child=2 -2 -1
right_child=1 -3 -4
leaf_value=-0.043519676053139722 -0.027212962932419538 0.045768651931875397 0
leaf_weight=14.22031133249402 1.9205685001797999 14.212355423718689 0.86853933800011951
leaf_count=3225 277 255 35
internal_value=-0.00120416 0.0350205 -0.0414201
internal_weight=31.2218 16.1329 15.0889
internal_count=3792 532 3260
is_linear=0
shrinkage=0.05


Tree=529
num_leaves=4
num_cat=0
split_feature=34 13 34
split_gain=21.705 2.95988 0.459495
threshold=-0.16553830681957407 0.3373267419610767 -0.23121179449146803
decision_type=2 2 2
left_child=2 -2 -1
right_child=1 -3 -4
leaf_value=-0.043530156693307898 0.046371296579257253 -0.017756424120687241 0
leaf_weight=14.875971286557615 14.915838167071344 1.1711341622285534 0.7110721133649357
leaf_count=3253 269 201 69
internal_value=0 0.0398011 -0.0417098
internal_weight=31.674 16.087 15.587
internal_count=3792 470 3322
is_linear=0
shrinkage=0.05


Tree=530
num_leaves=3
num_cat=0
split_feature=13 37
split_gain=22.5972 4.05568
threshold=0.3373267419610767 1.0000000180025095e-35
decision_type=2 2
left_child=-1 -2
right_child=1 -3
leaf_value=-0.043570530549049101 0.048583805311988734 -0.022554354503651168
leaf_weight=15.001380893867465 14.83187036216259 1.4958100975491113
leaf_count=3245 272 275
internal_value=0 0.0401045
internal_weight=31.3291 16.3277
internal_count=3792 547
is_linear=0
shrinkage=0.05


Tree=531
num_leaves=3
num_cat=0
split_feature=54 41
split_gain=21.4418 5.77959
threshold=-0.74611360206791499 -0.42870068114435483
decision_type=2 2
left_child=1 -1
right_child=-2 -3
leaf_value=-0.032799692698931592 -0.043401755594322855 0.046753001255329281
leaf_weight=1.891185581684115 14.327938841190187 16.692310806363821
leaf_count=370 3136 286
internal_value=0.000951872 0.0366999
internal_weight=32.9114 18.5835
internal_count=3792 656
is_linear=0
shrinkage=0.05


Tree=532
num_leaves=2
num_cat=0
split_feature=9
split_gain=25.4908
threshold=-1.2850973392307055
decision_type=2
left_child=-1
right_child=-2
leaf_value=0.04562745702016454 -0.043704482083418789
leaf_weight=15.108797501772644 15.850860671838744
leaf_count=306 3486
internal_value=0
internal_weight=30.9597
internal_count=3792
is_linear=0
shrinkage=0.05


Tree=533
num_leaves=2
num_cat=0
split_feature=17
split_gain=22.3036
threshold=-0.21577540952747912
decision_type=2
left_child=-1
right_child=-2
leaf_value=-0.043350789376385243 0.045179572001115928
leaf_weight=14.217798684490846 13.26642422378063
leaf_count=3522 270
internal_value=0
internal_weight=27.4842
internal_count=3792
is_linear=0
shrinkage=0.05


Tree=534
num_leaves=3
num_cat=0
split_feature=31 13
split_gain=19.0255 3.72949
threshold=-0.22678979233387167 0.23662438553269713
decision_type=2 2
left_child=-1 -2
right_child=1 -3
leaf_value=-0.043227533192422063 0.046260895556851256 -0.022365933706756207
leaf_weight=13.639100657077508 13.278887692838905 1.4797708480618883
leaf_count=3282 251 259
internal_value=-0.000624761 0.0372342
internal_weight=28.3978 14.7587
internal_count=3792 510
is_linear=0
shrinkage=0.05


Tree=535
num_leaves=3
num_cat=0
split_feature=14 11
split_gain=24.312 3.25932
threshold=-0.22342537014154873 -0.10022939013777639
decision_type=2 2
left_child=-1 -2
right_child=1 -3
leaf_value=-0.043460262697249341 -0.01896573412603993 0.047137571266695155
leaf_weight=14.636600164230911 1.2408061791211391 17.530535489320755
leaf_count=3279 221 292
internal_value=0.00321634 0.0410921
internal_weight=33.4079 18.7713
internal_count=3792 513
is_linear=0
shrinkage=0.05


Tree=536
num_leaves=3
num_cat=0
split_feature=32 13
split_gain=20.7063 4.0822
threshold=-0.24843806083186923 0.23662438553269713
decision_type=2 2
left_child=-1 -2
right_child=1 -3
leaf_value=-0.04337297966313991 0.046656464880163728 -0.023567015343886999
leaf_weight=14.045348524814473 14.868332058191301 1.5778091675601889
leaf_count=3227 279 286
internal_value=0 0.0379475
internal_weight=30.4915 16.4461
internal_count=3792 565
is_linear=0
shrinkage=0.05


Tree=537
num_leaves=5
num_cat=0
split_feature=28 11 28 9
split_gain=19.702 1.58696 0.804803 0.218894
threshold=-0.11116261608311243 0.26146111498592245 -0.2362180797808642 -1.1851194693867388
decision_type=2 2 2 2
left_child=2 -2 -1 -4
right_child=1 -3 3 -5
leaf_value=-0.043195258582558863 0.045440532946549386 -0.0053209845535885257 0.01396434716707615 -0.014985458077394709
leaf_weight=13.48376797931269 13.59803361073136 0.65644349250942546 0.55473364889621724 1.0209921267814923
leaf_count=3252 269 76 3 192
internal_value=0 0.0413074 -0.0393391 0
internal_weight=29.314 14.2545 15.0595 1.57573
internal_count=3792 345 3447 195
is_linear=0
shrinkage=0.05


Tree=538
num_leaves=7
num_cat=0
split_feature=39 13 21 12 39 19
split_gain=12.3702 3.10783 1.00102 0.351015 0.391523 0.213153
threshold=-0.30279680760908595 -0.39686092166450643 -0.24150565847861075 -0.23507540668723995 -0.46311111038113134 -1.0905347891824193
decision_type=2 2 2 2 2 2
left_child=3 -2 5 -1 -5 -3
right_child=1 2 -4 4 -6 -7
leaf_value=-0.041844641501258106 -0.021923452899692365 0 0 -0.021337684707257144 0.010280427754620755 0.044730044270252546
leaf_weight=9.6610951030161214 1.4586545585189004 0.087204652838407948 0.43414189363829869 1.4018276773858818 0.62779766041785734 11.429704890120771
leaf_count=2682 425 20 103 332 7 223
internal_value=0 0.031731 0.0409049 -0.0372557 -0.00157587 0.0440671
internal_weight=25.1004 13.4097 11.9511 11.6907 2.02963 11.5169
internal_count=3792 771 346 3021 339 243
is_linear=0
shrinkage=0.05


Tree=539
num_leaves=3
num_cat=0
split_feature=26 37
split_gain=19.1799 4.35387
threshold=-0.24549254867395884 1.0000000180025095e-35
decision_type=2 2
left_child=-1 -2
right_child=1 -3
leaf_value=-0.043248264978050288 0.046705066005448041 -0.024873499486368845
leaf_weight=13.705174316884952 13.670619983226057 1.6904468010179705
leaf_count=3244 262 286
internal_value=-0.000236536 0.036716
internal_weight=29.0662 15.3611
internal_count=3792 548
is_linear=0
shrinkage=0.05


Tree=540
num_leaves=5
num_cat=0
split_feature=21 41 21 7
split_gain=21.7077 0.92705 0.5688 0.0789071
threshold=-0.14491683080410914 -0.17627240682928683 -0.24778315296193945 -1.0879315846140403
decision_type=2 2 2 2
left_child=2 -2 -1 -4
right_child=1 -3 3 -5
leaf_value=-0.043431585784241118 0.04548863983877275 0 0.0027827096555587778 -0.011700032746585799
leaf_weight=14.319605932570996 14.024675481021402 0.37961086397990484 0.56055234372615814 0.88106714538298436
leaf_count=3226 280 69 4 213
internal_value=0 0.0431395 -0.0403934 0
internal_weight=30.1655 14.4043 15.7612 1.44162
internal_count=3792 349 3443 217
is_linear=0
shrinkage=0.05


Tree=541
num_leaves=3
num_cat=0
split_feature=24 37
split_gain=20.3053 3.66811
threshold=-0.23411998404593962 1.0000000180025095e-35
decision_type=2 2
left_child=-1 -2
right_child=1 -3
leaf_value=-0.043310213203824957 0.046487970872829097 -0.021821600134613432
leaf_weight=13.903584937099369 14.304282005876299 1.4355543334968395
leaf_count=3262 271 259
internal_value=0 0.0382383
internal_weight=29.6434 15.7398
internal_count=3792 530
is_linear=0
shrinkage=0.05


Tree=542
num_leaves=4
num_cat=0
split_feature=41 54 13
split_gain=16.6394 3.87537 1.41176
threshold=-0.14454681987627024 -0.75431068484562347 0.23662438553269713
decision_type=2 2 2
left_child=-1 -2 -3
right_child=1 2 -4
leaf_value=-0.043261609597743486 -0.025353694016443509 0.044811360815857453 -0.0028293613192988069
leaf_weight=12.927964421221988 1.7485685148276378 13.579625446349379 0.60119886556640345
leaf_count=3100 280 258 154
internal_value=-0.00119607 0.0316994 0.0410611
internal_weight=28.8574 15.9294 14.1808
internal_count=3792 692 412
is_linear=0
shrinkage=0.05


Tree=543
num_leaves=4
num_cat=0
split_feature=34 13 34
split_gain=19.6753 2.72161 0.442693
threshold=-0.16553830681957407 0.3373267419610767 -0.23121179449146803
decision_type=2 2 2
left_child=2 -2 -1
right_child=1 -3 -4
leaf_value=-0.043251135596687945 0.045884103912200179 -0.016507655718259868 0
leaf_weight=13.68815672933124 13.806893330067394 1.1025311141274858 0.68639568192884404
leaf_count=3253 269 201 69
internal_value=0 0.039262 -0.0413513
internal_weight=29.284 14.9094 14.3746
internal_count=3792 470 3322
is_linear=0
shrinkage=0.05


Tree=544
num_leaves=3
num_cat=0
split_feature=13 37
split_gain=20.5481 3.72764
threshold=0.3373267419610767 1.0000000180025095e-35
decision_type=2 2
left_child=-1 -2
right_child=1 -3
leaf_value=-0.043293782986445428 0.048244520646930945 -0.021340772081717755
leaf_weight=13.807099375175314 13.680904794484373 1.4020018051378436
leaf_count=3245 272 275
internal_value=0 0.0396948
internal_weight=28.89 15.0829
internal_count=3792 547
is_linear=0
shrinkage=0.05


Tree=545
num_leaves=3
num_cat=0
split_feature=54 41
split_gain=19.3984 5.33268
threshold=-0.74611360206791499 -0.42870068114435483
decision_type=2 2
left_child=1 -1
right_child=-2 -3
leaf_value=-0.032012222092871877 -0.04311308513828746 0.046176695709790341
leaf_weight=1.7751729763112987 13.181744672358034 15.485797826200725
leaf_count=370 3136 286
internal_value=0.00082332 0.0360531
internal_weight=30.4427 17.261
internal_count=3792 656
is_linear=0
shrinkage=0.05


Tree=546
num_leaves=2
num_cat=0
split_feature=9
split_gain=23.196
threshold=-1.2850973392307055
decision_type=2
left_child=-1
right_child=-2
leaf_value=0.045188253652771217 -0.043439033457514063
leaf_weight=13.966669157147409 14.576970097376032
leaf_count=306 3486
internal_value=0
internal_weight=28.5436
internal_count=3792
is_linear=0
shrinkage=0.05


Tree=547
num_leaves=2
num_cat=0
split_feature=17
split_gain=20.2767
threshold=-0.21577540952747912
decision_type=2
left_child=-1
right_child=-2
leaf_value=-0.043061575161240595 0.044710941504603752
leaf_weight=13.078640400199221 12.262394908815621
leaf_count=3522 270
internal_value=0
internal_weight=25.341
internal_count=3792
is_linear=0
shrinkage=0.05


Tree=548
num_leaves=7
num_cat=0
split_feature=25 32 13 26 28 34
split_gain=4.95379 4.65997 1.47531 1.64068 1.93654 2.21396
threshold=-0.74299027955237895 -0.25151188632289956 0.090994855949560152 -0.14410603713935813 -0.20915210465647124 -0.035790165331471641
decision_type=2 2 2 2 2 2
left_child=-1 2 3 4 5 -2
right_child=1 -3 -4 -5 -6 -7
leaf_value=-0.039268198301383152 0.044528769514210843 -0.035047900585612614 -0.016382364426581187 -0.014778512758401738 -0.014303255203431578 -0.013255235211118755
leaf_weight=6.0615322850644615 12.446958397747951 3.6526744721923015 1.0941733827348787 1.0177424608264107 0.99559476040303785 0.94888262310996729
leaf_count=1627 285 840 254 257 267 262
internal_value=-0.000592622 0.010497 0.0227819 0.0275618 0.0326305 0.0383069
internal_weight=26.2176 20.156 16.5034 15.4092 14.3914 13.3958
internal_count=3792 2165 1325 1071 814 547
is_linear=0
shrinkage=0.05


Tree=549
num_leaves=3
num_cat=0
split_feature=21 14
split_gain=22.3534 2.94751
threshold=-0.25310059789262179 -0.22342537014154873
decision_type=2 2
left_child=-1 -2
right_child=1 -3
leaf_value=-0.043192212843998268 -0.017304092725083972 0.046744143697920022
leaf_weight=13.487583226757126 1.1474833635147685 16.454772099852562
leaf_count=3217 283 292
internal_value=0.00347813 0.0408252
internal_weight=31.0898 17.6023
internal_count=3792 575
is_linear=0
shrinkage=0.05


Tree=550
num_leaves=3
num_cat=0
split_feature=32 37
split_gain=18.7687 3.73453
threshold=-0.24843806083186923 1.0000000180025095e-35
decision_type=2 2
left_child=-1 -2
right_child=1 -3
leaf_value=-0.043081140013165653 0.046156508134577258 -0.022385034733067938
leaf_weight=12.92864221497439 13.742723476141688 1.4790512027684606
leaf_count=3227 279 286
internal_value=0 0.0374063
internal_weight=28.1504 15.2218
internal_count=3792 565
is_linear=0
shrinkage=0.05


Tree=551
num_leaves=5
num_cat=0
split_feature=28 11 28 9
split_gain=17.7871 1.48971 0.782631 0.178212
threshold=-0.11116261608311243 0.26146111498592245 -0.2362180797808642 -1.1851194693867388
decision_type=2 2 2 2
left_child=2 -2 -1 -4
right_child=1 -3 3 -5
leaf_value=-0.042892779735079045 0.044955554172245948 -0.0042593051082660564 0.012748509443038434 -0.013731274405318237
leaf_weight=12.407875530654566 12.553102437406775 0.62852191599086005 0.54296894371509552 0.96393530396744498
leaf_count=3252 269 76 3 192
internal_value=0 0.0407117 -0.0388809 0
internal_weight=27.0964 13.1816 13.9148 1.5069
internal_count=3792 345 3447 195
is_linear=0
shrinkage=0.05


Tree=552
num_leaves=4
num_cat=0
split_feature=14 11 14
split_gain=15.5612 1.47177 0.353619
threshold=-0.12580073246304027 0.17235233270710529 -0.19445728539780005
decision_type=2 2 2
left_child=2 -2 -1
right_child=1 -3 -4
leaf_value=-0.042393143282021872 0.044819043392306773 -0.0041541778554470702 0
leaf_weight=10.975138493115082 10.862254947423931 0.6364313783124097 0.81692176871001798
leaf_count=3332 220 118 122
internal_value=0 0.0399647 -0.0400727
internal_weight=23.2907 11.4987 11.7921
internal_count=3792 338 3454
is_linear=0
shrinkage=0.05


Tree=553
num_leaves=3
num_cat=0
split_feature=26 37
split_gain=17.3847 3.97847
threshold=-0.24549254867395884 1.0000000180025095e-35
decision_type=2 2
left_child=-1 -2
right_child=1 -3
leaf_value=-0.042950043763457006 0.046213302806536599 -0.023705685779847829
leaf_weight=12.612403115257623 12.634154237806793 1.5827910997904844
leaf_count=3244 262 286
internal_value=-0.000204163 0.0361895
internal_weight=26.8293 14.2169
internal_count=3792 548
is_linear=0
shrinkage=0.05


Tree=554
num_leaves=6
num_cat=0
split_feature=39 42 14 7 7
split_gain=15.9164 2.33459 1.16164 0.681969 0.224273
threshold=-0.21850522894733479 0.78148905877792607 1.0000000180025095e-35 0.83646916377356517 -1.1004274910894456
decision_type=2 2 2 2 2
left_child=4 2 3 -2 -1
right_child=1 -3 -4 -5 -6
leaf_value=0 0.045079636784866255 -0.016911930839360687 0 0 -0.042755655491514818
leaf_weight=0.85014453483745356 13.141055637039239 1.1268923289608199 0.52021337486803609 0.38541229255497533 11.868872357998045
leaf_count=54 283 286 122 74 2973
internal_value=0 0.0336436 0.0398599 0.0430672 -0.040842
internal_weight=27.8926 15.1736 14.0467 13.5265 12.719
internal_count=3792 765 479 357 3027
is_linear=0
shrinkage=0.05


Tree=555
num_leaves=5
num_cat=0
split_feature=13 53 5 12
split_gain=12.4593 6.37565 0.988453 0.0858472
threshold=0.040852686053328389 1.0000000180025095e-35 -1.08460589899667 -1.0000000180025095e-35
decision_type=2 2 2 2
left_child=-1 2 3 -2
right_child=1 -3 -4 -5
leaf_value=-0.042171150527352645 0.012528014995374488 0.044646778010683397 -0.034009525501659227 0
leaf_weight=10.374922247603537 0.97024431033059955 12.450285314582288 3.2938856931868941 0.27689249394461579
leaf_count=2755 30 269 703 35
internal_value=0 0.0259826 -0.019583 0.00303927
internal_weight=27.3662 16.9913 4.54102 1.24714
internal_count=3792 1037 768 65
is_linear=0
shrinkage=0.05


Tree=556
num_leaves=4
num_cat=0
split_feature=11 54 41
split_gain=15.3958 4.08923 0.327021
threshold=0.71621590034713301 -0.72166332319269699 -0.14454681987627024
decision_type=2 2 2
left_child=2 -2 -1
right_child=1 -3 -4
leaf_value=-0.04294316300122742 -0.025051339488121702 0.044787118986843941 0
leaf_weight=11.90958310686983 1.6888954029418517 12.118754647672175 0.96936758491210895
leaf_count=3100 277 255 160
internal_value=-0.00121504 0.0339205 -0.0406127
internal_weight=26.6866 13.8077 12.879
internal_count=3792 532 3260
is_linear=0
shrinkage=0.05


Tree=557
num_leaves=3
num_cat=0
split_feature=34 13
split_gain=17.8095 3.48006
threshold=-0.23121179449146803 0.23662438553269713
decision_type=2 2
left_child=-1 -2
right_child=1 -3
leaf_value=-0.042952692955155129 0.045619011551391135 -0.021409458762055474
leaf_weight=12.597002836642789 13.042735781520603 1.4136536070145655
leaf_count=3253 271 268
internal_value=0 0.0368963
internal_weight=27.0534 14.4564
internal_count=3792 539
is_linear=0
shrinkage=0.05


Tree=558
num_leaves=3
num_cat=0
split_feature=14 39
split_gain=15.9922 5.94354
threshold=-0.22352134256940756 -0.46311111038113134
decision_type=2 2
left_child=-1 -2
right_child=1 -3
leaf_value=-0.042706632058045264 0.047912230348053156 -0.029375854315428621
leaf_weight=11.73807274317369 12.617836400866507 2.288051977287977
leaf_count=3007 272 513
internal_value=0 0.0338574
internal_weight=26.644 14.9059
internal_count=3792 785
is_linear=0
shrinkage=0.05


Tree=559
num_leaves=5
num_cat=0
split_feature=11 54 13 12
split_gain=17.5521 3.24968 0.722844 0.207706
threshold=0.36516487357309785 -0.75431068484562347 0.18658008365256532 -0.30213978816442666
decision_type=2 2 2 2
left_child=-1 2 -2 -3
right_child=1 3 -4 -5
leaf_value=-0.042795241766276415 0.045884340923672433 0 0 -0.023433910788964139
leaf_weight=12.132067469879987 13.793666582554579 0.18750347197055806 0.51951581239700395 1.5337909394875158
leaf_count=3234 283 1 2 272
internal_value=0.000707612 0.0354337 0.0436983 -0.016402
internal_weight=28.1665 16.0345 14.3132 1.72129
internal_count=3792 558 285 273
is_linear=0
shrinkage=0.05


Tree=560
num_leaves=2
num_cat=0
split_feature=9
split_gain=21.4282
threshold=-1.2850973392307055
decision_type=2
left_child=-1
right_child=-2
leaf_value=0.044772818429907477 -0.043230938262205136
leaf_weight=13.013920091092588 13.668889703694729
leaf_count=309 3522
internal_value=0
internal_weight=26.6828
internal_count=3831
is_linear=0
shrinkage=0.05


Tree=561
num_leaves=3
num_cat=0
split_feature=37 41
split_gain=16.343 2.10182
threshold=1.0000000180025095e-35 -0.42870068114435483
decision_type=2 2
left_child=-1 -2
right_child=1 -3
leaf_value=-0.042540400353736935 0.044788658259057167 -0.012104484401419577
leaf_weight=11.342683566501364 11.70087583363056 0.90117901680059809
leaf_count=3263 274 294
internal_value=0 0.0385054
internal_weight=23.9447 12.6021
internal_count=3831 568
is_linear=0
shrinkage=0.05


Tree=562
num_leaves=3
num_cat=0
split_feature=31 37
split_gain=16.9363 3.22122
threshold=-0.22678979233387167 1.0000000180025095e-35
decision_type=2 2
left_child=-1 -2
right_child=1 -3
leaf_value=-0.042732657254404414 0.045829577429002621 -0.020030036463139177
leaf_weight=11.889661795459689 12.375697247683998 1.3093776656314737
leaf_count=3298 269 264
internal_value=0 0.0372819
internal_weight=25.5747 13.6851
internal_count=3831 533
is_linear=0
shrinkage=0.05


Tree=563
num_leaves=3
num_cat=0
split_feature=24 14
split_gain=21.0028 2.61731
threshold=-0.2550829191234304 -0.22342537014154873
decision_type=2 2
left_child=-1 -2
right_child=1 -3
leaf_value=-0.042994766518334629 -0.015253264905767864 0.046344370009292812
leaf_weight=12.73182820598595 1.0406375546008373 15.607039965689181
leaf_count=3262 274 295
internal_value=0.00348304 0.0407035
internal_weight=29.3795 16.6477
internal_count=3831 569
is_linear=0
shrinkage=0.05


Tree=564
num_leaves=3
num_cat=0
split_feature=32 37
split_gain=17.0023 3.24832
threshold=-0.24843806083186923 1.0000000180025095e-35
decision_type=2 2
left_child=-1 -2
right_child=1 -3
leaf_value=-0.042889382933415182 0.045559560251245662 -0.020338508921054089
leaf_weight=12.238625614438208 12.236326076090332 1.3318583220243461
leaf_count=3274 269 288
internal_value=-0.000127254 0.036821
internal_weight=25.8068 13.5682
internal_count=3831 557
is_linear=0
shrinkage=0.05


Tree=565
num_leaves=3
num_cat=0
split_feature=28 37
split_gain=16.2183 3.81483
threshold=-0.2362180797808642 1.0000000180025095e-35
decision_type=2 2
left_child=-1 -2
right_child=1 -3
leaf_value=-0.042667718737781933 0.045645216532233746 -0.023299963800163311
leaf_weight=11.666890429332854 12.374021597206589 1.544241692870856
leaf_count=3285 276 270
internal_value=0 0.0357191
internal_weight=25.5852 13.9183
internal_count=3831 546
is_linear=0
shrinkage=0.05


Tree=566
num_leaves=3
num_cat=0
split_feature=14 11
split_gain=14.8193 2.82041
threshold=-0.19445728539780005 -0.029191818120419735
decision_type=2 2
left_child=-1 -2
right_child=1 -3
leaf_value=-0.042114120024921868 0.045778171050784772 -0.017682112329642199
leaf_weight=10.262076428858565 11.186373747885225 1.1677729166112829
leaf_count=3354 234 243
internal_value=9.75804e-05 0.0373802
internal_weight=22.6162 12.3541
internal_count=3831 477
is_linear=0
shrinkage=0.05


Tree=567
num_leaves=3
num_cat=0
split_feature=26 37
split_gain=16.5598 3.74295
threshold=-0.24549254867395884 1.0000000180025095e-35
decision_type=2 2
left_child=-1 -2
right_child=1 -3
leaf_value=-0.042711684729585586 0.045985782023212601 -0.022771431631756777
leaf_weight=11.816683497279884 12.385407160967585 1.5038764546625323
leaf_count=3270 273 288
internal_value=0 0.036271
internal_weight=25.706 13.8893
internal_count=3831 561
is_linear=0
shrinkage=0.05


Tree=568
num_leaves=3
num_cat=0
split_feature=21 37
split_gain=17.7107 2.89263
threshold=-0.24778315296193945 1.0000000180025095e-35
decision_type=2 2
left_child=-1 -2
right_child=1 -3
leaf_value=-0.042961825033031753 0.045342031237092295 -0.018212817010108115
leaf_weight=12.475990309379997 12.63147152215242 1.1922357368748642
leaf_count=3262 283 286
internal_value=0 0.0376709
internal_weight=26.2997 13.8237
internal_count=3831 569
is_linear=0
shrinkage=0.05


Tree=569
num_leaves=3
num_cat=0
split_feature=24 37
split_gain=17.049 2.65788
threshold=-0.20897839553120795 1.0000000180025095e-35
decision_type=2 2
left_child=-1 -2
right_child=1 -3
leaf_value=-0.042881061498897081 0.044864318283426741 -0.016907365181753922
leaf_weight=12.276806830195712 12.07720439508557 1.1184703446924693
leaf_count=3332 274 225
internal_value=-0.000422732 0.037377
internal_weight=25.4725 13.1957
internal_count=3831 499
is_linear=0
shrinkage=0.05


Tree=570
num_leaves=5
num_cat=0
split_feature=11 42 0 6
split_gain=15.1319 2.76936 1.51992 1.03441
threshold=0.39111280430925138 1.002943429886807 -1.4644296307348059 3.4497916402059494
decision_type=2 2 2 2
left_child=-1 2 -2 -4
right_child=1 -3 3 -5
leaf_value=-0.042507130760535576 -0.0056191432476442003 -0.020022920559026876 0.047924573992897082 0
leaf_weight=11.240358028095217 0.59298155829310317 1.2713510245084751 12.205383926630017 0.39687439659610468
leaf_count=3295 6 196 263 71
internal_value=0 0.0333205 0.0408289 0.0450535
internal_weight=25.7069 14.4666 13.1952 12.6023
internal_count=3831 536 340 334
is_linear=0
shrinkage=0.05


Tree=571
num_leaves=3
num_cat=0
split_feature=34 37
split_gain=16.7297 3.23503
threshold=-0.23121179449146803 1.0000000180025095e-35
decision_type=2 2
left_child=-1 -2
right_child=1 -3
leaf_value=-0.042727683750874955 0.04544112410283737 -0.02025838983376738
leaf_weight=11.842984662391247 12.394761856645342 1.3312307433225221
leaf_count=3285 275 271
internal_value=0 0.0368238
internal_weight=25.569 13.726
internal_count=3831 546
is_linear=0
shrinkage=0.05


Tree=572
num_leaves=3
num_cat=0
split_feature=13 54
split_gain=16.9261 3.85482
threshold=0.18658008365256532 -0.61019242347065372
decision_type=2 2
left_child=-1 -2
right_child=1 -3
leaf_value=-0.042683778395012237 0.048857949457547477 -0.022025880590378105
leaf_weight=11.726004412863405 11.535240281373261 1.4550183387473214
leaf_count=3254 269 308
internal_value=0 0.0385431
internal_weight=24.7163 12.9903
internal_count=3831 577
is_linear=0
shrinkage=0.05


Tree=573
num_leaves=6
num_cat=0
split_feature=11 54 42 42 10
split_gain=14.7747 2.8444 1.5551 0.179049 0.0288954
threshold=0.71621590034713301 -0.72166332319269699 1.472268160469836 1.6669533464493196 -1.4702049585844341
decision_type=2 2 2 2 2
left_child=2 -2 4 -4 -1
right_child=1 -3 3 -5 -6
leaf_value=0 0.044555659833650493 -0.018459238452453834 0.01772111794349834 -0.0049220689830475452 -0.044481326918730857
leaf_weight=0.56816718727350135 11.435107108205555 1.2147404579445709 0.83595595136284717 0.65912701981142163 11.507730267941954
leaf_count=10 260 259 8 194 3100
internal_value=-0.0010361 0.0361315 -0.0375105 0 -0.0433988
internal_weight=26.2208 12.6498 13.571 1.49508 12.0759
internal_count=3831 519 3312 202 3110
is_linear=0
shrinkage=0.05


Tree=574
num_leaves=2
num_cat=0
split_feature=9
split_gain=19.4621
threshold=-1.2850973392307055
decision_type=2
left_child=-1
right_child=-2
leaf_value=0.044319363987768978 -0.042931086481115537
leaf_weight=12.005082957446577 12.572037980426101
leaf_count=309 3522
internal_value=0
internal_weight=24.5771
internal_count=3831
is_linear=0
shrinkage=0.05


Tree=575
num_leaves=3
num_cat=0
split_feature=37 34
split_gain=14.7816 1.94339
threshold=1.0000000180025095e-35 -0.25418381851398736
decision_type=2 2
left_child=-1 -2
right_child=1 -3
leaf_value=-0.04219197519102931 0.044293367410198195 -0.010878026690058377
leaf_weight=10.440442141611129 10.803553130477665 0.85319097945466715
leaf_count=3263 274 294
internal_value=0 0.0379174
internal_weight=22.0972 11.6567
internal_count=3831 568
is_linear=0
shrinkage=0.05


Tree=576
num_leaves=3
num_cat=0
split_feature=31 37
split_gain=15.3254 2.95194
threshold=-0.22678979233387167 1.0000000180025095e-35
decision_type=2 2
left_child=-1 -2
right_child=1 -3
leaf_value=-0.04239736472739826 0.045302324719024636 -0.018809645146506251
leaf_weight=10.943297929130496 11.443210039287802 1.2312347479164607
leaf_count=3298 269 264
internal_value=0 0.0366992
internal_weight=23.6177 12.6744
internal_count=3831 533
is_linear=0
shrinkage=0.05


Tree=577
num_leaves=3
num_cat=0
split_feature=24 14
split_gain=19.2336 2.42871
threshold=-0.2550829191234304 -0.22342537014154873
decision_type=2 2
left_child=-1 -2
right_child=1 -3
leaf_value=-0.042676810608686978 -0.014048410539547508 0.04596205520143954
leaf_weight=11.714667237596588 0.9839092674665143 14.650801222771404
leaf_count=3262 274 295
internal_value=0.00374272 0.0403178
internal_weight=27.3494 15.6347
internal_count=3831 569
is_linear=0
shrinkage=0.05


Tree=578
num_leaves=3
num_cat=0
split_feature=32 37
split_gain=15.3909 2.97641
threshold=-0.24843806083186923 1.0000000180025095e-35
decision_type=2 2
left_child=-1 -2
right_child=1 -3
leaf_value=-0.042561880772846325 0.045045775995006698 -0.0191228378497449
leaf_weight=11.266955662518741 11.309018131345507 1.2520119298715151
leaf_count=3274 269 288
internal_value=-9.78634e-05 0.0362485
internal_weight=23.828 12.561
internal_count=3831 557
is_linear=0
shrinkage=0.05


Tree=579
num_leaves=3
num_cat=0
split_feature=28 37
split_gain=14.6759 3.48846
threshold=-0.2362180797808642 1.0000000180025095e-35
decision_type=2 2
left_child=-1 -2
right_child=1 -3
leaf_value=-0.04232768841586923 0.045143756970319339 -0.022111455167603433
leaf_weight=10.739968523150312 11.433603785932061 1.4486999593209482
leaf_count=3285 276 270
internal_value=0 0.0351688
internal_weight=23.6223 12.8823
internal_count=3831 546
is_linear=0
shrinkage=0.05


Tree=580
num_leaves=4
num_cat=0
split_feature=39 21 17
split_gain=9.03549 4.24218 1.85101
threshold=-0.46311111038113134 -0.25310059789262179 -0.23682318279820655
decision_type=2 2 2
left_child=-1 2 -2
right_child=1 -3 -4
leaf_value=-0.04065385283399861 0.045210329264380816 -0.028185108241124981 -0.0092906043808331177
leaf_weight=7.6358470746781704 10.352522552013394 2.1199101174715897 0.79481560690328557
leaf_count=2745 234 578 274
internal_value=0 0.0257694 0.0389459
internal_weight=20.9031 13.2672 11.1473
internal_count=3831 1086 508
is_linear=0
shrinkage=0.05


Tree=581
num_leaves=3
num_cat=0
split_feature=26 37
split_gain=14.9898 3.42487
threshold=-0.24549254867395884 1.0000000180025095e-35
decision_type=2 2
left_child=-1 -2
right_child=1 -3
leaf_value=-0.042374769464965198 0.045488361563274141 -0.021577370953515584
leaf_weight=10.876839942764493 11.445928715169426 1.4111397075466818
leaf_count=3270 273 288
internal_value=0 0.0357237
internal_weight=23.7339 12.8571
internal_count=3831 561
is_linear=0
shrinkage=0.05


Tree=582
num_leaves=3
num_cat=0
split_feature=21 25
split_gain=16.0361 2.65609
threshold=-0.24778315296193945 -0.73511192117716939
decision_type=2 2
left_child=-1 -2
right_child=1 -3
leaf_value=-0.04263972627475765 0.044847895688939973 -0.016967608602597481
leaf_weight=11.485218099784108 11.667248886078594 1.1224860418587912
leaf_count=3262 283 286
internal_value=0 0.0371073
internal_weight=24.275 12.7897
internal_count=3831 569
is_linear=0
shrinkage=0.05


Tree=583
num_leaves=3
num_cat=0
split_feature=24 37
split_gain=15.454 2.44714
threshold=-0.20897839553120795 1.0000000180025095e-35
decision_type=2 2
left_child=-1 -2
right_child=1 -3
leaf_value=-0.042555183663349753 0.044382183506102423 -0.015680273958666505
leaf_weight=11.301664561266081 11.176990244537588 1.0553368029650307
leaf_count=3332 274 225
internal_value=-0.000347832 0.0368246
internal_weight=23.534 12.2323
internal_count=3831 499
is_linear=0
shrinkage=0.05


Tree=584
num_leaves=5
num_cat=0
split_feature=11 42 0 12
split_gain=13.6465 2.537 1.44313 0.978456
threshold=0.39111280430925138 1.002943429886807 -1.4644296307348059 -0.30213978816442666
decision_type=2 2 2 2
left_child=-1 2 -2 -4
right_child=1 -3 3 -5
leaf_value=-0.042155712526048536 -0.0047918754892349591 -0.018897328742394033 0 0.047455240770492998
leaf_weight=10.345825430471452 0.5766695998609056 1.2037005871534336 0.38102089939638695 11.314085155725479
leaf_count=3295 6 196 71 263
internal_value=0 0.0325884 0.040138 0.044509
internal_weight=23.8213 13.4755 12.2718 11.6951
internal_count=3831 536 340 334
is_linear=0
shrinkage=0.05


Tree=585
num_leaves=3
num_cat=0
split_feature=34 28
split_gain=15.157 2.96423
threshold=-0.23121179449146803 -0.23668272385439357
decision_type=2 2
left_child=-1 -2
right_child=1 -3
leaf_value=-0.042391921488689061 0.044955612147418555 -0.019028685327142879
leaf_weight=10.902362898690628 11.463534921407698 1.2502996982075263
leaf_count=3285 275 271
internal_value=0 0.0362894
internal_weight=23.6162 12.7138
internal_count=3831 546
is_linear=0
shrinkage=0.05


Tree=586
num_leaves=3
num_cat=0
split_feature=13 54
split_gain=15.398 3.54806
threshold=0.18658008365256532 -0.61019242347065372
decision_type=2 2
left_child=-1 -2
right_child=1 -3
leaf_value=-0.042344347381069132 0.048524268168818975 -0.020823099365302633
leaf_weight=10.793812775751578 10.672103039920328 1.3655238212086249
leaf_count=3254 269 308
internal_value=0 0.0381469
internal_weight=22.8314 12.0376
internal_count=3831 577
is_linear=0
shrinkage=0.05


Tree=587
num_leaves=5
num_cat=0
split_feature=11 54 43 41
split_gain=13.3865 2.60662 1.46911 0.148229
threshold=0.71621590034713301 -0.72166332319269699 1.4722768273656504 -0.42870068114435483
decision_type=2 2 2 2
left_child=2 -2 -1 -4
right_child=1 -3 3 -5
leaf_value=-0.04304937255840037 0.044076423417290463 -0.01718739700897174 -0.0037313245303264792 0.016478989172785032
leaf_weight=11.17878859722987 10.593451101332901 1.1411822135560203 0.6270289677195251 0.80684146657585987
leaf_count=3110 260 259 194 8
internal_value=-0.000993364 0.0356163 -0.0370203 0
internal_weight=24.3473 11.7346 12.6127 1.43387
internal_count=3831 519 3312 202
is_linear=0
shrinkage=0.05


Tree=588
num_leaves=2
num_cat=0
split_feature=9
split_gain=17.6745
threshold=-1.2850973392307055
decision_type=2
left_child=-1
right_child=-2
leaf_value=0.04386019154039144 -0.042611554752245498
leaf_weight=11.077535986900331 11.569080410990862
leaf_count=309 3522
internal_value=0
internal_weight=22.6466
internal_count=3831
is_linear=0
shrinkage=0.05


Tree=589
num_leaves=2
num_cat=0
split_feature=17
split_gain=15.8295
threshold=-0.23682318279820655
decision_type=2
left_child=-1
right_child=-2
leaf_value=-0.042171047643188846 0.043804425745977121
leaf_weight=10.424324749736117 9.9990481995046121
leaf_count=3557 274
internal_value=0
internal_weight=20.4234
internal_count=3831
is_linear=0
shrinkage=0.05


Tree=590
num_leaves=3
num_cat=0
split_feature=31 37
split_gain=13.8626 2.70756
threshold=-0.22678979233387167 1.0000000180025095e-35
decision_type=2 2
left_child=-1 -2
right_child=1 -3
leaf_value=-0.042040385796995851 0.044772016546641327 -0.01758474594798828
leaf_weight=10.077815418597313 10.5834766626358 1.1592254415154464
leaf_count=3298 269 264
internal_value=0 0.0361074
internal_weight=21.8205 11.7427
internal_count=3831 533
is_linear=0
shrinkage=0.05


Tree=591
num_leaves=3
num_cat=0
split_feature=34 14
split_gain=17.6407 2.23319
threshold=-0.25418381851398736 -0.22342537014154873
decision_type=2 2
left_child=-1 -2
right_child=1 -3
leaf_value=-0.042341869580622152 -0.012626440368857936 0.045583786213105978
leaf_weight=10.79394395533018 0.92206307663582165 13.756769135594366
leaf_count=3261 275 295
internal_value=0.00399323 0.0399848
internal_weight=25.4728 14.6788
internal_count=3831 570
is_linear=0
shrinkage=0.05


Tree=592
num_leaves=3
num_cat=0
split_feature=32 37
split_gain=13.9273 2.72949
threshold=-0.24843806083186923 1.0000000180025095e-35
decision_type=2 2
left_child=-1 -2
right_child=1 -3
leaf_value=-0.042213216755172922 0.044527758950458005 -0.017901333754830471
leaf_weight=10.377936452860014 10.454796433448788 1.1784217893145985
leaf_count=3274 269 288
internal_value=-6.42412e-05 0.0356663
internal_weight=22.0112 11.6332
internal_count=3831 557
is_linear=0
shrinkage=0.05


Tree=593
num_leaves=3
num_cat=0
split_feature=29 39
split_gain=13.275 3.19196
threshold=-0.2362056610700953 -0.40674368324995103
decision_type=2 2
left_child=-1 -2
right_child=1 -3
leaf_value=-0.041965648920157118 0.044636785033068165 -0.020910943618794642
leaf_weight=9.8921509673818964 10.567830484360455 1.3606561999768008
leaf_count=3285 276 270
internal_value=0 0.0346079
internal_weight=21.8206 11.9285
internal_count=3831 546
is_linear=0
shrinkage=0.05


Tree=594
num_leaves=3
num_cat=0
split_feature=14 11
split_gain=12.1593 2.34569
threshold=-0.19445728539780005 -0.029191818120419735
decision_type=2 2
left_child=-1 -2
right_child=1 -3
leaf_value=-0.041362966640742349 0.044638260796500004 -0.014955852547561672
leaf_weight=8.7530664794612694 9.5825135447084886 1.0252732252702106
leaf_count=3354 234 243
internal_value=0 0.0362137
internal_weight=19.3609 10.6078
internal_count=3831 477
is_linear=0
shrinkage=0.05


Tree=595
num_leaves=7
num_cat=0
split_feature=25 31 28 32 24 34
split_gain=3.85635 3.87703 1.13822 1.36003 1.61988 1.96754
threshold=-0.74803596974773778 -0.2452451829628742 -0.2362180797808642 -0.24843806083186923 -0.20897839553120795 -0.23121179449146803
decision_type=2 2 2 2 2 2
left_child=-1 2 3 4 5 -2
right_child=1 -3 -4 -5 -6 -7
leaf_value=-0.037524387706282067 0.044984425144492045 -0.033252651312525625 -0.011573532695303491 -0.011196888729533002 -0.010787407151653244 -0.010749164370105611
leaf_weight=4.8249353442806777 10.581148017197842 3.0790873509831718 0.87842896627262312 0.86369782616384405 0.84913310175761658 0.84779008501209396
leaf_count=1632 273 832 276 269 274 275
internal_value=0 0.0110346 0.0232928 0.0277947 0.0328248 0.0384771
internal_weight=21.9242 17.0993 14.0202 13.1418 12.2781 11.4289
internal_count=3831 2199 1367 1091 822 548
is_linear=0
shrinkage=0.05


Tree=596
num_leaves=3
num_cat=0
split_feature=21 37
split_gain=14.5237 2.44196
threshold=-0.24778315296193945 1.0000000180025095e-35
decision_type=2 2
left_child=-1 -2
right_child=1 -3
leaf_value=-0.042296872978976337 0.044355075159388753 -0.015722783808120068
leaf_weight=10.578851470025258 10.788482725620266 1.0581930510234094
leaf_count=3262 283 286
internal_value=0 0.0365444
internal_weight=22.4255 11.8467
internal_count=3831 569
is_linear=0
shrinkage=0.05


Tree=597
num_leaves=3
num_cat=0
split_feature=24 13
split_gain=14.0051 2.25556
threshold=-0.20897839553120795 0.3373267419610767
decision_type=2 2
left_child=-1 -2
right_child=1 -3
leaf_value=-0.042208327350855571 0.043896938278694723 -0.014456333825013309
leaf_weight=10.409704865422102 10.348365299403664 0.99702905234880823
leaf_count=3332 274 225
internal_value=-0.000265644 0.0362646
internal_weight=21.7551 11.3454
internal_count=3831 499
is_linear=0
shrinkage=0.05


Tree=598
num_leaves=5
num_cat=0
split_feature=11 42 0 6
split_gain=12.295 2.32396 1.3758 0.92527
threshold=0.39111280430925138 1.002943429886807 -1.4644296307348059 3.4497916402059494
decision_type=2 2 2 2
left_child=-1 2 -2 -4
right_child=1 -3 3 -5
leaf_value=-0.04178133506788851 -0.0040848325548420534 -0.017777232655612239 0.046974826180445906 0
leaf_weight=9.5274865825194883 0.56303637474775214 1.1411636336706568 10.493598408997055 0.36586395278573114
leaf_count=3295 6 196 263 71
internal_value=0 0.0318267 0.0394169 0.0439537
internal_weight=22.0911 12.5637 11.4225 10.8595
internal_count=3831 536 340 334
is_linear=0
shrinkage=0.05


Tree=599
num_leaves=3
num_cat=0
split_feature=34 28
split_gain=13.7271 2.71858
threshold=-0.23121179449146803 -0.23668272385439357
decision_type=2 2
left_child=-1 -2
right_child=1 -3
leaf_value=-0.042034527050175317 0.044464995133502279 -0.017793639856162332
leaf_weight=10.04203350050375 10.605377662926911 1.1758451494388271
leaf_count=3285 275 271
internal_value=0 0.0357441
internal_weight=21.8233 11.7812
internal_count=3831 546
is_linear=0
shrinkage=0.05


Tree=600
num_leaves=3
num_cat=0
split_feature=13 54
split_gain=13.9944 3.26498
threshold=0.18658008365256532 -0.61019242347065372
decision_type=2 2
left_child=-1 -2
right_child=1 -3
leaf_value=-0.041982344584944452 0.048138090115839458 -0.019610902629323228
leaf_weight=9.9401258360594529 9.8836320601403695 1.2831329319160421
leaf_count=3254 269 308
internal_value=0 0.0377036
internal_weight=21.1069 11.1668
internal_count=3831 577
is_linear=0
shrinkage=0.05


Tree=601
num_leaves=6
num_cat=0
split_feature=11 54 42 41 10
split_gain=12.0991 2.39132 1.38191 0.122248 0.0307236
threshold=0.71621590034713301 -0.72166332319269699 1.472268160469836 -0.42870068114435483 -1.4702049585844341
decision_type=2 2 2 2 2
left_child=2 -2 4 -4 -1
right_child=1 -3 3 -5 -6
leaf_value=0 0.0435923918187896 -0.015914448263671027 -0.0025626607753214464 0.015273704681940687 -0.043798591186076583
leaf_weight=0.56221491098403831 9.8178860582411271 1.073565003927796 0.5971992714330554 0.77917475253343471 9.8066549126524496
leaf_count=10 260 259 194 8 3100
internal_value=-0.000916267 0.0350911 -0.0364173 0 -0.0425678
internal_weight=22.6367 10.8915 11.7452 1.37637 10.3689
internal_count=3831 519 3312 202 3110
is_linear=0
shrinkage=0.05


Tree=602
num_leaves=2
num_cat=0
split_feature=9
split_gain=16.0478
threshold=-1.2850973392307055
decision_type=2
left_child=-1
right_child=-2
leaf_value=0.043393520885864401 -0.042269948411832736
leaf_weight=10.226304177194836 10.649872464826329
leaf_count=309 3522
internal_value=0
internal_weight=20.8762
internal_count=3831
is_linear=0
shrinkage=0.05


Tree=603
num_leaves=2
num_cat=0
split_feature=17
split_gain=14.3603
threshold=-0.23682318279820655
decision_type=2
left_child=-1
right_child=-2
leaf_value=-0.041799743716049859 0.04329338422267183
leaf_weight=9.5994035224430281 9.2395243868231756
leaf_count=3557 274
internal_value=0
internal_weight=18.8389
internal_count=3831
is_linear=0
shrinkage=0.05


Tree=604
num_leaves=3
num_cat=0
split_feature=31 37
split_gain=12.5359 2.48606
threshold=-0.22678979233387167 1.0000000180025095e-35
decision_type=2 2
left_child=-1 -2
right_child=1 -3
leaf_value=-0.04165919563725104 0.044238921219805105 -0.016360073049332787
leaf_weight=9.2843212711159158 9.7948930971324408 1.092910178005696
leaf_count=3298 269 264
internal_value=0 0.0355095
internal_weight=20.1721 10.8878
internal_count=3831 533
is_linear=0
shrinkage=0.05


Tree=605
num_leaves=3
num_cat=0
split_feature=21 14
split_gain=16.1912 2.03103
threshold=-0.25310059789262179 -0.22342537014154873
decision_type=2 2
left_child=-1 -2
right_child=1 -3
leaf_value=-0.041988235971394436 -0.010944820633400862 0.045199032974329006
leaf_weight=9.9597988834138977 0.85496187210082908 12.902175437659023
leaf_count=3253 283 295
internal_value=0.00420148 0.0396949
internal_weight=23.7169 13.7571
internal_count=3831 578
is_linear=0
shrinkage=0.05


Tree=606
num_leaves=9
num_cat=0
split_feature=13 25 7 31 26 41 42 13
split_gain=4.50181 3.537 1.58015 0.685269 0.49875 0.361588 0.0318347 0.0251192
threshold=-0.45435283664623499 -0.48357983889449735 -0.90332453077893637 0.55451898421370893 2.4485671425797402 -0.42870941115104594 0.25512975705573732 -0.42526087581764049
decision_type=2 2 2 2 2 2 2 2
left_child=1 -1 5 4 -3 6 -2 -4
right_child=2 3 7 -5 -6 -7 -8 -9
leaf_value=-0.027350927949980858 0 0.042095882993657012 0 0 0 -0.01655443938199971 0.015404442911181628 -0.039349346598756482
leaf_weight=2.0151334651745847 0.5746374891605236 7.8745701685547829 0.24447076278738666 0.3429375118575998 0.22739225043915201 1.0948526693973688 1.8029764497186986 6.1834508422762138
leaf_count=767 47 240 65 124 82 193 73 2240
internal_value=0 0.0211857 -0.0246808 0.0364439 0.0397526 0 0.0127379 -0.0385314
internal_weight=20.3604 10.46 9.90039 8.4449 8.10196 3.47247 2.37761 6.42792
internal_count=3831 1213 2618 446 322 313 120 2305
is_linear=0
shrinkage=0.05


Tree=607
num_leaves=3
num_cat=0
split_feature=28 13
split_gain=12.0182 2.92458
threshold=-0.2362180797808642 0.23662438553269713
decision_type=2 2
left_child=-1 -2
right_child=1 -3
leaf_value=-0.041579128473987009 0.044134674548078082 -0.019703664636825404
leaf_weight=9.1148244806099701 9.7900895364582521 1.2796256891451765
leaf_count=3285 276 270
internal_value=0 0.0340617
internal_weight=20.1845 11.0697
internal_count=3831 546
is_linear=0
shrinkage=0.05


Tree=608
num_leaves=3
num_cat=0
split_feature=14 13
split_gain=10.9775 2.15606
threshold=-0.19445728539780005 0.23662438553269713
decision_type=2 2
left_child=-1 -2
right_child=1 -3
leaf_value=-0.040937390722707523 0.044060694466046081 -0.013724818911392496
leaf_weight=8.0690619160886872 8.8731714934110606 0.96854435582645315
leaf_count=3354 234 243
internal_value=0 0.0355679
internal_weight=17.9108 9.84172
internal_count=3831 477
is_linear=0
shrinkage=0.05


Tree=609
num_leaves=3
num_cat=0
split_feature=26 13
split_gain=12.4064 2.83572
threshold=-0.24549254867395884 0.23662438553269713
decision_type=2 2
left_child=-1 -2
right_child=1 -3
leaf_value=-0.041702517271940825 0.04446974471048646 -0.018904394395560874
leaf_weight=9.3624533908441681 9.7827385328710061 1.2313389296177764
leaf_count=3270 273 288
internal_value=0 0.0347002
internal_weight=20.3765 11.0141
internal_count=3831 561
is_linear=0
shrinkage=0.05


Tree=610
num_leaves=3
num_cat=0
split_feature=21 13
split_gain=13.1394 2.24704
threshold=-0.24778315296193945 0.23662438553269713
decision_type=2 2
left_child=-1 -2
right_child=1 -3
leaf_value=-0.041930600637986377 0.043850680820162358 -0.014483322187187465
leaf_weight=9.7473613615147787 9.9712557457387412 0.99897718522697765
leaf_count=3262 283 286
internal_value=0 0.0359593
internal_weight=20.7176 10.9702
internal_count=3831 569
is_linear=0
shrinkage=0.05


Tree=611
num_leaves=3
num_cat=0
split_feature=24 13
split_gain=12.6832 2.08114
threshold=-0.20897839553120795 0.3373267419610767
decision_type=2 2
left_child=-1 -2
right_child=1 -3
leaf_value=-0.041837737274274547 0.043404138510195346 -0.013240065937736162
leaf_weight=9.5914763812907058 9.5824124589562381 0.94321127538569349
leaf_count=3332 274 225
internal_value=-0.000179187 0.0356905
internal_weight=20.1171 10.5256
internal_count=3831 499
is_linear=0
shrinkage=0.05


Tree=612
num_leaves=5
num_cat=0
split_feature=11 42 0 6
split_gain=11.0722 2.13067 1.3059 0.874603
threshold=0.39111280430925138 1.002943429886807 -1.4644296307348059 3.4497916402059494
decision_type=2 2 2 2
left_child=-1 2 -2 -4
right_child=1 -3 3 -5
leaf_value=-0.041381801919928934 -0.0032798753000074354 -0.016665646825224114 0.046477267281693449 0
leaf_weight=8.7776269898749906 0.54770106449723144 1.0833461331203569 9.7400380559265578 0.35137975541874844
leaf_count=3295 6 196 263 71
internal_value=0 0.0310622 0.0386965 0.0433824
internal_weight=20.5001 11.7225 10.6391 10.0914
internal_count=3831 536 340 334
is_linear=0
shrinkage=0.05


Tree=613
num_leaves=3
num_cat=0
split_feature=34 37
split_gain=12.4659 2.49922
threshold=-0.23121179449146803 1.0000000180025095e-35
decision_type=2 2
left_child=-1 -2
right_child=1 -3
leaf_value=-0.041652929208970707 0.043996897521971834 -0.016558058002516449
leaf_weight=9.2531607870478201 9.8582799546420539 1.1073843366466469
leaf_count=3285 275 271
internal_value=0 0.0352458
internal_weight=20.2188 10.9657
internal_count=3831 546
is_linear=0
shrinkage=0.05


Tree=614
num_leaves=3
num_cat=0
split_feature=54 14
split_gain=11.3968 4.41194
threshold=-0.68330777695260547 -0.22352134256940756
decision_type=2 2
left_child=1 -1
right_child=-2 -3
leaf_value=-0.025299013822124263 -0.041333048005839257 0.048313779488983931
leaf_weight=1.7583293290808821 8.6608509407378715 9.1074458081275207
leaf_count=589 2974 268
internal_value=0 0.0336131
internal_weight=19.5266 10.8658
internal_count=3831 857
is_linear=0
shrinkage=0.05


Tree=615
num_leaves=6
num_cat=0
split_feature=11 54 42 41 10
split_gain=10.9504 2.19637 1.3042 0.10062 0.0136137
threshold=0.71621590034713301 -0.72166332319269699 1.472268160469836 -0.42870068114435483 -1.4702049585844341
decision_type=2 2 2 2 2
left_child=2 -2 4 -4 -1
right_child=1 -3 3 -5 -6
leaf_value=0 0.043102480313232029 -0.014644466542054133 -0.0014188164241571923 0.014108252335181934 -0.043411070424270365
leaf_weight=0.55852177087217469 9.1050694659352285 1.0113947191275645 0.56948540057055652 0.75298552960157283 9.0559896857012081
leaf_count=10 260 259 194 8 3100
internal_value=-0.000851574 0.0345566 -0.0358681 0 -0.0421556
internal_weight=21.0534 10.1165 10.937 1.32247 9.61451
internal_count=3831 519 3312 202 3110
is_linear=0
shrinkage=0.05


Tree=616
num_leaves=2
num_cat=0
split_feature=9
split_gain=14.5869
threshold=-1.2850973392307055
decision_type=2
left_child=-1
right_child=-2
leaf_value=0.042926704597124068 -0.041908206221668097
leaf_weight=9.4600241146981734 9.813646662514655
leaf_count=309 3522
internal_value=0
internal_weight=19.2737
internal_count=3831
is_linear=0
shrinkage=0.05


Tree=617
num_leaves=2
num_cat=0
split_feature=17
split_gain=13.0334
threshold=-0.23682318279820655
decision_type=2
left_child=-1
right_child=-2
leaf_value=-0.041406713014565617 0.042775879244743555
leaf_weight=8.8489358397200721 8.5473204813897592
leaf_count=3557 274
internal_value=0
internal_weight=17.3963
internal_count=3831
is_linear=0
shrinkage=0.05


Tree=618
num_leaves=3
num_cat=0
split_feature=31 37
split_gain=11.3455 2.28596
threshold=-0.22678979233387167 1.0000000180025095e-35
decision_type=2 2
left_child=-1 -2
right_child=1 -3
leaf_value=-0.041256729063046144 0.043709854154955402 -0.015138853476837376
leaf_weight=8.5632181195542234 9.0789135750383103 1.0318024980369962
leaf_count=3298 269 264
internal_value=0 0.0349178
internal_weight=18.6739 10.1107
internal_count=3831 533
is_linear=0
shrinkage=0.05


Tree=619
num_leaves=3
num_cat=0
split_feature=24 14
split_gain=14.8641 1.84012
threshold=-0.2550829191234304 -0.22342537014154873
decision_type=2 2
left_child=-1 -2
right_child=1 -3
leaf_value=-0.041619220613985777 -0.0091334411197254283 0.044807630492750751
leaf_weight=9.2040972155518848 0.78991673327982326 12.087622927501796
leaf_count=3262 274 295
internal_value=0.00435589 0.0394123
internal_weight=22.0816 12.8775
internal_count=3831 569
is_linear=0
shrinkage=0.05


Tree=620
num_leaves=3
num_cat=0
split_feature=32 37
split_gain=11.5991 2.26574
threshold=-0.24843806083186923 1.0000000180025095e-35
decision_type=2 2
left_child=-1 -2
right_child=1 -3
leaf_value=-0.041516176684416317 0.043564370933209667 -0.015054571560324163
leaf_weight=8.9345750759821403 9.0129789970815146 1.0285438694991178
leaf_count=3274 269 288
internal_value=-1.39716e-05 0.0347592
internal_weight=18.9761 10.0415
internal_count=3831 557
is_linear=0
shrinkage=0.05


Tree=621
num_leaves=3
num_cat=0
split_feature=28 37
split_gain=10.8653 2.68022
threshold=-0.2362180797808642 1.0000000180025095e-35
decision_type=2 2
left_child=-1 -2
right_child=1 -3
leaf_value=-0.041171019662710535 0.043615342255118622 -0.018491869043352351
leaf_weight=8.4081567588727939 9.0573377124965155 1.2049620049074299
leaf_count=3285 276 270
internal_value=0 0.0334797
internal_weight=18.6705 10.2623
internal_count=3831 546
is_linear=0
shrinkage=0.05


Tree=622
num_leaves=3
num_cat=0
split_feature=14 13
split_gain=9.90589 1.98369
threshold=-0.19445728539780005 0.23662438553269713
decision_type=2 2
left_child=-1 -2
right_child=1 -3
leaf_value=-0.040488038960756367 0.043473195065128395 -0.012503656926798055
leaf_weight=7.4467991604469743 8.217562342062589 0.91625878028571683
leaf_count=3354 234 243
internal_value=0 0.0349053
internal_weight=16.5806 9.13382
internal_count=3831 477
is_linear=0
shrinkage=0.05


Tree=623
num_leaves=3
num_cat=0
split_feature=26 37
split_gain=11.2317 2.60259
threshold=-0.24549254867395884 1.0000000180025095e-35
decision_type=2 2
left_child=-1 -2
right_child=1 -3
leaf_value=-0.041302754770893353 0.043962098523414088 -0.017689471637120931
leaf_weight=8.6352671203203517 9.0630213543772662 1.1601583638694144
leaf_count=3270 273 288
internal_value=0 0.0341357
internal_weight=18.8584 10.2232
internal_count=3831 561
is_linear=0
shrinkage=0.05


Tree=624
num_leaves=3
num_cat=0
split_feature=21 13
split_gain=11.9135 2.07201
threshold=-0.24778315296193945 0.23662438553269713
decision_type=2 2
left_child=-1 -2
right_child=1 -3
leaf_value=-0.041544328029375965 0.043359974198446019 -0.013252152787505878
leaf_weight=8.9916587015613931 9.2486014924943412 0.94439390534535128
leaf_count=3262 283 286
internal_value=0 0.0354024
internal_weight=19.1847 10.193
internal_count=3831 569
is_linear=0
shrinkage=0.05


Tree=625
num_leaves=3
num_cat=0
split_feature=24 13
split_gain=11.4689 1.92115
threshold=-0.20897839553120795 0.3373267419610767
decision_type=2 2
left_child=-1 -2
right_child=1 -3
leaf_value=-0.041446098875438542 0.042890471763522744 -0.012034221251491051
leaf_weight=8.8470791922882217 8.8594279568642342 0.8935027632396676
leaf_count=3332 274 225
internal_value=-0.000143424 0.0350788
internal_weight=18.6 9.75293
internal_count=3831 499
is_linear=0
shrinkage=0.05


Tree=626
num_leaves=5
num_cat=0
split_feature=11 42 0 6
split_gain=9.97214 1.95465 1.24014 0.826458
threshold=0.39111280430925138 1.002943429886807 -1.4644296307348059 3.4497916402059494
decision_type=2 2 2 2
left_child=-1 2 -2 -4
right_child=1 -3 3 -5
leaf_value=-0.040959715638055567 -0.0024978033424620061 -0.015564060477337844 0.045967424017464009 0
leaf_weight=8.0958344242535549 0.53307703882455726 1.0298182242549945 9.0528554543852771 0.3375246627256282
leaf_count=3295 6 196 263 71
internal_value=0 0.0302913 0.0379668 0.0428018
internal_weight=19.0491 10.9533 9.92346 9.39038
internal_count=3831 536 340 334
is_linear=0
shrinkage=0.05


Tree=627
num_leaves=3
num_cat=0
split_feature=34 37
split_gain=11.2845 2.29714
threshold=-0.23121179449146803 1.0000000180025095e-35
decision_type=2 2
left_child=-1 -2
right_child=1 -3
leaf_value=-0.041249823488788709 0.043495804202307496 -0.015325523797855121
leaf_weight=8.5357020562514681 9.1287855394184554 1.0444033986423171
leaf_count=3285 275 271
internal_value=0 0.0346797
internal_weight=18.7089 10.1732
internal_count=3831 546
is_linear=0
shrinkage=0.05


Tree=628
num_leaves=3
num_cat=0
split_feature=54 26
split_gain=10.348 4.07462
threshold=-0.68330777695260547 -0.24909062319016764
decision_type=2 2
left_child=1 -1
right_child=-2 -3
leaf_value=-0.024272466278856448 -0.040901151832506227 0.04800534322137754
leaf_weight=1.6552642940077955 7.9850154260639092 8.4355741795152408
leaf_count=589 2974 268
internal_value=0 0.0332024
internal_weight=18.0759 10.0908
internal_count=3831 857
is_linear=0
shrinkage=0.05


Tree=629
num_leaves=5
num_cat=0
split_feature=11 54 42 41
split_gain=9.92309 2.02088 1.23451 0.0836398
threshold=0.71621590034713301 -0.72166332319269699 1.472268160469836 -0.42870068114435483
decision_type=2 2 2 2
left_child=2 -2 -1 -4
right_child=1 -3 3 -5
leaf_value=-0.041729879001605422 0.042616174139332025 -0.013381250004988368 -0.00028864781445116412 0.013038847392692652
leaf_weight=8.9269571686163562 8.4647024292498809 0.95420919056050379 0.54343752260319889 0.72940212860703357
leaf_count=3110 260 259 194 8
internal_value=-0.000749293 0.0340342 -0.0352957 0
internal_weight=19.6187 9.41891 10.1998 1.27284
internal_count=3831 519 3312 202
is_linear=0
shrinkage=0.05


Tree=630
num_leaves=2
num_cat=0
split_feature=9
split_gain=12.8629
threshold=-1.2850973392307055
decision_type=2
left_child=-1
right_child=-2
leaf_value=0.042304225562140835 -0.041409536265798047
leaf_weight=8.5079478733241576 8.8519780540373159
leaf_count=300 3468
internal_value=0
internal_weight=17.3599
internal_count=3768
is_linear=0
shrinkage=0.05


Tree=631
num_leaves=2
num_cat=0
split_feature=17
split_gain=11.7521
threshold=-0.23682318279820655
decision_type=2
left_child=-1
right_child=-2
leaf_value=-0.04084730889284581 0.042318548869034578
leaf_weight=7.9573348651174465 8.026095522567628
leaf_count=3490 278
internal_value=0
internal_weight=15.9834
internal_count=3768
is_linear=0
shrinkage=0.05


Tree=632
num_leaves=3
num_cat=0
split_feature=31 13
split_gain=9.51628 2.08317
threshold=-0.22678979233387167 0.23662438553269713
decision_type=2 2
left_child=-1 -2
right_child=1 -3
leaf_value=-0.040720416388631268 0.042629281121069784 -0.014302152263466312
leaf_weight=7.7570338700898018 7.7564111389219743 0.99135517585091282
leaf_count=3260 252 256
internal_value=-0.000329 0.0330496
internal_weight=16.5048 8.74777
internal_count=3768 508
is_linear=0
shrinkage=0.05


Tree=633
num_leaves=4
num_cat=0
split_feature=31 13 6
split_gain=13.323 1.50484 0.0951349
threshold=-0.24430418613873581 0.15097160152772646 -1.3906648075652643
decision_type=2 2 2
left_child=2 -2 -1
right_child=1 -3 -4
leaf_value=0 -0.0049160866066313615 0.044442778756153427 -0.041123989995559967
leaf_weight=0.087775015039368465 0.65889904485084017 11.000656314194201 8.3563069873489457
leaf_count=12 252 282 3222
internal_value=0.00448146 0.03951 -0.0405955
internal_weight=20.1036 11.6596 8.44408
internal_count=3768 534 3234
is_linear=0
shrinkage=0.05


Tree=634
num_leaves=3
num_cat=0
split_feature=32 13
split_gain=10.335 2.14776
threshold=-0.24843806083186923 0.23662438553269713
decision_type=2 2
left_child=-1 -2
right_child=1 -3
leaf_value=-0.040949874590033623 0.043104890735381735 -0.014412469870198567
leaf_weight=8.0249524207320082 8.4345022644847596 0.99623749544844109
leaf_count=3220 270 278
internal_value=0 0.0340917
internal_weight=17.4557 9.43074
internal_count=3768 548
is_linear=0
shrinkage=0.05


Tree=635
num_leaves=5
num_cat=0
split_feature=28 11 7 28
split_gain=9.8051 1.03837 0.665976 0.0428806
threshold=-0.11116261608311243 0.26146111498592245 -1.1004274910894456 -0.16151443491326142
decision_type=2 2 2 2
left_child=2 -2 -1 -4
right_child=1 -3 3 -5
leaf_value=0 0.042105495193093347 0 -0.040717417308915482 0
leaf_weight=0.64888316695578296 8.0721068885177338 0.48655860614962954 7.7535106600262242 0.29314977047033597
leaf_count=59 279 67 3293 70
internal_value=0 0.0372972 -0.0359909 -0.039856
internal_weight=17.2542 8.55867 8.69554 8.04666
internal_count=3768 346 3422 3363
is_linear=0
shrinkage=0.05


Tree=636
num_leaves=3
num_cat=0
split_feature=14 13
split_gain=8.53152 1.77612
threshold=-0.19445728539780005 0.23662438553269713
decision_type=2 2
left_child=-1 -2
right_child=1 -3
leaf_value=-0.039883038383878189 0.042629682709773159 -0.010973129701033039
leaf_weight=6.7427952254656711 7.2505978830158693 0.85550152976065863
leaf_count=3310 223 235
internal_value=0 0.0337588
internal_weight=14.8489 8.1061
internal_count=3768 458
is_linear=0
shrinkage=0.05


Tree=637
num_leaves=3
num_cat=0
split_feature=26 37
split_gain=9.77171 2.27729
threshold=-0.24549254867395884 1.0000000180025095e-35
decision_type=2 2
left_child=-1 -2
right_child=1 -3
leaf_value=-0.040758896137387868 0.043212800223298292 -0.015742150931049675
leaf_weight=7.8066336112096932 8.0345808845013345 1.0566822937689728
leaf_count=3227 263 278
internal_value=0 0.0332905
internal_weight=16.8979 9.09126
internal_count=3768 541
is_linear=0
shrinkage=0.05


Tree=638
num_leaves=5
num_cat=0
split_feature=39 44 7 7
split_gain=8.60582 1.29571 0.385642 0.339608
threshold=-0.21850522894733479 0.43488250302248771 4.1836750625051389 -1.1004274910894456
decision_type=2 2 2 2
left_child=3 2 -2 -1
right_child=1 -3 -4 -5
leaf_value=0 0.039045869796883147 -0.0073025816781215171 0 -0.040362523512083033
leaf_weight=0.75510858884081233 8.5915557777043379 0.73029472585767585 0.19253142992965955 7.2590641928836721
leaf_count=54 407 298 71 2938
internal_value=0 0.0311594 0.0372709 -0.0372146
internal_weight=17.5286 9.51438 8.78409 8.01417
internal_count=3768 776 478 2992
is_linear=0
shrinkage=0.05


Tree=639
num_leaves=3
num_cat=0
split_feature=24 14
split_gain=10.0023 2.0904
threshold=-0.23411998404593962 -0.20676689360969613
decision_type=2 2
left_child=-1 -2
right_child=1 -3
leaf_value=-0.040796630074799861 0.043261499161767317 -0.013864796473947128
leaf_weight=7.8454807826783535 8.0806717444211209 0.97013129037804979
leaf_count=3253 259 256
internal_value=0 0.0341154
internal_weight=16.8963 9.0508
internal_count=3768 515
is_linear=0
shrinkage=0.05


Tree=640
num_leaves=5
num_cat=0
split_feature=11 12 4 47
split_gain=8.08082 1.73263 1.03663 0.518405
threshold=0.39111280430925138 -0.30213978816442666 -1.3669599514193658 0.1482423099913078
decision_type=2 2 2 2
left_child=-1 -2 -3 -4
right_child=1 2 3 -5
leaf_value=-0.040379702342264595 -0.014938688973644566 0 0.043438708963335071 0
leaf_weight=7.3113137705950093 1.0072212382219721 0.48072577128186722 7.6435290593653908 0.31798533513210703
leaf_count=3241 226 12 248 41
internal_value=-0.00101691 0.0274252 0.0358279 0.040778
internal_weight=16.7608 9.44946 8.44224 7.96151
internal_count=3768 527 301 289
is_linear=0
shrinkage=0.05


Tree=641
num_leaves=3
num_cat=0
split_feature=34 26
split_gain=9.9802 2.02046
threshold=-0.23121179449146803 -0.23407628368127484
decision_type=2 2
left_child=-1 -2
right_child=1 -3
leaf_value=-0.040682115044572684 0.042820491223176979 -0.013286080761958278
leaf_weight=7.6922906732652363 8.3280899263918364 0.95014627394266504
leaf_count=3232 274 262
internal_value=0 0.0341326
internal_weight=16.9705 9.27824
internal_count=3768 536
is_linear=0
shrinkage=0.05


Tree=642
num_leaves=3
num_cat=0
split_feature=13 14
split_gain=10.7971 1.92262
threshold=0.3373267419610767 -0.2211673581285418
decision_type=2 2
left_child=-1 -2
right_child=1 -3
leaf_value=-0.040781027811035597 0.046027162890160511 -0.010229182539939827
leaf_weight=7.8186159962788251 7.9143775179982168 0.8271476444788276
leaf_count=3225 274 269
internal_value=0 0.0377334
internal_weight=16.5601 8.74153
internal_count=3768 543
is_linear=0
shrinkage=0.05


Tree=643
num_leaves=5
num_cat=0
split_feature=11 54 42 11
split_gain=9.59834 1.79238 0.890818 0.0152658
threshold=0.71621590034713301 -0.72166332319269699 1.472268160469836 0.36516487357309785
decision_type=2 2 2 2
left_child=2 -2 -1 -4
right_child=1 -3 3 -5
leaf_value=-0.043269430469210286 0.042265860314247367 -0.011119889273466882 -0.00079564963961994105 0.0059837361045582361
leaf_weight=7.6122852250700834 8.0911606177687627 0.86173111223615606 0.55497047770768382 0.54724346473813057
leaf_count=3046 267 248 201 6
internal_value=0 0.0341663 -0.0375047 0
internal_weight=17.6674 8.95289 8.7145 1.10221
internal_count=3768 515 3253 207
is_linear=0
shrinkage=0.05


Tree=644
num_leaves=2
num_cat=0
split_feature=9
split_gain=11.6783
threshold=-1.2850973392307055
decision_type=2
left_child=-1
right_child=-2
leaf_value=0.04179756804577732 -0.040993781252065681
leaf_weight=7.8731249831616905 8.1687137174885702
leaf_count=300 3468
internal_value=0
internal_weight=16.0418
internal_count=3768
is_linear=0
shrinkage=0.05


Tree=645
num_leaves=2
num_cat=0
split_feature=17
split_gain=10.6735
threshold=-0.23682318279820655
decision_type=2
left_child=-1
right_child=-2
leaf_value=-0.040395414027491944 0.041793710646315534
leaf_weight=7.3467158270068467 7.4460306372493505
leaf_count=3490 278
internal_value=0
internal_weight=14.7927
internal_count=3768
is_linear=0
shrinkage=0.05


Tree=646
num_leaves=3
num_cat=0
split_feature=31 13
split_gain=8.60305 1.91618
threshold=-0.22678979233387167 0.23662438553269713
decision_type=2 2
left_child=-1 -2
right_child=1 -3
leaf_value=-0.040260517676346204 0.042062308270787725 -0.013091724693511685
leaf_weight=7.1649030909175062 7.2028764076530916 0.93812133721075941
leaf_count=3260 252 256
internal_value=-0.000216355 0.0324237
internal_weight=15.3059 8.141
internal_count=3768 508
is_linear=0
shrinkage=0.05


Tree=647
num_leaves=4
num_cat=0
split_feature=17 17 6
split_gain=12.2066 1.40813 0.090996
threshold=-0.24134707303949929 -0.23682318279820655 -1.3906648075652643
decision_type=2 2 2
left_child=2 -2 -1
right_child=1 -3 -4
leaf_value=0 0.044059554693956338 -0.0036921320920135846 -0.040695168086385826
leaf_weight=0.084922856884077969 10.350481778383251 0.62652288866229433 7.7185593149624783
leaf_count=12 282 278 3196
internal_value=0.00469647 0.0391137 -0.0401468
internal_weight=18.7805 10.977 7.80348
internal_count=3768 560 3208
is_linear=0
shrinkage=0.05


Tree=648
num_leaves=3
num_cat=0
split_feature=32 13
split_gain=9.33732 1.97702
threshold=-0.24843806083186923 0.23662438553269713
decision_type=2 2
left_child=-1 -2
right_child=1 -3
leaf_value=-0.040503475458432581 0.042556489932253416 -0.013204313054822525
leaf_weight=7.4145982525078606 7.8101608250290138 0.94276448199525464
leaf_count=3220 270 278
internal_value=0 0.0334597
internal_weight=16.1675 8.75293
internal_count=3768 548
is_linear=0
shrinkage=0.05


Tree=649
num_leaves=5
num_cat=0
split_feature=28 11 2 28
split_gain=8.81009 0.979128 0.565917 0.0393537
threshold=-0.11116261608311243 0.26146111498592245 -1.4877213058726602 -0.16151443491326142
decision_type=2 2 2 2
left_child=2 -2 -1 -4
right_child=1 -3 3 -5
leaf_value=0 0.04156652828529666 0 -0.040178749803307233 0
leaf_weight=0.71741020143963474 7.4631464462727299 0.46827499079518009 7.0744565990753481 0.28183688782155503
leaf_count=74 279 67 3278 70
internal_value=0 0.0366264 -0.035351 -0.0392924
internal_weight=16.0051 7.93142 8.0737 7.35629
internal_count=3768 346 3422 3348
is_linear=0
shrinkage=0.05


Tree=650
num_leaves=3
num_cat=0
split_feature=14 13
split_gain=7.70989 1.63874
threshold=-0.19445728539780005 0.23662438553269713
decision_type=2 2
left_child=-1 -2
right_child=1 -3
leaf_value=-0.039372280767049454 0.042027847985138131 -0.0097783737210008978
leaf_weight=6.2334953086683527 6.7511713411659002 0.81173029332421709
leaf_count=3310 223 235
internal_value=0 0.0331053
internal_weight=13.7964 7.5629
internal_count=3768 458
is_linear=0
shrinkage=0.05


Tree=651
num_leaves=3
num_cat=0
split_feature=26 13
split_gain=8.8205 2.0913
threshold=-0.24549254867395884 0.23662438553269713
decision_type=2 2
left_child=-1 -2
right_child=1 -3
leaf_value=-0.040301435733162146 0.042644684018578682 -0.014526334014618204
leaf_weight=7.2109257801203066 7.4398189019411785 0.99874574574641872
leaf_count=3227 263 278
internal_value=0 0.0326473
internal_weight=15.6495 8.43856
internal_count=3768 541
is_linear=0
shrinkage=0.05


Tree=652
num_leaves=4
num_cat=0
split_feature=21 21 41
split_gain=9.91342 0.75726 0.0769739
threshold=-0.060684639219044885 -0.24778315296193945 -0.42870068114435483
decision_type=2 2 2
left_child=1 -1 -3
right_child=-2 2 -4
leaf_value=-0.040622817022006819 0.041366222009345616 0.008683490823930478 -0.009073528905087825
leaf_weight=7.5672703337622824 7.3098722174763671 0.6491633728146553 0.78489921661093809
leaf_count=3206 280 7 275
internal_value=0 -0.0346683 0
internal_weight=16.3112 9.00133 1.43406
internal_count=3768 3488 282
is_linear=0
shrinkage=0.05


Tree=653
num_leaves=3
num_cat=0
split_feature=24 14
split_gain=9.03384 1.92499
threshold=-0.23411998404593962 -0.20676689360969613
decision_type=2 2
left_child=-1 -2
right_child=1 -3
leaf_value=-0.040342656076567736 0.042700469377175782 -0.012659493910886631
leaf_weight=7.248583179200069 7.4846579488366825 0.9186561454553156
leaf_count=3253 259 256
internal_value=0 0.0334695
internal_weight=15.6519 8.40331
internal_count=3768 515
is_linear=0
shrinkage=0.05


Tree=654
num_leaves=5
num_cat=0
split_feature=11 42 0 6
split_gain=7.25287 1.51051 0.890533 0.705721
threshold=0.39111280430925138 1.002943429886807 -1.4352615262621236 3.4497916402059494
decision_type=2 2 2 2
left_child=-1 2 -2 -4
right_child=1 -3 3 -5
leaf_value=-0.03989620868450678 0 -0.01313771384139221 0.042918641653245639 0
leaf_weight=6.7530605637002745 0.42911670729517926 0.92346607567742456 7.1680462267249805 0.31878259195946146
leaf_count=3241 5 198 250 74
internal_value=-0.000996197 0.0265904 0.0347007 0.0393394
internal_weight=15.5925 8.83941 7.91595 7.48683
internal_count=3768 527 329 324
is_linear=0
shrinkage=0.05


Tree=655
num_leaves=3
num_cat=0
split_feature=34 29
split_gain=9.01845 1.8616
threshold=-0.23121179449146803 -0.2362056610700953
decision_type=2 2
left_child=-1 -2
right_child=1 -3
leaf_value=-0.040220196484187822 0.042289527120759576 -0.012068697645429673
leaf_weight=7.1068097685929397 7.7146266233175975 0.89923190162517119
leaf_count=3232 274 262
internal_value=0 0.033521
internal_weight=15.7207 8.61386
internal_count=3768 536
is_linear=0
shrinkage=0.05


Tree=656
num_leaves=3
num_cat=0
split_feature=13 14
split_gain=9.80674 1.79047
threshold=0.3373267419610767 -0.2211673581285418
decision_type=2 2
left_child=-1 -2
right_child=1 -3
leaf_value=-0.040325935779819383 0.045657584684457714 -0.0090377061475534985
leaf_weight=7.2246077046729633 7.3318741917610151 0.78531171544454981
leaf_count=3225 274 269
internal_value=0 0.0372474
internal_weight=15.3418 8.11719
internal_count=3768 543
is_linear=0
shrinkage=0.05


Tree=657
num_leaves=5
num_cat=0
split_feature=11 54 42 11
split_gain=8.67361 1.65897 0.851751 0.0108496
threshold=0.71621590034713301 -0.72166332319269699 1.472268160469836 0.36516487357309785
decision_type=2 2 2 2
left_child=2 -2 -1 -4
right_child=1 -3 3 -5
leaf_value=-0.042852299019413349 0.041750231102503733 -0.0099453955992484903 0 0.0051214390412197908
leaf_weight=7.0499612921848911 7.5124065205454826 0.81825313321314563 0.53094493993557967 0.53411779925227165
leaf_count=3046 267 248 201 6
internal_value=0 0.0335659 -0.036907 0
internal_weight=16.4457 8.33066 8.11502 1.06506
internal_count=3768 515 3253 207
is_linear=0
shrinkage=0.05


Tree=658
num_leaves=2
num_cat=0
split_feature=9
split_gain=10.5941
threshold=-1.2850973392307055
decision_type=2
left_child=-1
right_child=-2
leaf_value=0.041269722000277335 -0.040552106333772042
leaf_weight=7.2851138040423393 7.5425428809830919
leaf_count=300 3468
internal_value=0
internal_weight=14.8277
internal_count=3768
is_linear=0
shrinkage=0.05


Tree=659
num_leaves=2
num_cat=0
split_feature=17
split_gain=9.68895
threshold=-0.23682318279820655
decision_type=2
left_child=-1
right_child=-2
leaf_value=-0.039915976172894427 0.041251374682830522
leaf_weight=6.7871283427812159 6.9114593137055635
leaf_count=3490 278
internal_value=0
internal_weight=13.6986
internal_count=3768
is_linear=0
shrinkage=0.05


Tree=660
num_leaves=3
num_cat=0
split_feature=31 13
split_gain=7.75587 1.76201
threshold=-0.22678979233387167 0.23662438553269713
decision_type=2 2
left_child=-1 -2
right_child=1 -3
leaf_value=-0.039773198230969663 0.041460999945811344 -0.011890092680019445
leaf_weight=6.6222749970620498 6.6738534867763519 0.88886582502163936
leaf_count=3260 252 256
internal_value=-0.000160317 0.0317413
internal_weight=14.185 7.56272
internal_count=3768 508
is_linear=0
shrinkage=0.05


Tree=661
num_leaves=3
num_cat=0
split_feature=34 14
split_gain=11.2705 1.39017
threshold=-0.25418381851398736 -0.22342537014154873
decision_type=2 2
left_child=-1 -2
right_child=1 -3
leaf_value=-0.040236740790263299 -0.0037296601618081963 0.043715531033932109
leaf_weight=7.1337506592972231 0.62756321998312969 9.8205720894038659
leaf_count=3211 274 283
internal_value=0.00496666 0.0385421
internal_weight=17.5819 10.4481
internal_count=3768 557
is_linear=0
shrinkage=0.05


Tree=662
num_leaves=3
num_cat=0
split_feature=32 13
split_gain=8.42739 1.82064
threshold=-0.24843806083186923 0.23662438553269713
decision_type=2 2
left_child=-1 -2
right_child=1 -3
leaf_value=-0.040030480042749873 0.041986495638266452 -0.012004270225888521
leaf_weight=6.8550248119281614 7.2336171548813564 0.89326578425243486
leaf_count=3220 270 278
internal_value=0 0.0328024
internal_weight=14.9819 8.12688
internal_count=3768 548
is_linear=0
shrinkage=0.05


Tree=663
num_leaves=3
num_cat=0
split_feature=28 13
split_gain=7.93548 2.16792
threshold=-0.2362180797808642 0.23662438553269713
decision_type=2 2
left_child=-1 -2
right_child=1 -3
leaf_value=-0.039636866068277127 0.042149626691382655 -0.015687379224044819
leaf_weight=6.4745562803000221 7.3348498437553626 1.0505130710080264
leaf_count=3224 282 262
internal_value=0 0.0316152
internal_weight=14.8599 8.38536
internal_count=3768 544
is_linear=0
shrinkage=0.05


Tree=664
num_leaves=3
num_cat=0
split_feature=14 11
split_gain=6.93812 1.51101
threshold=-0.19445728539780005 -0.050058916823164178
decision_type=2 2
left_child=-1 -2
right_child=1 -3
leaf_value=-0.038832046568159383 0.041383522840445358 -0.0085989165945200181
leaf_weight=5.7665442085126415 6.2612865660339594 0.77118832361884404
leaf_count=3310 223 235
internal_value=0 0.0323765
internal_weight=12.799 7.03247
internal_count=3768 458
is_linear=0
shrinkage=0.05


Tree=665
num_leaves=3
num_cat=0
split_feature=26 14
split_gain=7.95567 1.92149
threshold=-0.24549254867395884 -0.2208304265381375
decision_type=2 2
left_child=-1 -2
right_child=1 -3
leaf_value=-0.039816748093509297 0.042058740821797613 -0.013316304332166127
leaf_weight=6.6650245112832636 6.8927911054342985 0.94516011327505101
leaf_count=3227 263 278
internal_value=0 0.0319848
internal_weight=14.503 7.83795
internal_count=3768 541
is_linear=0
shrinkage=0.05


Tree=666
num_leaves=4
num_cat=0
split_feature=21 7 21
split_gain=8.95586 0.721891 0.0173014
threshold=-0.060684639219044885 -1.0656357191958052 -0.24778315296193945
decision_type=2 2 2
left_child=1 2 -1
right_child=-2 -3 -4
leaf_value=-0.0046210357622338384 0.040807667032944937 -0.040115823953877749 0.0039582984357688705
leaf_weight=0.64012206415645667 6.7617838270962247 7.0198681263718745 0.70673402771353722
leaf_count=87 280 3391 10
internal_value=0 -0.0340777 0
internal_weight=15.1285 8.36672 1.34686
internal_count=3768 3488 97
is_linear=0
shrinkage=0.05


Tree=667
num_leaves=3
num_cat=0
split_feature=24 14
split_gain=8.15177 1.77343
threshold=-0.23411998404593962 -0.20676689360969613
decision_type=2 2
left_child=-1 -2
right_child=1 -3
leaf_value=-0.039862052300980472 0.042115917567454149 -0.01146381589695299
leaf_weight=6.7017651842907071 6.9358473010361195 0.87099370197392989
leaf_count=3253 259 256
internal_value=0 0.0327984
internal_weight=14.5086 7.80684
internal_count=3768 515
is_linear=0
shrinkage=0.05


Tree=668
num_leaves=5
num_cat=0
split_feature=11 12 4 44
split_gain=6.49937 1.43947 0.944244 0.524154
threshold=0.39111280430925138 -0.30213978816442666 -1.3669599514193658 1.6165789053405393
decision_type=2 2 2 2
left_child=-1 -2 -3 -4
right_child=1 2 3 -5
leaf_value=-0.039384200465122046 -0.012702041641675913 0 0.042341710648784676 0
leaf_weight=6.2416421896778056 0.91113995714113105 0.46177608752623189 6.6663200911134464 0.23614808986894775
leaf_count=3241 226 12 250 39
internal_value=-0.000985181 0.0257219 0.0341602 0.0394792
internal_weight=14.517 8.27538 7.36424 6.90247
internal_count=3768 527 301 289
is_linear=0
shrinkage=0.05


Tree=669
num_leaves=3
num_cat=0
split_feature=34 26
split_gain=8.14357 1.71664
threshold=-0.23121179449146803 -0.23407628368127484
decision_type=2 2
left_child=-1 -2
right_child=1 -3
leaf_value=-0.039730963181425175 0.041742926724957385 -0.010862278431486074
leaf_weight=6.570240523549729 7.1501964442431909 0.85216262890025962
leaf_count=3232 274 262
internal_value=0 0.0328913
internal_weight=14.5726 8.00236
internal_count=3768 536
is_linear=0
shrinkage=0.05


Tree=670
num_leaves=3
num_cat=0
split_feature=13 14
split_gain=8.90314 1.66909
threshold=0.3373267419610767 -0.2211673581285418
decision_type=2 2
left_child=-1 -2
right_child=1 -3
leaf_value=-0.039844103515811712 0.04526819891101666 -0.0078627838966534597
leaf_weight=6.6802460200851783 6.7976847346872091 0.74654187052510668
leaf_count=3225 274 269
internal_value=0 0.0367409
internal_weight=14.2245 7.54423
internal_count=3768 543
is_linear=0
shrinkage=0.05


Tree=671
num_leaves=4
num_cat=0
split_feature=11 54 44
split_gain=7.83572 1.53686 0.810377
threshold=0.71621590034713301 -0.72166332319269699 1.6190191988194005
decision_type=2 2 2
left_child=2 -2 -1
right_child=1 -3 -4
leaf_value=-0.042402337264572723 0.041223647481965074 -0.0087815378321144388 0
leaf_weight=6.5322317971149459 6.9822256006300449 0.77780794980935741 1.0312019987031815
leaf_count=3045 267 248 208
internal_value=0 0.0329567 -0.0362874
internal_weight=15.3235 7.76003 7.56343
internal_count=3768 515 3253
is_linear=0
shrinkage=0.05


Tree=672
num_leaves=2
num_cat=0
split_feature=9
split_gain=9.60642
threshold=-1.2850973392307055
decision_type=2
left_child=-1
right_child=-2
leaf_value=0.040724458878687073 -0.040082871601624707
leaf_weight=6.7460321038961411 6.968178533599712
leaf_count=300 3468
internal_value=0
internal_weight=13.7142
internal_count=3768
is_linear=0
shrinkage=0.05


Tree=673
num_leaves=8
num_cat=0
split_feature=7 44 10 5 2 42 10
split_gain=3.93342 1.38582 0.354425 0.32242 0.242128 0.173567 0.0249046
threshold=0.87379107129892331 0.43488250302248771 0.31265483644959041 -0.58153371421668476 -1.506128927851387 1.4720803849749828 -1.345701890043153
decision_type=2 2 2 2 2 2 2
left_child=1 4 -2 5 -1 6 -3
right_child=2 3 -4 -5 -6 -7 -8
leaf_value=0 0 0 0.037851471492103668 -0.0094896610556719357 -0.037485420048692035 0 0.023347661662308859
leaf_weight=0.36159503483213473 0.18858749931678165 0.0233076219446956 4.5835719015449286 0.80364782898686815 4.8392665371065959 0.19473951763939101 1.6800643677124756
leaf_count=60 114 7 205 481 2721 93 87
internal_value=0 -0.0202224 0.0348342 0.00105307 -0.0347829 0.0169896 0.0226073
internal_weight=12.6748 7.90262 4.77216 2.70176 5.20086 1.89811 1.70337
internal_count=3768 3449 319 668 2781 187 94
is_linear=0
shrinkage=0.05


Tree=674
num_leaves=3
num_cat=0
split_feature=31 13
split_gain=6.98576 1.62161
threshold=-0.22678979233387167 0.23662438553269713
decision_type=2 2
left_child=-1 -2
right_child=1 -3
leaf_value=-0.039256447886605317 0.04084356735639548 -0.010704141489909582
leaf_weight=6.1241517618764192 6.1876618191599846 0.84341839491389681
leaf_count=3260 252 256
internal_value=-9.32128e-05 0.0310404
internal_weight=13.1552 7.03108
internal_count=3768 508
is_linear=0
shrinkage=0.05


Tree=675
num_leaves=4
num_cat=0
split_feature=26 14 6
split_gain=10.3557 1.18104 0.078901
threshold=-0.24806915564393919 -0.22342537014154873 -1.3906648075652643
decision_type=2 2 2
left_child=2 -2 -1
right_child=1 -3 -4
leaf_value=0 -6.812489068060101e-05 0.043306687181453946 -0.039777157745436241
leaf_weight=0.076086287619546833 0.53823733807075669 9.2131882123649103 6.6286078270059097
leaf_count=12 263 282 3211
internal_value=0.00519069 0.0385873 -0.0392191
internal_weight=16.4561 9.75143 6.70469
internal_count=3768 545 3223
is_linear=0
shrinkage=0.05


Tree=676
num_leaves=9
num_cat=0
split_feature=13 25 7 31 26 41 42 41
split_gain=2.51993 2.04599 0.989574 0.417644 0.313457 0.135452 0.0220246 0.0385107
threshold=-0.44917316246442912 -0.52907957153334773 -0.82648345680508151 0.55451898421370893 2.09874263191137 -0.42870942650188598 0.25512975705573732 -0.42870988278479405
decision_type=2 2 2 2 2 2 2 2
left_child=1 -1 5 4 -3 6 -2 -8
right_child=2 3 -4 -5 -6 -7 7 -9
leaf_value=-0.020817286192278732 0 0.039114808424720759 -0.036007172295322201 0 0 -0.010768187398434166 0 0.014387044428293114
leaf_weight=1.3783730057766659 0.49654631630983237 5.3586976621299982 4.080611294368282 0.23031406407244492 0.15746360621415068 0.84339481871575106 0.23329045285936434 1.1145771492738274
leaf_count=777 62 242 2168 120 82 234 34 49
internal_value=0 0.0192821 -0.0218336 0.0337992 0.0368737 0 0.00883162 0.011347
internal_weight=13.8933 7.12485 6.76842 5.74648 5.51616 2.68781 1.84441 1.34787
internal_count=3768 1221 2547 444 324 379 145 83
is_linear=0
shrinkage=0.05


Tree=677
num_leaves=3
num_cat=0
split_feature=28 13
split_gain=7.15145 1.99038
threshold=-0.2362180797808642 0.23662438553269713
decision_type=2 2
left_child=-1 -2
right_child=1 -3
leaf_value=-0.039112462754413851 0.041576439567423996 -0.01448291494726657
leaf_weight=5.9896007941570133 6.796967189759016 0.99379168427549291
leaf_count=3224 282 262
internal_value=0 0.0309679
internal_weight=13.7804 7.79076
internal_count=3768 544
is_linear=0
shrinkage=0.05


Tree=678
num_leaves=3
num_cat=0
split_feature=14 11
split_gain=6.23733 1.39454
threshold=-0.19445728539780005 -0.050058916823164178
decision_type=2 2
left_child=-1 -2
right_child=1 -3
leaf_value=-0.038260999681129407 0.040723233284756577 -0.0074405363292198365
leaf_weight=5.3380253803916276 5.8103996515274048 0.73372270632535208
leaf_count=3310 223 235
internal_value=0 0.0316293
internal_weight=11.8821 6.54412
internal_count=3768 458
is_linear=0
shrinkage=0.05


Tree=679
num_leaves=7
num_cat=0
split_feature=25 28 32 24 34 31
split_gain=1.75305 1.92009 0.586179 0.710957 0.869016 1.06298
threshold=-0.74803596974773778 -0.25069285368663585 -0.24843806083186923 -0.23411998404593962 -0.23121179449146803 -0.22678979233387167
decision_type=2 2 2 2 2 2
left_child=-1 2 3 4 5 -2
right_child=1 -3 -4 -5 -6 -7
leaf_value=-0.032433280781569249 0.041454239233000435 -0.027093246294908953 -0.0010426375520397604 -0.00026339835162882889 0 0
leaf_weight=2.9232762251049289 6.3902028575539571 1.9698348168749351 0.56061813374981273 0.54241631960030634 0.53476322733331461 0.52861610485706467
leaf_count=1611 263 839 270 259 274 252
internal_value=0 0.00841942 0.0203997 0.0248185 0.0296888 0.0351824
internal_weight=13.4497 10.5265 8.55662 7.996 7.45358 6.91882
internal_count=3768 2157 1318 1048 789 515
is_linear=0
shrinkage=0.05


Tree=680
num_leaves=4
num_cat=0
split_feature=21 21 41
split_gain=8.08597 0.691305 0.0371935
threshold=-0.060684639219044885 -0.24778315296193945 -0.42870068114435483
decision_type=2 2 2
left_child=1 -1 -3
right_child=-2 2 -4
leaf_value=-0.039684141690287326 0.040229720349792615 0.0066305144462001408 -0.0061007956577209879
leaf_weight=6.4873828993877396 6.2591619715094566 0.60653423890471458 0.69120887585449942
leaf_count=3206 280 7 275
internal_value=0 -0.0334598 0
internal_weight=14.0443 7.78513 1.29774
internal_count=3768 3488 282
is_linear=0
shrinkage=0.05


Tree=681
num_leaves=3
num_cat=0
split_feature=24 14
split_gain=7.3503 1.63541
threshold=-0.23411998404593962 -0.20676689360969613
decision_type=2 2
left_child=-1 -2
right_child=1 -3
leaf_value=-0.039352100798302939 0.041517198201469624 -0.010285005264172704
leaf_weight=6.1994146014330909 6.4324234500527382 0.82700089924037445
leaf_count=3253 259 256
internal_value=0 0.0321115
internal_weight=13.4588 7.25942
internal_count=3768 515
is_linear=0
shrinkage=0.05


Tree=682
num_leaves=5
num_cat=0
split_feature=11 12 4 43
split_gain=5.81793 1.30739 0.899399 0.502391
threshold=0.39111280430925138 -0.30213978816442666 -1.3669599514193658 1.4727384459792481
decision_type=2 2 2 2
left_child=-1 -2 -3 -4
right_child=1 2 3 -5
leaf_value=-0.038841700806033247 -0.011551103409346127 0 0.041747028335644171 0
leaf_weight=5.7722860284848139 0.86618380295112718 0.45277290884405363 6.2050777077674866 0.23104670085012902
leaf_count=3241 226 12 250 39
internal_value=-0.000965314 0.0248435 0.0332751 0.0387773
internal_weight=13.5274 7.75508 6.8889 6.43612
internal_count=3768 527 301 289
is_linear=0
shrinkage=0.05


Tree=683
num_leaves=3
num_cat=0
split_feature=34 26
split_gain=7.36535 1.58639
threshold=-0.23121179449146803 -0.23407628368127484
decision_type=2 2
left_child=-1 -2
right_child=1 -3
leaf_value=-0.039212394272656811 0.041204347896918944 -0.0096723225704478284
leaf_weight=6.0776355373673141 6.6522358283400536 0.80872015678323794
leaf_count=3232 274 262
internal_value=0 0.0322882
internal_weight=13.5386 7.46096
internal_count=3768 536
is_linear=0
shrinkage=0.05


Tree=684
num_leaves=3
num_cat=0
split_feature=13 14
split_gain=8.07858 1.55775
threshold=0.3373267419610767 -0.2211673581285418
decision_type=2 2
left_child=-1 -2
right_child=1 -3
leaf_value=-0.039333426382688656 0.044858791271305681 -0.0067095280411721171
leaf_weight=6.1804199418984354 6.3085487633943558 0.71067927149124432
leaf_count=3225 274 269
internal_value=0 0.0362138
internal_weight=13.1996 7.01923
internal_count=3768 543
is_linear=0
shrinkage=0.05


Tree=685
num_leaves=4
num_cat=0
split_feature=11 54 42
split_gain=7.06363 1.42541 0.780437
threshold=0.71621590034713301 -0.72166332319269699 1.472268160469836
decision_type=2 2 2
left_child=2 -2 -1
right_child=1 -3 -4
leaf_value=-0.041919012573563015 0.040680857615115029 -0.0076413645433119825 0
leaf_weight=6.0606676249299198 6.4929284527897835 0.74050874146632839 0.99771319492720056
leaf_count=3046 267 248 207
internal_value=0 0.032327 -0.0355966
internal_weight=14.2918 7.23344 7.05838
internal_count=3768 515 3253
is_linear=0
shrinkage=0.05


Tree=686
num_leaves=2
num_cat=0
split_feature=9
split_gain=8.72178
threshold=-1.2850973392307055
decision_type=2
left_child=-1
right_child=-2
leaf_value=0.040171051381424551 -0.03959398728917056
leaf_weight=6.2604492381215096 6.4497587711084634
leaf_count=300 3468
internal_value=0
internal_weight=12.7102
internal_count=3768
is_linear=0
shrinkage=0.05


Tree=687
num_leaves=2
num_cat=0
split_feature=17
split_gain=8.04168
threshold=-0.23682318279820655
decision_type=2
left_child=-1
right_child=-2
leaf_value=-0.038942661573921976 0.040154601418048573
leaf_weight=5.8628177659120411 5.9840223863720894
leaf_count=3490 278
internal_value=0
internal_weight=11.8468
internal_count=3768
is_linear=0
shrinkage=0.05


Tree=688
num_leaves=3
num_cat=0
split_feature=31 13
split_gain=6.31752 1.49688
threshold=-0.22678979233387167 0.23662438553269713
decision_type=2 2
left_child=-1 -2
right_child=1 -3
leaf_value=-0.038720496332334688 0.040252286402695958 -0.0095360547510364279
leaf_weight=5.6752323636319488 5.7702130824327469 0.80144359846599389
leaf_count=3260 252 256
internal_value=0 0.0304002
internal_weight=12.2469 6.57166
internal_count=3768 508
is_linear=0
shrinkage=0.05


Tree=689
num_leaves=3
num_cat=0
split_feature=24 14
split_gain=9.55293 1.17718
threshold=-0.2550829191234304 -0.22342537014154873
decision_type=2 2
left_child=-1 -2
right_child=1 -3
leaf_value=-0.039270780550058976 -0.00037087972081420499 0.04294732929686447
leaf_weight=6.1389460988575602 0.54509250086266448 8.7436875328421575
leaf_count=3226 259 283
internal_value=0.00539233 0.0379622
internal_weight=15.4277 9.28878
internal_count=3768 542
is_linear=0
shrinkage=0.05


Tree=690
num_leaves=3
num_cat=0
split_feature=32 13
split_gain=7.0108 1.52475
threshold=-0.24843806083186923 0.23662438553269713
decision_type=2 2
left_child=-1 -2
right_child=1 -3
leaf_value=-0.039109781073858818 0.040914388414904496 -0.0091771517928819317
leaf_weight=5.9606632983777672 6.2791770435869694 0.78896235162392248
leaf_count=3220 270 278
internal_value=0 0.0317828
internal_weight=13.0288 7.06814
internal_count=3768 548
is_linear=0
shrinkage=0.05


Tree=691
num_leaves=3
num_cat=0
split_feature=28 13
split_gain=6.45422 1.82981
threshold=-0.2362180797808642 0.23662438553269713
decision_type=2 2
left_child=-1 -2
right_child=1 -3
leaf_value=-0.038569636893238841 0.040997456835757888 -0.013289997901605649
leaf_weight=5.5528948961291462 6.3129152432084084 0.94148343196138728
leaf_count=3224 282 262
internal_value=0 0.0303254
internal_weight=12.8073 7.2544
internal_count=3768 544
is_linear=0
shrinkage=0.05


Tree=692
num_leaves=3
num_cat=0
split_feature=14 11
split_gain=5.61587 1.28921
threshold=-0.19445728539780005 -0.050058916823164178
decision_type=2 2
left_child=-1 -2
right_child=1 -3
leaf_value=-0.037671044341562349 0.040061972430222019 -0.0063047090976116136
leaf_weight=4.95219196297694 5.4053000416606665 0.69905772130005051
leaf_count=3310 223 235
internal_value=0 0.0308915
internal_weight=11.0565 6.10436
internal_count=3768 458
is_linear=0
shrinkage=0.05


Tree=693
num_leaves=7
num_cat=0
split_feature=25 32 29 24 34 31
split_gain=1.54008 1.69655 0.535095 0.659701 0.81199 1.00124
threshold=-0.74803596974773778 -0.25151188632289956 -0.2362056610700953 -0.23411998404593962 -0.23121179449146803 -0.22678979233387167
decision_type=2 2 2 2 2 2
left_child=-1 2 3 4 5 -2
right_child=1 -3 -4 -5 -6 -7
leaf_value=-0.031583591481844975 0.040877888742068234 -0.02608690806553159 0 0 0 0
leaf_weight=2.7296775069553414 5.9576268736273033 1.850017019547521 0.53548316110391159 0.52195982565172006 0.5142263869056477 0.50882919062860299
leaf_count=1611 263 827 282 259 274 252
internal_value=0 0.00777846 0.019572 0.0239971 0.0289224 0.0344912
internal_weight=12.6178 9.88814 8.03813 7.50264 6.98068 6.46646
internal_count=3768 2157 1330 1048 789 515
is_linear=0
shrinkage=0.05


Tree=694
num_leaves=3
num_cat=0
split_feature=21 13
split_gain=7.31961 1.27846
threshold=-0.24778315296193945 0.23662438553269713
decision_type=2 2
left_child=-1 -2
right_child=1 -3
leaf_value=-0.039171719427696546 0.0407900310174747 -0.0049796649134293538
leaf_weight=6.0117908690590411 6.3965049125254154 0.65936675295233715
leaf_count=3206 287 275
internal_value=0 0.0331577
internal_weight=13.0677 7.05587
internal_count=3768 562
is_linear=0
shrinkage=0.05


Tree=695
num_leaves=3
num_cat=0
split_feature=24 14
split_gain=6.64759 1.51168
threshold=-0.23411998404593962 -0.20676689360969613
decision_type=2 2
left_child=-1 -2
right_child=1 -3
leaf_value=-0.038823620238967856 0.040930484790937353 -0.009125105838497247
leaf_weight=5.7467141322558746 5.9916934296488762 0.78635449917055655
leaf_count=3253 259 256
internal_value=0 0.0314604
internal_weight=12.5248 6.77805
internal_count=3768 515
is_linear=0
shrinkage=0.05


Tree=696
num_leaves=5
num_cat=0
split_feature=11 54 3 6
split_gain=5.21875 1.21994 0.623193 0.158701
threshold=0.39111280430925138 -0.72166332319269699 -1.1513594004600294 -0.94444972516028713
decision_type=2 2 2 2
left_child=-1 3 -3 -2
right_child=1 2 -4 -5
leaf_value=-0.038279197091729299 0 0 0.039185821275873833 -0.016106478823989665
leaf_weight=5.3492259826743975 0.5052039106376468 0.30286663770675648 5.4167261589318514 1.065606959396973
leaf_count=3241 6 4 248 269
internal_value=-0.000908879 0.0239989 0.0347888 -0.00212994
internal_weight=12.6396 7.2904 5.71959 1.57081
internal_count=3768 527 252 275
is_linear=0
shrinkage=0.05


Tree=697
num_leaves=7
num_cat=0
split_feature=12 13 52 42 25 11
split_gain=4.20698 1.33618 0.407915 0.140328 0.137362 0.058514
threshold=-0.29621121795630795 -0.23464596741588287 0.8322947060160758 0.098056673322155147 -0.56993195793963081 -0.38537277073883242
decision_type=2 2 2 2 2 2
left_child=-1 4 -3 -4 -2 -6
right_child=1 2 3 -5 5 -7
leaf_value=-0.03677089138992113 0 -0.017986934924953093 0.019743950573328506 0 0 0.037595472007064784
leaf_weight=4.4577248594723651 0.07265133038163174 1.7587337167933568 1.1413545049726961 0.20035644737072278 0.059637247351929434 4.9083365175174549
leaf_count=2702 35 647 31 72 23 258
internal_value=0 0.0210094 0 0.0125272 0.0359345 0.0370304
internal_weight=12.5988 8.14107 3.10044 1.34171 5.04063 4.96797
internal_count=3768 1066 750 103 316 281
is_linear=0
shrinkage=0.05


Tree=698
num_leaves=3
num_cat=0
split_feature=13 14
split_gain=7.34864 1.45644
threshold=0.3373267419610767 -0.2211673581285418
decision_type=2 2
left_child=-1 -2
right_child=1 -3
leaf_value=-0.038803963322198549 0.044437059499092255 -0.0055796243283383062
leaf_weight=5.7297424455173314 5.8786519039422274 0.67747529130429018
leaf_count=3225 274 269
internal_value=0 0.0356964
internal_weight=12.2859 6.55613
internal_count=3768 543
is_linear=0
shrinkage=0.05


Tree=699
num_leaves=4
num_cat=0
split_feature=11 54 42
split_gain=6.38075 1.32525 0.751281
threshold=0.71621590034713301 -0.72166332319269699 1.472268160469836
decision_type=2 2 2
left_child=2 -2 -1
right_child=1 -3 -4
leaf_value=-0.041406458470278316 0.040147401765987842 -0.0065260071106830759 0
leaf_weight=5.6330077168531716 6.0620767269283533 0.7060586621519177 0.96848282846622158
leaf_count=3046 267 248 207
internal_value=0 0.0317247 -0.034874
internal_weight=13.3696 6.76814 6.60149
internal_count=3768 515 3253
is_linear=0
shrinkage=0.05


Tree=700
num_leaves=2
num_cat=0
split_feature=9
split_gain=7.8014
threshold=-1.2850973392307055
decision_type=2
left_child=-1
right_child=-2
leaf_value=0.039369709867462091 -0.039147778158696404
leaf_weight=5.6335187591612339 6.0229325974360108
leaf_count=291 3466
internal_value=0
internal_weight=11.6565
internal_count=3757
is_linear=0
shrinkage=0.05


Tree=701
num_leaves=2
num_cat=0
split_feature=17
split_gain=7.11855
threshold=-0.23682318279820655
decision_type=2
left_child=-1
right_child=-2
leaf_value=-0.038468491289436718 0.039218621972877538
leaf_weight=5.4831596465082839 5.3138884734362364
leaf_count=3491 266
internal_value=0
internal_weight=10.797
internal_count=3757
is_linear=0
shrinkage=0.05


Tree=702
num_leaves=7
num_cat=0
split_feature=25 13 32 26 28 34
split_gain=1.35613 1.61566 0.479163 0.557283 0.649215 0.70506
threshold=-0.74299027955237895 0.017753385862939872 -0.22349611166549385 -0.14410603713935813 -0.16151443491326142 0.072137009814731826
decision_type=2 2 2 2 2 2
left_child=-1 2 3 4 5 -2
right_child=1 -3 -4 -5 -6 -7
leaf_value=-0.030896573711152082 0.039292960130683181 -0.02567796204837185 0 0 0 0
leaf_weight=2.5806617222260693 5.2942992076277715 1.8081281592603771 0.47051275451667596 0.43617891601752479 0.41281858924776305 0.37067431223113079
leaf_count=1591 256 865 272 264 265 244
internal_value=-0.000452758 0.00697395 0.0199178 0.0243746 0.0290744 0.0341349
internal_weight=11.3733 8.79261 6.98448 6.51397 6.07779 5.66497
internal_count=3757 2166 1301 1029 765 500
is_linear=0
shrinkage=0.05


Tree=703
num_leaves=4
num_cat=0
split_feature=31 14 6
split_gain=8.96438 0.968932 0.0665622
threshold=-0.24430418613873581 -0.22342537014154873 -1.3906648075652643
decision_type=2 2 2
left_child=2 -2 -1
right_child=1 -3 -4
leaf_value=0 0 0.042607343286713395 -0.038849463374177884
leaf_weight=0.070608908543362214 0.44890543515793879 8.3463118989020568 5.7657423858763668
leaf_count=13 256 286 3202
internal_value=0.00584267 0.0383029 -0.038291
internal_weight=14.6316 8.79522 5.83635
internal_count=3757 542 3215
is_linear=0
shrinkage=0.05


Tree=704
num_leaves=3
num_cat=0
split_feature=32 13
split_gain=6.44492 1.40153
threshold=-0.24843806083186923 0.23662438553269713
decision_type=2 2
left_child=-1 -2
right_child=1 -3
leaf_value=-0.038627392395193812 0.04041215530895223 -0.0077563777872267457
leaf_weight=5.559597188141197 5.9293395336717367 0.74223685963079322
leaf_count=3203 274 280
internal_value=0 0.0314001
internal_weight=12.2312 6.67158
internal_count=3757 554
is_linear=0
shrinkage=0.05


Tree=705
num_leaves=4
num_cat=0
split_feature=28 5 28
split_gain=5.95918 0.629877 0.0204593
threshold=0.21819200737257397 -1.0187594456984805 -0.2362180797808642
decision_type=2 2 2
left_child=1 2 -1
right_child=-2 -3 -4
leaf_value=-0.0050722661940899886 0.038448972979821659 -0.037625569206448127 0.004120296472716686
leaf_weight=0.65755452716257401 4.9999039154499769 5.3925706131849438 0.75858932943083346
leaf_count=191 261 3283 22
internal_value=0 -0.030429 0
internal_weight=11.8086 6.80871 1.41614
internal_count=3757 3496 213
is_linear=0
shrinkage=0.05


Tree=706
num_leaves=3
num_cat=0
split_feature=14 11
split_gain=5.0373 1.2266
threshold=-0.19445728539780005 -0.050058916823164178
decision_type=2 2
left_child=-1 -2
right_child=1 -3
leaf_value=-0.037090394891406128 0.039393092093078806 -0.0058863149827867271
leaf_weight=4.6126969124889001 5.0323054138571024 0.68684618338011194
leaf_count=3293 222 242
internal_value=0 0.0298993
internal_weight=10.3318 5.71915
internal_count=3757 464
is_linear=0
shrinkage=0.05


Tree=707
num_leaves=3
num_cat=0
split_feature=26 13
split_gain=6.19179 1.46408
threshold=-0.24549254867395884 0.23662438553269713
decision_type=2 2
left_child=-1 -2
right_child=1 -3
leaf_value=-0.038547992961635434 0.040392619840910637 -0.008976900359286645
leaf_weight=5.528577416902408 5.6770933419466019 0.78071643598377694
leaf_count=3206 271 280
internal_value=0 0.0306148
internal_weight=11.9864 6.45781
internal_count=3757 551
is_linear=0
shrinkage=0.05


Tree=708
num_leaves=3
num_cat=0
split_feature=21 13
split_gain=6.7028 1.15733
threshold=-0.24778315296193945 0.23662438553269713
decision_type=2 2
left_child=-1 -2
right_child=1 -3
leaf_value=-0.038725705492845777 0.040244223851587442 -0.0031255945844873099
leaf_weight=5.621284551685676 5.9580972269177437 0.61059634364210058
leaf_count=3194 284 279
internal_value=0 0.0327401
internal_weight=12.19 6.56869
internal_count=3757 563
is_linear=0
shrinkage=0.05


Tree=709
num_leaves=3
num_cat=0
split_feature=24 14
split_gain=6.31965 1.46498
threshold=-0.23411998404593962 -0.20676689360969613
decision_type=2 2
left_child=-1 -2
right_child=1 -3
leaf_value=-0.038321466548019552 0.040714923553095195 -0.0085422021453137164
leaf_weight=5.350341068697162 6.0015839394181967 0.7670137685490771
leaf_count=3212 286 259
internal_value=0 0.03149
internal_weight=12.1189 6.7686
internal_count=3757 545
is_linear=0
shrinkage=0.05


Tree=710
num_leaves=5
num_cat=0
split_feature=41 42 13 6
split_gain=4.9606 1.11985 0.798532 0.505938
threshold=-0.42870068114435483 1.002943429886807 0.18658008365256532 3.4497916402059494
decision_type=2 2 2 2
left_child=-1 2 3 -2
right_child=1 -3 -4 -5
leaf_value=-0.038130506455711435 0.040905929346938062 -0.0093990129520797119 0 0
leaf_weight=4.9884995779721066 5.6966938942205161 0.78461498231627036 0.44756123633123923 0.24300566059537221
leaf_count=2949 262 193 285 68
internal_value=-7.95471e-06 0.024007 0.0321249 0.0375997
internal_weight=12.1604 7.17188 6.38726 5.9397
internal_count=3757 808 615 330
is_linear=0
shrinkage=0.05


Tree=711
num_leaves=3
num_cat=0
split_feature=34 24
split_gain=5.96232 1.36067
threshold=-0.23121179449146803 -0.23937787645257239
decision_type=2 2
left_child=-1 -2
right_child=1 -3
leaf_value=-0.038269073216025497 0.039975206388055094 -0.0075817187473721792
leaf_weight=5.3237403765087947 5.5745795182883739 0.73877189122140396
leaf_count=3233 257 267
internal_value=0 0.030593
internal_weight=11.6371 6.31335
internal_count=3757 524
is_linear=0
shrinkage=0.05


Tree=712
num_leaves=3
num_cat=0
split_feature=13 54
split_gain=6.70933 1.72547
threshold=0.18658008365256532 -0.61019242347065372
decision_type=2 2
left_child=-1 -2
right_child=1 -3
leaf_value=-0.038073865292219816 0.045565020687621326 -0.0090458407627601843
leaf_weight=5.2028189337579533 5.6242301370948553 0.7848402450326829
leaf_count=3190 268 299
internal_value=2.47569e-05 0.0350884
internal_weight=11.6119 6.40907
internal_count=3757 567
is_linear=0
shrinkage=0.05


Tree=713
num_leaves=4
num_cat=0
split_feature=41 54 46
split_gain=5.67529 1.89324 0.319645
threshold=-0.42870068114435483 -0.74611360206791499 2.5127430305741361
decision_type=2 2 2
left_child=-1 2 -2
right_child=1 -3 -4
leaf_value=-0.039814498963237105 0.040080599663052573 -0.016374784774751232 0
leaf_weight=5.0084507330320776 6.0731073953211308 1.1002289791358633 0.43557739257812489
leaf_count=2949 262 544 2
internal_value=0 0.0259398 0.0373175
internal_weight=12.6174 7.60891 6.50868
internal_count=3757 808 264
is_linear=0
shrinkage=0.05


Tree=714
num_leaves=2
num_cat=0
split_feature=9
split_gain=7.06838
threshold=-1.2850973392307055
decision_type=2
left_child=-1
right_child=-2
leaf_value=0.038757218469873241 -0.038601985618925382
leaf_weight=5.2330542970448732 5.5795441754162312
leaf_count=291 3466
internal_value=0
internal_weight=10.8126
internal_count=3757
is_linear=0
shrinkage=0.05


Tree=715
num_leaves=2
num_cat=0
split_feature=17
split_gain=6.44
threshold=-0.23682318279820655
decision_type=2
left_child=-1
right_child=-2
leaf_value=-0.037884277026380087 0.038566110168027468
leaf_weight=5.0825627271551639 4.9377457983791828
leaf_count=3491 266
internal_value=0
internal_weight=10.0203
internal_count=3757
is_linear=0
shrinkage=0.05


Tree=716
num_leaves=5
num_cat=0
split_feature=31 6 54 31
split_gain=5.37744 0.516566 0.19513 0.0754392
threshold=0.022232060841922929 -1.2275538360841074 0.60385018691864312 -0.062871736938346703
decision_type=2 2 2 2
left_child=1 -1 -2 -3
right_child=2 3 -4 -5
leaf_value=0 0.037433272756618209 -0.03796868819292399 0 0
leaf_weight=0.44723174953833211 4.4542723763734102 5.3778348168125376 0.17339209839701641 0.21713298908434797
leaf_count=68 246 3386 9 48
internal_value=-0.00062475 -0.0326955 0.0354786 -0.036869
internal_weight=10.6699 6.0422 4.62766 5.59497
internal_count=3757 3502 255 3434
is_linear=0
shrinkage=0.05


Tree=717
num_leaves=3
num_cat=0
split_feature=34 21
split_gain=8.29465 0.961183
threshold=-0.25418381851398736 -0.25310059789262179
decision_type=2 2
left_child=-1 -2
right_child=1 -3
leaf_value=-0.038297353441476063 0 0.042259319006442184
leaf_weight=5.3510141393635431 0.4519387030741181 7.9488487206399441
leaf_count=3213 257 287
internal_value=0.00610048 0.0377518
internal_weight=13.7518 8.40079
internal_count=3757 544
is_linear=0
shrinkage=0.05


Tree=718
num_leaves=3
num_cat=0
split_feature=32 13
split_gain=5.81808 1.2987
threshold=-0.24843806083186923 0.23662438553269713
decision_type=2 2
left_child=-1 -2
right_child=1 -3
leaf_value=-0.038053491169235398 0.039807690527481565 -0.0066348771802344601
leaf_weight=5.1574346084380522 5.524307906627655 0.70760717755183566
leaf_count=3203 274 280
internal_value=0 0.0307196
internal_weight=11.3893 6.23192
internal_count=3757 554
is_linear=0
shrinkage=0.05


Tree=719
num_leaves=4
num_cat=0
split_feature=28 28 41
split_gain=5.37158 0.588617 0.108433
threshold=0.21819200737257397 -0.2362180797808642 -0.23098570657031206
decision_type=2 2 2
left_child=1 -1 -3
right_child=-2 2 -4
leaf_value=-0.037531491634391859 0.037803029575289568 0.0096718622332256695 -0.010932090645727291
leaf_weight=4.847439565230161 4.6558212004601955 0.67525063641369343 0.84835489687975474
leaf_count=3216 261 13 267
internal_value=0 -0.0297001 0
internal_weight=11.0269 6.37105 1.52361
internal_count=3757 3496 280
is_linear=0
shrinkage=0.05


Tree=720
num_leaves=3
num_cat=0
split_feature=14 11
split_gain=4.51887 1.13384
threshold=-0.19445728539780005 -0.050058916823164178
decision_type=2 2
left_child=-1 -2
right_child=1 -3
leaf_value=-0.036434994680409172 0.038684939227210065 -0.0047845495496662361
leaf_weight=4.2829907056875527 4.6825821585953236 0.65565059846267093
leaf_count=3293 222 242
internal_value=0 0.0291113
internal_weight=9.62122 5.33823
internal_count=3757 464
is_linear=0
shrinkage=0.05


Tree=721
num_leaves=3
num_cat=0
split_feature=26 13
split_gain=5.58601 1.35308
threshold=-0.24549254867395884 0.23662438553269713
decision_type=2 2
left_child=-1 -2
right_child=1 -3
leaf_value=-0.037970426639841751 0.03976937167990207 -0.0078363536503301325
leaf_weight=5.1270222491584718 5.2907130196690559 0.74342626403085876
leaf_count=3206 271 280
internal_value=0 0.0299273
internal_weight=11.1612 6.03414
internal_count=3757 551
is_linear=0
shrinkage=0.05


Tree=722
num_leaves=3
num_cat=0
split_feature=21 13
split_gain=6.04337 1.0792
threshold=-0.24778315296193945 0.23662438553269713
decision_type=2 2
left_child=-1 -2
right_child=1 -3
leaf_value=-0.038158214682523742 0.039630449520766657 -0.002068516122235498
leaf_weight=5.2154737748205662 5.5358767677098513 0.58436120150145132
leaf_count=3194 284 279
internal_value=0 0.0320172
internal_weight=11.3357 6.12024
internal_count=3757 563
is_linear=0
shrinkage=0.05


Tree=723
num_leaves=3
num_cat=0
split_feature=24 17
split_gain=5.69547 1.35565
threshold=-0.23411998404593962 -0.24134595270209191
decision_type=2 2
left_child=-1 -2
right_child=1 -3
leaf_value=-0.03773324544997006 0.040103529202836559 -0.0074119672384904108
leaf_weight=4.9648137307958677 5.580615296959877 0.73078706033993501
leaf_count=3212 286 259
internal_value=0 0.0307912
internal_weight=11.2762 6.3114
internal_count=3757 545
is_linear=0
shrinkage=0.05


Tree=724
num_leaves=5
num_cat=0
split_feature=41 42 13 6
split_gain=4.45561 1.02903 0.748902 0.477156
threshold=-0.42870068114435483 1.002943429886807 0.18658008365256532 3.4497916402059494
decision_type=2 2 2 2
left_child=-1 2 3 -2
right_child=1 -3 -4 -5
leaf_value=-0.037506243999085427 0.040333117864225027 -0.0083399118103603381 0 0
leaf_weight=4.6363630497362465 5.3179291761480272 0.75026970682665695 0.43025166972074647 0.23384991521015752
leaf_count=2949 262 193 285 68
internal_value=0 0.0232622 0.0314202 0.0369701
internal_weight=11.3687 6.7323 5.98203 5.55178
internal_count=3757 808 615 330
is_linear=0
shrinkage=0.05


Tree=725
num_leaves=3
num_cat=0
split_feature=34 24
split_gain=5.37379 1.25814
threshold=-0.23121179449146803 -0.23937787645257239
decision_type=2 2
left_child=-1 -2
right_child=1 -3
leaf_value=-0.037676513856928717 0.039336049843805378 -0.006447402917497385
leaf_weight=4.9388558497885242 5.19318569265306 0.70383894816040982
leaf_count=3233 257 267
internal_value=0 0.0298867
internal_weight=10.8359 5.89702
internal_count=3757 524
is_linear=0
shrinkage=0.05


Tree=726
num_leaves=3
num_cat=0
split_feature=13 54
split_gain=6.06645 1.60166
threshold=0.18658008365256532 -0.61019242347065372
decision_type=2 2
left_child=-1 -2
right_child=1 -3
leaf_value=-0.037470872678426609 0.044965344624867801 -0.00792075675360847
leaf_weight=4.8268387994030491 5.2435365002602339 0.74770198576152314
leaf_count=3190 268 299
internal_value=0 0.0344121
internal_weight=10.8181 5.99124
internal_count=3757 567
is_linear=0
shrinkage=0.05


Tree=727
num_leaves=4
num_cat=0
split_feature=41 54 46
split_gain=5.13798 1.72593 0.306703
threshold=-0.42870068114435483 -0.74611360206791499 2.5127430305741361
decision_type=2 2 2
left_child=-1 2 -2
right_child=1 -3 -4
leaf_value=-0.039254062278368806 0.039452792878767823 -0.015193265322177582 0
leaf_weight=4.6552375929895788 5.6851960625499487 1.0401072028325868 0.4296445995569228
leaf_count=2949 262 544 2
internal_value=0 0.0253038 0.0365993
internal_weight=11.8102 7.15495 6.11484
internal_count=3757 808 264
is_linear=0
shrinkage=0.05


Tree=728
num_leaves=2
num_cat=0
split_feature=9
split_gain=6.39859
threshold=-1.2850973392307055
decision_type=2
left_child=-1
right_child=-2
leaf_value=0.038114510588024834 -0.038031170939599478
leaf_weight=4.8607789445668459 5.1754391530994326
leaf_count=291 3466
internal_value=0
internal_weight=10.0362
internal_count=3757
is_linear=0
shrinkage=0.05


Tree=729
num_leaves=2
num_cat=0
split_feature=17
split_gain=5.82136
threshold=-0.23682318279820655
decision_type=2
left_child=-1
right_child=-2
leaf_value=-0.037274418446408178 0.037884618798759644
leaf_weight=4.7174307891400531 4.5893027074635029
leaf_count=3491 266
internal_value=0
internal_weight=9.30673
internal_count=3757
is_linear=0
shrinkage=0.05


Tree=730
num_leaves=5
num_cat=0
split_feature=31 5 54 31
split_gain=4.82848 0.432855 0.182545 0.0702529
threshold=0.022232060841922929 -1.1081146536322115 0.60385018691864312 -0.10511032296216262
decision_type=2 2 2 2
left_child=1 -1 -2 -3
right_child=2 3 -4 -5
leaf_value=0 0.036718649989670692 -0.037507385627025894 0 0
leaf_weight=0.49801597418263543 4.1413923595100641 4.8519547926262021 0.16718027926981438 0.28367314930073906
leaf_count=72 246 3357 9 73
internal_value=-0.000393185 -0.0319759 0.0347344 -0.0361224
internal_weight=9.94222 5.63364 4.30857 5.13563
internal_count=3757 3502 255 3430
is_linear=0
shrinkage=0.05


Tree=731
num_leaves=4
num_cat=0
split_feature=17 14 1
split_gain=7.63476 0.831394 0.055861
threshold=-0.24134707303949929 -0.22342537014154873 -1.5297955548615423
decision_type=2 2 2
left_child=2 -2 -1
right_child=1 -3 -4
leaf_value=0 0 0.041868785749381292 -0.037736689290025306
leaf_weight=0.06493235658854235 0.39352578599937249 7.5135618038475513 4.9821234649280086
leaf_count=14 266 286 3191
internal_value=0.00639118 0.0377321 -0.0371781
internal_weight=12.9541 7.90709 5.04706
internal_count=3757 552 3205
is_linear=0
shrinkage=0.05


Tree=732
num_leaves=3
num_cat=0
split_feature=32 13
split_gain=5.23701 1.20249
threshold=-0.24843806083186923 0.23662438553269713
decision_type=2 2
left_child=-1 -2
right_child=1 -3
leaf_value=-0.037456514828650554 0.039157170360409423 -0.0055306872355930011
leaf_weight=4.7914011116372421 5.1343286894261837 0.67533755442127574
leaf_count=3203 274 280
internal_value=0 0.0299737
internal_weight=10.6011 5.80967
internal_count=3757 554
is_linear=0
shrinkage=0.05


Tree=733
num_leaves=3
num_cat=0
split_feature=28 5
split_gain=4.83453 0.553149
threshold=0.21819200737257397 -1.0187594456984805
decision_type=2 2
left_child=1 -1
right_child=-2 -3
leaf_value=0 0.037107960121127624 -0.036374857753395627
leaf_weight=1.3036863651359452 4.3269086237996817 4.6563662766711786
leaf_count=213 261 3283
internal_value=0 -0.0290181
internal_weight=10.287 5.96005
internal_count=3757 3496
is_linear=0
shrinkage=0.05


Tree=734
num_leaves=3
num_cat=0
split_feature=14 11
split_gain=4.0492 1.04848
threshold=-0.19445728539780005 -0.050058916823164178
decision_type=2 2
left_child=-1 -2
right_child=1 -3
leaf_value=-0.035754525281045543 0.037952556165478837 -0.003704259537099565
leaf_weight=3.9825588235398754 4.3585829697549343 0.62660774425603438
leaf_count=3293 222 242
internal_value=0 0.0282985
internal_weight=8.96775 4.98519
internal_count=3757 464
is_linear=0
shrinkage=0.05


Tree=735
num_leaves=3
num_cat=0
split_feature=26 13
split_gain=5.02495 1.2494
threshold=-0.24549254867395884 0.23662438553269713
decision_type=2 2
left_child=-1 -2
right_child=1 -3
leaf_value=-0.037368668439356219 0.03909798097391317 -0.0067122226399722318
leaf_weight=4.7613241581711918 4.9194134809076786 0.70872587175108481
leaf_count=3206 271 280
internal_value=0 0.0291728
internal_weight=10.3895 5.62814
internal_count=3757 551
is_linear=0
shrinkage=0.05


Tree=736
num_leaves=3
num_cat=0
split_feature=21 13
split_gain=5.44283 1.00687
threshold=-0.24778315296193945 0.23662438553269713
decision_type=2 2
left_child=-1 -2
right_child=1 -3
leaf_value=-0.037566982421012349 0.038988393708042024 -0.0010377943408317858
leaf_weight=4.845618151477538 5.1436869539320469 0.5599380915518849
leaf_count=3194 284 279
internal_value=0 0.0312621
internal_weight=10.5492 5.70363
internal_count=3757 563
is_linear=0
shrinkage=0.05


Tree=737
num_leaves=3
num_cat=0
split_feature=24 14
split_gain=5.12543 1.25438
threshold=-0.23411998404593962 -0.20676689360969613
decision_type=2 2
left_child=-1 -2
right_child=1 -3
leaf_value=-0.037120494671709463 0.039459742762779977 -0.006296616850178652
leaf_weight=4.6133075319230556 5.1877739876508713 0.69700015452690411
leaf_count=3212 286 259
internal_value=0 0.030056
internal_weight=10.4981 5.88477
internal_count=3757 545
is_linear=0
shrinkage=0.05


Tree=738
num_leaves=5
num_cat=0
split_feature=41 42 13 6
split_gain=3.99883 0.94612 0.70174 0.449822
threshold=-0.42870068114435483 1.002943429886807 0.18658008365256532 3.4497916402059494
decision_type=2 2 2 2
left_child=-1 2 3 -2
right_child=1 -3 -4 -5
leaf_value=-0.036858997502257594 0.0397397670003658 -0.0073085487548186214 0 0
leaf_weight=4.3150048955576494 4.9675402409629896 0.71849881648086 0.41367492626886804 0.2251533621456473
leaf_count=2949 262 193 285 68
internal_value=0 0.0225013 0.0307014 0.0363214
internal_weight=10.6399 6.32487 5.60637 5.19269
internal_count=3757 808 615 330
is_linear=0
shrinkage=0.05


Tree=739
num_leaves=3
num_cat=0
split_feature=34 14
split_gain=4.8432 1.16462
threshold=-0.23121179449146803 -0.21051313153108595
decision_type=2 2
left_child=-1 -2
right_child=1 -3
leaf_value=-0.037059527091597093 0.038684733529673887 -0.0053345661174600848
leaf_weight=4.5882178932661191 4.8444348350167274 0.67142153228633095
leaf_count=3233 257 267
internal_value=0 0.0291727
internal_weight=10.1041 5.51586
internal_count=3757 524
is_linear=0
shrinkage=0.05


Tree=740
num_leaves=3
num_cat=0
split_feature=54 14
split_gain=5.12747 1.93048
threshold=-0.68330777695260547 -0.22352134256940756
decision_type=2 2
left_child=1 -1
right_child=-2 -3
leaf_value=-0.012483766347249757 -0.036567499719234668 0.045305608973182213
leaf_weight=0.91192130558192719 4.3425747092114761 4.8344273352995515
leaf_count=562 2928 267
internal_value=0 0.0318672
internal_weight=10.0889 5.74635
internal_count=3757 829
is_linear=0
shrinkage=0.05


Tree=741
num_leaves=5
num_cat=0
split_feature=41 54 46 42
split_gain=4.648 1.5815 0.305901 0.0678806
threshold=-0.42870068114435483 -0.75431068484562347 2.5127430305741361 1.6575019798750323
decision_type=2 2 2 2
left_child=-1 2 -2 -3
right_child=1 3 -4 -5
leaf_value=-0.038664709450916095 0.03969870154233017 -0.015707224952849489 0 0
leaf_weight=4.3334984984248877 5.146013842895627 1.0575802976964039 0.42338238656520832 0.10657646507024754
leaf_count=2949 260 545 2 1
internal_value=0 0.0246467 0.0366067 -0.0113553
internal_weight=11.0671 6.73355 5.5694 1.16416
internal_count=3757 808 262 546
is_linear=0
shrinkage=0.05


Tree=742
num_leaves=2
num_cat=0
split_feature=9
split_gain=5.80098
threshold=-1.2850973392307055
decision_type=2
left_child=-1
right_child=-2
leaf_value=0.037476292854906182 -0.037433395306210385
leaf_weight=4.532355529256165 4.805681130848825
leaf_count=291 3466
internal_value=0
internal_weight=9.33804
internal_count=3757
is_linear=0
shrinkage=0.05


Tree=743
num_leaves=3
num_cat=0
split_feature=37 41
split_gain=4.42643 0.576536
threshold=1.0000000180025095e-35 -0.42870068114435483
decision_type=2 2
left_child=-1 -2
right_child=1 -3
leaf_value=-0.035928716701120252 0.037217353644543663 0
leaf_weight=4.0554206254892051 4.2843400575220585 0.32791996328160156
leaf_count=3205 266 286
internal_value=0 0.0318488
internal_weight=8.66768 4.61226
internal_count=3757 552
is_linear=0
shrinkage=0.05


Tree=744
num_leaves=5
num_cat=0
split_feature=31 5 54 31
split_gain=4.33536 0.407212 0.170662 0.0646927
threshold=0.022232060841922929 -1.1081146536322115 0.60385018691864312 -0.10511032296216262
decision_type=2 2 2 2
left_child=1 -1 -2 -3
right_child=2 3 -4 -5
leaf_value=0 0.035983560615250543 -0.036876519964070278 0 0
leaf_weight=0.48489909630734462 3.855481349863112 4.5045240978943184 0.16129213199019421 0.27300706435926247
leaf_count=72 246 3357 9 73
internal_value=-0.000164136 -0.0312456 0.0339723 -0.0354808
internal_weight=9.2792 5.26243 4.01677 4.77753
internal_count=3757 3502 255 3430
is_linear=0
shrinkage=0.05


Tree=745
num_leaves=3
num_cat=0
split_feature=34 14
split_gain=7.04526 0.839465
threshold=-0.25418381851398736 -0.22342537014154873
decision_type=2 2
left_child=-1 -2
right_child=1 -3
leaf_value=-0.037125924946856292 0 0.041509545266540215
leaf_weight=4.6294968494912609 0.40392727882135648 7.1563839353621006
leaf_count=3213 257 287
internal_value=0.00658726 0.0370989
internal_weight=12.1898 7.56031
internal_count=3757 544
is_linear=0
shrinkage=0.05


Tree=746
num_leaves=3
num_cat=0
split_feature=32 13
split_gain=4.71346 1.11501
threshold=-0.24843806083186923 0.23662438553269713
decision_type=2 2
left_child=-1 -2
right_child=1 -3
leaf_value=-0.036833482608137687 0.038497170858967034 -0.0044554500156392587
leaf_weight=4.4563470020657405 4.7793244905769825 0.64551570115145285
leaf_count=3203 274 280
internal_value=0 0.0292219
internal_weight=9.88119 5.42484
internal_count=3757 554
is_linear=0
shrinkage=0.05


Tree=747
num_leaves=4
num_cat=0
split_feature=28 28 41
split_gain=4.34258 0.536003 0.0610156
threshold=0.21819200737257397 -0.2362180797808642 -0.23098570657031206
decision_type=2 2 2
left_child=1 -1 -3
right_child=-2 2 -4
leaf_value=-0.036298495749501371 0.036390350455017755 0.0078457222528795466 -0.008127443788047058
leaf_weight=4.2081429754616693 4.0256382962688804 0.63504740595817566 0.75153859471902229
leaf_count=3216 261 13 267
internal_value=0 -0.0282482 0
internal_weight=9.62037 5.59473 1.38659
internal_count=3757 3496 280
is_linear=0
shrinkage=0.05


Tree=748
num_leaves=3
num_cat=0
split_feature=14 11
split_gain=3.62482 0.970472
threshold=-0.19445728539780005 -0.050058916823164178
decision_type=2 2
left_child=-1 -2
right_child=1 -3
leaf_value=-0.03504694130351256 0.037201805371417998 -0.0026546072005340449
leaf_weight=3.7075445828959346 4.0610670270398259 0.59974642517045129
leaf_count=3293 222 242
internal_value=0 0.0274686
internal_weight=8.36836 4.66081
internal_count=3757 464
is_linear=0
shrinkage=0.05


Tree=749
num_leaves=3
num_cat=0
split_feature=26 13
split_gain=4.51829 1.155
threshold=-0.24549254867395884 0.23662438553269713
decision_type=2 2
left_child=-1 -2
right_child=1 -3
leaf_value=-0.036740424136051018 0.038412570844882254 -0.0056156530702284654
leaf_weight=4.4266803136561066 4.5800722101703286 0.6766727907815947
leaf_count=3206 271 280
internal_value=0 0.0284068
internal_weight=9.68343 5.25675
internal_count=3757 551
is_linear=0
shrinkage=0.05


Tree=750
num_leaves=3
num_cat=0
split_feature=21 13
split_gain=4.90148 0.940734
threshold=-0.24778315296193945 0.23662438553269713
decision_type=2 2
left_child=-1 -2
right_child=1 -3
leaf_value=-0.03694984504086294 0.038335353822511048 -3.8747735266057105e-05
leaf_weight=4.5070307037094608 4.786806171759963 0.53728599147871126
leaf_count=3194 284 279
internal_value=0 0.0304994
internal_weight=9.83112 5.32409
internal_count=3757 563
is_linear=0
shrinkage=0.05


Tree=751
num_leaves=3
num_cat=0
split_feature=24 14
split_gain=4.61027 1.16206
threshold=-0.23411998404593962 -0.20676689360969613
decision_type=2 2
left_child=-1 -2
right_child=1 -3
leaf_value=-0.036481632002972768 0.038800982023308762 -0.0052101786838001677
leaf_weight=4.2916561159072444 4.8283531265333295 0.66580846474971611
leaf_count=3212 286 259
internal_value=0 0.0293071
internal_weight=9.78582 5.49416
internal_count=3757 545
is_linear=0
shrinkage=0.05


Tree=752
num_leaves=6
num_cat=0
split_feature=11 41 6 42 42
split_gain=3.58545 0.729756 0.131231 0.0807498 0.117483
threshold=1.9572722054416656 -0.42870068114435483 -0.69352753484956464 1.4720803849749828 0.54467509927454982
decision_type=2 2 2 2 2
left_child=1 -1 3 4 -3
right_child=-2 2 -4 -5 -6
leaf_value=-0.036186899268403613 0.034071572806769208 0 -0.012375111549095624 0 0.020062827605979633
leaf_weight=4.0204661951866001 3.6938339471817017 0.15799649793189052 0.90657265635672946 0.17834538524039079 1.0111211184412239
leaf_count=2949 230 85 444 16 33
internal_value=0 -0.0245864 0 0.00780941 0.0137277
internal_weight=9.96834 6.2745 2.25404 1.34746 1.16912
internal_count=3757 3527 578 134 118
is_linear=0
shrinkage=0.05


Tree=753
num_leaves=3
num_cat=0
split_feature=34 14
split_gain=4.35087 1.07761
threshold=-0.23121179449146803 -0.21051313153108595
decision_type=2 2
left_child=-1 -2
right_child=1 -3
leaf_value=-0.036415763511692907 0.037987933259858137 -0.0042500333131897999
leaf_weight=4.2672207794385031 4.5092438207939267 0.64145808038301755
leaf_count=3233 257 267
internal_value=0 0.0283929
internal_weight=9.41792 5.1507
internal_count=3757 524
is_linear=0
shrinkage=0.05


Tree=754
num_leaves=4
num_cat=0
split_feature=13 54 39
split_gain=4.99406 1.34471 0.138641
threshold=0.18658008365256532 -0.61019242347065372 -0.47698211949941977
decision_type=2 2 2
left_child=-1 2 -2
right_child=1 -3 -4
leaf_value=-0.036236892879794064 0 -0.0050324469159785347 0.044692133759146324
leaf_weight=4.1921638452913612 0.055112220346927532 0.66147128609009076 4.5079356990754604
leaf_count=3190 1 299 267
internal_value=0 0.0332369 0.0436714
internal_weight=9.41668 5.22452 4.56305
internal_count=3757 567 268
is_linear=0
shrinkage=0.05


Tree=755
num_leaves=5
num_cat=0
split_feature=41 54 46 42
split_gain=4.2131 1.44138 0.292304 0.0604462
threshold=-0.42870068114435483 -0.75431068484562347 2.5127430305741361 1.6575019798750323
decision_type=2 2 2 2
left_child=-1 2 -2 -3
right_child=1 3 -4 -5
leaf_value=-0.038042624331549035 0.039084886112369419 -0.014545754132388079 0 0
leaf_weight=4.0390183024574071 4.8227944932878017 1.0019248895114286 0.41761218011379231 0.1051136553287505
leaf_count=2949 260 545 2 1
internal_value=0 0.0240594 0.0359053 -0.0101836
internal_weight=10.3865 6.34745 5.24041 1.10704
internal_count=3757 808 262 546
is_linear=0
shrinkage=0.05


Tree=756
num_leaves=2
num_cat=0
split_feature=9
split_gain=5.24885
threshold=-1.2850973392307055
decision_type=2
left_child=-1
right_child=-2
leaf_value=0.036791485363558418 -0.036812857424275945
leaf_weight=4.2191090025007725 4.4692569498438388
leaf_count=291 3466
internal_value=0
internal_weight=8.68837
internal_count=3757
is_linear=0
shrinkage=0.05


Tree=757
num_leaves=3
num_cat=0
split_feature=37 41
split_gain=3.97919 0.538352
threshold=1.0000000180025095e-35 -0.42870068114435483
decision_type=2 2
left_child=-1 -2
right_child=1 -3
leaf_value=-0.035238630319566311 0.036495697129657487 0
leaf_weight=3.7783835638547316 3.9905467098578811 0.31496647465974081
leaf_count=3205 266 286
internal_value=0 0.0310575
internal_weight=8.0839 4.30551
internal_count=3757 552
is_linear=0
shrinkage=0.05


Tree=758
num_leaves=4
num_cat=0
split_feature=31 31 54
split_gain=3.8919 0.318781 0.159171
threshold=0.022232060841922929 -0.22678979233387167 0.60385018691864312
decision_type=2 2 2
left_child=1 -1 -2
right_child=2 -3 -4
leaf_value=-0.035892058737365659 0.035225078331674813 0 0
leaf_weight=4.0379963095765561 3.5929922694340353 0.88490664993878443 0.15556146763265122
leaf_count=3242 246 260 9
internal_value=0 -0.0305134 0.033192
internal_weight=8.67146 4.9229 3.74855
internal_count=3757 3502 255
is_linear=0
shrinkage=0.05


Tree=759
num_leaves=3
num_cat=0
split_feature=14 11
split_gain=6.52854 0.777017
threshold=-0.22342537014154873 -0.10022939013777639
decision_type=2 2
left_child=-1 -2
right_child=1 -3
leaf_value=-0.036513340927689368 0 0.041158357520063214
leaf_weight=4.3205257224617526 0.37720631633419532 6.8251383826136589
leaf_count=3248 222 287
internal_value=0.00689641 0.0368626
internal_weight=11.5229 7.20234
internal_count=3757 509
is_linear=0
shrinkage=0.05


Tree=760
num_leaves=3
num_cat=0
split_feature=32 14
split_gain=4.23855 1.03409
threshold=-0.24843806083186923 -0.2208304265381375
decision_type=2 2
left_child=-1 -2
right_child=1 -3
leaf_value=-0.036188776124092124 0.037808615689301064 -0.0034000886653915382
leaf_weight=4.1512737348675728 4.4508726568892598 0.61767248692922283
leaf_count=3203 274 280
internal_value=0 0.0284429
internal_weight=9.21982 5.06855
internal_count=3757 554
is_linear=0
shrinkage=0.05


Tree=761
num_leaves=4
num_cat=0
split_feature=28 28 41
split_gain=3.90405 0.499491 0.0448971
threshold=0.21819200737257397 -0.2362180797808642 -0.23098570657031206
decision_type=2 2 2
left_child=1 -1 -3
right_child=-2 2 -4
leaf_value=-0.035622411306119699 0.03565087391718158 0.006858082930737793 -0.0070133185155076688
leaf_weight=3.9189356150454842 3.7497814046218991 0.61396028287708759 0.71678409632295348
leaf_count=3216 261 13 267
internal_value=0 -0.0275332 0
internal_weight=8.99946 5.24968 1.33074
internal_count=3757 3496 280
is_linear=0
shrinkage=0.05


Tree=762
num_leaves=3
num_cat=0
split_feature=14 11
split_gain=3.24312 0.898808
threshold=-0.19445728539780005 -0.050058916823164178
decision_type=2 2
left_child=-1 -2
right_child=1 -3
leaf_value=-0.034318416172091235 0.036432313731070053 -0.0016275671030291227
leaf_weight=3.4573981877183542 3.7877065688371658 0.57466971734538663
leaf_count=3293 222 242
internal_value=0 0.0266252
internal_weight=7.81977 4.36238
internal_count=3757 464
is_linear=0
shrinkage=0.05


Tree=763
num_leaves=3
num_cat=0
split_feature=26 13
split_gain=4.05997 1.06798
threshold=-0.24549254867395884 0.23662438553269713
decision_type=2 2
left_child=-1 -2
right_child=1 -3
leaf_value=-0.036090179161107752 0.037700420055935692 -0.004538161406109199
leaf_weight=4.1221153393853456 4.2673492794856429 0.64678002148866642
leaf_count=3206 271 280
internal_value=0 0.0276179
internal_weight=9.03624 4.91413
internal_count=3757 551
is_linear=0
shrinkage=0.05


Tree=764
num_leaves=3
num_cat=0
split_feature=21 13
split_gain=4.41035 0.87903
threshold=-0.24778315296193945 0.23662438553269713
decision_type=2 2
left_child=-1 -2
right_child=1 -3
leaf_value=-0.036310783353181719 0.037655449029770485 0
leaf_weight=4.1985770297469571 4.4568641353398561 0.51612311636563379
leaf_count=3194 284 279
internal_value=0 0.02971
internal_weight=9.17156 4.97299
internal_count=3757 563
is_linear=0
shrinkage=0.05


Tree=765
num_leaves=3
num_cat=0
split_feature=24 14
split_gain=4.14488 1.07702
threshold=-0.23411998404593962 -0.20676689360969613
decision_type=2 2
left_child=-1 -2
right_child=1 -3
leaf_value=-0.035820967246036201 0.038120436295549759 -0.0041419408860870486
leaf_weight=3.9987587801879272 4.4978475896641612 0.6366742159007116
leaf_count=3212 286 259
internal_value=0 0.0285405
internal_weight=9.13328 5.13452
internal_count=3757 545
is_linear=0
shrinkage=0.05


Tree=766
num_leaves=5
num_cat=0
split_feature=41 42 13 6
split_gain=3.23251 0.812913 0.614092 0.397386
threshold=-0.42870068114435483 1.002943429886807 0.18658008365256532 3.4497916402059494
decision_type=2 2 2 2
left_child=-1 2 3 -2
right_child=1 -3 -4 -5
leaf_value=-0.035489489008627133 0.038578487861846464 -0.0054673404334842357 0 0
leaf_weight=3.7500102320918813 4.3743712048744783 0.66488739964552213 0.37992913438938547 0.20725611108355213
leaf_count=2949 262 193 285 68
internal_value=0 0.0211032 0.0294158 0.0351012
internal_weight=9.37645 5.62644 4.96156 4.58163
internal_count=3757 808 615 330
is_linear=0
shrinkage=0.05


Tree=767
num_leaves=3
num_cat=0
split_feature=34 17
split_gain=3.91732 0.999419
threshold=-0.23121179449146803 -0.24134630560837525
decision_type=2 2
left_child=-1 -2
right_child=1 -3
leaf_value=-0.035750547021161844 0.037303104637305094 -0.0031879942263333817
leaf_weight=3.9752299532410689 4.2147834096103907 0.61355898529291142
leaf_count=3233 257 267
internal_value=0 0.0276495
internal_weight=8.80357 4.82834
internal_count=3757 524
is_linear=0
shrinkage=0.05


Tree=768
num_leaves=4
num_cat=0
split_feature=13 54 39
split_gain=4.50374 1.25102 0.133326
threshold=0.18658008365256532 -0.61019242347065372 -0.47698211949941977
decision_type=2 2 2
left_child=-1 2 -2
right_child=1 -3 -4
leaf_value=-0.035564804179211242 0 -0.0039853813355206361 0.044029819798880376
leaf_weight=3.9060034884605557 0.05412810668349255 0.63305779779329885 4.2091533625498414
leaf_count=3190 1 299 267
internal_value=0 0.0324616 0.0429723
internal_weight=8.80234 4.89634 4.26328
internal_count=3757 567 268
is_linear=0
shrinkage=0.05


Tree=769
num_leaves=5
num_cat=0
split_feature=41 54 6 12
split_gain=3.8009 1.3195 0.139308 0.0539748
threshold=-0.42870068114435483 -0.75431068484562347 -0.98356166893835051 -0.30213978816442666
decision_type=2 2 2 2
left_child=-1 2 -2 -3
right_child=1 3 -4 -5
leaf_value=-0.03738898370777153 0 0 0.038090899057523414 -0.013524831043886271
leaf_weight=3.7691479527857155 0.57040711492300022 0.1033746078610418 4.3589300811290741 0.95598171860910952
leaf_count=2949 5 1 257 545
internal_value=0 0.0233384 0.0351331 -0.00917937
internal_weight=9.75784 5.98869 4.92934 1.05936
internal_count=3757 808 262 546
is_linear=0
shrinkage=0.05


Tree=770
num_leaves=2
num_cat=0
split_feature=9
split_gain=4.85621
threshold=-1.2850973392307055
decision_type=2
left_child=-1
right_child=-2
leaf_value=0.036373236588336848 -0.036185821452891224
leaf_weight=4.0519322976469994 4.1725204979302362
leaf_count=300 3491
internal_value=0
internal_weight=8.22445
internal_count=3791
is_linear=0
shrinkage=0.05


Tree=771
num_leaves=2
num_cat=0
split_feature=17
split_gain=4.3816
threshold=-0.23682318279820655
decision_type=2
left_child=-1
right_child=-2
leaf_value=-0.035391736959941349 0.035904062404057357
leaf_weight=3.8418982611037791 3.7785276733338833
leaf_count=3521 270
internal_value=0
internal_weight=7.62043
internal_count=3791
is_linear=0
shrinkage=0.05


Tree=772
num_leaves=3
num_cat=0
split_feature=31 13
split_gain=3.77792 0.917221
threshold=-0.22678979233387167 0.23662438553269713
decision_type=2 2
left_child=-1 -2
right_child=1 -3
leaf_value=-0.035173503379339464 0.037342242664180313 -0.00087536665870824922
leaf_weight=3.7557065460714512 4.1412764061242342 0.5561930869007482
leaf_count=3275 261 255
internal_value=0 0.0283582
internal_weight=8.45318 4.69747
internal_count=3791 516
is_linear=0
shrinkage=0.05


Tree=773
num_leaves=3
num_cat=0
split_feature=21 14
split_gain=6.08691 0.701918
threshold=-0.25310059789262179 -0.22342537014154873
decision_type=2 2
left_child=-1 -2
right_child=1 -3
leaf_value=-0.035957279857337147 0 0.040758814022423609
leaf_weight=4.069367591291666 0.3444297551177441 6.496382063254714
leaf_count=3227 276 288
internal_value=0.00699773 0.0366645
internal_weight=10.9102 6.84081
internal_count=3791 564
is_linear=0
shrinkage=0.05


Tree=774
num_leaves=3
num_cat=0
split_feature=32 13
split_gain=3.87138 1.00722
threshold=-0.24843806083186923 0.23662438553269713
decision_type=2 2
left_child=-1 -2
right_child=1 -3
leaf_value=-0.035464756421815534 0.037388367875768054 -0.0032478034921037883
leaf_weight=3.8589819677290507 4.2945447601377964 0.61381478537805367
leaf_count=3221 288 282
internal_value=0 0.0278537
internal_weight=8.76734 4.90836
internal_count=3791 570
is_linear=0
shrinkage=0.05


Tree=775
num_leaves=3
num_cat=0
split_feature=28 13
split_gain=3.56738 1.06336
threshold=-0.2362180797808642 0.23662438553269713
decision_type=2 2
left_child=-1 -2
right_child=1 -3
leaf_value=-0.034942537731946492 0.03734814367367794 -0.0049035398736758419
leaf_weight=3.6652990154689178 4.1335795046761632 0.65613572602160264
leaf_count=3257 271 263
internal_value=0 0.0269176
internal_weight=8.45501 4.78972
internal_count=3791 534
is_linear=0
shrinkage=0.05


Tree=776
num_leaves=3
num_cat=0
split_feature=14 13
split_gain=3.03526 0.821009
threshold=-0.19445728539780005 0.23662438553269713
decision_type=2 2
left_child=-1 -2
right_child=1 -3
leaf_value=-0.033615401015915772 0.036017312502736432 0
leaf_weight=3.244474200066179 3.6699412576854229 0.52859509678091843
leaf_count=3327 230 234
internal_value=0 0.0267294
internal_weight=7.44301 4.19854
internal_count=3791 464
is_linear=0
shrinkage=0.05


Tree=777
num_leaves=4
num_cat=0
split_feature=26 11 46
split_gain=3.78307 0.387563 0.0863329
threshold=-0.094677701640651452 0.26146111498592245 1.086212000647081
decision_type=2 2 2
left_child=2 -2 -1
right_child=1 -3 -4
leaf_value=-0.034637741607451061 0.034973398761797093 0 0
leaf_weight=4.2870808249572292 3.5172998029738669 0.23410524544306088 0.18798386468552042
leaf_count=3439 258 73 21
internal_value=-0.00129819 0.0304612 -0.0333325
internal_weight=8.22647 3.75141 4.47506
internal_count=3791 331 3460
is_linear=0
shrinkage=0.05


Tree=778
num_leaves=3
num_cat=0
split_feature=21 13
split_gain=3.87423 0.846937
threshold=-0.24778315296193945 0.23662438553269713
decision_type=2 2
left_child=-1 -2
right_child=1 -3
leaf_value=-0.035710068111729484 0.036722183803335702 0
leaf_weight=3.9450256904237904 4.0491233328357339 0.52182537992484856
leaf_count=3236 276 279
internal_value=0 0.0281462
internal_weight=8.51597 4.57095
internal_count=3791 555
is_linear=0
shrinkage=0.05


Tree=779
num_leaves=3
num_cat=0
split_feature=24 14
split_gain=3.68195 0.948565
threshold=-0.23411998404593962 -0.20676689360969613
decision_type=2 2
left_child=-1 -2
right_child=1 -3
leaf_value=-0.035211278605963223 0.03713001827582673 -0.0021127606762898908
leaf_weight=3.7622606148943305 4.0602573920041323 0.58526372851338226
leaf_count=3259 277 255
internal_value=0 0.0276026
internal_weight=8.40778 4.64552
internal_count=3791 532
is_linear=0
shrinkage=0.05


Tree=780
num_leaves=5
num_cat=0
split_feature=41 12 34 42
split_gain=3.34884 0.818254 0.600479 0.431488
threshold=-0.42870068114435483 -0.30213978816442666 -0.25418381851398736 1.4720803849749828
decision_type=2 2 2 2
left_child=-1 -2 3 -3
right_child=1 2 -4 -5
leaf_value=-0.034883700245207018 -0.0031367365531699424 0.040450546066231836 0 0
leaf_weight=3.5418070329469629 0.60590350569691498 4.431039989925921 0.34465490817092348 0.20981614105403412
leaf_count=2975 219 266 287 44
internal_value=0 0.0238114 0.0316313 0.0368732
internal_weight=9.13322 5.59141 4.98551 4.64086
internal_count=3791 816 597 310
is_linear=0
shrinkage=0.05


Tree=781
num_leaves=7
num_cat=0
split_feature=12 13 52 25 43 11
split_gain=2.1288 0.627688 0.130871 0.0693272 0.0630367 0.017376
threshold=-0.29621121795630795 -0.25629099962523044 0.8322947060160758 -0.56285028749000421 -0.12385056389317338 -0.38537277073883242
decision_type=2 2 2 2 2 2
left_child=-1 3 -3 -2 -4 -5
right_child=1 2 4 5 -6 -7
leaf_value=-0.032343110319008619 0 -0.010901398543370982 0.013859301755043614 0 0 0.032129874328252934
leaf_weight=2.9126542815938592 0.044734018505551254 1.3117306549684147 0.90286466851830482 0.052444344619289374 0.16025149682536699 2.9272742690518498
leaf_count=2725 32 663 33 23 79 236
internal_value=0 0.0172337 0 0.0306979 0.00845986 0.0316905
internal_weight=8.31195 5.3993 2.37485 3.02445 1.06312 2.97972
internal_count=3791 1066 775 291 112 259
is_linear=0
shrinkage=0.05


Tree=782
num_leaves=3
num_cat=0
split_feature=13 54
split_gain=4.26507 1.19775
threshold=0.18658008365256532 -0.61019242347065372
decision_type=2 2
left_child=-1 -2
right_child=1 -3
leaf_value=-0.034877698168913382 0.043421620135037989 -0.0026206958264774782
leaf_weight=3.6500962649006397 4.0618786523118615 0.59818755672313262
leaf_count=3210 279 302
internal_value=5.22512e-05 0.0329853
internal_weight=8.31016 4.66007
internal_count=3791 581
is_linear=0
shrinkage=0.05


Tree=783
num_leaves=4
num_cat=0
split_feature=11 54 42
split_gain=4.02272 0.857863 0.300589
threshold=0.71621590034713301 -0.72166332319269699 1.472268160469836
decision_type=2 2 2
left_child=2 -2 -1
right_child=1 -3 -4
leaf_value=-0.039965484991478784 0.036099168207478514 -0.00056143846977794217 0
leaf_weight=4.0938583657843992 3.8674363968893886 0.55005407333374012 0.55165432265494008
leaf_count=3068 257 262 204
internal_value=-0.00282515 0.0268575 -0.0357764
internal_weight=9.063 4.41749 4.64551
internal_count=3791 519 3272
is_linear=0
shrinkage=0.05


Tree=784
num_leaves=2
num_cat=0
split_feature=9
split_gain=4.39382
threshold=-1.2850973392307055
decision_type=2
left_child=-1
right_child=-2
leaf_value=0.035672758609428992 -0.035509900744717986
leaf_weight=3.7847919669002295 3.8871275389101356
leaf_count=300 3491
internal_value=0
internal_weight=7.67192
internal_count=3791
is_linear=0
shrinkage=0.05


Tree=785
num_leaves=2
num_cat=0
split_feature=17
split_gain=3.954
threshold=-0.23682318279820655
decision_type=2
left_child=-1
right_child=-2
leaf_value=-0.034679068446174889 0.035149856531410124
leaf_weight=3.5814817370264791 3.5278451666235924
leaf_count=3521 270
internal_value=0
internal_weight=7.10933
internal_count=3791
is_linear=0
shrinkage=0.05


Tree=786
num_leaves=3
num_cat=0
split_feature=31 13
split_gain=3.38973 0.854595
threshold=-0.22678979233387167 0.23662438553269713
decision_type=2 2
left_child=-1 -2
right_child=1 -3
leaf_value=-0.034457464692999609 0.036609330138857435 0
leaf_weight=3.5042072143405676 3.8697613757103682 0.53439069411251683
leaf_count=3275 261 255
internal_value=0 0.0275418
internal_weight=7.90836 4.40415
internal_count=3791 516
is_linear=0
shrinkage=0.05


Tree=787
num_leaves=4
num_cat=0
split_feature=26 14 6
split_gain=5.62776 0.592592 0.0401505
threshold=-0.24806915564393919 -0.22342537014154873 -1.3906648075652643
decision_type=2 2 2
left_child=2 -2 -1
right_child=1 -3 -4
leaf_value=0 0 0.040342472040835832 -0.035329826119323803
leaf_weight=0.049568806076422667 0.29277229472063471 6.1530227549374104 3.8143368836026639
leaf_count=13 262 287 3229
internal_value=0.0072091 0.0366827 -0.0347997
internal_weight=10.3097 6.4458 3.86391
internal_count=3791 549 3242
is_linear=0
shrinkage=0.05


Tree=788
num_leaves=3
num_cat=0
split_feature=32 13
split_gain=3.47477 0.935141
threshold=-0.24843806083186923 0.23662438553269713
decision_type=2 2
left_child=-1 -2
right_child=1 -3
leaf_value=-0.034760769559105537 0.036680220860306541 -0.0022305629071996077
leaf_weight=3.6001254430739209 4.0079289749264717 0.58839172741863865
leaf_count=3221 288 282
internal_value=0 0.0270635
internal_weight=8.19645 4.59632
internal_count=3791 570
is_linear=0
shrinkage=0.05


Tree=789
num_leaves=3
num_cat=0
split_feature=28 13
split_gain=3.19759 0.983568
threshold=-0.2362180797808642 0.23662438553269713
decision_type=2 2
left_child=-1 -2
right_child=1 -3
leaf_value=-0.034215463914354642 0.036615395764599566 -0.0038567915220966186
leaf_weight=3.4207378069404513 3.8605286441743374 0.62810185505077232
leaf_count=3257 271 263
internal_value=0 0.0261217
internal_weight=7.90937 4.48863
internal_count=3791 534
is_linear=0
shrinkage=0.05


Tree=790
num_leaves=3
num_cat=0
split_feature=14 11
split_gain=2.71204 0.763442
threshold=-0.19445728539780005 -0.050058916823164178
decision_type=2 2
left_child=-1 -2
right_child=1 -3
leaf_value=-0.032834113040745475 0.035237873110667166 0
leaf_weight=3.0312344526173547 3.4314884664490823 0.5081481368979438
leaf_count=3327 230 234
internal_value=0 0.0258783
internal_weight=6.97087 3.93964
internal_count=3791 464
is_linear=0
shrinkage=0.05


Tree=791
num_leaves=4
num_cat=0
split_feature=26 11 26
split_gain=3.39534 0.361614 0.0799579
threshold=-0.094677701640651452 0.26146111498592245 -0.22590044214168895
decision_type=2 2 2
left_child=2 -2 -1
right_child=1 -3 -4
leaf_value=-0.035055847171853248 0.034199825996917295 0 0
leaf_weight=3.7095892849611118 3.2862109318375592 0.2253838013857602 0.47776373440865416
leaf_count=3279 258 73 181
internal_value=-0.00107039 0.0296405 -0.0325731
internal_weight=7.69895 3.51159 4.18735
internal_count=3791 331 3460
is_linear=0
shrinkage=0.05


Tree=792
num_leaves=3
num_cat=0
split_feature=21 13
split_gain=3.48664 0.790823
threshold=-0.24778315296193945 0.23662438553269713
decision_type=2 2
left_child=-1 -2
right_child=1 -3
leaf_value=-0.035015767764886754 0.03602422743972556 0
leaf_weight=3.6801275538746268 3.7908180309459567 0.50164193054661144
leaf_count=3236 276 279
internal_value=0 0.0273746
internal_weight=7.97259 4.29246
internal_count=3791 555
is_linear=0
shrinkage=0.05


Tree=793
num_leaves=3
num_cat=0
split_feature=24 14
split_gain=3.30369 0.881687
threshold=-0.23411998404593962 -0.20676689360969613
decision_type=2 2
left_child=-1 -2
right_child=1 -3
leaf_value=-0.034496688501730551 0.036400884647765801 -0.001119282566418648
leaf_weight=3.5107463845051825 3.7936924733221531 0.56166999484412361
leaf_count=3259 277 255
internal_value=0 0.0267963
internal_weight=7.86611 4.35536
internal_count=3791 532
is_linear=0
shrinkage=0.05


Tree=794
num_leaves=4
num_cat=0
split_feature=41 42 51
split_gain=2.9992 0.759468 0.61428
threshold=-0.42870068114435483 1.002943429886807 1.0000000180025095e-35
decision_type=2 2 2
left_child=-1 2 -2
right_child=1 -3 -4
leaf_value=-0.034167892866891009 0 -0.0023446160346740855 0.038998454738214949
leaf_weight=3.3157725594937801 0.9460054205264895 0.58394174580462266 3.755239982274361
leaf_count=2975 392 189 235
internal_value=0 0.0229358 0.0308059
internal_weight=8.60096 5.28519 4.70125
internal_count=3791 816 627
is_linear=0
shrinkage=0.05


Tree=795
num_leaves=3
num_cat=0
split_feature=34 17
split_gain=3.29472 0.848064
threshold=-0.23121179449146803 -0.24134630560837525
decision_type=2 2
left_child=-1 -2
right_child=1 -3
leaf_value=-0.034457787912181868 0.036158051099454448 -0.0002587169466661524
leaf_weight=3.501491695351433 3.7877066629007459 0.54321018152404565
leaf_count=3266 261 264
internal_value=0 0.0268614
internal_weight=7.83241 4.33092
internal_count=3791 525
is_linear=0
shrinkage=0.05


Tree=796
num_leaves=3
num_cat=0
split_feature=13 54
split_gain=3.85084 1.11984
threshold=0.18658008365256532 -0.61019242347065372
decision_type=2 2
left_child=-1 -2
right_child=1 -3
leaf_value=-0.034149349872134985 0.042710651624131193 -0.0016530961486800743
leaf_weight=3.4066734646912664 3.8130646916106343 0.57461488165426988
leaf_count=3210 279 302
internal_value=0 0.0322111
internal_weight=7.79435 4.38768
internal_count=3791 581
is_linear=0
shrinkage=0.05


Tree=797
num_leaves=4
num_cat=0
split_feature=11 54 42
split_gain=3.63174 0.800953 0.2887
threshold=0.71621590034713301 -0.72166332319269699 1.472268160469836
decision_type=2 2 2
left_child=2 -2 -1
right_child=1 -3 -4
leaf_value=-0.039249684003310602 0.035423105284707788 0 0
leaf_weight=3.8371156599605456 3.6312584588304162 0.52848288207314897 0.53507712495047588
leaf_count=3068 257 262 204
internal_value=-0.00261788 0.0261298 -0.0349745
internal_weight=8.53193 4.15974 4.37219
internal_count=3791 519 3272
is_linear=0
shrinkage=0.05


Tree=798
num_leaves=2
num_cat=0
split_feature=53
split_gain=3.96756
threshold=-1.699017011978367
decision_type=2
left_child=-1
right_child=-2
leaf_value=0.034934065835512181 -0.034805657929707599
leaf_weight=3.5334436381235719 3.6244734780630097
leaf_count=300 3491
internal_value=0
internal_weight=7.15792
internal_count=3791
is_linear=0
shrinkage=0.05


Tree=799
num_leaves=2
num_cat=0
split_feature=17
split_gain=3.56397
threshold=-0.23682318279820655
decision_type=2
left_child=-1
right_child=-2
leaf_value=-0.033938264042675741 0.034370767097230991
leaf_weight=3.341824930801522 3.2964037731289864
leaf_count=3521 270
internal_value=0
internal_weight=6.63823
internal_count=3791
is_linear=0
shrinkage=0.05


Tree=800
num_leaves=3
num_cat=0
split_feature=31 13
split_gain=3.03469 0.795898
threshold=-0.22678979233387167 0.23662438553269713
decision_type=2 2
left_child=-1 -2
right_child=1 -3
leaf_value=-0.03371315639282297 0.035845624451290609 0
leaf_weight=3.2723392336047255 3.6161744752898812 0.51401231833733607
leaf_count=3275 261 255
internal_value=0 0.0266933
internal_weight=7.40253 4.13019
internal_count=3791 516
is_linear=0
shrinkage=0.05


Tree=801
num_leaves=3
num_cat=0
split_feature=21 14
split_gain=5.19744 0.617233
threshold=-0.25310059789262179 -0.22342537014154873
decision_type=2 2
left_child=-1 -2
right_child=1 -3
leaf_value=-0.034593875333197265 0 0.040018433433838596
leaf_weight=3.5497472349088639 0.31000031030271191 5.9120648838579655
leaf_count=3227 276 288
internal_value=0.00750507 0.0360287
internal_weight=9.77181 6.22207
internal_count=3791 564
is_linear=0
shrinkage=0.05


Tree=802
num_leaves=3
num_cat=0
split_feature=32 13
split_gain=3.11323 0.868509
threshold=-0.24843806083186923 0.23662438553269713
decision_type=2 2
left_child=-1 -2
right_child=1 -3
leaf_value=-0.034029622349851095 0.035944331927088374 -0.0012403363206054232
leaf_weight=3.3617637878051028 3.742073611356318 0.56472713383845974
leaf_count=3221 288 282
internal_value=0 0.0262457
internal_weight=7.66856 4.3068
internal_count=3791 570
is_linear=0
shrinkage=0.05


Tree=803
num_leaves=3
num_cat=0
split_feature=28 13
split_gain=2.86065 0.909951
threshold=-0.2362180797808642 0.23662438553269713
decision_type=2 2
left_child=-1 -2
right_child=1 -3
leaf_value=-0.03346102407950155 0.035854853121328828 -0.0028354882498220265
leaf_weight=3.1954559180303477 3.607173484750092 0.60201584454625834
leaf_count=3257 271 263
internal_value=0 0.0252989
internal_weight=7.40465 4.20919
internal_count=3791 534
is_linear=0
shrinkage=0.05


Tree=804
num_leaves=3
num_cat=0
split_feature=14 11
split_gain=2.41814 0.708779
threshold=-0.19445728539780005 -0.050058916823164178
decision_type=2 2
left_child=-1 -2
right_child=1 -3
leaf_value=-0.03202653157112402 0.034428407139150838 0
leaf_weight=2.834845136734657 3.2093603638932113 0.48861732543446112
leaf_count=3327 230 234
internal_value=0 0.0250051
internal_weight=6.53282 3.69798
internal_count=3791 464
is_linear=0
shrinkage=0.05


Tree=805
num_leaves=4
num_cat=0
split_feature=26 11 46
split_gain=3.05556 0.337441 0.075826
threshold=-0.094677701640651452 0.26146111498592245 1.086212000647081
decision_type=2 2 2
left_child=2 -2 -1
right_child=1 -3 -4
leaf_value=-0.033175150385673494 0.033433631774680443 0 0
leaf_weight=3.7471040607779291 3.0809829002246265 0.21702847687993188 0.17489937099162478
leaf_count=3439 258 73 21
internal_value=-0.000814175 0.0288412 -0.0318464
internal_weight=7.22001 3.29801 3.922
internal_count=3791 331 3460
is_linear=0
shrinkage=0.05


Tree=806
num_leaves=3
num_cat=0
split_feature=21 21
split_gain=3.14866 0.325877
threshold=-0.060684639219044885 -0.24778315296193945
decision_type=2 2
left_child=1 -1
right_child=-2 -3
leaf_value=-0.034293879334060771 0.033520507264911049 0
leaf_weight=3.4360260712564923 3.1108964327722788 0.91214485804084677
leaf_count=3236 267 288
internal_value=0 -0.0280493
internal_weight=7.45907 4.34817
internal_count=3791 3524
is_linear=0
shrinkage=0.05


Tree=807
num_leaves=3
num_cat=0
split_feature=24 14
split_gain=2.95869 0.819775
threshold=-0.23411998404593962 -0.20676689360969613
decision_type=2 2
left_child=-1 -2
right_child=1 -3
leaf_value=-0.033754330968963901 0.035643745407646463 -0.00015329512375833237
leaf_weight=3.2789378429297358 3.5461958348751068 0.53968579787760962
leaf_count=3259 277 255
internal_value=0 0.0259628
internal_weight=7.36482 4.08588
internal_count=3791 532
is_linear=0
shrinkage=0.05


Tree=808
num_leaves=4
num_cat=0
split_feature=41 42 51
split_gain=2.68722 0.709584 0.566106
threshold=-0.42870068114435483 1.002943429886807 1.0000000180025095e-35
decision_type=2 2 2
left_child=-1 2 -2
right_child=1 -3 -4
leaf_value=-0.033400348567714185 0 -0.0016159643110846009 0.03819217274109931
leaf_weight=3.1015989663428627 0.91467308392748226 0.56673787650652219 3.5356833632104099
leaf_count=2975 392 189 235
internal_value=0 0.0221228 0.0300539
internal_weight=8.11869 5.01709 4.45036
internal_count=3791 816 627
is_linear=0
shrinkage=0.05


Tree=809
num_leaves=3
num_cat=0
split_feature=34 14
split_gain=2.94937 0.789042
threshold=-0.23121179449146803 -0.21051313153108595
decision_type=2 2
left_child=-1 -2
right_child=1 -3
leaf_value=-0.03371356594328502 0.035397360454227859 0
leaf_weight=3.2700698780245148 3.5391603969037533 0.52213030273560423
leaf_count=3266 261 264
internal_value=0 0.0260207
internal_weight=7.33136 4.06129
internal_count=3791 525
is_linear=0
shrinkage=0.05


Tree=810
num_leaves=3
num_cat=0
split_feature=13 54
split_gain=3.47167 1.04663
threshold=0.18658008365256532 -0.61019242347065372
decision_type=2 2
left_child=-1 -2
right_child=1 -3
leaf_value=-0.033394040154102363 0.041958293701893662 -0.00070001191921120266
leaf_weight=3.182547012460418 3.5832818662747741 0.55236062477342773
leaf_count=3210 279 302
internal_value=0 0.0314068
internal_weight=7.31819 4.13564
internal_count=3791 581
is_linear=0
shrinkage=0.05


Tree=811
num_leaves=4
num_cat=0
split_feature=11 54 42
split_gain=3.27267 0.751147 0.275571
threshold=0.71621590034713301 -0.72166332319269699 1.472268160469836
decision_type=2 2 2
left_child=2 -2 -1
right_child=1 -3 -4
leaf_value=-0.038507891319563975 0.034731752566522694 0 0
leaf_weight=3.5985020305379294 3.4133061831817035 0.51098263112362463 0.51866907172370691
leaf_count=3068 257 262 204
internal_value=-0.00241015 0.0253482 -0.0341624
internal_weight=8.04146 3.92429 4.11717
internal_count=3791 519 3272
is_linear=0
shrinkage=0.05


Tree=812
num_leaves=2
num_cat=0
split_feature=9
split_gain=3.58212
threshold=-1.2850973392307055
decision_type=2
left_child=-1
right_child=-2
leaf_value=0.034175261153605849 -0.034082945644568825
leaf_weight=3.3029359113425016 3.3855739849386737
leaf_count=300 3491
internal_value=0
internal_weight=6.68851
internal_count=3791
is_linear=0
shrinkage=0.05


Tree=813
num_leaves=3
num_cat=0
split_feature=37 41
split_gain=2.64771 0.37311
threshold=1.0000000180025095e-35 -0.42870068114435483
decision_type=2 2
left_child=-1 -2
right_child=1 -3
leaf_value=-0.032225529627250782 0.033575243182507826 0
leaf_weight=2.8809843583148904 3.0846326416358356 0.24284831358818326
leaf_count=3234 270 287
internal_value=0 0.0284968
internal_weight=6.20847 3.32748
internal_count=3791 557
is_linear=0
shrinkage=0.05


Tree=814
num_leaves=3
num_cat=0
split_feature=31 14
split_gain=2.71683 0.740689
threshold=-0.22678979233387167 -0.20676689360969613
decision_type=2 2
left_child=-1 -2
right_child=1 -3
leaf_value=-0.032953151374542307 0.035067968453607344 0
leaf_weight=3.0616120562772267 3.3838546993210916 0.49454184237401921
leaf_count=3275 261 255
internal_value=0 0.0258445
internal_weight=6.94001 3.8784
internal_count=3791 516
is_linear=0
shrinkage=0.05


Tree=815
num_leaves=4
num_cat=0
split_feature=26 14 6
split_gain=4.81281 0.525647 0.0338349
threshold=-0.24806915564393919 -0.22342537014154873 -1.3906648075652643
decision_type=2 2 2
left_child=2 -2 -1
right_child=1 -3 -4
leaf_value=0 0 0.039608828306620776 -0.033922066557331584
leaf_weight=0.044721210491843855 0.26589664461789642 5.6204942790791392 3.3343923348002136
leaf_count=13 262 287 3229
internal_value=0.00773134 0.0360246 -0.0334011
internal_weight=9.2655 5.88639 3.37911
internal_count=3791 549 3242
is_linear=0
shrinkage=0.05


Tree=816
num_leaves=3
num_cat=0
split_feature=32 13
split_gain=2.78913 0.80736
threshold=-0.24843806083186923 0.23662438553269713
decision_type=2 2
left_child=-1 -2
right_child=1 -3
leaf_value=-0.033283971424531204 0.035192699251573194 -0.00027801813756119214
leaf_weight=3.1454410329461098 3.4988139318302274 0.5426889465888961
leaf_count=3221 288 282
internal_value=0 0.0254187
internal_weight=7.18694 4.0415
internal_count=3791 570
is_linear=0
shrinkage=0.05


Tree=817
num_leaves=3
num_cat=0
split_feature=28 13
split_gain=2.55873 0.842546
threshold=-0.2362180797808642 0.23662438553269713
decision_type=2 2
left_child=-1 -2
right_child=1 -3
leaf_value=-0.032692272127427278 0.035079002984274042 -0.0018412918302586415
leaf_weight=2.9909134230692871 3.375133885070682 0.57774383237119753
leaf_count=3257 271 263
internal_value=0 0.0244676
internal_weight=6.94379 3.95288
internal_count=3791 534
is_linear=0
shrinkage=0.05


Tree=818
num_leaves=3
num_cat=0
split_feature=14 11
split_gain=2.15598 0.657517
threshold=-0.19445728539780005 -0.050058916823164178
decision_type=2 2
left_child=-1 -2
right_child=1 -3
leaf_value=-0.031206660968240693 0.033606487076780725 0
leaf_weight=2.656524159188848 3.006068729795516 0.46996964805293817
leaf_count=3327 230 234
internal_value=0 0.0241345
internal_weight=6.13256 3.47604
internal_count=3791 464
is_linear=0
shrinkage=0.05


Tree=819
num_leaves=4
num_cat=0
split_feature=26 11 26
split_gain=2.73725 0.314051 0.0783536
threshold=-0.094677701640651452 0.26146111498592245 -0.22590044214168895
decision_type=2 2 2
left_child=2 -2 -1
right_child=1 -3 -4
leaf_value=-0.033612675764276533 0.032615349411309974 0 0
leaf_weight=3.241127941932064 2.8840459082275633 0.20902185002341855 0.43837962520774443
leaf_count=3279 258 73 181
internal_value=-0.000581804 0.0279887 -0.0310554
internal_weight=6.77258 3.09307 3.67951
internal_count=3791 331 3460
is_linear=0
shrinkage=0.05


Tree=820
num_leaves=3
num_cat=0
split_feature=21 21
split_gain=2.8341 0.30463
threshold=-0.060684639219044885 -0.24778315296193945
decision_type=2 2
left_child=1 -1
right_child=-2 -3
leaf_value=-0.033549990793932095 0.032746423736205586 0
leaf_weight=3.212465895281639 2.9206523951143026 0.88243262853939075
leaf_count=3236 267 288
internal_value=0 -0.0272707
internal_weight=7.01555 4.0949
internal_count=3791 3524
is_linear=0
shrinkage=0.05


Tree=821
num_leaves=3
num_cat=0
split_feature=24 14
split_gain=2.64942 0.762663
threshold=-0.23411998404593962 -0.20676689360969613
decision_type=2 2
left_child=-1 -2
right_child=1 -3
leaf_value=-0.032997658515556062 0.034871267698457796 0
leaf_weight=3.0685418703360483 3.319577364251018 0.51919675176031876
leaf_count=3259 277 255
internal_value=0 0.0251206
internal_weight=6.90732 3.83877
internal_count=3791 532
is_linear=0
shrinkage=0.05


Tree=822
num_leaves=4
num_cat=0
split_feature=41 42 51
split_gain=2.40741 0.663769 0.52117
threshold=-0.42870068114435483 1.002943429886807 1.0000000180025095e-35
decision_type=2 2 2
left_child=-1 2 -2
right_child=1 -3 -4
leaf_value=-0.032618630628502822 0 -0.00091885986588049237 0.037378228886544601
leaf_weight=2.9065942197339609 0.88491976255318139 0.55077008577063669 3.3331685207085684
leaf_count=2975 392 189 235
internal_value=0 0.0213158 0.0293075
internal_weight=7.67545 4.76886 4.21809
internal_count=3791 816 627
is_linear=0
shrinkage=0.05


Tree=823
num_leaves=3
num_cat=0
split_feature=34 14
split_gain=2.64005 0.733741
threshold=-0.23121179449146803 -0.21051313153108595
decision_type=2 2
left_child=-1 -2
right_child=1 -3
leaf_value=-0.032953996363348913 0.03462151264871504 0
leaf_weight=3.0598006338113919 3.3114990908652548 0.50214422866702069
leaf_count=3266 261 264
internal_value=0 0.0251768
internal_weight=6.87344 3.81364
internal_count=3791 525
is_linear=0
shrinkage=0.05


Tree=824
num_leaves=3
num_cat=0
split_feature=13 54
split_gain=3.12902 0.978726
threshold=0.18658008365256532 -0.61019242347065372
decision_type=2 2
left_child=-1 -2
right_child=1 -3
leaf_value=-0.032624530821969207 0.041176682013157564 0
leaf_weight=2.9790499305236153 3.3727937219664459 0.53162137314211566
leaf_count=3210 279 302
internal_value=0 0.0305832
internal_weight=6.88347 3.90442
internal_count=3791 581
is_linear=0
shrinkage=0.05


Tree=825
num_leaves=4
num_cat=0
split_feature=11 54 42
split_gain=2.94765 0.704367 0.263324
threshold=0.71621590034713301 -0.72166332319269699 1.472268160469836
decision_type=2 2 2
left_child=2 -2 -1
right_child=1 -3 -4
leaf_value=-0.03774261064627174 0.034029945106842818 0 0
leaf_weight=3.3800605623400775 3.2132087638601665 0.49445219757035364 0.50341806805226941
leaf_count=3068 257 262 204
internal_value=-0.00219111 0.0245652 -0.0333276
internal_weight=7.59114 3.70766 3.88348
internal_count=3791 519 3272
is_linear=0
shrinkage=0.05


Tree=826
num_leaves=2
num_cat=0
split_feature=9
split_gain=3.2331
threshold=-1.2850973392307055
decision_type=2
left_child=-1
right_child=-2
leaf_value=0.033400507872122946 -0.033338338771760519
leaf_weight=3.0922355400398374 3.1666474741068669
leaf_count=300 3491
internal_value=0
internal_weight=6.25888
internal_count=3791
is_linear=0
shrinkage=0.05


Tree=827
num_leaves=2
num_cat=0
split_feature=17
split_gain=2.90134
threshold=-0.23682318279820655
decision_type=2
left_child=-1
right_child=-2
leaf_value=-0.032442103739606924 0.032762078548169316
leaf_weight=2.9342491127899848 2.8901591040194035
leaf_count=3521 270
internal_value=0
internal_weight=5.82441
internal_count=3791
is_linear=0
shrinkage=0.05


Tree=828
num_leaves=3
num_cat=0
split_feature=31 13
split_gain=2.43053 0.688684
threshold=-0.22678979233387167 0.23662438553269713
decision_type=2 2
left_child=-1 -2
right_child=1 -3
leaf_value=-0.032173226023909811 0.034273719476823998 0
leaf_weight=2.8684313432313502 3.1701856162399058 0.47594177827704687
leaf_count=3275 261 255
internal_value=0 0.0249917
internal_weight=6.51456 3.64613
internal_count=3791 516
is_linear=0
shrinkage=0.05


Tree=829
num_leaves=4
num_cat=0
split_feature=28 14 6
split_gain=4.46383 0.493351 0.0316499
threshold=-0.24961067945350335 -0.22342537014154873 -1.3906648075652643
decision_type=2 2 2
left_child=2 -2 -1
right_child=1 -3 -4
leaf_value=0 0 0.039254602625734512 -0.033192179212250587
leaf_weight=0.043303575133905148 0.25223585031926621 5.3897221758961678 3.1256191154243425
leaf_count=13 271 287 3220
internal_value=0.00801378 0.0357328 -0.0326673
internal_weight=8.81088 5.64196 3.16892
internal_count=3791 558 3233
is_linear=0
shrinkage=0.05


Tree=830
num_leaves=4
num_cat=0
split_feature=32 53 32
split_gain=2.50226 0.313761 0.184365
threshold=-0.12332149254504084 1.0000000180025095e-35 -0.24843806083186923
decision_type=2 2 2
left_child=2 -2 -1
right_child=1 -3 -4
leaf_value=-0.032518592374248402 0 0.033141148161725413 0
leaf_weight=2.9471278295386587 0.20403295289725099 3.0105635644868016 0.58285144309047598
leaf_count=3221 76 284 210
internal_value=0 0.0287548 -0.0281096
internal_weight=6.74458 3.2146 3.52998
internal_count=3791 360 3431
is_linear=0
shrinkage=0.05


Tree=831
num_leaves=3
num_cat=0
split_feature=28 13
split_gain=2.28648 0.780691
threshold=-0.2362180797808642 0.23662438553269713
decision_type=2 2
left_child=-1 -2
right_child=1 -3
leaf_value=-0.031904219069600719 0.034286130842253092 -0.00087485589584665718
leaf_weight=2.8033970749238506 3.1618638504296546 0.55514279613271345
leaf_count=3257 271 263
internal_value=0 0.0236253
internal_weight=6.5204 3.71701
internal_count=3791 534
is_linear=0
shrinkage=0.05


Tree=832
num_leaves=3
num_cat=0
split_feature=14 11
split_gain=1.92039 0.609322
threshold=-0.19445728539780005 -0.050058916823164178
decision_type=2 2
left_child=-1 -2
right_child=1 -3
leaf_value=-0.030369485472815896 0.032767895162853541 0
leaf_weight=2.493049665063154 2.819033333100379 0.45216627488844086
leaf_count=3327 230 234
internal_value=0 0.0232608
internal_weight=5.76425 3.2712
internal_count=3791 464
is_linear=0
shrinkage=0.05


Tree=833
num_leaves=4
num_cat=0
split_feature=26 11 26
split_gain=2.46107 0.292516 0.072243
threshold=-0.094677701640651452 0.26146111498592245 -0.22590044214168895
decision_type=2 2 2
left_child=2 -2 -1
right_child=1 -3 -4
leaf_value=-0.032851011735645523 0.031820514179992355 0 0
leaf_weight=3.0334535730653447 2.7116932421922688 0.20136242697481055 0.42350384069140989
leaf_count=3279 258 73 181
internal_value=-0.000311341 0.0271762 -0.0302992
internal_weight=6.37001 2.91306 3.45696
internal_count=3791 331 3460
is_linear=0
shrinkage=0.05


Tree=834
num_leaves=7
num_cat=0
split_feature=25 54 44 14 13 13
split_gain=1.27023 0.523991 0.339102 0.216004 0.0511326 0.0143755
threshold=-0.74803596974773778 -0.4721624026331433 0.43488250302248771 -0.17498489827120714 -0.64624039289664104 0.17287715456546834
decision_type=2 2 2 2 2 2
left_child=1 5 3 4 -3 -1
right_child=-2 2 -4 -5 -6 -7
leaf_value=-0.0059024593839636904 -0.028865361813391478 0 0 0 0.032350759757777132 0
leaf_weight=0.68864519742783148 2.2246589037822559 0.031973455101252379 0.27424592006718729 0.14569058292545367 3.0596872690366586 0.17319777340162545
leaf_count=803 2187 32 297 130 314 28
internal_value=0 0.01363 0.0234706 0.0286029 0.0316491 -0.0020046
internal_weight=6.5981 4.37344 3.5116 3.23735 3.09166 0.861843
internal_count=3791 1604 773 476 346 831
is_linear=0
shrinkage=0.05


Tree=835
num_leaves=3
num_cat=0
split_feature=24 14
split_gain=2.37085 0.708989
threshold=-0.23411998404593962 -0.20676689360969613
decision_type=2 2
left_child=-1 -2
right_child=1 -3
leaf_value=-0.032221328021859418 0.034082215307656302 0
leaf_weight=2.8756286719581112 3.1113828131929044 0.49969963147304941
leaf_count=3259 277 255
internal_value=0 0.0242747
internal_weight=6.48671 3.61108
internal_count=3791 532
is_linear=0
shrinkage=0.05


Tree=836
num_leaves=5
num_cat=0
split_feature=11 43 0 6
split_gain=2.09395 0.609396 0.497261 0.340547
threshold=0.39111280430925138 0.99720979933976805 -1.4644296307348059 3.4497916402059494
decision_type=2 2 2 2
left_child=-1 2 -2 -4
right_child=1 -3 3 -5
leaf_value=-0.031477982628693439 0 -0.0002539509581802757 0.037544665058902832 0
leaf_weight=2.7136133591411635 0.30969031341373909 0.53596705512609322 3.5213998053222899 0.18510645325295616
leaf_count=3257 6 189 266 73
internal_value=0 0.0201467 0.0281316 0.0338405
internal_weight=7.26578 4.55216 4.0162 3.70651
internal_count=3791 534 345 339
is_linear=0
shrinkage=0.05


Tree=837
num_leaves=5
num_cat=0
split_feature=12 13 45 52
split_gain=1.32499 0.415139 0.146726 0.0362506
threshold=-0.29621121795630795 -0.18259313094437266 0.081726009189090676 0.8322947060160758
decision_type=2 2 2 2
left_child=-1 2 -2 -3
right_child=1 3 -4 -5
leaf_value=-0.02883664383536811 0.029338930651414852 -0.0075654429760054548 0 0.0020814081977150326
leaf_weight=2.2357314534601755 2.3372655516723175 0.98878517712000735 0.14088173554046068 0.749788171146065
leaf_count=2725 238 622 125 81
internal_value=0 0.0148317 0.0263986 0
internal_weight=6.45245 4.21672 2.47815 1.73857
internal_count=3791 1066 363 703
is_linear=0
shrinkage=0.05


Tree=838
num_leaves=3
num_cat=0
split_feature=13 54
split_gain=2.81786 0.915077
threshold=0.18658008365256532 -0.61019242347065372
decision_type=2 2
left_child=-1 -2
right_child=1 -3
leaf_value=-0.031836055821430696 0.040367298198931902 0
leaf_weight=2.7925336491898634 3.1791583010926847 0.51217467535752792
leaf_count=3210 279 302
internal_value=0 0.0297419
internal_weight=6.48387 3.69133
internal_count=3791 581
is_linear=0
shrinkage=0.05


Tree=839
num_leaves=4
num_cat=0
split_feature=11 54 42
split_gain=2.65339 0.660411 0.251091
threshold=0.71621590034713301 -0.72166332319269699 1.472268160469836
decision_type=2 2 2
left_child=2 -2 -1
right_child=1 -3 -4
leaf_value=-0.036955558769715818 0.033317980935769681 0 0
leaf_weight=3.1787089502904569 3.0291451504454021 0.47883917239960272 0.48884023469872762
leaf_count=3068 257 262 204
internal_value=-0.00196015 0.0237809 -0.0324792
internal_weight=7.17553 3.50798 3.66755
internal_count=3791 519 3272
is_linear=0
shrinkage=0.05


Tree=840
num_leaves=2
num_cat=0
split_feature=9
split_gain=2.92532
threshold=-1.2850973392307055
decision_type=2
left_child=-1
right_child=-2
leaf_value=0.032691593199235001 -0.032541744159477637
leaf_weight=2.918175489641726 2.9563578608212993
leaf_count=300 3459
internal_value=0
internal_weight=5.87453
internal_count=3759
is_linear=0
shrinkage=0.05


Tree=841
num_leaves=2
num_cat=0
split_feature=17
split_gain=2.58583
threshold=-0.23682318279820655
decision_type=2
left_child=-1
right_child=-2
leaf_value=-0.031628619467650269 0.03179872680919249
leaf_weight=2.7455597015214153 2.682316517457366
leaf_count=3493 266
internal_value=0
internal_weight=5.42788
internal_count=3759
is_linear=0
shrinkage=0.05


Tree=842
num_leaves=3
num_cat=0
split_feature=31 13
split_gain=2.1143 0.648957
threshold=-0.22678979233387167 0.23662438553269713
decision_type=2 2
left_child=-1 -2
right_child=1 -3
leaf_value=-0.03133293874404823 0.033260247464310194 0
leaf_weight=2.6809036477934569 2.9217373384162788 0.47291133028920729
leaf_count=3238 257 264
internal_value=0 0.0235658
internal_weight=6.07555 3.39465
internal_count=3759 521
is_linear=0
shrinkage=0.05


Tree=843
num_leaves=3
num_cat=0
split_feature=32 14
split_gain=4.3156 0.436278
threshold=-0.25064220937166765 -0.22342537014154873
decision_type=2 2
left_child=-1 -2
right_child=1 -3
leaf_value=-0.032534702937765371 0 0.039132654115200519
leaf_weight=2.9534185428638011 0.22260693309362967 5.3463703840970993
leaf_count=3193 267 299
internal_value=0.00898689 0.0359928
internal_weight=8.5224 5.56898
internal_count=3759 566
is_linear=0
shrinkage=0.05


Tree=844
num_leaves=4
num_cat=0
split_feature=32 13 46
split_gain=2.31399 0.384436 0.0851061
threshold=-0.17210663246946939 0.36694175323566708 1.337281461914243
decision_type=2 2 2
left_child=2 -2 -1
right_child=1 -3 -4
leaf_value=-0.032615752259152073 0.031895708454109307 0 0
leaf_weight=2.9661932971212086 2.7157995020970707 0.27409170626196999 0.14760646520880971
leaf_count=3331 265 149 14
internal_value=0 0.0257302 -0.0310074
internal_weight=6.10369 2.98989 3.1138
internal_count=3759 414 3345
is_linear=0
shrinkage=0.05


Tree=845
num_leaves=3
num_cat=0
split_feature=28 13
split_gain=2.10502 0.565533
threshold=-0.20915210465647124 0.3373267419610767
decision_type=2 2
left_child=-1 -2
right_child=1 -3
leaf_value=-0.03172708569745919 0.032205680699460532 0
leaf_weight=2.7610081421444193 2.7720846198499207 0.42462795542087395
leaf_count=3276 261 222
internal_value=0 0.0231432
internal_weight=5.95772 3.19671
internal_count=3759 483
is_linear=0
shrinkage=0.05


Tree=846
num_leaves=3
num_cat=0
split_feature=14 11
split_gain=1.68481 0.579394
threshold=-0.19445728539780005 -0.050058916823164178
decision_type=2 2
left_child=-1 -2
right_child=1 -3
leaf_value=-0.029455543777397331 0.031910902421896502 0
leaf_weight=2.3317406124551781 2.6460273414850239 0.45022868271917094
leaf_count=3287 231 241
internal_value=0 0.0220917
internal_weight=5.428 3.09626
internal_count=3759 472
is_linear=0
shrinkage=0.05


Tree=847
num_leaves=9
num_cat=0
split_feature=39 54 13 32 31 11 28 41
split_gain=0.357799 0.268198 0.166442 0.127712 0.13356 0.0853117 0.0854135 0.0734865
threshold=-0.47698211949941977 0.52224063827897504 -0.26670988718414651 1.0000000180025095e-35 0.022232060841922929 -0.14538971558024602 2.2809731207720811 -0.42870976672293087
decision_type=2 2 2 2 2 2 2 2
left_child=1 7 3 4 5 6 -3 -1
right_child=-2 2 -4 -5 -6 -7 -8 -9
leaf_value=0 -0.020542195030408248 0.028984820637914556 0 0 0 0 0 -0.009435874306286153
leaf_weight=0.41581882647005786 1.3551672606845384 2.2107126219198125 0.2155038752243853 0.13239743543090288 0.11859349050791923 0.067718776175752615 0.062714418512768932 1.5737371190334672
leaf_count=49 1336 231 260 163 133 82 78 1427
internal_value=0 0.00459101 0.0153684 0.0196778 0.0226366 0.0255211 0.0272787 -0.000608027
internal_weight=6.15236 4.7972 2.80764 2.59214 2.45974 2.34115 2.27343 1.98956
internal_count=3759 2423 947 687 524 391 309 1476
is_linear=0
shrinkage=0.05


Tree=848
num_leaves=4
num_cat=0
split_feature=21 41 21
split_gain=2.62886 0.0575932 0.0560445
threshold=-0.060684639219044885 -0.42870991216461563 -0.12021446295793767
decision_type=2 2 2
left_child=1 -1 -3
right_child=-2 2 -4
leaf_value=0 0.031386351378126773 -0.032265268339068599 0
leaf_weight=0.1760170866036791 2.6312265675514936 3.1229449479724285 0.18016013375017781
leaf_count=97 274 3344 44
internal_value=0 -0.0296052 -0.0309013
internal_weight=6.11035 3.47912 3.30311
internal_count=3759 3485 3388
is_linear=0
shrinkage=0.05


Tree=849
num_leaves=3
num_cat=0
split_feature=24 14
split_gain=2.10336 0.672556
threshold=-0.23411998404593962 -0.20676689360969613
decision_type=2 2
left_child=-1 -2
right_child=1 -3
leaf_value=-0.031349469650897431 0.033342715387475859 0
leaf_weight=2.6808268730528653 2.9304029745981102 0.49199233960825939
leaf_count=3223 272 264
internal_value=0 0.0233158
internal_weight=6.10322 3.4224
internal_count=3759 536
is_linear=0
shrinkage=0.05


Tree=850
num_leaves=4
num_cat=0
split_feature=11 11 3
split_gain=1.75457 0.29016 0.0102455
threshold=1.9572722054416656 0.39111280430925138 2.7327882675306272
decision_type=2 2 2
left_child=1 -1 -2
right_child=2 -3 -4
leaf_value=-0.030785069515201765 0.028824154623835238 0 0
leaf_weight=2.5687607926665805 2.1829894855618481 1.7264989388640968 0.13962316140532482
leaf_count=3229 214 305 11
internal_value=0 -0.021336 0.0279403
internal_weight=6.61787 4.29526 2.32261
internal_count=3759 3534 225
is_linear=0
shrinkage=0.05


Tree=851
num_leaves=3
num_cat=0
split_feature=34 14
split_gain=2.242 0.677255
threshold=-0.23121179449146803 -0.21051313153108595
decision_type=2 2
left_child=-1 -2
right_child=1 -3
leaf_value=-0.031422235731150876 0.033842607548094032 0
leaf_weight=2.6968951224116609 3.1161445574834947 0.47845657798461605
leaf_count=3205 280 274
internal_value=0 0.0244537
internal_weight=6.2915 3.5946
internal_count=3759 554
is_linear=0
shrinkage=0.05


Tree=852
num_leaves=3
num_cat=0
split_feature=54 14
split_gain=2.3047 0.953747
threshold=-0.68330777695260547 -0.22352134256940756
decision_type=2 2
left_child=1 -1
right_child=-2 -3
leaf_value=-0.0019693773001892103 -0.031072300530140613 0.039195785322802094
leaf_weight=0.57709220971446518 2.6266296983230859 2.8347474448382854
leaf_count=576 2923 260
internal_value=0 0.0264803
internal_weight=6.03847 3.41184
internal_count=3759 836
is_linear=0
shrinkage=0.05


Tree=853
num_leaves=4
num_cat=0
split_feature=41 54 13
split_gain=2.22698 0.856774 0.0502157
threshold=-0.42870068114435483 -0.74611360206791499 0.17287715456546834
decision_type=2 2 2
left_child=-1 2 -2
right_child=1 -3 -4
leaf_value=-0.032760851010946349 0.034115833016551932 -0.00507980888866723 0
leaf_weight=2.5467381151393056 3.3963057901710276 0.66493933286983509 0.4083033651113509
leaf_count=2933 268 556 2
internal_value=0 0.0215013 0.0320051
internal_weight=7.01629 4.46955 3.80461
internal_count=3759 826 270
is_linear=0
shrinkage=0.05


Tree=854
num_leaves=2
num_cat=0
split_feature=9
split_gain=2.6501
threshold=-1.2850973392307055
decision_type=2
left_child=-1
right_child=-2
leaf_value=0.031941246161809565 -0.031774922990537656
leaf_weight=2.7508918633684516 2.7769451245549135
leaf_count=300 3459
internal_value=0
internal_weight=5.52784
internal_count=3759
is_linear=0
shrinkage=0.05


Tree=855
num_leaves=2
num_cat=0
split_feature=17
split_gain=2.33112
threshold=-0.23682318279820655
decision_type=2
left_child=-1
right_child=-2
leaf_value=-0.0308309702927589 0.030967633238625177
leaf_weight=2.5807120753452182 2.5234019523486495
leaf_count=3493 266
internal_value=0
internal_weight=5.10411
internal_count=3759
is_linear=0
shrinkage=0.05


Tree=856
num_leaves=3
num_cat=0
split_feature=31 14
split_gain=1.89559 0.602984
threshold=-0.22678979233387167 -0.20676689360969613
decision_type=2 2
left_child=-1 -2
right_child=1 -3
leaf_value=-0.030538531974814338 0.0324643087264955 0
leaf_weight=2.5230573470471427 2.751747958362103 0.45535569440107782
leaf_count=3238 257 264
internal_value=0 0.0227559
internal_weight=5.73016 3.2071
internal_count=3759 521
is_linear=0
shrinkage=0.05


Tree=857
num_leaves=3
num_cat=0
split_feature=28 26
split_gain=3.98202 0.410286
threshold=-0.24961067945350335 -0.24806915564393919
decision_type=2 2
left_child=-1 -2
right_child=1 -3
leaf_value=-0.031787933561168373 0 0.0386935183997381
leaf_weight=2.7788365957676433 0.21247815922833968 5.0817638738080859
leaf_count=3199 261 299
internal_value=0.00896723 0.0355705
internal_weight=8.07308 5.29424
internal_count=3759 560
is_linear=0
shrinkage=0.05


Tree=858
num_leaves=4
num_cat=0
split_feature=32 13 46
split_gain=2.08423 0.358077 0.0793964
threshold=-0.17210663246946939 0.36694175323566708 1.337281461914243
decision_type=2 2 2
left_child=2 -2 -1
right_child=1 -3 -4
leaf_value=-0.03185181982485083 0.031128294663184015 0 0
leaf_weight=2.7865855487179947 2.5649839248508219 0.26398531324230123 0.14459306228673074
leaf_count=3331 265 149 14
internal_value=0 0.0249644 -0.0302314
internal_weight=5.76015 2.82897 2.93118
internal_count=3759 414 3345
is_linear=0
shrinkage=0.05


Tree=859
num_leaves=3
num_cat=0
split_feature=28 13
split_gain=1.88806 0.525219
threshold=-0.20915210465647124 0.3373267419610767
decision_type=2 2
left_child=-1 -2
right_child=1 -3
leaf_value=-0.030938105194322187 0.031409131056383301 0
leaf_weight=2.5966316484846175 2.6111055556684737 0.40899497305508692
leaf_count=3276 261 222
internal_value=0 0.022336
internal_weight=5.61673 3.0201
internal_count=3759 483
is_linear=0
shrinkage=0.05


Tree=860
num_leaves=3
num_cat=0
split_feature=14 11
split_gain=1.50144 0.536204
threshold=-0.19445728539780005 -0.050058916823164178
decision_type=2 2
left_child=-1 -2
right_child=1 -3
leaf_value=-0.028609588855109926 0.031062558970757 0
leaf_weight=2.1980846584774554 2.4907417017966513 0.43340180942323048
leaf_count=3287 231 241
internal_value=0 0.0212431
internal_weight=5.12223 2.92414
internal_count=3759 472
is_linear=0
shrinkage=0.05


Tree=861
num_leaves=3
num_cat=0
split_feature=26 13
split_gain=1.97953 0.646804
threshold=-0.24549254867395884 0.23662438553269713
decision_type=2 2
left_child=-1 -2
right_child=1 -3
leaf_value=-0.031169573102479021 0.032917455335790491 0
leaf_weight=2.6464568371884525 2.7383256442844872 0.48586093808989961
leaf_count=3206 260 293
internal_value=0 0.022539
internal_weight=5.87064 3.22419
internal_count=3759 553
is_linear=0
shrinkage=0.05


Tree=862
num_leaves=4
num_cat=0
split_feature=21 41 21
split_gain=2.36768 0.0530155 0.0519771
threshold=-0.060684639219044885 -0.42870991216461563 -0.12021446295793767
decision_type=2 2 2
left_child=1 -1 -3
right_child=-2 2 -4
leaf_value=0 0.030554766928054533 -0.031477252965628748 0
leaf_weight=0.17086802789708633 2.4753251625224948 2.9354745220625778 0.17411701998207707
leaf_count=97 274 3344 44
internal_value=0 -0.0288265 -0.0301168
internal_weight=5.75578 3.28046 3.10959
internal_count=3759 3485 3388
is_linear=0
shrinkage=0.05


Tree=863
num_leaves=3
num_cat=0
split_feature=24 14
split_gain=1.88607 0.625045
threshold=-0.23411998404593962 -0.20676689360969613
decision_type=2 2
left_child=-1 -2
right_child=1 -3
leaf_value=-0.030556093557928432 0.032552957745786058 0
leaf_weight=2.5233096437295899 2.7603819575160746 0.4737560098292305
leaf_count=3223 272 264
internal_value=0 0.0225119
internal_weight=5.75745 3.23414
internal_count=3759 536
is_linear=0
shrinkage=0.05


Tree=864
num_leaves=4
num_cat=0
split_feature=11 41 6
split_gain=1.57162 0.281441 0.0151833
threshold=1.9572722054416656 -0.42870068114435483 -0.69352753484956464
decision_type=2 2 2
left_child=1 -1 -3
right_child=-2 2 -4
leaf_value=-0.030153028577462583 0.027157497350103685 0 -0.0056760827024866928
leaf_weight=2.4010827750898898 2.2049257839098573 1.024033037421759 0.67817211122019205
leaf_count=2933 225 145 456
internal_value=0 -0.0204976 0
internal_weight=6.30821 4.10329 1.70221
internal_count=3759 3534 601
is_linear=0
shrinkage=0.05


Tree=865
num_leaves=3
num_cat=0
split_feature=34 14
split_gain=2.01571 0.631083
threshold=-0.23121179449146803 -0.21051313153108595
decision_type=2 2
left_child=-1 -2
right_child=1 -3
leaf_value=-0.030633453438262161 0.033104596847871072 0
leaf_weight=2.5386668961727992 2.9359072735533123 0.4605312761850654
leaf_count=3205 280 274
internal_value=0 0.0236955
internal_weight=5.93511 3.39644
internal_count=3759 554
is_linear=0
shrinkage=0.05


Tree=866
num_leaves=3
num_cat=0
split_feature=54 14
split_gain=2.06195 0.894244
threshold=-0.68330777695260547 -0.22352134256940756
decision_type=2 2
left_child=1 -1
right_child=-2 -3
leaf_value=-0.0012982260254351414 -0.030250853207570091 0.038336234693533311
leaf_weight=0.56106643221573937 2.4692337123560719 2.6786240534856915
leaf_count=576 2923 260
internal_value=0 0.0255313
internal_weight=5.70892 3.23969
internal_count=3759 836
is_linear=0
shrinkage=0.05


Tree=867
num_leaves=5
num_cat=0
split_feature=41 54 6 42
split_gain=2.00545 0.798987 0.0617264 0.0146366
threshold=-0.42870068114435483 -0.75431068484562347 -0.98356166893835051 1.6575019798750323
decision_type=2 2 2 2
left_child=-1 2 -2 -3
right_child=1 3 -4 -5
leaf_value=-0.03192537027588465 0 -0.0061062509623363501 0.034512717024489596 0
leaf_weight=2.4012558605754748 0.47743488661944899 0.69194819632684801 3.0265009170398116 0.08136150985956192
leaf_count=2933 5 557 263 1
internal_value=0 0.0207484 0.0317892 -0.00248325
internal_weight=6.6785 4.27725 3.50394 0.77331
internal_count=3759 826 268 558
is_linear=0
shrinkage=0.05


Tree=868
num_leaves=2
num_cat=0
split_feature=9
split_gain=2.39501
threshold=-1.2850973392307055
decision_type=2
left_child=-1
right_child=-2
leaf_value=0.031159608957191384 -0.030980611810585368
leaf_weight=2.5927107632160187 2.6097545895026997
leaf_count=300 3459
internal_value=0
internal_weight=5.20247
internal_count=3759
is_linear=0
shrinkage=0.05


Tree=869
num_leaves=2
num_cat=0
split_feature=17
split_gain=2.09736
threshold=-0.23682318279820655
decision_type=2
left_child=-1
right_child=-2
leaf_value=-0.030006947264323566 0.030114807585702719
leaf_weight=2.4271341309067793 2.3754572253674269
leaf_count=3493 266
internal_value=0
internal_weight=4.80259
internal_count=3759
is_linear=0
shrinkage=0.05


Tree=870
num_leaves=3
num_cat=0
split_feature=31 13
split_gain=1.69295 0.558888
threshold=-0.22678979233387167 0.23662438553269713
decision_type=2 2
left_child=-1 -2
right_child=1 -3
leaf_value=-0.029717344598599565 0.031627581341061785 0
leaf_weight=2.3755568680935539 2.589186137542129 0.43858000764157612
leaf_count=3238 257 264
internal_value=0 0.0219062
internal_weight=5.40332 3.02777
internal_count=3759 521
is_linear=0
shrinkage=0.05


Tree=871
num_leaves=3
num_cat=0
split_feature=32 13
split_gain=3.68073 0.386573
threshold=-0.25064220937166765 0.13994203084026802
decision_type=2 2
left_child=-1 -2
right_child=1 -3
leaf_value=-0.031014106502227634 0 0.03827500190048104
leaf_weight=2.615627775376197 0.20305719925090659 4.8486773688346148
leaf_count=3193 267 299
internal_value=0.00901841 0.0351755
internal_weight=7.66736 5.05173
internal_count=3759 566
is_linear=0
shrinkage=0.05


Tree=872
num_leaves=4
num_cat=0
split_feature=32 13 46
split_gain=1.86654 0.332135 0.07332
threshold=-0.17210663246946939 0.36694175323566708 1.337281461914243
decision_type=2 2 2
left_child=2 -2 -1
right_child=1 -3 -4
leaf_value=-0.031054777621659504 0.030284684759470461 0 0
leaf_weight=2.6182479010894899 2.4141615377739076 0.25431570294313122 0.14150896837236349
leaf_count=3331 265 149 14
internal_value=0 0.024114 -0.029433
internal_weight=5.42823 2.66848 2.75976
internal_count=3759 414 3345
is_linear=0
shrinkage=0.05


Tree=873
num_leaves=3
num_cat=0
split_feature=28 13
split_gain=1.69135 0.487506
threshold=-0.20915210465647124 0.3373267419610767
decision_type=2 2
left_child=-1 -2
right_child=1 -3
leaf_value=-0.030122637568595647 0.030607326063480201 0
leaf_weight=2.4432917154044844 2.463749505579472 0.39404028642456967
leaf_count=3276 261 222
internal_value=0 0.0215385
internal_weight=5.30108 2.85779
internal_count=3759 483
is_linear=0
shrinkage=0.05


Tree=874
num_leaves=3
num_cat=0
split_feature=14 11
split_gain=1.33458 0.495472
threshold=-0.19445728539780005 -0.050058916823164178
decision_type=2 2
left_child=-1 -2
right_child=1 -3
leaf_value=-0.02774155416991099 0.030193760961494599 0
leaf_weight=2.0734447683207691 2.3460397962480788 0.41733742447104294
leaf_count=3287 231 241
internal_value=0 0.0203839
internal_weight=4.83682 2.76338
internal_count=3759 472
is_linear=0
shrinkage=0.05


Tree=875
num_leaves=3
num_cat=0
split_feature=26 13
split_gain=1.7702 0.599499
threshold=-0.24549254867395884 0.23662438553269713
decision_type=2 2
left_child=-1 -2
right_child=1 -3
leaf_value=-0.030365776103067413 0.032072863576438175 0
leaf_weight=2.4902745808358304 2.5787151809781794 0.46801730431616295
leaf_count=3206 260 293
internal_value=0 0.0216877
internal_weight=5.53701 3.04673
internal_count=3759 553
is_linear=0
shrinkage=0.05


Tree=876
num_leaves=4
num_cat=0
split_feature=21 41 21
split_gain=2.12866 0.0487531 0.0480502
threshold=-0.060684639219044885 -0.42870991216461563 -0.12021446295793767
decision_type=2 2 2
left_child=1 -1 -3
right_child=-2 2 -4
leaf_value=0 0.02970095955600114 -0.030665621161160561 0
leaf_weight=0.16572739079128984 2.3302106996998191 2.7614413722767499 0.16830521391239006
leaf_count=97 274 3344 44
internal_value=0 -0.0280305 -0.0293123
internal_weight=5.42568 3.09547 2.92975
internal_count=3759 3485 3388
is_linear=0
shrinkage=0.05


Tree=877
num_leaves=3
num_cat=0
split_feature=24 17
split_gain=1.68475 0.579369
threshold=-0.23411998404593962 -0.2413460017168535
decision_type=2 2
left_child=-1 -2
right_child=1 -3
leaf_value=-0.029738817171883605 0.031719700526952221 0
leaf_weight=2.3765453795203939 2.597279598936439 0.45632594008930016
leaf_count=3223 272 264
internal_value=0 0.0216644
internal_weight=5.43015 3.05361
internal_count=3759 536
is_linear=0
shrinkage=0.05


Tree=878
num_leaves=5
num_cat=0
split_feature=11 41 12 6
split_gain=1.40228 0.264844 0.0107737 0.0105761
threshold=1.9572722054416656 -0.42870068114435483 -0.30206272648177845 -0.69352753484956464
decision_type=2 2 2 2
left_child=1 -1 -2 -3
right_child=2 3 -4 -5
leaf_value=-0.029306850150564275 0 0 0.027187593843427723 -0.004788355960315174
leaf_weight=2.26290375989629 0.12897063698619637 1.0041372065898029 1.964561531320214 0.65316990751307447
leaf_count=2933 11 145 214 456
internal_value=0 -0.0196741 0.0263063 0
internal_weight=6.01374 3.92021 2.09353 1.65731
internal_count=3759 3534 225 601
is_linear=0
shrinkage=0.05


Tree=879
num_leaves=3
num_cat=0
split_feature=34 14
split_gain=1.80245 0.585951
threshold=-0.23121179449146803 -0.21051313153108595
decision_type=2 2
left_child=-1 -2
right_child=1 -3
leaf_value=-0.029818424149489337 0.032299006701607139 0
leaf_weight=2.3908377482439391 2.7597360154613857 0.44342354754917312
leaf_count=3205 280 274
internal_value=0 0.0228633
internal_weight=5.594 3.20316
internal_count=3759 554
is_linear=0
shrinkage=0.05


Tree=880
num_leaves=4
num_cat=0
split_feature=13 41 14
split_gain=1.86338 0.71 0.105524
threshold=0.18658008365256532 -0.42870068114435483 -0.22352134256940756
decision_type=2 2 2
left_child=-1 2 -2
right_child=1 -3 -4
leaf_value=-0.02947264531574267 0 0 0.037408169693823858
leaf_weight=2.3354413580964319 0.055192951636855336 0.48460902972146858 2.525850921869278
leaf_count=3185 16 299 259
internal_value=0 0.0248139 0.0358982
internal_weight=5.40109 3.06565 2.58104
internal_count=3759 574 275
is_linear=0
shrinkage=0.05


Tree=881
num_leaves=5
num_cat=0
split_feature=41 54 13 43
split_gain=1.8046 0.744253 0.0638751 0.0119865
threshold=-0.42870068114435483 -0.75431068484562347 0.17287715456546834 1.6575725507609023
decision_type=2 2 2 2
left_child=-1 2 -2 -3
right_child=1 3 -4 -5
leaf_value=-0.031077271646856613 0.033477299427011352 -0.0053859968848860721 0 0
leaf_weight=2.2657050091656856 2.9412539517506961 0.67111249826848496 0.40165385603904713 0.080494783818721771
leaf_count=2933 266 557 2 1
internal_value=0 0.0200141 0.0310168 -0.00178917
internal_weight=6.36022 4.09452 3.34291 0.751607
internal_count=3759 826 268 558
is_linear=0
shrinkage=0.05


Tree=882
num_leaves=2
num_cat=0
split_feature=9
split_gain=2.15939
threshold=-1.2850973392307055
decision_type=2
left_child=-1
right_child=-2
leaf_value=0.03033577690774706 -0.030173439257444663
leaf_weight=2.4414181024767458 2.4563987420988269
leaf_count=300 3459
internal_value=0
internal_weight=4.89782
internal_count=3759
is_linear=0
shrinkage=0.05


Tree=883
num_leaves=3
num_cat=0
split_feature=37 41
split_gain=1.51288 0.237453
threshold=1.0000000180025095e-35 -0.42870068114435483
decision_type=2 2
left_child=-1 -2
right_child=1 -3
leaf_value=-0.027943315003711 0.029253997595132822 0
leaf_weight=2.101396920857951 2.2396585475653414 0.18484449019888405
leaf_count=3194 266 299
internal_value=0 0.0244688
internal_weight=4.5259 2.4245
internal_count=3759 565
is_linear=0
shrinkage=0.05


Tree=884
num_leaves=3
num_cat=0
split_feature=31 13
split_gain=1.51112 0.517607
threshold=-0.22678979233387167 0.23662438553269713
decision_type=2 2
left_child=-1 -2
right_child=1 -3
leaf_value=-0.028885489467613348 0.030782301082909677 0
leaf_weight=2.2400793699198402 2.4397737691178922 0.42255679320078332
leaf_count=3238 257 264
internal_value=0 0.0210621
internal_weight=5.10241 2.86233
internal_count=3759 521
is_linear=0
shrinkage=0.05


Tree=885
num_leaves=3
num_cat=0
split_feature=28 14
split_gain=3.41105 0.364117
threshold=-0.24961067945350335 -0.22342537014154873
decision_type=2 2
left_child=-1 -2
right_child=1 -3
leaf_value=-0.030231147287660159 0 0.037872387370131454
leaf_weight=2.4661738451104611 0.19386878394288931 4.6408132771030068
leaf_count=3199 261 299
internal_value=0.00910357 0.0348074
internal_weight=7.30086 4.83468
internal_count=3759 560
is_linear=0
shrinkage=0.05


Tree=886
num_leaves=3
num_cat=0
split_feature=32 13
split_gain=1.67543 0.413915
threshold=-0.22349611166549385 0.23662438553269713
decision_type=2 2
left_child=-1 -2
right_child=1 -3
leaf_value=-0.030083321147537159 0.029975551833593156 0
leaf_weight=2.4334851840394549 2.3586020069196825 0.33681142417481158
leaf_count=3250 267 242
internal_value=0 0.0219087
internal_weight=5.1289 2.69541
internal_count=3759 509
is_linear=0
shrinkage=0.05


Tree=887
num_leaves=3
num_cat=0
split_feature=28 13
split_gain=1.51076 0.45125
threshold=-0.20915210465647124 0.3373267419610767
decision_type=2 2
left_child=-1 -2
right_child=1 -3
leaf_value=-0.029295237889581056 0.029762167888668964 0
leaf_weight=2.3024278668453917 2.3222982557490472 0.37974884826689947
leaf_count=3276 261 222
internal_value=0 0.0206984
internal_weight=5.00447 2.70205
internal_count=3759 483
is_linear=0
shrinkage=0.05


Tree=888
num_leaves=5
num_cat=0
split_feature=39 13 46 41
split_gain=0.787406 0.231796 0.0818755 0.0419405
threshold=-0.30279680760908595 -0.39686092166450643 1.1204487453653302 -0.42870950026279897
decision_type=2 2 2 2
left_child=2 -2 -1 -3
right_child=1 3 -4 -5
leaf_value=-0.022018935357160346 0 0.025461868170640813 0 0
leaf_weight=2.1382854634430264 0.24220159609103609 1.9346748362295332 0.17064556945115317 0.088158167025539913
leaf_count=2972 422 276 16 73
internal_value=0 0.0179819 -0.0195578 0.024168
internal_weight=4.57397 2.26503 2.30893 2.02283
internal_count=3759 771 2988 349
is_linear=0
shrinkage=0.05


Tree=889
num_leaves=9
num_cat=0
split_feature=39 54 13 31 13 10 28 41
split_gain=0.222461 0.17516 0.120344 0.0833544 0.0813996 0.0610502 0.0616797 0.0361437
threshold=-0.47698211949941977 0.52224063827897504 -0.26670988718414651 0.022232060841922929 -0.51787193297621037 -0.12186890650924911 2.2809731207720811 -0.42870976672293087
decision_type=2 2 2 2 2 2 2 2
left_child=1 7 3 4 -3 -6 -7 -1
right_child=-2 2 -4 -5 5 6 -8 -9
leaf_value=0 -0.017446317213401584 0 0 0 0 0.025243475444629918 0 -0.0069906199948630236
leaf_weight=0.37174835090991054 1.158538896590471 0.085721214534715595 0.18413069669622917 0.10134792118333269 0.057756364985835584 1.8677436272264452 0.053753286483697482 1.3490171088487843
leaf_count=49 1336 128 260 133 82 266 78 1427
internal_value=0 0.00335116 0.0131009 0.0172141 0.0197301 0.0220185 0.0236518 0
internal_weight=5.22976 4.07122 2.35045 2.16632 2.06497 1.97925 1.9215 1.72077
internal_count=3759 2423 947 687 554 426 344 1476
is_linear=0
shrinkage=0.05


Tree=890
num_leaves=3
num_cat=0
split_feature=21 21
split_gain=1.91272 0.0458476
threshold=-0.060684639219044885 -0.23911959978443822
decision_type=2 2
left_child=1 -1
right_child=-2 -3
leaf_value=-0.030078687098785414 0.028839137619252664 0
leaf_weight=2.4326669868314643 2.1970809698104858 0.4924496731837279
leaf_count=3209 274 276
internal_value=0 -0.0272247
internal_weight=5.1222 2.92512
internal_count=3759 3485
is_linear=0
shrinkage=0.05


Tree=891
num_leaves=3
num_cat=0
split_feature=24 14
split_gain=1.50466 0.536826
threshold=-0.23411998404593962 -0.20676689360969613
decision_type=2 2
left_child=-1 -2
right_child=1 -3
leaf_value=-0.028909895175868575 0.030885210717294876 0
leaf_weight=2.2415344736655243 2.4483187557198112 0.4396766984136774
leaf_count=3223 272 264
internal_value=0 0.0208322
internal_weight=5.12953 2.888
internal_count=3759 536
is_linear=0
shrinkage=0.05


Tree=892
num_leaves=3
num_cat=0
split_feature=11 41
split_gain=1.25223 0.248927
threshold=1.9572722054416656 -0.42870068114435483
decision_type=2 2
left_child=1 -1
right_child=-2 -3
leaf_value=-0.028451780275085055 0.025499309041016022 0
leaf_weight=2.1359087608288974 1.990116882137954 1.6143358396366241
leaf_count=2933 225 601
internal_value=0 -0.0188578
internal_weight=5.74036 3.75024
internal_count=3759 3534
is_linear=0
shrinkage=0.05


Tree=893
num_leaves=3
num_cat=0
split_feature=34 14
split_gain=1.61111 0.543697
threshold=-0.23121179449146803 -0.21051313153108595
decision_type=2 2
left_child=-1 -2
right_child=1 -3
leaf_value=-0.028992481528200772 0.031485090524294636 0
leaf_weight=2.254967505170498 2.5982028665021066 0.42709281889256079
leaf_count=3205 280 274
internal_value=0 0.0220373
internal_weight=5.28026 3.0253
internal_count=3759 554
is_linear=0
shrinkage=0.05


Tree=894
num_leaves=4
num_cat=0
split_feature=13 41 14
split_gain=1.66506 0.662087 0.0994512
threshold=0.18658008365256532 -0.42870068114435483 -0.22352134256940756
decision_type=2 2 2
left_child=-1 2 -2
right_child=1 -3 -4
leaf_value=-0.028633409522527423 0 0 0.036487300397062016
leaf_weight=2.2025209730491042 0.05375510570593256 0.46997215261217196 2.3924364536069334
leaf_count=3185 16 299 259
internal_value=0 0.0238729 0.0349663
internal_weight=5.11868 2.91616 2.44619
internal_count=3759 574 275
is_linear=0
shrinkage=0.05


Tree=895
num_leaves=5
num_cat=0
split_feature=41 11 10 6
split_gain=1.61811 0.320158 0.278201 0.0827754
threshold=-0.42870068114435483 2.26758349819506 -1.2223135726032457 -0.98356166893835051
decision_type=2 2 2 2
left_child=-1 2 3 -2
right_child=1 -3 -4 -5
leaf_value=-0.030216945003643192 0 0 0 0.031347454322947631
leaf_weight=2.1411111006746069 0.47852761374088038 0.32055888255126763 0.2210274526150896 2.8954865429550418
leaf_count=2933 14 213 314 285
internal_value=0 0.0192354 0.0243807 0.028423
internal_weight=6.05671 3.9156 3.59504 3.37401
internal_count=3759 826 613 299
is_linear=0
shrinkage=0.05


Tree=896
num_leaves=2
num_cat=0
split_feature=9
split_gain=1.95259
threshold=-1.2850973392307055
decision_type=2
left_child=-1
right_child=-2
leaf_value=0.029532474150259072 -0.029377610505367108
leaf_weight=2.3071747031062841 2.3192583738127723
leaf_count=300 3459
internal_value=0
internal_weight=4.62643
internal_count=3759
is_linear=0
shrinkage=0.05


Tree=897
num_leaves=2
num_cat=0
split_feature=17
split_gain=1.70809
threshold=-0.23682318279820655
decision_type=2
left_child=-1
right_child=-2
leaf_value=-0.028400986455658424 0.028429962938139472
leaf_weight=2.1677924126852304 2.1208625822328031
leaf_count=3493 266
internal_value=0
internal_weight=4.28865
internal_count=3759
is_linear=0
shrinkage=0.05


Tree=898
num_leaves=3
num_cat=0
split_feature=31 13
split_gain=1.35479 0.480143
threshold=-0.22678979233387167 0.23662438553269713
decision_type=2 2
left_child=-1 -2
right_child=1 -3
leaf_value=-0.028073360150930111 0.029970689822993349 0
leaf_weight=2.1195260748500004 2.3086504703387623 0.40727420465555031
leaf_count=3238 257 264
internal_value=0 0.0202789
internal_weight=4.83545 2.71592
internal_count=3759 521
is_linear=0
shrinkage=0.05


Tree=899
num_leaves=3
num_cat=0
split_feature=17 14
split_gain=3.17302 0.339365
threshold=-0.24134707303949929 -0.22342537014154873
decision_type=2 2
left_child=-1 -2
right_child=1 -3
leaf_value=-0.029477742237303026 0 0.03746285754128658
leaf_weight=2.3352336872485466 0.18310760351596389 4.4447811208665371
leaf_count=3194 266 299
internal_value=0.00913306 0.0344659
internal_weight=6.96312 4.62789
internal_count=3759 565
is_linear=0
shrinkage=0.05


Tree=900
num_leaves=4
num_cat=0
split_feature=32 53 32
split_gain=1.50906 0.205093 0.0726858
threshold=-0.12772669098209066 1.0000000180025095e-35 -0.22349611166549385
decision_type=2 2 2
left_child=2 -2 -1
right_child=1 -3 -4
leaf_value=-0.029296485420601998 0 0.028189471776189908 0
leaf_weight=2.300012067338685 0.16608464659657363 2.097239775583148 0.2938298393273725
leaf_count=3250 81 263 165
internal_value=0 0.0236925 -0.0267962
internal_weight=4.85717 2.26332 2.59384
internal_count=3759 344 3415
is_linear=0
shrinkage=0.05


Tree=901
num_leaves=3
num_cat=0
split_feature=28 13
split_gain=1.35781 0.419156
threshold=-0.20915210465647124 0.3373267419610767
decision_type=2 2
left_child=-1 -2
right_child=1 -3
leaf_value=-0.028483378450617138 0.028984017594226776 0
leaf_weight=2.1766437271144241 2.2031559785827999 0.36612007161602367
leaf_count=3276 261 222
internal_value=0 0.0199613
internal_weight=4.74592 2.56928
internal_count=3759 483
is_linear=0
shrinkage=0.05


Tree=902
num_leaves=3
num_cat=0
split_feature=14 11
split_gain=1.08535 0.418967
threshold=-0.19445728539780005 -0.050058916823164178
decision_type=2 2
left_child=-1 -2
right_child=1 -3
leaf_value=-0.026161592140110265 0.028605557510692093 0
leaf_weight=1.8737583676411302 2.1105128000490372 0.37898633035365481
leaf_count=3287 231 241
internal_value=0 0.0190834
internal_weight=4.36326 2.4895
internal_count=3759 472
is_linear=0
shrinkage=0.05


Tree=903
num_leaves=3
num_cat=0
split_feature=26 14
split_gain=1.47545 0.512951
threshold=-0.24549254867395884 -0.2208304265381375
decision_type=2 2
left_child=-1 -2
right_child=1 -3
leaf_value=-0.02904313737296696 0.030570070086557318 0
leaf_weight=2.2643430030439049 2.3241719892248516 0.4272262729355133
leaf_count=3206 260 293
internal_value=0 0.0204286
internal_weight=5.01574 2.7514
internal_count=3759 553
is_linear=0
shrinkage=0.05


Tree=904
num_leaves=4
num_cat=0
split_feature=21 41 21
split_gain=1.72889 0.0432148 0.0415766
threshold=-0.060684639219044885 -0.42870991216461563 -0.12021446295793767
decision_type=2 2 2
left_child=1 -1 -3
right_child=-2 2 -4
leaf_value=0 0.02802465011119526 -0.02908422399803607 0
leaf_weight=0.15407857409445602 2.08203647704795 2.4629366537556057 0.15775506617501367
leaf_count=97 274 3344 44
internal_value=0 -0.0264691 -0.0277457
internal_weight=4.85681 2.77477 2.62069
internal_count=3759 3485 3388
is_linear=0
shrinkage=0.05


Tree=905
num_leaves=3
num_cat=0
split_feature=24 14
split_gain=1.34975 0.498242
threshold=-0.23411998404593962 -0.20676689360969613
decision_type=2 2
left_child=-1 -2
right_child=1 -3
leaf_value=-0.028099479179030856 0.03008463672550777 0
leaf_weight=2.1211758994904812 2.3178023556247358 0.42379731370601792
leaf_count=3223 272 264
internal_value=0 0.0200624
internal_weight=4.86278 2.7416
internal_count=3759 536
is_linear=0
shrinkage=0.05


Tree=906
num_leaves=3
num_cat=0
split_feature=11 11
split_gain=1.11915 0.238615
threshold=1.9572722054416656 0.39111280430925138
decision_type=2 2
left_child=1 -1
right_child=-2 -3
leaf_value=-0.027535654843921821 0.024705445898648697 0
leaf_weight=2.0440100049308971 1.9010706208646295 1.5587589762872083
leaf_count=3229 225 305
internal_value=0 -0.0180207
internal_weight=5.50384 3.60277
internal_count=3759 3534
is_linear=0
shrinkage=0.05


Tree=907
num_leaves=3
num_cat=0
split_feature=34 14
split_gain=1.44592 0.505075
threshold=-0.23121179449146803 -0.21051313153108595
decision_type=2 2
left_child=-1 -2
right_child=1 -3
leaf_value=-0.02818656498080864 0.030695486366729842 0
leaf_weight=2.1340817282325588 2.4555616648867731 0.4115128481062128
leaf_count=3205 280 274
internal_value=0 0.0212614
internal_weight=5.00116 2.86707
internal_count=3759 554
is_linear=0
shrinkage=0.05


Tree=908
num_leaves=3
num_cat=0
split_feature=54 14
split_gain=1.50496 0.707795
threshold=-0.68330777695260547 -0.22352134256940756
decision_type=2 2
left_child=1 -1
right_child=-2 -3
leaf_value=0 -0.027872143456750251 0.035593561312214993
leaf_weight=0.49351675354409996 2.0910464349435642 2.2776553574949503
leaf_count=576 2923 260
internal_value=0 0.0231264
internal_weight=4.86222 2.77117
internal_count=3759 836
is_linear=0
shrinkage=0.05


Tree=909
num_leaves=4
num_cat=0
split_feature=41 54 6
split_gain=1.45332 0.654122 0.0711265
threshold=-0.42870068114435483 -0.75431068484562347 -0.98356166893835051
decision_type=2 2 2
left_child=-1 2 -2
right_child=1 -3 -4
leaf_value=-0.029367044977823532 0 -0.00080392577906693036 0.032475560049951717
leaf_weight=2.0294986717926804 0.45700257085263762 0.71681892510969181 2.5949592906981711
leaf_count=2933 5 558 263
internal_value=0 0.0184417 0.0294772
internal_weight=5.79828 3.76878 3.05196
internal_count=3759 826 268
is_linear=0
shrinkage=0.05


end of trees

feature_importances:
syn_total_ratio=260
bytes_per_packet=244
ntp_monlist_queries=210
dns_queries=163
attack_entropy=143
netbios_name_queries=135
baseline_attack_ratio=134
portmap_getport_calls=123
snmp_getbulk_requests=122
ldap_search_requests=116
ssdp_msearch_packets=113
tftp_rrq_packets=111
syn_ack_ratio=111
mssql_sqlbatch_packets=108
attack_packets=79
delta_pps_5w=79
ratio_vs_baseline=74
dns_any_queries=73
http_requests=58
query_response_ratio=49
dns_amplification_factor=40
udp_packets=34
ssdp_responses=34
total_packets=29
syn_packets=27
udp_tcp_ratio=25
total_bytes=19
dns_responses=19
icmp_packets=16
delta_pps_10w=13
new_ips_ratio=12
ip_concentration=11
tcp_packets=10
pps_variance=9
num_heavy_hitters=7
netbios_dgram_packets=5
top_ip_pps_50ms=3
top_ip_pps_1min=3
pps_baseline=2
top_ip_pps_1s=1

parameters:
[boosting: gbdt]
[objective: multiclass]
[metric: multi_logloss]
[tree_learner: serial]
[device_type: cpu]
[data_sample_strategy: bagging]
[data: ]
[valid: ]
[num_iterations: 300]
[learning_rate: 0.05]
[num_leaves: 63]
[num_threads: 0]
[seed: 42]
[deterministic: 0]
[force_col_wise: 0]
[force_row_wise: 0]
[histogram_pool_size: -1]
[max_depth: 8]
[min_data_in_leaf: 10]
[min_sum_hessian_in_leaf: 0.001]
[bagging_fraction: 0.85]
[pos_bagging_fraction: 1]
[neg_bagging_fraction: 1]
[bagging_freq: 5]
[bagging_seed: 400]
[bagging_by_query: 0]
[feature_fraction: 0.9]
[feature_fraction_bynode: 1]
[feature_fraction_seed: 30056]
[extra_trees: 0]
[extra_seed: 12879]
[early_stopping_round: 0]
[early_stopping_min_delta: 0]
[first_metric_only: 0]
[max_delta_step: 0]
[lambda_l1: 0.5]
[lambda_l2: 0.5]
[linear_lambda: 0]
[min_gain_to_split: 0.01]
[drop_rate: 0.1]
[max_drop: 50]
[skip_drop: 0.5]
[xgboost_dart_mode: 0]
[uniform_drop: 0]
[drop_seed: 17869]
[top_rate: 0.2]
[other_rate: 0.1]
[min_data_per_group: 100]
[max_cat_threshold: 32]
[cat_l2: 10]
[cat_smooth: 10]
[max_cat_to_onehot: 4]
[top_k: 20]
[monotone_constraints: ]
[monotone_constraints_method: basic]
[monotone_penalty: 0]
[feature_contri: ]
[forcedsplits_filename: ]
[refit_decay_rate: 0.9]
[cegb_tradeoff: 1]
[cegb_penalty_split: 0]
[cegb_penalty_feature_lazy: ]
[cegb_penalty_feature_coupled: ]
[path_smooth: 0]
[interaction_constraints: ]
[verbosity: -1]
[saved_feature_importance_type: 0]
[use_quantized_grad: 0]
[num_grad_quant_bins: 4]
[quant_train_renew_leaf: 0]
[stochastic_rounding: 1]
[linear_tree: 0]
[max_bin: 255]
[max_bin_by_feature: ]
[min_data_in_bin: 3]
[bin_construct_sample_cnt: 200000]
[data_random_seed: 175]
[is_enable_sparse: 1]
[enable_bundle: 1]
[use_missing: 1]
[zero_as_missing: 0]
[feature_pre_filter: 1]
[pre_partition: 0]
[two_round: 0]
[header: 0]
[label_column: ]
[weight_column: ]
[group_column: ]
[ignore_column: ]
[categorical_feature: ]
[forcedbins_filename: ]
[precise_float_parser: 0]
[parser_config_file: ]
[objective_seed: 16083]
[num_class: 14]
[is_unbalance: 0]
[scale_pos_weight: 1]
[sigmoid: 1]
[boost_from_average: 1]
[reg_sqrt: 0]
[alpha: 0.9]
[fair_c: 1]
[poisson_max_delta_step: 0.7]
[tweedie_variance_power: 1.5]
[lambdarank_truncation_level: 30]
[lambdarank_norm: 1]
[label_gain: ]
[lambdarank_position_bias_regularization: 0]
[eval_at: ]
[multi_error_top_k: 1]
[auc_mu_weights: ]
[num_machines: 1]
[local_listen_port: 12400]
[time_out: 120]
[machine_list_filename: ]
[machines: ]
[gpu_platform_id: -1]
[gpu_device_id: -1]
[gpu_use_dp: 0]
[num_gpu: 1]

end of parameters

pandas_categorical:null
