total_packets,total_bytes,udp_packets,tcp_packets,icmp_packets,syn_packets,http_requests,dns_queries,baseline_packets,attack_packets,udp_tcp_ratio,syn_total_ratio,baseline_attack_ratio,bytes_per_packet,ntp_monlist_queries,ntp_responses,avg_ntp_response_size,dns_any_queries,dns_txt_queries,dns_responses,avg_dns_response_size,snmp_getbulk_requests,snmp_responses,avg_snmp_response_size,ssdp_msearch_packets,ssdp_responses,portmap_getport_calls,portmap_dump_calls,netbios_name_queries,netbios_dgram_packets,ldap_bind_requests,ldap_search_requests,mssql_sqlbatch_packets,mssql_rpc_packets,tftp_rrq_packets,tftp_wrq_packets,ntp_amplification_factor,dns_amplification_factor,snmp_amplification_factor,query_response_ratio,fragmentation_ratio,syn_ack_ratio,syn_only_packets,http_payload_packets,active_attack_protocols,syn_http_ratio,syn_only_ratio,http_payload_ratio,dns_query_ratio,ntp_monlist_ratio,snmp_ratio,ssdp_ratio,icmp_ratio,http_request_ratio,portmap_ratio,netbios_ratio,ldap_ratio,mssql_ratio,tftp_ratio,delta_pps_5w,delta_pps_10w,pps_variance,pps_baseline,ratio_vs_baseline,top_ip_pps_50ms,top_ip_pps_1s,top_ip_pps_1min,ratio_50ms_1min,num_heavy_hitters,ip_concentration,new_ips_ratio,attack_entropy,adaptive_threshold,max_protocol_ratio,protocol_diversity,label
0,0,0,0,0,0,0,0,0,0,0.0,0.0,999.0,0.0,0,0,0,0,0,0,0,0,0,0,0,0,0,0,0,0,0,0,0,0,0,0,0.0,0.0,0.0,0.0,0.0,0.0,0,0,0,0.0,0.0,0.0,0.0,0.0,0.0,0.0,0.0,0.0,0.0,0.0,0.0,0.0,0.0,0.0,0.0,0.0,0.0,1.0,0.0,0.0,0.0,1.0,0,0.0,0.0,0.0,0.0,0.0,0,benign
0,0,0,0,0,0,0,0,0,0,0.0,0.0,999.0,0.0,0,0,0,0,0,0,0,0,0,0,0,0,0,0,0,0,0,0,0,0,0,0,0.0,0.0,0.0,0.0,0.0,0.0,0,0,0,0.0,0.0,0.0,0.0,0.0,0.0,0.0,0.0,0.0,0.0,0.0,0.0,0.0,0.0,0.0,0.0,0.0,0.0,1.0,0.0,0.0,0.0,1.0,0,0.0,0.0,0.0,0.0,0.0,0,benign
0,0,0,0,0,0,0,0,0,0,0.0,0.0,999.0,0.0,0,0,0,0,0,0,0,0,0,0,0,0,0,0,0,0,0,0,0,0,0,0,0.0,0.0,0.0,0.0,0.0,0.0,0,0,0,0.0,0.0,0.0,0.0,0.0,0.0,0.0,0.0,0.0,0.0,0.0,0.0,0.0,0.0,0.0,0.0,0.0,0.0,1.0,0.0,0.0,0.0,1.0,0,0.0,0.0,0.0,0.0,0.0,0,benign
0,0,0,0,0,0,0,0,0,0,0.0,0.0,999.0,0.0,0,0,0,0,0,0,0,0,0,0,0,0,0,0,0,0,0,0,0,0,0,0,0.0,0.0,0.0,0.0,0.0,0.0,0,0,0,0.0,0.0,0.0,0.0,0.0,0.0,0.0,0.0,0.0,0.0,0.0,0.0,0.0,0.0,0.0,0.0,0.0,0.0,1.0,0.0,0.0,0.0,1.0,0,0.0,0.0,0.0,0.0,0.0,0,benign
0,0,0,0,0,0,0,0,0,0,0.0,0.0,999.0,0.0,0,0,0,0,0,0,0,0,0,0,0,0,0,0,0,0,0,0,0,0,0,0,0.0,0.0,0.0,0.0,0.0,0.0,0,0,0,0.0,0.0,0.0,0.0,0.0,0.0,0.0,0.0,0.0,0.0,0.0,0.0,0.0,0.0,0.0,0.0,0.0,0.0,1.0,0.0,0.0,0.0,1.0,0,0.0,0.0,0.0,0.0,0.0,0,benign
0,0,0,0,0,0,0,0,0,0,0.0,0.0,999.0,0.0,0,0,0,0,0,0,0,0,0,0,0,0,0,0,0,0,0,0,0,0,0,0,0.0,0.0,0.0,0.0,0.0,0.0,0,0,0,0.0,0.0,0.0,0.0,0.0,0.0,0.0,0.0,0.0,0.0,0.0,0.0,0.0,0.0,0.0,0.0,0.0,0.0,1.0,0.0,0.0,0.0,1.0,0,0.0,0.0,0.0,0.0,0.0,0,benign
0,0,0,0,0,0,0,0,0,0,0.0,0.0,999.0,0.0,0,0,0,0,0,0,0,0,0,0,0,0,0,0,0,0,0,0,0,0,0,0,0.0,0.0,0.0,0.0,0.0,0.0,0,0,0,0.0,0.0,0.0,0.0,0.0,0.0,0.0,0.0,0.0,0.0,0.0,0.0,0.0,0.0,0.0,0.0,0.0,0.0,1.0,0.0,0.0,0.0,1.0,0,0.0,0.0,0.0,0.0,0.0,0,benign
0,0,0,0,0,0,0,0,0,0,0.0,0.0,999.0,0.0,0,0,0,0,0,0,0,0,0,0,0,0,0,0,0,0,0,0,0,0,0,0,0.0,0.0,0.0,0.0,0.0,0.0,0,0,0,0.0,0.0,0.0,0.0,0.0,0.0,0.0,0.0,0.0,0.0,0.0,0.0,0.0,0.0,0.0,0.0,0.0,0.0,1.0,0.0,0.0,0.0,1.0,0,0.0,0.0,0.0,0.0,0.0,0,benign
0,0,0,0,0,0,0,0,0,0,0.0,0.0,999.0,0.0,0,0,0,0,0,0,0,0,0,0,0,0,0,0,0,0,0,0,0,0,0,0,0.0,0.0,0.0,0.0,0.0,0.0,0,0,0,0.0,0.0,0.0,0.0,0.0,0.0,0.0,0.0,0.0,0.0,0.0,0.0,0.0,0.0,0.0,0.0,0.0,0.0,1.0,0.0,0.0,0.0,1.0,0,0.0,0.0,0.0,0.0,0.0,0,benign
0,0,0,0,0,0,0,0,0,0,0.0,0.0,999.0,0.0,0,0,0,0,0,0,0,0,0,0,0,0,0,0,0,0,0,0,0,0,0,0,0.0,0.0,0.0,0.0,0.0,0.0,0,0,0,0.0,0.0,0.0,0.0,0.0,0.0,0.0,0.0,0.0,0.0,0.0,0.0,0.0,0.0,0.0,0.0,0.0,0.0,1.0,0.0,0.0,0.0,1.0,0,0.0,0.0,0.0,0.0,0.0,0,benign
0,0,0,0,0,0,0,0,0,0,0.0,0.0,999.0,0.0,0,0,0,0,0,0,0,0,0,0,0,0,0,0,0,0,0,0,0,0,0,0,0.0,0.0,0.0,0.0,0.0,0.0,0,0,0,0.0,0.0,0.0,0.0,0.0,0.0,0.0,0.0,0.0,0.0,0.0,0.0,0.0,0.0,0.0,0.0,0.0,0.0,1.0,0.0,0.0,0.0,1.0,0,0.0,0.0,0.0,0.0,0.0,0,benign
0,0,0,0,0,0,0,0,0,0,0.0,0.0,999.0,0.0,0,0,0,0,0,0,0,0,0,0,0,0,0,0,0,0,0,0,0,0,0,0,0.0,0.0,0.0,0.0,0.0,0.0,0,0,0,0.0,0.0,0.0,0.0,0.0,0.0,0.0,0.0,0.0,0.0,0.0,0.0,0.0,0.0,0.0,0.0,0.0,0.0,1.0,0.0,0.0,0.0,1.0,0,0.0,0.0,0.0,0.0,0.0,0,benign
0,0,0,0,0,0,0,0,0,0,0.0,0.0,999.0,0.0,0,0,0,0,0,0,0,0,0,0,0,0,0,0,0,0,0,0,0,0,0,0,0.0,0.0,0.0,0.0,0.0,0.0,0,0,0,0.0,0.0,0.0,0.0,0.0,0.0,0.0,0.0,0.0,0.0,0.0,0.0,0.0,0.0,0.0,0.0,0.0,0.0,1.0,0.0,0.0,0.0,1.0,0,0.0,0.0,0.0,0.0,0.0,0,benign
0,0,0,0,0,0,0,0,0,0,0.0,0.0,999.0,0.0,0,0,0,0,0,0,0,0,0,0,0,0,0,0,0,0,0,0,0,0,0,0,0.0,0.0,0.0,0.0,0.0,0.0,0,0,0,0.0,0.0,0.0,0.0,0.0,0.0,0.0,0.0,0.0,0.0,0.0,0.0,0.0,0.0,0.0,0.0,0.0,0.0,1.0,0.0,0.0,0.0,1.0,0,0.0,0.0,0.0,0.0,0.0,0,benign
0,0,0,0,0,0,0,0,0,0,0.0,0.0,999.0,0.0,0,0,0,0,0,0,0,0,0,0,0,0,0,0,0,0,0,0,0,0,0,0,0.0,0.0,0.0,0.0,0.0,0.0,0,0,0,0.0,0.0,0.0,0.0,0.0,0.0,0.0,0.0,0.0,0.0,0.0,0.0,0.0,0.0,0.0,0.0,0.0,0.0,1.0,0.0,0.0,0.0,1.0,0,0.0,0.0,0.0,0.0,0.0,0,benign
0,0,0,0,0,0,0,0,0,0,0.0,0.0,999.0,0.0,0,0,0,0,0,0,0,0,0,0,0,0,0,0,0,0,0,0,0,0,0,0,0.0,0.0,0.0,0.0,0.0,0.0,0,0,0,0.0,0.0,0.0,0.0,0.0,0.0,0.0,0.0,0.0,0.0,0.0,0.0,0.0,0.0,0.0,0.0,0.0,0.0,1.0,0.0,0.0,0.0,1.0,0,0.0,0.0,0.0,0.0,0.0,0,benign
0,0,0,0,0,0,0,0,0,0,0.0,0.0,999.0,0.0,0,0,0,0,0,0,0,0,0,0,0,0,0,0,0,0,0,0,0,0,0,0,0.0,0.0,0.0,0.0,0.0,0.0,0,0,0,0.0,0.0,0.0,0.0,0.0,0.0,0.0,0.0,0.0,0.0,0.0,0.0,0.0,0.0,0.0,0.0,0.0,0.0,1.0,0.0,0.0,0.0,1.0,0,0.0,0.0,0.0,0.0,0.0,0,benign
0,0,0,0,0,0,0,0,0,0,0.0,0.0,999.0,0.0,0,0,0,0,0,0,0,0,0,0,0,0,0,0,0,0,0,0,0,0,0,0,0.0,0.0,0.0,0.0,0.0,0.0,0,0,0,0.0,0.0,0.0,0.0,0.0,0.0,0.0,0.0,0.0,0.0,0.0,0.0,0.0,0.0,0.0,0.0,0.0,0.0,1.0,0.0,0.0,0.0,1.0,0,0.0,0.0,0.0,0.0,0.0,0,benign
0,0,0,0,0,0,0,0,0,0,0.0,0.0,999.0,0.0,0,0,0,0,0,0,0,0,0,0,0,0,0,0,0,0,0,0,0,0,0,0,0.0,0.0,0.0,0.0,0.0,0.0,0,0,0,0.0,0.0,0.0,0.0,0.0,0.0,0.0,0.0,0.0,0.0,0.0,0.0,0.0,0.0,0.0,0.0,0.0,0.0,1.0,0.0,0.0,0.0,1.0,0,0.0,0.0,0.0,0.0,0.0,0,benign
0,0,0,0,0,0,0,0,0,0,0.0,0.0,999.0,0.0,0,0,0,0,0,0,0,0,0,0,0,0,0,0,0,0,0,0,0,0,0,0,0.0,0.0,0.0,0.0,0.0,0.0,0,0,0,0.0,0.0,0.0,0.0,0.0,0.0,0.0,0.0,0.0,0.0,0.0,0.0,0.0,0.0,0.0,0.0,0.0,0.0,1.0,0.0,0.0,0.0,1.0,0,0.0,0.0,0.0,0.0,0.0,0,benign
0,0,0,0,0,0,0,0,0,0,0.0,0.0,999.0,0.0,0,0,0,0,0,0,0,0,0,0,0,0,0,0,0,0,0,0,0,0,0,0,0.0,0.0,0.0,0.0,0.0,0.0,0,0,0,0.0,0.0,0.0,0.0,0.0,0.0,0.0,0.0,0.0,0.0,0.0,0.0,0.0,0.0,0.0,0.0,0.0,0.0,1.0,0.0,0.0,0.0,1.0,0,0.0,0.0,0.0,0.0,0.0,0,benign
0,0,0,0,0,0,0,0,0,0,0.0,0.0,999.0,0.0,0,0,0,0,0,0,0,0,0,0,0,0,0,0,0,0,0,0,0,0,0,0,0.0,0.0,0.0,0.0,0.0,0.0,0,0,0,0.0,0.0,0.0,0.0,0.0,0.0,0.0,0.0,0.0,0.0,0.0,0.0,0.0,0.0,0.0,0.0,0.0,0.0,1.0,0.0,0.0,0.0,1.0,0,0.0,0.0,0.0,0.0,0.0,0,benign
0,0,0,0,0,0,0,0,0,0,0.0,0.0,999.0,0.0,0,0,0,0,0,0,0,0,0,0,0,0,0,0,0,0,0,0,0,0,0,0,0.0,0.0,0.0,0.0,0.0,0.0,0,0,0,0.0,0.0,0.0,0.0,0.0,0.0,0.0,0.0,0.0,0.0,0.0,0.0,0.0,0.0,0.0,0.0,0.0,0.0,1.0,0.0,0.0,0.0,1.0,0,0.0,0.0,0.0,0.0,0.0,0,benign
0,0,0,0,0,0,0,0,0,0,0.0,0.0,999.0,0.0,0,0,0,0,0,0,0,0,0,0,0,0,0,0,0,0,0,0,0,0,0,0,0.0,0.0,0.0,0.0,0.0,0.0,0,0,0,0.0,0.0,0.0,0.0,0.0,0.0,0.0,0.0,0.0,0.0,0.0,0.0,0.0,0.0,0.0,0.0,0.0,0.0,1.0,0.0,0.0,0.0,1.0,0,0.0,0.0,0.0,0.0,0.0,0,benign
0,0,0,0,0,0,0,0,0,0,0.0,0.0,999.0,0.0,0,0,0,0,0,0,0,0,0,0,0,0,0,0,0,0,0,0,0,0,0,0,0.0,0.0,0.0,0.0,0.0,0.0,0,0,0,0.0,0.0,0.0,0.0,0.0,0.0,0.0,0.0,0.0,0.0,0.0,0.0,0.0,0.0,0.0,0.0,0.0,0.0,1.0,0.0,0.0,0.0,1.0,0,0.0,0.0,0.0,0.0,0.0,0,benign
0,0,0,0,0,0,0,0,0,0,0.0,0.0,999.0,0.0,0,0,0,0,0,0,0,0,0,0,0,0,0,0,0,0,0,0,0,0,0,0,0.0,0.0,0.0,0.0,0.0,0.0,0,0,0,0.0,0.0,0.0,0.0,0.0,0.0,0.0,0.0,0.0,0.0,0.0,0.0,0.0,0.0,0.0,0.0,0.0,0.0,1.0,0.0,0.0,0.0,1.0,0,0.0,0.0,0.0,0.0,0.0,0,benign
0,0,0,0,0,0,0,0,0,0,0.0,0.0,999.0,0.0,0,0,0,0,0,0,0,0,0,0,0,0,0,0,0,0,0,0,0,0,0,0,0.0,0.0,0.0,0.0,0.0,0.0,0,0,0,0.0,0.0,0.0,0.0,0.0,0.0,0.0,0.0,0.0,0.0,0.0,0.0,0.0,0.0,0.0,0.0,0.0,0.0,1.0,0.0,0.0,0.0,1.0,0,0.0,0.0,0.0,0.0,0.0,0,benign
0,0,0,0,0,0,0,0,0,0,0.0,0.0,999.0,0.0,0,0,0,0,0,0,0,0,0,0,0,0,0,0,0,0,0,0,0,0,0,0,0.0,0.0,0.0,0.0,0.0,0.0,0,0,0,0.0,0.0,0.0,0.0,0.0,0.0,0.0,0.0,0.0,0.0,0.0,0.0,0.0,0.0,0.0,0.0,0.0,0.0,1.0,0.0,0.0,0.0,1.0,0,0.0,0.0,0.0,0.0,0.0,0,benign
0,0,0,0,0,0,0,0,0,0,0.0,0.0,999.0,0.0,0,0,0,0,0,0,0,0,0,0,0,0,0,0,0,0,0,0,0,0,0,0,0.0,0.0,0.0,0.0,0.0,0.0,0,0,0,0.0,0.0,0.0,0.0,0.0,0.0,0.0,0.0,0.0,0.0,0.0,0.0,0.0,0.0,0.0,0.0,0.0,0.0,1.0,0.0,0.0,0.0,1.0,0,0.0,0.0,0.0,0.0,0.0,0,benign
0,0,0,0,0,0,0,0,0,0,0.0,0.0,999.0,0.0,0,0,0,0,0,0,0,0,0,0,0,0,0,0,0,0,0,0,0,0,0,0,0.0,0.0,0.0,0.0,0.0,0.0,0,0,0,0.0,0.0,0.0,0.0,0.0,0.0,0.0,0.0,0.0,0.0,0.0,0.0,0.0,0.0,0.0,0.0,0.0,0.0,1.0,0.0,0.0,0.0,1.0,0,0.0,0.0,0.0,0.0,0.0,0,benign
0,0,0,0,0,0,0,0,0,0,0.0,0.0,999.0,0.0,0,0,0,0,0,0,0,0,0,0,0,0,0,0,0,0,0,0,0,0,0,0,0.0,0.0,0.0,0.0,0.0,0.0,0,0,0,0.0,0.0,0.0,0.0,0.0,0.0,0.0,0.0,0.0,0.0,0.0,0.0,0.0,0.0,0.0,0.0,0.0,0.0,1.0,0.0,0.0,0.0,1.0,0,0.0,0.0,0.0,0.0,0.0,0,benign
0,0,0,0,0,0,0,0,0,0,0.0,0.0,999.0,0.0,0,0,0,0,0,0,0,0,0,0,0,0,0,0,0,0,0,0,0,0,0,0,0.0,0.0,0.0,0.0,0.0,0.0,0,0,0,0.0,0.0,0.0,0.0,0.0,0.0,0.0,0.0,0.0,0.0,0.0,0.0,0.0,0.0,0.0,0.0,0.0,0.0,1.0,0.0,0.0,0.0,1.0,0,0.0,0.0,0.0,0.0,0.0,0,benign
0,0,0,0,0,0,0,0,0,0,0.0,0.0,999.0,0.0,0,0,0,0,0,0,0,0,0,0,0,0,0,0,0,0,0,0,0,0,0,0,0.0,0.0,0.0,0.0,0.0,0.0,0,0,0,0.0,0.0,0.0,0.0,0.0,0.0,0.0,0.0,0.0,0.0,0.0,0.0,0.0,0.0,0.0,0.0,0.0,0.0,1.0,0.0,0.0,0.0,1.0,0,0.0,0.0,0.0,0.0,0.0,0,benign
0,0,0,0,0,0,0,0,0,0,0.0,0.0,999.0,0.0,0,0,0,0,0,0,0,0,0,0,0,0,0,0,0,0,0,0,0,0,0,0,0.0,0.0,0.0,0.0,0.0,0.0,0,0,0,0.0,0.0,0.0,0.0,0.0,0.0,0.0,0.0,0.0,0.0,0.0,0.0,0.0,0.0,0.0,0.0,0.0,0.0,1.0,0.0,0.0,0.0,1.0,0,0.0,0.0,0.0,0.0,0.0,0,benign
0,0,0,0,0,0,0,0,0,0,0.0,0.0,999.0,0.0,0,0,0,0,0,0,0,0,0,0,0,0,0,0,0,0,0,0,0,0,0,0,0.0,0.0,0.0,0.0,0.0,0.0,0,0,0,0.0,0.0,0.0,0.0,0.0,0.0,0.0,0.0,0.0,0.0,0.0,0.0,0.0,0.0,0.0,0.0,0.0,0.0,1.0,0.0,0.0,0.0,1.0,0,0.0,0.0,0.0,0.0,0.0,0,benign
0,0,0,0,0,0,0,0,0,0,0.0,0.0,999.0,0.0,0,0,0,0,0,0,0,0,0,0,0,0,0,0,0,0,0,0,0,0,0,0,0.0,0.0,0.0,0.0,0.0,0.0,0,0,0,0.0,0.0,0.0,0.0,0.0,0.0,0.0,0.0,0.0,0.0,0.0,0.0,0.0,0.0,0.0,0.0,0.0,0.0,1.0,0.0,0.0,0.0,1.0,0,0.0,0.0,0.0,0.0,0.0,0,benign
0,0,0,0,0,0,0,0,0,0,0.0,0.0,999.0,0.0,0,0,0,0,0,0,0,0,0,0,0,0,0,0,0,0,0,0,0,0,0,0,0.0,0.0,0.0,0.0,0.0,0.0,0,0,0,0.0,0.0,0.0,0.0,0.0,0.0,0.0,0.0,0.0,0.0,0.0,0.0,0.0,0.0,0.0,0.0,0.0,0.0,1.0,0.0,0.0,0.0,1.0,0,0.0,0.0,0.0,0.0,0.0,0,benign
0,0,0,0,0,0,0,0,0,0,0.0,0.0,999.0,0.0,0,0,0,0,0,0,0,0,0,0,0,0,0,0,0,0,0,0,0,0,0,0,0.0,0.0,0.0,0.0,0.0,0.0,0,0,0,0.0,0.0,0.0,0.0,0.0,0.0,0.0,0.0,0.0,0.0,0.0,0.0,0.0,0.0,0.0,0.0,0.0,0.0,1.0,0.0,0.0,0.0,1.0,0,0.0,0.0,0.0,0.0,0.0,0,benign
0,0,0,0,0,0,0,0,0,0,0.0,0.0,999.0,0.0,0,0,0,0,0,0,0,0,0,0,0,0,0,0,0,0,0,0,0,0,0,0,0.0,0.0,0.0,0.0,0.0,0.0,0,0,0,0.0,0.0,0.0,0.0,0.0,0.0,0.0,0.0,0.0,0.0,0.0,0.0,0.0,0.0,0.0,0.0,0.0,0.0,1.0,0.0,0.0,0.0,1.0,0,0.0,0.0,0.0,0.0,0.0,0,benign
0,0,0,0,0,0,0,0,0,0,0.0,0.0,999.0,0.0,0,0,0,0,0,0,0,0,0,0,0,0,0,0,0,0,0,0,0,0,0,0,0.0,0.0,0.0,0.0,0.0,0.0,0,0,0,0.0,0.0,0.0,0.0,0.0,0.0,0.0,0.0,0.0,0.0,0.0,0.0,0.0,0.0,0.0,0.0,0.0,0.0,1.0,0.0,0.0,0.0,1.0,0,0.0,0.0,0.0,0.0,0.0,0,benign
0,0,0,0,0,0,0,0,0,0,0.0,0.0,999.0,0.0,0,0,0,0,0,0,0,0,0,0,0,0,0,0,0,0,0,0,0,0,0,0,0.0,0.0,0.0,0.0,0.0,0.0,0,0,0,0.0,0.0,0.0,0.0,0.0,0.0,0.0,0.0,0.0,0.0,0.0,0.0,0.0,0.0,0.0,0.0,0.0,0.0,1.0,0.0,0.0,0.0,1.0,0,0.0,0.0,0.0,0.0,0.0,0,benign
0,0,0,0,0,0,0,0,0,0,0.0,0.0,999.0,0.0,0,0,0,0,0,0,0,0,0,0,0,0,0,0,0,0,0,0,0,0,0,0,0.0,0.0,0.0,0.0,0.0,0.0,0,0,0,0.0,0.0,0.0,0.0,0.0,0.0,0.0,0.0,0.0,0.0,0.0,0.0,0.0,0.0,0.0,0.0,0.0,0.0,1.0,0.0,0.0,0.0,1.0,0,0.0,0.0,0.0,0.0,0.0,0,benign
0,0,0,0,0,0,0,0,0,0,0.0,0.0,999.0,0.0,0,0,0,0,0,0,0,0,0,0,0,0,0,0,0,0,0,0,0,0,0,0,0.0,0.0,0.0,0.0,0.0,0.0,0,0,0,0.0,0.0,0.0,0.0,0.0,0.0,0.0,0.0,0.0,0.0,0.0,0.0,0.0,0.0,0.0,0.0,0.0,0.0,1.0,0.0,0.0,0.0,1.0,0,0.0,0.0,0.0,0.0,0.0,0,benign
0,0,0,0,0,0,0,0,0,0,0.0,0.0,999.0,0.0,0,0,0,0,0,0,0,0,0,0,0,0,0,0,0,0,0,0,0,0,0,0,0.0,0.0,0.0,0.0,0.0,0.0,0,0,0,0.0,0.0,0.0,0.0,0.0,0.0,0.0,0.0,0.0,0.0,0.0,0.0,0.0,0.0,0.0,0.0,0.0,0.0,1.0,0.0,0.0,0.0,1.0,0,0.0,0.0,0.0,0.0,0.0,0,benign
0,0,0,0,0,0,0,0,0,0,0.0,0.0,999.0,0.0,0,0,0,0,0,0,0,0,0,0,0,0,0,0,0,0,0,0,0,0,0,0,0.0,0.0,0.0,0.0,0.0,0.0,0,0,0,0.0,0.0,0.0,0.0,0.0,0.0,0.0,0.0,0.0,0.0,0.0,0.0,0.0,0.0,0.0,0.0,0.0,0.0,1.0,0.0,0.0,0.0,1.0,0,0.0,0.0,0.0,0.0,0.0,0,benign
0,0,0,0,0,0,0,0,0,0,0.0,0.0,999.0,0.0,0,0,0,0,0,0,0,0,0,0,0,0,0,0,0,0,0,0,0,0,0,0,0.0,0.0,0.0,0.0,0.0,0.0,0,0,0,0.0,0.0,0.0,0.0,0.0,0.0,0.0,0.0,0.0,0.0,0.0,0.0,0.0,0.0,0.0,0.0,0.0,0.0,1.0,0.0,0.0,0.0,1.0,0,0.0,0.0,0.0,0.0,0.0,0,benign
0,0,0,0,0,0,0,0,0,0,0.0,0.0,999.0,0.0,0,0,0,0,0,0,0,0,0,0,0,0,0,0,0,0,0,0,0,0,0,0,0.0,0.0,0.0,0.0,0.0,0.0,0,0,0,0.0,0.0,0.0,0.0,0.0,0.0,0.0,0.0,0.0,0.0,0.0,0.0,0.0,0.0,0.0,0.0,0.0,0.0,1.0,0.0,0.0,0.0,1.0,0,0.0,0.0,0.0,0.0,0.0,0,benign
0,0,0,0,0,0,0,0,0,0,0.0,0.0,999.0,0.0,0,0,0,0,0,0,0,0,0,0,0,0,0,0,0,0,0,0,0,0,0,0,0.0,0.0,0.0,0.0,0.0,0.0,0,0,0,0.0,0.0,0.0,0.0,0.0,0.0,0.0,0.0,0.0,0.0,0.0,0.0,0.0,0.0,0.0,0.0,0.0,0.0,1.0,0.0,0.0,0.0,1.0,0,0.0,0.0,0.0,0.0,0.0,0,benign
0,0,0,0,0,0,0,0,0,0,0.0,0.0,999.0,0.0,0,0,0,0,0,0,0,0,0,0,0,0,0,0,0,0,0,0,0,0,0,0,0.0,0.0,0.0,0.0,0.0,0.0,0,0,0,0.0,0.0,0.0,0.0,0.0,0.0,0.0,0.0,0.0,0.0,0.0,0.0,0.0,0.0,0.0,0.0,0.0,0.0,1.0,0.0,0.0,0.0,1.0,0,0.0,0.0,0.0,0.0,0.0,0,benign
0,0,0,0,0,0,0,0,0,0,0.0,0.0,999.0,0.0,0,0,0,0,0,0,0,0,0,0,0,0,0,0,0,0,0,0,0,0,0,0,0.0,0.0,0.0,0.0,0.0,0.0,0,0,0,0.0,0.0,0.0,0.0,0.0,0.0,0.0,0.0,0.0,0.0,0.0,0.0,0.0,0.0,0.0,0.0,0.0,0.0,1.0,0.0,0.0,0.0,1.0,0,0.0,0.0,0.0,0.0,0.0,0,benign
0,0,0,0,0,0,0,0,0,0,0.0,0.0,999.0,0.0,0,0,0,0,0,0,0,0,0,0,0,0,0,0,0,0,0,0,0,0,0,0,0.0,0.0,0.0,0.0,0.0,0.0,0,0,0,0.0,0.0,0.0,0.0,0.0,0.0,0.0,0.0,0.0,0.0,0.0,0.0,0.0,0.0,0.0,0.0,0.0,0.0,1.0,0.0,0.0,0.0,1.0,0,0.0,0.0,0.0,0.0,0.0,0,benign
0,0,0,0,0,0,0,0,0,0,0.0,0.0,999.0,0.0,0,0,0,0,0,0,0,0,0,0,0,0,0,0,0,0,0,0,0,0,0,0,0.0,0.0,0.0,0.0,0.0,0.0,0,0,0,0.0,0.0,0.0,0.0,0.0,0.0,0.0,0.0,0.0,0.0,0.0,0.0,0.0,0.0,0.0,0.0,0.0,0.0,1.0,0.0,0.0,0.0,1.0,0,0.0,0.0,0.0,0.0,0.0,0,benign
0,0,0,0,0,0,0,0,0,0,0.0,0.0,999.0,0.0,0,0,0,0,0,0,0,0,0,0,0,0,0,0,0,0,0,0,0,0,0,0,0.0,0.0,0.0,0.0,0.0,0.0,0,0,0,0.0,0.0,0.0,0.0,0.0,0.0,0.0,0.0,0.0,0.0,0.0,0.0,0.0,0.0,0.0,0.0,0.0,0.0,1.0,0.0,0.0,0.0,1.0,0,0.0,0.0,0.0,0.0,0.0,0,benign
0,0,0,0,0,0,0,0,0,0,0.0,0.0,999.0,0.0,0,0,0,0,0,0,0,0,0,0,0,0,0,0,0,0,0,0,0,0,0,0,0.0,0.0,0.0,0.0,0.0,0.0,0,0,0,0.0,0.0,0.0,0.0,0.0,0.0,0.0,0.0,0.0,0.0,0.0,0.0,0.0,0.0,0.0,0.0,0.0,0.0,1.0,0.0,0.0,0.0,1.0,0,0.0,0.0,0.0,0.0,0.0,0,benign
0,0,0,0,0,0,0,0,0,0,0.0,0.0,999.0,0.0,0,0,0,0,0,0,0,0,0,0,0,0,0,0,0,0,0,0,0,0,0,0,0.0,0.0,0.0,0.0,0.0,0.0,0,0,0,0.0,0.0,0.0,0.0,0.0,0.0,0.0,0.0,0.0,0.0,0.0,0.0,0.0,0.0,0.0,0.0,0.0,0.0,1.0,0.0,0.0,0.0,1.0,0,0.0,0.0,0.0,0.0,0.0,0,benign
0,0,0,0,0,0,0,0,0,0,0.0,0.0,999.0,0.0,0,0,0,0,0,0,0,0,0,0,0,0,0,0,0,0,0,0,0,0,0,0,0.0,0.0,0.0,0.0,0.0,0.0,0,0,0,0.0,0.0,0.0,0.0,0.0,0.0,0.0,0.0,0.0,0.0,0.0,0.0,0.0,0.0,0.0,0.0,0.0,0.0,1.0,0.0,0.0,0.0,1.0,0,0.0,0.0,0.0,0.0,0.0,0,benign
0,0,0,0,0,0,0,0,0,0,0.0,0.0,999.0,0.0,0,0,0,0,0,0,0,0,0,0,0,0,0,0,0,0,0,0,0,0,0,0,0.0,0.0,0.0,0.0,0.0,0.0,0,0,0,0.0,0.0,0.0,0.0,0.0,0.0,0.0,0.0,0.0,0.0,0.0,0.0,0.0,0.0,0.0,0.0,0.0,0.0,1.0,0.0,0.0,0.0,1.0,0,0.0,0.0,0.0,0.0,0.0,0,benign
0,0,0,0,0,0,0,0,0,0,0.0,0.0,999.0,0.0,0,0,0,0,0,0,0,0,0,0,0,0,0,0,0,0,0,0,0,0,0,0,0.0,0.0,0.0,0.0,0.0,0.0,0,0,0,0.0,0.0,0.0,0.0,0.0,0.0,0.0,0.0,0.0,0.0,0.0,0.0,0.0,0.0,0.0,0.0,0.0,0.0,1.0,0.0,0.0,0.0,1.0,0,0.0,0.0,0.0,0.0,0.0,0,benign
0,0,0,0,0,0,0,0,0,0,0.0,0.0,999.0,0.0,0,0,0,0,0,0,0,0,0,0,0,0,0,0,0,0,0,0,0,0,0,0,0.0,0.0,0.0,0.0,0.0,0.0,0,0,0,0.0,0.0,0.0,0.0,0.0,0.0,0.0,0.0,0.0,0.0,0.0,0.0,0.0,0.0,0.0,0.0,0.0,0.0,1.0,0.0,0.0,0.0,1.0,0,0.0,0.0,0.0,0.0,0.0,0,benign
0,0,0,0,0,0,0,0,0,0,0.0,0.0,999.0,0.0,0,0,0,0,0,0,0,0,0,0,0,0,0,0,0,0,0,0,0,0,0,0,0.0,0.0,0.0,0.0,0.0,0.0,0,0,0,0.0,0.0,0.0,0.0,0.0,0.0,0.0,0.0,0.0,0.0,0.0,0.0,0.0,0.0,0.0,0.0,0.0,0.0,1.0,0.0,0.0,0.0,1.0,0,0.0,0.0,0.0,0.0,0.0,0,benign
0,0,0,0,0,0,0,0,0,0,0.0,0.0,999.0,0.0,0,0,0,0,0,0,0,0,0,0,0,0,0,0,0,0,0,0,0,0,0,0,0.0,0.0,0.0,0.0,0.0,0.0,0,0,0,0.0,0.0,0.0,0.0,0.0,0.0,0.0,0.0,0.0,0.0,0.0,0.0,0.0,0.0,0.0,0.0,0.0,0.0,1.0,0.0,0.0,0.0,1.0,0,0.0,0.0,0.0,0.0,0.0,0,benign
0,0,0,0,0,0,0,0,0,0,0.0,0.0,999.0,0.0,0,0,0,0,0,0,0,0,0,0,0,0,0,0,0,0,0,0,0,0,0,0,0.0,0.0,0.0,0.0,0.0,0.0,0,0,0,0.0,0.0,0.0,0.0,0.0,0.0,0.0,0.0,0.0,0.0,0.0,0.0,0.0,0.0,0.0,0.0,0.0,0.0,1.0,0.0,0.0,0.0,1.0,0,0.0,0.0,0.0,0.0,0.0,0,benign
0,0,0,0,0,0,0,0,0,0,0.0,0.0,999.0,0.0,0,0,0,0,0,0,0,0,0,0,0,0,0,0,0,0,0,0,0,0,0,0,0.0,0.0,0.0,0.0,0.0,0.0,0,0,0,0.0,0.0,0.0,0.0,0.0,0.0,0.0,0.0,0.0,0.0,0.0,0.0,0.0,0.0,0.0,0.0,0.0,0.0,1.0,0.0,0.0,0.0,1.0,0,0.0,0.0,0.0,0.0,0.0,0,benign
0,0,0,0,0,0,0,0,0,0,0.0,0.0,999.0,0.0,0,0,0,0,0,0,0,0,0,0,0,0,0,0,0,0,0,0,0,0,0,0,0.0,0.0,0.0,0.0,0.0,0.0,0,0,0,0.0,0.0,0.0,0.0,0.0,0.0,0.0,0.0,0.0,0.0,0.0,0.0,0.0,0.0,0.0,0.0,0.0,0.0,1.0,0.0,0.0,0.0,1.0,0,0.0,0.0,0.0,0.0,0.0,0,benign
0,0,0,0,0,0,0,0,0,0,0.0,0.0,999.0,0.0,0,0,0,0,0,0,0,0,0,0,0,0,0,0,0,0,0,0,0,0,0,0,0.0,0.0,0.0,0.0,0.0,0.0,0,0,0,0.0,0.0,0.0,0.0,0.0,0.0,0.0,0.0,0.0,0.0,0.0,0.0,0.0,0.0,0.0,0.0,0.0,0.0,1.0,0.0,0.0,0.0,1.0,0,0.0,0.0,0.0,0.0,0.0,0,benign
0,0,0,0,0,0,0,0,0,0,0.0,0.0,999.0,0.0,0,0,0,0,0,0,0,0,0,0,0,0,0,0,0,0,0,0,0,0,0,0,0.0,0.0,0.0,0.0,0.0,0.0,0,0,0,0.0,0.0,0.0,0.0,0.0,0.0,0.0,0.0,0.0,0.0,0.0,0.0,0.0,0.0,0.0,0.0,0.0,0.0,1.0,0.0,0.0,0.0,1.0,0,0.0,0.0,0.0,0.0,0.0,0,benign
0,0,0,0,0,0,0,0,0,0,0.0,0.0,999.0,0.0,0,0,0,0,0,0,0,0,0,0,0,0,0,0,0,0,0,0,0,0,0,0,0.0,0.0,0.0,0.0,0.0,0.0,0,0,0,0.0,0.0,0.0,0.0,0.0,0.0,0.0,0.0,0.0,0.0,0.0,0.0,0.0,0.0,0.0,0.0,0.0,0.0,1.0,0.0,0.0,0.0,1.0,0,0.0,0.0,0.0,0.0,0.0,0,benign
0,0,0,0,0,0,0,0,0,0,0.0,0.0,999.0,0.0,0,0,0,0,0,0,0,0,0,0,0,0,0,0,0,0,0,0,0,0,0,0,0.0,0.0,0.0,0.0,0.0,0.0,0,0,0,0.0,0.0,0.0,0.0,0.0,0.0,0.0,0.0,0.0,0.0,0.0,0.0,0.0,0.0,0.0,0.0,0.0,0.0,1.0,0.0,0.0,0.0,1.0,0,0.0,0.0,0.0,0.0,0.0,0,benign
0,0,0,0,0,0,0,0,0,0,0.0,0.0,999.0,0.0,0,0,0,0,0,0,0,0,0,0,0,0,0,0,0,0,0,0,0,0,0,0,0.0,0.0,0.0,0.0,0.0,0.0,0,0,0,0.0,0.0,0.0,0.0,0.0,0.0,0.0,0.0,0.0,0.0,0.0,0.0,0.0,0.0,0.0,0.0,0.0,0.0,1.0,0.0,0.0,0.0,1.0,0,0.0,0.0,0.0,0.0,0.0,0,benign
0,0,0,0,0,0,0,0,0,0,0.0,0.0,999.0,0.0,0,0,0,0,0,0,0,0,0,0,0,0,0,0,0,0,0,0,0,0,0,0,0.0,0.0,0.0,0.0,0.0,0.0,0,0,0,0.0,0.0,0.0,0.0,0.0,0.0,0.0,0.0,0.0,0.0,0.0,0.0,0.0,0.0,0.0,0.0,0.0,0.0,1.0,0.0,0.0,0.0,1.0,0,0.0,0.0,0.0,0.0,0.0,0,benign
0,0,0,0,0,0,0,0,0,0,0.0,0.0,999.0,0.0,0,0,0,0,0,0,0,0,0,0,0,0,0,0,0,0,0,0,0,0,0,0,0.0,0.0,0.0,0.0,0.0,0.0,0,0,0,0.0,0.0,0.0,0.0,0.0,0.0,0.0,0.0,0.0,0.0,0.0,0.0,0.0,0.0,0.0,0.0,0.0,0.0,1.0,0.0,0.0,0.0,1.0,0,0.0,0.0,0.0,0.0,0.0,0,benign
0,0,0,0,0,0,0,0,0,0,0.0,0.0,999.0,0.0,0,0,0,0,0,0,0,0,0,0,0,0,0,0,0,0,0,0,0,0,0,0,0.0,0.0,0.0,0.0,0.0,0.0,0,0,0,0.0,0.0,0.0,0.0,0.0,0.0,0.0,0.0,0.0,0.0,0.0,0.0,0.0,0.0,0.0,0.0,0.0,0.0,1.0,0.0,0.0,0.0,1.0,0,0.0,0.0,0.0,0.0,0.0,0,benign
0,0,0,0,0,0,0,0,0,0,0.0,0.0,999.0,0.0,0,0,0,0,0,0,0,0,0,0,0,0,0,0,0,0,0,0,0,0,0,0,0.0,0.0,0.0,0.0,0.0,0.0,0,0,0,0.0,0.0,0.0,0.0,0.0,0.0,0.0,0.0,0.0,0.0,0.0,0.0,0.0,0.0,0.0,0.0,0.0,0.0,1.0,0.0,0.0,0.0,1.0,0,0.0,0.0,0.0,0.0,0.0,0,benign
0,0,0,0,0,0,0,0,0,0,0.0,0.0,999.0,0.0,0,0,0,0,0,0,0,0,0,0,0,0,0,0,0,0,0,0,0,0,0,0,0.0,0.0,0.0,0.0,0.0,0.0,0,0,0,0.0,0.0,0.0,0.0,0.0,0.0,0.0,0.0,0.0,0.0,0.0,0.0,0.0,0.0,0.0,0.0,0.0,0.0,1.0,0.0,0.0,0.0,1.0,0,0.0,0.0,0.0,0.0,0.0,0,benign
0,0,0,0,0,0,0,0,0,0,0.0,0.0,999.0,0.0,0,0,0,0,0,0,0,0,0,0,0,0,0,0,0,0,0,0,0,0,0,0,0.0,0.0,0.0,0.0,0.0,0.0,0,0,0,0.0,0.0,0.0,0.0,0.0,0.0,0.0,0.0,0.0,0.0,0.0,0.0,0.0,0.0,0.0,0.0,0.0,0.0,1.0,0.0,0.0,0.0,1.0,0,0.0,0.0,0.0,0.0,0.0,0,benign
0,0,0,0,0,0,0,0,0,0,0.0,0.0,999.0,0.0,0,0,0,0,0,0,0,0,0,0,0,0,0,0,0,0,0,0,0,0,0,0,0.0,0.0,0.0,0.0,0.0,0.0,0,0,0,0.0,0.0,0.0,0.0,0.0,0.0,0.0,0.0,0.0,0.0,0.0,0.0,0.0,0.0,0.0,0.0,0.0,0.0,1.0,0.0,0.0,0.0,1.0,0,0.0,0.0,0.0,0.0,0.0,0,benign
0,0,0,0,0,0,0,0,0,0,0.0,0.0,999.0,0.0,0,0,0,0,0,0,0,0,0,0,0,0,0,0,0,0,0,0,0,0,0,0,0.0,0.0,0.0,0.0,0.0,0.0,0,0,0,0.0,0.0,0.0,0.0,0.0,0.0,0.0,0.0,0.0,0.0,0.0,0.0,0.0,0.0,0.0,0.0,0.0,0.0,1.0,0.0,0.0,0.0,1.0,0,0.0,0.0,0.0,0.0,0.0,0,benign
0,0,0,0,0,0,0,0,0,0,0.0,0.0,999.0,0.0,0,0,0,0,0,0,0,0,0,0,0,0,0,0,0,0,0,0,0,0,0,0,0.0,0.0,0.0,0.0,0.0,0.0,0,0,0,0.0,0.0,0.0,0.0,0.0,0.0,0.0,0.0,0.0,0.0,0.0,0.0,0.0,0.0,0.0,0.0,0.0,0.0,1.0,0.0,0.0,0.0,1.0,0,0.0,0.0,0.0,0.0,0.0,0,benign
0,0,0,0,0,0,0,0,0,0,0.0,0.0,999.0,0.0,0,0,0,0,0,0,0,0,0,0,0,0,0,0,0,0,0,0,0,0,0,0,0.0,0.0,0.0,0.0,0.0,0.0,0,0,0,0.0,0.0,0.0,0.0,0.0,0.0,0.0,0.0,0.0,0.0,0.0,0.0,0.0,0.0,0.0,0.0,0.0,0.0,1.0,0.0,0.0,0.0,1.0,0,0.0,0.0,0.0,0.0,0.0,0,benign
0,0,0,0,0,0,0,0,0,0,0.0,0.0,999.0,0.0,0,0,0,0,0,0,0,0,0,0,0,0,0,0,0,0,0,0,0,0,0,0,0.0,0.0,0.0,0.0,0.0,0.0,0,0,0,0.0,0.0,0.0,0.0,0.0,0.0,0.0,0.0,0.0,0.0,0.0,0.0,0.0,0.0,0.0,0.0,0.0,0.0,1.0,0.0,0.0,0.0,1.0,0,0.0,0.0,0.0,0.0,0.0,0,benign
0,0,0,0,0,0,0,0,0,0,0.0,0.0,999.0,0.0,0,0,0,0,0,0,0,0,0,0,0,0,0,0,0,0,0,0,0,0,0,0,0.0,0.0,0.0,0.0,0.0,0.0,0,0,0,0.0,0.0,0.0,0.0,0.0,0.0,0.0,0.0,0.0,0.0,0.0,0.0,0.0,0.0,0.0,0.0,0.0,0.0,1.0,0.0,0.0,0.0,1.0,0,0.0,0.0,0.0,0.0,0.0,0,benign
0,0,0,0,0,0,0,0,0,0,0.0,0.0,999.0,0.0,0,0,0,0,0,0,0,0,0,0,0,0,0,0,0,0,0,0,0,0,0,0,0.0,0.0,0.0,0.0,0.0,0.0,0,0,0,0.0,0.0,0.0,0.0,0.0,0.0,0.0,0.0,0.0,0.0,0.0,0.0,0.0,0.0,0.0,0.0,0.0,0.0,1.0,0.0,0.0,0.0,1.0,0,0.0,0.0,0.0,0.0,0.0,0,benign
0,0,0,0,0,0,0,0,0,0,0.0,0.0,999.0,0.0,0,0,0,0,0,0,0,0,0,0,0,0,0,0,0,0,0,0,0,0,0,0,0.0,0.0,0.0,0.0,0.0,0.0,0,0,0,0.0,0.0,0.0,0.0,0.0,0.0,0.0,0.0,0.0,0.0,0.0,0.0,0.0,0.0,0.0,0.0,0.0,0.0,1.0,0.0,0.0,0.0,1.0,0,0.0,0.0,0.0,0.0,0.0,0,benign
0,0,0,0,0,0,0,0,0,0,0.0,0.0,999.0,0.0,0,0,0,0,0,0,0,0,0,0,0,0,0,0,0,0,0,0,0,0,0,0,0.0,0.0,0.0,0.0,0.0,0.0,0,0,0,0.0,0.0,0.0,0.0,0.0,0.0,0.0,0.0,0.0,0.0,0.0,0.0,0.0,0.0,0.0,0.0,0.0,0.0,1.0,0.0,0.0,0.0,1.0,0,0.0,0.0,0.0,0.0,0.0,0,benign
0,0,0,0,0,0,0,0,0,0,0.0,0.0,999.0,0.0,0,0,0,0,0,0,0,0,0,0,0,0,0,0,0,0,0,0,0,0,0,0,0.0,0.0,0.0,0.0,0.0,0.0,0,0,0,0.0,0.0,0.0,0.0,0.0,0.0,0.0,0.0,0.0,0.0,0.0,0.0,0.0,0.0,0.0,0.0,0.0,0.0,1.0,0.0,0.0,0.0,1.0,0,0.0,0.0,0.0,0.0,0.0,0,benign
0,0,0,0,0,0,0,0,0,0,0.0,0.0,999.0,0.0,0,0,0,0,0,0,0,0,0,0,0,0,0,0,0,0,0,0,0,0,0,0,0.0,0.0,0.0,0.0,0.0,0.0,0,0,0,0.0,0.0,0.0,0.0,0.0,0.0,0.0,0.0,0.0,0.0,0.0,0.0,0.0,0.0,0.0,0.0,0.0,0.0,1.0,0.0,0.0,0.0,1.0,0,0.0,0.0,0.0,0.0,0.0,0,benign
0,0,0,0,0,0,0,0,0,0,0.0,0.0,999.0,0.0,0,0,0,0,0,0,0,0,0,0,0,0,0,0,0,0,0,0,0,0,0,0,0.0,0.0,0.0,0.0,0.0,0.0,0,0,0,0.0,0.0,0.0,0.0,0.0,0.0,0.0,0.0,0.0,0.0,0.0,0.0,0.0,0.0,0.0,0.0,0.0,0.0,1.0,0.0,0.0,0.0,1.0,0,0.0,0.0,0.0,0.0,0.0,0,benign
0,0,0,0,0,0,0,0,0,0,0.0,0.0,999.0,0.0,0,0,0,0,0,0,0,0,0,0,0,0,0,0,0,0,0,0,0,0,0,0,0.0,0.0,0.0,0.0,0.0,0.0,0,0,0,0.0,0.0,0.0,0.0,0.0,0.0,0.0,0.0,0.0,0.0,0.0,0.0,0.0,0.0,0.0,0.0,0.0,0.0,1.0,0.0,0.0,0.0,1.0,0,0.0,0.0,0.0,0.0,0.0,0,benign
0,0,0,0,0,0,0,0,0,0,0.0,0.0,999.0,0.0,0,0,0,0,0,0,0,0,0,0,0,0,0,0,0,0,0,0,0,0,0,0,0.0,0.0,0.0,0.0,0.0,0.0,0,0,0,0.0,0.0,0.0,0.0,0.0,0.0,0.0,0.0,0.0,0.0,0.0,0.0,0.0,0.0,0.0,0.0,0.0,0.0,1.0,0.0,0.0,0.0,1.0,0,0.0,0.0,0.0,0.0,0.0,0,benign
0,0,0,0,0,0,0,0,0,0,0.0,0.0,999.0,0.0,0,0,0,0,0,0,0,0,0,0,0,0,0,0,0,0,0,0,0,0,0,0,0.0,0.0,0.0,0.0,0.0,0.0,0,0,0,0.0,0.0,0.0,0.0,0.0,0.0,0.0,0.0,0.0,0.0,0.0,0.0,0.0,0.0,0.0,0.0,0.0,0.0,1.0,0.0,0.0,0.0,1.0,0,0.0,0.0,0.0,0.0,0.0,0,benign
0,0,0,0,0,0,0,0,0,0,0.0,0.0,999.0,0.0,0,0,0,0,0,0,0,0,0,0,0,0,0,0,0,0,0,0,0,0,0,0,0.0,0.0,0.0,0.0,0.0,0.0,0,0,0,0.0,0.0,0.0,0.0,0.0,0.0,0.0,0.0,0.0,0.0,0.0,0.0,0.0,0.0,0.0,0.0,0.0,0.0,1.0,0.0,0.0,0.0,1.0,0,0.0,0.0,0.0,0.0,0.0,0,benign
0,0,0,0,0,0,0,0,0,0,0.0,0.0,999.0,0.0,0,0,0,0,0,0,0,0,0,0,0,0,0,0,0,0,0,0,0,0,0,0,0.0,0.0,0.0,0.0,0.0,0.0,0,0,0,0.0,0.0,0.0,0.0,0.0,0.0,0.0,0.0,0.0,0.0,0.0,0.0,0.0,0.0,0.0,0.0,0.0,0.0,1.0,0.0,0.0,0.0,1.0,0,0.0,0.0,0.0,0.0,0.0,0,benign
0,0,0,0,0,0,0,0,0,0,0.0,0.0,999.0,0.0,0,0,0,0,0,0,0,0,0,0,0,0,0,0,0,0,0,0,0,0,0,0,0.0,0.0,0.0,0.0,0.0,0.0,0,0,0,0.0,0.0,0.0,0.0,0.0,0.0,0.0,0.0,0.0,0.0,0.0,0.0,0.0,0.0,0.0,0.0,0.0,0.0,1.0,0.0,0.0,0.0,1.0,0,0.0,0.0,0.0,0.0,0.0,0,benign
0,0,0,0,0,0,0,0,0,0,0.0,0.0,999.0,0.0,0,0,0,0,0,0,0,0,0,0,0,0,0,0,0,0,0,0,0,0,0,0,0.0,0.0,0.0,0.0,0.0,0.0,0,0,0,0.0,0.0,0.0,0.0,0.0,0.0,0.0,0.0,0.0,0.0,0.0,0.0,0.0,0.0,0.0,0.0,0.0,0.0,1.0,0.0,0.0,0.0,1.0,0,0.0,0.0,0.0,0.0,0.0,0,benign
0,0,0,0,0,0,0,0,0,0,0.0,0.0,999.0,0.0,0,0,0,0,0,0,0,0,0,0,0,0,0,0,0,0,0,0,0,0,0,0,0.0,0.0,0.0,0.0,0.0,0.0,0,0,0,0.0,0.0,0.0,0.0,0.0,0.0,0.0,0.0,0.0,0.0,0.0,0.0,0.0,0.0,0.0,0.0,0.0,0.0,1.0,0.0,0.0,0.0,1.0,0,0.0,0.0,0.0,0.0,0.0,0,benign
0,0,0,0,0,0,0,0,0,0,0.0,0.0,999.0,0.0,0,0,0,0,0,0,0,0,0,0,0,0,0,0,0,0,0,0,0,0,0,0,0.0,0.0,0.0,0.0,0.0,0.0,0,0,0,0.0,0.0,0.0,0.0,0.0,0.0,0.0,0.0,0.0,0.0,0.0,0.0,0.0,0.0,0.0,0.0,0.0,0.0,1.0,0.0,0.0,0.0,1.0,0,0.0,0.0,0.0,0.0,0.0,0,benign
0,0,0,0,0,0,0,0,0,0,0.0,0.0,999.0,0.0,0,0,0,0,0,0,0,0,0,0,0,0,0,0,0,0,0,0,0,0,0,0,0.0,0.0,0.0,0.0,0.0,0.0,0,0,0,0.0,0.0,0.0,0.0,0.0,0.0,0.0,0.0,0.0,0.0,0.0,0.0,0.0,0.0,0.0,0.0,0.0,0.0,1.0,0.0,0.0,0.0,1.0,0,0.0,0.0,0.0,0.0,0.0,0,benign
0,0,0,0,0,0,0,0,0,0,0.0,0.0,999.0,0.0,0,0,0,0,0,0,0,0,0,0,0,0,0,0,0,0,0,0,0,0,0,0,0.0,0.0,0.0,0.0,0.0,0.0,0,0,0,0.0,0.0,0.0,0.0,0.0,0.0,0.0,0.0,0.0,0.0,0.0,0.0,0.0,0.0,0.0,0.0,0.0,0.0,1.0,0.0,0.0,0.0,1.0,0,0.0,0.0,0.0,0.0,0.0,0,benign
118272,14444729,27046,83020,8206,21735,44523,11712,73776,0,0.3257769212238015,0.18377130681818182,999.0,122.13143432088745,0,0,0,0,0,11710,108,0,0,0,0,0,0,0,0,0,0,0,0,0,0,0,0.0,0.0,0.0,0.0,0.0,1.9997239856472537,12833,8911,3,1.4401301761867356,0.10850412608225109,0.07534327651515152,0.09902597402597403,0.0,0.0,0.0,0.06938244047619048,0.3764458198051948,0.0,0.0,0.0,0.0,0.0,0.0,0.0,0.0,0.0,1.0,0.0,0.0,0.0,1.0,0,0.0,0.0,0.0,0.0,0.10850412608225109,4,benign
897024,111452098,219881,628218,48925,164541,336535,89728,565946,0,0.35000748147935906,0.1834298747859589,999.0,124.24650622502854,0,0,0,0,0,89731,108,0,0,0,0,0,0,0,0,0,0,0,0,0,0,0,0.0,0.0,0.0,0.0,0.0,2.0000607769728207,97224,67301,3,1.4446144930981708,0.10838505993150685,0.07502697809646118,0.1000285388127854,0.0,0.0,0.0,0.054541461543949774,0.3751683344035388,0.0,0.0,0.0,0.0,0.0,0.0,0.0,0.0,0.0,1.0,0.0,0.0,0.0,1.0,0,0.0,0.0,0.0,0.0,0.10838505993150685,4,benign
883712,109485356,215380,618619,49713,162031,331353,88560,556761,0,0.348162600890047,0.18335272124855156,999.0,123.89257586181924,0,0,0,0,0,88557,108,0,0,0,0,0,0,0,0,0,0,0,0,0,0,0,0.0,0.0,0.0,0.0,0.0,2.0001110960239967,95762,66267,3,1.4450933345405708,0.108363358198146,0.07498709986964079,0.10021364426419467,0.0,0.0,0.0,0.05625475267960602,0.3749558679750869,0.0,0.0,0.0,0.0,0.0,0.0,0.0,0.0,0.0,1.0,0.0,0.0,0.0,1.0,0,0.0,0.0,0.0,0.0,0.108363358198146,4,benign
903680,112181963,220688,633179,49813,165827,339193,90057,570123,0,0.34853967045653755,0.1835019033286119,999.0,124.13903483533994,0,0,0,0,0,90052,108,0,0,0,0,0,0,0,0,0,0,0,0,0,0,0,0.0,0.0,0.0,0.0,0.0,1.9998914590318146,97992,67838,3,1.4445001326690057,0.10843661473087819,0.07506860835694051,0.09965585162889519,0.0,0.0,0.0,0.05512238845609065,0.3753463615439093,0.0,0.0,0.0,0.0,0.0,0.0,0.0,0.0,0.0,1.0,0.0,0.0,0.0,1.0,0,0.0,0.0,0.0,0.0,0.10843661473087819,4,benign
885280,109920744,217212,619859,48209,162370,332083,88731,558424,0,0.3504216281444651,0.18341089824688234,999.0,124.16494668353515,0,0,0,0,0,88744,108,0,0,0,0,0,0,0,0,0,0,0,0,0,0,0,0.0,0.0,0.0,0.0,0.0,2.00017246051886,95936,66421,3,1.4443624757230393,0.1083679739743358,0.07502823965299114,0.10022930598228809,0.0,0.0,0.0,0.05445621724200253,0.3751163473703235,0.0,0.0,0.0,0.0,0.0,0.0,0.0,0.0,0.0,1.0,0.0,0.0,0.0,1.0,0,0.0,0.0,0.0,0.0,0.1083679739743358,4,benign
952765,110595339,233972,666763,52979,174754,333481,89515,600994,0,0.35090729389603204,0.18341773679763634,999.0,116.0782973765829,0,0,0,0,0,95721,108,0,0,0,0,0,0,0,0,0,0,0,0,0,0,0,0.0,0.0,0.0,0.0,0.0,1.998467590686611,96519,66693,3,1.447213350726463,0.10130409912202905,0.069999422732783,0.09395286350779049,0.0,0.0,0.0,0.055605527071208534,0.35001390689204576,0.0,0.0,0.0,0.0,0.0,0.0,0.0,0.0,0.0,1.0,0.0,0.0,0.0,1.0,0,0.0,0.0,0.0,0.0,0.10130409912202905,4,benign
1138616,125715968,247955,796901,55189,185702,380241,101225,717823,0,0.31114906368545153,0.16309449366599452,999.0,110.4112079928615,0,0,0,0,0,107539,108,0,0,0,0,0,0,0,0,0,0,0,0,0,0,0,0.0,0.0,0.0,0.0,0.0,2.002501752304955,109651,76051,3,1.4418087862092543,0.09630200172841415,0.06679249193758036,0.0889017895409866,0.0,0.0,0.0,0.048470248090664456,0.3339501640588223,0.0,0.0,0.0,0.0,0.0,0.0,0.0,0.0,0.0,1.0,0.0,0.0,0.0,1.0,0,0.0,0.0,0.0,0.0,0.09630200172841415,4,benign
950715,125873219,247310,665248,57510,185993,380831,101650,598836,0,0.37175609697436146,0.1956348642863529,999.0,132.39847798761986,0,0,0,0,0,101490,108,0,0,0,0,0,0,0,0,0,0,0,0,0,0,0,0.0,0.0,0.0,0.0,0.0,1.998828599370238,109835,76169,3,1.4419908361669445,0.11552883882130817,0.08011759570428573,0.1069195289860789,0.0,0.0,0.0,0.06049131443176977,0.40057325276239464,0.0,0.0,0.0,0.0,0.0,0.0,0.0,0.0,0.0,1.0,0.0,0.0,0.0,1.0,0,0.0,0.0,0.0,0.0,0.11552883882130817,4,benign
891392,110413727,216353,623947,51092,163448,334126,88949,561545,0,0.34674900271978226,0.1833626507754164,999.0,123.86663443243826,0,0,0,0,0,88947,108,0,0,0,0,0,0,0,0,0,0,0,0,0,0,0,0.0,0.0,0.0,0.0,0.0,2.0002447561005456,96610,66824,3,1.4457380581826889,0.10838104896611143,0.07496589603676049,0.0997866258615738,0.0,0.0,0.0,0.057317095060310165,0.37483621122917865,0.0,0.0,0.0,0.0,0.0,0.0,0.0,0.0,0.0,1.0,0.0,0.0,0.0,1.0,0,0.0,0.0,0.0,0.0,0.10838104896611143,4,benign
882176,109478699,216204,617250,48722,161685,330429,88367,556420,0,0.35026974483596596,0.18327975369994196,999.0,124.10074520277134,0,0,0,0,0,88367,108,0,0,0,0,0,0,0,0,0,0,0,0,0,0,0,0.0,0.0,0.0,0.0,0.0,1.9999628914947305,95606,66083,3,1.446756351860539,0.1083751995066744,0.07490908843586767,0.10016935396111433,0.0,0.0,0.0,0.05522934199071387,0.3745613120284388,0.0,0.0,0.0,0.0,0.0,0.0,0.0,0.0,0.0,1.0,0.0,0.0,0.0,1.0,0,0.0,0.0,0.0,0.0,0.1083751995066744,4,benign
892546,110835587,219533,623822,49191,163327,334263,89658,562908,0,0.35191609144916336,0.18299000835811263,999.0,124.1791313837046,0,0,0,0,0,89662,108,0,0,0,0,0,0,0,0,0,0,0,0,0,0,0,0.0,0.0,0.0,0.0,0.0,2.000012245447755,96495,66860,3,1.4432396051450793,0.10811207489585971,0.07490930439439536,0.10045196550093777,0.0,0.0,0.0,0.05511312582208648,0.37450506752593143,0.0,0.0,0.0,0.0,0.0,0.0,0.0,0.0,0.0,1.0,0.0,0.0,0.0,1.0,0,0.0,0.0,0.0,0.0,0.10811207489585971,4,benign
1019180,126238620,249359,712735,56860,186256,381101,101907,642611,0,0.34986215072923316,0.18275083890971172,999.0,123.86292902137012,0,0,0,0,0,101926,108,0,0,0,0,0,0,0,0,0,0,0,0,0,0,0,0.0,0.0,0.0,0.0,0.0,2.001568964590833,110018,76231,3,1.4432186380868675,0.10794756569006456,0.07479640495300144,0.0999892070095567,0.0,0.0,0.0,0.055789948782354444,0.3739290409937401,0.0,0.0,0.0,0.0,0.0,0.0,0.0,0.0,0.0,1.0,0.0,0.0,0.0,1.0,0,0.0,0.0,0.0,0.0,0.10794756569006456,4,benign
888705,118135823,218468,621574,48663,162787,357128,95452,560716,0,0.35147544781474127,0.18317326897001818,999.0,132.9303008309844,0,0,0,0,0,89121,108,0,0,0,0,0,0,0,0,0,0,0,0,0,0,0,0.0,0.0,0.0,0.0,0.0,2.000380938337143,102999,71410,3,1.4423610138636045,0.11589785136800175,0.080352873000602,0.10740571955823361,0.0,0.0,0.0,0.05475720289634918,0.4018521331600475,0.0,0.0,0.0,0.0,0.0,0.0,0.0,0.0,0.0,1.0,0.0,0.0,0.0,1.0,0,0.0,0.0,0.0,0.0,0.11589785136800175,4,benign
955023,110529565,249979,667906,56030,186822,333753,89142,602947,0,0.37427272700050607,0.19562041961293078,999.0,115.73497706337963,0,0,0,0,0,89142,108,0,0,0,0,0,0,0,0,0,0,0,0,0,0,0,0.0,0.0,0.0,0.0,0.0,2.002121913580247,96520,66746,3,1.4460791657927068,0.10106562878590358,0.06988941627583839,0.09334016039404286,0.0,0.0,0.0,0.05866874410354515,0.34947116456881144,0.0,0.0,0.0,0.0,0.0,0.0,0.0,0.0,0.0,1.0,0.0,0.0,0.0,1.0,0,0.0,0.0,0.0,0.0,0.10106562878590358,4,benign
1075761,118074042,232022,752911,53632,174543,357143,95152,677816,0,0.3081665694882928,0.16225072297657192,999.0,109.75861924721197,0,0,0,0,0,94989,108,0,0,0,0,0,0,0,0,0,0,0,0,0,0,0,0.0,0.0,0.0,0.0,0.0,2.0006074846696085,103123,71428,3,1.443733549868399,0.09586051176794845,0.06639764780467036,0.08845087338172698,0.0,0.0,0.0,0.049854939898360325,0.33199102774686945,0.0,0.0,0.0,0.0,0.0,0.0,0.0,0.0,0.0,1.0,0.0,0.0,0.0,1.0,0,0.0,0.0,0.0,0.0,0.09586051176794845,4,benign
893961,110737356,217861,625405,50695,163803,335148,89616,563063,0,0.34835186798954276,0.18323282559306278,999.0,123.87269243289137,0,0,0,0,0,89624,108,0,0,0,0,0,0,0,0,0,0,0,0,0,0,0,0.0,0.0,0.0,0.0,0.0,2.000012209863127,96766,67029,3,1.443643795968909,0.10824409565965405,0.07497978099715759,0.10024598388520305,0.0,0.0,0.0,0.05670829040640475,0.37490226083688216,0.0,0.0,0.0,0.0,0.0,0.0,0.0,0.0,0.0,1.0,0.0,0.0,0.0,1.0,0,0.0,0.0,0.0,0.0,0.10824409565965405,4,benign
1075558,125639475,247597,753441,55196,185565,379200,101082,678410,0,0.32862161735291817,0.17252905003728297,999.0,116.81329598217856,0,0,0,0,0,101046,108,0,0,0,0,0,0,0,0,0,0,0,0,0,0,0,0.0,0.0,0.0,0.0,0.0,1.9994935672262568,109724,75838,3,1.446820854980353,0.10201588384819786,0.07051037693922596,0.09398098475396027,0.0,0.0,0.0,0.05131847840841684,0.3525611821956603,0.0,0.0,0.0,0.0,0.0,0.0,0.0,0.0,0.0,1.0,0.0,0.0,0.0,1.0,0,0.0,0.0,0.0,0.0,0.10201588384819786,4,benign
953493,125900602,246931,667868,57563,186415,381408,101605,601220,0,0.36973024609653404,0.19550746570766644,999.0,132.04145389635792,0,0,0,0,0,101354,108,0,0,0,0,0,0,0,0,0,0,0,0,0,0,0,0.0,0.0,0.0,0.0,0.0,2.002266331550343,110119,76279,3,1.4436345521047733,0.11549009798708539,0.07999953853882515,0.10656082425356032,0.0,0.0,0.0,0.06037065820095166,0.400011326774292,0.0,0.0,0.0,0.0,0.0,0.0,0.0,0.0,0.0,1.0,0.0,0.0,0.0,1.0,0,0.0,0.0,0.0,0.0,0.11549009798708539,4,benign
956136,118603551,233860,670228,52048,175448,359316,95877,602908,0,0.34892603710975967,0.18349690838960148,999.0,124.04464532242275,0,0,0,0,0,95741,108,0,0,0,0,0,0,0,0,0,0,0,0,0,0,0,0.0,0.0,0.0,0.0,0.0,2.0010949404626124,103598,71863,3,1.4416041634777284,0.10835069488022625,0.07515980990152028,0.1002754838223851,0.0,0.0,0.0,0.054435770643506784,0.3758000953839203,0.0,0.0,0.0,0.0,0.0,0.0,0.0,0.0,0.0,1.0,0.0,0.0,0.0,1.0,0,0.0,0.0,0.0,0.0,0.10835069488022625,4,benign
885579,110144800,217684,619676,48219,162281,332130,88473,559013,0,0.3512868014898108,0.1832484735974995,999.0,124.37602969356772,0,0,0,0,0,88472,108,0,0,0,0,0,0,0,0,0,0,0,0,0,0,0,0.0,0.0,0.0,0.0,0.0,2.000012324377619,95854,66427,3,1.4429975762867508,0.10823879066689703,0.07500968293060246,0.0999041305180001,0.0,0.0,0.0,0.05444912311606305,0.37504276862933744,0.0,0.0,0.0,0.0,0.0,0.0,0.0,0.0,0.0,1.0,0.0,0.0,0.0,1.0,0,0.0,0.0,0.0,0.0,0.10823879066689703,4,benign
889874,110405053,217112,623065,49698,163158,333870,88939,560954,0,0.3484580260486466,0.18334955285804508,999.0,124.06818605780144,0,0,0,0,0,88942,108,0,0,0,0,0,0,0,0,0,0,0,0,0,0,0,0.0,0.0,0.0,0.0,0.0,1.9999754841873008,96393,66775,3,1.4435492324971921,0.10832207705810036,0.07503871334593437,0.09994561027741006,0.0,0.0,0.0,0.055848356059397176,0.37518794795667704,0.0,0.0,0.0,0.0,0.0,0.0,0.0,0.0,0.0,1.0,0.0,0.0,0.0,1.0,0,0.0,0.0,0.0,0.0,0.10832207705810036,4,benign
1016343,126240591,248784,711167,56392,186409,380199,101569,640895,0,0.34982500594093935,0.18341150576134238,999.0,124.21061688819621,0,0,0,0,0,95272,108,0,0,0,0,0,0,0,0,0,0,0,0,0,0,0,0.0,0.0,0.0,0.0,0.0,1.9972464187372099,110356,76038,3,1.4513269680949,0.10858145330857791,0.07481529365578353,0.09993575003714297,0.0,0.0,0.0,0.0554852052899464,0.3740853235571062,0.0,0.0,0.0,0.0,0.0,0.0,0.0,0.0,0.0,1.0,0.0,0.0,0.0,1.0,0,0.0,0.0,0.0,0.0,0.10858145330857791,4,benign
953485,118310686,232309,667665,53511,174868,357485,95212,600993,0,0.34794245617188263,0.18339879494695774,999.0,124.08237780353126,0,0,0,0,0,95265,108,0,0,0,0,0,0,0,0,0,0,0,0,0,0,0,0.0,0.0,0.0,0.0,0.0,1.9987655449890271,103366,71489,3,1.445900767950314,0.10840862729880386,0.07497653345359392,0.09985684095712045,0.0,0.0,0.0,0.05612149116137118,0.3749246186358464,0.0,0.0,0.0,0.0,0.0,0.0,0.0,0.0,0.0,1.0,0.0,0.0,0.0,1.0,0,0.0,0.0,0.0,0.0,0.10840862729880386,4,benign
889856,110238313,216292,623022,50542,163167,333640,89106,560424,0,0.3471659106741014,0.18336337564729574,999.0,123.88331707602129,0,0,0,0,0,89109,108,0,0,0,0,0,0,0,0,0,0,0,0,0,0,0,0.0,0.0,0.0,0.0,0.0,2.000012257455597,96441,66734,3,1.4451553930530165,0.10837820950805524,0.07499415635788262,0.10013530279056386,0.0,0.0,0.0,0.056797953826237056,0.3749370684695052,0.0,0.0,0.0,0.0,0.0,0.0,0.0,0.0,0.0,1.0,0.0,0.0,0.0,1.0,0,0.0,0.0,0.0,0.0,0.10837820950805524,4,benign
891411,110637457,217927,624068,49416,163454,334540,89152,562039,0,0.34920393290474755,0.18336547338994022,999.0,124.1149783881958,0,0,0,0,0,89144,108,0,0,0,0,0,0,0,0,0,0,0,0,0,0,0,0.0,0.0,0.0,0.0,0.0,2.0000244720162494,96534,66900,3,1.4429596412556054,0.10829348078495778,0.07504955626529176,0.10001222780513142,0.0,0.0,0.0,0.05543570810770789,0.37529265400584016,0.0,0.0,0.0,0.0,0.0,0.0,0.0,0.0,0.0,1.0,0.0,0.0,0.0,1.0,0,0.0,0.0,0.0,0.0,0.10829348078495778,4,benign
1019550,118837309,234332,713273,53062,175450,358544,95880,642606,0,0.328530590671454,0.17208572409396303,999.0,116.55858859300672,0,0,0,0,0,95959,108,0,0,0,0,0,0,0,0,0,0,0,0,0,0,0,0.0,0.0,0.0,0.0,0.0,1.9968814732193667,103748,71708,3,1.4468120711775534,0.1017586189985778,0.07033299004462754,0.09404148889215831,0.0,0.0,0.0,0.05204452944926683,0.35166887352263254,0.0,0.0,0.0,0.0,0.0,0.0,0.0,0.0,0.0,1.0,0.0,0.0,0.0,1.0,0,0.0,0.0,0.0,0.0,0.1017586189985778,4,benign
882986,109587383,215959,618076,48951,161932,330700,88331,556931,0,0.3494052511341647,0.1833913561483421,999.0,124.10998928635335,0,0,0,0,0,88331,108,0,0,0,0,0,0,0,0,0,0,0,0,0,0,0,0.0,0.0,0.0,0.0,0.0,2.0,95793,66145,3,1.448227379242573,0.10848756378923335,0.07491058748383327,0.10003669367351238,0.0,0.0,0.0,0.05543802506495007,0.37452462439948087,0.0,0.0,0.0,0.0,0.0,0.0,0.0,0.0,0.0,1.0,0.0,0.0,0.0,1.0,0,0.0,0.0,0.0,0.0,0.10848756378923335,4,benign
884946,117751137,233161,618873,52322,173691,355131,95066,558414,0,0.3767509650606829,0.19627299292838207,999.0,133.06025113396748,0,0,0,0,0,95104,108,0,0,0,0,0,0,0,0,0,0,0,0,0,0,0,0.0,0.0,0.0,0.0,0.0,2.001947879807748,102659,71023,3,1.445433169536629,0.11600594838555121,0.08025687443075623,0.10742576383191743,0.0,0.0,0.0,0.0591245115521173,0.4013024523530249,0.0,0.0,0.0,0.0,0.0,0.0,0.0,0.0,0.0,1.0,0.0,0.0,0.0,1.0,0,0.0,0.0,0.0,0.0,0.11600594838555121,4,benign
956957,134726291,265587,670233,60165,198893,406481,108250,603808,0,0.39626070336733643,0.20783901471016983,999.0,140.7861492209159,0,0,0,0,0,108535,108,0,0,0,0,0,0,0,0,0,0,0,0,0,0,0,0.0,0.0,0.0,0.0,0.0,2.0013584358868575,117596,81299,3,1.4464630561261516,0.12288535430536586,0.08495575036286897,0.11311898026766093,0.0,0.0,0.0,0.06287116349010458,0.4247641221078899,0.0,0.0,0.0,0.0,0.0,0.0,0.0,0.0,0.0,1.0,0.0,0.0,0.0,1.0,0,0.0,0.0,0.0,0.0,0.12288535430536586,4,benign
1016638,142060504,295558,711922,66967,221401,429256,114579,641135,0,0.4151550310286801,0.21777761602458298,999.0,139.73558336398995,0,0,0,0,0,114605,108,0,0,0,0,0,0,0,0,0,0,0,0,0,0,0,0.0,0.0,0.0,0.0,0.0,2.0014373401072127,123904,85857,3,1.4431438321860768,0.12187622339515147,0.08445188946311273,0.11270383361629213,0.0,0.0,0.0,0.06587103767516067,0.42223092192107714,0.0,0.0,0.0,0.0,0.0,0.0,0.0,0.0,0.0,1.0,0.0,0.0,0.0,1.0,0,0.0,0.0,0.0,0.0,0.12187622339515147,4,benign
887808,110079622,216118,621786,49904,162828,333231,88823,559310,0,0.34757617572605365,0.18340451989619377,999.0,123.99034701196655,0,0,0,0,0,88830,108,0,0,0,0,0,0,0,0,0,0,0,0,0,0,0,0.0,0.0,0.0,0.0,0.0,1.9998280541874947,96188,66640,3,1.4433973589435773,0.10834324538638986,0.07506127450980392,0.10004753279988465,0.0,0.0,0.0,0.056210351787773935,0.3753412900086505,0.0,0.0,0.0,0.0,0.0,0.0,0.0,0.0,0.0,1.0,0.0,0.0,0.0,1.0,0,0.0,0.0,0.0,0.0,0.10834324538638986,4,benign
889856,110456372,217391,622817,49648,163128,333777,88925,561047,0,0.34904474348002706,0.18331954833141542,999.0,124.12836683688147,0,0,0,0,0,88926,108,0,0,0,0,0,0,0,0,0,0,0,0,0,0,0,0.0,0.0,0.0,0.0,0.0,2.000098087297695,96361,66751,3,1.4435888600919837,0.10828830732163407,0.07501326057249712,0.09993189909378596,0.0,0.0,0.0,0.05579329689298044,0.37509102596375143,0.0,0.0,0.0,0.0,0.0,0.0,0.0,0.0,0.0,1.0,0.0,0.0,0.0,1.0,0,0.0,0.0,0.0,0.0,0.10828830732163407,4,benign
888320,110001875,215884,621412,51024,162727,332919,88974,559302,0,0.34740880446467076,0.18318511347262248,999.0,123.83136144632564,0,0,0,0,0,88972,108,0,0,0,0,0,0,0,0,0,0,0,0,0,0,0,0.0,0.0,0.0,0.0,0.0,2.0001106208286727,96153,66598,3,1.443782095558425,0.10824139949567724,0.07497073126801153,0.1001598523054755,0.0,0.0,0.0,0.05743876080691643,0.3747737301873199,0.0,0.0,0.0,0.0,0.0,0.0,0.0,0.0,0.0,1.0,0.0,0.0,0.0,1.0,0,0.0,0.0,0.0,0.0,0.10824139949567724,4,benign
889344,110348902,218316,621865,49163,162899,332874,89207,560940,0,0.35106654981386637,0.18316759319228554,999.0,124.07898630900979,0,0,0,0,0,89203,108,0,0,0,0,0,0,0,0,0,0,0,0,0,0,0,0.0,0.0,0.0,0.0,0.0,1.999791303493825,96326,66570,3,1.4469881327925491,0.10831129461715601,0.07485292530224526,0.10030651806275187,0.0,0.0,0.0,0.05528007160333909,0.3742916126943005,0.0,0.0,0.0,0.0,0.0,0.0,0.0,0.0,0.0,1.0,0.0,0.0,0.0,1.0,0,0.0,0.0,0.0,0.0,0.10831129461715601,4,benign
894976,111318503,220409,626138,48429,163994,335443,89448,565154,0,0.35201345390313316,0.18323843320938216,999.0,124.38155101365847,0,0,0,0,0,89450,108,0,0,0,0,0,0,0,0,0,0,0,0,0,0,0,0.0,0.0,0.0,0.0,0.0,2.000097569304697,96900,67095,3,1.4442208808405992,0.10827105978260869,0.07496849077517162,0.09994457951945081,0.0,0.0,0.0,0.05411206557494279,0.3748066987271167,0.0,0.0,0.0,0.0,0.0,0.0,0.0,0.0,0.0,1.0,0.0,0.0,0.0,1.0,0,0.0,0.0,0.0,0.0,0.10827105978260869,4,benign
894971,110991542,218335,626495,50141,164075,335512,89612,564018,0,0.34850238230153474,0.18332996264683438,999.0,124.01691451454852,0,0,0,0,0,89607,108,0,0,0,0,0,0,0,0,0,0,0,0,0,0,0,0.0,0.0,0.0,0.0,0.0,1.9998903000901977,96979,67096,3,1.4453767735781566,0.1083599356850669,0.07497002696176748,0.10012838404819821,0.0,0.0,0.0,0.05602527903138761,0.3748858901573347,0.0,0.0,0.0,0.0,0.0,0.0,0.0,0.0,0.0,1.0,0.0,0.0,0.0,1.0,0,0.0,0.0,0.0,0.0,0.1083599356850669,4,benign
886137,110023823,216973,620640,48524,162562,332561,88545,559055,0,0.3495955787574117,0.18345018885341657,999.0,124.16118839411965,0,0,0,0,0,88549,108,0,0,0,0,0,0,0,0,0,0,0,0,0,0,0,0.0,0.0,0.0,0.0,0.0,2.000172256810296,96042,66512,3,1.4439800336781332,0.10838278956865587,0.07505837133535785,0.09992247248450296,0.0,0.0,0.0,0.0547590271030326,0.3752929851704646,0.0,0.0,0.0,0.0,0.0,0.0,0.0,0.0,0.0,1.0,0.0,0.0,0.0,1.0,0,0.0,0.0,0.0,0.0,0.10838278956865587,4,benign
1014868,141618208,279373,710600,63470,209103,427409,114402,639774,0,0.3931508584294962,0.20603960317992093,999.0,139.5434756047092,0,0,0,0,0,114264,108,0,0,0,0,0,0,0,0,0,0,0,0,0,0,0,0.0,0.0,0.0,0.0,0.0,1.9985185751560275,123630,85483,3,1.4462524712515938,0.1218187981097049,0.08423065856840496,0.11272598998096305,0.0,0.0,0.0,0.06254015300511988,0.4211473807431114,0.0,0.0,0.0,0.0,0.0,0.0,0.0,0.0,0.0,1.0,0.0,0.0,0.0,1.0,0,0.0,0.0,0.0,0.0,0.1218187981097049,4,benign
890775,110352829,217002,623083,50690,163191,333914,89289,561006,0,0.34827141809357665,0.18320114507030394,999.0,123.88406612219697,0,0,0,0,0,89292,108,0,0,0,0,0,0,0,0,0,0,0,0,0,0,0,0.0,0.0,0.0,0.0,0.0,2.000061279766647,96400,66784,3,1.443459511260182,0.1082203699026129,0.07497291684207572,0.10023743369537762,0.0,0.0,0.0,0.0569055036344756,0.3748578485027083,0.0,0.0,0.0,0.0,0.0,0.0,0.0,0.0,0.0,1.0,0.0,0.0,0.0,1.0,0,0.0,0.0,0.0,0.0,0.1082203699026129,4,benign
958994,118947500,234311,671400,53283,175822,359713,96015,604650,0,0.3489886803693774,0.18334004175208604,999.0,124.03362273382315,0,0,0,0,0,95924,108,0,0,0,0,0,0,0,0,0,0,0,0,0,0,0,0.0,0.0,0.0,0.0,0.0,2.0013887307911213,103881,71945,3,1.4438946417402183,0.10832288836009402,0.07502132442955847,0.1001205429856704,0.0,0.0,0.0,0.055561348663286735,0.37509410903509305,0.0,0.0,0.0,0.0,0.0,0.0,0.0,0.0,0.0,1.0,0.0,0.0,0.0,1.0,0,0.0,0.0,0.0,0.0,0.10832288836009402,4,benign
885191,109720564,216072,619276,49843,162212,331607,88726,557786,0,0.3489106634198645,0.18325084642749417,999.0,123.95128734928394,0,0,0,0,0,88729,108,0,0,0,0,0,0,0,0,0,0,0,0,0,0,0,0.0,0.0,0.0,0.0,0.0,1.9999013685118974,95894,66320,3,1.4459288299155608,0.10833142225802116,0.0749216835688569,0.1002337348662605,0.0,0.0,0.0,0.05630762174491155,0.37461632574212794,0.0,0.0,0.0,0.0,0.0,0.0,0.0,0.0,0.0,1.0,0.0,0.0,0.0,1.0,0,0.0,0.0,0.0,0.0,0.10833142225802116,4,benign
950097,110195982,217138,664730,49425,162749,332522,88664,599912,0,0.326655935492606,0.17129724649167402,999.0,115.98392795682967,0,0,0,0,0,88669,108,0,0,0,0,0,0,0,0,0,0,0,0,0,0,0,0.0,0.0,0.0,0.0,0.0,1.9999877112135176,96243,66500,3,1.4472631578947368,0.10129807798572146,0.06999285336128837,0.09332099775075597,0.0,0.0,0.0,0.05202100417115305,0.3499874223368772,0.0,0.0,0.0,0.0,0.0,0.0,0.0,0.0,0.0,1.0,0.0,0.0,0.0,1.0,0,0.0,0.0,0.0,0.0,0.10129807798572146,4,benign
899591,111734813,219813,630935,48843,165193,338336,89645,567593,0,0.3483924651509268,0.18363122796915488,999.0,124.20623705661795,0,0,0,0,0,89656,108,0,0,0,0,0,0,0,0,0,0,0,0,0,0,0,0.0,0.0,0.0,0.0,0.0,2.0000847529451646,97533,67681,3,1.4410691331392858,0.10841927053516542,0.07523530137584747,0.09965084132678073,0.0,0.0,0.0,0.05429467391292265,0.3760998053559896,0.0,0.0,0.0,0.0,0.0,0.0,0.0,0.0,0.0,1.0,0.0,0.0,0.0,1.0,0,0.0,0.0,0.0,0.0,0.10841927053516542,4,benign
1064272,140166694,292173,745118,65070,218494,423535,112601,671870,0,0.39211641646021167,0.20529902130282485,999.0,131.701946494881,0,0,0,0,0,112940,108,0,0,0,0,0,0,0,0,0,0,0,0,0,0,0,0.0,0.0,0.0,0.0,0.0,2.0002563327932035,122229,84705,3,1.4429962812112627,0.11484752018281041,0.07958961618834283,0.10580096065667423,0.0,0.0,0.0,0.06114038516469474,0.3979574770359457,0.0,0.0,0.0,0.0,0.0,0.0,0.0,0.0,0.0,1.0,0.0,0.0,0.0,1.0,0,0.0,0.0,0.0,0.0,0.11484752018281041,4,benign
886790,110047748,215666,621699,49425,162802,333058,88330,559123,0,0.3468977752899715,0.18358574183290294,999.0,124.096739927153,0,0,0,0,0,88325,108,0,0,0,0,0,0,0,0,0,0,0,0,0,0,0,0.0,0.0,0.0,0.0,0.0,2.000073711884813,96194,66608,3,1.4441808791736728,0.10847438514191635,0.07511135669098659,0.09960644571995625,0.0,0.0,0.0,0.0557347286279728,0.3755770813834166,0.0,0.0,0.0,0.0,0.0,0.0,0.0,0.0,0.0,1.0,0.0,0.0,0.0,1.0,0,0.0,0.0,0.0,0.0,0.10847438514191635,4,benign
889331,110335452,217574,622103,49654,162934,333262,89032,560703,0,0.34973951258875136,0.18320962611221245,999.0,124.06567633423326,0,0,0,0,0,89031,108,0,0,0,0,0,0,0,0,0,0,0,0,0,0,0,0.0,0.0,0.0,0.0,0.0,2.000024550119068,96280,66652,3,1.4445177939146612,0.10826115360872386,0.07494622362202599,0.10011120718832471,0.0,0.0,0.0,0.05583298007153692,0.37473336699159254,0.0,0.0,0.0,0.0,0.0,0.0,0.0,0.0,0.0,1.0,0.0,0.0,0.0,1.0,0,0.0,0.0,0.0,0.0,0.10826115360872386,4,benign
883200,109527859,215573,618453,49174,162015,331173,88390,556730,0,0.3485681207787819,0.18344089673913044,999.0,124.01252151268116,0,0,0,0,0,88409,108,0,0,0,0,0,0,0,0,0,0,0,0,0,0,0,0.0,0.0,0.0,0.0,0.0,2.000012344612194,95773,66230,3,1.4460667371281897,0.10843863224637681,0.07498867753623188,0.10007925724637681,0.0,0.0,0.0,0.055677083333333335,0.37496942934782607,0.0,0.0,0.0,0.0,0.0,0.0,0.0,0.0,0.0,1.0,0.0,0.0,0.0,1.0,0,0.0,0.0,0.0,0.0,0.10843863224637681,4,benign
887221,109860721,215295,620888,51038,162618,332634,88690,558676,0,0.34675335970416565,0.18328916921488558,999.0,123.82565448743887,0,0,0,0,0,88676,108,0,0,0,0,0,0,0,0,0,0,0,0,0,0,0,0.0,0.0,0.0,0.0,0.0,1.9999508061639877,96088,66526,3,1.4443676156690617,0.10830221556973967,0.0749824451855851,0.09996381961202451,0.0,0.0,0.0,0.05752568976613493,0.3749167343874863,0.0,0.0,0.0,0.0,0.0,0.0,0.0,0.0,0.0,1.0,0.0,0.0,0.0,1.0,0,0.0,0.0,0.0,0.0,0.10830221556973967,4,benign
949954,117634071,247418,664024,56463,185040,355221,95314,598406,0,0.37260400226497836,0.1947883792267836,999.0,123.83133393827491,0,0,0,0,0,89043,108,0,0,0,0,0,0,0,0,0,0,0,0,0,0,0,0.0,0.0,0.0,0.0,0.0,2.000886687788579,102647,71057,3,1.4445726670138057,0.10805470580680748,0.07480046402246845,0.10033538466073094,0.0,0.0,0.0,0.05943761487398337,0.3739349484290818,0.0,0.0,0.0,0.0,0.0,0.0,0.0,0.0,0.0,1.0,0.0,0.0,0.0,1.0,0,0.0,0.0,0.0,0.0,0.10805470580680748,4,benign
1145899,134764019,282307,802424,61080,209932,405900,108612,723010,0,0.35181774224100976,0.18320288262752651,999.0,117.60549489963775,0,0,0,0,0,108511,108,0,0,0,0,0,0,0,0,0,0,0,0,0,0,0,0.0,0.0,0.0,0.0,0.0,2.000648038729844,117380,81180,3,1.4459226410445922,0.10243485682420528,0.07084393999820228,0.09478322260513361,0.0,0.0,0.0,0.05330312706442714,0.35421969999101144,0.0,0.0,0.0,0.0,0.0,0.0,0.0,0.0,0.0,1.0,0.0,0.0,0.0,1.0,0,0.0,0.0,0.0,0.0,0.10243485682420528,4,benign
883111,125284811,261993,617740,60616,196553,378333,101430,556175,0,0.4241153235989251,0.2225688503483707,999.0,141.86756930895436,0,0,0,0,0,101331,108,0,0,0,0,0,0,0,0,0,0,0,0,0,0,0,0.0,0.0,0.0,0.0,0.0,2.0019861681214923,109421,75666,3,1.4461052520286521,0.12390401659587526,0.0856811884349759,0.11485532396267287,0.0,0.0,0.0,0.0686391631403074,0.42840933925633357,0.0,0.0,0.0,0.0,0.0,0.0,0.0,0.0,0.0,1.0,0.0,0.0,0.0,1.0,0,0.0,0.0,0.0,0.0,0.12390401659587526,4,benign
884263,109843031,217063,618534,48666,161988,331468,88510,557835,0,0.3509313958488943,0.18318984284087428,999.0,124.21986558297701,0,0,0,0,0,88499,108,0,0,0,0,0,0,0,0,0,0,0,0,0,0,0,0.0,0.0,0.0,0.0,0.0,1.9997284118264305,95701,66294,3,1.4435846381271307,0.10822685106127929,0.07497090797647306,0.10009465509695645,0.0,0.0,0.0,0.05503566246693574,0.3748522781118287,0.0,0.0,0.0,0.0,0.0,0.0,0.0,0.0,0.0,1.0,0.0,0.0,0.0,1.0,0,0.0,0.0,0.0,0.0,0.10822685106127929,4,benign
889286,110412175,217634,622601,49051,163065,333432,88799,561062,0,0.3495561362734721,0.18336620614740365,999.0,124.1582291861111,0,0,0,0,0,88803,108,0,0,0,0,0,0,0,0,0,0,0,0,0,0,0,0.0,0.0,0.0,0.0,0.0,2.0001594583323112,96374,66685,3,1.4452125665442004,0.10837233465949088,0.07498712450212867,0.09985426510706343,0.0,0.0,0.0,0.055157733282655975,0.37494349399405813,0.0,0.0,0.0,0.0,0.0,0.0,0.0,0.0,0.0,1.0,0.0,0.0,0.0,1.0,0,0.0,0.0,0.0,0.0,0.10837233465949088,4,benign
898560,111474879,220527,627593,50440,164356,336429,90254,566335,0,0.3513853723671233,0.18291043447293448,999.0,124.0594718215812,0,0,0,0,0,90264,108,0,0,0,0,0,0,0,0,0,0,0,0,0,0,0,0.0,0.0,0.0,0.0,0.0,2.000048676012461,97065,67285,3,1.4425949320056477,0.10802283653846154,0.07488092058404558,0.10044293091168091,0.0,0.0,0.0,0.05613425925925926,0.3744090544871795,0.0,0.0,0.0,0.0,0.0,0.0,0.0,0.0,0.0,1.0,0.0,0.0,0.0,1.0,0,0.0,0.0,0.0,0.0,0.10802283653846154,4,benign
886784,109987791,216000,620871,49913,162593,332688,88590,558853,0,0.34789835569707717,0.18335130088048499,999.0,124.02996783884238,0,0,0,0,0,88602,108,0,0,0,0,0,0,0,0,0,0,0,0,0,0,0,0.0,0.0,0.0,0.0,0.0,1.9998647019753513,96057,66541,3,1.4435761410258336,0.10832062824769054,0.07503631098441109,0.09990031394341801,0.0,0.0,0.0,0.056285408848152425,0.37516238452655887,0.0,0.0,0.0,0.0,0.0,0.0,0.0,0.0,0.0,1.0,0.0,0.0,0.0,1.0,0,0.0,0.0,0.0,0.0,0.10832062824769054,4,benign
892416,110620564,216389,625142,50885,163709,334872,89026,562146,0,0.3461437561386053,0.18344471636546184,999.0,123.95627599684452,0,0,0,0,0,88999,108,0,0,0,0,0,0,0,0,0,0,0,0,0,0,0,0.0,0.0,0.0,0.0,0.0,1.9999389178689666,96750,66965,3,1.4447845889643844,0.10841356497418245,0.07503787471313826,0.09975840863453815,0.0,0.0,0.0,0.057019372131382674,0.3752420395869191,0.0,0.0,0.0,0.0,0.0,0.0,0.0,0.0,0.0,1.0,0.0,0.0,0.0,1.0,0,0.0,0.0,0.0,0.0,0.10841356497418245,4,benign
1005690,116976805,230651,704335,51833,172933,353398,94485,633781,0,0.3274734323865774,0.1719545784486273,999.0,116.31497280474102,0,0,0,0,0,94420,108,0,0,0,0,0,0,0,0,0,0,0,0,0,0,0,0.0,0.0,0.0,0.0,0.0,1.9998265374563453,102237,70682,3,1.4464361506465577,0.10165856277779435,0.07028209488013205,0.09395042209826089,0.0,0.0,0.0,0.051539738885740136,0.3513985422943452,0.0,0.0,0.0,0.0,0.0,0.0,0.0,0.0,0.0,1.0,0.0,0.0,0.0,1.0,0,0.0,0.0,0.0,0.0,0.10165856277779435,4,benign
949575,125679548,232463,664821,52127,173797,379547,101405,599306,0,0.3496625407440499,0.18302609061948766,999.0,132.3534718163389,0,0,0,0,0,101303,108,0,0,0,0,0,0,0,0,0,0,0,0,0,0,0,0.0,0.0,0.0,0.0,0.0,2.001047747343212,109608,75927,3,1.4435971393575409,0.11542848116262538,0.07995892899455019,0.10678987968301609,0.0,0.0,0.0,0.054895084643129824,0.39970197193481294,0.0,0.0,0.0,0.0,0.0,0.0,0.0,0.0,0.0,1.0,0.0,0.0,0.0,1.0,0,0.0,0.0,0.0,0.0,0.11542848116262538,4,benign
898560,111730980,220498,629324,48738,164829,337101,89461,567470,0,0.3503727809522599,0.18343683226495727,999.0,124.34448450854701,0,0,0,0,0,89459,108,0,0,0,0,0,0,0,0,0,0,0,0,0,0,0,0.0,0.0,0.0,0.0,0.0,2.0000121338607517,97407,67411,3,1.4449718888608685,0.10840344551282051,0.07502114494301994,0.09956040776353277,0.0,0.0,0.0,0.05424011752136752,0.3751569177350427,0.0,0.0,0.0,0.0,0.0,0.0,0.0,0.0,0.0,1.0,0.0,0.0,0.0,1.0,0,0.0,0.0,0.0,0.0,0.10840344551282051,4,benign
886272,109928878,215574,620754,49944,162602,332257,88401,558663,0,0.34727766554867145,0.18346737796071635,999.0,124.03514722342577,0,0,0,0,0,88402,108,0,0,0,0,0,0,0,0,0,0,0,0,0,0,0,0.0,0.0,0.0,0.0,0.0,1.9997786250153733,96158,66441,3,1.4472690055839015,0.10849716565569036,0.07496682733968804,0.0997447736135182,0.0,0.0,0.0,0.05635290294627383,0.37489280943096476,0.0,0.0,0.0,0.0,0.0,0.0,0.0,0.0,0.0,1.0,0.0,0.0,0.0,1.0,0,0.0,0.0,0.0,0.0,0.10849716565569036,4,benign
890368,110522762,217987,622862,49519,163171,333478,88995,561656,0,0.3499763992666112,0.1832624263225992,999.0,124.13155234689476,0,0,0,0,0,89000,108,0,0,0,0,0,0,0,0,0,0,0,0,0,0,0,0.0,0.0,0.0,0.0,0.0,2.0001838731030426,96472,66709,3,1.4461616873285463,0.10835070442783208,0.07492295320586544,0.09995305311960898,0.0,0.0,0.0,0.05561632942783209,0.3745395162449684,0.0,0.0,0.0,0.0,0.0,0.0,0.0,0.0,0.0,1.0,0.0,0.0,0.0,1.0,0,0.0,0.0,0.0,0.0,0.10835070442783208,4,benign
883712,109632259,215833,618215,49664,161897,331333,88336,557096,0,0.34912287796316815,0.1832010881373117,999.0,124.05880988376303,0,0,0,0,0,88326,108,0,0,0,0,0,0,0,0,0,0,0,0,0,0,0,0.0,0.0,0.0,0.0,0.0,2.000086478473037,95625,66269,3,1.442982389956088,0.10820833031575898,0.07498936305040556,0.09996016801853998,0.0,0.0,0.0,0.05619930475086906,0.3749332361674392,0.0,0.0,0.0,0.0,0.0,0.0,0.0,0.0,0.0,1.0,0.0,0.0,0.0,1.0,0,0.0,0.0,0.0,0.0,0.10820833031575898,4,benign
890892,110353830,216429,623740,50723,163362,334084,89011,561177,0,0.346985923622022,0.1833690278956372,999.0,123.86892013846796,0,0,0,0,0,89024,108,0,0,0,0,0,0,0,0,0,0,0,0,0,0,0,0.0,0.0,0.0,0.0,0.0,1.9999265462024387,96548,66817,3,1.444961611565919,0.10837228306012402,0.07500011224705128,0.09991222280590689,0.0,0.0,0.0,0.0569350718156634,0.3749994387647437,0.0,0.0,0.0,0.0,0.0,0.0,0.0,0.0,0.0,1.0,0.0,0.0,0.0,1.0,0,0.0,0.0,0.0,0.0,0.10837228306012402,4,benign
1029153,143393297,295988,721215,68516,223692,434266,115141,648985,0,0.41040189125295506,0.21735543694669307,999.0,139.33136958255963,0,0,0,0,0,115044,108,0,0,0,0,0,0,0,0,0,0,0,0,0,0,0,0.0,0.0,0.0,0.0,0.0,1.9985169169741532,125475,86856,3,1.44463249516441,0.12192064736730107,0.08439561464621878,0.11187938042254164,0.0,0.0,0.0,0.0665751350868141,0.4219644698115829,0.0,0.0,0.0,0.0,0.0,0.0,0.0,0.0,0.0,1.0,0.0,0.0,0.0,1.0,0,0.0,0.0,0.0,0.0,0.12192064736730107,4,benign
883712,110009330,217658,619256,46798,162146,332042,88189,558255,0,0.35148307000658857,0.18348285414252608,999.0,124.48549980084009,0,0,0,0,0,88177,108,0,0,0,0,0,0,0,0,0,0,0,0,0,0,0,0.0,0.0,0.0,0.0,0.0,2.000049339467874,95738,66405,3,1.4417287854830207,0.10833620002896871,0.0751432593424102,0.09979382423232909,0.0,0.0,0.0,0.05295616671494786,0.37573553374855156,0.0,0.0,0.0,0.0,0.0,0.0,0.0,0.0,0.0,1.0,0.0,0.0,0.0,1.0,0,0.0,0.0,0.0,0.0,0.10833620002896871,4,benign
885284,109653686,214706,619920,50658,162407,331827,88397,557625,0,0.3463446896373726,0.1834518640345923,999.0,123.86272201914866,0,0,0,0,0,88404,108,0,0,0,0,0,0,0,0,0,0,0,0,0,0,0,0.0,0.0,0.0,0.0,0.0,2.0002340074389733,96029,66361,3,1.4470698151022439,0.1084725353671816,0.07496012579014193,0.09985157305452262,0.0,0.0,0.0,0.05722231509888352,0.3748254797330574,0.0,0.0,0.0,0.0,0.0,0.0,0.0,0.0,0.0,1.0,0.0,0.0,0.0,1.0,0,0.0,0.0,0.0,0.0,0.1084725353671816,4,benign
1015487,133814085,263780,710763,59009,197862,404933,107780,640833,0,0.37112230096389376,0.1948444440943114,999.0,131.77331172137113,0,0,0,0,0,107803,108,0,0,0,0,0,0,0,0,0,0,0,0,0,0,0,0.0,0.0,0.0,0.0,0.0,2.0017198470347815,116871,80991,3,1.4430121865392451,0.11508862250329152,0.07975582159101988,0.10613626762331768,0.0,0.0,0.0,0.05810906491171231,0.3987574434729347,0.0,0.0,0.0,0.0,0.0,0.0,0.0,0.0,0.0,1.0,0.0,0.0,0.0,1.0,0,0.0,0.0,0.0,0.0,0.11508862250329152,4,benign
884736,109835326,215894,620101,48741,162383,332319,88152,558093,0,0.3481594127408277,0.18353836624710648,999.0,124.14474600332754,0,0,0,0,0,88153,108,0,0,0,0,0,0,0,0,0,0,0,0,0,0,0,0.0,0.0,0.0,0.0,0.0,2.000110855186175,95925,66459,3,1.4433711009795513,0.10842217339409722,0.07511732313368055,0.0996365017361111,0.0,0.0,0.0,0.055091010199652776,0.3756137424045139,0.0,0.0,0.0,0.0,0.0,0.0,0.0,0.0,0.0,1.0,0.0,0.0,0.0,1.0,0,0.0,0.0,0.0,0.0,0.10842217339409722,4,benign
893440,110967965,219174,625132,49134,163746,334693,89422,563704,0,0.3506043523607814,0.18327587750716332,999.0,124.20304105479943,0,0,0,0,0,89418,108,0,0,0,0,0,0,0,0,0,0,0,0,0,0,0,0.0,0.0,0.0,0.0,0.0,1.9999267184522938,96809,66943,3,1.4461407466053209,0.1083553456303725,0.07492724749283668,0.10008730300859599,0.0,0.0,0.0,0.05499417979942693,0.37461161353868194,0.0,0.0,0.0,0.0,0.0,0.0,0.0,0.0,0.0,1.0,0.0,0.0,0.0,1.0,0,0.0,0.0,0.0,0.0,0.1083553456303725,4,benign
892416,110594674,217362,624577,50477,163654,334279,89249,562400,0,0.34801473637357766,0.18338308591508892,999.0,123.92726486302352,0,0,0,0,0,89264,108,0,0,0,0,0,0,0,0,0,0,0,0,0,0,0,0.0,0.0,0.0,0.0,0.0,2.0000244421088653,96792,66852,3,1.4478549632022977,0.10846062822719449,0.07491125215146299,0.10000829209695926,0.0,0.0,0.0,0.05656218624497992,0.3745775512765347,0.0,0.0,0.0,0.0,0.0,0.0,0.0,0.0,0.0,1.0,0.0,0.0,0.0,1.0,0,0.0,0.0,0.0,0.0,0.10846062822719449,4,benign
889344,110138962,216041,622435,50868,163033,333164,89048,560067,0,0.3470900575963755,0.18331826604778353,999.0,123.84292467256765,0,0,0,0,0,89038,108,0,0,0,0,0,0,0,0,0,0,0,0,0,0,0,0.0,0.0,0.0,0.0,0.0,2.000012267530301,96405,66631,3,1.4468490642493734,0.10840012413644214,0.07492151518422567,0.10012773459988486,0.0,0.0,0.0,0.05719721502590674,0.3746176957397812,0.0,0.0,0.0,0.0,0.0,0.0,0.0,0.0,0.0,1.0,0.0,0.0,0.0,1.0,0,0.0,0.0,0.0,0.0,0.10840012413644214,4,benign
880604,109223447,215326,616004,49274,161332,330083,88169,555105,0,0.3495529249810066,0.1832060721959019,999.0,124.03242206485548,0,0,0,0,0,88169,108,0,0,0,0,0,0,0,0,0,0,0,0,0,0,0,0.0,0.0,0.0,0.0,0.0,1.9999008305441923,95318,66021,3,1.4437527453386043,0.10824161598175798,0.0749724053036325,0.10012332444549422,0.0,0.0,0.0,0.05595477649431527,0.37483704366548415,0.0,0.0,0.0,0.0,0.0,0.0,0.0,0.0,0.0,1.0,0.0,0.0,0.0,1.0,0,0.0,0.0,0.0,0.0,0.10824161598175798,4,benign
958433,119052349,235638,670655,52140,175587,359450,96094,604922,0,0.3513550186012182,0.18320216436621026,999.0,124.21561966251161,0,0,0,0,0,96088,108,0,0,0,0,0,0,0,0,0,0,0,0,0,0,0,0.0,0.0,0.0,0.0,0.0,2.0018355317911825,103700,71890,3,1.4424815690638475,0.10819744311808963,0.07500785135737188,0.10026157279642917,0.0,0.0,0.0,0.05440129878666532,0.3750392567868594,0.0,0.0,0.0,0.0,0.0,0.0,0.0,0.0,0.0,1.0,0.0,0.0,0.0,1.0,0,0.0,0.0,0.0,0.0,0.10819744311808963,4,benign
905216,112530036,223515,632940,48761,165811,338898,90893,571477,0,0.35313773817423455,0.18317285598133484,999.0,124.31291095164028,0,0,0,0,0,90894,108,0,0,0,0,0,0,0,0,0,0,0,0,0,0,0,0.0,0.0,0.0,0.0,0.0,2.000012061998673,98025,67774,3,1.4463511080945495,0.10828907133766968,0.07487052813914027,0.10041028881504525,0.0,0.0,0.0,0.05386670142816742,0.37438357253959276,0.0,0.0,0.0,0.0,0.0,0.0,0.0,0.0,0.0,1.0,0.0,0.0,0.0,1.0,0,0.0,0.0,0.0,0.0,0.10828907133766968,4,benign
884224,109609087,215728,618869,49627,162068,331589,88726,556998,0,0.3485842722773317,0.18328839751013318,999.0,123.960768990663,0,0,0,0,0,88728,108,0,0,0,0,0,0,0,0,0,0,0,0,0,0,0,0.0,0.0,0.0,0.0,0.0,1.9999753193064724,95754,66329,3,1.4436219451521959,0.10829156412854661,0.07501379740880139,0.10034335191082802,0.0,0.0,0.0,0.056124918572669366,0.37500565467573826,0.0,0.0,0.0,0.0,0.0,0.0,0.0,0.0,0.0,1.0,0.0,0.0,0.0,1.0,0,0.0,0.0,0.0,0.0,0.10829156412854661,4,benign
889344,110386715,217160,623153,49031,163197,333774,88894,560813,0,0.34848584537023813,0.18350267163212436,999.0,124.12150416486759,0,0,0,0,0,88896,108,0,0,0,0,0,0,0,0,0,0,0,0,0,0,0,0.0,0.0,0.0,0.0,0.0,2.0000367660575757,96452,66756,3,1.4448439091617233,0.1084529720782959,0.07506206822107081,0.09995457325849165,0.0,0.0,0.0,0.055131647596430626,0.3753035945595855,0.0,0.0,0.0,0.0,0.0,0.0,0.0,0.0,0.0,1.0,0.0,0.0,0.0,1.0,0,0.0,0.0,0.0,0.0,0.1084529720782959,4,benign
944901,117337502,231203,660999,52699,173169,354156,94385,595581,0,0.34977813884741127,0.1832668184285973,999.0,124.17967808267744,0,0,0,0,0,94615,108,0,0,0,0,0,0,0,0,0,0,0,0,0,0,0,0.0,0.0,0.0,0.0,0.0,1.9981422719667685,102332,70832,3,1.4447142534447708,0.10829917631582568,0.07496235055312674,0.09988877141626477,0.0,0.0,0.0,0.05577198034503086,0.37480751951791774,0.0,0.0,0.0,0.0,0.0,0.0,0.0,0.0,0.0,1.0,0.0,0.0,0.0,1.0,0,0.0,0.0,0.0,0.0,0.10829917631582568,4,benign
959847,111137201,218486,671791,50713,164420,336661,89734,604725,0,0.3252291263205372,0.17129813397343535,999.0,115.78637116123716,0,0,0,0,0,89759,108,0,0,0,0,0,0,0,0,0,0,0,0,0,0,0,0.0,0.0,0.0,0.0,0.0,2.000121647101758,97079,67323,3,1.44198862201625,0.10114007753319018,0.07013930345148758,0.09348781628738746,0.0,0.0,0.0,0.05283446215907327,0.3507444415620406,0.0,0.0,0.0,0.0,0.0,0.0,0.0,0.0,0.0,1.0,0.0,0.0,0.0,1.0,0,0.0,0.0,0.0,0.0,0.10114007753319018,4,benign
948928,117625153,230856,664754,53318,174138,356085,94744,597339,0,0.3472803473164509,0.18351023470695352,999.0,123.95582488871653,0,0,0,0,0,94956,108,0,0,0,0,0,0,0,0,0,0,0,0,0,0,0,0.0,0.0,0.0,0.0,0.0,1.9985997934121427,102925,71218,3,1.4452104804965038,0.1084644988871653,0.07505100492345046,0.0998431914750118,0.0,0.0,0.0,0.056187613812639106,0.3752497555135901,0.0,0.0,0.0,0.0,0.0,0.0,0.0,0.0,0.0,1.0,0.0,0.0,0.0,1.0,0,0.0,0.0,0.0,0.0,0.1084644988871653,4,benign
895390,111372183,219748,627716,47926,164408,336169,89253,565490,0,0.35007551185568,0.1836160779101844,999.0,124.38399245021722,0,0,0,0,0,89255,108,0,0,0,0,0,0,0,0,0,0,0,0,0,0,0,0.0,0.0,0.0,0.0,0.0,1.9999270135146643,97180,67236,3,1.4453566541733596,0.10853371156702665,0.07509130099733077,0.09968058611331375,0.0,0.0,0.0,0.05352527948715085,0.3754442198371659,0.0,0.0,0.0,0.0,0.0,0.0,0.0,0.0,0.0,1.0,0.0,0.0,0.0,1.0,0,0.0,0.0,0.0,0.0,0.10853371156702665,4,benign
944464,116984669,229623,660707,54134,173089,353613,94693,594345,0,0.34754134586132734,0.18326691117925087,999.0,123.86355541344085,0,0,0,0,0,94814,108,0,0,0,0,0,0,0,0,0,0,0,0,0,0,0,0.0,0.0,0.0,0.0,0.0,1.999988445317465,102361,70721,3,1.447391863802831,0.10837999119077064,0.07487950837723831,0.1002611004760372,0.0,0.0,0.0,0.0573171661386776,0.37440601229903947,0.0,0.0,0.0,0.0,0.0,0.0,0.0,0.0,0.0,1.0,0.0,0.0,0.0,1.0,0,0.0,0.0,0.0,0.0,0.10837999119077064,4,benign
882176,109561214,216169,617759,48248,161837,330703,88152,556720,0,0.3499244851147454,0.18345205491874636,999.0,124.19428095980847,0,0,0,0,0,88143,108,0,0,0,0,0,0,0,0,0,0,0,0,0,0,0,0.0,0.0,0.0,0.0,0.0,1.9998393574297189,95700,66144,3,1.446843251088534,0.10848175420777713,0.07497823563551945,0.0999256384213581,0.0,0.0,0.0,0.054692034242600114,0.3748719076465467,0.0,0.0,0.0,0.0,0.0,0.0,0.0,0.0,0.0,1.0,0.0,0.0,0.0,1.0,0,0.0,0.0,0.0,0.0,0.10848175420777713,4,benign
891954,110765395,217899,624914,49141,163649,334879,88956,562650,0,0.3486863792457842,0.183472466068878,999.0,124.18285584234165,0,0,0,0,0,88953,108,0,0,0,0,0,0,0,0,0,0,0,0,0,0,0,0.0,0.0,0.0,0.0,0.0,2.0000855526087435,96671,66972,3,1.4434539807680822,0.10838114970054509,0.07508458956403581,0.0997316005085464,0.0,0.0,0.0,0.05509364832715589,0.37544424936711984,0.0,0.0,0.0,0.0,0.0,0.0,0.0,0.0,0.0,1.0,0.0,0.0,0.0,1.0,0,0.0,0.0,0.0,0.0,0.10838114970054509,4,benign
1091738,135609554,267214,764467,60057,200214,409471,108866,688834,0,0.34954288412711076,0.18339015404794923,999.0,124.21437561026546,0,0,0,0,0,108805,108,0,0,0,0,0,0,0,0,0,0,0,0,0,0,0,0.0,0.0,0.0,0.0,0.0,1.999840183788643,118327,81896,3,1.444844681058904,0.10838406284291652,0.0750143349411672,0.0997180642242003,0.0,0.0,0.0,0.055010451225477174,0.3750634309697015,0.0,0.0,0.0,0.0,0.0,0.0,0.0,0.0,0.0,1.0,0.0,0.0,0.0,1.0,0,0.0,0.0,0.0,0.0,0.10838406284291652,4,benign
947310,109820878,216231,663118,49299,162136,331841,88465,597287,0,0.32608223574084855,0.17115411005900918,999.0,115.92918685541164,0,0,0,0,0,88455,108,0,0,0,0,0,0,0,0,0,0,0,0,0,0,0,0.0,0.0,0.0,0.0,0.0,1.9999259907981892,95767,66363,3,1.4430782212980124,0.10109362299564029,0.07005415333945593,0.09338548099355015,0.0,0.0,0.0,0.05204104253095607,0.3502982128342359,0.0,0.0,0.0,0.0,0.0,0.0,0.0,0.0,0.0,1.0,0.0,0.0,0.0,1.0,0,0.0,0.0,0.0,0.0,0.10109362299564029,4,benign
947551,117368349,245507,663219,57859,185160,355571,94642,597267,0,0.3701748592847913,0.19540900700859373,999.0,123.8649413065893,0,0,0,0,0,100834,108,0,0,0,0,0,0,0,0,0,0,0,0,0,0,0,0.0,0.0,0.0,0.0,0.0,2.0043950333957588,102518,71120,3,1.4414791901012374,0.10819259332743039,0.07505664602749615,0.0998806396700547,0.0,0.0,0.0,0.06106162095760545,0.37525262492467426,0.0,0.0,0.0,0.0,0.0,0.0,0.0,0.0,0.0,1.0,0.0,0.0,0.0,1.0,0,0.0,0.0,0.0,0.0,0.10819259332743039,4,benign
895381,118917355,217531,627023,50831,164187,359772,95872,563967,0,0.34692666776178865,0.18337110124070088,999.0,132.81201522033638,0,0,0,0,0,95836,108,0,0,0,0,0,0,0,0,0,0,0,0,0,0,0,0.0,0.0,0.0,0.0,0.0,2.000012181306567,104002,71954,3,1.4453956694554855,0.11615390543243602,0.08036132104657123,0.10707397186225752,0.0,0.0,0.0,0.05677024640907055,0.40180883891885133,0.0,0.0,0.0,0.0,0.0,0.0,0.0,0.0,0.0,1.0,0.0,0.0,0.0,1.0,0,0.0,0.0,0.0,0.0,0.11615390543243602,4,benign
890058,110481071,218266,622854,48939,163139,333781,89187,561343,0,0.35042883243906275,0.1832903024297293,999.0,124.12794559455676,0,0,0,0,0,89187,108,0,0,0,0,0,0,0,0,0,0,0,0,0,0,0,0.0,0.0,0.0,0.0,0.0,2.0000367791290703,96380,66752,3,1.4438518696069031,0.1082850780510933,0.07499735972262482,0.10020358223846086,0.0,0.0,0.0,0.05498405721874305,0.37501039258115765,0.0,0.0,0.0,0.0,0.0,0.0,0.0,0.0,0.0,1.0,0.0,0.0,0.0,1.0,0,0.0,0.0,0.0,0.0,0.1082850780510933,4,benign
947375,117816438,234014,662725,50636,173513,355333,94971,598661,0,0.3531087555169942,0.18315133922681093,999.0,124.36093204908299,0,0,0,0,0,94795,108,0,0,0,0,0,0,0,0,0,0,0,0,0,0,0,0.0,0.0,0.0,0.0,0.0,2.001372596514297,102450,71064,3,1.4416582235731172,0.1081409156880855,0.07501147908695079,0.10024647051062145,0.0,0.0,0.0,0.053448739939305975,0.3750711175616836,0.0,0.0,0.0,0.0,0.0,0.0,0.0,0.0,0.0,1.0,0.0,0.0,0.0,1.0,0,0.0,0.0,0.0,0.0,0.1081409156880855,4,benign
896477,111062526,232378,628426,54005,175794,336602,89368,564768,0,0.3697778258697126,0.19609426677985045,999.0,123.8877584143263,0,0,0,0,0,89371,108,0,0,0,0,0,0,0,0,0,0,0,0,0,0,0,0.0,0.0,0.0,0.0,0.0,1.9994995393487187,97288,67318,3,1.4452003921685137,0.10852258340147042,0.07509172014452127,0.09968800091915353,0.0,0.0,0.0,0.06024136704009138,0.3754719864536402,0.0,0.0,0.0,0.0,0.0,0.0,0.0,0.0,0.0,1.0,0.0,0.0,0.0,1.0,0,0.0,0.0,0.0,0.0,0.10852258340147042,4,benign
1049861,146142201,272143,735241,61556,204501,441415,117829,661579,0,0.3701412190016607,0.1947886434489899,999.0,139.20147619542016,0,0,0,0,0,117896,108,0,0,0,0,0,0,0,0,0,0,0,0,0,0,0,0.0,0.0,0.0,0.0,0.0,1.9989736371367408,127981,88283,3,1.4496675464132391,0.12190280427599463,0.08409017955710327,0.11223295274326792,0.0,0.0,0.0,0.058632523734094326,0.42045089778551636,0.0,0.0,0.0,0.0,0.0,0.0,0.0,0.0,0.0,1.0,0.0,0.0,0.0,1.0,0,0.0,0.0,0.0,0.0,0.12190280427599463,4,benign
893440,110946287,219132,625146,49162,163698,335030,89393,563597,0,0.35052931635170026,0.18322215257879657,999.0,124.17877753402578,0,0,0,0,0,89395,108,0,0,0,0,0,0,0,0,0,0,0,0,0,0,0,0.0,0.0,0.0,0.0,0.0,1.9998533993036467,96704,67014,3,1.4430417524696333,0.1082378223495702,0.07500671561604584,0.10005484419770774,0.0,0.0,0.0,0.05502551934097421,0.37498880730659023,0.0,0.0,0.0,0.0,0.0,0.0,0.0,0.0,0.0,1.0,0.0,0.0,0.0,1.0,0,0.0,0.0,0.0,0.0,0.1082378223495702,4,benign
884039,109722037,216334,618853,48852,162076,331570,88339,557626,0,0.349572515605483,0.18333580305846237,999.0,124.11447571883141,0,0,0,0,0,88335,108,0,0,0,0,0,0,0,0,0,0,0,0,0,0,0,0.0,0.0,0.0,0.0,0.0,2.0001480896435977,95758,66315,3,1.4439870315916459,0.10831875064335397,0.07501365889966392,0.0999265869492183,0.0,0.0,0.0,0.05526000549749502,0.37506263863924555,0.0,0.0,0.0,0.0,0.0,0.0,0.0,0.0,0.0,1.0,0.0,0.0,0.0,1.0,0,0.0,0.0,0.0,0.0,0.10831875064335397,4,benign
947778,117585748,230671,664155,52952,173967,355646,94572,597428,0,0.34731500929752845,0.1835524774789033,999.0,124.06465227089043,0,0,0,0,0,94595,108,0,0,0,0,0,0,0,0,0,0,0,0,0,0,0,0.0,0.0,0.0,0.0,0.0,1.9991151662797912,102839,71131,3,1.4457690739621263,0.10850536729065245,0.07505027548645359,0.09978286054329179,0.0,0.0,0.0,0.05586962347722779,0.37524188153765964,0.0,0.0,0.0,0.0,0.0,0.0,0.0,0.0,0.0,1.0,0.0,0.0,0.0,1.0,0,0.0,0.0,0.0,0.0,0.10850536729065245,4,benign
892268,110828072,219011,623929,49329,163401,334406,89284,562862,0,0.3510191063406253,0.18312995647047747,999.0,124.20939896981625,0,0,0,0,0,89289,108,0,0,0,0,0,0,0,0,0,0,0,0,0,0,0,0.0,0.0,0.0,0.0,0.0,1.9999388027367415,96520,66875,3,1.4432897196261683,0.1081737773852699,0.07494945464815504,0.10006410629990092,0.0,0.0,0.0,0.05528495922749667,0.3747820161655467,0.0,0.0,0.0,0.0,0.0,0.0,0.0,0.0,0.0,1.0,0.0,0.0,0.0,1.0,0,0.0,0.0,0.0,0.0,0.1081737773852699,4,benign
1070737,124906423,244457,749444,58290,184955,377775,101147,673916,0,0.32618447809309303,0.17273616210143106,999.0,116.65462480515757,0,0,0,0,0,107177,108,0,0,0,0,0,0,0,0,0,0,0,0,0,0,0,0.0,0.0,0.0,0.0,0.0,1.9987140279023525,109395,75556,3,1.4478664831383345,0.10216794600354709,0.07056448035325201,0.09446484057242815,0.0,0.0,0.0,0.05443913864936021,0.3528177320854701,0.0,0.0,0.0,0.0,0.0,0.0,0.0,0.0,0.0,1.0,0.0,0.0,0.0,1.0,0,0.0,0.0,0.0,0.0,0.10216794600354709,4,benign
1145353,126314544,249134,802052,56400,186783,381998,101914,722197,0,0.31062075775635495,0.16307898089060752,999.0,110.28437870246117,0,0,0,0,0,107986,108,0,0,0,0,0,0,0,0,0,0,0,0,0,0,0,0.0,0.0,0.0,0.0,0.0,2.0009963040334244,110389,76406,3,1.4447687354396253,0.09637989336038759,0.06670956464950108,0.08898042786808957,0.0,0.0,0.0,0.04924246062131064,0.3335198842627557,0.0,0.0,0.0,0.0,0.0,0.0,0.0,0.0,0.0,1.0,0.0,0.0,0.0,1.0,0,0.0,0.0,0.0,0.0,0.09637989336038759,4,benign
887054,110123283,216982,621237,48835,162677,332970,88799,559338,0,0.3492741095588318,0.18339018819598357,999.0,124.14495960787055,0,0,0,0,0,88797,108,0,0,0,0,0,0,0,0,0,0,0,0,0,0,0,0.0,0.0,0.0,0.0,0.0,1.999938530384431,96076,66595,3,1.4426908927096629,0.10830907701222248,0.07507434722125148,0.10010551781514992,0.0,0.0,0.0,0.0550530181928045,0.37536609947083266,0.0,0.0,0.0,0.0,0.0,0.0,0.0,0.0,0.0,1.0,0.0,0.0,0.0,1.0,0,0.0,0.0,0.0,0.0,0.10830907701222248,4,benign
1009449,133081944,263037,706755,58368,196606,402024,107340,636868,0,0.37217564785533885,0.19476565928541215,999.0,131.83622352392246,0,0,0,0,0,107545,108,0,0,0,0,0,0,0,0,0,0,0,0,0,0,0,0.0,0.0,0.0,0.0,0.0,1.9999593103097502,116201,80401,3,1.445268093680427,0.1151132944804542,0.07964840224716653,0.10633523833299156,0.0,0.0,0.0,0.057821643292528896,0.3982608333853419,0.0,0.0,0.0,0.0,0.0,0.0,0.0,0.0,0.0,1.0,0.0,0.0,0.0,1.0,0,0.0,0.0,0.0,0.0,0.1151132944804542,4,benign
956574,126814136,250405,669318,55731,187185,382086,102152,602778,0,0.374119626246418,0.19568271769878756,999.0,132.57117170234608,0,0,0,0,0,102412,108,0,0,0,0,0,0,0,0,0,0,0,0,0,0,0,0.0,0.0,0.0,0.0,0.0,1.996320588705807,110773,76411,3,1.4496996505738702,0.11580180937386966,0.07987986292748914,0.10678943814069795,0.0,0.0,0.0,0.05826104410113593,0.3994317219577367,0.0,0.0,0.0,0.0,0.0,0.0,0.0,0.0,0.0,1.0,0.0,0.0,0.0,1.0,0,0.0,0.0,0.0,0.0,0.11580180937386966,4,benign
893951,111000695,218653,625872,49426,163941,335257,89390,563793,0,0.34935737658818417,0.18338924616673621,999.0,124.16865689506471,0,0,0,0,0,89387,108,0,0,0,0,0,0,0,0,0,0,0,0,0,0,0,0.0,0.0,0.0,0.0,0.0,1.999939004306296,96885,67054,3,1.4448802457720642,0.10837842342589248,0.0750085854817546,0.09999429498932268,0.0,0.0,0.0,0.05528938387003315,0.3750283852246935,0.0,0.0,0.0,0.0,0.0,0.0,0.0,0.0,0.0,1.0,0.0,0.0,0.0,1.0,0,0.0,0.0,0.0,0.0,0.10837842342589248,4,benign
885760,109753893,216278,619303,50179,162198,331653,88904,557996,0,0.3492280838297247,0.1831173229768786,999.0,123.90929032695087,0,0,0,0,0,88900,108,0,0,0,0,0,0,0,0,0,0,0,0,0,0,0,0.0,0.0,0.0,0.0,0.0,2.0,95874,66341,3,1.4451696537586107,0.10823925216763006,0.07489726336705202,0.10037030346820809,0.0,0.0,0.0,0.05665078576589595,0.37442761018786125,0.0,0.0,0.0,0.0,0.0,0.0,0.0,0.0,0.0,1.0,0.0,0.0,0.0,1.0,0,0.0,0.0,0.0,0.0,0.10823925216763006,4,benign
887296,109962702,216387,620796,50113,162567,332746,88889,558966,0,0.34856377940579514,0.18321619842758222,999.0,123.930122529573,0,0,0,0,0,88898,108,0,0,0,0,0,0,0,0,0,0,0,0,0,0,0,0.0,0.0,0.0,0.0,0.0,2.000036908540636,96017,66548,3,1.442823225341107,0.10821304277264858,0.07500090161569532,0.10017964692729371,0.0,0.0,0.0,0.05647833417484131,0.37501127019619157,0.0,0.0,0.0,0.0,0.0,0.0,0.0,0.0,0.0,1.0,0.0,0.0,0.0,1.0,0,0.0,0.0,0.0,0.0,0.10821304277264858,4,benign
888320,110482075,219277,621356,47687,162729,333062,88904,560998,0,0.35290075254765385,0.18318736491354468,999.0,124.37193241174351,0,0,0,0,0,88907,108,0,0,0,0,0,0,0,0,0,0,0,0,0,0,0,0.0,0.0,0.0,0.0,0.0,2.000061453749908,96108,66599,3,1.443084731001967,0.10819074207492796,0.07497185698847263,0.10008105187319885,0.0,0.0,0.0,0.05368223162824207,0.3749347082132565,0.0,0.0,0.0,0.0,0.0,0.0,0.0,0.0,0.0,1.0,0.0,0.0,0.0,1.0,0,0.0,0.0,0.0,0.0,0.10819074207492796,4,benign
898220,111235684,217591,628587,52043,164678,336391,89728,565571,0,0.3461589246993654,0.18333815768965286,999.0,123.84013270690922,0,0,0,0,0,89717,108,0,0,0,0,0,0,0,0,0,0,0,0,0,0,0,0.0,0.0,0.0,0.0,0.0,1.9998057002683765,97402,67288,3,1.4475389371061704,0.10843891251586471,0.07491260492974995,0.0998953485782993,0.0,0.0,0.0,0.05794014829329117,0.37450847231190576,0.0,0.0,0.0,0.0,0.0,0.0,0.0,0.0,0.0,1.0,0.0,0.0,0.0,1.0,0,0.0,0.0,0.0,0.0,0.10843891251586471,4,benign
1015925,118240567,216480,711787,49066,162940,357886,94837,640668,0,0.30413592830439445,0.16038585525506313,999.0,116.38710239436966,0,0,0,0,0,94750,108,0,0,0,0,0,0,0,0,0,0,0,0,0,0,0,0.0,0.0,0.0,0.0,0.0,2.0001227521021296,103324,71581,3,1.4434556656095892,0.1017043580973005,0.07045894135886015,0.09335039496025789,0.0,0.0,0.0,0.04829687230848734,0.35227600462632574,0.0,0.0,0.0,0.0,0.0,0.0,0.0,0.0,0.0,1.0,0.0,0.0,0.0,1.0,0,0.0,0.0,0.0,0.0,0.1017043580973005,4,benign
890880,110642903,217340,624554,48986,163563,334673,88704,562032,0,0.34799232732477897,0.18359711745689655,999.0,124.19506892061781,0,0,0,0,0,88706,108,0,0,0,0,0,0,0,0,0,0,0,0,0,0,0,0.0,0.0,0.0,0.0,0.0,1.999938863347354,96627,66936,3,1.4435729652205092,0.10846241918103448,0.07513469827586207,0.09956896551724138,0.0,0.0,0.0,0.05498608117816092,0.37566563397988506,0.0,0.0,0.0,0.0,0.0,0.0,0.0,0.0,0.0,1.0,0.0,0.0,0.0,1.0,0,0.0,0.0,0.0,0.0,0.10846241918103448,4,benign
893294,110895103,218462,625723,49109,163896,335147,89141,563596,0,0.3491353202615215,0.1834737499636178,999.0,124.14177527219482,0,0,0,0,0,89138,108,0,0,0,0,0,0,0,0,0,0,0,0,0,0,0,0.0,0.0,0.0,0.0,0.0,1.999975594577115,96863,67021,3,1.4452634248966743,0.10843350565435343,0.07502681088197168,0.0997890951915047,0.0,0.0,0.0,0.05497518174307675,0.37518107140538276,0.0,0.0,0.0,0.0,0.0,0.0,0.0,0.0,0.0,1.0,0.0,0.0,0.0,1.0,0,0.0,0.0,0.0,0.0,0.10843350565435343,4,benign
882822,117376701,231168,618498,52223,173404,354039,94550,556809,0,0.3737570695458999,0.1964201163994554,999.0,132.95624825842583,0,0,0,0,0,94510,108,0,0,0,0,0,0,0,0,0,0,0,0,0,0,0,0.0,0.0,0.0,0.0,0.0,1.9978800377906307,102601,70816,3,1.4488392453682784,0.1162193511262746,0.08021549077843551,0.10709973244889684,0.0,0.0,0.0,0.05915462007063712,0.4010310119140665,0.0,0.0,0.0,0.0,0.0,0.0,0.0,0.0,0.0,1.0,0.0,0.0,0.0,1.0,0,0.0,0.0,0.0,0.0,0.1162193511262746,4,benign
885275,109852648,216656,619531,49088,162293,331721,88738,558174,0,0.3497096997567515,0.18332495552229533,999.0,124.08872723165118,0,0,0,0,0,88732,108,0,0,0,0,0,0,0,0,0,0,0,0,0,0,0,0.0,0.0,0.0,0.0,0.0,2.0001109166646125,95940,66346,3,1.4460555270852802,0.10837310440258677,0.07494394397221202,0.10023777922114598,0.0,0.0,0.0,0.05544943661574087,0.37470955352856455,0.0,0.0,0.0,0.0,0.0,0.0,0.0,0.0,0.0,1.0,0.0,0.0,0.0,1.0,0,0.0,0.0,0.0,0.0,0.10837310440258677,4,benign
956005,118435561,231767,669490,55476,175354,358084,95736,601683,0,0.3461844090277674,0.18342372686335323,999.0,123.88592214475865,0,0,0,0,0,95646,108,0,0,0,0,0,0,0,0,0,0,0,0,0,0,0,0.0,0.0,0.0,0.0,0.0,1.997380171314015,103737,71610,3,1.4486384583158776,0.10851093875032035,0.07490546597559636,0.10014173566037834,0.0,0.0,0.0,0.05802898520405228,0.3745628945455306,0.0,0.0,0.0,0.0,0.0,0.0,0.0,0.0,0.0,1.0,0.0,0.0,0.0,1.0,0,0.0,0.0,0.0,0.0,0.10851093875032035,4,benign
952095,118011070,232689,665752,53654,174365,356418,95379,600146,0,0.349513031879739,0.18313823725573602,999.0,123.94883913895147,0,0,0,0,0,95459,108,0,0,0,0,0,0,0,0,0,0,0,0,0,0,0,0.0,0.0,0.0,0.0,0.0,2.001067297098788,103083,71292,3,1.445926611681535,0.10826965796480394,0.07487908244450396,0.10017802845304302,0.0,0.0,0.0,0.05635362017445738,0.374351298977518,0.0,0.0,0.0,0.0,0.0,0.0,0.0,0.0,0.0,1.0,0.0,0.0,0.0,1.0,0,0.0,0.0,0.0,0.0,0.10826965796480394,4,benign
885656,109931675,216531,620266,48860,162515,331930,88493,558691,0,0.34909377589614776,0.18349675268953183,999.0,124.12457545593323,0,0,0,0,0,88498,108,0,0,0,0,0,0,0,0,0,0,0,0,0,0,0,0.0,0.0,0.0,0.0,0.0,2.000012306632044,96125,66380,3,1.4481018379029829,0.108535368133903,0.07495009349002321,0.09991802686370328,0.0,0.0,0.0,0.05516814654899871,0.3747843406469329,0.0,0.0,0.0,0.0,0.0,0.0,0.0,0.0,0.0,1.0,0.0,0.0,0.0,1.0,0,0.0,0.0,0.0,0.0,0.108535368133903,4,benign
1015515,133768901,263612,710714,60454,197312,402901,107403,640876,0,0.37091150589407273,0.19429747468033462,999.0,131.7251847584723,0,0,0,0,0,101423,108,0,0,0,0,0,0,0,0,0,0,0,0,0,0,0,0.0,0.0,0.0,0.0,0.0,1.9999797277435964,116718,80581,3,1.4484555912684132,0.11493478678306081,0.07934988651078517,0.1057621010029394,0.0,0.0,0.0,0.05953038606027484,0.3967454936657755,0.0,0.0,0.0,0.0,0.0,0.0,0.0,0.0,0.0,1.0,0.0,0.0,0.0,1.0,0,0.0,0.0,0.0,0.0,0.11493478678306081,4,benign
894331,111063313,219116,626102,49113,163990,335235,89359,564295,0,0.34996853547824475,0.183366113888482,999.0,124.18591438740243,0,0,0,0,0,89369,108,0,0,0,0,0,0,0,0,0,0,0,0,0,0,0,0.0,0.0,0.0,0.0,0.0,1.999609808440331,96965,67055,3,1.4460517485646112,0.10842182592351154,0.07497783259218344,0.09991714477078398,0.0,0.0,0.0,0.05491590921034829,0.37484443679129986,0.0,0.0,0.0,0.0,0.0,0.0,0.0,0.0,0.0,1.0,0.0,0.0,0.0,1.0,0,0.0,0.0,0.0,0.0,0.10842182592351154,4,benign
1019143,126587154,250283,712464,56396,186570,381855,102203,642822,0,0.351292135462283,0.18306557568466839,999.0,124.20941320305394,0,0,0,0,0,102008,108,0,0,0,0,0,0,0,0,0,0,0,0,0,0,0,0.0,0.0,0.0,0.0,0.0,1.9997641913908422,110208,76366,3,1.4431553309064242,0.10813791587637848,0.07493158467457461,0.10028327722409908,0.0,0.0,0.0,0.05533668974815114,0.37468245378715254,0.0,0.0,0.0,0.0,0.0,0.0,0.0,0.0,0.0,1.0,0.0,0.0,0.0,1.0,0,0.0,0.0,0.0,0.0,0.10813791587637848,4,benign
887292,118081760,232590,620981,53462,174374,357133,95391,559222,0,0.3745525225409473,0.19652380501571073,999.0,133.0810601245137,0,0,0,0,0,95108,108,0,0,0,0,0,0,0,0,0,0,0,0,0,0,0,0.0,0.0,0.0,0.0,0.0,2.0004129908568413,102947,71430,3,1.4412291754164916,0.11602381177785892,0.08050337431195143,0.1075080131456161,0.0,0.0,0.0,0.060252994504627566,0.40249771213985924,0.0,0.0,0.0,0.0,0.0,0.0,0.0,0.0,0.0,1.0,0.0,0.0,0.0,1.0,0,0.0,0.0,0.0,0.0,0.11602381177785892,4,benign
889344,110173348,216639,622091,50614,162934,333314,89070,560187,0,0.3482432634453802,0.18320694804260218,999.0,123.8815891263673,0,0,0,0,0,89062,108,0,0,0,0,0,0,0,0,0,0,0,0,0,0,0,0.0,0.0,0.0,0.0,0.0,1.9999509015699224,96273,66663,3,1.4441744295936276,0.10825170012953368,0.07495749676165803,0.1001524719343696,0.0,0.0,0.0,0.05691161125503742,0.3747863593839954,0.0,0.0,0.0,0.0,0.0,0.0,0.0,0.0,0.0,1.0,0.0,0.0,0.0,1.0,0,0.0,0.0,0.0,0.0,0.10825170012953368,4,benign
888839,110557456,218345,622659,47835,163046,333760,88633,561247,0,0.350665452518955,0.1834370454041733,999.0,124.38411905868217,0,0,0,0,0,88639,108,0,0,0,0,0,0,0,0,0,0,0,0,0,0,0,0.0,0.0,0.0,0.0,0.0,2.0,96292,66750,3,1.4425767790262172,0.10833458027831812,0.07509796487327851,0.099717721657128,0.0,0.0,0.0,0.05381739550132251,0.37550107499783425,0.0,0.0,0.0,0.0,0.0,0.0,0.0,0.0,0.0,1.0,0.0,0.0,0.0,1.0,0,0.0,0.0,0.0,0.0,0.10833458027831812,4,benign
1011896,125250404,244579,708900,58417,185627,380303,100927,637244,0,0.3450119904076739,0.1834447413568193,999.0,123.77794160664732,0,0,0,0,0,94565,108,0,0,0,0,0,0,0,0,0,0,0,0,0,0,0,0.0,0.0,0.0,0.0,0.0,2.000484960825942,109564,76058,3,1.4405322254069264,0.10827594930704341,0.07516385083052013,0.09974048716468886,0.0,0.0,0.0,0.05773024105244017,0.3758321013226656,0.0,0.0,0.0,0.0,0.0,0.0,0.0,0.0,0.0,1.0,0.0,0.0,0.0,1.0,0,0.0,0.0,0.0,0.0,0.10827594930704341,4,benign
955429,118530530,233728,668587,53116,175212,357917,95722,602051,0,0.34958502034888506,0.18338568328991478,999.0,124.06000864533105,0,0,0,0,0,95735,108,0,0,0,0,0,0,0,0,0,0,0,0,0,0,0,0.0,0.0,0.0,0.0,0.0,1.9982208840837552,103623,71579,3,1.447673200240294,0.10845703867058672,0.07491817811684594,0.10018745505945496,0.0,0.0,0.0,0.055593874584087356,0.37461391688969037,0.0,0.0,0.0,0.0,0.0,0.0,0.0,0.0,0.0,1.0,0.0,0.0,0.0,1.0,0,0.0,0.0,0.0,0.0,0.10845703867058672,4,benign
892947,118972703,233931,625671,52772,175730,359636,95348,563386,0,0.3738881936353131,0.19679779426998467,999.0,133.23601848709947,0,0,0,0,0,95489,108,0,0,0,0,0,0,0,0,0,0,0,0,0,0,0,0.0,0.0,0.0,0.0,0.0,2.0000455254202567,103803,71930,3,1.44311135826498,0.11624766083541352,0.08055349309645478,0.10677901376005519,0.0,0.0,0.0,0.059098692307606164,0.40275178706015025,0.0,0.0,0.0,0.0,0.0,0.0,0.0,0.0,0.0,1.0,0.0,0.0,0.0,1.0,0,0.0,0.0,0.0,0.0,0.11624766083541352,4,benign
879972,109307692,215279,616056,48641,161356,329874,87757,555259,0,0.34944712818315216,0.18336492524762152,999.0,124.21723873032323,0,0,0,0,0,87757,108,0,0,0,0,0,0,0,0,0,0,0,0,0,0,0,0.0,0.0,0.0,0.0,0.0,2.0000495810402104,95382,65970,3,1.4458390177353342,0.108392085202711,0.07496829444573236,0.09972703676935175,0.0,0.0,0.0,0.05527562240616747,0.37486874582373075,0.0,0.0,0.0,0.0,0.0,0.0,0.0,0.0,0.0,1.0,0.0,0.0,0.0,1.0,0,0.0,0.0,0.0,0.0,0.108392085202711,4,benign
1076127,149292286,294237,753633,66761,220314,449951,120024,678014,0,0.3904247823542759,0.20472862403786912,999.0,138.73110329914593,0,0,0,0,0,120124,108,0,0,0,0,0,0,0,0,0,0,0,0,0,0,0,0.0,0.0,0.0,0.0,0.0,1.9978598957152574,130324,89994,3,1.4481409871769229,0.12110466515569258,0.08362767591557502,0.11153330415462115,0.0,0.0,0.0,0.06203821667888641,0.41812072366923236,0.0,0.0,0.0,0.0,0.0,0.0,0.0,0.0,0.0,1.0,0.0,0.0,0.0,1.0,0,0.0,0.0,0.0,0.0,0.12110466515569258,4,benign
1154719,143194366,282363,808066,64613,210990,432128,115381,728273,0,0.34943061581603485,0.1827197785781649,999.0,124.00797596644725,0,0,0,0,0,115127,108,0,0,0,0,0,0,0,0,0,0,0,0,0,0,0,0.0,0.0,0.0,0.0,0.0,2.0007965633979117,124566,86429,3,1.4412523574263267,0.10787559570770032,0.07484851292825354,0.09992127954939686,0.0,0.0,0.0,0.05595560478350144,0.37422784244478524,0.0,0.0,0.0,0.0,0.0,0.0,0.0,0.0,0.0,1.0,0.0,0.0,0.0,1.0,0,0.0,0.0,0.0,0.0,0.10787559570770032,4,benign
1013191,109398527,213524,709635,50622,162051,331415,87975,639045,0,0.30089271245076693,0.1599412154272985,999.0,107.97423881578104,0,0,0,0,0,87983,108,0,0,0,0,0,0,0,0,0,0,0,0,0,0,0,0.0,0.0,0.0,0.0,0.0,2.0000863962874282,95769,66282,3,1.4448719109260433,0.0945221582110382,0.0654190572162603,0.08682963034610454,0.0,0.0,0.0,0.04996293887332201,0.32710022098498703,0.0,0.0,0.0,0.0,0.0,0.0,0.0,0.0,0.0,1.0,0.0,0.0,0.0,1.0,0,0.0,0.0,0.0,0.0,0.0945221582110382,4,benign
883716,109524455,215082,618819,49815,162058,331623,88326,556809,0,0.3475685135718199,0.1833824441336357,999.0,123.93625893386563,0,0,0,0,0,88327,108,0,0,0,0,0,0,0,0,0,0,0,0,0,0,0,0.0,0.0,0.0,0.0,0.0,2.00002468282569,95729,66322,3,1.4433973643738127,0.10832552539503641,0.07504899764177632,0.09994839971212471,0.0,0.0,0.0,0.056369919747973334,0.37525969881726706,0.0,0.0,0.0,0.0,0.0,0.0,0.0,0.0,0.0,1.0,0.0,0.0,0.0,1.0,0,0.0,0.0,0.0,0.0,0.10832552539503641,4,benign
958624,119020006,234116,671453,53055,175915,359262,95723,604064,0,0.34867071857598375,0.1835078195413426,999.0,124.15713147177621,0,0,0,0,0,95737,108,0,0,0,0,0,0,0,0,0,0,0,0,0,0,0,0.0,0.0,0.0,0.0,0.0,1.998103156483911,104061,71849,3,1.448329134713079,0.10855246686917916,0.07495013686283673,0.09985458323597156,0.0,0.0,0.0,0.055344952765630735,0.37476841806589445,0.0,0.0,0.0,0.0,0.0,0.0,0.0,0.0,0.0,1.0,0.0,0.0,0.0,1.0,0,0.0,0.0,0.0,0.0,0.10855246686917916,4,benign
946749,117477624,232556,662396,51797,173468,355081,95005,597457,0,0.3510830379410504,0.18322490966454677,999.0,124.08528976529153,0,0,0,0,0,94984,108,0,0,0,0,0,0,0,0,0,0,0,0,0,0,0,0.0,0.0,0.0,0.0,0.0,2.0008535474122517,102459,71029,3,1.4424953188134424,0.10822192576913205,0.07502410881870485,0.10034866685890347,0.0,0.0,0.0,0.054710382582923246,0.3750529443389959,0.0,0.0,0.0,0.0,0.0,0.0,0.0,0.0,0.0,1.0,0.0,0.0,0.0,1.0,0,0.0,0.0,0.0,0.0,0.10822192576913205,4,benign
946581,133075068,262087,663195,58986,196619,402030,107117,597327,0,0.3951884438211989,0.20771492349835882,999.0,140.58497687995006,0,0,0,0,0,106911,108,0,0,0,0,0,0,0,0,0,0,0,0,0,0,0,0.0,0.0,0.0,0.0,0.0,2.0003764332441425,116206,80396,3,1.4454201701577194,0.12276392617219234,0.08493303795449095,0.11316200092754873,0.0,0.0,0.0,0.06231479397959604,0.4247180114538534,0.0,0.0,0.0,0.0,0.0,0.0,0.0,0.0,0.0,1.0,0.0,0.0,0.0,1.0,0,0.0,0.0,0.0,0.0,0.12276392617219234,4,benign
893952,111013595,219242,625468,49242,163808,335207,89558,563762,0,0.3505247270843592,0.1832402634593356,999.0,124.1829483014748,0,0,0,0,0,89568,108,0,0,0,0,0,0,0,0,0,0,0,0,0,0,0,0.0,0.0,0.0,0.0,0.0,1.9999267461877495,96759,67042,3,1.4432594493004385,0.1082373550257732,0.07499507803550974,0.10018211268613975,0.0,0.0,0.0,0.05508349441580756,0.37497203429266895,0.0,0.0,0.0,0.0,0.0,0.0,0.0,0.0,0.0,1.0,0.0,0.0,0.0,1.0,0,0.0,0.0,0.0,0.0,0.1082373550257732,4,benign
959336,127180762,234713,671659,52964,175869,383770,102231,605121,0,0.3494526240249889,0.18332367387442983,999.0,132.57165581193658,0,0,0,0,0,102268,108,0,0,0,0,0,0,0,0,0,0,0,0,0,0,0,0.0,0.0,0.0,0.0,0.0,1.999897656329956,111070,76763,3,1.4469210426898376,0.11577799644754289,0.08001680328894152,0.10656433199629745,0.0,0.0,0.0,0.05520901957187054,0.4000371090003919,0.0,0.0,0.0,0.0,0.0,0.0,0.0,0.0,0.0,1.0,0.0,0.0,0.0,1.0,0,0.0,0.0,0.0,0.0,0.11577799644754289,4,benign
882099,117230590,230838,617304,52618,173490,354446,94735,555872,0,0.3739454142529451,0.19667860410226062,999.0,132.89958383356063,0,0,0,0,0,94801,108,0,0,0,0,0,0,0,0,0,0,0,0,0,0,0,0.0,0.0,0.0,0.0,0.0,1.9996542185338866,102590,70883,3,1.4473145888294796,0.11630213842210455,0.08035719346694645,0.10739724225965566,0.0,0.0,0.0,0.05965090086260159,0.40182111078234983,0.0,0.0,0.0,0.0,0.0,0.0,0.0,0.0,0.0,1.0,0.0,0.0,0.0,1.0,0,0.0,0.0,0.0,0.0,0.11630213842210455,4,benign
948530,117856669,232623,663725,52182,173857,355578,94650,598499,0,0.35048099740103206,0.18329098710636457,999.0,124.2519150685798,0,0,0,0,0,94625,108,0,0,0,0,0,0,0,0,0,0,0,0,0,0,0,0.0,0.0,0.0,0.0,0.0,1.99985046298959,102736,71117,3,1.4446053686179112,0.10831075453596618,0.07497601551875006,0.09978598462884675,0.0,0.0,0.0,0.05501354727842029,0.37487269775336574,0.0,0.0,0.0,0.0,0.0,0.0,0.0,0.0,0.0,1.0,0.0,0.0,0.0,1.0,0,0.0,0.0,0.0,0.0,0.10831075453596618,4,benign
897653,111010501,217000,628275,52378,164511,336745,89881,564630,0,0.34539015558473596,0.1832679220144087,999.0,123.66749846544266,0,0,0,0,0,89882,108,0,0,0,0,0,0,0,0,0,0,0,0,0,0,0,0.0,0.0,0.0,0.0,0.0,1.9997933482446757,97180,67350,3,1.4429101707498144,0.1082600960504783,0.0750289922720695,0.10012889167640503,0.0,0.0,0.0,0.058349941458447754,0.3751393912792582,0.0,0.0,0.0,0.0,0.0,0.0,0.0,0.0,0.0,1.0,0.0,0.0,0.0,1.0,0,0.0,0.0,0.0,0.0,0.1082600960504783,4,benign
956258,134784157,249774,669016,57091,187143,407155,108848,603437,0,0.3733453310533679,0.19570346078150458,999.0,140.9495732323285,0,0,0,0,0,102397,108,0,0,0,0,0,0,0,0,0,0,0,0,0,0,0,0.0,0.0,0.0,0.0,0.0,2.002086141600873,117697,81432,3,1.4453408979271047,0.12308080036977469,0.0851569346347952,0.11382702157785869,0.0,0.0,0.0,0.05970250706399319,0.4257794444595496,0.0,0.0,0.0,0.0,0.0,0.0,0.0,0.0,0.0,1.0,0.0,0.0,0.0,1.0,0,0.0,0.0,0.0,0.0,0.12308080036977469,4,benign
890731,110562116,218499,623385,48850,163276,333892,89246,561854,0,0.3505041026011213,0.18330562201158374,999.0,124.12514664921284,0,0,0,0,0,89250,108,0,0,0,0,0,0,0,0,0,0,0,0,0,0,0,0.0,0.0,0.0,0.0,0.0,1.9999020112197154,96500,66776,3,1.4451299868216125,0.10833798307233047,0.07496763893925326,0.10019411023081043,0.0,0.0,0.0,0.0548425955759932,0.3748516667770629,0.0,0.0,0.0,0.0,0.0,0.0,0.0,0.0,0.0,1.0,0.0,0.0,0.0,1.0,0,0.0,0.0,0.0,0.0,0.10833798307233047,4,benign
986703,130228565,257140,690316,58258,192422,394313,105094,621658,0,0.3724960742616425,0.19501511599741767,999.0,131.98355026791242,0,0,0,0,0,98975,108,0,0,0,0,0,0,0,0,0,0,0,0,0,0,0,0.0,0.0,0.0,0.0,0.0,2.0022267543494547,113552,78846,3,1.4401745174136926,0.11508224866043784,0.07990854390834932,0.10651026702057255,0.0,0.0,0.0,0.059043096048152284,0.39962683806576044,0.0,0.0,0.0,0.0,0.0,0.0,0.0,0.0,0.0,1.0,0.0,0.0,0.0,1.0,0,0.0,0.0,0.0,0.0,0.11508224866043784,4,benign
1075512,118316444,234139,751770,52745,174392,356904,95496,677490,0,0.3114503106003166,0.16214788863350665,999.0,110.0094131911127,0,0,0,0,0,95619,108,0,0,0,0,0,0,0,0,0,0,0,0,0,0,0,0.0,0.0,0.0,0.0,0.0,1.998418609981092,103026,71384,3,1.4432645971085958,0.0957925155646799,0.06637210928376439,0.08879119898243813,0.0,0.0,0.0,0.04904175871584882,0.3318456697833218,0.0,0.0,0.0,0.0,0.0,0.0,0.0,0.0,0.0,1.0,0.0,0.0,0.0,1.0,0,0.0,0.0,0.0,0.0,0.0957925155646799,4,benign
891799,118565348,233842,624341,52291,175146,358152,95480,562560,0,0.37454211720838454,0.196396273151237,999.0,132.9507523556317,0,0,0,0,0,95456,108,0,0,0,0,0,0,0,0,0,0,0,0,0,0,0,0.0,0.0,0.0,0.0,0.0,2.0004568661268034,103508,71649,3,1.4446537983782048,0.11606651274558505,0.08034209502365443,0.1070644842615881,0.0,0.0,0.0,0.05863540999709576,0.40160619152970567,0.0,0.0,0.0,0.0,0.0,0.0,0.0,0.0,0.0,1.0,0.0,0.0,0.0,1.0,0,0.0,0.0,0.0,0.0,0.11606651274558505,4,benign
884686,109767341,216327,619008,49351,162112,331780,88644,557626,0,0.34947367400744417,0.18324241595323087,999.0,124.07491584584812,0,0,0,0,0,88638,108,0,0,0,0,0,0,0,0,0,0,0,0,0,0,0,0.0,0.0,0.0,0.0,0.0,2.0001974138781957,95739,66354,3,1.442851975766344,0.10821805702814331,0.07500288237860665,0.10019826243435524,0.0,0.0,0.0,0.055783633967305915,0.3750257153385495,0.0,0.0,0.0,0.0,0.0,0.0,0.0,0.0,0.0,1.0,0.0,0.0,0.0,1.0,0,0.0,0.0,0.0,0.0,0.10821805702814331,4,benign
1015968,118145028,232290,711642,53137,174887,357834,95343,639823,0,0.3264141239555844,0.17213829569435257,999.0,116.28813899650383,0,0,0,0,0,95395,108,0,0,0,0,0,0,0,0,0,0,0,0,0,0,0,0.0,0.0,0.0,0.0,0.0,2.0002630615792847,103325,71568,3,1.4437318354571875,0.10170103782796308,0.07044316356420674,0.09384449116507607,0.0,0.0,0.0,0.05230184415257173,0.3522099121232165,0.0,0.0,0.0,0.0,0.0,0.0,0.0,0.0,0.0,1.0,0.0,0.0,0.0,1.0,0,0.0,0.0,0.0,0.0,0.10170103782796308,4,benign
949085,109618520,215750,662965,50905,162002,331553,88864,597722,0,0.32543196096324845,0.17069282519479287,999.0,115.49915971699058,0,0,0,0,0,88867,108,0,0,0,0,0,0,0,0,0,0,0,0,0,0,0,0.0,0.0,0.0,0.0,0.0,1.9998765523541466,95694,66313,3,1.4430654622773815,0.10082763925254323,0.06987045417428366,0.09363123429408325,0.0,0.0,0.0,0.053635870338273176,0.34933962711453664,0.0,0.0,0.0,0.0,0.0,0.0,0.0,0.0,0.0,1.0,0.0,0.0,0.0,1.0,0,0.0,0.0,0.0,0.0,0.10082763925254323,4,benign
883109,117589799,230792,619051,52055,173742,355543,94026,557239,0,0.37281581000596076,0.1967390208909659,999.0,133.1543433483296,0,0,0,0,0,94223,108,0,0,0,0,0,0,0,0,0,0,0,0,0,0,0,0.0,0.0,0.0,0.0,0.0,2.0014284233201627,102637,71112,3,1.4433147710653618,0.11622234627888517,0.080524601153425,0.10647156806237962,0.0,0.0,0.0,0.05894515852516507,0.40260375559528894,0.0,0.0,0.0,0.0,0.0,0.0,0.0,0.0,0.0,1.0,0.0,0.0,0.0,1.0,0,0.0,0.0,0.0,0.0,0.11622234627888517,4,benign
1030703,143644430,252198,722306,56141,189028,435166,115593,650234,0,0.3491567285887145,0.1833971570859889,999.0,139.36549132000198,0,0,0,0,0,115424,108,0,0,0,0,0,0,0,0,0,0,0,0,0,0,0,0.0,0.0,0.0,0.0,0.0,2.002415254237288,125291,87034,3,1.4395638486108877,0.12155878075449475,0.08444139582401526,0.11214966872125141,0.0,0.0,0.0,0.05446864906767517,0.4222030982737025,0.0,0.0,0.0,0.0,0.0,0.0,0.0,0.0,0.0,1.0,0.0,0.0,0.0,1.0,0,0.0,0.0,0.0,0.0,0.12155878075449475,4,benign
885248,109916570,216786,619795,48667,162343,332016,88574,558350,0,0.3497704886293049,0.18338702826778486,999.0,124.16471994288607,0,0,0,0,0,88575,108,0,0,0,0,0,0,0,0,0,0,0,0,0,0,0,0.0,0.0,0.0,0.0,0.0,1.999815223148844,95937,66410,3,1.4446167745821412,0.1083730208935801,0.07501852588201273,0.10005557764603817,0.0,0.0,0.0,0.05497555487275882,0.37505422209369577,0.0,0.0,0.0,0.0,0.0,0.0,0.0,0.0,0.0,1.0,0.0,0.0,0.0,1.0,0,0.0,0.0,0.0,0.0,0.1083730208935801,4,benign
889344,110453014,216729,623328,49287,163255,333857,88436,561105,0,0.3476965578315109,0.1835678882412205,999.0,124.19605237118596,0,0,0,0,0,88425,108,0,0,0,0,0,0,0,0,0,0,0,0,0,0,0,0.0,0.0,0.0,0.0,0.0,2.0000122508483713,96484,66763,3,1.4451717268546949,0.10848895365572826,0.07506993919113414,0.09943958693149108,0.0,0.0,0.0,0.05541950021588946,0.37539692177605066,0.0,0.0,0.0,0.0,0.0,0.0,0.0,0.0,0.0,1.0,0.0,0.0,0.0,1.0,0,0.0,0.0,0.0,0.0,0.10848895365572826,4,benign
886827,110177730,217252,620702,48873,162545,332683,88512,559525,0,0.3500101497981318,0.18328828508829795,999.0,124.23813212723564,0,0,0,0,0,88518,108,0,0,0,0,0,0,0,0,0,0,0,0,0,0,0,0.0,0.0,0.0,0.0,0.0,2.0000369135361935,96012,66540,3,1.442921550946799,0.10826463335013481,0.07503154504768123,0.09980751600932312,0.0,0.0,0.0,0.055109959439665235,0.37513855577243366,0.0,0.0,0.0,0.0,0.0,0.0,0.0,0.0,0.0,1.0,0.0,0.0,0.0,1.0,0,0.0,0.0,0.0,0.0,0.10826463335013481,4,benign
954631,110685625,218725,667353,49374,163371,333932,89476,601900,0,0.3277500812913106,0.17113523445184578,999.0,115.9459780794883,0,0,0,0,0,89478,108,0,0,0,0,0,0,0,0,0,0,0,0,0,0,0,0.0,0.0,0.0,0.0,0.0,2.0000612122473465,96589,66795,3,1.446051351149038,0.10117940858823986,0.06996944369080828,0.09372836205821936,0.0,0.0,0.0,0.05172050771449911,0.34980217487175674,0.0,0.0,0.0,0.0,0.0,0.0,0.0,0.0,0.0,1.0,0.0,0.0,0.0,1.0,0,0.0,0.0,0.0,0.0,0.10117940858823986,4,benign
885795,109611613,214811,619554,51432,162308,331703,88820,557419,0,0.3467187686626186,0.1832342697802539,999.0,123.7437702854498,0,0,0,0,0,88821,108,0,0,0,0,0,0,0,0,0,0,0,0,0,0,0,0.0,0.0,0.0,0.0,0.0,1.9999753558006284,95956,66331,3,1.4466237505841915,0.10832754757026174,0.07488301469301588,0.10027150751584735,0.0,0.0,0.0,0.05806309586303829,0.3744692620753109,0.0,0.0,0.0,0.0,0.0,0.0,0.0,0.0,0.0,1.0,0.0,0.0,0.0,1.0,0,0.0,0.0,0.0,0.0,0.10832754757026174,4,benign
950754,117733915,231971,664728,53775,173922,355737,95339,598996,0,0.3489713085653079,0.18293060034456862,999.0,123.83215321734119,0,0,0,0,0,89135,108,0,0,0,0,0,0,0,0,0,0,0,0,0,0,0,0.0,0.0,0.0,0.0,0.0,2.0014960412447063,102774,71146,3,1.4445506423411014,0.10809736272474267,0.07483113402625706,0.1002772536323802,0.0,0.0,0.0,0.05656037208363047,0.3741630327087764,0.0,0.0,0.0,0.0,0.0,0.0,0.0,0.0,0.0,1.0,0.0,0.0,0.0,1.0,0,0.0,0.0,0.0,0.0,0.10809736272474267,4,benign
889828,110481526,217295,623206,49327,163191,334072,88586,561352,0,0.3486728304926461,0.18339611700238698,999.0,124.1605411382874,0,0,0,0,0,88579,108,0,0,0,0,0,0,0,0,0,0,0,0,0,0,0,0.0,0.0,0.0,0.0,0.0,1.9997916768785844,96385,66824,3,1.4423710044295464,0.10831868630791569,0.07509765932292532,0.09955407112385764,0.0,0.0,0.0,0.0554343086529082,0.3754343536054159,0.0,0.0,0.0,0.0,0.0,0.0,0.0,0.0,0.0,1.0,0.0,0.0,0.0,1.0,0,0.0,0.0,0.0,0.0,0.10831868630791569,4,benign
891844,110791020,217393,625427,49024,163761,335331,88575,562759,0,0.34759132560634576,0.18362067805580348,999.0,124.22690515381613,0,0,0,0,0,88573,108,0,0,0,0,0,0,0,0,0,0,0,0,0,0,0,0.0,0.0,0.0,0.0,0.0,2.000183210582243,96688,67059,3,1.441834802189117,0.10841357905642691,0.07519140118675463,0.09931669664201362,0.0,0.0,0.0,0.0549692547127076,0.3759973717376582,0.0,0.0,0.0,0.0,0.0,0.0,0.0,0.0,0.0,1.0,0.0,0.0,0.0,1.0,0,0.0,0.0,0.0,0.0,0.10841357905642691,4,benign
950359,118043178,217813,664605,48914,162572,356159,95124,599692,0,0.3277330143468677,0.17106377695165723,999.0,124.20903890003672,0,0,0,0,0,95021,108,0,0,0,0,0,0,0,0,0,0,0,0,0,0,0,0.0,0.0,0.0,0.0,0.0,1.9999507922448578,102857,71228,3,1.4440529005447296,0.10822962690941003,0.0749485194542273,0.10009270181057894,0.0,0.0,0.0,0.051468971199304686,0.3747625897160968,0.0,0.0,0.0,0.0,0.0,0.0,0.0,0.0,0.0,1.0,0.0,0.0,0.0,1.0,0,0.0,0.0,0.0,0.0,0.10822962690941003,4,benign
902144,112064937,221555,630910,49679,165213,338060,90456,569027,0,0.35116736143031496,0.1831337347474461,999.0,124.2206754132378,0,0,0,0,0,90439,108,0,0,0,0,0,0,0,0,0,0,0,0,0,0,0,0.0,0.0,0.0,0.0,0.0,2.0000363174142,97608,67616,3,1.4435636535731189,0.10819558740068104,0.07495034052213394,0.10026780646992055,0.0,0.0,0.0,0.055067705377412034,0.37472953320090807,0.0,0.0,0.0,0.0,0.0,0.0,0.0,0.0,0.0,1.0,0.0,0.0,0.0,1.0,0,0.0,0.0,0.0,0.0,0.10819558740068104,4,benign
884959,109835540,216169,619957,48833,162395,331840,88519,558099,0,0.34868386033224885,0.1835056765341671,999.0,124.11370470270374,0,0,0,0,0,88519,108,0,0,0,0,0,0,0,0,0,0,0,0,0,0,0,0.0,0.0,0.0,0.0,0.0,2.0000615801465607,96032,66370,3,1.4469187886093113,0.10851576174715438,0.07499782475798314,0.10002610290420234,0.0,0.0,0.0,0.05518108748540893,0.37497782383138656,0.0,0.0,0.0,0.0,0.0,0.0,0.0,0.0,0.0,1.0,0.0,0.0,0.0,1.0,0,0.0,0.0,0.0,0.0,0.10851576174715438,4,benign
951648,125871657,247447,665948,57018,186120,380387,101449,600121,0,0.37157105359577625,0.1955765156864723,999.0,132.26703255825683,0,0,0,0,0,101452,108,0,0,0,0,0,0,0,0,0,0,0,0,0,0,0,0.0,0.0,0.0,0.0,0.0,1.9995487800947562,110043,76068,3,1.4466398485565546,0.11563414203571068,0.07993291637244022,0.10660349204747974,0.0,0.0,0.0,0.05991501059215172,0.3997139698712129,0.0,0.0,0.0,0.0,0.0,0.0,0.0,0.0,0.0,1.0,0.0,0.0,0.0,1.0,0,0.0,0.0,0.0,0.0,0.11563414203571068,4,benign
881538,109158335,213842,617166,50530,161661,330487,88059,555177,0,0.3464902473564649,0.18338517454721182,999.0,123.82714641909935,0,0,0,0,0,88066,108,0,0,0,0,0,0,0,0,0,0,0,0,0,0,0,0.0,0.0,0.0,0.0,0.0,1.9999876285088642,95560,66100,3,1.4456883509833585,0.10840145291524586,0.07498258725091828,0.09989246067668098,0.0,0.0,0.0,0.05732027433871257,0.3748981893009717,0.0,0.0,0.0,0.0,0.0,0.0,0.0,0.0,0.0,1.0,0.0,0.0,0.0,1.0,0,0.0,0.0,0.0,0.0,0.10840145291524586,4,benign
898560,111566165,219235,629405,49920,164861,337068,89538,566834,0,0.34832103335690057,0.1834724448005698,999.0,124.16106325676638,0,0,0,0,0,89528,108,0,0,0,0,0,0,0,0,0,0,0,0,0,0,0,0.0,0.0,0.0,0.0,0.0,2.0000121315055197,97451,67420,3,1.445431622663898,0.10845241274928775,0.07503116096866097,0.09964610042735043,0.0,0.0,0.0,0.05555555555555555,0.37512019230769234,0.0,0.0,0.0,0.0,0.0,0.0,0.0,0.0,0.0,1.0,0.0,0.0,0.0,1.0,0,0.0,0.0,0.0,0.0,0.10845241274928775,4,benign
886784,110103481,216850,621068,48866,162658,332787,88519,559364,0,0.3491566140905666,0.18342459945150116,999.0,124.16042801854792,0,0,0,0,0,88526,108,0,0,0,0,0,0,0,0,0,0,0,0,0,0,0,0.0,0.0,0.0,0.0,0.0,2.000049184157783,96094,66552,3,1.443893496814521,0.10836235204965358,0.07504871535796767,0.0998202493504619,0.0,0.0,0.0,0.055104738019630485,0.3752740238885681,0.0,0.0,0.0,0.0,0.0,0.0,0.0,0.0,0.0,1.0,0.0,0.0,0.0,1.0,0,0.0,0.0,0.0,0.0,0.10836235204965358,4,benign
885248,109876454,217403,619279,48566,162169,331893,88889,558248,0,0.351058246767612,0.18319047317813766,999.0,124.11940382807981,0,0,0,0,0,88884,108,0,0,0,0,0,0,0,0,0,0,0,0,0,0,0,0.0,0.0,0.0,0.0,0.0,1.9999630022445305,95790,66374,3,1.4431855847169073,0.10820696573163678,0.07497785931174089,0.10041141013591671,0.0,0.0,0.0,0.05486146255060729,0.37491527797860036,0.0,0.0,0.0,0.0,0.0,0.0,0.0,0.0,0.0,1.0,0.0,0.0,0.0,1.0,0,0.0,0.0,0.0,0.0,0.10820696573163678,4,benign
892930,110824434,218501,624983,49446,163734,334474,89260,563306,0,0.34961110942217627,0.18336711724323296,999.0,124.11323843974331,0,0,0,0,0,89246,108,0,0,0,0,0,0,0,0,0,0,0,0,0,0,0,0.0,0.0,0.0,0.0,0.0,2.0000244301663694,96841,66898,3,1.447591856258782,0.10845307022946928,0.07491964655684097,0.09996304301568992,0.0,0.0,0.0,0.05537500139988577,0.3745803142463575,0.0,0.0,0.0,0.0,0.0,0.0,0.0,0.0,0.0,1.0,0.0,0.0,0.0,1.0,0,0.0,0.0,0.0,0.0,0.10845307022946928,4,benign
890865,110636584,218460,623539,48866,163271,334365,89102,561939,0,0.3503549898242131,0.18327243746246624,999.0,124.19006695739535,0,0,0,0,0,89115,108,0,0,0,0,0,0,0,0,0,0,0,0,0,0,0,0.0,0.0,0.0,0.0,0.0,2.0001102522326075,96387,66875,3,1.4413009345794392,0.10819484433668401,0.07506749058499324,0.10001739882024774,0.0,0.0,0.0,0.054852306466187356,0.3753262278796451,0.0,0.0,0.0,0.0,0.0,0.0,0.0,0.0,0.0,1.0,0.0,0.0,0.0,1.0,0,0.0,0.0,0.0,0.0,0.10819484433668401,4,benign
890880,110628087,217601,624126,49153,163430,334473,88836,561952,0,0.34864915097272026,0.1834478268678161,999.0,124.17843817349137,0,0,0,0,0,88833,108,0,0,0,0,0,0,0,0,0,0,0,0,0,0,0,0.0,0.0,0.0,0.0,0.0,1.99990210354997,96547,66893,3,1.4433049795942774,0.10837262033045977,0.07508643139367815,0.09971713362068965,0.0,0.0,0.0,0.055173536278735634,0.37544113685344827,0.0,0.0,0.0,0.0,0.0,0.0,0.0,0.0,0.0,1.0,0.0,0.0,0.0,1.0,0,0.0,0.0,0.0,0.0,0.10837262033045977,4,benign
892928,110530751,216090,625616,51222,163871,335022,89218,562156,0,0.3454035702411703,0.18352095577694955,999.0,123.78461757274943,0,0,0,0,0,89226,108,0,0,0,0,0,0,0,0,0,0,0,0,0,0,0,0.0,0.0,0.0,0.0,0.0,2.000012204796485,96869,67010,3,1.4455902104163558,0.10848467065653669,0.07504524440940367,0.09991623064793578,0.0,0.0,0.0,0.05736408758600917,0.37519486453555045,0.0,0.0,0.0,0.0,0.0,0.0,0.0,0.0,0.0,1.0,0.0,0.0,0.0,1.0,0,0.0,0.0,0.0,0.0,0.10848467065653669,4,benign
894464,110825444,217065,627065,50334,164256,335867,89351,563492,0,0.3461602864136892,0.18363623354321695,999.0,123.90151420291929,0,0,0,0,0,89336,108,0,0,0,0,0,0,0,0,0,0,0,0,0,0,0,0.0,0.0,0.0,0.0,0.0,2.0000487056474197,97072,67167,3,1.4452335224142807,0.10852532913566114,0.07509189861190613,0.09989334394676588,0.0,0.0,0.0,0.056272806954779625,0.3754952686748712,0.0,0.0,0.0,0.0,0.0,0.0,0.0,0.0,0.0,1.0,0.0,0.0,0.0,1.0,0,0.0,0.0,0.0,0.0,0.10852532913566114,4,benign
876544,108684452,215634,612445,48465,160346,328420,88361,552391,0,0.35208712619092325,0.18292977876752337,999.0,123.99200952832943,0,0,0,0,0,88372,108,0,0,0,0,0,0,0,0,0,0,0,0,0,0,0,0.0,0.0,0.0,0.0,0.0,2.0,94670,65687,3,1.4412288580693289,0.1080037054614486,0.07493862259053738,0.10080612040011683,0.0,0.0,0.0,0.05529100649824766,0.37467600029205606,0.0,0.0,0.0,0.0,0.0,0.0,0.0,0.0,0.0,1.0,0.0,0.0,0.0,1.0,0,0.0,0.0,0.0,0.0,0.1080037054614486,4,benign
887808,110257638,217956,620835,49017,162647,332280,88886,560178,0,0.35106912464664525,0.18320064698673588,999.0,124.19085883434256,0,0,0,0,0,88889,108,0,0,0,0,0,0,0,0,0,0,0,0,0,0,0,0.0,0.0,0.0,0.0,0.0,2.000012296644246,96186,66455,3,1.4473854487999398,0.10834099264705882,0.07485289612168397,0.100118494088812,0.0,0.0,0.0,0.05521126189446367,0.3742701124567474,0.0,0.0,0.0,0.0,0.0,0.0,0.0,0.0,0.0,1.0,0.0,0.0,0.0,1.0,0,0.0,0.0,0.0,0.0,0.10834099264705882,4,benign
892416,110820507,219028,624434,48954,163506,334735,89405,562884,0,0.3507624504751503,0.1832172439759036,999.0,124.18032285391567,0,0,0,0,0,89407,108,0,0,0,0,0,0,0,0,0,0,0,0,0,0,0,0.0,0.0,0.0,0.0,0.0,2.000171262202432,96560,66953,3,1.44220572640509,0.10820065978198508,0.07502442806942054,0.10018309846528974,0.0,0.0,0.0,0.054855583046471604,0.3750885237378084,0.0,0.0,0.0,0.0,0.0,0.0,0.0,0.0,0.0,1.0,0.0,0.0,0.0,1.0,0,0.0,0.0,0.0,0.0,0.10820065978198508,4,benign
888320,110312167,217317,621760,49243,162896,332792,88641,560483,0,0.3495191070509521,0.18337536023054754,999.0,124.18066349963976,0,0,0,0,0,88634,108,0,0,0,0,0,0,0,0,0,0,0,0,0,0,0,0.0,0.0,0.0,0.0,0.0,1.9998281259591186,96329,66545,3,1.4475768277105718,0.10843952629682997,0.07491106808357349,0.09978498739193084,0.0,0.0,0.0,0.05543385266570605,0.3746307636887608,0.0,0.0,0.0,0.0,0.0,0.0,0.0,0.0,0.0,1.0,0.0,0.0,0.0,1.0,0,0.0,0.0,0.0,0.0,0.10843952629682997,4,benign
878080,108957981,215081,614222,48777,160845,329147,87929,553727,0,0.350168180234508,0.18317807033527697,999.0,124.0866219478863,0,0,0,0,0,87914,108,0,0,0,0,0,0,0,0,0,0,0,0,0,0,0,0.0,0.0,0.0,0.0,0.0,2.0000621735886597,95029,65835,3,1.4434419381787802,0.10822362427113702,0.07497608418367346,0.10013780065597667,0.0,0.0,0.0,0.055549608236151606,0.37484853316326533,0.0,0.0,0.0,0.0,0.0,0.0,0.0,0.0,0.0,1.0,0.0,0.0,0.0,1.0,0,0.0,0.0,0.0,0.0,0.10822362427113702,4,benign
1015678,118470262,217907,711482,49290,163760,358141,95163,640211,0,0.3062719787710722,0.16123220154419018,999.0,116.64155568989385,0,0,0,0,0,95302,108,0,0,0,0,0,0,0,0,0,0,0,0,0,0,0,0.0,0.0,0.0,0.0,0.0,1.9999755743090584,103502,71629,3,1.4449734046266176,0.10190434369947957,0.07052333515149486,0.09369406445743632,0.0,0.0,0.0,0.04852915983215153,0.3526127375014522,0.0,0.0,0.0,0.0,0.0,0.0,0.0,0.0,0.0,1.0,0.0,0.0,0.0,1.0,0,0.0,0.0,0.0,0.0,0.10190434369947957,4,benign
896019,111012649,217919,627099,51001,164264,335806,89722,564343,0,0.34750334476693473,0.1833264696395947,999.0,123.89541851233065,0,0,0,0,0,89720,108,0,0,0,0,0,0,0,0,0,0,0,0,0,0,0,0.0,0.0,0.0,0.0,0.0,2.0000487032752954,97096,67159,3,1.4457630399499695,0.10836377353605225,0.07495265167368102,0.10013403733626185,0.0,0.0,0.0,0.05691955192914436,0.37477553489379134,0.0,0.0,0.0,0.0,0.0,0.0,0.0,0.0,0.0,1.0,0.0,0.0,0.0,1.0,0,0.0,0.0,0.0,0.0,0.10836377353605225,4,benign
886272,109882339,215855,620437,49980,162514,332239,88684,558436,0,0.34790800677586925,0.18336808564413634,999.0,123.98263625613806,0,0,0,0,0,88683,108,0,0,0,0,0,0,0,0,0,0,0,0,0,0,0,0.0,0.0,0.0,0.0,0.0,1.9999753870388146,96069,66448,3,1.4457771490488802,0.10839674501733103,0.07497472559214327,0.10006408867706527,0.0,0.0,0.0,0.05639352253032929,0.37487249963893704,0.0,0.0,0.0,0.0,0.0,0.0,0.0,0.0,0.0,1.0,0.0,0.0,0.0,1.0,0,0.0,0.0,0.0,0.0,0.10839674501733103,4,benign
890403,110540770,217328,624092,48983,163415,334515,88932,561449,0,0.34823070957487035,0.18352925585381002,999.0,124.14689752842253,0,0,0,0,0,88937,108,0,0,0,0,0,0,0,0,0,0,0,0,0,0,0,0.0,0.0,0.0,0.0,0.0,1.9998164351710213,96517,66901,3,1.4426839658600021,0.10839698428689032,0.07513564082780494,0.09987836968204285,0.0,0.0,0.0,0.055012168647230526,0.37568943500864216,0.0,0.0,0.0,0.0,0.0,0.0,0.0,0.0,0.0,1.0,0.0,0.0,0.0,1.0,0,0.0,0.0,0.0,0.0,0.10839698428689032,4,benign
890828,110656260,217841,624145,48842,163489,334421,88918,562011,0,0.3490230635509377,0.183524765723574,999.0,124.21731243292757,0,0,0,0,0,88917,108,0,0,0,0,0,0,0,0,0,0,0,0,0,0,0,0.0,0.0,0.0,0.0,0.0,2.0002569310201386,96589,66880,3,1.4442135167464114,0.10842609347707975,0.07507622122340116,0.09981500356971267,0.0,0.0,0.0,0.0548276434957141,0.3754046796912535,0.0,0.0,0.0,0.0,0.0,0.0,0.0,0.0,0.0,1.0,0.0,0.0,0.0,1.0,0,0.0,0.0,0.0,0.0,0.10842609347707975,4,benign
891280,110671467,218044,623786,49451,163302,334548,88940,562109,0,0.34954936468596604,0.18322188313436855,999.0,124.17137936450946,0,0,0,0,0,88945,108,0,0,0,0,0,0,0,0,0,0,0,0,0,0,0,0.0,0.0,0.0,0.0,0.0,1.9998775350249829,96400,66919,3,1.4405475276080038,0.10815905214971726,0.07508190467642042,0.09978906740867068,0.0,0.0,0.0,0.05548312539269366,0.3753567902342698,0.0,0.0,0.0,0.0,0.0,0.0,0.0,0.0,0.0,1.0,0.0,0.0,0.0,1.0,0,0.0,0.0,0.0,0.0,0.10815905214971726,4,benign
955263,118578453,234333,668425,52505,175000,358116,95835,602569,0,0.3505748588098889,0.18319562256676958,999.0,124.13173440193957,0,0,0,0,0,95780,108,0,0,0,0,0,0,0,0,0,0,0,0,0,0,0,0.0,0.0,0.0,0.0,0.0,2.0000685737796724,103387,71622,3,1.4435089776884198,0.1082288333160606,0.07497621073986954,0.10032315707820778,0.0,0.0,0.0,0.05496392093067563,0.37488733469212143,0.0,0.0,0.0,0.0,0.0,0.0,0.0,0.0,0.0,1.0,0.0,0.0,0.0,1.0,0,0.0,0.0,0.0,0.0,0.1082288333160606,4,benign
889856,110486768,217754,623143,48959,163233,333672,88941,561378,0,0.3494446700035144,0.1834375449510932,999.0,124.16252517261219,0,0,0,0,0,88939,108,0,0,0,0,0,0,0,0,0,0,0,0,0,0,0,0.0,0.0,0.0,0.0,0.0,2.000061263998824,96490,66736,3,1.4458463198273794,0.1084332745972382,0.07499640391254316,0.0999498795310702,0.0,0.0,0.0,0.05501901431242808,0.37497302934407367,0.0,0.0,0.0,0.0,0.0,0.0,0.0,0.0,0.0,1.0,0.0,0.0,0.0,1.0,0,0.0,0.0,0.0,0.0,0.1084332745972382,4,benign
883608,109657264,216106,617993,49509,161850,331105,88553,556916,0,0.34969004503287254,0.18316945976043675,999.0,124.10171026065858,0,0,0,0,0,88560,108,0,0,0,0,0,0,0,0,0,0,0,0,0,0,0,0.0,0.0,0.0,0.0,0.0,1.999950572738394,95632,66222,3,1.4441122285645254,0.10822898842020444,0.07494499823451123,0.10021751727010167,0.0,0.0,0.0,0.0560305022136513,0.3747193325547075,0.0,0.0,0.0,0.0,0.0,0.0,0.0,0.0,0.0,1.0,0.0,0.0,0.0,1.0,0,0.0,0.0,0.0,0.0,0.10822898842020444,4,benign
881759,124817802,245500,616998,57215,184426,377186,100829,555504,0,0.3978943205650586,0.2091569238306612,999.0,141.55546129951608,0,0,0,0,0,100921,108,0,0,0,0,0,0,0,0,0,0,0,0,0,0,0,0.0,0.0,0.0,0.0,0.0,1.9986561907342184,109000,75437,3,1.4449142993491257,0.12361654374948257,0.08555285514522676,0.11434983935519796,0.0,0.0,0.0,0.06488734450116188,0.42776540982286543,0.0,0.0,0.0,0.0,0.0,0.0,0.0,0.0,0.0,1.0,0.0,0.0,0.0,1.0,0,0.0,0.0,0.0,0.0,0.12361654374948257,4,benign
887793,117740929,231132,621221,54324,174095,356010,95064,559254,0,0.37206082859401085,0.19609864011092676,999.0,132.6220515367884,0,0,0,0,0,95009,108,0,0,0,0,0,0,0,0,0,0,0,0,0,0,0,0.0,0.0,0.0,0.0,0.0,1.9993683606086707,102878,71198,3,1.4449563189977246,0.11588061631483916,0.08019662241085478,0.10707901504066826,0.0,0.0,0.0,0.06118993954671866,0.4010056398282032,0.0,0.0,0.0,0.0,0.0,0.0,0.0,0.0,0.0,1.0,0.0,0.0,0.0,1.0,0,0.0,0.0,0.0,0.0,0.11588061631483916,4,benign
1088585,127371534,249801,762728,57348,188445,385439,101932,687284,0,0.32750993801197803,0.17311004652829132,999.0,117.00651212353652,0,0,0,0,0,101974,108,0,0,0,0,0,0,0,0,0,0,0,0,0,0,0,0.0,0.0,0.0,0.0,0.0,1.9997347057887196,111360,77096,3,1.4444329148075128,0.10229793723044135,0.07082221415874737,0.0936371528176486,0.0,0.0,0.0,0.05268123297675423,0.35407340722130104,0.0,0.0,0.0,0.0,0.0,0.0,0.0,0.0,0.0,1.0,0.0,0.0,0.0,1.0,0,0.0,0.0,0.0,0.0,0.10229793723044135,4,benign
892606,110893238,218356,625435,48815,163781,335244,89080,563133,0,0.3491266078809149,0.18348633103519357,999.0,124.23537148529138,0,0,0,0,0,89077,108,0,0,0,0,0,0,0,0,0,0,0,0,0,0,0,0.0,0.0,0.0,0.0,0.0,2.000085483654304,96723,67045,3,1.4426579163248565,0.10836023956818575,0.07511152737041875,0.09979767108892389,0.0,0.0,0.0,0.05468818269202761,0.3755789228394163,0.0,0.0,0.0,0.0,0.0,0.0,0.0,0.0,0.0,1.0,0.0,0.0,0.0,1.0,0,0.0,0.0,0.0,0.0,0.10836023956818575,4,benign
980008,113928033,224258,686442,50806,168371,344393,91660,617883,0,0.3266962103134715,0.17180574036130317,999.0,116.25214590084978,0,0,0,0,0,98034,108,0,0,0,0,0,0,0,0,0,0,0,0,0,0,0,0.0,0.0,0.0,0.0,0.0,2.000201955403495,99497,68877,3,1.4445605935217851,0.10152672223083893,0.07028207932996465,0.09352984873592869,0.0,0.0,0.0,0.05184243393931478,0.351418559848491,0.0,0.0,0.0,0.0,0.0,0.0,0.0,0.0,0.0,1.0,0.0,0.0,0.0,1.0,0,0.0,0.0,0.0,0.0,0.10152672223083893,4,benign
897006,111376659,219552,627799,49656,164461,336185,89647,565828,0,0.349717027265096,0.1833443700488068,999.0,124.16489856255141,0,0,0,0,0,89643,108,0,0,0,0,0,0,0,0,0,0,0,0,0,0,0,0.0,0.0,0.0,0.0,0.0,2.0000121610117962,97217,67234,3,1.4459499657911177,0.10837943112978063,0.07495379072157823,0.09994024566167896,0.0,0.0,0.0,0.05535748924756356,0.3747856759040631,0.0,0.0,0.0,0.0,0.0,0.0,0.0,0.0,0.0,1.0,0.0,0.0,0.0,1.0,0,0.0,0.0,0.0,0.0,0.10837943112978063,4,benign
958100,118955406,235457,669675,52968,175375,358870,96009,604894,0,0.35159890991899057,0.18304456737292557,999.0,124.15760985283373,0,0,0,0,0,96017,108,0,0,0,0,0,0,0,0,0,0,0,0,0,0,0,0.0,0.0,0.0,0.0,0.0,2.0012894980086955,103601,71781,3,1.4432927933575737,0.10813171902724142,0.07492015447239328,0.10020770274501618,0.0,0.0,0.0,0.055284417075461854,0.37456424172842084,0.0,0.0,0.0,0.0,0.0,0.0,0.0,0.0,0.0,1.0,0.0,0.0,0.0,1.0,0,0.0,0.0,0.0,0.0,0.10813171902724142,4,benign
884117,109632281,217041,617557,49519,161738,330836,88966,557173,0,0.35145095918271513,0.1829373261683691,999.0,124.00200539068923,0,0,0,0,0,88976,108,0,0,0,0,0,0,0,0,0,0,0,0,0,0,0,0.0,0.0,0.0,0.0,0.0,1.9999505385119511,95574,66170,3,1.444370560677044,0.10810107711988345,0.07484303548059816,0.10062695321999238,0.0,0.0,0.0,0.05600955529641439,0.3741993423947283,0.0,0.0,0.0,0.0,0.0,0.0,0.0,0.0,0.0,1.0,0.0,0.0,0.0,1.0,0,0.0,0.0,0.0,0.0,0.10810107711988345,4,benign
1139122,133255644,262383,796734,60421,196867,403575,107663,718241,0,0.32932321201304326,0.1728234552576458,999.0,116.98101169146062,0,0,0,0,0,107650,108,0,0,0,0,0,0,0,0,0,0,0,0,0,0,0,0.0,0.0,0.0,0.0,0.0,2.0022476938254528,116157,80700,3,1.4393680297397768,0.10197064054596434,0.07084403602072474,0.09451402044732697,0.0,0.0,0.0,0.05304172862959367,0.3542860202857991,0.0,0.0,0.0,0.0,0.0,0.0,0.0,0.0,0.0,1.0,0.0,0.0,0.0,1.0,0,0.0,0.0,0.0,0.0,0.10197064054596434,4,benign
1012769,125550970,245998,709643,57128,185922,380140,101220,637534,0,0.3466503579969083,0.18357789387313395,999.0,123.96802232295815,0,0,0,0,0,101039,108,0,0,0,0,0,0,0,0,0,0,0,0,0,0,0,0.0,0.0,0.0,0.0,0.0,1.9981514718368136,109897,76026,3,1.445518638360561,0.10851141770729554,0.07506746355783007,0.09994381739567464,0.0,0.0,0.0,0.0564077296994675,0.37534719170906694,0.0,0.0,0.0,0.0,0.0,0.0,0.0,0.0,0.0,1.0,0.0,0.0,0.0,1.0,0,0.0,0.0,0.0,0.0,0.10851141770729554,4,benign
882837,109543015,216252,617798,48787,161794,331116,88502,556592,0,0.35003674340156493,0.1832659936092393,999.0,124.08067967246502,0,0,0,0,0,88502,108,0,0,0,0,0,0,0,0,0,0,0,0,0,0,0,0.0,0.0,0.0,0.0,0.0,1.9997528026005167,95570,66234,3,1.4429145152036718,0.10825327891785233,0.07502404181066268,0.1002472710137885,0.0,0.0,0.0,0.055261616810351175,0.37505904260922457,0.0,0.0,0.0,0.0,0.0,0.0,0.0,0.0,0.0,1.0,0.0,0.0,0.0,1.0,0,0.0,0.0,0.0,0.0,0.10825327891785233,4,benign
886418,117767243,232004,620217,53111,173868,355301,94662,559089,0,0.37406907582346177,0.19614673889745018,999.0,132.85745889636718,0,0,0,0,0,94887,108,0,0,0,0,0,0,0,0,0,0,0,0,0,0,0,0.0,0.0,0.0,0.0,0.0,1.9981382520255129,102805,71056,3,1.4468165953614052,0.11597801488688181,0.08016082705901731,0.1067916039611109,0.0,0.0,0.0,0.05991642768987092,0.4008278261497397,0.0,0.0,0.0,0.0,0.0,0.0,0.0,0.0,0.0,1.0,0.0,0.0,0.0,1.0,0,0.0,0.0,0.0,0.0,0.11597801488688181,4,benign
962632,127647989,252296,673708,56285,188356,385335,102984,607388,0,0.37448865086951616,0.1956677110256048,999.0,132.60310170449353,0,0,0,0,0,103026,108,0,0,0,0,0,0,0,0,0,0,0,0,0,0,0,0.0,0.0,0.0,0.0,0.0,2.000361083675832,111285,77065,3,1.4440407448257964,0.1156049248310881,0.08005655328308221,0.10698169186147978,0.0,0.0,0.0,0.05846990334832002,0.40029315460113524,0.0,0.0,0.0,0.0,0.0,0.0,0.0,0.0,0.0,1.0,0.0,0.0,0.0,1.0,0,0.0,0.0,0.0,0.0,0.1156049248310881,4,benign
889856,110482240,218071,622787,48998,163092,333698,89047,561291,0,0.3501534232410118,0.1832790923475259,999.0,124.15743670886076,0,0,0,0,0,89051,108,0,0,0,0,0,0,0,0,0,0,0,0,0,0,0,0.0,0.0,0.0,0.0,0.0,2.000073580810125,96357,66744,3,1.4436803308162531,0.10828381221231301,0.07500539413118527,0.10006899992807824,0.0,0.0,0.0,0.0550628416283084,0.37500224755466055,0.0,0.0,0.0,0.0,0.0,0.0,0.0,0.0,0.0,1.0,0.0,0.0,0.0,1.0,0,0.0,0.0,0.0,0.0,0.10828381221231301,4,benign
883725,109740175,216659,617951,49115,161845,331074,88443,557364,0,0.3506087052209641,0.18313955133101362,999.0,124.17909983309288,0,0,0,0,0,88446,108,0,0,0,0,0,0,0,0,0,0,0,0,0,0,0,0.0,0.0,0.0,0.0,0.0,1.9999135012233398,95630,66218,3,1.4441692591138362,0.10821239639027978,0.07493054966194235,0.10007977594840024,0.0,0.0,0.0,0.05557724405216555,0.37463464312993294,0.0,0.0,0.0,0.0,0.0,0.0,0.0,0.0,0.0,1.0,0.0,0.0,0.0,1.0,0,0.0,0.0,0.0,0.0,0.10821239639027978,4,benign
956040,118572281,233503,668949,53588,175240,358265,95760,602645,0,0.3490594948194855,0.18329776996778377,999.0,124.02439333082297,0,0,0,0,0,95652,108,0,0,0,0,0,0,0,0,0,0,0,0,0,0,0,0.0,0.0,0.0,0.0,0.0,1.998289526198757,103585,71656,3,1.445587250195378,0.10834797707208903,0.07495083887703444,0.10016317308899209,0.0,0.0,0.0,0.05605204803146312,0.3747385046650768,0.0,0.0,0.0,0.0,0.0,0.0,0.0,0.0,0.0,1.0,0.0,0.0,0.0,1.0,0,0.0,0.0,0.0,0.0,0.10834797707208903,4,benign
895488,111001065,217329,626930,51229,164223,335679,89376,564122,0,0.3466559264989712,0.18338939215265868,999.0,123.95594915844768,0,0,0,0,0,89375,108,0,0,0,0,0,0,0,0,0,0,0,0,0,0,0,0.0,0.0,0.0,0.0,0.0,1.9999147536990804,97085,67138,3,1.4460514164854479,0.10841574649799886,0.0749736456546598,0.09980703259005146,0.0,0.0,0.0,0.057207913450543164,0.3748559444682676,0.0,0.0,0.0,0.0,0.0,0.0,0.0,0.0,0.0,1.0,0.0,0.0,0.0,1.0,0,0.0,0.0,0.0,0.0,0.10841574649799886,4,benign
884736,109778248,216194,619433,49109,162237,331799,88448,557879,0,0.3490191836728105,0.1833733452690972,999.0,124.08023184317129,0,0,0,0,0,88461,108,0,0,0,0,0,0,0,0,0,0,0,0,0,0,0,0.0,0.0,0.0,0.0,0.0,2.0000123277201114,95876,66351,3,1.4449819897213305,0.1083667896412037,0.07499525282118055,0.09997106481481481,0.0,0.0,0.0,0.05550695348668982,0.3750259964554398,0.0,0.0,0.0,0.0,0.0,0.0,0.0,0.0,0.0,1.0,0.0,0.0,0.0,1.0,0,0.0,0.0,0.0,0.0,0.1083667896412037,4,benign
883212,109702785,216233,618292,48687,161959,331155,88163,557280,0,0.34972634289300203,0.1833749994338845,999.0,124.20889322155949,0,0,0,0,0,88153,108,0,0,0,0,0,0,0,0,0,0,0,0,0,0,0,0.0,0.0,0.0,0.0,0.0,2.000061745927856,95722,66228,3,1.4453403394334723,0.10837941513475813,0.07498539422018723,0.0998208810568697,0.0,0.0,0.0,0.055124930367793916,0.3749439545658347,0.0,0.0,0.0,0.0,0.0,0.0,0.0,0.0,0.0,1.0,0.0,0.0,0.0,1.0,0,0.0,0.0,0.0,0.0,0.10837941513475813,4,benign
891372,110542374,217089,624361,49922,163542,334428,89111,561773,0,0.3476978863189725,0.18347222035244545,999.0,124.01373837185821,0,0,0,0,0,89103,108,0,0,0,0,0,0,0,0,0,0,0,0,0,0,0,0.0,0.0,0.0,0.0,0.0,1.9999755417502323,96653,66883,3,1.445105632223435,0.10843172098742164,0.07503376816862095,0.09997060710904089,0.0,0.0,0.0,0.05600579780383499,0.3751834251019776,0.0,0.0,0.0,0.0,0.0,0.0,0.0,0.0,0.0,1.0,0.0,0.0,0.0,1.0,0,0.0,0.0,0.0,0.0,0.10843172098742164,4,benign
883200,109672446,216777,617387,49036,161651,330931,88513,556944,0,0.35112012400649834,0.183028759057971,999.0,124.17622961956522,0,0,0,0,0,88522,108,0,0,0,0,0,0,0,0,0,0,0,0,0,0,0,0.0,0.0,0.0,0.0,0.0,1.9999133974192431,95475,66196,3,1.4423076923076923,0.10810122282608696,0.07495018115942029,0.10021852355072464,0.0,0.0,0.0,0.05552083333333333,0.37469542572463765,0.0,0.0,0.0,0.0,0.0,0.0,0.0,0.0,0.0,1.0,0.0,0.0,0.0,1.0,0,0.0,0.0,0.0,0.0,0.10810122282608696,4,benign
890368,110608594,217510,623828,49030,163327,334548,88616,561766,0,0.34866982565707216,0.1834376347757332,999.0,124.22795293631397,0,0,0,0,0,88607,108,0,0,0,0,0,0,0,0,0,0,0,0,0,0,0,0.0,0.0,0.0,0.0,0.0,2.0000367367931227,96420,66909,3,1.441061740573017,0.10829230161012075,0.07514757942783208,0.09952738642898218,0.0,0.0,0.0,0.055067118315123634,0.37574126653248996,0.0,0.0,0.0,0.0,0.0,0.0,0.0,0.0,0.0,1.0,0.0,0.0,0.0,1.0,0,0.0,0.0,0.0,0.0,0.10829230161012075,4,benign
889856,110446898,217983,623249,48624,163238,333929,89105,561252,0,0.3497526670720691,0.18344316383774453,999.0,124.11772017045455,0,0,0,0,0,89106,108,0,0,0,0,0,0,0,0,0,0,0,0,0,0,0,0.0,0.0,0.0,0.0,0.0,2.000073514997059,96446,66784,3,1.444148298993771,0.10838382839470656,0.07505034522439585,0.1001341790132336,0.0,0.0,0.0,0.054642548906789414,0.37526184011795166,0.0,0.0,0.0,0.0,0.0,0.0,0.0,0.0,0.0,1.0,0.0,0.0,0.0,1.0,0,0.0,0.0,0.0,0.0,0.10838382839470656,4,benign
1013263,125795316,247134,710150,55979,185994,380605,101031,638770,0,0.34800253467577275,0.18355945100136883,999.0,124.14873137576325,0,0,0,0,0,101254,108,0,0,0,0,0,0,0,0,0,0,0,0,0,0,0,0.0,0.0,0.0,0.0,0.0,1.9998494688400499,109877,76121,3,1.4434518726763967,0.1084387765071852,0.07512462213660225,0.0997085652984467,0.0,0.0,0.0,0.05524626873773147,0.37562311068301124,0.0,0.0,0.0,0.0,0.0,0.0,0.0,0.0,0.0,1.0,0.0,0.0,0.0,1.0,0,0.0,0.0,0.0,0.0,0.1084387765071852,4,benign
888443,110051932,215481,622094,50868,162918,333350,88821,559405,0,0.3463801290480217,0.18337473535162074,999.0,123.87056006969496,0,0,0,0,0,88813,108,0,0,0,0,0,0,0,0,0,0,0,0,0,0,0,0.0,0.0,0.0,0.0,0.0,1.9999754480726737,96248,66668,3,1.4436911261774765,0.10833334271303843,0.07503914150935963,0.0999737743445556,0.0,0.0,0.0,0.057255220650058586,0.37520696319291164,0.0,0.0,0.0,0.0,0.0,0.0,0.0,0.0,0.0,1.0,0.0,0.0,0.0,1.0,0,0.0,0.0,0.0,0.0,0.10833334271303843,4,benign
1027915,119465907,234992,720077,53412,176760,361627,96297,647857,0,0.3263428772200751,0.17195974375313133,999.0,116.22158155100374,0,0,0,0,0,96324,108,0,0,0,0,0,0,0,0,0,0,0,0,0,0,0,0.0,0.0,0.0,0.0,0.0,1.9995022737042147,104440,72326,3,1.4440173658158892,0.10160373182607511,0.07036184898556787,0.09368187058268436,0.0,0.0,0.0,0.051961494870684834,0.35180632639858356,0.0,0.0,0.0,0.0,0.0,0.0,0.0,0.0,0.0,1.0,0.0,0.0,0.0,1.0,0,0.0,0.0,0.0,0.0,0.10160373182607511,4,benign
896512,111281791,218702,628111,49699,164513,336621,89392,565371,0,0.34819004921104707,0.1835033998429469,999.0,124.12749745681039,0,0,0,0,0,89393,108,0,0,0,0,0,0,0,0,0,0,0,0,0,0,0,0.0,0.0,0.0,0.0,0.0,1.9999878429799287,97179,67321,3,1.4435168818050832,0.10839676434894346,0.07509213485151342,0.09971087949743004,0.0,0.0,0.0,0.05543595623929183,0.3754785212021702,0.0,0.0,0.0,0.0,0.0,0.0,0.0,0.0,0.0,1.0,0.0,0.0,0.0,1.0,0,0.0,0.0,0.0,0.0,0.10839676434894346,4,benign
887296,110163637,217294,621258,48744,162673,332975,88692,559697,0,0.34976451007471937,0.18333566250721292,999.0,124.15658021674841,0,0,0,0,0,88694,108,0,0,0,0,0,0,0,0,0,0,0,0,0,0,0,0.0,0.0,0.0,0.0,0.0,1.9999877054722943,96082,66596,3,1.4427593248843775,0.10828629904789383,0.07505499855741489,0.09995762406231967,0.0,0.0,0.0,0.05493544431621466,0.3752693576889786,0.0,0.0,0.0,0.0,0.0,0.0,0.0,0.0,0.0,1.0,0.0,0.0,0.0,1.0,0,0.0,0.0,0.0,0.0,0.10828629904789383,4,benign
883712,109724546,216402,618481,48829,162034,331109,88375,557457,0,0.3498927210375096,0.18335611601969873,999.0,124.16324096538239,0,0,0,0,0,88367,108,0,0,0,0,0,0,0,0,0,0,0,0,0,0,0,0.0,0.0,0.0,0.0,0.0,1.9999259442113058,95806,66226,3,1.4466523721801106,0.10841314817497102,0.07494070466396292,0.10000430004345306,0.0,0.0,0.0,0.0552544267815759,0.3746797599217845,0.0,0.0,0.0,0.0,0.0,0.0,0.0,0.0,0.0,1.0,0.0,0.0,0.0,1.0,0,0.0,0.0,0.0,0.0,0.10841314817497102,4,benign
890368,110555246,218008,623268,49092,163200,334129,88954,561616,0,0.3497821162004146,0.18329499712478436,999.0,124.1680361378666,0,0,0,0,0,88958,108,0,0,0,0,0,0,0,0,0,0,0,0,0,0,0,0.0,0.0,0.0,0.0,0.0,2.0000980440217657,96375,66818,3,1.4423508635397648,0.10824176071017827,0.07504537449683726,0.09990700474410581,0.0,0.0,0.0,0.0551367524439333,0.3752706745974698,0.0,0.0,0.0,0.0,0.0,0.0,0.0,0.0,0.0,1.0,0.0,0.0,0.0,1.0,0,0.0,0.0,0.0,0.0,0.10824176071017827,4,benign
890368,110501131,217510,623756,49102,163360,334188,88951,561523,0,0.34871007252836045,0.18347469810235767,999.0,124.10725789785796,0,0,0,0,0,88956,108,0,0,0,0,0,0,0,0,0,0,0,0,0,0,0,0.0,0.0,0.0,0.0,0.0,2.0,96523,66849,3,1.443895944591542,0.10840798411443359,0.0750801915612421,0.0999036353507763,0.0,0.0,0.0,0.055147983755031625,0.37533693933295,0.0,0.0,0.0,0.0,0.0,0.0,0.0,0.0,0.0,1.0,0.0,0.0,0.0,1.0,0,0.0,0.0,0.0,0.0,0.10840798411443359,4,benign
886178,109878914,215034,621024,50120,162616,332930,88231,558391,0,0.34625714948214564,0.1835026371677022,999.0,123.99192261599813,0,0,0,0,0,88233,108,0,0,0,0,0,0,0,0,0,0,0,0,0,0,0,0.0,0.0,0.0,0.0,0.0,1.9999016135379772,96033,66592,3,1.442110163382989,0.10836761914649201,0.07514517399438939,0.09956351884158714,0.0,0.0,0.0,0.056557486193518684,0.3756920167280163,0.0,0.0,0.0,0.0,0.0,0.0,0.0,0.0,0.0,1.0,0.0,0.0,0.0,1.0,0,0.0,0.0,0.0,0.0,0.10836761914649201,4,benign
950925,117735009,231960,665416,53790,173764,355383,95171,599004,0,0.3485939622732246,0.18273155085837475,999.0,123.8110355706286,0,0,0,0,0,95090,108,0,0,0,0,0,0,0,0,0,0,0,0,0,0,0,0.0,0.0,0.0,0.0,0.0,1.9985048362795725,102678,71077,3,1.444602332681458,0.10797696979257039,0.07474511659699766,0.10008255120014722,0.0,0.0,0.0,0.05656597523463996,0.37372347976969794,0.0,0.0,0.0,0.0,0.0,0.0,0.0,0.0,0.0,1.0,0.0,0.0,0.0,1.0,0,0.0,0.0,0.0,0.0,0.10797696979257039,4,benign
951413,118062210,233086,665743,52804,174130,356220,95010,600044,0,0.3501140830620825,0.18302251493305222,999.0,124.09144083589356,0,0,0,0,0,95145,108,0,0,0,0,0,0,0,0,0,0,0,0,0,0,0,0.0,0.0,0.0,0.0,0.0,2.000942268799412,102884,71238,3,1.444229203514978,0.10813810616419998,0.07487600022282646,0.09986199473835232,0.0,0.0,0.0,0.055500608042984484,0.3744115331617289,0.0,0.0,0.0,0.0,0.0,0.0,0.0,0.0,0.0,1.0,0.0,0.0,0.0,1.0,0,0.0,0.0,0.0,0.0,0.10813810616419998,4,benign
881411,109234874,214281,617365,49765,161661,330929,88126,555199,0,0.34708964712933194,0.18341159799457915,999.0,123.93182522115109,0,0,0,0,0,88125,108,0,0,0,0,0,0,0,0,0,0,0,0,0,0,0,0.0,0.0,0.0,0.0,0.0,1.9999628859857481,95478,66181,3,1.4426799232408094,0.1083240395229921,0.07508528938259224,0.09998286837808923,0.0,0.0,0.0,0.056460606913233444,0.3754536759808988,0.0,0.0,0.0,0.0,0.0,0.0,0.0,0.0,0.0,1.0,0.0,0.0,0.0,1.0,0,0.0,0.0,0.0,0.0,0.1083240395229921,4,benign
963538,119670725,235631,675160,52747,176810,361671,96271,607454,0,0.3490002369808638,0.18350080640306868,999.0,124.19927911509458,0,0,0,0,0,96193,108,0,0,0,0,0,0,0,0,0,0,0,0,0,0,0,0.0,0.0,0.0,0.0,0.0,1.999366752230502,104470,72336,3,1.4442324706923246,0.10842333151365073,0.07507332352226898,0.09991406670001599,0.0,0.0,0.0,0.054743040751895615,0.3753572770352596,0.0,0.0,0.0,0.0,0.0,0.0,0.0,0.0,0.0,1.0,0.0,0.0,0.0,1.0,0,0.0,0.0,0.0,0.0,0.10842333151365073,4,benign
888320,110345577,217448,621811,49061,162840,333129,88618,560516,0,0.3497011149690179,0.18331231988472624,999.0,124.21827382024496,0,0,0,0,0,88620,108,0,0,0,0,0,0,0,0,0,0,0,0,0,0,0,0.0,0.0,0.0,0.0,0.0,2.000098260784121,96215,66631,3,1.4439975386831956,0.10831119416426513,0.07500788004322767,0.09975909582132565,0.0,0.0,0.0,0.05522897154178674,0.37501013148414986,0.0,0.0,0.0,0.0,0.0,0.0,0.0,0.0,0.0,1.0,0.0,0.0,0.0,1.0,0,0.0,0.0,0.0,0.0,0.10831119416426513,4,benign
887808,110264904,217666,621353,48789,162724,332930,88862,560010,0,0.3503097273208627,0.1832873774509804,999.0,124.19904303633218,0,0,0,0,0,88854,108,0,0,0,0,0,0,0,0,0,0,0,0,0,0,0,0.0,0.0,0.0,0.0,0.0,2.0000491642084564,96142,66579,3,1.444028898000871,0.10829143238177624,0.07499256596020762,0.10009146121683968,0.0,0.0,0.0,0.054954449610726645,0.375002252739331,0.0,0.0,0.0,0.0,0.0,0.0,0.0,0.0,0.0,1.0,0.0,0.0,0.0,1.0,0,0.0,0.0,0.0,0.0,0.10829143238177624,4,benign
880658,109369884,215679,616292,48688,161353,330599,88090,555307,0,0.3499623555068052,0.18321868421112394,999.0,124.19109801988968,0,0,0,0,0,88086,108,0,0,0,0,0,0,0,0,0,0,0,0,0,0,0,0.0,0.0,0.0,0.0,0.0,1.9998884495730098,95235,66124,3,1.4402486237977135,0.10814073113512851,0.07508476616348231,0.10002747945286365,0.0,0.0,0.0,0.05528593392667755,0.3753999850112075,0.0,0.0,0.0,0.0,0.0,0.0,0.0,0.0,0.0,1.0,0.0,0.0,0.0,1.0,0,0.0,0.0,0.0,0.0,0.10814073113512851,4,benign
1071291,117098491,230080,750208,53166,173463,354277,94683,674391,0,0.30668827845077634,0.16191959047541704,999.0,109.30595981857404,0,0,0,0,0,94794,108,0,0,0,0,0,0,0,0,0,0,0,0,0,0,0,0.0,0.0,0.0,0.0,0.0,1.999965411089205,102616,70857,3,1.448212597202817,0.09578723241397528,0.06614169259332899,0.08838214826783759,0.0,0.0,0.0,0.049627972231634544,0.3307009953411351,0.0,0.0,0.0,0.0,0.0,0.0,0.0,0.0,0.0,1.0,0.0,0.0,0.0,1.0,0,0.0,0.0,0.0,0.0,0.09578723241397528,4,benign
897536,111321399,219271,627938,50327,164459,336499,89889,565670,0,0.34919211769314806,0.183233875855676,999.0,124.03000993832002,0,0,0,0,0,89892,108,0,0,0,0,0,0,0,0,0,0,0,0,0,0,0,0.0,0.0,0.0,0.0,0.0,2.000133780891224,97152,67298,3,1.443609022556391,0.10824301197946377,0.07498083642327438,0.10015085745864233,0.0,0.0,0.0,0.05607240266685682,0.37491420956930976,0.0,0.0,0.0,0.0,0.0,0.0,0.0,0.0,0.0,1.0,0.0,0.0,0.0,1.0,0,0.0,0.0,0.0,0.0,0.10824301197946377,4,benign
886114,109894541,216054,620137,49923,162391,332437,88703,558266,0,0.3483972090038169,0.18326197306441383,999.0,124.0185134192666,0,0,0,0,0,88703,108,0,0,0,0,0,0,0,0,0,0,0,0,0,0,0,0.0,0.0,0.0,0.0,0.0,1.9999384221286238,95900,66484,3,1.4424523193550327,0.10822535249414861,0.07502872090949923,0.1001033727037379,0.0,0.0,0.0,0.05633925206011867,0.37516278943792786,0.0,0.0,0.0,0.0,0.0,0.0,0.0,0.0,0.0,1.0,0.0,0.0,0.0,1.0,0,0.0,0.0,0.0,0.0,0.10822535249414861,4,benign
1013657,118065799,232752,709798,51919,174414,357435,94981,639286,0,0.327913011870983,0.1720641203089408,999.0,116.47509857871054,0,0,0,0,0,95031,108,0,0,0,0,0,0,0,0,0,0,0,0,0,0,0,0.0,0.0,0.0,0.0,0.0,2.0016066653660327,102926,71486,3,1.439806395657891,0.10153927807927139,0.0705228691756679,0.09370132105830671,0.0,0.0,0.0,0.051219495351978034,0.3526192785133433,0.0,0.0,0.0,0.0,0.0,0.0,0.0,0.0,0.0,1.0,0.0,0.0,0.0,1.0,0,0.0,0.0,0.0,0.0,0.10153927807927139,4,benign
1022443,119113652,234528,716062,52969,175827,359836,95634,645087,0,0.3275247115473241,0.1719675326644126,999.0,116.49906351747725,0,0,0,0,0,95748,108,0,0,0,0,0,0,0,0,0,0,0,0,0,0,0,0.0,0.0,0.0,0.0,0.0,1.9996929270872428,103859,71968,3,1.4431275011116051,0.10157925674096258,0.07038827592345001,0.09353479851688554,0.0,0.0,0.0,0.05180631096305613,0.3519374674187216,0.0,0.0,0.0,0.0,0.0,0.0,0.0,0.0,0.0,1.0,0.0,0.0,0.0,1.0,0,0.0,0.0,0.0,0.0,0.10157925674096258,4,benign
886133,110029691,216874,620500,48759,162549,332126,88616,559026,0,0.3495149073327961,0.18343634646266418,999.0,124.16837088789154,0,0,0,0,0,88617,108,0,0,0,0,0,0,0,0,0,0,0,0,0,0,0,0.0,0.0,0.0,0.0,0.0,2.000086131584452,96123,66425,3,1.4470907038012797,0.1084746872083536,0.07496053075554121,0.1000030469466773,0.0,0.0,0.0,0.05502447149581383,0.37480378227647543,0.0,0.0,0.0,0.0,0.0,0.0,0.0,0.0,0.0,1.0,0.0,0.0,0.0,1.0,0,0.0,0.0,0.0,0.0,0.1084746872083536,4,benign
895610,111135363,219362,626758,49490,164176,335593,89669,564869,0,0.34999473480992666,0.18331193264925583,999.0,124.08901530800237,0,0,0,0,0,89668,108,0,0,0,0,0,0,0,0,0,0,0,0,0,0,0,0.0,0.0,0.0,0.0,0.0,2.0,97057,67123,3,1.4459574214501736,0.10836971449626512,0.07494668438271122,0.10012058820245419,0.0,0.0,0.0,0.05525842721720391,0.3747088576500932,0.0,0.0,0.0,0.0,0.0,0.0,0.0,0.0,0.0,1.0,0.0,0.0,0.0,1.0,0,0.0,0.0,0.0,0.0,0.10836971449626512,4,benign
889251,110329902,217970,621716,49565,162832,333035,89178,560661,0,0.35059416196462695,0.18311140499139164,999.0,124.07059649075458,0,0,0,0,0,89179,108,0,0,0,0,0,0,0,0,0,0,0,0,0,0,0,0.0,0.0,0.0,0.0,0.0,2.0,96227,66600,3,1.4448498498498499,0.10821129242474847,0.07489448985719442,0.10028439664391718,0.0,0.0,0.0,0.05573791876534297,0.3745118082521133,0.0,0.0,0.0,0.0,0.0,0.0,0.0,0.0,0.0,1.0,0.0,0.0,0.0,1.0,0,0.0,0.0,0.0,0.0,0.10821129242474847,4,benign
889417,118205512,232361,622512,53612,174835,357557,95219,560483,0,0.37326348729020487,0.1965725863121573,999.0,132.90224045638885,0,0,0,0,0,95405,108,0,0,0,0,0,0,0,0,0,0,0,0,0,0,0,0.0,0.0,0.0,0.0,0.0,1.9989824152203242,103327,71519,3,1.4447489478320445,0.11617385320946193,0.08041110075476407,0.10705776930281297,0.0,0.0,0.0,0.060277687518902834,0.402012779157583,0.0,0.0,0.0,0.0,0.0,0.0,0.0,0.0,0.0,1.0,0.0,0.0,0.0,1.0,0,0.0,0.0,0.0,0.0,0.11617385320946193,4,benign
880369,109312840,215212,616266,48891,161365,330255,87909,555220,0,0.3492193306137285,0.18329246032061555,999.0,124.1670708532445,0,0,0,0,0,87911,108,0,0,0,0,0,0,0,0,0,0,0,0,0,0,0,0.0,0.0,0.0,0.0,0.0,2.0000619732275657,95320,66050,3,1.4431491294473884,0.1082727810724821,0.0750253586848242,0.09985472000945059,0.0,0.0,0.0,0.05553466784950401,0.37513247286081175,0.0,0.0,0.0,0.0,0.0,0.0,0.0,0.0,0.0,1.0,0.0,0.0,0.0,1.0,0,0.0,0.0,0.0,0.0,0.1082727810724821,4,benign
885103,109707656,214318,620272,50513,162431,332570,88216,557398,0,0.3455226094358604,0.18351649469044845,999.0,123.9490274013307,0,0,0,0,0,88212,108,0,0,0,0,0,0,0,0,0,0,0,0,0,0,0,0.0,0.0,0.0,0.0,0.0,2.000160080779224,95905,66508,3,1.4420069766043182,0.10835462087463267,0.07514153719962535,0.09966749632528643,0.0,0.0,0.0,0.0570701940904053,0.3757415803584442,0.0,0.0,0.0,0.0,0.0,0.0,0.0,0.0,0.0,1.0,0.0,0.0,0.0,1.0,0,0.0,0.0,0.0,0.0,0.10835462087463267,4,benign
1337642,158866221,312107,936143,72028,234621,480725,127833,843884,0,0.3333967139635718,0.17539894829857317,999.0,118.76587382872248,0,0,0,0,0,127653,108,0,0,0,0,0,0,0,0,0,0,0,0,0,0,0,0.0,0.0,0.0,0.0,0.0,2.001595331735158,138475,96143,3,1.440302466118178,0.10352171956323142,0.0718749859827966,0.09556592870140142,0.0,0.0,0.0,0.05384699344069639,0.3593824057558001,0.0,0.0,0.0,0.0,0.0,0.0,0.0,0.0,0.0,1.0,0.0,0.0,0.0,1.0,0,0.0,0.0,0.0,0.0,0.10352171956323142,4,benign
929272,139092358,273172,651199,62568,205451,420638,111753,586065,0,0.41949081617140077,0.22108812059332467,999.0,149.6788432235126,0,0,0,0,0,111454,108,0,0,0,0,0,0,0,0,0,0,0,0,0,0,0,0.0,0.0,0.0,0.0,0.0,2.000925222540369,121326,84136,3,1.4420224398592754,0.13056026653122013,0.09053969128522112,0.12025865408620942,0.0,0.0,0.0,0.067330125087165,0.45265325975602405,0.0,0.0,0.0,0.0,0.0,0.0,0.0,0.0,0.0,1.0,0.0,0.0,0.0,1.0,0,0.0,0.0,0.0,0.0,0.13056026653122013,4,benign
886272,110044218,216729,620940,48603,162624,332646,88403,559201,0,0.34903372306503044,0.18349220103986136,999.0,124.16528785745234,0,0,0,0,0,88403,108,0,0,0,0,0,0,0,0,0,0,0,0,0,0,0,0.0,0.0,0.0,0.0,0.0,2.0000491944410284,96094,66525,3,1.444479518977828,0.10842495306181398,0.07506160636915078,0.09974703025707683,0.0,0.0,0.0,0.05483982344020797,0.3753317266031196,0.0,0.0,0.0,0.0,0.0,0.0,0.0,0.0,0.0,1.0,0.0,0.0,0.0,1.0,0,0.0,0.0,0.0,0.0,0.10842495306181398,4,benign
891392,110749584,218220,624460,48712,163546,334567,89034,562384,0,0.3494539281939596,0.18347259118322803,999.0,124.24341255025847,0,0,0,0,0,89028,108,0,0,0,0,0,0,0,0,0,0,0,0,0,0,0,0.0,0.0,0.0,0.0,0.0,2.000073376543965,96626,66914,3,1.4440326389096452,0.10839899842044802,0.07506686171740379,0.09988198233773693,0.0,0.0,0.0,0.054647113727742676,0.37533094306433085,0.0,0.0,0.0,0.0,0.0,0.0,0.0,0.0,0.0,1.0,0.0,0.0,0.0,1.0,0,0.0,0.0,0.0,0.0,0.10839899842044802,4,benign
896005,111130016,218721,626882,50402,164172,335924,89579,564775,0,0.3489029833365769,0.18322665610124944,999.0,124.02834359183264,0,0,0,0,0,89598,108,0,0,0,0,0,0,0,0,0,0,0,0,0,0,0,0.0,0.0,0.0,0.0,0.0,1.9999756356061251,96993,67186,3,1.4436489744887329,0.10825051199491074,0.0749839565627424,0.09997600459818863,0.0,0.0,0.0,0.05625191823706341,0.3749130864225088,0.0,0.0,0.0,0.0,0.0,0.0,0.0,0.0,0.0,1.0,0.0,0.0,0.0,1.0,0,0.0,0.0,0.0,0.0,0.10825051199491074,4,benign
956770,118707010,233076,669589,54105,175367,358598,95568,603069,0,0.3480881555700586,0.1832906550163571,999.0,124.07058122641806,0,0,0,0,0,95369,108,0,0,0,0,0,0,0,0,0,0,0,0,0,0,0,0.0,0.0,0.0,0.0,0.0,1.9982566089334548,103650,71720,3,1.4452035694366983,0.10833324623472726,0.07496054433144853,0.09988607502325533,0.0,0.0,0.0,0.05654964097954576,0.37480063129069685,0.0,0.0,0.0,0.0,0.0,0.0,0.0,0.0,0.0,1.0,0.0,0.0,0.0,1.0,0,0.0,0.0,0.0,0.0,0.10833324623472726,4,benign
889856,110180345,215879,622871,51106,163157,333571,88941,560349,0,0.3465870140045049,0.1833521378739931,999.0,123.8181739517405,0,0,0,0,0,88942,108,0,0,0,0,0,0,0,0,0,0,0,0,0,0,0,0.0,0.0,0.0,0.0,0.0,2.000159368410729,96435,66702,3,1.4457587478636322,0.10837146684407364,0.07495819548331416,0.0999498795310702,0.0,0.0,0.0,0.057431764240506326,0.3748595278337169,0.0,0.0,0.0,0.0,0.0,0.0,0.0,0.0,0.0,1.0,0.0,0.0,0.0,1.0,0,0.0,0.0,0.0,0.0,0.10837146684407364,4,benign
886272,110052122,217035,620407,48830,162448,332622,88685,558900,0,0.34982680724105303,0.18329361640670133,999.0,124.17420611279607,0,0,0,0,0,88694,108,0,0,0,0,0,0,0,0,0,0,0,0,0,0,0,0.0,0.0,0.0,0.0,0.0,1.9999507546844606,95928,66540,3,1.4416591523895401,0.10823765164644714,0.07507853119584056,0.1000652169988446,0.0,0.0,0.0,0.05509595248411323,0.3753046468804159,0.0,0.0,0.0,0.0,0.0,0.0,0.0,0.0,0.0,1.0,0.0,0.0,0.0,1.0,0,0.0,0.0,0.0,0.0,0.10823765164644714,4,benign
882688,109623581,216244,617501,48943,161724,330824,88149,556863,0,0.3501921454378212,0.1832176261600928,999.0,124.19289828342518,0,0,0,0,0,88147,108,0,0,0,0,0,0,0,0,0,0,0,0,0,0,0,0.0,0.0,0.0,0.0,0.0,1.9997774233037802,95565,66162,3,1.4444091774734742,0.10826588783352668,0.07495513703596288,0.09986427820475638,0.0,0.0,0.0,0.055447678001740136,0.3747915458236659,0.0,0.0,0.0,0.0,0.0,0.0,0.0,0.0,0.0,1.0,0.0,0.0,0.0,1.0,0,0.0,0.0,0.0,0.0,0.10826588783352668,4,benign
885760,109939116,217007,619916,48837,162359,332079,88719,558620,0,0.3500587176327115,0.18329908778901735,999.0,124.11840227601157,0,0,0,0,0,88718,108,0,0,0,0,0,0,0,0,0,0,0,0,0,0,0,0.0,0.0,0.0,0.0,0.0,2.000135511370636,95936,66416,3,1.4444712117562033,0.10830924855491329,0.07498193641618497,0.10016144328034682,0.0,0.0,0.0,0.055135702673410406,0.37490855310693644,0.0,0.0,0.0,0.0,0.0,0.0,0.0,0.0,0.0,1.0,0.0,0.0,0.0,1.0,0,0.0,0.0,0.0,0.0,0.10830924855491329,4,benign
897024,111333225,219869,627580,49575,164334,336465,89826,565676,0,0.3503441792281462,0.18319911172945205,999.0,124.11398691673801,0,0,0,0,0,89806,108,0,0,0,0,0,0,0,0,0,0,0,0,0,0,0,0.0,0.0,0.0,0.0,0.0,2.000219090046009,97035,67292,3,1.4419990489211199,0.10817436322773973,0.07501694492009132,0.10013778895547945,0.0,0.0,0.0,0.055266079837328765,0.3750902985873288,0.0,0.0,0.0,0.0,0.0,0.0,0.0,0.0,0.0,1.0,0.0,0.0,0.0,1.0,0,0.0,0.0,0.0,0.0,0.10817436322773973,4,benign
893345,110936298,218520,625761,49064,163872,335453,89161,563525,0,0.34920680579326613,0.18343641034538727,999.0,124.18080137013136,0,0,0,0,0,89176,108,0,0,0,0,0,0,0,0,0,0,0,0,0,0,0,0.0,0.0,0.0,0.0,0.0,1.9998291495307714,96787,67090,3,1.4426442092711282,0.10834224179908099,0.07509976548813728,0.09980578611846487,0.0,0.0,0.0,0.05492167079907539,0.375502185605785,0.0,0.0,0.0,0.0,0.0,0.0,0.0,0.0,0.0,1.0,0.0,0.0,0.0,1.0,0,0.0,0.0,0.0,0.0,0.10834224179908099,4,benign
945792,117371055,231132,662068,52592,173360,354844,94621,596289,0,0.34910613411311225,0.183296115847882,999.0,124.09816851908242,0,0,0,0,0,94543,108,0,0,0,0,0,0,0,0,0,0,0,0,0,0,0,0.0,0.0,0.0,0.0,0.0,2.000392324290643,102388,70969,3,1.4427144246079273,0.10825636080660442,0.07503658309649479,0.10004419576397347,0.0,0.0,0.0,0.05560630667208012,0.37518185816754634,0.0,0.0,0.0,0.0,0.0,0.0,0.0,0.0,0.0,1.0,0.0,0.0,0.0,1.0,0,0.0,0.0,0.0,0.0,0.10825636080660442,4,benign
890269,110427243,217223,623596,49450,163346,333843,88956,561372,0,0.3483393094246916,0.1834793753348707,999.0,124.03806377622944,0,0,0,0,0,88954,108,0,0,0,0,0,0,0,0,0,0,0,0,0,0,0,0.0,0.0,0.0,0.0,0.0,1.999975512402968,96579,66766,3,1.4465296707905222,0.10848294167268545,0.0749953104061806,0.09992036114927061,0.0,0.0,0.0,0.05554500942973416,0.3749911543589634,0.0,0.0,0.0,0.0,0.0,0.0,0.0,0.0,0.0,1.0,0.0,0.0,0.0,1.0,0,0.0,0.0,0.0,0.0,0.10848294167268545,4,benign
1008750,125075906,244979,705532,58424,185047,377753,100895,635502,0,0.3472259231331818,0.18344188351920693,999.0,123.99098488228005,0,0,0,0,0,100960,108,0,0,0,0,0,0,0,0,0,0,0,0,0,0,0,0.0,0.0,0.0,0.0,0.0,1.996989089496347,109514,75554,3,1.4494798422320458,0.1085640644361834,0.07489863692688971,0.10001982651796779,0.0,0.0,0.0,0.05791722428748451,0.37447633209417597,0.0,0.0,0.0,0.0,0.0,0.0,0.0,0.0,0.0,1.0,0.0,0.0,0.0,1.0,0,0.0,0.0,0.0,0.0,0.1085640644361834,4,benign
897024,111383039,219667,627925,49432,164501,336343,89764,565784,0,0.3498299956204961,0.18338528289098174,999.0,124.16951943314783,0,0,0,0,0,89769,108,0,0,0,0,0,0,0,0,0,0,0,0,0,0,0,0.0,0.0,0.0,0.0,0.0,2.000085109487276,97213,67256,3,1.4454175092185084,0.10837279716038813,0.07497681221461187,0.10006867151826485,0.0,0.0,0.0,0.05510666381278539,0.3749542933076484,0.0,0.0,0.0,0.0,0.0,0.0,0.0,0.0,0.0,1.0,0.0,0.0,0.0,1.0,0,0.0,0.0,0.0,0.0,0.10837279716038813,4,benign
889362,110429022,217781,622475,49106,163031,333455,88976,560928,0,0.34986304670870316,0.18331230702458617,999.0,124.1665620973237,0,0,0,0,0,88968,108,0,0,0,0,0,0,0,0,0,0,0,0,0,0,0,0.0,0.0,0.0,0.0,0.0,1.999963197860569,96340,66703,3,1.444312849497024,0.10832484410172685,0.07500095574130669,0.10004475118118382,0.0,0.0,0.0,0.05521486188975917,0.3749373146142965,0.0,0.0,0.0,0.0,0.0,0.0,0.0,0.0,0.0,1.0,0.0,0.0,0.0,1.0,0,0.0,0.0,0.0,0.0,0.10832484410172685,4,benign
884193,117575137,232515,618322,52415,173330,354552,94818,557805,0,0.37604193284405213,0.196031861822023,999.0,132.97451687584046,0,0,0,0,0,94826,108,0,0,0,0,0,0,0,0,0,0,0,0,0,0,0,0.0,0.0,0.0,0.0,0.0,1.9986624078964057,102426,70906,3,1.4445321975573293,0.11584122470998978,0.08019289906163021,0.10723676844308878,0.0,0.0,0.0,0.05928004406277815,0.4009893767537178,0.0,0.0,0.0,0.0,0.0,0.0,0.0,0.0,0.0,1.0,0.0,0.0,0.0,1.0,0,0.0,0.0,0.0,0.0,0.11584122470998978,4,benign
893440,110989122,219131,625575,48734,163855,335091,89497,563621,0,0.3502873356512009,0.18339787786532952,999.0,124.22672143624642,0,0,0,0,0,89506,108,0,0,0,0,0,0,0,0,0,0,0,0,0,0,0,0.0,0.0,0.0,0.0,0.0,2.0002075220644784,96826,67025,3,1.4446251398731818,0.10837437320916905,0.07501902757879657,0.10017124820916905,0.0,0.0,0.0,0.05454647206303725,0.37505708273638966,0.0,0.0,0.0,0.0,0.0,0.0,0.0,0.0,0.0,1.0,0.0,0.0,0.0,1.0,0,0.0,0.0,0.0,0.0,0.10837437320916905,4,benign
886276,110045766,217338,620071,48867,162384,332292,88803,558956,0,0.3505050228119038,0.1832205768857557,999.0,124.16647410061877,0,0,0,0,0,88784,108,0,0,0,0,0,0,0,0,0,0,0,0,0,0,0,0.0,0.0,0.0,0.0,0.0,2.000049267151127,95929,66453,3,1.443561614975998,0.10823829145774003,0.07498002879464186,0.10019790674688246,0.0,0.0,0.0,0.055137451538798295,0.3749306085237556,0.0,0.0,0.0,0.0,0.0,0.0,0.0,0.0,0.0,1.0,0.0,0.0,0.0,1.0,0,0.0,0.0,0.0,0.0,0.10823829145774003,4,benign
1077836,125654701,246907,754780,56814,185868,380596,101176,679731,0,0.327124460107581,0.17244552974664049,999.0,116.58053822659477,0,0,0,0,0,101290,108,0,0,0,0,0,0,0,0,0,0,0,0,0,0,0,0.0,0.0,0.0,0.0,0.0,1.9998924025436038,109748,76118,3,1.4418140255918444,0.10182254072048066,0.07062113345629577,0.09386956828311543,0.0,0.0,0.0,0.05271117312837946,0.35311123399107097,0.0,0.0,0.0,0.0,0.0,0.0,0.0,0.0,0.0,1.0,0.0,0.0,0.0,1.0,0,0.0,0.0,0.0,0.0,0.10182254072048066,4,benign
1019820,118402313,232341,713965,54668,175211,357902,95703,641919,0,0.3254235151583061,0.17180580886823166,999.0,116.10118746445451,0,0,0,0,0,95684,108,0,0,0,0,0,0,0,0,0,0,0,0,0,0,0,0.0,0.0,0.0,0.0,0.0,1.9996462035356821,103629,71574,3,1.4478581607846426,0.10161499088074366,0.07018297346590575,0.09384303112313938,0.0,0.0,0.0,0.053605538232237064,0.3509462454158577,0.0,0.0,0.0,0.0,0.0,0.0,0.0,0.0,0.0,1.0,0.0,0.0,0.0,1.0,0,0.0,0.0,0.0,0.0,0.10161499088074366,4,benign
882688,109452295,215458,617998,49232,161858,331194,88430,556249,0,0.34863866873355576,0.18336943517981438,999.0,123.9988478375145,0,0,0,0,0,88420,108,0,0,0,0,0,0,0,0,0,0,0,0,0,0,0,0.0,0.0,0.0,0.0,0.0,2.0,95612,66255,3,1.443091087465097,0.10831913428074245,0.07506049702726218,0.1001826239849188,0.0,0.0,0.0,0.05577508700696056,0.3752107199825986,0.0,0.0,0.0,0.0,0.0,0.0,0.0,0.0,0.0,1.0,0.0,0.0,0.0,1.0,0,0.0,0.0,0.0,0.0,0.10831913428074245,4,benign
894137,111066855,218804,626067,49266,164007,335181,89239,564199,0,0.3494897510969273,0.18342491139500994,999.0,124.21682024119346,0,0,0,0,0,89241,108,0,0,0,0,0,0,0,0,0,0,0,0,0,0,0,0.0,0.0,0.0,0.0,0.0,1.9998902546093065,96971,67029,3,1.4467021736860164,0.1084520604784278,0.07496502213866556,0.09980461607113898,0.0,0.0,0.0,0.05509893897691293,0.3748653729797559,0.0,0.0,0.0,0.0,0.0,0.0,0.0,0.0,0.0,1.0,0.0,0.0,0.0,1.0,0,0.0,0.0,0.0,0.0,0.1084520604784278,4,benign
1018544,110461232,217903,712648,49197,162942,333465,89005,642581,0,0.3057652585848834,0.15997541588777706,999.0,108.4501327384973,0,0,0,0,0,89005,108,0,0,0,0,0,0,0,0,0,0,0,0,0,0,0,0.0,0.0,0.0,0.0,0.0,2.0001227505953403,96246,66705,3,1.4428603552957049,0.09449370866648864,0.06549054336386056,0.08738454107039068,0.0,0.0,0.0,0.04830130068018662,0.3273938092021552,0.0,0.0,0.0,0.0,0.0,0.0,0.0,0.0,0.0,1.0,0.0,0.0,0.0,1.0,0,0.0,0.0,0.0,0.0,0.09449370866648864,4,benign
1087088,119061720,234318,762095,52878,175890,360177,95759,686052,0,0.307465604681831,0.16179922876528854,999.0,109.52353443327495,0,0,0,0,0,95587,108,0,0,0,0,0,0,0,0,0,0,0,0,0,0,0,0.0,0.0,0.0,0.0,0.0,2.0010694213747753,103868,72028,3,1.4420503137668685,0.09554700263456133,0.06625774546310878,0.08808762492088956,0.0,0.0,0.0,0.048641876278645337,0.3313227631985635,0.0,0.0,0.0,0.0,0.0,0.0,0.0,0.0,0.0,1.0,0.0,0.0,0.0,1.0,0,0.0,0.0,0.0,0.0,0.09554700263456133,4,benign
949325,117934686,232597,664353,52375,174053,355447,94884,598539,0,0.35011055869394736,0.1833439549153346,999.0,124.23004345192636,0,0,0,0,0,94870,108,0,0,0,0,0,0,0,0,0,0,0,0,0,0,0,0.0,0.0,0.0,0.0,0.0,1.9979682029501233,102965,71093,3,1.4483141800177233,0.10846127511653017,0.07488794669897032,0.0999489110683907,0.0,0.0,0.0,0.055170779237879546,0.37442077265425433,0.0,0.0,0.0,0.0,0.0,0.0,0.0,0.0,0.0,1.0,0.0,0.0,0.0,1.0,0,0.0,0.0,0.0,0.0,0.10846127511653017,4,benign
952794,118216970,233431,667366,52126,174779,357047,95577,601183,0,0.349779581219301,0.18343839276905605,999.0,124.07400760290263,0,0,0,0,0,95433,108,0,0,0,0,0,0,0,0,0,0,0,0,0,0,0,0.0,0.0,0.0,0.0,0.0,1.9989820893473935,103371,71400,3,1.4477731092436974,0.10849249680413604,0.0749374996064207,0.10031234453617466,0.0,0.0,0.0,0.054708572891936764,0.374736826638287,0.0,0.0,0.0,0.0,0.0,0.0,0.0,0.0,0.0,1.0,0.0,0.0,0.0,1.0,0,0.0,0.0,0.0,0.0,0.10849249680413604,4,benign
888320,110209523,217047,621580,49693,162812,332784,88790,560145,0,0.34918594549374177,0.18328079971181557,999.0,124.06511504863113,0,0,0,0,0,88785,108,0,0,0,0,0,0,0,0,0,0,0,0,0,0,0,0.0,0.0,0.0,0.0,0.0,1.9999754320881498,96253,66556,3,1.4461956848368291,0.10835397154178675,0.07492345100864553,0.09995271974063401,0.0,0.0,0.0,0.05594042687319885,0.374621757925072,0.0,0.0,0.0,0.0,0.0,0.0,0.0,0.0,0.0,1.0,0.0,0.0,0.0,1.0,0,0.0,0.0,0.0,0.0,0.10835397154178675,4,benign
880640,109075833,213935,616693,50012,161478,330785,88136,554445,0,0.34690680776334415,0.18336437136627906,999.0,123.85973042332849,0,0,0,0,0,88139,108,0,0,0,0,0,0,0,0,0,0,0,0,0,0,0,0.0,0.0,0.0,0.0,0.0,2.000024771483069,95312,66159,3,1.44065055396847,0.10823037790697675,0.07512604469476744,0.10008175872093024,0.0,0.0,0.0,0.05679051598837209,0.37561886809593026,0.0,0.0,0.0,0.0,0.0,0.0,0.0,0.0,0.0,1.0,0.0,0.0,0.0,1.0,0,0.0,0.0,0.0,0.0,0.10823037790697675,4,benign
886793,109897257,215537,621146,50110,162699,332611,88661,558684,0,0.3469989342280237,0.18346897190212372,999.0,123.92661759846999,0,0,0,0,0,88667,108,0,0,0,0,0,0,0,0,0,0,0,0,0,0,0,0.0,0.0,0.0,0.0,0.0,2.0000122927141084,96183,66520,3,1.4459260372820204,0.10846161392794035,0.07501186860969809,0.09997936384252018,0.0,0.0,0.0,0.056506986410582855,0.37507174729615594,0.0,0.0,0.0,0.0,0.0,0.0,0.0,0.0,0.0,1.0,0.0,0.0,0.0,1.0,0,0.0,0.0,0.0,0.0,0.10846161392794035,4,benign
1078575,126219171,248240,755912,55512,186607,381674,101329,679858,0,0.32839801458370815,0.17301253969357716,999.0,117.02400945692233,0,0,0,0,0,101407,108,0,0,0,0,0,0,0,0,0,0,0,0,0,0,0,0.0,0.0,0.0,0.0,0.0,1.9997106636518533,110268,76334,3,1.4445463358398616,0.10223489326194284,0.07077301068539509,0.09394710613541014,0.0,0.0,0.0,0.05146790904665879,0.35386876202396683,0.0,0.0,0.0,0.0,0.0,0.0,0.0,0.0,0.0,1.0,0.0,0.0,0.0,1.0,0,0.0,0.0,0.0,0.0,0.10223489326194284,4,benign
887054,110186765,217428,620614,49012,162508,332683,88651,559572,0,0.35034336963072055,0.18319966991862954,999.0,124.2165245858764,0,0,0,0,0,88648,108,0,0,0,0,0,0,0,0,0,0,0,0,0,0,0,0.0,0.0,0.0,0.0,0.0,1.999926160207736,95979,66540,3,1.4424256086564473,0.10819972628498378,0.07501234423158004,0.09993867340657953,0.0,0.0,0.0,0.055252555086838004,0.3750425565974563,0.0,0.0,0.0,0.0,0.0,0.0,0.0,0.0,0.0,1.0,0.0,0.0,0.0,1.0,0,0.0,0.0,0.0,0.0,0.10819972628498378,4,benign
891904,110818146,217926,625048,48930,163681,334854,88823,562821,0,0.3486548233095698,0.18351862980769232,999.0,124.2489617716705,0,0,0,0,0,88821,108,0,0,0,0,0,0,0,0,0,0,0,0,0,0,0,0.0,0.0,0.0,0.0,0.0,1.9999389074203047,96715,66975,3,1.4440462859275849,0.1084365581946039,0.07509216238518944,0.09958807225889782,0.0,0.0,0.0,0.05486016432261768,0.3754372667910448,0.0,0.0,0.0,0.0,0.0,0.0,0.0,0.0,0.0,1.0,0.0,0.0,0.0,1.0,0,0.0,0.0,0.0,0.0,0.1084365581946039,4,benign
892928,110852032,219091,624666,49171,163618,334607,89472,563223,0,0.35073303173215764,0.18323761826261467,999.0,124.14442373853211,0,0,0,0,0,89476,108,0,0,0,0,0,0,0,0,0,0,0,0,0,0,0,0.0,0.0,0.0,0.0,0.0,2.0000244474867985,96697,66917,3,1.4450289164188472,0.10829204594323394,0.07494109267488532,0.1002006880733945,0.0,0.0,0.0,0.05506714987098624,0.37473010141915136,0.0,0.0,0.0,0.0,0.0,0.0,0.0,0.0,0.0,1.0,0.0,0.0,0.0,1.0,0,0.0,0.0,0.0,0.0,0.10829204594323394,4,benign
891904,110666723,218284,624165,49455,163489,334323,89162,562544,0,0.3497216280951351,0.18330336000287026,999.0,124.07918677346441,0,0,0,0,0,89161,108,0,0,0,0,0,0,0,0,0,0,0,0,0,0,0,0.0,0.0,0.0,0.0,0.0,2.00001223331376,96616,66866,3,1.4449196901265218,0.10832555970149253,0.07496995192307693,0.09996815800803674,0.0,0.0,0.0,0.055448792695177954,0.3748419112370838,0.0,0.0,0.0,0.0,0.0,0.0,0.0,0.0,0.0,1.0,0.0,0.0,0.0,1.0,0,0.0,0.0,0.0,0.0,0.10832555970149253,4,benign
884224,109542938,215751,617989,50484,161825,331268,88798,556779,0,0.34911786455745975,0.18301358026925305,999.0,123.88595876158078,0,0,0,0,0,88788,108,0,0,0,0,0,0,0,0,0,0,0,0,0,0,0,0.0,0.0,0.0,0.0,0.0,2.00006179705846,95576,66251,3,1.4426348281535373,0.10809025767226405,0.07492558446728431,0.10042477924145918,0.0,0.0,0.0,0.05709412999420961,0.37464262449334107,0.0,0.0,0.0,0.0,0.0,0.0,0.0,0.0,0.0,1.0,0.0,0.0,0.0,1.0,0,0.0,0.0,0.0,0.0,0.10809025767226405,4,benign
893701,110758689,217206,625473,51022,163787,335354,89326,562819,0,0.3472667884944674,0.18326822953090574,999.0,123.93260050061485,0,0,0,0,0,89341,108,0,0,0,0,0,0,0,0,0,0,0,0,0,0,0,0.0,0.0,0.0,0.0,0.0,2.00001221105589,96709,67070,3,1.4419114358133294,0.10821180685710322,0.07504747113408175,0.09995065463728921,0.0,0.0,0.0,0.05709068245419889,0.3752418314402692,0.0,0.0,0.0,0.0,0.0,0.0,0.0,0.0,0.0,1.0,0.0,0.0,0.0,1.0,0,0.0,0.0,0.0,0.0,0.10821180685710322,4,benign
1017847,134387257,264868,712891,59512,198421,406549,108299,641806,0,0.37154067031285287,0.19494187240321972,999.0,132.0309015009132,0,0,0,0,0,108435,108,0,0,0,0,0,0,0,0,0,0,0,0,0,0,0,0.0,0.0,0.0,0.0,0.0,2.0018462655999354,117106,81312,3,1.4402056277056277,0.11505265526154716,0.07988626974388095,0.1064000778113017,0.0,0.0,0.0,0.05846851245815923,0.39942054159416884,0.0,0.0,0.0,0.0,0.0,0.0,0.0,0.0,0.0,1.0,0.0,0.0,0.0,1.0,0,0.0,0.0,0.0,0.0,0.11505265526154716,4,benign
1003486,116755835,230472,702974,51474,172628,353313,94187,632736,0,0.327852808211968,0.17202830931373234,999.0,116.35023807008767,0,0,0,0,0,94459,108,0,0,0,0,0,0,0,0,0,0,0,0,0,0,0,0.0,0.0,0.0,0.0,0.0,2.0007417537841032,101977,70660,3,1.4432069063119162,0.10162274311749242,0.07041453493122973,0.09385980472074348,0.0,0.0,0.0,0.051295184985141795,0.3520856294955784,0.0,0.0,0.0,0.0,0.0,0.0,0.0,0.0,0.0,1.0,0.0,0.0,0.0,1.0,0,0.0,0.0,0.0,0.0,0.10162274311749242,4,benign
887808,110230060,217032,621803,48973,162874,333131,88695,559948,0,0.3490365919752719,0.18345633290080737,999.0,124.15979581170704,0,0,0,0,0,88695,108,0,0,0,0,0,0,0,0,0,0,0,0,0,0,0,0.0,0.0,0.0,0.0,0.0,1.9997053370821005,96243,66627,3,1.4445044801656985,0.10840519571799308,0.07504663170415225,0.09990335748269896,0.0,0.0,0.0,0.05516170162918108,0.3752286530420992,0.0,0.0,0.0,0.0,0.0,0.0,0.0,0.0,0.0,1.0,0.0,0.0,0.0,1.0,0,0.0,0.0,0.0,0.0,0.10840519571799308,4,benign
891392,110722358,218344,624156,48892,163502,334186,89054,562475,0,0.3498228007100789,0.1834232301838024,999.0,124.21286931002298,0,0,0,0,0,89058,108,0,0,0,0,0,0,0,0,0,0,0,0,0,0,0,0.0,0.0,0.0,0.0,0.0,2.000048930262144,96666,66840,3,1.446229802513465,0.10844387205628948,0.07498384549109707,0.09990441915565766,0.0,0.0,0.0,0.0548490450890293,0.37490352168294083,0.0,0.0,0.0,0.0,0.0,0.0,0.0,0.0,0.0,1.0,0.0,0.0,0.0,1.0,0,0.0,0.0,0.0,0.0,0.10844387205628948,4,benign
895096,111095592,219659,626185,49252,164011,335374,89834,564461,0,0.3507893034806008,0.18323285993904564,999.0,124.11584008866087,0,0,0,0,0,89846,108,0,0,0,0,0,0,0,0,0,0,0,0,0,0,0,0.0,0.0,0.0,0.0,0.0,2.0000853637716154,96935,67078,3,1.445108679447807,0.1082956465004871,0.07493944783576287,0.10036241922654106,0.0,0.0,0.0,0.055024265553638936,0.37467936400117974,0.0,0.0,0.0,0.0,0.0,0.0,0.0,0.0,0.0,1.0,0.0,0.0,0.0,1.0,0,0.0,0.0,0.0,0.0,0.1082956465004871,4,benign
886671,118107006,232736,620786,52916,174410,356861,95128,559359,0,0.3749053619121565,0.19670204619300732,999.0,133.20273923473306,0,0,0,0,0,94937,108,0,0,0,0,0,0,0,0,0,0,0,0,0,0,0,0.0,0.0,0.0,0.0,0.0,2.0013081195208153,103038,71374,3,1.4436349370919381,0.1162077027443099,0.08049659907677142,0.10728669371164727,0.0,0.0,0.0,0.05967940758184265,0.4024728450575242,0.0,0.0,0.0,0.0,0.0,0.0,0.0,0.0,0.0,1.0,0.0,0.0,0.0,1.0,0,0.0,0.0,0.0,0.0,0.1162077027443099,4,benign
1013643,117704796,231862,710031,52784,174020,356090,95231,639388,0,0.3265519392815243,0.17167779977763375,999.0,116.12056315685108,0,0,0,0,0,95192,108,0,0,0,0,0,0,0,0,0,0,0,0,0,0,0,0.0,0.0,0.0,0.0,0.0,1.9988284076681866,102796,71214,3,1.443480214564552,0.10141243021458245,0.07025550415678893,0.09394925037710515,0.0,0.0,0.0,0.05207356041525468,0.35129725159646935,0.0,0.0,0.0,0.0,0.0,0.0,0.0,0.0,0.0,1.0,0.0,0.0,0.0,1.0,0,0.0,0.0,0.0,0.0,0.10141243021458245,4,benign
898048,111195550,217565,628685,51798,164654,336840,89635,565471,0,0.34606360896156263,0.18334654717787913,999.0,123.81916111388256,0,0,0,0,0,89630,108,0,0,0,0,0,0,0,0,0,0,0,0,0,0,0,0.0,0.0,0.0,0.0,0.0,2.000121474211025,97283,67364,3,1.4441393028917522,0.10832717182155074,0.075011580672748,0.09981092324686432,0.0,0.0,0.0,0.057678431442417334,0.37508017388825543,0.0,0.0,0.0,0.0,0.0,0.0,0.0,0.0,0.0,1.0,0.0,0.0,0.0,1.0,0,0.0,0.0,0.0,0.0,0.10832717182155074,4,benign
884413,109750770,216380,618757,49276,162030,331597,88533,557587,0,0.34970109429065044,0.18320626223268993,999.0,124.09447848459939,0,0,0,0,0,88534,108,0,0,0,0,0,0,0,0,0,0,0,0,0,0,0,0.0,0.0,0.0,0.0,0.0,2.0000493747917,95714,66327,3,1.4430624029429946,0.10822319436733743,0.0749955054934742,0.10010368459079638,0.0,0.0,0.0,0.055716051211368446,0.37493456111567786,0.0,0.0,0.0,0.0,0.0,0.0,0.0,0.0,0.0,1.0,0.0,0.0,0.0,1.0,0,0.0,0.0,0.0,0.0,0.10822319436733743,4,benign
963372,119598205,236383,674008,52981,176587,361278,96567,607808,0,0.3507124544515792,0.183300947090013,999.0,124.1454028142815,0,0,0,0,0,96521,108,0,0,0,0,0,0,0,0,0,0,0,0,0,0,0,0.0,0.0,0.0,0.0,0.0,1.9994904660537163,104318,72248,3,1.4438877200752962,0.10828423495804321,0.07499491369896572,0.10023853713830172,0.0,0.0,0.0,0.05499537042803818,0.37501401327835976,0.0,0.0,0.0,0.0,0.0,0.0,0.0,0.0,0.0,1.0,0.0,0.0,0.0,1.0,0,0.0,0.0,0.0,0.0,0.10828423495804321,4,benign
864258,107351614,211604,605006,47648,158440,324167,86497,545030,0,0.34975520903924917,0.1833248867814935,999.0,124.21246201944327,0,0,0,0,0,86496,108,0,0,0,0,0,0,0,0,0,0,0,0,0,0,0,0.0,0.0,0.0,0.0,0.0,2.0,93611,64830,3,1.4439457041493136,0.10831372113419835,0.075012322709191,0.10008238280698588,0.0,0.0,0.0,0.055131685214368856,0.3750812835981848,0.0,0.0,0.0,0.0,0.0,0.0,0.0,0.0,0.0,1.0,0.0,0.0,0.0,1.0,0,0.0,0.0,0.0,0.0,0.10831372113419835,4,benign
882217,109538842,216063,617376,48778,161738,330564,88154,556602,0,0.3499698724926139,0.18333131191078839,999.0,124.16315033602844,0,0,0,0,0,88167,108,0,0,0,0,0,0,0,0,0,0,0,0,0,0,0,0.0,0.0,0.0,0.0,0.0,1.9999010794702805,95617,66123,3,1.4460475175052554,0.10838263148409065,0.074950947442636,0.09992326151049005,0.0,0.0,0.0,0.055290251718114705,0.37469692830675444,0.0,0.0,0.0,0.0,0.0,0.0,0.0,0.0,0.0,1.0,0.0,0.0,0.0,1.0,0,0.0,0.0,0.0,0.0,0.10838263148409065,4,benign
949740,124747213,294848,633828,59587,189654,360780,116730,594727,0,0.4651861388263062,0.19969044159454166,999.0,131.34880388316802,0,0,0,0,0,116839,108,0,0,0,0,0,0,0,0,0,0,0,0,0,0,0,0.0,0.0,0.0,0.0,0.0,1.9964629717353546,105978,72155,3,1.4687547640496155,0.11158632889001201,0.07597342430559943,0.12290732200391687,0.0,0.0,0.0,0.06274032893212879,0.3798723861267294,0.0,0.0,0.0,0.0,0.0,0.0,0.0,0.0,0.0,1.0,0.0,0.0,0.0,1.0,0,0.0,0.0,0.0,0.0,0.12290732200391687,4,benign
882616,99197444,480785,353244,48588,95675,165598,220711,523517,0,1.3610563802923759,0.10839934920735632,999.0,112.39026258304857,0,0,0,0,0,220730,108,0,0,0,0,0,0,0,0,0,0,0,0,0,0,0,0.0,0.0,0.0,0.0,0.0,1.9998536819882529,62549,33123,3,1.8883857138544213,0.07086773863152265,0.03752821158918488,0.2500645807463268,0.0,0.0,0.0,0.05504998776364806,0.1876217970215813,0.0,0.0,0.0,0.0,0.0,0.0,0.0,0.0,0.0,1.0,0.0,0.0,0.0,1.0,0,0.0,0.0,0.0,0.0,0.2500645807463268,4,benign
941400,98618860,477286,377057,49204,95343,165223,219558,558122,0,1.265819226270829,0.10127788400254939,999.0,104.75765880603356,0,0,0,0,0,219545,108,0,0,0,0,0,0,0,0,0,0,0,0,0,0,0,0.0,0.0,0.0,0.0,0.0,2.0004825849769197,62301,33043,3,1.8854522894410315,0.06617909496494583,0.035099851285319734,0.23322498406628425,0.0,0.0,0.0,0.05226683662630125,0.17550775440832803,0.0,0.0,0.0,0.0,0.0,0.0,0.0,0.0,0.0,1.0,0.0,0.0,0.0,1.0,0,0.0,0.0,0.0,0.0,0.23322498406628425,4,benign
875050,98248175,475420,350387,49243,94911,164166,218576,518733,0,1.356842576922089,0.10846351637049312,999.0,112.27721273070111,0,0,0,0,0,218571,108,0,0,0,0,0,0,0,0,0,0,0,0,0,0,0,0.0,0.0,0.0,0.0,0.0,1.9998946436849425,62076,32831,3,1.8907739636319332,0.0709399462887835,0.03751899891434775,0.24978686932175304,0.0,0.0,0.0,0.05627449860008,0.18760756528198388,0.0,0.0,0.0,0.0,0.0,0.0,0.0,0.0,0.0,1.0,0.0,0.0,0.0,1.0,0,0.0,0.0,0.0,0.0,0.24978686932175304,4,benign
939656,105454358,510483,375695,53478,101725,176314,234829,556548,0,1.3587697467360491,0.10825770281890394,999.0,112.22655737844488,0,0,0,0,0,234961,108,0,0,0,0,0,0,0,0,0,0,0,0,0,0,0,0.0,0.0,0.0,0.0,0.0,2.0005309838934884,66455,35253,3,1.8850877939466144,0.07072269000570422,0.037516921086014454,0.24990954136407367,0.0,0.0,0.0,0.05691231684786773,0.1876367521731357,0.0,0.0,0.0,0.0,0.0,0.0,0.0,0.0,0.0,1.0,0.0,0.0,0.0,1.0,0,0.0,0.0,0.0,0.0,0.24990954136407367,4,benign
875008,98264925,476535,349690,48783,94710,163733,218966,518791,0,1.3627355657868399,0.10823901038619076,999.0,112.30174466976302,0,0,0,0,0,218957,108,0,0,0,0,0,0,0,0,0,0,0,0,0,0,0,0.0,0.0,0.0,0.0,0.0,1.9995355318160706,61979,32759,3,1.8919686193107237,0.07083249524575776,0.03743851484786425,0.25024456919251026,0.0,0.0,0.0,0.05575149027208894,0.1871217177442949,0.0,0.0,0.0,0.0,0.0,0.0,0.0,0.0,0.0,1.0,0.0,0.0,0.0,1.0,0,0.0,0.0,0.0,0.0,0.25024456919251026,4,benign
889698,100128590,484997,356146,48557,96445,167123,222176,528182,0,1.3617926356044994,0.10840195212307997,999.0,112.54222219224951,0,0,0,0,0,222187,108,0,0,0,0,0,0,0,0,0,0,0,0,0,0,0,0.0,0.0,0.0,0.0,0.0,2.0002696200431394,63012,33420,3,1.8854578096947936,0.07082403242448561,0.037563307998894006,0.24972069174034336,0.0,0.0,0.0,0.05457694633459893,0.18784239146317064,0.0,0.0,0.0,0.0,0.0,0.0,0.0,0.0,0.0,1.0,0.0,0.0,0.0,1.0,0,0.0,0.0,0.0,0.0,0.24972069174034336,4,benign
1067859,105655298,512522,426402,52309,101743,176057,235451,632933,0,1.2019690339163511,0.09527756005240393,999.0,98.94124411556207,0,0,0,0,0,235277,108,0,0,0,0,0,0,0,0,0,0,0,0,0,0,0,0.0,0.0,0.0,0.0,0.0,2.0028149606299213,66508,35208,3,1.8890024994319472,0.06228163081455511,0.03297064500088495,0.2204888473103659,0.0,0.0,0.0,0.048984931531222756,0.16486914470917977,0.0,0.0,0.0,0.0,0.0,0.0,0.0,0.0,0.0,1.0,0.0,0.0,0.0,1.0,0,0.0,0.0,0.0,0.0,0.2204888473103659,4,benign
870912,97884571,473763,348720,48429,94419,163636,217519,516511,0,1.3585770818995182,0.10841393849206349,999.0,112.39318208957965,0,0,0,0,0,217508,108,0,0,0,0,0,0,0,0,0,0,0,0,0,0,0,0.0,0.0,0.0,0.0,0.0,1.999512928569916,61705,32726,3,1.885503880706472,0.07085101594650206,0.037576701205173424,0.24976002167842445,0.0,0.0,0.0,0.05560722552910053,0.18789039535567315,0.0,0.0,0.0,0.0,0.0,0.0,0.0,0.0,0.0,1.0,0.0,0.0,0.0,1.0,0,0.0,0.0,0.0,0.0,0.24976002167842445,4,benign
877822,98606689,478546,350953,48323,95041,164513,219802,520538,0,1.3635615025373768,0.1082691023920567,999.0,112.33107509267255,0,0,0,0,0,219807,108,0,0,0,0,0,0,0,0,0,0,0,0,0,0,0,0.0,0.0,0.0,0.0,0.0,2.0000631326416802,62142,32905,3,1.8885275793952288,0.07079111710574582,0.03748482038499833,0.2503947269491993,0.0,0.0,0.0,0.05504874564547255,0.18741043172761676,0.0,0.0,0.0,0.0,0.0,0.0,0.0,0.0,0.0,1.0,0.0,0.0,0.0,1.0,0,0.0,0.0,0.0,0.0,0.2503947269491993,4,benign
1068759,120352665,548252,427986,54956,109233,201119,267237,633648,0,1.2810045188394013,0.10220545511195696,999.0,112.60973240927093,0,0,0,0,0,267569,108,0,0,0,0,0,0,0,0,0,0,0,0,0,0,0,0.0,0.0,0.0,0.0,0.0,1.9988105912276528,75937,40229,3,1.8876183847473216,0.07105156541371815,0.037640852615042304,0.25004421015401973,0.0,0.0,0.0,0.051420385699675976,0.18817993579469272,0.0,0.0,0.0,0.0,0.0,0.0,0.0,0.0,0.0,1.0,0.0,0.0,0.0,1.0,0,0.0,0.0,0.0,0.0,0.25004421015401973,4,benign
1311651,111825447,611099,525719,60662,121607,186446,248581,777320,0,1.162406152336134,0.09271292439833462,999.0,85.25548869325758,0,0,0,0,0,249091,108,0,0,0,0,0,0,0,0,0,0,0,0,0,0,0,0.0,0.0,0.0,0.0,0.0,2.0021897690040666,70632,37289,3,1.894177907693958,0.0538496901996034,0.028429056204737388,0.18951763845718106,0.0,0.0,0.0,0.04624858289285793,0.14214604342161138,0.0,0.0,0.0,0.0,0.0,0.0,0.0,0.0,0.0,1.0,0.0,0.0,0.0,1.0,0,0.0,0.0,0.0,0.0,0.18951763845718106,4,benign
1320066,127103503,684181,529444,68518,136455,212022,282393,782942,0,1.2922632044182198,0.10336983150842458,999.0,96.28571828984309,0,0,0,0,0,282315,108,0,0,0,0,0,0,0,0,0,0,0,0,0,0,0,0.0,0.0,0.0,0.0,0.0,1.9985207533905505,80370,42411,3,1.8950272335007428,0.060883319470390114,0.03212793905759258,0.21392339473935393,0.0,0.0,0.0,0.05190498050855033,0.16061469653790036,0.0,0.0,0.0,0.0,0.0,0.0,0.0,0.0,0.0,1.0,0.0,0.0,0.0,1.0,0,0.0,0.0,0.0,0.0,0.21392339473935393,4,benign
933768,104900941,508100,373728,51940,101271,174891,233373,553036,0,1.3595449096669234,0.10845413421749299,999.0,112.34154629415444,0,0,0,0,0,233760,108,0,0,0,0,0,0,0,0,0,0,0,0,0,0,0,0.0,0.0,0.0,0.0,0.0,1.99757382093615,66293,34982,3,1.8950603167343205,0.07099515082975642,0.03746326710703301,0.24992610584213637,0.0,0.0,0.0,0.05562409506429863,0.18729598786850696,0.0,0.0,0.0,0.0,0.0,0.0,0.0,0.0,0.0,1.0,0.0,0.0,0.0,1.0,0,0.0,0.0,0.0,0.0,0.24992610584213637,4,benign
1065407,112695060,544623,426503,57328,108971,188603,250802,631953,0,1.276949986283801,0.10228110008663356,999.0,105.77653422588739,0,0,0,0,0,250557,108,0,0,0,0,0,0,0,0,0,0,0,0,0,0,0,0.0,0.0,0.0,0.0,0.0,1.9997981318015818,71245,37713,3,1.8891363720732903,0.0668711581583376,0.03539774001860322,0.23540487344273128,0.0,0.0,0.0,0.0538085445280536,0.1770243672136564,0.0,0.0,0.0,0.0,0.0,0.0,0.0,0.0,0.0,1.0,0.0,0.0,0.0,1.0,0,0.0,0.0,0.0,0.0,0.23540487344273128,4,benign
878075,105779250,545756,351459,55805,108697,188596,250554,520896,0,1.5528297753080729,0.1237901090453549,999.0,120.46721521510122,0,0,0,0,0,235130,108,0,0,0,0,0,0,0,0,0,0,0,0,0,0,0,0.0,0.0,0.0,0.0,0.0,2.0020813379503424,70988,37724,3,1.8817728766832786,0.08084503032201122,0.04296216154656493,0.28534464595848874,0.0,0.0,0.0,0.06355379665746093,0.21478347521567065,0.0,0.0,0.0,0.0,0.0,0.0,0.0,0.0,0.0,1.0,0.0,0.0,0.0,1.0,0,0.0,0.0,0.0,0.0,0.28534464595848874,4,benign
883168,99191868,479857,353761,49550,95819,165856,220516,523662,0,1.356444039902646,0.10849464654516468,999.0,112.31370248922062,0,0,0,0,0,220515,108,0,0,0,0,0,0,0,0,0,0,0,0,0,0,0,0.0,0.0,0.0,0.0,0.0,2.000271381750621,62646,33166,3,1.8888620876801543,0.07093327656799159,0.03755344396536106,0.24968748867712598,0.0,0.0,0.0,0.05610484075509982,0.18779665929924996,0.0,0.0,0.0,0.0,0.0,0.0,0.0,0.0,0.0,1.0,0.0,0.0,0.0,1.0,0,0.0,0.0,0.0,0.0,0.24968748867712598,4,benign
875539,98380121,476861,350017,48661,94810,163979,218994,519208,0,1.3623938265855657,0.10828758056465788,999.0,112.365207032468,0,0,0,0,0,218991,108,0,0,0,0,0,0,0,0,0,0,0,0,0,0,0,0.0,0.0,0.0,0.0,0.0,1.999915624274896,62010,32797,3,1.8907217123517395,0.0708249432635211,0.03745921084040802,0.2501247802782058,0.0,0.0,0.0,0.05557833517410418,0.1872892012805826,0.0,0.0,0.0,0.0,0.0,0.0,0.0,0.0,0.0,1.0,0.0,0.0,0.0,1.0,0,0.0,0.0,0.0,0.0,0.2501247802782058,4,benign
878080,98739275,479281,350808,47991,95046,164190,219842,521025,0,1.3662202686369753,0.10824298469387755,999.0,112.44906500546647,0,0,0,0,0,219858,108,0,0,0,0,0,0,0,0,0,0,0,0,0,0,0,0.0,0.0,0.0,0.0,0.0,1.9999158337716991,62209,32832,3,1.8947673001949317,0.07084661989795918,0.03739067055393586,0.2503667091836735,0.0,0.0,0.0,0.05465447339650146,0.18698751822157433,0.0,0.0,0.0,0.0,0.0,0.0,0.0,0.0,0.0,1.0,0.0,0.0,0.0,1.0,0,0.0,0.0,0.0,0.0,0.2503667091836735,4,benign
875214,98505660,476956,350542,47721,94940,164269,218426,519775,0,1.3606244044936127,0.10847632693261305,999.0,112.55037053794844,0,0,0,0,0,218403,108,0,0,0,0,0,0,0,0,0,0,0,0,0,0,0,0.0,0.0,0.0,0.0,0.0,1.9999157398045164,62091,32860,3,1.889561777236762,0.07094379203257717,0.03754510325474684,0.2495686769178738,0.0,0.0,0.0,0.054524950469256664,0.1876900963650033,0.0,0.0,0.0,0.0,0.0,0.0,0.0,0.0,0.0,1.0,0.0,0.0,0.0,1.0,0,0.0,0.0,0.0,0.0,0.2495686769178738,4,benign
880922,98879874,478755,352789,49378,95561,165345,220166,522153,0,1.3570576180096319,0.10847838968716868,999.0,112.24589010150729,0,0,0,0,0,220166,108,0,0,0,0,0,0,0,0,0,0,0,0,0,0,0,0.0,0.0,0.0,0.0,0.0,2.0000627890914418,62487,33069,3,1.8895944842601833,0.07093363544104926,0.03753907837470287,0.24992678125872667,0.0,0.0,0.0,0.05605263576116841,0.18769539187351433,0.0,0.0,0.0,0.0,0.0,0.0,0.0,0.0,0.0,1.0,0.0,0.0,0.0,1.0,0,0.0,0.0,0.0,0.0,0.24992678125872667,4,benign
877568,98619354,478125,350818,48625,95002,164540,219577,520367,0,1.362886168896693,0.10825599839556593,999.0,112.378019709014,0,0,0,0,0,219585,108,0,0,0,0,0,0,0,0,0,0,0,0,0,0,0,0.0,0.0,0.0,0.0,0.0,2.000126321108257,62091,32908,3,1.8868056399659656,0.07075349146732789,0.03749908838973162,0.2502108098745624,0.0,0.0,0.0,0.05540881162485414,0.1874954419486581,0.0,0.0,0.0,0.0,0.0,0.0,0.0,0.0,0.0,1.0,0.0,0.0,0.0,1.0,0,0.0,0.0,0.0,0.0,0.2502108098745624,4,benign
872448,98064744,475030,348722,48696,94405,163732,218094,517299,0,1.362202556764414,0.10820702208039906,999.0,112.40182108274648,0,0,0,0,0,218096,108,0,0,0,0,0,0,0,0,0,0,0,0,0,0,0,0.0,0.0,0.0,0.0,0.0,1.9998517137651994,61664,32750,3,1.8828702290076336,0.07067928403755869,0.03753805384389671,0.2499793683978873,0.0,0.0,0.0,0.05581536091549296,0.1876696376173709,0.0,0.0,0.0,0.0,0.0,0.0,0.0,0.0,0.0,1.0,0.0,0.0,0.0,1.0,0,0.0,0.0,0.0,0.0,0.2499793683978873,4,benign
871936,97914462,474557,348979,48400,94561,163221,218108,517069,0,1.3598440020746234,0.10844947335584262,999.0,112.2954689334997,0,0,0,0,0,218098,108,0,0,0,0,0,0,0,0,0,0,0,0,0,0,0,0.0,0.0,0.0,0.0,0.0,2.000148063540411,61912,32640,3,1.896813725490196,0.07100521139166177,0.03743394010569583,0.25014221227246036,0.0,0.0,0.0,0.0555086611861421,0.18719378486494423,0.0,0.0,0.0,0.0,0.0,0.0,0.0,0.0,0.0,1.0,0.0,0.0,0.0,1.0,0,0.0,0.0,0.0,0.0,0.25014221227246036,4,benign
877568,98516407,476225,351312,50031,95131,164808,219000,520062,0,1.355561438265701,0.10840299555134189,999.0,112.2607102811406,0,0,0,0,0,219007,108,0,0,0,0,0,0,0,0,0,0,0,0,0,0,0,0.0,0.0,0.0,0.0,0.0,2.000105123730631,62168,32957,3,1.8863367418150925,0.07084123395565928,0.03755492451866978,0.24955331096849476,0.0,0.0,0.0,0.057010966671528586,0.18780083138856477,0.0,0.0,0.0,0.0,0.0,0.0,0.0,0.0,0.0,1.0,0.0,0.0,0.0,1.0,0,0.0,0.0,0.0,0.0,0.24955331096849476,4,benign
877499,98849808,478715,351274,47510,95135,164673,219100,521208,0,1.362796563366489,0.10841607796704042,999.0,112.64948222163216,0,0,0,0,0,219099,108,0,0,0,0,0,0,0,0,0,0,0,0,0,0,0,0.0,0.0,0.0,0.0,0.0,1.9998948917384907,62203,32937,3,1.888544797643987,0.07088669046916293,0.037535085510068955,0.2496868942300789,0.0,0.0,0.0,0.05414251184331834,0.18766175232108526,0.0,0.0,0.0,0.0,0.0,0.0,0.0,0.0,0.0,1.0,0.0,0.0,0.0,1.0,0,0.0,0.0,0.0,0.0,0.2496868942300789,4,benign
1141610,114006490,550546,457714,58647,110446,191354,253639,677008,0,1.202816606002875,0.09674582388030939,999.0,99.86465605592102,0,0,0,0,0,253710,108,0,0,0,0,0,0,0,0,0,0,0,0,0,0,0,0.0,0.0,0.0,0.0,0.0,1.9996741019698725,72166,38268,3,1.8858053726350998,0.06321423253124972,0.03352107987841732,0.22217657518767356,0.0,0.0,0.0,0.0513721848967686,0.16761766277450268,0.0,0.0,0.0,0.0,0.0,0.0,0.0,0.0,0.0,1.0,0.0,0.0,0.0,1.0,0,0.0,0.0,0.0,0.0,0.22217657518767356,4,benign
869420,97779951,475076,346412,47932,93835,162229,217826,515811,0,1.3714190039606018,0.10792827402176164,999.0,112.46572542614616,0,0,0,0,0,217824,108,0,0,0,0,0,0,0,0,0,0,0,0,0,0,0,0.0,0.0,0.0,0.0,0.0,1.999978686218509,61396,32449,3,1.8920767974359765,0.0706171930712429,0.037322582871339514,0.2505417404706586,0.0,0.0,0.0,0.055131006878148654,0.18659451128338433,0.0,0.0,0.0,0.0,0.0,0.0,0.0,0.0,0.0,1.0,0.0,0.0,0.0,1.0,0,0.0,0.0,0.0,0.0,0.2505417404706586,4,benign
1063574,112857373,547410,424788,55504,108694,187780,251210,630655,0,1.2886663465069634,0.10219693223038548,999.0,106.11144405560873,0,0,0,0,0,235592,108,0,0,0,0,0,0,0,0,0,0,0,0,0,0,0,0.0,0.0,0.0,0.0,0.0,2.002690054169584,71140,37558,3,1.894137068001491,0.06688768247437414,0.03531301066028316,0.23619419053117133,0.0,0.0,0.0,0.05218630767581758,0.17655565104073623,0.0,0.0,0.0,0.0,0.0,0.0,0.0,0.0,0.0,1.0,0.0,0.0,0.0,1.0,0,0.0,0.0,0.0,0.0,0.23619419053117133,4,benign
884234,99446003,482298,353375,48561,95705,165733,221245,524572,0,1.3648333922886453,0.10823492423951125,999.0,112.46570817227114,0,0,0,0,0,221247,108,0,0,0,0,0,0,0,0,0,0,0,0,0,0,0,0.0,0.0,0.0,0.0,0.0,2.000271705053714,62550,33148,3,1.8869916737058043,0.07073919347141142,0.03748781431159625,0.25021091701970294,0.0,0.0,0.0,0.05491872061015523,0.18743115510147768,0.0,0.0,0.0,0.0,0.0,0.0,0.0,0.0,0.0,1.0,0.0,0.0,0.0,1.0,0,0.0,0.0,0.0,0.0,0.25021091701970294,4,benign
935377,112071948,543090,374297,54848,108116,186848,249086,555441,0,1.450960066471278,0.11558548050679031,999.0,119.81473566273279,0,0,0,0,0,249296,108,0,0,0,0,0,0,0,0,0,0,0,0,0,0,0,0.0,0.0,0.0,0.0,0.0,2.0002220084363205,70745,37363,3,1.893450740036935,0.07563260589045914,0.03994432191512085,0.2662947667090382,0.0,0.0,0.0,0.058637319497913676,0.19975688946809683,0.0,0.0,0.0,0.0,0.0,0.0,0.0,0.0,0.0,1.0,0.0,0.0,0.0,1.0,0,0.0,0.0,0.0,0.0,0.2662947667090382,4,benign
877568,98693354,477492,351774,48302,95257,165001,219150,520644,0,1.3573828651350015,0.10854657416861144,999.0,112.46234365883898,0,0,0,0,0,219144,108,0,0,0,0,0,0,0,0,0,0,0,0,0,0,0,0.0,0.0,0.0,0.0,0.0,1.999979004388083,62259,33001,3,1.8865791945698616,0.07094492962368729,0.03760506308343057,0.24972423789381565,0.0,0.0,0.0,0.0550407489789965,0.18802075736581098,0.0,0.0,0.0,0.0,0.0,0.0,0.0,0.0,0.0,1.0,0.0,0.0,0.0,1.0,0,0.0,0.0,0.0,0.0,0.24972423789381565,4,benign
874427,98175856,476206,349290,48931,94615,163658,218876,518310,0,1.3633542328723982,0.10820228561103443,999.0,112.2745020453394,0,0,0,0,0,218877,108,0,0,0,0,0,0,0,0,0,0,0,0,0,0,0,0.0,0.0,0.0,0.0,0.0,1.9998943140984993,61886,32729,3,1.890861315652785,0.07077320348067935,0.037429082130355076,0.25030791592665824,0.0,0.0,0.0,0.05595778721379829,0.18716027753031414,0.0,0.0,0.0,0.0,0.0,0.0,0.0,0.0,0.0,1.0,0.0,0.0,0.0,1.0,0,0.0,0.0,0.0,0.0,0.25030791592665824,4,benign
939025,98483449,476571,376143,49458,95155,164789,219266,556676,0,1.2669942016732998,0.1013338303027076,999.0,104.87841005298048,0,0,0,0,0,219269,108,0,0,0,0,0,0,0,0,0,0,0,0,0,0,0,0.0,0.0,0.0,0.0,0.0,1.9999369469724038,62197,32960,3,1.8870449029126213,0.06623572322355635,0.035100236947898086,0.23350390032214266,0.0,0.0,0.0,0.05266952424056868,0.17548947046138283,0.0,0.0,0.0,0.0,0.0,0.0,0.0,0.0,0.0,1.0,0.0,0.0,0.0,1.0,0,0.0,0.0,0.0,0.0,0.23350390032214266,4,benign
1006001,106183459,514706,402481,51206,102218,177060,235735,597312,0,1.2788330380813007,0.10160824889836094,999.0,105.55005313115991,0,0,0,0,0,235896,108,0,0,0,0,0,0,0,0,0,0,0,0,0,0,0,0.0,0.0,0.0,0.0,0.0,2.0012921920275666,66805,35416,3,1.8862943302462163,0.06640649462575086,0.03520473637700161,0.23432879291372474,0.0,0.0,0.0,0.050900545824507135,0.17600380118906442,0.0,0.0,0.0,0.0,0.0,0.0,0.0,0.0,0.0,1.0,0.0,0.0,0.0,1.0,0,0.0,0.0,0.0,0.0,0.23432879291372474,4,benign
872960,97716678,472442,349258,51260,94631,163420,218115,516533,0,1.3527020139839316,0.10840244684750733,999.0,111.93717696114369,0,0,0,0,0,218115,108,0,0,0,0,0,0,0,0,0,0,0,0,0,0,0,0.0,0.0,0.0,0.0,0.0,1.9999788655000423,61945,32686,3,1.8951538885149606,0.0709597232404692,0.037442723607038125,0.2498568090175953,0.0,0.0,0.0,0.05871975806451613,0.18720216275659823,0.0,0.0,0.0,0.0,0.0,0.0,0.0,0.0,0.0,1.0,0.0,0.0,0.0,1.0,0,0.0,0.0,0.0,0.0,0.2498568090175953,4,benign
880640,99005065,478825,353007,48808,95598,165575,219897,522309,0,1.3564178614021818,0.10855514171511628,999.0,112.42399277797965,0,0,0,0,0,219899,108,0,0,0,0,0,0,0,0,0,0,0,0,0,0,0,0.0,0.0,0.0,0.0,0.0,2.0,62479,33110,3,1.887012987012987,0.070947265625,0.03759765625,0.2497013535610465,0.0,0.0,0.0,0.055423328488372094,0.18801666969476744,0.0,0.0,0.0,0.0,0.0,0.0,0.0,0.0,0.0,1.0,0.0,0.0,0.0,1.0,0,0.0,0.0,0.0,0.0,0.2497013535610465,4,benign
878486,98787756,478259,351709,48521,95260,164786,219428,521275,0,1.3598145057419628,0.10843656017284282,999.0,112.45228267724244,0,0,0,0,0,219432,108,0,0,0,0,0,0,0,0,0,0,0,0,0,0,0,0.0,0.0,0.0,0.0,0.0,2.0000839842109683,62310,32959,3,1.8905306593039837,0.0709288480408339,0.03751795703061859,0.24977973467989245,0.0,0.0,0.0,0.0552325250487771,0.18757954025448328,0.0,0.0,0.0,0.0,0.0,0.0,0.0,0.0,0.0,1.0,0.0,0.0,0.0,1.0,0,0.0,0.0,0.0,0.0,0.24977973467989245,4,benign
1069669,120150169,582250,428098,58537,115688,200169,267149,635050,0,1.36008577475251,0.10815308286956059,999.0,112.32462472035742,0,0,0,0,0,266957,108,0,0,0,0,0,0,0,0,0,0,0,0,0,0,0,0.0,0.0,0.0,0.0,0.0,2.000518770858912,75651,40037,3,1.8895271873516997,0.07072374725265479,0.03742933561690579,0.2497492214881426,0.0,0.0,0.0,0.054724405400175195,0.18713172018633803,0.0,0.0,0.0,0.0,0.0,0.0,0.0,0.0,0.0,1.0,0.0,0.0,0.0,1.0,0,0.0,0.0,0.0,0.0,0.2497492214881426,4,benign
936455,105264383,509978,374610,51867,101481,175520,233834,555637,0,1.3613571447638877,0.10836719329812965,999.0,112.40730520954024,0,0,0,0,0,234046,108,0,0,0,0,0,0,0,0,0,0,0,0,0,0,0,0.0,0.0,0.0,0.0,0.0,1.9996256157635468,66386,35110,3,1.8908003417829677,0.07089075289255757,0.03749245826014064,0.24970126701229636,0.0,0.0,0.0,0.05538653752716361,0.18743025559156606,0.0,0.0,0.0,0.0,0.0,0.0,0.0,0.0,0.0,1.0,0.0,0.0,0.0,1.0,0,0.0,0.0,0.0,0.0,0.24970126701229636,4,benign
939471,105544094,511335,375766,52370,101841,175991,234940,557606,0,1.3607803792785935,0.1084024945953627,999.0,112.3441745407788,0,0,0,0,0,234453,108,0,0,0,0,0,0,0,0,0,0,0,0,0,0,0,0.0,0.0,0.0,0.0,0.0,1.9989597032209945,66628,35181,3,1.893863164776442,0.07092076285484065,0.037447670018552995,0.25007690498163326,0.0,0.0,0.0,0.05574413685999887,0.18732989097055683,0.0,0.0,0.0,0.0,0.0,0.0,0.0,0.0,0.0,1.0,0.0,0.0,0.0,1.0,0,0.0,0.0,0.0,0.0,0.25007690498163326,4,benign
933113,104831886,507907,373412,51794,101129,175060,233292,553627,0,1.3601785695157091,0.10837808496934455,999.0,112.34639963219888,0,0,0,0,0,233123,108,0,0,0,0,0,0,0,0,0,0,0,0,0,0,0,0.0,0.0,0.0,0.0,0.0,2.0013259187429497,66122,35023,3,1.8879593410044828,0.07086172842946138,0.03753350344492039,0.2500147356215164,0.0,0.0,0.0,0.055506674968626525,0.18760857473853648,0.0,0.0,0.0,0.0,0.0,0.0,0.0,0.0,0.0,1.0,0.0,0.0,0.0,1.0,0,0.0,0.0,0.0,0.0,0.2500147356215164,4,benign
880640,98971952,480294,351838,48508,95303,164818,220478,522341,0,1.365099847088717,0.10822015806686046,999.0,112.38639171511628,0,0,0,0,0,220470,108,0,0,0,0,0,0,0,0,0,0,0,0,0,0,0,0.0,0.0,0.0,0.0,0.0,2.0001888891220854,62341,32961,3,1.8913564515639696,0.07079056140988373,0.037428461119186046,0.25036110101744186,0.0,0.0,0.0,0.05508266715116279,0.1871570675872093,0.0,0.0,0.0,0.0,0.0,0.0,0.0,0.0,0.0,1.0,0.0,0.0,0.0,1.0,0,0.0,0.0,0.0,0.0,0.25036110101744186,4,benign
877568,98468557,476547,351401,49620,95217,164424,219217,520151,0,1.3561344446942383,0.10850099365519253,999.0,112.20618459196325,0,0,0,0,0,219216,108,0,0,0,0,0,0,0,0,0,0,0,0,0,0,0,0.0,0.0,0.0,0.0,0.0,2.000189059742879,62326,32887,3,1.8951561407242983,0.07102127698366395,0.037475158620186695,0.2498005852537923,0.0,0.0,0.0,0.05654262689614936,0.1873632584597433,0.0,0.0,0.0,0.0,0.0,0.0,0.0,0.0,0.0,1.0,0.0,0.0,0.0,1.0,0,0.0,0.0,0.0,0.0,0.2498005852537923,4,benign
880565,98881900,478571,352265,49729,95370,165383,220110,521744,0,1.358553929570068,0.1083054629697978,999.0,112.29369779630125,0,0,0,0,0,220120,108,0,0,0,0,0,0,0,0,0,0,0,0,0,0,0,0.0,0.0,0.0,0.0,0.0,1.9993291545250624,62301,33078,3,1.8834572827861418,0.07075116544491321,0.0375645182354511,0.24996451142164405,0.0,0.0,0.0,0.05647396841800435,0.18781464173570378,0.0,0.0,0.0,0.0,0.0,0.0,0.0,0.0,0.0,1.0,0.0,0.0,0.0,1.0,0,0.0,0.0,0.0,0.0,0.24996451142164405,4,benign
912985,116422199,565244,364350,57415,112003,193519,259898,540706,0,1.5513764237683545,0.1226778096025674,999.0,127.51819471294709,0,0,0,0,0,259683,108,0,0,0,0,0,0,0,0,0,0,0,0,0,0,0,0.0,0.0,0.0,0.0,0.0,1.9959547358103893,73298,38696,3,1.8942009510026876,0.0802839038976544,0.042384047930688895,0.28466842281088955,0.0,0.0,0.0,0.0628871230085927,0.21196295667508228,0.0,0.0,0.0,0.0,0.0,0.0,0.0,0.0,0.0,1.0,0.0,0.0,0.0,1.0,0,0.0,0.0,0.0,0.0,0.28466842281088955,4,benign
882176,99178114,479649,353599,48928,95760,165980,220263,523194,0,1.3564772524809177,0.10854976784677887,999.0,112.42440737449216,0,0,0,0,0,220259,108,0,0,0,0,0,0,0,0,0,0,0,0,0,0,0,0.0,0.0,0.0,0.0,0.0,2.0002924404152655,62553,33205,3,1.8838427947598253,0.07090761934126523,0.03763988138421358,0.24968146945734185,0.0,0.0,0.0,0.05546285548461985,0.1881483966918166,0.0,0.0,0.0,0.0,0.0,0.0,0.0,0.0,0.0,1.0,0.0,0.0,0.0,1.0,0,0.0,0.0,0.0,0.0,0.24968146945734185,4,benign
878592,98746668,478367,351423,48802,95194,164504,219590,521192,0,1.3612284910207926,0.10834835737179487,999.0,112.39194984702797,0,0,0,0,0,219585,108,0,0,0,0,0,0,0,0,0,0,0,0,0,0,0,0.0,0.0,0.0,0.0,0.0,1.999705907066633,62303,32891,3,1.8942263841172358,0.0709123233537296,0.03743603401806527,0.24993398528554778,0.0,0.0,0.0,0.055545691287878785,0.18723594114219114,0.0,0.0,0.0,0.0,0.0,0.0,0.0,0.0,0.0,1.0,0.0,0.0,0.0,1.0,0,0.0,0.0,0.0,0.0,0.24993398528554778,4,benign
878424,98780386,478814,351172,48439,95135,164536,219631,521199,0,1.3634743088856742,0.10830191342677341,999.0,112.45182964035591,0,0,0,0,0,219632,108,0,0,0,0,0,0,0,0,0,0,0,0,0,0,0,0.0,0.0,0.0,0.0,0.0,2.0001471701286686,62218,32910,3,1.8905499848070495,0.07082912124441045,0.03746482336548182,0.2500284600602898,0.0,0.0,0.0,0.05514307441508884,0.1873081791936468,0.0,0.0,0.0,0.0,0.0,0.0,0.0,0.0,0.0,1.0,0.0,0.0,0.0,1.0,0,0.0,0.0,0.0,0.0,0.2500284600602898,4,benign
870546,104917701,508717,348324,51269,101135,174780,233425,516475,0,1.4604707111769502,0.11617421710053231,999.0,120.51942229359506,0,0,0,0,0,233496,108,0,0,0,0,0,0,0,0,0,0,0,0,0,0,0,0.0,0.0,0.0,0.0,0.0,1.999150012848643,66187,34954,3,1.8935458030554444,0.07602929655641402,0.04015181277037629,0.2681363190457483,0.0,0.0,0.0,0.058892924670264406,0.2007705508956448,0.0,0.0,0.0,0.0,0.0,0.0,0.0,0.0,0.0,1.0,0.0,0.0,0.0,1.0,0,0.0,0.0,0.0,0.0,0.2681363190457483,4,benign
875270,98384732,476611,350350,48309,94916,164072,218752,519292,0,1.3603853289567576,0.10844196647891508,999.0,112.40500874016018,0,0,0,0,0,218744,108,0,0,0,0,0,0,0,0,0,0,0,0,0,0,0,0.0,0.0,0.0,0.0,0.0,1.9999157184997893,62099,32818,3,1.8922237796331283,0.0709483930672821,0.03749471591623156,0.24992516594879294,0.0,0.0,0.0,0.05519325465284998,0.18745301449838336,0.0,0.0,0.0,0.0,0.0,0.0,0.0,0.0,0.0,1.0,0.0,0.0,0.0,1.0,0,0.0,0.0,0.0,0.0,0.24992516594879294,4,benign
945982,106173037,549014,378457,56078,109284,177053,236151,561646,0,1.450664144143192,0.11552439687013072,999.0,112.23578989875071,0,0,0,0,0,236298,108,0,0,0,0,0,0,0,0,0,0,0,0,0,0,0,0.0,0.0,0.0,0.0,0.0,2.00322616123474,66959,35416,3,1.8906426473910096,0.07078253074582815,0.03743834449281276,0.24963582816586363,0.0,0.0,0.0,0.05928019772046403,0.1871631806947701,0.0,0.0,0.0,0.0,0.0,0.0,0.0,0.0,0.0,1.0,0.0,0.0,0.0,1.0,0,0.0,0.0,0.0,0.0,0.24963582816586363,4,benign
1191055,112371769,578900,476013,59860,114996,187755,249818,706973,0,1.2161432565917318,0.09654969753705749,999.0,94.34641473315673,0,0,0,0,0,249711,108,0,0,0,0,0,0,0,0,0,0,0,0,0,0,0,0.0,0.0,0.0,0.0,0.0,2.0035891628190607,70531,37552,3,1.878222198551342,0.05921724857374345,0.03152835091578474,0.2097451419120024,0.0,0.0,0.0,0.05025796457762236,0.15763755661997136,0.0,0.0,0.0,0.0,0.0,0.0,0.0,0.0,0.0,1.0,0.0,0.0,0.0,1.0,0,0.0,0.0,0.0,0.0,0.2097451419120024,4,benign
878080,98560664,478006,350928,49146,95046,164447,219727,520480,0,1.3621198650435418,0.10824298469387755,999.0,112.24565415451895,0,0,0,0,0,219721,108,0,0,0,0,0,0,0,0,0,0,0,0,0,0,0,0.0,0.0,0.0,0.0,0.0,2.000042085770801,62156,32893,3,1.88964217310674,0.0707862609329446,0.03746014030612245,0.2502357416180758,0.0,0.0,0.0,0.05596984329446064,0.18728020225947523,0.0,0.0,0.0,0.0,0.0,0.0,0.0,0.0,0.0,1.0,0.0,0.0,0.0,1.0,0,0.0,0.0,0.0,0.0,0.2502357416180758,4,benign
1000029,105489296,476797,399859,48556,94793,176457,234931,592459,0,1.1924128255209963,0.0947902510827186,999.0,105.48623689912992,0,0,0,0,0,250159,108,0,0,0,0,0,0,0,0,0,0,0,0,0,0,0,0.0,0.0,0.0,0.0,0.0,1.9998101305879623,66465,35296,3,1.883074569356301,0.06646307257089544,0.03529497644568307,0.23492418719857125,0.0,0.0,0.0,0.048554591916834415,0.17645188289539604,0.0,0.0,0.0,0.0,0.0,0.0,0.0,0.0,0.0,1.0,0.0,0.0,0.0,1.0,0,0.0,0.0,0.0,0.0,0.23492418719857125,4,benign
873472,97937691,474142,348975,50355,94505,163706,218344,517216,0,1.3586703918618812,0.10819465306271982,999.0,112.12459128626905,0,0,0,0,0,218352,108,0,0,0,0,0,0,0,0,0,0,0,0,0,0,0,0.0,0.0,0.0,0.0,0.0,2.0003174939147,61755,32732,3,1.8866858120493706,0.07070060631594373,0.03747343933177022,0.24997252344665885,0.0,0.0,0.0,0.05764924347889801,0.187419860052755,0.0,0.0,0.0,0.0,0.0,0.0,0.0,0.0,0.0,1.0,0.0,0.0,0.0,1.0,0,0.0,0.0,0.0,0.0,0.24997252344665885,4,benign
883662,99279769,480542,353559,49561,95733,165899,220828,523828,0,1.3591564632776991,0.10833667171384534,999.0,112.35038849695924,0,0,0,0,0,220821,108,0,0,0,0,0,0,0,0,0,0,0,0,0,0,0,0.0,0.0,0.0,0.0,0.0,1.9998537706287862,62558,33183,3,1.8852424434198234,0.07079403663391659,0.03755168831521555,0.2499009802390507,0.0,0.0,0.0,0.05608592425610697,0.18774033510550414,0.0,0.0,0.0,0.0,0.0,0.0,0.0,0.0,0.0,1.0,0.0,0.0,0.0,1.0,0,0.0,0.0,0.0,0.0,0.2499009802390507,4,benign
1066833,112817775,546078,427044,55713,108797,188670,250404,632408,0,1.2787394273189647,0.10198128479340253,999.0,105.75017364479726,0,0,0,0,0,250768,108,0,0,0,0,0,0,0,0,0,0,0,0,0,0,0,0.0,0.0,0.0,0.0,0.0,2.00101156866712,71056,37737,3,1.8829265707395924,0.06660461384302885,0.035372921535048125,0.23471714879460984,0.0,0.0,0.0,0.05222279400805937,0.17685054736776984,0.0,0.0,0.0,0.0,0.0,0.0,0.0,0.0,0.0,1.0,0.0,0.0,0.0,1.0,0,0.0,0.0,0.0,0.0,0.23471714879460984,4,benign
875520,98415297,477101,350243,48176,94896,163927,218943,519478,0,1.3621999583146558,0.10838815789473684,999.0,112.40782277960527,0,0,0,0,0,218935,108,0,0,0,0,0,0,0,0,0,0,0,0,0,0,0,0.0,0.0,0.0,0.0,0.0,1.9999157007376185,62112,32784,3,1.8945827232796486,0.07094298245614035,0.03744517543859649,0.2500719572368421,0.0,0.0,0.0,0.05502558479532164,0.18723387244152045,0.0,0.0,0.0,0.0,0.0,0.0,0.0,0.0,0.0,1.0,0.0,0.0,0.0,1.0,0,0.0,0.0,0.0,0.0,0.2500719572368421,4,benign
878080,98786091,478279,351290,48511,95123,164718,219281,521087,0,1.361493353070113,0.10833067602040816,999.0,112.50238133199709,0,0,0,0,0,219279,108,0,0,0,0,0,0,0,0,0,0,0,0,0,0,0,0.0,0.0,0.0,0.0,0.0,1.99981078921919,62185,32947,3,1.8874252587488998,0.07081928753644315,0.037521638119533525,0.24972781523323614,0.0,0.0,0.0,0.055246674562682216,0.1875888301749271,0.0,0.0,0.0,0.0,0.0,0.0,0.0,0.0,0.0,1.0,0.0,0.0,0.0,1.0,0,0.0,0.0,0.0,0.0,0.24972781523323614,4,benign
876544,98525982,477580,350650,48314,94953,164512,219244,519873,0,1.3619848852131755,0.10832656432535047,999.0,112.40277955242406,0,0,0,0,0,219235,108,0,0,0,0,0,0,0,0,0,0,0,0,0,0,0,0.0,0.0,0.0,0.0,0.0,2.0002738571729513,62048,32903,3,1.88578549068474,0.07078709112149532,0.03753719151577103,0.25012321115654207,0.0,0.0,0.0,0.05511873904789719,0.18768253504672897,0.0,0.0,0.0,0.0,0.0,0.0,0.0,0.0,0.0,1.0,0.0,0.0,0.0,1.0,0,0.0,0.0,0.0,0.0,0.25012321115654207,4,benign
876032,98496607,476209,351695,48128,95286,164642,218512,519963,0,1.3540397219181393,0.10876999926943308,999.0,112.43494187426943,0,0,0,0,0,218527,108,0,0,0,0,0,0,0,0,0,0,0,0,0,0,0,0.0,0.0,0.0,0.0,0.0,2.0,62355,32920,3,1.8941373025516404,0.07117890670660433,0.03757853594389246,0.24943381063705436,0.0,0.0,0.0,0.05493863237872589,0.1879406231735827,0.0,0.0,0.0,0.0,0.0,0.0,0.0,0.0,0.0,1.0,0.0,0.0,0.0,1.0,0,0.0,0.0,0.0,0.0,0.24943381063705436,4,benign
877568,98630612,478432,350553,48583,94932,164357,219583,520495,0,1.3647921997529617,0.10817623249708284,999.0,112.39084834451575,0,0,0,0,0,219574,108,0,0,0,0,0,0,0,0,0,0,0,0,0,0,0,0.0,0.0,0.0,0.0,0.0,2.0,62064,32876,3,1.887820902786227,0.07072272462077013,0.0374626239789965,0.2502176469515753,0.0,0.0,0.0,0.055360952085764296,0.18728691109976664,0.0,0.0,0.0,0.0,0.0,0.0,0.0,0.0,0.0,1.0,0.0,0.0,0.0,1.0,0,0.0,0.0,0.0,0.0,0.2502176469515753,4,benign
872448,97952444,474916,348202,49330,94313,162995,218362,517022,0,1.3639094548566637,0.10810157166960094,999.0,112.27310280956573,0,0,0,0,0,218362,108,0,0,0,0,0,0,0,0,0,0,0,0,0,0,0,0.0,0.0,0.0,0.0,0.0,1.9998939756992302,61717,32598,3,1.893275661083502,0.07074003264377934,0.037363831426056336,0.25028655002934275,0.0,0.0,0.0,0.0565420517899061,0.18682488813086853,0.0,0.0,0.0,0.0,0.0,0.0,0.0,0.0,0.0,1.0,0.0,0.0,0.0,1.0,0,0.0,0.0,0.0,0.0,0.25028655002934275,4,benign
877056,98446940,477118,350474,49464,94925,164435,219422,519690,0,1.3613506280066425,0.10823140141564506,999.0,112.24704009778166,0,0,0,0,0,219426,108,0,0,0,0,0,0,0,0,0,0,0,0,0,0,0,0.0,0.0,0.0,0.0,0.0,1.9999789309567453,62034,32886,3,1.8863346104725416,0.07072980516637478,0.03749589535901927,0.2501801481319323,0.0,0.0,0.0,0.05639776707530648,0.18748517768534734,0.0,0.0,0.0,0.0,0.0,0.0,0.0,0.0,0.0,1.0,0.0,0.0,0.0,1.0,0,0.0,0.0,0.0,0.0,0.2501801481319323,4,benign
879616,98711928,477511,352065,50040,95370,164916,219684,521249,0,1.3563148850354338,0.10842231155413272,999.0,112.22161488649593,0,0,0,0,0,219686,108,0,0,0,0,0,0,0,0,0,0,0,0,0,0,0,0.0,0.0,0.0,0.0,0.0,2.0000838873393034,62381,32985,3,1.8911929664999243,0.07091844623108265,0.03749931788416764,0.24974989086146682,0.0,0.0,0.0,0.056888460419091964,0.18748635768335273,0.0,0.0,0.0,0.0,0.0,0.0,0.0,0.0,0.0,1.0,0.0,0.0,0.0,1.0,0,0.0,0.0,0.0,0.0,0.24974989086146682,4,benign
880640,98916321,479982,351596,49063,95244,164628,220418,522239,0,1.365152049511371,0.1081531613372093,999.0,112.32322061228197,0,0,0,0,0,220410,108,0,0,0,0,0,0,0,0,0,0,0,0,0,0,0,0.0,0.0,0.0,0.0,0.0,2.0,62321,32923,3,1.892931992831759,0.07076785065406976,0.037385310683139536,0.25029296875,0.0,0.0,0.0,0.055712890625,0.18694131540697675,0.0,0.0,0.0,0.0,0.0,0.0,0.0,0.0,0.0,1.0,0.0,0.0,0.0,1.0,0,0.0,0.0,0.0,0.0,0.25029296875,4,benign
1004557,98904926,479415,402351,47685,95294,165228,219822,596014,0,1.191534257402119,0.09486171516399766,999.0,98.45626081944579,0,0,0,0,0,219816,108,0,0,0,0,0,0,0,0,0,0,0,0,0,0,0,0.0,0.0,0.0,0.0,0.0,2.000041976241447,62252,33050,3,1.88357034795764,0.061969604512237736,0.0329000743611363,0.21882481531660225,0.0,0.0,0.0,0.047468685201536596,0.16447847160489648,0.0,0.0,0.0,0.0,0.0,0.0,0.0,0.0,0.0,1.0,0.0,0.0,0.0,1.0,0,0.0,0.0,0.0,0.0,0.21882481531660225,4,benign
873984,98218454,475714,349825,48445,94735,163981,218444,518366,0,1.3598627885371257,0.1083944328500293,999.0,112.38015112404804,0,0,0,0,0,218444,108,0,0,0,0,0,0,0,0,0,0,0,0,0,0,0,0.0,0.0,0.0,0.0,0.0,1.9999366674407313,61945,32798,3,1.8886822367217513,0.07087658355301699,0.037527002782659635,0.24994050234329232,0.0,0.0,0.0,0.05543007652314001,0.18762471624194493,0.0,0.0,0.0,0.0,0.0,0.0,0.0,0.0,0.0,1.0,0.0,0.0,0.0,1.0,0,0.0,0.0,0.0,0.0,0.24994050234329232,4,benign
874896,98347669,475810,350249,48838,94876,164192,218316,519029,0,1.358490673777798,0.10844260346372597,999.0,112.41069681424992,0,0,0,0,0,218337,108,0,0,0,0,0,0,0,0,0,0,0,0,0,0,0,0.0,0.0,0.0,0.0,0.0,2.000084324142002,62026,32838,3,1.8888482855228699,0.07089528355370238,0.037533603994074724,0.2495336588577385,0.0,0.0,0.0,0.05582149192589748,0.1876703059563651,0.0,0.0,0.0,0.0,0.0,0.0,0.0,0.0,0.0,1.0,0.0,0.0,0.0,1.0,0,0.0,0.0,0.0,0.0,0.2495336588577385,4,benign
1066862,112822170,546060,427513,55595,108958,188370,250712,632812,0,1.2772944916294944,0.10212942254949563,999.0,105.75141864646037,0,0,0,0,0,250637,108,0,0,0,0,0,0,0,0,0,0,0,0,0,0,0,0.0,0.0,0.0,0.0,0.0,1.999119314533145,71300,37679,3,1.8923007510815042,0.06683151147946033,0.03531759496542196,0.2349994657228395,0.0,0.0,0.0,0.052110769715295886,0.17656454161831614,0.0,0.0,0.0,0.0,0.0,0.0,0.0,0.0,0.0,1.0,0.0,0.0,0.0,1.0,0,0.0,0.0,0.0,0.0,0.2349994657228395,4,benign
872198,98119548,474627,349239,48332,94609,163677,217659,517584,0,1.3590320668653844,0.10847192953893496,999.0,112.49687341635729,0,0,0,0,0,217666,108,0,0,0,0,0,0,0,0,0,0,0,0,0,0,0,0.0,0.0,0.0,0.0,0.0,1.9999788605855617,61864,32727,3,1.8903046414275675,0.07092884872471618,0.037522443298425356,0.24955228056014803,0.0,0.0,0.0,0.055414022962675905,0.18766037069564478,0.0,0.0,0.0,0.0,0.0,0.0,0.0,0.0,0.0,1.0,0.0,0.0,0.0,1.0,0,0.0,0.0,0.0,0.0,0.24955228056014803,4,benign
875240,98381072,477201,349702,48337,94722,163877,219115,519058,0,1.3645932822803415,0.10822402998034825,999.0,112.40467985923861,0,0,0,0,0,219111,108,0,0,0,0,0,0,0,0,0,0,0,0,0,0,0,0.0,0.0,0.0,0.0,0.0,2.0,61948,32779,3,1.8898685133774673,0.07077830080892099,0.037451441890224396,0.25034847584662495,0.0,0.0,0.0,0.05522713769937389,0.1872366436634523,0.0,0.0,0.0,0.0,0.0,0.0,0.0,0.0,0.0,1.0,0.0,0.0,0.0,1.0,0,0.0,0.0,0.0,0.0,0.25034847584662495,4,benign
998564,98345584,475509,400164,48539,95054,164433,218385,591954,0,1.1882853030257594,0.095190693836349,999.0,98.48701134829615,0,0,0,0,0,218374,108,0,0,0,0,0,0,0,0,0,0,0,0,0,0,0,0.0,0.0,0.0,0.0,0.0,2.0002525199385537,62166,32886,3,1.890348476555373,0.06225539875260875,0.032933292207610126,0.21869905183844,0.0,0.0,0.0,0.048608802240016666,0.16466946535224583,0.0,0.0,0.0,0.0,0.0,0.0,0.0,0.0,0.0,1.0,0.0,0.0,0.0,1.0,0,0.0,0.0,0.0,0.0,0.21869905183844,4,benign
876717,98415258,476373,350750,49594,94983,164660,219070,519488,0,1.3581553813257305,0.10833940712909639,999.0,112.25430555127824,0,0,0,0,0,219077,108,0,0,0,0,0,0,0,0,0,0,0,0,0,0,0,0.0,0.0,0.0,0.0,0.0,1.9998947235440265,62043,32926,3,1.8843163457450038,0.07076741981734129,0.03755601864683815,0.2498753873827016,0.0,0.0,0.0,0.05656785484939838,0.18781431180186994,0.0,0.0,0.0,0.0,0.0,0.0,0.0,0.0,0.0,1.0,0.0,0.0,0.0,1.0,0,0.0,0.0,0.0,0.0,0.2498753873827016,4,benign
880453,98784984,478352,352277,49824,95355,165373,220181,521511,0,1.3578859817700275,0.10830220352477644,999.0,112.19790721367296,0,0,0,0,0,220194,108,0,0,0,0,0,0,0,0,0,0,0,0,0,0,0,0.0,0.0,0.0,0.0,0.0,1.9998951342281879,62290,33077,3,1.883181667019379,0.07074767193705968,0.03756816093533669,0.25007694902510413,0.0,0.0,0.0,0.05658905131790112,0.18782717532906357,0.0,0.0,0.0,0.0,0.0,0.0,0.0,0.0,0.0,1.0,0.0,0.0,0.0,1.0,0,0.0,0.0,0.0,0.0,0.25007694902510413,4,benign
949324,113940559,551094,379851,56694,109789,189946,252854,563196,0,1.450816241105065,0.11564966228600562,999.0,120.0228362497946,0,0,0,0,0,253129,108,0,0,0,0,0,0,0,0,0,0,0,0,0,0,0,0.0,0.0,0.0,0.0,0.0,2.001549624443958,71790,37988,3,1.889807307570812,0.07562223224104732,0.040015842852387594,0.2663516354795623,0.0,0.0,0.0,0.05972039050945726,0.2000855345487947,0.0,0.0,0.0,0.0,0.0,0.0,0.0,0.0,0.0,1.0,0.0,0.0,0.0,1.0,0,0.0,0.0,0.0,0.0,0.2663516354795623,4,benign
998892,105281237,510109,400015,51409,101677,175291,234591,591988,0,1.2752246790745347,0.10178978307965225,999.0,105.39801800394838,0,0,0,0,0,234180,108,0,0,0,0,0,0,0,0,0,0,0,0,0,0,0,0.0,0.0,0.0,0.0,0.0,1.9995870125272868,66625,35049,3,1.900910154355331,0.0666989023838413,0.03508787736812388,0.2348512151463822,0.0,0.0,0.0,0.051466024354985325,0.17548543786515458,0.0,0.0,0.0,0.0,0.0,0.0,0.0,0.0,0.0,1.0,0.0,0.0,0.0,1.0,0,0.0,0.0,0.0,0.0,0.2348512151463822,4,benign
875520,98344069,476102,350982,48436,95057,164554,218761,519202,0,1.3564855177758404,0.10857204861111111,999.0,112.3264676991959,0,0,0,0,0,218747,108,0,0,0,0,0,0,0,0,0,0,0,0,0,0,0,0.0,0.0,0.0,0.0,0.0,1.9999368819692827,62144,32922,3,1.8876131462244092,0.07097953216374268,0.03760279605263158,0.2498640807748538,0.0,0.0,0.0,0.055322551169590645,0.1879500182748538,0.0,0.0,0.0,0.0,0.0,0.0,0.0,0.0,0.0,1.0,0.0,0.0,0.0,1.0,0,0.0,0.0,0.0,0.0,0.2498640807748538,4,benign
884224,99445413,481717,354363,48144,95989,165991,220991,524754,0,1.3593885366135856,0.10855733388824551,999.0,112.4663128347568,0,0,0,0,0,221001,108,0,0,0,0,0,0,0,0,0,0,0,0,0,0,0,0.0,0.0,0.0,0.0,0.0,1.999687513020291,62799,33198,3,1.8916500994035785,0.07102159633757962,0.03754478503184713,0.24992648921540242,0.0,0.0,0.0,0.05444774174869716,0.18772505609438334,0.0,0.0,0.0,0.0,0.0,0.0,0.0,0.0,0.0,1.0,0.0,0.0,0.0,1.0,0,0.0,0.0,0.0,0.0,0.24992648921540242,4,benign
870065,97938862,474855,348023,47188,94251,163086,217583,516528,0,1.3644356838484812,0.10832638940768793,999.0,112.56499456937125,0,0,0,0,0,217577,108,0,0,0,0,0,0,0,0,0,0,0,0,0,0,0,0.0,0.0,0.0,0.0,0.0,2.0001061052988987,61636,32613,3,1.8899211970686536,0.07084068431668898,0.03748340641216461,0.2500767184060961,0.0,0.0,0.0,0.05423502841741709,0.1874411681885836,0.0,0.0,0.0,0.0,0.0,0.0,0.0,0.0,0.0,1.0,0.0,0.0,0.0,1.0,0,0.0,0.0,0.0,0.0,0.2500767184060961,4,benign
876858,98408479,477107,350415,49336,94937,164188,219432,519605,0,1.3615484496953612,0.10826952596657612,999.0,112.22852388870261,0,0,0,0,0,219438,108,0,0,0,0,0,0,0,0,0,0,0,0,0,0,0,0.0,0.0,0.0,0.0,0.0,1.9999789336198361,62094,32846,3,1.8904585033185166,0.07081420252766127,0.03745874474544339,0.25024804472331896,0.0,0.0,0.0,0.056264526297302414,0.18724582543581744,0.0,0.0,0.0,0.0,0.0,0.0,0.0,0.0,0.0,1.0,0.0,0.0,0.0,1.0,0,0.0,0.0,0.0,0.0,0.25024804472331896,4,benign
875520,98408989,476928,349856,48736,94725,164050,218904,519263,0,1.363212293057715,0.10819284539473684,999.0,112.40061791849415,0,0,0,0,0,218913,108,0,0,0,0,0,0,0,0,0,0,0,0,0,0,0,0.0,0.0,0.0,0.0,0.0,1.999683343888537,61928,32814,3,1.8872432498323886,0.0707328216374269,0.037479440789473684,0.25002741228070174,0.0,0.0,0.0,0.05566520467836257,0.18737436038011696,0.0,0.0,0.0,0.0,0.0,0.0,0.0,0.0,0.0,1.0,0.0,0.0,0.0,1.0,0,0.0,0.0,0.0,0.0,0.25002741228070174,4,benign
1004626,98910502,513115,402916,51986,102440,165677,219730,595230,0,1.2735036583307686,0.10196829466886184,999.0,98.45504894358697,0,0,0,0,0,219732,108,0,0,0,0,0,0,0,0,0,0,0,0,0,0,0,0.0,0.0,0.0,0.0,0.0,1.9993364170423717,62431,33129,3,1.884481873886927,0.06214352405770904,0.03297645093796099,0.21871820956256358,0.0,0.0,0.0,0.051746620135254315,0.16491410733944772,0.0,0.0,0.0,0.0,0.0,0.0,0.0,0.0,0.0,1.0,0.0,0.0,0.0,1.0,0,0.0,0.0,0.0,0.0,0.21871820956256358,4,benign
878592,98660986,477693,351795,49104,95291,164869,219543,520896,0,1.3578731931949004,0.10845876129079254,999.0,112.29442790282634,0,0,0,0,0,219542,108,0,0,0,0,0,0,0,0,0,0,0,0,0,0,0,0.0,0.0,0.0,0.0,0.0,1.9996852244349779,62324,32970,3,1.8903245374582953,0.07093622523310024,0.03752595061188811,0.24988049060314685,0.0,0.0,0.0,0.05588942307692308,0.18765137856934733,0.0,0.0,0.0,0.0,0.0,0.0,0.0,0.0,0.0,1.0,0.0,0.0,0.0,1.0,0,0.0,0.0,0.0,0.0,0.24988049060314685,4,benign
870788,97750067,473280,348693,48815,94452,163427,217732,516065,0,1.3572971066238784,0.10846727332025706,999.0,112.25472445646932,0,0,0,0,0,217731,108,0,0,0,0,0,0,0,0,0,0,0,0,0,0,0,0.0,0.0,0.0,0.0,0.0,2.0001694125619416,61756,32686,3,1.8893715964021294,0.07091967275617027,0.03753611671267863,0.2500401934799285,0.0,0.0,0.0,0.05605842064888354,0.1876771384079707,0.0,0.0,0.0,0.0,0.0,0.0,0.0,0.0,0.0,1.0,0.0,0.0,0.0,1.0,0,0.0,0.0,0.0,0.0,0.2500401934799285,4,benign
1190848,134207988,649653,477181,64607,129465,224469,297908,707109,0,1.3614393699665326,0.10871664561724083,999.0,112.69951160853442,0,0,0,0,0,297665,108,0,0,0,0,0,0,0,0,0,0,0,0,0,0,0,0.0,0.0,0.0,0.0,0.0,2.000448097901666,84561,44886,3,1.8839058949338323,0.07100906244961573,0.03769246788842909,0.2501645885956898,0.0,0.0,0.0,0.05425293572311496,0.18849508921373676,0.0,0.0,0.0,0.0,0.0,0.0,0.0,0.0,0.0,1.0,0.0,0.0,0.0,1.0,0,0.0,0.0,0.0,0.0,0.2501645885956898,4,benign
1065408,119480811,578392,425717,61299,115456,198599,266564,630264,0,1.3586302637667746,0.10836787409142788,999.0,112.1455921111912,0,0,0,0,0,266533,108,0,0,0,0,0,0,0,0,0,0,0,0,0,0,0,0.0,0.0,0.0,0.0,0.0,1.995644207833512,75733,39718,3,1.9067677123722242,0.07108356610800745,0.03727961494563585,0.2501989848020664,0.0,0.0,0.0,0.05753570463146513,0.1864065221961915,0.0,0.0,0.0,0.0,0.0,0.0,0.0,0.0,0.0,1.0,0.0,0.0,0.0,1.0,0,0.0,0.0,0.0,0.0,0.2501989848020664,4,benign
879363,98958052,479233,351553,48577,95149,165093,219623,521814,0,1.363188480826504,0.10820218726509985,999.0,112.53379093730348,0,0,0,0,0,219621,108,0,0,0,0,0,0,0,0,0,0,0,0,0,0,0,0.0,0.0,0.0,0.0,0.0,2.000021019884811,62136,33030,3,1.881198910081744,0.0706602392868474,0.03756128015392961,0.2497523775733116,0.0,0.0,0.0,0.05524112340410047,0.1877415811217893,0.0,0.0,0.0,0.0,0.0,0.0,0.0,0.0,0.0,1.0,0.0,0.0,0.0,1.0,0,0.0,0.0,0.0,0.0,0.2497523775733116,4,benign
878805,105743795,512099,351603,51678,102070,176430,234992,521339,0,1.4564693702840987,0.11614635783820074,999.0,120.32680173644893,0,0,0,0,0,235091,108,0,0,0,0,0,0,0,0,0,0,0,0,0,0,0,0.0,0.0,0.0,0.0,0.0,1.9986293322890152,66793,35287,3,1.8928500580950491,0.07600434681186384,0.04015339011498569,0.2673994799756487,0.0,0.0,0.0,0.05880485431921757,0.20076126103060407,0.0,0.0,0.0,0.0,0.0,0.0,0.0,0.0,0.0,1.0,0.0,0.0,0.0,1.0,0,0.0,0.0,0.0,0.0,0.2673994799756487,4,benign
878936,98827993,479742,350698,48496,94959,164599,219993,521388,0,1.3679633188669453,0.10803858301400784,999.0,112.44048827218364,0,0,0,0,0,220003,108,0,0,0,0,0,0,0,0,0,0,0,0,0,0,0,0.0,0.0,0.0,0.0,0.0,2.0001474429185273,62036,32925,3,1.8841609719058465,0.07058079314079752,0.03746006535174347,0.25029467447004106,0.0,0.0,0.0,0.05517580347147005,0.1872707455377866,0.0,0.0,0.0,0.0,0.0,0.0,0.0,0.0,0.0,1.0,0.0,0.0,0.0,1.0,0,0.0,0.0,0.0,0.0,0.25029467447004106,4,benign
879408,98839548,479968,351083,48357,95103,164390,220279,521649,0,1.3671069234340598,0.10814434255772065,999.0,112.39327820533813,0,0,0,0,0,220272,108,0,0,0,0,0,0,0,0,0,0,0,0,0,0,0,0.0,0.0,0.0,0.0,0.0,2.0000210300519443,62223,32869,3,1.8930603304025069,0.07075555373614978,0.03737628040681913,0.25048555391809035,0.0,0.0,0.0,0.05498812837727198,0.18693257282171644,0.0,0.0,0.0,0.0,0.0,0.0,0.0,0.0,0.0,1.0,0.0,0.0,0.0,1.0,0,0.0,0.0,0.0,0.0,0.25048555391809035,4,benign
920198,103679314,501838,367892,51569,99935,172716,230225,545783,0,1.3640905483130918,0.1086016270411368,999.0,112.67065783668298,0,0,0,0,0,245999,108,0,0,0,0,0,0,0,0,0,0,0,0,0,0,0,0.0,0.0,0.0,0.0,0.0,2.0002201673271687,65393,34543,3,1.8930897721680224,0.0710640536058544,0.03753866015792253,0.25019071982334234,0.0,0.0,0.0,0.05604119982873251,0.18769438751225279,0.0,0.0,0.0,0.0,0.0,0.0,0.0,0.0,0.0,1.0,0.0,0.0,0.0,1.0,0,0.0,0.0,0.0,0.0,0.25019071982334234,4,benign
873393,98111626,476132,348963,48299,94496,163573,218706,517846,0,1.36441972358101,0.10819413482819304,999.0,112.3338817691463,0,0,0,0,0,218715,108,0,0,0,0,0,0,0,0,0,0,0,0,0,0,0,0.0,0.0,0.0,0.0,0.0,2.0000423307299933,61780,32711,3,1.888661306594112,0.07073562531414838,0.03745278471432677,0.25040960941981444,0.0,0.0,0.0,0.05530042031479529,0.18728453285061822,0.0,0.0,0.0,0.0,0.0,0.0,0.0,0.0,0.0,1.0,0.0,0.0,0.0,1.0,0,0.0,0.0,0.0,0.0,0.25040960941981444,4,benign
1062409,112444071,579950,423510,59421,115182,187464,250834,629929,0,1.3693891525583812,0.10841587373600939,999.0,105.83877866245486,0,0,0,0,0,250690,108,0,0,0,0,0,0,0,0,0,0,0,0,0,0,0,0.0,0.0,0.0,0.0,0.0,2.0018074697161925,70834,37498,3,1.8890074137287323,0.06667300446438236,0.03529525822917539,0.23609928003245453,0.0,0.0,0.0,0.055930437336280094,0.17645181846162825,0.0,0.0,0.0,0.0,0.0,0.0,0.0,0.0,0.0,1.0,0.0,0.0,0.0,1.0,0,0.0,0.0,0.0,0.0,0.23609928003245453,4,benign
878444,98871583,479067,351501,47876,95241,164617,219519,521543,0,1.3629178864356004,0.10842011556798156,999.0,112.55308591099717,0,0,0,0,0,219513,108,0,0,0,0,0,0,0,0,0,0,0,0,0,0,0,0.0,0.0,0.0,0.0,0.0,2.0001470063212716,62307,32919,3,1.8927367173972478,0.07092882414815287,0.03747421577243398,0.24989526936264578,0.0,0.0,0.0,0.05450091297794737,0.1873961231450155,0.0,0.0,0.0,0.0,0.0,0.0,0.0,0.0,0.0,1.0,0.0,0.0,0.0,1.0,0,0.0,0.0,0.0,0.0,0.24989526936264578,4,benign
1062103,126268222,609878,425368,65840,122134,210759,280937,629050,0,1.4337655865039214,0.11499261371072297,999.0,118.88510059758799,0,0,0,0,0,281327,108,0,0,0,0,0,0,0,0,0,0,0,0,0,0,0,0.0,0.0,0.0,0.0,0.0,1.998363794034393,79978,42143,3,1.8977766177063806,0.07530154796662847,0.03967882587658636,0.26451012754883474,0.0,0.0,0.0,0.06199022128738926,0.1984355566268055,0.0,0.0,0.0,0.0,0.0,0.0,0.0,0.0,0.0,1.0,0.0,0.0,0.0,1.0,0,0.0,0.0,0.0,0.0,0.26451012754883474,4,benign
883280,99316974,480001,354191,49088,95915,165982,220344,524060,0,1.3552038307015142,0.1085895752196359,999.0,112.44109908522779,0,0,0,0,0,220336,108,0,0,0,0,0,0,0,0,0,0,0,0,0,0,0,0.0,0.0,0.0,0.0,0.0,2.000020852013262,62728,33204,3,1.8891699795205397,0.07101711801467259,0.0375917036500317,0.24946109953808532,0.0,0.0,0.0,0.05557467620686532,0.18791549678471153,0.0,0.0,0.0,0.0,0.0,0.0,0.0,0.0,0.0,1.0,0.0,0.0,0.0,1.0,0,0.0,0.0,0.0,0.0,0.24946109953808532,4,benign
875424,98402241,476761,350381,48282,94924,164080,218831,519335,0,1.3606930741107537,0.10843202836568337,999.0,112.40523563438974,0,0,0,0,0,218838,108,0,0,0,0,0,0,0,0,0,0,0,0,0,0,0,0.0,0.0,0.0,0.0,0.0,2.000084281500211,62105,32816,3,1.892521940516821,0.0709427660196659,0.037485835435171984,0.24997144240962094,0.0,0.0,0.0,0.05515270314727492,0.1874291771758599,0.0,0.0,0.0,0.0,0.0,0.0,0.0,0.0,0.0,1.0,0.0,0.0,0.0,1.0,0,0.0,0.0,0.0,0.0,0.24997144240962094,4,benign
875588,98441079,476840,350666,48085,94950,164433,218783,519537,0,1.359812471126371,0.1084414130846928,999.0,112.42853830797132,0,0,0,0,0,218781,108,0,0,0,0,0,0,0,0,0,0,0,0,0,0,0,0.0,0.0,0.0,0.0,0.0,2.0000421283228715,62072,32888,3,1.8873753344684991,0.07089178928902634,0.03756104469225252,0.24986980177891885,0.0,0.0,0.0,0.0549173812340964,0.18779722883365235,0.0,0.0,0.0,0.0,0.0,0.0,0.0,0.0,0.0,1.0,0.0,0.0,0.0,1.0,0,0.0,0.0,0.0,0.0,0.24986980177891885,4,benign
999849,112433399,545038,400138,54673,108339,187634,250162,593657,0,1.362125066851936,0.1083553616596106,999.0,112.4503790072301,0,0,0,0,0,249706,108,0,0,0,0,0,0,0,0,0,0,0,0,0,0,0,0.0,0.0,0.0,0.0,0.0,2.0024952866807144,70808,37521,3,1.887156525678953,0.07081869362273703,0.037526666526645526,0.25019978016680516,0.0,0.0,0.0,0.05468125686978734,0.18766233701288895,0.0,0.0,0.0,0.0,0.0,0.0,0.0,0.0,0.0,1.0,0.0,0.0,0.0,1.0,0,0.0,0.0,0.0,0.0,0.25019978016680516,4,benign
877573,98606204,478621,350530,48422,94943,164281,219731,520455,0,1.3654209340142072,0.10818815072934103,999.0,112.36239492327134,0,0,0,0,0,219733,108,0,0,0,0,0,0,0,0,0,0,0,0,0,0,0,0.0,0.0,0.0,0.0,0.0,1.9999368061845681,62087,32858,3,1.8895550550855196,0.07074853032169404,0.03744189942033312,0.2503848682673692,0.0,0.0,0.0,0.055177176143751006,0.18719924154457807,0.0,0.0,0.0,0.0,0.0,0.0,0.0,0.0,0.0,1.0,0.0,0.0,0.0,1.0,0,0.0,0.0,0.0,0.0,0.2503848682673692,4,benign
1057395,125886843,576804,422639,58721,114529,209591,280165,627053,0,1.3647675675931468,0.10831240926995116,999.0,119.05375285489339,0,0,0,0,0,279960,108,0,0,0,0,0,0,0,0,0,0,0,0,0,0,0,0.0,0.0,0.0,0.0,0.0,1.9999825373264646,79302,41916,3,1.8919267105639852,0.0749975174840055,0.03964081540011065,0.2649577499420746,0.0,0.0,0.0,0.05553364636677873,0.19821447992472066,0.0,0.0,0.0,0.0,0.0,0.0,0.0,0.0,0.0,1.0,0.0,0.0,0.0,1.0,0,0.0,0.0,0.0,0.0,0.2649577499420746,4,benign
879576,98899270,479549,351750,48277,95251,164964,220004,521828,0,1.363323383084577,0.10829194975761049,999.0,112.43970958734663,0,0,0,0,0,220004,108,0,0,0,0,0,0,0,0,0,0,0,0,0,0,0,0.0,0.0,0.0,0.0,0.0,2.000104991285723,62258,32994,3,1.8869491422682911,0.07078183124596396,0.03751125542306748,0.2501250602563053,0.0,0.0,0.0,0.05488667266955897,0.18754945564681164,0.0,0.0,0.0,0.0,0.0,0.0,0.0,0.0,0.0,1.0,0.0,0.0,0.0,1.0,0,0.0,0.0,0.0,0.0,0.2501250602563053,4,benign
937206,105240729,509749,374710,52747,101463,175647,234378,555349,0,1.360382695951536,0.10826115069685853,999.0,112.29199236880686,0,0,0,0,0,234569,108,0,0,0,0,0,0,0,0,0,0,0,0,0,0,0,0.0,0.0,0.0,0.0,0.0,1.999625549358507,66331,35131,3,1.8881045230707922,0.07077526178876363,0.037484821906816644,0.25008162559778746,0.0,0.0,0.0,0.056281116424777476,0.18741557352385707,0.0,0.0,0.0,0.0,0.0,0.0,0.0,0.0,0.0,1.0,0.0,0.0,0.0,1.0,0,0.0,0.0,0.0,0.0,0.25008162559778746,4,benign
940987,112488104,577891,376990,60202,115378,187898,250283,558399,0,1.5329080346958806,0.12261380869236238,999.0,119.54267593494916,0,0,0,0,0,250199,108,0,0,0,0,0,0,0,0,0,0,0,0,0,0,0,0.0,0.0,0.0,0.0,0.0,2.0026035338632973,71051,37579,3,1.8907102371005082,0.07550688798038656,0.03993572706105398,0.26597923244423144,0.0,0.0,0.0,0.06397750447136889,0.19968182344708268,0.0,0.0,0.0,0.0,0.0,0.0,0.0,0.0,0.0,1.0,0.0,0.0,0.0,1.0,0,0.0,0.0,0.0,0.0,0.26597923244423144,4,benign
883906,99167344,479711,354005,50191,95869,165911,220822,523676,0,1.3550966794254318,0.10846062816634348,999.0,112.19218333171175,0,0,0,0,0,220819,108,0,0,0,0,0,0,0,0,0,0,0,0,0,0,0,0.0,0.0,0.0,0.0,0.0,1.999812261415549,62693,33180,3,1.8894816154309826,0.07092722529318729,0.03753792824123832,0.24982520765782787,0.0,0.0,0.0,0.056783187352501284,0.18770208596841745,0.0,0.0,0.0,0.0,0.0,0.0,0.0,0.0,0.0,1.0,0.0,0.0,0.0,1.0,0,0.0,0.0,0.0,0.0,0.24982520765782787,4,benign
1073068,99078140,514853,429568,52124,102511,165261,220410,636290,0,1.198536669398093,0.0955307585353398,999.0,92.33165092985719,0,0,0,0,0,236305,108,0,0,0,0,0,0,0,0,0,0,0,0,0,0,0,0.0,0.0,0.0,0.0,0.0,2.0007611835428216,62425,33061,3,1.888176401197786,0.05817431886888808,0.030809790246284486,0.20540170799986582,0.0,0.0,0.0,0.04857474083655463,0.1540079473062285,0.0,0.0,0.0,0.0,0.0,0.0,0.0,0.0,0.0,1.0,0.0,0.0,0.0,1.0,0,0.0,0.0,0.0,0.0,0.20540170799986582,4,benign
1002421,112422562,579726,401892,58169,115521,188101,250361,594304,0,1.4424920127795526,0.11524199912013017,999.0,112.15104432169717,0,0,0,0,0,266144,108,0,0,0,0,0,0,0,0,0,0,0,0,0,0,0,0.0,0.0,0.0,0.0,0.0,2.002270560707167,70863,37612,3,1.8840529618206956,0.07069185501899901,0.037521161268568796,0.24975633990109944,0.0,0.0,0.0,0.05802851297009939,0.18764670732157446,0.0,0.0,0.0,0.0,0.0,0.0,0.0,0.0,0.0,1.0,0.0,0.0,0.0,1.0,0,0.0,0.0,0.0,0.0,0.24975633990109944,4,benign
877185,98616091,478542,350159,48484,94819,164169,219471,520364,0,1.366642011200626,0.10809464366125732,999.0,112.42336679263781,0,0,0,0,0,219483,108,0,0,0,0,0,0,0,0,0,0,0,0,0,0,0,0.0,0.0,0.0,0.0,0.0,1.9997680059053042,61983,32834,3,1.8877687762685023,0.07066126301749345,0.03743110062301567,0.250199216812873,0.0,0.0,0.0,0.0552722629775931,0.18715436310470426,0.0,0.0,0.0,0.0,0.0,0.0,0.0,0.0,0.0,1.0,0.0,0.0,0.0,1.0,0,0.0,0.0,0.0,0.0,0.250199216812873,4,benign
939540,98483846,476344,376826,48210,95155,164724,218622,557504,0,1.2640953649695086,0.10127828511824935,999.0,104.82134448772804,0,0,0,0,0,218623,108,0,0,0,0,0,0,0,0,0,0,0,0,0,0,0,0.0,0.0,0.0,0.0,0.0,2.0003573756017574,62207,32945,3,1.888207618758537,0.06621006024224621,0.035065031824084124,0.2326904655469698,0.0,0.0,0.0,0.051312344338718945,0.17532409476978095,0.0,0.0,0.0,0.0,0.0,0.0,0.0,0.0,0.0,1.0,0.0,0.0,0.0,1.0,0,0.0,0.0,0.0,0.0,0.2326904655469698,4,benign
879436,98888794,479236,351677,48526,95228,164943,219916,521668,0,1.3627163562018556,0.10828303594576524,999.0,112.44569701490501,0,0,0,0,0,219911,108,0,0,0,0,0,0,0,0,0,0,0,0,0,0,0,0.0,0.0,0.0,0.0,0.0,1.9998319963039186,62245,32989,3,1.8868410682348662,0.07077831701226696,0.037511541487953645,0.25006481426732585,0.0,0.0,0.0,0.055178546250096654,0.18755543325494978,0.0,0.0,0.0,0.0,0.0,0.0,0.0,0.0,0.0,1.0,0.0,0.0,0.0,1.0,0,0.0,0.0,0.0,0.0,0.25006481426732585,4,benign
938386,112634838,510619,376273,52369,101895,188202,250285,556460,0,1.3570439547881459,0.10858537957727417,999.0,120.03039047897134,0,0,0,0,0,234281,108,0,0,0,0,0,0,0,0,0,0,0,0,0,0,0,0.0,0.0,0.0,0.0,0.0,1.9984505854433483,71152,37635,3,1.8905805765909394,0.07582380811307926,0.04010609706453421,0.26671859980860757,0.0,0.0,0.0,0.05580752483519575,0.20055925813044953,0.0,0.0,0.0,0.0,0.0,0.0,0.0,0.0,0.0,1.0,0.0,0.0,0.0,1.0,0,0.0,0.0,0.0,0.0,0.26671859980860757,4,benign
873416,98148018,476566,348922,47928,94503,163556,218833,517929,0,1.3658238804088019,0.10819930021891058,999.0,112.37258992278593,0,0,0,0,0,218834,108,0,0,0,0,0,0,0,0,0,0,0,0,0,0,0,0.0,0.0,0.0,0.0,0.0,1.9998095479939055,61792,32706,3,1.8893169449030758,0.07074750176319188,0.03744607380675417,0.2505484213708015,0.0,0.0,0.0,0.05487419511435559,0.18726013720838638,0.0,0.0,0.0,0.0,0.0,0.0,0.0,0.0,0.0,1.0,0.0,0.0,0.0,1.0,0,0.0,0.0,0.0,0.0,0.2505484213708015,4,benign
878126,98652008,477813,351043,49270,95073,164472,219482,520681,0,1.3611238509242458,0.10826806175879088,999.0,112.34379576507244,0,0,0,0,0,219480,108,0,0,0,0,0,0,0,0,0,0,0,0,0,0,0,0.0,0.0,0.0,0.0,0.0,2.000021036687984,62183,32901,3,1.8900033433634236,0.07081330014143757,0.03746728829347953,0.24994362995743208,0.0,0.0,0.0,0.05610812115801149,0.187298861439019,0.0,0.0,0.0,0.0,0.0,0.0,0.0,0.0,0.0,1.0,0.0,0.0,0.0,1.0,0,0.0,0.0,0.0,0.0,0.24994362995743208,4,benign
879016,98732849,478866,351216,48935,95126,164720,219924,521197,0,1.3634515511821785,0.10821873549514457,999.0,112.32201575397944,0,0,0,0,0,219921,108,0,0,0,0,0,0,0,0,0,0,0,0,0,0,0,0.0,0.0,0.0,0.0,0.0,2.0002102695655832,62171,32938,3,1.8875159390369787,0.0707279503444761,0.03747144534342947,0.25019339807239005,0.0,0.0,0.0,0.05567020395533187,0.1873913557887456,0.0,0.0,0.0,0.0,0.0,0.0,0.0,0.0,0.0,1.0,0.0,0.0,0.0,1.0,0,0.0,0.0,0.0,0.0,0.25019339807239005,4,benign
1001884,112420419,544340,400439,57105,108551,187282,250615,592847,0,1.359358104480333,0.10834687448846374,999.0,112.2090172115734,0,0,0,0,0,250693,108,0,0,0,0,0,0,0,0,0,0,0,0,0,0,0,0.0,0.0,0.0,0.0,0.0,1.9948360776242282,71100,37468,3,1.8976193018042062,0.07096629949175753,0.037397543028933486,0.2501437292141605,0.0,0.0,0.0,0.05699761649053184,0.18692982421118612,0.0,0.0,0.0,0.0,0.0,0.0,0.0,0.0,0.0,1.0,0.0,0.0,0.0,1.0,0,0.0,0.0,0.0,0.0,0.2501437292141605,4,benign
884837,99368464,481558,353480,49799,95734,165598,221391,524422,0,1.3623345026592735,0.1081939385446133,999.0,112.30143404943509,0,0,0,0,0,221388,108,0,0,0,0,0,0,0,0,0,0,0,0,0,0,0,0.0,0.0,0.0,0.0,0.0,1.999958218434027,62616,33123,3,1.8904084774929808,0.07076557603264783,0.037434013270240735,0.25020540506330546,0.0,0.0,0.0,0.05628042226986439,0.1871508537730678,0.0,0.0,0.0,0.0,0.0,0.0,0.0,0.0,0.0,1.0,0.0,0.0,0.0,1.0,0,0.0,0.0,0.0,0.0,0.25020540506330546,4,benign
993043,111714131,540125,398460,55109,107819,186600,247741,589463,0,1.3555312954876273,0.10857435176523071,999.0,112.49677103609814,0,0,0,0,0,247958,108,0,0,0,0,0,0,0,0,0,0,0,0,0,0,0,0.0,0.0,0.0,0.0,0.0,2.000612324420611,70501,37318,3,1.8891955624631545,0.07099491160000121,0.0375794401652295,0.24947660876719335,0.0,0.0,0.0,0.05549507926645674,0.18790727088353676,0.0,0.0,0.0,0.0,0.0,0.0,0.0,0.0,0.0,1.0,0.0,0.0,0.0,1.0,0,0.0,0.0,0.0,0.0,0.24947660876719335,4,benign
1000235,119441778,578050,400251,59761,114875,198397,265073,593972,0,1.4442187527326602,0.1148480107174814,999.0,119.41371577679246,0,0,0,0,0,265076,108,0,0,0,0,0,0,0,0,0,0,0,0,0,0,0,0.0,0.0,0.0,0.0,0.0,1.9977913427592564,75196,39676,3,1.8952515374533723,0.07517833309172345,0.03966667833059231,0.2650107224802172,0.0,0.0,0.0,0.05974695946452584,0.19835038765890015,0.0,0.0,0.0,0.0,0.0,0.0,0.0,0.0,0.0,1.0,0.0,0.0,0.0,1.0,0,0.0,0.0,0.0,0.0,0.2650107224802172,4,benign
1072750,134575834,651553,428251,67338,129446,223622,298825,636812,0,1.521427854225676,0.12066744348636682,999.0,125.44939081799114,0,0,0,0,0,298844,108,0,0,0,0,0,0,0,0,0,0,0,0,0,0,0,0.0,0.0,0.0,0.0,0.0,1.9970687154802678,84712,44727,3,1.8939790283274085,0.07896714052668376,0.04169377767420182,0.2785597762759264,0.0,0.0,0.0,0.06277138196224656,0.20845676998368678,0.0,0.0,0.0,0.0,0.0,0.0,0.0,0.0,0.0,1.0,0.0,0.0,0.0,1.0,0,0.0,0.0,0.0,0.0,0.2785597762759264,4,benign
869888,97726941,474066,347978,47844,94250,162961,217729,515905,0,1.362344745932214,0.10834728148911124,999.0,112.34427995328134,0,0,0,0,0,217737,108,0,0,0,0,0,0,0,0,0,0,0,0,0,0,0,0.0,0.0,0.0,0.0,0.0,1.9997453905073095,61667,32592,3,1.8920900834560628,0.07089073535903473,0.03746689228958211,0.2502954403325486,0.0,0.0,0.0,0.055000183931724546,0.18733561102118892,0.0,0.0,0.0,0.0,0.0,0.0,0.0,0.0,0.0,1.0,0.0,0.0,0.0,1.0,0,0.0,0.0,0.0,0.0,0.2502954403325486,4,benign
1062971,119493710,579172,425664,57832,115326,199415,265796,630999,0,1.3606318598706961,0.10849402288491408,999.0,112.41483540002503,0,0,0,0,0,265685,108,0,0,0,0,0,0,0,0,0,0,0,0,0,0,0,0.0,0.0,0.0,0.0,0.0,2.0026394846059006,75435,39880,3,1.8915496489468404,0.07096618816505812,0.03751748636604385,0.2500500954400449,0.0,0.0,0.0,0.054405999787388366,0.18760154322178121,0.0,0.0,0.0,0.0,0.0,0.0,0.0,0.0,0.0,1.0,0.0,0.0,0.0,1.0,0,0.0,0.0,0.0,0.0,0.2500500954400449,4,benign
1184053,133025152,575746,474726,57522,114901,222179,296081,702354,0,1.212796434153596,0.09704041964337745,999.0,112.34729526465453,0,0,0,0,0,295489,108,0,0,0,0,0,0,0,0,0,0,0,0,0,0,0,0.0,0.0,0.0,0.0,0.0,2.0027714350455805,84038,44448,3,1.8907037437005039,0.0709748634562811,0.037538860169266074,0.2500572187224727,0.0,0.0,0.0,0.0485805956321212,0.18764278288218517,0.0,0.0,0.0,0.0,0.0,0.0,0.0,0.0,0.0,1.0,0.0,0.0,0.0,1.0,0,0.0,0.0,0.0,0.0,0.2500572187224727,4,benign
1068485,119995857,580900,427188,60397,115699,199927,266759,633735,0,1.3598228414655842,0.1082832234425378,999.0,112.30467156768695,0,0,0,0,0,267084,108,0,0,0,0,0,0,0,0,0,0,0,0,0,0,0,0.0,0.0,0.0,0.0,0.0,2.0016781716579297,75705,39980,3,1.8935717858929464,0.07085265586320819,0.03741746491527724,0.24966096856764483,0.0,0.0,0.0,0.05652582862651324,0.18711259399991576,0.0,0.0,0.0,0.0,0.0,0.0,0.0,0.0,0.0,1.0,0.0,0.0,0.0,1.0,0,0.0,0.0,0.0,0.0,0.24966096856764483,4,benign
941481,119571287,578495,377309,59888,115447,200195,265978,558141,0,1.5332128308627677,0.12262276137277332,999.0,127.00339890024334,0,0,0,0,0,265785,108,0,0,0,0,0,0,0,0,0,0,0,0,0,0,0,0.0,0.0,0.0,0.0,0.0,2.0005025212705125,75408,40045,3,1.8830815332750654,0.08009508423430743,0.04253405007642215,0.2825102152884657,0.0,0.0,0.0,0.06361041805410837,0.21263838569232943,0.0,0.0,0.0,0.0,0.0,0.0,0.0,0.0,0.0,1.0,0.0,0.0,0.0,1.0,0,0.0,0.0,0.0,0.0,0.2825102152884657,4,benign
873985,98062468,474517,350036,49432,94821,163919,218384,517903,0,1.355623421590922,0.10849270868493166,999.0,112.20154579312002,0,0,0,0,0,218394,108,0,0,0,0,0,0,0,0,0,0,0,0,0,0,0,0.0,0.0,0.0,0.0,0.0,2.0002742384608894,62032,32780,3,1.8923733984136668,0.07097604649965389,0.037506364525706964,0.24987156530146398,0.0,0.0,0.0,0.05655932310051088,0.1875535621320732,0.0,0.0,0.0,0.0,0.0,0.0,0.0,0.0,0.0,1.0,0.0,0.0,0.0,1.0,0,0.0,0.0,0.0,0.0,0.24987156530146398,4,benign
1013178,113972397,550764,406836,56734,110200,190484,253165,600926,0,1.3537740023006815,0.10876667278602575,999.0,112.49000373083506,0,0,0,0,0,252808,108,0,0,0,0,0,0,0,0,0,0,0,0,0,0,0,0.0,0.0,0.0,0.0,0.0,1.9976072218395389,72109,38094,3,1.8929227699900246,0.0711711071499776,0.03759852661625104,0.2498721843545754,0.0,0.0,0.0,0.05599608361018498,0.1880064509888687,0.0,0.0,0.0,0.0,0.0,0.0,0.0,0.0,0.0,1.0,0.0,0.0,0.0,1.0,0,0.0,0.0,0.0,0.0,0.2498721843545754,4,benign
876365,98605150,477891,350675,47799,94970,164297,219023,520238,0,1.3627746488914236,0.10836808863886623,999.0,112.51607492311993,0,0,0,0,0,219012,108,0,0,0,0,0,0,0,0,0,0,0,0,0,0,0,0.0,0.0,0.0,0.0,0.0,1.9993684210526317,62126,32868,3,1.8901667275161251,0.07089055359353694,0.037504920894832636,0.24992212149047485,0.0,0.0,0.0,0.05454234251710189,0.18747553816046966,0.0,0.0,0.0,0.0,0.0,0.0,0.0,0.0,0.0,1.0,0.0,0.0,0.0,1.0,0,0.0,0.0,0.0,0.0,0.24992212149047485,4,benign
944572,120080596,614614,377656,63044,122474,211924,282300,560447,0,1.6274440231321625,0.1296608411005196,999.0,127.12699084876537,0,0,0,0,0,266591,108,0,0,0,0,0,0,0,0,0,0,0,0,0,0,0,0.0,0.0,0.0,0.0,0.0,2.0001959791608828,80075,42382,3,1.8893634089943845,0.08477384466192095,0.04486899886932918,0.29886551792769633,0.0,0.0,0.0,0.06674345629554973,0.22435981587427956,0.0,0.0,0.0,0.0,0.0,0.0,0.0,0.0,0.0,1.0,0.0,0.0,0.0,1.0,0,0.0,0.0,0.0,0.0,0.29886551792769633,4,benign
872399,98101293,474916,348733,48751,94467,163308,217904,517586,0,1.3618326914860366,0.10828416813866132,999.0,112.45002917243143,0,0,0,0,0,217890,108,0,0,0,0,0,0,0,0,0,0,0,0,0,0,0,0.0,0.0,0.0,0.0,0.0,1.9997248094834885,61808,32660,3,1.8924678505817514,0.07084831596551577,0.03743699843764149,0.2497756187249183,0.0,0.0,0.0,0.05588154044193081,0.18719416230417504,0.0,0.0,0.0,0.0,0.0,0.0,0.0,0.0,0.0,1.0,0.0,0.0,0.0,1.0,0,0.0,0.0,0.0,0.0,0.2497756187249183,4,benign
1123390,126353686,576952,449461,58871,114898,210089,280629,666303,0,1.2836530866971774,0.10227792663278114,999.0,112.47535228193236,0,0,0,0,0,280536,108,0,0,0,0,0,0,0,0,0,0,0,0,0,0,0,0.0,0.0,0.0,0.0,0.0,1.9966981787849298,79763,42012,3,1.8985765971627153,0.07100205627609289,0.037397520006409175,0.24980549942584498,0.0,0.0,0.0,0.052404774833317014,0.18701341475355843,0.0,0.0,0.0,0.0,0.0,0.0,0.0,0.0,0.0,1.0,0.0,0.0,0.0,1.0,0,0.0,0.0,0.0,0.0,0.24980549942584498,4,benign
872342,98105185,475057,349040,48245,94584,163361,217934,517666,0,1.3610388494155399,0.10842536528104803,999.0,112.46183836156003,0,0,0,0,0,217932,108,0,0,0,0,0,0,0,0,0,0,0,0,0,0,0,0.0,0.0,0.0,0.0,0.0,1.999746289483699,61908,32681,3,1.8943116795691686,0.07096757922924725,0.037463517748772844,0.2498263295817466,0.0,0.0,0.0,0.05530514408339848,0.1872671498105101,0.0,0.0,0.0,0.0,0.0,0.0,0.0,0.0,0.0,1.0,0.0,0.0,0.0,1.0,0,0.0,0.0,0.0,0.0,0.2498263295817466,4,benign
881754,99102190,481422,351504,48828,95172,164873,220947,522847,0,1.3696060357776867,0.10793486618716785,999.0,112.39210709562985,0,0,0,0,0,220943,108,0,0,0,0,0,0,0,0,0,0,0,0,0,0,0,0.0,0.0,0.0,0.0,0.0,2.000252206809584,62200,32976,3,1.8862202814167879,0.07054121671123692,0.03739818588858117,0.2505766914581618,0.0,0.0,0.0,0.05537598922148354,0.18698299072076793,0.0,0.0,0.0,0.0,0.0,0.0,0.0,0.0,0.0,1.0,0.0,0.0,0.0,1.0,0,0.0,0.0,0.0,0.0,0.2505766914581618,4,benign
875086,98300051,476649,349795,48642,94766,163839,218994,518850,0,1.3626524106976943,0.10829335631012266,999.0,112.33187481001868,0,0,0,0,0,219006,108,0,0,0,0,0,0,0,0,0,0,0,0,0,0,0,0.0,0.0,0.0,0.0,0.0,1.999746776678132,61997,32771,3,1.8918250892557444,0.07084675106218132,0.03744889073759607,0.25025426072408885,0.0,0.0,0.0,0.055585393892714545,0.18722616977074252,0.0,0.0,0.0,0.0,0.0,0.0,0.0,0.0,0.0,1.0,0.0,0.0,0.0,1.0,0,0.0,0.0,0.0,0.0,0.25025426072408885,4,benign
874880,98188221,475680,349932,49268,94815,163631,218798,518593,0,1.359349816535784,0.10837486283833211,999.0,112.23050132589613,0,0,0,0,0,218791,108,0,0,0,0,0,0,0,0,0,0,0,0,0,0,0,0.0,0.0,0.0,0.0,0.0,2.0001476668635556,62091,32721,3,1.8975887045016961,0.07097087600585224,0.03740055779078274,0.2500891550841258,0.0,0.0,0.0,0.05631400877834675,0.18703250731528895,0.0,0.0,0.0,0.0,0.0,0.0,0.0,0.0,0.0,1.0,0.0,0.0,0.0,1.0,0,0.0,0.0,0.0,0.0,0.2500891550841258,4,benign
941171,105680544,511187,376612,53372,102026,176364,235164,557328,0,1.3573306214353233,0.10840325509392024,999.0,112.28623066371573,0,0,0,0,0,235232,108,0,0,0,0,0,0,0,0,0,0,0,0,0,0,0,0.0,0.0,0.0,0.0,0.0,1.9980807645607301,66747,35272,3,1.8923508732138807,0.0709190997172671,0.03747671783342241,0.24986320232986353,0.0,0.0,0.0,0.05670807961571277,0.18738783919181531,0.0,0.0,0.0,0.0,0.0,0.0,0.0,0.0,0.0,1.0,0.0,0.0,0.0,1.0,0,0.0,0.0,0.0,0.0,0.24986320232986353,4,benign
884733,99499301,481673,353984,49076,95834,166115,221046,524775,0,1.360719693545471,0.1083196851479486,999.0,112.4625180704235,0,0,0,0,0,221048,108,0,0,0,0,0,0,0,0,0,0,0,0,0,0,0,0.0,0.0,0.0,0.0,0.0,1.9999582620309695,62619,33229,3,1.8844683860483313,0.07077728535049557,0.03755822378050779,0.249844868451838,0.0,0.0,0.0,0.05546984231400886,0.18775721036742157,0.0,0.0,0.0,0.0,0.0,0.0,0.0,0.0,0.0,1.0,0.0,0.0,0.0,1.0,0,0.0,0.0,0.0,0.0,0.249844868451838,4,benign
881568,99083035,480952,351522,49094,95214,164772,220740,522787,0,1.3681988609532263,0.108005281498421,999.0,112.39409211768123,0,0,0,0,0,220734,108,0,0,0,0,0,0,0,0,0,0,0,0,0,0,0,0.0,0.0,0.0,0.0,0.0,2.000168056635086,62251,32957,3,1.888855174924902,0.07061395150459182,0.037384523939162945,0.2503947511706414,0.0,0.0,0.0,0.05568940796399143,0.1869078732440379,0.0,0.0,0.0,0.0,0.0,0.0,0.0,0.0,0.0,1.0,0.0,0.0,0.0,1.0,0,0.0,0.0,0.0,0.0,0.2503947511706414,4,benign
975995,102683551,496476,390753,51035,99104,170837,228028,578897,0,1.270562222171039,0.1015415037986875,999.0,105.20909533348019,0,0,0,0,0,227752,108,0,0,0,0,0,0,0,0,0,0,0,0,0,0,0,0.0,0.0,0.0,0.0,0.0,1.9984674329501915,64941,34164,3,1.900860554970144,0.06653825070825158,0.0350042776858488,0.23363644280964554,0.0,0.0,0.0,0.052290226896654184,0.17503880655126308,0.0,0.0,0.0,0.0,0.0,0.0,0.0,0.0,0.0,1.0,0.0,0.0,0.0,1.0,0,0.0,0.0,0.0,0.0,0.23363644280964554,4,benign
999443,120501654,535543,442647,57895,127135,213933,243801,602236,0,1.2098647454969762,0.1272058536604889,999.0,120.568810827631,0,0,0,0,0,244002,108,0,0,0,0,0,0,0,0,0,0,0,0,0,0,0,0.0,0.0,0.0,0.0,0.0,1.9981611290981673,84347,42783,3,1.971507374424421,0.08439400746215642,0.042806843411780364,0.24393687283817087,0.0,0.0,0.0,0.05792726548687619,0.2140522270904894,0.0,0.0,0.0,0.0,0.0,0.0,0.0,0.0,0.0,1.0,0.0,0.0,0.0,1.0,0,0.0,0.0,0.0,0.0,0.24393687283817087,4,benign
862720,105750760,169174,646835,46711,179620,270016,64987,576546,0,0.26154119675033044,0.20820196587537093,999.0,122.57831045994065,0,0,0,0,0,65003,108,0,0,0,0,0,0,0,0,0,0,0,0,0,0,0,0.0,0.0,0.0,0.0,0.0,2.0000445394619635,125611,53996,3,2.3263019482924663,0.1455988037833828,0.06258809347181009,0.07532803227002967,0.0,0.0,0.0,0.05414387054896142,0.3129821958456973,0.0,0.0,0.0,0.0,0.0,0.0,0.0,0.0,0.0,1.0,0.0,0.0,0.0,1.0,0,0.0,0.0,0.0,0.0,0.1455988037833828,4,benign
860149,105168181,166437,645087,48625,179209,268816,64493,574248,0,0.2580070595129029,0.20834646090386666,999.0,122.26739902040228,0,0,0,0,0,64468,108,0,0,0,0,0,0,0,0,0,0,0,0,0,0,0,0.0,0.0,0.0,0.0,0.0,2.000011160216062,125439,53769,3,2.332924175640239,0.1458340357310187,0.06251126258357563,0.07497886993997552,0.0,0.0,0.0,0.056530903366742276,0.3125225978289808,0.0,0.0,0.0,0.0,0.0,0.0,0.0,0.0,0.0,1.0,0.0,0.0,0.0,1.0,0,0.0,0.0,0.0,0.0,0.1458340357310187,4,benign
863744,105704252,168544,647304,47896,179752,269935,65274,576655,0,0.26037843115444986,0.20810795791345585,999.0,122.37914474659158,0,0,0,0,0,65282,108,0,0,0,0,0,0,0,0,0,0,0,0,0,0,0,0.0,0.0,0.0,0.0,0.0,1.9999777473658444,125777,53982,3,2.3299803638249785,0.14561837766745703,0.06249768449911085,0.07557100251926496,0.0,0.0,0.0,0.05545161529342027,0.31251736625666865,0.0,0.0,0.0,0.0,0.0,0.0,0.0,0.0,0.0,1.0,0.0,0.0,0.0,1.0,0,0.0,0.0,0.0,0.0,0.14561837766745703,4,benign
865170,105982986,168516,648844,47810,180275,269899,64827,578327,0,0.25971728181196096,0.20836945340222152,999.0,122.4996081694927,0,0,0,0,0,64825,108,0,0,0,0,0,0,0,0,0,0,0,0,0,0,0,0.0,0.0,0.0,0.0,0.0,2.0000776621474694,126297,53978,3,2.339786579717663,0.1459794028919172,0.062390050510304336,0.07492978258608135,0.0,0.0,0.0,0.055260815793427884,0.31196065513136145,0.0,0.0,0.0,0.0,0.0,0.0,0.0,0.0,0.0,1.0,0.0,0.0,0.0,1.0,0,0.0,0.0,0.0,0.0,0.1459794028919172,4,benign
925492,120988531,180423,694508,51213,193042,309046,74245,618059,0,0.25978534444527634,0.20858311038885263,999.0,130.72887826150847,0,0,0,0,0,74123,108,0,0,0,0,0,0,0,0,0,0,0,0,0,0,0,0.0,0.0,0.0,0.0,0.0,1.9996685208780054,144092,61808,3,2.3312839761843125,0.1556923236505556,0.06678393762452836,0.08022219532961927,0.0,0.0,0.0,0.0553359726502228,0.3339261711608528,0.0,0.0,0.0,0.0,0.0,0.0,0.0,0.0,0.0,1.0,0.0,0.0,0.0,1.0,0,0.0,0.0,0.0,0.0,0.1556923236505556,4,benign
863525,105708225,168437,647189,47900,179811,269401,64964,576950,0,0.26025936781991044,0.20822906111577547,999.0,122.41478243247155,0,0,0,0,0,64964,108,0,0,0,0,0,0,0,0,0,0,0,0,0,0,0,0.0,0.0,0.0,0.0,0.0,1.9999888772718173,125930,53886,3,2.3369706417251233,0.14583248892620365,0.062402362409889695,0.07523117454619148,0.0,0.0,0.0,0.055470310645320056,0.31197822877160475,0.0,0.0,0.0,0.0,0.0,0.0,0.0,0.0,0.0,1.0,0.0,0.0,0.0,1.0,0,0.0,0.0,0.0,0.0,0.14583248892620365,4,benign
934464,114428471,181415,701005,52044,194701,292045,69812,624217,0,0.25879273329006214,0.2083558061091706,999.0,122.4535894373673,0,0,0,0,0,69895,108,0,0,0,0,0,0,0,0,0,0,0,0,0,0,0,0.0,0.0,0.0,0.0,0.0,1.9997637682052547,136289,58414,3,2.3331564351011744,0.1458472450517088,0.06251070132182728,0.07470806794055201,0.0,0.0,0.0,0.05569395931785494,0.3125267533045682,0.0,0.0,0.0,0.0,0.0,0.0,0.0,0.0,0.0,1.0,0.0,0.0,0.0,1.0,0,0.0,0.0,0.0,0.0,0.1458472450517088,4,benign
925712,113125485,179265,693638,52809,192657,288840,69580,617835,0,0.25844172320432274,0.20811764350035433,999.0,122.20375775619199,0,0,0,0,0,69716,108,0,0,0,0,0,0,0,0,0,0,0,0,0,0,0,0.0,0.0,0.0,0.0,0.0,2.0005919003115267,134884,57760,3,2.3352493074792244,0.14570838446514683,0.062395215790656273,0.07516376583645885,0.0,0.0,0.0,0.057046900115802754,0.31201928893651587,0.0,0.0,0.0,0.0,0.0,0.0,0.0,0.0,0.0,1.0,0.0,0.0,0.0,1.0,0,0.0,0.0,0.0,0.0,0.14570838446514683,4,benign
858000,105022655,166725,642988,48287,178568,268147,64400,572930,0,0.2592972186106117,0.20812121212121212,999.0,122.4040268065268,0,0,0,0,0,64390,108,0,0,0,0,0,0,0,0,0,0,0,0,0,0,0,0.0,0.0,0.0,0.0,0.0,1.9999552001433596,124938,53638,3,2.3292814795480816,0.14561538461538462,0.06251515151515151,0.07505827505827506,0.0,0.0,0.0,0.05627855477855478,0.312525641025641,0.0,0.0,0.0,0.0,0.0,0.0,0.0,0.0,0.0,1.0,0.0,0.0,0.0,1.0,0,0.0,0.0,0.0,0.0,0.14561538461538462,4,benign
867917,121058898,191799,650831,56380,206310,309133,74409,579344,0,0.2946986237594706,0.23770706185038432,999.0,139.4821140731199,0,0,0,0,0,74428,108,0,0,0,0,0,0,0,0,0,0,0,0,0,0,0,0.0,0.0,0.0,0.0,0.0,1.999282890146523,144484,61826,3,2.3369456215831526,0.1664721396170371,0.0712349222333472,0.0857328523349583,0.0,0.0,0.0,0.06496012867589873,0.35617806771845695,0.0,0.0,0.0,0.0,0.0,0.0,0.0,0.0,0.0,1.0,0.0,0.0,0.0,1.0,0,0.0,0.0,0.0,0.0,0.1664721396170371,4,benign
865004,105939202,168084,649325,47595,180360,270596,64745,578049,0,0.25885958495360567,0.20850770632274532,999.0,122.47249954913504,0,0,0,0,0,64742,108,0,0,0,0,0,0,0,0,0,0,0,0,0,0,0,0.0,0.0,0.0,0.0,0.0,2.000022178112421,126240,54120,3,2.3325942350332594,0.14594152165770333,0.062566184665042,0.0748493648584284,0.0,0.0,0.0,0.055022866946280016,0.3128262990691372,0.0,0.0,0.0,0.0,0.0,0.0,0.0,0.0,0.0,1.0,0.0,0.0,0.0,1.0,0,0.0,0.0,0.0,0.0,0.14594152165770333,4,benign
920786,120398981,191347,690954,53762,205168,307694,73826,614952,0,0.2769316047088518,0.22281833129521952,999.0,130.75674586711787,0,0,0,0,0,73708,108,0,0,0,0,0,0,0,0,0,0,0,0,0,0,0,0.0,0.0,0.0,0.0,0.0,1.9989867103160683,143632,61538,3,2.3340375052812896,0.15598847071958089,0.06683203263298965,0.08017715299754774,0.0,0.0,0.0,0.05838707365229272,0.3341645072796502,0.0,0.0,0.0,0.0,0.0,0.0,0.0,0.0,0.0,1.0,0.0,0.0,0.0,1.0,0,0.0,0.0,0.0,0.0,0.15598847071958089,4,benign
860691,105344948,167978,645374,47339,179290,268814,64850,574999,0,0.2602800856557593,0.20830937002942984,999.0,122.39578199377013,0,0,0,0,0,64849,108,0,0,0,0,0,0,0,0,0,0,0,0,0,0,0,0.0,0.0,0.0,0.0,0.0,1.9998661476168698,125529,53758,3,2.335075709661818,0.14584676730673377,0.06245911715121919,0.07534643675837205,0.0,0.0,0.0,0.05500115604787316,0.31232347032791097,0.0,0.0,0.0,0.0,0.0,0.0,0.0,0.0,0.0,1.0,0.0,0.0,0.0,1.0,0,0.0,0.0,0.0,0.0,0.14584676730673377,4,benign
982899,120583467,191769,737447,54039,205294,308559,74251,656277,0,0.26004445065204684,0.2088658142901763,999.0,122.68144234555128,0,0,0,0,0,73842,108,0,0,0,0,0,0,0,0,0,0,0,0,0,0,0,0.0,0.0,0.0,0.0,0.0,2.0015404414632245,143587,61711,3,2.3267650824002204,0.14608520305748607,0.06278468082681944,0.07554285842187244,0.0,0.0,0.0,0.05497919928700711,0.3139274737282264,0.0,0.0,0.0,0.0,0.0,0.0,0.0,0.0,0.0,1.0,0.0,0.0,0.0,1.0,0,0.0,0.0,0.0,0.0,0.14608520305748607,4,benign
1046653,120813901,204299,784844,57585,218582,309068,74052,699603,0,0.26030523263221733,0.20883903261157233,999.0,115.42880114039706,0,0,0,0,0,78469,108,0,0,0,0,0,0,0,0,0,0,0,0,0,0,0,0.0,0.0,0.0,0.0,0.0,2.0005125248254214,143632,61811,3,2.3237287861383895,0.13722981733200976,0.059055866653035916,0.07075124229329109,0.0,0.0,0.0,0.05501823431452449,0.29529175380952427,0.0,0.0,0.0,0.0,0.0,0.0,0.0,0.0,0.0,1.0,0.0,0.0,0.0,1.0,0,0.0,0.0,0.0,0.0,0.13722981733200976,4,benign
860672,105345872,167911,645176,47585,179252,268531,64779,575074,0,0.26025611616055155,0.20826981707317074,999.0,122.39955755502677,0,0,0,0,0,64775,108,0,0,0,0,0,0,0,0,0,0,0,0,0,0,0,0.0,0.0,0.0,0.0,0.0,2.000044630902437,125549,53705,3,2.3377525370077272,0.1458732246430696,0.06239891619571684,0.07526560640987508,0.0,0.0,0.0,0.055288193411659727,0.3120015522754313,0.0,0.0,0.0,0.0,0.0,0.0,0.0,0.0,0.0,1.0,0.0,0.0,0.0,1.0,0,0.0,0.0,0.0,0.0,0.1458732246430696,4,benign
865280,105933867,168819,648570,47891,180225,269797,65090,578214,0,0.2602941856700125,0.20828517936390534,999.0,122.4272686298077,0,0,0,0,0,65091,108,0,0,0,0,0,0,0,0,0,0,0,0,0,0,0,0.0,0.0,0.0,0.0,0.0,2.0000110973011362,126265,53961,3,2.3399306906840125,0.14592386279585798,0.06236247226331361,0.0752242048816568,0.0,0.0,0.0,0.05534740199704142,0.31180311575443787,0.0,0.0,0.0,0.0,0.0,0.0,0.0,0.0,0.0,1.0,0.0,0.0,0.0,1.0,0,0.0,0.0,0.0,0.0,0.14592386279585798,4,benign
863744,105699498,167545,648159,48040,180081,269707,64599,577210,0,0.25849367207737606,0.2084888578097214,999.0,122.37364080097807,0,0,0,0,0,64604,108,0,0,0,0,0,0,0,0,0,0,0,0,0,0,0,0.0,0.0,0.0,0.0,0.0,2.0000333188951456,126143,53934,3,2.338840063781659,0.1460421143301719,0.06244211247777119,0.07478952096917606,0.0,0.0,0.0,0.05561833135743924,0.31225339915530526,0.0,0.0,0.0,0.0,0.0,0.0,0.0,0.0,0.0,1.0,0.0,0.0,0.0,1.0,0,0.0,0.0,0.0,0.0,0.1460421143301719,4,benign
865792,106029917,168697,649278,47817,180352,270576,64938,578520,0,0.2598224489355869,0.20830869308101715,999.0,122.46580818487581,0,0,0,0,0,64938,108,0,0,0,0,0,0,0,0,0,0,0,0,0,0,0,0.0,0.0,0.0,0.0,0.0,1.9999556432832841,126231,54120,3,2.332427937915743,0.14579829797457125,0.06250924009461857,0.07500415804257836,0.0,0.0,0.0,0.0552292005470136,0.3125184801892371,0.0,0.0,0.0,0.0,0.0,0.0,0.0,0.0,0.0,1.0,0.0,0.0,0.0,1.0,0,0.0,0.0,0.0,0.0,0.14579829797457125,4,benign
866436,106103223,168751,649560,48125,180427,270749,64976,578903,0,0.25979278280682305,0.20824042398976958,999.0,122.45938880655929,0,0,0,0,0,64965,108,0,0,0,0,0,0,0,0,0,0,0,0,0,0,0,0.0,0.0,0.0,0.0,0.0,2.0000332549993347,126277,54149,3,2.332028292304567,0.14574302083477603,0.062496249001657365,0.0749922671726475,0.0,0.0,0.0,0.055543629304414865,0.3124858616216316,0.0,0.0,0.0,0.0,0.0,0.0,0.0,0.0,0.0,1.0,0.0,0.0,0.0,1.0,0,0.0,0.0,0.0,0.0,0.14574302083477603,4,benign
984962,135728763,215865,739118,60266,231043,346179,83339,657699,0,0.2920575604977825,0.23457047073897266,999.0,137.80101465843353,0,0,0,0,0,78661,108,0,0,0,0,0,0,0,0,0,0,0,0,0,0,0,0.0,0.0,0.0,0.0,0.0,1.9974150824320702,161821,69234,3,2.3373053701938353,0.1642916173415827,0.0702910366085189,0.08461138602301409,0.0,0.0,0.0,0.061186116824811516,0.3514643204509413,0.0,0.0,0.0,0.0,0.0,0.0,0.0,0.0,0.0,1.0,0.0,0.0,0.0,1.0,0,0.0,0.0,0.0,0.0,0.1642916173415827,4,benign
857850,104935899,167517,642418,47915,178452,267840,64849,572669,0,0.2607601281408678,0.20802238153523342,999.0,122.3242979541878,0,0,0,0,0,64852,108,0,0,0,0,0,0,0,0,0,0,0,0,0,0,0,0.0,0.0,0.0,0.0,0.0,1.9998431073705916,124874,53569,3,2.331087009277754,0.14556624118435624,0.062445649006236524,0.07559480095587806,0.0,0.0,0.0,0.055854753161974705,0.3122224165063822,0.0,0.0,0.0,0.0,0.0,0.0,0.0,0.0,0.0,1.0,0.0,0.0,0.0,1.0,0,0.0,0.0,0.0,0.0,0.14556624118435624,4,benign
858740,105061759,166583,643838,48319,178865,268149,64506,573389,0,0.2587343400047838,0.20828772387451383,999.0,122.34408435614971,0,0,0,0,0,64505,108,0,0,0,0,0,0,0,0,0,0,0,0,0,0,0,0.0,0.0,0.0,0.0,0.0,2.0001006396207006,125231,53626,3,2.3352664752172454,0.14583110138109323,0.062447306518853204,0.07511703193050283,0.0,0.0,0.0,0.05626732189021124,0.31225865803386355,0.0,0.0,0.0,0.0,0.0,0.0,0.0,0.0,0.0,1.0,0.0,0.0,0.0,1.0,0,0.0,0.0,0.0,0.0,0.14583110138109323,4,benign
865792,105847237,167759,649634,48399,180524,270084,65067,578223,0,0.2582361760622135,0.20850735511531637,999.0,122.2548106242608,0,0,0,0,0,65071,108,0,0,0,0,0,0,0,0,0,0,0,0,0,0,0,0.0,0.0,0.0,0.0,0.0,1.9999113730529767,126514,54023,3,2.3418543953501287,0.14612516632170314,0.06239720394736842,0.07515315456830278,0.0,0.0,0.0,0.05590141743051449,0.31195021437019516,0.0,0.0,0.0,0.0,0.0,0.0,0.0,0.0,0.0,1.0,0.0,0.0,0.0,1.0,0,0.0,0.0,0.0,0.0,0.14612516632170314,4,benign
863616,105655327,167287,647673,48659,179868,270110,64776,576544,0,0.25828929104656206,0.20827312138728324,999.0,122.34063171594782,0,0,0,0,0,64764,108,0,0,0,0,0,0,0,0,0,0,0,0,0,0,0,0.0,0.0,0.0,0.0,0.0,2.000066717816993,125850,54024,3,2.3295202132385606,0.14572448866162738,0.0625555802578924,0.07500555802578925,0.0,0.0,0.0,0.05634332851637765,0.31276632206906774,0.0,0.0,0.0,0.0,0.0,0.0,0.0,0.0,0.0,1.0,0.0,0.0,0.0,1.0,0,0.0,0.0,0.0,0.0,0.14572448866162738,4,benign
857697,104952431,166777,642804,48116,178628,267467,64403,572950,0,0.2594523369487433,0.20826469021111185,999.0,122.36539360636682,0,0,0,0,0,64397,108,0,0,0,0,0,0,0,0,0,0,0,0,0,0,0,0.0,0.0,0.0,0.0,0.0,1.999932823538632,125128,53487,3,2.3394095761586926,0.1458883498484896,0.06236118349487057,0.07508828875465345,0.0,0.0,0.0,0.056099065287624886,0.31184322668728,0.0,0.0,0.0,0.0,0.0,0.0,0.0,0.0,0.0,1.0,0.0,0.0,0.0,1.0,0,0.0,0.0,0.0,0.0,0.1458883498484896,4,benign
871424,106678680,169829,653592,48003,181543,272482,65563,582086,0,0.2598394717193601,0.20832912566098707,999.0,122.41879957403056,0,0,0,0,0,65567,108,0,0,0,0,0,0,0,0,0,0,0,0,0,0,0,0.0,0.0,0.0,0.0,0.0,1.9998567934962215,127046,54502,3,2.331033723533081,0.14579125660987075,0.06254360678613397,0.07523662419212691,0.0,0.0,0.0,0.055085698810223266,0.3126859026145711,0.0,0.0,0.0,0.0,0.0,0.0,0.0,0.0,0.0,1.0,0.0,0.0,0.0,1.0,0,0.0,0.0,0.0,0.0,0.14579125660987075,4,benign
864256,105857872,168386,647812,48058,179960,269730,64854,577503,0,0.259930350163319,0.20822534063981044,999.0,122.48439351303317,0,0,0,0,0,64856,108,0,0,0,0,0,0,0,0,0,0,0,0,0,0,0,0.0,0.0,0.0,0.0,0.0,2.0002222963209957,126013,53948,3,2.3358233854823163,0.14580517809537916,0.06242131960900474,0.0750402658471564,0.0,0.0,0.0,0.05560620927132701,0.3120950273992891,0.0,0.0,0.0,0.0,0.0,0.0,0.0,0.0,0.0,1.0,0.0,0.0,0.0,1.0,0,0.0,0.0,0.0,0.0,0.14580517809537916,4,benign
866488,106157032,168853,649569,48066,180435,270668,64895,579063,0,0.2599462104872616,0.20823715966060696,999.0,122.51413983805892,0,0,0,0,0,64896,108,0,0,0,0,0,0,0,0,0,0,0,0,0,0,0,0.0,0.0,0.0,0.0,0.0,2.0000775932782053,126301,54126,3,2.3334626611979457,0.14576197246817035,0.062465954519854865,0.07489428589893916,0.0,0.0,0.0,0.055472205039192694,0.31237362779403754,0.0,0.0,0.0,0.0,0.0,0.0,0.0,0.0,0.0,1.0,0.0,0.0,0.0,1.0,0,0.0,0.0,0.0,0.0,0.14576197246817035,4,benign
975984,112064507,177958,732039,51255,190565,285770,68624,651676,0,0.2430990698582999,0.1952542254791062,999.0,114.82207392744144,0,0,0,0,0,68547,108,0,0,0,0,0,0,0,0,0,0,0,0,0,0,0,0.0,0.0,0.0,0.0,0.0,1.9971389345937391,133416,57160,3,2.33407977606718,0.13669896227807013,0.05856653387760455,0.07031262807587009,0.0,0.0,0.0,0.05251622977425859,0.29280193117919967,0.0,0.0,0.0,0.0,0.0,0.0,0.0,0.0,0.0,1.0,0.0,0.0,0.0,1.0,0,0.0,0.0,0.0,0.0,0.13669896227807013,4,benign
865010,105945015,168864,648579,47567,180122,270654,64921,577985,0,0.2603599561502916,0.20823111871539057,999.0,122.47837019225211,0,0,0,0,0,64923,108,0,0,0,0,0,0,0,0,0,0,0,0,0,0,0,0.0,0.0,0.0,0.0,0.0,2.0000444153277295,125983,54120,3,2.3278455284552844,0.14564340296643968,0.06256575068496317,0.07505231153397071,0.0,0.0,0.0,0.05499011572120553,0.31289118044878095,0.0,0.0,0.0,0.0,0.0,0.0,0.0,0.0,0.0,1.0,0.0,0.0,0.0,1.0,0,0.0,0.0,0.0,0.0,0.14564340296643968,4,benign
864768,105965125,169162,648118,47488,180079,269714,64844,578253,0,0.2610049404583733,0.20823966659265838,999.0,122.53589980202783,0,0,0,0,0,64841,108,0,0,0,0,0,0,0,0,0,0,0,0,0,0,0,0.0,0.0,0.0,0.0,0.0,1.9998334203249415,126140,53951,3,2.3380474875349853,0.1458657119597395,0.06238783118709296,0.07498427323860272,0.0,0.0,0.0,0.054914150384843104,0.31189174437537004,0.0,0.0,0.0,0.0,0.0,0.0,0.0,0.0,0.0,1.0,0.0,0.0,0.0,1.0,0,0.0,0.0,0.0,0.0,0.1458657119597395,4,benign
857088,104824484,166288,642753,48047,178507,267828,64480,572205,0,0.25871213358786344,0.20827149604241338,999.0,122.303058729092,0,0,0,0,0,64470,108,0,0,0,0,0,0,0,0,0,0,0,0,0,0,0,0.0,0.0,0.0,0.0,0.0,2.000078431372549,124958,53575,3,2.3323938404106395,0.1457936641278375,0.06250816718936679,0.07523148148148148,0.0,0.0,0.0,0.05605842107228196,0.31248599910394265,0.0,0.0,0.0,0.0,0.0,0.0,0.0,0.0,0.0,1.0,0.0,0.0,0.0,1.0,0,0.0,0.0,0.0,0.0,0.1457936641278375,4,benign
865280,105992280,168279,648672,48329,180118,270933,64828,577831,0,0.25942078585170936,0.2081615199704142,999.0,122.49477625739645,0,0,0,0,0,64840,108,0,0,0,0,0,0,0,0,0,0,0,0,0,0,0,0.0,0.0,0.0,0.0,0.0,1.9998667628934659,125928,54186,3,2.3239951278928137,0.14553439349112426,0.06262250369822485,0.0749214127218935,0.0,0.0,0.0,0.05585359652366864,0.31311598557692305,0.0,0.0,0.0,0.0,0.0,0.0,0.0,0.0,0.0,1.0,0.0,0.0,0.0,1.0,0,0.0,0.0,0.0,0.0,0.14553439349112426,4,benign
860441,105421486,167065,645792,47585,179446,268737,64234,575216,0,0.25869784698478765,0.20855119642136996,999.0,122.52029598775512,0,0,0,0,0,64229,108,0,0,0,0,0,0,0,0,0,0,0,0,0,0,0,0.0,0.0,0.0,0.0,0.0,2.00008916728898,125686,53738,3,2.338866351557557,0.14607160746640385,0.06245402067079556,0.07465241660962227,0.0,0.0,0.0,0.0553030364661842,0.312324726506524,0.0,0.0,0.0,0.0,0.0,0.0,0.0,0.0,0.0,1.0,0.0,0.0,0.0,1.0,0,0.0,0.0,0.0,0.0,0.14607160746640385,4,benign
862925,105642182,167137,647950,47838,179920,270318,64461,576466,0,0.25794737248244465,0.20850015934177363,999.0,122.4233647188342,0,0,0,0,0,64453,108,0,0,0,0,0,0,0,0,0,0,0,0,0,0,0,0.0,0.0,0.0,0.0,0.0,2.0000222323502928,125862,54062,3,2.328104768599016,0.1458550858997016,0.06264970883912276,0.0747005823217545,0.0,0.0,0.0,0.05543703102818901,0.3132578149897152,0.0,0.0,0.0,0.0,0.0,0.0,0.0,0.0,0.0,1.0,0.0,0.0,0.0,1.0,0,0.0,0.0,0.0,0.0,0.1458550858997016,4,benign
870449,106493363,168313,653636,48502,181582,272446,65038,581393,0,0.25750264673304407,0.20860728198895054,999.0,122.34302411743825,0,0,0,0,0,65046,108,0,0,0,0,0,0,0,0,0,0,0,0,0,0,0,0.0,0.0,0.0,0.0,0.0,1.999845811581753,127089,54495,3,2.3321222130470685,0.14600395887639597,0.06260562077732297,0.07471776060401011,0.0,0.0,0.0,0.05572066829877454,0.31299478774747286,0.0,0.0,0.0,0.0,0.0,0.0,0.0,0.0,0.0,1.0,0.0,0.0,0.0,1.0,0,0.0,0.0,0.0,0.0,0.14600395887639597,4,benign
1110498,128465401,204235,832706,57797,218599,328294,78578,742221,0,0.2452666367241259,0.19684772057221175,999.0,115.68269461088629,0,0,0,0,0,73998,108,0,0,0,0,0,0,0,0,0,0,0,0,0,0,0,0.0,0.0,0.0,0.0,0.0,2.000997757334432,152943,65662,3,2.3292467484998935,0.1377246964875218,0.05912842706605505,0.07075924495136417,0.0,0.0,0.0,0.05204601899328049,0.2956277273799683,0.0,0.0,0.0,0.0,0.0,0.0,0.0,0.0,0.0,1.0,0.0,0.0,0.0,1.0,0,0.0,0.0,0.0,0.0,0.1377246964875218,4,benign
983413,120102067,189532,736939,56944,204661,307397,73646,656602,0,0.2571881797543623,0.20811296983057984,999.0,122.12780083240713,0,0,0,0,0,73623,108,0,0,0,0,0,0,0,0,0,0,0,0,0,0,0,0.0,0.0,0.0,0.0,0.0,2.0015354222900283,143176,61480,3,2.328822381262199,0.14559091653252498,0.06251696896420934,0.07488817007706833,0.0,0.0,0.0,0.05790446129957607,0.3125817942207394,0.0,0.0,0.0,0.0,0.0,0.0,0.0,0.0,0.0,1.0,0.0,0.0,0.0,1.0,0,0.0,0.0,0.0,0.0,0.14559091653252498,4,benign
1112112,128709253,203460,834714,59041,219314,328547,78644,742790,0,0.24374815805173988,0.19720495777403715,999.0,115.73407444573928,0,0,0,0,0,78666,108,0,0,0,0,0,0,0,0,0,0,0,0,0,0,0,0.0,0.0,0.0,0.0,0.0,2.001642830414267,153611,65722,3,2.3372843187973587,0.13812547657070512,0.05909656581351518,0.07071589911807444,0.0,0.0,0.0,0.05308907735911491,0.29542618009696864,0.0,0.0,0.0,0.0,0.0,0.0,0.0,0.0,0.0,1.0,0.0,0.0,0.0,1.0,0,0.0,0.0,0.0,0.0,0.13812547657070512,4,benign
861184,105348047,166363,646305,48516,179588,269163,64345,575122,0,0.2574063329233102,0.20853615487514862,999.0,122.32931289945006,0,0,0,0,0,64335,108,0,0,0,0,0,0,0,0,0,0,0,0,0,0,0,0.0,0.0,0.0,0.0,0.0,1.9999109111561504,125734,53815,3,2.336411781101923,0.14600131911414982,0.062489549271700355,0.074716901382283,0.0,0.0,0.0,0.056336392687277054,0.31254993125743163,0.0,0.0,0.0,0.0,0.0,0.0,0.0,0.0,0.0,1.0,0.0,0.0,0.0,1.0,0,0.0,0.0,0.0,0.0,0.14600131911414982,4,benign
867176,106269008,168520,650694,47962,180751,270959,64680,579766,0,0.2589850221455861,0.2084363497144755,999.0,122.54606677306568,0,0,0,0,0,64686,108,0,0,0,0,0,0,0,0,0,0,0,0,0,0,0,0.0,0.0,0.0,0.0,0.0,2.000033195388054,126577,54197,3,2.335498274812259,0.14596460234139322,0.06249827024733157,0.07458693506277848,0.0,0.0,0.0,0.05530826498888346,0.3124613688570717,0.0,0.0,0.0,0.0,0.0,0.0,0.0,0.0,0.0,1.0,0.0,0.0,0.0,1.0,0,0.0,0.0,0.0,0.0,0.14596460234139322,4,benign
979905,119987946,190437,735213,54255,204294,306319,73169,654624,0,0.2590228954058212,0.2084834754389456,999.0,122.44854960429838,0,0,0,0,0,73243,108,0,0,0,0,0,0,0,0,0,0,0,0,0,0,0,0.0,0.0,0.0,0.0,0.0,1.999647628835707,143021,61264,3,2.33450313397754,0.14595394451502952,0.06252034636010634,0.07466948326623499,0.0,0.0,0.0,0.05536761216648552,0.3126007112934417,0.0,0.0,0.0,0.0,0.0,0.0,0.0,0.0,0.0,1.0,0.0,0.0,0.0,1.0,0,0.0,0.0,0.0,0.0,0.14595394451502952,4,benign
863232,105668124,167709,647986,47537,180060,269601,64615,576988,0,0.2588157768840685,0.20858818950177935,999.0,122.40987822508897,0,0,0,0,0,64626,108,0,0,0,0,0,0,0,0,0,0,0,0,0,0,0,0.0,0.0,0.0,0.0,0.0,2.0000666466726646,126133,53922,3,2.33917510478098,0.14611715043001186,0.062465246886121,0.07485241510972716,0.0,0.0,0.0,0.055068625815539736,0.3123158084964413,0.0,0.0,0.0,0.0,0.0,0.0,0.0,0.0,0.0,1.0,0.0,0.0,0.0,1.0,0,0.0,0.0,0.0,0.0,0.14611715043001186,4,benign
869376,106411523,168986,652228,48162,181178,271618,65226,580818,0,0.2590903794378653,0.20840004785041225,999.0,122.39988566512073,0,0,0,0,0,65223,108,0,0,0,0,0,0,0,0,0,0,0,0,0,0,0,0.0,0.0,0.0,0.0,0.0,1.9998013201174418,126871,54320,3,2.335622238586156,0.1459334051089517,0.062481595995288575,0.07502622570671379,0.0,0.0,0.0,0.0553983546819788,0.3124286844817432,0.0,0.0,0.0,0.0,0.0,0.0,0.0,0.0,0.0,1.0,0.0,0.0,0.0,1.0,0,0.0,0.0,0.0,0.0,0.1459334051089517,4,benign
838656,102672665,162691,629460,46505,174928,261858,62644,560570,0,0.2584612207288787,0.20858134920634921,999.0,122.42524348481379,0,0,0,0,0,62635,108,0,0,0,0,0,0,0,0,0,0,0,0,0,0,0,0.0,0.0,0.0,0.0,0.0,2.000137208717327,122537,52371,3,2.3397872868572303,0.1461111588064713,0.062446342719780217,0.0746957036019536,0.0,0.0,0.0,0.05545181814713065,0.3122352907509158,0.0,0.0,0.0,0.0,0.0,0.0,0.0,0.0,0.0,1.0,0.0,0.0,0.0,1.0,0,0.0,0.0,0.0,0.0,0.1461111588064713,4,benign
861696,105472483,168001,646110,47585,179461,269191,64866,575603,0,0.26001919177848976,0.20826486371063577,999.0,122.40103586415627,0,0,0,0,0,64873,108,0,0,0,0,0,0,0,0,0,0,0,0,0,0,0,0.0,0.0,0.0,0.0,0.0,1.999877418204511,125627,53831,3,2.3337296353402315,0.14579039475638741,0.06247098744800951,0.07527712789661319,0.0,0.0,0.0,0.05522249145870469,0.31239671531491386,0.0,0.0,0.0,0.0,0.0,0.0,0.0,0.0,0.0,1.0,0.0,0.0,0.0,1.0,0,0.0,0.0,0.0,0.0,0.14579039475638741,4,benign
868101,106295193,168077,652304,47720,181144,272211,64789,579997,0,0.25766667075474015,0.20866696386710762,999.0,122.44565206122329,0,0,0,0,0,64792,108,0,0,0,0,0,0,0,0,0,0,0,0,0,0,0,0.0,0.0,0.0,0.0,0.0,1.9999337565553408,126712,54457,3,2.3268266705841305,0.14596458246217894,0.06273117989727002,0.07463302081209444,0.0,0.0,0.0,0.054970562181128696,0.3135706559490198,0.0,0.0,0.0,0.0,0.0,0.0,0.0,0.0,0.0,1.0,0.0,0.0,0.0,1.0,0,0.0,0.0,0.0,0.0,0.14596458246217894,4,benign
921859,112792228,179098,691672,51089,192091,287958,69248,615557,0,0.25893487086364636,0.20837351482168098,999.0,122.3530149404627,0,0,0,0,0,69220,108,0,0,0,0,0,0,0,0,0,0,0,0,0,0,0,0.0,0.0,0.0,0.0,0.0,2.0000104117861417,134501,57600,3,2.3350868055555556,0.1459019220943767,0.06248244037320241,0.07511777831533889,0.0,0.0,0.0,0.05541953812893295,0.3123666417532399,0.0,0.0,0.0,0.0,0.0,0.0,0.0,0.0,0.0,1.0,0.0,0.0,0.0,1.0,0,0.0,0.0,0.0,0.0,0.1459019220943767,4,benign
861696,105544414,167951,645985,47760,179431,269273,64562,575843,0,0.25999210507983933,0.20823004864824718,999.0,122.4845119392454,0,0,0,0,0,64560,108,0,0,0,0,0,0,0,0,0,0,0,0,0,0,0,0.0,0.0,0.0,0.0,0.0,2.0001449129964666,125569,53844,3,2.332088997845628,0.14572308563576947,0.06248607397504456,0.0749243352644088,0.0,0.0,0.0,0.05542557932263815,0.3124918764854427,0.0,0.0,0.0,0.0,0.0,0.0,0.0,0.0,0.0,1.0,0.0,0.0,0.0,1.0,0,0.0,0.0,0.0,0.0,0.14572308563576947,4,benign
924449,113288701,179823,693266,51360,192560,288802,69224,617463,0,0.25938528645570386,0.20829705045924654,999.0,122.54726977907922,0,0,0,0,0,69109,108,0,0,0,0,0,0,0,0,0,0,0,0,0,0,0,0.0,0.0,0.0,0.0,0.0,1.9989411508237225,134804,57761,3,2.3338238603902286,0.14582091602673591,0.06248154305970367,0.07488136176252017,0.0,0.0,0.0,0.05555741852714428,0.3124044701222025,0.0,0.0,0.0,0.0,0.0,0.0,0.0,0.0,0.0,1.0,0.0,0.0,0.0,1.0,0,0.0,0.0,0.0,0.0,0.14582091602673591,4,benign
861184,105450494,167487,645980,47717,179469,268903,64510,575501,0,0.2592758289730332,0.2083979730231867,999.0,122.4482735396849,0,0,0,0,0,64514,108,0,0,0,0,0,0,0,0,0,0,0,0,0,0,0,0.0,0.0,0.0,0.0,0.0,1.9999665686012302,125686,53781,3,2.336996336996337,0.1459455818965517,0.06245006874256837,0.07490849806777646,0.0,0.0,0.0,0.05540860025267539,0.31224802132877527,0.0,0.0,0.0,0.0,0.0,0.0,0.0,0.0,0.0,1.0,0.0,0.0,0.0,1.0,0,0.0,0.0,0.0,0.0,0.1459455818965517,4,benign
860160,105223256,166798,645652,47710,179375,268836,64553,574525,0,0.25834040628697813,0.20853678385416666,999.0,122.32986421130953,0,0,0,0,0,64553,108,0,0,0,0,0,0,0,0,0,0,0,0,0,0,0,0.0,0.0,0.0,0.0,0.0,2.000033450036795,125610,53773,3,2.3359306715266026,0.14603097098214285,0.0625151134672619,0.07504766555059524,0.0,0.0,0.0,0.05546642485119048,0.31254185267857143,0.0,0.0,0.0,0.0,0.0,0.0,0.0,0.0,0.0,1.0,0.0,0.0,0.0,1.0,0,0.0,0.0,0.0,0.0,0.14603097098214285,4,benign
860672,105251781,167214,644942,48516,179213,268215,64755,574777,0,0.2592698258137941,0.2082245036436645,999.0,122.29023483975313,0,0,0,0,0,64758,108,0,0,0,0,0,0,0,0,0,0,0,0,0,0,0,0.0,0.0,0.0,0.0,0.0,2.000145089285714,125570,53634,3,2.341238766454115,0.1458976241820345,0.06231642251635931,0.07523772122248662,0.0,0.0,0.0,0.05636990630577037,0.3116343973081499,0.0,0.0,0.0,0.0,0.0,0.0,0.0,0.0,0.0,1.0,0.0,0.0,0.0,1.0,0,0.0,0.0,0.0,0.0,0.1458976241820345,4,benign
860954,105331685,166691,646179,48085,179576,268733,64542,575081,0,0.2579641244918204,0.20857792634681993,999.0,122.3429881271241,0,0,0,0,0,64542,108,0,0,0,0,0,0,0,0,0,0,0,0,0,0,0,0.0,0.0,0.0,0.0,0.0,1.9997995478690824,125825,53750,3,2.3409302325581396,0.14614601941567146,0.06243074542890793,0.07496567760879211,0.0,0.0,0.0,0.05585083523626117,0.3121339816064505,0.0,0.0,0.0,0.0,0.0,0.0,0.0,0.0,0.0,1.0,0.0,0.0,0.0,1.0,0,0.0,0.0,0.0,0.0,0.14614601941567146,4,benign
926535,113341443,191513,694946,55223,205804,289869,69533,618592,0,0.27557968532806865,0.22212220801156998,999.0,122.32829089025239,0,0,0,0,0,69462,108,0,0,0,0,0,0,0,0,0,0,0,0,0,0,0,0.0,0.0,0.0,0.0,0.0,2.000583249086243,134957,57968,3,2.3281293127242617,0.14565774633446119,0.06256428521318677,0.07504627456059404,0.0,0.0,0.0,0.05960163404512512,0.3128527254771811,0.0,0.0,0.0,0.0,0.0,0.0,0.0,0.0,0.0,1.0,0.0,0.0,0.0,1.0,0,0.0,0.0,0.0,0.0,0.14565774633446119,4,benign
989562,121027948,203855,742270,58791,219160,309398,74441,660705,0,0.2746372613738936,0.2214717218324875,999.0,122.30456302889561,0,0,0,0,0,74132,108,0,0,0,0,0,0,0,0,0,0,0,0,0,0,0,0.0,0.0,0.0,0.0,0.0,1.9987414385904112,144401,61884,3,2.333414129661948,0.1459241563439178,0.06253675868717676,0.07522621119242655,0.0,0.0,0.0,0.05941113341053921,0.31266156137766,0.0,0.0,0.0,0.0,0.0,0.0,0.0,0.0,0.0,1.0,0.0,0.0,0.0,1.0,0,0.0,0.0,0.0,0.0,0.1459241563439178,4,benign
874496,107105165,170264,656048,48184,182210,273521,65706,584191,0,0.2595297905031339,0.20836001536885246,999.0,122.47644929193501,0,0,0,0,0,65706,108,0,0,0,0,0,0,0,0,0,0,0,0,0,0,0,0.0,0.0,0.0,0.0,0.0,2.0000878146233303,127507,54704,3,2.330853319684118,0.1458062701258782,0.0625548887587822,0.07513584967798595,0.0,0.0,0.0,0.05509916569086651,0.312775587309719,0.0,0.0,0.0,0.0,0.0,0.0,0.0,0.0,0.0,1.0,0.0,0.0,0.0,1.0,0,0.0,0.0,0.0,0.0,0.1458062701258782,4,benign
862720,105622737,167544,647596,47580,179876,269930,64696,576319,0,0.25871685433511016,0.20849870178041544,999.0,122.42991584755192,0,0,0,0,0,64696,108,0,0,0,0,0,0,0,0,0,0,0,0,0,0,0,0.0,0.0,0.0,0.0,0.0,2.0000444760718734,125884,53988,3,2.3317033414832924,0.14591524480712167,0.06257882047477745,0.07499072700296736,0.0,0.0,0.0,0.055151149851632046,0.31288251112759646,0.0,0.0,0.0,0.0,0.0,0.0,0.0,0.0,0.0,1.0,0.0,0.0,0.0,1.0,0,0.0,0.0,0.0,0.0,0.14591524480712167,4,benign
864960,105941922,168751,648425,47784,180088,270372,64957,577920,0,0.26024752284381386,0.20820384757676655,999.0,122.4818743063263,0,0,0,0,0,64955,108,0,0,0,0,0,0,0,0,0,0,0,0,0,0,0,0.0,0.0,0.0,0.0,0.0,1.999977788883336,126019,54076,3,2.330405355425697,0.14569344247132815,0.06251849796522382,0.07509827044025157,0.0,0.0,0.0,0.05524417314095449,0.3125832408435072,0.0,0.0,0.0,0.0,0.0,0.0,0.0,0.0,0.0,1.0,0.0,0.0,0.0,1.0,0,0.0,0.0,0.0,0.0,0.14569344247132815,4,benign
861486,105432712,167361,646058,48067,179506,268982,64517,575611,0,0.2590494971039752,0.20836786668616786,999.0,122.3847073545014,0,0,0,0,0,64517,108,0,0,0,0,0,0,0,0,0,0,0,0,0,0,0,0.0,0.0,0.0,0.0,0.0,2.000066852367688,125702,53789,3,2.3369462157690233,0.1459129922018466,0.062437462709782864,0.07489036385965646,0.0,0.0,0.0,0.05579545111586259,0.31223026259277575,0.0,0.0,0.0,0.0,0.0,0.0,0.0,0.0,0.0,1.0,0.0,0.0,0.0,1.0,0,0.0,0.0,0.0,0.0,0.1459129922018466,4,benign
865834,106036394,168863,649479,47492,180423,270576,64943,578699,0,0.25999762886867783,0.20838059027481018,999.0,122.46734824458268,0,0,0,0,0,64944,108,0,0,0,0,0,0,0,0,0,0,0,0,0,0,0,0.0,0.0,0.0,0.0,0.0,1.9999667453692926,126305,54120,3,2.3337952697708797,0.14587669229898573,0.06250620788742414,0.07500629450910913,0.0,0.0,0.0,0.05485116084607442,0.31250332049792456,0.0,0.0,0.0,0.0,0.0,0.0,0.0,0.0,0.0,1.0,0.0,0.0,0.0,1.0,0,0.0,0.0,0.0,0.0,0.14587669229898573,4,benign
862661,120759711,204289,647476,56656,218220,307820,73769,576874,0,0.31551594190363813,0.25296147617662096,999.0,139.98512857310115,0,0,0,0,0,73854,108,0,0,0,0,0,0,0,0,0,0,0,0,0,0,0,0.0,0.0,0.0,0.0,0.0,1.996432002195691,143865,61559,3,2.3370262674832274,0.1667688698109686,0.07135943319565854,0.08551331287724842,0.0,0.0,0.0,0.0656758564488252,0.3568261460759209,0.0,0.0,0.0,0.0,0.0,0.0,0.0,0.0,0.0,1.0,0.0,0.0,0.0,1.0,0,0.0,0.0,0.0,0.0,0.1667688698109686,4,benign
861160,105295350,166280,646397,48483,179608,268956,64429,575126,0,0.2572412928896638,0.2085651911375354,999.0,122.27152910028335,0,0,0,0,0,64418,108,0,0,0,0,0,0,0,0,0,0,0,0,0,0,0,0.0,0.0,0.0,0.0,0.0,2.000245007962759,125808,53800,3,2.338438661710037,0.14609131868642297,0.06247387245111245,0.07481652654558966,0.0,0.0,0.0,0.05629964234288634,0.3123182683821822,0.0,0.0,0.0,0.0,0.0,0.0,0.0,0.0,0.0,1.0,0.0,0.0,0.0,1.0,0,0.0,0.0,0.0,0.0,0.14609131868642297,4,benign
929791,113838914,180263,697160,52368,193659,290265,69472,621168,0,0.25856761718974125,0.2082822913966687,999.0,122.43494935958726,0,0,0,0,0,69636,108,0,0,0,0,0,0,0,0,0,0,0,0,0,0,0,0.0,0.0,0.0,0.0,0.0,1.9999483641771316,135610,58039,3,2.3365323317079896,0.14584998133989252,0.062421554951596646,0.07471786670337742,0.0,0.0,0.0,0.05632233480427322,0.3121830604942401,0.0,0.0,0.0,0.0,0.0,0.0,0.0,0.0,0.0,1.0,0.0,0.0,0.0,1.0,0,0.0,0.0,0.0,0.0,0.14584998133989252,4,benign
859671,105304260,167919,644290,47462,178934,268789,64722,574251,0,0.2606264259882972,0.2081424172735849,999.0,122.49367490586515,0,0,0,0,0,64719,108,0,0,0,0,0,0,0,0,0,0,0,0,0,0,0,0.0,0.0,0.0,0.0,0.0,2.0000223548610645,125175,53772,3,2.3278844008033923,0.14560802911811613,0.06254951021960727,0.07528694116702785,0.0,0.0,0.0,0.05520949293392472,0.3126649613631261,0.0,0.0,0.0,0.0,0.0,0.0,0.0,0.0,0.0,1.0,0.0,0.0,0.0,1.0,0,0.0,0.0,0.0,0.0,0.14560802911811613,4,benign
859295,105206855,166879,644966,47450,179148,268796,64331,574114,0,0.2587407708313306,0.20848253510144946,999.0,122.43391966670352,0,0,0,0,0,64334,108,0,0,0,0,0,0,0,0,0,0,0,0,0,0,0,0.0,0.0,0.0,0.0,0.0,1.999843716859602,125386,53751,3,2.332719391267139,0.14591729266433529,0.06255244124543957,0.07486486014698096,0.0,0.0,0.0,0.05521968590530609,0.3128099197598031,0.0,0.0,0.0,0.0,0.0,0.0,0.0,0.0,0.0,1.0,0.0,0.0,0.0,1.0,0,0.0,0.0,0.0,0.0,0.14591729266433529,4,benign
932642,121464313,192333,700270,54700,207168,310884,74254,622805,0,0.27465549002527595,0.22213024933468575,999.0,130.23680361810855,0,0,0,0,0,74211,108,0,0,0,0,0,0,0,0,0,0,0,0,0,0,0,0.0,0.0,0.0,0.0,0.0,1.9995946141595482,145000,62180,3,2.3319395303956254,0.155472303413314,0.06667081259475768,0.07961683046656702,0.0,0.0,0.0,0.058650586184195004,0.33333690740927385,0.0,0.0,0.0,0.0,0.0,0.0,0.0,0.0,0.0,1.0,0.0,0.0,0.0,1.0,0,0.0,0.0,0.0,0.0,0.155472303413314,4,benign
992099,121367563,192492,744858,55295,206539,310058,74119,662638,0,0.25842778086561463,0.20818386068325842,999.0,122.33412492100082,0,0,0,0,0,74336,108,0,0,0,0,0,0,0,0,0,0,0,0,0,0,0,0.0,0.0,0.0,0.0,0.0,1.9991772494966702,144526,62015,3,2.3305006853180683,0.1456769939290333,0.06250888268207104,0.07470927800552163,0.0,0.0,0.0,0.055735365119811635,0.312527278023665,0.0,0.0,0.0,0.0,0.0,0.0,0.0,0.0,0.0,1.0,0.0,0.0,0.0,1.0,0,0.0,0.0,0.0,0.0,0.1456769939290333,4,benign
984930,127646400,201773,739150,59042,217746,326851,78323,658004,0,0.27297977406480417,0.22107764003533245,999.0,129.5994639212939,0,0,0,0,0,83245,108,0,0,0,0,0,0,0,0,0,0,0,0,0,0,0,0.0,0.0,0.0,0.0,0.0,2.000146971019152,152373,65372,3,2.330860307165147,0.15470439523620969,0.06637222949854304,0.07952138730671215,0.0,0.0,0.0,0.05994537682881017,0.33185200978749757,0.0,0.0,0.0,0.0,0.0,0.0,0.0,0.0,0.0,1.0,0.0,0.0,0.0,1.0,0,0.0,0.0,0.0,0.0,0.15470439523620969,4,benign
863160,105612746,167161,647368,48631,179872,269511,64557,576533,0,0.25821634680738004,0.208387784420038,999.0,122.35593169284952,0,0,0,0,0,64552,108,0,0,0,0,0,0,0,0,0,0,0,0,0,0,0,0.0,0.0,0.0,0.0,0.0,1.9999777622113257,125963,53909,3,2.3365857278005526,0.14593238796978544,0.06245539645025256,0.07479146392325872,0.0,0.0,0.0,0.05634065526669447,0.3122375921034339,0.0,0.0,0.0,0.0,0.0,0.0,0.0,0.0,0.0,1.0,0.0,0.0,0.0,1.0,0,0.0,0.0,0.0,0.0,0.14593238796978544,4,benign
862071,105347571,166860,646156,49055,179512,269039,64806,575373,0,0.2582348535028693,0.20823342856910856,999.0,122.20289396117025,0,0,0,0,0,64804,108,0,0,0,0,0,0,0,0,0,0,0,0,0,0,0,0.0,0.0,0.0,0.0,0.0,1.9998663131391903,125706,53801,3,2.3364993215739482,0.14581861586806655,0.06240901271472999,0.07517478258751309,0.0,0.0,0.0,0.05690366570734893,0.31208450348057176,0.0,0.0,0.0,0.0,0.0,0.0,0.0,0.0,0.0,1.0,0.0,0.0,0.0,1.0,0,0.0,0.0,0.0,0.0,0.14581861586806655,4,benign
862373,105585745,168012,646975,47386,179695,269712,64798,576140,0,0.25968855056223195,0.20837271111224492,999.0,122.43628337158052,0,0,0,0,0,64806,108,0,0,0,0,0,0,0,0,0,0,0,0,0,0,0,0.0,0.0,0.0,0.0,0.0,2.0000779128266775,125755,53941,3,2.331343504940583,0.1458243706609553,0.06254950004232507,0.07513917991402792,0.0,0.0,0.0,0.05494838080505767,0.3127556173488734,0.0,0.0,0.0,0.0,0.0,0.0,0.0,0.0,0.0,1.0,0.0,0.0,0.0,1.0,0,0.0,0.0,0.0,0.0,0.1458243706609553,4,benign
863405,105737166,167626,647815,47966,179934,270035,64516,576931,0,0.2587559719981785,0.20840046096559553,999.0,122.46531581355215,0,0,0,0,0,64513,108,0,0,0,0,0,0,0,0,0,0,0,0,0,0,0,0.0,0.0,0.0,0.0,0.0,1.9999777698737329,125930,54011,3,2.331562089204051,0.14585275739658676,0.06255581100410584,0.07472275467480499,0.0,0.0,0.0,0.05555446169526468,0.3127558909202518,0.0,0.0,0.0,0.0,0.0,0.0,0.0,0.0,0.0,1.0,0.0,0.0,0.0,1.0,0,0.0,0.0,0.0,0.0,0.14585275739658676,4,benign
925734,120461371,192473,693739,53784,204843,306826,74218,618917,0,0.2774429576541033,0.22127630615273933,999.0,130.12525304245065,0,0,0,0,0,74162,108,0,0,0,0,0,0,0,0,0,0,0,0,0,0,0,0.0,0.0,0.0,0.0,0.0,1.997903032312809,143481,61365,3,2.3381569298460034,0.15499160666022854,0.06628794016423724,0.08017205806419554,0.0,0.0,0.0,0.05809876271153485,0.331440781045095,0.0,0.0,0.0,0.0,0.0,0.0,0.0,0.0,0.0,1.0,0.0,0.0,0.0,1.0,0,0.0,0.0,0.0,0.0,0.15499160666022854,4,benign
860160,105271675,167272,645004,47884,179217,268430,64548,574693,0,0.25933482583053746,0.20835309709821428,999.0,122.38615490141369,0,0,0,0,0,64553,108,0,0,0,0,0,0,0,0,0,0,0,0,0,0,0,0.0,0.0,0.0,0.0,0.0,2.0000557998348323,125526,53685,3,2.3381950265437275,0.14593331473214285,0.062412806919642856,0.07504185267857143,0.0,0.0,0.0,0.05566871279761905,0.3120698474702381,0.0,0.0,0.0,0.0,0.0,0.0,0.0,0.0,0.0,1.0,0.0,0.0,0.0,1.0,0,0.0,0.0,0.0,0.0,0.14593331473214285,4,benign
865792,105997652,168789,649434,47569,180336,271057,65049,578355,0,0.25990169901791405,0.20829021289178,999.0,122.42854172826729,0,0,0,0,0,65064,108,0,0,0,0,0,0,0,0,0,0,0,0,0,0,0,0.0,0.0,0.0,0.0,0.0,2.0,126128,54212,3,2.3265697631520696,0.1456793317563572,0.06261550118273211,0.075132364355411,0.0,0.0,0.0,0.05494275761383797,0.3130740408781786,0.0,0.0,0.0,0.0,0.0,0.0,0.0,0.0,0.0,1.0,0.0,0.0,0.0,1.0,0,0.0,0.0,0.0,0.0,0.1456793317563572,4,benign
869475,106465154,168784,652751,47940,181341,271876,65052,581030,0,0.25857333041236247,0.20856378849305615,999.0,122.44763104172058,0,0,0,0,0,65047,108,0,0,0,0,0,0,0,0,0,0,0,0,0,0,0,0.0,0.0,0.0,0.0,0.0,1.9999889711153511,126961,54370,3,2.335129667095825,0.14602029960608412,0.06253198769372323,0.07481756232209091,0.0,0.0,0.0,0.05513672043474511,0.312689841571063,0.0,0.0,0.0,0.0,0.0,0.0,0.0,0.0,0.0,1.0,0.0,0.0,0.0,1.0,0,0.0,0.0,0.0,0.0,0.14602029960608412,4,benign
926651,113438371,180476,694946,51229,193022,289504,69463,619433,0,0.25969787580617776,0.20830064393174993,999.0,122.41757792307999,0,0,0,0,0,69457,108,0,0,0,0,0,0,0,0,0,0,0,0,0,0,0,0.0,0.0,0.0,0.0,0.0,2.00109892388397,135122,57897,3,2.333834222844016,0.1458175731747983,0.062479833292145584,0.07496133927444097,0.0,0.0,0.0,0.05528402818321029,0.31241967040449964,0.0,0.0,0.0,0.0,0.0,0.0,0.0,0.0,0.0,1.0,0.0,0.0,0.0,1.0,0,0.0,0.0,0.0,0.0,0.1458175731747983,4,benign
1105232,120312737,191123,828716,54906,204717,306800,73709,737754,0,0.23062544949053718,0.1852253644483692,999.0,108.85744983858592,0,0,0,0,0,73656,108,0,0,0,0,0,0,0,0,0,0,0,0,0,0,0,0.0,0.0,0.0,0.0,0.0,1.999111362837389,143356,61360,3,2.3363102998696217,0.12970670411280166,0.055517755548156404,0.06669097528844622,0.0,0.0,0.0,0.0496782575965951,0.277588777740782,0.0,0.0,0.0,0.0,0.0,0.0,0.0,0.0,0.0,1.0,0.0,0.0,0.0,1.0,0,0.0,0.0,0.0,0.0,0.12970670411280166,4,benign
864385,105874026,168900,647671,47814,179842,270295,65036,577394,0,0.2607805506190643,0.2080577520433603,999.0,122.48480248963136,0,0,0,0,0,65035,108,0,0,0,0,0,0,0,0,0,0,0,0,0,0,0,0.0,0.0,0.0,0.0,0.0,1.9999777585018126,125785,54063,3,2.326637441503431,0.1455196469165939,0.06254504647813185,0.07523962123359383,0.0,0.0,0.0,0.05531562903104519,0.31270209455277453,0.0,0.0,0.0,0.0,0.0,0.0,0.0,0.0,0.0,1.0,0.0,0.0,0.0,1.0,0,0.0,0.0,0.0,0.0,0.1455196469165939,4,benign
985346,128276392,192350,738990,54983,205526,327481,78769,658625,0,0.2602876899552091,0.20858256896562222,999.0,130.18410994716578,0,0,0,0,0,78637,108,0,0,0,0,0,0,0,0,0,0,0,0,0,0,0,0.0,0.0,0.0,0.0,0.0,2.0025723222028433,152676,65499,3,2.3309668849906107,0.15494658729014985,0.06647309675991987,0.07994044731495333,0.0,0.0,0.0,0.05580070350922417,0.33235127559253297,0.0,0.0,0.0,0.0,0.0,0.0,0.0,0.0,0.0,1.0,0.0,0.0,0.0,1.0,0,0.0,0.0,0.0,0.0,0.15494658729014985,4,benign
1038286,104798017,166789,778891,47780,178292,267121,64335,693360,0,0.21413650947308416,0.1717176192301543,999.0,100.93367049156014,0,0,0,0,0,68918,108,0,0,0,0,0,0,0,0,0,0,0,0,0,0,0,0.0,0.0,0.0,0.0,0.0,2.0,124859,53423,3,2.337176871384984,0.12025492012798016,0.05145306784450527,0.06196269621279686,0.0,0.0,0.0,0.04601814914195126,0.2572711179771277,0.0,0.0,0.0,0.0,0.0,0.0,0.0,0.0,0.0,1.0,0.0,0.0,0.0,1.0,0,0.0,0.0,0.0,0.0,0.12025492012798016,4,benign
858624,105069469,166739,643608,48277,178781,268073,64374,573486,0,0.25906918496973314,0.2082180325730471,999.0,122.36959251080799,0,0,0,0,0,64367,108,0,0,0,0,0,0,0,0,0,0,0,0,0,0,0,0.0,0.0,0.0,0.0,0.0,1.9998993232283684,125173,53621,3,2.334402566158781,0.1457832532051282,0.06244991987179487,0.07497344588550985,0.0,0.0,0.0,0.05622600812462731,0.3122123304263566,0.0,0.0,0.0,0.0,0.0,0.0,0.0,0.0,0.0,1.0,0.0,0.0,0.0,1.0,0,0.0,0.0,0.0,0.0,0.1457832532051282,4,benign
862208,105476669,166816,646566,48826,179643,269195,64567,575734,0,0.25800304995932355,0.20835227694477435,999.0,122.33320614051365,0,0,0,0,0,64589,108,0,0,0,0,0,0,0,0,0,0,0,0,0,0,0,0.0,0.0,0.0,0.0,0.0,2.000144741969604,125797,53836,3,2.3366706293186716,0.14590098908847982,0.06243968972684086,0.0748856424435867,0.0,0.0,0.0,0.05662902687054632,0.3122158458283848,0.0,0.0,0.0,0.0,0.0,0.0,0.0,0.0,0.0,1.0,0.0,0.0,0.0,1.0,0,0.0,0.0,0.0,0.0,0.14590098908847982,4,benign
863744,105671582,167292,647716,48736,179905,269968,64836,576594,0,0.2582798633969209,0.208285093731476,999.0,122.34132103956728,0,0,0,0,0,64821,108,0,0,0,0,0,0,0,0,0,0,0,0,0,0,0,0.0,0.0,0.0,0.0,0.0,1.999899952199384,125918,53995,3,2.332030743587369,0.14578162048014226,0.06251273525489034,0.0750639078245406,0.0,0.0,0.0,0.05642412566686426,0.31255557202133966,0.0,0.0,0.0,0.0,0.0,0.0,0.0,0.0,0.0,1.0,0.0,0.0,0.0,1.0,0,0.0,0.0,0.0,0.0,0.14578162048014226,4,benign
860317,105274440,166130,645630,48557,179331,268983,64130,574633,0,0.2573145609714542,0.2084475838557183,999.0,122.36703447682656,0,0,0,0,0,64139,108,0,0,0,0,0,0,0,0,0,0,0,0,0,0,0,0.0,0.0,0.0,0.0,0.0,2.000011152623655,125539,53807,3,2.3331350939468845,0.14592179394339527,0.06254322534600618,0.07454229080676077,0.0,0.0,0.0,0.056440823556898216,0.3126556838932626,0.0,0.0,0.0,0.0,0.0,0.0,0.0,0.0,0.0,1.0,0.0,0.0,0.0,1.0,0,0.0,0.0,0.0,0.0,0.14592179394339527,4,benign
880734,115254284,183093,660706,52261,196230,293869,70540,588667,0,0.2771172049292726,0.2228027985748251,999.0,130.86162677948167,0,0,0,0,0,65989,108,0,0,0,0,0,0,0,0,0,0,0,0,0,0,0,0.0,0.0,0.0,0.0,0.0,1.9997757984632003,137446,58769,3,2.338750021269717,0.15605846941301232,0.06672729791287721,0.08009228666089875,0.0,0.0,0.0,0.05933800670804125,0.33366373956268297,0.0,0.0,0.0,0.0,0.0,0.0,0.0,0.0,0.0,1.0,0.0,0.0,0.0,1.0,0,0.0,0.0,0.0,0.0,0.15605846941301232,4,benign
988940,113470823,180441,741263,51468,192877,289998,69490,661494,0,0.24342372410332094,0.19503407689040791,999.0,114.73984569336865,0,0,0,0,0,69382,108,0,0,0,0,0,0,0,0,0,0,0,0,0,0,0,0.0,0.0,0.0,0.0,0.0,2.0010686088372913,134875,57986,3,2.3259924809436763,0.1363834004085182,0.05863449754282363,0.0702671547313285,0.0,0.0,0.0,0.05204360224078306,0.29324124820514896,0.0,0.0,0.0,0.0,0.0,0.0,0.0,0.0,0.0,1.0,0.0,0.0,0.0,1.0,0,0.0,0.0,0.0,0.0,0.1363834004085182,4,benign
865646,106044542,168115,649377,48154,180317,270952,64697,578331,0,0.25888659438199996,0.20830339422812558,999.0,122.50335818567868,0,0,0,0,0,64717,108,0,0,0,0,0,0,0,0,0,0,0,0,0,0,0,0.0,0.0,0.0,0.0,0.0,2.0001663875054074,126130,54195,3,2.3273364701540733,0.14570621247022456,0.06260642341095551,0.07473840345822658,0.0,0.0,0.0,0.055627820148189906,0.31300554730224595,0.0,0.0,0.0,0.0,0.0,0.0,0.0,0.0,0.0,1.0,0.0,0.0,0.0,1.0,0,0.0,0.0,0.0,0.0,0.14570621247022456,4,benign
1108014,135687684,216152,831122,61553,230668,346665,83392,740236,0,0.2600725284615255,0.20818148507148826,999.0,122.46026133243804,0,0,0,0,0,83191,108,0,0,0,0,0,0,0,0,0,0,0,0,0,0,0,0.0,0.0,0.0,0.0,0.0,2.004048618170129,161337,69333,3,2.3269871489766776,0.14560917100325446,0.06257411909957816,0.07526258693482213,0.0,0.0,0.0,0.055552547169981606,0.3128705954978908,0.0,0.0,0.0,0.0,0.0,0.0,0.0,0.0,0.0,1.0,0.0,0.0,0.0,1.0,0,0.0,0.0,0.0,0.0,0.14560917100325446,4,benign
1000380,107078337,169559,750938,48435,182470,273720,65354,669246,0,0.2257962707973228,0.1824006877386593,999.0,107.03766268817849,0,0,0,0,0,65338,108,0,0,0,0,0,0,0,0,0,0,0,0,0,0,0,0.0,0.0,0.0,0.0,0.0,2.0001315371208714,127728,54744,3,2.3331871985971064,0.12767948179691718,0.054723205182030825,0.06532917491353286,0.0,0.0,0.0,0.04841660169135729,0.27361602591015416,0.0,0.0,0.0,0.0,0.0,0.0,0.0,0.0,0.0,1.0,0.0,0.0,0.0,1.0,0,0.0,0.0,0.0,0.0,0.12767948179691718,4,benign
836981,102480310,162753,628104,46124,174485,261629,62680,559312,0,0.2591179167781132,0.20846948735992812,999.0,122.44042576832688,0,0,0,0,0,62696,108,0,0,0,0,0,0,0,0,0,0,0,0,0,0,0,0.0,0.0,0.0,0.0,0.0,1.9999426901255086,122152,52322,3,2.334620236229502,0.14594357578009537,0.06251276910706456,0.07488819937370143,0.0,0.0,0.0,0.05510758308731022,0.31258654617010423,0.0,0.0,0.0,0.0,0.0,0.0,0.0,0.0,0.0,1.0,0.0,0.0,0.0,1.0,0,0.0,0.0,0.0,0.0,0.14594357578009537,4,benign
860692,105432622,168429,645252,47011,179229,268738,64715,575364,0,0.2610282494281304,0.20823825479962635,999.0,122.49750433372216,0,0,0,0,0,64696,108,0,0,0,0,0,0,0,0,0,0,0,0,0,0,0,0.0,0.0,0.0,0.0,0.0,1.999921890691602,125497,53758,3,2.3344804494214815,0.14580941846793047,0.062459044582731105,0.07518949868245552,0.0,0.0,0.0,0.05462000343909319,0.3122348064115851,0.0,0.0,0.0,0.0,0.0,0.0,0.0,0.0,0.0,1.0,0.0,0.0,0.0,1.0,0,0.0,0.0,0.0,0.0,0.14580941846793047,4,benign
1001723,119719273,251270,698139,52314,193965,290887,69556,621298,71372,0.35991399993411055,0.19363137314407275,8.705066412598779,119.51335149537347,0,0,0,0,0,69564,108,71372,0,0,0,0,0,0,0,0,0,0,0,0,0,0,0.0,0.0,0.0,1.0259904548329595,0.0,1.9994536589388614,135764,58156,4,2.334479675355939,0.13553048098126927,0.05805596956444047,0.069436361149739,0.0,0.07124923756367778,0.0,0.05222401801695678,0.29038666377830996,0.0,0.0,0.0,0.0,0.0,58060.0,58060.0,0.0,0.0,1.0,1807.0,608.0,10.0,178.29,0,0.009000000000000001,0.18181818181818182,0.4044559732044085,0.0,0.13553048098126927,5,snmp
1246001,148054636,504412,706041,55181,208848,312594,75117,628369,304867,0.7144231000749248,0.16761463273303953,2.06112501517055,118.82385006111552,0,0,0,0,0,70579,108,304867,0,0,0,0,0,0,0,0,0,0,0,0,0,0,0.0,0.0,0.0,4.319514303121325,0.0,1.996424850159161,146335,62523,4,2.3404986964796954,0.1174437259681172,0.050178932440664174,0.060286468469928994,0.0,0.24467636863854844,0.0,0.044286481311010185,0.25087780828426304,0.0,0.0,0.0,0.0,0.0,286657.0,286657.0,1013825152.0,1952.0,146.84,2616.0,2400.0,40.0,65.4,5,0.008,0.2727272727272727,0.4517424860655276,0.0,0.24467636863854844,5,snmp
1177191,131908688,470939,657378,48874,182652,273759,66263,586049,299623,0.716389961331228,0.1551591882710622,1.9559546496764266,112.05376867475202,0,0,0,0,0,66267,108,299623,0,0,0,0,0,0,0,0,0,0,0,0,0,0,0.0,0.0,0.0,4.521451099340546,0.0,2.0001095038381096,127887,54752,4,2.335750292226768,0.10863742587226712,0.046510719161121684,0.056289081381016334,0.0,0.2545236924169485,0.0,0.04151747677309799,0.2325527463257874,0.0,0.0,0.0,0.0,0.0,286501.0,286501.0,5199941120.0,6190.0,46.29,2084.0,4320.0,72.0,28.95,5,0.008,0.18181818181818182,0.4494878247313278,0.0,0.2545236924169485,5,snmp
1186767,142442709,507021,663769,53205,197493,295944,71052,590759,302031,0.7638515808963661,0.16641261511316038,1.955954852316484,120.02584247792532,0,0,0,0,0,70858,108,323677,0,0,0,0,0,0,0,0,0,0,0,0,0,0,0.0,0.0,0.0,4.567966919755003,0.0,1.9982900102194656,138320,59194,4,2.3367233165523533,0.11655194322053107,0.049878367025709344,0.059870218838238676,0.0,0.27273845666419777,0.0,0.04483188359635885,0.24936992686854287,0.0,0.0,0.0,0.0,0.0,149311.0,286464.0,8485268992.0,10427.0,27.47,1683.0,5824.0,97.0,17.33,5,0.008,0.18181818181818182,0.4495122821677703,0.0,0.27273845666419777,5,snmp
1107762,115064403,409780,619549,41259,159348,239050,57261,552012,281678,0.661416611115505,0.14384678297323794,1.9597270642364686,103.87105082138582,0,0,0,0,0,57246,108,260254,0,0,0,0,0,0,0,0,0,0,0,0,0,0,0.0,0.0,0.0,4.546239038535443,0.0,2.0000251026069056,111531,47811,4,2.3327476940453034,0.10068137379689861,0.04315999285044982,0.051690706126406215,0.0,0.2349367463408205,0.0,0.037245364979120066,0.2157954506473412,0.0,0.0,0.0,0.0,0.0,-149441.0,137216.0,10889703424.0,13292.0,10.32,1595.0,1120.0,111.0,14.31,5,0.008,0.18181818181818182,0.44958799660262544,0.0,0.2349367463408205,5,snmp
1397064,148283262,527662,781284,54466,205345,307803,73777,696645,355198,0.6753779675508522,0.1469832448620822,1.9612863811170107,106.13920478947279,0,0,0,0,0,73823,108,335858,0,0,0,0,0,0,0,0,0,0,0,0,0,0,0.0,0.0,0.0,4.5495035422564785,0.0,1.9998149627003758,143797,61563,4,2.3357698617676204,0.10292799757205111,0.044065984092353676,0.052808604330223954,0.0,0.24040273029725195,0.0,0.038986045020127924,0.22032133101991033,0.0,0.0,0.0,0.0,0.0,-91430.0,195071.0,10635716608.0,15123.0,12.9,1459.0,2976.0,141.0,10.32,5,0.008,0.18181818181818182,0.44956050277258147,0.0,0.24040273029725195,5,snmp
1174506,140921605,501908,656048,53631,195206,293005,70324,583651,299520,0.7650476794380899,0.16620264179152766,1.9486211271367522,119.98372507249857,0,0,0,0,0,70518,108,320855,0,0,0,0,0,0,0,0,0,0,0,0,0,0,0.0,0.0,0.0,4.549973056524575,0.0,1.999487851845782,136598,58601,4,2.330984112899097,0.11630251356740622,0.04989416827159674,0.059875385906925975,0.0,0.27318293818848094,0.0,0.04566260197904481,0.2494708413579837,0.0,0.0,0.0,0.0,0.0,-66714.0,82597.0,10602466304.0,17778.0,12.36,1356.0,4672.0,172.0,7.87,5,0.009000000000000001,0.18181818181818182,0.4494238554132241,0.0,0.27318293818848094,5,snmp
1177801,131959997,469766,658294,49741,182898,274117,65815,586295,299721,0.7136112436084789,0.15528769291246994,1.9561358730285832,112.03929781007147,0,0,0,0,0,65817,108,299721,0,0,0,0,0,0,0,0,0,0,0,0,0,0,0.0,0.0,0.0,4.553853867541821,0.0,2.0000218703525503,128066,54822,4,2.3360329794608004,0.10873313912961527,0.04654606338422195,0.055879558601155885,0.0,0.2544750768593336,0.0,0.04223209183894393,0.23273626020015264,0.0,0.0,0.0,0.0,0.0,130758.0,39519.0,10704890880.0,20250.0,8.72,1119.0,6560.0,198.0,5.65,5,0.008,0.18181818181818182,0.4495137791706971,0.0,0.2544750768593336,5,snmp
1181181,132407880,470883,661209,49089,183702,275169,66380,588834,299517,0.7121545532501826,0.155524005211733,1.9659451717264795,112.0978749234876,0,0,0,0,0,66375,108,299517,0,0,0,0,0,0,0,0,0,0,0,0,0,0,0.0,0.0,0.0,4.512497175141243,0.0,2.0,128674,55042,4,2.3377420878601796,0.10893673365893966,0.04659912409698429,0.05619799167104787,0.0,0.25357417703129326,0.0,0.04155925298493626,0.23296090946264797,0.0,0.0,0.0,0.0,0.0,106138.0,39424.0,10132606976.0,22290.0,7.92,983.0,8320.0,227.0,4.33,5,0.008,0.18181818181818182,0.44964485045564045,0.0,0.25357417703129326,5,snmp
1434668,179941133,673336,803269,69579,262302,373604,90124,715626,363751,0.8382447225026735,0.18283114978517678,1.9673512925050378,125.42353561939069,0,0,0,0,0,85161,108,385755,0,0,0,0,0,0,0,0,0,0,0,0,0,0,0.0,0.0,0.0,4.529714305844225,0.0,1.999801774877253,174783,74715,4,2.3393294519172856,0.12182818603328435,0.052078250856644186,0.06281871485249549,0.0,0.2688810233447738,0.0,0.04849832853315192,0.26041146801908177,0.0,0.0,0.0,0.0,0.0,149251.0,39427.0,9352013824.0,24331.0,7.26,872.0,9696.0,251.0,3.48,5,0.008,0.2727272727272727,0.4523604778593907,0.0,0.2688810233447738,5,snmp
1262947,141677460,470677,706616,48442,182828,294351,70522,629334,321400,0.6661001166121344,0.1447630027229963,1.958102053515868,112.18005189449755,0,0,0,0,0,70497,108,321400,0,0,0,0,0,0,0,0,0,0,0,0,0,0,0.0,0.0,0.0,4.559059250748259,0.0,2.0,137322,58879,4,2.3322746649909134,0.10873140361392837,0.0466203253184813,0.05583923949302702,0.0,0.25448415491703136,0.0,0.0383563205740225,0.23306678744238674,0.0,0.0,0.0,0.0,0.0,149353.0,-18326.0,8362343424.0,26372.0,6.7,849.0,11360.0,278.0,3.05,5,0.008,0.18181818181818182,0.44693656886319016,0.0,0.25448415491703136,5,snmp
1180244,132419263,470859,660965,48420,183624,275387,65859,588428,299776,0.7123811396972608,0.15558138825530993,1.962892292912041,112.1965144495545,0,0,0,0,0,65856,108,299776,0,0,0,0,0,0,0,0,0,0,0,0,0,0,0.0,0.0,0.0,4.551992225461613,0.0,1.9998475261111535,128549,55072,4,2.3341988669378266,0.10891730862431837,0.04666153778371252,0.055801173316704006,0.0,0.25399493664022016,0.0,0.041025415083660664,0.23333056554407394,0.0,0.0,0.0,0.0,0.0,149230.0,-43110.0,7813725184.0,28413.0,6.22,764.0,12896.0,307.0,2.49,5,0.008,0.18181818181818182,0.4496012783145509,0.0,0.25399493664022016,5,snmp
1356357,151979266,538869,760929,55356,211242,316155,75926,677594,342567,0.7081725101816332,0.15574218292086817,1.9779897071229862,112.04960493439411,0,0,0,0,0,75880,108,342094,0,0,0,0,0,0,0,0,0,0,0,0,0,0,0.0,0.0,0.0,4.508355297838692,0.0,1.9977303032882232,148003,63224,4,2.3409306592433254,0.10911802718605795,0.04661309669946777,0.05597788782746725,0.0,0.2522153090963515,0.0,0.04081226402783338,0.2330912879131379,0.0,0.0,0.0,0.0,0.0,170768.0,21625.0,7104204288.0,30670.0,6.46,772.0,14528.0,329.0,2.34,5,0.009000000000000001,0.18181818181818182,0.4498174963551429,0.0,0.2522153090963515,5,snmp
1431793,151404223,538931,801775,54995,209949,314044,75454,713358,363951,0.6721723675594774,0.14663362650885986,1.9600385766215782,105.7444916967746,0,0,0,0,0,75392,108,342868,0,0,0,0,0,0,0,0,0,0,0,0,0,0,0.0,0.0,0.0,4.547803480475382,0.0,1.997041757823647,147141,62803,4,2.3428976322787127,0.10276695025049012,0.04386318413346063,0.052698958578509605,0.0,0.2394675766678563,0.0,0.03840988187538282,0.21933617499177605,0.0,0.0,0.0,0.0,0.0,149248.0,0.0,6523771904.0,32927.0,5.36,684.0,15936.0,354.0,1.93,5,0.008,0.18181818181818182,0.44961819483577553,0.0,0.2394675766678563,5,snmp
1253393,140469125,499215,701593,52585,194929,292574,70026,625388,317900,0.7115450125642645,0.1555210536519671,1.967247562126455,112.07109422184422,0,0,0,0,0,70048,108,317900,0,0,0,0,0,0,0,0,0,0,0,0,0,0,0.0,0.0,0.0,4.538316582914573,0.0,2.000646598175156,136408,58517,4,2.331083274945742,0.10883098916301591,0.04668687315151752,0.05586914878254466,0.0,0.2536315425409269,0.0,0.041954119737384846,0.23342558957964502,0.0,0.0,0.0,0.0,0.0,130183.0,2557.0,5577219584.0,34968.0,5.12,642.0,1152.0,380.0,1.69,5,0.008,0.18181818181818182,0.4496190582273395,0.0,0.2536315425409269,5,snmp
1179136,132229254,471261,659179,48696,183091,274720,66163,587669,299520,0.7149211367473782,0.15527555769648285,1.9620359241452991,112.14079970419019,0,0,0,0,0,66158,108,299520,0,0,0,0,0,0,0,0,0,0,0,0,0,0,0.0,0.0,0.0,4.527343631911485,0.0,2.0000109235894916,128149,54944,4,2.33235658124636,0.10868042363221884,0.04659683022145028,0.056111423957881025,0.0,0.25401650021710814,0.0,0.04129803517151542,0.2329841511072514,0.0,0.0,0.0,0.0,0.0,176702.0,27349.0,5727922176.0,37308.0,5.47,655.0,3296.0,409.0,1.6,5,0.009000000000000001,0.18181818181818182,0.44954588219515396,0.0,0.25401650021710814,5,snmp
1183744,132698530,471089,662889,49766,184151,276122,66403,590419,299520,0.7106604574823235,0.15556657520544984,1.971217280982906,112.10069913765139,0,0,0,0,0,66407,108,299520,0,0,0,0,0,0,0,0,0,0,0,0,0,0,0.0,0.0,0.0,4.51036788290391,0.0,2.0000325824879988,128926,55223,4,2.3346431740398024,0.10891375162197232,0.04665113402897924,0.05609574367430796,0.0,0.2530276816608997,0.0,0.04204118458044983,0.23326158358564014,0.0,0.0,0.0,0.0,0.0,176550.0,27392.0,5883695104.0,39897.0,5.11,572.0,4800.0,431.0,1.33,5,0.008,0.18181818181818182,0.44969414347395625,0.0,0.2530276816608997,5,snmp
1179359,132154278,469254,659992,50113,183331,274905,65662,587234,299771,0.7109995272669972,0.15544969767475383,1.9589419923875224,112.05602195769058,0,0,0,0,0,65655,108,299771,0,0,0,0,0,0,0,0,0,0,0,0,0,0,0.0,0.0,0.0,4.56585180108141,0.0,1.9999236383073886,128357,54987,4,2.3343153836361323,0.10883624070363647,0.0466244799081535,0.05567600705128803,0.0,0.25418129678918805,0.0,0.04249172643783615,0.233096961993761,0.0,0.0,0.0,0.0,0.0,149288.0,5869.0,5533182464.0,42486.0,4.8,558.0,6688.0,455.0,1.22,5,0.008,0.18181818181818182,0.4495637411123482,0.0,0.25418129678918805,5,snmp
1174140,131579854,469216,656360,48564,182343,273244,65451,584416,299520,0.7148759826924249,0.15529919771066483,1.9511752136752136,112.0648764201884,0,0,0,0,0,65453,108,299520,0,0,0,0,0,0,0,0,0,0,0,0,0,0,0.0,0.0,0.0,4.576108046995554,0.0,2.00003290556104,127701,54644,4,2.336962887050728,0.10876130614747816,0.04653959493757133,0.055743778425060043,0.0,0.25509734784608307,0.0,0.041361336808217075,0.2327184151804725,0.0,0.0,0.0,0.0,0.0,170331.0,48475.0,5447838720.0,45286.0,4.97,502.0,8384.0,483.0,1.04,5,0.008,0.18181818181818182,0.44945552891449503,0.0,0.25509734784608307,5,snmp
1261661,141545814,504643,705219,51799,195958,293535,70510,628255,321394,0.7155833861538047,0.1553174743453273,1.9547813587061365,112.19005263696033,0,0,0,0,0,70551,108,321394,0,0,0,0,0,0,0,0,0,0,0,0,0,0,0.0,0.0,0.0,4.555484684837919,0.0,1.9989187204178227,137241,58710,4,2.337608584568217,0.10877803149974517,0.046533894604018036,0.055886644669209874,0.0,0.254738792750192,0.0,0.041056194968378985,0.23265758393102426,0.0,0.0,0.0,0.0,0.0,149404.0,25088.0,5647597056.0,48085.0,4.25,533.0,9760.0,511.0,1.04,5,0.009000000000000001,0.18181818181818182,0.4494975405735926,0.0,0.254738792750192,5,snmp
1512552,150873125,536865,845753,56153,209308,313567,75386,752598,384382,0.6347775296097088,0.13838069699421904,1.9579428797394258,99.74739711428103,0,0,0,0,0,75330,108,342313,0,0,0,0,0,0,0,0,0,0,0,0,0,0,0.0,0.0,0.0,4.544178945971061,0.0,1.9970041312457663,146590,62707,4,2.337697545728547,0.09691567628749292,0.04145774822948236,0.04984026995435529,0.0,0.22631486388567137,0.0,0.03712467406079262,0.20730989744484818,0.0,0.0,0.0,0.0,0.0,128165.0,-62.0,5626413056.0,50676.0,4.03,470.0,11488.0,537.0,0.88,5,0.008,0.18181818181818182,0.44956782448965954,0.0,0.22631486388567137,5,snmp
1437569,152110745,538233,806318,55953,211377,316687,75522,717603,362989,0.6675195146331844,0.14703781175025338,1.9769276754942988,105.8110915023905,0,0,0,0,0,75668,108,341747,0,0,0,0,0,0,0,0,0,0,0,0,0,0,0.0,0.0,0.0,4.516400592060052,0.0,1.9998580835603996,148040,63345,4,2.3370431762570054,0.10297940481465585,0.04406397188587122,0.05253452182121345,0.0,0.23772563264789376,0.0,0.03892195783298054,0.22029342591555606,0.0,0.0,0.0,0.0,0.0,149504.0,256.0,5584881152.0,53266.0,3.84,513.0,12960.0,558.0,0.92,5,0.009000000000000001,0.18181818181818182,0.4498461528854789,0.0,0.23772563264789376,5,snmp
1181696,132650859,471486,661683,48527,183750,276095,66223,589365,299520,0.7125557102116875,0.15549684521230503,1.9676983173076923,112.254639941237,0,0,0,0,0,66237,108,299520,0,0,0,0,0,0,0,0,0,0,0,0,0,0,0.0,0.0,0.0,4.521943928619955,0.0,2.0001523925632427,128531,55214,4,2.3278697431810773,0.10876824496317157,0.04672436904246101,0.056040639893847485,0.0,0.2534662045060659,0.0,0.041065553238734835,0.23364300124566725,0.0,0.0,0.0,0.0,0.0,149248.0,-102.0,5723381248.0,55857.0,3.65,420.0,14528.0,583.0,0.72,5,0.008,0.18181818181818182,0.4496203001326044,0.0,0.2534662045060659,5,snmp
1181794,132678063,471586,661576,48632,183707,276045,66082,589550,299572,0.7128221096291281,0.155447565311721,1.9679743100156224,112.2683504908639,0,0,0,0,0,66082,108,299572,0,0,0,0,0,0,0,0,0,0,0,0,0,0,0.0,0.0,0.0,4.533337368723707,0.0,1.9999455669743946,128507,55211,4,2.3275615366503053,0.10873891727323036,0.04671795592125193,0.055916682602890184,0.0,0.2534891867787449,0.0,0.04115099585883834,0.23358131789465847,0.0,0.0,0.0,0.0,0.0,170191.0,100.0,5398677504.0,58657.0,3.84,449.0,16160.0,614.0,0.73,5,0.009000000000000001,0.18181818181818182,0.44960984674640037,0.0,0.2534891867787449,5,snmp
1249752,140361757,498702,700321,51717,194771,292189,69744,622818,317638,0.7121048776204055,0.15584772018768522,1.960779251852738,112.3116882389466,0,0,0,0,0,69826,108,317995,0,0,0,0,0,0,0,0,0,0,0,0,0,0,0.0,0.0,0.0,4.554105920430785,0.0,1.9992712043604561,136328,58439,4,2.3328256814798336,0.10908404227398716,0.04676047727869209,0.05580627196435773,0.0,0.25444648218206495,0.0,0.041381810151133985,0.23379758544095147,0.0,0.0,0.0,0.0,0.0,151808.0,2304.0,5495461376.0,61458.0,3.36,399.0,1184.0,643.0,0.62,5,0.008,0.18181818181818182,0.4495968302071701,0.0,0.25444648218206495,5,snmp
1418073,141234633,502739,793778,51493,195592,293133,70643,707010,360212,0.633349626721829,0.13792801922044917,1.9627608186290295,99.59616535961125,0,0,0,0,0,66226,108,299520,0,0,0,0,0,0,0,0,0,0,0,0,0,0,0.0,0.0,0.0,4.5226950140428235,0.0,1.999427543343147,136960,58623,4,2.336284393497433,0.09658176976784694,0.041339902811773445,0.04981619422977519,0.0,0.21121620678202038,0.0,0.03631195291074578,0.20671220734052478,0.0,0.0,0.0,0.0,0.0,175588.0,47523.0,5391314432.0,64547.0,3.9,395.0,2880.0,671.0,0.59,5,0.008,0.18181818181818182,0.4509733316106018,0.0,0.21121620678202038,5,snmp
1176758,131994724,470654,657547,48558,182690,273754,65878,586240,299520,0.7157724086643236,0.15524857277367138,1.9572649572649572,112.16811273006005,0,0,0,0,0,65877,108,299520,0,0,0,0,0,0,0,0,0,0,0,0,0,0,0.0,0.0,0.0,4.546655130015028,0.0,2.0000437909856257,127939,54751,4,2.336742707895746,0.10872158931573017,0.04652698345794123,0.05598262344509236,0.0,0.25452981836537336,0.0,0.04126421915126135,0.23263406749731042,0.0,0.0,0.0,0.0,0.0,176518.0,27136.0,5626702848.0,67885.0,3.41,340.0,4576.0,700.0,0.49,5,0.006999999999999999,0.18181818181818182,0.4495038207803934,0.0,0.25452981836537336,5,snmp
1177348,141164510,502997,657993,53271,195710,293782,70620,585825,299776,0.7644412630529505,0.16622952601949467,1.954209142826644,119.90041177289977,0,0,0,0,0,65901,108,299776,0,0,0,0,0,0,0,0,0,0,0,0,0,0,0.0,0.0,0.0,4.548883931958544,0.0,2.0002452909252577,136952,58754,4,2.330939170099057,0.11632244671923679,0.04990368183408814,0.05998226522659401,0.0,0.2546197046242912,0.0,0.045246605081929896,0.24952860156894988,0.0,0.0,0.0,0.0,0.0,129373.0,27648.0,5636876800.0,71022.0,3.26,378.0,6336.0,727.0,0.52,5,0.009000000000000001,0.18181818181818182,0.45094569737170354,0.0,0.2546197046242912,5,snmp
1267310,151306568,470903,709544,50239,184182,315552,75672,631747,320681,0.6636699063060219,0.14533302822513827,1.9700169327150658,119.39191515887983,0,0,0,0,0,71035,108,320681,0,0,0,0,0,0,0,0,0,0,0,0,0,0,0.0,0.0,0.0,4.514408390230169,0.0,2.00010859414026,146833,63109,4,2.3266570536690487,0.11586194380222677,0.049797602796474424,0.05971072586817748,0.0,0.253040692490393,0.0,0.03964223433887525,0.2489935374927997,0.0,0.0,0.0,0.0,0.0,170705.0,27666.0,5690571776.0,74372.0,3.4,327.0,8128.0,755.0,0.43,5,0.008,0.18181818181818182,0.4462473469001161,0.0,0.253040692490393,5,snmp
1178368,132055128,470249,658800,49319,182952,274871,65972,586531,299776,0.7137962962962963,0.15525879860960243,1.9565642346285226,112.06611856398001,0,0,0,0,0,65978,108,299776,0,0,0,0,0,0,0,0,0,0,0,0,0,0,0.0,0.0,0.0,4.5435751311043076,0.0,1.9998688266544238,127977,54980,4,2.3277009821753363,0.10860529138605257,0.04665775038018683,0.05598590593091462,0.0,0.2543993048012166,0.0,0.041853648435802734,0.23326414159243972,0.0,0.0,0.0,0.0,0.0,149182.0,24856.0,5731510784.0,77723.0,2.98,373.0,9888.0,778.0,0.48,5,0.009000000000000001,0.18181818181818182,0.4494931402044308,0.0,0.2543993048012166,5,snmp
1179136,132303677,470263,660072,48801,183345,275084,65725,587786,299520,0.7124419760268577,0.15549096965914025,1.9624265491452992,112.20391625732739,0,0,0,0,0,65723,108,299520,0,0,0,0,0,0,0,0,0,0,0,0,0,0,0.0,0.0,0.0,4.557308704715244,0.0,1.999967275345245,128333,55015,4,2.33269108424975,0.1088364700933565,0.04665704380156318,0.05573996553408597,0.0,0.25401650021710814,0.0,0.04138708342379505,0.23329285171515415,0.0,0.0,0.0,0.0,0.0,128274.0,-19904.0,5693407744.0,80862.0,2.86,316.0,11520.0,801.0,0.39,5,0.008,0.18181818181818182,0.44958076574905,0.0,0.25401650021710814,5,snmp
1177999,132129959,470207,659103,48689,183129,274344,65674,586906,299776,0.7134044299601124,0.1554576871457446,1.9578151686592655,112.1647463198186,0,0,0,0,0,65666,108,299776,0,0,0,0,0,0,0,0,0,0,0,0,0,0,0.0,0.0,0.0,4.565163098102519,0.0,2.0000764517643974,128254,54869,4,2.3374583097924146,0.10887445575081134,0.04657813801200171,0.05575047177459404,0.0,0.2544789936154445,0.0,0.04133195359249032,0.23288984116285327,0.0,0.0,0.0,0.0,0.0,149176.0,0.0,5647168000.0,84000.0,2.76,342.0,13152.0,826.0,0.41,5,0.009000000000000001,0.18181818181818182,0.4495448734184941,0.0,0.2544789936154445,5,snmp
1261137,141638365,504182,705792,51610,195897,294181,70416,628637,320614,0.7143492700398985,0.15533363940634523,1.9607284772343068,112.31005433985364,0,0,0,0,0,70368,108,320584,0,0,0,0,0,0,0,0,0,0,0,0,0,0,0.0,0.0,0.0,4.555820827648931,0.0,2.000051048536949,137065,58852,4,2.3289777747570177,0.10868367195633781,0.04666582615528685,0.055835329547860385,0.0,0.2542023586652362,0.0,0.04092338897360081,0.2332664888905805,0.0,0.0,0.0,0.0,0.0,170977.0,21700.0,5440507904.0,87356.0,2.9,323.0,14368.0,850.0,0.38,5,0.009000000000000001,0.18181818181818182,0.44952890538880275,0.0,0.2542023586652362,5,snmp
1597471,169897778,604323,894435,62556,235438,353080,84389,795675,406349,0.675647755286857,0.14738170520779406,1.9581074396639342,106.35421738485394,0,0,0,0,0,84516,108,385255,0,0,0,0,0,0,0,0,0,0,0,0,0,0,0.0,0.0,0.0,4.558367646362819,0.0,1.9990829816681244,164834,70600,4,2.334759206798867,0.10318434575651139,0.04419485549346436,0.052826624082690704,0.0,0.24116556732485284,0.0,0.03915939632080958,0.22102435662368833,0.0,0.0,0.0,0.0,0.0,149403.0,-21302.0,5734313472.0,90713.0,2.55,322.0,16000.0,876.0,0.37,5,0.009000000000000001,0.18181818181818182,0.4495444571151803,0.0,0.24116556732485284,5,snmp
1253566,131072161,466017,702295,48323,181943,273086,65760,624560,317976,0.6635630326287386,0.1451403436276989,1.9641733967343447,104.55944162493239,0,0,0,0,0,65580,108,296374,0,0,0,0,0,0,0,0,0,0,0,0,0,0,0.0,0.0,0.0,4.51927416895395,0.0,2.000010992514098,127315,54611,4,2.331306879566388,0.10156226317561261,0.04356451913979798,0.0524583468281686,0.0,0.23642472753728164,0.0,0.038548429041630035,0.21784732515080976,0.0,0.0,0.0,0.0,0.0,216139.0,88823.0,5189889536.0,94713.0,3.38,281.0,1120.0,897.0,0.31,5,0.008,0.18181818181818182,0.4496475487740361,0.0,0.23642472753728164,5,snmp
1173770,131575877,469793,655557,48420,182087,273307,65579,584021,299613,0.7166318108112644,0.15513005103214428,1.9492512007155898,112.09681368581579,0,0,0,0,0,65562,108,299613,0,0,0,0,0,0,0,0,0,0,0,0,0,0,0.0,0.0,0.0,4.569918550379793,0.0,1.999901151041209,127427,54667,4,2.3309674941006455,0.1085621544254837,0.04657386029631018,0.05587040050435775,0.0,0.25525699242611416,0.0,0.04125169326188265,0.23284544672295254,0.0,0.0,0.0,0.0,0.0,176741.0,27421.0,6213216768.0,99013.0,2.62,266.0,3040.0,922.0,0.29,5,0.008,0.18181818181818182,0.4493968940295212,0.0,0.25525699242611416,5,snmp
1263673,141779254,504191,707313,52169,196456,294467,70215,630248,321436,0.7128258635144554,0.15546426963304588,1.9607262409935415,112.19615675890836,0,0,0,0,0,70272,108,321436,0,0,0,0,0,0,0,0,0,0,0,0,0,0,0.0,0.0,0.0,4.574168943533698,0.0,2.001344715877835,137559,58895,4,2.3356651668223107,0.1088564842328672,0.0466062027122523,0.05556421637559717,0.0,0.2543664381529082,0.0,0.04128362321581612,0.23302468280955596,0.0,0.0,0.0,0.0,0.0,112602.0,49641.0,5943118848.0,102922.0,2.73,251.0,4640.0,949.0,0.27,5,0.006999999999999999,0.18181818181818182,0.449551858068749,0.0,0.2543664381529082,5,snmp
1179648,132321354,470862,660304,48482,183401,275336,65855,587681,300032,0.7130988150912307,0.15547095404730904,1.9587277357081911,112.17020161946614,0,0,0,0,0,65855,108,300032,0,0,0,0,0,0,0,0,0,0,0,0,0,0,0.0,0.0,0.0,4.555948675119581,0.0,1.9998800514688242,128333,55064,4,2.330615284033125,0.1087892320421007,0.04667833116319445,0.0558259752061632,0.0,0.2543402777777778,0.0,0.041098700629340276,0.2334052191840278,0.0,0.0,0.0,0.0,0.0,149489.0,5799.0,6113336320.0,106830.0,2.43,253.0,6560.0,977.0,0.26,5,0.008,0.18181818181818182,0.4495401663787424,0.0,0.2543402777777778,5,snmp
1174527,131649959,469788,656288,48451,182336,273109,65675,584675,299520,0.7158259788385587,0.15524206765787418,1.9520399305555556,112.08763953489363,0,0,0,0,0,65682,108,299520,0,0,0,0,0,0,0,0,0,0,0,0,0,0,0.0,0.0,0.0,4.560153466703206,0.0,2.0000219377625674,127719,54622,4,2.338233678737505,0.10874079523076098,0.0465055294599443,0.05591612623634876,0.0,0.2550132947135315,0.0,0.04125149953981475,0.23252679589315528,0.0,0.0,0.0,0.0,0.0,147902.0,48140.0,6120156672.0,110726.0,2.53,268.0,8192.0,1008.0,0.27,5,0.008,0.18181818181818182,0.4494587584190794,0.0,0.2550132947135315,5,snmp
1178750,132088682,470094,658994,49662,182991,275057,66056,586702,299646,0.7133509561543808,0.15524156945917286,1.9579837541632459,112.05826680805939,0,0,0,0,0,66049,108,299646,0,0,0,0,0,0,0,0,0,0,0,0,0,0,0.0,0.0,0.0,4.536722736150434,0.0,1.999923496431655,127983,55016,4,2.3262868983568414,0.10857518557794274,0.04667317073170732,0.0560390243902439,0.0,0.2542065747613998,0.0,0.042131071049840936,0.23334634146341462,0.0,0.0,0.0,0.0,0.0,149367.0,-61199.0,6103195648.0,114621.0,2.26,233.0,10080.0,1030.0,0.23,5,0.006999999999999999,0.18181818181818182,0.44950468946684263,0.0,0.2542065747613998,5,snmp
1264910,132392449,470120,707714,50296,183664,275618,66204,630041,320739,0.6642796383849974,0.14519926318868537,1.9643417233326785,104.66550900854607,0,0,0,0,0,70814,108,320739,0,0,0,0,0,0,0,0,0,0,0,0,0,0,0.0,0.0,0.0,4.529316236902307,0.0,2.000043558749864,128539,55123,4,2.3318578451825918,0.10161908752401357,0.04357859452451163,0.05233890158193073,0.0,0.25356665691630237,0.0,0.03976251274794254,0.2178953443327984,0.0,0.0,0.0,0.0,0.0,128601.0,0.0,6021151232.0,118310.0,2.19,262.0,11456.0,1057.0,0.25,5,0.009000000000000001,0.18181818181818182,0.447700322451575,0.0,0.25356665691630237,5,snmp
1262310,141650995,505496,705283,52273,195886,294190,70972,628473,321272,0.71672789504355,0.1551805816320872,1.9562022211708459,112.21569582749088,0,0,0,0,0,71065,108,321283,0,0,0,0,0,0,0,0,0,0,0,0,0,0,0.0,0.0,0.0,4.520973756420179,0.0,2.002166869384793,137040,58844,4,2.3288695533954185,0.10856287282838606,0.046616124406841423,0.0562239069642164,0.0,0.2545198881415817,0.0,0.041410588524213546,0.23305685608131124,0.0,0.0,0.0,0.0,0.0,170964.0,-277.0,5768975872.0,122217.0,2.3,290.0,12800.0,1081.0,0.27,5,0.01,0.18181818181818182,0.44947246502629895,0.0,0.2545198881415817,5,snmp
1343992,150763396,570943,751659,59319,221924,313735,75334,668688,342113,0.7595771486804521,0.1651230066845636,1.9545822579089365,112.1758135465092,0,0,0,0,0,75342,108,342170,0,0,0,0,0,0,0,0,0,0,0,0,0,0,0.0,0.0,0.0,4.541557165989754,0.0,2.0024181614754393,145906,62734,4,2.325788248796506,0.10856165810510778,0.046677361174768894,0.05605241697867249,0.0,0.2545922892398169,0.0,0.04413642343109185,0.23343516925695987,0.0,0.0,0.0,0.0,0.0,149204.0,-151.0,6035200512.0,126122.0,2.05,231.0,14240.0,1108.0,0.21,5,0.008,0.2727272727272727,0.4514840804653679,0.0,0.2545922892398169,5,snmp
1183231,132741061,471723,662271,49237,183965,275914,66320,590438,299520,0.712280924274202,0.15547682574239519,1.9712807158119658,112.18524616072432,0,0,0,0,0,66303,108,299520,0,0,0,0,0,0,0,0,0,0,0,0,0,0,0.0,0.0,0.0,4.517442649653862,0.0,2.0000108716922878,128786,55189,4,2.33354472811611,0.10884265202652736,0.04664262515096376,0.05604991755625064,0.0,0.253137383993489,0.0,0.04161233098186237,0.2331869263060214,0.0,0.0,0.0,0.0,0.0,127532.0,-20647.0,5798929920.0,129810.0,2.0,219.0,15808.0,1131.0,0.19,5,0.008,0.18181818181818182,0.4496670333185761,0.0,0.253137383993489,5,snmp
1149531,128997271,459482,642806,47243,178556,267787,64191,572875,292443,0.7148066446175051,0.15532943435192265,1.9589287485082563,112.21730514444586,0,0,0,0,0,64206,108,292443,0,0,0,0,0,0,0,0,0,0,0,0,0,0,0.0,0.0,0.0,4.554761237267545,0.0,1.9998879965950964,125002,53556,4,2.3340428710135184,0.10874173902226213,0.04658943516964745,0.05584103430007542,0.0,0.2544020126468969,0.0,0.04109763025094582,0.23295326528819144,0.0,0.0,0.0,0.0,0.0,-149999.0,20965.0,5934060544.0,132401.0,0.99,242.0,16768.0,1144.0,0.21,5,0.009000000000000001,0.18181818181818182,0.44952139196518437,0.0,0.2544020126468969,5,snmp
1264894,142066472,504203,709294,51397,197065,295573,70372,631256,320545,0.7108519175405403,0.15579566351014393,1.9693210001715828,112.31492283147837,0,0,0,0,0,70288,108,320545,0,0,0,0,0,0,0,0,0,0,0,0,0,0,0.0,0.0,0.0,4.560451286137036,0.0,1.9987119152906812,137948,59119,4,2.333395355131176,0.10905894090730132,0.046738303763003065,0.0556347014058095,0.0,0.2534164918167056,0.0,0.04063344438348194,0.2336741260532503,0.0,0.0,0.0,0.0,0.0,-212.0,148992.0,5575399424.0,134807.0,1.92,6563.0,2720.0,1182.0,5.55,5,0.006999999999999999,0.18181818181818182,0.4496896295804968,0.0,0.2534164918167056,5,snmp
1518632,160793379,571753,850895,59047,223182,334370,80091,756523,385520,0.6719430717068499,0.14696252943438567,1.962344366051048,105.88041013227695,0,0,0,0,0,80135,108,364447,0,0,0,0,0,0,0,0,0,0,0,0,0,0,0.0,0.0,0.0,4.547912896986335,0.0,1.9988178081087618,156307,66878,4,2.337196088399773,0.10292618619915819,0.04403831869735393,0.052738912389571665,0.0,0.23998374853157314,0.0,0.03888170405996976,0.22017842373926008,0.0,0.0,0.0,0.0,0.0,0.0,127532.0,5572490752.0,138494.0,1.87,4144.0,4608.0,1203.0,3.45,5,0.008,0.18181818181818182,0.44960512451883394,0.0,0.23998374853157314,5,snmp
1352781,132718548,470538,758709,48812,184279,276283,65903,674832,342802,0.6201824414894248,0.1362223449324022,1.968576612738549,98.10793321313649,0,0,0,0,0,65898,108,299530,0,0,0,0,0,0,0,0,0,0,0,0,0,0,0.0,0.0,0.0,4.545357977480348,0.0,1.999989146950293,129023,55252,4,2.335173387388692,0.0953761177899453,0.04084327027064987,0.04871668067484685,0.0,0.22141795309070722,0.0,0.03608270666131473,0.20423335336613982,0.0,0.0,0.0,0.0,0.0,149248.0,149330.0,5519292416.0,142183.0,1.82,3035.0,6240.0,1231.0,2.47,5,0.008,0.18181818181818182,0.4497112815504263,0.0,0.22141795309070722,5,snmp
1181952,132499624,470735,662013,49204,183890,275955,66103,589152,299776,0.711066096889336,0.15558161414338315,1.9653074295473953,112.10237302360841,0,0,0,0,0,66108,108,299776,0,0,0,0,0,0,0,0,0,0,0,0,0,0,0.0,0.0,0.0,4.534640285593271,0.0,1.9999564966774337,128698,55188,4,2.3319924621294486,0.10888597844920944,0.046692251461988306,0.0559269750379034,0.0,0.2536278969027507,0.0,0.041629440112627245,0.23347394818063677,0.0,0.0,0.0,0.0,0.0,149248.0,149248.0,5518258176.0,145871.0,1.78,2161.0,7872.0,1254.0,1.72,5,0.006999999999999999,0.18181818181818182,0.4496307318548408,0.0,0.2536278969027507,5,snmp
1179660,132190734,469567,660592,49502,183466,275503,65917,587525,299520,0.7108275607334028,0.15552447315328147,1.9615551549145298,112.05833375718427,0,0,0,0,0,65928,108,299520,0,0,0,0,0,0,0,0,0,0,0,0,0,0,0.0,0.0,0.0,4.54313796869312,0.0,2.000043605760321,128362,55097,4,2.3297457211826416,0.108812708746588,0.04670583049353203,0.05587796483732601,0.0,0.25390366715833373,0.0,0.041962938473797534,0.2335444111015038,0.0,0.0,0.0,0.0,0.0,149241.0,128276.0,5462316544.0,149560.0,1.73,1927.0,9600.0,1280.0,1.51,5,0.008,0.18181818181818182,0.449588512530013,0.0,0.25390366715833373,5,snmp
1171433,131192084,468351,653982,49100,181620,272495,65390,582148,299520,0.7161527381487564,0.15504087728448832,1.9436030982905983,111.99281905153774,0,0,0,0,0,65372,108,299520,0,0,0,0,0,0,0,0,0,0,0,0,0,0,0.0,0.0,0.0,4.581778131310041,0.0,1.9999559529577589,127135,54512,4,2.3322387731141765,0.10852946775445117,0.04653445822338964,0.055820520678519385,0.0,0.2556868382570749,0.0,0.04191447568917727,0.23261680352184033,0.0,0.0,0.0,0.0,0.0,149086.0,5.0,5464061952.0,153246.0,1.69,1584.0,11616.0,1303.0,1.22,5,0.008,0.18181818181818182,0.44934303137677806,0.0,0.2556868382570749,5,snmp
1181930,132825903,473271,661110,47551,183676,275448,66252,590194,299721,0.7158733039887462,0.1554034502889342,1.9691446378465307,112.38051576658516,0,0,0,0,0,66260,108,299723,0,0,0,0,0,0,0,0,0,0,0,0,0,0,0.0,0.0,0.0,4.523437971626924,0.0,2.0000435559040026,128574,55081,4,2.3342713458361324,0.10878309206128958,0.04660259067795893,0.05605408103694804,0.0,0.2535877759258163,0.0,0.04023165500494953,0.2330493345629606,0.0,0.0,0.0,0.0,0.0,149214.0,-41.0,5462092288.0,156352.0,1.66,1411.0,12864.0,1334.0,1.06,5,0.008,0.18181818181818182,0.44961319432740554,0.0,0.2535877759258163,5,snmp
1259537,159885654,568170,704314,60676,221754,332799,79509,626250,320573,0.8066998526225518,0.17605993313415963,1.9535332046055032,126.94002161111582,0,0,0,0,0,84307,108,384482,0,0,0,0,0,0,0,0,0,0,0,0,0,0,0.0,0.0,0.0,4.5604991281862715,0.0,2.000216479502097,155193,66556,4,2.3317657311136486,0.12321432399365799,0.052841639427821496,0.06312557709698087,0.0,0.305256614136782,0.0,0.04817325731598198,0.264223282047292,0.0,0.0,0.0,0.0,0.0,149504.0,0.0,5391237632.0,155802.0,1.66,1314.0,14304.0,1354.0,0.97,5,0.009000000000000001,0.18181818181818182,0.44792517812066834,0.0,0.305256614136782,5,snmp
1263029,132198909,471184,707171,47850,183173,274832,66129,629334,321013,0.6662942909140788,0.14502675710533963,1.9604626603907007,104.66815013748695,0,0,0,0,0,70851,108,321014,0,0,0,0,0,0,0,0,0,0,0,0,0,0,0.0,0.0,0.0,4.530832310059139,0.0,1.9999235724424065,128204,54966,4,2.3324236800931484,0.1015051910922077,0.043519190770758234,0.05235746764326076,0.0,0.25416201844929925,0.0,0.03788511586036425,0.21759753734870696,0.0,0.0,0.0,0.0,0.0,149025.0,-223.0,5392785408.0,155252.0,1.67,1021.0,16064.0,1377.0,0.74,5,0.006999999999999999,0.18181818181818182,0.4475884669365473,0.0,0.25416201844929925,5,snmp
1271691,133093312,474827,710436,48837,184204,275916,66482,633288,324111,0.6683599930183718,0.14484965294242075,1.9539231929801828,104.65853104252527,0,0,0,0,0,66477,108,302290,0,0,0,0,0,0,0,0,0,0,0,0,0,0,0.0,0.0,0.0,4.547287031604916,0.0,2.000130298818624,129022,55178,4,2.338286998441408,0.10145703633980267,0.04338947118443081,0.05227842298168344,0.0,0.23770711595820054,0.0,0.03840319700304555,0.21696780114037137,0.0,0.0,0.0,0.0,0.0,149248.0,7.0,5390981120.0,154702.0,1.67,1091.0,17696.0,1402.0,0.78,5,0.009000000000000001,0.18181818181818182,0.4494834332911138,0.0,0.23770711595820054,5,snmp
1267536,142261227,505995,709540,52001,197120,295578,70920,632339,321761,0.713131042647349,0.15551432069779478,1.9652443894692022,112.23446671337146,0,0,0,0,0,70758,108,321761,0,0,0,0,0,0,0,0,0,0,0,0,0,0,0.0,0.0,0.0,4.547344469883264,0.0,2.000690173152264,138004,59120,4,2.334303112313938,0.10887580313300767,0.04664167329369738,0.055951073578975274,0.0,0.253847622473839,0.0,0.04102526476565557,0.23319100995948044,0.0,0.0,0.0,0.0,0.0,149760.0,507.0,5567483392.0,156560.0,1.66,1021.0,2144.0,1427.0,0.72,5,0.009000000000000001,0.18181818181818182,0.44960657787909697,0.0,0.253847622473839,5,snmp
1264774,142003446,504948,708312,51514,196762,294775,70646,630508,321021,0.7128892352522617,0.15557087669417619,1.9640708863283087,112.27574728765772,0,0,0,0,0,70776,108,321021,0,0,0,0,0,0,0,0,0,0,0,0,0,0,0.0,0.0,0.0,4.535732451678535,0.0,1.9998983595226962,137809,58953,4,2.3376079249571693,0.10895938721067953,0.04661148948349666,0.0558566194434737,0.0,0.2538168874439228,0.0,0.04072980627369,0.23306535396837696,0.0,0.0,0.0,0.0,0.0,149461.0,254.0,5569720320.0,157598.0,1.65,868.0,3808.0,1450.0,0.6,5,0.008,0.18181818181818182,0.44962730026594605,0.0,0.2538168874439228,5,snmp
1180177,132282110,471651,659668,48858,183312,274379,66493,588082,299776,0.7149823850785547,0.15532585366432322,1.9617380977796754,112.0866700503399,0,0,0,0,0,66489,108,299776,0,0,0,0,0,0,0,0,0,0,0,0,0,0,0.0,0.0,0.0,4.508655567086285,0.0,2.0,128436,54874,4,2.3405620147975363,0.10882774363506491,0.046496415368203245,0.056341548767684844,0.0,0.2540093562236851,0.0,0.041398874914525534,0.2324897028157641,0.0,0.0,0.0,0.0,0.0,213298.0,64050.0,5288357376.0,159458.0,2.03,761.0,5536.0,1479.0,0.51,5,0.008,0.18181818181818182,0.4495780429452941,0.0,0.2540093562236851,5,snmp
1182663,132502484,470442,662356,49865,183969,276110,66298,589476,299520,0.710255512141507,0.15555487911602883,1.9680689102564102,112.03739695923522,0,0,0,0,0,66298,108,299520,0,0,0,0,0,0,0,0,0,0,0,0,0,0,0.0,0.0,0.0,4.5177833418806,0.0,1.999989128662282,128742,55223,4,2.331311229016895,0.10885772193769484,0.046693774980700334,0.05605823467885611,0.0,0.2532589588073695,0.0,0.04216332125043229,0.23346464715645962,0.0,0.0,0.0,0.0,0.0,170403.0,21591.0,5788729344.0,161961.0,1.73,809.0,7168.0,1503.0,0.54,5,0.009000000000000001,0.18181818181818182,0.4496606728509215,0.0,0.2532589588073695,5,snmp
1522793,151613579,538326,852755,57164,210404,316046,75549,758887,386081,0.631278620471296,0.13816979720815634,1.965616023580544,99.56282895968133,0,0,0,0,0,75601,108,343421,0,0,0,0,0,0,0,0,0,0,0,0,0,0,0.0,0.0,0.0,4.542545733522044,0.0,1.9976454056928015,147197,63209,4,2.328734832065054,0.09666251420908817,0.041508596375213175,0.049612127189972634,0.0,0.2255204745490687,0.0,0.037538916976897055,0.2075436385641384,0.0,0.0,0.0,0.0,0.0,106823.0,21625.0,5796289536.0,164039.0,1.71,662.0,8736.0,1532.0,0.43,5,0.008,0.18181818181818182,0.44959113843581117,0.0,0.2255204745490687,5,snmp
1343575,141624626,539081,750175,54319,208307,293516,70616,669230,342277,0.7186069917019362,0.1550393539623765,1.955229244150206,105.40879816906387,0,0,0,0,0,70620,108,320987,0,0,0,0,0,0,0,0,0,0,0,0,0,0,0.0,0.0,0.0,4.545270461625602,0.0,2.0005089938248486,136798,58717,4,2.3297852410715807,0.101816422603874,0.04370206352455203,0.05255828666058836,0.0,0.23890515974173382,0.0,0.04042870699439927,0.21845896209738944,0.0,0.0,0.0,0.0,0.0,127888.0,-256.0,5956963328.0,165903.0,1.56,658.0,10528.0,1555.0,0.42,5,0.008,0.2727272727272727,0.45152339569384425,0.0,0.23890515974173382,5,snmp
1176834,131650418,467981,657679,51174,182685,273916,65728,584840,299776,0.7115644562164825,0.1552342981253091,1.9509233561058923,111.86829918238256,0,0,0,0,0,65719,108,299776,0,0,0,0,0,0,0,0,0,0,0,0,0,0,0.0,0.0,0.0,4.5614814589388155,0.0,1.9998576886446486,127915,54769,4,2.3355365261370484,0.10869417436953725,0.046539274018255763,0.05585154745699054,0.0,0.25473091362078254,0.0,0.04348446764794355,0.23275670145492058,0.0,0.0,0.0,0.0,0.0,127623.0,-213.0,5958566400.0,167551.0,1.55,620.0,12192.0,1579.0,0.39,5,0.008,0.18181818181818182,0.44947584431393467,0.0,0.25473091362078254,5,snmp
1520368,170601808,571823,851966,60270,223340,355775,85049,758028,385472,0.6711805400685004,0.14689864559106744,1.9664930267308651,112.2108647380108,0,0,0,0,0,89876,108,406957,0,0,0,0,0,0,0,0,0,0,0,0,0,0,0.0,0.0,0.0,4.527982998798344,0.0,2.0,165563,71157,4,2.326728220695083,0.10889666186081265,0.04680248466160824,0.055939746166717534,0.0,0.2676700640897467,0.0,0.039641718320827586,0.23400584595308505,0.0,0.0,0.0,0.0,0.0,149108.0,-64190.0,5960028672.0,168982.0,1.53,555.0,13664.0,1601.0,0.35,5,0.008,0.18181818181818182,0.44598119370369244,0.0,0.2676700640897467,5,snmp
1265513,132642383,471312,709241,48445,183951,275874,66011,631298,320874,0.6645301103574103,0.1453568631851273,1.9674326994396554,104.81313348815856,0,0,0,0,0,66016,108,299776,0,0,0,0,0,0,0,0,0,0,0,0,0,0,0.0,0.0,0.0,4.540959767329133,0.0,2.0000108725197063,128773,55173,4,2.3339858264005944,0.10175557264129251,0.04359733957691466,0.05216145547299791,0.0,0.23688101189003985,0.0,0.03828091848918186,0.21799380962502954,0.0,0.0,0.0,0.0,0.0,192610.0,21994.0,5676218880.0,170846.0,1.77,526.0,15072.0,1633.0,0.32,5,0.008,0.18181818181818182,0.4496450336276463,0.0,0.23688101189003985,5,snmp
1271104,142400526,508054,710527,52447,197080,295855,71025,633203,323488,0.7150382744075876,0.1550463219374654,1.9574234592936988,112.02901257489552,0,0,0,0,0,66350,108,302080,0,0,0,0,0,0,0,0,0,0,0,0,0,0,0.0,0.0,0.0,4.552825923134891,0.0,1.999898523517175,137910,59168,4,2.330820713899405,0.10849623634258093,0.04654851215950859,0.05587662378530789,0.0,0.2376516791702331,0.0,0.04126098257892352,0.2327543615628619,0.0,0.0,0.0,0.0,0.0,149304.0,-21709.0,6035339264.0,172927.0,1.5,544.0,16960.0,1661.0,0.33,5,0.009000000000000001,0.18181818181818182,0.45093266291468287,0.0,0.2376516791702331,5,snmp
1272130,142709036,506809,713374,51947,198174,297220,71172,634981,321967,0.7104394048563587,0.155781248771745,1.9721928023679445,112.18117330775942,0,0,0,0,0,71194,108,321967,0,0,0,0,0,0,0,0,0,0,0,0,0,0,0.0,0.0,0.0,4.522389527207349,0.0,1.9998990836798127,138733,59446,4,2.33376509773576,0.10905567827187473,0.04672950091578691,0.055947112323426064,0.0,0.25309284428478224,0.0,0.04083466312405179,0.2336396437471013,0.0,0.0,0.0,0.0,0.0,149369.0,43483.0,5735952384.0,174707.0,1.73,464.0,2304.0,1687.0,0.27,5,0.008,0.18181818181818182,0.4497188325412155,0.0,0.25309284428478224,5,snmp
1269735,142470552,506164,711119,52452,197483,296548,71168,633968,321448,0.7117852286326198,0.15553087849039365,1.9722256788034145,112.20494985174072,0,0,0,0,0,71163,108,321448,0,0,0,0,0,0,0,0,0,0,0,0,0,0,0.0,0.0,0.0,4.517066453072523,0.0,2.0011856145435383,138170,59298,4,2.3300954500994973,0.10881798170484393,0.04670108329690841,0.05604949064174808,0.0,0.25316148645189746,0.0,0.04130940708100509,0.23355109530728854,0.0,0.0,0.0,0.0,0.0,149161.0,-171.0,6077594624.0,176240.0,1.47,430.0,3808.0,1714.0,0.25,5,0.006999999999999999,0.18181818181818182,0.4496609794150034,0.0,0.25316148645189746,5,snmp
1256484,140788138,502787,701538,52160,194942,291883,70322,624983,320850,0.7166924671222371,0.1551488120819684,1.9478977715443353,112.0492883315665,0,0,0,0,0,70365,108,320850,0,0,0,0,0,0,0,0,0,0,0,0,0,0,0.0,0.0,0.0,4.55979535280324,0.0,1.9991180753532827,136576,58389,4,2.339070715374471,0.10869696709229883,0.04647015003772432,0.05596728649151123,0.0,0.2553554203634905,0.0,0.041512665501510566,0.23230140614603925,0.0,0.0,0.0,0.0,0.0,106021.0,140.0,6461911552.0,177338.0,1.46,474.0,5440.0,1738.0,0.27,5,0.009000000000000001,0.18181818181818182,0.4494126593042132,0.0,0.2553554203634905,5,snmp
1429842,150767141,536943,799026,57091,208846,312942,75312,711949,363530,0.6719969062333391,0.1460622921973197,1.9584325915330234,105.4432175023534,0,0,0,0,0,70735,108,321223,0,0,0,0,0,0,0,0,0,0,0,0,0,0,0.0,0.0,0.0,4.541217219198416,0.0,1.9986601973337927,146256,62590,4,2.336731107205624,0.10228822485281591,0.0437740673445038,0.0526715539199436,0.0,0.22465629069505583,0.0,0.039928187869708684,0.21886474169873316,0.0,0.0,0.0,0.0,0.0,149419.0,-43362.0,6034970624.0,178227.0,1.45,431.0,7136.0,1771.0,0.24,5,0.008,0.18181818181818182,0.45089568359893206,0.0,0.22465629069505583,5,snmp
1175833,131623135,468689,656882,50262,182479,273710,65746,584708,299520,0.7135056220143039,0.1551912559011356,1.9521501068376068,111.94033081228372,0,0,0,0,0,65749,108,299520,0,0,0,0,0,0,0,0,0,0,0,0,0,0,0.0,0.0,0.0,4.5555065476281005,0.0,1.9999671200447167,127734,54739,4,2.3335099289354937,0.10863277353161546,0.04655337960407643,0.055914402810603205,0.0,0.25473005095111295,0.0,0.0427458661221449,0.23277965493399147,0.0,0.0,0.0,0.0,0.0,149039.0,-125.0,6038815232.0,179115.0,1.45,414.0,8736.0,1795.0,0.23,5,0.008,0.18181818181818182,0.44946542148854024,0.0,0.25473005095111295,5,snmp
1513894,188335226,637308,846172,66140,247756,390703,94104,753847,384860,0.7531660229835069,0.1636547869269579,1.9587564309099412,124.40449991875256,0,0,0,0,0,94221,108,427040,0,0,0,0,0,0,0,0,0,0,0,0,0,0,0.0,0.0,0.0,4.532322942868363,0.0,1.9997255740748214,182841,78145,4,2.3397658199500926,0.12077529866688157,0.05161854132455773,0.062160230504909854,0.0,0.28208051554468144,0.0,0.04368865984012091,0.2580781745617593,0.0,0.0,0.0,0.0,0.0,149248.0,-43483.0,5872500736.0,180211.0,1.44,387.0,10336.0,1819.0,0.21,5,0.008,0.18181818181818182,0.4476946778133712,0.0,0.28208051554468144,5,snmp
1267693,132697302,471602,709993,48720,184067,275512,66221,632540,321168,0.664234717807077,0.145198403714464,1.969498829273153,104.67621261614602,0,0,0,0,0,66220,108,299558,0,0,0,0,0,0,0,0,0,0,0,0,0,0,0.0,0.0,0.0,4.523678646934461,0.0,2.0000760621536458,128964,55097,4,2.3406719059113925,0.10173125512249417,0.04346241558484586,0.052237410792676145,0.0,0.23630169134009574,0.0,0.0384320178465922,0.21733337645628714,0.0,0.0,0.0,0.0,0.0,149457.0,171.0,5872500736.0,181310.0,1.43,352.0,12256.0,1844.0,0.19,5,0.006999999999999999,0.18181818181818182,0.44969735251278875,0.0,0.23630169134009574,5,snmp
1176818,132113551,469785,658346,48688,182886,274278,65241,586564,299520,0.7135837386419907,0.15540720825140336,1.958346688034188,112.26336697773148,0,0,0,0,0,65229,108,299520,0,0,0,0,0,0,0,0,0,0,0,0,0,0,0.0,0.0,0.0,4.591822655567309,0.0,1.9998469108802623,128027,54865,4,2.333491296819466,0.10879082406965224,0.046621482676165726,0.055438479017146235,0.0,0.2545168411768005,0.0,0.04137258267633568,0.23306747517458096,0.0,0.0,0.0,0.0,0.0,170947.0,21699.0,5713070080.0,182625.0,1.54,360.0,13824.0,1870.0,0.19,5,0.008,0.18181818181818182,0.4495227218992707,0.0,0.2545168411768005,5,snmp
1183766,132856527,470885,663980,48901,184408,276851,65934,590901,299520,0.7091855176360734,0.15578078775703982,1.9728265224358974,112.2320855642078,0,0,0,0,0,65955,108,299520,0,0,0,0,0,0,0,0,0,0,0,0,0,0,0.0,0.0,0.0,4.54127814418922,0.0,2.00002169126818,129050,55374,4,2.3305161267020624,0.10901647791877786,0.046777826023048474,0.055698507982151875,0.0,0.2530229792036602,0.0,0.04130968451535185,0.2338730796458084,0.0,0.0,0.0,0.0,0.0,149206.0,-42.0,6150070272.0,183729.0,1.41,338.0,15488.0,1891.0,0.18,5,0.008,0.18181818181818182,0.4497152014780293,0.0,0.2530229792036602,5,snmp
1275423,142722812,509111,712641,52350,197622,296734,71316,635431,324457,0.7144003783110991,0.15494624136462962,1.9584444163633394,111.90233514684932,0,0,0,0,0,71214,108,323934,0,0,0,0,0,0,0,0,0,0,0,0,0,0,0.0,0.0,0.0,4.548740416210296,0.0,1.9998178506375228,138272,59344,4,2.33000808843354,0.10841265995673592,0.046528877086268634,0.055915566835473406,0.0,0.2539816202154109,0.0,0.04104520617865602,0.23265536218180163,0.0,0.0,0.0,0.0,0.0,127805.0,465.0,5762107904.0,184619.0,1.4,346.0,17216.0,1915.0,0.18,5,0.008,0.18181818181818182,0.4494896379437348,0.0,0.2539816202154109,5,snmp
1182400,132726426,471564,661910,48926,183803,276155,66047,589995,299520,0.7124291822151048,0.15544908660351828,1.9698016826923077,112.25171346414074,0,0,0,0,0,66049,108,299520,0,0,0,0,0,0,0,0,0,0,0,0,0,0,0.0,0.0,0.0,4.534815061545216,0.0,1.9999673568871528,128577,55232,4,2.3279439455388182,0.10874238836265224,0.046711772665764546,0.05585842354533153,0.0,0.2533152909336942,0.0,0.04137855209742896,0.2335546346414073,0.0,0.0,0.0,0.0,0.0,149391.0,0.0,6016929792.0,185222.0,1.4,363.0,2144.0,1934.0,0.19,5,0.009000000000000001,0.18181818181818182,0.4496280262717221,0.0,0.2533152909336942,5,snmp
1261977,160423424,604173,705711,63180,235469,334518,80346,627656,321535,0.8561195730263521,0.18658739422350804,1.9520612064005474,127.1207193158037,0,0,0,0,0,79904,108,364363,0,0,0,0,0,0,0,0,0,0,0,0,0,0,0.0,0.0,0.0,4.560009511413696,0.0,2.0004502667618174,155668,66891,4,2.3271890089847664,0.12335248582184936,0.053004927982047215,0.06366677047204505,0.0,0.28872396248109117,0.0,0.0500643038660768,0.2650745615807578,0.0,0.0,0.0,0.0,0.0,148964.0,-28.0,5610667008.0,185574.0,1.4,316.0,3840.0,1961.0,0.16,5,0.008,0.2727272727272727,0.4513620759796147,0.0,0.28872396248109117,5,snmp
1434600,141668030,503570,803356,53453,196559,295460,71122,714802,364023,0.6268329358341757,0.1370131046981737,1.9636176834980208,98.75089223476927,0,0,0,0,0,71042,108,320579,0,0,0,0,0,0,0,0,0,0,0,0,0,0,0.0,0.0,0.0,4.512527800456068,0.0,2.002700031585275,137461,59091,4,2.326259498062311,0.09581834657744319,0.041189878711836055,0.04957618848459501,0.0,0.2234622891398299,0.0,0.037259863376550954,0.20595287885124774,0.0,0.0,0.0,0.0,0.0,170326.0,-621.0,5470949376.0,186336.0,1.5,297.0,5408.0,1980.0,0.15,5,0.008,0.18181818181818182,0.4496026010853535,0.0,0.2234622891398299,5,snmp
1177450,131939633,469710,658237,49503,182837,274087,65862,586274,299520,0.7135879629981299,0.1552821775871587,1.9573784722222223,112.05540192789503,0,0,0,0,0,65865,108,299520,0,0,0,0,0,0,0,0,0,0,0,0,0,0,0.0,0.0,0.0,4.54748348895468,0.0,2.0000765738664334,128032,54817,4,2.3356258095116478,0.1087366767166334,0.04655569238608858,0.0559361331691367,0.0,0.25438022845980723,0.0,0.04204254957747675,0.23278016051637013,0.0,0.0,0.0,0.0,0.0,149154.0,-52.0,5643304448.0,186884.0,1.39,314.0,7136.0,2005.0,0.16,5,0.008,0.18181818181818182,0.4495201040045106,0.0,0.25438022845980723,5,snmp
1271159,152113668,538436,712692,56579,210996,316293,75679,635415,320321,0.7554960628153536,0.16598710310826575,1.983681993999769,119.66533533570545,0,0,0,0,0,75809,108,341294,0,0,0,0,0,0,0,0,0,0,0,0,0,0,0.0,0.0,0.0,4.502024825548418,0.0,2.0006258000284456,147724,63258,4,2.335261943153435,0.11621205529756702,0.04976403423961912,0.059535431838188616,0.0,0.2684904091462988,0.0,0.04450977415099134,0.24882253124904122,0.0,0.0,0.0,0.0,0.0,149392.0,20966.0,5494948352.0,187433.0,1.5,289.0,8768.0,2033.0,0.14,5,0.008,0.18181818181818182,0.4498290359531278,0.0,0.2684904091462988,5,snmp
1172399,131476873,470190,654339,47870,181663,273407,65686,583080,299520,0.7185724830707019,0.1549498080431662,1.9467147435897436,112.14345372181313,0,0,0,0,0,65693,108,299520,0,0,0,0,0,0,0,0,0,0,0,0,0,0,0.0,0.0,0.0,4.559389889333719,0.0,1.9997468159351848,126988,54677,4,2.322512208058233,0.10831466079380825,0.046636853153235375,0.05602700104657203,0.0,0.25547616468454853,0.0,0.040830809306388015,0.23320303070882864,0.0,0.0,0.0,0.0,0.0,170957.0,21615.0,5511907328.0,188412.0,1.49,265.0,10336.0,2058.0,0.13,5,0.006999999999999999,0.18181818181818182,0.44932039407434515,0.0,0.25547616468454853,5,snmp
1183642,132799703,471664,662733,49245,184094,276085,66323,590676,299520,0.7116953584626087,0.15553182465644172,1.9720753205128205,112.19583539617554,0,0,0,0,0,66321,108,299520,0,0,0,0,0,0,0,0,0,0,0,0,0,0,0.0,0.0,0.0,4.516216582982766,0.0,2.0,128880,55227,4,2.3336411537834754,0.10888427413018463,0.04665853357687544,0.05603298970465732,0.0,0.25304948624668605,0.0,0.041604640592341265,0.23325042538199894,0.0,0.0,0.0,0.0,0.0,128026.0,28.0,5679222272.0,189179.0,1.37,273.0,11904.0,2087.0,0.13,5,0.008,0.18181818181818182,0.44968487701837595,0.0,0.25304948624668605,5,snmp
1348484,151243534,538907,753755,56097,209346,313896,75388,671786,343026,0.7149630848219912,0.15524544599713455,1.9584113157603213,112.1581969085284,0,0,0,0,0,75468,108,343282,0,0,0,0,0,0,0,0,0,0,0,0,0,0,0.0,0.0,0.0,4.548709386759951,0.0,2.001989117233597,146576,62789,4,2.3344216343627067,0.10869687738230487,0.046562658511335696,0.05590574304181584,0.0,0.2545688343354463,0.0,0.041600048647221624,0.23277695545516297,0.0,0.0,0.0,0.0,0.0,127641.0,-21078.0,5835019776.0,189512.0,1.37,282.0,13472.0,2110.0,0.13,5,0.008,0.18181818181818182,0.44949350316250025,0.0,0.2545688343354463,5,snmp
1351934,151747555,539838,757175,55325,210301,315243,75642,673971,343207,0.7129633175950078,0.15555567061705675,1.9637449119627512,112.24479523408687,0,0,0,0,0,75795,108,343208,0,0,0,0,0,0,0,0,0,0,0,0,0,0,0.0,0.0,0.0,4.528108714295138,0.0,2.000409021297644,147254,63050,4,2.335511498810468,0.10892099762266501,0.04663689203762906,0.05595095618573096,0.0,0.25386446379778893,0.0,0.040922855701535726,0.23317928242059155,0.0,0.0,0.0,0.0,0.0,149504.0,350.0,5663449600.0,189844.0,1.37,252.0,15040.0,2138.0,0.12,5,0.008,0.18181818181818182,0.44961457316870496,0.0,0.25386446379778893,5,snmp
1528536,152557756,576614,855002,59641,224120,336240,81062,762485,388207,0.6744007616356453,0.1466239591347538,1.9641196578114253,99.8064527103058,0,0,0,0,0,76283,108,345372,0,0,0,0,0,0,0,0,0,0,0,0,0,0,0.0,0.0,0.0,4.5275094057653735,0.0,1.9992328483626665,156867,67242,4,2.33287231194789,0.10262564964122534,0.04399111306505048,0.05303244411646176,0.0,0.2259495360266294,0.0,0.03901838098677427,0.21997519194837414,0.0,0.0,0.0,0.0,0.0,149166.0,-21304.0,5668218880.0,189534.0,1.37,253.0,16736.0,2162.0,0.12,5,0.008,0.18181818181818182,0.450843336853261,0.0,0.2259495360266294,5,snmp
1427156,141382028,504072,798012,52036,195839,293851,70616,709623,363401,0.6316596742906122,0.13722326080680738,1.9527271526495524,99.06557377049181,0,0,0,0,0,70759,108,321131,0,0,0,0,0,0,0,0,0,0,0,0,0,0,0.0,0.0,0.0,4.538376743594454,0.0,1.9985202873703976,137062,58770,4,2.3321762804151778,0.09603855500029429,0.04117980094677807,0.04948022500693687,0.0,0.2250146445097803,0.0,0.03646132588168357,0.2058997054281382,0.0,0.0,0.0,0.0,0.0,149290.0,-21573.0,5667642368.0,188921.0,1.37,247.0,2144.0,2181.0,0.11,5,0.008,0.18181818181818182,0.449487007593077,0.0,0.2250146445097803,5,snmp
1761664,160041294,569392,984760,61264,221587,333162,80323,876033,448858,0.5782038263130103,0.12578278264186588,1.9516929630306243,90.84666201954516,0,0,0,0,0,80266,108,363924,0,0,0,0,0,0,0,0,0,0,0,0,0,0,0.0,0.0,0.0,4.533974534672215,0.0,2.002177586222475,155175,66634,4,2.3287660953867393,0.08808433390249219,0.037824465959456516,0.0455949602194289,0.0,0.2065796882947032,0.0,0.03477621158177723,0.1891177886361985,0.0,0.0,0.0,0.0,0.0,149330.0,0.0,5667933184.0,188701.0,1.37,234.0,3968.0,2209.0,0.11,5,0.008,0.18181818181818182,0.44942818224511755,0.0,0.2065796882947032,5,snmp
1593261,150710072,537481,891549,55577,208776,313447,75378,792463,405939,0.6028619851516854,0.13103691108989676,1.9521726170680818,94.59220554573294,0,0,0,0,0,75367,108,342345,0,0,0,0,0,0,0,0,0,0,0,0,0,0,0.0,0.0,0.0,4.542372656467685,0.0,2.00005747952292,146082,62683,4,2.3304883301692643,0.09168742597728809,0.039342581033490434,0.04731051597949112,0.0,0.21487063324841316,0.0,0.0348825459231099,0.19673298976125067,0.0,0.0,0.0,0.0,0.0,149462.0,0.0,5815533056.0,188483.0,1.37,249.0,5504.0,2232.0,0.11,5,0.008,0.18181818181818182,0.4494813798736388,0.0,0.21487063324841316,5,snmp
1179076,132133355,503411,659251,53004,196084,294358,70821,587280,299520,0.763610521637434,0.16630310514334953,1.9607371794871795,112.06517221960247,0,0,0,0,0,66165,108,299520,0,0,0,0,0,0,0,0,0,0,0,0,0,0,0.0,0.0,0.0,4.526864656540467,0.0,2.0000612001346405,137215,58875,4,2.330615711252654,0.11637502586771337,0.049933168006133614,0.06006483042653739,0.0,0.2540294264322232,0.0,0.044953845214388215,0.24965142196092532,0.0,0.0,0.0,0.0,0.0,170498.0,20994.0,5499190272.0,188487.0,1.49,224.0,7392.0,2257.0,0.1,5,0.008,0.18181818181818182,0.4509941528593092,0.0,0.2540294264322232,5,snmp
1180200,132453923,470807,660983,48410,183630,275286,65823,588717,299520,0.7122830693073801,0.1555922724961871,1.9655348557692307,112.23006524317913,0,0,0,0,0,65826,108,299520,0,0,0,0,0,0,0,0,0,0,0,0,0,0,0.0,0.0,0.0,4.55017774131802,0.0,1.9999128720635162,128571,55056,4,2.335276809067132,0.10894001016776818,0.04664972038637519,0.05577275038129131,0.0,0.2537874936451449,0.0,0.04101847144551771,0.2332536858159634,0.0,0.0,0.0,0.0,0.0,192966.0,43800.0,5558015488.0,188931.0,1.6,225.0,8992.0,2285.0,0.1,5,0.008,0.18181818181818182,0.4496269934127923,0.0,0.2537874936451449,5,snmp
1229706,156813790,557164,688778,58487,217516,324996,77745,613627,311762,0.8089166611012547,0.17688455614594056,1.9682546301345256,127.52136689582713,0,0,0,0,0,78025,108,354724,0,0,0,0,0,0,0,0,0,0,0,0,0,0,0.0,0.0,0.0,4.546286446651714,0.0,1.9991911913383946,152511,65001,4,2.3462869802003046,0.12402232728798591,0.05285897604793341,0.06322242877565858,0.0,0.2884624454951021,0.0,0.047561774928316196,0.26428756141711923,0.0,0.0,0.0,0.0,0.0,-149466.0,-4.0,5780725248.0,189368.0,0.58,229.0,9760.0,2297.0,0.1,5,0.008,0.18181818181818182,0.4496639520946596,0.0,0.2884624454951021,5,snmp
1340161,150410263,535005,750129,54773,208517,312146,75248,668052,339848,0.7132173266198214,0.15559100734911702,1.9657376238789106,112.23298021655607,0,0,0,0,0,75420,108,339848,0,0,0,0,0,0,0,0,0,0,0,0,0,0,0.0,0.0,0.0,4.506072659771943,0.0,1.9975954169221337,146104,62435,4,2.340097701609674,0.10901973718083126,0.046587686106370804,0.05614847768290526,0.0,0.25358744210583656,0.0,0.040870462578749864,0.2329167913407419,0.0,0.0,0.0,0.0,0.0,-477.0,170021.0,5675517952.0,188084.0,1.49,6402.0,11936.0,2339.0,2.74,5,0.006999999999999999,0.18181818181818182,0.44966018046699546,0.0,0.25358744210583656,5,snmp
1180244,132344726,471872,659800,48572,183289,274874,66355,587835,300169,0.7151742952409821,0.1552975486424841,1.9583467979704767,112.13336055934197,0,0,0,0,0,66360,108,300169,0,0,0,0,0,0,0,0,0,0,0,0,0,0,0.0,0.0,0.0,4.5233423749246535,0.0,2.0000763850241703,128302,54967,4,2.334164134844543,0.10870802986501096,0.04657257312894622,0.05622142540017149,0.0,0.254327918633774,0.0,0.04115420201246522,0.23289590965935858,0.0,0.0,0.0,0.0,0.0,-714.0,192252.0,5613861376.0,188285.0,1.6,3921.0,13536.0,2364.0,1.66,5,0.006999999999999999,0.18181818181818182,0.44952392806245134,0.0,0.254327918633774,5,snmp
1177594,132102977,471349,657943,48302,182737,274245,66112,586650,299625,0.7163979250482184,0.15517827026971945,1.957947434292866,112.18040937708582,0,0,0,0,0,66112,108,299625,0,0,0,0,0,0,0,0,0,0,0,0,0,0,0.0,0.0,0.0,4.532081921587609,0.0,2.000120398848549,127893,54851,4,2.331643908041786,0.10860534275820019,0.04657887183528449,0.056141590395331495,0.0,0.2544382868798584,0.0,0.04101753235835101,0.23288586728532923,0.0,0.0,0.0,0.0,0.0,128192.0,127998.0,6008638464.0,188716.0,1.37,2790.0,15456.0,2397.0,1.16,5,0.006999999999999999,0.18181818181818182,0.4494869780447837,0.0,0.2544382868798584,5,snmp
1183233,132738548,471540,663020,48673,184189,276235,66318,590464,299527,0.7112002654520225,0.15566587476853672,1.9713214501530747,112.18293269372981,0,0,0,0,0,66312,108,299527,0,0,0,0,0,0,0,0,0,0,0,0,0,0,0.0,0.0,0.0,4.5169350947038245,0.0,1.9999239940063844,128937,55247,4,2.3338280811627783,0.10897008450575668,0.04669156455237472,0.05604813253180058,0.0,0.2531428721139454,0.0,0.041135600511479985,0.2334578227618736,0.0,0.0,0.0,0.0,0.0,106347.0,105396.0,6007940096.0,188715.0,1.37,2493.0,16864.0,2420.0,1.03,5,0.009000000000000001,0.18181818181818182,0.4496965398462605,0.0,0.2531428721139454,5,snmp
1373147,144377653,513288,768943,53565,200279,300988,72007,684957,347782,0.6675241207735814,0.14585401271677395,1.9695010092529228,105.14362482676654,0,0,0,0,0,72180,108,326501,0,0,0,0,0,0,0,0,0,0,0,0,0,0,0.0,0.0,0.0,4.523427542255472,0.0,2.0001098527972516,140082,60194,4,2.3271754659932884,0.10201529770665486,0.04383653024767195,0.05243939651035177,0.0,0.23777570791765193,0.0,0.03900893349364635,0.2191957598130426,0.0,0.0,0.0,0.0,0.0,154112.0,154330.0,6006924288.0,189996.0,1.39,1817.0,1120.0,2449.0,0.74,5,0.008,0.18181818181818182,0.4496155502146995,0.0,0.23777570791765193,5,snmp
1174528,131528188,467648,656892,49988,182435,273920,65306,583923,299520,0.7119100247833738,0.15532622466216217,1.9495292467948717,111.98386756211858,0,0,0,0,0,65299,108,299520,0,0,0,0,0,0,0,0,0,0,0,0,0,0,0.0,0.0,0.0,4.586900258809476,0.0,2.0000328889668477,127645,54767,4,2.330691839976628,0.10867769861595467,0.04662894371185702,0.05560190987358326,0.0,0.25501307759372277,0.0,0.04256007519616391,0.23321708805579774,0.0,0.0,0.0,0.0,0.0,149325.0,-20830.0,6040177152.0,190047.0,1.36,1718.0,3040.0,2473.0,0.69,5,0.009000000000000001,0.18181818181818182,0.4494498468248366,0.0,0.25501307759372277,5,snmp
1179317,132121052,470770,658562,49985,182889,274894,66427,586869,299626,0.7148453752266302,0.15508044062792278,1.9586718108575358,112.0318387676935,0,0,0,0,0,66433,108,299626,0,0,0,0,0,0,0,0,0,0,0,0,0,0,0.0,0.0,0.0,4.510198244848193,0.0,1.9998797156916348,127908,54992,4,2.3259383183008437,0.10845938793386341,0.04663038012680221,0.056326670437210694,0.0,0.2540673966372061,0.0,0.04238470233194298,0.23309593603755394,0.0,0.0,0.0,0.0,0.0,149021.0,-43231.0,6041643520.0,190044.0,1.36,1371.0,5088.0,2498.0,0.55,5,0.008,0.18181818181818182,0.44949286258291354,0.0,0.2540673966372061,5,snmp
1342070,141335196,503877,749871,52568,195267,293728,70458,667969,341839,0.6719515756710154,0.14549688168277364,1.9540456179663526,105.31134441571602,0,0,0,0,0,65812,108,299655,0,0,0,0,0,0,0,0,0,0,0,0,0,0,0.0,0.0,0.0,4.553196985352216,0.0,2.0008504795475037,136749,58755,4,2.3274444728108246,0.1018940889819458,0.04377938557601317,0.05249949704560865,0.0,0.22327821946694285,0.0,0.03916934288077373,0.21886190735207553,0.0,0.0,0.0,0.0,0.0,149305.0,0.0,6040073216.0,190043.0,1.36,1313.0,6304.0,2520.0,0.52,5,0.009000000000000001,0.18181818181818182,0.4508820904302288,0.0,0.22327821946694285,5,snmp
1343125,132140311,503685,750639,52049,195764,274986,65846,668706,341493,0.6710083009276097,0.14575262912982784,1.9581836230903709,98.38273503955328,0,0,0,0,0,65841,108,299520,0,0,0,0,0,0,0,0,0,0,0,0,0,0,0.0,0.0,0.0,4.549141112680549,0.0,2.0001226041113247,127890,54997,4,2.325399567249123,0.09521824104234528,0.04094704513727315,0.049024476500698,0.0,0.22300232666356445,0.0,0.038752163797114936,0.20473597021870638,0.0,0.0,0.0,0.0,0.0,149473.0,128.0,6014268928.0,190043.0,1.36,1082.0,8224.0,2545.0,0.42,5,0.008,0.2727272727272727,0.4517095064327549,0.0,0.22300232666356445,5,snmp
1426689,131889072,469904,798234,48170,182695,274186,65551,711538,363221,0.5886795100183655,0.12805523838762337,1.958967130204476,92.44416407500162,0,0,0,0,0,70258,108,320572,0,0,0,0,0,0,0,0,0,0,0,0,0,0,0.0,0.0,0.0,4.5627828859346975,0.0,2.000076633385882,127858,54837,4,2.3316009263818227,0.0896186905485358,0.038436547839087565,0.04594624336488191,0.0,0.2246964825550628,0.0,0.033763490150971937,0.19218344011904487,0.0,0.0,0.0,0.0,0.0,149303.0,-4809.0,5835894784.0,190043.0,1.36,1062.0,9632.0,2565.0,0.41,5,0.009000000000000001,0.18181818181818182,0.44754757436874937,0.0,0.2246964825550628,5,snmp
1268046,132668004,471853,710407,48431,183970,276214,66289,632183,321729,0.6642009439659238,0.14508148758010356,1.964954977636458,104.62396790021813,0,0,0,0,0,66292,108,299919,0,0,0,0,0,0,0,0,0,0,0,0,0,0,0.0,0.0,0.0,4.524211066191999,0.0,1.9996956488657485,128731,55245,4,2.330183727034121,0.10151918778971741,0.04356703147993054,0.052276494701296326,0.0,0.2365205994104315,0.0,0.03819340938735661,0.21782648263548798,0.0,0.0,0.0,0.0,0.0,149510.0,313.0,5939972096.0,190046.0,1.36,944.0,11232.0,2593.0,0.36,5,0.008,0.18181818181818182,0.44962469643523933,0.0,0.2365205994104315,5,snmp
1518747,151292856,505495,848726,52496,196373,314133,75663,757259,385995,0.5955926883352224,0.12929935005632934,1.9618362932162334,99.6168920827498,0,0,0,0,0,75507,108,342178,0,0,0,0,0,0,0,0,0,0,0,0,0,0,0.0,0.0,0.0,4.5317387791860355,0.0,2.0000101847513903,146347,62830,4,2.329253541301926,0.09636035495049537,0.04136962904288864,0.049819357667867,0.0,0.2253028318739066,0.0,0.034565335766918386,0.20683695177669487,0.0,0.0,0.0,0.0,0.0,171041.0,21819.0,5873838080.0,190265.0,1.48,822.0,12640.0,2619.0,0.31,5,0.008,0.18181818181818182,0.447246786468837,0.0,0.2253028318739066,5,snmp
1260592,141368113,503770,705135,51687,195852,294247,70557,627931,320480,0.7144305700326887,0.15536509830301953,1.9593453569645531,112.14422509424143,0,0,0,0,0,70655,108,320480,0,0,0,0,0,0,0,0,0,0,0,0,0,0,0.0,0.0,0.0,4.5358431816573495,0.0,2.0005107200130743,136998,58846,4,2.328076674710261,0.10867751024915277,0.04668124182923579,0.05597132141089266,0.0,0.2542297587165395,0.0,0.04100216406259916,0.23341969487351974,0.0,0.0,0.0,0.0,0.0,170305.0,21057.0,5510053376.0,190694.0,1.47,761.0,14272.0,2646.0,0.29,5,0.008,0.18181818181818182,0.4495268219306566,0.0,0.2542297587165395,5,snmp
1263626,141604095,504038,707177,52411,196433,294670,70778,629038,321488,0.7127465966794735,0.15545185046841392,1.9566453491265614,112.06171367160853,0,0,0,0,0,70624,108,321488,0,0,0,0,0,0,0,0,0,0,0,0,0,0,0.0,0.0,0.0,4.55210693248754,0.0,2.000274940684093,137498,58930,4,2.333242830476837,0.10881225932356567,0.04663563427786386,0.05601182628404291,0.0,0.2544170506146597,0.0,0.04147667110363351,0.2331939988572568,0.0,0.0,0.0,0.0,0.0,127656.0,6.0,5680054272.0,190907.0,1.36,647.0,16192.0,2670.0,0.24,5,0.006999999999999999,0.18181818181818182,0.44953719503543754,0.0,0.2544170506146597,5,snmp
1195467,143607114,508678,670318,54947,199527,298961,71573,596483,302080,0.7588607198374503,0.16690297599180906,1.9745862023305085,120.12637237163385,0,0,0,0,0,71500,108,324146,0,0,0,0,0,0,0,0,0,0,0,0,0,0,0.0,0.0,0.0,4.53351048951049,0.0,2.000531397575624,139730,59796,4,2.3367783798247372,0.116883192927952,0.05001894657067071,0.05987032682625284,0.0,0.2711459203809055,0.0,0.04596279111008501,0.250078839482813,0.0,0.0,0.0,0.0,0.0,130751.0,2505.0,5680990720.0,190907.0,1.37,700.0,1184.0,2703.0,0.26,5,0.008,0.18181818181818182,0.44972997353446,0.0,0.2711459203809055,5,snmp
1183488,132635822,470932,662795,49761,184099,276279,66357,589924,299776,0.7105243702804035,0.15555628785420722,1.9678826857386849,112.07196186188622,0,0,0,0,0,66350,108,299776,0,0,0,0,0,0,0,0,0,0,0,0,0,0,0.0,0.0,0.0,4.5181009796533536,0.0,1.9999891363389461,128844,55254,4,2.3318492778803344,0.10886802401038287,0.04668741888384166,0.056069009571706685,0.0,0.2532987237724421,0.0,0.04204605369889682,0.23344469905905257,0.0,0.0,0.0,0.0,0.0,170418.0,20907.0,5518560256.0,191138.0,1.47,604.0,2976.0,2732.0,0.22,5,0.008,0.18181818181818182,0.4496580277264081,0.0,0.2532987237724421,5,snmp
1180316,132401090,470711,660763,48842,183553,275359,65969,588491,299520,0.7123749362479437,0.15551174431254003,1.9647803151709402,112.17427366908522,0,0,0,0,0,65967,108,299520,0,0,0,0,0,0,0,0,0,0,0,0,0,0,0.0,0.0,0.0,4.54045204420392,0.0,2.0000762751571814,128472,55061,4,2.333266740524146,0.10884542783457989,0.04664937186312818,0.0558909647924793,0.0,0.25376255172343676,0.0,0.04138044388113014,0.2332926097756872,0.0,0.0,0.0,0.0,0.0,148992.0,-21848.0,5686853632.0,190704.0,1.36,603.0,4768.0,2754.0,0.22,5,0.008,0.18181818181818182,0.44960997887708953,0.0,0.25376255172343676,5,snmp
1433046,160858770,572560,802332,58154,222833,334322,80296,714740,363782,0.7136197982879905,0.15549605525572802,1.9647481183785893,112.24955095649408,0,0,0,0,0,80051,108,363782,0,0,0,0,0,0,0,0,0,0,0,0,0,0,0.0,0.0,0.0,4.544377959051105,0.0,2.0005835667600373,155967,66878,4,2.33211220431233,0.10883600386868252,0.046668425158717865,0.056031697517037134,0.0,0.2538522838764422,0.0,0.040580693152906466,0.23329467442077922,0.0,0.0,0.0,0.0,0.0,128246.0,-21057.0,5687411712.0,189847.0,1.36,602.0,6528.0,2779.0,0.22,5,0.009000000000000001,0.18181818181818182,0.44959773699780115,0.0,0.2538522838764422,5,snmp
1178112,132089748,470224,658807,49081,183020,274396,65878,586929,299520,0.71375076463972,0.15535025532377228,1.9595653044871795,112.11985617666232,0,0,0,0,0,65875,108,299520,0,0,0,0,0,0,0,0,0,0,0,0,0,0,0.0,0.0,0.0,4.5467931688804555,0.0,1.999825171004611,128145,54877,4,2.335131293620278,0.1087714920143416,0.04658046094089526,0.05591828281182095,0.0,0.2542372881355932,0.0,0.041660724956540635,0.2329116416775315,0.0,0.0,0.0,0.0,0.0,149329.0,-173.0,5688762368.0,189415.0,1.37,526.0,7968.0,2809.0,0.19,5,0.008,0.18181818181818182,0.4495438631424049,0.0,0.2542372881355932,5,snmp
1176733,131907703,470874,657719,48141,182727,273802,65906,585813,300032,0.7159197164746647,0.15528331405679963,1.9525017331484642,112.09654441576807,0,0,0,0,0,65911,108,300032,0,0,0,0,0,0,0,0,0,0,0,0,0,0,0.0,0.0,0.0,4.5520778018843595,0.0,1.9999452750476108,127972,54766,4,2.336705255085272,0.1087519428791408,0.046540719092606396,0.05600760750314642,0.0,0.25497032886814597,0.0,0.040910724862819346,0.23267980077043815,0.0,0.0,0.0,0.0,0.0,149329.0,-2571.0,5686224384.0,189197.0,1.37,472.0,9696.0,2834.0,0.17,5,0.006999999999999999,0.18181818181818182,0.44946613175602596,0.0,0.25497032886814597,5,snmp
1182498,142161950,471716,661818,48964,183933,294753,71129,590160,299520,0.7127578881202989,0.1555461404585885,1.970352564102564,120.22172553357385,0,0,0,0,0,71037,108,321393,0,0,0,0,0,0,0,0,0,0,0,0,0,0,0.0,0.0,0.0,4.524304235820769,0.0,2.0000761175690225,138084,58941,4,2.342749529190207,0.11677313619135085,0.049844481766565356,0.06015147594329969,0.0,0.2717915801971758,0.0,0.041407258194094194,0.24926300086765474,0.0,0.0,0.0,0.0,0.0,213044.0,42460.0,5362140160.0,189833.0,1.7,491.0,11040.0,2860.0,0.17,5,0.008,0.18181818181818182,0.4471524546067687,0.0,0.2717915801971758,5,snmp
1350673,161035819,573511,755351,59027,223347,334612,80684,673589,342917,0.7592642360968609,0.16535978730603187,1.9642916507493067,119.22635530583642,0,0,0,0,0,80413,108,364790,0,0,0,0,0,0,0,0,0,0,0,0,0,0,0.0,0.0,0.0,4.536455548232251,0.0,1.9984162774467171,156083,66934,4,2.331894104640392,0.11555942852192944,0.04955603613902106,0.059736146350745145,0.0,0.2700801748461693,0.0,0.043701917488540895,0.24773723913930315,0.0,0.0,0.0,0.0,0.0,149226.0,206.0,6130996224.0,190470.0,1.36,521.0,12992.0,2891.0,0.18,5,0.009000000000000001,0.18181818181818182,0.44960028731722956,0.0,0.2700801748461693,5,snmp
1176371,131881326,469790,657710,48871,182708,273998,65737,585749,299520,0.7142813702087546,0.15531494741029828,1.9556256677350428,112.10861709443705,0,0,0,0,0,65729,108,299520,0,0,0,0,0,0,0,0,0,0,0,0,0,0,0.0,0.0,0.0,4.556892695765948,0.0,2.000240850420941,127899,54793,4,2.334221524647309,0.10872335343186801,0.046577992827092816,0.05588118034191594,0.0,0.25461355303726463,0.0,0.04154386668831517,0.23291801651009758,0.0,0.0,0.0,0.0,0.0,107181.0,21556.0,5967275520.0,190253.0,1.48,412.0,14528.0,2918.0,0.14,5,0.006999999999999999,0.18181818181818182,0.44949882765390226,0.0,0.25461355303726463,5,snmp
1265435,141800508,504204,708275,52956,196792,295285,70829,630250,321379,0.7118760368500935,0.15551332150604338,1.961080219927251,112.05672989920463,0,0,0,0,0,70846,108,321379,0,0,0,0,0,0,0,0,0,0,0,0,0,0,0.0,0.0,0.0,4.536304096208678,0.0,1.9994310330813623,137731,59051,4,2.332407579888571,0.10884083338930882,0.04666458569582792,0.0559720570396741,0.0,0.2539672128556583,0.0,0.041848060153227944,0.23334663574185951,0.0,0.0,0.0,0.0,0.0,170562.0,21437.0,5811518976.0,190248.0,1.47,431.0,15776.0,2941.0,0.15,5,0.008,0.18181818181818182,0.44958823861265435,0.0,0.2539672128556583,5,snmp
1359506,152313189,540990,760933,57583,211495,317235,76117,677069,345029,0.7109561551411228,0.15556753703183362,1.9623538890933805,112.03568722756648,0,0,0,0,0,76019,108,345029,0,0,0,0,0,0,0,0,0,0,0,0,0,0,0.0,0.0,0.0,4.538720583012141,0.0,1.9984975478847553,148048,63448,4,2.333375362501576,0.10889837926423275,0.04666989332890035,0.0559887194319113,0.0,0.25378997959552957,0.0,0.042355826307496985,0.2333457888380044,0.0,0.0,0.0,0.0,0.0,130083.0,2391.0,5968239616.0,190028.0,1.38,471.0,1312.0,2969.0,0.16,5,0.009000000000000001,0.18181818181818182,0.449617415115605,0.0,0.25378997959552957,5,snmp
1176064,131890471,470414,656764,48886,182446,273556,65830,585634,299520,0.7162603309560207,0.15513271386591207,1.9552417200854701,112.14565788936656,0,0,0,0,0,65818,108,299520,0,0,0,0,0,0,0,0,0,0,0,0,0,0,0.0,0.0,0.0,4.550730803123765,0.0,1.9999780759449268,127735,54712,4,2.3346797777452846,0.10861228640618198,0.04652127775359164,0.05597484490639965,0.0,0.2546800174140183,0.0,0.041567465716151504,0.23260298759251197,0.0,0.0,0.0,0.0,0.0,127984.0,-63623.0,6127554560.0,189618.0,1.37,398.0,3104.0,2997.0,0.13,5,0.008,0.18181818181818182,0.4494644422035969,0.0,0.2546800174140183,5,snmp
1177600,132072400,470077,659130,48393,183038,275102,65749,586576,299520,0.7131779770303278,0.15543308423913044,1.9583867521367522,112.1538722826087,0,0,0,0,0,65754,108,299520,0,0,0,0,0,0,0,0,0,0,0,0,0,0,0.0,0.0,0.0,4.555160142348755,0.0,2.0000437077264333,128015,55023,4,2.3265725242171458,0.10870838994565217,0.04672469429347826,0.05583305027173913,0.0,0.2543478260869565,0.0,0.04109459918478261,0.2336124320652174,0.0,0.0,0.0,0.0,0.0,149181.0,-197.0,5970933248.0,189618.0,1.36,384.0,4896.0,3019.0,0.13,5,0.008,0.18181818181818182,0.44952235949652014,0.0,0.2543478260869565,5,snmp
1177257,131990316,470813,658289,48155,182868,274262,65980,586383,299689,0.7152071506587532,0.15533396700975233,1.9566383817891213,112.11682410892439,0,0,0,0,0,65981,108,299689,0,0,0,0,0,0,0,0,0,0,0,0,0,0,0.0,0.0,0.0,4.5420499840863275,0.0,2.0,128014,54853,4,2.333764789528376,0.10873921327288774,0.04659390430466755,0.056045536361219346,0.0,0.2545654857010831,0.0,0.04090440744884082,0.2329669732267466,0.0,0.0,0.0,0.0,0.0,149191.0,-21613.0,5970536960.0,189615.0,1.37,370.0,6368.0,3044.0,0.12,5,0.008,0.18181818181818182,0.4495057887847895,0.0,0.2545654857010831,5,snmp
1345422,150702489,536041,752722,55261,208926,313338,74874,669732,342339,0.7121367516825601,0.15528659409464093,1.9563415211237984,112.01131615210693,0,0,0,0,0,74800,108,341540,0,0,0,0,0,0,0,0,0,0,0,0,0,0,0.0,0.0,0.0,4.566042780748663,0.0,1.9985651150777708,146254,62668,4,2.33379077040914,0.108704926781337,0.04657869426841541,0.05565094074572885,0.0,0.25385343780613073,0.0,0.041073358396101746,0.2328919848196328,0.0,0.0,0.0,0.0,0.0,149495.0,-21264.0,5968690176.0,189616.0,1.37,348.0,7904.0,3069.0,0.11,5,0.008,0.18181818181818182,0.44956806743857997,0.0,0.25385343780613073,5,snmp
1180074,132458033,470844,661132,48098,183605,275597,65752,588434,299776,0.7121785059564505,0.15558770043234577,1.962912307856533,112.2455312124494,0,0,0,0,0,65756,108,299776,0,0,0,0,0,0,0,0,0,0,0,0,0,0,0.0,0.0,0.0,4.5589147758379465,0.0,1.9996841543505015,128511,55118,4,2.331561377408469,0.108900797746582,0.04670724039339906,0.05571853968479943,0.0,0.25403152683645264,0.0,0.04075846091007852,0.23354213379838892,0.0,0.0,0.0,0.0,0.0,149478.0,-2189.0,5967927296.0,189620.0,1.37,327.0,9472.0,3089.0,0.11,5,0.008,0.18181818181818182,0.44959024114994844,0.0,0.25403152683645264,5,snmp
1349878,151392397,538640,756344,54895,210006,316602,75581,673056,342830,0.7121627196090667,0.15557405928535764,1.9632354228043054,112.15265157295697,0,0,0,0,0,75457,108,342830,0,0,0,0,0,0,0,0,0,0,0,0,0,0,0.0,0.0,0.0,4.543382323707542,0.0,2.0014295516925893,146686,63331,4,2.316180069792045,0.10866611649349052,0.04691609167643298,0.05599098585205478,0.0,0.2539710996104833,0.0,0.04066663802210274,0.2345411955747112,0.0,0.0,0.0,0.0,0.0,148992.0,-256.0,6301449216.0,189620.0,1.36,316.0,11520.0,3119.0,0.1,5,0.008,0.18181818181818182,0.4495500362661799,0.0,0.2539710996104833,5,snmp
1264624,132373339,471228,706920,48912,183260,274606,66026,629840,321516,0.6665931081310473,0.14491263806475285,1.9589693825501686,104.67406833968042,0,0,0,0,0,66026,108,299776,0,0,0,0,0,0,0,0,0,0,0,0,0,0,0.0,0.0,0.0,4.540272014055069,0.0,1.9998690470993932,128333,54909,4,2.3371942668779253,0.10147917483773833,0.04341922974733992,0.0522099849441415,0.0,0.23704753349612218,0.0,0.038677108769088676,0.21714438441781905,0.0,0.0,0.0,0.0,0.0,149057.0,247.0,5659984896.0,189401.0,1.37,316.0,13024.0,3145.0,0.1,5,0.008,0.18181818181818182,0.4495604269892764,0.0,0.23704753349612218,5,snmp
1180955,141630483,503048,660871,53778,196384,294800,70722,588469,299520,0.7611894000493289,0.16629253443187927,1.9647068643162393,119.9287720531265,0,0,0,0,0,70569,108,320369,0,0,0,0,0,0,0,0,0,0,0,0,0,0,0.0,0.0,0.0,4.539797928268786,0.0,1.9994298513541031,137414,58959,4,2.330670465916993,0.1163583709794192,0.0499248489569882,0.05988543170569582,0.0,0.2712795999847581,0.0,0.045537721589730344,0.24962847864651913,0.0,0.0,0.0,0.0,0.0,149258.0,-133.0,5808131072.0,189182.0,1.37,315.0,14592.0,3167.0,0.1,5,0.008,0.18181818181818182,0.4496103002190671,0.0,0.2712795999847581,5,snmp
1265408,141845033,537750,707526,56659,209613,294684,70871,630901,321356,0.7600427404787952,0.1656485497167712,1.9632463685134243,112.0943071325612,0,0,0,0,0,70829,108,321356,0,0,0,0,0,0,0,0,0,0,0,0,0,0,0.0,0.0,0.0,4.537068150051533,0.0,2.0005058217217027,137675,58942,4,2.335770757694004,0.10879890122395307,0.04657944315193203,0.05600644219097714,0.0,0.2539544557960753,0.0,0.04477528196439409,0.23287666902690674,0.0,0.0,0.0,0.0,0.0,149248.0,0.0,5768514048.0,189178.0,1.37,323.0,16416.0,3196.0,0.1,5,0.009000000000000001,0.2727272727272727,0.4516575176024677,0.0,0.2539544557960753,5,snmp
1611943,189624049,708344,901565,75307,276082,394191,95104,803512,409475,0.7856826740168484,0.17127280555205737,1.9622980645949082,117.63694435845436,0,0,0,0,0,94810,108,430647,0,0,0,0,0,0,0,0,0,0,0,0,0,0,0.0,0.0,0.0,4.542210737264002,0.0,1.9987113588648375,184535,78837,4,2.34071565381737,0.11447985443654025,0.04890805692260831,0.05899960482473636,0.0,0.26716019114819817,0.0,0.04671815318531735,0.24454400682902558,0.0,0.0,0.0,0.0,0.0,152062.0,2367.0,5587118080.0,189175.0,1.38,297.0,1152.0,3223.0,0.09,5,0.008,0.2727272727272727,0.4511355067854385,0.0,0.26716019114819817,5,snmp
1257984,150438363,536240,703473,55698,208254,311675,74869,626119,320992,0.7622751690541073,0.1655458257020757,1.9505750922141363,119.5868651747558,0,0,0,0,0,74900,108,342311,0,0,0,0,0,0,0,0,0,0,0,0,0,0,0.0,0.0,0.0,4.570240320427236,0.0,1.9978510922015753,145934,62332,4,2.341237245716486,0.11600624491249491,0.04954911986161986,0.059515065374440373,0.0,0.27211077406389905,0.0,0.04427560286935287,0.24775752314814814,0.0,0.0,0.0,0.0,0.0,149299.0,256.0,5588494336.0,189201.0,1.37,313.0,2912.0,3253.0,0.1,5,0.009000000000000001,0.18181818181818182,0.4494501789099158,0.0,0.27211077406389905,5,snmp
1350141,151814402,541188,755569,54083,209906,314787,75757,673836,342827,0.7162654899817223,0.15546968798073682,1.96552780265265,112.44336850743737,0,0,0,0,0,75779,108,343028,0,0,0,0,0,0,0,0,0,0,0,0,0,0,0.0,0.0,0.0,4.526689452222912,0.0,2.0007434660769774,146937,62959,4,2.333852189520164,0.10883085544398696,0.04663142590292421,0.056110435872994004,0.0,0.25406827879458516,0.0,0.04005729771927525,0.23315120420756055,0.0,0.0,0.0,0.0,0.0,149248.0,0.0,5586644480.0,188990.0,1.37,266.0,4544.0,3274.0,0.08,5,0.008,0.18181818181818182,0.4495769303404397,0.0,0.25406827879458516,5,snmp
1184835,132775972,470494,663782,50559,184379,276544,66350,590809,299587,0.7088080122690883,0.15561576084433698,1.972078227693458,112.06283744150029,0,0,0,0,0,66345,108,299587,0,0,0,0,0,0,0,0,0,0,0,0,0,0,0.0,0.0,0.0,4.515592734946115,0.0,2.000010847281129,129073,55311,4,2.3335864475420802,0.10893753138622678,0.0466824494549874,0.055999358560474666,0.0,0.25285124089008176,0.0,0.042671764422894325,0.23340296328180718,0.0,0.0,0.0,0.0,0.0,170798.0,21740.0,5449344000.0,188996.0,1.48,274.0,6208.0,3306.0,0.08,5,0.008,0.18181818181818182,0.4497157335006957,0.0,0.25285124089008176,5,snmp
1263570,132195885,471461,706493,48341,183013,274101,65966,629609,321571,0.6673257909137104,0.14483803825668543,1.9579159812296507,104.62094304233244,0,0,0,0,0,65971,108,299859,0,0,0,0,0,0,0,0,0,0,0,0,0,0,0.0,0.0,0.0,4.545315365842567,0.0,1.9999890718742828,128193,54820,4,2.3384348777818316,0.10145302595028372,0.0433850123064017,0.05220605110915897,0.0,0.23731095230181154,0.0,0.03825747683151705,0.21692585294047817,0.0,0.0,0.0,0.0,0.0,149504.0,256.0,5628143616.0,189003.0,1.37,267.0,7936.0,3330.0,0.08,5,0.008,0.18181818181818182,0.449524457371782,0.0,0.23731095230181154,5,snmp
1180012,132349054,470298,661490,48224,183730,275735,65814,588354,299587,0.7109676639102632,0.15570180642230758,1.9638836131073778,112.1590746534781,0,0,0,0,0,65814,108,299587,0,0,0,0,0,0,0,0,0,0,0,0,0,0,0.0,0.0,0.0,4.552025404929043,0.0,2.0000435431022283,128583,55145,4,2.331725451083507,0.10896753592336349,0.04673257560092609,0.05577400907787378,0.0,0.2538847062572245,0.0,0.04086738100968465,0.2336713524947204,0.0,0.0,0.0,0.0,0.0,149252.0,18974.0,5487919616.0,188792.0,1.49,275.0,9728.0,3356.0,0.08,5,0.009000000000000001,0.18181818181818182,0.4496241494487226,0.0,0.2538847062572245,5,snmp
1180787,132479686,471322,661073,48392,183649,275248,66121,589018,299520,0.7129651339564617,0.15553101448440743,1.966539797008547,112.19609125100463,0,0,0,0,0,66123,108,299520,0,0,0,0,0,0,0,0,0,0,0,0,0,0,0.0,0.0,0.0,4.529740029944195,0.0,1.9999455497838325,128605,55045,4,2.336361159051685,0.1089146476036745,0.04661721377352562,0.055997398345340864,0.0,0.25366132926598955,0.0,0.040982836023770584,0.23310554740185996,0.0,0.0,0.0,0.0,0.0,148876.0,-116.0,5661402624.0,188790.0,1.37,247.0,11584.0,3379.0,0.07,5,0.008,0.18181818181818182,0.44963189772225187,0.0,0.25366132926598955,5,snmp
1352680,170466310,639985,756891,66700,249577,353919,85135,674469,343187,0.8455444707362091,0.18450557411952567,1.965310457563952,126.02116539018837,0,0,0,0,0,85041,108,385938,0,0,0,0,0,0,0,0,0,0,0,0,0,0,0.0,0.0,0.0,4.538258016721346,0.0,1.997430951828346,165653,70787,4,2.340161329057595,0.1224628145607239,0.05233092823136292,0.06293801933938552,0.0,0.28531359966880565,0.0,0.049309518881036164,0.26164281278646834,0.0,0.0,0.0,0.0,0.0,149402.0,21686.0,5513302016.0,189006.0,1.49,255.0,12992.0,3407.0,0.07,5,0.008,0.2727272727272727,0.4513920301097823,0.0,0.28531359966880565,5,snmp
1341187,150514782,535434,749736,56532,208929,313468,74675,667280,341952,0.7141633855117001,0.1557791717336956,1.9513849897061575,112.22505288226027,0,0,0,0,0,74571,108,342747,0,0,0,0,0,0,0,0,0,0,0,0,0,0,0.0,0.0,0.0,4.596250553164099,0.0,1.9979248945712564,146236,62695,4,2.3324986043544143,0.10903475801659276,0.04674590493346566,0.0556782909467509,0.0,0.25555496735354577,0.0,0.042150721711439194,0.2337243054100584,0.0,0.0,0.0,0.0,0.0,149364.0,-21550.0,5683442688.0,189223.0,1.37,242.0,14400.0,3433.0,0.07,5,0.008,0.18181818181818182,0.44947666212525306,0.0,0.25555496735354577,5,snmp
1176123,131736375,468561,657872,49690,182735,274257,65522,585164,299520,0.7122373349222949,0.15537065425980107,1.9536725427350428,112.00901181254001,0,0,0,0,0,65518,108,299520,0,0,0,0,0,0,0,0,0,0,0,0,0,0,0.0,0.0,0.0,4.571568118684942,0.0,1.9999671661066665,127881,54845,4,2.331680189625308,0.10873097456643566,0.046632027432504934,0.05571015956664396,0.0,0.2546672414364824,0.0,0.04224898246186836,0.23318734520113968,0.0,0.0,0.0,0.0,0.0,127306.0,-512.0,5686408192.0,189219.0,1.37,237.0,16096.0,3463.0,0.07,5,0.008,0.18181818181818182,0.44949494587316596,0.0,0.2546672414364824,5,snmp
1442578,143009699,508689,808473,52265,198490,297377,71637,718990,366042,0.629197264472654,0.1375939463931933,1.9642281486823916,99.13481212107769,0,0,0,0,0,80905,108,366042,0,0,0,0,0,0,0,0,0,0,0,0,0,0,0.0,0.0,0.0,4.524343365675793,0.0,2.001270391804965,139024,59484,4,2.3371662968193125,0.09637191195207469,0.04123451210263847,0.04965901323879887,0.0,0.2537415654474143,0.0,0.03623027662975589,0.20614275276622823,0.0,0.0,0.0,0.0,0.0,172443.0,1663.0,5536122368.0,189427.0,1.49,232.0,1152.0,3489.0,0.07,5,0.008,0.18181818181818182,0.4458156446063642,0.0,0.2537415654474143,5,snmp
1482245,128066253,456478,830026,45056,177130,265988,63324,739240,377173,0.5499562664302082,0.11950116208858859,1.959949413134026,86.40019227590581,0,0,0,0,0,63315,108,289908,0,0,0,0,0,0,0,0,0,0,0,0,0,0,0.0,0.0,0.0,4.5788201847903345,0.0,2.0001129177958448,123924,53196,4,2.329573652154297,0.0836056117578403,0.03588880380773759,0.042721682312977946,0.0,0.19558709929869894,0.0,0.030397134077025052,0.1794494162570965,0.0,0.0,0.0,0.0,0.0,-149248.0,116.0,5699877376.0,189659.0,0.58,236.0,2176.0,3500.0,0.07,5,0.008,0.18181818181818182,0.4495262015007729,0.0,0.19558709929869894,5,snmp
1422902,159346371,566020,796650,60232,221069,332729,79268,708443,361966,0.7105002196698675,0.1553648810670025,1.957208688108828,111.98689087512703,0,0,0,0,0,79257,108,361966,0,0,0,0,0,0,0,0,0,0,0,0,0,0,0.0,0.0,0.0,4.566990928246086,0.0,2.0031079256634925,154527,66543,4,2.322212704566972,0.10859988952155525,0.04676569433453604,0.055708685489232565,0.0,0.25438575530851737,0.0,0.042330392395259826,0.2338383107199231,0.0,0.0,0.0,0.0,0.0,0.0,127306.0,5773516288.0,188166.0,1.38,6600.0,4640.0,3533.0,1.87,5,0.006999999999999999,0.18181818181818182,0.4494939844608647,0.0,0.25438575530851737,5,snmp
1435037,179355621,638752,802649,65507,248570,373398,89532,715103,364573,0.7958048910544958,0.1732150460232036,1.9614809654033623,124.98327290515854,0,0,0,0,0,89847,108,406250,0,0,0,0,0,0,0,0,0,0,0,0,0,0,0.0,0.0,0.0,4.5215755673533895,0.0,2.0019167888149734,173878,74681,4,2.3282762683949065,0.12116621383281406,0.052041166882805114,0.06239002896789421,0.0,0.2830937460149111,0.0,0.04564830035741239,0.2602009564910173,0.0,0.0,0.0,0.0,0.0,-22939.0,149504.0,5771640320.0,188164.0,1.38,4277.0,6112.0,3558.0,1.2,5,0.008,0.18181818181818182,0.4495582051253148,0.0,0.2830937460149111,5,snmp
1270298,133055230,471459,712765,48779,184631,277366,66104,634191,321260,0.6614508288145462,0.14534463566816605,1.974073958787275,104.74332007135334,0,0,0,0,0,66104,108,299532,0,0,0,0,0,0,0,0,0,0,0,0,0,0,0.0,0.0,0.0,4.531223526564202,0.0,1.9998591884924504,129166,55465,4,2.3287839177859913,0.10168165265158254,0.04366298301658351,0.0520381831664696,0.0,0.23579663984356428,0.0,0.03839965110548863,0.2183471909740864,0.0,0.0,0.0,0.0,0.0,171160.0,171416.0,5589433856.0,187959.0,1.49,3381.0,7712.0,3578.0,0.95,5,0.009000000000000001,0.18181818181818182,0.4497364454187591,0.0,0.23579663984356428,5,snmp
1259080,150512563,537069,703139,55435,208240,312782,75099,626947,320894,0.7638162582362804,0.16539060266226133,1.9537510829121143,119.54169949486926,0,0,0,0,0,75195,108,341973,0,0,0,0,0,0,0,0,0,0,0,0,0,0,0.0,0.0,0.0,4.547815679233992,0.0,1.9996927095336867,145689,62564,4,2.3286394731794644,0.11571067763764019,0.04969025002382692,0.059645931950312925,0.0,0.27160545795342633,0.0,0.04402817930552467,0.24842106935222544,0.0,0.0,0.0,0.0,0.0,149248.0,128421.0,5775505920.0,187304.0,1.38,2427.0,9504.0,3602.0,0.67,5,0.008,0.18181818181818182,0.4494399453349691,0.0,0.27160545795342633,5,snmp
1181245,132587194,471319,661297,48629,183692,275568,65911,589148,299776,0.7127190959583969,0.15550711325762226,1.9652940862510675,112.24360230096212,0,0,0,0,0,65920,108,299776,0,0,0,0,0,0,0,0,0,0,0,0,0,0,0.0,0.0,0.0,4.5475728155339805,0.0,2.000065328876452,128571,55120,4,2.332565312046444,0.10884363531697488,0.04666263137621746,0.05579790813929371,0.0,0.2537796985384065,0.0,0.04116758166172132,0.23328606681933045,0.0,0.0,0.0,0.0,0.0,149022.0,170830.0,5592820736.0,188804.0,1.49,1876.0,11104.0,3623.0,0.52,5,0.008,0.18181818181818182,0.4496075717496946,0.0,0.2537796985384065,5,snmp
1266513,142085204,505704,708714,52095,196849,294974,70967,631313,321589,0.7135515878055182,0.15542596088630753,1.9631050813305182,112.1861394237564,0,0,0,0,0,71051,108,321589,0,0,0,0,0,0,0,0,0,0,0,0,0,0,0.0,0.0,0.0,4.526171341712291,0.0,2.000477637422384,137864,59002,4,2.3365987593640893,0.10885320561257564,0.046586177954746615,0.056033376680697314,0.0,0.2539168567555169,0.0,0.041132621615411764,0.23290246527276073,0.0,0.0,0.0,0.0,0.0,170648.0,21656.0,5636543488.0,188596.0,1.49,1495.0,13184.0,3651.0,0.41,5,0.006999999999999999,0.18181818181818182,0.44959231729004867,0.0,0.2539168567555169,5,snmp
1265957,141832882,503151,709147,53659,197015,295103,70824,630983,320748,0.7095157985579859,0.15562534904424083,1.96722349009191,112.03609759257226,0,0,0,0,0,70841,108,320748,0,0,0,0,0,0,0,0,0,0,0,0,0,0,0.0,0.0,0.0,4.527717000042348,0.0,2.0009038928328406,137984,59014,4,2.338157047480259,0.10899580317498936,0.04661611729308342,0.0559450281486654,0.0,0.25336405580916255,0.0,0.04238611580014171,0.23310665370150802,0.0,0.0,0.0,0.0,0.0,149658.0,21736.0,5633173504.0,188598.0,1.49,1452.0,14880.0,3673.0,0.4,5,0.008,0.18181818181818182,0.44968136480231374,0.0,0.25336405580916255,5,snmp
1434327,160645694,570805,802921,60601,222996,334820,79943,715050,364596,0.7109105378984981,0.1554708235988028,1.9612118618964554,112.0007459944629,0,0,0,0,0,79826,108,364596,0,0,0,0,0,0,0,0,0,0,0,0,0,0,0.0,0.0,0.0,4.567384060331221,0.0,2.0021728004884314,156029,66963,4,2.3300778041605064,0.10878202808704013,0.04668600674741534,0.055735547054472236,0.0,0.25419308149396896,0.0,0.04225047705300116,0.23343351969251083,0.0,0.0,0.0,0.0,0.0,128104.0,-21912.0,5815262208.0,188819.0,1.37,1246.0,16512.0,3699.0,0.34,5,0.008,0.18181818181818182,0.4495532683225664,0.0,0.25419308149396896,5,snmp
1520479,161115568,573215,850837,59626,223402,334617,80043,756164,387284,0.6737071848074307,0.14692869812736645,1.952479317503434,105.9636917050482,0,0,0,0,0,80403,108,366033,0,0,0,0,0,0,0,0,0,0,0,0,0,0,0.0,0.0,0.0,4.552479385097571,0.0,1.99940931140029,156479,66931,4,2.3379151663653612,0.10291427898708236,0.04401968064011407,0.052643278861464055,0.0,0.24073532090873995,0.0,0.03921527360785647,0.2200734110763779,0.0,0.0,0.0,0.0,0.0,127439.0,0.0,5815078400.0,188821.0,1.37,1083.0,17952.0,3720.0,0.29,5,0.008,0.18181818181818182,0.4495238740571992,0.0,0.24073532090873995,5,snmp
2023787,198887438,707083,1134023,73038,275699,412566,98693,1007448,514817,0.6235173360681397,0.13622925732796978,1.9569050750072357,98.27488663579715,0,0,0,0,0,103497,108,472605,0,0,0,0,0,0,0,0,0,0,0,0,0,0,0.0,0.0,0.0,4.56636424244181,0.0,1.996632435799018,193180,82514,4,2.3411784666844415,0.09545470941358947,0.040772077298648526,0.048766495683587256,0.0,0.23352506958489208,0.0,0.036089766363752704,0.2038584100006572,0.0,0.0,0.0,0.0,0.0,149486.0,-21344.0,5759021568.0,188772.0,1.37,923.0,2176.0,3745.0,0.25,5,0.006999999999999999,0.18181818181818182,0.44828785926624337,0.0,0.23352506958489208,5,snmp
1429759,132306842,470946,799243,48693,183182,274917,65610,712056,363768,0.5892400684147374,0.12812089310156466,1.9574454047634757,92.53786267475847,0,0,0,0,0,65606,108,300032,0,0,0,0,0,0,0,0,0,0,0,0,0,0,0.0,0.0,0.0,4.573240252415937,0.0,2.000043673366889,128200,54986,4,2.331502564289092,0.08966546110218575,0.038458229673672274,0.04588885259683625,0.0,0.20984795339634163,0.0,0.034056788591643766,0.19228205592690797,0.0,0.0,0.0,0.0,0.0,149551.0,-21097.0,5687726080.0,188777.0,1.37,919.0,3840.0,3775.0,0.24,5,0.008,0.18181818181818182,0.4495136654090786,0.0,0.20984795339634163,5,snmp
1177471,132033536,470678,658508,48287,182920,274394,65927,586561,299614,0.7147642853237925,0.15534989821405368,1.9577222693198582,112.13315317319918,0,0,0,0,0,65932,108,299616,0,0,0,0,0,0,0,0,0,0,0,0,0,0,0.0,0.0,0.0,4.544318388642844,0.0,1.9999562659902472,128040,54881,4,2.333047867203586,0.10874153163857114,0.04660921585329915,0.05599033861555826,0.0,0.2544572223010163,0.0,0.04100907793058173,0.23303673721051305,0.0,0.0,0.0,0.0,0.0,149226.0,-22024.0,5691742208.0,188782.0,1.37,798.0,5504.0,3796.0,0.21,5,0.008,0.18181818181818182,0.4495171026605288,0.0,0.2544572223010163,5,snmp
1258577,150441831,536842,703561,55186,208309,313415,74877,626705,320880,0.7630354724039564,0.16551152611242698,1.9530821490900026,119.53327527835008,0,0,0,0,0,74897,108,342425,0,0,0,0,0,0,0,0,0,0,0,0,0,0,0.0,0.0,0.0,4.571945471781246,0.0,2.0020471320928803,145632,62684,4,2.323272286388871,0.11571163305860507,0.04980545489072182,0.05949338022226689,0.0,0.2720731429225228,0.0,0.04384793302277096,0.2490233017129663,0.0,0.0,0.0,0.0,0.0,149333.0,0.0,5846542848.0,188781.0,1.37,674.0,7104.0,3819.0,0.18,5,0.006999999999999999,0.18181818181818182,0.4493989643360497,0.0,0.2720731429225228,5,snmp
1267134,151573783,539983,709738,54349,210202,315397,75742,631644,321534,0.7608201899856003,0.1658877435219953,1.964470320401575,119.61937963940673,0,0,0,0,0,75717,108,343336,0,0,0,0,0,0,0,0,0,0,0,0,0,0,0.0,0.0,0.0,4.534463858842797,0.0,1.9997716742933795,147131,63072,4,2.3327467021816335,0.11611321296721577,0.04977531973729692,0.05977426223272361,0.0,0.27095476879319785,0.0,0.04289128063803828,0.24890579843962832,0.0,0.0,0.0,0.0,0.0,149288.0,0.0,5675948544.0,188782.0,1.37,729.0,8672.0,3849.0,0.19,5,0.008,0.18181818181818182,0.44958442936497744,0.0,0.27095476879319785,5,snmp
1180928,132569101,471452,660759,48717,183548,275463,65960,588886,299776,0.7135006863319304,0.15542691849122045,1.9644201003415884,112.25841118171472,0,0,0,0,0,65963,108,299776,0,0,0,0,0,0,0,0,0,0,0,0,0,0,0.0,0.0,0.0,4.544608341039674,0.0,2.000174356515485,128434,55091,4,2.3313063839828647,0.10875684207673965,0.04665060020593974,0.05585437892911337,0.0,0.2538478213743768,0.0,0.0412531500650336,0.23325977536310427,0.0,0.0,0.0,0.0,0.0,149248.0,-238.0,5828595200.0,188779.0,1.37,682.0,10496.0,3873.0,0.18,5,0.008,0.18181818181818182,0.4495843350981208,0.0,0.2538478213743768,5,snmp
1174272,131501473,468832,655760,49680,182145,273223,65659,583611,299776,0.7149444918872758,0.1551131254087639,1.9468236283091376,111.98553060960323,0,0,0,0,0,65658,108,299776,0,0,0,0,0,0,0,0,0,0,0,0,0,0,0.0,0.0,0.0,4.565719333516099,0.0,1.9998353096179182,127505,54646,4,2.333290634264173,0.10858216835622411,0.04653606660126444,0.055914643285371705,0.0,0.2552866797471114,0.0,0.042307063440156965,0.23267437186614345,0.0,0.0,0.0,0.0,0.0,149432.0,-303.0,5799774208.0,188558.0,1.37,711.0,12288.0,3898.0,0.18,5,0.009000000000000001,0.18181818181818182,0.4493969488312693,0.0,0.2552866797471114,5,snmp
1179356,132113992,469821,659754,49781,183269,274983,65860,586948,300032,0.7121154248401677,0.15539752203745094,1.9562846629692834,112.02214768059856,0,0,0,0,0,65868,108,300032,0,0,0,0,0,0,0,0,0,0,0,0,0,0,0.0,0.0,0.0,4.555049492925244,0.0,2.0000327392969783,128273,54993,4,2.3325332315021914,0.10876529224424178,0.04662968603203783,0.055844036915062116,0.0,0.2544032505876088,0.0,0.04221032495701044,0.23316369272721724,0.0,0.0,0.0,0.0,0.0,149576.0,104.0,5765506560.0,188131.0,1.38,671.0,13952.0,3933.0,0.17,5,0.009000000000000001,0.18181818181818182,0.4495277404511461,0.0,0.2544032505876088,5,snmp
1175230,131664330,469121,656686,49423,182371,273805,65646,584568,299586,0.7143764295264403,0.15517898624099113,1.9512527287656967,112.03281910774912,0,0,0,0,0,65651,108,299586,0,0,0,0,0,0,0,0,0,0,0,0,0,0,0.0,0.0,0.0,4.563312059222251,0.0,1.9999671005735467,127614,54765,4,2.33021090112298,0.10858640436340121,0.0465993890557593,0.05585800226338674,0.0,0.25491690988147003,0.0,0.042053895833156066,0.23297992733337305,0.0,0.0,0.0,0.0,0.0,149455.0,0.0,5578927616.0,187922.0,1.38,603.0,15328.0,3961.0,0.15,5,0.009000000000000001,0.18181818181818182,0.44943612960058077,0.0,0.25491690988147003,5,snmp
1280607,134085406,476394,717057,49438,185779,279157,66978,639721,323716,0.6643739619026102,0.14507104833879558,1.9761797377948571,104.70457056692646,0,0,0,0,0,66971,108,302254,0,0,0,0,0,0,0,0,0,0,0,0,0,0,0.0,0.0,0.0,4.513207209090502,0.0,1.9999892345785337,129951,55836,4,2.3273694390715667,0.10147609688218165,0.0436011984941516,0.05230176002473827,0.0,0.23602401048877603,0.0,0.03860513022340187,0.21798803223783722,0.0,0.0,0.0,0.0,0.0,149248.0,0.0,5578927616.0,187922.0,1.38,572.0,17088.0,3990.0,0.14,5,0.009000000000000001,0.18181818181818182,0.44966571229563274,0.0,0.23602401048877603,5,snmp
1178284,132217369,470803,659578,47903,183202,275060,65690,586982,300032,0.7137942745209815,0.15548203998356933,1.956397984215017,112.2118003808929,0,0,0,0,0,65695,108,300032,0,0,0,0,0,0,0,0,0,0,0,0,0,0,0.0,0.0,0.0,4.567044676154959,0.0,2.0000218340611355,128178,55002,4,2.33042434820552,0.10878362092670357,0.046679747836684535,0.05575056607744822,0.0,0.25463470606407285,0.0,0.04065488456093777,0.2334411737747436,0.0,0.0,0.0,0.0,0.0,192935.0,43687.0,5344929280.0,188119.0,1.61,501.0,1952.0,4014.0,0.12,5,0.008,0.18181818181818182,0.4495124272091326,0.0,0.25463470606407285,5,snmp
1182285,132648365,471104,661924,49257,183821,276070,66083,589718,299520,0.7117191701766366,0.15547943177829374,1.9688768696581196,112.19660657117362,0,0,0,0,0,66076,108,299520,0,0,0,0,0,0,0,0,0,0,0,0,0,0,0.0,0.0,0.0,4.532962043707246,0.0,1.9999456007311263,128613,55218,4,2.3291861349559926,0.1087834151663939,0.04670447480937338,0.05589430636437069,0.0,0.2533399307273627,0.0,0.04166254329539832,0.2335054576519198,0.0,0.0,0.0,0.0,0.0,149116.0,-132.0,5750893568.0,188345.0,1.37,491.0,3776.0,4046.0,0.12,5,0.008,0.18181818181818182,0.44963449073269884,0.0,0.2533399307273627,5,snmp
1259683,131921385,470107,704779,48467,182790,274008,65676,627202,320808,0.6670275362915183,0.1451079358854569,1.9550696990099998,104.72585960118538,0,0,0,0,0,65674,108,299776,0,0,0,0,0,0,0,0,0,0,0,0,0,0,0.0,0.0,0.0,4.564606998203247,0.0,2.0,127987,54807,4,2.3352309011622605,0.10160254603737608,0.043508565250146264,0.05213692651246385,0.0,0.23797733239235586,0.0,0.03847555297642343,0.2175213922867896,0.0,0.0,0.0,0.0,0.0,147996.0,41948.0,5499474432.0,188768.0,1.6,482.0,5632.0,4073.0,0.12,5,0.008,0.18181818181818182,0.4494925360268411,0.0,0.23797733239235586,5,snmp
1178421,132243075,470038,660168,48215,183351,275324,65563,587427,299520,0.7119975521382436,0.1555904044479859,1.9612279647435897,112.22056887988249,0,0,0,0,0,65565,108,299520,0,0,0,0,0,0,0,0,0,0,0,0,0,0,0.0,0.0,0.0,4.5682910089224436,0.0,2.0000981771770787,128285,55064,4,2.329743571117245,0.10886177350878845,0.04672693375287779,0.05563631333793271,0.0,0.25417062323227435,0.0,0.040914919201202285,0.23363806313702828,0.0,0.0,0.0,0.0,0.0,149382.0,0.0,5870191104.0,189190.0,1.37,474.0,7680.0,4097.0,0.12,5,0.009000000000000001,0.18181818181818182,0.44957334053651243,0.0,0.25417062323227435,5,snmp
1434806,151477807,572355,803364,59087,223326,314452,75428,715432,363712,0.7124479065529449,0.15564891699644412,1.9670288579975366,105.57372007086673,0,0,0,0,0,75543,108,342298,0,0,0,0,0,0,0,0,0,0,0,0,0,0,0.0,0.0,0.0,4.531167679334948,0.0,1.9974241326571682,147134,62887,4,2.339656844816894,0.1025462675790316,0.04382961877773023,0.05257017324990278,0.0,0.2385674439610651,0.0,0.0411811771068702,0.21915994218033658,0.0,0.0,0.0,0.0,0.0,107039.0,-123.0,5869686784.0,189191.0,1.37,467.0,9312.0,4119.0,0.11,5,0.009000000000000001,0.2727272727272727,0.451650507123561,0.0,0.2385674439610651,5,snmp
1180160,132358352,470216,660668,49276,183515,275294,65832,588281,299520,0.7117281297111409,0.155500101681128,1.9640791933760684,112.1528877440347,0,0,0,0,0,65843,108,299520,0,0,0,0,0,0,0,0,0,0,0,0,0,0,0.0,0.0,0.0,4.549002931215163,0.0,1.9999673056593903,128457,55067,4,2.3327401165852506,0.10884710547722343,0.046660622288503255,0.055782266811279825,0.0,0.25379609544468545,0.0,0.041753660520607375,0.23326837039045553,0.0,0.0,0.0,0.0,0.0,149035.0,-43900.0,5868718592.0,188551.0,1.37,402.0,10720.0,4142.0,0.1,5,0.008,0.18181818181818182,0.449605179301811,0.0,0.25379609544468545,5,snmp
1174266,131430866,468725,655369,50172,182050,273008,65733,583542,299686,0.7152077684480042,0.15503301636937458,1.947178046355185,111.92597418302157,0,0,0,0,0,65723,108,299686,0,0,0,0,0,0,0,0,0,0,0,0,0,0,0.0,0.0,0.0,4.559834456735085,0.0,2.0000878918051876,127444,54599,4,2.3341819447242624,0.10853077582081062,0.046496279377926296,0.05597794707502389,0.0,0.25521134053102107,0.0,0.04272626474751036,0.23249246763510142,0.0,0.0,0.0,0.0,0.0,149375.0,136.0,5867050496.0,187912.0,1.38,387.0,12384.0,4162.0,0.09,5,0.008,0.18181818181818182,0.44939374619317307,0.0,0.25521134053102107,5,snmp
1181359,132486605,470891,661371,49097,183637,276196,66112,588787,299600,0.7119922101210969,0.15544555042116748,1.965243658210948,112.14762404992894,0,0,0,0,0,66127,108,299600,0,0,0,0,0,0,0,0,0,0,0,0,0,0,0.0,0.0,0.0,4.530675820769126,0.0,1.9999673273796559,128399,55238,4,2.324468662877005,0.10868753698071458,0.046758013440452904,0.05596266672535614,0.0,0.2536062280813876,0.0,0.04155976295097426,0.23379514609868804,0.0,0.0,0.0,0.0,0.0,149486.0,-42020.0,5867084800.0,187697.0,1.38,373.0,14336.0,4188.0,0.09,5,0.008,0.18181818181818182,0.44958894368581404,0.0,0.2536062280813876,5,snmp
1178374,132048022,470052,658861,49461,182992,274734,66065,586678,299520,0.713431209314256,0.15529195314900024,1.958727297008547,112.0595176064645,0,0,0,0,0,66053,108,299520,0,0,0,0,0,0,0,0,0,0,0,0,0,0,0.0,0.0,0.0,4.534540444794332,0.0,1.9999125683060108,128049,54945,4,2.3304941304941305,0.10866583953821113,0.04662781086480184,0.056064543175596206,0.0,0.2541807609468641,0.0,0.0419739403618885,0.23314669196706647,0.0,0.0,0.0,0.0,0.0,149424.0,0.0,5866608128.0,187269.0,1.38,360.0,15584.0,4213.0,0.09,5,0.008,0.18181818181818182,0.44952673872761956,0.0,0.2541807609468641,5,snmp
1195339,134164309,476552,669659,49128,186023,278909,66953,596894,302336,0.7116338315471008,0.1556236348015082,1.9742736558001694,112.2395479441397,0,0,0,0,0,66967,108,302336,0,0,0,0,0,0,0,0,0,0,0,0,0,0,0.0,0.0,0.0,4.5147012707751575,0.0,2.0000107514164993,130243,55785,4,2.334731558662723,0.10895904843730524,0.04666876927800398,0.05601172554396702,0.0,0.25292908538916575,0.0,0.04109963784332311,0.23333046106585664,0.0,0.0,0.0,0.0,0.0,149168.0,43.0,5867274752.0,187057.0,1.38,358.0,16992.0,4243.0,0.08,5,0.008,0.18181818181818182,0.4497131711584717,0.0,0.25292908538916575,5,snmp
1187090,142669861,506019,665561,52541,197999,296995,71136,593041,299776,0.7602894400363002,0.16679358768079927,1.9782804494022204,120.18453613458121,0,0,0,0,0,66445,108,299776,0,0,0,0,0,0,0,0,0,0,0,0,0,0,0.0,0.0,0.0,4.511641207013319,0.0,1.9986776358956242,138575,59380,4,2.333698214887167,0.11673504115105005,0.050021481100843236,0.05992468978763194,0.0,0.2525301367208889,0.0,0.04426033409429782,0.2501874331348086,0.0,0.0,0.0,0.0,0.0,149248.0,213.0,6130163200.0,187030.0,1.39,346.0,2016.0,4273.0,0.08,5,0.008,0.18181818181818182,0.45115879608238774,0.0,0.2525301367208889,5,snmp
1259641,141289430,504289,703768,51584,195564,293180,70807,627198,320688,0.7165557399597595,0.1552537588090575,1.9557888040712468,112.16642678350419,0,0,0,0,0,70592,108,320688,0,0,0,0,0,0,0,0,0,0,0,0,0,0,0.0,0.0,0.0,4.542837715321849,0.0,1.9983037858274153,136948,58651,4,2.334964450734003,0.1087198654219734,0.04656167908157959,0.056212047718357847,0.0,0.25458682275346706,0.0,0.04095135042444633,0.23274885463397904,0.0,0.0,0.0,0.0,0.0,149328.0,-4.0,5730469888.0,187032.0,1.39,354.0,3936.0,4300.0,0.08,5,0.009000000000000001,0.18181818181818182,0.44949471499460947,0.0,0.25458682275346706,5,snmp
1179917,132343738,471120,660007,48790,183362,274713,66198,588240,299520,0.7138106110995792,0.15540245627446678,1.9639423076923077,112.16359964302573,0,0,0,0,0,66194,108,299520,0,0,0,0,0,0,0,0,0,0,0,0,0,0,0.0,0.0,0.0,4.524881409191165,0.0,2.000087262890365,128415,54941,4,2.337325494621503,0.1088339264541489,0.04656344471687415,0.056103946294527494,0.0,0.2538483639103428,0.0,0.04135036616982381,0.23282400372229572,0.0,0.0,0.0,0.0,0.0,149274.0,-230.0,5971581952.0,187033.0,1.38,343.0,5568.0,4331.0,0.08,5,0.009000000000000001,0.18181818181818182,0.44959704005462137,0.0,0.2538483639103428,5,snmp
1264059,141830555,504949,707584,51526,196584,294443,70691,630050,321339,0.7136241068198264,0.15551805730586943,1.9607019378288972,112.20248026397502,0,0,0,0,0,70505,108,321339,0,0,0,0,0,0,0,0,0,0,0,0,0,0,0.0,0.0,0.0,4.557676760513439,0.0,2.000284906082745,137685,58893,4,2.3378839590443685,0.10892292211043947,0.04659038858154564,0.0559238136827474,0.0,0.2542120264955987,0.0,0.0407623378339144,0.232934538656819,0.0,0.0,0.0,0.0,0.0,170484.0,21236.0,5435219456.0,187244.0,1.5,332.0,7200.0,4356.0,0.08,5,0.009000000000000001,0.18181818181818182,0.4495825596951928,0.0,0.2542120264955987,5,snmp
1171420,131223786,469122,653440,48858,181438,272546,65497,582031,299722,0.7179266650342802,0.15488723088217718,1.941902829955759,112.02112478871797,0,0,0,0,0,65500,108,299722,0,0,0,0,0,0,0,0,0,0,0,0,0,0,0.0,0.0,0.0,4.575908396946565,0.0,2.0,126946,54513,4,2.328728927044925,0.1083693295316795,0.04653582831093886,0.055912482286455754,0.0,0.2558621160642639,0.0,0.041708353963565585,0.23266292192381896,0.0,0.0,0.0,0.0,0.0,171385.0,21998.0,5466876416.0,187673.0,1.5,323.0,8704.0,4386.0,0.07,5,0.009000000000000001,0.18181818181818182,0.44928915368360833,0.0,0.2558621160642639,5,snmp
1268356,142299138,505543,710395,52418,197409,295877,71227,632444,321120,0.7116364839279555,0.15564163373690038,1.9694942700548081,112.19179630955347,0,0,0,0,0,71208,108,321120,0,0,0,0,0,0,0,0,0,0,0,0,0,0,0.0,0.0,0.0,4.509605662285137,0.0,1.998876063183475,138225,59169,4,2.336105055011915,0.10897965555411887,0.04665015185011148,0.05615694647244149,0.0,0.25317812979952004,0.0,0.04132751372643012,0.23327598876025343,0.0,0.0,0.0,0.0,0.0,128007.0,0.0,5645356032.0,187892.0,1.38,297.0,10272.0,4411.0,0.07,5,0.008,0.18181818181818182,0.44969562917449124,0.0,0.25317812979952004,5,snmp
1178324,131929085,467918,659940,50466,183275,275279,65516,586252,299566,0.7090311240415795,0.15553871430947686,1.957004466461481,111.96333521170747,0,0,0,0,0,65521,108,299566,0,0,0,0,0,0,0,0,0,0,0,0,0,0,0.0,0.0,0.0,4.572060865981899,0.0,2.0000327382251517,128218,55047,4,2.3292459171253657,0.10881387462192063,0.046716353057393384,0.055601006174872104,0.0,0.25423058513617647,0.0,0.04282862777979571,0.23361910645968342,0.0,0.0,0.0,0.0,0.0,148883.0,21553.0,5497740288.0,188110.0,1.49,297.0,11840.0,4434.0,0.07,5,0.008,0.18181818181818182,0.4495568854175107,0.0,0.25423058513617647,5,snmp
1173689,131551618,469157,655760,48772,182161,273176,65419,583836,299705,0.7154401000365987,0.15520380611899745,1.948035568308837,112.08388082362534,0,0,0,0,0,65416,108,299705,0,0,0,0,0,0,0,0,0,0,0,0,0,0,0.0,0.0,0.0,4.581524397700869,0.0,1.9998792350086732,127531,54641,4,2.333979978404495,0.10865825614792335,0.04655492213013839,0.05573793398421558,0.0,0.2553529938510116,0.0,0.04155444926211287,0.23274990223134068,0.0,0.0,0.0,0.0,0.0,149248.0,230.0,5669087232.0,188328.0,1.38,281.0,13248.0,4459.0,0.06,5,0.008,0.18181818181818182,0.449407601726999,0.0,0.2553529938510116,5,snmp
1176859,132054028,470565,657733,48561,182707,274056,65840,586236,299520,0.7154346824623365,0.15524969431342242,1.9572516025641025,112.20887803891546,0,0,0,0,0,65842,108,299520,0,0,0,0,0,0,0,0,0,0,0,0,0,0,0.0,0.0,0.0,4.549072020898515,0.0,1.9999890535718194,127890,54808,4,2.333418479054153,0.10867062239401662,0.04657142444421974,0.05594552958340804,0.0,0.2545079741923204,0.0,0.041263226945623906,0.2328707177325406,0.0,0.0,0.0,0.0,0.0,127739.0,-21236.0,5669087232.0,188331.0,1.38,251.0,14880.0,4487.0,0.06,5,0.006999999999999999,0.18181818181818182,0.4494966334129429,0.0,0.2545079741923204,5,snmp
1273939,133503077,475737,711733,48937,184649,276878,66641,634532,324172,0.6684206015458044,0.14494336071036368,1.9573929889071233,104.795501982434,0,0,0,0,0,66644,108,302336,0,0,0,0,0,0,0,0,0,0,0,0,0,0,0.0,0.0,0.0,4.53658243802893,0.0,2.0000541582721345,129277,55378,4,2.3344468922676875,0.10147817124681795,0.043469899265192444,0.05231098192299631,0.0,0.2373237651096324,0.0,0.03841392719745608,0.21734007672266883,0.0,0.0,0.0,0.0,0.0,171162.0,-4.0,5513629696.0,188550.0,1.49,260.0,16704.0,4515.0,0.06,5,0.008,0.18181818181818182,0.4495301229812439,0.0,0.2373237651096324,5,snmp
1265189,132328727,504443,707964,52069,196268,275003,65962,630274,321533,0.7125263431473917,0.15512939173514786,1.9602155921787188,104.59206252978804,0,0,0,0,0,65956,108,299669,0,0,0,0,0,0,0,0,0,0,0,0,0,0,0.0,0.0,0.0,4.543468372854631,0.0,2.0010195342767423,128183,54997,4,2.330727130570758,0.10131529755633348,0.04346939469122795,0.05213608401590592,0.0,0.23685710198239157,0.0,0.04115511595500751,0.21736120057951816,0.0,0.0,0.0,0.0,0.0,149498.0,250.0,5681870848.0,188743.0,1.37,297.0,2112.0,4546.0,0.07,5,0.009000000000000001,0.2727272727272727,0.45177579233598447,0.0,0.23685710198239157,5,snmp
1519601,160764554,571090,850356,59905,222436,333119,80001,757738,385594,0.6715893108298172,0.14637789788240466,1.9651187518477984,105.79392485264223,0,0,0,0,0,75279,108,342212,0,0,0,0,0,0,0,0,0,0,0,0,0,0,0.0,0.0,0.0,4.545915859668699,0.0,1.9988318071942706,155798,66619,4,2.3386421291223223,0.10252559717978602,0.043839797420507094,0.05264605643191864,0.0,0.22519858831364287,0.0,0.039421532362771544,0.2192147807220448,0.0,0.0,0.0,0.0,0.0,127334.0,-21553.0,5683523584.0,188746.0,1.37,268.0,3648.0,4572.0,0.06,5,0.009000000000000001,0.18181818181818182,0.45089881286632366,0.0,0.22519858831364287,5,snmp
1176298,131916435,470592,657274,48432,182563,273726,65831,585952,299520,0.7159753770877899,0.1552013180333555,1.9563034188034187,112.1454214833316,0,0,0,0,0,65831,108,299520,0,0,0,0,0,0,0,0,0,0,0,0,0,0,0.0,0.0,0.0,4.549832145949477,0.0,1.9999233170838582,127831,54749,4,2.3348554311494274,0.10867229222526945,0.04654347792821207,0.05596456000095214,0.0,0.2546293541262503,0.0,0.04117324011432477,0.23270123727150774,0.0,0.0,0.0,0.0,0.0,170832.0,21584.0,5524070912.0,188746.0,1.49,228.0,5536.0,4590.0,0.05,5,0.006999999999999999,0.18181818181818182,0.4494807744211614,0.0,0.2546293541262503,5,snmp
1265048,151445169,572218,707744,59560,223051,314742,75540,630244,321238,0.8085098566713388,0.17631821085049737,1.9619223130513825,119.71495864188553,0,0,0,0,0,75464,108,342864,0,0,0,0,0,0,0,0,0,0,0,0,0,0,0.0,0.0,0.0,4.543411427965652,0.0,1.9995786604989736,147225,62947,4,2.338872384704593,0.11637898324806648,0.049758586235463004,0.05971314922437726,0.0,0.2710284510943458,0.0,0.04708121747159001,0.24879846456419044,0.0,0.0,0.0,0.0,0.0,149111.0,-137.0,5845741056.0,188744.0,1.37,229.0,7296.0,4616.0,0.05,5,0.008,0.2727272727272727,0.45156811640947087,0.0,0.2710284510943458,5,snmp
1181977,132470307,470898,661323,49756,183633,275897,66421,588700,299776,0.7120544726253283,0.15536089111717064,1.9637996370623398,112.07519858677453,0,0,0,0,0,66427,108,299776,0,0,0,0,0,0,0,0,0,0,0,0,0,0,0.0,0.0,0.0,4.512863745163864,0.0,1.9999673266679736,128456,55178,4,2.328029287034688,0.10867893368483482,0.0466828034724872,0.0561948328943795,0.0,0.2536225324181435,0.0,0.04209557377174006,0.2334199396434956,0.0,0.0,0.0,0.0,0.0,127665.0,-21914.0,5840839168.0,188525.0,1.37,257.0,9184.0,4643.0,0.06,5,0.009000000000000001,0.18181818181818182,0.44958471898558017,0.0,0.2536225324181435,5,snmp
1265404,141726271,502747,708646,53863,196606,295228,70595,630247,321045,0.709447312198192,0.15537014265799698,1.9631110903455902,112.00080843746345,0,0,0,0,0,65994,108,299520,0,0,0,0,0,0,0,0,0,0,0,0,0,0,0.0,0.0,0.0,4.538594417674334,0.0,2.001038146806172,137567,59063,4,2.3291570018454872,0.10871389690565227,0.04667521202714706,0.05578850706967893,0.0,0.23669910953339804,0.0,0.04256585248663668,0.23330730738957678,0.0,0.0,0.0,0.0,0.0,149272.0,-250.0,5668726784.0,188310.0,1.38,225.0,11072.0,4668.0,0.05,5,0.008,0.18181818181818182,0.4510363735910339,0.0,0.23669910953339804,5,snmp
1138036,127600834,454444,636269,47323,176693,265416,63522,566456,289894,0.7142325022906978,0.15526134498381422,1.954010776352736,112.12372367833707,0,0,0,0,0,63531,108,289894,0,0,0,0,0,0,0,0,0,0,0,0,0,0,0.0,0.0,0.0,4.563032220490784,0.0,2.000305661530798,123608,53071,4,2.329106291571668,0.10861519319248249,0.04663384989578537,0.05581721492114485,0.0,0.2547318362512258,0.0,0.041583043067178894,0.233222850595236,0.0,0.0,0.0,0.0,0.0,-149367.0,-256.0,5668726784.0,188312.0,0.58,223.0,11712.0,4683.0,0.05,5,0.008,0.18181818181818182,0.44946282514351815,0.0,0.2547318362512258,5,snmp
1256987,131741661,469603,703225,48578,182561,273760,65792,625604,320170,0.6677848483771197,0.14523698335782312,1.9539744510728676,104.80749681579842,0,0,0,0,0,65788,108,299285,0,0,0,0,0,0,0,0,0,0,0,0,0,0,0.0,0.0,0.0,4.549233902839424,0.0,1.999967134812997,127805,54750,4,2.334337899543379,0.10167567365454058,0.04355653638422673,0.05234103455326109,0.0,0.23809713226946658,0.0,0.03864638218215463,0.21779063745289332,0.0,0.0,0.0,0.0,0.0,-400.0,127265.0,5656555520.0,186383.0,1.39,7003.0,14240.0,4719.0,1.48,5,0.008,0.18181818181818182,0.4494989332024566,0.0,0.23809713226946658,5,snmp
1185082,133071803,473406,663450,48226,184319,276229,66428,591767,300140,0.7135518878589193,0.15553269731546002,1.9716365696008529,112.28910995188518,0,0,0,0,0,66425,108,300140,0,0,0,0,0,0,0,0,0,0,0,0,0,0,0.0,0.0,0.0,4.518479488144524,0.0,2.000032552789774,129070,55242,4,2.3364469063393796,0.10891229467665528,0.04661449587454708,0.05605350515829284,0.0,0.2532651748992897,0.0,0.04069423044143781,0.2330885120185776,0.0,0.0,0.0,0.0,0.0,100.0,149372.0,5652738048.0,186380.0,1.39,4160.0,16128.0,4745.0,0.88,5,0.008,0.18181818181818182,0.44967124885967585,0.0,0.2532651748992897,5,snmp
1175655,141224584,504045,656191,52661,195411,292618,70586,585210,299633,0.7681376306593659,0.16621457825637623,1.9530892792182437,120.12417248257354,0,0,0,0,0,65908,108,299633,0,0,0,0,0,0,0,0,0,0,0,0,0,0,0.0,0.0,0.0,4.546231110032166,0.0,1.9988236858525208,136884,58519,4,2.3391377159555016,0.11643211656480855,0.04977565697419736,0.06003972253764923,0.0,0.25486473497752316,0.0,0.04479290267978276,0.24889784843342647,0.0,0.0,0.0,0.0,0.0,170683.0,170683.0,5522096640.0,186600.0,1.5,3213.0,18048.0,4771.0,0.67,5,0.009000000000000001,0.18181818181818182,0.45096154884191186,0.0,0.25486473497752316,5,snmp
1191559,133703130,475336,667244,48979,185346,277991,66708,594292,302208,0.7123870727949596,0.1555491587072063,1.9664998941126641,112.20856877418575,0,0,0,0,0,66700,108,302208,0,0,0,0,0,0,0,0,0,0,0,0,0,0,0.0,0.0,0.0,4.530854572713643,0.0,1.9998273648320584,129760,55611,4,2.3333513153872434,0.10889934950766181,0.04667079011614196,0.055983799375440076,0.0,0.2536240337238861,0.0,0.04110497256115728,0.2333002394342202,0.0,0.0,0.0,0.0,0.0,151593.0,151693.0,5651149824.0,186374.0,1.4,2358.0,1184.0,4798.0,0.49,5,0.008,0.18181818181818182,0.44963130776465443,0.0,0.2536240337238861,5,snmp
1346058,151153838,538517,751987,56287,209303,313488,75636,670993,342332,0.7161254117424902,0.15549329969436682,1.9600650830188238,112.2937035402635,0,0,0,0,0,70825,108,321042,0,0,0,0,0,0,0,0,0,0,0,0,0,0,0.0,0.0,0.0,4.532890928344511,0.0,2.0008890588403996,146599,62699,4,2.338139364264183,0.10890986866836347,0.04657971647581308,0.05619074363808989,0.0,0.23850532443624273,0.0,0.041816177311824604,0.23289338200879903,0.0,0.0,0.0,0.0,0.0,149675.0,171365.0,5534750208.0,188110.0,1.49,1820.0,2880.0,4828.0,0.38,5,0.008,0.18181818181818182,0.4509523921942866,0.0,0.23850532443624273,5,snmp
1263292,160382482,505384,706030,51878,196123,333316,80008,629256,321931,0.7158109428777814,0.15524755955076103,1.9546300294162413,126.95598642277479,0,0,0,0,0,75407,108,342816,0,0,0,0,0,0,0,0,0,0,0,0,0,0,0.0,0.0,0.0,4.546209237869164,0.0,2.0007651187464295,155395,66656,4,2.331298007681229,0.12300798231921044,0.05276373158383019,0.06333294281923736,0.0,0.2713671898500109,0.0,0.04106572352235271,0.2638471548937221,0.0,0.0,0.0,0.0,0.0,149248.0,400.0,5724908032.0,188331.0,1.38,1765.0,4512.0,4849.0,0.36,5,0.009000000000000001,0.18181818181818182,0.44630496855644264,0.0,0.2713671898500109,5,snmp
1178920,132217549,470250,659799,48871,183289,274838,65774,587607,299520,0.712717054739398,0.155471957384725,1.9618289262820512,112.15141739897534,0,0,0,0,0,65780,108,299520,0,0,0,0,0,0,0,0,0,0,0,0,0,0,0.0,0.0,0.0,4.553359683794467,0.0,1.999945442840464,128324,54970,4,2.3344369656176096,0.10884877684660536,0.046627421708003935,0.05579174159400129,0.0,0.25406304074916025,0.0,0.04145404268313371,0.23312692973229734,0.0,0.0,0.0,0.0,0.0,127381.0,-100.0,5669847552.0,188111.0,1.38,1490.0,6080.0,4875.0,0.31,5,0.009000000000000001,0.18181818181818182,0.44957895121006636,0.0,0.25406304074916025,5,snmp
1682989,150965815,569852,942020,60770,222208,314013,74909,839841,427537,0.6049255854440457,0.13203176016004858,1.964370335199059,89.70101111771973,0,0,0,0,0,74944,108,342800,0,0,0,0,0,0,0,0,0,0,0,0,0,0,0.0,0.0,0.0,4.574081981212639,0.0,2.0015132408575034,146512,62804,4,2.3328450417170883,0.0870546390974629,0.037316940277090344,0.044509500656272856,0.0,0.2036852290775519,0.0,0.036108376228246294,0.1865805421188136,0.0,0.0,0.0,0.0,0.0,149144.0,-21539.0,5671556608.0,187890.0,1.38,1176.0,8192.0,4898.0,0.24,5,0.008,0.2727272727272727,0.4514743881990665,0.0,0.2036852290775519,5,snmp
1175246,131633868,468692,656819,49735,182437,273830,65521,584497,299609,0.7135786266840637,0.15523303206307446,1.9508659619704347,112.00537419399853,0,0,0,0,0,65522,108,299609,0,0,0,0,0,0,0,0,0,0,0,0,0,0,0.0,0.0,0.0,4.572647355086841,0.0,1.999945188059767,127669,54762,4,2.331342902012344,0.10863172476230508,0.0465962019866479,0.0557508810921288,0.0,0.25493300976986943,0.0,0.04231879963854376,0.23299802764697775,0.0,0.0,0.0,0.0,0.0,149248.0,-2445.0,5671630336.0,187672.0,1.38,1052.0,9760.0,4927.0,0.21,5,0.008,0.18181818181818182,0.44944585813720833,0.0,0.25493300976986943,5,snmp
1263760,151137997,503139,707428,53193,196414,314725,74974,629213,321338,0.7112229089038037,0.15542033297461544,1.9581033055536539,119.59390786225232,0,0,0,0,0,75178,108,343162,0,0,0,0,0,0,0,0,0,0,0,0,0,0,0.0,0.0,0.0,4.564659873899279,0.0,2.0007741751469403,146596,62943,4,2.329027850594983,0.11599987339368234,0.0498061340760904,0.05932613787427993,0.0,0.2715404823700703,0.0,0.042091061593973536,0.24903858327530543,0.0,0.0,0.0,0.0,0.0,149363.0,-21861.0,5671630336.0,187245.0,1.38,1035.0,11424.0,4955.0,0.21,5,0.008,0.18181818181818182,0.44715658059855046,0.0,0.2715404823700703,5,snmp
1178978,132221410,470760,659821,48397,183289,274945,65945,587458,299776,0.713466227961826,0.1554643089184022,1.9596565435525193,112.1491749634005,0,0,0,0,0,65940,108,299776,0,0,0,0,0,0,0,0,0,0,0,0,0,0,0.0,0.0,0.0,4.546193509250834,0.0,1.999945442840464,128300,54993,4,2.333024203080392,0.10882306540071146,0.046644636286682195,0.05593403778526826,0.0,0.2542676792951183,0.0,0.04104996021978358,0.23320621758845372,0.0,0.0,0.0,0.0,0.0,149626.0,256.0,5659438080.0,186813.0,1.39,868.0,13248.0,4982.0,0.17,5,0.008,0.18181818181818182,0.44955403203310196,0.0,0.2542676792951183,5,snmp
1180556,141888967,504581,660379,52365,196333,294191,70761,588798,299520,0.7640779007206467,0.16630553739085652,1.9658052884615385,120.18825621148001,0,0,0,0,0,70626,108,320597,0,0,0,0,0,0,0,0,0,0,0,0,0,0,0.0,0.0,0.0,4.539362274516467,0.0,1.9984426371344524,137507,58838,4,2.33704408715456,0.11647647379709222,0.04983922829581994,0.05993870684660448,0.0,0.2715644154110436,0.0,0.04435621859530594,0.2491969885376043,0.0,0.0,0.0,0.0,0.0,149248.0,0.0,5664829440.0,186596.0,1.39,799.0,14656.0,5018.0,0.16,5,0.008,0.18181818181818182,0.449604129147693,0.0,0.2715644154110436,5,snmp
1175165,131709996,469663,656994,48508,182520,273558,65610,585087,299520,0.7148664980197689,0.15531436011113334,1.9534154647435897,112.07787502180545,0,0,0,0,0,65609,108,299520,0,0,0,0,0,0,0,0,0,0,0,0,0,0,0.0,0.0,0.0,4.565227331616089,0.0,1.999978084833609,127809,54721,4,2.335648105846019,0.10875834457288977,0.046564524981598326,0.0558304578505997,0.0,0.25487484736185984,0.0,0.041277607825284106,0.23278263052422427,0.0,0.0,0.0,0.0,0.0,170633.0,21489.0,5664161280.0,186810.0,1.5,740.0,16064.0,5047.0,0.15,5,0.008,0.18181818181818182,0.44947838425910225,0.0,0.25487484736185984,5,snmp
1370753,144332852,514075,766367,52420,200001,299590,72149,683918,347905,0.6707948019682476,0.14590593637219834,1.9658182549834007,105.29457312878397,0,0,0,0,0,72150,108,326153,0,0,0,0,0,0,0,0,0,0,0,0,0,0,0.0,0.0,0.0,4.5204851004851,0.0,1.9998500119990401,140071,59902,4,2.3383359487162365,0.10218544114074526,0.04370006850249462,0.05263457384371947,0.0,0.23793710464248483,0.0,0.038241754714379614,0.21855870459521154,0.0,0.0,0.0,0.0,0.0,175908.0,26660.0,5514963968.0,187240.0,1.53,748.0,1184.0,5067.0,0.15,5,0.008,0.18181818181818182,0.4496400177252834,0.0,0.23793710464248483,5,snmp
1433598,141950480,539369,800904,55337,210112,295067,70699,714166,364788,0.6734502512161258,0.1465627044680587,1.957756285842736,99.01693501246514,0,0,0,0,0,70754,108,321377,0,0,0,0,0,0,0,0,0,0,0,0,0,0,0.0,0.0,0.0,4.542174294032846,0.0,2.0012382013696413,137692,59015,4,2.3331695331695332,0.09604645095766037,0.04116565452797786,0.049315777505269956,0.0,0.22417511743180446,0.0,0.038600081752346194,0.20582269227496133,0.0,0.0,0.0,0.0,0.0,127806.0,-15.0,5868989440.0,187505.0,1.38,757.0,2912.0,5091.0,0.15,5,0.009000000000000001,0.2727272727272727,0.4517181493020455,0.0,0.22417511743180446,5,snmp
1179634,141521559,503649,660370,51581,196298,293935,70509,587967,299776,0.7626769841149659,0.16640585130642216,1.9613544780102476,119.97073583840411,0,0,0,0,0,70632,108,320582,0,0,0,0,0,0,0,0,0,0,0,0,0,0,0.0,0.0,0.0,4.538764299467664,0.0,1.999531434624944,137512,58790,4,2.339037251233203,0.1165717502208312,0.049837491967847654,0.05977192925941436,0.0,0.2717639539043466,0.0,0.04372627442071015,0.24917474403077564,0.0,0.0,0.0,0.0,0.0,191953.0,64068.0,5380256256.0,188145.0,1.72,640.0,4768.0,5114.0,0.13,5,0.008,0.18181818181818182,0.4496075421618469,0.0,0.2717639539043466,5,snmp
1182196,132474445,470469,662101,49626,183953,275669,66263,589357,299520,0.7105698375323403,0.15560279344541852,1.9676716079059828,112.05793709334155,0,0,0,0,0,66275,108,299520,0,0,0,0,0,0,0,0,0,0,0,0,0,0,0.0,0.0,0.0,4.519351188230856,0.0,1.999923896499239,128829,55132,4,2.3367372850613073,0.10897431559572186,0.04663524491708651,0.05605077330662597,0.0,0.25335900307563214,0.0,0.04197781078602871,0.2331838375362461,0.0,0.0,0.0,0.0,0.0,149263.0,0.0,6006850560.0,188789.0,1.37,620.0,6656.0,5142.0,0.12,5,0.008,0.18181818181818182,0.4496736172263639,0.0,0.25335900307563214,5,snmp
1169664,131067726,468507,652728,48429,181290,272184,65023,581164,299776,0.7177675846600728,0.1549932288246881,1.9386608667805294,112.05587758535785,0,0,0,0,0,65011,108,299776,0,0,0,0,0,0,0,0,0,0,0,0,0,0,0.0,0.0,0.0,4.611158111704174,0.0,2.0001544606015136,126840,54436,4,2.330075685208318,0.1084413985554826,0.046539861019916834,0.05559117832129569,0.0,0.25629240534033704,0.0,0.04140419812869337,0.23270272488509522,0.0,0.0,0.0,0.0,0.0,84763.0,-21546.0,6007600128.0,188789.0,1.37,571.0,8032.0,5167.0,0.11,5,0.008,0.18181818181818182,0.44926806501408817,0.0,0.25629240534033704,5,snmp
1261419,141227301,502165,704745,54509,195733,293666,70379,627289,321390,0.7125485104541359,0.15516890105508163,1.951799993777031,111.95907228288142,0,0,0,0,0,70201,108,321390,0,0,0,0,0,0,0,0,0,0,0,0,0,0,0.0,0.0,0.0,4.578139912536859,0.0,1.9994177435006895,137011,58733,4,2.332777144024654,0.10861656594676312,0.04656105544628708,0.05579351508103176,0.0,0.2547844927022663,0.0,0.04321244566634877,0.23280606998943254,0.0,0.0,0.0,0.0,0.0,149248.0,-26660.0,6006194688.0,188790.0,1.37,511.0,9792.0,5195.0,0.1,5,0.008,0.18181818181818182,0.4494539936327627,0.0,0.2547844927022663,5,snmp
1181382,132527839,470870,661161,49351,183685,275329,65915,589041,299776,0.7121865929781097,0.15548315447501315,1.9649371530742954,112.18034386845237,0,0,0,0,0,65908,108,299776,0,0,0,0,0,0,0,0,0,0,0,0,0,0,0.0,0.0,0.0,4.548400801116708,0.0,1.9999455604551146,128617,55070,4,2.3355184310877064,0.10886995061715855,0.046614896790369245,0.055794823350956764,0.0,0.2537502687530367,0.0,0.04177395626478142,0.2330567081604426,0.0,0.0,0.0,0.0,0.0,149567.0,132.0,6007378432.0,188790.0,1.37,501.0,11328.0,5223.0,0.1,5,0.008,0.18181818181818182,0.44961475049943994,0.0,0.2537502687530367,5,snmp
1265038,142272100,507053,708048,50258,196777,295511,70916,631504,320804,0.7161280026212912,0.15555026805518885,1.9685041333649207,112.4646848553166,0,0,0,0,0,75365,108,342486,0,0,0,0,0,0,0,0,0,0,0,0,0,0,0.0,0.0,0.0,4.544364094738937,0.0,1.9993192578894963,137670,59098,4,2.3295204575450947,0.1088267704211257,0.04671638322327076,0.056058395083784046,0.0,0.2707317882941066,0.0,0.039728450844954855,0.23359851640820276,0.0,0.0,0.0,0.0,0.0,149248.0,-64324.0,6008181760.0,188791.0,1.37,505.0,12576.0,5253.0,0.1,5,0.008,0.18181818181818182,0.4478024585876758,0.0,0.2707317882941066,5,snmp
1517766,179665263,638836,849272,66894,249142,374533,89777,756257,385337,0.7522160155992427,0.16415046851754486,1.9625859961540157,118.37481074157677,0,0,0,0,0,89550,108,407276,0,0,0,0,0,0,0,0,0,0,0,0,0,0,0.0,0.0,0.0,4.5480290340591845,0.0,2.000032110717755,174230,74906,4,2.325981897311297,0.11479371655446229,0.04935279878452937,0.05915075182867451,0.0,0.2683391247399138,0.0,0.04407398768980199,0.24676597051192345,0.0,0.0,0.0,0.0,0.0,170863.0,21476.0,5844645888.0,189005.0,1.48,469.0,14144.0,5279.0,0.09,5,0.008,0.18181818181818182,0.4495454217216495,0.0,0.2683391247399138,5,snmp
1179830,132417243,471359,660172,48299,183349,275387,66121,588198,299520,0.7139942318062565,0.15540289702753787,1.9638020833333334,112.23417187221888,0,0,0,0,0,66142,108,299520,0,0,0,0,0,0,0,0,0,0,0,0,0,0,0.0,0.0,0.0,4.528438813461945,0.0,2.000010908218252,128268,55078,4,2.3288427321253495,0.10871735758541484,0.04668299670291483,0.056042819728265934,0.0,0.2538670825457905,0.0,0.040937253672139205,0.23341244077536594,0.0,0.0,0.0,0.0,0.0,170262.0,21168.0,6003753984.0,189430.0,1.48,462.0,15808.0,5301.0,0.09,5,0.008,0.18181818181818182,0.44957070875123945,0.0,0.2538670825457905,5,snmp
1362086,143243739,509925,762556,52237,198306,297456,71712,678770,345618,0.6687049869124366,0.1455899260399123,1.9639312767274852,105.1649741646269,0,0,0,0,0,71585,108,323894,0,0,0,0,0,0,0,0,0,0,0,0,0,0,0.0,0.0,0.0,4.524607110428162,0.0,1.9995765019057414,138817,59488,4,2.333529451317913,0.10191500389843226,0.04367418797344661,0.05264865801425167,0.0,0.23779262102392948,0.0,0.03835073556295271,0.21838268655576815,0.0,0.0,0.0,0.0,0.0,130290.0,2518.0,6165684736.0,189208.0,1.38,455.0,1216.0,5324.0,0.09,5,0.009000000000000001,0.18181818181818182,0.44958831614765743,0.0,0.23779262102392948,5,snmp
1176689,132041887,470434,657817,48438,182653,274669,65588,586050,299633,0.7151441814364785,0.1552262322499828,1.955892708747034,112.21477127771229,0,0,0,0,0,65595,108,299633,0,0,0,0,0,0,0,0,0,0,0,0,0,0,0.0,0.0,0.0,4.567924384480524,0.0,2.0000328497125652,127712,54935,4,2.324783835441886,0.10853505046788063,0.04668608272874141,0.055739451970741635,0.0,0.2546407759399468,0.0,0.04116465778128291,0.2334253145903463,0.0,0.0,0.0,0.0,0.0,128032.0,-326.0,5979861504.0,188795.0,1.37,402.0,3008.0,5347.0,0.08,5,0.008,0.18181818181818182,0.4494555741949242,0.0,0.2546407759399468,5,snmp
1272877,152127881,538769,714461,56498,211386,316396,75842,635139,321470,0.7540915459346277,0.1660694631138751,1.9757333499237877,119.51498927233347,0,0,0,0,0,75671,108,342560,0,0,0,0,0,0,0,0,0,0,0,0,0,0,0.0,0.0,0.0,4.526965416077493,0.0,1.9977696080747749,148116,63277,4,2.340755724828927,0.1163631678473254,0.04971179461959011,0.05958313332710073,0.0,0.2691226253597166,0.0,0.044386064010898146,0.2485676149384426,0.0,0.0,0.0,0.0,0.0,149248.0,0.0,6310656000.0,188373.0,1.38,453.0,4896.0,5378.0,0.08,5,0.009000000000000001,0.18181818181818182,0.4498003959893334,0.0,0.2691226253597166,5,snmp
1181373,132323136,469866,661353,50154,183694,275729,66157,588431,299571,0.710461735260897,0.15549195723958478,1.9642455377857002,112.00792298452733,0,0,0,0,0,66155,108,299573,0,0,0,0,0,0,0,0,0,0,0,0,0,0,0.0,0.0,0.0,4.528350086917088,0.0,2.000021775580864,128543,55146,4,2.330957821056831,0.10880814103589637,0.04667958384015886,0.056000094804943064,0.0,0.25358036792782634,0.0,0.04245399209225198,0.2333970727280884,0.0,0.0,0.0,0.0,0.0,170712.0,-268.0,5515883008.0,188165.0,1.49,362.0,6400.0,5408.0,0.07,5,0.008,0.18181818181818182,0.44961877241299864,0.0,0.25358036792782634,5,snmp
1265101,141766974,503613,708154,53334,196754,295005,70750,630346,321032,0.7111631085893746,0.15552434153478656,1.9634989658351816,112.05980708259656,0,0,0,0,0,70830,108,321032,0,0,0,0,0,0,0,0,0,0,0,0,0,0,0.0,0.0,0.0,4.532429761400537,0.0,1.9994106050444078,137766,59013,4,2.334502567230949,0.10889723429196563,0.0466468685108936,0.055924388645649636,0.0,0.2537599764761865,0.0,0.0421578988555064,0.23318691551109358,0.0,0.0,0.0,0.0,0.0,149248.0,-21007.0,5682438656.0,188378.0,1.38,422.0,7936.0,5425.0,0.08,5,0.009000000000000001,0.18181818181818182,0.4496174574347885,0.0,0.2537599764761865,5,snmp
1431023,160502602,571415,800301,59308,222497,333183,79873,712765,363912,0.7140001074595683,0.1554810789204646,1.9586191167095341,112.15934474847714,0,0,0,0,0,80132,108,363912,0,0,0,0,0,0,0,0,0,0,0,0,0,0,0.0,0.0,0.0,4.541406678979683,0.0,1.9979257210588701,155847,66635,4,2.338815937570346,0.10890600640241282,0.046564590506232253,0.055815315337349576,0.0,0.2543019923509266,0.0,0.041444477132792416,0.23282854293746502,0.0,0.0,0.0,0.0,0.0,150045.0,19487.0,5529628160.0,188599.0,1.49,348.0,9536.0,5450.0,0.06,5,0.008,0.18181818181818182,0.4495699074884974,0.0,0.2543019923509266,5,snmp
1182400,132957728,473339,662302,46759,183954,276136,66283,590788,299520,0.7146875594517305,0.15557679296346413,1.972449252136752,112.44733423545331,0,0,0,0,0,66281,108,299520,0,0,0,0,0,0,0,0,0,0,0,0,0,0,0.0,0.0,0.0,4.518942079932409,0.0,1.9999347684279192,128725,55217,4,2.331256678196932,0.10886755751014884,0.04669908660351827,0.056058017591339646,0.0,0.2533152909336942,0.0,0.03954583897158322,0.2335385656292287,0.0,0.0,0.0,0.0,0.0,191723.0,42684.0,5430978048.0,189248.0,1.59,356.0,11296.0,5473.0,0.06,5,0.008,0.18181818181818182,0.44965692808346175,0.0,0.2533152909336942,5,snmp
1176335,131659960,468071,657858,50406,182710,274311,65510,584777,299771,0.7115076505872088,0.15532140079144122,1.950745735911746,111.92386522546724,0,0,0,0,0,65517,108,299771,0,0,0,0,0,0,0,0,0,0,0,0,0,0,0.0,0.0,0.0,4.575468962254072,0.0,2.000109469074986,127843,54863,4,2.330222554362685,0.10867907526342412,0.04663892513612194,0.05568991826307982,0.0,0.2548347197014456,0.0,0.04285003846693331,0.23319122528871453,0.0,0.0,0.0,0.0,0.0,127314.0,-185.0,5788482560.0,189671.0,1.36,316.0,12736.0,5502.0,0.06,5,0.008,0.18181818181818182,0.44946738165347433,0.0,0.2548347197014456,5,snmp
1183719,132835625,471568,663030,49121,184113,276660,66245,590654,299520,0.7112317693015399,0.15553775853897758,1.9720018696581196,112.21888387362203,0,0,0,0,0,66240,108,299520,0,0,0,0,0,0,0,0,0,0,0,0,0,0,0.0,0.0,0.0,4.521739130434782,0.0,1.999793626311559,128794,55333,4,2.3276164314242855,0.10880453891506346,0.046745046755184295,0.055963450785194796,0.0,0.25303302557448176,0.0,0.04149717965158961,0.23372100980046784,0.0,0.0,0.0,0.0,0.0,128729.0,748.0,5784184320.0,189889.0,1.48,316.0,14496.0,5535.0,0.06,5,0.008,0.18181818181818182,0.4496673678980921,0.0,0.25303302557448176,5,snmp
1262632,160225914,570806,706592,58612,222109,333709,79928,628966,321335,0.8078296952130791,0.17590952866710174,1.9573529182939922,126.89834726191005,0,0,0,0,0,75175,108,342324,0,0,0,0,0,0,0,0,0,0,0,0,0,0,0.0,0.0,0.0,4.553694712337879,0.0,1.9979221012863182,155356,66727,4,2.328232949180991,0.12304139289991066,0.052847543860760696,0.06330268835258412,0.0,0.2711193760335553,0.0,0.04642049306527951,0.26429632703748995,0.0,0.0,0.0,0.0,0.0,171023.0,21609.0,5784198144.0,190325.0,1.47,297.0,16032.0,5560.0,0.05,5,0.008,0.18181818181818182,0.450820130066361,0.0,0.2711193760335553,5,snmp
1182505,132615010,473570,660321,48614,183413,275065,65819,588287,302336,0.7171814920319057,0.15510547524111948,1.9458053291701947,112.14752580327355,0,0,0,0,0,65829,108,302336,0,0,0,0,0,0,0,0,0,0,0,0,0,0,0.0,0.0,0.0,4.592747877075453,0.0,1.9999454797239093,128414,55030,4,2.333527166999818,0.10859488966220016,0.0465368011128917,0.05566065259766344,0.0,0.25567418319584273,0.0,0.04111103124299686,0.23261212426163103,0.0,0.0,0.0,0.0,0.0,129648.0,-19649.0,5789920768.0,190544.0,1.37,314.0,1184.0,5591.0,0.06,5,0.008,0.18181818181818182,0.4493589424884722,0.0,0.25567418319584273,5,snmp
1261320,151430728,538997,704782,56503,209584,314944,75440,628324,320737,0.7647712342256187,0.1661624330066914,1.9590006765667822,120.05734310087844,0,0,0,0,0,75488,108,342823,0,0,0,0,0,0,0,0,0,0,0,0,0,0,0.0,0.0,0.0,4.541423802458669,0.0,2.002235490804872,146589,62989,4,2.3272158630872055,0.11621872324231758,0.04993895284305331,0.05981035740335521,0.0,0.27179700631084897,0.0,0.04479672089556972,0.24969397139504645,0.0,0.0,0.0,0.0,0.0,193671.0,23557.0,5415161856.0,191228.0,1.7,281.0,3104.0,5619.0,0.05,5,0.008,0.18181818181818182,0.4495339274326307,0.0,0.27179700631084897,5,snmp
1261655,160376823,571157,705744,59746,222123,333662,79855,628740,321205,0.8092977056836473,0.17605684596819257,1.95744150931648,127.11622670222842,0,0,0,0,0,75062,108,343278,0,0,0,0,0,0,0,0,0,0,0,0,0,0,0.0,0.0,0.0,4.5732594388638725,0.0,2.0025513883880275,155390,66729,4,2.3286726910338835,0.12316362238488335,0.05289005314448086,0.06329384815975841,0.0,0.2720854750308127,0.0,0.04735525955986383,0.26446374008742485,0.0,0.0,0.0,0.0,0.0,236380.0,87234.0,5548164608.0,192761.0,1.8,297.0,4608.0,5645.0,0.05,5,0.008,0.18181818181818182,0.4507722368846847,0.0,0.2720854750308127,5,snmp
1174163,131383778,468418,655604,50141,182159,272850,65725,583468,299667,0.7144831331108413,0.15513944827081078,1.9470545638992616,111.89568909938399,0,0,0,0,0,65736,108,299667,0,0,0,0,0,0,0,0,0,0,0,0,0,0,0.0,0.0,0.0,4.558643665571377,0.0,2.0000109794793532,127589,54572,4,2.3379938429964082,0.10866378858812618,0.04647736302370284,0.05597604421191947,0.0,0.2552175464564971,0.0,0.042703610997791616,0.232378298413423,0.0,0.0,0.0,0.0,0.0,104859.0,-313.0,6344950784.0,193638.0,1.45,250.0,6048.0,5667.0,0.04,5,0.006999999999999999,0.18181818181818182,0.4494213725397754,0.0,0.2552175464564971,5,snmp
1264794,151326251,537529,708035,57009,209981,315485,75312,629762,321178,0.7591842211190125,0.1660199210306184,1.9607880988112512,119.64497854986662,0,0,0,0,0,75567,108,342881,0,0,0,0,0,0,0,0,0,0,0,0,0,0,0.0,0.0,0.0,4.537443593102809,0.0,1.9984486828079793,146879,63093,4,2.3279761621732997,0.11612879251482851,0.04988401273250822,0.059544874501302185,0.0,0.2710963208237863,0.0,0.045073743234076064,0.2494358765142782,0.0,0.0,0.0,0.0,0.0,62455.0,-21353.0,6347896320.0,193423.0,1.34,251.0,7968.0,5690.0,0.04,5,0.006999999999999999,0.18181818181818182,0.4495780472435562,0.0,0.2710963208237863,5,snmp
1264354,141749171,504555,706809,52793,196344,293661,70788,630371,321157,0.713849144535511,0.15529195146296054,1.96281258076268,112.11193305039569,0,0,0,0,0,70785,108,321188,0,0,0,0,0,0,0,0,0,0,0,0,0,0,0.0,0.0,0.0,4.5375150102422825,0.0,1.998697015350788,137612,58731,4,2.343089680066745,0.10883977114004464,0.04645138940518241,0.05598748451778537,0.0,0.25403328498189587,0.0,0.04175491990376113,0.23226169253231294,0.0,0.0,0.0,0.0,0.0,127532.0,-2356.0,6548260864.0,193207.0,1.34,282.0,9632.0,5717.0,0.05,5,0.009000000000000001,0.18181818181818182,0.4495774102884727,0.0,0.25403328498189587,5,snmp
1177596,141717746,504898,658452,51827,196262,294004,70608,586910,299545,0.7667954535790005,0.16666326991599836,1.959338329800197,120.3449621092463,0,0,0,0,0,70554,108,321237,0,0,0,0,0,0,0,0,0,0,0,0,0,0,0.0,0.0,0.0,4.553065736882388,0.0,1.9992461902045473,137461,58802,4,2.3376925954899495,0.11673018590416408,0.04993393319950136,0.05995944279702037,0.0,0.2727904986090306,0.0,0.04401084922163458,0.24966457087150432,0.0,0.0,0.0,0.0,0.0,149248.0,-66032.0,6752167936.0,192992.0,1.34,275.0,11328.0,5738.0,0.05,5,0.009000000000000001,0.18181818181818182,0.44954823636547253,0.0,0.2727904986090306,5,snmp
1181184,132550008,471476,660960,48748,183600,275373,66130,589219,299520,0.713320019365771,0.15543725617685306,1.9672108707264957,112.21791693758128,0,0,0,0,0,66127,108,299520,0,0,0,0,0,0,0,0,0,0,0,0,0,0,0.0,0.0,0.0,4.5294660274925524,0.0,1.9999128578275456,128523,55075,4,2.3335996368588288,0.10880861914824447,0.04662694381231036,0.05598619690073689,0.0,0.2535760728218466,0.0,0.04127045405288253,0.23313302584525358,0.0,0.0,0.0,0.0,0.0,149248.0,-87049.0,6441094144.0,192776.0,1.34,254.0,12832.0,5761.0,0.04,5,0.008,0.18181818181818182,0.44961827925836373,0.0,0.2535760728218466,5,snmp
1181184,132550569,470716,661849,48619,183898,275319,65840,589424,299520,0.7112135849717987,0.15568954540528826,1.9678952991452991,112.21839188475293,0,0,0,0,0,65837,108,299520,0,0,0,0,0,0,0,0,0,0,0,0,0,0,0.0,0.0,0.0,4.549417500797424,0.0,1.9999564985698906,128843,55065,4,2.339834740760919,0.10907953375596012,0.046618477730819244,0.055740680537494584,0.0,0.2535760728218466,0.0,0.041161241601647164,0.23308730900520155,0.0,0.0,0.0,0.0,0.0,170432.0,-459.0,6447853056.0,192988.0,1.45,241.0,14880.0,5787.0,0.04,5,0.008,0.18181818181818182,0.4496758532911134,0.0,0.2535760728218466,5,snmp
1267683,152048964,540077,710164,55519,211019,316068,75890,632402,320886,0.7604961670825331,0.1664603848122914,1.970799598611345,119.94241778110143,0,0,0,0,0,75700,108,342674,0,0,0,0,0,0,0,0,0,0,0,0,0,0,0.0,0.0,0.0,4.526737120211361,0.0,2.0000094778644475,147798,63206,4,2.338353953738569,0.11658908417956224,0.04985946802157953,0.05986512400970905,0.0,0.2703152128726188,0.0,0.043795649227764355,0.24932731605614336,0.0,0.0,0.0,0.0,0.0,149248.0,-256.0,6626149888.0,192981.0,1.34,229.0,16352.0,5815.0,0.04,5,0.008,0.18181818181818182,0.4497435090709277,0.0,0.2703152128726188,5,snmp
1277691,152926478,544404,714832,56516,211708,317632,76562,637475,323804,0.7615831412135998,0.16569577464347796,1.9687063779323295,119.68971997141719,0,0,0,0,0,76589,108,345560,0,0,0,0,0,0,0,0,0,0,0,0,0,0,0.0,0.0,0.0,4.511875073443967,0.0,2.002269846974483,148188,63522,4,2.3328610560120904,0.11598109402038521,0.04971624594678995,0.05992215645253821,0.0,0.27045662840232887,0.0,0.04423291703549606,0.24859844829461897,0.0,0.0,0.0,0.0,0.0,130624.0,2560.0,6484542976.0,192761.0,1.36,230.0,1120.0,5841.0,0.04,5,0.008,0.18181818181818182,0.44960197523954915,0.0,0.27045662840232887,5,snmp
1350094,142103271,505757,756088,51788,196827,295622,71127,673073,342336,0.6689128778660685,0.1457876266393303,1.9661180828192186,105.25435340057804,0,0,0,0,0,71251,108,321084,0,0,0,0,0,0,0,0,0,0,0,0,0,0,0.0,0.0,0.0,4.506378857840592,0.0,2.001433757359446,137704,59135,4,2.3286378625179673,0.10199586102893576,0.04380065388039647,0.052682998369002455,0.0,0.23782344044192477,0.0,0.03835881057170834,0.21896401287614048,0.0,0.0,0.0,0.0,0.0,149163.0,-85.0,6880664064.0,192784.0,1.34,219.0,2944.0,5869.0,0.04,5,0.008,0.18181818181818182,0.44960560268120014,0.0,0.23782344044192477,5,snmp
1142016,127849155,453875,639736,48405,177721,266424,63800,568547,290048,0.7094723448422474,0.1556204116229545,1.9601824525595763,111.9504061239072,0,0,0,0,0,63797,108,290048,0,0,0,0,0,0,0,0,0,0,0,0,0,0,0.0,0.0,0.0,4.546420678088311,0.0,2.0001237971976815,124435,53282,4,2.3354040764235577,0.10896082016364043,0.04665608888141672,0.05586611746245237,0.0,0.25397892849136966,0.0,0.042385570780094146,0.23329270342972427,0.0,0.0,0.0,0.0,0.0,-149248.0,0.0,6266957312.0,192783.0,0.57,242.0,3872.0,5885.0,0.04,5,0.009000000000000001,0.18181818181818182,0.4496130351582841,0.0,0.25397892849136966,5,snmp
1179204,132115998,469185,660645,49374,183464,275569,66017,587261,299264,0.71019231205867,0.15558291864681598,1.9623509677074422,112.03828854040522,0,0,0,0,0,66018,108,299264,0,0,0,0,0,0,0,0,0,0,0,0,0,0,0.0,0.0,0.0,4.53306673937411,0.0,1.9998473931479523,128356,55116,4,2.3288337324914727,0.10884969861024894,0.04674000427406963,0.055984375901031544,0.0,0.2537847564967554,0.0,0.04187061780658817,0.23369069304378207,0.0,0.0,0.0,0.0,0.0,-3072.0,127552.0,5672868864.0,190858.0,1.35,8202.0,6560.0,5923.0,1.38,5,0.009000000000000001,0.18181818181818182,0.44960668074360743,0.0,0.2537847564967554,5,snmp
1176763,141424552,503921,657504,52722,196006,294091,70349,585262,300288,0.7664151092616927,0.1665637005922178,1.949002291133845,120.18099821289418,0,0,0,0,0,70461,108,321944,0,0,0,0,0,0,0,0,0,0,0,0,0,0,0.0,0.0,0.0,4.56910915258086,0.0,2.0010617553674797,137181,58819,4,2.332256583756949,0.11657487531474052,0.0499837265447673,0.05978179123578835,0.0,0.27358440059723155,0.0,0.04480256432263761,0.2499152335686965,0.0,0.0,0.0,0.0,0.0,22016.0,171179.0,5475183616.0,191073.0,1.47,4278.0,8320.0,5946.0,0.72,5,0.008,0.18181818181818182,0.4494452217986224,0.0,0.27358440059723155,5,snmp
1261832,132189653,471170,705604,48614,183038,274166,65932,628981,320972,0.6677541510535655,0.14505734519333793,1.9596132996024576,104.76010514870443,0,0,0,0,0,65916,108,299776,0,0,0,0,0,0,0,0,0,0,0,0,0,0,0.0,0.0,0.0,4.5478487772316285,0.0,1.9999781468531468,128205,54829,4,2.3382698936694086,0.10160227351977125,0.043451901679462876,0.052251012813116164,0.0,0.2375720381160091,0.0,0.038526523340666585,0.2172761508663594,0.0,0.0,0.0,0.0,0.0,149212.0,149114.0,5669751808.0,191291.0,1.35,2875.0,10048.0,5967.0,0.48,5,0.008,0.18181818181818182,0.4495338767955734,0.0,0.2375720381160091,5,snmp
1262121,141597439,505489,705286,51346,195968,293568,70995,628538,321303,0.7167149213226974,0.15526878960099705,1.9562157838551149,112.19006656255621,0,0,0,0,0,70912,108,321303,0,0,0,0,0,0,0,0,0,0,0,0,0,0,0.0,0.0,0.0,4.531010266245487,0.0,1.999326647418305,137254,58713,4,2.3377105581387427,0.10874868574407684,0.04651931153986028,0.05625054966996033,0.0,0.2545738483077296,0.0,0.04068231175933211,0.2325989346504812,0.0,0.0,0.0,0.0,0.0,127334.0,149335.0,5668713984.0,191290.0,1.35,2362.0,11520.0,5990.0,0.39,5,0.008,0.18181818181818182,0.4495053792644281,0.0,0.2545738483077296,5,snmp
1349194,160784739,573630,753780,59088,222569,333552,80629,672234,342835,0.7610045371328504,0.1649644157919469,1.9608091355900068,119.17095614122209,0,0,0,0,0,80788,108,364453,0,0,0,0,0,0,0,0,0,0,0,0,0,0,0.0,0.0,0.0,4.51122691488835,0.0,2.001393797153057,155860,66714,4,2.3362412686992235,0.11552082206117134,0.04944729964704853,0.05976086463473748,0.0,0.270126460686899,0.0,0.04379503614750733,0.24722315693665997,0.0,0.0,0.0,0.0,0.0,149382.0,149248.0,5668713984.0,192785.0,1.34,1930.0,12800.0,6015.0,0.32,5,0.008,0.18181818181818182,0.4495334842827244,0.0,0.270126460686899,5,snmp
1181647,132608979,471987,660549,49111,183470,275281,66413,589335,299520,0.7145374529368752,0.15526633588542094,1.9675981570512822,112.22385280883377,0,0,0,0,0,66414,108,299520,0,0,0,0,0,0,0,0,0,0,0,0,0,0,0.0,0.0,0.0,4.5098924925467525,0.0,2.0,128416,55051,4,2.3326733392672248,0.10867543352625615,0.04658836352988668,0.05620375628254462,0.0,0.25347671512727576,0.0,0.04156148155921354,0.2329638208365104,0.0,0.0,0.0,0.0,0.0,148994.0,258.0,5670550016.0,192785.0,1.34,1677.0,14400.0,6039.0,0.28,5,0.008,0.18181818181818182,0.4495972084688612,0.0,0.25347671512727576,5,snmp
1183663,132911960,471822,663411,48430,184276,276659,66202,590676,299776,0.7112061753573576,0.15568282526360966,1.9703912254483347,112.2886835188732,0,0,0,0,0,66191,108,299776,0,0,0,0,0,0,0,0,0,0,0,0,0,0,0.0,0.0,0.0,4.528954087413696,0.0,1.9999131774869223,128939,55335,4,2.330152706243788,0.10893218762434916,0.046748947969143244,0.05592977055124643,0.0,0.25326127453506614,0.0,0.04091536188932154,0.23373122248477818,0.0,0.0,0.0,0.0,0.0,149248.0,-21931.0,5606074368.0,192567.0,1.35,1413.0,15968.0,6067.0,0.23,5,0.008,0.18181818181818182,0.4496771484241067,0.0,0.25326127453506614,5,snmp
1272402,142782207,541886,711815,56117,210820,296639,71051,634864,323249,0.7612736455399226,0.16568663048313348,1.9640091694019162,112.21469865655665,0,0,0,0,0,71021,108,323249,0,0,0,0,0,0,0,0,0,0,0,0,0,0,0.0,0.0,0.0,4.55145661142479,0.0,2.001044089032319,138371,59325,4,2.332423093131058,0.10874786427559843,0.046624415868569836,0.055840056837383155,0.0,0.25404628411461155,0.0,0.04410320008927996,0.23313308215485357,0.0,0.0,0.0,0.0,0.0,149504.0,134.0,5606078464.0,192353.0,1.35,1315.0,17440.0,6089.0,0.22,5,0.009000000000000001,0.2727272727272727,0.4516476719427191,0.0,0.25404628411461155,5,snmp
1432537,141322704,503280,800807,52375,195834,293429,70500,714240,364389,0.6284660348873075,0.13670432247125205,1.960103076657089,98.65204458942422,0,0,0,0,0,70437,108,320781,0,0,0,0,0,0,0,0,0,0,0,0,0,0,0.0,0.0,0.0,4.554154776608884,0.0,1.9985100520461272,137150,58684,4,2.3370935859859587,0.09573923745076043,0.04096508502049162,0.049213388554710975,0.0,0.22392510629742896,0.0,0.036561010291531734,0.20483170766269912,0.0,0.0,0.0,0.0,0.0,149397.0,149.0,5585294336.0,192110.0,1.35,1175.0,2048.0,6122.0,0.19,5,0.009000000000000001,0.18181818181818182,0.44952703760146523,0.0,0.22392510629742896,5,snmp
1180872,132154359,470093,660654,50125,183566,274986,66440,587882,299711,0.7115570328795405,0.15544953221009558,1.9614962413791952,111.91251803751804,0,0,0,0,0,66441,108,299711,0,0,0,0,0,0,0,0,0,0,0,0,0,0,0.0,0.0,0.0,4.510934513327614,0.0,2.0000653737197647,128563,54996,4,2.3376791039348315,0.10887124091349444,0.04657236347377192,0.05626350696773232,0.0,0.25380481542453376,0.0,0.0424474456164597,0.2328668983598561,0.0,0.0,0.0,0.0,0.0,149248.0,0.0,5586556928.0,191893.0,1.35,1035.0,3872.0,6147.0,0.17,5,0.008,0.18181818181818182,0.449609917235777,0.0,0.25380481542453376,5,snmp
1181385,132481315,470677,661765,48945,183813,275644,65926,589038,299776,0.7112449283355874,0.1555911070480834,1.9649271456020496,112.14067810239676,0,0,0,0,0,65922,108,299776,0,0,0,0,0,0,0,0,0,0,0,0,0,0,0.0,0.0,0.0,4.5474348472437125,0.0,1.999967358663011,128694,55132,4,2.3342886164115213,0.10893485188994273,0.04666725919154213,0.05580399277119652,0.0,0.2537496243815522,0.0,0.04143018575654846,0.23332275253198576,0.0,0.0,0.0,0.0,0.0,149504.0,510.0,5607736320.0,191895.0,1.35,919.0,5408.0,6174.0,0.15,5,0.008,0.18181818181818182,0.44962749141248426,0.0,0.2537496243815522,5,snmp
1427513,150464995,536149,797281,56782,208506,312420,75092,710014,364029,0.6724718135763927,0.14606241764523337,1.9504325204860051,105.40359001984571,0,0,0,0,0,75102,108,342194,0,0,0,0,0,0,0,0,0,0,0,0,0,0,0.0,0.0,0.0,4.5563899762989,0.0,1.9992329303021297,146015,62481,4,2.3369504329316113,0.10228628390774724,0.043769128547340726,0.052603373839677815,0.0,0.23971340366077226,0.0,0.039776870683489396,0.2188561505219217,0.0,0.0,0.0,0.0,0.0,171051.0,21803.0,5613902336.0,192117.0,1.46,775.0,7392.0,6198.0,0.13,5,0.006999999999999999,0.18181818181818182,0.44947869611888325,0.0,0.23971340366077226,5,snmp
1181069,132547920,471500,661034,48535,183607,275455,66041,588979,299776,0.7132764729196985,0.15545831784595143,1.9647303319812126,112.2270756407966,0,0,0,0,0,66046,108,299776,0,0,0,0,0,0,0,0,0,0,0,0,0,0,0.0,0.0,0.0,4.538897132301729,0.0,1.999923753090723,128520,55085,4,2.3331215394390488,0.10881667370831001,0.0466399507564757,0.05591629278221679,0.0,0.25381751616543996,0.0,0.04109412743878639,0.2332251544998641,0.0,0.0,0.0,0.0,0.0,148909.0,-83.0,5611979264.0,192337.0,1.35,870.0,8736.0,6228.0,0.14,5,0.009000000000000001,0.18181818181818182,0.44959567846994253,0.0,0.25381751616543996,5,snmp
1269003,142411873,504679,712626,51698,198017,296835,70891,634183,320406,0.7081961646080833,0.15604139627723496,1.9793106246449816,112.22343288392541,0,0,0,0,0,71057,108,320406,0,0,0,0,0,0,0,0,0,0,0,0,0,0,0.0,0.0,0.0,4.5091405491366086,0.0,2.0015262854659213,138639,59374,4,2.3350119580961364,0.10925033274153016,0.04678791145489806,0.05586354011771446,0.0,0.2524864007413694,0.0,0.040739068386757164,0.2339119765674313,0.0,0.0,0.0,0.0,0.0,127445.0,-149.0,5612349952.0,192336.0,1.35,688.0,10560.0,6254.0,0.11,5,0.008,0.18181818181818182,0.4498212574923699,0.0,0.2524864007413694,5,snmp
1263796,141724332,504412,706627,51673,196604,294822,70551,629875,321425,0.7138306348328043,0.15556624645116776,1.9596328848098312,112.14177921120181,0,0,0,0,0,70624,108,321247,0,0,0,0,0,0,0,0,0,0,0,0,0,0,0.0,0.0,0.0,4.548694494789307,0.0,2.0000813851756902,137655,58966,4,2.3344808872909812,0.10892185131144584,0.04665784667778661,0.055824674235398754,0.0,0.25419213227451265,0.0,0.0408871368480356,0.23328290325337317,0.0,0.0,0.0,0.0,0.0,149289.0,0.0,5612881920.0,192336.0,1.35,758.0,12256.0,6277.0,0.12,5,0.009000000000000001,0.18181818181818182,0.4495807757053895,0.0,0.25419213227451265,5,snmp
1259880,150457900,536129,704757,54887,208604,313945,74879,627969,320588,0.7607288753428487,0.16557449915865002,1.9588038229752829,119.42240530844208,0,0,0,0,0,70244,108,320588,0,0,0,0,0,0,0,0,0,0,0,0,0,0,0.0,0.0,0.0,4.563920050111041,0.0,2.0032073750420127,145816,62784,4,2.3225025484199797,0.11573800679429787,0.0498333174588056,0.05943343810521637,0.0,0.25445915484014353,0.0,0.04356526018350954,0.249186430453694,0.0,0.0,0.0,0.0,0.0,149248.0,-256.0,5610911232.0,192333.0,1.35,587.0,13696.0,6307.0,0.09,5,0.006999999999999999,0.18181818181818182,0.4508486849856649,0.0,0.25445915484014353,5,snmp
1181184,132475813,471335,661490,48359,183816,275146,66169,589359,299520,0.7125353368909583,0.15562012353706112,1.9676782852564103,112.15510284595796,0,0,0,0,0,66174,108,299520,0,0,0,0,0,0,0,0,0,0,0,0,0,0,0.0,0.0,0.0,4.5262489799619186,0.0,2.0000435227297455,128783,55036,4,2.3399774692928266,0.10902873726701344,0.04659392609449502,0.056019214618552235,0.0,0.2535760728218466,0.0,0.0409411234828782,0.23294084579540528,0.0,0.0,0.0,0.0,0.0,149229.0,-21892.0,5613434880.0,192118.0,1.35,654.0,15040.0,6329.0,0.1,5,0.009000000000000001,0.18181818181818182,0.44966669300448897,0.0,0.2535760728218466,5,snmp
1190955,133579259,474799,666828,49330,185214,277801,66653,593752,302123,0.7120261896621017,0.15551721097774476,1.9652658023387826,112.161466218287,0,0,0,0,0,66657,108,302125,0,0,0,0,0,0,0,0,0,0,0,0,0,0,0.0,0.0,0.0,4.5325322171714895,0.0,1.9999568076536838,129662,55548,4,2.334233455749982,0.10887229156433283,0.04664156076426061,0.05596601047058873,0.0,0.25368296870998486,0.0,0.04142054065854713,0.23325902322086056,0.0,0.0,0.0,0.0,0.0,149017.0,-148.0,5614757888.0,191684.0,1.35,603.0,16576.0,6353.0,0.09,5,0.009000000000000001,0.18181818181818182,0.44962029907304674,0.0,0.25368296870998486,5,snmp
1436445,151389873,538601,803649,56147,209725,314425,75513,716395,364751,0.6701943261299398,0.14600280553728126,1.9640658970091927,105.39204285580026,0,0,0,0,0,75465,108,342974,0,0,0,0,0,0,0,0,0,0,0,0,0,0,0.0,0.0,0.0,4.544808851785596,0.0,2.0006963921164598,146832,62890,4,2.3347432024169184,0.10221901987197561,0.0437816971760144,0.05256936395058635,0.0,0.23876584206147816,0.0,0.039087469412333924,0.21889108180264472,0.0,0.0,0.0,0.0,0.0,149337.0,0.0,5613091840.0,191416.0,1.35,587.0,2080.0,6373.0,0.09,5,0.009000000000000001,0.18181818181818182,0.4495622391362544,0.0,0.23876584206147816,5,snmp
1345890,160042595,569493,752716,61434,221856,332579,80065,669445,342398,0.7565841565743255,0.16483962285179324,1.9551662100830027,118.91209162710177,0,0,0,0,0,84708,108,385145,0,0,0,0,0,0,0,0,0,0,0,0,0,0,0.0,0.0,0.0,4.546737026018794,0.0,2.001515643607232,155341,66518,4,2.3353227697766017,0.1154187935120998,0.049423058348007635,0.059488516892168004,0.0,0.28616380239098294,0.0,0.04564563225820832,0.2471071187095528,0.0,0.0,0.0,0.0,0.0,171622.0,22118.0,5465945600.0,190993.0,1.47,472.0,3776.0,6406.0,0.07,5,0.006999999999999999,0.18181818181818182,0.4478919576793891,0.0,0.28616380239098294,5,snmp
1176753,131812463,469508,657959,49286,182790,274016,65938,585647,299520,0.7135824572655743,0.15533421202240402,1.955285122863248,112.01370466019632,0,0,0,0,0,65936,108,299520,0,0,0,0,0,0,0,0,0,0,0,0,0,0,0.0,0.0,0.0,4.542586750788644,0.0,2.0,127986,54804,4,2.3353404860959053,0.10876199168389628,0.04657222033850774,0.05603384907452966,0.0,0.2545308998574892,0.0,0.041883045974813744,0.23285770250851284,0.0,0.0,0.0,0.0,0.0,149136.0,-112.0,5649922048.0,190570.0,1.36,464.0,5792.0,6428.0,0.07,5,0.008,0.18181818181818182,0.4495136895780076,0.0,0.2545308998574892,5,snmp
1343691,150692721,536584,751183,56122,208645,313693,75139,669689,341713,0.7143186147716335,0.15527751544067794,1.9597995979081861,112.14834437381809,0,0,0,0,0,75000,108,341837,0,0,0,0,0,0,0,0,0,0,0,0,0,0,0.0,0.0,0.0,4.557826666666666,0.0,2.00410147057411,145910,62742,4,2.325555449300309,0.10858895385918339,0.0466937711125549,0.05591985062041794,0.0,0.2544014955819455,0.0,0.04176704316691859,0.23345620384448507,0.0,0.0,0.0,0.0,0.0,127031.0,-105.0,5796035072.0,190568.0,1.36,443.0,7040.0,6445.0,0.07,5,0.008,0.18181818181818182,0.44948909225680994,0.0,0.2544014955819455,5,snmp
1349146,151381180,538870,754711,55565,209587,314000,75109,672407,343283,0.7140084085166375,0.1553479015614322,1.9587541474526848,112.20518757791966,0,0,0,0,0,75259,108,343283,0,0,0,0,0,0,0,0,0,0,0,0,0,0,0.0,0.0,0.0,4.561354788131652,0.0,2.0008496501159914,146789,62802,4,2.3373300213369,0.10880141956467276,0.04654944683525727,0.055671513683470876,0.0,0.25444466351306677,0.0,0.041185312783049426,0.23273982208004174,0.0,0.0,0.0,0.0,0.0,149360.0,231.0,5615309824.0,190566.0,1.36,412.0,8768.0,6472.0,0.06,5,0.006999999999999999,0.18181818181818182,0.44952999411350353,0.0,0.25444466351306677,5,snmp
1422600,159654894,535830,795373,54389,208260,330617,79479,708819,362168,0.6736839193686485,0.14639392661324335,1.957155242870712,112.22753690425981,0,0,0,0,0,79542,108,362168,0,0,0,0,0,0,0,0,0,0,0,0,0,0,0.0,0.0,0.0,4.553166880390234,0.0,1.9997695454283575,154839,66119,4,2.3418230765740558,0.10884226064951497,0.0464775762688036,0.055868831716575286,0.0,0.25458175172219877,0.0,0.03823211022072262,0.23240334598622242,0.0,0.0,0.0,0.0,0.0,149380.0,-62.0,5616383488.0,190567.0,1.36,395.0,10304.0,6493.0,0.06,5,0.006999999999999999,0.18181818181818182,0.44738459457963203,0.0,0.25458175172219877,5,snmp
1178180,132228386,470501,659068,48611,183028,275003,65721,587107,299517,0.7138883999830063,0.15534807924086302,1.960179221880561,112.231056375087,0,0,0,0,0,65735,108,299517,0,0,0,0,0,0,0,0,0,0,0,0,0,0,0.0,0.0,0.0,4.556431124971477,0.0,2.0000437101145203,128027,55006,4,2.327509726211686,0.10866505966830196,0.04668726340627069,0.05578179904598618,0.0,0.25422006824084603,0.0,0.04125940009166681,0.2334134003293215,0.0,0.0,0.0,0.0,0.0,149201.0,-22374.0,5617363456.0,190563.0,1.36,403.0,11872.0,6517.0,0.06,5,0.008,0.18181818181818182,0.4495242477557894,0.0,0.25422006824084603,5,snmp
1267719,161141267,573408,709516,59729,222999,335152,80828,632515,321009,0.8081678214444776,0.17590570150009585,1.9703964686348359,127.11118710061142,0,0,0,0,0,80624,108,363690,0,0,0,0,0,0,0,0,0,0,0,0,0,0,0.0,0.0,0.0,4.510939670569558,0.0,2.001391107680709,155975,67022,4,2.3272209125361822,0.12303594093012726,0.05286818293328411,0.06375860896618257,0.0,0.2868853428875011,0.0,0.047115330763363175,0.26437404503679446,0.0,0.0,0.0,0.0,0.0,149310.0,112.0,5615510528.0,190345.0,1.36,409.0,13472.0,6538.0,0.06,5,0.008,0.18181818181818182,0.4496049177694366,0.0,0.2868853428875011,5,snmp
1357096,142606066,505182,760935,52770,198067,296825,70991,678183,342809,0.663896390624692,0.1459491443494049,1.9783115379117817,105.08178198152525,0,0,0,0,0,70946,108,320815,0,0,0,0,0,0,0,0,0,0,0,0,0,0,0.0,0.0,0.0,4.521960364220675,0.0,2.0008384515920477,138700,59374,4,2.3360393438205276,0.10220352871130708,0.04375077371092392,0.05231096399959914,0.0,0.2363981619575918,0.0,0.03888450043327812,0.21872070951502326,0.0,0.0,0.0,0.0,0.0,149319.0,9.0,5616798720.0,189918.0,1.36,384.0,15328.0,6562.0,0.06,5,0.008,0.18181818181818182,0.4497998767670242,0.0,0.2363981619575918,5,snmp
1274789,142835469,506790,714089,53910,198385,297278,71126,635569,323205,0.7097014517798201,0.1556218323189171,1.966457820887672,112.04636139784702,0,0,0,0,0,71175,108,323205,0,0,0,0,0,0,0,0,0,0,0,0,0,0,0.0,0.0,0.0,4.5409905163329825,0.0,1.999929432638413,138927,59451,4,2.3368320129182014,0.1089803881269763,0.04663595308713834,0.055794331454068084,0.0,0.2535360753818867,0.0,0.04228935141423404,0.23319780763718545,0.0,0.0,0.0,0.0,0.0,149248.0,0.0,5614141440.0,189706.0,1.37,381.0,17056.0,6579.0,0.06,5,0.008,0.18181818181818182,0.4496601552093061,0.0,0.2535360753818867,5,snmp
1262384,150777582,537173,704574,57166,208751,312573,75339,627761,321168,0.7624082069449057,0.1653625204375214,1.9546187665022667,119.43876189812292,0,0,0,0,0,75570,108,342470,0,0,0,0,0,0,0,0,0,0,0,0,0,0,0.0,0.0,0.0,4.531824798200344,0.0,1.996375460240042,146240,62513,4,2.339353414489786,0.11584430727892622,0.04951979746257874,0.059679938909238395,0.0,0.271288292627283,0.0,0.04528416076249382,0.247605324528828,0.0,0.0,0.0,0.0,0.0,149760.0,318.0,5615807488.0,189683.0,1.37,388.0,2112.0,6600.0,0.06,5,0.009000000000000001,0.18181818181818182,0.4494943399472145,0.0,0.271288292627283,5,snmp
1423530,150212328,534998,795333,56519,208037,311418,74692,708269,363051,0.6726716985212483,0.14614163382577114,1.950880179368739,105.52101325577965,0,0,0,0,0,74712,108,341863,0,0,0,0,0,0,0,0,0,0,0,0,0,0,0.0,0.0,0.0,4.575744191026876,0.0,1.9993560911851767,145746,62293,4,2.339685036842021,0.10238351141177214,0.043759527372096124,0.052469565095221035,0.0,0.24015159497867977,0.0,0.039703413345696964,0.2187646203451982,0.0,0.0,0.0,0.0,0.0,170284.0,21292.0,5623906816.0,189897.0,1.48,365.0,3776.0,6624.0,0.06,5,0.009000000000000001,0.18181818181818182,0.4494550007929762,0.0,0.24015159497867977,5,snmp
1352287,142388975,504888,758115,52604,197603,296837,70905,675767,342104,0.6659781167764786,0.1461250459406916,1.9753262165891075,105.29493739124905,0,0,0,0,0,70947,108,320916,0,0,0,0,0,0,0,0,0,0,0,0,0,0,0.0,0.0,0.0,4.523320224956658,0.0,2.000880941290832,138234,59365,4,2.32854375473764,0.1022223832662741,0.043899704722444276,0.05243339616516316,0.0,0.23731352885888868,0.0,0.038900026399721364,0.21950739746814102,0.0,0.0,0.0,0.0,0.0,171066.0,21818.0,5468247040.0,190113.0,1.48,344.0,5408.0,6645.0,0.05,5,0.008,0.18181818181818182,0.4497117546407461,0.0,0.23731352885888868,5,snmp
1260702,131798525,470608,704821,47646,182277,273650,65679,628065,321092,0.6676986071640885,0.144583731920787,1.9560281788397096,104.54375816013618,0,0,0,0,0,65677,108,299569,0,0,0,0,0,0,0,0,0,0,0,0,0,0,0.0,0.0,0.0,4.5612467073709215,0.0,2.000010972371568,127553,54732,4,2.3305013520426807,0.10117617010205425,0.04341390748963673,0.05209716491288187,0.0,0.2376207858796131,0.0,0.03779322948642899,0.21706160535955366,0.0,0.0,0.0,0.0,0.0,128246.0,77.0,5647149568.0,190118.0,1.36,334.0,7072.0,6666.0,0.05,5,0.008,0.18181818181818182,0.4494250370645671,0.0,0.2376207858796131,5,snmp
1184484,132813442,471799,663459,49226,184357,276129,66481,591037,299715,0.711120054140497,0.15564330121808315,1.9719967302270491,112.12767922572192,0,0,0,0,0,66484,108,299715,0,0,0,0,0,0,0,0,0,0,0,0,0,0,0.0,0.0,0.0,4.5080771313398715,0.0,2.0000976414173195,129122,55222,4,2.3382347615080947,0.10901118124010117,0.0466211447347537,0.056126549619918885,0.0,0.25303423262787844,0.0,0.04155902485808166,0.23312176441387136,0.0,0.0,0.0,0.0,0.0,127430.0,0.0,5646101504.0,189900.0,1.36,306.0,8640.0,6689.0,0.05,5,0.008,0.18181818181818182,0.44971638421371984,0.0,0.25303423262787844,5,snmp
1349483,151666696,538620,755966,55445,210393,315465,75361,673333,342520,0.7124923607675477,0.15590637303322827,1.965820973957725,112.38874146617631,0,0,0,0,0,75493,108,342929,0,0,0,0,0,0,0,0,0,0,0,0,0,0,0.0,0.0,0.0,4.542527121719894,0.0,2.0006561305414503,147301,63083,4,2.3350347954282453,0.10915365365847514,0.046746050154021945,0.055844349280428134,0.0,0.25411879956990935,0.0,0.04108610482681145,0.23376730199639417,0.0,0.0,0.0,0.0,0.0,170816.0,21185.0,5498915840.0,189468.0,1.48,340.0,10272.0,6711.0,0.05,5,0.009000000000000001,0.18181818181818182,0.44964264909886964,0.0,0.25411879956990935,5,snmp
1180677,132444927,471451,660544,48682,183424,275646,66192,588413,299774,0.7137314092626683,0.15535493619338736,1.9628553510311102,112.17710432235066,0,0,0,0,0,66178,108,299774,0,0,0,0,0,0,0,0,0,0,0,0,0,0,0.0,0.0,0.0,4.529813533198344,0.0,2.000021807634853,128295,55133,4,2.3270092322202673,0.10866223361681476,0.0466960904633528,0.05606275043894308,0.0,0.253900092912795,0.0,0.0412322760585664,0.23346435985455802,0.0,0.0,0.0,0.0,0.0,170329.0,45.0,5518080000.0,189470.0,1.48,297.0,11968.0,6738.0,0.04,5,0.008,0.18181818181818182,0.4495546776877552,0.0,0.253900092912795,5,snmp
1261449,141537580,470927,704654,48454,182506,293829,70578,628346,321277,0.6683095533410723,0.14467965014836112,1.955776479486549,112.20237996145703,0,0,0,0,0,70762,108,321277,0,0,0,0,0,0,0,0,0,0,0,0,0,0,0.0,0.0,0.0,4.540247590514683,0.0,1.9999342508985711,136866,58779,4,2.3284846628898075,0.10849903563283177,0.04659641412375768,0.055949943279514275,0.0,0.25468885384981876,0.0,0.03841138246571998,0.23292974983530845,0.0,0.0,0.0,0.0,0.0,149499.0,-217.0,5525107712.0,189680.0,1.48,273.0,13632.0,6766.0,0.04,5,0.008,0.18181818181818182,0.44689918466085155,0.0,0.25468885384981876,5,snmp
1343625,150769079,536962,751002,55906,208867,313795,75136,668766,342498,0.7149941012141113,0.1554503674760443,1.9526128619729166,112.21068304028282,0,0,0,0,0,75008,108,342316,0,0,0,0,0,0,0,0,0,0,0,0,0,0,0.0,0.0,0.0,4.563726535836177,0.0,2.000641762452107,146102,62759,4,2.3279848308609123,0.10873718485440506,0.046708717089961854,0.05592036468508699,0.0,0.2547704902781654,0.0,0.04160833565913108,0.23354358544980927,0.0,0.0,0.0,0.0,0.0,127952.0,-107.0,5687414272.0,189458.0,1.37,328.0,15104.0,6789.0,0.05,5,0.01,0.18181818181818182,0.4494878906099764,0.0,0.2547704902781654,5,snmp
1190656,133432351,474101,666250,50305,185018,277973,66635,592800,302336,0.7115962476547842,0.15539164964523758,1.9607324301439457,112.06624835384864,0,0,0,0,0,66637,108,302336,0,0,0,0,0,0,0,0,0,0,0,0,0,0,0.0,0.0,0.0,4.537058991251107,0.0,1.9998919082517241,129424,55585,4,2.328397949086984,0.10869974199096968,0.046684348795957856,0.055964947054396905,0.0,0.25392388733605675,0.0,0.04224981858740056,0.23346205789077618,0.0,0.0,0.0,0.0,0.0,127891.0,244.0,5688090624.0,189239.0,1.37,266.0,16576.0,6819.0,0.04,5,0.008,0.18181818181818182,0.44956061635802536,0.0,0.25392388733605675,5,snmp
1175177,131599047,468386,657049,49742,182481,274027,65439,584374,299657,0.7128631197977624,0.15527958767062322,1.9501429968263715,111.98232011007704,0,0,0,0,0,65432,108,299657,0,0,0,0,0,0,0,0,0,0,0,0,0,0,0.0,0.0,0.0,4.5796704976158455,0.0,1.9999890400149056,127679,54806,4,2.3296536875524576,0.10864661238264534,0.04663637903056306,0.05568437775756333,0.0,0.25498882296028597,0.0,0.04232724091775111,0.2331793423458764,0.0,0.0,0.0,0.0,0.0,149462.0,-21442.0,5691583488.0,188556.0,1.37,260.0,2016.0,6843.0,0.04,5,0.008,0.18181818181818182,0.44944337898200015,0.0,0.25498882296028597,5,snmp
1437860,142453603,506114,805204,53059,197596,296559,71165,717392,364050,0.6285537578054754,0.13742367128927713,1.9705864579041341,99.07334719652818,0,0,0,0,0,71235,108,321579,0,0,0,0,0,0,0,0,0,0,0,0,0,0,0.0,0.0,0.0,4.514339861023373,0.0,2.0006682529236066,138281,59315,4,2.331298996881059,0.09617139359882047,0.041252277690456654,0.04949369201452158,0.0,0.22365112041506127,0.0,0.03690136730975199,0.20625026080425077,0.0,0.0,0.0,0.0,0.0,149350.0,-21081.0,5845187584.0,187025.0,1.39,253.0,3840.0,6870.0,0.04,5,0.008,0.18181818181818182,0.4496703645476035,0.0,0.22365112041506127,5,snmp
1351495,132218739,470904,755321,48726,183042,274580,65992,673800,343261,0.6234488383084807,0.13543668308058854,1.9629378228228667,97.83146737501804,0,0,0,0,0,75484,108,343261,0,0,0,0,0,0,0,0,0,0,0,0,0,0,0.0,0.0,0.0,4.5474670128769015,0.0,1.999956295138927,128131,54917,4,2.333175519420216,0.09480686203056615,0.040634260578100545,0.04882888948904732,0.0,0.25398614127318264,0.0,0.03605340752278033,0.20316760328377093,0.0,0.0,0.0,0.0,0.0,149474.0,-21601.0,5841656320.0,185937.0,1.39,247.0,5472.0,6895.0,0.04,5,0.008,0.18181818181818182,0.4451697840170246,0.0,0.25398614127318264,5,snmp
1599058,189520366,674559,894808,69461,262300,393437,94839,797167,405647,0.7538589283958123,0.16403407506169257,1.965174153882563,118.52000740435932,0,0,0,0,0,94716,108,428235,0,0,0,0,0,0,0,0,0,0,0,0,0,0,0.0,0.0,0.0,4.521253008995313,0.0,2.0010527841563612,183608,78688,4,2.3333672224481496,0.11482260180681376,0.049208971782136735,0.05930929334645773,0.0,0.26780454492582506,0.0,0.04343869953435085,0.2460429828061271,0.0,0.0,0.0,0.0,0.0,149248.0,215.0,5669105664.0,185721.0,1.39,269.0,7072.0,6921.0,0.04,5,0.009000000000000001,0.18181818181818182,0.4495989295745177,0.0,0.26780454492582506,5,snmp
1179777,132353394,471123,659775,48879,183290,274784,66111,588141,299520,0.7140661589178129,0.15535986885657205,1.9636117788461538,112.18509430171973,0,0,0,0,0,66119,108,299520,0,0,0,0,0,0,0,0,0,0,0,0,0,0,0.0,0.0,0.0,4.530014065548481,0.0,1.9999127104496504,128339,54965,4,2.3349222232329665,0.10878242244085111,0.0465893130650962,0.05603686120343082,0.0,0.25387848720563294,0.0,0.041430711058106744,0.23291181299516772,0.0,0.0,0.0,0.0,0.0,149169.0,-323.0,5670484480.0,185717.0,1.39,263.0,8768.0,6942.0,0.04,5,0.009000000000000001,0.18181818181818182,0.4495810397248374,0.0,0.25387848720563294,5,snmp
1181485,132672831,471808,661137,48540,183656,275380,65999,589459,299776,0.7136312141053972,0.15544505431723635,1.9663315275405637,112.2932842989966,0,0,0,0,0,65999,108,299776,0,0,0,0,0,0,0,0,0,0,0,0,0,0,0.0,0.0,0.0,4.542129426203427,0.0,2.000043560647311,128579,55068,4,2.3349131982276456,0.10882829659284714,0.04660914019221573,0.05586105621315548,0.0,0.2537281472045773,0.0,0.04108389018904176,0.2330795566596275,0.0,0.0,0.0,0.0,0.0,191953.0,42706.0,5564228096.0,186144.0,1.62,230.0,10432.0,6969.0,0.03,5,0.008,0.18181818181818182,0.44960751770772245,0.0,0.2537281472045773,5,snmp
1519377,179762071,671738,850917,69848,261884,373562,89132,757519,385518,0.7894283461254152,0.1723627513118864,1.9649380833060972,118.31301316263179,0,0,0,0,0,89242,108,406614,0,0,0,0,0,0,0,0,0,0,0,0,0,0,0.0,0.0,0.0,4.5563075681853835,0.0,2.001008588282038,174188,74702,4,2.331771572380927,0.11464435752285311,0.04916620430610704,0.05866351800770974,0.0,0.26761889906191816,0.0,0.04597147383434131,0.24586524608441487,0.0,0.0,0.0,0.0,0.0,149071.0,-256.0,5927463936.0,186569.0,1.39,245.0,12160.0,6987.0,0.04,5,0.009000000000000001,0.2727272727272727,0.45125054428297273,0.0,0.26761889906191816,5,snmp
1313554,166408781,624603,735184,66186,243312,346555,82895,654421,333246,0.8495873141961741,0.18523182145537984,1.9637775097075434,126.68590785000083,0,0,0,0,0,83119,108,376135,0,0,0,0,0,0,0,0,0,0,0,0,0,0,0.0,0.0,0.0,4.525258966060708,0.0,2.004333034029969,161019,69306,4,2.323305341528872,0.12258270310927454,0.05276220086878804,0.0631074169771475,0.0,0.2863490956595618,0.0,0.05038696543880191,0.26383003667911636,0.0,0.0,0.0,0.0,0.0,-149169.0,0.0,5760755200.0,186566.0,0.59,248.0,12896.0,7000.0,0.04,5,0.009000000000000001,0.2727272727272727,0.4513623632661577,0.0,0.2863490956595618,5,snmp
1180884,132299048,568503,660807,60653,221924,275468,66208,588327,299520,0.8603162496765319,0.18793039790529806,1.9642327724358974,112.0339068020229,0,0,0,0,0,66203,108,299520,0,0,0,0,0,0,0,0,0,0,0,0,0,0,0.0,0.0,0.0,4.524266271921212,0.0,2.0022555644775664,128445,55092,4,2.331463733391418,0.10877020943632058,0.04665318524088734,0.05606647223605367,0.0,0.2536404930543559,0.0,0.051362369208152535,0.23327270079025544,0.0,0.0,0.0,0.0,0.0,-21710.0,170243.0,5615285248.0,184860.0,1.52,7003.0,15008.0,7041.0,0.99,5,0.008,0.2727272727272727,0.45498238017165915,0.0,0.2536404930543559,5,snmp
1431148,151349971,538019,800371,56976,209375,313941,75374,712924,363935,0.6722120116795836,0.14629863578050628,1.9589322269086513,105.7542413503006,0,0,0,0,0,75471,108,342389,0,0,0,0,0,0,0,0,0,0,0,0,0,0,0.0,0.0,0.0,4.536696214439983,0.0,1.9988448466796502,146590,62801,4,2.334198500023885,0.10242826038956139,0.043881555226992594,0.05266681014122928,0.0,0.2392408052835905,0.0,0.03981139616587523,0.21936305679077217,0.0,0.0,0.0,0.0,0.0,256.0,149327.0,5797571072.0,185070.0,1.4,4159.0,16544.0,7065.0,0.59,5,0.008,0.18181818181818182,0.449561906100289,0.0,0.2392408052835905,5,snmp
1695525,171154712,609382,947805,65514,237026,355820,85679,843930,431121,0.642940267249065,0.13979504873121895,1.9575246856450974,100.94496512879492,0,0,0,0,0,85768,108,388827,0,0,0,0,0,0,0,0,0,0,0,0,0,0,0.0,0.0,0.0,4.5334740229456205,0.0,2.0008272555375473,165850,71163,4,2.3305650408217753,0.09781631058226803,0.04197107090724112,0.05053243095796287,0.0,0.229325430176494,0.0,0.03863935949042332,0.20985830347532475,0.0,0.0,0.0,0.0,0.0,130803.0,109093.0,5795038720.0,185044.0,1.41,3374.0,1280.0,7089.0,0.48,5,0.009000000000000001,0.18181818181818182,0.4494722594419377,0.0,0.229325430176494,5,snmp
1426016,159872309,569537,797631,59732,221546,332654,79654,709751,362981,0.7140356881816279,0.15536010816147924,1.9553392601816624,112.11116074433947,0,0,0,0,0,79566,108,363075,0,0,0,0,0,0,0,0,0,0,0,0,0,0,0.0,0.0,0.0,4.563192821054219,0.0,2.000758595154022,155007,66519,4,2.330266540386957,0.10869934138186388,0.046646741691537826,0.05585771828647084,0.0,0.25460794268788006,0.0,0.04188732805242017,0.2332750824675179,0.0,0.0,0.0,0.0,0.0,149018.0,149186.0,5814895104.0,185069.0,1.4,2292.0,3040.0,7117.0,0.32,5,0.008,0.18181818181818182,0.449494809078431,0.0,0.25460794268788006,5,snmp
1182106,132843282,473402,661679,47025,183741,276224,66428,590119,299682,0.7154556816825077,0.1554352993724759,1.9691506330043178,112.37848551652728,0,0,0,0,0,66427,108,299682,0,0,0,0,0,0,0,0,0,0,0,0,0,0,0.0,0.0,0.0,4.511448657925241,0.0,1.9999891151723612,128495,55249,4,2.3257434523701788,0.10870006581474081,0.04673777140121106,0.056194622140484866,0.0,0.2535153361881253,0.0,0.039780696485763545,0.23367109210172354,0.0,0.0,0.0,0.0,0.0,149258.0,149248.0,5813144064.0,186560.0,1.39,2088.0,4896.0,7143.0,0.29,5,0.009000000000000001,0.18181818181818182,0.44960075355469137,0.0,0.2535153361881253,5,snmp
1175368,141197179,502628,656959,53025,195750,293200,70332,584609,299598,0.7650827525005366,0.16654358464753166,1.9513114239747928,120.13018816234575,0,0,0,0,0,70305,108,321184,0,0,0,0,0,0,0,0,0,0,0,0,0,0,0.0,0.0,0.0,4.568437522224593,0.0,1.9972655572447429,137113,58644,4,2.3380567491985538,0.11665537942159392,0.049894160807508796,0.059838280436425015,0.0,0.273262501616515,0.0,0.04511353040069153,0.24945378809019814,0.0,0.0,0.0,0.0,0.0,149504.0,-20995.0,5813144064.0,186346.0,1.39,1539.0,6144.0,7170.0,0.21,5,0.008,0.18181818181818182,0.4494879867341761,0.0,0.273262501616515,5,snmp
1176584,131998252,470649,657701,48234,182672,274237,65778,586129,299528,0.7155972090661258,0.15525623329910995,1.9568420982345558,112.18769930578692,0,0,0,0,0,65779,108,299528,0,0,0,0,0,0,0,0,0,0,0,0,0,0,0.0,0.0,0.0,4.553550525243619,0.0,1.9999781030688548,127822,54843,4,2.3306894225334136,0.1086382272748907,0.04661205659774398,0.05590591067021139,0.0,0.2545742590414284,0.0,0.040994948087004414,0.23307898118621365,0.0,0.0,0.0,0.0,0.0,170741.0,21493.0,5676890112.0,186343.0,1.51,1451.0,7808.0,7197.0,0.2,5,0.008,0.18181818181818182,0.449483063165601,0.0,0.2545742590414284,5,snmp
1513674,151105893,538676,846357,55060,209166,313394,75352,754153,385076,0.6364642816211126,0.13818431181350807,1.9584523574567099,99.82723690834354,0,0,0,0,0,75560,108,342593,0,0,0,0,0,0,0,0,0,0,0,0,0,0,0.0,0.0,0.0,4.534052408681842,0.0,1.9978222871715523,146490,62686,4,2.336885428963405,0.09677777381391238,0.041413144441933995,0.049780864307638235,0.0,0.22633209000088525,0.0,0.03637507151473831,0.20704193901725207,0.0,0.0,0.0,0.0,0.0,149248.0,-2550.0,5859097600.0,186559.0,1.39,1176.0,9472.0,7219.0,0.16,5,0.008,0.18181818181818182,0.44952928181538504,0.0,0.22633209000088525,5,snmp
1177943,132139563,470607,658896,48440,183119,273883,65810,587277,299520,0.7142356305092155,0.15545658830690448,1.9607271634615384,112.17823188388573,0,0,0,0,0,65805,108,299520,0,0,0,0,0,0,0,0,0,0,0,0,0,0,0.0,0.0,0.0,4.551629815363574,0.0,1.9999672349581155,128338,54768,4,2.3433026584867074,0.10895094244797923,0.046494609671265924,0.05586857768160259,0.0,0.25427376367107746,0.0,0.04112253309370657,0.23250955266935666,0.0,0.0,0.0,0.0,0.0,127755.0,232.0,5668209152.0,186559.0,1.39,990.0,10944.0,7243.0,0.14,5,0.006999999999999999,0.18181818181818182,0.44958018274721523,0.0,0.25427376367107746,5,snmp
1179974,141592457,503274,660327,53046,196388,294106,70497,587575,299966,0.7621587486200019,0.16643417566827742,1.9588053312708773,119.99625161232366,0,0,0,0,0,70491,108,321065,0,0,0,0,0,0,0,0,0,0,0,0,0,0,0.0,0.0,0.0,4.554694925593338,0.0,1.9981075828949912,137566,58817,4,2.3388816158593606,0.11658392473054491,0.0498460135562309,0.05974453674402996,0.0,0.27209497836393004,0.0,0.044955227827053815,0.24924786478346134,0.0,0.0,0.0,0.0,0.0,149250.0,0.0,5669267968.0,186562.0,1.39,1119.0,12864.0,7266.0,0.15,5,0.009000000000000001,0.18181818181818182,0.44958037698063363,0.0,0.27209497836393004,5,snmp
1177791,131899159,469234,658666,49891,182968,274212,65890,586231,299557,0.7124005186240067,0.15534844467312112,1.9569931598994514,111.98859475068157,0,0,0,0,0,65882,108,299557,0,0,0,0,0,0,0,0,0,0,0,0,0,0,0.0,0.0,0.0,4.546871679669713,0.0,1.9999781384926492,128129,54847,4,2.3361168341021386,0.10878755229068655,0.04656768475901073,0.05594371157531345,0.0,0.25433799375271166,0.0,0.04235980747008595,0.2328188957123972,0.0,0.0,0.0,0.0,0.0,149248.0,0.0,5802701824.0,186564.0,1.39,894.0,14496.0,7292.0,0.12,5,0.008,0.18181818181818182,0.44953738325248555,0.0,0.25433799375271166,5,snmp
1179564,132140672,470575,659097,49892,183102,274535,66308,587406,299520,0.7139692640081808,0.15522854207147727,1.9611578525641025,112.02501263178598,0,0,0,0,0,66331,108,299520,0,0,0,0,0,0,0,0,0,0,0,0,0,0,0.0,0.0,0.0,4.5155357223620936,0.0,1.9999781544914366,128191,54904,4,2.3348207780853856,0.108676595759111,0.046546011916267366,0.05621399093224276,0.0,0.2539243313631138,0.0,0.04229698430945671,0.2327427761444059,0.0,0.0,0.0,0.0,0.0,170417.0,-364.0,5488583168.0,186775.0,1.5,775.0,16032.0,7319.0,0.11,5,0.006999999999999999,0.18181818181818182,0.4495544426332098,0.0,0.2539243313631138,5,snmp
1361517,152758523,543432,762141,55944,211632,317738,76502,678932,345344,0.7130334150767378,0.15543838233382323,1.9659585804299482,112.19729390084737,0,0,0,0,0,76337,108,345344,0,0,0,0,0,0,0,0,0,0,0,0,0,0,0.0,0.0,0.0,4.523939898083499,0.0,2.0005293606080086,148088,63556,4,2.330039650072377,0.10876691220161042,0.04668028383046264,0.056188795292309975,0.0,0.25364648403214946,0.0,0.041089461240660236,0.23337057120843882,0.0,0.0,0.0,0.0,0.0,151686.0,2438.0,5661361664.0,186986.0,1.4,804.0,1216.0,7344.0,0.11,5,0.008,0.18181818181818182,0.44960167004614604,0.0,0.25364648403214946,5,snmp
1523599,161784931,574708,854174,57337,224065,336245,80487,760940,385502,0.6728231016162983,0.1470629739189905,1.97389378005821,106.18603123262749,0,0,0,0,0,80341,108,364167,0,0,0,0,0,0,0,0,0,0,0,0,0,0,0.0,0.0,0.0,4.532766582442339,0.0,1.9997054859927352,156808,67243,4,2.331960204036108,0.10291946896788459,0.04413431618161997,0.05282689211531381,0.0,0.23901761552744522,0.0,0.03763260542964389,0.22069127112842685,0.0,0.0,0.0,0.0,0.0,127913.0,-206.0,5660545536.0,187006.0,1.38,728.0,2816.0,7368.0,0.1,5,0.008,0.18181818181818182,0.44970399940337547,0.0,0.23901761552744522,5,snmp
1173333,131323950,468442,654761,50130,181853,273059,65602,582712,299776,0.7154396795166481,0.15498839630352168,1.9438247224594363,111.92385281927636,0,0,0,0,0,65605,108,299776,0,0,0,0,0,0,0,0,0,0,0,0,0,0,0.0,0.0,0.0,4.569407819525951,0.0,1.9999450120423627,127238,54610,4,2.32993957150705,0.10844150807997388,0.046542626858700815,0.05591081133829868,0.0,0.2554909816735743,0.0,0.04272444395580794,0.23272080475022863,0.0,0.0,0.0,0.0,0.0,149370.0,0.0,5660727296.0,187001.0,1.39,625.0,4640.0,7391.0,0.08,5,0.006999999999999999,0.18181818181818182,0.4493468082907766,0.0,0.2554909816735743,5,snmp
1429109,169480827,603460,798698,63174,235063,352055,84642,711561,363621,0.7555546652176417,0.16448220534612826,1.9568754279868323,118.59195274818086,0,0,0,0,0,84420,108,384511,0,0,0,0,0,0,0,0,0,0,0,0,0,0,0.0,0.0,0.0,4.554738213693438,0.0,1.999719263619968,164658,70407,4,2.3386595082875283,0.11521724375117644,0.04926636106832999,0.05922711283743927,0.0,0.2690564540563386,0.0,0.044205165596186154,0.2463458000754316,0.0,0.0,0.0,0.0,0.0,214308.0,64804.0,5348400640.0,187429.0,1.73,782.0,6432.0,7425.0,0.11,5,0.01,0.18181818181818182,0.44956543125558224,0.0,0.2690564540563386,5,snmp
1269435,142499475,505016,712580,51840,197904,296960,70959,634282,320670,0.708714810968593,0.1558992780252632,1.9779898337855115,112.25425090689953,0,0,0,0,0,71008,108,320670,0,0,0,0,0,0,0,0,0,0,0,0,0,0,0.0,0.0,0.0,4.515970031545741,0.0,2.0007885717751965,138512,59396,4,2.3320088894875077,0.1091131093754308,0.046789319657958066,0.05589809639721609,0.0,0.25260844391402476,0.0,0.040837065308582166,0.23393084324916202,0.0,0.0,0.0,0.0,0.0,170776.0,399.0,5982043648.0,188074.0,1.49,553.0,7872.0,7456.0,0.07,5,0.006999999999999999,0.18181818181818182,0.44977784893491474,0.0,0.25260844391402476,5,snmp
1265815,142110952,504171,709110,52534,196997,294810,70686,632024,320377,0.71099124254347,0.15562858711581076,1.9727508529014255,112.26834253030655,0,0,0,0,0,70650,108,320377,0,0,0,0,0,0,0,0,0,0,0,0,0,0,0.0,0.0,0.0,4.534706298655343,0.0,2.0000710695974413,138032,58968,4,2.3407950074616743,0.1090459506325964,0.04658500649778996,0.0558422834300431,0.0,0.2530993865612273,0.0,0.041502115238008716,0.2329013323431939,0.0,0.0,0.0,0.0,0.0,105626.0,18744.0,5822615552.0,188502.0,1.49,539.0,9696.0,7473.0,0.07,5,0.008,0.18181818181818182,0.44971624503521934,0.0,0.2530993865612273,5,snmp
1261202,169582071,602639,704933,64181,234801,351394,84188,627985,321036,0.8548883369057768,0.18617239744307415,1.9561201858981547,134.4606740236695,0,0,0,0,0,84263,108,383982,0,0,0,0,0,0,0,0,0,0,0,0,0,0,0.0,0.0,0.0,4.556946702585951,0.0,1.998085318220112,164525,70270,4,2.3413263127935107,0.1304509507596721,0.05571668931701662,0.06675219354235087,0.0,0.3044571765664818,0.0,0.050888755330232585,0.27861833393857605,0.0,0.0,0.0,0.0,0.0,127612.0,98.0,5976800256.0,188715.0,1.37,526.0,11328.0,7499.0,0.07,5,0.008,0.18181818181818182,0.44957918408384456,0.0,0.3044571765664818,5,snmp
1180017,132368377,471134,660287,48596,183403,275177,66031,588006,299889,0.7135291168840217,0.15542403202665725,1.9607454758260556,112.17497459782359,0,0,0,0,0,66037,108,299889,0,0,0,0,0,0,0,0,0,0,0,0,0,0,0.0,0.0,0.0,4.541226887956752,0.0,1.9998800527767782,128369,55038,4,2.3323703622951415,0.10878572088368219,0.04664170092464769,0.05595766840647211,0.0,0.2541395590063533,0.0,0.041182457540865934,0.23319748783280242,0.0,0.0,0.0,0.0,0.0,128322.0,256.0,5973540864.0,188716.0,1.37,472.0,13216.0,7523.0,0.06,5,0.006999999999999999,0.18181818181818182,0.4495579528143067,0.0,0.2541395590063533,5,snmp
1175812,131608377,468148,657091,50573,182467,274175,65670,584182,299776,0.7124553524549873,0.15518382190350158,1.9487283838599487,111.92977874013873,0,0,0,0,0,65669,108,299776,0,0,0,0,0,0,0,0,0,0,0,0,0,0,0.0,0.0,0.0,4.564954544762369,0.0,2.0000328831988776,127636,54830,4,2.3278497173080432,0.10855136705527754,0.046631604372127516,0.055850765258391645,0.0,0.2549523223100292,0.0,0.04301112762924685,0.23317928376305055,0.0,0.0,0.0,0.0,0.0,149147.0,-64905.0,5977124864.0,188717.0,1.37,559.0,15104.0,7551.0,0.07,5,0.009000000000000001,0.18181818181818182,0.4494256189781736,0.0,0.2549523223100292,5,snmp
1263330,141553807,503358,706930,53042,196258,294785,70699,629800,320891,0.7120337232823618,0.1553497502631933,1.9626602179556298,112.04816397932449,0,0,0,0,0,70649,108,320891,0,0,0,0,0,0,0,0,0,0,0,0,0,0,0.0,0.0,0.0,4.542045888830698,0.0,2.0028165851965998,137298,58958,4,2.3287424946572135,0.10867944242596946,0.04666872471959029,0.055962416787379385,0.0,0.2540041002746709,0.0,0.041985862759532346,0.23333966580386756,0.0,0.0,0.0,0.0,0.0,148991.0,-21529.0,6138130432.0,188720.0,1.37,495.0,16896.0,7569.0,0.07,5,0.009000000000000001,0.18181818181818182,0.4495487052129437,0.0,0.2540041002746709,5,snmp
1196372,143499551,511653,668426,53152,198636,297068,71553,596083,304640,0.7654594525048397,0.16603196998926756,1.9566800157563025,119.94559468125298,0,0,0,0,0,71558,108,325716,0,0,0,0,0,0,0,0,0,0,0,0,0,0,0.0,0.0,0.0,4.551776181559015,0.0,1.9968032811604692,139226,59412,4,2.343398640005386,0.11637350255606116,0.04966013915404239,0.05980832048894491,0.0,0.2722531119083362,0.0,0.04442765293738068,0.24830738265355592,0.0,0.0,0.0,0.0,0.0,219411.0,48753.0,5626651648.0,189370.0,1.74,424.0,1088.0,7595.0,0.06,5,0.008,0.18181818181818182,0.44951786104492625,0.0,0.2722531119083362,5,snmp
1354698,151909174,572713,759298,58779,223918,316354,75656,676382,342579,0.7542664408440428,0.16528997606846693,1.9743825511779765,112.13508398181735,0,0,0,0,0,75653,108,342586,0,0,0,0,0,0,0,0,0,0,0,0,0,0,0.0,0.0,0.0,4.5283861842887925,0.0,1.9998571007529005,147573,63283,4,2.3319532891929904,0.10893424217057972,0.04671373250717134,0.055847133457050946,0.0,0.25288735939670687,0.0,0.04338900625822139,0.23352363404980298,0.0,0.0,0.0,0.0,0.0,170498.0,21357.0,6093273600.0,190059.0,1.47,431.0,2976.0,7620.0,0.06,5,0.008,0.2727272727272727,0.45166284813940427,0.0,0.25288735939670687,5,snmp
1349822,151433317,538779,755996,55047,210010,315206,75159,673023,343081,0.7126744056846862,0.15558347693251406,1.9617029214675252,112.1876195528003,0,0,0,0,0,75222,108,343081,0,0,0,0,0,0,0,0,0,0,0,0,0,0,0.0,0.0,0.0,4.560913030762277,0.0,2.000342899597093,146969,63036,4,2.3315089789961294,0.10888028199273682,0.04669949074766895,0.05568067493343567,0.0,0.2541675865410402,0.0,0.04078093259703872,0.23351671553730788,0.0,0.0,0.0,0.0,0.0,106134.0,21445.0,6052924928.0,190269.0,1.48,391.0,4768.0,7645.0,0.05,5,0.008,0.18181818181818182,0.44957720530985884,0.0,0.2541675865410402,5,snmp
1602823,161270199,572569,898774,59091,223638,335694,80159,799291,406548,0.6370555890579834,0.13952757104184305,1.9660433700325668,100.61634940352116,0,0,0,0,0,85163,108,385572,0,0,0,0,0,0,0,0,0,0,0,0,0,0,0.0,0.0,0.0,4.527459107828517,0.0,2.0003577849533536,156499,67144,4,2.3307964970809008,0.09763960212699718,0.04189108841088505,0.05001113660085986,0.0,0.24055806536342442,0.0,0.036866828090188375,0.20943922067502152,0.0,0.0,0.0,0.0,0.0,128106.0,-48.0,6598951424.0,190486.0,1.36,398.0,6656.0,7670.0,0.05,5,0.008,0.18181818181818182,0.4480964014135095,0.0,0.24055806536342442,5,snmp
1268274,151548497,539068,709920,55267,210043,314161,75825,632682,321481,0.7593362632409285,0.16561326653388778,1.9680229935828244,119.49192130407151,0,0,0,0,0,80668,108,363711,0,0,0,0,0,0,0,0,0,0,0,0,0,0,0.0,0.0,0.0,4.508739524966529,0.0,1.9996667904302212,147217,62828,4,2.343175017508117,0.11607665220606904,0.04953819127412531,0.059785976847274325,0.0,0.28677635905175064,0.0,0.043576545762193344,0.24770751430684537,0.0,0.0,0.0,0.0,0.0,149365.0,21819.0,6012052992.0,190707.0,1.47,416.0,7744.0,7697.0,0.05,5,0.009000000000000001,0.18181818181818182,0.4479828213143448,0.0,0.28677635905175064,5,snmp
1438130,151648935,538662,804800,56340,210003,315731,75305,717631,365008,0.6693116302186879,0.14602504641444097,1.9660692368386445,105.44869726658925,0,0,0,0,0,75328,108,343049,0,0,0,0,0,0,0,0,0,0,0,0,0,0,0.0,0.0,0.0,4.554070199660153,0.0,2.0020115161683956,146844,63142,4,2.3256152798454277,0.10210759806137136,0.04390562744675377,0.05236313824202263,0.0,0.23853824063193174,0.0,0.0391758742255568,0.21954273952980607,0.0,0.0,0.0,0.0,0.0,149504.0,-69935.0,6181329408.0,190926.0,1.36,411.0,9632.0,7723.0,0.05,5,0.009000000000000001,0.18181818181818182,0.44956189607257463,0.0,0.23853824063193174,5,snmp
1436422,151613840,540350,802736,55441,209740,314419,75777,716104,364831,0.6731353770106236,0.14601558594897598,1.962837587814632,105.54965045091205,0,0,0,0,0,75890,108,343166,0,0,0,0,0,0,0,0,0,0,0,0,0,0,0.0,0.0,0.0,4.521886941626038,0.0,1.9996567767523454,146862,62885,4,2.335405899658106,0.1022415418310218,0.04377891733766261,0.05275399569207378,0.0,0.23890333063681843,0.0,0.03859659626488594,0.2188904096428487,0.0,0.0,0.0,0.0,0.0,127544.0,-21135.0,6028876800.0,190930.0,1.36,407.0,11136.0,7745.0,0.05,5,0.009000000000000001,0.18181818181818182,0.4495509780652057,0.0,0.23890333063681843,5,snmp
1177856,131686516,468074,658471,51311,182960,273998,65853,585470,299776,0.7108498324147913,0.15533307976526842,1.9530249252775405,111.80188070528146,0,0,0,0,0,65858,108,299776,0,0,0,0,0,0,0,0,0,0,0,0,0,0,0.0,0.0,0.0,4.551853988885177,0.0,2.0000655902576603,128156,54802,4,2.3385277909565345,0.10880447185394479,0.04652690991088894,0.0559092113127581,0.0,0.2545098891545316,0.0,0.04356305015214084,0.23262436155183655,0.0,0.0,0.0,0.0,0.0,149248.0,-21701.0,6032525824.0,190934.0,1.36,307.0,13184.0,7767.0,0.04,5,0.006999999999999999,0.18181818181818182,0.44952494379023655,0.0,0.2545098891545316,5,snmp
1178576,132104274,470348,658786,49443,183003,274419,65933,587130,299520,0.7139617417492174,0.1552746704497631,1.9602363782051282,112.08804014335945,0,0,0,0,0,65937,108,299520,0,0,0,0,0,0,0,0,0,0,0,0,0,0,0.0,0.0,0.0,4.542517857955321,0.0,2.000076504404468,128118,54883,4,2.3343840533498534,0.10870576017159692,0.046567213315051384,0.055942934524375175,0.0,0.2541371960739061,0.0,0.041951473642768904,0.23283946050148654,0.0,0.0,0.0,0.0,0.0,149134.0,149.0,6028948992.0,190936.0,1.36,363.0,14688.0,7788.0,0.05,5,0.009000000000000001,0.18181818181818182,0.44953986006681307,0.0,0.2541371960739061,5,snmp
1260363,141363809,503245,705709,51409,196011,293818,70287,627639,320830,0.7131055435030587,0.15551948129229437,1.9562977277686002,112.1611861027339,0,0,0,0,0,70479,108,320830,0,0,0,0,0,0,0,0,0,0,0,0,0,0,0.0,0.0,0.0,4.552136097277203,0.0,2.000561350507257,137255,58777,4,2.3351821290640897,0.10890116577525681,0.04663497738349983,0.05576726704925486,0.0,0.2545536484330308,0.0,0.04078904252187664,0.23312172762926237,0.0,0.0,0.0,0.0,0.0,170114.0,-957.0,5867609088.0,191146.0,1.46,298.0,16128.0,7813.0,0.04,5,0.006999999999999999,0.18181818181818182,0.44954179245967657,0.0,0.2545536484330308,5,snmp
1192567,133844851,542704,667681,55698,211532,278022,66676,595178,302245,0.8128192954419851,0.17737535920413697,1.969190557329319,112.2325630341943,0,0,0,0,0,66681,108,302245,0,0,0,0,0,0,0,0,0,0,0,0,0,0,0.0,0.0,0.0,4.532700469399079,0.0,1.999886548424914,129892,55587,4,2.336733408890568,0.10891798951337744,0.04661121765066449,0.055909647005157784,0.0,0.2534406871899021,0.0,0.04670429418221366,0.23312904012940153,0.0,0.0,0.0,0.0,0.0,151785.0,2537.0,6376603648.0,191354.0,1.37,315.0,1152.0,7841.0,0.04,5,0.008,0.2727272727272727,0.45362233972458876,0.0,0.2534406871899021,5,snmp
1263921,151482757,539519,706649,55754,209817,314576,75660,629581,321209,0.7634893702531242,0.16600483732764942,1.9600353663813903,119.85144403803719,0,0,0,0,0,75655,108,342776,0,0,0,0,0,0,0,0,0,0,0,0,0,0,0.0,0.0,0.0,4.530777873240368,0.0,1.9970589075126353,146903,62921,4,2.3347213172072916,0.11622799209760737,0.04978238355087066,0.05986133627022575,0.0,0.2712004943346934,0.0,0.04411193421107806,0.24888897328234913,0.0,0.0,0.0,0.0,0.0,128472.0,-114.0,5850867200.0,191168.0,1.36,289.0,2816.0,7866.0,0.04,5,0.008,0.18181818181818182,0.44958700147457864,0.0,0.2712004943346934,5,snmp
1178311,132155126,470723,659012,48576,183044,274704,65945,587149,299520,0.7142859310604359,0.15534438700818376,1.960299813034188,112.15640522748238,0,0,0,0,0,65946,108,299520,0,0,0,0,0,0,0,0,0,0,0,0,0,0,0.0,0.0,0.0,4.541897916477118,0.0,1.99986889257932,128106,54937,4,2.3318710522962665,0.10872002383072041,0.04662351450508397,0.05596570005711565,0.0,0.25419435106690846,0.0,0.04122510949995375,0.23313369730062777,0.0,0.0,0.0,0.0,0.0,149252.0,-19.0,5836356608.0,190740.0,1.36,281.0,4480.0,7890.0,0.04,5,0.008,0.18181818181818182,0.4495375949865297,0.0,0.25419435106690846,5,snmp
1177855,132127019,471032,657800,49023,182724,274028,65848,586747,299776,0.7160717543326239,0.1551328474217964,1.9572847726302305,112.17596308543921,0,0,0,0,0,65850,108,299776,0,0,0,0,0,0,0,0,0,0,0,0,0,0,0.0,0.0,0.0,4.552406985573272,0.0,2.000065674974551,127919,54808,4,2.333947598890673,0.10860335100670286,0.046532043417907974,0.05590501377504022,0.0,0.2545101052336663,0.0,0.04162057299073316,0.23265002907828214,0.0,0.0,0.0,0.0,0.0,149231.0,-17.0,5659687424.0,190522.0,1.36,329.0,6848.0,7911.0,0.04,5,0.009000000000000001,0.18181818181818182,0.44947937866057647,0.0,0.2545101052336663,5,snmp
1507318,159438852,569910,841198,58580,220468,330804,79665,749526,385119,0.6774980444556454,0.1462650880570656,1.9462192205526083,105.77651961961577,0,0,0,0,0,79582,108,363263,0,0,0,0,0,0,0,0,0,0,0,0,0,0,0.0,0.0,0.0,4.564637732150486,0.0,1.9969204014347306,154309,66159,4,2.332396197040463,0.10237322184170826,0.043891866215357345,0.05285215196793245,0.0,0.24099957673165184,0.0,0.03886373014851544,0.21946530194690173,0.0,0.0,0.0,0.0,0.0,149133.0,-20995.0,5809076224.0,190522.0,1.36,289.0,8320.0,7940.0,0.04,5,0.008,0.18181818181818182,0.4493651805063124,0.0,0.24099957673165184,5,snmp
1182710,132496591,470981,661911,49818,183836,276071,66380,589043,300020,0.7115473228273892,0.15543624388057936,1.9633457769482034,112.02796205325059,0,0,0,0,0,66406,108,300020,0,0,0,0,0,0,0,0,0,0,0,0,0,0,0.0,0.0,0.0,4.517965244104448,0.0,2.000065277702225,128620,55213,4,2.329523844022241,0.10875024308579449,0.0466834642473641,0.05612533926321753,0.0,0.25367165239154144,0.0,0.04212190646904144,0.23342239433166204,0.0,0.0,0.0,0.0,0.0,149354.0,-2469.0,5628702720.0,190305.0,1.36,274.0,9632.0,7961.0,0.03,5,0.008,0.18181818181818182,0.44959656462480413,0.0,0.25367165239154144,5,snmp
1173788,131475509,469080,655829,48880,182206,273033,65729,583788,299520,0.7152474196779953,0.1552290532873057,1.9490785256410257,112.00958691007234,0,0,0,0,0,65716,108,299520,0,0,0,0,0,0,0,0,0,0,0,0,0,0,0.0,0.0,0.0,4.557794144500578,0.0,1.9999780470670883,127600,54606,4,2.336739552430136,0.10870787569816696,0.046521177589138756,0.055997335123548715,0.0,0.2551738474068571,0.0,0.04164295426431349,0.23260844377349232,0.0,0.0,0.0,0.0,0.0,149382.0,0.0,5630068224.0,189881.0,1.36,274.0,11072.0,7987.0,0.03,5,0.008,0.18181818181818182,0.4494366598339539,0.0,0.2551738474068571,5,snmp
1259450,131626684,468867,703775,49548,182266,273782,65495,626182,321225,0.6662171858903769,0.1447187264282028,1.9493563701455365,104.51124220890071,0,0,0,0,0,65492,108,299520,0,0,0,0,0,0,0,0,0,0,0,0,0,0,0.0,0.0,0.0,4.573383008611739,0.0,2.000043892857535,127507,54764,4,2.3282996128843765,0.1012402239072611,0.04348247250784072,0.052002858390567314,0.0,0.23781809520028585,0.0,0.03934098217475882,0.2173821906387709,0.0,0.0,0.0,0.0,0.0,171106.0,21721.0,5485081088.0,189671.0,1.48,289.0,12800.0,8007.0,0.04,5,0.009000000000000001,0.18181818181818182,0.44942252968091734,0.0,0.23781809520028585,5,snmp
1183488,132744783,471818,663028,48642,184192,276206,66405,590433,299776,0.7116109726889362,0.1556348691325979,1.9695806201964132,112.16402954656067,0,0,0,0,0,66406,108,299776,0,0,0,0,0,0,0,0,0,0,0,0,0,0,0.0,0.0,0.0,4.514290877330362,0.0,2.0000217167055756,128948,55236,4,2.334491997972337,0.10895589984858317,0.04667220960415315,0.056109567650876054,0.0,0.2532987237724421,0.0,0.04110054347826087,0.2333830169803158,0.0,0.0,0.0,0.0,0.0,149248.0,17.0,5662309376.0,189674.0,1.37,240.0,14528.0,8039.0,0.03,5,0.008,0.18181818181818182,0.44967799509129147,0.0,0.2532987237724421,5,snmp
1179321,132239205,470339,660292,48690,183428,274989,65752,587795,299705,0.7123197009807782,0.15553695728304678,1.9612452244707295,112.13164609126777,0,0,0,0,0,65748,108,299705,0,0,0,0,0,0,0,0,0,0,0,0,0,0,0.0,0.0,0.0,4.558389608809393,0.0,1.9999781933162515,128435,54995,4,2.3353941267387945,0.1089058873707837,0.0466327658033733,0.0557541161397109,0.0,0.2541335225947812,0.0,0.041286469078393416,0.23317570025463805,0.0,0.0,0.0,0.0,0.0,127415.0,-33.0,5805033472.0,189675.0,1.36,221.0,16192.0,8065.0,0.03,5,0.006999999999999999,0.18181818181818182,0.4495844495937746,0.0,0.2541335225947812,5,snmp
1277697,143441797,509716,715293,52688,198744,298072,71612,637299,323754,0.7125974950125333,0.1555486159864193,1.9684667988658056,112.2658948091762,0,0,0,0,0,71560,108,323754,0,0,0,0,0,0,0,0,0,0,0,0,0,0,0.0,0.0,0.0,4.524231414197876,0.0,1.9977885446613457,139130,59611,4,2.3339652077636677,0.10889123164568751,0.04665503636621202,0.056047717103507325,0.0,0.2533887142256732,0.0,0.04123669383273186,0.2332884870200055,0.0,0.0,0.0,0.0,0.0,151808.0,2492.0,5632032256.0,189673.0,1.38,249.0,1184.0,8085.0,0.03,5,0.008,0.18181818181818182,0.44965436676353926,0.0,0.2533887142256732,5,snmp
1266362,132630940,471385,709217,48542,183848,276097,66131,631411,321099,0.6646555285617801,0.14517807704274133,1.966405999395825,104.73382808391281,0,0,0,0,0,66134,108,299776,0,0,0,0,0,0,0,0,0,0,0,0,0,0,0.0,0.0,0.0,4.532857531678108,0.0,1.9999564867393338,128623,55216,4,2.3294516082294985,0.10156890367841107,0.04360206639175844,0.05222124479414259,0.0,0.23672220107678532,0.0,0.038331851397941506,0.21802375624031675,0.0,0.0,0.0,0.0,0.0,149443.0,28.0,5633619968.0,189697.0,1.37,244.0,3040.0,8104.0,0.03,5,0.008,0.18181818181818182,0.44961775458226055,0.0,0.23672220107678532,5,snmp
1182263,132683359,471458,662125,48680,183945,275672,66158,589997,299520,0.7120377572210685,0.15558720859910188,1.969808360042735,112.22829353536396,0,0,0,0,0,66155,108,299520,0,0,0,0,0,0,0,0,0,0,0,0,0,0,0.0,0.0,0.0,4.527548938099917,0.0,1.999989127243865,128814,55136,4,2.336295705165409,0.10895545238242252,0.04663598539411282,0.0559587841284046,0.0,0.253344644973242,0.0,0.04117527149204534,0.23317316028667057,0.0,0.0,0.0,0.0,0.0,170147.0,-803.0,5493767680.0,189906.0,1.47,219.0,4896.0,8132.0,0.03,5,0.008,0.18181818181818182,0.44967201865604567,0.0,0.253344644973242,5,snmp
1248057,141499109,534797,661521,51739,174822,342831,90499,594986,311978,0.8084354087020669,0.14007533309776718,1.9071408881395484,113.37551810534295,0,0,0,0,0,90727,108,311978,0,0,0,0,0,0,0,0,0,0,0,0,0,0,0.0,0.0,0.0,3.4386456071511238,0.0,2.000389042726045,106244,68568,4,1.5494691401236729,0.08512752222053961,0.0549397984226682,0.07251191251681614,0.0,0.2499709548522223,0.0,0.04145563864470934,0.27469178090423757,0.0,0.0,0.0,0.0,0.0,-151941.0,-133.0,5663715328.0,190115.0,0.58,242.0,5600.0,8145.0,0.03,5,0.009000000000000001,0.18181818181818182,0.4425220138540109,0.0,0.2499709548522223,5,snmp
1203941,136702833,520621,632239,51081,165573,338658,90721,569903,299520,0.8234560031886676,0.13752584221319816,1.9027210202991454,113.54612310736157,0,0,0,0,0,90724,108,299520,0,0,0,0,0,0,0,0,0,0,0,0,0,0,0.0,0.0,0.0,3.3014417353732197,0.0,1.9999879208088227,97855,67729,4,1.4448020788731561,0.08127889987964526,0.05625607899390419,0.07535336033908638,0.0,0.248782955310933,0.0,0.0424281588549605,0.2812911928408452,0.0,0.0,0.0,0.0,0.0,-284.0,149159.0,5675225088.0,188619.0,1.37,7200.0,8288.0,8183.0,0.88,5,0.008,0.18181818181818182,0.44100071605156976,0.0,0.248782955310933,5,snmp
1295184,137233684,521550,681795,50955,166619,340957,90937,613075,321643,0.7649660088443007,0.1286450419399869,1.9060728820462438,105.95690187649014,0,0,0,0,0,90938,108,300133,0,0,0,0,0,0,0,0,0,0,0,0,0,0,0.0,0.0,0.0,3.3004134685170117,0.0,1.999987996639059,98424,68204,4,1.443082517154419,0.07599229144276026,0.05265969931685382,0.07021164560402228,0.0,0.23173000901802368,0.0,0.039341900455842564,0.2632498548468789,0.0,0.0,0.0,0.0,0.0,446.0,170593.0,5542370304.0,188832.0,1.49,4158.0,9856.0,8207.0,0.51,5,0.008,0.18181818181818182,0.4410302551532593,0.0,0.23173000901802368,5,snmp
1295620,157403170,597434,682639,57318,190940,390733,103984,614239,321130,0.8751829297769392,0.14737345826708448,1.9127425030361536,121.48868495392168,0,0,0,0,0,104004,108,342936,0,0,0,0,0,0,0,0,0,0,0,0,0,0,0.0,0.0,0.0,3.2973347178954655,0.0,1.9993926637975268,112791,78139,4,1.4434661308693482,0.08705561815964558,0.06031012179497075,0.08025810036893534,0.0,0.26468872045815905,0.0,0.04423982340501073,0.30157993856223275,0.0,0.0,0.0,0.0,0.0,149471.0,149432.0,5726048256.0,188191.0,1.38,2874.0,11648.0,8235.0,0.35,5,0.008,0.18181818181818182,0.44105987429270815,0.0,0.26468872045815905,5,snmp
1202769,136697979,519349,632711,50710,165696,339009,89829,569513,299601,0.8208313116098819,0.1377621139221247,1.9009048701439581,113.65272882822886,0,0,0,0,0,89835,108,299602,0,0,0,0,0,0,0,0,0,0,0,0,0,0,0.0,0.0,0.0,3.3350253242054877,0.0,2.0000482823552135,97890,67805,4,1.4436988422682693,0.08138719903821931,0.05637408346906181,0.07468516398410667,0.0,0.24909354996678498,0.0,0.042161046718031475,0.2818571147078117,0.0,0.0,0.0,0.0,0.0,127960.0,128406.0,5726048256.0,188195.0,1.38,2427.0,13216.0,8252.0,0.29,5,0.008,0.18181818181818182,0.44099586026231796,0.0,0.24909354996678498,5,snmp
1202354,156151644,594953,631167,56688,189081,386725,103414,569257,299675,0.9426237430030404,0.1572590102415761,1.899581212980729,129.87160520113045,0,0,0,0,0,103188,108,342217,0,0,0,0,0,0,0,0,0,0,0,0,0,0,0.0,0.0,0.0,3.3164418343218203,0.0,1.9993549819712173,111730,77335,4,1.444753345833064,0.09292604341150776,0.06431965960108255,0.08600961114613499,0.0,0.284622498864727,0.0,0.04714751229671128,0.32163988309599334,0.0,0.0,0.0,0.0,0.0,149248.0,149381.0,5670177792.0,189479.0,1.37,2090.0,14752.0,8279.0,0.25,5,0.009000000000000001,0.18181818181818182,0.4409965931539931,0.0,0.284622498864727,5,snmp
1379536,176511914,672645,725371,64517,213660,437895,116880,654279,342510,0.9273116791269571,0.15487816193270781,1.9102478759744241,127.95020499646257,0,0,0,0,0,123577,108,407781,0,0,0,0,0,0,0,0,0,0,0,0,0,0,0.0,0.0,0.0,3.299813072011782,0.0,2.003300391921541,126091,87590,4,1.4395593104235644,0.09140102179283469,0.06349236264947054,0.08472413913083819,0.0,0.29559286600712126,0.0,0.04676717389035154,0.31742194476983565,0.0,0.0,0.0,0.0,0.0,171165.0,22173.0,5536411648.0,189488.0,1.48,1631.0,16288.0,8305.0,0.2,5,0.008,0.18181818181818182,0.44021024274923404,0.0,0.29559286600712126,5,snmp
1295271,137254183,522965,680253,51870,166318,340358,90841,612638,323215,0.768780145034274,0.12840401738323487,1.8954503967947032,105.96561105745438,0,0,0,0,0,90839,108,302080,0,0,0,0,0,0,0,0,0,0,0,0,0,0,0.0,0.0,0.0,3.3254439172602077,0.0,1.9999038033740966,98243,68070,4,1.4432642867636256,0.07584744814019614,0.05255270904698708,0.07013281390535263,0.0,0.23321760465570526,0.0,0.04004567383968297,0.262769721548618,0.0,0.0,0.0,0.0,0.0,149080.0,-21513.0,5729224192.0,189704.0,1.36,1413.0,17856.0,8334.0,0.17,5,0.008,0.18181818181818182,0.4409385122173826,0.0,0.23321760465570526,5,snmp
1280464,145227137,554780,671746,53938,175909,360470,96135,604367,320895,0.8258776382739905,0.13737910632395756,1.8833792985244395,113.41758690599657,0,0,0,0,0,96158,108,320895,0,0,0,0,0,0,0,0,0,0,0,0,0,0,0.0,0.0,0.0,3.3371638345223484,0.0,2.000307024027473,103809,72093,4,1.439931754816695,0.0810713928700846,0.05630224668557648,0.0750782528833298,0.0,0.2506083732147097,0.0,0.04212379262517337,0.2815151382623799,0.0,0.0,0.0,0.0,0.0,127339.0,0.0,5708686336.0,189679.0,1.37,1348.0,2464.0,8365.0,0.16,5,0.009000000000000001,0.18181818181818182,0.4408434332989271,0.0,0.2506083732147097,5,snmp
1552216,147749152,560434,817167,53879,179302,367156,97623,735496,385465,0.6858255411684515,0.11551356254541893,1.90807466306928,95.18594834739496,0,0,0,0,0,97634,108,321436,0,0,0,0,0,0,0,0,0,0,0,0,0,0,0.0,0.0,0.0,3.2922547473216297,0.0,2.001361759124902,105877,73425,4,1.4419748042219953,0.06821022331943492,0.04730333922598401,0.06289266442299267,0.0,0.2070820040509826,0.0,0.0347110196003649,0.23653666757719286,0.0,0.0,0.0,0.0,0.0,149428.0,-133.0,5708559360.0,189680.0,1.37,1113.0,3776.0,8394.0,0.13,5,0.008,0.18181818181818182,0.44105599765243875,0.0,0.2070820040509826,5,snmp
1626397,156083749,594998,854457,56858,188894,386670,103176,769395,405712,0.696346334572717,0.11614261462607223,1.8964068107425958,95.96903400584236,0,0,0,0,0,103293,108,341892,0,0,0,0,0,0,0,0,0,0,0,0,0,0,0.0,0.0,0.0,3.309924196218524,0.0,1.99908985077786,111533,77338,4,1.4421500426698388,0.0685767374140508,0.04755173552336853,0.06343838558482338,0.0,0.21021435725717644,0.0,0.03495948406200946,0.2377463804962749,0.0,0.0,0.0,0.0,0.0,149562.0,256.0,5655294464.0,189679.0,1.37,951.0,5344.0,8415.0,0.11,5,0.008,0.18181818181818182,0.44096740486221486,0.0,0.21021435725717644,5,snmp
1201941,136591157,520282,631851,49808,165490,338409,90086,569168,299635,0.8234251429530063,0.1376856268319327,1.8995377709546615,113.64214799228914,0,0,0,0,0,90095,108,299635,0,0,0,0,0,0,0,0,0,0,0,0,0,0,0.0,0.0,0.0,3.32576724568511,0.0,1.9995891834416761,97819,67682,4,1.4452734848260984,0.08138419439889312,0.05631058429656697,0.07495043433912313,0.0,0.2492926025487108,0.0,0.04143963805211737,0.28155208949524146,0.0,0.0,0.0,0.0,0.0,149444.0,-21917.0,5648076288.0,189464.0,1.37,894.0,6912.0,8439.0,0.11,5,0.008,0.18181818181818182,0.44099892231951826,0.0,0.2492926025487108,5,snmp
1382504,137675025,523134,727866,50069,167006,341451,91215,657171,342157,0.7187229517521082,0.12079965048925717,1.9206709200747025,99.58381675568388,0,0,0,0,0,91217,108,299643,0,0,0,0,0,0,0,0,0,0,0,0,0,0,0.0,0.0,0.0,3.2849468849008407,0.0,2.000047903617921,98718,68294,4,1.445485694204469,0.07140521835741524,0.04939877208311875,0.06597810928575976,0.0,0.21673933673971288,0.0,0.03621617007979724,0.2469801172365505,0.0,0.0,0.0,0.0,0.0,149248.0,168.0,5794405888.0,189249.0,1.37,822.0,8640.0,8460.0,0.1,5,0.008,0.18181818181818182,0.4411010716902071,0.0,0.21673933673971288,5,snmp
1719883,175791415,669242,904497,63460,213024,435392,116156,814186,427720,0.7399051627589699,0.12385958812314558,1.9035490507808848,102.21126378945544,0,0,0,0,0,116090,108,384828,0,0,0,0,0,0,0,0,0,0,0,0,0,0,0.0,0.0,0.0,3.314910845034025,0.0,1.9978616847673176,125948,87085,4,1.4462651432508469,0.07323056277665399,0.05063425826059098,0.06753715223651842,0.0,0.2237524296710881,0.0,0.03689785874969402,0.25315210395125715,0.0,0.0,0.0,0.0,0.0,149459.0,-2.0,5619379712.0,189248.0,1.37,804.0,10240.0,8481.0,0.09,5,0.008,0.18181818181818182,0.44104074154326256,0.0,0.2237524296710881,5,snmp
1195383,135307333,516545,626310,52528,164041,335581,89926,563444,299520,0.8247433379636282,0.1372288212229888,1.881156517094017,113.19161557425528,0,0,0,0,0,89927,108,299520,0,0,0,0,0,0,0,0,0,0,0,0,0,0,0.0,0.0,0.0,3.330701569050452,0.0,2.0000853481595278,96915,67113,4,1.4440570381297215,0.08107443388437012,0.056143512163047325,0.07522777218682213,0.0,0.25056404516376757,0.0,0.043942401723966296,0.28073094564670903,0.0,0.0,0.0,0.0,0.0,170554.0,21382.0,5477356032.0,189461.0,1.48,668.0,11776.0,8506.0,0.08,5,0.006999999999999999,0.18181818181818182,0.44088913697825133,0.0,0.25056404516376757,5,snmp
1213745,138059510,523415,639514,50816,167466,342751,91225,576477,299776,0.8184574536288494,0.1379746157553687,1.9230258593082836,113.74671780316294,0,0,0,0,0,91232,108,299776,0,0,0,0,0,0,0,0,0,0,0,0,0,0,0.0,0.0,0.0,3.2858646089091548,0.0,1.9997372946121512,98924,68552,4,1.4430505309837787,0.08150311638770912,0.05647973833053895,0.07515993886689544,0.0,0.2469843336120849,0.0,0.04186711376771892,0.28239127658610336,0.0,0.0,0.0,0.0,0.0,171097.0,21424.0,5501958656.0,189891.0,1.48,719.0,13472.0,8528.0,0.08,5,0.009000000000000001,0.18181818181818182,0.4410876672907099,0.0,0.2469843336120849,5,snmp
1467414,166880685,634897,771400,61117,202102,413011,110218,695623,364559,0.8230451127819549,0.1377266401983353,1.9081218677909475,113.72433750802432,0,0,0,0,0,110208,108,364559,0,0,0,0,0,0,0,0,0,0,0,0,0,0,0.0,0.0,0.0,3.307917755516841,0.0,1.9984178936231225,119494,82596,4,1.4467286551406848,0.08143168867136337,0.05628677387567517,0.07511036421895934,0.0,0.24843636492496324,0.0,0.04164945952539638,0.28145499497755916,0.0,0.0,0.0,0.0,0.0,127942.0,0.0,5826863104.0,189896.0,1.36,605.0,15008.0,8554.0,0.07,5,0.008,0.18181818181818182,0.4410614374786031,0.0,0.24843636492496324,5,snmp
1294649,147155887,562015,679014,53620,177905,363688,97487,612251,323090,0.8276928016211742,0.13741562384862616,1.8949859172366832,113.66469753577996,0,0,0,0,0,97536,108,323090,0,0,0,0,0,0,0,0,0,0,0,0,0,0,0.0,0.0,0.0,3.312520505249344,0.0,1.9972495088408644,105170,72741,4,1.4458146024937792,0.08123437317759485,0.0561858851318002,0.07529994616301407,0.0,0.24955798830416584,0.0,0.041416631071433264,0.28091629468682244,0.0,0.0,0.0,0.0,0.0,171117.0,43544.0,5394576384.0,190121.0,1.59,620.0,16256.0,8579.0,0.07,5,0.008,0.18181818181818182,0.44097503427261897,0.0,0.24955798830416584,5,snmp
1202658,146267054,558258,631605,53094,176932,362262,96762,569315,300032,0.8838720402783385,0.14711746814140014,1.8975142651450512,121.61982375704481,0,0,0,0,0,90279,108,300032,0,0,0,0,0,0,0,0,0,0,0,0,0,0,0.0,0.0,0.0,3.3233863910765518,0.0,2.000248714035385,104475,72445,4,1.4421285112844227,0.08687008276667182,0.060237407475774496,0.08045678821410576,0.0,0.2494740815759759,0.0,0.04414721392116462,0.3012178025673134,0.0,0.0,0.0,0.0,0.0,171118.0,21872.0,5623082496.0,190753.0,1.47,539.0,1952.0,8607.0,0.06,5,0.008,0.18181818181818182,0.44146002245128485,0.0,0.2494740815759759,5,snmp
1551477,205060283,780470,817221,73264,249123,510444,135290,734349,385605,0.955029300519688,0.16057150702201836,1.9044073598630724,132.17101059184247,0,0,0,0,0,122870,108,406991,0,0,0,0,0,0,0,0,0,0,0,0,0,0,0.0,0.0,0.0,3.3123707984048183,0.0,1.9992055276018972,147032,102082,4,1.4403322818910287,0.09476904910610985,0.0657966569920147,0.08720077706598293,0.0,0.26232486849627806,0.0,0.047222098684028185,0.32900519956145013,0.0,0.0,0.0,0.0,0.0,105770.0,-21306.0,5786072064.0,190974.0,1.36,541.0,3712.0,8630.0,0.06,5,0.008,0.18181818181818182,0.4415287081217335,0.0,0.26232486849627806,5,snmp
1461437,155802203,592101,769134,58947,189363,386923,103366,691510,363309,0.7698281443805631,0.12957315299941086,1.903366005246223,106.6089082184179,0,0,0,0,0,96924,108,320849,0,0,0,0,0,0,0,0,0,0,0,0,0,0,0.0,0.0,0.0,3.3103152985844577,0.0,1.9983853606027988,111975,77384,4,1.4470045487439265,0.07661979271087292,0.05295062325642501,0.0707290153458548,0.0,0.21954350409904771,0.0,0.040334957989978354,0.26475516905620977,0.0,0.0,0.0,0.0,0.0,127441.0,-21662.0,5787583488.0,190325.0,1.36,544.0,5440.0,8661.0,0.06,5,0.009000000000000001,0.18181818181818182,0.44154387899910974,0.0,0.21954350409904771,5,snmp
1209051,137468448,523772,635547,49732,166444,340565,91422,573539,299776,0.8241278772459,0.13766499510773325,1.9132252081554226,113.69946180930333,0,0,0,0,0,91418,108,299776,0,0,0,0,0,0,0,0,0,0,0,0,0,0,0.0,0.0,0.0,3.2791791550898073,0.0,1.9998558177536405,98334,68121,4,1.4435196195005946,0.08133155673333879,0.056342536419059244,0.07561467630397725,0.0,0.247943221584532,0.0,0.04113308702445141,0.2816795982965152,0.0,0.0,0.0,0.0,0.0,149359.0,111.0,5784552448.0,189461.0,1.37,477.0,7200.0,8684.0,0.05,5,0.008,0.18181818181818182,0.44103513150617946,0.0,0.247943221584532,5,snmp
1208101,137409075,522551,635504,50046,166425,340563,90857,573015,299776,0.8222623303708553,0.137757521929044,1.9114772363364645,113.73972457600813,0,0,0,0,0,90862,108,299776,0,0,0,0,0,0,0,0,0,0,0,0,0,0,0.0,0.0,0.0,3.299245008914618,0.0,2.000108162676666,98305,68107,4,1.4433905472271573,0.08137150784578441,0.05637525339354905,0.07520646038700407,0.0,0.248138193743735,0.0,0.04142534440415164,0.28189944383789106,0.0,0.0,0.0,0.0,0.0,149369.0,-43543.0,5785261568.0,189035.0,1.37,430.0,9120.0,8710.0,0.05,5,0.006999999999999999,0.18181818181818182,0.4410302173500282,0.0,0.248138193743735,5,snmp
1280840,145589110,556380,671897,52563,176003,359996,95905,604987,321285,0.8280733505284292,0.13741216701539616,1.8830228613225017,113.66689828550014,0,0,0,0,0,95724,108,321285,0,0,0,0,0,0,0,0,0,0,0,0,0,0,0.0,0.0,0.0,3.356368308888053,0.0,1.9982175295186195,104004,71997,4,1.444560190007917,0.0811998376065707,0.05621076793354361,0.07487664345273415,0.0,0.2508392929639924,0.0,0.04103791261984323,0.2810624277817682,0.0,0.0,0.0,0.0,0.0,149285.0,-21870.0,5786010112.0,188821.0,1.37,462.0,10560.0,8742.0,0.05,5,0.008,0.18181818181818182,0.440897096049299,0.0,0.2508392929639924,5,snmp
1205540,146475516,595508,634603,56767,189476,363769,96690,571216,299776,0.9383945553361708,0.15717106027174543,1.9054760888129803,121.50199578612074,0,0,0,0,0,96823,108,320988,0,0,0,0,0,0,0,0,0,0,0,0,0,0,0.0,0.0,0.0,3.315204032099811,0.0,2.0007602796139468,104924,72760,4,1.4420560747663551,0.08703485574929078,0.060354695820959904,0.08020472153557742,0.0,0.26626076281168604,0.0,0.04708844169417854,0.3017477644872837,0.0,0.0,0.0,0.0,0.0,149246.0,-2.0,5945178624.0,188818.0,1.37,419.0,12448.0,8774.0,0.05,5,0.008,0.18181818181818182,0.44377754040607026,0.0,0.26626076281168604,5,snmp
1215466,147830078,521172,641389,52905,167994,367852,97848,576551,299776,0.8125677241112648,0.13821365632605107,1.9232727102903502,121.62419845557177,0,0,0,0,0,97872,108,321452,0,0,0,0,0,0,0,0,0,0,0,0,0,0,0.0,0.0,0.0,3.2844122936079776,0.0,2.0000238106576504,106425,73570,4,1.4465814870191653,0.08755901028905785,0.06052822538845184,0.08050245749366909,0.0,0.26446811346430094,0.0,0.04352651575609684,0.3026427724016961,0.0,0.0,0.0,0.0,0.0,149504.0,-18.0,5940616704.0,188816.0,1.37,425.0,13952.0,8793.0,0.05,5,0.008,0.18181818181818182,0.4379856804267614,0.0,0.26446811346430094,5,snmp
1283726,136072836,554414,675023,54122,176600,337466,89333,606903,320673,0.8213260881481076,0.13756829728462305,1.892591518462733,105.99834855724664,0,0,0,0,0,89328,108,299776,0,0,0,0,0,0,0,0,0,0,0,0,0,0,0.0,0.0,0.0,3.355901844886262,0.0,1.999524461906002,97447,67489,4,1.44389456059506,0.07590950093711586,0.052572745274303084,0.06958883749335917,0.0,0.23352023718457054,0.0,0.042160087121395066,0.2628800850025629,0.0,0.0,0.0,0.0,0.0,149359.0,-111.0,5770625536.0,188817.0,1.37,387.0,15552.0,8818.0,0.04,5,0.008,0.18181818181818182,0.44390839938738436,0.0,0.23352023718457054,5,snmp
1305191,148220557,601346,687412,56485,191449,367283,98044,619028,323858,0.8747970649334024,0.14668274605019496,1.911417967133744,113.56234987829367,0,0,0,0,0,104607,108,345358,0,0,0,0,0,0,0,0,0,0,0,0,0,0,0.0,0.0,0.0,3.301480780444903,0.0,1.998841094174149,106276,73453,4,1.446857173975195,0.08142563042497228,0.0562775869585371,0.07511850755943,0.0,0.26460341819703015,0.0,0.04327719084792954,0.2814017258776685,0.0,0.0,0.0,0.0,0.0,149442.0,-1.0,6024485376.0,188168.0,1.38,394.0,17248.0,8845.0,0.04,5,0.008,0.18181818181818182,0.44300170444929465,0.0,0.26460341819703015,5,snmp
1299743,157783991,597660,685603,57321,191335,390977,103593,617796,321392,0.8717289743481286,0.14720987148997916,1.9222507094140489,121.39629988390013,0,0,0,0,0,103837,108,342536,0,0,0,0,0,0,0,0,0,0,0,0,0,0,0.0,0.0,0.0,3.298785596656298,0.0,1.9998641219139996,113133,78196,4,1.4467875594659574,0.08704259226631726,0.060162662926440076,0.079702679683599,0.0,0.2635413308631014,0.0,0.044101795508804435,0.30081100648358944,0.0,0.0,0.0,0.0,0.0,149366.0,116.0,5762470400.0,187258.0,1.38,350.0,2112.0,8870.0,0.04,5,0.008,0.18181818181818182,0.44114241892898426,0.0,0.2635413308631014,5,snmp
1374797,156236819,594057,723878,56862,189573,387962,102842,650714,342688,0.8206590060756094,0.13789163054618245,1.898852600616304,113.64355537581184,0,0,0,0,0,102931,108,342688,0,0,0,0,0,0,0,0,0,0,0,0,0,0,0.0,0.0,0.0,3.329298267771614,0.0,2.0003059975520197,111985,77590,4,1.4432916612965587,0.08145566218139842,0.05643742312501409,0.0748052257896984,0.0,0.24926443685867805,0.0,0.04136028810071596,0.2821958441864508,0.0,0.0,0.0,0.0,0.0,149550.0,258.0,5576158720.0,186831.0,1.39,377.0,3776.0,8893.0,0.04,5,0.009000000000000001,0.18181818181818182,0.44098971676900367,0.0,0.24926443685867805,5,snmp
1377778,156425469,595531,724459,57986,189790,389066,103340,653048,342615,0.822035477508044,0.13775078423374448,1.9060694949141164,113.53459628474253,0,0,0,0,0,103620,108,343106,0,0,0,0,0,0,0,0,0,0,0,0,0,0,0.0,0.0,0.0,3.3111947500482533,0.0,2.003018405943938,111981,77818,4,1.4390115397465881,0.08127651914894853,0.05648079734180688,0.07500482661212474,0.0,0.24902850822120834,0.0,0.04208660611506353,0.2823865673570053,0.0,0.0,0.0,0.0,0.0,171258.0,21870.0,5438072832.0,186835.0,1.5,327.0,5344.0,8915.0,0.04,5,0.008,0.18181818181818182,0.44093093711701054,0.0,0.24902850822120834,5,snmp
1209140,137389630,558994,636289,54848,178608,340835,90772,573291,299776,0.8785221809586524,0.1477149048083762,1.9123979237830915,113.62590766991416,0,0,0,0,0,90767,108,299776,0,0,0,0,0,0,0,0,0,0,0,0,0,0,0.0,0.0,0.0,3.3026981171571164,0.0,2.001299778141317,98488,68158,4,1.444995451744476,0.08145293348991846,0.05636898952974841,0.07507153844881485,0.0,0.2479249714673239,0.0,0.04536116578725375,0.2818821641828076,0.0,0.0,0.0,0.0,0.0,149347.0,256.0,5621236224.0,186837.0,1.39,307.0,7232.0,8937.0,0.03,5,0.006999999999999999,0.18181818181818182,0.44406100627524026,0.0,0.2479249714673239,5,snmp
1207410,137006494,520032,635634,51745,166464,340492,90650,571700,299776,0.8181311887029328,0.13786866101821255,1.9070906276686592,113.47139248474006,0,0,0,0,0,90640,108,299776,0,0,0,0,0,0,0,0,0,0,0,0,0,0,0.0,0.0,0.0,3.307325684024713,0.0,2.0001201533156308,98380,68110,4,1.444428130964616,0.08148019314068958,0.05641000157361625,0.07507805964833818,0.0,0.24828020307931853,0.0,0.042856196321050845,0.2820019711614116,0.0,0.0,0.0,0.0,0.0,127718.0,87.0,5622710272.0,186621.0,1.39,325.0,8896.0,8962.0,0.04,5,0.008,0.18181818181818182,0.44104787523221256,0.0,0.24828020307931853,5,snmp
1460129,165593748,632456,766858,60199,200497,410257,110171,690545,364046,0.8247367830810919,0.13731457973918743,1.8968619350301885,113.41035483851084,0,0,0,0,0,110289,108,363558,0,0,0,0,0,0,0,0,0,0,0,0,0,0,0.0,0.0,0.0,3.2964121535239235,0.0,2.0010479460257895,118438,82039,4,1.443679225734102,0.08111475081996179,0.056186131499340125,0.07545292231028902,0.0,0.24899032893668985,0.0,0.04122854898437056,0.2809731194983457,0.0,0.0,0.0,0.0,0.0,149248.0,-116.0,5623329280.0,186618.0,1.39,332.0,10496.0,8996.0,0.04,5,0.009000000000000001,0.18181818181818182,0.44096080294884016,0.0,0.24899032893668985,5,snmp
1295570,147486080,561536,681618,52416,178533,365102,97909,614270,321439,0.8238280092368453,0.13780266600801191,1.9110002208817225,113.83875822996828,0,0,0,0,0,97753,108,321439,0,0,0,0,0,0,0,0,0,0,0,0,0,0,0.0,0.0,0.0,3.2882775976184875,0.0,1.9983322326815236,105508,73029,4,1.4447411302359336,0.08143751398998124,0.05636823946216723,0.07557214199155585,0.0,0.24810623895273895,0.0,0.0404578679654515,0.2818080072863682,0.0,0.0,0.0,0.0,0.0,192747.0,43188.0,5378742272.0,187051.0,1.62,280.0,12256.0,9029.0,0.03,5,0.006999999999999999,0.18181818181818182,0.44105738387416493,0.0,0.24810623895273895,5,snmp
1209616,137507653,521773,637666,50177,166997,341616,90899,573678,299776,0.8182543839564913,0.13805786299123027,1.9136888877028182,113.67876499649475,0,0,0,0,0,90897,108,299776,0,0,0,0,0,0,0,0,0,0,0,0,0,0,0.0,0.0,0.0,3.2979746306258733,0.0,1.999796424251859,98684,68331,4,1.4442054118921135,0.08158291556989987,0.056489828176875964,0.07514698879644449,0.0,0.247827409690348,0.0,0.04148175950053571,0.28241689924736446,0.0,0.0,0.0,0.0,0.0,149504.0,-21870.0,5773628928.0,187483.0,1.38,272.0,13984.0,9047.0,0.03,5,0.006999999999999999,0.18181818181818182,0.44107744730506787,0.0,0.247827409690348,5,snmp
1201461,136464461,520931,630112,50418,165043,337499,90396,568565,299776,0.8267276293738256,0.13736858707856517,1.8966328191716482,113.58209796239744,0,0,0,0,0,90388,108,299776,0,0,0,0,0,0,0,0,0,0,0,0,0,0,0.0,0.0,0.0,3.3165464442182593,0.0,1.999963646498552,97542,67503,4,1.4450024443358074,0.08118615585524623,0.056184095863286446,0.07523839725134648,0.0,0.24950955544957348,0.0,0.0419639089408645,0.2809071621966922,0.0,0.0,0.0,0.0,0.0,105888.0,-256.0,5775695360.0,187273.0,1.38,289.0,15264.0,9073.0,0.03,5,0.008,0.18181818181818182,0.4409629465358134,0.0,0.24950955544957348,5,snmp
1306656,167744044,637358,686598,64744,203338,415860,111393,618204,324310,0.9282840905449768,0.15561708667009527,1.9062131910826061,128.37659184972938,0,0,0,0,0,105003,108,345789,0,0,0,0,0,0,0,0,0,0,0,0,0,0,0.0,0.0,0.0,3.2931344818719466,0.0,1.9993313864881075,120165,83165,4,1.4448986953646366,0.09196376092866064,0.06364720324247544,0.08525044081992506,0.0,0.26463659907427817,0.0,0.049549384076604704,0.31826280214532365,0.0,0.0,0.0,0.0,0.0,149433.0,-87.0,5777403392.0,187062.0,1.38,289.0,17024.0,9094.0,0.03,5,0.008,0.18181818181818182,0.44149080367073057,0.0,0.26463659907427817,5,snmp
1205357,136988711,521737,633717,49910,165984,339532,90545,570987,300083,0.8232965187930891,0.13770526076506795,1.9027635687459803,113.64990703998899,0,0,0,0,0,90542,108,300086,0,0,0,0,0,0,0,0,0,0,0,0,0,0,0.0,0.0,0.0,3.314329261558172,0.0,1.999975901582061,98072,67913,4,1.4440828707316713,0.0813634466801122,0.0563426437146837,0.07511882371778651,0.0,0.248960266543439,0.0,0.041406819722289746,0.28168584079239595,0.0,0.0,0.0,0.0,0.0,171788.0,22284.0,5620591616.0,187257.0,1.5,297.0,2240.0,9127.0,0.03,5,0.009000000000000001,0.18181818181818182,0.4410038247876712,0.0,0.248960266543439,5,snmp
1287450,136322263,520564,676541,49475,164957,337663,90230,609268,321633,0.7694493016683394,0.12812691755019612,1.8942956723968,105.88548137791759,0,0,0,0,0,90232,108,299830,0,0,0,0,0,0,0,0,0,0,0,0,0,0,0.0,0.0,0.0,3.3228788013121733,0.0,1.9999636275460717,97429,67534,4,1.442665916427281,0.0756759485805274,0.052455629344828926,0.07008427511748029,0.0,0.23288671404714748,0.0,0.0384286768418191,0.26227270961979104,0.0,0.0,0.0,0.0,0.0,149568.0,-43380.0,5794058752.0,187480.0,1.38,274.0,3968.0,9151.0,0.03,5,0.008,0.18181818181818182,0.44092113852646025,0.0,0.23288671404714748,5,snmp
1389163,138347016,523993,733523,50061,168143,343790,91539,659824,343048,0.7143511519066205,0.1210390717288036,1.9234159651127538,99.59019639883873,0,0,0,0,0,91533,108,299641,0,0,0,0,0,0,0,0,0,0,0,0,0,0,0.0,0.0,0.0,3.273584390329171,0.0,2.0000356845485903,99380,68760,4,1.4453170447934847,0.07153948096803615,0.04949743118698094,0.06589507494800827,0.0,0.21569894965529604,0.0,0.0360368077756174,0.2474799573556163,0.0,0.0,0.0,0.0,0.0,127220.0,0.0,5948384256.0,187481.0,1.38,268.0,5632.0,9177.0,0.03,5,0.008,0.18181818181818182,0.44116621949924556,0.0,0.21569894965529604,5,snmp
1211832,137822024,523602,638288,49942,167174,341937,91375,575357,299776,0.8203224876544757,0.1379514652196014,1.9192897363364645,113.73030585097604,0,0,0,0,0,91373,108,299776,0,0,0,0,0,0,0,0,0,0,0,0,0,0,0.0,0.0,0.0,3.280794107668567,0.0,2.000047855476461,98787,68380,4,1.4446768060836501,0.08151872536787277,0.056426963473484776,0.07540236600452868,0.0,0.24737422348972465,0.0,0.041211983179186555,0.28216534965242707,0.0,0.0,0.0,0.0,0.0,149248.0,0.0,5776896000.0,187482.0,1.38,261.0,7520.0,9200.0,0.03,5,0.008,0.18181818181818182,0.4410923118353216,0.0,0.24737422348972465,5,snmp
1199250,145816517,555345,629891,54217,176749,361577,96200,566864,299776,0.8816525398838847,0.1473829476756306,1.890958582408198,121.58975776526997,0,0,0,0,0,96212,108,320810,0,0,0,0,0,0,0,0,0,0,0,0,0,0,0.0,0.0,0.0,3.334407350434457,0.0,2.0014154361808134,104439,72322,4,1.4440834047730982,0.08708692933083177,0.06030602459870753,0.08021680216802168,0.0,0.26750885970398164,0.0,0.045209089013967065,0.3015026057952887,0.0,0.0,0.0,0.0,0.0,149304.0,56.0,5775416320.0,187484.0,1.38,234.0,8768.0,9229.0,0.03,5,0.008,0.18181818181818182,0.4409579428521754,0.0,0.26750885970398164,5,snmp
1200718,136150384,519159,630055,51506,165006,337641,90550,567337,299520,0.8239899691296791,0.1374227753727353,1.8941539797008546,113.39080783331306,0,0,0,0,0,90550,108,299520,0,0,0,0,0,0,0,0,0,0,0,0,0,0,0.0,0.0,0.0,3.3077857537272224,0.0,2.000121215059759,97466,67519,4,1.4435344125357308,0.08117309809630571,0.05623218774100163,0.07541321109536128,0.0,0.24945074530405975,0.0,0.04289600055966513,0.2811992491159456,0.0,0.0,0.0,0.0,0.0,149268.0,-22284.0,5773126656.0,187484.0,1.38,256.0,10528.0,9259.0,0.03,5,0.009000000000000001,0.18181818181818182,0.4409483728111842,0.0,0.24945074530405975,5,snmp
1205263,136940643,521121,634051,50091,166088,339501,90556,571033,299776,0.8218912989649098,0.13780228879505968,1.9048656330059779,113.6188889893741,0,0,0,0,0,90557,108,299776,0,0,0,0,0,0,0,0,0,0,0,0,0,0,0.0,0.0,0.0,3.310357012710227,0.0,1.9999518339233677,98188,67902,4,1.4460251538982651,0.08146603687327994,0.056337911310643404,0.07513380896949462,0.0,0.2487224779985779,0.0,0.041560223785182156,0.2816820893033305,0.0,0.0,0.0,0.0,0.0,149336.0,-64.0,6026262016.0,187268.0,1.38,237.0,12096.0,9284.0,0.03,5,0.008,0.18181818181818182,0.44104620105257425,0.0,0.2487224779985779,5,snmp
1199287,136285831,521229,629202,48856,164806,336892,90290,567735,299677,0.8283969218152517,0.1374199837069859,1.894489733946883,113.63904636671623,0,0,0,0,0,90290,108,299677,0,0,0,0,0,0,0,0,0,0,0,0,0,0,0.0,0.0,0.0,3.319049728652121,0.0,1.9999271897677353,97436,67383,4,1.4460027009779914,0.08124493970167275,0.056185883779278856,0.07528639933560524,0.0,0.24987930328603578,0.0,0.04073753822062609,0.2809102408347627,0.0,0.0,0.0,0.0,0.0,149133.0,-115.0,5621641728.0,187049.0,1.38,277.0,13856.0,9313.0,0.03,5,0.01,0.18181818181818182,0.44096246585587107,0.0,0.24987930328603578,5,snmp
1255905,142759862,542419,660544,52945,172963,353601,94373,595493,311477,0.8211701264412363,0.13771981160995458,1.9118361869415719,113.67090822952373,0,0,0,0,0,100915,108,333031,0,0,0,0,0,0,0,0,0,0,0,0,0,0,0.0,0.0,0.0,3.3001139572907894,0.0,2.0005436165537023,102243,70719,4,1.4457642217791542,0.08140982001027147,0.056309195361114096,0.07514342247224114,0.0,0.26517212687265357,0.0,0.04215685103570732,0.2815507542369845,0.0,0.0,0.0,0.0,0.0,-149248.0,20.0,5620810240.0,187048.0,0.59,242.0,14752.0,9325.0,0.03,5,0.009000000000000001,0.18181818181818182,0.44013553265705024,0.0,0.26517212687265357,5,snmp
1378509,146900081,558720,725007,53064,178080,364052,97318,653529,342563,0.770640835191936,0.12918305212370756,1.9077629516322545,106.56447001796869,0,0,0,0,0,97263,108,320581,0,0,0,0,0,0,0,0,0,0,0,0,0,0,0.0,0.0,0.0,3.2960221255770437,0.0,1.9986307673314554,105265,72807,4,1.445808782122598,0.07636148911613926,0.0528157596359545,0.07059656483925748,0.0,0.23255633441638757,0.0,0.03849376391449022,0.26409113034445186,0.0,0.0,0.0,0.0,0.0,-177.0,149159.0,5596339200.0,185558.0,1.4,7201.0,17056.0,9364.0,0.77,5,0.008,0.18181818181818182,0.4410704156347619,0.0,0.23255633441638757,5,snmp
1211904,137703199,525166,636210,50528,166619,340910,90890,573470,302592,0.825460146806872,0.13748531236797634,1.8951922060067683,113.62550086475497,0,0,0,0,0,90894,108,302592,0,0,0,0,0,0,0,0,0,0,0,0,0,0,0.0,0.0,0.0,3.329064624727705,0.0,1.9999639903494137,98436,68181,4,1.4437453249438994,0.08122425538656527,0.056259406685678075,0.0749976895859738,0.0,0.24968314321926488,0.0,0.04169307139839459,0.28130115916772286,0.0,0.0,0.0,0.0,0.0,24149.0,173282.0,5466267648.0,185745.0,1.52,4263.0,1152.0,9383.0,0.45,5,0.008,0.18181818181818182,0.4409461239722513,0.0,0.24968314321926488,5,snmp
1199569,136084967,518059,630033,51477,164993,337627,89789,566709,299776,0.8222728015834091,0.1375435677314102,1.890441529675491,113.44488478778628,0,0,0,0,0,89782,108,299776,0,0,0,0,0,0,0,0,0,0,0,0,0,0,0.0,0.0,0.0,3.338932079926934,0.0,2.000036365840354,97463,67524,4,1.4433830934186362,0.08124834836512114,0.05629021756981049,0.07485105066903196,0.0,0.24990309019322773,0.0,0.0429129128878789,0.2814569232782774,0.0,0.0,0.0,0.0,0.0,149220.0,149148.0,5615737344.0,185984.0,1.39,2951.0,3104.0,9406.0,0.31,5,0.008,0.18181818181818182,0.44093658135318703,0.0,0.24990309019322773,5,snmp
1385063,167146988,633478,729542,62839,203001,414739,110490,656328,342738,0.8683228655786781,0.14656445230289164,1.9149554470178387,120.67825651251965,0,0,0,0,0,110589,108,364412,0,0,0,0,0,0,0,0,0,0,0,0,0,0,0.0,0.0,0.0,3.295192107714149,0.0,1.9990251107828656,120052,82955,4,1.4471942619492495,0.08667620173233997,0.05989258250346735,0.07977254464237367,0.0,0.26310138961188045,0.0,0.045369055414807846,0.29943692091984264,0.0,0.0,0.0,0.0,0.0,127845.0,149441.0,5614430208.0,185566.0,1.4,2226.0,4800.0,9433.0,0.24,5,0.008,0.18181818181818182,0.4411212491406785,0.0,0.26310138961188045,5,snmp
1377350,166368390,633001,724762,60383,201720,412499,109967,652669,342196,0.8733915409472351,0.14645514938105783,1.9072958187705291,120.78875376629034,0,0,0,0,0,109872,108,363870,0,0,0,0,0,0,0,0,0,0,0,0,0,0,0.0,0.0,0.0,3.311762778505898,0.0,1.9997026022304834,119224,82500,4,1.445139393939394,0.08656042400261371,0.05989762950593531,0.07983954695611137,0.0,0.2641812175554507,0.0,0.043839982575235054,0.2994874214978038,0.0,0.0,0.0,0.0,0.0,171383.0,171127.0,5485675008.0,187281.0,1.5,1980.0,6464.0,9458.0,0.21,5,0.008,0.18181818181818182,0.4410392066853813,0.0,0.2641812175554507,5,snmp
1202358,136710997,520608,632434,49316,165681,338506,90119,569629,299702,0.8231815493790656,0.1377967294266766,1.900651313638214,113.70240560631692,0,0,0,0,0,90130,108,299702,0,0,0,0,0,0,0,0,0,0,0,0,0,0,0.0,0.0,0.0,3.325219127926329,0.0,1.9999637864851163,97982,67701,4,1.4472755203025065,0.08149153579882198,0.05630685702594402,0.0749518862102635,0.0,0.24926186709781945,0.0,0.0410160700889419,0.2815351168287648,0.0,0.0,0.0,0.0,0.0,170741.0,21670.0,5548908544.0,187503.0,1.5,1629.0,8032.0,9478.0,0.17,5,0.008,0.18181818181818182,0.4410385150574967,0.0,0.24926186709781945,5,snmp
1386732,147792506,522965,730839,50124,167156,367605,97517,658825,342782,0.7155679978764132,0.12053951304217397,1.92199415371869,106.57611276007188,0,0,0,0,0,97573,108,321043,0,0,0,0,0,0,0,0,0,0,0,0,0,0,0.0,0.0,0.0,3.2902852223463457,0.0,1.9999521416606845,105791,73521,4,1.438922212701133,0.07628799220036749,0.05301745398534108,0.07032144639339108,0.0,0.2315104865251541,0.0,0.03614541237960904,0.2650872699267054,0.0,0.0,0.0,0.0,0.0,170402.0,18999.0,5505084928.0,187935.0,1.61,1411.0,9504.0,9502.0,0.15,5,0.008,0.18181818181818182,0.4377868226072503,0.0,0.2315104865251541,5,snmp
1285023,136092905,519446,675132,49773,164780,337181,89931,607279,321243,0.7693991693476239,0.1282311678468012,1.8904038375933483,105.90697987506839,0,0,0,0,0,89949,108,299776,0,0,0,0,0,0,0,0,0,0,0,0,0,0,0.0,0.0,0.0,3.3327329931405574,0.0,2.0000242750852664,97350,67442,4,1.4434625307671778,0.07575739889480577,0.05248310730625055,0.0699839613765668,0.0,0.23328454043235025,0.0,0.038733158861748,0.26239296884180285,0.0,0.0,0.0,0.0,0.0,127798.0,100.0,5910773760.0,188363.0,1.38,1314.0,11264.0,9530.0,0.14,5,0.009000000000000001,0.18181818181818182,0.44092286242911405,0.0,0.23328454043235025,5,snmp
1375221,155890018,592741,722967,59150,189240,386878,103259,649905,342404,0.8198728296035642,0.13760697371549738,1.8980648590553848,113.35633909022623,0,0,0,0,0,96720,108,320905,0,0,0,0,0,0,0,0,0,0,0,0,0,0,0.0,0.0,0.0,3.3178763440860215,0.0,2.0,111854,77372,4,1.4456650984852402,0.08133529083689095,0.05626150269665748,0.07508538627609672,0.0,0.23334794916598858,0.0,0.04301126873426162,0.28132060228865036,0.0,0.0,0.0,0.0,0.0,106298.0,42.0,5911168000.0,188362.0,1.38,1082.0,12832.0,9553.0,0.11,5,0.008,0.18181818181818182,0.44151921475866884,0.0,0.23334794916598858,5,snmp
1212673,137826006,521875,639801,50997,167511,343136,90958,575437,299776,0.8156833140304564,0.1381336930895633,1.919556602263023,113.65471648168962,0,0,0,0,0,90957,108,299776,0,0,0,0,0,0,0,0,0,0,0,0,0,0,0.0,0.0,0.0,3.295799113866992,0.0,1.9999164268914384,98890,68633,4,1.4408520682470531,0.08154712770878876,0.05659646087609768,0.07500620530019222,0.0,0.24720266716583944,0.0,0.04205338124952069,0.2829583902667908,0.0,0.0,0.0,0.0,0.0,149760.0,-21623.0,5911392768.0,188143.0,1.38,1035.0,14400.0,9581.0,0.11,5,0.008,0.18181818181818182,0.4410604600513359,0.0,0.24720266716583944,5,snmp
1377874,156611139,596816,724371,56687,189685,388197,103662,652652,343141,0.8239092950987823,0.1376649824294529,1.9019936410979743,113.66143711253714,0,0,0,0,0,103771,108,343141,0,0,0,0,0,0,0,0,0,0,0,0,0,0,0.0,0.0,0.0,3.3067138217806518,0.0,2.0009388383721176,112049,77648,4,1.443037811662889,0.08132020779839086,0.056353483700251256,0.0752332941909057,0.0,0.24903655922094473,0.0,0.04114091709401586,0.2817362110033283,0.0,0.0,0.0,0.0,0.0,149298.0,-21493.0,5807314432.0,187928.0,1.38,919.0,16224.0,9610.0,0.1,5,0.008,0.18181818181818182,0.4409812819820569,0.0,0.24903655922094473,5,snmp
1469792,167410758,637831,771714,60671,202534,414644,110599,696170,366663,0.8265121534661805,0.1377977292024994,1.8986644411898665,113.90098598985435,0,0,0,0,0,110509,108,366713,0,0,0,0,0,0,0,0,0,0,0,0,0,0,0.0,0.0,0.0,3.3183994063831905,0.0,2.000691480954639,119596,82921,4,1.442288443217038,0.08136933661361608,0.05641682632644619,0.0752480623108576,0.0,0.24949992924168862,0.0,0.0412786299013738,0.2821106659989985,0.0,0.0,0.0,0.0,0.0,151808.0,-40473.0,5967667200.0,187930.0,1.39,821.0,1152.0,9631.0,0.09,5,0.008,0.18181818181818182,0.44095912355651085,0.0,0.24949992924168862,5,snmp
1290515,166486021,633294,679551,59736,201977,413362,110041,611292,320780,0.9319300538149454,0.15650883561988818,1.9056424964149885,129.00742804229318,0,0,0,0,0,109942,108,364053,0,0,0,0,0,0,0,0,0,0,0,0,0,0,0.0,0.0,0.0,3.3113186953120737,0.0,2.0006042116523703,119304,82668,4,1.4431702714472348,0.0924468138688818,0.0640581473287796,0.08526905925153912,0.0,0.28209900698558327,0.0,0.046288497227850896,0.32030778410169586,0.0,0.0,0.0,0.0,0.0,149422.0,0.0,5796661760.0,187957.0,1.38,782.0,2848.0,9657.0,0.08,5,0.008,0.18181818181818182,0.44101941315344734,0.0,0.28209900698558327,5,snmp
1465317,156684096,594634,771714,58508,190082,388855,103516,694611,363477,0.7705367532531482,0.12972073619564914,1.9110177535304846,106.9284639432969,0,0,0,0,0,96937,108,321055,0,0,0,0,0,0,0,0,0,0,0,0,0,0,0.0,0.0,0.0,3.3119964513034237,0.0,2.000778914572018,112314,77772,4,1.4441444221570745,0.07664826109299216,0.053075204887406614,0.07064409953614133,0.0,0.21910276069956194,0.0,0.03992856153310171,0.26537261220609604,0.0,0.0,0.0,0.0,0.0,192176.0,42845.0,5526893056.0,188387.0,1.6,728.0,4800.0,9680.0,0.08,5,0.008,0.18181818181818182,0.4415107020840564,0.0,0.21910276069956194,5,snmp
1291963,136971132,557586,678711,55666,177776,339760,90862,611657,320653,0.8215367070815118,0.13760146381901028,1.9075355602473703,106.01784416426786,0,0,0,0,0,90862,108,299520,0,0,0,0,0,0,0,0,0,0,0,0,0,0,0.0,0.0,0.0,3.296427549470626,0.0,1.9991678380657858,98089,67948,4,1.4435892152822747,0.07592245288758269,0.05259283741097849,0.07032863944246082,0.0,0.2318332645749143,0.0,0.043086373216570446,0.2629796673743753,0.0,0.0,0.0,0.0,0.0,192428.0,42924.0,5769088512.0,189248.0,1.6,738.0,6432.0,9701.0,0.08,5,0.009000000000000001,0.18181818181818182,0.44397676125321384,0.0,0.2318332645749143,5,snmp
1206452,137206352,521520,634614,50318,166202,340021,90576,572077,299520,0.8217908839073831,0.1377609718413994,1.9099793002136751,113.72715367043197,0,0,0,0,0,90575,108,299520,0,0,0,0,0,0,0,0,0,0,0,0,0,0,0.0,0.0,0.0,3.306872757383384,0.0,1.9998556078308687,98199,68009,4,1.4439118351982825,0.08139486693212826,0.05637107816970754,0.07507633954769855,0.0,0.24826516098444032,0.0,0.04170741977302039,0.2818354978067921,0.0,0.0,0.0,0.0,0.0,106070.0,-250.0,6136881664.0,189677.0,1.36,675.0,8032.0,9727.0,0.07,5,0.009000000000000001,0.18181818181818182,0.44103375224009345,0.0,0.24826516098444032,5,snmp
1290164,156075594,593892,678792,57688,189328,387274,103446,611142,320623,0.874924866527596,0.1467472352352104,1.906107796383915,120.97345298737214,0,0,0,0,0,103368,108,341721,0,0,0,0,0,0,0,0,0,0,0,0,0,0,0.0,0.0,0.0,3.3058683538425817,0.0,2.0004860472733803,111872,77460,4,1.4442550994061452,0.08671145683804539,0.06003887877820184,0.0801805041839642,0.0,0.2648663270715971,0.0,0.04471369531315399,0.3001742414142698,0.0,0.0,0.0,0.0,0.0,106068.0,-2560.0,6260896768.0,189677.0,1.37,654.0,9952.0,9753.0,0.07,5,0.009000000000000001,0.18181818181818182,0.4410226347804948,0.0,0.2648663270715971,5,snmp
1374905,175363943,667493,722542,64609,212409,434535,115991,650752,343011,0.9238120413761415,0.15448994657812723,1.8971753092466421,127.54622537557141,0,0,0,0,0,115677,108,384154,0,0,0,0,0,0,0,0,0,0,0,0,0,0,0.0,0.0,0.0,3.3209194567632285,0.0,2.000480320967423,125504,86904,4,1.4441682776396945,0.09128194311606984,0.0632072761390787,0.08436291961990101,0.0,0.2794040315512708,0.0,0.04699161032944094,0.3160472905400737,0.0,0.0,0.0,0.0,0.0,171185.0,21681.0,5728827392.0,189680.0,1.48,539.0,11488.0,9781.0,0.06,5,0.008,0.18181818181818182,0.4409970681821434,0.0,0.2794040315512708,5,snmp
1380562,157464680,598823,725350,57246,190676,390111,104183,654034,342914,0.8255642103811953,0.13811476775400164,1.907282875589798,114.05839071334718,0,0,0,0,0,104173,108,343185,0,0,0,0,0,0,0,0,0,0,0,0,0,0,0.0,0.0,0.0,3.294375701957321,0.0,1.9998321901285843,112651,78019,4,1.443891872492598,0.08159792895936582,0.05651249273846448,0.07546419501623251,0.0,0.2485835478594949,0.0,0.041465721930634046,0.2825740531754459,0.0,0.0,0.0,0.0,0.0,149504.0,-42672.0,5891264000.0,189467.0,1.37,511.0,13440.0,9804.0,0.05,5,0.008,0.18181818181818182,0.44104539638577966,0.0,0.2485835478594949,5,snmp
1207567,137137791,521123,635287,51157,166366,340491,90899,571935,299776,0.8202953940502482,0.13776958131515685,1.9078745463279247,113.56536821559384,0,0,0,0,0,90876,108,299776,0,0,0,0,0,0,0,0,0,0,0,0,0,0,0.0,0.0,0.0,3.2987367401734233,0.0,1.9999759569147912,98263,68097,4,1.4429857409283815,0.08137271058251841,0.056391902064233286,0.07527449822659943,0.0,0.2482479233036345,0.0,0.04236369493369726,0.2819644789895716,0.0,0.0,0.0,0.0,0.0,127569.0,-43187.0,5894219776.0,189251.0,1.37,515.0,14752.0,9829.0,0.05,5,0.008,0.18181818181818182,0.44102158603752906,0.0,0.2482479233036345,5,snmp
1289230,175875228,668849,678156,65846,213472,436762,116437,609564,321017,0.9862760190870538,0.1655810057165905,1.8988527087350515,136.4188143310348,0,0,0,0,0,116528,108,385751,0,0,0,0,0,0,0,0,0,0,0,0,0,0,0.0,0.0,0.0,3.310371756144446,0.0,2.0019694085209743,126112,87348,4,1.4437880661262994,0.09781962877066155,0.06775206906448035,0.09031514935271441,0.0,0.29921038139044237,0.0,0.05107389682213414,0.3387774097717242,0.0,0.0,0.0,0.0,0.0,149248.0,250.0,5891052544.0,188816.0,1.37,477.0,16512.0,9860.0,0.05,5,0.008,0.18181818181818182,0.4410021385455842,0.0,0.29921038139044237,5,snmp
1389227,157860501,599180,732110,57938,191687,392137,104037,659515,344870,0.8184289246151535,0.137981049893214,1.9123582799315684,113.63189817070932,0,0,0,0,0,103958,108,344870,0,0,0,0,0,0,0,0,0,0,0,0,0,0,0.0,0.0,0.0,3.317397410492699,0.0,2.002371252480936,113258,78434,4,1.4439911262972691,0.08152591333165854,0.05645873568538475,0.07488840916567271,0.0,0.24824596700179308,0.0,0.0417052072843387,0.2822699242096504,0.0,0.0,0.0,0.0,0.0,152024.0,2560.0,5891056640.0,188162.0,1.39,469.0,1152.0,9882.0,0.05,5,0.008,0.18181818181818182,0.441053174642948,0.0,0.24824596700179308,5,snmp
1384119,137527083,523586,727352,50219,166405,340307,91123,656185,343511,0.719852286100815,0.12022448936832743,1.9102299489681553,99.36073632397215,0,0,0,0,0,91126,108,299761,0,0,0,0,0,0,0,0,0,0,0,0,0,0,0.0,0.0,0.0,3.2895222000307265,0.0,1.9999639440411519,98336,68055,4,1.4449489383586804,0.07104591440475855,0.04916846022632447,0.0658346572801905,0.0,0.21657169650875394,0.0,0.03628228497694201,0.24586542053103816,0.0,0.0,0.0,0.0,0.0,149248.0,-21681.0,5891052544.0,187969.0,1.38,412.0,2880.0,9911.0,0.04,5,0.006999999999999999,0.18181818181818182,0.4410511591479224,0.0,0.21657169650875394,5,snmp
1199074,136221038,519785,629644,49645,164912,337186,89984,567414,299520,0.8255220410263577,0.13753279614102215,1.8944110576923077,113.60519701035966,0,0,0,0,0,89976,108,299520,0,0,0,0,0,0,0,0,0,0,0,0,0,0,0.0,0.0,0.0,3.32888770338757,0.0,1.9998544784264267,97481,67436,4,1.4455335429147635,0.08129690077509812,0.05624006525035152,0.0750445760645298,0.0,0.2497927567439541,0.0,0.04140278248048077,0.2812053301130706,0.0,0.0,0.0,0.0,0.0,192553.0,43049.0,5889451520.0,188403.0,1.6,455.0,4672.0,9945.0,0.05,5,0.009000000000000001,0.18181818181818182,0.4409681242806566,0.0,0.2497927567439541,5,snmp
1212223,137887421,524171,637908,50145,167089,341612,91731,575606,299624,0.821703129604896,0.13783685015050862,1.921094438362748,113.74757037277794,0,0,0,0,0,91732,108,299624,0,0,0,0,0,0,0,0,0,0,0,0,0,0,0.0,0.0,0.0,3.266297475254001,0.0,2.000227449572036,98758,68317,4,1.445584554356895,0.08146850868198344,0.05635679243835499,0.07567172046727376,0.0,0.24716904397953182,0.0,0.04136615127744648,0.2818062353213889,0.0,0.0,0.0,0.0,0.0,149081.0,-160.0,6167111680.0,188834.0,1.37,402.0,6304.0,9965.0,0.04,5,0.008,0.18181818181818182,0.44110762269116915,0.0,0.24716904397953182,5,snmp
1289488,146571376,557602,677849,54037,177561,362919,96888,611284,320475,0.8226050344545761,0.13769883860881219,1.9074311568765114,113.66633578598638,0,0,0,0,0,96827,108,320475,0,0,0,0,0,0,0,0,0,0,0,0,0,0,0.0,0.0,0.0,3.3097689693990313,0.0,1.9996283658231697,104978,72580,4,1.4463764122347753,0.08141060638020672,0.056285905723822166,0.07513679848125768,0.0,0.24852887347536387,0.0,0.04190577965828298,0.281444263149405,0.0,0.0,0.0,0.0,0.0,105943.0,0.0,5781552640.0,188831.0,1.37,376.0,7776.0,9991.0,0.04,5,0.008,0.18181818181818182,0.4410496895033386,0.0,0.24852887347536387,5,snmp
1363515,154029119,588453,714931,58962,186726,382094,101925,642537,342420,0.8230906199339517,0.1369445880683381,1.876458734886981,112.96474112862711,0,0,0,0,0,101900,108,342041,0,0,0,0,0,0,0,0,0,0,0,0,0,0,0.0,0.0,0.0,3.3566339548577036,0.0,2.000921560222889,110304,76421,4,1.4433728948849138,0.08089679981518355,0.05604705485454872,0.07475165289710785,0.0,0.2508523925296018,0.0,0.04324264859572502,0.2802272068880797,0.0,0.0,0.0,0.0,0.0,149504.0,-2560.0,5783256064.0,188834.0,1.37,384.0,9632.0,10006.0,0.04,5,0.008,0.18181818181818182,0.44084126066592505,0.0,0.2508523925296018,5,snmp
1199975,136324854,520049,629950,49979,164999,337344,89975,567671,299879,0.8255401222319232,0.13750203129231858,1.893000176737951,113.60641180024584,0,0,0,0,0,89973,108,299882,0,0,0,0,0,0,0,0,0,0,0,0,0,0,0.0,0.0,0.0,3.3330221288608803,0.0,2.0000121213590467,97530,67465,4,1.445638479211443,0.081276693264443,0.056222004625096356,0.07498072876518261,0.0,0.2499068730598554,0.0,0.04165003437571616,0.28112585678868307,0.0,0.0,0.0,0.0,0.0,149274.0,26.0,5936488448.0,188833.0,1.37,329.0,11200.0,10030.0,0.03,5,0.006999999999999999,0.18181818181818182,0.4409623421279804,0.0,0.2499068730598554,5,snmp
1382708,157399060,598061,726870,57800,190529,389800,104269,656797,342096,0.8227894946826806,0.13779409680134924,1.9199201393760816,113.83391142598437,0,0,0,0,0,104556,108,342356,0,0,0,0,0,0,0,0,0,0,0,0,0,0,0.0,0.0,0.0,3.2743792800030604,0.0,2.0005354949127985,112573,77972,4,1.4437618632329554,0.08141487573659804,0.056390792560685264,0.07540926934681798,0.0,0.24759819137518552,0.0,0.04180202906181204,0.28191056969367356,0.0,0.0,0.0,0.0,0.0,170473.0,-22080.0,5615759872.0,189047.0,1.48,378.0,12576.0,10054.0,0.04,5,0.009000000000000001,0.18181818181818182,0.44106330696366486,0.0,0.24759819137518552,5,snmp
1298695,147758256,560217,684227,54251,179259,366546,97503,617018,320870,0.8187589791107337,0.13803009944598232,1.9229532209305948,113.7744089258833,0,0,0,0,0,97611,108,320870,0,0,0,0,0,0,0,0,0,0,0,0,0,0,0.0,0.0,0.0,3.2872319718064564,0.0,1.9997657295850066,105943,73299,4,1.4453539611727309,0.08157650564605239,0.056440503736443125,0.07507767412671952,0.0,0.24707109829482674,0.0,0.041773472601342114,0.28224178887267604,0.0,0.0,0.0,0.0,0.0,149475.0,164.0,5780414976.0,189259.0,1.37,356.0,14144.0,10078.0,0.04,5,0.008,0.18181818181818182,0.44112061747831804,0.0,0.24707109829482674,5,snmp
1199872,136393071,521077,629151,49644,164793,336940,90229,567884,299776,0.8282224775928195,0.1373421498293151,1.894361122971819,113.67301762187967,0,0,0,0,0,90224,108,299776,0,0,0,0,0,0,0,0,0,0,0,0,0,0,0.0,0.0,0.0,3.322574924632027,0.0,1.9999150485436894,97403,67395,4,1.4452555827583649,0.08117782563473437,0.05616849130573928,0.07519885454448474,0.0,0.2498399829315127,0.0,0.04137441327074888,0.28081328675058675,0.0,0.0,0.0,0.0,0.0,149621.0,21598.0,5627282944.0,189476.0,1.48,363.0,15776.0,10109.0,0.04,5,0.009000000000000001,0.18181818181818182,0.4409503506819514,0.0,0.2498399829315127,5,snmp
1227463,139530866,530352,645711,51400,169095,346095,92302,581631,304839,0.8213457723346822,0.13775975324714473,1.907994055878677,113.67419303066569,0,0,0,0,0,92304,108,304839,0,0,0,0,0,0,0,0,0,0,0,0,0,0,0.0,0.0,0.0,3.3025546021840873,0.0,2.0001537715428017,99872,69209,4,1.4430493143955265,0.08136457066322977,0.05638377694480404,0.0751973786582569,0.0,0.2483488300665682,0.0,0.04187498930721333,0.2819596191494163,0.0,0.0,0.0,0.0,0.0,154115.0,4864.0,5796274688.0,189691.0,1.39,370.0,1312.0,10132.0,0.04,5,0.009000000000000001,0.18181818181818182,0.44101470707204726,0.0,0.2483488300665682,5,snmp
1467449,146523110,593970,771476,61086,189801,364510,97167,693402,364641,0.7699137756715698,0.12934078117876668,1.9016018494903206,99.84886016481663,0,0,0,0,0,97274,108,321566,0,0,0,0,0,0,0,0,0,0,0,0,0,0,0.0,0.0,0.0,3.305775438452207,0.0,2.000917170055979,105065,72901,4,1.4412010809179572,0.07159703676243603,0.04967872818748727,0.06621490763903891,0.0,0.21913265810259847,0.0,0.04162734105239773,0.2483970482108748,0.0,0.0,0.0,0.0,0.0,127650.0,-26.0,5812306432.0,189737.0,1.37,289.0,2880.0,10149.0,0.03,5,0.006999999999999999,0.18181818181818182,0.4437662865399516,0.0,0.21913265810259847,5,snmp
1199165,136274754,520411,629277,49477,164858,336798,89960,567764,299576,0.8269982853338037,0.1374773279740486,1.8952252516890538,113.64137045360731,0,0,0,0,0,89956,108,299577,0,0,0,0,0,0,0,0,0,0,0,0,0,0,0.0,0.0,0.0,3.3302614611587886,0.0,2.0,97500,67364,4,1.4473606080399026,0.0813065758256787,0.05617575562995918,0.07501886729515955,0.0,0.24982133401158305,0.0,0.04125954309873954,0.2808604320506352,0.0,0.0,0.0,0.0,0.0,149483.0,-21246.0,6075377152.0,189518.0,1.37,306.0,4704.0,10173.0,0.03,5,0.008,0.18181818181818182,0.4409898145359261,0.0,0.24982133401158305,5,snmp
1381733,157196212,597431,726924,57378,190412,389011,103756,655075,342800,0.8218617076888368,0.13780665294959302,1.9109539089848309,113.76742974221503,0,0,0,0,0,97457,108,321262,0,0,0,0,0,0,0,0,0,0,0,0,0,0,0.0,0.0,0.0,3.2964486901915717,0.0,1.9989292125513085,112609,77804,4,1.4473420389697187,0.08149837920929731,0.0563089974691203,0.07509120792512013,0.0,0.2325065696484053,0.0,0.041526112497855955,0.28153847378618013,0.0,0.0,0.0,0.0,0.0,149248.0,3.0,5680370176.0,189299.0,1.37,314.0,6656.0,10200.0,0.03,5,0.009000000000000001,0.18181818181818182,0.44156793787569926,0.0,0.2325065696484053,5,snmp
1210777,137817938,523397,637386,49994,166893,341744,91157,574712,299776,0.8211617450022436,0.1378395856545012,1.9171381298035868,113.82602907058856,0,0,0,0,0,91147,108,299776,0,0,0,0,0,0,0,0,0,0,0,0,0,0,0.0,0.0,0.0,3.288928873138995,0.0,1.9999161174355902,98547,68348,4,1.4418417510388015,0.08139153617883392,0.05644970130750749,0.07528801752923948,0.0,0.24758977086614628,0.0,0.04129084050985442,0.2822518102012179,0.0,0.0,0.0,0.0,0.0,149331.0,-21541.0,5683110400.0,189295.0,1.37,265.0,8448.0,10223.0,0.03,5,0.006999999999999999,0.18181818181818182,0.44103659011784624,0.0,0.24758977086614628,5,snmp
1455385,165330360,630427,764587,60371,200218,410077,109136,688121,363581,0.8245327215869482,0.13757047104374445,1.8926209015322584,113.5990545457044,0,0,0,0,0,109025,108,363581,0,0,0,0,0,0,0,0,0,0,0,0,0,0,0.0,0.0,0.0,3.3348406328823663,0.0,2.000419630724962,118206,82013,4,1.4413080853035494,0.0812197459778684,0.05635141216928854,0.07498771802650157,0.0,0.24981774581983462,0.0,0.04148112011598305,0.2817653060873927,0.0,0.0,0.0,0.0,0.0,149248.0,-4864.0,5683510272.0,189297.0,1.37,281.0,9984.0,10252.0,0.03,5,0.008,0.18181818181818182,0.44091232099540917,0.0,0.24981774581983462,5,snmp
1465202,156396337,593350,771769,58730,190153,388741,103150,692793,364484,0.7688181308137538,0.1297793751305281,1.9007501015133723,106.74046104223171,0,0,0,0,0,103106,108,342847,0,0,0,0,0,0,0,0,0,0,0,0,0,0,0.0,0.0,0.0,3.3251896106919094,0.0,1.9985390872974167,112401,77753,4,1.44561624631847,0.0767136544995161,0.05306640313076286,0.070399849304055,0.0,0.2339929920925579,0.0,0.04008321036962822,0.265315635659793,0.0,0.0,0.0,0.0,0.0,149438.0,-9.0,5681760768.0,188863.0,1.37,251.0,11616.0,10282.0,0.02,5,0.006999999999999999,0.18181818181818182,0.4410533020288564,0.0,0.2339929920925579,5,snmp
1552287,156838450,632176,816965,62080,202085,389288,103779,735237,385055,0.773810383553763,0.1301853329957669,1.9094337172611704,101.0370182833458,0,0,0,0,0,97300,108,320691,0,0,0,0,0,0,0,0,0,0,0,0,0,0,0.0,0.0,0.0,3.2958992805755396,0.0,1.9990800185974735,112533,77854,4,1.445436329539908,0.07249497032443099,0.05015438511048537,0.06685554926376372,0.0,0.2065925953125936,0.0,0.039992604460386515,0.2507835213462459,0.0,0.0,0.0,0.0,0.0,149248.0,21.0,5825809920.0,188431.0,1.37,260.0,12960.0,10307.0,0.03,5,0.008,0.18181818181818182,0.44406225186052545,0.0,0.2065925953125936,5,snmp
1289312,165769333,631746,678005,59645,200771,411153,109736,611196,320638,0.9317718895878349,0.1557194845002606,1.9061870395898177,128.57193061105457,0,0,0,0,0,96926,108,320638,0,0,0,0,0,0,0,0,0,0,0,0,0,0,0.0,0.0,0.0,3.308070074077131,0.0,2.0003088572282555,118540,82230,4,1.4415663383193482,0.09194050780571343,0.06377820108709141,0.08511205976520811,0.0,0.2486892233997667,0.0,0.04626110669876647,0.31889333225782435,0.0,0.0,0.0,0.0,0.0,170326.0,21069.0,5510303232.0,188643.0,1.49,253.0,14432.0,10331.0,0.02,5,0.008,0.18181818181818182,0.4415467859497142,0.0,0.2486892233997667,5,snmp
1207110,137342936,523246,634398,49466,166101,340281,90874,572565,299776,0.8247913770219957,0.13760220692397546,1.909976115499573,113.77831017885694,0,0,0,0,0,90873,108,299776,0,0,0,0,0,0,0,0,0,0,0,0,0,0,0.0,0.0,0.0,3.2988456417197627,0.0,1.9997471737638604,98057,68076,4,1.4404048416475703,0.0812328619595563,0.056395854561721796,0.07528228579002742,0.0,0.2483419075312109,0.0,0.0409788668804003,0.2818972587419539,0.0,0.0,0.0,0.0,0.0,149248.0,-57.0,5827777024.0,188856.0,1.37,240.0,15808.0,10357.0,0.02,5,0.008,0.18181818181818182,0.44097126070780485,0.0,0.2483419075312109,5,snmp
1220608,138714049,527158,642324,51126,168221,344064,92160,579064,302080,0.8207041928995336,0.1378173828125,1.9169226694915253,113.64340476221686,0,0,0,0,0,92159,108,302080,0,0,0,0,0,0,0,0,0,0,0,0,0,0,0.0,0.0,0.0,3.277813344328823,0.0,1.9999881109486275,99407,68802,4,1.4448271852562427,0.08144056076971476,0.056366990876677854,0.07550335570469799,0.0,0.24748322147651006,0.0,0.04188568320050336,0.28187919463087246,0.0,0.0,0.0,0.0,0.0,130633.0,2382.0,5648862208.0,188634.0,1.39,262.0,1248.0,10388.0,0.03,5,0.009000000000000001,0.18181818181818182,0.44107946148951865,0.0,0.24748322147651006,5,snmp
1460113,175225766,668465,766804,65115,212251,434517,116079,690170,364765,0.8717547117646752,0.1453661463188123,1.8920949104217784,120.00835962696038,0,0,0,0,0,116351,108,385256,0,0,0,0,0,0,0,0,0,0,0,0,0,0,0.0,0.0,0.0,3.311153320555904,0.0,2.000744678845465,125355,86902,4,1.442486939310948,0.08585294425842384,0.05951731133138326,0.07950001130049524,0.0,0.26385355106077407,0.0,0.044595863470840956,0.2975913508064102,0.0,0.0,0.0,0.0,0.0,149238.0,-1.0,5630189056.0,188435.0,1.37,303.0,3072.0,10408.0,0.03,5,0.01,0.18181818181818182,0.44093339813478866,0.0,0.26385355106077407,5,snmp
1200669,136340016,519897,630860,49912,165222,337958,90314,568069,299520,0.8241083600164855,0.13760828338201453,1.8965978899572649,113.55337399399835,0,0,0,0,0,90315,108,299520,0,0,0,0,0,0,0,0,0,0,0,0,0,0,0.0,0.0,0.0,3.3163926258096663,0.0,2.0,97631,67587,4,1.444523355083078,0.08131383420409788,0.0562911177018812,0.07521973166626272,0.0,0.24946092553401478,0.0,0.041570157970264913,0.2814747444966098,0.0,0.0,0.0,0.0,0.0,171179.0,21753.0,5485271040.0,188652.0,1.49,217.0,4704.0,10439.0,0.02,5,0.006999999999999999,0.18181818181818182,0.4409754924245742,0.0,0.24946092553401478,5,snmp
1379788,147026642,557308,727092,55616,178684,366082,97053,653245,342393,0.7664889725096686,0.12950105378507423,1.9078807101780701,106.55741461731802,0,0,0,0,0,97214,108,321326,0,0,0,0,0,0,0,0,0,0,0,0,0,0,0.0,0.0,0.0,3.3053469664863084,0.0,1.9998880768240679,105478,73221,4,1.4405430136163122,0.07644507706981073,0.053066847950554726,0.07033906658124292,0.0,0.2328807034124083,0.0,0.0403076414637611,0.26531757052532706,0.0,0.0,0.0,0.0,0.0,149272.0,-21069.0,5663098368.0,188869.0,1.37,245.0,6336.0,10471.0,0.02,5,0.009000000000000001,0.18181818181818182,0.4410065140056426,0.0,0.2328807034124083,5,snmp
1253041,152420917,580020,658789,55840,184635,377502,100774,593178,311993,0.8804336441561714,0.14734952806811588,1.9012541948056527,121.64080584753412,0,0,0,0,0,100723,108,333628,0,0,0,0,0,0,0,0,0,0,0,0,0,0,0.0,0.0,0.0,3.3123318407910807,0.0,1.997392847097514,109125,75504,4,1.445287666878576,0.08708813199248867,0.06025660772472728,0.08042354559826853,0.0,0.26625465567367707,0.0,0.0445635857086879,0.3012686735709366,0.0,0.0,0.0,0.0,0.0,-106438.0,42800.0,5663098368.0,188869.0,0.81,261.0,7136.0,10482.0,0.02,5,0.009000000000000001,0.18181818181818182,0.4410259851755196,0.0,0.26625465567367707,5,snmp
1199166,146022789,557084,630023,52242,176687,361409,96156,568074,299553,0.8842280361193163,0.1473415690571614,1.8964056444101711,121.7702878500558,0,0,0,0,0,96092,108,320617,0,0,0,0,0,0,0,0,0,0,0,0,0,0,0.0,0.0,0.0,3.3365628772426423,0.0,2.0015519682809404,104405,72271,4,1.4446320100731966,0.08706467661691543,0.06026771939831516,0.08018572908171179,0.0,0.26736665315727765,0.0,0.04356527786811834,0.30138362828832704,0.0,0.0,0.0,0.0,0.0,-21800.0,149379.0,5449801216.0,187808.0,1.38,7202.0,9472.0,10521.0,0.68,5,0.008,0.18181818181818182,0.4409646029545671,0.0,0.26736665315727765,5,snmp
1379786,146800755,558992,724649,54445,177871,363252,97380,654024,342892,0.7713969107802536,0.1289120196900099,1.9073760834315179,106.39385745325724,0,0,0,0,0,97264,108,321117,0,0,0,0,0,0,0,0,0,0,0,0,0,0,0.0,0.0,0.0,3.3014990129955586,0.0,1.998954844800072,105225,72655,4,1.44828298121258,0.07626182610926623,0.05265671633137312,0.07057616181059961,0.0,0.23272956820840332,0.0,0.03945901755779519,0.26326691240525707,0.0,0.0,0.0,0.0,0.0,-236.0,149036.0,5450814464.0,187806.0,1.38,4159.0,11200.0,10550.0,0.39,5,0.008,0.18181818181818182,0.4410750377142227,0.0,0.23272956820840332,5,snmp
1378007,137286802,596283,725086,57240,189984,340350,90684,653685,341787,0.8223617612255649,0.13786867555825189,1.9125507991819466,99.62707156059439,0,0,0,0,0,90693,108,299771,0,0,0,0,0,0,0,0,0,0,0,0,0,0,0.0,0.0,0.0,3.30533778792189,0.0,2.000168449423061,98393,68066,4,1.4455528457673434,0.07140239490800845,0.049394524120704754,0.06580808370349352,0.0,0.21753953354373382,0.0,0.04153825053138337,0.24698713431789535,0.0,0.0,0.0,0.0,0.0,170927.0,149430.0,5310545920.0,188022.0,1.49,2874.0,12928.0,10567.0,0.27,5,0.008,0.18181818181818182,0.44658418134513916,0.0,0.21753953354373382,5,snmp
1203712,136578186,519290,633051,51371,165756,339439,90512,569343,299520,0.8202972588306472,0.13770403551680135,1.9008513621794871,113.46417249308804,0,0,0,0,0,90513,108,299520,0,0,0,0,0,0,0,0,0,0,0,0,0,0,0.0,0.0,0.0,3.3091379138908223,0.0,1.9999034772326922,97868,67886,4,1.4416521815985623,0.0813051626967248,0.05639721129306678,0.07519406635474266,0.0,0.24883028498511273,0.0,0.04267715200978307,0.28199353333687793,0.0,0.0,0.0,0.0,0.0,170579.0,170398.0,5357564416.0,188456.0,1.49,2362.0,14528.0,10593.0,0.22,5,0.008,0.18181818181818182,0.4409718540912203,0.0,0.24883028498511273,5,snmp
1208671,137316751,520326,636984,51361,166828,341277,90528,573010,299520,0.8168588221996157,0.13802598060183457,1.9130942841880343,113.60970106836352,0,0,0,0,0,90529,108,299520,0,0,0,0,0,0,0,0,0,0,0,0,0,0,0.0,0.0,0.0,3.3085530603453037,0.0,2.0,98578,68265,4,1.4440489269757562,0.08155900158107542,0.05647938934581867,0.07489879379913972,0.0,0.24780937078824594,0.0,0.04249378035875768,0.2823572336889029,0.0,0.0,0.0,0.0,0.0,127364.0,106448.0,5496669184.0,190160.0,1.36,1769.0,16192.0,10620.0,0.17,5,0.006999999999999999,0.18181818181818182,0.44107515990232654,0.0,0.24780937078824594,5,snmp
1217491,148472118,563317,641243,54367,180035,368241,97805,577566,302080,0.8784766461388273,0.14787378305055232,1.911963718220339,121.94925301295862,0,0,0,0,0,97695,108,323695,0,0,0,0,0,0,0,0,0,0,0,0,0,0,0.0,0.0,0.0,3.3133220738011158,0.0,1.999433603944782,106385,73643,4,1.444604375161251,0.08738052273076351,0.060487510790634184,0.08033324270980237,0.0,0.2658705485297222,0.0,0.04465495022139794,0.30245890934717384,0.0,0.0,0.0,0.0,0.0,127976.0,-79.0,5497633280.0,189946.0,1.36,1631.0,17312.0,10645.0,0.15,5,0.008,0.18181818181818182,0.44106548144950775,0.0,0.2658705485297222,5,snmp
1202373,136696928,520945,631766,49662,165436,338596,90215,569388,299776,0.8245853686333231,0.1375912466430966,1.8993782023911188,113.6892861033972,0,0,0,0,0,90220,108,299776,0,0,0,0,0,0,0,0,0,0,0,0,0,0,0.0,0.0,0.0,3.3227222345377965,0.0,2.0000241788266013,97717,67719,4,1.4429775986060043,0.08127012166773538,0.05632112497536122,0.07503079327296937,0.0,0.2493203024352676,0.0,0.04130332267940148,0.2816064565654751,0.0,0.0,0.0,0.0,0.0,149479.0,467.0,5477762048.0,189707.0,1.37,1372.0,2112.0,10669.0,0.13,5,0.008,0.18181818181818182,0.4409603643937307,0.0,0.2493203024352676,5,snmp
1294505,147286267,559686,681189,53630,178339,365135,97248,614008,321090,0.8216310010878038,0.13776617317043965,1.9122613597433742,113.77805956717046,0,0,0,0,0,97228,108,321090,0,0,0,0,0,0,0,0,0,0,0,0,0,0,0.0,0.0,0.0,3.3024437404862796,0.0,2.0004599042053193,105313,73026,4,1.4421302002026675,0.08135387657830599,0.056412296592133676,0.07512369593010455,0.0,0.24804075689163038,0.0,0.04142896319442567,0.28206534544092143,0.0,0.0,0.0,0.0,0.0,149381.0,-21928.0,5479352320.0,189710.0,1.37,1210.0,3808.0,10696.0,0.11,5,0.008,0.18181818181818182,0.44101688922142374,0.0,0.24804075689163038,5,snmp
1298973,147439921,560114,684733,54180,178912,366139,97861,616254,321163,0.8180035137783632,0.13773342479019965,1.9188200384228569,113.5049927904583,0,0,0,0,0,97976,108,321477,0,0,0,0,0,0,0,0,0,0,0,0,0,0,0.0,0.0,0.0,3.281181105576876,0.0,2.000290687924153,105678,73226,4,1.4431759211209134,0.08135503971214182,0.05637222636652186,0.07533720870256734,0.0,0.247485513555709,0.0,0.041709873877286134,0.28186806038308726,0.0,0.0,0.0,0.0,0.0,149272.0,-21146.0,5432335360.0,189491.0,1.37,1113.0,5408.0,10722.0,0.1,5,0.008,0.18181818181818182,0.4410534545830381,0.0,0.247485513555709,5,snmp
1286487,145920700,555553,676251,54683,177128,362170,96478,608083,321174,0.821518933058879,0.13768347445407533,1.8933132818970402,113.42570892671283,0,0,0,0,0,96670,108,321174,0,0,0,0,0,0,0,0,0,0,0,0,0,0,0.0,0.0,0.0,3.3223750905141203,0.0,2.0002258508932402,104699,72429,4,1.4455397699816372,0.08138364398552025,0.056299830468555065,0.07499337342701481,0.0,0.2496519591725373,0.0,0.04250567631075946,0.2815185851081278,0.0,0.0,0.0,0.0,0.0,149391.0,143.0,5431255552.0,189059.0,1.37,923.0,7232.0,10743.0,0.09,5,0.006999999999999999,0.18181818181818182,0.4409862211712971,0.0,0.2496519591725373,5,snmp
1375181,165680569,630957,722651,61013,200960,411624,109762,651168,342304,0.87311440792305,0.146133490791394,1.9023090586145648,120.47909984212987,0,0,0,0,0,109683,108,363204,0,0,0,0,0,0,0,0,0,0,0,0,0,0,0.0,0.0,0.0,3.311397390662181,0.0,2.0009558706388404,118623,82322,4,1.4409635334418502,0.08625991778536789,0.059862665350961075,0.0798164023499452,0.0,0.2641135966829094,0.0,0.044367250565561914,0.29932350723286605,0.0,0.0,0.0,0.0,0.0,149248.0,126.0,5644626432.0,188415.0,1.38,970.0,8672.0,10763.0,0.09,5,0.009000000000000001,0.18181818181818182,0.4409620128205926,0.0,0.2641135966829094,5,snmp
1211389,137873246,523540,638588,49263,167201,342396,91260,575377,299560,0.8198400220486448,0.13802420196980492,1.920740419281613,113.81418025093508,0,0,0,0,0,91253,108,299561,0,0,0,0,0,0,0,0,0,0,0,0,0,0,0.0,0.0,0.0,3.282752347868015,0.0,1.9998445106271006,98730,68488,4,1.4415664057937156,0.08150148300834827,0.05653675243872942,0.07533500799495456,0.0,0.24728720501837148,0.0,0.04066654064053743,0.2826474402524705,0.0,0.0,0.0,0.0,0.0,191590.0,42254.0,5394399744.0,188411.0,1.6,893.0,10304.0,10781.0,0.08,5,0.009000000000000001,0.18181818181818182,0.44106004430673607,0.0,0.24728720501837148,5,snmp
1375305,136284694,520004,722619,49963,165110,337632,90217,650503,343176,0.719610195690952,0.12005336997974994,1.8955375667296082,99.09416020446373,0,0,0,0,0,90220,108,299711,0,0,0,0,0,0,0,0,0,0,0,0,0,0,0.0,0.0,0.0,3.3220017734426954,0.0,2.00004845372064,97575,67527,4,1.4449775645297436,0.07094789882971414,0.04909965425850993,0.06559781284878627,0.0,0.21792329701411686,0.0,0.03632866891344102,0.24549608995822744,0.0,0.0,0.0,0.0,0.0,149248.0,-7.0,5928342016.0,188837.0,1.37,783.0,11872.0,10799.0,0.07,5,0.008,0.18181818181818182,0.44097040141982224,0.0,0.21792329701411686,5,snmp
1465294,156594307,596758,770480,56896,189666,388205,103749,694661,364658,0.7745275672308172,0.12943887028814696,1.904965748728946,106.86886522431676,0,0,0,0,0,103632,108,342946,0,0,0,0,0,0,0,0,0,0,0,0,0,0,0.0,0.0,0.0,3.309267407750502,0.0,2.0008017300490533,112040,77651,4,1.442866157551094,0.0764624710126432,0.05299346069798962,0.07080422085943162,0.0,0.2340458638334696,0.0,0.03882906775022624,0.26493318064497634,0.0,0.0,0.0,0.0,0.0,106860.0,-33.0,5904872448.0,188834.0,1.37,749.0,13696.0,10832.0,0.07,5,0.008,0.18181818181818182,0.440982257530068,0.0,0.2340458638334696,5,snmp
1554498,137421144,522405,817547,50447,166716,340595,91171,737612,384972,0.638990785850844,0.10724748439689212,1.9160146711968662,88.40226491124466,0,0,0,0,0,91179,108,299633,0,0,0,0,0,0,0,0,0,0,0,0,0,0,0.0,0.0,0.0,3.286206253632964,0.0,1.9999520153550863,98593,68114,4,1.447470417241683,0.06342433377206018,0.04381736097441103,0.05864980205828505,0.0,0.1927522582853114,0.0,0.03245227719816944,0.21910288723433546,0.0,0.0,0.0,0.0,0.0,149248.0,-143.0,5734579200.0,188833.0,1.37,682.0,15360.0,10857.0,0.06,5,0.008,0.18181818181818182,0.4411101877985599,0.0,0.1927522582853114,5,snmp
1209741,137196644,522433,635369,51939,166435,340276,90805,571560,302080,0.8222513216729176,0.13757903551256012,1.89208156779661,113.40993154733121,0,0,0,0,0,90791,108,302080,0,0,0,0,0,0,0,0,0,0,0,0,0,0,0.0,0.0,0.0,3.3272020354440417,0.0,1.9999879833689826,98374,68049,4,1.4456347631853517,0.08131823258036225,0.05625088345356568,0.07506152143310015,0.0,0.24970634210132583,0.0,0.04293398338983303,0.2812800425876283,0.0,0.0,0.0,0.0,0.0,149228.0,-183.0,5735295488.0,188831.0,1.37,658.0,16736.0,10881.0,0.06,5,0.008,0.18181818181818182,0.4409782251635103,0.0,0.24970634210132583,5,snmp
1204035,136721008,519697,633507,50831,165934,339254,90170,570013,299776,0.8203492621233862,0.137814930629093,1.901463092442357,113.55235354453981,0,0,0,0,0,90172,108,299776,0,0,0,0,0,0,0,0,0,0,0,0,0,0,0.0,0.0,0.0,3.3244909728075234,0.0,1.9999517892224807,98084,67851,4,1.4455792840193955,0.08146274817592512,0.05635301299380832,0.07488984954756299,0.0,0.24897615102551005,0.0,0.04221721129369163,0.28176423442840115,0.0,0.0,0.0,0.0,0.0,171404.0,-20329.0,5584769536.0,189022.0,1.49,620.0,2048.0,10907.0,0.06,5,0.008,0.18181818181818182,0.44102938129424,0.0,0.24897615102551005,5,snmp
1291819,137117926,521849,679693,49510,166212,339816,90771,612571,320693,0.7677716263077595,0.12866508388559078,1.9101477113625804,106.14329561649116,0,0,0,0,0,90754,108,299603,0,0,0,0,0,0,0,0,0,0,0,0,0,0,0.0,0.0,0.0,3.3012649580183795,0.0,2.00014440433213,98250,67964,4,1.4456182684950856,0.07605554648135691,0.0526110856087424,0.07026603572172263,0.0,0.2319233576840099,0.0,0.03832580260856978,0.26305233163469494,0.0,0.0,0.0,0.0,0.0,149415.0,-50.0,5760433664.0,188814.0,1.37,571.0,3776.0,10933.0,0.05,5,0.008,0.18181818181818182,0.4410541660887849,0.0,0.2319233576840099,5,snmp
1719420,166509645,670799,904775,62375,213485,413111,110073,814720,427292,0.7413986902821144,0.12416105430901118,1.9067054847738782,96.84058868688278,0,0,0,0,0,110201,108,363936,0,0,0,0,0,0,0,0,0,0,0,0,0,0,0.0,0.0,0.0,3.3024745691962867,0.0,1.9983805895402933,119268,82624,4,1.4435030983733539,0.06936525107303626,0.04805341336031918,0.06401751753498272,0.0,0.21166207209407822,0.0,0.036276767747263614,0.2402618324783939,0.0,0.0,0.0,0.0,0.0,149040.0,21726.0,5608133632.0,188167.0,1.49,526.0,5664.0,10958.0,0.05,5,0.008,0.18181818181818182,0.4434599546673422,0.0,0.21166207209407822,5,snmp
1383432,157328868,635939,727494,61462,202604,390022,103748,656257,343375,0.8741501648123559,0.14645027728142765,1.9111962140516927,113.72360043717364,0,0,0,0,0,103781,108,343319,0,0,0,0,0,0,0,0,0,0,0,0,0,0,0.0,0.0,0.0,3.3081103477515152,0.0,1.9987964049998521,112558,78004,4,1.4429772832162453,0.0813614257874619,0.056384412099763484,0.07499320530391085,0.0,0.248164709215921,0.0,0.044427192662884765,0.2819235061788364,0.0,0.0,0.0,0.0,0.0,171150.0,21852.0,5618439168.0,188173.0,1.49,515.0,7168.0,10983.0,0.05,5,0.008,0.18181818181818182,0.4436871466540792,0.0,0.248164709215921,5,snmp
1472515,167347087,635867,775401,62040,202887,414712,111108,698018,364580,0.8200492390388973,0.1377826371887553,1.9145811618849087,113.64711870507261,0,0,0,0,0,111107,108,364664,0,0,0,0,0,0,0,0,0,0,0,0,0,0,0.0,0.0,0.0,3.2820974376051915,0.0,1.9985913411811063,119947,82944,4,1.4461202739197532,0.08145723473105537,0.05632811889861903,0.07545457941005694,0.0,0.24764705283138033,0.0,0.04213199865536175,0.28163516161125696,0.0,0.0,0.0,0.0,0.0,149505.0,21877.0,5620706816.0,188609.0,1.49,464.0,8800.0,11003.0,0.04,5,0.008,0.18181818181818182,0.4410912415341989,0.0,0.24764705283138033,5,snmp
1201223,136179140,518221,631138,51864,165348,337877,90151,567740,299588,0.8210898408905818,0.13764971200185144,1.8950692284070123,113.3670767209752,0,0,0,0,0,90153,108,299588,0,0,0,0,0,0,0,0,0,0,0,0,0,0,0.0,0.0,0.0,3.3231062748882456,0.0,2.0,97763,67574,4,1.4467546689555155,0.08138622054356269,0.05625433412447148,0.07504934554200178,0.0,0.24940248396842218,0.0,0.04317599646360418,0.28127749801660473,0.0,0.0,0.0,0.0,0.0,127439.0,-22156.0,6055858176.0,188609.0,1.37,443.0,10464.0,11032.0,0.04,5,0.008,0.18181818181818182,0.44101527633093623,0.0,0.24940248396842218,5,snmp
1283757,136174823,519573,673683,49944,164906,337063,90108,607262,320495,0.7712425577014709,0.1284557747299528,1.8947627888110579,106.07523308538921,0,0,0,0,0,90104,108,299520,0,0,0,0,0,0,0,0,0,0,0,0,0,0,0.0,0.0,0.0,3.3241587498890173,0.0,2.000072771376592,97497,67412,4,1.4462855277992048,0.0759466160651899,0.05251149555562307,0.0701908538765514,0.0,0.2333151834809859,0.0,0.038904559040379136,0.2625598146689755,0.0,0.0,0.0,0.0,0.0,127580.0,-141.0,5691500544.0,188390.0,1.37,462.0,12000.0,11058.0,0.04,5,0.008,0.18181818181818182,0.4409787319962033,0.0,0.2333151834809859,5,snmp
1208320,137423726,522316,636199,49805,166657,340608,90920,573423,299520,0.8209946887687658,0.1379245564088983,1.914473157051282,113.7312351032839,0,0,0,0,0,90914,108,299520,0,0,0,0,0,0,0,0,0,0,0,0,0,0,0.0,0.0,0.0,3.294542094726885,0.0,2.000156021218886,98527,68117,4,1.446437746817975,0.08154048596398306,0.05637331170550847,0.07524496822033898,0.0,0.2478813559322034,0.0,0.04121838585805085,0.28188559322033896,0.0,0.0,0.0,0.0,0.0,148997.0,-21944.0,5690555904.0,188386.0,1.37,395.0,13600.0,11079.0,0.04,5,0.006999999999999999,0.18181818181818182,0.4410969485600939,0.0,0.2478813559322034,5,snmp
1210371,137671769,522951,637363,50057,166880,341798,91045,574359,299776,0.8204916193754579,0.1378750812767325,1.9159605839026472,113.74344643088772,0,0,0,0,0,91048,108,299776,0,0,0,0,0,0,0,0,0,0,0,0,0,0,0.0,0.0,0.0,3.292505052280116,0.0,1.9999041273189204,98527,68366,4,1.4411695872217185,0.08140231383600566,0.05648350794921557,0.0752207381042672,0.0,0.2476728209780307,0.0,0.04135674103229506,0.2823911015713364,0.0,0.0,0.0,0.0,0.0,149439.0,-21852.0,5689127424.0,188383.0,1.38,414.0,15360.0,11110.0,0.04,5,0.008,0.18181818181818182,0.4410276251213504,0.0,0.2476728209780307,5,snmp
1386343,147624192,563209,727407,54112,178642,365475,97719,656545,345619,0.7742694255073157,0.12885844267976973,1.89962068057601,106.48460878729146,0,0,0,0,0,97830,108,323828,0,0,0,0,0,0,0,0,0,0,0,0,0,0,0.0,0.0,0.0,3.3101093734028417,0.0,2.0009856962039496,105545,73097,4,1.443903306565249,0.07613195291497125,0.05272648976479847,0.070486885280194,0.0,0.23358432941919857,0.0,0.03903218756108697,0.2636252356018676,0.0,0.0,0.0,0.0,0.0,149430.0,-21713.0,5687476736.0,188383.0,1.38,409.0,16992.0,11140.0,0.04,5,0.008,0.18181818181818182,0.4409700228341983,0.0,0.23358432941919857,5,snmp
1384842,137516725,521484,728744,51006,167068,341346,91027,656566,343308,0.715592855653014,0.12064047739742151,1.9124692695771728,99.30138239597008,0,0,0,0,0,91016,108,299596,0,0,0,0,0,0,0,0,0,0,0,0,0,0,0.0,0.0,0.0,3.291684978465325,0.0,2.00002394263345,98799,68263,4,1.4473287139445967,0.0713431568366644,0.04929298793652994,0.06573096425440592,0.0,0.21633948132711167,0.0,0.03683163855515647,0.2464873249078234,0.0,0.0,0.0,0.0,0.0,149376.0,128.0,5846808576.0,188356.0,1.38,416.0,2016.0,11162.0,0.04,5,0.009000000000000001,0.18181818181818182,0.4411298902503929,0.0,0.21633948132711167,5,snmp
1206125,146606041,593740,634705,58624,189891,364176,96846,571121,299947,0.9354582049928707,0.1574389055860711,1.9040730529060135,121.55128282723598,0,0,0,0,0,96682,108,321125,0,0,0,0,0,0,0,0,0,0,0,0,0,0,0.0,0.0,0.0,3.321455906994063,0.0,2.001507262263634,105228,72842,4,1.444606133823893,0.0872446885687636,0.06039340864338273,0.08029516012021971,0.0,0.2662452067571769,0.0,0.048605244066742666,0.3019388537672298,0.0,0.0,0.0,0.0,0.0,149523.0,447.0,5672901120.0,187924.0,1.38,381.0,3872.0,11188.0,0.03,5,0.008,0.18181818181818182,0.443829011131493,0.0,0.2662452067571769,5,snmp
1195649,135855996,518795,627342,49512,164318,336022,89444,565357,299520,0.826973166151796,0.13742996481408842,1.8875434027777778,113.62531645993097,0,0,0,0,0,89449,108,299520,0,0,0,0,0,0,0,0,0,0,0,0,0,0,0.0,0.0,0.0,3.3485002627195386,0.0,2.000121722618497,97111,67197,4,1.4451686831257349,0.08122032469395282,0.05620127646157024,0.07480790767190036,0.0,0.250508301349309,0.0,0.04141014628875197,0.281037327844543,0.0,0.0,0.0,0.0,0.0,170918.0,21793.0,5674361856.0,187712.0,1.49,358.0,5696.0,11213.0,0.03,5,0.008,0.18181818181818182,0.4409214511485851,0.0,0.250508301349309,5,snmp
1462539,166399314,594634,770014,58152,190148,412559,109821,692283,363812,0.7722379073627232,0.13001225950213977,1.9028591690213628,113.77427473728906,0,0,0,0,0,109687,108,363778,0,0,0,0,0,0,0,0,0,0,0,0,0,0,0.0,0.0,0.0,3.316509704887544,0.0,1.998675594143183,119393,82520,4,1.4468371303926322,0.08163406240790844,0.0564224270258776,0.07508927967049084,0.0,0.24873046120479522,0.0,0.039760990988958245,0.28208410168891224,0.0,0.0,0.0,0.0,0.0,149292.0,44.0,5825647616.0,187928.0,1.38,375.0,7552.0,11238.0,0.03,5,0.009000000000000001,0.18181818181818182,0.43831842643408586,0.0,0.24873046120479522,5,snmp
1639986,147177679,558859,863380,53892,178410,364966,97055,776807,407867,0.6472920382682017,0.108787514039754,1.9045595745671997,89.74325329606472,0,0,0,0,0,96810,108,321326,0,0,0,0,0,0,0,0,0,0,0,0,0,0,0.0,0.0,0.0,3.319140584650346,0.0,2.0006055305120096,105411,72983,4,1.4443226504802489,0.06427554869370836,0.04450220916520019,0.05918038324717406,0.0,0.1959321603964912,0.0,0.0328612561326743,0.22254214365244582,0.0,0.0,0.0,0.0,0.0,127706.0,19.0,5794795520.0,187928.0,1.38,335.0,9152.0,11259.0,0.03,5,0.008,0.18181818181818182,0.4410429801463171,0.0,0.1959321603964912,5,snmp
1199194,136303004,520220,629915,49059,164975,337489,90113,567549,299520,0.8258574569584786,0.13757156890378036,1.894861778846154,113.66217976407486,0,0,0,0,0,90115,108,299520,0,0,0,0,0,0,0,0,0,0,0,0,0,0,0.0,0.0,0.0,3.3237529823003937,0.0,1.999963631514505,97476,67502,4,1.4440461023377085,0.08128459615374993,0.056289474430325705,0.07514463881573791,0.0,0.24976776067925624,0.0,0.04090997786846832,0.28142986038956164,0.0,0.0,0.0,0.0,0.0,170356.0,20884.0,5475320320.0,188140.0,1.49,298.0,10752.0,11283.0,0.03,5,0.006999999999999999,0.18181818181818182,0.4409550945184736,0.0,0.24976776067925624,5,snmp
1208386,137270623,520873,636665,50848,166749,341195,90774,572665,299665,0.8181272725844833,0.13799315781546626,1.911017302654631,113.5983228868921,0,0,0,0,0,90777,108,299665,0,0,0,0,0,0,0,0,0,0,0,0,0,0,0.0,0.0,0.0,3.3011115150313404,0.0,2.0001079525009,98501,68226,4,1.443745786063964,0.08151451605695531,0.05646043565549419,0.07512003614738999,0.0,0.24798781184158042,0.0,0.042079269372534936,0.28235596903638405,0.0,0.0,0.0,0.0,0.0,170952.0,21448.0,5496166400.0,188355.0,1.49,306.0,12288.0,11309.0,0.03,5,0.008,0.18181818181818182,0.4410573232139885,0.0,0.24798781184158042,5,snmp
1294500,137084318,520138,681627,51938,166399,340289,90753,612666,321319,0.7630830351497226,0.12854306682116648,1.9067219803372972,105.8975032831209,0,0,0,0,0,90727,108,299623,0,0,0,0,0,0,0,0,0,0,0,0,0,0,0.0,0.0,0.0,3.3024678430897088,0.0,1.9999399052907383,98336,68061,4,1.4448215571325722,0.0759644650444187,0.05257705677867903,0.07010660486674392,0.0,0.23145847817690227,0.0,0.04012205484743144,0.2628729239088451,0.0,0.0,0.0,0.0,0.0,128316.0,-21542.0,5668649984.0,188359.0,1.38,323.0,14016.0,11337.0,0.03,5,0.009000000000000001,0.18181818181818182,0.4410561954468612,0.0,0.23145847817690227,5,snmp
1377320,146595556,557919,723636,54117,177509,363145,96963,652665,342700,0.7709939803989851,0.1288799988383237,1.9044791362707907,106.43536433072924,0,0,0,0,0,97043,108,320837,0,0,0,0,0,0,0,0,0,0,0,0,0,0,0.0,0.0,0.0,3.306132333089455,0.0,1.9995156348562675,104893,72636,4,1.4440910843108101,0.07615732001277845,0.052737199779281506,0.07039976185635873,0.0,0.23294296169372405,0.0,0.039291522667208784,0.26366058722736907,0.0,0.0,0.0,0.0,0.0,170267.0,42679.0,5410770432.0,188571.0,1.6,281.0,15744.0,11364.0,0.02,5,0.008,0.18181818181818182,0.44100316772930026,0.0,0.23294296169372405,5,snmp
1308213,139223065,528023,689260,50525,168793,345680,91912,621267,323466,0.7660723094333053,0.12902562503200932,1.920656266810113,106.42232190017987,0,0,0,0,0,91921,108,302272,0,0,0,0,0,0,0,0,0,0,0,0,0,0,0.0,0.0,0.0,3.2883889426790396,0.0,2.0000592459179565,99660,69141,4,1.4414023517160586,0.07618025505020971,0.052851485193924845,0.07025767210691225,0.0,0.23105717494016648,0.0,0.03862138657848531,0.2642383159317328,0.0,0.0,0.0,0.0,0.0,149248.0,0.0,5779525632.0,188784.0,1.37,273.0,17184.0,11390.0,0.02,5,0.008,0.18181818181818182,0.44106223345679546,0.0,0.23105717494016648,5,snmp
1207379,137242686,522571,634751,50057,166226,340312,90897,572204,300032,0.8232692819704105,0.13767507965601522,1.9071432380546076,113.66992965754747,0,0,0,0,0,90892,108,300032,0,0,0,0,0,0,0,0,0,0,0,0,0,0,0.0,0.0,0.0,3.300972582845575,0.0,1.9999278117329997,98160,68057,4,1.4423204078933836,0.08130007230538215,0.05636755318752438,0.07528456267667402,0.0,0.2484986073138592,0.0,0.04145922697015601,0.28186012842694796,0.0,0.0,0.0,0.0,0.0,106769.0,-20768.0,5780734464.0,188733.0,1.37,266.0,2048.0,11418.0,0.02,5,0.008,0.18181818181818182,0.4409928433184794,0.0,0.2484986073138592,5,snmp
1203072,136831906,520349,633141,49582,165856,338967,90002,570240,299520,0.821853268071409,0.13786041068198746,1.9038461538461537,113.7354256436855,0,0,0,0,0,90010,108,299520,0,0,0,0,0,0,0,0,0,0,0,0,0,0,0.0,0.0,0.0,3.3276302633040773,0.0,2.0,98056,67794,4,1.4463816856948992,0.08150468134907969,0.05635074210022343,0.07481015267581657,0.0,0.24896265560165975,0.0,0.04121282849239281,0.281751216884775,0.0,0.0,0.0,0.0,0.0,170141.0,-811.0,5623945728.0,188945.0,1.48,282.0,3712.0,11443.0,0.02,5,0.008,0.18181818181818182,0.44104633393653053,0.0,0.24896265560165975,5,snmp
1466034,146958945,559666,770454,54133,177864,364360,97222,694977,364444,0.7264106617656603,0.12132324352641208,1.9069514109163548,100.24252166047991,0,0,0,0,0,97389,108,321398,0,0,0,0,0,0,0,0,0,0,0,0,0,0,0.0,0.0,0.0,3.3001468338313362,0.0,2.0008324427695596,104996,72883,4,1.4406102932096647,0.07161907568310148,0.049714399529615275,0.06631633372759431,0.0,0.21922956766350576,0.0,0.03692479164876122,0.2485344814649592,0.0,0.0,0.0,0.0,0.0,149504.0,0.0,5938384896.0,189154.0,1.37,245.0,5472.0,11473.0,0.02,5,0.006999999999999999,0.18181818181818182,0.440960071520319,0.0,0.21922956766350576,5,snmp
1550749,156379581,592671,816501,60297,190236,389327,103611,732887,384973,0.7258668391098112,0.12267362416483905,1.9037361061684845,100.84132312837217,0,0,0,0,0,97192,108,321423,0,0,0,0,0,0,0,0,0,0,0,0,0,0,0.0,0.0,0.0,3.307093176393119,0.0,1.9992643426901937,112374,77858,4,1.4433198900562563,0.07246433820044379,0.05020670656566601,0.06681352043431915,0.0,0.20726951943867125,0.0,0.038882501294535736,0.2510573922665757,0.0,0.0,0.0,0.0,0.0,128355.0,-42723.0,5777660416.0,189156.0,1.37,268.0,6976.0,11495.0,0.02,5,0.008,0.18181818181818182,0.44149335468872547,0.0,0.20726951943867125,5,snmp
1202218,136532089,520264,632269,49687,165607,338601,90387,569241,299520,0.8228522986260595,0.1377512231558669,1.9005108173076923,113.56683147316045,0,0,0,0,0,90389,108,299520,0,0,0,0,0,0,0,0,0,0,0,0,0,0,0.0,0.0,0.0,3.3136775492593125,0.0,2.000084541062802,97881,67724,4,1.4452926584371861,0.08141701421871907,0.05633254534535334,0.0751835357647282,0.0,0.24913950714429497,0.0,0.0413294427466566,0.28164692260471896,0.0,0.0,0.0,0.0,0.0,170400.0,21152.0,5618301952.0,189367.0,1.48,240.0,8544.0,11520.0,0.02,5,0.008,0.18181818181818182,0.44101564128118487,0.0,0.24913950714429497,5,snmp
1203406,136760428,521402,632652,49354,165680,338861,90528,570034,299776,0.8241529308371743,0.1376758965802065,1.9015331447480786,113.64446246736347,0,0,0,0,0,90525,108,299776,0,0,0,0,0,0,0,0,0,0,0,0,0,0,0.0,0.0,0.0,3.311527202430268,0.0,1.9999034329583314,97923,67780,4,1.4447182059604604,0.08137154044437206,0.05632346855508449,0.07522648216811284,0.0,0.24910628665637366,0.0,0.041011927811561516,0.2815849347601724,0.0,0.0,0.0,0.0,0.0,149244.0,-248.0,5934269952.0,189577.0,1.37,228.0,10208.0,11550.0,0.02,5,0.006999999999999999,0.18181818181818182,0.44100002319641757,0.0,0.24910628665637366,5,snmp
1291936,166411331,597560,678689,56767,189772,412249,110173,612103,321186,0.8804621851834935,0.14688962920763876,1.9057586569775768,128.8077203514725,0,0,0,0,0,104018,108,342950,0,0,0,0,0,0,0,0,0,0,0,0,0,0,0.0,0.0,0.0,3.297025514814744,0.0,2.000611446703986,119071,82437,4,1.4443878355592756,0.09216478215639165,0.06380888836598717,0.08527744408391746,0.0,0.26545432591088103,0.0,0.04393948307036881,0.3190939798875486,0.0,0.0,0.0,0.0,0.0,128096.0,-20893.0,5939144704.0,189577.0,1.37,243.0,11616.0,11574.0,0.02,5,0.008,0.18181818181818182,0.43876776859357147,0.0,0.26545432591088103,5,snmp
1461707,166069404,632684,768430,60342,201102,411297,109900,693749,363083,0.8233463035019455,0.13758024008915604,1.910717384179375,113.61333290461084,0,0,0,0,0,109941,108,363045,0,0,0,0,0,0,0,0,0,0,0,0,0,0,0.0,0.0,0.0,3.302180260321445,0.0,2.00055708643793,118837,82254,4,1.4447564860067597,0.0813001511246782,0.056272563516491333,0.07518606670146616,0.0,0.2483705694780144,0.0,0.04128187112738736,0.2813812891366054,0.0,0.0,0.0,0.0,0.0,149252.0,-195.0,5775312896.0,189364.0,1.37,250.0,13184.0,11598.0,0.02,5,0.009000000000000001,0.18181818181818182,0.44102553652559434,0.0,0.2483705694780144,5,snmp
1289726,156580509,595886,677697,58140,189462,386683,103107,610128,321525,0.8792808585547819,0.14690096966332383,1.8976067179846046,121.40602655137603,0,0,0,0,0,103168,108,343230,0,0,0,0,0,0,0,0,0,0,0,0,0,0,0.0,0.0,0.0,3.3269036910669976,0.0,1.9976803281281303,112133,77340,4,1.449870700801655,0.08694327322237437,0.05996622538430643,0.07994488751874429,0.0,0.26612629349179595,0.0,0.04507934243397435,0.29981794582725324,0.0,0.0,0.0,0.0,0.0,149248.0,0.0,6033089536.0,189151.0,1.37,219.0,15040.0,11628.0,0.02,5,0.008,0.18181818181818182,0.4410577002511837,0.0,0.26612629349179595,5,snmp
1259038,133269169,503786,664351,51218,162220,331917,88166,596919,311011,0.7583130002062163,0.12884440342547246,1.9192858130419825,105.84999737895123,0,0,0,0,0,88157,108,290048,0,0,0,0,0,0,0,0,0,0,0,0,0,0,0.0,0.0,0.0,3.2901301087831936,0.0,1.99995068547194,95831,66378,4,1.4437162915423785,0.07611446199399859,0.052721204602243936,0.07002648053513873,0.0,0.23037271313494906,0.0,0.04068026540898686,0.26362746795569314,0.0,0.0,0.0,0.0,0.0,-127356.0,740.0,5645386752.0,189151.0,0.7,229.0,15840.0,11641.0,0.02,5,0.008,0.18181818181818182,0.44110924701298376,0.0,0.23037271313494906,5,snmp
1711684,165782554,666896,899942,65272,212276,410407,109733,810106,426152,0.7410433116800861,0.12401588143605946,1.9009789934108017,96.85348113319982,0,0,0,0,0,116005,108,384173,0,0,0,0,0,0,0,0,0,0,0,0,0,0,0.0,0.0,0.0,3.311693461488729,0.0,1.9979293727881937,118791,82078,4,1.4472940373790784,0.06940007618228598,0.04795160789024142,0.06410821156241456,0.0,0.2244415441167879,0.0,0.038133206830232684,0.23976797119094412,0.0,0.0,0.0,0.0,0.0,2243.0,151495.0,5518556160.0,187856.0,1.39,7360.0,1184.0,11674.0,0.63,5,0.008,0.18181818181818182,0.4427363432147479,0.0,0.2244415441167879,5,snmp
1288986,146474763,594866,677319,57117,189072,362709,96912,610373,321068,0.8782656325896661,0.14668274131759382,1.9010708012009916,113.63565081389558,0,0,0,0,0,96937,108,321068,0,0,0,0,0,0,0,0,0,0,0,0,0,0,0.0,0.0,0.0,3.3121305590228705,0.0,1.9998519192325186,104891,72542,4,1.445934768823578,0.08137481710429749,0.05627834592462602,0.07518468005083065,0.0,0.2490857154383368,0.0,0.044311575145114065,0.28139095381951396,0.0,0.0,0.0,0.0,0.0,-75.0,149173.0,5532217856.0,187875.0,1.38,4381.0,3072.0,11699.0,0.37,5,0.008,0.18181818181818182,0.4437798508387864,0.0,0.2490857154383368,5,snmp
1382117,147669518,560588,727636,53724,178902,365467,97596,656050,341621,0.7704236733751492,0.12944056111023886,1.9204030197206847,106.84299375523202,0,0,0,0,0,104458,108,341828,0,0,0,0,0,0,0,0,0,0,0,0,0,0,0.0,0.0,0.0,3.2723965612973633,0.0,1.9990390417234676,105813,73086,4,1.447787537968968,0.07655864156218323,0.05287974896481268,0.0706134140597359,0.0,0.24732204292400717,0.0,0.03887080471479622,0.26442551535072645,0.0,0.0,0.0,0.0,0.0,149248.0,149504.0,5474819072.0,187439.0,1.38,2952.0,4672.0,11724.0,0.25,5,0.008,0.18181818181818182,0.4402876910952356,0.0,0.24732204292400717,5,snmp
1201728,136586273,521063,631220,49447,165288,338192,90334,569152,299584,0.825485567630937,0.13754193960696598,1.8998077333903012,113.65822632076477,0,0,0,0,0,90349,108,299586,0,0,0,0,0,0,0,0,0,0,0,0,0,0,0.0,0.0,0.0,3.3158751065313394,0.0,2.000048401539169,97659,67649,4,1.4436133571819243,0.08126547771209458,0.05629310459604836,0.07517008840602865,0.0,0.2492960137402141,0.0,0.041146582254886294,0.2814214198221228,0.0,0.0,0.0,0.0,0.0,171078.0,170877.0,5344956928.0,187655.0,1.5,2227.0,6080.0,11748.0,0.19,5,0.008,0.18181818181818182,0.44096758925126456,0.0,0.2492960137402141,5,snmp
1205405,146862139,556971,634212,55886,178336,364829,96702,570694,299677,0.878209494616942,0.14794695558754112,1.9043636982484475,121.83634463105761,0,0,0,0,0,96624,108,321405,0,0,0,0,0,0,0,0,0,0,0,0,0,0,0.0,0.0,0.0,3.3263474913065076,0.0,2.0010322928121003,105356,72967,4,1.4438855921169844,0.08740298903687972,0.06053318179367101,0.08022365926804684,0.0,0.2666365246535397,0.0,0.04636284070499127,0.3026609313882056,0.0,0.0,0.0,0.0,0.0,149248.0,127356.0,5535324160.0,188933.0,1.37,2248.0,7808.0,11770.0,0.19,5,0.01,0.18181818181818182,0.44103468153331804,0.0,0.2666365246535397,5,snmp
1208110,137137354,520592,635424,52094,166396,340572,90866,572071,299699,0.8192828725386514,0.137732491246658,1.9088185145762915,113.51396313249622,0,0,0,0,0,90875,108,299699,0,0,0,0,0,0,0,0,0,0,0,0,0,0,0.0,0.0,0.0,3.2979257221458047,0.0,2.0,98289,68125,4,1.4427743119266054,0.08135765782917119,0.05638973272301363,0.07521334977775203,0.0,0.24807260928226735,0.0,0.04312024567299335,0.28190479343768365,0.0,0.0,0.0,0.0,0.0,149240.0,19524.0,5348468736.0,189149.0,1.48,1539.0,9344.0,11799.0,0.13,5,0.008,0.18181818181818182,0.4410241847884323,0.0,0.24807260928226735,5,snmp
1291473,137272744,521906,679560,49704,166374,340321,90586,612504,320616,0.7680057684384013,0.12882499285699353,1.9103974848416798,106.29160965811906,0,0,0,0,0,90576,108,299585,0,0,0,0,0,0,0,0,0,0,0,0,0,0,0.0,0.0,0.0,3.3075538774068187,0.0,2.0000480855923546,98299,68055,4,1.4444052604511057,0.07611386378189865,0.0526956428821973,0.0701416134909518,0.0,0.23197155496088576,0.0,0.03848628658903438,0.26351383265465095,0.0,0.0,0.0,0.0,0.0,149248.0,75.0,5536783872.0,189148.0,1.37,1490.0,11168.0,11820.0,0.13,5,0.009000000000000001,0.18181818181818182,0.4410475661158755,0.0,0.23197155496088576,5,snmp
1283654,136401565,521044,673966,48438,164801,337538,89930,608605,320517,0.7731013137161222,0.12838428423858766,1.898822839350175,106.26038247066577,0,0,0,0,0,89931,108,299520,0,0,0,0,0,0,0,0,0,0,0,0,0,0,0.0,0.0,0.0,3.330553424291957,0.0,2.0002306077120076,97291,67501,4,1.4413267951585902,0.0757922306166615,0.0525850423868114,0.07005781931891304,0.0,0.2333339046191575,0.0,0.037734467387629374,0.26295091979614443,0.0,0.0,0.0,0.0,0.0,127837.0,-17.0,5536899072.0,188717.0,1.37,1176.0,12832.0,11841.0,0.1,5,0.008,0.18181818181818182,0.4409027492387818,0.0,0.2333339046191575,5,snmp
1465133,156638694,595224,770095,58558,189936,387925,103697,693653,363787,0.7729228212103701,0.12963737763056324,1.9067558763782104,106.91090433428228,0,0,0,0,0,103805,108,342218,0,0,0,0,0,0,0,0,0,0,0,0,0,0,0.0,0.0,0.0,3.2967390780790904,0.0,1.9976230792692546,112354,77582,4,1.4481967466680417,0.07668518830713662,0.05295218932342661,0.07077650970935745,0.0,0.23357469936176442,0.0,0.039967702590822815,0.2647711845955282,0.0,0.0,0.0,0.0,0.0,149161.0,-21716.0,5537037312.0,188505.0,1.37,1113.0,14528.0,11863.0,0.09,5,0.008,0.18181818181818182,0.44109345534569705,0.0,0.23357469936176442,5,snmp
1303771,148296056,562578,687222,53971,179995,368035,98546,618875,321719,0.8186262954329169,0.13805722017133376,1.9236507635545306,113.74394429696626,0,0,0,0,0,98577,108,321719,0,0,0,0,0,0,0,0,0,0,0,0,0,0,0.0,0.0,0.0,3.263631475902087,0.0,1.999189195192927,106387,73610,4,1.4452791740252684,0.08159945266461671,0.05645930151844151,0.07558535969890418,0.0,0.24676035898942375,0.0,0.04139607339018892,0.28228500250427413,0.0,0.0,0.0,0.0,0.0,171132.0,21867.0,5399778304.0,188725.0,1.49,895.0,15744.0,11897.0,0.08,5,0.006999999999999999,0.18181818181818182,0.44113643247729983,0.0,0.24676035898942375,5,snmp
1291232,137007601,522411,677872,50724,165894,339267,90214,610983,323103,0.7706631930511955,0.12847729919952416,1.8909852276209134,106.10610719065203,0,0,0,0,0,90211,108,302080,0,0,0,0,0,0,0,0,0,0,0,0,0,0,0.0,0.0,0.0,3.3485938521909744,0.0,2.000048224727229,98041,67855,4,1.4448603640114952,0.07592826076181507,0.05255058734603851,0.06986660801467126,0.0,0.23394711407400065,0.0,0.03928341305048202,0.2627467410968749,0.0,0.0,0.0,0.0,0.0,151895.0,-19012.0,5683783680.0,188945.0,1.38,970.0,1248.0,11924.0,0.08,5,0.009000000000000001,0.18181818181818182,0.44093134093161945,0.0,0.23394711407400065,5,snmp
1203070,146064979,555431,632240,55482,177356,362795,96654,568804,299647,0.8785129064912058,0.14741951839876316,1.8982469372294732,121.41020805106935,0,0,0,0,0,96751,108,320849,0,0,0,0,0,0,0,0,0,0,0,0,0,0,0.0,0.0,0.0,3.316234457524987,0.0,2.0023483189197733,104801,72565,4,1.44423620202577,0.08711130690649754,0.060316523560557576,0.08033946486904336,0.0,0.2666918799404856,0.0,0.04611701729741412,0.301557681597912,0.0,0.0,0.0,0.0,0.0,127266.0,-27.0,5685753344.0,188968.0,1.37,869.0,2880.0,11947.0,0.07,5,0.008,0.18181818181818182,0.44099684343949636,0.0,0.2666918799404856,5,snmp
1199378,146126733,557648,629677,53972,176710,360886,96452,567605,299636,0.8856096061949221,0.1473347018204436,1.8943151023241533,121.83542886396116,0,0,0,0,0,96534,108,321347,0,0,0,0,0,0,0,0,0,0,0,0,0,0,0.0,0.0,0.0,3.3288478670727413,0.0,1.9977841339468418,104529,72174,4,1.4482916285643028,0.08715267413609387,0.06017619132583722,0.08041835017817568,0.0,0.26792804270213394,0.0,0.04499999166234498,0.3008942968772147,0.0,0.0,0.0,0.0,0.0,149248.0,17.0,5686076928.0,188968.0,1.37,782.0,4448.0,11978.0,0.07,5,0.008,0.18181818181818182,0.4409930326683836,0.0,0.26792804270213394,5,snmp
1464542,166717135,633809,771719,59014,202110,413329,109815,694692,363692,0.8212950568795119,0.13800218771465755,1.9101107530547827,113.83568036969919,0,0,0,0,0,109912,108,363692,0,0,0,0,0,0,0,0,0,0,0,0,0,0,0.0,0.0,0.0,3.30893805953854,0.0,1.998852768684541,119449,82672,4,1.4448543642345655,0.08156065172593206,0.05644904686926015,0.0749824859922078,0.0,0.24833156031032227,0.0,0.040295191261158776,0.2822240673193394,0.0,0.0,0.0,0.0,0.0,149206.0,45.0,5837967872.0,188965.0,1.37,668.0,6112.0,12004.0,0.06,5,0.006999999999999999,0.18181818181818182,0.44106203804957456,0.0,0.24833156031032227,5,snmp
1376537,156397379,594935,724063,57539,189630,387581,103491,652185,342010,0.8216619272079916,0.13775873805062996,1.9069179263764218,113.61654572307174,0,0,0,0,0,103467,108,342010,0,0,0,0,0,0,0,0,0,0,0,0,0,0,0.0,0.0,0.0,3.3054983714614323,0.0,2.0009707815846953,112116,77518,4,1.4463221445341727,0.08144786518633353,0.0563137787070017,0.07518214185307043,0.0,0.24845681590832647,0.0,0.04179982085479722,0.2815623553889216,0.0,0.0,0.0,0.0,0.0,149248.0,-21867.0,5663668736.0,188963.0,1.37,757.0,7776.0,12033.0,0.06,5,0.009000000000000001,0.18181818181818182,0.4410579926851242,0.0,0.24845681590832647,5,snmp
1636404,157107437,634005,861007,60205,202138,389501,103855,775925,406775,0.7363528984084915,0.12352573080975114,1.9075041484850348,96.00773219816134,0,0,0,0,0,103892,108,343090,0,0,0,0,0,0,0,0,0,0,0,0,0,0,0.0,0.0,0.0,3.3023716936819003,0.0,2.000019788657142,112564,77896,4,1.445054945054945,0.06878741435489036,0.04760193693000017,0.06346537896509664,0.0,0.20966093947460407,0.0,0.036791036932200115,0.23802251766678645,0.0,0.0,0.0,0.0,0.0,170482.0,18546.0,5665772032.0,188750.0,1.48,587.0,9728.0,12058.0,0.05,5,0.006999999999999999,0.18181818181818182,0.44364016962319003,0.0,0.20966093947460407,5,snmp
1457595,136507143,592475,765643,58461,188944,362623,96705,689325,363066,0.7738267051354222,0.12962722841392843,1.898621738196361,93.65231288526648,0,0,0,0,0,96862,108,320549,0,0,0,0,0,0,0,0,0,0,0,0,0,0,0.0,0.0,0.0,3.3093369948999607,0.0,1.9979485878036143,104770,72521,4,1.4446849877966381,0.07187867686154248,0.04975387539062634,0.06634558982433392,0.0,0.21991636908743512,0.0,0.040107848888065616,0.2487817260624522,0.0,0.0,0.0,0.0,0.0,149248.0,27.0,5661505536.0,188536.0,1.37,620.0,11360.0,12086.0,0.05,5,0.008,0.18181818181818182,0.4437748181603314,0.0,0.21991636908743512,5,snmp
1202219,145967881,555529,632112,54555,177211,362488,96787,568388,299697,0.8788458374465284,0.1474032601381279,1.896542174262672,121.41538355324612,0,0,0,0,0,96733,108,320673,0,0,0,0,0,0,0,0,0,0,0,0,0,0,0.0,0.0,0.0,3.315032098663331,0.0,2.0013213321738736,104718,72500,4,1.4443862068965516,0.08710393031552488,0.0603051523890406,0.08050696254176652,0.0,0.2667342638903561,0.0,0.04537858742874634,0.3015157804027386,0.0,0.0,0.0,0.0,0.0,127973.0,-244.0,5663311360.0,188536.0,1.37,539.0,12768.0,12109.0,0.04,5,0.008,0.18181818181818182,0.44099486964998263,0.0,0.2667342638903561,5,snmp
1208585,137429359,522947,635510,50130,166472,340304,91085,573231,299852,0.8228776887853849,0.137741242858384,1.9117131118018222,113.71095868308808,0,0,0,0,0,91074,108,299852,0,0,0,0,0,0,0,0,0,0,0,0,0,0,0.0,0.0,0.0,3.292399587148912,0.0,2.0000720867924984,98400,68059,4,1.445804375615275,0.08141752545331937,0.056312961024669345,0.0753649929462967,0.0,0.24810170571370652,0.0,0.04147825763185874,0.28157225184823576,0.0,0.0,0.0,0.0,0.0,149504.0,298.0,5659016192.0,188536.0,1.38,587.0,14080.0,12130.0,0.05,5,0.009000000000000001,0.18181818181818182,0.4410662949287464,0.0,0.24810170571370652,5,snmp
1474571,177504852,674064,776635,64974,215485,440923,117300,700395,365135,0.8679289498928068,0.14613402813428447,1.9181809467731112,120.37728396937143,0,0,0,0,0,117317,108,386615,0,0,0,0,0,0,0,0,0,0,0,0,0,0,0.0,0.0,0.0,3.2954729493594277,0.0,1.999693761077961,127300,88184,4,1.4435725301642022,0.08633019366310608,0.059803156307834615,0.079548560225313,0.0,0.2621881211552377,0.0,0.044062985098716846,0.2990178160292044,0.0,0.0,0.0,0.0,0.0,171113.0,21620.0,5663340032.0,188757.0,1.49,515.0,15616.0,12152.0,0.04,5,0.008,0.18181818181818182,0.441073459889396,0.0,0.2621881211552377,5,snmp
1213807,138004424,525263,638543,50001,167222,342084,90991,575005,302336,0.8225961289999264,0.13776654772958138,1.9018740738780695,113.69552490634837,0,0,0,0,0,90997,108,302336,0,0,0,0,0,0,0,0,0,0,0,0,0,0,0.0,0.0,0.0,3.3224831587854546,0.0,1.9998325719342724,98814,68422,4,1.4441846189821987,0.08140832933077499,0.05636975235766477,0.07496331789155937,0.0,0.24908078467169822,0.0,0.041193534062663996,0.28182734157901546,0.0,0.0,0.0,0.0,0.0,151296.0,-18802.0,5663096320.0,188753.0,1.38,491.0,1152.0,12178.0,0.04,5,0.008,0.18181818181818182,0.4410014541167734,0.0,0.24908078467169822,5,snmp
1380760,156693722,596638,726576,56801,189924,388390,103788,654197,343103,0.8211639250401885,0.13755033459833715,1.90670731529599,113.48367710536226,0,0,0,0,0,97273,108,321140,0,0,0,0,0,0,0,0,0,0,0,0,0,0,0.0,0.0,0.0,3.3014299959906657,0.0,2.0007374087456675,112243,77683,4,1.4448849812700333,0.08129073843390597,0.056261044642081176,0.07516729916857383,0.0,0.23258205625887193,0.0,0.04113748949853704,0.281287117239781,0.0,0.0,0.0,0.0,0.0,127719.0,91.0,5661823488.0,188555.0,1.37,482.0,2976.0,12204.0,0.04,5,0.008,0.18181818181818182,0.44152048640605784,0.0,0.23258205625887193,5,snmp
1290773,146428419,593460,678979,58505,189127,364126,97202,610871,321010,0.8740476509582771,0.14652227773589935,1.902965639699698,113.44242481055926,0,0,0,0,0,96982,108,321010,0,0,0,0,0,0,0,0,0,0,0,0,0,0,0.0,0.0,0.0,3.3099956692994574,0.0,1.999545382460221,104936,72819,4,1.4410524725689724,0.08129702124230984,0.05641503192273157,0.07530526281538272,0.0,0.24869593646597815,0.0,0.0453255529825926,0.2820991762300575,0.0,0.0,0.0,0.0,0.0,149504.0,244.0,5662648832.0,188342.0,1.38,462.0,5088.0,12227.0,0.04,5,0.008,0.18181818181818182,0.44366735049786304,0.0,0.24869593646597815,5,snmp
1288363,165679646,630374,676563,61721,201101,411314,109690,609902,321073,0.9317299349801866,0.15609032547504081,1.8995742401260773,128.59702273349978,0,0,0,0,0,109659,108,363548,0,0,0,0,0,0,0,0,0,0,0,0,0,0,0.0,0.0,0.0,3.315259121458339,0.0,1.9989364239990457,118831,82259,4,1.4445957281270134,0.0922340986197213,0.06384768888892338,0.08513904854454839,0.0,0.2821782370341278,0.0,0.04790652944861037,0.31925319184111933,0.0,0.0,0.0,0.0,0.0,149322.0,-256.0,5661638656.0,187907.0,1.38,419.0,6432.0,12254.0,0.03,5,0.008,0.18181818181818182,0.441008948414311,0.0,0.2821782370341278,5,snmp
1207552,137401666,522505,635788,49259,166523,340582,90677,572982,299776,0.821822683032709,0.13790130776976892,1.9113671541417592,113.78529951505195,0,0,0,0,0,90683,108,299776,0,0,0,0,0,0,0,0,0,0,0,0,0,0,0.0,0.0,0.0,3.3057574187003076,0.0,1.999867894844296,98399,68120,4,1.444495008807986,0.08148634592961629,0.056411649353402586,0.07509159025863897,0.0,0.24825100699597202,0.0,0.04079244620521518,0.2820433405766377,0.0,0.0,0.0,0.0,0.0,149248.0,-21620.0,5662811136.0,187472.0,1.38,402.0,8000.0,12286.0,0.03,5,0.008,0.18181818181818182,0.44105467666909065,0.0,0.24825100699597202,5,snmp
1210585,137583304,522087,638072,50426,167120,341748,91039,574423,299647,0.8182258428515904,0.13804895980042706,1.9169990021592074,113.65026330245294,0,0,0,0,0,91041,108,299647,0,0,0,0,0,0,0,0,0,0,0,0,0,0,0.0,0.0,0.0,3.291341263826188,0.0,1.9999281978866246,98775,68352,4,1.445093047752809,0.08159278365418372,0.05646195847462177,0.0752024847491089,0.0,0.24752247880157113,0.0,0.0416542415443773,0.2822998798101744,0.0,0.0,0.0,0.0,0.0,149151.0,-2401.0,5806474752.0,187254.0,1.38,409.0,9568.0,12305.0,0.03,5,0.008,0.18181818181818182,0.44110135760680474,0.0,0.24752247880157113,5,snmp
1377864,146887378,558944,724337,53751,177795,362801,96853,652177,342915,0.7716629138094561,0.12903668286565292,1.9018619774579706,106.60513519476523,0,0,0,0,0,96946,108,321468,0,0,0,0,0,0,0,0,0,0,0,0,0,0,0.0,0.0,0.0,3.315949085057661,0.0,1.996328359214471,105248,72559,4,1.4505161316997202,0.07638489720320728,0.05266049479484187,0.07029213333101089,0.0,0.2333089477626239,0.0,0.039010381285816305,0.2633068285404075,0.0,0.0,0.0,0.0,0.0,170879.0,21429.0,5488432640.0,187471.0,1.5,384.0,10976.0,12323.0,0.03,5,0.008,0.18181818181818182,0.44108594362005,0.0,0.2333089477626239,5,snmp
1292545,137359267,522148,680571,49958,166580,341043,90699,613000,320860,0.7672204663437026,0.1288775245736125,1.9104905566290593,106.27039445435169,0,0,0,0,0,90704,108,300032,0,0,0,0,0,0,0,0,0,0,0,0,0,0,0.0,0.0,0.0,3.3078144293526197,0.0,2.00007204005427,98374,68214,4,1.4421379775412673,0.07610876217075614,0.052774951742492526,0.07017086445733031,0.0,0.23212499371395193,0.0,0.03865087869281147,0.2638538696911906,0.0,0.0,0.0,0.0,0.0,149589.0,244.0,5661916160.0,187690.0,1.38,329.0,12576.0,12345.0,0.03,5,0.006999999999999999,0.18181818181818182,0.4410146088935836,0.0,0.23212499371395193,5,snmp
1208926,137209195,520687,636247,51993,166651,340898,90987,572654,299614,0.8183724245458132,0.13785045569373147,1.911305880232566,113.49676903300947,0,0,0,0,0,90998,108,299615,0,0,0,0,0,0,0,0,0,0,0,0,0,0,0.0,0.0,0.0,3.2925448910965076,0.0,2.00001200120012,98464,68169,4,1.4444102157872347,0.08144749968153552,0.056388066763391635,0.07526267116432271,0.0,0.24783568225019562,0.0,0.043007595171251176,0.281984174382882,0.0,0.0,0.0,0.0,0.0,127597.0,-131.0,5668402688.0,187693.0,1.38,358.0,14336.0,12374.0,0.03,5,0.008,0.18181818181818182,0.4410627584553419,0.0,0.24783568225019562,5,snmp
1288395,146281308,556764,676875,54756,177271,362747,97001,609493,320629,0.8225506925207756,0.13759056810993522,1.9009291112157665,113.53762471912728,0,0,0,0,0,96959,108,320629,0,0,0,0,0,0,0,0,0,0,0,0,0,0,0.0,0.0,0.0,3.306851349539496,0.0,1.9994247752675922,104726,72554,4,1.4434214516084571,0.0812840782523993,0.05631347529290318,0.0752882462288351,0.0,0.2488592395965523,0.0,0.042499388774405365,0.28154952479635514,0.0,0.0,0.0,0.0,0.0,149248.0,0.0,5811998208.0,187692.0,1.38,356.0,15712.0,12395.0,0.03,5,0.008,0.18181818181818182,0.4409873035681415,0.0,0.2488592395965523,5,snmp
1396614,168067645,638763,735619,60070,203835,417135,111174,663180,345620,0.8683340152986805,0.14594941766300495,1.918812568717088,120.33936721241517,0,0,0,0,0,111157,108,366298,0,0,0,0,0,0,0,0,0,0,0,0,0,0,0.0,0.0,0.0,3.295321032413613,0.0,1.9974032337089662,120408,83422,4,1.4433602646783823,0.08621422955805971,0.05973160801767704,0.07960252439113456,0.0,0.26227576123395585,0.0,0.0430111684402419,0.29867594052472624,0.0,0.0,0.0,0.0,0.0,173442.0,24160.0,5488332800.0,187908.0,1.51,409.0,1408.0,12418.0,0.03,5,0.01,0.18181818181818182,0.44105307504060326,0.0,0.26227576123395585,5,snmp
1200899,136505390,520719,630939,49241,165263,337914,90171,568533,299776,0.8253079933242358,0.13761606929475334,1.8965260728010247,113.66933439031925,0,0,0,0,0,90171,108,299776,0,0,0,0,0,0,0,0,0,0,0,0,0,0,0.0,0.0,0.0,3.324527841545508,0.0,2.0000847170450693,97674,67584,4,1.4452237215909092,0.08133406722796838,0.05627783851930929,0.07508624788595877,0.0,0.24962632161405746,0.0,0.04100344825001936,0.2813841963395756,0.0,0.0,0.0,0.0,0.0,149248.0,-21520.0,5670533632.0,188147.0,1.38,325.0,3296.0,12446.0,0.03,5,0.008,0.18181818181818182,0.44098146912562697,0.0,0.24962632161405746,5,snmp
1205355,137035425,522136,633586,49633,165974,339124,90812,571319,299776,0.8240964920310739,0.13769719294315783,1.9058196786934245,113.68885100240178,0,0,0,0,0,90812,108,299776,0,0,0,0,0,0,0,0,0,0,0,0,0,0,0.0,0.0,0.0,3.301061533718011,0.0,1.9999036040052536,98155,67827,4,1.4471375705839857,0.08143244106508041,0.05627138892691365,0.07534045986452124,0.0,0.2487034939913967,0.0,0.041177080611106275,0.2813478186924184,0.0,0.0,0.0,0.0,0.0,127762.0,-289.0,5671093248.0,187928.0,1.38,341.0,4800.0,12468.0,0.03,5,0.009000000000000001,0.18181818181818182,0.44105321342690773,0.0,0.2487034939913967,5,snmp
1204170,136788152,520775,633196,50199,165835,339205,90463,570232,299776,0.8224546585891256,0.13771726583455823,1.902193637916311,113.59538271174335,0,0,0,0,0,90474,108,299776,0,0,0,0,0,0,0,0,0,0,0,0,0,0,0.0,0.0,0.0,3.3133939032208146,0.0,2.0000120602530242,98000,67837,4,1.4446393561036013,0.08138385776094738,0.05633506896866722,0.07512477474110799,0.0,0.248948238205569,0.0,0.04168763546675303,0.28169195379389955,0.0,0.0,0.0,0.0,0.0,171151.0,22016.0,5521925120.0,187929.0,1.5,340.0,6400.0,12492.0,0.03,5,0.009000000000000001,0.18181818181818182,0.4410075232172207,0.0,0.248948238205569,5,snmp
1292105,136923252,519973,679688,52159,166258,340155,90829,611099,320832,0.7650171843551747,0.12867220543222108,1.904732071613804,105.96913718312366,0,0,0,0,0,90821,108,299776,0,0,0,0,0,0,0,0,0,0,0,0,0,0,0.0,0.0,0.0,3.300734411644884,0.0,2.0001684271312046,98213,68034,4,1.4435870300144045,0.07601007658046366,0.05265361561173434,0.07029537073225472,0.0,0.23200591283216146,0.0,0.04036746239663185,0.2632564690950039,0.0,0.0,0.0,0.0,0.0,149402.0,3.0,5697147392.0,188145.0,1.38,355.0,8416.0,12515.0,0.03,5,0.01,0.18181818181818182,0.4410263301853691,0.0,0.23200591283216146,5,snmp
1208576,137334360,521590,636345,50641,166671,340855,90912,572869,299776,0.819665433059111,0.13790692517475112,1.9109902060204953,113.63320138741793,0,0,0,0,0,90906,108,299776,0,0,0,0,0,0,0,0,0,0,0,0,0,0,0.0,0.0,0.0,3.297648120036081,0.0,1.9996760609005506,98508,68176,4,1.4449072987561604,0.08150749311586528,0.05641018851938149,0.07522241050624867,0.0,0.24804066934971405,0.0,0.0419013781508155,0.28203025709595425,0.0,0.0,0.0,0.0,0.0,127593.0,-24064.0,5698079744.0,187934.0,1.38,289.0,10368.0,12539.0,0.02,5,0.008,0.18181818181818182,0.4410669206493807,0.0,0.24804066934971405,5,snmp
1206207,137135935,521702,634976,49531,166251,340470,90582,571626,299913,0.8216090056947034,0.1378295765154737,1.9059727320923068,113.69187461190326,0,0,0,0,0,90591,108,299913,0,0,0,0,0,0,0,0,0,0,0,0,0,0,0.0,0.0,0.0,3.310626883465245,0.0,1.9998917358354384,98164,68093,4,1.4416166125739798,0.08138238295748573,0.056452167828573374,0.07509656302773902,0.0,0.24864140234636342,0.0,0.04106343272755008,0.2822649843683547,0.0,0.0,0.0,0.0,0.0,149580.0,79.0,5850565632.0,187505.0,1.38,281.0,11648.0,12559.0,0.02,5,0.008,0.18181818181818182,0.4409878866330481,0.0,0.24864140234636342,5,snmp
1558365,177236398,673576,820551,64238,214844,439550,116877,739096,386574,0.8208825533086913,0.13786500595175072,1.9119133723426822,113.73227581471606,0,0,0,0,0,117192,108,386574,0,0,0,0,0,0,0,0,0,0,0,0,0,0,0.0,0.0,0.0,3.2986381322957197,0.0,2.0005773295713793,126923,87907,4,1.4438326868167495,0.08144625938082542,0.056409762796264036,0.07499975936317872,0.0,0.24806383613595018,0.0,0.04122140833501779,0.28205843945417153,0.0,0.0,0.0,0.0,0.0,149457.0,45.0,5678020096.0,187289.0,1.38,297.0,13184.0,12582.0,0.02,5,0.009000000000000001,0.18181818181818182,0.4410488988255838,0.0,0.24806383613595018,5,snmp
1203670,136775278,520928,632975,49767,165794,338924,90360,570048,299904,0.8229835301552194,0.13774041057765002,1.9007682458386683,113.63187418478486,0,0,0,0,0,90355,108,299904,0,0,0,0,0,0,0,0,0,0,0,0,0,0,0.0,0.0,0.0,3.3191743677715677,0.0,1.9999758739655962,98010,67777,4,1.4460657745252814,0.08142597223491488,0.056308622795284424,0.07507040966377827,0.0,0.24915799180838602,0.0,0.041346049997092224,0.2815755148836475,0.0,0.0,0.0,0.0,0.0,170505.0,-805.0,5529919488.0,187072.0,1.5,267.0,15168.0,12613.0,0.02,5,0.008,0.18181818181818182,0.44101990356266435,0.0,0.24915799180838602,5,snmp
1202440,146196469,556770,632264,53182,177228,362817,96308,569303,299776,0.8805973454126758,0.14739030637703338,1.8990946573441503,121.58317171750774,0,0,0,0,0,96469,108,320906,0,0,0,0,0,0,0,0,0,0,0,0,0,0,0.0,0.0,0.0,3.3265194000145124,0.0,2.0,104666,72567,4,1.4423360480659253,0.08704467582582083,0.060349788762848876,0.08009380925451581,0.0,0.2668790126742291,0.0,0.04422840224876085,0.30173397425235354,0.0,0.0,0.0,0.0,0.0,213252.0,64001.0,5373206016.0,187494.0,1.72,282.0,16512.0,12636.0,0.02,5,0.009000000000000001,0.18181818181818182,0.44096042401347685,0.0,0.2668790126742291,5,snmp
1320531,159968132,641671,696879,63972,206315,422406,111979,627086,325785,0.9207782125734884,0.15623639278441778,1.9248461408597695,121.13924777229767,0,0,0,0,0,105816,108,347485,0,0,0,0,0,0,0,0,0,0,0,0,0,0,0.0,0.0,0.0,3.2838606637937553,0.0,2.002066937729862,121842,84481,4,1.442241450740403,0.09226742878432995,0.06397502216911227,0.0847984636483354,0.0,0.2631403579317714,0.0,0.04844414860385708,0.31987586811668944,0.0,0.0,0.0,0.0,0.0,175446.0,47256.0,5866803712.0,188558.0,1.62,233.0,1056.0,12664.0,0.02,5,0.006999999999999999,0.18181818181818182,0.44148977555821733,0.0,0.2631403579317714,5,snmp
1287001,146291236,557139,676604,53258,177184,362449,96123,608661,321565,0.8234343870269759,0.1376719987008557,1.8928086079019795,113.6683157200344,0,0,0,0,0,96246,108,321565,0,0,0,0,0,0,0,0,0,0,0,0,0,0,0.0,0.0,0.0,3.341073914760094,0.0,1.9996162917988014,104682,72487,4,1.4441486059569302,0.08133793213835887,0.05632241155989778,0.07468758765533205,0.0,0.24985606071790153,0.0,0.041381475228068974,0.28162293580191466,0.0,0.0,0.0,0.0,0.0,85505.0,51.0,6088714752.0,188819.0,1.37,234.0,2912.0,12694.0,0.02,5,0.008,0.18181818181818182,0.4409608140678822,0.0,0.24985606071790153,5,snmp
1377163,166129699,632850,724095,61310,201391,411655,109934,651981,343084,0.8739875292606634,0.14623613907721889,1.9003538492031107,120.63183443063748,0,0,0,0,0,109953,108,364663,0,0,0,0,0,0,0,0,0,0,0,0,0,0,0.0,0.0,0.0,3.3165352468782117,0.0,1.9994340971367301,119075,82342,4,1.4461028393772315,0.08646398429234593,0.05979103417678227,0.07982642577530764,0.0,0.2647929112240163,0.0,0.04451905838306722,0.2989152337087186,0.0,0.0,0.0,0.0,0.0,107163.0,50.0,6088134144.0,188612.0,1.37,242.0,4672.0,12721.0,0.02,5,0.008,0.18181818181818182,0.44101190550133,0.0,0.2647929112240163,5,snmp
1291189,146774626,558576,678884,53730,177930,363231,96720,611351,321396,0.8227856305348189,0.13780321858380143,1.9021736424846607,113.67400589689039,0,0,0,0,0,96893,108,321396,0,0,0,0,0,0,0,0,0,0,0,0,0,0,0.0,0.0,0.0,3.3170198053522957,0.0,1.997081766653572,105284,72651,4,1.4491748220946719,0.08154034769503148,0.056266743288550324,0.07490770135123517,0.0,0.24891475996155482,0.0,0.041612808039721526,0.2813151289238059,0.0,0.0,0.0,0.0,0.0,170344.0,16.0,6094275072.0,188821.0,1.48,224.0,6624.0,12738.0,0.02,5,0.008,0.18181818181818182,0.441082388651585,0.0,0.24891475996155482,5,snmp
1291570,137050258,558191,679424,53173,177823,339633,90363,612082,321454,0.8215650315561417,0.13767972312766633,1.9041044752903993,106.11136678615948,0,0,0,0,0,90386,108,300032,0,0,0,0,0,0,0,0,0,0,0,0,0,0,0.0,0.0,0.0,3.319452127541876,0.0,1.99881974731352,98171,67918,4,1.445434200064784,0.07600904325743088,0.05258561285876878,0.06996368760500786,0.0,0.23230022375868128,0.0,0.0411692746037768,0.2629613571080158,0.0,0.0,0.0,0.0,0.0,149248.0,-64004.0,6085606400.0,188820.0,1.37,225.0,8064.0,12759.0,0.02,5,0.008,0.18181818181818182,0.4439837941047031,0.0,0.23230022375868128,5,snmp
1426069,142790728,542804,751587,52071,173293,354138,94407,675783,354055,0.7222104693135991,0.1215179630158148,1.9086949767691461,100.12890540359548,0,0,0,0,0,94510,108,311918,0,0,0,0,0,0,0,0,0,0,0,0,0,0,0.0,0.0,0.0,3.3003703311818855,0.0,2.0001500461680517,102462,70825,4,1.4466925520649487,0.07184925834584442,0.04966449729992027,0.06620086405356262,0.0,0.2187257418820548,0.0,0.03651366097993856,0.24833160246804328,0.0,0.0,0.0,0.0,0.0,-149485.0,-42322.0,6085590528.0,188609.0,0.58,216.0,8928.0,12777.0,0.02,5,0.008,0.18181818181818182,0.44108431663302794,0.0,0.2187257418820548,5,snmp
1544920,165697572,630286,813609,61035,201276,411838,109830,731288,384062,0.7746792378157076,0.13028247417341998,1.9040884023933635,107.25317297983067,0,0,0,0,0,109766,108,363142,0,0,0,0,0,0,0,0,0,0,0,0,0,0,0.0,0.0,0.0,3.3083286263506,0.0,2.0003577817531304,118899,82372,4,1.4434395182829116,0.07696126660280143,0.05331797115708257,0.07109105973124823,0.0,0.23505553685627734,0.0,0.0395069000336587,0.2665756155658545,0.0,0.0,0.0,0.0,0.0,-21370.0,148974.0,6255219712.0,187115.0,1.38,6997.0,11264.0,12809.0,0.55,5,0.008,0.18181818181818182,0.441016567528673,0.0,0.23505553685627734,5,snmp
1469862,157246531,596491,774821,58561,191145,390473,104105,695954,364387,0.7698436154931269,0.13004282034639986,1.9099309250878873,106.98047231644875,0,0,0,0,0,104027,108,343467,0,0,0,0,0,0,0,0,0,0,0,0,0,0,0.0,0.0,0.0,3.3017101329462544,0.0,1.9976694118138874,113059,78099,4,1.447636973584809,0.07691810523709028,0.05313355947701213,0.0708263768979673,0.0,0.2336729570531111,0.0,0.03984115515606227,0.26565282999356404,0.0,0.0,0.0,0.0,0.0,0.0,149248.0,6251393536.0,187113.0,1.38,4275.0,12768.0,12832.0,0.33,5,0.008,0.18181818181818182,0.44111494891684694,0.0,0.2336729570531111,5,snmp
1203010,156524568,633653,631826,60694,201278,387646,103576,569698,299914,1.0028916188950756,0.16731199241901565,1.899537867522023,130.11077879651873,0,0,0,0,0,103448,108,343084,0,0,0,0,0,0,0,0,0,0,0,0,0,0,0.0,0.0,0.0,3.316487510633362,0.0,1.9979155086158977,112082,77525,4,1.4457529829087392,0.09316797034106117,0.06444252333729562,0.08609737242416937,0.0,0.28518798679977725,0.0,0.050451783443196646,0.3222300729004746,0.0,0.0,0.0,0.0,0.0,149555.0,128628.0,6251393536.0,187117.0,1.39,3380.0,14592.0,12858.0,0.26,5,0.009000000000000001,0.18181818181818182,0.4436157964237647,0.0,0.28518798679977725,5,snmp
1208576,137456273,522253,636232,50091,166614,340999,90787,573265,299776,0.8208530850381622,0.13785976223257784,1.9123111923569598,113.73407464652615,0,0,0,0,0,90784,108,299776,0,0,0,0,0,0,0,0,0,0,0,0,0,0,0.0,0.0,0.0,3.3020796616143815,0.0,1.9999519859799062,98419,68200,4,1.4430938416422288,0.08143385273247193,0.056430046600296546,0.07511898300148273,0.0,0.24804066934971405,0.0,0.04144629712984537,0.28214940558144463,0.0,0.0,0.0,0.0,0.0,149431.0,149431.0,6236472320.0,187119.0,1.39,2229.0,16064.0,12884.0,0.17,5,0.008,0.18181818181818182,0.44103705838843116,0.0,0.24804066934971405,5,snmp
1219704,138744644,527132,642475,50097,168279,343891,91670,578947,302336,0.8204708354410677,0.13796708053757306,1.9149125476291278,113.75271705266196,0,0,0,0,0,91669,108,302336,0,0,0,0,0,0,0,0,0,0,0,0,0,0,0.0,0.0,0.0,3.2981269567683733,0.0,2.0000831986307883,99504,68782,4,1.4466575557558663,0.08158044902697703,0.056392370607950784,0.07515757921594092,0.0,0.24787653397873582,0.0,0.04107308002597351,0.28194627548979095,0.0,0.0,0.0,0.0,0.0,149307.0,149494.0,5858637824.0,188392.0,1.38,1982.0,17504.0,12911.0,0.15,5,0.008,0.18181818181818182,0.4411035357309828,0.0,0.24787653397873582,5,snmp
1199108,136229720,519933,629787,49389,164956,337317,89879,567346,299776,0.8255695973400531,0.13756559042221383,1.892566449615713,113.60921618403013,0,0,0,0,0,89881,108,299776,0,0,0,0,0,0,0,0,0,0,0,0,0,0,0.0,0.0,0.0,3.335254391918203,0.0,1.9999515033947624,97493,67456,4,1.4452828510436433,0.08130460308829564,0.05625514966124819,0.07495488312979315,0.0,0.24999916604676142,0.0,0.041188116499931614,0.2813066045760682,0.0,0.0,0.0,0.0,0.0,149492.0,445.0,5592990720.0,188374.0,1.38,1583.0,2272.0,12933.0,0.12,5,0.008,0.18181818181818182,0.4409573489490617,0.0,0.24999916604676142,5,snmp
1372397,136465242,518899,721456,51740,165839,339438,90483,648423,342085,0.7192385952850902,0.12083894091869918,1.8955025797681864,99.43568952715577,0,0,0,0,0,96733,108,320984,0,0,0,0,0,0,0,0,0,0,0,0,0,0,0.0,0.0,0.0,3.3182471338633146,0.0,2.0000120599621316,97939,67897,4,1.4424643209567434,0.07136346115591917,0.04947329380638401,0.06593063085972936,0.0,0.2338856759377935,0.0,0.03770046130966477,0.24733222238171607,0.0,0.0,0.0,0.0,0.0,170536.0,21113.0,5468286976.0,188587.0,1.49,1567.0,3872.0,12961.0,0.12,5,0.009000000000000001,0.18181818181818182,0.440010365520229,0.0,0.2338856759377935,5,snmp
1379761,156902305,595767,725342,59130,190547,389648,103927,652549,342695,0.8213601308072606,0.13810145380250638,1.9041684296531902,113.71701693264268,0,0,0,0,0,104064,108,343178,0,0,0,0,0,0,0,0,0,0,0,0,0,0,0.0,0.0,0.0,3.2977590713407134,0.0,1.9988985166691144,112618,77923,4,1.4452472312410969,0.0816213822538831,0.05647572296941282,0.07532246526753547,0.0,0.24872278604772854,0.0,0.0428552481190583,0.2824025320327216,0.0,0.0,0.0,0.0,0.0,149333.0,-220.0,5655749120.0,188583.0,1.37,1175.0,5600.0,12989.0,0.09,5,0.008,0.18181818181818182,0.4410560713142578,0.0,0.24872278604772854,5,snmp
1203200,136773109,520478,632852,49870,165776,338784,89861,569979,300032,0.8224324170580167,0.13777925531914895,1.8997273624146758,113.67445894281914,0,0,0,0,0,89857,108,300032,0,0,0,0,0,0,0,0,0,0,0,0,0,0,0.0,0.0,0.0,3.338994179640985,0.0,2.000072389455269,98015,67755,4,1.4466091063390156,0.08146193484042553,0.056312333776595745,0.07468500664893617,0.0,0.24936170212765957,0.0,0.04144780585106383,0.2815691489361702,0.0,0.0,0.0,0.0,0.0,150219.0,21901.0,5464473088.0,188582.0,1.49,1082.0,7200.0,13014.0,0.08,5,0.008,0.18181818181818182,0.441024317859503,0.0,0.24936170212765957,5,snmp
1206016,137165277,521816,634558,49642,166205,339830,90484,571882,299776,0.822329873707368,0.137813262842284,1.90769774765158,113.73420999389727,0,0,0,0,0,90502,108,299776,0,0,0,0,0,0,0,0,0,0,0,0,0,0,0.0,0.0,0.0,3.312368787430112,0.0,2.000252731911616,98237,67964,4,1.445426990759814,0.08145580158140522,0.056354144555296116,0.07502719698577796,0.0,0.24856718318828275,0.0,0.0411619746338357,0.2817790145404373,0.0,0.0,0.0,0.0,0.0,170399.0,21092.0,5533357568.0,188798.0,1.48,951.0,8736.0,13043.0,0.07,5,0.008,0.18181818181818182,0.4410447283799695,0.0,0.24856718318828275,5,snmp
1211502,137784783,523635,637943,49924,167103,341683,91245,575083,300032,0.8208178473625387,0.13793043676362068,1.9167388811860069,113.7305452240277,0,0,0,0,0,91223,108,300032,0,0,0,0,0,0,0,0,0,0,0,0,0,0,0.0,0.0,0.0,3.288995099919976,0.0,1.9998444194451759,98766,68340,4,1.4452151009657594,0.08152359632918477,0.056409316699435906,0.07531559997424685,0.0,0.2476529134908568,0.0,0.04120835128625458,0.28203255132884636,0.0,0.0,0.0,0.0,0.0,127676.0,-171.0,5675139072.0,188794.0,1.37,893.0,10432.0,13065.0,0.07,5,0.008,0.18181818181818182,0.4410903701113308,0.0,0.2476529134908568,5,snmp
1375353,166178338,633914,722779,59688,201182,411295,110116,651539,342493,0.8770509381152468,0.1462766286182529,1.9023425296283427,120.8259537733222,0,0,0,0,0,103595,108,342279,0,0,0,0,0,0,0,0,0,0,0,0,0,0,0.0,0.0,0.0,3.3040108113325934,0.0,1.9997216838129317,118923,82261,4,1.445678997337742,0.08646725604263052,0.0598108267477513,0.08006380907301616,0.0,0.24886629105400576,0.0,0.04339831301491326,0.299046862878112,0.0,0.0,0.0,0.0,0.0,128353.0,-21113.0,5677006848.0,188794.0,1.37,775.0,12096.0,13086.0,0.06,5,0.006999999999999999,0.18181818181818182,0.4415033067080348,0.0,0.24886629105400576,5,snmp
1286840,136387460,519414,676059,51655,165359,338102,90438,608449,320978,0.7682968498311538,0.12850004662584316,1.8956096679523207,105.98633862795685,0,0,0,0,0,90437,108,299776,0,0,0,0,0,0,0,0,0,0,0,0,0,0,0.0,0.0,0.0,3.3147494941229807,0.0,2.0000362853479765,97740,67620,4,1.4454303460514641,0.07595349849243108,0.05254732523079792,0.07027913338099531,0.0,0.23295514593888905,0.0,0.040140965465792176,0.2627381803487613,0.0,0.0,0.0,0.0,0.0,149248.0,0.0,5677002752.0,188795.0,1.37,761.0,13728.0,13116.0,0.06,5,0.008,0.18181818181818182,0.4409888044162783,0.0,0.23295514593888905,5,snmp
1214546,137941238,522568,640412,51566,167737,343006,91564,576095,300032,0.815987208234699,0.1381067493532563,1.920111854735495,113.57432159835857,0,0,0,0,0,91568,108,300032,0,0,0,0,0,0,0,0,0,0,0,0,0,0,0.0,0.0,0.0,3.276603180150271,0.0,1.9999642303565042,99138,68606,4,1.4450339620441361,0.08162556214420862,0.05648695067951317,0.07538948710052974,0.0,0.24703222438672556,0.0,0.04245701686062117,0.2824149929273984,0.0,0.0,0.0,0.0,0.0,149248.0,-22084.0,5674960896.0,188576.0,1.37,728.0,15456.0,13147.0,0.06,5,0.008,0.18181818181818182,0.44112561497592,0.0,0.24703222438672556,5,snmp
1301547,138281282,562957,685315,54001,179366,342813,91381,616940,323400,0.8214572860655319,0.1378098524294551,1.9076685219542362,106.24378681676497,0,0,0,0,0,97683,108,323400,0,0,0,0,0,0,0,0,0,0,0,0,0,0,0.0,0.0,0.0,3.3107091305549585,0.0,2.0001561175788396,98965,68559,4,1.443501217929083,0.07603643971366382,0.052675009046926465,0.07020952758525048,0.0,0.24847354724800563,0.0,0.04148985783840307,0.26338887493113966,0.0,0.0,0.0,0.0,0.0,171172.0,773.0,5517718528.0,188576.0,1.49,719.0,17216.0,13173.0,0.05,5,0.009000000000000001,0.18181818181818182,0.44311174753666804,0.0,0.24847354724800563,5,snmp
1292571,147033134,597196,679813,57057,190262,363818,96897,612854,321000,0.8784709912873099,0.14719655632069728,1.909202492211838,113.75246234056002,0,0,0,0,0,97025,108,321000,0,0,0,0,0,0,0,0,0,0,0,0,0,0,0.0,0.0,0.0,3.3084256634887916,0.0,1.9986973832109505,105352,72768,4,1.4477792436235708,0.0815057741508977,0.05629710089426422,0.07496454740203827,0.0,0.24834225740791027,0.0,0.044142256015336875,0.2814684841296919,0.0,0.0,0.0,0.0,0.0,149502.0,248.0,5686623232.0,188770.0,1.37,569.0,2080.0,13198.0,0.04,5,0.006999999999999999,0.18181818181818182,0.44394639073288716,0.0,0.24834225740791027,5,snmp
1297003,137883965,523158,683619,49780,167329,342278,91100,615835,320904,0.7652771499914426,0.12901203775164746,1.9190630219629548,106.30967314647691,0,0,0,0,0,91093,108,299776,0,0,0,0,0,0,0,0,0,0,0,0,0,0,0.0,0.0,0.0,3.2908785526879125,0.0,2.000083671005606,98864,68455,4,1.4442188298882477,0.07622495861613274,0.05277936905311707,0.07023885064259681,0.0,0.23112976608381014,0.0,0.03838079017550461,0.26389915829030464,0.0,0.0,0.0,0.0,0.0,127240.0,-124.0,5840893440.0,188771.0,1.37,586.0,3872.0,13227.0,0.04,5,0.008,0.18181818181818182,0.4410991560200825,0.0,0.23112976608381014,5,snmp
1373240,156010491,594428,721718,57233,189149,387357,103321,649465,342434,0.8236291737215921,0.13773921528647579,1.8966136540180005,113.60759299175672,0,0,0,0,0,103145,108,342424,0,0,0,0,0,0,0,0,0,0,0,0,0,0,0.0,0.0,0.0,3.3198313054437927,0.0,1.9984891067768316,111679,77469,4,1.441595993236004,0.08132518714864118,0.05641329993300515,0.07523885118406105,0.0,0.24935481052110336,0.0,0.04167734700416533,0.28207523812297924,0.0,0.0,0.0,0.0,0.0,149248.0,0.0,5675004928.0,188771.0,1.37,602.0,5280.0,13257.0,0.05,5,0.009000000000000001,0.18181818181818182,0.4409506720638552,0.0,0.24935481052110336,5,snmp
1198312,135912477,518057,628955,51303,164709,337092,89928,565783,299754,0.8236789595440055,0.13745084752551923,1.8874910760156662,113.41994155111523,0,0,0,0,0,89930,108,299754,0,0,0,0,0,0,0,0,0,0,0,0,0,0,0.0,0.0,0.0,3.3331924830423665,0.0,1.9999635727815823,97291,67418,4,1.4431012489246196,0.08119004065719111,0.056260806868328114,0.07504556409349152,0.0,0.2501468732683975,0.0,0.04281272323067782,0.2813057033560542,0.0,0.0,0.0,0.0,0.0,149323.0,-102.0,5827280384.0,188769.0,1.37,541.0,6912.0,13282.0,0.04,5,0.008,0.18181818181818182,0.440913161453534,0.0,0.2501468732683975,5,snmp
1379031,156530236,595765,725763,56992,189853,387584,103939,653712,342246,0.8208809211822592,0.13767130688142615,1.9100646903104783,113.50740918804581,0,0,0,0,0,103834,108,342352,0,0,0,0,0,0,0,0,0,0,0,0,0,0,0.0,0.0,0.0,3.2971088468131824,0.0,1.9966871397921837,112339,77514,4,1.4492736795933638,0.08146227314686907,0.056209033734557094,0.07537103951977875,0.0,0.24825547794066993,0.0,0.04132756986608713,0.2810553207288306,0.0,0.0,0.0,0.0,0.0,192034.0,20862.0,5543833600.0,188986.0,1.6,500.0,8608.0,13306.0,0.04,5,0.008,0.18181818181818182,0.44109964510707894,0.0,0.24825547794066993,5,snmp
1210751,137914306,524419,637617,48715,167002,341527,91050,575470,299776,0.822467092314038,0.13793257242818713,1.9196666844577284,113.90806697661203,0,0,0,0,0,91055,108,299776,0,0,0,0,0,0,0,0,0,0,0,0,0,0,0.0,0.0,0.0,3.2922519356432924,0.0,2.0000958118255747,98694,68309,4,1.4448169348109328,0.08151469625050899,0.05641870211133421,0.07520125938363875,0.0,0.24759508767698726,0.0,0.040235358054628904,0.28207864375086206,0.0,0.0,0.0,0.0,0.0,149439.0,-278.0,5762919424.0,189201.0,1.37,491.0,10240.0,13333.0,0.04,5,0.008,0.18181818181818182,0.44108779724611763,0.0,0.24759508767698726,5,snmp
1200072,136172197,518021,631025,51026,165263,338157,89744,567405,299520,0.8209199318568995,0.13771090401242592,1.8943810096153846,113.47002263197541,0,0,0,0,0,89735,108,299520,0,0,0,0,0,0,0,0,0,0,0,0,0,0,0.0,0.0,0.0,3.337828049256143,0.0,2.000012101995619,97629,67632,4,1.4435326472675656,0.08135261884286943,0.05635661860288383,0.07478217973588251,0.0,0.2495850248985061,0.0,0.04251911551973548,0.2817805931644101,0.0,0.0,0.0,0.0,0.0,106368.0,30.0,5763476992.0,189202.0,1.37,469.0,11904.0,13354.0,0.04,5,0.008,0.18181818181818182,0.4409667399256105,0.0,0.2495850248985061,5,snmp
1209243,137446355,522716,636338,50189,166689,340624,91151,573629,299776,0.8214439495991124,0.1378457431632848,1.913525432322801,113.66313883975347,0,0,0,0,0,91156,108,299776,0,0,0,0,0,0,0,0,0,0,0,0,0,0,0.0,0.0,0.0,3.288604151125543,0.0,2.000035995824484,98568,68126,4,1.4468484866277191,0.08151215264425761,0.05633772533725645,0.07537856328297951,0.0,0.24790385389867875,0.0,0.04150447842162411,0.28168366490440716,0.0,0.0,0.0,0.0,0.0,149402.0,0.0,5762839552.0,189201.0,1.37,461.0,13440.0,13377.0,0.03,5,0.008,0.18181818181818182,0.4410950530684763,0.0,0.24790385389867875,5,snmp
1290863,146544854,558239,679394,53472,177692,363531,97216,611699,320618,0.8216719606001819,0.13765364721120676,1.90787479180832,113.52471486129822,0,0,0,0,0,97234,108,320791,0,0,0,0,0,0,0,0,0,0,0,0,0,0,0.0,0.0,0.0,3.2991649011662587,0.0,2.000112560642046,104978,72707,4,1.4438499731800238,0.08132388952197096,0.056324334960410206,0.0753108579299275,0.0,0.24850894324184675,0.0,0.04142345082320897,0.28161857609986496,0.0,0.0,0.0,0.0,0.0,149342.0,102.0,5763354112.0,188982.0,1.37,467.0,14880.0,13405.0,0.03,5,0.009000000000000001,0.18181818181818182,0.4410147226705749,0.0,0.24850894324184675,5,snmp
1213621,137646836,523305,638207,52109,167132,341903,91155,573989,302080,0.8199612351478439,0.13771350363910975,1.9001224841101696,113.41830439651258,0,0,0,0,0,91159,108,302080,0,0,0,0,0,0,0,0,0,0,0,0,0,0,0.0,0.0,0.0,3.313770445046567,0.0,1.9999521347884357,98760,68385,4,1.444176354463698,0.08137631105592273,0.05634790432927578,0.07510993959399187,0.0,0.24890801988429667,0.0,0.042936798226134845,0.2817213940760748,0.0,0.0,0.0,0.0,0.0,149338.0,-42696.0,5916079104.0,188767.0,1.37,391.0,16608.0,13431.0,0.03,5,0.008,0.18181818181818182,0.4410044947718208,0.0,0.24890801988429667,5,snmp
1214309,137993833,522714,640601,50994,167794,343198,91277,576417,299967,0.8159743740643552,0.13818064430058577,1.9216013761513766,113.63980090734731,0,0,0,0,0,91264,108,299967,0,0,0,0,0,0,0,0,0,0,0,0,0,0,0.0,0.0,0.0,3.286805312061711,0.0,2.00002383903881,99148,68639,4,1.4444849138245022,0.08164972836403254,0.056525151341215454,0.07516785266353128,0.0,0.2470269099545503,0.0,0.04199425352196187,0.2826282272469363,0.0,0.0,0.0,0.0,0.0,149318.0,30.0,5739810816.0,188746.0,1.37,365.0,2048.0,13460.0,0.03,5,0.006999999999999999,0.18181818181818182,0.4411233929190652,0.0,0.2470269099545503,5,snmp
1293169,137610896,524072,680621,48486,166477,340899,91143,613197,320724,0.7699909347492951,0.12873568729222554,1.911914917499158,106.41369844158034,0,0,0,0,0,91149,108,299573,0,0,0,0,0,0,0,0,0,0,0,0,0,0,0.0,0.0,0.0,3.286629584526435,0.0,1.999915907834987,98297,68172,4,1.441896966496509,0.07601249334000429,0.05271700759916144,0.07048034711627019,0.0,0.231658043148266,0.0,0.03749393930723672,0.2636151964669738,0.0,0.0,0.0,0.0,0.0,149310.0,94.0,5736664064.0,188745.0,1.37,373.0,3744.0,13485.0,0.03,5,0.008,0.18181818181818182,0.4410173086651416,0.0,0.231658043148266,5,snmp
1457759,145844557,557012,765136,53998,176589,361205,96595,689717,364169,0.7279908408439807,0.12113730733269354,1.893947590267156,100.04709763410824,0,0,0,0,0,96491,108,321650,0,0,0,0,0,0,0,0,0,0,0,0,0,0,0.0,0.0,0.0,3.3334715154781276,0.0,2.0003964792641344,104346,72243,4,1.444375233586645,0.07157973300113393,0.049557574331559606,0.06626266756027574,0.0,0.22064689705225624,0.0,0.037041788114496293,0.24778101181333814,0.0,0.0,0.0,0.0,0.0,170810.0,21531.0,5590530560.0,188959.0,1.48,350.0,5504.0,13508.0,0.03,5,0.008,0.18181818181818182,0.44092181628286947,0.0,0.22064689705225624,5,snmp
1200286,136393858,521060,630006,49220,165008,337466,90391,568174,299623,0.8270714882080488,0.13747390205334395,1.8962963457411481,113.6344654524005,0,0,0,0,0,90403,108,299623,0,0,0,0,0,0,0,0,0,0,0,0,0,0,0.0,0.0,0.0,3.3143037288585555,0.0,2.0000969696969695,97508,67493,4,1.4447127850295587,0.08123730510894904,0.05623076500100809,0.07530788495408594,0.0,0.24962633905585835,0.0,0.04100689335708323,0.28115465813981,0.0,0.0,0.0,0.0,0.0,149230.0,-18.0,5760141312.0,189175.0,1.37,367.0,7264.0,13535.0,0.03,5,0.008,0.18181818181818182,0.4409624901943499,0.0,0.24962633905585835,5,snmp
1464137,185654254,706116,769960,68080,224979,459661,122881,694471,363549,0.9170814068263287,0.15365980096124884,1.9102541885688036,126.80114907279851,0,0,0,0,0,116362,108,384730,0,0,0,0,0,0,0,0,0,0,0,0,0,0,0.0,0.0,0.0,3.3063199326240524,0.0,1.9997777817283249,133049,91948,4,1.4470026536738156,0.09087196075230665,0.0628001341404527,0.08392725544125994,0.0,0.2627691261131984,0.0,0.04649838095751969,0.3139467140028563,0.0,0.0,0.0,0.0,0.0,170343.0,42403.0,5761837056.0,189601.0,1.59,327.0,8864.0,13563.0,0.02,5,0.008,0.18181818181818182,0.4415006797143589,0.0,0.2627691261131984,5,snmp
1208581,147021185,594017,635411,59866,189968,364505,97738,572293,299643,0.9348547632949382,0.1571826795225144,1.9099161335322368,121.64777122923495,0,0,0,0,0,97596,108,321509,0,0,0,0,0,0,0,0,0,0,0,0,0,0,0.0,0.0,0.0,3.2942846018279437,0.0,1.9969095247605932,105587,72894,4,1.4485005624605591,0.08736443813033631,0.06031370673541947,0.08087004511902801,0.0,0.2660218884791338,0.0,0.04953412307491182,0.3015974932586231,0.0,0.0,0.0,0.0,0.0,149315.0,49.0,5758148096.0,189810.0,1.37,335.0,10336.0,13591.0,0.02,5,0.008,0.18181818181818182,0.44380536400809867,0.0,0.2660218884791338,5,snmp
1204971,136994018,521290,632947,50734,165755,339223,90441,570946,299640,0.8235918647216908,0.13755932715393152,1.9054398611667334,113.6907178678989,0,0,0,0,0,90454,108,299640,0,0,0,0,0,0,0,0,0,0,0,0,0,0,0.0,0.0,0.0,3.312622990691401,0.0,2.0000603318250376,97908,67844,4,1.4431342491598373,0.08125340775836098,0.056303429709096735,0.07505657812511671,0.0,0.24866988500138176,0.0,0.042103917853624696,0.28151963823195747,0.0,0.0,0.0,0.0,0.0,106755.0,0.0,5757930496.0,189596.0,1.37,343.0,11872.0,13615.0,0.03,5,0.009000000000000001,0.18181818181818182,0.44098898296225547,0.0,0.24866988500138176,5,snmp
1295440,147432702,559757,682251,53432,178737,365506,97397,614376,321008,0.8204561077961043,0.13797397023405175,1.9138962268853112,113.80897764466127,0,0,0,0,0,97258,108,321008,0,0,0,0,0,0,0,0,0,0,0,0,0,0,0.0,0.0,0.0,3.300581957268297,0.0,1.9974854997150233,105626,73096,4,1.4450311918572836,0.08153677514975606,0.05642561600691657,0.07518449329957388,0.0,0.24779843142098437,0.0,0.04124621750138949,0.28214815043537333,0.0,0.0,0.0,0.0,0.0,192087.0,21208.0,5499093504.0,190022.0,1.59,324.0,13440.0,13637.0,0.02,5,0.008,0.18181818181818182,0.44108433873313746,0.0,0.24779843142098437,5,snmp
1547296,175837261,669482,813267,63994,212968,436537,116269,732821,385163,0.8232007446508957,0.1376388228238165,1.9026256416114735,113.6416438742167,0,0,0,0,0,116071,108,384733,0,0,0,0,0,0,0,0,0,0,0,0,0,0,0.0,0.0,0.0,3.314635007883106,0.0,2.0020117130582737,125664,87309,4,1.4393017901934508,0.08121522966517072,0.05642682460240316,0.07514334684507683,0.0,0.24864861022066884,0.0,0.041358602361797614,0.282128952702004,0.0,0.0,0.0,0.0,0.0,170804.0,21574.0,5705986048.0,190666.0,1.47,314.0,15040.0,13662.0,0.02,5,0.008,0.18181818181818182,0.4409419502775037,0.0,0.24864861022066884,5,snmp
1211983,137789256,525056,636937,49990,166784,341498,90909,574018,302080,0.8243452649163104,0.1376124912643164,1.9002184851694914,113.68909959958184,0,0,0,0,0,90909,108,302080,0,0,0,0,0,0,0,0,0,0,0,0,0,0,0.0,0.0,0.0,3.3228833228833228,0.0,2.0000719519361065,98482,68296,4,1.441987817734567,0.08125691531976934,0.05635062538005896,0.07500847784168589,0.0,0.24924442009500133,0.0,0.04124645312681779,0.2817679785937591,0.0,0.0,0.0,0.0,0.0,106382.0,-42620.0,5864472576.0,190666.0,1.36,289.0,16640.0,13694.0,0.02,5,0.008,0.18181818181818182,0.4409512049417245,0.0,0.24924442009500133,5,snmp
1388022,147728401,558871,731325,56447,179610,367360,97772,658270,342985,0.7641896557618022,0.12939996628295516,1.9192384506611075,106.4308786171977,0,0,0,0,0,97692,108,321223,0,0,0,0,0,0,0,0,0,0,0,0,0,0,0.0,0.0,0.0,3.2881198051017484,0.0,2.0003341129301706,106136,73485,4,1.444321970470164,0.07646564679810551,0.05294224443128423,0.07043980570913141,0.0,0.2314250062318897,0.0,0.04066722285381644,0.2646643929274896,0.0,0.0,0.0,0.0,0.0,127692.0,-49.0,5862856704.0,190424.0,1.36,281.0,2144.0,13725.0,0.02,5,0.008,0.18181818181818182,0.44111992294740915,0.0,0.2314250062318897,5,snmp
1196878,145384951,555174,627635,54770,175900,359697,96036,565161,300032,0.8845491408222932,0.14696568906772453,1.883669075298635,121.47015067534035,0,0,0,0,0,95899,108,321312,0,0,0,0,0,0,0,0,0,0,0,0,0,0,0.0,0.0,0.0,3.350525031543603,0.0,1.9981143434848296,103964,71930,4,1.4453496454886696,0.08686265433903874,0.06009802168642084,0.08023875449293913,0.0,0.2684584393731024,0.0,0.045760720808637134,0.3005293772631797,0.0,0.0,0.0,0.0,0.0,171617.0,22209.0,5693067264.0,190646.0,1.48,297.0,3840.0,13753.0,0.02,5,0.009000000000000001,0.18181818181818182,0.4408972775746491,0.0,0.2684584393731024,5,snmp
1289486,146688132,558546,678814,52126,177775,363553,96826,611370,320698,0.822826282310029,0.13786500977909028,1.9063729739505704,113.75705668770347,0,0,0,0,0,96988,108,320698,0,0,0,0,0,0,0,0,0,0,0,0,0,0,0.0,0.0,0.0,3.306574009155772,0.0,2.000799081618872,105060,72703,4,1.4450572878698265,0.08147432387788622,0.05638137986763718,0.07508883384542368,0.0,0.2487021960688212,0.0,0.04042385880885872,0.281936368444481,0.0,0.0,0.0,0.0,0.0,170346.0,-21641.0,5853387264.0,190863.0,1.47,274.0,5536.0,13777.0,0.02,5,0.008,0.18181818181818182,0.4410366950029525,0.0,0.2487021960688212,5,snmp
1292872,146950746,559500,679604,53768,178030,364029,97656,613031,320769,0.8232735534222871,0.13770118000853912,1.9111291926588916,113.66225426801725,0,0,0,0,0,97714,108,320769,0,0,0,0,0,0,0,0,0,0,0,0,0,0,0.0,0.0,0.0,3.2827332828458564,0.0,1.9998652003459858,105228,72818,4,1.4450822598807986,0.08139088788371934,0.05632266767321127,0.07553415960744761,0.0,0.24810576762432784,0.0,0.041588030369595755,0.2815661565878138,0.0,0.0,0.0,0.0,0.0,127183.0,-21556.0,5849719808.0,190858.0,1.36,260.0,7168.0,13804.0,0.02,5,0.008,0.18181818181818182,0.4410538323489488,0.0,0.24810576762432784,5,snmp
1462459,146584397,559062,768803,53003,177555,362741,97084,693033,364028,0.7271849875715886,0.1214085317947375,1.9037903677739074,100.23145742889203,0,0,0,0,0,97188,108,321257,0,0,0,0,0,0,0,0,0,0,0,0,0,0,0.0,0.0,0.0,3.305521257768449,0.0,1.998840468765831,105001,72553,4,1.4472316789105895,0.07179756834208685,0.049610279672797665,0.06638408324609442,0.0,0.2196690642267578,0.0,0.036242383547162686,0.24803498764751697,0.0,0.0,0.0,0.0,0.0,128099.0,76.0,6137998848.0,190857.0,1.36,253.0,8736.0,13826.0,0.02,5,0.008,0.18181818181818182,0.441038233722577,0.0,0.2196690642267578,5,snmp
1204480,136878192,521291,633345,49844,165840,339532,90479,570580,299776,0.8230758907072765,0.13768597236981933,1.9033545046968403,113.64090063761955,0,0,0,0,0,90466,108,299776,0,0,0,0,0,0,0,0,0,0,0,0,0,0,0.0,0.0,0.0,3.313686909999337,0.0,2.0,97935,67896,4,1.4424266525273948,0.08130894659936239,0.05636955366631243,0.0751187234325186,0.0,0.24888416578108397,0.0,0.041382173219978745,0.28189094048884167,0.0,0.0,0.0,0.0,0.0,149130.0,-118.0,5780628992.0,190857.0,1.36,254.0,10368.0,13844.0,0.02,5,0.008,0.18181818181818182,0.4409760589870404,0.0,0.24888416578108397,5,snmp
1206734,136928424,520129,635055,51550,166359,339908,90817,571462,299520,0.8190298478084576,0.13785888190769466,1.907926014957265,113.47026270909745,0,0,0,0,0,90833,108,299520,0,0,0,0,0,0,0,0,0,0,0,0,0,0,0.0,0.0,0.0,3.29747999075226,0.0,2.0001082055906223,98379,67981,4,1.4471543519512806,0.08152500882547438,0.05633470176526061,0.07525850767443364,0.0,0.24820714424222737,0.0,0.042718610729456534,0.28167599487542405,0.0,0.0,0.0,0.0,0.0,149499.0,-22209.0,5779560448.0,190855.0,1.36,241.0,12000.0,13870.0,0.02,5,0.008,0.18181818181818182,0.4410874313765023,0.0,0.24820714424222737,5,snmp
1464479,166225533,631338,770962,62179,201864,412785,110278,693969,363400,0.8188963917806584,0.13784014656406818,1.9096560264171711,113.50489354917346,0,0,0,0,0,110317,108,363400,0,0,0,0,0,0,0,0,0,0,0,0,0,0,0.0,0.0,0.0,3.2941432417487784,0.0,2.0020232073787563,119309,82554,4,1.4452237323448893,0.08146856322282532,0.05637090050454804,0.07530186503186458,0.0,0.24814285489925086,0.0,0.0424581028474973,0.28186474507316256,0.0,0.0,0.0,0.0,0.0,149378.0,-21098.0,6048380416.0,190645.0,1.36,236.0,13600.0,13900.0,0.02,5,0.008,0.18181818181818182,0.44106111045076546,0.0,0.24814285489925086,5,snmp
1288018,146364001,557279,677577,53162,177410,363417,96305,610083,321398,0.8224585545259063,0.1377387583092783,1.8982165414843901,113.6350586715403,0,0,0,0,0,96402,108,321398,0,0,0,0,0,0,0,0,0,0,0,0,0,0,0.0,0.0,0.0,3.3339349806020624,0.0,2.0014891864754794,104734,72690,4,1.4408309258494978,0.08131408101439576,0.05643554670819818,0.0747699178117076,0.0,0.24952912148743264,0.0,0.04127426790619386,0.2821521127810326,0.0,0.0,0.0,0.0,0.0,149248.0,0.0,5822585344.0,189793.0,1.37,224.0,15264.0,13931.0,0.02,5,0.008,0.18181818181818182,0.4409336190169676,0.0,0.24952912148743264,5,snmp
1213337,147609434,598979,638310,57095,190976,366078,97238,575012,302080,0.9383826040638561,0.15739732654654065,1.9035090042372882,121.65575928204612,0,0,0,0,0,90923,108,302080,0,0,0,0,0,0,0,0,0,0,0,0,0,0,0.0,0.0,0.0,3.3223716771333986,0.0,2.001152641119948,105614,73202,4,1.44277478757411,0.08704424244871788,0.06033113636195055,0.08014096660696904,0.0,0.2489662805964048,0.0,0.047056176478587564,0.3017117255964336,0.0,0.0,0.0,0.0,0.0,192480.0,43283.0,5395264512.0,189164.0,1.6,245.0,16896.0,13958.0,0.02,5,0.009000000000000001,0.18181818181818182,0.44425836800964863,0.0,0.2489662805964048,5,snmp
1177088,133900861,507225,620971,48892,162632,332626,88534,559426,290304,0.8168255844475829,0.13816469117007393,1.9270351080246915,113.75603268404741,0,0,0,0,0,88528,108,290304,0,0,0,0,0,0,0,0,0,0,0,0,0,0,0.0,0.0,0.0,3.2792336887764324,0.0,1.999680310836233,96116,66535,4,1.4445930713158488,0.08165574706394084,0.056525085635058724,0.07521442746846455,0.0,0.2466289691170074,0.0,0.04153640169638974,0.2825838000217486,0.0,0.0,0.0,0.0,0.0,-127853.0,21525.0,5779656704.0,189123.0,0.69,229.0,1152.0,13977.0,0.02,5,0.008,0.18181818181818182,0.44113934129507404,0.0,0.2466289691170074,5,snmp
1200624,136456704,519779,631569,49277,165431,338115,89859,568637,299520,0.8229963788596337,0.13778751715774465,1.8984942574786325,113.65481949386319,0,0,0,0,0,89859,108,299520,0,0,0,0,0,0,0,0,0,0,0,0,0,0,0.0,0.0,0.0,3.333222047875004,0.0,1.9999879104405436,97812,67631,4,1.446259851251645,0.081467636828849,0.056329875131598234,0.0748435813377044,0.0,0.24947027545676248,0.0,0.04104282439797972,0.2816160596489825,0.0,0.0,0.0,0.0,0.0,-256.0,148992.0,5712058880.0,187844.0,1.38,7398.0,3904.0,14023.0,0.53,5,0.008,0.18181818181818182,0.44101655890257585,0.0,0.24947027545676248,5,snmp
1208249,146944435,558286,635871,54696,178394,365052,97366,571995,300032,0.8779862582190413,0.14764671851580263,1.9064466456911262,121.61767566122546,0,0,0,0,0,97427,108,321482,0,0,0,0,0,0,0,0,0,0,0,0,0,0,0.0,0.0,0.0,3.2997218430209285,0.0,1.9981854432222943,105371,73001,4,1.443418583307078,0.0872096728406148,0.06041883750783158,0.08058438285485856,0.0,0.2660726390007358,0.0,0.04526881462347579,0.3021330868057826,0.0,0.0,0.0,0.0,0.0,-43232.0,149248.0,5664977920.0,187840.0,1.38,4157.0,5632.0,14044.0,0.3,5,0.008,0.18181818181818182,0.44102578006581716,0.0,0.2660726390007358,5,snmp
1292794,136779550,520256,679511,51758,165968,339434,90924,611574,321169,0.7656329330945342,0.1283793086910985,1.9042124239886167,105.80150433866494,0,0,0,0,0,90928,108,299559,0,0,0,0,0,0,0,0,0,0,0,0,0,0,0.0,0.0,0.0,3.2944637515396797,0.0,1.9999036005205573,98095,67897,4,1.4447619187887535,0.075878291514348,0.05251958161934539,0.07033139077068737,0.0,0.23171441080326796,0.0,0.04003576749273279,0.2625584586562128,0.0,0.0,0.0,0.0,0.0,149316.0,149572.0,5617291776.0,187419.0,1.38,2958.0,6816.0,14065.0,0.21,5,0.008,0.18181818181818182,0.44102830382910774,0.0,0.23171441080326796,5,snmp
1804931,185402663,707278,949485,67324,224648,459852,122983,854016,449448,0.7449069758869282,0.12446348364563521,1.9001441768569445,102.72008348241567,0,0,0,0,0,123024,108,406839,0,0,0,0,0,0,0,0,0,0,0,0,0,0,0.0,0.0,0.0,3.306988880218494,0.0,1.9992702353935834,132686,91978,4,1.4425840961969167,0.07351305950199759,0.05095928874843415,0.06813723073070384,0.0,0.22540418442588664,0.0,0.03730004083258585,0.254775390305779,0.0,0.0,0.0,0.0,0.0,149248.0,106016.0,5617810944.0,187420.0,1.38,2296.0,8544.0,14087.0,0.16,5,0.008,0.18181818181818182,0.4409616504463634,0.0,0.22540418442588664,5,snmp
1464743,166383330,633221,770545,60977,201735,414001,110203,695602,363313,0.8217832832605494,0.13772723269542847,1.9146080652219986,113.5921659977211,0,0,0,0,0,110118,108,363313,0,0,0,0,0,0,0,0,0,0,0,0,0,0,0.0,0.0,0.0,3.2993061988049184,0.0,2.003068124273927,118941,82799,4,1.4365028563146898,0.08120264100937843,0.05652800525416404,0.07523708937335764,0.0,0.24803873444010313,0.0,0.041629828577436453,0.282644122552557,0.0,0.0,0.0,0.0,0.0,149431.0,127853.0,5616382464.0,188915.0,1.37,1822.0,10336.0,14110.0,0.13,5,0.008,0.18181818181818182,0.44093346017494695,0.0,0.24803873444010313,5,snmp
1210717,137694031,522641,638005,50072,167094,341777,91062,574602,299776,0.819180100469432,0.13801243395442536,1.9167711891545687,113.72932815843835,0,0,0,0,0,91053,108,299776,0,0,0,0,0,0,0,0,0,0,0,0,0,0,0.0,0.0,0.0,3.292324250711124,0.0,2.000071818442976,98737,68362,4,1.4443257950323278,0.08155250153421485,0.05646406220446232,0.07521328270768478,0.0,0.24760204077418588,0.0,0.04135731141133725,0.28229305444624964,0.0,0.0,0.0,0.0,0.0,149197.0,205.0,5617752064.0,188916.0,1.37,1540.0,12256.0,14133.0,0.11,5,0.008,0.18181818181818182,0.4410871186892081,0.0,0.24760204077418588,5,snmp
1373799,156501392,558281,722518,52957,177560,388408,103745,650998,341701,0.7726880160771081,0.12924743721607018,1.9051685537941065,113.91869698551244,0,0,0,0,0,109858,108,363499,0,0,0,0,0,0,0,0,0,0,0,0,0,0,0.0,0.0,0.0,3.308807733619764,0.0,2.000247834266467,112013,77680,4,1.4419799176107106,0.0815352173061707,0.056543934010725,0.07551686964395811,0.0,0.26459401994032605,0.0,0.03854785161439191,0.28272549332180325,0.0,0.0,0.0,0.0,0.0,170347.0,21099.0,5485507584.0,189126.0,1.48,1413.0,14016.0,14156.0,0.1,5,0.008,0.18181818181818182,0.4370530699048117,0.0,0.26459401994032605,5,snmp
1545950,165907622,632392,812003,61512,201076,410910,110123,731271,385561,0.7788050044150083,0.13006630227368285,1.896641517165896,107.31758595038649,0,0,0,0,0,116023,108,385561,0,0,0,0,0,0,0,0,0,0,0,0,0,0,0.0,0.0,0.0,3.3231428251295,0.0,1.9984098272674868,118891,82175,4,1.4468025555217523,0.07690481580904945,0.05315501795012775,0.07123322229050098,0.0,0.2494006921310521,0.0,0.03978912642711601,0.2657977295514085,0.0,0.0,0.0,0.0,0.0,149442.0,-68.0,5666341888.0,189336.0,1.37,1211.0,15488.0,14183.0,0.09,5,0.008,0.18181818181818182,0.4402179675316945,0.0,0.2494006921310521,5,snmp
1208452,137300718,522229,635769,50454,166476,340864,90882,572715,300032,0.821413123319948,0.13775971242548318,1.90884638971843,113.61702243862396,0,0,0,0,0,90884,108,300032,0,0,0,0,0,0,0,0,0,0,0,0,0,0,0.0,0.0,0.0,3.3012631486290216,0.0,2.0,98305,68177,4,1.4419085615383487,0.08134787314680268,0.05641680430832172,0.07520530397566473,0.0,0.24827796221943446,0.0,0.04175093425307749,0.2820666439378643,0.0,0.0,0.0,0.0,0.0,128405.0,256.0,5664420864.0,189336.0,1.37,1083.0,17056.0,14212.0,0.08,5,0.008,0.18181818181818182,0.44100466225490387,0.0,0.24827796221943446,5,snmp
1216510,138071194,524447,640200,51863,167653,343145,91364,575914,302223,0.819192439862543,0.13781473230799582,1.9055928900182977,113.49778793433676,0,0,0,0,0,91364,108,302223,0,0,0,0,0,0,0,0,0,0,0,0,0,0,0.0,0.0,0.0,3.3079002670636135,0.0,2.0000119294729557,99020,68627,4,1.4428723388753697,0.08139678259940321,0.05641301756664557,0.0751033694749735,0.0,0.24843445594364205,0.0,0.04263261296660118,0.28207330806980624,0.0,0.0,0.0,0.0,0.0,173482.0,24234.0,5330835968.0,189555.0,1.49,979.0,1152.0,14237.0,0.07,5,0.008,0.18181818181818182,0.4410151377149141,0.0,0.24843445594364205,5,snmp
1467099,186199238,671800,770743,64409,213181,461655,123209,694397,365043,0.8716264695235636,0.14530784902722993,1.9022334355130766,126.91661435254198,0,0,0,0,0,123634,108,407697,0,0,0,0,0,0,0,0,0,0,0,0,0,0,0.0,0.0,0.0,3.29761230729411,0.0,2.001699530516432,133024,92333,4,1.4406983418712702,0.09067145434629838,0.06293576643430335,0.08398138094293568,0.0,0.2778933119032867,0.0,0.0439022860761271,0.3146720159989203,0.0,0.0,0.0,0.0,0.0,149248.0,51.0,5668916224.0,189585.0,1.37,970.0,2944.0,14270.0,0.07,5,0.009000000000000001,0.18181818181818182,0.43839001432044705,0.0,0.2778933119032867,5,snmp
1382510,157274848,560454,727096,53467,178302,389113,104024,655380,343086,0.7708115572084017,0.12896977237054344,1.9102499081862856,113.76036918358638,0,0,0,0,0,104212,108,343086,0,0,0,0,0,0,0,0,0,0,0,0,0,0,0.0,0.0,0.0,3.292192837677043,0.0,1.9984756610139096,112668,77824,4,1.447728207236842,0.08149525139058669,0.05629181705738114,0.07524285538621782,0.0,0.2481616769498955,0.0,0.038673861310225606,0.28145402203239034,0.0,0.0,0.0,0.0,0.0,127574.0,-21099.0,5670714368.0,189374.0,1.37,728.0,4640.0,14290.0,0.05,5,0.006999999999999999,0.18181818181818182,0.4380441906640594,0.0,0.2481616769498955,5,snmp
1198682,136190495,519536,629732,49414,164958,337213,89756,567247,299610,0.8250112746374648,0.13761614840299596,1.8932846033176463,113.61686836041585,0,0,0,0,0,89761,108,299610,0,0,0,0,0,0,0,0,0,0,0,0,0,0,0.0,0.0,0.0,3.3378638829781306,0.0,1.9999757516973813,97513,67436,4,1.446008066907883,0.08135018295094111,0.056258457205497374,0.07487890866802037,0.0,0.24994952789814145,0.0,0.04122361059897454,0.28131981626486424,0.0,0.0,0.0,0.0,0.0,149212.0,-36.0,5670059520.0,189157.0,1.37,783.0,6336.0,14321.0,0.05,5,0.008,0.18181818181818182,0.44097455247264417,0.0,0.24994952789814145,5,snmp
1201292,146184893,556411,631262,54054,177440,362870,96600,568098,299651,0.8814264124880002,0.147707634779887,1.8958655235590738,121.6897248961951,0,0,0,0,0,96583,108,321124,0,0,0,0,0,0,0,0,0,0,0,0,0,0,0.0,0.0,0.0,3.324850128904673,0.0,1.999729522607402,104865,72572,4,1.444978779694648,0.087293513983278,0.06041162348538074,0.08041342154946507,0.0,0.2673155236195696,0.0,0.044996553710505025,0.3020664417976645,0.0,0.0,0.0,0.0,0.0,149248.0,-256.0,5669329408.0,188727.0,1.37,668.0,8064.0,14341.0,0.05,5,0.006999999999999999,0.18181818181818182,0.4410016929648901,0.0,0.2673155236195696,5,snmp
1470769,167019344,595940,774194,59688,191230,414349,110627,696612,363941,0.7697553843093592,0.13002041789023294,1.9140794799157006,113.5591952237231,0,0,0,0,0,104365,108,342710,0,0,0,0,0,0,0,0,0,0,0,0,0,0,0.0,0.0,0.0,3.2837637138887557,0.0,1.9982653764968965,120026,82878,4,1.4482251019570935,0.081607648787811,0.05635011344405546,0.07521711431230874,0.0,0.23301415789971097,0.0,0.04058285155588675,0.28172269064686567,0.0,0.0,0.0,0.0,0.0,149349.0,-24234.0,5669484544.0,188515.0,1.37,663.0,9440.0,14374.0,0.05,5,0.008,0.18181818181818182,0.4389186982313757,0.0,0.23301415789971097,5,snmp
1209859,137652084,522135,637816,49908,167020,341913,90804,574325,299520,0.8186295107052818,0.13804914456973913,1.917484642094017,113.77531100731572,0,0,0,0,0,90798,108,299520,0,0,0,0,0,0,0,0,0,0,0,0,0,0,0.0,0.0,0.0,3.2987510738121983,0.0,2.000239520958084,98632,68376,4,1.4424944424944426,0.08152354943840563,0.05651567662016813,0.07505337398820855,0.0,0.2475660386871528,0.0,0.04125108793669345,0.2826056590065454,0.0,0.0,0.0,0.0,0.0,149248.0,0.0,5667953664.0,188515.0,1.37,622.0,11136.0,14402.0,0.04,5,0.008,0.18181818181818182,0.4410620823710262,0.0,0.2475660386871528,5,snmp
1291777,146824457,558800,679152,53825,177867,363976,96919,612001,321455,0.822790774377459,0.13769172233287943,1.9038465726151406,113.66083851934197,0,0,0,0,0,97093,108,321455,0,0,0,0,0,0,0,0,0,0,0,0,0,0,0.0,0.0,0.0,3.310794804980792,0.0,1.9995390876183197,105078,72804,4,1.4432998186912807,0.08134376134580504,0.056359572898418225,0.07502765570218389,0.0,0.2488471307354133,0.0,0.0416674085387803,0.2817638028854826,0.0,0.0,0.0,0.0,0.0,149267.0,0.0,5811690496.0,188515.0,1.37,620.0,12672.0,14431.0,0.04,5,0.008,0.18181818181818182,0.44099491826447695,0.0,0.2488471307354133,5,snmp
1295609,157114957,597592,682312,56836,190384,389858,103798,614947,321439,0.8758339293461056,0.1469455676828426,1.9131063747709518,121.26726273127154,0,0,0,0,0,103676,108,343274,0,0,0,0,0,0,0,0,0,0,0,0,0,0,0.0,0.0,0.0,3.311026659979166,0.0,2.0009669350261703,112412,77973,4,1.4416785297474768,0.0867638307544946,0.060182508766147814,0.08011521994675863,0.0,0.2649518488988576,0.0,0.043868173191140225,0.30090714096614024,0.0,0.0,0.0,0.0,0.0,149461.0,249.0,5638276608.0,188515.0,1.38,571.0,14240.0,14453.0,0.04,5,0.008,0.18181818181818182,0.4409962846663558,0.0,0.2649518488988576,5,snmp
1209522,137528430,523174,636340,50008,166672,340887,91181,573973,299698,0.8221611088411855,0.13779989119668762,1.9151712724142302,113.70477758982474,0,0,0,0,0,91175,108,299698,0,0,0,0,0,0,0,0,0,0,0,0,0,0,0.0,0.0,0.0,3.287063339731286,0.0,2.000047999616003,98487,68176,4,1.4445992724712509,0.08142638166151588,0.05636606857915772,0.07538597892390547,0.0,0.24778218172137423,0.0,0.04134525870550515,0.2818361303060217,0.0,0.0,0.0,0.0,0.0,149248.0,0.0,5639817728.0,188298.0,1.38,542.0,16096.0,14484.0,0.04,5,0.008,0.18181818181818182,0.44106665241374216,0.0,0.24778218172137423,5,snmp
1209600,137076012,522090,635081,52429,166352,339986,90651,571219,302336,0.822084112105385,0.13752645502645502,1.8893515823454698,113.32342261904762,0,0,0,0,0,90643,108,302336,0,0,0,0,0,0,0,0,0,0,0,0,0,0,0.0,0.0,0.0,3.335458888165661,0.0,1.9998076553183304,98363,67996,4,1.4465997999882345,0.08131861772486773,0.05621362433862434,0.07494295634920635,0.0,0.24994708994708995,0.0,0.04334408068783069,0.281073082010582,0.0,0.0,0.0,0.0,0.0,151851.0,2560.0,5780779008.0,188078.0,1.39,529.0,1184.0,14505.0,0.04,5,0.008,0.18181818181818182,0.44097477007499414,0.0,0.24994708994708995,5,snmp
1213830,137883800,522600,639724,51506,167569,342501,91562,575949,299776,0.8169147945051304,0.1380498092813656,1.9212645441929974,113.59399586433027,0,0,0,0,0,91568,108,299776,0,0,0,0,0,0,0,0,0,0,0,0,0,0,0.0,0.0,0.0,3.2738074436484363,0.0,2.0001551720021964,99067,68501,4,1.4462124640516196,0.08161521794649992,0.05643376749627213,0.07543230930196156,0.0,0.24696703821787236,0.0,0.04243263059901304,0.28216554212698647,0.0,0.0,0.0,0.0,0.0,149248.0,0.0,5591446528.0,188103.0,1.38,505.0,2848.0,14526.0,0.03,5,0.008,0.18181818181818182,0.44114056202442015,0.0,0.24696703821787236,5,snmp
1205381,137114427,521535,633820,50026,165995,339678,90430,571291,299776,0.8228440251175413,0.13771164469989158,1.9057262756191289,113.75193984308696,0,0,0,0,0,90432,108,299776,0,0,0,0,0,0,0,0,0,0,0,0,0,0,0.0,0.0,0.0,3.3149327671620665,0.0,1.9999638549862047,98059,67937,4,1.4433813680321474,0.08135104170382643,0.05636143260927458,0.07502192252905927,0.0,0.24869812947109668,0.0,0.04150223041511356,0.28180135575390686,0.0,0.0,0.0,0.0,0.0,149348.0,0.0,5591438336.0,188104.0,1.38,508.0,4608.0,14547.0,0.03,5,0.009000000000000001,0.18181818181818182,0.44100331199960846,0.0,0.24869812947109668,5,snmp
1286190,146387690,595468,675679,56708,189406,362742,96293,608335,321481,0.881288304061544,0.14726129110007075,1.8922891243961542,113.81498067937086,0,0,0,0,0,96304,108,321472,0,0,0,0,0,0,0,0,0,0,0,0,0,0,0.0,0.0,0.0,3.3380960292407376,0.0,1.99974660824579,104624,72550,4,1.4420951068228807,0.0813441248960107,0.0564069072221056,0.07486685481927242,0.0,0.2499412994969639,0.0,0.04408990895590854,0.2820283161896765,0.0,0.0,0.0,0.0,0.0,192346.0,42885.0,5356825600.0,188537.0,1.6,412.0,6400.0,14575.0,0.03,5,0.006999999999999999,0.18181818181818182,0.443838691123758,0.0,0.2499412994969639,5,snmp
1291116,136855261,521043,679203,49484,165867,339429,90319,611605,321482,0.7671388377259818,0.1284679300698001,1.9024548808331414,105.99764932043287,0,0,0,0,0,90312,108,299776,0,0,0,0,0,0,0,0,0,0,0,0,0,0,0.0,0.0,0.0,3.319337408096377,0.0,2.000156764383132,97987,67886,4,1.44340512034882,0.07589325823551099,0.05257931897676119,0.06995421015617496,0.0,0.2321836302857373,0.0,0.038326533014849166,0.2628958203600606,0.0,0.0,0.0,0.0,0.0,192447.0,43199.0,5504185344.0,188973.0,1.6,431.0,7936.0,14593.0,0.03,5,0.008,0.18181818181818182,0.44099370910268987,0.0,0.2321836302857373,5,snmp
1297809,147561750,560785,683559,53466,179005,366217,97918,615919,321009,0.820390046799179,0.13792861661461742,1.9186969835736694,113.7006678178376,0,0,0,0,0,98036,108,321009,0,0,0,0,0,0,0,0,0,0,0,0,0,0,0.0,0.0,0.0,3.27439920029377,0.0,1.9998771059570095,105761,73252,4,1.4437967564025556,0.08149196068142539,0.05644282016845314,0.07544869853730403,0.0,0.2473468746171432,0.0,0.04119712530888597,0.2821809680777372,0.0,0.0,0.0,0.0,0.0,127311.0,18577.0,5731506688.0,189190.0,1.48,402.0,9696.0,14613.0,0.03,5,0.008,0.18181818181818182,0.4410840945196931,0.0,0.2473468746171432,5,snmp
1551058,166051008,593969,816650,58286,190188,413131,109929,734444,385585,0.727323822935162,0.12261823864742646,1.9047525188998535,107.05660781221592,0,0,0,0,0,109858,108,363825,0,0,0,0,0,0,0,0,0,0,0,0,0,0,0.0,0.0,0.0,3.3117752007136487,0.0,2.0004628071356447,119129,82618,4,1.44192548839236,0.07680499375265142,0.053265577431662776,0.07087355856454111,0.0,0.23456569644719927,0.0,0.0375782208015432,0.26635432072817394,0.0,0.0,0.0,0.0,0.0,106049.0,0.0,5890511360.0,189402.0,1.37,409.0,11712.0,14638.0,0.03,5,0.008,0.18181818181818182,0.4382774968212807,0.0,0.23456569644719927,5,snmp
1206061,136851772,520695,634076,51291,166096,339625,90829,570897,299821,0.8211870501327917,0.1377177439615409,1.9041261285900588,113.47002514798173,0,0,0,0,0,90835,108,299822,0,0,0,0,0,0,0,0,0,0,0,0,0,0,0.0,0.0,0.0,3.300732096658777,0.0,2.0002408535851055,98158,67917,4,1.4452640723235715,0.08138725984838246,0.0563130720585443,0.07531045278804306,0.0,0.24859604945355168,0.0,0.04252769967688202,0.2815985261110342,0.0,0.0,0.0,0.0,0.0,128111.0,0.0,5890515456.0,189403.0,1.37,362.0,13120.0,14662.0,0.02,5,0.008,0.18181818181818182,0.4410342665934318,0.0,0.24859604945355168,5,snmp
1293237,166228455,631832,681789,60417,201748,412718,109804,613643,320895,0.9267265972316948,0.15600234141151234,1.9122859502329423,128.53672992653318,0,0,0,0,0,109887,108,363002,0,0,0,0,0,0,0,0,0,0,0,0,0,0,0.0,0.0,0.0,3.3034116865507293,0.0,2.0007735409332077,119213,82547,4,1.4441833137485312,0.09218186612353343,0.0638297543296395,0.08490632420816911,0.0,0.28069255673940663,0.0,0.04671765500059154,0.31913562633917836,0.0,0.0,0.0,0.0,0.0,149342.0,-43098.0,5890140160.0,189403.0,1.37,350.0,14656.0,14687.0,0.02,5,0.008,0.18181818181818182,0.44105236827835703,0.0,0.28069255673940663,5,snmp
1202057,136680553,521120,631318,49619,165353,338086,90280,569515,299544,0.8254477141472285,0.13755836869632637,1.90127326870176,113.70555056873343,0,0,0,0,0,90271,108,299544,0,0,0,0,0,0,0,0,0,0,0,0,0,0,0.0,0.0,0.0,3.3182749720286693,0.0,2.000036286664651,97737,67619,4,1.4454073559206733,0.08130812432355537,0.05625274009468769,0.07510459154599158,0.0,0.24919284193678004,0.0,0.04127840859460075,0.2812562133076884,0.0,0.0,0.0,0.0,0.0,149173.0,-43274.0,5889422848.0,189403.0,1.37,378.0,16128.0,14710.0,0.03,5,0.009000000000000001,0.18181818181818182,0.44099739991496967,0.0,0.24919284193678004,5,snmp
1468945,147602442,563505,770956,53225,178686,365556,97922,695081,366799,0.7309171989062929,0.12164240322135955,1.894991534873323,100.48193907872657,0,0,0,0,0,97864,108,323910,0,0,0,0,0,0,0,0,0,0,0,0,0,0,0.0,0.0,0.0,3.309797269680373,0.0,2.002016738933145,105578,73115,4,1.4439991793749574,0.07187335128272332,0.04977381726341013,0.06666144750143811,0.0,0.22050519250210185,0.0,0.036233487298707574,0.24885615186409293,0.0,0.0,0.0,0.0,0.0,151808.0,-18577.0,5888090624.0,189402.0,1.38,336.0,1120.0,14738.0,0.02,5,0.008,0.18181818181818182,0.44097077958097086,0.0,0.22050519250210185,5,snmp
1209247,137423615,521186,637404,50657,166952,341347,90597,573552,299776,0.8176697981186186,0.13806277791055094,1.9132685738684885,113.64395776876023,0,0,0,0,0,90578,108,299776,0,0,0,0,0,0,0,0,0,0,0,0,0,0,0.0,0.0,0.0,3.309589525050233,0.0,2.0,98686,68272,4,1.44548277478322,0.08160946440222717,0.056458275273786086,0.07492017759812511,0.0,0.24790303387149193,0.0,0.041891358837359116,0.2822806258770954,0.0,0.0,0.0,0.0,0.0,149323.0,0.0,5888090624.0,189428.0,1.37,335.0,2784.0,14759.0,0.02,5,0.008,0.18181818181818182,0.44109261009794043,0.0,0.24790303387149193,5,snmp
1203606,136527105,519457,632645,51504,165712,338791,90609,569342,299520,0.8210876557943239,0.1376796061169519,1.9008480235042735,113.43172516587654,0,0,0,0,0,90618,108,299520,0,0,0,0,0,0,0,0,0,0,0,0,0,0,0.0,0.0,0.0,3.3053035820697874,0.0,2.000048277693292,97949,67752,4,1.4456990199551305,0.08137962090584461,0.05629084600774672,0.07528127975433821,0.0,0.24885219914157955,0.0,0.04279141180751841,0.281479985975477,0.0,0.0,0.0,0.0,0.0,149069.0,-179.0,5889683968.0,189212.0,1.37,352.0,4800.0,14787.0,0.02,5,0.009000000000000001,0.18181818181818182,0.44102503366712115,0.0,0.24885219914157955,5,snmp
1376525,166177852,632487,724199,60861,201755,412432,109957,651359,343101,0.8733607751460579,0.1465683514647391,1.8984468130375605,120.72272715715297,0,0,0,0,0,109861,108,364606,0,0,0,0,0,0,0,0,0,0,0,0,0,0,0.0,0.0,0.0,3.318793748463968,0.0,1.9998909627984893,119264,82478,4,1.446009845049589,0.08664136139917546,0.059917545994442524,0.0798801329434627,0.0,0.264874230399012,0.0,0.044213508654038246,0.29961824158660394,0.0,0.0,0.0,0.0,0.0,149248.0,0.0,6159267840.0,188995.0,1.37,332.0,6784.0,14818.0,0.02,5,0.009000000000000001,0.18181818181818182,0.4410307466768029,0.0,0.264874230399012,5,snmp
1464370,137830620,524450,770959,48293,166928,341678,91137,695236,362888,0.680256667345475,0.11399304820503015,1.9158418024293997,94.12281049188388,0,0,0,0,0,91138,108,299776,0,0,0,0,0,0,0,0,0,0,0,0,0,0,0.0,0.0,0.0,3.289253659285918,0.0,2.0,98596,68344,4,1.4426430996137187,0.06732997807931056,0.04667126477597875,0.062236320055723625,0.0,0.20471328967405777,0.0,0.03297868708045098,0.2333276426039867,0.0,0.0,0.0,0.0,0.0,149370.0,10.0,6031475712.0,188568.0,1.37,289.0,8768.0,14845.0,0.02,5,0.008,0.18181818181818182,0.4410526694205946,0.0,0.20471328967405777,5,snmp
1291235,146517356,557310,678569,55031,177721,363448,97014,611067,321565,0.8213018867646473,0.13763644882612383,1.9002907654750985,113.47071292212495,0,0,0,0,0,96983,108,321300,0,0,0,0,0,0,0,0,0,0,0,0,0,0,0.0,0.0,0.0,3.312951754431189,0.0,1.9997637024451171,105029,72689,4,1.4449091334314683,0.08133995748256515,0.05629416798646257,0.07513272177411548,0.0,0.2488315449937463,0.0,0.04261888811873904,0.28147316328940897,0.0,0.0,0.0,0.0,0.0,149334.0,-2474.0,5768678400.0,188144.0,1.38,297.0,10080.0,14874.0,0.02,5,0.008,0.18181818181818182,0.4410126969839439,0.0,0.2488315449937463,5,snmp
1290508,146674249,558195,678947,53366,177808,363701,97084,611504,320658,0.8221481205454918,0.1377814008127032,1.9070286722925984,113.65621057754001,0,0,0,0,0,97104,108,320658,0,0,0,0,0,0,0,0,0,0,0,0,0,0,0.0,0.0,0.0,3.3022120612951062,0.0,2.0003149960625493,105071,72739,4,1.444493325451271,0.08141832518667068,0.056364625403329545,0.07522928955109151,0.0,0.24847424425110112,0.0,0.04135270761591559,0.2818277763485387,0.0,0.0,0.0,0.0,0.0,149412.0,0.0,5589843968.0,188144.0,1.38,265.0,11616.0,14900.0,0.02,5,0.006999999999999999,0.18181818181818182,0.4410324312277833,0.0,0.24847424425110112,5,snmp
1208300,137321184,522370,635627,50303,166497,340421,90940,572773,300032,0.8218184564217693,0.1377944219150873,1.9090397024317407,113.64825291732186,0,0,0,0,0,90931,108,300032,0,0,0,0,0,0,0,0,0,0,0,0,0,0,0.0,0.0,0.0,3.299556806809559,0.0,2.0001561711635953,98403,68092,4,1.4451477412911942,0.08143921211619631,0.05635355458081602,0.0752627658694033,0.0,0.24830919473640653,0.0,0.04163121741289415,0.28173549615161797,0.0,0.0,0.0,0.0,0.0,149535.0,435.0,5587934720.0,187719.0,1.38,313.0,12960.0,14927.0,0.02,5,0.009000000000000001,0.18181818181818182,0.4410549144573505,0.0,0.24830919473640653,5,snmp
1204047,136624319,519970,632601,51476,165665,338870,90562,569600,299776,0.8219557035161184,0.13759014390634253,1.9000853970964988,113.47091849404549,0,0,0,0,0,90561,108,299776,0,0,0,0,0,0,0,0,0,0,0,0,0,0,0.0,0.0,0.0,3.3102107971422576,0.0,1.9999879275168109,97900,67771,4,1.4445706865768544,0.08130911833175948,0.056286008768760686,0.07521467185251074,0.0,0.24897366963249773,0.0,0.04275248391466446,0.2814425018292475,0.0,0.0,0.0,0.0,0.0,149248.0,0.0,5591568384.0,187076.0,1.38,274.0,14752.0,14951.0,0.02,5,0.008,0.18181818181818182,0.44099505841542475,0.0,0.24897366963249773,5,snmp
1461648,146168023,593308,767529,58379,188940,363104,96904,691870,363986,0.7730105311981698,0.12926504876687137,1.9008148665058546,100.00220504526398,0,0,0,0,0,96727,108,320935,0,0,0,0,0,0,0,0,0,0,0,0,0,0,0.0,0.0,0.0,3.3179463851871764,0.0,2.003010770926978,104584,72618,4,1.440193891321711,0.07155211104178297,0.04968227644412335,0.06629776799886156,0.0,0.2195706490208313,0.0,0.03994053287795694,0.24842096045012205,0.0,0.0,0.0,0.0,0.0,170309.0,21382.0,5453274112.0,187076.0,1.5,237.0,16352.0,14974.0,0.02,5,0.006999999999999999,0.18181818181818182,0.44371933939975056,0.0,0.2195706490208313,5,snmp
1390035,158297722,601329,732608,55896,191895,392269,104026,660421,344494,0.8208059426050494,0.13805048074329063,1.9170754788182087,113.88038574568266,0,0,0,0,0,110802,108,366434,0,0,0,0,0,0,0,0,0,0,0,0,0,0,0.0,0.0,0.0,3.3071063699211205,0.0,1.9996977970446634,113444,78455,4,1.445975399910777,0.08161233350239383,0.056441024866280345,0.07483696453686418,0.0,0.2636149449474294,0.0,0.04021193710949724,0.2822008078933264,0.0,0.0,0.0,0.0,0.0,195531.0,45967.0,5387095552.0,187726.0,1.63,253.0,1120.0,14998.0,0.02,5,0.008,0.18181818181818182,0.4402782152492105,0.0,0.2636149449474294,5,snmp
1379749,156809881,595246,725735,58768,190186,388175,103790,652868,342337,0.8201974549939027,0.1378410131118051,1.9070915501391903,113.65101985940922,0,0,0,0,0,103903,108,342337,0,0,0,0,0,0,0,0,0,0,0,0,0,0,0.0,0.0,0.0,3.294774934313735,0.0,1.9967453384847975,112545,77637,4,1.4496309749217513,0.08156918396027103,0.05626893007351337,0.07522382694243664,0.0,0.2481154180941606,0.0,0.0425932542803075,0.28133740267251506,0.0,0.0,0.0,0.0,0.0,193505.0,65574.0,5465137152.0,188621.0,1.72,233.0,3072.0,15019.0,0.02,5,0.006999999999999999,0.18181818181818182,0.4411266459185439,0.0,0.2481154180941606,5,snmp
1202466,136720091,521076,632075,49315,165517,338684,90261,569551,299776,0.8243895107384408,0.13764796676163818,1.8999219417164817,113.69975616774195,0,0,0,0,0,90265,108,299776,0,0,0,0,0,0,0,0,0,0,0,0,0,0,0.0,0.0,0.0,3.3210657508447348,0.0,1.9999395850702626,97794,67740,4,1.4436669619131974,0.08132787122463338,0.05633423315087495,0.07506324503146035,0.0,0.24930101973777222,0.0,0.04101155458865365,0.2816578597648499,0.0,0.0,0.0,0.0,0.0,105645.0,-256.0,6092310016.0,188844.0,1.37,241.0,4896.0,15042.0,0.02,5,0.008,0.18181818181818182,0.44097354658986987,0.0,0.24930101973777222,5,snmp
1459878,146542803,557815,768875,53579,177873,363746,97078,692265,362874,0.7254950414566738,0.1218410031523182,1.9077283023859521,100.38017080879361,0,0,0,0,0,96991,108,320798,0,0,0,0,0,0,0,0,0,0,0,0,0,0,0.0,0.0,0.0,3.3075027579878546,0.0,2.00165423179501,105119,72735,4,1.4452326940262596,0.07200533195239603,0.04982265641375512,0.06649733744874571,0.0,0.21974301962218762,0.0,0.0367010120023728,0.24916191626971568,0.0,0.0,0.0,0.0,0.0,83716.0,-25.0,6093632000.0,188632.0,1.37,242.0,6816.0,15074.0,0.02,5,0.008,0.18181818181818182,0.4410399422223321,0.0,0.21974301962218762,5,snmp
1203712,133266943,603976,548112,51624,144532,286256,132872,558724,299520,1.1019207753159939,0.1200719108889834,1.8653979700854701,110.71331265286048,0,0,0,0,0,132880,108,299520,0,0,0,0,0,0,0,0,0,0,0,0,0,0,0.0,0.0,0.0,2.254063816977724,0.0,1.9999169768503784,87285,57254,4,1.5245223041184894,0.07251319252445768,0.047564533709059977,0.11038520842194811,0.0,0.24883028498511273,0.0,0.04288733517652063,0.2378110378562314,0.0,0.0,0.0,0.0,0.0,149248.0,-21317.0,6092034560.0,188635.0,1.37,230.0,8288.0,15102.0,0.02,5,0.008,0.18181818181818182,0.43923895336655244,0.0,0.24883028498511273,5,snmp
1186110,124207677,781512,355392,49206,96268,166520,221101,525844,299838,2.199014046461372,0.08116279265835377,1.7537603639298553,104.7185143030579,0,0,0,0,0,221094,108,299838,0,0,0,0,0,0,0,0,0,0,0,0,0,0,0.0,0.0,0.0,1.3561562050530545,0.0,2.0001246597826765,62958,33304,4,1.890403555128513,0.05307939398538078,0.028078340120224938,0.18640851185809074,0.0,0.25279105647874145,0.0,0.041485191086830055,0.14039170060112469,0.0,0.0,0.0,0.0,0.0,149273.0,-46053.0,6092162048.0,188637.0,1.37,212.0,9568.0,15124.0,0.01,5,0.006999999999999999,0.18181818181818182,0.4161288897108105,0.0,0.25279105647874145,5,snmp
1330847,130607067,876422,399528,56321,108343,175440,233637,591908,333041,2.1936434993292084,0.0814090575400478,1.777282676907648,98.13830365173457,0,0,0,0,0,249192,108,333041,0,0,0,0,0,0,0,0,0,0,0,0,0,0,0.0,0.0,0.0,1.3364835147195737,0.0,1.9992434307646885,66287,35097,4,1.888679944154771,0.04980812970987649,0.026371927050968292,0.1755551164033131,0.0,0.25024739883698127,0.0,0.042319665596420926,0.13182582220195108,0.0,0.0,0.0,0.0,0.0,-148967.0,-65251.0,6091632128.0,188638.0,0.58,242.0,10432.0,15138.0,0.02,5,0.009000000000000001,0.18181818181818182,0.41531007598657776,0.0,0.25024739883698127,5,snmp
1195941,125343647,787114,359168,49662,97319,168226,223771,531884,299520,2.1914925605844617,0.08137441562752677,1.7757879273504273,104.80755070693287,0,0,0,0,0,223778,108,299520,0,0,0,0,0,0,0,0,0,0,0,0,0,0,0.0,0.0,0.0,1.338469375899329,0.0,1.9999383489858409,63663,33640,4,1.8924791914387633,0.05323255913126149,0.028128477909863447,0.18710872860784938,0.0,0.25044713744239894,0.0,0.041525459868003524,0.14066412975222023,0.0,0.0,0.0,0.0,0.0,-256.0,148992.0,6230610944.0,187148.0,1.38,7999.0,12800.0,15174.0,0.53,5,0.009000000000000001,0.18181818181818182,0.41708050070133795,0.0,0.25044713744239894,5,snmp
1194068,125239984,844569,357477,52860,103896,167501,223469,530675,300042,2.3625827675626683,0.08701012002666515,1.7686690529992468,104.88513551992014,0,0,0,0,0,239513,108,321766,0,0,0,0,0,0,0,0,0,0,0,0,0,0,0.0,0.0,0.0,1.3434176850525859,0.0,1.9961190416722703,63316,33502,4,1.8899170198794102,0.05302545583668602,0.028057028577936936,0.18714930807960686,0.0,0.2694704154202273,0.0,0.04426883561070224,0.1402776056305001,0.0,0.0,0.0,0.0,0.0,0.0,149273.0,6229130752.0,187145.0,1.38,4039.0,14368.0,15201.0,0.27,5,0.008,0.18181818181818182,0.4145295691299835,0.0,0.2694704154202273,5,snmp
1280743,133986039,843188,383132,52137,103804,180009,239674,569449,321305,2.2007767557917375,0.08104982810759068,1.7723004621776817,104.6158667273606,0,0,0,0,0,239583,108,320850,0,0,0,0,0,0,0,0,0,0,0,0,0,0,0.0,0.0,0.0,1.339201863237375,0.0,2.004557392244709,67809,36009,4,1.8831125551945347,0.05294504830399229,0.028115710958404615,0.18713668550208745,0.0,0.2505186442557172,0.0,0.04070840129518569,0.1405504461082356,0.0,0.0,0.0,0.0,0.0,149248.0,149248.0,6227280384.0,187148.0,1.38,2704.0,15776.0,15220.0,0.18,5,0.006999999999999999,0.18181818181818182,0.416818118619757,0.0,0.2505186442557172,5,snmp
1216371,127341063,802272,363772,50328,98528,170480,227531,539289,306944,2.205425376334627,0.08100160230719082,1.756962182026689,104.68932833814684,0,0,0,0,0,227530,108,306944,0,0,0,0,0,0,0,0,0,0,0,0,0,0,0.0,0.0,0.0,1.3490265019997363,0.0,2.0002842235621334,64429,34093,4,1.8898014255125686,0.052968214467461,0.02802845513416548,0.187057238293251,0.0,0.25234406279005334,0.0,0.04137553427367144,0.14015460743473826,0.0,0.0,0.0,0.0,0.0,149248.0,149248.0,6202618368.0,186282.0,1.39,2230.0,17248.0,15245.0,0.15,5,0.008,0.18181818181818182,0.41611909484108,0.0,0.25234406279005334,5,snmp
1275965,133637177,840144,382205,54869,103600,179196,238759,565950,320621,2.198150207349459,0.08119344966358795,1.7651682204222432,104.73420274067078,0,0,0,0,0,239171,108,320696,0,0,0,0,0,0,0,0,0,0,0,0,0,0,0.0,0.0,0.0,1.3408649041898892,0.0,1.9994210170799962,67766,35841,4,1.8907396557015708,0.05310960723844306,0.028089328469041077,0.1871203363728629,0.0,0.251336047618861,0.0,0.04300196321999428,0.140439588860196,0.0,0.0,0.0,0.0,0.0,192115.0,191859.0,5764743168.0,187994.0,1.61,2028.0,2112.0,35.0,57.63,5,0.009000000000000001,0.18181818181818182,0.41662967558094405,0.0,0.251336047618861,5,snmp
1282023,134312998,845234,384062,52728,104042,179871,240559,569424,321445,2.2007748748899916,0.08115455026937894,1.7714507925150493,104.76644958787791,0,0,0,0,0,240488,108,321446,0,0,0,0,0,0,0,0,0,0,0,0,0,0,0.0,0.0,0.0,1.3366404976547686,0.0,1.9998077884134855,68068,35971,4,1.89230213227322,0.053094211258300356,0.028057998959457046,0.18764015934191508,0.0,0.2507334111790506,0.0,0.04112874730016544,0.1403024750726001,0.0,0.0,0.0,0.0,0.0,149376.0,256.0,5738045952.0,188425.0,1.37,1535.0,3936.0,66.0,23.21,5,0.008,0.18181818181818182,0.41677247824804237,0.0,0.2507334111790506,5,snmp
1271223,132819277,837837,379844,53542,102934,178138,237907,562822,320873,2.2057397247290993,0.08097241789992786,1.75403352728338,104.48149301892744,0,0,0,0,0,238160,108,320873,0,0,0,0,0,0,0,0,0,0,0,0,0,0,0.0,0.0,0.0,1.3473001343634532,0.0,2.000738609858498,67306,35632,4,1.8889200718455321,0.05294586394361965,0.028029700532479353,0.18714812428661218,0.0,0.25241283394022923,0.0,0.04211849533874072,0.1401311964934555,0.0,0.0,0.0,0.0,0.0,105869.0,0.0,5738045952.0,188427.0,1.37,1408.0,5664.0,95.0,14.83,5,0.008,0.18181818181818182,0.4160724998075671,0.0,0.25241283394022923,5,snmp
1275201,133528955,841358,380981,52862,103226,178652,238641,565434,321559,2.2083988440368416,0.08094880728606706,1.7584144744821324,104.71208460470153,0,0,0,0,0,238549,108,321563,0,0,0,0,0,0,0,0,0,0,0,0,0,0,0.0,0.0,0.0,1.3479955900045693,0.0,1.9979096909052199,67498,35728,4,1.889218540080609,0.052931263385144776,0.028017543900922287,0.18713990970835187,0.0,0.2521665211994031,0.0,0.04145385707821747,0.14009712978581415,0.0,0.0,0.0,0.0,0.0,192211.0,42963.0,5518767104.0,188856.0,1.6,1173.0,7232.0,121.0,9.69,5,0.008,0.18181818181818182,0.41612989017949503,0.0,0.2521665211994031,5,snmp
1282307,134478343,845986,384599,51726,104176,180210,240239,570931,321453,2.1996573054012103,0.08124107565504984,1.7760947945733903,104.87218973303585,0,0,0,0,0,240062,108,321456,0,0,0,0,0,0,0,0,0,0,0,0,0,0,0.0,0.0,0.0,1.3390540776965951,0.0,2.00276837896032,68131,36041,4,1.8903748508642935,0.053131582374579565,0.028106373902661377,0.18734905135821608,0.0,0.25068567823461935,0.0,0.040338234135819266,0.140535768735568,0.0,0.0,0.0,0.0,0.0,149504.0,256.0,5929449472.0,189288.0,1.37,1050.0,9088.0,151.0,6.93,5,0.008,0.18181818181818182,0.4168900485516442,0.0,0.25068567823461935,5,snmp
1452792,161257518,899823,436301,57542,110853,216691,288178,645427,364871,2.0623904139573366,0.07630342127434622,1.7689183300399318,110.99835213850297,0,0,0,0,0,287730,108,386454,0,0,0,0,0,0,0,0,0,0,0,0,0,0,0.0,0.0,0.0,1.3431133354186215,0.0,1.9993687324146887,81726,43341,4,1.8856510002076556,0.05625443972709101,0.029832901062230518,0.19836149978799442,0.0,0.26600779739976543,0.0,0.03960787229004565,0.14915486869421088,0.0,0.0,0.0,0.0,0.0,106308.0,-42867.0,5931334656.0,189293.0,1.37,978.0,10464.0,177.0,5.54,5,0.008,0.18181818181818182,0.4100822090362347,0.0,0.26600779739976543,5,snmp
1539138,161365866,901417,461515,56287,110763,216399,288473,684282,385844,1.9531694527805163,0.07196430729408279,1.7734680337131068,104.84171399835492,0,0,0,0,0,288432,108,385844,0,0,0,0,0,0,0,0,0,0,0,0,0,0,0.0,0.0,0.0,1.3377295168358574,0.0,1.9998375040623984,81694,43271,4,1.8879619144461648,0.053077761708176914,0.028113788367254918,0.18742503921025924,0.0,0.2506883723226897,0.0,0.03657046996435667,0.14059752926638158,0.0,0.0,0.0,0.0,0.0,148992.0,0.0,5860400640.0,189082.0,1.37,892.0,12448.0,207.0,4.3,5,0.008,0.18181818181818182,0.41013201796052207,0.0,0.2506883723226897,5,snmp
1452961,161172421,1014625,434535,64692,124739,215596,288742,645202,364590,2.3349672638567665,0.08585158170109176,1.7696645547052854,110.9268734673539,0,0,0,0,0,288779,108,386447,0,0,0,0,0,0,0,0,0,0,0,0,0,0,0.0,0.0,0.0,1.3382101884139774,0.0,1.9989904007948591,81616,43122,4,1.8926765919948054,0.05617218906770381,0.029678704383668937,0.1987266003698654,0.0,0.26597203916691503,0.0,0.0445242508229746,0.14838388642227837,0.0,0.0,0.0,0.0,0.0,149248.0,0.0,5863106048.0,188870.0,1.37,868.0,13568.0,227.0,3.83,5,0.008,0.18181818181818182,0.4165430787014459,0.0,0.26597203916691503,5,snmp
1191266,124580525,783058,357216,50992,96766,167365,222498,528190,299776,2.192113455164382,0.08122954906796635,1.7619489218616566,104.57825959945134,0,0,0,0,0,222495,108,299776,0,0,0,0,0,0,0,0,0,0,0,0,0,0,0.0,0.0,0.0,1.347338142430167,0.0,1.9998759971892697,63295,33474,4,1.890870526378682,0.0531325497411997,0.0280995176560063,0.18677440638782605,0.0,0.2516448887150309,0.0,0.04280488152939814,0.14049339106463207,0.0,0.0,0.0,0.0,0.0,149248.0,-42963.0,5864153088.0,188869.0,1.37,804.0,14976.0,250.0,3.21,5,0.008,0.18181818181818182,0.41656431270890354,0.0,0.2516448887150309,5,snmp
1372780,143553726,903461,411096,56830,111174,192823,256651,609188,345179,2.1976886177437875,0.08098457145354682,1.7648466447843003,104.57154533137138,0,0,0,0,0,256703,108,344505,0,0,0,0,0,0,0,0,0,0,0,0,0,0,0.0,0.0,0.0,1.342037296019135,0.0,2.004073980603526,72611,38572,4,1.8824795188219434,0.052893398796602514,0.028097728696513644,0.18695712350121652,0.0,0.2509542679817596,0.0,0.041397747636183514,0.14046169087544982,0.0,0.0,0.0,0.0,0.0,149371.0,-256.0,5865225728.0,188647.0,1.37,748.0,16608.0,277.0,2.7,5,0.008,0.18181818181818182,0.41661657938996616,0.0,0.2509542679817596,5,snmp
1200802,125913620,791414,359822,49568,97456,168665,225401,534662,299776,2.199459732867918,0.0811590920068421,1.7835383753202392,104.85793661236407,0,0,0,0,0,225403,108,299776,0,0,0,0,0,0,0,0,0,0,0,0,0,0,0.0,0.0,0.0,1.3299556793831493,0.0,2.000164190132173,63719,33732,4,1.8889778252104825,0.053063702425545596,0.028091225697492176,0.18770871467569175,0.0,0.24964648626501287,0.0,0.0412790784825475,0.1404602923712652,0.0,0.0,0.0,0.0,0.0,171803.0,22429.0,5971031040.0,188626.0,1.49,718.0,2176.0,300.0,2.4,5,0.009000000000000001,0.18181818181818182,0.41715649322543713,0.0,0.24964648626501287,5,snmp
1356401,150915111,952309,403739,58911,116327,201103,270477,600629,342124,2.358724324377878,0.0857615115294076,1.7555886169926693,111.26142711484289,0,0,0,0,0,270511,108,363011,0,0,0,0,0,0,0,0,0,0,0,0,0,0,0.0,0.0,0.0,1.341945429206206,0.0,1.996927196882564,76113,40223,4,1.892275563732193,0.05611393680777292,0.029654209927595158,0.19940784473028256,0.0,0.2676280834355032,0.0,0.04343184648197694,0.14826220269669516,0.0,0.0,0.0,0.0,0.0,149504.0,0.0,5767246848.0,188849.0,1.37,621.0,3840.0,329.0,1.89,5,0.008,0.18181818181818182,0.4159558711615731,0.0,0.2676280834355032,5,snmp
1366314,143215194,901775,408347,56193,110559,191971,256023,607080,343165,2.2083546591501837,0.0809177099846741,1.7690615301677035,104.81865369161115,0,0,0,0,0,256230,108,343165,0,0,0,0,0,0,0,0,0,0,0,0,0,0,0.0,0.0,0.0,1.339285017367209,0.0,1.9994393706483407,72167,38394,4,1.879642652497786,0.052818751765699536,0.028100422011338534,0.1873822562017223,0.0,0.25116115329272776,0.0,0.041127442154585254,0.14050284195287466,0.0,0.0,0.0,0.0,0.0,127001.0,-62.0,5769328640.0,188848.0,1.37,586.0,5376.0,355.0,1.65,5,0.008,0.18181818181818182,0.41651226012957115,0.0,0.25116115329272776,5,snmp
1189703,124554746,783726,356412,49566,96556,166893,222205,527926,299776,2.198932695868826,0.08115975163549222,1.7610682643040136,104.69398328826607,0,0,0,0,0,222210,108,299776,0,0,0,0,0,0,0,0,0,0,0,0,0,0,0.0,0.0,0.0,1.3490661986409251,0.0,2.000538692634414,63169,33380,4,1.8924206111443977,0.053096445079150005,0.028057422734917875,0.18677350565645376,0.0,0.2519754930432217,0.0,0.04166249895982443,0.14028122985316505,0.0,0.0,0.0,0.0,0.0,170892.0,21511.0,5874050560.0,189060.0,1.48,681.0,7040.0,381.0,1.79,5,0.01,0.18181818181818182,0.41636977337020353,0.0,0.2519754930432217,5,snmp
1273202,141981187,893094,381355,57271,110108,190471,253498,564295,320582,2.3418966579696083,0.08648117109461029,1.760220474012889,111.51505181424471,0,0,0,0,0,253615,108,341733,0,0,0,0,0,0,0,0,0,0,0,0,0,0,0.0,0.0,0.0,1.3474479033180213,0.0,2.002327695944717,72023,38097,4,1.890516313620495,0.05656839998680492,0.029922196163688086,0.19910273467996437,0.0,0.2684043851643337,0.0,0.04498186462163899,0.14959998491991058,0.0,0.0,0.0,0.0,0.0,149504.0,0.0,5657306112.0,189275.0,1.37,541.0,8960.0,406.0,1.33,5,0.008,0.18181818181818182,0.4164196035332753,0.0,0.2684043851643337,5,snmp
1287616,143325984,899272,387146,57159,111556,193317,256393,572512,321526,2.3228239475546695,0.08663763109498485,1.7806087221562175,111.3111238133108,0,0,0,0,0,256519,108,341593,0,0,0,0,0,0,0,0,0,0,0,0,0,0,0.0,0.0,0.0,1.3316479481052086,0.0,2.0006097451623894,72893,38662,4,1.8853913403341782,0.056610821859933394,0.030026032605994332,0.19912225383965407,0.0,0.26529104950544263,0.0,0.044391340275361596,0.15013559943337143,0.0,0.0,0.0,0.0,0.0,149746.0,-676.0,5506674688.0,189492.0,1.48,514.0,10688.0,435.0,1.18,5,0.008,0.18181818181818182,0.4175547981919562,0.0,0.26529104950544263,5,snmp
1364539,134119828,1009881,408413,62204,124227,179554,239625,605911,342781,2.472695531239211,0.09103953789521589,1.7676329784906397,98.28947945056902,0,0,0,0,0,239867,108,321518,0,0,0,0,0,0,0,0,0,0,0,0,0,0,0.0,0.0,0.0,1.3404011389645094,0.0,2.0016273786313907,67739,35902,4,1.8867751100217258,0.04964240670292311,0.026310717392467348,0.17560875870898524,0.0,0.23562389935355457,0.0,0.045586091713025426,0.13158583228474965,0.0,0.0,0.0,0.0,0.0,192020.0,42772.0,5420171776.0,190136.0,1.59,531.0,12160.0,458.0,1.16,5,0.009000000000000001,0.18181818181818182,0.42595065803492665,0.0,0.23562389935355457,5,snmp
1445264,133145354,838710,431173,53916,102870,177711,237830,640134,364807,1.945182096281539,0.07117730739850989,1.7547196188669625,92.125282301365,0,0,0,0,0,237948,108,321388,0,0,0,0,0,0,0,0,0,0,0,0,0,0,0.0,0.0,0.0,1.3506648511439474,0.0,1.996894108512084,67336,35546,4,1.8943341022899904,0.046590795868436494,0.024594814511397226,0.16455817068715473,0.0,0.22237321347518516,0.0,0.03730529508795625,0.12296092616989007,0.0,0.0,0.0,0.0,0.0,170988.0,43482.0,5508180992.0,190996.0,1.58,456.0,13664.0,488.0,0.93,5,0.008,0.18181818181818182,0.4158412221749523,0.0,0.22237321347518516,5,snmp
1191989,124871817,786468,356219,49302,96505,166680,223299,529309,299776,2.207821592896505,0.08096131759605164,1.7656817090093937,104.75920247586177,0,0,0,0,0,223319,108,299776,0,0,0,0,0,0,0,0,0,0,0,0,0,0,0.0,0.0,0.0,1.342366748910751,0.0,1.9998134985597944,63172,33341,4,1.8947242134309108,0.052997133362807876,0.027970895704574453,0.1873331045840188,0.0,0.2514922537036835,0.0,0.041361119943220954,0.13983350517496387,0.0,0.0,0.0,0.0,0.0,106599.0,-21511.0,5865735680.0,191427.0,1.35,461.0,14944.0,516.0,0.89,5,0.008,0.18181818181818182,0.41630641717065914,0.0,0.2514922537036835,5,snmp
1464752,135485131,852500,438261,53159,104767,181057,242231,651382,366939,1.945187913138518,0.07152541863742122,1.7751778906030702,92.49697627994364,0,0,0,0,0,242445,108,324039,0,0,0,0,0,0,0,0,0,0,0,0,0,0,0.0,0.0,0.0,1.3365464332116563,0.0,1.9981880948293949,68548,36211,4,1.8930159343845794,0.04679836586671327,0.02472159109528439,0.1653733874403312,0.0,0.22122448032158346,0.0,0.03629215048008127,0.12360932089527783,0.0,0.0,0.0,0.0,0.0,127882.0,21805.0,5691832320.0,191644.0,1.47,419.0,16576.0,538.0,0.78,5,0.008,0.18181818181818182,0.41667405704131727,0.0,0.22122448032158346,5,snmp
1191670,133778395,841798,356680,52569,103453,179378,238834,529076,299776,2.3600930806325,0.08681346345884347,1.764904461998292,112.26127619223443,0,0,0,0,0,239036,108,320958,0,0,0,0,0,0,0,0,0,0,0,0,0,0,0.0,0.0,0.0,1.3427182516441039,0.0,2.0009477389656105,67583,35883,4,1.8834266923055485,0.056712848355668935,0.030111524163568774,0.20041957924593218,0.0,0.26933463123180074,0.0,0.04411372275881746,0.15052657195364488,0.0,0.0,0.0,0.0,0.0,149542.0,-21599.0,6020807680.0,191835.0,1.35,390.0,2272.0,570.0,0.68,5,0.008,0.18181818181818182,0.41651270964140263,0.0,0.26933463123180074,5,snmp
1192268,124700933,784903,356713,50652,96630,166961,223147,528916,299776,2.200376773484566,0.08104721421693781,1.764370730145175,104.5913611704751,0,0,0,0,0,223127,108,299776,0,0,0,0,0,0,0,0,0,0,0,0,0,0,0.0,0.0,0.0,1.3435218507845308,0.0,1.9999586058448546,63239,33380,4,1.8945176752546435,0.053040927039893715,0.027997061063452178,0.18716177906309656,0.0,0.2514334025571432,0.0,0.04248373687795026,0.14003646831081604,0.0,0.0,0.0,0.0,0.0,127581.0,-42848.0,5864977408.0,191834.0,1.35,409.0,3808.0,594.0,0.69,5,0.008,0.18181818181818182,0.4164226380657134,0.0,0.2514334025571432,5,snmp
1618280,169196813,1121231,483272,72263,137643,226382,303291,716343,407188,2.320082686354682,0.08505512025113084,1.7592438873444207,104.55348456385792,0,0,0,0,0,303745,108,406927,0,0,0,0,0,0,0,0,0,0,0,0,0,0,0.0,0.0,0.0,1.339699418920476,0.0,1.9962147580925862,85691,45285,4,1.8922601302859667,0.052951899547667894,0.027983414489457945,0.18741565118520898,0.0,0.25145648466272835,0.0,0.044654200756358606,0.13989050102578046,0.0,0.0,0.0,0.0,0.0,149513.0,-43257.0,5863763968.0,191401.0,1.35,373.0,5632.0,621.0,0.6,5,0.008,0.18181818181818182,0.41899813772172884,0.0,0.25145648466272835,5,snmp
1787439,196418395,1237146,533056,79242,151648,262152,351119,791950,449924,2.320855594909353,0.08484093722918656,1.7601861647744952,109.88816681296537,0,0,0,0,0,367978,108,494043,0,0,0,0,0,0,0,0,0,0,0,0,0,0,0.0,0.0,0.0,1.3425884156118029,0.0,1.9961038277260044,99216,52430,4,1.8923517070379554,0.05550734878225215,0.02933246952763143,0.1964369133715892,0.0,0.2763971246011752,0.0,0.0443327017033868,0.14666346655746015,0.0,0.0,0.0,0.0,0.0,149687.0,220.0,6032014336.0,190540.0,1.36,401.0,7488.0,651.0,0.62,5,0.009000000000000001,0.18181818181818182,0.41233020598681,0.0,0.2763971246011752,5,snmp
1278459,133925796,843230,382486,52743,103548,179541,239356,567712,321438,2.204603567189387,0.0809943846458901,1.766163303654204,104.75564409965435,0,0,0,0,0,239548,108,321438,0,0,0,0,0,0,0,0,0,0,0,0,0,0,0.0,0.0,0.0,1.3418521548917128,0.0,2.002475343260491,67640,35899,4,1.8841750466586813,0.052907445604434715,0.02807989931628625,0.18722227306468178,0.0,0.2514261309905128,0.0,0.04125513606615464,0.14043547739896234,0.0,0.0,0.0,0.0,0.0,171094.0,-130.0,5712915968.0,190113.0,1.48,328.0,9184.0,679.0,0.48,5,0.006999999999999999,0.18181818181818182,0.41646555237570815,0.0,0.2514261309905128,5,snmp
1198080,125576768,789466,359451,49163,97320,168686,224594,532744,300032,2.1963104846001262,0.08122996794871795,1.775623933447099,104.81501068376069,0,0,0,0,0,224585,108,300032,0,0,0,0,0,0,0,0,0,0,0,0,0,0,0.0,0.0,0.0,1.3359396219694102,0.0,1.9998767030392701,63586,33747,4,1.8841971138175244,0.053073250534188036,0.028167568108974358,0.18746160523504274,0.0,0.2504273504273504,0.0,0.04103482238247863,0.14079694177350427,0.0,0.0,0.0,0.0,0.0,149612.0,210.0,6037761536.0,190118.0,1.36,336.0,10496.0,704.0,0.48,5,0.008,0.18181818181818182,0.4170147569839314,0.0,0.2504273504273504,5,snmp
1196981,125456085,788796,358742,49443,97211,167949,224340,532345,299776,2.198783526880042,0.08121348626252213,1.7758092709222886,104.81042305600506,0,0,0,0,0,224358,108,299776,0,0,0,0,0,0,0,0,0,0,0,0,0,0,0.0,0.0,0.0,1.336150259852557,0.0,2.0001028743081704,63615,33585,4,1.894149173738276,0.05314620699910859,0.028058089476775322,0.1874215213106975,0.0,0.250443407205294,0.0,0.041306420068488975,0.1403104978274509,0.0,0.0,0.0,0.0,0.0,127828.0,75.0,6163384320.0,190119.0,1.36,316.0,12288.0,731.0,0.43,5,0.008,0.18181818181818182,0.41690742530949254,0.0,0.250443407205294,5,snmp
1276438,125029932,786665,381844,49264,96628,167410,223288,566714,320935,2.060173788248604,0.07570128748909073,1.7658217396045928,97.95221702895088,0,0,0,0,0,223293,108,299776,0,0,0,0,0,0,0,0,0,0,0,0,0,0,0.0,0.0,0.0,1.3425230526707062,0.0,1.9998344302330395,63144,33485,4,1.8857398835299388,0.049468912708647034,0.026233158210582887,0.17493054891816132,0.0,0.2348535534040823,0.0,0.03859490237677036,0.13115403960082667,0.0,0.0,0.0,0.0,0.0,149364.0,-195.0,6057065984.0,190117.0,1.36,306.0,13472.0,755.0,0.41,5,0.008,0.18181818181818182,0.4164934699377611,0.0,0.2348535534040823,5,snmp
1183676,123786867,780112,353385,50179,95692,165746,220964,523690,299776,2.2075413500856005,0.08084306854240518,1.7469377134927413,104.57833647045307,0,0,0,0,0,220967,108,299776,0,0,0,0,0,0,0,0,0,0,0,0,0,0,0.0,0.0,0.0,1.356655066141098,0.0,2.000125410195849,62551,33153,4,1.8867372485144633,0.052844697366509076,0.028008509085256438,0.18667608365802804,0.0,0.2532584930335666,0.0,0.04239251281600708,0.14002649373646167,0.0,0.0,0.0,0.0,0.0,149652.0,-72.0,5660871680.0,190118.0,1.36,315.0,15104.0,789.0,0.4,5,0.008,0.18181818181818182,0.41568964762619465,0.0,0.2532584930335666,5,snmp
1206528,126154925,793611,361656,51261,97937,169651,226258,535497,302336,2.1943808480987457,0.08117258778909399,1.7711982694750212,104.5602961555803,0,0,0,0,0,226251,108,302336,0,0,0,0,0,0,0,0,0,0,0,0,0,0,0.0,0.0,0.0,1.3362858064715737,0.0,2.0002246594367175,63999,33923,4,1.8865961147304189,0.05304394096117123,0.028116214460004244,0.18752818003394867,0.0,0.25058349246764267,0.0,0.0424863741247613,0.14061090998302567,0.0,0.0,0.0,0.0,0.0,171177.0,109.0,5662269952.0,190335.0,1.48,289.0,16928.0,817.0,0.35,5,0.008,0.18181818181818182,0.41689111820436414,0.0,0.25058349246764267,5,snmp
1197824,125590931,789440,358819,49565,97177,168249,224616,532758,299776,2.2001064603602374,0.0811279453408848,1.777186966268147,104.84923578088267,0,0,0,0,0,224615,108,299776,0,0,0,0,0,0,0,0,0,0,0,0,0,0,0.0,0.0,0.0,1.3346214633929168,0.0,1.9999794192101092,63524,33661,4,1.887169127476902,0.053032832870271426,0.02810179124812994,0.18752003633254968,0.0,0.25026715110066255,0.0,0.04137920095105792,0.14046220479803376,0.0,0.0,0.0,0.0,0.0,149504.0,-108.0,5661274624.0,190528.0,1.36,280.0,2048.0,838.0,0.33,5,0.008,0.18181818181818182,0.41693542662671573,0.0,0.25026715110066255,5,snmp
1187995,124441184,783961,354999,49035,96121,166478,222035,526777,300007,2.2083470657663824,0.08091027319138548,1.7558823627448692,104.74891224289665,0,0,0,0,0,222042,108,300008,0,0,0,0,0,0,0,0,0,0,0,0,0,0,0.0,0.0,0.0,1.3511317678637376,0.0,1.999854360852197,62837,33291,4,1.8875071340602565,0.0528933202580819,0.028022845213995007,0.18689893475982644,0.0,0.252533049381521,0.0,0.04127542624337645,0.14013358642081827,0.0,0.0,0.0,0.0,0.0,149340.0,21621.0,5513958912.0,190744.0,1.47,281.0,3872.0,860.0,0.33,5,0.008,0.18181818181818182,0.4159918521244191,0.0,0.252533049381521,5,snmp
1364686,142806094,899508,407860,56137,110475,191008,255772,605309,342973,2.205433236895013,0.08095268801760991,1.7648881981963596,104.64392101919415,0,0,0,0,0,255777,108,342425,0,0,0,0,0,0,0,0,0,0,0,0,0,0,0.0,0.0,0.0,1.338763845068165,0.0,1.9990047950782592,72271,38197,4,1.892059585831348,0.05295796981869822,0.02798958881383703,0.18742186847377346,0.0,0.25091852631301265,0.0,0.041135469990899,0.13996479776300189,0.0,0.0,0.0,0.0,0.0,149284.0,68.0,5684958208.0,190962.0,1.36,312.0,5440.0,885.0,0.35,5,0.009000000000000001,0.18181818181818182,0.4165121868515504,0.0,0.25091852631301265,5,snmp
1189818,124666506,784789,355638,49391,96319,166717,222477,528029,299776,2.2067073822257464,0.08095271713825139,1.7614118541844577,104.7777945870713,0,0,0,0,0,222478,108,299776,0,0,0,0,0,0,0,0,0,0,0,0,0,0,0.0,0.0,0.0,1.3474410952993106,0.0,2.000228433774972,62971,33354,4,1.8879594651316185,0.052924901119330854,0.0280328588069772,0.1869840597469529,0.0,0.25195113874558966,0.0,0.041511390817755324,0.14011974940705216,0.0,0.0,0.0,0.0,0.0,128006.0,-148.0,5684091392.0,190964.0,1.36,274.0,7296.0,916.0,0.3,5,0.008,0.18181818181818182,0.41620681343582383,0.0,0.25195113874558966,5,snmp
1279346,134126306,843603,383341,52402,103792,179812,239677,568355,321491,2.2006594650715683,0.08112895182382249,1.7678721954891428,104.83974311874974,0,0,0,0,0,239399,108,321491,0,0,0,0,0,0,0,0,0,0,0,0,0,0,0.0,0.0,0.0,1.3429087005375961,0.0,2.0000385393583198,67829,35955,4,1.8864970101515783,0.05301849538748704,0.028104203241343623,0.18734337700668935,0.0,0.251293238889245,0.0,0.040959990495143615,0.14054993723355527,0.0,0.0,0.0,0.0,0.0,149251.0,-21781.0,5832405504.0,190965.0,1.36,245.0,8704.0,937.0,0.26,5,0.006999999999999999,0.18181818181818182,0.416620996014279,0.0,0.251293238889245,5,snmp
1198005,125441471,788373,359247,50386,97306,168296,224739,532402,299693,2.194515194281372,0.0812233671812722,1.7764912760725142,104.70863727613825,0,0,0,0,0,224742,108,299694,0,0,0,0,0,0,0,0,0,0,0,0,0,0,0.0,0.0,0.0,1.333502416103799,0.0,2.00008221824834,63644,33662,4,1.890677915750698,0.05312498695748348,0.028098380223788716,0.1875943756495173,0.0,0.2501608924837542,0.0,0.04205825518257436,0.14048021502414432,0.0,0.0,0.0,0.0,0.0,149299.0,-205.0,5656544256.0,190964.0,1.36,268.0,10528.0,967.0,0.28,5,0.008,0.18181818181818182,0.41703723373377954,0.0,0.2501608924837542,5,snmp
1362217,142475747,897944,406745,57528,110225,190848,255646,603340,342543,2.207633775461284,0.08091588931866216,1.7613555086514685,104.5910798352979,0,0,0,0,0,255851,108,342543,0,0,0,0,0,0,0,0,0,0,0,0,0,0,0.0,0.0,0.0,1.3388378392111033,0.0,1.9958896172092855,72061,38169,4,1.88794571510912,0.05289979496658755,0.02801976483922899,0.18766907181454937,0.0,0.25145993626566104,0.0,0.04223115700361983,0.14010102648843759,0.0,0.0,0.0,0.0,0.0,149272.0,-21620.0,5652315648.0,190962.0,1.36,247.0,12160.0,997.0,0.25,5,0.008,0.18181818181818182,0.41633770549322197,0.0,0.25145993626566104,5,snmp
1189124,124503748,783547,355691,49886,96314,166869,222266,527240,299776,2.202886775319027,0.0809957582220189,1.7587798889837745,104.70207312273573,0,0,0,0,0,222269,108,299776,0,0,0,0,0,0,0,0,0,0,0,0,0,0,0.0,0.0,0.0,1.348708096945593,0.0,2.000124600240894,62937,33374,4,1.8858093126385809,0.052927196827244255,0.02806603852920301,0.18691574638136982,0.0,0.25209818320040633,0.0,0.04195189063545938,0.1403293516908245,0.0,0.0,0.0,0.0,0.0,170966.0,21682.0,5502924288.0,191178.0,1.47,241.0,13696.0,1019.0,0.24,5,0.008,0.18181818181818182,0.416228551726616,0.0,0.25209818320040633,5,snmp
1198875,125704335,789594,359954,49328,97511,168605,224743,533560,299707,2.193596959611506,0.08133541862162444,1.7802720657175175,104.85191116671879,0,0,0,0,0,224733,108,299709,0,0,0,0,0,0,0,0,0,0,0,0,0,0,0.0,0.0,0.0,1.3336225654443272,0.0,1.9996103762944735,63792,33717,4,1.8919832725331436,0.05320988426649984,0.02812386612449171,0.18746157856323636,0.0,0.24999186737566467,0.0,0.04114524032947555,0.1406360129287874,0.0,0.0,0.0,0.0,0.0,170199.0,20951.0,5527074816.0,191391.0,1.46,283.0,15360.0,1038.0,0.27,5,0.01,0.18181818181818182,0.4171959524564513,0.0,0.24999186737566467,5,snmp
1202099,144185375,907223,359871,56975,111641,192941,257725,533941,302130,2.5209672354816033,0.09287171855229893,1.7672558170324033,119.94467593767236,0,0,0,0,0,257756,108,345534,0,0,0,0,0,0,0,0,0,0,0,0,0,0,0.0,0.0,0.0,1.3405468737876132,0.0,2.0004479644495414,73056,38591,4,1.893083879661061,0.06077369667556499,0.032103013146171824,0.21439581931271884,0.0,0.2874422156577786,0.0,0.047396262703820566,0.16050341943550406,0.0,0.0,0.0,0.0,0.0,127669.0,-3.0,5842286080.0,190951.0,1.36,243.0,17312.0,1066.0,0.23,5,0.008,0.18181818181818182,0.41661957745917333,0.0,0.2874422156577786,5,snmp
1195167,125217536,788061,357842,49266,96936,167603,223836,531010,300191,2.2022596564964427,0.08110665706131444,1.7689071291277887,104.76990746899806,0,0,0,0,0,223830,108,300193,0,0,0,0,0,0,0,0,0,0,0,0,0,0,0.0,0.0,0.0,1.3411651699950855,0.0,1.9998762146438076,63417,33520,4,1.8919152744630072,0.0530612039991064,0.028046289765363334,0.18728428746777648,0.0,0.2511724302963519,0.0,0.041221017648579654,0.14023395893628254,0.0,0.0,0.0,0.0,0.0,128349.0,-51.0,5671374336.0,189835.0,1.36,257.0,2176.0,1093.0,0.24,5,0.009000000000000001,0.18181818181818182,0.416585097707358,0.0,0.2511724302963519,5,snmp
1244535,121489017,764266,372621,48160,93935,162975,217606,553143,311480,2.0510545567748464,0.07547798977128004,1.7758539874149224,97.61799949378684,0,0,0,0,0,217616,108,290108,0,0,0,0,0,0,0,0,0,0,0,0,0,0,0.0,0.0,0.0,1.3331188883170355,0.0,1.9999787089081928,61338,32595,4,1.8818223653934651,0.04928587785799515,0.02619050488736757,0.17484924088113232,0.0,0.2331055374095546,0.0,0.03869718408883639,0.13095252443683786,0.0,0.0,0.0,0.0,0.0,-170199.0,0.0,5669623296.0,189179.0,0.58,216.0,3232.0,1109.0,0.2,5,0.008,0.18181818181818182,0.41689728472691084,0.0,0.2331055374095546,5,snmp
1269718,132965768,836350,380750,52618,103076,178647,237229,563799,319795,2.196585686145765,0.08118023057088267,1.7630012977063432,104.72070806273518,0,0,0,0,0,237236,108,319795,0,0,0,0,0,0,0,0,0,0,0,0,0,0,0.0,0.0,0.0,1.3480036756647389,0.0,2.0015923257665493,67349,35734,4,1.884731628141266,0.05304248659938664,0.028143257006673923,0.1868359746022345,0.0,0.2518630121018998,0.0,0.04144069785574435,0.14069817077492797,0.0,0.0,0.0,0.0,0.0,-256.0,127413.0,5651606016.0,187687.0,1.38,6198.0,5824.0,1145.0,5.42,5,0.006999999999999999,0.18181818181818182,0.4164994925935457,0.0,0.2518630121018998,5,snmp
1190980,124530821,784708,355599,50673,96333,166544,223102,527751,300032,2.20672161620252,0.08088548926094477,1.7589823752133107,104.5616391543099,0,0,0,0,0,223087,108,300032,0,0,0,0,0,0,0,0,0,0,0,0,0,0,0.0,0.0,0.0,1.3449102816390017,0.0,2.0003114682613843,63016,33297,4,1.892542871730186,0.052911048044467585,0.027957648323229608,0.18732640346605317,0.0,0.2519202673428605,0.0,0.04254731397672505,0.1398377806512284,0.0,0.0,0.0,0.0,0.0,0.0,128349.0,5651074048.0,187682.0,1.38,3801.0,7328.0,1170.0,3.25,5,0.006999999999999999,0.18181818181818182,0.41611679331481904,0.0,0.2519202673428605,5,snmp
1624981,169939440,1068546,487710,68240,132016,228669,304577,721290,407286,2.1909454388878635,0.08124156528599412,1.770966839027121,104.57933969689492,0,0,0,0,0,288126,108,385539,0,0,0,0,0,0,0,0,0,0,0,0,0,0,0.0,0.0,0.0,1.3380916682284834,0.0,1.9990914322056998,86274,45728,4,1.8866777466759972,0.05309231307935293,0.028140636721290895,0.18743419153823954,0.0,0.23725754331896803,0.0,0.04199433716455762,0.1407210299689658,0.0,0.0,0.0,0.0,0.0,170719.0,170719.0,5520674816.0,187895.0,1.49,2958.0,8928.0,1194.0,2.48,5,0.008,0.18181818181818182,0.42122559224802,0.0,0.23725754331896803,5,snmp
1194298,125169720,788705,356654,48939,96552,167447,224329,530458,299776,2.2114009656417704,0.08084414442626547,1.76951457087959,104.80610366926848,0,0,0,0,0,224331,108,299776,0,0,0,0,0,0,0,0,0,0,0,0,0,0,0.0,0.0,0.0,1.3363110760438817,0.0,2.0,63065,33491,4,1.8830432056373354,0.05280507879942862,0.028042414874679518,0.18783335482434033,0.0,0.2510060303207407,0.0,0.04097721004305458,0.14020537587771226,0.0,0.0,0.0,0.0,0.0,149366.0,149149.0,5709138432.0,188107.0,1.38,2623.0,10336.0,1219.0,2.15,5,0.009000000000000001,0.18181818181818182,0.4164563305327747,0.0,0.2510060303207407,5,snmp
1189243,124585700,783881,356254,49108,96477,167015,222279,527773,299621,2.200343013692478,0.08112471547026133,1.7614686554013237,104.76050731431675,0,0,0,0,0,222274,108,299621,0,0,0,0,0,0,0,0,0,0,0,0,0,0,0.0,0.0,0.0,1.347980420562009,0.0,2.0001036570196535,63078,33409,4,1.8880541171540604,0.05304046355538775,0.028092660625288524,0.1869079742323478,0.0,0.2519426223236126,0.0,0.0412934951057101,0.14043807699519778,0.0,0.0,0.0,0.0,0.0,128104.0,149380.0,5707805184.0,189596.0,1.37,2036.0,11968.0,1245.0,1.64,5,0.009000000000000001,0.18181818181818182,0.4163868344291513,0.0,0.2519426223236126,5,snmp
1195998,125375206,787509,358674,49815,97132,168154,223713,531701,299856,2.195612171498352,0.08121418263241242,1.773187796809135,104.82894285776398,0,0,0,0,0,223704,108,299856,0,0,0,0,0,0,0,0,0,0,0,0,0,0,0.0,0.0,0.0,1.3404141186567964,0.0,2.0,63507,33628,4,1.8885155227786368,0.05309958712305539,0.028117103874755644,0.18705131613932466,0.0,0.2507161383213015,0.0,0.04165140744382516,0.1405972250789717,0.0,0.0,0.0,0.0,0.0,149504.0,256.0,5708811776.0,189600.0,1.37,1540.0,13824.0,1271.0,1.21,5,0.008,0.18181818181818182,0.4168736835523019,0.0,0.2507161383213015,5,snmp
1185528,124114595,782607,354105,48816,95948,165702,221712,525374,299768,2.2100986995382725,0.08093271521212489,1.7526020122227857,104.69140754161859,0,0,0,0,0,221718,108,299768,0,0,0,0,0,0,0,0,0,0,0,0,0,0,0.0,0.0,0.0,1.3520237418703038,0.0,1.9999166249791562,62799,33140,4,1.8949607724803863,0.05297133429155617,0.02795378936642576,0.18701540579387413,0.0,0.2528561113697863,0.0,0.04117658967143754,0.13977063384416058,0.0,0.0,0.0,0.0,0.0,170800.0,21552.0,5519709696.0,189815.0,1.48,1569.0,15360.0,1299.0,1.21,5,0.009000000000000001,0.18181818181818182,0.4158311700827428,0.0,0.2528561113697863,5,snmp
1370254,134930385,848814,409846,53096,104309,180464,241631,609422,342761,2.071055957603588,0.0761238427328072,1.7779794083924367,98.47107543564915,0,0,0,0,0,241965,108,321753,0,0,0,0,0,0,0,0,0,0,0,0,0,0,0.0,0.0,0.0,1.3297501704792016,0.0,1.9988693852521846,68210,36093,4,1.8898401352062726,0.049779092051546646,0.02634037193104344,0.17634029895187317,0.0,0.23481266976779488,0.0,0.03874902025463892,0.13170112986351434,0.0,0.0,0.0,0.0,0.0,149248.0,-21471.0,5654107648.0,190032.0,1.36,1211.0,16704.0,1325.0,0.91,5,0.008,0.18181818181818182,0.4169220691823162,0.0,0.23481266976779488,5,snmp
1204250,125986668,793164,359825,51261,97449,168726,225748,534085,302592,2.2043048704231225,0.08092090512767283,1.7650334443739424,104.61836661822711,0,0,0,0,0,225734,108,302592,0,0,0,0,0,0,0,0,0,0,0,0,0,0,0.0,0.0,0.0,1.3404803884217709,0.0,1.99985634542768,63706,33730,4,1.8887044174325527,0.05290097571102346,0.028009134315964294,0.1874594145733859,0.0,0.2512700851152169,0.0,0.042566742785966366,0.14010878139921112,0.0,0.0,0.0,0.0,0.0,173055.0,45484.0,5435459584.0,190026.0,1.6,1051.0,1088.0,1350.0,0.78,5,0.008,0.18181818181818182,0.4164041802521376,0.0,0.2512700851152169,5,snmp
1356957,141921422,894742,405507,57705,109736,190498,254018,601131,342247,2.2064773234494104,0.08086918008455685,1.7564244536840352,104.5880024201209,0,0,0,0,0,254296,108,342532,0,0,0,0,0,0,0,0,0,0,0,0,0,0,0.0,0.0,0.0,1.3469814704124328,0.0,2.0005104459109635,71642,38116,4,1.879578129919194,0.052796072388439724,0.02808932044272589,0.18719679400305242,0.0,0.25242656915436523,0.0,0.04252529741178239,0.1403861728853604,0.0,0.0,0.0,0.0,0.0,149313.0,-67.0,5876322304.0,190051.0,1.36,1007.0,2848.0,1377.0,0.73,5,0.008,0.18181818181818182,0.4160473326916544,0.0,0.25242656915436523,5,snmp
1276356,124721425,784089,382776,49253,96729,167597,222336,566203,321580,2.0484278011160573,0.075785282476049,1.7606909633683687,97.7168007985233,0,0,0,0,0,222336,108,299694,0,0,0,0,0,0,0,0,0,0,0,0,0,0,0.0,0.0,0.0,1.3479328583765113,0.0,2.0001033869567015,63205,33511,4,1.8860971024439737,0.04951988316739217,0.02625521406253428,0.17419591399264783,0.0,0.2348043962656187,0.0,0.0385887636364776,0.13130897649245196,0.0,0.0,0.0,0.0,0.0,128151.0,21702.0,5644757504.0,190269.0,1.48,893.0,4512.0,1398.0,0.64,5,0.008,0.18181818181818182,0.41660257215969215,0.0,0.2348043962656187,5,snmp
1192300,124916882,786241,356976,49083,96666,167404,223211,529602,299656,2.202503809779929,0.08107523274343706,1.7673665803454628,104.76967373983058,0,0,0,0,0,223204,108,299656,0,0,0,0,0,0,0,0,0,0,0,0,0,0,0.0,0.0,0.0,1.342520743355854,0.0,2.0000413804518744,63185,33472,4,1.8876971797323137,0.052994212865889456,0.028073471441751235,0.18721043361570075,0.0,0.2513260085548939,0.0,0.04116665268808186,0.1404042606726495,0.0,0.0,0.0,0.0,0.0,149248.0,-21552.0,5807468032.0,190057.0,1.36,751.0,6144.0,1417.0,0.53,5,0.006999999999999999,0.18181818181818182,0.4165465858390813,0.0,0.2513260085548939,5,snmp
1279990,125340937,788164,383868,49234,97173,168092,224090,568914,320740,2.0532162097387645,0.07591699935155743,1.7737544428509073,97.9233720575942,0,0,0,0,0,224097,108,299873,0,0,0,0,0,0,0,0,0,0,0,0,0,0,0.0,0.0,0.0,1.3381392878976515,0.0,2.000020582060676,63554,33627,4,1.8899693698516074,0.049651950405862545,0.026271298994523396,0.17507168024750194,0.0,0.2342776115438402,0.0,0.03846436300283596,0.13132290096016375,0.0,0.0,0.0,0.0,0.0,127546.0,0.0,5965580288.0,189624.0,1.37,783.0,7648.0,1445.0,0.54,5,0.008,0.18181818181818182,0.41688238902281627,0.0,0.2342776115438402,5,snmp
1538961,152345663,957955,461431,60103,117776,203951,272446,684120,385507,2.0760525408999397,0.07652955468007311,1.774598126622863,98.99254302090826,0,0,0,0,0,272425,108,364219,0,0,0,0,0,0,0,0,0,0,0,0,0,0,0.0,0.0,0.0,1.3369514545287693,0.0,1.9992191611074333,76989,40800,4,1.886985294117647,0.05002660886143313,0.0265113930762378,0.17703242642276185,0.0,0.23666551654005527,0.0,0.03905427103090982,0.13252512571793568,0.0,0.0,0.0,0.0,0.0,149354.0,-45253.0,5800055808.0,189622.0,1.37,728.0,9632.0,1464.0,0.5,5,0.008,0.18181818181818182,0.41674030906394804,0.0,0.23666551654005527,5,snmp
1447246,125007806,786446,434001,49125,96668,167521,223261,642361,363579,1.8120833822963542,0.06679444959599128,1.7667714581975307,86.37633546750172,0,0,0,0,0,223256,108,299776,0,0,0,0,0,0,0,0,0,0,0,0,0,0,0.0,0.0,0.0,1.3427455477120436,0.0,2.0002069151027335,63152,33501,4,1.8850780573714216,0.04363598171976291,0.023148103363215378,0.15426610265290075,0.0,0.20713548353217076,0.0,0.033943780117547395,0.11575157229662407,0.0,0.0,0.0,0.0,0.0,149504.0,191.0,5801574400.0,189623.0,1.37,625.0,11008.0,1489.0,0.42,5,0.006999999999999999,0.18181818181818182,0.41653377775697753,0.0,0.20713548353217076,5,snmp
1276761,133549030,840650,382537,53574,103639,179264,238709,566047,321464,2.1975652028431236,0.08117337543988264,1.760841027300102,104.59986638063036,0,0,0,0,0,238774,108,321464,0,0,0,0,0,0,0,0,0,0,0,0,0,0,0.0,0.0,0.0,1.3463107373499628,0.0,1.9999807024314937,67800,35855,4,1.8909496583461163,0.05310312580036514,0.02808278135062083,0.1869645141103151,0.0,0.25178087363257495,0.0,0.041960868165615964,0.1404052912017206,0.0,0.0,0.0,0.0,0.0,170360.0,-590.0,5648768512.0,189836.0,1.48,693.0,12416.0,1516.0,0.46,5,0.009000000000000001,0.18181818181818182,0.41646572014565575,0.0,0.25178087363257495,5,snmp
1195776,125077554,785509,358723,51544,97171,168105,223621,530789,299776,2.18973692793604,0.08126187513380433,1.7706187286507258,104.59948518786128,0,0,0,0,0,223628,108,299776,0,0,0,0,0,0,0,0,0,0,0,0,0,0,0.0,0.0,0.0,1.3405119215840593,0.0,2.0002264306298887,63545,33616,4,1.8903200856734887,0.05314122377435239,0.0281122885891672,0.18700910538428603,0.0,0.25069578248769,0.0,0.04310506315564119,0.14058234987154786,0.0,0.0,0.0,0.0,0.0,149321.0,73.0,5968180224.0,190047.0,1.36,587.0,13952.0,1539.0,0.38,5,0.008,0.18181818181818182,0.41690949846534564,0.0,0.25069578248769,5,snmp
1195568,125241032,787636,357886,50046,96930,167747,223826,531132,300032,2.2008013725040936,0.08107443491294515,1.7702511732081911,104.75441965659837,0,0,0,0,0,223821,108,300032,0,0,0,0,0,0,0,0,0,0,0,0,0,0,0.0,0.0,0.0,1.3404997743732714,0.0,1.9999587339578262,63380,33552,4,1.8890081068192657,0.0530124593498655,0.02806364840812066,0.18721310707546537,0.0,0.25095352167338036,0.0,0.04185960146139743,0.14030736854783668,0.0,0.0,0.0,0.0,0.0,128657.0,328.0,5803904000.0,190051.0,1.36,650.0,15744.0,1562.0,0.42,5,0.009000000000000001,0.18181818181818182,0.41664822479511865,0.0,0.25095352167338036,5,snmp
1372913,134839458,848743,411019,52366,104366,180000,240612,610013,345721,2.0649726654972156,0.07601792684605653,1.7644661446657854,98.21413155822692,0,0,0,0,0,240758,108,323850,0,0,0,0,0,0,0,0,0,0,0,0,0,0,0.0,0.0,0.0,1.3451266416899959,0.0,1.9996934337337855,68370,36000,4,1.8991666666666667,0.04979922252903134,0.026221617830117422,0.17525655303722815,0.0,0.23588530373009797,0.0,0.038142256646998024,0.1311080891505871,0.0,0.0,0.0,0.0,0.0,151797.0,2260.0,6068332032.0,189830.0,1.38,511.0,1088.0,1588.0,0.32,5,0.008,0.18181818181818182,0.41635479336082304,0.0,0.23588530373009797,5,snmp
1196362,125332378,787756,358542,50064,97137,167836,223995,531853,299776,2.1971094041981134,0.08119365208858188,1.774168045473954,104.76124952146591,0,0,0,0,0,223999,108,299776,0,0,0,0,0,0,0,0,0,0,0,0,0,0,0.0,0.0,0.0,1.338291688802182,0.0,2.000102952682947,63569,33569,4,1.8936816705889363,0.05313525504822119,0.028059232907765377,0.18723011931171335,0.0,0.2505729871059094,0.0,0.041846865747992665,0.14028864173218475,0.0,0.0,0.0,0.0,0.0,149176.0,-256.0,5670228992.0,189628.0,1.37,500.0,3104.0,1613.0,0.31,5,0.008,0.18181818181818182,0.4168480596712505,0.0,0.2505729871059094,5,snmp
1277348,133772190,842531,382726,52091,103623,179575,239238,567270,321173,2.201394731478917,0.08112354659810796,1.7662443605159837,104.72650366227528,0,0,0,0,0,239281,108,321173,0,0,0,0,0,0,0,0,0,0,0,0,0,0,0.0,0.0,0.0,1.342241966558147,0.0,2.002841238548069,67709,35908,4,1.8856243733986855,0.05300748112495577,0.028111368241074478,0.187292734634571,0.0,0.2514373530157796,0.0,0.04078058602667402,0.1405842417258257,0.0,0.0,0.0,0.0,0.0,149317.0,-21258.0,5818497024.0,189628.0,1.37,491.0,4896.0,1636.0,0.3,5,0.008,0.18181818181818182,0.41657726203935214,0.0,0.2514373530157796,5,snmp
1363178,125272543,787900,408542,49336,97065,167872,224035,606069,341888,1.9285654840873154,0.0712049343519335,1.772712116248596,91.89742131988632,0,0,0,0,0,224025,108,299763,0,0,0,0,0,0,0,0,0,0,0,0,0,0,0.0,0.0,0.0,1.3380783394710412,0.0,2.000309119010819,63490,33580,4,1.8907087552114354,0.04657498873954832,0.02463361351195515,0.16434757603189018,0.0,0.21990011575891044,0.0,0.036191898636861806,0.1231475273221839,0.0,0.0,0.0,0.0,0.0,149465.0,-73.0,5637935104.0,189415.0,1.37,482.0,6656.0,1658.0,0.29,5,0.008,0.18181818181818182,0.41681679123281423,0.0,0.21990011575891044,5,snmp
1273696,133317496,839151,380772,53773,103135,178500,238217,564948,320755,2.2038148813463176,0.08097301082832953,1.7613069164938973,104.66979247795392,0,0,0,0,0,238351,108,320755,0,0,0,0,0,0,0,0,0,0,0,0,0,0,0.0,0.0,0.0,1.345725421751954,0.0,1.9998254866982084,67449,35708,4,1.8889044471827041,0.05295533628118484,0.028034947114539105,0.1870281448634525,0.0,0.2518301070271085,0.0,0.04221808029545512,0.14014333090470568,0.0,0.0,0.0,0.0,0.0,149498.0,-328.0,5638323712.0,189199.0,1.37,499.0,7968.0,1687.0,0.3,5,0.009000000000000001,0.18181818181818182,0.41626435084624835,0.0,0.2518301070271085,5,snmp
1191771,124635472,784394,356611,50766,96587,167092,223138,528377,299776,2.199578812767974,0.08104493228984427,1.7625727209649873,104.58005103329415,0,0,0,0,0,223120,108,299776,0,0,0,0,0,0,0,0,0,0,0,0,0,0,0.0,0.0,0.0,1.3435640014342058,0.0,2.000352076214145,63158,33416,4,1.8900526693799378,0.052995080430720334,0.028038943723248846,0.1872322786844117,0.0,0.2515382569302324,0.0,0.04259710967962805,0.1402047876647443,0.0,0.0,0.0,0.0,0.0,149248.0,-2366.0,5638855168.0,188982.0,1.37,431.0,9856.0,1710.0,0.25,5,0.008,0.18181818181818182,0.41641936829243154,0.0,0.2515382569302324,5,snmp
1276038,133525772,840226,382550,53262,103617,179147,238594,566036,321048,2.1963821722650634,0.08120212720937778,1.7630883855373651,104.64090567835754,0,0,0,0,0,238740,108,321048,0,0,0,0,0,0,0,0,0,0,0,0,0,0,0.0,0.0,0.0,1.344759989947223,0.0,2.001796684826707,67787,35833,4,1.891747830212374,0.053123026116777085,0.02808145211976446,0.18698032503734216,0.0,0.25159752295778026,0.0,0.04174013626553441,0.1403931544358397,0.0,0.0,0.0,0.0,0.0,149298.0,0.0,5638084096.0,188338.0,1.38,379.0,11424.0,1734.0,0.22,5,0.006999999999999999,0.18181818181818182,0.4165420989730081,0.0,0.25159752295778026,5,snmp
1196294,125431062,788272,358645,49377,97142,168085,224056,531992,299776,2.19791716042326,0.08120244689014573,1.7746317250213492,104.84969581056161,0,0,0,0,0,224046,108,299776,0,0,0,0,0,0,0,0,0,0,0,0,0,0,0.0,0.0,0.0,1.3380109441811057,0.0,2.000329468937257,63518,33607,4,1.8900229118933556,0.053095643713000316,0.028092592623552404,0.18729175269624357,0.0,0.25058723022935836,0.0,0.04127497086836513,0.14050475886362382,0.0,0.0,0.0,0.0,0.0,149317.0,146.0,5774062592.0,187478.0,1.38,409.0,13056.0,1764.0,0.23,5,0.008,0.18181818181818182,0.4168900734727085,0.0,0.25058723022935836,5,snmp
1360325,142639886,897749,407692,55626,110395,191136,254388,603574,342364,2.202027510964159,0.08115340084171062,1.7629598906427077,104.85721132817525,0,0,0,0,0,254611,108,342364,0,0,0,0,0,0,0,0,0,0,0,0,0,0,0.0,0.0,0.0,1.3446551798626138,0.0,1.9991488745223738,72162,38237,4,1.8872296466773022,0.053047617297337035,0.028108724018157425,0.18700531123077205,0.0,0.2516780916325143,0.0,0.040891698674949004,0.1405075992869351,0.0,0.0,0.0,0.0,0.0,149558.0,310.0,5595076608.0,187044.0,1.39,384.0,14848.0,1784.0,0.22,5,0.008,0.18181818181818182,0.41650500702257603,0.0,0.2516780916325143,5,snmp
1197418,125485315,789492,358638,49288,97070,168500,224637,532230,299985,2.2013618188814346,0.08106609387866226,1.7741887094354718,104.79658314807361,0,0,0,0,0,224632,108,299985,0,0,0,0,0,0,0,0,0,0,0,0,0,0,0.0,0.0,0.0,1.3354508707575057,0.0,2.0002060581083865,63372,33689,4,1.8810887826887115,0.05292387453671149,0.02813470316965337,0.18760115515216907,0.0,0.25052654962594517,0.0,0.04116190002154636,0.1407194480123065,0.0,0.0,0.0,0.0,0.0,149266.0,0.0,5597392896.0,186831.0,1.39,350.0,16544.0,1812.0,0.19,5,0.008,0.18181818181818182,0.4168581242818558,0.0,0.25052654962594517,5,snmp
1376927,135326241,850325,412562,52965,104871,181549,241633,612110,345264,2.061084152200154,0.07616307908843388,1.7728752490847584,98.28134752241768,0,0,0,0,0,241798,108,323221,0,0,0,0,0,0,0,0,0,0,0,0,0,0,0.0,0.0,0.0,1.3367397579798013,0.0,1.9991421708795607,68568,36310,4,1.888405397961994,0.04979784694468189,0.02637031592815015,0.17548715363995332,0.0,0.2347408395652057,0.0,0.03846609152119176,0.1318508533858367,0.0,0.0,0.0,0.0,0.0,151778.0,2407.0,5594472960.0,186613.0,1.4,358.0,1152.0,1837.0,0.19,5,0.008,0.18181818181818182,0.41700480741460455,0.0,0.2347408395652057,5,snmp
1189814,124509540,782801,356669,50344,96582,167335,222128,527499,299776,2.1947548006695285,0.08117403224369524,1.7596438674210078,104.64622201453336,0,0,0,0,0,222137,108,299776,0,0,0,0,0,0,0,0,0,0,0,0,0,0,0.0,0.0,0.0,1.349509536907404,0.0,2.0000828346000126,63109,33468,4,1.8856519660571291,0.05304106356119528,0.02812876634499174,0.1866913652049816,0.0,0.2519519857725661,0.0,0.04231249590272093,0.14063962938745048,0.0,0.0,0.0,0.0,0.0,149389.0,141.0,5594023424.0,186636.0,1.39,346.0,3104.0,1867.0,0.19,5,0.008,0.18181818181818182,0.4164554583412709,0.0,0.2519519857725661,5,snmp
1197112,125247731,786634,359096,51382,97271,168157,224102,531647,299776,2.190595272573351,0.08125471969205889,1.7734808657130658,104.62490644150255,0,0,0,0,0,224086,108,299776,0,0,0,0,0,0,0,0,0,0,0,0,0,0,0.0,0.0,0.0,1.3377721053524094,0.0,1.9999383185640562,63644,33631,4,1.8924206832981476,0.05316461617626421,0.028093444890703628,0.18720219996124005,0.0,0.25041600117616397,0.0,0.042921631392885545,0.1404688951409726,0.0,0.0,0.0,0.0,0.0,149532.0,131.0,5593566720.0,186640.0,1.39,307.0,4640.0,1891.0,0.16,5,0.006999999999999999,0.18181818181818182,0.41697375833868855,0.0,0.25041600117616397,5,snmp
1275290,160430589,1008858,381279,64854,124138,214813,286640,566068,320924,2.64598364976828,0.0973409969497134,1.7638693273173711,125.79929976711179,0,0,0,0,0,286594,108,385125,0,0,0,0,0,0,0,0,0,0,0,0,0,0,0.0,0.0,0.0,1.3437999399847869,0.0,2.0002900418949405,81169,42962,4,1.88932079512127,0.06364748410165531,0.03368802390044617,0.22476456335421746,0.0,0.301990135577006,0.0,0.050854315489026025,0.16844247190835027,0.0,0.0,0.0,0.0,0.0,149218.0,-455.0,5597417472.0,186637.0,1.39,307.0,6368.0,1916.0,0.16,5,0.008,0.18181818181818182,0.4164607132618057,0.0,0.301990135577006,5,snmp
1192760,124947972,786893,356327,49540,96511,166916,223545,529644,299776,2.208345143646145,0.08091401455447869,1.7667992100768575,104.75533384754686,0,0,0,0,0,223545,108,299776,0,0,0,0,0,0,0,0,0,0,0,0,0,0,0.0,0.0,0.0,1.3410096401172023,0.0,1.9996892029090607,63133,33384,4,1.8911155044332615,0.05293017874509541,0.027988866159160266,0.18741825681612395,0.0,0.2513296891243838,0.0,0.04153392132532949,0.13994097722928334,0.0,0.0,0.0,0.0,0.0,149296.0,0.0,5595963904.0,186419.0,1.39,306.0,8064.0,1948.0,0.16,5,0.008,0.18181818181818182,0.4163479806446627,0.0,0.2513296891243838,5,snmp
1282758,134510880,845410,384795,52553,104149,180799,240307,570809,321158,2.1970399823282527,0.08119146401737506,1.7773463528854956,104.86068299710467,0,0,0,0,0,240182,108,321158,0,0,0,0,0,0,0,0,0,0,0,0,0,0,0.0,0.0,0.0,1.3371443322147372,0.0,2.002210815694869,67986,36161,4,1.8800918116202538,0.05299986435477307,0.02819004052206262,0.18733619279708252,0.0,0.2503652286713472,0.0,0.040968756382731585,0.140945525188695,0.0,0.0,0.0,0.0,0.0,170610.0,18716.0,5458790400.0,186415.0,1.5,314.0,9664.0,1980.0,0.16,5,0.008,0.18181818181818182,0.41703647306144465,0.0,0.2503652286713472,5,snmp
1446797,133592516,841469,432970,52527,103358,178544,238854,641950,364107,1.9434810725916345,0.0714391860088181,1.763080632890881,92.33673832610933,0,0,0,0,0,238731,108,321167,0,0,0,0,0,0,0,0,0,0,0,0,0,0,0.0,0.0,0.0,1.3453091554930026,0.0,2.0001935209196113,67647,35714,4,1.8941311530492244,0.046756386694194144,0.02468487286053261,0.16509157815505562,0.0,0.22198483961467988,0.0,0.03630571531458802,0.12340639357145473,0.0,0.0,0.0,0.0,0.0,149338.0,-51.0,5635288064.0,186625.0,1.39,305.0,11456.0,2010.0,0.15,5,0.008,0.18181818181818182,0.4162843073570853,0.0,0.22198483961467988,5,snmp
1443475,151341605,952973,431627,58875,116953,202023,270063,640069,364142,2.2078623441072964,0.08102183965777031,1.7577456047366138,104.8453246505828,0,0,0,0,0,269781,108,364142,0,0,0,0,0,0,0,0,0,0,0,0,0,0,0.0,0.0,0.0,1.34976888661544,0.0,1.997148224043716,76546,40398,4,1.8947967721174315,0.05302897521605847,0.027986629487867818,0.18709225999757528,0.0,0.2522676180744384,0.0,0.04078698972964547,0.13995600893676718,0.0,0.0,0.0,0.0,0.0,171985.0,43729.0,5391035904.0,187064.0,1.62,281.0,12960.0,2035.0,0.14,5,0.008,0.18181818181818182,0.41611910193390195,0.0,0.2522676180744384,5,snmp
1283513,161291292,1014538,384644,64145,124975,215784,288502,570268,321522,2.6376025623693597,0.09736948515519515,1.773651569721512,125.6639332831066,0,0,0,0,0,288521,108,386303,0,0,0,0,0,0,0,0,0,0,0,0,0,0,0.0,0.0,0.0,1.3389077398178988,0.0,2.000240076824584,81819,43160,4,1.895713623725672,0.06374614047539838,0.03362646112661111,0.22477528470689428,0.0,0.3009731884289446,0.0,0.049976120226285205,0.1681198398457982,0.0,0.0,0.0,0.0,0.0,149266.0,145.0,5789393920.0,187503.0,1.38,266.0,14688.0,2060.0,0.13,5,0.008,0.18181818181818182,0.4166999452875066,0.0,0.3009731884289446,5,snmp
1363403,142649700,896167,409249,57987,110828,191709,255112,605023,341915,2.189784214500219,0.0812877777150263,1.7695128906307123,104.6276852845417,0,0,0,0,0,255230,108,341915,0,0,0,0,0,0,0,0,0,0,0,0,0,0,0.0,0.0,0.0,1.339634839164675,0.0,2.000108281749111,72481,38348,4,1.8900855324919161,0.053161831094694675,0.02812668007918422,0.18711415480235852,0.0,0.2507805835838707,0.0,0.04253107848523144,0.14061066317149074,0.0,0.0,0.0,0.0,0.0,127116.0,21471.0,5634958336.0,187500.0,1.5,251.0,16256.0,2081.0,0.12,5,0.006999999999999999,0.18181818181818182,0.4169048243008316,0.0,0.2507805835838707,5,snmp
1542646,170420831,1072187,462193,68198,132148,229196,305538,685121,387200,2.31978199583291,0.08566320464967335,1.7694240702479338,110.47306446196988,0,0,0,0,0,305006,108,408711,0,0,0,0,0,0,0,0,0,0,0,0,0,0,0.0,0.0,0.0,1.3400097047271202,0.0,2.002181752068119,86312,45842,4,1.882814885912482,0.05595061990890975,0.029716474161926975,0.19806099390268408,0.0,0.26494153551754585,0.0,0.04420845741667239,0.148573295493587,0.0,0.0,0.0,0.0,0.0,151552.0,-18819.0,5801492480.0,187495.0,1.39,289.0,1248.0,2110.0,0.14,5,0.009000000000000001,0.18181818181818182,0.4167722191774582,0.0,0.26494153551754585,5,snmp
1278793,134005774,843604,382841,52348,103681,179230,239776,567998,321018,2.203536193876831,0.08107723454851568,1.769364957728227,104.79082541114941,0,0,0,0,0,239746,108,321018,0,0,0,0,0,0,0,0,0,0,0,0,0,0,0.0,0.0,0.0,1.338992099972471,0.0,2.000135038678936,67839,35842,4,1.8927236203336868,0.05304924252791499,0.028027992020600676,0.18750180834583863,0.0,0.25103202785751877,0.0,0.04093547587451605,0.1401555998507968,0.0,0.0,0.0,0.0,0.0,127673.0,-219.0,5801684480.0,187300.0,1.38,282.0,3136.0,2135.0,0.13,5,0.009000000000000001,0.18181818181818182,0.41659583061423794,0.0,0.25103202785751877,5,snmp
1186960,124355391,783790,354287,48884,95975,165972,222128,526460,299520,2.2123024553539925,0.08085782166206107,1.757678952991453,104.76797111949855,0,0,0,0,0,222127,108,299520,0,0,0,0,0,0,0,0,0,0,0,0,0,0,0.0,0.0,0.0,1.3484177970260256,0.0,1.999604141925537,62779,33201,4,1.8908767808198548,0.05289057761002898,0.027971456493900385,0.18714025746444699,0.0,0.252342117678776,0.0,0.04118420165801712,0.13982948035317114,0.0,0.0,0.0,0.0,0.0,149407.0,-43957.0,5800505856.0,187082.0,1.38,254.0,4640.0,2164.0,0.12,5,0.008,0.18181818181818182,0.4159592074312281,0.0,0.252342117678776,5,snmp
1279521,134230860,843822,383118,52933,103747,179573,239902,569132,320914,2.2025120197954675,0.08108268641155557,1.7734720205413288,104.90711758540891,0,0,0,0,0,239853,108,320835,0,0,0,0,0,0,0,0,0,0,0,0,0,0,0.0,0.0,0.0,1.3376317994771798,0.0,1.998362739810463,67828,35916,4,1.8885176522998106,0.053010462509017045,0.028069879275134994,0.18749360112104452,0.0,0.2507461776711754,0.0,0.041369387450459975,0.14034392557840003,0.0,0.0,0.0,0.0,0.0,149471.0,0.0,5797003264.0,187080.0,1.38,241.0,6144.0,2190.0,0.11,5,0.008,0.18181818181818182,0.41672781239487144,0.0,0.2507461776711754,5,snmp
1284010,143624948,901261,386019,56467,111345,192381,256260,571059,321294,2.3347581336669956,0.08671661435658601,1.7773721264636129,111.85656498002352,0,0,0,0,0,240323,108,321294,0,0,0,0,0,0,0,0,0,0,0,0,0,0,0.0,0.0,0.0,1.3369257208007557,0.0,1.9972197309417041,72866,38476,4,1.8938039297224243,0.05674877921511515,0.029965498711069228,0.1995778849074384,0.0,0.2502270231540253,0.0,0.04397707182965865,0.14982827236548002,0.0,0.0,0.0,0.0,0.0,149367.0,-21471.0,5797958656.0,187081.0,1.38,236.0,7904.0,2219.0,0.11,5,0.008,0.18181818181818182,0.42206879839670713,0.0,0.2502270231540253,5,snmp
1536577,169600975,1067524,459349,68769,131146,227535,303427,682416,386432,2.3239933035665694,0.08534944880731653,1.765940708843988,110.37583863353414,0,0,0,0,0,303179,108,407497,0,0,0,0,0,0,0,0,0,0,0,0,0,0,0.0,0.0,0.0,1.3440805596693703,0.0,2.0016178266178266,85629,45501,4,1.8819146831937759,0.055727112926979905,0.029611923125232253,0.19746944019076168,0.0,0.2651979041727164,0.0,0.04475467223575519,0.14807913954198196,0.0,0.0,0.0,0.0,0.0,192631.0,41079.0,5683654656.0,187513.0,1.61,237.0,9600.0,2240.0,0.11,5,0.008,0.18181818181818182,0.41640464848816566,0.0,0.2651979041727164,5,snmp
1277276,124930277,785089,382679,51041,96946,167816,223372,566540,320866,2.0515601849069323,0.07590058843977339,1.765659184831051,97.80993066494634,0,0,0,0,0,223364,108,299814,0,0,0,0,0,0,0,0,0,0,0,0,0,0,0.0,0.0,0.0,1.3422664350566789,0.0,2.0001237879100473,63390,33562,4,1.8887432215005064,0.04962905433124869,0.02627623160538521,0.1748815447875009,0.0,0.23472922062263754,0.0,0.039960822876183376,0.13138585552378657,0.0,0.0,0.0,0.0,0.0,192544.0,43425.0,5618099712.0,188377.0,1.61,232.0,11264.0,2263.0,0.1,5,0.008,0.18181818181818182,0.41672717593946446,0.0,0.23472922062263754,5,snmp
1329196,130128846,762176,397571,48455,93969,174493,232993,589932,333699,1.9170814772707265,0.07069612006054787,1.7678566612426168,97.90041950171381,0,0,0,0,0,232731,108,312071,0,0,0,0,0,0,0,0,0,0,0,0,0,0,0.0,0.0,0.0,1.340908602635661,0.0,1.9999361511939726,65862,34905,4,1.8868929952728835,0.04955025443952585,0.02626023551078998,0.17528867074532273,0.0,0.2347817778566893,0.0,0.03645436790360489,0.131277102850144,0.0,0.0,0.0,0.0,0.0,-149248.0,119.0,5973059072.0,188810.0,0.58,216.0,12000.0,2276.0,0.1,5,0.008,0.18181818181818182,0.4127521628199874,0.0,0.2347817778566893,5,snmp
1191206,133533670,840297,356540,53210,103224,178681,238789,529014,299264,2.3568098951029337,0.0866550369961199,1.7677167985457656,112.09956128494987,0,0,0,0,0,238752,108,320131,0,0,0,0,0,0,0,0,0,0,0,0,0,0,0.0,0.0,0.0,1.3408515949604611,0.0,2.0004263483265827,67493,35735,4,1.8887085490415558,0.05665938553029451,0.029999009407272965,0.20045987008124538,0.0,0.2687452883884064,0.0,0.04466901610636615,0.1500000839485362,0.0,0.0,0.0,0.0,0.0,-2411.0,190220.0,5759614976.0,187296.0,1.6,7398.0,14656.0,2311.0,3.2,5,0.008,0.18181818181818182,0.41649756955358735,0.0,0.2687452883884064,5,snmp
1197224,134226648,844796,358499,53218,103894,179694,240072,532056,300288,2.3564807712155402,0.08677908227700079,1.77181905370844,112.11489913332844,0,0,0,0,0,255772,108,342698,0,0,0,0,0,0,0,0,0,0,0,0,0,0,0.0,0.0,0.0,1.3398573729728038,0.0,2.0008088433540037,67973,35943,4,1.8911331830954567,0.056775507340313926,0.03002195077946984,0.2005238785724309,0.0,0.28624384409266773,0.0,0.04445116369200751,0.15009221332014727,0.0,0.0,0.0,0.0,0.0,-43286.0,149258.0,6122704896.0,187288.0,1.38,4395.0,16096.0,2333.0,1.88,5,0.008,0.18181818181818182,0.4112675334149966,0.0,0.28624384409266773,5,snmp
1294347,144749733,910155,387896,56753,112160,193999,258478,575709,324287,2.346389238352548,0.08665373350423032,1.775307058253954,111.83224668500796,0,0,0,0,0,258884,108,345956,0,0,0,0,0,0,0,0,0,0,0,0,0,0,0.0,0.0,0.0,1.3363359651426894,0.0,2.001713306681896,73351,38808,4,1.8900999793856936,0.056670274663594845,0.029982686250286824,0.19969760813753962,0.0,0.2672822666564685,0.0,0.043846820056754485,0.1498817550471396,0.0,0.0,0.0,0.0,0.0,129952.0,127951.0,5951593984.0,187507.0,1.5,2957.0,17728.0,2358.0,1.25,5,0.008,0.18181818181818182,0.41691889889779266,0.0,0.2672822666564685,5,snmp
1447478,142796724,898462,433135,56414,110440,191454,255072,642567,363609,2.0743232479480995,0.0762982235308585,1.767192231215399,98.65208590389629,0,0,0,0,0,255328,108,342356,0,0,0,0,0,0,0,0,0,0,0,0,0,0,0.0,0.0,0.0,1.3408478506078456,0.0,2.00018111020556,72156,38292,4,1.8843622688812285,0.049849462306162856,0.0264542880789898,0.17621822231495055,0.0,0.2365189660913672,0.0,0.03897399476883241,0.1322672952542284,0.0,0.0,0.0,0.0,0.0,149398.0,106358.0,6106961920.0,187726.0,1.38,2095.0,1920.0,2389.0,0.88,5,0.006999999999999999,0.18181818181818182,0.41657349488886797,0.0,0.2365189660913672,5,snmp
1276317,124752767,842487,381680,52956,103392,167070,222951,566321,321387,2.2073124083001465,0.08100808811604014,1.7621154558211751,97.74434329402492,0,0,0,0,0,222946,108,299775,0,0,0,0,0,0,0,0,0,0,0,0,0,0,0.0,0.0,0.0,1.3446081113812314,0.0,2.0024015183793624,63027,33418,4,1.8860195104434736,0.0493819325449712,0.026183150424228464,0.1746830920531498,0.0,0.23487503496388437,0.0,0.04149125961653727,0.1309000820329119,0.0,0.0,0.0,0.0,0.0,127495.0,149427.0,6107640320.0,189219.0,1.37,1712.0,3936.0,2413.0,0.71,5,0.006999999999999999,0.18181818181818182,0.4200822856079861,0.0,0.23487503496388437,5,snmp
1445938,142495364,895749,434500,56880,110723,192216,254360,641645,363066,2.0615627157652474,0.0765752058525331,1.7672957533891909,98.548737221098,0,0,0,0,0,254882,108,342003,0,0,0,0,0,0,0,0,0,0,0,0,0,0,0.0,0.0,0.0,1.3418091509012013,0.0,2.00497971896277,72290,38437,4,1.8807399120638968,0.04999522801115954,0.026582744211715855,0.1759134900666557,0.0,0.23652673904413604,0.0,0.039337786267460984,0.13293516042873207,0.0,0.0,0.0,0.0,0.0,149354.0,-40972.0,6108517376.0,189226.0,1.37,1945.0,5344.0,2441.0,0.8,5,0.01,0.18181818181818182,0.41690174419797876,0.0,0.23652673904413604,5,snmp
1189963,124402066,783697,355254,51013,96203,166502,222922,527063,299776,2.2060187921881247,0.08084537082245415,1.7581894481212639,104.54280175097881,0,0,0,0,0,222921,108,299776,0,0,0,0,0,0,0,0,0,0,0,0,0,0,0.0,0.0,0.0,1.3447633915153798,0.0,1.999937633827412,62906,33300,4,1.889069069069069,0.05286382853920668,0.027984063370037556,0.1873352364737391,0.0,0.2519204378623537,0.0,0.04286940014101279,0.13992199757471452,0.0,0.0,0.0,0.0,0.0,149405.0,70.0,6109950976.0,189011.0,1.37,1411.0,7104.0,2465.0,0.57,5,0.008,0.18181818181818182,0.4161058931824589,0.0,0.2519204378623537,5,snmp
1370250,143424949,901564,410800,57801,110898,192079,256664,609429,342919,2.1946543330087636,0.08093267651888342,1.7771806169970168,104.67064331326401,0,0,0,0,0,256657,108,342716,0,0,0,0,0,0,0,0,0,0,0,0,0,0,0.0,0.0,0.0,1.3353074336565922,0.0,1.9989185097063753,72480,38421,4,1.8864683376278597,0.05289545703338807,0.028039408866995075,0.1873118044152527,0.0,0.25011202335340266,0.0,0.042182813355227146,0.14017806969531107,0.0,0.0,0.0,0.0,0.0,149442.0,-21738.0,6110499840.0,188800.0,1.37,1244.0,8768.0,2487.0,0.5,5,0.008,0.18181818181818182,0.4168007021074076,0.0,0.25011202335340266,5,snmp
1191191,124845939,785445,356852,48894,96660,167172,222817,528951,299776,2.2010385257753913,0.0811456768897683,1.7644874839880444,104.80765804980058,0,0,0,0,0,222812,108,299776,0,0,0,0,0,0,0,0,0,0,0,0,0,0,0.0,0.0,0.0,1.3454212519971995,0.0,2.000124154199516,63220,33427,4,1.8912854877793401,0.053072932888176626,0.02806183055446188,0.18705396531706503,0.0,0.2516607328295798,0.0,0.041046314151131094,0.14034021412183267,0.0,0.0,0.0,0.0,0.0,149264.0,-309.0,5970838528.0,188801.0,1.37,1144.0,10304.0,2513.0,0.46,5,0.008,0.18181818181818182,0.4164735227929081,0.0,0.2516607328295798,5,snmp
1192129,124949096,786367,356819,48943,96641,167246,223180,529501,299759,2.2038260294434995,0.08106589135907272,1.7664223592953006,104.81172423454173,0,0,0,0,0,223187,108,299759,0,0,0,0,0,0,0,0,0,0,0,0,0,0,0.0,0.0,0.0,1.3430844986491148,0.0,1.999937916476967,63194,33452,4,1.8890948224321416,0.05300936391950871,0.028060721616536465,0.18721128334265838,0.0,0.25144845901743856,0.0,0.041055120712607446,0.14029186438715943,0.0,0.0,0.0,0.0,0.0,191920.0,42491.0,5563176960.0,189224.0,1.59,923.0,12224.0,2534.0,0.36,5,0.006999999999999999,0.18181818181818182,0.41647924638382733,0.0,0.25144845901743856,5,snmp
1195970,125374602,788783,357702,49485,96867,167733,224243,531672,299780,2.2051400327647035,0.08099450655116767,1.7735405964373874,104.83089207923275,0,0,0,0,0,224239,108,299780,0,0,0,0,0,0,0,0,0,0,0,0,0,0,0.0,0.0,0.0,1.3368771712324796,0.0,1.9999380613192939,63323,33547,4,1.887590544609056,0.05294698027542497,0.028050034699867055,0.18749885030560967,0.0,0.25065846133264214,0.0,0.04137645593116884,0.1402485012165857,0.0,0.0,0.0,0.0,0.0,149441.0,0.0,6123955712.0,189436.0,1.37,842.0,13824.0,2561.0,0.33,5,0.006999999999999999,0.18181818181818182,0.4166787241120012,0.0,0.25065846133264214,5,snmp
1280342,134194331,843388,384332,52622,104131,180118,239445,568648,321402,2.1944256528209984,0.08133061322677847,1.7692733710431174,104.81131682003715,0,0,0,0,0,239515,108,321402,0,0,0,0,0,0,0,0,0,0,0,0,0,0,0.0,0.0,0.0,1.3418867294323946,0.0,1.998407123802944,68101,36020,4,1.8906440866185452,0.053189694628466455,0.02813310818515678,0.1870164377955265,0.0,0.2510282408918867,0.0,0.04109995610547807,0.1406795996694633,0.0,0.0,0.0,0.0,0.0,106791.0,98.0,5764905984.0,189220.0,1.37,845.0,15328.0,2584.0,0.33,5,0.008,0.18181818181818182,0.41686658925952796,0.0,0.2510282408918867,5,snmp
1213938,144477156,908684,363934,59256,112146,194061,258600,538498,304640,2.4968373386383247,0.09238198326438418,1.76765362394958,119.01526766605873,0,0,0,0,0,258797,108,347071,0,0,0,0,0,0,0,0,0,0,0,0,0,0,0.0,0.0,0.0,1.3410935984574783,0.0,2.003322615219721,73335,38814,4,1.8893955789148245,0.0604108282301073,0.03197362633017502,0.2130257064199325,0.0,0.28590504622147095,0.0,0.048813036580121885,0.15986071776318064,0.0,0.0,0.0,0.0,0.0,149236.0,-206.0,5918732288.0,188794.0,1.37,804.0,16928.0,2604.0,0.31,5,0.008,0.18181818181818182,0.4166596437901614,0.0,0.28590504622147095,5,snmp
1188412,124298372,782894,355387,50131,96289,166424,222628,526925,299069,2.202933703258701,0.08102324782987719,1.7618843811963125,104.59198661743571,0,0,0,0,0,222628,108,299069,0,0,0,0,0,0,0,0,0,0,0,0,0,0,0.0,0.0,0.0,1.343357529151769,0.0,1.9997300159913605,63004,33295,4,1.8922961405616459,0.05301528426168702,0.02801637815841644,0.18733233928974127,0.0,0.2516543084384877,0.0,0.042183182263390136,0.14003897638192817,0.0,0.0,0.0,0.0,0.0,148480.0,-609.0,5742682624.0,188337.0,1.37,748.0,2080.0,2630.0,0.28,5,0.008,0.18181818181818182,0.4163352563260646,0.0,0.2516543084384877,5,snmp
1279935,125133548,788332,382605,49144,96663,167273,224098,568350,321630,2.0604330837286495,0.07552180384160133,1.767092621956907,97.76554903178678,0,0,0,0,0,224102,108,299946,0,0,0,0,0,0,0,0,0,0,0,0,0,0,0.0,0.0,0.0,1.3384351768391178,0.0,2.000062073246431,63212,33450,4,1.889745889387145,0.049386882927648666,0.026134139624277797,0.1750854535581885,0.0,0.23434471281744776,0.0,0.03839569978162954,0.1306886677839109,0.0,0.0,0.0,0.0,0.0,149260.0,-42670.0,5735641088.0,188112.0,1.38,662.0,3936.0,2654.0,0.25,5,0.008,0.18181818181818182,0.41644521073087304,0.0,0.23434471281744776,5,snmp
1192161,133748937,841819,356824,53102,103458,178862,239322,529313,299776,2.3591994933076252,0.08678190277990976,1.7656950523057215,112.1903308361874,0,0,0,0,0,239113,108,320766,0,0,0,0,0,0,0,0,0,0,0,0,0,0,0.0,0.0,0.0,1.3414828972075965,0.0,1.9982230806373733,67688,35776,4,1.891994633273703,0.056777566117328114,0.03000936953985242,0.20074637569925538,0.0,0.2690626517727052,0.0,0.04454264147208305,0.1500317490674498,0.0,0.0,0.0,0.0,0.0,149515.0,11.0,5734383104.0,187895.0,1.38,604.0,5472.0,2686.0,0.22,5,0.008,0.18181818181818182,0.4164870837660498,0.0,0.2690626517727052,5,snmp
1192061,124840961,786266,356782,49013,96632,167042,223546,529348,299520,2.203771490714218,0.08106296573749162,1.767321047008547,104.72699048119182,0,0,0,0,0,223543,108,299520,0,0,0,0,0,0,0,0,0,0,0,0,0,0,0.0,0.0,0.0,1.339876444352988,0.0,2.0002069921963943,63229,33393,4,1.8934806696014135,0.05304174870245734,0.028012828202583592,0.1875289939021577,0.0,0.2512623095630173,0.0,0.04111618449055879,0.14012873502278828,0.0,0.0,0.0,0.0,0.0,149248.0,-178.0,5733074432.0,187895.0,1.38,586.0,7136.0,2712.0,0.22,5,0.008,0.18181818181818182,0.41650643880187466,0.0,0.2512623095630173,5,snmp
1277219,143040993,955180,382402,59673,117542,202962,270944,566902,321721,2.497842584505311,0.09202963626441511,1.76209199896805,111.99410046358534,0,0,0,0,0,255297,108,343610,0,0,0,0,0,0,0,0,0,0,0,0,0,0,0.0,0.0,0.0,1.3459225921181996,0.0,1.999931941537781,76947,40590,4,1.8957132298595714,0.060245737027087756,0.03177998448190952,0.21213589838547656,0.0,0.2690298218238219,0.0,0.04672104000958332,0.1589093178225504,0.0,0.0,0.0,0.0,0.0,149504.0,268.0,5730890752.0,187897.0,1.38,634.0,8928.0,2738.0,0.23,5,0.009000000000000001,0.18181818181818182,0.42108108245057396,0.0,0.2690298218238219,5,snmp
1366406,143149639,901241,409168,56695,110690,191653,255872,606822,342951,2.2026184843389514,0.0810081337464853,1.7694131231575356,104.76362003679726,0,0,0,0,0,256254,108,343234,0,0,0,0,0,0,0,0,0,0,0,0,0,0,0.0,0.0,0.0,1.3394288479399346,0.0,2.0011570516876684,72363,38339,4,1.8874514202248363,0.052958637476708974,0.028058278432618124,0.1872591308878913,0.0,0.2511947400699353,0.0,0.041492060192944116,0.14026065459314435,0.0,0.0,0.0,0.0,0.0,149248.0,768.0,5730238464.0,187898.0,1.38,496.0,10464.0,2760.0,0.18,5,0.006999999999999999,0.18181818181818182,0.41651651645168086,0.0,0.2511947400699353,5,snmp
1196767,125379183,787749,358940,50078,97197,168314,224047,531995,299776,2.1946537025686745,0.08121631027593508,1.7746417324935952,104.76490661925003,0,0,0,0,0,224040,108,299776,0,0,0,0,0,0,0,0,0,0,0,0,0,0,0.0,0.0,0.0,1.3380467773611855,0.0,1.9999382716049383,63542,33662,4,1.8876477927633533,0.05309471267172307,0.0281274466959734,0.18721020883764342,0.0,0.2504881902659415,0.0,0.04184440246096358,0.14064057581801637,0.0,0.0,0.0,0.0,0.0,148965.0,-79.0,5974139904.0,187684.0,1.38,486.0,12192.0,2787.0,0.17,5,0.008,0.18181818181818182,0.41695681174416116,0.0,0.2504881902659415,5,snmp
1362168,124328179,838955,407227,55275,103468,167094,222163,603491,342896,2.0601654605416635,0.07595832525797111,1.7599826186365546,91.27227992435589,0,0,0,0,0,222162,108,299776,0,0,0,0,0,0,0,0,0,0,0,0,0,0,0.0,0.0,0.0,1.349357675930177,0.0,1.9974131773517885,62982,33411,4,1.8850677920445362,0.0462365875574819,0.02452781154747432,0.1630951541953709,0.0,0.22007270762490383,0.0,0.0405786951389256,0.122667688567049,0.0,0.0,0.0,0.0,0.0,149507.0,193.0,5568878080.0,187473.0,1.38,559.0,13600.0,2813.0,0.2,5,0.009000000000000001,0.18181818181818182,0.42012478225053457,0.0,0.22007270762490383,5,snmp
1192681,124870779,898858,356991,58706,110617,179361,239299,529374,299694,2.5178729995994296,0.09274650975407506,1.7663817093435303,104.69755030892586,0,0,0,0,0,223181,108,299694,0,0,0,0,0,0,0,0,0,0,0,0,0,0,0.0,0.0,0.0,1.342829362714568,0.0,1.997417840375587,67695,35878,4,1.886810859022242,0.05675868065308327,0.030081807289627317,0.20063956749541578,0.0,0.2512775838635813,0.0,0.049221879111011245,0.1503847214804294,0.0,0.0,0.0,0.0,0.0,149669.0,165.0,5570466816.0,187474.0,1.38,482.0,15616.0,2843.0,0.17,5,0.008,0.18181818181818182,0.4253411387505424,0.0,0.2512775838635813,5,snmp
1288633,126069776,792357,386377,49662,97617,169239,224861,572192,323924,2.0507354216218876,0.07575236704321556,1.7664390412565911,97.83218030269285,0,0,0,0,0,224858,108,302144,0,0,0,0,0,0,0,0,0,0,0,0,0,0,0.0,0.0,0.0,1.3437102526928106,0.0,2.0000614665929066,63770,33851,4,1.8838439041682669,0.04948654892432523,0.02626892218343004,0.1744957641159275,0.0,0.23446861907152775,0.0,0.03853851329276838,0.13133219465899135,0.0,0.0,0.0,0.0,0.0,171082.0,21526.0,5430340096.0,187692.0,1.5,412.0,16864.0,2869.0,0.14,5,0.006999999999999999,0.18181818181818182,0.41669968508341004,0.0,0.23446861907152775,5,snmp
1186873,142324673,896210,354927,56104,110031,190408,253589,526234,300032,2.52505444781603,0.09270663331291554,1.7539262478668942,119.9156716851761,0,0,0,0,0,253674,108,343215,0,0,0,0,0,0,0,0,0,0,0,0,0,0,0.0,0.0,0.0,1.3529766550769886,0.0,1.9978393100317748,71955,38082,4,1.8894753426815818,0.06062569457726311,0.032085994036430185,0.2136614448218133,0.0,0.2891758427397034,0.0,0.04727043247255604,0.16042828508189166,0.0,0.0,0.0,0.0,0.0,149256.0,0.0,5611241472.0,187888.0,1.38,395.0,2048.0,2892.0,0.14,5,0.006999999999999999,0.18181818181818182,0.4160185157826495,0.0,0.2891758427397034,5,snmp
1287980,135002670,847697,386717,52785,104745,181503,241160,573505,321469,2.1920344851661553,0.08132502057485365,1.7840133885382417,104.81736517647789,0,0,0,0,0,257457,108,343006,0,0,0,0,0,0,0,0,0,0,0,0,0,0,0.0,0.0,0.0,1.3322846145181526,0.0,2.001853833804755,68446,36296,4,1.8857725369186686,0.05314212953617292,0.028180561809965993,0.18723893228155716,0.0,0.2663131415084085,0.0,0.04098277923570242,0.14092066646997625,0.0,0.0,0.0,0.0,0.0,127600.0,213.0,5616768000.0,187891.0,1.38,414.0,3776.0,2910.0,0.14,5,0.008,0.18181818181818182,0.4119570944549687,0.0,0.2663131415084085,5,snmp
1196124,125324982,787918,358510,49696,97067,168122,224207,531675,299612,2.197757384731249,0.0811512853182446,1.7745450783012697,104.77591119315389,0,0,0,0,0,224210,108,299612,0,0,0,0,0,0,0,0,0,0,0,0,0,0,0.0,0.0,0.0,1.3363007894384729,0.0,2.0001854561190218,63442,33627,4,1.8866387129390074,0.053039651407379165,0.02811330597830994,0.18744461276590052,0.0,0.2504857355926309,0.0,0.04154753186124516,0.14055566145316037,0.0,0.0,0.0,0.0,0.0,170884.0,21432.0,5473750528.0,188110.0,1.49,464.0,5344.0,2941.0,0.16,5,0.01,0.18181818181818182,0.41689801456537195,0.0,0.2504857355926309,5,snmp
1275987,124726612,896309,381452,57168,110200,167288,222961,565523,321046,2.3497294548200034,0.08636451625290853,1.761501467079484,97.74912440330505,0,0,0,0,0,222952,108,299907,0,0,0,0,0,0,0,0,0,0,0,0,0,0,0.0,0.0,0.0,1.345163981484804,0.0,1.9989116633411936,63087,33461,4,1.8853889602821194,0.04944172628718004,0.02622362140053151,0.17473610624559655,0.0,0.2350392284560893,0.0,0.044802964293523366,0.13110478398290892,0.0,0.0,0.0,0.0,0.0,149504.0,91.0,5648482816.0,188329.0,1.38,394.0,7200.0,2962.0,0.13,5,0.008,0.18181818181818182,0.42339905234607167,0.0,0.2350392284560893,5,snmp
1193523,133665286,840758,357863,54815,103695,179614,239168,529189,299776,2.349385099884593,0.08688144258635988,1.765281410119556,111.99221632092554,0,0,0,0,0,239176,108,321536,0,0,0,0,0,0,0,0,0,0,0,0,0,0,0.0,0.0,0.0,1.3443489313309027,0.0,1.9998649977821064,67776,35928,4,1.886439545758183,0.05678650516160979,0.030102478125683375,0.20038826231249837,0.0,0.26940075725394486,0.0,0.045927057962016654,0.15049060638127626,0.0,0.0,0.0,0.0,0.0,127681.0,-21713.0,5653374976.0,188331.0,1.38,380.0,8800.0,2986.0,0.13,5,0.008,0.18181818181818182,0.4165291755693137,0.0,0.26940075725394486,5,snmp
1278286,151895718,954597,383027,60917,117546,203017,270595,568008,321321,2.4922446720466183,0.09195594726062868,1.7677275995033004,118.82764733400819,0,0,0,0,0,270922,108,364685,0,0,0,0,0,0,0,0,0,0,0,0,0,0,0.0,0.0,0.0,1.3460885420896052,0.0,1.9980961770555339,76939,40594,4,1.8953293590185742,0.060189190838356985,0.03175658655418271,0.21168580427228337,0.0,0.2852921803101966,0.0,0.04765521956745204,0.15881970075554297,0.0,0.0,0.0,0.0,0.0,170278.0,21255.0,5505867776.0,188543.0,1.49,328.0,10336.0,3008.0,0.11,5,0.006999999999999999,0.18181818181818182,0.4164068466669546,0.0,0.2852921803101966,5,snmp
1281487,143121048,899111,384792,56344,110854,192015,255540,570257,320622,2.336615626104493,0.08650419395592776,1.7785959790656911,111.68357384819355,0,0,0,0,0,255657,108,341571,0,0,0,0,0,0,0,0,0,0,0,0,0,0,0.0,0.0,0.0,1.3360518194299393,0.0,2.0002165244221506,72458,38405,4,1.8866814216898842,0.056542126451536376,0.02996909059553472,0.19940896786311527,0.0,0.26654269610226244,0.0,0.04396767193112377,0.14983764954306988,0.0,0.0,0.0,0.0,0.0,149435.0,-134.0,5672333312.0,188755.0,1.37,317.0,12000.0,3038.0,0.1,5,0.006999999999999999,0.18181818181818182,0.41704091950316546,0.0,0.26654269610226244,5,snmp
1196333,134286923,900964,358579,56251,111115,180525,239896,531847,299768,2.5125955507712385,0.0928796580885088,1.7741953777588002,112.24878273858533,0,0,0,0,0,239782,108,320831,0,0,0,0,0,0,0,0,0,0,0,0,0,0,0.0,0.0,0.0,1.3380111935007633,0.0,2.0009183893971043,68005,36107,4,1.8834298058548204,0.05684454077585421,0.030181395982556695,0.20052610769743875,0.0,0.2681786760040892,0.0,0.04701951714113044,0.1508986210361162,0.0,0.0,0.0,0.0,0.0,128108.0,-21636.0,5672450560.0,188757.0,1.37,325.0,13504.0,3066.0,0.11,5,0.008,0.18181818181818182,0.42055642361265366,0.0,0.2681786760040892,5,snmp
1189644,124551633,783947,356644,49054,96615,167014,222321,527924,299776,2.198121936721212,0.08121337139514005,1.7610615926558497,104.69655880246528,0,0,0,0,0,222326,108,299776,0,0,0,0,0,0,0,0,0,0,0,0,0,0,0.0,0.0,0.0,1.348362314798989,0.0,1.9999792994949077,63211,33402,4,1.8924315909226992,0.05313438305913366,0.028077307160797683,0.18688027678868635,0.0,0.2519879896843089,0.0,0.04123418434422399,0.14038989815440586,0.0,0.0,0.0,0.0,0.0,149248.0,-256.0,5670993920.0,188754.0,1.37,297.0,15136.0,3094.0,0.1,5,0.006999999999999999,0.18181818181818182,0.4164226815160639,0.0,0.2519879896843089,5,snmp
1284113,125831602,792049,384586,49474,97302,168379,224587,570109,323107,2.05948474463449,0.0757737052736013,1.7644588325229722,97.99106620679021,0,0,0,0,0,224587,108,302336,0,0,0,0,0,0,0,0,0,0,0,0,0,0,0.0,0.0,0.0,1.3461865557668076,0.0,1.999917785131441,63637,33671,4,1.889964658014315,0.04955716514045103,0.026221212619138658,0.1748966017788154,0.0,0.23544345396394242,0.0,0.038527761964873806,0.13112475303964682,0.0,0.0,0.0,0.0,0.0,149248.0,-69.0,5822726144.0,188754.0,1.37,324.0,17056.0,3124.0,0.1,5,0.008,0.18181818181818182,0.41633533474868667,0.0,0.23544345396394242,5,snmp
1196800,125246148,786755,359338,50707,97332,168460,224029,531602,299776,2.1894567231965447,0.08132687165775401,1.7733307536293765,104.65085895721926,0,0,0,0,0,224030,108,299776,0,0,0,0,0,0,0,0,0,0,0,0,0,0,0.0,0.0,0.0,1.3381065035932687,0.0,1.9998767182395365,63635,33701,4,1.8882229013975846,0.05317095588235294,0.028159258021390375,0.18719000668449198,0.0,0.2504812834224599,0.0,0.042368816844919784,0.14075868983957218,0.0,0.0,0.0,0.0,0.0,170520.0,17.0,5502121984.0,188941.0,1.48,289.0,2112.0,3150.0,0.09,5,0.008,0.18181818181818182,0.4170552676527486,0.0,0.2504812834224599,5,snmp
1191052,124793701,784612,356784,49656,96636,167096,222552,528857,299660,2.19912327907081,0.0811349966248325,1.7648568377494493,104.77603076943744,0,0,0,0,0,222540,108,299660,0,0,0,0,0,0,0,0,0,0,0,0,0,0,0.0,0.0,0.0,1.3465444414487284,0.0,2.0003311943696955,63218,33408,4,1.892301245210728,0.05307744750019311,0.028049153185587195,0.18685330279450435,0.0,0.2515927096382022,0.0,0.04169087495760051,0.1402927831866283,0.0,0.0,0.0,0.0,0.0,170859.0,21475.0,5519707648.0,189366.0,1.48,280.0,4000.0,3174.0,0.09,5,0.008,0.18181818181818182,0.41647929231724196,0.0,0.2515927096382022,5,snmp
1278105,133607473,896483,382438,57835,110463,178961,239569,566760,321383,2.3441263681956293,0.08642717147652189,1.7635033589206648,104.53559997026848,0,0,0,0,0,239567,108,321384,0,0,0,0,0,0,0,0,0,0,0,0,0,0,0.0,0.0,0.0,1.3415203262552855,0.0,2.0023383544510307,67827,35795,4,1.8948735856963264,0.05306840987242832,0.028006306211148538,0.1874407814694411,0.0,0.25145351907707114,0.0,0.0452505858282379,0.1400205773391075,0.0,0.0,0.0,0.0,0.0,128488.0,256.0,5838192128.0,189584.0,1.37,297.0,5536.0,3199.0,0.09,5,0.008,0.18181818181818182,0.41987648979764414,0.0,0.25145351907707114,5,snmp
1275763,125027059,786173,381869,49353,96709,167668,223084,566495,320651,2.058750513919695,0.07580483208871867,1.7667027391151127,98.00179108502128,0,0,0,0,0,223085,108,299760,0,0,0,0,0,0,0,0,0,0,0,0,0,0,0.0,0.0,0.0,1.3437030728197772,0.0,1.9998138919332493,63171,33534,4,1.8837895866881373,0.049516250275325434,0.026285446434800193,0.17486319951276216,0.0,0.23496527176285878,0.0,0.038685084925648414,0.13142566448470444,0.0,0.0,0.0,0.0,0.0,127915.0,0.0,5671910400.0,189588.0,1.37,305.0,7104.0,3225.0,0.09,5,0.009000000000000001,0.18181818181818182,0.41658463739473955,0.0,0.23496527176285878,5,snmp
1189141,124589632,784250,355874,49017,96398,166637,222300,527708,299776,2.2037294098473055,0.08106523953004732,1.7603410546541418,104.77279986141257,0,0,0,0,0,222296,108,299776,0,0,0,0,0,0,0,0,0,0,0,0,0,0,0.0,0.0,0.0,1.348544283297945,0.0,2.0004980596426423,63070,33325,4,1.8925731432858215,0.05303828561961954,0.02802443108092312,0.1869416662952501,0.0,0.25209457919624334,0.0,0.04122051127662742,0.14013224672263425,0.0,0.0,0.0,0.0,0.0,148992.0,0.0,5670643200.0,189375.0,1.37,266.0,8896.0,3246.0,0.08,5,0.008,0.18181818181818182,0.4162387287784432,0.0,0.25209457919624334,5,snmp
1702147,160569644,1010990,508665,63116,124055,214261,287051,754560,429064,1.987536001100921,0.07288148438413368,1.758618760837544,94.33359398453835,0,0,0,0,0,302706,108,407078,0,0,0,0,0,0,0,0,0,0,0,0,0,0,0.0,0.0,0.0,1.3447966013227355,0.0,1.9958331322296765,81209,42854,4,1.8950156344798619,0.047709745398017915,0.025176438932712628,0.16864054632179243,0.0,0.2391556075944087,0.0,0.03708022867590167,0.12587690722364167,0.0,0.0,0.0,0.0,0.0,149248.0,-21272.0,5820000256.0,189161.0,1.37,260.0,10336.0,3270.0,0.08,5,0.008,0.18181818181818182,0.4116769290074962,0.0,0.2391556075944087,5,snmp
1195718,125412927,787897,358638,49183,97087,168395,223712,531732,299776,2.1969144373992715,0.08119556617864747,1.773764410760034,104.88503727467513,0,0,0,0,0,223707,108,299776,0,0,0,0,0,0,0,0,0,0,0,0,0,0,0.0,0.0,0.0,1.3400385325448019,0.0,2.0000206002925243,63406,33670,4,1.8831600831600832,0.05302755331942816,0.028158813365693248,0.18709428142756068,0.0,0.2507079428427104,0.0,0.041132608190225455,0.14083170112016377,0.0,0.0,0.0,0.0,0.0,149494.0,-21475.0,5650976256.0,188722.0,1.37,275.0,11776.0,3293.0,0.08,5,0.009000000000000001,0.18181818181818182,0.4169076613514981,0.0,0.2507079428427104,5,snmp
1280573,124886193,841290,383537,54459,103632,167486,223748,567588,321434,2.1935041469271543,0.0809262728481703,1.765799510941593,97.52368119583967,0,0,0,0,0,223742,108,299776,0,0,0,0,0,0,0,0,0,0,0,0,0,0,0.0,0.0,0.0,1.339828910083936,0.0,1.9993440472285995,63338,33507,4,1.8902915808637002,0.04946067112144329,0.026165630541952704,0.1747249083027676,0.0,0.2340952058180205,0.0,0.04252705624747671,0.13078988858893636,0.0,0.0,0.0,0.0,0.0,149485.0,-275.0,5651629568.0,188282.0,1.38,254.0,13728.0,3318.0,0.08,5,0.008,0.18181818181818182,0.4202714273441869,0.0,0.2340952058180205,5,snmp
1192644,124887442,785248,357279,50117,96769,167398,223039,529437,299776,2.19785657707282,0.0811382105640912,1.7661086944918873,104.7147698726527,0,0,0,0,0,223036,108,299776,0,0,0,0,0,0,0,0,0,0,0,0,0,0,0.0,0.0,0.0,1.3440700156028622,0.0,2.0001446848969637,63284,33475,4,1.8904854368932038,0.053061936336408856,0.028067889495943465,0.1870122182310899,0.0,0.2513541341758312,0.0,0.04202176005580877,0.1403587323627168,0.0,0.0,0.0,0.0,0.0,149564.0,60.0,5653040128.0,188066.0,1.38,227.0,15328.0,3345.0,0.07,5,0.006999999999999999,0.18181818181818182,0.4165712724868436,0.0,0.2513541341758312,5,snmp
1202601,126284793,776745,375318,50540,101872,174226,217648,536764,302274,2.069565008872476,0.08470972500438632,1.7757531246484977,105.0097189342101,0,0,0,0,0,217663,108,302276,0,0,0,0,0,0,0,0,0,0,0,0,0,0,0.0,0.0,0.0,1.3887339602964215,0.0,2.0,67031,34849,4,1.9234698269677752,0.05573835378483803,0.028978023467467598,0.1809810568925188,0.0,0.25135186150685057,0.0,0.04202557623018773,0.14487431824852964,0.0,0.0,0.0,0.0,0.0,149339.0,9.0,5654341120.0,187852.0,1.38,242.0,16832.0,3369.0,0.07,5,0.008,0.18181818181818182,0.4197118645633803,0.0,0.25135186150685057,5,snmp
1261564,158583055,689170,683139,62821,211069,322826,127185,624145,320905,1.00882836435923,0.16730740572812794,1.9449525560524143,125.70353545281888,0,0,0,0,0,96422,108,342212,0,0,0,0,0,0,0,0,0,0,0,0,0,0,0.0,0.0,0.0,3.54910705025824,0.0,1.998608059995455,146510,64561,4,2.2693266832917707,0.11613362461198956,0.051175366449898695,0.10081533715293081,0.0,0.27126011839272524,0.0,0.04979612607842329,0.2558934782539768,0.0,0.0,0.0,0.0,0.0,171636.0,22192.0,5647672320.0,188053.0,1.5,211.0,2112.0,3398.0,0.06,5,0.006999999999999999,0.18181818181818182,0.44954769035786674,0.0,0.27126011839272524,5,snmp
1521142,170118530,627337,830602,63208,230604,347093,95679,754688,385120,0.755279905417998,0.1515992589777943,1.9596177814707105,111.83606132760781,0,0,0,0,0,95505,108,385120,0,0,0,0,0,0,0,0,0,0,0,0,0,0,0.0,0.0,0.0,4.032459033558452,0.0,1.9996358055201477,161182,69420,4,2.3218380870066264,0.10596117916670501,0.04563676500944685,0.06289945317399691,0.0,0.25317820427021276,0.0,0.04155299110799649,0.22817922324148568,0.0,0.0,0.0,0.0,0.0,149751.0,256.0,5800665600.0,188277.0,1.38,225.0,3712.0,3422.0,0.07,5,0.008,0.18181818181818182,0.4489853142349171,0.0,0.25317820427021276,5,snmp
1725936,184361153,690289,965664,71347,268693,384019,91717,858970,439302,0.7148335238757995,0.15567958487452604,1.9553063723816417,106.81807031083424,0,0,0,0,0,91689,108,417602,0,0,0,0,0,0,0,0,0,0,0,0,0,0,0.0,0.0,0.0,4.554548528176771,0.0,2.0013630777252245,178552,76806,4,2.3247142150352835,0.10345227169489483,0.04450107072336402,0.05314044089699734,0.0,0.2419568280631495,0.0,0.04133814927088838,0.22249898026346285,0.0,0.0,0.0,0.0,0.0,-127600.0,21739.0,5625047552.0,188281.0,0.7,236.0,4608.0,3432.0,0.07,5,0.008,0.2727272727272727,0.4512112843684951,0.0,0.2419568280631495,5,snmp
1187465,133299196,504274,666313,52561,197505,296491,71001,593305,299419,0.756812489025428,0.166324902207644,1.9815208787685483,112.25526310249144,0,0,0,0,0,66552,108,299419,0,0,0,0,0,0,0,0,0,0,0,0,0,0,0.0,0.0,0.0,4.49902332011059,0.0,2.0009624639076034,138200,59293,4,2.3307979019445804,0.11638237758586568,0.049932419060772316,0.05979207808230137,0.0,0.2521497475715074,0.0,0.04426319933640149,0.24968399068604127,0.0,0.0,0.0,0.0,0.0,-22448.0,149188.0,5473988096.0,187005.0,1.38,7201.0,7040.0,3467.0,2.08,5,0.008,0.18181818181818182,0.4511246500447733,0.0,0.2521497475715074,5,snmp
1178624,132207767,471266,658952,48406,183053,274378,65849,587262,300032,0.7151750051597081,0.15531076916811468,1.957331218003413,112.17128363243918,0,0,0,0,0,65844,108,300032,0,0,0,0,0,0,0,0,0,0,0,0,0,0,0.0,0.0,0.0,4.556709798918656,0.0,2.0001420454545453,128175,54869,4,2.3360185168309973,0.10874969455907905,0.046553438586012165,0.055869386674630754,0.0,0.2545612510860122,0.0,0.04106992560816681,0.23279519168114682,0.0,0.0,0.0,0.0,0.0,20773.0,170524.0,5344928256.0,187213.0,1.5,4158.0,8736.0,3494.0,1.19,5,0.008,0.18181818181818182,0.44950803063069494,0.0,0.2545612510860122,5,snmp
1178615,132161310,470436,659405,48774,183146,274948,65753,587158,299776,0.713424981612211,0.15539086130755167,1.9586557963279247,112.13272357809802,0,0,0,0,0,65750,108,299776,0,0,0,0,0,0,0,0,0,0,0,0,0,0,0.0,0.0,0.0,4.559330798479087,0.0,1.9999781597396642,128158,54997,4,2.3302725603214722,0.10873610127140754,0.04666239611747687,0.055788361763595404,0.0,0.25434599084518694,0.0,0.04138247010262045,0.23328058780857192,0.0,0.0,0.0,0.0,0.0,149248.0,127056.0,5527739392.0,186557.0,1.39,2874.0,10176.0,3519.0,0.82,5,0.008,0.18181818181818182,0.44952701918408056,0.0,0.25434599084518694,5,snmp
1178870,132177741,470212,659568,49090,183239,274525,65765,587599,299520,0.7129090556242874,0.15543613799655603,1.961802216880342,112.1224062025499,0,0,0,0,0,65769,108,299520,0,0,0,0,0,0,0,0,0,0,0,0,0,0,0.0,0.0,0.0,4.554121242530676,0.0,2.000163734008645,128333,54906,4,2.337321968455178,0.10886102793352957,0.046575110063026455,0.05578647348732261,0.0,0.25407381645134747,0.0,0.0416415720138777,0.23287130896536515,0.0,0.0,0.0,0.0,0.0,149981.0,171010.0,5390538240.0,185911.0,1.51,2296.0,11904.0,3554.0,0.65,5,0.008,0.18181818181818182,0.4495805375920338,0.0,0.25407381645134747,5,snmp
1174352,131473167,468478,656299,49575,182300,273744,65616,583645,299674,0.7138179396890747,0.1552345463711051,1.9475997250345376,111.95379835006881,0,0,0,0,0,65617,108,299675,0,0,0,0,0,0,0,0,0,0,0,0,0,0,0.0,0.0,0.0,4.567032933538565,0.0,1.999934176604171,127541,54738,4,2.330026672512697,0.10860542665231548,0.04661123751651975,0.05587421829230078,0.0,0.2551832840579315,0.0,0.042214770358461516,0.2331021703884355,0.0,0.0,0.0,0.0,0.0,149132.0,127475.0,5576664576.0,187208.0,1.38,1983.0,13568.0,3578.0,0.55,5,0.008,0.18181818181818182,0.44941725075854466,0.0,0.2551832840579315,5,snmp
1345731,150769056,536197,752834,56700,209140,313601,75273,669520,342343,0.7122380232561228,0.15540995934551555,1.9556994008932562,112.03506198489892,0,0,0,0,0,75268,108,342343,0,0,0,0,0,0,0,0,0,0,0,0,0,0,0.0,0.0,0.0,4.548320667481533,0.0,2.0001147622508704,146421,62727,4,2.334257975034674,0.10880406262469988,0.04661184144528141,0.055934655588672624,0.0,0.25439185097170236,0.0,0.0421332346509072,0.23303394214742768,0.0,0.0,0.0,0.0,0.0,127486.0,256.0,5575331328.0,186797.0,1.39,1631.0,15104.0,3603.0,0.45,5,0.008,0.18181818181818182,0.44953695178205955,0.0,0.25439185097170236,5,snmp
1260332,178884683,637561,704259,65274,247731,371401,89362,627818,320465,0.9052933650830164,0.19656011273220073,1.9590844554007458,141.93457200166304,0,0,0,0,0,89399,108,406024,0,0,0,0,0,0,0,0,0,0,0,0,0,0,0.0,0.0,0.0,4.541706283068043,0.0,1.9998304756369272,173449,74276,4,2.3351957563681403,0.13762167428899685,0.05893367779283554,0.07090353970223719,0.0,0.32215638419083226,0.0,0.051791115356905955,0.2946850512404668,0.0,0.0,0.0,0.0,0.0,149324.0,-21082.0,5574021632.0,186576.0,1.39,1374.0,16896.0,3626.0,0.38,5,0.008,0.18181818181818182,0.44950718675824863,0.0,0.32215638419083226,5,snmp
1274107,161615509,575633,712414,59915,223675,335200,80684,634961,323583,0.8080034923513575,0.1755543294244518,1.9622817020671668,126.8461039771385,0,0,0,0,0,80677,108,366104,0,0,0,0,0,0,0,0,0,0,0,0,0,0,0.0,0.0,0.0,4.537898037854655,0.0,1.997972327178855,156646,67050,4,2.336256524981357,0.12294571805978619,0.05262509349685701,0.06332592160627011,0.0,0.28734164399065387,0.0,0.047025092868966265,0.26308622431240075,0.0,0.0,0.0,0.0,0.0,151808.0,2560.0,5571717632.0,186358.0,1.4,1279.0,1184.0,3653.0,0.35,5,0.008,0.18181818181818182,0.44954466487037353,0.0,0.28734164399065387,5,snmp
1433937,151255470,539672,801349,55783,209379,314173,75624,714891,365109,0.6734543875390123,0.14601687521836734,1.9580207554456341,105.48264672715747,0,0,0,0,0,75506,108,343690,0,0,0,0,0,0,0,0,0,0,0,0,0,0,0.0,0.0,0.0,4.551823696130109,0.0,2.000946100917431,146531,62822,4,2.3324790678424754,0.1021878924945796,0.04381085082538494,0.052738718646635104,0.0,0.23968277546363612,0.0,0.038901988023183724,0.21909818911151605,0.0,0.0,0.0,0.0,0.0,171120.0,29.0,5402221568.0,186600.0,1.51,1206.0,3168.0,3682.0,0.33,5,0.009000000000000001,0.18181818181818182,0.4494607918188779,0.0,0.23968277546363612,5,snmp
1180207,141917180,505056,660856,51538,196815,295349,70677,588476,299757,0.7642451608217221,0.1667631186732497,1.9631768399069913,120.24770230984903,0,0,0,0,0,70460,108,321589,0,0,0,0,0,0,0,0,0,0,0,0,0,0,0.0,0.0,0.0,4.564135679818337,0.0,1.9995225081529193,137741,59067,4,2.331945079316708,0.1167091874560988,0.05004800005422778,0.05988525741670741,0.0,0.2724852504687737,0.0,0.0436686106759238,0.2502518625969851,0.0,0.0,0.0,0.0,0.0,149248.0,116.0,5587443712.0,186817.0,1.39,951.0,4608.0,3708.0,0.26,5,0.008,0.18181818181818182,0.44957404675692336,0.0,0.2724852504687737,5,snmp
1348710,151239960,538721,755072,54917,209876,314459,75424,672163,343244,0.7134697088489574,0.1556123999970342,1.9582658400438173,112.13675289721289,0,0,0,0,0,75091,108,343244,0,0,0,0,0,0,0,0,0,0,0,0,0,0,0.0,0.0,0.0,4.571040470895314,0.0,1.9994664939123146,146992,62892,4,2.337213000063601,0.10898710619777417,0.04663122539315346,0.05592306722720229,0.0,0.25449800179430715,0.0,0.04071816773064632,0.23315538551653062,0.0,0.0,0.0,0.0,0.0,127323.0,-134.0,5684107264.0,186816.0,1.39,894.0,6592.0,3735.0,0.24,5,0.008,0.18181818181818182,0.44956642869796637,0.0,0.25449800179430715,5,snmp
1351329,151714319,539658,757086,55093,210504,315679,75683,674151,342224,0.7128093770060469,0.15577553652737416,1.9699115199401562,112.27045301329284,0,0,0,0,0,75832,108,342977,0,0,0,0,0,0,0,0,0,0,0,0,0,0,0.0,0.0,0.0,4.522853149066357,0.0,1.9978550752147297,147360,63139,4,2.3338982245521787,0.1090482036572885,0.04672363280888666,0.056006346344968545,0.0,0.25380717797072366,0.0,0.04076949432743618,0.23360632384859645,0.0,0.0,0.0,0.0,0.0,170919.0,21724.0,5680989184.0,187031.0,1.5,869.0,8192.0,3767.0,0.23,5,0.008,0.18181818181818182,0.4496506290689018,0.0,0.25380717797072366,5,snmp
1181431,132457015,470309,661420,49702,183675,275861,66031,588821,299520,0.7110595385685343,0.15546824148003566,1.965882077991453,112.11574353474727,0,0,0,0,0,66048,108,299520,0,0,0,0,0,0,0,0,0,0,0,0,0,0,0.0,0.0,0.0,4.534883720930233,0.0,2.000054445472859,128514,55164,4,2.3296715249075484,0.10877825281374875,0.04669252795973696,0.05589069526701094,0.0,0.2535230580541733,0.0,0.04206932101832439,0.23349734347583567,0.0,0.0,0.0,0.0,0.0,149424.0,-2560.0,5686724096.0,187248.0,1.38,783.0,9760.0,3790.0,0.21,5,0.008,0.18181818181818182,0.4496147674776653,0.0,0.2535230580541733,5,snmp
1516366,151004195,503880,849101,53452,196465,314300,75366,755652,384824,0.5934276369948922,0.12956304744369104,1.9636301270191048,99.58294699300828,0,0,0,0,0,75387,108,342359,0,0,0,0,0,0,0,0,0,0,0,0,0,0,0.0,0.0,0.0,4.541353283722658,0.0,1.9981184846173405,146586,62864,4,2.3317956222957497,0.09666927377691138,0.04145700971928941,0.049701721088444346,0.0,0.22577596701587876,0.0,0.03525006495793232,0.20727185916856483,0.0,0.0,0.0,0.0,0.0,127557.0,-21793.0,5839388672.0,186822.0,1.39,709.0,11392.0,3818.0,0.19,5,0.008,0.18181818181818182,0.44724445803781016,0.0,0.22577596701587876,5,snmp
1343972,150297948,534944,750968,56739,208533,312574,74871,668577,342667,0.7123392741102151,0.15516171467857962,1.9510982965969876,111.83116017297979,0,0,0,0,0,74786,108,342083,0,0,0,0,0,0,0,0,0,0,0,0,0,0,0.0,0.0,0.0,4.574158264915893,0.0,1.999089288110896,146016,62518,4,2.3355833519946256,0.10864512058286929,0.04651733815883069,0.055708749884670214,0.0,0.2545313444030084,0.0,0.04221739738625507,0.23257478578422766,0.0,0.0,0.0,0.0,0.0,149288.0,40.0,5663823360.0,186395.0,1.39,625.0,13088.0,3837.0,0.16,5,0.006999999999999999,0.18181818181818182,0.44948674304696196,0.0,0.2545313444030084,5,snmp
1179136,132156663,470542,659640,48954,183285,274550,66107,587559,299520,0.7133315141592383,0.15544008494355188,1.961668669871795,112.0792368310356,0,0,0,0,0,66112,108,299520,0,0,0,0,0,0,0,0,0,0,0,0,0,0,0.0,0.0,0.0,4.530493707647628,0.0,1.999923619143225,128378,54912,4,2.3378860722610724,0.10887463363004776,0.046569691706469823,0.05606393155666522,0.0,0.25401650021710814,0.0,0.041516839448545374,0.2328399777464177,0.0,0.0,0.0,0.0,0.0,149339.0,134.0,5664920576.0,186395.0,1.39,623.0,14816.0,3862.0,0.16,5,0.008,0.18181818181818182,0.4495882983797338,0.0,0.25401650021710814,5,snmp
1262084,141635505,505113,706024,50947,196119,294227,70871,629097,320742,0.715433186407261,0.15539298493602643,1.9613801747198683,112.22351681821495,0,0,0,0,0,70884,108,320742,0,0,0,0,0,0,0,0,0,0,0,0,0,0,0.0,0.0,0.0,4.5248857287963435,0.0,2.0001121830827913,137271,58839,4,2.332993422729822,0.10876534366967651,0.04662051020375823,0.056153948548591064,0.0,0.25413680864348176,0.0,0.04036736065111356,0.2331279059080061,0.0,0.0,0.0,0.0,0.0,192496.0,21487.0,5412462080.0,186822.0,1.62,637.0,16480.0,3881.0,0.16,5,0.009000000000000001,0.18181818181818182,0.4495542292129612,0.0,0.25413680864348176,5,snmp
1183518,132673514,473556,661045,48917,183620,275444,65914,588802,302336,0.716374830760387,0.15514761921660675,1.9475087320067739,112.10096846858265,0,0,0,0,0,65918,108,302336,0,0,0,0,0,0,0,0,0,0,0,0,0,0,0.0,0.0,0.0,4.586546921933311,0.0,1.9999782161178943,128530,55096,4,2.3328372295629447,0.10859995369736666,0.046552735150627196,0.05569328054157182,0.0,0.25545534584180385,0.0,0.04133185976047682,0.23273325796481337,0.0,0.0,0.0,0.0,0.0,151552.0,2304.0,5796387840.0,187255.0,1.4,571.0,1184.0,3905.0,0.15,5,0.008,0.18181818181818182,0.4493855065273984,0.0,0.25545534584180385,5,snmp
1346241,132318519,470363,753969,48651,183690,275126,65967,671091,341889,0.6238492564017885,0.13644659462904488,1.9628914647736546,98.28739356474807,0,0,0,0,0,65969,108,299520,0,0,0,0,0,0,0,0,0,0,0,0,0,0,0.0,0.0,0.0,4.540314390092316,0.0,2.0,128665,55025,4,2.3383007723761926,0.09557352658253611,0.04087306804650876,0.04900088468558007,0.0,0.2224861670384426,0.0,0.03613840315367011,0.20436608304159506,0.0,0.0,0.0,0.0,0.0,106346.0,2.0,5951361536.0,187286.0,1.38,587.0,3040.0,3929.0,0.15,5,0.009000000000000001,0.18181818181818182,0.4496438843229533,0.0,0.2224861670384426,5,snmp
1178368,132111979,470785,659135,48448,183101,274551,65965,587031,299776,0.7142467021171687,0.15538524467738432,1.9582321466695132,112.11436410357376,0,0,0,0,0,65963,108,299776,0,0,0,0,0,0,0,0,0,0,0,0,0,0,0.0,0.0,0.0,4.544608341039674,0.0,2.000054616157644,128190,54906,4,2.3347175172112338,0.10878604985878775,0.046594951661959594,0.055979965511622855,0.0,0.2543993048012166,0.0,0.04111449054964154,0.23299257956767325,0.0,0.0,0.0,0.0,0.0,149428.0,-40.0,5780595712.0,187285.0,1.38,501.0,4768.0,3953.0,0.13,5,0.008,0.18181818181818182,0.4495324349388553,0.0,0.2543993048012166,5,snmp
1177360,132051456,471249,657613,48500,182706,273760,65992,586496,299776,0.7166053590789719,0.1551827818169464,1.9564474807856533,112.15894543724944,0,0,0,0,0,65990,108,299776,0,0,0,0,0,0,0,0,0,0,0,0,0,0,0.0,0.0,0.0,4.5427489013486895,0.0,1.9999343228687771,127953,54760,4,2.3366143170197224,0.10867788951552626,0.046510837806618195,0.056050825575864646,0.0,0.2546171094652443,0.0,0.041193857443772505,0.23252021471767345,0.0,0.0,0.0,0.0,0.0,149168.0,-80.0,5781241856.0,187283.0,1.38,505.0,6336.0,3976.0,0.13,5,0.008,0.18181818181818182,0.44948513801828394,0.0,0.2546171094652443,5,snmp
1351193,151596277,505793,755882,51903,196782,314674,75823,673791,342843,0.6691428027125927,0.14563574559666903,1.9653048188237765,112.19439191884506,0,0,0,0,0,75898,108,342843,0,0,0,0,0,0,0,0,0,0,0,0,0,0,0.0,0.0,0.0,4.517154602229308,0.0,2.000589658607999,147114,62930,4,2.3377403464166533,0.10887711822071311,0.046573657501185986,0.056115595625495396,0.0,0.2537335524976817,0.0,0.03841272120267053,0.23288604958729064,0.0,0.0,0.0,0.0,0.0,149263.0,-43158.0,5932969984.0,187280.0,1.38,443.0,7840.0,4002.0,0.11,5,0.008,0.18181818181818182,0.4472545770048558,0.0,0.2537335524976817,5,snmp
1434837,160545547,537618,802879,56216,209774,334152,80408,715108,364004,0.6696127311836528,0.14620057888108545,1.964560829001879,111.89113955104308,0,0,0,0,0,80395,108,363266,0,0,0,0,0,0,0,0,0,0,0,0,0,0,0.0,0.0,0.0,4.518514833012003,0.0,2.0002288438617404,155897,66829,4,2.3327746936210327,0.10865136597397475,0.0465760222241272,0.05603981497549896,0.0,0.25317579627511694,0.0,0.03917936323080601,0.23288498972357138,0.0,0.0,0.0,0.0,0.0,149502.0,-2305.0,5759125504.0,187277.0,1.38,524.0,9344.0,4026.0,0.13,5,0.01,0.18181818181818182,0.4474595931054299,0.0,0.25317579627511694,5,snmp
1272900,142697061,505003,714165,53771,198418,297312,71357,635446,321372,0.7071237039059601,0.15587870217613323,1.9772911143472363,112.10390525571529,0,0,0,0,0,71388,108,321207,0,0,0,0,0,0,0,0,0,0,0,0,0,0,0.0,0.0,0.0,4.4994536896957475,0.0,1.9997782705099778,138951,59463,4,2.3367640381413652,0.10916097101107707,0.046714588734386046,0.0560586063319978,0.0,0.25234268206457694,0.0,0.04224290989080053,0.23357058684892765,0.0,0.0,0.0,0.0,0.0,192240.0,42992.0,5507257856.0,187708.0,1.61,395.0,10944.0,4055.0,0.1,5,0.006999999999999999,0.18181818181818182,0.44981431352272155,0.0,0.25234268206457694,5,snmp
1176576,131795252,469763,657092,49721,182513,273908,66060,585338,299520,0.7149120671078023,0.15512215105526544,1.9542534722222222,112.01592757288947,0,0,0,0,0,66050,108,299520,0,0,0,0,0,0,0,0,0,0,0,0,0,0,0.0,0.0,0.0,4.534746404239213,0.0,2.0000328749109637,127731,54791,4,2.3312405322041942,0.10856162287859007,0.046568177491296776,0.05614596932114883,0.0,0.2545691906005222,0.0,0.042259063587902525,0.2328009410356832,0.0,0.0,0.0,0.0,0.0,149334.0,0.0,5887084544.0,188139.0,1.38,437.0,12352.0,4085.0,0.11,5,0.009000000000000001,0.18181818181818182,0.4494650457786233,0.0,0.2545691906005222,5,snmp
1182209,132629362,471821,661460,48928,183731,275555,66085,589517,300032,0.7133023916790131,0.155413298325423,1.9648470829778157,112.18774514489401,0,0,0,0,0,66094,108,300032,0,0,0,0,0,0,0,0,0,0,0,0,0,0,0.0,0.0,0.0,4.539474082367537,0.0,2.000010885538562,128625,55098,4,2.3344767505172603,0.10880055895361987,0.04660597237882642,0.05589959135821162,0.0,0.25378930459842547,0.0,0.04138692904554102,0.23308484371206784,0.0,0.0,0.0,0.0,0.0,106434.0,65.0,5887357440.0,188136.0,1.38,398.0,14112.0,4110.0,0.1,5,0.008,0.18181818181818182,0.44959433532376225,0.0,0.25378930459842547,5,snmp
1262577,141699520,504222,706708,51647,196469,294480,70596,629430,320632,0.7134799662661241,0.1556095192610035,1.9630916440030939,112.23039862123261,0,0,0,0,0,70551,108,320632,0,0,0,0,0,0,0,0,0,0,0,0,0,0,0.0,0.0,0.0,4.544683987470057,0.0,1.998525028736509,137563,58896,4,2.3356934256995383,0.1089541469549976,0.04664745199698712,0.05591421354895583,0.0,0.25395045213084033,0.0,0.0409060199892759,0.23323725998493558,0.0,0.0,0.0,0.0,0.0,170745.0,21497.0,5995487232.0,188132.0,1.49,362.0,15840.0,4137.0,0.09,5,0.008,0.18181818181818182,0.44961570653780725,0.0,0.25395045213084033,5,snmp
1192648,143082103,509036,667300,52491,198271,297697,71543,594816,302336,0.7628293121534542,0.16624435709446542,1.9674005080440304,119.97010266231109,0,0,0,0,0,66976,108,302336,0,0,0,0,0,0,0,0,0,0,0,0,0,0,0.0,0.0,0.0,4.514094601051123,0.0,2.0013627003674244,138734,59542,4,2.330019146148937,0.11632434716697634,0.04992420227929783,0.05998668509065542,0.0,0.25349977528994305,0.0,0.04401214775860103,0.24961011128178642,0.0,0.0,0.0,0.0,0.0,173327.0,24016.0,5624578560.0,188345.0,1.5,350.0,1088.0,4162.0,0.08,5,0.008,0.18181818181818182,0.45102182820157477,0.0,0.25349977528994305,5,snmp
1266466,142169412,505639,709450,51377,197008,296060,71187,632039,320671,0.7127197124533089,0.15555727512621736,1.97098895752968,112.2567933130459,0,0,0,0,0,71167,108,320671,0,0,0,0,0,0,0,0,0,0,0,0,0,0,0.0,0.0,0.0,4.505894585973836,0.0,2.0004264695429668,137803,59205,4,2.3275567941896798,0.1088090797542137,0.04674819537200367,0.05620916787343679,0.0,0.2532014282262611,0.0,0.04056721617477295,0.23376861281708314,0.0,0.0,0.0,0.0,0.0,127741.0,-43002.0,5797555712.0,188585.0,1.37,368.0,3104.0,4190.0,0.09,5,0.008,0.18181818181818182,0.44965354246506245,0.0,0.2532014282262611,5,snmp
1180279,132447597,470771,661088,48420,183619,275543,65920,588470,299639,0.712115482356358,0.15557253835745616,1.9639299290145809,112.21719356186122,0,0,0,0,0,65917,108,299639,0,0,0,0,0,0,0,0,0,0,0,0,0,0,0.0,0.0,0.0,4.545701412382238,0.0,2.000010892178327,128511,55110,4,2.3318998366902557,0.1088818830124064,0.04669234985965183,0.055851201283764265,0.0,0.2538713304227221,0.0,0.04102419851577466,0.23345581849715194,0.0,0.0,0.0,0.0,0.0,127548.0,-109.0,5798440448.0,188366.0,1.37,336.0,4640.0,4215.0,0.08,5,0.008,0.18181818181818182,0.44960601579300424,0.0,0.2538713304227221,5,snmp
1177008,132009917,470642,657527,48840,182663,273962,65834,586207,299642,0.7157759301138965,0.15519265799382842,1.9563579204517392,112.15719604284763,0,0,0,0,0,65833,108,299642,0,0,0,0,0,0,0,0,0,0,0,0,0,0,0.0,0.0,0.0,4.551547096440995,0.0,1.9999671531647927,127864,54792,4,2.333625346765951,0.10863477563449017,0.04655193507605726,0.05593334964588176,0.0,0.25457940812636787,0.0,0.04149504506341503,0.23276137460408086,0.0,0.0,0.0,0.0,0.0,149258.0,15.0,5795596800.0,188146.0,1.38,335.0,6848.0,4236.0,0.08,5,0.008,0.18181818181818182,0.4494813469734896,0.0,0.25457940812636787,5,snmp
1342645,141086005,502110,750609,53557,195630,293446,70066,668604,341912,0.6689368232994808,0.14570493317295338,1.9554856220313999,105.08064678302902,0,0,0,0,0,69975,108,320757,0,0,0,0,0,0,0,0,0,0,0,0,0,0,0.0,0.0,0.0,4.583879957127546,0.0,2.000777278910173,136943,58688,4,2.3334071701199566,0.10199494281809414,0.043710735153372635,0.05218505263863493,0.0,0.23889933675692385,0.0,0.03988917398120873,0.21855814455794345,0.0,0.0,0.0,0.0,0.0,149270.0,-21604.0,5797017088.0,188144.0,1.38,298.0,8320.0,4263.0,0.07,5,0.006999999999999999,0.18181818181818182,0.4494924054023321,0.0,0.23889933675692385,5,snmp
1432693,160511388,571387,800942,59549,222246,333796,80040,713447,364439,0.7133937288842388,0.1551246498726524,1.957658208918365,112.03474017113227,0,0,0,0,0,79828,108,364050,0,0,0,0,0,0,0,0,0,0,0,0,0,0,0.0,0.0,0.0,4.560429924337325,0.0,2.0005040730905983,155489,66761,4,2.3290394092359312,0.10852918245569707,0.04659825936191494,0.0558668186415373,0.0,0.254101890635328,0.0,0.041564382599761425,0.2329850149334156,0.0,0.0,0.0,0.0,0.0,149248.0,-24015.0,5795590656.0,187931.0,1.38,297.0,9728.0,4297.0,0.07,5,0.008,0.18181818181818182,0.44950395503597507,0.0,0.254101890635328,5,snmp
1431804,150923907,536538,801149,57138,209702,313865,75440,712229,363769,0.6697106281103765,0.14645999033387253,1.9579156002847962,105.40821718615118,0,0,0,0,0,75409,108,342837,0,0,0,0,0,0,0,0,0,0,0,0,0,0,0.0,0.0,0.0,4.5463671445052976,0.0,1.9981133873272987,146925,62777,4,2.34042722653201,0.10261530209442074,0.04384468823945177,0.0526887758380337,0.0,0.23944408592237484,0.0,0.039906300024305,0.219209472804937,0.0,0.0,0.0,0.0,0.0,149202.0,-143.0,6057318912.0,187717.0,1.38,306.0,11360.0,4325.0,0.07,5,0.008,0.18181818181818182,0.4495854069411592,0.0,0.23944408592237484,5,snmp
1178153,132092785,470733,659135,48285,183066,274889,66062,586683,299776,0.7141678108429987,0.15538389326343863,1.9570712798889838,112.11853214310875,0,0,0,0,0,66056,108,299776,0,0,0,0,0,0,0,0,0,0,0,0,0,0,0.0,0.0,0.0,4.538210003633281,0.0,1.9998689083341528,128088,54972,4,2.330058939096267,0.10871932592795673,0.04665947461832207,0.05607251350206637,0.0,0.2544457298839794,0.0,0.04098364134369645,0.23332198789121616,0.0,0.0,0.0,0.0,0.0,149248.0,109.0,5666520576.0,187715.0,1.38,314.0,12896.0,4348.0,0.07,5,0.009000000000000001,0.18181818181818182,0.4495140191827712,0.0,0.2544457298839794,5,snmp
1177192,141870544,506917,657855,50510,195851,293266,70837,587226,299776,0.7705603818470635,0.16637133109976962,1.9588826323654995,120.51606195081176,0,0,0,0,0,70774,108,321415,0,0,0,0,0,0,0,0,0,0,0,0,0,0,0.0,0.0,0.0,4.541427642919716,0.0,2.000194043874341,137201,58654,4,2.3391584546663484,0.11654938191900727,0.04982534709716002,0.06017455096534805,0.0,0.2730353247388701,0.0,0.04290718931151418,0.24912333756940244,0.0,0.0,0.0,0.0,0.0,149664.0,256.0,5663991808.0,187718.0,1.38,289.0,14496.0,4370.0,0.07,5,0.008,0.18181818181818182,0.44948554788126965,0.0,0.2730353247388701,5,snmp
1171479,131166395,467801,653452,50228,181514,272271,65334,581809,299548,0.7158919094286956,0.1549443054463631,1.9422897165062027,111.96649278390821,0,0,0,0,0,65328,108,299548,0,0,0,0,0,0,0,0,0,0,0,0,0,0,0.0,0.0,0.0,4.5852926769532205,0.0,2.0,127061,54454,4,2.3333639402064126,0.10846203815860123,0.04648312090955109,0.05577052597613786,0.0,0.2557006997137806,0.0,0.042875715228356634,0.23241645816954465,0.0,0.0,0.0,0.0,0.0,149135.0,-6.0,5813544960.0,187719.0,1.38,281.0,16288.0,4394.0,0.06,5,0.008,0.18181818181818182,0.44932778633579645,0.0,0.2557006997137806,5,snmp
1275167,143073533,509618,713305,52245,198191,297353,71459,635271,323980,0.7144461345427272,0.15542356412924738,1.960834002098895,112.19983970726972,0,0,0,0,0,71454,108,323980,0,0,0,0,0,0,0,0,0,0,0,0,0,0,0.0,0.0,0.0,4.53410585831444,0.0,1.9982154379738668,138732,59477,4,2.3325319030885887,0.10879516173175749,0.046642518195655944,0.056038934508185985,0.0,0.2540686827686099,0.0,0.0409711041769431,0.23318749622598453,0.0,0.0,0.0,0.0,0.0,173178.0,24186.0,5635004928.0,187724.0,1.51,312.0,1376.0,4420.0,0.07,5,0.009000000000000001,0.18181818181818182,0.449565164958386,0.0,0.2540686827686099,5,snmp
1438441,151964303,539901,805259,55924,210587,316199,75695,717131,365461,0.6704687560151454,0.14639946998173717,1.9622640993156588,105.64514151084403,0,0,0,0,0,80381,108,364273,0,0,0,0,0,0,0,0,0,0,0,0,0,0,0.0,0.0,0.0,4.531829661238352,0.0,2.0025580311718447,147335,63241,4,2.3297386189339195,0.10242686352794449,0.04396495928578231,0.052622943867701215,0.0,0.2532415302400307,0.0,0.0388782021647047,0.21982062524636048,0.0,0.0,0.0,0.0,0.0,149504.0,153.0,5637053440.0,187539.0,1.38,252.0,3264.0,4449.0,0.06,5,0.008,0.18181818181818182,0.4479939216077448,0.0,0.2532415302400307,5,snmp
1179701,132415870,471227,659888,48586,183244,275396,65957,588137,299520,0.714101483888175,0.1553308846902732,1.963598424145299,112.24528079572706,0,0,0,0,0,65956,108,299520,0,0,0,0,0,0,0,0,0,0,0,0,0,0,0.0,0.0,0.0,4.541209291042513,0.0,2.0000654885995264,128163,55081,4,2.326809607668706,0.10864024019645656,0.04669064449381665,0.055909929719479765,0.0,0.25389484284577196,0.0,0.041185012134430675,0.23344559341731508,0.0,0.0,0.0,0.0,0.0,127513.0,-109.0,5638106624.0,187320.0,1.38,239.0,4672.0,4472.0,0.05,5,0.006999999999999999,0.18181818181818182,0.44955064294304264,0.0,0.25389484284577196,5,snmp
1263824,141680863,504363,707387,52074,196436,295069,70582,629264,321523,0.712994442928694,0.1554298699818962,1.9571352593749125,112.10489989112408,0,0,0,0,0,70761,108,321523,0,0,0,0,0,0,0,0,0,0,0,0,0,0,0.0,0.0,0.0,4.543788244937183,0.0,2.000692577201988,137429,59011,4,2.3288708884784195,0.10874061578194433,0.046692419197609795,0.05584796617250503,0.0,0.25440488549038476,0.0,0.041203522009393714,0.23347317347985164,0.0,0.0,0.0,0.0,0.0,170263.0,20698.0,5497880576.0,187525.0,1.49,282.0,6400.0,4494.0,0.06,5,0.009000000000000001,0.18181818181818182,0.4495219263531741,0.0,0.25440488549038476,5,snmp
1266031,151345746,537408,708866,56666,210155,315116,75629,630729,321180,0.7581235381581286,0.16599514545852354,1.9637866616850363,119.54347563369302,0,0,0,0,0,75593,108,342661,0,0,0,0,0,0,0,0,0,0,0,0,0,0,0.0,0.0,0.0,4.532972629740849,0.0,2.0017621564985473,147128,63021,4,2.334586883737167,0.11621200428741477,0.04977840195066314,0.059737083847077994,0.0,0.2706576695199407,0.0,0.04475877762866786,0.24890069832413267,0.0,0.0,0.0,0.0,0.0,149392.0,1.0,5668230144.0,187736.0,1.38,310.0,7936.0,4523.0,0.07,5,0.01,0.18181818181818182,0.4496338333727836,0.0,0.2706576695199407,5,snmp
1348309,150943464,537537,753674,57100,209338,313857,75720,671608,342832,0.7132221623672834,0.15525966228809568,1.959000326690624,111.95020132625385,0,0,0,0,0,75422,108,342832,0,0,0,0,0,0,0,0,0,0,0,0,0,0,0.0,0.0,0.0,4.545517223091406,0.0,2.001874324621549,146570,62763,4,2.3352930866912036,0.10870653537134292,0.04654941856799888,0.05615923352881276,0.0,0.2542681239982823,0.0,0.04234934276935035,0.232778242969527,0.0,0.0,0.0,0.0,0.0,128294.0,-24186.0,5668197376.0,187738.0,1.38,229.0,9440.0,4547.0,0.05,5,0.008,0.18181818181818182,0.44952619679058764,0.0,0.2542681239982823,5,snmp
1261678,141525482,503310,706480,51888,196209,294217,70437,628696,320500,0.7124193183104971,0.1555143229889084,1.961609984399376,112.17242592801016,0,0,0,0,0,70490,108,320500,0,0,0,0,0,0,0,0,0,0,0,0,0,0,0.0,0.0,0.0,4.546744219038161,0.0,2.001050452306406,137358,58850,4,2.334035683942226,0.1088692994567552,0.046644230936895154,0.055828032192049,0.0,0.2540267802085794,0.0,0.04112618275027384,0.23319499904095975,0.0,0.0,0.0,0.0,0.0,149360.0,0.0,5666929664.0,187740.0,1.38,244.0,11328.0,4574.0,0.05,5,0.008,0.18181818181818182,0.44958902100492354,0.0,0.2540267802085794,5,snmp
1182607,132957377,473286,662812,46509,184094,276438,66141,590812,299776,0.714057681514517,0.15566794378859589,1.9708448975234842,112.42735498775164,0,0,0,0,0,66135,108,299776,0,0,0,0,0,0,0,0,0,0,0,0,0,0,0.0,0.0,0.0,4.532788992212898,0.0,1.9998479153540314,128803,55291,4,2.3295473042629,0.10891445763470028,0.04675348615389559,0.055928131661659365,0.0,0.2534874222797599,0.0,0.03932751962401711,0.2337530557488667,0.0,0.0,0.0,0.0,0.0,149248.0,109.0,5667999744.0,187741.0,1.38,219.0,12768.0,4597.0,0.05,5,0.008,0.18181818181818182,0.4496513124679675,0.0,0.2534874222797599,5,snmp
1224221,136924503,487158,684346,52717,190100,285229,68611,608932,311415,0.7118592057234207,0.15528242041265425,1.9553714496732655,111.84622956149258,0,0,0,0,0,68698,108,311415,0,0,0,0,0,0,0,0,0,0,0,0,0,0,0.0,0.0,0.0,4.533101400331887,0.0,2.0007577830635483,133055,57046,4,2.3324159450268205,0.10868544159918839,0.046597795659443844,0.0560446193947008,0.0,0.25437809023044045,0.0,0.043061669420799024,0.23298816145124124,0.0,0.0,0.0,0.0,0.0,-149409.0,-21115.0,5667999744.0,187741.0,0.58,236.0,13472.0,4608.0,0.05,5,0.008,0.18181818181818182,0.4495118635448938,0.0,0.25437809023044045,5,snmp
1176384,141154253,503065,657525,52394,195359,293125,70544,585793,299367,0.7650887798943006,0.1660673725586203,1.9567721225118333,119.98994631004842,0,0,0,0,0,70554,108,320363,0,0,0,0,0,0,0,0,0,0,0,0,0,0,0.0,0.0,0.0,4.540678062193497,0.0,1.9982713473262141,136732,58624,4,2.332355349344978,0.11623075458353735,0.04983406778738915,0.05996681355747783,0.0,0.27232859338447307,0.0,0.04453817800990153,0.2491745892497688,0.0,0.0,0.0,0.0,0.0,20727.0,170087.0,5549294592.0,186458.0,1.5,7402.0,15776.0,4645.0,1.59,5,0.008,0.18181818181818182,0.4494857020405836,0.0,0.27232859338447307,5,snmp
1355354,152311521,542191,758480,55157,211173,316225,75993,675608,344242,0.7148388883029216,0.15580652729840322,1.962596080664184,112.37766738431435,0,0,0,0,0,71347,108,323203,0,0,0,0,0,0,0,0,0,0,0,0,0,0,0.0,0.0,0.0,4.530015277446845,0.0,1.998495258645165,147929,63247,4,2.338909355384445,0.10914417930666084,0.04666456143561018,0.05606874661527542,0.0,0.23846389946833077,0.0,0.0406956411387726,0.2333154290318249,0.0,0.0,0.0,0.0,0.0,-168.0,149080.0,5729548288.0,186666.0,1.39,5229.0,17408.0,4669.0,1.12,5,0.01,0.18181818181818182,0.45099489819444377,0.0,0.23846389946833077,5,snmp
1181039,132523257,471411,660990,48638,183645,275060,65966,589112,299776,0.7131893069486679,0.15549444175848554,1.9651739965841162,112.20904390117515,0,0,0,0,0,65979,108,299776,0,0,0,0,0,0,0,0,0,0,0,0,0,0,0.0,0.0,0.0,4.543506267145607,0.0,2.0000326722645148,128636,55014,4,2.338241174973643,0.10891765640254047,0.0465810189163948,0.05585420972550441,0.0,0.25382396347622727,0.0,0.041182382630886874,0.23289662746107453,0.0,0.0,0.0,0.0,0.0,128265.0,149248.0,5648016896.0,186218.0,1.39,3036.0,2016.0,4691.0,0.65,5,0.008,0.18181818181818182,0.44961674521807715,0.0,0.25382396347622727,5,snmp
1434816,151362029,537392,803770,55697,209779,314812,75131,715314,363997,0.6685892730507483,0.14620620344350774,1.965164548059462,105.49229239149828,0,0,0,0,0,75412,108,341403,0,0,0,0,0,0,0,0,0,0,0,0,0,0,0.0,0.0,0.0,4.527170742056967,0.0,2.001116082074959,146816,62963,4,2.3317821577752014,0.10232392167358044,0.04388228176992729,0.0523628116775949,0.0,0.23794200789508899,0.0,0.038818217806324995,0.21940931798920557,0.0,0.0,0.0,0.0,0.0,149276.0,149020.0,5649209344.0,186213.0,1.39,2358.0,3808.0,4717.0,0.5,5,0.008,0.18181818181818182,0.4496716121161862,0.0,0.23794200789508899,5,snmp
935993,112034866,233464,654142,48387,181677,272783,65428,582922,63488,0.35690110098419,0.19410081058298512,9.18160912298387,119.69626482249333,0,0,0,0,0,65432,108,63488,0,0,0,0,0,0,0,0,0,0,0,0,0,0,0.0,0.0,0.0,0.9702897664751192,0.0,1.9999449587741218,127117,54549,4,2.3303268620872974,0.13580977635516506,0.05827928200317738,0.06990223217481327,0.0,0.06782956710146336,0.0,0.05169589943514535,0.29143700861010713,0.0,0.0,0.0,0.0,0.0,-46352.0,-46407.0,6081349632.0,187021.0,0.34,0.0,4416.0,4724.0,0.0,5,0.0,0.18181818181818182,0.40137657997017423,0.0,0.13580977635516506,5,benign
1125757,128811861,215760,831494,57723,217693,326391,78196,739622,17899,0.25948473470644406,0.1933747691553328,41.32197329459746,114.42243841255262,0,0,0,0,0,78335,108,13342,0,0,0,0,0,0,0,0,0,0,0,0,0,0,0.0,0.0,0.0,0.1703197804302036,0.0,1.9974950221594194,152417,65282,4,2.3347477099353573,0.13539067489698042,0.05798942400535817,0.069460816144159,0.0,0.011851580758547359,0.0,0.05127483106922719,0.28993024249460586,0.0,0.0,0.0,0.0,0.0,-109596.0,-279799.0,7416477696.0,183757.0,0.0,0.0,4416.0,4724.0,0.0,5,0.0,0.18181818181818182,0.32108488319537826,0.0,0.13539067489698042,5,benign
1369412,143475113,231676,1016841,64714,243578,364968,87966,904977,13391,0.2278389640071555,0.17787050208410618,67.58098723022925,104.77132740183377,0,0,0,0,0,87983,108,4299,0,0,0,0,0,0,0,0,0,0,0,0,0,0,0.0,0.0,0.0,0.04886171192162122,0.0,1.9974578495046906,170586,72996,4,2.336922571099786,0.12456879302941701,0.05330463001638659,0.0642363291690156,0.0,0.003139303584312099,0.0,0.04725677882185931,0.2665143871968407,0.0,0.0,0.0,0.0,0.0,-63256.0,-258904.0,9071705088.0,179858.0,0.0,0.0,4416.0,4724.0,0.0,5,0.0,0.18181818181818182,0.2961671686988982,0.0,0.12456879302941701,5,benign
925298,120560991,190831,694510,55098,205800,308433,74211,617961,0,0.2747707016457646,0.22241483284304084,999.0,130.29423061543417,0,0,0,0,0,73946,108,0,0,0,0,0,0,0,0,0,0,0,0,0,0,0,0.0,0.0,0.0,0.0,0.0,2.002179242713157,144107,61692,3,2.3359106529209623,0.15574117743689062,0.0666725746732404,0.08020226997140381,0.0,0.0,0.0,0.05954622186582052,0.3333336935776366,0.0,0.0,0.0,0.0,0.0,0.0,-259072.0,10045991936.0,175951.0,0.0,0.0,4416.0,4724.0,0.0,5,0.0,0.0,0.0,0.0,0.15574117743689062,4,benign
862208,105493808,167506,646062,48640,179486,268904,64756,575797,0,0.2592723299002263,0.20817018631235154,999.0,122.35308417458432,0,0,0,0,0,64774,108,0,0,0,0,0,0,0,0,0,0,0,0,0,0,0,0.0,0.0,0.0,0.0,0.0,1.9999554292718258,125711,53776,3,2.3376785182981257,0.14580124517517815,0.062370100950118766,0.07510484709026129,0.0,0.0,0.0,0.05641330166270784,0.31187834026128264,0.0,0.0,0.0,0.0,0.0,0.0,-258844.0,10339859456.0,172046.0,0.0,0.0,4416.0,4724.0,0.0,5,0.0,0.0,0.0,0.0,0.14580124517517815,4,benign
863152,105627984,167738,647423,47991,179892,269448,64768,576686,0,0.259085636438619,0.20841288672215322,999.0,122.37471963223163,0,0,0,0,0,64760,108,0,0,0,0,0,0,0,0,0,0,0,0,0,0,0,0.0,0.0,0.0,0.0,0.0,2.000111183998399,126001,53895,3,2.3378977641710734,0.14597776521400635,0.06243975568613639,0.07503661000611711,0.0,0.0,0.0,0.05559970897362226,0.3121674977292528,0.0,0.0,0.0,0.0,0.0,0.0,-63256.0,9953307648.0,168358.0,0.0,0.0,4416.0,4724.0,0.0,5,0.0,0.0,0.0,0.0,0.14597776521400635,4,benign
1051203,128715670,204685,788982,57536,219213,328186,78843,702262,0,0.25942923919683847,0.20853536376893902,999.0,122.44606417599645,0,0,0,0,0,78934,108,0,0,0,0,0,0,0,0,0,0,0,0,0,0,0,0.0,0.0,0.0,0.0,0.0,1.9999908764951144,153585,65642,3,2.3397367539075593,0.14610403509122405,0.06244464675233994,0.07500263983264888,0.0,0.0,0.0,0.05473348154447809,0.3122004027766283,0.0,0.0,0.0,0.0,0.0,0.0,0.0,10458886144.0,164670.0,0.0,0.0,4416.0,4724.0,0.0,5,0.0,0.0,0.0,0.0,0.14610403509122405,4,benign
873984,107023383,169657,655804,48523,182153,273347,65368,583938,0,0.2587007703521174,0.20841685888986525,999.0,122.45462502746045,0,0,0,0,0,65364,108,0,0,0,0,0,0,0,0,0,0,0,0,0,0,0,0.0,0.0,0.0,0.0,0.0,2.000076861418862,127478,54661,3,2.3321563820639946,0.1458585054188635,0.06254233487111892,0.07479313122437024,0.0,0.0,0.0,0.055519323008201525,0.3127597301552431,0.0,0.0,0.0,0.0,0.0,0.0,0.0,8508664320.0,160981.0,0.0,0.0,4416.0,4724.0,0.0,5,0.0,0.0,0.0,0.0,0.1458585054188635,4,benign
861177,113106135,179976,645791,51266,192399,288316,69299,575495,0,0.278690783860413,0.22341400199958894,999.0,131.33901044732966,0,0,0,0,0,69232,108,0,0,0,0,0,0,0,0,0,0,0,0,0,0,0,0.0,0.0,0.0,0.0,0.0,1.9986599351782597,134731,57660,3,2.33664585501214,0.1564498355158115,0.06695487687200193,0.08047010080389978,0.0,0.0,0.0,0.05953015466042405,0.33479296358356064,0.0,0.0,0.0,0.0,0.0,0.0,0.0,6285241856.0,157049.0,0.0,0.0,0.0,4724.0,0.0,5,0.0,0.0,0.0,0.0,0.1564498355158115,4,benign
860672,105381663,167548,645584,47540,179371,268743,64615,575130,0,0.2595293563657092,0.2084080811273052,999.0,122.44114250260262,0,0,0,0,0,64615,108,0,0,0,0,0,0,0,0,0,0,0,0,0,0,0,0.0,0.0,0.0,0.0,0.0,2.000100355705222,125617,53752,3,2.3369735079624943,0.14595223267400356,0.062453524687685905,0.07507505762938727,0.0,0.0,0.0,0.05523590868530637,0.312247871430696,0.0,0.0,0.0,0.0,0.0,0.0,0.0,3378894592.0,153142.0,0.0,0.0,0.0,4724.0,0.0,5,0.0,0.0,0.0,0.0,0.14595223267400356,4,benign
863744,105810746,168124,647724,47896,179847,270304,64733,576985,0,0.25956117111609267,0.20821794420569056,999.0,122.50243822243628,0,0,0,0,0,64753,108,0,0,0,0,0,0,0,0,0,0,0,0,0,0,0,0.0,0.0,0.0,0.0,0.0,2.000122333681799,125792,54056,3,2.3270682255438806,0.14563574392412568,0.06258335803200948,0.07494465952874926,0.0,0.0,0.0,0.05545161529342027,0.31294457617071725,0.0,0.0,0.0,0.0,0.0,0.0,0.0,190062768.0,149455.0,0.0,0.0,0.0,4724.0,0.0,5,0.0,0.0,0.0,0.0,0.14563574392412568,4,benign
862837,105599083,167785,647148,47904,179821,269359,64825,576427,0,0.2592683590152484,0.2084066863150282,999.0,122.38590023376373,0,0,0,0,0,64811,108,0,0,0,0,0,0,0,0,0,0,0,0,0,0,0,0.0,0.0,0.0,0.0,0.0,1.9998999054662736,125945,53874,3,2.337769610572818,0.14596615583244577,0.06243821254767702,0.07513006512238117,0.0,0.0,0.0,0.05551917685495638,0.31217831409640523,0.0,0.0,0.0,0.0,0.0,0.0,0.0,0.0,145550.0,0.0,0.0,0.0,4724.0,0.0,5,0.0,0.0,0.0,0.0,0.14596615583244577,4,benign
933520,114318759,181787,700574,51159,194696,291720,70011,623469,0,0.2594829382763277,0.20856114491387437,999.0,122.45989266432427,0,0,0,0,0,70027,108,0,0,0,0,0,0,0,0,0,0,0,0,0,0,0,0.0,0.0,0.0,0.0,0.0,1.9978656158929524,136341,58338,3,2.3370873187287873,0.14605043277058874,0.06249250149970006,0.07499678635701432,0.0,0.0,0.0,0.054802253834947294,0.3124946439283572,0.0,0.0,0.0,0.0,0.0,0.0,0.0,0.0,141645.0,0.0,0.0,0.0,4724.0,0.0,5,0.0,0.0,0.0,0.0,0.14605043277058874,4,benign
863189,105660959,167583,647896,47710,179957,269979,64615,576747,0,0.25865725363329917,0.20847925541219825,999.0,122.40767549169418,0,0,0,0,0,64616,108,0,0,0,0,0,0,0,0,0,0,0,0,0,0,0,0.0,0.0,0.0,0.0,0.0,2.0000111138278247,125965,54000,3,2.332685185185185,0.14592980216383666,0.06255872120705894,0.0748561439035947,0.0,0.0,0.0,0.05527178868127374,0.3127692776437142,0.0,0.0,0.0,0.0,0.0,0.0,0.0,0.0,137957.0,0.0,0.0,0.0,4724.0,0.0,5,0.0,0.0,0.0,0.0,0.14592980216383666,4,benign
859144,105221125,167459,644031,47654,178853,268730,64399,574002,0,0.2600169867599541,0.20817581220377493,999.0,122.47204775916494,0,0,0,0,0,64405,108,0,0,0,0,0,0,0,0,0,0,0,0,0,0,0,0.0,0.0,0.0,0.0,0.0,2.0001230136097785,125104,53749,3,2.3275595825038606,0.14561470486903244,0.06256110733474249,0.0749571666682186,0.0,0.0,0.0,0.05546683675844794,0.3127880774352146,0.0,0.0,0.0,0.0,0.0,0.0,0.0,0.0,134269.0,0.0,0.0,0.0,4724.0,0.0,5,0.0,0.0,0.0,0.0,0.14561470486903244,4,benign
862208,105546405,167228,646900,48080,179732,269303,64507,576100,0,0.2585067243778018,0.20845550029691212,999.0,122.41408685607185,0,0,0,0,0,64483,108,0,0,0,0,0,0,0,0,0,0,0,0,0,0,0,0.0,0.0,0.0,0.0,0.0,1.9998887294010304,125872,53859,3,2.337065300135539,0.14598797505938244,0.06246636542458432,0.07481605366686461,0.0,0.0,0.0,0.05576380641330166,0.31234110562648454,0.0,0.0,0.0,0.0,0.0,0.0,0.0,0.0,130579.0,0.0,0.0,0.0,4724.0,0.0,5,0.0,0.0,0.0,0.0,0.14598797505938244,4,benign
866001,105989807,167582,649865,48554,180469,271017,64855,578194,0,0.257872019573296,0.20839352379500717,999.0,122.38993603933483,0,0,0,0,0,64880,108,0,0,0,0,0,0,0,0,0,0,0,0,0,0,0,0.0,0.0,0.0,0.0,0.0,1.999855941312707,126270,54204,3,2.3295328758025238,0.14580814571807654,0.06259115174231901,0.07489021375264,0.0,0.0,0.0,0.05606690985345283,0.312952294512362,0.0,0.0,0.0,0.0,0.0,0.0,0.0,0.0,126461.0,0.0,0.0,0.0,4724.0,0.0,5,0.0,0.0,0.0,0.0,0.14580814571807654,4,benign
990783,121158259,191874,743305,55604,206495,309800,74419,661617,0,0.2581362966749854,0.20841596999544804,999.0,122.28536319254569,0,0,0,0,0,74302,108,0,0,0,0,0,0,0,0,0,0,0,0,0,0,0,0.0,0.0,0.0,0.0,0.0,2.000377804471655,144537,61945,3,2.333311808862701,0.14588159062075146,0.06252125843903256,0.07511130086002686,0.0,0.0,0.0,0.05612126974322329,0.3126819899009167,0.0,0.0,0.0,0.0,0.0,0.0,0.0,0.0,122342.0,0.0,0.0,0.0,4724.0,0.0,5,0.0,0.0,0.0,0.0,0.14588159062075146,4,benign
861184,105335050,166708,646104,48372,179436,269475,64501,574972,0,0.2580203806198383,0.208359653686088,999.0,122.31422088659335,0,0,0,0,0,64507,108,0,0,0,0,0,0,0,0,0,0,0,0,0,0,0,0.0,0.0,0.0,0.0,0.0,1.9998662565199947,125546,53918,3,2.328461738195037,0.14578301501189062,0.0626091520511296,0.07489804733947682,0.0,0.0,0.0,0.056169181034482756,0.31291222317181927,0.0,0.0,0.0,0.0,0.0,0.0,0.0,0.0,118630.0,0.0,0.0,0.0,4724.0,0.0,5,0.0,0.0,0.0,0.0,0.14578301501189062,4,benign
863744,105634003,166868,648223,48653,180057,270183,64625,576686,0,0.2574237569478405,0.20846107179905157,999.0,122.29781393561055,0,0,0,0,0,64628,108,0,0,0,0,0,0,0,0,0,0,0,0,0,0,0,0.0,0.0,0.0,0.0,0.0,2.0000333233363325,126017,54032,3,2.332266064554338,0.1458962377741553,0.06255557202133966,0.07481962248073504,0.0,0.0,0.0,0.056328032379964435,0.31280448836692354,0.0,0.0,0.0,0.0,0.0,0.0,0.0,0.0,114942.0,0.0,0.0,0.0,4724.0,0.0,5,0.0,0.0,0.0,0.0,0.1458962377741553,4,benign
862720,105601549,167197,647795,47728,179963,269700,64446,576558,0,0.25810171427689316,0.2085995456231454,999.0,122.40535631491097,0,0,0,0,0,64435,108,0,0,0,0,0,0,0,0,0,0,0,0,0,0,0,0.0,0.0,0.0,0.0,0.0,2.0001889455725608,126018,53938,3,2.3363491416070303,0.1460705675074184,0.06252086424332344,0.07470094584569734,0.0,0.0,0.0,0.0553227002967359,0.312615912462908,0.0,0.0,0.0,0.0,0.0,0.0,0.0,0.0,111255.0,0.0,0.0,0.0,4724.0,0.0,5,0.0,0.0,0.0,0.0,0.1460705675074184,4,benign
862208,105594728,167633,647029,47546,179730,269627,64633,576076,0,0.2590811231026739,0.20845318067102137,999.0,122.47013249703087,0,0,0,0,0,64636,108,0,0,0,0,0,0,0,0,0,0,0,0,0,0,0,0.0,0.0,0.0,0.0,0.0,1.9998664752812365,125811,53926,3,2.3330304491339984,0.14591722646971497,0.06254407289192399,0.074962190097981,0.0,0.0,0.0,0.05514446630047506,0.3127168850207839,0.0,0.0,0.0,0.0,0.0,0.0,0.0,0.0,107567.0,0.0,0.0,0.0,4724.0,0.0,5,0.0,0.0,0.0,0.0,0.14591722646971497,4,benign
866304,106084063,168010,650523,47771,180705,270952,64702,578986,0,0.2582691157730011,0.20859305740248227,999.0,122.455931174276,0,0,0,0,0,64702,108,0,0,0,0,0,0,0,0,0,0,0,0,0,0,0,0.0,0.0,0.0,0.0,0.0,1.999944662719274,126517,54195,3,2.334477350309069,0.1460422669178487,0.0625588707890071,0.0746874076536643,0.0,0.0,0.0,0.05514346003250591,0.3127678043735225,0.0,0.0,0.0,0.0,0.0,0.0,0.0,0.0,103879.0,0.0,0.0,0.0,4724.0,0.0,5,0.0,0.0,0.0,0.0,0.1460422669178487,4,benign
861184,105375778,167434,645913,47837,179450,269036,64737,575205,0,0.259220669037471,0.2083759103745541,999.0,122.36151391572533,0,0,0,0,0,64736,108,0,0,0,0,0,0,0,0,0,0,0,0,0,0,0,0.0,0.0,0.0,0.0,0.0,2.000089165301323,125633,53800,3,2.335185873605948,0.14588403871878716,0.062472131391200954,0.07517208865933413,0.0,0.0,0.0,0.05554794329667063,0.31240245986920334,0.0,0.0,0.0,0.0,0.0,0.0,0.0,0.0,99762.0,0.0,0.0,0.0,4724.0,0.0,5,0.0,0.0,0.0,0.0,0.14588403871878716,4,benign
867329,106230496,169083,650691,47555,180745,271132,64974,579740,0,0.25985145022752737,0.20839266299178283,999.0,122.4800462108381,0,0,0,0,0,64981,108,0,0,0,0,0,0,0,0,0,0,0,0,0,0,0,0.0,0.0,0.0,0.0,0.0,1.9999668046119459,126519,54231,3,2.332964540576423,0.14587198168169171,0.0625264461352036,0.0749127493719223,0.0,0.0,0.0,0.054829251644992846,0.31260571248050045,0.0,0.0,0.0,0.0,0.0,0.0,0.0,0.0,95643.0,0.0,0.0,0.0,4724.0,0.0,5,0.0,0.0,0.0,0.0,0.14587198168169171,4,benign
1052365,136483414,217529,789302,61203,231976,348527,83286,704090,0,0.27559666642172453,0.22043302466349604,999.0,129.69208782124073,0,0,0,0,0,83331,108,0,0,0,0,0,0,0,0,0,0,0,0,0,0,0,0.0,0.0,0.0,0.0,0.0,2.001207750306251,162269,69709,3,2.3278055918174125,0.1541945997823949,0.06624032536239803,0.07914174264632517,0.0,0.0,0.0,0.058157578406731504,0.33118452248031816,0.0,0.0,0.0,0.0,0.0,0.0,0.0,0.0,91955.0,0.0,0.0,0.0,4724.0,0.0,5,0.0,0.0,0.0,0.0,0.1541945997823949,4,benign
1172828,135863308,215162,880434,62175,231548,348417,83325,784063,0,0.24438174809241806,0.1974270737056073,999.0,115.8424832967835,0,0,0,0,0,83094,108,0,0,0,0,0,0,0,0,0,0,0,0,0,0,0,0.0,0.0,0.0,0.0,0.0,2.0038597675485286,161867,69688,3,2.3227384915623923,0.13801426978209932,0.05941877240311452,0.07104622331663296,0.0,0.0,0.0,0.05301288850539039,0.2970742512968654,0.0,0.0,0.0,0.0,0.0,0.0,0.0,0.0,88051.0,0.0,0.0,0.0,4724.0,0.0,5,0.0,0.0,0.0,0.0,0.13801426978209932,4,benign
873796,106962922,169128,656195,48473,182273,273460,65247,583785,0,0.25774045824792935,0.20859903226840132,999.0,122.41177803514779,0,0,0,0,0,65248,108,0,0,0,0,0,0,0,0,0,0,0,0,0,0,0,0.0,0.0,0.0,0.0,0.0,2.0000768108149627,127568,54691,3,2.332522718546013,0.14599288621142692,0.06259012401063864,0.07467074694780017,0.0,0.0,0.0,0.05547404657379983,0.3129563422125988,0.0,0.0,0.0,0.0,0.0,0.0,0.0,0.0,83931.0,0.0,0.0,0.0,4724.0,0.0,5,0.0,0.0,0.0,0.0,0.14599288621142692,4,benign
991102,113951924,181296,743513,51437,193833,290788,69858,661802,0,0.2438370277318621,0.19557321042637388,999.0,114.97497129457916,0,0,0,0,0,69854,108,0,0,0,0,0,0,0,0,0,0,0,0,0,0,0,0.0,0.0,0.0,0.0,0.0,1.9978252355135948,135688,58144,3,2.333654375343974,0.13690619129009932,0.05866601015838935,0.0704851771058882,0.0,0.0,0.0,0.051898795482200624,0.2933986612881419,0.0,0.0,0.0,0.0,0.0,0.0,0.0,0.0,80002.0,0.0,0.0,0.0,4724.0,0.0,5,0.0,0.0,0.0,0.0,0.13690619129009932,4,benign
859043,105182158,167307,644175,47561,178937,268369,64449,573999,0,0.2597229013854931,0.20829807122577101,999.0,122.44108618544124,0,0,0,0,0,64457,108,0,0,0,0,0,0,0,0,0,0,0,0,0,0,0,0.0,0.0,0.0,0.0,0.0,1.99998882294426,125265,53678,3,2.333637616900779,0.1458192430413844,0.06248581270087761,0.07502418388835018,0.0,0.0,0.0,0.05536509813827713,0.31240461769666944,0.0,0.0,0.0,0.0,0.0,0.0,0.0,0.0,76315.0,0.0,0.0,0.0,4724.0,0.0,5,0.0,0.0,0.0,0.0,0.1458192430413844,4,benign
861865,105496436,167652,646419,47794,179559,269453,64552,575877,0,0.259355000394481,0.20833773270755862,999.0,122.40482674200716,0,0,0,0,0,64545,108,0,0,0,0,0,0,0,0,0,0,0,0,0,0,0,0.0,0.0,0.0,0.0,0.0,2.0001893707321963,125658,53894,3,2.3315767989015477,0.14579777575374334,0.06253183503216861,0.07489804087647137,0.0,0.0,0.0,0.0554541604543635,0.3126394504939869,0.0,0.0,0.0,0.0,0.0,0.0,0.0,0.0,72627.0,0.0,0.0,0.0,4724.0,0.0,5,0.0,0.0,0.0,0.0,0.14579777575374334,4,benign
858580,105107468,166873,644090,47617,178886,268444,64367,573562,0,0.2590833579158192,0.20835099815975214,999.0,122.42012159612383,0,0,0,0,0,64364,108,0,0,0,0,0,0,0,0,0,0,0,0,0,0,0,0.0,0.0,0.0,0.0,0.0,1.9998211311220668,125208,53690,3,2.3320543862916745,0.1458314892031028,0.0625334855226071,0.07496913508350998,0.0,0.0,0.0,0.05546017843415873,0.3126604393300566,0.0,0.0,0.0,0.0,0.0,0.0,0.0,0.0,68939.0,0.0,0.0,0.0,4724.0,0.0,5,0.0,0.0,0.0,0.0,0.1458314892031028,4,benign
985827,142865906,226321,739462,65502,243397,366131,87650,658224,0,0.3060617043201679,0.24689626070294282,999.0,144.91985510642334,0,0,0,0,0,87570,108,0,0,0,0,0,0,0,0,0,0,0,0,0,0,0,0.0,0.0,0.0,0.0,0.0,1.9998274572956807,170168,73232,3,2.32368363556915,0.17261446480974857,0.07428483902347978,0.0889101231757702,0.0,0.0,0.0,0.066443706654413,0.3713947781913054,0.0,0.0,0.0,0.0,0.0,0.0,0.0,0.0,65251.0,0.0,0.0,0.0,4724.0,0.0,5,0.0,0.0,0.0,0.0,0.17261446480974857,4,benign
979133,104855834,178826,734159,50543,191170,267706,64721,654185,0,0.24357938811619825,0.1952441598843058,999.0,107.09049128157257,0,0,0,0,0,64725,108,0,0,0,0,0,0,0,0,0,0,0,0,0,0,0,0.0,0.0,0.0,0.0,0.0,1.9984110557071324,125034,53545,3,2.335119992529648,0.12769868853363128,0.05468613559138544,0.06610031527892533,0.0,0.0,0.0,0.05162015783351189,0.273411273034409,0.0,0.0,0.0,0.0,0.0,0.0,0.0,0.0,61564.0,0.0,0.0,0.0,4724.0,0.0,5,0.0,0.0,0.0,0.0,0.12769868853363128,4,benign
1047409,113297059,191489,785736,55120,205728,289940,69895,699156,0,0.24370653756478003,0.19641610870252213,999.0,108.16888054236692,0,0,0,0,0,69821,108,0,0,0,0,0,0,0,0,0,0,0,0,0,0,0,0.0,0.0,0.0,0.0,0.0,1.9993391513926413,135140,57975,3,2.3310047434238896,0.1290231418672171,0.05535087057682338,0.06673133417795722,0.0,0.0,0.0,0.05262509678645114,0.2768164107812707,0.0,0.0,0.0,0.0,0.0,0.0,0.0,0.0,57876.0,0.0,0.0,0.0,4724.0,0.0,5,0.0,0.0,0.0,0.0,0.1290231418672171,4,benign
978541,104653364,166670,733713,47667,178083,267067,64479,653628,0,0.2271596659729349,0.18198828664307373,999.0,106.94836905147561,0,0,0,0,0,64480,108,0,0,0,0,0,0,0,0,0,0,0,0,0,0,0,0.0,0.0,0.0,0.0,0.0,1.9997417268368276,124669,53427,3,2.3334456361015965,0.12740293968264998,0.05459863204505483,0.06589299784066278,0.0,0.0,0.0,0.048712317623891076,0.27292366901335763,0.0,0.0,0.0,0.0,0.0,0.0,0.0,0.0,54185.0,0.0,0.0,0.0,4724.0,0.0,5,0.0,0.0,0.0,0.0,0.12740293968264998,4,benign
863598,105722601,167728,647714,48156,179922,269811,64702,576932,0,0.25895379750939457,0.208339991523834,999.0,122.42108133645516,0,0,0,0,0,64697,108,0,0,0,0,0,0,0,0,0,0,0,0,0,0,0,0.0,0.0,0.0,0.0,0.0,2.0001111654586685,125960,53950,3,2.3347544022242817,0.14585490008082463,0.062471196088921,0.07492143335209206,0.0,0.0,0.0,0.055762055956590915,0.31242661516122083,0.0,0.0,0.0,0.0,0.0,0.0,0.0,0.0,50496.0,0.0,0.0,0.0,4724.0,0.0,5,0.0,0.0,0.0,0.0,0.14585490008082463,4,benign
993245,121699105,193003,744985,55018,207076,310855,74263,663326,0,0.25906964569756435,0.20848431152434696,999.0,122.52677335400631,0,0,0,0,0,74244,108,0,0,0,0,0,0,0,0,0,0,0,0,0,0,0,0.0,0.0,0.0,0.0,0.0,1.9985137287072334,144893,62166,3,2.3307434932278093,0.14587840865043367,0.0625887872579273,0.0747680582333664,0.0,0.0,0.0,0.05539217413629064,0.3129691063131453,0.0,0.0,0.0,0.0,0.0,0.0,0.0,0.0,46592.0,0.0,0.0,0.0,4724.0,0.0,5,0.0,0.0,0.0,0.0,0.14587840865043367,4,benign
861241,105394083,167754,645795,47695,179381,269145,64856,575182,0,0.2597635472557081,0.20828200236635275,999.0,122.37466980787028,0,0,0,0,0,64861,108,0,0,0,0,0,0,0,0,0,0,0,0,0,0,0,0.0,0.0,0.0,0.0,0.0,1.999899659958749,125554,53834,3,2.3322435635472005,0.1457826554936423,0.06250747467898068,0.07530528620908665,0.0,0.0,0.0,0.05537938857996774,0.31250834551536677,0.0,0.0,0.0,0.0,0.0,0.0,0.0,0.0,42661.0,0.0,0.0,0.0,4724.0,0.0,5,0.0,0.0,0.0,0.0,0.1457826554936423,4,benign
988973,113552023,180527,742027,50989,193205,289896,69623,660865,0,0.24328899083187,0.1953592261871659,999.0,114.81812243610291,0,0,0,0,0,69452,108,0,0,0,0,0,0,0,0,0,0,0,0,0,0,0,0.0,0.0,0.0,0.0,0.0,1.9998654369675704,135227,57978,3,2.332384697643934,0.1367347743568328,0.05862445183033308,0.0703992930039546,0.0,0.0,0.0,0.05155752482625916,0.29312832605136846,0.0,0.0,0.0,0.0,0.0,0.0,0.0,0.0,38975.0,0.0,0.0,0.0,4724.0,0.0,5,0.0,0.0,0.0,0.0,0.1367347743568328,4,benign
987910,113393360,180015,741627,50971,192834,290053,69345,660033,0,0.242729835887852,0.19519389418064398,999.0,114.78106305230233,0,0,0,0,0,69215,108,0,0,0,0,0,0,0,0,0,0,0,0,0,0,0,0.0,0.0,0.0,0.0,0.0,2.002617067015609,134827,58016,3,2.3239623552123554,0.13647700701480905,0.058725997307447035,0.07019364112115477,0.0,0.0,0.0,0.05159478090109423,0.2936026561123989,0.0,0.0,0.0,0.0,0.0,0.0,0.0,0.0,35078.0,0.0,0.0,0.0,4724.0,0.0,5,0.0,0.0,0.0,0.0,0.13647700701480905,4,benign
861804,105507130,167790,646270,47744,179549,269111,64692,575836,0,0.2596283287170997,0.20834087565154025,999.0,122.42589962450859,0,0,0,0,0,64688,108,0,0,0,0,0,0,0,0,0,0,0,0,0,0,0,0.0,0.0,0.0,0.0,0.0,2.0000779761838454,125720,53813,3,2.3362384553918196,0.1458800376883839,0.06244227225680085,0.07506579222189733,0.0,0.0,0.0,0.0554000677648282,0.3122647376897763,0.0,0.0,0.0,0.0,0.0,0.0,0.0,0.0,31180.0,0.0,0.0,0.0,4724.0,0.0,5,0.0,0.0,0.0,0.0,0.1458800376883839,4,benign
841589,102968839,163904,630739,46946,175154,263142,63327,561953,0,0.259860259156323,0.2081229673866935,999.0,122.35050481886051,0,0,0,0,0,63338,108,0,0,0,0,0,0,0,0,0,0,0,0,0,0,0,0.0,0.0,0.0,0.0,0.0,2.0,122533,52627,3,2.3283295646721265,0.14559719768200394,0.06253289907543944,0.07524694357934811,0.0,0.0,0.0,0.05578257320378475,0.31267281297640537,0.0,0.0,0.0,0.0,0.0,0.0,0.0,0.0,28591.0,0.0,0.0,0.0,4724.0,0.0,5,0.0,0.0,0.0,0.0,0.14559719768200394,4,benign
981712,120209747,192318,735412,53982,204338,306571,73970,655438,0,0.26151055462788203,0.20814454748439462,999.0,122.44909606890819,0,0,0,0,0,74242,108,0,0,0,0,0,0,0,0,0,0,0,0,0,0,0,0.0,0.0,0.0,0.0,0.0,1.9990217082929789,143019,61324,3,2.332186419672559,0.14568325537428492,0.062466385253516304,0.0753479635575403,0.0,0.0,0.0,0.0549876134752351,0.31228201346219664,0.0,0.0,0.0,0.0,0.0,0.0,0.0,0.0,24902.0,0.0,0.0,0.0,4724.0,0.0,5,0.0,0.0,0.0,0.0,0.14568325537428492,4,benign
862957,105631833,167653,647338,47966,179796,269834,64577,576568,0,0.2589883492086051,0.2083487358002774,999.0,122.40683255364983,0,0,0,0,0,64578,108,0,0,0,0,0,0,0,0,0,0,0,0,0,0,0,0.0,0.0,0.0,0.0,0.0,2.0000889937036956,125828,53963,3,2.3317458258436337,0.14581027791651263,0.06253266385231246,0.07483223381929806,0.0,0.0,0.0,0.05558330252839944,0.3126853365810811,0.0,0.0,0.0,0.0,0.0,0.0,0.0,0.0,21213.0,0.0,0.0,0.0,4724.0,0.0,5,0.0,0.0,0.0,0.0,0.14581027791651263,4,benign
983769,120616331,191613,738032,54294,205249,307869,73741,657761,0,0.25962695384481976,0.208635360536874,999.0,122.60635474384739,0,0,0,0,0,73845,108,0,0,0,0,0,0,0,0,0,0,0,0,0,0,0,0.0,0.0,0.0,0.0,0.0,2.0009456403057246,143675,61575,3,2.3333333333333335,0.14604546392496612,0.06259091311069977,0.07495763741284793,0.0,0.0,0.0,0.05518978540694004,0.3129484665607475,0.0,0.0,0.0,0.0,0.0,0.0,0.0,0.0,17524.0,0.0,0.0,0.0,4724.0,0.0,5,0.0,0.0,0.0,0.0,0.14604546392496612,4,benign
863232,105706726,168315,646960,47957,179684,269757,64926,576603,0,0.26016291579077533,0.2081526171411625,999.0,122.45459621515421,0,0,0,0,0,64925,108,0,0,0,0,0,0,0,0,0,0,0,0,0,0,0,0.0,0.0,0.0,0.0,0.0,2.0001113127107986,125735,53952,3,2.330497479240807,0.14565609245255043,0.0625,0.07521268905693951,0.0,0.0,0.0,0.05555516940984579,0.3124965246886121,0.0,0.0,0.0,0.0,0.0,0.0,0.0,0.0,15119.0,0.0,0.0,0.0,4724.0,0.0,5,0.0,0.0,0.0,0.0,0.14565609245255043,4,benign
865451,105974831,167823,649714,47916,180470,270809,64760,578162,0,0.25830288403820756,0.20852711476444075,999.0,122.4504114039963,0,0,0,0,0,64763,108,0,0,0,0,0,0,0,0,0,0,0,0,0,0,0,0.0,0.0,0.0,0.0,0.0,1.9999113465353118,126304,54169,3,2.3316657128615996,0.1459400936621484,0.06259048750304755,0.07482803763586847,0.0,0.0,0.0,0.05536535286226488,0.31291084070617514,0.0,0.0,0.0,0.0,0.0,0.0,0.0,0.0,11225.0,0.0,0.0,0.0,4724.0,0.0,5,0.0,0.0,0.0,0.0,0.1459400936621484,4,benign
869180,106309695,168382,651976,48822,181150,271309,65177,580469,0,0.2582641078812717,0.20841482776870154,999.0,122.31033272739823,0,0,0,0,0,65188,108,0,0,0,0,0,0,0,0,0,0,0,0,0,0,0,0.0,0.0,0.0,0.0,0.0,1.9999116793075657,126891,54266,3,2.3383149670143366,0.1459893232702087,0.06243355806622334,0.07498676913872845,0.0,0.0,0.0,0.05617018339124232,0.3121436296279252,0.0,0.0,0.0,0.0,0.0,0.0,0.0,0.0,7540.0,0.0,0.0,0.0,4724.0,0.0,5,0.0,0.0,0.0,0.0,0.1459893232702087,4,benign
864768,105727620,167769,648416,48583,180093,270188,65015,577345,0,0.25873667522084587,0.20825585590586146,999.0,122.26125388543517,0,0,0,0,0,65011,108,0,0,0,0,0,0,0,0,0,0,0,0,0,0,0,0.0,0.0,0.0,0.0,0.0,1.9999444746748993,126062,54031,3,2.3331420850992948,0.14577551435760805,0.0624803415482534,0.07518201413558319,0.0,0.0,0.0,0.05618038595322676,0.3124398682652457,0.0,0.0,0.0,0.0,0.0,0.0,0.0,0.0,3854.0,0.0,0.0,0.0,4724.0,0.0,5,0.0,0.0,0.0,0.0,0.14577551435760805,4,benign
862182,105410498,166936,646676,48571,179650,269515,64690,575585,0,0.25814472780805225,0.20836667896105462,999.0,122.2601469295346,0,0,0,0,0,64689,108,0,0,0,0,0,0,0,0,0,0,0,0,0,0,0,0.0,0.0,0.0,0.0,0.0,2.0,125743,53908,3,2.332548044817096,0.14584275709768935,0.06252508171128601,0.07503056199271152,0.0,0.0,0.0,0.05633497335829326,0.31259641235841157,0.0,0.0,0.0,0.0,0.0,0.0,0.0,0.0,633.0,0.0,0.0,0.0,4724.0,0.0,5,0.0,0.0,0.0,0.0,0.14584275709768935,4,benign
922922,112948037,179054,691694,52174,192083,288463,69265,616106,0,0.25886302324438265,0.20812484695348035,999.0,122.38091301323405,0,0,0,0,0,69342,108,0,0,0,0,0,0,0,0,0,0,0,0,0,0,0,0.0,0.0,0.0,0.0,0.0,1.9996148240682907,134388,57688,3,2.329565940923589,0.14561143845308705,0.06250582389411023,0.07504967917115422,0.0,0.0,0.0,0.0565313211734036,0.312554040319767,0.0,0.0,0.0,0.0,0.0,0.0,0.0,0.0,0.0,1.0,0.0,0.0,4724.0,0.0,5,0.0,0.0,0.0,0.0,0.14561143845308705,4,benign
1047616,128307546,203901,785345,58370,218112,327052,78356,700367,0,0.25963239086006784,0.2081984238499603,999.0,122.47574111124688,0,0,0,0,0,78517,108,0,0,0,0,0,0,0,0,0,0,0,0,0,0,0,0.0,0.0,0.0,0.0,0.0,2.0008256047554833,152711,65413,3,2.334566523473927,0.14577001496731626,0.062439863461420976,0.07479458122059991,0.0,0.0,0.0,0.05571698026757896,0.31218690818009653,0.0,0.0,0.0,0.0,0.0,0.0,0.0,0.0,0.0,1.0,0.0,0.0,4724.0,0.0,5,0.0,0.0,0.0,0.0,0.14577001496731626,4,benign
921108,112720967,178693,690775,51640,191798,288390,69012,614890,0,0.2586848105388875,0.2082253112555748,999.0,122.37540766120803,0,0,0,0,0,69096,108,0,0,0,0,0,0,0,0,0,0,0,0,0,0,0,0.0,0.0,0.0,0.0,0.0,2.0003963287442637,134121,57678,3,2.3253406844897535,0.14560833257337902,0.06261806433121848,0.07492281035448611,0.0,0.0,0.0,0.056062915532163436,0.31309032165609246,0.0,0.0,0.0,0.0,0.0,0.0,0.0,0.0,0.0,1.0,0.0,0.0,4724.0,0.0,5,0.0,0.0,0.0,0.0,0.14560833257337902,4,benign
865792,105983192,167608,649895,48289,180579,270507,64579,578599,0,0.2579001223274529,0.20857088076581903,999.0,122.41184025724424,0,0,0,0,0,64575,108,0,0,0,0,0,0,0,0,0,0,0,0,0,0,0,0.0,0.0,0.0,0.0,0.0,2.000055378958211,126465,54099,3,2.3376587367603836,0.1460685707421644,0.062484984846244825,0.07458950879657007,0.0,0.0,0.0,0.055774366129509166,0.312438784373152,0.0,0.0,0.0,0.0,0.0,0.0,0.0,0.0,0.0,1.0,0.0,0.0,4724.0,0.0,5,0.0,0.0,0.0,0.0,0.1460685707421644,4,benign
1114170,128639549,193285,835493,54360,206350,327507,78883,744496,0,0.23134245289906677,0.18520513027634922,999.0,115.45773894468527,0,0,0,0,0,78798,108,0,0,0,0,0,0,0,0,0,0,0,0,0,0,0,0.0,0.0,0.0,0.0,0.0,1.9986052863521457,153463,65502,3,2.3428750267167415,0.13773750863871762,0.05878995126416974,0.07079978818313183,0.0,0.0,0.0,0.048789682005439025,0.29394706373354157,0.0,0.0,0.0,0.0,0.0,0.0,0.0,0.0,0.0,1.0,0.0,0.0,4724.0,0.0,5,0.0,0.0,0.0,0.0,0.13773750863871762,4,benign
865792,106167017,169001,650212,46579,180635,270871,64666,579183,0,0.2599167656087553,0.208635561428149,999.0,122.62416030640154,0,0,0,0,0,64661,108,0,0,0,0,0,0,0,0,0,0,0,0,0,0,0,0.0,0.0,0.0,0.0,0.0,2.0000332167057886,126451,54175,3,2.3341209044762343,0.1460524005765819,0.06257276574512123,0.07468999482554702,0.0,0.0,0.0,0.053799295904790066,0.31285920867829686,0.0,0.0,0.0,0.0,0.0,0.0,0.0,0.0,0.0,1.0,0.0,0.0,4724.0,0.0,5,0.0,0.0,0.0,0.0,0.1460524005765819,4,benign
860199,105127632,165664,645676,48859,179348,268913,64351,574165,0,0.2565745048600227,0.20849594105549996,999.0,122.21315300296791,0,0,0,0,0,64350,108,0,0,0,0,0,0,0,0,0,0,0,0,0,0,0,0.0,0.0,0.0,0.0,0.0,1.9997546969950382,125583,53798,3,2.3343432841369567,0.14599296209365506,0.06254134217779839,0.07480943363105513,0.0,0.0,0.0,0.056799647523421905,0.31261719671843374,0.0,0.0,0.0,0.0,0.0,0.0,0.0,0.0,0.0,1.0,0.0,0.0,4724.0,0.0,5,0.0,0.0,0.0,0.0,0.14599296209365506,4,benign
867787,106217125,168759,650666,48362,180762,271072,65053,579772,0,0.25936348295438827,0.2083022677223789,999.0,122.39999562104525,0,0,0,0,0,65044,108,0,0,0,0,0,0,0,0,0,0,0,0,0,0,0,0.0,0.0,0.0,0.0,0.0,2.0001327800829873,126542,54201,3,2.334680171952547,0.14582149767166366,0.0624588752769977,0.07496424813923232,0.0,0.0,0.0,0.05573026560665233,0.3123715842712555,0.0,0.0,0.0,0.0,0.0,0.0,0.0,0.0,0.0,1.0,0.0,0.0,4724.0,0.0,5,0.0,0.0,0.0,0.0,0.14582149767166366,4,benign
864768,105956389,168140,648726,47902,180153,270557,64652,577843,0,0.2591849255309638,0.2083252386767318,999.0,122.5257976705891,0,0,0,0,0,64660,108,0,0,0,0,0,0,0,0,0,0,0,0,0,0,0,0.0,0.0,0.0,0.0,0.0,2.0000999200639487,126039,54106,3,2.3294828669648466,0.14574891762877443,0.06256707001184132,0.07476224837181765,0.0,0.0,0.0,0.05539289150384843,0.31286657230609827,0.0,0.0,0.0,0.0,0.0,0.0,0.0,0.0,0.0,1.0,0.0,0.0,4724.0,0.0,5,0.0,0.0,0.0,0.0,0.14574891762877443,4,benign
865621,105975167,169118,648523,47980,180147,270263,65145,578311,0,0.2607740974491267,0.2081130194392234,999.0,122.42675143047592,0,0,0,0,0,65141,108,0,0,0,0,0,0,0,0,0,0,0,0,0,0,0,0.0,0.0,0.0,0.0,0.0,1.999944491318442,126094,54053,3,2.3327844892975413,0.1456688319714979,0.06244418746772548,0.07525810949595724,0.0,0.0,0.0,0.05542841497606921,0.31221862685863677,0.0,0.0,0.0,0.0,0.0,0.0,0.0,0.0,0.0,1.0,0.0,0.0,4724.0,0.0,5,0.0,0.0,0.0,0.0,0.1456688319714979,4,benign
860496,105347040,167594,645469,47433,179189,269767,64622,574660,0,0.2596468614294412,0.20823920157676504,999.0,122.42594968483293,0,0,0,0,0,64624,108,0,0,0,0,0,0,0,0,0,0,0,0,0,0,0,0.0,0.0,0.0,0.0,0.0,1.9999665163623377,125236,53955,3,2.3211194513946807,0.1455393168591138,0.06270220895855413,0.07509854781428385,0.0,0.0,0.0,0.05512285937412841,0.313501747829159,0.0,0.0,0.0,0.0,0.0,0.0,0.0,0.0,0.0,1.0,0.0,0.0,4724.0,0.0,5,0.0,0.0,0.0,0.0,0.1455393168591138,4,benign
988874,113767036,180502,741839,51768,193396,290818,69473,660533,0,0.24331694612982063,0.19557193333023215,999.0,115.04704947243026,0,0,0,0,0,69637,108,0,0,0,0,0,0,0,0,0,0,0,0,0,0,0,0.0,0.0,0.0,0.0,0.0,1.9995657523340813,135233,58161,3,2.325149154931999,0.13675453091091483,0.058815379916956054,0.07025465327230769,0.0,0.0,0.0,0.05235045111915168,0.29409004585012855,0.0,0.0,0.0,0.0,0.0,0.0,0.0,0.0,0.0,1.0,0.0,0.0,4724.0,0.0,5,0.0,0.0,0.0,0.0,0.13675453091091483,4,benign
857088,104847202,165992,642807,48289,178580,267741,64259,572309,0,0.25822991971151527,0.20835666816009557,999.0,122.32956475881123,0,0,0,0,0,64254,108,0,0,0,0,0,0,0,0,0,0,0,0,0,0,0,0.0,0.0,0.0,0.0,0.0,2.0001344025805294,125025,53545,3,2.33495190960874,0.14587183579749105,0.06247316494922342,0.07497363164575867,0.0,0.0,0.0,0.05634077247610514,0.3123844926075269,0.0,0.0,0.0,0.0,0.0,0.0,0.0,0.0,0.0,1.0,0.0,0.0,4724.0,0.0,5,0.0,0.0,0.0,0.0,0.14587183579749105,4,benign
860160,105219758,167377,644865,47918,179138,268543,64796,574408,0,0.2595535499678227,0.2082612537202381,999.0,122.32579752604167,0,0,0,0,0,64800,108,0,0,0,0,0,0,0,0,0,0,0,0,0,0,0,0.0,0.0,0.0,0.0,0.0,1.999910687372311,125437,53711,3,2.3354061551637466,0.14582984561011905,0.06244303385416667,0.07533017113095238,0.0,0.0,0.0,0.055708240327380955,0.3122012183779762,0.0,0.0,0.0,0.0,0.0,0.0,0.0,0.0,0.0,1.0,0.0,0.0,4724.0,0.0,5,0.0,0.0,0.0,0.0,0.14582984561011905,4,benign
864256,105654374,166828,648097,49331,180060,269791,64705,576932,0,0.25741208491938705,0.2083410470971564,999.0,122.24893318646328,0,0,0,0,0,64712,108,0,0,0,0,0,0,0,0,0,0,0,0,0,0,0,0.0,0.0,0.0,0.0,0.0,1.999955571352408,126098,53962,3,2.336792557725807,0.14590352858412323,0.062437518513033176,0.0748678632257109,0.0,0.0,0.0,0.057079152473341235,0.3121656083382701,0.0,0.0,0.0,0.0,0.0,0.0,0.0,0.0,0.0,1.0,0.0,0.0,4724.0,0.0,5,0.0,0.0,0.0,0.0,0.14590352858412323,4,benign
860160,105215009,166250,645961,47949,179472,268885,64259,574647,0,0.25736847890197706,0.20864955357142856,999.0,122.32027646019345,0,0,0,0,0,64248,108,0,0,0,0,0,0,0,0,0,0,0,0,0,0,0,0.0,0.0,0.0,0.0,0.0,2.000044576191856,125692,53787,3,2.336847193559782,0.14612630208333333,0.06253138950892857,0.07470586867559524,0.0,0.0,0.0,0.05574428013392857,0.31259881882440477,0.0,0.0,0.0,0.0,0.0,0.0,0.0,0.0,0.0,1.0,0.0,0.0,4724.0,0.0,5,0.0,0.0,0.0,0.0,0.14612630208333333,4,benign
859648,105206894,167119,644650,47879,179117,268299,64553,574279,0,0.25923989761886296,0.20836086398153664,999.0,122.38368960318643,0,0,0,0,0,64559,108,0,0,0,0,0,0,0,0,0,0,0,0,0,0,0,0.0,0.0,0.0,0.0,0.0,2.000078164256602,125458,53649,3,2.3384965237003486,0.14594112939249554,0.062408101920786184,0.07509236338594401,0.0,0.0,0.0,0.055696052337701016,0.31210332601250745,0.0,0.0,0.0,0.0,0.0,0.0,0.0,0.0,0.0,1.0,0.0,0.0,4724.0,0.0,5,0.0,0.0,0.0,0.0,0.14594112939249554,4,benign
870912,106666889,169570,652946,48396,181374,272054,65234,581972,0,0.2596998832981594,0.20825755070546736,999.0,122.47722961676955,0,0,0,0,0,65235,108,0,0,0,0,0,0,0,0,0,0,0,0,0,0,0,0.0,0.0,0.0,0.0,0.0,1.9999779463655611,126961,54410,3,2.333412975555964,0.1457793669165197,0.06247473912404468,0.07490309009406232,0.0,0.0,0.0,0.05556933421516755,0.31237828850676075,0.0,0.0,0.0,0.0,0.0,0.0,0.0,0.0,0.0,1.0,0.0,0.0,4724.0,0.0,5,0.0,0.0,0.0,0.0,0.1457793669165197,4,benign
865301,105909541,168334,649070,47897,180325,270267,65036,578046,0,0.25934644953548924,0.20839569121034182,999.0,122.39618468024422,0,0,0,0,0,65040,108,0,0,0,0,0,0,0,0,0,0,0,0,0,0,0,0.0,0.0,0.0,0.0,0.0,1.9999889089759657,126273,54054,3,2.336052836052836,0.14592956670568968,0.062468435839089516,0.07515997323474721,0.0,0.0,0.0,0.05535299277361288,0.3123387121937915,0.0,0.0,0.0,0.0,0.0,0.0,0.0,0.0,0.0,1.0,0.0,0.0,4724.0,0.0,5,0.0,0.0,0.0,0.0,0.14592956670568968,4,benign
860124,105378059,167265,645017,47842,179183,268724,64220,574910,0,0.2593187466376855,0.20832228841422865,999.0,122.51496179620612,0,0,0,0,0,64219,108,0,0,0,0,0,0,0,0,0,0,0,0,0,0,0,0.0,0.0,0.0,0.0,0.0,2.0000334858801208,125430,53740,3,2.3340156308150353,0.145827810873781,0.06247936344062019,0.07466365314768568,0.0,0.0,0.0,0.055622212611204896,0.3124247201566286,0.0,0.0,0.0,0.0,0.0,0.0,0.0,0.0,0.0,1.0,0.0,0.0,4724.0,0.0,5,0.0,0.0,0.0,0.0,0.145827810873781,4,benign
867328,106250150,168816,650500,48012,180693,271008,64983,579591,0,0.2595172943889316,0.20833294901121605,999.0,122.50284782688902,0,0,0,0,0,64982,108,0,0,0,0,0,0,0,0,0,0,0,0,0,0,0,0.0,0.0,0.0,0.0,0.0,1.9999889315638593,126499,54207,3,2.3336284981644435,0.14584909054014167,0.06249884703364817,0.07492321244096813,0.0,0.0,0.0,0.05535622048406139,0.31246310507674147,0.0,0.0,0.0,0.0,0.0,0.0,0.0,0.0,0.0,1.0,0.0,0.0,4724.0,0.0,5,0.0,0.0,0.0,0.0,0.14584909054014167,4,benign
854016,104629525,166220,640257,47539,177826,266915,64023,570536,0,0.25961449855292484,0.2082232651378897,999.0,122.51471283910372,0,0,0,0,0,64020,108,0,0,0,0,0,0,0,0,0,0,0,0,0,0,0,0.0,0.0,0.0,0.0,0.0,2.000089979642106,124437,53383,3,2.331022984845363,0.1457080429406475,0.0625081965677458,0.07496697954136691,0.0,0.0,0.0,0.055665233438249404,0.312540982838729,0.0,0.0,0.0,0.0,0.0,0.0,0.0,0.0,0.0,1.0,0.0,0.0,4724.0,0.0,5,0.0,0.0,0.0,0.0,0.1457080429406475,4,benign
868352,106263433,169030,651061,48261,180864,271353,65208,580047,0,0.25962237025409296,0.20828419811320756,999.0,122.3736837135171,0,0,0,0,0,65208,108,0,0,0,0,0,0,0,0,0,0,0,0,0,0,0,0.0,0.0,0.0,0.0,0.0,1.9998673124129238,126589,54263,3,2.332878757164182,0.14578074329304244,0.06248963553950472,0.07509397110849056,0.0,0.0,0.0,0.05557769199587264,0.3124919387529481,0.0,0.0,0.0,0.0,0.0,0.0,0.0,0.0,0.0,1.0,0.0,0.0,4724.0,0.0,5,0.0,0.0,0.0,0.0,0.14578074329304244,4,benign
987341,120892272,192279,740701,54361,205779,308327,74166,659873,0,0.2595905770344579,0.20841735530075223,999.0,122.44226867921012,0,0,0,0,0,73943,108,0,0,0,0,0,0,0,0,0,0,0,0,0,0,0,0.0,0.0,0.0,0.0,0.0,1.9997570503974655,144120,61673,3,2.3368410811862566,0.1459678064620025,0.06246372833701831,0.07511690489911793,0.0,0.0,0.0,0.05505797895559893,0.31228015447550544,0.0,0.0,0.0,0.0,0.0,0.0,0.0,0.0,0.0,1.0,0.0,0.0,4724.0,0.0,5,0.0,0.0,0.0,0.0,0.1459678064620025,4,benign
859648,105232116,166995,645050,47603,179170,268802,64356,574377,0,0.25888690799162856,0.20842251712328766,999.0,122.41302951905897,0,0,0,0,0,64356,108,0,0,0,0,0,0,0,0,0,0,0,0,0,0,0,0.0,0.0,0.0,0.0,0.0,2.000044651328935,125408,53749,3,2.3332155016837524,0.14588296605122097,0.06252442860333532,0.07486319982132221,0.0,0.0,0.0,0.055374990693865395,0.3126884492257296,0.0,0.0,0.0,0.0,0.0,0.0,0.0,0.0,0.0,1.0,0.0,0.0,4724.0,0.0,5,0.0,0.0,0.0,0.0,0.14588296605122097,4,benign
861101,105495183,167146,646331,47624,179528,269394,64310,575474,0,0.25860743179578266,0.20848657706819526,999.0,122.51197362446449,0,0,0,0,0,64308,108,0,0,0,0,0,0,0,0,0,0,0,0,0,0,0,0.0,0.0,0.0,0.0,0.0,1.9999777196011808,125649,53891,3,2.3315395891707333,0.14591668108619082,0.06258383162950687,0.07468345757350182,0.0,0.0,0.0,0.05530593972135673,0.31284831860606366,0.0,0.0,0.0,0.0,0.0,0.0,0.0,0.0,0.0,1.0,0.0,0.0,4724.0,0.0,5,0.0,0.0,0.0,0.0,0.14591668108619082,4,benign
927495,113562900,180373,695110,52012,193028,289967,69696,619613,0,0.2594884262922415,0.20811756397608613,999.0,122.44044442288099,0,0,0,0,0,69485,108,0,0,0,0,0,0,0,0,0,0,0,0,0,0,0,0.0,0.0,0.0,0.0,0.0,2.0000207225969557,135033,57993,3,2.3284361905747244,0.14558892500768197,0.06252648262254783,0.07514434040075688,0.0,0.0,0.0,0.056077930339247115,0.31263456945859547,0.0,0.0,0.0,0.0,0.0,0.0,0.0,0.0,0.0,1.0,0.0,0.0,4724.0,0.0,5,0.0,0.0,0.0,0.0,0.14558892500768197,4,benign
866598,106027164,168002,649944,48652,180588,270561,65043,578717,0,0.2584868850239405,0.20838727991525482,999.0,122.34872916854181,0,0,0,0,0,65047,108,0,0,0,0,0,0,0,0,0,0,0,0,0,0,0,0.0,0.0,0.0,0.0,0.0,1.9999114044607853,126471,54126,3,2.336603480767099,0.14593963983300215,0.062458025520483546,0.07505556209453518,0.0,0.0,0.0,0.056141371200948996,0.3122105059093144,0.0,0.0,0.0,0.0,0.0,0.0,0.0,0.0,0.0,1.0,0.0,0.0,4724.0,0.0,5,0.0,0.0,0.0,0.0,0.14593963983300215,4,benign
924975,113180369,179074,694515,51386,192890,289474,69301,617566,0,0.2578403634190766,0.20853536582069784,999.0,122.36046271520851,0,0,0,0,0,69366,108,0,0,0,0,0,0,0,0,0,0,0,0,0,0,0,0.0,0.0,0.0,0.0,0.0,2.000726065760813,134992,57882,3,2.3321930824781454,0.14594124165517988,0.06257682640071353,0.07492202491959242,0.0,0.0,0.0,0.055553933890105135,0.3129533230627855,0.0,0.0,0.0,0.0,0.0,0.0,0.0,0.0,0.0,1.0,0.0,0.0,4724.0,0.0,5,0.0,0.0,0.0,0.0,0.14594124165517988,4,benign
859136,105041279,166454,644454,48228,179011,268509,64403,573713,0,0.25828685988449135,0.20836165636174017,999.0,122.26385461673122,0,0,0,0,0,64396,108,0,0,0,0,0,0,0,0,0,0,0,0,0,0,0,0.0,0.0,0.0,0.0,0.0,1.9999664830683634,125312,53702,3,2.3334698893895944,0.14585816448152564,0.06250698376042908,0.07496252048569726,0.0,0.0,0.0,0.05613546632896305,0.3125337548420739,0.0,0.0,0.0,0.0,0.0,0.0,0.0,0.0,0.0,1.0,0.0,0.0,4724.0,0.0,5,0.0,0.0,0.0,0.0,0.14585816448152564,4,benign
863686,105573633,167606,647413,48667,179842,269766,65026,576500,0,0.2588857498999866,0.20822613773987306,999.0,122.23612863934346,0,0,0,0,0,65043,108,0,0,0,0,0,0,0,0,0,0,0,0,0,0,0,0.0,0.0,0.0,0.0,0.0,2.0000889709398666,125886,53951,3,2.333339511779207,0.1457543598020577,0.06246598879685441,0.07528893602536108,0.0,0.0,0.0,0.05634802462932131,0.31234268009438615,0.0,0.0,0.0,0.0,0.0,0.0,0.0,0.0,0.0,1.0,0.0,0.0,4724.0,0.0,5,0.0,0.0,0.0,0.0,0.1457543598020577,4,benign
985310,128192933,203693,739361,57971,218364,327317,78685,657795,0,0.2754987076678375,0.2216195918035948,999.0,130.10416315677298,0,0,0,0,0,78731,108,0,0,0,0,0,0,0,0,0,0,0,0,0,0,0,0.0,0.0,0.0,0.0,0.0,1.9956133135932446,152903,65466,3,2.335609323923869,0.15518263287696257,0.06644203347169926,0.07985811571992571,0.0,0.0,0.0,0.05883529041621419,0.332196973541322,0.0,0.0,0.0,0.0,0.0,0.0,0.0,0.0,0.0,1.0,0.0,0.0,4724.0,0.0,5,0.0,0.0,0.0,0.0,0.15518263287696257,4,benign
860619,105413331,167559,645788,47272,179321,269592,64570,574933,0,0.25946440627574374,0.20836281792523753,999.0,122.48547963733081,0,0,0,0,0,64553,108,0,0,0,0,0,0,0,0,0,0,0,0,0,0,0,0.0,0.0,0.0,0.0,0.0,2.0001226925436395,125399,53917,3,2.3257785114156944,0.14570791488451917,0.06264909326891459,0.07502739307405484,0.0,0.0,0.0,0.054927906541686854,0.3132536000250982,0.0,0.0,0.0,0.0,0.0,0.0,0.0,0.0,0.0,1.0,0.0,0.0,4724.0,0.0,5,0.0,0.0,0.0,0.0,0.14570791488451917,4,benign
863437,113357927,179843,647756,50915,192973,290503,69297,576771,0,0.2776400372979949,0.22349401288107876,999.0,131.28685358630682,0,0,0,0,0,64623,108,0,0,0,0,0,0,0,0,0,0,0,0,0,0,0,0.0,0.0,0.0,0.0,0.0,2.0024593225967124,134876,58103,3,2.3213259212088877,0.15620826997221568,0.06729269188139957,0.08025715831033417,0.0,0.0,0.0,0.058967822782669724,0.33644956146192484,0.0,0.0,0.0,0.0,0.0,0.0,0.0,0.0,0.0,1.0,0.0,0.0,4724.0,0.0,5,0.0,0.0,0.0,0.0,0.15620826997221568,4,benign
925665,120687709,192242,693527,54552,205537,308527,74387,618523,0,0.277194687445478,0.22204253158540077,999.0,130.37946665370302,0,0,0,0,0,74283,108,0,0,0,0,0,0,0,0,0,0,0,0,0,0,0,0.0,0.0,0.0,0.0,0.0,1.99977622105468,143827,61696,3,2.331220824688797,0.1553769452231639,0.06665046210021984,0.08036060561866334,0.0,0.0,0.0,0.05893276725381212,0.33330308480929927,0.0,0.0,0.0,0.0,0.0,0.0,0.0,0.0,0.0,1.0,0.0,0.0,4724.0,0.0,5,0.0,0.0,0.0,0.0,0.1553769452231639,4,benign
859215,105233461,167659,644533,47024,179110,268014,64531,574420,0,0.26012477250970856,0.2084577201282566,999.0,122.47628474828768,0,0,0,0,0,64525,108,0,0,0,0,0,0,0,0,0,0,0,0,0,0,0,0.0,0.0,0.0,0.0,0.0,2.0000446662870033,125509,53605,3,2.3413674097565527,0.14607403269263222,0.06238834284783203,0.07510460129304074,0.0,0.0,0.0,0.0547290259131882,0.31192891185558913,0.0,0.0,0.0,0.0,0.0,0.0,0.0,0.0,0.0,1.0,0.0,0.0,4724.0,0.0,5,0.0,0.0,0.0,0.0,0.14607403269263222,4,benign
864665,113656642,181648,648472,50282,193060,289269,69640,578251,0,0.2801169518498871,0.2232772229707459,999.0,131.44586863120398,0,0,0,0,0,69559,108,0,0,0,0,0,0,0,0,0,0,0,0,0,0,0,0.0,0.0,0.0,0.0,0.0,1.9994407448450138,135215,57858,3,2.3370147602751565,0.15637848183978767,0.06691377585538909,0.08053986225879387,0.0,0.0,0.0,0.05815200106399588,0.33454459241440326,0.0,0.0,0.0,0.0,0.0,0.0,0.0,0.0,0.0,1.0,0.0,0.0,4724.0,0.0,5,0.0,0.0,0.0,0.0,0.15637848183978767,4,benign
864246,105669177,167228,647734,49285,179925,269897,64863,576827,0,0.2581738800186496,0.20818725224068146,999.0,122.26747592699301,0,0,0,0,0,64858,108,0,0,0,0,0,0,0,0,0,0,0,0,0,0,0,0.0,0.0,0.0,0.0,0.0,2.0001445150962693,125936,53979,3,2.3330554474888383,0.14571777017191864,0.06245791128914684,0.07505154782318924,0.0,0.0,0.0,0.05702658733740162,0.3122918706016574,0.0,0.0,0.0,0.0,0.0,0.0,0.0,0.0,0.0,1.0,0.0,0.0,4724.0,0.0,5,0.0,0.0,0.0,0.0,0.14571777017191864,4,benign
840091,102812797,162587,630522,46982,175203,262460,62762,561252,0,0.2578609469614066,0.2085524068225942,999.0,122.38292875414687,0,0,0,0,0,62766,108,0,0,0,0,0,0,0,0,0,0,0,0,0,0,0,0.0,0.0,0.0,0.0,0.0,1.9999885847355083,122707,52489,3,2.3377660081159863,0.14606393831144482,0.06248013608049604,0.07470857323789923,0.0,0.0,0.0,0.05592489385078521,0.3124185356110231,0.0,0.0,0.0,0.0,0.0,0.0,0.0,0.0,0.0,1.0,0.0,0.0,4724.0,0.0,5,0.0,0.0,0.0,0.0,0.14606393831144482,4,benign
921607,112845249,179591,690443,51573,191711,287855,69306,615964,0,0.26010981355448604,0.20801816826478098,999.0,122.44400161891132,0,0,0,0,0,69032,108,0,0,0,0,0,0,0,0,0,0,0,0,0,0,0,0.0,0.0,0.0,0.0,0.0,2.0006574553347805,134145,57574,3,2.3299579671379442,0.14555553505995505,0.062471313694448936,0.07520125172660364,0.0,0.0,0.0,0.05595986141598317,0.31234029255420154,0.0,0.0,0.0,0.0,0.0,0.0,0.0,0.0,0.0,1.0,0.0,0.0,4724.0,0.0,5,0.0,0.0,0.0,0.0,0.14555553505995505,4,benign
865481,121184451,192658,649414,54390,206399,308968,74191,578358,0,0.29666437742333857,0.23847894985562942,999.0,140.01977050911574,0,0,0,0,0,69617,108,0,0,0,0,0,0,0,0,0,0,0,0,0,0,0,0.0,0.0,0.0,0.0,0.0,2.0009015733909825,144617,61790,3,2.3404596212979447,0.16709436717848225,0.07139382609208059,0.08572227466576389,0.0,0.0,0.0,0.06284366727865777,0.35698992814400315,0.0,0.0,0.0,0.0,0.0,0.0,0.0,0.0,0.0,1.0,0.0,0.0,4724.0,0.0,5,0.0,0.0,0.0,0.0,0.16709436717848225,4,benign
1045736,112892578,180241,783810,50803,191988,287996,69258,698441,0,0.22995496357535627,0.18359126968948186,999.0,107.95514164186754,0,0,0,0,0,69293,108,0,0,0,0,0,0,0,0,0,0,0,0,0,0,0,0.0,0.0,0.0,0.0,0.0,1.9980018732438338,134381,57600,3,2.3330034722222224,0.1285037523810981,0.0550808234583107,0.06622895262284172,0.0,0.0,0.0,0.048581095037370806,0.2754002922343689,0.0,0.0,0.0,0.0,0.0,0.0,0.0,0.0,0.0,1.0,0.0,0.0,4724.0,0.0,5,0.0,0.0,0.0,0.0,0.1285037523810981,4,benign
921305,113034202,180249,690173,51545,191783,288213,69228,615504,0,0.2611649542940683,0.20816450578255843,999.0,122.6892310364103,0,0,0,0,0,64669,108,0,0,0,0,0,0,0,0,0,0,0,0,0,0,0,0.0,0.0,0.0,0.0,0.0,1.999781026464516,134140,57633,3,2.3274859889299533,0.14559782048290196,0.06255583113084158,0.07514123987170372,0.0,0.0,0.0,0.05594781315633802,0.31283125566451936,0.0,0.0,0.0,0.0,0.0,0.0,0.0,0.0,0.0,1.0,0.0,0.0,4724.0,0.0,5,0.0,0.0,0.0,0.0,0.14559782048290196,4,benign
862208,105494904,166847,647015,48346,179732,269505,64489,575886,0,0.2578719195072757,0.20845550029691212,999.0,122.35435532957244,0,0,0,0,0,64498,108,0,0,0,0,0,0,0,0,0,0,0,0,0,0,0,0.0,0.0,0.0,0.0,0.0,2.0001780587148614,125830,53907,3,2.334205205260912,0.14593926291567696,0.06252203644596199,0.07479517703384798,0.0,0.0,0.0,0.056072316656769594,0.31257538784144895,0.0,0.0,0.0,0.0,0.0,0.0,0.0,0.0,0.0,1.0,0.0,0.0,4724.0,0.0,5,0.0,0.0,0.0,0.0,0.14593926291567696,4,benign
868223,106233287,167961,651630,48633,181001,271658,64933,579826,0,0.2577551678099535,0.2084729384040736,999.0,122.3571444202699,0,0,0,0,0,64921,108,0,0,0,0,0,0,0,0,0,0,0,0,0,0,0,0.0,0.0,0.0,0.0,0.0,1.9999226553522496,126667,54327,3,2.331566256189372,0.14589224197009293,0.06257263398919402,0.0747883896187961,0.0,0.0,0.0,0.056014411044167225,0.3128896608359834,0.0,0.0,0.0,0.0,0.0,0.0,0.0,0.0,0.0,1.0,0.0,0.0,4724.0,0.0,5,0.0,0.0,0.0,0.0,0.14589224197009293,4,benign
985319,120491683,201552,739641,59358,218411,308253,73386,657861,0,0.27249976677874804,0.2216652677965207,999.0,122.28697812586583,0,0,0,0,0,73533,108,0,0,0,0,0,0,0,0,0,0,0,0,0,0,0,0.0,0.0,0.0,0.0,0.0,1.9994232723344654,143741,61653,3,2.3314518352716007,0.14588270397708764,0.06257161386312453,0.07447943254925563,0.0,0.0,0.0,0.06024241895264376,0.3128458905187051,0.0,0.0,0.0,0.0,0.0,0.0,0.0,0.0,0.0,1.0,0.0,0.0,4724.0,0.0,5,0.0,0.0,0.0,0.0,0.14588270397708764,4,benign
928476,113537987,179866,695947,52663,193492,289623,69545,619602,0,0.25844784157414286,0.20839741684222318,999.0,122.28424536552372,0,0,0,0,0,69665,108,0,0,0,0,0,0,0,0,0,0,0,0,0,0,0,0.0,0.0,0.0,0.0,0.0,1.9979348656630114,135557,57914,3,2.3406602893946196,0.1459994657912536,0.062375333341949606,0.07490231303770911,0.0,0.0,0.0,0.05671982905320116,0.3119337494991793,0.0,0.0,0.0,0.0,0.0,0.0,0.0,0.0,0.0,1.0,0.0,0.0,4724.0,0.0,5,0.0,0.0,0.0,0.0,0.1459994657912536,4,benign
867706,113714438,180714,650775,51921,193464,290014,69760,579659,0,0.27769044600668435,0.2229603114418939,999.0,131.05180556547955,0,0,0,0,0,69728,108,0,0,0,0,0,0,0,0,0,0,0,0,0,0,0,0.0,0.0,0.0,0.0,0.0,2.001199908972423,135464,58002,3,2.3355056722181993,0.15611739460139726,0.06684522176866357,0.0803958944619491,0.0,0.0,0.0,0.05983708767716254,0.3342307186996517,0.0,0.0,0.0,0.0,0.0,0.0,0.0,0.0,0.0,1.0,0.0,0.0,4724.0,0.0,5,0.0,0.0,0.0,0.0,0.15611739460139726,4,benign
866816,106147301,168567,650487,47762,180675,270952,64948,579250,0,0.25913969072402676,0.2084352388511518,999.0,122.45655479363556,0,0,0,0,0,64949,108,0,0,0,0,0,0,0,0,0,0,0,0,0,0,0,0.0,0.0,0.0,0.0,0.0,1.9999889304611569,126495,54202,3,2.3337699715877642,0.14593062426166567,0.06252999483165977,0.07492708948611931,0.0,0.0,0.0,0.05510050575900768,0.31258306261075014,0.0,0.0,0.0,0.0,0.0,0.0,0.0,0.0,0.0,1.0,0.0,0.0,4724.0,0.0,5,0.0,0.0,0.0,0.0,0.14593062426166567,4,benign
858624,105132751,167031,643686,47907,178801,268247,64365,573596,0,0.25949142905081046,0.2082413256559332,999.0,122.44329415436792,0,0,0,0,0,64372,108,0,0,0,0,0,0,0,0,0,0,0,0,0,0,0,0.0,0.0,0.0,0.0,0.0,1.9999217037269026,125149,53644,3,2.3329542912534484,0.14575530150566487,0.06247670691711389,0.07496296399821109,0.0,0.0,0.0,0.05579508609123435,0.3124149802474657,0.0,0.0,0.0,0.0,0.0,0.0,0.0,0.0,0.0,1.0,0.0,0.0,4724.0,0.0,5,0.0,0.0,0.0,0.0,0.14575530150566487,4,benign
861542,105512517,167450,646634,47458,179658,269327,64515,575745,0,0.25895638027075596,0.208530750677274,999.0,122.46938280432063,0,0,0,0,0,64509,108,0,0,0,0,0,0,0,0,0,0,0,0,0,0,0,0.0,0.0,0.0,0.0,0.0,1.9999109458662185,125785,53870,3,2.3349730833488027,0.14599984678634356,0.0625274217623749,0.07488317458696152,0.0,0.0,0.0,0.05508495232966008,0.3126104124929487,0.0,0.0,0.0,0.0,0.0,0.0,0.0,0.0,0.0,1.0,0.0,0.0,4724.0,0.0,5,0.0,0.0,0.0,0.0,0.14599984678634356,4,benign
924116,105746027,168164,692770,47701,179966,269756,64840,617601,0,0.24274145820402154,0.19474394989373628,999.0,114.42938657051712,0,0,0,0,0,64842,108,0,0,0,0,0,0,0,0,0,0,0,0,0,0,0,0.0,0.0,0.0,0.0,0.0,2.0002445205174944,126007,53945,3,2.3358420613587914,0.13635409407476984,0.05837470620571444,0.07016435166147973,0.0,0.0,0.0,0.05161797869531531,0.2919070766007731,0.0,0.0,0.0,0.0,0.0,0.0,0.0,0.0,0.0,1.0,0.0,0.0,4724.0,0.0,5,0.0,0.0,0.0,0.0,0.13635409407476984,4,benign
980034,120121643,190597,734800,55102,204144,306642,73514,654656,0,0.2593862275449102,0.20830297724364666,999.0,122.56885271327322,0,0,0,0,0,73492,108,0,0,0,0,0,0,0,0,0,0,0,0,0,0,0,0.0,0.0,0.0,0.0,0.0,2.001627626508741,142823,61322,3,2.3290662405009623,0.1457326990696241,0.06257129854678511,0.07501168326813151,0.0,0.0,0.0,0.05622457996355228,0.31288914466232803,0.0,0.0,0.0,0.0,0.0,0.0,0.0,0.0,0.0,1.0,0.0,0.0,4724.0,0.0,5,0.0,0.0,0.0,0.0,0.1457326990696241,4,benign
926000,105901999,168780,693869,48192,180076,270149,65064,618822,0,0.2432447623398653,0.19446652267818573,999.0,114.36500971922246,0,0,0,0,0,65063,108,0,0,0,0,0,0,0,0,0,0,0,0,0,0,0,0.0,0.0,0.0,0.0,0.0,1.9999333636898746,126055,54040,3,2.3326239822353814,0.13612850971922247,0.0583585313174946,0.07026349892008639,0.0,0.0,0.0,0.05204319654427646,0.29173758099352054,0.0,0.0,0.0,0.0,0.0,0.0,0.0,0.0,0.0,1.0,0.0,0.0,4724.0,0.0,5,0.0,0.0,0.0,0.0,0.13612850971922247,4,benign
1113825,113407208,180362,834991,51059,192884,289408,69318,743754,0,0.21600472340420435,0.1731726258613337,999.0,101.81779723026507,0,0,0,0,0,74074,108,0,0,0,0,0,0,0,0,0,0,0,0,0,0,0,0.0,0.0,0.0,0.0,0.0,1.9984251642180733,134997,57879,3,2.3324003524594414,0.12120126590801966,0.05196417749646488,0.062234192983637464,0.0,0.0,0.0,0.045841133032567954,0.2598325589747043,0.0,0.0,0.0,0.0,0.0,0.0,0.0,0.0,0.0,1.0,0.0,0.0,4724.0,0.0,5,0.0,0.0,0.0,0.0,0.12120126590801966,4,benign
985259,105435026,166943,739819,47783,179488,269189,64284,658647,0,0.2256538423587391,0.18217341836004544,999.0,107.01249722154276,0,0,0,0,0,64290,108,0,0,0,0,0,0,0,0,0,0,0,0,0,0,0,0.0,0.0,0.0,0.0,0.0,1.999866295264624,125663,53845,3,2.3337914383879657,0.12754311302916288,0.05465060456184617,0.06524578816331543,0.0,0.0,0.0,0.048497907656768424,0.2732164841934963,0.0,0.0,0.0,0.0,0.0,0.0,0.0,0.0,0.0,1.0,0.0,0.0,4724.0,0.0,5,0.0,0.0,0.0,0.0,0.12754311302916288,4,benign
923720,113458815,180348,692579,50629,193107,289297,69569,616993,0,0.26040061855759417,0.2090536093188412,999.0,122.82814597497077,0,0,0,0,0,69454,108,0,0,0,0,0,0,0,0,0,0,0,0,0,0,0,0.0,0.0,0.0,0.0,0.0,1.999244228180971,135242,57852,3,2.33772384705801,0.14641016758325034,0.06262936820681592,0.07531394794959512,0.0,0.0,0.0,0.05480989910362447,0.3131868964621314,0.0,0.0,0.0,0.0,0.0,0.0,0.0,0.0,0.0,1.0,0.0,0.0,4724.0,0.0,5,0.0,0.0,0.0,0.0,0.14641016758325034,4,benign
869376,106444264,169467,651802,48107,181001,271940,65429,580620,0,0.25999766800347346,0.2081964535482921,999.0,122.43754601001177,0,0,0,0,0,65412,108,0,0,0,0,0,0,0,0,0,0,0,0,0,0,0,0.0,0.0,0.0,0.0,0.0,1.9999668515612914,126613,54387,3,2.328001176751797,0.14563664053297998,0.06255866276501766,0.07525972651648999,0.0,0.0,0.0,0.05533509091578327,0.31279906507656063,0.0,0.0,0.0,0.0,0.0,0.0,0.0,0.0,0.0,1.0,0.0,0.0,4724.0,0.0,5,0.0,0.0,0.0,0.0,0.14563664053297998,4,benign
860396,105305867,166828,645768,47800,179319,269485,64546,574464,0,0.25834045663458083,0.2084144975104487,999.0,122.39232516190219,0,0,0,0,0,64566,108,0,0,0,0,0,0,0,0,0,0,0,0,0,0,0,0.0,0.0,0.0,0.0,0.0,2.0000111533699907,125426,53896,3,2.327185690960368,0.1457770607952617,0.06264092348174562,0.07501894476496869,0.0,0.0,0.0,0.0555558138345599,0.3132104286863258,0.0,0.0,0.0,0.0,0.0,0.0,0.0,0.0,0.0,1.0,0.0,0.0,4724.0,0.0,5,0.0,0.0,0.0,0.0,0.1457770607952617,4,benign
924114,113073855,179346,692938,51830,192513,288362,69455,616908,0,0.2588196923822911,0.20832170056941027,999.0,122.3592056824158,0,0,0,0,0,69423,108,0,0,0,0,0,0,0,0,0,0,0,0,0,0,0,0.0,0.0,0.0,0.0,0.0,1.9995949146204661,134839,57669,3,2.3381539475281348,0.14591165159276887,0.062404638388770216,0.07515847611874725,0.0,0.0,0.0,0.05608615387279059,0.31204158794261316,0.0,0.0,0.0,0.0,0.0,0.0,0.0,0.0,0.0,1.0,0.0,0.0,4724.0,0.0,5,0.0,0.0,0.0,0.0,0.14591165159276887,4,benign
865284,105822976,166971,649717,48596,180448,270992,64608,577753,0,0.2569903511836692,0.20854193536457394,999.0,122.29854706662783,0,0,0,0,0,64618,108,0,0,0,0,0,0,0,0,0,0,0,0,0,0,0,0.0,0.0,0.0,0.0,0.0,1.999867006538845,126246,54203,3,2.3291330738151026,0.14590123011635486,0.06264186093814285,0.07466681459497691,0.0,0.0,0.0,0.05616190753556058,0.31318272382246753,0.0,0.0,0.0,0.0,0.0,0.0,0.0,0.0,0.0,1.0,0.0,0.0,4724.0,0.0,5,0.0,0.0,0.0,0.0,0.14590123011635486,4,benign
926546,105926891,167252,695525,49010,180591,270737,64790,618358,0,0.24046871068617232,0.19490775417518397,999.0,114.32448146125503,0,0,0,0,0,64780,108,0,0,0,0,0,0,0,0,0,0,0,0,0,0,0,0.0,0.0,0.0,0.0,0.0,2.00003322479899,126438,54155,3,2.3347428676945805,0.13646165435930865,0.05844825837033456,0.06992637170739499,0.0,0.0,0.0,0.05289537702391463,0.29220027931694703,0.0,0.0,0.0,0.0,0.0,0.0,0.0,0.0,0.0,1.0,0.0,0.0,4724.0,0.0,5,0.0,0.0,0.0,0.0,0.13646165435930865,4,benign
863060,105631411,167727,646957,48376,179684,269713,64786,576334,0,0.25925525189463905,0.20819410006256808,999.0,122.39173522118972,0,0,0,0,0,64791,108,0,0,0,0,0,0,0,0,0,0,0,0,0,0,0,0.0,0.0,0.0,0.0,0.0,2.0000445235975066,125743,53930,3,2.3315965139996293,0.1456943897295669,0.062486964985053184,0.07506546474173291,0.0,0.0,0.0,0.05605172293930897,0.31250782100896807,0.0,0.0,0.0,0.0,0.0,0.0,0.0,0.0,0.0,1.0,0.0,0.0,4724.0,0.0,5,0.0,0.0,0.0,0.0,0.1456943897295669,4,benign
988688,128783200,204621,741615,58233,219148,328831,78846,660301,0,0.2759127040310673,0.22165536549447348,999.0,130.25666337611057,0,0,0,0,0,78889,108,0,0,0,0,0,0,0,0,0,0,0,0,0,0,0,0.0,0.0,0.0,0.0,0.0,1.9967017447952258,153388,65771,3,2.3321524684131303,0.15514297735989513,0.0665235139902578,0.07974811062741735,0.0,0.0,0.0,0.05889926852556115,0.33259329535707927,0.0,0.0,0.0,0.0,0.0,0.0,0.0,0.0,0.0,1.0,0.0,0.0,4724.0,0.0,5,0.0,0.0,0.0,0.0,0.15514297735989513,4,benign
863232,105667976,167596,647703,47933,179877,270194,64749,576485,0,0.2587543982349935,0.20837619550711745,999.0,122.40970677639383,0,0,0,0,0,64748,108,0,0,0,0,0,0,0,0,0,0,0,0,0,0,0,0.0,0.0,0.0,0.0,0.0,2.000100073387151,125836,54042,3,2.328485252211243,0.14577309460260973,0.062604259341637,0.07500764568505339,0.0,0.0,0.0,0.055527366918742584,0.31300276171411623,0.0,0.0,0.0,0.0,0.0,0.0,0.0,0.0,0.0,1.0,0.0,0.0,4724.0,0.0,5,0.0,0.0,0.0,0.0,0.14577309460260973,4,benign
868352,106264375,168577,651399,48376,180950,271423,65033,580106,0,0.25879223026132986,0.2083832362912736,999.0,122.37476852704894,0,0,0,0,0,65026,108,0,0,0,0,0,0,0,0,0,0,0,0,0,0,0,0.0,0.0,0.0,0.0,0.0,2.0000884261254988,126662,54282,3,2.3334070225857557,0.1458648105837264,0.06251151606721699,0.0748924399321934,0.0,0.0,0.0,0.055710126768867926,0.312572551223467,0.0,0.0,0.0,0.0,0.0,0.0,0.0,0.0,0.0,1.0,0.0,0.0,4724.0,0.0,5,0.0,0.0,0.0,0.0,0.1458648105837264,4,benign
861184,105508649,167968,645829,47387,179423,268891,64478,575746,0,0.2600812289321167,0.20834455818965517,999.0,122.51580266238109,0,0,0,0,0,64481,108,0,0,0,0,0,0,0,0,0,0,0,0,0,0,0,0.0,0.0,0.0,0.0,0.0,1.9999888532191903,125640,53777,3,2.3363147814121277,0.14589216706302022,0.0624454239744352,0.07487133992271106,0.0,0.0,0.0,0.055025406881688464,0.3122340870243757,0.0,0.0,0.0,0.0,0.0,0.0,0.0,0.0,0.0,1.0,0.0,0.0,4724.0,0.0,5,0.0,0.0,0.0,0.0,0.14589216706302022,4,benign
932777,121732322,194246,699575,53900,206996,309976,74325,623874,0,0.27766286674052104,0.22191370499058188,999.0,130.50527832483004,0,0,0,0,0,74463,108,0,0,0,0,0,0,0,0,0,0,0,0,0,0,0,0.0,0.0,0.0,0.0,0.0,1.9988605309153413,144992,61996,3,2.33873153106652,0.15544122550191525,0.06646390294786428,0.07968142439189646,0.0,0.0,0.0,0.05778444365587917,0.3323152264689202,0.0,0.0,0.0,0.0,0.0,0.0,0.0,0.0,0.0,1.0,0.0,0.0,4724.0,0.0,5,0.0,0.0,0.0,0.0,0.15544122550191525,4,benign
988991,128372315,203698,741758,58767,218724,327815,78839,660246,0,0.27461517098568533,0.2211587365304639,999.0,129.80129748400137,0,0,0,0,0,79128,108,0,0,0,0,0,0,0,0,0,0,0,0,0,0,0,0.0,0.0,0.0,0.0,0.0,2.0009514225596927,153181,65569,3,2.3361802071100675,0.15488614153212718,0.06629888441856398,0.0797166000499499,0.0,0.0,0.0,0.05942116763448808,0.33146408814640377,0.0,0.0,0.0,0.0,0.0,0.0,0.0,0.0,0.0,1.0,0.0,0.0,4724.0,0.0,5,0.0,0.0,0.0,0.0,0.15488614153212718,4,benign
862943,105631082,168100,646551,48292,179622,269299,64825,576465,0,0.25999495786101945,0.20815048039094122,999.0,122.40794814953016,0,0,0,0,0,64826,108,0,0,0,0,0,0,0,0,0,0,0,0,0,0,0,0.0,0.0,0.0,0.0,0.0,2.000022269235052,125758,53864,3,2.3347319174216548,0.1457315257207023,0.06241895467023894,0.07512083648630327,0.0,0.0,0.0,0.05596198126643359,0.3120704380242959,0.0,0.0,0.0,0.0,0.0,0.0,0.0,0.0,0.0,1.0,0.0,0.0,4724.0,0.0,5,0.0,0.0,0.0,0.0,0.1457315257207023,4,benign
866878,106191347,168612,650287,47979,180661,270842,64793,579455,0,0.25928859103749574,0.20840418144190995,999.0,122.49860649364732,0,0,0,0,0,64788,108,0,0,0,0,0,0,0,0,0,0,0,0,0,0,0,0.0,0.0,0.0,0.0,0.0,2.0001660706575293,126488,54149,3,2.335924947829138,0.14591211220033268,0.06246438368490145,0.07474292807061662,0.0,0.0,0.0,0.0553468884894991,0.3124338142160719,0.0,0.0,0.0,0.0,0.0,0.0,0.0,0.0,0.0,1.0,0.0,0.0,4724.0,0.0,5,0.0,0.0,0.0,0.0,0.14591211220033268,4,benign
861007,112952833,179766,645711,51298,192179,288316,69261,575283,0,0.27840008920399373,0.2232025988174312,999.0,131.18689278948952,0,0,0,0,0,69112,108,0,0,0,0,0,0,0,0,0,0,0,0,0,0,0,0.0,0.0,0.0,0.0,0.0,1.999157391032976,134513,57684,3,2.3318944594688302,0.15622753357405922,0.06699597099675147,0.08044185471198259,0.0,0.0,0.0,0.059579074270011745,0.3348590661864538,0.0,0.0,0.0,0.0,0.0,0.0,0.0,0.0,0.0,1.0,0.0,0.0,4724.0,0.0,5,0.0,0.0,0.0,0.0,0.15622753357405922,4,benign
1051222,121089925,192461,787942,55259,205914,308948,74149,703059,0,0.24425782608364574,0.19588060371643667,999.0,115.18967924948298,0,0,0,0,0,74054,108,0,0,0,0,0,0,0,0,0,0,0,0,0,0,0,0.0,0.0,0.0,0.0,0.0,2.0022364403648316,144118,61782,3,2.3326858955682885,0.13709568483155793,0.05877160105096735,0.07053600476397945,0.0,0.0,0.0,0.05256644172211008,0.29389415366116767,0.0,0.0,0.0,0.0,0.0,0.0,0.0,0.0,0.0,1.0,0.0,0.0,4724.0,0.0,5,0.0,0.0,0.0,0.0,0.13709568483155793,4,benign
867840,106258412,168834,650879,48127,180807,271181,65050,579823,0,0.2593938351060643,0.20834139933628318,999.0,122.44009494837758,0,0,0,0,0,65068,108,0,0,0,0,0,0,0,0,0,0,0,0,0,0,0,0.0,0.0,0.0,0.0,0.0,1.999944693936243,126569,54234,3,2.333757421543681,0.14584370390855458,0.06249308628318584,0.07495621312684365,0.0,0.0,0.0,0.05545607485250737,0.31247810656342184,0.0,0.0,0.0,0.0,0.0,0.0,0.0,0.0,0.0,1.0,0.0,0.0,4724.0,0.0,5,0.0,0.0,0.0,0.0,0.14584370390855458,4,benign
861700,105310828,166128,646526,49046,179653,268904,64555,575256,0,0.25695486337749757,0.20848671231286992,999.0,122.21286758732738,0,0,0,0,0,64539,108,0,0,0,0,0,0,0,0,0,0,0,0,0,0,0,0.0,0.0,0.0,0.0,0.0,2.0000556644104024,125868,53783,3,2.3402934012606216,0.14606939770221655,0.06241499361726819,0.07491586398978763,0.0,0.0,0.0,0.056917720784495765,0.31206220262272255,0.0,0.0,0.0,0.0,0.0,0.0,0.0,0.0,0.0,1.0,0.0,0.0,4724.0,0.0,5,0.0,0.0,0.0,0.0,0.14606939770221655,4,benign
984548,128046637,201966,739505,59312,218386,326457,78084,658002,0,0.27310971528252004,0.22181346160877885,999.0,130.05626642885872,0,0,0,0,0,78001,108,0,0,0,0,0,0,0,0,0,0,0,0,0,0,0,0.0,0.0,0.0,0.0,0.0,1.9991944121497296,153098,65292,3,2.3448201923665994,0.15550079833588612,0.0663167260509391,0.07930949024323852,0.0,0.0,0.0,0.06024287287161215,0.3315805831711608,0.0,0.0,0.0,0.0,0.0,0.0,0.0,0.0,0.0,1.0,0.0,0.0,4724.0,0.0,5,0.0,0.0,0.0,0.0,0.15550079833588612,4,benign
858281,104877298,166267,643234,48780,178685,268062,64607,572730,0,0.2584860253033888,0.20818939251830113,999.0,122.19459361211538,0,0,0,0,0,64608,108,0,0,0,0,0,0,0,0,0,0,0,0,0,0,0,0.0,0.0,0.0,0.0,0.0,2.000100741006067,125068,53616,3,2.3326618919725455,0.14571917588761724,0.06246905151110184,0.07527488083739474,0.0,0.0,0.0,0.05683453321231625,0.31232428540303236,0.0,0.0,0.0,0.0,0.0,0.0,0.0,0.0,0.0,1.0,0.0,0.0,4724.0,0.0,5,0.0,0.0,0.0,0.0,0.14571917588761724,4,benign
1060182,137247103,218673,794964,61822,233674,350458,84665,708399,0,0.2750728334867994,0.2204093259459225,999.0,129.4561716761839,0,0,0,0,0,84504,108,0,0,0,0,0,0,0,0,0,0,0,0,0,0,0,0.0,0.0,0.0,0.0,0.0,1.9994523783039129,163579,70100,3,2.333509272467903,0.1542933194489248,0.06612072266837203,0.07985892988185048,0.0,0.0,0.0,0.05831262934099994,0.33056399750231563,0.0,0.0,0.0,0.0,0.0,0.0,0.0,0.0,0.0,1.0,0.0,0.0,4724.0,0.0,5,0.0,0.0,0.0,0.0,0.1542933194489248,4,benign
861696,105484610,167398,646713,47585,179632,269567,64605,575668,0,0.2588443405343638,0.20846330956625075,999.0,122.41510927287581,0,0,0,0,0,64596,108,0,0,0,0,0,0,0,0,0,0,0,0,0,0,0,0.0,0.0,0.0,0.0,0.0,1.999933198989078,125720,53900,3,2.3324675324675326,0.14589832144979203,0.06255106209150327,0.07497423685383245,0.0,0.0,0.0,0.05522249145870469,0.31283306409685085,0.0,0.0,0.0,0.0,0.0,0.0,0.0,0.0,0.0,1.0,0.0,0.0,4724.0,0.0,5,0.0,0.0,0.0,0.0,0.14589832144979203,4,benign
860651,112820074,179249,645259,51179,191906,287679,69069,575037,0,0.27779387811715917,0.22297772267736865,999.0,131.0869028212365,0,0,0,0,0,64600,108,0,0,0,0,0,0,0,0,0,0,0,0,0,0,0,0.0,0.0,0.0,0.0,0.0,1.9985212030325752,134370,57539,3,2.335285632353708,0.15612600229361262,0.06685520611722987,0.08025204176838231,0.0,0.0,0.0,0.059465451152673966,0.33425744000762214,0.0,0.0,0.0,0.0,0.0,0.0,0.0,0.0,0.0,1.0,0.0,0.0,4724.0,0.0,5,0.0,0.0,0.0,0.0,0.15612600229361262,4,benign
925214,113234242,180190,693865,51159,192694,289611,69623,617863,0,0.2596902855742832,0.20826965437185344,999.0,122.38708233986948,0,0,0,0,0,69655,108,0,0,0,0,0,0,0,0,0,0,0,0,0,0,0,0.0,0.0,0.0,0.0,0.0,2.0000830366503015,134773,57915,3,2.3270827937494603,0.1456668403201854,0.06259632906549188,0.07525069875726048,0.0,0.0,0.0,0.05529423463112318,0.3130205552445164,0.0,0.0,0.0,0.0,0.0,0.0,0.0,0.0,0.0,1.0,0.0,0.0,4724.0,0.0,5,0.0,0.0,0.0,0.0,0.1456668403201854,4,benign
1051123,136161260,216716,787773,62132,231614,348169,83586,702982,0,0.27509955278995346,0.2203490933030673,999.0,129.53884559656672,0,0,0,0,0,83514,108,0,0,0,0,0,0,0,0,0,0,0,0,0,0,0,0.0,0.0,0.0,0.0,0.0,2.0022822563215907,161973,69635,3,2.326028577583112,0.15409519152373224,0.06624819359865591,0.07952066504110365,0.0,0.0,0.0,0.05911011365939096,0.33123525981260044,0.0,0.0,0.0,0.0,0.0,0.0,0.0,0.0,0.0,1.0,0.0,0.0,4724.0,0.0,5,0.0,0.0,0.0,0.0,0.15409519152373224,4,benign
863475,113204473,192276,647598,53788,205734,289522,69507,576864,0,0.2969064141643427,0.23826283331885695,999.0,131.10335910130578,0,0,0,0,0,69419,108,0,0,0,0,0,0,0,0,0,0,0,0,0,0,0,0.0,0.0,0.0,0.0,0.0,2.000914219023536,134792,57904,3,2.327852998065764,0.1561041141897565,0.067059266336605,0.08049682967080692,0.0,0.0,0.0,0.062292480963548454,0.33529864790526653,0.0,0.0,0.0,0.0,0.0,0.0,0.0,0.0,0.0,1.0,0.0,0.0,4724.0,0.0,5,0.0,0.0,0.0,0.0,0.1561041141897565,4,benign
864768,105859532,168138,648654,47976,180236,269978,64689,577993,0,0.259210611512455,0.20842121817643577,999.0,122.41379421995263,0,0,0,0,0,64684,108,0,0,0,0,0,0,0,0,0,0,0,0,0,0,0,0.0,0.0,0.0,0.0,0.0,1.9999556147359077,126236,53992,3,2.3380500814935545,0.14597672439313203,0.06243524274718768,0.07480503441385435,0.0,0.0,0.0,0.05547846358792185,0.31219702856719955,0.0,0.0,0.0,0.0,0.0,0.0,0.0,0.0,0.0,1.0,0.0,0.0,4724.0,0.0,5,0.0,0.0,0.0,0.0,0.14597672439313203,4,benign
863332,105656461,167578,647943,47811,179890,270576,64769,576500,0,0.2586307746206071,0.20836711716929293,999.0,122.38219016554466,0,0,0,0,0,64767,108,0,0,0,0,0,0,0,0,0,0,0,0,0,0,0,0.0,0.0,0.0,0.0,0.0,2.000155662789922,125777,54117,3,2.3241680063565977,0.14568786978821588,0.06268388059286578,0.07502212358629125,0.0,0.0,0.0,0.05537962220791075,0.3134089782378042,0.0,0.0,0.0,0.0,0.0,0.0,0.0,0.0,0.0,1.0,0.0,0.0,4724.0,0.0,5,0.0,0.0,0.0,0.0,0.14568786978821588,4,benign
1088148,125696344,200151,815558,57187,213816,321486,77329,726840,0,0.24541602191383077,0.1964953296794186,999.0,115.51401463771472,0,0,0,0,0,77248,108,0,0,0,0,0,0,0,0,0,0,0,0,0,0,0,0.0,0.0,0.0,0.0,0.0,2.0013665933448777,149524,64295,3,2.325592969904347,0.13741145505942207,0.05908663159790764,0.07106478162896959,0.0,0.0,0.0,0.052554431933891345,0.29544326690854555,0.0,0.0,0.0,0.0,0.0,0.0,0.0,0.0,0.0,1.0,0.0,0.0,4724.0,0.0,5,0.0,0.0,0.0,0.0,0.13741145505942207,4,benign
922197,112825689,179490,691934,50773,192169,288408,69316,616371,0,0.25940335349903315,0.2083817232109842,999.0,122.34445460134873,0,0,0,0,0,69253,108,0,0,0,0,0,0,0,0,0,0,0,0,0,0,0,0.0,0.0,0.0,0.0,0.0,2.0023861623423986,134477,57685,3,2.3312299557944005,0.14582242189033362,0.0625517107516073,0.07516398340050987,0.0,0.0,0.0,0.05505656600487748,0.31274011951893144,0.0,0.0,0.0,0.0,0.0,0.0,0.0,0.0,0.0,1.0,0.0,0.0,4724.0,0.0,5,0.0,0.0,0.0,0.0,0.14582242189033362,4,benign
865555,113470317,180500,648823,51386,192886,289461,69481,578319,0,0.2781960565516327,0.22284661286688887,999.0,131.09544396369958,0,0,0,0,0,69479,108,0,0,0,0,0,0,0,0,0,0,0,0,0,0,0,0.0,0.0,0.0,0.0,0.0,1.9996682528328098,135000,57886,3,2.332170127491967,0.1559692913795195,0.06687732148736937,0.08027335062474367,0.0,0.0,0.0,0.05936768893946658,0.33442242260745997,0.0,0.0,0.0,0.0,0.0,0.0,0.0,0.0,0.0,1.0,0.0,0.0,4724.0,0.0,5,0.0,0.0,0.0,0.0,0.1559692913795195,4,benign
932549,121852087,193341,699761,55305,207178,310800,74617,622765,0,0.276295763839368,0.22216312494035165,999.0,130.66561328144687,0,0,0,0,0,74478,108,0,0,0,0,0,0,0,0,0,0,0,0,0,0,0,0.0,0.0,0.0,0.0,0.0,1.9986686989909124,145018,62174,3,2.3324540804838034,0.15550711008215118,0.06667102747415954,0.0800140260726246,0.0,0.0,0.0,0.059305194686820745,0.3332800742910024,0.0,0.0,0.0,0.0,0.0,0.0,0.0,0.0,0.0,1.0,0.0,0.0,4724.0,0.0,5,0.0,0.0,0.0,0.0,0.15550711008215118,4,benign
1111171,128708435,203634,833358,59045,219135,328564,78843,742153,0,0.2443535671344128,0.197210870334089,999.0,115.83134819033255,0,0,0,0,0,78736,108,0,0,0,0,0,0,0,0,0,0,0,0,0,0,0,0.0,0.0,0.0,0.0,0.0,2.000027380756804,153423,65716,3,2.334636922515065,0.13807325785140181,0.05914121228865764,0.07095487553220882,0.0,0.0,0.0,0.05313763588142599,0.29569166221940635,0.0,0.0,0.0,0.0,0.0,0.0,0.0,0.0,0.0,1.0,0.0,0.0,4724.0,0.0,5,0.0,0.0,0.0,0.0,0.13807325785140181,4,benign
862253,105479381,166997,647031,48225,179751,269547,64608,575834,0,0.258097370914222,0.20846665653816224,999.0,122.32996695865367,0,0,0,0,0,64603,108,0,0,0,0,0,0,0,0,0,0,0,0,0,0,0,0.0,0.0,0.0,0.0,0.0,1.9999888735591258,125833,53898,3,2.33465063638725,0.14593512576935075,0.06250833572049039,0.0749292840964311,0.0,0.0,0.0,0.0559290602642148,0.312607784490167,0.0,0.0,0.0,0.0,0.0,0.0,0.0,0.0,0.0,1.0,0.0,0.0,4724.0,0.0,5,0.0,0.0,0.0,0.0,0.14593512576935075,4,benign
924458,105575001,167388,693265,48480,180034,269614,64843,616896,0,0.24144879663620694,0.1947454616651054,999.0,114.20205244586558,0,0,0,0,0,64850,108,0,0,0,0,0,0,0,0,0,0,0,0,0,0,0,0.0,0.0,0.0,0.0,0.0,1.9998667007320352,126109,53927,3,2.338513175218351,0.13641398527569668,0.058333639819223806,0.07014163974999404,0.0,0.0,0.0,0.05244153871782169,0.29164548308306054,0.0,0.0,0.0,0.0,0.0,0.0,0.0,0.0,0.0,1.0,0.0,0.0,4724.0,0.0,5,0.0,0.0,0.0,0.0,0.13641398527569668,4,benign
922294,120332367,190014,692142,55597,204747,307304,73608,615786,0,0.27453037093544386,0.22199754091428547,999.0,130.47072517006507,0,0,0,0,0,73643,108,0,0,0,0,0,0,0,0,0,0,0,0,0,0,0,0.0,0.0,0.0,0.0,0.0,2.001319570699666,143291,61454,3,2.3316789793992254,0.1553636909705582,0.06663168143780616,0.07980969192036379,0.0,0.0,0.0,0.06028121184784895,0.3331952717896896,0.0,0.0,0.0,0.0,0.0,0.0,0.0,0.0,0.0,1.0,0.0,0.0,4724.0,0.0,5,0.0,0.0,0.0,0.0,0.1553636909705582,4,benign
924197,112915165,178918,693150,51139,192555,288688,69228,617512,0,0.25812306138642427,0.20834843653463495,999.0,122.1765110685276,0,0,0,0,0,73924,108,0,0,0,0,0,0,0,0,0,0,0,0,0,0,0,0.0,0.0,0.0,0.0,0.0,1.9993250960440245,134824,57739,3,2.3350594918512617,0.1458823172981518,0.06247477539961718,0.07490610768050535,0.0,0.0,0.0,0.05533344081402558,0.3123663028553436,0.0,0.0,0.0,0.0,0.0,0.0,0.0,0.0,0.0,1.0,0.0,0.0,4724.0,0.0,5,0.0,0.0,0.0,0.0,0.1458823172981518,4,benign
864768,105954603,168164,649343,47261,180342,270841,64637,577997,0,0.25897561073269443,0.20854379440497336,999.0,122.5237323767762,0,0,0,0,0,64647,108,0,0,0,0,0,0,0,0,0,0,0,0,0,0,0,0.0,0.0,0.0,0.0,0.0,1.999977820165905,126172,54171,3,2.329142899337284,0.14590271610420366,0.0626422346802842,0.07474490267910006,0.0,0.0,0.0,0.05465165223505033,0.3131949840882179,0.0,0.0,0.0,0.0,0.0,0.0,0.0,0.0,0.0,1.0,0.0,0.0,4724.0,0.0,5,0.0,0.0,0.0,0.0,0.14590271610420366,4,benign
863956,105739140,168115,647441,48400,179883,269612,64835,577158,0,0.2596607258422003,0.20820851987832714,999.0,122.3894966873313,0,0,0,0,0,64821,108,0,0,0,0,0,0,0,0,0,0,0,0,0,0,0,0.0,0.0,0.0,0.0,0.0,2.000211270737891,125948,53914,3,2.3360908112920575,0.14578057215876736,0.06240364092615828,0.07504433096129895,0.0,0.0,0.0,0.05602137145873169,0.3120668182175944,0.0,0.0,0.0,0.0,0.0,0.0,0.0,0.0,0.0,1.0,0.0,0.0,4724.0,0.0,5,0.0,0.0,0.0,0.0,0.14578057215876736,4,benign
926121,113372040,180121,695091,51769,192886,289673,69608,618266,0,0.25913297683324915,0.20827300104414,999.0,122.4160125944666,0,0,0,0,0,69554,108,0,0,0,0,0,0,0,0,0,0,0,0,0,0,0,0.0,0.0,0.0,0.0,0.0,2.000477079444099,134957,57939,3,2.329294602944476,0.1457228591080431,0.06256093966123218,0.07516080512157698,0.0,0.0,0.0,0.055898743252771506,0.31278094331086326,0.0,0.0,0.0,0.0,0.0,0.0,0.0,0.0,0.0,1.0,0.0,0.0,4724.0,0.0,5,0.0,0.0,0.0,0.0,0.1457228591080431,4,benign
864115,105874827,168501,648087,47528,180036,269959,64679,577667,0,0.2599975003356031,0.20834726859272204,999.0,122.5240008563675,0,0,0,0,0,64679,108,0,0,0,0,0,0,0,0,0,0,0,0,0,0,0,0.0,0.0,0.0,0.0,0.0,1.9999777824681455,126043,53991,3,2.33451871608231,0.14586368712497758,0.06248126696099478,0.07484999103128634,0.0,0.0,0.0,0.05500193839940286,0.3124109638184732,0.0,0.0,0.0,0.0,0.0,0.0,0.0,0.0,0.0,1.0,0.0,0.0,4724.0,0.0,5,0.0,0.0,0.0,0.0,0.14586368712497758,4,benign
930942,121667094,194651,697862,53758,206843,310406,74394,622610,0,0.2789247730926745,0.2221867742566132,999.0,130.69245345037606,0,0,0,0,0,74774,108,0,0,0,0,0,0,0,0,0,0,0,0,0,0,0,0.0,0.0,0.0,0.0,0.0,2.000899637243047,144755,62078,3,2.331824478881407,0.15549303823439053,0.06668299421446235,0.07991260465206211,0.0,0.0,0.0,0.05774581015788309,0.3334321579647282,0.0,0.0,0.0,0.0,0.0,0.0,0.0,0.0,0.0,1.0,0.0,0.0,4724.0,0.0,5,0.0,0.0,0.0,0.0,0.15549303823439053,4,benign
855826,104613125,165512,641780,48534,178272,267323,64242,571255,0,0.2578952288946368,0.20830402441617807,999.0,122.23644175334707,0,0,0,0,0,64236,108,0,0,0,0,0,0,0,0,0,0,0,0,0,0,0,0.0,0.0,0.0,0.0,0.0,1.9999102535337672,124813,53465,3,2.334480501262508,0.14583922432830973,0.062471810858749324,0.07506432382283315,0.0,0.0,0.0,0.05671012565638343,0.3123567173701196,0.0,0.0,0.0,0.0,0.0,0.0,0.0,0.0,0.0,1.0,0.0,0.0,4724.0,0.0,5,0.0,0.0,0.0,0.0,0.14583922432830973,4,benign
1045906,150652261,239165,784777,68780,256656,384720,92518,698237,0,0.30475536362559047,0.2453910772096154,999.0,144.03996248228808,0,0,0,0,0,92663,108,0,0,0,0,0,0,0,0,0,0,0,0,0,0,0,0.0,0.0,0.0,0.0,0.0,2.000140275407383,179722,76945,3,2.335720319708883,0.17183379768353943,0.07356779672360614,0.08845728009974127,0.0,0.0,0.0,0.06576116782961375,0.3678342030736988,0.0,0.0,0.0,0.0,0.0,0.0,0.0,0.0,0.0,1.0,0.0,0.0,4724.0,0.0,5,0.0,0.0,0.0,0.0,0.17183379768353943,4,benign
863232,105675863,167681,647980,47571,179992,269962,64618,576833,0,0.2587749621901911,0.20850941577698695,999.0,122.41884337003262,0,0,0,0,0,64627,108,0,0,0,0,0,0,0,0,0,0,0,0,0,0,0,0.0,0.0,0.0,0.0,0.0,2.0,125997,53992,3,2.3336234997777447,0.14595960298042704,0.06254633748517201,0.07485589042111507,0.0,0.0,0.0,0.05510801267793594,0.3127340043001186,0.0,0.0,0.0,0.0,0.0,0.0,0.0,0.0,0.0,1.0,0.0,0.0,4724.0,0.0,5,0.0,0.0,0.0,0.0,0.14595960298042704,4,benign
859136,105177798,167272,644087,47777,178955,268110,64333,574192,0,0.25970404619251747,0.2082964745977354,999.0,122.4227572817342,0,0,0,0,0,64342,108,0,0,0,0,0,0,0,0,0,0,0,0,0,0,0,0.0,0.0,0.0,0.0,0.0,2.000033528543967,125329,53620,3,2.337355464378963,0.14587795180274135,0.06241153903456496,0.0748810432806913,0.0,0.0,0.0,0.05561052033671037,0.31206933477353993,0.0,0.0,0.0,0.0,0.0,0.0,0.0,0.0,0.0,1.0,0.0,0.0,4724.0,0.0,5,0.0,0.0,0.0,0.0,0.14587795180274135,4,benign
860866,105443698,167068,646335,47465,179516,269469,64343,575259,0,0.25848515088924473,0.20852955047591612,999.0,122.48561100101526,0,0,0,0,0,64338,108,0,0,0,0,0,0,0,0,0,0,0,0,0,0,0,0.0,0.0,0.0,0.0,0.0,2.000044565265832,125620,53895,3,2.3308284627516467,0.14592282654907965,0.0626055623058641,0.07474217822518255,0.0,0.0,0.0,0.05513633945352703,0.31302084180348627,0.0,0.0,0.0,0.0,0.0,0.0,0.0,0.0,0.0,1.0,0.0,0.0,4724.0,0.0,5,0.0,0.0,0.0,0.0,0.14592282654907965,4,benign
867019,106177831,168277,650902,47840,180807,271196,64869,579333,0,0.2585289336950877,0.20853868254328914,999.0,122.4630959644483,0,0,0,0,0,64874,108,0,0,0,0,0,0,0,0,0,0,0,0,0,0,0,0.0,0.0,0.0,0.0,0.0,1.999878330697165,126572,54240,3,2.3335545722713866,0.14598526675885995,0.06255918267073732,0.0748184295845881,0.0,0.0,0.0,0.05517756819631404,0.3127912998446401,0.0,0.0,0.0,0.0,0.0,0.0,0.0,0.0,0.0,1.0,0.0,0.0,4724.0,0.0,5,0.0,0.0,0.0,0.0,0.14598526675885995,4,benign
926420,113469475,180029,694556,52078,193003,289486,69799,618275,0,0.2592001220923871,0.20833207400531076,999.0,122.48167677727164,0,0,0,0,0,69679,108,0,0,0,0,0,0,0,0,0,0,0,0,0,0,0,0.0,0.0,0.0,0.0,0.0,1.9980227129206911,135105,57894,3,2.333661519328428,0.14583558213337364,0.06249217417585976,0.07534271712614149,0.0,0.0,0.0,0.05621424407935925,0.3124781416636083,0.0,0.0,0.0,0.0,0.0,0.0,0.0,0.0,0.0,1.0,0.0,0.0,4724.0,0.0,5,0.0,0.0,0.0,0.0,0.14583558213337364,4,benign
865792,105928183,167939,649177,48676,180310,270527,64922,578136,0,0.258695240281156,0.20826018258426968,999.0,122.34830421163512,0,0,0,0,0,64931,108,0,0,0,0,0,0,0,0,0,0,0,0,0,0,0,0.0,0.0,0.0,0.0,0.0,2.0000443690171155,126206,54112,3,2.3323107628622117,0.14576942267888823,0.0625,0.07498567785334122,0.0,0.0,0.0,0.056221355706682435,0.3124618846096984,0.0,0.0,0.0,0.0,0.0,0.0,0.0,0.0,0.0,1.0,0.0,0.0,4724.0,0.0,5,0.0,0.0,0.0,0.0,0.14576942267888823,4,benign
862465,105382182,166797,646597,49072,179619,269382,64811,575579,0,0.257961295830324,0.20826236426985442,999.0,122.18719832109129,0,0,0,0,0,64800,108,0,0,0,0,0,0,0,0,0,0,0,0,0,0,0,0.0,0.0,0.0,0.0,0.0,1.99994432815214,125743,53869,3,2.334236759546307,0.14579490182210292,0.06245934617636658,0.07514623781834626,0.0,0.0,0.0,0.05689738134301102,0.31233963117343894,0.0,0.0,0.0,0.0,0.0,0.0,0.0,0.0,0.0,1.0,0.0,0.0,4724.0,0.0,5,0.0,0.0,0.0,0.0,0.14579490182210292,4,benign
1118415,121678117,192955,838717,55602,207223,310148,74403,746611,0,0.2300597221708872,0.18528274388308455,999.0,108.79514044428946,0,0,0,0,0,74706,108,0,0,0,0,0,0,0,0,0,0,0,0,0,0,0,0.0,0.0,0.0,0.0,0.0,1.9992571152918475,145197,62036,3,2.340528080469405,0.12982390257641394,0.055467782531528995,0.06652539531390406,0.0,0.0,0.0,0.049714998457638715,0.2773103007380981,0.0,0.0,0.0,0.0,0.0,0.0,0.0,0.0,0.0,1.0,0.0,0.0,4724.0,0.0,5,0.0,0.0,0.0,0.0,0.12982390257641394,4,benign
864105,105839108,168284,647782,48039,179906,270344,64864,577119,0,0.25978492764541156,0.2081992350466668,999.0,122.4840823742485,0,0,0,0,0,64869,108,0,0,0,0,0,0,0,0,0,0,0,0,0,0,0,0.0,0.0,0.0,0.0,0.0,2.0,125828,54067,3,2.327260621081251,0.1456165628019743,0.06256994231025165,0.07506495159731745,0.0,0.0,0.0,0.05559393823667263,0.31286012695216436,0.0,0.0,0.0,0.0,0.0,0.0,0.0,0.0,0.0,1.0,0.0,0.0,4724.0,0.0,5,0.0,0.0,0.0,0.0,0.1456165628019743,4,benign
1174066,121184830,193330,879282,55526,205876,309588,74476,785177,0,0.21987257785329395,0.1753530040048856,999.0,103.21807291923963,0,0,0,0,0,74352,108,0,0,0,0,0,0,0,0,0,0,0,0,0,0,0,0.0,0.0,0.0,0.0,0.0,2.0009913788914053,143949,61916,3,2.324907939789392,0.12260724695204528,0.05273638790323542,0.06343425327025909,0.0,0.0,0.0,0.04729376372367482,0.2636887534431625,0.0,0.0,0.0,0.0,0.0,0.0,0.0,0.0,0.0,1.0,0.0,0.0,4724.0,0.0,5,0.0,0.0,0.0,0.0,0.12260724695204528,4,benign
863124,105662173,167882,647445,47797,179819,269853,64853,576479,0,0.2592992454957564,0.2083350712064547,999.0,122.41830026740074,0,0,0,0,0,64862,108,0,0,0,0,0,0,0,0,0,0,0,0,0,0,0,0.0,0.0,0.0,0.0,0.0,1.999766459074733,125863,53977,3,2.331789465883617,0.14582261644908495,0.06253678498106877,0.07513752369300356,0.0,0.0,0.0,0.05537674772106905,0.31264685027875483,0.0,0.0,0.0,0.0,0.0,0.0,0.0,0.0,0.0,1.0,0.0,0.0,4724.0,0.0,5,0.0,0.0,0.0,0.0,0.14582261644908495,4,benign
923639,113103613,180132,692306,51201,192334,288665,69366,617222,0,0.260191302689851,0.20823503554960326,999.0,122.45434958896278,0,0,0,0,0,69373,108,0,0,0,0,0,0,0,0,0,0,0,0,0,0,0,0.0,0.0,0.0,0.0,0.0,1.999937610481439,134591,57724,3,2.3316298246829743,0.14571818643431036,0.06249627830786703,0.07510076988953476,0.0,0.0,0.0,0.05543399531635195,0.3125301118727122,0.0,0.0,0.0,0.0,0.0,0.0,0.0,0.0,0.0,1.0,0.0,0.0,4724.0,0.0,5,0.0,0.0,0.0,0.0,0.14571818643431036,4,benign
923557,113123603,179537,692276,51744,192249,289063,69074,617049,0,0.2593430943727646,0.20816148867909615,999.0,122.4868665388276,0,0,0,0,0,69041,108,0,0,0,0,0,0,0,0,0,0,0,0,0,0,0,0.0,0.0,0.0,0.0,0.0,1.999157697707066,134441,57818,3,2.3252447334740047,0.1455687088073611,0.06260360757376102,0.07479126897419434,0.0,0.0,0.0,0.05602686136318603,0.31298880307333493,0.0,0.0,0.0,0.0,0.0,0.0,0.0,0.0,0.0,1.0,0.0,0.0,4724.0,0.0,5,0.0,0.0,0.0,0.0,0.1455687088073611,4,benign
867454,106177811,168432,651006,48016,180866,270984,64814,579809,0,0.25872572603017485,0.20850212230273882,999.0,122.40166164430622,0,0,0,0,0,64823,108,0,0,0,0,0,0,0,0,0,0,0,0,0,0,0,0.0,0.0,0.0,0.0,0.0,2.0000884671952583,126672,54197,3,2.3372511393619573,0.1460273397782476,0.06247824092113242,0.07471750663435756,0.0,0.0,0.0,0.055352791041369344,0.3123900518067817,0.0,0.0,0.0,0.0,0.0,0.0,0.0,0.0,0.0,1.0,0.0,0.0,4724.0,0.0,5,0.0,0.0,0.0,0.0,0.1460273397782476,4,benign
865280,105867235,168409,649029,47842,180279,270512,65169,577833,0,0.2594783900257153,0.20834758690828403,999.0,122.35026234282545,0,0,0,0,0,65175,108,0,0,0,0,0,0,0,0,0,0,0,0,0,0,0,0.0,0.0,0.0,0.0,0.0,1.9999889061459952,126176,54103,3,2.3321442433876127,0.14582100591715977,0.06252658099112426,0.07531550480769231,0.0,0.0,0.0,0.055290772928994085,0.3126294378698225,0.0,0.0,0.0,0.0,0.0,0.0,0.0,0.0,0.0,1.0,0.0,0.0,4724.0,0.0,5,0.0,0.0,0.0,0.0,0.14582100591715977,4,benign
857600,104981969,167651,642718,47231,178517,267906,64674,572915,0,0.2608469033075159,0.20815881529850747,999.0,122.41367653917911,0,0,0,0,0,64676,108,0,0,0,0,0,0,0,0,0,0,0,0,0,0,0,0.0,0.0,0.0,0.0,0.0,2.000212887539356,124931,53586,3,2.331411189489792,0.14567513992537312,0.06248367537313433,0.07541277985074626,0.0,0.0,0.0,0.05507346082089552,0.3123903917910448,0.0,0.0,0.0,0.0,0.0,0.0,0.0,0.0,0.0,1.0,0.0,0.0,4724.0,0.0,5,0.0,0.0,0.0,0.0,0.14567513992537312,4,benign
859648,105287032,166996,644786,47866,179093,268685,64272,574398,0,0.2589944570756809,0.20833294557772483,999.0,122.47691148004765,0,0,0,0,0,64280,108,0,0,0,0,0,0,0,0,0,0,0,0,0,0,0,0.0,0.0,0.0,0.0,0.0,1.9999218313791178,125358,53722,3,2.3334574289862626,0.14582480270994638,0.06249302039904705,0.07476548540798095,0.0,0.0,0.0,0.05568092986896962,0.3125523470071471,0.0,0.0,0.0,0.0,0.0,0.0,0.0,0.0,0.0,1.0,0.0,0.0,4724.0,0.0,5,0.0,0.0,0.0,0.0,0.14582480270994638,4,benign
870912,106682371,169706,652958,48248,181430,271792,65286,582068,0,0.259903393480132,0.20832185111699,999.0,122.49500638411229,0,0,0,0,0,65275,108,0,0,0,0,0,0,0,0,0,0,0,0,0,0,0,0.0,0.0,0.0,0.0,0.0,1.9998236389890105,127073,54367,3,2.337318594000037,0.14590796773956496,0.06242536559376837,0.07496279761904762,0.0,0.0,0.0,0.055399397413286304,0.31207745443856555,0.0,0.0,0.0,0.0,0.0,0.0,0.0,0.0,0.0,1.0,0.0,0.0,4724.0,0.0,5,0.0,0.0,0.0,0.0,0.14590796773956496,4,benign
858624,105077564,166662,643832,48130,178787,268508,64376,573376,0,0.25885945401906085,0.20822502049791294,999.0,122.37902038610615,0,0,0,0,0,64377,108,0,0,0,0,0,0,0,0,0,0,0,0,0,0,0,0.0,0.0,0.0,0.0,0.0,1.9999888135669062,125095,53705,3,2.3292989479564286,0.1456924101818724,0.06254775081991652,0.07497577519379844,0.0,0.0,0.0,0.05605480396541443,0.3127189549791294,0.0,0.0,0.0,0.0,0.0,0.0,0.0,0.0,0.0,1.0,0.0,0.0,4724.0,0.0,5,0.0,0.0,0.0,0.0,0.1456924101818724,4,benign
865138,105806489,167999,648487,48652,180148,270228,65138,577523,0,0.2590630189965258,0.2082303632484066,999.0,122.30012899676122,0,0,0,0,0,65136,108,0,0,0,0,0,0,0,0,0,0,0,0,0,0,0,0.0,0.0,0.0,0.0,0.0,2.0,126096,54040,3,2.333382679496669,0.1457524695482108,0.06246402308071082,0.07529203433440676,0.0,0.0,0.0,0.05623611493195305,0.3123524801823524,0.0,0.0,0.0,0.0,0.0,0.0,0.0,0.0,0.0,1.0,0.0,0.0,4724.0,0.0,5,0.0,0.0,0.0,0.0,0.1457524695482108,4,benign
984601,127957456,202962,738156,58492,217802,326588,78647,657746,0,0.2749581389299823,0.22120838796629294,999.0,129.95868986523476,0,0,0,0,0,78679,108,0,0,0,0,0,0,0,0,0,0,0,0,0,0,0,0.0,0.0,0.0,0.0,0.0,2.000165301399552,152482,65322,3,2.334313095128747,0.15486679375706505,0.06634362548890363,0.07987702632843152,0.0,0.0,0.0,0.059406805396297585,0.33169578336808514,0.0,0.0,0.0,0.0,0.0,0.0,0.0,0.0,0.0,1.0,0.0,0.0,4724.0,0.0,5,0.0,0.0,0.0,0.0,0.15486679375706505,4,benign
924534,112970798,178787,693669,51771,192540,289244,69249,617285,0,0.2577410840040423,0.20825626748178,999.0,122.19215085653961,0,0,0,0,0,69122,108,0,0,0,0,0,0,0,0,0,0,0,0,0,0,0,0.0,0.0,0.0,0.0,0.0,1.9992523830290947,134690,57838,3,2.3287458072547462,0.14568420415041525,0.06255908381952421,0.07490151795390976,0.0,0.0,0.0,0.05599685895813458,0.3128538269009036,0.0,0.0,0.0,0.0,0.0,0.0,0.0,0.0,0.0,1.0,0.0,0.0,4724.0,0.0,5,0.0,0.0,0.0,0.0,0.14568420415041525,4,benign
863383,105650521,167888,647449,48046,179777,270265,65004,576346,0,0.25930691066014466,0.20822392843037216,999.0,122.36808114127797,0,0,0,0,0,65002,108,0,0,0,0,0,0,0,0,0,0,0,0,0,0,0,0.0,0.0,0.0,0.0,0.0,1.9999443770789067,125723,54057,3,2.3257487466933053,0.1456167193470337,0.06261068378691728,0.07528987714606379,0.0,0.0,0.0,0.055648536049470516,0.3130302542440609,0.0,0.0,0.0,0.0,0.0,0.0,0.0,0.0,0.0,1.0,0.0,0.0,4724.0,0.0,5,0.0,0.0,0.0,0.0,0.1456167193470337,4,benign
1045829,128103282,203667,784619,57665,218008,326485,78523,699039,0,0.2595743921572126,0.208454728258635,999.0,122.48970147127302,0,0,0,0,0,73839,108,0,0,0,0,0,0,0,0,0,0,0,0,0,0,0,0.0,0.0,0.0,0.0,0.0,2.0012851818532322,152712,65301,3,2.3385859328341065,0.14602004725437906,0.06243946190055927,0.0750820640850464,0.0,0.0,0.0,0.05513807706613605,0.31217818591758306,0.0,0.0,0.0,0.0,0.0,0.0,0.0,0.0,0.0,1.0,0.0,0.0,4724.0,0.0,5,0.0,0.0,0.0,0.0,0.14602004725437906,4,benign
919668,104922939,167036,689453,47454,178558,267748,64516,614007,0,0.24227322239514515,0.1941548471839838,999.0,114.08784365662392,0,0,0,0,0,64520,108,0,0,0,0,0,0,0,0,0,0,0,0,0,0,0,0.0,0.0,0.0,0.0,0.0,1.9999775985663082,125002,53548,3,2.334391573914992,0.13592078880639535,0.05822535958628548,0.07015140246262781,0.0,0.0,0.0,0.0515990553112645,0.29113549672273037,0.0,0.0,0.0,0.0,0.0,0.0,0.0,0.0,0.0,1.0,0.0,0.0,4724.0,0.0,5,0.0,0.0,0.0,0.0,0.13592078880639535,4,benign
865280,105931803,168241,649372,47667,180407,270369,64761,578335,0,0.2590826213634096,0.20849551590236687,999.0,122.42488327477811,0,0,0,0,0,64761,108,0,0,0,0,0,0,0,0,0,0,0,0,0,0,0,0.0,0.0,0.0,0.0,0.0,1.9999667424200431,126335,54069,3,2.336551443525865,0.14600476146449703,0.06248728735207101,0.07484398113905326,0.0,0.0,0.0,0.05508852625739645,0.31246417344674554,0.0,0.0,0.0,0.0,0.0,0.0,0.0,0.0,0.0,1.0,0.0,0.0,4724.0,0.0,5,0.0,0.0,0.0,0.0,0.14600476146449703,4,benign
866816,106132330,168227,650225,48364,180593,271123,64796,579111,0,0.2587212118881925,0.20834063976668635,999.0,122.43928353883639,0,0,0,0,0,64787,108,0,0,0,0,0,0,0,0,0,0,0,0,0,0,0,0.0,0.0,0.0,0.0,0.0,2.000055374664983,126365,54232,3,2.3300818704823723,0.1457806501033668,0.06256460425280568,0.07475173508564678,0.0,0.0,0.0,0.05579500147666864,0.31278033631128177,0.0,0.0,0.0,0.0,0.0,0.0,0.0,0.0,0.0,1.0,0.0,0.0,4724.0,0.0,5,0.0,0.0,0.0,0.0,0.1457806501033668,4,benign
869888,106548631,169344,653049,47495,181463,271767,65190,581498,0,0.25931285401248605,0.20860501581812832,999.0,122.48545904760152,0,0,0,0,0,65199,108,0,0,0,0,0,0,0,0,0,0,0,0,0,0,0,0.0,0.0,0.0,0.0,0.0,2.0000110215912974,127100,54351,3,2.3385034313996065,0.1461107636845203,0.062480457254267215,0.07494068201883461,0.0,0.0,0.0,0.054598982857563275,0.31241608115067687,0.0,0.0,0.0,0.0,0.0,0.0,0.0,0.0,0.0,1.0,0.0,0.0,4724.0,0.0,5,0.0,0.0,0.0,0.0,0.1461107636845203,4,benign
983475,120472956,191562,737654,54259,204948,307274,73376,658137,0,0.25969085777342765,0.20839167238618164,999.0,122.49722260352323,0,0,0,0,0,73479,108,0,0,0,0,0,0,0,0,0,0,0,0,0,0,0,0.0,0.0,0.0,0.0,0.0,2.000527101818501,143504,61450,3,2.3352969894222944,0.14591524949795368,0.0624825237042121,0.07460891227535016,0.0,0.0,0.0,0.05517069574722286,0.3124370217849971,0.0,0.0,0.0,0.0,0.0,0.0,0.0,0.0,0.0,1.0,0.0,0.0,4724.0,0.0,5,0.0,0.0,0.0,0.0,0.14591524949795368,4,benign
985251,105580420,167006,739071,48812,179902,269726,64665,657706,0,0.22596746456023847,0.18259509505699562,999.0,107.16093665472047,0,0,0,0,0,64666,108,0,0,0,0,0,0,0,0,0,0,0,0,0,0,0,0.0,0.0,0.0,0.0,0.0,2.0000444696439095,125955,53955,3,2.334445371142619,0.12784051982692735,0.054762694988383674,0.06563302143311704,0.0,0.0,0.0,0.049542705361374915,0.2737637414222366,0.0,0.0,0.0,0.0,0.0,0.0,0.0,0.0,0.0,1.0,0.0,0.0,4724.0,0.0,5,0.0,0.0,0.0,0.0,0.12784051982692735,4,benign
866283,113630406,180655,649295,51942,193378,289419,69654,578897,0,0.27823254452906615,0.22322728253930874,999.0,131.17007490623735,0,0,0,0,0,69562,108,0,0,0,0,0,0,0,0,0,0,0,0,0,0,0,0.0,0.0,0.0,0.0,0.0,1.9990902794289436,135489,57878,3,2.340941290300287,0.15640269981056998,0.06681188479977097,0.08040559493837464,0.0,0.0,0.0,0.059959620585882445,0.3340929003570427,0.0,0.0,0.0,0.0,0.0,0.0,0.0,0.0,0.0,1.0,0.0,0.0,4724.0,0.0,5,0.0,0.0,0.0,0.0,0.15640269981056998,4,benign
842752,103153381,164246,631728,46778,175446,263459,63286,562960,0,0.25999480789200413,0.20818224103888214,999.0,122.40063624886088,0,0,0,0,0,63293,108,0,0,0,0,0,0,0,0,0,0,0,0,0,0,0,0.0,0.0,0.0,0.0,0.0,1.999908808006657,122759,52687,3,2.329967544175983,0.14566444220838395,0.06251779883049818,0.07509445246051033,0.0,0.0,0.0,0.05550624620291616,0.31261747228128794,0.0,0.0,0.0,0.0,0.0,0.0,0.0,0.0,0.0,1.0,0.0,0.0,4724.0,0.0,5,0.0,0.0,0.0,0.0,0.14566444220838395,4,benign
861184,105458085,168153,645189,47842,179173,269120,64713,575319,0,0.26062595611518485,0.20805426018133175,999.0,122.45708814840962,0,0,0,0,0,64712,108,0,0,0,0,0,0,0,0,0,0,0,0,0,0,0,0.0,0.0,0.0,0.0,0.0,2.00001116245842,125354,53822,3,2.329047601352607,0.14556006614149822,0.06249767761593341,0.07514422005053507,0.0,0.0,0.0,0.0555537492568371,0.3125,0.0,0.0,0.0,0.0,0.0,0.0,0.0,0.0,0.0,1.0,0.0,0.0,4724.0,0.0,5,0.0,0.0,0.0,0.0,0.14556006614149822,4,benign
863744,105742304,168097,648068,47579,179993,270219,64883,576972,0,0.25938173154668953,0.2083869757705987,999.0,122.42319946650859,0,0,0,0,0,64877,108,0,0,0,0,0,0,0,0,0,0,0,0,0,0,0,0.0,0.0,0.0,0.0,0.0,1.9999666659259094,125951,54048,3,2.330354499703967,0.14581982624481327,0.06257409602845287,0.07511832209543569,0.0,0.0,0.0,0.055084608402489625,0.31284616738292825,0.0,0.0,0.0,0.0,0.0,0.0,0.0,0.0,0.0,1.0,0.0,0.0,4724.0,0.0,5,0.0,0.0,0.0,0.0,0.14581982624481327,4,benign
863744,105736208,167917,647934,47893,179994,269938,64760,577088,0,0.25915756851778116,0.20838813352104327,999.0,122.41614181979845,0,0,0,0,0,64771,108,0,0,0,0,0,0,0,0,0,0,0,0,0,0,0,0.0,0.0,0.0,0.0,0.0,1.9999777772839396,126003,53987,3,2.33395076592513,0.14588002926793123,0.06250347325133374,0.07497591879075281,0.0,0.0,0.0,0.05544814204208654,0.31252083950800236,0.0,0.0,0.0,0.0,0.0,0.0,0.0,0.0,0.0,1.0,0.0,0.0,4724.0,0.0,5,0.0,0.0,0.0,0.0,0.14588002926793123,4,benign
857088,104854958,165159,643065,48864,178603,268180,63911,572183,0,0.2568309579902498,0.20838350321087215,999.0,122.33861400462963,0,0,0,0,0,63901,108,0,0,0,0,0,0,0,0,0,0,0,0,0,0,0,0.0,0.0,0.0,0.0,0.0,1.999921616930743,124971,53630,3,2.3302442662688794,0.145808831765233,0.06257233796296297,0.07456760566009558,0.0,0.0,0.0,0.057011648745519714,0.3128966920549582,0.0,0.0,0.0,0.0,0.0,0.0,0.0,0.0,0.0,1.0,0.0,0.0,4724.0,0.0,5,0.0,0.0,0.0,0.0,0.145808831765233,4,benign
856576,104829891,165971,642822,47783,178552,268016,64137,572068,0,0.2581912255647753,0.20844852062163777,999.0,122.38247511020622,0,0,0,0,0,64146,108,0,0,0,0,0,0,0,0,0,0,0,0,0,0,0,0.0,0.0,0.0,0.0,0.0,2.000134423658564,124939,53604,3,2.330777553913887,0.145858627839211,0.06257938583383144,0.07487601800657502,0.0,0.0,0.0,0.055783724970113566,0.31289225941422594,0.0,0.0,0.0,0.0,0.0,0.0,0.0,0.0,0.0,1.0,0.0,0.0,4724.0,0.0,5,0.0,0.0,0.0,0.0,0.145858627839211,4,benign
877568,107273400,169405,657588,50575,182588,274338,65837,585395,0,0.2576157107489796,0.2080613696032672,999.0,122.23941620478413,0,0,0,0,0,65831,108,0,0,0,0,0,0,0,0,0,0,0,0,0,0,0,0.0,0.0,0.0,0.0,0.0,2.0000657238939215,127724,54870,3,2.3277565154000364,0.14554313739789965,0.0625250692823804,0.07502210654900816,0.0,0.0,0.0,0.05763086165402567,0.31261167225787634,0.0,0.0,0.0,0.0,0.0,0.0,0.0,0.0,0.0,1.0,0.0,0.0,4724.0,0.0,5,0.0,0.0,0.0,0.0,0.14554313739789965,4,benign
868722,106397469,169153,651588,47982,181065,271011,65132,580664,0,0.259601159014592,0.20842686152762332,999.0,122.47585418580397,0,0,0,0,0,65128,108,0,0,0,0,0,0,0,0,0,0,0,0,0,0,0,0.0,0.0,0.0,0.0,0.0,1.9999668632778846,126864,54205,3,2.340448298127479,0.14603521034347006,0.062396255649102936,0.07497450277534125,0.0,0.0,0.0,0.05523285930366677,0.31196516261819085,0.0,0.0,0.0,0.0,0.0,0.0,0.0,0.0,0.0,1.0,0.0,0.0,4724.0,0.0,5,0.0,0.0,0.0,0.0,0.14603521034347006,4,benign
1051493,105637840,167623,789239,47764,179844,269798,64597,702474,0,0.21238560182656965,0.17103680195683663,999.0,100.46461555141119,0,0,0,0,0,64590,108,0,0,0,0,0,0,0,0,0,0,0,0,0,0,0,0.0,0.0,0.0,0.0,0.0,2.000022241745532,125887,53965,3,2.3327527100898733,0.11972214746080098,0.05132226272547701,0.06143359965306474,0.0,0.0,0.0,0.04542493387973101,0.2565856358530204,0.0,0.0,0.0,0.0,0.0,0.0,0.0,0.0,0.0,1.0,0.0,0.0,4724.0,0.0,5,0.0,0.0,0.0,0.0,0.11972214746080098,4,benign
868058,106348243,169056,651025,47979,180889,270933,64997,580242,0,0.2596766637225913,0.208383541191948,999.0,122.51283093986807,0,0,0,0,0,65007,108,0,0,0,0,0,0,0,0,0,0,0,0,0,0,0,0.0,0.0,0.0,0.0,0.0,1.9999889435568579,126701,54178,3,2.3386060762671197,0.14595914097905902,0.062412880245329226,0.07487633314824585,0.0,0.0,0.0,0.05527165235502697,0.3121139370871532,0.0,0.0,0.0,0.0,0.0,0.0,0.0,0.0,0.0,1.0,0.0,0.0,4724.0,0.0,5,0.0,0.0,0.0,0.0,0.14595914097905902,4,benign
925666,105575262,167477,694726,47709,179789,269923,64795,618578,0,0.24106914092750234,0.1942266433033081,999.0,114.05330000237667,0,0,0,0,0,64790,108,0,0,0,0,0,0,0,0,0,0,0,0,0,0,0,0.0,0.0,0.0,0.0,0.0,1.999988875910785,125797,53982,3,2.330350857693305,0.1358989095418866,0.05831693072879419,0.06999824990871438,0.0,0.0,0.0,0.05154018836167689,0.29159869758638646,0.0,0.0,0.0,0.0,0.0,0.0,0.0,0.0,0.0,1.0,0.0,0.0,4724.0,0.0,5,0.0,0.0,0.0,0.0,0.1358989095418866,4,benign
863854,105807278,168113,648188,47553,180047,270018,64702,577328,0,0.2593583960209075,0.2084229511005332,999.0,122.48282464397919,0,0,0,0,0,64708,108,0,0,0,0,0,0,0,0,0,0,0,0,0,0,0,0.0,0.0,0.0,0.0,0.0,1.9999666759233545,126046,54002,3,2.3340987370838118,0.14591123036994677,0.0625128783336073,0.07489923065703233,0.0,0.0,0.0,0.05504749645194674,0.31257365249220354,0.0,0.0,0.0,0.0,0.0,0.0,0.0,0.0,0.0,1.0,0.0,0.0,4724.0,0.0,5,0.0,0.0,0.0,0.0,0.14591123036994677,4,benign
924271,105746752,168414,692813,47977,179811,269710,64864,617400,0,0.24308723999116644,0.19454359165223187,999.0,114.41098119490928,0,0,0,0,0,64862,108,0,0,0,0,0,0,0,0,0,0,0,0,0,0,0,0.0,0.0,0.0,0.0,0.0,2.0000333689268555,125871,53951,3,2.3330614817148896,0.13618408453797642,0.058371408385635815,0.07017855152871831,0.0,0.0,0.0,0.05190793609233656,0.2918083549088958,0.0,0.0,0.0,0.0,0.0,0.0,0.0,0.0,0.0,1.0,0.0,0.0,4724.0,0.0,5,0.0,0.0,0.0,0.0,0.13618408453797642,4,benign
923640,113075986,179694,692680,51266,192385,289105,69200,617011,0,0.25941849050066407,0.20829002641721883,999.0,122.42430600666927,0,0,0,0,0,69254,108,0,0,0,0,0,0,0,0,0,0,0,0,0,0,0,0.0,0.0,0.0,0.0,0.0,1.9996154285892465,134560,57811,3,2.327584715711543,0.14568446580918973,0.06259040318738902,0.07492096487809104,0.0,0.0,0.0,0.05550430903815339,0.3130061495820883,0.0,0.0,0.0,0.0,0.0,0.0,0.0,0.0,0.0,1.0,0.0,0.0,4724.0,0.0,5,0.0,0.0,0.0,0.0,0.14568446580918973,4,benign
989955,121188196,191871,742557,55527,206372,308868,73938,661071,0,0.25839228503670425,0.20846604138571956,999.0,122.4178836411756,0,0,0,0,0,69223,108,0,0,0,0,0,0,0,0,0,0,0,0,0,0,0,0.0,0.0,0.0,0.0,0.0,1.9977541577123386,144597,61777,3,2.340628389206339,0.14606421504007758,0.062403846639493714,0.07468824340500325,0.0,0.0,0.0,0.056090428352803916,0.3120020606997288,0.0,0.0,0.0,0.0,0.0,0.0,0.0,0.0,0.0,1.0,0.0,0.0,4724.0,0.0,5,0.0,0.0,0.0,0.0,0.14606421504007758,4,benign
1044001,120467010,191615,783022,54509,204712,307035,73685,697278,0,0.24471215368150576,0.1960841033677171,999.0,115.38974579526266,0,0,0,0,0,78377,108,0,0,0,0,0,0,0,0,0,0,0,0,0,0,0,0.0,0.0,0.0,0.0,0.0,1.9985160887222744,143302,61402,3,2.333832774176737,0.13726232062996108,0.05881411990984683,0.07057943431088667,0.0,0.0,0.0,0.052211635812609375,0.2940945458864503,0.0,0.0,0.0,0.0,0.0,0.0,0.0,0.0,0.0,1.0,0.0,0.0,4724.0,0.0,5,0.0,0.0,0.0,0.0,0.13726232062996108,4,benign
871303,106719121,169557,653472,48274,181403,272924,65358,581917,0,0.2594709490230645,0.20819737795003576,999.0,122.48221456829599,0,0,0,0,0,65356,108,0,0,0,0,0,0,0,0,0,0,0,0,0,0,0,0.0,0.0,0.0,0.0,0.0,2.0001433375599538,126832,54599,3,2.322972948222495,0.14556589383945653,0.06266361988883316,0.07501179268291283,0.0,0.0,0.0,0.05540437712253946,0.3132366122921647,0.0,0.0,0.0,0.0,0.0,0.0,0.0,0.0,0.0,1.0,0.0,0.0,4724.0,0.0,5,0.0,0.0,0.0,0.0,0.14556589383945653,4,benign
990469,121125175,192223,742979,54826,206153,309925,74280,662249,0,0.2587192908547886,0.20813675137737778,999.0,122.29072792788062,0,0,0,0,0,74281,108,0,0,0,0,0,0,0,0,0,0,0,0,0,0,0,0.0,0.0,0.0,0.0,0.0,2.002515857674337,144161,61981,3,2.3258901921556605,0.1455482200856362,0.06257742544188662,0.0749947752024546,0.0,0.0,0.0,0.055353574922587176,0.3129073196637149,0.0,0.0,0.0,0.0,0.0,0.0,0.0,0.0,0.0,1.0,0.0,0.0,4724.0,0.0,5,0.0,0.0,0.0,0.0,0.1455482200856362,4,benign
921488,105070720,166878,690797,48069,178885,268597,64537,615669,0,0.24157313943169992,0.19412623929991493,999.0,114.02288472557429,0,0,0,0,0,64536,108,0,0,0,0,0,0,0,0,0,0,0,0,0,0,0,0.0,0.0,0.0,0.0,0.0,1.999966459460668,125167,53719,3,2.330032204620339,0.13583139444029657,0.058295930060944905,0.0700356380115639,0.0,0.0,0.0,0.05216454256593683,0.29148182070737766,0.0,0.0,0.0,0.0,0.0,0.0,0.0,0.0,0.0,1.0,0.0,0.0,4724.0,0.0,5,0.0,0.0,0.0,0.0,0.13583139444029657,4,benign
983028,120428554,190115,737432,55601,205103,307783,73430,655829,0,0.2578068215103223,0.20864410779753984,999.0,122.50775562852736,0,0,0,0,0,73751,108,0,0,0,0,0,0,0,0,0,0,0,0,0,0,0,0.0,0.0,0.0,0.0,0.0,2.000634028814171,143541,61551,3,2.33206609153385,0.14601923851609516,0.0626136793662032,0.07469777056197789,0.0,0.0,0.0,0.056560952485585354,0.3130968802516307,0.0,0.0,0.0,0.0,0.0,0.0,0.0,0.0,0.0,1.0,0.0,0.0,4724.0,0.0,5,0.0,0.0,0.0,0.0,0.14601923851609516,4,benign
924464,113060790,166986,693663,48566,179631,289320,69271,617020,0,0.24073072947526392,0.19430826944045415,999.0,122.29874824763323,0,0,0,0,0,69319,108,0,0,0,0,0,0,0,0,0,0,0,0,0,0,0,0.0,0.0,0.0,0.0,0.0,1.9998775342069226,134784,57860,3,2.329484963705496,0.14579691583447274,0.06258761833884283,0.07493098703681268,0.0,0.0,0.0,0.05253422523754305,0.31295972585195314,0.0,0.0,0.0,0.0,0.0,0.0,0.0,0.0,0.0,1.0,0.0,0.0,4724.0,0.0,5,0.0,0.0,0.0,0.0,0.14579691583447274,4,benign
864233,105691192,168339,647741,48153,179897,270176,65342,576792,0,0.2598862817082754,0.20815798517297998,999.0,122.29478855817818,0,0,0,0,0,65349,108,0,0,0,0,0,0,0,0,0,0,0,0,0,0,0,0.0,0.0,0.0,0.0,0.0,2.0001000622609624,125855,54045,3,2.3287075585160513,0.1456262373688577,0.0625352190902222,0.07560692544718843,0.0,0.0,0.0,0.055717613189961504,0.31261939777814546,0.0,0.0,0.0,0.0,0.0,0.0,0.0,0.0,0.0,1.0,0.0,0.0,4724.0,0.0,5,0.0,0.0,0.0,0.0,0.1456262373688577,4,benign
862220,105554101,167576,646932,47712,179702,269647,64605,576065,0,0.25903186115387705,0.20841780520052886,999.0,122.42130894667254,0,0,0,0,0,64600,108,0,0,0,0,0,0,0,0,0,0,0,0,0,0,0,0.0,0.0,0.0,0.0,0.0,2.000022259321091,125768,53920,3,2.332492581602374,0.14586532439516597,0.0625362436501125,0.0749286724965786,0.0,0.0,0.0,0.055336225093363646,0.3127357287003317,0.0,0.0,0.0,0.0,0.0,0.0,0.0,0.0,0.0,1.0,0.0,0.0,4724.0,0.0,5,0.0,0.0,0.0,0.0,0.14586532439516597,4,benign
865792,106028536,168738,649100,47954,180323,270287,64988,578547,0,0.25995686334925283,0.20827519773802483,999.0,122.46421311354229,0,0,0,0,0,64991,108,0,0,0,0,0,0,0,0,0,0,0,0,0,0,0,0.0,0.0,0.0,0.0,0.0,1.9999223645538735,126272,54061,3,2.3357318584561884,0.14584565345949144,0.062441094396806625,0.07506190863394441,0.0,0.0,0.0,0.05538743716735659,0.31218468177114134,0.0,0.0,0.0,0.0,0.0,0.0,0.0,0.0,0.0,1.0,0.0,0.0,4724.0,0.0,5,0.0,0.0,0.0,0.0,0.14584565345949144,4,benign
864256,105812407,168329,647918,48009,179931,270297,64873,577293,0,0.2597998512157403,0.2081917857671801,999.0,122.43178757220083,0,0,0,0,0,64874,108,0,0,0,0,0,0,0,0,0,0,0,0,0,0,0,0.0,0.0,0.0,0.0,0.0,2.0001667444807576,125866,54059,3,2.3283079598216765,0.14563508960308058,0.06254975377665876,0.07506225007405214,0.0,0.0,0.0,0.055549513107227486,0.31275108301244076,0.0,0.0,0.0,0.0,0.0,0.0,0.0,0.0,0.0,1.0,0.0,0.0,4724.0,0.0,5,0.0,0.0,0.0,0.0,0.14563508960308058,4,benign
865622,106025415,168834,648936,47852,180238,270624,64978,578362,0,0.26017049447094936,0.20821790573714624,999.0,122.48465843058517,0,0,0,0,0,64968,108,0,0,0,0,0,0,0,0,0,0,0,0,0,0,0,0.0,0.0,0.0,0.0,0.0,2.00002219312457,126112,54129,3,2.3298416745182804,0.14568945798512514,0.06253191346800335,0.07506509769853353,0.0,0.0,0.0,0.055280480394444685,0.31263530732814093,0.0,0.0,0.0,0.0,0.0,0.0,0.0,0.0,0.0,1.0,0.0,0.0,4724.0,0.0,5,0.0,0.0,0.0,0.0,0.14568945798512514,4,benign
927877,113800142,180839,695628,51251,193713,291286,69731,619840,0,0.25996509628709596,0.2087701279372158,999.0,122.64571920631721,0,0,0,0,0,69768,108,0,0,0,0,0,0,0,0,0,0,0,0,0,0,0,0.0,0.0,0.0,0.0,0.0,2.002263636081739,135457,58258,3,2.325122729925504,0.14598594425769795,0.06278633913762277,0.07515112455637978,0.0,0.0,0.0,0.05523469166710674,0.313927384771904,0.0,0.0,0.0,0.0,0.0,0.0,0.0,0.0,0.0,1.0,0.0,0.0,4724.0,0.0,5,0.0,0.0,0.0,0.0,0.14598594425769795,4,benign
986109,120825685,180175,739636,50665,192589,308579,74021,658886,0,0.24359955437539546,0.19530193923795441,999.0,122.52771752412765,0,0,0,0,0,73949,108,0,0,0,0,0,0,0,0,0,0,0,0,0,0,0,0.0,0.0,0.0,0.0,0.0,1.9985990328137648,143727,61715,3,2.3288827675605606,0.14575163597533336,0.06258435933552985,0.07506370999554816,0.0,0.0,0.0,0.051378701543135695,0.3129258530243614,0.0,0.0,0.0,0.0,0.0,0.0,0.0,0.0,0.0,1.0,0.0,0.0,4724.0,0.0,5,0.0,0.0,0.0,0.0,0.14575163597533336,4,benign
859648,105300177,167905,644715,47028,179072,268825,64529,574536,0,0.26043290446166134,0.2083085169743895,999.0,122.49220262246872,0,0,0,0,0,64523,108,0,0,0,0,0,0,0,0,0,0,0,0,0,0,0,0.0,0.0,0.0,0.0,0.0,2.0000670143969264,125298,53763,3,2.330561910607667,0.1457550067004169,0.0625407143388922,0.07506444498213222,0.0,0.0,0.0,0.05470611226920786,0.3127152043627159,0.0,0.0,0.0,0.0,0.0,0.0,0.0,0.0,0.0,1.0,0.0,0.0,4724.0,0.0,5,0.0,0.0,0.0,0.0,0.1457550067004169,4,benign
865573,105921802,167635,649365,48573,180327,270804,64807,577980,0,0.2581521948364941,0.20833251499295843,999.0,122.37188775527888,0,0,0,0,0,64818,108,0,0,0,0,0,0,0,0,0,0,0,0,0,0,0,0.0,0.0,0.0,0.0,0.0,2.0000554563503066,126171,54157,3,2.329726535812545,0.14576586839007225,0.06256780190694487,0.07487179013208592,0.0,0.0,0.0,0.0561165840431714,0.3128609603118397,0.0,0.0,0.0,0.0,0.0,0.0,0.0,0.0,0.0,1.0,0.0,0.0,4724.0,0.0,5,0.0,0.0,0.0,0.0,0.14576586839007225,4,benign
1050528,128586316,203415,787864,59245,218802,327856,78588,701949,0,0.2581854228648599,0.2082781230010052,999.0,122.40160757257303,0,0,0,0,0,78462,108,0,0,0,0,0,0,0,0,0,0,0,0,0,0,0,0.0,0.0,0.0,0.0,0.0,1.9996709894990816,153236,65566,3,2.337125949425007,0.145865698010905,0.06241242499010022,0.07480809650004569,0.0,0.0,0.0,0.05639545066861616,0.3120868744098206,0.0,0.0,0.0,0.0,0.0,0.0,0.0,0.0,0.0,1.0,0.0,0.0,4724.0,0.0,5,0.0,0.0,0.0,0.0,0.145865698010905,4,benign
865606,105963770,167847,650231,47528,180621,270882,64615,578578,0,0.2581344168457056,0.2086642190557829,999.0,122.41570645305138,0,0,0,0,0,64605,108,0,0,0,0,0,0,0,0,0,0,0,0,0,0,0,0.0,0.0,0.0,0.0,0.0,1.9999003487792726,126451,54181,3,2.333862424097008,0.14608378407728229,0.0625931428386587,0.07464712582861024,0.0,0.0,0.0,0.054907197963045544,0.31293914321296296,0.0,0.0,0.0,0.0,0.0,0.0,0.0,0.0,0.0,1.0,0.0,0.0,4724.0,0.0,5,0.0,0.0,0.0,0.0,0.14608378407728229,4,benign
1040762,112609112,190731,780317,54389,204588,286923,69038,694865,0,0.24442758519934846,0.19657520163111258,999.0,108.19871594082028,0,0,0,0,0,73629,108,0,0,0,0,0,0,0,0,0,0,0,0,0,0,0,0.0,0.0,0.0,0.0,0.0,1.9974615324533314,134319,57379,3,2.340908694818662,0.1290583245737258,0.05513172079687767,0.06633408983033585,0.0,0.0,0.0,0.052258825744983,0.2756855073494228,0.0,0.0,0.0,0.0,0.0,0.0,0.0,0.0,0.0,1.0,0.0,0.0,4724.0,0.0,5,0.0,0.0,0.0,0.0,0.1290583245737258,4,benign
922473,105272526,167536,691590,47789,179177,268844,64781,615644,0,0.2422475744299368,0.19423549523942707,999.0,114.11989944421137,0,0,0,0,0,64771,108,0,0,0,0,0,0,0,0,0,0,0,0,0,0,0,0.0,0.0,0.0,0.0,0.0,2.0001451184389722,125400,53772,3,2.3320687346574425,0.13593893805021937,0.058291136976366786,0.07022536160949969,0.0,0.0,0.0,0.05180531029092451,0.291438340200743,0.0,0.0,0.0,0.0,0.0,0.0,0.0,0.0,0.0,1.0,0.0,0.0,4724.0,0.0,5,0.0,0.0,0.0,0.0,0.13593893805021937,4,benign
983102,105471785,167492,737744,47643,179377,269228,64461,656430,0,0.22703268342406038,0.18246021267376122,999.0,107.28468154881182,0,0,0,0,0,64461,108,0,0,0,0,0,0,0,0,0,0,0,0,0,0,0,0.0,0.0,0.0,0.0,0.0,1.999944253046571,125539,53846,3,2.331445232700665,0.12769682087921702,0.054771529302147695,0.06556898470352009,0.0,0.0,0.0,0.04846190934409654,0.2738556121338376,0.0,0.0,0.0,0.0,0.0,0.0,0.0,0.0,0.0,1.0,0.0,0.0,4724.0,0.0,5,0.0,0.0,0.0,0.0,0.12769682087921702,4,benign
859648,105042709,165661,644814,49173,179181,268318,64390,573758,0,0.25691284618510146,0.20843531305836807,999.0,122.19269863944312,0,0,0,0,0,64394,108,0,0,0,0,0,0,0,0,0,0,0,0,0,0,0,0.0,0.0,0.0,0.0,0.0,2.000033486253893,125506,53664,3,2.33873732856291,0.14599696620011912,0.06242555092316855,0.07490275089338892,0.0,0.0,0.0,0.057201319609886836,0.3121254280821918,0.0,0.0,0.0,0.0,0.0,0.0,0.0,0.0,0.0,1.0,0.0,0.0,4724.0,0.0,5,0.0,0.0,0.0,0.0,0.14599696620011912,4,benign
873055,106762987,169006,654917,49132,181898,272959,65392,582963,0,0.2580571278497886,0.2083465531953886,999.0,122.28666807933062,0,0,0,0,0,65390,108,0,0,0,0,0,0,0,0,0,0,0,0,0,0,0,0.0,0.0,0.0,0.0,0.0,1.9999560202746534,127312,54591,3,2.332106024802623,0.14582357354347664,0.06252870666796478,0.0749002067452795,0.0,0.0,0.0,0.056275950541489365,0.3126481149526662,0.0,0.0,0.0,0.0,0.0,0.0,0.0,0.0,0.0,1.0,0.0,0.0,4724.0,0.0,5,0.0,0.0,0.0,0.0,0.14582357354347664,4,benign
862599,105505821,166901,647353,48345,179842,269579,64692,575984,0,0.25782069442792416,0.20848853291042535,999.0,122.31155032639732,0,0,0,0,0,64697,108,0,0,0,0,0,0,0,0,0,0,0,0,0,0,0,0.0,0.0,0.0,0.0,0.0,2.0000889709398666,125922,53914,3,2.335608561783581,0.14597976580079505,0.06250181138628726,0.07499660908487026,0.0,0.0,0.0,0.05604574083670396,0.3125194905164509,0.0,0.0,0.0,0.0,0.0,0.0,0.0,0.0,0.0,1.0,0.0,0.0,4724.0,0.0,5,0.0,0.0,0.0,0.0,0.14597976580079505,4,benign
865280,106066734,168148,649216,47916,180325,270648,64545,578351,0,0.2590016265772871,0.20840074889053253,999.0,122.58082239275149,0,0,0,0,0,64556,108,0,0,0,0,0,0,0,0,0,0,0,0,0,0,0,0.0,0.0,0.0,0.0,0.0,2.000033273810184,126197,54134,3,2.3311966601396534,0.14584527551775148,0.0625624075443787,0.07459435096153846,0.0,0.0,0.0,0.055376294378698225,0.3127866124260355,0.0,0.0,0.0,0.0,0.0,0.0,0.0,0.0,0.0,1.0,0.0,0.0,4724.0,0.0,5,0.0,0.0,0.0,0.0,0.14584527551775148,4,benign
862720,105633554,167923,647075,47722,179783,269382,64743,576486,0,0.259510875864467,0.208390903189911,999.0,122.44245409866468,0,0,0,0,0,64725,108,0,0,0,0,0,0,0,0,0,0,0,0,0,0,0,0.0,0.0,0.0,0.0,0.0,2.0000333741239293,125900,53870,3,2.3371078522368665,0.14593379080118693,0.06244204376854599,0.07504520586053412,0.0,0.0,0.0,0.055315745548961424,0.31224731083086055,0.0,0.0,0.0,0.0,0.0,0.0,0.0,0.0,0.0,1.0,0.0,0.0,4724.0,0.0,5,0.0,0.0,0.0,0.0,0.14593379080118693,4,benign
867410,106250611,169001,650529,47880,180727,270737,65065,579726,0,0.25979010928029345,0.20835245155116958,999.0,122.49179857276259,0,0,0,0,0,65073,108,0,0,0,0,0,0,0,0,0,0,0,0,0,0,0,0.0,0.0,0.0,0.0,0.0,1.9999225380946584,126586,54146,3,2.3378642928378826,0.14593560138804026,0.062422614449914114,0.07501066393055188,0.0,0.0,0.0,0.05519881025120762,0.3121211422510693,0.0,0.0,0.0,0.0,0.0,0.0,0.0,0.0,0.0,1.0,0.0,0.0,4724.0,0.0,5,0.0,0.0,0.0,0.0,0.14593560138804026,4,benign
1111481,120619442,180650,832649,52045,192266,307944,74428,742920,0,0.21695816604595694,0.17298181435400156,999.0,108.52137103558225,0,0,0,0,0,74108,108,0,0,0,0,0,0,0,0,0,0,0,0,0,0,0,0.0,0.0,0.0,0.0,0.0,2.0015615565595786,143397,61596,3,2.3280245470485097,0.1290143511225113,0.05541795136399093,0.06696290804791086,0.0,0.0,0.0,0.0468249119867996,0.2770573676023252,0.0,0.0,0.0,0.0,0.0,0.0,0.0,0.0,0.0,1.0,0.0,0.0,4724.0,0.0,5,0.0,0.0,0.0,0.0,0.1290143511225113,4,benign
1049979,120840224,192522,787782,53872,205697,308795,74087,701556,0,0.24438486789492525,0.19590582287836233,999.0,115.0882293836353,0,0,0,0,0,74302,108,0,0,0,0,0,0,0,0,0,0,0,0,0,0,0,0.0,0.0,0.0,0.0,0.0,1.9988824752686918,143931,61756,3,2.330639937819807,0.13707988445483196,0.058816414423526565,0.07056045882822419,0.0,0.0,0.0,0.051307692820523075,0.29409635811763857,0.0,0.0,0.0,0.0,0.0,0.0,0.0,0.0,0.0,1.0,0.0,0.0,4724.0,0.0,5,0.0,0.0,0.0,0.0,0.13707988445483196,4,benign
865792,105981326,168261,649542,47989,180413,270731,64838,578432,0,0.2590456044412832,0.20837914880248373,999.0,122.40968500517445,0,0,0,0,0,64838,108,0,0,0,0,0,0,0,0,0,0,0,0,0,0,0,0.0,0.0,0.0,0.0,0.0,2.000055429914416,126264,54147,3,2.331874342068813,0.14583641336487285,0.06254042541395624,0.07488865685984625,0.0,0.0,0.0,0.05542786258131283,0.3126975070224719,0.0,0.0,0.0,0.0,0.0,0.0,0.0,0.0,0.0,1.0,0.0,0.0,4724.0,0.0,5,0.0,0.0,0.0,0.0,0.14583641336487285,4,benign
863394,105691938,168050,647738,47606,179908,269942,64836,576819,0,0.25944131732274467,0.2083730023604519,999.0,122.41449210904871,0,0,0,0,0,64840,108,0,0,0,0,0,0,0,0,0,0,0,0,0,0,0,0.0,0.0,0.0,0.0,0.0,1.9998888382485354,125931,53998,3,2.3321419311826364,0.14585577384137485,0.06254155113424462,0.07509433700025712,0.0,0.0,0.0,0.05513821036514036,0.3126521611222686,0.0,0.0,0.0,0.0,0.0,0.0,0.0,0.0,0.0,1.0,0.0,0.0,4724.0,0.0,5,0.0,0.0,0.0,0.0,0.14585577384137485,4,benign
922352,105343551,167676,691438,47886,179289,268782,64760,616408,0,0.24250330470700193,0.1943824049820459,999.0,114.21187464221902,0,0,0,0,0,64756,108,0,0,0,0,0,0,0,0,0,0,0,0,0,0,0,0.0,0.0,0.0,0.0,0.0,2.0001450277783976,125535,53749,3,2.335578336341141,0.13610313632973095,0.058273847728416046,0.0702118063385779,0.0,0.0,0.0,0.05191727236456364,0.2914093534789321,0.0,0.0,0.0,0.0,0.0,0.0,0.0,0.0,0.0,1.0,0.0,0.0,4724.0,0.0,5,0.0,0.0,0.0,0.0,0.13610313632973095,4,benign
937923,107215330,170428,703170,48122,182365,273814,65661,626705,0,0.24237097714635153,0.19443493762281125,999.0,114.31144134433211,0,0,0,0,0,65678,108,0,0,0,0,0,0,0,0,0,0,0,0,0,0,0,0.0,0.0,0.0,0.0,0.0,1.9998793700925561,127596,54761,3,2.3300524095615494,0.1360410182925464,0.05838538984543507,0.07000681292600779,0.0,0.0,0.0,0.051306983622322944,0.29193654489760884,0.0,0.0,0.0,0.0,0.0,0.0,0.0,0.0,0.0,1.0,0.0,0.0,4724.0,0.0,5,0.0,0.0,0.0,0.0,0.1360410182925464,4,benign
838231,110415785,175273,628622,50235,187753,280893,67678,559934,0,0.27882097667596745,0.2239871825308298,999.0,131.7247691865369,0,0,0,0,0,67509,108,0,0,0,0,0,0,0,0,0,0,0,0,0,0,0,0.0,0.0,0.0,0.0,0.0,1.9978611787990679,131571,56176,3,2.3421211905440047,0.15696269882645714,0.06701732577296712,0.0807390802773937,0.0,0.0,0.0,0.05992978069291162,0.3351021377162143,0.0,0.0,0.0,0.0,0.0,0.0,0.0,0.0,0.0,1.0,0.0,0.0,4724.0,0.0,5,0.0,0.0,0.0,0.0,0.15696269882645714,4,benign
920496,112706196,179324,689763,51409,191607,287389,69198,614956,0,0.2599791522595442,0.2081562548886687,999.0,122.44072326224122,0,0,0,0,0,69078,108,0,0,0,0,0,0,0,0,0,0,0,0,0,0,0,0.0,0.0,0.0,0.0,0.0,1.9994886671953918,134122,57486,3,2.3331245868559303,0.14570622794667223,0.06245111331282265,0.07517468842884706,0.0,0.0,0.0,0.05584923780222836,0.3122110253602406,0.0,0.0,0.0,0.0,0.0,0.0,0.0,0.0,0.0,1.0,0.0,0.0,4724.0,0.0,5,0.0,0.0,0.0,0.0,0.14570622794667223,4,benign
1045523,120505677,191366,783284,55331,205068,307475,74048,698163,0,0.2443124077601483,0.19613915714910146,999.0,115.25875279644733,0,0,0,0,0,73744,108,0,0,0,0,0,0,0,0,0,0,0,0,0,0,0,0.0,0.0,0.0,0.0,0.0,2.0011124447436988,143572,61486,3,2.335035617864229,0.13732074760670018,0.05880884495128275,0.0708238843143575,0.0,0.0,0.0,0.05292183911783863,0.2940872654164471,0.0,0.0,0.0,0.0,0.0,0.0,0.0,0.0,0.0,1.0,0.0,0.0,4724.0,0.0,5,0.0,0.0,0.0,0.0,0.13732074760670018,4,benign
983834,120194403,202614,738337,58352,217668,308295,74010,657295,0,0.27441940468918663,0.22124464086421083,999.0,122.16939341392958,0,0,0,0,0,73941,108,0,0,0,0,0,0,0,0,0,0,0,0,0,0,0,0.0,0.0,0.0,0.0,0.0,2.0009192528312987,143437,61665,3,2.3260682721154624,0.14579390425620584,0.06267825669777626,0.075226105216937,0.0,0.0,0.0,0.059310818695023755,0.3133607905398675,0.0,0.0,0.0,0.0,0.0,0.0,0.0,0.0,0.0,1.0,0.0,0.0,4724.0,0.0,5,0.0,0.0,0.0,0.0,0.14579390425620584,4,benign
920038,112521414,178848,689691,51499,191687,287030,69355,613694,0,0.259316128527123,0.2083468291527089,999.0,122.30083322645369,0,0,0,0,0,69313,108,0,0,0,0,0,0,0,0,0,0,0,0,0,0,0,0.0,0.0,0.0,0.0,0.0,1.997842558912733,134269,57399,3,2.339221937664419,0.14593853732128456,0.06238764051050065,0.07538275592964638,0.0,0.0,0.0,0.05597486190787772,0.311976244459468,0.0,0.0,0.0,0.0,0.0,0.0,0.0,0.0,0.0,1.0,0.0,0.0,4724.0,0.0,5,0.0,0.0,0.0,0.0,0.14593853732128456,4,benign
867484,106156168,167731,650897,48856,180772,271427,64781,579311,0,0.2576920772410996,0.20838655237445303,999.0,122.37247949241716,0,0,0,0,0,64788,108,0,0,0,0,0,0,0,0,0,0,0,0,0,0,0,0.0,0.0,0.0,0.0,0.0,1.999933620241401,126492,54289,3,2.3299747646852955,0.14581479312586745,0.06258213407970636,0.07467688164853761,0.0,0.0,0.0,0.0563191943597807,0.31288992073629024,0.0,0.0,0.0,0.0,0.0,0.0,0.0,0.0,0.0,1.0,0.0,0.0,4724.0,0.0,5,0.0,0.0,0.0,0.0,0.14581479312586745,4,benign
859268,105226454,167632,643731,47905,178839,267997,64507,574199,0,0.2604069090971229,0.20812947764841702,999.0,122.46057574586742,0,0,0,0,0,64495,108,0,0,0,0,0,0,0,0,0,0,0,0,0,0,0,0.0,0.0,0.0,0.0,0.0,1.9999440853481245,125244,53598,3,2.3367289824247175,0.1457566207516165,0.062376348240595486,0.07507203806030249,0.0,0.0,0.0,0.055750941499043374,0.3118898876718323,0.0,0.0,0.0,0.0,0.0,0.0,0.0,0.0,0.0,1.0,0.0,0.0,4724.0,0.0,5,0.0,0.0,0.0,0.0,0.1457566207516165,4,benign
921232,120364924,191410,690383,54140,204793,305876,73521,615758,0,0.27725190220500795,0.22230339371624086,999.0,130.65647307084427,0,0,0,0,0,73727,108,0,0,0,0,0,0,0,0,0,0,0,0,0,0,0,0.0,0.0,0.0,0.0,0.0,1.9983509138279292,143616,61181,3,2.3473954332227325,0.15589558330583392,0.06641215242197405,0.07980725810653559,0.0,0.0,0.0,0.05876912656095316,0.33202928252600866,0.0,0.0,0.0,0.0,0.0,0.0,0.0,0.0,0.0,1.0,0.0,0.0,4724.0,0.0,5,0.0,0.0,0.0,0.0,0.15589558330583392,4,benign
862720,105607043,167666,647310,47744,179797,269979,64694,576264,0,0.25901963510528186,0.2084071309347181,999.0,122.41172454562314,0,0,0,0,0,64697,108,0,0,0,0,0,0,0,0,0,0,0,0,0,0,0,0.0,0.0,0.0,0.0,0.0,2.000122367703826,125784,53988,3,2.329851078017337,0.14579933234421366,0.06257882047477745,0.0749884087537092,0.0,0.0,0.0,0.055341246290801185,0.31293930823442134,0.0,0.0,0.0,0.0,0.0,0.0,0.0,0.0,0.0,1.0,0.0,0.0,4724.0,0.0,5,0.0,0.0,0.0,0.0,0.14579933234421366,4,benign
863744,105766158,167842,648396,47506,180098,270144,64687,577196,0,0.25885724156225515,0.2085085395672792,999.0,122.45081644561351,0,0,0,0,0,64686,108,0,0,0,0,0,0,0,0,0,0,0,0,0,0,0,0.0,0.0,0.0,0.0,0.0,1.9998667480983843,126084,54029,3,2.333635640119195,0.14597380705394192,0.06255209877000593,0.07489140300829876,0.0,0.0,0.0,0.055000092620035565,0.31275933609958506,0.0,0.0,0.0,0.0,0.0,0.0,0.0,0.0,0.0,1.0,0.0,0.0,4724.0,0.0,5,0.0,0.0,0.0,0.0,0.14597380705394192,4,benign
871936,106759198,169304,654325,48307,181708,272832,65279,582498,0,0.25874603599128876,0.2083960290663535,999.0,122.43925930343511,0,0,0,0,0,65279,108,0,0,0,0,0,0,0,0,0,0,0,0,0,0,0,0.0,0.0,0.0,0.0,0.0,2.0,127150,54573,3,2.329906730434464,0.1458249229301233,0.06258830923370523,0.07486673333822666,0.0,0.0,0.0,0.05540200198179683,0.312903699354081,0.0,0.0,0.0,0.0,0.0,0.0,0.0,0.0,0.0,1.0,0.0,0.0,4724.0,0.0,5,0.0,0.0,0.0,0.0,0.1458249229301233,4,benign
864427,105876882,168783,648120,47524,180093,269696,64912,577851,0,0.2604193667839289,0.20833800887755705,999.0,122.48215523115313,0,0,0,0,0,64909,108,0,0,0,0,0,0,0,0,0,0,0,0,0,0,0,0.0,0.0,0.0,0.0,0.0,1.9999888946883295,126151,53943,3,2.3385981498989676,0.1459359783995641,0.06240318731367715,0.0750925179338452,0.0,0.0,0.0,0.054977459056693045,0.31199395669038565,0.0,0.0,0.0,0.0,0.0,0.0,0.0,0.0,0.0,1.0,0.0,0.0,4724.0,0.0,5,0.0,0.0,0.0,0.0,0.1459359783995641,4,benign
862785,113256480,180552,647267,50106,192794,289051,69489,576615,0,0.2789451648237899,0.22345543791326924,999.0,131.26848519619605,0,0,0,0,0,69503,108,0,0,0,0,0,0,0,0,0,0,0,0,0,0,0,0.0,0.0,0.0,0.0,0.0,1.999315565695323,134974,57805,3,2.3349883228094455,0.15643990101821428,0.06699815133550073,0.0805403431909456,0.0,0.0,0.0,0.0580747231349641,0.3350208916473977,0.0,0.0,0.0,0.0,0.0,0.0,0.0,0.0,0.0,1.0,0.0,0.0,4724.0,0.0,5,0.0,0.0,0.0,0.0,0.15643990101821428,4,benign
927974,105868207,167773,695882,48407,180437,270095,64847,619520,0,0.24109403605783739,0.19444187013860303,999.0,114.08531596790428,0,0,0,0,0,64859,108,0,0,0,0,0,0,0,0,0,0,0,0,0,0,0,0.0,0.0,0.0,0.0,0.0,1.9998337508035378,126416,54024,3,2.3399970383533244,0.13622795466252288,0.05821714832527636,0.06988019060878861,0.0,0.0,0.0,0.05216417701358012,0.29105880121641337,0.0,0.0,0.0,0.0,0.0,0.0,0.0,0.0,0.0,1.0,0.0,0.0,4724.0,0.0,5,0.0,0.0,0.0,0.0,0.13622795466252288,4,benign
863744,105693963,167862,647803,48079,179970,269728,64766,577072,0,0.2591250735177207,0.20836034751037344,999.0,122.36723265226733,0,0,0,0,0,64757,108,0,0,0,0,0,0,0,0,0,0,0,0,0,0,0,0.0,0.0,0.0,0.0,0.0,2.000022226173542,126026,53935,3,2.3366274218967273,0.14590665752815649,0.06244327022821577,0.07498286529342027,0.0,0.0,0.0,0.05566348362477771,0.3122777119146414,0.0,0.0,0.0,0.0,0.0,0.0,0.0,0.0,0.0,1.0,0.0,0.0,4724.0,0.0,5,0.0,0.0,0.0,0.0,0.14590665752815649,4,benign
864667,105854904,168721,647928,48018,179998,269920,65008,577691,0,0.2604008470076922,0.20817031296441288,999.0,122.42274077766353,0,0,0,0,0,65019,108,0,0,0,0,0,0,0,0,0,0,0,0,0,0,0,0.0,0.0,0.0,0.0,0.0,2.000200022224692,126001,53984,3,2.3340434202726734,0.14572199471010228,0.06243328356465553,0.0751827003921741,0.0,0.0,0.0,0.05553351752755685,0.31216641782327764,0.0,0.0,0.0,0.0,0.0,0.0,0.0,0.0,0.0,1.0,0.0,0.0,4724.0,0.0,5,0.0,0.0,0.0,0.0,0.14572199471010228,4,benign
923948,105476180,167273,693193,48189,179484,269449,64602,617296,0,0.24130797627789086,0.19425768549745223,999.0,114.15813444046634,0,0,0,0,0,64598,108,0,0,0,0,0,0,0,0,0,0,0,0,0,0,0,0.0,0.0,0.0,0.0,0.0,1.9999554287751828,125610,53893,3,2.3307294082719463,0.13594920926285894,0.058329040162433385,0.06991951928030582,0.0,0.0,0.0,0.05215553256243858,0.2916278838203016,0.0,0.0,0.0,0.0,0.0,0.0,0.0,0.0,0.0,1.0,0.0,0.0,4724.0,0.0,5,0.0,0.0,0.0,0.0,0.13594920926285894,4,benign
861617,105405654,166810,646727,48080,179695,269207,64478,575585,0,0.25792954368690346,0.20855554149929725,999.0,122.33469627456283,0,0,0,0,0,64465,108,0,0,0,0,0,0,0,0,0,0,0,0,0,0,0,0.0,0.0,0.0,0.0,0.0,1.9999220932432582,125853,53848,3,2.337189867775962,0.14606605951368185,0.062496445636518315,0.07483371381948128,0.0,0.0,0.0,0.05580205590186823,0.31244392810262567,0.0,0.0,0.0,0.0,0.0,0.0,0.0,0.0,0.0,1.0,0.0,0.0,4724.0,0.0,5,0.0,0.0,0.0,0.0,0.14606605951368185,4,benign
923554,113103550,180314,692027,51213,192173,288935,69286,617473,0,0.26055919783476655,0.20807987405176093,999.0,122.46555155410512,0,0,0,0,0,69322,108,0,0,0,0,0,0,0,0,0,0,0,0,0,0,0,0.0,0.0,0.0,0.0,0.0,2.0009683465222823,134391,57791,3,2.3254659029952762,0.14551504297528894,0.06257457603995002,0.07502105994884976,0.0,0.0,0.0,0.055452090511220783,0.3128512247253544,0.0,0.0,0.0,0.0,0.0,0.0,0.0,0.0,0.0,1.0,0.0,0.0,4724.0,0.0,5,0.0,0.0,0.0,0.0,0.14551504297528894,4,benign
854115,104367070,163922,641043,49152,178012,267606,63755,569744,0,0.2557113953354143,0.20841689936366883,999.0,122.19322924898871,0,0,0,0,0,63755,108,0,0,0,0,0,0,0,0,0,0,0,0,0,0,0,0.0,0.0,0.0,0.0,0.0,2.0002472048991518,124477,53511,3,2.3261946141914747,0.14573798610257402,0.0626508140004566,0.07464451508286354,0.0,0.0,0.0,0.057547285787042726,0.31331378093113926,0.0,0.0,0.0,0.0,0.0,0.0,0.0,0.0,0.0,1.0,0.0,0.0,4724.0,0.0,5,0.0,0.0,0.0,0.0,0.14573798610257402,4,benign
932323,113988141,181962,698251,52112,193862,291334,70580,622240,0,0.2605968340897471,0.20793437467487128,999.0,122.2625002279253,0,0,0,0,0,70631,108,0,0,0,0,0,0,0,0,0,0,0,0,0,0,0,0.0,0.0,0.0,0.0,0.0,2.000805020022293,135599,58264,3,2.32732047233283,0.14544208391297866,0.06249336335154233,0.07570337747754802,0.0,0.0,0.0,0.055894791826437834,0.3124818330128078,0.0,0.0,0.0,0.0,0.0,0.0,0.0,0.0,0.0,1.0,0.0,0.0,4724.0,0.0,5,0.0,0.0,0.0,0.0,0.14544208391297866,4,benign
987591,128259499,204091,740449,58577,218252,327594,78982,659009,0,0.27563140742981623,0.22099431849824472,999.0,129.87106909641744,0,0,0,0,0,78910,108,0,0,0,0,0,0,0,0,0,0,0,0,0,0,0,0.0,0.0,0.0,0.0,0.0,1.9985531797994598,152749,65516,3,2.331476280603211,0.15466827867001623,0.06633920317216338,0.07997440235887124,0.0,0.0,0.0,0.059313015205687374,0.3317101917696698,0.0,0.0,0.0,0.0,0.0,0.0,0.0,0.0,0.0,1.0,0.0,0.0,4724.0,0.0,5,0.0,0.0,0.0,0.0,0.15466827867001623,4,benign
860700,105396084,167431,646031,47238,179481,269057,64517,575204,0,0.2591686776640749,0.20852910421749737,999.0,122.45391425583827,0,0,0,0,0,64523,108,0,0,0,0,0,0,0,0,0,0,0,0,0,0,0,0.0,0.0,0.0,0.0,0.0,2.0002117439903713,125656,53814,3,2.335005760582748,0.14599279656093878,0.06252352736144998,0.07495875450214941,0.0,0.0,0.0,0.05488323457650749,0.3126025328221215,0.0,0.0,0.0,0.0,0.0,0.0,0.0,0.0,0.0,1.0,0.0,0.0,4724.0,0.0,5,0.0,0.0,0.0,0.0,0.14599279656093878,4,benign
862955,128318582,203229,647453,58042,218178,327173,78177,576545,0,0.31388996575813227,0.25282662479503565,999.0,148.69672462642896,0,0,0,0,0,73772,108,0,0,0,0,0,0,0,0,0,0,0,0,0,0,0,0.0,0.0,0.0,0.0,0.0,1.9978023789248138,152748,65435,3,2.334347061969894,0.1770057534865665,0.07582666535334982,0.09059220932725345,0.0,0.0,0.0,0.06725959059278873,0.3791310091487969,0.0,0.0,0.0,0.0,0.0,0.0,0.0,0.0,0.0,1.0,0.0,0.0,4724.0,0.0,5,0.0,0.0,0.0,0.0,0.1770057534865665,4,benign
983985,128262216,203462,738655,58443,217877,326504,78225,656944,0,0.275449296356215,0.22142309079914835,999.0,130.34976752694402,0,0,0,0,0,78438,108,0,0,0,0,0,0,0,0,0,0,0,0,0,0,0,0.0,0.0,0.0,0.0,0.0,1.997002804714854,152580,65306,3,2.3363856307230577,0.15506333938017347,0.06636889789986636,0.0794981630817543,0.0,0.0,0.0,0.05939419808228784,0.331818066332312,0.0,0.0,0.0,0.0,0.0,0.0,0.0,0.0,0.0,1.0,0.0,0.0,4724.0,0.0,5,0.0,0.0,0.0,0.0,0.15506333938017347,4,benign
862720,105639426,167020,647851,47849,179971,269943,64419,576405,0,0.25780619309069525,0.20860881862017805,999.0,122.44926047848665,0,0,0,0,0,64422,108,0,0,0,0,0,0,0,0,0,0,0,0,0,0,0,0.0,0.0,0.0,0.0,0.0,2.000011112963272,125974,53980,3,2.333716191181919,0.14601956602373886,0.0625695474777448,0.07466964948071217,0.0,0.0,0.0,0.0554629543768546,0.3128975797477745,0.0,0.0,0.0,0.0,0.0,0.0,0.0,0.0,0.0,1.0,0.0,0.0,4724.0,0.0,5,0.0,0.0,0.0,0.0,0.14601956602373886,4,benign
862208,105639538,167689,646865,47654,179693,269493,64402,576335,0,0.25923337945320896,0.20841026759204276,999.0,122.52210371511282,0,0,0,0,0,64413,108,0,0,0,0,0,0,0,0,0,0,0,0,0,0,0,0.0,0.0,0.0,0.0,0.0,2.0001224385302923,125789,53900,3,2.333747680890538,0.14589171058491687,0.06251391775534441,0.07469427330760095,0.0,0.0,0.0,0.05526972609857482,0.3125614700861045,0.0,0.0,0.0,0.0,0.0,0.0,0.0,0.0,0.0,1.0,0.0,0.0,4724.0,0.0,5,0.0,0.0,0.0,0.0,0.14589171058491687,4,benign
870519,106515699,169505,653038,47976,181428,271880,65450,581622,0,0.2595637619862856,0.2084136015411496,999.0,122.35884455135385,0,0,0,0,0,65438,108,0,0,0,0,0,0,0,0,0,0,0,0,0,0,0,0.0,0.0,0.0,0.0,0.0,1.9999118146343615,127057,54375,3,2.3366804597701147,0.14595545875506452,0.062462737746103184,0.07518503329622903,0.0,0.0,0.0,0.05511195045714108,0.31231943243053856,0.0,0.0,0.0,0.0,0.0,0.0,0.0,0.0,0.0,1.0,0.0,0.0,4724.0,0.0,5,0.0,0.0,0.0,0.0,0.14595545875506452,4,benign
861044,105450257,167592,645519,47933,179278,269181,64427,575340,0,0.2596236516663336,0.20821003340131283,999.0,122.46790756337656,0,0,0,0,0,64425,108,0,0,0,0,0,0,0,0,0,0,0,0,0,0,0,0.0,0.0,0.0,0.0,0.0,2.0,125447,53836,3,2.3301694033732074,0.14569174165315593,0.06252409865233367,0.07482428307961034,0.0,0.0,0.0,0.05566846758121536,0.31262165464250374,0.0,0.0,0.0,0.0,0.0,0.0,0.0,0.0,0.0,1.0,0.0,0.0,4724.0,0.0,5,0.0,0.0,0.0,0.0,0.14569174165315593,4,benign
856645,104871170,166653,642237,47755,178412,267610,64302,572225,0,0.25948831973243525,0.2082683025057054,999.0,122.42080441723235,0,0,0,0,0,64306,108,0,0,0,0,0,0,0,0,0,0,0,0,0,0,0,0.0,0.0,0.0,0.0,0.0,2.0001121063665206,124872,53519,3,2.3332274519329586,0.14576866730092394,0.06247512096609447,0.07506259885950423,0.0,0.0,0.0,0.05574654611887071,0.31239311500096306,0.0,0.0,0.0,0.0,0.0,0.0,0.0,0.0,0.0,1.0,0.0,0.0,4724.0,0.0,5,0.0,0.0,0.0,0.0,0.14576866730092394,4,benign
995491,121965471,194095,746549,54847,207315,310555,74646,665226,0,0.25998963229473215,0.2082540173642956,999.0,122.51790423017385,0,0,0,0,0,74680,108,0,0,0,0,0,0,0,0,0,0,0,0,0,0,0,0.0,0.0,0.0,0.0,0.0,2.0013611746647744,145213,62113,3,2.3378841788353486,0.14587073112665006,0.062394336061300404,0.07498410332187835,0.0,0.0,0.0,0.05509542527255395,0.3119616350122703,0.0,0.0,0.0,0.0,0.0,0.0,0.0,0.0,0.0,1.0,0.0,0.0,4724.0,0.0,5,0.0,0.0,0.0,0.0,0.14587073112665006,4,benign
863758,105704151,167419,647870,48470,179950,269963,64662,576893,0,0.2584144967354562,0.20833381572153312,999.0,122.37704426471304,0,0,0,0,0,64664,108,0,0,0,0,0,0,0,0,0,0,0,0,0,0,0,0.0,0.0,0.0,0.0,0.0,1.9999777718502711,125963,53995,3,2.3328641540883415,0.14583135554171422,0.06251172203325468,0.07486124585821492,0.0,0.0,0.0,0.056115254504155096,0.3125447173861197,0.0,0.0,0.0,0.0,0.0,0.0,0.0,0.0,0.0,1.0,0.0,0.0,4724.0,0.0,5,0.0,0.0,0.0,0.0,0.14583135554171422,4,benign
921717,112826638,179599,690555,51563,191869,288153,69283,615921,0,0.2600792116486015,0.20816476206905157,999.0,122.40919718308331,0,0,0,0,0,69136,108,0,0,0,0,0,0,0,0,0,0,0,0,0,0,0,0.0,0.0,0.0,0.0,0.0,1.9990518858095436,134230,57630,3,2.3291688356758633,0.14563038329552347,0.06252461438814734,0.07516732359281646,0.0,0.0,0.0,0.055942333709804636,0.3126263267358636,0.0,0.0,0.0,0.0,0.0,0.0,0.0,0.0,0.0,1.0,0.0,0.0,4724.0,0.0,5,0.0,0.0,0.0,0.0,0.14563038329552347,4,benign
860160,105176728,165743,646158,48259,179458,269346,64259,574301,0,0.2565053748463998,0.2086332775297619,999.0,122.27577194940476,0,0,0,0,0,64255,108,0,0,0,0,0,0,0,0,0,0,0,0,0,0,0,0.0,0.0,0.0,0.0,0.0,1.9999777109105092,125594,53870,3,2.3314275106738442,0.14601236979166668,0.06262788318452381,0.07470586867559524,0.0,0.0,0.0,0.05610467819940476,0.313134765625,0.0,0.0,0.0,0.0,0.0,0.0,0.0,0.0,0.0,1.0,0.0,0.0,4724.0,0.0,5,0.0,0.0,0.0,0.0,0.14601236979166668,4,benign
862963,105493756,167054,646959,48950,179730,269527,64754,576063,0,0.25821419904507087,0.20827080651198254,999.0,122.24597810103099,0,0,0,0,0,64747,108,0,0,0,0,0,0,0,0,0,0,0,0,0,0,0,0.0,0.0,0.0,0.0,0.0,1.9999777446420226,125824,53907,3,2.334093902461647,0.14580462893542365,0.06246733637479243,0.07503682081387035,0.0,0.0,0.0,0.05672317353119427,0.31232741148809395,0.0,0.0,0.0,0.0,0.0,0.0,0.0,0.0,0.0,1.0,0.0,0.0,4724.0,0.0,5,0.0,0.0,0.0,0.0,0.14580462893542365,4,benign
1050337,135947559,215058,786799,63971,231422,345983,83279,701108,0,0.27333283341742937,0.22033118894221568,999.0,129.43232410169307,0,0,0,0,0,83390,108,0,0,0,0,0,0,0,0,0,0,0,0,0,0,0,0.0,0.0,0.0,0.0,0.0,1.997238308118511,162227,69201,3,2.344286932269765,0.1544523329179111,0.0658845684765937,0.07928788569763799,0.0,0.0,0.0,0.060905214231241976,0.32940189672457504,0.0,0.0,0.0,0.0,0.0,0.0,0.0,0.0,0.0,1.0,0.0,0.0,4724.0,0.0,5,0.0,0.0,0.0,0.0,0.1544523329179111,4,benign
868612,106350224,169719,650936,47957,180770,271699,65455,580098,0,0.2607307016357983,0.20811363416577253,999.0,122.43697300981336,0,0,0,0,0,65466,108,0,0,0,0,0,0,0,0,0,0,0,0,0,0,0,0.0,0.0,0.0,0.0,0.0,1.9998893682929528,126425,54330,3,2.326983250506166,0.14554830004651098,0.06254806518906025,0.07535585508834784,0.0,0.0,0.0,0.05521107237754026,0.3127967377839588,0.0,0.0,0.0,0.0,0.0,0.0,0.0,0.0,0.0,1.0,0.0,0.0,4724.0,0.0,5,0.0,0.0,0.0,0.0,0.14554830004651098,4,benign
860959,112827987,179973,645401,50614,192067,288724,69427,575116,0,0.27885454159507034,0.223084955265001,999.0,131.04919862618314,0,0,0,0,0,69482,108,0,0,0,0,0,0,0,0,0,0,0,0,0,0,0,0.0,0.0,0.0,0.0,0.0,2.00015620769375,134318,57758,3,2.325530662419059,0.1560097519161772,0.06708565680828008,0.08063914774106548,0.0,0.0,0.0,0.05878793299100189,0.33535162533872115,0.0,0.0,0.0,0.0,0.0,0.0,0.0,0.0,0.0,1.0,0.0,0.0,4724.0,0.0,5,0.0,0.0,0.0,0.0,0.1560097519161772,4,benign
1046283,113056497,178977,785588,50558,192684,289509,69006,698977,0,0.2278255268665,0.1841604995971453,999.0,108.05537029656412,0,0,0,0,0,68949,108,0,0,0,0,0,0,0,0,0,0,0,0,0,0,0,0.0,0.0,0.0,0.0,0.0,1.998962569507843,134790,57894,3,2.3282205409887036,0.12882747784299275,0.055333021754152556,0.0659534753025711,0.0,0.0,0.0,0.048321534422331246,0.27670238358073296,0.0,0.0,0.0,0.0,0.0,0.0,0.0,0.0,0.0,1.0,0.0,0.0,4724.0,0.0,5,0.0,0.0,0.0,0.0,0.12882747784299275,4,benign
867328,106172122,168902,650320,48106,180611,271214,65122,579380,0,0.2597213679419363,0.208238405770366,999.0,122.41288416838843,0,0,0,0,0,65114,108,0,0,0,0,0,0,0,0,0,0,0,0,0,0,0,0.0,0.0,0.0,0.0,0.0,2.000077517662953,126362,54238,3,2.3297687967845424,0.14569113414994098,0.0625345889905549,0.07508347476387249,0.0,0.0,0.0,0.055464599321133415,0.31270061614521844,0.0,0.0,0.0,0.0,0.0,0.0,0.0,0.0,0.0,1.0,0.0,0.0,4724.0,0.0,5,0.0,0.0,0.0,0.0,0.14569113414994098,4,benign
868209,106302354,169369,650791,48049,180808,270910,65201,580228,0,0.2602509868759709,0.2082540033563347,999.0,122.43866856943431,0,0,0,0,0,65205,108,0,0,0,0,0,0,0,0,0,0,0,0,0,0,0,0.0,0.0,0.0,0.0,0.0,2.0000442468086987,126624,54189,3,2.3367104024802083,0.14584506725915072,0.062414695079180245,0.07509827702776635,0.0,0.0,0.0,0.05534266518776009,0.3120331625219273,0.0,0.0,0.0,0.0,0.0,0.0,0.0,0.0,0.0,1.0,0.0,0.0,4724.0,0.0,5,0.0,0.0,0.0,0.0,0.14584506725915072,4,benign
863867,105762110,168069,647876,47922,179962,269957,64850,577071,0,0.2594153819558064,0.20832141984819422,999.0,122.42869562096944,0,0,0,0,0,64847,108,0,0,0,0,0,0,0,0,0,0,0,0,0,0,0,0.0,0.0,0.0,0.0,0.0,1.9998444237009378,125981,53991,3,2.333370376544239,0.14583379154430023,0.06249920415989962,0.07506942619639366,0.0,0.0,0.0,0.05547381715009371,0.3124983359706992,0.0,0.0,0.0,0.0,0.0,0.0,0.0,0.0,0.0,1.0,0.0,0.0,4724.0,0.0,5,0.0,0.0,0.0,0.0,0.14583379154430023,4,benign
864756,105923947,180838,648133,50898,192645,270170,65042,577880,0,0.2790137209492496,0.22277382290495817,999.0,122.48998214525254,0,0,0,0,0,65034,108,0,0,0,0,0,0,0,0,0,0,0,0,0,0,0,0.0,0.0,0.0,0.0,0.0,2.0010075409767953,125993,54025,3,2.332124016658954,0.14569774595377194,0.06247427019876127,0.07521428009750727,0.0,0.0,0.0,0.05885822127860344,0.31242338879406445,0.0,0.0,0.0,0.0,0.0,0.0,0.0,0.0,0.0,1.0,0.0,0.0,4724.0,0.0,5,0.0,0.0,0.0,0.0,0.14569774595377194,4,benign
860430,105427357,167385,645261,47784,179235,268785,64350,575015,0,0.2594066587008978,0.20830863637948469,999.0,122.52868565717141,0,0,0,0,0,64356,108,0,0,0,0,0,0,0,0,0,0,0,0,0,0,0,0.0,0.0,0.0,0.0,0.0,1.9997210755327457,125487,53771,3,2.3337300775510963,0.14584219518147903,0.062493172018641845,0.07478818730169799,0.0,0.0,0.0,0.055535023186081375,0.31238450542170776,0.0,0.0,0.0,0.0,0.0,0.0,0.0,0.0,0.0,1.0,0.0,0.0,4724.0,0.0,5,0.0,0.0,0.0,0.0,0.14584219518147903,4,benign
989204,113833929,204053,742742,58000,219583,290775,69502,660547,0,0.27472931381287174,0.22197949058030497,999.0,115.07629265550888,0,0,0,0,0,74200,108,0,0,0,0,0,0,0,0,0,0,0,0,0,0,0,0.0,0.0,0.0,0.0,0.0,1.998080020382722,135692,58148,3,2.3335626332805943,0.1371729188317071,0.05878261713458498,0.07026053271114957,0.0,0.0,0.0,0.05863300188838703,0.2939484676568231,0.0,0.0,0.0,0.0,0.0,0.0,0.0,0.0,0.0,1.0,0.0,0.0,4724.0,0.0,5,0.0,0.0,0.0,0.0,0.1371729188317071,4,benign
986585,135725305,239397,740005,68731,257270,366632,88014,658895,0,0.3235072735995027,0.2607682054764668,999.0,137.57081751699042,0,0,0,0,0,83428,108,0,0,0,0,0,0,0,0,0,0,0,0,0,0,0,0.0,0.0,0.0,0.0,0.0,2.001057814213601,170816,73317,3,2.3298280071470465,0.17313865505759768,0.07431392125361727,0.08921076237729136,0.0,0.0,0.0,0.0696655635348196,0.3716172453463209,0.0,0.0,0.0,0.0,0.0,0.0,0.0,0.0,0.0,1.0,0.0,0.0,4724.0,0.0,5,0.0,0.0,0.0,0.0,0.17313865505759768,4,benign
859219,105142420,166162,645319,47741,179253,268982,64250,573873,0,0.2574881570200165,0.2086231798877818,999.0,122.36975672092912,0,0,0,0,0,64252,108,0,0,0,0,0,0,0,0,0,0,0,0,0,0,0,0.0,0.0,0.0,0.0,0.0,1.9999442144841513,125448,53802,3,2.331660533065685,0.14600235795530592,0.06261733038957472,0.07477721046671454,0.0,0.0,0.0,0.05556324988157851,0.31305406421412935,0.0,0.0,0.0,0.0,0.0,0.0,0.0,0.0,0.0,1.0,0.0,0.0,4724.0,0.0,5,0.0,0.0,0.0,0.0,0.14600235795530592,4,benign
899549,110103738,187244,674406,53049,200234,281277,67485,601093,0,0.27764284422143337,0.22259376643184528,999.0,122.39882207639606,0,0,0,0,0,67463,108,0,0,0,0,0,0,0,0,0,0,0,0,0,0,0,0.0,0.0,0.0,0.0,0.0,2.00189958209194,131017,56256,3,2.3289426905574517,0.14564742998991717,0.06253800515591702,0.0750209271534958,0.0,0.0,0.0,0.058972885301412155,0.31268669077504396,0.0,0.0,0.0,0.0,0.0,0.0,0.0,0.0,0.0,1.0,0.0,0.0,4724.0,0.0,5,0.0,0.0,0.0,0.0,0.14564742998991717,4,benign
926872,128203473,191653,695077,55266,205667,327075,78569,618946,0,0.2757291638192603,0.2218936379564816,999.0,138.31842260851553,0,0,0,0,0,78866,108,0,0,0,0,0,0,0,0,0,0,0,0,0,0,0,0.0,0.0,0.0,0.0,0.0,2.000963184931507,152834,65416,3,2.3363397333985567,0.16489223970515884,0.07057716707377071,0.08476790754278908,0.0,0.0,0.0,0.05962635617431533,0.35288044088072573,0.0,0.0,0.0,0.0,0.0,0.0,0.0,0.0,0.0,1.0,0.0,0.0,4724.0,0.0,5,0.0,0.0,0.0,0.0,0.16489223970515884,4,benign
868720,106478208,169358,651863,47499,181080,271636,65025,580768,0,0.2598061249066138,0.20844460815913068,999.0,122.56907634220462,0,0,0,0,0,65022,108,0,0,0,0,0,0,0,0,0,0,0,0,0,0,0,0.0,0.0,0.0,0.0,0.0,1.999977910559857,126746,54327,3,2.3330204134224233,0.14589971452251588,0.06253683580440188,0.07485150566350493,0.0,0.0,0.0,0.05467699604015103,0.31268533014089694,0.0,0.0,0.0,0.0,0.0,0.0,0.0,0.0,0.0,1.0,0.0,0.0,4724.0,0.0,5,0.0,0.0,0.0,0.0,0.14589971452251588,4,benign
858245,104787678,164889,644010,49346,178838,268653,64365,572317,0,0.2560348441794382,0.20837639601745422,999.0,122.0952967975345,0,0,0,0,0,64360,108,0,0,0,0,0,0,0,0,0,0,0,0,0,0,0,0.0,0.0,0.0,0.0,0.0,1.9999329024177495,125114,53734,3,2.328395429337105,0.1457788859824409,0.0626091617195556,0.07499606755646697,0.0,0.0,0.0,0.057496402542397566,0.3130260007340561,0.0,0.0,0.0,0.0,0.0,0.0,0.0,0.0,0.0,1.0,0.0,0.0,4724.0,0.0,5,0.0,0.0,0.0,0.0,0.1457788859824409,4,benign
866816,106052650,168295,649845,48676,180508,270804,65104,578793,0,0.258977140702783,0.20824257974010632,999.0,122.34736091627289,0,0,0,0,0,65113,108,0,0,0,0,0,0,0,0,0,0,0,0,0,0,0,0.0,0.0,0.0,0.0,0.0,1.9998892077244375,126358,54165,3,2.3328348564571217,0.1457725745717661,0.06248730987891317,0.07510705847607797,0.0,0.0,0.0,0.056154939456585944,0.3124123227997637,0.0,0.0,0.0,0.0,0.0,0.0,0.0,0.0,0.0,1.0,0.0,0.0,4724.0,0.0,5,0.0,0.0,0.0,0.0,0.1457725745717661,4,benign
862208,105510966,167876,646415,47917,179600,269162,64837,575970,0,0.2597031318889568,0.20830240498812352,999.0,122.37298424510095,0,0,0,0,0,64833,108,0,0,0,0,0,0,0,0,0,0,0,0,0,0,0,0.0,0.0,0.0,0.0,0.0,2.00028957421453,125750,53832,3,2.335971169564571,0.1458464778800475,0.06243505047505938,0.07519879193883611,0.0,0.0,0.0,0.05557475690320665,0.3121775720011877,0.0,0.0,0.0,0.0,0.0,0.0,0.0,0.0,0.0,1.0,0.0,0.0,4724.0,0.0,5,0.0,0.0,0.0,0.0,0.1458464778800475,4,benign
866490,106167449,168458,650252,47780,180595,271104,64749,579116,0,0.25906571606085027,0.20842133204076216,999.0,122.52587912151323,0,0,0,0,0,64757,108,0,0,0,0,0,0,0,0,0,0,0,0,0,0,0,0.0,0.0,0.0,0.0,0.0,1.9999446290143965,126376,54214,3,2.331058398199727,0.14584819213147296,0.06256736950224469,0.07472561714503341,0.0,0.0,0.0,0.055142009717365464,0.3128760862791261,0.0,0.0,0.0,0.0,0.0,0.0,0.0,0.0,0.0,1.0,0.0,0.0,4724.0,0.0,5,0.0,0.0,0.0,0.0,0.14584819213147296,4,benign
982618,105482308,167745,737555,47490,179497,269424,64784,656598,0,0.22743388628644642,0.182672208325107,999.0,107.34823502113741,0,0,0,0,0,64773,108,0,0,0,0,0,0,0,0,0,0,0,0,0,0,0,0.0,0.0,0.0,0.0,0.0,2.000055712789428,125612,53886,3,2.3310692944364027,0.1278340107752962,0.05483921523928933,0.06592999517615188,0.0,0.0,0.0,0.04833007333470382,0.2741899700595755,0.0,0.0,0.0,0.0,0.0,0.0,0.0,0.0,0.0,1.0,0.0,0.0,4724.0,0.0,5,0.0,0.0,0.0,0.0,0.1278340107752962,4,benign
983237,120459031,203836,737173,57628,217476,326104,78529,656335,0,0.2765103985088982,0.221183702403388,999.0,122.51271158428742,0,0,0,0,0,73996,108,0,0,0,0,0,0,0,0,0,0,0,0,0,0,0,0.0,0.0,0.0,0.0,0.0,1.997923767351701,152259,65222,3,2.3344730305725063,0.15485483154112387,0.06633395610620837,0.07986782433940139,0.0,0.0,0.0,0.058610487603700835,0.3316636782383088,0.0,0.0,0.0,0.0,0.0,0.0,0.0,0.0,0.0,1.0,0.0,0.0,4724.0,0.0,5,0.0,0.0,0.0,0.0,0.15485483154112387,4,benign
1051772,121286467,192983,789107,54970,206315,309205,74485,702481,0,0.2445587227080738,0.19615943379363587,999.0,115.31631094952138,0,0,0,0,0,74556,108,0,0,0,0,0,0,0,0,0,0,0,0,0,0,0,0.0,0.0,0.0,0.0,0.0,2.0002617699526875,144469,61843,3,2.3360606697605224,0.1373577163111397,0.05879886515328417,0.07081858045279775,0.0,0.0,0.0,0.052264178928513025,0.29398481800238074,0.0,0.0,0.0,0.0,0.0,0.0,0.0,0.0,0.0,1.0,0.0,0.0,4724.0,0.0,5,0.0,0.0,0.0,0.0,0.1373577163111397,4,benign
859322,105198780,168148,643629,47545,178792,268106,64733,574182,0,0.2612498815311305,0.20806170446002778,999.0,122.42067583513514,0,0,0,0,0,64727,108,0,0,0,0,0,0,0,0,0,0,0,0,0,0,0,0.0,0.0,0.0,0.0,0.0,2.0,125172,53621,3,2.334383916749035,0.14566367438515482,0.06239919378300567,0.07533031855346424,0.0,0.0,0.0,0.05532850316877724,0.31199713262316103,0.0,0.0,0.0,0.0,0.0,0.0,0.0,0.0,0.0,1.0,0.0,0.0,4724.0,0.0,5,0.0,0.0,0.0,0.0,0.14566367438515482,4,benign
928560,113647413,180862,696518,51180,193466,290267,69726,620726,0,0.2596659382815663,0.20835056431463772,999.0,122.39102804342207,0,0,0,0,0,69756,108,0,0,0,0,0,0,0,0,0,0,0,0,0,0,0,0.0,0.0,0.0,0.0,0.0,2.000868746832694,135415,58047,3,2.332850965596844,0.14583333333333334,0.06251292323597829,0.07509046265184802,0.0,0.0,0.0,0.05511760144740243,0.3125990781425002,0.0,0.0,0.0,0.0,0.0,0.0,0.0,0.0,0.0,1.0,0.0,0.0,4724.0,0.0,5,0.0,0.0,0.0,0.0,0.14583333333333334,4,benign
1105032,112960252,179899,828237,51727,191897,287734,69243,739207,0,0.21720715205913282,0.1736574144459165,999.0,102.2235120792882,0,0,0,0,0,69205,108,0,0,0,0,0,0,0,0,0,0,0,0,0,0,0,0.0,0.0,0.0,0.0,0.0,2.000573388517634,134348,57546,3,2.3346192611128487,0.12157837963063513,0.052076319961774864,0.06266153378363704,0.0,0.0,0.0,0.04681040911032441,0.26038521961354966,0.0,0.0,0.0,0.0,0.0,0.0,0.0,0.0,0.0,1.0,0.0,0.0,4724.0,0.0,5,0.0,0.0,0.0,0.0,0.12157837963063513,4,benign
870400,106565945,169798,652228,48374,181188,271734,65520,581426,0,0.26033534285556587,0.20816636029411764,999.0,122.43330078125,0,0,0,0,0,65527,108,0,0,0,0,0,0,0,0,0,0,0,0,0,0,0,0.0,0.0,0.0,0.0,0.0,2.00017662773497,126832,54347,3,2.333744272912948,0.1457169117647059,0.06243910845588235,0.07527573529411764,0.0,0.0,0.0,0.055576746323529415,0.31219439338235294,0.0,0.0,0.0,0.0,0.0,0.0,0.0,0.0,0.0,1.0,0.0,0.0,4724.0,0.0,5,0.0,0.0,0.0,0.0,0.1457169117647059,4,benign
864768,105897744,168447,648109,48212,180024,270040,64984,577633,0,0.25990535542632487,0.20817606571936056,999.0,122.45798179396093,0,0,0,0,0,64988,108,0,0,0,0,0,0,0,0,0,0,0,0,0,0,0,0.0,0.0,0.0,0.0,0.0,1.999822261719618,126029,54010,3,2.3334382521755233,0.14573735383362937,0.062456057578448784,0.07514616637063351,0.0,0.0,0.0,0.05575136915334517,0.3122687240970989,0.0,0.0,0.0,0.0,0.0,0.0,0.0,0.0,0.0,1.0,0.0,0.0,4724.0,0.0,5,0.0,0.0,0.0,0.0,0.14573735383362937,4,benign
861184,105372481,167316,645442,48426,179353,268618,64604,575270,0,0.2592270103278064,0.20826327474732462,999.0,122.35768546559156,0,0,0,0,0,64590,108,0,0,0,0,0,0,0,0,0,0,0,0,0,0,0,0.0,0.0,0.0,0.0,0.0,2.0000111512556313,125618,53725,3,2.3381665891112147,0.14586662083828775,0.062385041988703926,0.07501765011890607,0.0,0.0,0.0,0.05623188540428062,0.31191708159928655,0.0,0.0,0.0,0.0,0.0,0.0,0.0,0.0,0.0,1.0,0.0,0.0,4724.0,0.0,5,0.0,0.0,0.0,0.0,0.14586662083828775,4,benign
863232,105698923,168007,647083,48142,179702,270018,64708,576607,0,0.25963748081776217,0.2081734690094899,999.0,122.44555693023428,0,0,0,0,0,64714,108,0,0,0,0,0,0,0,0,0,0,0,0,0,0,0,0.0,0.0,0.0,0.0,0.0,2.0002894098265767,125683,53989,3,2.3279371723869677,0.14559585372182682,0.0625428621737841,0.07496014976275207,0.0,0.0,0.0,0.05576948027876631,0.3127988767793594,0.0,0.0,0.0,0.0,0.0,0.0,0.0,0.0,0.0,1.0,0.0,0.0,4724.0,0.0,5,0.0,0.0,0.0,0.0,0.14559585372182682,4,benign
863232,105462054,166742,647452,49038,179820,269763,64815,576049,0,0.25753569376571545,0.20831016459074733,999.0,122.17115908585409,0,0,0,0,0,64814,108,0,0,0,0,0,0,0,0,0,0,0,0,0,0,0,0.0,0.0,0.0,0.0,0.0,1.999755340799146,125889,53971,3,2.3325304330103203,0.14583449177046262,0.0625220103054567,0.07508410253558719,0.0,0.0,0.0,0.056807439946619215,0.3125034753113879,0.0,0.0,0.0,0.0,0.0,0.0,0.0,0.0,0.0,1.0,0.0,0.0,4724.0,0.0,5,0.0,0.0,0.0,0.0,0.14583449177046262,4,benign
863267,105542211,167311,647448,48508,179818,269939,64948,576195,0,0.2584161199046101,0.2082994021548374,999.0,122.25905890066457,0,0,0,0,0,64944,108,0,0,0,0,0,0,0,0,0,0,0,0,0,0,0,0.0,0.0,0.0,0.0,0.0,2.0000444904178765,125833,53986,3,2.330845033897677,0.14576370925797003,0.06253685128702939,0.07523512424313683,0.0,0.0,0.0,0.05619118997946174,0.31269468194660516,0.0,0.0,0.0,0.0,0.0,0.0,0.0,0.0,0.0,1.0,0.0,0.0,4724.0,0.0,5,0.0,0.0,0.0,0.0,0.14576370925797003,4,benign
925367,113286638,191580,693593,55367,205180,288918,69471,618315,0,0.27621386028982414,0.22172824403723063,999.0,122.42346874267183,0,0,0,0,0,69472,108,0,0,0,0,0,0,0,0,0,0,0,0,0,0,0,0.0,0.0,0.0,0.0,0.0,2.0005460111932294,134902,57776,3,2.3349141512046523,0.145782159943028,0.06243576872743463,0.07507399766795228,0.0,0.0,0.0,0.05983247727658324,0.312219908425522,0.0,0.0,0.0,0.0,0.0,0.0,0.0,0.0,0.0,1.0,0.0,0.0,4724.0,0.0,5,0.0,0.0,0.0,0.0,0.145782159943028,4,benign
860271,105270743,168031,644786,47454,179139,268216,64818,574842,0,0.2605996408110598,0.20823554438078234,999.0,122.36928014544254,0,0,0,0,0,64818,108,0,0,0,0,0,0,0,0,0,0,0,0,0,0,0,0.0,0.0,0.0,0.0,0.0,1.999899524415567,125510,53649,3,2.33946578687394,0.145895886296295,0.062362906572463794,0.07534602468291969,0.0,0.0,0.0,0.055161687421754306,0.3117808225547531,0.0,0.0,0.0,0.0,0.0,0.0,0.0,0.0,0.0,1.0,0.0,0.0,4724.0,0.0,5,0.0,0.0,0.0,0.0,0.145895886296295,4,benign
863744,105788018,168305,647647,47792,179893,269941,64766,577156,0,0.2598715040755226,0.20827120072614108,999.0,122.47612487033194,0,0,0,0,0,64773,108,0,0,0,0,0,0,0,0,0,0,0,0,0,0,0,0.0,0.0,0.0,0.0,0.0,1.9999444129451134,125902,53982,3,2.332295950502019,0.14576309647302904,0.06249768449911085,0.07498286529342027,0.0,0.0,0.0,0.05533120924718435,0.3125243127593361,0.0,0.0,0.0,0.0,0.0,0.0,0.0,0.0,0.0,1.0,0.0,0.0,4724.0,0.0,5,0.0,0.0,0.0,0.0,0.14576309647302904,4,benign
863353,105730970,167924,647485,47946,179893,269455,64528,577124,0,0.2593480930060156,0.20836552371972994,999.0,122.4655152643241,0,0,0,0,0,64525,108,0,0,0,0,0,0,0,0,0,0,0,0,0,0,0,0.0,0.0,0.0,0.0,0.0,2.000100064486002,126004,53895,3,2.3379534279617777,0.14594725448339207,0.06242521888497521,0.07474115454512813,0.0,0.0,0.0,0.05553464226104502,0.3121029289294182,0.0,0.0,0.0,0.0,0.0,0.0,0.0,0.0,0.0,1.0,0.0,0.0,4724.0,0.0,5,0.0,0.0,0.0,0.0,0.14594725448339207,4,benign
1116166,129132449,217314,836576,61817,232584,329421,79147,745744,0,0.25976599854645605,0.20837760691510043,999.0,115.69287095288693,0,0,0,0,0,79112,108,0,0,0,0,0,0,0,0,0,0,0,0,0,0,0,0.0,0.0,0.0,0.0,0.0,2.0007914250812933,153949,65887,3,2.3365610818522624,0.13792661665021153,0.059029750055099334,0.07090970339537309,0.0,0.0,0.0,0.05538333903738333,0.29513620733833495,0.0,0.0,0.0,0.0,0.0,0.0,0.0,0.0,0.0,1.0,0.0,0.0,4724.0,0.0,5,0.0,0.0,0.0,0.0,0.13792661665021153,4,benign
864256,105802941,168922,647449,47885,179859,269599,65079,577470,0,0.26090394764684166,0.208108477117891,999.0,122.42083479894846,0,0,0,0,0,65076,108,0,0,0,0,0,0,0,0,0,0,0,0,0,0,0,0.0,0.0,0.0,0.0,0.0,2.0001000834028355,125939,53918,3,2.335750584220483,0.14571955531694314,0.062386607671800945,0.07530060537618484,0.0,0.0,0.0,0.05540603710011848,0.3119434519401659,0.0,0.0,0.0,0.0,0.0,0.0,0.0,0.0,0.0,1.0,0.0,0.0,4724.0,0.0,5,0.0,0.0,0.0,0.0,0.14571955531694314,4,benign
858624,105138689,166689,643972,47963,178906,268151,64108,573823,0,0.2588451050666799,0.20836361434108527,999.0,122.4502098706768,0,0,0,0,0,64107,108,0,0,0,0,0,0,0,0,0,0,0,0,0,0,0,0.0,0.0,0.0,0.0,0.0,1.999955284780057,125278,53631,3,2.3359251179355223,0.14590554189028027,0.062461566413237926,0.07466364788312463,0.0,0.0,0.0,0.05586030672331545,0.3123031734496124,0.0,0.0,0.0,0.0,0.0,0.0,0.0,0.0,0.0,1.0,0.0,0.0,4724.0,0.0,5,0.0,0.0,0.0,0.0,0.14590554189028027,4,benign
863744,105811858,168422,647745,47577,179988,269474,64751,577429,0,0.26001281368439744,0.20838118701837582,999.0,122.50372564093064,0,0,0,0,0,64750,108,0,0,0,0,0,0,0,0,0,0,0,0,0,0,0,0.0,0.0,0.0,0.0,0.0,2.0000444483954127,126090,53893,3,2.3396359452990185,0.14598075355660936,0.06239464470954357,0.07496549903675163,0.0,0.0,0.0,0.05508229290160047,0.311983643301719,0.0,0.0,0.0,0.0,0.0,0.0,0.0,0.0,0.0,1.0,0.0,0.0,4724.0,0.0,5,0.0,0.0,0.0,0.0,0.14598075355660936,4,benign
863232,105708937,168321,646823,48088,179622,269819,64818,576635,0,0.26022729556617497,0.2080807940391459,999.0,122.4571575196471,0,0,0,0,0,64814,108,0,0,0,0,0,0,0,0,0,0,0,0,0,0,0,0.0,0.0,0.0,0.0,0.0,2.000066809192945,125661,53969,3,2.328392225166299,0.1455703681049822,0.0625196934311981,0.07508757784697509,0.0,0.0,0.0,0.0557069246737841,0.3125683477906287,0.0,0.0,0.0,0.0,0.0,0.0,0.0,0.0,0.0,1.0,0.0,0.0,4724.0,0.0,5,0.0,0.0,0.0,0.0,0.1455703681049822,4,benign
861906,105476331,167746,646110,48053,179527,268819,64726,575849,0,0.2596245221401928,0.20829069527303443,999.0,122.3756778581423,0,0,0,0,0,64738,108,0,0,0,0,0,0,0,0,0,0,0,0,0,0,0,0.0,0.0,0.0,0.0,0.0,1.9998997415560111,125763,53764,3,2.3391674726582843,0.14591266332987587,0.06237803194315854,0.07509635621517892,0.0,0.0,0.0,0.055752019361740145,0.3118889994964648,0.0,0.0,0.0,0.0,0.0,0.0,0.0,0.0,0.0,1.0,0.0,0.0,4724.0,0.0,5,0.0,0.0,0.0,0.0,0.14591266332987587,4,benign
926381,113338947,191585,694242,55925,205530,288867,69593,618585,0,0.27596284868965,0.22186335859651699,999.0,122.34593218125156,0,0,0,0,0,69586,108,0,0,0,0,0,0,0,0,0,0,0,0,0,0,0,0.0,0.0,0.0,0.0,0.0,1.9999805383103362,135117,57770,3,2.3388783105418036,0.14585467534416185,0.06236095083988122,0.07512351829322925,0.0,0.0,0.0,0.060369329681847966,0.311823105180266,0.0,0.0,0.0,0.0,0.0,0.0,0.0,0.0,0.0,1.0,0.0,0.0,4724.0,0.0,5,0.0,0.0,0.0,0.0,0.14585467534416185,4,benign
985100,120737982,192184,738598,55003,205300,307580,73990,658001,0,0.2602010836747459,0.20840523804689878,999.0,122.5641884072683,0,0,0,0,0,74257,108,0,0,0,0,0,0,0,0,0,0,0,0,0,0,0,0.0,0.0,0.0,0.0,0.0,1.9995325009252587,143777,61515,3,2.337267333170771,0.14595168003248402,0.062445437011470914,0.07510912597705817,0.0,0.0,0.0,0.05583494061516597,0.3122322606841945,0.0,0.0,0.0,0.0,0.0,0.0,0.0,0.0,0.0,1.0,0.0,0.0,4724.0,0.0,5,0.0,0.0,0.0,0.0,0.14595168003248402,4,benign
862720,105406754,167290,646444,48986,179607,269126,65044,575740,0,0.25878498369541675,0.20818689725519288,999.0,122.17956463278932,0,0,0,0,0,65046,108,0,0,0,0,0,0,0,0,0,0,0,0,0,0,0,0.0,0.0,0.0,0.0,0.0,2.0000334068283556,125782,53828,3,2.3367392435163854,0.1457970140949555,0.06239336053412463,0.07539410237388725,0.0,0.0,0.0,0.056780879080118696,0.311950574925816,0.0,0.0,0.0,0.0,0.0,0.0,0.0,0.0,0.0,1.0,0.0,0.0,4724.0,0.0,5,0.0,0.0,0.0,0.0,0.1457970140949555,4,benign
862720,105545085,166982,647651,48087,179960,269384,64513,576432,0,0.2578271322054625,0.20859606824925817,999.0,122.3399075018546,0,0,0,0,0,64501,108,0,0,0,0,0,0,0,0,0,0,0,0,0,0,0,0.0,0.0,0.0,0.0,0.0,1.9999333207383616,126090,53876,3,2.3403741925903927,0.14615402448071216,0.06244899851632048,0.0747786071958457,0.0,0.0,0.0,0.05573882603857567,0.3122496290801187,0.0,0.0,0.0,0.0,0.0,0.0,0.0,0.0,0.0,1.0,0.0,0.0,4724.0,0.0,5,0.0,0.0,0.0,0.0,0.14615402448071216,4,benign
866452,106308373,170474,649717,46261,180533,270380,65157,579720,0,0.2623819293630919,0.20835891659318692,999.0,122.6938976423391,0,0,0,0,0,65172,108,0,0,0,0,0,0,0,0,0,0,0,0,0,0,0,0.0,0.0,0.0,0.0,0.0,2.0000110783683778,126443,54081,3,2.3380299920489636,0.14593191544367143,0.06241661396130426,0.07519978025326274,0.0,0.0,0.0,0.05339130153776551,0.31205421650593457,0.0,0.0,0.0,0.0,0.0,0.0,0.0,0.0,0.0,1.0,0.0,0.0,4724.0,0.0,5,0.0,0.0,0.0,0.0,0.14593191544367143,4,benign
863060,105275059,165578,647176,50306,179825,269220,64771,575564,0,0.25584694117210777,0.2083574722499015,999.0,121.97884156373833,0,0,0,0,0,64769,108,0,0,0,0,0,0,0,0,0,0,0,0,0,0,0,0.0,0.0,0.0,0.0,0.0,2.0000556111667223,125989,53838,3,2.3401500798692374,0.14597942205640396,0.0623803675294881,0.07504808472180381,0.0,0.0,0.0,0.058287952170185155,0.3119365976872987,0.0,0.0,0.0,0.0,0.0,0.0,0.0,0.0,0.0,1.0,0.0,0.0,4724.0,0.0,5,0.0,0.0,0.0,0.0,0.14597942205640396,4,benign
864976,105966526,168455,649097,47424,180301,270408,64863,578072,0,0.25952207451274617,0.2084462459074009,999.0,122.50805340263776,0,0,0,0,0,64864,108,0,0,0,0,0,0,0,0,0,0,0,0,0,0,0,0.0,0.0,0.0,0.0,0.0,1.9999889074996395,126226,54087,3,2.3337585741490563,0.1459300604872274,0.06253005863746508,0.07498820776530216,0.0,0.0,0.0,0.05482695473631638,0.31261907844841935,0.0,0.0,0.0,0.0,0.0,0.0,0.0,0.0,0.0,1.0,0.0,0.0,4724.0,0.0,5,0.0,0.0,0.0,0.0,0.1459300604872274,4,benign
1047883,113290738,180098,786120,51075,192773,289240,69396,700426,0,0.22909733882867755,0.18396424028255062,999.0,108.11391920662898,0,0,0,0,0,69464,108,0,0,0,0,0,0,0,0,0,0,0,0,0,0,0,0.0,0.0,0.0,0.0,0.0,2.000923792323182,134916,57843,3,2.3324516363259167,0.12875101514195764,0.05519986487041015,0.06622495068628845,0.0,0.0,0.0,0.048741128542022345,0.27602318197737724,0.0,0.0,0.0,0.0,0.0,0.0,0.0,0.0,0.0,1.0,0.0,0.0,4724.0,0.0,5,0.0,0.0,0.0,0.0,0.12875101514195764,4,benign
866816,106199252,168801,650001,48014,180538,271019,64838,579273,0,0.25969344662546673,0.2082771891612522,999.0,122.5164879282339,0,0,0,0,0,64835,108,0,0,0,0,0,0,0,0,0,0,0,0,0,0,0,0.0,0.0,0.0,0.0,0.0,1.9998006158754071,126336,54209,3,2.3305355199321145,0.14574719432959243,0.06253807036326048,0.07480018827525103,0.0,0.0,0.0,0.055391224896633194,0.3126603569846427,0.0,0.0,0.0,0.0,0.0,0.0,0.0,0.0,0.0,1.0,0.0,0.0,4724.0,0.0,5,0.0,0.0,0.0,0.0,0.14574719432959243,4,benign
866037,106083965,168668,649614,47755,180433,270770,64937,578722,0,0.2596434190149843,0.20834329249212216,999.0,122.493571290834,0,0,0,0,0,64942,108,0,0,0,0,0,0,0,0,0,0,0,0,0,0,0,0.0,0.0,0.0,0.0,0.0,2.0001662805263334,126272,54147,3,2.33202208801965,0.14580439403859188,0.06252273286245276,0.07498178484291086,0.0,0.0,0.0,0.055141985850489066,0.3126540782899576,0.0,0.0,0.0,0.0,0.0,0.0,0.0,0.0,0.0,1.0,0.0,0.0,4724.0,0.0,5,0.0,0.0,0.0,0.0,0.14580439403859188,4,benign
987830,136435500,204824,741190,57905,218978,348532,83600,659507,0,0.27634479688069186,0.2216757944180679,999.0,138.1163762995657,0,0,0,0,0,83676,108,0,0,0,0,0,0,0,0,0,0,0,0,0,0,0,0.0,0.0,0.0,0.0,0.0,2.000986887193311,162325,69701,3,2.3288761997675786,0.16432483322029093,0.07055971169128292,0.08462994644827551,0.0,0.0,0.0,0.05861838575463389,0.35282589109462154,0.0,0.0,0.0,0.0,0.0,0.0,0.0,0.0,0.0,1.0,0.0,0.0,4724.0,0.0,5,0.0,0.0,0.0,0.0,0.16432483322029093,4,benign
982439,120309510,191069,736868,54502,204684,307512,73667,656032,0,0.25929881607017813,0.20834270626471466,999.0,122.46003059731953,0,0,0,0,0,73650,108,0,0,0,0,0,0,0,0,0,0,0,0,0,0,0,0.0,0.0,0.0,0.0,0.0,1.9992967239055266,143176,61494,3,2.3282921911080754,0.14573525684546318,0.06259319917063554,0.07498379034219936,0.0,0.0,0.0,0.05547621786187234,0.3130087465990255,0.0,0.0,0.0,0.0,0.0,0.0,0.0,0.0,0.0,1.0,0.0,0.0,4724.0,0.0,5,0.0,0.0,0.0,0.0,0.14573525684546318,4,benign
866816,106133819,169165,649804,47847,180478,270851,65057,579234,0,0.260332346369059,0.20820797031896043,999.0,122.4410013197726,0,0,0,0,0,65061,108,0,0,0,0,0,0,0,0,0,0,0,0,0,0,0,0.0,0.0,0.0,0.0,0.0,1.999911350464856,126310,54182,3,2.3312170093388946,0.14571719949793266,0.06250692188422918,0.07505283704961607,0.0,0.0,0.0,0.05519856578558771,0.31246654422622566,0.0,0.0,0.0,0.0,0.0,0.0,0.0,0.0,0.0,1.0,0.0,0.0,4724.0,0.0,5,0.0,0.0,0.0,0.0,0.14571719949793266,4,benign
863744,105766156,168533,647240,47971,179851,269339,64856,577258,0,0.2603871824979915,0.20822257520746887,999.0,122.45081413011263,0,0,0,0,0,64852,108,0,0,0,0,0,0,0,0,0,0,0,0,0,0,0,0.0,0.0,0.0,0.0,0.0,2.0000333615052712,125981,53872,3,2.338524651024651,0.14585455875815057,0.06237033195020747,0.07508706283343212,0.0,0.0,0.0,0.05553844657676348,0.3118273469917012,0.0,0.0,0.0,0.0,0.0,0.0,0.0,0.0,0.0,1.0,0.0,0.0,4724.0,0.0,5,0.0,0.0,0.0,0.0,0.14585455875815057,4,benign
879104,107522432,170330,659377,49397,183137,274714,65902,587007,0,0.25831959561828816,0.20832233728887595,999.0,122.30911473500291,0,0,0,0,0,65914,108,0,0,0,0,0,0,0,0,0,0,0,0,0,0,0,0.0,0.0,0.0,0.0,0.0,1.9999017177552336,128208,54927,3,2.3341526025451964,0.14583940011648225,0.06248066212871287,0.07496496432731509,0.0,0.0,0.0,0.05619016635119394,0.3124931748689575,0.0,0.0,0.0,0.0,0.0,0.0,0.0,0.0,0.0,1.0,0.0,0.0,4724.0,0.0,5,0.0,0.0,0.0,0.0,0.14583940011648225,4,benign
868864,106308754,168279,651576,49009,181001,271524,65194,580097,0,0.2582645769641607,0.2083191385533294,999.0,122.3537331504125,0,0,0,0,0,65176,108,0,0,0,0,0,0,0,0,0,0,0,0,0,0,0,0.0,0.0,0.0,0.0,0.0,2.0000773506304075,126690,54317,3,2.332418948027321,0.14581108205657042,0.06251496206540955,0.07503360710076606,0.0,0.0,0.0,0.05640583566588097,0.3125046037124337,0.0,0.0,0.0,0.0,0.0,0.0,0.0,0.0,0.0,1.0,0.0,0.0,4724.0,0.0,5,0.0,0.0,0.0,0.0,0.14581108205657042,4,benign
864648,105789237,167314,648587,48748,180133,270433,64815,577204,0,0.257966934274045,0.20833102025332853,999.0,122.34948441446693,0,0,0,0,0,64825,108,0,0,0,0,0,0,0,0,0,0,0,0,0,0,0,0.0,0.0,0.0,0.0,0.0,2.000011102968934,126046,54087,3,2.330430602547747,0.14577724114321666,0.06255377911011185,0.07496114025591917,0.0,0.0,0.0,0.05637901203726835,0.3127665824705545,0.0,0.0,0.0,0.0,0.0,0.0,0.0,0.0,0.0,1.0,0.0,0.0,4724.0,0.0,5,0.0,0.0,0.0,0.0,0.14577724114321666,4,benign
985348,120587017,192013,739025,54310,205311,308374,74146,658330,0,0.2598193565846893,0.20836394857451376,999.0,122.3801306746449,0,0,0,0,0,73979,108,0,0,0,0,0,0,0,0,0,0,0,0,0,0,0,0.0,0.0,0.0,0.0,0.0,2.000341004306397,143625,61670,3,2.3289281660450785,0.14576068556489688,0.06258702509164275,0.07524854163199195,0.0,0.0,0.0,0.05511758282353037,0.312959482335175,0.0,0.0,0.0,0.0,0.0,0.0,0.0,0.0,0.0,1.0,0.0,0.0,4724.0,0.0,5,0.0,0.0,0.0,0.0,0.14576068556489688,4,benign
839528,102847304,164029,629254,46245,174793,262115,62996,561155,0,0.26067216100334684,0.20820389552224583,999.0,122.50610342954613,0,0,0,0,0,62990,108,0,0,0,0,0,0,0,0,0,0,0,0,0,0,0,0.0,0.0,0.0,0.0,0.0,1.9998741447564128,122378,52433,3,2.333988137241813,0.1457700040975405,0.06245533204371981,0.07503740196872528,0.0,0.0,0.0,0.05508452368473714,0.31221710294355876,0.0,0.0,0.0,0.0,0.0,0.0,0.0,0.0,0.0,1.0,0.0,0.0,4724.0,0.0,5,0.0,0.0,0.0,0.0,0.1457700040975405,4,benign
864390,105569352,166678,648166,49546,180060,270008,64848,576737,0,0.25715326012163553,0.20830874952278486,999.0,122.13162114323396,0,0,0,0,0,64850,108,0,0,0,0,0,0,0,0,0,0,0,0,0,0,0,0.0,0.0,0.0,0.0,0.0,2.000022215064035,126053,53997,3,2.334444506176269,0.1458288504031745,0.062468330267587545,0.07502169159754278,0.0,0.0,0.0,0.05731903423223313,0.3123682596975902,0.0,0.0,0.0,0.0,0.0,0.0,0.0,0.0,0.0,1.0,0.0,0.0,4724.0,0.0,5,0.0,0.0,0.0,0.0,0.1458288504031745,4,benign
859833,105281425,167205,644847,47781,179114,268818,64430,574425,0,0.2592940651038153,0.2083125444126941,999.0,122.44403855167225,0,0,0,0,0,64441,108,0,0,0,0,0,0,0,0,0,0,0,0,0,0,0,0.0,0.0,0.0,0.0,0.0,1.999977668103352,125353,53762,3,2.3316282876381087,0.14578761224563375,0.06252609518359961,0.07493315562440614,0.0,0.0,0.0,0.05557009326229628,0.3126397800503121,0.0,0.0,0.0,0.0,0.0,0.0,0.0,0.0,0.0,1.0,0.0,0.0,4724.0,0.0,5,0.0,0.0,0.0,0.0,0.14578761224563375,4,benign
1107318,120834022,180170,830213,51216,192438,308741,73951,739261,0,0.21701659694560313,0.1737874756844917,999.0,109.12314439031967,0,0,0,0,0,69403,108,0,0,0,0,0,0,0,0,0,0,0,0,0,0,0,0.0,0.0,0.0,0.0,0.0,2.0010398361218273,143586,61742,3,2.3255806420264973,0.12967006767703587,0.055758147162784315,0.06678388683287005,0.0,0.0,0.0,0.04625229608838653,0.2788187313852028,0.0,0.0,0.0,0.0,0.0,0.0,0.0,0.0,0.0,1.0,0.0,0.0,4724.0,0.0,5,0.0,0.0,0.0,0.0,0.12967006767703587,4,benign
865792,106033500,168664,649201,47927,180306,270720,64863,578519,0,0.25980243406895553,0.20825556253696037,999.0,122.46994659225311,0,0,0,0,0,64859,108,0,0,0,0,0,0,0,0,0,0,0,0,0,0,0,0.0,0.0,0.0,0.0,0.0,1.999933448688939,126163,54150,3,2.3298799630655584,0.14571975717031344,0.0625438904494382,0.07491753215552928,0.0,0.0,0.0,0.05535625184801892,0.31268480189237136,0.0,0.0,0.0,0.0,0.0,0.0,0.0,0.0,0.0,1.0,0.0,0.0,4724.0,0.0,5,0.0,0.0,0.0,0.0,0.14571975717031344,4,benign
866311,106114615,168779,649706,47826,180505,270435,64939,579019,0,0.25977749936124955,0.20836050794691513,999.0,122.49020848171153,0,0,0,0,0,64945,108,0,0,0,0,0,0,0,0,0,0,0,0,0,0,0,0.0,0.0,0.0,0.0,0.0,2.00005540166205,126417,54085,3,2.337376352038458,0.14592565487451967,0.062431390112788594,0.0749603779704979,0.0,0.0,0.0,0.055206502052957886,0.3121684937626326,0.0,0.0,0.0,0.0,0.0,0.0,0.0,0.0,0.0,1.0,0.0,0.0,4724.0,0.0,5,0.0,0.0,0.0,0.0,0.14592565487451967,4,benign
982806,120524138,191711,736627,54072,205119,306791,73857,657100,0,0.26025519021159965,0.20870751704812546,999.0,122.63268437514627,0,0,0,0,0,69176,108,0,0,0,0,0,0,0,0,0,0,0,0,0,0,0,0.0,0.0,0.0,0.0,0.0,1.9978085553997196,143764,61367,3,2.3426923264946957,0.14627912324507583,0.0624406037407179,0.07514911386377372,0.0,0.0,0.0,0.05501797913321652,0.3121582489321392,0.0,0.0,0.0,0.0,0.0,0.0,0.0,0.0,0.0,1.0,0.0,0.0,4724.0,0.0,5,0.0,0.0,0.0,0.0,0.14627912324507583,4,benign
872322,106823463,170582,653386,48354,181509,272135,65630,582906,0,0.2610738522098729,0.2080756876474513,999.0,122.45875147021398,0,0,0,0,0,65628,108,0,0,0,0,0,0,0,0,0,0,0,0,0,0,0,0.0,0.0,0.0,0.0,0.0,2.000033056758454,127081,54415,3,2.335403840852706,0.1456812965854352,0.06237948830821646,0.07523597937458874,0.0,0.0,0.0,0.05543136594055865,0.311966223481696,0.0,0.0,0.0,0.0,0.0,0.0,0.0,0.0,0.0,1.0,0.0,0.0,4724.0,0.0,5,0.0,0.0,0.0,0.0,0.1456812965854352,4,benign
861137,105440989,167640,645781,47716,179393,269010,64605,575344,0,0.25959264828169304,0.20832109176588626,999.0,122.44391891185722,0,0,0,0,0,64609,108,0,0,0,0,0,0,0,0,0,0,0,0,0,0,0,0.0,0.0,0.0,0.0,0.0,1.9998773717419902,125596,53824,3,2.333457193816885,0.14584903447418934,0.06250341118776687,0.07502290576296222,0.0,0.0,0.0,0.05541046314349517,0.3123893178437345,0.0,0.0,0.0,0.0,0.0,0.0,0.0,0.0,0.0,1.0,0.0,0.0,4724.0,0.0,5,0.0,0.0,0.0,0.0,0.14584903447418934,4,benign
985959,128299653,204611,739429,57048,218353,327483,78877,658249,0,0.2767148705284754,0.22146255574521861,999.0,130.12676287756386,0,0,0,0,0,78750,108,0,0,0,0,0,0,0,0,0,0,0,0,0,0,0,0.0,0.0,0.0,0.0,0.0,1.9973929509051491,152850,65492,3,2.33387283943077,0.15502673032042916,0.06642466877425937,0.08000028398746804,0.0,0.0,0.0,0.057860418130977045,0.33214667141331433,0.0,0.0,0.0,0.0,0.0,0.0,0.0,0.0,0.0,1.0,0.0,0.0,4724.0,0.0,5,0.0,0.0,0.0,0.0,0.15502673032042916,4,benign
859136,105164781,166418,644734,47984,179127,268415,64157,574046,0,0.25811885211575625,0.20849667573003575,999.0,122.40760601348332,0,0,0,0,0,64154,108,0,0,0,0,0,0,0,0,0,0,0,0,0,0,0,0.0,0.0,0.0,0.0,0.0,1.9997878825092383,125445,53682,3,2.3368168101039455,0.14601297117103695,0.06248370455899881,0.07467618630810488,0.0,0.0,0.0,0.05585146007151371,0.3124243425953516,0.0,0.0,0.0,0.0,0.0,0.0,0.0,0.0,0.0,1.0,0.0,0.0,4724.0,0.0,5,0.0,0.0,0.0,0.0,0.14601297117103695,4,benign
862720,105506779,166882,647444,48394,179860,269780,64595,576098,0,0.2577551108667313,0.20848015578635015,999.0,122.29550607381306,0,0,0,0,0,64593,108,0,0,0,0,0,0,0,0,0,0,0,0,0,0,0,0.0,0.0,0.0,0.0,0.0,1.999977760727669,125903,53952,3,2.333611358244365,0.1459372681750742,0.06253709198813057,0.07487365541543027,0.0,0.0,0.0,0.056094677299703265,0.31270864243323443,0.0,0.0,0.0,0.0,0.0,0.0,0.0,0.0,0.0,1.0,0.0,0.0,4724.0,0.0,5,0.0,0.0,0.0,0.0,0.1459372681750742,4,benign
862720,105520217,166718,647824,48178,179929,270041,64479,576187,0,0.25735076193534046,0.20856013538575668,999.0,122.31108239057863,0,0,0,0,0,64482,108,0,0,0,0,0,0,0,0,0,0,0,0,0,0,0,0.0,0.0,0.0,0.0,0.0,2.0002556890820764,125914,54007,3,2.331438517229248,0.14595001854599407,0.06260084384272997,0.07473919695845697,0.0,0.0,0.0,0.05584430637982196,0.3130111739614243,0.0,0.0,0.0,0.0,0.0,0.0,0.0,0.0,0.0,1.0,0.0,0.0,4724.0,0.0,5,0.0,0.0,0.0,0.0,0.14595001854599407,4,benign
858112,104922268,167273,642555,48284,178524,267489,64812,572891,0,0.260324797099081,0.2080427729713604,999.0,122.27106484934367,0,0,0,0,0,64808,108,0,0,0,0,0,0,0,0,0,0,0,0,0,0,0,0.0,0.0,0.0,0.0,0.0,1.999843170641544,125027,53503,3,2.3368222342672373,0.1457000950924821,0.062349669973150355,0.07552860232696898,0.0,0.0,0.0,0.05626771330548926,0.3117180507905728,0.0,0.0,0.0,0.0,0.0,0.0,0.0,0.0,0.0,1.0,0.0,0.0,4724.0,0.0,5,0.0,0.0,0.0,0.0,0.1457000950924821,4,benign
864096,105874313,168687,647909,47500,180022,269611,64818,577692,0,0.26035600678490345,0.20833564789097508,999.0,122.52610010924712,0,0,0,0,0,64822,108,0,0,0,0,0,0,0,0,0,0,0,0,0,0,0,0.0,0.0,0.0,0.0,0.0,2.0001333259263374,126100,53917,3,2.338779976630747,0.14593285931192831,0.062397002184942416,0.07501249861126541,0.0,0.0,0.0,0.05497074399140836,0.31201510017405476,0.0,0.0,0.0,0.0,0.0,0.0,0.0,0.0,0.0,1.0,0.0,0.0,4724.0,0.0,5,0.0,0.0,0.0,0.0,0.14593285931192831,4,benign
924881,113021506,177939,694018,52924,192742,289285,69280,616891,0,0.2563896037278572,0.20839653966294042,999.0,122.20113290250313,0,0,0,0,0,69177,108,0,0,0,0,0,0,0,0,0,0,0,0,0,0,0,0.0,0.0,0.0,0.0,0.0,1.9996472589948957,134895,57861,3,2.331363094312231,0.14585119599170054,0.06256048075374021,0.07490693397312735,0.0,0.0,0.0,0.05722249673201201,0.31278077936512916,0.0,0.0,0.0,0.0,0.0,0.0,0.0,0.0,0.0,1.0,0.0,0.0,4724.0,0.0,5,0.0,0.0,0.0,0.0,0.14585119599170054,4,benign
863744,105760982,168222,647503,48019,179883,269772,64808,577077,0,0.25980111289059665,0.2082596232216953,999.0,122.44482392931239,0,0,0,0,0,64808,108,0,0,0,0,0,0,0,0,0,0,0,0,0,0,0,0.0,0.0,0.0,0.0,0.0,1.9999221746622937,125920,53950,3,2.3340129749768304,0.14578393598103143,0.06246063648488441,0.07503149081209247,0.0,0.0,0.0,0.05559401859810314,0.3123286529342027,0.0,0.0,0.0,0.0,0.0,0.0,0.0,0.0,0.0,1.0,0.0,0.0,4724.0,0.0,5,0.0,0.0,0.0,0.0,0.14578393598103143,4,benign
867498,106483936,170973,650398,46127,180668,270951,65200,580532,0,0.26287442458310145,0.20826330435343943,999.0,122.74833601921848,0,0,0,0,0,65198,108,0,0,0,0,0,0,0,0,0,0,0,0,0,0,0,0.0,0.0,0.0,0.0,0.0,2.0000221403031007,126483,54191,3,2.3340222546179255,0.14580206524971814,0.06246815554617993,0.07515867471740569,0.0,0.0,0.0,0.053172456881744976,0.31233616676926057,0.0,0.0,0.0,0.0,0.0,0.0,0.0,0.0,0.0,1.0,0.0,0.0,4724.0,0.0,5,0.0,0.0,0.0,0.0,0.14580206524971814,4,benign
924350,128055222,202973,692905,59557,218150,327485,78747,616901,0,0.2929304883064778,0.2360036782603992,999.0,138.53542705685075,0,0,0,0,0,78813,108,0,0,0,0,0,0,0,0,0,0,0,0,0,0,0,0.0,0.0,0.0,0.0,0.0,1.999798324257925,152643,65489,3,2.330818916153858,0.16513550062205876,0.07084870449505058,0.08519175636934062,0.0,0.0,0.0,0.06443122193974143,0.35428679612700814,0.0,0.0,0.0,0.0,0.0,0.0,0.0,0.0,0.0,1.0,0.0,0.0,4724.0,0.0,5,0.0,0.0,0.0,0.0,0.16513550062205876,4,benign
923772,120579427,191875,693523,53141,205400,308878,73796,616909,0,0.2766671040470179,0.22234923769068557,999.0,130.52942392711623,0,0,0,0,0,73827,108,0,0,0,0,0,0,0,0,0,0,0,0,0,0,0,0.0,0.0,0.0,0.0,0.0,1.9992407946349489,143621,61776,3,2.3248672623672624,0.1554723459901361,0.06687364414595809,0.07988551287547144,0.0,0.0,0.0,0.057526099513732824,0.3343660556933962,0.0,0.0,0.0,0.0,0.0,0.0,0.0,0.0,0.0,1.0,0.0,0.0,4724.0,0.0,5,0.0,0.0,0.0,0.0,0.1554723459901361,4,benign
986619,113183067,179836,739934,51181,192609,289246,69243,659877,0,0.2430432984563488,0.1952212556214709,999.0,114.71811003031566,0,0,0,0,0,69100,108,0,0,0,0,0,0,0,0,0,0,0,0,0,0,0,0.0,0.0,0.0,0.0,0.0,2.0008622212064866,134760,57851,3,2.3294325076489604,0.13658767974263622,0.058635603003793765,0.07018210677069872,0.0,0.0,0.0,0.05187514126527058,0.293168892956653,0.0,0.0,0.0,0.0,0.0,0.0,0.0,0.0,0.0,1.0,0.0,0.0,4724.0,0.0,5,0.0,0.0,0.0,0.0,0.13658767974263622,4,benign
862208,105639187,168179,646462,47567,179546,269510,64744,576104,0,0.2601529556261621,0.20823977508907363,999.0,122.521696620769,0,0,0,0,0,64742,108,0,0,0,0,0,0,0,0,0,0,0,0,0,0,0,0.0,0.0,0.0,0.0,0.0,2.0,125645,53899,3,2.33111931575725,0.14572469752078385,0.06251275794239905,0.07509092933491686,0.0,0.0,0.0,0.05516882237232779,0.31258118690617576,0.0,0.0,0.0,0.0,0.0,0.0,0.0,0.0,0.0,1.0,0.0,0.0,4724.0,0.0,5,0.0,0.0,0.0,0.0,0.14572469752078385,4,benign
859857,105355118,167519,644803,47535,179097,268730,64509,574536,0,0.2597987292242747,0.20828695934323962,999.0,122.52632472608818,0,0,0,0,0,64508,108,0,0,0,0,0,0,0,0,0,0,0,0,0,0,0,0.0,0.0,0.0,0.0,0.0,2.0000558372233264,125355,53741,3,2.3325766174801363,0.1457858690456669,0.06249992731349515,0.07502293986093037,0.0,0.0,0.0,0.05528244812800268,0.3125287111694154,0.0,0.0,0.0,0.0,0.0,0.0,0.0,0.0,0.0,1.0,0.0,0.0,4724.0,0.0,5,0.0,0.0,0.0,0.0,0.1457858690456669,4,benign
984044,120502816,190747,739261,54036,205344,308094,73497,657706,0,0.25802389142670856,0.20867359589611847,999.0,122.45673567442107,0,0,0,0,0,73341,108,0,0,0,0,0,0,0,0,0,0,0,0,0,0,0,0.0,0.0,0.0,0.0,0.0,2.0003506926179204,143724,61626,3,2.3321974491286146,0.14605444471995155,0.06262524846449956,0.07468873343061895,0.0,0.0,0.0,0.05491217872371561,0.313089658592502,0.0,0.0,0.0,0.0,0.0,0.0,0.0,0.0,0.0,1.0,0.0,0.0,4724.0,0.0,5,0.0,0.0,0.0,0.0,0.14605444471995155,4,benign
922905,112970126,178720,692812,51377,192432,288981,68802,617083,0,0.25796319925174505,0.2085068343979066,999.0,122.40710148931905,0,0,0,0,0,68760,108,0,0,0,0,0,0,0,0,0,0,0,0,0,0,0,0.0,0.0,0.0,0.0,0.0,2.000811004710066,134635,57791,3,2.329688013704556,0.14588175380998045,0.06261857937707564,0.07454938482292327,0.0,0.0,0.0,0.05566878497786879,0.3131210687990638,0.0,0.0,0.0,0.0,0.0,0.0,0.0,0.0,0.0,1.0,0.0,0.0,4724.0,0.0,5,0.0,0.0,0.0,0.0,0.14588175380998045,4,benign
927626,113514426,180879,695554,51193,193244,289803,69727,619602,0,0.2600502620932379,0.20832102593070914,999.0,122.37089732284348,0,0,0,0,0,69715,108,0,0,0,0,0,0,0,0,0,0,0,0,0,0,0,0.0,0.0,0.0,0.0,0.0,2.000082800306361,135287,57962,3,2.334063696904869,0.14584218208631497,0.062484233947733246,0.0751671471045443,0.0,0.0,0.0,0.05518711204731217,0.31241362359399155,0.0,0.0,0.0,0.0,0.0,0.0,0.0,0.0,0.0,1.0,0.0,0.0,4724.0,0.0,5,0.0,0.0,0.0,0.0,0.14584218208631497,4,benign
1168277,135684830,216023,876140,61241,230730,346873,83194,780532,0,0.24656219325678544,0.197495970561776,999.0,116.14097512833001,0,0,0,0,0,83169,108,0,0,0,0,0,0,0,0,0,0,0,0,0,0,0,0.0,0.0,0.0,0.0,0.0,2.000468189148416,161402,69376,3,2.3264817804428044,0.1381538796021834,0.05938317710611439,0.0712108515360655,0.0,0.0,0.0,0.05241993123206226,0.29690989380087085,0.0,0.0,0.0,0.0,0.0,0.0,0.0,0.0,0.0,1.0,0.0,0.0,4724.0,0.0,5,0.0,0.0,0.0,0.0,0.1381538796021834,4,benign
867328,105980910,167232,650141,49955,180577,271011,65043,578624,0,0.2572242021346139,0.20819920491440377,999.0,122.19242316632231,0,0,0,0,0,65042,108,0,0,0,0,0,0,0,0,0,0,0,0,0,0,0,0.0,0.0,0.0,0.0,0.0,2.0000996854370654,126374,54204,3,2.3314515533908935,0.14570496974616293,0.06249538813459268,0.07499239042207792,0.0,0.0,0.0,0.05759643410566706,0.3124665639757969,0.0,0.0,0.0,0.0,0.0,0.0,0.0,0.0,0.0,1.0,0.0,0.0,4724.0,0.0,5,0.0,0.0,0.0,0.0,0.14570496974616293,4,benign
863461,105608610,167415,647346,48700,179801,269772,64867,576430,0,0.258617493581485,0.20823291382007988,999.0,122.30848874471458,0,0,0,0,0,64862,108,0,0,0,0,0,0,0,0,0,0,0,0,0,0,0,0.0,0.0,0.0,0.0,0.0,1.999766435697523,125862,53956,3,2.3326784787604713,0.14576454524292354,0.06248805678542517,0.07512441210431044,0.0,0.0,0.0,0.05640092604066657,0.3124310188879405,0.0,0.0,0.0,0.0,0.0,0.0,0.0,0.0,0.0,1.0,0.0,0.0,4724.0,0.0,5,0.0,0.0,0.0,0.0,0.14576454524292354,4,benign
863387,105639824,167586,647535,48266,179912,269585,64936,576511,0,0.25880608770182306,0.20837932468290582,999.0,122.35512464283109,0,0,0,0,0,64948,108,0,0,0,0,0,0,0,0,0,0,0,0,0,0,0,0.0,0.0,0.0,0.0,0.0,2.0002223556356036,125978,53911,3,2.3367772810743634,0.14591139315278084,0.0624412922594387,0.07521076875144055,0.0,0.0,0.0,0.0559030886497017,0.3122412081720017,0.0,0.0,0.0,0.0,0.0,0.0,0.0,0.0,0.0,1.0,0.0,0.0,4724.0,0.0,5,0.0,0.0,0.0,0.0,0.14591139315278084,4,benign
863511,105750104,168295,647457,47759,179912,269215,64639,577348,0,0.25993231982973386,0.20834940145522177,999.0,122.46526564224428,0,0,0,0,0,64638,108,0,0,0,0,0,0,0,0,0,0,0,0,0,0,0,0.0,0.0,0.0,0.0,0.0,2.0,126072,53845,3,2.3413873154424736,0.1459992982139197,0.06235589355549611,0.07485602383756547,0.0,0.0,0.0,0.055307923118524255,0.3117678871490925,0.0,0.0,0.0,0.0,0.0,0.0,0.0,0.0,0.0,1.0,0.0,0.0,4724.0,0.0,5,0.0,0.0,0.0,0.0,0.1459992982139197,4,benign
858431,112703045,179680,643408,50408,191476,287085,68827,573819,0,0.27926292492477556,0.22305345450012873,999.0,131.28957947697603,0,0,0,0,0,68934,108,0,0,0,0,0,0,0,0,0,0,0,0,0,0,0,0.0,0.0,0.0,0.0,0.0,1.9999791098716302,134060,57418,3,2.3348078999616844,0.15616863789867794,0.06688714643343495,0.08017767298711254,0.0,0.0,0.0,0.058721085328931506,0.33442990758721436,0.0,0.0,0.0,0.0,0.0,0.0,0.0,0.0,0.0,1.0,0.0,0.0,4724.0,0.0,5,0.0,0.0,0.0,0.0,0.15616863789867794,4,benign
864998,105749010,167633,648247,49118,180009,270462,65033,577222,0,0.2585943320987216,0.20810337133727477,999.0,122.25347341843565,0,0,0,0,0,65034,108,0,0,0,0,0,0,0,0,0,0,0,0,0,0,0,0.0,0.0,0.0,0.0,0.0,2.000033332222259,125920,54094,3,2.3277997559803305,0.14557259091928537,0.06253656077817521,0.07518283279267697,0.0,0.0,0.0,0.05678394632126317,0.31267355531457874,0.0,0.0,0.0,0.0,0.0,0.0,0.0,0.0,0.0,1.0,0.0,0.0,4724.0,0.0,5,0.0,0.0,0.0,0.0,0.14557259091928537,4,benign
927220,113626477,180642,694935,51643,193112,289501,69521,618991,0,0.2599408577780656,0.20826988201289878,999.0,122.54532581264425,0,0,0,0,0,69568,108,0,0,0,0,0,0,0,0,0,0,0,0,0,0,0,0.0,0.0,0.0,0.0,0.0,1.9975381432635118,135217,57898,3,2.3354347300424885,0.14583054722719527,0.06244257026379931,0.07497789089967861,0.0,0.0,0.0,0.055696598434028605,0.31222471473868124,0.0,0.0,0.0,0.0,0.0,0.0,0.0,0.0,0.0,1.0,0.0,0.0,4724.0,0.0,5,0.0,0.0,0.0,0.0,0.14583054722719527,4,benign
861184,105437380,167836,645554,47794,179344,268850,64694,575372,0,0.25998754558100484,0.20825282401902498,999.0,122.43304566736029,0,0,0,0,0,64679,108,0,0,0,0,0,0,0,0,0,0,0,0,0,0,0,0.0,0.0,0.0,0.0,0.0,2.000133829991301,125559,53767,3,2.3352428069261815,0.14579811050832342,0.06243381205410226,0.07512215740190249,0.0,0.0,0.0,0.055498012039239,0.3121864781510107,0.0,0.0,0.0,0.0,0.0,0.0,0.0,0.0,0.0,1.0,0.0,0.0,4724.0,0.0,5,0.0,0.0,0.0,0.0,0.14579811050832342,4,benign
860001,105335256,166809,645749,47443,179368,269025,64106,574889,0,0.2583186346397749,0.2085671993404659,999.0,122.48271339219373,0,0,0,0,0,64120,108,0,0,0,0,0,0,0,0,0,0,0,0,0,0,0,0.0,0.0,0.0,0.0,0.0,1.999910801891,125580,53804,3,2.334027209872872,0.14602308601966743,0.06256271795032796,0.07454177378863514,0.0,0.0,0.0,0.055166214923005906,0.3128194036983678,0.0,0.0,0.0,0.0,0.0,0.0,0.0,0.0,0.0,1.0,0.0,0.0,4724.0,0.0,5,0.0,0.0,0.0,0.0,0.14602308601966743,4,benign
871567,106775643,170044,653595,47928,181532,272678,65454,582314,0,0.2601672289414699,0.20828232367677987,999.0,122.50996538418732,0,0,0,0,0,65442,108,0,0,0,0,0,0,0,0,0,0,0,0,0,0,0,0.0,0.0,0.0,0.0,0.0,1.9999779655601706,126982,54538,3,2.328321537276761,0.14569390534520008,0.06257465002690556,0.07509921784555863,0.0,0.0,0.0,0.05499060886885346,0.31285948182985357,0.0,0.0,0.0,0.0,0.0,0.0,0.0,0.0,0.0,1.0,0.0,0.0,4724.0,0.0,5,0.0,0.0,0.0,0.0,0.14569390534520008,4,benign
878883,107605189,171108,659294,48481,183181,274415,65888,587390,0,0.2595321662262966,0.20842478464141415,999.0,122.43403160602719,0,0,0,0,0,65899,108,0,0,0,0,0,0,0,0,0,0,0,0,0,0,0,0.0,0.0,0.0,0.0,0.0,2.000032755025167,128297,54884,3,2.3376029443918083,0.1459773371427141,0.06244744749870006,0.07496788537268329,0.0,0.0,0.0,0.05516206366490193,0.3122315484541173,0.0,0.0,0.0,0.0,0.0,0.0,0.0,0.0,0.0,1.0,0.0,0.0,4724.0,0.0,5,0.0,0.0,0.0,0.0,0.1459773371427141,4,benign
995102,121825389,194285,745406,55411,206985,310152,74719,665370,0,0.2606431931055022,0.20800380262525853,999.0,122.4250267811742,0,0,0,0,0,74781,108,0,0,0,0,0,0,0,0,0,0,0,0,0,0,0,0.0,0.0,0.0,0.0,0.0,2.002195803789938,144956,62029,3,2.3369069306292216,0.14566948915789538,0.062334313467363144,0.07508677502406788,0.0,0.0,0.0,0.05568373895339372,0.31167860179157514,0.0,0.0,0.0,0.0,0.0,0.0,0.0,0.0,0.0,1.0,0.0,0.0,4724.0,0.0,5,0.0,0.0,0.0,0.0,0.14566948915789538,4,benign
1047640,120442135,190920,785289,55539,204814,307641,73667,699795,0,0.24312068550559093,0.19550036272001833,999.0,114.96519319613607,0,0,0,0,0,78617,108,0,0,0,0,0,0,0,0,0,0,0,0,0,0,0,0.0,0.0,0.0,0.0,0.0,2.002189745344347,143288,61521,3,2.329090879537069,0.13677217364743613,0.058723416440762094,0.07031709365812684,0.0,0.0,0.0,0.053013439731205377,0.29365144515291514,0.0,0.0,0.0,0.0,0.0,0.0,0.0,0.0,0.0,1.0,0.0,0.0,4724.0,0.0,5,0.0,0.0,0.0,0.0,0.13677217364743613,4,benign
862720,105529121,167042,646689,48989,179630,269423,64497,576139,0,0.25830345034475616,0.20821355712166173,999.0,122.32140323627597,0,0,0,0,0,64495,108,0,0,0,0,0,0,0,0,0,0,0,0,0,0,0,0.0,0.0,0.0,0.0,0.0,1.9999554650010578,125749,53892,3,2.3333518889631115,0.14575876298219584,0.062467544510385754,0.07476006120178041,0.0,0.0,0.0,0.05678435645400594,0.3122948349406528,0.0,0.0,0.0,0.0,0.0,0.0,0.0,0.0,0.0,1.0,0.0,0.0,4724.0,0.0,5,0.0,0.0,0.0,0.0,0.14575876298219584,4,benign
873984,107206660,176241,648277,49466,178228,284092,69073,577443,0,0.2718606398190897,0.20392592999414177,999.0,122.66432795108378,0,0,0,0,0,69070,108,0,0,0,0,0,0,0,0,0,0,0,0,0,0,0,0.0,0.0,0.0,0.0,0.0,2.0001122221100003,121397,56818,3,2.136594037100919,0.13890071214118335,0.06501034343878148,0.07903233926479203,0.0,0.0,0.0,0.056598290128881075,0.32505400556531927,0.0,0.0,0.0,0.0,0.0,0.0,0.0,0.0,0.0,1.0,0.0,0.0,4724.0,0.0,5,0.0,0.0,0.0,0.0,0.13890071214118335,4,benign
883522,109508629,215042,618661,49819,162039,331327,88270,556767,0,0.3475926234238137,0.18340120562928824,999.0,123.94555992946412,0,0,0,0,0,88280,108,0,0,0,0,0,0,0,0,0,0,0,0,0,0,0,0.0,0.0,0.0,0.0,0.0,1.9998395576728458,95776,66271,3,1.445217365061641,0.10840250723807669,0.07500775306104432,0.09990696326746816,0.0,0.0,0.0,0.056386824549926315,0.37500707396080685,0.0,0.0,0.0,0.0,0.0,0.0,0.0,0.0,0.0,1.0,0.0,0.0,4724.0,0.0,5,0.0,0.0,0.0,0.0,0.10840250723807669,4,benign
956371,118616178,233336,669546,53489,175362,358634,95435,603701,0,0.3484988335379496,0.18336189616790974,999.0,124.02736804022706,0,0,0,0,0,95329,108,0,0,0,0,0,0,0,0,0,0,0,0,0,0,0,0.0,0.0,0.0,0.0,0.0,2.001460903705902,103639,71725,3,1.4449494597420705,0.10836694128115554,0.07499704612540531,0.09978868033430541,0.0,0.0,0.0,0.05592913210459121,0.37499464120095655,0.0,0.0,0.0,0.0,0.0,0.0,0.0,0.0,0.0,1.0,0.0,0.0,4724.0,0.0,5,0.0,0.0,0.0,0.0,0.10836694128115554,4,benign
890483,110659923,218579,623621,48283,163293,334401,89094,561831,0,0.35049974263214356,0.18337576349015086,999.0,124.26955146813583,0,0,0,0,0,89093,108,0,0,0,0,0,0,0,0,0,0,0,0,0,0,0,0.0,0.0,0.0,0.0,0.0,1.9999632569077013,96412,66875,3,1.4416747663551401,0.10826933248585319,0.07509969308790847,0.10005132046316437,0.0,0.0,0.0,0.05422113616992127,0.3755276630772289,0.0,0.0,0.0,0.0,0.0,0.0,0.0,0.0,0.0,1.0,0.0,0.0,4724.0,0.0,5,0.0,0.0,0.0,0.0,0.10826933248585319,4,benign
946672,109608208,216141,662243,49267,161869,331258,88506,597147,0,0.32637717574968705,0.17098741697229874,999.0,115.78266601314922,0,0,0,0,0,88508,108,0,0,0,0,0,0,0,0,0,0,0,0,0,0,0,0.0,0.0,0.0,0.0,0.0,2.0000864934326774,95612,66252,3,1.443156433013343,0.10099802254635185,0.06998411276556188,0.09349172680717292,0.0,0.0,0.0,0.05204231243767641,0.34991845116365544,0.0,0.0,0.0,0.0,0.0,0.0,0.0,0.0,0.0,1.0,0.0,0.0,4724.0,0.0,5,0.0,0.0,0.0,0.0,0.10099802254635185,4,benign
890280,110496332,218384,623117,48779,163218,333731,89296,561496,0,0.35047029691053205,0.18333333333333332,999.0,124.1141348789145,0,0,0,0,0,89296,108,0,0,0,0,0,0,0,0,0,0,0,0,0,0,0,0.0,0.0,0.0,0.0,0.0,1.9998529682043742,96472,66747,3,1.4453383672674427,0.10836141438648515,0.07497304218897426,0.10030102888978748,0.0,0.0,0.0,0.05479062766770005,0.374860717976367,0.0,0.0,0.0,0.0,0.0,0.0,0.0,0.0,0.0,1.0,0.0,0.0,4724.0,0.0,5,0.0,0.0,0.0,0.0,0.10836141438648515,4,benign
999345,124043267,229142,698961,52288,171501,373914,100102,630181,0,0.3278323111017639,0.17161340678144185,999.0,124.12456859242803,0,0,0,0,0,99925,108,0,0,0,0,0,0,0,0,0,0,0,0,0,0,0,0.0,0.0,0.0,0.0,0.0,1.999988338328416,108317,74788,3,1.448320586190298,0.10838799413615918,0.07483701824695176,0.10016760978440879,0.0,0.0,0.0,0.05232227108756236,0.3741590741935968,0.0,0.0,0.0,0.0,0.0,0.0,0.0,0.0,0.0,1.0,0.0,0.0,4724.0,0.0,5,0.0,0.0,0.0,0.0,0.10838799413615918,4,benign
1197214,156239510,307803,837971,69343,230668,472519,125802,754291,0,0.36731939410791065,0.19267065035991895,999.0,130.50257514529565,0,0,0,0,0,132038,108,0,0,0,0,0,0,0,0,0,0,0,0,0,0,0,0.0,0.0,0.0,0.0,0.0,2.000763292566571,136163,94509,3,1.4407410934408362,0.11373321728613264,0.07894077416401746,0.10507895831488773,0.0,0.0,0.0,0.0579203049747163,0.3946821537335848,0.0,0.0,0.0,0.0,0.0,0.0,0.0,0.0,0.0,1.0,0.0,0.0,4724.0,0.0,5,0.0,0.0,0.0,0.0,0.11373321728613264,4,benign
1074475,133106448,261261,751767,61868,196458,401576,107208,677186,0,0.34752922115495893,0.18284092231089602,999.0,123.88045138323368,0,0,0,0,0,94838,108,0,0,0,0,0,0,0,0,0,0,0,0,0,0,0,0.0,0.0,0.0,0.0,0.0,1.997905056339747,116133,80316,3,1.4459509935753772,0.10808348263105237,0.07474906349612602,0.09977710044440308,0.0,0.0,0.0,0.057579748249144934,0.3737415947323111,0.0,0.0,0.0,0.0,0.0,0.0,0.0,0.0,0.0,1.0,0.0,0.0,4724.0,0.0,5,0.0,0.0,0.0,0.0,0.10808348263105237,4,benign
1022413,134443634,263751,714757,62974,198573,405765,108639,644207,0,0.3690079285687303,0.19421994829877945,999.0,131.4964050730967,0,0,0,0,0,96076,108,0,0,0,0,0,0,0,0,0,0,0,0,0,0,0,0.0,0.0,0.0,0.0,0.0,1.999023506317008,117432,81154,3,1.44702664070779,0.11485769449332119,0.07937496882375322,0.1062574517342796,0.0,0.0,0.0,0.061593504777423605,0.3968699537271142,0.0,0.0,0.0,0.0,0.0,0.0,0.0,0.0,0.0,1.0,0.0,0.0,4724.0,0.0,5,0.0,0.0,0.0,0.0,0.11485769449332119,4,benign
889344,110447225,217983,622340,49021,162993,333523,89112,560822,0,0.35026352154770707,0.18327328907599308,999.0,124.18954307894359,0,0,0,0,0,89113,108,0,0,0,0,0,0,0,0,0,0,0,0,0,0,0,0.0,0.0,0.0,0.0,0.0,2.000159528776537,96278,66699,3,1.4434699170902112,0.10825732225100748,0.07499797603626943,0.10019969775474957,0.0,0.0,0.0,0.05512040335348302,0.37502136406160047,0.0,0.0,0.0,0.0,0.0,0.0,0.0,0.0,0.0,1.0,0.0,0.0,4724.0,0.0,5,0.0,0.0,0.0,0.0,0.10825732225100748,4,benign
885248,109919127,216557,620027,48664,162360,332245,88433,558418,0,0.34927027371388664,0.18340623192596878,999.0,124.16760839900232,0,0,0,0,0,88429,108,0,0,0,0,0,0,0,0,0,0,0,0,0,0,0,0.0,0.0,0.0,0.0,0.0,2.0,95912,66453,3,1.4433057950732096,0.10834478021978022,0.07506709984094853,0.09989630024580683,0.0,0.0,0.0,0.054972165991902834,0.3753129066657027,0.0,0.0,0.0,0.0,0.0,0.0,0.0,0.0,0.0,1.0,0.0,0.0,4724.0,0.0,5,0.0,0.0,0.0,0.0,0.10834478021978022,4,benign
890421,110540869,217484,623789,49148,163383,334087,88777,561730,0,0.34864994413174966,0.1834896077248852,999.0,124.14449906280288,0,0,0,0,0,88779,108,0,0,0,0,0,0,0,0,0,0,0,0,0,0,0,0.0,0.0,0.0,0.0,0.0,2.0000612077513495,96569,66803,3,1.445578791371645,0.10845319236630763,0.07502406165173553,0.09970227566510673,0.0,0.0,0.0,0.055196362170254296,0.3752011688852801,0.0,0.0,0.0,0.0,0.0,0.0,0.0,0.0,0.0,1.0,0.0,0.0,4724.0,0.0,5,0.0,0.0,0.0,0.0,0.10845319236630763,4,benign
955187,118552282,233441,669383,52363,175286,358813,95324,602795,0,0.34874055660212466,0.1835096164415973,999.0,124.1142121909113,0,0,0,0,0,95302,108,0,0,0,0,0,0,0,0,0,0,0,0,0,0,0,0.0,0.0,0.0,0.0,0.0,2.001301577877743,103516,71773,3,1.4422693770637984,0.10837249669436456,0.075140260493495,0.09979616556757996,0.0,0.0,0.0,0.05481963217673607,0.37564686286559595,0.0,0.0,0.0,0.0,0.0,0.0,0.0,0.0,0.0,1.0,0.0,0.0,4724.0,0.0,5,0.0,0.0,0.0,0.0,0.10837249669436456,4,benign
955599,126527916,249449,669360,55695,186851,381946,101918,602742,0,0.3726679215967491,0.1955328542620911,999.0,132.40691545303,0,0,0,0,0,95767,108,0,0,0,0,0,0,0,0,0,0,0,0,0,0,0,0.0,0.0,0.0,0.0,0.0,1.9996254401078732,110463,76386,3,1.4461157803786033,0.11559555838798492,0.07993520294600559,0.10665352307819494,0.0,0.0,0.0,0.05828281528130523,0.39969275815483274,0.0,0.0,0.0,0.0,0.0,0.0,0.0,0.0,0.0,1.0,0.0,0.0,4724.0,0.0,5,0.0,0.0,0.0,0.0,0.11559555838798492,4,benign
889073,110344699,216375,623003,49695,163210,333474,88589,560613,0,0.34730972403022137,0.18357322739527576,999.0,124.11207966050031,0,0,0,0,0,88594,108,0,0,0,0,0,0,0,0,0,0,0,0,0,0,0,0.0,0.0,0.0,0.0,0.0,1.99990197159627,96519,66702,3,1.447018080417379,0.10856138922225735,0.07502421061037733,0.0996419866535144,0.0,0.0,0.0,0.05589529768646669,0.375080561438712,0.0,0.0,0.0,0.0,0.0,0.0,0.0,0.0,0.0,1.0,0.0,0.0,4724.0,0.0,5,0.0,0.0,0.0,0.0,0.10856138922225735,4,benign
894976,110876871,217573,626387,51016,163994,335810,89550,563606,0,0.3473459698237671,0.18323843320938216,999.0,123.88809420587815,0,0,0,0,0,89547,108,0,0,0,0,0,0,0,0,0,0,0,0,0,0,0,0.0,0.0,0.0,0.0,0.0,2.000195148129627,96834,67159,3,1.441861850236007,0.10819731478832952,0.07504000107265446,0.10005854905606407,0.0,0.0,0.0,0.05700264588100686,0.3752167655892448,0.0,0.0,0.0,0.0,0.0,0.0,0.0,0.0,0.0,1.0,0.0,0.0,4724.0,0.0,5,0.0,0.0,0.0,0.0,0.10819731478832952,4,benign
884705,109650081,215629,619121,49955,162203,331403,88483,557604,0,0.3482824843608923,0.18334133976862343,999.0,123.93970984678509,0,0,0,0,0,88476,108,0,0,0,0,0,0,0,0,0,0,0,0,0,0,0,0.0,0.0,0.0,0.0,0.0,1.9999630099996302,95917,66281,3,1.4471266275403207,0.10841692993709767,0.07491875823014452,0.10001412900345313,0.0,0.0,0.0,0.056465149400082515,0.3745915305101701,0.0,0.0,0.0,0.0,0.0,0.0,0.0,0.0,0.0,1.0,0.0,0.0,4724.0,0.0,5,0.0,0.0,0.0,0.0,0.10841692993709767,4,benign
890267,110592424,218426,623145,48700,163189,333964,89033,561708,0,0.3505219491450626,0.1833034359355115,999.0,124.22388339677872,0,0,0,0,0,89035,108,0,0,0,0,0,0,0,0,0,0,0,0,0,0,0,0.0,0.0,0.0,0.0,0.0,1.9999632334918378,96394,66794,3,1.443153576668563,0.1082753825537732,0.07502693012321023,0.10000707652872677,0.0,0.0,0.0,0.05470269031650055,0.3751279110648828,0.0,0.0,0.0,0.0,0.0,0.0,0.0,0.0,0.0,1.0,0.0,0.0,4724.0,0.0,5,0.0,0.0,0.0,0.0,0.1082753825537732,4,benign
1016971,126373111,249185,712296,55255,186827,381373,101869,640979,0,0.34983349618697845,0.18370926997918327,999.0,124.26422287361193,0,0,0,0,0,101799,108,0,0,0,0,0,0,0,0,0,0,0,0,0,0,0,0.0,0.0,0.0,0.0,0.0,1.9988979832022682,110547,76273,3,1.4493595374509984,0.10870221471408723,0.0750001720796365,0.10016903136864276,0.0,0.0,0.0,0.05433291608118619,0.3750087268958505,0.0,0.0,0.0,0.0,0.0,0.0,0.0,0.0,0.0,1.0,0.0,0.0,4724.0,0.0,5,0.0,0.0,0.0,0.0,0.10870221471408723,4,benign
954798,118454106,233943,668165,52690,175008,357727,95600,602217,0,0.3501275882454184,0.18329322013661528,999.0,124.06195446576135,0,0,0,0,0,95622,108,0,0,0,0,0,0,0,0,0,0,0,0,0,0,0,0.0,0.0,0.0,0.0,0.0,2.0012578760191655,103471,71542,3,1.4462972799194878,0.10836951899773564,0.07492893784863396,0.10012589050249372,0.0,0.0,0.0,0.055184447390966465,0.37466249405633445,0.0,0.0,0.0,0.0,0.0,0.0,0.0,0.0,0.0,1.0,0.0,0.0,4724.0,0.0,5,0.0,0.0,0.0,0.0,0.10836951899773564,4,benign
1010998,125421961,246543,709048,55407,185655,380400,100789,637936,0,0.34770988705983236,0.1836353781115294,999.0,124.05757578155446,0,0,0,0,0,100823,108,0,0,0,0,0,0,0,0,0,0,0,0,0,0,0,0.0,0.0,0.0,0.0,0.0,2.001649577902125,109574,76084,3,1.4401713895168498,0.10838201460339189,0.07525633087305811,0.09969258099422551,0.0,0.0,0.0,0.054804262718620614,0.3762618719324865,0.0,0.0,0.0,0.0,0.0,0.0,0.0,0.0,0.0,1.0,0.0,0.0,4724.0,0.0,5,0.0,0.0,0.0,0.0,0.10838201460339189,4,benign
953146,118401182,234055,667089,52002,174775,357101,95538,600765,0,0.350860230044267,0.18336645172932584,999.0,124.22145400599699,0,0,0,0,0,95551,108,0,0,0,0,0,0,0,0,0,0,0,0,0,0,0,0.0,0.0,0.0,0.0,0.0,1.9977025420629115,103355,71404,3,1.447467928967565,0.108435643647458,0.07491402156647566,0.10023438172116339,0.0,0.0,0.0,0.05455827333902676,0.3746550895665512,0.0,0.0,0.0,0.0,0.0,0.0,0.0,0.0,0.0,1.0,0.0,0.0,4724.0,0.0,5,0.0,0.0,0.0,0.0,0.108435643647458,4,benign
893228,110782933,218254,624658,50316,163625,334461,89481,563017,0,0.3493975903614458,0.18318391273000847,999.0,124.02536978240718,0,0,0,0,0,89485,108,0,0,0,0,0,0,0,0,0,0,0,0,0,0,0,0.0,0.0,0.0,0.0,0.0,2.0000611172228333,96735,66913,3,1.4456832005738796,0.10829821725248201,0.07491144478229522,0.10017711043540954,0.0,0.0,0.0,0.056330522554151906,0.3744407922725217,0.0,0.0,0.0,0.0,0.0,0.0,0.0,0.0,0.0,1.0,0.0,0.0,4724.0,0.0,5,0.0,0.0,0.0,0.0,0.10829821725248201,4,benign
950965,117806201,231630,665121,54214,174213,356410,95281,598819,0,0.3482524232432896,0.18319601667779573,999.0,123.88069066684893,0,0,0,0,0,95272,108,0,0,0,0,0,0,0,0,0,0,0,0,0,0,0,0.0,0.0,0.0,0.0,0.0,1.99964417713092,102927,71280,3,1.4439814814814815,0.10823426729690368,0.07495544000042062,0.10019401344949604,0.0,0.0,0.0,0.05700945881289007,0.37478771563622215,0.0,0.0,0.0,0.0,0.0,0.0,0.0,0.0,0.0,1.0,0.0,0.0,4724.0,0.0,5,0.0,0.0,0.0,0.0,0.10823426729690368,4,benign
951724,118121820,231903,665692,54131,174456,356154,95084,599366,0,0.348363807887131,0.18330524395728173,999.0,124.11352450920646,0,0,0,0,0,95057,108,0,0,0,0,0,0,0,0,0,0,0,0,0,0,0,0.0,0.0,0.0,0.0,0.0,1.9959498884503175,103224,71227,3,1.4492257149676386,0.10846001571884285,0.07483997461448907,0.09990711592856752,0.0,0.0,0.0,0.05687678360533096,0.3742198368434546,0.0,0.0,0.0,0.0,0.0,0.0,0.0,0.0,0.0,1.0,0.0,0.0,4724.0,0.0,5,0.0,0.0,0.0,0.0,0.10846001571884285,4,benign
1023719,126986210,266585,716272,60178,199018,384207,102596,645995,0,0.3721840306475752,0.19440686360221895,999.0,124.04401012387189,0,0,0,0,0,108864,108,0,0,0,0,0,0,0,0,0,0,0,0,0,0,0,0.0,0.0,0.0,0.0,0.0,2.0008042706772966,110698,76836,3,1.4407048779218075,0.10813318889265511,0.07505575260398606,0.10021890772760884,0.0,0.0,0.0,0.05878370920145079,0.37530513744494337,0.0,0.0,0.0,0.0,0.0,0.0,0.0,0.0,0.0,1.0,0.0,0.0,4724.0,0.0,5,0.0,0.0,0.0,0.0,0.10813318889265511,4,benign
883712,109675894,215973,619008,48731,162119,331655,88319,557324,0,0.3489017912531017,0.18345230120220163,999.0,124.10818683009849,0,0,0,0,0,88315,108,0,0,0,0,0,0,0,0,0,0,0,0,0,0,0,0.0,0.0,0.0,0.0,0.0,2.000037010535666,95793,66336,3,1.4440575253256152,0.1083984375,0.07506517960602549,0.09994093098203939,0.0,0.0,0.0,0.05514353092410197,0.3752976082705678,0.0,0.0,0.0,0.0,0.0,0.0,0.0,0.0,0.0,1.0,0.0,0.0,4724.0,0.0,5,0.0,0.0,0.0,0.0,0.1083984375,4,benign
891904,110781409,218799,623915,49190,163406,334133,89283,562660,0,0.3506871929669907,0.18321030066016072,999.0,124.20777236115097,0,0,0,0,0,89281,108,0,0,0,0,0,0,0,0,0,0,0,0,0,0,0,0.0,0.0,0.0,0.0,0.0,2.0,96584,66826,3,1.4453057193307994,0.10828968140068887,0.07492510404707232,0.10010382283295063,0.0,0.0,0.0,0.055151675516647534,0.374628883826062,0.0,0.0,0.0,0.0,0.0,0.0,0.0,0.0,0.0,1.0,0.0,0.0,4724.0,0.0,5,0.0,0.0,0.0,0.0,0.10828968140068887,4,benign
896582,111315160,219311,628079,49192,164511,336405,89567,565605,0,0.3491774123955744,0.18348684225201933,999.0,124.15502430341006,0,0,0,0,0,89574,108,0,0,0,0,0,0,0,0,0,0,0,0,0,0,0,0.0,0.0,0.0,0.0,0.0,2.000060788056363,97227,67276,3,1.4451959093881919,0.10844183800254745,0.07503608147386408,0.09989828035807098,0.0,0.0,0.0,0.05486614721241337,0.3752082910430948,0.0,0.0,0.0,0.0,0.0,0.0,0.0,0.0,0.0,1.0,0.0,0.0,4724.0,0.0,5,0.0,0.0,0.0,0.0,0.10844183800254745,4,benign
1010929,109746561,216220,707042,49260,162057,331166,88329,637453,0,0.3058092729993409,0.16030502636683683,999.0,108.56010758421215,0,0,0,0,0,88325,108,0,0,0,0,0,0,0,0,0,0,0,0,0,0,0,0.0,0.0,0.0,0.0,0.0,2.000061708587367,95820,66228,3,1.4468200761007428,0.09478410452168254,0.06551201914278847,0.08737408858584529,0.0,0.0,0.0,0.04872745761571782,0.3275858146318881,0.0,0.0,0.0,0.0,0.0,0.0,0.0,0.0,0.0,1.0,0.0,0.0,4724.0,0.0,5,0.0,0.0,0.0,0.0,0.09478410452168254,4,benign
886807,109920920,215587,620503,50717,162524,332312,88564,558706,0,0.3474390937674757,0.18326873829367607,999.0,123.95134454283739,0,0,0,0,0,88546,108,0,0,0,0,0,0,0,0,0,0,0,0,0,0,0,0.0,0.0,0.0,0.0,0.0,1.9998523404045874,96069,66471,3,1.4452768876652977,0.10833135056444074,0.07495542998645703,0.09986840428638925,0.0,0.0,0.0,0.05719057246954523,0.37472866136600186,0.0,0.0,0.0,0.0,0.0,0.0,0.0,0.0,0.0,1.0,0.0,0.0,4724.0,0.0,5,0.0,0.0,0.0,0.0,0.10833135056444074,4,benign
1140383,133499920,232171,798511,53960,174737,404111,107980,718135,0,0.2907549175903651,0.15322659141709408,999.0,117.06586296007569,0,0,0,0,0,114091,108,0,0,0,0,0,0,0,0,0,0,0,0,0,0,0,0.0,0.0,0.0,0.0,0.0,1.9996452439805914,116742,80827,3,1.4443440929392406,0.1023708701374889,0.0708770649860617,0.09468748657249362,0.0,0.0,0.0,0.0473174363349857,0.3543642793692996,0.0,0.0,0.0,0.0,0.0,0.0,0.0,0.0,0.0,1.0,0.0,0.0,4724.0,0.0,5,0.0,0.0,0.0,0.0,0.1023708701374889,4,benign
963438,119720500,236238,674055,53145,176519,361323,96420,607222,0,0.35047288426018647,0.18321780955287212,999.0,124.26383431004382,0,0,0,0,0,96399,108,0,0,0,0,0,0,0,0,0,0,0,0,0,0,0,0.0,0.0,0.0,0.0,0.0,1.9979513299377476,104258,72270,3,1.4426179604261795,0.10821454001191566,0.0750126110865463,0.10007909175266079,0.0,0.0,0.0,0.05516182670810161,0.37503503079596195,0.0,0.0,0.0,0.0,0.0,0.0,0.0,0.0,0.0,1.0,0.0,0.0,4724.0,0.0,5,0.0,0.0,0.0,0.0,0.10821454001191566,4,benign
886573,110046006,217463,620083,49028,162452,331816,88881,559250,0,0.3506998256684992,0.18323589822834668,999.0,124.12514931088585,0,0,0,0,0,88896,108,0,0,0,0,0,0,0,0,0,0,0,0,0,0,0,0.0,0.0,0.0,0.0,0.0,2.000270885920089,96087,66367,3,1.4478129190712252,0.10838024618390138,0.0748579079218519,0.10025231988792802,0.0,0.0,0.0,0.05530057874534866,0.37426810877389677,0.0,0.0,0.0,0.0,0.0,0.0,0.0,0.0,0.0,1.0,0.0,0.0,4724.0,0.0,5,0.0,0.0,0.0,0.0,0.10838024618390138,4,benign
1010046,125455020,247298,707037,55711,185167,378814,100989,636605,0,0.34976670244980107,0.18332531389659482,999.0,124.2072341259705,0,0,0,0,0,101226,108,0,0,0,0,0,0,0,0,0,0,0,0,0,0,0,0.0,0.0,0.0,0.0,0.0,1.9995788473375593,109406,75756,3,1.4441892391361741,0.10831783898951138,0.07500252463749175,0.09998455515887396,0.0,0.0,0.0,0.05515689384443877,0.3750462850206822,0.0,0.0,0.0,0.0,0.0,0.0,0.0,0.0,0.0,1.0,0.0,0.0,4724.0,0.0,5,0.0,0.0,0.0,0.0,0.10831783898951138,4,benign
892032,110689443,217945,624917,49170,163646,335054,89057,562542,0,0.3487583151042458,0.18345305997991104,999.0,124.08685226538958,0,0,0,0,0,89059,108,0,0,0,0,0,0,0,0,0,0,0,0,0,0,0,0.0,0.0,0.0,0.0,0.0,2.0,96629,67001,3,1.4422023551887286,0.1083245892524035,0.0751105341512412,0.09983610453436648,0.0,0.0,0.0,0.05512134093844167,0.3756076015210217,0.0,0.0,0.0,0.0,0.0,0.0,0.0,0.0,0.0,1.0,0.0,0.0,4724.0,0.0,5,0.0,0.0,0.0,0.0,0.1083245892524035,4,benign
891946,110762248,218697,624323,48926,163486,334486,89276,562659,0,0.3502946391531307,0.18329136517233105,999.0,124.18044141685708,0,0,0,0,0,89274,108,0,0,0,0,0,0,0,0,0,0,0,0,0,0,0,0.0,0.0,0.0,0.0,0.0,1.9999510673435683,96598,66904,3,1.4438299653234485,0.1083002782679669,0.07500902521004635,0.10009126113015811,0.0,0.0,0.0,0.05485309648790398,0.3750070071506571,0.0,0.0,0.0,0.0,0.0,0.0,0.0,0.0,0.0,1.0,0.0,0.0,4724.0,0.0,5,0.0,0.0,0.0,0.0,0.1083002782679669,4,benign
950570,118168915,232982,665022,53350,174452,356958,95392,599468,0,0.35033728207487874,0.18352357006848521,999.0,124.3137433329476,0,0,0,0,0,95498,108,0,0,0,0,0,0,0,0,0,0,0,0,0,0,0,0.0,0.0,0.0,0.0,0.0,2.0008028351550045,103058,71395,3,1.4434904405070383,0.1084170550301398,0.07510756703872414,0.10035242012687125,0.0,0.0,0.0,0.05612422020471927,0.37551995118718245,0.0,0.0,0.0,0.0,0.0,0.0,0.0,0.0,0.0,1.0,0.0,0.0,4724.0,0.0,5,0.0,0.0,0.0,0.0,0.1084170550301398,4,benign
888609,110140296,216465,621420,50724,162724,333061,88955,559730,0,0.34833928743844744,0.18312216059031589,999.0,123.94686076778426,0,0,0,0,0,88956,108,0,0,0,0,0,0,0,0,0,0,0,0,0,0,0,0.0,0.0,0.0,0.0,0.0,2.0001720853051443,96114,66617,3,1.4427848747316752,0.10816230760660762,0.0749677304641299,0.10010589584395387,0.0,0.0,0.0,0.05708247384395161,0.3748116438163467,0.0,0.0,0.0,0.0,0.0,0.0,0.0,0.0,0.0,1.0,0.0,0.0,4724.0,0.0,5,0.0,0.0,0.0,0.0,0.10816230760660762,4,benign
949667,109991794,216097,664490,50121,162583,332600,88743,597916,0,0.3252073018405093,0.17120001010880656,999.0,115.82143425011083,0,0,0,0,0,88744,108,0,0,0,0,0,0,0,0,0,0,0,0,0,0,0,0.0,0.0,0.0,0.0,0.0,1.9996925120535276,96065,66519,3,1.4441738450668231,0.10115651065057542,0.07004455245891454,0.09344643964673933,0.0,0.0,0.0,0.05277744725256327,0.35022802729798974,0.0,0.0,0.0,0.0,0.0,0.0,0.0,0.0,0.0,1.0,0.0,0.0,4724.0,0.0,5,0.0,0.0,0.0,0.0,0.10115651065057542,4,benign
884224,109757715,215943,619781,48500,162304,332226,88349,557607,0,0.34841823160116236,0.18355529820497973,999.0,124.12885761978865,0,0,0,0,0,88347,108,0,0,0,0,0,0,0,0,0,0,0,0,0,0,0,0.0,0.0,0.0,0.0,0.0,2.0002711329660716,95849,66443,3,1.4425748385834474,0.10839900296757382,0.07514272401563404,0.09991698936016213,0.0,0.0,0.0,0.054850354661262306,0.37572606036479445,0.0,0.0,0.0,0.0,0.0,0.0,0.0,0.0,0.0,1.0,0.0,0.0,4724.0,0.0,5,0.0,0.0,0.0,0.0,0.10839900296757382,4,benign
891904,110727418,217915,624709,49280,163609,334639,88916,562668,0,0.34882641357816196,0.18343790363088405,999.0,124.14723781931687,0,0,0,0,0,88923,108,0,0,0,0,0,0,0,0,0,0,0,0,0,0,0,0.0,0.0,0.0,0.0,0.0,1.99988998765417,96683,66929,3,1.44456065382719,0.10840067989380023,0.07504058732778415,0.0996923435706085,0.0,0.0,0.0,0.05525258323765787,0.3751962094575201,0.0,0.0,0.0,0.0,0.0,0.0,0.0,0.0,0.0,1.0,0.0,0.0,4724.0,0.0,5,0.0,0.0,0.0,0.0,0.10840067989380023,4,benign
894959,111126693,219771,625977,49211,163933,335439,89745,564474,0,0.3510847842652366,0.18317375432841057,999.0,124.16959100919706,0,0,0,0,0,89736,108,0,0,0,0,0,0,0,0,0,0,0,0,0,0,0,0.0,0.0,0.0,0.0,0.0,2.0000854043897855,96847,67082,3,1.4437106824483468,0.10821389583209957,0.07495538901782092,0.10027833677296949,0.0,0.0,0.0,0.05498687649378351,0.3748093488081577,0.0,0.0,0.0,0.0,0.0,0.0,0.0,0.0,0.0,1.0,0.0,0.0,4724.0,0.0,5,0.0,0.0,0.0,0.0,0.10821389583209957,4,benign
954372,118466724,233862,668372,52138,175053,357980,95568,601635,0,0.3498979610157218,0.18342218757465642,999.0,124.13055286617796,0,0,0,0,0,95651,108,0,0,0,0,0,0,0,0,0,0,0,0,0,0,0,0.0,0.0,0.0,0.0,0.0,2.0000571271879712,103456,71602,3,1.4448758414569425,0.10840217441416973,0.07502525220773451,0.10013705347600307,0.0,0.0,0.0,0.05463068908140641,0.37509482675518563,0.0,0.0,0.0,0.0,0.0,0.0,0.0,0.0,0.0,1.0,0.0,0.0,4724.0,0.0,5,0.0,0.0,0.0,0.0,0.10840217441416973,4,benign
944864,109557157,216565,661143,48576,161596,330655,88313,595930,0,0.32756151089854996,0.17102567141937888,999.0,115.95018648186405,0,0,0,0,0,88306,108,0,0,0,0,0,0,0,0,0,0,0,0,0,0,0,0.0,0.0,0.0,0.0,0.0,1.9998762422187295,95464,66128,3,1.4436244858456326,0.10103464625596911,0.0699867917499238,0.09346636129644055,0.0,0.0,0.0,0.05141057337352254,0.34994983405019137,0.0,0.0,0.0,0.0,0.0,0.0,0.0,0.0,0.0,1.0,0.0,0.0,4724.0,0.0,5,0.0,0.0,0.0,0.0,0.10103464625596911,4,benign
1022291,126756999,248992,716378,56921,187583,384147,102157,644045,0,0.3475706959175184,0.1834927628238926,999.0,123.99306948804205,0,0,0,0,0,102295,108,0,0,0,0,0,0,0,0,0,0,0,0,0,0,0,0.0,0.0,0.0,0.0,0.0,1.999754805283413,110757,76833,3,1.4415290304947093,0.10834194960143442,0.07515766058783653,0.09992947213660298,0.0,0.0,0.0,0.0556798406715896,0.3757706954282098,0.0,0.0,0.0,0.0,0.0,0.0,0.0,0.0,0.0,1.0,0.0,0.0,4724.0,0.0,5,0.0,0.0,0.0,0.0,0.10834194960143442,4,benign
899684,111427011,218396,630325,50963,165092,337814,89920,566644,0,0.34648157696426446,0.1834999844389808,999.0,123.85127555897404,0,0,0,0,0,89904,108,0,0,0,0,0,0,0,0,0,0,0,0,0,0,0,0.0,0.0,0.0,0.0,0.0,2.0002180840108075,97515,67559,3,1.4434050237570124,0.10838805625086141,0.07509192116343072,0.09994620333361491,0.0,0.0,0.0,0.05664544440047839,0.37548072434321383,0.0,0.0,0.0,0.0,0.0,0.0,0.0,0.0,0.0,1.0,0.0,0.0,4724.0,0.0,5,0.0,0.0,0.0,0.0,0.10838805625086141,4,benign
1008075,124893674,246806,705894,55192,184414,377048,101035,634899,0,0.34963606433827177,0.18293678545743125,999.0,123.89323611834438,0,0,0,0,0,101046,108,0,0,0,0,0,0,0,0,0,0,0,0,0,0,0,0.0,0.0,0.0,0.0,0.0,1.9978116739610867,109007,75411,3,1.4455052976356235,0.10813381940827815,0.07480693400788632,0.10022567765295241,0.0,0.0,0.0,0.054749894601096145,0.3740277261116484,0.0,0.0,0.0,0.0,0.0,0.0,0.0,0.0,0.0,1.0,0.0,0.0,4724.0,0.0,5,0.0,0.0,0.0,0.0,0.10813381940827815,4,benign
889333,110486273,217932,622637,48764,163076,333545,88780,561229,0,0.3500145349537532,0.18336888432117104,999.0,124.23498622000983,0,0,0,0,0,88773,108,0,0,0,0,0,0,0,0,0,0,0,0,0,0,0,0.0,0.0,0.0,0.0,0.0,2.0001471814747585,96362,66708,3,1.444534388679019,0.10835311407538009,0.07500902361657556,0.09982762362354708,0.0,0.0,0.0,0.0548321045097843,0.3750507402738907,0.0,0.0,0.0,0.0,0.0,0.0,0.0,0.0,0.0,1.0,0.0,0.0,4724.0,0.0,5,0.0,0.0,0.0,0.0,0.10835311407538009,4,benign
890368,110382424,217091,623278,49999,163237,333834,89039,561162,0,0.34830525062652623,0.1833365529758482,999.0,123.973934373203,0,0,0,0,0,89041,108,0,0,0,0,0,0,0,0,0,0,0,0,0,0,0,0.0,0.0,0.0,0.0,0.0,1.9997672367324937,96481,66765,3,1.4450835018347936,0.10836081260782059,0.0749858485480161,0.10000247088844164,0.0,0.0,0.0,0.056155432360552045,0.374939350920069,0.0,0.0,0.0,0.0,0.0,0.0,0.0,0.0,0.0,1.0,0.0,0.0,4724.0,0.0,5,0.0,0.0,0.0,0.0,0.10836081260782059,4,benign
886784,110028328,217057,620782,48945,162651,332172,88705,559407,0,0.3496509241569504,0.18341670575923788,999.0,124.07568021073904,0,0,0,0,0,88710,108,0,0,0,0,0,0,0,0,0,0,0,0,0,0,0,0.0,0.0,0.0,0.0,0.0,1.999963111881663,96216,66439,3,1.4481855536657686,0.10849992782909931,0.07492128861143187,0.10002999603060046,0.0,0.0,0.0,0.05519382397517321,0.37458050663972287,0.0,0.0,0.0,0.0,0.0,0.0,0.0,0.0,0.0,1.0,0.0,0.0,4724.0,0.0,5,0.0,0.0,0.0,0.0,0.10849992782909931,4,benign
884607,109880652,217173,618665,48769,161996,331548,88656,557943,0,0.3510348896414053,0.1831276487751058,999.0,124.21408829005422,0,0,0,0,0,88656,108,0,0,0,0,0,0,0,0,0,0,0,0,0,0,0,0.0,0.0,0.0,0.0,0.0,2.0000246922725533,95687,66316,3,1.4428946257313469,0.10816893829689342,0.07496662359669322,0.10022077600561605,0.0,0.0,0.0,0.05513069645616641,0.37479694372755357,0.0,0.0,0.0,0.0,0.0,0.0,0.0,0.0,0.0,1.0,0.0,0.0,4724.0,0.0,5,0.0,0.0,0.0,0.0,0.10816893829689342,4,benign
869998,107983212,213296,608523,48179,159408,325792,87236,548677,0,0.3505142780141424,0.18322800742070672,999.0,124.11891981360877,0,0,0,0,0,87229,108,0,0,0,0,0,0,0,0,0,0,0,0,0,0,0,0.0,0.0,0.0,0.0,0.0,2.0000752813640985,94245,65154,3,1.4464959941062714,0.10832783523640284,0.07488982733293639,0.10027149487699971,0.0,0.0,0.0,0.055378288225949944,0.37447442407913584,0.0,0.0,0.0,0.0,0.0,0.0,0.0,0.0,0.0,1.0,0.0,0.0,4724.0,0.0,5,0.0,0.0,0.0,0.0,0.10832783523640284,4,benign
1015937,133674845,263247,712188,58962,197786,404277,107755,640911,0,0.3696313332996344,0.19468333174202732,999.0,131.57788819582316,0,0,0,0,0,113924,108,0,0,0,0,0,0,0,0,0,0,0,0,0,0,0,0.0,0.0,0.0,0.0,0.0,2.0018420679743323,116921,80851,3,1.4461292995757629,0.11508686070100803,0.07958269065896803,0.10606464770945442,0.0,0.0,0.0,0.05803706332183984,0.39793510818092065,0.0,0.0,0.0,0.0,0.0,0.0,0.0,0.0,0.0,1.0,0.0,0.0,4724.0,0.0,5,0.0,0.0,0.0,0.0,0.11508686070100803,4,benign
882062,109327376,214706,617270,50086,161640,330777,88198,555689,0,0.34783158099373046,0.18325242443274964,999.0,123.94522833995796,0,0,0,0,0,88200,108,0,0,0,0,0,0,0,0,0,0,0,0,0,0,0,0.0,0.0,0.0,0.0,0.0,1.9999505085249065,95499,66158,3,1.4434988965809123,0.1082678995354068,0.07500379791896715,0.09999070360133415,0.0,0.0,0.0,0.05678285653389444,0.3750042514018289,0.0,0.0,0.0,0.0,0.0,0.0,0.0,0.0,0.0,1.0,0.0,0.0,4724.0,0.0,5,0.0,0.0,0.0,0.0,0.1082678995354068,4,benign
893524,118525484,231914,626484,53747,175649,359266,95504,562877,0,0.3701834364484967,0.1965800582860673,999.0,132.64946884470928,0,0,0,0,0,95333,108,0,0,0,0,0,0,0,0,0,0,0,0,0,0,0,0.0,0.0,0.0,0.0,0.0,2.0000569333424427,103790,71845,3,1.4446377618484236,0.11615804388018676,0.08040634610821869,0.10688464999261352,0.0,0.0,0.0,0.060151713887931384,0.4020776162699603,0.0,0.0,0.0,0.0,0.0,0.0,0.0,0.0,0.0,1.0,0.0,0.0,4724.0,0.0,5,0.0,0.0,0.0,0.0,0.11615804388018676,4,benign
914474,113535058,223624,640785,50065,167852,343292,91449,576750,0,0.3489844487620653,0.1835503251049237,999.0,124.15340184630728,0,0,0,0,0,91456,108,0,0,0,0,0,0,0,0,0,0,0,0,0,0,0,0.0,0.0,0.0,0.0,0.0,1.999928511003348,99187,68666,3,1.4444848979116303,0.10846344455938606,0.07508797407033989,0.10000174963968357,0.0,0.0,0.0,0.05474731922394732,0.37539831640921445,0.0,0.0,0.0,0.0,0.0,0.0,0.0,0.0,0.0,1.0,0.0,0.0,0.0,1.0,5,0.0,0.0,0.0,0.0,0.10846344455938606,4,benign
953647,118437509,233798,666854,52995,174712,356976,95389,601487,0,0.35059848182660674,0.18320405768591522,999.0,124.19428677487582,0,0,0,0,0,95493,108,0,0,0,0,0,0,0,0,0,0,0,0,0,0,0,0.0,0.0,0.0,0.0,0.0,1.9987644434275254,103326,71389,3,1.4473658406757344,0.10834826723095653,0.0748589362730654,0.10002548112666428,0.0,0.0,0.0,0.055570876854853,0.37432718815242955,0.0,0.0,0.0,0.0,0.0,0.0,0.0,0.0,0.0,1.0,0.0,0.0,0.0,1.0,5,0.0,0.0,0.0,0.0,0.10834826723095653,4,benign
1012616,125668407,248293,708567,55756,185559,379983,101656,638898,0,0.35041569816262963,0.1832471539063179,999.0,124.10272699621574,0,0,0,0,0,101463,108,0,0,0,0,0,0,0,0,0,0,0,0,0,0,0,0.0,0.0,0.0,0.0,0.0,2.001261850066328,109560,76000,3,1.441578947368421,0.10819501173198923,0.07505312971550913,0.10038948624157627,0.0,0.0,0.0,0.05506134605813062,0.37524886037747773,0.0,0.0,0.0,0.0,0.0,0.0,0.0,0.0,0.0,1.0,0.0,0.0,0.0,1.0,5,0.0,0.0,0.0,0.0,0.10819501173198923,4,benign
889858,110565247,218705,622344,48809,162971,333626,89168,561346,0,0.3514214003830679,0.18314270366732668,999.0,124.25043883406117,0,0,0,0,0,89178,108,0,0,0,0,0,0,0,0,0,0,0,0,0,0,0,0.0,0.0,0.0,0.0,0.0,1.9999386412723346,96240,66718,3,1.442489283251896,0.10815208718694444,0.07497600740792351,0.10020475176938343,0.0,0.0,0.0,0.05485032443378606,0.37492049293258023,0.0,0.0,0.0,0.0,0.0,0.0,0.0,0.0,0.0,1.0,0.0,0.0,0.0,1.0,5,0.0,0.0,0.0,0.0,0.10815208718694444,4,benign
893433,126661087,249466,625575,56087,187190,382890,101947,563321,0,0.39877872357431166,0.20951766948388967,999.0,141.76898211729363,0,0,0,0,0,101980,108,0,0,0,0,0,0,0,0,0,0,0,0,0,0,0,0.0,0.0,0.0,0.0,0.0,1.9992950826675782,110612,76583,3,1.4443414334774036,0.12380559034645015,0.08571767552799146,0.11410704551992147,0.0,0.0,0.0,0.0627769513774396,0.42856039568719756,0.0,0.0,0.0,0.0,0.0,0.0,0.0,0.0,0.0,1.0,0.0,0.0,0.0,1.0,5,0.0,0.0,0.0,0.0,0.12380559034645015,4,benign
889856,110266866,216908,622635,50313,163024,333801,89120,560554,0,0.34837103600022484,0.1832026754890679,999.0,123.91540429013233,0,0,0,0,0,89113,108,0,0,0,0,0,0,0,0,0,0,0,0,0,0,0,0.0,0.0,0.0,0.0,0.0,1.9999263939152303,96272,66760,3,1.4420611144397844,0.1081882911392405,0.07502337456846951,0.10015103567318757,0.0,0.0,0.0,0.05654060881760645,0.3751179966196778,0.0,0.0,0.0,0.0,0.0,0.0,0.0,0.0,0.0,1.0,0.0,0.0,0.0,1.0,5,0.0,0.0,0.0,0.0,0.1081882911392405,4,benign
889266,110235662,216101,622697,50468,163154,333185,88699,560514,0,0.34704037437148405,0.1834704126774216,999.0,123.96252864722142,0,0,0,0,0,88704,108,0,0,0,0,0,0,0,0,0,0,0,0,0,0,0,0.0,0.0,0.0,0.0,0.0,2.0000980716658696,96518,66640,3,1.4483493397358944,0.10853670330362344,0.07493820746548277,0.0997440585831461,0.0,0.0,0.0,0.05675242278463362,0.3746741694835966,0.0,0.0,0.0,0.0,0.0,0.0,0.0,0.0,0.0,1.0,0.0,0.0,0.0,1.0,5,0.0,0.0,0.0,0.0,0.10853670330362344,4,benign
888890,110456834,233734,621617,52052,174134,332923,89003,560812,0,0.3760096651153363,0.1959005051243686,999.0,124.26378292027135,0,0,0,0,0,89014,108,0,0,0,0,0,0,0,0,0,0,0,0,0,0,0,0.0,0.0,0.0,0.0,0.0,1.998599761270774,96224,66580,3,1.4452388104535896,0.10825186468516915,0.07490240637199204,0.1001282498396877,0.0,0.0,0.0,0.0585584268019665,0.37453790682761645,0.0,0.0,0.0,0.0,0.0,0.0,0.0,0.0,0.0,1.0,0.0,0.0,0.0,1.0,5,0.0,0.0,0.0,0.0,0.10825186468516915,4,benign
883684,109549081,214552,619187,49945,162180,331646,88076,556907,0,0.3465059828452471,0.18352714318693109,999.0,123.96861434630479,0,0,0,0,0,88062,108,0,0,0,0,0,0,0,0,0,0,0,0,0,0,0,0.0,0.0,0.0,0.0,0.0,1.9999260108764012,95851,66335,3,1.4449536443807944,0.10846750648421834,0.07506642646013734,0.0996691124881745,0.0,0.0,0.0,0.0565190724286057,0.3752993151398011,0.0,0.0,0.0,0.0,0.0,0.0,0.0,0.0,0.0,1.0,0.0,0.0,0.0,1.0,5,0.0,0.0,0.0,0.0,0.10846750648421834,4,benign
954816,118518541,233526,667926,53364,174959,357804,95329,602150,0,0.3496285516659031,0.18323844594141697,999.0,124.1270998810242,0,0,0,0,0,95453,108,0,0,0,0,0,0,0,0,0,0,0,0,0,0,0,0.0,0.0,0.0,0.0,0.0,1.9993943272461316,103399,71558,3,1.4449677184940888,0.108292068838394,0.07494428245860983,0.09984017863127556,0.0,0.0,0.0,0.05588930223205309,0.3747360748039413,0.0,0.0,0.0,0.0,0.0,0.0,0.0,0.0,0.0,1.0,0.0,0.0,0.0,1.0,5,0.0,0.0,0.0,0.0,0.108292068838394,4,benign
1215523,143405092,282624,850895,62850,211841,433147,115219,766199,0,0.3321490900757438,0.17427971334149991,999.0,117.97809831652712,0,0,0,0,0,115328,108,0,0,0,0,0,0,0,0,0,0,0,0,0,0,0,0.0,0.0,0.0,0.0,0.0,2.000330491109789,125213,86628,3,1.445410259962137,0.10301162544846951,0.07126808789303041,0.09478965021640891,0.0,0.0,0.0,0.051706138016310674,0.35634619830311726,0.0,0.0,0.0,0.0,0.0,0.0,0.0,0.0,0.0,1.0,0.0,0.0,0.0,1.0,5,0.0,0.0,0.0,0.0,0.10301162544846951,4,benign
884994,109887878,216265,619826,48903,162303,332313,88452,558002,0,0.34891243671611066,0.18339446369127926,999.0,124.16793560182329,0,0,0,0,0,88461,108,0,0,0,0,0,0,0,0,0,0,0,0,0,0,0,0.0,0.0,0.0,0.0,0.0,2.000110909830308,95833,66459,3,1.4419867888472593,0.10828660985272216,0.07509542437575847,0.09994644031484959,0.0,0.0,0.0,0.0552580017491644,0.3754974609997356,0.0,0.0,0.0,0.0,0.0,0.0,0.0,0.0,0.0,1.0,0.0,0.0,0.0,1.0,5,0.0,0.0,0.0,0.0,0.10828660985272216,4,benign
879955,109253913,215184,616093,48678,161382,330007,87821,555114,0,0.34927194433307956,0.18339801467120478,999.0,124.15852287901086,0,0,0,0,0,87811,108,0,0,0,0,0,0,0,0,0,0,0,0,0,0,0,0.0,0.0,0.0,0.0,0.0,1.9999752143954792,95376,66003,3,1.4450252261260852,0.10838736071730941,0.07500724468864885,0.09980169440482752,0.0,0.0,0.0,0.055318737890005736,0.37502713206925353,0.0,0.0,0.0,0.0,0.0,0.0,0.0,0.0,0.0,1.0,0.0,0.0,0.0,1.0,5,0.0,0.0,0.0,0.0,0.10838736071730941,4,benign
893440,110712131,217453,625628,50359,163865,335055,89397,562919,0,0.34757555608124957,0.18340907055873926,999.0,123.91669390222063,0,0,0,0,0,89398,108,0,0,0,0,0,0,0,0,0,0,0,0,0,0,0,0.0,0.0,0.0,0.0,0.0,1.9999877949055935,96859,67012,3,1.4453978391929803,0.10841130909742121,0.07500447707736389,0.10005932127507164,0.0,0.0,0.0,0.056365284742120346,0.3750167890401146,0.0,0.0,0.0,0.0,0.0,0.0,0.0,0.0,0.0,1.0,0.0,0.0,0.0,1.0,5,0.0,0.0,0.0,0.0,0.10841130909742121,4,benign
897072,111127884,218012,627803,51257,164377,336661,89790,564796,0,0.3472618002781127,0.18323724294148072,999.0,123.87844453956873,0,0,0,0,0,89791,108,0,0,0,0,0,0,0,0,0,0,0,0,0,0,0,0.0,0.0,0.0,0.0,0.0,2.000012167226359,97048,67333,3,1.4413140659112174,0.10818306668806964,0.07505863520430912,0.10009230028358927,0.0,0.0,0.0,0.057138111545115666,0.3752887170706476,0.0,0.0,0.0,0.0,0.0,0.0,0.0,0.0,0.0,1.0,0.0,0.0,0.0,1.0,5,0.0,0.0,0.0,0.0,0.10818306668806964,4,benign
944579,117199441,230948,661436,52195,173223,354659,94531,596039,0,0.34916152129608913,0.18338646105831274,999.0,124.07584860556925,0,0,0,0,0,94392,108,0,0,0,0,0,0,0,0,0,0,0,0,0,0,0,0.0,0.0,0.0,0.0,0.0,2.000427286270253,102278,70922,3,1.4421195115760976,0.10827892637884179,0.0750831852073781,0.1000773889743473,0.0,0.0,0.0,0.055257421560293,0.3754678009991753,0.0,0.0,0.0,0.0,0.0,0.0,0.0,0.0,0.0,1.0,0.0,0.0,0.0,1.0,5,0.0,0.0,0.0,0.0,0.10827892637884179,4,benign
1074975,133424971,263317,752174,59484,197040,402941,107537,678047,0,0.3500745838064065,0.18329728598339495,999.0,124.11913858461824,0,0,0,0,0,107782,108,0,0,0,0,0,0,0,0,0,0,0,0,0,0,0,0.0,0.0,0.0,0.0,0.0,1.998782714546561,116464,80592,3,1.4451062140162796,0.10834112421219098,0.07497104583827531,0.10003674504058234,0.0,0.0,0.0,0.05533524035442685,0.37483755436172933,0.0,0.0,0.0,0.0,0.0,0.0,0.0,0.0,0.0,1.0,0.0,0.0,0.0,1.0,5,0.0,0.0,0.0,0.0,0.10834112421219098,4,benign
888832,110285620,217981,621675,49176,162869,332950,89181,560442,0,0.3506349780834037,0.18323935231854838,999.0,124.07926357286867,0,0,0,0,0,89189,108,0,0,0,0,0,0,0,0,0,0,0,0,0,0,0,0.0,0.0,0.0,0.0,0.0,2.0000859623484915,96257,66583,3,1.4456693149903128,0.10829605594758064,0.0749106692828341,0.10033504644297235,0.0,0.0,0.0,0.055326540898617514,0.3745927239343318,0.0,0.0,0.0,0.0,0.0,0.0,0.0,0.0,0.0,1.0,0.0,0.0,0.0,1.0,5,0.0,0.0,0.0,0.0,0.10829605594758064,4,benign
892312,110882166,218832,624450,49030,163529,334519,89073,563144,0,0.3504395868364161,0.18326437389612601,999.0,124.26389648463766,0,0,0,0,0,89068,108,0,0,0,0,0,0,0,0,0,0,0,0,0,0,0,0.0,0.0,0.0,0.0,0.0,1.9998654763360646,96634,66908,3,1.4442817002451127,0.10829620132868324,0.07498274146262743,0.09982270775244534,0.0,0.0,0.0,0.054947148531007094,0.3748901729439927,0.0,0.0,0.0,0.0,0.0,0.0,0.0,0.0,0.0,1.0,0.0,0.0,0.0,1.0,5,0.0,0.0,0.0,0.0,0.10829620132868324,4,benign
1012982,133657668,263545,709470,59631,197445,403434,107576,638788,0,0.37146743343622707,0.1949146184236245,999.0,131.9447611112537,0,0,0,0,0,107663,108,0,0,0,0,0,0,0,0,0,0,0,0,0,0,0,0.0,0.0,0.0,0.0,0.0,1.9986739280074504,116757,80683,3,1.4471078170122578,0.11526068577723987,0.07964899672452225,0.10619734605353304,0.0,0.0,0.0,0.058866791315146764,0.3982637401256883,0.0,0.0,0.0,0.0,0.0,0.0,0.0,0.0,0.0,1.0,0.0,0.0,0.0,1.0,5,0.0,0.0,0.0,0.0,0.11526068577723987,4,benign
901445,111813286,220149,631053,50243,165319,337877,90196,568350,0,0.3488597629676113,0.18339332959858892,999.0,124.0378348096667,0,0,0,0,0,90182,108,0,0,0,0,0,0,0,0,0,0,0,0,0,0,0,0.0,0.0,0.0,0.0,0.0,2.0001330849081715,97745,67573,3,1.4465097006200702,0.10843146281803105,0.07496075745053775,0.10005713049603691,0.0,0.0,0.0,0.05573606820160964,0.3748170992129303,0.0,0.0,0.0,0.0,0.0,0.0,0.0,0.0,0.0,1.0,0.0,0.0,0.0,1.0,5,0.0,0.0,0.0,0.0,0.10843146281803105,4,benign
1020506,150604055,310999,714736,72507,234613,479630,127768,643146,0,0.435124297642766,0.22989869731290163,999.0,147.57782413822162,0,0,0,0,0,121369,108,0,0,0,0,0,0,0,0,0,0,0,0,0,0,0,0.0,0.0,0.0,0.0,0.0,2.0001619819773735,138696,95934,3,1.4457439489649133,0.135909049040378,0.09400630667531597,0.12520063576304305,0.0,0.0,0.0,0.07105004772142447,0.4699923371347155,0.0,0.0,0.0,0.0,0.0,0.0,0.0,0.0,0.0,1.0,0.0,0.0,0.0,1.0,5,0.0,0.0,0.0,0.0,0.135909049040378,4,benign
1139056,157435041,308855,797202,71358,232637,476233,126439,718147,0,0.38742376461674705,0.20423666615162028,999.0,138.2153651795873,0,0,0,0,0,126240,108,0,0,0,0,0,0,0,0,0,0,0,0,0,0,0,0.0,0.0,0.0,0.0,0.0,1.9999742090784045,137389,95252,3,1.4423739134086424,0.12061654563076793,0.08362363220069953,0.11100332204913542,0.0,0.0,0.0,0.06264661263361943,0.4180944571645292,0.0,0.0,0.0,0.0,0.0,0.0,0.0,0.0,0.0,1.0,0.0,0.0,0.0,1.0,5,0.0,0.0,0.0,0.0,0.12061654563076793,4,benign
1076598,126009040,247381,752997,57483,186509,381079,101677,677299,0,0.3285285333142097,0.17323922206803283,999.0,117.04372477006274,0,0,0,0,0,101907,108,0,0,0,0,0,0,0,0,0,0,0,0,0,0,0,0.0,0.0,0.0,0.0,0.0,1.9998606062555624,110285,76211,3,1.4471008122187086,0.10243842176931409,0.07078872522520012,0.09444286539636894,0.0,0.0,0.0,0.053393188543913325,0.3539659185694196,0.0,0.0,0.0,0.0,0.0,0.0,0.0,0.0,0.0,1.0,0.0,0.0,0.0,1.0,5,0.0,0.0,0.0,0.0,0.10243842176931409,4,benign
891652,110719101,218883,623318,49451,163234,334015,89427,562278,0,0.35115783596815753,0.18306917945566206,999.0,124.17299686424748,0,0,0,0,0,89415,108,0,0,0,0,0,0,0,0,0,0,0,0,0,0,0,0.0,0.0,0.0,0.0,0.0,1.999950991803379,96438,66807,3,1.4435313664735732,0.10815654537869034,0.07492497072849048,0.10029361230614635,0.0,0.0,0.0,0.05545997765944562,0.3746024233669638,0.0,0.0,0.0,0.0,0.0,0.0,0.0,0.0,0.0,1.0,0.0,0.0,0.0,1.0,5,0.0,0.0,0.0,0.0,0.10815654537869034,4,benign
883515,109876210,217258,618544,47713,161978,331540,88278,557784,0,0.351240978814765,0.18333361629400746,999.0,124.36258580782443,0,0,0,0,0,88287,108,0,0,0,0,0,0,0,0,0,0,0,0,0,0,0,0.0,0.0,0.0,0.0,0.0,2.0000493906429426,95665,66306,3,1.44278044219226,0.10827773156086767,0.07504796183426428,0.0999168095618071,0.0,0.0,0.0,0.05400361057820184,0.3752511275982864,0.0,0.0,0.0,0.0,0.0,0.0,0.0,0.0,0.0,1.0,0.0,0.0,0.0,1.0,5,0.0,0.0,0.0,0.0,0.10827773156086767,4,benign
1140396,141481130,293008,798900,66795,220573,428212,113710,719121,0,0.3667643009137564,0.1934179004486161,999.0,124.06315876239482,0,0,0,0,0,120055,108,0,0,0,0,0,0,0,0,0,0,0,0,0,0,0,0.0,0.0,0.0,0.0,0.0,2.0001541558606433,123534,85651,3,1.4422948943970297,0.10832552902675913,0.0751063665603878,0.09971097759024058,0.0,0.0,0.0,0.05857175928361727,0.3754941266016366,0.0,0.0,0.0,0.0,0.0,0.0,0.0,0.0,0.0,1.0,0.0,0.0,0.0,1.0,5,0.0,0.0,0.0,0.0,0.10832552902675913,4,benign
897024,111457546,219994,627857,49173,164448,336300,89675,566022,0,0.3503887031601145,0.183326198630137,999.0,124.25257964112443,0,0,0,0,0,89674,108,0,0,0,0,0,0,0,0,0,0,0,0,0,0,0,0.0,0.0,0.0,0.0,0.0,1.999927031267102,97180,67260,3,1.4448409158489444,0.10833600884703197,0.0749812714041096,0.09996945455194065,0.0,0.0,0.0,0.05481793129280822,0.3749063570205479,0.0,0.0,0.0,0.0,0.0,0.0,0.0,0.0,0.0,1.0,0.0,0.0,0.0,1.0,5,0.0,0.0,0.0,0.0,0.10833600884703197,4,benign
882688,109524192,215570,618095,49023,161876,331201,88253,556522,0,0.34876515745961384,0.1833898274361949,999.0,124.08030017401393,0,0,0,0,0,88247,108,0,0,0,0,0,0,0,0,0,0,0,0,0,0,0,0.0,0.0,0.0,0.0,0.0,2.0001235589932413,95640,66241,3,1.4438187829290017,0.10835085556844548,0.07504463638341068,0.09998210013051044,0.0,0.0,0.0,0.055538310252320186,0.37521865030452434,0.0,0.0,0.0,0.0,0.0,0.0,0.0,0.0,0.0,1.0,0.0,0.0,0.0,1.0,5,0.0,0.0,0.0,0.0,0.10835085556844548,4,benign
889889,110230978,216303,623128,50458,163171,334054,89009,560435,0,0.34712450732433786,0.18336107087513162,999.0,123.87048047565483,0,0,0,0,0,89007,108,0,0,0,0,0,0,0,0,0,0,0,0,0,0,0,0.0,0.0,0.0,0.0,0.0,1.9998406706539857,96357,66803,3,1.4424052811999462,0.10827979669374495,0.07506891308916055,0.10002258708670407,0.0,0.0,0.0,0.05670145377681936,0.37538839113642264,0.0,0.0,0.0,0.0,0.0,0.0,0.0,0.0,0.0,1.0,0.0,0.0,0.0,1.0,5,0.0,0.0,0.0,0.0,0.10827979669374495,4,benign
962474,119513532,235434,673559,53418,176657,361402,96568,606665,0,0.34953730853570364,0.1835446983502931,999.0,124.1732576672201,0,0,0,0,0,102785,108,0,0,0,0,0,0,0,0,0,0,0,0,0,0,0,0.0,0.0,0.0,0.0,0.0,2.0003736751517347,104376,72277,3,1.4441108513081617,0.10844552684020556,0.0750950155536669,0.10033309990711438,0.0,0.0,0.0,0.055500720019449876,0.37549274058312226,0.0,0.0,0.0,0.0,0.0,0.0,0.0,0.0,0.0,1.0,0.0,0.0,0.0,1.0,5,0.0,0.0,0.0,0.0,0.10844552684020556,4,benign
889856,110389723,217219,622656,49981,163073,333652,89027,560838,0,0.3488587598931031,0.18325774057825087,999.0,124.05346820159666,0,0,0,0,0,89027,108,0,0,0,0,0,0,0,0,0,0,0,0,0,0,0,0.0,0.0,0.0,0.0,0.0,2.0000367940148402,96340,66733,3,1.4436635547630108,0.10826470799769851,0.07499303258055236,0.10004652438147296,0.0,0.0,0.0,0.05616751474395857,0.37495055379746833,0.0,0.0,0.0,0.0,0.0,0.0,0.0,0.0,0.0,1.0,0.0,0.0,0.0,1.0,5,0.0,0.0,0.0,0.0,0.10826470799769851,4,benign
887296,110121909,216725,621456,49115,162815,332478,88662,559689,0,0.3487374810123323,0.1834956992931333,999.0,124.1095519420802,0,0,0,0,0,88665,108,0,0,0,0,0,0,0,0,0,0,0,0,0,0,0,0.0,0.0,0.0,0.0,0.0,2.0000614212886187,96316,66498,3,1.4484044632921291,0.1085500216387767,0.07494455063473746,0.09992381347374495,0.0,0.0,0.0,0.0553535685949221,0.37470922893825737,0.0,0.0,0.0,0.0,0.0,0.0,0.0,0.0,0.0,1.0,0.0,0.0,0.0,1.0,5,0.0,0.0,0.0,0.0,0.1085500216387767,4,benign
1018177,126671001,250527,712279,56005,186849,381744,102374,642533,0,0.35172593885261255,0.1835132791253387,999.0,124.4096075633215,0,0,0,0,0,101929,108,0,0,0,0,0,0,0,0,0,0,0,0,0,0,0,0.0,0.0,0.0,0.0,0.0,1.9998394554328283,110503,76350,3,1.44732154551408,0.10853024572348423,0.07498696199187371,0.10054636865692311,0.0,0.0,0.0,0.0550051710066128,0.37492891707433973,0.0,0.0,0.0,0.0,0.0,0.0,0.0,0.0,0.0,1.0,0.0,0.0,0.0,1.0,5,0.0,0.0,0.0,0.0,0.10853024572348423,4,benign
894962,111103950,219402,626452,49108,164124,335257,89568,564697,0,0.3502295467170669,0.18338655719460714,999.0,124.14376252846489,0,0,0,0,0,89565,108,0,0,0,0,0,0,0,0,0,0,0,0,0,0,0,0.0,0.0,0.0,0.0,0.0,2.0001218665074276,97075,67055,3,1.4476921929759152,0.10846829250850874,0.07492496888136033,0.10008022686996766,0.0,0.0,0.0,0.05487160348707543,0.3746047318210159,0.0,0.0,0.0,0.0,0.0,0.0,0.0,0.0,0.0,1.0,0.0,0.0,0.0,1.0,5,0.0,0.0,0.0,0.0,0.10846829250850874,4,benign
874496,108531035,213324,612748,48424,160431,328550,87243,551420,0,0.3481431191941875,0.18345538458723654,999.0,124.10695417703454,0,0,0,0,0,87236,108,0,0,0,0,0,0,0,0,0,0,0,0,0,0,0,0.0,0.0,0.0,0.0,0.0,2.000112204061787,94717,65707,3,1.44150547125877,0.10831038678278689,0.07513699319379391,0.09976374963407494,0.0,0.0,0.0,0.05537360948477752,0.375702118706089,0.0,0.0,0.0,0.0,0.0,0.0,0.0,0.0,0.0,1.0,0.0,0.0,0.0,1.0,5,0.0,0.0,0.0,0.0,0.10831038678278689,4,benign
0,0,0,0,0,0,0,0,0,0,0.0,0.0,999.0,0.0,0,0,0,0,0,0,0,0,0,0,0,0,0,0,0,0,0,0,0,0,0,0,0.0,0.0,0.0,0.0,0.0,0.0,0,0,0,0.0,0.0,0.0,0.0,0.0,0.0,0.0,0.0,0.0,0.0,0.0,0.0,0.0,0.0,0.0,0.0,0.0,0.0,1.0,0.0,0.0,0.0,1.0,5,0.0,0.0,0.0,0.0,0.0,0,benign
0,0,0,0,0,0,0,0,0,0,0.0,0.0,999.0,0.0,0,0,0,0,0,0,0,0,0,0,0,0,0,0,0,0,0,0,0,0,0,0,0.0,0.0,0.0,0.0,0.0,0.0,0,0,0,0.0,0.0,0.0,0.0,0.0,0.0,0.0,0.0,0.0,0.0,0.0,0.0,0.0,0.0,0.0,0.0,0.0,0.0,1.0,0.0,0.0,0.0,1.0,5,0.0,0.0,0.0,0.0,0.0,0,benign
0,0,0,0,0,0,0,0,0,0,0.0,0.0,999.0,0.0,0,0,0,0,0,0,0,0,0,0,0,0,0,0,0,0,0,0,0,0,0,0,0.0,0.0,0.0,0.0,0.0,0.0,0,0,0,0.0,0.0,0.0,0.0,0.0,0.0,0.0,0.0,0.0,0.0,0.0,0.0,0.0,0.0,0.0,0.0,0.0,0.0,1.0,0.0,0.0,0.0,1.0,5,0.0,0.0,0.0,0.0,0.0,0,benign
0,0,0,0,0,0,0,0,0,0,0.0,0.0,999.0,0.0,0,0,0,0,0,0,0,0,0,0,0,0,0,0,0,0,0,0,0,0,0,0,0.0,0.0,0.0,0.0,0.0,0.0,0,0,0,0.0,0.0,0.0,0.0,0.0,0.0,0.0,0.0,0.0,0.0,0.0,0.0,0.0,0.0,0.0,0.0,0.0,0.0,1.0,0.0,0.0,0.0,1.0,5,0.0,0.0,0.0,0.0,0.0,0,benign
0,0,0,0,0,0,0,0,0,0,0.0,0.0,999.0,0.0,0,0,0,0,0,0,0,0,0,0,0,0,0,0,0,0,0,0,0,0,0,0,0.0,0.0,0.0,0.0,0.0,0.0,0,0,0,0.0,0.0,0.0,0.0,0.0,0.0,0.0,0.0,0.0,0.0,0.0,0.0,0.0,0.0,0.0,0.0,0.0,0.0,1.0,0.0,0.0,0.0,1.0,5,0.0,0.0,0.0,0.0,0.0,0,benign
0,0,0,0,0,0,0,0,0,0,0.0,0.0,999.0,0.0,0,0,0,0,0,0,0,0,0,0,0,0,0,0,0,0,0,0,0,0,0,0,0.0,0.0,0.0,0.0,0.0,0.0,0,0,0,0.0,0.0,0.0,0.0,0.0,0.0,0.0,0.0,0.0,0.0,0.0,0.0,0.0,0.0,0.0,0.0,0.0,0.0,1.0,0.0,0.0,0.0,1.0,5,0.0,0.0,0.0,0.0,0.0,0,benign
0,0,0,0,0,0,0,0,0,0,0.0,0.0,999.0,0.0,0,0,0,0,0,0,0,0,0,0,0,0,0,0,0,0,0,0,0,0,0,0,0.0,0.0,0.0,0.0,0.0,0.0,0,0,0,0.0,0.0,0.0,0.0,0.0,0.0,0.0,0.0,0.0,0.0,0.0,0.0,0.0,0.0,0.0,0.0,0.0,0.0,1.0,0.0,0.0,0.0,1.0,5,0.0,0.0,0.0,0.0,0.0,0,benign
0,0,0,0,0,0,0,0,0,0,0.0,0.0,999.0,0.0,0,0,0,0,0,0,0,0,0,0,0,0,0,0,0,0,0,0,0,0,0,0,0.0,0.0,0.0,0.0,0.0,0.0,0,0,0,0.0,0.0,0.0,0.0,0.0,0.0,0.0,0.0,0.0,0.0,0.0,0.0,0.0,0.0,0.0,0.0,0.0,0.0,1.0,0.0,0.0,0.0,1.0,5,0.0,0.0,0.0,0.0,0.0,0,benign
0,0,0,0,0,0,0,0,0,0,0.0,0.0,999.0,0.0,0,0,0,0,0,0,0,0,0,0,0,0,0,0,0,0,0,0,0,0,0,0,0.0,0.0,0.0,0.0,0.0,0.0,0,0,0,0.0,0.0,0.0,0.0,0.0,0.0,0.0,0.0,0.0,0.0,0.0,0.0,0.0,0.0,0.0,0.0,0.0,0.0,1.0,0.0,0.0,0.0,1.0,5,0.0,0.0,0.0,0.0,0.0,0,benign
0,0,0,0,0,0,0,0,0,0,0.0,0.0,999.0,0.0,0,0,0,0,0,0,0,0,0,0,0,0,0,0,0,0,0,0,0,0,0,0,0.0,0.0,0.0,0.0,0.0,0.0,0,0,0,0.0,0.0,0.0,0.0,0.0,0.0,0.0,0.0,0.0,0.0,0.0,0.0,0.0,0.0,0.0,0.0,0.0,0.0,1.0,0.0,0.0,0.0,1.0,5,0.0,0.0,0.0,0.0,0.0,0,benign
0,0,0,0,0,0,0,0,0,0,0.0,0.0,999.0,0.0,0,0,0,0,0,0,0,0,0,0,0,0,0,0,0,0,0,0,0,0,0,0,0.0,0.0,0.0,0.0,0.0,0.0,0,0,0,0.0,0.0,0.0,0.0,0.0,0.0,0.0,0.0,0.0,0.0,0.0,0.0,0.0,0.0,0.0,0.0,0.0,0.0,1.0,0.0,0.0,0.0,1.0,5,0.0,0.0,0.0,0.0,0.0,0,benign
0,0,0,0,0,0,0,0,0,0,0.0,0.0,999.0,0.0,0,0,0,0,0,0,0,0,0,0,0,0,0,0,0,0,0,0,0,0,0,0,0.0,0.0,0.0,0.0,0.0,0.0,0,0,0,0.0,0.0,0.0,0.0,0.0,0.0,0.0,0.0,0.0,0.0,0.0,0.0,0.0,0.0,0.0,0.0,0.0,0.0,1.0,0.0,0.0,0.0,1.0,5,0.0,0.0,0.0,0.0,0.0,0,benign
0,0,0,0,0,0,0,0,0,0,0.0,0.0,999.0,0.0,0,0,0,0,0,0,0,0,0,0,0,0,0,0,0,0,0,0,0,0,0,0,0.0,0.0,0.0,0.0,0.0,0.0,0,0,0,0.0,0.0,0.0,0.0,0.0,0.0,0.0,0.0,0.0,0.0,0.0,0.0,0.0,0.0,0.0,0.0,0.0,0.0,1.0,0.0,0.0,0.0,1.0,5,0.0,0.0,0.0,0.0,0.0,0,benign
0,0,0,0,0,0,0,0,0,0,0.0,0.0,999.0,0.0,0,0,0,0,0,0,0,0,0,0,0,0,0,0,0,0,0,0,0,0,0,0,0.0,0.0,0.0,0.0,0.0,0.0,0,0,0,0.0,0.0,0.0,0.0,0.0,0.0,0.0,0.0,0.0,0.0,0.0,0.0,0.0,0.0,0.0,0.0,0.0,0.0,1.0,0.0,0.0,0.0,1.0,5,0.0,0.0,0.0,0.0,0.0,0,benign
0,0,0,0,0,0,0,0,0,0,0.0,0.0,999.0,0.0,0,0,0,0,0,0,0,0,0,0,0,0,0,0,0,0,0,0,0,0,0,0,0.0,0.0,0.0,0.0,0.0,0.0,0,0,0,0.0,0.0,0.0,0.0,0.0,0.0,0.0,0.0,0.0,0.0,0.0,0.0,0.0,0.0,0.0,0.0,0.0,0.0,1.0,0.0,0.0,0.0,1.0,5,0.0,0.0,0.0,0.0,0.0,0,benign
0,0,0,0,0,0,0,0,0,0,0.0,0.0,999.0,0.0,0,0,0,0,0,0,0,0,0,0,0,0,0,0,0,0,0,0,0,0,0,0,0.0,0.0,0.0,0.0,0.0,0.0,0,0,0,0.0,0.0,0.0,0.0,0.0,0.0,0.0,0.0,0.0,0.0,0.0,0.0,0.0,0.0,0.0,0.0,0.0,0.0,1.0,0.0,0.0,0.0,1.0,5,0.0,0.0,0.0,0.0,0.0,0,benign
0,0,0,0,0,0,0,0,0,0,0.0,0.0,999.0,0.0,0,0,0,0,0,0,0,0,0,0,0,0,0,0,0,0,0,0,0,0,0,0,0.0,0.0,0.0,0.0,0.0,0.0,0,0,0,0.0,0.0,0.0,0.0,0.0,0.0,0.0,0.0,0.0,0.0,0.0,0.0,0.0,0.0,0.0,0.0,0.0,0.0,1.0,0.0,0.0,0.0,1.0,5,0.0,0.0,0.0,0.0,0.0,0,benign
0,0,0,0,0,0,0,0,0,0,0.0,0.0,999.0,0.0,0,0,0,0,0,0,0,0,0,0,0,0,0,0,0,0,0,0,0,0,0,0,0.0,0.0,0.0,0.0,0.0,0.0,0,0,0,0.0,0.0,0.0,0.0,0.0,0.0,0.0,0.0,0.0,0.0,0.0,0.0,0.0,0.0,0.0,0.0,0.0,0.0,1.0,0.0,0.0,0.0,1.0,5,0.0,0.0,0.0,0.0,0.0,0,benign
0,0,0,0,0,0,0,0,0,0,0.0,0.0,999.0,0.0,0,0,0,0,0,0,0,0,0,0,0,0,0,0,0,0,0,0,0,0,0,0,0.0,0.0,0.0,0.0,0.0,0.0,0,0,0,0.0,0.0,0.0,0.0,0.0,0.0,0.0,0.0,0.0,0.0,0.0,0.0,0.0,0.0,0.0,0.0,0.0,0.0,1.0,0.0,0.0,0.0,1.0,5,0.0,0.0,0.0,0.0,0.0,0,benign
0,0,0,0,0,0,0,0,0,0,0.0,0.0,999.0,0.0,0,0,0,0,0,0,0,0,0,0,0,0,0,0,0,0,0,0,0,0,0,0,0.0,0.0,0.0,0.0,0.0,0.0,0,0,0,0.0,0.0,0.0,0.0,0.0,0.0,0.0,0.0,0.0,0.0,0.0,0.0,0.0,0.0,0.0,0.0,0.0,0.0,1.0,0.0,0.0,0.0,1.0,5,0.0,0.0,0.0,0.0,0.0,0,benign
0,0,0,0,0,0,0,0,0,0,0.0,0.0,999.0,0.0,0,0,0,0,0,0,0,0,0,0,0,0,0,0,0,0,0,0,0,0,0,0,0.0,0.0,0.0,0.0,0.0,0.0,0,0,0,0.0,0.0,0.0,0.0,0.0,0.0,0.0,0.0,0.0,0.0,0.0,0.0,0.0,0.0,0.0,0.0,0.0,0.0,1.0,0.0,0.0,0.0,1.0,5,0.0,0.0,0.0,0.0,0.0,0,benign
0,0,0,0,0,0,0,0,0,0,0.0,0.0,999.0,0.0,0,0,0,0,0,0,0,0,0,0,0,0,0,0,0,0,0,0,0,0,0,0,0.0,0.0,0.0,0.0,0.0,0.0,0,0,0,0.0,0.0,0.0,0.0,0.0,0.0,0.0,0.0,0.0,0.0,0.0,0.0,0.0,0.0,0.0,0.0,0.0,0.0,1.0,0.0,0.0,0.0,1.0,5,0.0,0.0,0.0,0.0,0.0,0,benign
0,0,0,0,0,0,0,0,0,0,0.0,0.0,999.0,0.0,0,0,0,0,0,0,0,0,0,0,0,0,0,0,0,0,0,0,0,0,0,0,0.0,0.0,0.0,0.0,0.0,0.0,0,0,0,0.0,0.0,0.0,0.0,0.0,0.0,0.0,0.0,0.0,0.0,0.0,0.0,0.0,0.0,0.0,0.0,0.0,0.0,1.0,0.0,0.0,0.0,1.0,5,0.0,0.0,0.0,0.0,0.0,0,benign
0,0,0,0,0,0,0,0,0,0,0.0,0.0,999.0,0.0,0,0,0,0,0,0,0,0,0,0,0,0,0,0,0,0,0,0,0,0,0,0,0.0,0.0,0.0,0.0,0.0,0.0,0,0,0,0.0,0.0,0.0,0.0,0.0,0.0,0.0,0.0,0.0,0.0,0.0,0.0,0.0,0.0,0.0,0.0,0.0,0.0,1.0,0.0,0.0,0.0,1.0,5,0.0,0.0,0.0,0.0,0.0,0,benign
0,0,0,0,0,0,0,0,0,0,0.0,0.0,999.0,0.0,0,0,0,0,0,0,0,0,0,0,0,0,0,0,0,0,0,0,0,0,0,0,0.0,0.0,0.0,0.0,0.0,0.0,0,0,0,0.0,0.0,0.0,0.0,0.0,0.0,0.0,0.0,0.0,0.0,0.0,0.0,0.0,0.0,0.0,0.0,0.0,0.0,1.0,0.0,0.0,0.0,1.0,5,0.0,0.0,0.0,0.0,0.0,0,benign
0,0,0,0,0,0,0,0,0,0,0.0,0.0,999.0,0.0,0,0,0,0,0,0,0,0,0,0,0,0,0,0,0,0,0,0,0,0,0,0,0.0,0.0,0.0,0.0,0.0,0.0,0,0,0,0.0,0.0,0.0,0.0,0.0,0.0,0.0,0.0,0.0,0.0,0.0,0.0,0.0,0.0,0.0,0.0,0.0,0.0,1.0,0.0,0.0,0.0,1.0,5,0.0,0.0,0.0,0.0,0.0,0,benign
0,0,0,0,0,0,0,0,0,0,0.0,0.0,999.0,0.0,0,0,0,0,0,0,0,0,0,0,0,0,0,0,0,0,0,0,0,0,0,0,0.0,0.0,0.0,0.0,0.0,0.0,0,0,0,0.0,0.0,0.0,0.0,0.0,0.0,0.0,0.0,0.0,0.0,0.0,0.0,0.0,0.0,0.0,0.0,0.0,0.0,1.0,0.0,0.0,0.0,1.0,5,0.0,0.0,0.0,0.0,0.0,0,benign
0,0,0,0,0,0,0,0,0,0,0.0,0.0,999.0,0.0,0,0,0,0,0,0,0,0,0,0,0,0,0,0,0,0,0,0,0,0,0,0,0.0,0.0,0.0,0.0,0.0,0.0,0,0,0,0.0,0.0,0.0,0.0,0.0,0.0,0.0,0.0,0.0,0.0,0.0,0.0,0.0,0.0,0.0,0.0,0.0,0.0,1.0,0.0,0.0,0.0,1.0,5,0.0,0.0,0.0,0.0,0.0,0,benign
0,0,0,0,0,0,0,0,0,0,0.0,0.0,999.0,0.0,0,0,0,0,0,0,0,0,0,0,0,0,0,0,0,0,0,0,0,0,0,0,0.0,0.0,0.0,0.0,0.0,0.0,0,0,0,0.0,0.0,0.0,0.0,0.0,0.0,0.0,0.0,0.0,0.0,0.0,0.0,0.0,0.0,0.0,0.0,0.0,0.0,1.0,0.0,0.0,0.0,1.0,5,0.0,0.0,0.0,0.0,0.0,0,benign
0,0,0,0,0,0,0,0,0,0,0.0,0.0,999.0,0.0,0,0,0,0,0,0,0,0,0,0,0,0,0,0,0,0,0,0,0,0,0,0,0.0,0.0,0.0,0.0,0.0,0.0,0,0,0,0.0,0.0,0.0,0.0,0.0,0.0,0.0,0.0,0.0,0.0,0.0,0.0,0.0,0.0,0.0,0.0,0.0,0.0,1.0,0.0,0.0,0.0,1.0,5,0.0,0.0,0.0,0.0,0.0,0,benign
0,0,0,0,0,0,0,0,0,0,0.0,0.0,999.0,0.0,0,0,0,0,0,0,0,0,0,0,0,0,0,0,0,0,0,0,0,0,0,0,0.0,0.0,0.0,0.0,0.0,0.0,0,0,0,0.0,0.0,0.0,0.0,0.0,0.0,0.0,0.0,0.0,0.0,0.0,0.0,0.0,0.0,0.0,0.0,0.0,0.0,1.0,0.0,0.0,0.0,1.0,5,0.0,0.0,0.0,0.0,0.0,0,benign
0,0,0,0,0,0,0,0,0,0,0.0,0.0,999.0,0.0,0,0,0,0,0,0,0,0,0,0,0,0,0,0,0,0,0,0,0,0,0,0,0.0,0.0,0.0,0.0,0.0,0.0,0,0,0,0.0,0.0,0.0,0.0,0.0,0.0,0.0,0.0,0.0,0.0,0.0,0.0,0.0,0.0,0.0,0.0,0.0,0.0,1.0,0.0,0.0,0.0,1.0,5,0.0,0.0,0.0,0.0,0.0,0,benign
0,0,0,0,0,0,0,0,0,0,0.0,0.0,999.0,0.0,0,0,0,0,0,0,0,0,0,0,0,0,0,0,0,0,0,0,0,0,0,0,0.0,0.0,0.0,0.0,0.0,0.0,0,0,0,0.0,0.0,0.0,0.0,0.0,0.0,0.0,0.0,0.0,0.0,0.0,0.0,0.0,0.0,0.0,0.0,0.0,0.0,1.0,0.0,0.0,0.0,1.0,5,0.0,0.0,0.0,0.0,0.0,0,benign
0,0,0,0,0,0,0,0,0,0,0.0,0.0,999.0,0.0,0,0,0,0,0,0,0,0,0,0,0,0,0,0,0,0,0,0,0,0,0,0,0.0,0.0,0.0,0.0,0.0,0.0,0,0,0,0.0,0.0,0.0,0.0,0.0,0.0,0.0,0.0,0.0,0.0,0.0,0.0,0.0,0.0,0.0,0.0,0.0,0.0,1.0,0.0,0.0,0.0,1.0,5,0.0,0.0,0.0,0.0,0.0,0,benign
0,0,0,0,0,0,0,0,0,0,0.0,0.0,999.0,0.0,0,0,0,0,0,0,0,0,0,0,0,0,0,0,0,0,0,0,0,0,0,0,0.0,0.0,0.0,0.0,0.0,0.0,0,0,0,0.0,0.0,0.0,0.0,0.0,0.0,0.0,0.0,0.0,0.0,0.0,0.0,0.0,0.0,0.0,0.0,0.0,0.0,1.0,0.0,0.0,0.0,1.0,5,0.0,0.0,0.0,0.0,0.0,0,benign
0,0,0,0,0,0,0,0,0,0,0.0,0.0,999.0,0.0,0,0,0,0,0,0,0,0,0,0,0,0,0,0,0,0,0,0,0,0,0,0,0.0,0.0,0.0,0.0,0.0,0.0,0,0,0,0.0,0.0,0.0,0.0,0.0,0.0,0.0,0.0,0.0,0.0,0.0,0.0,0.0,0.0,0.0,0.0,0.0,0.0,1.0,0.0,0.0,0.0,1.0,5,0.0,0.0,0.0,0.0,0.0,0,benign
0,0,0,0,0,0,0,0,0,0,0.0,0.0,999.0,0.0,0,0,0,0,0,0,0,0,0,0,0,0,0,0,0,0,0,0,0,0,0,0,0.0,0.0,0.0,0.0,0.0,0.0,0,0,0,0.0,0.0,0.0,0.0,0.0,0.0,0.0,0.0,0.0,0.0,0.0,0.0,0.0,0.0,0.0,0.0,0.0,0.0,1.0,0.0,0.0,0.0,1.0,5,0.0,0.0,0.0,0.0,0.0,0,benign
0,0,0,0,0,0,0,0,0,0,0.0,0.0,999.0,0.0,0,0,0,0,0,0,0,0,0,0,0,0,0,0,0,0,0,0,0,0,0,0,0.0,0.0,0.0,0.0,0.0,0.0,0,0,0,0.0,0.0,0.0,0.0,0.0,0.0,0.0,0.0,0.0,0.0,0.0,0.0,0.0,0.0,0.0,0.0,0.0,0.0,1.0,0.0,0.0,0.0,1.0,5,0.0,0.0,0.0,0.0,0.0,0,benign
0,0,0,0,0,0,0,0,0,0,0.0,0.0,999.0,0.0,0,0,0,0,0,0,0,0,0,0,0,0,0,0,0,0,0,0,0,0,0,0,0.0,0.0,0.0,0.0,0.0,0.0,0,0,0,0.0,0.0,0.0,0.0,0.0,0.0,0.0,0.0,0.0,0.0,0.0,0.0,0.0,0.0,0.0,0.0,0.0,0.0,1.0,0.0,0.0,0.0,1.0,5,0.0,0.0,0.0,0.0,0.0,0,benign
0,0,0,0,0,0,0,0,0,0,0.0,0.0,999.0,0.0,0,0,0,0,0,0,0,0,0,0,0,0,0,0,0,0,0,0,0,0,0,0,0.0,0.0,0.0,0.0,0.0,0.0,0,0,0,0.0,0.0,0.0,0.0,0.0,0.0,0.0,0.0,0.0,0.0,0.0,0.0,0.0,0.0,0.0,0.0,0.0,0.0,1.0,0.0,0.0,0.0,1.0,5,0.0,0.0,0.0,0.0,0.0,0,benign
0,0,0,0,0,0,0,0,0,0,0.0,0.0,999.0,0.0,0,0,0,0,0,0,0,0,0,0,0,0,0,0,0,0,0,0,0,0,0,0,0.0,0.0,0.0,0.0,0.0,0.0,0,0,0,0.0,0.0,0.0,0.0,0.0,0.0,0.0,0.0,0.0,0.0,0.0,0.0,0.0,0.0,0.0,0.0,0.0,0.0,1.0,0.0,0.0,0.0,1.0,5,0.0,0.0,0.0,0.0,0.0,0,benign
0,0,0,0,0,0,0,0,0,0,0.0,0.0,999.0,0.0,0,0,0,0,0,0,0,0,0,0,0,0,0,0,0,0,0,0,0,0,0,0,0.0,0.0,0.0,0.0,0.0,0.0,0,0,0,0.0,0.0,0.0,0.0,0.0,0.0,0.0,0.0,0.0,0.0,0.0,0.0,0.0,0.0,0.0,0.0,0.0,0.0,1.0,0.0,0.0,0.0,1.0,5,0.0,0.0,0.0,0.0,0.0,0,benign
0,0,0,0,0,0,0,0,0,0,0.0,0.0,999.0,0.0,0,0,0,0,0,0,0,0,0,0,0,0,0,0,0,0,0,0,0,0,0,0,0.0,0.0,0.0,0.0,0.0,0.0,0,0,0,0.0,0.0,0.0,0.0,0.0,0.0,0.0,0.0,0.0,0.0,0.0,0.0,0.0,0.0,0.0,0.0,0.0,0.0,1.0,0.0,0.0,0.0,1.0,5,0.0,0.0,0.0,0.0,0.0,0,benign
0,0,0,0,0,0,0,0,0,0,0.0,0.0,999.0,0.0,0,0,0,0,0,0,0,0,0,0,0,0,0,0,0,0,0,0,0,0,0,0,0.0,0.0,0.0,0.0,0.0,0.0,0,0,0,0.0,0.0,0.0,0.0,0.0,0.0,0.0,0.0,0.0,0.0,0.0,0.0,0.0,0.0,0.0,0.0,0.0,0.0,1.0,0.0,0.0,0.0,1.0,5,0.0,0.0,0.0,0.0,0.0,0,benign
0,0,0,0,0,0,0,0,0,0,0.0,0.0,999.0,0.0,0,0,0,0,0,0,0,0,0,0,0,0,0,0,0,0,0,0,0,0,0,0,0.0,0.0,0.0,0.0,0.0,0.0,0,0,0,0.0,0.0,0.0,0.0,0.0,0.0,0.0,0.0,0.0,0.0,0.0,0.0,0.0,0.0,0.0,0.0,0.0,0.0,1.0,0.0,0.0,0.0,1.0,5,0.0,0.0,0.0,0.0,0.0,0,benign
0,0,0,0,0,0,0,0,0,0,0.0,0.0,999.0,0.0,0,0,0,0,0,0,0,0,0,0,0,0,0,0,0,0,0,0,0,0,0,0,0.0,0.0,0.0,0.0,0.0,0.0,0,0,0,0.0,0.0,0.0,0.0,0.0,0.0,0.0,0.0,0.0,0.0,0.0,0.0,0.0,0.0,0.0,0.0,0.0,0.0,1.0,0.0,0.0,0.0,1.0,5,0.0,0.0,0.0,0.0,0.0,0,benign
0,0,0,0,0,0,0,0,0,0,0.0,0.0,999.0,0.0,0,0,0,0,0,0,0,0,0,0,0,0,0,0,0,0,0,0,0,0,0,0,0.0,0.0,0.0,0.0,0.0,0.0,0,0,0,0.0,0.0,0.0,0.0,0.0,0.0,0.0,0.0,0.0,0.0,0.0,0.0,0.0,0.0,0.0,0.0,0.0,0.0,1.0,0.0,0.0,0.0,1.0,5,0.0,0.0,0.0,0.0,0.0,0,benign
0,0,0,0,0,0,0,0,0,0,0.0,0.0,999.0,0.0,0,0,0,0,0,0,0,0,0,0,0,0,0,0,0,0,0,0,0,0,0,0,0.0,0.0,0.0,0.0,0.0,0.0,0,0,0,0.0,0.0,0.0,0.0,0.0,0.0,0.0,0.0,0.0,0.0,0.0,0.0,0.0,0.0,0.0,0.0,0.0,0.0,1.0,0.0,0.0,0.0,1.0,5,0.0,0.0,0.0,0.0,0.0,0,benign
0,0,0,0,0,0,0,0,0,0,0.0,0.0,999.0,0.0,0,0,0,0,0,0,0,0,0,0,0,0,0,0,0,0,0,0,0,0,0,0,0.0,0.0,0.0,0.0,0.0,0.0,0,0,0,0.0,0.0,0.0,0.0,0.0,0.0,0.0,0.0,0.0,0.0,0.0,0.0,0.0,0.0,0.0,0.0,0.0,0.0,1.0,0.0,0.0,0.0,1.0,5,0.0,0.0,0.0,0.0,0.0,0,benign
0,0,0,0,0,0,0,0,0,0,0.0,0.0,999.0,0.0,0,0,0,0,0,0,0,0,0,0,0,0,0,0,0,0,0,0,0,0,0,0,0.0,0.0,0.0,0.0,0.0,0.0,0,0,0,0.0,0.0,0.0,0.0,0.0,0.0,0.0,0.0,0.0,0.0,0.0,0.0,0.0,0.0,0.0,0.0,0.0,0.0,1.0,0.0,0.0,0.0,1.0,5,0.0,0.0,0.0,0.0,0.0,0,benign
0,0,0,0,0,0,0,0,0,0,0.0,0.0,999.0,0.0,0,0,0,0,0,0,0,0,0,0,0,0,0,0,0,0,0,0,0,0,0,0,0.0,0.0,0.0,0.0,0.0,0.0,0,0,0,0.0,0.0,0.0,0.0,0.0,0.0,0.0,0.0,0.0,0.0,0.0,0.0,0.0,0.0,0.0,0.0,0.0,0.0,1.0,0.0,0.0,0.0,1.0,5,0.0,0.0,0.0,0.0,0.0,0,benign
0,0,0,0,0,0,0,0,0,0,0.0,0.0,999.0,0.0,0,0,0,0,0,0,0,0,0,0,0,0,0,0,0,0,0,0,0,0,0,0,0.0,0.0,0.0,0.0,0.0,0.0,0,0,0,0.0,0.0,0.0,0.0,0.0,0.0,0.0,0.0,0.0,0.0,0.0,0.0,0.0,0.0,0.0,0.0,0.0,0.0,1.0,0.0,0.0,0.0,1.0,5,0.0,0.0,0.0,0.0,0.0,0,benign
0,0,0,0,0,0,0,0,0,0,0.0,0.0,999.0,0.0,0,0,0,0,0,0,0,0,0,0,0,0,0,0,0,0,0,0,0,0,0,0,0.0,0.0,0.0,0.0,0.0,0.0,0,0,0,0.0,0.0,0.0,0.0,0.0,0.0,0.0,0.0,0.0,0.0,0.0,0.0,0.0,0.0,0.0,0.0,0.0,0.0,1.0,0.0,0.0,0.0,1.0,5,0.0,0.0,0.0,0.0,0.0,0,benign
0,0,0,0,0,0,0,0,0,0,0.0,0.0,999.0,0.0,0,0,0,0,0,0,0,0,0,0,0,0,0,0,0,0,0,0,0,0,0,0,0.0,0.0,0.0,0.0,0.0,0.0,0,0,0,0.0,0.0,0.0,0.0,0.0,0.0,0.0,0.0,0.0,0.0,0.0,0.0,0.0,0.0,0.0,0.0,0.0,0.0,1.0,0.0,0.0,0.0,1.0,5,0.0,0.0,0.0,0.0,0.0,0,benign
0,0,0,0,0,0,0,0,0,0,0.0,0.0,999.0,0.0,0,0,0,0,0,0,0,0,0,0,0,0,0,0,0,0,0,0,0,0,0,0,0.0,0.0,0.0,0.0,0.0,0.0,0,0,0,0.0,0.0,0.0,0.0,0.0,0.0,0.0,0.0,0.0,0.0,0.0,0.0,0.0,0.0,0.0,0.0,0.0,0.0,1.0,0.0,0.0,0.0,1.0,5,0.0,0.0,0.0,0.0,0.0,0,benign
0,0,0,0,0,0,0,0,0,0,0.0,0.0,999.0,0.0,0,0,0,0,0,0,0,0,0,0,0,0,0,0,0,0,0,0,0,0,0,0,0.0,0.0,0.0,0.0,0.0,0.0,0,0,0,0.0,0.0,0.0,0.0,0.0,0.0,0.0,0.0,0.0,0.0,0.0,0.0,0.0,0.0,0.0,0.0,0.0,0.0,1.0,0.0,0.0,0.0,1.0,5,0.0,0.0,0.0,0.0,0.0,0,benign
0,0,0,0,0,0,0,0,0,0,0.0,0.0,999.0,0.0,0,0,0,0,0,0,0,0,0,0,0,0,0,0,0,0,0,0,0,0,0,0,0.0,0.0,0.0,0.0,0.0,0.0,0,0,0,0.0,0.0,0.0,0.0,0.0,0.0,0.0,0.0,0.0,0.0,0.0,0.0,0.0,0.0,0.0,0.0,0.0,0.0,1.0,0.0,0.0,0.0,1.0,5,0.0,0.0,0.0,0.0,0.0,0,benign
0,0,0,0,0,0,0,0,0,0,0.0,0.0,999.0,0.0,0,0,0,0,0,0,0,0,0,0,0,0,0,0,0,0,0,0,0,0,0,0,0.0,0.0,0.0,0.0,0.0,0.0,0,0,0,0.0,0.0,0.0,0.0,0.0,0.0,0.0,0.0,0.0,0.0,0.0,0.0,0.0,0.0,0.0,0.0,0.0,0.0,1.0,0.0,0.0,0.0,1.0,5,0.0,0.0,0.0,0.0,0.0,0,benign
0,0,0,0,0,0,0,0,0,0,0.0,0.0,999.0,0.0,0,0,0,0,0,0,0,0,0,0,0,0,0,0,0,0,0,0,0,0,0,0,0.0,0.0,0.0,0.0,0.0,0.0,0,0,0,0.0,0.0,0.0,0.0,0.0,0.0,0.0,0.0,0.0,0.0,0.0,0.0,0.0,0.0,0.0,0.0,0.0,0.0,1.0,0.0,0.0,0.0,1.0,5,0.0,0.0,0.0,0.0,0.0,0,benign
0,0,0,0,0,0,0,0,0,0,0.0,0.0,999.0,0.0,0,0,0,0,0,0,0,0,0,0,0,0,0,0,0,0,0,0,0,0,0,0,0.0,0.0,0.0,0.0,0.0,0.0,0,0,0,0.0,0.0,0.0,0.0,0.0,0.0,0.0,0.0,0.0,0.0,0.0,0.0,0.0,0.0,0.0,0.0,0.0,0.0,1.0,0.0,0.0,0.0,1.0,5,0.0,0.0,0.0,0.0,0.0,0,benign
0,0,0,0,0,0,0,0,0,0,0.0,0.0,999.0,0.0,0,0,0,0,0,0,0,0,0,0,0,0,0,0,0,0,0,0,0,0,0,0,0.0,0.0,0.0,0.0,0.0,0.0,0,0,0,0.0,0.0,0.0,0.0,0.0,0.0,0.0,0.0,0.0,0.0,0.0,0.0,0.0,0.0,0.0,0.0,0.0,0.0,1.0,0.0,0.0,0.0,1.0,5,0.0,0.0,0.0,0.0,0.0,0,benign
0,0,0,0,0,0,0,0,0,0,0.0,0.0,999.0,0.0,0,0,0,0,0,0,0,0,0,0,0,0,0,0,0,0,0,0,0,0,0,0,0.0,0.0,0.0,0.0,0.0,0.0,0,0,0,0.0,0.0,0.0,0.0,0.0,0.0,0.0,0.0,0.0,0.0,0.0,0.0,0.0,0.0,0.0,0.0,0.0,0.0,1.0,0.0,0.0,0.0,1.0,5,0.0,0.0,0.0,0.0,0.0,0,benign
0,0,0,0,0,0,0,0,0,0,0.0,0.0,999.0,0.0,0,0,0,0,0,0,0,0,0,0,0,0,0,0,0,0,0,0,0,0,0,0,0.0,0.0,0.0,0.0,0.0,0.0,0,0,0,0.0,0.0,0.0,0.0,0.0,0.0,0.0,0.0,0.0,0.0,0.0,0.0,0.0,0.0,0.0,0.0,0.0,0.0,1.0,0.0,0.0,0.0,1.0,5,0.0,0.0,0.0,0.0,0.0,0,benign
0,0,0,0,0,0,0,0,0,0,0.0,0.0,999.0,0.0,0,0,0,0,0,0,0,0,0,0,0,0,0,0,0,0,0,0,0,0,0,0,0.0,0.0,0.0,0.0,0.0,0.0,0,0,0,0.0,0.0,0.0,0.0,0.0,0.0,0.0,0.0,0.0,0.0,0.0,0.0,0.0,0.0,0.0,0.0,0.0,0.0,1.0,0.0,0.0,0.0,1.0,5,0.0,0.0,0.0,0.0,0.0,0,benign
0,0,0,0,0,0,0,0,0,0,0.0,0.0,999.0,0.0,0,0,0,0,0,0,0,0,0,0,0,0,0,0,0,0,0,0,0,0,0,0,0.0,0.0,0.0,0.0,0.0,0.0,0,0,0,0.0,0.0,0.0,0.0,0.0,0.0,0.0,0.0,0.0,0.0,0.0,0.0,0.0,0.0,0.0,0.0,0.0,0.0,1.0,0.0,0.0,0.0,1.0,5,0.0,0.0,0.0,0.0,0.0,0,benign
0,0,0,0,0,0,0,0,0,0,0.0,0.0,999.0,0.0,0,0,0,0,0,0,0,0,0,0,0,0,0,0,0,0,0,0,0,0,0,0,0.0,0.0,0.0,0.0,0.0,0.0,0,0,0,0.0,0.0,0.0,0.0,0.0,0.0,0.0,0.0,0.0,0.0,0.0,0.0,0.0,0.0,0.0,0.0,0.0,0.0,1.0,0.0,0.0,0.0,1.0,5,0.0,0.0,0.0,0.0,0.0,0,benign
0,0,0,0,0,0,0,0,0,0,0.0,0.0,999.0,0.0,0,0,0,0,0,0,0,0,0,0,0,0,0,0,0,0,0,0,0,0,0,0,0.0,0.0,0.0,0.0,0.0,0.0,0,0,0,0.0,0.0,0.0,0.0,0.0,0.0,0.0,0.0,0.0,0.0,0.0,0.0,0.0,0.0,0.0,0.0,0.0,0.0,1.0,0.0,0.0,0.0,1.0,5,0.0,0.0,0.0,0.0,0.0,0,benign
0,0,0,0,0,0,0,0,0,0,0.0,0.0,999.0,0.0,0,0,0,0,0,0,0,0,0,0,0,0,0,0,0,0,0,0,0,0,0,0,0.0,0.0,0.0,0.0,0.0,0.0,0,0,0,0.0,0.0,0.0,0.0,0.0,0.0,0.0,0.0,0.0,0.0,0.0,0.0,0.0,0.0,0.0,0.0,0.0,0.0,1.0,0.0,0.0,0.0,1.0,5,0.0,0.0,0.0,0.0,0.0,0,benign
0,0,0,0,0,0,0,0,0,0,0.0,0.0,999.0,0.0,0,0,0,0,0,0,0,0,0,0,0,0,0,0,0,0,0,0,0,0,0,0,0.0,0.0,0.0,0.0,0.0,0.0,0,0,0,0.0,0.0,0.0,0.0,0.0,0.0,0.0,0.0,0.0,0.0,0.0,0.0,0.0,0.0,0.0,0.0,0.0,0.0,1.0,0.0,0.0,0.0,1.0,5,0.0,0.0,0.0,0.0,0.0,0,benign
0,0,0,0,0,0,0,0,0,0,0.0,0.0,999.0,0.0,0,0,0,0,0,0,0,0,0,0,0,0,0,0,0,0,0,0,0,0,0,0,0.0,0.0,0.0,0.0,0.0,0.0,0,0,0,0.0,0.0,0.0,0.0,0.0,0.0,0.0,0.0,0.0,0.0,0.0,0.0,0.0,0.0,0.0,0.0,0.0,0.0,1.0,0.0,0.0,0.0,1.0,5,0.0,0.0,0.0,0.0,0.0,0,benign
0,0,0,0,0,0,0,0,0,0,0.0,0.0,999.0,0.0,0,0,0,0,0,0,0,0,0,0,0,0,0,0,0,0,0,0,0,0,0,0,0.0,0.0,0.0,0.0,0.0,0.0,0,0,0,0.0,0.0,0.0,0.0,0.0,0.0,0.0,0.0,0.0,0.0,0.0,0.0,0.0,0.0,0.0,0.0,0.0,0.0,1.0,0.0,0.0,0.0,1.0,5,0.0,0.0,0.0,0.0,0.0,0,benign
0,0,0,0,0,0,0,0,0,0,0.0,0.0,999.0,0.0,0,0,0,0,0,0,0,0,0,0,0,0,0,0,0,0,0,0,0,0,0,0,0.0,0.0,0.0,0.0,0.0,0.0,0,0,0,0.0,0.0,0.0,0.0,0.0,0.0,0.0,0.0,0.0,0.0,0.0,0.0,0.0,0.0,0.0,0.0,0.0,0.0,1.0,0.0,0.0,0.0,1.0,5,0.0,0.0,0.0,0.0,0.0,0,benign
0,0,0,0,0,0,0,0,0,0,0.0,0.0,999.0,0.0,0,0,0,0,0,0,0,0,0,0,0,0,0,0,0,0,0,0,0,0,0,0,0.0,0.0,0.0,0.0,0.0,0.0,0,0,0,0.0,0.0,0.0,0.0,0.0,0.0,0.0,0.0,0.0,0.0,0.0,0.0,0.0,0.0,0.0,0.0,0.0,0.0,1.0,0.0,0.0,0.0,1.0,5,0.0,0.0,0.0,0.0,0.0,0,benign
0,0,0,0,0,0,0,0,0,0,0.0,0.0,999.0,0.0,0,0,0,0,0,0,0,0,0,0,0,0,0,0,0,0,0,0,0,0,0,0,0.0,0.0,0.0,0.0,0.0,0.0,0,0,0,0.0,0.0,0.0,0.0,0.0,0.0,0.0,0.0,0.0,0.0,0.0,0.0,0.0,0.0,0.0,0.0,0.0,0.0,1.0,0.0,0.0,0.0,1.0,5,0.0,0.0,0.0,0.0,0.0,0,benign
0,0,0,0,0,0,0,0,0,0,0.0,0.0,999.0,0.0,0,0,0,0,0,0,0,0,0,0,0,0,0,0,0,0,0,0,0,0,0,0,0.0,0.0,0.0,0.0,0.0,0.0,0,0,0,0.0,0.0,0.0,0.0,0.0,0.0,0.0,0.0,0.0,0.0,0.0,0.0,0.0,0.0,0.0,0.0,0.0,0.0,1.0,0.0,0.0,0.0,1.0,5,0.0,0.0,0.0,0.0,0.0,0,benign
0,0,0,0,0,0,0,0,0,0,0.0,0.0,999.0,0.0,0,0,0,0,0,0,0,0,0,0,0,0,0,0,0,0,0,0,0,0,0,0,0.0,0.0,0.0,0.0,0.0,0.0,0,0,0,0.0,0.0,0.0,0.0,0.0,0.0,0.0,0.0,0.0,0.0,0.0,0.0,0.0,0.0,0.0,0.0,0.0,0.0,1.0,0.0,0.0,0.0,1.0,5,0.0,0.0,0.0,0.0,0.0,0,benign
0,0,0,0,0,0,0,0,0,0,0.0,0.0,999.0,0.0,0,0,0,0,0,0,0,0,0,0,0,0,0,0,0,0,0,0,0,0,0,0,0.0,0.0,0.0,0.0,0.0,0.0,0,0,0,0.0,0.0,0.0,0.0,0.0,0.0,0.0,0.0,0.0,0.0,0.0,0.0,0.0,0.0,0.0,0.0,0.0,0.0,1.0,0.0,0.0,0.0,1.0,5,0.0,0.0,0.0,0.0,0.0,0,benign
0,0,0,0,0,0,0,0,0,0,0.0,0.0,999.0,0.0,0,0,0,0,0,0,0,0,0,0,0,0,0,0,0,0,0,0,0,0,0,0,0.0,0.0,0.0,0.0,0.0,0.0,0,0,0,0.0,0.0,0.0,0.0,0.0,0.0,0.0,0.0,0.0,0.0,0.0,0.0,0.0,0.0,0.0,0.0,0.0,0.0,1.0,0.0,0.0,0.0,1.0,5,0.0,0.0,0.0,0.0,0.0,0,benign
0,0,0,0,0,0,0,0,0,0,0.0,0.0,999.0,0.0,0,0,0,0,0,0,0,0,0,0,0,0,0,0,0,0,0,0,0,0,0,0,0.0,0.0,0.0,0.0,0.0,0.0,0,0,0,0.0,0.0,0.0,0.0,0.0,0.0,0.0,0.0,0.0,0.0,0.0,0.0,0.0,0.0,0.0,0.0,0.0,0.0,1.0,0.0,0.0,0.0,1.0,5,0.0,0.0,0.0,0.0,0.0,0,benign
0,0,0,0,0,0,0,0,0,0,0.0,0.0,999.0,0.0,0,0,0,0,0,0,0,0,0,0,0,0,0,0,0,0,0,0,0,0,0,0,0.0,0.0,0.0,0.0,0.0,0.0,0,0,0,0.0,0.0,0.0,0.0,0.0,0.0,0.0,0.0,0.0,0.0,0.0,0.0,0.0,0.0,0.0,0.0,0.0,0.0,1.0,0.0,0.0,0.0,1.0,5,0.0,0.0,0.0,0.0,0.0,0,benign
