total_packets,total_bytes,udp_packets,tcp_packets,icmp_packets,syn_packets,http_requests,dns_queries,baseline_packets,attack_packets,udp_tcp_ratio,syn_total_ratio,baseline_attack_ratio,bytes_per_packet,ntp_monlist_queries,ntp_responses,avg_ntp_response_size,dns_any_queries,dns_txt_queries,dns_responses,avg_dns_response_size,snmp_getbulk_requests,snmp_responses,avg_snmp_response_size,ssdp_msearch_packets,ssdp_responses,portmap_getport_calls,portmap_dump_calls,netbios_name_queries,netbios_dgram_packets,ldap_bind_requests,ldap_search_requests,mssql_sqlbatch_packets,mssql_rpc_packets,tftp_rrq_packets,tftp_wrq_packets,ntp_amplification_factor,dns_amplification_factor,snmp_amplification_factor,query_response_ratio,fragmentation_ratio,syn_ack_ratio,syn_only_packets,http_payload_packets,active_attack_protocols,syn_http_ratio,syn_only_ratio,http_payload_ratio,dns_query_ratio,ntp_monlist_ratio,snmp_ratio,ssdp_ratio,icmp_ratio,http_request_ratio,portmap_ratio,netbios_ratio,ldap_ratio,mssql_ratio,tftp_ratio,delta_pps_5w,delta_pps_10w,pps_variance,pps_baseline,ratio_vs_baseline,top_ip_pps_50ms,top_ip_pps_1s,top_ip_pps_1min,ratio_50ms_1min,num_heavy_hitters,ip_concentration,new_ips_ratio,attack_entropy,adaptive_threshold,max_protocol_ratio,protocol_diversity,label
0,0,0,0,0,0,0,0,0,0,0.0,0.0,999.0,0.0,0,0,0,0,0,0,0,0,0,0,0,0,0,0,0,0,0,0,0,0,0,0,0.0,0.0,0.0,0.0,0.0,0.0,0,0,0,0.0,0.0,0.0,0.0,0.0,0.0,0.0,0.0,0.0,0.0,0.0,0.0,0.0,0.0,0.0,0.0,0.0,0.0,1.0,0.0,0.0,0.0,1.0,0,0.0,0.0,0.0,0.0,0.0,0,benign
0,0,0,0,0,0,0,0,0,0,0.0,0.0,999.0,0.0,0,0,0,0,0,0,0,0,0,0,0,0,0,0,0,0,0,0,0,0,0,0,0.0,0.0,0.0,0.0,0.0,0.0,0,0,0,0.0,0.0,0.0,0.0,0.0,0.0,0.0,0.0,0.0,0.0,0.0,0.0,0.0,0.0,0.0,0.0,0.0,0.0,1.0,0.0,0.0,0.0,1.0,0,0.0,0.0,0.0,0.0,0.0,0,benign
0,0,0,0,0,0,0,0,0,0,0.0,0.0,999.0,0.0,0,0,0,0,0,0,0,0,0,0,0,0,0,0,0,0,0,0,0,0,0,0,0.0,0.0,0.0,0.0,0.0,0.0,0,0,0,0.0,0.0,0.0,0.0,0.0,0.0,0.0,0.0,0.0,0.0,0.0,0.0,0.0,0.0,0.0,0.0,0.0,0.0,1.0,0.0,0.0,0.0,1.0,0,0.0,0.0,0.0,0.0,0.0,0,benign
0,0,0,0,0,0,0,0,0,0,0.0,0.0,999.0,0.0,0,0,0,0,0,0,0,0,0,0,0,0,0,0,0,0,0,0,0,0,0,0,0.0,0.0,0.0,0.0,0.0,0.0,0,0,0,0.0,0.0,0.0,0.0,0.0,0.0,0.0,0.0,0.0,0.0,0.0,0.0,0.0,0.0,0.0,0.0,0.0,0.0,1.0,0.0,0.0,0.0,1.0,0,0.0,0.0,0.0,0.0,0.0,0,benign
0,0,0,0,0,0,0,0,0,0,0.0,0.0,999.0,0.0,0,0,0,0,0,0,0,0,0,0,0,0,0,0,0,0,0,0,0,0,0,0,0.0,0.0,0.0,0.0,0.0,0.0,0,0,0,0.0,0.0,0.0,0.0,0.0,0.0,0.0,0.0,0.0,0.0,0.0,0.0,0.0,0.0,0.0,0.0,0.0,0.0,1.0,0.0,0.0,0.0,1.0,0,0.0,0.0,0.0,0.0,0.0,0,benign
0,0,0,0,0,0,0,0,0,0,0.0,0.0,999.0,0.0,0,0,0,0,0,0,0,0,0,0,0,0,0,0,0,0,0,0,0,0,0,0,0.0,0.0,0.0,0.0,0.0,0.0,0,0,0,0.0,0.0,0.0,0.0,0.0,0.0,0.0,0.0,0.0,0.0,0.0,0.0,0.0,0.0,0.0,0.0,0.0,0.0,1.0,0.0,0.0,0.0,1.0,0,0.0,0.0,0.0,0.0,0.0,0,benign
0,0,0,0,0,0,0,0,0,0,0.0,0.0,999.0,0.0,0,0,0,0,0,0,0,0,0,0,0,0,0,0,0,0,0,0,0,0,0,0,0.0,0.0,0.0,0.0,0.0,0.0,0,0,0,0.0,0.0,0.0,0.0,0.0,0.0,0.0,0.0,0.0,0.0,0.0,0.0,0.0,0.0,0.0,0.0,0.0,0.0,1.0,0.0,0.0,0.0,1.0,0,0.0,0.0,0.0,0.0,0.0,0,benign
0,0,0,0,0,0,0,0,0,0,0.0,0.0,999.0,0.0,0,0,0,0,0,0,0,0,0,0,0,0,0,0,0,0,0,0,0,0,0,0,0.0,0.0,0.0,0.0,0.0,0.0,0,0,0,0.0,0.0,0.0,0.0,0.0,0.0,0.0,0.0,0.0,0.0,0.0,0.0,0.0,0.0,0.0,0.0,0.0,0.0,1.0,0.0,0.0,0.0,1.0,0,0.0,0.0,0.0,0.0,0.0,0,benign
0,0,0,0,0,0,0,0,0,0,0.0,0.0,999.0,0.0,0,0,0,0,0,0,0,0,0,0,0,0,0,0,0,0,0,0,0,0,0,0,0.0,0.0,0.0,0.0,0.0,0.0,0,0,0,0.0,0.0,0.0,0.0,0.0,0.0,0.0,0.0,0.0,0.0,0.0,0.0,0.0,0.0,0.0,0.0,0.0,0.0,1.0,0.0,0.0,0.0,1.0,0,0.0,0.0,0.0,0.0,0.0,0,benign
0,0,0,0,0,0,0,0,0,0,0.0,0.0,999.0,0.0,0,0,0,0,0,0,0,0,0,0,0,0,0,0,0,0,0,0,0,0,0,0,0.0,0.0,0.0,0.0,0.0,0.0,0,0,0,0.0,0.0,0.0,0.0,0.0,0.0,0.0,0.0,0.0,0.0,0.0,0.0,0.0,0.0,0.0,0.0,0.0,0.0,1.0,0.0,0.0,0.0,1.0,0,0.0,0.0,0.0,0.0,0.0,0,benign
0,0,0,0,0,0,0,0,0,0,0.0,0.0,999.0,0.0,0,0,0,0,0,0,0,0,0,0,0,0,0,0,0,0,0,0,0,0,0,0,0.0,0.0,0.0,0.0,0.0,0.0,0,0,0,0.0,0.0,0.0,0.0,0.0,0.0,0.0,0.0,0.0,0.0,0.0,0.0,0.0,0.0,0.0,0.0,0.0,0.0,1.0,0.0,0.0,0.0,1.0,0,0.0,0.0,0.0,0.0,0.0,0,benign
0,0,0,0,0,0,0,0,0,0,0.0,0.0,999.0,0.0,0,0,0,0,0,0,0,0,0,0,0,0,0,0,0,0,0,0,0,0,0,0,0.0,0.0,0.0,0.0,0.0,0.0,0,0,0,0.0,0.0,0.0,0.0,0.0,0.0,0.0,0.0,0.0,0.0,0.0,0.0,0.0,0.0,0.0,0.0,0.0,0.0,1.0,0.0,0.0,0.0,1.0,0,0.0,0.0,0.0,0.0,0.0,0,benign
0,0,0,0,0,0,0,0,0,0,0.0,0.0,999.0,0.0,0,0,0,0,0,0,0,0,0,0,0,0,0,0,0,0,0,0,0,0,0,0,0.0,0.0,0.0,0.0,0.0,0.0,0,0,0,0.0,0.0,0.0,0.0,0.0,0.0,0.0,0.0,0.0,0.0,0.0,0.0,0.0,0.0,0.0,0.0,0.0,0.0,1.0,0.0,0.0,0.0,1.0,0,0.0,0.0,0.0,0.0,0.0,0,benign
0,0,0,0,0,0,0,0,0,0,0.0,0.0,999.0,0.0,0,0,0,0,0,0,0,0,0,0,0,0,0,0,0,0,0,0,0,0,0,0,0.0,0.0,0.0,0.0,0.0,0.0,0,0,0,0.0,0.0,0.0,0.0,0.0,0.0,0.0,0.0,0.0,0.0,0.0,0.0,0.0,0.0,0.0,0.0,0.0,0.0,1.0,0.0,0.0,0.0,1.0,0,0.0,0.0,0.0,0.0,0.0,0,benign
0,0,0,0,0,0,0,0,0,0,0.0,0.0,999.0,0.0,0,0,0,0,0,0,0,0,0,0,0,0,0,0,0,0,0,0,0,0,0,0,0.0,0.0,0.0,0.0,0.0,0.0,0,0,0,0.0,0.0,0.0,0.0,0.0,0.0,0.0,0.0,0.0,0.0,0.0,0.0,0.0,0.0,0.0,0.0,0.0,0.0,1.0,0.0,0.0,0.0,1.0,0,0.0,0.0,0.0,0.0,0.0,0,benign
0,0,0,0,0,0,0,0,0,0,0.0,0.0,999.0,0.0,0,0,0,0,0,0,0,0,0,0,0,0,0,0,0,0,0,0,0,0,0,0,0.0,0.0,0.0,0.0,0.0,0.0,0,0,0,0.0,0.0,0.0,0.0,0.0,0.0,0.0,0.0,0.0,0.0,0.0,0.0,0.0,0.0,0.0,0.0,0.0,0.0,1.0,0.0,0.0,0.0,1.0,0,0.0,0.0,0.0,0.0,0.0,0,benign
0,0,0,0,0,0,0,0,0,0,0.0,0.0,999.0,0.0,0,0,0,0,0,0,0,0,0,0,0,0,0,0,0,0,0,0,0,0,0,0,0.0,0.0,0.0,0.0,0.0,0.0,0,0,0,0.0,0.0,0.0,0.0,0.0,0.0,0.0,0.0,0.0,0.0,0.0,0.0,0.0,0.0,0.0,0.0,0.0,0.0,1.0,0.0,0.0,0.0,1.0,0,0.0,0.0,0.0,0.0,0.0,0,benign
0,0,0,0,0,0,0,0,0,0,0.0,0.0,999.0,0.0,0,0,0,0,0,0,0,0,0,0,0,0,0,0,0,0,0,0,0,0,0,0,0.0,0.0,0.0,0.0,0.0,0.0,0,0,0,0.0,0.0,0.0,0.0,0.0,0.0,0.0,0.0,0.0,0.0,0.0,0.0,0.0,0.0,0.0,0.0,0.0,0.0,1.0,0.0,0.0,0.0,1.0,0,0.0,0.0,0.0,0.0,0.0,0,benign
0,0,0,0,0,0,0,0,0,0,0.0,0.0,999.0,0.0,0,0,0,0,0,0,0,0,0,0,0,0,0,0,0,0,0,0,0,0,0,0,0.0,0.0,0.0,0.0,0.0,0.0,0,0,0,0.0,0.0,0.0,0.0,0.0,0.0,0.0,0.0,0.0,0.0,0.0,0.0,0.0,0.0,0.0,0.0,0.0,0.0,1.0,0.0,0.0,0.0,1.0,0,0.0,0.0,0.0,0.0,0.0,0,benign
0,0,0,0,0,0,0,0,0,0,0.0,0.0,999.0,0.0,0,0,0,0,0,0,0,0,0,0,0,0,0,0,0,0,0,0,0,0,0,0,0.0,0.0,0.0,0.0,0.0,0.0,0,0,0,0.0,0.0,0.0,0.0,0.0,0.0,0.0,0.0,0.0,0.0,0.0,0.0,0.0,0.0,0.0,0.0,0.0,0.0,1.0,0.0,0.0,0.0,1.0,0,0.0,0.0,0.0,0.0,0.0,0,benign
0,0,0,0,0,0,0,0,0,0,0.0,0.0,999.0,0.0,0,0,0,0,0,0,0,0,0,0,0,0,0,0,0,0,0,0,0,0,0,0,0.0,0.0,0.0,0.0,0.0,0.0,0,0,0,0.0,0.0,0.0,0.0,0.0,0.0,0.0,0.0,0.0,0.0,0.0,0.0,0.0,0.0,0.0,0.0,0.0,0.0,1.0,0.0,0.0,0.0,1.0,0,0.0,0.0,0.0,0.0,0.0,0,benign
0,0,0,0,0,0,0,0,0,0,0.0,0.0,999.0,0.0,0,0,0,0,0,0,0,0,0,0,0,0,0,0,0,0,0,0,0,0,0,0,0.0,0.0,0.0,0.0,0.0,0.0,0,0,0,0.0,0.0,0.0,0.0,0.0,0.0,0.0,0.0,0.0,0.0,0.0,0.0,0.0,0.0,0.0,0.0,0.0,0.0,1.0,0.0,0.0,0.0,1.0,0,0.0,0.0,0.0,0.0,0.0,0,benign
0,0,0,0,0,0,0,0,0,0,0.0,0.0,999.0,0.0,0,0,0,0,0,0,0,0,0,0,0,0,0,0,0,0,0,0,0,0,0,0,0.0,0.0,0.0,0.0,0.0,0.0,0,0,0,0.0,0.0,0.0,0.0,0.0,0.0,0.0,0.0,0.0,0.0,0.0,0.0,0.0,0.0,0.0,0.0,0.0,0.0,1.0,0.0,0.0,0.0,1.0,0,0.0,0.0,0.0,0.0,0.0,0,benign
0,0,0,0,0,0,0,0,0,0,0.0,0.0,999.0,0.0,0,0,0,0,0,0,0,0,0,0,0,0,0,0,0,0,0,0,0,0,0,0,0.0,0.0,0.0,0.0,0.0,0.0,0,0,0,0.0,0.0,0.0,0.0,0.0,0.0,0.0,0.0,0.0,0.0,0.0,0.0,0.0,0.0,0.0,0.0,0.0,0.0,1.0,0.0,0.0,0.0,1.0,0,0.0,0.0,0.0,0.0,0.0,0,benign
0,0,0,0,0,0,0,0,0,0,0.0,0.0,999.0,0.0,0,0,0,0,0,0,0,0,0,0,0,0,0,0,0,0,0,0,0,0,0,0,0.0,0.0,0.0,0.0,0.0,0.0,0,0,0,0.0,0.0,0.0,0.0,0.0,0.0,0.0,0.0,0.0,0.0,0.0,0.0,0.0,0.0,0.0,0.0,0.0,0.0,1.0,0.0,0.0,0.0,1.0,0,0.0,0.0,0.0,0.0,0.0,0,benign
0,0,0,0,0,0,0,0,0,0,0.0,0.0,999.0,0.0,0,0,0,0,0,0,0,0,0,0,0,0,0,0,0,0,0,0,0,0,0,0,0.0,0.0,0.0,0.0,0.0,0.0,0,0,0,0.0,0.0,0.0,0.0,0.0,0.0,0.0,0.0,0.0,0.0,0.0,0.0,0.0,0.0,0.0,0.0,0.0,0.0,1.0,0.0,0.0,0.0,1.0,0,0.0,0.0,0.0,0.0,0.0,0,benign
0,0,0,0,0,0,0,0,0,0,0.0,0.0,999.0,0.0,0,0,0,0,0,0,0,0,0,0,0,0,0,0,0,0,0,0,0,0,0,0,0.0,0.0,0.0,0.0,0.0,0.0,0,0,0,0.0,0.0,0.0,0.0,0.0,0.0,0.0,0.0,0.0,0.0,0.0,0.0,0.0,0.0,0.0,0.0,0.0,0.0,1.0,0.0,0.0,0.0,1.0,0,0.0,0.0,0.0,0.0,0.0,0,benign
0,0,0,0,0,0,0,0,0,0,0.0,0.0,999.0,0.0,0,0,0,0,0,0,0,0,0,0,0,0,0,0,0,0,0,0,0,0,0,0,0.0,0.0,0.0,0.0,0.0,0.0,0,0,0,0.0,0.0,0.0,0.0,0.0,0.0,0.0,0.0,0.0,0.0,0.0,0.0,0.0,0.0,0.0,0.0,0.0,0.0,1.0,0.0,0.0,0.0,1.0,0,0.0,0.0,0.0,0.0,0.0,0,benign
0,0,0,0,0,0,0,0,0,0,0.0,0.0,999.0,0.0,0,0,0,0,0,0,0,0,0,0,0,0,0,0,0,0,0,0,0,0,0,0,0.0,0.0,0.0,0.0,0.0,0.0,0,0,0,0.0,0.0,0.0,0.0,0.0,0.0,0.0,0.0,0.0,0.0,0.0,0.0,0.0,0.0,0.0,0.0,0.0,0.0,1.0,0.0,0.0,0.0,1.0,0,0.0,0.0,0.0,0.0,0.0,0,benign
0,0,0,0,0,0,0,0,0,0,0.0,0.0,999.0,0.0,0,0,0,0,0,0,0,0,0,0,0,0,0,0,0,0,0,0,0,0,0,0,0.0,0.0,0.0,0.0,0.0,0.0,0,0,0,0.0,0.0,0.0,0.0,0.0,0.0,0.0,0.0,0.0,0.0,0.0,0.0,0.0,0.0,0.0,0.0,0.0,0.0,1.0,0.0,0.0,0.0,1.0,0,0.0,0.0,0.0,0.0,0.0,0,benign
0,0,0,0,0,0,0,0,0,0,0.0,0.0,999.0,0.0,0,0,0,0,0,0,0,0,0,0,0,0,0,0,0,0,0,0,0,0,0,0,0.0,0.0,0.0,0.0,0.0,0.0,0,0,0,0.0,0.0,0.0,0.0,0.0,0.0,0.0,0.0,0.0,0.0,0.0,0.0,0.0,0.0,0.0,0.0,0.0,0.0,1.0,0.0,0.0,0.0,1.0,0,0.0,0.0,0.0,0.0,0.0,0,benign
0,0,0,0,0,0,0,0,0,0,0.0,0.0,999.0,0.0,0,0,0,0,0,0,0,0,0,0,0,0,0,0,0,0,0,0,0,0,0,0,0.0,0.0,0.0,0.0,0.0,0.0,0,0,0,0.0,0.0,0.0,0.0,0.0,0.0,0.0,0.0,0.0,0.0,0.0,0.0,0.0,0.0,0.0,0.0,0.0,0.0,1.0,0.0,0.0,0.0,1.0,0,0.0,0.0,0.0,0.0,0.0,0,benign
0,0,0,0,0,0,0,0,0,0,0.0,0.0,999.0,0.0,0,0,0,0,0,0,0,0,0,0,0,0,0,0,0,0,0,0,0,0,0,0,0.0,0.0,0.0,0.0,0.0,0.0,0,0,0,0.0,0.0,0.0,0.0,0.0,0.0,0.0,0.0,0.0,0.0,0.0,0.0,0.0,0.0,0.0,0.0,0.0,0.0,1.0,0.0,0.0,0.0,1.0,0,0.0,0.0,0.0,0.0,0.0,0,benign
0,0,0,0,0,0,0,0,0,0,0.0,0.0,999.0,0.0,0,0,0,0,0,0,0,0,0,0,0,0,0,0,0,0,0,0,0,0,0,0,0.0,0.0,0.0,0.0,0.0,0.0,0,0,0,0.0,0.0,0.0,0.0,0.0,0.0,0.0,0.0,0.0,0.0,0.0,0.0,0.0,0.0,0.0,0.0,0.0,0.0,1.0,0.0,0.0,0.0,1.0,0,0.0,0.0,0.0,0.0,0.0,0,benign
0,0,0,0,0,0,0,0,0,0,0.0,0.0,999.0,0.0,0,0,0,0,0,0,0,0,0,0,0,0,0,0,0,0,0,0,0,0,0,0,0.0,0.0,0.0,0.0,0.0,0.0,0,0,0,0.0,0.0,0.0,0.0,0.0,0.0,0.0,0.0,0.0,0.0,0.0,0.0,0.0,0.0,0.0,0.0,0.0,0.0,1.0,0.0,0.0,0.0,1.0,0,0.0,0.0,0.0,0.0,0.0,0,benign
0,0,0,0,0,0,0,0,0,0,0.0,0.0,999.0,0.0,0,0,0,0,0,0,0,0,0,0,0,0,0,0,0,0,0,0,0,0,0,0,0.0,0.0,0.0,0.0,0.0,0.0,0,0,0,0.0,0.0,0.0,0.0,0.0,0.0,0.0,0.0,0.0,0.0,0.0,0.0,0.0,0.0,0.0,0.0,0.0,0.0,1.0,0.0,0.0,0.0,1.0,0,0.0,0.0,0.0,0.0,0.0,0,benign
0,0,0,0,0,0,0,0,0,0,0.0,0.0,999.0,0.0,0,0,0,0,0,0,0,0,0,0,0,0,0,0,0,0,0,0,0,0,0,0,0.0,0.0,0.0,0.0,0.0,0.0,0,0,0,0.0,0.0,0.0,0.0,0.0,0.0,0.0,0.0,0.0,0.0,0.0,0.0,0.0,0.0,0.0,0.0,0.0,0.0,1.0,0.0,0.0,0.0,1.0,0,0.0,0.0,0.0,0.0,0.0,0,benign
0,0,0,0,0,0,0,0,0,0,0.0,0.0,999.0,0.0,0,0,0,0,0,0,0,0,0,0,0,0,0,0,0,0,0,0,0,0,0,0,0.0,0.0,0.0,0.0,0.0,0.0,0,0,0,0.0,0.0,0.0,0.0,0.0,0.0,0.0,0.0,0.0,0.0,0.0,0.0,0.0,0.0,0.0,0.0,0.0,0.0,1.0,0.0,0.0,0.0,1.0,0,0.0,0.0,0.0,0.0,0.0,0,benign
0,0,0,0,0,0,0,0,0,0,0.0,0.0,999.0,0.0,0,0,0,0,0,0,0,0,0,0,0,0,0,0,0,0,0,0,0,0,0,0,0.0,0.0,0.0,0.0,0.0,0.0,0,0,0,0.0,0.0,0.0,0.0,0.0,0.0,0.0,0.0,0.0,0.0,0.0,0.0,0.0,0.0,0.0,0.0,0.0,0.0,1.0,0.0,0.0,0.0,1.0,0,0.0,0.0,0.0,0.0,0.0,0,benign
0,0,0,0,0,0,0,0,0,0,0.0,0.0,999.0,0.0,0,0,0,0,0,0,0,0,0,0,0,0,0,0,0,0,0,0,0,0,0,0,0.0,0.0,0.0,0.0,0.0,0.0,0,0,0,0.0,0.0,0.0,0.0,0.0,0.0,0.0,0.0,0.0,0.0,0.0,0.0,0.0,0.0,0.0,0.0,0.0,0.0,1.0,0.0,0.0,0.0,1.0,0,0.0,0.0,0.0,0.0,0.0,0,benign
0,0,0,0,0,0,0,0,0,0,0.0,0.0,999.0,0.0,0,0,0,0,0,0,0,0,0,0,0,0,0,0,0,0,0,0,0,0,0,0,0.0,0.0,0.0,0.0,0.0,0.0,0,0,0,0.0,0.0,0.0,0.0,0.0,0.0,0.0,0.0,0.0,0.0,0.0,0.0,0.0,0.0,0.0,0.0,0.0,0.0,1.0,0.0,0.0,0.0,1.0,0,0.0,0.0,0.0,0.0,0.0,0,benign
0,0,0,0,0,0,0,0,0,0,0.0,0.0,999.0,0.0,0,0,0,0,0,0,0,0,0,0,0,0,0,0,0,0,0,0,0,0,0,0,0.0,0.0,0.0,0.0,0.0,0.0,0,0,0,0.0,0.0,0.0,0.0,0.0,0.0,0.0,0.0,0.0,0.0,0.0,0.0,0.0,0.0,0.0,0.0,0.0,0.0,1.0,0.0,0.0,0.0,1.0,0,0.0,0.0,0.0,0.0,0.0,0,benign
0,0,0,0,0,0,0,0,0,0,0.0,0.0,999.0,0.0,0,0,0,0,0,0,0,0,0,0,0,0,0,0,0,0,0,0,0,0,0,0,0.0,0.0,0.0,0.0,0.0,0.0,0,0,0,0.0,0.0,0.0,0.0,0.0,0.0,0.0,0.0,0.0,0.0,0.0,0.0,0.0,0.0,0.0,0.0,0.0,0.0,1.0,0.0,0.0,0.0,1.0,0,0.0,0.0,0.0,0.0,0.0,0,benign
0,0,0,0,0,0,0,0,0,0,0.0,0.0,999.0,0.0,0,0,0,0,0,0,0,0,0,0,0,0,0,0,0,0,0,0,0,0,0,0,0.0,0.0,0.0,0.0,0.0,0.0,0,0,0,0.0,0.0,0.0,0.0,0.0,0.0,0.0,0.0,0.0,0.0,0.0,0.0,0.0,0.0,0.0,0.0,0.0,0.0,1.0,0.0,0.0,0.0,1.0,0,0.0,0.0,0.0,0.0,0.0,0,benign
0,0,0,0,0,0,0,0,0,0,0.0,0.0,999.0,0.0,0,0,0,0,0,0,0,0,0,0,0,0,0,0,0,0,0,0,0,0,0,0,0.0,0.0,0.0,0.0,0.0,0.0,0,0,0,0.0,0.0,0.0,0.0,0.0,0.0,0.0,0.0,0.0,0.0,0.0,0.0,0.0,0.0,0.0,0.0,0.0,0.0,1.0,0.0,0.0,0.0,1.0,0,0.0,0.0,0.0,0.0,0.0,0,benign
0,0,0,0,0,0,0,0,0,0,0.0,0.0,999.0,0.0,0,0,0,0,0,0,0,0,0,0,0,0,0,0,0,0,0,0,0,0,0,0,0.0,0.0,0.0,0.0,0.0,0.0,0,0,0,0.0,0.0,0.0,0.0,0.0,0.0,0.0,0.0,0.0,0.0,0.0,0.0,0.0,0.0,0.0,0.0,0.0,0.0,1.0,0.0,0.0,0.0,1.0,0,0.0,0.0,0.0,0.0,0.0,0,benign
0,0,0,0,0,0,0,0,0,0,0.0,0.0,999.0,0.0,0,0,0,0,0,0,0,0,0,0,0,0,0,0,0,0,0,0,0,0,0,0,0.0,0.0,0.0,0.0,0.0,0.0,0,0,0,0.0,0.0,0.0,0.0,0.0,0.0,0.0,0.0,0.0,0.0,0.0,0.0,0.0,0.0,0.0,0.0,0.0,0.0,1.0,0.0,0.0,0.0,1.0,0,0.0,0.0,0.0,0.0,0.0,0,benign
0,0,0,0,0,0,0,0,0,0,0.0,0.0,999.0,0.0,0,0,0,0,0,0,0,0,0,0,0,0,0,0,0,0,0,0,0,0,0,0,0.0,0.0,0.0,0.0,0.0,0.0,0,0,0,0.0,0.0,0.0,0.0,0.0,0.0,0.0,0.0,0.0,0.0,0.0,0.0,0.0,0.0,0.0,0.0,0.0,0.0,1.0,0.0,0.0,0.0,1.0,0,0.0,0.0,0.0,0.0,0.0,0,benign
0,0,0,0,0,0,0,0,0,0,0.0,0.0,999.0,0.0,0,0,0,0,0,0,0,0,0,0,0,0,0,0,0,0,0,0,0,0,0,0,0.0,0.0,0.0,0.0,0.0,0.0,0,0,0,0.0,0.0,0.0,0.0,0.0,0.0,0.0,0.0,0.0,0.0,0.0,0.0,0.0,0.0,0.0,0.0,0.0,0.0,1.0,0.0,0.0,0.0,1.0,0,0.0,0.0,0.0,0.0,0.0,0,benign
0,0,0,0,0,0,0,0,0,0,0.0,0.0,999.0,0.0,0,0,0,0,0,0,0,0,0,0,0,0,0,0,0,0,0,0,0,0,0,0,0.0,0.0,0.0,0.0,0.0,0.0,0,0,0,0.0,0.0,0.0,0.0,0.0,0.0,0.0,0.0,0.0,0.0,0.0,0.0,0.0,0.0,0.0,0.0,0.0,0.0,1.0,0.0,0.0,0.0,1.0,0,0.0,0.0,0.0,0.0,0.0,0,benign
0,0,0,0,0,0,0,0,0,0,0.0,0.0,999.0,0.0,0,0,0,0,0,0,0,0,0,0,0,0,0,0,0,0,0,0,0,0,0,0,0.0,0.0,0.0,0.0,0.0,0.0,0,0,0,0.0,0.0,0.0,0.0,0.0,0.0,0.0,0.0,0.0,0.0,0.0,0.0,0.0,0.0,0.0,0.0,0.0,0.0,1.0,0.0,0.0,0.0,1.0,0,0.0,0.0,0.0,0.0,0.0,0,benign
0,0,0,0,0,0,0,0,0,0,0.0,0.0,999.0,0.0,0,0,0,0,0,0,0,0,0,0,0,0,0,0,0,0,0,0,0,0,0,0,0.0,0.0,0.0,0.0,0.0,0.0,0,0,0,0.0,0.0,0.0,0.0,0.0,0.0,0.0,0.0,0.0,0.0,0.0,0.0,0.0,0.0,0.0,0.0,0.0,0.0,1.0,0.0,0.0,0.0,1.0,0,0.0,0.0,0.0,0.0,0.0,0,benign
0,0,0,0,0,0,0,0,0,0,0.0,0.0,999.0,0.0,0,0,0,0,0,0,0,0,0,0,0,0,0,0,0,0,0,0,0,0,0,0,0.0,0.0,0.0,0.0,0.0,0.0,0,0,0,0.0,0.0,0.0,0.0,0.0,0.0,0.0,0.0,0.0,0.0,0.0,0.0,0.0,0.0,0.0,0.0,0.0,0.0,1.0,0.0,0.0,0.0,1.0,0,0.0,0.0,0.0,0.0,0.0,0,benign
0,0,0,0,0,0,0,0,0,0,0.0,0.0,999.0,0.0,0,0,0,0,0,0,0,0,0,0,0,0,0,0,0,0,0,0,0,0,0,0,0.0,0.0,0.0,0.0,0.0,0.0,0,0,0,0.0,0.0,0.0,0.0,0.0,0.0,0.0,0.0,0.0,0.0,0.0,0.0,0.0,0.0,0.0,0.0,0.0,0.0,1.0,0.0,0.0,0.0,1.0,0,0.0,0.0,0.0,0.0,0.0,0,benign
0,0,0,0,0,0,0,0,0,0,0.0,0.0,999.0,0.0,0,0,0,0,0,0,0,0,0,0,0,0,0,0,0,0,0,0,0,0,0,0,0.0,0.0,0.0,0.0,0.0,0.0,0,0,0,0.0,0.0,0.0,0.0,0.0,0.0,0.0,0.0,0.0,0.0,0.0,0.0,0.0,0.0,0.0,0.0,0.0,0.0,1.0,0.0,0.0,0.0,1.0,0,0.0,0.0,0.0,0.0,0.0,0,benign
0,0,0,0,0,0,0,0,0,0,0.0,0.0,999.0,0.0,0,0,0,0,0,0,0,0,0,0,0,0,0,0,0,0,0,0,0,0,0,0,0.0,0.0,0.0,0.0,0.0,0.0,0,0,0,0.0,0.0,0.0,0.0,0.0,0.0,0.0,0.0,0.0,0.0,0.0,0.0,0.0,0.0,0.0,0.0,0.0,0.0,1.0,0.0,0.0,0.0,1.0,0,0.0,0.0,0.0,0.0,0.0,0,benign
0,0,0,0,0,0,0,0,0,0,0.0,0.0,999.0,0.0,0,0,0,0,0,0,0,0,0,0,0,0,0,0,0,0,0,0,0,0,0,0,0.0,0.0,0.0,0.0,0.0,0.0,0,0,0,0.0,0.0,0.0,0.0,0.0,0.0,0.0,0.0,0.0,0.0,0.0,0.0,0.0,0.0,0.0,0.0,0.0,0.0,1.0,0.0,0.0,0.0,1.0,0,0.0,0.0,0.0,0.0,0.0,0,benign
0,0,0,0,0,0,0,0,0,0,0.0,0.0,999.0,0.0,0,0,0,0,0,0,0,0,0,0,0,0,0,0,0,0,0,0,0,0,0,0,0.0,0.0,0.0,0.0,0.0,0.0,0,0,0,0.0,0.0,0.0,0.0,0.0,0.0,0.0,0.0,0.0,0.0,0.0,0.0,0.0,0.0,0.0,0.0,0.0,0.0,1.0,0.0,0.0,0.0,1.0,0,0.0,0.0,0.0,0.0,0.0,0,benign
0,0,0,0,0,0,0,0,0,0,0.0,0.0,999.0,0.0,0,0,0,0,0,0,0,0,0,0,0,0,0,0,0,0,0,0,0,0,0,0,0.0,0.0,0.0,0.0,0.0,0.0,0,0,0,0.0,0.0,0.0,0.0,0.0,0.0,0.0,0.0,0.0,0.0,0.0,0.0,0.0,0.0,0.0,0.0,0.0,0.0,1.0,0.0,0.0,0.0,1.0,0,0.0,0.0,0.0,0.0,0.0,0,benign
0,0,0,0,0,0,0,0,0,0,0.0,0.0,999.0,0.0,0,0,0,0,0,0,0,0,0,0,0,0,0,0,0,0,0,0,0,0,0,0,0.0,0.0,0.0,0.0,0.0,0.0,0,0,0,0.0,0.0,0.0,0.0,0.0,0.0,0.0,0.0,0.0,0.0,0.0,0.0,0.0,0.0,0.0,0.0,0.0,0.0,1.0,0.0,0.0,0.0,1.0,0,0.0,0.0,0.0,0.0,0.0,0,benign
0,0,0,0,0,0,0,0,0,0,0.0,0.0,999.0,0.0,0,0,0,0,0,0,0,0,0,0,0,0,0,0,0,0,0,0,0,0,0,0,0.0,0.0,0.0,0.0,0.0,0.0,0,0,0,0.0,0.0,0.0,0.0,0.0,0.0,0.0,0.0,0.0,0.0,0.0,0.0,0.0,0.0,0.0,0.0,0.0,0.0,1.0,0.0,0.0,0.0,1.0,0,0.0,0.0,0.0,0.0,0.0,0,benign
0,0,0,0,0,0,0,0,0,0,0.0,0.0,999.0,0.0,0,0,0,0,0,0,0,0,0,0,0,0,0,0,0,0,0,0,0,0,0,0,0.0,0.0,0.0,0.0,0.0,0.0,0,0,0,0.0,0.0,0.0,0.0,0.0,0.0,0.0,0.0,0.0,0.0,0.0,0.0,0.0,0.0,0.0,0.0,0.0,0.0,1.0,0.0,0.0,0.0,1.0,0,0.0,0.0,0.0,0.0,0.0,0,benign
0,0,0,0,0,0,0,0,0,0,0.0,0.0,999.0,0.0,0,0,0,0,0,0,0,0,0,0,0,0,0,0,0,0,0,0,0,0,0,0,0.0,0.0,0.0,0.0,0.0,0.0,0,0,0,0.0,0.0,0.0,0.0,0.0,0.0,0.0,0.0,0.0,0.0,0.0,0.0,0.0,0.0,0.0,0.0,0.0,0.0,1.0,0.0,0.0,0.0,1.0,0,0.0,0.0,0.0,0.0,0.0,0,benign
0,0,0,0,0,0,0,0,0,0,0.0,0.0,999.0,0.0,0,0,0,0,0,0,0,0,0,0,0,0,0,0,0,0,0,0,0,0,0,0,0.0,0.0,0.0,0.0,0.0,0.0,0,0,0,0.0,0.0,0.0,0.0,0.0,0.0,0.0,0.0,0.0,0.0,0.0,0.0,0.0,0.0,0.0,0.0,0.0,0.0,1.0,0.0,0.0,0.0,1.0,0,0.0,0.0,0.0,0.0,0.0,0,benign
0,0,0,0,0,0,0,0,0,0,0.0,0.0,999.0,0.0,0,0,0,0,0,0,0,0,0,0,0,0,0,0,0,0,0,0,0,0,0,0,0.0,0.0,0.0,0.0,0.0,0.0,0,0,0,0.0,0.0,0.0,0.0,0.0,0.0,0.0,0.0,0.0,0.0,0.0,0.0,0.0,0.0,0.0,0.0,0.0,0.0,1.0,0.0,0.0,0.0,1.0,0,0.0,0.0,0.0,0.0,0.0,0,benign
0,0,0,0,0,0,0,0,0,0,0.0,0.0,999.0,0.0,0,0,0,0,0,0,0,0,0,0,0,0,0,0,0,0,0,0,0,0,0,0,0.0,0.0,0.0,0.0,0.0,0.0,0,0,0,0.0,0.0,0.0,0.0,0.0,0.0,0.0,0.0,0.0,0.0,0.0,0.0,0.0,0.0,0.0,0.0,0.0,0.0,1.0,0.0,0.0,0.0,1.0,0,0.0,0.0,0.0,0.0,0.0,0,benign
0,0,0,0,0,0,0,0,0,0,0.0,0.0,999.0,0.0,0,0,0,0,0,0,0,0,0,0,0,0,0,0,0,0,0,0,0,0,0,0,0.0,0.0,0.0,0.0,0.0,0.0,0,0,0,0.0,0.0,0.0,0.0,0.0,0.0,0.0,0.0,0.0,0.0,0.0,0.0,0.0,0.0,0.0,0.0,0.0,0.0,1.0,0.0,0.0,0.0,1.0,0,0.0,0.0,0.0,0.0,0.0,0,benign
0,0,0,0,0,0,0,0,0,0,0.0,0.0,999.0,0.0,0,0,0,0,0,0,0,0,0,0,0,0,0,0,0,0,0,0,0,0,0,0,0.0,0.0,0.0,0.0,0.0,0.0,0,0,0,0.0,0.0,0.0,0.0,0.0,0.0,0.0,0.0,0.0,0.0,0.0,0.0,0.0,0.0,0.0,0.0,0.0,0.0,1.0,0.0,0.0,0.0,1.0,0,0.0,0.0,0.0,0.0,0.0,0,benign
0,0,0,0,0,0,0,0,0,0,0.0,0.0,999.0,0.0,0,0,0,0,0,0,0,0,0,0,0,0,0,0,0,0,0,0,0,0,0,0,0.0,0.0,0.0,0.0,0.0,0.0,0,0,0,0.0,0.0,0.0,0.0,0.0,0.0,0.0,0.0,0.0,0.0,0.0,0.0,0.0,0.0,0.0,0.0,0.0,0.0,1.0,0.0,0.0,0.0,1.0,0,0.0,0.0,0.0,0.0,0.0,0,benign
0,0,0,0,0,0,0,0,0,0,0.0,0.0,999.0,0.0,0,0,0,0,0,0,0,0,0,0,0,0,0,0,0,0,0,0,0,0,0,0,0.0,0.0,0.0,0.0,0.0,0.0,0,0,0,0.0,0.0,0.0,0.0,0.0,0.0,0.0,0.0,0.0,0.0,0.0,0.0,0.0,0.0,0.0,0.0,0.0,0.0,1.0,0.0,0.0,0.0,1.0,0,0.0,0.0,0.0,0.0,0.0,0,benign
0,0,0,0,0,0,0,0,0,0,0.0,0.0,999.0,0.0,0,0,0,0,0,0,0,0,0,0,0,0,0,0,0,0,0,0,0,0,0,0,0.0,0.0,0.0,0.0,0.0,0.0,0,0,0,0.0,0.0,0.0,0.0,0.0,0.0,0.0,0.0,0.0,0.0,0.0,0.0,0.0,0.0,0.0,0.0,0.0,0.0,1.0,0.0,0.0,0.0,1.0,0,0.0,0.0,0.0,0.0,0.0,0,benign
0,0,0,0,0,0,0,0,0,0,0.0,0.0,999.0,0.0,0,0,0,0,0,0,0,0,0,0,0,0,0,0,0,0,0,0,0,0,0,0,0.0,0.0,0.0,0.0,0.0,0.0,0,0,0,0.0,0.0,0.0,0.0,0.0,0.0,0.0,0.0,0.0,0.0,0.0,0.0,0.0,0.0,0.0,0.0,0.0,0.0,1.0,0.0,0.0,0.0,1.0,0,0.0,0.0,0.0,0.0,0.0,0,benign
0,0,0,0,0,0,0,0,0,0,0.0,0.0,999.0,0.0,0,0,0,0,0,0,0,0,0,0,0,0,0,0,0,0,0,0,0,0,0,0,0.0,0.0,0.0,0.0,0.0,0.0,0,0,0,0.0,0.0,0.0,0.0,0.0,0.0,0.0,0.0,0.0,0.0,0.0,0.0,0.0,0.0,0.0,0.0,0.0,0.0,1.0,0.0,0.0,0.0,1.0,0,0.0,0.0,0.0,0.0,0.0,0,benign
0,0,0,0,0,0,0,0,0,0,0.0,0.0,999.0,0.0,0,0,0,0,0,0,0,0,0,0,0,0,0,0,0,0,0,0,0,0,0,0,0.0,0.0,0.0,0.0,0.0,0.0,0,0,0,0.0,0.0,0.0,0.0,0.0,0.0,0.0,0.0,0.0,0.0,0.0,0.0,0.0,0.0,0.0,0.0,0.0,0.0,1.0,0.0,0.0,0.0,1.0,0,0.0,0.0,0.0,0.0,0.0,0,benign
0,0,0,0,0,0,0,0,0,0,0.0,0.0,999.0,0.0,0,0,0,0,0,0,0,0,0,0,0,0,0,0,0,0,0,0,0,0,0,0,0.0,0.0,0.0,0.0,0.0,0.0,0,0,0,0.0,0.0,0.0,0.0,0.0,0.0,0.0,0.0,0.0,0.0,0.0,0.0,0.0,0.0,0.0,0.0,0.0,0.0,1.0,0.0,0.0,0.0,1.0,0,0.0,0.0,0.0,0.0,0.0,0,benign
0,0,0,0,0,0,0,0,0,0,0.0,0.0,999.0,0.0,0,0,0,0,0,0,0,0,0,0,0,0,0,0,0,0,0,0,0,0,0,0,0.0,0.0,0.0,0.0,0.0,0.0,0,0,0,0.0,0.0,0.0,0.0,0.0,0.0,0.0,0.0,0.0,0.0,0.0,0.0,0.0,0.0,0.0,0.0,0.0,0.0,1.0,0.0,0.0,0.0,1.0,0,0.0,0.0,0.0,0.0,0.0,0,benign
0,0,0,0,0,0,0,0,0,0,0.0,0.0,999.0,0.0,0,0,0,0,0,0,0,0,0,0,0,0,0,0,0,0,0,0,0,0,0,0,0.0,0.0,0.0,0.0,0.0,0.0,0,0,0,0.0,0.0,0.0,0.0,0.0,0.0,0.0,0.0,0.0,0.0,0.0,0.0,0.0,0.0,0.0,0.0,0.0,0.0,1.0,0.0,0.0,0.0,1.0,0,0.0,0.0,0.0,0.0,0.0,0,benign
0,0,0,0,0,0,0,0,0,0,0.0,0.0,999.0,0.0,0,0,0,0,0,0,0,0,0,0,0,0,0,0,0,0,0,0,0,0,0,0,0.0,0.0,0.0,0.0,0.0,0.0,0,0,0,0.0,0.0,0.0,0.0,0.0,0.0,0.0,0.0,0.0,0.0,0.0,0.0,0.0,0.0,0.0,0.0,0.0,0.0,1.0,0.0,0.0,0.0,1.0,0,0.0,0.0,0.0,0.0,0.0,0,benign
0,0,0,0,0,0,0,0,0,0,0.0,0.0,999.0,0.0,0,0,0,0,0,0,0,0,0,0,0,0,0,0,0,0,0,0,0,0,0,0,0.0,0.0,0.0,0.0,0.0,0.0,0,0,0,0.0,0.0,0.0,0.0,0.0,0.0,0.0,0.0,0.0,0.0,0.0,0.0,0.0,0.0,0.0,0.0,0.0,0.0,1.0,0.0,0.0,0.0,1.0,0,0.0,0.0,0.0,0.0,0.0,0,benign
0,0,0,0,0,0,0,0,0,0,0.0,0.0,999.0,0.0,0,0,0,0,0,0,0,0,0,0,0,0,0,0,0,0,0,0,0,0,0,0,0.0,0.0,0.0,0.0,0.0,0.0,0,0,0,0.0,0.0,0.0,0.0,0.0,0.0,0.0,0.0,0.0,0.0,0.0,0.0,0.0,0.0,0.0,0.0,0.0,0.0,1.0,0.0,0.0,0.0,1.0,0,0.0,0.0,0.0,0.0,0.0,0,benign
0,0,0,0,0,0,0,0,0,0,0.0,0.0,999.0,0.0,0,0,0,0,0,0,0,0,0,0,0,0,0,0,0,0,0,0,0,0,0,0,0.0,0.0,0.0,0.0,0.0,0.0,0,0,0,0.0,0.0,0.0,0.0,0.0,0.0,0.0,0.0,0.0,0.0,0.0,0.0,0.0,0.0,0.0,0.0,0.0,0.0,1.0,0.0,0.0,0.0,1.0,0,0.0,0.0,0.0,0.0,0.0,0,benign
0,0,0,0,0,0,0,0,0,0,0.0,0.0,999.0,0.0,0,0,0,0,0,0,0,0,0,0,0,0,0,0,0,0,0,0,0,0,0,0,0.0,0.0,0.0,0.0,0.0,0.0,0,0,0,0.0,0.0,0.0,0.0,0.0,0.0,0.0,0.0,0.0,0.0,0.0,0.0,0.0,0.0,0.0,0.0,0.0,0.0,1.0,0.0,0.0,0.0,1.0,0,0.0,0.0,0.0,0.0,0.0,0,benign
0,0,0,0,0,0,0,0,0,0,0.0,0.0,999.0,0.0,0,0,0,0,0,0,0,0,0,0,0,0,0,0,0,0,0,0,0,0,0,0,0.0,0.0,0.0,0.0,0.0,0.0,0,0,0,0.0,0.0,0.0,0.0,0.0,0.0,0.0,0.0,0.0,0.0,0.0,0.0,0.0,0.0,0.0,0.0,0.0,0.0,1.0,0.0,0.0,0.0,1.0,0,0.0,0.0,0.0,0.0,0.0,0,benign
0,0,0,0,0,0,0,0,0,0,0.0,0.0,999.0,0.0,0,0,0,0,0,0,0,0,0,0,0,0,0,0,0,0,0,0,0,0,0,0,0.0,0.0,0.0,0.0,0.0,0.0,0,0,0,0.0,0.0,0.0,0.0,0.0,0.0,0.0,0.0,0.0,0.0,0.0,0.0,0.0,0.0,0.0,0.0,0.0,0.0,1.0,0.0,0.0,0.0,1.0,0,0.0,0.0,0.0,0.0,0.0,0,benign
0,0,0,0,0,0,0,0,0,0,0.0,0.0,999.0,0.0,0,0,0,0,0,0,0,0,0,0,0,0,0,0,0,0,0,0,0,0,0,0,0.0,0.0,0.0,0.0,0.0,0.0,0,0,0,0.0,0.0,0.0,0.0,0.0,0.0,0.0,0.0,0.0,0.0,0.0,0.0,0.0,0.0,0.0,0.0,0.0,0.0,1.0,0.0,0.0,0.0,1.0,0,0.0,0.0,0.0,0.0,0.0,0,benign
0,0,0,0,0,0,0,0,0,0,0.0,0.0,999.0,0.0,0,0,0,0,0,0,0,0,0,0,0,0,0,0,0,0,0,0,0,0,0,0,0.0,0.0,0.0,0.0,0.0,0.0,0,0,0,0.0,0.0,0.0,0.0,0.0,0.0,0.0,0.0,0.0,0.0,0.0,0.0,0.0,0.0,0.0,0.0,0.0,0.0,1.0,0.0,0.0,0.0,1.0,0,0.0,0.0,0.0,0.0,0.0,0,benign
0,0,0,0,0,0,0,0,0,0,0.0,0.0,999.0,0.0,0,0,0,0,0,0,0,0,0,0,0,0,0,0,0,0,0,0,0,0,0,0,0.0,0.0,0.0,0.0,0.0,0.0,0,0,0,0.0,0.0,0.0,0.0,0.0,0.0,0.0,0.0,0.0,0.0,0.0,0.0,0.0,0.0,0.0,0.0,0.0,0.0,1.0,0.0,0.0,0.0,1.0,0,0.0,0.0,0.0,0.0,0.0,0,benign
0,0,0,0,0,0,0,0,0,0,0.0,0.0,999.0,0.0,0,0,0,0,0,0,0,0,0,0,0,0,0,0,0,0,0,0,0,0,0,0,0.0,0.0,0.0,0.0,0.0,0.0,0,0,0,0.0,0.0,0.0,0.0,0.0,0.0,0.0,0.0,0.0,0.0,0.0,0.0,0.0,0.0,0.0,0.0,0.0,0.0,1.0,0.0,0.0,0.0,1.0,0,0.0,0.0,0.0,0.0,0.0,0,benign
0,0,0,0,0,0,0,0,0,0,0.0,0.0,999.0,0.0,0,0,0,0,0,0,0,0,0,0,0,0,0,0,0,0,0,0,0,0,0,0,0.0,0.0,0.0,0.0,0.0,0.0,0,0,0,0.0,0.0,0.0,0.0,0.0,0.0,0.0,0.0,0.0,0.0,0.0,0.0,0.0,0.0,0.0,0.0,0.0,0.0,1.0,0.0,0.0,0.0,1.0,0,0.0,0.0,0.0,0.0,0.0,0,benign
0,0,0,0,0,0,0,0,0,0,0.0,0.0,999.0,0.0,0,0,0,0,0,0,0,0,0,0,0,0,0,0,0,0,0,0,0,0,0,0,0.0,0.0,0.0,0.0,0.0,0.0,0,0,0,0.0,0.0,0.0,0.0,0.0,0.0,0.0,0.0,0.0,0.0,0.0,0.0,0.0,0.0,0.0,0.0,0.0,0.0,1.0,0.0,0.0,0.0,1.0,0,0.0,0.0,0.0,0.0,0.0,0,benign
0,0,0,0,0,0,0,0,0,0,0.0,0.0,999.0,0.0,0,0,0,0,0,0,0,0,0,0,0,0,0,0,0,0,0,0,0,0,0,0,0.0,0.0,0.0,0.0,0.0,0.0,0,0,0,0.0,0.0,0.0,0.0,0.0,0.0,0.0,0.0,0.0,0.0,0.0,0.0,0.0,0.0,0.0,0.0,0.0,0.0,1.0,0.0,0.0,0.0,1.0,0,0.0,0.0,0.0,0.0,0.0,0,benign
0,0,0,0,0,0,0,0,0,0,0.0,0.0,999.0,0.0,0,0,0,0,0,0,0,0,0,0,0,0,0,0,0,0,0,0,0,0,0,0,0.0,0.0,0.0,0.0,0.0,0.0,0,0,0,0.0,0.0,0.0,0.0,0.0,0.0,0.0,0.0,0.0,0.0,0.0,0.0,0.0,0.0,0.0,0.0,0.0,0.0,1.0,0.0,0.0,0.0,1.0,0,0.0,0.0,0.0,0.0,0.0,0,benign
0,0,0,0,0,0,0,0,0,0,0.0,0.0,999.0,0.0,0,0,0,0,0,0,0,0,0,0,0,0,0,0,0,0,0,0,0,0,0,0,0.0,0.0,0.0,0.0,0.0,0.0,0,0,0,0.0,0.0,0.0,0.0,0.0,0.0,0.0,0.0,0.0,0.0,0.0,0.0,0.0,0.0,0.0,0.0,0.0,0.0,1.0,0.0,0.0,0.0,1.0,0,0.0,0.0,0.0,0.0,0.0,0,benign
0,0,0,0,0,0,0,0,0,0,0.0,0.0,999.0,0.0,0,0,0,0,0,0,0,0,0,0,0,0,0,0,0,0,0,0,0,0,0,0,0.0,0.0,0.0,0.0,0.0,0.0,0,0,0,0.0,0.0,0.0,0.0,0.0,0.0,0.0,0.0,0.0,0.0,0.0,0.0,0.0,0.0,0.0,0.0,0.0,0.0,1.0,0.0,0.0,0.0,1.0,0,0.0,0.0,0.0,0.0,0.0,0,benign
0,0,0,0,0,0,0,0,0,0,0.0,0.0,999.0,0.0,0,0,0,0,0,0,0,0,0,0,0,0,0,0,0,0,0,0,0,0,0,0,0.0,0.0,0.0,0.0,0.0,0.0,0,0,0,0.0,0.0,0.0,0.0,0.0,0.0,0.0,0.0,0.0,0.0,0.0,0.0,0.0,0.0,0.0,0.0,0.0,0.0,1.0,0.0,0.0,0.0,1.0,0,0.0,0.0,0.0,0.0,0.0,0,benign
164352,21144509,9113,152731,2508,38830,90607,3919,103523,0,0.059666996222116006,0.23626119548286603,999.0,128.65379794587227,0,0,0,0,0,3920,108,0,0,0,0,0,0,0,0,0,0,0,0,0,0,0,0.0,0.0,0.0,0.0,0.0,2.000103018440301,20707,18120,3,1.1427704194260486,0.1259917737538941,0.11025116822429906,0.02384516160436137,0.0,0.0,0.0,0.015259929906542057,0.5512984326323987,0.0,0.0,0.0,0.0,0.0,0.0,0.0,0.0,0.0,1.0,0.0,0.0,0.0,1.0,0,0.0,0.0,0.0,0.0,0.1259917737538941,4,benign
1271423,158643964,160852,1062650,47921,286712,506335,61322,840244,0,0.1513687479414671,0.225504808391857,999.0,124.7766982349698,0,0,0,0,0,61321,108,0,0,0,0,0,0,0,0,0,0,0,0,0,0,0,0.0,0.0,0.0,0.0,0.0,1.9999581470294854,185447,101271,3,1.8311955051298003,0.14585783016352544,0.07965169735013446,0.048230997866170425,0.0,0.0,0.0,0.037690839319408254,0.3982427563446626,0.0,0.0,0.0,0.0,0.0,0.0,0.0,0.0,0.0,1.0,0.0,0.0,0.0,1.0,0,0.0,0.0,0.0,0.0,0.14585783016352544,4,benign
1372807,172816827,162063,1161472,49272,308513,588995,61343,896587,0,0.13953242092792595,0.2247315172489651,999.0,125.88574140429063,0,0,0,0,0,61429,108,0,0,0,0,0,0,0,0,0,0,0,0,0,0,0,0.0,0.0,0.0,0.0,0.0,2.0000324140703,190714,117802,3,1.6189368601551757,0.13892265992233432,0.08581104263017307,0.04468435839852215,0.0,0.0,0.0,0.03589142537880416,0.4290442866331538,0.0,0.0,0.0,0.0,0.0,0.0,0.0,0.0,0.0,1.0,0.0,0.0,0.0,1.0,0,0.0,0.0,0.0,0.0,0.13892265992233432,4,benign
1458411,194177546,197100,1216534,58759,346272,639687,75714,956624,0,0.16201766658391792,0.23743101224551927,999.0,133.14322642931245,0,0,0,0,0,75647,108,0,0,0,0,0,0,0,0,0,0,0,0,0,0,0,0.0,0.0,0.0,0.0,0.0,2.0006933370311306,218332,127931,3,1.7066387349430552,0.14970539854677453,0.08771944259882845,0.05191540656234765,0.0,0.0,0.0,0.04028973999784697,0.4386191546827335,0.0,0.0,0.0,0.0,0.0,0.0,0.0,0.0,0.0,1.0,0.0,0.0,0.0,1.0,0,0.0,0.0,0.0,0.0,0.14970539854677453,4,benign
1451833,193060680,186804,1221732,58832,348771,622432,69075,961035,0,0.15290096355010754,0.24022804275698376,999.0,132.97719503551718,0,0,0,0,0,69013,108,0,0,0,0,0,0,0,0,0,0,0,0,0,0,0,0.0,0.0,0.0,0.0,0.0,2.0001777828754945,224281,124478,3,1.8017722007101657,0.15448126609603172,0.08573851124750574,0.04757778615033547,0.0,0.0,0.0,0.04052256698945402,0.4287214851845908,0.0,0.0,0.0,0.0,0.0,0.0,0.0,0.0,0.0,1.0,0.0,0.0,0.0,1.0,0,0.0,0.0,0.0,0.0,0.15448126609603172,4,benign
1460126,205253186,194336,1224702,56871,345434,685950,79819,953050,0,0.15868023404877268,0.2365782131131149,999.0,140.57224239551928,0,0,0,0,0,79739,108,0,0,0,0,0,0,0,0,0,0,0,0,0,0,0,0.0,0.0,0.0,0.0,0.0,1.9995253475960593,229043,137197,3,1.669446124915268,0.1568652294391032,0.09396243885801636,0.054665830209173726,0.0,0.0,0.0,0.03894937834132123,0.469788223756032,0.0,0.0,0.0,0.0,0.0,0.0,0.0,0.0,0.0,1.0,0.0,0.0,0.0,1.0,0,0.0,0.0,0.0,0.0,0.1568652294391032,4,benign
1385613,173379999,169887,1165613,50113,312531,570660,64944,911366,0,0.14574906079462052,0.2255543214447324,999.0,125.1287329146017,0,0,0,0,0,64822,108,0,0,0,0,0,0,0,0,0,0,0,0,0,0,0,0.0,0.0,0.0,0.0,0.0,2.000403241291908,198388,114127,3,1.7383090767303093,0.14317706314822393,0.0823657110607363,0.046870229999285515,0.0,0.0,0.0,0.03616666414070884,0.4118465978595755,0.0,0.0,0.0,0.0,0.0,0.0,0.0,0.0,0.0,1.0,0.0,0.0,0.0,1.0,0,0.0,0.0,0.0,0.0,0.14317706314822393,4,benign
1648748,194692018,197201,1377348,59434,347534,640885,76055,1080997,0,0.14317441924626165,0.21078660899057952,999.0,118.08476371161633,0,0,0,0,0,75921,108,0,0,0,0,0,0,0,0,0,0,0,0,0,0,0,0.0,0.0,0.0,0.0,0.0,1.9985623260414511,219357,128180,3,1.71132001872367,0.13304458898509658,0.07774383956796309,0.04612894147559239,0.0,0.0,0.0,0.03604795881480978,0.38871010002741474,0.0,0.0,0.0,0.0,0.0,0.0,0.0,0.0,0.0,1.0,0.0,0.0,0.0,1.0,0,0.0,0.0,0.0,0.0,0.13304458898509658,4,benign
1830188,217193832,213537,1538013,63682,390937,713207,81257,1202808,0,0.13883952866458216,0.21360483185333964,999.0,118.67296255903766,0,0,0,0,0,81251,108,0,0,0,0,0,0,0,0,0,0,0,0,0,0,0,0.0,0.0,0.0,0.0,0.0,1.997940409873767,248295,142644,3,1.7406620678051654,0.13566639055659857,0.07793953408065182,0.04439817111684701,0.0,0.0,0.0,0.034795332501360514,0.3896905673078394,0.0,0.0,0.0,0.0,0.0,0.0,0.0,0.0,0.0,1.0,0.0,0.0,0.0,1.0,0,0.0,0.0,0.0,0.0,0.13566639055659857,4,benign
1275716,159696704,153921,1075033,46762,288470,523992,58345,840155,0,0.14317793035190549,0.22612399624994906,999.0,125.1820185683961,0,0,0,0,0,58344,108,0,0,0,0,0,0,0,0,0,0,0,0,0,0,0,0.0,0.0,0.0,0.0,0.0,2.0000138663560603,183674,104800,3,1.752614503816794,0.14397718614487864,0.08214994559917725,0.045735100915877826,0.0,0.0,0.0,0.0366554938559993,0.41074345700767256,0.0,0.0,0.0,0.0,0.0,0.0,0.0,0.0,0.0,1.0,0.0,0.0,0.0,1.0,0,0.0,0.0,0.0,0.0,0.14397718614487864,4,benign
1443100,180839814,174870,1215383,52847,326232,592669,65961,949610,0,0.14388057098050575,0.2260633358741598,999.0,125.31343219458111,0,0,0,0,0,66092,108,0,0,0,0,0,0,0,0,0,0,0,0,0,0,0,0.0,0.0,0.0,0.0,0.0,1.9978076487338865,207693,118534,3,1.7521808088818398,0.14392141916707088,0.08213845194373225,0.045707851153766195,0.0,0.0,0.0,0.03662046982191117,0.4106915667659899,0.0,0.0,0.0,0.0,0.0,0.0,0.0,0.0,0.0,1.0,0.0,0.0,0.0,1.0,0,0.0,0.0,0.0,0.0,0.14392141916707088,4,benign
1365743,170968991,167261,1147729,50753,307538,562501,63603,898550,0,0.14573213711599167,0.22517999360055296,999.0,125.1838676822799,0,0,0,0,0,63597,108,0,0,0,0,0,0,0,0,0,0,0,0,0,0,0,0.0,0.0,0.0,0.0,0.0,2.001301498675725,195043,112499,3,1.73373096649748,0.1428109095195802,0.08237201288968715,0.04657025516513722,0.0,0.0,0.0,0.03716145717019966,0.4118644576615073,0.0,0.0,0.0,0.0,0.0,0.0,0.0,0.0,0.0,1.0,0.0,0.0,0.0,1.0,0,0.0,0.0,0.0,0.0,0.1428109095195802,4,benign
1355219,169714465,165812,1139874,49533,305735,556573,62921,892115,0,0.14546520053970877,0.22559822434602822,999.0,125.23028750334817,0,0,0,0,0,62804,108,0,0,0,0,0,0,0,0,0,0,0,0,0,0,0,0.0,0.0,0.0,0.0,0.0,2.000582373072116,194417,111314,3,1.7465637745476759,0.14345799461194095,0.08213727818160754,0.04642865839395699,0.0,0.0,0.0,0.03654981224436788,0.41068860457239753,0.0,0.0,0.0,0.0,0.0,0.0,0.0,0.0,0.0,1.0,0.0,0.0,0.0,1.0,0,0.0,0.0,0.0,0.0,0.14345799461194095,4,benign
1275012,159682845,154330,1073908,46774,288199,523357,58412,839772,0,0.14370877207358546,0.22603630397204105,999.0,125.24026832688634,0,0,0,0,0,58414,108,0,0,0,0,0,0,0,0,0,0,0,0,0,0,0,0.0,0.0,0.0,0.0,0.0,1.9999791812686936,183527,104671,3,1.7533700834041903,0.14394139035554177,0.08209412931015551,0.045812902153077775,0.0,0.0,0.0,0.0366851449241262,0.4104722151634651,0.0,0.0,0.0,0.0,0.0,0.0,0.0,0.0,0.0,1.0,0.0,0.0,0.0,1.0,0,0.0,0.0,0.0,0.0,0.14394139035554177,4,benign
1543716,170996839,173334,1286761,55015,302200,561330,64131,1013071,0,0.1347056679523237,0.19576139652630406,999.0,110.76962278035597,0,0,0,0,0,64220,108,0,0,0,0,0,0,0,0,0,0,0,0,0,0,0,0.0,0.0,0.0,0.0,0.0,2.000317720882205,189933,112266,3,1.691812302923414,0.12303623205304602,0.07272451668571162,0.041543263139074804,0.0,0.0,0.0,0.03563803186596498,0.3636225834285581,0.0,0.0,0.0,0.0,0.0,0.0,0.0,0.0,0.0,1.0,0.0,0.0,0.0,1.0,0,0.0,0.0,0.0,0.0,0.12303623205304602,4,benign
2006221,205800725,197320,1688836,60644,372322,673309,74897,1321148,0,0.11683786939643637,0.1855837417712206,999.0,102.58128341792853,0,0,0,0,0,70774,108,0,0,0,0,0,0,0,0,0,0,0,0,0,0,0,0.0,0.0,0.0,0.0,0.0,1.9989155061150423,237666,134665,3,1.764868377083875,0.11846451612260064,0.06712371169477341,0.03733237763935279,0.0,0.0,0.0,0.030227975881022082,0.33561058328070537,0.0,0.0,0.0,0.0,0.0,0.0,0.0,0.0,0.0,1.0,0.0,0.0,0.0,1.0,0,0.0,0.0,0.0,0.0,0.11846451612260064,4,benign
1277319,160730122,162530,1063682,51107,284206,527633,59926,838687,0,0.15279942689638445,0.22250197483948803,999.0,125.83397099706495,0,0,0,0,0,59921,108,0,0,0,0,0,0,0,0,0,0,0,0,0,0,0,0.0,0.0,0.0,0.0,0.0,1.9999437043917612,178681,105532,3,1.693145207140962,0.1398875300531817,0.08261992501481619,0.04691545338321907,0.0,0.0,0.0,0.040011148350568654,0.4130784870498286,0.0,0.0,0.0,0.0,0.0,0.0,0.0,0.0,0.0,1.0,0.0,0.0,0.0,1.0,0,0.0,0.0,0.0,0.0,0.1398875300531817,4,benign
1274988,159541457,153336,1075439,46213,288724,523249,58347,839881,0,0.14257991387703067,0.2264523273944539,999.0,125.13173222022482,0,0,0,0,0,58347,108,0,0,0,0,0,0,0,0,0,0,0,0,0,0,0,0.0,0.0,0.0,0.0,0.0,2.0000138541572863,184068,104648,3,1.7589251586270163,0.14436841758510668,0.08207763524048854,0.04576278364972847,0.0,0.0,0.0,0.03624583133331451,0.4103952350924087,0.0,0.0,0.0,0.0,0.0,0.0,0.0,0.0,0.0,1.0,0.0,0.0,0.0,1.0,0,0.0,0.0,0.0,0.0,0.14436841758510668,4,benign
1267786,159033163,157367,1061747,48672,284396,521340,58789,833933,0,0.1482151586018138,0.22432492550004496,999.0,125.44164630308269,0,0,0,0,0,58790,108,0,0,0,0,0,0,0,0,0,0,0,0,0,0,0,0.0,0.0,0.0,0.0,0.0,2.0000562611643247,180130,104269,3,1.72755085404099,0.14208233881743448,0.08224495301257467,0.0463713907552221,0.0,0.0,0.0,0.038391337339267036,0.41122082117959974,0.0,0.0,0.0,0.0,0.0,0.0,0.0,0.0,0.0,1.0,0.0,0.0,0.0,1.0,0,0.0,0.0,0.0,0.0,0.14208233881743448,4,benign
1363458,170495049,167206,1144207,51045,305943,560044,63032,897088,0,0.14613264907486145,0.22438754989152582,999.0,125.04605862446807,0,0,0,0,0,62830,108,0,0,0,0,0,0,0,0,0,0,0,0,0,0,0,0.0,0.0,0.0,0.0,0.0,1.9997058708184634,193939,112008,3,1.7314745375330334,0.1422405383957555,0.08214994521283384,0.04622951348703077,0.0,0.0,0.0,0.0374378968769115,0.4107526597812327,0.0,0.0,0.0,0.0,0.0,0.0,0.0,0.0,0.0,1.0,0.0,0.0,0.0,1.0,0,0.0,0.0,0.0,0.0,0.1422405383957555,4,benign
1274686,159870677,155150,1072691,46845,287031,529079,58884,837242,0,0.14463624659850788,0.22517780849558244,999.0,125.41965393830324,0,0,0,0,0,58882,108,0,0,0,0,0,0,0,0,0,0,0,0,0,0,0,0.0,0.0,0.0,0.0,0.0,2.0000348400493335,181210,105817,3,1.7124847614277479,0.1421605007037027,0.08301416976416152,0.04619490603960505,0.0,0.0,0.0,0.036750227114756104,0.41506614177923035,0.0,0.0,0.0,0.0,0.0,0.0,0.0,0.0,0.0,1.0,0.0,0.0,0.0,1.0,0,0.0,0.0,0.0,0.0,0.1421605007037027,4,benign
1365718,182602257,176202,1150405,53638,328042,605432,66864,896384,0,0.1531651896506013,0.24019746389811072,999.0,133.70421785463765,0,0,0,0,0,66930,108,0,0,0,0,0,0,0,0,0,0,0,0,0,0,0,0.0,0.0,0.0,0.0,0.0,1.9996098821722248,206956,121091,3,1.7090948129918822,0.15153640795537585,0.08866471702064409,0.048958862664181035,0.0,0.0,0.0,0.039274579378759014,0.4433067441448381,0.0,0.0,0.0,0.0,0.0,0.0,0.0,0.0,0.0,1.0,0.0,0.0,0.0,1.0,0,0.0,0.0,0.0,0.0,0.15153640795537585,4,benign
1268759,170569378,167288,1065801,50048,306115,563253,63627,833457,0,0.15695988275484823,0.2412711949235434,999.0,134.43796497207114,0,0,0,0,0,63708,108,0,0,0,0,0,0,0,0,0,0,0,0,0,0,0,0.0,0.0,0.0,0.0,0.0,2.0007385572643317,193465,112645,3,1.717475254116916,0.15248364740663908,0.08878360665815967,0.050149003869135116,0.0,0.0,0.0,0.039446419690421904,0.44394010209976836,0.0,0.0,0.0,0.0,0.0,0.0,0.0,0.0,0.0,1.0,0.0,0.0,0.0,1.0,0,0.0,0.0,0.0,0.0,0.15248364740663908,4,benign
1278562,160419457,152542,1079601,46419,288660,534121,57741,839656,0,0.1412947931689578,0.22576926265601513,999.0,125.468656975571,0,0,0,0,0,57735,108,0,0,0,0,0,0,0,0,0,0,0,0,0,0,0,0.0,0.0,0.0,0.0,0.0,1.9999030047735509,181839,106836,3,1.7020386386611255,0.14222149571158849,0.08355949887451684,0.04516089168925715,0.0,0.0,0.0,0.0363056308571661,0.41775134878089604,0.0,0.0,0.0,0.0,0.0,0.0,0.0,0.0,0.0,1.0,0.0,0.0,0.0,1.0,0,0.0,0.0,0.0,0.0,0.14222149571158849,4,benign
1461908,194261965,195719,1222160,58639,347502,638256,75118,958455,0,0.160141879950252,0.237704424628636,999.0,132.8824830290278,0,0,0,0,0,75222,108,0,0,0,0,0,0,0,0,0,0,0,0,0,0,0,0.0,0.0,0.0,0.0,0.0,1.9989070786788308,219840,127634,3,1.722425059153517,0.1503788200078254,0.08730645156877177,0.05138353439477723,0.0,0.0,0.0,0.04011127923234568,0.436591085075121,0.0,0.0,0.0,0.0,0.0,0.0,0.0,0.0,0.0,1.0,0.0,0.0,0.0,1.0,0,0.0,0.0,0.0,0.0,0.1503788200078254,4,benign
1641195,171366007,163337,1383212,49961,308271,568044,61639,1077477,0,0.11808529712003656,0.1878332556460384,999.0,104.41538452164428,0,0,0,0,0,61713,108,0,0,0,0,0,0,0,0,0,0,0,0,0,0,0,0.0,0.0,0.0,0.0,0.0,1.9994486891774443,194650,113611,3,1.7133024090977107,0.1186026035906763,0.06922455893419124,0.03755738958502798,0.0,0.0,0.0,0.030441842681704488,0.34611609223766826,0.0,0.0,0.0,0.0,0.0,0.0,0.0,0.0,0.0,1.0,0.0,0.0,0.0,1.0,0,0.0,0.0,0.0,0.0,0.1186026035906763,4,benign
1370854,183539667,170805,1162217,51834,331250,613664,64294,899746,0,0.14696480949771,0.2416376944590744,999.0,133.88710030389817,0,0,0,0,0,64401,108,0,0,0,0,0,0,0,0,0,0,0,0,0,0,0,0.0,0.0,0.0,0.0,0.0,1.998636402032123,208535,122741,3,1.6989840395629823,0.15212050298573007,0.0895361577527585,0.04690069110204296,0.0,0.0,0.0,0.03781146642895596,0.447650880400101,0.0,0.0,0.0,0.0,0.0,0.0,0.0,0.0,0.0,1.0,0.0,0.0,0.0,1.0,0,0.0,0.0,0.0,0.0,0.15212050298573007,4,benign
1272802,170550965,173589,1061183,51553,304618,560557,66672,834944,0,0.1635806453740778,0.2393286622742579,999.0,133.99646213629458,0,0,0,0,0,66677,108,0,0,0,0,0,0,0,0,0,0,0,0,0,0,0,0.0,0.0,0.0,0.0,0.0,2.0009458935738356,192500,112109,3,1.7170789142709328,0.15124111998566941,0.08808047127518656,0.052382067281478185,0.0,0.0,0.0,0.04050355043439592,0.440411784393802,0.0,0.0,0.0,0.0,0.0,0.0,0.0,0.0,0.0,1.0,0.0,0.0,0.0,1.0,0,0.0,0.0,0.0,0.0,0.15124111998566941,4,benign
1458642,182529420,184487,1219923,54232,326881,598974,70765,957471,0,0.1512283972021185,0.22409953916039713,999.0,125.1365448136006,0,0,0,0,0,70770,108,0,0,0,0,0,0,0,0,0,0,0,0,0,0,0,0.0,0.0,0.0,0.0,0.0,1.9994556075480932,207077,119784,3,1.7287534228277566,0.14196560910764944,0.08212021866914568,0.04851430302980443,0.0,0.0,0.0,0.03717978777520461,0.41063811408145384,0.0,0.0,0.0,0.0,0.0,0.0,0.0,0.0,0.0,1.0,0.0,0.0,0.0,1.0,0,0.0,0.0,0.0,0.0,0.14196560910764944,4,benign
1441471,180571438,192775,1201616,61692,344953,608888,70889,955623,0,0.16042978788564732,0.23930623647648824,999.0,125.26886631781007,0,0,0,0,0,75726,108,0,0,0,0,0,0,0,0,0,0,0,0,0,0,0,0.0,0.0,0.0,0.0,0.0,2.0000753754276106,223182,121790,3,1.8325149848099187,0.15482933753089725,0.08449007992529853,0.049178235288812606,0.0,0.0,0.0,0.04279794737459165,0.42240738800849964,0.0,0.0,0.0,0.0,0.0,0.0,0.0,0.0,0.0,1.0,0.0,0.0,0.0,1.0,0,0.0,0.0,0.0,0.0,0.15482933753089725,4,benign
1280399,160650995,151029,1085978,43392,287918,555557,59809,832744,0,0.1390718780675115,0.22486584260062684,999.0,125.46947865470061,0,0,0,0,0,59790,108,0,0,0,0,0,0,0,0,0,0,0,0,0,0,0,0.0,0.0,0.0,0.0,0.0,2.0000972546404356,176802,111110,3,1.5912339123391235,0.13808351927797508,0.08677763728337808,0.0467112204867389,0.0,0.0,0.0,0.03388943602736334,0.4338936534627097,0.0,0.0,0.0,0.0,0.0,0.0,0.0,0.0,0.0,1.0,0.0,0.0,0.0,1.0,0,0.0,0.0,0.0,0.0,0.13808351927797508,4,benign
1644277,217304845,212180,1381945,63687,389088,725184,81799,1076462,0,0.15353722470865339,0.2366316624267079,999.0,132.15829510477857,0,0,0,0,0,81623,108,0,0,0,0,0,0,0,0,0,0,0,0,0,0,0,0.0,0.0,0.0,0.0,0.0,1.9996710796809474,244047,145034,3,1.6826881972502998,0.14842207243670014,0.08820533279976549,0.04974770066114165,0.0,0.0,0.0,0.038732524994268,0.441035178379312,0.0,0.0,0.0,0.0,0.0,0.0,0.0,0.0,0.0,1.0,0.0,0.0,0.0,1.0,0,0.0,0.0,0.0,0.0,0.14842207243670014,4,benign
1271261,159245696,158902,1064993,47366,285076,524453,60790,834492,0,0.1492047365569539,0.22424663385410235,999.0,125.26593358877524,0,0,0,0,0,60787,108,0,0,0,0,0,0,0,0,0,0,0,0,0,0,0,0.0,0.0,0.0,0.0,0.0,2.0001403233048944,180176,104892,3,1.7177287114365252,0.14173014038816575,0.08251020050170657,0.047818661942748183,0.0,0.0,0.0,0.0372590679648003,0.4125454961648316,0.0,0.0,0.0,0.0,0.0,0.0,0.0,0.0,0.0,1.0,0.0,0.0,0.0,1.0,0,0.0,0.0,0.0,0.0,0.14173014038816575,4,benign
1359037,159124498,155976,1140065,48343,285093,522225,58268,893885,0,0.13681325187598953,0.2097757456198764,999.0,117.08621472410243,0,0,0,0,0,58254,108,0,0,0,0,0,0,0,0,0,0,0,0,0,0,0,0.0,0.0,0.0,0.0,0.0,2.0000210459854784,180653,104443,3,1.7296803040893118,0.13292721243056665,0.07685074063472885,0.042874476559505,0.0,0.0,0.0,0.03557151129807356,0.3842610613250412,0.0,0.0,0.0,0.0,0.0,0.0,0.0,0.0,0.0,1.0,0.0,0.0,0.0,1.0,0,0.0,0.0,0.0,0.0,0.13292721243056665,4,benign
1450723,170122798,158080,1228501,48800,310114,552663,58678,959551,0,0.12867714393394877,0.21376513641818598,999.0,117.26759553684612,0,0,0,0,0,58621,108,0,0,0,0,0,0,0,0,0,0,0,0,0,0,0,0.0,0.0,0.0,0.0,0.0,1.9989815387788779,199579,110534,3,1.805589230463025,0.1375720933631024,0.07619235374361612,0.04044741828729537,0.0,0.0,0.0,0.03363839961177978,0.3809569435378084,0.0,0.0,0.0,0.0,0.0,0.0,0.0,0.0,0.0,1.0,0.0,0.0,0.0,1.0,0,0.0,0.0,0.0,0.0,0.1375720933631024,4,benign
1366624,171075657,164852,1140486,47607,284064,566003,68542,893851,0,0.14454539555943693,0.20785819654857518,999.0,125.18121809656496,0,0,0,0,0,68695,108,0,0,0,0,0,0,0,0,0,0,0,0,0,0,0,0.0,0.0,0.0,0.0,0.0,1.9998732760259361,191881,113204,3,1.6950019433942263,0.14040511508651976,0.08283478118341256,0.050154248718008755,0.0,0.0,0.0,0.03483547779052614,0.4141614665043201,0.0,0.0,0.0,0.0,0.0,0.0,0.0,0.0,0.0,1.0,0.0,0.0,0.0,1.0,0,0.0,0.0,0.0,0.0,0.14040511508651976,4,benign
1369405,171713473,169054,1148435,51916,307639,564141,63559,900552,0,0.14720380343685102,0.22465158225652748,999.0,125.39276035942618,0,0,0,0,0,63565,108,0,0,0,0,0,0,0,0,0,0,0,0,0,0,0,0.0,0.0,0.0,0.0,0.0,2.0005397391044233,194813,112833,3,1.7265604920546294,0.14226105498373381,0.0823956389818936,0.04641358838327595,0.0,0.0,0.0,0.03791135566176551,0.41196066904969675,0.0,0.0,0.0,0.0,0.0,0.0,0.0,0.0,0.0,1.0,0.0,0.0,0.0,1.0,0,0.0,0.0,0.0,0.0,0.14226105498373381,4,benign
1905583,215912847,210319,1602767,63130,388704,709402,79862,1253754,0,0.13122244218903933,0.20398166860220732,999.0,113.30540154902725,0,0,0,0,0,79590,108,0,0,0,0,0,0,0,0,0,0,0,0,0,0,0,0.0,0.0,0.0,0.0,0.0,2.000710304041012,246826,141884,3,1.7396323757435652,0.12952781379766717,0.07445700344723898,0.041909483869241065,0.0,0.0,0.0,0.03312896892971862,0.37227557130809835,0.0,0.0,0.0,0.0,0.0,0.0,0.0,0.0,0.0,1.0,0.0,0.0,0.0,1.0,0,0.0,0.0,0.0,0.0,0.12952781379766717,4,benign
1366868,159503014,151646,1155681,45058,289938,522757,57948,901140,0,0.13121787067538535,0.21211850741988253,999.0,116.69233166626185,0,0,0,0,0,57956,108,0,0,0,0,0,0,0,0,0,0,0,0,0,0,0,0.0,0.0,0.0,0.0,0.0,1.9999862040422156,185390,104551,3,1.7732015953936355,0.1356312387150771,0.07648946350342535,0.042394730142193686,0.0,0.0,0.0,0.032964412071977686,0.3824487807162067,0.0,0.0,0.0,0.0,0.0,0.0,0.0,0.0,0.0,1.0,0.0,0.0,0.0,1.0,0,0.0,0.0,0.0,0.0,0.1356312387150771,4,benign
1277667,160069457,155662,1074971,47034,288275,525421,58870,840976,0,0.14480576685324534,0.22562608253950364,999.0,125.28261041413764,0,0,0,0,0,58873,108,0,0,0,0,0,0,0,0,0,0,0,0,0,0,0,0.0,0.0,0.0,0.0,0.0,2.0000069378438567,183187,105083,3,1.7432600896434247,0.14337616922093158,0.08224599993582052,0.04607616851652269,0.0,0.0,0.0,0.036812408867099175,0.41123469573840443,0.0,0.0,0.0,0.0,0.0,0.0,0.0,0.0,0.0,1.0,0.0,0.0,0.0,1.0,0,0.0,0.0,0.0,0.0,0.14337616922093158,4,benign
1273792,194063048,201980,1067603,61650,368529,638674,71707,837676,0,0.18919017649819267,0.2893164661106366,999.0,152.35065693614027,0,0,0,0,0,67104,108,0,0,0,0,0,0,0,0,0,0,0,0,0,0,0,0.0,0.0,0.0,0.0,0.0,2.0014391849325484,220145,127730,3,1.723518359038597,0.17282648972516707,0.10027539818117871,0.056294120233130684,0.0,0.0,0.0,0.04839879666381953,0.50139583228659,0.0,0.0,0.0,0.0,0.0,0.0,0.0,0.0,0.0,1.0,0.0,0.0,0.0,1.0,0,0.0,0.0,0.0,0.0,0.17282648972516707,4,benign
1364038,159260158,153579,1148924,46482,287744,522441,58378,898313,0,0.13367202704443462,0.21095013482029093,999.0,116.75639388345486,0,0,0,0,0,58375,108,0,0,0,0,0,0,0,0,0,0,0,0,0,0,0,0.0,0.0,0.0,0.0,0.0,2.0000139013421747,183253,104487,3,1.7538354053614325,0.13434596396874574,0.07660123838192191,0.04279792791696419,0.0,0.0,0.0,0.034076763257328606,0.38301059061404447,0.0,0.0,0.0,0.0,0.0,0.0,0.0,0.0,0.0,1.0,0.0,0.0,0.0,1.0,0,0.0,0.0,0.0,0.0,0.13434596396874574,4,benign
1362635,170938795,169768,1140622,52247,305242,561848,63561,895887,0,0.14883809009470272,0.22400863033754453,999.0,125.44723642061153,0,0,0,0,0,63742,108,0,0,0,0,0,0,0,0,0,0,0,0,0,0,0,0.0,0.0,0.0,0.0,0.0,2.001613135909979,192882,112380,3,1.7163374265883609,0.14155074543072796,0.0824725623516202,0.04664565345818946,0.0,0.0,0.0,0.038342622932773636,0.4123246504016116,0.0,0.0,0.0,0.0,0.0,0.0,0.0,0.0,0.0,1.0,0.0,0.0,0.0,1.0,0,0.0,0.0,0.0,0.0,0.14155074543072796,4,benign
1633998,194008457,167896,1370936,51294,307147,636305,71712,1074552,0,0.12246815314500457,0.18797269029705055,999.0,118.73237115345306,0,0,0,0,0,80362,108,0,0,0,0,0,0,0,0,0,0,0,0,0,0,0,0.0,0.0,0.0,0.0,0.0,1.9987440619509338,220959,127255,3,1.7363482770814507,0.1352259917086802,0.07787953228828921,0.04388744661866171,0.0,0.0,0.0,0.0313917152897372,0.38941602131703956,0.0,0.0,0.0,0.0,0.0,0.0,0.0,0.0,0.0,1.0,0.0,0.0,0.0,1.0,0,0.0,0.0,0.0,0.0,0.1352259917086802,4,benign
1273925,159796311,158462,1067412,48051,286046,523203,59477,838122,0,0.14845439249324535,0.22453912121985203,999.0,125.43619993327708,0,0,0,0,0,59478,108,0,0,0,0,0,0,0,0,0,0,0,0,0,0,0,0.0,0.0,0.0,0.0,0.0,2.000027967920795,181406,104644,3,1.7335537632353504,0.14239927782247777,0.0821429832996448,0.0466879918362541,0.0,0.0,0.0,0.03771886100045136,0.4107015719135742,0.0,0.0,0.0,0.0,0.0,0.0,0.0,0.0,0.0,1.0,0.0,0.0,0.0,1.0,0,0.0,0.0,0.0,0.0,0.14239927782247777,4,benign
1362510,170960370,168103,1142613,52243,306295,561454,63053,896326,0,0.14712155384193948,0.22480201980168954,999.0,125.47458000308255,0,0,0,0,0,62982,108,0,0,0,0,0,0,0,0,0,0,0,0,0,0,0,0.0,0.0,0.0,0.0,0.0,2.0015225673229606,194003,112292,3,1.7276653724219,0.14238647789740994,0.0824155419042796,0.046277091544282244,0.0,0.0,0.0,0.03834320482051508,0.4120733058839935,0.0,0.0,0.0,0.0,0.0,0.0,0.0,0.0,0.0,1.0,0.0,0.0,0.0,1.0,0,0.0,0.0,0.0,0.0,0.14238647789740994,4,benign
1293601,173474479,167916,1088837,50976,311338,574983,63440,849605,0,0.15421592028926276,0.24067544783901682,999.0,134.1019982204714,0,0,0,0,0,63387,108,0,0,0,0,0,0,0,0,0,0,0,0,0,0,0,0.0,0.0,0.0,0.0,0.0,2.000989768111471,196344,114993,3,1.7074430617515848,0.15178095873457118,0.08889371606855591,0.04904139684493132,0.0,0.0,0.0,0.0394062775152462,0.44448249498879483,0.0,0.0,0.0,0.0,0.0,0.0,0.0,0.0,0.0,1.0,0.0,0.0,0.0,1.0,0,0.0,0.0,0.0,0.0,0.15178095873457118,4,benign
1698588,178362887,174561,1426704,53648,320087,586697,66093,1116538,0,0.1223526393701847,0.18844298911802038,999.0,105.00656250956676,0,0,0,0,0,66044,108,0,0,0,0,0,0,0,0,0,0,0,0,0,0,0,0.0,0.0,0.0,0.0,0.0,1.9987323987636205,202744,117340,3,1.7278336458155787,0.11936031574460669,0.06908090720056895,0.03891055394245103,0.0,0.0,0.0,0.03158388025819092,0.34540276982999996,0.0,0.0,0.0,0.0,0.0,0.0,0.0,0.0,0.0,1.0,0.0,0.0,0.0,1.0,0,0.0,0.0,0.0,0.0,0.11936031574460669,4,benign
1272722,159356106,159141,1066057,47524,285606,523070,60820,836104,0,0.14928001035591906,0.2244056439662393,999.0,125.20888772253485,0,0,0,0,0,60822,108,0,0,0,0,0,0,0,0,0,0,0,0,0,0,0,0.0,0.0,0.0,0.0,0.0,1.999985994790062,180990,104613,3,1.7300909064838979,0.14220701771478766,0.08219626909882913,0.04778734083326917,0.0,0.0,0.0,0.037340440410395984,0.41098527408184976,0.0,0.0,0.0,0.0,0.0,0.0,0.0,0.0,0.0,1.0,0.0,0.0,0.0,1.0,0,0.0,0.0,0.0,0.0,0.14220701771478766,4,benign
1272977,159826413,149568,1077440,45969,287972,533797,56228,836262,0,0.13881793881793883,0.22621932682208712,999.0,125.5532605852266,0,0,0,0,0,56225,108,0,0,0,0,0,0,0,0,0,0,0,0,0,0,0,0.0,0.0,0.0,0.0,0.0,2.000041671586229,181211,106764,3,1.6973043347945,0.14235213990512005,0.08386954359740985,0.04417047597874903,0.0,0.0,0.0,0.03611141442461254,0.41932965010365464,0.0,0.0,0.0,0.0,0.0,0.0,0.0,0.0,0.0,1.0,0.0,0.0,0.0,1.0,0,0.0,0.0,0.0,0.0,0.14235213990512005,4,benign
1270081,159231368,155075,1067787,47219,285825,525873,58665,834552,0,0.1452302753264462,0.22504470187334508,999.0,125.37103381595347,0,0,0,0,0,58667,108,0,0,0,0,0,0,0,0,0,0,0,0,0,0,0,0.0,0.0,0.0,0.0,0.0,1.9999930027359303,180644,105175,3,1.7175564535298313,0.14223029869748466,0.082809679067713,0.0461899674115273,0.0,0.0,0.0,0.03717794376894072,0.4140468206358492,0.0,0.0,0.0,0.0,0.0,0.0,0.0,0.0,0.0,1.0,0.0,0.0,0.0,1.0,0,0.0,0.0,0.0,0.0,0.14223029869748466,4,benign
1547462,193941262,192557,1296234,58671,347479,634325,72643,1018134,0,0.14855111037050409,0.2245476787152124,999.0,125.32861033098067,0,0,0,0,0,72657,108,0,0,0,0,0,0,0,0,0,0,0,0,0,0,0,0.0,0.0,0.0,0.0,0.0,2.0005469451673075,220607,126860,3,1.738979977928425,0.14256052814220962,0.08197939593993261,0.04694331750957374,0.0,0.0,0.0,0.037914339738229434,0.4099131351852259,0.0,0.0,0.0,0.0,0.0,0.0,0.0,0.0,0.0,1.0,0.0,0.0,0.0,1.0,0,0.0,0.0,0.0,0.0,0.14256052814220962,4,benign
1276358,160132929,161125,1080957,48928,308614,538308,57415,836741,0,0.1490577331013167,0.24179266318697418,999.0,125.46082603783577,0,0,0,0,0,57406,108,0,0,0,0,0,0,0,0,0,0,0,0,0,0,0,0.0,0.0,0.0,0.0,0.0,1.999468732992977,180878,107659,3,1.6801010598277897,0.1417141585667971,0.08434859185275605,0.04498346075317427,0.0,0.0,0.0,0.0383340724154195,0.4217531444939429,0.0,0.0,0.0,0.0,0.0,0.0,0.0,0.0,0.0,1.0,0.0,0.0,0.0,1.0,0,0.0,0.0,0.0,0.0,0.1417141585667971,4,benign
1366686,171165098,166745,1149604,50337,308021,563436,63447,898940,0,0.1450455983103747,0.22537803123760689,999.0,125.24098293243657,0,0,0,0,0,63453,108,0,0,0,0,0,0,0,0,0,0,0,0,0,0,0,0.0,0.0,0.0,0.0,0.0,2.0005650561483956,195333,112692,3,1.7333351080822064,0.1429245635061748,0.08245639451929704,0.046423977416904835,0.0,0.0,0.0,0.03683143018952415,0.4122644118692955,0.0,0.0,0.0,0.0,0.0,0.0,0.0,0.0,0.0,1.0,0.0,0.0,0.0,1.0,0,0.0,0.0,0.0,0.0,0.1429245635061748,4,benign
1456819,194023242,193086,1220874,57436,347175,641828,74050,954895,0,0.1581539126887787,0.23831031857766818,999.0,133.18280582556926,0,0,0,0,0,74058,108,0,0,0,0,0,0,0,0,0,0,0,0,0,0,0,0.0,0.0,0.0,0.0,0.0,1.9980030041263575,218803,128359,3,1.7046175180548306,0.15019230254410465,0.08810909248163293,0.05082992465090035,0.0,0.0,0.0,0.039425625283580186,0.44056811450152694,0.0,0.0,0.0,0.0,0.0,0.0,0.0,0.0,0.0,1.0,0.0,0.0,0.0,1.0,0,0.0,0.0,0.0,0.0,0.15019230254410465,4,benign
1276920,172003383,161771,1081105,49098,309610,573148,60861,839179,0,0.14963486432862672,0.24246624690661905,999.0,134.70176910064845,0,0,0,0,0,60780,108,0,0,0,0,0,0,0,0,0,0,0,0,0,0,0,0.0,0.0,0.0,0.0,0.0,1.9985411637124155,194995,114639,3,1.7009481938956201,0.15270729568023056,0.0897777464524011,0.04766234376468377,0.0,0.0,0.0,0.03845033361526173,0.44885192494439746,0.0,0.0,0.0,0.0,0.0,0.0,0.0,0.0,0.0,1.0,0.0,0.0,0.0,1.0,0,0.0,0.0,0.0,0.0,0.15270729568023056,4,benign
1367616,170685292,193445,1132165,56173,324050,591313,75201,896288,0,0.17086290425865489,0.2369451658945201,999.0,124.8049832701577,0,0,0,0,0,71358,108,0,0,0,0,0,0,0,0,0,0,0,0,0,0,0,0.0,0.0,0.0,0.0,0.0,2.0011115571062463,205781,118277,3,1.7398226197823752,0.15046694393747953,0.08648407155224859,0.0549869261547101,0.0,0.0,0.0,0.041073663952454494,0.4323677114043708,0.0,0.0,0.0,0.0,0.0,0.0,0.0,0.0,0.0,1.0,0.0,0.0,0.0,1.0,0,0.0,0.0,0.0,0.0,0.15046694393747953,4,benign
1544688,194485106,190163,1312804,59297,372557,683367,71045,1016857,0,0.14485254462966293,0.24118592233512529,999.0,125.90575313590836,0,0,0,0,0,67028,108,0,0,0,0,0,0,0,0,0,0,0,0,0,0,0,0.0,0.0,0.0,0.0,0.0,2.00154189163779,235888,136662,3,1.7260686950286108,0.15270915550583677,0.0884722351698207,0.04599310669856955,0.0,0.0,0.0,0.03838768735175,0.4423980765047699,0.0,0.0,0.0,0.0,0.0,0.0,0.0,0.0,0.0,1.0,0.0,0.0,0.0,1.0,0,0.0,0.0,0.0,0.0,0.15270915550583677,4,benign
1274127,159368531,167913,1057001,49213,282232,525878,65379,832670,0,0.15885793863960393,0.22151010064145882,999.0,125.08056967633524,0,0,0,0,0,65368,108,0,0,0,0,0,0,0,0,0,0,0,0,0,0,0,0.0,0.0,0.0,0.0,0.0,1.9998441120409276,177057,105181,3,1.6833553588575882,0.13896338434080746,0.08255142540735735,0.0513127812219661,0.0,0.0,0.0,0.03862487805375759,0.41273593605660974,0.0,0.0,0.0,0.0,0.0,0.0,0.0,0.0,0.0,1.0,0.0,0.0,0.0,1.0,0,0.0,0.0,0.0,0.0,0.13896338434080746,4,benign
1276716,159918991,158031,1071356,47329,286811,527371,60330,838385,0,0.1475055910453668,0.2246474548764173,999.0,125.25807697248253,0,0,0,0,0,60342,108,0,0,0,0,0,0,0,0,0,0,0,0,0,0,0,0.0,0.0,0.0,0.0,0.0,2.00016039722722,181324,105476,3,1.7191019758049224,0.142023754695641,0.08261508432572319,0.04725404866861542,0.0,0.0,0.0,0.037070891255377075,0.41306837229266335,0.0,0.0,0.0,0.0,0.0,0.0,0.0,0.0,0.0,1.0,0.0,0.0,0.0,1.0,0,0.0,0.0,0.0,0.0,0.142023754695641,4,benign
1274515,170847276,168481,1070000,50504,307091,561555,64242,838059,0,0.15745887850467288,0.24094734075314925,999.0,134.04885466236175,0,0,0,0,0,64170,108,0,0,0,0,0,0,0,0,0,0,0,0,0,0,0,0.0,0.0,0.0,0.0,0.0,2.0006449679470473,194781,112305,3,1.7343929477761453,0.1528275461646195,0.0881158715276007,0.05040505604092537,0.0,0.0,0.0,0.03962605383224207,0.4406028960035778,0.0,0.0,0.0,0.0,0.0,0.0,0.0,0.0,0.0,1.0,0.0,0.0,0.0,1.0,0,0.0,0.0,0.0,0.0,0.1528275461646195,4,benign
1275809,159790127,154554,1073875,47380,288157,523507,58409,840251,0,0.14392177860551741,0.22586217842952983,999.0,125.24611991293368,0,0,0,0,0,58405,108,0,0,0,0,0,0,0,0,0,0,0,0,0,0,0,0.0,0.0,0.0,0.0,0.0,2.0000763501835874,183454,104706,3,1.752086795408095,0.14379425133385954,0.0820702785448292,0.04578193130789954,0.0,0.0,0.0,0.03713722038330189,0.4103333649472609,0.0,0.0,0.0,0.0,0.0,0.0,0.0,0.0,0.0,1.0,0.0,0.0,0.0,1.0,0,0.0,0.0,0.0,0.0,0.14379425133385954,4,benign
1272044,159230900,154489,1070634,46921,287316,521743,58591,837624,0,0.14429674379853433,0.22586954539308388,999.0,125.1771951284704,0,0,0,0,0,58591,108,0,0,0,0,0,0,0,0,0,0,0,0,0,0,0,0.0,0.0,0.0,0.0,0.0,1.999930392655033,182966,104344,3,1.7534884612435788,0.14383621950184114,0.08202860907327104,0.04606051363003166,0.0,0.0,0.0,0.0368863026750647,0.41016112650191344,0.0,0.0,0.0,0.0,0.0,0.0,0.0,0.0,0.0,1.0,0.0,0.0,0.0,1.0,0,0.0,0.0,0.0,0.0,0.14383621950184114,4,benign
1454293,194105049,189531,1218299,60766,346409,635739,69745,957751,0,0.15557018433077593,0.23819752965874139,999.0,133.47038664148147,0,0,0,0,0,65511,108,0,0,0,0,0,0,0,0,0,0,0,0,0,0,0,0.0,0.0,0.0,0.0,0.0,2.000629511983829,219264,127148,3,1.7244785604177808,0.1507701680472917,0.08742942446948448,0.04795801121232104,0.0,0.0,0.0,0.04178387711417163,0.4371464347280775,0.0,0.0,0.0,0.0,0.0,0.0,0.0,0.0,0.0,1.0,0.0,0.0,0.0,1.0,0,0.0,0.0,0.0,0.0,0.1507701680472917,4,benign
1453499,170010226,153940,1237528,47092,313460,550622,58179,963624,0,0.12439314504399092,0.2156589031021005,999.0,116.96618023129015,0,0,0,0,0,58051,108,0,0,0,0,0,0,0,0,0,0,0,0,0,0,0,0.0,0.0,0.0,0.0,0.0,2.0000638060296696,203333,110125,3,1.846383654937571,0.13989208110910292,0.07576544600305883,0.04002685932360463,0.0,0.0,0.0,0.03239905909807987,0.37882516603038596,0.0,0.0,0.0,0.0,0.0,0.0,0.0,0.0,0.0,1.0,0.0,0.0,0.0,1.0,0,0.0,0.0,0.0,0.0,0.13989208110910292,4,benign
1457461,171722991,179899,1209259,53447,302388,570704,68990,952101,0,0.14876796451380556,0.20747587757065197,999.0,117.82338669782588,0,0,0,0,0,69041,108,0,0,0,0,0,0,0,0,0,0,0,0,0,0,0,0.0,0.0,0.0,0.0,0.0,2.00019844025956,188243,114139,3,1.6492434662998625,0.1291581730145781,0.07831358780783843,0.04733574346071696,0.0,0.0,0.0,0.03667130715676097,0.3915741141615453,0.0,0.0,0.0,0.0,0.0,0.0,0.0,0.0,0.0,1.0,0.0,0.0,0.0,1.0,0,0.0,0.0,0.0,0.0,0.1291581730145781,4,benign
1282192,160274906,151311,1085351,45530,291838,524658,57799,845833,0,0.13941204274009053,0.22760865767373373,999.0,125.00070660244332,0,0,0,0,0,57798,108,0,0,0,0,0,0,0,0,0,0,0,0,0,0,0,0.0,0.0,0.0,0.0,0.0,1.9998218348271797,186913,104925,3,1.7813962354062425,0.14577613961091632,0.08183251806281742,0.045078272208842356,0.0,0.0,0.0,0.035509502477008126,0.4091883274891748,0.0,0.0,0.0,0.0,0.0,0.0,0.0,0.0,0.0,1.0,0.0,0.0,0.0,1.0,0,0.0,0.0,0.0,0.0,0.14577613961091632,4,benign
1260801,158658528,155733,1055641,49427,282720,518635,56804,830497,0,0.1475245845888896,0.22423840082614147,999.0,125.8394687186955,0,0,0,0,0,56805,108,0,0,0,0,0,0,0,0,0,0,0,0,0,0,0,0.0,0.0,0.0,0.0,0.0,2.000141492748497,178993,103735,3,1.7254832023907072,0.14196768562207676,0.08227706037669703,0.04505389827577865,0.0,0.0,0.0,0.039202855962201806,0.4113535760203236,0.0,0.0,0.0,0.0,0.0,0.0,0.0,0.0,0.0,1.0,0.0,0.0,0.0,1.0,0,0.0,0.0,0.0,0.0,0.14196768562207676,4,benign
1638787,193815680,200326,1378891,59971,370629,637972,72999,1077656,0,0.14528051890976154,0.2261605687621393,999.0,118.26776756222743,0,0,0,0,0,72997,108,0,0,0,0,0,0,0,0,0,0,0,0,0,0,0,0.0,0.0,0.0,0.0,0.0,2.001549918723774,222366,127592,3,1.7427895165841119,0.13568938489260654,0.07785758612925292,0.0445445320227705,0.0,0.0,0.0,0.03659474965324963,0.3892952531353983,0.0,0.0,0.0,0.0,0.0,0.0,0.0,0.0,0.0,1.0,0.0,0.0,0.0,1.0,0,0.0,0.0,0.0,0.0,0.13568938489260654,4,benign
1358693,182028942,190502,1139666,57525,346831,598819,67596,893398,0,0.1671559913167542,0.2552681142833591,999.0,133.97356282839465,0,0,0,0,0,67423,108,0,0,0,0,0,0,0,0,0,0,0,0,0,0,0,0.0,0.0,0.0,0.0,0.0,2.0007095307867138,206421,119770,3,1.723478333472489,0.1519261525598498,0.08815089207054132,0.049750753113470075,0.0,0.0,0.0,0.04233848264471812,0.4407316443081697,0.0,0.0,0.0,0.0,0.0,0.0,0.0,0.0,0.0,1.0,0.0,0.0,0.0,1.0,0,0.0,0.0,0.0,0.0,0.1519261525598498,4,benign
1360575,159071793,155919,1142322,47534,285528,522591,58870,894708,0,0.13649303786498027,0.2098583319552395,999.0,116.91512265035004,0,0,0,0,0,58868,108,0,0,0,0,0,0,0,0,0,0,0,0,0,0,0,0.0,0.0,0.0,0.0,0.0,1.9999719821245956,181011,104526,3,1.7317318179209,0.13304007496830383,0.07682487183727468,0.04326847105084247,0.0,0.0,0.0,0.03493669955717252,0.38409569483490436,0.0,0.0,0.0,0.0,0.0,0.0,0.0,0.0,0.0,1.0,0.0,0.0,0.0,1.0,0,0.0,0.0,0.0,0.0,0.13304007496830383,4,benign
1457734,182849197,168669,1222309,52272,306645,599501,67563,958510,0,0.13799211165098188,0.21035730798623067,999.0,125.4338562453781,0,0,0,0,0,67490,108,0,0,0,0,0,0,0,0,0,0,0,0,0,0,0,0.0,0.0,0.0,0.0,0.0,1.9989635076465757,207576,119899,3,1.731257141427368,0.1423963494025659,0.0822502596495657,0.04634796197385806,0.0,0.0,0.0,0.03585839391823199,0.4112554142250918,0.0,0.0,0.0,0.0,0.0,0.0,0.0,0.0,0.0,1.0,0.0,0.0,0.0,1.0,0,0.0,0.0,0.0,0.0,0.1423963494025659,4,benign
1272334,159612694,157282,1066908,48144,285810,523780,58977,836872,0,0.14741852155949717,0.2246344120333183,999.0,125.44873751703562,0,0,0,0,0,58977,108,0,0,0,0,0,0,0,0,0,0,0,0,0,0,0,0.0,0.0,0.0,0.0,0.0,2.0,181051,104750,3,1.7284105011933175,0.14229832732600087,0.08232901109299917,0.04635339462751133,0.0,0.0,0.0,0.03783912085977424,0.41166863417939,0.0,0.0,0.0,0.0,0.0,0.0,0.0,0.0,0.0,1.0,0.0,0.0,0.0,1.0,0,0.0,0.0,0.0,0.0,0.14229832732600087,4,benign
1274011,159719514,166166,1071465,50794,306829,527663,58875,837080,0,0.15508299384487595,0.24083701004151456,999.0,125.36745287128603,0,0,0,0,0,58875,108,0,0,0,0,0,0,0,0,0,0,0,0,0,0,0,0.0,0.0,0.0,0.0,0.0,2.0006846546080514,181264,105531,3,1.7176374714538856,0.14227820638911282,0.08283366470148217,0.04621231684812768,0.0,0.0,0.0,0.03986935748592438,0.41417460288804414,0.0,0.0,0.0,0.0,0.0,0.0,0.0,0.0,0.0,1.0,0.0,0.0,0.0,1.0,0,0.0,0.0,0.0,0.0,0.14227820638911282,4,benign
1274886,159794895,155384,1072175,47327,286844,529207,58938,837187,0,0.14492410287499707,0.22499580354635632,999.0,125.34053633030717,0,0,0,0,0,58939,108,0,0,0,0,0,0,0,0,0,0,0,0,0,0,0,0.0,0.0,0.0,0.0,0.0,2.000013944959246,180997,105842,3,1.7100678369645321,0.1419711252613959,0.0830207563656672,0.04623001586024162,0.0,0.0,0.0,0.037122534877628274,0.41510142867676014,0.0,0.0,0.0,0.0,0.0,0.0,0.0,0.0,0.0,1.0,0.0,0.0,0.0,1.0,0,0.0,0.0,0.0,0.0,0.1419711252613959,4,benign
1265281,158553299,155837,1062805,46639,284667,522083,59295,831502,0,0.14662802677819545,0.22498322507016227,999.0,125.31074046002429,0,0,0,0,0,59297,108,0,0,0,0,0,0,0,0,0,0,0,0,0,0,0,0.0,0.0,0.0,0.0,0.0,1.999964871852518,180250,104412,3,1.7263341378385626,0.14245847365130748,0.08252079972749136,0.046863107878803205,0.0,0.0,0.0,0.036860586699713344,0.4126221764177285,0.0,0.0,0.0,0.0,0.0,0.0,0.0,0.0,0.0,1.0,0.0,0.0,0.0,1.0,0,0.0,0.0,0.0,0.0,0.14245847365130748,4,benign
1458627,182789568,182376,1220232,56020,327565,593666,68415,960253,0,0.14946010266900064,0.22457077786164661,999.0,125.31618295835742,0,0,0,0,0,68524,108,0,0,0,0,0,0,0,0,0,0,0,0,0,0,0,0.0,0.0,0.0,0.0,0.0,1.999200478492261,208833,118729,3,1.7589047326264013,0.14317094089167415,0.08139778024128169,0.0469036977925131,0.0,0.0,0.0,0.03840598041857171,0.40700329830724374,0.0,0.0,0.0,0.0,0.0,0.0,0.0,0.0,0.0,1.0,0.0,0.0,0.0,1.0,0,0.0,0.0,0.0,0.0,0.14317094089167415,4,benign
1276092,160155597,159192,1083908,47979,309271,542878,56779,835547,0,0.14686855341966293,0.24235791776768445,999.0,125.50474182112262,0,0,0,0,0,60992,108,0,0,0,0,0,0,0,0,0,0,0,0,0,0,0,0.0,0.0,0.0,0.0,0.0,2.000342800225084,180350,108592,3,1.6608037424487991,0.14132993545919886,0.08509731273293775,0.044494440839688676,0.0,0.0,0.0,0.03759838632324315,0.42542230497487643,0.0,0.0,0.0,0.0,0.0,0.0,0.0,0.0,0.0,1.0,0.0,0.0,0.0,1.0,0,0.0,0.0,0.0,0.0,0.14132993545919886,4,benign
1540769,181846893,175508,1297262,54283,326554,602488,66767,1011863,0,0.13529109771195025,0.2119422184636373,999.0,118.02346295908082,0,0,0,0,0,66478,108,0,0,0,0,0,0,0,0,0,0,0,0,0,0,0,0.0,0.0,0.0,0.0,0.0,2.0001470002756254,206049,120497,3,1.7099927799032342,0.13373127314996602,0.07820575310121115,0.04333355616578475,0.0,0.0,0.0,0.03523110862173369,0.3910307125857283,0.0,0.0,0.0,0.0,0.0,0.0,0.0,0.0,0.0,1.0,0.0,0.0,0.0,1.0,0,0.0,0.0,0.0,0.0,0.13373127314996602,4,benign
1545846,193270372,188445,1299710,56388,346978,639999,71447,1015069,0,0.1449900362388533,0.22445832249784262,999.0,125.02563127245534,0,0,0,0,0,71768,108,0,0,0,0,0,0,0,0,0,0,0,0,0,0,0,0.0,0.0,0.0,0.0,0.0,2.0005996413683356,218982,128006,3,1.7107166851553834,0.14165835406631708,0.08280643738121392,0.046218704838644986,0.0,0.0,0.0,0.036477113502897444,0.41401213316203556,0.0,0.0,0.0,0.0,0.0,0.0,0.0,0.0,0.0,1.0,0.0,0.0,0.0,1.0,0,0.0,0.0,0.0,0.0,0.14165835406631708,4,benign
1363362,159677778,153571,1149203,46629,287132,529796,58156,896036,0,0.1336326132110689,0.2106058405617877,999.0,117.12060186509525,0,0,0,0,0,62316,108,0,0,0,0,0,0,0,0,0,0,0,0,0,0,0,0.0,0.0,0.0,0.0,0.0,1.9999721386381366,181174,105958,3,1.7098661733894562,0.13288767033260426,0.07771817022918344,0.04265631578406909,0.0,0.0,0.0,0.034201481338045216,0.3885952520313754,0.0,0.0,0.0,0.0,0.0,0.0,0.0,0.0,0.0,1.0,0.0,0.0,0.0,1.0,0,0.0,0.0,0.0,0.0,0.13288767033260426,4,benign
1446587,169361328,180066,1211790,54716,325596,546864,64076,954075,0,0.14859505359839575,0.2250787543369324,999.0,117.07648969609156,0,0,0,0,0,64041,108,0,0,0,0,0,0,0,0,0,0,0,0,0,0,0,0.0,0.0,0.0,0.0,0.0,1.9998525889073153,195982,109363,3,1.7920320400866838,0.13547888927523888,0.07560070704354456,0.044294605163740584,0.0,0.0,0.0,0.03782420276139631,0.37803740805081204,0.0,0.0,0.0,0.0,0.0,0.0,0.0,0.0,0.0,1.0,0.0,0.0,0.0,1.0,0,0.0,0.0,0.0,0.0,0.13547888927523888,4,benign
1540100,182056425,174383,1298544,52847,326007,612861,66428,1009050,0,0.13429117534715804,0.21167911174599052,999.0,118.2107817674177,0,0,0,0,0,70307,108,0,0,0,0,0,0,0,0,0,0,0,0,0,0,0,0.0,0.0,0.0,0.0,0.0,2.0006934770201354,203441,122584,3,1.659604842393787,0.13209596779429908,0.07959483150444777,0.04313226413869229,0.0,0.0,0.0,0.03431400558405298,0.39793584832153756,0.0,0.0,0.0,0.0,0.0,0.0,0.0,0.0,0.0,1.0,0.0,0.0,0.0,1.0,0,0.0,0.0,0.0,0.0,0.13209596779429908,4,benign
1362930,170466906,175087,1136456,51387,304306,559059,67613,893929,0,0.15406403767501778,0.22327338894880883,999.0,125.07385265567564,0,0,0,0,0,67557,108,0,0,0,0,0,0,0,0,0,0,0,0,0,0,0,0.0,0.0,0.0,0.0,0.0,2.0006048373842096,192488,111807,3,1.7216095593299168,0.1412310243372734,0.08203429376416985,0.0496085639027683,0.0,0.0,0.0,0.037703330325108406,0.41018907794237414,0.0,0.0,0.0,0.0,0.0,0.0,0.0,0.0,0.0,1.0,0.0,0.0,0.0,1.0,0,0.0,0.0,0.0,0.0,0.1412310243372734,4,benign
1634318,193297348,188893,1374164,56260,347020,641374,71933,1072925,0,0.13746030313703458,0.21233321789272344,999.0,118.27401276862886,0,0,0,0,0,71981,108,0,0,0,0,0,0,0,0,0,0,0,0,0,0,0,0.0,0.0,0.0,0.0,0.0,2.001130256268309,218758,128278,3,1.7053430829916276,0.13385277528608264,0.07849023262302686,0.044014078043563123,0.0,0.0,0.0,0.03442414511741289,0.3924413730987482,0.0,0.0,0.0,0.0,0.0,0.0,0.0,0.0,0.0,1.0,0.0,0.0,0.0,1.0,0,0.0,0.0,0.0,0.0,0.13385277528608264,4,benign
1456605,182522086,181681,1221056,54023,327179,602512,69528,956323,0,0.14879006368258293,0.22461751813291866,999.0,125.30650794141171,0,0,0,0,0,69426,108,0,0,0,0,0,0,0,0,0,0,0,0,0,0,0,0.0,0.0,0.0,0.0,0.0,2.0003240341642057,206668,120502,3,1.715058671225374,0.14188335204121913,0.08272798734042516,0.047732913178246676,0.0,0.0,0.0,0.03708829778835031,0.4136413097579646,0.0,0.0,0.0,0.0,0.0,0.0,0.0,0.0,0.0,1.0,0.0,0.0,0.0,1.0,0,0.0,0.0,0.0,0.0,0.14188335204121913,4,benign
1468883,172456954,174418,1228351,51483,308194,567402,67173,962969,0,0.14199361583130554,0.2098152133287675,999.0,117.40686902905132,0,0,0,0,0,67156,108,0,0,0,0,0,0,0,0,0,0,0,0,0,0,0,0.0,0.0,0.0,0.0,0.0,1.9992086041593689,194709,113475,3,1.7158757435558494,0.13255582643409994,0.07725257900050583,0.04573066745275151,0.0,0.0,0.0,0.035049081512959164,0.38628127631676584,0.0,0.0,0.0,0.0,0.0,0.0,0.0,0.0,0.0,1.0,0.0,0.0,0.0,1.0,0,0.0,0.0,0.0,0.0,0.13255582643409994,4,benign
1276512,159824466,154586,1074816,47110,288334,524492,58577,840426,0,0.14382554781469573,0.22587645082850769,999.0,125.2040450853576,0,0,0,0,0,58574,108,0,0,0,0,0,0,0,0,0,0,0,0,0,0,0,0.0,0.0,0.0,0.0,0.0,2.000027745985503,183437,104898,3,1.74871780205533,0.14370174350104034,0.08217549071219071,0.04588832694091399,0.0,0.0,0.0,0.0369052543180166,0.41087902033040036,0.0,0.0,0.0,0.0,0.0,0.0,0.0,0.0,0.0,1.0,0.0,0.0,0.0,1.0,0,0.0,0.0,0.0,0.0,0.14370174350104034,4,benign
1538360,181295025,179205,1303736,55067,352250,582939,62476,1019227,0,0.13745497554719668,0.2289776125224265,999.0,117.84954431992512,0,0,0,0,0,62553,108,0,0,0,0,0,0,0,0,0,0,0,0,0,0,0,0.0,0.0,0.0,0.0,0.0,1.9986495994189872,215263,116596,3,1.8462297162852928,0.1399301853922359,0.0757924022985517,0.040612080397306224,0.0,0.0,0.0,0.03579591253022699,0.3789353597337424,0.0,0.0,0.0,0.0,0.0,0.0,0.0,0.0,0.0,1.0,0.0,0.0,0.0,1.0,0,0.0,0.0,0.0,0.0,0.1399301853922359,4,benign
1272320,159585295,164834,1059117,48369,281682,535260,63963,829246,0,0.15563341915954518,0.22139241700201207,999.0,125.42858321805835,0,0,0,0,0,63955,108,0,0,0,0,0,0,0,0,0,0,0,0,0,0,0,0.0,0.0,0.0,0.0,0.0,2.000099407813454,174625,107044,3,1.6313385150031763,0.13724927691146882,0.08413292253521126,0.05027273013078471,0.0,0.0,0.0,0.038016379527162976,0.4206960513078471,0.0,0.0,0.0,0.0,0.0,0.0,0.0,0.0,0.0,1.0,0.0,0.0,0.0,1.0,0,0.0,0.0,0.0,0.0,0.13724927691146882,4,benign
1275604,159640524,154571,1074008,47025,288210,523358,58639,840003,0,0.14391978458261018,0.22594002527430143,999.0,125.14896786149934,0,0,0,0,0,58636,108,0,0,0,0,0,0,0,0,0,0,0,0,0,0,0,0.0,0.0,0.0,0.0,0.0,1.9999722428473288,183542,104672,3,1.7534966371140324,0.14388634717357424,0.08205681387013525,0.045969595579819444,0.0,0.0,0.0,0.03686488910351488,0.41028250146597217,0.0,0.0,0.0,0.0,0.0,0.0,0.0,0.0,0.0,1.0,0.0,0.0,0.0,1.0,0,0.0,0.0,0.0,0.0,0.14388634717357424,4,benign
1461325,171515202,155269,1230842,46396,288807,560897,62899,963201,0,0.12614860396379063,0.1976336543889963,999.0,117.36964877765043,0,0,0,0,0,62974,108,0,0,0,0,0,0,0,0,0,0,0,0,0,0,0,0.0,0.0,0.0,0.0,0.0,2.0000207753355217,197511,112179,3,1.760677132083545,0.13515884556823432,0.07676526440045849,0.04304244435700477,0.0,0.0,0.0,0.03174926864318341,0.38382769062323574,0.0,0.0,0.0,0.0,0.0,0.0,0.0,0.0,0.0,1.0,0.0,0.0,0.0,1.0,0,0.0,0.0,0.0,0.0,0.13515884556823432,4,benign
1265148,159114970,167000,1057202,55278,304708,547374,59722,837586,0,0.15796413551998578,0.24084771109783204,999.0,125.76787063647889,0,0,0,0,0,55604,108,0,0,0,0,0,0,0,0,0,0,0,0,0,0,0,0.0,0.0,0.0,0.0,0.0,2.001418756486213,195232,109475,3,1.7833477963005253,0.15431554252941157,0.08653137814706263,0.04720554433157227,0.0,0.0,0.0,0.04369291181743164,0.43265610031395535,0.0,0.0,0.0,0.0,0.0,0.0,0.0,0.0,0.0,1.0,0.0,0.0,0.0,1.0,0,0.0,0.0,0.0,0.0,0.15431554252941157,4,benign
1294712,161517928,154396,1096905,43411,293581,540457,61661,848361,0,0.14075603630214104,0.22675390357083275,999.0,124.75201280284728,0,0,0,0,0,61656,108,0,0,0,0,0,0,0,0,0,0,0,0,0,0,0,0.0,0.0,0.0,0.0,0.0,1.9998569492033433,185489,108091,3,1.71604481409183,0.14326661064391155,0.08348652055437812,0.04762526337903719,0.0,0.0,0.0,0.03352946446777353,0.4174341475169768,0.0,0.0,0.0,0.0,0.0,0.0,0.0,0.0,0.0,1.0,0.0,0.0,0.0,1.0,0,0.0,0.0,0.0,0.0,0.14326661064391155,4,benign
1232649,154485890,150843,1035857,45949,277237,510357,57399,809525,0,0.14562145160963338,0.22491155227481627,999.0,125.32837003883506,0,0,0,0,0,57398,108,0,0,0,0,0,0,0,0,0,0,0,0,0,0,0,0.0,0.0,0.0,0.0,0.0,2.0000793576360083,175162,102068,3,1.7161304228553513,0.14210209070059684,0.08280378274756237,0.046565567326951954,0.0,0.0,0.0,0.03727662943790162,0.41403270517397894,0.0,0.0,0.0,0.0,0.0,0.0,0.0,0.0,0.0,1.0,0.0,0.0,0.0,1.0,0,0.0,0.0,0.0,0.0,0.14210209070059684,4,benign
1450278,170487802,166515,1218944,50590,306553,560298,62791,954970,0,0.13660594744303267,0.2113753363148307,999.0,117.55525630258475,0,0,0,0,0,62840,108,0,0,0,0,0,0,0,0,0,0,0,0,0,0,0,0.0,0.0,0.0,0.0,0.0,2.000685271236882,194496,112059,3,1.7356571092014028,0.13410946039311084,0.07726725496766827,0.043295837073995466,0.0,0.0,0.0,0.034882967265586325,0.386338343407264,0.0,0.0,0.0,0.0,0.0,0.0,0.0,0.0,0.0,1.0,0.0,0.0,0.0,1.0,0,0.0,0.0,0.0,0.0,0.13410946039311084,4,benign
1267643,159640979,164407,1051002,52234,280411,524461,60233,831312,0,0.1564288174522979,0.22120660154317895,999.0,125.93528225217983,0,0,0,0,0,60236,108,0,0,0,0,0,0,0,0,0,0,0,0,0,0,0,0.0,0.0,0.0,0.0,0.0,2.0000356625749807,175515,104895,3,1.6732446732446733,0.138457751906491,0.08274806077105305,0.04751574378590818,0.0,0.0,0.0,0.041205607572479,0.41372925973637686,0.0,0.0,0.0,0.0,0.0,0.0,0.0,0.0,0.0,1.0,0.0,0.0,0.0,1.0,0,0.0,0.0,0.0,0.0,0.138457751906491,4,benign
1642557,194739779,179312,1378363,54504,329498,636885,71770,1081055,0,0.13009054944162024,0.20060064886637116,999.0,118.55891698126761,0,0,0,0,0,71671,108,0,0,0,0,0,0,0,0,0,0,0,0,0,0,0,0.0,0.0,0.0,0.0,0.0,2.0006800531898743,222331,127376,3,1.745470104258259,0.13535664211348525,0.07754738496137424,0.0436940696730768,0.0,0.0,0.0,0.033182410108142366,0.38773996884126394,0.0,0.0,0.0,0.0,0.0,0.0,0.0,0.0,0.0,1.0,0.0,0.0,0.0,1.0,0,0.0,0.0,0.0,0.0,0.13535664211348525,4,benign
1268224,158726197,152434,1070115,45675,287232,521085,58121,835225,0,0.14244637258612391,0.22648364957610012,999.0,125.15627917465685,0,0,0,0,0,58117,108,0,0,0,0,0,0,0,0,0,0,0,0,0,0,0,0.0,0.0,0.0,0.0,0.0,1.999986074072011,183014,104217,3,1.7560858593127802,0.14430731479612435,0.08217554627573678,0.04582865487484861,0.0,0.0,0.0,0.03601493111626968,0.4108777313786839,0.0,0.0,0.0,0.0,0.0,0.0,0.0,0.0,0.0,1.0,0.0,0.0,0.0,1.0,0,0.0,0.0,0.0,0.0,0.14430731479612435,4,benign
1544948,182204461,178613,1296085,55738,326505,599044,67116,1016005,0,0.13780963439897848,0.21133721005496625,999.0,117.93565932316169,0,0,0,0,0,67355,108,0,0,0,0,0,0,0,0,0,0,0,0,0,0,0,0.0,0.0,0.0,0.0,0.0,2.0006801595617567,206697,119810,3,1.7252065770803773,0.13378896894911674,0.07754953564780173,0.04344223883263385,0.0,0.0,0.0,0.03607758966644832,0.387743794613152,0.0,0.0,0.0,0.0,0.0,0.0,0.0,0.0,0.0,1.0,0.0,0.0,0.0,1.0,0,0.0,0.0,0.0,0.0,0.13378896894911674,4,benign
1269248,159172746,156795,1064819,47634,285171,523232,58988,834573,0,0.14725037776373262,0.22467713165590963,999.0,125.40712768505446,0,0,0,0,0,58985,108,0,0,0,0,0,0,0,0,0,0,0,0,0,0,0,0.0,0.0,0.0,0.0,0.0,1.9999929866887352,180525,104651,3,1.7250193500301,0.14222988730334812,0.08245118369302137,0.046474763009277935,0.0,0.0,0.0,0.03752930869302138,0.41223779749899153,0.0,0.0,0.0,0.0,0.0,0.0,0.0,0.0,0.0,1.0,0.0,0.0,0.0,1.0,0,0.0,0.0,0.0,0.0,0.14222988730334812,4,benign
1275810,160002512,155000,1073672,47138,287354,529072,58650,838278,0,0.1443643868891058,0.22523259733032347,999.0,125.41249245577319,0,0,0,0,0,58651,108,0,0,0,0,0,0,0,0,0,0,0,0,0,0,0,0.0,0.0,0.0,0.0,0.0,2.0,181536,105808,3,1.7157114773930138,0.14229077997507467,0.08293397919752941,0.04597079502433748,0.0,0.0,0.0,0.036947507857753116,0.4146949780923492,0.0,0.0,0.0,0.0,0.0,0.0,0.0,0.0,0.0,1.0,0.0,0.0,0.0,1.0,0,0.0,0.0,0.0,0.0,0.14229077997507467,4,benign
1462089,171912843,166845,1230683,49844,308619,569527,63316,960072,0,0.13557106094745763,0.2110808575948523,999.0,117.58028615221097,0,0,0,0,0,63296,108,0,0,0,0,0,0,0,0,0,0,0,0,0,0,0,0.0,0.0,0.0,0.0,0.0,1.9994493106665285,194718,113915,3,1.7093271298775403,0.13317793923625718,0.07791249369908398,0.04330516131370936,0.0,0.0,0.0,0.034090947951868865,0.389529638756601,0.0,0.0,0.0,0.0,0.0,0.0,0.0,0.0,0.0,1.0,0.0,0.0,0.0,1.0,0,0.0,0.0,0.0,0.0,0.13317793923625718,4,benign
1277360,159679837,164034,1064982,48344,285214,523393,63444,837787,0,0.15402513845304427,0.22328396066887957,999.0,125.00770103964426,0,0,0,0,0,63440,108,0,0,0,0,0,0,0,0,0,0,0,0,0,0,0,0.0,0.0,0.0,0.0,0.0,1.9999579272140804,180536,104674,3,1.7247454000038214,0.14133525396129518,0.08194557524895096,0.04966806538485627,0.0,0.0,0.0,0.037846809043652535,0.40974588213189705,0.0,0.0,0.0,0.0,0.0,0.0,0.0,0.0,0.0,1.0,0.0,0.0,0.0,1.0,0,0.0,0.0,0.0,0.0,0.14133525396129518,4,benign
1275094,183389065,168804,1084215,52559,331120,612499,63180,838583,0,0.15569236728877575,0.25968281554144246,999.0,143.82395729256038,0,0,0,0,0,58694,108,0,0,0,0,0,0,0,0,0,0,0,0,0,0,0,0.0,0.0,0.0,0.0,0.0,1.9996255835160124,208616,122495,3,1.7030572676435773,0.16360833005252945,0.09606742718576042,0.04954928813091427,0.0,0.0,0.0,0.0412197061549972,0.48035595807054227,0.0,0.0,0.0,0.0,0.0,0.0,0.0,0.0,0.0,1.0,0.0,0.0,0.0,1.0,0,0.0,0.0,0.0,0.0,0.16360833005252945,4,benign
1272668,159384817,157738,1067402,47528,285652,526239,60299,835314,0,0.14777750088532718,0.22445131016101608,999.0,125.23676009768455,0,0,0,0,0,60283,108,0,0,0,0,0,0,0,0,0,0,0,0,0,0,0,0.0,0.0,0.0,0.0,0.0,1.9999859970453766,180398,105242,3,1.7141255392333858,0.14174788711588568,0.08269399403457932,0.047379992268211345,0.0,0.0,0.0,0.03734516778924275,0.41349275694839505,0.0,0.0,0.0,0.0,0.0,0.0,0.0,0.0,0.0,1.0,0.0,0.0,0.0,1.0,0,0.0,0.0,0.0,0.0,0.14174788711588568,4,benign
1278281,160175401,156821,1074359,47101,287565,529103,59745,839524,0,0.1459670370890922,0.22496227355331105,999.0,125.30531315102078,0,0,0,0,0,59762,108,0,0,0,0,0,0,0,0,0,0,0,0,0,0,0,0.0,0.0,0.0,0.0,0.0,1.9999374074151348,181752,105828,3,1.717428279850323,0.14218469960830207,0.08278930845408795,0.04673854966161587,0.0,0.0,0.0,0.03684714080863284,0.41391759714804494,0.0,0.0,0.0,0.0,0.0,0.0,0.0,0.0,0.0,1.0,0.0,0.0,0.0,1.0,0,0.0,0.0,0.0,0.0,0.14218469960830207,4,benign
1390223,185501970,180741,1169579,54155,332841,614626,68915,912289,0,0.15453509339685476,0.2394155470021716,999.0,133.4332477595321,0,0,0,0,0,68958,108,0,0,0,0,0,0,0,0,0,0,0,0,0,0,0,0.0,0.0,0.0,0.0,0.0,1.9979170918520475,209919,122943,3,1.7074497938068862,0.15099663866876034,0.08843401382368152,0.04957118390358957,0.0,0.0,0.0,0.038954182170774045,0.4421060506120241,0.0,0.0,0.0,0.0,0.0,0.0,0.0,0.0,0.0,1.0,0.0,0.0,0.0,1.0,0,0.0,0.0,0.0,0.0,0.15099663866876034,4,benign
1276691,171442158,166624,1073927,50817,307999,567676,63370,838661,0,0.15515393504400207,0.24124788222052165,999.0,134.28633710114664,0,0,0,0,0,63375,108,0,0,0,0,0,0,0,0,0,0,0,0,0,0,0,0.0,0.0,0.0,0.0,0.0,2.0016702302578135,194453,113528,3,1.712819744908745,0.15231015179084054,0.0889236314816976,0.04963612965079256,0.0,0.0,0.0,0.03980367998207867,0.444646355304455,0.0,0.0,0.0,0.0,0.0,0.0,0.0,0.0,0.0,1.0,0.0,0.0,0.0,1.0,0,0.0,0.0,0.0,0.0,0.15231015179084054,4,benign
1366998,194461435,189185,1149564,58173,348946,642682,71915,898036,0,0.1645710895609118,0.25526445539788645,999.0,142.25436686813,0,0,0,0,0,71840,108,0,0,0,0,0,0,0,0,0,0,0,0,0,0,0,0.0,0.0,0.0,0.0,0.0,1.9993124509405098,220407,128528,3,1.7148559068841032,0.16123432514166078,0.0940220834266034,0.05260797748058154,0.0,0.0,0.0,0.04255529269245456,0.4701411413915748,0.0,0.0,0.0,0.0,0.0,0.0,0.0,0.0,0.0,1.0,0.0,0.0,0.0,1.0,0,0.0,0.0,0.0,0.0,0.16123432514166078,4,benign
1275673,159817042,159633,1067865,48175,285848,525841,60935,837404,0,0.14948799707828236,0.22407623270226776,999.0,125.28057111814705,0,0,0,0,0,60936,108,0,0,0,0,0,0,0,0,0,0,0,0,0,0,0,0.0,0.0,0.0,0.0,0.0,2.0,180680,105180,3,1.717817075489637,0.14163504283621273,0.0824505966654464,0.04776694340947876,0.0,0.0,0.0,0.03776438005664461,0.4122067332302244,0.0,0.0,0.0,0.0,0.0,0.0,0.0,0.0,0.0,1.0,0.0,0.0,0.0,1.0,0,0.0,0.0,0.0,0.0,0.14163504283621273,4,benign
1363782,158524348,149579,1152525,46039,291315,501997,55674,906606,0,0.1297837357107221,0.21360818664566625,999.0,116.23877423224533,0,0,0,0,0,55674,108,0,0,0,0,0,0,0,0,0,0,0,0,0,0,0,0.0,0.0,0.0,0.0,0.0,1.9999656734862008,190911,100393,3,1.9016365682866336,0.13998644944719904,0.07361367139322854,0.04082324007795968,0.0,0.0,0.0,0.03375832794390892,0.36809182112683697,0.0,0.0,0.0,0.0,0.0,0.0,0.0,0.0,0.0,1.0,0.0,0.0,0.0,1.0,0,0.0,0.0,0.0,0.0,0.13998644944719904,4,benign
1278950,160589661,166698,1063567,48685,281517,547355,65170,829737,0,0.15673483663934665,0.2201157199265022,999.0,125.56367410766644,0,0,0,0,0,65170,108,0,0,0,0,0,0,0,0,0,0,0,0,0,0,0,0.0,0.0,0.0,0.0,0.0,1.999950270669641,172056,109467,3,1.5717613527364411,0.1345291059071895,0.08559130536768443,0.05095586223073615,0.0,0.0,0.0,0.03806638257945971,0.42797216466632787,0.0,0.0,0.0,0.0,0.0,0.0,0.0,0.0,0.0,1.0,0.0,0.0,0.0,1.0,0,0.0,0.0,0.0,0.0,0.1345291059071895,4,benign
1542389,216012015,212997,1295459,64635,386343,716127,81203,1013386,0,0.16441817147435775,0.25048350318888424,999.0,140.05028238660935,0,0,0,0,0,81001,108,0,0,0,0,0,0,0,0,0,0,0,0,0,0,0,0.0,0.0,0.0,0.0,0.0,2.0002122691572914,243128,143224,3,1.6975367256884322,0.1576307922320504,0.09285854606068897,0.052647548705287706,0.0,0.0,0.0,0.04190577085287823,0.4642972687175544,0.0,0.0,0.0,0.0,0.0,0.0,0.0,0.0,0.0,1.0,0.0,0.0,0.0,1.0,0,0.0,0.0,0.0,0.0,0.1576307922320504,4,benign
1447476,193636486,184959,1219650,59631,348752,626309,67305,958352,0,0.1516492436354692,0.24093801900687817,999.0,133.77526535845846,0,0,0,0,0,67281,108,0,0,0,0,0,0,0,0,0,0,0,0,0,0,0,0.0,0.0,0.0,0.0,0.0,1.9993579159787196,223473,125253,3,1.7841728341836123,0.1543880520298782,0.0865320046757252,0.04649818028070932,0.0,0.0,0.0,0.04119653797368661,0.43269042111924483,0.0,0.0,0.0,0.0,0.0,0.0,0.0,0.0,0.0,1.0,0.0,0.0,0.0,1.0,0,0.0,0.0,0.0,0.0,0.1543880520298782,4,benign
1464000,171387076,174512,1225711,49296,306430,573202,69535,955683,0,0.1423761392367369,0.2093101092896175,999.0,117.06767486338798,0,0,0,0,0,69455,108,0,0,0,0,0,0,0,0,0,0,0,0,0,0,0,0.0,0.0,0.0,0.0,0.0,1.9989562608043314,191796,114644,3,1.6729702383029204,0.13100819672131148,0.07830874316939891,0.04749658469945355,0.0,0.0,0.0,0.03367213114754098,0.39153142076502734,0.0,0.0,0.0,0.0,0.0,0.0,0.0,0.0,0.0,1.0,0.0,0.0,0.0,1.0,0,0.0,0.0,0.0,0.0,0.13100819672131148,4,benign
1271348,159263063,153818,1071196,46334,287274,523419,58248,836932,0,0.14359463627571425,0.22596016196981472,999.0,125.27102178160504,0,0,0,0,0,58249,108,0,0,0,0,0,0,0,0,0,0,0,0,0,0,0,0.0,0.0,0.0,0.0,0.0,2.000013924085884,182593,104686,3,1.744196931776933,0.14362157332217457,0.08234252148113656,0.04581593709983419,0.0,0.0,0.0,0.03644478144457694,0.41170395517199065,0.0,0.0,0.0,0.0,0.0,0.0,0.0,0.0,0.0,1.0,0.0,0.0,0.0,1.0,0,0.0,0.0,0.0,0.0,0.14362157332217457,4,benign
1462081,183199086,166779,1231152,50285,310296,600783,67085,962820,0,0.13546580763382587,0.21222900783198742,999.0,125.3002302881988,0,0,0,0,0,67068,108,0,0,0,0,0,0,0,0,0,0,0,0,0,0,0,0.0,0.0,0.0,0.0,0.0,2.000709251868234,210066,120156,3,1.7482772395885349,0.14367603436471713,0.08218149336459471,0.045883230819633115,0.0,0.0,0.0,0.03439275936148545,0.4109095186928768,0.0,0.0,0.0,0.0,0.0,0.0,0.0,0.0,0.0,1.0,0.0,0.0,0.0,1.0,0,0.0,0.0,0.0,0.0,0.14367603436471713,4,benign
1276409,159799922,154271,1075850,46289,288752,523976,58493,840812,0,0.14339452525909746,0.22622215919818806,999.0,125.19491949680706,0,0,0,0,0,58489,108,0,0,0,0,0,0,0,0,0,0,0,0,0,0,0,0.0,0.0,0.0,0.0,0.0,2.000041559017268,183962,104802,3,1.7553290967729624,0.1441246497008404,0.08210691087261215,0.045826220278923135,0.0,0.0,0.0,0.03626502163491483,0.4105079171331446,0.0,0.0,0.0,0.0,0.0,0.0,0.0,0.0,0.0,1.0,0.0,0.0,0.0,1.0,0,0.0,0.0,0.0,0.0,0.1441246497008404,4,benign
1547218,193735766,187703,1302272,57244,349261,635857,71071,1018759,0,0.14413501941222726,0.22573483503940622,999.0,125.21555850565338,0,0,0,0,0,71119,108,0,0,0,0,0,0,0,0,0,0,0,0,0,0,0,0.0,0.0,0.0,0.0,0.0,2.000681671067932,222087,127171,3,1.746365130414953,0.1435395658530343,0.08219333022237332,0.04593470344838284,0.0,0.0,0.0,0.03699801837879342,0.4109679437545323,0.0,0.0,0.0,0.0,0.0,0.0,0.0,0.0,0.0,1.0,0.0,0.0,0.0,1.0,0,0.0,0.0,0.0,0.0,0.1435395658530343,4,benign
1452722,159483015,156317,1220150,47467,286502,522982,58933,955687,0,0.12811293693398354,0.19721736161495454,999.0,109.78219852112105,0,0,0,0,0,58938,108,0,0,0,0,0,0,0,0,0,0,0,0,0,0,0,0.0,0.0,0.0,0.0,0.0,1.999986038589339,181904,104594,3,1.7391437367344207,0.12521597387524935,0.07199863428790917,0.04056729367353148,0.0,0.0,0.0,0.03267452410027521,0.36000143179493393,0.0,0.0,0.0,0.0,0.0,0.0,0.0,0.0,0.0,1.0,0.0,0.0,0.0,1.0,0,0.0,0.0,0.0,0.0,0.12521597387524935,4,benign
1360874,204790680,201590,1140103,62985,366540,671278,75931,894417,0,0.1768173577299595,0.2693416142861132,999.0,150.48467381991279,0,0,0,0,0,75831,108,0,0,0,0,0,0,0,0,0,0,0,0,0,0,0,0.0,0.0,0.0,0.0,0.0,1.998124747876713,232286,134249,3,1.730262422811343,0.1706888367328643,0.09864910344381625,0.05579576066557227,0.0,0.0,0.0,0.046282756522646476,0.4932697663413365,0.0,0.0,0.0,0.0,0.0,0.0,0.0,0.0,0.0,1.0,0.0,0.0,0.0,1.0,0,0.0,0.0,0.0,0.0,0.1706888367328643,4,benign
1274805,159908782,158526,1067960,48319,286251,523107,59403,838886,0,0.14843814375070227,0.22454493040112017,999.0,125.43783715940869,0,0,0,0,0,59410,108,0,0,0,0,0,0,0,0,0,0,0,0,0,0,0,0.0,0.0,0.0,0.0,0.0,1.9999930131492532,181629,104630,3,1.7359170410016247,0.1424759080800593,0.08207529779064249,0.046597714944638595,0.0,0.0,0.0,0.037903051839300914,0.41034275830421124,0.0,0.0,0.0,0.0,0.0,0.0,0.0,0.0,0.0,1.0,0.0,0.0,0.0,1.0,0,0.0,0.0,0.0,0.0,0.1424759080800593,4,benign
1456582,171236799,168636,1221297,51802,306647,561850,63128,958034,0,0.13807943522337318,0.21052505111281067,999.0,117.56069963791946,0,0,0,0,0,63141,108,0,0,0,0,0,0,0,0,0,0,0,0,0,0,0,0.0,0.0,0.0,0.0,0.0,2.00081560214275,194270,112368,3,1.728872988751246,0.1333738848894192,0.0771449873745522,0.04333981883615203,0.0,0.0,0.0,0.03556408084131206,0.3857318022603602,0.0,0.0,0.0,0.0,0.0,0.0,0.0,0.0,0.0,1.0,0.0,0.0,0.0,1.0,0,0.0,0.0,0.0,0.0,0.1333738848894192,4,benign
1360670,159474566,157725,1139905,48777,285164,523327,59155,894708,0,0.1383667937240384,0.209576164683575,999.0,117.20297059536846,0,0,0,0,0,59157,108,0,0,0,0,0,0,0,0,0,0,0,0,0,0,0,0.0,0.0,0.0,0.0,0.0,2.0,180500,104668,3,1.7245003248366262,0.13265523602342963,0.0769238683883675,0.043474905744963876,0.0,0.0,0.0,0.03584778087265832,0.38460978782511557,0.0,0.0,0.0,0.0,0.0,0.0,0.0,0.0,0.0,1.0,0.0,0.0,0.0,1.0,0,0.0,0.0,0.0,0.0,0.13265523602342963,4,benign
1453988,171150801,178499,1221514,53975,327116,563535,63046,956252,0,0.14612931165750045,0.22497847299977716,999.0,117.7112885388325,0,0,0,0,0,62920,108,0,0,0,0,0,0,0,0,0,0,0,0,0,0,0,0.0,0.0,0.0,0.0,0.0,2.0011990701088953,194428,112707,3,1.7250747513464115,0.13372049838100453,0.07751577041901309,0.04336074300475657,0.0,0.0,0.0,0.03712203952164667,0.38757885209506543,0.0,0.0,0.0,0.0,0.0,0.0,0.0,0.0,0.0,1.0,0.0,0.0,0.0,1.0,0,0.0,0.0,0.0,0.0,0.13372049838100453,4,benign
1366898,194323825,187911,1150843,57356,348961,642615,71276,898145,0,0.16328117736302866,0.2552941038760756,999.0,142.16410075952996,0,0,0,0,0,62818,108,0,0,0,0,0,0,0,0,0,0,0,0,0,0,0,0.0,0.0,0.0,0.0,0.0,1.998711288539632,220440,128519,3,1.7152327671394891,0.16127026303352554,0.09402237767558369,0.05214434434756653,0.0,0.0,0.0,0.04196070226161718,0.4701265200475822,0.0,0.0,0.0,0.0,0.0,0.0,0.0,0.0,0.0,1.0,0.0,0.0,0.0,1.0,0,0.0,0.0,0.0,0.0,0.16127026303352554,4,benign
1646384,184001233,177345,1387400,53260,330774,611660,67351,1080478,0,0.12782542885973763,0.20090938687450802,999.0,111.76082432773885,0,0,0,0,0,67399,108,0,0,0,0,0,0,0,0,0,0,0,0,0,0,0,0.0,0.0,0.0,0.0,0.0,1.9988518388706928,208439,122337,3,1.7038099675486567,0.12660412151721592,0.07430648014072051,0.040908439343433856,0.0,0.0,0.0,0.0323496826985685,0.37151721591074743,0.0,0.0,0.0,0.0,0.0,0.0,0.0,0.0,0.0,1.0,0.0,0.0,0.0,1.0,0,0.0,0.0,0.0,0.0,0.12660412151721592,4,benign
1274214,171217400,166537,1071573,50741,308371,562272,63001,838863,0,0.15541358358226645,0.2420087991499073,999.0,134.370992627612,0,0,0,0,0,62951,108,0,0,0,0,0,0,0,0,0,0,0,0,0,0,0,0.0,0.0,0.0,0.0,0.0,2.0012135607299535,195907,112448,3,1.7422008394991462,0.1537473297264039,0.08824891266302207,0.04944302919289852,0.0,0.0,0.0,0.03982141147405381,0.44126967683607304,0.0,0.0,0.0,0.0,0.0,0.0,0.0,0.0,0.0,1.0,0.0,0.0,0.0,1.0,0,0.0,0.0,0.0,0.0,0.1537473297264039,4,benign
1457578,216332365,197579,1228866,59321,368025,721509,79245,956046,0,0.16078156609426902,0.25249077579381685,999.0,148.41906573781986,0,0,0,0,0,79079,108,0,0,0,0,0,0,0,0,0,0,0,0,0,0,0,0.0,0.0,0.0,0.0,0.0,2.001550008157938,244349,144304,3,1.6932933252023505,0.16764042816233504,0.09900259197106433,0.054367587875228635,0.0,0.0,0.0,0.0406983365555737,0.4950054130893853,0.0,0.0,0.0,0.0,0.0,0.0,0.0,0.0,0.0,1.0,0.0,0.0,0.0,1.0,0,0.0,0.0,0.0,0.0,0.16764042816233504,4,benign
1456984,193559929,193526,1220084,57394,346706,638891,74115,956382,0,0.1586169476855692,0.23796143265814862,999.0,132.8497286174728,0,0,0,0,0,74083,108,0,0,0,0,0,0,0,0,0,0,0,0,0,0,0,0.0,0.0,0.0,0.0,0.0,2.000577024056133,218935,127782,3,1.713347732857523,0.15026589173251045,0.0877030907683269,0.05086878098867249,0.0,0.0,0.0,0.039392333752463995,0.43850241320426303,0.0,0.0,0.0,0.0,0.0,0.0,0.0,0.0,0.0,1.0,0.0,0.0,0.0,1.0,0,0.0,0.0,0.0,0.0,0.15026589173251045,4,benign
1458357,183068576,171804,1233181,53372,329784,610181,64697,957681,0,0.1393177481651112,0.2261339301693618,999.0,125.53070064462953,0,0,0,0,0,64896,108,0,0,0,0,0,0,0,0,0,0,0,0,0,0,0,0.0,0.0,0.0,0.0,0.0,1.9989332040247303,207747,122034,3,1.7023698313584739,0.14245277390926914,0.0836790991506195,0.04436293719576208,0.0,0.0,0.0,0.03659734893445158,0.41840303848783256,0.0,0.0,0.0,0.0,0.0,0.0,0.0,0.0,0.0,1.0,0.0,0.0,0.0,1.0,0,0.0,0.0,0.0,0.0,0.14245277390926914,4,benign
1364628,159091681,163971,1138574,47994,283966,520565,63232,895254,0,0.14401435479819494,0.20809040998719064,999.0,116.58245397280432,0,0,0,0,0,63214,108,0,0,0,0,0,0,0,0,0,0,0,0,0,0,0,0.0,0.0,0.0,0.0,0.0,1.9999014015071483,179853,104120,3,1.727362658470995,0.13179635768868878,0.07629918190158783,0.04633643747600079,0.0,0.0,0.0,0.03517002435828665,0.3814702614925093,0.0,0.0,0.0,0.0,0.0,0.0,0.0,0.0,0.0,1.0,0.0,0.0,0.0,1.0,0,0.0,0.0,0.0,0.0,0.13179635768868878,4,benign
1370037,160585259,148989,1160326,45683,289713,536910,55978,900021,0,0.128402707514957,0.21146363200409915,999.0,117.21235192918148,0,0,0,0,0,55990,108,0,0,0,0,0,0,0,0,0,0,0,0,0,0,0,0.0,0.0,0.0,0.0,0.0,2.0001173644095878,182327,107372,3,1.698087024550162,0.1330818072796574,0.0783716060223191,0.040858750530095175,0.0,0.0,0.0,0.0333443549334799,0.39189452547631926,0.0,0.0,0.0,0.0,0.0,0.0,0.0,0.0,0.0,1.0,0.0,0.0,0.0,1.0,0,0.0,0.0,0.0,0.0,0.1330818072796574,4,benign
1278364,159792510,164957,1064820,48587,285182,523042,63773,838480,0,0.15491538475986552,0.2230835661830277,999.0,124.997661073059,0,0,0,0,0,63772,108,0,0,0,0,0,0,0,0,0,0,0,0,0,0,0,0.0,0.0,0.0,0.0,0.0,1.9999438970510888,180588,104621,3,1.7261161717054894,0.1412649292376819,0.08183975769029792,0.04988641732714626,0.0,0.0,0.0,0.03800717166628597,0.4091495067132679,0.0,0.0,0.0,0.0,0.0,0.0,0.0,0.0,0.0,1.0,0.0,0.0,0.0,1.0,0,0.0,0.0,0.0,0.0,0.1412649292376819,4,benign
1548664,193755015,188177,1303416,57071,350420,630595,71117,1021627,0,0.14437217281359135,0.22627245160990375,999.0,125.11107315725037,0,0,0,0,0,71170,108,0,0,0,0,0,0,0,0,0,0,0,0,0,0,0,0.0,0.0,0.0,0.0,0.0,2.000194071680946,224292,126118,3,1.7784297245436813,0.1448293496846314,0.0814366447466978,0.04592151686873331,0.0,0.0,0.0,0.036851763842899427,0.4071864523227763,0.0,0.0,0.0,0.0,0.0,0.0,0.0,0.0,0.0,1.0,0.0,0.0,0.0,1.0,0,0.0,0.0,0.0,0.0,0.1448293496846314,4,benign
1455564,205487036,183710,1218271,53988,324948,686448,79610,950215,0,0.1507956768239579,0.22324542239296932,999.0,141.17348052026568,0,0,0,0,0,79762,108,0,0,0,0,0,0,0,0,0,0,0,0,0,0,0,0.0,0.0,0.0,0.0,0.0,2.003082158003748,228748,137290,3,1.6661665088498798,0.15715420276951064,0.09432082684100458,0.05469357582352957,0.0,0.0,0.0,0.03709077718327741,0.47160276016719294,0.0,0.0,0.0,0.0,0.0,0.0,0.0,0.0,0.0,1.0,0.0,0.0,0.0,1.0,0,0.0,0.0,0.0,0.0,0.15715420276951064,4,benign
1378399,172478726,171773,1154993,51634,309326,567187,65706,905691,0,0.14872211346735434,0.2244096230481885,999.0,125.12975270585657,0,0,0,0,0,65655,108,0,0,0,0,0,0,0,0,0,0,0,0,0,0,0,0.0,0.0,0.0,0.0,0.0,2.0008797179727678,195886,113434,3,1.7268720136819649,0.14211124645331286,0.08229402371882162,0.047668345667691285,0.0,0.0,0.0,0.037459400362304385,0.41148245174292786,0.0,0.0,0.0,0.0,0.0,0.0,0.0,0.0,0.0,1.0,0.0,0.0,0.0,1.0,0,0.0,0.0,0.0,0.0,0.14211124645331286,4,benign
1366753,171127517,165952,1151163,49638,309122,559125,62848,900923,0,0.14416029702136013,0.22617254178333612,999.0,125.2073469017445,0,0,0,0,0,62828,108,0,0,0,0,0,0,0,0,0,0,0,0,0,0,0,0.0,0.0,0.0,0.0,0.0,2.0001423487544483,197301,111826,3,1.7643571262497093,0.14435746619908646,0.0818187338897372,0.045983436656074655,0.0,0.0,0.0,0.0363181935580167,0.40909001114319854,0.0,0.0,0.0,0.0,0.0,0.0,0.0,0.0,0.0,1.0,0.0,0.0,0.0,1.0,0,0.0,0.0,0.0,0.0,0.14435746619908646,4,benign
1356473,181453833,176588,1136802,56920,327058,578064,63301,900200,0,0.1553375169994423,0.2411091116446844,999.0,133.76884980386635,0,0,0,0,0,63410,108,0,0,0,0,0,0,0,0,0,0,0,0,0,0,0,0.0,0.0,0.0,0.0,0.0,2.0005627496436937,211442,115608,3,1.828956473600443,0.1558763056839318,0.08522690831295573,0.04666587539892058,0.0,0.0,0.0,0.04196176407492077,0.42615223450816936,0.0,0.0,0.0,0.0,0.0,0.0,0.0,0.0,0.0,1.0,0.0,0.0,0.0,1.0,0,0.0,0.0,0.0,0.0,0.1558763056839318,4,benign
1475106,161720806,157373,1244682,43824,291735,547163,63321,964888,0,0.12643631063998675,0.197772227894131,999.0,109.63334567142971,0,0,0,0,0,63321,108,0,0,0,0,0,0,0,0,0,0,0,0,0,0,0,0.0,0.0,0.0,0.0,0.0,2.000034278271004,182303,109436,3,1.6658412222668957,0.12358637277592255,0.07418856678774272,0.04292640664467503,0.0,0.0,0.0,0.029709051417321875,0.37093130934319296,0.0,0.0,0.0,0.0,0.0,0.0,0.0,0.0,0.0,1.0,0.0,0.0,0.0,1.0,0,0.0,0.0,0.0,0.0,0.12358637277592255,4,benign
1236920,166855487,163883,1037867,49763,298894,551703,62369,812230,0,0.15790366202991327,0.24164376030786147,999.0,134.89594072373313,0,0,0,0,0,62342,108,0,0,0,0,0,0,0,0,0,0,0,0,0,0,0,0.0,0.0,0.0,0.0,0.0,1.9999063256921863,188559,110341,3,1.7088752141089893,0.15244235682178314,0.08920625424441354,0.05042282443488665,0.0,0.0,0.0,0.04023138117258998,0.44602965430262265,0.0,0.0,0.0,0.0,0.0,0.0,0.0,0.0,0.0,1.0,0.0,0.0,0.0,1.0,0,0.0,0.0,0.0,0.0,0.15244235682178314,4,benign
1449233,170747319,165185,1220027,50363,307629,559932,62602,952986,0,0.13539454454696495,0.21227021465837445,999.0,117.81909396211651,0,0,0,0,0,62558,108,0,0,0,0,0,0,0,0,0,0,0,0,0,0,0,0.0,0.0,0.0,0.0,0.0,1.9975649666887443,195640,111984,3,1.7470352907558222,0.13499554591980722,0.07727121863772078,0.0431966426378643,0.0,0.0,0.0,0.03475148578592952,0.3863643734306354,0.0,0.0,0.0,0.0,0.0,0.0,0.0,0.0,0.0,1.0,0.0,0.0,0.0,1.0,0,0.0,0.0,0.0,0.0,0.13499554591980722,4,benign
1361311,159632877,161019,1135632,50379,282977,524315,59600,893605,0,0.14178800879158038,0.20787094205512185,999.0,117.26407632054689,0,0,0,0,0,59603,108,0,0,0,0,0,0,0,0,0,0,0,0,0,0,0,0.0,0.0,0.0,0.0,0.0,2.0000070677371933,178115,104869,3,1.6984523548427086,0.1308407850961316,0.07703529906097872,0.04378132550166714,0.0,0.0,0.0,0.037007708010880686,0.3851544577249431,0.0,0.0,0.0,0.0,0.0,0.0,0.0,0.0,0.0,1.0,0.0,0.0,0.0,1.0,0,0.0,0.0,0.0,0.0,0.1308407850961316,4,benign
1818714,226971184,221350,1527310,68263,408059,743729,82967,1196847,0,0.14492801068545352,0.22436677784412504,999.0,124.7976229357667,0,0,0,0,0,83014,108,0,0,0,0,0,0,0,0,0,0,0,0,0,0,0,0.0,0.0,0.0,0.0,0.0,1.9987999137897252,259313,148745,3,1.7433392719082994,0.1425804167120284,0.08178581129303453,0.04561849746579176,0.0,0.0,0.0,0.037533663896577474,0.4089312558214211,0.0,0.0,0.0,0.0,0.0,0.0,0.0,0.0,0.0,1.0,0.0,0.0,0.0,1.0,0,0.0,0.0,0.0,0.0,0.1425804167120284,4,benign
1458097,170748803,163327,1231715,48012,310371,559723,62954,959916,0,0.1326012916949132,0.21286032410738107,999.0,117.10387100446678,0,0,0,0,0,62962,108,0,0,0,0,0,0,0,0,0,0,0,0,0,0,0,0.0,0.0,0.0,0.0,0.0,1.9999806684838293,198422,111940,3,1.7725745935322494,0.13608285319838118,0.07677129848014226,0.043175454033579384,0.0,0.0,0.0,0.03292785047908335,0.3838722663855697,0.0,0.0,0.0,0.0,0.0,0.0,0.0,0.0,0.0,1.0,0.0,0.0,0.0,1.0,0,0.0,0.0,0.0,0.0,0.13608285319838118,4,benign
1358745,170803968,170578,1135200,53633,303690,560961,63510,892515,0,0.15026250880902042,0.22350772219952972,999.0,125.70715476413896,0,0,0,0,0,63615,108,0,0,0,0,0,0,0,0,0,0,0,0,0,0,0,0.0,0.0,0.0,0.0,0.0,2.000632423565683,191508,112192,3,1.706966628636623,0.14094476888599405,0.08257031304623016,0.04674166234282371,0.0,0.0,0.0,0.039472454360457626,0.41285230120442024,0.0,0.0,0.0,0.0,0.0,0.0,0.0,0.0,0.0,1.0,0.0,0.0,0.0,1.0,0,0.0,0.0,0.0,0.0,0.14094476888599405,4,benign
1282129,171771147,165674,1081193,50324,310285,563840,62760,844601,0,0.1532325865964726,0.24200762949749985,999.0,133.97337319411696,0,0,0,0,0,58612,108,0,0,0,0,0,0,0,0,0,0,0,0,0,0,0,0.0,0.0,0.0,0.0,0.0,1.999929099956171,197506,112768,3,1.751436577752554,0.15404534177138182,0.08795370824620612,0.04894983266114408,0.0,0.0,0.0,0.03925034064435014,0.4397685412310306,0.0,0.0,0.0,0.0,0.0,0.0,0.0,0.0,0.0,1.0,0.0,0.0,0.0,1.0,0,0.0,0.0,0.0,0.0,0.15404534177138182,4,benign
1272525,159638642,157042,1067503,47980,285981,523977,58918,837034,0,0.14711153036572264,0.22473507396711262,999.0,125.45029920826703,0,0,0,0,0,58916,108,0,0,0,0,0,0,0,0,0,0,0,0,0,0,0,0.0,0.0,0.0,0.0,0.0,1.999965033253376,181185,104797,3,1.728913995629646,0.14238227146814406,0.0823535883381466,0.04630007269012397,0.0,0.0,0.0,0.03770456376102631,0.4117616549773089,0.0,0.0,0.0,0.0,0.0,0.0,0.0,0.0,0.0,1.0,0.0,0.0,0.0,1.0,0,0.0,0.0,0.0,0.0,0.14238227146814406,4,benign
1454901,194138493,191561,1219457,58919,347381,637098,71967,956390,0,0.1570871297634931,0.23876607411775785,999.0,133.4375967849359,0,0,0,0,0,71842,108,0,0,0,0,0,0,0,0,0,0,0,0,0,0,0,0.0,0.0,0.0,0.0,0.0,1.9997985124461741,219959,127423,3,1.7262111235805153,0.15118485725145558,0.08758190419829252,0.04946522134495749,0.0,0.0,0.0,0.04049691353569762,0.4378978363476278,0.0,0.0,0.0,0.0,0.0,0.0,0.0,0.0,0.0,1.0,0.0,0.0,0.0,1.0,0,0.0,0.0,0.0,0.0,0.15118485725145558,4,benign
1634187,170494614,189322,1371288,58306,345700,559702,62756,1074008,0,0.13806144296457054,0.21154249789038831,999.0,104.32992919414976,0,0,0,0,0,62913,108,0,0,0,0,0,0,0,0,0,0,0,0,0,0,0,0.0,0.0,0.0,0.0,0.0,1.9991441326825659,193546,111942,3,1.7289846527666113,0.11843565026523892,0.06850011657172649,0.03840196990919644,0.0,0.0,0.0,0.03567890333236037,0.3424956874580449,0.0,0.0,0.0,0.0,0.0,0.0,0.0,0.0,0.0,1.0,0.0,0.0,0.0,1.0,0,0.0,0.0,0.0,0.0,0.11843565026523892,4,benign
1270659,159317498,155210,1068436,47013,285971,526273,58780,834876,0,0.14526841102321525,0.22505723408089817,999.0,125.38178850501984,0,0,0,0,0,58782,108,0,0,0,0,0,0,0,0,0,0,0,0,0,0,0,0.0,0.0,0.0,0.0,0.0,2.000020981368545,180714,105252,3,1.7169649982898187,0.14222069020878142,0.08283260890608732,0.046259460642076276,0.0,0.0,0.0,0.03699891158839626,0.41417327544211313,0.0,0.0,0.0,0.0,0.0,0.0,0.0,0.0,0.0,1.0,0.0,0.0,0.0,1.0,0,0.0,0.0,0.0,0.0,0.14222069020878142,4,benign
1366773,171379029,166764,1149057,50952,307571,566510,63470,896790,0,0.1451311814818586,0.2250344424421612,999.0,125.38953359482518,0,0,0,0,0,63482,108,0,0,0,0,0,0,0,0,0,0,0,0,0,0,0,0.0,0.0,0.0,0.0,0.0,1.9971753797003955,194270,113308,3,1.7145303067744555,0.142137721479719,0.08290184251517992,0.04643785032335289,0.0,0.0,0.0,0.03727905072751657,0.41448726306416644,0.0,0.0,0.0,0.0,0.0,0.0,0.0,0.0,0.0,1.0,0.0,0.0,0.0,1.0,0,0.0,0.0,0.0,0.0,0.142137721479719,4,benign
1460759,171783124,166692,1229430,50451,308646,568433,63407,958825,0,0.135584783192211,0.2112915272129078,999.0,117.5985388417939,0,0,0,0,0,63383,108,0,0,0,0,0,0,0,0,0,0,0,0,0,0,0,0.0,0.0,0.0,0.0,0.0,2.000907599852191,194962,113690,3,1.714856187879321,0.13346623228061577,0.07782940238601987,0.04340688642000494,0.0,0.0,0.0,0.034537524670393956,0.3891353741445372,0.0,0.0,0.0,0.0,0.0,0.0,0.0,0.0,0.0,1.0,0.0,0.0,0.0,1.0,0,0.0,0.0,0.0,0.0,0.13346623228061577,4,benign
1277025,160146820,165431,1075909,49653,308030,530844,58577,838847,0,0.1537592863336955,0.24120906012020124,999.0,125.4061745071553,0,0,0,0,0,58583,108,0,0,0,0,0,0,0,0,0,0,0,0,0,0,0,0.0,0.0,0.0,0.0,0.0,2.0008184369154023,181700,106160,3,1.711567445365486,0.14228382373093715,0.08313071396409624,0.04586989291517394,0.0,0.0,0.0,0.03888177600281905,0.4156880249016268,0.0,0.0,0.0,0.0,0.0,0.0,0.0,0.0,0.0,1.0,0.0,0.0,0.0,1.0,0,0.0,0.0,0.0,0.0,0.14228382373093715,4,benign
1276879,160056469,154457,1075362,47060,287819,529872,58631,838876,0,0.14363256280210757,0.22540820234337006,999.0,125.34975436200298,0,0,0,0,0,58636,108,0,0,0,0,0,0,0,0,0,0,0,0,0,0,0,0.0,0.0,0.0,0.0,0.0,2.000118136774588,181830,105974,3,1.7157982146564252,0.1424019033910026,0.08299455155891827,0.04591742835460525,0.0,0.0,0.0,0.03685548904790509,0.4149743241137179,0.0,0.0,0.0,0.0,0.0,0.0,0.0,0.0,0.0,1.0,0.0,0.0,0.0,1.0,0,0.0,0.0,0.0,0.0,0.1424019033910026,4,benign
1459939,171420467,168886,1225428,51246,307321,565132,64329,958510,0,0.13781797053764072,0.21050263058936025,999.0,117.41618451181864,0,0,0,0,0,64294,108,0,0,0,0,0,0,0,0,0,0,0,0,0,0,0,0.0,0.0,0.0,0.0,0.0,1.9993429227576427,194290,113018,3,1.71910669096958,0.1330809026952496,0.07741282341248504,0.04406279988410475,0.0,0.0,0.0,0.03510146656812373,0.38709288538767717,0.0,0.0,0.0,0.0,0.0,0.0,0.0,0.0,0.0,1.0,0.0,0.0,0.0,1.0,0,0.0,0.0,0.0,0.0,0.1330809026952496,4,benign
1284455,161265171,151757,1085932,46766,290238,538059,57258,843465,0,0.1397481610266573,0.22596198387643007,999.0,125.55143699078597,0,0,0,0,0,57267,108,0,0,0,0,0,0,0,0,0,0,0,0,0,0,0,0.0,0.0,0.0,0.0,0.0,1.9999586554760822,182628,107624,3,1.696907752917565,0.14218326060469227,0.08378962283614451,0.04457766134274848,0.0,0.0,0.0,0.036409216360246174,0.418900623221522,0.0,0.0,0.0,0.0,0.0,0.0,0.0,0.0,0.0,1.0,0.0,0.0,0.0,1.0,0,0.0,0.0,0.0,0.0,0.14218326060469227,4,benign
1272144,181621011,182537,1063359,55368,328544,580031,69511,841742,0,0.17166074674686535,0.25826007118690963,999.0,142.767651303626,0,0,0,0,0,69435,108,0,0,0,0,0,0,0,0,0,0,0,0,0,0,0,0.0,0.0,0.0,0.0,0.0,2.0006576623756227,212545,116005,3,1.8322055083832594,0.1670762114980694,0.09118857613603491,0.0546408268246362,0.0,0.0,0.0,0.04352337471229672,0.4559475971273692,0.0,0.0,0.0,0.0,0.0,0.0,0.0,0.0,0.0,1.0,0.0,0.0,0.0,1.0,0,0.0,0.0,0.0,0.0,0.1670762114980694,4,benign
1370444,160873973,165316,1154861,50267,306504,550996,58661,894613,0,0.14314796326137952,0.22365306426238504,999.0,117.3882136008476,0,0,0,0,0,58649,108,0,0,0,0,0,0,0,0,0,0,0,0,0,0,0,0.0,0.0,0.0,0.0,0.0,2.0024172421227306,175552,110195,3,1.5931031353509688,0.1280986308087014,0.08040824725417456,0.042804375808132254,0.0,0.0,0.0,0.036679353552571285,0.40205655977186955,0.0,0.0,0.0,0.0,0.0,0.0,0.0,0.0,0.0,1.0,0.0,0.0,0.0,1.0,0,0.0,0.0,0.0,0.0,0.1280986308087014,4,benign
1361256,193373241,194498,1136463,58712,345033,639113,74457,893263,0,0.17114327523201373,0.2534666513866606,999.0,142.05501463354432,0,0,0,0,0,70467,108,0,0,0,0,0,0,0,0,0,0,0,0,0,0,0,0.0,0.0,0.0,0.0,0.0,2.000991701028237,217211,127818,3,1.6993772395124318,0.15956660613433477,0.09389710678961195,0.05469727957121952,0.0,0.0,0.0,0.04313075571384075,0.4695024301086643,0.0,0.0,0.0,0.0,0.0,0.0,0.0,0.0,0.0,1.0,0.0,0.0,0.0,1.0,0,0.0,0.0,0.0,0.0,0.15956660613433477,4,benign
1540766,182328305,175273,1296585,55269,329898,587126,64340,1020085,0,0.13518049337297594,0.21411298016700783,999.0,118.33614254208621,0,0,0,0,0,64455,108,0,0,0,0,0,0,0,0,0,0,0,0,0,0,0,0.0,0.0,0.0,0.0,0.0,2.002221332070937,212479,117427,3,1.809456087611878,0.1379047824264035,0.07621338996317416,0.04175845001771846,0.0,0.0,0.0,0.03587111865137211,0.38106110856547976,0.0,0.0,0.0,0.0,0.0,0.0,0.0,0.0,0.0,1.0,0.0,0.0,0.0,1.0,0,0.0,0.0,0.0,0.0,0.1379047824264035,4,benign
1456446,171461808,172715,1219771,50170,305381,577748,68033,950623,0,0.14159625044373084,0.20967547028863412,999.0,117.7261690443724,0,0,0,0,0,64146,108,0,0,0,0,0,0,0,0,0,0,0,0,0,0,0,0.0,0.0,0.0,0.0,0.0,2.001028752653789,189826,115554,3,1.6427471139034564,0.1303350759314111,0.07933970775435546,0.04671165288654711,0.0,0.0,0.0,0.03444686586389059,0.39668343350869173,0.0,0.0,0.0,0.0,0.0,0.0,0.0,0.0,0.0,1.0,0.0,0.0,0.0,1.0,0,0.0,0.0,0.0,0.0,0.1303350759314111,4,benign
1549344,182145358,176593,1304714,52804,328236,600461,67227,1018945,0,0.1353499694185852,0.21185482371894168,999.0,117.56288984241073,0,0,0,0,0,62644,108,0,0,0,0,0,0,0,0,0,0,0,0,0,0,0,0.0,0.0,0.0,0.0,0.0,1.9999756275895686,208147,120094,3,1.7332006594834046,0.13434524547163187,0.07751280541958402,0.04339062209554495,0.0,0.0,0.0,0.03408152095338414,0.3875582181878266,0.0,0.0,0.0,0.0,0.0,0.0,0.0,0.0,0.0,1.0,0.0,0.0,0.0,1.0,0,0.0,0.0,0.0,0.0,0.13434524547163187,4,benign
1455858,171104278,185579,1215080,55199,324884,564352,67484,953994,0,0.15272986140830233,0.22315637926226323,999.0,117.52813667267,0,0,0,0,0,67512,108,0,0,0,0,0,0,0,0,0,0,0,0,0,0,0,0.0,0.0,0.0,0.0,0.0,2.0000246244767297,191892,112864,3,1.700205557130706,0.1318068108290781,0.0775240442405784,0.046353421830975274,0.0,0.0,0.0,0.0379150988626638,0.38764220136854005,0.0,0.0,0.0,0.0,0.0,0.0,0.0,0.0,0.0,1.0,0.0,0.0,0.0,1.0,0,0.0,0.0,0.0,0.0,0.1318068108290781,4,benign
1365008,170933748,166587,1148153,50268,307955,561227,63159,898276,0,0.14509129009809668,0.22560673637077586,999.0,125.2254550889079,0,0,0,0,0,63158,108,0,0,0,0,0,0,0,0,0,0,0,0,0,0,0,0.0,0.0,0.0,0.0,0.0,1.99973376277614,195710,112244,3,1.7436121307152275,0.14337644907575633,0.08222955469858052,0.04627005849049969,0.0,0.0,0.0,0.036826157795412186,0.4111529016679756,0.0,0.0,0.0,0.0,0.0,0.0,0.0,0.0,0.0,1.0,0.0,0.0,0.0,1.0,0,0.0,0.0,0.0,0.0,0.14337644907575633,4,benign
1731456,193577426,186510,1458912,56683,349652,635084,70597,1140557,0,0.12784184378495755,0.20194102535669403,999.0,111.80037263436091,0,0,0,0,0,70764,108,0,0,0,0,0,0,0,0,0,0,0,0,0,0,0,0.0,0.0,0.0,0.0,0.0,2.0001830558892513,222633,127016,3,1.752794923474208,0.12858137890884896,0.07335791380202558,0.04077319897242552,0.0,0.0,0.0,0.03273718766171361,0.36679187920455386,0.0,0.0,0.0,0.0,0.0,0.0,0.0,0.0,0.0,1.0,0.0,0.0,0.0,1.0,0,0.0,0.0,0.0,0.0,0.12858137890884896,4,benign
1282017,183654561,177906,1079546,54076,331539,601418,67275,844643,0,0.16479705357622557,0.25860733516014217,999.0,143.25438820234052,0,0,0,0,0,63034,108,0,0,0,0,0,0,0,0,0,0,0,0,0,0,0,0.0,0.0,0.0,0.0,0.0,1.999897453220572,211252,120284,3,1.7562768115460077,0.16478096624303734,0.09382402885453157,0.05247590320565172,0.0,0.0,0.0,0.042180407904107355,0.4691185842309423,0.0,0.0,0.0,0.0,0.0,0.0,0.0,0.0,0.0,1.0,0.0,0.0,0.0,1.0,0,0.0,0.0,0.0,0.0,0.16478096624303734,4,benign
1364419,182364991,176965,1148398,53091,328841,598892,67104,898302,0,0.15409727289667868,0.24101174199421146,999.0,133.65761617215827,0,0,0,0,0,67246,108,0,0,0,0,0,0,0,0,0,0,0,0,0,0,0,0.0,0.0,0.0,0.0,0.0,1.9976005054125308,209066,119782,3,1.7453874538745386,0.15322712451233822,0.08778974787070541,0.04918137317055831,0.0,0.0,0.0,0.0389110676412451,0.43893554692510145,0.0,0.0,0.0,0.0,0.0,0.0,0.0,0.0,0.0,1.0,0.0,0.0,0.0,1.0,0,0.0,0.0,0.0,0.0,0.15322712451233822,4,benign
1275927,159752696,166473,1073665,50240,308824,522332,58794,840615,0,0.15505115655255597,0.2420389254244169,999.0,125.20520061100675,0,0,0,0,0,58796,108,0,0,0,0,0,0,0,0,0,0,0,0,0,0,0,0.0,0.0,0.0,0.0,0.0,2.000284992551331,183772,104464,3,1.7591897687241538,0.14403018354498337,0.08187302251617844,0.046079438713970314,0.0,0.0,0.0,0.03937529341412165,0.40937451750766307,0.0,0.0,0.0,0.0,0.0,0.0,0.0,0.0,0.0,1.0,0.0,0.0,0.0,1.0,0,0.0,0.0,0.0,0.0,0.14403018354498337,4,benign
1364630,159759304,155904,1146941,47630,287153,523712,58676,898971,0,0.13593027017082832,0.21042553659233637,999.0,117.07151682140946,0,0,0,0,0,58678,108,0,0,0,0,0,0,0,0,0,0,0,0,0,0,0,0.0,0.0,0.0,0.0,0.0,1.9999512466917397,182413,104750,3,1.7414128878281623,0.1336721309072789,0.0767607336787261,0.042997735649956396,0.0,0.0,0.0,0.03490323384360596,0.3837758220176898,0.0,0.0,0.0,0.0,0.0,0.0,0.0,0.0,0.0,1.0,0.0,0.0,0.0,1.0,0,0.0,0.0,0.0,0.0,0.1336721309072789,4,benign
1269267,159635390,162273,1055788,51206,282038,524309,59988,832945,0,0.15369846976855203,0.22220541462119475,999.0,125.76974742114938,0,0,0,0,0,59987,108,0,0,0,0,0,0,0,0,0,0,0,0,0,0,0,0.0,0.0,0.0,0.0,0.0,2.0000425483633064,177167,104859,3,1.68957361790595,0.1395821367765805,0.08261382356903631,0.04726192361418047,0.0,0.0,0.0,0.04034296960371616,0.4130801478333558,0.0,0.0,0.0,0.0,0.0,0.0,0.0,0.0,0.0,1.0,0.0,0.0,0.0,1.0,0,0.0,0.0,0.0,0.0,0.1395821367765805,4,benign
1276402,159650408,152684,1077415,46303,289425,522786,58140,841291,0,0.14171326740392515,0.22675066319231715,999.0,125.07846900897992,0,0,0,0,0,58139,108,0,0,0,0,0,0,0,0,0,0,0,0,0,0,0,0.0,0.0,0.0,0.0,0.0,1.9999654493314445,184875,104557,3,1.7681742972732577,0.14484073199509245,0.08191541536287157,0.04554991295845666,0.0,0.0,0.0,0.03627618884959441,0.40957786026659315,0.0,0.0,0.0,0.0,0.0,0.0,0.0,0.0,0.0,1.0,0.0,0.0,0.0,1.0,0,0.0,0.0,0.0,0.0,0.14484073199509245,4,benign
1551192,159824541,159304,1299072,49429,284423,524910,59282,1020478,0,0.12262907675633067,0.18335770169005514,999.0,103.0333711107329,0,0,0,0,0,59282,108,0,0,0,0,0,0,0,0,0,0,0,0,0,0,0,0.0,0.0,0.0,0.0,0.0,2.0000210955629,179439,104972,3,1.7093986967953358,0.11567813655562947,0.06767182914816476,0.03821706145983218,0.0,0.0,0.0,0.03186517207412106,0.33839137901691085,0.0,0.0,0.0,0.0,0.0,0.0,0.0,0.0,0.0,1.0,0.0,0.0,0.0,1.0,0,0.0,0.0,0.0,0.0,0.11567813655562947,4,benign
1451946,193444265,189256,1219764,58083,347515,635289,71399,955560,0,0.1551578830003181,0.23934430068335874,999.0,133.23103269680828,0,0,0,0,0,71133,108,0,0,0,0,0,0,0,0,0,0,0,0,0,0,0,0.0,0.0,0.0,0.0,0.0,2.000201450443191,220462,127069,3,1.7349786336557305,0.15183898023755704,0.08751634013937157,0.04917469382470147,0.0,0.0,0.0,0.040003553851176286,0.4375431317693633,0.0,0.0,0.0,0.0,0.0,0.0,0.0,0.0,0.0,1.0,0.0,0.0,0.0,1.0,0,0.0,0.0,0.0,0.0,0.15183898023755704,4,benign
1361131,170653468,167905,1141737,51489,306043,559442,62866,895523,0,0.14706101317553869,0.22484463288250728,999.0,125.37622609432891,0,0,0,0,0,62845,108,0,0,0,0,0,0,0,0,0,0,0,0,0,0,0,0.0,0.0,0.0,0.0,0.0,1.9997320996850538,194154,111887,3,1.7352686192319036,0.14264167078701462,0.08220149272920828,0.046186590416352286,0.0,0.0,0.0,0.037828100307758766,0.41101260642803666,0.0,0.0,0.0,0.0,0.0,0.0,0.0,0.0,0.0,1.0,0.0,0.0,0.0,1.0,0,0.0,0.0,0.0,0.0,0.14264167078701462,4,benign
1544580,194071131,199379,1299049,60804,368139,640554,71241,1014753,0,0.15348073860185413,0.2383424620285126,999.0,125.64653886493416,0,0,0,0,0,66847,108,0,0,0,0,0,0,0,0,0,0,0,0,0,0,0,0.0,0.0,0.0,0.0,0.0,1.9994188667358233,219870,128098,3,1.7164202407531735,0.14234937652954202,0.08293387199109142,0.046123217962164474,0.0,0.0,0.0,0.03936604125393311,0.4147107951676184,0.0,0.0,0.0,0.0,0.0,0.0,0.0,0.0,0.0,1.0,0.0,0.0,0.0,1.0,0,0.0,0.0,0.0,0.0,0.14234937652954202,4,benign
1283146,160921816,156092,1080012,47042,288878,533431,59359,842470,0,0.14452802376269894,0.2251326037722909,999.0,125.41192974143239,0,0,0,0,0,59365,108,0,0,0,0,0,0,0,0,0,0,0,0,0,0,0,0.0,0.0,0.0,0.0,0.0,1.9999723070319368,182197,106698,3,1.7075952688897635,0.141992415516239,0.08315343694326288,0.046260519067978234,0.0,0.0,0.0,0.03666145551636369,0.41572120397834694,0.0,0.0,0.0,0.0,0.0,0.0,0.0,0.0,0.0,1.0,0.0,0.0,0.0,1.0,0,0.0,0.0,0.0,0.0,0.141992415516239,4,benign
1369871,171770407,165149,1153972,50750,308661,570598,62640,899389,0,0.1431135244182701,0.2253212163773085,999.0,125.39166607658677,0,0,0,0,0,62737,108,0,0,0,0,0,0,0,0,0,0,0,0,0,0,0,0.0,0.0,0.0,0.0,0.0,1.9995271009995659,194534,114116,3,1.7047039854183463,0.14200899208757614,0.08330419433654702,0.045726933411978206,0.0,0.0,0.0,0.03704728401433419,0.41653411160612935,0.0,0.0,0.0,0.0,0.0,0.0,0.0,0.0,0.0,1.0,0.0,0.0,0.0,1.0,0,0.0,0.0,0.0,0.0,0.14200899208757614,4,benign
1272378,170742791,168414,1067927,50409,306119,562248,64193,835616,0,0.1577017904781881,0.2405880956759705,999.0,134.19187615629946,0,0,0,0,0,64227,108,0,0,0,0,0,0,0,0,0,0,0,0,0,0,0,0.0,0.0,0.0,0.0,0.0,1.9983484130403562,193666,112450,3,1.7222409959982214,0.1522079130572833,0.08837782482878516,0.05045120239425705,0.0,0.0,0.0,0.03961794372427062,0.44188755228399107,0.0,0.0,0.0,0.0,0.0,0.0,0.0,0.0,0.0,1.0,0.0,0.0,0.0,1.0,0,0.0,0.0,0.0,0.0,0.1522079130572833,4,benign
1366810,160324702,151436,1154498,46223,288705,534426,57194,898006,0,0.1311704307846354,0.21122540806695883,999.0,117.29845552783489,0,0,0,0,0,57200,108,0,0,0,0,0,0,0,0,0,0,0,0,0,0,0,0.0,0.0,0.0,0.0,0.0,1.9999515087699853,181820,106887,3,1.7010487711321303,0.13302507298015087,0.07820179834797814,0.04184487968335028,0.0,0.0,0.0,0.03381816053438298,0.3910024070646249,0.0,0.0,0.0,0.0,0.0,0.0,0.0,0.0,0.0,1.0,0.0,0.0,0.0,1.0,0,0.0,0.0,0.0,0.0,0.13302507298015087,4,benign
1273758,159239921,164075,1061391,48292,284308,521025,63339,835680,0,0.1545848796532098,0.2232040937132485,999.0,125.01583581810674,0,0,0,0,0,63343,108,0,0,0,0,0,0,0,0,0,0,0,0,0,0,0,0.0,0.0,0.0,0.0,0.0,2.000042208637294,180107,104200,3,1.7284740882917466,0.1413981305711132,0.08180517806365102,0.0497260861168291,0.0,0.0,0.0,0.03791301016362606,0.40904551728036254,0.0,0.0,0.0,0.0,0.0,0.0,0.0,0.0,0.0,1.0,0.0,0.0,0.0,1.0,0,0.0,0.0,0.0,0.0,0.1413981305711132,4,benign
1368137,159880754,152765,1153873,46518,288252,528143,57665,900217,0,0.13239325298364724,0.21068942657058468,999.0,116.8601930946974,0,0,0,0,0,57669,108,0,0,0,0,0,0,0,0,0,0,0,0,0,0,0,0.0,0.0,0.0,0.0,0.0,1.999944494553528,182623,105633,3,1.7288442058826314,0.13348297721646296,0.07720937303793407,0.042148556760032076,0.0,0.0,0.0,0.03400098089591905,0.3860307849287023,0.0,0.0,0.0,0.0,0.0,0.0,0.0,0.0,0.0,1.0,0.0,0.0,0.0,1.0,0,0.0,0.0,0.0,0.0,0.13348297721646296,4,benign
1459197,171743935,146562,1238348,45285,288972,577046,59283,958333,0,0.11835283781295726,0.1980349466179001,999.0,117.69756585299997,0,0,0,0,0,59178,108,0,0,0,0,0,0,0,0,0,0,0,0,0,0,0,0.0,0.0,0.0,0.0,0.0,1.9999861579242424,194380,115412,3,1.6842269434720827,0.13321025193993682,0.0790928161173577,0.04062713944724393,0.0,0.0,0.0,0.03103419209332256,0.39545448626881774,0.0,0.0,0.0,0.0,0.0,0.0,0.0,0.0,0.0,1.0,0.0,0.0,0.0,1.0,0,0.0,0.0,0.0,0.0,0.13321025193993682,4,benign
1274819,159403397,164146,1061920,48753,284332,522239,63227,836144,0,0.15457473255989151,0.2230371527252104,999.0,125.04002293658942,0,0,0,0,0,63235,108,0,0,0,0,0,0,0,0,0,0,0,0,0,0,0,0.0,0.0,0.0,0.0,0.0,2.0000140681602363,179888,104447,3,1.7222897737608547,0.14110865934693473,0.08193084665352493,0.04959684472854578,0.0,0.0,0.0,0.03824307607589783,0.409657370967957,0.0,0.0,0.0,0.0,0.0,0.0,0.0,0.0,0.0,1.0,0.0,0.0,0.0,1.0,0,0.0,0.0,0.0,0.0,0.14110865934693473,4,benign
1370139,171454804,172830,1146856,50455,307140,563636,66409,899619,0,0.1506989543586989,0.2241670370670421,999.0,125.13679560978849,0,0,0,0,0,66306,108,0,0,0,0,0,0,0,0,0,0,0,0,0,0,0,0.0,0.0,0.0,0.0,0.0,2.0008208094744866,194404,112724,3,1.7246016819843157,0.14188633416025673,0.08227194467130707,0.04846880498985869,0.0,0.0,0.0,0.036824730921461254,0.41137140100383973,0.0,0.0,0.0,0.0,0.0,0.0,0.0,0.0,0.0,1.0,0.0,0.0,0.0,1.0,0,0.0,0.0,0.0,0.0,0.14188633416025673,4,benign
1449601,181420252,181716,1209992,57893,327486,569913,66372,962696,0,0.15017950531904342,0.22591457925318761,999.0,125.15185351003483,0,0,0,0,0,66248,108,0,0,0,0,0,0,0,0,0,0,0,0,0,0,0,0.0,0.0,0.0,0.0,0.0,1.9984377955831112,213500,114001,3,1.872790589556232,0.14728190722826487,0.07864301969990363,0.045786392255524104,0.0,0.0,0.0,0.03993719651131587,0.3931516327596352,0.0,0.0,0.0,0.0,0.0,0.0,0.0,0.0,0.0,1.0,0.0,0.0,0.0,1.0,0,0.0,0.0,0.0,0.0,0.14728190722826487,4,benign
1665292,197519793,197196,1398019,55129,351622,673597,78416,1083596,0,0.14105387695017021,0.21114735433785786,999.0,118.6097050847539,0,0,0,0,0,78518,108,0,0,0,0,0,0,0,0,0,0,0,0,0,0,0,0.0,0.0,0.0,0.0,0.0,1.9999089973211086,216912,134708,3,1.6102384416664193,0.13025463402214146,0.08089151932513937,0.04708843854411118,0.0,0.0,0.0,0.03310470476048645,0.4044918248571422,0.0,0.0,0.0,0.0,0.0,0.0,0.0,0.0,0.0,1.0,0.0,0.0,0.0,1.0,0,0.0,0.0,0.0,0.0,0.13025463402214146,4,benign
1420732,178271745,182816,1196882,55646,340943,590799,64999,933032,0,0.1527435453119021,0.239976997772979,999.0,125.4787989571573,0,0,0,0,0,64898,108,0,0,0,0,0,0,0,0,0,0,0,0,0,0,0,0.0,0.0,0.0,0.0,0.0,1.9992083922152704,202245,118151,3,1.7117502179414479,0.14235267453678807,0.08316206012112067,0.04575035967374565,0.0,0.0,0.0,0.039167133562135574,0.41584127055630477,0.0,0.0,0.0,0.0,0.0,0.0,0.0,0.0,0.0,1.0,0.0,0.0,0.0,1.0,0,0.0,0.0,0.0,0.0,0.14235267453678807,4,benign
1443183,170024103,167178,1211399,50790,305080,558538,63592,947562,0,0.13800407627874878,0.21139384263811312,999.0,117.8118804060192,0,0,0,0,0,63594,108,0,0,0,0,0,0,0,0,0,0,0,0,0,0,0,0.0,0.0,0.0,0.0,0.0,1.9990826289233996,193368,111713,3,1.7309355222758318,0.13398716586877757,0.07740736968215396,0.044063711947826434,0.0,0.0,0.0,0.03519304204664273,0.387018139764673,0.0,0.0,0.0,0.0,0.0,0.0,0.0,0.0,0.0,1.0,0.0,0.0,0.0,1.0,0,0.0,0.0,0.0,0.0,0.13398716586877757,4,benign
1274623,159884130,158906,1066705,49012,285548,525180,59568,837716,0,0.14896902142579252,0.22402545693903217,999.0,125.43640747107185,0,0,0,0,0,59565,108,0,0,0,0,0,0,0,0,0,0,0,0,0,0,0,0.0,0.0,0.0,0.0,0.0,2.0000420253412807,180506,105030,3,1.7186137294106445,0.14161520700630698,0.08240083538426657,0.04673381854870028,0.0,0.0,0.0,0.03845215408791462,0.41202771329247945,0.0,0.0,0.0,0.0,0.0,0.0,0.0,0.0,0.0,1.0,0.0,0.0,0.0,1.0,0,0.0,0.0,0.0,0.0,0.14161520700630698,4,benign
1271808,159313199,145628,1080739,45441,291114,518477,53861,842273,0,0.1347485378060753,0.22889775815217392,999.0,125.26513357362117,0,0,0,0,0,53854,108,0,0,0,0,0,0,0,0,0,0,0,0,0,0,0,0.0,0.0,0.0,0.0,0.0,2.0000137404160596,187415,103701,3,1.8072631893617226,0.14736107965982287,0.08153825105676328,0.04234994590378422,0.0,0.0,0.0,0.03572944972826087,0.4076692393820451,0.0,0.0,0.0,0.0,0.0,0.0,0.0,0.0,0.0,1.0,0.0,0.0,0.0,1.0,0,0.0,0.0,0.0,0.0,0.14736107965982287,4,benign
1277860,159669481,162680,1068035,47146,285812,526467,63671,837120,0,0.15231710571282775,0.2236645641932606,999.0,124.95068395598892,0,0,0,0,0,63672,108,0,0,0,0,0,0,0,0,0,0,0,0,0,0,0,0.0,0.0,0.0,0.0,0.0,1.9999020383030235,180533,105299,3,1.7144797196554573,0.14127760474543377,0.08240261061462131,0.04982627204858122,0.0,0.0,0.0,0.03689449548463838,0.4119911414395943,0.0,0.0,0.0,0.0,0.0,0.0,0.0,0.0,0.0,1.0,0.0,0.0,0.0,1.0,0,0.0,0.0,0.0,0.0,0.14127760474543377,4,benign
1450266,181964428,180806,1214008,55452,324944,598189,67934,952545,0,0.14893312070431167,0.22405820725301429,999.0,125.46969176688965,0,0,0,0,0,63546,108,0,0,0,0,0,0,0,0,0,0,0,0,0,0,0,0.0,0.0,0.0,0.0,0.0,2.000049240465815,205310,119645,3,1.715993146391408,0.14156713320177125,0.08249865886671824,0.04684244131766173,0.0,0.0,0.0,0.03823574433931431,0.41246847130112685,0.0,0.0,0.0,0.0,0.0,0.0,0.0,0.0,0.0,1.0,0.0,0.0,0.0,1.0,0,0.0,0.0,0.0,0.0,0.14156713320177125,4,benign
1273559,159480814,154467,1072271,46821,287569,524016,58588,838179,0,0.14405593362125807,0.22579951144784027,999.0,125.22451963356232,0,0,0,0,0,58588,108,0,0,0,0,0,0,0,0,0,0,0,0,0,0,0,0.0,0.0,0.0,0.0,0.0,2.0000486851531147,182764,104799,3,1.7439479384345271,0.143506504213782,0.08228829602711771,0.046003365372157864,0.0,0.0,0.0,0.03676390336058243,0.41145796935988044,0.0,0.0,0.0,0.0,0.0,0.0,0.0,0.0,0.0,1.0,0.0,0.0,0.0,1.0,0,0.0,0.0,0.0,0.0,0.143506504213782,4,benign
1453813,170342809,161480,1230199,47884,309992,557693,61870,958134,0,0.13126331593506416,0.2132268730572639,999.0,117.16968344622039,0,0,0,0,0,61868,108,0,0,0,0,0,0,0,0,0,0,0,0,0,0,0,0.0,0.0,0.0,0.0,0.0,1.9985300754303397,198455,111537,3,1.7792750387763703,0.13650655208063212,0.0767203209766318,0.042557055137077464,0.0,0.0,0.0,0.032936835755355054,0.38360710765414807,0.0,0.0,0.0,0.0,0.0,0.0,0.0,0.0,0.0,1.0,0.0,0.0,0.0,1.0,0,0.0,0.0,0.0,0.0,0.13650655208063212,4,benign
1275321,159906841,156782,1070837,47702,286931,525063,59045,838922,0,0.14641070489719724,0.2249872777128268,999.0,125.38556253680446,0,0,0,0,0,59051,108,0,0,0,0,0,0,0,0,0,0,0,0,0,0,0,0.0,0.0,0.0,0.0,0.0,2.0000209111693525,181913,105009,3,1.732356274224114,0.1426409507880761,0.08233926987793662,0.046298147682034566,0.0,0.0,0.0,0.0374039163473353,0.41171046348331125,0.0,0.0,0.0,0.0,0.0,0.0,0.0,0.0,0.0,1.0,0.0,0.0,0.0,1.0,0,0.0,0.0,0.0,0.0,0.1426409507880761,4,benign
1273033,159725379,157782,1066448,48803,285545,524528,58997,837087,0,0.14795095494576388,0.224302904952189,999.0,125.46837277588249,0,0,0,0,0,58982,108,0,0,0,0,0,0,0,0,0,0,0,0,0,0,0,0.0,0.0,0.0,0.0,0.0,1.9999929958745701,180647,104900,3,1.7220877025738799,0.14190284148172122,0.08240163452165027,0.046343653306709254,0.0,0.0,0.0,0.038336005429552886,0.4120301673248062,0.0,0.0,0.0,0.0,0.0,0.0,0.0,0.0,0.0,1.0,0.0,0.0,0.0,1.0,0,0.0,0.0,0.0,0.0,0.14190284148172122,4,benign
1552371,183720855,190017,1304579,57934,351041,602723,67442,1021704,0,0.14565388527639953,0.22613215526443098,999.0,118.34854876830346,0,0,0,0,0,58982,108,0,0,0,0,0,0,0,0,0,0,0,0,0,0,0,0.0,0.0,0.0,0.0,0.0,2.000507191866694,210041,120550,3,1.7423558689340524,0.13530335209817757,0.07765540582760178,0.04344451165346428,0.0,0.0,0.0,0.03731968711087749,0.3882596363884664,0.0,0.0,0.0,0.0,0.0,0.0,0.0,0.0,0.0,1.0,0.0,0.0,0.0,1.0,0,0.0,0.0,0.0,0.0,0.13530335209817757,4,benign
1270784,159383579,157246,1065320,48218,285332,523385,59103,835557,0,0.14760447565050877,0.22453225725221596,999.0,125.42145557388196,0,0,0,0,0,59107,108,0,0,0,0,0,0,0,0,0,0,0,0,0,0,0,0.0,0.0,0.0,0.0,0.0,1.9999439265437724,180655,104677,3,1.7258327999465022,0.14216027271353748,0.08237198453867849,0.04650908415592264,0.0,0.0,0.0,0.03794350574133763,0.41185992269339244,0.0,0.0,0.0,0.0,0.0,0.0,0.0,0.0,0.0,1.0,0.0,0.0,0.0,1.0,0,0.0,0.0,0.0,0.0,0.14216027271353748,4,benign
1272821,159602756,168607,1066638,52079,306007,523227,59166,837249,0,0.1580733107202256,0.2404163664804399,999.0,125.39293113485714,0,0,0,0,0,63291,108,0,0,0,0,0,0,0,0,0,0,0,0,0,0,0,0.0,0.0,0.0,0.0,0.0,2.0015763688572306,181124,104639,3,1.7309416183258632,0.14230123481620746,0.08221030294126197,0.0464841482030859,0.0,0.0,0.0,0.040916201099761865,0.4110766557119972,0.0,0.0,0.0,0.0,0.0,0.0,0.0,0.0,0.0,1.0,0.0,0.0,0.0,1.0,0,0.0,0.0,0.0,0.0,0.14230123481620746,4,benign
1274867,159918874,158571,1067989,48307,286163,523764,59506,838603,0,0.14847624835087253,0.22446498340611218,999.0,125.43965292065761,0,0,0,0,0,59503,108,0,0,0,0,0,0,0,0,0,0,0,0,0,0,0,0.0,0.0,0.0,0.0,0.0,1.9999091468187409,181412,104760,3,1.7316914852997327,0.14229876528296678,0.0821732776830838,0.046676241521664615,0.0,0.0,0.0,0.03789179577163736,0.4108381501756654,0.0,0.0,0.0,0.0,0.0,0.0,0.0,0.0,0.0,1.0,0.0,0.0,0.0,1.0,0,0.0,0.0,0.0,0.0,0.14229876528296678,4,benign
1276396,160016427,154562,1074561,47273,287622,529212,58529,838729,0,0.1438373438083087,0.2253391580669322,999.0,125.36581672145635,0,0,0,0,0,58524,108,0,0,0,0,0,0,0,0,0,0,0,0,0,0,0,0.0,0.0,0.0,0.0,0.0,1.9999026547441905,181784,105837,3,1.7175845876205864,0.14241975061031217,0.08291862400070198,0.04585489142867887,0.0,0.0,0.0,0.037036311614890675,0.41461427331329775,0.0,0.0,0.0,0.0,0.0,0.0,0.0,0.0,0.0,1.0,0.0,0.0,0.0,1.0,0,0.0,0.0,0.0,0.0,0.14241975061031217,4,benign
1275003,159868654,155203,1072578,47222,287035,528792,58820,837538,0,0.14470089820973392,0.22512496049028904,999.0,125.38688457987942,0,0,0,0,0,58837,108,0,0,0,0,0,0,0,0,0,0,0,0,0,0,0,0.0,0.0,0.0,0.0,0.0,2.0001463343251547,181264,105753,3,1.7140317532363147,0.1421675086254699,0.08294333425097823,0.04613322478456913,0.0,0.0,0.0,0.037036775599743686,0.4147378476756525,0.0,0.0,0.0,0.0,0.0,0.0,0.0,0.0,0.0,1.0,0.0,0.0,0.0,1.0,0,0.0,0.0,0.0,0.0,0.1421675086254699,4,benign
1364644,171202621,164799,1149711,50134,307527,567777,62486,895742,0,0.14333950010046004,0.22535327895040758,999.0,125.45588519789777,0,0,0,0,0,62473,108,0,0,0,0,0,0,0,0,0,0,0,0,0,0,0,0.0,0.0,0.0,0.0,0.0,1.9993043681777698,193973,113565,3,1.7080350460088936,0.14214183332795952,0.08321950633278716,0.04578923147722043,0.0,0.0,0.0,0.03673778655825256,0.41606235765518335,0.0,0.0,0.0,0.0,0.0,0.0,0.0,0.0,0.0,1.0,0.0,0.0,0.0,1.0,0,0.0,0.0,0.0,0.0,0.14214183332795952,4,benign
1365337,170931423,170813,1143703,50821,306789,557999,65103,897789,0,0.14935083671197855,0.22469837117136648,999.0,125.19357711685834,0,0,0,0,0,65239,108,0,0,0,0,0,0,0,0,0,0,0,0,0,0,0,0.0,0.0,0.0,0.0,0.0,1.999563313084965,195200,111598,3,1.7491352891628882,0.14296836605175134,0.08173659689878762,0.047682733273909664,0.0,0.0,0.0,0.037222312147110935,0.4086895762731106,0.0,0.0,0.0,0.0,0.0,0.0,0.0,0.0,0.0,1.0,0.0,0.0,0.0,1.0,0,0.0,0.0,0.0,0.0,0.14296836605175134,4,benign
1367395,171833450,161118,1157189,49088,308997,575638,60756,896650,0,0.13923222567791432,0.22597493774659114,999.0,125.66482252750669,0,0,0,0,0,60645,108,0,0,0,0,0,0,0,0,0,0,0,0,0,0,0,0.0,0.0,0.0,0.0,0.0,1.9981828646072466,193874,115123,3,1.6840596579310825,0.14178346417823673,0.08419147356835442,0.04443193078810439,0.0,0.0,0.0,0.0358989172843253,0.42097418814607335,0.0,0.0,0.0,0.0,0.0,0.0,0.0,0.0,0.0,1.0,0.0,0.0,0.0,1.0,0,0.0,0.0,0.0,0.0,0.14178346417823673,4,benign
1270616,159145351,158663,1064092,47861,284915,523378,60418,834476,0,0.14910646823770876,0.22423375748455868,999.0,125.25054855282792,0,0,0,0,0,60416,108,0,0,0,0,0,0,0,0,0,0,0,0,0,0,0,0.0,0.0,0.0,0.0,0.0,2.0001333820060654,180232,104679,3,1.7217589010212173,0.14184615965799266,0.08238444974720922,0.047550164644550356,0.0,0.0,0.0,0.03766755652376485,0.4119088693987798,0.0,0.0,0.0,0.0,0.0,0.0,0.0,0.0,0.0,1.0,0.0,0.0,0.0,1.0,0,0.0,0.0,0.0,0.0,0.14184615965799266,4,benign
1471580,172732761,168442,1236341,51569,310941,561401,63001,970548,0,0.13624234737827184,0.21129738104622242,999.0,117.37911700349285,0,0,0,0,0,63033,108,0,0,0,0,0,0,0,0,0,0,0,0,0,0,0,0.0,0.0,0.0,0.0,0.0,1.9993248587025714,198654,112282,3,1.7692417306424895,0.1349936802620313,0.07630030307560581,0.04281180771687574,0.0,0.0,0.0,0.0350432868073771,0.38149539950257544,0.0,0.0,0.0,0.0,0.0,0.0,0.0,0.0,0.0,1.0,0.0,0.0,0.0,1.0,0,0.0,0.0,0.0,0.0,0.1349936802620313,4,benign
1369624,160607144,151357,1158463,45242,288101,545565,58249,895819,0,0.13065328802042017,0.21035043194336547,999.0,117.26367528606391,0,0,0,0,0,58236,108,0,0,0,0,0,0,0,0,0,0,0,0,0,0,0,0.0,0.0,0.0,0.0,0.0,2.000006942034016,178994,109107,3,1.6405363542210858,0.13068842251596058,0.0796620094274049,0.042529190493157246,0.0,0.0,0.0,0.0330324234972518,0.3983319509588033,0.0,0.0,0.0,0.0,0.0,0.0,0.0,0.0,0.0,1.0,0.0,0.0,0.0,1.0,0,0.0,0.0,0.0,0.0,0.13068842251596058,4,benign
1458405,194012812,190360,1225190,57333,349134,638228,72706,959132,0,0.15537181988099805,0.23939440690343217,999.0,133.03081928545225,0,0,0,0,0,72808,108,0,0,0,0,0,0,0,0,0,0,0,0,0,0,0,0.0,0.0,0.0,0.0,0.0,1.9990380816599962,221492,127653,3,1.7351100248329456,0.1518727651098289,0.08752918428008681,0.04985309293371869,0.0,0.0,0.0,0.03931212523270285,0.4376205512186258,0.0,0.0,0.0,0.0,0.0,0.0,0.0,0.0,0.0,1.0,0.0,0.0,0.0,1.0,0,0.0,0.0,0.0,0.0,0.1518727651098289,4,benign
1276331,159833004,163587,1064445,48299,284232,529442,63236,835043,0,0.15368290517593675,0.22269458314496787,999.0,125.22849010170559,0,0,0,0,0,63251,108,0,0,0,0,0,0,0,0,0,0,0,0,0,0,0,0.0,0.0,0.0,0.0,0.0,1.9999718543745337,178343,105887,3,1.6842766345254847,0.13973099454608562,0.08296202160724765,0.049545141503262086,0.0,0.0,0.0,0.03784206448013877,0.4148155925069594,0.0,0.0,0.0,0.0,0.0,0.0,0.0,0.0,0.0,1.0,0.0,0.0,0.0,1.0,0,0.0,0.0,0.0,0.0,0.13973099454608562,4,benign
1456930,182638558,180800,1222875,54163,326989,603667,68980,955714,0,0.14784830828989062,0.22443700109133588,999.0,125.35849903564345,0,0,0,0,0,68917,108,0,0,0,0,0,0,0,0,0,0,0,0,0,0,0,0.0,0.0,0.0,0.0,0.0,1.9996881115459884,206249,120728,3,1.7083775097740375,0.14156411083579856,0.08286465375824507,0.047346131934959124,0.0,0.0,0.0,0.03717611690335157,0.41434180091013295,0.0,0.0,0.0,0.0,0.0,0.0,0.0,0.0,0.0,1.0,0.0,0.0,0.0,1.0,0,0.0,0.0,0.0,0.0,0.14156411083579856,4,benign
1458637,171150071,172406,1220701,51644,307135,559570,66235,958179,0,0.14123524106230764,0.21056301190769192,999.0,117.33561605800483,0,0,0,0,0,66256,108,0,0,0,0,0,0,0,0,0,0,0,0,0,0,0,0.0,0.0,0.0,0.0,0.0,1.999693992486539,195203,111906,3,1.744347934873912,0.13382561939673818,0.07671956765117023,0.04540883029842243,0.0,0.0,0.0,0.03540565610223791,0.3836252611170565,0.0,0.0,0.0,0.0,0.0,0.0,0.0,0.0,0.0,1.0,0.0,0.0,0.0,1.0,0,0.0,0.0,0.0,0.0,0.13382561939673818,4,benign
1540123,159163589,147292,1303644,45492,288891,524018,54871,1014729,0,0.11298483328270602,0.18757657667601874,999.0,103.34472571346575,0,0,0,0,0,54872,108,0,0,0,0,0,0,0,0,0,0,0,0,0,0,0,0.0,0.0,0.0,0.0,0.0,1.9999238496099023,184100,104807,3,1.7565620616943525,0.11953590719702258,0.06805105825963251,0.035627673893578626,0.0,0.0,0.0,0.029537900544307175,0.3402442532187364,0.0,0.0,0.0,0.0,0.0,0.0,0.0,0.0,0.0,1.0,0.0,0.0,0.0,1.0,0,0.0,0.0,0.0,0.0,0.11953590719702258,4,benign
1453816,193560642,197147,1212351,58358,344871,639972,75836,950871,0,0.1626154471766015,0.23721777721527346,999.0,133.13971094003642,0,0,0,0,0,76092,108,0,0,0,0,0,0,0,0,0,0,0,0,0,0,0,0.0,0.0,0.0,0.0,0.0,1.9990435780614197,216881,127994,3,1.6944622404175196,0.14918050152151305,0.0880400270735774,0.05216340995008997,0.0,0.0,0.0,0.040141255839803665,0.4402015110577955,0.0,0.0,0.0,0.0,0.0,0.0,0.0,0.0,0.0,1.0,0.0,0.0,0.0,1.0,0,0.0,0.0,0.0,0.0,0.14918050152151305,4,benign
1370086,194427518,190766,1152348,57553,349935,638221,72549,902267,0,0.16554547758142504,0.25541097420161946,999.0,141.90898819490164,0,0,0,0,0,72663,108,0,0,0,0,0,0,0,0,0,0,0,0,0,0,0,0.0,0.0,0.0,0.0,0.0,2.0006803576737484,222288,127642,3,1.7414957459143543,0.16224382994936085,0.09316349484630891,0.05295215044894992,0.0,0.0,0.0,0.04200685212461116,0.4658255029246339,0.0,0.0,0.0,0.0,0.0,0.0,0.0,0.0,0.0,1.0,0.0,0.0,0.0,1.0,0,0.0,0.0,0.0,0.0,0.16224382994936085,4,benign
1277407,159933359,165980,1076058,49986,309642,523294,58528,841749,0,0.15424819108263682,0.24239885956472762,999.0,125.20156770708161,0,0,0,0,0,58530,108,0,0,0,0,0,0,0,0,0,0,0,0,0,0,0,0.0,0.0,0.0,0.0,0.0,1.9990832321875889,184264,104659,3,1.7606130385346697,0.14424846583743475,0.08193081766422135,0.04581781687433997,0.0,0.0,0.0,0.03913083300780409,0.40965330548525253,0.0,0.0,0.0,0.0,0.0,0.0,0.0,0.0,0.0,1.0,0.0,0.0,0.0,1.0,0,0.0,0.0,0.0,0.0,0.14424846583743475,4,benign
1465913,172160620,168337,1231067,51927,309237,564249,63372,964524,0,0.13674072978968652,0.21095180955486445,999.0,117.44259038565045,0,0,0,0,0,63324,108,0,0,0,0,0,0,0,0,0,0,0,0,0,0,0,0.0,0.0,0.0,0.0,0.0,1.999308213509879,196389,112850,3,1.7402658396101018,0.13397043344318524,0.07698274044912624,0.04323039634685005,0.0,0.0,0.0,0.03542297530617438,0.3849130200769077,0.0,0.0,0.0,0.0,0.0,0.0,0.0,0.0,0.0,1.0,0.0,0.0,0.0,1.0,0,0.0,0.0,0.0,0.0,0.13397043344318524,4,benign
1272850,170551553,164138,1073044,50191,308279,559082,62246,838439,0,0.15296483648387205,0.24219585968495896,999.0,133.99187099815376,0,0,0,0,0,62334,108,0,0,0,0,0,0,0,0,0,0,0,0,0,0,0,0.0,0.0,0.0,0.0,0.0,2.0002141147005963,196458,111816,3,1.756975745868212,0.15434497387751894,0.08784695761480144,0.048902855796048236,0.0,0.0,0.0,0.03943198334446321,0.4392363593510626,0.0,0.0,0.0,0.0,0.0,0.0,0.0,0.0,0.0,1.0,0.0,0.0,0.0,1.0,0,0.0,0.0,0.0,0.0,0.15434497387751894,4,benign
1451774,205364152,205311,1210178,64104,364628,674592,75866,954188,0,0.1696535550968535,0.25116030456531113,999.0,141.45738386277753,0,0,0,0,0,75865,108,0,0,0,0,0,0,0,0,0,0,0,0,0,0,0,0.0,0.0,0.0,0.0,0.0,2.0022184150412934,229711,134926,3,1.7024961830929546,0.1582277957863965,0.09293870809092876,0.052257445029322745,0.0,0.0,0.0,0.04415563303930226,0.46466736558169525,0.0,0.0,0.0,0.0,0.0,0.0,0.0,0.0,0.0,1.0,0.0,0.0,0.0,1.0,0,0.0,0.0,0.0,0.0,0.1582277957863965,4,benign
1276394,159411484,144740,1088214,43442,293239,521261,55196,844366,0,0.1330069269463543,0.2297401899413504,999.0,124.89206624286858,0,0,0,0,0,55194,108,0,0,0,0,0,0,0,0,0,0,0,0,0,0,0,0.0,0.0,0.0,0.0,0.0,2.0000341024574233,188979,104249,3,1.8127655900776027,0.148056947933005,0.08167462397974293,0.04324370061282018,0.0,0.0,0.0,0.0340349453225258,0.4083856552130455,0.0,0.0,0.0,0.0,0.0,0.0,0.0,0.0,0.0,1.0,0.0,0.0,0.0,1.0,0,0.0,0.0,0.0,0.0,0.148056947933005,4,benign
1270194,159539807,166784,1052069,51341,280685,525046,62644,831521,0,0.15852952610522694,0.2209780553206833,999.0,125.60270872008527,0,0,0,0,0,62630,108,0,0,0,0,0,0,0,0,0,0,0,0,0,0,0,0.0,0.0,0.0,0.0,0.0,1.9999643735081407,175678,105008,3,1.672996343135761,0.13830800649349628,0.08267083610849996,0.04931845056739364,0.0,0.0,0.0,0.040419809887308554,0.4133589042303774,0.0,0.0,0.0,0.0,0.0,0.0,0.0,0.0,0.0,1.0,0.0,0.0,0.0,1.0,0,0.0,0.0,0.0,0.0,0.13830800649349628,4,benign
1276237,159512212,150463,1080639,45135,290485,522940,57648,841607,0,0.13923521175896852,0.22761054569018138,999.0,124.98635598247034,0,0,0,0,0,57651,108,0,0,0,0,0,0,0,0,0,0,0,0,0,0,0,0.0,0.0,0.0,0.0,0.0,2.0000757382760592,185897,104588,3,1.7774218839637435,0.14566024962448199,0.0819502960656994,0.045170293605341326,0.0,0.0,0.0,0.035365688347853884,0.40975148032849695,0.0,0.0,0.0,0.0,0.0,0.0,0.0,0.0,0.0,1.0,0.0,0.0,0.0,1.0,0,0.0,0.0,0.0,0.0,0.14566024962448199,4,benign
1453664,182678764,182079,1215686,55899,325543,597078,68160,954818,0,0.14977469511041502,0.22394652409360072,999.0,125.66780493979351,0,0,0,0,0,67996,108,0,0,0,0,0,0,0,0,0,0,0,0,0,0,0,0.0,0.0,0.0,0.0,0.0,1.9972575845884843,206137,119425,3,1.726079129160561,0.14180512140357057,0.08215447311070509,0.046888414379113744,0.0,0.0,0.0,0.03845386554251877,0.41074003346027693,0.0,0.0,0.0,0.0,0.0,0.0,0.0,0.0,0.0,1.0,0.0,0.0,0.0,1.0,0,0.0,0.0,0.0,0.0,0.14180512140357057,4,benign
1546524,193833096,189018,1298867,58639,348277,636351,71288,1017052,0,0.14552529242793913,0.22519986757399174,999.0,125.33468345787068,0,0,0,0,0,71444,108,0,0,0,0,0,0,0,0,0,0,0,0,0,0,0,0.0,0.0,0.0,0.0,0.0,1.998364709865103,221007,127272,3,1.7364934942485386,0.14290563870977754,0.08229552208695112,0.04609563123495012,0.0,0.0,0.0,0.03791664403526877,0.41147179093243946,0.0,0.0,0.0,0.0,0.0,0.0,0.0,0.0,0.0,1.0,0.0,0.0,0.0,1.0,0,0.0,0.0,0.0,0.0,0.14290563870977754,4,benign
1537840,169721993,166639,1291450,50185,304433,558522,62671,1012218,0,0.129032482868094,0.19796142641627218,999.0,110.36388245851325,0,0,0,0,0,62781,108,0,0,0,0,0,0,0,0,0,0,0,0,0,0,0,0.0,0.0,0.0,0.0,0.0,2.0021505659210934,192723,111697,3,1.7254089187713189,0.1253205795141237,0.07263239348696873,0.040752614056078655,0.0,0.0,0.0,0.032633433907298545,0.3631860271549706,0.0,0.0,0.0,0.0,0.0,0.0,0.0,0.0,0.0,1.0,0.0,0.0,0.0,1.0,0,0.0,0.0,0.0,0.0,0.1253205795141237,4,benign
1276209,160082703,156489,1072002,47718,286935,527986,59013,838667,0,0.1459782724285962,0.22483386341892275,999.0,125.43611822201537,0,0,0,0,0,59013,108,0,0,0,0,0,0,0,0,0,0,0,0,0,0,0,0.0,0.0,0.0,0.0,0.0,1.9999651495086082,181339,105602,3,1.7171928561959053,0.14209193008355214,0.0827466347596671,0.04624085866813351,0.0,0.0,0.0,0.037390427429989916,0.4137143681011496,0.0,0.0,0.0,0.0,0.0,0.0,0.0,0.0,0.0,1.0,0.0,0.0,0.0,1.0,0,0.0,0.0,0.0,0.0,0.14209193008355214,4,benign
1288884,172689624,171196,1081227,51240,309521,571314,65441,845684,0,0.1583349287429929,0.24014651434884754,999.0,133.98383718007207,0,0,0,0,0,65503,108,0,0,0,0,0,0,0,0,0,0,0,0,0,0,0,0.0,0.0,0.0,0.0,0.0,2.000316668390032,195263,114267,3,1.7088310710878907,0.15149772981897516,0.08865576731497947,0.050773382243863685,0.0,0.0,0.0,0.039755323209846656,0.44326254340964744,0.0,0.0,0.0,0.0,0.0,0.0,0.0,0.0,0.0,1.0,0.0,0.0,0.0,1.0,0,0.0,0.0,0.0,0.0,0.15149772981897516,4,benign
1276256,160186816,151131,1078865,46263,288582,532871,56934,838733,0,0.14008332831262485,0.226116077025299,999.0,125.51307574655868,0,0,0,0,0,56931,108,0,0,0,0,0,0,0,0,0,0,0,0,0,0,0,0.0,0.0,0.0,0.0,0.0,2.000027722140981,182001,106569,3,1.7078231005264195,0.14260540205099917,0.08350127247198054,0.04461017225384249,0.0,0.0,0.0,0.03624899706641928,0.41752673444826116,0.0,0.0,0.0,0.0,0.0,0.0,0.0,0.0,0.0,1.0,0.0,0.0,0.0,1.0,0,0.0,0.0,0.0,0.0,0.14260540205099917,4,benign
1364386,159673953,152983,1151193,46345,287349,530105,58076,896055,0,0.1328908358546308,0.21060682240949408,999.0,117.02989696464198,0,0,0,0,0,58065,108,0,0,0,0,0,0,0,0,0,0,0,0,0,0,0,0.0,0.0,0.0,0.0,0.0,1.9999651997188137,181331,106026,3,1.7102503159602362,0.13290300545446818,0.07770968039836235,0.04256566690071578,0.0,0.0,0.0,0.03396766017827799,0.3885300787313854,0.0,0.0,0.0,0.0,0.0,0.0,0.0,0.0,0.0,1.0,0.0,0.0,0.0,1.0,0,0.0,0.0,0.0,0.0,0.13290300545446818,4,benign
1365420,182387748,178052,1147385,54032,327143,604520,67758,896728,0,0.1551806934899794,0.23959148100950622,999.0,133.5762974029969,0,0,0,0,0,67634,108,0,0,0,0,0,0,0,0,0,0,0,0,0,0,0,0.0,0.0,0.0,0.0,0.0,2.0021113960305756,206226,120896,3,1.705813260984648,0.1510348464208815,0.08854125470551186,0.049624291426813724,0.0,0.0,0.0,0.03957170687407537,0.4427355685430124,0.0,0.0,0.0,0.0,0.0,0.0,0.0,0.0,0.0,1.0,0.0,0.0,0.0,1.0,0,0.0,0.0,0.0,0.0,0.1510348464208815,4,benign
1278313,171098387,173029,1068332,50953,306310,561967,66553,839218,0,0.16196182460134115,0.23962049983063616,999.0,133.8470210347544,0,0,0,0,0,66367,108,0,0,0,0,0,0,0,0,0,0,0,0,0,0,0,0.0,0.0,0.0,0.0,0.0,2.001110602992095,193932,112394,3,1.7254657721942452,0.1517093231469914,0.08792369317999582,0.052063148853215134,0.0,0.0,0.0,0.03985956491094122,0.4396161190569133,0.0,0.0,0.0,0.0,0.0,0.0,0.0,0.0,0.0,1.0,0.0,0.0,0.0,1.0,0,0.0,0.0,0.0,0.0,0.1517093231469914,4,benign
1358694,215607890,217705,1133131,66496,387067,694321,81239,898226,0,0.1921269473697216,0.28488165841609664,999.0,158.6876000041216,0,0,0,0,0,81043,108,0,0,0,0,0,0,0,0,0,0,0,0,0,0,0,0.0,0.0,0.0,0.0,0.0,2.003535343078388,248187,138858,3,1.7873439052845352,0.1826658541216786,0.10219961227472853,0.05979197670704368,0.0,0.0,0.0,0.048941115512396466,0.5110208774013869,0.0,0.0,0.0,0.0,0.0,0.0,0.0,0.0,0.0,1.0,0.0,0.0,0.0,1.0,0,0.0,0.0,0.0,0.0,0.1826658541216786,4,benign
1749333,208281643,184077,1480404,53897,353809,706330,75598,1143680,0,0.12434240923423606,0.20225365896601732,999.0,119.06346190233648,0,0,0,0,0,75653,108,0,0,0,0,0,0,0,0,0,0,0,0,0,0,0,0.0,0.0,0.0,0.0,0.0,2.0005937167801324,233289,141264,3,1.6514398572884812,0.13335882876502073,0.0807530641678857,0.04321532835657933,0.0,0.0,0.0,0.03081002873666706,0.40377103730393243,0.0,0.0,0.0,0.0,0.0,0.0,0.0,0.0,0.0,1.0,0.0,0.0,0.0,1.0,0,0.0,0.0,0.0,0.0,0.13335882876502073,4,benign
1602590,178553506,156441,1354491,49144,300749,593528,62908,1052543,0,0.1154979988792838,0.18766434334421156,999.0,111.41558726810975,0,0,0,0,0,62804,108,0,0,0,0,0,0,0,0,0,0,0,0,0,0,0,0.0,0.0,0.0,0.0,0.0,1.9988900556966063,203044,118701,3,1.7105500374891534,0.12669740856987752,0.07406822705745075,0.03925395765604428,0.0,0.0,0.0,0.030665360447775163,0.37035548705532917,0.0,0.0,0.0,0.0,0.0,0.0,0.0,0.0,0.0,1.0,0.0,0.0,0.0,1.0,0,0.0,0.0,0.0,0.0,0.12669740856987752,4,benign
1361382,159532931,161549,1138847,47973,284981,524193,62064,893310,0,0.1418531198659697,0.20933213455150723,999.0,117.18454555738214,0,0,0,0,0,62043,108,0,0,0,0,0,0,0,0,0,0,0,0,0,0,0,0.0,0.0,0.0,0.0,0.0,1.999992982012899,180151,104844,3,1.7182766777307237,0.1323295004634996,0.07701291775563361,0.04558896768137084,0.0,0.0,0.0,0.035238456215815984,0.38504475599060367,0.0,0.0,0.0,0.0,0.0,0.0,0.0,0.0,0.0,1.0,0.0,0.0,0.0,1.0,0,0.0,0.0,0.0,0.0,0.1323295004634996,4,benign
1275382,159874222,155194,1072923,47265,287143,528866,58694,837947,0,0.14464598111886873,0.2251427415472384,999.0,125.35398962820551,0,0,0,0,0,58705,108,0,0,0,0,0,0,0,0,0,0,0,0,0,0,0,0.0,0.0,0.0,0.0,0.0,2.000034826459751,181362,105770,3,1.7146828023068923,0.1422021010175775,0.08293201566275829,0.04602072163477296,0.0,0.0,0.0,0.037059484922948575,0.4146726235747407,0.0,0.0,0.0,0.0,0.0,0.0,0.0,0.0,0.0,1.0,0.0,0.0,0.0,1.0,0,0.0,0.0,0.0,0.0,0.1422021010175775,4,benign
1462258,171607358,167280,1229351,51315,310567,555266,62866,965410,0,0.13607179723284887,0.21238864824128165,999.0,117.35778364693508,0,0,0,0,0,62985,108,0,0,0,0,0,0,0,0,0,0,0,0,0,0,0,0.0,0.0,0.0,0.0,0.0,1.999002323620471,199507,111044,3,1.7966481754980008,0.13643761907953317,0.07594008718023769,0.04299241310356996,0.0,0.0,0.0,0.03509298632662636,0.37973189409803193,0.0,0.0,0.0,0.0,0.0,0.0,0.0,0.0,0.0,1.0,0.0,0.0,0.0,1.0,0,0.0,0.0,0.0,0.0,0.13643761907953317,4,benign
1364292,170998765,177191,1135949,51311,302739,570669,69152,890180,0,0.15598499580526942,0.22190190956188266,999.0,125.33883142318507,0,0,0,0,0,69099,108,0,0,0,0,0,0,0,0,0,0,0,0,0,0,0,0.0,0.0,0.0,0.0,0.0,2.001222922189097,188613,114141,3,1.652456172628591,0.13824972953004194,0.08366317474558232,0.05068709631076045,0.0,0.0,0.0,0.03760998378646214,0.4182894864149317,0.0,0.0,0.0,0.0,0.0,0.0,0.0,0.0,0.0,1.0,0.0,0.0,0.0,1.0,0,0.0,0.0,0.0,0.0,0.13824972953004194,4,benign
1553237,159716537,159569,1298527,47865,285903,525753,61141,1018995,0,0.12288462234516495,0.1840691407686013,999.0,102.82818204819999,0,0,0,0,0,65872,108,0,0,0,0,0,0,0,0,0,0,0,0,0,0,0,0.0,0.0,0.0,0.0,0.0,2.00006296039791,180746,105149,3,1.718951202579197,0.11636730260739346,0.06769668762719405,0.03936360001725429,0.0,0.0,0.0,0.030816288821345357,0.33848858866998405,0.0,0.0,0.0,0.0,0.0,0.0,0.0,0.0,0.0,1.0,0.0,0.0,0.0,1.0,0,0.0,0.0,0.0,0.0,0.11636730260739346,4,benign
1545741,193728530,176582,1300041,53443,328134,635792,71392,1016667,0,0.13582802388540055,0.21228265278594538,999.0,125.3305243245796,0,0,0,0,0,71265,108,0,0,0,0,0,0,0,0,0,0,0,0,0,0,0,0.0,0.0,0.0,0.0,0.0,1.9989887298202864,221859,127160,3,1.7447231833910035,0.14352921996634624,0.08226475198626419,0.04618626276976544,0.0,0.0,0.0,0.03457435624726264,0.41131858442002894,0.0,0.0,0.0,0.0,0.0,0.0,0.0,0.0,0.0,1.0,0.0,0.0,0.0,1.0,0,0.0,0.0,0.0,0.0,0.14352921996634624,4,benign
1273088,170902939,166047,1071491,49960,308032,561168,63039,837830,0,0.1549681705212643,0.24195656545344862,999.0,134.2428323886487,0,0,0,0,0,63023,108,0,0,0,0,0,0,0,0,0,0,0,0,0,0,0,0.0,0.0,0.0,0.0,0.0,1.9998961200851815,195792,112236,3,1.7444670159307174,0.15379298210335812,0.08816044138347075,0.04951660843555198,0.0,0.0,0.0,0.03924316308063543,0.4407927810174945,0.0,0.0,0.0,0.0,0.0,0.0,0.0,0.0,0.0,1.0,0.0,0.0,0.0,1.0,0,0.0,0.0,0.0,0.0,0.15379298210335812,4,benign
1367165,159954209,154946,1151153,46616,288611,524822,58760,900387,0,0.13460070034130997,0.21110180556114294,999.0,116.99700401926614,0,0,0,0,0,62997,108,0,0,0,0,0,0,0,0,0,0,0,0,0,0,0,0.0,0.0,0.0,0.0,0.0,1.999993070281208,183651,104964,3,1.7496570252658055,0.1343297992561249,0.07677493206745345,0.04297945017609433,0.0,0.0,0.0,0.034096835422205804,0.38387612321848497,0.0,0.0,0.0,0.0,0.0,0.0,0.0,0.0,0.0,1.0,0.0,0.0,0.0,1.0,0,0.0,0.0,0.0,0.0,0.1343297992561249,4,benign
1272009,159297199,153509,1071722,46778,287507,523134,58056,837565,0,0.14323583914485286,0.2260259164832953,999.0,125.23276093172296,0,0,0,0,0,58054,108,0,0,0,0,0,0,0,0,0,0,0,0,0,0,0,0.0,0.0,0.0,0.0,0.0,1.9999930436718283,182874,104627,3,1.7478662295583358,0.14376785069916959,0.0822533488363683,0.045641186501038905,0.0,0.0,0.0,0.036774897032961246,0.4112659580238819,0.0,0.0,0.0,0.0,0.0,0.0,0.0,0.0,0.0,1.0,0.0,0.0,0.0,1.0,0,0.0,0.0,0.0,0.0,0.14376785069916959,4,benign
1271993,159325055,149544,1076398,46051,289416,520312,55931,840200,0,0.13893002402457083,0.2275295540148413,999.0,125.25623568683162,0,0,0,0,0,55939,108,0,0,0,0,0,0,0,0,0,0,0,0,0,0,0,0.0,0.0,0.0,0.0,0.0,2.00006910706758,185355,104061,3,1.7812148643584051,0.14572014154165944,0.08180941247318185,0.043971153929306214,0.0,0.0,0.0,0.03620381558703546,0.4090525655408481,0.0,0.0,0.0,0.0,0.0,0.0,0.0,0.0,0.0,1.0,0.0,0.0,0.0,1.0,0,0.0,0.0,0.0,0.0,0.14572014154165944,4,benign
1271473,171197772,175122,1057278,53373,303301,564004,66257,832579,0,0.1656347715548796,0.23854301271045472,999.0,134.64522801506598,0,0,0,0,0,66318,108,0,0,0,0,0,0,0,0,0,0,0,0,0,0,0,0.0,0.0,0.0,0.0,0.0,1.9990706625977945,190504,112802,3,1.6888353043385755,0.14982937113096384,0.08871757402634582,0.0521104262536444,0.0,0.0,0.0,0.04197729719781702,0.4435831511955032,0.0,0.0,0.0,0.0,0.0,0.0,0.0,0.0,0.0,1.0,0.0,0.0,0.0,1.0,0,0.0,0.0,0.0,0.0,0.14982937113096384,4,benign
1460242,159747289,152734,1230931,46117,289889,523182,58306,961204,0,0.12408006622629539,0.1985212040196077,999.0,109.3978183068286,0,0,0,0,0,58297,108,0,0,0,0,0,0,0,0,0,0,0,0,0,0,0,0.0,0.0,0.0,0.0,0.0,2.000075893996785,185251,104640,3,1.7703650611620796,0.12686321856240268,0.07165935509319687,0.03992899807018289,0.0,0.0,0.0,0.03158175151789909,0.35828444874205784,0.0,0.0,0.0,0.0,0.0,0.0,0.0,0.0,0.0,1.0,0.0,0.0,0.0,1.0,0,0.0,0.0,0.0,0.0,0.12686321856240268,4,benign
1284658,160993018,157406,1079843,47409,289769,526403,59251,846258,0,0.1457674865698069,0.22556119994582216,999.0,125.31974891371867,0,0,0,0,0,59251,108,0,0,0,0,0,0,0,0,0,0,0,0,0,0,0,0.0,0.0,0.0,0.0,0.0,2.0000207063630655,184484,105277,3,1.752367563665378,0.14360553548103852,0.081949437126457,0.04612200289882599,0.0,0.0,0.0,0.03690398534084558,0.4097611971435199,0.0,0.0,0.0,0.0,0.0,0.0,0.0,0.0,0.0,1.0,0.0,0.0,0.0,1.0,0,0.0,0.0,0.0,0.0,0.14360553548103852,4,benign
1264359,158950849,159770,1053374,51215,282234,516644,58343,832627,0,0.15167452395825223,0.22322299283668642,999.0,125.71654806902154,0,0,0,0,0,58338,108,0,0,0,0,0,0,0,0,0,0,0,0,0,0,0,0.0,0.0,0.0,0.0,0.0,1.9999574829931972,178908,103331,3,1.7314068382189276,0.1415009502838988,0.08172599712581632,0.04614433084274324,0.0,0.0,0.0,0.040506691533021874,0.4086212855684185,0.0,0.0,0.0,0.0,0.0,0.0,0.0,0.0,0.0,1.0,0.0,0.0,0.0,1.0,0,0.0,0.0,0.0,0.0,0.1415009502838988,4,benign
1460828,171521132,165877,1229980,49879,309259,566209,63631,959596,0,0.13486154246410512,0.21170117221192364,999.0,117.41363938807307,0,0,0,0,0,63799,108,0,0,0,0,0,0,0,0,0,0,0,0,0,0,0,0.0,0.0,0.0,0.0,0.0,1.9991273263217775,196016,113239,3,1.7309937389062073,0.13418143682897643,0.07751699720980157,0.04355817385756571,0.0,0.0,0.0,0.034144334582853014,0.38759456965501754,0.0,0.0,0.0,0.0,0.0,0.0,0.0,0.0,0.0,1.0,0.0,0.0,0.0,1.0,0,0.0,0.0,0.0,0.0,0.13418143682897643,4,benign
1271387,159506805,156782,1065712,48893,285392,523913,58830,835862,0,0.14711479273950184,0.2244729574865875,999.0,125.45889253232886,0,0,0,0,0,58831,108,0,0,0,0,0,0,0,0,0,0,0,0,0,0,0,0.0,0.0,0.0,0.0,0.0,2.0,180607,104783,3,1.723628832921371,0.14205509416094392,0.08241629024050112,0.0462722994650724,0.0,0.0,0.0,0.03845642593482551,0.4120798781173632,0.0,0.0,0.0,0.0,0.0,0.0,0.0,0.0,0.0,1.0,0.0,0.0,0.0,1.0,0,0.0,0.0,0.0,0.0,0.14205509416094392,4,benign
1273345,159777291,157457,1067630,48258,285951,524378,59013,837470,0,0.14748274214849713,0.22456679061841056,999.0,125.47839823457115,0,0,0,0,0,59014,108,0,0,0,0,0,0,0,0,0,0,0,0,0,0,0,0.0,0.0,0.0,0.0,0.0,2.0000069942297602,181078,104881,3,1.726509091255804,0.14220655046354289,0.0823665228198171,0.04634486333240402,0.0,0.0,0.0,0.03789860564104779,0.41181141010488126,0.0,0.0,0.0,0.0,0.0,0.0,0.0,0.0,0.0,1.0,0.0,0.0,0.0,1.0,0,0.0,0.0,0.0,0.0,0.14220655046354289,4,benign
1365187,171401938,178035,1147665,53981,328107,565336,62924,897126,0,0.1551280208074656,0.24033850307686785,999.0,125.55198518591226,0,0,0,0,0,63061,108,0,0,0,0,0,0,0,0,0,0,0,0,0,0,0,0.0,0.0,0.0,0.0,0.0,1.999494195435571,194563,113063,3,1.7208370554469632,0.1425174719653791,0.08281869077276593,0.04609185408299376,0.0,0.0,0.0,0.0395411031602264,0.414108836371867,0.0,0.0,0.0,0.0,0.0,0.0,0.0,0.0,0.0,1.0,0.0,0.0,0.0,1.0,0,0.0,0.0,0.0,0.0,0.1425174719653791,4,benign
1364937,159588874,154931,1147781,47218,286524,527513,58598,897022,0,0.13498306732730372,0.20991738080219088,999.0,116.92032232989509,0,0,0,0,0,58598,108,0,0,0,0,0,0,0,0,0,0,0,0,0,0,0,0.0,0.0,0.0,0.0,0.0,2.0000418821854122,181024,105504,3,1.7158022444646648,0.13262443614613714,0.07729587519423974,0.042930919155975696,0.0,0.0,0.0,0.03459353801677294,0.38647424752937315,0.0,0.0,0.0,0.0,0.0,0.0,0.0,0.0,0.0,1.0,0.0,0.0,0.0,1.0,0,0.0,0.0,0.0,0.0,0.13262443614613714,4,benign
1274376,171235337,167838,1069388,51562,306651,563137,63280,837664,0,0.1569477121493789,0.24062835458294884,999.0,134.3679863713692,0,0,0,0,0,63254,108,0,0,0,0,0,0,0,0,0,0,0,0,0,0,0,0.0,0.0,0.0,0.0,0.0,1.9991850731478342,194026,112628,3,1.7227154881556983,0.15225176870876414,0.08837893996748213,0.04965567462036322,0.0,0.0,0.0,0.04046058620061897,0.4418923457441132,0.0,0.0,0.0,0.0,0.0,0.0,0.0,0.0,0.0,1.0,0.0,0.0,0.0,1.0,0,0.0,0.0,0.0,0.0,0.15225176870876414,4,benign
1366160,171274311,163414,1153306,49440,308246,571285,62414,896356,0,0.1416917973200521,0.2256295016689114,999.0,125.36914490250044,0,0,0,0,0,62449,108,0,0,0,0,0,0,0,0,0,0,0,0,0,0,0,0.0,0.0,0.0,0.0,0.0,2.000441303402579,193987,114255,3,1.6978425451840182,0.1419943491245535,0.08363222462961878,0.04568571763190256,0.0,0.0,0.0,0.03618902617555777,0.4181684429349417,0.0,0.0,0.0,0.0,0.0,0.0,0.0,0.0,0.0,1.0,0.0,0.0,0.0,1.0,0,0.0,0.0,0.0,0.0,0.1419943491245535,4,benign
1275084,159755853,155080,1073431,46573,287561,526917,58915,838332,0,0.14447132605635574,0.22552318121786485,999.0,125.29045380539635,0,0,0,0,0,58919,108,0,0,0,0,0,0,0,0,0,0,0,0,0,0,0,0.0,0.0,0.0,0.0,0.0,2.0000069550702464,182175,105379,3,1.7287599996204177,0.1428729401357087,0.08264475124776093,0.046204799056375895,0.0,0.0,0.0,0.036525436755539244,0.4132410100040468,0.0,0.0,0.0,0.0,0.0,0.0,0.0,0.0,0.0,1.0,0.0,0.0,0.0,1.0,0,0.0,0.0,0.0,0.0,0.1428729401357087,4,benign
1284070,160896232,159776,1076634,47660,287708,533728,61315,841572,0,0.1484032642476459,0.2240594360120554,999.0,125.30176080743261,0,0,0,0,0,61318,108,0,0,0,0,0,0,0,0,0,0,0,0,0,0,0,0.0,0.0,0.0,0.0,0.0,1.999986097111675,180964,106756,3,1.6951178388099966,0.14093001160372876,0.08313876969324102,0.04775051204373593,0.0,0.0,0.0,0.037116356584921385,0.4156533522315762,0.0,0.0,0.0,0.0,0.0,0.0,0.0,0.0,0.0,1.0,0.0,0.0,0.0,1.0,0,0.0,0.0,0.0,0.0,0.14093001160372876,4,benign
1371032,172238953,161170,1160262,49600,310232,573618,60584,900735,0,0.138908281060657,0.22627626488659638,999.0,125.62723043663459,0,0,0,0,0,60564,108,0,0,0,0,0,0,0,0,0,0,0,0,0,0,0,0.0,0.0,0.0,0.0,0.0,1.9988917668586745,195507,114727,3,1.7041062696662512,0.14259842221042252,0.08367930143133057,0.04418861120674061,0.0,0.0,0.0,0.036177127886147076,0.41838410773782087,0.0,0.0,0.0,0.0,0.0,0.0,0.0,0.0,0.0,1.0,0.0,0.0,0.0,1.0,0,0.0,0.0,0.0,0.0,0.14259842221042252,4,benign
1275904,159123384,171589,1054780,49535,282866,515397,67127,836407,0,0.16267752517112574,0.22169849769261638,999.0,124.71422928370787,0,0,0,0,0,67132,108,0,0,0,0,0,0,0,0,0,0,0,0,0,0,0,0.0,0.0,0.0,0.0,0.0,2.0000282823426265,179790,103084,3,1.7441115983081759,0.14091185543739967,0.08079291231942215,0.0526113249899679,0.0,0.0,0.0,0.03882345380216693,0.40394653516252005,0.0,0.0,0.0,0.0,0.0,0.0,0.0,0.0,0.0,1.0,0.0,0.0,0.0,1.0,0,0.0,0.0,0.0,0.0,0.14091185543739967,4,benign
1273688,160066756,143788,1084762,45138,290411,533784,53212,839184,0,0.13255257835359277,0.22800795799285226,999.0,125.6718725464949,0,0,0,0,0,53204,108,0,0,0,0,0,0,0,0,0,0,0,0,0,0,0,0.0,0.0,0.0,0.0,0.0,1.999882931397799,183662,106763,3,1.7202776242705806,0.14419700900063437,0.08382194069505247,0.041777892231064435,0.0,0.0,0.0,0.0354388201820226,0.41908536470470004,0.0,0.0,0.0,0.0,0.0,0.0,0.0,0.0,0.0,1.0,0.0,0.0,0.0,1.0,0,0.0,0.0,0.0,0.0,0.14419700900063437,4,benign
1366308,159616680,165337,1138797,48898,283635,526795,64087,894903,0,0.14518566522391613,0.20759228519484627,999.0,116.82335168937018,0,0,0,0,0,64090,108,0,0,0,0,0,0,0,0,0,0,0,0,0,0,0,0.0,0.0,0.0,0.0,0.0,2.0000634638573334,178265,105342,3,1.6922500047464448,0.13047204583446778,0.07709974617728946,0.04690523659379876,0.0,0.0,0.0,0.035788416667398563,0.3855609423351104,0.0,0.0,0.0,0.0,0.0,0.0,0.0,0.0,0.0,1.0,0.0,0.0,0.0,1.0,0,0.0,0.0,0.0,0.0,0.13047204583446778,4,benign
1363637,170999566,164085,1149909,49643,307658,567610,62221,895675,0,0.14269390012600996,0.22561576137931136,999.0,125.39962321350917,0,0,0,0,0,62140,108,0,0,0,0,0,0,0,0,0,0,0,0,0,0,0,0.0,0.0,0.0,0.0,0.0,2.0002340534812206,194131,113520,3,1.7101039464411558,0.1423626668974221,0.08324796115095147,0.045628712039934384,0.0,0.0,0.0,0.036404849677736814,0.4162471390846684,0.0,0.0,0.0,0.0,0.0,0.0,0.0,0.0,0.0,1.0,0.0,0.0,0.0,1.0,0,0.0,0.0,0.0,0.0,0.1423626668974221,4,benign
1366291,171109513,171816,1144137,50338,306398,562641,65819,896526,0,0.15017082744461546,0.22425530139626185,999.0,125.2365074497307,0,0,0,0,0,65887,108,0,0,0,0,0,0,0,0,0,0,0,0,0,0,0,0.0,0.0,0.0,0.0,0.0,1.9988127079392002,193874,112534,3,1.7228037748591536,0.1418980290435932,0.08236459143769519,0.048173485736201144,0.0,0.0,0.0,0.036842810206610455,0.411801731841899,0.0,0.0,0.0,0.0,0.0,0.0,0.0,0.0,0.0,1.0,0.0,0.0,0.0,1.0,0,0.0,0.0,0.0,0.0,0.1418980290435932,4,benign
1454592,170987915,181203,1218846,54543,326683,561110,64973,955054,0,0.14866767417704943,0.22458737570397747,999.0,117.55042994874164,0,0,0,0,0,64893,108,0,0,0,0,0,0,0,0,0,0,0,0,0,0,0,0.0,0.0,0.0,0.0,0.0,1.997902307461792,194393,112213,3,1.7323572135135858,0.1336409109908483,0.07714396889299542,0.04466750813973953,0.0,0.0,0.0,0.03749711259239704,0.3857507809750088,0.0,0.0,0.0,0.0,0.0,0.0,0.0,0.0,0.0,1.0,0.0,0.0,0.0,1.0,0,0.0,0.0,0.0,0.0,0.1336409109908483,4,benign
1273761,170655016,164024,1074038,49791,308455,559482,61902,839580,0,0.1527171291890976,0.24216081352781252,999.0,133.97726575079628,0,0,0,0,0,61914,108,0,0,0,0,0,0,0,0,0,0,0,0,0,0,0,0.0,0.0,0.0,0.0,0.0,2.001252181585794,196568,111894,3,1.7567340518705203,0.15432094403895236,0.08784536502530695,0.04859781387560147,0.0,0.0,0.0,0.03908975074601907,0.4392362460461578,0.0,0.0,0.0,0.0,0.0,0.0,0.0,0.0,0.0,1.0,0.0,0.0,0.0,1.0,0,0.0,0.0,0.0,0.0,0.15432094403895236,4,benign
1638459,216650535,200169,1375085,61973,367664,709714,78660,1079091,0,0.1455684557681889,0.22439621620071054,999.0,132.22823091697748,0,0,0,0,0,74790,108,0,0,0,0,0,0,0,0,0,0,0,0,0,0,0,0.0,0.0,0.0,0.0,0.0,1.9986627164252126,246483,141936,3,1.7365784578965167,0.1504358668724698,0.08662773984579412,0.04800852508363041,0.0,0.0,0.0,0.037823955314109176,0.4331594504348293,0.0,0.0,0.0,0.0,0.0,0.0,0.0,0.0,0.0,1.0,0.0,0.0,0.0,1.0,0,0.0,0.0,0.0,0.0,0.1504358668724698,4,benign
1279464,159805698,145365,1089648,44451,294514,515175,54496,849418,0,0.13340546671952777,0.23018545265830068,999.0,124.90050364840278,0,0,0,0,0,54489,108,0,0,0,0,0,0,0,0,0,0,0,0,0,0,0,0.0,0.0,0.0,0.0,0.0,2.0,191486,103042,3,1.8583296131674463,0.14966110808901228,0.08053528665128523,0.0425928357499703,0.0,0.0,0.0,0.03474189191724034,0.402649078051434,0.0,0.0,0.0,0.0,0.0,0.0,0.0,0.0,0.0,1.0,0.0,0.0,0.0,1.0,0,0.0,0.0,0.0,0.0,0.14966110808901228,4,benign
1371139,160266361,168161,1139163,49672,282162,535224,65093,895161,0,0.14761803183565478,0.2057865759780737,999.0,116.88556812985408,0,0,0,0,0,65083,108,0,0,0,0,0,0,0,0,0,0,0,0,0,0,0,0.0,0.0,0.0,0.0,0.0,1.999929121245198,175114,107047,3,1.635860883537138,0.12771425800010064,0.07807158865731337,0.047473669700883715,0.0,0.0,0.0,0.03622681580787943,0.3903499207593103,0.0,0.0,0.0,0.0,0.0,0.0,0.0,0.0,0.0,1.0,0.0,0.0,0.0,1.0,0,0.0,0.0,0.0,0.0,0.12771425800010064,4,benign
1544757,182080996,164164,1300403,49410,308771,598521,67296,1016060,0,0.12624086533174717,0.19988321787828117,999.0,117.87031617270549,0,0,0,0,0,62519,108,0,0,0,0,0,0,0,0,0,0,0,0,0,0,0,0.0,0.0,0.0,0.0,0.0,2.0002137734907914,209337,119703,3,1.748803288138142,0.13551451781736545,0.07748985762809296,0.04356413338796976,0.0,0.0,0.0,0.031985613271213534,0.38745317224650866,0.0,0.0,0.0,0.0,0.0,0.0,0.0,0.0,0.0,1.0,0.0,0.0,0.0,1.0,0,0.0,0.0,0.0,0.0,0.13551451781736545,4,benign
1359587,193401494,187830,1141324,59177,346523,631550,68622,897834,0,0.16457202336934998,0.2548737226819615,999.0,142.25017891462628,0,0,0,0,0,68599,108,0,0,0,0,0,0,0,0,0,0,0,0,0,0,0,0.0,0.0,0.0,0.0,0.0,2.0005022572711844,220218,126317,3,1.7433757926486537,0.1619741877496622,0.09290836114202328,0.050472680306593104,0.0,0.0,0.0,0.04352571773634199,0.46451606259842143,0.0,0.0,0.0,0.0,0.0,0.0,0.0,0.0,0.0,1.0,0.0,0.0,0.0,1.0,0,0.0,0.0,0.0,0.0,0.1619741877496622,4,benign
1368807,170869751,167620,1152276,48911,308715,565338,65876,898424,0,0.1454686203652597,0.22553581330311723,999.0,124.83114931469521,0,0,0,0,0,65787,108,0,0,0,0,0,0,0,0,0,0,0,0,0,0,0,0.0,0.0,0.0,0.0,0.0,2.000045350298664,195649,113070,3,1.7303351905899,0.14293395635761652,0.08260477919823613,0.04812658029948707,0.0,0.0,0.0,0.03573257588542431,0.4130151292329744,0.0,0.0,0.0,0.0,0.0,0.0,0.0,0.0,0.0,1.0,0.0,0.0,0.0,1.0,0,0.0,0.0,0.0,0.0,0.14293395635761652,4,benign
1262316,158510883,156983,1057354,47979,282880,521693,58716,829475,0,0.14846777900305858,0.2240960266684412,999.0,125.57147576359644,0,0,0,0,0,58715,108,0,0,0,0,0,0,0,0,0,0,0,0,0,0,0,0.0,0.0,0.0,0.0,0.0,1.9998868842260054,178552,104350,3,1.7110876856732151,0.14144794171982292,0.08266551323123529,0.046514501915526696,0.0,0.0,0.0,0.0380087078037512,0.413282411060305,0.0,0.0,0.0,0.0,0.0,0.0,0.0,0.0,0.0,1.0,0.0,0.0,0.0,1.0,0,0.0,0.0,0.0,0.0,0.14144794171982292,4,benign
1546586,171196282,177207,1300600,54274,328434,561170,63012,1017123,0,0.13625019221897586,0.212360644671554,999.0,110.69302450688161,0,0,0,0,0,62970,108,0,0,0,0,0,0,0,0,0,0,0,0,0,0,0,0.0,0.0,0.0,0.0,0.0,1.9998538625943043,196200,112222,3,1.7483202937035518,0.1268600646844081,0.07256111202351502,0.04074264218090685,0.0,0.0,0.0,0.0350927785457776,0.3628443552443899,0.0,0.0,0.0,0.0,0.0,0.0,0.0,0.0,0.0,1.0,0.0,0.0,0.0,1.0,0,0.0,0.0,0.0,0.0,0.1268600646844081,4,benign
1366483,171273824,168091,1147486,50906,307539,562308,63248,899196,0,0.14648631878733162,0.2250587822900102,999.0,125.33915460346013,0,0,0,0,0,63139,108,0,0,0,0,0,0,0,0,0,0,0,0,0,0,0,0.0,0.0,0.0,0.0,0.0,2.0006179987249713,195074,112458,3,1.7346387095626812,0.14275625821909238,0.08229740143126552,0.046285244675564934,0.0,0.0,0.0,0.0372532991628875,0.41150017965829067,0.0,0.0,0.0,0.0,0.0,0.0,0.0,0.0,0.0,1.0,0.0,0.0,0.0,1.0,0,0.0,0.0,0.0,0.0,0.14275625821909238,4,benign
1273702,159789142,157319,1068138,48245,286102,524479,58984,837727,0,0.14728340345535876,0.2246223999020179,999.0,125.45253285305354,0,0,0,0,0,58990,108,0,0,0,0,0,0,0,0,0,0,0,0,0,0,0,0.0,0.0,0.0,0.0,0.0,1.9999860190699885,181210,104901,3,1.7274382513036102,0.14227032696816053,0.0823591389508692,0.04630910526952144,0.0,0.0,0.0,0.0378777767484074,0.41177528181631184,0.0,0.0,0.0,0.0,0.0,0.0,0.0,0.0,0.0,1.0,0.0,0.0,0.0,1.0,0,0.0,0.0,0.0,0.0,0.14227032696816053,4,benign
1361595,170745026,168386,1141436,51784,305827,560280,63321,895314,0,0.14752119260300184,0.224609373565561,999.0,125.40074398040534,0,0,0,0,0,63357,108,0,0,0,0,0,0,0,0,0,0,0,0,0,0,0,0.0,0.0,0.0,0.0,0.0,1.9993919979079497,193766,112052,3,1.7292507050298076,0.1423081018952038,0.08229466177534436,0.04650501801196391,0.0,0.0,0.0,0.03803186703828965,0.41148799753230586,0.0,0.0,0.0,0.0,0.0,0.0,0.0,0.0,0.0,1.0,0.0,0.0,0.0,1.0,0,0.0,0.0,0.0,0.0,0.1423081018952038,4,benign
1281952,160774536,158092,1075212,48648,287815,529506,59446,842485,0,0.1470333292411171,0.22451308629340255,999.0,125.41385012855396,0,0,0,0,0,59442,108,0,0,0,0,0,0,0,0,0,0,0,0,0,0,0,0.0,0.0,0.0,0.0,0.0,1.9999235649315905,181908,105902,3,1.7177012709863837,0.1418992286762687,0.08260995731509448,0.04637147100671476,0.0,0.0,0.0,0.037948378722448266,0.4130466663338409,0.0,0.0,0.0,0.0,0.0,0.0,0.0,0.0,0.0,1.0,0.0,0.0,0.0,1.0,0,0.0,0.0,0.0,0.0,0.1418992286762687,4,benign
1369463,171704615,167658,1152075,49730,308367,567482,63774,899420,0,0.14552698392031768,0.22517366296132132,999.0,125.38098145039334,0,0,0,0,0,63716,108,0,0,0,0,0,0,0,0,0,0,0,0,0,0,0,0.0,0.0,0.0,0.0,0.0,1.9995136849067248,194870,113493,3,1.7170221952014662,0.14229665204536376,0.08287409006303931,0.046568618502288855,0.0,0.0,0.0,0.03631350390627567,0.41438286394009916,0.0,0.0,0.0,0.0,0.0,0.0,0.0,0.0,0.0,1.0,0.0,0.0,0.0,1.0,0,0.0,0.0,0.0,0.0,0.14229665204536376,4,benign
1364214,170886854,169699,1141776,52739,306417,556177,63699,898847,0,0.1486272263561329,0.22461065492657312,999.0,125.26396445132508,0,0,0,0,0,63706,108,0,0,0,0,0,0,0,0,0,0,0,0,0,0,0,0.0,0.0,0.0,0.0,0.0,2.0005680148859075,195186,111237,3,1.7546859408290407,0.14307579309404536,0.08153925996947693,0.04669282092105784,0.0,0.0,0.0,0.0386588907605405,0.40769043566478574,0.0,0.0,0.0,0.0,0.0,0.0,0.0,0.0,0.0,1.0,0.0,0.0,0.0,1.0,0,0.0,0.0,0.0,0.0,0.14307579309404536,4,benign
1286891,161495413,150280,1091531,45080,291033,546154,57636,842756,0,0.13767817863166507,0.22615202064510515,999.0,125.49268974606241,0,0,0,0,0,57627,108,0,0,0,0,0,0,0,0,0,0,0,0,0,0,0,0.0,0.0,0.0,0.0,0.0,2.000061850569025,181795,109233,3,1.6642864335869196,0.14126682057765577,0.08488131473450354,0.04478700993324221,0.0,0.0,0.0,0.03503016183965853,0.4243980259400369,0.0,0.0,0.0,0.0,0.0,0.0,0.0,0.0,0.0,1.0,0.0,0.0,0.0,1.0,0,0.0,0.0,0.0,0.0,0.14126682057765577,4,benign
1239546,155330456,152465,1040275,46806,278801,509734,57674,815169,0,0.14656220710869722,0.2249218665543675,999.0,125.3123772736147,0,0,0,0,0,57672,108,0,0,0,0,0,0,0,0,0,0,0,0,0,0,0,0.0,0.0,0.0,0.0,0.0,1.9999928264503124,176855,101952,3,1.734688873195229,0.14267723827917642,0.08224946875710946,0.04652832569343937,0.0,0.0,0.0,0.03776059944528077,0.411226368363901,0.0,0.0,0.0,0.0,0.0,0.0,0.0,0.0,0.0,1.0,0.0,0.0,0.0,1.0,0,0.0,0.0,0.0,0.0,0.14267723827917642,4,benign
1714647,193160389,187466,1442271,56101,346874,639211,71139,1125198,0,0.12997973335108312,0.20230053182958357,999.0,112.65315193156376,0,0,0,0,0,70955,108,0,0,0,0,0,0,0,0,0,0,0,0,0,0,0,0.0,0.0,0.0,0.0,0.0,1.999147028142308,219034,127844,3,1.7132911986483528,0.1277429115147316,0.07455995315653893,0.041489006191945045,0.0,0.0,0.0,0.03271868786986476,0.372794516888899,0.0,0.0,0.0,0.0,0.0,0.0,0.0,0.0,0.0,1.0,0.0,0.0,0.0,1.0,0,0.0,0.0,0.0,0.0,0.1277429115147316,4,benign
1548759,182879499,176661,1304611,53039,328678,606635,66954,1016896,0,0.13541277821511546,0.21222023568547463,999.0,118.08131478170587,0,0,0,0,0,67162,108,0,0,0,0,0,0,0,0,0,0,0,0,0,0,0,0.0,0.0,0.0,0.0,0.0,1.9997931319817956,207354,121327,3,1.7090507471543845,0.13388396774449737,0.07833820497572573,0.04323074151627206,0.0,0.0,0.0,0.034246128674635626,0.3916910248786286,0.0,0.0,0.0,0.0,0.0,0.0,0.0,0.0,0.0,1.0,0.0,0.0,0.0,1.0,0,0.0,0.0,0.0,0.0,0.13388396774449737,4,benign
1636884,170323226,167496,1375016,51548,307003,552731,63119,1078109,0,0.12181385525695701,0.18755330249425128,999.0,104.05332693092485,0,0,0,0,0,63252,108,0,0,0,0,0,0,0,0,0,0,0,0,0,0,0,0.0,0.0,0.0,0.0,0.0,1.9997720151903022,196448,110541,3,1.7771505595209018,0.12001339129712307,0.06753135836137442,0.038560459995943513,0.0,0.0,0.0,0.03149154124543951,0.33767267564470055,0.0,0.0,0.0,0.0,0.0,0.0,0.0,0.0,0.0,1.0,0.0,0.0,0.0,1.0,0,0.0,0.0,0.0,0.0,0.12001339129712307,4,benign
1360259,170846232,163259,1147801,49199,306027,574804,62132,890991,0,0.14223632842278408,0.22497700805508364,999.0,125.59831032178431,0,0,0,0,0,61998,108,0,0,0,0,0,0,0,0,0,0,0,0,0,0,0,0.0,0.0,0.0,0.0,0.0,2.000359510020525,191069,114970,3,1.6619031051578672,0.14046516141411305,0.08452066849033897,0.04567659541307942,0.0,0.0,0.0,0.03616884725629457,0.42256952536244935,0.0,0.0,0.0,0.0,0.0,0.0,0.0,0.0,0.0,1.0,0.0,0.0,0.0,1.0,0,0.0,0.0,0.0,0.0,0.14046516141411305,4,benign
1273277,181802956,185322,1061313,54716,324410,596217,71297,835360,0,0.17461578252598434,0.2547835231453957,999.0,142.7835074378945,0,0,0,0,0,71338,108,0,0,0,0,0,0,0,0,0,0,0,0,0,0,0,0.0,0.0,0.0,0.0,0.0,1.9974755249061018,205149,119234,3,1.7205578945602764,0.16111890814017688,0.09364340987860457,0.05599488563761067,0.0,0.0,0.0,0.042972581771287786,0.46825396202083286,0.0,0.0,0.0,0.0,0.0,0.0,0.0,0.0,0.0,1.0,0.0,0.0,0.0,1.0,0,0.0,0.0,0.0,0.0,0.16111890814017688,4,benign
1356059,158991006,148637,1146653,45831,286641,530101,55889,890903,0,0.12962683566868094,0.21137797101748523,999.0,117.2449030610025,0,0,0,0,0,55881,108,0,0,0,0,0,0,0,0,0,0,0,0,0,0,0,0.0,0.0,0.0,0.0,0.0,2.000048842775107,180627,106022,3,1.7036747090226556,0.1331999566390548,0.07818391382675828,0.04121428344931895,0.0,0.0,0.0,0.03379720203914431,0.3909129322544226,0.0,0.0,0.0,0.0,0.0,0.0,0.0,0.0,0.0,1.0,0.0,0.0,0.0,1.0,0,0.0,0.0,0.0,0.0,0.1331999566390548,4,benign
1281738,160357201,164230,1069417,48091,286333,526062,63303,840798,0,0.1535696552420618,0.223394328638146,999.0,125.1091884612924,0,0,0,0,0,63303,108,0,0,0,0,0,0,0,0,0,0,0,0,0,0,0,0.0,0.0,0.0,0.0,0.0,1.9999650762385712,181125,105218,3,1.7214259917504608,0.14131203100789708,0.08209009953672279,0.04938840855151365,0.0,0.0,0.0,0.037520148423468756,0.41042865234548714,0.0,0.0,0.0,0.0,0.0,0.0,0.0,0.0,0.0,1.0,0.0,0.0,0.0,1.0,0,0.0,0.0,0.0,0.0,0.14131203100789708,4,benign
1368868,171469857,169818,1149000,50050,307400,566554,64995,898508,0,0.1477963446475196,0.2245651151170164,999.0,125.26398235622426,0,0,0,0,0,64983,108,0,0,0,0,0,0,0,0,0,0,0,0,0,0,0,0.0,0.0,0.0,0.0,0.0,2.0005987478360474,194091,113308,3,1.7129505418858333,0.14178942016322976,0.0827749644231584,0.047480838181621604,0.0,0.0,0.0,0.03656305794276731,0.4138850495445872,0.0,0.0,0.0,0.0,0.0,0.0,0.0,0.0,0.0,1.0,0.0,0.0,0.0,1.0,0,0.0,0.0,0.0,0.0,0.14178942016322976,4,benign
1367098,182050659,191333,1146410,57202,347059,599035,68684,898780,0,0.16689753229647333,0.2538654873315593,999.0,133.1657708518336,0,0,0,0,0,68719,108,0,0,0,0,0,0,0,0,0,0,0,0,0,0,0,0.0,0.0,0.0,0.0,0.0,1.9990150620626097,206940,119816,3,1.727148294050878,0.1513717377978755,0.08764258304817943,0.05024072890165884,0.0,0.0,0.0,0.04184191623424217,0.4381799988003786,0.0,0.0,0.0,0.0,0.0,0.0,0.0,0.0,0.0,1.0,0.0,0.0,0.0,1.0,0,0.0,0.0,0.0,0.0,0.1513717377978755,4,benign
1455521,159135440,149597,1229654,46190,290855,511440,55745,963759,0,0.12165779967372936,0.1998287898285219,999.0,109.33228720162745,0,0,0,0,0,64410,108,0,0,0,0,0,0,0,0,0,0,0,0,0,0,0,0.0,0.0,0.0,0.0,0.0,2.0000756419248806,188563,102283,3,1.8435419375653823,0.12955017481712733,0.07027243165849205,0.03829900083887488,0.0,0.0,0.0,0.031734341174053826,0.3513793342727449,0.0,0.0,0.0,0.0,0.0,0.0,0.0,0.0,0.0,1.0,0.0,0.0,0.0,1.0,0,0.0,0.0,0.0,0.0,0.12955017481712733,4,benign
1275387,171384960,176542,1061256,51583,303105,574116,68622,830484,0,0.16635194524224126,0.23765727579158327,999.0,134.3787885559442,0,0,0,0,0,68755,108,0,0,0,0,0,0,0,0,0,0,0,0,0,0,0,0.0,0.0,0.0,0.0,0.0,1.9989514086736309,188285,114825,3,1.639756150664054,0.14762969984796773,0.09003149632229276,0.0538048451175996,0.0,0.0,0.0,0.04044497866137886,0.4501504249298448,0.0,0.0,0.0,0.0,0.0,0.0,0.0,0.0,0.0,1.0,0.0,0.0,0.0,1.0,0,0.0,0.0,0.0,0.0,0.14762969984796773,4,benign
1275969,170840132,166967,1073326,50286,307699,561562,63385,840033,0,0.15556037960507804,0.24114927557017451,999.0,133.8905036094137,0,0,0,0,0,63416,108,0,0,0,0,0,0,0,0,0,0,0,0,0,0,0,0.0,0.0,0.0,0.0,0.0,1.9994996360989812,195383,112311,3,1.739660407261978,0.15312519348040587,0.08802016349926997,0.04967597175166481,0.0,0.0,0.0,0.03941004836324394,0.44010630352304797,0.0,0.0,0.0,0.0,0.0,0.0,0.0,0.0,0.0,1.0,0.0,0.0,0.0,1.0,0,0.0,0.0,0.0,0.0,0.15312519348040587,4,benign
1460145,182431235,177266,1229863,53079,329403,596904,67128,962396,0,0.14413475322048067,0.22559608805974748,999.0,124.94049221138997,0,0,0,0,0,67138,108,0,0,0,0,0,0,0,0,0,0,0,0,0,0,0,0.0,0.0,0.0,0.0,0.0,2.0011846613691042,210024,119381,3,1.759274926495841,0.1438377695365871,0.08175968825013954,0.04597351632885775,0.0,0.0,0.0,0.03635186916367895,0.4087977563872081,0.0,0.0,0.0,0.0,0.0,0.0,0.0,0.0,0.0,1.0,0.0,0.0,0.0,1.0,0,0.0,0.0,0.0,0.0,0.1438377695365871,4,benign
1264607,158994790,152961,1060691,50955,285794,508248,54205,838729,0,0.14420882236202626,0.2259943207652654,999.0,125.72664076665716,0,0,0,0,0,54211,108,0,0,0,0,0,0,0,0,0,0,0,0,0,0,0,0.0,0.0,0.0,0.0,0.0,2.0000279925819657,184147,101648,3,1.8116145915315598,0.14561598978971332,0.08037912173505286,0.04286311873965588,0.0,0.0,0.0,0.04029315036212831,0.40190193475127056,0.0,0.0,0.0,0.0,0.0,0.0,0.0,0.0,0.0,1.0,0.0,0.0,0.0,1.0,0,0.0,0.0,0.0,0.0,0.14561598978971332,4,benign
1374249,160359311,155806,1160651,43275,290445,538322,62654,899184,0,0.13424018072616145,0.2113481617960064,999.0,116.68868669360502,0,0,0,0,0,62651,108,0,0,0,0,0,0,0,0,0,0,0,0,0,0,0,0.0,0.0,0.0,0.0,0.0,1.999979342257478,182777,107660,3,1.6977243172951886,0.13300137020292538,0.07834097023174112,0.04559144667378328,0.0,0.0,0.0,0.031489926498036384,0.3917208599023903,0.0,0.0,0.0,0.0,0.0,0.0,0.0,0.0,0.0,1.0,0.0,0.0,0.0,1.0,0,0.0,0.0,0.0,0.0,0.13300137020292538,4,benign
1457651,182862617,176940,1226537,53610,329694,601570,67540,958958,0,0.14425981442060043,0.22618171290658737,999.0,125.45020515884804,0,0,0,0,0,67369,108,0,0,0,0,0,0,0,0,0,0,0,0,0,0,0,0.0,0.0,0.0,0.0,0.0,1.9999029450122836,209380,120317,3,1.740236209346975,0.14364206521314088,0.08254170579926197,0.0463348222585516,0.0,0.0,0.0,0.03677835092213431,0.4126982384672326,0.0,0.0,0.0,0.0,0.0,0.0,0.0,0.0,0.0,1.0,0.0,0.0,0.0,1.0,0,0.0,0.0,0.0,0.0,0.14364206521314088,4,benign
1282759,172047139,167990,1077448,51167,309165,564670,63113,844281,0,0.1559147169979433,0.24101565453838172,999.0,134.12272999059059,0,0,0,0,0,63261,108,0,0,0,0,0,0,0,0,0,0,0,0,0,0,0,0.0,0.0,0.0,0.0,0.0,2.000860752284553,196228,112938,3,1.7374842834121376,0.15297339562614645,0.08804303848189722,0.04920098007497901,0.0,0.0,0.0,0.0398882408932621,0.440199601016247,0.0,0.0,0.0,0.0,0.0,0.0,0.0,0.0,0.0,1.0,0.0,0.0,0.0,1.0,0,0.0,0.0,0.0,0.0,0.15297339562614645,4,benign
1264184,159164748,163543,1048868,51773,279866,523159,60039,829063,0,0.1559233383037713,0.22138074837207242,999.0,125.9031501743417,0,0,0,0,0,60038,108,0,0,0,0,0,0,0,0,0,0,0,0,0,0,0,0.0,0.0,0.0,0.0,0.0,2.0,175234,104629,3,1.6748129103785758,0.13861431563759705,0.08276405966220107,0.047492295425349475,0.0,0.0,0.0,0.040953690285591336,0.4138313726482854,0.0,0.0,0.0,0.0,0.0,0.0,0.0,0.0,0.0,1.0,0.0,0.0,0.0,1.0,0,0.0,0.0,0.0,0.0,0.13861431563759705,4,benign
1627734,193057904,189582,1366064,56955,346621,632104,71424,1069778,0,0.13877973506365734,0.21294695570652208,999.0,118.60531511905508,0,0,0,0,0,71382,108,0,0,0,0,0,0,0,0,0,0,0,0,0,0,0,0.0,0.0,0.0,0.0,0.0,1.9991521709038895,220206,126421,3,1.741846686863733,0.13528377486739235,0.07766686694509053,0.0438794053573864,0.0,0.0,0.0,0.0349903608329125,0.38833372037445923,0.0,0.0,0.0,0.0,0.0,0.0,0.0,0.0,0.0,1.0,0.0,0.0,0.0,1.0,0,0.0,0.0,0.0,0.0,0.13528377486739235,4,benign
1275324,159612669,153212,1076094,46018,288934,523312,58331,840195,0,0.1423778963547794,0.22655732974522552,999.0,125.15460306557392,0,0,0,0,0,58336,108,0,0,0,0,0,0,0,0,0,0,0,0,0,0,0,0.0,0.0,0.0,0.0,0.0,1.999986156103774,184272,104665,3,1.7605885444035734,0.14449034127798113,0.0820693408106489,0.045738181042621326,0.0,0.0,0.0,0.036083379596086956,0.41033651056515835,0.0,0.0,0.0,0.0,0.0,0.0,0.0,0.0,0.0,1.0,0.0,0.0,0.0,1.0,0,0.0,0.0,0.0,0.0,0.14449034127798113,4,benign
1271594,159500916,156967,1066018,48609,285493,523879,58961,836043,0,0.14724610653853876,0.2245158438935698,999.0,125.43383815903503,0,0,0,0,0,58960,108,0,0,0,0,0,0,0,0,0,0,0,0,0,0,0,0.0,0.0,0.0,0.0,0.0,2.00006305081896,180713,104770,3,1.724854443065763,0.14211532926390028,0.08239265048435271,0.046367787202519044,0.0,0.0,0.0,0.038226823970544055,0.4119860584431823,0.0,0.0,0.0,0.0,0.0,0.0,0.0,0.0,0.0,1.0,0.0,0.0,0.0,1.0,0,0.0,0.0,0.0,0.0,0.14211532926390028,4,benign
1360698,170616308,168306,1141340,51052,305621,561202,63217,894980,0,0.14746350780661327,0.2246060477784196,999.0,125.38881368238948,0,0,0,0,0,63300,108,0,0,0,0,0,0,0,0,0,0,0,0,0,0,0,0.0,0.0,0.0,0.0,0.0,2.0008576385479064,193381,112243,3,1.7228780413923364,0.14211897129267478,0.08248928123654184,0.046459243711683265,0.0,0.0,0.0,0.037518979229777656,0.41243685226258875,0.0,0.0,0.0,0.0,0.0,0.0,0.0,0.0,0.0,1.0,0.0,0.0,0.0,1.0,0,0.0,0.0,0.0,0.0,0.14211897129267478,4,benign
1453063,170777358,166060,1222089,50165,306682,563925,62764,954787,0,0.13588208387441503,0.21105898367792725,999.0,117.52921793480392,0,0,0,0,0,62935,108,0,0,0,0,0,0,0,0,0,0,0,0,0,0,0,0.0,0.0,0.0,0.0,0.0,2.000260890549892,193894,112784,3,1.7191622925237622,0.1334381234674615,0.07761810740484067,0.04319427306317758,0.0,0.0,0.0,0.034523623545572354,0.3880939780312347,0.0,0.0,0.0,0.0,0.0,0.0,0.0,0.0,0.0,1.0,0.0,0.0,0.0,1.0,0,0.0,0.0,0.0,0.0,0.1334381234674615,4,benign
1274026,159752685,155278,1072159,46589,286824,529145,58914,836756,0,0.14482739966740008,0.22513198317773733,999.0,125.39201319282338,0,0,0,0,0,58911,108,0,0,0,0,0,0,0,0,0,0,0,0,0,0,0,0.0,0.0,0.0,0.0,0.0,2.0000418383783445,180999,105832,3,1.7102483180890469,0.1420685292136895,0.08306894835741185,0.04624238437834079,0.0,0.0,0.0,0.03656832749096172,0.4153329680869935,0.0,0.0,0.0,0.0,0.0,0.0,0.0,0.0,0.0,1.0,0.0,0.0,0.0,1.0,0,0.0,0.0,0.0,0.0,0.1420685292136895,4,benign
1275089,159435708,163058,1063825,48206,284910,522740,62963,836469,0,0.15327520973844383,0.22344322631596697,999.0,125.03888591306176,0,0,0,0,0,62963,108,0,0,0,0,0,0,0,0,0,0,0,0,0,0,0,0.0,0.0,0.0,0.0,0.0,2.0000561596619186,180359,104547,3,1.7251475412972157,0.14144816557903017,0.08199192370101224,0.0493792982293785,0.0,0.0,0.0,0.03780598844472817,0.4099635397999669,0.0,0.0,0.0,0.0,0.0,0.0,0.0,0.0,0.0,1.0,0.0,0.0,0.0,1.0,0,0.0,0.0,0.0,0.0,0.14144816557903017,4,benign
1546575,160417859,146160,1311016,45423,289904,537274,54448,1015807,0,0.11148605356456366,0.1874490406220196,999.0,103.7245907893248,0,0,0,0,0,54447,108,0,0,0,0,0,0,0,0,0,0,0,0,0,0,0,0.0,0.0,0.0,0.0,0.0,2.0,182449,107453,3,1.69794235619294,0.11796970725635679,0.06947804018557134,0.03520553481079159,0.0,0.0,0.0,0.02937005964793172,0.34739602023826843,0.0,0.0,0.0,0.0,0.0,0.0,0.0,0.0,0.0,1.0,0.0,0.0,0.0,1.0,0,0.0,0.0,0.0,0.0,0.11796970725635679,4,benign
1292248,161871384,159577,1084679,47992,290047,536271,61129,847557,0,0.14711910159595604,0.22445149847397713,999.0,125.26340454773387,0,0,0,0,0,61141,108,0,0,0,0,0,0,0,0,0,0,0,0,0,0,0,0.0,0.0,0.0,0.0,0.0,1.999855206365404,182809,107275,3,1.7041155907713819,0.14146587961443932,0.08301425113445716,0.04730438739313197,0.0,0.0,0.0,0.0371383821062211,0.41499077576440435,0.0,0.0,0.0,0.0,0.0,0.0,0.0,0.0,0.0,1.0,0.0,0.0,0.0,1.0,0,0.0,0.0,0.0,0.0,0.14146587961443932,4,benign
1461512,183218542,179288,1228520,54020,329002,605259,68383,959978,0,0.14593820206427247,0.22511070726754212,999.0,125.36232477051163,0,0,0,0,0,68204,108,0,0,0,0,0,0,0,0,0,0,0,0,0,0,0,0.0,0.0,0.0,0.0,0.0,1.9993679847830181,207934,121038,3,1.717923296815876,0.14227320747280897,0.08281697310730257,0.046789215552113156,0.0,0.0,0.0,0.03696172183327951,0.4141320769176031,0.0,0.0,0.0,0.0,0.0,0.0,0.0,0.0,0.0,1.0,0.0,0.0,0.0,1.0,0,0.0,0.0,0.0,0.0,0.14227320747280897,4,benign
1729954,182652762,178473,1454629,53394,327768,603489,67835,1135266,0,0.12269314031275329,0.18946630950880775,999.0,105.58243860819421,0,0,0,0,0,67977,108,0,0,0,0,0,0,0,0,0,0,0,0,0,0,0,0.0,0.0,0.0,0.0,0.0,1.9991461019554264,207078,120700,3,1.7156420878210439,0.11970144870904081,0.06977064130028891,0.03921202529084589,0.0,0.0,0.0,0.030864404487055724,0.34884684795087034,0.0,0.0,0.0,0.0,0.0,0.0,0.0,0.0,0.0,1.0,0.0,0.0,0.0,1.0,0,0.0,0.0,0.0,0.0,0.11970144870904081,4,benign
1547259,171487083,167151,1301406,50702,308019,566889,63580,1016907,0,0.12843878082627558,0.19907397533315366,999.0,110.83282307616243,0,0,0,0,0,63500,108,0,0,0,0,0,0,0,0,0,0,0,0,0,0,0,0.0,0.0,0.0,0.0,0.0,2.000604041230685,194637,113368,3,1.7168601368993013,0.12579471180972288,0.07327021526454201,0.04109202143920313,0.0,0.0,0.0,0.032768915869935154,0.36638274522882075,0.0,0.0,0.0,0.0,0.0,0.0,0.0,0.0,0.0,1.0,0.0,0.0,0.0,1.0,0,0.0,0.0,0.0,0.0,0.12579471180972288,4,benign
1365009,194289314,189145,1147923,57666,348693,642700,71712,896865,0,0.16477150470893953,0.25545106296002446,999.0,142.335555296705,0,0,0,0,0,71758,108,0,0,0,0,0,0,0,0,0,0,0,0,0,0,0,0.0,0.0,0.0,0.0,0.0,2.001417723262715,220154,128543,3,1.7126875831433839,0.16128391827453153,0.0941700750691021,0.05253591734559992,0.0,0.0,0.0,0.04224587530192109,0.4708393864069761,0.0,0.0,0.0,0.0,0.0,0.0,0.0,0.0,0.0,1.0,0.0,0.0,0.0,1.0,0,0.0,0.0,0.0,0.0,0.16128391827453153,4,benign
1546147,193531741,190347,1297790,57064,347093,640330,72459,1016378,0,0.14667010841507486,0.22448900395628618,999.0,125.17033697313386,0,0,0,0,0,72525,108,0,0,0,0,0,0,0,0,0,0,0,0,0,0,0,0.0,0.0,0.0,0.0,0.0,2.0014819684231164,219033,128063,3,1.7103534978877584,0.1416637615957603,0.08282718266762475,0.046864237359060944,0.0,0.0,0.0,0.03690722809668162,0.4141456148736181,0.0,0.0,0.0,0.0,0.0,0.0,0.0,0.0,0.0,1.0,0.0,0.0,0.0,1.0,0,0.0,0.0,0.0,0.0,0.1416637615957603,4,benign
1267114,158062638,151417,1069312,46385,289898,499133,56534,842793,0,0.1416022638855638,0.22878604450743975,999.0,124.74223945122539,0,0,0,0,0,56535,108,0,0,0,0,0,0,0,0,0,0,0,0,0,0,0,0.0,0.0,0.0,0.0,0.0,2.0,190069,99830,3,1.9039266753480917,0.15000149947045016,0.07878533423196335,0.04461634864739873,0.0,0.0,0.0,0.036606808858555745,0.3939132548452625,0.0,0.0,0.0,0.0,0.0,0.0,0.0,0.0,0.0,1.0,0.0,0.0,0.0,1.0,0,0.0,0.0,0.0,0.0,0.15000149947045016,4,benign
1280287,160864172,166788,1064723,48776,281480,550592,65178,829730,0,0.1566491942035628,0.21985695394860683,999.0,125.64696197024574,0,0,0,0,0,65182,108,0,0,0,0,0,0,0,0,0,0,0,0,0,0,0,0.0,0.0,0.0,0.0,0.0,2.000099479155564,171366,110112,3,1.5562881429816913,0.13384967589298338,0.08600571590588672,0.050908897770578006,0.0,0.0,0.0,0.038097707779583795,0.4300535739252215,0.0,0.0,0.0,0.0,0.0,0.0,0.0,0.0,0.0,1.0,0.0,0.0,0.0,1.0,0,0.0,0.0,0.0,0.0,0.13384967589298338,4,benign
1362228,182193087,176494,1147349,53470,327865,599575,66708,896405,0,0.15382764965150098,0.24068291064344588,999.0,133.7463970789031,0,0,0,0,0,66725,108,0,0,0,0,0,0,0,0,0,0,0,0,0,0,0,0.0,0.0,0.0,0.0,0.0,1.9989574315014205,207949,119918,3,1.7340932970863423,0.15265359396518058,0.08803078486127139,0.048969775984636935,0.0,0.0,0.0,0.03925187266742425,0.44014291293381136,0.0,0.0,0.0,0.0,0.0,0.0,0.0,0.0,0.0,1.0,0.0,0.0,0.0,1.0,0,0.0,0.0,0.0,0.0,0.15265359396518058,4,benign
1544182,170735212,162912,1299635,52258,308136,549244,59240,1021908,0,0.12535211809469582,0.19954642652226226,999.0,110.56676738881816,0,0,0,0,0,59081,108,0,0,0,0,0,0,0,0,0,0,0,0,0,0,0,0.0,0.0,0.0,0.0,0.0,1.9990268776395943,198288,109843,3,1.8051946869623008,0.12840973408574896,0.07113345447622106,0.038363353542522835,0.0,0.0,0.0,0.03384186579043144,0.3556860525508004,0.0,0.0,0.0,0.0,0.0,0.0,0.0,0.0,0.0,1.0,0.0,0.0,0.0,1.0,0,0.0,0.0,0.0,0.0,0.12840973408574896,4,benign
1288846,172394841,165644,1076785,46419,287073,576280,70252,840203,0,0.15383200917546214,0.22273646347197415,999.0,133.75906896557075,0,0,0,0,0,70187,108,0,0,0,0,0,0,0,0,0,0,0,0,0,0,0,0.0,0.0,0.0,0.0,0.0,2.000006966893323,192664,115263,3,1.6715164449996964,0.1494856639195063,0.08943116555430207,0.0545076758588691,0.0,0.0,0.0,0.03601593984075677,0.44712867169545467,0.0,0.0,0.0,0.0,0.0,0.0,0.0,0.0,0.0,1.0,0.0,0.0,0.0,1.0,0,0.0,0.0,0.0,0.0,0.1494856639195063,4,benign
1639496,182556448,177835,1378581,52971,328935,601035,67893,1077139,0,0.1289985862274324,0.2006317795224874,999.0,111.34912680482294,0,0,0,0,0,72508,108,0,0,0,0,0,0,0,0,0,0,0,0,0,0,0,0.0,0.0,0.0,0.0,0.0,1.9998844823288362,208733,120211,3,1.7363885168578583,0.12731534569160277,0.07332192332277725,0.041410897007373,0.0,0.0,0.0,0.03230931944939176,0.3665974177430137,0.0,0.0,0.0,0.0,0.0,0.0,0.0,0.0,0.0,1.0,0.0,0.0,0.0,1.0,0,0.0,0.0,0.0,0.0,0.12731534569160277,4,benign
1367372,171129007,165964,1150854,50876,308372,561593,62869,900035,0,0.14420943056200006,0.2255216576030517,999.0,125.15175606930667,0,0,0,0,0,62865,108,0,0,0,0,0,0,0,0,0,0,0,0,0,0,0,0.0,0.0,0.0,0.0,0.0,1.999857325369495,196057,112320,3,1.7455217236467238,0.1433823421863253,0.08214297206612392,0.04597797819466831,0.0,0.0,0.0,0.037207138949751785,0.41070974102146307,0.0,0.0,0.0,0.0,0.0,0.0,0.0,0.0,0.0,1.0,0.0,0.0,0.0,1.0,0,0.0,0.0,0.0,0.0,0.1433823421863253,4,benign
1359397,170285347,176240,1144937,52528,328019,558667,62488,894501,0,0.15392986688350538,0.24129742819794364,999.0,125.26535441817218,0,0,0,0,0,66862,108,0,0,0,0,0,0,0,0,0,0,0,0,0,0,0,0.0,0.0,0.0,0.0,0.0,2.0002866098325467,195368,111732,3,1.7485411520423872,0.1437166626084948,0.08219232497938424,0.04596743997522431,0.0,0.0,0.0,0.03864066199940121,0.41096677423887207,0.0,0.0,0.0,0.0,0.0,0.0,0.0,0.0,0.0,1.0,0.0,0.0,0.0,1.0,0,0.0,0.0,0.0,0.0,0.1437166626084948,4,benign
1551344,170971489,165580,1305791,50434,308487,561546,62703,1021393,0,0.12680436608921336,0.19885144751905445,999.0,110.20862490846646,0,0,0,0,0,62596,108,0,0,0,0,0,0,0,0,0,0,0,0,0,0,0,0.0,0.0,0.0,0.0,0.0,2.001524726522456,196175,112305,3,1.7468055741062285,0.12645486752132346,0.07239206778122712,0.04041850163471158,0.0,0.0,0.0,0.032509875308119926,0.36197387555564725,0.0,0.0,0.0,0.0,0.0,0.0,0.0,0.0,0.0,1.0,0.0,0.0,0.0,1.0,0,0.0,0.0,0.0,0.0,0.12645486752132346,4,benign
1272903,170891431,166233,1070935,50447,307925,559938,62893,838029,0,0.15522230574217857,0.24190767089086915,999.0,134.2533020976461,0,0,0,0,0,62941,108,0,0,0,0,0,0,0,0,0,0,0,0,0,0,0,0.0,0.0,0.0,0.0,0.0,1.9990456776338,195937,111988,3,1.7496249598171232,0.1539292467689997,0.08797842412186946,0.049409106585497874,0.0,0.0,0.0,0.0396314565995995,0.4398905493977153,0.0,0.0,0.0,0.0,0.0,0.0,0.0,0.0,0.0,1.0,0.0,0.0,0.0,1.0,0,0.0,0.0,0.0,0.0,0.1539292467689997,4,benign
1638429,193794126,191000,1374279,57930,347396,636951,71880,1077523,0,0.13898196799921994,0.2120299384349276,999.0,118.28045402028407,0,0,0,0,0,71830,108,0,0,0,0,0,0,0,0,0,0,0,0,0,0,0,0.0,0.0,0.0,0.0,0.0,2.0000921181415166,220012,127404,3,1.7268845562148756,0.1342822911459697,0.07775985410414489,0.043871293782031445,0.0,0.0,0.0,0.03535704018910798,0.3887571570083293,0.0,0.0,0.0,0.0,0.0,0.0,0.0,0.0,0.0,1.0,0.0,0.0,0.0,1.0,0,0.0,0.0,0.0,0.0,0.1342822911459697,4,benign
1272320,159562204,158042,1065974,48304,285716,522038,59296,837201,0,0.14826065176073713,0.22456300301810866,999.0,125.41043448189134,0,0,0,0,0,59292,108,0,0,0,0,0,0,0,0,0,0,0,0,0,0,0,0.0,0.0,0.0,0.0,0.0,2.0,181307,104399,3,1.7366737229283806,0.14250110035211266,0.08205404300804829,0.0466046277665996,0.0,0.0,0.0,0.03796529175050302,0.4103040115694165,0.0,0.0,0.0,0.0,0.0,0.0,0.0,0.0,0.0,1.0,0.0,0.0,0.0,1.0,0,0.0,0.0,0.0,0.0,0.14250110035211266,4,benign
1273077,159696712,156865,1067761,48451,286044,524104,58835,837364,0,0.14691021679945232,0.22468711633310476,999.0,125.44151846274814,0,0,0,0,0,58837,108,0,0,0,0,0,0,0,0,0,0,0,0,0,0,0,0.0,0.0,0.0,0.0,0.0,2.0001678204321376,181217,104825,3,1.7287574528976866,0.14234567115736127,0.08233987417885956,0.04621480083294255,0.0,0.0,0.0,0.03805818501159003,0.4116828754270166,0.0,0.0,0.0,0.0,0.0,0.0,0.0,0.0,0.0,1.0,0.0,0.0,0.0,1.0,0,0.0,0.0,0.0,0.0,0.14234567115736127,4,benign
1640192,194773049,194040,1372336,59624,347314,637926,72331,1077870,0,0.1413939443401616,0.21175203878570314,999.0,118.75015181149524,0,0,0,0,0,72516,108,0,0,0,0,0,0,0,0,0,0,0,0,0,0,0,0.0,0.0,0.0,0.0,0.0,1.9998733215100075,219730,127579,3,1.7223053950885334,0.1339660234899329,0.07778296687217107,0.044099105470579054,0.0,0.0,0.0,0.036351841735601687,0.3889337345871703,0.0,0.0,0.0,0.0,0.0,0.0,0.0,0.0,0.0,1.0,0.0,0.0,0.0,1.0,0,0.0,0.0,0.0,0.0,0.1339660234899329,4,benign
1703546,202118949,197530,1432087,59593,363511,664931,75004,1121012,0,0.13793156421362668,0.21338490419395778,999.0,118.64601777703685,0,0,0,0,0,74919,108,0,0,0,0,0,0,0,0,0,0,0,0,0,0,0,0.0,0.0,0.0,0.0,0.0,2.001999184905328,230525,132993,3,1.7333619062657433,0.13532067816190463,0.07806833510806283,0.044028162432948686,0.0,0.0,0.0,0.03498173809219123,0.39032171717112424,0.0,0.0,0.0,0.0,0.0,0.0,0.0,0.0,0.0,1.0,0.0,0.0,0.0,1.0,0,0.0,0.0,0.0,0.0,0.13532067816190463,4,benign
1451766,171098471,168052,1217436,52254,306293,561711,63002,954464,0,0.13803764633212753,0.21097959313002232,999.0,117.85540576098352,0,0,0,0,0,67057,108,0,0,0,0,0,0,0,0,0,0,0,0,0,0,0,0.0,0.0,0.0,0.0,0.0,2.0013264072658368,193946,112345,3,1.726342961413503,0.13359315481971612,0.07738506067782273,0.043396800861846885,0.0,0.0,0.0,0.035993403895669136,0.3869156599617294,0.0,0.0,0.0,0.0,0.0,0.0,0.0,0.0,0.0,1.0,0.0,0.0,0.0,1.0,0,0.0,0.0,0.0,0.0,0.13359315481971612,4,benign
1271296,159395705,155110,1068994,47192,286068,526990,58746,835118,0,0.1450990370385615,0.22502076621022957,999.0,125.38048180754129,0,0,0,0,0,58748,108,0,0,0,0,0,0,0,0,0,0,0,0,0,0,0,0.0,0.0,0.0,0.0,0.0,1.9999440708063592,180674,105400,3,1.7141745730550284,0.14211796465968587,0.08290752114377768,0.04620953735400725,0.0,0.0,0.0,0.037121173983084975,0.4145297397301651,0.0,0.0,0.0,0.0,0.0,0.0,0.0,0.0,0.0,1.0,0.0,0.0,0.0,1.0,0,0.0,0.0,0.0,0.0,0.14211796465968587,4,benign
1274221,159709803,154357,1072932,46932,287253,527945,58355,837601,0,0.14386466243899892,0.22543420646810874,999.0,125.33917036369672,0,0,0,0,0,58358,108,0,0,0,0,0,0,0,0,0,0,0,0,0,0,0,0.0,0.0,0.0,0.0,0.0,2.000048738711766,181662,105584,3,1.7205447795120472,0.14256710570615302,0.08286160720942443,0.045796608280667166,0.0,0.0,0.0,0.036831915342785904,0.4143276558775911,0.0,0.0,0.0,0.0,0.0,0.0,0.0,0.0,0.0,1.0,0.0,0.0,0.0,1.0,0,0.0,0.0,0.0,0.0,0.14256710570615302,4,benign
1907135,239539758,232174,1606107,69700,430542,792364,88049,1252541,0,0.1445569940234368,0.2257532896202943,999.0,125.60188869691973,0,0,0,0,0,87962,108,0,0,0,0,0,0,0,0,0,0,0,0,0,0,0,0.0,0.0,0.0,0.0,0.0,1.9990713698687381,272071,158473,3,1.7168287342323298,0.14265953904679007,0.08309479926696327,0.04616820518736219,0.0,0.0,0.0,0.03654696704742978,0.4154734719880868,0.0,0.0,0.0,0.0,0.0,0.0,0.0,0.0,0.0,1.0,0.0,0.0,0.0,1.0,0,0.0,0.0,0.0,0.0,0.14265953904679007,4,benign
1724026,182094187,179398,1447728,53387,326486,599715,68332,1131590,0,0.12391692362101168,0.18937417417138722,999.0,105.6214854068326,0,0,0,0,0,68305,108,0,0,0,0,0,0,0,0,0,0,0,0,0,0,0,0.0,0.0,0.0,0.0,0.0,1.9983718538830673,206539,119943,3,1.721976272062563,0.11980039744180192,0.0695714565789611,0.03963513311284168,0.0,0.0,0.0,0.030966470343254685,0.34785728289480555,0.0,0.0,0.0,0.0,0.0,0.0,0.0,0.0,0.0,1.0,0.0,0.0,0.0,1.0,0,0.0,0.0,0.0,0.0,0.11980039744180192,4,benign
1454936,182527820,174325,1227965,52646,328418,607534,65991,955059,0,0.1419625152182676,0.22572676736296304,999.0,125.45419179950183,0,0,0,0,0,66059,108,0,0,0,0,0,0,0,0,0,0,0,0,0,0,0,0.0,0.0,0.0,0.0,0.0,1.9991356221085952,206922,121509,3,1.7029355850183936,0.14222068874507196,0.08351501371881649,0.04535663424370556,0.0,0.0,0.0,0.036184409486053,0.4175675081240687,0.0,0.0,0.0,0.0,0.0,0.0,0.0,0.0,0.0,1.0,0.0,0.0,0.0,1.0,0,0.0,0.0,0.0,0.0,0.14222068874507196,4,benign
1449600,170563694,171308,1214392,50281,305483,561220,65647,952229,0,0.14106482914907212,0.2107360651214128,999.0,117.6625924392936,0,0,0,0,0,65565,108,0,0,0,0,0,0,0,0,0,0,0,0,0,0,0,0.0,0.0,0.0,0.0,0.0,1.9998494301257586,193235,112252,3,1.7214392616612622,0.1333022902869757,0.07743653421633553,0.04528628587196468,0.0,0.0,0.0,0.03468612030905077,0.38715507726269316,0.0,0.0,0.0,0.0,0.0,0.0,0.0,0.0,0.0,1.0,0.0,0.0,0.0,1.0,0,0.0,0.0,0.0,0.0,0.1333022902869757,4,benign
1276221,160279602,148549,1081945,45728,289206,535932,55805,838586,0,0.1372981066505229,0.2266112217241371,999.0,125.58922161600537,0,0,0,0,0,55808,108,0,0,0,0,0,0,0,0,0,0,0,0,0,0,0,0.0,0.0,0.0,0.0,0.0,2.0000414937759334,182009,107182,3,1.6981302830699185,0.14261558147060735,0.08398388680330444,0.04372675265490852,0.0,0.0,0.0,0.03583078479354281,0.419936672410186,0.0,0.0,0.0,0.0,0.0,0.0,0.0,0.0,0.0,1.0,0.0,0.0,0.0,1.0,0,0.0,0.0,0.0,0.0,0.14261558147060735,4,benign
1272428,159002544,165548,1058367,48513,283578,519126,64051,834667,0,0.15641833125938356,0.2228636905192278,999.0,124.95995372626192,0,0,0,0,0,64061,108,0,0,0,0,0,0,0,0,0,0,0,0,0,0,0,0.0,0.0,0.0,0.0,0.0,1.9999717894647757,179753,103838,3,1.731090737494944,0.1412677180948549,0.08160618911246845,0.050337622246602556,0.0,0.0,0.0,0.03812632227520928,0.4079806480209489,0.0,0.0,0.0,0.0,0.0,0.0,0.0,0.0,0.0,1.0,0.0,0.0,0.0,1.0,0,0.0,0.0,0.0,0.0,0.1412677180948549,4,benign
1282025,160705873,152867,1082481,46677,290127,530140,57659,843913,0,0.14121910684806477,0.22630369922583413,999.0,125.35315067958894,0,0,0,0,0,57646,108,0,0,0,0,0,0,0,0,0,0,0,0,0,0,0,0.0,0.0,0.0,0.0,0.0,1.999937960129043,184103,106026,3,1.7363948465470733,0.14360328386731927,0.08270197539049551,0.04497494198631072,0.0,0.0,0.0,0.0364088063805308,0.4135176771123808,0.0,0.0,0.0,0.0,0.0,0.0,0.0,0.0,0.0,1.0,0.0,0.0,0.0,1.0,0,0.0,0.0,0.0,0.0,0.14360328386731927,4,benign
1549339,182999588,173546,1309017,52802,328807,612814,65911,1016593,0,0.13257734620711573,0.21222405167623096,999.0,118.11462049299733,0,0,0,0,0,65735,108,0,0,0,0,0,0,0,0,0,0,0,0,0,0,0,0.0,0.0,0.0,0.0,0.0,2.0012477099956785,206238,122557,3,1.6827924965526244,0.13311354067766965,0.07910276576010802,0.04254136764129735,0.0,0.0,0.0,0.03408034006760302,0.3955325464601356,0.0,0.0,0.0,0.0,0.0,0.0,0.0,0.0,0.0,1.0,0.0,0.0,0.0,1.0,0,0.0,0.0,0.0,0.0,0.13311354067766965,4,benign
1277292,159864456,161137,1067888,48267,285805,526212,61762,838028,0,0.1508931648262739,0.22375854542265983,999.0,125.15889553837337,0,0,0,0,0,61757,108,0,0,0,0,0,0,0,0,0,0,0,0,0,0,0,0.0,0.0,0.0,0.0,0.0,2.000104972182372,180559,105239,3,1.7157042541263219,0.14136078516110648,0.08239227991719983,0.04835386113746896,0.0,0.0,0.0,0.03778854013021298,0.41197470899371486,0.0,0.0,0.0,0.0,0.0,0.0,0.0,0.0,0.0,1.0,0.0,0.0,0.0,1.0,0,0.0,0.0,0.0,0.0,0.14136078516110648,4,benign
1365356,171366788,171033,1143566,51040,307420,562250,65468,896941,0,0.14956110972169512,0.2251573948479371,999.0,125.51070050594863,0,0,0,0,0,65394,108,0,0,0,0,0,0,0,0,0,0,0,0,0,0,0,0.0,0.0,0.0,0.0,0.0,1.999115608214439,194966,112447,3,1.7338479461435166,0.14279499266125464,0.08235727531867147,0.047949399277551055,0.0,0.0,0.0,0.03738219189720483,0.4117973627390952,0.0,0.0,0.0,0.0,0.0,0.0,0.0,0.0,0.0,1.0,0.0,0.0,0.0,1.0,0,0.0,0.0,0.0,0.0,0.14279499266125464,4,benign
1262477,169311548,168387,1054264,54497,305724,531919,60947,839950,0,0.1597199562917827,0.24216203542718007,999.0,134.1106000346937,0,0,0,0,0,56651,108,0,0,0,0,0,0,0,0,0,0,0,0,0,0,0,0.0,0.0,0.0,0.0,0.0,2.0011258312824003,199334,106377,3,1.8738449100839467,0.15789119326530304,0.08426054494458117,0.04827573096381162,0.0,0.0,0.0,0.04316672699779877,0.42132965590660265,0.0,0.0,0.0,0.0,0.0,0.0,0.0,0.0,0.0,1.0,0.0,0.0,0.0,1.0,0,0.0,0.0,0.0,0.0,0.15789119326530304,4,benign
1370632,171578483,171840,1151043,47749,305162,588919,68968,889660,0,0.14929068679449856,0.2226432769700401,999.0,125.18202041102207,0,0,0,0,0,68968,108,0,0,0,0,0,0,0,0,0,0,0,0,0,0,0,0.0,0.0,0.0,0.0,0.0,2.0006424881336375,187386,117798,3,1.5907400804767484,0.13671503364871096,0.08594429431094561,0.05031839326675577,0.0,0.0,0.0,0.03483721378167152,0.42966967063369305,0.0,0.0,0.0,0.0,0.0,0.0,0.0,0.0,0.0,1.0,0.0,0.0,0.0,1.0,0,0.0,0.0,0.0,0.0,0.13671503364871096,4,benign
1274345,171164483,166508,1071959,50933,307943,563698,63382,838661,0,0.15533056768029374,0.24164806233790692,999.0,134.31565470888967,0,0,0,0,0,63322,108,0,0,0,0,0,0,0,0,0,0,0,0,0,0,0,0.0,0.0,0.0,0.0,0.0,2.0004352401616234,195201,112739,3,1.7314416484091575,0.15317751472324997,0.08846819346409332,0.04973692367451514,0.0,0.0,0.0,0.03996798355233473,0.4423433214710302,0.0,0.0,0.0,0.0,0.0,0.0,0.0,0.0,0.0,1.0,0.0,0.0,0.0,1.0,0,0.0,0.0,0.0,0.0,0.15317751472324997,4,benign
1460891,171472132,165699,1229735,50912,309127,562622,62704,962428,0,0.13474366428539483,0.21160168691572473,999.0,117.37503482463784,0,0,0,0,0,62724,108,0,0,0,0,0,0,0,0,0,0,0,0,0,0,0,0.0,0.0,0.0,0.0,0.0,2.0015863663146445,196603,112527,3,1.747162903125472,0.13457745992000772,0.07702628053701474,0.04292175117787706,0.0,0.0,0.0,0.03484996485021812,0.3851225040061168,0.0,0.0,0.0,0.0,0.0,0.0,0.0,0.0,0.0,1.0,0.0,0.0,0.0,1.0,0,0.0,0.0,0.0,0.0,0.13457745992000772,4,benign
1454402,182495525,181258,1217180,55964,325797,599282,67772,956144,0,0.14891634762319458,0.22400753024267017,999.0,125.47804871005403,0,0,0,0,0,71878,108,0,0,0,0,0,0,0,0,0,0,0,0,0,0,0,0.0,0.0,0.0,0.0,0.0,2.000693924171897,205941,119855,3,1.7182512202244378,0.14159840264246062,0.0824084400323982,0.0465978457125334,0.0,0.0,0.0,0.038479044995812714,0.4120470131366706,0.0,0.0,0.0,0.0,0.0,0.0,0.0,0.0,0.0,1.0,0.0,0.0,0.0,1.0,0,0.0,0.0,0.0,0.0,0.14159840264246062,4,benign
1359580,170375068,171149,1150281,52937,329489,555532,59657,897842,0,0.1487888611565348,0.2423461657276512,999.0,125.31448535577164,0,0,0,0,0,59641,108,0,0,0,0,0,0,0,0,0,0,0,0,0,0,0,0.0,0.0,0.0,0.0,0.0,1.999132365789729,198270,111108,3,1.7844799654390322,0.14583180099736684,0.08172229659159447,0.043878992041659924,0.0,0.0,0.0,0.03893628914811927,0.40860559878786096,0.0,0.0,0.0,0.0,0.0,0.0,0.0,0.0,0.0,1.0,0.0,0.0,0.0,1.0,0,0.0,0.0,0.0,0.0,0.14583180099736684,4,benign
1287067,160740449,157562,1083349,46156,290795,527321,61211,846455,0,0.1454397428714108,0.2259361789246403,999.0,124.88895216799125,0,0,0,0,0,61214,108,0,0,0,0,0,0,0,0,0,0,0,0,0,0,0,0.0,0.0,0.0,0.0,0.0,2.0000894140627685,185338,105462,3,1.7573912878572377,0.14400027349003588,0.08193979023625032,0.047558518709593205,0.0,0.0,0.0,0.03586138095374988,0.40970749774487264,0.0,0.0,0.0,0.0,0.0,0.0,0.0,0.0,0.0,1.0,0.0,0.0,0.0,1.0,0,0.0,0.0,0.0,0.0,0.14400027349003588,4,benign
1451569,182233282,181533,1214659,55377,324854,600039,67859,953571,0,0.14945182145770952,0.22379507966896509,999.0,125.54228011207184,0,0,0,0,0,68022,108,0,0,0,0,0,0,0,0,0,0,0,0,0,0,0,0.0,0.0,0.0,0.0,0.0,2.001256738025566,204853,120009,3,1.7069803098100975,0.14112522380954678,0.08267536713721498,0.04674872500032723,0.0,0.0,0.0,0.03814975381810992,0.4133727022277274,0.0,0.0,0.0,0.0,0.0,0.0,0.0,0.0,0.0,1.0,0.0,0.0,0.0,1.0,0,0.0,0.0,0.0,0.0,0.14112522380954678,4,benign
1728542,171058691,166287,1451998,51057,307929,562040,62881,1136158,0,0.11452288501774796,0.178143776662644,999.0,98.96125810075775,0,0,0,0,0,67129,108,0,0,0,0,0,0,0,0,0,0,0,0,0,0,0,0.0,0.0,0.0,0.0,0.0,1.9996428385890177,195517,112407,3,1.7393667654149652,0.11311093395474336,0.06502995009667106,0.036378057345439106,0.0,0.0,0.0,0.02953761030972924,0.3251526430945849,0.0,0.0,0.0,0.0,0.0,0.0,0.0,0.0,0.0,1.0,0.0,0.0,0.0,1.0,0,0.0,0.0,0.0,0.0,0.11311093395474336,4,benign
1275857,159655574,152948,1077168,45741,289272,523299,58192,840823,0,0.14199085008095302,0.22672760348534357,999.0,125.13594705362749,0,0,0,0,0,58195,108,0,0,0,0,0,0,0,0,0,0,0,0,0,0,0,0.0,0.0,0.0,0.0,0.0,1.9999861722795689,184614,104665,3,1.763856112358477,0.14469803434083914,0.08203505565278868,0.045610127153748424,0.0,0.0,0.0,0.035851196489888756,0.4101548998046019,0.0,0.0,0.0,0.0,0.0,0.0,0.0,0.0,0.0,1.0,0.0,0.0,0.0,1.0,0,0.0,0.0,0.0,0.0,0.14469803434083914,4,benign
1273179,159712798,157616,1067448,48117,285868,524692,59177,837136,0,0.14765684136370108,0.22453087900444477,999.0,125.44410330362031,0,0,0,0,0,59171,108,0,0,0,0,0,0,0,0,0,0,0,0,0,0,0,0.0,0.0,0.0,0.0,0.0,1.999958023464883,180925,104938,3,1.7241132859402695,0.14210492004659203,0.0824220317802917,0.046479717306050446,0.0,0.0,0.0,0.03779280054100798,0.4121117297724829,0.0,0.0,0.0,0.0,0.0,0.0,0.0,0.0,0.0,1.0,0.0,0.0,0.0,1.0,0,0.0,0.0,0.0,0.0,0.14210492004659203,4,benign
1366141,182939993,179738,1145361,56002,327531,600092,67423,898386,0,0.1569269426844462,0.2397490449375284,999.0,133.91003783650444,0,0,0,0,0,67432,108,0,0,0,0,0,0,0,0,0,0,0,0,0,0,0,0.0,0.0,0.0,0.0,0.0,1.9995543399958486,207520,120026,3,1.7289587256094512,0.15190232926176728,0.08785769550873593,0.04935288524390967,0.0,0.0,0.0,0.04099284041691158,0.4392606619668102,0.0,0.0,0.0,0.0,0.0,0.0,0.0,0.0,0.0,1.0,0.0,0.0,0.0,1.0,0,0.0,0.0,0.0,0.0,0.15190232926176728,4,benign
1270264,159307001,157256,1064899,48109,285297,522580,59066,835453,0,0.14767222055800597,0.22459661928543986,999.0,125.41251346176858,0,0,0,0,0,59067,108,0,0,0,0,0,0,0,0,0,0,0,0,0,0,0,0.0,0.0,0.0,0.0,0.0,2.000007010263025,180772,104512,3,1.7296769748928353,0.14231057480964587,0.0822758103827236,0.04649899548440324,0.0,0.0,0.0,0.037873229501898815,0.4113947966721878,0.0,0.0,0.0,0.0,0.0,0.0,0.0,0.0,0.0,1.0,0.0,0.0,0.0,1.0,0,0.0,0.0,0.0,0.0,0.14231057480964587,4,benign
1448957,159301998,157392,1215221,48212,285093,523237,59218,951835,0,0.12951718247133648,0.1967573916962339,999.0,109.94252969549821,0,0,0,0,0,59209,108,0,0,0,0,0,0,0,0,0,0,0,0,0,0,0,0.0,0.0,0.0,0.0,0.0,1.999978954457446,180453,104645,3,1.7244302164460796,0.12453992768591476,0.07222091476834716,0.04086939778061047,0.0,0.0,0.0,0.03327358920934161,0.36111285566100304,0.0,0.0,0.0,0.0,0.0,0.0,0.0,0.0,0.0,1.0,0.0,0.0,0.0,1.0,0,0.0,0.0,0.0,0.0,0.12453992768591476,4,benign
1271175,159333438,154728,1069515,46932,286306,526569,58661,835269,0,0.14467118273236,0.22522941373139024,999.0,125.34343265089386,0,0,0,0,0,58665,108,0,0,0,0,0,0,0,0,0,0,0,0,0,0,0,0.0,0.0,0.0,0.0,0.0,2.0000279425222316,180987,105314,3,1.7185464420684808,0.1423777213994926,0.082847758963164,0.04614706865695124,0.0,0.0,0.0,0.036920172281550534,0.4142380081420733,0.0,0.0,0.0,0.0,0.0,0.0,0.0,0.0,0.0,1.0,0.0,0.0,0.0,1.0,0,0.0,0.0,0.0,0.0,0.1423777213994926,4,benign
1457385,171498544,166633,1226035,50345,307913,567045,63266,957283,0,0.1359121069137504,0.2112777337491466,999.0,117.67552431238143,0,0,0,0,0,63325,108,0,0,0,0,0,0,0,0,0,0,0,0,0,0,0,0.0,0.0,0.0,0.0,0.0,2.000188382637617,194498,113405,3,1.7150742912569992,0.13345684222082702,0.0778140299234588,0.043410629312089805,0.0,0.0,0.0,0.03454474967150067,0.3890838728270155,0.0,0.0,0.0,0.0,0.0,0.0,0.0,0.0,0.0,1.0,0.0,0.0,0.0,1.0,0,0.0,0.0,0.0,0.0,0.13345684222082702,4,benign
1651322,218341783,209917,1392181,63608,392819,724977,79551,1083791,0,0.15078283642715998,0.23788152764875659,999.0,132.22241513163394,0,0,0,0,0,79859,108,0,0,0,0,0,0,0,0,0,0,0,0,0,0,0,0.0,0.0,0.0,0.0,0.0,1.999638575682761,247827,144997,3,1.7091870866293786,0.15007793755548585,0.08780661797032922,0.048174129576181994,0.0,0.0,0.0,0.03851944078744182,0.43902824524835254,0.0,0.0,0.0,0.0,0.0,0.0,0.0,0.0,0.0,1.0,0.0,0.0,0.0,1.0,0,0.0,0.0,0.0,0.0,0.15007793755548585,4,benign
1272612,159501154,156949,1068207,47457,285929,526066,59680,835808,0,0.14692751498539142,0.2246788494843676,999.0,125.33368693678827,0,0,0,0,0,59676,108,0,0,0,0,0,0,0,0,0,0,0,0,0,0,0,0.0,0.0,0.0,0.0,0.0,2.000048964402879,180707,105198,3,1.7177798056997282,0.141996932293582,0.08266305833985535,0.04689567597979588,0.0,0.0,0.0,0.037291020358129576,0.4133750113938891,0.0,0.0,0.0,0.0,0.0,0.0,0.0,0.0,0.0,1.0,0.0,0.0,0.0,1.0,0,0.0,0.0,0.0,0.0,0.141996932293582,4,benign
1277354,160282073,152303,1078192,46859,288319,533166,57555,838944,0,0.141257772270616,0.22571581566269022,999.0,125.47975972205043,0,0,0,0,0,57561,108,0,0,0,0,0,0,0,0,0,0,0,0,0,0,0,0.0,0.0,0.0,0.0,0.0,2.000048558506063,181678,106638,3,1.703689116450046,0.1422299534819635,0.08348351357571981,0.04505798705762067,0.0,0.0,0.0,0.03668442733964116,0.4173987790385437,0.0,0.0,0.0,0.0,0.0,0.0,0.0,0.0,0.0,1.0,0.0,0.0,0.0,1.0,0,0.0,0.0,0.0,0.0,0.1422299534819635,4,benign
1450538,204668393,203890,1214464,61162,368323,665917,77826,955936,0,0.16788476233136593,0.25392164838149706,999.0,141.09826354083796,0,0,0,0,0,73515,108,0,0,0,0,0,0,0,0,0,0,0,0,0,0,0,0.0,0.0,0.0,0.0,0.0,2.000363877302746,235137,133180,3,1.7655578915753116,0.16210330236091713,0.09181420962429113,0.053653196262352314,0.0,0.0,0.0,0.042165044969521656,0.4590827679109406,0.0,0.0,0.0,0.0,0.0,0.0,0.0,0.0,0.0,1.0,0.0,0.0,0.0,1.0,0,0.0,0.0,0.0,0.0,0.16210330236091713,4,benign
1459212,194610157,182352,1234303,56814,349243,655959,68852,956812,0,0.14773681988944368,0.23933671049854305,999.0,133.36660951253143,0,0,0,0,0,64749,108,0,0,0,0,0,0,0,0,0,0,0,0,0,0,0,0.0,0.0,0.0,0.0,0.0,2.0012663958145906,218050,131194,3,1.6620424714544872,0.14942996631058406,0.08990742948934083,0.047184370742565165,0.0,0.0,0.0,0.038934712707954705,0.44952960913150386,0.0,0.0,0.0,0.0,0.0,0.0,0.0,0.0,0.0,1.0,0.0,0.0,0.0,1.0,0,0.0,0.0,0.0,0.0,0.14942996631058406,4,benign
1272150,159100277,164043,1059311,48796,283786,519854,63091,834819,0,0.1548582050030633,0.22307589513815196,999.0,125.06408599614825,0,0,0,0,0,63091,108,0,0,0,0,0,0,0,0,0,0,0,0,0,0,0,0.0,0.0,0.0,0.0,0.0,2.0,179816,103973,3,1.7294489915651179,0.141348111464843,0.08173014188578391,0.04959399441889714,0.0,0.0,0.0,0.03835711197578902,0.40864206264984476,0.0,0.0,0.0,0.0,0.0,0.0,0.0,0.0,0.0,1.0,0.0,0.0,0.0,1.0,0,0.0,0.0,0.0,0.0,0.141348111464843,4,benign
1539689,181981224,175207,1294926,54911,328330,590345,64990,1016167,0,0.13530271227853946,0.2132443629849924,999.0,118.19349492007801,0,0,0,0,0,64931,108,0,0,0,0,0,0,0,0,0,0,0,0,0,0,0,0.0,0.0,0.0,0.0,0.0,1.9993179922178042,210254,118062,3,1.7808778438447594,0.13655614867677823,0.07667912156286107,0.04220982289280498,0.0,0.0,0.0,0.0356636957203695,0.3834183396776882,0.0,0.0,0.0,0.0,0.0,0.0,0.0,0.0,0.0,1.0,0.0,0.0,0.0,1.0,0,0.0,0.0,0.0,0.0,0.13655614867677823,4,benign
1542765,193367405,188278,1299065,55422,346433,649628,72581,1009536,0,0.14493347138133966,0.2245533182305795,999.0,125.33821093944962,0,0,0,0,0,72653,108,0,0,0,0,0,0,0,0,0,0,0,0,0,0,0,0.0,0.0,0.0,0.0,0.0,2.0010570397111915,216503,129930,3,1.6663049334256907,0.1403343996007169,0.08421891862986261,0.047046050435419526,0.0,0.0,0.0,0.03592381211655696,0.4210803330384083,0.0,0.0,0.0,0.0,0.0,0.0,0.0,0.0,0.0,1.0,0.0,0.0,0.0,1.0,0,0.0,0.0,0.0,0.0,0.1403343996007169,4,benign
1543322,193215223,187679,1300387,55807,348357,635941,71280,1016309,0,0.1443254969482162,0.225718936164974,999.0,125.19436838197083,0,0,0,0,0,71317,108,0,0,0,0,0,0,0,0,0,0,0,0,0,0,0,0.0,0.0,0.0,0.0,0.0,2.0031453954745406,221182,127199,3,1.7388658715870409,0.14331552326734148,0.08241896376776849,0.04618608430385882,0.0,0.0,0.0,0.036160308736608436,0.41205982938103647,0.0,0.0,0.0,0.0,0.0,0.0,0.0,0.0,0.0,1.0,0.0,0.0,0.0,1.0,0,0.0,0.0,0.0,0.0,0.14331552326734148,4,benign
1363244,159459325,165567,1135359,48634,282878,527794,64253,891906,0,0.14582788351525816,0.20750357236122075,999.0,116.9704946436588,0,0,0,0,0,64256,108,0,0,0,0,0,0,0,0,0,0,0,0,0,0,0,0.0,0.0,0.0,0.0,0.0,2.000028281142841,177306,105555,3,1.6797498934204917,0.13006182312190628,0.07742927898453981,0.0471324282373515,0.0,0.0,0.0,0.035675198277050915,0.3871603322662707,0.0,0.0,0.0,0.0,0.0,0.0,0.0,0.0,0.0,1.0,0.0,0.0,0.0,1.0,0,0.0,0.0,0.0,0.0,0.13006182312190628,4,benign
1559874,206608164,209029,1304604,60902,369203,681157,80408,1022578,0,0.16022409865369108,0.23668770682760273,999.0,132.45182880155704,0,0,0,0,0,80506,108,0,0,0,0,0,0,0,0,0,0,0,0,0,0,0,0.0,0.0,0.0,0.0,0.0,2.0000162513542796,232969,136226,3,1.7101654603379677,0.14935116554285796,0.08733141266538194,0.05154775321596488,0.0,0.0,0.0,0.039042897054505685,0.4366743724172593,0.0,0.0,0.0,0.0,0.0,0.0,0.0,0.0,0.0,1.0,0.0,0.0,0.0,1.0,0,0.0,0.0,0.0,0.0,0.14935116554285796,4,benign
1276491,159787652,152952,1076766,46773,289167,523187,57816,841423,0,0.14204757579641258,0.22653273701107177,999.0,125.17726486124853,0,0,0,0,0,57813,108,0,0,0,0,0,0,0,0,0,0,0,0,0,0,0,0.0,0.0,0.0,0.0,0.0,1.9999377541704706,184524,104639,3,1.7634342835845145,0.144555660791968,0.08197394262865935,0.045292916283781084,0.0,0.0,0.0,0.0366418564643229,0.40986344596240787,0.0,0.0,0.0,0.0,0.0,0.0,0.0,0.0,0.0,1.0,0.0,0.0,0.0,1.0,0,0.0,0.0,0.0,0.0,0.144555660791968,4,benign
1456898,159451348,151456,1230417,46179,288719,522331,56885,960677,0,0.12309322774311474,0.19817379116451528,999.0,109.4457868704604,0,0,0,0,0,56879,108,0,0,0,0,0,0,0,0,0,0,0,0,0,0,0,0.0,0.0,0.0,0.0,0.0,1.9999238042461815,184260,104461,3,1.763911890562028,0.12647419380080144,0.0717009701434143,0.03904528662953755,0.0,0.0,0.0,0.03169679689312498,0.3585226968531771,0.0,0.0,0.0,0.0,0.0,0.0,0.0,0.0,0.0,1.0,0.0,0.0,0.0,1.0,0,0.0,0.0,0.0,0.0,0.12647419380080144,4,benign
1267140,169882406,171330,1058864,51774,304111,560067,65597,830508,0,0.161805482101573,0.23999794813517053,999.0,134.06759000583992,0,0,0,0,0,65603,108,0,0,0,0,0,0,0,0,0,0,0,0,0,0,0,0.0,0.0,0.0,0.0,0.0,1.9978780293922491,191416,112022,3,1.7087357840424202,0.15106144545985448,0.08840538535599855,0.051767760468456527,0.0,0.0,0.0,0.040858942184762534,0.4419929920924286,0.0,0.0,0.0,0.0,0.0,0.0,0.0,0.0,0.0,1.0,0.0,0.0,0.0,1.0,0,0.0,0.0,0.0,0.0,0.15106144545985448,4,benign
1276483,159829681,154970,1074664,46851,288468,523191,58705,840850,0,0.14420321142236084,0.22598655837954756,999.0,125.21097499927535,0,0,0,0,0,58704,108,0,0,0,0,0,0,0,0,0,0,0,0,0,0,0,0.0,0.0,0.0,0.0,0.0,2.0,183826,104632,3,1.7568812600351709,0.14400975179457934,0.0819689725597599,0.04598964498547963,0.0,0.0,0.0,0.03670319150352962,0.4098691482769453,0.0,0.0,0.0,0.0,0.0,0.0,0.0,0.0,0.0,1.0,0.0,0.0,0.0,1.0,0,0.0,0.0,0.0,0.0,0.14400975179457934,4,benign
1276219,159803559,154644,1074706,46870,288492,523117,58522,840765,0,0.1438942371215942,0.22605211174571135,999.0,125.21640799894062,0,0,0,0,0,58524,108,0,0,0,0,0,0,0,0,0,0,0,0,0,0,0,0.0,0.0,0.0,0.0,0.0,2.000013865298624,183872,104627,3,1.7574048763703443,0.14407558577328813,0.08198201092445732,0.045855766134182296,0.0,0.0,0.0,0.03672567169114392,0.4098959504599132,0.0,0.0,0.0,0.0,0.0,0.0,0.0,0.0,0.0,1.0,0.0,0.0,0.0,1.0,0,0.0,0.0,0.0,0.0,0.14407558577328813,4,benign
1460015,171737563,182027,1221240,56070,326769,562798,63752,959797,0,0.14905096459336412,0.2238120841224234,999.0,117.6272593089797,0,0,0,0,0,63749,108,0,0,0,0,0,0,0,0,0,0,0,0,0,0,0,0.0,0.0,0.0,0.0,0.0,1.9992352260977564,193695,112569,3,1.7206779841697093,0.13266644520775472,0.07710126265826037,0.04366530480851224,0.0,0.0,0.0,0.03840371503032503,0.38547412184121393,0.0,0.0,0.0,0.0,0.0,0.0,0.0,0.0,0.0,1.0,0.0,0.0,0.0,1.0,0,0.0,0.0,0.0,0.0,0.13266644520775472,4,benign
1237385,177365902,159473,1044865,47899,300295,583954,65278,814086,0,0.1526254587913271,0.24268517882469887,999.0,143.33930183410985,0,0,0,0,0,61201,108,0,0,0,0,0,0,0,0,0,0,0,0,0,0,0,0.0,0.0,0.0,0.0,0.0,2.0003930241543317,203823,116780,3,1.745358794314095,0.16472076192939142,0.09437644710417534,0.05275480145629695,0.0,0.0,0.0,0.0387098599061731,0.47192587593998636,0.0,0.0,0.0,0.0,0.0,0.0,0.0,0.0,0.0,1.0,0.0,0.0,0.0,1.0,0,0.0,0.0,0.0,0.0,0.16472076192939142,4,benign
1450205,182419851,182958,1209273,58231,323016,599657,67628,953013,0,0.1512958612323272,0.22273816460431456,999.0,125.78900982964477,0,0,0,0,0,67375,108,0,0,0,0,0,0,0,0,0,0,0,0,0,0,0,0.0,0.0,0.0,0.0,0.0,2.001623527516313,203080,119927,3,1.693363462773187,0.1400353743091494,0.08269658427601614,0.04663340700107916,0.0,0.0,0.0,0.04015363345182233,0.41349809164911167,0.0,0.0,0.0,0.0,0.0,0.0,0.0,0.0,0.0,1.0,0.0,0.0,0.0,1.0,0,0.0,0.0,0.0,0.0,0.1400353743091494,4,benign
1549053,182286467,168163,1315653,50078,333577,596118,63681,1022239,0,0.1278171371934697,0.21534253508433862,999.0,117.6760685399402,0,0,0,0,0,63916,108,0,0,0,0,0,0,0,0,0,0,0,0,0,0,0,0.0,0.0,0.0,0.0,0.0,1.9988075835290733,214352,119228,3,1.7978327238568121,0.1383761562709604,0.07696831548049034,0.04110963278854887,0.0,0.0,0.0,0.03232813854658298,0.38482737517696297,0.0,0.0,0.0,0.0,0.0,0.0,0.0,0.0,0.0,1.0,0.0,0.0,0.0,1.0,0,0.0,0.0,0.0,0.0,0.1383761562709604,4,benign
1357119,159167874,176020,1126413,54686,300770,523892,62219,888929,0,0.15626595218627626,0.22162389591480186,999.0,117.28365309158593,0,0,0,0,0,62222,108,0,0,0,0,0,0,0,0,0,0,0,0,0,0,0,0.0,0.0,0.0,0.0,0.0,1.999255522098364,175451,104775,3,1.674550226676211,0.1292819568512415,0.07720398874380213,0.04584638487855523,0.0,0.0,0.0,0.040295655723632195,0.3860324702550034,0.0,0.0,0.0,0.0,0.0,0.0,0.0,0.0,0.0,1.0,0.0,0.0,0.0,1.0,0,0.0,0.0,0.0,0.0,0.1292819568512415,4,benign
1375319,171925256,173929,1162039,53467,332383,562394,62327,906191,0,0.1496756993526035,0.24167702184002401,999.0,125.00754806703027,0,0,0,0,0,62439,108,0,0,0,0,0,0,0,0,0,0,0,0,0,0,0,0.0,0.0,0.0,0.0,0.0,1.9988634040147697,199353,112481,3,1.7723259928343453,0.1449503715138088,0.0817853894260168,0.045318213447207524,0.0,0.0,0.0,0.03887607166046568,0.4089189489856535,0.0,0.0,0.0,0.0,0.0,0.0,0.0,0.0,0.0,1.0,0.0,0.0,0.0,1.0,0,0.0,0.0,0.0,0.0,0.1449503715138088,4,benign
1363359,182328316,159467,1140608,49113,284113,598289,67932,896188,0,0.13980876865671643,0.20839192024991215,999.0,133.7346333577583,0,0,0,0,0,67713,108,0,0,0,0,0,0,0,0,0,0,0,0,0,0,0,0.0,0.0,0.0,0.0,0.0,2.000007039477389,205939,119655,3,1.7211065145627011,0.1510526574438574,0.08776485137076881,0.049826934798538024,0.0,0.0,0.0,0.03602352718542952,0.4388345256091756,0.0,0.0,0.0,0.0,0.0,0.0,0.0,0.0,0.0,1.0,0.0,0.0,0.0,1.0,0,0.0,0.0,0.0,0.0,0.1510526574438574,4,benign
1550621,194197856,190108,1303788,58353,348217,637925,71580,1020311,0,0.14581204919818253,0.2245661576877909,999.0,125.23876305041658,0,0,0,0,0,71357,108,0,0,0,0,0,0,0,0,0,0,0,0,0,0,0,0.0,0.0,0.0,0.0,0.0,1.9978943382369816,221457,127585,3,1.7357604734098837,0.14281826442438222,0.0822799381667087,0.04616215051905011,0.0,0.0,0.0,0.03763201968759613,0.41139969083354344,0.0,0.0,0.0,0.0,0.0,0.0,0.0,0.0,0.0,1.0,0.0,0.0,0.0,1.0,0,0.0,0.0,0.0,0.0,0.14281826442438222,4,benign
1359019,181589266,178453,1140895,53715,325654,597345,67064,894120,0,0.15641491986554415,0.23962431724648442,999.0,133.6179008534833,0,0,0,0,0,67069,108,0,0,0,0,0,0,0,0,0,0,0,0,0,0,0,0.0,0.0,0.0,0.0,0.0,2.002398052043878,206181,119471,3,1.7257828259577639,0.15171311070706148,0.08790973488965202,0.049347360117849716,0.0,0.0,0.0,0.03952483372197151,0.4395413161994056,0.0,0.0,0.0,0.0,0.0,0.0,0.0,0.0,0.0,1.0,0.0,0.0,0.0,1.0,0,0.0,0.0,0.0,0.0,0.15171311070706148,4,benign
1727236,171838825,166299,1453203,50007,308631,569939,63163,1135037,0,0.11443617994182506,0.17868490466849926,999.0,99.48775095007284,0,0,0,0,0,63089,108,0,0,0,0,0,0,0,0,0,0,0,0,0,0,0,0.0,0.0,0.0,0.0,0.0,1.999630695070751,194651,113992,3,1.7075847427889677,0.11269508046381618,0.06599677172083028,0.03656883020038952,0.0,0.0,0.0,0.028952036664358548,0.3299717004508938,0.0,0.0,0.0,0.0,0.0,0.0,0.0,0.0,0.0,1.0,0.0,0.0,0.0,1.0,0,0.0,0.0,0.0,0.0,0.11269508046381618,4,benign
1640006,182966616,181877,1375303,54082,327805,603064,69648,1076168,0,0.13224503982031596,0.19988036629134284,999.0,111.56460159292101,0,0,0,0,0,69645,108,0,0,0,0,0,0,0,0,0,0,0,0,0,0,0,0.0,0.0,0.0,0.0,0.0,1.9997132852628625,207192,120612,3,1.717839020992936,0.12633612316052503,0.07354363337695106,0.042468137311692765,0.0,0.0,0.0,0.032976708621797725,0.3677206059002223,0.0,0.0,0.0,0.0,0.0,0.0,0.0,0.0,0.0,1.0,0.0,0.0,0.0,1.0,0,0.0,0.0,0.0,0.0,0.12633612316052503,4,benign
1453574,193730129,184574,1227992,55382,348604,642432,69647,954563,0,0.1503055394497684,0.23982542340465637,999.0,133.27847705036,0,0,0,0,0,65430,108,0,0,0,0,0,0,0,0,0,0,0,0,0,0,0,0.0,0.0,0.0,0.0,0.0,1.9982803292596245,220112,128488,3,1.7130938297739866,0.15142813506570701,0.08839453650106564,0.047914313271976525,0.0,0.0,0.0,0.03810057141913656,0.44196717882956077,0.0,0.0,0.0,0.0,0.0,0.0,0.0,0.0,0.0,1.0,0.0,0.0,0.0,1.0,0,0.0,0.0,0.0,0.0,0.15142813506570701,4,benign
1365910,193829492,186013,1152676,55541,348907,643944,70766,897149,0,0.16137492235459053,0.25543923098886456,999.0,141.9050244891684,0,0,0,0,0,70477,108,0,0,0,0,0,0,0,0,0,0,0,0,0,0,0,0.0,0.0,0.0,0.0,0.0,2.000900358422939,220109,128779,3,1.709199481281886,0.16114458492872882,0.09428073591964331,0.05180868432034321,0.0,0.0,0.0,0.040662269109970645,0.4714395531184339,0.0,0.0,0.0,0.0,0.0,0.0,0.0,0.0,0.0,1.0,0.0,0.0,0.0,1.0,0,0.0,0.0,0.0,0.0,0.16114458492872882,4,benign
1545666,182442728,179288,1298938,53622,327267,604233,68278,1014388,0,0.13802660327128777,0.21173203007635544,999.0,118.03502697219193,0,0,0,0,0,68377,108,0,0,0,0,0,0,0,0,0,0,0,0,0,0,0,0.0,0.0,0.0,0.0,0.0,1.9995051138238205,206416,120845,3,1.7081054243038603,0.1335450220163994,0.07818312623813942,0.04417383833247286,0.0,0.0,0.0,0.03469184157508802,0.39092080695311926,0.0,0.0,0.0,0.0,0.0,0.0,0.0,0.0,0.0,1.0,0.0,0.0,0.0,1.0,0,0.0,0.0,0.0,0.0,0.1335450220163994,4,benign
1455888,159733837,183116,1218865,53907,326328,523920,61952,956082,0,0.15023484963470113,0.22414361544294617,999.0,109.71574530458386,0,0,0,0,0,61940,108,0,0,0,0,0,0,0,0,0,0,0,0,0,0,0,0.0,0.0,0.0,0.0,0.0,2.0019262976436596,181137,104776,3,1.7288023974956097,0.12441685074676075,0.07196707439033771,0.04255272383589946,0.0,0.0,0.0,0.03702688668359105,0.35986284659259504,0.0,0.0,0.0,0.0,0.0,0.0,0.0,0.0,0.0,1.0,0.0,0.0,0.0,1.0,0,0.0,0.0,0.0,0.0,0.12441685074676075,4,benign
1546838,171208161,161351,1292157,50846,287399,545467,63775,1022509,0,0.12486950115194981,0.18579773706102384,999.0,110.68267071277018,0,0,0,0,0,63885,108,0,0,0,0,0,0,0,0,0,0,0,0,0,0,0,0.0,0.0,0.0,0.0,0.0,2.000062632659452,198431,109093,3,1.8189159707772267,0.1282816946571005,0.07052645461257094,0.041229268999080707,0.0,0.0,0.0,0.03287092766016868,0.35263356602307416,0.0,0.0,0.0,0.0,0.0,0.0,0.0,0.0,0.0,1.0,0.0,0.0,0.0,1.0,0,0.0,0.0,0.0,0.0,0.1282816946571005,4,benign
1465697,172445437,159897,1243532,46743,309986,592100,62329,957223,0,0.12858293956247205,0.21149391722845853,999.0,117.65421980122767,0,0,0,0,0,66672,108,0,0,0,0,0,0,0,0,0,0,0,0,0,0,0,0.0,0.0,0.0,0.0,0.0,1.9996387586198,191583,118430,3,1.6176897745503673,0.1307111906485447,0.08080114784979434,0.04252516038444508,0.0,0.0,0.0,0.03189131177862819,0.40397162578623,0.0,0.0,0.0,0.0,0.0,0.0,0.0,0.0,0.0,1.0,0.0,0.0,0.0,1.0,0,0.0,0.0,0.0,0.0,0.1307111906485447,4,benign
1275443,159957989,154040,1074222,47181,287411,530093,58347,837772,0,0.14339680252312836,0.2253420968243975,999.0,125.41367117150668,0,0,0,0,0,58345,108,0,0,0,0,0,0,0,0,0,0,0,0,0,0,0,0.0,0.0,0.0,0.0,0.0,2.000062630044328,181383,106014,3,1.7109344048899202,0.1422117648534666,0.08311935539259692,0.04574645828939435,0.0,0.0,0.0,0.03699185302675227,0.4156148099131047,0.0,0.0,0.0,0.0,0.0,0.0,0.0,0.0,0.0,1.0,0.0,0.0,0.0,1.0,0,0.0,0.0,0.0,0.0,0.1422117648534666,4,benign
1275805,159789843,160703,1067235,47867,285614,525793,61636,837111,0,0.15057883221595994,0.22386963524990106,999.0,125.24628998945764,0,0,0,0,0,61624,108,0,0,0,0,0,0,0,0,0,0,0,0,0,0,0,0.0,0.0,0.0,0.0,0.0,2.0000280102237316,180461,105162,3,1.716028603487952,0.14144873236897487,0.08242795725052025,0.04831145825576793,0.0,0.0,0.0,0.037519056595639616,0.4121264613322569,0.0,0.0,0.0,0.0,0.0,0.0,0.0,0.0,0.0,1.0,0.0,0.0,0.0,1.0,0,0.0,0.0,0.0,0.0,0.14144873236897487,4,benign
1452424,170634590,168414,1217401,51744,305714,561395,63640,955006,0,0.13833896965749165,0.21048536790909542,999.0,117.48262903945404,0,0,0,0,0,63521,108,0,0,0,0,0,0,0,0,0,0,0,0,0,0,0,0.0,0.0,0.0,0.0,0.0,2.001400981996727,193433,112275,3,1.7228501447339122,0.13317942969821484,0.07730180718578046,0.04381640622848425,0.0,0.0,0.0,0.03562596046333578,0.38652280601256933,0.0,0.0,0.0,0.0,0.0,0.0,0.0,0.0,0.0,1.0,0.0,0.0,0.0,1.0,0,0.0,0.0,0.0,0.0,0.13317942969821484,4,benign
1453526,181920229,161622,1227029,50277,309759,590457,64662,960815,0,0.1317181582505385,0.2131086750426205,999.0,125.15787746486819,0,0,0,0,0,64639,108,0,0,0,0,0,0,0,0,0,0,0,0,0,0,0,0.0,0.0,0.0,0.0,0.0,2.00032934247743,212210,118084,3,1.7971105314860607,0.14599670043741908,0.08123968886693461,0.04448630433855329,0.0,0.0,0.0,0.03458968054235012,0.4062238996756852,0.0,0.0,0.0,0.0,0.0,0.0,0.0,0.0,0.0,1.0,0.0,0.0,0.0,1.0,0,0.0,0.0,0.0,0.0,0.14599670043741908,4,benign
1638313,216363406,212001,1365138,61097,364104,717714,86810,1071346,0,0.1552963876179551,0.22224324655911293,999.0,132.06475563582782,0,0,0,0,0,86961,108,0,0,0,0,0,0,0,0,0,0,0,0,0,0,0,0.0,0.0,0.0,0.0,0.0,2.0009892175289345,241116,143548,3,1.6796890238805138,0.14717334233446233,0.08761939873516233,0.05298743280435424,0.0,0.0,0.0,0.03729262967454937,0.43808112369248126,0.0,0.0,0.0,0.0,0.0,0.0,0.0,0.0,0.0,1.0,0.0,0.0,0.0,1.0,0,0.0,0.0,0.0,0.0,0.14717334233446233,4,benign
1638439,204639429,189278,1375742,56622,347322,674535,76568,1077410,0,0.1375824827620295,0.2119834793971579,999.0,124.89902217903749,0,0,0,0,0,76668,108,0,0,0,0,0,0,0,0,0,0,0,0,0,0,0,0.0,0.0,0.0,0.0,0.0,2.0014175569615875,232778,134909,3,1.725444558924905,0.14207303415018807,0.08233995894873108,0.046732286035671755,0.0,0.0,0.0,0.03455850355124603,0.41169369137331324,0.0,0.0,0.0,0.0,0.0,0.0,0.0,0.0,0.0,1.0,0.0,0.0,0.0,1.0,0,0.0,0.0,0.0,0.0,0.14207303415018807,4,benign
1638410,193557299,176777,1377927,53539,328169,636894,71776,1078318,0,0.12829199224632365,0.2002972393967322,999.0,118.13727882520249,0,0,0,0,0,71778,108,0,0,0,0,0,0,0,0,0,0,0,0,0,0,0,0.0,0.0,0.0,0.0,0.0,2.000054851292053,221152,127374,3,1.7362413051329157,0.1349796448996283,0.07774244541964466,0.04380832636519553,0.0,0.0,0.0,0.03267741285758754,0.38872687544631684,0.0,0.0,0.0,0.0,0.0,0.0,0.0,0.0,0.0,1.0,0.0,0.0,0.0,1.0,0,0.0,0.0,0.0,0.0,0.1349796448996283,4,benign
1637746,182518866,175855,1379924,52433,329847,599210,66661,1077934,0,0.1274381777547169,0.20140302586603784,999.0,111.44516060488012,0,0,0,0,0,66880,108,0,0,0,0,0,0,0,0,0,0,0,0,0,0,0,0.0,0.0,0.0,0.0,0.0,1.999969683373149,210010,119845,3,1.7523467812591265,0.12823111764583764,0.0731767929825504,0.04070289287838285,0.0,0.0,0.0,0.032015343038542,0.36587480598334543,0.0,0.0,0.0,0.0,0.0,0.0,0.0,0.0,0.0,1.0,0.0,0.0,0.0,1.0,0,0.0,0.0,0.0,0.0,0.12823111764583764,4,benign
1470677,184120701,177605,1239597,53617,332631,602482,67392,969301,0,0.14327640354082818,0.22617542805116284,999.0,125.1945199387765,0,0,0,0,0,67294,108,0,0,0,0,0,0,0,0,0,0,0,0,0,0,0,0.0,0.0,0.0,0.0,0.0,1.9993929048002597,212134,120493,3,1.760550405417742,0.14424241352791944,0.08193029468741267,0.045823794075789584,0.0,0.0,0.0,0.03645735943378458,0.40966303273934385,0.0,0.0,0.0,0.0,0.0,0.0,0.0,0.0,0.0,1.0,0.0,0.0,0.0,1.0,0,0.0,0.0,0.0,0.0,0.14424241352791944,4,benign
1545159,182159667,177004,1300215,53583,327985,597817,66739,1017050,0,0.13613440854012607,0.21226618102085287,999.0,117.89056466033593,0,0,0,0,0,66636,108,0,0,0,0,0,0,0,0,0,0,0,0,0,0,0,0.0,0.0,0.0,0.0,0.0,1.998677643646291,208412,119559,3,1.7431728268051756,0.13488061746396326,0.07737650300066207,0.04319231871930332,0.0,0.0,0.0,0.03467798459576005,0.38689675302023935,0.0,0.0,0.0,0.0,0.0,0.0,0.0,0.0,0.0,1.0,0.0,0.0,0.0,1.0,0,0.0,0.0,0.0,0.0,0.13488061746396326,4,benign
1819446,171006730,164764,1533765,49422,309252,561407,62644,1199095,0,0.10742454026529488,0.16997041956727488,999.0,93.98835139927209,0,0,0,0,0,62576,108,0,0,0,0,0,0,0,0,0,0,0,0,0,0,0,0.0,0.0,0.0,0.0,0.0,2.001955008901117,196975,112288,3,1.7541945711028784,0.10826097614328757,0.061715489220345095,0.034430260639777166,0.0,0.0,0.0,0.027163213417710667,0.3085593087126521,0.0,0.0,0.0,0.0,0.0,0.0,0.0,0.0,0.0,1.0,0.0,0.0,0.0,1.0,0,0.0,0.0,0.0,0.0,0.10826097614328757,4,benign
1450649,182251438,181653,1212454,56542,324584,597367,68018,952016,0,0.14982259120758395,0.22375088667210333,999.0,125.63441466543595,0,0,0,0,0,67885,108,0,0,0,0,0,0,0,0,0,0,0,0,0,0,0,0.0,0.0,0.0,0.0,0.0,1.9961501798837673,205107,119469,3,1.7168219370715416,0.14138981931535471,0.08235555258370564,0.04688797910452494,0.0,0.0,0.0,0.03897703717439573,0.4117929285443963,0.0,0.0,0.0,0.0,0.0,0.0,0.0,0.0,0.0,1.0,0.0,0.0,0.0,1.0,0,0.0,0.0,0.0,0.0,0.14138981931535471,4,benign
1454305,182069000,176820,1223909,53576,328346,597585,67044,957425,0,0.1444715252522859,0.22577519846249583,999.0,125.19313348988004,0,0,0,0,0,66951,108,0,0,0,0,0,0,0,0,0,0,0,0,0,0,0,0.0,0.0,0.0,0.0,0.0,2.0001827507645076,208830,119523,3,1.7471951005245852,0.14359436294312403,0.08218564881506975,0.04610037096757558,0.0,0.0,0.0,0.03683959004472927,0.41090761566521466,0.0,0.0,0.0,0.0,0.0,0.0,0.0,0.0,0.0,1.0,0.0,0.0,0.0,1.0,0,0.0,0.0,0.0,0.0,0.14359436294312403,4,benign
1273856,159809106,158476,1067362,48018,286007,523296,59460,838068,0,0.14847446320929544,0.22452066795618972,999.0,125.45303864801045,0,0,0,0,0,59454,108,0,0,0,0,0,0,0,0,0,0,0,0,0,0,0,0.0,0.0,0.0,0.0,0.0,1.9999650364320378,181349,104664,3,1.732677902621723,0.1423622450261254,0.0821631330385852,0.04667717544212219,0.0,0.0,0.0,0.03769499849276527,0.41079682475884244,0.0,0.0,0.0,0.0,0.0,0.0,0.0,0.0,0.0,1.0,0.0,0.0,0.0,1.0,0,0.0,0.0,0.0,0.0,0.1423622450261254,4,benign
1270631,159492942,158063,1062829,49739,284810,520960,58589,836399,0,0.14871912603062204,0.22414847426200055,999.0,125.52262773377952,0,0,0,0,0,58592,108,0,0,0,0,0,0,0,0,0,0,0,0,0,0,0,0.0,0.0,0.0,0.0,0.0,2.000168547611189,180610,104192,3,1.7334344287469288,0.14214197512889265,0.08200020304872147,0.046110161014488074,0.0,0.0,0.0,0.03914511766201202,0.4100010152436073,0.0,0.0,0.0,0.0,0.0,0.0,0.0,0.0,0.0,1.0,0.0,0.0,0.0,1.0,0,0.0,0.0,0.0,0.0,0.14214197512889265,4,benign
1366364,182496350,167711,1147216,51437,307383,598890,67539,898012,0,0.14618955802569003,0.22496421158637084,999.0,133.5634940616117,0,0,0,0,0,67699,108,0,0,0,0,0,0,0,0,0,0,0,0,0,0,0,0.0,0.0,0.0,0.0,0.0,1.9988360070489852,207684,119774,3,1.733965635279777,0.1519975643386389,0.08765892544007307,0.04942972736401135,0.0,0.0,0.0,0.03764516629536493,0.43830926458835273,0.0,0.0,0.0,0.0,0.0,0.0,0.0,0.0,0.0,1.0,0.0,0.0,0.0,1.0,0,0.0,0.0,0.0,0.0,0.1519975643386389,4,benign
1363972,171045179,178490,1144473,55206,326631,562657,63022,896092,0,0.15595824453700524,0.23947045833785444,999.0,125.40226558902968,0,0,0,0,0,62999,108,0,0,0,0,0,0,0,0,0,0,0,0,0,0,0,0.0,0.0,0.0,0.0,0.0,1.998549873343368,193731,112533,3,1.7215483458185599,0.14203444058968953,0.08250389304179265,0.04620476080154138,0.0,0.0,0.0,0.04047443789168693,0.41251359998592346,0.0,0.0,0.0,0.0,0.0,0.0,0.0,0.0,0.0,1.0,0.0,0.0,0.0,1.0,0,0.0,0.0,0.0,0.0,0.14203444058968953,4,benign
1274358,159614227,158846,1068113,47401,286021,525166,60685,836894,0,0.14871647475501187,0.2244432098358546,999.0,125.25069642910391,0,0,0,0,0,60679,108,0,0,0,0,0,0,0,0,0,0,0,0,0,0,0,0.0,0.0,0.0,0.0,0.0,1.9999230855288919,180990,105031,3,1.723205529795965,0.14202445466658506,0.08241875516926954,0.04762005653042552,0.0,0.0,0.0,0.037195984173991926,0.41210240764369194,0.0,0.0,0.0,0.0,0.0,0.0,0.0,0.0,0.0,1.0,0.0,0.0,0.0,1.0,0,0.0,0.0,0.0,0.0,0.14202445466658506,4,benign
1296384,162790231,151309,1098586,46489,293458,545501,56978,851228,0,0.1377306828960136,0.22636657039889416,999.0,125.57253946361571,0,0,0,0,0,56984,108,0,0,0,0,0,0,0,0,0,0,0,0,0,0,0,0.0,0.0,0.0,0.0,0.0,2.000040892548015,184355,109111,3,1.6896096635536288,0.14220709296011058,0.08416564844984202,0.04395148351105845,0.0,0.0,0.0,0.035860516637045814,0.4207865879245656,0.0,0.0,0.0,0.0,0.0,0.0,0.0,0.0,0.0,1.0,0.0,0.0,0.0,1.0,0,0.0,0.0,0.0,0.0,0.14220709296011058,4,benign
1273311,159635786,155459,1070534,47318,286524,527492,58843,836560,0,0.14521631260660567,0.2250227949024237,999.0,125.3706172333389,0,0,0,0,0,58844,108,0,0,0,0,0,0,0,0,0,0,0,0,0,0,0,0.0,0.0,0.0,0.0,0.0,2.0000418821854122,181019,105488,3,1.716015091763992,0.14216401177716992,0.08284543210574635,0.04621259063967876,0.0,0.0,0.0,0.037161384767743305,0.4142679989413427,0.0,0.0,0.0,0.0,0.0,0.0,0.0,0.0,0.0,1.0,0.0,0.0,0.0,1.0,0,0.0,0.0,0.0,0.0,0.14216401177716992,4,benign
1364568,159732143,159086,1142410,48569,286144,520768,59952,897978,0,0.1392547334144484,0.2096956692521003,999.0,117.05693157101734,0,0,0,0,0,59952,108,0,0,0,0,0,0,0,0,0,0,0,0,0,0,0,0.0,0.0,0.0,0.0,0.0,1.9999860211220846,181990,104152,3,1.7473500268837852,0.1333682161680473,0.07632598741872886,0.04393478375573808,0.0,0.0,0.0,0.035592949563524864,0.3816357997549408,0.0,0.0,0.0,0.0,0.0,0.0,0.0,0.0,0.0,1.0,0.0,0.0,0.0,1.0,0,0.0,0.0,0.0,0.0,0.1333682161680473,4,benign
1361727,170821713,160981,1152594,48152,307641,573993,61425,892848,0,0.13966843485216823,0.2259197328098804,999.0,125.44490415479754,0,0,0,0,0,61536,108,0,0,0,0,0,0,0,0,0,0,0,0,0,0,0,0.0,0.0,0.0,0.0,0.0,2.000904059160591,192850,114803,3,1.679834150675505,0.14162163194237906,0.08430691320653846,0.04510816044625685,0.0,0.0,0.0,0.03536097910961595,0.42151841007779095,0.0,0.0,0.0,0.0,0.0,0.0,0.0,0.0,0.0,1.0,0.0,0.0,0.0,1.0,0,0.0,0.0,0.0,0.0,0.14162163194237906,4,benign
1362764,159098326,155662,1146564,46730,286411,522588,59197,895989,0,0.1357638997910278,0.21016918556698005,999.0,116.74679254808609,0,0,0,0,0,59190,108,0,0,0,0,0,0,0,0,0,0,0,0,0,0,0,0.0,0.0,0.0,0.0,0.0,2.000076815642458,181876,104517,3,1.7401571036290746,0.13346111285593104,0.07669486426116334,0.0434389226601231,0.0,0.0,0.0,0.03429060350875133,0.38347652271413096,0.0,0.0,0.0,0.0,0.0,0.0,0.0,0.0,0.0,1.0,0.0,0.0,0.0,1.0,0,0.0,0.0,0.0,0.0,0.13346111285593104,4,benign
1455026,182294729,181963,1218638,54425,325840,603120,69764,953364,0,0.14931669618049,0.22394101548700848,999.0,125.28623474769523,0,0,0,0,0,69875,108,0,0,0,0,0,0,0,0,0,0,0,0,0,0,0,0.0,0.0,0.0,0.0,0.0,1.998822201501693,205227,120627,3,1.7013355218980826,0.14104696410923243,0.0829036731989669,0.0479469095397608,0.0,0.0,0.0,0.03740482987932862,0.4145080569007014,0.0,0.0,0.0,0.0,0.0,0.0,0.0,0.0,0.0,1.0,0.0,0.0,0.0,1.0,0,0.0,0.0,0.0,0.0,0.14104696410923243,4,benign
1276842,160373308,150079,1081088,45675,289011,535040,56345,839123,0,0.13882218653800615,0.2263482874153576,999.0,125.6015293983124,0,0,0,0,0,56349,108,0,0,0,0,0,0,0,0,0,0,0,0,0,0,0,0.0,0.0,0.0,0.0,0.0,1.9999792397600116,182006,107011,3,1.700815803982768,0.14254386995415252,0.08380911655474992,0.044128404297477684,0.0,0.0,0.0,0.03577184961021019,0.41903383503988745,0.0,0.0,0.0,0.0,0.0,0.0,0.0,0.0,0.0,1.0,0.0,0.0,0.0,1.0,0,0.0,0.0,0.0,0.0,0.14254386995415252,4,benign
1275422,159032079,171781,1053942,49699,282735,514390,67206,836228,0,0.16298904493795674,0.22167956958559598,999.0,124.68977248314675,0,0,0,0,0,67207,108,0,0,0,0,0,0,0,0,0,0,0,0,0,0,0,0.0,0.0,0.0,0.0,0.0,1.9999646318172173,179853,102887,3,1.7480634093714464,0.14101450343494154,0.08066898642174904,0.05269314783655919,0.0,0.0,0.0,0.038966710625973205,0.4033096496688939,0.0,0.0,0.0,0.0,0.0,0.0,0.0,0.0,0.0,1.0,0.0,0.0,0.0,1.0,0,0.0,0.0,0.0,0.0,0.14101450343494154,4,benign
1272337,159901564,142507,1084926,44904,290615,532730,52577,838924,0,0.13135181569987261,0.228410397559766,999.0,125.67548063131073,0,0,0,0,0,52570,108,0,0,0,0,0,0,0,0,0,0,0,0,0,0,0,0.0,0.0,0.0,0.0,0.0,2.0000068819809096,184068,106539,3,1.7277053473375947,0.1446692189254891,0.0837348909919306,0.041323171455361275,0.0,0.0,0.0,0.03529253648993938,0.41870196339491816,0.0,0.0,0.0,0.0,0.0,0.0,0.0,0.0,0.0,1.0,0.0,0.0,0.0,1.0,0,0.0,0.0,0.0,0.0,0.1446692189254891,4,benign
1450534,170183506,176809,1208008,52574,302080,561425,68592,949802,0,0.14636409692651042,0.2082543394363731,999.0,117.32472730732269,0,0,0,0,0,68567,108,0,0,0,0,0,0,0,0,0,0,0,0,0,0,0,0.0,0.0,0.0,0.0,0.0,1.999589596944483,189797,112296,3,1.6901492484149034,0.13084629522644764,0.07741700642659875,0.04728741277350272,0.0,0.0,0.0,0.03624458302942227,0.3870471150624529,0.0,0.0,0.0,0.0,0.0,0.0,0.0,0.0,0.0,1.0,0.0,0.0,0.0,1.0,0,0.0,0.0,0.0,0.0,0.13084629522644764,4,benign
1379239,172726709,171900,1156097,51102,309500,570609,65981,905332,0,0.14868994556685122,0.22439910704381183,999.0,125.23334171960045,0,0,0,0,0,65762,108,0,0,0,0,0,0,0,0,0,0,0,0,0,0,0,0.0,0.0,0.0,0.0,0.0,2.000038772964904,195377,114117,3,1.7120762024939318,0.14165565213860687,0.08273910468018958,0.0478386994567294,0.0,0.0,0.0,0.03705086645606744,0.4137129243010095,0.0,0.0,0.0,0.0,0.0,0.0,0.0,0.0,0.0,1.0,0.0,0.0,0.0,1.0,0,0.0,0.0,0.0,0.0,0.14165565213860687,4,benign
1277067,159890225,157311,1072707,47049,287640,524498,59897,840019,0,0.14664861886796673,0.2252348545534416,999.0,125.20112492140193,0,0,0,0,0,59905,108,0,0,0,0,0,0,0,0,0,0,0,0,0,0,0,0.0,0.0,0.0,0.0,0.0,2.0,182740,104898,3,1.7420732521115752,0.14309351036398246,0.08213977810091405,0.046902002792335876,0.0,0.0,0.0,0.03684144997874035,0.41070515485875053,0.0,0.0,0.0,0.0,0.0,0.0,0.0,0.0,0.0,1.0,0.0,0.0,0.0,1.0,0,0.0,0.0,0.0,0.0,0.14309351036398246,4,benign
1922858,229926046,234452,1617193,71601,434575,752068,84643,1266433,0,0.14497465670454918,0.2260047283782786,999.0,119.57515635579955,0,0,0,0,0,84631,108,0,0,0,0,0,0,0,0,0,0,0,0,0,0,0,0.0,0.0,0.0,0.0,0.0,1.998965041398344,264039,150415,3,1.7554033839710135,0.13731591204342702,0.07822470510042863,0.04401937116521345,0.0,0.0,0.0,0.037236759032648274,0.3911198850877184,0.0,0.0,0.0,0.0,0.0,0.0,0.0,0.0,0.0,1.0,0.0,0.0,0.0,1.0,0,0.0,0.0,0.0,0.0,0.13731591204342702,4,benign
1325102,166066094,160272,1115588,49242,299032,546660,60470,872019,0,0.14366594118975823,0.22566715618873112,999.0,125.32325360613748,0,0,0,0,0,60453,108,0,0,0,0,0,0,0,0,0,0,0,0,0,0,0,0.0,0.0,0.0,0.0,0.0,1.9996388998482042,189706,109337,3,1.7350576657490144,0.14316331874829258,0.08251213868819154,0.04563422287491831,0.0,0.0,0.0,0.03716091289576199,0.4125418269687918,0.0,0.0,0.0,0.0,0.0,0.0,0.0,0.0,0.0,1.0,0.0,0.0,0.0,1.0,0,0.0,0.0,0.0,0.0,0.14316331874829258,4,benign
1272086,182358384,178237,1065834,56584,325683,599098,66204,836801,0,0.16722772964645527,0.2560227846230522,999.0,143.35381727336045,0,0,0,0,0,65929,108,0,0,0,0,0,0,0,0,0,0,0,0,0,0,0,0.0,0.0,0.0,0.0,0.0,2.0013580694520403,205859,119807,3,1.7182551937699801,0.16182789528380942,0.0941815254629011,0.05204365113679421,0.0,0.0,0.0,0.044481269348141554,0.47095715226800705,0.0,0.0,0.0,0.0,0.0,0.0,0.0,0.0,0.0,1.0,0.0,0.0,0.0,1.0,0,0.0,0.0,0.0,0.0,0.16182789528380942,4,benign
1366588,159242076,144413,1163730,44047,293752,513833,54290,905980,0,0.12409493611060984,0.2149528607012501,999.0,116.52529950504469,0,0,0,0,0,54301,108,0,0,0,0,0,0,0,0,0,0,0,0,0,0,0,0.0,0.0,0.0,0.0,0.0,1.9999863831641442,190987,102764,3,1.8585010314896266,0.1397546297786897,0.07519749917312314,0.039726676950185426,0.0,0.0,0.0,0.03223136746407842,0.3759970086083004,0.0,0.0,0.0,0.0,0.0,0.0,0.0,0.0,0.0,1.0,0.0,0.0,0.0,1.0,0,0.0,0.0,0.0,0.0,0.1397546297786897,4,benign
1367898,182965623,189156,1136804,55320,323958,608605,72845,892883,0,0.16639279946235236,0.2368290618160126,999.0,133.75677353135978,0,0,0,0,0,72897,108,0,0,0,0,0,0,0,0,0,0,0,0,0,0,0,0.0,0.0,0.0,0.0,0.0,2.0006422647242275,202239,121727,3,1.661414476656781,0.14784654996205857,0.0889883602432345,0.05325323964213706,0.0,0.0,0.0,0.04044161187456959,0.4449198697563707,0.0,0.0,0.0,0.0,0.0,0.0,0.0,0.0,0.0,1.0,0.0,0.0,0.0,1.0,0,0.0,0.0,0.0,0.0,0.14784654996205857,4,benign
1366403,170670775,163896,1152012,50033,308713,559272,62347,900020,0,0.14226935136092334,0.22593114915584933,999.0,124.90515243306696,0,0,0,0,0,62535,108,0,0,0,0,0,0,0,0,0,0,0,0,0,0,0,0.0,0.0,0.0,0.0,0.0,1.9992940917421687,196864,111858,3,1.7599456453718108,0.14407462512889682,0.08186311066354508,0.045628559070786584,0.0,0.0,0.0,0.036616576515127675,0.4093023800445403,0.0,0.0,0.0,0.0,0.0,0.0,0.0,0.0,0.0,1.0,0.0,0.0,0.0,1.0,0,0.0,0.0,0.0,0.0,0.14407462512889682,4,benign
1356179,181974778,177031,1137924,57146,325168,592299,64419,895138,0,0.15557365869776893,0.23976775927071575,999.0,134.18197597809728,0,0,0,0,0,64666,108,0,0,0,0,0,0,0,0,0,0,0,0,0,0,0,0.0,0.0,0.0,0.0,0.0,1.9997417053596138,206707,118468,3,1.7448340480129656,0.1524186703967544,0.0873542504344928,0.047500366839480626,0.0,0.0,0.0,0.04213750544728977,0.4367410201750654,0.0,0.0,0.0,0.0,0.0,0.0,0.0,0.0,0.0,1.0,0.0,0.0,0.0,1.0,0,0.0,0.0,0.0,0.0,0.1524186703967544,4,benign
1459256,159637127,156727,1229179,45171,288681,528409,61745,957504,0,0.12750543248786386,0.197827523066549,999.0,109.39624507283163,0,0,0,0,0,61768,108,0,0,0,0,0,0,0,0,0,0,0,0,0,0,0,0.0,0.0,0.0,0.0,0.0,2.0000484976132245,182994,105677,3,1.7316350766959698,0.12540225978169697,0.07241841047766807,0.04231265795720559,0.0,0.0,0.0,0.030954815330552006,0.3621084991255818,0.0,0.0,0.0,0.0,0.0,0.0,0.0,0.0,0.0,1.0,0.0,0.0,0.0,1.0,0,0.0,0.0,0.0,0.0,0.12540225978169697,4,benign
1459269,183112639,169105,1224137,51372,307708,600820,67793,959661,0,0.13814221774196841,0.21086448077770445,999.0,125.48244292176426,0,0,0,0,0,67727,108,0,0,0,0,0,0,0,0,0,0,0,0,0,0,0,0.0,0.0,0.0,0.0,0.0,1.9984802332906846,207849,120155,3,1.729840622529233,0.1424336431459861,0.08233917118776593,0.04645682187451388,0.0,0.0,0.0,0.03520392744586502,0.41172669329643813,0.0,0.0,0.0,0.0,0.0,0.0,0.0,0.0,0.0,1.0,0.0,0.0,0.0,1.0,0,0.0,0.0,0.0,0.0,0.1424336431459861,4,benign
1553070,194388504,190613,1303584,58610,349022,637998,71744,1022349,0,0.1462222610894273,0.2247303727455942,999.0,125.16403252911974,0,0,0,0,0,71755,108,0,0,0,0,0,0,0,0,0,0,0,0,0,0,0,0.0,0.0,0.0,0.0,0.0,1.999713526149333,221417,127600,3,1.735242946708464,0.1425673021821296,0.08215985113356127,0.046194955797227426,0.0,0.0,0.0,0.037738157327100515,0.410797967895845,0.0,0.0,0.0,0.0,0.0,0.0,0.0,0.0,0.0,1.0,0.0,0.0,0.0,1.0,0,0.0,0.0,0.0,0.0,0.1425673021821296,4,benign
1450789,181946712,178861,1217851,54077,326165,597547,67308,954036,0,0.1468660780341766,0.2248190467393949,999.0,125.4122494725284,0,0,0,0,0,67231,108,0,0,0,0,0,0,0,0,0,0,0,0,0,0,0,0.0,0.0,0.0,0.0,0.0,2.0002759720348338,206662,119501,3,1.7293746495845224,0.14244800587818077,0.08236966230099621,0.04639406557397389,0.0,0.0,0.0,0.03727420045230561,0.4118772612695575,0.0,0.0,0.0,0.0,0.0,0.0,0.0,0.0,0.0,1.0,0.0,0.0,0.0,1.0,0,0.0,0.0,0.0,0.0,0.14244800587818077,4,benign
1271851,159553617,157122,1066554,48175,285693,523699,58924,836529,0,0.14731743540411457,0.22462772761903713,999.0,125.44992849005112,0,0,0,0,0,58933,108,0,0,0,0,0,0,0,0,0,0,0,0,0,0,0,0.0,0.0,0.0,0.0,0.0,2.0000350032202965,180951,104749,3,1.7274723386380777,0.14227374118509165,0.08235949022330447,0.046329326312594794,0.0,0.0,0.0,0.03787786462407939,0.4117612833578776,0.0,0.0,0.0,0.0,0.0,0.0,0.0,0.0,0.0,1.0,0.0,0.0,0.0,1.0,0,0.0,0.0,0.0,0.0,0.14227374118509165,4,benign
1630392,193207439,190418,1367796,57766,346166,634365,71499,1071875,0,0.1392152046065349,0.212320717962306,999.0,118.50367212302318,0,0,0,0,0,71706,108,0,0,0,0,0,0,0,0,0,0,0,0,0,0,0,0.0,0.0,0.0,0.0,0.0,1.9987066601229828,219296,126876,3,1.7284277562344337,0.134505076079863,0.07781932197900873,0.04385387072556784,0.0,0.0,0.0,0.035430743036030596,0.3890874096536293,0.0,0.0,0.0,0.0,0.0,0.0,0.0,0.0,0.0,1.0,0.0,0.0,0.0,1.0,0,0.0,0.0,0.0,0.0,0.134505076079863,4,benign
1274293,159715906,155433,1071441,47419,286660,528682,58956,836837,0,0.1450691171982405,0.22495611291908532,999.0,125.33687778242523,0,0,0,0,0,58955,108,0,0,0,0,0,0,0,0,0,0,0,0,0,0,0,0.0,0.0,0.0,0.0,0.0,2.0,180922,105736,3,1.7110728607096921,0.14197833622251713,0.08297620719881535,0.046265654759148796,0.0,0.0,0.0,0.03721200697170902,0.4148826054918296,0.0,0.0,0.0,0.0,0.0,0.0,0.0,0.0,0.0,1.0,0.0,0.0,0.0,1.0,0,0.0,0.0,0.0,0.0,0.14197833622251713,4,benign
1367483,160181952,156346,1149613,46770,287695,529183,59490,897985,0,0.13599881003433328,0.21038287130443303,999.0,117.13633880640563,0,0,0,0,0,59491,108,0,0,0,0,0,0,0,0,0,0,0,0,0,0,0,0.0,0.0,0.0,0.0,0.0,2.000020855637279,181858,105834,3,1.7183324829449893,0.13298739362756246,0.07739328386532045,0.043503283038984764,0.0,0.0,0.0,0.03420152206645348,0.38697592584331947,0.0,0.0,0.0,0.0,0.0,0.0,0.0,0.0,0.0,1.0,0.0,0.0,0.0,1.0,0,0.0,0.0,0.0,0.0,0.13298739362756246,4,benign
1638920,216667207,214906,1372047,66088,388517,706707,80798,1078888,0,0.15663166057722513,0.23705672027920827,999.0,132.20120994313328,0,0,0,0,0,80914,108,0,0,0,0,0,0,0,0,0,0,0,0,0,0,0,0.0,0.0,0.0,0.0,0.0,1.999037828270355,247173,141352,3,1.748634614296225,0.1508145608083372,0.086247040734142,0.0492995387206209,0.0,0.0,0.0,0.04032411588119005,0.43120286530154006,0.0,0.0,0.0,0.0,0.0,0.0,0.0,0.0,0.0,1.0,0.0,0.0,0.0,1.0,0,0.0,0.0,0.0,0.0,0.1508145608083372,4,benign
1363871,182416794,171528,1155795,51769,328623,613913,65635,893981,0,0.1484069406771962,0.24094874075334105,999.0,133.74930180346968,0,0,0,0,0,65520,108,0,0,0,0,0,0,0,0,0,0,0,0,0,0,0,0.0,0.0,0.0,0.0,0.0,2.001187474880339,205850,122780,3,1.6765759895748493,0.15093069652481797,0.09002317667873282,0.048124052787983616,0.0,0.0,0.0,0.03795740212967355,0.45012541508691073,0.0,0.0,0.0,0.0,0.0,0.0,0.0,0.0,0.0,1.0,0.0,0.0,0.0,1.0,0,0.0,0.0,0.0,0.0,0.15093069652481797,4,benign
1724919,205350676,176240,1454317,54997,327717,681367,74984,1132950,0,0.12118403346725645,0.18998979082496048,999.0,119.04946029349784,0,0,0,0,0,74879,108,0,0,0,0,0,0,0,0,0,0,0,0,0,0,0,0.0,0.0,0.0,0.0,0.0,1.999042315035654,232660,136276,3,1.707270539199859,0.13488169589412605,0.07900428947678123,0.04347102675545924,0.0,0.0,0.0,0.031883815993678545,0.39501391079813025,0.0,0.0,0.0,0.0,0.0,0.0,0.0,0.0,0.0,1.0,0.0,0.0,0.0,1.0,0,0.0,0.0,0.0,0.0,0.13488169589412605,4,benign
2004981,194822874,178228,1690352,53321,329557,648410,71789,1316860,0,0.10543839389665584,0.16436913866016686,999.0,97.16943651835105,0,0,0,0,0,71847,108,0,0,0,0,0,0,0,0,0,0,0,0,0,0,0,0.0,0.0,0.0,0.0,0.0,2.0006009870757424,220369,129683,3,1.6992898066824487,0.10991076723420322,0.0646804134303517,0.03580532683352112,0.0,0.0,0.0,0.026594266978091065,0.3233995733625406,0.0,0.0,0.0,0.0,0.0,0.0,0.0,0.0,0.0,1.0,0.0,0.0,0.0,1.0,0,0.0,0.0,0.0,0.0,0.10991076723420322,4,benign
1269647,159209765,152913,1070226,46508,286335,527975,57844,834158,0,0.1428791675776892,0.22552331474811502,999.0,125.39687409177512,0,0,0,0,0,57844,108,0,0,0,0,0,0,0,0,0,0,0,0,0,0,0,0.0,0.0,0.0,0.0,0.0,1.9998952331063384,180747,105596,3,1.7116841547028296,0.14236004180689593,0.08316957390518782,0.045559119975867306,0.0,0.0,0.0,0.03663065403218375,0.41584393142345866,0.0,0.0,0.0,0.0,0.0,0.0,0.0,0.0,0.0,1.0,0.0,0.0,0.0,1.0,0,0.0,0.0,0.0,0.0,0.14236004180689593,4,benign
1353092,191811360,190610,1132396,58693,345663,621323,72134,893161,0,0.16832450838752522,0.25546156506726814,999.0,141.75781099880865,0,0,0,0,0,72079,108,0,0,0,0,0,0,0,0,0,0,0,0,0,0,0,0.0,0.0,0.0,0.0,0.0,2.0028449584554946,221394,124258,3,1.7817283394228138,0.16362080331566517,0.09183263222308609,0.05331049182169431,0.0,0.0,0.0,0.0433769470220798,0.45918754970098113,0.0,0.0,0.0,0.0,0.0,0.0,0.0,0.0,0.0,1.0,0.0,0.0,0.0,1.0,0,0.0,0.0,0.0,0.0,0.16362080331566517,4,benign
1366644,171684392,164169,1153061,49414,307199,579304,62600,894421,0,0.14237668258661076,0.22478348421388453,999.0,125.62480938708252,0,0,0,0,0,62448,108,0,0,0,0,0,0,0,0,0,0,0,0,0,0,0,0.0,0.0,0.0,0.0,0.0,2.0002409152173772,191341,115856,3,1.6515415688440822,0.14000793183886953,0.08477408893610919,0.045805637752040766,0.0,0.0,0.0,0.03615718504599588,0.4238880059474157,0.0,0.0,0.0,0.0,0.0,0.0,0.0,0.0,0.0,1.0,0.0,0.0,0.0,1.0,0,0.0,0.0,0.0,0.0,0.14000793183886953,4,benign
1364620,159152402,163938,1137641,48329,283968,520653,63282,894898,0,0.14410345618696935,0.2080930955137694,999.0,116.62763406662661,0,0,0,0,0,63281,108,0,0,0,0,0,0,0,0,0,0,0,0,0,0,0,0.0,0.0,0.0,0.0,0.0,2.0000422591755234,179831,104138,3,1.7268528298987882,0.1317810086324398,0.07631281968606646,0.04637334935733024,0.0,0.0,0.0,0.0354157201272149,0.3815369846550688,0.0,0.0,0.0,0.0,0.0,0.0,0.0,0.0,0.0,1.0,0.0,0.0,0.0,1.0,0,0.0,0.0,0.0,0.0,0.1317810086324398,4,benign
1458281,159673931,154723,1226244,46887,286750,529476,58802,957477,0,0.1261763564184616,0.19663562783853045,999.0,109.49462483567982,0,0,0,0,0,58797,108,0,0,0,0,0,0,0,0,0,0,0,0,0,0,0,0.0,0.0,0.0,0.0,0.0,1.9999581525757089,180864,105894,3,1.7079721230664626,0.12402547931434339,0.0726156344353386,0.040322818441713225,0.0,0.0,0.0,0.03215223952036679,0.36308228661005665,0.0,0.0,0.0,0.0,0.0,0.0,0.0,0.0,0.0,1.0,0.0,0.0,0.0,1.0,0,0.0,0.0,0.0,0.0,0.12402547931434339,4,benign
1272202,159335319,159102,1066002,47098,285400,524529,60862,835293,0,0.14925112710857955,0.22433544358521681,999.0,125.24372623215496,0,0,0,0,0,60863,108,0,0,0,0,0,0,0,0,0,0,0,0,0,0,0,0.0,0.0,0.0,0.0,0.0,2.0000700795402784,180491,104908,3,1.7204693636328974,0.14187291011961936,0.08246174742690233,0.04783988706196029,0.0,0.0,0.0,0.03702085046242656,0.4123000907088654,0.0,0.0,0.0,0.0,0.0,0.0,0.0,0.0,0.0,1.0,0.0,0.0,0.0,1.0,0,0.0,0.0,0.0,0.0,0.14187291011961936,4,benign
1546955,182307832,193989,1295711,57255,346737,601210,70195,1015726,0,0.14971625617132214,0.22414162015055383,999.0,117.84947332016769,0,0,0,0,0,74373,108,0,0,0,0,0,0,0,0,0,0,0,0,0,0,0,0.0,0.0,0.0,0.0,0.0,2.0020382003787702,206214,120241,3,1.715005696892075,0.13330316654330604,0.07772753570724424,0.045376239127835005,0.0,0.0,0.0,0.03701141920741069,0.3886409106922955,0.0,0.0,0.0,0.0,0.0,0.0,0.0,0.0,0.0,1.0,0.0,0.0,0.0,1.0,0,0.0,0.0,0.0,0.0,0.13330316654330604,4,benign
1641196,183169905,189275,1380216,56097,349714,601047,68006,1078586,0,0.13713433259721666,0.21308484787922954,999.0,111.60757459803705,0,0,0,0,0,67730,108,0,0,0,0,0,0,0,0,0,0,0,0,0,0,0,0.0,0.0,0.0,0.0,0.0,2.00113299534213,209725,120204,3,1.7447422714718313,0.12778790589301947,0.07324170909507456,0.041436854586533234,0.0,0.0,0.0,0.03418056100551062,0.3662249968925101,0.0,0.0,0.0,0.0,0.0,0.0,0.0,0.0,0.0,1.0,0.0,0.0,0.0,1.0,0,0.0,0.0,0.0,0.0,0.12778790589301947,4,benign
1271597,159006520,147382,1078463,45752,291378,510895,54641,844054,0,0.13665930124631073,0.22914335280753256,999.0,125.04474294922055,0,0,0,0,0,54641,108,0,0,0,0,0,0,0,0,0,0,0,0,0,0,0,0.0,0.0,0.0,0.0,0.0,2.0000274561216855,189191,102174,3,1.8516550198680681,0.1487822006500487,0.0803509287926914,0.04297037504806948,0.0,0.0,0.0,0.03597995276805466,0.40177430428036554,0.0,0.0,0.0,0.0,0.0,0.0,0.0,0.0,0.0,1.0,0.0,0.0,0.0,1.0,0,0.0,0.0,0.0,0.0,0.1487822006500487,4,benign
1284380,161073906,166000,1069685,48695,284596,539634,64390,837473,0,0.15518587247647672,0.22158239773275823,999.0,125.40985222441957,0,0,0,0,0,64388,108,0,0,0,0,0,0,0,0,0,0,0,0,0,0,0,0.0,0.0,0.0,0.0,0.0,1.9999297274126335,176689,107932,3,1.6370399881406812,0.13756754231613696,0.08403432006104113,0.05013313816783195,0.0,0.0,0.0,0.03791323440103396,0.42015135707500895,0.0,0.0,0.0,0.0,0.0,0.0,0.0,0.0,0.0,1.0,0.0,0.0,0.0,1.0,0,0.0,0.0,0.0,0.0,0.13756754231613696,4,benign
1271197,159089705,154156,1070196,46846,287146,521952,58529,836887,0,0.14404464228982355,0.22588631030438241,999.0,125.14952835791777,0,0,0,0,0,58534,108,0,0,0,0,0,0,0,0,0,0,0,0,0,0,0,0.0,0.0,0.0,0.0,0.0,2.000013930292815,182746,104393,3,1.750557987604533,0.14375899250863555,0.08212181117482184,0.046042430874207535,0.0,0.0,0.0,0.03685188055037889,0.41059882929239133,0.0,0.0,0.0,0.0,0.0,0.0,0.0,0.0,0.0,1.0,0.0,0.0,0.0,1.0,0,0.0,0.0,0.0,0.0,0.14375899250863555,4,benign
1276950,159898829,155238,1075310,46402,288700,523019,58787,841405,0,0.14436581078944677,0.22608559458083716,999.0,125.21933435138416,0,0,0,0,0,58786,108,0,0,0,0,0,0,0,0,0,0,0,0,0,0,0,0.0,0.0,0.0,0.0,0.0,2.0,184094,104603,3,1.7599304035257115,0.14416696033517365,0.08191628489760758,0.04603704138768158,0.0,0.0,0.0,0.03633814949684796,0.40958455695211243,0.0,0.0,0.0,0.0,0.0,0.0,0.0,0.0,0.0,1.0,0.0,0.0,0.0,1.0,0,0.0,0.0,0.0,0.0,0.14416696033517365,4,benign
1264798,159072713,155994,1057068,51736,284415,509524,55506,837409,0,0.14757234160905447,0.2248699001737827,999.0,125.76926355038512,0,0,0,0,0,55516,108,0,0,0,0,0,0,0,0,0,0,0,0,0,0,0,0.0,0.0,0.0,0.0,0.0,2.000007032002644,182516,101901,3,1.7911109802651592,0.14430446600959204,0.08056701544436345,0.043885268635782154,0.0,0.0,0.0,0.040904555510049824,0.40285009938345884,0.0,0.0,0.0,0.0,0.0,0.0,0.0,0.0,0.0,1.0,0.0,0.0,0.0,1.0,0,0.0,0.0,0.0,0.0,0.14430446600959204,4,benign
1468842,183181123,176264,1241612,50413,331999,610231,69517,963658,0,0.14196383411242805,0.22602771434912672,999.0,124.71125076761149,0,0,0,0,0,69613,108,0,0,0,0,0,0,0,0,0,0,0,0,0,0,0,0.0,0.0,0.0,0.0,0.0,2.000608620720824,209947,122051,3,1.7201579667516038,0.14293368517512434,0.08309334836558323,0.04732775887399734,0.0,0.0,0.0,0.03432159483457036,0.41545040242585657,0.0,0.0,0.0,0.0,0.0,0.0,0.0,0.0,0.0,1.0,0.0,0.0,0.0,1.0,0,0.0,0.0,0.0,0.0,0.14293368517512434,4,benign
1274125,194394305,189001,1070209,57946,349498,638851,71397,838277,0,0.17660195345021393,0.27430432649857744,999.0,152.57082703816346,0,0,0,0,0,71512,108,0,0,0,0,0,0,0,0,0,0,0,0,0,0,0,0.0,0.0,0.0,0.0,0.0,2.0004922555607707,221716,127763,3,1.7353693948952358,0.17401432355538116,0.10027509074855293,0.05603610320808398,0.0,0.0,0.0,0.04547905425291867,0.5014037084273522,0.0,0.0,0.0,0.0,0.0,0.0,0.0,0.0,0.0,1.0,0.0,0.0,0.0,1.0,0,0.0,0.0,0.0,0.0,0.17401432355538116,4,benign
1541989,205092818,201372,1293169,62472,367154,671694,75706,1013409,0,0.15571978604497944,0.23810416287016314,999.0,133.00537033662368,0,0,0,0,0,71447,108,0,0,0,0,0,0,0,0,0,0,0,0,0,0,0,0.0,0.0,0.0,0.0,0.0,1.9973887072468814,232822,134339,3,1.733093144954183,0.15098810691905065,0.08712059554251035,0.04909632948094961,0.0,0.0,0.0,0.040513907686760414,0.43560232919949493,0.0,0.0,0.0,0.0,0.0,0.0,0.0,0.0,0.0,1.0,0.0,0.0,0.0,1.0,0,0.0,0.0,0.0,0.0,0.15098810691905065,4,benign
1359322,170966853,172777,1132575,53970,302646,561290,63870,892011,0,0.15255236960024723,0.2226448185198209,999.0,125.77362317390582,0,0,0,0,0,63991,108,0,0,0,0,0,0,0,0,0,0,0,0,0,0,0,0.0,0.0,0.0,0.0,0.0,1.9990884590995561,190389,112264,3,1.6959042970141809,0.1400617366598937,0.08258823148599082,0.046986659525851855,0.0,0.0,0.0,0.03970361695021488,0.4129190876039673,0.0,0.0,0.0,0.0,0.0,0.0,0.0,0.0,0.0,1.0,0.0,0.0,0.0,1.0,0,0.0,0.0,0.0,0.0,0.1400617366598937,4,benign
1629960,204898222,201741,1367267,62158,367063,669734,75559,1071425,0,0.14755055157478386,0.2251975508601438,999.0,125.7075155218533,0,0,0,0,0,75943,108,0,0,0,0,0,0,0,0,0,0,0,0,0,0,0,0.0,0.0,0.0,0.0,0.0,1.9974804503626955,233112,133940,3,1.740421084067493,0.14301700655230803,0.08217379567596751,0.046356352303124,0.0,0.0,0.0,0.03813467815161108,0.4108898377874304,0.0,0.0,0.0,0.0,0.0,0.0,0.0,0.0,0.0,1.0,0.0,0.0,0.0,1.0,0,0.0,0.0,0.0,0.0,0.14301700655230803,4,benign
1364884,182244466,176898,1149559,53500,328487,596810,67061,898675,0,0.15388335874887674,0.2406702694148367,999.0,133.52377637953114,0,0,0,0,0,66940,108,0,0,0,0,0,0,0,0,0,0,0,0,0,0,0,0.0,0.0,0.0,0.0,0.0,1.9988864210302126,209118,119364,3,1.7519352568613653,0.15321302030062628,0.08745358579923275,0.04913311314368107,0.0,0.0,0.0,0.03919747026120901,0.4372606023662084,0.0,0.0,0.0,0.0,0.0,0.0,0.0,0.0,0.0,1.0,0.0,0.0,0.0,1.0,0,0.0,0.0,0.0,0.0,0.15321302030062628,4,benign
1279089,160480063,157729,1072521,48839,287185,527458,59196,840901,0,0.14706378709601023,0.22452307853480094,999.0,125.46434454521929,0,0,0,0,0,59186,108,0,0,0,0,0,0,0,0,0,0,0,0,0,0,0,0.0,0.0,0.0,0.0,0.0,1.9999930358722222,181692,105490,3,1.722362309223623,0.14204797320593016,0.08247275990959191,0.04627981321080863,0.0,0.0,0.0,0.03818264405369759,0.4123700539993699,0.0,0.0,0.0,0.0,0.0,0.0,0.0,0.0,0.0,1.0,0.0,0.0,0.0,1.0,0,0.0,0.0,0.0,0.0,0.14204797320593016,4,benign
1273716,159689549,154534,1072782,46400,286988,529621,58717,836458,0,0.1440497696642934,0.22531553344701644,999.0,125.37296304670743,0,0,0,0,0,58727,108,0,0,0,0,0,0,0,0,0,0,0,0,0,0,0,0.0,0.0,0.0,0.0,0.0,1.9999581872791765,181064,105932,3,1.7092474417550882,0.14215413797110188,0.08316767631088877,0.04609897339752347,0.0,0.0,0.0,0.03642884285036853,0.41580776248394463,0.0,0.0,0.0,0.0,0.0,0.0,0.0,0.0,0.0,1.0,0.0,0.0,0.0,1.0,0,0.0,0.0,0.0,0.0,0.14215413797110188,4,benign
1276788,160009897,155959,1073861,46968,287346,529560,59407,838434,0,0.1452320179241075,0.22505380689668136,999.0,125.32221245813714,0,0,0,0,0,59402,108,0,0,0,0,0,0,0,0,0,0,0,0,0,0,0,0.0,0.0,0.0,0.0,0.0,2.0001252923488138,181430,105909,3,1.7130744318235467,0.14209876659241785,0.08294955779659584,0.04652847614482592,0.0,0.0,0.0,0.036786060019361085,0.41475953721369563,0.0,0.0,0.0,0.0,0.0,0.0,0.0,0.0,0.0,1.0,0.0,0.0,0.0,1.0,0,0.0,0.0,0.0,0.0,0.14209876659241785,4,benign
1275895,160093815,153680,1075904,46311,287752,531520,58118,838105,0,0.14283802272321694,0.22552953025131378,999.0,125.47569745159281,0,0,0,0,0,58120,108,0,0,0,0,0,0,0,0,0,0,0,0,0,0,0,0.0,0.0,0.0,0.0,0.0,1.9999026987204882,181455,106296,3,1.7070727026416799,0.14221781572935077,0.0833109307584088,0.0455507702436329,0.0,0.0,0.0,0.03629687395906403,0.41658600433421245,0.0,0.0,0.0,0.0,0.0,0.0,0.0,0.0,0.0,1.0,0.0,0.0,0.0,1.0,0,0.0,0.0,0.0,0.0,0.14221781572935077,4,benign
1553007,194136042,199385,1295162,58460,346807,636705,77176,1018677,0,0.15394599285649208,0.22331322395842387,999.0,125.00654665432931,0,0,0,0,0,77015,108,0,0,0,0,0,0,0,0,0,0,0,0,0,0,0,0.0,0.0,0.0,0.0,0.0,2.000698037994035,219469,127346,3,1.7234070956292307,0.14131874486077656,0.08199963039445411,0.049694560294963254,0.0,0.0,0.0,0.03764310141551197,0.4099820541697494,0.0,0.0,0.0,0.0,0.0,0.0,0.0,0.0,0.0,1.0,0.0,0.0,0.0,1.0,0,0.0,0.0,0.0,0.0,0.14131874486077656,4,benign
1365837,171621813,156941,1160032,48864,310212,573145,58460,898396,0,0.13529023337287246,0.22712227008054403,999.0,125.65321703834353,0,0,0,0,0,58601,108,0,0,0,0,0,0,0,0,0,0,0,0,0,0,0,0.0,0.0,0.0,0.0,0.0,2.0002321262766944,195585,114631,3,1.7062138514014533,0.14319790721733267,0.08392729147035848,0.04280159345514875,0.0,0.0,0.0,0.03577586490920952,0.4196291358339245,0.0,0.0,0.0,0.0,0.0,0.0,0.0,0.0,0.0,1.0,0.0,0.0,0.0,1.0,0,0.0,0.0,0.0,0.0,0.14319790721733267,4,benign
1547159,194089875,189244,1300425,57512,348254,642352,72127,1015452,0,0.14552473229905608,0.22509257290297893,999.0,125.44921045606819,0,0,0,0,0,72028,108,0,0,0,0,0,0,0,0,0,0,0,0,0,0,0,0.0,0.0,0.0,0.0,0.0,1.998817654824083,219770,128462,3,1.7107782846289175,0.1420474560145402,0.08303089727687975,0.046618996496158444,0.0,0.0,0.0,0.037172649999127436,0.4151816329155568,0.0,0.0,0.0,0.0,0.0,0.0,0.0,0.0,0.0,1.0,0.0,0.0,0.0,1.0,0,0.0,0.0,0.0,0.0,0.1420474560145402,4,benign
1364896,159722742,166533,1147833,50530,307224,527972,59016,896334,0,0.1450846943762725,0.22508967716221603,999.0,117.0219137575317,0,0,0,0,0,59014,108,0,0,0,0,0,0,0,0,0,0,0,0,0,0,0,0.0,0.0,0.0,0.0,0.0,1.9997656707674283,181353,105597,3,1.7174067445097871,0.13286946404707758,0.07736633413827866,0.04323845919396056,0.0,0.0,0.0,0.037021135676271306,0.38682214615619065,0.0,0.0,0.0,0.0,0.0,0.0,0.0,0.0,0.0,1.0,0.0,0.0,0.0,1.0,0,0.0,0.0,0.0,0.0,0.13286946404707758,4,benign
1367551,160182709,167729,1149883,49939,307696,529680,59706,898234,0,0.14586614464254188,0.22499782457838866,999.0,117.13106787242305,0,0,0,0,0,59716,108,0,0,0,0,0,0,0,0,0,0,0,0,0,0,0,0.0,0.0,0.0,0.0,0.0,2.000975463833053,181551,105948,3,1.7135859100690904,0.13275629208709583,0.07747279626134601,0.04365906646260359,0.0,0.0,0.0,0.03651710247003585,0.3873201072574259,0.0,0.0,0.0,0.0,0.0,0.0,0.0,0.0,0.0,1.0,0.0,0.0,0.0,1.0,0,0.0,0.0,0.0,0.0,0.13275629208709583,4,benign
1470514,172648195,168181,1237215,50532,310082,571471,64018,965192,0,0.13593514465957818,0.21086640453610098,999.0,117.40669929018017,0,0,0,0,0,64176,108,0,0,0,0,0,0,0,0,0,0,0,0,0,0,0,0.0,0.0,0.0,0.0,0.0,1.9994841405459083,195786,114281,3,1.7131981694244887,0.13314120096782486,0.07771500305335413,0.04353443761841098,0.0,0.0,0.0,0.0343634946692109,0.3886198975324274,0.0,0.0,0.0,0.0,0.0,0.0,0.0,0.0,0.0,1.0,0.0,0.0,0.0,1.0,0,0.0,0.0,0.0,0.0,0.13314120096782486,4,benign
1236456,177990407,173817,1039028,52183,319904,585624,65650,813455,0,0.16728808078319352,0.25872655395743965,999.0,143.95207512438776,0,0,0,0,0,65717,108,0,0,0,0,0,0,0,0,0,0,0,0,0,0,0,0.0,0.0,0.0,0.0,0.0,1.999987496327046,202773,117129,3,1.7311938119509258,0.16399532211417148,0.09472961431704809,0.053095298174783416,0.0,0.0,0.0,0.04220368537173987,0.47363108755992933,0.0,0.0,0.0,0.0,0.0,0.0,0.0,0.0,0.0,1.0,0.0,0.0,0.0,1.0,0,0.0,0.0,0.0,0.0,0.16399532211417148,4,benign
1371141,171880111,169116,1150549,51476,307846,567391,64438,900038,0,0.14698722088324792,0.22451812031001916,999.0,125.355533092512,0,0,0,0,0,64517,108,0,0,0,0,0,0,0,0,0,0,0,0,0,0,0,0.0,0.0,0.0,0.0,0.0,1.9994674079654984,194372,113481,3,1.7128153611617805,0.141759308488332,0.08276391705885829,0.04699589611863404,0.0,0.0,0.0,0.03754245551697455,0.4138093748199492,0.0,0.0,0.0,0.0,0.0,0.0,0.0,0.0,0.0,1.0,0.0,0.0,0.0,1.0,0,0.0,0.0,0.0,0.0,0.141759308488332,4,benign
1444935,180383147,172869,1218606,53460,329854,572150,64641,960106,0,0.1418579918365739,0.2282829331423213,999.0,124.83824324277563,0,0,0,0,0,64650,108,0,0,0,0,0,0,0,0,0,0,0,0,0,0,0,0.0,0.0,0.0,0.0,0.0,1.9999514948675507,215416,114426,3,1.8825791341128764,0.14908352278822232,0.07919110548225353,0.04473626841345805,0.0,0.0,0.0,0.036998204071463425,0.39596936886434336,0.0,0.0,0.0,0.0,0.0,0.0,0.0,0.0,0.0,1.0,0.0,0.0,0.0,1.0,0,0.0,0.0,0.0,0.0,0.14908352278822232,4,benign
1280829,160908300,166951,1065071,48807,281663,550389,65258,830209,0,0.15675105227726602,0.21990679473996919,999.0,125.62824545665346,0,0,0,0,0,65254,108,0,0,0,0,0,0,0,0,0,0,0,0,0,0,0,0.0,0.0,0.0,0.0,0.0,2.00013492210024,171581,110079,3,1.5587078370988108,0.13396089563868402,0.08594355686824705,0.0509498145341806,0.0,0.0,0.0,0.038105789297400355,0.429713099875159,0.0,0.0,0.0,0.0,0.0,0.0,0.0,0.0,0.0,1.0,0.0,0.0,0.0,1.0,0,0.0,0.0,0.0,0.0,0.13396089563868402,4,benign
1453800,182122539,164791,1222381,50855,307240,600129,66843,956083,0,0.1348114867623106,0.21133580960242124,999.0,125.2734482047049,0,0,0,0,0,66789,108,0,0,0,0,0,0,0,0,0,0,0,0,0,0,0,0.0,0.0,0.0,0.0,0.0,2.000755395214962,207542,120016,3,1.7292860951873084,0.14275828862291925,0.08255330857064246,0.04597812628972348,0.0,0.0,0.0,0.034980740129316276,0.4128002476269088,0.0,0.0,0.0,0.0,0.0,0.0,0.0,0.0,0.0,1.0,0.0,0.0,0.0,1.0,0,0.0,0.0,0.0,0.0,0.14275828862291925,4,benign
1267485,181600209,174264,1067285,55839,327194,587486,63573,839702,0,0.16327784987140267,0.25814427784155236,999.0,143.27602220144618,0,0,0,0,0,63473,108,0,0,0,0,0,0,0,0,0,0,0,0,0,0,0,0.0,0.0,0.0,0.0,0.0,1.9992789754118394,209702,117507,3,1.7845915562477128,0.16544732284800215,0.09270878945312962,0.050156806589427096,0.0,0.0,0.0,0.044054959230286746,0.4635052880310221,0.0,0.0,0.0,0.0,0.0,0.0,0.0,0.0,0.0,1.0,0.0,0.0,0.0,1.0,0,0.0,0.0,0.0,0.0,0.16544732284800215,4,benign
1371693,171347638,175435,1146719,49539,305862,573372,69921,894546,0,0.15298865720372645,0.22298138140239834,999.0,124.91690050178866,0,0,0,0,0,69827,108,0,0,0,0,0,0,0,0,0,0,0,0,0,0,0,0.0,0.0,0.0,0.0,0.0,1.9990327113493023,191185,114679,3,1.6671317329240751,0.13937885518115206,0.08360398427344894,0.05097423403050099,0.0,0.0,0.0,0.03611522403336607,0.4180031537669143,0.0,0.0,0.0,0.0,0.0,0.0,0.0,0.0,0.0,1.0,0.0,0.0,0.0,1.0,0,0.0,0.0,0.0,0.0,0.13937885518115206,4,benign
1451987,182113776,177346,1222425,53498,327802,598755,67645,955076,0,0.1450772031003947,0.22576097444398607,999.0,125.42383368446136,0,0,0,0,0,67759,108,0,0,0,0,0,0,0,0,0,0,0,0,0,0,0,0.0,0.0,0.0,0.0,0.0,1.9987683077035645,208051,119751,3,1.7373633623101268,0.14328709554562127,0.08247387889836479,0.04658788267388069,0.0,0.0,0.0,0.03684468249371379,0.41236939449182397,0.0,0.0,0.0,0.0,0.0,0.0,0.0,0.0,0.0,1.0,0.0,0.0,0.0,1.0,0,0.0,0.0,0.0,0.0,0.14328709554562127,4,benign
1459184,182712065,176984,1228567,53633,329663,600054,67129,960479,0,0.14405726346222875,0.2259228445487341,999.0,125.21523330847926,0,0,0,0,0,67066,108,0,0,0,0,0,0,0,0,0,0,0,0,0,0,0,0.0,0.0,0.0,0.0,0.0,1.9989631147789495,209656,120013,3,1.7469440810578853,0.14368030351209993,0.08224665292382592,0.04600447921578087,0.0,0.0,0.0,0.03675547429248128,0.41122572615927805,0.0,0.0,0.0,0.0,0.0,0.0,0.0,0.0,0.0,1.0,0.0,0.0,0.0,1.0,0,0.0,0.0,0.0,0.0,0.14368030351209993,4,benign
1460696,182943116,177153,1230879,53211,330135,600315,67135,961961,0,0.1439239762803655,0.22601212024952488,999.0,125.24379884657725,0,0,0,0,0,67148,108,0,0,0,0,0,0,0,0,0,0,0,0,0,0,0,0.0,0.0,0.0,0.0,0.0,2.0000181745483623,210072,120063,3,1.7496814172559407,0.14381637246901477,0.08219574778051011,0.04596096655293093,0.0,0.0,0.0,0.03642852448421848,0.41097873890255054,0.0,0.0,0.0,0.0,0.0,0.0,0.0,0.0,0.0,1.0,0.0,0.0,0.0,1.0,0,0.0,0.0,0.0,0.0,0.14381637246901477,4,benign
1456264,182889990,176850,1225694,53071,330260,601035,67078,959797,0,0.14428560472679153,0.2267858025742585,999.0,125.5884853295831,0,0,0,0,0,66845,108,0,0,0,0,0,0,0,0,0,0,0,0,0,0,0,0.0,0.0,0.0,0.0,0.0,2.0013452996321637,210054,120203,3,1.7474938229495105,0.14424170342740053,0.08254203908082601,0.04606170309778996,0.0,0.0,0.0,0.036443254794460346,0.4127239291776766,0.0,0.0,0.0,0.0,0.0,0.0,0.0,0.0,0.0,1.0,0.0,0.0,0.0,1.0,0,0.0,0.0,0.0,0.0,0.14424170342740053,4,benign
1644752,206702970,201368,1382289,60357,372481,677760,76190,1083348,0,0.14567720643078255,0.22646636088601807,999.0,125.67424754613461,0,0,0,0,0,75888,108,0,0,0,0,0,0,0,0,0,0,0,0,0,0,0,0.0,0.0,0.0,0.0,0.0,2.001112084110091,236930,135553,3,1.747877214078626,0.144052112415732,0.08241546445907955,0.04632309308637412,0.0,0.0,0.0,0.03669671780304873,0.4120742823234141,0.0,0.0,0.0,0.0,0.0,0.0,0.0,0.0,0.0,1.0,0.0,0.0,0.0,1.0,0,0.0,0.0,0.0,0.0,0.144052112415732,4,benign
1363770,182676466,180234,1142595,55951,326913,598969,67685,895974,0,0.15774093182623763,0.23971270815460086,999.0,133.94961467109556,0,0,0,0,0,63466,108,0,0,0,0,0,0,0,0,0,0,0,0,0,0,0,0.0,0.0,0.0,0.0,0.0,1.9995901890023855,207125,119801,3,1.728908773716413,0.15187678274195796,0.08784545781180111,0.049630802847987564,0.0,0.0,0.0,0.04102671271548722,0.43920089164595205,0.0,0.0,0.0,0.0,0.0,0.0,0.0,0.0,0.0,1.0,0.0,0.0,0.0,1.0,0,0.0,0.0,0.0,0.0,0.15187678274195796,4,benign
1273859,159783772,158336,1067279,48244,286067,522739,59351,838275,0,0.14835483505250266,0.224567240173363,999.0,125.43285559861806,0,0,0,0,0,59339,108,0,0,0,0,0,0,0,0,0,0,0,0,0,0,0,0.0,0.0,0.0,0.0,0.0,2.0000769080180105,181509,104540,3,1.736263631145973,0.14248751235419305,0.08206559752688485,0.04659149874515155,0.0,0.0,0.0,0.0378723233890093,0.41035860326770857,0.0,0.0,0.0,0.0,0.0,0.0,0.0,0.0,0.0,1.0,0.0,0.0,0.0,1.0,0,0.0,0.0,0.0,0.0,0.14248751235419305,4,benign
1275382,182847042,179831,1069406,55959,327349,599059,67450,838944,0,0.16815970735155777,0.25666741415513156,999.0,143.36649098074145,0,0,0,0,0,67384,108,0,0,0,0,0,0,0,0,0,0,0,0,0,0,0,0.0,0.0,0.0,0.0,0.0,1.9996273785162335,207536,119812,3,1.7321804159850431,0.16272457977296215,0.09394205030336009,0.05288611568926016,0.0,0.0,0.0,0.04387626609125737,0.46970946743799113,0.0,0.0,0.0,0.0,0.0,0.0,0.0,0.0,0.0,1.0,0.0,0.0,0.0,1.0,0,0.0,0.0,0.0,0.0,0.16272457977296215,4,benign
1269481,159287241,158107,1062416,48958,284438,522844,59219,834425,0,0.14881835363925242,0.22405849319525065,999.0,125.47430091509837,0,0,0,0,0,59219,108,0,0,0,0,0,0,0,0,0,0,0,0,0,0,0,0.0,0.0,0.0,0.0,0.0,2.0000703165651763,179865,104570,3,1.7200439896719901,0.14168388498922,0.08237224503556966,0.046648197176641475,0.0,0.0,0.0,0.038565366476536474,0.41185649883692627,0.0,0.0,0.0,0.0,0.0,0.0,0.0,0.0,0.0,1.0,0.0,0.0,0.0,1.0,0,0.0,0.0,0.0,0.0,0.14168388498922,4,benign
1363144,182530289,178534,1143848,55602,327247,597774,67136,896571,0,0.1560819269693176,0.24006781381864278,999.0,133.90389349914608,0,0,0,0,0,62836,108,0,0,0,0,0,0,0,0,0,0,0,0,0,0,0,0.0,0.0,0.0,0.0,0.0,1.998308520902285,207703,119562,3,1.737199110085144,0.15237054925965268,0.08771046932679159,0.04925084950672856,0.0,0.0,0.0,0.04078952773881556,0.43852593709835497,0.0,0.0,0.0,0.0,0.0,0.0,0.0,0.0,0.0,1.0,0.0,0.0,0.0,1.0,0,0.0,0.0,0.0,0.0,0.15237054925965268,4,benign
1551952,183178740,176805,1306535,54492,328925,606628,66891,1019928,0,0.13532358490205007,0.2119427662711218,999.0,118.03118910894152,0,0,0,0,0,67062,108,0,0,0,0,0,0,0,0,0,0,0,0,0,0,0,0.0,0.0,0.0,0.0,0.0,2.001515169954606,207598,121324,3,1.7111041508687481,0.13376573502273267,0.07817509819891337,0.04310120416095343,0.0,0.0,0.0,0.03511191067764982,0.39088064579316883,0.0,0.0,0.0,0.0,0.0,0.0,0.0,0.0,0.0,1.0,0.0,0.0,0.0,1.0,0,0.0,0.0,0.0,0.0,0.13376573502273267,4,benign
1731681,239641867,231686,1457026,71426,430390,793356,87896,1137129,0,0.1590129482933043,0.24853884751290797,999.0,138.38684318878592,0,0,0,0,0,83797,108,0,0,0,0,0,0,0,0,0,0,0,0,0,0,0,0.0,0.0,0.0,0.0,0.0,1.999553992464331,271703,158659,3,1.7124966122312633,0.1569012999507415,0.09162137830235477,0.05075761644321327,0.0,0.0,0.0,0.04124662683254017,0.4581421173992208,0.0,0.0,0.0,0.0,0.0,0.0,0.0,0.0,0.0,1.0,0.0,0.0,0.0,1.0,0,0.0,0.0,0.0,0.0,0.1569012999507415,4,benign
1272181,205118721,199230,1069990,60260,368864,675577,75400,836903,0,0.18619800185048457,0.28994616332109974,999.0,161.23391325605397,0,0,0,0,0,75393,108,0,0,0,0,0,0,0,0,0,0,0,0,0,0,0,0.0,0.0,0.0,0.0,0.0,1.9976820510598658,233759,135121,3,1.7299975577445401,0.18374665240244903,0.10621208774537585,0.05926829594216546,0.0,0.0,0.0,0.04736747365351314,0.5310384292801102,0.0,0.0,0.0,0.0,0.0,0.0,0.0,0.0,0.0,1.0,0.0,0.0,0.0,1.0,0,0.0,0.0,0.0,0.0,0.18374665240244903,4,benign
1365152,171289316,164968,1150355,49829,307479,570457,62545,896159,0,0.14340616592269342,0.22523425962823188,999.0,125.47270633599776,0,0,0,0,0,62507,108,0,0,0,0,0,0,0,0,0,0,0,0,0,0,0,0.0,0.0,0.0,0.0,0.0,2.0001496149042466,193378,114085,3,1.6950344041723278,0.14165309064485127,0.08356944867677739,0.045815411031152574,0.0,0.0,0.0,0.03650069735824289,0.4178706839970934,0.0,0.0,0.0,0.0,0.0,0.0,0.0,0.0,0.0,1.0,0.0,0.0,0.0,1.0,0,0.0,0.0,0.0,0.0,0.14165309064485127,4,benign
1378355,172655913,171702,1155410,51243,309095,570247,65834,904513,0,0.1486069879956033,0.22424919559910184,999.0,125.26229672326795,0,0,0,0,0,65709,108,0,0,0,0,0,0,0,0,0,0,0,0,0,0,0,0.0,0.0,0.0,0.0,0.0,2.000446564366752,195053,114050,3,1.7102411223147742,0.1415114393606872,0.08274356025842398,0.0477627316620174,0.0,0.0,0.0,0.03717692466744779,0.41371562478461643,0.0,0.0,0.0,0.0,0.0,0.0,0.0,0.0,0.0,1.0,0.0,0.0,0.0,1.0,0,0.0,0.0,0.0,0.0,0.1415114393606872,4,benign
1274784,160046913,149424,1079392,45969,288554,534414,56224,837549,0,0.13843348848240491,0.22635520998067124,999.0,125.54825994050756,0,0,0,0,0,56213,108,0,0,0,0,0,0,0,0,0,0,0,0,0,0,0,0.0,0.0,0.0,0.0,0.0,2.0,181664,106886,3,1.6996051868345714,0.14250571077139343,0.0838463614227979,0.04410472676155333,0.0,0.0,0.0,0.03606022667369531,0.41921925596806986,0.0,0.0,0.0,0.0,0.0,0.0,0.0,0.0,0.0,1.0,0.0,0.0,0.0,1.0,0,0.0,0.0,0.0,0.0,0.14250571077139343,4,benign
1360989,181880613,174232,1136085,50672,304138,597334,71055,893524,0,0.1533617643046075,0.2234683748362404,999.0,133.63856210446963,0,0,0,0,0,71090,108,0,0,0,0,0,0,0,0,0,0,0,0,0,0,0,0.0,0.0,0.0,0.0,0.0,2.002053807113282,205604,119469,3,1.7209820120700767,0.15106955309704928,0.08778101806847814,0.05220835730487168,0.0,0.0,0.0,0.03723174838297738,0.4388970079846347,0.0,0.0,0.0,0.0,0.0,0.0,0.0,0.0,0.0,1.0,0.0,0.0,0.0,1.0,0,0.0,0.0,0.0,0.0,0.15106955309704928,4,benign
1278935,160710194,147166,1086347,45424,290319,538616,55109,840534,0,0.13546868542003615,0.22700059033492712,999.0,125.65939160316982,0,0,0,0,0,59499,108,0,0,0,0,0,0,0,0,0,0,0,0,0,0,0,0.0,0.0,0.0,0.0,0.0,1.9998828943017746,182591,107724,3,1.6949890460807249,0.14276800619265248,0.08422945654001181,0.043089758275440114,0.0,0.0,0.0,0.03551705129658661,0.42114415509779624,0.0,0.0,0.0,0.0,0.0,0.0,0.0,0.0,0.0,1.0,0.0,0.0,0.0,1.0,0,0.0,0.0,0.0,0.0,0.14276800619265248,4,benign
1548127,216612872,218599,1292980,64121,387471,711148,83943,1015309,0,0.16906603350399851,0.2502837299523876,999.0,139.91931669688597,0,0,0,0,0,84103,108,0,0,0,0,0,0,0,0,0,0,0,0,0,0,0,0.0,0.0,0.0,0.0,0.0,2.0001393749806424,245242,142231,3,1.7242513938592852,0.15841206826054968,0.09187295357551416,0.05422229571604913,0.0,0.0,0.0,0.041418436601131564,0.459360246284704,0.0,0.0,0.0,0.0,0.0,0.0,0.0,0.0,0.0,1.0,0.0,0.0,0.0,1.0,0,0.0,0.0,0.0,0.0,0.15841206826054968,4,benign
1453568,204450038,176711,1222838,53412,328963,667631,75296,958069,0,0.1445089210508669,0.22631414560584712,999.0,140.65392055961607,0,0,0,0,0,75342,108,0,0,0,0,0,0,0,0,0,0,0,0,0,0,0,0.0,0.0,0.0,0.0,0.0,2.000261461753618,235669,133533,3,1.7648746002860716,0.16213138979394154,0.09186567123106727,0.05180081014441705,0.0,0.0,0.0,0.0367454429376541,0.4593049654367735,0.0,0.0,0.0,0.0,0.0,0.0,0.0,0.0,0.0,1.0,0.0,0.0,0.0,1.0,0,0.0,0.0,0.0,0.0,0.16213138979394154,4,benign
1366546,171288350,169981,1145995,50165,305253,573323,65351,893411,0,0.14832612707734327,0.22337557608744968,999.0,125.34400598296727,0,0,0,0,0,65370,108,0,0,0,0,0,0,0,0,0,0,0,0,0,0,0,0.0,0.0,0.0,0.0,0.0,2.000229344271963,190591,114669,3,1.6620969922123678,0.13946914337314661,0.08391155511779333,0.04782202721313443,0.0,0.0,0.0,0.03670933872698028,0.41954167660656866,0.0,0.0,0.0,0.0,0.0,0.0,0.0,0.0,0.0,1.0,0.0,0.0,0.0,1.0,0,0.0,0.0,0.0,0.0,0.13946914337314661,4,benign
1364029,170744839,171926,1141131,50972,305423,562893,65910,894524,0,0.15066280733763257,0.22391239482445022,999.0,125.17683934872352,0,0,0,0,0,65954,108,0,0,0,0,0,0,0,0,0,0,0,0,0,0,0,0.0,0.0,0.0,0.0,0.0,1.9990640319930881,192848,112580,3,1.7129863208385148,0.1413811583184815,0.08253490211718373,0.04832008703627269,0.0,0.0,0.0,0.03736870697030635,0.41266937873021764,0.0,0.0,0.0,0.0,0.0,0.0,0.0,0.0,0.0,1.0,0.0,0.0,0.0,1.0,0,0.0,0.0,0.0,0.0,0.1413811583184815,4,benign
1450969,170257018,152698,1222801,46114,287754,555788,61901,956748,0,0.1248755930032769,0.19831850301419257,999.0,117.34021746846417,0,0,0,0,0,62064,108,0,0,0,0,0,0,0,0,0,0,0,0,0,0,0,0.0,0.0,0.0,0.0,0.0,2.0000278019113815,196536,111153,3,1.7681574046584438,0.13545154996419634,0.07660604740693977,0.04266183495305551,0.0,0.0,0.0,0.03178151979814869,0.38304608851050576,0.0,0.0,0.0,0.0,0.0,0.0,0.0,0.0,0.0,1.0,0.0,0.0,0.0,1.0,0,0.0,0.0,0.0,0.0,0.13545154996419634,4,benign
1264627,158569783,156445,1057125,51058,285779,499502,56143,840265,0,0.1479910133617122,0.22597888547374048,999.0,125.38857939930114,0,0,0,0,0,56143,108,0,0,0,0,0,0,0,0,0,0,0,0,0,0,0,0.0,0.0,0.0,0.0,0.0,2.0000209954649795,185875,99901,3,1.8605919860662055,0.14698009768888376,0.07899641554387182,0.044394908538248824,0.0,0.0,0.0,0.040373960068858246,0.39497970547837424,0.0,0.0,0.0,0.0,0.0,0.0,0.0,0.0,0.0,1.0,0.0,0.0,0.0,1.0,0,0.0,0.0,0.0,0.0,0.14698009768888376,4,benign
1568131,196422539,181942,1319643,52344,331661,660243,76183,1024204,0,0.13787213663089185,0.2115008248673102,999.0,125.25901152390968,0,0,0,0,0,76472,108,0,0,0,0,0,0,0,0,0,0,0,0,0,0,0,0.0,0.0,0.0,0.0,0.0,2.000416174093464,220182,132043,3,1.6675022530539294,0.14041046315645822,0.0842040620330827,0.048582038107785636,0.0,0.0,0.0,0.03337986430980575,0.42103816581650383,0.0,0.0,0.0,0.0,0.0,0.0,0.0,0.0,0.0,1.0,0.0,0.0,0.0,1.0,0,0.0,0.0,0.0,0.0,0.14041046315645822,4,benign
1275542,171234388,165669,1073701,50243,308531,563080,62900,839831,0,0.15429714603972614,0.2418822743586648,999.0,134.2444137472541,0,0,0,0,0,62883,108,0,0,0,0,0,0,0,0,0,0,0,0,0,0,0,0.0,0.0,0.0,0.0,0.0,2.000162071402177,195912,112616,3,1.7396462314413583,0.15359117927908292,0.08828874313821106,0.04931237074122216,0.0,0.0,0.0,0.039389530097793723,0.4414437156910552,0.0,0.0,0.0,0.0,0.0,0.0,0.0,0.0,0.0,1.0,0.0,0.0,0.0,1.0,0,0.0,0.0,0.0,0.0,0.15359117927908292,4,benign
1457191,182504831,176450,1226563,54178,328974,599111,66797,959567,0,0.14385726619831188,0.22575901168755502,999.0,125.2442754587422,0,0,0,0,0,66818,108,0,0,0,0,0,0,0,0,0,0,0,0,0,0,0,0.0,0.0,0.0,0.0,0.0,2.0004621493593757,209150,119823,3,1.7454912662844362,0.14352957162101604,0.08222875381470239,0.04583956392813296,0.0,0.0,0.0,0.03717975200231129,0.41114102406616565,0.0,0.0,0.0,0.0,0.0,0.0,0.0,0.0,0.0,1.0,0.0,0.0,0.0,1.0,0,0.0,0.0,0.0,0.0,0.14352957162101604,4,benign
1267574,170557862,171738,1056315,53436,302648,560433,63643,832284,0,0.16258218429161755,0.23876160287288947,999.0,134.554560128245,0,0,0,0,0,63682,108,0,0,0,0,0,0,0,0,0,0,0,0,0,0,0,0.0,0.0,0.0,0.0,0.0,1.9995375233715869,190558,112086,3,1.7001052763056939,0.1503328405284425,0.08842560671014078,0.05020850853677971,0.0,0.0,0.0,0.04215611869602879,0.4421304002764336,0.0,0.0,0.0,0.0,0.0,0.0,0.0,0.0,0.0,1.0,0.0,0.0,0.0,1.0,0,0.0,0.0,0.0,0.0,0.1503328405284425,4,benign
1448206,181386482,175434,1218641,54131,326992,593801,65984,954564,0,0.1439587212312732,0.22579108220791794,999.0,125.24908887271562,0,0,0,0,0,70120,108,0,0,0,0,0,0,0,0,0,0,0,0,0,0,0,0.0,0.0,0.0,0.0,0.0,2.001187277767918,208232,118763,3,1.7533406869142747,0.14378617406639663,0.08200697967001933,0.04556257880439661,0.0,0.0,0.0,0.03737796970872928,0.4100252312171059,0.0,0.0,0.0,0.0,0.0,0.0,0.0,0.0,0.0,1.0,0.0,0.0,0.0,1.0,0,0.0,0.0,0.0,0.0,0.14378617406639663,4,benign
1279963,159918698,152893,1081907,45164,290756,524108,58955,843406,0,0.1413180615339396,0.22715969133482763,999.0,124.94009436210266,0,0,0,0,0,58953,108,0,0,0,0,0,0,0,0,0,0,0,0,0,0,0,0.0,0.0,0.0,0.0,0.0,2.0000550304731246,185927,104814,3,1.7738756273016962,0.14525966766226836,0.08188830458380437,0.046059925169711934,0.0,0.0,0.0,0.035285394968448305,0.409471211277201,0.0,0.0,0.0,0.0,0.0,0.0,0.0,0.0,0.0,1.0,0.0,0.0,0.0,1.0,0,0.0,0.0,0.0,0.0,0.14525966766226836,4,benign
1723235,216369014,214278,1443752,66052,386727,712150,80416,1132503,0,0.14841745673772228,0.22441918832892785,999.0,125.55978377876494,0,0,0,0,0,80647,108,0,0,0,0,0,0,0,0,0,0,0,0,0,0,0,0.0,0.0,0.0,0.0,0.0,2.0008640314569535,244305,142431,3,1.7152515955094045,0.14177114554892398,0.08265326551515029,0.04666571883695491,0.0,0.0,0.0,0.03833023354330663,0.4132634260562256,0.0,0.0,0.0,0.0,0.0,0.0,0.0,0.0,0.0,1.0,0.0,0.0,0.0,1.0,0,0.0,0.0,0.0,0.0,0.14177114554892398,4,benign
1274167,159510590,153771,1074101,46295,288213,523813,58416,838994,0,0.14316251451213619,0.22619719393140775,999.0,125.18813467936306,0,0,0,0,0,58415,108,0,0,0,0,0,0,0,0,0,0,0,0,0,0,0,0.0,0.0,0.0,0.0,0.0,2.000076335348124,183439,104755,3,1.7511240513579305,0.14396778444269864,0.08221449778561209,0.04584642358497748,0.0,0.0,0.0,0.03633354183556786,0.4111023123342545,0.0,0.0,0.0,0.0,0.0,0.0,0.0,0.0,0.0,1.0,0.0,0.0,0.0,1.0,0,0.0,0.0,0.0,0.0,0.14396778444269864,4,benign
1362748,170883684,167193,1144947,50608,306870,560490,62899,896631,0,0.14602684665753088,0.22518470032610577,999.0,125.39639317027066,0,0,0,0,0,62872,108,0,0,0,0,0,0,0,0,0,0,0,0,0,0,0,0.0,0.0,0.0,0.0,0.0,2.000091248012097,194778,112108,3,1.737413922289221,0.14293031433544573,0.08226612697285192,0.046156002430383314,0.0,0.0,0.0,0.03713672667286982,0.41129394429491,0.0,0.0,0.0,0.0,0.0,0.0,0.0,0.0,0.0,1.0,0.0,0.0,0.0,1.0,0,0.0,0.0,0.0,0.0,0.14293031433544573,4,benign
1455791,182613614,180007,1220188,55596,326860,599020,67602,957360,0,0.14752398810675077,0.2245239873031225,999.0,125.43944426088635,0,0,0,0,0,67498,108,0,0,0,0,0,0,0,0,0,0,0,0,0,0,0,0.0,0.0,0.0,0.0,0.0,1.9994739192404862,207059,119804,3,1.728314580481453,0.14223126808724604,0.082294779951243,0.04643661074975735,0.0,0.0,0.0,0.038189547812838516,0.411473899756215,0.0,0.0,0.0,0.0,0.0,0.0,0.0,0.0,0.0,1.0,0.0,0.0,0.0,1.0,0,0.0,0.0,0.0,0.0,0.14223126808724604,4,benign
1300581,163050419,162867,1087867,49847,291263,535123,61452,854516,0,0.14971223504343822,0.22394837384215208,999.0,125.36736966017496,0,0,0,0,0,61459,108,0,0,0,0,0,0,0,0,0,0,0,0,0,0,0,0.0,0.0,0.0,0.0,0.0,2.000061801726328,184240,107023,3,1.721499117012231,0.14165976590462262,0.08228860793752946,0.04724965227079282,0.0,0.0,0.0,0.03832671705952955,0.4114491907847339,0.0,0.0,0.0,0.0,0.0,0.0,0.0,0.0,0.0,1.0,0.0,0.0,0.0,1.0,0,0.0,0.0,0.0,0.0,0.14165976590462262,4,benign
1460156,183093706,185653,1232671,56170,349891,607899,65587,959240,0,0.15061034128327835,0.23962576601404234,999.0,125.39324976235416,0,0,0,0,0,65737,108,0,0,0,0,0,0,0,0,0,0,0,0,0,0,0,0.0,0.0,0.0,0.0,0.0,1.9997542393708527,207729,121579,3,1.7085927668429581,0.14226493607532345,0.08326439092809261,0.0449178033032087,0.0,0.0,0.0,0.03846849240766055,0.4163246940737839,0.0,0.0,0.0,0.0,0.0,0.0,0.0,0.0,0.0,1.0,0.0,0.0,0.0,1.0,0,0.0,0.0,0.0,0.0,0.14226493607532345,4,benign
1366639,171234944,167744,1148656,50239,307289,566826,63991,897175,0,0.14603501831705923,0.2248501616008324,999.0,125.29639795147072,0,0,0,0,0,63878,108,0,0,0,0,0,0,0,0,0,0,0,0,0,0,0,0.0,0.0,0.0,0.0,0.0,2.0005012825019857,193918,113365,3,1.7105632249812552,0.14189409200235029,0.08295167926570221,0.04682363081984343,0.0,0.0,0.0,0.03676098808829545,0.414759128050641,0.0,0.0,0.0,0.0,0.0,0.0,0.0,0.0,0.0,1.0,0.0,0.0,0.0,1.0,0,0.0,0.0,0.0,0.0,0.14189409200235029,4,benign
1643505,183328511,179448,1380884,54659,329059,606143,68211,1078818,0,0.12995153828996497,0.20021782714381764,999.0,111.54727913818333,0,0,0,0,0,68532,108,0,0,0,0,0,0,0,0,0,0,0,0,0,0,0,0.0,0.0,0.0,0.0,0.0,2.0008208583137748,207821,121229,3,1.714284535878379,0.1264498738975543,0.07376247714488243,0.041503372365767066,0.0,0.0,0.0,0.033257580597564354,0.3688111688129942,0.0,0.0,0.0,0.0,0.0,0.0,0.0,0.0,0.0,1.0,0.0,0.0,0.0,1.0,0,0.0,0.0,0.0,0.0,0.1264498738975543,4,benign
1555168,194998423,188383,1310459,56326,350440,647186,71441,1021602,0,0.14375344821928804,0.22533899874483013,999.0,125.387368438651,0,0,0,0,0,71552,108,0,0,0,0,0,0,0,0,0,0,0,0,0,0,0,0.0,0.0,0.0,0.0,0.0,2.0017364681152467,221006,129435,3,1.707467068412717,0.142110691578016,0.08322895018416017,0.045937802218152635,0.0,0.0,0.0,0.03621859503281961,0.4161518241116072,0.0,0.0,0.0,0.0,0.0,0.0,0.0,0.0,0.0,1.0,0.0,0.0,0.0,1.0,0,0.0,0.0,0.0,0.0,0.142110691578016,4,benign
1377879,172746568,165971,1161123,50785,310705,573027,63057,904808,0,0.14294006750361504,0.22549512693059406,999.0,125.371362797459,0,0,0,0,0,63065,108,0,0,0,0,0,0,0,0,0,0,0,0,0,0,0,0.0,0.0,0.0,0.0,0.0,1.9992214293527568,196091,114601,3,1.7110758195827263,0.1423136574401671,0.08317203469970876,0.045763815255185684,0.0,0.0,0.0,0.03685737281720674,0.4158761400674515,0.0,0.0,0.0,0.0,0.0,0.0,0.0,0.0,0.0,1.0,0.0,0.0,0.0,1.0,0,0.0,0.0,0.0,0.0,0.1423136574401671,4,benign
1513763,201472857,197983,1270975,59707,361534,661734,74973,995330,0,0.1557725368319597,0.23883130978891676,999.0,133.09405567450122,0,0,0,0,0,66514,108,0,0,0,0,0,0,0,0,0,0,0,0,0,0,0,0.0,0.0,0.0,0.0,0.0,2.000376245621995,229185,132337,3,1.731828589132291,0.15140084676399146,0.08742253576022138,0.04952756805391597,0.0,0.0,0.0,0.03944276613974579,0.4371450484653146,0.0,0.0,0.0,0.0,0.0,0.0,0.0,0.0,0.0,1.0,0.0,0.0,0.0,1.0,0,0.0,0.0,0.0,0.0,0.15140084676399146,4,benign
1362375,193203851,183442,1151022,55772,347700,642871,69144,894481,0,0.15937314838465294,0.2552160748692541,999.0,141.8140020185338,0,0,0,0,0,69247,108,0,0,0,0,0,0,0,0,0,0,0,0,0,0,0,0.0,0.0,0.0,0.0,0.0,2.0007020007020007,219121,128576,3,1.7042138501742161,0.16083750802825947,0.09437636480411046,0.05075254610514726,0.0,0.0,0.0,0.04093733370033948,0.4718752179099,0.0,0.0,0.0,0.0,0.0,0.0,0.0,0.0,0.0,1.0,0.0,0.0,0.0,1.0,0,0.0,0.0,0.0,0.0,0.16083750802825947,4,benign
1272750,170032428,171618,1063847,51508,307580,542082,65339,841917,0,0.1613183098697463,0.2416656845413475,999.0,133.5945220978197,0,0,0,0,0,61306,108,0,0,0,0,0,0,0,0,0,0,0,0,0,0,0,0.0,0.0,0.0,0.0,0.0,2.0003511898180966,199164,108408,3,1.8371706885100731,0.15648320565704185,0.08517619328226282,0.05133686898448242,0.0,0.0,0.0,0.04046984875270084,0.4259139658220389,0.0,0.0,0.0,0.0,0.0,0.0,0.0,0.0,0.0,1.0,0.0,0.0,0.0,1.0,0,0.0,0.0,0.0,0.0,0.15648320565704185,4,benign
1369781,172348508,164786,1155257,49738,306801,587349,62709,893745,0,0.14264012250088076,0.22397813957121612,999.0,125.8219437997753,0,0,0,0,0,62752,108,0,0,0,0,0,0,0,0,0,0,0,0,0,0,0,0.0,0.0,0.0,0.0,0.0,1.9993287803352189,189329,117474,3,1.6116672625432011,0.13821844513831044,0.08576115452032113,0.04578031086721162,0.0,0.0,0.0,0.03631091393441725,0.4287904416837436,0.0,0.0,0.0,0.0,0.0,0.0,0.0,0.0,0.0,1.0,0.0,0.0,0.0,1.0,0,0.0,0.0,0.0,0.0,0.13821844513831044,4,benign
1551588,194419857,196524,1296632,58567,346886,642914,75486,1016039,0,0.15156497757266518,0.22356836995387952,999.0,125.30379005251395,0,0,0,0,0,75473,108,0,0,0,0,0,0,0,0,0,0,0,0,0,0,0,0.0,0.0,0.0,0.0,0.0,1.9995619116790888,218298,128582,3,1.6977337418923333,0.14069327682348665,0.08287122612446088,0.0486508016303297,0.0,0.0,0.0,0.037746489403114744,0.414358708626259,0.0,0.0,0.0,0.0,0.0,0.0,0.0,0.0,0.0,1.0,0.0,0.0,0.0,1.0,0,0.0,0.0,0.0,0.0,0.14069327682348665,4,benign
1270208,159258836,151658,1070438,48112,288781,510193,55271,842419,0,0.14167845311919047,0.227349378999345,999.0,125.38012357031289,0,0,0,0,0,55272,108,0,0,0,0,0,0,0,0,0,0,0,0,0,0,0,0.0,0.0,0.0,0.0,0.0,2.0000069256873743,186751,102041,3,1.8301565057182898,0.1470239519826674,0.08033408701566988,0.04351334584571975,0.0,0.0,0.0,0.03787726104700962,0.40166098780672144,0.0,0.0,0.0,0.0,0.0,0.0,0.0,0.0,0.0,1.0,0.0,0.0,0.0,1.0,0,0.0,0.0,0.0,0.0,0.1470239519826674,4,benign
1459700,182724697,183751,1222698,53251,325793,613317,72181,952575,0,0.15028322611143552,0.22319175172980749,999.0,125.17962389532096,0,0,0,0,0,72072,108,0,0,0,0,0,0,0,0,0,0,0,0,0,0,0,0.0,0.0,0.0,0.0,0.0,1.9996133261317883,203130,122662,3,1.656014087492459,0.13915873124614647,0.0840323354113859,0.04944920189079948,0.0,0.0,0.0,0.03648078372268274,0.4201664725628554,0.0,0.0,0.0,0.0,0.0,0.0,0.0,0.0,0.0,1.0,0.0,0.0,0.0,1.0,0,0.0,0.0,0.0,0.0,0.13915873124614647,4,benign
1641489,170990842,165189,1382453,49492,308508,563007,62710,1079265,0,0.1194897765059644,0.18794399475110707,999.0,104.16813149524609,0,0,0,0,0,67403,108,0,0,0,0,0,0,0,0,0,0,0,0,0,0,0,0.0,0.0,0.0,0.0,0.0,2.000038897640858,195905,112597,3,1.73987761663277,0.11934591093817869,0.06859442859501343,0.03820311924112803,0.0,0.0,0.0,0.030150674174484263,0.3429855454407553,0.0,0.0,0.0,0.0,0.0,0.0,0.0,0.0,0.0,1.0,0.0,0.0,0.0,1.0,0,0.0,0.0,0.0,0.0,0.11934591093817869,4,benign
1366232,171044896,173769,1141162,51301,305165,563969,67029,895433,0,0.15227373501746466,0.22336250358650653,999.0,125.19461994741742,0,0,0,0,0,66927,108,0,0,0,0,0,0,0,0,0,0,0,0,0,0,0,0.0,0.0,0.0,0.0,0.0,1.9998754849533396,192373,112798,3,1.7054646358977996,0.14080551472956276,0.08256138049760216,0.04906121361525714,0.0,0.0,0.0,0.03754925956938499,0.41279153174570643,0.0,0.0,0.0,0.0,0.0,0.0,0.0,0.0,0.0,1.0,0.0,0.0,0.0,1.0,0,0.0,0.0,0.0,0.0,0.14080551472956276,4,benign
1308351,164257078,190980,1070857,46514,287271,522964,58618,837618,36120,0.17834314012048294,0.21956722622598981,23.18986710963455,125.54511595130053,0,0,0,0,0,58621,108,0,0,0,36120,0,0,0,0,0,0,0,0,0,0,0,0.0,0.0,0.0,0.0,0.0,2.000759153369875,182647,104549,4,1.7469990148160193,0.13960091749079567,0.07990898466848728,0.0448029618963107,0.0,0.0,0.027607270526028564,0.03555162185071131,0.39971230961722043,0.0,0.0,0.0,0.0,0.0,9328.0,9328.0,0.0,0.0,1.0,271.0,352.0,6.0,42.3,0,0.015,0.18181818181818182,0.3331383119597701,0.0,0.13960091749079567,5,benign
1584755,201294204,435510,1101983,47262,296239,533174,58848,860818,280072,0.39520573366376793,0.18693047190259693,3.0735596560884346,127.01913166388495,0,0,0,0,0,58847,108,0,0,0,280072,6,0,0,0,0,0,0,0,0,0,0,0.0,0.0,0.0,0.0,0.0,2.0000472602554753,189600,106633,4,1.7780612005664287,0.11963994434470944,0.06728674148369937,0.03713381563711741,0.0,0.0,0.1767288950026976,0.029822906379850512,0.33643938652977906,0.0,0.0,0.0,0.0,0.0,273491.0,273491.0,852658752.0,1435.0,190.62,901.0,2176.0,36.0,24.83,0,0.008,0.2727272727272727,0.4388161549810324,0.0,0.1767288950026976,5,ssdp
1577817,215144044,468180,1094058,50886,315428,569618,63502,855986,279789,0.42792978068804394,0.19991418523187415,3.0593983323147085,136.35551144397607,0,0,0,0,0,63542,108,0,0,0,300147,6,0,0,0,0,0,0,0,0,0,0,0.0,0.0,0.0,0.0,0.0,2.000735779164764,201503,113921,4,1.768795919979635,0.12770999425155136,0.07220165583207686,0.040246745978779544,0.0,0.0,0.19022928514523546,0.032250888411013444,0.3610165183921836,0.0,0.0,0.0,0.0,0.0,290828.0,290828.0,4984504320.0,5685.0,51.15,824.0,3808.0,64.0,12.88,0,0.008,0.2727272727272727,0.43882127970178775,0.0,0.19022928514523546,5,ssdp
1689336,229550760,505184,1161766,57670,332098,609037,68772,914452,300001,0.43484143967029504,0.19658493041052816,3.048163172789424,135.88224012274645,0,0,0,0,0,68802,108,0,0,0,320432,3,0,0,0,0,0,0,0,0,0,0,0.0,0.0,0.0,0.0,0.0,2.0007952621654024,210295,121805,4,1.7264890603833998,0.12448382086216123,0.07210229344547207,0.04070948585716518,0.0,0.0,0.18967925859627688,0.03413767302656191,0.36051857060999115,0.0,0.0,0.0,0.0,0.0,133885.0,268032.0,8409694208.0,9881.0,27.13,898.0,5344.0,89.0,10.08,0,0.009000000000000001,0.2727272727272727,0.43829769339437336,0.0,0.18967925859627688,5,ssdp
1689310,201039067,442461,1161636,50380,290895,531385,60484,915316,299227,0.38089470367653894,0.17219752443305256,3.058935189672055,119.00661631080145,0,0,0,0,0,60499,108,0,0,0,279552,7,0,0,0,0,0,0,0,0,0,0,0.0,0.0,0.0,0.0,0.0,2.00002062621179,184618,106286,4,1.7369926424928965,0.10928603986242903,0.0629168121895922,0.035803967300258685,0.0,0.0,0.16548294865951188,0.02982282707140785,0.31455742285311755,0.0,0.0,0.0,0.0,0.0,116468.0,268032.0,10476743680.0,13849.0,19.35,683.0,7072.0,118.0,5.8,0,0.008,0.2727272727272727,0.4384163710357514,0.0,0.16548294865951188,5,ssdp
1704236,217021772,476714,1172563,54960,314186,575042,65035,923215,301839,0.4065572596099314,0.18435592253655012,3.058633907480478,127.3425581902976,0,0,0,0,0,65030,108,0,0,0,301839,4,0,0,0,0,0,0,0,0,0,0,0.0,0.0,0.0,0.0,0.0,2.0004839069115916,199179,115007,4,1.7318858852069874,0.1168728978850347,0.0674830246515154,0.03816079463172941,0.0,0.0,0.17711103391783767,0.03224905470838546,0.3374192306699307,0.0,0.0,0.0,0.0,0.0,158936.0,278376.0,11852986368.0,18014.0,15.97,697.0,8704.0,146.0,4.77,5,0.008,0.2727272727272727,0.438280154438635,0.0,0.17711103391783767,5,ssdp
1814038,216262013,464752,1263509,49932,316059,589563,62867,979538,320698,0.3678264262462713,0.17422953653672085,3.054393853407255,119.21581190691705,0,0,0,0,0,62777,108,0,0,0,300239,3,0,0,0,0,0,0,0,0,0,0,0.0,0.0,0.0,0.0,0.0,2.0004620457868385,198135,117905,4,1.680463084686824,0.10922318055079332,0.06499588211492813,0.03465583411152357,0.0,0.0,0.16550866078880377,0.027525332986409325,0.3250003583166394,0.0,0.0,0.0,0.0,0.0,139453.0,-5270.0,12635943936.0,22179.0,12.09,652.0,2016.0,172.0,3.8,5,0.008,0.18181818181818182,0.4366289178700479,0.0,0.16550866078880377,5,ssdp
1812468,215633023,466282,1258228,50553,314435,583434,63449,979245,320606,0.37058625304793724,0.17348444220808312,3.054356437496491,118.97204419609064,0,0,0,0,0,63386,108,0,0,0,299253,7,0,0,0,0,0,0,0,0,0,0,0.0,0.0,0.0,0.0,0.0,2.0011264629699164,197749,116687,4,1.6946960672568496,0.10910482281618214,0.06438017112577987,0.035006962881551563,0.0,0.0,0.16510801845880865,0.02789180277941459,0.3219003038950205,0.0,0.0,0.0,0.0,0.0,119477.0,-22911.0,12265812992.0,26147.0,10.25,613.0,3552.0,192.0,3.2,5,0.008,0.18181818181818182,0.43705128497159434,0.0,0.16510801845880865,5,ssdp
1807299,215926887,472015,1250526,51108,313811,581641,65926,975972,319488,0.37745316770702886,0.17363535308767392,3.0548001802884617,119.47491090295519,0,0,0,0,0,65858,108,0,0,0,279702,4,0,0,0,0,0,0,0,0,0,0,0.0,0.0,0.0,0.0,0.0,1.9998406811200755,197478,116315,4,1.6977861840691226,0.10926692262874045,0.06435847084516728,0.036477638730503366,0.0,0.0,0.15476243831264225,0.028278663353435155,0.3218288728096458,0.0,0.0,0.0,0.0,0.0,139175.0,-89.0,11104589824.0,30113.0,8.9,513.0,5344.0,214.0,2.4,5,0.006999999999999999,0.18181818181818182,0.43468808708224127,0.0,0.15476243831264225,5,ssdp
1810290,230390636,438326,1254673,47756,293001,621588,69217,976969,320150,0.34935477211990695,0.16185307326450457,3.0515976885834766,127.2672533130051,0,0,0,0,0,69178,108,0,0,0,300000,1,0,0,0,0,0,0,0,0,0,0,0.0,0.0,0.0,0.0,0.0,2.0000614351245085,211109,124325,4,1.6980414236879147,0.11661612227875091,0.06867684183197167,0.03823531036463771,0.0,0.0,0.1657193046417977,0.02638030370824564,0.3433637704456192,0.0,0.0,0.0,0.0,0.0,159570.0,20147.0,9092201472.0,34282.0,8.41,517.0,6848.0,239.0,2.16,5,0.008,0.09090909090909091,0.430065770735183,0.0,0.1657193046417977,5,ssdp
1802107,214812753,501837,1244631,55639,334866,563106,64169,977664,319938,0.4032014307855099,0.18581915502242652,3.0557920597115693,119.20088707274319,0,0,0,0,0,64188,108,0,0,0,300385,7,0,0,0,0,0,0,0,0,0,0,0.0,0.0,0.0,0.0,0.0,1.9986511167082472,201710,112627,4,1.7909559874630416,0.11193009072158312,0.06249739887809103,0.035607763578966174,0.0,0.0,0.16668544098657848,0.030874415337158116,0.31247090211624506,0.0,0.0,0.0,0.0,0.0,139609.0,-19416.0,6490956288.0,38453.0,6.98,535.0,8032.0,263.0,2.03,5,0.009000000000000001,0.2727272727272727,0.4412165293170232,0.0,0.16668544098657848,5,ssdp
1694782,229731301,515182,1158948,56062,330046,619076,76634,910112,299539,0.44452555248380426,0.19474245065147022,3.038375637229209,135.55212469804377,0,0,0,0,0,76634,108,0,0,0,319778,11,0,0,0,0,0,0,0,0,0,0,0.0,0.0,0.0,0.0,0.0,1.9999757612482958,206237,123816,4,1.6656732570911676,0.12168939722040947,0.07305718375578688,0.045217615008892,0.0,0.0,0.188683854324627,0.03307918068518547,0.36528355859337663,0.0,0.0,0.0,0.0,0.0,118968.0,-338.0,4980527616.0,42421.0,6.31,467.0,9632.0,287.0,1.63,5,0.008,0.2727272727272727,0.43695043710705567,0.0,0.188683854324627,5,ssdp
1694156,215509836,470653,1171586,51917,314161,572841,64092,917813,300169,0.40172296357245646,0.18543805883283476,3.0576541881406807,127.2077872403722,0,0,0,0,0,64289,108,0,0,0,300169,8,0,0,0,0,0,0,0,0,0,0,0.0,0.0,0.0,0.0,0.0,2.0011911814354053,199593,114559,4,1.7422725407868436,0.11781264535261216,0.06762010110048898,0.037831226876391545,0.0,0.0,0.17717907914029168,0.030644757625625976,0.3381276576655278,0.0,0.0,0.0,0.0,0.0,139190.0,240.0,5089357824.0,46387.0,5.78,500.0,11296.0,315.0,1.59,5,0.009000000000000001,0.2727272727272727,0.43833762629610323,0.0,0.17717907914029168,5,ssdp
1692448,201004477,436959,1173810,47829,294423,532997,59321,917889,299469,0.3722570092263654,0.17396280417478113,3.0650551476112717,118.7655260309327,0,0,0,0,0,59318,108,0,0,0,279808,1,0,0,0,0,0,0,0,0,0,0,0.0,0.0,0.0,0.0,0.0,1.9998845265588914,187822,106609,4,1.7617837143205546,0.11097652630981868,0.06299100474578835,0.03505041218400802,0.0,0.0,0.16532738376600048,0.02826024787763051,0.3149266624439865,0.0,0.0,0.0,0.0,0.0,139703.0,273.0,4916337664.0,50356.0,5.33,465.0,12736.0,342.0,1.36,5,0.009000000000000001,0.2727272727272727,0.4386204238823987,0.0,0.16532738376600048,5,ssdp
2150606,258752268,557779,1499380,58820,382703,685594,75375,1169277,379961,0.37200642932412065,0.1779512379301462,3.0773605712165195,120.31597977500296,0,0,0,0,0,75483,108,0,0,0,360004,8,0,0,0,0,0,0,0,0,0,0,0.0,0.0,0.0,0.0,0.0,2.0027054889504066,245578,137115,4,1.79103672100062,0.11419013989545272,0.06375644818251228,0.035048260815788664,0.0,0.0,0.16739653846404223,0.02735043052981346,0.31879107563170567,0.0,0.0,0.0,0.0,0.0,139294.0,-20129.0,4919012864.0,54324.0,4.93,408.0,14176.0,364.0,1.12,5,0.008,0.2727272727272727,0.4389418228501809,0.0,0.16739653846404223,5,ssdp
1817714,217135941,476741,1251843,54215,314295,575307,64811,983790,322357,0.38083130232784784,0.17290673890391997,3.0518648579059864,119.45550345103796,0,0,0,0,0,60583,108,0,0,0,281856,4,0,0,0,0,0,0,0,0,0,0,0.0,0.0,0.0,0.0,0.0,1.9990777254802188,199223,115063,4,1.731425393045549,0.10960085029878187,0.06330093733117531,0.03565522408915814,0.0,0.0,0.1550606971173683,0.02982592421029931,0.3165002855234652,0.0,0.0,0.0,0.0,0.0,159163.0,19572.0,4918995968.0,58489.0,4.92,404.0,15744.0,388.0,1.04,5,0.008,0.18181818181818182,0.43578857114413466,0.0,0.1550606971173683,5,ssdp
1686963,215074803,472132,1162104,53913,311331,570460,63968,912663,299423,0.40627344884795163,0.1845511727287439,3.0480724593635093,127.49230599604141,0,0,0,0,0,68311,108,0,0,0,320211,5,0,0,0,0,0,0,0,0,0,0,0.0,0.0,0.0,0.0,0.0,1.9998907974356668,197243,114091,4,1.728821730022526,0.11692194790282893,0.06763100316960123,0.037919029640839784,0.0,0.0,0.1898150700400661,0.031958614385733414,0.3381579797541499,0.0,0.0,0.0,0.0,0.0,159990.0,20676.0,4790622720.0,62858.0,4.59,468.0,2080.0,411.0,1.14,5,0.01,0.2727272727272727,0.4403815710576375,0.0,0.1898150700400661,5,ssdp
1693894,215749094,470664,1170907,52324,313258,577424,64037,916054,299934,0.4019653140684956,0.18493364992142367,3.054185254089233,127.3687102026455,0,0,0,0,0,64170,108,0,0,0,299934,7,0,0,0,0,0,0,0,0,0,0,0.0,0.0,0.0,0.0,0.0,2.000625878145357,197771,115491,4,1.7124364669108416,0.11675523970213011,0.06818077164214525,0.03780460878897971,0.0,0.0,0.17706775040232742,0.030889772323415752,0.3408855571836254,0.0,0.0,0.0,0.0,0.0,119566.0,-125.0,4942705152.0,67029.0,4.0,384.0,3488.0,434.0,0.89,5,0.008,0.2727272727272727,0.4377003018129588,0.0,0.17706775040232742,5,ssdp
1697325,215525946,501216,1175763,53914,334638,581535,64718,916554,299942,0.426289992115758,0.19715611329592153,3.0557707823512548,126.97977464539791,0,0,0,0,0,64823,108,0,0,0,319598,7,0,0,0,0,0,0,0,0,0,0,0.0,0.0,0.0,0.0,0.0,1.9984592231618175,197384,116313,4,1.6970072132951606,0.11629122295376548,0.0685272413945473,0.03812940951202628,0.0,0.0,0.18829511142533104,0.031764099391689865,0.342618532101984,0.0,0.0,0.0,0.0,0.0,118993.0,-184.0,4942767104.0,70997.0,3.78,349.0,5152.0,457.0,0.76,5,0.008,0.2727272727272727,0.4413197092141011,0.0,0.18829511142533104,5,ssdp
1585656,216181244,503303,1098181,53766,335808,582043,65543,856610,280064,0.45830605337371527,0.21177859510511737,3.0586223148994516,136.33552548598183,0,0,0,0,0,65385,108,0,0,0,300252,2,0,0,0,0,0,0,0,0,0,0,0.0,0.0,0.0,0.0,0.0,1.9997022551197232,198438,116407,4,1.7046912986332436,0.12514568103043788,0.07341251822589515,0.041334942761860075,0.0,0.0,0.18935506818629008,0.0339077328247741,0.3670676363599671,0.0,0.0,0.0,0.0,0.0,139819.0,299.0,5073988608.0,74965.0,3.58,317.0,6624.0,485.0,0.65,5,0.006999999999999999,0.18181818181818182,0.43925595918520166,0.0,0.18935506818629008,5,ssdp
1701174,216525080,470162,1180392,50620,315528,584754,64830,918771,300280,0.3983100529315685,0.1854766179121007,3.059714266684428,127.27979618780913,0,0,0,0,0,64746,108,0,0,0,300280,6,0,0,0,0,0,0,0,0,0,0,0.0,0.0,0.0,0.0,0.0,1.9996704480638823,198572,116942,4,1.6980383437943596,0.1167264489111637,0.06874193939009178,0.03810897650681235,0.0,0.0,0.17651339604296798,0.029755921498917808,0.34373556144168677,0.0,0.0,0.0,0.0,0.0,159030.0,-62.0,4799684096.0,79133.0,3.64,346.0,8256.0,509.0,0.68,5,0.008,0.2727272727272727,0.4371306395954095,0.0,0.17651339604296798,5,ssdp
1585870,230048197,500661,1098599,54848,335039,620450,69348,856901,279808,0.4557267938528981,0.21126511000271145,3.062460687328454,145.06119480159157,0,0,0,0,0,65137,108,0,0,0,299451,7,0,0,0,0,0,0,0,0,0,0,0.0,0.0,0.0,0.0,0.0,2.000459753643697,210947,124096,4,1.6998694559051057,0.13301657765138378,0.07825105462616734,0.04372867889549585,0.0,0.0,0.18882443075409713,0.03458543260166344,0.3912363560695391,0.0,0.0,0.0,0.0,0.0,139303.0,-20427.0,4942425088.0,83299.0,3.22,373.0,9856.0,540.0,0.69,5,0.009000000000000001,0.18181818181818182,0.43485629857620844,0.0,0.18882443075409713,5,ssdp
1582757,201063916,445595,1088038,49127,291207,536147,63863,854326,279943,0.4095399241570607,0.18398718186051302,3.0517855420567757,127.03397678860368,0,0,0,0,0,63864,108,0,0,0,279945,5,0,0,0,0,0,0,0,0,0,0,0.0,0.0,0.0,0.0,0.0,1.9999656607557381,183973,107227,4,1.7157339103024425,0.11623578350940796,0.06774697568862434,0.0403492134294778,0.0,0.0,0.17687174973795725,0.031038877098632324,0.3387424601502315,0.0,0.0,0.0,0.0,0.0,119616.0,1.0,4945736704.0,87265.0,3.07,287.0,11488.0,562.0,0.51,5,0.006999999999999999,0.2727272727272727,0.4379160956705096,0.0,0.17687174973795725,5,ssdp
1805699,258891522,599596,1246373,66363,397170,687443,78310,977582,319787,0.4810726804897089,0.21995360245533724,3.0569785513482413,143.37468315594128,0,0,0,0,0,78105,108,0,0,0,360282,10,0,0,0,0,0,0,0,0,0,0,0.0,0.0,0.0,0.0,0.0,2.0005439956480346,238696,137486,4,1.7361476804911045,0.1321903595228219,0.0761400432741005,0.04336824686727965,0.0,0.0,0.19952494851024452,0.03675197250483054,0.3807074157985356,0.0,0.0,0.0,0.0,0.0,240162.0,100898.0,4664707072.0,92241.0,4.0,305.0,12608.0,585.0,0.52,5,0.008,0.18181818181818182,0.439851149433516,0.0,0.19952494851024452,5,ssdp
1917339,257612936,458845,1339773,48540,320011,674105,72417,1046307,339970,0.3424796588675843,0.16690371394938505,3.077645086331147,134.35961820001575,0,0,0,0,0,72680,108,0,0,0,359498,6,0,0,0,0,0,0,0,0,0,0,0.0,0.0,0.0,0.0,0.0,2.000281279885988,247681,134813,4,1.8372189625629576,0.12917955562370556,0.0703125529705493,0.03776953371313054,0.0,0.0,0.1874984027342061,0.025316336860617763,0.35158362709985036,0.0,0.0,0.0,0.0,0.0,139504.0,-317.0,5737732096.0,97217.0,2.76,322.0,13920.0,606.0,0.53,5,0.009000000000000001,0.18181818181818182,0.43381725563741225,0.0,0.1874984027342061,5,ssdp
1591080,216764838,484817,1084336,55187,309840,582691,70096,854273,281933,0.44710956751412845,0.19473565125575082,3.030056786541483,136.23754808054906,0,0,0,0,0,70148,108,0,0,0,301597,4,0,0,0,0,0,0,0,0,0,0,0.0,0.0,0.0,0.0,0.0,1.9979365488779985,193310,116536,4,1.6588007139424727,0.12149609070568419,0.07324333157352239,0.04405561002589436,0.0,0.0,0.18955489353143776,0.03468524524222541,0.3662235714106142,0.0,0.0,0.0,0.0,0.0,38511.0,-19766.0,5886075392.0,101185.0,2.65,279.0,15616.0,627.0,0.45,5,0.008,0.2727272727272727,0.43693628677089497,0.0,0.18955489353143776,5,ssdp
1576888,200207139,432324,1098189,46375,295428,529762,58265,856570,279226,0.39366994205915373,0.18734875273323154,3.067658455874453,126.96344889427785,0,0,0,0,0,58262,108,0,0,0,279226,5,0,0,0,0,0,0,0,0,0,0,0.0,0.0,0.0,0.0,0.0,2.0000541601787285,189475,105958,4,1.7882085354574455,0.12015755082161828,0.06719437271385159,0.03694935848329114,0.0,0.0,0.1770740851601382,0.02940919076053594,0.33595410707672324,0.0,0.0,0.0,0.0,0.0,158736.0,19276.0,5760592896.0,105350.0,2.73,279.0,1984.0,655.0,0.43,5,0.008,0.2727272727272727,0.43904128306275714,0.0,0.1770740851601382,5,ssdp
1688779,215315893,474010,1160776,53993,310823,570828,64304,914055,299767,0.4083561341723123,0.18405190969333465,3.0492182261556477,127.49796924286719,0,0,0,0,0,64412,108,0,0,0,299767,9,0,0,0,0,0,0,0,0,0,0,0.0,0.0,0.0,0.0,0.0,2.0008561588721876,196655,114166,4,1.7225356060473347,0.11644803730979601,0.06760268809595572,0.03807721436611895,0.0,0.0,0.17750516793493998,0.03197161973236285,0.33801225619219566,0.0,0.0,0.0,0.0,0.0,159629.0,20364.0,5599248384.0,109716.0,2.63,272.0,3712.0,686.0,0.4,5,0.008,0.2727272727272727,0.4381900725039614,0.0,0.17750516793493998,5,ssdp
1800565,200560763,438509,1242930,48604,292350,531814,59747,974917,319800,0.35280265179857273,0.16236570187691085,3.0485209505941215,111.38768275513519,0,0,0,0,0,59753,108,0,0,0,279910,1,0,0,0,0,0,0,0,0,0,0,0.0,0.0,0.0,0.0,0.0,2.0,185983,106360,4,1.748617901466717,0.10329146684512917,0.05907034736318878,0.03318236220297518,0.0,0.0,0.1554567594060753,0.026993749184283822,0.2953595121531297,0.0,0.0,0.0,0.0,0.0,119771.0,-100642.0,5727942656.0,113890.0,2.36,288.0,5120.0,709.0,0.41,5,0.009000000000000001,0.2727272727272727,0.4385609856491936,0.0,0.1554567594060753,5,ssdp
1919640,229838332,502576,1326143,56124,333891,614673,68706,1038801,340251,0.37897572132115465,0.1739341751578421,3.0530431945828225,119.7299139421975,0,0,0,0,0,73013,108,0,0,0,340251,4,0,0,0,0,0,0,0,0,0,0,0.0,0.0,0.0,0.0,0.0,2.0015286120202855,210954,122951,4,1.715756683556864,0.10989247983997,0.06404898835198267,0.03579108582859286,0.0,0.0,0.17724729636806902,0.029236731887228855,0.32020222541726573,0.0,0.0,0.0,0.0,0.0,139092.0,20193.0,5576138240.0,118063.0,2.44,250.0,6720.0,730.0,0.34,5,0.008,0.2727272727272727,0.4398124885712396,0.0,0.17724729636806902,5,ssdp
1585275,201894694,498052,1103610,54926,337134,548247,58820,856514,279808,0.45129348229900057,0.21266594124047877,3.0610775960658736,127.35625932409204,0,0,0,0,0,58814,108,0,0,0,279808,6,0,0,0,0,0,0,0,0,0,0,0.0,0.0,0.0,0.0,0.0,2.000047460000119,185123,109633,4,1.688570047339761,0.11677658450426583,0.06915708630994623,0.0371039724968854,0.0,0.0,0.17650439198246362,0.034647616344167416,0.34583715759095424,0.0,0.0,0.0,0.0,0.0,159322.0,20314.0,5696773632.0,122434.0,2.36,266.0,8416.0,764.0,0.35,5,0.009000000000000001,0.18181818181818182,0.44043850469414936,0.0,0.17650439198246362,5,ssdp
1813460,230440064,475895,1250395,51794,313218,618438,72156,979284,320451,0.3805957317487674,0.1727184498141674,3.0559555126992892,127.07204129123333,0,0,0,0,0,72004,108,0,0,0,320451,7,0,0,0,0,0,0,0,0,0,0,0.0,0.0,0.0,0.0,0.0,1.999872301572606,210674,123686,4,1.7032970586808531,0.11617239972207824,0.0682044268966506,0.039789132376782506,0.0,0.0,0.1767069579698477,0.028560872586106116,0.3410265459398057,0.0,0.0,0.0,0.0,0.0,119110.0,-19337.0,5702601216.0,126603.0,2.12,245.0,9632.0,784.0,0.31,5,0.008,0.2727272727272727,0.43531077023767567,0.0,0.1767069579698477,5,ssdp
1696269,215852094,467746,1178327,50197,315455,580403,63562,917361,300103,0.3969577205648347,0.185969913970013,3.0568204916312065,127.25109873492943,0,0,0,0,0,63620,108,0,0,0,300103,4,0,0,0,0,0,0,0,0,0,0,0.0,0.0,0.0,0.0,0.0,1.9994232219708061,199377,116085,4,1.7175087220571132,0.11753855078410323,0.06843548988987007,0.03747165101761572,0.0,0.0,0.17691946265598205,0.029592594099167053,0.3421644798083323,0.0,0.0,0.0,0.0,0.0,119143.0,-20365.0,5700182016.0,130571.0,2.05,239.0,11168.0,806.0,0.3,5,0.008,0.2727272727272727,0.43759877987717755,0.0,0.17691946265598205,5,ssdp
1811610,230734341,498371,1259170,54069,336059,627720,67629,977528,320562,0.39579326063994535,0.1855029504142724,3.049419457078506,127.36424561577823,0,0,0,0,0,67751,108,0,0,0,300367,4,0,0,0,0,0,0,0,0,0,0,0.0,0.0,0.0,0.0,0.0,2.000434541915437,210504,125547,4,1.6766947836268489,0.11619719476046168,0.06930133969231789,0.03733088247470482,0.0,0.0,0.16580113821407477,0.029845827744382068,0.3464984185337904,0.0,0.0,0.0,0.0,0.0,139483.0,-254.0,6053552640.0,134536.0,1.99,227.0,12576.0,829.0,0.27,5,0.008,0.18181818181818182,0.4342523822199054,0.0,0.16580113821407477,5,ssdp
1923211,229732037,510178,1321956,56509,332158,613943,73141,1037433,340810,0.3859266117783043,0.17271011865052768,3.0440215956104573,119.45233102348104,0,0,0,0,0,73242,108,0,0,0,320473,4,0,0,0,0,0,0,0,0,0,0,0.0,0.0,0.0,0.0,0.0,2.0026407813818885,209366,122785,4,1.7051431363765932,0.10886273009045809,0.0638437488138327,0.038030668501792056,0.0,0.0,0.16663434225365809,0.0293826314429358,0.31922810341662977,0.0,0.0,0.0,0.0,0.0,139264.0,-20193.0,4947727872.0,138504.0,1.94,215.0,14176.0,858.0,0.25,5,0.008,0.2727272727272727,0.43778301383450485,0.0,0.16663434225365809,5,ssdp
1593239,202312415,443525,1101865,47849,296007,534645,61777,863826,281856,0.4025220875515603,0.1857894515512111,3.064777758855586,126.98183699997301,0,0,0,0,0,61778,108,0,0,0,281856,5,0,0,0,0,0,0,0,0,0,0,0.0,0.0,0.0,0.0,0.0,2.0000337835555166,189072,106932,4,1.7681517225900572,0.11867146109278018,0.06711610750176214,0.03877447137560655,0.0,0.0,0.17690754494460656,0.030032531214714178,0.3355711227254668,0.0,0.0,0.0,0.0,0.0,139473.0,-20359.0,4949001216.0,142471.0,1.88,197.0,15648.0,885.0,0.22,5,0.006999999999999999,0.2727272727272727,0.4388322301732313,0.0,0.17690754494460656,5,ssdp
1568003,199733291,436831,1079418,51754,291375,513147,56359,855529,279254,0.4046912317563724,0.1858255373235893,3.0636230814956993,127.38068166961415,0,0,0,0,0,56369,108,0,0,0,279254,4,0,0,0,0,0,0,0,0,0,0,0.0,0.0,0.0,0.0,0.0,1.999883318690973,188752,102628,4,1.8391861870054955,0.12037732070665681,0.06545140538634174,0.03594317102709625,0.0,0.0,0.17809532252170435,0.03300631440118418,0.3272614912088816,0.0,0.0,0.0,0.0,0.0,159142.0,19839.0,4945632768.0,146641.0,1.96,218.0,2048.0,905.0,0.24,5,0.008,0.2727272727272727,0.44062664985154676,0.0,0.17809532252170435,5,ssdp
1869565,223115291,520224,1296125,53216,346013,608989,70666,1005930,331095,0.4013686951490018,0.185076742450784,3.0381914556245184,119.34075092334314,0,0,0,0,0,70621,108,0,0,0,310924,5,0,0,0,0,0,0,0,0,0,0,0.0,0.0,0.0,0.0,0.0,2.0005955306293544,203506,121793,4,1.6709170477777868,0.10885205916884409,0.06514510059826752,0.03779809741838342,0.0,0.0,0.16630820538467506,0.02846437540283435,0.3257383402021326,0.0,0.0,0.0,0.0,0.0,-139264.0,0.0,4949717504.0,149520.0,0.86,197.0,2848.0,916.0,0.22,5,0.006999999999999999,0.18181818181818182,0.4384634641091789,0.0,0.16630820538467506,5,ssdp
1686893,214410418,465802,1170521,50570,314314,569473,63307,914049,298924,0.3979441633255619,0.18632717072155733,3.057797299648071,127.10374516937351,0,0,0,0,0,63314,108,0,0,0,298924,7,0,0,0,0,0,0,0,0,0,0,0.0,0.0,0.0,0.0,0.0,1.9989061516251916,200421,113889,4,1.7597924294708005,0.1188107366620171,0.06751406283623206,0.03752875849268448,0.0,0.0,0.17720388904334775,0.029978190673623045,0.3375869127443175,0.0,0.0,0.0,0.0,0.0,-213.0,139260.0,4973235200.0,152095.0,1.76,7826.0,4992.0,956.0,8.19,5,0.009000000000000001,0.2727272727272727,0.4385918259438386,0.0,0.17720388904334775,5,ssdp
1801362,229049254,497840,1250282,53240,335731,608019,67685,975708,319328,0.3981821701024249,0.1863761975660639,3.055504058522898,127.15337283677573,0,0,0,0,0,67753,108,0,0,0,319328,3,0,0,0,0,0,0,0,0,0,0,0.0,0.0,0.0,0.0,0.0,1.9984939759036144,214120,121606,4,1.7607683831389898,0.11886561390769873,0.06750780798085004,0.03757434652224261,0.0,0.0,0.1772703099099459,0.029555414181047453,0.33753293341371693,0.0,0.0,0.0,0.0,0.0,-19878.0,139264.0,4971359232.0,156060.0,1.72,3699.0,6560.0,979.0,3.78,5,0.006999999999999999,0.2727272727272727,0.43862287531158767,0.0,0.1772703099099459,5,ssdp
1686577,215378184,478532,1151529,56516,307685,571448,65161,910169,300123,0.41556226547485997,0.18243163519957878,3.0326532788223495,127.70136436106979,0,0,0,0,0,65264,108,0,0,0,300123,2,0,0,0,0,0,0,0,0,0,0,0.0,0.0,0.0,0.0,0.0,1.9992917340818859,193400,114290,4,1.6921865430046372,0.11467012772022861,0.06776447206383106,0.03863505787165365,0.0,0.0,0.1779479976307041,0.033509291304221506,0.338821174485363,0.0,0.0,0.0,0.0,0.0,159518.0,159600.0,4808148480.0,160229.0,1.8,2971.0,8000.0,1001.0,2.97,5,0.008,0.2727272727272727,0.43783870898516136,0.0,0.1779479976307041,5,ssdp
1798747,228932902,501692,1240501,56554,332837,604525,67836,974394,319833,0.4044269210585078,0.18503825162738283,3.046571179334215,127.27354208234955,0,0,0,0,0,67945,108,0,0,0,319833,7,0,0,0,0,0,0,0,0,0,0,0.0,0.0,0.0,0.0,0.0,2.000234376408512,211927,120907,4,1.7528100110001903,0.11781923750255038,0.06721734629717242,0.03771291904864887,0.0,0.0,0.17780877466369646,0.03144077516182098,0.33608117206032867,0.0,0.0,0.0,0.0,0.0,139231.0,118946.0,4921909248.0,164398.0,1.63,2372.0,9632.0,1026.0,2.31,5,0.009000000000000001,0.2727272727272727,0.4387833403372882,0.0,0.17780877466369646,5,ssdp
1911825,214449763,469090,1318909,52545,311907,568730,63838,1034798,339867,0.35566517477703163,0.163146208465733,3.0447145501034227,112.17018450956547,0,0,0,0,0,63711,108,0,0,0,299077,6,0,0,0,0,0,0,0,0,0,0,0.0,0.0,0.0,0.0,0.0,1.9991219187037725,198165,113741,4,1.7422477382825894,0.10365226942842572,0.05949341597688073,0.03339113151046775,0.0,0.0,0.15643534319302238,0.027484210113373347,0.29748015639506753,0.0,0.0,0.0,0.0,0.0,119227.0,139264.0,4919936000.0,168366.0,1.59,1669.0,10912.0,1050.0,1.59,5,0.006999999999999999,0.2727272727272727,0.4384588001207748,0.0,0.15643534319302238,5,ssdp
1581196,201297803,434712,1099596,46889,293715,546258,59116,853477,279808,0.3953379241103096,0.18575496016939078,3.0502237248398902,127.30730598863138,0,0,0,0,0,59111,108,0,0,0,279808,6,0,0,0,0,0,0,0,0,0,0,0.0,0.0,0.0,0.0,0.0,1.9999523358822289,184460,109254,4,1.688359236275102,0.11665852936637836,0.0690957983703475,0.03738688941788368,0.0,0.0,0.17695971909870756,0.029654135224222677,0.34547140265975884,0.0,0.0,0.0,0.0,0.0,139297.0,258.0,4921517568.0,172331.0,1.56,1638.0,12640.0,1074.0,1.53,5,0.009000000000000001,0.18181818181818182,0.4369299566642145,0.0,0.17695971909870756,5,ssdp
1810372,215739774,467687,1257879,50166,315127,580946,63916,978876,319960,0.37180603221772524,0.17406753971007063,3.059369921240155,119.16875316233349,0,0,0,0,0,63730,108,0,0,0,299969,4,0,0,0,0,0,0,0,0,0,0,0.0,0.0,0.0,0.0,0.0,2.000311034093145,198937,116191,4,1.7121549861865377,0.10988736016686074,0.06418073191587144,0.03530545103437305,0.0,0.0,0.1656946749065938,0.027710326938330906,0.3208986882254034,0.0,0.0,0.0,0.0,0.0,179783.0,40519.0,4728191488.0,176703.0,1.75,1458.0,14208.0,1090.0,1.34,5,0.009000000000000001,0.2727272727272727,0.4374888578831223,0.0,0.1656946749065938,5,ssdp
1584345,215627653,502443,1095017,54620,333654,620106,70473,854507,279691,0.4588449311745845,0.21059428344205333,3.055182326209996,136.09892605461562,0,0,0,0,0,66237,108,0,0,0,299308,2,0,0,0,0,0,0,0,0,0,0,0.0,0.0,0.0,0.0,0.0,2.0000239772216393,209635,124011,4,1.6904548790026692,0.13231650934613357,0.07827272469064503,0.044480842240799824,0.0,0.0,0.18891592424629736,0.03447481451325311,0.3913958134118516,0.0,0.0,0.0,0.0,0.0,139450.0,-20223.0,5092786688.0,181075.0,1.48,1182.0,16160.0,1115.0,1.06,5,0.008,0.18181818181818182,0.43474785862416504,0.0,0.18891592424629736,5,ssdp
2261559,259527681,562557,1570532,58956,378363,704098,76251,1220254,401489,0.3581951848163552,0.1673018479730133,3.039321127104354,114.75609568443716,0,0,0,0,0,76138,108,0,0,0,361796,5,0,0,0,0,0,0,0,0,0,0,0.0,0.0,0.0,0.0,0.0,2.0001215837606385,237538,140828,4,1.6867242309767945,0.10503285565399798,0.06227031883758063,0.03371612237399069,0.0,0.0,0.15997637028262363,0.02606874284509049,0.31133302292798903,0.0,0.0,0.0,0.0,0.0,101202.0,2337.0,5091584512.0,185043.0,1.46,1087.0,1120.0,1137.0,0.96,5,0.008,0.2727272727272727,0.43702245356019487,0.0,0.15997637028262363,5,ssdp
1583207,200665386,453014,1079965,50228,289415,529238,67870,854179,279649,0.41947100137504456,0.1828030068083327,3.0544682798794205,126.74614627146039,0,0,0,0,0,67866,108,0,0,0,279649,10,0,0,0,0,0,0,0,0,0,0,0.0,0.0,0.0,0.0,0.0,1.999979268739332,183574,105843,4,1.7343990627627712,0.11595072533155804,0.06685354473546416,0.042868683627598915,0.0,0.0,0.17663451462758817,0.03172547872767111,0.33428225115224985,0.0,0.0,0.0,0.0,0.0,139341.0,0.0,5070827008.0,189034.0,1.42,927.0,2784.0,1158.0,0.8,5,0.008,0.2727272727272727,0.43853213423901966,0.0,0.17663451462758817,5,ssdp
1802012,229431335,493554,1254721,53418,336962,613334,65129,977514,319503,0.393357567140424,0.18699209550213872,3.059483009549206,127.31953782771701,0,0,0,0,0,70327,108,0,0,0,340189,5,0,0,0,0,0,0,0,0,0,0,0.0,0.0,0.0,0.0,0.0,2.0007718981569447,214296,122660,4,1.7470732105005706,0.1189204067453491,0.06806835914522212,0.03614237863010901,0.0,0.0,0.1887828715902003,0.029643531785581895,0.34036066352499317,0.0,0.0,0.0,0.0,0.0,139192.0,-72.0,5034969088.0,193000.0,1.39,923.0,4640.0,1177.0,0.78,5,0.009000000000000001,0.2727272727272727,0.44023203089180557,0.0,0.1887828715902003,5,ssdp
1803705,214707875,507587,1239425,55512,331260,574076,68995,973463,319446,0.40953425983823144,0.1836553094879706,3.0473475955247524,119.03713467557056,0,0,0,0,0,72852,108,0,0,0,318919,3,0,0,0,0,0,0,0,0,0,0,0.0,0.0,0.0,0.0,0.0,2.0027448111582014,195537,114818,4,1.703016948562072,0.10840852578442706,0.06365675096537404,0.03825182055823984,0.0,0.0,0.17681328155102968,0.030776651392550335,0.31827599302546705,0.0,0.0,0.0,0.0,0.0,159470.0,-20313.0,4902451200.0,197169.0,1.46,802.0,6240.0,1203.0,0.67,5,0.008,0.2727272727272727,0.44173559761803244,0.0,0.17681328155102968,5,ssdp
1813733,215718777,468864,1258236,50333,316851,570709,63998,984605,320503,0.37263597608079885,0.17469550369321174,3.072061727971345,118.93634675004535,0,0,0,0,0,63872,108,0,0,0,320503,4,0,0,0,0,0,0,0,0,0,0,0.0,0.0,0.0,0.0,0.0,2.0001451891878244,202706,114141,4,1.7759262666351268,0.11176176427291118,0.0629315340240267,0.03528523768382667,0.0,0.0,0.17670903049125752,0.027751052663208972,0.31465987551640734,0.0,0.0,0.0,0.0,0.0,139483.0,51.0,5183506432.0,201338.0,1.33,721.0,8128.0,1226.0,0.59,5,0.008,0.2727272727272727,0.4409321059275012,0.0,0.17670903049125752,5,ssdp
1809209,215793890,467374,1257446,50796,317438,569972,63179,982777,319744,0.37168514592276725,0.17545678802172662,3.073637034627702,119.27526891586324,0,0,0,0,0,63241,108,0,0,0,300214,1,0,0,0,0,0,0,0,0,0,0,0.0,0.0,0.0,0.0,0.0,1.9985645300409864,203442,113995,4,1.784657221807974,0.11244803668343459,0.06300819861055301,0.03492078582408113,0.0,0.0,0.16593660544469988,0.028076358231691308,0.31503933486954794,0.0,0.0,0.0,0.0,0.0,119058.0,-2304.0,5036599296.0,203871.0,1.31,773.0,9536.0,1250.0,0.62,5,0.009000000000000001,0.2727272727272727,0.4389793172749662,0.0,0.16593660544469988,5,ssdp
1915245,229693114,507723,1314287,58750,330435,608576,69161,1034790,340494,0.38631060034832576,0.17252884095768425,3.0390843891522317,119.92884147981067,0,0,0,0,0,69247,108,0,0,0,320185,4,0,0,0,0,0,0,0,0,0,0,0.0,0.0,0.0,0.0,0.0,1.9996913636281113,208721,121720,4,1.7147633913900755,0.1089787468443985,0.06355322687175792,0.0361107847821036,0.0,0.0,0.1671770452344217,0.030674926706504912,0.317753603324901,0.0,0.0,0.0,0.0,0.0,159371.0,20027.0,4904137728.0,203788.0,1.41,647.0,11104.0,1276.0,0.51,5,0.008,0.2727272727272727,0.4381638615333087,0.0,0.1671770452344217,5,ssdp
1690961,214997132,468033,1171319,51609,314551,568765,63323,917250,299591,0.3995777409911391,0.1860190743606742,3.0616740823322464,127.14493829248575,0,0,0,0,0,63380,108,0,0,0,299591,6,0,0,0,0,0,0,0,0,0,0,0.0,0.0,0.0,0.0,0.0,2.0007060170461775,200792,113754,4,1.7651423246655062,0.1187443116665612,0.06727180579563928,0.037447936410124186,0.0,0.0,0.17717203412733942,0.03052051466592074,0.33635607207972273,0.0,0.0,0.0,0.0,0.0,159309.0,20018.0,4910533632.0,203960.0,1.41,572.0,12352.0,1302.0,0.44,5,0.008,0.2727272727272727,0.43877042972862446,0.0,0.17717203412733942,5,ssdp
1577016,201001136,441287,1085379,50350,290709,533138,59890,853528,279808,0.40657410913607134,0.1843411861388851,3.0504059926806955,127.45662440964455,0,0,0,0,0,59887,108,0,0,0,279808,5,0,0,0,0,0,0,0,0,0,0,0.0,0.0,0.0,0.0,0.0,2.0000206394088873,184078,106619,4,1.7265027809302282,0.11672551197958676,0.06760806485159314,0.037976786538627384,0.0,0.0,0.17742876419769996,0.03192738691300532,0.33806759094390926,0.0,0.0,0.0,0.0,0.0,119173.0,-20274.0,5288096768.0,204157.0,1.31,539.0,13792.0,1325.0,0.41,5,0.008,0.2727272727272727,0.43821373478727577,0.0,0.17742876419769996,5,ssdp
1694592,201507175,436124,1176039,47405,293760,545326,59420,915755,299601,0.3708414431834318,0.1733514615907546,3.0565819206210927,118.91191212988142,0,0,0,0,0,59423,108,0,0,0,279808,8,0,0,0,0,0,0,0,0,0,0,0.0,0.0,0.0,0.0,0.0,2.0000953204469165,184692,109063,4,1.6934432392287027,0.1089890663947428,0.06435944463328046,0.03506448749905582,0.0,0.0,0.16511821134526777,0.027974285255683965,0.3218037144044112,0.0,0.0,0.0,0.0,0.0,139358.0,19990.0,4819244032.0,204160.0,1.41,510.0,15168.0,1352.0,0.38,5,0.008,0.2727272727272727,0.43704926715626974,0.0,0.16511821134526777,5,ssdp
1592923,202612318,440316,1104521,48089,295992,541322,59712,862268,282368,0.3986488260521982,0.18581689133749718,3.0537029691749775,127.19529945891924,0,0,0,0,0,59708,108,0,0,0,282368,6,0,0,0,0,0,0,0,0,0,0,0.0,0.0,0.0,0.0,0.0,1.999932432888967,187732,108270,4,1.733924448138912,0.11785378200955099,0.06796938709529587,0.03748580439858047,0.0,0.0,0.17726406110025406,0.030189155408014073,0.33982935772790024,0.0,0.0,0.0,0.0,0.0,141993.0,2532.0,4961789440.0,204165.0,1.33,514.0,1088.0,1373.0,0.37,5,0.008,0.2727272727272727,0.4380902556756405,0.0,0.17726406110025406,5,ssdp
1583857,201915920,434622,1102291,46946,293774,552522,58899,853790,279808,0.3942897111561285,0.18548012857221327,3.0513423490393414,127.48368066056469,0,0,0,0,0,58900,108,0,0,0,279808,5,0,0,0,0,0,0,0,0,0,0,0.0,0.0,0.0,0.0,0.0,2.000013616001525,183267,110500,4,1.658524886877828,0.11570930961570394,0.0697663993655993,0.037187069287189435,0.0,0.0,0.17666241333655752,0.02964030212323461,0.3488458869708566,0.0,0.0,0.0,0.0,0.0,119274.0,-20027.0,4963243008.0,204190.0,1.31,431.0,2720.0,1400.0,0.31,5,0.006999999999999999,0.18181818181818182,0.4361643278177376,0.0,0.17666241333655752,5,ssdp
1695432,201010314,446474,1165357,48992,290720,536211,64484,914051,300050,0.3831220819027989,0.17147252145765798,3.046328945175804,118.55993870588735,0,0,0,0,0,64490,108,0,0,0,279808,4,0,0,0,0,0,0,0,0,0,0,0.0,0.0,0.0,0.0,0.0,2.0000412776818455,183475,107243,4,1.7108342735656406,0.10821725672277036,0.06325408509453638,0.03803396420499318,0.0,0.0,0.16503640370123956,0.028896470044212922,0.3162680661919794,0.0,0.0,0.0,0.0,0.0,139056.0,-19926.0,4962212352.0,204191.0,1.31,452.0,4352.0,1424.0,0.32,5,0.008,0.2727272727272727,0.4378389666295418,0.0,0.16503640370123956,5,ssdp
1581792,201200167,439582,1094284,47926,292460,542262,61180,853708,279808,0.40170741781840913,0.18489156602132265,3.0510492909423603,127.19761321336813,0,0,0,0,0,61183,108,0,0,0,279808,7,0,0,0,0,0,0,0,0,0,0,0.0,0.0,0.0,0.0,0.0,1.9999042649944951,184011,108460,4,1.696579384104739,0.11633071857741094,0.0685678015820032,0.03867765167607372,0.0,0.0,0.17689304282737553,0.030298547470211,0.34281498452388176,0.0,0.0,0.0,0.0,0.0,139344.0,148.0,5099330048.0,203990.0,1.31,550.0,6016.0,1453.0,0.38,5,0.01,0.2727272727272727,0.4372849298749193,0.0,0.17689304282737553,5,ssdp
1809758,229885570,478431,1244064,52405,311896,614179,73399,976600,320180,0.38457105100702216,0.1723412743582291,3.0501592854019615,127.025585741298,0,0,0,0,0,68950,108,0,0,0,300004,3,0,0,0,0,0,0,0,0,0,0,0.0,0.0,0.0,0.0,0.0,2.0004874607145147,209923,122837,4,1.7089557706554215,0.11599506674373038,0.06787482083239858,0.040557356287415226,0.0,0.0,0.1657702300528579,0.028956910260929915,0.33937078880159666,0.0,0.0,0.0,0.0,0.0,139377.0,-19963.0,4951815168.0,203787.0,1.32,439.0,7712.0,1479.0,0.3,5,0.008,0.18181818181818182,0.4332885586633292,0.0,0.1657702300528579,5,ssdp
2039833,215692026,469784,1411580,50820,315976,571947,64600,1104335,360828,0.33280720894317006,0.15490287685315415,3.0605579389626083,105.74004146417869,0,0,0,0,0,64585,108,0,0,0,300067,5,0,0,0,0,0,0,0,0,0,0,0.0,0.0,0.0,0.0,0.0,1.9993545896898868,201589,114398,4,1.7621724156016714,0.09882622744116798,0.05608204201030182,0.03166925919915993,0.0,0.0,0.1471037089800979,0.024913804218286498,0.280389129894457,0.0,0.0,0.0,0.0,0.0,139377.0,-2532.0,4951234560.0,203787.0,1.32,421.0,9120.0,1503.0,0.28,5,0.008,0.2727272727272727,0.4386025465239393,0.0,0.1471037089800979,5,ssdp
1696523,201063802,434982,1178751,47362,295690,532739,58630,921946,299805,0.36901941122425347,0.17429177205378293,3.075152182251797,118.51522319473418,0,0,0,0,0,58630,108,0,0,0,279700,5,0,0,0,0,0,0,0,0,0,0,0.0,0.0,0.0,0.0,0.0,2.0000270557280357,189141,106551,4,1.7751217726722415,0.11148743636248963,0.06280551457304145,0.03455891844672899,0.0,0.0,0.1648666124774023,0.027917098677707287,0.3140181418112221,0.0,0.0,0.0,0.0,0.0,139310.0,0.0,5081849344.0,203788.0,1.32,381.0,10432.0,1523.0,0.25,5,0.008,0.2727272727272727,0.438767574770874,0.0,0.1648666124774023,5,ssdp
2035907,244093256,528363,1414585,57667,358977,645832,70954,1106012,360499,0.3735109590445254,0.1763228870473946,3.068002962560229,119.8941091120567,0,0,0,0,0,70878,108,0,0,0,340524,5,0,0,0,0,0,0,0,0,0,0,0.0,0.0,0.0,0.0,0.0,2.0000390004735773,229809,129164,4,1.7792031835495958,0.11287794580007829,0.06344297652102969,0.03485129723508981,0.0,0.0,0.16725911350567585,0.028324967692532125,0.3172207767840083,0.0,0.0,0.0,0.0,0.0,139264.0,-20.0,5057507328.0,203788.0,1.32,422.0,11808.0,1549.0,0.27,5,0.009000000000000001,0.2727272727272727,0.4389556463220699,0.0,0.16725911350567585,5,ssdp
2027747,243748050,536891,1395075,60353,352827,645454,73646,1096666,360626,0.3848474096374747,0.1739995176913096,3.041006472079107,120.20634230996274,0,0,0,0,0,73435,108,0,0,0,340521,6,0,0,0,0,0,0,0,0,0,0,0.0,0.0,0.0,0.0,0.0,1.9974580781032394,223734,129089,4,1.7331763357063732,0.11033625003513751,0.06366129502349159,0.03631912659715438,0.0,0.0,0.16793071324972988,0.029763575041659537,0.3183109135409891,0.0,0.0,0.0,0.0,0.0,139264.0,-80.0,4902533120.0,203788.0,1.32,353.0,13408.0,1572.0,0.22,5,0.008,0.2727272727272727,0.4384667815357236,0.0,0.16793071324972988,5,ssdp
2026289,229872384,503147,1398661,55739,334776,607779,68465,1096585,359967,0.3597347749025675,0.16521631415854304,3.046348693074643,113.44501401330216,0,0,0,0,0,68321,108,0,0,0,320566,7,0,0,0,0,0,0,0,0,0,0,0.0,0.0,0.0,0.0,0.0,1.9985791638558388,213215,121557,4,1.7540330873581942,0.10522437816125933,0.059989961945211175,0.033788368786486035,0.0,0.0,0.15820349417087098,0.02750792211772358,0.2999468486479471,0.0,0.0,0.0,0.0,0.0,139520.0,229.0,5023826432.0,203593.0,1.32,320.0,15008.0,1590.0,0.2,5,0.006999999999999999,0.2727272727272727,0.43869303239427737,0.0,0.15820349417087098,5,ssdp
1704562,217269322,478062,1171730,54770,314059,573923,65190,922702,302399,0.40799672279450044,0.1842461582506239,3.05127331770277,127.46343166162333,0,0,0,0,0,65126,108,0,0,0,302399,1,0,0,0,0,0,0,0,0,0,0,0.0,0.0,0.0,0.0,0.0,1.9984409997963755,199271,114784,4,1.736052063005297,0.11690451858013964,0.06733929302659569,0.038244428774078035,0.0,0.0,0.17740569131542297,0.032131421444335846,0.33669822511589487,0.0,0.0,0.0,0.0,0.0,141314.0,2050.0,4871085568.0,203192.0,1.33,349.0,1120.0,1618.0,0.22,5,0.008,0.2727272727272727,0.4384567855545101,0.0,0.17740569131542297,5,ssdp
1585245,201781919,435415,1102357,47473,294676,545918,59103,856909,279808,0.3949854720385501,0.18588672413412438,3.0624892783623054,127.28752905702274,0,0,0,0,0,59103,108,0,0,0,279808,6,0,0,0,0,0,0,0,0,0,0,0.0,0.0,0.0,0.0,0.0,2.000013574322811,185488,109179,4,1.698934776834373,0.1170090427662601,0.06887200401199814,0.03728319597286224,0.0,0.0,0.176507732243281,0.029946790559188013,0.34437452885831527,0.0,0.0,0.0,0.0,0.0,139032.0,0.0,4867624448.0,203010.0,1.32,328.0,3040.0,1644.0,0.2,5,0.008,0.18181818181818182,0.4370750844337699,0.0,0.176507732243281,5,ssdp
1693186,215524945,469072,1172679,51435,313624,580270,64570,914062,299463,0.40000034109931193,0.1852271398416949,3.052337016593035,127.28958602303587,0,0,0,0,0,64580,108,0,0,0,299463,10,0,0,0,0,0,0,0,0,0,0,0.0,0.0,0.0,0.0,0.0,1.9983560701155212,197572,116056,4,1.702385055490453,0.11668653059970965,0.06854297165225794,0.03813520782713772,0.0,0.0,0.1768636168737516,0.03037764309414323,0.3427089522356079,0.0,0.0,0.0,0.0,0.0,159726.0,20208.0,4746158080.0,203211.0,1.42,299.0,4480.0,1671.0,0.18,5,0.008,0.2727272727272727,0.4373569776107228,0.0,0.1768636168737516,5,ssdp
1696672,216210995,464568,1181795,50309,315678,586936,62446,916262,299599,0.3931037108804827,0.18605717545878048,3.058294587098088,127.43240590992248,0,0,0,0,0,62478,108,0,0,0,299599,9,0,0,0,0,0,0,0,0,0,0,0.0,0.0,0.0,0.0,0.0,1.9989994807431706,198293,117386,4,1.6892389211660674,0.11687173478433073,0.06918603006355972,0.03680499236151714,0.0,0.0,0.17658038795948774,0.029651576733747007,0.34593368665245844,0.0,0.0,0.0,0.0,0.0,179765.0,40501.0,4691021824.0,203815.0,1.51,281.0,6016.0,1696.0,0.17,5,0.006999999999999999,0.18181818181818182,0.4368156720019643,0.0,0.17658038795948774,5,ssdp
1918579,229278725,505021,1324532,54762,336249,595912,70392,1041887,339946,0.38128259641896156,0.17525939771049304,3.064860301341978,119.5044483443215,0,0,0,0,0,70393,108,0,0,0,320136,3,0,0,0,0,0,0,0,0,0,0,0.0,0.0,0.0,0.0,0.0,1.9979025674238418,217066,119179,4,1.8213443643594929,0.11313894293641283,0.062118369897721175,0.03668965416592176,0.0,0.0,0.16686099451729638,0.02854299979307602,0.3106007102131317,0.0,0.0,0.0,0.0,0.0,119189.0,-256.0,5034861568.0,204018.0,1.31,299.0,7904.0,1725.0,0.17,5,0.008,0.2727272727272727,0.44002436732481826,0.0,0.16686099451729638,5,ssdp
2155845,245775160,537399,1490471,58509,353893,675582,76130,1157962,380320,0.36055649522868943,0.16415512246937974,3.0447044594026083,114.0040958417697,0,0,0,0,0,76260,108,0,0,0,339921,6,0,0,0,0,0,0,0,0,0,0,0.0,0.0,0.0,0.0,0.0,2.001645918292317,218771,135113,4,1.6191706201475802,0.10147807472244062,0.06267287304977863,0.03531329942551528,0.0,0.0,0.15767413705530778,0.02713970624047647,0.3133722507879741,0.0,0.0,0.0,0.0,0.0,99089.0,-1932.0,5035459072.0,203820.0,1.32,299.0,9280.0,1745.0,0.17,5,0.008,0.18181818181818182,0.4354417203854382,0.0,0.15767413705530778,5,ssdp
1695441,215472717,472338,1170909,52194,313830,573349,65654,917438,300220,0.40339428597781724,0.18510228312279814,3.0558856838318564,127.089481143844,0,0,0,0,0,65596,108,0,0,0,300220,7,0,0,0,0,0,0,0,0,0,0,0.0,0.0,0.0,0.0,0.0,2.000356944807409,199159,114673,4,1.7367558187193148,0.11746737279563252,0.06763608996125492,0.038723848249511486,0.0,0.0,0.17707487314509912,0.030784910828510103,0.33817101273356015,0.0,0.0,0.0,0.0,0.0,159653.0,20184.0,4903977984.0,204022.0,1.41,274.0,10784.0,1770.0,0.15,5,0.008,0.2727272727272727,0.43825342073072976,0.0,0.17707487314509912,5,ssdp
1688131,257714377,561401,1167123,63622,376434,671681,74442,918611,299696,0.481012712456185,0.22298861877425388,3.0651426779136193,152.66254633082386,0,0,0,0,0,74317,108,0,0,0,358975,7,0,0,0,0,0,0,0,0,0,0,0.0,0.0,0.0,0.0,0.0,1.9976968063088403,242092,134337,4,1.802124507767778,0.1434083018438735,0.07957735507493198,0.044097288658285404,0.0,0.0,0.21264641191945413,0.0376878334679003,0.39788440589030116,0.0,0.0,0.0,0.0,0.0,139365.0,-20208.0,5049425408.0,203216.0,1.32,290.0,11968.0,1800.0,0.16,5,0.009000000000000001,0.2727272727272727,0.43965391253658836,0.0,0.21264641191945413,5,ssdp
1584846,242934174,505702,1094179,52141,333293,653918,78037,852462,280020,0.4621748361099966,0.2102999281949161,3.044289693593315,153.28566561041262,0,0,0,0,0,77997,108,0,0,0,338648,8,0,0,0,0,0,0,0,0,0,0,0.0,0.0,0.0,0.0,0.0,2.0001500294057637,223184,130778,4,1.7065867347719035,0.14082377719980363,0.08251779668182271,0.04923948446726054,0.0,0.0,0.2136788053855075,0.032899726534944086,0.4126066507408291,0.0,0.0,0.0,0.0,0.0,119575.0,-40251.0,5047443968.0,202210.0,1.33,251.0,13376.0,1817.0,0.14,5,0.008,0.2727272727272727,0.43551669087765066,0.0,0.2136788053855075,5,ssdp
1579152,242970159,529799,1093884,56775,355074,645872,72104,856457,279552,0.48432832000468057,0.22485105930271437,3.0636768830128207,153.86116029362594,0,0,0,0,0,59150,108,0,0,0,279552,8,0,0,0,0,0,0,0,0,0,0,0.0,0.0,0.0,0.0,0.0,2.001555814858032,225912,129180,4,1.74881560613098,0.14305905954588286,0.08180339827958297,0.04565994913725848,0.0,0.0,0.17702665734520806,0.035952840511869665,0.4089992603625237,0.0,0.0,0.0,0.0,0.0,159292.0,20028.0,4913990144.0,202413.0,1.42,268.0,14944.0,1838.0,0.15,5,0.008,0.18181818181818182,0.430844832247552,0.0,0.17702665734520806,5,ssdp
1932754,245812722,535905,1338249,59967,358889,650031,72717,1048360,342100,0.4004523821799979,0.18568788371411984,3.0644840689856765,127.18262230992667,0,0,0,0,0,72648,108,0,0,0,322528,2,0,0,0,0,0,0,0,0,0,0,0.0,0.0,0.0,0.0,0.0,2.0000501560410164,228865,130006,4,1.7604187499038506,0.11841393162295874,0.06726463895560428,0.03762351546032242,0.0,0.0,0.16687483249290908,0.03102671110756982,0.33632371217444124,0.0,0.0,0.0,0.0,0.0,161305.0,22179.0,4908694528.0,202618.0,1.43,261.0,1120.0,1861.0,0.14,5,0.008,0.18181818181818182,0.43658439421622547,0.0,0.16687483249290908,5,ssdp
2031290,244504200,503484,1403475,55864,334378,648804,72998,1101938,359423,0.3587409822048843,0.1646136199164078,3.0658527695779068,120.36892811956933,0,0,0,0,0,72682,108,0,0,0,339768,6,0,0,0,0,0,0,0,0,0,0,0.0,0.0,0.0,0.0,0.0,2.001795987763337,225788,129766,4,1.7399627020945394,0.11115498033269498,0.06388354198563474,0.03593676924515948,0.0,0.0,0.1672671061246794,0.02750173535044233,0.3194049101802303,0.0,0.0,0.0,0.0,0.0,139352.0,-68.0,4905245184.0,202645.0,1.42,240.0,3168.0,1886.0,0.13,5,0.008,0.2727272727272727,0.4362825453761964,0.0,0.1672671061246794,5,ssdp
1574346,200594602,440856,1083431,50059,290240,531834,59913,852009,279552,0.40690731574045785,0.18435591667905277,3.0477657108516483,127.41455944246056,0,0,0,0,0,59915,108,0,0,0,279552,6,0,0,0,0,0,0,0,0,0,0,0.0,0.0,0.0,0.0,0.0,2.000027563775686,183873,106363,4,1.7287308556546919,0.11679325891513047,0.06756011702637159,0.0380558022188261,0.0,0.0,0.17756706594357277,0.0317966952626678,0.3378126536352238,0.0,0.0,0.0,0.0,0.0,118926.0,-133.0,5186225664.0,202638.0,1.32,248.0,4704.0,1910.0,0.13,5,0.008,0.2727272727272727,0.4382917401628067,0.0,0.17756706594357277,5,ssdp
2033442,259000010,562011,1409869,61229,377135,697479,76468,1098607,360215,0.3986263972042793,0.1854663177017097,3.049864664158905,127.37024709826983,0,0,0,0,0,76461,108,0,0,0,360125,8,0,0,0,0,0,0,0,0,0,0,0.0,0.0,0.0,0.0,0.0,2.000854170314133,237640,139490,4,1.7036346691519106,0.1168658855280849,0.06859797328864065,0.037605203394048124,0.0,0.0,0.17710119098553093,0.030111013739265738,0.34300412797611146,0.0,0.0,0.0,0.0,0.0,119148.0,-250.0,5295297536.0,202432.0,1.32,242.0,6304.0,1936.0,0.13,5,0.008,0.2727272727272727,0.4373873221220495,0.0,0.17710119098553093,5,ssdp
1583187,201513905,437343,1097970,47874,293352,544672,59894,855016,279808,0.3983196262192956,0.18529207225678332,3.0557239249771273,127.28370369387824,0,0,0,0,0,63970,108,0,0,0,299357,7,0,0,0,0,0,0,0,0,0,0,0.0,0.0,0.0,0.0,0.0,2.000013635588887,184426,108927,4,1.6931155728148208,0.11649034510768469,0.06880235878642257,0.03783128588094773,0.0,0.0,0.18908505438713177,0.03023900524701125,0.34403516451309923,0.0,0.0,0.0,0.0,0.0,139403.0,-20022.0,4967895040.0,202027.0,1.33,250.0,7680.0,1958.0,0.13,5,0.009000000000000001,0.2727272727272727,0.4393183192468482,0.0,0.18908505438713177,5,ssdp
1700858,273960391,601482,1172305,65731,397988,734842,84999,918777,300156,0.5130763751754023,0.23399249084873636,3.0609982808939353,161.0718772525396,0,0,0,0,0,84670,108,0,0,0,379973,6,0,0,0,0,0,0,0,0,0,0,0.0,0.0,0.0,0.0,0.0,1.9988749711209104,251025,146990,4,1.7077692360024492,0.14758727653925255,0.08642108865055166,0.04997418949730077,0.0,0.0,0.22340077772512462,0.03864578936042868,0.4320419458884869,0.0,0.0,0.0,0.0,0.0,139372.0,-22297.0,4967511552.0,201826.0,1.33,232.0,9472.0,1983.0,0.12,5,0.008,0.2727272727272727,0.4374898786206225,0.0,0.22340077772512462,5,ssdp
1686142,228528457,505644,1157346,57774,332424,591396,69296,917164,299018,0.4368995961449731,0.1971506551642744,3.0672534763793484,135.53334001525377,0,0,0,0,0,69344,108,0,0,0,318759,5,0,0,0,0,0,0,0,0,0,0,0.0,0.0,0.0,0.0,0.0,1.9991099671650048,214153,118280,4,1.8105596888738587,0.1270076897438057,0.07014830304920938,0.041097369023486756,0.0,0.0,0.18904635552640286,0.03426401809574757,0.35073914296660663,0.0,0.0,0.0,0.0,0.0,139411.0,-20116.0,5100988416.0,201825.0,1.33,220.0,10976.0,2009.0,0.11,5,0.008,0.2727272727272727,0.440020410966235,0.0,0.18904635552640286,5,ssdp
1765157,210538403,450200,1232662,46706,307211,586352,62053,948933,311165,0.36522582832925815,0.17404174246256848,3.049613549081677,119.274604468611,0,0,0,0,0,61977,108,0,0,0,291306,6,0,0,0,0,0,0,0,0,0,0,0.0,0.0,0.0,0.0,0.0,1.998796340876264,189931,117269,4,1.6196181429022163,0.10760006050453302,0.06643545021774266,0.03515438003531697,0.0,0.0,0.1650312125210392,0.026459969283185576,0.33218121674162693,0.0,0.0,0.0,0.0,0.0,-139336.0,67.0,4953480192.0,201825.0,0.64,211.0,11680.0,2020.0,0.1,5,0.008,0.18181818181818182,0.43498477802892316,0.0,0.1650312125210392,5,ssdp
1915077,229389148,500618,1325938,54597,333281,619303,70203,1032846,337728,0.3775576233579549,0.17403007816395893,3.0582184479818078,119.7806396296337,0,0,0,0,0,70211,108,0,0,0,317938,9,0,0,0,0,0,0,0,0,0,0,0.0,0.0,0.0,0.0,0.0,2.000354118275504,209421,123861,4,1.6907743357473297,0.10935382754844844,0.06467677278772603,0.03665805604683258,0.0,0.0,0.16601838986108652,0.028509036451275848,0.32338281959419907,0.0,0.0,0.0,0.0,0.0,57484.0,196856.0,4752004096.0,201012.0,1.62,6219.0,14432.0,2049.0,3.04,5,0.006999999999999999,0.2727272727272727,0.4370370222385361,0.0,0.16601838986108652,5,ssdp
1581092,200913290,443894,1088702,48496,291564,535075,63141,854099,279808,0.4077277344948388,0.1844067264902991,3.0524466777218664,127.0724853455713,0,0,0,0,0,63140,108,0,0,0,299449,2,0,0,0,0,0,0,0,0,0,0,0.0,0.0,0.0,0.0,0.0,2.0,184550,107018,4,1.7244762563307108,0.11672312553602195,0.06768613085133567,0.0399350575425086,0.0,0.0,0.18939378606684493,0.03067247193711688,0.338421167142709,0.0,0.0,0.0,0.0,0.0,148.0,139559.0,5297699840.0,201587.0,1.33,4056.0,15616.0,2079.0,1.95,5,0.008,0.2727272727272727,0.44024261331501663,0.0,0.18939378606684493,5,ssdp
1604578,204124165,448427,1105633,50518,296515,540219,61469,869098,284416,0.40558395055140356,0.1847931356406482,3.055728229072907,127.21361317430502,0,0,0,0,0,61463,108,0,0,0,284416,2,0,0,0,0,0,0,0,0,0,0,0.0,0.0,0.0,0.0,0.0,2.0000876891218273,188465,108036,4,1.744464808026954,0.11745455814550618,0.06732985245964983,0.038308514762136835,0.0,0.0,0.17725283532492656,0.03148366735677543,0.3366735677542631,0.0,0.0,0.0,0.0,0.0,81603.0,139390.0,5274379264.0,201590.0,1.33,2800.0,17024.0,2107.0,1.33,5,0.008,0.2727272727272727,0.4385237224863305,0.0,0.17725283532492656,5,ssdp
1708705,203157801,432913,1193948,47033,300295,537819,54734,930790,303307,0.3625894930097458,0.17574420394392246,3.0688048742693046,118.89577252948871,0,0,0,0,0,54724,108,0,0,0,283495,2,0,0,0,0,0,0,0,0,0,0,0.0,0.0,0.0,0.0,0.0,2.000339723691398,192739,107581,4,1.791571002314535,0.11279828876254239,0.06296054614459488,0.03203244562402521,0.0,0.0,0.16591219666355514,0.027525523715328275,0.3147524002095154,0.0,0.0,0.0,0.0,0.0,-197013.0,-139529.0,5325057024.0,202781.0,0.63,2584.0,1120.0,2121.0,1.22,5,0.008,0.2727272727272727,0.43908086195628987,0.0,0.16591219666355514,5,ssdp
1777614,201131934,452866,1217455,49595,287446,544798,68265,954532,314062,0.37197760902867044,0.16170327191392508,3.039310709350383,113.14713655495513,0,0,0,0,0,68275,108,0,0,0,297135,10,0,0,0,0,0,0,0,0,0,0,0.0,0.0,0.0,0.0,0.0,2.000194838179933,178472,108939,4,1.638274630756662,0.10039974932690675,0.06128383327314029,0.03840260033955628,0.0,0.0,0.1671538365471919,0.027899757765184118,0.30647710920368537,0.0,0.0,0.0,0.0,0.0,-103115.0,-102967.0,6563403264.0,200157.0,0.82,2008.0,2784.0,2147.0,0.94,5,0.008,0.2727272727272727,0.438400034413464,0.0,0.1671538365471919,5,ssdp
1807943,200875251,437058,1249749,48358,293597,532601,59209,978656,320452,0.34971662309791807,0.16239284092474154,3.053986244429743,111.10707085345058,0,0,0,0,0,59217,108,0,0,0,279746,5,0,0,0,0,0,0,0,0,0,0,0.0,0.0,0.0,0.0,0.0,2.0000613104077822,187076,106519,4,1.7562688346679936,0.1034745011319494,0.05891723356322628,0.032749373182672244,0.0,0.0,0.15473164806633838,0.02674752467306768,0.29458948650482897,0.0,0.0,0.0,0.0,0.0,-82501.0,-898.0,6912976384.0,198306.0,0.94,1574.0,4224.0,2173.0,0.72,5,0.008,0.2727272727272727,0.43857554500553453,0.0,0.15473164806633838,5,ssdp
1689513,214856965,467605,1171129,51524,314388,570303,63458,915913,299339,0.3992771078164745,0.18608202482017008,3.0597850597483123,127.17094511850456,0,0,0,0,0,63469,108,0,0,0,299378,5,0,0,0,0,0,0,0,0,0,0,0.0,0.0,0.0,0.0,0.0,2.0007127493031605,200336,114069,4,1.7562703276087281,0.11857618142032644,0.06751590547098484,0.0375599359105257,0.0,0.0,0.1771978078890189,0.030496361969395914,0.33755466812034,0.0,0.0,0.0,0.0,0.0,139319.0,36352.0,7549828096.0,196453.0,0.84,1349.0,5856.0,2197.0,0.61,5,0.008,0.2727272727272727,0.43855685494764746,0.0,0.1771978078890189,5,ssdp
1578596,200351084,432443,1100729,45424,296233,530144,58372,857785,279556,0.3928696345785384,0.18765599304698605,3.0683834365923106,126.9172631883015,0,0,0,0,0,58369,108,0,0,0,279556,2,0,0,0,0,0,0,0,0,0,0,0.0,0.0,0.0,0.0,0.0,1.999993248580514,190198,106026,4,1.7938807462320563,0.12048554538336598,0.06716474639489775,0.03697716198444694,0.0,0.0,0.17709154210450298,0.02877493671591718,0.3358326006147235,0.0,0.0,0.0,0.0,0.0,118547.0,36147.0,7993062400.0,193990.0,0.85,1180.0,7264.0,2220.0,0.53,5,0.008,0.2727272727272727,0.4391161214181272,0.0,0.17709154210450298,5,ssdp
1580296,201171987,440207,1090798,49291,292485,533403,59867,856131,280053,0.40356417961895785,0.18508241493998592,3.0570320617883042,127.3001937611688,0,0,0,0,0,59867,108,0,0,0,280053,6,0,0,0,0,0,0,0,0,0,0,0.0,0.0,0.0,0.0,0.0,2.000020514082918,185798,106681,4,1.7416222195142528,0.11757164480578322,0.06750697337713947,0.03788340918410222,0.0,0.0,0.17721553430496564,0.03119099206730891,0.33753360130000964,0.0,0.0,0.0,0.0,0.0,139268.0,36617.0,8221667328.0,191930.0,0.86,1147.0,8864.0,2244.0,0.51,5,0.008,0.2727272727272727,0.4383996313528139,0.0,0.17721553430496564,5,ssdp
1805491,201002326,503841,1243852,58029,332916,533226,59786,976980,320493,0.40506507205037257,0.18439083883553006,3.048366110960302,111.3283455857714,0,0,0,0,0,59785,108,0,0,0,300029,4,0,0,0,0,0,0,0,0,0,0,0.0,0.0,0.0,0.0,0.0,2.0005768884081485,184638,106639,4,1.731430339744371,0.10226470251028667,0.05906371175486336,0.03311343008633109,0.0,0.0,0.16617584911805156,0.03214028760043667,0.295335728618974,0.0,0.0,0.0,0.0,0.0,139391.0,-45.0,8239526400.0,189871.0,0.87,1091.0,10176.0,2266.0,0.48,5,0.009000000000000001,0.2727272727272727,0.44412398218355703,0.0,0.16617584911805156,5,ssdp
1689802,215271380,473509,1162216,54077,311445,570151,64421,914781,299806,0.4074191028173765,0.18430857579763782,3.051243137228741,127.39444029537188,0,0,0,0,0,64496,108,0,0,0,299806,4,0,0,0,0,0,0,0,0,0,0,0.0,0.0,0.0,0.0,0.0,1.9996597088905868,197410,114037,4,1.7311048168576866,0.11682433799936325,0.06748542136889411,0.038123401439932016,0.0,0.0,0.17742078657736232,0.032001974195793356,0.33740698614393877,0.0,0.0,0.0,0.0,0.0,158866.0,-914.0,7854467072.0,188009.0,0.98,911.0,11840.0,2291.0,0.4,5,0.008,0.2727272727272727,0.43833386917107514,0.0,0.17742078657736232,5,ssdp
1580463,201160687,437485,1095287,47691,292721,542795,60052,853271,279808,0.399424990892798,0.1852121814936509,3.049487505718207,127.27959275225045,0,0,0,0,0,60058,108,0,0,0,279808,5,0,0,0,0,0,0,0,0,0,0,0.0,0.0,0.0,0.0,0.0,2.000020497543711,184163,108561,4,1.696401101684767,0.11652471459312873,0.06868936507846118,0.037996460530869754,0.0,0.0,0.1770417909182309,0.030175334696225093,0.34344049813250926,0.0,0.0,0.0,0.0,0.0,139306.0,-58.0,6347759616.0,185337.0,0.89,884.0,13280.0,2312.0,0.38,5,0.009000000000000001,0.2727272727272727,0.4372477333362167,0.0,0.1770417909182309,5,ssdp
1700547,201637499,439223,1177791,47804,293643,543088,60943,919173,300177,0.37292100211327817,0.1726756155519371,3.062103359018179,118.57214119927293,0,0,0,0,0,60938,108,0,0,0,279808,5,0,0,0,0,0,0,0,0,0,0,0.0,0.0,0.0,0.0,0.0,2.000034055537771,185023,108619,4,1.7034128467395206,0.10880205016385903,0.06387297734199643,0.03583729235357799,0.0,0.0,0.16453999801240424,0.028110954886868756,0.3193607703874106,0.0,0.0,0.0,0.0,0.0,119857.0,315.0,5649109504.0,183278.0,0.9,816.0,14656.0,2338.0,0.35,5,0.009000000000000001,0.2727272727272727,0.4373110745999471,0.0,0.16453999801240424,5,ssdp
1594163,202947438,439768,1106925,47470,295779,549113,60381,861143,281349,0.3972879824739707,0.18553874352873576,3.060764388712951,127.30657906374694,0,0,0,0,0,60386,108,0,0,0,281349,3,0,0,0,0,0,0,0,0,0,0,0.0,0.0,0.0,0.0,0.0,1.9998309691552514,185956,109823,4,1.6932336577948153,0.11664804665520402,0.06889069687353175,0.03787630248600676,0.0,0.0,0.17648697153302392,0.029777381610287028,0.3444522297908056,0.0,0.0,0.0,0.0,0.0,141119.0,1797.0,4740733952.0,181195.0,0.92,778.0,1184.0,2365.0,0.33,5,0.009000000000000001,0.18181818181818182,0.4369966123114034,0.0,0.17648697153302392,5,ssdp
1692374,243878090,531000,1172339,57932,355167,656740,73330,914266,299435,0.45294065965561153,0.2098631862697016,3.053303722009785,144.10413419256028,0,0,0,0,0,73074,108,0,0,0,339142,6,0,0,0,0,0,0,0,0,0,0,0.0,0.0,0.0,0.0,0.0,1.9998254494676209,223818,131354,4,1.7039298384518173,0.13225090907801704,0.0776152316213792,0.043329665901272414,0.0,0.0,0.20039423909844986,0.03423120421372581,0.38805843152872826,0.0,0.0,0.0,0.0,0.0,159653.0,20321.0,4800920064.0,179355.0,1.03,707.0,2784.0,2394.0,0.3,5,0.009000000000000001,0.2727272727272727,0.4373979493670001,0.0,0.20039423909844986,5,ssdp
1582187,201196076,441498,1092059,48631,292049,539786,61992,854277,279678,0.4042803548159944,0.18458564000336244,3.054501962971703,127.16327210373996,0,0,0,0,0,61978,108,0,0,0,279679,4,0,0,0,0,0,0,0,0,0,0,0.0,0.0,0.0,0.0,0.0,2.000061635392412,184083,107955,4,1.7051827150201473,0.11634718272871665,0.06823150487268571,0.03918120930079694,0.0,0.0,0.17676734798099086,0.03073656906547709,0.3411644767653887,0.0,0.0,0.0,0.0,0.0,139520.0,-19576.0,5084670464.0,177501.0,0.93,571.0,4512.0,2420.0,0.24,5,0.006999999999999999,0.2727272727272727,0.43752828609787986,0.0,0.17676734798099086,5,ssdp
1693510,201012749,443514,1165539,49469,291165,534933,62323,914573,300088,0.38052265947342817,0.1719298970776671,3.047682679747274,118.69593270780804,0,0,0,0,0,62320,108,0,0,0,279863,5,0,0,0,0,0,0,0,0,0,0,0.0,0.0,0.0,0.0,0.0,1.999910707539718,184179,106988,4,1.7214921299585,0.1087557794167144,0.0631752986401025,0.03680108177690123,0.0,0.0,0.16525618390207322,0.02921092878105237,0.3158723597734882,0.0,0.0,0.0,0.0,0.0,119284.0,58.0,4930259968.0,175039.0,0.94,606.0,5952.0,2446.0,0.25,5,0.008,0.2727272727272727,0.43804999135366146,0.0,0.16525618390207322,5,ssdp
1692765,214667763,460250,1183534,49327,319905,556786,59688,925419,299785,0.3888777170744567,0.18898370417630328,3.086942308654536,126.81486384701952,0,0,0,0,0,59598,108,0,0,0,300120,5,0,0,0,0,0,0,0,0,0,0,0.0,0.0,0.0,0.0,0.0,1.9996562070258783,208549,111358,4,1.8727796835431672,0.12320020794380791,0.06578467773140395,0.0352606534279714,0.0,0.0,0.1772957262230729,0.029139898332018917,0.32892102565920256,0.0,0.0,0.0,0.0,0.0,139308.0,-88.0,4928673280.0,172981.0,0.95,540.0,7488.0,2467.0,0.22,5,0.008,0.2727272727272727,0.44064975162409814,0.0,0.1772957262230729,5,ssdp
1696735,215834134,481139,1162191,53405,309490,584249,70221,911966,299620,0.41399305277703924,0.18240326273696247,3.0437420732928375,127.20556480534674,0,0,0,0,0,70237,108,0,0,0,299620,4,0,0,0,0,0,0,0,0,0,0,0.0,0.0,0.0,0.0,0.0,2.0002455954396803,192644,116847,4,1.648685888383955,0.11353805986202914,0.0688657922421592,0.041385955968374556,0.0,0.0,0.17658620821754722,0.03147515669801118,0.3443372123519583,0.0,0.0,0.0,0.0,0.0,159608.0,18540.0,4801229824.0,171125.0,1.08,511.0,8992.0,2488.0,0.21,5,0.008,0.2727272727272727,0.43648980310666347,0.0,0.17658620821754722,5,ssdp
1690538,214859676,466978,1172180,51380,314802,568598,63400,916772,299847,0.3983842072036718,0.18621409279176215,3.0574659743135664,127.09544298915493,0,0,0,0,0,63287,108,0,0,0,299847,3,0,0,0,0,0,0,0,0,0,0,0.0,0.0,0.0,0.0,0.0,2.000355842488864,201073,113715,4,1.768218792595524,0.11894024269197143,0.06726556871244539,0.0375028541209958,0.0,0.0,0.17736779652394682,0.03039269155736221,0.33634144869857996,0.0,0.0,0.0,0.0,0.0,179593.0,20096.0,4724389376.0,169270.0,1.21,486.0,10592.0,2509.0,0.19,5,0.008,0.2727272727272727,0.43884227358970074,0.0,0.17736779652394682,5,ssdp
1790556,228590855,500264,1233428,56388,331147,602820,66046,968948,319467,0.405588327814838,0.1849408786991303,3.0330143645509553,127.66473374750636,0,0,0,0,0,61872,108,0,0,0,300063,12,0,0,0,0,0,0,0,0,0,0,0.0,0.0,0.0,0.0,0.0,1.997629245339929,210573,120559,4,1.7466385753033784,0.11760201859087345,0.06733048282209549,0.03688574945435943,0.0,0.0,0.16758090782974674,0.03149189413791024,0.33666637625407975,0.0,0.0,0.0,0.0,0.0,139414.0,20230.0,5046395392.0,167419.0,1.11,477.0,11968.0,2530.0,0.19,5,0.008,0.18181818181818182,0.4365532139631253,0.0,0.16758090782974674,5,ssdp
1694787,229257359,502249,1171775,54678,334656,608168,69856,917098,299829,0.4286223891105374,0.19746198194817402,3.058736813316924,135.27207784813078,0,0,0,0,0,70018,108,0,0,0,299829,5,0,0,0,0,0,0,0,0,0,0,0.0,0.0,0.0,0.0,0.0,1.9985786547385143,213031,121647,4,1.7512228003978725,0.12569780155264348,0.07177716137780146,0.04121815897808987,0.0,0.0,0.1769124969686456,0.032262461300446604,0.3588462738975458,0.0,0.0,0.0,0.0,0.0,99067.0,-84.0,5051798528.0,165564.0,1.0,482.0,13632.0,2557.0,0.19,5,0.009000000000000001,0.18181818181818182,0.4362436927575016,0.0,0.1769124969686456,5,ssdp
1794504,200298698,440111,1236026,49620,289928,531356,59678,970369,319151,0.3560693707090304,0.16156442114366978,3.0404698716281633,111.61786097996995,0,0,0,0,0,64035,108,0,0,0,299520,3,0,0,0,0,0,0,0,0,0,0,0.0,0.0,0.0,0.0,0.0,2.000013796623966,183655,106276,4,1.7280947721028266,0.10234304298012152,0.05922304993468947,0.03325598605519965,0.0,0.0,0.16690963073919032,0.027651094675743268,0.2961018755043176,0.0,0.0,0.0,0.0,0.0,158208.0,39121.0,4811143168.0,163496.0,1.25,410.0,15296.0,2587.0,0.16,5,0.008,0.2727272727272727,0.44049899566814954,0.0,0.16690963073919032,5,ssdp
1706271,217357789,472884,1181112,52275,315889,584305,64340,921996,302046,0.4003718529656798,0.18513413168248186,3.0525019367910846,127.38761251876167,0,0,0,0,0,64321,108,0,0,0,281935,3,0,0,0,0,0,0,0,0,0,0,0.0,0.0,0.0,0.0,0.0,1.9989811738648948,199025,116856,4,1.7031645786266858,0.11664325303542052,0.06848619006007838,0.0377079608104457,0.0,0.0,0.16523459638005922,0.030636985566771045,0.34244560213471364,0.0,0.0,0.0,0.0,0.0,141652.0,-18033.0,5106295296.0,161802.0,1.03,417.0,1120.0,2606.0,0.16,5,0.008,0.18181818181818182,0.43488251850912224,0.0,0.16523459638005922,5,ssdp
2156829,230596266,506657,1488451,54858,334974,619406,71502,1164448,381521,0.34039212577370703,0.1553085571456986,3.0521203288940844,106.91448696210965,0,0,0,0,0,71346,108,0,0,0,341021,3,0,0,0,0,0,0,0,0,0,0,0.0,0.0,0.0,0.0,0.0,2.0000955343655025,211079,123875,4,1.70396770938446,0.09786543114915462,0.05743385312419297,0.03315144594216788,0.0,0.0,0.15811221010103257,0.02543456157164059,0.28718363857310897,0.0,0.0,0.0,0.0,0.0,100198.0,-40317.0,5255872000.0,159766.0,1.03,412.0,2816.0,2632.0,0.16,5,0.008,0.2727272727272727,0.43950431833361514,0.0,0.15811221010103257,5,ssdp
1690868,215264815,464769,1175576,50760,313944,582007,62450,913096,300025,0.39535427739252926,0.1856703184399965,3.043399716690276,127.3102424316978,0,0,0,0,0,62290,108,0,0,0,299887,1,0,0,0,0,0,0,0,0,0,0,0.0,0.0,0.0,0.0,0.0,1.998955773173558,197561,116412,4,1.6970844930075937,0.11683998987502277,0.06884747951939477,0.0369336932273838,0.0,0.0,0.17735683684356202,0.030020084359039263,0.3442060527492389,0.0,0.0,0.0,0.0,0.0,139063.0,-20431.0,5121378304.0,157706.0,1.05,442.0,4512.0,2660.0,0.17,5,0.009000000000000001,0.2727272727272727,0.4372397517739852,0.0,0.17735683684356202,5,ssdp
1798055,229030249,491949,1253754,52352,334825,622394,65240,971640,319197,0.3923808019755072,0.18621510465475194,3.044013571556124,127.3766647850038,0,0,0,0,0,65261,108,0,0,0,319197,6,0,0,0,0,0,0,0,0,0,0,0.0,0.0,0.0,0.0,0.0,2.0026257080140915,210353,124480,4,1.6898537917737788,0.11698919109815885,0.06923036280870162,0.036283650945048956,0.0,0.0,0.17752349066074175,0.029115905798209732,0.34614847710442675,0.0,0.0,0.0,0.0,0.0,139248.0,26.0,5120638464.0,155646.0,1.06,403.0,6304.0,2681.0,0.15,5,0.009000000000000001,0.2727272727272727,0.43698952320130835,0.0,0.17752349066074175,5,ssdp
1573927,199941440,445520,1079324,49083,288757,532567,63812,848077,280055,0.4127768862732599,0.18346276542685905,3.0282515934370036,127.03349011739427,0,0,0,0,0,63819,108,0,0,0,280055,4,0,0,0,0,0,0,0,0,0,0,0.0,0.0,0.0,0.0,0.0,1.999937665791679,182248,106517,4,1.7109757127970182,0.11579190140330524,0.06767594685141051,0.040543176398905416,0.0,0.0,0.1779339194257421,0.031185054961252966,0.338368297894375,0.0,0.0,0.0,0.0,0.0,139725.0,-38865.0,5120558592.0,153587.0,1.08,347.0,7552.0,2705.0,0.13,5,0.008,0.2727272727272727,0.43810255378005825,0.0,0.1779339194257421,5,ssdp
1695990,201473412,443869,1169221,48202,292706,538488,63236,915976,299388,0.3796279745232082,0.17258710251829315,3.0594947025264876,118.7939858135956,0,0,0,0,0,63237,108,0,0,0,279650,5,0,0,0,0,0,0,0,0,0,0,0.0,0.0,0.0,0.0,0.0,2.000095663701092,185004,107700,4,1.7177715877437325,0.1090831903489997,0.0635027329170573,0.03728559720281369,0.0,0.0,0.16488894392065992,0.02842115814362113,0.3175065890718695,0.0,0.0,0.0,0.0,0.0,159217.0,17591.0,5123179520.0,151730.0,1.22,355.0,8992.0,2725.0,0.13,5,0.008,0.2727272727272727,0.4377540552760858,0.0,0.16488894392065992,5,ssdp
2019222,227621762,502185,1386987,58296,332498,582141,66757,1100242,359325,0.36206900280968746,0.16466639131308988,3.0619689695957697,112.72745740686264,0,0,0,0,0,66749,108,0,0,0,319024,9,0,0,0,0,0,0,0,0,0,0,0.0,0.0,0.0,0.0,0.0,2.000999000999001,216062,116421,4,1.8558679276075623,0.10700259803033049,0.05765636467906946,0.03306075310193728,0.0,0.0,0.15799352423854335,0.028870525380567367,0.28829965204420316,0.0,0.0,0.0,0.0,0.0,139307.0,0.0,5362942976.0,149871.0,1.1,363.0,10528.0,2749.0,0.13,5,0.009000000000000001,0.2727272727272727,0.4410187483636322,0.0,0.15799352423854335,5,ssdp
1591295,202001072,441427,1104960,44908,293681,559650,65228,853235,279670,0.3994959093541848,0.18455471801268777,3.0508635177173096,126.94131006507278,0,0,0,0,0,65230,108,0,0,0,279670,6,0,0,0,0,0,0,0,0,0,0,0.0,0.0,0.0,0.0,0.0,1.999993189912899,181756,111935,4,1.6237637914861303,0.11421892232427049,0.07034207987833808,0.04099051401531457,0.0,0.0,0.17574993951467202,0.02822104009627379,0.35169468891688843,0.0,0.0,0.0,0.0,0.0,119330.0,162.0,5172864000.0,147812.0,1.12,313.0,12192.0,2781.0,0.11,5,0.008,0.18181818181818182,0.4352515099011387,0.0,0.17574993951467202,5,ssdp
1920211,243954308,530614,1332447,57152,357242,651582,73007,1039910,339956,0.398225220215138,0.18604309630556226,3.058954688253774,127.04557363748046,0,0,0,0,0,72861,108,0,0,0,339956,6,0,0,0,0,0,0,0,0,0,0,0.0,0.0,0.0,0.0,0.0,2.0010978977498697,226929,130315,4,1.741388174807198,0.11817920009832253,0.06786493775944415,0.03802030089401633,0.0,0.0,0.17704096060276708,0.02976339579348311,0.3393283342299362,0.0,0.0,0.0,0.0,0.0,139219.0,0.0,5024465408.0,145752.0,1.13,350.0,13856.0,2801.0,0.12,5,0.009000000000000001,0.2727272727272727,0.4381805423852207,0.0,0.17704096060276708,5,ssdp
1918149,215550087,466923,1332621,50900,316456,571143,63283,1040002,339459,0.35037944021593537,0.16497988425299598,3.0637043059692037,112.37400587754132,0,0,0,0,0,63137,108,0,0,0,299900,5,0,0,0,0,0,0,0,0,0,0,0.0,0.0,0.0,0.0,0.0,1.9996966862978034,202226,114229,4,1.7703560391844453,0.1054276805399372,0.05955168237712503,0.03299170189594239,0.0,0.0,0.15634864653371558,0.02653599902822982,0.2977573692137576,0.0,0.0,0.0,0.0,0.0,179680.0,40121.0,5019918336.0,144093.0,1.43,312.0,15264.0,2830.0,0.11,5,0.008,0.2727272727272727,0.43871974229239213,0.0,0.15634864653371558,5,ssdp
2370692,273668723,604141,1627769,69656,393867,725740,82149,1282428,420883,0.37114664304333106,0.16614009749052175,3.046994057731008,115.43832897736189,0,0,0,0,0,82241,108,0,0,0,380516,7,0,0,0,0,0,0,0,0,0,0,0.0,0.0,0.0,0.0,0.0,2.000716234132366,248715,145149,4,1.7135150776099044,0.10491240532300274,0.061226426714225214,0.034651907544295084,0.0,0.0,0.16050840851531958,0.02938213821112148,0.30613002448230303,0.0,0.0,0.0,0.0,0.0,161230.0,1981.0,4902086656.0,142617.0,1.31,294.0,1088.0,2851.0,0.1,5,0.008,0.2727272727272727,0.43803256989581063,0.0,0.16050840851531958,5,ssdp
1689243,214894908,469608,1167018,52617,313311,567948,63542,916128,299861,0.40239996298257613,0.18547420353377223,3.0551755646783008,127.21373301532107,0,0,0,0,0,63531,108,0,0,0,299861,5,0,0,0,0,0,0,0,0,0,0,0.0,0.0,0.0,0.0,0.0,1.9998404268899839,199718,113593,4,1.7581893250464378,0.11822928968774771,0.06724491384602452,0.03761566571535297,0.0,0.0,0.1775120571759066,0.03114827174065543,0.3362145055507112,0.0,0.0,0.0,0.0,0.0,98879.0,-8.0,5048847872.0,140775.0,1.17,286.0,2816.0,2873.0,0.1,5,0.008,0.2727272727272727,0.438773393518175,0.0,0.1775120571759066,5,ssdp
1911808,243783497,532881,1320088,59044,355039,647041,72274,1035752,339243,0.4036708158850016,0.1857085021089984,3.0531271094760983,127.51463379167782,0,0,0,0,0,72412,108,0,0,0,339834,7,0,0,0,0,0,0,0,0,0,0,0.0,0.0,0.0,0.0,0.0,2.0006142056180094,225636,129417,4,1.7434803773847332,0.11802231186395287,0.06769351315613284,0.03780400542313873,0.0,0.0,0.1777552976031066,0.03088385444563471,0.3384445509172469,0.0,0.0,0.0,0.0,0.0,119560.0,39.0,5047205888.0,138314.0,1.19,262.0,4384.0,2893.0,0.09,5,0.008,0.2727272727272727,0.4384323537651719,0.0,0.1777552976031066,5,ssdp
1696452,215964287,466726,1179732,49994,315134,585797,63369,916027,300203,0.3956203612345855,0.18576063454786815,3.0513585806937304,127.3035057873727,0,0,0,0,0,63495,108,0,0,0,300203,4,0,0,0,0,0,0,0,0,0,0,0.0,0.0,0.0,0.0,0.0,2.0009270194420106,197975,117156,4,1.6898408958994844,0.11669944095087866,0.06905942520035933,0.03735384201851865,0.0,0.0,0.17695932451964452,0.029469740375796073,0.34530714691603415,0.0,0.0,0.0,0.0,0.0,139526.0,64.0,5049934848.0,135445.0,1.22,263.0,5760.0,2923.0,0.09,5,0.008,0.18181818181818182,0.4369627549895654,0.0,0.17695932451964452,5,ssdp
1691226,215247666,466898,1173621,50708,314057,578607,63645,913954,299594,0.3978268964171568,0.1856978310409135,3.050641868662256,127.27315332190967,0,0,0,0,0,63640,108,0,0,0,299594,5,0,0,0,0,0,0,0,0,0,0,0.0,0.0,0.0,0.0,0.0,1.9991915565401166,198332,115727,4,1.7137919413792806,0.11727113939828267,0.06842787421669251,0.03763246307708136,0.0,0.0,0.17714604671404058,0.029982982759252756,0.3421228150465993,0.0,0.0,0.0,0.0,0.0,139187.0,-40454.0,5050592768.0,133388.0,1.24,263.0,7360.0,2940.0,0.09,5,0.008,0.2727272727272727,0.4376056813332024,0.0,0.17714604671404058,5,ssdp
1809563,244471400,534344,1252096,58744,354787,659167,74708,976400,319648,0.4267596094868125,0.1960622537043474,3.054610071078186,135.0996898146127,0,0,0,0,0,74925,108,0,0,0,339447,6,0,0,0,0,0,0,0,0,0,0,0.0,0.0,0.0,0.0,0.0,1.9990590330014593,222957,131826,4,1.691297619589459,0.12321041046926799,0.07284963275663793,0.04128510585152327,0.0,0.0,0.18758506888127133,0.03246308639157631,0.3642686107087733,0.0,0.0,0.0,0.0,0.0,139514.0,-21876.0,5182351360.0,131329.0,1.26,242.0,8832.0,2969.0,0.08,5,0.008,0.2727272727272727,0.43714988660074355,0.0,0.18758506888127133,5,ssdp
1696730,201613817,433110,1181809,46384,294548,547527,57844,916701,300064,0.3664805395795767,0.17359744921112966,3.055018262770609,118.82492618153742,0,0,0,0,0,57847,108,0,0,0,279808,2,0,0,0,0,0,0,0,0,0,0,0.0,0.0,0.0,0.0,0.0,2.000013580221765,185036,109512,4,1.689641317846446,0.1090544753732179,0.06454297383791174,0.03409145827562429,0.0,0.0,0.16491015070164375,0.027337289963635936,0.32269542001379126,0.0,0.0,0.0,0.0,0.0,139339.0,6.0,5038499840.0,128868.0,1.28,228.0,10432.0,2991.0,0.08,5,0.006999999999999999,0.18181818181818182,0.43686404896762515,0.0,0.16491015070164375,5,ssdp
1694260,214820688,484410,1156486,53364,309871,566869,72383,913740,299140,0.4188636957127021,0.18289459705122,3.0545563949989973,126.79322418046817,0,0,0,0,0,72462,108,0,0,0,299140,6,0,0,0,0,0,0,0,0,0,0,0.0,0.0,0.0,0.0,0.0,1.999399930314488,196511,113375,4,1.7332833517089306,0.1159863303152999,0.06691712015865334,0.042722486513286036,0.0,0.0,0.1765608584278682,0.0314969367157343,0.3345820594241734,0.0,0.0,0.0,0.0,0.0,139267.0,0.0,5038194176.0,126809.0,1.3,237.0,11904.0,3013.0,0.08,5,0.008,0.2727272727272727,0.43847568233790024,0.0,0.1765608584278682,5,ssdp
2027848,215107506,493929,1409316,53658,337505,575680,60181,1099785,359170,0.35047427262586955,0.16643505824894173,3.0620179859119636,106.07674046575482,0,0,0,0,0,60165,108,0,0,0,299974,6,0,0,0,0,0,0,0,0,0,0,0.0,0.0,0.0,0.0,0.0,1.9993187607369232,201227,115121,4,1.747960841201866,0.09923179646600731,0.05677003404594427,0.029677273641811417,0.0,0.0,0.1479272608203376,0.026460563119129244,0.2838871552502949,0.0,0.0,0.0,0.0,0.0,139235.0,-233.0,5039479808.0,124744.0,1.32,252.0,13248.0,3034.0,0.08,5,0.009000000000000001,0.18181818181818182,0.4400384767261981,0.0,0.1479272608203376,5,ssdp
2025706,214868627,478711,1391309,52912,310039,573803,69687,1092574,358123,0.34407238075797686,0.15305231854968096,3.050834489826121,106.0709831535277,0,0,0,0,0,69694,108,0,0,0,299202,12,0,0,0,0,0,0,0,0,0,0,0.0,0.0,0.0,0.0,0.0,1.9988588596332877,195277,114768,4,1.7014934476509131,0.09639947751549337,0.056655802964497314,0.03440133958234808,0.0,0.0,0.14770257875525866,0.02612027609139727,0.28326074958557657,0.0,0.0,0.0,0.0,0.0,139264.0,77.0,5258401280.0,122283.0,1.35,226.0,15072.0,3052.0,0.07,5,0.008,0.2727272727272727,0.43770559119818697,0.0,0.14770257875525866,5,ssdp
1817688,231023448,500676,1262379,54633,339484,609518,67847,986508,321203,0.39661306152906534,0.18676692589707364,3.071291364028356,127.0974160582014,0,0,0,0,0,68056,108,0,0,0,321203,6,0,0,0,0,0,0,0,0,0,0,0.0,0.0,0.0,0.0,0.0,1.9982929829828062,217575,121900,4,1.784864643150123,0.11969876018326578,0.06706321436902263,0.037325987738269714,0.0,0.0,0.1767096443394026,0.03005631329469084,0.3353259745346836,0.0,0.0,0.0,0.0,0.0,141644.0,2153.0,5029791744.0,119798.0,1.4,207.0,992.0,3071.0,0.07,5,0.006999999999999999,0.2727272727272727,0.438998070316976,0.0,0.1767096443394026,5,ssdp
1693019,200983405,435665,1176287,47281,295458,531357,58954,919342,299299,0.3703730467139397,0.17451546615838334,3.071650757269486,118.71302389400238,0,0,0,0,0,58956,108,0,0,0,279732,2,0,0,0,0,0,0,0,0,0,0,0.0,0.0,0.0,0.0,0.0,2.000013538394888,189181,106271,4,1.7801752124286023,0.11174180561470368,0.06277011657872711,0.034821818302098205,0.0,0.0,0.16522673401775173,0.027927034486913613,0.31385176421528643,0.0,0.0,0.0,0.0,0.0,139264.0,2.0,4868012032.0,117359.0,1.41,209.0,2816.0,3095.0,0.07,5,0.008,0.2727272727272727,0.4389142094478147,0.0,0.16522673401775173,5,ssdp
1584652,202213427,479278,1083410,56417,310562,573071,65123,856009,282248,0.44237915470597466,0.19598119965771665,3.03282574190074,127.60746649737608,0,0,0,0,0,60964,108,0,0,0,282248,8,0,0,0,0,0,0,0,0,0,0,0.0,0.0,0.0,0.0,0.0,1.999690930749171,195949,114617,4,1.7095980526448955,0.12365427866812398,0.07232944520311084,0.041096089235996294,0.0,0.0,0.17811355426932854,0.035602138513692594,0.3616383912682406,0.0,0.0,0.0,0.0,0.0,139415.0,0.0,4868236288.0,115303.0,1.43,211.0,4384.0,3114.0,0.07,5,0.008,0.18181818181818182,0.43574252252691814,0.0,0.17811355426932854,5,ssdp
1863228,236148669,512928,1292669,55891,346244,628694,70500,1010367,329436,0.3967976334235601,0.1858301828869038,3.0669598950934325,126.74169183803592,0,0,0,0,0,70106,108,0,0,0,309092,6,0,0,0,0,0,0,0,0,0,0,0.0,0.0,0.0,0.0,0.0,2.0010055769064063,220511,125746,4,1.7536223816264533,0.11834890845350113,0.067488251572003,0.03783755933251325,0.0,0.0,0.1658905941731232,0.029996865654659546,0.3374219365531218,0.0,0.0,0.0,0.0,0.0,-12889.0,128755.0,4868234240.0,115668.0,1.33,17604.0,5952.0,3142.0,5.6,5,0.006999999999999999,0.18181818181818182,0.4361641155862788,0.0,0.1658905941731232,5,ssdp
1687108,201008627,443060,1159487,51278,289424,533204,60230,912952,299049,0.3821172639279267,0.17155036903387336,3.0528508705931134,119.14390009412557,0,0,0,0,0,60229,108,0,0,0,299049,3,0,0,0,0,0,0,0,0,0,0,0.0,0.0,0.0,0.0,0.0,2.0,182781,106633,4,1.7141128918815,0.10833983360875533,0.0632046081223016,0.03570014486328083,0.0,0.0,0.1772553979946749,0.03039402338202415,0.316046157092492,0.0,0.0,0.0,0.0,0.0,-5.0,139259.0,4797266432.0,113504.0,1.45,4934.0,7392.0,3170.0,1.56,5,0.008,0.2727272727272727,0.4401831395879942,0.0,0.1772553979946749,5,ssdp
1687626,228982101,532605,1165179,59733,353071,646399,72440,913442,299283,0.4571014410661366,0.2092116381236127,3.0521011885071987,135.68296589410213,0,0,0,0,0,68247,108,0,0,0,319208,8,0,0,0,0,0,0,0,0,0,0,0.0,0.0,0.0,0.0,0.0,2.0000509825469748,223795,129280,4,1.731087561881188,0.13260935776054647,0.07660465055646215,0.042924202400294854,0.0,0.0,0.1891461733820171,0.03539469052977378,0.3830226602339618,0.0,0.0,0.0,0.0,0.0,0.0,139415.0,4797236736.0,111446.0,1.48,3371.0,8832.0,3186.0,1.06,5,0.008,0.18181818181818182,0.436083645045025,0.0,0.1891461733820171,5,ssdp
1688747,200409792,435542,1170761,47250,292057,539186,58839,912537,300260,0.3720161501792424,0.1729430163310431,3.0391560647438887,118.67366278074809,0,0,0,0,0,58836,108,0,0,0,280064,3,0,0,0,0,0,0,0,0,0,0,0.0,0.0,0.0,0.0,0.0,2.000006848001753,184215,107836,4,1.70828851218517,0.10908383553012974,0.06385562787084152,0.034841808749327165,0.0,0.0,0.1658413012724819,0.02797932431560204,0.3192816922842794,0.0,0.0,0.0,0.0,0.0,139041.0,139036.0,4798795776.0,109385.0,1.51,2596.0,10304.0,3208.0,0.81,5,0.008,0.2727272727272727,0.4376502991231692,0.0,0.1658413012724819,5,ssdp
1581742,201446769,435821,1098469,47452,293499,544907,59326,854397,279575,0.39675311729325086,0.18555428129239787,3.0560565143521417,127.35753934586045,0,0,0,0,0,59327,108,0,0,0,279575,2,0,0,0,0,0,0,0,0,0,0,0.0,0.0,0.0,0.0,0.0,2.000034072246792,184518,108980,4,1.6931363552945495,0.11665492855345562,0.06889872052458619,0.037506748888251056,0.0,0.0,0.1767513285984693,0.02999983562426742,0.3444980281234234,0.0,0.0,0.0,0.0,0.0,139225.0,139249.0,4796111872.0,107325.0,1.54,2014.0,12064.0,3226.0,0.62,5,0.008,0.2727272727272727,0.4370431871020688,0.0,0.1767513285984693,5,ssdp
1696845,201216052,472753,1171101,51439,312685,539713,62374,916326,300096,0.40368251756253304,0.184274344445132,3.0534428982725528,118.58245862173622,0,0,0,0,0,62380,108,0,0,0,279769,8,0,0,0,0,0,0,0,0,0,0,0.0,0.0,0.0,0.0,0.0,1.9988301775828785,184036,107939,4,1.70500004632246,0.10845775542256364,0.06361158502986425,0.03675880825885688,0.0,0.0,0.1648759904410833,0.030314495431226777,0.31806853307167127,0.0,0.0,0.0,0.0,0.0,139492.0,10736.0,4795932672.0,104114.0,1.59,1627.0,13632.0,3245.0,0.5,5,0.008,0.18181818181818182,0.4395405072696347,0.0,0.1648759904410833,5,ssdp
1698334,216369395,431236,1185187,46491,295124,588927,61716,917986,300118,0.36385481784731016,0.17377265013831203,3.0587502249115346,127.40096765418345,0,0,0,0,0,61566,108,0,0,0,300118,7,0,0,0,0,0,0,0,0,0,0,0.0,0.0,0.0,0.0,0.0,1.9999864464669328,198659,117784,4,1.6866382530734225,0.11697286870544898,0.06935267150042336,0.036339141770699995,0.0,0.0,0.17671317891533703,0.027374474043386048,0.3467674791884282,0.0,0.0,0.0,0.0,0.0,139077.0,-221.0,4797682688.0,102052.0,1.62,1352.0,15456.0,3272.0,0.41,5,0.008,0.18181818181818182,0.4343547016653932,0.0,0.17671317891533703,5,ssdp
1704110,216525554,481768,1169361,52981,312829,577084,69907,918706,301374,0.41199253267382785,0.18357324351127569,3.048391699350309,127.06078480849241,0,0,0,0,0,69916,108,0,0,0,301374,7,0,0,0,0,0,0,0,0,0,0,0.0,0.0,0.0,0.0,0.0,1.9987924017149175,197418,115420,4,1.7104314676832437,0.11584815534208473,0.06773036951839963,0.04102258657011578,0.0,0.0,0.17685125960178627,0.03109012915832898,0.3386424585267383,0.0,0.0,0.0,0.0,0.0,158778.0,19500.0,4679333888.0,100186.0,1.84,1367.0,16672.0,3294.0,0.41,5,0.009000000000000001,0.2727272727272727,0.43786081672666055,0.0,0.17685125960178627,5,ssdp
1696180,229981842,510707,1165806,55844,332804,614848,73907,914724,299544,0.4380720291369233,0.1962079496279876,3.053721656918516,135.58811093162282,0,0,0,0,0,74015,108,0,0,0,319890,5,0,0,0,0,0,0,0,0,0,0,0.0,0.0,0.0,0.0,0.0,1.9993872144088722,209841,122965,4,1.7065099825153498,0.12371387470669387,0.07249525404143428,0.04357261611385584,0.0,0.0,0.188594370880449,0.03292339256446839,0.36248983008878777,0.0,0.0,0.0,0.0,0.0,159277.0,19991.0,4690982400.0,100952.0,1.83,1082.0,2048.0,3319.0,0.33,5,0.008,0.2727272727272727,0.4376847047373909,0.0,0.188594370880449,5,ssdp
1697917,201192341,436807,1177724,47705,295332,533392,59562,920968,300002,0.37089080293854926,0.17393783088337061,3.0698728675142166,118.49362542456433,0,0,0,0,0,59560,108,0,0,0,279782,6,0,0,0,0,0,0,0,0,0,0,0.0,0.0,0.0,0.0,0.0,2.0,188655,106684,4,1.768353267594016,0.11110967143859211,0.06283228214335565,0.03507945323593556,0.0,0.0,0.1647795504727263,0.028096190803201807,0.31414491992246973,0.0,0.0,0.0,0.0,0.0,160283.0,40558.0,4625232384.0,101348.0,2.03,974.0,3776.0,3345.0,0.29,5,0.008,0.2727272727272727,0.43866260132037505,0.0,0.1647795504727263,5,ssdp
2035465,244147149,522931,1420586,57093,361122,643636,68539,1108441,359527,0.36810935768760217,0.17741498871265288,3.083053567604102,119.94662104236625,0,0,0,0,0,68569,108,0,0,0,339507,5,0,0,0,0,0,0,0,0,0,0,0.0,0.0,0.0,0.0,0.0,2.000343433224395,232388,128727,4,1.805277836040613,0.11416948952696312,0.0632420601680697,0.03367240409439612,0.0,0.0,0.16679579359016244,0.028049118997378976,0.31621079212857994,0.0,0.0,0.0,0.0,0.0,118825.0,0.0,4964447232.0,101547.0,1.63,1073.0,5408.0,3373.0,0.32,5,0.01,0.2727272727272727,0.43924662363013367,0.0,0.16679579359016244,5,ssdp
1688307,214905010,477939,1156458,53910,309094,572562,67376,910696,300009,0.41327830323280224,0.18307926224318208,3.035562266465339,127.29024401367761,0,0,0,0,0,67324,108,0,0,0,300009,8,0,0,0,0,0,0,0,0,0,0,0.0,0.0,0.0,0.0,0.0,2.0012690273164604,194577,114510,4,1.6992140424417082,0.11524977388591057,0.06782534219191177,0.039907433896797205,0.0,0.0,0.1776981319155817,0.03193139636333913,0.33913381867160414,0.0,0.0,0.0,0.0,0.0,118515.0,19821.0,4891687936.0,101745.0,1.82,787.0,6848.0,3397.0,0.23,5,0.008,0.2727272727272727,0.4378433229676087,0.0,0.1776981319155817,5,ssdp
1580467,200612782,434092,1099579,46796,295740,530884,58809,858415,279622,0.39478018405226,0.1871219076386916,3.069912238665055,126.93259777015274,0,0,0,0,0,58811,108,0,0,0,279622,4,0,0,0,0,0,0,0,0,0,0,0.0,0.0,0.0,0.0,0.0,1.9999458998877422,189567,106184,4,1.785268967076019,0.11994366222135609,0.06718520538549681,0.03720988796349434,0.0,0.0,0.1769236561092386,0.029608970006966294,0.3359032488498653,0.0,0.0,0.0,0.0,0.0,139407.0,-19500.0,5028917248.0,101944.0,1.62,749.0,8384.0,3418.0,0.22,5,0.008,0.2727272727272727,0.43898606035993537,0.0,0.1769236561092386,5,ssdp
1575677,200765238,442236,1083535,49907,290378,531076,60405,853052,279647,0.40814186897516,0.18428776963806667,3.0504600442700975,127.41522405924565,0,0,0,0,0,60413,108,0,0,0,279647,2,0,0,0,0,0,0,0,0,0,0,0.0,0.0,0.0,0.0,0.0,2.0000551021110997,184154,106210,4,1.7338668675265982,0.11687293779118436,0.06740594677716309,0.03833590259932715,0.0,0.0,0.17747736369827063,0.03167336960557272,0.33704623472957973,0.0,0.0,0.0,0.0,0.0,119464.0,-20019.0,5029138432.0,101942.0,1.62,695.0,9696.0,3438.0,0.2,5,0.008,0.2727272727272727,0.4384105372060355,0.0,0.17747736369827063,5,ssdp
1803202,200586444,440734,1240647,50515,290366,531222,59817,975777,320165,0.35524528733797767,0.16102799353594327,3.047731638373963,111.23903145626502,0,0,0,0,0,59810,108,0,0,0,279705,3,0,0,0,0,0,0,0,0,0,0,0.0,0.0,0.0,0.0,0.0,2.0000413280066125,184125,106242,4,1.7330716665725419,0.10211002427903253,0.058918523825949615,0.03317265619714264,0.0,0.0,0.1551157330127185,0.028014054997720722,0.29459927395821434,0.0,0.0,0.0,0.0,0.0,199912.0,20129.0,4721151488.0,102351.0,2.21,668.0,11520.0,3461.0,0.19,5,0.008,0.2727272727272727,0.43839845824910406,0.0,0.1551157330127185,5,ssdp
1581957,201464532,437570,1096027,48360,293111,541767,59546,855167,279808,0.3992328656137121,0.18528379722078414,3.0562635807410796,127.35145898403054,0,0,0,0,0,59546,108,0,0,0,279808,9,0,0,0,0,0,0,0,0,0,0,0.0,0.0,0.0,0.0,0.0,1.9999658838139167,184760,108354,4,1.705151632611625,0.11679204934141699,0.06849364426466711,0.03764071969086391,0.0,0.0,0.1768745926722408,0.030569731035672905,0.34246632493803564,0.0,0.0,0.0,0.0,0.0,139282.0,-238.0,5241939456.0,102760.0,1.6,590.0,12672.0,3483.0,0.17,5,0.008,0.2727272727272727,0.43741580448258416,0.0,0.1768745926722408,5,ssdp
1582234,215903763,467153,1099330,50699,314659,583898,63398,854502,279801,0.42494337460089326,0.1988700786356506,3.0539633525255447,136.4550142393603,0,0,0,0,0,63369,108,0,0,0,300212,6,0,0,0,0,0,0,0,0,0,0,0.0,0.0,0.0,0.0,0.0,1.998317054273412,197887,116794,4,1.694325050944398,0.1250680999144248,0.07381588311210605,0.040068662410237675,0.0,0.0,0.18973931795170626,0.03204266878350484,0.36903391028128585,0.0,0.0,0.0,0.0,0.0,78543.0,-19726.0,5239645696.0,102759.0,1.61,572.0,14368.0,3510.0,0.16,5,0.008,0.2727272727272727,0.4371333086533227,0.0,0.18973931795170626,5,ssdp
1707016,216823491,475818,1178828,52370,316358,573729,66319,924912,302151,0.403636493194936,0.1853280812833623,3.061091970571006,127.0190150531688,0,0,0,0,0,66395,108,0,0,0,302151,5,0,0,0,0,0,0,0,0,0,0,0.0,0.0,0.0,0.0,0.0,2.0010373378368977,201608,114745,4,1.7570090200008714,0.11810551277785328,0.06721963941755672,0.03885083678184621,0.0,0.0,0.17700537077566936,0.030679267212492443,0.33610054035814546,0.0,0.0,0.0,0.0,0.0,139509.0,0.0,5387076096.0,102759.0,1.61,540.0,15840.0,3533.0,0.15,5,0.008,0.2727272727272727,0.4386745144362382,0.0,0.17700537077566936,5,ssdp
1805171,216046161,492226,1260263,52792,335491,633984,65349,972573,319211,0.390574030976074,0.18584998318718837,3.0468028983963586,119.68182571069444,0,0,0,0,0,60996,108,0,0,0,299356,3,0,0,0,0,0,0,0,0,0,0,0.0,0.0,0.0,0.0,0.0,1.998742932720091,208695,126801,4,1.6458466415880002,0.11560954613164072,0.07024320687624608,0.036201002564300006,0.0,0.0,0.1658324889996571,0.029244874862270665,0.35120440113429696,0.0,0.0,0.0,0.0,0.0,139259.0,120.0,5410063360.0,102541.0,1.61,527.0,1984.0,3555.0,0.15,5,0.008,0.18181818181818182,0.43335725956290866,0.0,0.1658324889996571,5,ssdp
1912529,243228550,540243,1312183,59744,351381,650664,77497,1031029,338777,0.4117131528148132,0.1837258415427949,3.0433854718590694,127.17639837095281,0,0,0,0,0,73449,108,0,0,0,318922,7,0,0,0,0,0,0,0,0,0,0,0.0,0.0,0.0,0.0,0.0,2.000005691843588,221248,130131,4,1.7001944194696115,0.11568347460352235,0.06804132120349547,0.04052069275812288,0.0,0.0,0.1667540727487008,0.031238219132886352,0.34021131182847425,0.0,0.0,0.0,0.0,0.0,139133.0,-60779.0,5521668096.0,102336.0,1.61,486.0,3872.0,3579.0,0.14,5,0.008,0.18181818181818182,0.4354517239600776,0.0,0.1667540727487008,5,ssdp
1797927,228740071,497603,1243915,56409,334991,598110,65878,978016,319092,0.40002974479767506,0.18632069043960073,3.064996928785429,127.22433725062253,0,0,0,0,0,65776,108,0,0,0,319092,2,0,0,0,0,0,0,0,0,0,0,0.0,0.0,0.0,0.0,0.0,1.9994807179223941,215366,119637,4,1.800162157192173,0.11978573101132582,0.06654163378157178,0.036641087207656374,0.0,0.0,0.17747772851734248,0.03137446626030979,0.3326664541997534,0.0,0.0,0.0,0.0,0.0,159515.0,20426.0,5055669248.0,102535.0,1.81,491.0,5664.0,3600.0,0.14,5,0.008,0.2727272727272727,0.43957670233986873,0.0,0.17747772851734248,5,ssdp
1918057,243512258,541544,1318010,58503,351110,662236,80358,1029146,338747,0.41088003884644275,0.1830550395530477,3.0380962783434247,126.9577796697387,0,0,0,0,0,80320,108,0,0,0,338747,5,0,0,0,0,0,0,0,0,0,0,0.0,0.0,0.0,0.0,0.0,1.9998405185425674,218665,132441,4,1.6510370655612687,0.1140033898888302,0.06904956422045852,0.04189552239584121,0.0,0.0,0.1766094542550091,0.030501179057765226,0.3452639832914246,0.0,0.0,0.0,0.0,0.0,158927.0,19663.0,5198704128.0,102931.0,1.79,455.0,6944.0,3627.0,0.13,5,0.008,0.2727272727272727,0.43642860175812676,0.0,0.1766094542550091,5,ssdp
1806650,229569305,500231,1252117,54302,335953,610456,68838,978772,319901,0.39950819292446316,0.1859535604571998,3.0596090665549656,127.06905322004816,0,0,0,0,0,68840,108,0,0,0,319901,5,0,0,0,0,0,0,0,0,0,0,0.0,0.0,0.0,0.0,0.0,1.999708335069434,213860,122093,4,1.7516155717362993,0.11837378573603077,0.06757977472116901,0.03810256552182216,0.0,0.0,0.17706860764398197,0.030056734840727312,0.3378938920100739,0.0,0.0,0.0,0.0,0.0,139360.0,20090.0,5058487808.0,103124.0,1.8,461.0,8800.0,3643.0,0.13,5,0.009000000000000001,0.2727272727272727,0.43844606132072783,0.0,0.17706860764398197,5,ssdp
1582980,201275838,437559,1097170,48251,294585,533582,59457,858883,279808,0.39880693055770755,0.18609521282644126,3.0695441159652335,127.14995641132548,0,0,0,0,0,59454,108,0,0,0,279808,4,0,0,0,0,0,0,0,0,0,0,0.0,0.0,0.0,0.0,0.0,2.000020367843249,187866,106716,4,1.7604295513325088,0.11867869461395596,0.06741462305272335,0.03756017132244248,0.0,0.0,0.17676028755890788,0.030481117891571593,0.337074378703458,0.0,0.0,0.0,0.0,0.0,119821.0,48.0,5195041280.0,102719.0,1.61,417.0,10048.0,3667.0,0.11,5,0.008,0.2727272727272727,0.4385664098542672,0.0,0.17676028755890788,5,ssdp
1921067,229493473,498504,1333165,54286,336913,608646,67609,1043198,339588,0.3739252080575173,0.17537805813123644,3.0719518946488096,119.46146230193949,0,0,0,0,0,71963,108,0,0,0,319387,6,0,0,0,0,0,0,0,0,0,0,0.0,0.0,0.0,0.0,0.0,2.0017408353633175,215186,121731,4,1.7677173439797587,0.11201379233519705,0.06336634797224668,0.035193462799579606,0.0,0.0,0.16625500307901805,0.02825825439716574,0.316827054964767,0.0,0.0,0.0,0.0,0.0,119213.0,13.0,5498460672.0,102112.0,1.62,424.0,11392.0,3690.0,0.11,5,0.009000000000000001,0.2727272727272727,0.4386690114629577,0.0,0.16625500307901805,5,ssdp
2147046,244162279,534790,1481945,61065,354371,646492,72764,1163576,380058,0.3608703426915304,0.16505049263033955,3.0615748122654964,113.72009682140019,0,0,0,0,0,72774,108,0,0,0,319539,5,0,0,0,0,0,0,0,0,0,0,0.0,0.0,0.0,0.0,0.0,1.999012822031556,225070,129292,4,1.7407882931658571,0.10482774938217439,0.06021855144230724,0.033890284604987504,0.0,0.0,0.14882727244781901,0.02844140274591229,0.3011076614101421,0.0,0.0,0.0,0.0,0.0,159494.0,-146.0,4802508288.0,102109.0,1.81,408.0,12992.0,3713.0,0.11,5,0.009000000000000001,0.18181818181818182,0.4362240899194858,0.0,0.14882727244781901,5,ssdp
1574179,200524240,440908,1083124,50147,290151,531727,60048,851673,279634,0.407070658576488,0.1843189370459141,3.0456704120385933,127.38337889147296,0,0,0,0,0,60041,108,0,0,0,279634,3,0,0,0,0,0,0,0,0,0,0,0.0,0.0,0.0,0.0,0.0,2.0000206791017,183802,106346,4,1.7283395708348221,0.11676054629111429,0.06755648499948227,0.03814559843575604,0.0,0.0,0.1776379941544132,0.03185597063612207,0.3377805192420938,0.0,0.0,0.0,0.0,0.0,139382.0,-19532.0,4947805696.0,101920.0,1.62,404.0,14560.0,3736.0,0.11,5,0.009000000000000001,0.2727272727272727,0.43830521912141607,0.0,0.1776379941544132,5,ssdp
1929880,245695593,505916,1333344,56557,336178,658848,73052,1044356,341868,0.37943396452828376,0.17419632308744584,3.054851580142043,127.31133179265032,0,0,0,0,0,72994,108,0,0,0,341868,7,0,0,0,0,0,0,0,0,0,0,0.0,0.0,0.0,0.0,0.0,2.000892782744295,224815,131771,4,1.706103770935942,0.1164916989657388,0.06827937488341244,0.037853130764607126,0.0,0.0,0.1771446929342757,0.0293059672103965,0.3413932472485336,0.0,0.0,0.0,0.0,0.0,119322.0,-20044.0,4950368768.0,101526.0,1.63,368.0,16096.0,3761.0,0.1,5,0.008,0.2727272727272727,0.4356222988129438,0.0,0.1771446929342757,5,ssdp
1582333,201304003,439063,1095769,47501,293101,541356,61069,855057,279373,0.4006893788745621,0.1852334495962607,3.060628621949866,127.21974641241762,0,0,0,0,0,61067,108,0,0,0,279373,4,0,0,0,0,0,0,0,0,0,0,0.0,0.0,0.0,0.0,0.0,2.0001023590345497,184812,108259,4,1.707128275709179,0.11679715963706755,0.06841733061245642,0.038594278195550495,0.0,0.0,0.17655765252952443,0.030019597644743552,0.34212520373398014,0.0,0.0,0.0,0.0,0.0,138521.0,-655.0,4952005120.0,101502.0,1.62,366.0,1984.0,3786.0,0.1,5,0.009000000000000001,0.2727272727272727,0.4374107554168269,0.0,0.17655765252952443,5,ssdp
1689510,214863901,474554,1160838,54054,312060,561816,65453,916371,299579,0.40880295097162567,0.1847044409325781,3.058862603854075,127.17527626353203,0,0,0,0,0,65431,108,0,0,0,299407,3,0,0,0,0,0,0,0,0,0,0,0.0,0.0,0.0,0.0,0.0,1.9996539725869393,199700,112375,4,1.7770856507230255,0.11819995146521772,0.06651336778119099,0.038740818343780146,0.0,0.0,0.1772152872726412,0.03199389172008452,0.33253191753822114,0.0,0.0,0.0,0.0,0.0,139535.0,163.0,4948421632.0,101495.0,1.63,324.0,3744.0,3809.0,0.09,5,0.008,0.2727272727272727,0.43929350290180175,0.0,0.1772152872726412,5,ssdp
1814708,245578064,526923,1268291,55595,358466,676974,71862,976877,320121,0.4154590705129974,0.19753370790231817,3.0515867437625146,135.3264899917783,0,0,0,0,0,72078,108,0,0,0,340497,3,0,0,0,0,0,0,0,0,0,0,0.0,0.0,0.0,0.0,0.0,2.0017087335269155,223066,135377,4,1.6477392762433796,0.12292115315521836,0.07459988053174395,0.03959975930011881,0.0,0.0,0.18763183939234301,0.03063578272647721,0.3730484463616185,0.0,0.0,0.0,0.0,0.0,139501.0,-20042.0,5085433344.0,101495.0,1.63,304.0,5184.0,3834.0,0.08,5,0.008,0.18181818181818182,0.43578375772081995,0.0,0.18763183939234301,5,ssdp
1695601,201254640,469925,1174651,51025,313893,541803,60641,915011,300023,0.4000549950581066,0.1851219715015502,3.0498028484482855,118.6922159163624,0,0,0,0,0,60633,108,0,0,0,300023,9,0,0,0,0,0,0,0,0,0,0,0.0,0.0,0.0,0.0,0.0,1.9999681425176332,184277,108362,4,1.7005684649600414,0.10867945937753044,0.06390772357411914,0.035763720356381014,0.0,0.0,0.17694198104388945,0.030092574845143404,0.31953448954087665,0.0,0.0,0.0,0.0,0.0,139413.0,0.0,5065511936.0,101494.0,1.63,285.0,6592.0,3859.0,0.07,5,0.006999999999999999,0.2727272727272727,0.44174668439209,0.0,0.17694198104388945,5,ssdp
1921265,215483496,477949,1319914,53070,311568,575498,68931,1036783,339710,0.3621061675230356,0.162168154835486,3.051964911247829,112.15709233239558,0,0,0,0,0,68906,108,0,0,0,299608,6,0,0,0,0,0,0,0,0,0,0,0.0,0.0,0.0,0.0,0.0,2.0011175552515463,196476,115097,4,1.7070470994031122,0.10226387302116054,0.05990688426635576,0.03587792418016255,0.0,0.0,0.15594308957900133,0.027622425849635528,0.29954118770705757,0.0,0.0,0.0,0.0,0.0,139520.0,-46.0,5046531584.0,101290.0,1.63,312.0,8192.0,3879.0,0.08,5,0.008,0.2727272727272727,0.4377130437921749,0.0,0.15594308957900133,5,ssdp
1692271,215334060,475131,1164140,53000,311769,572290,66112,914218,300076,0.40813905544006734,0.18423113082951845,3.046621522547621,127.24561255259944,0,0,0,0,0,66172,108,0,0,0,300076,6,0,0,0,0,0,0,0,0,0,0,0.0,0.0,0.0,0.0,0.0,1.9990702565450733,197315,114465,4,1.7238020355567203,0.11659775532405861,0.0676398756463947,0.03906702886239852,0.0,0.0,0.1773214810157475,0.03131886086802882,0.33817869596536254,0.0,0.0,0.0,0.0,0.0,159780.0,21019.0,4765384704.0,101292.0,1.83,277.0,9824.0,3907.0,0.07,5,0.008,0.2727272727272727,0.4381531531188335,0.0,0.1773214810157475,5,ssdp
1693412,215232239,461487,1181515,50410,318277,566646,60084,922860,299718,0.39058920115275725,0.1879501267263962,3.0790943486877667,127.0997483187789,0,0,0,0,0,60173,108,0,0,0,279808,3,0,0,0,0,0,0,0,0,0,0,0.0,0.0,0.0,0.0,0.0,2.0002325289089997,204943,113332,4,1.8083418628454453,0.12102370834740749,0.06692523733149405,0.035481028834093535,0.0,0.0,0.16523326869066712,0.02976830210250075,0.33461791932500773,0.0,0.0,0.0,0.0,0.0,159814.0,20249.0,4791075328.0,101697.0,1.82,286.0,11392.0,3929.0,0.07,5,0.008,0.18181818181818182,0.4369033134997867,0.0,0.16523326869066712,5,ssdp
1694984,214946670,472519,1172125,50340,314663,571402,67410,917493,299227,0.4031302122213928,0.18564364029394967,3.0662106026528355,126.81339174883067,0,0,0,0,0,67472,108,0,0,0,299227,3,0,0,0,0,0,0,0,0,0,0,0.0,0.0,0.0,0.0,0.0,1.9994598853686123,200386,114276,4,1.7535265497567294,0.11822294487735577,0.06742010544052333,0.03977028691716264,0.0,0.0,0.17653676966862225,0.02969939539252288,0.33711350667616924,0.0,0.0,0.0,0.0,0.0,119118.0,-56.0,5073212928.0,101900.0,1.62,262.0,12928.0,3954.0,0.07,5,0.008,0.2727272727272727,0.43844187637192206,0.0,0.17653676966862225,5,ssdp
1688203,215029741,472479,1161943,53788,311186,571202,64438,913521,299364,0.40662838022174924,0.18432972811918946,3.0515392632380647,127.37196948471244,0,0,0,0,0,64448,108,0,0,0,299364,1,0,0,0,0,0,0,0,0,0,0,0.0,0.0,0.0,0.0,0.0,2.000462852844938,196954,114245,4,1.7239616613418531,0.11666487975675911,0.06767254885816457,0.038169580317059026,0.0,0.0,0.17732701576765353,0.03186109727325446,0.3383491203368315,0.0,0.0,0.0,0.0,0.0,139763.0,20643.0,4791863296.0,101700.0,1.83,263.0,14304.0,3977.0,0.07,5,0.008,0.2727272727272727,0.43813803205223484,0.0,0.17732701576765353,5,ssdp
1818603,245759616,534503,1260657,58830,359599,651081,72472,987593,321778,0.42398765088362655,0.1977336450011355,3.0691750212879687,135.136484433381,0,0,0,0,0,72326,108,0,0,0,342021,3,0,0,0,0,0,0,0,0,0,0,0.0,0.0,0.0,0.0,0.0,2.0013412808397195,229373,130219,4,1.7614403428071173,0.12612593292763732,0.07160386296514412,0.03985036866209943,0.0,0.0,0.18806798405149447,0.0323490063526784,0.35801161660901254,0.0,0.0,0.0,0.0,0.0,159573.0,20253.0,4810990080.0,101507.0,1.83,302.0,15488.0,4001.0,0.08,5,0.009000000000000001,0.2727272727272727,0.4386381691324866,0.0,0.18806798405149447,5,ssdp
1685340,214708155,471283,1161014,53043,311094,569383,64065,912524,299117,0.405923615046847,0.18458827298942646,3.0507259701053435,127.39753106198155,0,0,0,0,0,63937,108,0,0,0,299117,5,0,0,0,0,0,0,0,0,0,0,0.0,0.0,0.0,0.0,0.0,2.000192886351362,197201,113876,4,1.7317169552846956,0.11700962417079046,0.0675685618332206,0.03801310121399836,0.0,0.0,0.17748169508823144,0.03147317455231585,0.3378445892223528,0.0,0.0,0.0,0.0,0.0,118268.0,-20885.0,4957182464.0,101491.0,1.62,287.0,2176.0,4022.0,0.07,5,0.009000000000000001,0.2727272727272727,0.4383083755009225,0.0,0.17748169508823144,5,ssdp
1806510,230050803,502127,1249112,55271,334172,616430,68573,977314,319581,0.4019871716867663,0.18498209254308032,3.0581104633879987,127.34543567431125,0,0,0,0,0,68577,108,0,0,0,319581,5,0,0,0,0,0,0,0,0,0,0,0.0,0.0,0.0,0.0,0.0,2.0009221059942877,210884,123281,4,1.7105961178121527,0.1167355840820145,0.0682426335863073,0.03795882668792312,0.0,0.0,0.17690519288572995,0.03059545753967595,0.34122700676995976,0.0,0.0,0.0,0.0,0.0,118978.0,-20463.0,4958591488.0,101483.0,1.63,258.0,3552.0,4041.0,0.06,5,0.008,0.2727272727272727,0.437610646526033,0.0,0.17690519288572995,5,ssdp
1583087,215804352,477803,1088350,52061,312691,577368,68812,854023,279808,0.43901594156291635,0.19751978255143274,3.0521750629002744,136.3186937925711,0,0,0,0,0,68613,108,0,0,0,299492,11,0,0,0,0,0,0,0,0,0,0,0.0,0.0,0.0,0.0,0.0,2.0011839772676363,197212,115487,4,1.7076554071020982,0.12457432851131997,0.07295050745789713,0.04346697307223166,0.0,0.0,0.18918227488445044,0.03288574790899047,0.3647102149155416,0.0,0.0,0.0,0.0,0.0,139459.0,-5.0,4955886080.0,101483.0,1.63,259.0,5120.0,4067.0,0.06,5,0.009000000000000001,0.2727272727272727,0.43759879631030835,0.0,0.18918227488445044,5,ssdp
1690179,215471110,459560,1181291,49328,315734,585318,60033,914092,299422,0.3890319997358822,0.18680506620896367,3.0528551676229534,127.48419546095414,0,0,0,0,0,59942,108,0,0,0,299422,3,0,0,0,0,0,0,0,0,0,0,0.0,0.0,0.0,0.0,0.0,1.9996073414482767,198671,117060,4,1.697172390227234,0.1175443547695244,0.06925893647950898,0.03551872316482455,0.0,0.0,0.17715401741472353,0.02918507448027694,0.34630533215712656,0.0,0.0,0.0,0.0,0.0,139380.0,-20752.0,4954489856.0,101482.0,1.63,245.0,6592.0,4092.0,0.06,5,0.008,0.18181818181818182,0.43698564922825545,0.0,0.17715401741472353,5,ssdp
1582563,201260141,441320,1092912,48331,291978,542447,62070,853516,279808,0.4038019529477213,0.18449692050174304,3.0503631061299177,127.17354127450218,0,0,0,0,0,62080,108,0,0,0,279808,7,0,0,0,0,0,0,0,0,0,0,0.0,0.0,0.0,0.0,0.0,1.9998767106398718,183491,108488,4,1.6913483518914534,0.11594546315059812,0.06855208923752167,0.03922118740296595,0.0,0.0,0.17680686329706938,0.030539700473219706,0.3427648693922454,0.0,0.0,0.0,0.0,0.0,179656.0,20061.0,4715966464.0,101885.0,2.02,233.0,8128.0,4115.0,0.06,5,0.008,0.2727272727272727,0.437209874703958,0.0,0.17680686329706938,5,ssdp
1586468,201817716,439752,1098810,47906,293796,543590,61172,857238,279808,0.400207497201518,0.18518873371539799,3.06366508462946,127.21196771696624,0,0,0,0,0,61158,108,0,0,0,279808,5,0,0,0,0,0,0,0,0,0,0,0.0,0.0,0.0,0.0,0.0,1.9999727705922397,185083,108729,4,1.7022413523530981,0.11666355703361177,0.06853526197818047,0.03855860943933316,0.0,0.0,0.17637166334272106,0.030196638066446974,0.3426416416845471,0.0,0.0,0.0,0.0,0.0,139393.0,629.0,5176929792.0,102289.0,1.61,221.0,9728.0,4140.0,0.05,5,0.008,0.2727272727272727,0.43726598951393586,0.0,0.17637166334272106,5,ssdp
1808126,244034806,506309,1246753,55069,333405,654070,76348,976668,319289,0.4061020907910388,0.18439256998682613,3.058883957793723,134.96559753026062,0,0,0,0,0,76300,108,0,0,0,319309,6,0,0,0,0,0,0,0,0,0,0,0.0,0.0,0.0,0.0,0.0,2.0016870594733494,223321,130803,4,1.7073079363623158,0.12350964479245362,0.07234175051959875,0.04222493343937314,0.0,0.0,0.17659665310935188,0.030456395184848842,0.3617391708321212,0.0,0.0,0.0,0.0,0.0,138882.0,40101.0,4937496576.0,102689.0,2.0,222.0,11200.0,4165.0,0.05,5,0.008,0.18181818181818182,0.4333984612917119,0.0,0.17659665310935188,5,ssdp
1808964,229405628,537370,1247167,59556,354865,609484,71141,977777,320025,0.43087252950086075,0.19617029415731876,3.0553144285602687,126.81602729518112,0,0,0,0,0,71062,108,0,0,0,319620,6,0,0,0,0,0,0,0,0,0,0,0.0,0.0,0.0,0.0,0.0,1.9997351456135606,211842,121888,4,1.7380053819900236,0.1171068080956835,0.06738000313991876,0.03932692966803098,0.0,0.0,0.17668676656915228,0.03292271156308252,0.3369243390139328,0.0,0.0,0.0,0.0,0.0,139339.0,61.0,5111116800.0,103089.0,1.6,218.0,12640.0,4193.0,0.05,5,0.008,0.18181818181818182,0.4400803363908651,0.0,0.17668676656915228,5,ssdp
1758069,238345657,551698,1218235,60154,369630,633893,70813,952936,311560,0.4528666472396541,0.21024772065260236,3.058595455129028,135.57241325567995,0,0,0,0,0,70787,108,0,0,0,332339,4,0,0,0,0,0,0,0,0,0,0,0.0,0.0,0.0,0.0,0.0,1.999772771538012,221724,126782,4,1.7488602483002318,0.1261179168735698,0.0721143481854239,0.040278851398892764,0.0,0.0,0.18903638025583752,0.03421594943088127,0.360562071227011,0.0,0.0,0.0,0.0,0.0,-119091.0,20302.0,5111437312.0,103091.0,0.45,203.0,13312.0,4204.0,0.05,5,0.008,0.18181818181818182,0.4401115538812962,0.0,0.18903638025583752,5,ssdp
1896032,214022550,469064,1306846,53274,309594,567425,62794,1026731,337478,0.35892828994388015,0.16328521881487232,3.0423642430025066,112.8791866382002,0,0,0,0,0,62859,108,0,0,0,298740,5,0,0,0,0,0,0,0,0,0,0,0.0,0.0,0.0,0.0,0.0,2.0004393815059154,196109,113485,4,1.7280609772216593,0.1034312712021738,0.05985394761269852,0.03311863934785911,0.0,0.0,0.1575606318880694,0.028097627044269297,0.2992697380634926,0.0,0.0,0.0,0.0,0.0,-20710.0,118172.0,4949897728.0,102096.0,1.81,6823.0,15808.0,4244.0,1.61,5,0.008,0.2727272727272727,0.4383392287906767,0.0,0.1575606318880694,5,ssdp
1591585,201848740,460141,1117329,48216,322365,528386,55567,869344,281856,0.41182230122014196,0.2025433765711539,3.084355131698456,126.82246942513281,0,0,0,0,0,55568,108,0,0,0,281856,5,0,0,0,0,0,0,0,0,0,0,0.0,0.0,0.0,0.0,0.0,1.9992991769981208,196321,105671,4,1.8578512553112965,0.1233493655695423,0.06639356364881549,0.03491299553589661,0.0,0.0,0.17709139002943605,0.03029432923783524,0.331987295683234,0.0,0.0,0.0,0.0,0.0,42202.0,181541.0,4851833344.0,102668.0,2.02,4045.0,1088.0,4261.0,0.95,5,0.008,0.18181818181818182,0.44183869618779675,0.0,0.17709139002943605,5,ssdp
1804266,229845763,513874,1231069,59163,328825,613480,73400,971167,320198,0.41742095690818304,0.182248626311198,3.0330201937551142,127.39017583881756,0,0,0,0,0,73456,108,0,0,0,319993,5,0,0,0,0,0,0,0,0,0,0,0.0,0.0,0.0,0.0,0.0,1.9971029632373931,206132,122702,4,1.679940017277632,0.11424701235848816,0.06800660213072796,0.04068136294759198,0.0,0.0,0.17735356094943872,0.03279061956496437,0.3400163833935794,0.0,0.0,0.0,0.0,0.0,119715.0,99295.0,5207345664.0,103089.0,1.6,2710.0,2720.0,4282.0,0.63,5,0.008,0.2727272727272727,0.437460120957325,0.0,0.17735356094943872,5,ssdp
2030885,215051969,466634,1408481,49890,316232,569457,63258,1101055,360406,0.3313030136721759,0.15571142629937196,3.0550407040948264,105.89076634078246,0,0,0,0,0,63214,108,0,0,0,300172,3,0,0,0,0,0,0,0,0,0,0,0.0,0.0,0.0,0.0,0.0,1.999886166007905,202345,113894,4,1.7766080741742323,0.09963390344603461,0.056080969626542125,0.031147997055470892,0.0,0.0,0.14780354377525068,0.02456564502667556,0.2803984469824732,0.0,0.0,0.0,0.0,0.0,118924.0,158994.0,5073238016.0,103284.0,1.79,2170.0,4384.0,4300.0,0.5,5,0.008,0.2727272727272727,0.4389186535603225,0.0,0.14780354377525068,5,ssdp
2140923,272038266,597400,1474113,68265,394123,718694,81127,1158395,381073,0.40526065505154624,0.18409022650511017,3.0398243906023255,127.06588046370653,0,0,0,0,0,81222,108,0,0,0,400246,8,0,0,0,0,0,0,0,0,0,0,0.0,0.0,0.0,0.0,0.0,1.9977950009884478,250375,143737,4,1.7418966584804192,0.11694722323035439,0.06713786530388996,0.03789346931206774,0.0,0.0,0.18695020792433917,0.031885780105122885,0.33569353031379456,0.0,0.0,0.0,0.0,0.0,159228.0,138998.0,5070601216.0,103786.0,1.78,1774.0,5824.0,4325.0,0.41,5,0.008,0.2727272727272727,0.4402976337999934,0.0,0.18695020792433917,5,ssdp
1580123,201169783,437817,1093686,48620,292718,538764,59516,854620,279808,0.40031325261546735,0.18525013559071035,3.054308668801464,127.31273641355767,0,0,0,0,0,59518,108,0,0,0,279808,5,0,0,0,0,0,0,0,0,0,0,0.0,0.0,0.0,0.0,0.0,2.000040995927738,184966,107757,4,1.7165102963148566,0.11705797586643571,0.06819532403490108,0.037665422248774304,0.0,0.0,0.17707988555321327,0.03076975653161178,0.3409633300698743,0.0,0.0,0.0,0.0,0.0,119819.0,-19222.0,5205952512.0,103985.0,1.59,1455.0,7392.0,4342.0,0.33,5,0.008,0.2727272727272727,0.4377411486471067,0.0,0.17707988555321327,5,ssdp
1691503,201113435,437951,1172004,47172,292786,541915,60285,913695,299308,0.37367705229674986,0.17309221443887476,3.0526915418231386,118.89629223241106,0,0,0,0,0,60270,108,0,0,0,279808,10,0,0,0,0,0,0,0,0,0,0,0.0,0.0,0.0,0.0,0.0,1.9999590152736413,184403,108382,4,1.7014172094997324,0.10901724679175857,0.06407437645691436,0.03563990131853151,0.0,0.0,0.16541974799926457,0.02788762420167153,0.320374838235581,0.0,0.0,0.0,0.0,0.0,159376.0,-2216.0,4889942528.0,104387.0,1.96,1299.0,9024.0,4364.0,0.3,5,0.008,0.2727272727272727,0.4373627144913376,0.0,0.16541974799926457,5,ssdp
1692763,215575329,464531,1178044,50188,314677,585237,62428,914214,299757,0.3943239811076666,0.18589548566456143,3.0498503788068336,127.35115843151108,0,0,0,0,0,62488,108,0,0,0,299757,7,0,0,0,0,0,0,0,0,0,0,0.0,0.0,0.0,0.0,0.0,2.0005022282404847,197628,117043,4,1.688507642490367,0.11674877109199575,0.06914317007165209,0.036879350505652594,0.0,0.0,0.17708149339275492,0.029648568641918567,0.34572884686161026,0.0,0.0,0.0,0.0,0.0,159276.0,20049.0,5060635136.0,104988.0,1.76,1111.0,10560.0,4392.0,0.25,5,0.008,0.18181818181818182,0.43692830152271606,0.0,0.17708149339275492,5,ssdp
1810509,230018872,509816,1244732,55724,333174,614108,73221,976663,320412,0.40957892944023294,0.18402228323637165,3.0481473852415015,127.04652227633224,0,0,0,0,0,73297,108,0,0,0,320255,3,0,0,0,0,0,0,0,0,0,0,0.0,0.0,0.0,0.0,0.0,1.9985603483956882,210351,122830,4,1.7125376536676709,0.11618334954424418,0.0678428000081745,0.04044221818284251,0.0,0.0,0.17688672080613793,0.030778085057848372,0.3391908021445903,0.0,0.0,0.0,0.0,0.0,140103.0,21154.0,4884194304.0,105595.0,1.95,1180.0,12128.0,4417.0,0.27,5,0.009000000000000001,0.2727272727272727,0.4378381468596432,0.0,0.17688672080613793,5,ssdp
1807142,201470500,435318,1254295,47242,294917,540349,58857,977330,319591,0.3470618953276542,0.16319525527047682,3.0580648391225034,111.48570505250832,0,0,0,0,0,58856,108,0,0,0,279808,8,0,0,0,0,0,0,0,0,0,0,0.0,0.0,0.0,0.0,0.0,1.999952530143359,186851,108058,4,1.729173221788299,0.10339585931819414,0.0597949690727126,0.03256910635688839,0.0,0.0,0.1548345398424695,0.026141830581105415,0.29900749360039225,0.0,0.0,0.0,0.0,0.0,119493.0,-19919.0,5199258624.0,106003.0,1.56,1011.0,13632.0,4438.0,0.23,5,0.009000000000000001,0.2727272727272727,0.43778046120661285,0.0,0.1548345398424695,5,ssdp
1582517,201375827,441918,1092544,48055,291407,545915,62428,851951,280063,0.4044853113467284,0.18414146577888263,3.0419976933761332,127.25034043868091,0,0,0,0,0,62426,108,0,0,0,280063,4,0,0,0,0,0,0,0,0,0,0,0.0,0.0,0.0,0.0,0.0,2.000061771185801,182217,109184,4,1.6688983733880423,0.1151437867650079,0.06899388758540982,0.03944854936787409,0.0,0.0,0.17697313836123088,0.030366182480188207,0.3449662784033284,0.0,0.0,0.0,0.0,0.0,98620.0,0.0,5271981568.0,105809.0,1.56,821.0,14912.0,4464.0,0.18,5,0.008,0.2727272727272727,0.4367516488404187,0.0,0.17697313836123088,5,ssdp
1569340,185288705,433241,1087807,48292,291645,493119,53386,850802,278007,0.39827009754487697,0.18583927001159722,3.0603617894513446,118.0679170861636,0,0,0,0,0,53385,108,0,0,0,257806,3,0,0,0,0,0,0,0,0,0,0,0.0,0.0,0.0,0.0,0.0,2.000075437020375,172158,98625,4,1.7455817490494296,0.10970089336918705,0.06284489020862273,0.03401812226795978,0.0,0.0,0.1642767023079766,0.03077217174098666,0.314220627779831,0.0,0.0,0.0,0.0,0.0,143856.0,-35634.0,5422121472.0,105410.0,1.61,848.0,1184.0,4484.0,0.19,5,0.009000000000000001,0.18181818181818182,0.440380471256569,0.0,0.1642767023079766,5,ssdp
1583302,201179954,443942,1091193,48167,292147,536950,63145,855315,279937,0.4068409529753215,0.18451754624196773,3.0553838899466665,127.06353809949081,0,0,0,0,0,63136,108,0,0,0,279937,6,0,0,0,0,0,0,0,0,0,0,0.0,0.0,0.0,0.0,0.0,1.9999794626048264,184758,107404,4,1.7202152620014153,0.11669157242269637,0.06783544769096483,0.03988184187223916,0.0,0.0,0.17680581468349058,0.03042186519059535,0.339133027053588,0.0,0.0,0.0,0.0,0.0,183522.0,24182.0,4850828800.0,105292.0,1.99,742.0,2784.0,4509.0,0.16,5,0.008,0.2727272727272727,0.43791769606316816,0.0,0.17680581468349058,5,ssdp
1908264,228173009,502754,1311468,58724,333278,582911,66992,1040689,339069,0.3833520909393138,0.1746498388063706,3.0692543405619506,119.57098650920418,0,0,0,0,0,71388,108,0,0,0,359282,7,0,0,0,0,0,0,0,0,0,0,0.0,0.0,0.0,0.0,0.0,2.00078043392126,216689,116582,4,1.8586831586351238,0.11355294655246863,0.06109322399835662,0.03510625364205372,0.0,0.0,0.1882768841208554,0.0307735198064838,0.3054666440282896,0.0,0.0,0.0,0.0,0.0,165120.0,-14929.0,5138499584.0,105586.0,1.81,691.0,4288.0,4533.0,0.15,5,0.008,0.2727272727272727,0.4443197417208192,0.0,0.1882768841208554,5,ssdp
1818945,216460842,473037,1261784,48806,315099,596001,69268,977019,320083,0.37489538621507323,0.17323173597882288,3.052392660653643,119.00351137609988,0,0,0,0,0,69172,108,0,0,0,320083,4,0,0,0,0,0,0,0,0,0,0,0.0,0.0,0.0,0.0,0.0,1.9996636543636086,195904,119199,4,1.6435037206687975,0.10770199208882071,0.06553194296693962,0.03808141532591695,0.0,0.0,0.17597178584289244,0.02683203725236332,0.32766301345010435,0.0,0.0,0.0,0.0,0.0,121082.0,25748.0,5146186752.0,105905.0,1.8,665.0,5952.0,4554.0,0.15,5,0.008,0.2727272727272727,0.43797898375000716,0.0,0.17597178584289244,5,ssdp
1696017,215534274,467642,1177631,50744,316262,572617,63532,919560,300135,0.39710401645337123,0.18647336671743267,3.0638212804238094,127.08261414832516,0,0,0,0,0,63539,108,0,0,0,300135,6,0,0,0,0,0,0,0,0,0,0,0.0,0.0,0.0,0.0,0.0,1.9993298943003086,201738,114524,4,1.7615347001501869,0.1189481001664488,0.06752526655098387,0.037459530181596055,0.0,0.0,0.17696461768956326,0.029919511419991662,0.337624563904725,0.0,0.0,0.0,0.0,0.0,179297.0,65633.0,4806534144.0,106622.0,2.16,643.0,7392.0,4581.0,0.14,5,0.009000000000000001,0.2727272727272727,0.43856222288691743,0.0,0.17696461768956326,5,ssdp
1695790,215466378,435712,1177937,47279,295031,571566,63163,920810,300057,0.3698941454424133,0.17397849969630674,3.0687835977830877,127.05958756685675,0,0,0,0,0,58956,108,0,0,0,300057,9,0,0,0,0,0,0,0,0,0,0,0.0,0.0,0.0,0.0,0.0,1.999911877550467,202132,114313,4,1.7682328344107845,0.11919636275718101,0.06740987976105532,0.037246946850730336,0.0,0.0,0.17694231007377093,0.027880221017932645,0.33704998850093465,0.0,0.0,0.0,0.0,0.0,139520.0,21504.0,5406849024.0,107537.0,1.78,589.0,8992.0,4606.0,0.13,5,0.008,0.2727272727272727,0.43641893707671603,0.0,0.17694231007377093,5,ssdp
1907175,257500022,570533,1304165,66944,369207,683174,77766,1030856,339339,0.4374699520382774,0.1935884226670337,3.037835321021162,135.01646256898292,0,0,0,0,0,77587,108,0,0,0,358996,10,0,0,0,0,0,0,0,0,0,0,0.0,0.0,0.0,0.0,0.0,2.001859764032272,232574,136638,4,1.7021180052401235,0.12194685857354465,0.07164418577214991,0.040775492547878406,0.0,0.0,0.1882344305058529,0.03510113125434215,0.3582125394890348,0.0,0.0,0.0,0.0,0.0,119816.0,1877.0,5136336896.0,107648.0,1.96,541.0,10944.0,4629.0,0.12,5,0.008,0.2727272727272727,0.4379750098690548,0.0,0.1882344305058529,5,ssdp
1576744,200508268,469063,1090421,52548,313046,529633,59329,855109,279814,0.4301668804984497,0.19853952195156602,3.055990765294088,127.16602568330687,0,0,0,0,0,59332,108,0,0,0,279814,6,0,0,0,0,0,0,0,0,0,0,0.0,0.0,0.0,0.0,0.0,1.999782803117414,186931,105924,4,1.7647653034250972,0.11855507298584932,0.06717894597981663,0.03762754131298422,0.0,0.0,0.17746317728179084,0.03332690658724562,0.3359029747378141,0.0,0.0,0.0,0.0,0.0,139517.0,-3.0,5429621248.0,107760.0,1.77,529.0,12192.0,4649.0,0.11,5,0.008,0.18181818181818182,0.4407302229756073,0.0,0.17746317728179084,5,ssdp
1802201,215411217,471110,1244651,52391,313490,569808,64032,976052,319849,0.37850771019345986,0.17394841085983195,3.051602474917852,119.52674368730236,0,0,0,0,0,64033,108,0,0,0,300100,5,0,0,0,0,0,0,0,0,0,0,0.0,0.0,0.0,0.0,0.0,1.9995662684415643,199519,113957,4,1.750827066349588,0.1107085169745217,0.06323212560641127,0.035529888175625246,0.0,0.0,0.16651860697003276,0.029070564271132908,0.3161733902045332,0.0,0.0,0.0,0.0,0.0,119542.0,100.0,5099218944.0,108279.0,1.76,531.0,13344.0,4673.0,0.11,5,0.009000000000000001,0.2727272727272727,0.43860751805176795,0.0,0.16651860697003276,5,ssdp
1924277,216022444,466892,1336234,50532,315091,585416,63522,1039585,340739,0.3494088610228448,0.1637451364850279,3.050971564746037,112.26161514168699,0,0,0,0,0,63529,108,0,0,0,300124,5,0,0,0,0,0,0,0,0,0,0,0.0,0.0,0.0,0.0,0.0,1.9999936526474806,198004,117087,4,1.6910844073210518,0.10289786761469373,0.060847268870334155,0.03301083991545916,0.0,0.0,0.15596715025955202,0.026260252551997453,0.30422647051334084,0.0,0.0,0.0,0.0,0.0,180074.0,777.0,4797550080.0,109200.0,2.12,438.0,14752.0,4696.0,0.09,5,0.008,0.18181818181818182,0.43699275065857635,0.0,0.15596715025955202,5,ssdp
1698951,201955626,438244,1179386,47031,294739,543776,59646,918153,301190,0.3715865713176178,0.1734829315265714,3.048417942162754,118.87077732082915,0,0,0,0,0,59645,108,0,0,0,281477,7,0,0,0,0,0,0,0,0,0,0,0.0,0.0,0.0,0.0,0.0,1.9999932143584176,185978,108747,4,1.7101897063827047,0.10946637071934388,0.06400832042831135,0.03510754577383338,0.0,0.0,0.16567693829898567,0.02768237577187335,0.32006573467981125,0.0,0.0,0.0,0.0,0.0,161248.0,21728.0,4879447040.0,110318.0,1.93,471.0,1152.0,4717.0,0.1,5,0.009000000000000001,0.2727272727272727,0.4375517576670019,0.0,0.16567693829898567,5,ssdp
1694326,258670316,565778,1170691,61589,375527,697693,79083,913850,299352,0.48328551257334346,0.2216379846617475,3.0527606296266603,152.66856319267956,0,0,0,0,0,78874,108,0,0,0,359688,7,0,0,0,0,0,0,0,0,0,0,0.0,0.0,0.0,0.0,0.0,2.001465681728545,235982,139529,4,1.6912756487898573,0.13927780132040704,0.08235074005828867,0.046675197099023444,0.0,0.0,0.2122897246456703,0.03635014749227716,0.41178203014059866,0.0,0.0,0.0,0.0,0.0,98856.0,-20318.0,5262380544.0,111052.0,1.72,463.0,2656.0,4741.0,0.1,5,0.009000000000000001,0.2727272727272727,0.4371892971515443,0.0,0.2122897246456703,5,ssdp
1584226,201864835,433946,1103720,46566,294827,548134,58265,856258,279764,0.3931667451889972,0.18610160419031124,3.0606439713472784,127.42174096372614,0,0,0,0,0,58268,108,0,0,0,279774,1,0,0,0,0,0,0,0,0,0,0,0.0,0.0,0.0,0.0,0.0,2.0000610546167468,185197,109631,4,1.6892758435114155,0.11690061897734288,0.0692016164360388,0.036778212199522035,0.0,0.0,0.17659980331089126,0.029393533498377124,0.3459948264957146,0.0,0.0,0.0,0.0,0.0,119736.0,-30.0,5140104192.0,111367.0,1.71,384.0,4320.0,4764.0,0.08,5,0.008,0.18181818181818182,0.4368152664833607,0.0,0.17659980331089126,5,ssdp
1808405,214951258,483927,1236689,53659,310171,567417,72155,975179,319499,0.39130856666469904,0.17151633621893325,3.0522129959718183,118.86234444164886,0,0,0,0,0,72167,108,0,0,0,299295,4,0,0,0,0,0,0,0,0,0,0,0.0,0.0,0.0,0.0,0.0,1.998975284374698,196689,113489,4,1.7331106979531057,0.10876380014432607,0.06275640688894357,0.03989980120603515,0.0,0.0,0.1655021966871359,0.02967200378233858,0.3137665511873723,0.0,0.0,0.0,0.0,0.0,139457.0,-142.0,5139915264.0,111486.0,1.71,416.0,6112.0,4788.0,0.09,5,0.009000000000000001,0.2727272727272727,0.43846062497765315,0.0,0.1655021966871359,5,ssdp
1692295,229436291,525378,1180985,56614,357426,650929,70423,917917,299609,0.4448642446771128,0.21120785678619863,3.0637163770113713,135.57700696391586,0,0,0,0,0,65644,108,0,0,0,319273,7,0,0,0,0,0,0,0,0,0,0,0.0,0.0,0.0,0.0,0.0,2.001736130557018,227234,130183,4,1.745496723842591,0.1342756434309621,0.07692689513353168,0.04161390301336351,0.0,0.0,0.18866273315231682,0.033453978177563605,0.38464274845697705,0.0,0.0,0.0,0.0,0.0,139395.0,-40679.0,5382814720.0,111604.0,1.71,389.0,7520.0,4810.0,0.08,5,0.008,0.18181818181818182,0.43598609645632186,0.0,0.18866273315231682,5,ssdp
1695443,229731985,540608,1164343,59104,353929,613556,72966,914430,300162,0.46430304472135786,0.20875311054396992,3.046454914346253,135.49968061444707,0,0,0,0,0,73003,108,0,0,0,320341,7,0,0,0,0,0,0,0,0,0,0,0.0,0.0,0.0,0.0,0.0,2.0003447613234315,209819,122708,4,1.7099048146820093,0.12375467650637621,0.07237518453879016,0.043036539712629676,0.0,0.0,0.18894235901767267,0.03486050548440732,0.36188535975553293,0.0,0.0,0.0,0.0,0.0,139520.0,-21728.0,5061710336.0,111919.0,1.71,375.0,8960.0,4838.0,0.08,5,0.008,0.18181818181818182,0.4396765183704716,0.0,0.18894235901767267,5,ssdp
1699806,215470213,467922,1179756,51146,316279,569222,63733,923313,300155,0.39662608200339733,0.18606770419683188,3.076120670986657,126.76164985886625,0,0,0,0,0,63963,108,0,0,0,299409,5,0,0,0,0,0,0,0,0,0,0,0.0,0.0,0.0,0.0,0.0,1.9993236110320938,202437,113844,4,1.7781964793928533,0.11909417898277803,0.06697470181891345,0.03749427875887013,0.0,0.0,0.17614304220599292,0.030089316074893253,0.33487468569942686,0.0,0.0,0.0,0.0,0.0,139277.0,-140.0,5196233728.0,112435.0,1.7,361.0,10656.0,4873.0,0.07,5,0.008,0.2727272727272727,0.4388629557837593,0.0,0.17614304220599292,5,ssdp
1923489,230335707,499343,1336490,54231,338450,608803,67560,1044477,339791,0.37362269826186506,0.17595629608487492,3.0738807090240767,119.74890784402719,0,0,0,0,0,67764,108,0,0,0,320468,2,0,0,0,0,0,0,0,0,0,0,0.0,0.0,0.0,0.0,0.0,2.000591103886508,216688,121761,4,1.7796174472942896,0.11265362058218165,0.06330215561409501,0.035123673699199734,0.0,0.0,0.16660765931076288,0.028194078572843412,0.3165097382932785,0.0,0.0,0.0,0.0,0.0,179307.0,39820.0,4819025408.0,113149.0,2.04,319.0,11968.0,4899.0,0.07,5,0.008,0.2727272727272727,0.43890416374040275,0.0,0.16660765931076288,5,ssdp
1803776,244829383,539996,1236707,62506,352361,648399,73426,975508,320090,0.4366402066132075,0.19534631794635254,3.047605360992221,135.73158917737013,0,0,0,0,0,73838,108,0,0,0,340735,6,0,0,0,0,0,0,0,0,0,0,0.0,0.0,0.0,0.0,0.0,2.0009483409711692,222672,129678,4,1.7171146994864201,0.12344770082316207,0.07189251880499574,0.04070682834232189,0.0,0.0,0.18890095000709622,0.034652861552653985,0.35946758355804714,0.0,0.0,0.0,0.0,0.0,159480.0,20115.0,4997496832.0,114063.0,1.85,357.0,13728.0,4926.0,0.07,5,0.009000000000000001,0.2727272727272727,0.43815104650946585,0.0,0.18890095000709622,5,ssdp
2028655,258616396,532134,1401964,60236,357307,684495,76369,1100102,359074,0.37956324128151653,0.1761299974613722,3.0637194561566696,127.4817038875511,0,0,0,0,0,76425,108,0,0,0,359699,4,0,0,0,0,0,0,0,0,0,0,0.0,0.0,0.0,0.0,0.0,2.0001847321663484,240574,136898,4,1.7573229703867113,0.11858793141268476,0.06748214950299583,0.03764513926714991,0.0,0.0,0.1773091038150893,0.029692579566264348,0.33741321220217335,0.0,0.0,0.0,0.0,0.0,99221.0,-131.0,5379254784.0,114780.0,1.66,318.0,15456.0,4955.0,0.06,5,0.008,0.2727272727272727,0.43683659449403334,0.0,0.1773091038150893,5,ssdp
1591517,217059450,474238,1097750,53750,314589,578110,64302,861008,282112,0.43200910954224553,0.1976661260922755,3.052007713248639,136.3852538175841,0,0,0,0,0,64219,108,0,0,0,301686,6,0,0,0,0,0,0,0,0,0,0,0.0,0.0,0.0,0.0,0.0,1.9974919360983414,198973,115621,4,1.7209071016510842,0.12502097055827868,0.07264829719066777,0.040402961451244314,0.0,0.0,0.18955876688719003,0.03377280921284535,0.3632446276100098,0.0,0.0,0.0,0.0,0.0,121339.0,2048.0,5182414848.0,115294.0,1.67,299.0,1056.0,4979.0,0.06,5,0.008,0.2727272727272727,0.4379554767103203,0.0,0.18955876688719003,5,ssdp
1582233,201425561,436376,1098445,47412,293521,544759,59418,854378,280056,0.3972670456873125,0.1855106043168105,3.050739852029594,127.30461379581895,0,0,0,0,0,59421,108,0,0,0,280056,3,0,0,0,0,0,0,0,0,0,0,0.0,0.0,0.0,0.0,0.0,1.9999795587413636,184567,108960,4,1.6938968428781205,0.11664969697888997,0.0688646994469209,0.037553255430774105,0.0,0.0,0.17700047970178856,0.029965245321011507,0.34429758448976855,0.0,0.0,0.0,0.0,0.0,139382.0,105.0,5034019328.0,115838.0,1.65,281.0,2720.0,5009.0,0.06,5,0.008,0.2727272727272727,0.4371242261524428,0.0,0.17700047970178856,5,ssdp
1580444,200964813,437245,1095234,47965,293668,535528,59490,856108,279811,0.3992251884072262,0.18581360680922576,3.0595937972417095,127.15718684116615,0,0,0,0,0,59493,108,0,0,0,279811,6,0,0,0,0,0,0,0,0,0,0,0.0,0.0,0.0,0.0,0.0,1.9999455181901142,186568,107106,4,1.7419005471215432,0.1180478397209898,0.0677695634897535,0.03764132104649073,0.0,0.0,0.17704581750444812,0.030349066464866833,0.338846551981595,0.0,0.0,0.0,0.0,0.0,139520.0,-39787.0,5033795584.0,116353.0,1.64,299.0,4256.0,5033.0,0.06,5,0.008,0.2727272727272727,0.43823604785276615,0.0,0.17704581750444812,5,ssdp
1583792,215953254,465602,1102303,50559,314121,590588,63082,853650,279808,0.42239021394299026,0.1983347560790811,3.050842005946935,136.35202981199552,0,0,0,0,0,63046,108,0,0,0,299820,4,0,0,0,0,0,0,0,0,0,0,0.0,0.0,0.0,0.0,0.0,2.0009746216174897,195999,118115,4,1.6593912712187275,0.12375299281723863,0.07457734348954913,0.0398297251154192,0.0,0.0,0.18930516128380495,0.03192275248264924,0.37289492559629045,0.0,0.0,0.0,0.0,0.0,139520.0,-19973.0,5034004480.0,116870.0,1.63,274.0,6016.0,5065.0,0.05,5,0.008,0.18181818181818182,0.4362633302505303,0.0,0.18930516128380495,5,ssdp
1579949,200716824,446831,1084106,49012,290066,534685,64545,851912,280064,0.41216541555899516,0.1835920020203184,3.0418475776965264,127.040065217295,0,0,0,0,0,64555,108,0,0,0,280064,3,0,0,0,0,0,0,0,0,0,0,0.0,0.0,0.0,0.0,0.0,1.9998758980157472,183139,106938,4,1.7125717705586414,0.11591450103769173,0.06768446323267396,0.04085258448215733,0.0,0.0,0.17726141793184463,0.031021254483530797,0.33841915150425744,0.0,0.0,0.0,0.0,0.0,139636.0,372.0,5034030592.0,117388.0,1.63,282.0,7520.0,5090.0,0.06,5,0.008,0.2727272727272727,0.4379863952186601,0.0,0.17726141793184463,5,ssdp
1808525,215602866,472740,1248702,51058,313210,580444,66204,975400,320400,0.3785851227915067,0.17318533058708063,3.0443196004993758,119.2147556710579,0,0,0,0,0,66036,108,0,0,0,300311,4,0,0,0,0,0,0,0,0,0,0,0.0,0.0,0.0,0.0,0.0,2.0007026509102523,197108,116082,4,1.6980065815544185,0.10898826391672772,0.06418600793464287,0.036606626947374245,0.0,0.0,0.16605299899089038,0.028231846394160987,0.32094883952392145,0.0,0.0,0.0,0.0,0.0,139319.0,-2249.0,5035179008.0,117704.0,1.62,243.0,8928.0,5111.0,0.05,5,0.006999999999999999,0.2727272727272727,0.4373938732591157,0.0,0.16605299899089038,5,ssdp
1579890,215331043,478052,1085065,52334,311530,574392,68751,852224,279808,0.44057452779326584,0.19718461411870447,3.0457456541628547,136.29495914272513,0,0,0,0,0,68729,108,0,0,0,300110,6,0,0,0,0,0,0,0,0,0,0,0.0,0.0,0.0,0.0,0.0,2.000321047900347,196652,114875,4,1.7118781284004352,0.12447195690839236,0.07271075834393534,0.04351632075650837,0.0,0.0,0.18995626277778832,0.03312509098734722,0.3635645519624784,0.0,0.0,0.0,0.0,0.0,159175.0,19909.0,4901655040.0,118011.0,1.79,275.0,10592.0,5138.0,0.05,5,0.009000000000000001,0.2727272727272727,0.43789317658838356,0.0,0.18995626277778832,5,ssdp
1582979,201113417,437075,1098664,47240,295131,533164,59710,859017,279804,0.397824084524477,0.18644024968113918,3.0700669039756403,127.04743208848633,0,0,0,0,0,59709,108,0,0,0,279804,5,0,0,0,0,0,0,0,0,0,0,0.0,0.0,0.0,0.0,0.0,1.9999390119943077,188503,106634,4,1.767757000581428,0.11908117542936451,0.06736286457369302,0.03772002029085667,0.0,0.0,0.17675787234069434,0.029842467903869855,0.33681053254654675,0.0,0.0,0.0,0.0,0.0,139313.0,-156.0,5272761344.0,118522.0,1.61,253.0,12032.0,5163.0,0.05,5,0.008,0.2727272727272727,0.43867227884999527,0.0,0.17675787234069434,5,ssdp
2031879,214999540,465864,1410863,51152,315853,569965,62749,1103421,359553,0.3301979001504753,0.15544872504711157,3.0688688454831414,105.813161118354,0,0,0,0,0,62909,108,0,0,0,299522,3,0,0,0,0,0,0,0,0,0,0,0.0,0.0,0.0,0.0,0.0,2.0013623201262205,201861,113997,4,1.770757125187505,0.09934695914471285,0.05610422667885243,0.03088225233884498,0.0,0.0,0.1474113369939844,0.025174727432096103,0.2805112902884473,0.0,0.0,0.0,0.0,0.0,119578.0,0.0,5063125504.0,118832.0,1.61,233.0,13376.0,5187.0,0.04,5,0.008,0.2727272727272727,0.43875188165074447,0.0,0.1474113369939844,5,ssdp
1800083,214426896,464949,1249870,50312,315005,566543,62441,976732,319620,0.37199788778032916,0.1749947085773267,3.055916400725862,119.12056055193011,0,0,0,0,0,62433,108,0,0,0,299490,3,0,0,0,0,0,0,0,0,0,0,0.0,0.0,0.0,0.0,0.0,1.998737325668456,201691,113300,4,1.7801500441306266,0.11204538901817306,0.06294154214000132,0.03468784494937178,0.0,0.0,0.16637566156671665,0.027949822313748866,0.31473159848740306,0.0,0.0,0.0,0.0,0.0,158956.0,19371.0,4785680384.0,119136.0,1.77,234.0,15008.0,5208.0,0.04,5,0.008,0.2727272727272727,0.4390524835170354,0.0,0.16637566156671665,5,ssdp
2360999,243545829,537451,1625336,60637,352206,645219,73658,1276454,420825,0.3306707043958911,0.14917668325992514,3.0332180835264064,103.15371967544247,0,0,0,0,0,73364,108,0,0,0,321384,8,0,0,0,0,0,0,0,0,0,0,0.0,0.0,0.0,0.0,0.0,1.9994777148890996,223162,129035,4,1.7294687487890883,0.09452015862776732,0.0546527126864518,0.031197810757226073,0.0,0.0,0.1361220398653282,0.02568277241964101,0.27328219961126626,0.0,0.0,0.0,0.0,0.0,141609.0,2290.0,4935087104.0,119646.0,1.61,222.0,1024.0,5233.0,0.04,5,0.008,0.18181818181818182,0.43638693221415986,0.0,0.1361220398653282,5,ssdp
1689756,214920286,470745,1165534,53477,312672,569512,64020,915719,299736,0.40388783167200615,0.18503973354732872,3.0550851415912668,127.19013040936088,0,0,0,0,0,64094,108,0,0,0,299736,6,0,0,0,0,0,0,0,0,0,0,0.0,0.0,0.0,0.0,0.0,2.0003326722538546,198763,113906,4,1.7449739258686987,0.11762822561363889,0.06740973252943029,0.03788712689879486,0.0,0.0,0.17738419038014955,0.03164776452931666,0.33703801022159413,0.0,0.0,0.0,0.0,0.0,119503.0,-20045.0,4937393152.0,120187.0,1.59,216.0,2752.0,5255.0,0.04,5,0.008,0.2727272727272727,0.4385198928174712,0.0,0.17738419038014955,5,ssdp
1577663,201010072,442651,1084907,50105,290739,531698,60497,854261,279808,0.408008244024603,0.1842846032390948,3.0530256461573653,127.4100184893732,0,0,0,0,0,60497,108,0,0,0,279808,4,0,0,0,0,0,0,0,0,0,0,0.0,0.0,0.0,0.0,0.0,2.000034395701913,184400,106338,4,1.7340931745942185,0.11688174217180729,0.06740222721836032,0.03834595854754786,0.0,0.0,0.17735600061610116,0.03175900049630371,0.33701620688321904,0.0,0.0,0.0,0.0,0.0,139446.0,123.0,4936250368.0,120702.0,1.58,218.0,4544.0,5275.0,0.04,5,0.008,0.2727272727272727,0.43839263379005056,0.0,0.17735600061610116,5,ssdp
1803784,230437920,500025,1250025,54456,335697,619235,67679,975011,319574,0.4000119997600048,0.18610709486279953,3.050970980117281,127.75250251693107,0,0,0,0,0,67996,108,0,0,0,320426,4,0,0,0,0,0,0,0,0,0,0,0.0,0.0,0.0,0.0,0.0,2.000351569250204,211851,123845,4,1.7106140740441682,0.11744809799842997,0.06865844247426521,0.037520567872871696,0.0,0.0,0.1776410035791425,0.03018986752294066,0.34329775627236964,0.0,0.0,0.0,0.0,0.0,160056.0,20262.0,4805832704.0,121420.0,1.74,226.0,6208.0,5300.0,0.04,5,0.008,0.2727272727272727,0.43754506312317615,0.0,0.1776410035791425,5,ssdp
1752443,208774179,456186,1212168,50022,303781,558692,62665,947849,310533,0.3763389233175599,0.17334715023541422,3.052329382062454,119.13322088079327,0,0,0,0,0,62602,108,0,0,0,290816,3,0,0,0,0,0,0,0,0,0,0,0.0,0.0,0.0,0.0,0.0,2.0014296820439843,192043,111744,4,1.718597866552119,0.1095858752609928,0.06376469876623662,0.03575865234989098,0.0,0.0,0.1659489067547418,0.028544152363300834,0.3188075161360455,0.0,0.0,0.0,0.0,0.0,-139167.0,-19664.0,4956468736.0,121883.0,0.42,224.0,6816.0,5310.0,0.04,5,0.008,0.2727272727272727,0.4378436715620031,0.0,0.1659489067547418,5,ssdp
1692438,201379563,434978,1176001,47534,293575,545343,58900,914037,299364,0.36987893717777454,0.17346277972959717,3.053262917384856,118.98785243536248,0,0,0,0,0,58908,108,0,0,0,279742,1,0,0,0,0,0,0,0,0,0,0,0.0,0.0,0.0,0.0,0.0,1.9999931874540153,184500,109073,4,1.691527692462846,0.10901433316907326,0.0644472648333351,0.03480186571088572,0.0,0.0,0.16528936362809155,0.028086110096795274,0.32222332516759844,0.0,0.0,0.0,0.0,0.0,-198.0,139248.0,4991855616.0,120196.0,1.59,6417.0,8768.0,5359.0,1.2,5,0.008,0.2727272727272727,0.43701889387282417,0.0,0.16528936362809155,5,ssdp
1691428,200272158,441578,1166896,48126,292154,527232,61826,915799,300134,0.37842104180663916,0.17272624078589216,3.0513004191461146,118.4041874676309,0,0,0,0,0,61821,108,0,0,0,279808,3,0,0,0,0,0,0,0,0,0,0,0.0,0.0,0.0,0.0,0.0,2.0000821518302745,186703,105442,4,1.7706701314466722,0.11038187850739138,0.062339041330757204,0.036552546132616937,0.0,0.0,0.16542708291455505,0.028452881234081497,0.311708213414937,0.0,0.0,0.0,0.0,0.0,-290.0,159766.0,4873486336.0,120909.0,1.74,4055.0,10432.0,5387.0,0.75,5,0.008,0.2727272727272727,0.43908281589283515,0.0,0.16542708291455505,5,ssdp
1586792,202512656,431090,1109220,46482,294938,560993,57189,854837,279669,0.3886424694830602,0.18587061190124476,3.0566026266765354,127.62394567151838,0,0,0,0,0,57189,108,0,0,0,279671,6,0,0,0,0,0,0,0,0,0,0,0.0,0.0,0.0,0.0,0.0,1.9999457527818651,182746,112200,4,1.6287522281639928,0.1151669531986549,0.0707087003211511,0.03604064048722202,0.0,0.0,0.17624931307947103,0.029293064245345325,0.35353909018951446,0.0,0.0,0.0,0.0,0.0,139544.0,139486.0,4993662976.0,120824.0,1.58,2801.0,12032.0,5409.0,0.52,5,0.008,0.18181818181818182,0.4352257320017311,0.0,0.17624931307947103,5,ssdp
1806470,215303096,449321,1238948,49990,289378,572837,69665,973413,319936,0.3626633240458841,0.1601897623542046,3.0425241298259653,119.18442930134461,0,0,0,0,0,69655,108,0,0,0,280190,5,0,0,0,0,0,0,0,0,0,0,0.0,0.0,0.0,0.0,0.0,1.9999861773446679,196186,114561,4,1.712502509580049,0.10860185887393646,0.06341705093358871,0.03856416104336081,0.0,0.0,0.15510359983835878,0.02767275404518204,0.31710296877335353,0.0,0.0,0.0,0.0,0.0,139847.0,139521.0,4874300416.0,121544.0,1.74,2371.0,13696.0,5428.0,0.44,5,0.009000000000000001,0.18181818181818182,0.4331548973590022,0.0,0.15510359983835878,5,ssdp
1687873,214694581,467007,1168575,52291,314927,559205,61576,919510,299597,0.399638020666196,0.18658216583830656,3.0691562332066074,127.19830283439572,0,0,0,0,0,61555,108,0,0,0,299597,8,0,0,0,0,0,0,0,0,0,0,0.0,0.0,0.0,0.0,0.0,2.0013281731581922,203083,111847,4,1.8157214766600802,0.12031888655129859,0.06626505667191786,0.036481417736997986,0.0,0.0,0.17749972894880126,0.030980411440908174,0.3313075095104904,0.0,0.0,0.0,0.0,0.0,139487.0,139409.0,5035269120.0,123257.0,1.55,2045.0,15616.0,5453.0,0.38,5,0.009000000000000001,0.2727272727272727,0.43987789342063555,0.0,0.17749972894880126,5,ssdp
1598246,202738028,482413,1098544,51557,313433,588516,72035,857478,281856,0.4391385324575074,0.19611061125759113,3.0422556198910082,126.85032717116138,0,0,0,0,0,68022,108,0,0,0,281856,4,0,0,0,0,0,0,0,0,0,0,0.0,0.0,0.0,0.0,0.0,1.999725656828593,195742,117700,4,1.6630586236193712,0.12247301103835079,0.07364323139241394,0.045071284395518586,0.0,0.0,0.1763533273350911,0.03225848836787328,0.3682261679366005,0.0,0.0,0.0,0.0,0.0,139356.0,20497.0,4878318592.0,123383.0,1.71,1456.0,17024.0,5471.0,0.27,5,0.008,0.18181818181818182,0.4341221654108799,0.0,0.1763533273350911,5,ssdp
1582227,215597137,468062,1099599,50169,316275,573441,63739,858921,279817,0.4256660837268859,0.19989230369599306,3.0695811905638326,136.2618239987056,0,0,0,0,0,63706,108,0,0,0,300067,6,0,0,0,0,0,0,0,0,0,0,0.0,0.0,0.0,0.0,0.0,2.0015124859193256,201576,114685,4,1.757649213061865,0.12740017709216186,0.07248327831594328,0.0402843586918944,0.0,0.0,0.18964851440406466,0.03170783964627073,0.36242650390873116,0.0,0.0,0.0,0.0,0.0,139535.0,-19957.0,5024256000.0,123679.0,1.54,1535.0,2048.0,5491.0,0.28,5,0.009000000000000001,0.2727272727272727,0.4384628940913227,0.0,0.18964851440406466,5,ssdp
1581688,201193029,438666,1094394,48628,293658,533444,59559,857347,280262,0.40083004841035313,0.18566114176752938,3.059091136151173,127.20146387909625,0,0,0,0,0,59566,108,0,0,0,280262,5,0,0,0,0,0,0,0,0,0,0,0.0,0.0,0.0,0.0,0.0,2.0000272429457797,186976,106685,4,1.7525987720860476,0.1182129471804806,0.06745009129486979,0.03765534037054084,0.0,0.0,0.17719170911077278,0.03074436930671536,0.33726246895721534,0.0,0.0,0.0,0.0,0.0,119170.0,0.0,5024292352.0,124000.0,1.54,1215.0,3648.0,5515.0,0.22,5,0.008,0.2727272727272727,0.4385426126054512,0.0,0.17719170911077278,5,ssdp
1582414,201162959,437233,1097366,47815,294783,532512,59312,859154,279636,0.3984386248526016,0.18628690089951175,3.072401264500994,127.12410216289796,0,0,0,0,0,59303,108,0,0,0,279637,6,0,0,0,0,0,0,0,0,0,0,0.0,0.0,0.0,0.0,0.0,1.9998846675712347,188289,106507,4,1.767855633901997,0.11898845687664543,0.06730665931924262,0.03748197374391278,0.0,0.0,0.17671544867525185,0.03021649201789165,0.3365187618410858,0.0,0.0,0.0,0.0,0.0,139473.0,-20299.0,5024758272.0,124119.0,1.54,1242.0,5120.0,5543.0,0.22,5,0.01,0.2727272727272727,0.4386949928162629,0.0,0.17671544867525185,5,ssdp
1799846,215085573,472280,1239331,53729,311395,569695,64169,974439,319159,0.38107656469498463,0.17301202436208432,3.0531459241318593,119.50220907788777,0,0,0,0,0,64284,108,0,0,0,299557,5,0,0,0,0,0,0,0,0,0,0,0.0,0.0,0.0,0.0,0.0,2.0001991238550376,197448,113941,4,1.732896850124187,0.10970271901040422,0.06330597173313716,0.035652494713436594,0.0,0.0,0.16643479497690358,0.029851998448756172,0.316524302634781,0.0,0.0,0.0,0.0,0.0,159685.0,20197.0,4863705088.0,124639.0,1.69,983.0,6656.0,5564.0,0.18,5,0.008,0.2727272727272727,0.4383526513433615,0.0,0.16643479497690358,5,ssdp
1687865,271544441,596561,1161353,67742,393135,719122,81048,913723,299740,0.5136775812349905,0.23291850947794995,3.0483852672316005,160.88042645590733,0,0,0,0,0,81227,108,0,0,0,378428,8,0,0,0,0,0,0,0,0,0,0,0.0,0.0,0.0,0.0,0.0,1.9989169895359835,249309,143824,4,1.733431138057626,0.147706718250571,0.0852106062984895,0.04801805831627529,0.0,0.0,0.22420513488934246,0.04013472641473104,0.426054216421337,0.0,0.0,0.0,0.0,0.0,139350.0,-20436.0,4959788544.0,124955.0,1.53,898.0,8288.0,5587.0,0.16,5,0.008,0.2727272727272727,0.43838444158516954,0.0,0.22420513488934246,5,ssdp
1807178,215540582,467841,1252549,51127,313834,582326,63844,976467,319775,0.37351113609128267,0.1736597059061144,3.053606442029552,119.26914891615546,0,0,0,0,0,63890,108,0,0,0,299465,5,0,0,0,0,0,0,0,0,0,0,0.0,0.0,0.0,0.0,0.0,2.000662990469512,197373,116462,4,1.694741632463808,0.10921613698263259,0.06444412227240483,0.03532800864109678,0.0,0.0,0.16570863523128324,0.028291070387089706,0.3222294649447924,0.0,0.0,0.0,0.0,0.0,119138.0,-18.0,5094694400.0,124871.0,1.53,849.0,9664.0,5610.0,0.15,5,0.009000000000000001,0.2727272727272727,0.437142727418394,0.0,0.16570863523128324,5,ssdp
1700193,201823472,440512,1176885,47704,293779,542792,61550,918702,299956,0.3743033516443833,0.17279155954647502,3.062789209083999,118.70621276525665,0,0,0,0,0,61553,108,0,0,0,279808,3,0,0,0,0,0,0,0,0,0,0,0.0,0.0,0.0,0.0,0.0,2.000142974829622,185210,108563,4,1.7060140195094093,0.108934691532079,0.06385333900327786,0.03620177238701724,0.0,0.0,0.16457425715786383,0.028057991063367514,0.3192531671404364,0.0,0.0,0.0,0.0,0.0,159315.0,19795.0,4816204288.0,124978.0,1.69,721.0,11392.0,5634.0,0.13,5,0.008,0.2727272727272727,0.437361875495424,0.0,0.16457425715786383,5,ssdp
1577232,200513375,444536,1081518,51178,291017,521233,61266,856328,280054,0.41102968235387666,0.1845112196557006,3.0577245816878174,127.12991810970105,0,0,0,0,0,61262,108,0,0,0,280054,7,0,0,0,0,0,0,0,0,0,0,0.0,0.0,0.0,0.0,0.0,2.0000068724743656,186768,104249,4,1.7915567535420005,0.11841504610608966,0.06609617354961096,0.03884400012173225,0.0,0.0,0.17756043498990637,0.03244798482404618,0.33047325948243506,0.0,0.0,0.0,0.0,0.0,139644.0,124.0,5096162304.0,125285.0,1.53,671.0,12960.0,5662.0,0.12,5,0.008,0.2727272727272727,0.43971733328218654,0.0,0.17756043498990637,5,ssdp
1700714,216548909,462739,1189328,48649,316225,602083,63617,914747,299463,0.3890760160359463,0.1859366125051008,3.054624444422182,127.32823331847683,0,0,0,0,0,63541,108,0,0,0,299463,4,0,0,0,0,0,0,0,0,0,0,0.0,0.0,0.0,0.0,0.0,1.9998924873988908,195808,120412,4,1.626150217586287,0.11513282068590015,0.07080085187750557,0.037406054163133834,0.0,0.0,0.176080751966527,0.028605044704753415,0.3540177831193252,0.0,0.0,0.0,0.0,0.0,119576.0,-20167.0,4947947520.0,125801.0,1.52,666.0,14368.0,5676.0,0.12,5,0.008,0.18181818181818182,0.43510778839775294,0.0,0.176080751966527,5,ssdp
1591439,202391171,444595,1097921,48923,293494,543454,62450,858466,281899,0.4049426142682397,0.18442051501816908,3.0452963650101634,127.17494732754444,0,0,0,0,0,62460,108,0,0,0,281899,1,0,0,0,0,0,0,0,0,0,0,0.0,0.0,0.0,0.0,0.0,1.999972742574055,184815,108692,4,1.700355131932433,0.11613074707858737,0.06829793664727332,0.03924121502614929,0.0,0.0,0.17713465611939885,0.030741360491982412,0.34148591306358583,0.0,0.0,0.0,0.0,0.0,139543.0,170.0,5080657920.0,126316.0,1.51,625.0,15968.0,5703.0,0.11,5,0.008,0.2727272727272727,0.43750962213440064,0.0,0.17713465611939885,5,ssdp
1580395,200829262,444492,1087282,48621,291094,535030,63454,853261,279808,0.4088102258659667,0.18419066119546063,3.049451766925892,127.07535900834918,0,0,0,0,0,63457,108,0,0,0,279808,8,0,0,0,0,0,0,0,0,0,0,0.0,0.0,0.0,0.0,0.0,2.0,184084,107004,4,1.720346902919517,0.1164797408242876,0.06770712385194841,0.040150721813217584,0.0,0.0,0.17704940853394247,0.030765093536742397,0.33854194679178307,0.0,0.0,0.0,0.0,0.0,139402.0,-104.0,4927221760.0,126349.0,1.51,656.0,1952.0,5726.0,0.11,5,0.009000000000000001,0.2727272727272727,0.43802380584906414,0.0,0.17704940853394247,5,ssdp
1807428,230071109,506475,1244804,56149,333474,610929,70095,976476,320502,0.4068712825472926,0.18450195526460805,3.046707976861299,127.29199116092038,0,0,0,0,0,70282,108,0,0,0,320502,9,0,0,0,0,0,0,0,0,0,0,0.0,0.0,0.0,0.0,0.0,1.9983221174877306,211282,122193,4,1.7290843174322588,0.11689649601533228,0.06760601252166061,0.0387816278158798,0.0,0.0,0.17732490588836733,0.031065691136797705,0.33801014480244856,0.0,0.0,0.0,0.0,0.0,159583.0,268.0,4797229568.0,126366.0,1.67,494.0,3488.0,5748.0,0.09,5,0.006999999999999999,0.2727272727272727,0.43823197661371427,0.0,0.17732490588836733,5,ssdp
1915055,243576423,525801,1332279,56975,358569,641205,69142,1041051,340033,0.3946628296325319,0.187236920088457,3.061617548884961,127.19030158402761,0,0,0,0,0,69066,108,0,0,0,340033,9,0,0,0,0,0,0,0,0,0,0,0.0,0.0,0.0,0.0,0.0,1.9991581177520072,230336,128236,4,1.7961882778626908,0.12027644114659893,0.06696204547650067,0.036104446086404826,0.0,0.0,0.1775578247099953,0.029751103754200273,0.3348232818378584,0.0,0.0,0.0,0.0,0.0,139124.0,-380.0,4946241536.0,126566.0,1.51,483.0,5344.0,5773.0,0.08,5,0.008,0.2727272727272727,0.43932962596525554,0.0,0.1775578247099953,5,ssdp
1584708,215639211,470811,1098375,50693,316484,571378,65999,858667,279808,0.42864322294298396,0.19971124017800124,3.0687721580512353,136.07504410907245,0,0,0,0,0,66135,108,0,0,0,300094,2,0,0,0,0,0,0,0,0,0,0,0.0,0.0,0.0,0.0,0.0,1.9996714433745293,202203,114268,4,1.7695505303322014,0.12759637737677856,0.07210665939718863,0.04164742021874061,0.0,0.0,0.1893686407842959,0.031988858515259594,0.36055727616696576,0.0,0.0,0.0,0.0,0.0,119202.0,-198.0,5077128704.0,126166.0,1.51,532.0,7168.0,5799.0,0.09,5,0.009000000000000001,0.2727272727272727,0.4387180655148984,0.0,0.1893686407842959,5,ssdp
1918122,244319557,537180,1319921,61021,353498,648197,73380,1037417,340551,0.4069789025252269,0.18429380404374696,3.0462896893563665,127.37435731408117,0,0,0,0,0,73467,108,0,0,0,340551,8,0,0,0,0,0,0,0,0,0,0,0.0,0.0,0.0,0.0,0.0,2.0001357949948226,223853,129646,4,1.7266479490304367,0.11670425551659383,0.06759006987042535,0.038256169315611835,0.0,0.0,0.17754397269829553,0.03181288781422662,0.3379331450241434,0.0,0.0,0.0,0.0,0.0,139432.0,-88.0,4923445760.0,125766.0,1.52,521.0,8416.0,5824.0,0.09,5,0.009000000000000001,0.2727272727272727,0.43825366416617,0.0,0.17754397269829553,5,ssdp
1922290,215255021,468846,1329843,51969,314663,571219,63572,1042620,340367,0.35255740715257367,0.16369174266109693,3.0632229328930243,111.97843249457678,0,0,0,0,0,63645,108,0,0,0,299948,5,0,0,0,0,0,0,0,0,0,0,0.0,0.0,0.0,0.0,0.0,1.999802983215441,200416,114244,4,1.7542803123139945,0.10425898277575184,0.059431199246731764,0.033070972642005106,0.0,0.0,0.15603681026275953,0.027034942698552247,0.2971554760207877,0.0,0.0,0.0,0.0,0.0,139508.0,107.0,4923374592.0,125566.0,1.52,432.0,9664.0,5847.0,0.07,5,0.008,0.2727272727272727,0.4385447657952876,0.0,0.15603681026275953,5,ssdp
2258067,229688443,472416,1555829,53542,311634,609249,68415,1222861,400568,0.30364262396445885,0.13800919104703271,3.0528174991512054,101.71905572332442,0,0,0,0,0,64173,108,0,0,0,299906,4,0,0,0,0,0,0,0,0,0,0,0.0,0.0,0.0,0.0,0.0,1.9998588186975383,210984,121856,4,1.7314206932773109,0.09343566864933592,0.0539647406387853,0.030298038100729518,0.0,0.0,0.1328153681888093,0.023711431060282978,0.2698099746375993,0.0,0.0,0.0,0.0,0.0,159720.0,193.0,4921484288.0,125567.0,1.68,451.0,11584.0,5873.0,0.08,5,0.009000000000000001,0.18181818181818182,0.4338293233709852,0.0,0.1328153681888093,5,ssdp
1696681,230643782,469919,1175697,51491,314318,620608,68332,916704,300004,0.3996939687691642,0.18525462358569467,3.055639258143225,135.93821230979776,0,0,0,0,0,64008,108,0,0,0,320370,9,0,0,0,0,0,0,0,0,0,0,0.0,0.0,0.0,0.0,0.0,2.000840266593674,211395,124119,4,1.7031638991612887,0.1245932499980845,0.07315399889549067,0.04027392302972686,0.0,0.0,0.18882158755829764,0.030348073680320577,0.3657776564952398,0.0,0.0,0.0,0.0,0.0,139437.0,256.0,4925268992.0,125770.0,1.52,409.0,12928.0,5897.0,0.07,5,0.008,0.2727272727272727,0.43518256426194685,0.0,0.18882158755829764,5,ssdp
1695290,258910781,541240,1165765,59429,354049,691466,81998,914170,299543,0.4642788212032442,0.20884273487131996,3.0518823674731173,152.72359360345428,0,0,0,0,0,77747,108,0,0,0,339925,8,0,0,0,0,0,0,0,0,0,0,0.0,0.0,0.0,0.0,0.0,1.999779715776869,236941,138285,4,1.7134251726506853,0.13976428811589758,0.08157011484760719,0.048368125807383984,0.0,0.0,0.20051141692571772,0.0350553592600676,0.40787475889080926,0.0,0.0,0.0,0.0,0.0,119218.0,196.0,4923743232.0,125365.0,1.52,381.0,14144.0,5918.0,0.06,5,0.008,0.18181818181818182,0.43381492997006305,0.0,0.20051141692571772,5,ssdp
1707885,203181752,431556,1194245,46346,298105,553215,56009,923801,301881,0.361363036897789,0.1745462955643969,3.06014952911909,118.96688125956959,0,0,0,0,0,56011,108,0,0,0,281856,1,0,0,0,0,0,0,0,0,0,0,0.0,0.0,0.0,0.0,0.0,1.9999798730661371,187469,110650,4,1.6942521464075915,0.10976675830047106,0.06478773453716145,0.03279436261809197,0.0,0.0,0.1650321889354377,0.027136487526970492,0.3239181795027183,0.0,0.0,0.0,0.0,0.0,139470.0,38.0,4923014144.0,124763.0,1.53,411.0,15616.0,5940.0,0.07,5,0.009000000000000001,0.18181818181818182,0.43680863797307096,0.0,0.1650321889354377,5,ssdp
1693170,229741710,503549,1167474,55754,333056,617821,70688,912260,299860,0.43131495862006347,0.1967055877436997,3.0422864003201493,135.68732613972608,0,0,0,0,0,70677,108,0,0,0,319571,6,0,0,0,0,0,0,0,0,0,0,0.0,0.0,0.0,0.0,0.0,1.9963915146647166,209479,123560,4,1.6953625768857234,0.12372000448862193,0.07297554291654117,0.04174890885144433,0.0,0.0,0.18874123685158609,0.032928766751123634,0.36489011735383925,0.0,0.0,0.0,0.0,0.0,179138.0,39725.0,4703726080.0,124949.0,1.85,418.0,2176.0,5961.0,0.07,5,0.009000000000000001,0.2727272727272727,0.43735467926665283,0.0,0.18874123685158609,5,ssdp
1584733,201646198,438562,1098398,47773,293665,543527,60590,856205,279808,0.3992742157214416,0.1853088185833197,3.0599732673833486,127.2430106522676,0,0,0,0,0,60591,108,0,0,0,279808,7,0,0,0,0,0,0,0,0,0,0,0.0,0.0,0.0,0.0,0.0,2.0000476745057174,184955,108706,4,1.701424024432874,0.11671051211781416,0.06859578238100678,0.038233569945221056,0.0,0.0,0.1765647588584323,0.030145772190015605,0.34297701884165976,0.0,0.0,0.0,0.0,0.0,139168.0,-20511.0,5167840256.0,125347.0,1.52,351.0,3424.0,5988.0,0.06,5,0.008,0.2727272727272727,0.43725965643419784,0.0,0.1765647588584323,5,ssdp
1695847,201278942,446962,1166295,48697,291431,536980,64675,915677,299444,0.3832323725986993,0.17184981899900167,3.057924019182218,118.68932869533631,0,0,0,0,0,64682,108,0,0,0,279808,5,0,0,0,0,0,0,0,0,0,0,0.0,0.0,0.0,0.0,0.0,2.0000205882756634,184029,107394,4,1.713587351248673,0.10851745469962798,0.06332764689267369,0.03813728479043216,0.0,0.0,0.16499601673971767,0.028715444258827594,0.31664413122174345,0.0,0.0,0.0,0.0,0.0,99117.0,-157.0,5019278848.0,125345.0,1.52,319.0,5216.0,6009.0,0.05,5,0.008,0.2727272727272727,0.4378214513890041,0.0,0.16499601673971767,5,ssdp
1696762,244265766,534377,1174440,58602,356693,648245,74103,919887,299879,0.4550057899935288,0.2102198186899518,3.067527235985181,143.9599460619698,0,0,0,0,0,74116,108,0,0,0,319695,8,0,0,0,0,0,0,0,0,0,0,0.0,0.0,0.0,0.0,0.0,2.0011501088395685,227056,129653,4,1.7512591301396805,0.13381723541663473,0.07641201299887668,0.04367318457155452,0.0,0.0,0.18841475704901453,0.03453754857782058,0.3820482778374339,0.0,0.0,0.0,0.0,0.0,139443.0,-86.0,5020000256.0,125344.0,1.52,357.0,6560.0,6026.0,0.06,5,0.009000000000000001,0.18181818181818182,0.4362551007382031,0.0,0.18841475704901453,5,ssdp
1694788,215293841,467073,1176260,51458,316236,568968,63330,920009,299765,0.3970831278798905,0.18659324942116653,3.069100795623238,127.03290382041884,0,0,0,0,0,63443,108,0,0,0,299765,4,0,0,0,0,0,0,0,0,0,0,0.0,0.0,0.0,0.0,0.0,1.9991908055278098,202433,113790,4,1.7790051849898936,0.11944443788839666,0.06714114095686304,0.03736750555231687,0.0,0.0,0.17687462974720142,0.030362499616471205,0.33571632558172465,0.0,0.0,0.0,0.0,0.0,139294.0,-186.0,5021125120.0,125345.0,1.52,327.0,8320.0,6053.0,0.05,5,0.008,0.2727272727272727,0.43892783320046075,0.0,0.17687462974720142,5,ssdp
2028242,229959995,504619,1394832,59747,331439,609095,67491,1098345,360326,0.36177761909678013,0.16341195971683853,3.048198020681272,113.37897302195695,0,0,0,0,0,67503,108,0,0,0,320221,6,0,0,0,0,0,0,0,0,0,0,0.0,0.0,0.0,0.0,0.0,2.000138798368214,209620,121822,4,1.7207072614141945,0.10335058636987104,0.0600628524604066,0.03327561504001988,0.0,0.0,0.15788106153013298,0.029457530215822373,0.30030686673483736,0.0,0.0,0.0,0.0,0.0,159661.0,-19584.0,4886221312.0,125546.0,1.68,299.0,9856.0,6076.0,0.05,5,0.008,0.2727272727272727,0.4382072121799969,0.0,0.15788106153013298,5,ssdp
1916602,272906694,587896,1337184,63950,403209,721139,78748,1041570,339205,0.4396522842032211,0.21037701098089223,3.0706210108931176,142.39090536272008,0,0,0,0,0,78932,108,0,0,0,399879,4,0,0,0,0,0,0,0,0,0,0,0.0,0.0,0.0,0.0,0.0,1.9984981859275561,258975,144222,4,1.7956691766859425,0.13512195020145026,0.07524879969863331,0.04108729929322833,0.0,0.0,0.20863956105649478,0.03336634314270777,0.3762591294384541,0.0,0.0,0.0,0.0,0.0,139283.0,18.0,5168053248.0,125349.0,1.52,334.0,11424.0,6099.0,0.05,5,0.009000000000000001,0.2727272727272727,0.4407630071278133,0.0,0.20863956105649478,5,ssdp
1916728,258737115,573396,1314145,68255,372069,685668,79211,1036055,340395,0.43632628058547573,0.194116744785906,3.0436845429574464,134.98895774465652,0,0,0,0,0,79381,108,0,0,0,360722,9,0,0,0,0,0,0,0,0,0,0,0.0,0.0,0.0,0.0,0.0,2.000295687796696,234938,137139,4,1.7131377653329833,0.12257242550847068,0.07154849305691784,0.0413261558238832,0.0,0.0,0.18819676031236565,0.03561016482255176,0.3577283787788356,0.0,0.0,0.0,0.0,0.0,119105.0,109.0,5016920064.0,124748.0,1.53,290.0,12960.0,6123.0,0.05,5,0.008,0.2727272727272727,0.4381427872242746,0.0,0.18819676031236565,5,ssdp
1688801,214910547,468084,1168141,52461,313645,569262,63377,915160,299550,0.4007084761171811,0.18572052006127424,3.05511600734435,127.25628833711018,0,0,0,0,0,67778,108,0,0,0,299335,3,0,0,0,0,0,0,0,0,0,0,0.0,0.0,0.0,0.0,0.0,1.9990503323836657,199792,113849,4,1.7548858575832902,0.11830405121740217,0.06741410029956164,0.03752780819054465,0.0,0.0,0.17724705279070774,0.03106405076737875,0.33708056781112755,0.0,0.0,0.0,0.0,0.0,159723.0,20301.0,4883580416.0,124750.0,1.69,257.0,14592.0,6143.0,0.04,5,0.006999999999999999,0.2727272727272727,0.4385977641276188,0.0,0.17724705279070774,5,ssdp
1699532,216506939,472419,1175122,51991,314382,580322,64262,917485,302072,0.4020169820665429,0.18498151255757467,3.0373056754681005,127.39209323507883,0,0,0,0,0,64278,108,0,0,0,302072,3,0,0,0,0,0,0,0,0,0,0,0.0,0.0,0.0,0.0,0.0,1.9988555515287925,198318,116065,4,1.7086804807650886,0.11668977106638768,0.06829232988846341,0.03781158577773175,0.0,0.0,0.17773834208476216,0.030591362798699877,0.3414598842504878,0.0,0.0,0.0,0.0,0.0,139392.0,236.0,5030623744.0,124955.0,1.53,307.0,16192.0,6164.0,0.05,5,0.009000000000000001,0.2727272727272727,0.4377279095867305,0.0,0.17773834208476216,5,ssdp
1698467,201503948,435518,1180424,47323,293838,545894,59200,917836,300140,0.3689504788110035,0.1730018893508087,3.0580262544146066,118.63871832658509,0,0,0,0,0,59194,108,0,0,0,279808,6,0,0,0,0,0,0,0,0,0,0,0.0,0.0,0.0,0.0,0.0,2.0000544532552835,184653,109177,4,1.691317768394442,0.1087174493234193,0.06427972989760766,0.03485496038486471,0.0,0.0,0.16474149924608486,0.027862183957651224,0.3214039483840428,0.0,0.0,0.0,0.0,0.0,119217.0,-20203.0,5259075584.0,124934.0,1.53,251.0,2048.0,6186.0,0.04,5,0.008,0.18181818181818182,0.43698795829609755,0.0,0.16474149924608486,5,ssdp
1917995,215489534,474378,1324350,51029,312716,578303,66875,1034672,339513,0.3581968512855363,0.16304317790192363,3.047518062636777,112.35145764196466,0,0,0,0,0,66971,108,0,0,0,300146,7,0,0,0,0,0,0,0,0,0,0,0.0,0.0,0.0,0.0,0.0,2.000690961203808,197060,115654,4,1.7038753523440606,0.10274270787984327,0.06029942726649444,0.03486713990391007,0.0,0.0,0.15648945904447092,0.02660538739673461,0.3015143417996397,0.0,0.0,0.0,0.0,0.0,159360.0,20077.0,4793526272.0,125136.0,1.68,260.0,3648.0,6206.0,0.04,5,0.008,0.2727272727272727,0.4375698500914906,0.0,0.15648945904447092,5,ssdp
1813775,216704515,461153,1267730,49242,317519,591512,60777,979876,320013,0.3637627886064067,0.17505975107165994,3.061988106733164,119.47706578820416,0,0,0,0,0,60668,108,0,0,0,299807,6,0,0,0,0,0,0,0,0,0,0,0.0,0.0,0.0,0.0,0.0,1.998583765547107,199218,118318,4,1.6837505704964586,0.10983611528442061,0.06523300850436245,0.033508566387782386,0.0,0.0,0.16529448250196413,0.027148902151589917,0.3261220382903061,0.0,0.0,0.0,0.0,0.0,139398.0,-103.0,4942247936.0,125334.0,1.52,246.0,4992.0,6230.0,0.04,5,0.008,0.18181818181818182,0.4365008783296691,0.0,0.16529448250196413,5,ssdp
1923585,259301002,544369,1320797,59547,353836,692283,83273,1038356,339619,0.4121519052511476,0.18394612143471695,3.0574143378315113,134.8009066404656,0,0,0,0,0,83065,108,0,0,0,360563,6,0,0,0,0,0,0,0,0,0,0,0.0,0.0,0.0,0.0,0.0,2.0004522891484524,236952,138463,4,1.7113019362573394,0.12318249518477219,0.07198174242365167,0.04329052264391748,0.0,0.0,0.1874432374966534,0.03095626135574981,0.3598920765133852,0.0,0.0,0.0,0.0,0.0,119202.0,-20467.0,4942287360.0,125331.0,1.52,247.0,6528.0,6255.0,0.04,5,0.008,0.2727272727272727,0.4358086592202809,0.0,0.1874432374966534,5,ssdp
1694915,244183815,499471,1176477,54502,337396,641647,72097,921957,299924,0.42454803621320264,0.19906366985955048,3.0739687387471495,144.06847246027087,0,0,0,0,0,72139,108,0,0,0,339844,5,0,0,0,0,0,0,0,0,0,0,0.0,0.0,0.0,0.0,0.0,1.9995851433922232,230651,128323,4,1.7974252472276988,0.13608411041261656,0.0757105813565872,0.04253723638058546,0.0,0.0,0.20050799007619852,0.032156184823427726,0.378571786785768,0.0,0.0,0.0,0.0,0.0,139390.0,-130.0,4940389888.0,125328.0,1.52,227.0,8352.0,6281.0,0.04,5,0.008,0.2727272727272727,0.4373444761820492,0.0,0.20050799007619852,5,ssdp
1582906,201308495,448666,1085204,49036,288828,546805,65971,849472,279808,0.413439316478745,0.18246693107487116,3.0359103385178408,127.17653164496186,0,0,0,0,0,65976,108,0,0,0,279808,4,0,0,0,0,0,0,0,0,0,0,0.0,0.0,0.0,0.0,0.0,2.000027698529208,179468,109358,4,1.6411053603760126,0.1133788108706392,0.06908685670532552,0.04167714317843258,0.0,0.0,0.1767685510068191,0.030978466188137516,0.3454437597684259,0.0,0.0,0.0,0.0,0.0,179964.0,40506.0,4848053760.0,125537.0,1.84,249.0,9728.0,6298.0,0.04,5,0.009000000000000001,0.2727272727272727,0.4363193496841499,0.0,0.1767685510068191,5,ssdp
2035381,229802184,501304,1408119,55058,336218,610229,68794,1101313,360102,0.3560096838406413,0.165186763559255,3.0583362491738453,112.90376789406996,0,0,0,0,0,68818,108,0,0,0,320236,6,0,0,0,0,0,0,0,0,0,0,0.0,0.0,0.0,0.0,0.0,1.9996193670788207,214173,122046,4,1.7548547269062484,0.10522501683959908,0.059962238028162786,0.033799077420885816,0.0,0.0,0.15733467100262802,0.02705046377066505,0.2998106988323071,0.0,0.0,0.0,0.0,0.0,139283.0,-19966.0,5035279360.0,125744.0,1.52,217.0,11168.0,6318.0,0.03,5,0.008,0.2727272727272727,0.4385298456970376,0.0,0.15733467100262802,5,ssdp
1584408,201292786,436595,1100946,46867,296092,531642,59304,861137,279832,0.39656350084381975,0.18687863227148563,3.0773356871265616,127.04605505652584,0,0,0,0,0,59303,108,0,0,0,279832,5,0,0,0,0,0,0,0,0,0,0,0.0,0.0,0.0,0.0,0.0,1.9999729817356533,189764,106329,4,1.7846871502600419,0.11976965529080894,0.06710960813123892,0.03742975294242392,0.0,0.0,0.17661612412964336,0.029580133399982833,0.3355461472045079,0.0,0.0,0.0,0.0,0.0,98658.0,-11.0,5036955648.0,125744.0,1.52,218.0,12608.0,6344.0,0.03,5,0.008,0.2727272727272727,0.43895600077776387,0.0,0.17661612412964336,5,ssdp
1569869,200314295,442279,1074489,53101,288694,520960,58181,852401,279984,0.41161798771322927,0.18389687292379173,3.044463255043145,127.59936975632999,0,0,0,0,0,58191,108,0,0,0,279984,5,0,0,0,0,0,0,0,0,0,0,0.0,0.0,0.0,0.0,0.0,2.000041567366846,184504,104187,4,1.7708927217407162,0.11752827783719533,0.0663666840991191,0.037061054138912225,0.0,0.0,0.1783486392813668,0.03382511534401915,0.33184934539123967,0.0,0.0,0.0,0.0,0.0,159285.0,20108.0,5037019648.0,125746.0,1.68,213.0,13856.0,6366.0,0.03,5,0.008,0.2727272727272727,0.43950113204539176,0.0,0.1783486392813668,5,ssdp
1539239,195187841,421011,1075358,42870,287926,529117,59370,831740,271125,0.39150775834652274,0.18705737055778862,3.0677362840018443,126.80801422001392,0,0,0,0,0,59353,108,0,0,0,271125,3,0,0,0,0,0,0,0,0,0,0,0.0,0.0,0.0,0.0,0.0,2.0000416782439565,182092,105823,4,1.720722338244049,0.11830001708636541,0.06875020708285068,0.03857100814103593,0.0,0.0,0.17614223652077424,0.027851425282233624,0.34375233475763023,0.0,0.0,0.0,0.0,0.0,-139381.0,-98.0,5034086400.0,125750.0,0.41,205.0,14784.0,6374.0,0.03,5,0.008,0.18181818181818182,0.4373185503780213,0.0,0.17614223652077424,5,ssdp
1803678,216194601,474332,1242573,54951,312615,573752,64387,975810,319808,0.38173370900542664,0.17332084773446257,3.0512369921953173,119.86319121262221,0,0,0,0,0,64372,108,0,0,0,300749,3,0,0,0,0,0,0,0,0,0,0,0.0,0.0,0.0,0.0,0.0,1.9991750441255467,197872,114753,4,1.724329647155194,0.10970472556631505,0.06362166639499955,0.03569761343210928,0.0,0.0,0.16674206815185416,0.03046608097454202,0.31810112448009015,0.0,0.0,0.0,0.0,0.0,1728.0,100386.0,5097145856.0,124333.0,1.55,8786.0,1408.0,6414.0,1.37,5,0.011000000000000001,0.2727272727272727,0.43814749754303633,0.0,0.16674206815185416,5,ssdp
2474162,244053113,537154,1703135,60944,352758,646614,72983,1339040,438830,0.31539132247296897,0.1425767593229546,3.051386641751931,98.64071673560584,0,0,0,0,0,73000,108,0,0,0,340400,4,0,0,0,0,0,0,0,0,0,0,0.0,0.0,0.0,0.0,0.0,2.0004877052899013,223438,129329,4,1.7276712879555243,0.09030855699828871,0.05227183991994057,0.029498068436909143,0.0,0.0,0.13758193683356224,0.024632178491141646,0.26134667010486784,0.0,0.0,0.0,0.0,0.0,-20108.0,139177.0,5108246016.0,124354.0,1.53,4045.0,2752.0,6431.0,0.63,5,0.008,0.2727272727272727,0.4383323323005338,0.0,0.13758193683356224,5,ssdp
1916722,215260139,466579,1328580,51186,313740,580899,63582,1035223,339104,0.35118622890605006,0.16368570924735043,3.052818604321978,112.30639550232115,0,0,0,0,0,63446,108,0,0,0,299018,6,0,0,0,0,0,0,0,0,0,0,0.0,0.0,0.0,0.0,0.0,2.0022464165826386,197554,116175,4,1.7004863352700668,0.10306867662603132,0.06061129365656574,0.03317225972258888,0.0,0.0,0.15600488751107358,0.026704968169614582,0.3030689896604724,0.0,0.0,0.0,0.0,0.0,159623.0,159623.0,4948147200.0,124555.0,1.69,2797.0,4352.0,6453.0,0.43,5,0.008,0.2727272727272727,0.4372444930396611,0.0,0.15600488751107358,5,ssdp
1579893,215564482,499662,1095405,54618,335020,580920,63757,853455,279808,0.4561436181138483,0.21205233518978817,3.050145099496798,136.44245654610788,0,0,0,0,0,63779,108,0,0,0,300067,6,0,0,0,0,0,0,0,0,0,0,0.0,0.0,0.0,0.0,0.0,1.9986040435013452,197672,116196,4,1.7011945333746428,0.12511733389539673,0.0735467528497183,0.04035526456538512,0.0,0.0,0.18992868504386057,0.03457069561039893,0.3676957869931698,0.0,0.0,0.0,0.0,0.0,139465.0,119357.0,5107566080.0,124352.0,1.54,2303.0,6048.0,6479.0,0.36,5,0.008,0.18181818181818182,0.4392915117199645,0.0,0.18992868504386057,5,ssdp
1579669,200963597,440480,1090062,49127,292465,531700,60553,855842,279808,0.40408710697189704,0.18514321671185546,3.058675949222324,127.21880153373903,0,0,0,0,0,60548,108,0,0,0,279808,4,0,0,0,0,0,0,0,0,0,0,0.0,0.0,0.0,0.0,0.0,2.0001572961476124,186116,106333,4,1.750312696905006,0.1178196191733838,0.06731346883429376,0.03833271400527579,0.0,0.0,0.177130778663125,0.03109955313423255,0.336589500711858,0.0,0.0,0.0,0.0,0.0,158683.0,179029.0,4902020096.0,126144.0,1.83,1882.0,7456.0,6505.0,0.29,5,0.008,0.2727272727272727,0.43857448323276294,0.0,0.177130778663125,5,ssdp
1806934,216071874,463421,1260096,49530,315149,594613,62881,973866,319263,0.36776642414546196,0.17441090820140637,3.0503566025502487,119.57928402476239,0,0,0,0,0,62933,108,0,0,0,299531,2,0,0,0,0,0,0,0,0,0,0,0.0,0.0,0.0,0.0,0.0,2.000387193418981,196230,118926,4,1.650017658039453,0.10859832179813983,0.06581646036877938,0.03479983220195093,0.0,0.0,0.16576753771858851,0.027411073121652477,0.3290728936419371,0.0,0.0,0.0,0.0,0.0,139153.0,-1822.0,5241144832.0,126342.0,1.51,1591.0,8928.0,6525.0,0.24,5,0.008,0.18181818181818182,0.4358697579880674,0.0,0.16576753771858851,5,ssdp
1578609,200536351,440359,1090572,47678,292561,532175,61565,854477,279552,0.40378718690742105,0.18532834919856658,3.0565941220238093,127.03357892929789,0,0,0,0,0,61553,108,0,0,0,279552,5,0,0,0,0,0,0,0,0,0,0,0.0,0.0,0.0,0.0,0.0,1.999883791672648,186133,106435,4,1.7487950392258185,0.11790950133947038,0.06742328214269651,0.0389995242647166,0.0,0.0,0.17708754986193542,0.030202539070789538,0.3371164107134826,0.0,0.0,0.0,0.0,0.0,119800.0,20306.0,4977905152.0,126342.0,1.67,1260.0,10400.0,6554.0,0.19,5,0.008,0.2727272727272727,0.4384957818625507,0.0,0.17708754986193542,5,ssdp
1583034,201130400,450121,1083256,49657,288966,540865,66464,851116,279808,0.41552596985384804,0.18253935165005933,3.0417857959743824,127.05374616085315,0,0,0,0,0,66470,108,0,0,0,279808,9,0,0,0,0,0,0,0,0,0,0,0.0,0.0,0.0,0.0,0.0,2.0000969019075834,180787,108175,4,1.6712456667437023,0.11420285350788423,0.06833397134868865,0.04198520057054997,0.0,0.0,0.17675425796287383,0.031368246038935364,0.3416635397597272,0.0,0.0,0.0,0.0,0.0,200325.0,40702.0,4866542080.0,126949.0,1.98,1285.0,11936.0,6575.0,0.2,5,0.009000000000000001,0.2727272727272727,0.4370728052131392,0.0,0.17675425796287383,5,ssdp
1807492,229667494,506158,1246364,54444,334128,611524,71533,976984,319824,0.40610768603714487,0.1848572497139683,3.0547551153134225,127.06418285668761,0,0,0,0,0,71544,108,0,0,0,300139,6,0,0,0,0,0,0,0,0,0,0,0.0,0.0,0.0,0.0,0.0,2.00031130640932,211823,122310,4,1.731853487041125,0.11719166668510843,0.06766834929283227,0.039575832147528175,0.0,0.0,0.16605274048239219,0.030121295142661767,0.3383273618915049,0.0,0.0,0.0,0.0,0.0,119040.0,-201.0,5430071296.0,127354.0,1.5,1057.0,13216.0,6598.0,0.16,5,0.008,0.18181818181818182,0.4358613018677602,0.0,0.16605274048239219,5,ssdp
2140138,243514082,529196,1482857,57977,357133,645397,71998,1161180,378826,0.35687594960269264,0.16687381841731702,3.065206717595941,113.78428961123068,0,0,0,0,0,71865,108,0,0,0,339548,3,0,0,0,0,0,0,0,0,0,0,0.0,0.0,0.0,0.0,0.0,2.000218429881208,228054,129079,4,1.766778484493992,0.10656041806649852,0.060313400350818495,0.033641755812008386,0.0,0.0,0.1586570585635132,0.027090309129598186,0.30156793627326833,0.0,0.0,0.0,0.0,0.0,78274.0,-39679.0,5423003648.0,127148.0,1.5,871.0,14944.0,6623.0,0.13,5,0.006999999999999999,0.2727272727272727,0.43874665113188965,0.0,0.1586570585635132,5,ssdp
1590316,202078598,439018,1103804,47496,296760,533780,59324,863333,282024,0.39773184369688824,0.1866044232718529,3.0612040110061556,127.06820405504315,0,0,0,0,0,59325,108,0,0,0,282026,4,0,0,0,0,0,0,0,0,0,0,0.0,0.0,0.0,0.0,0.0,2.0,190004,106755,4,1.7798135918692333,0.11947562622774342,0.06712816823826208,0.03730327809064362,0.0,0.0,0.17733959791638895,0.0298657625276989,0.33564398522054734,0.0,0.0,0.0,0.0,0.0,141453.0,2189.0,5273882112.0,126943.0,1.52,846.0,1120.0,6646.0,0.13,5,0.008,0.2727272727272727,0.439032313489471,0.0,0.17733959791638895,5,ssdp
2035830,244078119,500021,1410464,54927,335776,647277,72227,1104190,360740,0.3545081618531207,0.1649332213396993,3.06090258912236,119.89120849972738,0,0,0,0,0,72221,108,0,0,0,340159,2,0,0,0,0,0,0,0,0,0,0,0.0,0.0,0.0,0.0,0.0,2.000893852085357,227745,129456,4,1.75924638487208,0.11186837800798692,0.06358880653099719,0.035477913185285606,0.0,0.0,0.16708615159419007,0.026980150601965784,0.31794255905453794,0.0,0.0,0.0,0.0,0.0,139264.0,-20306.0,5275987968.0,126962.0,1.5,778.0,2816.0,6676.0,0.12,5,0.008,0.2727272727272727,0.4366252148120071,0.0,0.16708615159419007,5,ssdp
2140622,272495850,598105,1474344,67836,395453,721044,81479,1160113,379272,0.4056753376416901,0.18473742678529886,3.0587889430276953,127.29750978921079,0,0,0,0,0,81500,108,0,0,0,379329,3,0,0,0,0,0,0,0,0,0,0,0.0,0.0,0.0,0.0,0.0,2.000814587697196,251241,144205,4,1.7422488818002149,0.11736822288101309,0.06736593382671018,0.03806323582584875,0.0,0.0,0.1772050366669127,0.03168985463103715,0.33683854505839894,0.0,0.0,0.0,0.0,0.0,139512.0,-60843.0,5425054720.0,126960.0,1.5,721.0,4288.0,6701.0,0.11,5,0.008,0.2727272727272727,0.43847365582307946,0.0,0.1772050366669127,5,ssdp
1803763,230033173,505053,1241423,57905,332870,608456,68606,976086,319813,0.40683393170579246,0.18454198251100615,3.052052293058756,127.52959950946992,0,0,0,0,0,68820,108,0,0,0,319972,4,0,0,0,0,0,0,0,0,0,0,0.0,0.0,0.0,0.0,0.0,1.9974317277631428,211178,121691,4,1.7353625165377884,0.11707635648364004,0.06746507163080738,0.038034930309580585,0.0,0.0,0.17739137569625277,0.03210233273440025,0.33732591255059563,0.0,0.0,0.0,0.0,0.0,139362.0,98.0,5289878528.0,126756.0,1.51,773.0,5920.0,6733.0,0.11,5,0.009000000000000001,0.2727272727272727,0.4383830341390771,0.0,0.17739137569625277,5,ssdp
1692787,229999667,501307,1171179,55808,334329,615979,68227,915013,299905,0.4280361925888357,0.19750210747128846,3.0510094863373403,135.87041193014832,0,0,0,0,0,68228,108,0,0,0,320123,5,0,0,0,0,0,0,0,0,0,0,0.0,0.0,0.0,0.0,0.0,1.9981532282645724,211129,123191,4,1.7138346145416468,0.12472272057854887,0.07277407021674906,0.04030453920073819,0.0,0.0,0.1891100297911078,0.03296811707556828,0.3638845288863868,0.0,0.0,0.0,0.0,0.0,139264.0,-99.0,5531876864.0,126553.0,1.51,685.0,7200.0,6755.0,0.1,5,0.009000000000000001,0.2727272727272727,0.43773230318953776,0.0,0.1891100297911078,5,ssdp
1921385,244204228,529199,1333774,57433,355851,659658,71950,1037518,339910,0.3967681181369557,0.18520546376702224,3.0523314995145774,127.09801939746589,0,0,0,0,0,71794,108,0,0,0,339428,10,0,0,0,0,0,0,0,0,0,0,0.0,0.0,0.0,0.0,0.0,1.999668455508415,223920,131930,4,1.6972637004472069,0.11654093271260055,0.06866401059652281,0.03744694582293502,0.0,0.0,0.17665798369405403,0.02989145850519287,0.343324216645805,0.0,0.0,0.0,0.0,0.0,159001.0,17646.0,5076833280.0,126751.0,1.66,679.0,8928.0,6774.0,0.1,5,0.009000000000000001,0.2727272727272727,0.43719312766375357,0.0,0.17665798369405403,5,ssdp
1810607,216060649,467870,1256959,50789,314708,584284,63856,977648,320271,0.37222375590611945,0.17381353325155596,3.05256485913492,119.33050573647401,0,0,0,0,0,63747,108,0,0,0,299969,6,0,0,0,0,0,0,0,0,0,0,0.0,0.0,0.0,0.0,0.0,1.9992122782944555,197851,116851,4,1.6931904733378405,0.10927329895443903,0.06453692049130486,0.0352677306560728,0.0,0.0,0.16567316927417158,0.028050813898322497,0.322700619184616,0.0,0.0,0.0,0.0,0.0,139302.0,38.0,5355052544.0,126747.0,1.51,539.0,10688.0,6797.0,0.08,5,0.008,0.2727272727272727,0.43706558038965854,0.0,0.16567316927417158,5,ssdp
1696283,216016161,467464,1178406,50413,314881,583996,63474,915861,300116,0.3966918023160099,0.18562999216522244,3.051690013194898,127.34676996703969,0,0,0,0,0,63641,108,0,0,0,279808,5,0,0,0,0,0,0,0,0,0,0,0.0,0.0,0.0,0.0,0.0,1.9993967794371634,198084,116807,4,1.6958230243050503,0.1167753258153268,0.06886056159261161,0.03741946361544624,0.0,0.0,0.16495360738744655,0.029719687104097607,0.3442798165164657,0.0,0.0,0.0,0.0,0.0,139855.0,20202.0,5359235072.0,126749.0,1.67,589.0,12192.0,6823.0,0.09,5,0.009000000000000001,0.18181818181818182,0.43452513015827593,0.0,0.16495360738744655,5,ssdp
1917768,229071516,504944,1322524,55827,334310,601562,70372,1040317,339627,0.38180327918434753,0.17432244150491613,3.0631163011185802,119.44693831579211,0,0,0,0,0,70422,108,0,0,0,299706,5,0,0,0,0,0,0,0,0,0,0,0.0,0.0,0.0,0.0,0.0,1.9995573950906742,214003,120312,4,1.7787336259059778,0.11158961876514782,0.06273542993730212,0.03669474096971062,0.0,0.0,0.1562785488129951,0.02911040334388727,0.3136781925655241,0.0,0.0,0.0,0.0,0.0,139226.0,-98.0,4931664384.0,126949.0,1.5,559.0,13664.0,6859.0,0.08,5,0.009000000000000001,0.18181818181818182,0.436930800971437,0.0,0.1562785488129951,5,ssdp
2034695,258252544,573437,1398751,62251,372325,697073,82955,1094516,360088,0.4099636032431791,0.18298811369763035,3.0395792139699185,126.92445010185801,0,0,0,0,0,83048,108,0,0,0,359532,9,0,0,0,0,0,0,0,0,0,0,0.0,0.0,0.0,0.0,0.0,2.0005856814322867,232906,139413,4,1.6706189523215196,0.11446727887963552,0.06851788597308196,0.04077023829124267,0.0,0.0,0.17670068486923102,0.030594757445219063,0.34259336165862697,0.0,0.0,0.0,0.0,0.0,138538.0,19432.0,4806226432.0,127141.0,1.65,446.0,15584.0,6873.0,0.06,5,0.006999999999999999,0.2727272727272727,0.4369593413322537,0.0,0.17670068486923102,5,ssdp
1798770,214519771,465647,1247015,51635,313203,570428,62888,974988,318365,0.3734093014117713,0.17412064911022532,3.0624848837026684,119.2591443041634,0,0,0,0,0,62744,108,0,0,0,298228,5,0,0,0,0,0,0,0,0,0,0,0.0,0.0,0.0,0.0,0.0,1.999763759417699,199116,114085,4,1.7453302362273744,0.1106956420220484,0.06342389521728736,0.034961668251082684,0.0,0.0,0.16579551582470242,0.02870572669101664,0.3171211438927712,0.0,0.0,0.0,0.0,0.0,143727.0,-15372.0,4948117504.0,127332.0,1.53,466.0,1088.0,6903.0,0.07,5,0.008,0.2727272727272727,0.4382958505795854,0.0,0.16579551582470242,5,ssdp
1579373,213868972,469857,1089452,51524,310373,573406,65979,852039,279704,0.431278294041408,0.19651659234392382,3.046216714812802,135.4138458742805,0,0,0,0,0,66081,108,0,0,0,297825,5,0,0,0,0,0,0,0,0,0,0,0.0,0.0,0.0,0.0,0.0,1.9994137806637806,195691,114683,4,1.7063645004054655,0.12390423288228937,0.07261299262428825,0.041775438734231875,0.0,0.0,0.18857166736420086,0.03262307257373654,0.36305926465755717,0.0,0.0,0.0,0.0,0.0,145346.0,25476.0,4800813568.0,127429.0,1.7,419.0,2752.0,6924.0,0.06,5,0.008,0.2727272727272727,0.43762646006755085,0.0,0.18857166736420086,5,ssdp
1691823,215372450,475718,1165005,51760,312704,573614,67593,914064,299305,0.4083398783696207,0.18483257409315276,3.0539549957401313,127.30199908619282,0,0,0,0,0,67610,108,0,0,0,300006,6,0,0,0,0,0,0,0,0,0,0,0.0,0.0,0.0,0.0,0.0,1.9990794251521506,197973,114729,4,1.725570692675784,0.11701756034762502,0.06781383158876549,0.03995276101578002,0.0,0.0,0.17732706080955277,0.030594217007334692,0.3390508345140124,0.0,0.0,0.0,0.0,0.0,184835.0,25223.0,4732369408.0,127935.0,1.85,414.0,4352.0,6953.0,0.06,5,0.008,0.2727272727272727,0.4380876276150377,0.0,0.17732706080955277,5,ssdp
1584502,201308018,436243,1101101,47158,295914,533332,59348,860647,279640,0.39618799728635246,0.18675520762990516,3.0776963238449433,127.04813121094199,0,0,0,0,0,59338,108,0,0,0,279640,3,0,0,0,0,0,0,0,0,0,0,0.0,0.0,0.0,0.0,0.0,1.9999729654836813,189253,106666,4,1.7742579641122758,0.11944005119589625,0.06731831199960618,0.03745530141331472,0.0,0.0,0.1764844727239221,0.029762032487178937,0.33659282222426984,0.0,0.0,0.0,0.0,0.0,159847.0,46082.0,4817132032.0,128852.0,1.84,409.0,6240.0,6973.0,0.06,5,0.008,0.2727272727272727,0.4387115468564558,0.0,0.1764844727239221,5,ssdp
1694446,201052801,435515,1176662,47679,295232,532789,58735,920775,299564,0.3701275302508282,0.17423511873497297,3.0737171355703623,118.65400313730859,0,0,0,0,0,58734,108,0,0,0,279709,6,0,0,0,0,0,0,0,0,0,0,0.0,0.0,0.0,0.0,0.0,2.0,188675,106559,4,1.77061533985867,0.11134907810576436,0.06288722095599387,0.03466324686652747,0.0,0.0,0.16507401239107058,0.028138400397534062,0.31443256379961354,0.0,0.0,0.0,0.0,0.0,139374.0,26065.0,4866771968.0,129766.0,1.82,370.0,7392.0,7001.0,0.05,5,0.008,0.2727272727272727,0.43871616662003066,0.0,0.16507401239107058,5,ssdp
1695483,215317174,467362,1177330,50967,316249,569395,63452,920720,299757,0.39696771508413103,0.18652442991171247,3.071554625913657,126.99459328108864,0,0,0,0,0,67432,108,0,0,0,319869,6,0,0,0,0,0,0,0,0,0,0,0.0,0.0,0.0,0.0,0.0,1.998565452040597,202367,113873,4,1.7771289067645535,0.11935654913673567,0.0671625725530719,0.03742414403447277,0.0,0.0,0.18865951472235346,0.030060460647496907,0.33583055683837587,0.0,0.0,0.0,0.0,0.0,119011.0,21366.0,5150020608.0,130475.0,1.66,356.0,9312.0,7020.0,0.05,5,0.008,0.2727272727272727,0.4409541877650024,0.0,0.18865951472235346,5,ssdp
1685731,214642029,473648,1158286,53408,309888,569513,64576,911362,299913,0.40892145808548147,0.1838300416851799,3.0387545721592595,127.3287547064152,0,0,0,0,0,64545,108,0,0,0,300080,1,0,0,0,0,0,0,0,0,0,0,0.0,0.0,0.0,0.0,0.0,2.000374398863893,195990,113914,4,1.7205084537458082,0.1162641014491636,0.06757543166733007,0.03830741678239292,0.0,0.0,0.17801179428983627,0.03168239772537849,0.33784334511259506,0.0,0.0,0.0,0.0,0.0,119918.0,598.0,4984249856.0,130786.0,1.66,364.0,10976.0,7043.0,0.05,5,0.008,0.2727272727272727,0.438281321764227,0.0,0.17801179428983627,5,ssdp
1578745,200966120,440718,1087965,50062,291719,531980,59989,855245,279809,0.40508472239456234,0.1847790491814701,3.0565314196469733,127.29485762425217,0,0,0,0,0,59995,108,0,0,0,279809,6,0,0,0,0,0,0,0,0,0,0,0.0,0.0,0.0,0.0,0.0,1.9999520097625854,185324,106387,4,1.7419797531653303,0.11738691175585671,0.0673870701094857,0.03799790339795217,0.0,0.0,0.177235082296381,0.03170999749801266,0.33696385420064673,0.0,0.0,0.0,0.0,0.0,139520.0,-19787.0,5094219776.0,131100.0,1.65,331.0,12224.0,7063.0,0.05,5,0.008,0.2727272727272727,0.4384622798502375,0.0,0.177235082296381,5,ssdp
1693858,201247925,441089,1168113,49284,291745,535773,60316,916672,300190,0.37760815948457044,0.1722369879883674,3.053639361737566,118.81038729338587,0,0,0,0,0,60317,108,0,0,0,300190,9,0,0,0,0,0,0,0,0,0,0,0.0,0.0,0.0,0.0,0.0,2.0001439716992775,184578,107155,4,1.7225327796183099,0.10896899267825284,0.06326091089099559,0.03560865196492268,0.0,0.0,0.1772226479433341,0.029095709321560602,0.3163033737184581,0.0,0.0,0.0,0.0,0.0,159624.0,134.0,4789152256.0,131817.0,1.8,349.0,13472.0,7085.0,0.05,5,0.008,0.2727272727272727,0.4402555678310713,0.0,0.1772226479433341,5,ssdp
1583011,201498076,435198,1100378,47435,294172,544712,59005,855498,279831,0.39549863774084904,0.18583067331812603,3.0571952356958305,127.28785586455179,0,0,0,0,0,58997,108,0,0,0,279831,9,0,0,0,0,0,0,0,0,0,0,0.0,0.0,0.0,0.0,0.0,1.9999320148751454,185231,108941,4,1.7002873114805261,0.11701182114337803,0.068818852174748,0.037273903971608534,0.0,0.0,0.17677135534749916,0.029965047621273635,0.34409868282658806,0.0,0.0,0.0,0.0,0.0,139363.0,-19641.0,5031217664.0,132533.0,1.63,367.0,14688.0,7108.0,0.05,5,0.009000000000000001,0.2727272727272727,0.4371717397253293,0.0,0.17677135534749916,5,ssdp
1709824,217626218,473399,1185084,51341,316664,587498,65373,923116,302111,0.3994645105325867,0.18520268752807306,3.055552429405086,127.27989430491091,0,0,0,0,0,65380,108,0,0,0,302111,2,0,0,0,0,0,0,0,0,0,0,0.0,0.0,0.0,0.0,0.0,2.0002653005792395,199157,117505,4,1.6948810688906855,0.11647807025752357,0.0687234475595149,0.03823375973199581,0.0,0.0,0.17669128518490793,0.03002706711334032,0.3436014466986076,0.0,0.0,0.0,0.0,0.0,140682.0,21805.0,4709633024.0,132842.0,1.79,308.0,1056.0,7130.0,0.04,5,0.008,0.2727272727272727,0.43714539569828115,0.0,0.17669128518490793,5,ssdp
1930144,216414550,464938,1342686,50726,315869,587341,62294,1042904,341325,0.34627455711908817,0.16365048410895766,3.0554574086281403,112.12352549861565,0,0,0,0,0,62287,108,0,0,0,300290,5,0,0,0,0,0,0,0,0,0,0,0.0,0.0,0.0,0.0,0.0,2.0001709715617304,198407,117457,4,1.689188383834084,0.1027938848085946,0.060854008820067314,0.03227427590894773,0.0,0.0,0.1555790656033954,0.026280940696652686,0.3042990574796492,0.0,0.0,0.0,0.0,0.0,159726.0,20134.0,4828517888.0,133379.0,1.78,281.0,2848.0,7146.0,0.04,5,0.006999999999999999,0.18181818181818182,0.43687026900430864,0.0,0.1555790656033954,5,ssdp
1921145,228644419,504048,1324561,55179,335946,591064,70339,1045274,340323,0.380539665594865,0.17486759198290602,3.0714174475424816,119.01466000744348,0,0,0,0,0,74251,108,0,0,0,339678,8,0,0,0,0,0,0,0,0,0,0,0.0,0.0,0.0,0.0,0.0,1.9977996883883016,217735,118209,4,1.8419494285545095,0.11333605740326733,0.06153049353380406,0.03661306148156438,0.0,0.0,0.1768101835103545,0.028721934054951603,0.30766235760444943,0.0,0.0,0.0,0.0,0.0,119707.0,83.0,5110639104.0,134098.0,1.62,299.0,4480.0,7171.0,0.04,5,0.008,0.2727272727272727,0.4423124262338824,0.0,0.1768101835103545,5,ssdp
1587227,216453507,477759,1091347,52628,309579,598231,69473,848522,279808,0.4377700218170756,0.19504393511451104,3.0325151532479415,136.372117535803,0,0,0,0,0,65123,108,0,0,0,279808,4,0,0,0,0,0,0,0,0,0,0,0.0,0.0,0.0,0.0,0.0,1.9980573125080676,189930,119652,4,1.5873533246414602,0.11966152289496083,0.07538430230836547,0.04377004675449699,0.0,0.0,0.1762873237413426,0.033157198056736684,0.3769032406832797,0.0,0.0,0.0,0.0,0.0,118949.0,-20541.0,5116551680.0,134613.0,1.61,341.0,5920.0,7197.0,0.05,5,0.01,0.18181818181818182,0.4322452264307209,0.0,0.1762873237413426,5,ssdp
1690483,214985378,471282,1168168,51386,313385,571245,65185,915210,299752,0.4034368344279248,0.1853819293065946,3.0532239985054312,127.17393667963535,0,0,0,0,0,65142,108,0,0,0,300017,5,0,0,0,0,0,0,0,0,0,0,0.0,0.0,0.0,0.0,0.0,2.000223392372746,199137,114250,4,1.7429934354485777,0.11779887759888742,0.06758423480153306,0.03855998551893157,0.0,0.0,0.17747413017463057,0.030397229667497395,0.33791821627310065,0.0,0.0,0.0,0.0,0.0,159083.0,19648.0,4972232704.0,135321.0,1.75,299.0,7648.0,7224.0,0.04,5,0.009000000000000001,0.2727272727272727,0.43842519057908097,0.0,0.17747413017463057,5,ssdp
1906184,214619522,466537,1317467,53227,313768,559507,60155,1036128,339866,0.35411664960109057,0.16460530567878023,3.0486368156861823,112.59118846868928,0,0,0,0,0,60311,108,0,0,0,300357,9,0,0,0,0,0,0,0,0,0,0,0.0,0.0,0.0,0.0,0.0,2.000982099013437,201873,111895,4,1.8041288708163903,0.10590425688181204,0.058701048796968185,0.03155781393611529,0.0,0.0,0.15756978339971378,0.027923327443730512,0.29352203145131844,0.0,0.0,0.0,0.0,0.0,139743.0,-21555.0,4972129280.0,135828.0,1.6,266.0,8896.0,7248.0,0.04,5,0.008,0.2727272727272727,0.4398196361344741,0.0,0.15756978339971378,5,ssdp
2025937,243107964,535630,1400220,55445,354473,652551,77014,1091818,359119,0.38253274485438005,0.17496743482151716,3.0402679891623667,119.99779065193044,0,0,0,0,0,76906,108,0,0,0,339535,1,0,0,0,0,0,0,0,0,0,0,0.0,0.0,0.0,0.0,0.0,1.9997912611773998,223964,130520,4,1.7159362549800796,0.11054835367536107,0.06442451073256474,0.038014015243317045,0.0,0.0,0.16759405647855782,0.027367583493465,0.32209836732336694,0.0,0.0,0.0,0.0,0.0,119790.0,-20390.0,4973668864.0,136144.0,1.59,267.0,11008.0,7269.0,0.04,5,0.008,0.2727272727272727,0.43779954250930125,0.0,0.16759405647855782,5,ssdp
1688006,214853028,468916,1167796,51294,313240,570139,63772,913795,299415,0.4015393099479704,0.18556806077703517,3.051934605814672,127.28214710137286,0,0,0,0,0,63702,108,0,0,0,299415,5,0,0,0,0,0,0,0,0,0,0,0.0,0.0,0.0,0.0,0.0,1.998647320801909,199222,114024,4,1.7471935732828177,0.11802209233853435,0.06754952292823603,0.03777948656580605,0.0,0.0,0.17737792401211844,0.030387332746447584,0.33775887052534176,0.0,0.0,0.0,0.0,0.0,159850.0,20268.0,4832975872.0,136863.0,1.73,260.0,12096.0,7297.0,0.04,5,0.008,0.2727272727272727,0.43846803613742485,0.0,0.17737792401211844,5,ssdp
1694184,215421072,437847,1172923,48411,293750,570379,63841,918666,299901,0.37329560422977465,0.1733873062193953,3.063230866185841,127.15329149608307,0,0,0,0,0,63871,108,0,0,0,299817,6,0,0,0,0,0,0,0,0,0,0,0.0,0.0,0.0,0.0,0.0,2.000095323692023,200709,114078,4,1.7594014621574712,0.1184694224476208,0.06733507104305081,0.03768244771524226,0.0,0.0,0.1769683812384015,0.028574818319615815,0.3366688624139999,0.0,0.0,0.0,0.0,0.0,139176.0,93.0,5118412800.0,137376.0,1.58,268.0,13664.0,7322.0,0.04,5,0.009000000000000001,0.2727272727272727,0.43638272663155314,0.0,0.1769683812384015,5,ssdp
1692589,215557890,440574,1167285,49679,291593,571009,64229,916933,299644,0.37743481669001144,0.17227631752303718,3.0600746218846364,127.3539471188812,0,0,0,0,0,64205,108,0,0,0,299644,7,0,0,0,0,0,0,0,0,0,0,0.0,0.0,0.0,0.0,0.0,1.9999245552187213,198714,114194,4,1.7401439655323396,0.11740239361120744,0.06746705786224536,0.03794719214174262,0.0,0.0,0.17703293593424038,0.029350893808242875,0.33735833093562584,0.0,0.0,0.0,0.0,0.0,118929.0,-19648.0,4972226560.0,137688.0,1.57,233.0,15232.0,7342.0,0.03,5,0.008,0.2727272727272727,0.4360298814822705,0.0,0.17703293593424038,5,ssdp
1811292,230800840,443031,1248993,50208,292668,614184,68808,980433,320851,0.3547105548229654,0.16157969007757997,3.055726801537162,127.4233199285372,0,0,0,0,0,68558,108,0,0,0,320851,7,0,0,0,0,0,0,0,0,0,0,0.0,0.0,0.0,0.0,0.0,2.000054670949224,211619,122841,4,1.7227065881912391,0.11683317764336175,0.067819545385283,0.03798835306510491,0.0,0.0,0.17713930166974734,0.02771944004611073,0.33908613299236123,0.0,0.0,0.0,0.0,0.0,141541.0,1805.0,5105855488.0,138201.0,1.58,255.0,1184.0,7366.0,0.03,5,0.009000000000000001,0.18181818181818182,0.433298929561462,0.0,0.17713930166974734,5,ssdp
1693928,215631796,466924,1176725,50280,314360,583219,63566,914977,299762,0.3967995920882109,0.18558049692785053,3.0523448602558028,127.29690754270547,0,0,0,0,0,63580,108,0,0,0,299762,5,0,0,0,0,0,0,0,0,0,0,0.0,0.0,0.0,0.0,0.0,2.001387907379465,197726,116645,4,1.6951090916884564,0.11672633075313708,0.06886065995721187,0.03752579802683467,0.0,0.0,0.17696265720857085,0.0296824894564586,0.3442997577228784,0.0,0.0,0.0,0.0,0.0,139264.0,0.0,5088906752.0,138536.0,1.56,208.0,2880.0,7392.0,0.03,5,0.006999999999999999,0.2727272727272727,0.43712822393917555,0.0,0.17696265720857085,5,ssdp
1921006,215787082,469029,1331857,50900,314091,582760,64287,1036846,339834,0.35216168102131085,0.16350339353442936,3.05103668261563,112.33024883836906,0,0,0,0,0,64313,108,0,0,0,300036,6,0,0,0,0,0,0,0,0,0,0,0.0,0.0,0.0,0.0,0.0,1.9998790232721022,197525,116547,4,1.6948098192145657,0.10282372881708855,0.06066977406629651,0.03346527808866812,0.0,0.0,0.15618691456455627,0.026496533587089265,0.3033618843460145,0.0,0.0,0.0,0.0,0.0,139436.0,-20352.0,4935976960.0,138850.0,1.56,217.0,4352.0,7418.0,0.03,5,0.008,0.2727272727272727,0.437185750174887,0.0,0.15618691456455627,5,ssdp
1584844,201344778,445159,1091169,48516,292027,537738,63882,855958,279644,0.40796521895325105,0.1842622996332762,3.0608845532176625,127.0439096844863,0,0,0,0,0,63887,108,0,0,0,279644,5,0,0,0,0,0,0,0,0,0,0,0.0,0.0,0.0,0.0,0.0,2.0000753383376253,184474,107542,4,1.7153670193970727,0.11639883799288762,0.06785652089417002,0.04030806817579522,0.0,0.0,0.17644891232196985,0.030612476685402474,0.339300271824861,0.0,0.0,0.0,0.0,0.0,139058.0,-118.0,4935057408.0,139364.0,1.55,218.0,6112.0,7444.0,0.03,5,0.008,0.2727272727272727,0.43777246479900694,0.0,0.17644891232196985,5,ssdp
1906559,199618776,442653,1308375,51329,290255,513385,59899,1034960,339561,0.3383227285755231,0.15224024013943444,3.047935422501406,104.70107455368546,0,0,0,0,0,59892,108,0,0,0,279957,8,0,0,0,0,0,0,0,0,0,0,0.0,0.0,0.0,0.0,0.0,1.9999793287351253,187577,102679,4,1.8268292445388055,0.0983851011167239,0.05385566352785306,0.03141733353124661,0.0,0.0,0.14683888618185956,0.026922324459930168,0.26927307258784017,0.0,0.0,0.0,0.0,0.0,139511.0,0.0,5058755072.0,139877.0,1.55,246.0,7488.0,7473.0,0.03,5,0.009000000000000001,0.2727272727272727,0.44056741514657133,0.0,0.14683888618185956,5,ssdp
1653293,210613863,450244,1156019,47031,307116,586257,61998,888347,291368,0.38947802761027284,0.18576017681076493,3.048883199253178,127.39052484949734,0,0,0,0,0,62042,108,0,0,0,291369,3,0,0,0,0,0,0,0,0,0,0,0.0,0.0,0.0,0.0,0.0,2.0001042005861285,189862,117258,4,1.619181633662522,0.11483868860510509,0.07092390761952055,0.037499705133935725,0.0,0.0,0.17623554929465013,0.02844686332065762,0.354599577933252,0.0,0.0,0.0,0.0,0.0,-119306.0,20130.0,4907679232.0,140134.0,0.69,230.0,8128.0,7484.0,0.03,5,0.009000000000000001,0.18181818181818182,0.4349938488361607,0.0,0.17623554929465013,5,ssdp
1688598,214715086,499736,1166677,54750,331639,616186,69923,911485,298531,0.42834134897662335,0.19639902451619629,3.053234002498903,127.15583341920339,0,0,0,0,0,66038,108,0,0,0,298531,2,0,0,0,0,0,0,0,0,0,0,0.0,0.0,0.0,0.0,0.0,2.0014786025094,208386,123229,4,1.6910467503590876,0.12340770272142926,0.07297710882045341,0.04140890845541686,0.0,0.0,0.17679222645058207,0.03242334765290496,0.36490982460005283,0.0,0.0,0.0,0.0,0.0,70.0,139128.0,4774602240.0,138644.0,1.56,6620.0,10720.0,7519.0,0.88,5,0.008,0.18181818181818182,0.43490148735925865,0.0,0.17679222645058207,5,ssdp
1695273,243997655,537994,1167472,58741,354189,650487,76257,915659,299982,0.4608196170871764,0.20892741169121434,3.052379809455234,143.9282375169073,0,0,0,0,0,71902,108,0,0,0,319508,6,0,0,0,0,0,0,0,0,0,0,0.0,0.0,0.0,0.0,0.0,1.9981214141858614,224093,130101,4,1.722454093358237,0.13218696929639062,0.07674339177229862,0.04498213562063455,0.0,0.0,0.1884699396498381,0.03464987645057758,0.3837063411025835,0.0,0.0,0.0,0.0,0.0,40434.0,179945.0,4585473024.0,139562.0,1.84,4057.0,12128.0,7540.0,0.54,5,0.008,0.18181818181818182,0.4357852507855158,0.0,0.1884699396498381,5,ssdp
2368148,287124378,632054,1630578,68821,416550,762461,87759,1281210,419962,0.38762573762187397,0.17589694563008731,3.0507760225925202,121.2442710506269,0,0,0,0,0,83600,108,0,0,0,420309,12,0,0,0,0,0,0,0,0,0,0,0.0,0.0,0.0,0.0,0.0,1.9963767595002229,264062,152484,4,1.73173578867291,0.11150569981268063,0.06438955673378521,0.03705807238398951,0.0,0.0,0.177484261963357,0.02906110597817366,0.32196509677604607,0.0,0.0,0.0,0.0,0.0,139264.0,139470.0,4907222016.0,140483.0,1.54,2887.0,13760.0,7563.0,0.38,5,0.008,0.2727272727272727,0.4398670858432348,0.0,0.177484261963357,5,ssdp
1907426,228420744,492780,1326246,53262,336527,601711,64650,1036065,338848,0.37156002732524734,0.17642991130455388,3.057609901784871,119.75339751057184,0,0,0,0,0,64670,108,0,0,0,319049,6,0,0,0,0,0,0,0,0,0,0,0.0,0.0,0.0,0.0,0.0,1.9988536469470184,216187,120349,4,1.7963339952970112,0.11333965249503782,0.06309497721012505,0.03389384437456552,0.0,0.0,0.16726677732189874,0.027923494803992397,0.315457060981658,0.0,0.0,0.0,0.0,0.0,118253.0,158730.0,4792468480.0,140792.0,1.68,2175.0,15328.0,7591.0,0.29,5,0.008,0.2727272727272727,0.4393292039672047,0.0,0.16726677732189874,5,ssdp
1819778,216868004,473249,1263192,50145,318907,574679,66240,987271,321569,0.3746453429090748,0.17524500241238217,3.0701684552926434,119.17278041607273,0,0,0,0,0,66086,108,0,0,0,302067,5,0,0,0,0,0,0,0,0,0,0,0.0,0.0,0.0,0.0,0.0,1.9998808501031586,203960,114935,4,1.7745682342193414,0.1120796053144944,0.06315880288694554,0.03640004440102034,0.0,0.0,0.1659911263901421,0.027555558974776045,0.3157962125050418,0.0,0.0,0.0,0.0,0.0,139264.0,119307.0,4947473920.0,142896.0,1.52,1777.0,16480.0,7615.0,0.23,5,0.008,0.2727272727272727,0.4388011150496302,0.0,0.1659911263901421,5,ssdp
2027806,244213826,537857,1396398,60876,353207,648294,73530,1097117,359838,0.38517457057371896,0.17418184974302275,3.0489192358783677,120.43253940465705,0,0,0,0,0,73684,108,0,0,0,340493,4,0,0,0,0,0,0,0,0,0,0,0.0,0.0,0.0,0.0,0.0,2.001184142686361,223543,129643,4,1.7242967225380468,0.11023884927848128,0.06393264444429102,0.036260865191246106,0.0,0.0,0.1679120191971027,0.030020623274613054,0.3197021805833497,0.0,0.0,0.0,0.0,0.0,119991.0,286.0,4932682752.0,143394.0,1.51,1500.0,2048.0,7638.0,0.2,5,0.008,0.2727272727272727,0.438212493453661,0.0,0.1679120191971027,5,ssdp
1690002,242642424,468105,1169519,51746,312815,642496,72086,915954,299995,0.40025429257669176,0.1850974140859005,3.053230887181453,143.57522890505456,0,0,0,0,0,72307,108,0,0,0,338721,6,0,0,0,0,0,0,0,0,0,0,0.0,0.0,0.0,0.0,0.0,1.9988306634547186,225305,128514,4,1.753155298255443,0.13331641027643754,0.0760436969897077,0.04265438739125753,0.0,0.0,0.2004263900279408,0.030618898675859554,0.3801746980181089,0.0,0.0,0.0,0.0,0.0,158907.0,-20804.0,4816195072.0,143903.0,1.64,1418.0,3712.0,7661.0,0.19,5,0.009000000000000001,0.18181818181818182,0.43443073032875923,0.0,0.2004263900279408,5,ssdp
1686923,200467038,440470,1161530,49847,290121,531589,59820,912524,300009,0.3792153452773497,0.1719823607835094,3.0416554170041565,118.83591485799886,0,0,0,0,0,59819,108,0,0,0,279623,3,0,0,0,0,0,0,0,0,0,0,0.0,0.0,0.0,0.0,0.0,2.000034468971032,183803,106318,4,1.728804153577005,0.10895755170805069,0.0630248090754587,0.0354610139289108,0.0,0.0,0.16575919588505225,0.029549066554904996,0.3151234525820088,0.0,0.0,0.0,0.0,0.0,139370.0,0.0,4967547904.0,144412.0,1.5,1146.0,5248.0,7686.0,0.15,5,0.008,0.2727272727272727,0.438317532200261,0.0,0.16575919588505225,5,ssdp
1584530,201761166,437021,1100403,47106,294018,545878,59646,855991,279981,0.3971463182125094,0.1855553381759891,3.057318175161886,127.33186875603491,0,0,0,0,0,59646,108,0,0,0,279981,3,0,0,0,0,0,0,0,0,0,0,0.0,0.0,0.0,0.0,0.0,2.0,184841,109178,4,1.6930242356518712,0.11665351870901781,0.06890245056893843,0.03764270793232063,0.0,0.0,0.1766965598631771,0.029728689264324436,0.3445046796210864,0.0,0.0,0.0,0.0,0.0,120049.0,-19167.0,4967214080.0,144530.0,1.5,963.0,6976.0,7708.0,0.12,5,0.006999999999999999,0.2727272727272727,0.4370311469505986,0.0,0.1766965598631771,5,ssdp
1584072,201095500,478583,1087305,52655,311653,536320,65236,854491,279808,0.4401552462280593,0.19674168850910817,3.0538476383806037,126.94845941346101,0,0,0,0,0,65241,108,0,0,0,279808,7,0,0,0,0,0,0,0,0,0,0,0.0,0.0,0.0,0.0,0.0,2.0013935447411346,183657,107260,4,1.7122599291441358,0.11593980576640456,0.06771156866607074,0.04118247150382053,0.0,0.0,0.17663843562666343,0.0332402820073835,0.338570469019085,0.0,0.0,0.0,0.0,0.0,159025.0,19761.0,4846586880.0,144848.0,1.63,927.0,8416.0,7727.0,0.12,5,0.008,0.18181818181818182,0.4398480829017489,0.0,0.17663843562666343,5,ssdp
2033123,273691276,588707,1417019,63674,400018,740723,78867,1099466,359790,0.4154545563609239,0.1967505163239017,3.055854804191334,134.61619193723155,0,0,0,0,0,78658,108,0,0,0,359790,5,0,0,0,0,0,0,0,0,0,0,0.0,0.0,0.0,0.0,0.0,2.0003800551079904,251871,148154,4,1.700062097547147,0.12388379847161239,0.07287016083139092,0.03879106182951056,0.0,0.0,0.17696420728111384,0.031318321616547545,0.3643276870115581,0.0,0.0,0.0,0.0,0.0,139315.0,-64.0,5034536448.0,145358.0,1.49,821.0,9728.0,7752.0,0.11,5,0.008,0.18181818181818182,0.43510568196721217,0.0,0.17696420728111384,5,ssdp
1581904,201125878,442975,1090283,48646,291233,541526,62897,852638,279808,0.40629359533258796,0.18410282798450475,3.047225240164684,127.14164576358615,0,0,0,0,0,62901,108,0,0,0,279808,2,0,0,0,0,0,0,0,0,0,0,0.0,0.0,0.0,0.0,0.0,2.0000206022731173,182925,108298,4,1.6890893645312008,0.11563596779577016,0.06846053869261345,0.039760314153071234,0.0,0.0,0.17688051866611373,0.030751550030848902,0.3423254508491034,0.0,0.0,0.0,0.0,0.0,160039.0,20733.0,5036142080.0,145466.0,1.77,779.0,11456.0,7771.0,0.1,5,0.008,0.2727272727272727,0.43724189292724985,0.0,0.17688051866611373,5,ssdp
1584967,201674946,470505,1098782,51744,315052,543765,60618,856481,279606,0.4282059589618323,0.1987751164535287,3.063171033525747,127.24236277474547,0,0,0,0,0,60622,108,0,0,0,279606,5,0,0,0,0,0,0,0,0,0,0,0.0,0.0,0.0,0.0,0.0,2.0007239520159525,184999,108756,4,1.7010463790503512,0.1167210421415714,0.06861720149378504,0.038245591233129775,0.0,0.0,0.17641124389340598,0.03264673649356738,0.34307654354948713,0.0,0.0,0.0,0.0,0.0,179928.0,40495.0,4791205376.0,146181.0,1.76,699.0,12640.0,7795.0,0.09,5,0.008,0.18181818181818182,0.4392544499216767,0.0,0.17641124389340598,5,ssdp
1814211,230461802,542698,1247231,60347,354993,614996,73456,979470,320505,0.4351222828810381,0.19567349112093357,3.0560209669115928,127.03142137270693,0,0,0,0,0,73484,108,0,0,0,320505,6,0,0,0,0,0,0,0,0,0,0,0.0,0.0,0.0,0.0,0.0,2.0009187498238594,210691,122998,4,1.7129628124034537,0.11613368015076526,0.06779696518210947,0.040489226446096954,0.0,0.0,0.17666357441334002,0.033263495811677916,0.3389881331333566,0.0,0.0,0.0,0.0,0.0,119228.0,20071.0,5097302528.0,147306.0,1.61,630.0,14400.0,7817.0,0.08,5,0.006999999999999999,0.18181818181818182,0.43963020782723994,0.0,0.17666357441334002,5,ssdp
1702400,216281490,472371,1178291,51738,316536,572307,64982,922739,301458,0.4008950250829379,0.18593515037593986,3.060920592586695,127.04504816729323,0,0,0,0,0,65005,108,0,0,0,301458,6,0,0,0,0,0,0,0,0,0,0,0.0,0.0,0.0,0.0,0.0,1.9988128465162096,202065,114467,4,1.7652685926948377,0.11869419642857143,0.06723860432330828,0.038170817669172935,0.0,0.0,0.17707824248120302,0.03039121240601504,0.3361765742481203,0.0,0.0,0.0,0.0,0.0,119242.0,712.0,4952690688.0,148230.0,1.6,590.0,15712.0,7839.0,0.08,5,0.006999999999999999,0.2727272727272727,0.43877306830049556,0.0,0.17707824248120302,5,ssdp
1581929,200937433,435500,1098977,47452,295495,531233,58901,859254,279808,0.39627762910415776,0.186794097585922,3.0708700251601098,127.02051293073204,0,0,0,0,0,58896,108,0,0,0,279808,5,0,0,0,0,0,0,0,0,0,0,0.0,0.0,0.0,0.0,0.0,2.0000203051182437,189245,106240,4,1.781297063253012,0.11962926275452311,0.06715851343517945,0.03723365587203977,0.0,0.0,0.17687772333650878,0.0299962893404192,0.3358134277834214,0.0,0.0,0.0,0.0,0.0,119246.0,170.0,5083387392.0,148930.0,1.46,589.0,1984.0,7860.0,0.07,5,0.008,0.2727272727272727,0.4389420829002354,0.0,0.17687772333650878,5,ssdp
1797112,229319979,504591,1233770,58751,330273,608528,67881,971985,319390,0.40898303573599615,0.18377986458273052,3.0432543285638247,127.60472302227129,0,0,0,0,0,67946,108,0,0,0,319390,2,0,0,0,0,0,0,0,0,0,0,0.0,0.0,0.0,0.0,0.0,1.99908602280706,208576,121717,4,1.7136143677547098,0.1160617702179942,0.06772922333165657,0.03777227017570413,0.0,0.0,0.17772403723307173,0.03269189677660602,0.3386143991025601,0.0,0.0,0.0,0.0,0.0,118805.0,-40363.0,5231406080.0,149449.0,1.45,589.0,3744.0,7887.0,0.07,5,0.008,0.2727272727272727,0.4380694141451334,0.0,0.17772403723307173,5,ssdp
1805178,229721243,495111,1259564,52145,339658,607848,66283,980315,319936,0.3930812566888225,0.18815762212923046,3.064097194438888,127.25683727588083,0,0,0,0,0,66578,108,0,0,0,320558,4,0,0,0,0,0,0,0,0,0,0,0.0,0.0,0.0,0.0,0.0,2.001084029999352,218079,121564,4,1.7939439307689777,0.12080747715737727,0.0673418355419798,0.03671826268656055,0.0,0.0,0.17757694809043761,0.0288863480498876,0.33672468864566263,0.0,0.0,0.0,0.0,0.0,139607.0,-40152.0,5102051840.0,149966.0,1.45,526.0,5344.0,7907.0,0.07,5,0.008,0.2727272727272727,0.4391194834144114,0.0,0.17757694809043761,5,ssdp
1912441,243652857,507110,1313166,57972,330168,645341,73876,1033119,340085,0.3861735683074341,0.17264218870020043,3.0378258376582323,127.40411704204209,0,0,0,0,0,73905,108,0,0,0,340086,13,0,0,0,0,0,0,0,0,0,0,0.0,0.0,0.0,0.0,0.0,1.9988739352331135,222591,129063,4,1.7246693475279515,0.11639104160598941,0.06748600348978086,0.03862916555334256,0.0,0.0,0.17782823104085302,0.03031309201172742,0.3374436126395533,0.0,0.0,0.0,0.0,0.0,139312.0,-20327.0,5104247296.0,150486.0,1.44,499.0,6784.0,7928.0,0.06,5,0.008,0.2727272727272727,0.4362361637058508,0.0,0.17782823104085302,5,ssdp
1576369,200572129,437823,1089697,48849,292397,531298,59330,854249,279647,0.4017841656900955,0.185487661835522,3.0547404406269334,127.23678846767477,0,0,0,0,0,59334,108,0,0,0,279647,5,0,0,0,0,0,0,0,0,0,0,0.0,0.0,0.0,0.0,0.0,2.000047881254489,186131,106258,4,1.7516892845715146,0.1180757804803317,0.0674068064012931,0.03763712684022586,0.0,0.0,0.1773994540618345,0.030988302865636155,0.3370391069603627,0.0,0.0,0.0,0.0,0.0,139008.0,-20473.0,5246845952.0,150804.0,1.44,474.0,8160.0,7953.0,0.06,5,0.008,0.2727272727272727,0.4385966179076162,0.0,0.1773994540618345,5,ssdp
1693582,215620535,468649,1174303,50630,314030,580664,63843,915113,300055,0.39908694774687625,0.18542355787909887,3.0498175334522006,127.31626517050843,0,0,0,0,0,63920,108,0,0,0,300055,3,0,0,0,0,0,0,0,0,0,0,0.0,0.0,0.0,0.0,0.0,2.000509635292244,197906,116144,4,1.7039709326353492,0.11685646162984727,0.06857890553867484,0.03769702323241508,0.0,0.0,0.17717181689460562,0.029895216174947538,0.3428614616829891,0.0,0.0,0.0,0.0,0.0,158877.0,19357.0,4972435968.0,151317.0,1.56,521.0,9600.0,7975.0,0.07,5,0.009000000000000001,0.2727272727272727,0.4374215830630358,0.0,0.17717181689460562,5,ssdp
1914665,243868417,528211,1329487,56967,355242,659101,71730,1033318,339297,0.3973043737922973,0.18553741777282187,3.045467540237609,127.36871306468755,0,0,0,0,0,71755,108,0,0,0,339297,4,0,0,0,0,0,0,0,0,0,0,0.0,0.0,0.0,0.0,0.0,1.9995271947451072,223417,131818,4,1.694889923986102,0.1166872533837512,0.06884650839703028,0.03746347272238224,0.0,0.0,0.1772095901894065,0.029752985509214406,0.34423828711550064,0.0,0.0,0.0,0.0,0.0,139296.0,30.0,5354913280.0,151827.0,1.43,458.0,11168.0,7993.0,0.06,5,0.008,0.2727272727272727,0.43718174391243225,0.0,0.1772095901894065,5,ssdp
1695767,215598183,474277,1169812,51678,312828,578067,66854,915616,300135,0.4054301032986497,0.18447581536850285,3.05068052709614,127.139036789842,0,0,0,0,0,66872,108,0,0,0,300135,1,0,0,0,0,0,0,0,0,0,0,0.0,0.0,0.0,0.0,0.0,2.000626738720302,197216,115607,4,1.705917461745396,0.11629899626540674,0.06817387058481501,0.03942404823304145,0.0,0.0,0.17699070686008161,0.030474705546221857,0.34088822344107417,0.0,0.0,0.0,0.0,0.0,119833.0,-359.0,5275509248.0,152138.0,1.42,414.0,12672.0,8017.0,0.05,5,0.008,0.2727272727272727,0.43760685396109444,0.0,0.17699070686008161,5,ssdp
2040858,274166222,586281,1425579,63023,401151,747025,78155,1104062,359884,0.41125816247293207,0.19655997624528507,3.0678274110546733,134.338705583632,0,0,0,0,0,78007,108,0,0,0,379503,3,0,0,0,0,0,0,0,0,0,0,0.0,0.0,0.0,0.0,0.0,2.0020811810328047,251736,149410,4,1.684867144100127,0.12334812123136446,0.07320940506394859,0.03829516801266918,0.0,0.0,0.18595267284642047,0.0308806394173431,0.36603477556988284,0.0,0.0,0.0,0.0,0.0,139424.0,0.0,5071919104.0,152461.0,1.42,445.0,14208.0,8044.0,0.06,5,0.009000000000000001,0.18181818181818182,0.4365958517213597,0.0,0.18595267284642047,5,ssdp
1822466,230843214,514393,1252409,55996,333783,615604,74935,983097,321692,0.4107228549140097,0.1831490957856004,3.0560194223045647,126.66530623890925,0,0,0,0,0,75037,108,0,0,0,321363,6,0,0,0,0,0,0,0,0,0,0,0.0,0.0,0.0,0.0,0.0,2.000725284869119,210663,123128,4,1.71092684036125,0.11559227991084607,0.06756120553140635,0.04111736515249118,0.0,0.0,0.17633415383332254,0.030725401735889724,0.3377862742020976,0.0,0.0,0.0,0.0,0.0,139168.0,-253.0,5049488896.0,152780.0,1.42,347.0,15616.0,8063.0,0.04,5,0.006999999999999999,0.2727272727272727,0.43785409230937483,0.0,0.17633415383332254,5,ssdp
1691708,214764866,467171,1173558,50982,316319,561008,63111,920348,299719,0.3980808788317237,0.18698203236019456,3.070702891708567,126.95149872200167,0,0,0,0,0,63234,108,0,0,0,299722,6,0,0,0,0,0,0,0,0,0,0,0.0,0.0,0.0,0.0,0.0,1.999702875783112,204120,112200,4,1.8192513368983958,0.12065912084118535,0.06632350263757102,0.03730608355579095,0.0,0.0,0.1771712375894658,0.030136406519328394,0.3316222421363498,0.0,0.0,0.0,0.0,0.0,139363.0,-19514.0,4889833984.0,152995.0,1.42,367.0,1920.0,8086.0,0.05,5,0.008,0.2727272727272727,0.43981964914474136,0.0,0.1771712375894658,5,ssdp
1806890,244294851,542742,1239523,59566,351637,659019,78860,970136,319587,0.43786359752904946,0.19460896900198685,3.0355928119729527,135.20183907155388,0,0,0,0,0,78771,108,0,0,0,339924,8,0,0,0,0,0,0,0,0,0,0,0.0,0.0,0.0,0.0,0.0,1.9995848852748002,219835,131800,4,1.6679438543247345,0.12166484954811858,0.07294301257962577,0.04364405138110233,0.0,0.0,0.1881265600008855,0.032966035563869414,0.36472557820343243,0.0,0.0,0.0,0.0,0.0,139773.0,226.0,4888424960.0,152804.0,1.42,353.0,3456.0,8107.0,0.04,5,0.008,0.2727272727272727,0.43692802586463003,0.0,0.1881265600008855,5,ssdp
2143245,243506062,532638,1482625,57707,355762,647261,73380,1158993,379456,0.3592533513194503,0.16599222207447117,3.0543541280148423,113.615597843457,0,0,0,0,0,73357,108,0,0,0,339954,9,0,0,0,0,0,0,0,0,0,0,0.0,0.0,0.0,0.0,0.0,1.9997639149644186,226307,129450,4,1.7482193897257627,0.1055908213946609,0.06039906776873386,0.03423780295766466,0.0,0.0,0.15861649041523485,0.026925059897491888,0.3020004712480374,0.0,0.0,0.0,0.0,0.0,139195.0,-123.0,4892987392.0,152405.0,1.42,351.0,4928.0,8129.0,0.04,5,0.008,0.2727272727272727,0.4384847344004935,0.0,0.15861649041523485,5,ssdp
1692045,214909167,466669,1175446,49930,316038,568632,63466,919483,299083,0.39701440984953795,0.1867787204241022,3.0743405676685067,127.01149614815209,0,0,0,0,0,63339,108,0,0,0,299083,6,0,0,0,0,0,0,0,0,0,0,0.0,0.0,0.0,0.0,0.0,2.001177766802173,202311,113729,4,1.7788866516016144,0.11956596899018643,0.06721393343557648,0.037508458699384475,0.0,0.0,0.1767583013454134,0.0295086714596834,0.33606198416708777,0.0,0.0,0.0,0.0,0.0,139264.0,0.0,4890672128.0,152004.0,1.42,319.0,6656.0,8153.0,0.04,5,0.008,0.2727272727272727,0.4388693798377636,0.0,0.1767583013454134,5,ssdp
1684393,214851610,504407,1154514,59764,330869,560105,62520,914623,299737,0.43689985569685597,0.19643218655028843,3.0514184101395556,127.55432372373906,0,0,0,0,0,62708,108,0,0,0,299737,4,0,0,0,0,0,0,0,0,0,0,0.0,0.0,0.0,0.0,0.0,1.9997884582839736,198103,112025,4,1.7683820575764337,0.11761091384255337,0.0665076380630886,0.037117228580266004,0.0,0.0,0.17794956402692247,0.035481030852063625,0.33252631660188564,0.0,0.0,0.0,0.0,0.0,139363.0,213.0,4890939904.0,151810.0,1.43,328.0,8544.0,8180.0,0.04,5,0.008,0.2727272727272727,0.4411541980359452,0.0,0.17794956402692247,5,ssdp
1585549,201362835,436735,1102522,46292,295258,541875,60922,857487,279611,0.39612361476687086,0.18621814904490494,3.066714113536306,126.99880924525196,0,0,0,0,0,60926,108,0,0,0,279611,5,0,0,0,0,0,0,0,0,0,0,0.0,0.0,0.0,0.0,0.0,1.9999864526180315,186882,108369,4,1.724496857957534,0.11786579916483186,0.0683479350054776,0.038423284300895144,0.0,0.0,0.1763496429312497,0.029196196396327076,0.3417585959185115,0.0,0.0,0.0,0.0,0.0,139391.0,-105.0,5011090432.0,151808.0,1.43,318.0,10272.0,8202.0,0.04,5,0.008,0.2727272727272727,0.43760585364583565,0.0,0.1763496429312497,5,ssdp
1575113,200716170,440924,1083327,50862,290121,532379,59856,852080,279739,0.4070091486688691,0.1841905945795635,3.045982147644769,127.42969552025791,0,0,0,0,0,59854,108,0,0,0,279739,4,0,0,0,0,0,0,0,0,0,0,0.0,0.0,0.0,0.0,0.0,1.9999931063483638,183648,106478,4,1.7247506527169931,0.1165935396381085,0.06760022931688076,0.03800108309689527,0.0,0.0,0.177599321445509,0.032291016581032596,0.3379941629584671,0.0,0.0,0.0,0.0,0.0,158950.0,19390.0,4736879616.0,152002.0,1.55,308.0,11552.0,8221.0,0.04,5,0.008,0.2727272727272727,0.4382350432951092,0.0,0.177599321445509,5,ssdp
1810612,244638059,537957,1247843,60198,354610,652856,74956,979839,320295,0.4311095225921851,0.19585090566062746,3.05917669648293,135.11346384537384,0,0,0,0,0,74587,108,0,0,0,340367,5,0,0,0,0,0,0,0,0,0,0,0.0,0.0,0.0,0.0,0.0,2.0007108924521275,224033,130572,4,1.7157813313727293,0.12373330122632568,0.07211484293708426,0.04139815708721692,0.0,0.0,0.18798450468681308,0.033247321899998454,0.3605720054876473,0.0,0.0,0.0,0.0,0.0,139452.0,139.0,4888867328.0,151995.0,1.42,343.0,12896.0,8251.0,0.04,5,0.009000000000000001,0.2727272727272727,0.4378651727169894,0.0,0.18798450468681308,5,ssdp
1583795,201846125,431335,1105865,46595,295255,550290,57059,855899,279808,0.3900430884420793,0.18642248523325305,3.0588796603385178,127.44460299470576,0,0,0,0,0,57059,108,0,0,0,279808,7,0,0,0,0,0,0,0,0,0,0,0.0,0.0,0.0,0.0,0.0,1.9999932262172488,185197,110055,4,1.6827677070555631,0.11693243128056345,0.06948815976815181,0.036026758513570255,0.0,0.0,0.176669329048267,0.02941984284582285,0.3474502697634479,0.0,0.0,0.0,0.0,0.0,139981.0,20310.0,4763249664.0,151995.0,1.56,316.0,14560.0,8273.0,0.04,5,0.009000000000000001,0.18181818181818182,0.43660096376637036,0.0,0.176669329048267,5,ssdp
1817108,245108771,534200,1258579,57842,356720,662441,73680,981200,321624,0.42444693579028414,0.19631194183284648,3.050767355669975,134.88948978266563,0,0,0,0,0,65471,108,0,0,0,321212,3,0,0,0,0,0,0,0,0,0,0,0.0,0.0,0.0,0.0,0.0,2.001503708774253,224229,132494,4,1.6923709752894471,0.12339882934861329,0.07291476345929906,0.04054794761786311,0.0,0.0,0.17677100095316295,0.031831899920092804,0.36455785787085854,0.0,0.0,0.0,0.0,0.0,179570.0,40346.0,4697248768.0,152404.0,1.69,299.0,16064.0,8293.0,0.04,5,0.009000000000000001,0.18181818181818182,0.4349503281483473,0.0,0.17677100095316295,5,ssdp
1692360,229895493,500969,1171516,54858,336005,608933,67820,918555,299821,0.42762454802153793,0.19854227232976435,3.0636779945367403,135.84313798482592,0,0,0,0,0,67795,108,0,0,0,359533,6,0,0,0,0,0,0,0,0,0,0,0.0,0.0,0.0,0.0,0.0,2.0022107414624264,214219,121788,4,1.758949978651427,0.1265800420714269,0.07196341203999149,0.04007421588787256,0.0,0.0,0.2124447517076745,0.03241508898815855,0.35981292396416836,0.0,0.0,0.0,0.0,0.0,119210.0,262.0,5033321472.0,152386.0,1.42,315.0,2144.0,8311.0,0.04,5,0.009000000000000001,0.2727272727272727,0.44214586813938,0.0,0.2124447517076745,5,ssdp
1809702,245112929,565764,1254146,60664,376650,669799,75192,974064,319715,0.4511149419605054,0.20812818906096142,3.04666343462146,135.4438073229736,0,0,0,0,0,75215,108,0,0,0,340690,5,0,0,0,0,0,0,0,0,0,0,0.0,0.0,0.0,0.0,0.0,2.0023497639603622,221713,133958,4,1.6550933874796578,0.12251354090341945,0.07402213182059808,0.04154938216347222,0.0,0.0,0.18825751422057332,0.03352154111560909,0.3701156322974722,0.0,0.0,0.0,0.0,0.0,99032.0,-19645.0,5036266496.0,152184.0,1.42,243.0,3808.0,8333.0,0.03,5,0.006999999999999999,0.18181818181818182,0.4380346891167358,0.0,0.18825751422057332,5,ssdp
1581039,229338839,501821,1093683,54128,334632,611103,69914,856224,279685,0.4588358784035228,0.21165322297552433,3.06138691742496,145.05577598022566,0,0,0,0,0,69924,108,0,0,0,319239,2,0,0,0,0,0,0,0,0,0,0,0.0,0.0,0.0,0.0,0.0,1.9983637199691855,212406,122212,4,1.7380126337839166,0.1343458320762486,0.07729853596274348,0.044220288051085396,0.0,0.0,0.2019172202583238,0.03423571461551549,0.3865198771187808,0.0,0.0,0.0,0.0,0.0,159599.0,20167.0,4896404480.0,152388.0,1.55,268.0,5056.0,8361.0,0.03,5,0.008,0.2727272727272727,0.43818565893493755,0.0,0.2019172202583238,5,ssdp
1693464,229227996,509918,1161979,55501,331247,613433,74218,913141,299230,0.4388358137281311,0.19560321329535202,3.0516358653878286,135.3604186448605,0,0,0,0,0,74109,108,0,0,0,318959,7,0,0,0,0,0,0,0,0,0,0,0.0,0.0,0.0,0.0,0.0,2.0002355015579334,208562,122690,4,1.6999103431412503,0.12315703197706004,0.07244913384636462,0.043826145698993305,0.0,0.0,0.18834708030403954,0.03277365211188428,0.3622356306363761,0.0,0.0,0.0,0.0,0.0,159924.0,96.0,4895086592.0,152600.0,1.55,261.0,6688.0,8381.0,0.03,5,0.008,0.2727272727272727,0.43758832743375975,0.0,0.18834708030403954,5,ssdp
1577317,200475988,436141,1094184,46992,293942,530909,59134,855548,279807,0.3985993215035131,0.18635569134168972,3.0576361563506276,127.09936430026431,0,0,0,0,0,59133,108,0,0,0,279807,6,0,0,0,0,0,0,0,0,0,0,0.0,0.0,0.0,0.0,0.0,2.0000136082193647,187758,106180,4,1.7682991147108684,0.11903631292885324,0.06731684246096378,0.037490244510139686,0.0,0.0,0.17739427141151715,0.029792362600542566,0.33658991819653244,0.0,0.0,0.0,0.0,0.0,139009.0,-20394.0,4890871808.0,152808.0,1.55,276.0,8192.0,8408.0,0.03,5,0.009000000000000001,0.2727272727272727,0.4388229616894167,0.0,0.17739427141151715,5,ssdp
1812255,244611880,497555,1260749,54356,338407,648761,71724,984979,319835,0.394650322942949,0.18673255143453873,3.07964731814842,134.97652372320672,0,0,0,0,0,71637,108,0,0,0,339929,11,0,0,0,0,0,0,0,0,0,0,0.0,0.0,0.0,0.0,0.0,1.999367825259812,230236,129753,4,1.7744175471858068,0.12704393145556228,0.07159754008127996,0.039577211816217914,0.0,0.0,0.1875723890953536,0.029993571544843303,0.3579854932114962,0.0,0.0,0.0,0.0,0.0,118867.0,-256.0,5021022720.0,153005.0,1.42,255.0,9728.0,8435.0,0.03,5,0.009000000000000001,0.2727272727272727,0.4367141111589815,0.0,0.1875723890953536,5,ssdp
2030052,243292818,529134,1407670,57826,356325,644712,71782,1102109,358820,0.3758934977658116,0.1755250604418015,3.0714815227690764,119.84560888095477,0,0,0,0,0,71800,108,0,0,0,338599,5,0,0,0,0,0,0,0,0,0,0,0.0,0.0,0.0,0.0,0.0,2.0021070375052674,227380,128940,4,1.7634558709477277,0.1120069830723548,0.0635156143783509,0.035359685367665455,0.0,0.0,0.1667932644089905,0.0284849846210836,0.3175839830703844,0.0,0.0,0.0,0.0,0.0,139186.0,19740.0,5020123648.0,152999.0,1.54,242.0,11008.0,8453.0,0.03,5,0.008,0.2727272727272727,0.4386511818514207,0.0,0.1667932644089905,5,ssdp
2253906,272103953,627794,1553907,71106,416068,722956,81317,1221025,398714,0.4040100211917444,0.1845986478584289,3.0624081421770994,120.72551073558525,0,0,0,0,0,85446,108,0,0,0,398100,4,0,0,0,0,0,0,0,0,0,0,0.0,0.0,0.0,0.0,0.0,2.003515209299414,250299,144589,4,1.731106792356265,0.11105121509060271,0.0641504126613976,0.03607825703467669,0.0,0.0,0.17662670936587418,0.031547899513111904,0.32075694372347385,0.0,0.0,0.0,0.0,0.0,159411.0,-20.0,4871488000.0,153197.0,1.55,257.0,12928.0,8477.0,0.03,5,0.009000000000000001,0.2727272727272727,0.4413852574204824,0.0,0.17662670936587418,5,ssdp
1913806,215467507,474161,1316952,54438,311558,568910,64767,1035921,338661,0.3600442537009701,0.1627949750392673,3.05887303232436,112.58586659253864,0,0,0,0,0,64973,108,0,0,0,299436,8,0,0,0,0,0,0,0,0,0,0,0.0,0.0,0.0,0.0,0.0,1.9996790839773049,197777,113783,4,1.738194633644745,0.10334224054057725,0.059453779536692855,0.03384198816389958,0.0,0.0,0.15646099970425426,0.02844488939840297,0.29726628508845726,0.0,0.0,0.0,0.0,0.0,139918.0,-13.0,5000142848.0,153603.0,1.54,218.0,14528.0,8498.0,0.03,5,0.008,0.2727272727272727,0.4384444957254513,0.0,0.15646099970425426,5,ssdp
1817369,245657238,538905,1252590,60400,356228,650942,73474,983506,322001,0.43023255813953487,0.1960130276239993,3.0543569740466645,135.17190950214294,0,0,0,0,0,73545,108,0,0,0,341664,6,0,0,0,0,0,0,0,0,0,0,0.0,0.0,0.0,0.0,0.0,1.9997979026789123,226038,130197,4,1.7361229521417545,0.12437650251544953,0.07164037683046205,0.04042877368327511,0.0,0.0,0.1879992450625052,0.03323485764310935,0.35817822357484913,0.0,0.0,0.0,0.0,0.0,138460.0,-569.0,5117280256.0,154001.0,1.53,207.0,15936.0,8520.0,0.02,5,0.008,0.2727272727272727,0.4383284266010148,0.0,0.1879992450625052,5,ssdp
1533819,195206018,421073,1067659,45087,285210,530068,57248,828009,271381,0.39438903245324586,0.185947624850129,3.0510942180919076,127.26796186512229,0,0,0,0,0,57259,108,0,0,0,271381,4,0,0,0,0,0,0,0,0,0,0,0.0,0.0,0.0,0.0,0.0,2.0000841520627772,179191,106017,4,1.6902100606506503,0.11682669206731694,0.06911962884799315,0.03732383025637315,0.0,0.0,0.17693156754480158,0.029395254590013555,0.34558706079400503,0.0,0.0,0.0,0.0,0.0,-139284.0,20127.0,4939226112.0,154174.0,0.63,218.0,1088.0,8534.0,0.03,5,0.008,0.18181818181818182,0.43693479116365047,0.0,0.17693156754480158,5,ssdp
1580338,201226444,435561,1097006,47771,293200,543498,59148,853667,279652,0.3970452303816023,0.18552993093882447,3.0526046657989214,127.33126963978592,0,0,0,0,0,59148,108,0,0,0,279652,7,0,0,0,0,0,0,0,0,0,0,0.0,0.0,0.0,0.0,0.0,2.0000272855018486,184503,108696,4,1.6974221682490616,0.11674907519783742,0.06878022296496066,0.037427436409173225,0.0,0.0,0.1769570813332338,0.030228343556884668,0.3439125047932784,0.0,0.0,0.0,0.0,0.0,-20521.0,119397.0,4948286976.0,152982.0,1.41,7419.0,3552.0,8567.0,0.87,5,0.009000000000000001,0.2727272727272727,0.4371936250243188,0.0,0.1769570813332338,5,ssdp
1922110,244327816,530323,1332867,58025,355637,659369,72795,1038434,339731,0.3978814090228057,0.1850242702030581,3.056635985529728,127.11437742897128,0,0,0,0,0,72680,108,0,0,0,339281,3,0,0,0,0,0,0,0,0,0,0,0.0,0.0,0.0,0.0,0.0,1.9973322999505774,223757,131868,4,1.6968256134922801,0.11641217204010176,0.06860585502390602,0.037872442263970324,0.0,0.0,0.17651487167747942,0.03018817861620823,0.3430443627055684,0.0,0.0,0.0,0.0,0.0,-19370.0,119090.0,4946784768.0,152982.0,1.42,4413.0,5216.0,8592.0,0.51,5,0.009000000000000001,0.2727272727272727,0.4371881386662761,0.0,0.17651487167747942,5,ssdp
1810748,259132831,532193,1255412,57868,356767,699541,76992,977693,320593,0.4239190002963171,0.1970274162942607,3.0496392622421573,143.10816911022405,0,0,0,0,0,77120,108,0,0,0,340516,4,0,0,0,0,0,0,0,0,0,0,0.0,0.0,0.0,0.0,0.0,1.9981685494575658,237539,139915,4,1.6977379123038987,0.13118280401248544,0.07726917273966338,0.04251944500283861,0.0,0.0,0.18805267215537447,0.03195806373940493,0.38632708692761225,0.0,0.0,0.0,0.0,0.0,139390.0,118915.0,4934875648.0,152985.0,1.42,2716.0,6880.0,8610.0,0.32,5,0.008,0.18181818181818182,0.43330651016712174,0.0,0.18805267215537447,5,ssdp
2028552,229305130,504633,1399792,55645,334985,601636,69777,1100613,359037,0.3605057037045504,0.1651350322791824,3.065458434646011,113.03882276618987,0,0,0,0,0,69934,108,0,0,0,320227,8,0,0,0,0,0,0,0,0,0,0,0.0,0.0,0.0,0.0,0.0,1.9986456332112215,214652,120327,4,1.7839055241134576,0.10581537964025571,0.05931669486411983,0.03439744211634703,0.0,0.0,0.15785989217924903,0.027430896521262457,0.29658396728306696,0.0,0.0,0.0,0.0,0.0,139299.0,119911.0,4914748416.0,152984.0,1.41,2042.0,8160.0,8638.0,0.24,5,0.006999999999999999,0.2727272727272727,0.439324102749641,0.0,0.15785989217924903,5,ssdp
1814053,287991564,641574,1241992,69711,414769,775549,93276,974314,320503,0.5165685447249257,0.22864216205369964,3.039952824154532,158.75587096959129,0,0,0,0,0,93574,108,0,0,0,401255,10,0,0,0,0,0,0,0,0,0,0,0.0,0.0,0.0,0.0,0.0,1.9992528752253425,259657,155108,4,1.6740400237254043,0.14313639127412484,0.0855035657723341,0.05141856384570903,0.0,0.0,0.22119254509101993,0.038428314938979184,0.42752279012796207,0.0,0.0,0.0,0.0,0.0,159528.0,139317.0,4760434176.0,154378.0,1.53,1722.0,9856.0,8661.0,0.2,5,0.008,0.2727272727272727,0.4371086269075415,0.0,0.22119254509101993,5,ssdp
1924364,287960154,664681,1327739,72523,439824,766330,87960,1041068,340606,0.5006111893979163,0.22855551236668323,3.0565169139709814,149.6391296033391,0,0,0,0,0,97695,108,0,0,0,441708,9,0,0,0,0,0,0,0,0,0,0,0.0,0.0,0.0,0.0,0.0,1.9991909127685783,265836,153270,4,1.7344294382462322,0.13814226414545272,0.07964709379306617,0.045708608142742226,0.0,0.0,0.22953453712499297,0.03768673702064682,0.39822507592118744,0.0,0.0,0.0,0.0,0.0,159574.0,20310.0,4786009088.0,154377.0,1.53,1593.0,11104.0,8682.0,0.18,5,0.008,0.2727272727272727,0.4426810532128132,0.0,0.22953453712499297,5,ssdp
1801973,272499728,595218,1248514,63750,397976,723453,81572,976990,319274,0.47674114987897614,0.22085569539610195,3.06003620714496,151.22298058849938,0,0,0,0,0,81491,108,0,0,0,379750,6,0,0,0,0,0,0,0,0,0,0,0.0,0.0,0.0,0.0,0.0,1.9992062973772649,253286,144691,4,1.7505304407323192,0.14056037465600205,0.08029587568737157,0.04526815884588726,0.0,0.0,0.21074122642237147,0.035377888569917526,0.40147826854231444,0.0,0.0,0.0,0.0,0.0,119038.0,-23.0,4917812224.0,154173.0,1.4,1340.0,12800.0,8700.0,0.15,5,0.008,0.2727272727272727,0.4384906630893318,0.0,0.21074122642237147,5,ssdp
1580858,200685298,433367,1101697,45794,296422,531078,58546,859075,279697,0.39336314794358157,0.18750703731770976,3.0714487463219124,126.9470743102796,0,0,0,0,0,58541,108,0,0,0,279697,6,0,0,0,0,0,0,0,0,0,0,0.0,0.0,0.0,0.0,0.0,1.9999730118140784,190209,106219,4,1.7907248232425461,0.12032010465203073,0.06719072807298315,0.03703431933797976,0.0,0.0,0.17692733945743389,0.02896781368092517,0.3359428867108874,0.0,0.0,0.0,0.0,0.0,139404.0,20106.0,4763947008.0,154180.0,1.54,1112.0,14336.0,8724.0,0.13,5,0.008,0.2727272727272727,0.43904023065735226,0.0,0.17692733945743389,5,ssdp
1802552,215273305,470122,1246741,52470,313590,569586,63792,976628,319819,0.3770807248658703,0.1739700158442031,3.053689743261032,119.42695966607343,0,0,0,0,0,63749,108,0,0,0,300228,4,0,0,0,0,0,0,0,0,0,0,0.0,0.0,0.0,0.0,0.0,1.99923496222626,199673,113920,4,1.7527475421348315,0.11077239380611488,0.06319928634513734,0.03538982509242452,0.0,0.0,0.16655719224743587,0.029108730289056847,0.3159886649594575,0.0,0.0,0.0,0.0,0.0,158920.0,19621.0,4766573568.0,154382.0,1.53,1026.0,15872.0,8752.0,0.12,5,0.008,0.2727272727272727,0.43865678821557696,0.0,0.16655719224743587,5,ssdp
1584767,216278896,473808,1092121,53314,313831,572808,64119,858329,281088,0.43384203764967433,0.198029741911587,3.053595315346084,136.47362419838373,0,0,0,0,0,64089,108,0,0,0,301252,9,0,0,0,0,0,0,0,0,0,0,0.0,0.0,0.0,0.0,0.0,1.99939476182285,199250,114555,4,1.7393391820522892,0.1257282616308896,0.0722850740834457,0.04045957544547558,0.0,0.0,0.19009229747969258,0.03364153847221705,0.36144619366758646,0.0,0.0,0.0,0.0,0.0,141318.0,2024.0,4762935808.0,154779.0,1.54,1012.0,1152.0,8782.0,0.12,5,0.009000000000000001,0.2727272727272727,0.43843159304886253,0.0,0.19009229747969258,5,ssdp
1804530,229910045,504484,1241942,57390,333045,609879,68629,977258,319924,0.40620576484248055,0.18456052268457715,3.054656730973606,127.40716142153359,0,0,0,0,0,68769,108,0,0,0,319750,5,0,0,0,0,0,0,0,0,0,0,0.0,0.0,0.0,0.0,0.0,2.0010875312439915,211080,121978,4,1.7304759874731508,0.11697228641252846,0.06759544036397289,0.038031509589754674,0.0,0.0,0.17719295328977627,0.03180329504081395,0.33797110604977476,0.0,0.0,0.0,0.0,0.0,119353.0,-20600.0,4972825600.0,154801.0,1.4,924.0,2656.0,8808.0,0.1,5,0.009000000000000001,0.2727272727272727,0.4382239929119051,0.0,0.17719295328977627,5,ssdp
1578361,200948544,438201,1091918,48242,291980,540007,59979,852520,279736,0.40131310226592104,0.18498936555072001,3.047587725569823,127.31469163264931,0,0,0,0,0,59977,108,0,0,0,279736,1,0,0,0,0,0,0,0,0,0,0,0.0,0.0,0.0,0.0,0.0,2.0,183975,108006,4,1.7033775901338815,0.11656078679085456,0.06842921232848506,0.03800081223497033,0.0,0.0,0.1772319513723413,0.030564617346728662,0.3421314895641745,0.0,0.0,0.0,0.0,0.0,119106.0,49.0,4969817600.0,154600.0,1.4,802.0,4192.0,8835.0,0.09,5,0.008,0.2727272727272727,0.4375008070509139,0.0,0.1772319513723413,5,ssdp
1583308,215431605,469511,1097116,50625,313776,580464,64981,855434,279672,0.42795018940567814,0.19817748662925974,3.058704482393661,136.06424334368296,0,0,0,0,0,65011,108,0,0,0,299361,3,0,0,0,0,0,0,0,0,0,0,0.0,0.0,0.0,0.0,0.0,1.9996940960538392,197681,116086,4,1.7028840687076823,0.12485315554522557,0.07331864678255905,0.0410412882395592,0.0,0.0,0.18907313043324483,0.03197419579765908,0.3666147079405902,0.0,0.0,0.0,0.0,0.0,139727.0,-20150.0,4969303040.0,154600.0,1.4,786.0,5824.0,8853.0,0.09,5,0.009000000000000001,0.2727272727272727,0.43733812125095384,0.0,0.18907313043324483,5,ssdp
1810572,244502868,531651,1255901,56964,356174,660205,73252,977801,319891,0.4233223797098657,0.1967190479030936,3.056669302981328,135.04178127133304,0,0,0,0,0,73242,108,0,0,0,319352,9,0,0,0,0,0,0,0,0,0,0,0.0,0.0,0.0,0.0,0.0,1.9984513957076728,224123,132040,4,1.6973871554074522,0.12378574284811651,0.07292722962688035,0.04045793263123477,0.0,0.0,0.17638182850502493,0.03146188055487437,0.3646389096926275,0.0,0.0,0.0,0.0,0.0,139265.0,-19493.0,4968022528.0,154401.0,1.4,671.0,7424.0,8880.0,0.08,5,0.008,0.18181818181818182,0.4349141311832322,0.0,0.17638182850502493,5,ssdp
1696797,215921443,469630,1176329,50840,314589,581728,64603,916113,300149,0.3992335477574726,0.18540167150224807,3.0521940769417855,127.25237196906878,0,0,0,0,0,64740,108,0,0,0,300150,6,0,0,0,0,0,0,0,0,0,0,0.0,0.0,0.0,0.0,0.0,1.999383512453684,198249,116338,4,1.7040777733844488,0.11683719384228049,0.06856329896858611,0.038073499658474175,0.0,0.0,0.17689210907374306,0.029962334916905205,0.34283888997917844,0.0,0.0,0.0,0.0,0.0,139264.0,-22204.0,5108189184.0,154205.0,1.4,666.0,8864.0,8900.0,0.07,5,0.008,0.2727272727272727,0.43736708705229027,0.0,0.17689210907374306,5,ssdp
1581557,201249386,438592,1094873,48092,292715,541815,60523,854123,279802,0.40058710005635356,0.18508027216217943,3.0525979085210255,127.24763381907829,0,0,0,0,0,60514,108,0,0,0,279802,5,0,0,0,0,0,0,0,0,0,0,0.0,0.0,0.0,0.0,0.0,2.0000341635065424,184347,108367,4,1.701135954672548,0.11656045276901181,0.06851918710485932,0.03826798528285734,0.0,0.0,0.17691553323718337,0.030408009322458816,0.34258328975813074,0.0,0.0,0.0,0.0,0.0,139264.0,418.0,5100623360.0,153799.0,1.41,679.0,10336.0,8924.0,0.08,5,0.009000000000000001,0.2727272727272727,0.4373665762683779,0.0,0.17691553323718337,5,ssdp
1803976,214744575,476021,1239950,52837,310540,572593,67374,973348,320332,0.38390338320093553,0.1721419797159164,3.0385599940062185,119.03959642478614,0,0,0,0,0,67620,108,0,0,0,320332,4,0,0,0,0,0,0,0,0,0,0,0.0,0.0,0.0,0.0,0.0,2.00076025539427,196020,114523,4,1.7116212463871887,0.10865998217271183,0.06348366053650381,0.037347503514459174,0.0,0.0,0.17756998984465425,0.029289192317414423,0.3174061073983246,0.0,0.0,0.0,0.0,0.0,139204.0,-59.0,4952683008.0,152989.0,1.42,623.0,11744.0,8949.0,0.07,5,0.009000000000000001,0.2727272727272727,0.4400808540733248,0.0,0.17756998984465425,5,ssdp
1577645,200098785,430282,1101016,46347,298294,515392,55803,863226,280125,0.3908044933043662,0.1890754890992587,3.081574297188755,126.8338472850356,0,0,0,0,0,55792,108,0,0,0,280125,6,0,0,0,0,0,0,0,0,0,0,0.0,0.0,0.0,0.0,0.0,1.999865913098279,195214,103072,4,1.8939576218565664,0.12373759622728814,0.06533282202269838,0.03537107524189536,0.0,0.0,0.17755895654599102,0.029377331402184903,0.32668439351058065,0.0,0.0,0.0,0.0,0.0,139739.0,256.0,5081825280.0,152383.0,1.42,558.0,13312.0,8977.0,0.06,5,0.008,0.2727272727272727,0.44112388877303293,0.0,0.17755895654599102,5,ssdp
1584194,215557024,480092,1084387,52848,309170,586842,70678,848776,279611,0.44273123893960364,0.19515917873694763,3.035560117448884,136.0673149879371,0,0,0,0,0,70741,108,0,0,0,298868,2,0,0,0,0,0,0,0,0,0,0,0.0,0.0,0.0,0.0,0.0,2.0002199679105637,191791,117366,4,1.6341274304313005,0.12106534931959091,0.07408562335168546,0.04461448534712289,0.0,0.0,0.18865618731039255,0.03335955066109327,0.3704356915882777,0.0,0.0,0.0,0.0,0.0,139400.0,0.0,5055641088.0,151978.0,1.43,559.0,14784.0,8998.0,0.06,5,0.009000000000000001,0.2727272727272727,0.43606502368119904,0.0,0.18865618731039255,5,ssdp
1701465,230333104,470438,1179539,51488,316864,611943,68415,922614,301742,0.3988320860946522,0.1862301017064706,3.057625388576996,135.37340115723802,0,0,0,0,0,68496,108,0,0,0,341044,5,0,0,0,0,0,0,0,0,0,0,0.0,0.0,0.0,0.0,0.0,1.9995330316970512,214673,122384,4,1.7540936723754739,0.1261695068661418,0.07192860270414025,0.040209466547945445,0.0,0.0,0.2004413843364395,0.03026098097815706,0.35965653128333525,0.0,0.0,0.0,0.0,0.0,141095.0,2087.0,5029126144.0,151773.0,1.44,546.0,1216.0,9021.0,0.06,5,0.009000000000000001,0.18181818181818182,0.4384096781300082,0.0,0.2004413843364395,5,ssdp
1797296,229150742,499847,1239942,57507,332729,603770,65817,975837,319227,0.4031212750273803,0.18512754715973329,3.0568748884022967,127.49749735157704,0,0,0,0,0,65876,108,0,0,0,319227,6,0,0,0,0,0,0,0,0,0,0,0.0,0.0,0.0,0.0,0.0,2.0014135593424243,211984,120767,4,1.7553139516589797,0.1179460700964115,0.06719371767366088,0.036620011394895444,0.0,0.0,0.17761515075980808,0.031996399034994794,0.33593242292866615,0.0,0.0,0.0,0.0,0.0,139201.0,-63.0,4864404480.0,151789.0,1.43,507.0,2784.0,9045.0,0.06,5,0.009000000000000001,0.2727272727272727,0.43878983573750957,0.0,0.17761515075980808,5,ssdp
1915325,214931490,470047,1326414,50743,314386,572314,65753,1036608,339102,0.35437427530167803,0.16414237792541736,3.0569209264469097,112.21672039993213,0,0,0,0,0,65791,108,0,0,0,299571,6,0,0,0,0,0,0,0,0,0,0,0.0,0.0,0.0,0.0,0.0,1.9999618310898497,199926,114458,4,1.7467193206241591,0.10438228499079791,0.059759048725412135,0.03432994400428126,0.0,0.0,0.15640739822223382,0.026493153903384543,0.29880777413754844,0.0,0.0,0.0,0.0,0.0,139456.0,252.0,4867291648.0,151785.0,1.43,471.0,4512.0,9065.0,0.05,5,0.009000000000000001,0.2727272727272727,0.43835107161541514,0.0,0.15640739822223382,5,ssdp
1802813,200703686,440874,1242510,49860,290489,532385,59779,975973,319911,0.3548253132771567,0.16113096588498085,3.050764118770533,111.32806674901946,0,0,0,0,0,59784,108,0,0,0,279808,3,0,0,0,0,0,0,0,0,0,0,0.0,0.0,0.0,0.0,0.0,2.0000206550401742,184001,106472,4,1.728163272973176,0.10206327555880726,0.0590588153069675,0.03315873582007674,0.0,0.0,0.15520633587621124,0.027656778600997443,0.29530794375234704,0.0,0.0,0.0,0.0,0.0,139513.0,-277.0,4868780544.0,151784.0,1.43,451.0,6368.0,9087.0,0.05,5,0.009000000000000001,0.2727272727272727,0.43828213393463883,0.0,0.15520633587621124,5,ssdp
1581292,201446160,439726,1092427,49139,292292,538825,59942,855287,279806,0.40252209072093603,0.1848437859674241,3.0567142949043267,127.39339729790576,0,0,0,0,0,59941,108,0,0,0,279806,5,0,0,0,0,0,0,0,0,0,0,0.0,0.0,0.0,0.0,0.0,2.0000273702649443,184530,107772,4,1.7122258100434251,0.11669571464346876,0.06815439526665537,0.03790697733245978,0.0,0.0,0.17694771111217916,0.031075222033628197,0.3407498425338268,0.0,0.0,0.0,0.0,0.0,139277.0,-49.0,4869234176.0,151783.0,1.43,409.0,7616.0,9110.0,0.04,5,0.008,0.2727272727272727,0.43768786702409096,0.0,0.17694771111217916,5,ssdp
1810036,230142768,504833,1251256,54818,334329,617466,70912,977545,319706,0.40346100238480376,0.18470848093629078,3.057637329296291,127.14817163857515,0,0,0,0,0,70998,108,0,0,0,319726,3,0,0,0,0,0,0,0,0,0,0,0.0,0.0,0.0,0.0,0.0,1.999240557801325,210844,123491,4,1.7073632896324429,0.11648608093982661,0.06822571484766049,0.03917712133902309,0.0,0.0,0.17664068559962343,0.0302855854800678,0.3411346514654957,0.0,0.0,0.0,0.0,0.0,159812.0,18440.0,4746698752.0,151791.0,1.56,370.0,9184.0,9137.0,0.04,5,0.008,0.2727272727272727,0.43753011528666413,0.0,0.17664068559962343,5,ssdp
1808430,230439458,495192,1259697,53541,336519,624111,66529,977022,318978,0.3931040559753655,0.18608350889998507,3.0629761300152363,127.425146674187,0,0,0,0,0,66739,108,0,0,0,318978,6,0,0,0,0,0,0,0,0,0,0,0.0,0.0,0.0,0.0,0.0,1.999542478223152,211696,124830,4,1.6958743891692702,0.11706065482213854,0.06902672483867221,0.03678826385317651,0.0,0.0,0.17638393523664173,0.029606343624027472,0.3451120585259037,0.0,0.0,0.0,0.0,0.0,179751.0,40464.0,4694005248.0,152204.0,1.69,367.0,10528.0,9159.0,0.04,5,0.008,0.18181818181818182,0.436940347755797,0.0,0.17638393523664173,5,ssdp
1580330,201325964,432576,1101317,46437,294252,546541,57764,853542,280064,0.3927806435385997,0.1861965538843153,3.0476676759597807,127.39488840938284,0,0,0,0,0,57763,108,0,0,0,280064,4,0,0,0,0,0,0,0,0,0,0,0.0,0.0,0.0,0.0,0.0,1.999932033358028,184942,109300,4,1.6920585544373286,0.11702745629077471,0.06916276980124404,0.03655185942176634,0.0,0.0,0.17721868217397632,0.029384369087469074,0.34583979295463607,0.0,0.0,0.0,0.0,0.0,119062.0,-47.0,5035880448.0,152608.0,1.42,364.0,12000.0,9180.0,0.04,5,0.008,0.18181818181818182,0.4369855084582968,0.0,0.17721868217397632,5,ssdp
1575714,200165616,445102,1081502,49110,289312,533914,63846,849557,279552,0.4115591094607315,0.18360692359146394,3.0389945341117217,127.0316922994909,0,0,0,0,0,63840,108,0,0,0,279552,4,0,0,0,0,0,0,0,0,0,0,0.0,0.0,0.0,0.0,0.0,2.0000276521907447,182531,106785,4,1.7093318349955517,0.11584018419586295,0.06776927792733961,0.04051877434610596,0.0,0.0,0.17741290614921235,0.03116682342100153,0.3388394086744168,0.0,0.0,0.0,0.0,0.0,99061.0,21.0,5039118336.0,152610.0,1.42,331.0,13536.0,9205.0,0.04,5,0.008,0.2727272727272727,0.43793672211506623,0.0,0.17741290614921235,5,ssdp
1814025,230548742,508033,1250344,55648,334680,616184,72378,979701,320061,0.40631458222697114,0.18449580353082234,3.060982125282368,127.0923730378578,0,0,0,0,0,72426,108,0,0,0,320061,3,0,0,0,0,0,0,0,0,0,0,0.0,0.0,0.0,0.0,0.0,1.9988652312837818,211436,123235,4,1.7157138799853937,0.11655627678780613,0.06793456540014609,0.03989911936164055,0.0,0.0,0.1764369289287634,0.03067653422637505,0.3396777883436006,0.0,0.0,0.0,0.0,0.0,139375.0,49.0,5037488640.0,152612.0,1.42,339.0,15008.0,9229.0,0.04,5,0.008,0.2727272727272727,0.437736526110658,0.0,0.1764369289287634,5,ssdp
1558897,198107941,441094,1065951,51852,288583,500549,58970,851353,278346,0.4138032611255114,0.18511999189170292,3.0586140989990875,127.08212345010607,0,0,0,0,0,58947,108,0,0,0,278346,8,0,0,0,0,0,0,0,0,0,0,0.0,0.0,0.0,0.0,0.0,2.001033165299514,188475,100115,4,1.8825850272186986,0.1209027921665126,0.06422169007958832,0.03782802840726488,0.0,0.0,0.1785531693242081,0.0332619794636849,0.321091771938749,0.0,0.0,0.0,0.0,0.0,163883.0,4092.0,4904479232.0,152816.0,1.58,328.0,1184.0,9254.0,0.04,5,0.008,0.2727272727272727,0.4417419065420266,0.0,0.1785531693242081,5,ssdp
1794688,215427090,464528,1250556,47544,313348,601541,65803,963941,316201,0.3714571758481827,0.17459747878182727,3.04850712047084,120.03595611047714,0,0,0,0,0,65754,108,0,0,0,297967,6,0,0,0,0,0,0,0,0,0,0,0.0,0.0,0.0,0.0,0.0,2.0012390070061374,193026,120308,4,1.604431957974532,0.10755407067969475,0.06703560730333072,0.03666542596819057,0.0,0.0,0.1660271868982241,0.026491512730903645,0.335178593716568,0.0,0.0,0.0,0.0,0.0,183750.0,4085.0,4820150784.0,153504.0,1.7,280.0,2656.0,9277.0,0.03,5,0.006999999999999999,0.18181818181818182,0.4346818964865196,0.0,0.1660271868982241,5,ssdp
1692991,215172227,474004,1167128,51860,312306,575096,67190,913936,299542,0.40612854802558074,0.18446997060232453,3.0511113633480447,127.09590718438551,0,0,0,0,0,67130,108,0,0,0,299542,4,0,0,0,0,0,0,0,0,0,0,0.0,0.0,0.0,0.0,0.0,2.0002305696992986,197297,115029,4,1.7151935598848986,0.11653753623025757,0.0679442477839516,0.03968715722647079,0.0,0.0,0.17693065113754297,0.030632177016889046,0.3396922960606406,0.0,0.0,0.0,0.0,0.0,144789.0,25455.0,4997225472.0,154204.0,1.57,299.0,4256.0,9297.0,0.03,5,0.008,0.2727272727272727,0.43782574984477446,0.0,0.17693065113754297,5,ssdp
1695730,201068334,437678,1175442,47650,294513,533008,59886,918976,300245,0.37235184722002446,0.17367918241701213,3.0607537177971325,118.57331886562129,0,0,0,0,0,59892,108,0,0,0,279967,3,0,0,0,0,0,0,0,0,0,0,0.0,0.0,0.0,0.0,0.0,2.0000203728226547,187906,106593,4,1.7628362087566727,0.11081127302105878,0.06285965336462762,0.03531576371238346,0.0,0.0,0.1651011658695665,0.028099992333685198,0.3143236246336386,0.0,0.0,0.0,0.0,0.0,120684.0,25650.0,4983187968.0,154718.0,1.57,325.0,5920.0,9325.0,0.03,5,0.009000000000000001,0.2727272727272727,0.4386477146676143,0.0,0.1651011658695665,5,ssdp
1692173,215468353,472718,1165135,54320,312298,570976,64161,916089,300019,0.40571950889811054,0.18455441612648352,3.0534366156810067,127.33234308785212,0,0,0,0,0,64314,108,0,0,0,300019,3,0,0,0,0,0,0,0,0,0,0,0.0,0.0,0.0,0.0,0.0,1.999180605967493,198099,114198,4,1.7346976304313562,0.11706781753402282,0.06748600763633505,0.037916335977468026,0.0,0.0,0.17729806585969637,0.03210073674500184,0.33742176479591623,0.0,0.0,0.0,0.0,0.0,159738.0,46074.0,4848693248.0,155433.0,1.69,282.0,7328.0,9346.0,0.03,5,0.008,0.2727272727272727,0.43834884144165587,0.0,0.17729806585969637,5,ssdp
1688280,214718299,467111,1169942,51227,314480,566351,62764,916171,299382,0.3992599633144207,0.18627241926694624,3.060207360495955,127.18168727936124,0,0,0,0,0,62742,108,0,0,0,299382,1,0,0,0,0,0,0,0,0,0,0,0.0,0.0,0.0,0.0,0.0,1.9991100375055624,201212,113262,4,1.7765181614310184,0.11918165233255147,0.06708721302153671,0.037176297770512,0.0,0.0,0.17732958987845618,0.0303427156632786,0.33546035017888026,0.0,0.0,0.0,0.0,0.0,159669.0,21386.0,5025732608.0,156355.0,1.68,265.0,9024.0,9375.0,0.03,5,0.008,0.2727272727272727,0.43901195916592844,0.0,0.17732958987845618,5,ssdp
1582525,200909413,435810,1100197,46518,295851,531719,59519,859073,280064,0.3961199676058015,0.18694870539169997,3.067416733318099,126.95496943176254,0,0,0,0,0,59520,108,0,0,0,280064,4,0,0,0,0,0,0,0,0,0,0,0.0,0.0,0.0,0.0,0.0,1.9999932398631748,189500,106351,4,1.781835619787308,0.11974534367545536,0.06720336171624461,0.0376101483388888,0.0,0.0,0.17697287562597747,0.029394796290737903,0.3359940601254325,0.0,0.0,0.0,0.0,0.0,139107.0,1175.0,5199254528.0,157072.0,1.67,258.0,10240.0,9395.0,0.03,5,0.008,0.2727272727272727,0.43895071909134614,0.0,0.17697287562597747,5,ssdp
1688296,200651070,441791,1160502,51098,289475,532302,60112,913616,299604,0.3806895636543496,0.17145986248856834,3.0494118903619443,118.84827660552415,0,0,0,0,0,60111,108,0,0,0,279598,4,0,0,0,0,0,0,0,0,0,0,0.0,0.0,0.0,0.0,0.0,1.9999516377529518,183012,106455,4,1.7191489361702128,0.10840042267469685,0.06305470130830139,0.03560513085383132,0.0,0.0,0.16560958504906723,0.030266019702706162,0.31528949899780606,0.0,0.0,0.0,0.0,0.0,139562.0,20525.0,4907492864.0,157791.0,1.66,306.0,11776.0,9418.0,0.03,5,0.009000000000000001,0.2727272727272727,0.4381577396624509,0.0,0.16560958504906723,5,ssdp
1690147,215253600,472070,1164940,52589,312269,571615,64247,915314,299861,0.4052311707040706,0.1847584855045153,3.0524609735844273,127.35791620492182,0,0,0,0,0,64062,108,0,0,0,300109,5,0,0,0,0,0,0,0,0,0,0,0.0,0.0,0.0,0.0,0.0,2.0002113785726183,197951,114331,4,1.7313851886190097,0.11712058181921454,0.06764559532395703,0.03801266990386044,0.0,0.0,0.17756384503833098,0.031115045022711042,0.3382043100393043,0.0,0.0,0.0,0.0,0.0,199489.0,79881.0,4677019136.0,159104.0,2.02,252.0,13376.0,9443.0,0.03,5,0.008,0.2727272727272727,0.43828352753751826,0.0,0.17756384503833098,5,ssdp
1584472,201659164,437291,1099735,47446,293947,544871,60052,855992,279808,0.3976330661477538,0.18551732059638795,3.059212031107045,127.27215375216475,0,0,0,0,0,60052,108,0,0,0,279808,10,0,0,0,0,0,0,0,0,0,0,0.0,0.0,0.0,0.0,0.0,2.000061237403806,184962,108973,4,1.697319519514008,0.1167341549740229,0.06877559212153954,0.037900322631135165,0.0,0.0,0.17659384324872893,0.02994436001393524,0.34388174735811045,0.0,0.0,0.0,0.0,0.0,178569.0,39105.0,4972246016.0,160406.0,1.88,246.0,14912.0,9467.0,0.03,5,0.008,0.2727272727272727,0.4371252131119836,0.0,0.17659384324872893,5,ssdp
2052939,247039072,531975,1427635,57859,360246,669954,71899,1108390,363054,0.372626756839108,0.17547818030638027,3.052961818352091,120.33434602781671,0,0,0,0,0,76152,108,0,0,0,362947,5,0,0,0,0,0,0,0,0,0,0,0.0,0.0,0.0,0.0,0.0,1.9986684642399428,226261,133987,4,1.6886787524162792,0.11021321140082584,0.06526594311862165,0.035022472659928035,0.0,0.0,0.17679385505365722,0.028183496928062646,0.32633897061724676,0.0,0.0,0.0,0.0,0.0,102055.0,22317.0,5173754368.0,161517.0,1.76,269.0,1184.0,9496.0,0.03,5,0.009000000000000001,0.2727272727272727,0.4388144370435284,0.0,0.17679385505365722,5,ssdp
1583080,200787483,451522,1081866,49692,289645,532352,67125,853528,279808,0.41735482952602265,0.18296295828385173,3.0504059926806955,126.83344050837607,0,0,0,0,0,67123,108,0,0,0,279808,6,0,0,0,0,0,0,0,0,0,0,0.0,0.0,0.0,0.0,0.0,1.9999930950194376,183170,106467,4,1.720439197122113,0.11570482856204362,0.06725307628167876,0.04240152108547894,0.0,0.0,0.17674912196477752,0.03138944336356975,0.3362761199686687,0.0,0.0,0.0,0.0,0.0,119538.0,19788.0,5305618432.0,162853.0,1.73,241.0,2720.0,9526.0,0.03,5,0.008,0.2727272727272727,0.4381954342278347,0.0,0.17674912196477752,5,ssdp
1808024,230382158,491092,1263579,53353,338132,622961,64025,978947,319765,0.3886515999395368,0.1870174289721818,3.061457632949197,127.42206851236487,0,0,0,0,0,64169,108,0,0,0,299601,5,0,0,0,0,0,0,0,0,0,0,0.0,0.0,0.0,0.0,0.0,1.9993141127220264,213549,124593,4,1.71397269509523,0.11811181709977302,0.06891114277244108,0.03541158745680367,0.0,0.0,0.1657063180577249,0.029509010942332624,0.34455350150219244,0.0,0.0,0.0,0.0,0.0,119315.0,-56.0,5268535296.0,163764.0,1.6,229.0,4416.0,9545.0,0.02,5,0.008,0.18181818181818182,0.43487686812389853,0.0,0.1657063180577249,5,ssdp
1919214,229787035,509697,1320255,56169,331640,618166,73594,1033765,339356,0.38605951123078497,0.1727999066284427,3.046255259962989,119.72976176705673,0,0,0,0,0,77455,108,0,0,0,338949,4,0,0,0,0,0,0,0,0,0,0,0.0,0.0,0.0,0.0,0.0,2.001363853065954,208015,123655,4,1.6822206946746998,0.10838551615400888,0.06443002187353782,0.03834590618867932,0.0,0.0,0.1766082364968159,0.029266668542434558,0.3220933152842778,0.0,0.0,0.0,0.0,0.0,159657.0,-19809.0,4926586880.0,164676.0,1.84,223.0,5888.0,9570.0,0.02,5,0.008,0.2727272727272727,0.43911841594370443,0.0,0.1766082364968159,5,ssdp
1808516,215584966,474719,1249073,51574,313121,576723,67361,977943,319202,0.3800570503085088,0.17313698081742157,3.063712006817,119.20545132030902,0,0,0,0,0,67438,108,0,0,0,299584,5,0,0,0,0,0,0,0,0,0,0,0.0,0.0,0.0,0.0,0.0,2.000389701654635,197767,115331,4,1.714777466596145,0.10935319344700296,0.06377106976106377,0.03724656016313928,0.0,0.0,0.16565183830278526,0.02851730368987612,0.3188929486938462,0.0,0.0,0.0,0.0,0.0,179825.0,1206.0,5028475904.0,165993.0,1.83,212.0,7424.0,9593.0,0.02,5,0.008,0.2727272727272727,0.4377262743712397,0.0,0.16565183830278526,5,ssdp
1924419,243719860,530526,1334933,56921,357634,645422,72590,1043978,340559,0.3974176981166845,0.18583998599057688,3.0654835138698435,126.64594352893003,0,0,0,0,0,72645,108,0,0,0,339147,5,0,0,0,0,0,0,0,0,0,0,0.0,0.0,0.0,0.0,0.0,2.000234904583995,228537,129081,4,1.7704929462895391,0.11875636230987119,0.06707530948301799,0.03772047563446422,0.0,0.0,0.17623345019977457,0.029578277911411183,0.3353853812501332,0.0,0.0,0.0,0.0,0.0,99572.0,-22318.0,5305984000.0,167117.0,1.57,220.0,9248.0,9619.0,0.02,5,0.008,0.2727272727272727,0.4387461385621371,0.0,0.17623345019977457,5,ssdp
1531063,194832300,426535,1056914,47614,283084,519146,58587,828111,271360,0.40356642073054194,0.18489376335265106,3.051706220518868,127.25296085138234,0,0,0,0,0,58585,108,0,0,0,271360,5,0,0,0,0,0,0,0,0,0,0,0.0,0.0,0.0,0.0,0.0,2.0,179259,103833,4,1.7264164571956893,0.11708140030815192,0.06781758817240048,0.03826557104443122,0.0,0.0,0.1772363384132462,0.031098654986764097,0.33907553118323674,0.0,0.0,0.0,0.0,0.0,-158720.0,937.0,5305979904.0,167577.0,0.86,250.0,10240.0,9630.0,0.03,5,0.009000000000000001,0.2727272727272727,0.43807564568471,0.0,0.1772363384132462,5,ssdp
1687904,214423892,464996,1172083,50825,315170,567208,62903,916000,298794,0.3967261704162589,0.18672270460879292,3.0656572755811697,127.03559681119306,0,0,0,0,0,62914,108,0,0,0,298794,5,0,0,0,0,0,0,0,0,0,0,0.0,0.0,0.0,0.0,0.0,1.99871897314917,201722,113440,4,1.7782263751763046,0.11951035129959997,0.067207613703149,0.03726692987278898,0.0,0.0,0.17702073103683622,0.030111309647942064,0.33604280812178894,0.0,0.0,0.0,0.0,0.0,-22613.0,157212.0,5267168256.0,167092.0,1.68,7625.0,12256.0,9670.0,0.79,5,0.009000000000000001,0.2727272727272727,0.438914538265679,0.0,0.17702073103683622,5,ssdp
1686643,215291877,475503,1155826,55314,309009,571452,64660,911656,299409,0.411396698118921,0.18320948772206092,3.0448516911649284,127.64519640492979,0,0,0,0,0,64681,108,0,0,0,299409,5,0,0,0,0,0,0,0,0,0,0,0.0,0.0,0.0,0.0,0.0,2.000576200958177,194718,114282,4,1.7038378747309288,0.11544707445499729,0.06775707722381084,0.03833650630275642,0.0,0.0,0.17751770825242805,0.032795321831590916,0.3388102876542339,0.0,0.0,0.0,0.0,0.0,-20148.0,79424.0,5571607552.0,167584.0,1.45,3818.0,13696.0,9692.0,0.39,5,0.008,0.2727272727272727,0.4378940374793085,0.0,0.17751770825242805,5,ssdp
1584815,201026490,432376,1107108,45331,298121,531837,58413,862120,279808,0.39054545717310324,0.18811091515413472,3.0811127630375115,126.84539835879897,0,0,0,0,0,58402,108,0,0,0,279808,3,0,0,0,0,0,0,0,0,0,0,0.0,0.0,0.0,0.0,0.0,1.9998993747819787,191756,106371,4,1.8027093850767597,0.1209958260112379,0.06711887507374678,0.03685792978991239,0.0,0.0,0.17655562321154203,0.028603338560021202,0.335583017576184,0.0,0.0,0.0,0.0,0.0,121406.0,99220.0,5281920000.0,167894.0,1.56,3056.0,15392.0,9717.0,0.31,5,0.009000000000000001,0.2727272727272727,0.43913127253174594,0.0,0.17655562321154203,5,ssdp
1813193,216523721,445976,1247612,51847,291966,572249,64457,981631,321623,0.3574636986499008,0.16102312329685808,3.0521169194989164,119.41570533307817,0,0,0,0,0,68604,108,0,0,0,320928,6,0,0,0,0,0,0,0,0,0,0,0.0,0.0,0.0,0.0,0.0,2.000095906176358,198572,114448,4,1.7350412414371592,0.10951509298789483,0.06311959068891176,0.03554889082408767,0.0,0.0,0.17699605061347579,0.028594308493359505,0.315602917063986,0.0,0.0,0.0,0.0,0.0,139462.0,119220.0,5364377088.0,168227.0,1.44,1977.0,16768.0,9742.0,0.2,5,0.006999999999999999,0.18181818181818182,0.438067861033813,0.0,0.17699605061347579,5,ssdp
2260668,244612452,533330,1562927,58951,355396,654297,72390,1221494,400642,0.34123794649398215,0.15720840034892342,3.0488416092172064,108.20361592237339,0,0,0,0,0,76763,108,0,0,0,360001,7,0,0,0,0,0,0,0,0,0,0,0.0,0.0,0.0,0.0,0.0,1.9992911831054057,224530,130858,4,1.715829372296688,0.09932020093176,0.05788466064012938,0.03202150868681292,0.0,0.0,0.15924540887914546,0.02607680561674691,0.28942639963055167,0.0,0.0,0.0,0.0,0.0,119078.0,98800.0,5367955968.0,169935.0,1.43,1882.0,2016.0,9763.0,0.19,5,0.008,0.2727272727272727,0.43962503354962357,0.0,0.15924540887914546,5,ssdp
1585063,201753720,439069,1098328,47666,293575,543929,60711,856070,280064,0.39976127349935536,0.18521345839250553,3.0566941841864717,127.28435399728592,0,0,0,0,0,60714,108,0,0,0,280064,10,0,0,0,0,0,0,0,0,0,0,0.0,0.0,0.0,0.0,0.0,1.9999114405220921,184797,108786,4,1.698720423583917,0.11658653315357181,0.0686319723569347,0.0383019476197476,0.0,0.0,0.17668950697858696,0.03007199082938659,0.3431592308949234,0.0,0.0,0.0,0.0,0.0,199263.0,21847.0,5012334592.0,171052.0,1.77,1454.0,3456.0,9785.0,0.15,5,0.008,0.2727272727272727,0.43723279954682226,0.0,0.17668950697858696,5,ssdp
1699414,201757516,433609,1183829,46974,294653,548434,58192,918486,300083,0.3662767173299522,0.17338506096807488,3.060773186085183,118.72181587300093,0,0,0,0,0,58196,108,0,0,0,279933,5,0,0,0,0,0,0,0,0,0,0,0.0,0.0,0.0,0.0,0.0,2.0000067876681644,184962,109688,4,1.6862555612282109,0.10883869380857165,0.0645446018451066,0.03424239178916968,0.0,0.0,0.1647232516620435,0.027641292822113975,0.32271947859673983,0.0,0.0,0.0,0.0,0.0,139368.0,-4.0,5527401984.0,172165.0,1.41,1378.0,5056.0,9809.0,0.14,5,0.008,0.18181818181818182,0.4367798823156945,0.0,0.1647232516620435,5,ssdp
1808255,200922173,445235,1245506,48436,290955,536718,63924,975517,319883,0.35747318760407415,0.16090374421749146,3.0496056370610503,111.1138489870068,0,0,0,0,0,68080,108,0,0,0,299540,3,0,0,0,0,0,0,0,0,0,0,0.0,0.0,0.0,0.0,0.0,2.000020621958261,183608,107356,4,1.7102723648422071,0.10153877633409004,0.05936994505752784,0.03535120876203854,0.0,0.0,0.1656514153147648,0.026786045109788166,0.2968154380881015,0.0,0.0,0.0,0.0,0.0,79307.0,-20508.0,5384972800.0,172681.0,1.4,1181.0,6752.0,9833.0,0.12,5,0.008,0.2727272727272727,0.43999471963233483,0.0,0.1656514153147648,5,ssdp
1583882,201699619,435181,1101861,46840,294355,546925,58907,855511,280064,0.394950905785757,0.18584402120865065,3.0546982118372945,127.34510462269286,0,0,0,0,0,58909,108,0,0,0,280064,8,0,0,0,0,0,0,0,0,0,0,0.0,0.0,0.0,0.0,0.0,1.9999524395132524,184979,109380,4,1.6911592612909123,0.1167883718610351,0.06905817478827336,0.03719153320765057,0.0,0.0,0.1768212530984,0.029572910103151624,0.34530665794547827,0.0,0.0,0.0,0.0,0.0,159652.0,20132.0,5021691392.0,173197.0,1.52,1118.0,8288.0,9858.0,0.11,5,0.009000000000000001,0.18181818181818182,0.43694951170886415,0.0,0.1768212530984,5,ssdp
1579572,200613685,445960,1084608,49004,290250,534855,64251,851944,279803,0.41117159379241164,0.18375230758711852,3.044799376704324,127.00509061948426,0,0,0,0,0,64261,108,0,0,0,279803,4,0,0,0,0,0,0,0,0,0,0,0.0,0.0,0.0,0.0,0.0,1.9999862188718769,183264,106966,4,1.7132920741170092,0.1160213019729395,0.06771834395646416,0.04067620849192059,0.0,0.0,0.17713849067975376,0.031023593732985896,0.33860754685446437,0.0,0.0,0.0,0.0,0.0,139296.0,-170.0,5162701824.0,173509.0,1.4,899.0,9984.0,9883.0,0.09,5,0.008,0.2727272727272727,0.4379536978722754,0.0,0.17713849067975376,5,ssdp
1690054,200329200,431906,1176849,46879,297286,520437,56938,921957,299113,0.36700205378939865,0.17590325516226107,3.0823033435524367,118.53420068234506,0,0,0,0,0,56925,108,0,0,0,279556,3,0,0,0,0,0,0,0,0,0,0,0.0,0.0,0.0,0.0,0.0,2.0000672775467914,193205,104089,4,1.8561519468916023,0.11431883241600564,0.06158915632281572,0.03369004777362143,0.0,0.0,0.16541246611055033,0.027738166946144917,0.3079410480375183,0.0,0.0,0.0,0.0,0.0,139450.0,-39445.0,5347272192.0,174025.0,1.51,846.0,11232.0,9901.0,0.09,5,0.008,0.2727272727272727,0.4403720420615153,0.0,0.16541246611055033,5,ssdp
1581839,201276995,447819,1084782,49238,288827,545704,65204,849516,279808,0.41281934987859314,0.1825893785650752,3.0360675892040256,127.24240267182691,0,0,0,0,0,65212,108,0,0,0,279808,8,0,0,0,0,0,0,0,0,0,0,0.0,0.0,0.0,0.0,0.0,2.000145426341558,179682,109137,4,1.646389400478298,0.11359057400911218,0.06899374715125875,0.04122037704216421,0.0,0.0,0.1768877869365972,0.031127061603614527,0.3449807470924664,0.0,0.0,0.0,0.0,0.0,139389.0,-252.0,5195749376.0,174541.0,1.39,873.0,12864.0,9928.0,0.09,5,0.009000000000000001,0.2727272727272727,0.4364563718294546,0.0,0.1768877869365972,5,ssdp
1691863,229235524,499607,1172431,55053,335250,608510,68249,917142,299565,0.42612912828132316,0.1981543422842157,3.061579289970457,135.49295894525739,0,0,0,0,0,68505,108,0,0,0,319442,4,0,0,0,0,0,0,0,0,0,0,0.0,0.0,0.0,0.0,0.0,2.0009310820247452,213548,121708,4,1.7545929601998225,0.12622062188250466,0.0719372667881501,0.040339554680254845,0.0,0.0,0.18881079614602364,0.03253986877188047,0.35966860200855505,0.0,0.0,0.0,0.0,0.0,139111.0,20103.0,5195647488.0,174859.0,1.5,721.0,14528.0,9957.0,0.07,5,0.008,0.2727272727272727,0.43853949215734117,0.0,0.18881079614602364,5,ssdp
1817454,231031572,502160,1260511,54783,338746,609869,68260,986593,321070,0.39837811808068313,0.18638490987942474,3.0728283551873425,127.11825003548921,0,0,0,0,0,68567,108,0,0,0,281786,2,0,0,0,0,0,0,0,0,0,0,0.0,0.0,0.0,0.0,0.0,2.0001535191308455,216771,121975,4,1.777175650748104,0.11927179449933809,0.06711311538008664,0.037558034481202825,0.0,0.0,0.15504436425901288,0.030142716129266545,0.3355622755789142,0.0,0.0,0.0,0.0,0.0,159477.0,-175.0,5048101376.0,175376.0,1.5,691.0,15936.0,9980.0,0.07,5,0.008,0.18181818181818182,0.43394681691854364,0.0,0.15504436425901288,5,ssdp
1798145,243242224,629308,1233221,73567,412905,639573,72224,974545,319503,0.5102962080600314,0.22962831139869144,3.050190452045834,135.27397623662162,0,0,0,0,0,71916,108,0,0,0,338682,9,0,0,0,0,0,0,0,0,0,0,0.0,0.0,0.0,0.0,0.0,1.9998498556677065,223055,127921,4,1.7436933732538051,0.12404728206012307,0.07114053649733475,0.04016583757149729,0.0,0.0,0.1883507726017646,0.04091271838477987,0.3556848863690081,0.0,0.0,0.0,0.0,0.0,118843.0,-288.0,5181472768.0,175873.0,1.38,627.0,1984.0,10005.0,0.06,5,0.008,0.18181818181818182,0.4427809949909585,0.0,0.1883507726017646,5,ssdp
1692394,229384068,501021,1170590,55589,333969,610748,68639,916157,299680,0.4280072442101846,0.1973352540838599,3.0571175920982383,135.53821864175836,0,0,0,0,0,68614,108,0,0,0,319228,7,0,0,0,0,0,0,0,0,0,0,0.0,0.0,0.0,0.0,0.0,1.9997664726593376,211811,122153,4,1.7339811547812989,0.12515466256675456,0.07217763712232494,0.040557340666535095,0.0,0.0,0.18862510739225027,0.032846370289660684,0.3608781406693713,0.0,0.0,0.0,0.0,0.0,119277.0,-20561.0,5492320256.0,176386.0,1.37,571.0,3648.0,10026.0,0.06,5,0.008,0.2727272727272727,0.43816117324052306,0.0,0.18862510739225027,5,ssdp
2035975,244653727,532744,1408251,59477,355449,655353,72754,1100210,360628,0.3783018794234835,0.17458416729085574,3.050816908282219,120.1653885730424,0,0,0,0,0,72635,108,0,0,0,339721,7,0,0,0,0,0,0,0,0,0,0,0.0,0.0,0.0,0.0,0.0,1.9986111735864334,224385,131064,4,1.7120261856802783,0.11021009589999878,0.06437407139085696,0.03573423052837093,0.0,0.0,0.1668591215510996,0.029213030611869008,0.3218865654047815,0.0,0.0,0.0,0.0,0.0,139516.0,256.0,4951028224.0,176900.0,1.37,589.0,5504.0,10049.0,0.06,5,0.008,0.2727272727272727,0.4376222188901342,0.0,0.1668591215510996,5,ssdp
1582197,201143388,440823,1093375,47999,292880,536826,61536,855636,279872,0.4031764033382874,0.18510969240872027,3.057240452778413,127.1291678596281,0,0,0,0,0,61535,108,0,0,0,279872,6,0,0,0,0,0,0,0,0,0,0,0.0,0.0,0.0,0.0,0.0,2.000068289684843,185514,107364,4,1.7278976193137365,0.11725088595162296,0.06785754239200302,0.03889275482130228,0.0,0.0,0.17688821303541846,0.030336930230559153,0.33929150415529796,0.0,0.0,0.0,0.0,0.0,139740.0,-19676.0,4949071360.0,177417.0,1.37,526.0,6848.0,10072.0,0.05,5,0.008,0.2727272727272727,0.4380027636965661,0.0,0.17688821303541846,5,ssdp
1695303,230304531,494293,1182713,52962,336150,628198,65768,914814,300166,0.41793148464589464,0.19828313876634443,3.0476936095360565,135.84859520687453,0,0,0,0,0,65704,108,0,0,0,320190,6,0,0,0,0,0,0,0,0,0,0,0.0,0.0,0.0,0.0,0.0,1.9988583049396151,210520,125638,4,1.6756076983078367,0.12417839170932865,0.07410946597746833,0.03879424504056207,0.0,0.0,0.18886889246347113,0.03124043312611374,0.37055204880779424,0.0,0.0,0.0,0.0,0.0,139290.0,-20056.0,5088466944.0,177934.0,1.36,499.0,8448.0,10097.0,0.05,5,0.008,0.18181818181818182,0.4366005994002276,0.0,0.18886889246347113,5,ssdp
2031056,258407314,567502,1401358,62196,374770,692227,79067,1095382,360462,0.40496575464656426,0.1845197769042311,3.038827948577104,127.22805968914693,0,0,0,0,0,79164,108,0,0,0,360462,3,0,0,0,0,0,0,0,0,0,0,0.0,0.0,0.0,0.0,0.0,1.9995198207330738,236321,138451,4,1.7068926912770583,0.1163537588328436,0.06816700278081944,0.038929010327632525,0.0,0.0,0.17747516562812646,0.03062249391449571,0.34082122797205,0.0,0.0,0.0,0.0,0.0,139191.0,439.0,4939029504.0,178450.0,1.36,446.0,9984.0,10112.0,0.04,5,0.006999999999999999,0.2727272727272727,0.43772160083246314,0.0,0.17747516562812646,5,ssdp
1578416,200901841,435740,1094043,48633,294128,529093,57809,857789,279808,0.3982841625054957,0.18634377755927461,3.065634292086002,127.28066682040729,0,0,0,0,0,57800,108,0,0,0,279808,8,0,0,0,0,0,0,0,0,0,0,0.0,0.0,0.0,0.0,0.0,1.999986400571176,188313,105811,4,1.779710994131045,0.11930505012620247,0.06703619324690069,0.03662469209638017,0.0,0.0,0.17727139106547324,0.030811269019067215,0.33520504100313225,0.0,0.0,0.0,0.0,0.0,139327.0,50.0,5071847936.0,178966.0,1.35,493.0,11456.0,10139.0,0.05,5,0.009000000000000001,0.2727272727272727,0.43906084438638515,0.0,0.17727139106547324,5,ssdp
1585549,215946497,475074,1094434,50435,312475,588753,68690,851289,279900,0.43408190900502,0.1970768484606909,3.0414040728831724,136.19667194139066,0,0,0,0,0,68561,108,0,0,0,300037,4,0,0,0,0,0,0,0,0,0,0,0.0,0.0,0.0,0.0,0.0,1.9986631871154263,194710,117751,4,1.6535740673115302,0.12280289035532803,0.0742651283561719,0.043322533709144274,0.0,0.0,0.1892322470008811,0.03180917146048466,0.37132438038811794,0.0,0.0,0.0,0.0,0.0,139285.0,-203.0,4917312512.0,179476.0,1.35,458.0,12736.0,10158.0,0.05,5,0.008,0.18181818181818182,0.43633042957761636,0.0,0.1892322470008811,5,ssdp
1808237,229649199,439714,1250151,47556,293370,610968,69868,977842,320305,0.35172871117169047,0.16224090094384752,3.052846505674279,127.00171437704239,0,0,0,0,0,69634,108,0,0,0,339907,1,0,0,0,0,0,0,0,0,0,0,0.0,0.0,0.0,0.0,0.0,1.999972731053195,213112,122190,4,1.7441034454538014,0.11785623234122518,0.06757410671278156,0.038638740386354224,0.0,0.0,0.18797701849923434,0.026299649879965956,0.33788048801125076,0.0,0.0,0.0,0.0,0.0,179531.0,39833.0,4829541888.0,180388.0,1.57,401.0,14176.0,10187.0,0.04,5,0.008,0.18181818181818182,0.43554800723113646,0.0,0.18797701849923434,5,ssdp
2157980,274155826,539678,1490026,58203,357675,729883,85004,1167334,381337,0.36219367984182826,0.1657452803084366,3.061161125198971,127.04280206489402,0,0,0,0,0,84750,108,0,0,0,381654,4,0,0,0,0,0,0,0,0,0,0,0.0,0.0,0.0,0.0,0.0,2.000979020979021,253646,145985,4,1.7374798780696648,0.11753862408363377,0.06764891240882677,0.03939054115422756,0.0,0.0,0.17685706076979396,0.026971056265581703,0.3382250993985116,0.0,0.0,0.0,0.0,0.0,139451.0,30.0,5150044160.0,181303.0,1.34,457.0,15808.0,10210.0,0.04,5,0.009000000000000001,0.18181818181818182,0.4344074653543546,0.0,0.17685706076979396,5,ssdp
2036306,229993368,500244,1412175,54684,337425,608792,68178,1105552,359816,0.35423655000265547,0.16570446681392678,3.0725481912977743,112.94636857132474,0,0,0,0,0,72909,108,0,0,0,340453,8,0,0,0,0,0,0,0,0,0,0,0.0,0.0,0.0,0.0,0.0,2.000456501891222,215667,121757,4,1.7712903570225942,0.10591089944242171,0.05979307628617703,0.033481215495117136,0.0,0.0,0.16719147318723218,0.026854510078544187,0.2989688190281814,0.0,0.0,0.0,0.0,0.0,99276.0,-10.0,4999430144.0,181799.0,1.33,404.0,1984.0,10238.0,0.04,5,0.008,0.2727272727272727,0.44075407643409076,0.0,0.16719147318723218,5,ssdp
1695626,201033260,436918,1175287,48014,294455,532710,59211,920085,299943,0.37175430341695265,0.17365562924843098,3.0675328312379353,118.55990648881298,0,0,0,0,0,59211,108,0,0,0,279750,5,0,0,0,0,0,0,0,0,0,0,0.0,0.0,0.0,0.0,0.0,2.0000747170939124,187911,106544,4,1.763693872953897,0.11082101831418013,0.06283461093425083,0.03491984671148001,0.0,0.0,0.16498331589631204,0.028316385806775788,0.3141671571443231,0.0,0.0,0.0,0.0,0.0,159223.0,19896.0,4875360768.0,182511.0,1.44,344.0,3744.0,10264.0,0.03,5,0.006999999999999999,0.2727272727272727,0.4386512964252675,0.0,0.16498331589631204,5,ssdp
1796515,214638550,471805,1237824,52771,311105,568244,64090,972019,319322,0.3811567718835634,0.17317139016373367,3.0440088687907503,119.47495567807673,0,0,0,0,0,64230,108,0,0,0,299593,6,0,0,0,0,0,0,0,0,0,0,0.0,0.0,0.0,0.0,0.0,1.997758898585345,197454,113646,4,1.737447864421097,0.10990946360035958,0.06325914339707712,0.0356746255945539,0.0,0.0,0.1667634280815913,0.029374093731474548,0.31630350985101713,0.0,0.0,0.0,0.0,0.0,139776.0,459.0,5023965696.0,183221.0,1.32,353.0,5184.0,10286.0,0.03,5,0.008,0.2727272727272727,0.4384930550502931,0.0,0.1667634280815913,5,ssdp
1575443,200662450,442054,1082575,50814,289952,531847,60357,852215,279740,0.4083356811306376,0.1840447417012231,3.0464538500035747,127.36890512700238,0,0,0,0,0,60358,108,0,0,0,279740,1,0,0,0,0,0,0,0,0,0,0,0.0,0.0,0.0,0.0,0.0,1.999944819975169,183586,106370,4,1.725918962113378,0.11652976337449213,0.0675175172951354,0.03831112899673298,0.0,0.0,0.17756275536468155,0.03225378512583445,0.3375856822493737,0.0,0.0,0.0,0.0,0.0,139679.0,-20189.0,4894604288.0,183940.0,1.43,320.0,6752.0,10310.0,0.03,5,0.006999999999999999,0.2727272727272727,0.4382820365946283,0.0,0.17756275536468155,5,ssdp
1694234,201294613,439838,1170415,48794,292337,537268,60073,916739,300127,0.3757966191479091,0.17254818401708383,3.0545035934787608,118.81157679517705,0,0,0,0,0,60068,108,0,0,0,279808,6,0,0,0,0,0,0,0,0,0,0,0.0,0.0,0.0,0.0,0.0,2.0000752584443395,184877,107454,4,1.7205222699946023,0.10912129021138757,0.06342335238225652,0.035457321715890486,0.0,0.0,0.16515310163767224,0.02880003588642419,0.3171155814368027,0.0,0.0,0.0,0.0,0.0,139310.0,-141.0,5036719616.0,184450.0,1.31,319.0,8224.0,10336.0,0.03,5,0.008,0.2727272727272727,0.4378832717142723,0.0,0.16515310163767224,5,ssdp
1693531,215506336,472698,1167621,53212,313216,570367,64845,916860,300143,0.40483855634662275,0.18494848928068042,3.05474390540509,127.25266676547403,0,0,0,0,0,64851,108,0,0,0,300143,6,0,0,0,0,0,0,0,0,0,0,0.0,0.0,0.0,0.0,0.0,1.9983539304695126,199150,114080,4,1.7457047685834501,0.11759454063728388,0.0673622153949352,0.03828982168026449,0.0,0.0,0.17722911479034043,0.031420741633899824,0.3367915910603349,0.0,0.0,0.0,0.0,0.0,139181.0,19827.0,4899848704.0,184555.0,1.42,309.0,9824.0,10356.0,0.03,5,0.008,0.2727272727272727,0.4385223462395627,0.0,0.17722911479034043,5,ssdp
2037916,259657640,556632,1422309,58975,379560,709735,75240,1098869,359737,0.39135799604727245,0.1862490897563982,3.054645477112446,127.4133183114515,0,0,0,0,0,75354,108,0,0,0,359737,7,0,0,0,0,0,0,0,0,0,0,0.0,0.0,0.0,0.0,0.0,1.9975370235877357,237603,141949,4,1.6738617390753017,0.11659116469962452,0.06965399947789801,0.03692006932572294,0.0,0.0,0.17652199599983512,0.028938876774116305,0.34826509041589543,0.0,0.0,0.0,0.0,0.0,139290.0,-19933.0,5039092736.0,184865.0,1.31,299.0,11008.0,10382.0,0.03,5,0.008,0.18181818181818182,0.43638258748642833,0.0,0.17652199599983512,5,ssdp
1582346,201486191,435870,1098679,47797,293663,544348,59220,854826,279808,0.39672188145946174,0.1855870966274127,3.055044887923147,127.33383912241696,0,0,0,0,0,59236,108,0,0,0,279808,4,0,0,0,0,0,0,0,0,0,0,0.0,0.0,0.0,0.0,0.0,1.9999523274423672,184788,108875,4,1.6972491389207807,0.11678103271977178,0.06880606390764094,0.037425442981497095,0.0,0.0,0.17683111026286286,0.03020641503185776,0.3440132562663286,0.0,0.0,0.0,0.0,0.0,119425.0,-351.0,5038175232.0,185376.0,1.31,335.0,12736.0,10409.0,0.03,5,0.009000000000000001,0.2727272727272727,0.4371588023286671,0.0,0.17683111026286286,5,ssdp
1919430,243966423,538212,1323370,58256,353704,654572,76450,1035693,339650,0.4066980511874986,0.18427554013431072,3.04929486235831,127.10357918757131,0,0,0,0,0,72123,108,0,0,0,319503,5,0,0,0,0,0,0,0,0,0,0,0.0,0.0,0.0,0.0,0.0,2.0000226180378853,222784,130906,4,1.7018624050845645,0.11606779095877422,0.06820045534351343,0.03982953272586132,0.0,0.0,0.16645722949000485,0.03035067702390814,0.34102415821363635,0.0,0.0,0.0,0.0,0.0,139292.0,-20079.0,5273852928.0,185891.0,1.3,290.0,14272.0,10431.0,0.03,5,0.008,0.18181818181818182,0.4353116578153034,0.0,0.16645722949000485,5,ssdp
1821438,231485487,510830,1253234,57375,335222,618738,71818,983984,322467,0.40760943287526513,0.18404249828981278,3.0514254171744706,127.08941341950701,0,0,0,0,0,72051,108,0,0,0,322467,4,0,0,0,0,0,0,0,0,0,0,0.0,0.0,0.0,0.0,0.0,2.0017316947917787,211466,123747,4,1.7088575884667911,0.11609837941231049,0.06793917772660941,0.039429286091538666,0.0,0.0,0.17703978944108995,0.031499836942020534,0.3396975356833447,0.0,0.0,0.0,0.0,0.0,179099.0,39876.0,4714148352.0,186602.0,1.51,290.0,15872.0,10458.0,0.03,5,0.008,0.2727272727272727,0.43777312650776484,0.0,0.17703978944108995,5,ssdp
1689820,214796487,465682,1173526,50490,315988,564740,62315,918399,299295,0.3968229080565748,0.18699506456308956,3.0685410715180677,127.11205157945817,0,0,0,0,0,62163,108,0,0,0,299549,4,0,0,0,0,0,0,0,0,0,0,0.0,0.0,0.0,0.0,0.0,1.999645618964448,203049,112959,4,1.7975460122699387,0.12016013539903658,0.06684676474417393,0.03687670876187996,0.0,0.0,0.1772668094826668,0.02987892201536258,0.33420127587553705,0.0,0.0,0.0,0.0,0.0,138698.0,-20512.0,5034552320.0,186824.0,1.29,274.0,2048.0,10478.0,0.03,5,0.008,0.2727272727272727,0.4393537317050609,0.0,0.1772668094826668,5,ssdp
1695485,214950974,477915,1165266,51308,311388,574966,69615,913998,300168,0.41013382352183964,0.18365718363772018,3.0449548252978333,126.77845808131596,0,0,0,0,0,69565,108,0,0,0,299930,4,0,0,0,0,0,0,0,0,0,0,0.0,0.0,0.0,0.0,0.0,2.001246810671157,196387,114990,4,1.7078615531785373,0.11582939394922397,0.06782130186937661,0.04105904800101446,0.0,0.0,0.1768992353220465,0.030261547580780722,0.3391159461746934,0.0,0.0,0.0,0.0,0.0,99611.0,243.0,5167101952.0,186630.0,1.3,323.0,3712.0,10496.0,0.03,5,0.01,0.2727272727272727,0.4377926470191664,0.0,0.1768992353220465,5,ssdp
1573362,200374380,439262,1084431,49669,290621,531416,59588,851453,279617,0.4050621939062974,0.18471337174788766,3.0450687905241813,127.35427701952888,0,0,0,0,0,59588,108,0,0,0,279617,6,0,0,0,0,0,0,0,0,0,0,0.0,0.0,0.0,0.0,0.0,2.0000206456585623,184333,106282,4,1.734376470145462,0.11715867041405602,0.06755088784399267,0.03787303875395491,0.0,0.0,0.17771943138324175,0.031568704468520274,0.3377582527098023,0.0,0.0,0.0,0.0,0.0,159756.0,20331.0,4888722944.0,186836.0,1.41,259.0,5376.0,10521.0,0.02,5,0.008,0.2727272727272727,0.43839133236139877,0.0,0.17771943138324175,5,ssdp
1803561,214877614,467888,1249808,50947,314458,570509,63418,978075,319709,0.374367902909887,0.17435395864071135,3.0592663953782973,119.14075210098244,0,0,0,0,0,63541,108,0,0,0,299510,5,0,0,0,0,0,0,0,0,0,0,0.0,0.0,0.0,0.0,0.0,2.0010181420180846,200364,114098,4,1.7560693438973514,0.11109355325381287,0.06326262322150457,0.03516265876230413,0.0,0.0,0.16606591071774118,0.028248004919157157,0.3163236508219018,0.0,0.0,0.0,0.0,0.0,139431.0,113.0,5168603648.0,186838.0,1.3,260.0,6816.0,10546.0,0.02,5,0.008,0.2727272727272727,0.43855536093115666,0.0,0.16606591071774118,5,ssdp
1691442,200913706,435426,1175279,46895,295385,531735,58883,918705,299233,0.37048734811053374,0.17463501556659938,3.0701994766619993,118.78249801057322,0,0,0,0,0,58893,108,0,0,0,279690,3,0,0,0,0,0,0,0,0,0,0,0.0,0.0,0.0,0.0,0.0,2.000128653941212,189027,106353,4,1.7773546585427773,0.11175494045908757,0.06287711904989944,0.034812308077959514,0.0,0.0,0.16535595072133719,0.02772486434651617,0.3143678589038229,0.0,0.0,0.0,0.0,0.0,119210.0,-39666.0,5026383872.0,186433.0,1.3,268.0,8256.0,10567.0,0.03,5,0.009000000000000001,0.2727272727272727,0.43885626747701756,0.0,0.16535595072133719,5,ssdp
1799600,215003807,472560,1239866,53604,311277,570668,64349,974276,319264,0.38113796168295605,0.17297010446765948,3.0516312518793223,119.47310902422761,0,0,0,0,0,64354,108,0,0,0,299576,3,0,0,0,0,0,0,0,0,0,0,0.0,0.0,0.0,0.0,0.0,2.0003663003663004,197146,114133,4,1.7273356522653396,0.10954989997777284,0.06342131584796622,0.035757390531229165,0.0,0.0,0.16646810402311624,0.02978661924872194,0.31710824627695045,0.0,0.0,0.0,0.0,0.0,159735.0,20983.0,5025680896.0,186238.0,1.41,262.0,10272.0,10588.0,0.02,5,0.009000000000000001,0.2727272727272727,0.4382321580672692,0.0,0.16646810402311624,5,ssdp
2020660,214892500,472775,1391520,53176,311191,571291,65147,1092970,358401,0.339754369322755,0.15400463214989163,3.0495729643611487,106.3476784812883,0,0,0,0,0,64885,108,0,0,0,299421,10,0,0,0,0,0,0,0,0,0,0,0.0,0.0,0.0,0.0,0.0,1.9992611771054847,196936,114258,4,1.7236079749339215,0.09746122554017005,0.05654489127314838,0.032240456088604715,0.0,0.0,0.1481798026387418,0.026316154127859214,0.2827249512535508,0.0,0.0,0.0,0.0,0.0,179847.0,40314.0,4792608256.0,186445.0,1.52,227.0,11808.0,10609.0,0.02,5,0.008,0.2727272727272727,0.4381348554732605,0.0,0.1481798026387418,5,ssdp
1583353,201700671,433983,1102488,46882,294569,547003,58343,855837,279648,0.3936396586629514,0.18604126811898547,3.060408084449022,127.38831517671676,0,0,0,0,0,58344,108,0,0,0,279648,5,0,0,0,0,0,0,0,0,0,0,0.0,0.0,0.0,0.0,0.0,2.0000203689495732,185162,109405,4,1.6924455006626753,0.11694296849786498,0.06909703647891531,0.03684775283843843,0.0,0.0,0.1766175956972324,0.029609316431648533,0.3454712878303196,0.0,0.0,0.0,0.0,0.0,118976.0,-20432.0,5112881152.0,185846.0,1.3,229.0,13248.0,10633.0,0.02,5,0.008,0.18181818181818182,0.4369103311319965,0.0,0.1766175956972324,5,ssdp
2144897,229881938,501547,1487122,53988,334513,619646,69509,1158798,378980,0.33726015753919314,0.15595760542347722,3.0576758668003587,107.17621312352061,0,0,0,0,0,69587,108,0,0,0,339606,7,0,0,0,0,0,0,0,0,0,0,0.0,0.0,0.0,0.0,0.0,1.9977365837344576,210585,123925,4,1.6992939277788985,0.09817953962358099,0.057776667131335446,0.03240668433029651,0.0,0.0,0.1583320784168191,0.025170439419701738,0.28889312633660263,0.0,0.0,0.0,0.0,0.0,118824.0,19948.0,4967465984.0,184653.0,1.42,223.0,14688.0,10658.0,0.02,5,0.008,0.2727272727272727,0.4393067061994252,0.0,0.1583320784168191,5,ssdp
1827688,232447761,505257,1267507,54924,338686,628107,70193,988180,322062,0.39862265060469093,0.18530843338688002,3.0682911985890917,127.1813137690897,0,0,0,0,0,69977,108,0,0,0,362635,6,0,0,0,0,0,0,0,0,0,0,0.0,0.0,0.0,0.0,0.0,2.0015365249714856,213063,125618,4,1.6961183906764954,0.11657514849361598,0.0687305491965806,0.03840535146042432,0.0,0.0,0.1984118733613177,0.03005108092847357,0.34366204735162675,0.0,0.0,0.0,0.0,0.0,139424.0,-96.0,5349506048.0,183856.0,1.32,225.0,16032.0,10686.0,0.02,5,0.008,0.2727272727272727,0.4407958735393015,0.0,0.1984118733613177,5,ssdp
1807217,215636922,471275,1250473,51276,313495,579661,65567,975863,319631,0.37687738959577693,0.17346837706816615,3.0530924722570716,119.31988355576557,0,0,0,0,0,69943,108,0,0,0,319677,5,0,0,0,0,0,0,0,0,0,0,0.0,0.0,0.0,0.0,0.0,2.0002488387524884,197547,115929,4,1.7040343658618637,0.109310060717667,0.06414780294784743,0.03628064587705848,0.0,0.0,0.1768891062888408,0.02837290707203396,0.32074786813094386,0.0,0.0,0.0,0.0,0.0,119287.0,-20333.0,5036966912.0,183033.0,1.32,233.0,2016.0,10710.0,0.02,5,0.009000000000000001,0.2727272727272727,0.4395576922548963,0.0,0.1768891062888408,5,ssdp
1648868,209187245,455934,1141169,50075,304834,559625,62554,891699,291841,0.3995324093101022,0.18487471404624264,3.055427441654874,126.86718706409488,0,0,0,0,0,62594,108,0,0,0,291045,0,0,0,0,0,0,0,0,0,0,0,0.0,0.0,0.0,0.0,0.0,1.9990163418408835,192909,111932,4,1.7234481649572955,0.1169948109854761,0.0678841483975673,0.037937542604987176,0.0,0.0,0.17651200702542594,0.030369320042598923,0.33939951530383267,0.0,0.0,0.0,0.0,0.0,-159379.0,-40555.0,5040817664.0,182636.0,0.56,218.0,2752.0,10722.0,0.02,5,0.008,0.2727272727272727,0.4378690702255462,0.0,0.17651200702542594,5,ssdp
1580275,200765722,444367,1086884,49024,290885,535588,63570,853197,279325,0.40884491813293783,0.18407239246333706,3.0544956591783765,127.04480043030485,0,0,0,0,0,63570,108,0,0,0,279325,4,0,0,0,0,0,0,0,0,0,0,0.0,0.0,0.0,0.0,0.0,1.9999931244542535,183767,107126,4,1.7154285607602262,0.11628798785021595,0.0677894670231447,0.04022717564980779,0.0,0.0,0.17675720997927577,0.031022448624448275,0.3389207574630998,0.0,0.0,0.0,0.0,0.0,-416.0,139008.0,5132770816.0,180836.0,1.34,7425.0,5024.0,10750.0,0.69,5,0.009000000000000001,0.2727272727272727,0.4378738453381334,0.0,0.17675720997927577,5,ssdp
1805898,243937148,534949,1245656,60289,354316,647111,73704,977411,319698,0.42945163030563815,0.1961993423770335,3.057294696870171,135.07803209262096,0,0,0,0,0,73567,108,0,0,0,339762,7,0,0,0,0,0,0,0,0,0,0,0.0,0.0,0.0,0.0,0.0,1.9962252032474521,224901,129416,4,1.7378144897076095,0.12453693397965998,0.07166296213850394,0.040812936278793156,0.0,0.0,0.18814019396444318,0.033384499013787046,0.3583319766675637,0.0,0.0,0.0,0.0,0.0,20007.0,139294.0,4973794304.0,179833.0,1.46,4415.0,6496.0,10774.0,0.41,5,0.009000000000000001,0.2727272727272727,0.4383553983621374,0.0,0.18814019396444318,5,ssdp
1690203,214486246,458633,1182954,48617,319721,559616,59404,923136,299459,0.3877014659910698,0.189161301926455,3.082679097973345,126.89969548036538,0,0,0,0,0,59551,108,0,0,0,299459,5,0,0,0,0,0,0,0,0,0,0,0.0,0.0,0.0,0.0,0.0,2.0003190790502705,207800,111924,4,1.8566169901004252,0.12294381207464429,0.06621926478653747,0.03514607416978907,0.0,0.0,0.1771733927818138,0.028764000537213577,0.3310939573530517,0.0,0.0,0.0,0.0,0.0,139477.0,139317.0,5126657536.0,178822.0,1.36,2717.0,8128.0,10798.0,0.25,5,0.008,0.2727272727272727,0.4402504685996594,0.0,0.1771733927818138,5,ssdp
1690151,215069240,481157,1155333,53661,307807,579793,69871,908216,299504,0.41646607514889644,0.18211804744073162,3.032400235055291,127.24853578171418,0,0,0,0,0,69845,108,0,0,0,299504,9,0,0,0,0,0,0,0,0,0,0,0.0,0.0,0.0,0.0,0.0,2.0007995215870826,191841,115949,4,1.6545291464350707,0.11350524302266483,0.06860274614516691,0.0413400932816062,0.0,0.0,0.17720546862380934,0.03174923424001761,0.3430421305551989,0.0,0.0,0.0,0.0,0.0,119276.0,139371.0,5125226496.0,178419.0,1.36,2240.0,9632.0,10820.0,0.21,5,0.008,0.2727272727272727,0.43681561809060315,0.0,0.17720546862380934,5,ssdp
1579447,200577884,433782,1098871,46794,295573,530393,58465,857925,279712,0.3947524322691198,0.18713701694327192,3.067172663310834,126.99247521442632,0,0,0,0,0,58471,108,0,0,0,279712,4,0,0,0,0,0,0,0,0,0,0,0.0,0.0,0.0,0.0,0.0,1.9998849758110897,189502,106082,4,1.7863728059425728,0.11997996767222958,0.0671640137339208,0.03701612019903169,0.0,0.0,0.177094894605517,0.029626825084982277,0.33580930540879184,0.0,0.0,0.0,0.0,0.0,139360.0,139520.0,5092430336.0,179023.0,1.35,1884.0,11232.0,10843.0,0.17,5,0.008,0.2727272727272727,0.4390391420464566,0.0,0.177094894605517,5,ssdp
1800927,214982357,472929,1239765,53998,310541,569574,63942,975475,319766,0.38146664892136817,0.17243397428102306,3.0505901190245366,119.37316559749507,0,0,0,0,0,63890,108,0,0,0,299532,6,0,0,0,0,0,0,0,0,0,0,0.0,0.0,0.0,0.0,0.0,2.0011663874210592,196624,113922,4,1.7259528449289865,0.10917932820153177,0.06325742242744986,0.03550504823349308,0.0,0.0,0.16632101134582356,0.029983447413470952,0.31626712243194754,0.0,0.0,0.0,0.0,0.0,159140.0,20289.0,4808894976.0,178841.0,1.47,1684.0,12800.0,10868.0,0.15,5,0.009000000000000001,0.2727272727272727,0.43827831444834275,0.0,0.16632101134582356,5,ssdp
1803857,228990469,534273,1245168,58749,354136,607472,68709,976328,320394,0.42907704020662274,0.19632154877021848,3.0472730450632657,126.94491248474796,0,0,0,0,0,68732,108,0,0,0,340502,7,0,0,0,0,0,0,0,0,0,0,0.0,0.0,0.0,0.0,0.0,2.001209306005278,211787,121489,4,1.7432607067306505,0.11740786547935896,0.06734957371898105,0.038090048157919394,0.0,0.0,0.1887632999733349,0.03256854617633216,0.33676283652196376,0.0,0.0,0.0,0.0,0.0,139253.0,-20118.0,4970613248.0,178835.0,1.35,1301.0,14400.0,10895.0,0.12,5,0.008,0.2727272727272727,0.4422945778202295,0.0,0.1887632999733349,5,ssdp
2013830,228274853,502176,1387029,56095,330568,605753,68427,1088584,358526,0.36205155047226845,0.16414891028537662,3.0362763091100784,113.35358644970032,0,0,0,0,0,77052,108,0,0,0,338915,7,0,0,0,0,0,0,0,0,0,0,0.0,0.0,0.0,0.0,0.0,2.0007989444249414,209422,121151,4,1.7286031481374482,0.10399189603889107,0.06015949707770765,0.03397853840691618,0.0,0.0,0.168293748727549,0.027854883480730747,0.30079649225604943,0.0,0.0,0.0,0.0,0.0,139878.0,20222.0,4807421440.0,178831.0,1.47,1216.0,15840.0,10917.0,0.11,5,0.008,0.2727272727272727,0.4402822514027549,0.0,0.168293748727549,5,ssdp
1599693,203753854,438287,1114159,47247,297452,554469,59363,864054,282139,0.3933792214576196,0.18594317784724945,3.0625117406668343,127.37059798348808,0,0,0,0,0,59367,108,0,0,0,282139,4,0,0,0,0,0,0,0,0,0,0,0.0,0.0,0.0,0.0,0.0,2.000107586169798,186555,110888,4,1.682373205396436,0.1166192513188468,0.06931830044889863,0.037108995288470975,0.0,0.0,0.17637071613115768,0.029535042036190694,0.34660963072289497,0.0,0.0,0.0,0.0,0.0,161944.0,22550.0,4851792896.0,179238.0,1.48,1180.0,1216.0,10935.0,0.11,5,0.009000000000000001,0.18181818181818182,0.43662223141985146,0.0,0.17637071613115768,5,ssdp
1926125,259732886,569260,1331005,61233,377644,699263,80324,1039764,340051,0.42769185690512057,0.19606411837237978,3.057670761150533,134.84736764228697,0,0,0,0,0,80309,108,0,0,0,360315,7,0,0,0,0,0,0,0,0,0,0,0.0,0.0,0.0,0.0,0.0,2.000572130869639,237775,139839,4,1.7003482576391422,0.12344733597248361,0.07260120708676747,0.04170238172496593,0.0,0.0,0.18706729833214356,0.03179077162697125,0.36304133947692907,0.0,0.0,0.0,0.0,0.0,119085.0,-256.0,5033459712.0,178863.0,1.35,1039.0,2720.0,10962.0,0.09,5,0.009000000000000001,0.2727272727272727,0.437278436624658,0.0,0.18706729833214356,5,ssdp
2032580,288518728,626084,1411187,67708,420790,776506,85849,1098468,359280,0.44365771510083357,0.20702260181641066,3.0574148296593187,141.9470466107115,0,0,0,0,0,86105,108,0,0,0,400232,8,0,0,0,0,0,0,0,0,0,0,0.0,0.0,0.0,0.0,0.0,2.00110329609709,265492,155313,4,1.709399728290613,0.13061822904879514,0.07641175255094511,0.04223646793730136,0.0,0.0,0.19690836277046905,0.03331135797852975,0.3820297356069626,0.0,0.0,0.0,0.0,0.0,118901.0,-19777.0,4967144960.0,178263.0,1.36,872.0,4640.0,10986.0,0.08,5,0.008,0.2727272727272727,0.4373955874655036,0.0,0.19690836277046905,5,ssdp
1583069,201710745,433941,1102386,46742,294142,549925,58544,854200,279913,0.3936379816144254,0.18580491437833727,3.051662480842262,127.41753202166173,0,0,0,0,0,58554,108,0,0,0,279913,3,0,0,0,0,0,0,0,0,0,0,0.0,0.0,0.0,0.0,0.0,2.0001087969101676,184153,109990,4,1.6742703882171106,0.11632657831086327,0.06947896775187942,0.0369813318307667,0.0,0.0,0.17681667697365056,0.029526192478028436,0.34737904664926167,0.0,0.0,0.0,0.0,0.0,139416.0,125.0,5105140224.0,178264.0,1.36,755.0,5952.0,11011.0,0.07,5,0.008,0.18181818181818182,0.43653856533085017,0.0,0.17681667697365056,5,ssdp
1807108,215114487,478594,1241482,52426,311028,574577,69275,973501,319922,0.38550216595971587,0.17211367555231896,3.042932339757816,119.03798057448697,0,0,0,0,0,69278,108,0,0,0,299572,7,0,0,0,0,0,0,0,0,0,0,0.0,0.0,0.0,0.0,0.0,1.9988432173980104,196121,114914,4,1.7066762970569296,0.10852754788313704,0.06359000126168442,0.03833473151576995,0.0,0.0,0.16577426473680598,0.029010994362262798,0.31795387990092455,0.0,0.0,0.0,0.0,0.0,139520.0,-20179.0,4960375808.0,178061.0,1.36,699.0,7616.0,11033.0,0.06,5,0.008,0.2727272727272727,0.43775976558288204,0.0,0.16577426473680598,5,ssdp
1926388,230136956,504802,1330560,55594,336124,610242,70805,1044132,340057,0.37939063251563254,0.17448406032429603,3.0704617167121984,119.46552615568619,0,0,0,0,0,70820,108,0,0,0,319794,3,0,0,0,0,0,0,0,0,0,0,0.0,0.0,0.0,0.0,0.0,1.9998215103791714,214077,122046,4,1.7540681382429575,0.11112870304424653,0.06335483817382584,0.03675531616683659,0.0,0.0,0.1660070556917921,0.028859191398617517,0.3167804201438132,0.0,0.0,0.0,0.0,0.0,139267.0,-22603.0,4961050112.0,177862.0,1.36,712.0,8960.0,11055.0,0.06,5,0.008,0.2727272727272727,0.43847278887541213,0.0,0.1660070556917921,5,ssdp
1570966,200043627,438537,1080561,51868,291826,512608,56833,857227,280002,0.40584196542351614,0.18576213616335427,3.061503132120485,127.33797357804052,0,0,0,0,0,56828,108,0,0,0,299458,3,0,0,0,0,0,0,0,0,0,0,0.0,0.0,0.0,0.0,0.0,1.9999725867799747,189306,102526,4,1.846419444823752,0.1205029262250106,0.06526302924442667,0.036177103769273175,0.0,0.0,0.19062029350094145,0.03301662798558339,0.326301142099829,0.0,0.0,0.0,0.0,0.0,139440.0,176.0,4961006080.0,177659.0,1.36,608.0,10752.0,11081.0,0.05,5,0.008,0.2727272727272727,0.4428195861013077,0.0,0.19062029350094145,5,ssdp
1592788,201905897,438098,1110605,44085,296571,552339,63600,858069,279865,0.3944678801193944,0.1861961541648983,3.066010397870402,126.76256789980839,0,0,0,0,0,63603,108,0,0,0,279865,7,0,0,0,0,0,0,0,0,0,0,0.0,0.0,0.0,0.0,0.0,2.000033719307001,186097,110464,4,1.6846846031286211,0.1168372689899723,0.06935260687549127,0.0399299844047042,0.0,0.0,0.17570762712928525,0.02767788305788341,0.34677496314638234,0.0,0.0,0.0,0.0,0.0,159570.0,20154.0,4958635008.0,177657.0,1.48,661.0,12064.0,11107.0,0.06,5,0.009000000000000001,0.18181818181818182,0.4364982196012132,0.0,0.17570762712928525,5,ssdp
1808634,229839853,467251,1256246,50694,315913,611700,68007,979801,320178,0.3719422788211863,0.17466939137492715,3.060175902154427,127.07925041771857,0,0,0,0,0,68132,108,0,0,0,320178,9,0,0,0,0,0,0,0,0,0,0,0.0,0.0,0.0,0.0,0.0,1.9988168301170515,214931,122337,4,1.756876496889739,0.11883609398031884,0.06764055082454493,0.03760130573681574,0.0,0.0,0.1770275246401428,0.02802888810007995,0.33821104767465393,0.0,0.0,0.0,0.0,0.0,139430.0,14.0,4961188864.0,177660.0,1.36,573.0,13600.0,11128.0,0.05,5,0.008,0.2727272727272727,0.4363380066391723,0.0,0.1770275246401428,5,ssdp
1574218,200555272,440836,1083566,49817,290290,531744,59806,851452,280222,0.4068381621424076,0.18440266849953438,3.0384909107778832,127.3999357141133,0,0,0,0,0,59806,108,0,0,0,280223,6,0,0,0,0,0,0,0,0,0,0,0.0,0.0,0.0,0.0,0.0,2.0000137794190596,183945,106346,4,1.7296842382412125,0.11684849239431895,0.06755481134125006,0.03799092628848101,0.0,0.0,0.17800774733867863,0.031645553538328236,0.3377829500107355,0.0,0.0,0.0,0.0,0.0,119400.0,34.0,5091991552.0,177263.0,1.37,510.0,14816.0,11148.0,0.05,5,0.008,0.2727272727272727,0.4383891745763384,0.0,0.17800774733867863,5,ssdp
1698393,216304087,477484,1164998,55868,311453,571691,64749,918211,302389,0.4098582143488658,0.1833809960356643,3.0365224925509855,127.35808908774354,0,0,0,0,0,64721,108,0,0,0,301903,3,0,0,0,0,0,0,0,0,0,0,0.0,0.0,0.0,0.0,0.0,1.99908214482856,197118,114343,4,1.723918385909063,0.11606147693731662,0.06732422943335259,0.03812368515414277,0.0,0.0,0.17775803362354886,0.03289462450681321,0.3366070161617482,0.0,0.0,0.0,0.0,0.0,141468.0,2206.0,5070605312.0,177063.0,1.38,529.0,1120.0,11175.0,0.05,5,0.008,0.2727272727272727,0.4383948709613911,0.0,0.17775803362354886,5,ssdp
1691619,215413334,471102,1168113,52404,312938,573150,63939,915395,300097,0.4033017353629315,0.18499319291164262,3.050330393172874,127.34151957385203,0,0,0,0,0,63947,108,0,0,0,300097,7,0,0,0,0,0,0,0,0,0,0,0.0,0.0,0.0,0.0,0.0,2.0002173190499324,198306,114638,4,1.729845252010677,0.11722852486286806,0.06776821494674629,0.0377975182354892,0.0,0.0,0.177402240102529,0.03097860688488365,0.33881742874725335,0.0,0.0,0.0,0.0,0.0,139264.0,80.0,4908292608.0,177090.0,1.37,474.0,2816.0,11201.0,0.04,5,0.008,0.2727272727272727,0.4381740028749485,0.0,0.177402240102529,5,ssdp
1694873,215846043,469731,1172708,52434,313632,579114,64168,916555,299593,0.4005523966750461,0.18504749323400632,3.0593338295621058,127.35234026384278,0,0,0,0,0,64304,108,0,0,0,299593,5,0,0,0,0,0,0,0,0,0,0,0.0,0.0,0.0,0.0,0.0,2.0007782845842237,197804,115816,4,1.7079160046971058,0.11670726951222894,0.06833314354526858,0.03786006385139182,0.0,0.0,0.17676427673341896,0.030936831255203193,0.3416857782264512,0.0,0.0,0.0,0.0,0.0,139360.0,-20314.0,4909504000.0,177091.0,1.37,438.0,4352.0,11223.0,0.04,5,0.008,0.2727272727272727,0.4375051968740737,0.0,0.17676427673341896,5,ssdp
1811232,230581962,496792,1261335,53105,336942,626882,67631,977334,320083,0.3938620588503451,0.18602917792971857,3.0533767803975844,127.30669621561456,0,0,0,0,0,67485,108,0,0,0,299890,4,0,0,0,0,0,0,0,0,0,0,0.0,0.0,0.0,0.0,0.0,1.998659422009206,211565,125377,4,1.687430708981711,0.11680723397113126,0.0692219439585873,0.03733977756576739,0.0,0.0,0.16557238388014345,0.029319822087948977,0.3461080634617763,0.0,0.0,0.0,0.0,0.0,159410.0,20034.0,4783337472.0,177289.0,1.48,445.0,6112.0,11247.0,0.04,5,0.008,0.18181818181818182,0.434366399971685,0.0,0.16557238388014345,5,ssdp
2374111,344955502,717699,1646908,76511,482436,929388,102438,1282655,420608,0.4357857269501393,0.20320701096115557,3.049525924376141,145.2988095333369,0,0,0,0,0,102403,108,0,0,0,440714,8,0,0,0,0,0,0,0,0,0,0,0.0,0.0,0.0,0.0,0.0,1.9991380810701056,317748,185863,4,1.7095817887368654,0.13383872952865303,0.07828740947664199,0.04314794042907008,0.0,0.0,0.1856332749395458,0.032227221052427625,0.39146779573490875,0.0,0.0,0.0,0.0,0.0,139416.0,-66.0,4935799808.0,177486.0,1.37,401.0,7360.0,11269.0,0.04,5,0.008,0.18181818181818182,0.432895881234606,0.0,0.1856332749395458,5,ssdp
1922062,287431658,661779,1326450,70776,438051,776212,88737,1036439,339435,0.4989098722153115,0.227906800092817,3.053424072355532,149.54338517696098,0,0,0,0,0,88981,108,0,0,0,399346,7,0,0,0,0,0,0,0,0,0,0,0.0,0.0,0.0,0.0,0.0,2.001933148701637,261745,155253,4,1.685925553773518,0.13617926997152016,0.08077418938619045,0.04616760541543405,0.0,0.0,0.20776957246956654,0.03682295368203523,0.40384337237820633,0.0,0.0,0.0,0.0,0.0,119320.0,-2054.0,4936351744.0,177487.0,1.37,397.0,8896.0,11293.0,0.04,5,0.008,0.18181818181818182,0.43854650302348,0.0,0.20776957246956654,5,ssdp
1698917,201472301,442605,1173307,47834,292473,541305,62517,917177,299996,0.37722863666542517,0.17215261251726835,3.0572974306324086,118.58866619146197,0,0,0,0,0,62512,108,0,0,0,299996,3,0,0,0,0,0,0,0,0,0,0,0.0,0.0,0.0,0.0,0.0,1.999924782210309,184210,108261,4,1.7015361025669447,0.10842789847885446,0.06372353681786691,0.036798148467523724,0.0,0.0,0.17658072760470347,0.028155583821928912,0.31861768408933455,0.0,0.0,0.0,0.0,0.0,139353.0,-167.0,4936687616.0,177488.0,1.36,404.0,10528.0,11319.0,0.04,5,0.008,0.2727272727272727,0.4396772287049323,0.0,0.17658072760470347,5,ssdp
1583431,201002110,442899,1091917,48615,292976,532296,62619,857125,279961,0.40561599462230186,0.18502606049774192,3.0615871496386995,126.94087080523244,0,0,0,0,0,62612,108,0,0,0,279961,5,0,0,0,0,0,0,0,0,0,0,0.0,0.0,0.0,0.0,0.0,1.9999180853823364,186529,106457,4,1.752153451628357,0.11780052304142082,0.06723185285623434,0.03954640271663243,0.0,0.0,0.17680656751067778,0.03070231667815017,0.33616621122107626,0.0,0.0,0.0,0.0,0.0,139518.0,158.0,5063720448.0,177488.0,1.37,400.0,12128.0,11345.0,0.04,5,0.009000000000000001,0.2727272727272727,0.4385741136046659,0.0,0.17680656751067778,5,ssdp
1688752,214638580,465106,1173519,50127,315160,569960,62490,916522,299623,0.39633444366899895,0.1866230210238093,3.058917372831859,127.09893459785688,0,0,0,0,0,62375,108,0,0,0,299623,8,0,0,0,0,0,0,0,0,0,0,0.0,0.0,0.0,0.0,0.0,2.0009904636131606,201169,113993,4,1.76474871264025,0.1191228789070272,0.06750132642329958,0.037003657138525964,0.0,0.0,0.17742273584279988,0.029682866400750376,0.33750367135020415,0.0,0.0,0.0,0.0,0.0,139431.0,-19944.0,4908852736.0,177088.0,1.37,343.0,13664.0,11367.0,0.03,5,0.008,0.2727272727272727,0.4386977581513045,0.0,0.17742273584279988,5,ssdp
1580948,229343049,471952,1091154,51287,313357,610065,70106,854888,280063,0.4325255646773966,0.19820829021574396,3.052484619532034,145.0667884079679,0,0,0,0,0,70194,108,0,0,0,319776,6,0,0,0,0,0,0,0,0,0,0,0.0,0.0,0.0,0.0,0.0,1.9981061934488322,212588,122013,4,1.742338931097506,0.13446868587708136,0.0771771114546462,0.04434427950824442,0.0,0.0,0.20226851231033532,0.0324406621849675,0.385885557273231,0.0,0.0,0.0,0.0,0.0,139520.0,32.0,4911302144.0,176688.0,1.37,341.0,15232.0,11392.0,0.03,5,0.008,0.2727272727272727,0.4361963798135317,0.0,0.20226851231033532,5,ssdp
1817724,201857587,439212,1260555,47514,296418,532179,59379,986483,322810,0.34842747837262156,0.1630709612680473,3.0559245376537283,111.04963514813029,0,0,0,0,0,59371,108,0,0,0,282112,8,0,0,0,0,0,0,0,0,0,0,0.0,0.0,0.0,0.0,0.0,1.9999460236281568,189983,106439,4,1.7849002715170192,0.10451696737238436,0.05855619444976245,0.032666675468883064,0.0,0.0,0.15520067953110595,0.026139281871175164,0.2927721700324142,0.0,0.0,0.0,0.0,0.0,141489.0,1969.0,4911359488.0,176688.0,1.38,369.0,1184.0,11417.0,0.03,5,0.009000000000000001,0.2727272727272727,0.43919907112150447,0.0,0.15520067953110595,5,ssdp
1688179,229149138,501561,1164478,56145,333200,606988,68091,914263,299603,0.4307174545161008,0.19737243503206708,3.051581592974703,135.737465043695,0,0,0,0,0,67962,108,0,0,0,299603,5,0,0,0,0,0,0,0,0,0,0,0.0,0.0,0.0,0.0,0.0,2.000636456976109,211802,121397,4,1.7447053881067902,0.1254618141796575,0.07191002849816282,0.04033399301851285,0.0,0.0,0.1774711094024982,0.03325772918630074,0.3595519195535545,0.0,0.0,0.0,0.0,0.0,139335.0,-18.0,4911245312.0,176511.0,1.37,347.0,2720.0,11447.0,0.03,5,0.009000000000000001,0.18181818181818182,0.4362161484890824,0.0,0.1774711094024982,5,ssdp
1795381,214721475,475258,1230091,55195,308527,569870,64808,970648,319170,0.3863600335259749,0.1718448618983937,3.0411630165742394,119.5966065141605,0,0,0,0,0,64790,108,0,0,0,299430,6,0,0,0,0,0,0,0,0,0,0,0.0,0.0,0.0,0.0,0.0,2.000732781261551,194552,113977,4,1.7069408740359897,0.10836251469743748,0.06348346117063731,0.0360970735459493,0.0,0.0,0.16677797080396864,0.03074277827380372,0.3174089510805784,0.0,0.0,0.0,0.0,0.0,139423.0,-135.0,4910401024.0,176313.0,1.37,327.0,4320.0,11470.0,0.03,5,0.008,0.2727272727272727,0.4380287620382715,0.0,0.16677797080396864,5,ssdp
1692058,200833906,437741,1169542,49052,292842,532701,59308,916679,299759,0.3742841214766122,0.17306853547573428,3.058053302819932,118.69209329703828,0,0,0,0,0,59306,108,0,0,0,299759,4,0,0,0,0,0,0,0,0,0,0,0.0,0.0,0.0,0.0,0.0,1.9999590231109654,186300,106535,4,1.748721077580138,0.1101026087758221,0.0629617897258841,0.035050807951027683,0.0,0.0,0.17715645681176415,0.028989550003605077,0.31482431453295334,0.0,0.0,0.0,0.0,0.0,159605.0,20072.0,4911056384.0,176309.0,1.49,299.0,5920.0,11493.0,0.03,5,0.008,0.2727272727272727,0.44068466206550405,0.0,0.17715645681176415,5,ssdp
1808083,229818596,497636,1254742,54361,334843,620031,67683,977627,319616,0.3966042421469912,0.1851922726998705,3.0587548808570286,127.10622023435872,0,0,0,0,0,67657,108,0,0,0,319263,9,0,0,0,0,0,0,0,0,0,0,0.0,0.0,0.0,0.0,0.0,2.0000059729663544,210831,124000,4,1.70025,0.11660471338981673,0.06858092244659122,0.037433569144779306,0.0,0.0,0.17657541163762946,0.030065544557412463,0.3429217574635678,0.0,0.0,0.0,0.0,0.0,139249.0,-256.0,4912181760.0,176311.0,1.37,299.0,7488.0,11518.0,0.03,5,0.008,0.2727272727272727,0.43725266593590273,0.0,0.17657541163762946,5,ssdp
1806135,215716779,467062,1254292,50427,314506,583521,63613,975845,319280,0.3723710268422345,0.1741320554665072,3.0563925081433223,119.43557873580879,0,0,0,0,0,63676,108,0,0,0,299592,1,0,0,0,0,0,0,0,0,0,0,0.0,0.0,0.0,0.0,0.0,1.9996820915830567,197803,116717,4,1.694723133733732,0.10951728414542657,0.06462252267964466,0.03522051230943423,0.0,0.0,0.16587464392196596,0.027919839879078808,0.3230771786162164,0.0,0.0,0.0,0.0,0.0,139500.0,18114.0,4784444928.0,176313.0,1.49,273.0,8992.0,11539.0,0.02,5,0.008,0.2727272727272727,0.43708836132915474,0.0,0.16587464392196596,5,ssdp
1804361,286573657,623798,1249731,68301,418892,764314,84964,977532,319766,0.4991458161796419,0.2321553170346732,3.0570229480307476,158.82279488417228,0,0,0,0,0,80906,108,0,0,0,379265,4,0,0,0,0,0,0,0,0,0,0,0.0,0.0,0.0,0.0,0.0,2.0007928812636426,266033,152850,4,1.740484134772653,0.14743889942201144,0.08471142969727233,0.04708813812756982,0.0,0.0,0.21019352557498194,0.037853289890437666,0.42359261810690874,0.0,0.0,0.0,0.0,0.0,139345.0,10.0,4937681920.0,176317.0,1.37,298.0,10464.0,11557.0,0.03,5,0.009000000000000001,0.18181818181818182,0.43636730285047026,0.0,0.21019352557498194,5,ssdp
1584732,202059093,436050,1101553,47129,293192,554920,59570,852966,280064,0.39585022236787515,0.1850104623368494,3.045611003199269,127.50363657703637,0,0,0,0,0,59575,108,0,0,0,280064,6,0,0,0,0,0,0,0,0,0,0,0.0,0.0,0.0,0.0,0.0,1.9999045040006003,182208,110986,4,1.6417205773701187,0.11497716964130213,0.07003455473859302,0.03758995211808684,0.0,0.0,0.17672641178445314,0.029739413351910608,0.3501664634777363,0.0,0.0,0.0,0.0,0.0,119244.0,156.0,4937483264.0,176317.0,1.38,266.0,11968.0,11583.0,0.02,5,0.008,0.18181818181818182,0.4358356397089345,0.0,0.17672641178445314,5,ssdp
1802917,229057003,509863,1237538,55516,330904,612107,73526,971663,320098,0.41199785380327714,0.18353812183256357,3.035517247842848,127.04800220975231,0,0,0,0,0,73418,108,0,0,0,320098,8,0,0,0,0,0,0,0,0,0,0,0.0,0.0,0.0,0.0,0.0,2.001028016472452,208486,122420,4,1.7030387191635354,0.11563815749698961,0.06790107364898107,0.040781688785451575,0.0,0.0,0.17754450149396783,0.03079232155445869,0.3395092508418302,0.0,0.0,0.0,0.0,0.0,139366.0,-20161.0,4936759296.0,176319.0,1.37,275.0,13312.0,11608.0,0.02,5,0.008,0.2727272727272727,0.4378204748152747,0.0,0.17754450149396783,5,ssdp
1690844,243504475,539779,1162770,59144,352553,650807,77616,911693,299325,0.4642182030840149,0.20850711242432773,3.0458297836799466,144.01356659750988,0,0,0,0,0,77511,108,0,0,0,319520,5,0,0,0,0,0,0,0,0,0,0,0.0,0.0,0.0,0.0,0.0,1.998701747821601,222389,130166,4,1.7085029884916183,0.13152543936637562,0.07698285589918408,0.04590370252962426,0.0,0.0,0.1889707152167793,0.034978980911308195,0.38490067682175294,0.0,0.0,0.0,0.0,0.0,139336.0,91.0,4935968256.0,175921.0,1.38,245.0,14720.0,11634.0,0.02,5,0.008,0.18181818181818182,0.4356107672692595,0.0,0.1889707152167793,5,ssdp
2165273,289084652,633792,1497563,67703,422262,766965,88297,1173432,383368,0.42321558425254896,0.1950155938766151,3.060850149203898,133.509562997368,0,0,0,0,0,88096,108,0,0,0,403143,5,0,0,0,0,0,0,0,0,0,0,0.0,0.0,0.0,0.0,0.0,2.0012511907639374,268863,153392,4,1.7527837175341607,0.12417048566162327,0.0708418753662933,0.04077869164765829,0.0,0.0,0.18618576040988827,0.031267650776599536,0.3542116860091083,0.0,0.0,0.0,0.0,0.0,143772.0,-15713.0,4934589952.0,175523.0,1.41,246.0,1056.0,11652.0,0.02,5,0.008,0.2727272727272727,0.43856267330474635,0.0,0.18618576040988827,5,ssdp
1699252,215884945,468229,1180776,50247,317347,572061,63715,922610,300172,0.39654345955541104,0.18675687890907294,3.073604466772384,127.0470448173667,0,0,0,0,0,63686,108,0,0,0,300172,6,0,0,0,0,0,0,0,0,0,0,0.0,0.0,0.0,0.0,0.0,2.0000567218549308,202923,114414,4,1.7735854003880644,0.11941901495481541,0.06733197901194173,0.03749590996509052,0.0,0.0,0.1766494904816943,0.02957006965417725,0.3366545986116244,0.0,0.0,0.0,0.0,0.0,139255.0,-62.0,4952762368.0,175572.0,1.38,262.0,2880.0,11677.0,0.02,5,0.009000000000000001,0.2727272727272727,0.43873202038292153,0.0,0.1766494904816943,5,ssdp
1690318,214967376,468469,1169383,52466,313722,570149,63333,917030,299244,0.400612117672311,0.1855993960899665,3.0644891793987514,127.17570066697509,0,0,0,0,0,63471,108,0,0,0,299244,3,0,0,0,0,0,0,0,0,0,0,0.0,0.0,0.0,0.0,0.0,2.00136519642242,199701,114035,4,1.7512255009426931,0.11814404153537973,0.06746363701977971,0.037468097718890765,0.0,0.0,0.17703414387115324,0.031039129915199387,0.3373028033778259,0.0,0.0,0.0,0.0,0.0,159995.0,20456.0,4819657216.0,175573.0,1.5,234.0,4864.0,11703.0,0.02,5,0.008,0.2727272727272727,0.4384944437511931,0.0,0.17703414387115324,5,ssdp
1579427,200834714,437847,1093238,48342,293490,531925,59435,856235,280064,0.4005047391327414,0.18582055390974067,3.05728333523766,127.1566929019195,0,0,0,0,0,59437,108,0,0,0,280064,6,0,0,0,0,0,0,0,0,0,0,0.0,0.0,0.0,0.0,0.0,1.99994548514811,187103,106382,4,1.7587843808163035,0.11846258168310406,0.06735480652160562,0.0376307357035178,0.0,0.0,0.17732000276049478,0.030607302521737313,0.3367835297231211,0.0,0.0,0.0,0.0,0.0,139754.0,86.0,5104169984.0,175576.0,1.38,242.0,6400.0,11730.0,0.02,5,0.008,0.2727272727272727,0.4386848522477719,0.0,0.17732000276049478,5,ssdp
1687385,214940107,473180,1160977,53229,311005,569747,64502,912798,300023,0.40757052034622565,0.18431181976845828,3.0424267472827085,127.38059601098742,0,0,0,0,0,64451,108,0,0,0,300024,3,0,0,0,0,0,0,0,0,0,0,0.0,0.0,0.0,0.0,0.0,2.000418087090757,197050,113952,4,1.7292368716652626,0.1167783285972081,0.06753171327231189,0.03822601243936624,0.0,0.0,0.1778041170213081,0.03154526086222172,0.33765086213282686,0.0,0.0,0.0,0.0,0.0,118793.0,165.0,4953024512.0,175577.0,1.38,277.0,7680.0,11748.0,0.02,5,0.01,0.2727272727272727,0.43836056860627226,0.0,0.1778041170213081,5,ssdp
1913785,229470388,504284,1317732,57115,332339,609423,68894,1036663,339234,0.38269086582097117,0.1736553479100317,3.0558935719886566,119.9039536834075,0,0,0,0,0,68536,108,0,0,0,319538,5,0,0,0,0,0,0,0,0,0,0,0.0,0.0,0.0,0.0,0.0,2.000547783583347,210456,121884,4,1.7266909520527716,0.10996846563224187,0.06368740480252484,0.03599881909409887,0.0,0.0,0.16696650877710922,0.02984400024036138,0.31843859158682924,0.0,0.0,0.0,0.0,0.0,159769.0,15879.0,4954918400.0,175576.0,1.5,218.0,9184.0,11771.0,0.02,5,0.008,0.2727272727272727,0.4381842078370066,0.0,0.16696650877710922,5,ssdp
1697591,216092209,469126,1177464,51001,314734,582792,64000,917198,300443,0.3984206735832263,0.1854003702894278,3.052818671095682,127.29344641907268,0,0,0,0,0,64160,108,0,0,0,300443,4,0,0,0,0,0,0,0,0,0,0,0.0,0.0,0.0,0.0,0.0,2.0007882775499826,198176,116553,4,1.7003080143797242,0.11673954444857448,0.06865788049064822,0.0377004826250846,0.0,0.0,0.1769819703332546,0.03004316116190531,0.34330530734434855,0.0,0.0,0.0,0.0,0.0,179616.0,40401.0,4735198208.0,175575.0,1.61,233.0,10656.0,11794.0,0.02,5,0.009000000000000001,0.2727272727272727,0.43729422858194683,0.0,0.1769819703332546,5,ssdp
1649014,209763236,456146,1142712,50157,305950,562180,62405,892011,291471,0.39917844566259914,0.18553511371037482,3.060376504008975,127.20524871226078,0,0,0,0,0,66879,108,0,0,0,311609,4,0,0,0,0,0,0,0,0,0,0,0.0,0.0,0.0,0.0,0.0,2.00001307411717,193513,112438,4,1.721064053078141,0.1173507320131909,0.06818498812017364,0.03784382667460676,0.0,0.0,0.18896686140930277,0.03041635789629439,0.3409188763709708,0.0,0.0,0.0,0.0,0.0,-139520.0,-20727.0,5067809280.0,175574.0,0.59,205.0,11328.0,11805.0,0.02,5,0.008,0.2727272727272727,0.43991303673936133,0.0,0.18896686140930277,5,ssdp
1581603,201286540,438655,1094970,47978,292753,541901,60557,854212,279718,0.400609149109108,0.1850989154674087,3.0538327887372283,127.26742425248308,0,0,0,0,0,60562,108,0,0,0,279718,4,0,0,0,0,0,0,0,0,0,0,0.0,0.0,0.0,0.0,0.0,2.000034159071966,184362,108375,4,1.7011487889273356,0.11656654672506311,0.06852225242364866,0.03828836945807513,0.0,0.0,0.17685727707901414,0.030335046152542705,0.34262770113612584,0.0,0.0,0.0,0.0,0.0,-20511.0,139258.0,5135079936.0,174180.0,1.39,7021.0,13376.0,11833.0,0.59,5,0.008,0.2727272727272727,0.43734964556758876,0.0,0.17685727707901414,5,ssdp
2033320,244146379,525565,1415554,56887,356438,663278,70703,1099151,359251,0.37127866545536237,0.17529852654771508,3.05956281262961,120.0727770346035,0,0,0,0,0,70812,108,0,0,0,319109,6,0,0,0,0,0,0,0,0,0,0,0.0,0.0,0.0,0.0,0.0,2.0006960153123368,223792,132672,4,1.6868065605402798,0.11006236106466272,0.06524895245214722,0.03477219522750969,0.0,0.0,0.15693988157299393,0.027977396573092284,0.3262044341274369,0.0,0.0,0.0,0.0,0.0,-40164.0,139452.0,5134735360.0,173778.0,1.4,3936.0,15072.0,11857.0,0.33,5,0.008,0.18181818181818182,0.4345828030420802,0.0,0.15693988157299393,5,ssdp
2035980,258229717,567439,1407667,61751,379247,673147,79130,1107132,359929,0.4031059902661638,0.18627245847208715,3.075973316959734,126.8331304826177,0,0,0,0,0,78994,108,0,0,0,340378,5,0,0,0,0,0,0,0,0,0,0,0.0,0.0,0.0,0.0,0.0,1.9991934633632051,244609,134621,4,1.8170196328953134,0.12014312517804694,0.0661209835067142,0.03886580418275229,0.0,0.0,0.16718140649711688,0.03032986571577324,0.3306255464199059,0.0,0.0,0.0,0.0,0.0,159699.0,139445.0,5010986496.0,173981.0,1.51,2546.0,16288.0,11878.0,0.21,5,0.006999999999999999,0.18181818181818182,0.4378736962245747,0.0,0.16718140649711688,5,ssdp
1812803,202385337,447049,1247687,49026,288936,562198,65094,971300,319472,0.3583022023953123,0.15938632052131424,3.040329042920819,111.64221208813092,0,0,0,0,0,65089,108,0,0,0,280064,4,0,0,0,0,0,0,0,0,0,0,0.0,0.0,0.0,0.0,0.0,2.0,176504,112448,4,1.5696499715424017,0.09736524045911221,0.062029906172926676,0.03590792821944801,0.0,0.0,0.15449224212448898,0.027044306524205884,0.31012636232398116,0.0,0.0,0.0,0.0,0.0,139520.0,99100.0,5136347136.0,174183.0,1.39,2236.0,2048.0,11907.0,0.19,5,0.008,0.18181818181818182,0.4344332864960543,0.0,0.15449224212448898,5,ssdp
1920374,229920404,503902,1325399,55462,334667,612286,69951,1037497,340132,0.38018890915113107,0.17427178247570527,3.0502775393082686,119.72688861648825,0,0,0,0,0,70020,108,0,0,0,320282,3,0,0,0,0,0,0,0,0,0,0,0.0,0.0,0.0,0.0,0.0,1.9996116296021893,212205,122461,4,1.7328373931292411,0.1105019126482654,0.06376934909554076,0.036425717073861656,0.0,0.0,0.1667810541071687,0.02888083258781883,0.31883685157162095,0.0,0.0,0.0,0.0,0.0,139016.0,159382.0,5008844288.0,175780.0,1.49,1881.0,3584.0,11924.0,0.16,5,0.008,0.2727272727272727,0.4381747271160682,0.0,0.1667810541071687,5,ssdp
1576616,200886389,435676,1091023,49917,293938,523080,56200,859122,280138,0.39932797017111465,0.18643601232005763,3.0667813720380668,127.41618060453528,0,0,0,0,0,56185,108,0,0,0,280138,7,0,0,0,0,0,0,0,0,0,0,0.0,0.0,0.0,0.0,0.0,1.9998639261391082,189329,104608,4,1.8098902569593147,0.12008567717186683,0.06634970087833689,0.03564596579002116,0.0,0.0,0.17768308833603108,0.03166084829787342,0.33177387518584106,0.0,0.0,0.0,0.0,0.0,139344.0,86.0,5134186496.0,175782.0,1.38,1454.0,5216.0,11946.0,0.12,5,0.008,0.2727272727272727,0.43980143642299313,0.0,0.17768308833603108,5,ssdp
1699585,201228471,442845,1176083,45993,293909,543283,64990,916925,299699,0.37654230186134824,0.17292986228991195,3.0594863513058104,118.39859200922578,0,0,0,0,0,64997,108,0,0,0,279839,7,0,0,0,0,0,0,0,0,0,0,0.0,0.0,0.0,0.0,0.0,2.0000340247155535,185249,108659,4,1.7048656807075346,0.10899660799548125,0.0639326659155029,0.03823874651753222,0.0,0.0,0.16465137077580705,0.027061312026171094,0.31965626903038097,0.0,0.0,0.0,0.0,0.0,119424.0,0.0,5133035008.0,175580.0,1.38,1378.0,6752.0,11964.0,0.12,5,0.008,0.2727272727272727,0.43731956569089736,0.0,0.16465137077580705,5,ssdp
1573667,200346162,437973,1087273,48421,291545,531657,59217,852135,279666,0.40281787554735565,0.18526473516951172,3.0469738902834096,127.31166250547288,0,0,0,0,0,59226,108,0,0,0,279666,4,0,0,0,0,0,0,0,0,0,0,0.0,0.0,0.0,0.0,0.0,1.9999382618657264,185211,106340,4,1.7416870415647923,0.11769389584963019,0.0675746520706096,0.03762994331075126,0.0,0.0,0.1777161241863749,0.03076953383403223,0.3378459356394968,0.0,0.0,0.0,0.0,0.0,179930.0,20231.0,4916735488.0,175983.0,1.61,1146.0,8160.0,11986.0,0.1,5,0.008,0.2727272727272727,0.43846587044482505,0.0,0.1777161241863749,5,ssdp
1805802,215185202,468771,1250318,51163,314503,570582,63646,979208,319756,0.37492141999075435,0.17416250508084496,3.0623600495377725,119.16323162783074,0,0,0,0,0,67950,108,0,0,0,319756,3,0,0,0,0,0,0,0,0,0,0,0.0,0.0,0.0,0.0,0.0,2.0006933974566943,200390,114111,4,1.7560971334928273,0.11097008420635264,0.06319131333335548,0.03524528159787175,0.0,0.0,0.17707146187677275,0.028332563592243225,0.31597151847212485,0.0,0.0,0.0,0.0,0.0,139644.0,124.0,5237445632.0,176390.0,1.38,1056.0,9472.0,12014.0,0.09,5,0.008,0.2727272727272727,0.44064568257507075,0.0,0.17707146187677275,5,ssdp
1578162,200993795,441248,1086942,49972,291330,532520,59987,854662,279864,0.4059535835398761,0.18460082044809087,3.0538475831117973,127.35941874154871,0,0,0,0,0,59986,108,0,0,0,279864,3,0,0,0,0,0,0,0,0,0,0,0.0,0.0,0.0,0.0,0.0,1.999958810445671,184825,106508,4,1.7353156570398467,0.11711408587964987,0.06748863551397132,0.03801067317550416,0.0,0.0,0.17733540663125838,0.03166468334683005,0.3374305045996545,0.0,0.0,0.0,0.0,0.0,99052.0,-19918.0,5102680576.0,176193.0,1.38,955.0,11200.0,12031.0,0.08,5,0.008,0.2727272727272727,0.43836208367127166,0.0,0.17733540663125838,5,ssdp
1805037,215310745,471706,1244416,53233,311846,572517,64034,976819,320053,0.37905812847150794,0.17276432560662192,3.052053878576361,119.28328615978509,0,0,0,0,0,64126,108,0,0,0,299803,1,0,0,0,0,0,0,0,0,0,0,0.0,0.0,0.0,0.0,0.0,2.0001282766671156,197343,114504,4,1.7234594424648921,0.10932906084473615,0.06343581876714993,0.03547517308509465,0.0,0.0,0.16609244021036687,0.02949136222692388,0.31717743181995717,0.0,0.0,0.0,0.0,0.0,139180.0,92.0,5038500864.0,175994.0,1.38,898.0,12608.0,12051.0,0.07,5,0.008,0.2727272727272727,0.4381039577320919,0.0,0.16609244021036687,5,ssdp
1581064,201255745,435432,1098624,47008,293631,544447,59334,853980,279651,0.3963430618664803,0.18571733971553334,3.0537348337749552,127.29133355765485,0,0,0,0,0,59340,108,0,0,0,279651,3,0,0,0,0,0,0,0,0,0,0,0.0,0.0,0.0,0.0,0.0,2.000020434018554,184731,108888,4,1.6965230328410845,0.1168396725243254,0.06887007736562213,0.03752789260902784,0.0,0.0,0.17687519290806697,0.02973187676147202,0.3443548142263691,0.0,0.0,0.0,0.0,0.0,139469.0,-51.0,5039590400.0,175794.0,1.38,826.0,14048.0,12076.0,0.07,5,0.008,0.2727272727272727,0.43712347023565506,0.0,0.17687519290806697,5,ssdp
1597566,203328485,441423,1107920,48223,295896,550506,60763,862485,282054,0.3984249765326016,0.1852167609976677,3.057871896870812,127.27391857363014,0,0,0,0,0,60765,108,0,0,0,282054,5,0,0,0,0,0,0,0,0,0,0,0.0,0.0,0.0,0.0,0.0,2.0,185804,110099,4,1.6876084251446426,0.11630442811126426,0.06891671455201225,0.03803473534113771,0.0,0.0,0.176552330232366,0.030185294379074166,0.3445904582345894,0.0,0.0,0.0,0.0,0.0,139381.0,-40549.0,5176004096.0,175386.0,1.38,742.0,15616.0,12101.0,0.06,5,0.008,0.18181818181818182,0.43692765634456127,0.0,0.176552330232366,5,ssdp
1584712,201312130,445591,1090534,48587,291883,537304,64031,855734,279808,0.4085989065907161,0.18418677967984087,3.058289970265325,127.03389006961517,0,0,0,0,0,64022,108,0,0,0,299757,6,0,0,0,0,0,0,0,0,0,0,0.0,0.0,0.0,0.0,0.0,2.0000068520840615,184414,107464,4,1.716053748231966,0.1163706717687504,0.06781295276365674,0.040405449065823947,0.0,0.0,0.18915550585847776,0.030659829672520938,0.33905466734649575,0.0,0.0,0.0,0.0,0.0,159690.0,20046.0,4892198912.0,175364.0,1.5,731.0,2016.0,12115.0,0.06,5,0.009000000000000001,0.2727272727272727,0.4400510065971107,0.0,0.18915550585847776,5,ssdp
1688480,258077855,570901,1159012,65199,375315,669640,78143,918433,300309,0.49257557298802773,0.22227980195205155,3.0582932912433525,152.8462611342746,0,0,0,0,0,82870,108,0,0,0,360172,9,0,0,0,0,0,0,0,0,0,0,0.0,0.0,0.0,0.0,0.0,2.0009756565688877,241390,133926,4,1.8024132730015083,0.1429629015445845,0.07931749265611675,0.046280086231403395,0.0,0.0,0.21331138065005212,0.03861401971003506,0.3965933857670805,0.0,0.0,0.0,0.0,0.0,139286.0,-178.0,5173188608.0,175568.0,1.38,627.0,3872.0,12140.0,0.05,5,0.008,0.2727272727272727,0.4398659623805117,0.0,0.21331138065005212,5,ssdp
1590768,202464953,436302,1109983,44483,294221,568464,62208,851846,279966,0.3930708848694079,0.18495531718012934,3.042676610731303,127.2749722146787,0,0,0,0,0,62206,108,0,0,0,279966,5,0,0,0,0,0,0,0,0,0,0,0.0,0.0,0.0,0.0,0.0,1.9999524178528216,180526,113699,4,1.5877536301990343,0.11348355008398459,0.07147428160486004,0.03910563954014665,0.0,0.0,0.17599423674602457,0.02796322279553021,0.35735192058175674,0.0,0.0,0.0,0.0,0.0,159791.0,40781.0,4796561920.0,175972.0,1.61,607.0,5312.0,12164.0,0.05,5,0.008,0.18181818181818182,0.43425131544057627,0.0,0.17599423674602457,5,ssdp
2258969,258520700,566889,1562849,61361,375648,697294,80109,1217298,398755,0.3627279410870788,0.16629179063546246,3.052746674022896,114.44189805172182,0,0,0,0,0,80284,108,0,0,0,359502,6,0,0,0,0,0,0,0,0,0,0,0.0,0.0,0.0,0.0,0.0,2.000074540643286,236190,139457,4,1.6936403335795263,0.10455654769941508,0.061734800256223084,0.03546263804416971,0.0,0.0,0.15914428219245152,0.027163276698352213,0.30867798539953406,0.0,0.0,0.0,0.0,0.0,139520.0,51.0,5127138816.0,176380.0,1.37,555.0,6688.0,12183.0,0.05,5,0.008,0.2727272727272727,0.4372196066094939,0.0,0.15914428219245152,5,ssdp
1693040,200609258,437400,1172405,47530,293543,531729,59732,918031,300254,0.37307926868275043,0.17338220006615318,3.0575146376068263,118.49056017577848,0,0,0,0,0,59730,108,0,0,0,280064,6,0,0,0,0,0,0,0,0,0,0,0.0,0.0,0.0,0.0,0.0,2.000047694320288,187196,106346,4,1.7602542643822994,0.11056797240466852,0.06281363700798563,0.0352809148041393,0.0,0.0,0.16542078155270992,0.02807376080895903,0.31406759438642917,0.0,0.0,0.0,0.0,0.0,99026.0,349.0,5362542080.0,176381.0,1.38,573.0,8192.0,12209.0,0.05,5,0.009000000000000001,0.2727272727272727,0.4387140171072026,0.0,0.16542078155270992,5,ssdp
1919878,229815036,504391,1321896,57889,333110,609054,68382,1040105,340775,0.3815663259439472,0.1735058165154244,3.052175188907637,119.70293737414565,0,0,0,0,0,68434,108,0,0,0,320585,6,0,0,0,0,0,0,0,0,0,0,0.0,0.0,0.0,0.0,0.0,1.9994357810830603,211296,121811,4,1.7346216679938593,0.11005699320477655,0.0634472607113577,0.035617888219980645,0.0,0.0,0.16698196447899294,0.030152436769419724,0.31723578269035846,0.0,0.0,0.0,0.0,0.0,139337.0,-20336.0,5031228416.0,176384.0,1.37,529.0,9792.0,12233.0,0.04,5,0.008,0.2727272727272727,0.4384064990774534,0.0,0.16698196447899294,5,ssdp
1690819,200507484,435704,1172052,47811,293971,529083,58407,917569,299974,0.37174459836253,0.1738630805544532,3.0588284317974224,118.58601305048028,0,0,0,0,0,58391,108,0,0,0,279805,4,0,0,0,0,0,0,0,0,0,0,0.0,0.0,0.0,0.0,0.0,2.0001156643556475,188155,105809,4,1.7782513774820667,0.1112803913369793,0.06257854921194995,0.034543614662480134,0.0,0.0,0.16548489223269908,0.02827682915794062,0.31291522037545116,0.0,0.0,0.0,0.0,0.0,159454.0,20388.0,4894836224.0,176385.0,1.49,532.0,11168.0,12258.0,0.04,5,0.009000000000000001,0.2727272727272727,0.439045706224925,0.0,0.16548489223269908,5,ssdp
1918056,200874990,435432,1333077,46524,295930,531766,59573,1041384,339456,0.3266367959240164,0.15428642333696202,3.0678026018099547,104.7284281585105,0,0,0,0,0,59588,108,0,0,0,299354,5,0,0,0,0,0,0,0,0,0,0,0.0,0.0,0.0,0.0,0.0,1.999918903028296,189574,106363,4,1.7823303216344029,0.09883653032028263,0.05545354254516031,0.031059051456266137,0.0,0.0,0.15607156412534356,0.0242558090066192,0.2772421660264351,0.0,0.0,0.0,0.0,0.0,139547.0,-40697.0,5040393728.0,176385.0,1.37,466.0,12704.0,12285.0,0.04,5,0.008,0.2727272727272727,0.44107647781488873,0.0,0.15607156412534356,5,ssdp
1570587,200225284,441772,1077804,51011,288440,531220,60047,848600,279744,0.4098815740153126,0.1836510807742583,3.0334877602379318,127.48436348957428,0,0,0,0,0,60041,108,0,0,0,279744,4,0,0,0,0,0,0,0,0,0,0,0.0,0.0,0.0,0.0,0.0,2.0001386866375426,182189,106240,4,1.7148814006024096,0.11600057812779553,0.06764349889563584,0.03823220235491571,0.0,0.0,0.17811429739326762,0.03247893940291114,0.33823022857059176,0.0,0.0,0.0,0.0,0.0,139359.0,20166.0,4902656512.0,176586.0,1.49,445.0,14208.0,12306.0,0.04,5,0.008,0.2727272727272727,0.4381956863844904,0.0,0.17811429739326762,5,ssdp
1587701,202195454,443182,1095033,49486,293444,536761,60103,859357,282062,0.40472022304350647,0.18482321293492918,3.046695407392701,127.35109066505595,0,0,0,0,0,60108,108,0,0,0,282062,3,0,0,0,0,0,0,0,0,0,0,0.0,0.0,0.0,0.0,0.0,1.999931846217806,186095,107353,4,1.733486721377139,0.11721035635802964,0.06761537594295147,0.03785536445464228,0.0,0.0,0.1776543568341898,0.031168337111332677,0.33807436034870547,0.0,0.0,0.0,0.0,0.0,179787.0,40104.0,4799375360.0,177191.0,1.6,426.0,15616.0,12327.0,0.03,5,0.008,0.2727272727272727,0.43833664598995004,0.0,0.1776543568341898,5,ssdp
1581946,201348809,437261,1097262,47426,293308,543400,59989,854305,279932,0.3985019074751518,0.18540961575173867,3.0518304445365305,127.27919221010072,0,0,0,0,0,59987,108,0,0,0,279936,7,0,0,0,0,0,0,0,0,0,0,0.0,0.0,0.0,0.0,0.0,2.000081828596367,184618,108675,4,1.6988083735909822,0.11670309858870025,0.06869703517060632,0.037921016267306214,0.0,0.0,0.1769567355649308,0.029979531539003228,0.34350097917375183,0.0,0.0,0.0,0.0,0.0,119282.0,183.0,5258967040.0,177573.0,1.37,433.0,1984.0,12346.0,0.04,5,0.009000000000000001,0.2727272727272727,0.43725287172428956,0.0,0.1769567355649308,5,ssdp
1695618,201801117,435156,1178976,46751,294481,547240,58783,916499,299633,0.36909657194039575,0.1736717822056619,3.0587385234603666,119.01331372986132,0,0,0,0,0,58785,108,0,0,0,279927,4,0,0,0,0,0,0,0,0,0,0,0.0,0.0,0.0,0.0,0.0,1.9999252950844166,185040,109457,4,1.6905268735667889,0.1091283532021953,0.06455286509107594,0.03466759612129619,0.0,0.0,0.16508848101400198,0.02757165823906092,0.3227377864589784,0.0,0.0,0.0,0.0,0.0,99145.0,-20154.0,5123544064.0,177572.0,1.37,439.0,3680.0,12371.0,0.04,5,0.009000000000000001,0.18181818181818182,0.4369071267150043,0.0,0.16508848101400198,5,ssdp
1577217,214326082,512394,1077194,56425,330276,568412,70798,849844,279740,0.47567476239191825,0.20940428615719966,3.0379781225423605,135.8887724390493,0,0,0,0,0,70804,108,0,0,0,299459,3,0,0,0,0,0,0,0,0,0,0,0.0,0.0,0.0,0.0,0.0,2.0001090056864634,195469,113683,4,1.7194215493961278,0.12393285134512246,0.07207822385886026,0.04488792601144928,0.0,0.0,0.18986544020258467,0.03577503919879129,0.3603892172098069,0.0,0.0,0.0,0.0,0.0,139481.0,-22.0,5370642432.0,177373.0,1.37,389.0,5408.0,12394.0,0.03,5,0.008,0.18181818181818182,0.44018561426757796,0.0,0.18986544020258467,5,ssdp
1579765,201404305,426799,1107089,45877,296221,546021,54632,855784,279865,0.3855146243888251,0.18750953464597583,3.0578457470566165,127.49004124031106,0,0,0,0,0,54632,108,0,0,0,279865,7,0,0,0,0,0,0,0,0,0,0,0.0,0.0,0.0,0.0,0.0,1.9999257338842529,187020,109195,4,1.7127157836897293,0.1183846964580175,0.06912104015470655,0.03458235876855102,0.0,0.0,0.1771560960016205,0.0290403952486604,0.3456343190284631,0.0,0.0,0.0,0.0,0.0,139520.0,-20166.0,5041029120.0,177173.0,1.37,353.0,7232.0,12421.0,0.03,5,0.008,0.18181818181818182,0.43723373410325495,0.0,0.1771560960016205,5,ssdp
1697138,201068492,447621,1165183,49516,289740,540471,65196,913207,300251,0.38416368930888967,0.17072271082257306,3.0414786295466127,118.47503974337974,0,0,0,0,0,65207,108,0,0,0,279808,10,0,0,0,0,0,0,0,0,0,0,0.0,0.0,0.0,0.0,0.0,2.000013805576072,181645,108112,4,1.6801557643924818,0.10703018847023636,0.06370253921602133,0.03841526145781899,0.0,0.0,0.1648705055216488,0.029176177776939767,0.3184602548525812,0.0,0.0,0.0,0.0,0.0,139258.0,-40483.0,5042113536.0,177174.0,1.37,341.0,8896.0,12443.0,0.03,5,0.008,0.2727272727272727,0.43720763996160394,0.0,0.1648705055216488,5,ssdp
1808700,244828811,539653,1247405,58108,355080,656606,76444,975738,319953,0.4326205201999351,0.19631779731298724,3.049629164283504,135.36175761596726,0,0,0,0,0,76291,108,0,0,0,341090,9,0,0,0,0,0,0,0,0,0,0,0.0,0.0,0.0,0.0,0.0,1.9997859866297962,223756,131321,4,1.703885897914271,0.12371095261790237,0.07260518604522585,0.04226460994084149,0.0,0.0,0.18858296013711506,0.03212694200254326,0.3630264831094156,0.0,0.0,0.0,0.0,0.0,139468.0,-69.0,5039569408.0,177172.0,1.37,339.0,10496.0,12465.0,0.03,5,0.008,0.2727272727272727,0.4376025914674558,0.0,0.18858296013711506,5,ssdp
1795146,213896592,469617,1240815,50475,312204,567973,64890,971599,318953,0.378474631592945,0.1739156592277174,3.0462137054675766,119.15275526336019,0,0,0,0,0,64793,108,0,0,0,299457,2,0,0,0,0,0,0,0,0,0,0,0.0,0.0,0.0,0.0,0.0,2.0009613720702184,198603,113589,4,1.7484351477695903,0.11063334124355345,0.06327563329110836,0.03614747769819279,0.0,0.0,0.16681484402939928,0.02811749016514534,0.3163937640726715,0.0,0.0,0.0,0.0,0.0,139440.0,0.0,5176296960.0,177174.0,1.37,318.0,12064.0,12489.0,0.03,5,0.008,0.2727272727272727,0.43861700076844684,0.0,0.16681484402939928,5,ssdp
1568348,213809248,467962,1083903,51022,311961,565777,63411,848879,279808,0.43173789536517565,0.19891057341865453,3.033791028133577,136.3276823766154,0,0,0,0,0,63553,108,0,0,0,299892,8,0,0,0,0,0,0,0,0,0,0,0.0,0.0,0.0,0.0,0.0,1.9993142520219953,198805,113152,4,1.7569729213800904,0.12676076993116323,0.07214725303312786,0.04043171541010031,0.0,0.0,0.19121521499055055,0.032532320632920754,0.3607471045966839,0.0,0.0,0.0,0.0,0.0,159654.0,20156.0,4895328768.0,177375.0,1.48,327.0,13504.0,12508.0,0.03,5,0.008,0.2727272727272727,0.43889077720127917,0.0,0.19121521499055055,5,ssdp
1690568,214764932,465947,1173466,51155,315470,567683,62873,917207,299853,0.39706902458187965,0.1866059217966979,3.0588555058645404,127.03714491224251,0,0,0,0,0,63001,108,0,0,0,299853,5,0,0,0,0,0,0,0,0,0,0,0.0,0.0,0.0,0.0,0.0,1.9991001609571246,201936,113545,4,1.778466687216522,0.1194486113542904,0.06716381713128369,0.03719045906464573,0.0,0.0,0.17736819814405572,0.030259060860018644,0.3357942419352549,0.0,0.0,0.0,0.0,0.0,159182.0,19729.0,5043851776.0,177774.0,1.47,299.0,14912.0,12534.0,0.02,5,0.008,0.2727272727272727,0.4390094907226703,0.0,0.17736819814405572,5,ssdp
1694946,216343415,447319,1160749,52560,289088,573878,64819,915534,302030,0.38537099751970494,0.1705588260628952,3.0312684170446644,127.64029945496789,0,0,0,0,0,64802,108,0,0,0,302030,5,0,0,0,0,0,0,0,0,0,0,0.0,0.0,0.0,0.0,0.0,2.000152214373188,195620,114767,4,1.7044969372729095,0.115413706395366,0.06771130171698686,0.03824251628075467,0.0,0.0,0.1781944675523586,0.031009837481548085,0.33858187812473084,0.0,0.0,0.0,0.0,0.0,119343.0,169.0,5268751360.0,177972.0,1.36,308.0,16384.0,12556.0,0.02,5,0.008,0.18181818181818182,0.4356396937057497,0.0,0.1781944675523586,5,ssdp
1573738,199603667,429678,1099394,44666,296053,528003,57652,855249,279296,0.3908316763598855,0.18812089432929752,3.0621598590742436,126.83411533558953,0,0,0,0,0,57646,108,0,0,0,279296,7,0,0,0,0,0,0,0,0,0,0,0.0,0.0,0.0,0.0,0.0,2.0000067555699674,190461,105605,4,1.8035225604848255,0.121024592403564,0.06710456251294689,0.036633798001954584,0.0,0.0,0.17747299741125905,0.02838210680558009,0.33550883310945023,0.0,0.0,0.0,0.0,0.0,119278.0,-460.0,4926538240.0,177952.0,1.36,307.0,2016.0,12582.0,0.02,5,0.009000000000000001,0.2727272727272727,0.4393229608171055,0.0,0.17747299741125905,5,ssdp
1679740,228468250,504911,1150660,58285,329382,605026,68740,907566,299788,0.43880120974049674,0.1960910617119316,3.02735933392931,136.0140557467227,0,0,0,0,0,68746,108,0,0,0,319792,7,0,0,0,0,0,0,0,0,0,0,0.0,0.0,0.0,0.0,0.0,2.0016772711527593,208383,121008,4,1.7220596985323284,0.12405669925107457,0.07203972043292414,0.04092299998809339,0.0,0.0,0.19038184480931572,0.03469882243680569,0.3601902675414052,0.0,0.0,0.0,0.0,0.0,139309.0,-211.0,4922739712.0,177949.0,1.36,265.0,3616.0,12602.0,0.02,5,0.008,0.2727272727272727,0.4384028296862136,0.0,0.19038184480931572,5,ssdp
1574907,214369133,469397,1087680,52228,312014,568539,63629,852823,280064,0.431557994998529,0.19811582525190377,3.045100405621572,136.11542332340895,0,0,0,0,0,63566,108,0,0,0,299701,1,0,0,0,0,0,0,0,0,0,0,0.0,0.0,0.0,0.0,0.0,2.0006155463936035,198302,113709,4,1.743942871716399,0.12591346663644265,0.07220045374107804,0.04040175070654966,0.0,0.0,0.19029758582570272,0.033162593092798495,0.3609984589566241,0.0,0.0,0.0,0.0,0.0,139633.0,-20021.0,4921432064.0,177748.0,1.36,290.0,5216.0,12628.0,0.02,5,0.009000000000000001,0.2727272727272727,0.43856162125459464,0.0,0.19029758582570272,5,ssdp
1803074,215275465,437059,1250415,47456,293135,579665,63886,974397,319390,0.3495311556563221,0.16257513557402525,3.0508062243651963,119.39358284795854,0,0,0,0,0,59707,108,0,0,0,299788,6,0,0,0,0,0,0,0,0,0,0,0.0,0.0,0.0,0.0,0.0,2.000102347161572,197533,115931,4,1.7038842069851894,0.10955346258667142,0.06429630730630025,0.03543171273059231,0.0,0.0,0.16626494531006492,0.026319496593040552,0.3214870826155776,0.0,0.0,0.0,0.0,0.0,139467.0,-19737.0,4922307584.0,177549.0,1.37,251.0,6816.0,12646.0,0.02,5,0.008,0.18181818181818182,0.43519147934314856,0.0,0.16626494531006492,5,ssdp
1694432,201484303,435413,1177328,47298,293830,545952,59140,915493,299482,0.36983151679056303,0.17340914241468527,3.0569216179937357,118.90964228720892,0,0,0,0,0,59153,108,0,0,0,279810,7,0,0,0,0,0,0,0,0,0,0,0.0,0.0,0.0,0.0,0.0,1.9999047113434338,184638,109196,4,1.690886113044434,0.10896748881040963,0.06444401427735076,0.03490255141545957,0.0,0.0,0.16513498328643464,0.027913778776604784,0.32220354667522805,0.0,0.0,0.0,0.0,0.0,139438.0,0.0,4922450944.0,177349.0,1.37,268.0,8064.0,12672.0,0.02,5,0.008,0.18181818181818182,0.43698022553298704,0.0,0.16513498328643464,5,ssdp
1804079,215273583,474439,1244695,50972,312356,577246,67012,972947,319534,0.38116888072981736,0.17313875944456977,3.0448935011610656,119.32602895992913,0,0,0,0,0,66951,108,0,0,0,300100,7,0,0,0,0,0,0,0,0,0,0,0.0,0.0,0.0,0.0,0.0,1.999897558039773,196918,115455,4,1.7055822614871594,0.10915153937272148,0.06399664316252227,0.03714471483787572,0.0,0.0,0.16634526536809086,0.028253751637262004,0.3199671411285204,0.0,0.0,0.0,0.0,0.0,159622.0,20616.0,4793572864.0,177350.0,1.48,253.0,9728.0,12697.0,0.02,5,0.008,0.2727272727272727,0.4376491146275764,0.0,0.16634526536809086,5,ssdp
1587152,202377831,429238,1111891,46023,296815,553772,56133,858290,279810,0.3860432362524744,0.18701107392360655,3.067402880526071,127.51005007711927,0,0,0,0,0,56130,108,0,0,0,279810,8,0,0,0,0,0,0,0,0,0,0,0.0,0.0,0.0,0.0,0.0,2.0000067382266336,186047,110745,4,1.6799584631360331,0.11722065687470387,0.06977592568323639,0.0353671229976713,0.0,0.0,0.1762969142211962,0.028997222698267086,0.3489092412068913,0.0,0.0,0.0,0.0,0.0,159856.0,20600.0,4808977408.0,177757.0,1.48,254.0,11104.0,12721.0,0.02,5,0.008,0.18181818181818182,0.4363414716807062,0.0,0.1762969142211962,5,ssdp
1924156,230146606,542156,1322230,59533,353942,612875,74343,1038234,339727,0.4100315376296106,0.18394662387041383,3.0560832668583893,119.60912005055724,0,0,0,0,0,70191,108,0,0,0,300069,5,0,0,0,0,0,0,0,0,0,0,0.0,0.0,0.0,0.0,0.0,1.9991753462416122,210453,122569,4,1.7170165376237059,0.10937418795565432,0.06370013657936259,0.03863668018601402,0.0,0.0,0.15594837424824182,0.030939799059951482,0.31851627414824996,0.0,0.0,0.0,0.0,0.0,159687.0,40335.0,4859159552.0,178365.0,1.59,241.0,12480.0,12746.0,0.02,5,0.008,0.18181818181818182,0.4373391251846114,0.0,0.15594837424824182,5,ssdp
2146358,243799584,531747,1485848,58227,358308,639803,72639,1166665,379860,0.3578744259170521,0.16693766836660054,3.0713025851629547,113.5875674048784,0,0,0,0,0,77510,108,0,0,0,360036,4,0,0,0,0,0,0,0,0,0,0,0.0,0.0,0.0,0.0,0.0,1.9998995328276485,230346,127968,4,1.8000281320330083,0.10731946860682141,0.05962099519278704,0.033842909710309274,0.0,0.0,0.16774275307287972,0.02712827962530016,0.29808773746038636,0.0,0.0,0.0,0.0,0.0,119058.0,-35.0,5179014656.0,178771.0,1.36,229.0,14336.0,12772.0,0.02,5,0.008,0.2727272727272727,0.4412571221436544,0.0,0.16774275307287972,5,ssdp
2159828,274371645,608447,1484985,66241,396059,738149,88184,1163362,382238,0.40973275824334926,0.1833752502514089,3.0435540160842196,127.03402539461476,0,0,0,0,0,88149,108,0,0,0,381217,7,0,0,0,0,0,0,0,0,0,0,0.0,0.0,0.0,0.0,0.0,1.9996516277566847,248431,147633,4,1.6827606293985762,0.11502351113144195,0.0683540541191243,0.040829177138179525,0.0,0.0,0.17650340675275994,0.03066957183627585,0.341762862598318,0.0,0.0,0.0,0.0,0.0,118812.0,19806.0,4903042048.0,178970.0,1.47,223.0,15424.0,12797.0,0.02,5,0.008,0.2727272727272727,0.43715092862324006,0.0,0.17650340675275994,5,ssdp
1580016,200702171,435597,1096598,47821,294706,531325,59181,857921,279147,0.39722578374208234,0.18652089599092667,3.073366362525838,127.0254041731223,0,0,0,0,0,59181,108,0,0,0,279147,9,0,0,0,0,0,0,0,0,0,0,0.0,0.0,0.0,0.0,0.0,2.000122163101314,188431,106268,4,1.7731678398012571,0.11925891889702382,0.06725754675902017,0.037455949813166446,0.0,0.0,0.17667352735668498,0.03026614920355237,0.3362782402203522,0.0,0.0,0.0,0.0,0.0,178659.0,19166.0,4797659648.0,179529.0,1.57,218.0,1984.0,12822.0,0.02,5,0.008,0.2727272727272727,0.43877050373746895,0.0,0.17667352735668498,5,ssdp
1694424,258677036,560751,1176509,61651,380131,683612,76207,920729,299606,0.4766227882659631,0.22434231337610894,3.0731327142981115,152.66369928660123,0,0,0,0,0,76159,108,0,0,0,359510,3,0,0,0,0,0,0,0,0,0,0,0.0,0.0,0.0,0.0,0.0,1.9986382397013591,243409,136722,4,1.78032065066339,0.1436529463699759,0.08068936700613306,0.04497516560199808,0.0,0.0,0.21217239604727034,0.0363846357228179,0.40344801537277564,0.0,0.0,0.0,0.0,0.0,139398.0,-705.0,4954351104.0,179913.0,1.46,213.0,3488.0,12844.0,0.02,5,0.008,0.2727272727272727,0.4388795563349674,0.0,0.21217239604727034,5,ssdp
1522815,208839476,460024,1042154,54910,301190,544758,60380,826828,271258,0.4414165276916847,0.19778502313150317,3.0481239262989477,137.14041167180517,0,0,0,0,0,60580,108,0,0,0,291274,3,0,0,0,0,0,0,0,0,0,0,0.0,0.0,0.0,0.0,0.0,2.000943371156759,192230,108951,4,1.7643711393195105,0.12623332446817243,0.07154578855606229,0.039650252985425016,0.0,0.0,0.19127339827884543,0.03605822112338006,0.3577309128160676,0.0,0.0,0.0,0.0,0.0,-159326.0,-40514.0,5081574912.0,179905.0,0.57,224.0,4576.0,12855.0,0.02,5,0.008,0.2727272727272727,0.4392628358016308,0.0,0.19127339827884543,5,ssdp
1695880,201208680,435970,1180783,44850,295921,543962,61615,916518,299252,0.36922110159106286,0.17449406797650777,3.0626963228315933,118.6455881312357,0,0,0,0,0,61611,108,0,0,0,279633,6,0,0,0,0,0,0,0,0,0,0,0.0,0.0,0.0,0.0,0.0,1.9999797245238642,187138,108797,4,1.720065810638161,0.11034860957143194,0.06415371370615845,0.03633216972899026,0.0,0.0,0.16488961483123807,0.026446446682548294,0.32075500625044223,0.0,0.0,0.0,0.0,0.0,-39557.0,139102.0,5256722432.0,178510.0,1.36,6819.0,6816.0,12891.0,0.53,5,0.008,0.18181818181818182,0.437423913337876,0.0,0.16488961483123807,5,ssdp
1573600,200528713,440570,1082319,50711,289882,531789,59728,851151,279730,0.4070611344714451,0.18421581087951194,3.042759089121653,127.43309163701068,0,0,0,0,0,59727,108,0,0,0,279730,7,0,0,0,0,0,0,0,0,0,0,0.0,0.0,0.0,0.0,0.0,2.0000827957360197,183514,106356,4,1.7254691789837904,0.1166204880528724,0.06758769700050839,0.03795627859684799,0.0,0.0,0.17776436197254702,0.03222610574478902,0.3379442043721403,0.0,0.0,0.0,0.0,0.0,-19684.0,119714.0,5255045120.0,178507.0,1.36,4056.0,8384.0,12916.0,0.31,5,0.008,0.2727272727272727,0.4382803932724423,0.0,0.17776436197254702,5,ssdp
1576228,200860049,441642,1084365,50221,290444,532503,60126,852982,279773,0.4072816809838016,0.18426522051378355,3.0488360206310117,127.430834244792,0,0,0,0,0,60128,108,0,0,0,279773,4,0,0,0,0,0,0,0,0,0,0,0.0,0.0,0.0,0.0,0.0,1.9999724563433041,183947,106500,4,1.7272018779342724,0.1167007564895434,0.06756636730219233,0.03814549671747996,0.0,0.0,0.1774952608378991,0.031861507345384045,0.3378337397889138,0.0,0.0,0.0,0.0,0.0,139520.0,99311.0,5255469568.0,178102.0,1.36,2716.0,9760.0,12942.0,0.21,5,0.008,0.2727272727272727,0.4382586635495844,0.0,0.1774952608378991,5,ssdp
1917857,244158191,529633,1330722,57674,355651,658087,71968,1035645,339700,0.39800424130659895,0.18544187601056805,3.0487047394760083,127.3078185704148,0,0,0,0,0,72020,108,0,0,0,339323,6,0,0,0,0,0,0,0,0,0,0,0.0,0.0,0.0,0.0,0.0,1.9997582191434211,224034,131616,4,1.7021790663749088,0.11681475730463742,0.06862659729062177,0.03752521694787463,0.0,0.0,0.17692820684753868,0.03007210652306194,0.34313663636027086,0.0,0.0,0.0,0.0,0.0,159604.0,139969.0,5113318912.0,177497.0,1.48,2306.0,11264.0,12966.0,0.18,5,0.008,0.2727272727272727,0.4373233520983035,0.0,0.17692820684753868,5,ssdp
1917855,244093929,530230,1330400,57225,355642,658873,72354,1036561,339432,0.39854930847865305,0.18543737665256238,3.0538104833957904,127.27444410552414,0,0,0,0,0,72203,108,0,0,0,339432,5,0,0,0,0,0,0,0,0,0,0,0.0,0.0,0.0,0.0,0.0,2.0008326441515187,223878,131781,4,1.698864024404125,0.1167335382497634,0.06871270247229326,0.03772652259946659,0.0,0.0,0.1769852256818164,0.029838022165387893,0.34354682705418293,0.0,0.0,0.0,0.0,0.0,139517.0,139517.0,5247733760.0,179093.0,1.35,1884.0,12768.0,12988.0,0.15,5,0.008,0.2727272727272727,0.4372543491924567,0.0,0.1769852256818164,5,ssdp
1924452,215413038,471641,1330104,52275,313821,570643,64850,1043059,340537,0.35458956592867924,0.1630703181996745,3.062982877044198,111.9347419421217,0,0,0,0,0,64823,108,0,0,0,299682,5,0,0,0,0,0,0,0,0,0,0,0.0,0.0,0.0,0.0,0.0,2.0013711472357034,199681,114126,4,1.74965389131311,0.10375992750143936,0.05930311590000686,0.03369790465025888,0.0,0.0,0.15572329161756177,0.027163576955933428,0.2965223346698177,0.0,0.0,0.0,0.0,0.0,119436.0,287.0,5123894272.0,179096.0,1.35,1502.0,14016.0,13009.0,0.12,5,0.008,0.2727272727272727,0.43849795565111643,0.0,0.15572329161756177,5,ssdp
1809314,245367028,528095,1260487,56509,357671,673200,71831,974697,319601,0.4189610840889275,0.19768321032170202,3.0497307580389297,135.6132921096062,0,0,0,0,0,72131,108,0,0,0,340270,5,0,0,0,0,0,0,0,0,0,0,0.0,0.0,0.0,0.0,0.0,2.0007775527784926,223018,134639,4,1.6564145604171154,0.12326108127168639,0.07441439131073987,0.03970068213698673,0.0,0.0,0.18806575309758283,0.031232279195319332,0.37207472003201214,0.0,0.0,0.0,0.0,0.0,139520.0,0.0,5125129216.0,178892.0,1.36,1261.0,15552.0,13032.0,0.1,5,0.008,0.18181818181818182,0.43607131883491224,0.0,0.18806575309758283,5,ssdp
1591478,202131175,444574,1098768,48136,294741,536434,62356,861052,282065,0.40461134652629127,0.18519954407161143,3.0526722563948026,127.00846320213034,0,0,0,0,0,62355,108,0,0,0,282065,5,0,0,0,0,0,0,0,0,0,0,0.0,0.0,0.0,0.0,0.0,1.9999932144044623,187454,107286,4,1.7472363588911881,0.11778610825911512,0.06741280746576453,0.03918118880688266,0.0,0.0,0.17723462089956632,0.03024609828096901,0.33706655071574976,0.0,0.0,0.0,0.0,0.0,141482.0,2048.0,5093388800.0,178691.0,1.37,1111.0,1024.0,13057.0,0.09,5,0.008,0.2727272727272727,0.4385122760332693,0.0,0.17723462089956632,5,ssdp
1808124,258576273,578597,1237199,63641,372265,692042,85107,971990,320140,0.467666883015586,0.20588466277755288,3.0361404385581308,143.00804203693994,0,0,0,0,0,84932,108,0,0,0,360501,7,0,0,0,0,0,0,0,0,0,0,0.0,0.0,0.0,0.0,0.0,2.000198802884254,233861,138410,4,1.689625027093418,0.12933902763306057,0.07654895350097671,0.047069227552977565,0.0,0.0,0.1993784718304718,0.03519725417062104,0.382740343029571,0.0,0.0,0.0,0.0,0.0,139616.0,-19988.0,4947258368.0,178513.0,1.36,994.0,2944.0,13077.0,0.08,5,0.008,0.2727272727272727,0.4375302706831018,0.0,0.1993784718304718,5,ssdp
1809069,200922437,438513,1252459,47465,294031,532898,60365,979755,319971,0.35012164070839846,0.16253166684078937,3.062011869825703,111.06399866450644,0,0,0,0,0,60362,108,0,0,0,279707,3,0,0,0,0,0,0,0,0,0,0,0.0,0.0,0.0,0.0,0.0,2.0000612199087144,187451,106579,4,1.7587986376303024,0.10361738551708088,0.058913728553195044,0.03336799204452677,0.0,0.0,0.15461378200610368,0.026237252420996657,0.2945703010775156,0.0,0.0,0.0,0.0,0.0,139327.0,-155.0,4893734400.0,178315.0,1.36,955.0,4736.0,13099.0,0.07,5,0.008,0.2727272727272727,0.43857971218774955,0.0,0.15461378200610368,5,ssdp
1581245,200853768,466034,1098879,50838,316144,531962,58818,858536,279808,0.42409946864031434,0.19993359662797353,3.0683039798719123,127.02254742307485,0,0,0,0,0,58818,108,0,0,0,279808,2,0,0,0,0,0,0,0,0,0,0,0.0,0.0,0.0,0.0,0.0,2.0017348909361448,188968,106393,4,1.776131888376115,0.11950583242950966,0.06728432342869069,0.037197271770029315,0.0,0.0,0.17695423542841243,0.03215061549601738,0.3364197199042527,0.0,0.0,0.0,0.0,0.0,139008.0,-256.0,4911755264.0,178316.0,1.36,1026.0,6048.0,13124.0,0.08,5,0.01,0.18181818181818182,0.4407156822736864,0.0,0.17695423542841243,5,ssdp
1577540,200510129,436191,1094101,47248,293954,530596,59111,855781,279808,0.39867525941389326,0.18633695500589526,3.0584579425892042,127.10303954257895,0,0,0,0,0,59112,108,0,0,0,279808,5,0,0,0,0,0,0,0,0,0,0,0.0,0.0,0.0,0.0,0.0,2.000013607663836,187835,106121,4,1.7700078212606365,0.11906829620802008,0.06726992659457129,0.037470365252228154,0.0,0.0,0.17736982897422568,0.029950429149181636,0.33634392788772394,0.0,0.0,0.0,0.0,0.0,139374.0,-146.0,4911176192.0,177910.0,1.36,778.0,7712.0,13142.0,0.06,5,0.008,0.2727272727272727,0.4388620641246572,0.0,0.17736982897422568,5,ssdp
1690648,215296322,470131,1168961,52087,314048,570842,63992,916154,299550,0.4021785157930846,0.185755994151355,3.0584343181438824,127.34544506011896,0,0,0,0,0,63975,108,0,0,0,320017,6,0,0,0,0,0,0,0,0,0,0,0.0,0.0,0.0,0.0,0.0,1.9993251717310618,199882,114168,4,1.7507707939177353,0.1182280403726855,0.06752913675703044,0.03785057563727044,0.0,0.0,0.18928659306963957,0.030808896943657106,0.3376468667635132,0.0,0.0,0.0,0.0,0.0,139265.0,-2303.0,4910179840.0,177502.0,1.36,743.0,8960.0,13167.0,0.06,5,0.008,0.2727272727272727,0.44059695667275667,0.0,0.18928659306963957,5,ssdp
2022916,243993806,567609,1393766,63764,373783,644909,73273,1095880,358783,0.40724841903160214,0.18477435543542095,3.0544368044193844,120.61489750439465,0,0,0,0,0,73281,108,0,0,0,320356,9,0,0,0,0,0,0,0,0,0,0,0.0,0.0,0.0,0.0,0.0,2.0007226052327325,224361,128979,4,1.7395157351196706,0.11090969669526565,0.06375894995145621,0.03622147434693284,0.0,0.0,0.15836347134532527,0.03152083428081048,0.3188016704598708,0.0,0.0,0.0,0.0,0.0,158647.0,19141.0,4911730688.0,177693.0,1.47,630.0,10432.0,13191.0,0.05,5,0.006999999999999999,0.18181818181818182,0.4379880706306278,0.0,0.15836347134532527,5,ssdp
1691132,229376460,503236,1164325,58134,331997,606940,68311,915209,299834,0.43221265540119813,0.1963164318338249,3.0523856533948783,135.63486469418118,0,0,0,0,0,68600,108,0,0,0,299323,4,0,0,0,0,0,0,0,0,0,0,0.0,0.0,0.0,0.0,0.0,1.9997530403146628,210606,121389,4,1.734967748313274,0.1245355182209313,0.07177973097309967,0.040393653481809816,0.0,0.0,0.17699564552027872,0.0343757908903622,0.35889569826601353,0.0,0.0,0.0,0.0,0.0,139519.0,158.0,4904332288.0,177886.0,1.36,609.0,12192.0,13225.0,0.05,5,0.008,0.18181818181818182,0.436077199193762,0.0,0.17699564552027872,5,ssdp
1695903,230420158,500338,1175211,55647,335313,619322,68110,916810,299805,0.42574312187343377,0.19771944503901462,3.0580210470138924,135.86871301011908,0,0,0,0,0,68248,108,0,0,0,319853,2,0,0,0,0,0,0,0,0,0,0,0.0,0.0,0.0,0.0,0.0,2.0000656124926186,211449,123863,4,1.707119963185132,0.12468224892579352,0.07303660645685514,0.040161495085509015,0.0,0.0,0.18860335762127906,0.0328126077965544,0.36518715987883743,0.0,0.0,0.0,0.0,0.0,139766.0,19957.0,4781990400.0,178083.0,1.47,679.0,13440.0,13256.0,0.05,5,0.009000000000000001,0.2727272727272727,0.4374374592524381,0.0,0.18860335762127906,5,ssdp
1581412,201381260,466097,1098048,51336,313944,544071,59118,854338,279686,0.4244778006061666,0.19852132145196824,3.0546326952368013,127.3426912151925,0,0,0,0,0,59116,108,0,0,0,279686,4,0,0,0,0,0,0,0,0,0,0,0.0,0.0,0.0,0.0,0.0,2.0002930888377755,184645,108818,4,1.6968240548438678,0.11675957941384028,0.06881065781719121,0.037383047554969864,0.0,0.0,0.17685840249093848,0.032462128781114596,0.3440412745065802,0.0,0.0,0.0,0.0,0.0,139285.0,-89.0,4931934208.0,178281.0,1.36,556.0,14912.0,13276.0,0.04,5,0.008,0.18181818181818182,0.4391348305306658,0.0,0.17685840249093848,5,ssdp
1593388,202911748,440164,1105578,47646,295332,549093,60121,859774,282368,0.3981302088138512,0.18534845247987308,3.0448705235720763,127.34610025932164,0,0,0,0,0,60121,108,0,0,0,282368,10,0,0,0,0,0,0,0,0,0,0,0.0,0.0,0.0,0.0,0.0,1.9999729122084677,185503,109816,4,1.6892165076127341,0.11642048264452852,0.06891981111945113,0.037731550632990836,0.0,0.0,0.17721232995353298,0.02990232134294974,0.3446072143131491,0.0,0.0,0.0,0.0,0.0,121942.0,2378.0,4928766976.0,178078.0,1.37,525.0,1056.0,13298.0,0.04,5,0.008,0.2727272727272727,0.4370783719153799,0.0,0.17721232995353298,5,ssdp
1697849,201346704,436585,1178832,47425,293458,544243,59704,916759,300103,0.37035387570069356,0.1728410477021219,3.054814513683635,118.58928797555023,0,0,0,0,0,59701,108,0,0,0,279620,5,0,0,0,0,0,0,0,0,0,0,0.0,0.0,0.0,0.0,0.0,1.9999182199202645,184620,108849,4,1.6961111264228426,0.10873758502670143,0.06410994146122535,0.03516449342668282,0.0,0.0,0.1646907351596049,0.02793240152687312,0.32054852934507133,0.0,0.0,0.0,0.0,0.0,139512.0,-19245.0,4931156480.0,177898.0,1.36,483.0,2656.0,13318.0,0.04,5,0.008,0.2727272727272727,0.4371259711189901,0.0,0.1646907351596049,5,ssdp
1915617,199592815,441386,1320679,48834,291334,520742,61234,1037932,340347,0.3342114170059492,0.15208363676037537,3.049628761234857,104.19244295702116,0,0,0,0,0,65534,108,0,0,0,299828,2,0,0,0,0,0,0,0,0,0,0,0.0,0.0,0.0,0.0,0.0,2.000041190685413,187182,104151,4,1.7972175015122274,0.09771368702616441,0.05436942770919239,0.031965679987179065,0.0,0.0,0.15651771726811778,0.02549256975689817,0.2718403522207205,0.0,0.0,0.0,0.0,0.0,139139.0,-125.0,4930479616.0,177493.0,1.37,489.0,4448.0,13342.0,0.04,5,0.008,0.2727272727272727,0.4418910671336435,0.0,0.15651771726811778,5,ssdp
1695585,201224406,481174,1162436,52055,309628,546999,66153,910062,300182,0.41393590700907407,0.18260836230563493,3.031700768200625,118.67550491423314,0,0,0,0,0,66156,108,0,0,0,279846,4,0,0,0,0,0,0,0,0,0,0,0.0,0.0,0.0,0.0,0.0,2.0005685856432125,179087,109394,4,1.6370824725304862,0.10561959441726601,0.06451696612083735,0.03901485328072612,0.0,0.0,0.1650439228938685,0.030700318769038414,0.3226019338458408,0.0,0.0,0.0,0.0,0.0,159916.0,695.0,4799495168.0,177290.0,1.48,493.0,6048.0,13365.0,0.04,5,0.009000000000000001,0.18181818181818182,0.4384315288411828,0.0,0.1650439228938685,5,ssdp
1805096,229998095,506614,1243834,56450,333821,614078,71445,975327,319414,0.40730033107311747,0.1849325465238414,3.053488575954717,127.41599061767351,0,0,0,0,0,71653,108,0,0,0,320056,1,0,0,0,0,0,0,0,0,0,0,0.0,0.0,0.0,0.0,0.0,2.0010730063960773,211003,122821,4,1.717971682367022,0.11689295195380191,0.06804125653150857,0.039579612386266436,0.0,0.0,0.17730691331652168,0.03127257497662174,0.3401913250043211,0.0,0.0,0.0,0.0,0.0,139398.0,113.0,4953789952.0,177491.0,1.37,419.0,7776.0,13393.0,0.03,5,0.008,0.2727272727272727,0.4378807452619741,0.0,0.17730691331652168,5,ssdp
1921243,229776317,500983,1328705,55902,335715,611148,68409,1040867,340242,0.37704607117456473,0.17473843756359814,3.0591961015982743,119.59773802689196,0,0,0,0,0,68678,108,0,0,0,320062,3,0,0,0,0,0,0,0,0,0,0,0.0,0.0,0.0,0.0,0.0,2.0006853396901074,213488,122230,4,1.7466088521639531,0.11111972821761745,0.06362027083507917,0.03560663591227138,0.0,0.0,0.1665911079441799,0.02909678786077555,0.3181003131826635,0.0,0.0,0.0,0.0,0.0,118764.0,-2379.0,4953946112.0,177488.0,1.36,476.0,9344.0,13419.0,0.04,5,0.009000000000000001,0.2727272727272727,0.4383682745969336,0.0,0.1665911079441799,5,ssdp
1582297,200909454,433953,1102245,46099,296514,531694,58629,859934,279756,0.39369922294952575,0.18739465473296102,3.0738715166073294,126.9732888326275,0,0,0,0,0,58625,108,0,0,0,279756,4,0,0,0,0,0,0,0,0,0,0,0.0,0.0,0.0,0.0,0.0,2.0000404710834108,190177,106338,4,1.788419943952303,0.12019045729088787,0.0672048294346763,0.03705309433058396,0.0,0.0,0.17680372268922964,0.02913422701300704,0.33602667514379414,0.0,0.0,0.0,0.0,0.0,139392.0,-120.0,5081522688.0,177284.0,1.37,397.0,10592.0,13442.0,0.03,5,0.008,0.2727272727272727,0.43898278818580605,0.0,0.17680372268922964,5,ssdp
1694946,215690083,469782,1172785,52379,314737,570801,63836,918974,299889,0.4005695843654208,0.18569146155688737,3.064380487447022,127.2548405671921,0,0,0,0,0,63795,108,0,0,0,319751,6,0,0,0,0,0,0,0,0,0,0,0.0,0.0,0.0,0.0,0.0,1.9992187003747697,200568,114154,4,1.756994936664506,0.11833297343986181,0.06734963827756164,0.037662556801219625,0.0,0.0,0.18864966789502438,0.030903049418683545,0.33676648105603363,0.0,0.0,0.0,0.0,0.0,139270.0,-125.0,4936791552.0,177081.0,1.37,393.0,12032.0,13465.0,0.03,5,0.008,0.2727272727272727,0.4406449673758784,0.0,0.18864966789502438,5,ssdp
1575991,258345895,565057,1086358,65288,375214,683668,76753,853367,279675,0.5201388492559543,0.23808130883996165,3.05128095110396,163.9259964048018,0,0,0,0,0,76820,108,0,0,0,339089,9,0,0,0,0,0,0,0,0,0,0,0.0,0.0,0.0,0.0,0.0,2.000458510161865,238477,136737,4,1.7440561077104222,0.15131875753097576,0.0867625513089859,0.048701420249227315,0.0,0.0,0.215159223625008,0.041426632512495315,0.4338019696812989,0.0,0.0,0.0,0.0,0.0,139382.0,-20534.0,5059386368.0,176877.0,1.37,400.0,13312.0,13488.0,0.03,5,0.009000000000000001,0.18181818181818182,0.4363917456577188,0.0,0.215159223625008,5,ssdp
2138594,286661847,629244,1472769,70760,415826,758832,85823,1158090,379467,0.4272523389615072,0.1944389631692598,3.051885934745314,134.04220109099717,0,0,0,0,0,85761,108,0,0,0,399190,9,0,0,0,0,0,0,0,0,0,0,0.0,0.0,0.0,0.0,0.0,1.9988943796027459,264067,151768,4,1.7399385904802067,0.12347691988287632,0.07096625165880013,0.040130571768180405,0.0,0.0,0.18666002055556127,0.033087159133524176,0.35482751751851915,0.0,0.0,0.0,0.0,0.0,179293.0,39895.0,4696541184.0,176666.0,1.6,407.0,14624.0,13510.0,0.03,5,0.009000000000000001,0.2727272727272727,0.4384460504591332,0.0,0.18666002055556127,5,ssdp
1587486,202178520,441800,1096469,49217,293262,541819,60310,857690,281520,0.4029297681922608,0.18473359765062494,3.046639670360898,127.35767118576163,0,0,0,0,0,60322,108,0,0,0,281520,5,0,0,0,0,0,0,0,0,0,0,0.0,0.0,0.0,0.0,0.0,2.00001363977358,184893,108375,4,1.7060484429065743,0.11646905862476897,0.06826831858674659,0.037990886218839094,0.0,0.0,0.17733699698768998,0.031003108058905715,0.3413063170320872,0.0,0.0,0.0,0.0,0.0,141314.0,2168.0,5036254208.0,176661.0,1.38,341.0,1056.0,13537.0,0.03,5,0.008,0.2727272727272727,0.4376374162696031,0.0,0.17733699698768998,5,ssdp
1925743,216105990,469799,1333662,51651,314827,583085,64851,1041261,339796,0.35226241731413205,0.16348339316305446,3.0643709755264923,112.21953812113038,0,0,0,0,0,64919,108,0,0,0,320012,4,0,0,0,0,0,0,0,0,0,0,0.0,0.0,0.0,0.0,0.0,2.000616401359896,198197,116619,4,1.6995258062579854,0.10291975616684054,0.06055792491521454,0.03367583317192377,0.0,0.0,0.16617586043412855,0.026821335972660943,0.3027844317751642,0.0,0.0,0.0,0.0,0.0,99701.0,-63.0,5035321344.0,176679.0,1.37,339.0,2592.0,13558.0,0.03,5,0.008,0.2727272727272727,0.4393550619120038,0.0,0.16617586043412855,5,ssdp
1697795,216137159,468915,1178168,50712,314887,583622,64638,917367,299381,0.3980035105350001,0.18546821023739615,3.064212491774695,127.30462688369326,0,0,0,0,0,64637,108,0,0,0,299381,8,0,0,0,0,0,0,0,0,0,0,0.0,0.0,0.0,0.0,0.0,1.9995237520716784,198164,116723,4,1.697728810945572,0.11671844951834585,0.0687497607190503,0.038071734219973556,0.0,0.0,0.17633518769933942,0.029869330513990204,0.3437529265900771,0.0,0.0,0.0,0.0,0.0,159333.0,20071.0,4901097472.0,176877.0,1.48,319.0,4256.0,13585.0,0.02,5,0.008,0.18181818181818182,0.43709022671153497,0.0,0.17633518769933942,5,ssdp
1582675,201358913,469395,1097051,50822,314499,542382,60247,855063,279808,0.4278698073289209,0.19871357037926296,3.0558918973010063,127.22694994234445,0,0,0,0,0,60254,108,0,0,0,279808,2,0,0,0,0,0,0,0,0,0,0,0.0,0.0,0.0,0.0,0.0,1.9995740162636775,184885,108474,4,1.7044176484687574,0.11681804539782331,0.06853839227889491,0.038066564518931555,0.0,0.0,0.17679435133555532,0.03211145686890865,0.3426995434944003,0.0,0.0,0.0,0.0,0.0,139342.0,-100.0,5182133760.0,177076.0,1.37,308.0,6016.0,13609.0,0.02,5,0.008,0.18181818181818182,0.4393926624420513,0.0,0.17679435133555532,5,ssdp
1696489,230090689,501028,1174306,55572,334698,618587,69106,916081,299860,0.4266588095436794,0.19728863552902495,3.055029013539652,135.6275749503828,0,0,0,0,0,69231,108,0,0,0,319575,5,0,0,0,0,0,0,0,0,0,0,0.0,0.0,0.0,0.0,0.0,1.9975172627822173,210978,123713,4,1.7053826194498558,0.12436154905808408,0.07292296030212987,0.04073471740753992,0.0,0.0,0.18837434253920893,0.032757064737820286,0.3646277694697696,0.0,0.0,0.0,0.0,0.0,119187.0,-40029.0,5030840832.0,177073.0,1.37,335.0,7424.0,13625.0,0.02,5,0.009000000000000001,0.2727272727272727,0.43742817316641663,0.0,0.18837434253920893,5,ssdp
1697055,215803439,477087,1166874,53094,312079,575806,68010,916034,300030,0.40885905419094093,0.18389445244850638,3.0531413525314135,127.16349146020606,0,0,0,0,0,67896,108,0,0,0,300030,6,0,0,0,0,0,0,0,0,0,0,0.0,0.0,0.0,0.0,0.0,2.000262788506528,196925,115170,4,1.7098636797777198,0.11603925624095861,0.0678646243050461,0.040075306928767776,0.0,0.0,0.17679450577618286,0.031285963035965245,0.33929719425711014,0.0,0.0,0.0,0.0,0.0,139364.0,-2050.0,5029327360.0,177073.0,1.37,316.0,8992.0,13655.0,0.02,5,0.009000000000000001,0.2727272727272727,0.43777778409627893,0.0,0.17679450577618286,5,ssdp
1576116,199910517,429301,1100639,46176,298189,515141,55507,862559,279808,0.3900470544838044,0.18919229295305676,3.082681696020128,126.83743899560692,0,0,0,0,0,55515,108,0,0,0,279808,3,0,0,0,0,0,0,0,0,0,0,0.0,0.0,0.0,0.0,0.0,2.0000871968233525,195158,103022,4,1.8943332492089069,0.12382210446439222,0.06536447824906289,0.035217585507665676,0.0,0.0,0.17753008027327938,0.029297335982884507,0.32684205984838677,0.0,0.0,0.0,0.0,0.0,139383.0,54.0,5029425152.0,177072.0,1.37,282.0,10592.0,13685.0,0.02,5,0.008,0.2727272727272727,0.4411066089877769,0.0,0.17753008027327938,5,ssdp
1583146,201374592,450036,1083397,49716,287855,549693,66633,848107,279742,0.4153934338012751,0.18182467062418753,3.031747109836921,127.19900249250543,0,0,0,0,0,66629,108,0,0,0,279745,6,0,0,0,0,0,0,0,0,0,0,0.0,0.0,0.0,0.0,0.0,1.9999513655848984,177913,109937,4,1.6183177638101822,0.1123794015207694,0.06944211083500827,0.042088979790872096,0.0,0.0,0.17670195926339075,0.031403294452943695,0.34721560740449714,0.0,0.0,0.0,0.0,0.0,139240.0,-20015.0,5028899328.0,176869.0,1.37,290.0,11904.0,13710.0,0.02,5,0.008,0.2727272727272727,0.43583848908520345,0.0,0.17670195926339075,5,ssdp
1688344,228734326,499008,1170517,53768,334746,608238,68310,915099,299660,0.42631418424508144,0.1982688362087347,3.0537909630915037,135.478507934402,0,0,0,0,0,63367,108,0,0,0,279916,6,0,0,0,0,0,0,0,0,0,0,0.0,0.0,0.0,0.0,0.0,1.999426595229989,213101,121652,4,1.7517262354914016,0.12621894590201996,0.07205403638121141,0.04045976412389892,0.0,0.0,0.16579322697270224,0.03184659050525249,0.3602571513862104,0.0,0.0,0.0,0.0,0.0,139690.0,494.0,5030148608.0,176469.0,1.38,258.0,13280.0,13731.0,0.02,5,0.008,0.18181818181818182,0.43351565003123416,0.0,0.16579322697270224,5,ssdp
1908181,229506387,500306,1316226,57162,333252,603092,65659,1035473,339453,0.38010645588219655,0.1746438099949638,3.050416405216628,120.2749566209914,0,0,0,0,0,65471,108,0,0,0,319988,1,0,0,0,0,0,0,0,0,0,0,0.0,0.0,0.0,0.0,0.0,1.998764462091178,212647,120630,4,1.7628036143579542,0.11143963806368473,0.06321727341379041,0.034409209608522465,0.0,0.0,0.16769268743373925,0.029956277732563107,0.3160559716295257,0.0,0.0,0.0,0.0,0.0,159459.0,20257.0,5120532992.0,176477.0,1.49,259.0,15008.0,13751.0,0.02,5,0.008,0.2727272727272727,0.4389894029908755,0.0,0.16769268743373925,5,ssdp
1818621,216648241,537084,1258590,58913,358982,577087,66474,984814,321323,0.42673467928396064,0.19739241986098258,3.0648724180964324,119.12775724023862,0,0,0,0,0,66579,108,0,0,0,301428,6,0,0,0,0,0,0,0,0,0,0,0.0,0.0,0.0,0.0,0.0,2.0003566274190763,201405,115409,4,1.7451411934944414,0.11074599930386815,0.06345962132846811,0.03655187089558517,0.0,0.0,0.16574536420727573,0.03239432515075984,0.317321201063883,0.0,0.0,0.0,0.0,0.0,161731.0,22349.0,4802987008.0,176878.0,1.5,268.0,1152.0,13777.0,0.02,5,0.008,0.18181818181818182,0.4415366161889131,0.0,0.16574536420727573,5,ssdp
1571964,200292343,440214,1082148,49602,289890,531341,59648,850288,279755,0.4067964825513701,0.184412620136339,3.039402334185269,127.41534984261726,0,0,0,0,0,59645,108,0,0,0,279755,11,0,0,0,0,0,0,0,0,0,0,0.0,0.0,0.0,0.0,0.0,2.000013798432498,183607,106266,4,1.7278056951423786,0.11680102088851907,0.06760078475079583,0.037944889323165164,0.0,0.0,0.17796527146932117,0.03155415772880295,0.33801092136970057,0.0,0.0,0.0,0.0,0.0,139014.0,19888.0,4825543680.0,177304.0,1.48,261.0,2848.0,13803.0,0.02,5,0.008,0.2727272727272727,0.43833902453774654,0.0,0.17796527146932117,5,ssdp
1578981,215259507,470667,1090041,52820,312164,575204,64096,853892,279808,0.4317883455759921,0.19769965566400102,3.0517068847209514,136.32811731110127,0,0,0,0,0,64152,108,0,0,0,299422,8,0,0,0,0,0,0,0,0,0,0,0.0,0.0,0.0,0.0,0.0,2.000563965187967,197139,115050,4,1.7135071707953065,0.12485204065153412,0.07286344800855742,0.040593268696710094,0.0,0.0,0.18962989421658652,0.03345195414004348,0.3642881073299805,0.0,0.0,0.0,0.0,0.0,119092.0,-62.0,5104163840.0,177502.0,1.36,247.0,4512.0,13830.0,0.02,5,0.008,0.2727272727272727,0.4377853608569795,0.0,0.18962989421658652,5,ssdp
1581336,215149599,441629,1091633,48073,291922,577718,66397,853531,279773,0.404558125304017,0.184604663398544,3.0507983257855478,136.0555878067659,0,0,0,0,0,66268,108,0,0,0,299311,1,0,0,0,0,0,0,0,0,0,0,0.0,0.0,0.0,0.0,0.0,1.9999040885673571,196986,115543,4,1.7048717793375627,0.12456935148507338,0.0730666980325497,0.0419879140170084,0.0,0.0,0.1892772946419989,0.030400243844445455,0.36533538729277015,0.0,0.0,0.0,0.0,0.0,160296.0,40350.0,4727242240.0,177907.0,1.59,248.0,6208.0,13854.0,0.02,5,0.008,0.18181818181818182,0.435223926225868,0.0,0.1892772946419989,5,ssdp
1582373,201625994,432034,1103644,46695,294877,547542,57475,855517,279585,0.39146137703824785,0.18635113212877116,3.0599531448396733,127.42001664588564,0,0,0,0,0,57480,108,0,0,0,279585,5,0,0,0,0,0,0,0,0,0,0,0.0,0.0,0.0,0.0,0.0,2.0001153089601846,185359,109502,4,1.6927453379846944,0.11713989053149922,0.06920113020128629,0.03632203026719996,0.0,0.0,0.17668716541548674,0.029509477221868675,0.34602587379840277,0.0,0.0,0.0,0.0,0.0,139473.0,-20048.0,5056830464.0,178313.0,1.36,256.0,7968.0,13883.0,0.02,5,0.009000000000000001,0.18181818181818182,0.43686927027089617,0.0,0.17668716541548674,5,ssdp
1692177,229679222,494534,1177857,53848,335440,622268,66363,913951,300045,0.4198591170235436,0.1982298542055589,3.046046426369378,135.7300223321792,0,0,0,0,0,66147,108,0,0,0,319730,7,0,0,0,0,0,0,0,0,0,0,0.0,0.0,0.0,0.0,0.0,1.9999761510117933,210988,124463,4,1.6951865212954853,0.1246843563055165,0.07355199840205841,0.03921752866278173,0.0,0.0,0.18894595541719336,0.031821730232712064,0.3677322171380417,0.0,0.0,0.0,0.0,0.0,98402.0,-22467.0,5058757120.0,178110.0,1.36,237.0,9216.0,13910.0,0.02,5,0.008,0.2727272727272727,0.4371200144221175,0.0,0.18894595541719336,5,ssdp
1914761,243411389,536371,1319775,58616,352904,652921,76054,1032828,338524,0.4064109412589267,0.18430707540001076,3.05097422930132,127.12364049612458,0,0,0,0,0,76156,108,0,0,0,338524,7,0,0,0,0,0,0,0,0,0,0,0.0,0.0,0.0,0.0,0.0,1.9993994504404975,222323,130586,4,1.702502565359227,0.11611005237729409,0.06819963431467425,0.039719839708454475,0.0,0.0,0.1767969997299924,0.030612697877176315,0.3409934712478476,0.0,0.0,0.0,0.0,0.0,159408.0,194.0,4917176320.0,177904.0,1.47,245.0,10592.0,13930.0,0.02,5,0.009000000000000001,0.2727272727272727,0.4375196762810192,0.0,0.1767969997299924,5,ssdp
1581164,215349646,475399,1089706,51206,312561,575635,67482,853566,280064,0.4362635426436121,0.19767778674444902,3.0477533706581355,136.19690683572355,0,0,0,0,0,67294,108,0,0,0,300143,5,0,0,0,0,0,0,0,0,0,0,0.0,0.0,0.0,0.0,0.0,1.9991493280971173,197431,115124,4,1.7149421493346304,0.12486434044792317,0.07280965162374048,0.042678684817008226,0.0,0.0,0.18982407896967043,0.03238500244123949,0.36405774480066583,0.0,0.0,0.0,0.0,0.0,159720.0,20456.0,4908128768.0,177696.0,1.48,213.0,12160.0,13950.0,0.02,5,0.008,0.2727272727272727,0.43785868017389173,0.0,0.18982407896967043,5,ssdp
1860763,235910672,521868,1276268,61240,344367,599955,69937,1016138,331197,0.40890157866529603,0.18506763085895409,3.068077307463534,126.78168686716148,0,0,0,0,0,74371,108,0,0,0,350992,10,0,0,0,0,0,0,0,0,0,0,0.0,0.0,0.0,0.0,0.0,1.9995993450162004,224367,119996,4,1.8697873262442082,0.12057795646194598,0.06448752474119487,0.037585119652529635,0.0,0.0,0.18862799829962226,0.03291123050060647,0.32242418835714165,0.0,0.0,0.0,0.0,0.0,-139148.0,-40746.0,5042884096.0,177494.0,0.58,211.0,13152.0,13961.0,0.02,5,0.008,0.2727272727272727,0.44310016909183036,0.0,0.18862799829962226,5,ssdp
1589903,202151457,442674,1101914,45315,291610,567736,65898,849019,279459,0.401731895592578,0.18341370511282765,3.0380807202487663,127.14703790105435,0,0,0,0,0,65901,108,0,0,0,279459,1,0,0,0,0,0,0,0,0,0,0,0.0,0.0,0.0,0.0,0.0,2.0001371789156006,178064,113551,4,1.5681411876601703,0.11199676961424691,0.07142008034452416,0.04144781159605335,0.0,0.0,0.17577110050109976,0.028501738785322122,0.3570884513080358,0.0,0.0,0.0,0.0,0.0,-733.0,158675.0,5057080832.0,176295.0,1.48,7223.0,15168.0,13999.0,0.52,5,0.009000000000000001,0.18181818181818182,0.43397112058874826,0.0,0.17577110050109976,5,ssdp
1729271,219636957,476015,1201393,51863,322948,581258,64291,938558,306495,0.39621922218624545,0.18675384020202732,3.0622294001533468,127.01129955917841,0,0,0,0,0,64555,108,0,0,0,306495,5,0,0,0,0,0,0,0,0,0,0,0.0,0.0,0.0,0.0,0.0,2.000495558556438,206693,116250,4,1.7780043010752689,0.119526089317406,0.06722485949281518,0.03717809412174263,0.0,0.0,0.17723942632473452,0.029991250648394613,0.33612892369096575,0.0,0.0,0.0,0.0,0.0,-20456.0,139264.0,5186963456.0,176091.0,1.38,3938.0,16576.0,14025.0,0.28,5,0.008,0.2727272727272727,0.43894507172387404,0.0,0.17723942632473452,5,ssdp
1578281,200615393,435006,1095966,47309,294402,531854,58901,856496,279320,0.3969155977466454,0.1865333232802017,3.066361162824001,127.11006024909379,0,0,0,0,0,58901,108,0,0,0,279320,6,0,0,0,0,0,0,0,0,0,0,0.0,0.0,0.0,0.0,0.0,1.999959240238037,188045,106369,4,1.7678552961859189,0.11914545001808931,0.06739547647091994,0.03731971683115998,0.0,0.0,0.17697735701057035,0.029975017123059836,0.33698308476120536,0.0,0.0,0.0,0.0,0.0,119162.0,118656.0,5151843840.0,175293.0,1.38,3037.0,1984.0,33.0,91.86,5,0.009000000000000001,0.2727272727272727,0.4386967651479313,0.0,0.17697735701057035,5,ssdp
1683384,229325827,507703,1151160,58970,329098,608164,69043,908928,299721,0.4410359984711074,0.19549787808366956,3.0325802996787012,136.22906419450345,0,0,0,0,0,69098,108,0,0,0,319885,7,0,0,0,0,0,0,0,0,0,0,0.0,0.0,0.0,0.0,0.0,1.9989188401219646,207466,121627,4,1.705756123229217,0.12324341920797631,0.07225148866806386,0.041014409071251715,0.0,0.0,0.19002497350574796,0.03503062878107431,0.36127467054456974,0.0,0.0,0.0,0.0,0.0,139345.0,119145.0,5123612672.0,174894.0,1.39,2426.0,3616.0,60.0,40.26,5,0.009000000000000001,0.2727272727272727,0.43804857692794846,0.0,0.19002497350574796,5,ssdp
1576065,200362801,437095,1090869,48101,293073,529289,59224,854981,279585,0.4006851418456295,0.18595235602592533,3.0580360176690453,127.12851373515686,0,0,0,0,0,59213,108,0,0,0,279585,7,0,0,0,0,0,0,0,0,0,0,0.0,0.0,0.0,0.0,0.0,1.9999795274945749,187208,105859,4,1.7684656004685477,0.11878190303064912,0.06716664604568974,0.03757713038485088,0.0,0.0,0.17739433335554053,0.030519680343133057,0.3358294232788622,0.0,0.0,0.0,0.0,0.0,139264.0,139148.0,5124148736.0,176287.0,1.37,1716.0,5184.0,86.0,19.99,5,0.008,0.2727272727272727,0.43890237402609467,0.0,0.17739433335554053,5,ssdp
1694315,215617858,469180,1173531,51720,315396,570998,63585,918583,300317,0.39980196518029776,0.18614956486839815,3.0587112950648816,127.25960520918483,0,0,0,0,0,63683,108,0,0,0,300153,5,0,0,0,0,0,0,0,0,0,0,0.0,0.0,0.0,0.0,0.0,1.999885864292644,201208,114206,4,1.761798854701154,0.11875477700427606,0.06740541162652754,0.03752844069727294,0.0,0.0,0.17715300873804457,0.03052561064500993,0.33700817144391687,0.0,0.0,0.0,0.0,0.0,159669.0,1018.0,4845306880.0,176492.0,1.49,1497.0,6848.0,114.0,13.12,5,0.008,0.2727272727272727,0.43866359675952804,0.0,0.17715300873804457,5,ssdp
1807559,229947071,502307,1248314,56477,333954,614446,68300,978017,320320,0.4023883413948734,0.1847541352730395,3.0532498751248753,127.21414404730358,0,0,0,0,0,68366,108,0,0,0,320278,6,0,0,0,0,0,0,0,0,0,0,0.0,0.0,0.0,0.0,0.0,2.000227602151439,211065,122890,4,1.717511595736024,0.11676797271900945,0.06798671578631735,0.03778576522260131,0.0,0.0,0.17718813051192242,0.031244899889851453,0.33993136600243756,0.0,0.0,0.0,0.0,0.0,179577.0,40313.0,4799691776.0,177095.0,1.6,1297.0,8480.0,142.0,9.14,5,0.008,0.2727272727272727,0.43787771377727625,0.0,0.17718813051192242,5,ssdp
1919005,244369512,498074,1331532,53990,335214,659554,72025,1035797,340138,0.37406085621674884,0.1746811498667278,3.0452257613086453,127.34177972438842,0,0,0,0,0,72121,108,0,0,0,359991,7,0,0,0,0,0,0,0,0,0,0,0.0,0.0,0.0,0.0,0.0,1.998306994378506,224109,131912,4,1.698928073260962,0.11678395835341752,0.06873978963056375,0.03753247125463456,0.0,0.0,0.18759252841967583,0.028134371718677127,0.34369582153251294,0.0,0.0,0.0,0.0,0.0,119000.0,709.0,5144451584.0,177296.0,1.37,1144.0,10048.0,167.0,6.83,5,0.008,0.18181818181818182,0.4371203088892598,0.0,0.18759252841967583,5,ssdp
2148350,316786915,689923,1487472,74375,461081,853417,95589,1160378,379797,0.46382251228930693,0.2146209882002467,3.055258467023173,147.45591500453835,0,0,0,0,0,86856,108,0,0,0,400136,10,0,0,0,0,0,0,0,0,0,0,0.0,0.0,0.0,0.0,0.0,1.9993539015241852,290393,170691,4,1.701278919216596,0.1351702469336933,0.07945213768706216,0.04449414667070077,0.0,0.0,0.18625270556473572,0.03461959177973794,0.39724300044219985,0.0,0.0,0.0,0.0,0.0,99608.0,320.0,5118334976.0,177099.0,1.37,1055.0,11360.0,190.0,5.55,5,0.008,0.18181818181818182,0.4337254910530635,0.0,0.18625270556473572,5,ssdp
1920352,230548897,494470,1338342,53024,336977,626255,66011,1037834,339311,0.36946460620678423,0.17547668344136907,3.0586512078889276,120.05554033843795,0,0,0,0,0,66103,108,0,0,0,339311,3,0,0,0,0,0,0,0,0,0,0,0.0,0.0,0.0,0.0,0.0,1.9989856086941047,211721,125252,4,1.6903602337687222,0.11025114145739948,0.0652234590325107,0.0343744271883488,0.0,0.0,0.17669208561763677,0.02761160453916782,0.3261146914732299,0.0,0.0,0.0,0.0,0.0,158905.0,19738.0,4965403648.0,177297.0,1.48,898.0,12672.0,212.0,4.24,5,0.008,0.2727272727272727,0.4388399637028251,0.0,0.17669208561763677,5,ssdp
1810728,244226406,610429,1236270,67206,395094,648249,81142,977175,319918,0.4937667338041043,0.21819621721208265,3.0544545789858653,134.87746696356382,0,0,0,0,0,81092,108,0,0,0,339950,2,0,0,0,0,0,0,0,0,0,0,0.0,0.0,0.0,0.0,0.0,2.001682026132201,223173,129644,4,1.7214294529635001,0.12325042745238379,0.0715977220211981,0.04481181049831891,0.0,0.0,0.1877421677910763,0.037115458533805185,0.35800462576378117,0.0,0.0,0.0,0.0,0.0,158713.0,-639.0,5025786880.0,177689.0,1.47,871.0,14240.0,238.0,3.65,5,0.008,0.18181818181818182,0.4412203053804103,0.0,0.1877421677910763,5,ssdp
1935328,231713380,495805,1349465,53393,340518,622900,64951,1048481,342622,0.3674085656167444,0.1759484697167612,3.060168348792547,119.72822177946064,0,0,0,0,0,70040,108,0,0,0,342623,5,0,0,0,0,0,0,0,0,0,0,0.0,0.0,0.0,0.0,0.0,1.9989198771947332,215943,124598,4,1.7331177065442462,0.11157953587195556,0.0643808181352205,0.033560719423270886,0.0,0.0,0.17703614064385986,0.027588605135666924,0.32185758693100086,0.0,0.0,0.0,0.0,0.0,139915.0,-19924.0,4886051328.0,178089.0,1.47,754.0,15744.0,262.0,2.87,5,0.008,0.2727272727272727,0.4398189690304828,0.0,0.17703614064385986,5,ssdp
1805931,229337557,542210,1236808,60275,351169,615171,75222,972716,319201,0.4383946416905453,0.19445316570788143,3.047346342899928,126.99131749773386,0,0,0,0,0,75043,108,0,0,0,319201,8,0,0,0,0,0,0,0,0,0,0,0.0,0.0,0.0,0.0,0.0,2.0025033501553904,207172,123044,4,1.6837228958746464,0.1147175611914298,0.06813327862470936,0.041652754174993395,0.0,0.0,0.17675149272037524,0.033376136740550996,0.3406392603039651,0.0,0.0,0.0,0.0,0.0,119105.0,-596.0,5025178624.0,178267.0,1.36,720.0,2048.0,286.0,2.51,5,0.008,0.18181818181818182,0.4391712988513584,0.0,0.17675149272037524,5,ssdp
1575011,200136655,435891,1091918,47202,293438,529047,59037,854111,279931,0.39919755879104474,0.1863085400673392,3.0511483186928205,127.07000459044413,0,0,0,0,0,59037,108,0,0,0,279931,5,0,0,0,0,0,0,0,0,0,0,0.0,0.0,0.0,0.0,0.0,2.0000272633709795,187628,105804,4,1.7733545045555934,0.11912805688341224,0.06717667368672346,0.037483547733952335,0.0,0.0,0.17773272694603404,0.029969314500025716,0.3359005111710331,0.0,0.0,0.0,0.0,0.0,119016.0,-260.0,5025531392.0,178261.0,1.36,650.0,3616.0,310.0,2.1,5,0.008,0.2727272727272727,0.4390107571933902,0.0,0.17773272694603404,5,ssdp
1812608,215738595,467503,1259299,50535,317359,570265,63291,984753,320362,0.37124066643426223,0.1750841880869995,3.0738758029978586,119.0210983290375,0,0,0,0,0,63285,108,0,0,0,300023,7,0,0,0,0,0,0,0,0,0,0,0.0,0.0,0.0,0.0,0.0,1.99955265727877,203302,114052,4,1.7825377897801002,0.11215993750441353,0.06292149212626227,0.03491709183673469,0.0,0.0,0.16552006832144622,0.027879718063696067,0.31461021908763503,0.0,0.0,0.0,0.0,0.0,159775.0,773.0,4879794688.0,178464.0,1.47,665.0,5216.0,334.0,1.99,5,0.008,0.2727272727272727,0.4389174605576689,0.0,0.16552006832144622,5,ssdp
1575366,200804606,442406,1081682,51278,289589,532301,60271,852128,279595,0.40899820834589096,0.18382331470908983,3.047722598758919,127.46536741303291,0,0,0,0,0,60277,108,0,0,0,279596,3,0,0,0,0,0,0,0,0,0,0,0.0,0.0,0.0,0.0,0.0,1.9999654688978363,183130,106461,4,1.7201604343374568,0.11624600251624068,0.06757858173910063,0.03825841106130258,0.0,0.0,0.17748002686359868,0.03254989634154857,0.3378903696030002,0.0,0.0,0.0,0.0,0.0,139370.0,-19624.0,5165275136.0,178668.0,1.36,642.0,6752.0,359.0,1.79,5,0.009000000000000001,0.2727272727272727,0.43816993967905626,0.0,0.17748002686359868,5,ssdp
1583531,201118436,435298,1101017,47218,296090,531823,58837,860294,280017,0.3953599263226635,0.1869808674411805,3.072292039411893,127.00631436959554,0,0,0,0,0,58835,108,0,0,0,280017,6,0,0,0,0,0,0,0,0,0,0,0.0,0.0,0.0,0.0,0.0,2.000067549310997,189721,106370,4,1.783594998589828,0.1198088322868324,0.06717266665445766,0.03715557194649173,0.0,0.0,0.17683076618013793,0.02981817217345287,0.33584628276933004,0.0,0.0,0.0,0.0,0.0,119265.0,-20133.0,5271969280.0,178669.0,1.36,555.0,8256.0,381.0,1.46,5,0.008,0.2727272727272727,0.4389565837439336,0.0,0.17683076618013793,5,ssdp
1801008,229558701,504093,1240239,56676,332239,609070,68414,974238,319625,0.40644827327636046,0.1844739168287981,3.048065701994525,127.46123337597612,0,0,0,0,0,68477,108,0,0,0,319625,5,0,0,0,0,0,0,0,0,0,0,0.0,0.0,0.0,0.0,0.0,1.9993921887223927,210424,121811,4,1.7274630369999426,0.11683679361779625,0.06763490223252756,0.037986505334790296,0.0,0.0,0.17747006121016676,0.031469044002025534,0.3381828398319163,0.0,0.0,0.0,0.0,0.0,139776.0,887.0,4947034112.0,178480.0,1.36,573.0,9728.0,404.0,1.42,5,0.009000000000000001,0.2727272727272727,0.4382218448977269,0.0,0.17747006121016676,5,ssdp
1579867,201160526,438956,1091730,49181,292301,537122,59739,854786,279758,0.4020737728192868,0.18501620706046776,3.055447922847604,127.32750668252454,0,0,0,0,0,59739,108,0,0,0,279758,3,0,0,0,0,0,0,0,0,0,0,0.0,0.0,0.0,0.0,0.0,2.0000205269964213,184873,107424,4,1.7209655198093536,0.11701807810404294,0.06799559709773038,0.03781267663670423,0.0,0.0,0.17707693115939507,0.031129835612744617,0.3399792514179991,0.0,0.0,0.0,0.0,0.0,139418.0,13.0,4951927808.0,178290.0,1.36,528.0,11232.0,428.0,1.24,5,0.008,0.2727272727272727,0.4378911100830489,0.0,0.17707693115939507,5,ssdp
1579269,200947848,436147,1095639,47483,293170,540218,59223,853830,279802,0.3980754609866936,0.1856365191743775,3.051550739451469,127.24105139783026,0,0,0,0,0,59215,108,0,0,0,279802,8,0,0,0,0,0,0,0,0,0,0,0.0,0.0,0.0,0.0,0.0,1.9999454256458533,185135,108038,4,1.7136100261019271,0.11722828726455088,0.06841013152287545,0.03750026119679421,0.0,0.0,0.1771718434288269,0.030066442132404295,0.3420683873361663,0.0,0.0,0.0,0.0,0.0,159107.0,-412.0,4949470720.0,178291.0,1.47,474.0,12896.0,457.0,1.04,5,0.008,0.2727272727272727,0.43761092156338005,0.0,0.1771718434288269,5,ssdp
1581601,201493200,435273,1099047,47281,293501,546511,59041,853900,279676,0.39604584699289475,0.18557208802978753,3.053175817731947,127.39825025401476,0,0,0,0,0,59043,108,0,0,0,279676,3,0,0,0,0,0,0,0,0,0,0,0.0,0.0,0.0,0.0,0.0,2.000061330462159,184187,109298,4,1.6851817965562041,0.11645604675262598,0.06910592494567214,0.03732989546668218,0.0,0.0,0.17683094535220956,0.029894391821957623,0.34554290241344054,0.0,0.0,0.0,0.0,0.0,139351.0,-136.0,5085689344.0,178292.0,1.36,479.0,14400.0,483.0,0.99,5,0.008,0.18181818181818182,0.436858977662257,0.0,0.17683094535220956,5,ssdp
1818273,231402920,508466,1254484,55323,335476,620241,71788,979934,321721,0.4053188402562328,0.18450254719725806,3.0459124520935843,127.265223649034,0,0,0,0,0,71720,108,0,0,0,321721,2,0,0,0,0,0,0,0,0,0,0,0.0,0.0,0.0,0.0,0.0,1.9974516528531963,211419,124051,4,1.704290977098129,0.11627461882786579,0.06822462853487897,0.03948142000678666,0.0,0.0,0.17693767657551973,0.030426124129874887,0.3411154430605305,0.0,0.0,0.0,0.0,0.0,139660.0,20039.0,4942044672.0,178493.0,1.47,445.0,15744.0,505.0,0.88,5,0.008,0.2727272727272727,0.4375569964877105,0.0,0.17693767657551973,5,ssdp
1580298,201254106,434042,1099235,47021,293635,545794,58503,853343,279808,0.39485824232307015,0.18580989155209968,3.0497448250228727,127.35199690185016,0,0,0,0,0,58489,108,0,0,0,279808,5,0,0,0,0,0,0,0,0,0,0,0.0,0.0,0.0,0.0,0.0,1.9999931888460543,184481,109172,4,1.6898197339977283,0.11673810888832359,0.06908317292055043,0.037020232892783514,0.0,0.0,0.1770602759732658,0.029754514654830925,0.3453741003279128,0.0,0.0,0.0,0.0,0.0,199948.0,60172.0,4656675328.0,179278.0,1.69,438.0,2016.0,529.0,0.83,5,0.008,0.18181818181818182,0.4369783056075918,0.0,0.1770602759732658,5,ssdp
1580663,229401931,508507,1085501,54705,332292,613807,72909,852680,279808,0.4684537370301824,0.21022317850167935,3.047375343092406,145.1301960000329,0,0,0,0,0,72826,108,0,0,0,319775,6,0,0,0,0,0,0,0,0,0,0,0.0,0.0,0.0,0.0,0.0,2.000505707267736,209534,122757,4,1.7069006248116196,0.13256083048695388,0.0776617153688041,0.04612558148068247,0.0,0.0,0.20230434950397397,0.034608895128183555,0.3883224950542905,0.0,0.0,0.0,0.0,0.0,118969.0,-154.0,5201657344.0,179882.0,1.35,432.0,3520.0,552.0,0.78,5,0.009000000000000001,0.2727272727272727,0.4377355232201608,0.0,0.20230434950397397,5,ssdp
1584757,201253932,446342,1089669,48746,291657,536756,64394,855561,279905,0.4096124602975766,0.1840389409859051,3.0566120648077026,126.993559264922,0,0,0,0,0,64396,108,0,0,0,279905,6,0,0,0,0,0,0,0,0,0,0,0.0,0.0,0.0,0.0,0.0,2.000048002743014,184303,107351,4,1.7168261124721707,0.11629732507886067,0.06773972287233943,0.04063335893136929,0.0,0.0,0.1766232930348312,0.03075928991006192,0.3386992453732654,0.0,0.0,0.0,0.0,0.0,78934.0,-19905.0,5345061376.0,179676.0,1.35,415.0,5152.0,573.0,0.73,5,0.009000000000000001,0.2727272727272727,0.4378850419465646,0.0,0.1766232930348312,5,ssdp
1695202,215308776,466339,1177887,50976,316543,570924,63106,920718,299498,0.39591149235877465,0.1867287792251307,3.0742041683083023,127.01069017143679,0,0,0,0,0,63104,108,0,0,0,299498,4,0,0,0,0,0,0,0,0,0,0,0.0,0.0,0.0,0.0,0.0,2.0005119098027566,202354,114183,4,1.7721902559925733,0.1193686652092199,0.06735657461470669,0.03722624206436755,0.0,0.0,0.1766739303044711,0.030070752630070044,0.33678818217533957,0.0,0.0,0.0,0.0,0.0,159634.0,20283.0,5062958080.0,179672.0,1.46,378.0,7008.0,602.0,0.63,5,0.008,0.2727272727272727,0.43870677855937845,0.0,0.1766739303044711,5,ssdp
1580116,200823459,430880,1102767,46469,297029,529209,56336,860388,279987,0.39072623682065205,0.1879792369674125,3.0729569587159404,127.0941241022811,0,0,0,0,0,56331,108,0,0,0,279987,2,0,0,0,0,0,0,0,0,0,0,0.0,0.0,0.0,0.0,0.0,2.0000471345556896,191187,105842,4,1.8063434175469095,0.12099554716236023,0.06698368980505229,0.035653078634733146,0.0,0.0,0.17719395284903133,0.029408600381237833,0.33491781616033256,0.0,0.0,0.0,0.0,0.0,139751.0,-19808.0,5200445440.0,179874.0,1.35,396.0,8192.0,631.0,0.63,5,0.009000000000000001,0.2727272727272727,0.439358956545867,0.0,0.17719395284903133,5,ssdp
1910774,243332465,537868,1312594,60312,351452,646509,74950,1031134,339251,0.40977484279221144,0.18393174703026102,3.0394427724605086,127.3475905575437,0,0,0,0,0,74800,108,0,0,0,339251,5,0,0,0,0,0,0,0,0,0,0,0.0,0.0,0.0,0.0,0.0,1.997544645394505,222144,129303,4,1.7180111830351965,0.11625864701948006,0.06767048327013032,0.039224942353203465,0.0,0.0,0.17754637649455143,0.03156417242436835,0.33834927626187083,0.0,0.0,0.0,0.0,0.0,119305.0,-60529.0,5203868672.0,179879.0,1.35,382.0,9632.0,656.0,0.58,5,0.009000000000000001,0.2727272727272727,0.43811253826700036,0.0,0.17754637649455143,5,ssdp
1803839,215161592,468359,1249241,51542,315251,568677,63701,978519,319649,0.3749148482958853,0.17476670589781018,3.0612296612847216,119.27982042743282,0,0,0,0,0,63700,108,0,0,0,299956,10,0,0,0,0,0,0,0,0,0,0,0.0,0.0,0.0,0.0,0.0,1.9999936558689557,201521,113734,4,1.771862415812334,0.11171784178077977,0.06305108160983325,0.035314127258585716,0.0,0.0,0.1662875677929128,0.028573503511122665,0.3152592886615712,0.0,0.0,0.0,0.0,0.0,159785.0,20521.0,5053950464.0,180085.0,1.46,339.0,11296.0,683.0,0.5,5,0.008,0.2727272727272727,0.4388886114873704,0.0,0.1662875677929128,5,ssdp
2027021,272295213,597927,1396763,67187,395307,719442,81490,1098817,359457,0.4280804975504076,0.1950186998556009,3.0568802388046414,134.33270449590805,0,0,0,0,0,81640,108,0,0,0,379339,9,0,0,0,0,0,0,0,0,0,0,0.0,0.0,0.0,0.0,0.0,1.9998431721716607,251422,143888,4,1.7473451573446013,0.1240352221313938,0.07098495772860765,0.040201852866842525,0.0,0.0,0.18714112976629252,0.033145685219837386,0.3549257753126386,0.0,0.0,0.0,0.0,0.0,179756.0,40298.0,5077833728.0,180693.0,1.56,309.0,12704.0,706.0,0.44,5,0.008,0.2727272727272727,0.4386067990172663,0.0,0.18714112976629252,5,ssdp
1913779,228868973,501521,1318529,57774,331836,606991,68158,1035810,339911,0.3803640268814717,0.17339306158130066,3.0472976749796272,119.59007440253028,0,0,0,0,0,67927,108,0,0,0,319165,5,0,0,0,0,0,0,0,0,0,0,0.0,0.0,0.0,0.0,0.0,1.9999035714716198,210438,121397,4,1.7334695256060693,0.10995940492606512,0.06343313412886233,0.035614352545408845,0.0,0.0,0.1667721299063267,0.030188438685971576,0.31716880580255086,0.0,0.0,0.0,0.0,0.0,118999.0,-20114.0,5248279552.0,180702.0,1.34,346.0,14208.0,729.0,0.47,5,0.009000000000000001,0.2727272727272727,0.43835747086285787,0.0,0.1667721299063267,5,ssdp
1594572,217134339,470724,1106961,51568,316226,586222,64134,861142,281956,0.4252399136012922,0.19831403034795544,3.054171572869526,136.1709217269587,0,0,0,0,0,64166,108,0,0,0,301724,4,0,0,0,0,0,0,0,0,0,0,0.0,0.0,0.0,0.0,0.0,1.9982811897705515,198980,117241,4,1.6971878438430241,0.12478583594845513,0.07352505876184957,0.04022019701838487,0.0,0.0,0.18921942690577784,0.03233971247456998,0.36763595497726037,0.0,0.0,0.0,0.0,0.0,98903.0,-459.0,5401664512.0,180304.0,1.34,299.0,15712.0,754.0,0.4,5,0.008,0.2727272727272727,0.4372017222829048,0.0,0.18921942690577784,5,ssdp
2139731,272533959,590062,1486898,63570,397146,736672,79717,1154880,379271,0.39684093999722914,0.1856055737847421,3.0449994858557603,127.36832760753572,0,0,0,0,0,84029,108,0,0,0,399039,4,0,0,0,0,0,0,0,0,0,0,0.0,0.0,0.0,0.0,0.0,1.9983294672912715,249811,147338,4,1.695496070260218,0.11674878758124269,0.06885818824889671,0.03725561764539561,0.0,0.0,0.18649026443043543,0.029709341968686718,0.34428252897209977,0.0,0.0,0.0,0.0,0.0,139377.0,101.0,5585190400.0,180283.0,1.34,281.0,1888.0,776.0,0.36,5,0.008,0.2727272727272727,0.43889369140002626,0.0,0.18649026443043543,5,ssdp
1576271,256965382,441668,1086451,48152,292070,680117,78614,854343,279690,0.4065236260079838,0.1852917423463351,3.0546068861954305,163.02106807776073,0,0,0,0,0,78746,108,0,0,0,358678,5,0,0,0,0,0,0,0,0,0,0,0.0,0.0,0.0,0.0,0.0,2.000068479079641,239115,136019,4,1.7579529330461185,0.15169663084583807,0.08629163386245131,0.04987340374846711,0.0,0.0,0.22754843551648163,0.030548046623962506,0.43147212630315473,0.0,0.0,0.0,0.0,0.0,158873.0,-884.0,4905418240.0,180279.0,1.45,290.0,3488.0,805.0,0.36,5,0.008,0.18181818181818182,0.42923614812208444,0.0,0.22754843551648163,5,ssdp
1584604,202239330,494378,1106099,53604,335259,560195,57541,852826,279890,0.4469563755143075,0.2115727336293484,3.0470041802136554,127.62767858720538,0,0,0,0,0,61977,108,0,0,0,299589,4,0,0,0,0,0,0,0,0,0,0,0.0,0.0,0.0,0.0,0.0,1.9986109951951165,181971,112041,4,1.6241465177925938,0.1148368930029206,0.07070599342170031,0.0363125424396253,0.0,0.0,0.18906237772970408,0.0338280100264798,0.3535236563835507,0.0,0.0,0.0,0.0,0.0,159291.0,-20465.0,4903282688.0,180472.0,1.45,290.0,5280.0,830.0,0.35,5,0.008,0.2727272727272727,0.4414619002660232,0.0,0.18906237772970408,5,ssdp
1694934,215333454,479851,1162035,53048,310892,573369,69450,913629,300127,0.41294022985538303,0.1834242513277803,3.0441413135106137,127.0453327386199,0,0,0,0,0,69438,108,0,0,0,300127,5,0,0,0,0,0,0,0,0,0,0,0.0,0.0,0.0,0.0,0.0,1.9995883661997196,196216,114666,4,1.7111959953255542,0.11576615962627454,0.06765219176675906,0.04097504681598221,0.0,0.0,0.1770729715729344,0.03129797384440928,0.33828396857930754,0.0,0.0,0.0,0.0,0.0,120289.0,241.0,5181576704.0,180672.0,1.34,314.0,6656.0,850.0,0.37,5,0.009000000000000001,0.2727272727272727,0.437947582312593,0.0,0.1770729715729344,5,ssdp
1798659,214810004,466939,1244697,52660,315151,559378,61285,979031,319862,0.375142705413446,0.1752144236344966,3.060791841481639,119.42786487043959,0,0,0,0,0,61380,108,0,0,0,299885,7,0,0,0,0,0,0,0,0,0,0,0.0,0.0,0.0,0.0,0.0,2.001225560233428,203274,111870,4,1.8170555108608206,0.1130141955757039,0.06219633627052154,0.0340726063139261,0.0,0.0,0.16672698938486952,0.02927736719411517,0.31099724850569227,0.0,0.0,0.0,0.0,0.0,119749.0,228.0,5043109888.0,180677.0,1.34,259.0,8192.0,878.0,0.29,5,0.008,0.2727272727272727,0.43991115044089685,0.0,0.16672698938486952,5,ssdp
1586825,201332702,449192,1090020,47613,290208,548574,67769,850887,279808,0.4120951909139282,0.18288595150693995,3.040967377630375,126.8776972886109,0,0,0,0,0,67770,108,0,0,0,279808,7,0,0,0,0,0,0,0,0,0,0,0.0,0.0,0.0,0.0,0.0,1.999903522131334,180490,109721,4,1.6449904758432752,0.11374285129110015,0.06914499078348274,0.04270729286468262,0.0,0.0,0.17633198367809935,0.030005199061018072,0.34570541805177,0.0,0.0,0.0,0.0,0.0,139322.0,-198.0,5041360896.0,180678.0,1.34,252.0,9952.0,898.0,0.28,5,0.008,0.2727272727272727,0.4362557534376541,0.0,0.17633198367809935,5,ssdp
1918899,243468732,529978,1331265,56397,355825,650364,73145,1039147,339758,0.39810105426042147,0.1854318544123479,3.0584916322794458,126.87938864942866,0,0,0,0,0,73289,108,0,0,0,319705,7,0,0,0,0,0,0,0,0,0,0,0.0,0.0,0.0,0.0,0.0,2.0005116182316,226462,130071,4,1.741064495544741,0.11801663349660405,0.06778418249214783,0.03811821257919255,0.0,0.0,0.16660856042970473,0.029390290994992442,0.3389256026502698,0.0,0.0,0.0,0.0,0.0,159596.0,756.0,5041564160.0,180881.0,1.45,246.0,11424.0,923.0,0.27,5,0.008,0.18181818181818182,0.43596152822327006,0.0,0.16660856042970473,5,ssdp
1691837,201010876,437964,1171708,48576,293535,532958,59531,917717,299452,0.37378254650476056,0.17350075686960387,3.064654769378732,118.81219999326176,0,0,0,0,0,59532,108,0,0,0,279689,4,0,0,0,0,0,0,0,0,0,0,0.0,0.0,0.0,0.0,0.0,1.9999795597162888,186947,106596,4,1.7537900108822095,0.11049941572385519,0.0630060697336682,0.03518719592963152,0.0,0.0,0.16531675332789153,0.028711985847336356,0.3150173450515623,0.0,0.0,0.0,0.0,0.0,159562.0,317.0,5139532800.0,181286.0,1.45,262.0,12864.0,947.0,0.28,5,0.009000000000000001,0.2727272727272727,0.4385189474633612,0.0,0.16531675332789153,5,ssdp
1695815,215515544,468212,1177121,50482,316334,570675,63483,920547,300031,0.39776029821912956,0.18653803628343893,3.068172955461269,127.08670698159882,0,0,0,0,0,63438,108,0,0,0,300031,8,0,0,0,0,0,0,0,0,0,0,0.0,0.0,0.0,0.0,0.0,1.999582806573957,202194,114135,4,1.7715337100801682,0.11923116613545699,0.06730392171315858,0.03743509757845048,0.0,0.0,0.17692436969834563,0.029768577350713372,0.3365196085657928,0.0,0.0,0.0,0.0,0.0,139335.0,19963.0,4818753024.0,181483.0,1.45,277.0,14496.0,973.0,0.28,5,0.009000000000000001,0.2727272727272727,0.4387756361217476,0.0,0.17692436969834563,5,ssdp
2040300,245296594,538137,1405677,61361,355628,649659,72977,1105406,362151,0.38283119094927215,0.1743018183600451,3.0523345234446406,120.2257481742881,0,0,0,0,0,77103,108,0,0,0,361633,6,0,0,0,0,0,0,0,0,0,0,0.0,0.0,0.0,0.0,0.0,2.0000337436941473,225693,129929,4,1.737048695826182,0.11061755624172916,0.0636813213743077,0.035767779248149785,0.0,0.0,0.17724501298828604,0.030074498848208595,0.3184134686075577,0.0,0.0,0.0,0.0,0.0,119184.0,-168.0,4961198080.0,181284.0,1.34,263.0,15680.0,996.0,0.26,5,0.009000000000000001,0.2727272727272727,0.44022731242087304,0.0,0.17724501298828604,5,ssdp
1687952,200846750,441533,1161231,50263,290605,532499,60167,913932,299751,0.3802283955560952,0.17216425585561676,3.048970645635878,118.98842502630407,0,0,0,0,0,60168,108,0,0,0,279781,4,0,0,0,0,0,0,0,0,0,0,0.0,0.0,0.0,0.0,0.0,1.999979353631008,184107,106501,4,1.7286879935399668,0.10907122951363546,0.06309480364370551,0.035644970947041145,0.0,0.0,0.16575175123463226,0.029777505521484022,0.3154704636150791,0.0,0.0,0.0,0.0,0.0,139115.0,19997.0,4822296576.0,181060.0,1.45,230.0,1952.0,1024.0,0.22,5,0.008,0.2727272727272727,0.43827735219907776,0.0,0.16575175123463226,5,ssdp
1583130,215597278,468314,1097816,51240,313822,581372,63922,855398,279654,0.4265869690367056,0.19822882517544357,3.0587726261737718,136.1841908118727,0,0,0,0,0,63973,108,0,0,0,299497,6,0,0,0,0,0,0,0,0,0,0,0.0,0.0,0.0,0.0,0.0,1.9981153579228188,197550,116282,4,1.6988871880428613,0.12478444600253927,0.0734506957735625,0.040376974727280766,0.0,0.0,0.1891802947325867,0.03236626177256448,0.3672294757853114,0.0,0.0,0.0,0.0,0.0,158973.0,-684.0,4957437440.0,181255.0,1.44,231.0,3488.0,1047.0,0.22,5,0.008,0.2727272727272727,0.43725462922960107,0.0,0.1891802947325867,5,ssdp
1698232,216037876,471714,1175481,51037,314387,580782,65734,917371,300047,0.4012944488256297,0.18512606051469999,3.057424336853893,127.21340547110171,0,0,0,0,0,65600,108,0,0,0,300050,3,0,0,0,0,0,0,0,0,0,0,0.0,0.0,0.0,0.0,0.0,1.9997392089762998,198233,116152,4,1.7066688477167848,0.11672904526590007,0.06839583755340849,0.03870731443053717,0.0,0.0,0.1766837511011452,0.030053019846522738,0.3419921424163483,0.0,0.0,0.0,0.0,0.0,119721.0,-20088.0,5099043328.0,181043.0,1.34,213.0,5184.0,1070.0,0.2,5,0.008,0.2727272727272727,0.4374432695794501,0.0,0.1766837511011452,5,ssdp
1985305,237943626,525520,1364806,60191,345561,622800,72578,1075972,351831,0.38505106220224705,0.1740594014521698,3.058206923210291,119.85242872002036,0,0,0,0,0,72528,108,0,0,0,331654,8,0,0,0,0,0,0,0,0,0,0,0.0,0.0,0.0,0.0,0.0,1.9981900923457676,220988,124560,4,1.7741490044958252,0.11131186392015333,0.0627409894197617,0.036557607017561534,0.0,0.0,0.1670544324423703,0.03031826344063003,0.3137049470988085,0.0,0.0,0.0,0.0,0.0,-159319.0,-20204.0,4962292224.0,180637.0,0.57,211.0,5984.0,1083.0,0.19,5,0.008,0.2727272727272727,0.4392357201968079,0.0,0.1670544324423703,5,ssdp
1692077,201599534,427960,1185806,44233,295345,559596,57241,910822,299080,0.3609022049137886,0.17454583922599268,3.0454125986358167,119.14323875331914,0,0,0,0,0,57254,108,0,0,0,279552,4,0,0,0,0,0,0,0,0,0,0,0.0,0.0,0.0,0.0,0.0,1.9998578035386605,183439,111924,4,1.6389603659626175,0.10841055105648266,0.0661459259832738,0.03382883875851986,0.0,0.0,0.16521233962757015,0.02614124534521774,0.330715446164684,0.0,0.0,0.0,0.0,0.0,-19965.0,139008.0,5051309056.0,179242.0,1.35,6223.0,8544.0,1112.0,5.6,5,0.006999999999999999,0.18181818181818182,0.4354288792258169,0.0,0.16521233962757015,5,ssdp
1695735,215898592,467335,1177681,50719,314666,584382,63748,915627,299723,0.3968264750811128,0.1855631923620141,3.0549107008804794,127.31859164315179,0,0,0,0,0,63830,108,0,0,0,299725,2,0,0,0,0,0,0,0,0,0,0,0.0,0.0,0.0,0.0,0.0,2.0001779823161856,197768,116863,4,1.6923063758417975,0.11662671349002054,0.068915838854538,0.037593138078768205,0.0,0.0,0.1767522637676288,0.029909744152240767,0.3446187051632478,0.0,0.0,0.0,0.0,0.0,-13.0,119708.0,5047497216.0,179240.0,1.35,4177.0,9952.0,1133.0,3.69,5,0.008,0.2727272727272727,0.4370214454754178,0.0,0.1767522637676288,5,ssdp
1581209,200893651,447085,1084972,49152,290229,535694,64776,852678,279799,0.41207054191260234,0.1835487908303077,3.0474662168199314,127.0506624993913,0,0,0,0,0,64758,108,0,0,0,279799,7,0,0,0,0,0,0,0,0,0,0,0.0,0.0,0.0,0.0,0.0,1.9999104195809014,183094,107145,4,1.708843156470204,0.11579367433400645,0.06776144077095438,0.04096612149311065,0.0,0.0,0.17695257236709377,0.03108507477506136,0.3387875986033472,0.0,0.0,0.0,0.0,0.0,159283.0,139830.0,4922483200.0,179040.0,1.46,3652.0,11552.0,1156.0,3.16,5,0.01,0.2727272727272727,0.4378480753813326,0.0,0.17695257236709377,5,ssdp
1689366,229239688,474774,1161314,52773,311017,610062,71240,912582,299223,0.40882483118260865,0.1841027935923891,3.049839083225554,135.69569175655246,0,0,0,0,0,66778,108,0,0,0,299866,8,0,0,0,0,0,0,0,0,0,0,0.0,0.0,0.0,0.0,0.0,1.9999421270247504,209899,122011,4,1.7203284949717648,0.12424720279678886,0.07222295227913904,0.0421696660167187,0.0,0.0,0.17750209250097373,0.031238346219824478,0.3611189049619798,0.0,0.0,0.0,0.0,0.0,139147.0,139264.0,5047763968.0,178833.0,1.35,2109.0,13152.0,1180.0,1.79,5,0.008,0.18181818181818182,0.4336595685053429,0.0,0.17750209250097373,5,ssdp
1804416,229405883,496160,1254036,54220,337412,604335,65680,980647,320160,0.3956505235894344,0.1869923565297581,3.062990379810095,127.1358062664042,0,0,0,0,0,65934,108,0,0,0,320160,10,0,0,0,0,0,0,0,0,0,0,0.0,0.0,0.0,0.0,0.0,1.9994074284766172,216559,120891,4,1.79135750386712,0.12001611601759239,0.06699729995743775,0.036399588564942895,0.0,0.0,0.17743136837625026,0.030048503227637087,0.3349199962758034,0.0,0.0,0.0,0.0,0.0,119250.0,139269.0,5014003200.0,180029.0,1.35,1831.0,14432.0,1202.0,1.52,5,0.008,0.2727272727272727,0.43924870712609787,0.0,0.17743136837625026,5,ssdp
1695683,215094451,475739,1169021,50923,313204,573073,68677,916015,299824,0.40695505042253305,0.1847066934090865,3.0551757030791395,126.84826763021154,0,0,0,0,0,68616,108,0,0,0,299824,2,0,0,0,0,0,0,0,0,0,0,0.0,0.0,0.0,0.0,0.0,2.0013930335542165,198582,114603,4,1.7327818643491009,0.11711033253267268,0.06758515595190846,0.04050108422387911,0.0,0.0,0.1768160676258475,0.030030966872935567,0.33795998426592705,0.0,0.0,0.0,0.0,0.0,139268.0,260.0,4970997248.0,179834.0,1.35,1638.0,16000.0,1228.0,1.33,5,0.009000000000000001,0.2727272727272727,0.4381779573341564,0.0,0.1768160676258475,5,ssdp
1694968,215900891,505187,1167295,57521,333377,571978,64365,916835,301223,0.43278434328939985,0.19668630912206012,3.0437084817560414,127.37756170027988,0,0,0,0,0,64452,108,0,0,0,301223,4,0,0,0,0,0,0,0,0,0,0,0.0,0.0,0.0,0.0,0.0,1.9991424802110818,198425,114383,4,1.7347420508292317,0.11706710687163416,0.06748386990196865,0.03797416824388425,0.0,0.0,0.17771603947685147,0.033936333901288994,0.3374565183531488,0.0,0.0,0.0,0.0,0.0,141548.0,2018.0,4970407936.0,179834.0,1.36,1260.0,1024.0,1255.0,1.0,5,0.008,0.18181818181818182,0.4402549494531012,0.0,0.17771603947685147,5,ssdp
1572649,199979845,436214,1088713,47722,292206,530223,59108,851954,279552,0.4006694142533432,0.1858049698311575,3.0475689674908426,127.16114339563373,0,0,0,0,0,59117,108,0,0,0,279552,7,0,0,0,0,0,0,0,0,0,0,0.0,0.0,0.0,0.0,0.0,2.000109517779527,186155,106054,4,1.7552850434684217,0.11837034201528758,0.06743653542526018,0.03758499194670902,0.0,0.0,0.1777586734229952,0.03034497844083454,0.33715279124585334,0.0,0.0,0.0,0.0,0.0,139062.0,-20217.0,4939701248.0,179858.0,1.35,1146.0,2752.0,1274.0,0.9,5,0.008,0.2727272727272727,0.4386955511717879,0.0,0.1777586734229952,5,ssdp
1693364,215381487,469319,1172857,51599,314858,570291,63502,918284,300185,0.40015023144338996,0.18593639642746626,3.0590602461815215,127.19148806753894,0,0,0,0,0,63517,108,0,0,0,300307,5,0,0,0,0,0,0,0,0,0,0,0.0,0.0,0.0,0.0,0.0,1.999936481319156,200794,114053,4,1.7605323840670566,0.11857698640103369,0.06735291408108357,0.03750050195941333,0.0,0.0,0.17734344181168374,0.03047129855128608,0.336779924458061,0.0,0.0,0.0,0.0,0.0,139743.0,479.0,4881443840.0,179857.0,1.35,1025.0,4480.0,1300.0,0.79,5,0.008,0.2727272727272727,0.4387089361237386,0.0,0.17734344181168374,5,ssdp
1801792,201171674,442327,1241764,50202,290960,533421,60338,975987,319170,0.35620858713894105,0.1614836784712109,3.0578907792085723,111.6508864508223,0,0,0,0,0,60341,108,0,0,0,279809,5,0,0,0,0,0,0,0,0,0,0,0.0,0.0,0.0,0.0,0.0,1.9998625335074576,184284,106689,4,1.7273008463852881,0.10227817639327957,0.05921271711718112,0.033487772173480625,0.0,0.0,0.15529483980392852,0.027862261570702946,0.2960502655134444,0.0,0.0,0.0,0.0,0.0,159458.0,19882.0,4773559808.0,179855.0,1.46,927.0,6080.0,1323.0,0.7,5,0.008,0.2727272727272727,0.43820614565796645,0.0,0.15529483980392852,5,ssdp
1690452,229547923,474871,1163916,52498,312158,612432,71377,912686,299601,0.407994219514123,0.1846594875216806,3.0463382966011463,135.79085534519763,0,0,0,0,0,66925,108,0,0,0,299793,7,0,0,0,0,0,0,0,0,0,0,0.0,0.0,0.0,0.0,0.0,1.9992442582843382,210219,122487,4,1.7162556026353817,0.12435668093503986,0.07245813545726232,0.04222361829853791,0.0,0.0,0.17734487580836367,0.03105559933082986,0.36228890261302893,0.0,0.0,0.0,0.0,0.0,139286.0,252.0,4929034752.0,179449.0,1.35,898.0,7360.0,1343.0,0.67,5,0.008,0.18181818181818182,0.43349787524336186,0.0,0.17734487580836367,5,ssdp
1582454,201755406,430104,1106124,46226,295419,549725,56338,855528,279891,0.388838864358788,0.18668409950620998,3.0566470518880564,127.49527379626832,0,0,0,0,0,56336,108,0,0,0,279892,2,0,0,0,0,0,0,0,0,0,0,0.0,0.0,0.0,0.0,0.0,1.9999796900704754,185475,109942,4,1.6870258863764531,0.11720719843989146,0.06947563720651595,0.03560166677830762,0.0,0.0,0.1768721239290368,0.02921159161656516,0.34738766498109896,0.0,0.0,0.0,0.0,0.0,119746.0,-2005.0,4933250560.0,179048.0,1.35,755.0,8928.0,1364.0,0.55,5,0.008,0.18181818181818182,0.4366987157228416,0.0,0.1768721239290368,5,ssdp
1692721,200855800,440284,1169789,48169,291679,540012,61630,913631,299807,0.3763789880055292,0.1723136890249486,3.047397158838853,118.65853853056706,0,0,0,0,0,61634,108,0,0,0,279632,3,0,0,0,0,0,0,0,0,0,0,0.0,0.0,0.0,0.0,0.0,1.9999657163231441,183682,108009,4,1.7006175411308317,0.10851286183606158,0.06380791636660738,0.0364088352421929,0.0,0.0,0.1651967453585086,0.028456550134369457,0.31902008659430586,0.0,0.0,0.0,0.0,0.0,139434.0,454.0,5059892736.0,179044.0,1.35,786.0,10432.0,1388.0,0.57,5,0.009000000000000001,0.2727272727272727,0.4374547283082797,0.0,0.1651967453585086,5,ssdp
2143733,243980145,532818,1483497,58489,354823,656691,73401,1158662,380166,0.35916351701419014,0.1655164145908096,3.0477791280651085,113.81088269854502,0,0,0,0,0,73503,108,0,0,0,340320,9,0,0,0,0,0,0,0,0,0,0,0.0,0.0,0.0,0.0,0.0,2.0019126392164384,223479,131334,4,1.7016081136643977,0.10424759053482874,0.0612641592959571,0.034239805050349084,0.0,0.0,0.15875111312836065,0.027283714902928677,0.3063305924758354,0.0,0.0,0.0,0.0,0.0,139313.0,-430.0,4907474432.0,178845.0,1.35,752.0,11936.0,1410.0,0.53,5,0.009000000000000001,0.2727272727272727,0.43749296134015786,0.0,0.15875111312836065,5,ssdp
1695842,201732585,440896,1173253,47759,293363,543009,61641,915421,299552,0.3757893651241463,0.1729895827559407,3.0559669105864757,118.95718174216702,0,0,0,0,0,61645,108,0,0,0,299552,6,0,0,0,0,0,0,0,0,0,0,0.0,0.0,0.0,0.0,0.0,2.000225002556847,184755,108605,4,1.7011647714193638,0.10894588057142116,0.06404193315179127,0.03634831546806837,0.0,0.0,0.1766390972743923,0.028162411356718372,0.3202002309177388,0.0,0.0,0.0,0.0,0.0,139300.0,-19840.0,4907640320.0,178451.0,1.36,628.0,13472.0,1434.0,0.44,5,0.008,0.2727272727272727,0.4395326957637631,0.0,0.1766390972743923,5,ssdp
1807646,201148119,443933,1245736,49038,291671,537606,63251,975334,319679,0.3563620221298895,0.16135404830370548,3.0509792635737725,111.27627809869853,0,0,0,0,0,63266,108,0,0,0,279776,7,0,0,0,0,0,0,0,0,0,0,0.0,0.0,0.0,0.0,0.0,1.9998834370971723,184151,107523,4,1.7126661272471937,0.10187337564987835,0.05948233227080966,0.0349908112539734,0.0,0.0,0.15477366696797934,0.027128099196413458,0.2974066825031007,0.0,0.0,0.0,0.0,0.0,139361.0,-159.0,4907944960.0,178049.0,1.36,590.0,15232.0,1465.0,0.4,5,0.008,0.2727272727272727,0.4377666890564447,0.0,0.15477366696797934,5,ssdp
1587037,215998654,473863,1097143,51236,315392,572898,65652,859467,281567,0.43190632397053075,0.19873008631808836,3.0524422251187104,136.10183883551548,0,0,0,0,0,65556,108,0,0,0,281567,3,0,0,0,0,0,0,0,0,0,0,0.0,0.0,0.0,0.0,0.0,2.000888178346212,200810,114568,4,1.7527581872774247,0.12653139151765208,0.07218987332998537,0.041367655574507715,0.0,0.0,0.1774167836036589,0.0322840614301998,0.3609859127417949,0.0,0.0,0.0,0.0,0.0,141512.0,1992.0,4908571136.0,177846.0,1.37,539.0,1024.0,1491.0,0.36,5,0.008,0.18181818181818182,0.4361398938116464,0.0,0.1774167836036589,5,ssdp
1576965,229942769,504578,1085925,56733,332968,609832,68104,853801,280145,0.46465271542694014,0.21114482566195192,3.04771100680005,145.81348920236022,0,0,0,0,0,68046,108,0,0,0,300710,7,0,0,0,0,0,0,0,0,0,0,0.0,0.0,0.0,0.0,0.0,1.9999879869057273,210996,121965,4,1.7299717131964087,0.1337987843737813,0.07734160238179033,0.043186754303361205,0.0,0.0,0.1906890768025923,0.035976067953315385,0.386712450815332,0.0,0.0,0.0,0.0,0.0,139776.0,256.0,4904455680.0,177873.0,1.36,557.0,2784.0,1516.0,0.37,5,0.008,0.18181818181818182,0.43601668617087075,0.0,0.1906890768025923,5,ssdp
1911270,228092879,456604,1335755,48377,318469,597032,63188,1041128,340340,0.3418321473623531,0.16662690253077797,3.059082094376212,119.34100310264903,0,0,0,0,0,63247,108,0,0,0,320255,4,0,0,0,0,0,0,0,0,0,0,0.0,0.0,0.0,0.0,0.0,2.0000314007234725,220092,119403,4,1.8432702695912162,0.1151548446844245,0.062473119967351554,0.033060739717569995,0.0,0.0,0.16756135972416247,0.025311442130101974,0.31237449444610127,0.0,0.0,0.0,0.0,0.0,139519.0,206.0,4910277120.0,177675.0,1.36,529.0,4576.0,1537.0,0.34,5,0.008,0.2727272727272727,0.43823524896857197,0.0,0.16756135972416247,5,ssdp
1905514,228670016,512256,1301441,58939,326430,611609,73330,1024538,339266,0.3936067789473361,0.17130810899316404,3.0198664175013117,120.0043746726605,0,0,0,0,0,69566,108,0,0,0,299616,8,0,0,0,0,0,0,0,0,0,0,0.0,0.0,0.0,0.0,0.0,1.9972711364554143,204110,122301,4,1.6689152173735293,0.10711545546241066,0.06418268246782757,0.03848305496574678,0.0,0.0,0.15723631524092713,0.03093076198862879,0.32096799078883703,0.0,0.0,0.0,0.0,0.0,159101.0,20044.0,4907486208.0,177673.0,1.48,503.0,6048.0,1565.0,0.32,5,0.008,0.18181818181818182,0.4350612598647023,0.0,0.15723631524092713,5,ssdp
1803393,214803716,496286,1253638,53469,336897,569397,62972,979189,319266,0.3958766406251246,0.1868128577631165,3.0670005575288317,119.11087378070116,0,0,0,0,0,62895,108,0,0,0,299512,3,0,0,0,0,0,0,0,0,0,0,0.0,0.0,0.0,0.0,0.0,2.001562527849237,203077,113887,4,1.7831446960583737,0.11260828893092077,0.06315151494987505,0.03491862284039031,0.0,0.0,0.16608249006178907,0.02964911142496394,0.31573650335783715,0.0,0.0,0.0,0.0,0.0,139429.0,159.0,4909892096.0,177872.0,1.36,438.0,7584.0,1587.0,0.28,5,0.008,0.18181818181818182,0.440605221209622,0.0,0.16608249006178907,5,ssdp
1905163,228649665,504016,1308560,57256,330136,604974,68667,1030111,338855,0.3851684294185975,0.17328491052996514,3.0399758008587745,120.01580179753648,0,0,0,0,0,68698,108,0,0,0,319274,1,0,0,0,0,0,0,0,0,0,0,0.0,0.0,0.0,0.0,0.0,2.000254472968306,209140,120998,4,1.7284583216251508,0.10977538404850398,0.06351057626040396,0.03604258533259359,0.0,0.0,0.16758356109162312,0.030053071574453208,0.31754448307047745,0.0,0.0,0.0,0.0,0.0,119501.0,-1992.0,4909713408.0,177869.0,1.36,432.0,9216.0,1609.0,0.27,5,0.008,0.2727272727272727,0.43842531325785256,0.0,0.16758356109162312,5,ssdp
1687371,228877947,501008,1164351,55342,332848,607152,67976,913562,299542,0.4302894917426103,0.19725833856336278,3.049862790526871,135.64174505784442,0,0,0,0,0,67880,108,0,0,0,319362,3,0,0,0,0,0,0,0,0,0,0,0.0,0.0,0.0,0.0,0.0,2.0001562396716563,211421,121434,4,1.741036283083815,0.1252960967090225,0.07196639031961555,0.04028515365026423,0.0,0.0,0.18926602389160416,0.03279776646629579,0.35982128411594133,0.0,0.0,0.0,0.0,0.0,139520.0,-256.0,4909785600.0,177867.0,1.36,426.0,10688.0,1639.0,0.26,5,0.008,0.2727272727272727,0.4384552309045433,0.0,0.18926602389160416,5,ssdp
1688419,214833283,468846,1169377,50196,312744,578375,64221,911731,299939,0.40093656707802533,0.18522890348900362,3.0397214100200376,127.23931855777505,0,0,0,0,0,64163,108,0,0,0,299939,10,0,0,0,0,0,0,0,0,0,0,0.0,0.0,0.0,0.0,0.0,2.000665301944729,197065,115659,4,1.7038449234387294,0.116715696755367,0.06850136133270236,0.038036174669913096,0.0,0.0,0.17764488554085212,0.029729587264772546,0.3425541882672488,0.0,0.0,0.0,0.0,0.0,159679.0,20185.0,4784049664.0,177871.0,1.48,385.0,12288.0,1661.0,0.23,5,0.008,0.2727272727272727,0.43754055697496474,0.0,0.17764488554085212,5,ssdp
1696618,201583982,434218,1180269,46829,294245,547077,58525,916210,300238,0.3678974877760917,0.17343031843349535,3.051612387505912,118.81518526857549,0,0,0,0,0,58515,108,0,0,0,279917,4,0,0,0,0,0,0,0,0,0,0,0.0,0.0,0.0,0.0,0.0,1.9999252351693764,184832,109432,4,1.6890123547042912,0.1089414352553138,0.0645000819276938,0.034495095537121497,0.0,0.0,0.16498528248550942,0.027601381100518796,0.32245148878533647,0.0,0.0,0.0,0.0,0.0,139520.0,-19835.0,4939296768.0,177874.0,1.36,427.0,13888.0,1683.0,0.25,5,0.009000000000000001,0.18181818181818182,0.43690042263239354,0.0,0.16498528248550942,5,ssdp
1697053,258456920,568975,1168007,61882,375110,693255,80614,916402,300032,0.4871332106742511,0.22103611378077173,3.0543475362627985,152.2974945390627,0,0,0,0,0,80545,108,0,0,0,359489,6,0,0,0,0,0,0,0,0,0,0,0.0,0.0,0.0,0.0,0.0,2.0006933703130834,236451,138651,4,1.7053681545751562,0.13933035680087777,0.08170104292558925,0.04750234671515857,0.0,0.0,0.21183133349400401,0.03646438856064012,0.4085052146279462,0.0,0.0,0.0,0.0,0.0,119218.0,-107.0,4939834368.0,177674.0,1.36,378.0,14912.0,1706.0,0.22,5,0.008,0.2727272727272727,0.43755886519618425,0.0,0.21183133349400401,5,ssdp
1594582,202899362,438801,1108328,47453,296736,545195,59305,862742,282368,0.39591258183498024,0.18609014776286198,3.0553816296464187,127.24297778351944,0,0,0,0,0,59298,108,0,0,0,282368,2,0,0,0,0,0,0,0,0,0,0,0.0,0.0,0.0,0.0,0.0,2.000013480086542,187702,109050,4,1.721247134342045,0.1177123534568934,0.06838782828352509,0.037191564936767126,0.0,0.0,0.17707963591712436,0.029758896061789233,0.34190464961977496,0.0,0.0,0.0,0.0,0.0,141957.0,2437.0,4939141120.0,176869.0,1.38,364.0,1120.0,1731.0,0.21,5,0.008,0.2727272727272727,0.43770053242948903,0.0,0.17707963591712436,5,ssdp
1806853,215595674,469019,1251897,50363,313078,585388,64821,972862,320184,0.37464663626480454,0.17327253517580013,3.0384466431801713,119.32109252938673,0,0,0,0,0,64920,108,0,0,0,299645,6,0,0,0,0,0,0,0,0,0,0,0.0,0.0,0.0,0.0,0.0,1.996900154354454,196014,117077,4,1.674231488678391,0.10848364532145116,0.06479608468425489,0.03587508225627652,0.0,0.0,0.1658380620891683,0.02787332450398566,0.32398208376663734,0.0,0.0,0.0,0.0,0.0,139383.0,-25.0,4943503360.0,176290.0,1.38,362.0,2816.0,1755.0,0.21,5,0.008,0.2727272727272727,0.43673495259397765,0.0,0.1658380620891683,5,ssdp
1688533,200358212,446772,1158943,49252,289409,533668,64481,910351,299211,0.3854995457067345,0.1713967094513403,3.042505121803677,118.65815592588359,0,0,0,0,0,64491,108,0,0,0,279946,2,0,0,0,0,0,0,0,0,0,0,0.0,0.0,0.0,0.0,0.0,2.000048375615925,182670,106734,4,1.7114508966215076,0.10818266507080407,0.06321108323023596,0.03818758650260315,0.0,0.0,0.16579243639301097,0.0291685149179791,0.3160542316910596,0.0,0.0,0.0,0.0,0.0,139166.0,-20397.0,4942330880.0,176292.0,1.37,359.0,4608.0,1779.0,0.2,5,0.009000000000000001,0.2727272727272727,0.43802537397397284,0.0,0.16579243639301097,5,ssdp
1585471,201369865,438577,1099601,47293,295602,532064,60289,860997,279906,0.398851037785524,0.18644428059548235,3.0760219502261474,127.00949118589996,0,0,0,0,0,60303,108,0,0,0,279906,5,0,0,0,0,0,0,0,0,0,0,0.0,0.0,0.0,0.0,0.0,2.000040595948524,189183,106408,4,1.777902037440794,0.11932290152263901,0.06711444107145448,0.03802592415755318,0.0,0.0,0.17654438334097564,0.029828990880312538,0.3355873428148481,0.0,0.0,0.0,0.0,0.0,159167.0,19718.0,4942509056.0,176287.0,1.49,309.0,6240.0,1805.0,0.17,5,0.008,0.2727272727272727,0.43886495624129807,0.0,0.17654438334097564,5,ssdp
1679988,214067328,466913,1158275,54800,312439,552214,59880,916068,299524,0.40311066024907727,0.1859769236446927,3.0584126814545747,127.42193872813377,0,0,0,0,0,59885,108,0,0,0,299524,5,0,0,0,0,0,0,0,0,0,0,0.0,0.0,0.0,0.0,0.0,1.9997375832053252,202002,110449,4,1.8289165135039702,0.12024014457246124,0.0657439219803951,0.035643111736512405,0.0,0.0,0.1782893687335862,0.032619280613909146,0.32870115738921946,0.0,0.0,0.0,0.0,0.0,139520.0,107.0,4941508608.0,176283.0,1.38,299.0,7584.0,1824.0,0.16,5,0.008,0.2727272727272727,0.4404167649223135,0.0,0.1782893687335862,5,ssdp
1591596,201639371,437687,1110023,43886,296908,548307,63420,858628,279808,0.3943044423403839,0.18654733990283967,3.068632776761208,126.69004634341881,0,0,0,0,0,63428,108,0,0,0,279808,5,0,0,0,0,0,0,0,0,0,0,0.0,0.0,0.0,0.0,0.0,1.9999865279040787,187243,109662,4,1.70745563641006,0.11764480433476837,0.06890065066763174,0.03984679529227266,0.0,0.0,0.17580340739735462,0.02757358023015891,0.3445013684377191,0.0,0.0,0.0,0.0,0.0,119623.0,-2606.0,4941814272.0,176280.0,1.37,308.0,8832.0,1847.0,0.17,5,0.008,0.18181818181818182,0.4370199970787924,0.0,0.17580340739735462,5,ssdp
1694025,215487555,437815,1172670,49142,293467,571850,63829,917656,299999,0.3733488534711385,0.17323652248343444,3.0588635295450985,127.20447159870722,0,0,0,0,0,59252,108,0,0,0,279808,3,0,0,0,0,0,0,0,0,0,0,0.0,0.0,0.0,0.0,0.0,1.999952295603699,200350,114374,4,1.7517093045622256,0.11826862059296646,0.06751612284352355,0.03767890084266761,0.0,0.0,0.16517347736898805,0.029009016986171986,0.3375688080164106,0.0,0.0,0.0,0.0,0.0,139267.0,-227.0,4940680192.0,176074.0,1.38,316.0,10528.0,1873.0,0.17,5,0.009000000000000001,0.18181818181818182,0.43371750791309566,0.0,0.16517347736898805,5,ssdp
1575986,200824260,441338,1084429,50219,290468,532626,60000,852796,279808,0.40697731248426594,0.18430874385939977,3.0477899130832573,127.4276928855967,0,0,0,0,0,59996,108,0,0,0,279808,5,0,0,0,0,0,0,0,0,0,0,0.0,0.0,0.0,0.0,0.0,2.0000688567710307,183933,106521,4,1.7267299405750978,0.11670979310729918,0.06759006742445682,0.03807140418760065,0.0,0.0,0.1775447243820694,0.031865130781618616,0.33796366211374973,0.0,0.0,0.0,0.0,0.0,139375.0,51.0,5066153472.0,175466.0,1.38,282.0,12096.0,1899.0,0.15,5,0.008,0.2727272727272727,0.43825045640368404,0.0,0.1775447243820694,5,ssdp
1914028,215193848,473030,1317619,54331,311374,570531,64244,1036621,339333,0.35900362699687843,0.1626799607947219,3.0548782464422852,112.42983279241474,0,0,0,0,0,64169,108,0,0,0,299764,4,0,0,0,0,0,0,0,0,0,0,0.0,0.0,0.0,0.0,0.0,2.0007325065861337,197277,114099,4,1.7289985013015012,0.10306902511353021,0.05961198059798498,0.03356481723360369,0.0,0.0,0.15661421880975618,0.028385687147732427,0.2980787114922039,0.0,0.0,0.0,0.0,0.0,139468.0,-19766.0,4908855296.0,175061.0,1.38,265.0,13504.0,1927.0,0.14,5,0.008,0.2727272727272727,0.4382787612237107,0.0,0.15661421880975618,5,ssdp
1916464,229656842,501123,1324346,55526,333543,614886,68098,1035724,340110,0.3783928067136534,0.17404083770944823,3.0452618270559526,119.83363214753838,0,0,0,0,0,68009,108,0,0,0,319787,7,0,0,0,0,0,0,0,0,0,0,0.0,0.0,0.0,0.0,0.0,2.0011219237091877,210563,122975,4,1.7122423256759505,0.10987057414070914,0.06416765459721654,0.03553314854857696,0.0,0.0,0.16686303525659757,0.028973150552267093,0.3208440127234323,0.0,0.0,0.0,0.0,0.0,139667.0,230.0,4909047296.0,175061.0,1.39,266.0,15008.0,1946.0,0.14,5,0.008,0.2727272727272727,0.4377392548382562,0.0,0.16686303525659757,5,ssdp
1817128,231420830,505373,1256715,55040,336084,620551,69500,982161,321488,0.40213811405131633,0.18495339899005464,3.0550471557258745,127.35527161542831,0,0,0,0,0,69442,108,0,0,0,341377,7,0,0,0,0,0,0,0,0,0,0,0.0,0.0,0.0,0.0,0.0,2.0007739154765236,211974,124107,4,1.707993908482197,0.11665331225978577,0.06829843577337424,0.03824716805860677,0.0,0.0,0.18786623727112234,0.030289555826557072,0.3415009839703092,0.0,0.0,0.0,0.0,0.0,161056.0,21738.0,4789371392.0,175262.0,1.51,267.0,1088.0,1970.0,0.14,5,0.008,0.2727272727272727,0.4395265131371912,0.0,0.18786623727112234,5,ssdp
1580313,201217584,431492,1102984,45837,294444,549111,58053,852822,279655,0.3912042241773226,0.18632005178720926,3.04955033881032,127.32767749173739,0,0,0,0,0,58049,108,0,0,0,279655,4,0,0,0,0,0,0,0,0,0,0,0.0,0.0,0.0,0.0,0.0,1.9999592460519613,184624,109820,4,1.681150974321617,0.11682748923789148,0.06949256254931777,0.03673512778797618,0.0,0.0,0.17696177909059788,0.029005013563768698,0.3474697733929924,0.0,0.0,0.0,0.0,0.0,139281.0,53.0,4940031488.0,175282.0,1.38,260.0,2912.0,1988.0,0.13,5,0.008,0.18181818181818182,0.43663870419010636,0.0,0.17696177909059788,5,ssdp
1580900,200970054,438866,1094527,47507,293245,536980,60732,855204,279808,0.40096406941080487,0.18549244101461193,3.056395814272644,127.1238244038206,0,0,0,0,0,60728,108,0,0,0,279808,3,0,0,0,0,0,0,0,0,0,0,0.0,0.0,0.0,0.0,0.0,2.0000886669940523,185850,107394,4,1.7305436057880328,0.11755961793914858,0.06793219052438484,0.03841609209943703,0.0,0.0,0.17699285217281296,0.030050604086279967,0.3396672781327092,0.0,0.0,0.0,0.0,0.0,119723.0,45.0,4937864704.0,174890.0,1.39,253.0,4416.0,2013.0,0.13,5,0.008,0.2727272727272727,0.43801470564447026,0.0,0.17699285217281296,5,ssdp
1689974,229046383,506080,1163171,55167,331105,616502,72160,909897,299608,0.4350865006091108,0.1959231325452344,3.0369582921684333,135.53248925723116,0,0,0,0,0,72114,108,0,0,0,319214,11,0,0,0,0,0,0,0,0,0,0,0.0,0.0,0.0,0.0,0.0,2.0006707070218797,207801,123310,4,1.685191793041927,0.12296106330629938,0.0729656195894138,0.04269888175794421,0.0,0.0,0.18888692962140247,0.0326436974770026,0.3647996951432389,0.0,0.0,0.0,0.0,0.0,139581.0,46.0,5063587328.0,174691.0,1.39,218.0,5888.0,2036.0,0.11,5,0.006999999999999999,0.2727272727272727,0.43727104853903676,0.0,0.18888692962140247,5,ssdp
1696998,244897956,539812,1169421,59184,354700,656130,76900,915475,300207,0.4616062136732622,0.2090161567662425,3.049479192690377,144.31246000289923,0,0,0,0,0,76791,108,0,0,0,340257,4,0,0,0,0,0,0,0,0,0,0,0.0,0.0,0.0,0.0,0.0,1.9998195821070555,223473,131224,4,1.7029887825397794,0.13168725007336485,0.07732713886521964,0.04531531563384282,0.0,0.0,0.20050524514466134,0.034875704037364806,0.38664158708495827,0.0,0.0,0.0,0.0,0.0,139381.0,-230.0,4911582208.0,174688.0,1.39,234.0,7360.0,2059.0,0.11,5,0.008,0.2727272727272727,0.4375321995183167,0.0,0.20050524514466134,5,ssdp
1695217,229327066,565996,1172204,61619,376745,608514,69831,918593,299471,0.4828476954523274,0.2222399846155389,3.0673854897469206,135.2788852400607,0,0,0,0,0,70128,108,0,0,0,319070,3,0,0,0,0,0,0,0,0,0,0,0.0,0.0,0.0,0.0,0.0,1.9994533605060927,213218,121712,4,1.7518239779150782,0.1257762280581188,0.07179729792705004,0.04119295641796891,0.0,0.0,0.18821779158656385,0.036348738834025375,0.35895935446612437,0.0,0.0,0.0,0.0,0.0,139520.0,-21569.0,4910633984.0,174689.0,1.39,201.0,8640.0,2082.0,0.1,5,0.006999999999999999,0.18181818181818182,0.4415710978059207,0.0,0.18821779158656385,5,ssdp
1801848,257115478,559712,1250143,59681,376760,680193,75808,977802,319615,0.4477183810172116,0.20909643876731002,3.05931198473163,142.69543157913432,0,0,0,0,0,71862,108,0,0,0,339300,4,0,0,0,0,0,0,0,0,0,0,0.0,0.0,0.0,0.0,0.0,1.9977835398671184,240726,136041,4,1.7695106622268286,0.1335995045087044,0.07550081915899676,0.042072361264657174,0.0,0.0,0.1883066718169346,0.03312210574920859,0.3774974359657418,0.0,0.0,0.0,0.0,0.0,139264.0,-57.0,4911810048.0,174487.0,1.39,210.0,10752.0,2111.0,0.1,5,0.006999999999999999,0.18181818181818182,0.43687959118088804,0.0,0.1883066718169346,5,ssdp
1802258,229015101,500410,1246636,55215,334559,607667,69224,975177,319086,0.4014082699360519,0.18563324451882027,3.056157274214475,127.07120789587285,0,0,0,0,0,69223,108,0,0,0,319086,3,0,0,0,0,0,0,0,0,0,0,0.0,0.0,0.0,0.0,0.0,1.9978800527896714,213015,121533,4,1.7527338253807607,0.11819339961315195,0.06743374145100202,0.038409595074623055,0.0,0.0,0.1770479032413783,0.030636568127315845,0.33716981697404036,0.0,0.0,0.0,0.0,0.0,159638.0,20350.0,4786534912.0,174284.0,1.51,238.0,12512.0,2137.0,0.11,5,0.009000000000000001,0.2727272727272727,0.4385281181423755,0.0,0.1770479032413783,5,ssdp
1696412,215527493,468842,1177185,50385,316473,569355,63793,921152,300315,0.39827384820567713,0.18655432760437912,3.0672860163494997,127.04902641575278,0,0,0,0,0,63692,108,0,0,0,300315,1,0,0,0,0,0,0,0,0,0,0,0.0,0.0,0.0,0.0,0.0,2.0004108619251095,202600,113866,4,1.7792844220399417,0.11942853504926869,0.06712166619901297,0.0376046620750148,0.0,0.0,0.17702951877256232,0.029700921710056283,0.33562306798112723,0.0,0.0,0.0,0.0,0.0,139776.0,258.0,4941980160.0,174084.0,1.39,201.0,14144.0,2158.0,0.09,5,0.006999999999999999,0.2727272727272727,0.438969029731486,0.0,0.17702951877256232,5,ssdp
1871626,252592269,488495,1294664,54508,326067,672992,75621,1013564,331276,0.3773141139322635,0.17421589569711043,3.059575701227979,134.95873053697693,0,0,0,0,0,75574,108,0,0,0,351434,7,0,0,0,0,0,0,0,0,0,0,0.0,0.0,0.0,0.0,0.0,2.0018356621890425,233687,134598,4,1.7361847872925305,0.12485774401509703,0.07191500866091836,0.04040390548111642,0.0,0.0,0.18776935135545242,0.02912333981254802,0.3595761118941498,0.0,0.0,0.0,0.0,0.0,-139080.0,184.0,4943984128.0,173884.0,0.59,218.0,14944.0,2169.0,0.1,5,0.008,0.18181818181818182,0.43393079493813713,0.0,0.18776935135545242,5,ssdp
1801877,229870694,508704,1233853,59320,329967,609295,69323,973922,320241,0.41228898418207033,0.18312404231809384,3.041215834324774,127.57291091456298,0,0,0,0,0,69471,108,0,0,0,320241,4,0,0,0,0,0,0,0,0,0,0,0.0,0.0,0.0,0.0,0.0,2.000733675715334,208105,121862,4,1.7077103609000344,0.11549345488066055,0.0676305874374333,0.038472659343562296,0.0,0.0,0.17772633759130063,0.03292122603263153,0.3381446125345959,0.0,0.0,0.0,0.0,0.0,-20359.0,139279.0,4949812736.0,172492.0,1.4,6618.0,17184.0,2199.0,3.01,5,0.008,0.2727272727272727,0.43804800446073733,0.0,0.17772633759130063,5,ssdp
1807336,215496261,438582,1247286,49384,292943,570006,63830,979715,320134,0.351629057008577,0.16208552255916997,3.0603278627074912,119.23419939623844,0,0,0,0,0,68203,108,0,0,0,320012,4,0,0,0,0,0,0,0,0,0,0,0.0,0.0,0.0,0.0,0.0,2.000006827290044,199755,114003,4,1.7521907318228467,0.110524551051935,0.0630779224228367,0.03531717400638287,0.0,0.0,0.17706281510466232,0.027324194283741374,0.31538463240924763,0.0,0.0,0.0,0.0,0.0,-183.0,139593.0,4876432384.0,172096.0,1.41,4280.0,2048.0,2226.0,1.92,5,0.009000000000000001,0.18181818181818182,0.43835898945657004,0.0,0.17706281510466232,5,ssdp
1579673,201208261,436671,1095144,47858,292780,542081,59268,853441,279808,0.3987338651355438,0.18534215625638978,3.0500950651875574,127.37336208189923,0,0,0,0,0,59270,108,0,0,0,279808,9,0,0,0,0,0,0,0,0,0,0,0.0,0.0,0.0,0.0,0.0,2.0,184361,108411,4,1.7005746649325253,0.11670833140782934,0.06862876050929528,0.03751915744587646,0.0,0.0,0.17713033013794627,0.030296143568953826,0.34316026164908814,0.0,0.0,0.0,0.0,0.0,139264.0,119031.0,4878056960.0,171708.0,1.41,2795.0,3488.0,2245.0,1.24,5,0.008,0.2727272727272727,0.4373417113712572,0.0,0.17713033013794627,5,ssdp
1697034,201511915,436464,1178031,47383,293704,545062,59461,916896,300303,0.37050298336800985,0.17306901334917274,3.0532362314062795,118.7435932338421,0,0,0,0,0,59456,108,0,0,0,280052,7,0,0,0,0,0,0,0,0,0,0,0.0,0.0,0.0,0.0,0.0,1.9999591433727146,184693,109024,4,1.6940581890226005,0.10883282244197819,0.06424385133120492,0.03503819016000858,0.0,0.0,0.16502438961152222,0.027921066990997234,0.32118507937967067,0.0,0.0,0.0,0.0,0.0,139283.0,139323.0,4877778432.0,171705.0,1.41,2104.0,5056.0,2278.0,0.92,5,0.008,0.2727272727272727,0.43710630675573153,0.0,0.16502438961152222,5,ssdp
2033818,229849887,500410,1409210,55253,335946,611699,68133,1102413,360335,0.3550996657701833,0.16517997185588879,3.059411381075943,113.0139899440363,0,0,0,0,0,68054,108,0,0,0,320290,5,0,0,0,0,0,0,0,0,0,0,0.0,0.0,0.0,0.0,0.0,2.0011794560205867,213608,122340,4,1.74601929050188,0.10502808019203291,0.060152875036016004,0.033500047693549764,0.0,0.0,0.15748213458628058,0.027167130982221614,0.30076388349399996,0.0,0.0,0.0,0.0,0.0,139507.0,139323.0,4875578880.0,173100.0,1.4,1935.0,6496.0,2305.0,0.84,5,0.009000000000000001,0.2727272727272727,0.4383552769495661,0.0,0.15748213458628058,5,ssdp
1924335,230722062,497243,1339487,53004,335864,632816,67566,1036856,340261,0.3712189815951928,0.17453509913814383,3.0472372678620236,119.89703559931093,0,0,0,0,0,67372,108,0,0,0,319984,5,0,0,0,0,0,0,0,0,0,0,0.0,0.0,0.0,0.0,0.0,1.9997737435323397,209309,126561,4,1.6538191069918853,0.10876952297806775,0.06576869412030649,0.03511135015472878,0.0,0.0,0.16628289772830615,0.027544060675506084,0.3288491868619549,0.0,0.0,0.0,0.0,0.0,159714.0,20341.0,4763873280.0,173306.0,1.52,1454.0,8032.0,2324.0,0.63,5,0.008,0.18181818181818182,0.43605160197006765,0.0,0.16628289772830615,5,ssdp
1582126,200895991,449039,1083606,49481,289990,534148,65640,853035,280064,0.4143932388709549,0.18329134342018272,3.0458573754570386,126.97850297637483,0,0,0,0,0,65644,108,0,0,0,280064,3,0,0,0,0,0,0,0,0,0,0,0.0,0.0,0.0,0.0,0.0,1.9999586201188981,183166,106834,4,1.7144916412378082,0.11577206872271867,0.0675255953065685,0.04148847816166348,0.0,0.0,0.17701750682309753,0.03127500590976951,0.3376140711928127,0.0,0.0,0.0,0.0,0.0,159008.0,19570.0,4820020224.0,173505.0,1.51,1377.0,9696.0,2348.0,0.59,5,0.008,0.2727272727272727,0.438043924417493,0.0,0.17701750682309753,5,ssdp
1697970,244183595,541384,1169036,58890,353538,654458,77747,916006,300292,0.46310293267273206,0.20821215922542802,3.050384292621848,143.80913384806564,0,0,0,0,0,72959,108,0,0,0,319873,5,0,0,0,0,0,0,0,0,0,0,0.0,0.0,0.0,0.0,0.0,2.0027644809517064,222631,130885,4,1.700966497306796,0.13111597966984104,0.07708322290735407,0.04578820591647673,0.0,0.0,0.18838554273632632,0.034682591565222,0.38543554950911973,0.0,0.0,0.0,0.0,0.0,119325.0,276.0,4980430848.0,173505.0,1.4,1180.0,11296.0,2377.0,0.5,5,0.008,0.18181818181818182,0.4353533160090326,0.0,0.18838554273632632,5,ssdp
1581207,200919218,440892,1092586,47729,293020,533739,61474,855797,280064,0.40353070604968394,0.1853141302814875,3.0557194069926874,127.06699249370892,0,0,0,0,0,61471,108,0,0,0,280064,7,0,0,0,0,0,0,0,0,0,0,0.0,0.0,0.0,0.0,0.0,1.9999726984820356,186281,106750,4,1.7450210772833723,0.11780936967772088,0.06751171731468429,0.03887789517754475,0.0,0.0,0.17712038967699992,0.03018516867178048,0.33755162986250375,0.0,0.0,0.0,0.0,0.0,120004.0,305.0,4930437632.0,173509.0,1.4,1025.0,12768.0,2396.0,0.43,5,0.008,0.2727272727272727,0.43841630307820795,0.0,0.17712038967699992,5,ssdp
1698242,215745005,468438,1179471,50333,316983,571544,63653,921605,300406,0.39715940451270104,0.1866536100273106,3.067864822939622,127.04020098431201,0,0,0,0,0,63759,108,0,0,0,300406,4,0,0,0,0,0,0,0,0,0,0,0.0,0.0,0.0,0.0,0.0,1.9998296583703985,202671,114310,4,1.7729944886711573,0.11934164859896293,0.06731078373989102,0.037481701665604786,0.0,0.0,0.17689233925435832,0.029638296544308763,0.3365503856340851,0.0,0.0,0.0,0.0,0.0,139436.0,13.0,4929833984.0,173513.0,1.4,1039.0,14400.0,2421.0,0.43,5,0.009000000000000001,0.2727272727272727,0.43878219690291553,0.0,0.17689233925435832,5,ssdp
1713749,203875043,442942,1188258,48874,298647,538796,59440,929931,303659,0.3727658471476733,0.17426530956400266,3.062418699923269,118.96435417321906,0,0,0,0,0,59440,108,0,0,0,303659,5,0,0,0,0,0,0,0,0,0,0,0.0,0.0,0.0,0.0,0.0,1.9999531230119134,190893,107758,4,1.7714972438241243,0.1113891240782635,0.06287851954982906,0.03468419237589635,0.0,0.0,0.17718989186864587,0.02851876208242864,0.31439609884528014,0.0,0.0,0.0,0.0,0.0,139273.0,-20273.0,4922862080.0,173517.0,1.4,923.0,16288.0,2442.0,0.38,5,0.009000000000000001,0.2727272727272727,0.44098757052752907,0.0,0.17718989186864587,5,ssdp
1575563,200313930,436567,1090971,48025,292905,530616,59253,854087,279523,0.40016370737627305,0.18590497492007618,3.055516004049756,127.13800082891005,0,0,0,0,0,59256,108,0,0,0,279523,5,0,0,0,0,0,0,0,0,0,0,0.0,0.0,0.0,0.0,0.0,2.000088769922019,186775,106125,4,1.7599528857479387,0.11854492648024864,0.06735687497104209,0.037607509188778865,0.0,0.0,0.17741150306271472,0.03048116768418654,0.33677866261139666,0.0,0.0,0.0,0.0,0.0,138979.0,-20184.0,4923891200.0,173500.0,1.39,777.0,1984.0,2467.0,0.32,5,0.008,0.2727272727272727,0.4387170618064198,0.0,0.17741150306271472,5,ssdp
1911146,243427332,534898,1315603,60645,352835,644764,72773,1033331,339620,0.4065801005318474,0.18461959473530543,3.0426093869618986,127.37244145659201,0,0,0,0,0,72881,108,0,0,0,339620,4,0,0,0,0,0,0,0,0,0,0,0.0,0.0,0.0,0.0,0.0,1.9968137906835919,223885,128959,4,1.7360944176055957,0.11714698929333499,0.06747731465832542,0.038078200200298666,0.0,0.0,0.1777048953873749,0.03173226953880028,0.3373703526575154,0.0,0.0,0.0,0.0,0.0,139265.0,-125.0,4919433216.0,173497.0,1.4,698.0,3520.0,2498.0,0.28,5,0.008,0.2727272727272727,0.43844728356698637,0.0,0.1777048953873749,5,ssdp
2361419,300661594,598660,1624879,68183,394222,796151,89915,1278274,419023,0.3684335879779356,0.16694284241805457,3.0506058140006633,127.32242520281238,0,0,0,0,0,89988,108,0,0,0,419023,8,0,0,0,0,0,0,0,0,0,0,0.0,0.0,0.0,0.0,0.0,2.000334892783568,276326,159233,4,1.7353563645726702,0.11701692922772282,0.06743106581254746,0.03807668185950905,0.0,0.0,0.17744542582235512,0.02887374074655959,0.33714940042406705,0.0,0.0,0.0,0.0,0.0,139525.0,-142.0,4920577536.0,173296.0,1.4,690.0,5344.0,2529.0,0.27,5,0.008,0.18181818181818182,0.4350108407408193,0.0,0.17744542582235512,5,ssdp
1923246,244970549,532029,1331956,59262,356272,657313,72563,1039128,339777,0.39943436569976787,0.1852451532461266,3.0582646853671673,127.37348680304028,0,0,0,0,0,72842,108,0,0,0,300320,6,0,0,0,0,0,0,0,0,0,0,0.0,0.0,0.0,0.0,0.0,1.9986199855266775,224808,131459,4,1.710099726911052,0.116889883041483,0.06835267043321551,0.03772944282738662,0.0,0.0,0.15615267105716066,0.030813530874365527,0.3417727113432187,0.0,0.0,0.0,0.0,0.0,159758.0,20297.0,4792684032.0,173302.0,1.52,665.0,6688.0,2551.0,0.26,5,0.008,0.18181818181818182,0.43276026801427186,0.0,0.15615267105716066,5,ssdp
1921350,244577751,529426,1334716,57208,356835,660423,71791,1037663,340354,0.39665816548239474,0.18572097743773908,3.048775686491124,127.29474119759544,0,0,0,0,0,71825,108,0,0,0,340354,12,0,0,0,0,0,0,0,0,0,0,0.0,0.0,0.0,0.0,0.0,2.000173764868107,224753,132084,4,1.7015914115259987,0.11697660499128217,0.06874541338121633,0.037364873656543576,0.0,0.0,0.1771431545527884,0.029774897858276732,0.34372862830822076,0.0,0.0,0.0,0.0,0.0,159696.0,20234.0,4942584320.0,173709.0,1.51,624.0,8352.0,2577.0,0.24,5,0.008,0.2727272727272727,0.4372985872541729,0.0,0.1771431545527884,5,ssdp
1583770,201505852,470695,1095337,51743,313575,579798,65271,855271,280063,0.42972619385632,0.19799276410084798,3.053852168976266,127.23176471331064,0,0,0,0,0,61142,108,0,0,0,280063,3,0,0,0,0,0,0,0,0,0,0,0.0,0.0,0.0,0.0,0.0,1.9989609164334572,197612,115955,4,1.7042128411883921,0.12477316782108513,0.0732145450412623,0.04121242352109208,0.0,0.0,0.17683312602208653,0.03267077921667919,0.36608724751700056,0.0,0.0,0.0,0.0,0.0,119145.0,463.0,5070939136.0,173911.0,1.39,572.0,9920.0,2596.0,0.22,5,0.008,0.18181818181818182,0.4349365596850219,0.0,0.17683312602208653,5,ssdp
2147075,258948380,558394,1491425,61261,377012,739131,79805,1158713,380097,0.37440300383861075,0.17559330717371308,3.0484665756372715,120.60518612531001,0,0,0,0,0,80401,108,0,0,0,359934,2,0,0,0,0,0,0,0,0,0,0,0.0,0.0,0.0,0.0,0.0,2.000275891341256,250314,147829,4,1.6932672209106467,0.11658372436919996,0.06885134427069385,0.03716917201308757,0.0,0.0,0.16763923011538953,0.028532305578519615,0.3442502008546511,0.0,0.0,0.0,0.0,0.0,119344.0,361.0,4921772032.0,173913.0,1.4,557.0,11360.0,2621.0,0.21,5,0.008,0.18181818181818182,0.4333269224594052,0.0,0.16763923011538953,5,ssdp
1689558,199392054,441467,1164624,48364,293694,509307,61421,921175,300111,0.3790639725782742,0.17382889489440434,3.0694476377073814,118.01432919142167,0,0,0,0,0,61419,108,0,0,0,279808,8,0,0,0,0,0,0,0,0,0,0,0.0,0.0,0.0,0.0,0.0,2.000081721045212,191830,101862,4,1.8832341795762895,0.11353857044268383,0.060289140710173904,0.03635329476703374,0.0,0.0,0.1656101773363211,0.028625238080018562,0.3014439279385496,0.0,0.0,0.0,0.0,0.0,159408.0,19888.0,4796168192.0,174117.0,1.51,528.0,12512.0,2645.0,0.2,5,0.008,0.2727272727272727,0.44136786191796634,0.0,0.1656101773363211,5,ssdp
1587814,202347947,449112,1089291,49411,288132,562377,66265,848037,279808,0.4122975403266896,0.1814645796044121,3.030781821820677,127.43806705319389,0,0,0,0,0,66263,108,0,0,0,279808,6,0,0,0,0,0,0,0,0,0,0,0.0,0.0,0.0,0.0,0.0,2.0000694150394622,175652,112480,4,1.561628733997155,0.11062504802199753,0.07083953158241456,0.041733477598761566,0.0,0.0,0.17622215196490268,0.031118884201801974,0.35418317258822507,0.0,0.0,0.0,0.0,0.0,139098.0,-20463.0,4942039552.0,174319.0,1.39,488.0,14144.0,2667.0,0.18,5,0.008,0.18181818181818182,0.4342810165299668,0.0,0.17622215196490268,5,ssdp
1589512,201950238,442578,1098232,48702,294793,534455,61135,860973,281871,0.4029913533752431,0.18546132397868026,3.0544930127611565,127.05172279290751,0,0,0,0,0,61142,108,0,0,0,281871,3,0,0,0,0,0,0,0,0,0,0,0.0,0.0,0.0,0.0,0.0,1.9999660784672895,187906,106877,4,1.758151894233558,0.11821615690853544,0.06723887583107269,0.03846149006739175,0.0,0.0,0.17733178484968973,0.030639592529027777,0.3362384178288682,0.0,0.0,0.0,0.0,0.0,119282.0,-20432.0,4942124032.0,174319.0,1.39,493.0,15584.0,2691.0,0.18,5,0.009000000000000001,0.2727272727272727,0.43873239120918034,0.0,0.17733178484968973,5,ssdp
1686380,214820019,464456,1169277,52822,314549,559690,59241,919228,299844,0.39721639953578153,0.1865232035484292,3.065687490828564,127.38529809414248,0,0,0,0,0,59207,108,0,0,0,299746,8,0,0,0,0,0,0,0,0,0,0,0.0,0.0,0.0,0.0,0.0,1.9985196103970366,202626,111948,4,1.8100010719262514,0.12015441359598666,0.06638361460643509,0.03512909308696735,0.0,0.0,0.17774522942634519,0.03132271492783358,0.33188842372419025,0.0,0.0,0.0,0.0,0.0,159140.0,19788.0,4806581760.0,174497.0,1.5,497.0,2080.0,2722.0,0.18,5,0.009000000000000001,0.2727272727272727,0.4398051725063386,0.0,0.17774522942634519,5,ssdp
1699490,258747902,565751,1178434,60033,378895,691124,80326,917221,299998,0.48008713258442987,0.2229462956534019,3.057423716158108,152.25032333229382,0,0,0,0,0,76263,108,0,0,0,340008,3,0,0,0,0,0,0,0,0,0,0,0.0,0.0,0.0,0.0,0.0,1.9992138115891558,240663,138216,4,1.7412094113561383,0.14160895327421755,0.08132792779010174,0.047264767665593795,0.0,0.0,0.20006472529994293,0.03532412664975963,0.40666552907048586,0.0,0.0,0.0,0.0,0.0,159325.0,19548.0,4815443968.0,174891.0,1.5,438.0,3488.0,2743.0,0.16,5,0.008,0.18181818181818182,0.43605252493224483,0.0,0.20006472529994293,5,ssdp
2026680,243870172,502891,1397938,56430,332974,648636,73273,1095064,360176,0.3597376993829483,0.16429530068881126,3.0403580471769356,120.32988532970178,0,0,0,0,0,77721,108,0,0,0,360116,3,0,0,0,0,0,0,0,0,0,0,0.0,0.0,0.0,0.0,0.0,1.9991954561283427,224561,129723,4,1.7310808414853187,0.11080239603686817,0.06400763810764402,0.03615420293287544,0.0,0.0,0.1776876467917974,0.02784356681863935,0.32004855231215584,0.0,0.0,0.0,0.0,0.0,119221.0,-19892.0,4954921984.0,174889.0,1.39,396.0,5184.0,2774.0,0.14,5,0.008,0.18181818181818182,0.4379917176955215,0.0,0.1776876467917974,5,ssdp
2035003,272950234,596092,1407019,66741,397930,723818,81294,1103144,360425,0.42365597053060405,0.19554270927364725,3.0606755913158077,134.1276813842535,0,0,0,0,0,81228,108,0,0,0,380208,8,0,0,0,0,0,0,0,0,0,0,0.0,0.0,0.0,0.0,0.0,2.000050261359067,253166,144764,4,1.748818767096792,0.1244057134068107,0.07113699586683656,0.03994785265672827,0.0,0.0,0.18683412260325907,0.03279651184789408,0.3556839965346488,0.0,0.0,0.0,0.0,0.0,139227.0,19933.0,4957759488.0,174889.0,1.5,404.0,6688.0,2799.0,0.14,5,0.008,0.2727272727272727,0.4384955878523967,0.0,0.18683412260325907,5,ssdp
1912205,214905924,472284,1317011,53468,311111,569496,64208,1035317,339556,0.35860292738633165,0.16269751412636196,3.049031676660109,112.38644601389495,0,0,0,0,0,64191,108,0,0,0,299711,6,0,0,0,0,0,0,0,0,0,0,0.0,0.0,0.0,0.0,0.0,1.999440870442612,197209,113900,4,1.7314223002633888,0.10313172489351298,0.059564743319884636,0.03357798980757816,0.0,0.0,0.15673581022955174,0.027961437189004318,0.2978216247734945,0.0,0.0,0.0,0.0,0.0,139520.0,256.0,5094588416.0,175086.0,1.38,378.0,8480.0,2821.0,0.13,5,0.008,0.2727272727272727,0.43836443726866303,0.0,0.15673581022955174,5,ssdp
1695072,215312495,469449,1173688,51417,312798,576875,63800,916800,299820,0.39997767720211846,0.18453375431840063,3.0578347008204925,127.02262499764022,0,0,0,0,0,63898,108,0,0,0,299823,7,0,0,0,0,0,0,0,0,0,0,0.0,0.0,0.0,0.0,0.0,1.999015823512871,197425,115374,4,1.7111740946833776,0.11646997885635536,0.06806436540748712,0.03763851918974533,0.0,0.0,0.17687921221045477,0.030333224783372033,0.3403247767646448,0.0,0.0,0.0,0.0,0.0,119844.0,-19568.0,4950585344.0,175086.0,1.39,353.0,9856.0,2844.0,0.12,5,0.008,0.2727272727272727,0.43770412590871294,0.0,0.17687921221045477,5,ssdp
2036751,244758077,529666,1413951,57475,356862,660535,72009,1099434,360709,0.37459996845718135,0.17521140286662434,3.0479805050608664,120.17083924348141,0,0,0,0,0,76332,108,0,0,0,360445,6,0,0,0,0,0,0,0,0,0,0,0.0,0.0,0.0,0.0,0.0,1.9993949071350534,224749,132104,4,1.701303518440017,0.11034682197283811,0.06486016209148786,0.03535483718922932,0.0,0.0,0.1769705771594073,0.028218962455400783,0.3243081751279366,0.0,0.0,0.0,0.0,0.0,159849.0,525.0,4815541248.0,175089.0,1.5,382.0,11488.0,2867.0,0.13,5,0.009000000000000001,0.2727272727272727,0.43919567620026273,0.0,0.1769705771594073,5,ssdp
1582289,201278866,439989,1094041,48260,292427,541976,61197,854157,279808,0.4021686572989495,0.18481263536560008,3.052653962717292,127.20739763722051,0,0,0,0,0,61196,108,0,0,0,279808,6,0,0,0,0,0,0,0,0,0,0,0.0,0.0,0.0,0.0,0.0,1.9999931607096448,184028,108400,4,1.6976752767527676,0.11630492280487319,0.0685083445565254,0.03867624688031074,0.0,0.0,0.1768374803844304,0.03050011723522062,0.3425265548834631,0.0,0.0,0.0,0.0,0.0,139520.0,4.0,5094385152.0,175092.0,1.38,359.0,12832.0,2892.0,0.12,5,0.009000000000000001,0.2727272727272727,0.43731646907960087,0.0,0.1768374803844304,5,ssdp
1697092,215681895,475952,1169485,51655,312918,576583,68033,916424,299550,0.4069757200819164,0.18438481826559786,3.0593356701719245,127.08910006057421,0,0,0,0,0,68036,108,0,0,0,299550,4,0,0,0,0,0,0,0,0,0,0,0.0,0.0,0.0,0.0,0.0,1.9997699342395368,197590,115303,4,1.7136587946540853,0.11642857311212357,0.06794151407230722,0.04008798580159473,0.0,0.0,0.17650781454393752,0.0304373599074181,0.3397476389023105,0.0,0.0,0.0,0.0,0.0,119191.0,-19767.0,4953474560.0,175091.0,1.38,328.0,14336.0,2915.0,0.11,5,0.008,0.2727272727272727,0.43771804258270697,0.0,0.17650781454393752,5,ssdp
1698725,215999830,477044,1166171,55510,314710,555962,64399,924875,302047,0.409068652881953,0.18526247626896644,3.062023459925111,127.15408909623395,0,0,0,0,0,64267,108,0,0,0,302047,7,0,0,0,0,0,0,0,0,0,0,0.0,0.0,0.0,0.0,0.0,1.9983998069608397,203519,111197,4,1.830256211948164,0.11980691400903619,0.06545909432074055,0.03791019735389778,0.0,0.0,0.17780806192879955,0.03267744926341815,0.32728193203726325,0.0,0.0,0.0,0.0,0.0,139253.0,-115.0,4953825792.0,175091.0,1.38,318.0,15584.0,2938.0,0.11,5,0.008,0.2727272727272727,0.4404830845470853,0.0,0.17780806192879955,5,ssdp
1592260,202567551,439798,1107573,44889,293345,568786,64003,851538,280064,0.39708263021940765,0.18423184655772298,3.0405121686471666,127.22014683531584,0,0,0,0,0,64004,108,0,0,0,280064,4,0,0,0,0,0,0,0,0,0,0,0.0,0.0,0.0,0.0,0.0,1.9997614015952008,179597,113761,4,1.5787220576471725,0.11279376483740093,0.07144624621607024,0.04019632472083705,0.0,0.0,0.17589087209375354,0.028192003818471856,0.3572192983557962,0.0,0.0,0.0,0.0,0.0,159732.0,20070.0,4955119104.0,175267.0,1.5,317.0,1984.0,2958.0,0.11,5,0.008,0.18181818181818182,0.43412265308273146,0.0,0.17589087209375354,5,ssdp
1581726,200976157,440437,1092593,48697,293030,533748,61341,856211,279808,0.4031116801956447,0.18525964674033302,3.0599947106587373,127.06129696293796,0,0,0,0,0,61345,108,0,0,0,279808,2,0,0,0,0,0,0,0,0,0,0,0.0,0.0,0.0,0.0,0.0,2.0000409522769464,186281,106749,4,1.745037424238166,0.11777071376458376,0.06748893297574927,0.038781053102749784,0.0,0.0,0.1769004239672358,0.030787253923878093,0.33744656154100017,0.0,0.0,0.0,0.0,0.0,159104.0,-659.0,4961044480.0,175667.0,1.49,281.0,3520.0,2987.0,0.09,5,0.008,0.2727272727272727,0.4383850654453226,0.0,0.1769004239672358,5,ssdp
1582001,201066872,435690,1098990,47321,295341,532445,58959,858928,279801,0.39644582753255264,0.18668825114522683,3.069781737735033,127.09655177209117,0,0,0,0,0,58961,108,0,0,0,279801,3,0,0,0,0,0,0,0,0,0,0,0.0,0.0,0.0,0.0,0.0,1.9999525982908297,188849,106491,4,1.7733799100393461,0.11937350229235001,0.06731411674202481,0.03726862372400523,0.0,0.0,0.17686524850489982,0.02991211762824423,0.33656426260160394,0.0,0.0,0.0,0.0,0.0,119228.0,-72.0,4959196160.0,175670.0,1.38,290.0,5056.0,3013.0,0.1,5,0.008,0.2727272727272727,0.4387798979773208,0.0,0.17686524850489982,5,ssdp
1914287,243786626,535886,1317111,60646,353009,647246,72705,1036510,340002,0.40686472134846646,0.18440756271133849,3.0485408909359357,127.35113700296769,0,0,0,0,0,72710,108,0,0,0,359786,10,0,0,0,0,0,0,0,0,0,0,0.0,0.0,0.0,0.0,0.0,2.002944764390479,223561,129452,4,1.7269798844359299,0.11678551857689051,0.06762413368528335,0.03798019837150856,0.0,0.0,0.18794778421417477,0.031680724990557844,0.33811335499849293,0.0,0.0,0.0,0.0,0.0,119775.0,0.0,5092009984.0,175472.0,1.38,265.0,6656.0,3036.0,0.09,5,0.008,0.2727272727272727,0.44006874684056146,0.0,0.18794778421417477,5,ssdp
1792719,228058770,529093,1240308,57147,354047,603044,66932,972030,319368,0.42658194577475916,0.1974916314268996,3.0436048696174947,127.21389687954442,0,0,0,0,0,66852,108,0,0,0,319544,5,0,0,0,0,0,0,0,0,0,0,0.0,0.0,0.0,0.0,0.0,2.0008646656908566,213017,120607,4,1.7662075998905535,0.11882341850563306,0.06727602039137198,0.03733546640605694,0.0,0.0,0.17824544727868674,0.03187727691846854,0.33638512226400236,0.0,0.0,0.0,0.0,0.0,159252.0,19944.0,4816705024.0,175669.0,1.49,298.0,8288.0,3057.0,0.1,5,0.009000000000000001,0.2727272727272727,0.4406582623372325,0.0,0.17824544727868674,5,ssdp
1809324,244126856,530463,1256662,56911,358443,646674,72118,982306,320177,0.42212066570008483,0.19810879643446944,3.068009257379512,134.92710868810673,0,0,0,0,0,72253,108,0,0,0,320214,7,0,0,0,0,0,0,0,0,0,0,0.0,0.0,0.0,0.0,0.0,2.001233871733171,229106,129334,4,1.771429013252509,0.12662519261337382,0.07148194574327207,0.03985908549270335,0.0,0.0,0.17697991072908997,0.03145428900517541,0.35741193948679173,0.0,0.0,0.0,0.0,0.0,139377.0,-20317.0,4958606848.0,175870.0,1.38,267.0,10016.0,3087.0,0.09,5,0.008,0.18181818181818182,0.43662467983944064,0.0,0.17697991072908997,5,ssdp
1689420,200731457,441001,1163412,50637,290287,532349,59932,914416,299863,0.3790583215576253,0.17182642563720094,3.049445913633893,118.81678741816718,0,0,0,0,0,64258,108,0,0,0,279693,3,0,0,0,0,0,0,0,0,0,0,0.0,0.0,0.0,0.0,0.0,2.0000344492596853,183814,106473,4,1.7263907281658262,0.10880302115518936,0.06302340448201157,0.03547489671011353,0.0,0.0,0.16555563447810492,0.029973008488120182,0.3151075517041351,0.0,0.0,0.0,0.0,0.0,119838.0,-19670.0,5093070848.0,175872.0,1.38,267.0,11488.0,3112.0,0.09,5,0.008,0.2727272727272727,0.4382509490952304,0.0,0.16555563447810492,5,ssdp
1693352,201211286,471628,1169125,52599,312953,538349,59878,915370,300251,0.40340254463808406,0.1848127264738814,3.048682602222807,118.82425272477312,0,0,0,0,0,59879,108,0,0,0,279784,6,0,0,0,0,0,0,0,0,0,0,0.0,0.0,0.0,0.0,0.0,1.9984737796623158,184418,107670,4,1.7128076530138385,0.10890706716618873,0.06358394474391621,0.035360633819784666,0.0,0.0,0.16522495027613868,0.031062059158402978,0.3179191331749099,0.0,0.0,0.0,0.0,0.0,159463.0,20166.0,4811290624.0,176075.0,1.49,268.0,12896.0,3135.0,0.09,5,0.009000000000000001,0.18181818181818182,0.43972238783173917,0.0,0.16522495027613868,5,ssdp
1583803,229835368,499603,1098333,54416,334502,657857,73204,855511,279674,0.45487388615292446,0.21120177193754527,3.0589579295894507,145.11613376158525,0,0,0,0,0,68831,108,0,0,0,318513,2,0,0,0,0,0,0,0,0,0,0,0.0,0.0,0.0,0.0,0.0,1.9992349759435795,223715,131568,4,1.7003754712392072,0.14125178447066966,0.08307093748401789,0.04622039483445858,0.0,0.0,0.20110645073913863,0.03435780838904839,0.4153654210782528,0.0,0.0,0.0,0.0,0.0,159351.0,19885.0,4819281408.0,176477.0,1.49,232.0,14240.0,3156.0,0.07,5,0.008,0.18181818181818182,0.4329982525416835,0.0,0.20110645073913863,5,ssdp
1707616,217565937,498531,1189501,53292,338453,591576,62845,922388,301670,0.4191093576213891,0.19820205479452055,3.0576059933039414,127.40916986020277,0,0,0,0,0,62808,108,0,0,0,340920,6,0,0,0,0,0,0,0,0,0,0,0.0,0.0,0.0,0.0,0.0,2.0007389279042824,199341,118318,4,1.6847901418211937,0.1167364325468958,0.06928841144613308,0.03680277064632798,0.0,0.0,0.19964675899031165,0.03120842156550419,0.346433858666117,0.0,0.0,0.0,0.0,0.0,119173.0,-19968.0,4959579648.0,176477.0,1.37,248.0,15744.0,3177.0,0.08,5,0.008,0.2727272727272727,0.4425842126693699,0.0,0.19964675899031165,5,ssdp
1699271,215499408,483899,1162252,53120,311159,571750,71787,916689,300162,0.416346024786363,0.18311322914355627,3.053980850340816,126.81874050695858,0,0,0,0,0,71746,108,0,0,0,300162,5,0,0,0,0,0,0,0,0,0,0,0.0,0.0,0.0,0.0,0.0,2.0007909052328348,196812,114340,4,1.721287388490467,0.11582143166098874,0.06728767806900723,0.042245763036031336,0.0,0.0,0.17664163044034764,0.03126046404605269,0.33646781472760967,0.0,0.0,0.0,0.0,0.0,119379.0,105.0,5098269184.0,176262.0,1.38,235.0,2112.0,3202.0,0.07,5,0.008,0.2727272727272727,0.43816332675629366,0.0,0.17664163044034764,5,ssdp
1583548,201910502,457983,1111312,49503,317841,548503,54358,858187,280061,0.41211019047756164,0.20071447155375144,3.064285994836839,127.50513530376092,0,0,0,0,0,54354,108,0,0,0,280061,5,0,0,0,0,0,0,0,0,0,0,0.0,0.0,0.0,0.0,0.0,2.0000692193940157,187615,109718,4,1.7099746623161196,0.11847762113936552,0.06928618519931193,0.03432671444124207,0.0,0.0,0.1768566535400253,0.03126081432327912,0.34637598607683506,0.0,0.0,0.0,0.0,0.0,158928.0,19408.0,4954678784.0,176459.0,1.48,237.0,3968.0,3233.0,0.07,5,0.008,0.18181818181818182,0.439003409105089,0.0,0.1768566535400253,5,ssdp
1582108,230041066,513147,1080704,56796,331221,617506,74898,850576,279811,0.47482659451616727,0.20935422866201295,3.0398233093052096,145.40161986413065,0,0,0,0,0,74982,108,0,0,0,320324,3,0,0,0,0,0,0,0,0,0,0,0.0,0.0,0.0,0.0,0.0,2.0011902460244575,207710,123490,4,1.6819985423920965,0.13128686537202264,0.07805408985985786,0.047340636669557325,0.0,0.0,0.20246658255947128,0.03589893989538009,0.39030584511297584,0.0,0.0,0.0,0.0,0.0,139399.0,-20094.0,4953141760.0,176654.0,1.37,231.0,5696.0,3259.0,0.07,5,0.008,0.2727272727272727,0.43729396642912205,0.0,0.20246658255947128,5,ssdp
1695197,215383958,473211,1170231,51755,313642,573136,66185,916817,300196,0.4043740082086357,0.18501802445379503,3.0540613465868964,127.05541479839806,0,0,0,0,0,66314,108,0,0,0,300196,4,0,0,0,0,0,0,0,0,0,0,0.0,0.0,0.0,0.0,0.0,2.000574067459305,199004,114627,4,1.7361005696738117,0.11739284578724479,0.06761868974520366,0.039042659938638404,0.0,0.0,0.1770862029604819,0.030530374935774426,0.3380940386279589,0.0,0.0,0.0,0.0,0.0,120111.0,-19671.0,4953888256.0,176654.0,1.37,252.0,7360.0,3286.0,0.08,5,0.009000000000000001,0.2727272727272727,0.43825636154986825,0.0,0.1770862029604819,5,ssdp
1873048,237907027,518656,1297062,57169,347279,632373,71240,1014781,330905,0.3998698597291417,0.18540848926455702,3.0666837914204983,127.01597983607468,0,0,0,0,0,71265,108,0,0,0,330755,3,0,0,0,0,0,0,0,0,0,0,0.0,0.0,0.0,0.0,0.0,2.001077524114644,220805,126475,4,1.745839098636094,0.11788539322003494,0.06752362993366962,0.03803426286993179,0.0,0.0,0.17658650499079576,0.03052190867505798,0.337617081890053,0.0,0.0,0.0,0.0,0.0,-139115.0,19813.0,4955211264.0,176656.0,0.69,211.0,8128.0,3298.0,0.06,5,0.008,0.2727272727272727,0.43831614725366197,0.0,0.17658650499079576,5,ssdp
2133442,270944570,590686,1476718,65631,395830,716690,80354,1155887,377999,0.39999918738716533,0.18553586176704123,3.0579102061116563,126.99879818621739,0,0,0,0,0,80428,108,0,0,0,357934,7,0,0,0,0,0,0,0,0,0,0,0.0,0.0,0.0,0.0,0.0,2.000485174384814,252484,143336,4,1.7614835072835855,0.11834584675843074,0.06718532774736787,0.037664018989032745,0.0,0.0,0.16777301656196889,0.03076296426150793,0.33593132599808195,0.0,0.0,0.0,0.0,0.0,19701.0,159100.0,4739618304.0,175658.0,1.49,6619.0,10176.0,3331.0,1.99,5,0.008,0.18181818181818182,0.4368384321093889,0.0,0.16777301656196889,5,ssdp
2250266,229267492,497619,1561440,53775,336926,607517,67331,1221238,398183,0.318692360897633,0.14972718780801914,3.0670269700112764,101.88461808515082,0,0,0,0,0,67255,108,0,0,0,319741,5,0,0,0,0,0,0,0,0,0,0,0.0,0.0,0.0,0.0,0.0,2.0014732177332646,215422,121502,4,1.7729913910882125,0.09573179348574791,0.05399450553845634,0.029921351520220275,0.0,0.0,0.14209031287856635,0.023897174822887605,0.2699756384356338,0.0,0.0,0.0,0.0,0.0,19828.0,139939.0,4770336768.0,176058.0,1.49,4413.0,11232.0,3350.0,1.32,5,0.009000000000000001,0.2727272727272727,0.43882703833539255,0.0,0.14209031287856635,5,ssdp
1684123,215179998,476416,1152682,55769,308267,570890,64728,909226,299878,0.4133108697802169,0.18304304376818084,3.0319863411120522,127.76976384741495,0,0,0,0,0,64798,108,0,0,0,300078,3,0,0,0,0,0,0,0,0,0,0,0.0,0.0,0.0,0.0,0.0,2.0007723561405557,194090,114179,4,1.6998747580553342,0.11524692673872396,0.06779730459117297,0.03843424737979352,0.0,0.0,0.17818057232161785,0.03311456467253283,0.3389835540515746,0.0,0.0,0.0,0.0,0.0,119537.0,139474.0,4922941440.0,175855.0,1.38,3055.0,12640.0,3372.0,0.91,5,0.009000000000000001,0.2727272727272727,0.43795800932253254,0.0,0.17818057232161785,5,ssdp
1695233,200525360,432438,1181164,45544,296765,530699,58441,921487,299982,0.3661117338489829,0.17505853177704775,3.0718076417918407,118.28778698857325,0,0,0,0,0,58449,108,0,0,0,279738,3,0,0,0,0,0,0,0,0,0,0,0.0,0.0,0.0,0.0,0.0,1.9999797821867586,190623,106140,4,1.7959581684567552,0.11244648965658408,0.06261086234163682,0.03447372721035987,0.0,0.0,0.1650144847345468,0.026865923445331702,0.3130537218187706,0.0,0.0,0.0,0.0,0.0,159492.0,179588.0,4683368448.0,176254.0,1.6,2240.0,14112.0,3392.0,0.66,5,0.008,0.2727272727272727,0.43912474208111596,0.0,0.1650144847345468,5,ssdp
1916938,243954913,535533,1320256,61149,353878,646308,72569,1039009,340201,0.40562815090406706,0.1846058662304154,3.0541033095140815,127.26280818680625,0,0,0,0,0,72588,108,0,0,0,340201,9,0,0,0,0,0,0,0,0,0,0,0.0,0.0,0.0,0.0,0.0,2.0026031498112715,224613,129262,4,1.7376568519750584,0.11717280371091814,0.06743149752365492,0.03785672776062658,0.0,0.0,0.17747105018524334,0.03189931025416576,0.337156444287713,0.0,0.0,0.0,0.0,0.0,139253.0,119535.0,5004871680.0,178048.0,1.36,1884.0,15840.0,3418.0,0.55,5,0.008,0.2727272727272727,0.4384414927106408,0.0,0.17747105018524334,5,ssdp
1819111,203325369,440936,1261073,48749,296003,546954,59804,984607,321407,0.3496514476164346,0.16271849271429836,3.0634273677922383,111.77183195527925,0,0,0,0,0,59805,108,0,0,0,282368,6,0,0,0,0,0,0,0,0,0,0,0.0,0.0,0.0,0.0,0.0,2.000128385318125,186613,109387,4,1.7059888286542277,0.10258472407676057,0.06013211948033957,0.032875399027327085,0.0,0.0,0.1552230732484164,0.026798254751909036,0.30067104206395323,0.0,0.0,0.0,0.0,0.0,101480.0,-17540.0,5003819008.0,178048.0,1.37,1545.0,1088.0,3439.0,0.45,5,0.008,0.2727272727272727,0.4374102075211235,0.0,0.1552230732484164,5,ssdp
1811102,201350539,439377,1253272,47755,292782,542021,60997,977241,320451,0.3505839115531186,0.1616595862629493,3.049580123014127,111.1757035219441,0,0,0,0,0,60994,108,0,0,0,279808,4,0,0,0,0,0,0,0,0,0,0,0.0,0.0,0.0,0.0,0.0,1.9999590147137178,184374,108414,4,1.7006475178482483,0.10180210722532469,0.05986079193772631,0.03367949458396048,0.0,0.0,0.15449599194302696,0.026367924059495267,0.29927690433780096,0.0,0.0,0.0,0.0,0.0,159740.0,178.0,4887925760.0,178273.0,1.47,1259.0,2816.0,3461.0,0.36,5,0.008,0.2727272727272727,0.43734928519054644,0.0,0.15449599194302696,5,ssdp
1580613,215494833,463743,1100938,49677,314687,585849,62020,853500,280065,0.4212253551062821,0.19909174478509287,3.0475068287718923,136.3362398006343,0,0,0,0,0,62104,108,0,0,0,280065,3,0,0,0,0,0,0,0,0,0,0,0.0,0.0,0.0,0.0,0.0,2.000540365286934,197522,117177,4,1.6856721028870854,0.12496544062335309,0.07413389615294826,0.03923794122913073,0.0,0.0,0.1771875848167768,0.03142894560528099,0.37064670479111583,0.0,0.0,0.0,0.0,0.0,139208.0,-173.0,5021570048.0,178478.0,1.36,1146.0,4448.0,3482.0,0.33,5,0.008,0.18181818181818182,0.4343191467270946,0.0,0.1771875848167768,5,ssdp
1808185,229837814,507889,1245120,55176,333035,614891,72126,975299,320462,0.40790365587252636,0.18418192828720512,3.043415443952793,127.1096784897563,0,0,0,0,0,72227,108,0,0,0,320462,4,0,0,0,0,0,0,0,0,0,0,0.0,0.0,0.0,0.0,0.0,1.9999819840378577,210061,122976,4,1.7081463049700754,0.11617229431722971,0.06801074005148809,0.03988861759167342,0.0,0.0,0.17722854685776068,0.030514576771735195,0.3400597837057602,0.0,0.0,0.0,0.0,0.0,119058.0,-40068.0,5020413952.0,178476.0,1.36,1056.0,6016.0,3500.0,0.3,5,0.008,0.2727272727272727,0.43776340937702657,0.0,0.17722854685776068,5,ssdp
1584051,201691826,435694,1101425,46932,294255,546594,59274,855740,279808,0.3955730076945775,0.18576106451118052,3.0583114135407135,127.32659870168321,0,0,0,0,0,59291,108,0,0,0,279808,1,0,0,0,0,0,0,0,0,0,0,0.0,0.0,0.0,0.0,0.0,2.0001971273782737,184930,109307,4,1.691840412782347,0.11674497853920107,0.06900472270147867,0.03741924975900397,0.0,0.0,0.1766407773487091,0.02962783395231593,0.34506085978292367,0.0,0.0,0.0,0.0,0.0,139384.0,36.0,5018124800.0,178275.0,1.36,899.0,7360.0,3528.0,0.25,5,0.008,0.18181818181818182,0.436946999336871,0.0,0.1766407773487091,5,ssdp
1584855,201255636,446476,1089246,49134,291547,536482,64404,855565,279941,0.40989455090952825,0.18395815390051456,3.056233277726378,126.9867817560597,0,0,0,0,0,64405,108,0,0,0,279942,4,0,0,0,0,0,0,0,0,0,0,0.0,0.0,0.0,0.0,0.0,1.9999382622892343,184258,107298,4,1.7172547484575669,0.11626174003299987,0.06770209262046055,0.04063715608052472,0.0,0.0,0.17663571746311177,0.031002205249060638,0.3385054153219064,0.0,0.0,0.0,0.0,0.0,139264.0,-2417.0,5188854784.0,177875.0,1.36,897.0,8896.0,3553.0,0.25,5,0.008,0.2727272727272727,0.4379112811117525,0.0,0.17663571746311177,5,ssdp
1691632,200408335,431955,1177442,46852,297458,520533,56777,922687,299764,0.36685883466022107,0.17584084481731252,3.0780447285197687,118.47040904877656,0,0,0,0,0,56772,108,0,0,0,279914,4,0,0,0,0,0,0,0,0,0,0,0.0,0.0,0.0,0.0,0.0,2.000053790553034,193349,104108,4,1.857196372997272,0.11429731761990787,0.061542936052285606,0.03356344642333557,0.0,0.0,0.1654697948489979,0.027696331116933235,0.3077105422455948,0.0,0.0,0.0,0.0,0.0,139400.0,-20220.0,5182815232.0,177675.0,1.36,896.0,10592.0,3570.0,0.25,5,0.009000000000000001,0.2727272727272727,0.4404193715076011,0.0,0.1654697948489979,5,ssdp
1808235,230032171,509590,1242534,56111,331666,619447,72977,973264,320097,0.41012157413801154,0.1834197435620923,3.040528339846984,127.21364811542747,0,0,0,0,0,73147,108,0,0,0,320097,5,0,0,0,0,0,0,0,0,0,0,0.0,0.0,0.0,0.0,0.0,1.9989874455299939,207774,123891,4,1.6770709736784755,0.11490431276908145,0.0685148777675468,0.040358139290523634,0.0,0.0,0.1770217919684112,0.031030811813729964,0.34256996463402156,0.0,0.0,0.0,0.0,0.0,139445.0,124.0,5036193280.0,177674.0,1.36,699.0,11968.0,3586.0,0.19,5,0.008,0.2727272727272727,0.4371030088746945,0.0,0.1770217919684112,5,ssdp
1696412,244449793,469175,1175351,51617,315463,647765,72791,920354,300168,0.39917862834166135,0.18595895336746027,3.0661296340715865,144.09812769539474,0,0,0,0,0,72711,108,0,0,0,340400,10,0,0,0,0,0,0,0,0,0,0,0.0,0.0,0.0,0.0,0.0,1.9999175848559003,228521,129556,4,1.7638781685140017,0.13470843167815366,0.07637059865174262,0.04290879809857511,0.0,0.0,0.2006588022249312,0.030427160383208796,0.3818441510670757,0.0,0.0,0.0,0.0,0.0,139489.0,-31.0,5255693312.0,177673.0,1.36,671.0,13344.0,3611.0,0.19,5,0.008,0.18181818181818182,0.4343353202358157,0.0,0.2006588022249312,5,ssdp
1583265,201225559,436960,1099147,47158,295483,531778,59324,860090,279808,0.39754464143558593,0.18662889661553814,3.0738577881976212,127.09531190293475,0,0,0,0,0,59325,108,0,0,0,279808,4,0,0,0,0,0,0,0,0,0,0,0.0,0.0,0.0,0.0,0.0,1.9999796944694503,189122,106357,4,1.7781810318079676,0.11945062892187978,0.0671757412688337,0.037469406574389,0.0,0.0,0.17672846933393968,0.02978528547021503,0.3358742851007254,0.0,0.0,0.0,0.0,0.0,159659.0,20373.0,4781334016.0,177875.0,1.48,627.0,15072.0,3638.0,0.17,5,0.008,0.2727272727272727,0.4388753759186146,0.0,0.17672846933393968,5,ssdp
1923713,231142964,540168,1319011,64256,353803,607447,68645,1042328,341617,0.4095250153334582,0.1839167277031449,3.0511596319855276,120.154598944853,0,0,0,0,0,68380,108,0,0,0,322081,7,0,0,0,0,0,0,0,0,0,0,0.0,0.0,0.0,0.0,0.0,1.997803451235488,211597,121488,4,1.7417111155011193,0.10999405836525511,0.06315287155620407,0.03568359729335925,0.0,0.0,0.16742674193083895,0.033402071930688206,0.315767996577452,0.0,0.0,0.0,0.0,0.0,141572.0,2366.0,4937486848.0,178078.0,1.37,589.0,1056.0,3667.0,0.16,5,0.008,0.2727272727272727,0.4404695463921569,0.0,0.16742674193083895,5,ssdp
1807211,244545085,535143,1246536,60528,355422,649080,73198,977876,320360,0.42930408748724463,0.196668789643268,3.052428517917343,135.31628846880636,0,0,0,0,0,73280,108,0,0,0,340537,6,0,0,0,0,0,0,0,0,0,0,0.0,0.0,0.0,0.0,0.0,1.997931364006858,225604,129818,4,1.737848372336656,0.12483545086876961,0.07183333877449838,0.04050329485599634,0.0,0.0,0.18843234132594366,0.03349249202223758,0.35916116048430424,0.0,0.0,0.0,0.0,0.0,119120.0,0.0,5066343424.0,178104.0,1.36,555.0,2976.0,3687.0,0.15,5,0.008,0.2727272727272727,0.4383319621586786,0.0,0.18843234132594366,5,ssdp
2038109,258930660,562266,1410882,63103,376636,696296,76342,1101302,361050,0.3985209252084866,0.18479678957307974,3.050275585099017,127.04455944211031,0,0,0,0,0,76337,108,0,0,0,360099,5,0,0,0,0,0,0,0,0,0,0,0.0,0.0,0.0,0.0,0.0,2.001307154812827,237371,139258,4,1.7045412112769105,0.11646629301965694,0.06832706199717484,0.03745727044039352,0.0,0.0,0.17668289576268983,0.030961543273691446,0.3416382538912296,0.0,0.0,0.0,0.0,0.0,139743.0,310.0,4908130304.0,178108.0,1.36,573.0,4384.0,3713.0,0.15,5,0.009000000000000001,0.2727272727272727,0.43745574523495545,0.0,0.17668289576268983,5,ssdp
1582668,201198647,441127,1093501,48040,292988,536294,61576,855977,280064,0.4034079529876973,0.18512284319895264,3.0563621172303472,127.12624947240988,0,0,0,0,0,61574,108,0,0,0,280064,5,0,0,0,0,0,0,0,0,0,0,0.0,0.0,0.0,0.0,0.0,1.999904437512372,185738,107259,4,1.7316775282260697,0.11735752539382865,0.06777100440521953,0.03890645416473954,0.0,0.0,0.17695688546176455,0.03035380762105508,0.33885439018164265,0.0,0.0,0.0,0.0,0.0,159827.0,20345.0,4784576000.0,178110.0,1.48,513.0,5952.0,3731.0,0.14,5,0.008,0.2727272727272727,0.43810253105558555,0.0,0.17695688546176455,5,ssdp
1584307,216465028,462692,1106880,50360,316167,592788,61334,855086,279808,0.4180145995952587,0.19956170110969654,3.05597409652333,136.63073381611014,0,0,0,0,0,61458,108,0,0,0,299970,4,0,0,0,0,0,0,0,0,0,0,0.0,0.0,0.0,0.0,0.0,1.9997912713472485,197605,118563,4,1.6666666666666667,0.12472645768780924,0.07483587461268555,0.03871345641974693,0.0,0.0,0.18933830375047261,0.03178676859977265,0.374162330911875,0.0,0.0,0.0,0.0,0.0,158910.0,-565.0,4811862528.0,178105.0,1.47,460.0,7776.0,3758.0,0.12,5,0.008,0.18181818181818182,0.4362374823145507,0.0,0.18933830375047261,5,ssdp
1575493,214359580,474481,1082411,52046,310233,572352,67160,849776,279808,0.438355670812658,0.19691169684663784,3.0369967978042087,136.0587320921134,0,0,0,0,0,67133,108,0,0,0,299412,5,0,0,0,0,0,0,0,0,0,0,0.0,0.0,0.0,0.0,0.0,1.9997228274181695,195765,114467,4,1.710230896240838,0.12425634388727846,0.07265471823740252,0.042627926623602895,0.0,0.0,0.19004337055131315,0.03303473896742162,0.3632843814602794,0.0,0.0,0.0,0.0,0.0,119041.0,-2275.0,4957468672.0,178101.0,1.36,452.0,9216.0,3780.0,0.12,5,0.008,0.2727272727272727,0.43791587094219764,0.0,0.19004337055131315,5,ssdp
2024787,243041204,528714,1401645,58678,355569,640188,70715,1099342,359030,0.3772096358207677,0.17560810100025337,3.0619781076790242,120.03297334485059,0,0,0,0,0,70743,108,0,0,0,338825,7,0,0,0,0,0,0,0,0,0,0,0.0,0.0,0.0,0.0,0.0,1.9986453444253955,227529,128036,4,1.7770705114186636,0.1123718198506806,0.06323430563313573,0.034924661211278026,0.0,0.0,0.16733858919481406,0.028979838373122704,0.3161754791985527,0.0,0.0,0.0,0.0,0.0,119353.0,-239.0,4957986816.0,178098.0,1.36,471.0,11072.0,3807.0,0.12,5,0.009000000000000001,0.2727272727272727,0.4390604633101597,0.0,0.16733858919481406,5,ssdp
1584609,216041432,476377,1092421,51459,312064,589710,69157,850103,280002,0.4360745536748195,0.1969343857065055,3.0360604567110236,136.33737533991035,0,0,0,0,0,69301,108,0,0,0,300318,5,0,0,0,0,0,0,0,0,0,0,0.0,0.0,0.0,0.0,0.0,1.9999102788405463,194120,117942,4,1.6458937443828323,0.12250340620304441,0.07442971736245345,0.04364294283321627,0.0,0.0,0.18952183156854466,0.032474257056472604,0.37214858681226726,0.0,0.0,0.0,0.0,0.0,139258.0,-406.0,4956969472.0,177893.0,1.36,401.0,12384.0,3837.0,0.1,5,0.008,0.18181818181818182,0.4362099263553099,0.0,0.18952183156854466,5,ssdp
1810329,200908805,439929,1251694,47569,293418,534039,61171,979457,320210,0.35146689206786963,0.16207993132739962,3.05879579026264,110.97916732262479,0,0,0,0,0,61157,108,0,0,0,299934,3,0,0,0,0,0,0,0,0,0,0,0.0,0.0,0.0,0.0,0.0,2.000054531202072,186611,106810,4,1.7471304185001404,0.10308126312951955,0.05900032535522549,0.03378999065915643,0.0,0.0,0.16567927708167962,0.026276439254964153,0.2949955505325275,0.0,0.0,0.0,0.0,0.0,139513.0,-20314.0,4955903488.0,177693.0,1.36,457.0,13856.0,3866.0,0.12,5,0.009000000000000001,0.2727272727272727,0.4406105588803813,0.0,0.16567927708167962,5,ssdp
1586120,215947477,473948,1095674,51570,314945,574040,66552,858594,279891,0.43256297037257435,0.19856316041661412,3.067601316226674,136.14825927420372,0,0,0,0,0,66793,108,0,0,0,300221,5,0,0,0,0,0,0,0,0,0,0,0.0,0.0,0.0,0.0,0.0,1.999612705789731,200142,114807,4,1.7432909143170712,0.126183390916198,0.07238229137770157,0.041958994275338564,0.0,0.0,0.18928013012886793,0.03251330290268076,0.3619146092351146,0.0,0.0,0.0,0.0,0.0,159110.0,-49.0,4959196672.0,177893.0,1.47,381.0,15168.0,3888.0,0.1,5,0.008,0.2727272727272727,0.43828433885404205,0.0,0.18928013012886793,5,ssdp
1591430,202199465,438227,1105946,47257,297355,534618,59212,864578,281486,0.39624629050604643,0.18684767787461593,3.0714777999616323,127.05520506714088,0,0,0,0,0,59205,108,0,0,0,281486,6,0,0,0,0,0,0,0,0,0,0,0.0,0.0,0.0,0.0,0.0,2.0000739883770984,190429,106920,4,1.781041900486345,0.11965904878002802,0.06718485890048573,0.037206788862846625,0.0,0.0,0.1768761428400872,0.029694677114293435,0.33593560508473513,0.0,0.0,0.0,0.0,0.0,141430.0,2194.0,4954155008.0,177889.0,1.37,411.0,1184.0,3915.0,0.1,5,0.009000000000000001,0.2727272727272727,0.43892711448683264,0.0,0.1768761428400872,5,ssdp
1691640,215153162,468416,1171952,51272,314738,569642,63457,917031,299966,0.3996887244528786,0.18605495259038565,3.057116473200296,127.18614007708496,0,0,0,0,0,63372,108,0,0,0,299966,9,0,0,0,0,0,0,0,0,0,0,0.0,0.0,0.0,0.0,0.0,1.9985014636128697,200811,113936,4,1.7624894677713805,0.11870788110945592,0.06735239176184057,0.037512118417630226,0.0,0.0,0.1773225981887399,0.030309049206687002,0.33673949540091275,0.0,0.0,0.0,0.0,0.0,119659.0,222.0,4953800192.0,177511.0,1.37,385.0,2816.0,3937.0,0.1,5,0.009000000000000001,0.2727272727272727,0.43873197257844043,0.0,0.1773225981887399,5,ssdp
1911787,272428402,597283,1316261,67709,395366,722071,81433,1033672,340287,0.45377246609904875,0.2068044191115433,3.0376476327335453,142.49934851528963,0,0,0,0,0,81233,108,0,0,0,379392,10,0,0,0,0,0,0,0,0,0,0,0.0,0.0,0.0,0.0,0.0,1.998958470265843,250951,144412,4,1.7377434008254162,0.1312651461695262,0.07553770372954728,0.04259522635105271,0.0,0.0,0.1984488857806858,0.03541660237254464,0.3776942724267923,0.0,0.0,0.0,0.0,0.0,159029.0,19680.0,4824782848.0,177510.0,1.48,351.0,4480.0,3963.0,0.09,5,0.008,0.2727272727272727,0.4383803635209315,0.0,0.1984488857806858,5,ssdp
1908783,229228594,504893,1312690,57554,331347,607384,68834,1030788,339172,0.3846247019479085,0.17359071198769058,3.039130588609909,120.09148970836391,0,0,0,0,0,69024,108,0,0,0,319487,5,0,0,0,0,0,0,0,0,0,0,0.0,0.0,0.0,0.0,0.0,1.9969324044163734,209877,121471,4,1.7277951115904207,0.109953305325959,0.06363793055575201,0.036061721002335,0.0,0.0,0.16737732890538107,0.030152196451875356,0.31820484570535257,0.0,0.0,0.0,0.0,0.0,139501.0,-36.0,5098422784.0,177510.0,1.37,349.0,6112.0,3983.0,0.09,5,0.008,0.2727272727272727,0.4383038435958375,0.0,0.16737732890538107,5,ssdp
1582074,201458602,439223,1094484,48367,292902,539524,60140,855794,279703,0.4013060035596683,0.18513798975269172,3.0596525600368962,127.33829264623526,0,0,0,0,0,60137,108,0,0,0,279703,8,0,0,0,0,0,0,0,0,0,0,0.0,0.0,0.0,0.0,0.0,2.0,184990,107905,4,1.7143783883972012,0.11692879094151096,0.06820477423938451,0.0380133925467456,0.0,0.0,0.17679514358999643,0.030571894867117467,0.34102323911523735,0.0,0.0,0.0,0.0,0.0,139329.0,-101.0,4951341568.0,177507.0,1.48,309.0,7552.0,4005.0,0.08,5,0.008,0.2727272727272727,0.43765487767674044,0.0,0.17679514358999643,5,ssdp
1580094,201012228,441492,1088692,49911,292048,531295,60747,856191,279653,0.4055251623048576,0.18482951014306745,3.0616192209631223,127.21536060512855,0,0,0,0,0,60756,108,0,0,0,279653,4,0,0,0,0,0,0,0,0,0,0,0.0,0.0,0.0,0.0,0.0,1.9999726076178215,185794,106262,4,1.7484519395456513,0.11758414372815794,0.06725042940483288,0.038445181109478296,0.0,0.0,0.17698504013052388,0.03158736125825425,0.336242653918058,0.0,0.0,0.0,0.0,0.0,139064.0,-2269.0,4950779904.0,177702.0,1.36,327.0,9120.0,4032.0,0.08,5,0.008,0.2727272727272727,0.438561195674349,0.0,0.17698504013052388,5,ssdp
1701206,216731166,461999,1190188,48866,317079,596532,62176,917058,300128,0.3881731289510565,0.18638483522865543,3.0555562959803817,127.39854315115277,0,0,0,0,0,62179,108,0,0,0,299969,5,0,0,0,0,0,0,0,0,0,0,0.0,0.0,0.0,0.0,0.0,1.9988337788088153,197769,119306,4,1.657661810805827,0.11625223517904357,0.07013024877645622,0.03654818993114296,0.0,0.0,0.1763272643054398,0.028724328505777667,0.35065241951885895,0.0,0.0,0.0,0.0,0.0,139438.0,19461.0,4820625920.0,177690.0,1.47,290.0,10656.0,4059.0,0.07,5,0.008,0.18181818181818182,0.4358994880020735,0.0,0.1763272643054398,5,ssdp
1807831,201709798,435746,1257790,47806,294135,545518,59242,977044,319229,0.34643779963268906,0.1627004957874934,3.060636721601108,111.57558311589966,0,0,0,0,0,59255,108,0,0,0,279644,7,0,0,0,0,0,0,0,0,0,0,0.0,0.0,0.0,0.0,0.0,2.0000747983843548,185029,109101,4,1.6959422920046563,0.1023486155509005,0.060349114491343496,0.03276965601320035,0.0,0.0,0.1546848129056311,0.02644384347873225,0.30175276339436596,0.0,0.0,0.0,0.0,0.0,139520.0,-19509.0,4961790976.0,177681.0,1.36,308.0,12160.0,4080.0,0.08,5,0.008,0.18181818181818182,0.43704539150956173,0.0,0.1546848129056311,5,ssdp
1581786,201012127,445975,1086864,48947,290692,536991,64272,853186,279706,0.41033192745366487,0.18377454345910255,3.0502956675938306,127.07921741626238,0,0,0,0,0,64270,108,0,0,0,279706,4,0,0,0,0,0,0,0,0,0,0,0.0,0.0,0.0,0.0,0.0,1.999972479841484,183297,107401,4,1.7066600869638084,0.11587977134707224,0.0678985652926502,0.04063255080017145,0.0,0.0,0.1768292297440994,0.030944135300223923,0.33948397570847133,0.0,0.0,0.0,0.0,0.0,139693.0,19729.0,4828112384.0,177879.0,1.47,273.0,13600.0,4102.0,0.07,5,0.008,0.2727272727272727,0.43772776302565924,0.0,0.1768292297440994,5,ssdp
1807767,229927069,506851,1244476,56440,333159,613189,71038,975766,320135,0.40728065466911373,0.18429310856985442,3.0479828822215627,127.18844242648527,0,0,0,0,0,71222,108,0,0,0,320135,3,0,0,0,0,0,0,0,0,0,0,0.0,0.0,0.0,0.0,0.0,1.9980628639626727,210513,122635,4,1.7165817262608554,0.11644918841864023,0.06783783529625223,0.039295993344275006,0.0,0.0,0.17708864029490526,0.031220837641134064,0.3391969208421218,0.0,0.0,0.0,0.0,0.0,139335.0,-19623.0,5102554112.0,178077.0,1.36,290.0,14912.0,4126.0,0.07,5,0.008,0.2727272727272727,0.4379221869728088,0.0,0.17708864029490526,5,ssdp
1811129,288339656,628290,1256890,69976,422245,760126,85004,983825,321034,0.49987667974126615,0.23313910825788775,3.0645507952428717,159.20437252122846,0,0,0,0,0,85318,108,0,0,0,361422,8,0,0,0,0,0,0,0,0,0,0,0.0,0.0,0.0,0.0,0.0,1.9974218879349086,270230,152027,4,1.7775132048912363,0.14920527472090614,0.08394045923840875,0.04693426034258189,0.0,0.0,0.19955618843274003,0.03863667358868419,0.4196973269159734,0.0,0.0,0.0,0.0,0.0,121511.0,2107.0,4962351616.0,177875.0,1.37,266.0,1088.0,4155.0,0.06,5,0.008,0.18181818181818182,0.4351144475959291,0.0,0.19955618843274003,5,ssdp
1583065,200892042,445904,1089070,48091,291486,536681,65052,853765,279781,0.4094355734709431,0.18412762583974757,3.0515474603350476,126.90069074864266,0,0,0,0,0,65059,108,0,0,0,279781,7,0,0,0,0,0,0,0,0,0,0,0.0,0.0,0.0,0.0,0.0,1.9999862773081567,184140,107328,4,1.715675313059034,0.11631866032032798,0.06779759517139221,0.041092437771032775,0.0,0.0,0.1767337411919283,0.03037841149921197,0.33901387498302343,0.0,0.0,0.0,0.0,0.0,139097.0,-19714.0,4961398272.0,177494.0,1.36,298.0,2752.0,4179.0,0.07,5,0.009000000000000001,0.2727272727272727,0.4378606398086878,0.0,0.1767337411919283,5,ssdp
1576223,200758483,440122,1086133,49968,291062,532398,59737,853206,279808,0.405219250312807,0.1846578815307225,3.049255203568161,127.36680215933913,0,0,0,0,0,59740,108,0,0,0,279808,5,0,0,0,0,0,0,0,0,0,0,0.0,0.0,0.0,0.0,0.0,2.000027485930639,184583,106487,4,1.7333852958577103,0.11710462288648243,0.06755833406821243,0.037898825229678794,0.0,0.0,0.17751802885759185,0.03170109813141922,0.33776819650518997,0.0,0.0,0.0,0.0,0.0,158830.0,19310.0,4960692736.0,177489.0,1.47,260.0,4448.0,4202.0,0.06,5,0.008,0.2727272727272727,0.4383416843216197,0.0,0.17751802885759185,5,ssdp
1805115,229736080,500434,1249945,54647,335982,609403,67942,978224,320482,0.40036481605190627,0.186127753633425,3.0523523942062267,127.26949806522022,0,0,0,0,0,67730,108,0,0,0,320431,8,0,0,0,0,0,0,0,0,0,0,0.0,0.0,0.0,0.0,0.0,1.9997143112222122,214097,121878,4,1.7566500927156665,0.11860573980051133,0.06751813596363666,0.03763859920282087,0.0,0.0,0.17751279004384762,0.030273417483096646,0.3375978815754121,0.0,0.0,0.0,0.0,0.0,179781.0,20541.0,4724507136.0,178086.0,1.59,253.0,5920.0,4222.0,0.06,5,0.008,0.2727272727272727,0.43861654436652725,0.0,0.17751279004384762,5,ssdp
1918239,229522554,498692,1329262,54532,336372,607174,67562,1040156,339931,0.3751645649992251,0.17535458303162432,3.0599033333235273,119.6527408732697,0,0,0,0,0,67536,108,0,0,0,319580,7,0,0,0,0,0,0,0,0,0,0,0.0,0.0,0.0,0.0,0.0,1.9986690275582597,214937,121428,4,1.7700777415423132,0.11204912422278976,0.06330180962851865,0.035220845786161165,0.0,0.0,0.16660072076524354,0.02842815728384211,0.3165267727326991,0.0,0.0,0.0,0.0,0.0,140222.0,20369.0,5036555264.0,178497.0,1.47,276.0,7904.0,4245.0,0.07,5,0.009000000000000001,0.2727272727272727,0.4387966321704322,0.0,0.16660072076524354,5,ssdp
1688004,215075496,473016,1161931,53058,311304,570018,64450,913118,299913,0.407094741426126,0.18442136393041722,3.0446096034516676,127.41409143580229,0,0,0,0,0,64418,108,0,0,0,299914,3,0,0,0,0,0,0,0,0,0,0,0.0,0.0,0.0,0.0,0.0,1.999280704909189,197297,114009,4,1.73053881711093,0.11688183203357339,0.06754071672815941,0.038181189144101554,0.0,0.0,0.17767374958827112,0.03143238997063988,0.3376875884180369,0.0,0.0,0.0,0.0,0.0,99109.0,-1867.0,5041037312.0,178501.0,1.36,270.0,9216.0,4266.0,0.06,5,0.009000000000000001,0.2727272727272727,0.4383471587909338,0.0,0.17767374958827112,5,ssdp
1694623,215633729,474290,1167325,53009,312483,574404,66001,916351,299848,0.40630501359946886,0.18439676553428108,3.0560517328779917,127.24584111038266,0,0,0,0,0,65755,108,0,0,0,299848,8,0,0,0,0,0,0,0,0,0,0,0.0,0.0,0.0,0.0,0.0,2.000518562621238,197605,114876,4,1.7201591281033461,0.11660705655476174,0.06778852877601685,0.038947305683919076,0.0,0.0,0.17694082990730092,0.031280703731744464,0.3389568063221141,0.0,0.0,0.0,0.0,0.0,118905.0,126.0,5182073856.0,178502.0,1.36,222.0,10752.0,4284.0,0.05,5,0.008,0.2727272727272727,0.4379575436657284,0.0,0.17694082990730092,5,ssdp
1692021,229827268,494507,1178837,53425,335440,622729,66066,914270,299568,0.41948717252682094,0.1982481304901062,3.0519614912140147,135.83003284238197,0,0,0,0,0,61748,108,0,0,0,299568,4,0,0,0,0,0,0,0,0,0,0,0.0,0.0,0.0,0.0,0.0,2.001085730989268,210890,124552,4,1.6931883871796518,0.12463793298073723,0.07361137952779546,0.03904561468208728,0.0,0.0,0.17704744799266675,0.03157466721748725,0.3680385763533668,0.0,0.0,0.0,0.0,0.0,139103.0,-19566.0,5047890432.0,178298.0,1.36,223.0,12000.0,4303.0,0.05,5,0.008,0.18181818181818182,0.43465226761409775,0.0,0.17704744799266675,5,ssdp
1806736,215357915,470466,1251089,51060,313203,580273,65336,974310,319675,0.37604518943096776,0.17335294143693378,3.0478141862829435,119.19722361208278,0,0,0,0,0,65457,108,0,0,0,299671,1,0,0,0,0,0,0,0,0,0,0,0.0,0.0,0.0,0.0,0.0,1.997990545997359,197141,116051,4,1.6987445174966178,0.10911444726844431,0.06423240584125185,0.03616244985432293,0.0,0.0,0.16586319196606478,0.02826090806847265,0.32117199192355717,0.0,0.0,0.0,0.0,0.0,159276.0,-20478.0,5045553152.0,178093.0,1.47,225.0,13472.0,4322.0,0.05,5,0.008,0.2727272727272727,0.43733846449925573,0.0,0.16586319196606478,5,ssdp
1811299,230372735,502450,1254102,54951,335132,619825,69559,978612,320524,0.4006452425719758,0.18502301387015618,3.053162945676455,127.1864750104759,0,0,0,0,0,69532,108,0,0,0,340619,4,0,0,0,0,0,0,0,0,0,0,0.0,0.0,0.0,0.0,0.0,2.001576740685882,211177,123962,4,1.7035623820202965,0.11658870236222733,0.06843817613767798,0.03840282581727258,0.0,0.0,0.18805233150352316,0.030337895620767195,0.3421991620378524,0.0,0.0,0.0,0.0,0.0,139609.0,-20179.0,5046567424.0,178093.0,1.36,201.0,14912.0,4347.0,0.05,5,0.006999999999999999,0.2727272727272727,0.4394404190543865,0.0,0.18805233150352316,5,ssdp
1886198,224965961,491876,1305624,53008,327300,602381,67996,1020154,333724,0.37673633450365496,0.173523670367586,3.056879337416548,119.26953639013507,0,0,0,0,0,68050,108,0,0,0,313178,8,0,0,0,0,0,0,0,0,0,0,0.0,0.0,0.0,0.0,0.0,1.9988274522736433,206820,120466,4,1.716832965318015,0.10964914605995765,0.0638671019691464,0.0360492376728212,0.0,0.0,0.16603665150742392,0.028103094160846318,0.31936254836448774,0.0,0.0,0.0,0.0,0.0,-139084.0,19.0,5047698944.0,178095.0,0.58,230.0,15872.0,4366.0,0.05,5,0.009000000000000001,0.2727272727272727,0.4377793552654708,0.0,0.16603665150742392,5,ssdp
1908271,229043031,529775,1321815,56810,353350,616101,69154,1030648,337909,0.40079360576177453,0.1851676203222708,3.0500756120730728,120.02646951088184,0,0,0,0,0,69095,108,0,0,0,318620,5,0,0,0,0,0,0,0,0,0,0,0.0,0.0,0.0,0.0,0.0,2.0008720370559123,210176,123219,4,1.7057109698991226,0.11013949276596459,0.06457101742886623,0.03623908763482755,0.0,0.0,0.1669678992134765,0.029770404727630404,0.3228582313518363,0.0,0.0,0.0,0.0,0.0,-20028.0,139248.0,5125688832.0,176701.0,1.37,6583.0,2784.0,4399.0,1.5,5,0.008,0.18181818181818182,0.43918309794737265,0.0,0.1669678992134765,5,ssdp
1580207,215316577,477004,1085795,52710,311833,573791,68118,852928,279718,0.43931313001072947,0.19733680460851016,3.0492424513259784,136.25846297352183,0,0,0,0,0,68254,108,0,0,0,299996,7,0,0,0,0,0,0,0,0,0,0,0.0,0.0,0.0,0.0,0.0,1.9999422784615286,197084,114752,4,1.7174776910206357,0.12472036891369295,0.07261833418026879,0.04310701066379278,0.0,0.0,0.18984601384502156,0.033356389384428746,0.3631112885843437,0.0,0.0,0.0,0.0,0.0,-184.0,139425.0,5124939264.0,176308.0,1.37,4162.0,4320.0,4428.0,0.94,5,0.008,0.2727272727272727,0.4379793005089172,0.0,0.18984601384502156,5,ssdp
1911793,243101941,533950,1318535,59024,353267,646450,73277,1034056,339486,0.40495701668897677,0.18478308059502258,3.045945930023624,127.1591333371343,0,0,0,0,0,73281,108,0,0,0,339608,2,0,0,0,0,0,0,0,0,0,0,0.0,0.0,0.0,0.0,0.0,2.000923240744936,223972,129293,4,1.7322824901580132,0.11715285075319347,0.06762918370346581,0.03832894042398942,0.0,0.0,0.17763847864282378,0.030873635377888713,0.3381380724796042,0.0,0.0,0.0,0.0,0.0,139421.0,119409.0,5096253440.0,176307.0,1.37,2795.0,5952.0,4451.0,0.63,5,0.008,0.2727272727272727,0.43831465280446014,0.0,0.17763847864282378,5,ssdp
1577304,200139518,427529,1104269,45506,298640,520780,55239,862114,279552,0.38716019375713706,0.18933572729163178,3.083912831959707,126.88709215217865,0,0,0,0,0,55223,108,0,0,0,279552,6,0,0,0,0,0,0,0,0,0,0,0.0,0.0,0.0,0.0,0.0,1.9998794607879247,194488,104155,4,1.8672939369209351,0.12330406820752372,0.06603356106368842,0.03502115001293346,0.0,0.0,0.17723406521507584,0.028850494261093613,0.33017097528440936,0.0,0.0,0.0,0.0,0.0,179359.0,179344.0,4735264768.0,176705.0,1.6,2171.0,7648.0,4474.0,0.49,5,0.008,0.2727272727272727,0.4404589132748136,0.0,0.17723406521507584,5,ssdp
1580116,201099944,450784,1078566,50766,287101,543383,65904,848125,279808,0.41794753404056867,0.18169615395325406,3.031096323193047,127.2691017621491,0,0,0,0,0,65923,108,0,0,0,279808,4,0,0,0,0,0,0,0,0,0,0,0.0,0.0,0.0,0.0,0.0,2.0000069662138626,178421,108683,4,1.6416642897233238,0.11291639347997236,0.06878165906806842,0.04170833027448618,0.0,0.0,0.17708067002675754,0.03212802098073812,0.34388804366261716,0.0,0.0,0.0,0.0,0.0,159604.0,159424.0,4932996608.0,178305.0,1.47,1882.0,9056.0,4497.0,0.42,5,0.008,0.2727272727272727,0.43654849395458767,0.0,0.17708067002675754,5,ssdp
1583449,215588137,467463,1101519,50661,316967,570342,63309,860269,280277,0.4243803329765533,0.20017506089555143,3.069352818818526,136.15098244401935,0,0,0,0,0,63297,108,0,0,0,300671,6,0,0,0,0,0,0,0,0,0,0,0.0,0.0,0.0,0.0,0.0,2.0000063098250287,202895,114060,4,1.7788444678239523,0.12813484993833082,0.07203263256347378,0.03998171080975769,0.0,0.0,0.18988360218737704,0.031994083800614984,0.3601896871954828,0.0,0.0,0.0,0.0,0.0,99476.0,272.0,5093373952.0,178107.0,1.36,1455.0,10560.0,4526.0,0.32,5,0.008,0.2727272727272727,0.43894531841295803,0.0,0.18988360218737704,5,ssdp
1574589,200863313,442234,1081317,51038,289553,531718,59815,852192,279584,0.40897720095032264,0.18389116143958836,3.048071420396017,127.56555075641961,0,0,0,0,0,59818,108,0,0,0,279584,3,0,0,0,0,0,0,0,0,0,0,0.0,0.0,0.0,0.0,0.0,2.0000207218097046,183207,106334,4,1.7229390411345384,0.11635226716305017,0.06753127324019156,0.03798769075612747,0.0,0.0,0.17755998549462748,0.0324135377549316,0.3376868503463443,0.0,0.0,0.0,0.0,0.0,179962.0,60877.0,4839435264.0,178516.0,1.7,1378.0,11936.0,4549.0,0.3,5,0.008,0.2727272727272727,0.4382359815717672,0.0,0.17755998549462748,5,ssdp
1574822,200220696,438095,1088603,48125,292034,531203,59934,852432,279892,0.4024378033130535,0.18543937029073762,3.0455747216783617,127.13862011071727,0,0,0,0,0,59932,108,0,0,0,279892,6,0,0,0,0,0,0,0,0,0,0,0.0,0.0,0.0,0.0,0.0,1.9999452133597222,185796,106246,4,1.7487340699885172,0.11797904779079794,0.06746540243913281,0.03805763445011563,0.0,0.0,0.17772929258036782,0.03055900920865977,0.3373098674008872,0.0,0.0,0.0,0.0,0.0,139264.0,-157.0,5415835648.0,178722.0,1.36,1216.0,13312.0,4570.0,0.27,5,0.008,0.2727272727272727,0.43859982764654665,0.0,0.17772929258036782,5,ssdp
1803035,229629166,503902,1243093,56040,332917,610527,68693,975209,320151,0.40536146531273204,0.18464256101517718,3.0460907509269064,127.35702080103825,0,0,0,0,0,68826,108,0,0,0,299770,7,0,0,0,0,0,0,0,0,0,0,0.0,0.0,0.0,0.0,0.0,2.000258356014588,210819,122118,4,1.7263548371247481,0.11692451893612714,0.06772913448712865,0.03809853940716625,0.0,0.0,0.16625855848610815,0.031080927436239452,0.33861073135019565,0.0,0.0,0.0,0.0,0.0,98640.0,-19844.0,5268217856.0,178522.0,1.47,1087.0,14880.0,4595.0,0.24,5,0.008,0.18181818181818182,0.43581584047746935,0.0,0.16625855848610815,5,ssdp
1709578,203590458,468702,1190470,50406,317851,554058,59272,923750,301594,0.393711727300982,0.18592366069287275,3.0628924978613634,119.08813637049612,0,0,0,0,0,59272,108,0,0,0,281856,3,0,0,0,0,0,0,0,0,0,0,0.0,0.0,0.0,0.0,0.0,2.001252943472731,186464,110810,4,1.6827362151430376,0.1090701915911412,0.06481716540573171,0.03467054442675327,0.0,0.0,0.1648687570850818,0.029484469266684528,0.3240905065460599,0.0,0.0,0.0,0.0,0.0,159560.0,-44.0,5278685184.0,178926.0,1.47,927.0,16416.0,4623.0,0.2,5,0.008,0.18181818181818182,0.43859851532648286,0.0,0.1648687570850818,5,ssdp
1930400,260100129,569826,1333215,62174,377819,698701,80456,1041941,340560,0.42740743240962636,0.19572057604641524,3.059493187690862,134.73898104019892,0,0,0,0,0,80497,108,0,0,0,360739,7,0,0,0,0,0,0,0,0,0,0,0.0,0.0,0.0,0.0,0.0,1.9992221522570812,238063,139743,4,1.7035772811518286,0.1233231454620804,0.07239069622876088,0.041678408619975134,0.0,0.0,0.1868726688769167,0.032207832573559886,0.36194622876087856,0.0,0.0,0.0,0.0,0.0,119072.0,-123.0,5246142464.0,178901.0,1.35,872.0,1920.0,4647.0,0.19,5,0.008,0.2727272727272727,0.43738762030872086,0.0,0.1868726688769167,5,ssdp
1812750,230315868,498833,1259121,53829,336027,619287,68154,981195,320200,0.39617558598419056,0.1853686388084402,3.064319175515303,127.05329913115432,0,0,0,0,0,68073,108,0,0,0,319676,6,0,0,0,0,0,0,0,0,0,0,0.0,0.0,0.0,0.0,0.0,1.9989470678516614,212505,123853,4,1.7157840342987252,0.11722796855606123,0.06832326575644738,0.03759702110053786,0.0,0.0,0.17634864156668045,0.029694662805130327,0.34162846503930494,0.0,0.0,0.0,0.0,0.0,139611.0,-40395.0,5090547200.0,178904.0,1.47,755.0,3424.0,4671.0,0.16,5,0.008,0.2727272727272727,0.43748852883551154,0.0,0.17634864156668045,5,ssdp
1573145,227890666,404871,1179682,57461,356225,663487,71635,914798,177624,0.34320350738588873,0.22644130070654644,5.150193667522407,144.8631028926132,0,0,0,0,0,71546,108,0,0,0,216722,5,0,0,0,0,0,0,0,0,0,0,0.0,0.0,0.0,0.0,0.0,1.9981433491513254,223531,132702,4,1.6844584105740683,0.14209179700536187,0.08435458905568145,0.045536171173032366,0.0,0.0,0.1377635246592018,0.03652619434317879,0.4217583248842287,0.0,0.0,0.0,0.0,0.0,53967.0,-85248.0,5218038272.0,179109.0,0.88,327.0,4800.0,4683.0,0.07,5,0.011000000000000001,0.18181818181818182,0.4161082795414473,0.0,0.14209179700536187,5,benign
1489717,200066821,228895,1227655,58588,349696,646273,74784,962341,22531,0.1864489616382453,0.23473988683756714,42.711863654520435,134.29854193783115,0,0,0,0,0,74663,108,0,0,0,33724,2,0,0,0,0,0,0,0,0,0,0,0.0,0.0,0.0,0.0,0.0,2.0011674086960505,220444,129257,4,1.7054704967622643,0.14797709900605283,0.08676614417369205,0.05020013868405879,0.0,0.0,0.022637856720437506,0.03932827510191533,0.43382266564723365,0.0,0.0,0.0,0.0,0.0,-123555.0,-262501.0,6719038976.0,177224.0,0.0,0.0,4800.0,4683.0,0.0,5,0.0,0.18181818181818182,0.32156736955537746,0.0,0.14797709900605283,5,benign
1462593,183023944,183052,1225617,53470,328572,600695,70165,961196,0,0.14935497794172242,0.22465032992773792,999.0,125.13661968845742,0,0,0,0,0,70054,108,0,0,0,0,0,0,0,0,0,0,0,0,0,0,0,0.0,0.0,0.0,0.0,0.0,2.001218130656694,208427,120134,3,1.734954301030516,0.14250512616975466,0.0821376828687133,0.04797301778416826,0.0,0.0,0.0,0.036558359024007364,0.4107055072737255,0.0,0.0,0.0,0.0,0.0,-102912.0,-262472.0,8839746560.0,173772.0,0.0,0.0,4800.0,4683.0,0.0,5,0.0,0.0,0.0,0.0,0.14250512616975466,4,benign
1357088,170005636,168714,1134389,53985,306849,534303,60983,901701,0,0.14872675951547484,0.22610840269754062,999.0,125.27237437808013,0,0,0,0,0,61045,108,0,0,0,0,0,0,0,0,0,0,0,0,0,0,0,0.0,0.0,0.0,0.0,0.0,2.0000847358197866,199993,106862,3,1.8715071774812375,0.1473692199768917,0.07874360395199133,0.04493665849230116,0.0,0.0,0.0,0.03978002900327761,0.3937128616567238,0.0,0.0,0.0,0.0,0.0,0.0,-242309.0,10346276864.0,170321.0,0.0,0.0,4800.0,4683.0,0.0,5,0.0,0.0,0.0,0.0,0.1473692199768917,4,benign
1285348,160836650,161101,1079637,44610,286156,553053,65131,833654,0,0.14921774633511078,0.22262920236387343,999.0,125.13082060266947,0,0,0,0,0,65124,108,0,0,0,0,0,0,0,0,0,0,0,0,0,0,0,0.0,0.0,0.0,0.0,0.0,2.0001537741058386,175535,110613,3,1.5869292036198277,0.13656612839480048,0.08605684997370362,0.050671880300121055,0.0,0.0,0.0,0.03470655417832369,0.43027491387546407,0.0,0.0,0.0,0.0,0.0,0.0,-262819.0,11376052224.0,166867.0,0.0,0.0,4800.0,4683.0,0.0,5,0.0,0.0,0.0,0.0,0.13656612839480048,4,benign
1277720,160023727,154451,1075840,47430,288681,524481,58397,841475,0,0.14356316924449733,0.22593447703722255,999.0,125.24162336036065,0,0,0,0,0,58396,108,0,0,0,0,0,0,0,0,0,0,0,0,0,0,0,0.0,0.0,0.0,0.0,0.0,1.9999792160285987,183785,104896,3,1.7520687156802928,0.14383824312055848,0.08209623391666405,0.045704066618664496,0.0,0.0,0.0,0.03712080894092602,0.4104819522274051,0.0,0.0,0.0,0.0,0.0,0.0,-156928.0,10733491200.0,163413.0,0.0,0.0,4800.0,4683.0,0.0,5,0.0,0.0,0.0,0.0,0.14383824312055848,4,benign
1463797,182759825,165743,1232528,50922,309655,600408,66787,964823,0,0.1344740241195332,0.21154231085321257,999.0,124.85325834114977,0,0,0,0,0,66876,108,0,0,0,0,0,0,0,0,0,0,0,0,0,0,0,0.0,0.0,0.0,0.0,0.0,2.00175186822848,209728,120082,3,1.7465398644259755,0.14327669752021627,0.08203459905984231,0.04562586205600913,0.0,0.0,0.0,0.0347876105771497,0.41017162898953885,0.0,0.0,0.0,0.0,0.0,0.0,0.0,10371253248.0,159756.0,0.0,0.0,4800.0,4683.0,0.0,5,0.0,0.0,0.0,0.0,0.14327669752021627,4,benign
1382386,173577042,172676,1155289,54421,309362,567916,64095,909191,0,0.1494656315432762,0.22378843535741827,999.0,125.56336797392335,0,0,0,0,0,64048,108,0,0,0,0,0,0,0,0,0,0,0,0,0,0,0,0.0,0.0,0.0,0.0,0.0,1.9995087868975367,195780,113586,3,1.72362791189055,0.14162469816679277,0.08216663073844788,0.046365486918993684,0.0,0.0,0.0,0.039367441510547704,0.410823026274861,0.0,0.0,0.0,0.0,0.0,0.0,0.0,8957142016.0,156100.0,0.0,0.0,4800.0,4683.0,0.0,5,0.0,0.0,0.0,0.0,0.14162469816679277,4,benign
1459548,194202885,187278,1229813,57573,350509,634984,70342,961994,0,0.15228168835424571,0.24014900503443531,999.0,133.05686760558748,0,0,0,0,0,70220,108,0,0,0,0,0,0,0,0,0,0,0,0,0,0,0,0.0,0.0,0.0,0.0,0.0,2.000245387569693,223509,127000,3,1.7599133858267717,0.1531357653191262,0.08701323971530912,0.04819437250436436,0.0,0.0,0.0,0.039445773623066865,0.43505523627862874,0.0,0.0,0.0,0.0,0.0,0.0,0.0,6939847168.0,152626.0,0.0,0.0,0.0,4683.0,0.0,5,0.0,0.0,0.0,0.0,0.1531357653191262,4,benign
1557543,206509165,197685,1315551,59562,374655,676617,75782,1026233,0,0.15026783454233245,0.24054231568566647,999.0,132.58649359921364,0,0,0,0,0,75815,108,0,0,0,0,0,0,0,0,0,0,0,0,0,0,0,0.0,0.0,0.0,0.0,0.0,2.000817085088998,239336,135320,3,1.7686668637304168,0.15366253130732185,0.08688042641519367,0.04865483649568583,0.0,0.0,0.0,0.03824099880388535,0.43441304670240244,0.0,0.0,0.0,0.0,0.0,0.0,0.0,4531623936.0,149169.0,0.0,0.0,0.0,4683.0,0.0,5,0.0,0.0,0.0,0.0,0.15366253130732185,4,benign
1359137,170713661,170461,1135047,53629,303560,560876,63564,893064,0,0.15017968418928906,0.2233476095492949,999.0,125.60445414994956,0,0,0,0,0,63455,108,0,0,0,0,0,0,0,0,0,0,0,0,0,0,0,0.0,0.0,0.0,0.0,0.0,2.0002240335259582,191387,112181,3,1.7060553926244195,0.1408150907524407,0.08253840488486444,0.04676791228551647,0.0,0.0,0.0,0.03945812673777552,0.412670687355285,0.0,0.0,0.0,0.0,0.0,0.0,0.0,1169753856.0,145511.0,0.0,0.0,0.0,4683.0,0.0,5,0.0,0.0,0.0,0.0,0.1408150907524407,4,benign
1367103,159722980,153895,1152140,46342,288633,524350,58459,900264,0,0.1335731768708664,0.21112747174133917,999.0,116.8331720433647,0,0,0,0,0,58457,108,0,0,0,0,0,0,0,0,0,0,0,0,0,0,0,0.0,0.0,0.0,0.0,0.0,1.9999237815440474,183757,104865,3,1.7523196490726172,0.13441342751789734,0.07670599801185427,0.042761225745243776,0.0,0.0,0.0,0.03389795794464645,0.3835482769037885,0.0,0.0,0.0,0.0,0.0,0.0,0.0,0.0,141655.0,0.0,0.0,0.0,4683.0,0.0,5,0.0,0.0,0.0,0.0,0.13441342751789734,4,benign
1274912,159892726,156836,1070240,47836,286800,524535,58906,838874,0,0.14654283151442668,0.22495670289400366,999.0,125.41471568233729,0,0,0,0,0,58904,108,0,0,0,0,0,0,0,0,0,0,0,0,0,0,0,0.0,0.0,0.0,0.0,0.0,1.999986053095864,181897,104907,3,1.7338881104216115,0.14267416104013453,0.08228567932531813,0.04620397329384303,0.0,0.0,0.0,0.037521021058708366,0.4114283966265907,0.0,0.0,0.0,0.0,0.0,0.0,0.0,0.0,138004.0,0.0,0.0,0.0,4683.0,0.0,5,0.0,0.0,0.0,0.0,0.14267416104013453,4,benign
1458191,171289065,169449,1221745,52081,306498,562230,63500,958982,0,0.13869424470736527,0.21019057174265923,999.0,117.46682361912808,0,0,0,0,0,63522,108,0,0,0,0,0,0,0,0,0,0,0,0,0,0,0,0.0,0.0,0.0,0.0,0.0,2.0004438207747284,194051,112448,3,1.7256954325554923,0.1330765311265808,0.07711472639729637,0.04354710734053358,0.0,0.0,0.0,0.03571617161263511,0.3855667741743023,0.0,0.0,0.0,0.0,0.0,0.0,0.0,0.0,134552.0,0.0,0.0,0.0,4683.0,0.0,5,0.0,0.0,0.0,0.0,0.1330765311265808,4,benign
1635818,171190865,167949,1371864,52253,306601,561956,63078,1075244,0,0.12242394289812984,0.18742977519504003,999.0,104.65153519523565,0,0,0,0,0,63026,108,0,0,0,0,0,0,0,0,0,0,0,0,0,0,0,0.0,0.0,0.0,0.0,0.0,1.9992240479916537,194211,112393,3,1.727963485270435,0.11872408788752783,0.06870752125236426,0.03856052445932249,0.0,0.0,0.0,0.03194304011815496,0.3435321044272651,0.0,0.0,0.0,0.0,0.0,0.0,0.0,0.0,131100.0,0.0,0.0,0.0,4683.0,0.0,5,0.0,0.0,0.0,0.0,0.11872408788752783,4,benign
1365626,159836905,155450,1148831,47074,286934,528443,58882,897131,0,0.13531146008420733,0.21011169968937324,999.0,117.04295685641603,0,0,0,0,0,58884,108,0,0,0,0,0,0,0,0,0,0,0,0,0,0,0,0.0,0.0,0.0,0.0,0.0,2.000069704869582,181237,105693,3,1.7147493211470959,0.13271349549583855,0.07739527513389464,0.043117222431324535,0.0,0.0,0.0,0.034470638373903253,0.38696026584145293,0.0,0.0,0.0,0.0,0.0,0.0,0.0,0.0,127647.0,0.0,0.0,0.0,4683.0,0.0,5,0.0,0.0,0.0,0.0,0.13271349549583855,4,benign
1458183,171352498,167289,1226543,50080,307586,567589,63767,957300,0,0.13639065242718762,0.21093785896557565,999.0,117.51096947365318,0,0,0,0,0,63647,108,0,0,0,0,0,0,0,0,0,0,0,0,0,0,0,0.0,0.0,0.0,0.0,0.0,2.0003121565465083,194075,113515,3,1.7096859445888208,0.13309372006119946,0.0778468820442976,0.04373045084190393,0.0,0.0,0.0,0.03434411181586947,0.3892440112112129,0.0,0.0,0.0,0.0,0.0,0.0,0.0,0.0,123996.0,0.0,0.0,0.0,4683.0,0.0,5,0.0,0.0,0.0,0.0,0.13309372006119946,4,benign
1286088,161171721,156812,1082025,47252,289524,533741,59730,844491,0,0.14492456274115662,0.22511989848284097,999.0,125.31935684027843,0,0,0,0,0,59730,108,0,0,0,0,0,0,0,0,0,0,0,0,0,0,0,0.0,0.0,0.0,0.0,0.0,2.000041448200112,182768,106750,3,1.712112412177986,0.1421115817891155,0.08300365138310908,0.04644316718607125,0.0,0.0,0.0,0.036740876207537895,0.4150112589496209,0.0,0.0,0.0,0.0,0.0,0.0,0.0,0.0,120346.0,0.0,0.0,0.0,4683.0,0.0,5,0.0,0.0,0.0,0.0,0.1421115817891155,4,benign
1463383,195278501,187641,1232690,57969,350896,647234,71285,961256,0,0.1522207529873691,0.23978411666665528,999.0,133.44319361370194,0,0,0,0,0,71136,108,0,0,0,0,0,0,0,0,0,0,0,0,0,0,0,0.0,0.0,0.0,0.0,0.0,1.999042909554953,221451,129435,3,1.7109050874956542,0.15132812120955347,0.08844916197605138,0.04871246966788599,0.0,0.0,0.0,0.03961300630115288,0.44228612741845436,0.0,0.0,0.0,0.0,0.0,0.0,0.0,0.0,116872.0,0.0,0.0,0.0,4683.0,0.0,5,0.0,0.0,0.0,0.0,0.15132812120955347,4,benign
1277626,160139012,154864,1075694,47068,287906,529939,58833,839315,0,0.14396659272990275,0.22534450613872917,999.0,125.34107164381439,0,0,0,0,0,58834,108,0,0,0,0,0,0,0,0,0,0,0,0,0,0,0,0.0,0.0,0.0,0.0,0.0,1.9999166429330573,181919,105994,3,1.7163141309885466,0.14238830455861104,0.08296168049178711,0.046048687174493945,0.0,0.0,0.0,0.03684020206226235,0.4147841387072586,0.0,0.0,0.0,0.0,0.0,0.0,0.0,0.0,113222.0,0.0,0.0,0.0,4683.0,0.0,5,0.0,0.0,0.0,0.0,0.14238830455861104,4,benign
1275300,159811610,157433,1070262,47606,286445,527173,59922,837487,0,0.1470976265624679,0.22460989571081313,999.0,125.31295381478867,0,0,0,0,0,59914,108,0,0,0,0,0,0,0,0,0,0,0,0,0,0,0,0.0,0.0,0.0,0.0,0.0,2.000034911325234,181019,105445,3,1.7167148750533454,0.14194228808907708,0.08268250607700149,0.046986591390261116,0.0,0.0,0.0,0.037329255861365956,0.41337175566533363,0.0,0.0,0.0,0.0,0.0,0.0,0.0,0.0,109571.0,0.0,0.0,0.0,4683.0,0.0,5,0.0,0.0,0.0,0.0,0.14194228808907708,4,benign
1458618,171767706,162002,1231925,50098,309293,572310,61013,957553,0,0.13150313533697264,0.2120452373410996,999.0,117.7605829627771,0,0,0,0,0,61278,108,0,0,0,0,0,0,0,0,0,0,0,0,0,0,0,0.0,0.0,0.0,0.0,0.0,2.0005627316416885,194818,114450,3,1.7022105723023153,0.1335634141358464,0.07846468369374299,0.041829320630898566,0.0,0.0,0.0,0.03434620990554072,0.3923645532963394,0.0,0.0,0.0,0.0,0.0,0.0,0.0,0.0,105923.0,0.0,0.0,0.0,4683.0,0.0,5,0.0,0.0,0.0,0.0,0.1335634141358464,4,benign
1271190,158508455,160553,1062709,47928,287225,502617,61107,841482,0,0.15107898775676126,0.22594970067417144,999.0,124.69296879302071,0,0,0,0,0,61093,108,0,0,0,0,0,0,0,0,0,0,0,0,0,0,0,0.0,0.0,0.0,0.0,0.0,2.0000348165169557,186702,100525,3,1.857269335986073,0.14687182875887947,0.07907944524421999,0.04807070540202488,0.0,0.0,0.0,0.037703254430887595,0.39539093290538785,0.0,0.0,0.0,0.0,0.0,0.0,0.0,0.0,102274.0,0.0,0.0,0.0,4683.0,0.0,5,0.0,0.0,0.0,0.0,0.14687182875887947,4,benign
1280563,161122308,155712,1077845,47007,285731,551662,59587,833931,0,0.14446604103558489,0.2231292017651611,999.0,125.82146134161303,0,0,0,0,0,59594,108,0,0,0,0,0,0,0,0,0,0,0,0,0,0,0,0.0,0.0,0.0,0.0,0.0,1.999993000433973,175395,110334,3,1.5896731741802164,0.13696709962727333,0.0861605403248415,0.0465318769947281,0.0,0.0,0.0,0.03670807293354564,0.4307964543720223,0.0,0.0,0.0,0.0,0.0,0.0,0.0,0.0,98628.0,0.0,0.0,0.0,4683.0,0.0,5,0.0,0.0,0.0,0.0,0.13696709962727333,4,benign
1365565,171043435,172632,1140589,52344,305176,561728,66093,896111,0,0.15135337970118948,0.22347965860284938,999.0,125.25470043535094,0,0,0,0,0,65982,108,0,0,0,0,0,0,0,0,0,0,0,0,0,0,0,0.0,0.0,0.0,0.0,0.0,2.0004588569218567,192828,112342,3,1.7164373075074326,0.1412074855462757,0.08226777927085126,0.04839974662502334,0.0,0.0,0.0,0.038331386642159106,0.41135207771142346,0.0,0.0,0.0,0.0,0.0,0.0,0.0,0.0,94979.0,0.0,0.0,0.0,4683.0,0.0,5,0.0,0.0,0.0,0.0,0.1412074855462757,4,benign
1268606,159056596,151475,1069075,48056,288424,509379,55171,841431,0,0.1416879077707364,0.22735506532367022,999.0,125.37903494071445,0,0,0,0,0,55176,108,0,0,0,0,0,0,0,0,0,0,0,0,0,0,0,0.0,0.0,0.0,0.0,0.0,2.000055475424387,186556,101884,3,1.8310627772761179,0.1470559023053651,0.08031177528720501,0.043489467967201795,0.0,0.0,0.0,0.03788094964078682,0.40152655749696914,0.0,0.0,0.0,0.0,0.0,0.0,0.0,0.0,91327.0,0.0,0.0,0.0,4683.0,0.0,5,0.0,0.0,0.0,0.0,0.1470559023053651,4,benign
1460546,182519449,184492,1222291,52831,325400,612521,72432,953538,0,0.15093950622233168,0.22279339370345064,999.0,124.9665871530236,0,0,0,0,0,72606,108,0,0,0,0,0,0,0,0,0,0,0,0,0,0,0,0.0,0.0,0.0,0.0,0.0,2.0008485467100368,202889,122498,3,1.656263775735114,0.13891311879256113,0.08387137412994866,0.049592412700455855,0.0,0.0,0.0,0.036172089068060846,0.4193780955889099,0.0,0.0,0.0,0.0,0.0,0.0,0.0,0.0,87675.0,0.0,0.0,0.0,4683.0,0.0,5,0.0,0.0,0.0,0.0,0.13891311879256113,4,benign
1278247,160065986,154766,1076943,46538,288909,525541,58691,841649,0,0.14370862710468427,0.2260196972885522,999.0,125.22304844055961,0,0,0,0,0,58676,108,0,0,0,0,0,0,0,0,0,0,0,0,0,0,0,0.0,0.0,0.0,0.0,0.0,2.0000207680006645,183803,105112,3,1.748639546388614,0.14379302278824047,0.0822313684287935,0.04591522608697693,0.0,0.0,0.0,0.03640767394721051,0.4111419780371086,0.0,0.0,0.0,0.0,0.0,0.0,0.0,0.0,84223.0,0.0,0.0,0.0,4683.0,0.0,5,0.0,0.0,0.0,0.0,0.14379302278824047,4,benign
1279861,160201996,161498,1070342,48021,286424,527704,62144,839375,0,0.15088448365101995,0.22379305252679782,999.0,125.17140220695842,0,0,0,0,0,62163,108,0,0,0,0,0,0,0,0,0,0,0,0,0,0,0,0.0,0.0,0.0,0.0,0.0,1.9999581049471076,180879,105539,3,1.7138593316214858,0.14132706598607192,0.08246129853163742,0.04855527279915553,0.0,0.0,0.0,0.03752048073970533,0.4123135246718198,0.0,0.0,0.0,0.0,0.0,0.0,0.0,0.0,80751.0,0.0,0.0,0.0,4683.0,0.0,5,0.0,0.0,0.0,0.0,0.14132706598607192,4,benign
1458885,182384922,177703,1226958,53397,328558,598437,67363,959674,0,0.14483217844457594,0.22521171990938285,999.0,125.01665449984063,0,0,0,0,0,67476,108,0,0,0,0,0,0,0,0,0,0,0,0,0,0,0,0.0,0.0,0.0,0.0,0.0,1.999963477435142,208868,119686,3,1.7451330982738165,0.1431696124094771,0.08203936567995421,0.04617430434886917,0.0,0.0,0.0,0.03660123998807308,0.41020162658468623,0.0,0.0,0.0,0.0,0.0,0.0,0.0,0.0,77105.0,0.0,0.0,0.0,4683.0,0.0,5,0.0,0.0,0.0,0.0,0.1431696124094771,4,benign
1461489,182530184,176201,1231036,53440,329861,599117,66875,963439,0,0.14313228857645105,0.22570200665211987,999.0,124.89329991536029,0,0,0,0,0,66679,108,0,0,0,0,0,0,0,0,0,0,0,0,0,0,0,0.0,0.0,0.0,0.0,0.0,2.0000303162592163,210038,119824,3,1.7528875684337029,0.14371507414698298,0.0819876167388191,0.04575812749873588,0.0,0.0,0.0,0.036565447978055256,0.40993603099304887,0.0,0.0,0.0,0.0,0.0,0.0,0.0,0.0,73054.0,0.0,0.0,0.0,4683.0,0.0,5,0.0,0.0,0.0,0.0,0.14371507414698298,4,benign
1363823,170821255,165851,1148075,49897,307856,560579,62729,897987,0,0.14446007447248654,0.2257301717304958,999.0,125.25177754004736,0,0,0,0,0,62766,108,0,0,0,0,0,0,0,0,0,0,0,0,0,0,0,0.0,0.0,0.0,0.0,0.0,2.0016384702409593,195740,112115,3,1.7458859207064175,0.14352302314889837,0.08220641534861929,0.04599497148823564,0.0,0.0,0.0,0.03658612591223348,0.41103500967500917,0.0,0.0,0.0,0.0,0.0,0.0,0.0,0.0,68993.0,0.0,0.0,0.0,4683.0,0.0,5,0.0,0.0,0.0,0.0,0.14352302314889837,4,benign
1277464,159905418,154888,1075332,47244,288462,524912,58775,840867,0,0.14403737636376487,0.22580832023446454,999.0,125.17410901598792,0,0,0,0,0,58776,108,0,0,0,0,0,0,0,0,0,0,0,0,0,0,0,0.0,0.0,0.0,0.0,0.0,1.9999168035940846,183481,104982,3,1.7477377074165095,0.14362909639723703,0.08218000663815184,0.04600912432757401,0.0,0.0,0.0,0.036982646869109424,0.41090159879260785,0.0,0.0,0.0,0.0,0.0,0.0,0.0,0.0,65336.0,0.0,0.0,0.0,4683.0,0.0,5,0.0,0.0,0.0,0.0,0.14362909639723703,4,benign
1277293,159984147,156146,1073923,47224,288224,523125,58967,841353,0,0.14539776129201068,0.22565221918541792,999.0,125.25250431968233,0,0,0,0,0,58969,108,0,0,0,0,0,0,0,0,0,0,0,0,0,0,0,0.0,0.0,0.0,0.0,0.0,2.0000555139201155,183595,104623,3,1.754824464983799,0.14373757626480377,0.08190994548627449,0.04616560178439873,0.0,0.0,0.0,0.036971939875972075,0.4095575564886052,0.0,0.0,0.0,0.0,0.0,0.0,0.0,0.0,61882.0,0.0,0.0,0.0,4683.0,0.0,5,0.0,0.0,0.0,0.0,0.14373757626480377,4,benign
1250304,156716610,153043,1050834,46427,281497,515868,57939,822060,0,0.1456395586743482,0.22514284526003275,999.0,125.342804629914,0,0,0,0,0,57940,108,0,0,0,0,0,0,0,0,0,0,0,0,0,0,0,0.0,0.0,0.0,0.0,0.0,2.000049735336957,178319,103173,3,1.7283494712763998,0.14262051469082718,0.08251833154176905,0.04633993012899263,0.0,0.0,0.0,0.03713256935913186,0.4125940571253071,0.0,0.0,0.0,0.0,0.0,0.0,0.0,0.0,59459.0,0.0,0.0,0.0,4683.0,0.0,5,0.0,0.0,0.0,0.0,0.14262051469082718,4,benign
1270864,159860648,162784,1056607,51473,282223,524830,60103,833996,0,0.15406295812918142,0.22207175590779185,999.0,125.78894987976683,0,0,0,0,0,60096,108,0,0,0,0,0,0,0,0,0,0,0,0,0,0,0,0.0,0.0,0.0,0.0,0.0,1.999978740442057,177266,104972,3,1.688697938497885,0.13948463407571543,0.08259892482594518,0.04729302269951781,0.0,0.0,0.0,0.04050236689370381,0.41297101814198844,0.0,0.0,0.0,0.0,0.0,0.0,0.0,0.0,56008.0,0.0,0.0,0.0,4683.0,0.0,5,0.0,0.0,0.0,0.0,0.13948463407571543,4,benign
1277349,159768168,152680,1078422,46247,289709,523117,58140,841967,0,0.14157723043483905,0.22680489044106192,999.0,125.07792936777655,0,0,0,0,0,58141,108,0,0,0,0,0,0,0,0,0,0,0,0,0,0,0,0.0,0.0,0.0,0.0,0.0,2.0000069035028374,185086,104629,3,1.7689741849773963,0.14489853595219473,0.08191105171726756,0.04551614319970501,0.0,0.0,0.0,0.03620545363874712,0.409533338187136,0.0,0.0,0.0,0.0,0.0,0.0,0.0,0.0,52157.0,0.0,0.0,0.0,4683.0,0.0,5,0.0,0.0,0.0,0.0,0.14489853595219473,4,benign
1271384,159780239,159672,1062067,49645,284059,524880,59341,835251,0,0.15034079770861913,0.22342502343902393,999.0,125.67425655820743,0,0,0,0,0,59346,108,0,0,0,0,0,0,0,0,0,0,0,0,0,0,0,0.0,0.0,0.0,0.0,0.0,2.0000352045737784,179074,104967,3,1.7060028389874913,0.14084965675201197,0.0825612088873228,0.04667433285301687,0.0,0.0,0.0,0.039047998087123954,0.41284143893583686,0.0,0.0,0.0,0.0,0.0,0.0,0.0,0.0,48702.0,0.0,0.0,0.0,4683.0,0.0,5,0.0,0.0,0.0,0.0,0.14084965675201197,4,benign
1462250,171961600,167903,1228104,51205,309258,563472,63198,962878,0,0.1367172487020643,0.21149461446401094,999.0,117.60068387758591,0,0,0,0,0,63292,108,0,0,0,0,0,0,0,0,0,0,0,0,0,0,0,0.0,0.0,0.0,0.0,0.0,1.999793074460862,196563,112700,3,1.7441259982253772,0.1344250299196444,0.07707300393229612,0.04321969567447427,0.0,0.0,0.0,0.03501795178663019,0.38534587108907503,0.0,0.0,0.0,0.0,0.0,0.0,0.0,0.0,46642.0,0.0,0.0,0.0,4683.0,0.0,5,0.0,0.0,0.0,0.0,0.1344250299196444,4,benign
1362157,159494648,167338,1143648,51610,307128,523863,58565,896010,0,0.14631949690813956,0.225471806847522,999.0,117.08976865368676,0,0,0,0,0,58559,108,0,0,0,0,0,0,0,0,0,0,0,0,0,0,0,0.0,0.0,0.0,0.0,0.0,1.9990106743035667,181387,104769,3,1.731304107130926,0.13316159591001625,0.07691404147980005,0.04299430976018183,0.0,0.0,0.0,0.0378884372359427,0.3845834217347927,0.0,0.0,0.0,0.0,0.0,0.0,0.0,0.0,43191.0,0.0,0.0,0.0,4683.0,0.0,5,0.0,0.0,0.0,0.0,0.13316159591001625,4,benign
1728117,216853716,210286,1453472,64056,389306,718227,79672,1135556,0,0.1446783976574712,0.2252775709052107,999.0,125.48555219351468,0,0,0,0,0,79532,108,0,0,0,0,0,0,0,0,0,0,0,0,0,0,0,0.0,0.0,0.0,0.0,0.0,2.0004624681410834,245589,143645,3,1.709694037383828,0.14211364161107148,0.08312226544846212,0.046103359899821596,0.0,0.0,0.0,0.03706693470407386,0.41561248457135713,0.0,0.0,0.0,0.0,0.0,0.0,0.0,0.0,39738.0,0.0,0.0,0.0,4683.0,0.0,5,0.0,0.0,0.0,0.0,0.14211364161107148,4,benign
1369272,171695119,167083,1151865,50324,308134,568507,63611,899299,0,0.1450543249425931,0.22503490906116536,999.0,125.39153579420305,0,0,0,0,0,63460,108,0,0,0,0,0,0,0,0,0,0,0,0,0,0,0,0.0,0.0,0.0,0.0,0.0,2.0007142300599954,194423,113706,3,1.7098745888519515,0.14199005018725278,0.08304120729847686,0.04645607300813863,0.0,0.0,0.0,0.036752376445293555,0.41518923924538004,0.0,0.0,0.0,0.0,0.0,0.0,0.0,0.0,35885.0,0.0,0.0,0.0,4683.0,0.0,5,0.0,0.0,0.0,0.0,0.14199005018725278,4,benign
1362741,170871856,164716,1148138,49887,307045,567508,62390,894966,0,0.14346359061367187,0.22531427468609222,999.0,125.38835772901821,0,0,0,0,0,62562,108,0,0,0,0,0,0,0,0,0,0,0,0,0,0,0,0.0,0.0,0.0,0.0,0.0,2.0003583178605164,193546,113500,3,1.7052511013215859,0.1420269882538208,0.08328802024742779,0.045782727605612514,0.0,0.0,0.0,0.03660783670558088,0.4164459717583899,0.0,0.0,0.0,0.0,0.0,0.0,0.0,0.0,31829.0,0.0,0.0,0.0,4683.0,0.0,5,0.0,0.0,0.0,0.0,0.1420269882538208,4,benign
1273298,170916928,168963,1068561,49960,306528,564424,64394,836158,0,0.15812199771468358,0.24073547590587593,999.0,134.23167868008903,0,0,0,0,0,64500,108,0,0,0,0,0,0,0,0,0,0,0,0,0,0,0,0.0,0.0,0.0,0.0,0.0,2.0008224489396285,193648,112888,3,1.7153993338530225,0.15208380127825535,0.0886579575244758,0.05057260751214562,0.0,0.0,0.0,0.03923669086105531,0.4432772218286685,0.0,0.0,0.0,0.0,0.0,0.0,0.0,0.0,28175.0,0.0,0.0,0.0,4683.0,0.0,5,0.0,0.0,0.0,0.0,0.15208380127825535,4,benign
1462532,183544519,162933,1235162,49756,310234,610999,65875,960620,0,0.13191225118648403,0.2121211706820774,999.0,125.49777987763686,0,0,0,0,0,65866,108,0,0,0,0,0,0,0,0,0,0,0,0,0,0,0,0.0,0.0,0.0,0.0,0.0,1.9993039936586088,207997,122191,3,1.702228478365837,0.14221705918229482,0.08354757365992675,0.04504174951385679,0.0,0.0,0.0,0.03402045220207148,0.41776795311145326,0.0,0.0,0.0,0.0,0.0,0.0,0.0,0.0,24112.0,0.0,0.0,0.0,4683.0,0.0,5,0.0,0.0,0.0,0.0,0.14221705918229482,4,benign
1553646,171328524,186839,1298123,55365,327043,560854,67914,1018392,0,0.1439301206434213,0.21050033276563646,999.0,110.27513603484964,0,0,0,0,0,67917,108,0,0,0,0,0,0,0,0,0,0,0,0,0,0,0,0.0,0.0,0.0,0.0,0.0,1.9996270299354333,193729,112170,3,1.7271017206026567,0.12469314116600565,0.07219791381048192,0.04371266041298983,0.0,0.0,0.0,0.035635530873828404,0.36099214364147303,0.0,0.0,0.0,0.0,0.0,0.0,0.0,0.0,20051.0,0.0,0.0,0.0,4683.0,0.0,5,0.0,0.0,0.0,0.0,0.12469314116600565,4,benign
1274493,159775746,152449,1075542,46502,288226,527064,57506,838803,0,0.14174155913948502,0.22614953554079936,999.0,125.36416127824947,0,0,0,0,0,57498,108,0,0,0,0,0,0,0,0,0,0,0,0,0,0,0,0.0,0.0,0.0,0.0,0.0,1.9999444895466878,182828,105419,3,1.7342983712613476,0.14345155289201275,0.0827144597891083,0.045120687206599015,0.0,0.0,0.0,0.036486665678038245,0.4135479755479238,0.0,0.0,0.0,0.0,0.0,0.0,0.0,0.0,16397.0,0.0,0.0,0.0,4683.0,0.0,5,0.0,0.0,0.0,0.0,0.14345155289201275,4,benign
1368884,171969844,159652,1160101,49131,309678,577756,60143,898389,0,0.13761905213425382,0.22622661964052468,999.0,125.62776977450244,0,0,0,0,0,60246,108,0,0,0,0,0,0,0,0,0,0,0,0,0,0,0,0.0,0.0,0.0,0.0,0.0,2.000671891050282,194113,115557,3,1.679803040923527,0.14180383436434352,0.08441694109946496,0.04393579003041894,0.0,0.0,0.0,0.03589128078054824,0.42206352035672856,0.0,0.0,0.0,0.0,0.0,0.0,0.0,0.0,12540.0,0.0,0.0,0.0,4683.0,0.0,5,0.0,0.0,0.0,0.0,0.14180383436434352,4,benign
1469393,183937277,185711,1228600,55082,328746,605777,71304,963616,0,0.15115660100927886,0.22372911807800908,999.0,125.17908891630762,0,0,0,0,0,71281,108,0,0,0,0,0,0,0,0,0,0,0,0,0,0,0,0.0,0.0,0.0,0.0,0.0,1.9993918125809649,207595,121156,3,1.7134520783122587,0.14127942626649234,0.08245309457714853,0.048526160121900676,0.0,0.0,0.0,0.03748622730610531,0.41226343122636355,0.0,0.0,0.0,0.0,0.0,0.0,0.0,0.0,8885.0,0.0,0.0,0.0,4683.0,0.0,5,0.0,0.0,0.0,0.0,0.14127942626649234,4,benign
1462748,171536853,184213,1224156,54867,327356,562306,66202,960391,0,0.1504816379611749,0.22379521284595844,999.0,117.27027006702453,0,0,0,0,0,66345,108,0,0,0,0,0,0,0,0,0,0,0,0,0,0,0,0.0,0.0,0.0,0.0,0.0,2.000757872090749,194647,112460,3,1.7308109550062245,0.13306940088108135,0.07688268929439658,0.045258650157101565,0.0,0.0,0.0,0.037509536844350495,0.3844175483405207,0.0,0.0,0.0,0.0,0.0,0.0,0.0,0.0,5227.0,0.0,0.0,0.0,4683.0,0.0,5,0.0,0.0,0.0,0.0,0.13306940088108135,4,benign
1445065,203573432,214710,1207296,68487,387148,642667,74229,959512,0,0.1778437102417303,0.267910440014809,999.0,140.8749308854619,0,0,0,0,0,70155,108,0,0,0,0,0,0,0,0,0,0,0,0,0,0,0,0.0,0.0,0.0,0.0,0.0,2.000919967956172,238372,128536,3,1.854515466484098,0.1649559016376426,0.088948248002685,0.05136723953593783,0.0,0.0,0.0,0.04739371585361212,0.44473224387830307,0.0,0.0,0.0,0.0,0.0,0.0,0.0,0.0,1569.0,0.0,0.0,0.0,4683.0,0.0,5,0.0,0.0,0.0,0.0,0.1649559016376426,4,benign
1286938,172564826,172825,1080817,47859,306859,591597,69394,833911,0,0.15990218510626683,0.23844116810600044,999.0,134.089463517279,0,0,0,0,0,69444,108,0,0,0,0,0,0,0,0,0,0,0,0,0,0,0,0.0,0.0,0.0,0.0,0.0,2.000241182183807,188539,118318,3,1.5934938048310485,0.14650200708969663,0.09193760693988366,0.053921789550079334,0.0,0.0,0.0,0.03718827169607238,0.45969347396688887,0.0,0.0,0.0,0.0,0.0,0.0,0.0,0.0,0.0,1.0,0.0,0.0,4683.0,0.0,5,0.0,0.0,0.0,0.0,0.14650200708969663,4,benign
1366547,171178295,166357,1149566,50624,308082,563622,63340,898378,0,0.14471287424993431,0.22544559389468494,999.0,125.26337915929712,0,0,0,0,0,63243,108,0,0,0,0,0,0,0,0,0,0,0,0,0,0,0,0.0,0.0,0.0,0.0,0.0,1.9995846124888852,195356,112722,3,1.7330778375117546,0.14295593199502102,0.08248673481409714,0.04635039994965413,0.0,0.0,0.0,0.037045194932922174,0.412442455327186,0.0,0.0,0.0,0.0,0.0,0.0,0.0,0.0,0.0,1.0,0.0,0.0,4683.0,0.0,5,0.0,0.0,0.0,0.0,0.14295593199502102,4,benign
1362104,170697162,165375,1146906,49823,307626,560418,62603,896331,0,0.144192287772494,0.22584619089291272,999.0,125.31874364953043,0,0,0,0,0,62519,108,0,0,0,0,0,0,0,0,0,0,0,0,0,0,0,0.0,0.0,0.0,0.0,0.0,1.9994410357737105,195542,112084,3,1.7446022625887727,0.143558788462555,0.08228740243035775,0.0459605140282974,0.0,0.0,0.0,0.036577970551441005,0.41143554383512565,0.0,0.0,0.0,0.0,0.0,0.0,0.0,0.0,0.0,1.0,0.0,0.0,4683.0,0.0,5,0.0,0.0,0.0,0.0,0.143558788462555,4,benign
1364244,182187146,180634,1142028,55850,325314,598612,67521,896262,0,0.1581695019736819,0.2384573434077775,999.0,133.5443996821683,0,0,0,0,0,63325,108,0,0,0,0,0,0,0,0,0,0,0,0,0,0,0,0.0,0.0,0.0,0.0,0.0,2.0018460743229523,205594,119723,3,1.7172473125464613,0.15070178061988912,0.08775776180800501,0.04949334576512706,0.0,0.0,0.0,0.04093842450470737,0.4387866100199085,0.0,0.0,0.0,0.0,0.0,0.0,0.0,0.0,0.0,1.0,0.0,0.0,4683.0,0.0,5,0.0,0.0,0.0,0.0,0.15070178061988912,4,benign
1362621,170737851,159784,1152849,49988,310073,556254,59391,900456,0,0.1385992441334468,0.22755630509143776,999.0,125.30105656671958,0,0,0,0,0,59547,108,0,0,0,0,0,0,0,0,0,0,0,0,0,0,0,0.0,0.0,0.0,0.0,0.0,1.9997484779692498,198825,111255,3,1.7871106916543076,0.1459136473017809,0.08164779494811837,0.043585854026908434,0.0,0.0,0.0,0.03668518245352156,0.40822356326520726,0.0,0.0,0.0,0.0,0.0,0.0,0.0,0.0,0.0,1.0,0.0,0.0,4683.0,0.0,5,0.0,0.0,0.0,0.0,0.1459136473017809,4,benign
1462121,182763312,178653,1230879,52484,330521,600310,69080,961808,0,0.14514261759279345,0.2260558462671694,999.0,124.99876002054549,0,0,0,0,0,69227,108,0,0,0,0,0,0,0,0,0,0,0,0,0,0,0,0.0,0.0,0.0,0.0,0.0,2.000199704679141,210455,120065,3,1.752842210469329,0.14393815559724538,0.08211700673200098,0.047246431724870926,0.0,0.0,0.0,0.03589579795379452,0.410574774591159,0.0,0.0,0.0,0.0,0.0,0.0,0.0,0.0,0.0,1.0,0.0,0.0,4683.0,0.0,5,0.0,0.0,0.0,0.0,0.14393815559724538,4,benign
1267201,170422516,170027,1058673,52616,303545,560981,63547,832153,0,0.16060388807497689,0.23953974152482518,999.0,134.487359148233,0,0,0,0,0,63553,108,0,0,0,0,0,0,0,0,0,0,0,0,0,0,0,0.0,0.0,0.0,0.0,0.0,2.000586575978066,191350,112186,3,1.7056495462891983,0.1510020904339564,0.0885305488237462,0.05014752987095181,0.0,0.0,0.0,0.041521431880183174,0.44269299029909226,0.0,0.0,0.0,0.0,0.0,0.0,0.0,0.0,0.0,1.0,0.0,0.0,4683.0,0.0,5,0.0,0.0,0.0,0.0,0.1510020904339564,4,benign
1553388,194568911,189600,1305899,57889,350071,639353,71545,1022927,0,0.14518733837762338,0.22535966545383382,999.0,125.25454747944492,0,0,0,0,0,71519,108,0,0,0,0,0,0,0,0,0,0,0,0,0,0,0,0.0,0.0,0.0,0.0,0.0,2.0011375588786757,222191,127875,3,1.7375640273704789,0.14303638241057612,0.08232006427241616,0.046057391971613015,0.0,0.0,0.0,0.03726628504919569,0.411586158770378,0.0,0.0,0.0,0.0,0.0,0.0,0.0,0.0,0.0,1.0,0.0,0.0,4683.0,0.0,5,0.0,0.0,0.0,0.0,0.14303638241057612,4,benign
1369251,159784900,152642,1156458,45512,289868,523605,58155,902642,0,0.13199095859944762,0.21169822041393432,999.0,116.69511287557943,0,0,0,0,0,58150,108,0,0,0,0,0,0,0,0,0,0,0,0,0,0,0,0.0,0.0,0.0,0.0,0.0,2.000068999303107,185146,104720,3,1.7680099312452253,0.13521699089502218,0.07647976886633641,0.04247212527140751,0.0,0.0,0.0,0.03323861001379586,0.3824024959631214,0.0,0.0,0.0,0.0,0.0,0.0,0.0,0.0,0.0,1.0,0.0,0.0,4683.0,0.0,5,0.0,0.0,0.0,0.0,0.13521699089502218,4,benign
1458394,182820452,179775,1223455,55164,327780,600707,67656,959677,0,0.14694042690577094,0.2247540788017504,999.0,125.35738079010198,0,0,0,0,0,67594,108,0,0,0,0,0,0,0,0,0,0,0,0,0,0,0,0.0,0.0,0.0,0.0,0.0,2.0005370897061874,207635,120140,3,1.7282753454303312,0.14237236302398393,0.08237828734896056,0.04639075585884199,0.0,0.0,0.0,0.037825169330098725,0.41189623654513113,0.0,0.0,0.0,0.0,0.0,0.0,0.0,0.0,0.0,1.0,0.0,0.0,4683.0,0.0,5,0.0,0.0,0.0,0.0,0.14237236302398393,4,benign
1270791,159374542,156435,1066207,48149,285589,523562,58717,835792,0,0.14672104009821732,0.22473325668815722,999.0,125.41365338596196,0,0,0,0,0,58715,108,0,0,0,0,0,0,0,0,0,0,0,0,0,0,0,0.0,0.0,0.0,0.0,0.0,1.999964985258794,180888,104715,3,1.7274316000572985,0.14234284001067052,0.08240143343791387,0.04620508014299755,0.0,0.0,0.0,0.03788899984340462,0.4119969373406012,0.0,0.0,0.0,0.0,0.0,0.0,0.0,0.0,0.0,1.0,0.0,0.0,4683.0,0.0,5,0.0,0.0,0.0,0.0,0.14234284001067052,4,benign
1544010,182441547,179947,1293806,55327,326700,598424,67509,1015615,0,0.13908344836861167,0.2115918938348845,999.0,118.16085841412944,0,0,0,0,0,67615,108,0,0,0,0,0,0,0,0,0,0,0,0,0,0,0,0.0,0.0,0.0,0.0,0.0,2.0005143654934234,207005,119684,3,1.7295962701781358,0.13406972752767146,0.07751504200102331,0.0437231624147512,0.0,0.0,0.0,0.035833317141728355,0.38757780066191283,0.0,0.0,0.0,0.0,0.0,0.0,0.0,0.0,0.0,1.0,0.0,0.0,4683.0,0.0,5,0.0,0.0,0.0,0.0,0.13406972752767146,4,benign
1361500,194047416,191768,1141225,58664,347266,637515,71907,894409,0,0.1680369778089334,0.2550613294160852,999.0,142.52472713918473,0,0,0,0,0,72214,108,0,0,0,0,0,0,0,0,0,0,0,0,0,0,0,0.0,0.0,0.0,0.0,0.0,1.9997696555775022,219769,127505,3,1.7236108387906357,0.16141681968417187,0.09365038560411311,0.052814542783694456,0.0,0.0,0.0,0.04308777084098421,0.4682445831803158,0.0,0.0,0.0,0.0,0.0,0.0,0.0,0.0,0.0,1.0,0.0,0.0,4683.0,0.0,5,0.0,0.0,0.0,0.0,0.16141681968417187,4,benign
1278249,160259040,155523,1075457,47269,287844,529864,58883,839866,0,0.14461108161460662,0.22518617264711335,999.0,125.37388255339923,0,0,0,0,0,58881,108,0,0,0,0,0,0,0,0,0,0,0,0,0,0,0,0.0,0.0,0.0,0.0,0.0,2.0,181868,105977,3,1.7161082121592421,0.14227900823704928,0.08290794673025365,0.046065359722557965,0.0,0.0,0.0,0.03697949304087075,0.41452330492728723,0.0,0.0,0.0,0.0,0.0,0.0,0.0,0.0,0.0,1.0,0.0,0.0,4683.0,0.0,5,0.0,0.0,0.0,0.0,0.14227900823704928,4,benign
1280111,160496182,155747,1077524,46840,288305,531524,59176,840752,0,0.14454156009518118,0.22521875056147475,999.0,125.37676967075511,0,0,0,0,0,59179,108,0,0,0,0,0,0,0,0,0,0,0,0,0,0,0,0.0,0.0,0.0,0.0,0.0,1.9999791889229575,182000,106303,3,1.7120871471172028,0.1421751707469118,0.08304201745004926,0.046227241231424465,0.0,0.0,0.0,0.03659057691090851,0.41521711789055793,0.0,0.0,0.0,0.0,0.0,0.0,0.0,0.0,0.0,1.0,0.0,0.0,4683.0,0.0,5,0.0,0.0,0.0,0.0,0.1421751707469118,4,benign
1369801,160108121,153993,1154096,46992,288040,530427,58428,899730,0,0.13343170758758371,0.2102787193176235,999.0,116.88421967862485,0,0,0,0,0,58423,108,0,0,0,0,0,0,0,0,0,0,0,0,0,0,0,0.0,0.0,0.0,0.0,0.0,2.0000277743059893,181955,106085,3,1.7151812226045153,0.1328331633573052,0.07744555596031832,0.04265437096337351,0.0,0.0,0.0,0.0343057130196284,0.3872292398676888,0.0,0.0,0.0,0.0,0.0,0.0,0.0,0.0,0.0,1.0,0.0,0.0,4683.0,0.0,5,0.0,0.0,0.0,0.0,0.1328331633573052,4,benign
1365009,159876807,157127,1146070,47506,286595,527640,59755,896017,0,0.13710070065528285,0.20995832261911826,999.0,117.12509368070101,0,0,0,0,0,59757,108,0,0,0,0,0,0,0,0,0,0,0,0,0,0,0,0.0,0.0,0.0,0.0,0.0,2.000076766323312,181057,105522,3,1.7158222929815583,0.1326416162823835,0.07730498480229801,0.04377626814182178,0.0,0.0,0.0,0.03480270093457259,0.386546901888559,0.0,0.0,0.0,0.0,0.0,0.0,0.0,0.0,0.0,1.0,0.0,0.0,4683.0,0.0,5,0.0,0.0,0.0,0.0,0.1326416162823835,4,benign
1560067,161599410,152908,1315487,47015,290711,538796,57823,1024444,0,0.11623680051570255,0.18634520184069017,999.0,103.58491654525095,0,0,0,0,0,57825,108,0,0,0,0,0,0,0,0,0,0,0,0,0,0,0,0.0,0.0,0.0,0.0,0.0,1.999910568098953,182962,107767,3,1.6977553425445637,0.11727829638086057,0.06907844342582722,0.037064433771113674,0.0,0.0,0.0,0.030136526187657324,0.34536721820280797,0.0,0.0,0.0,0.0,0.0,0.0,0.0,0.0,0.0,1.0,0.0,0.0,4683.0,0.0,5,0.0,0.0,0.0,0.0,0.11727829638086057,4,benign
1549785,193438305,182606,1298669,54429,328338,626032,73817,1021413,0,0.14061011697360914,0.21186035482341098,999.0,124.81621966917992,0,0,0,0,0,73609,108,0,0,0,0,0,0,0,0,0,0,0,0,0,0,0,0.0,0.0,0.0,0.0,0.0,2.000243681045879,223407,125208,3,1.7842869465209892,0.14415354387866705,0.08079056127140216,0.047630477775949566,0.0,0.0,0.0,0.0351203554041367,0.403947644350668,0.0,0.0,0.0,0.0,0.0,0.0,0.0,0.0,0.0,1.0,0.0,0.0,4683.0,0.0,5,0.0,0.0,0.0,0.0,0.14415354387866705,4,benign
1275595,160558437,148291,1081553,45751,287559,547135,55831,834272,0,0.1371093233526235,0.225431269329215,999.0,125.86944680717626,0,0,0,0,0,55825,108,0,0,0,0,0,0,0,0,0,0,0,0,0,0,0,0.0,0.0,0.0,0.0,0.0,2.0000069551186197,178137,109423,3,1.627966698043373,0.1396501240597525,0.08578192921734563,0.043768594263853336,0.0,0.0,0.0,0.03586639960175447,0.42892532504439107,0.0,0.0,0.0,0.0,0.0,0.0,0.0,0.0,0.0,1.0,0.0,0.0,4683.0,0.0,5,0.0,0.0,0.0,0.0,0.1396501240597525,4,benign
1367208,182294985,186339,1138652,55802,324910,597753,71559,896972,0,0.1636487706516126,0.23764489382742054,999.0,133.33376121263188,0,0,0,0,0,67521,108,0,0,0,0,0,0,0,0,0,0,0,0,0,0,0,0.0,0.0,0.0,0.0,0.0,1.9999507568063326,205356,119546,3,1.7177990062402757,0.15020099355767375,0.08743804892891206,0.05233951234925483,0.0,0.0,0.0,0.04081456515760586,0.43720706724946024,0.0,0.0,0.0,0.0,0.0,0.0,0.0,0.0,0.0,1.0,0.0,0.0,4683.0,0.0,5,0.0,0.0,0.0,0.0,0.15020099355767375,4,benign
1361898,159304729,151515,1147568,47740,288350,514827,55692,901038,0,0.1320313916038091,0.21172657570537587,999.0,116.97258458416123,0,0,0,0,0,55696,108,0,0,0,0,0,0,0,0,0,0,0,0,0,0,0,0.0,0.0,0.0,0.0,0.0,2.0,185389,102971,3,1.800400112653077,0.1361254660774889,0.07560845232168635,0.04089293030755607,0.0,0.0,0.0,0.035054020198282104,0.3780217020657935,0.0,0.0,0.0,0.0,0.0,0.0,0.0,0.0,0.0,1.0,0.0,0.0,4683.0,0.0,5,0.0,0.0,0.0,0.0,0.1361254660774889,4,benign
1278710,160228681,158320,1074263,46127,285882,541659,61940,834122,0,0.14737545647574196,0.22357062977532044,999.0,125.30494091701793,0,0,0,0,0,61949,108,0,0,0,0,0,0,0,0,0,0,0,0,0,0,0,0.0,0.0,0.0,0.0,0.0,2.000041976241447,177543,108332,3,1.6388786323523983,0.1388453988785573,0.0847197566297284,0.04843944287602349,0.0,0.0,0.0,0.03607307364453238,0.42359800111049417,0.0,0.0,0.0,0.0,0.0,0.0,0.0,0.0,0.0,1.0,0.0,0.0,4683.0,0.0,5,0.0,0.0,0.0,0.0,0.1388453988785573,4,benign
1550233,216601640,211186,1305373,62650,389728,716752,80861,1019336,0,0.16178211131990627,0.2513996283139373,999.0,139.72199017825062,0,0,0,0,0,80717,108,0,0,0,0,0,0,0,0,0,0,0,0,0,0,0,0.0,0.0,0.0,0.0,0.0,2.0015715599015977,246376,143347,3,1.7187384458691148,0.15892836754216946,0.09246803545015492,0.052160546188863226,0.0,0.0,0.0,0.040413279810196275,0.4623511433442586,0.0,0.0,0.0,0.0,0.0,0.0,0.0,0.0,0.0,1.0,0.0,0.0,4683.0,0.0,5,0.0,0.0,0.0,0.0,0.15892836754216946,4,benign
1459153,193853630,200227,1215303,57737,344411,642831,77750,954652,0,0.16475479777471133,0.23603487776812987,999.0,132.85353215187166,0,0,0,0,0,81756,108,0,0,0,0,0,0,0,0,0,0,0,0,0,0,0,0.0,0.0,0.0,0.0,0.0,2.0016563700505046,215846,128564,3,1.6788992252885722,0.14792554310617187,0.0881086493328664,0.05328433687214432,0.0,0.0,0.0,0.03956884576189063,0.4405507852843396,0.0,0.0,0.0,0.0,0.0,0.0,0.0,0.0,0.0,1.0,0.0,0.0,4683.0,0.0,5,0.0,0.0,0.0,0.0,0.14792554310617187,4,benign
1364670,170902043,157676,1144706,46905,286077,562418,64810,896337,0,0.13774366518564593,0.2096308997779683,999.0,125.23323807220794,0,0,0,0,0,64748,108,0,0,0,0,0,0,0,0,0,0,0,0,0,0,0,0.0,0.0,0.0,0.0,0.0,2.0000069911492053,194137,112488,3,1.725846312495555,0.14225930078333957,0.08242871903097453,0.04749133490147801,0.0,0.0,0.0,0.03437094682230869,0.4121274740413433,0.0,0.0,0.0,0.0,0.0,0.0,0.0,0.0,0.0,1.0,0.0,0.0,4683.0,0.0,5,0.0,0.0,0.0,0.0,0.14225930078333957,4,benign
1646316,194546270,185966,1387912,57076,351527,638177,70839,1084895,0,0.13398976303973162,0.2135234061990529,999.0,118.17067318789346,0,0,0,0,0,70528,108,0,0,0,0,0,0,0,0,0,0,0,0,0,0,0,0.0,0.0,0.0,0.0,0.0,2.002831666809105,224213,127632,3,1.7567146170239438,0.1361907434538691,0.07752582128825815,0.04302879884542214,0.0,0.0,0.0,0.03466892139783614,0.3876394325269268,0.0,0.0,0.0,0.0,0.0,0.0,0.0,0.0,0.0,1.0,0.0,0.0,4683.0,0.0,5,0.0,0.0,0.0,0.0,0.1361907434538691,4,benign
1375901,160715008,154551,1160356,46845,290563,525985,58347,906815,0,0.13319274429571615,0.211180164851977,999.0,116.80710167373961,0,0,0,0,0,58363,108,0,0,0,0,0,0,0,0,0,0,0,0,0,0,0,0.0,0.0,0.0,0.0,0.0,1.9999931168348453,185369,105202,3,1.762029238987852,0.1347255362122711,0.07646044301152481,0.04240639406468925,0.0,0.0,0.0,0.03404678098206194,0.38228404514569,0.0,0.0,0.0,0.0,0.0,0.0,0.0,0.0,0.0,1.0,0.0,0.0,4683.0,0.0,5,0.0,0.0,0.0,0.0,0.1347255362122711,4,benign
1273569,182087964,179607,1068211,53864,327089,600179,68542,836466,0,0.16813813001363961,0.2568286445414422,999.0,142.9745573266937,0,0,0,0,0,64452,108,0,0,0,0,0,0,0,0,0,0,0,0,0,0,0,0.0,0.0,0.0,0.0,0.0,2.0028718388341193,207049,120033,3,1.7249339764897986,0.1625738377740036,0.0942493104024988,0.05381883510041466,0.0,0.0,0.0,0.04229374301667205,0.4712575447423736,0.0,0.0,0.0,0.0,0.0,0.0,0.0,0.0,0.0,1.0,0.0,0.0,4683.0,0.0,5,0.0,0.0,0.0,0.0,0.1625738377740036,4,benign
1277301,159921986,155235,1075166,46900,288644,523053,58767,841543,0,0.1443823558408655,0.22597962422326454,999.0,125.20305393951779,0,0,0,0,0,58767,108,0,0,0,0,0,0,0,0,0,0,0,0,0,0,0,0.0,0.0,0.0,0.0,0.0,2.0000277161862527,184038,104612,3,1.7592436814132222,0.14408350106983397,0.08190082055834921,0.046008732475743774,0.0,0.0,0.0,0.03671804844746853,0.4094986224860076,0.0,0.0,0.0,0.0,0.0,0.0,0.0,0.0,0.0,1.0,0.0,0.0,4683.0,0.0,5,0.0,0.0,0.0,0.0,0.14408350106983397,4,benign
1250336,167943007,164001,1050796,49926,301850,552104,62071,822173,0,0.15607311028972323,0.241415107619072,999.0,134.318300840734,0,0,0,0,0,62169,108,0,0,0,0,0,0,0,0,0,0,0,0,0,0,0,0.0,0.0,0.0,0.0,0.0,2.0002650674265268,191422,110418,3,1.7336122733612274,0.153096447674865,0.08831066209402913,0.049643455839070455,0.0,0.0,0.0,0.039930066798044686,0.44156450746039466,0.0,0.0,0.0,0.0,0.0,0.0,0.0,0.0,0.0,1.0,0.0,0.0,4683.0,0.0,5,0.0,0.0,0.0,0.0,0.153096447674865,4,benign
1452071,159873230,159817,1213554,49907,284506,524473,59541,953945,0,0.13169335686751477,0.19593119069246615,999.0,110.100146618175,0,0,0,0,0,59545,108,0,0,0,0,0,0,0,0,0,0,0,0,0,0,0,0.0,0.0,0.0,0.0,0.0,1.9998172437546569,179606,104901,3,1.7121476439690757,0.12368954410631436,0.07224233525771123,0.04100419332112548,0.0,0.0,0.0,0.03436953151739825,0.3611896387986538,0.0,0.0,0.0,0.0,0.0,0.0,0.0,0.0,0.0,1.0,0.0,0.0,4683.0,0.0,5,0.0,0.0,0.0,0.0,0.12368954410631436,4,benign
1370255,171303066,162944,1158212,49099,311226,561770,62116,903323,0,0.14068581572285557,0.22712998675429025,999.0,125.0154650046889,0,0,0,0,0,62189,108,0,0,0,0,0,0,0,0,0,0,0,0,0,0,0,0.0,0.0,0.0,0.0,0.0,2.000282792706519,198876,112347,3,1.7701941306843973,0.14513794877595776,0.08198984860482172,0.0453317083316609,0.0,0.0,0.0,0.035832016668430326,0.4099747857150676,0.0,0.0,0.0,0.0,0.0,0.0,0.0,0.0,0.0,1.0,0.0,0.0,4683.0,0.0,5,0.0,0.0,0.0,0.0,0.14513794877595776,4,benign
1721420,182873050,196510,1435695,61583,342890,601327,68472,1129608,0,0.1368744754282769,0.1991902034366976,999.0,106.23383601910051,0,0,0,0,0,68413,108,0,0,0,0,0,0,0,0,0,0,0,0,0,0,0,0.0,0.0,0.0,0.0,0.0,2.0011088415523783,202303,120265,3,1.6821435995509915,0.11752100010456483,0.06986383334688803,0.039776463617246224,0.0,0.0,0.0,0.035774534976937646,0.34932032856595135,0.0,0.0,0.0,0.0,0.0,0.0,0.0,0.0,0.0,1.0,0.0,0.0,4683.0,0.0,5,0.0,0.0,0.0,0.0,0.11752100010456483,4,benign
1457952,170764051,161220,1233521,48064,311185,559645,61976,961007,0,0.13069903147169767,0.21343981146155702,999.0,117.1259760266456,0,0,0,0,0,61849,108,0,0,0,0,0,0,0,0,0,0,0,0,0,0,0,0.0,0.0,0.0,0.0,0.0,2.0002506861730507,199258,111927,3,1.7802496269890196,0.13666979434165186,0.07677001711990518,0.04250894405302781,0.0,0.0,0.0,0.03296679177366607,0.3838569445358969,0.0,0.0,0.0,0.0,0.0,0.0,0.0,0.0,0.0,1.0,0.0,0.0,4683.0,0.0,5,0.0,0.0,0.0,0.0,0.13666979434165186,4,benign
1270781,159652800,160821,1059410,50550,283349,523395,59534,834948,0,0.1518024183271821,0.22297232961462282,999.0,125.63360641998896,0,0,0,0,0,59543,108,0,0,0,0,0,0,0,0,0,0,0,0,0,0,0,0.0,0.0,0.0,0.0,0.0,2.0000070584581504,178673,104680,3,1.7068494459304546,0.1406009375336899,0.08237453975153862,0.046848355460146165,0.0,0.0,0.0,0.03977868727971224,0.41186876416943596,0.0,0.0,0.0,0.0,0.0,0.0,0.0,0.0,0.0,1.0,0.0,0.0,4683.0,0.0,5,0.0,0.0,0.0,0.0,0.1406009375336899,4,benign
1458812,160157515,154732,1227052,47257,288933,524912,58535,960367,0,0.12610060535331835,0.19806047660699255,999.0,109.78626101238542,0,0,0,0,0,58541,108,0,0,0,0,0,0,0,0,0,0,0,0,0,0,0,0.0,0.0,0.0,0.0,0.0,1.9999238606788858,183953,104984,3,1.7522003352891868,0.1260978110956038,0.0719654074685429,0.040125115504945116,0.0,0.0,0.0,0.03239416730874163,0.3598215534284061,0.0,0.0,0.0,0.0,0.0,0.0,0.0,0.0,0.0,1.0,0.0,0.0,4683.0,0.0,5,0.0,0.0,0.0,0.0,0.1260978110956038,4,benign
1373077,160816668,158597,1151702,48551,287719,528052,59504,903092,0,0.13770662897173053,0.20954323756060295,999.0,117.12137629572122,0,0,0,0,0,59497,108,0,0,0,0,0,0,0,0,0,0,0,0,0,0,0,0.0,0.0,0.0,0.0,0.0,2.0000625629974627,182102,105611,3,1.7242711459980495,0.13262329789225222,0.07691556992069637,0.043336244070798655,0.0,0.0,0.0,0.035359269727772,0.38457566472965465,0.0,0.0,0.0,0.0,0.0,0.0,0.0,0.0,0.0,1.0,0.0,0.0,4683.0,0.0,5,0.0,0.0,0.0,0.0,0.13262329789225222,4,benign
1275904,159976135,154442,1074510,46952,287390,530825,58671,837735,0,0.14373249201961824,0.22524421900080258,999.0,125.38257972386637,0,0,0,0,0,58670,108,0,0,0,0,0,0,0,0,0,0,0,0,0,0,0,0.0,0.0,0.0,0.0,0.0,2.0000278371249816,181227,106155,3,1.7071923131270312,0.14203811572030497,0.08319983321629214,0.045983867124799356,0.0,0.0,0.0,0.036799006821829856,0.4160383539827448,0.0,0.0,0.0,0.0,0.0,0.0,0.0,0.0,0.0,1.0,0.0,0.0,4683.0,0.0,5,0.0,0.0,0.0,0.0,0.14203811572030497,4,benign
1273830,159672024,156363,1070731,46736,286551,527488,59489,836682,0,0.14603387779003316,0.22495230917783376,999.0,125.34798520995737,0,0,0,0,0,59481,108,0,0,0,0,0,0,0,0,0,0,0,0,0,0,0,0.0,0.0,0.0,0.0,0.0,1.9999651028071301,181064,105507,3,1.7161325788810222,0.14214141604452712,0.08282659381550128,0.04670089415385099,0.0,0.0,0.0,0.036689354152437924,0.414096072474349,0.0,0.0,0.0,0.0,0.0,0.0,0.0,0.0,0.0,1.0,0.0,0.0,4683.0,0.0,5,0.0,0.0,0.0,0.0,0.14214141604452712,4,benign
1370976,160437539,152791,1157011,46413,288682,534096,57855,900722,0,0.1320566528753832,0.21056677870363888,999.0,117.02432354760404,0,0,0,0,0,57861,108,0,0,0,0,0,0,0,0,0,0,0,0,0,0,0,0.0,0.0,0.0,0.0,0.0,1.9999722882301185,181849,106820,3,1.7023871934094739,0.13264200102700557,0.077915295380809,0.04219986345494013,0.0,0.0,0.0,0.03385398431482389,0.3895735592745606,0.0,0.0,0.0,0.0,0.0,0.0,0.0,0.0,0.0,1.0,0.0,0.0,4683.0,0.0,5,0.0,0.0,0.0,0.0,0.13264200102700557,4,benign
1367216,182613035,184111,1143263,54660,326876,601342,70838,897144,0,0.1610399356928371,0.23908146189044013,999.0,133.56560704380288,0,0,0,0,0,70560,108,0,0,0,0,0,0,0,0,0,0,0,0,0,0,0,0.0,0.0,0.0,0.0,0.0,2.0000611871531455,206592,120255,3,1.717949357615068,0.1511041415548092,0.08795610934921769,0.05181185708768768,0.0,0.0,0.0,0.039979052322383586,0.4398295514388363,0.0,0.0,0.0,0.0,0.0,0.0,0.0,0.0,0.0,1.0,0.0,0.0,4683.0,0.0,5,0.0,0.0,0.0,0.0,0.1511041415548092,4,benign
1370205,183491476,162879,1157399,49927,309593,609870,66000,900472,0,0.140728478251666,0.22594648246065369,999.0,133.91534551399243,0,0,0,0,0,65892,108,0,0,0,0,0,0,0,0,0,0,0,0,0,0,0,0.0,0.0,0.0,0.0,0.0,1.9999031032789851,208176,121987,3,1.7065425004303738,0.15193055053805818,0.08902828408887721,0.04816797486507493,0.0,0.0,0.0,0.036437613349827216,0.44509398228732194,0.0,0.0,0.0,0.0,0.0,0.0,0.0,0.0,0.0,1.0,0.0,0.0,4683.0,0.0,5,0.0,0.0,0.0,0.0,0.15193055053805818,4,benign
1366320,159959180,149974,1156596,45844,288457,533101,56605,897787,0,0.12966844083846044,0.2111196498624041,999.0,117.07299900462556,0,0,0,0,0,56611,108,0,0,0,0,0,0,0,0,0,0,0,0,0,0,0,0.0,0.0,0.0,0.0,0.0,2.0000624029287772,181838,106620,3,1.705477396360908,0.13308595351015867,0.07803442824521342,0.04142880145207565,0.0,0.0,0.0,0.03355290122372504,0.3901728731190351,0.0,0.0,0.0,0.0,0.0,0.0,0.0,0.0,0.0,1.0,0.0,0.0,4683.0,0.0,5,0.0,0.0,0.0,0.0,0.13308595351015867,4,benign
1366655,182683713,184500,1141516,55665,326440,600431,70774,896397,0,0.16162716948338876,0.23886057563906032,999.0,133.6721506159199,0,0,0,0,0,70751,108,0,0,0,0,0,0,0,0,0,0,0,0,0,0,0,0.0,0.0,0.0,0.0,0.0,1.9980780648438887,206345,120093,3,1.7182100538749137,0.15098543524152036,0.08787367697041316,0.05178629573667092,0.0,0.0,0.0,0.04073083550713238,0.4393435065909099,0.0,0.0,0.0,0.0,0.0,0.0,0.0,0.0,0.0,1.0,0.0,0.0,4683.0,0.0,5,0.0,0.0,0.0,0.0,0.15098543524152036,4,benign
1548708,182328394,183679,1295704,53598,326646,599596,70585,1017027,0,0.14176000074090997,0.21091516283250297,999.0,117.72935504949932,0,0,0,0,0,70361,108,0,0,0,0,0,0,0,0,0,0,0,0,0,0,0,0.0,0.0,0.0,0.0,0.0,2.0006124711372975,206726,119914,3,1.723952165718765,0.13348287734033787,0.07742841129509243,0.045576700062245436,0.0,0.0,0.0,0.03460820245004223,0.38715884466277695,0.0,0.0,0.0,0.0,0.0,0.0,0.0,0.0,0.0,1.0,0.0,0.0,4683.0,0.0,5,0.0,0.0,0.0,0.0,0.13348287734033787,4,benign
1266065,158539955,159560,1055624,50881,285184,500122,58226,839743,0,0.15115230422953627,0.22525225798043544,999.0,125.22260310489588,0,0,0,0,0,58229,108,0,0,0,0,0,0,0,0,0,0,0,0,0,0,0,0.0,0.0,0.0,0.0,0.0,1.9999298722974537,185164,100035,3,1.8509921527465387,0.14625157476116946,0.0790125309522023,0.04598973986327716,0.0,0.0,0.0,0.04018829996880097,0.3950207927713032,0.0,0.0,0.0,0.0,0.0,0.0,0.0,0.0,0.0,1.0,0.0,0.0,4683.0,0.0,5,0.0,0.0,0.0,0.0,0.14625157476116946,4,benign
1293189,162235236,164236,1096314,47575,310831,561046,60718,840810,0,0.14980744567705967,0.24036007111102864,999.0,125.45361582877676,0,0,0,0,0,60713,108,0,0,0,0,0,0,0,0,0,0,0,0,0,0,0,0.0,0.0,0.0,0.0,0.0,1.9996976305817715,178432,112200,3,1.5903030303030303,0.13797828469001824,0.08676225980889105,0.046952146979289185,0.0,0.0,0.0,0.03678889937975037,0.4338468700244125,0.0,0.0,0.0,0.0,0.0,0.0,0.0,0.0,0.0,1.0,0.0,0.0,4683.0,0.0,5,0.0,0.0,0.0,0.0,0.13797828469001824,4,benign
1276170,159835101,158960,1069044,48166,286179,526196,60729,837819,0,0.14869359914091468,0.22424833682032957,999.0,125.24593196831144,0,0,0,0,0,60728,108,0,0,0,0,0,0,0,0,0,0,0,0,0,0,0,0.0,0.0,0.0,0.0,0.0,2.0001188138187462,180936,105243,3,1.7192212308657109,0.14178048379134442,0.08246785302898517,0.04758692023789934,0.0,0.0,0.0,0.037742620497269175,0.41232437684634493,0.0,0.0,0.0,0.0,0.0,0.0,0.0,0.0,0.0,1.0,0.0,0.0,4683.0,0.0,5,0.0,0.0,0.0,0.0,0.14178048379134442,4,benign
1456681,159653439,169053,1222206,50313,306583,525178,60184,956665,0,0.1383179267652098,0.21046680776367646,999.0,109.60082475160999,0,0,0,0,0,60185,108,0,0,0,0,0,0,0,0,0,0,0,0,0,0,0,0.0,0.0,0.0,0.0,0.0,2.0000978575715664,181423,105027,3,1.7273939082331211,0.12454545641770573,0.07210020587898106,0.041315840599280146,0.0,0.0,0.0,0.03453947707150708,0.360530548555243,0.0,0.0,0.0,0.0,0.0,0.0,0.0,0.0,0.0,1.0,0.0,0.0,4683.0,0.0,5,0.0,0.0,0.0,0.0,0.12454545641770573,4,benign
1720825,193446791,191441,1441720,59782,345744,635248,71988,1130387,0,0.13278653275254557,0.2009175831359958,999.0,112.41514448011854,0,0,0,0,0,71817,108,0,0,0,0,0,0,0,0,0,0,0,0,0,0,0,0.0,0.0,0.0,0.0,0.0,2.0010301939426913,218687,127051,3,1.721253669786149,0.12708264931065041,0.07383144712565194,0.041833422922144904,0.0,0.0,0.0,0.034740313512414106,0.3691531678119507,0.0,0.0,0.0,0.0,0.0,0.0,0.0,0.0,0.0,1.0,0.0,0.0,4683.0,0.0,5,0.0,0.0,0.0,0.0,0.12708264931065041,4,benign
1271817,159288428,146094,1080250,45473,290939,518443,54129,842094,0,0.1352409164545244,0.22875853994717793,999.0,125.24477027748489,0,0,0,0,0,54124,108,0,0,0,0,0,0,0,0,0,0,0,0,0,0,0,0.0,0.0,0.0,0.0,0.0,1.9999656291245052,187261,103686,3,1.8060393881526917,0.1472389502577808,0.08152587990253314,0.042560368354881244,0.0,0.0,0.0,0.03575435774171913,0.40763962110901175,0.0,0.0,0.0,0.0,0.0,0.0,0.0,0.0,0.0,1.0,0.0,0.0,4683.0,0.0,5,0.0,0.0,0.0,0.0,0.1472389502577808,4,benign
1370922,171345386,183751,1146686,54035,327556,600960,71541,898571,0,0.16024526330660704,0.2389311718682755,999.0,124.98551048126735,0,0,0,0,0,67701,108,0,0,0,0,0,0,0,0,0,0,0,0,0,0,0,0.0,0.0,0.0,0.0,0.0,1.9991211473909063,207370,120189,3,1.7253658820690745,0.15126316449805313,0.08767019567852875,0.05218458818225982,0.0,0.0,0.0,0.03941507977842649,0.43836191993417567,0.0,0.0,0.0,0.0,0.0,0.0,0.0,0.0,0.0,1.0,0.0,0.0,4683.0,0.0,5,0.0,0.0,0.0,0.0,0.15126316449805313,4,benign
1266574,158997618,157207,1060684,48683,283883,522649,58880,832358,0,0.14821285132989656,0.22413455510692623,999.0,125.53361903844545,0,0,0,0,0,58879,108,0,0,0,0,0,0,0,0,0,0,0,0,0,0,0,0.0,0.0,0.0,0.0,0.0,2.000007045180744,179352,104534,3,1.7157288537700652,0.141604043664247,0.08253288003701323,0.0464876114621017,0.0,0.0,0.0,0.03843675932081347,0.4126478200247281,0.0,0.0,0.0,0.0,0.0,0.0,0.0,0.0,0.0,1.0,0.0,0.0,4683.0,0.0,5,0.0,0.0,0.0,0.0,0.141604043664247,4,benign
1811802,227018457,210735,1522983,63741,388003,745245,83649,1190972,0,0.13836989644664452,0.21415309178376005,999.0,125.29981587392,0,0,0,0,0,83777,108,0,0,0,0,0,0,0,0,0,0,0,0,0,0,0,0.0,0.0,0.0,0.0,0.0,2.0002422955180483,258929,149055,3,1.7371372983127034,0.1429124153743069,0.08226892342540741,0.046168952236502664,0.0,0.0,0.0,0.03518099659896611,0.41132805902631747,0.0,0.0,0.0,0.0,0.0,0.0,0.0,0.0,0.0,1.0,0.0,0.0,4683.0,0.0,5,0.0,0.0,0.0,0.0,0.1429124153743069,4,benign
1278732,159811314,151075,1082965,44692,291207,523504,57862,843532,0,0.13950127658788603,0.22773106483610325,999.0,124.97639380261072,0,0,0,0,0,57868,108,0,0,0,0,0,0,0,0,0,0,0,0,0,0,0,0.0,0.0,0.0,0.0,0.0,2.000048076923077,186496,104695,3,1.7813267109222026,0.1458444771852116,0.08187407525580027,0.04524951279861613,0.0,0.0,0.0,0.03495024758901787,0.40939305499510453,0.0,0.0,0.0,0.0,0.0,0.0,0.0,0.0,0.0,1.0,0.0,0.0,4683.0,0.0,5,0.0,0.0,0.0,0.0,0.1458444771852116,4,benign
1367450,160126277,156878,1149493,47737,287439,525609,59081,900091,0,0.13647582020943147,0.21020073860104574,999.0,117.09845113166844,0,0,0,0,0,59083,108,0,0,0,0,0,0,0,0,0,0,0,0,0,0,0,0.0,0.0,0.0,0.0,0.0,2.0000347905954063,182312,105119,3,1.7343391775035912,0.13332260777359317,0.07687228052213975,0.04320523602325496,0.0,0.0,0.0,0.03490950308969249,0.3843716406449962,0.0,0.0,0.0,0.0,0.0,0.0,0.0,0.0,0.0,1.0,0.0,0.0,4683.0,0.0,5,0.0,0.0,0.0,0.0,0.13332260777359317,4,benign
1287715,161565270,159396,1078865,49454,289064,529329,59420,847302,0,0.14774415705394095,0.22447824246824802,999.0,125.46663663931848,0,0,0,0,0,59420,108,0,0,0,0,0,0,0,0,0,0,0,0,0,0,0,0.0,0.0,0.0,0.0,0.0,1.999889303998893,183197,105862,3,1.7305265345449736,0.14226517513580256,0.08220918448569753,0.04614375075230156,0.0,0.0,0.0,0.038404460614344015,0.41106067724612977,0.0,0.0,0.0,0.0,0.0,0.0,0.0,0.0,0.0,1.0,0.0,0.0,4683.0,0.0,5,0.0,0.0,0.0,0.0,0.14226517513580256,4,benign
1367474,171365331,167431,1149020,51023,308048,562194,63199,899825,0,0.14571634958486362,0.22526790271698036,999.0,125.3152389003374,0,0,0,0,0,67261,108,0,0,0,0,0,0,0,0,0,0,0,0,0,0,0,0.0,0.0,0.0,0.0,0.0,1.9998831419241332,195615,112446,3,1.7396350248119097,0.1430484235897721,0.08222898570649241,0.04621586955218161,0.0,0.0,0.0,0.03731186113959022,0.4111186026205983,0.0,0.0,0.0,0.0,0.0,0.0,0.0,0.0,0.0,1.0,0.0,0.0,4683.0,0.0,5,0.0,0.0,0.0,0.0,0.1430484235897721,4,benign
1270272,159308317,157154,1064969,48149,285252,523130,59085,835235,0,0.1475667366843542,0.22455977932285368,999.0,125.4127596294337,0,0,0,0,0,59091,108,0,0,0,0,0,0,0,0,0,0,0,0,0,0,0,0.0,0.0,0.0,0.0,0.0,2.000014022787029,180619,104628,3,1.7262969759528999,0.14218923191253527,0.08236661124546554,0.04651366006650544,0.0,0.0,0.0,0.037904480300282144,0.4118251838976219,0.0,0.0,0.0,0.0,0.0,0.0,0.0,0.0,0.0,1.0,0.0,0.0,4683.0,0.0,5,0.0,0.0,0.0,0.0,0.14218923191253527,4,benign
1274392,159809400,157930,1067805,48657,286095,523777,59244,838263,0,0.1479015363291987,0.22449528873376481,999.0,125.40050471126624,0,0,0,0,0,59237,108,0,0,0,0,0,0,0,0,0,0,0,0,0,0,0,0.0,0.0,0.0,0.0,0.0,1.9999930093395224,181344,104759,3,1.7310589066333202,0.14229844506242978,0.08220312117464643,0.04648805077244678,0.0,0.0,0.0,0.03818055982774531,0.4110014814907815,0.0,0.0,0.0,0.0,0.0,0.0,0.0,0.0,0.0,1.0,0.0,0.0,4683.0,0.0,5,0.0,0.0,0.0,0.0,0.14229844506242978,4,benign
1459837,160135010,169331,1223417,51655,306768,525812,59479,959506,0,0.13840824510367275,0.2101385291645574,999.0,109.69376033077666,0,0,0,0,0,59481,108,0,0,0,0,0,0,0,0,0,0,0,0,0,0,0,0.0,0.0,0.0,0.0,0.0,2.0000391182741017,181593,105161,3,1.7268093684921215,0.12439265479639165,0.072036124581032,0.04074358986653989,0.0,0.0,0.0,0.035384087401538665,0.36018541796104636,0.0,0.0,0.0,0.0,0.0,0.0,0.0,0.0,0.0,1.0,0.0,0.0,4683.0,0.0,5,0.0,0.0,0.0,0.0,0.12439265479639165,4,benign
1818030,205988531,210753,1529293,64876,389914,679096,75594,1194188,0,0.13781073999554042,0.2144706082957927,999.0,113.30315286326409,0,0,0,0,0,75484,108,0,0,0,0,0,0,0,0,0,0,0,0,0,0,0,0.0,0.0,0.0,0.0,0.0,1.997714929808382,234087,135808,3,1.7236613454288408,0.12875860134321215,0.07470063750323153,0.041580171944357355,0.0,0.0,0.0,0.035684779679103204,0.37353399008817234,0.0,0.0,0.0,0.0,0.0,0.0,0.0,0.0,0.0,1.0,0.0,0.0,4683.0,0.0,5,0.0,0.0,0.0,0.0,0.12875860134321215,4,benign
1275467,171275240,166103,1072827,50419,307533,566912,62957,837803,0,0.1548273859625084,0.2411140390147295,999.0,134.28433663905065,0,0,0,0,0,62963,108,0,0,0,0,0,0,0,0,0,0,0,0,0,0,0,0.0,0.0,0.0,0.0,0.0,2.0011257157730347,194145,113384,3,1.7122786283779017,0.15221483582091894,0.0888960670875844,0.04935995992056243,0.0,0.0,0.0,0.03952983495456958,0.44447406322546956,0.0,0.0,0.0,0.0,0.0,0.0,0.0,0.0,0.0,1.0,0.0,0.0,4683.0,0.0,5,0.0,0.0,0.0,0.0,0.15221483582091894,4,benign
1276930,160161379,153836,1075977,47117,287749,531692,58298,838502,0,0.1429733163441226,0.22534438066299642,999.0,125.42690593846179,0,0,0,0,0,58303,108,0,0,0,0,0,0,0,0,0,0,0,0,0,0,0,0.0,0.0,0.0,0.0,0.0,1.999965248093858,181421,106339,3,1.7060626863145225,0.14207591645587464,0.08327707861824846,0.045654812714870825,0.0,0.0,0.0,0.036898655368735954,0.41638304370638957,0.0,0.0,0.0,0.0,0.0,0.0,0.0,0.0,0.0,1.0,0.0,0.0,4683.0,0.0,5,0.0,0.0,0.0,0.0,0.14207591645587464,4,benign
1366354,182301766,181717,1144678,54669,327218,594361,69221,898649,0,0.15874944744286165,0.2394825938226843,999.0,133.42206046163733,0,0,0,0,0,69392,108,0,0,0,0,0,0,0,0,0,0,0,0,0,0,0,0.0,0.0,0.0,0.0,0.0,1.9996333392406456,208346,118881,3,1.7525592819710467,0.15248317785873938,0.08700600283674656,0.05066110246685705,0.0,0.0,0.0,0.04001086102137513,0.4349978116944804,0.0,0.0,0.0,0.0,0.0,0.0,0.0,0.0,0.0,1.0,0.0,0.0,4683.0,0.0,5,0.0,0.0,0.0,0.0,0.15248317785873938,4,benign
1461935,195279805,183724,1236073,55747,350959,653685,69206,959172,0,0.1486352343267752,0.24006470875928138,999.0,133.57625681032331,0,0,0,0,0,69444,108,0,0,0,0,0,0,0,0,0,0,0,0,0,0,0,0.0,0.0,0.0,0.0,0.0,1.9994929468334814,220211,130729,3,1.6844846973510086,0.15062981596309002,0.08942189632233992,0.047338629966448574,0.0,0.0,0.0,0.0381323383050546,0.44713684260928155,0.0,0.0,0.0,0.0,0.0,0.0,0.0,0.0,0.0,1.0,0.0,0.0,4683.0,0.0,5,0.0,0.0,0.0,0.0,0.15062981596309002,4,benign
1368439,171462961,169679,1147140,51621,306967,565467,64619,898654,0,0.14791481423365938,0.2243190964303122,999.0,125.29821278113236,0,0,0,0,0,64640,108,0,0,0,0,0,0,0,0,0,0,0,0,0,0,0,0.0,0.0,0.0,0.0,0.0,2.0000847032454376,193881,113091,3,1.7143804546780912,0.141680411037686,0.08264233919085907,0.047220957602056066,0.0,0.0,0.0,0.03772254371586896,0.4132204650700543,0.0,0.0,0.0,0.0,0.0,0.0,0.0,0.0,0.0,1.0,0.0,0.0,4683.0,0.0,5,0.0,0.0,0.0,0.0,0.141680411037686,4,benign
1454926,171327027,167331,1221955,51663,308736,555114,62560,959506,0,0.13693712125241927,0.2122004830486224,999.0,117.75652301216694,0,0,0,0,0,62396,108,0,0,0,0,0,0,0,0,0,0,0,0,0,0,0,0.0,0.0,0.0,0.0,0.0,2.0001295689241894,197705,111024,3,1.7807411010232022,0.13588663615881494,0.07630903564854845,0.042998750451913016,0.0,0.0,0.0,0.03550902245200099,0.3815410543216631,0.0,0.0,0.0,0.0,0.0,0.0,0.0,0.0,0.0,1.0,0.0,0.0,4683.0,0.0,5,0.0,0.0,0.0,0.0,0.13588663615881494,4,benign
1280410,183976128,175111,1082413,52400,329711,622088,67541,836288,0,0.1617783600160013,0.25750423692411023,999.0,143.6853257940816,0,0,0,0,0,67249,108,0,0,0,0,0,0,0,0,0,0,0,0,0,0,0,0.0,0.0,0.0,0.0,0.0,1.9990723449664105,205300,124428,3,1.6499501719870127,0.16033926632875406,0.097178247592568,0.05274950992260292,0.0,0.0,0.0,0.04092439140587781,0.4858506259713685,0.0,0.0,0.0,0.0,0.0,0.0,0.0,0.0,0.0,1.0,0.0,0.0,4683.0,0.0,5,0.0,0.0,0.0,0.0,0.16033926632875406,4,benign
1272854,159249176,157004,1068963,46887,286945,520266,59813,838045,0,0.14687505554448563,0.22543433889511288,999.0,125.111895001312,0,0,0,0,0,59803,108,0,0,0,0,0,0,0,0,0,0,0,0,0,0,0,0.0,0.0,0.0,0.0,0.0,2.000034850491392,182895,104051,3,1.757743798714092,0.14368890697597683,0.08174621755519486,0.04699124958557698,0.0,0.0,0.0,0.03683611788940444,0.4087397297726212,0.0,0.0,0.0,0.0,0.0,0.0,0.0,0.0,0.0,1.0,0.0,0.0,4683.0,0.0,5,0.0,0.0,0.0,0.0,0.14368890697597683,4,benign
1279564,160185818,165308,1065599,48657,284509,530358,64086,836744,0,0.1551315269627693,0.2223483936715944,999.0,125.18781241110253,0,0,0,0,0,64094,108,0,0,0,0,0,0,0,0,0,0,0,0,0,0,0,0.0,0.0,0.0,0.0,0.0,1.99999297037011,178430,106066,3,1.682254445345351,0.13944593627204266,0.08289229768890029,0.050084247446786564,0.0,0.0,0.0,0.03802623393593443,0.4144833708982122,0.0,0.0,0.0,0.0,0.0,0.0,0.0,0.0,0.0,1.0,0.0,0.0,4683.0,0.0,5,0.0,0.0,0.0,0.0,0.13944593627204266,4,benign
1274781,159745521,158085,1069771,46925,286271,527301,60309,836957,0,0.14777461718442544,0.2245648468246703,999.0,125.31212890684753,0,0,0,0,0,60297,108,0,0,0,0,0,0,0,0,0,0,0,0,0,0,0,0.0,0.0,0.0,0.0,0.0,2.000034932545255,180806,105466,3,1.7143534409193484,0.14183298935268096,0.08273264192045536,0.04730930253902435,0.0,0.0,0.0,0.03681024426940784,0.41364046059676135,0.0,0.0,0.0,0.0,0.0,0.0,0.0,0.0,0.0,1.0,0.0,0.0,4683.0,0.0,5,0.0,0.0,0.0,0.0,0.14183298935268096,4,benign
1368861,171191253,169200,1148257,51404,308044,560124,64535,900821,0,0.14735377184724327,0.22503672761514865,999.0,125.06109312779019,0,0,0,0,0,64669,108,0,0,0,0,0,0,0,0,0,0,0,0,0,0,0,0.0,0.0,0.0,0.0,0.0,2.000662462411753,196028,112030,3,1.7497813085780594,0.14320519030054915,0.0818417647956951,0.0471450351788823,0.0,0.0,0.0,0.03755238844557628,0.4091898300850123,0.0,0.0,0.0,0.0,0.0,0.0,0.0,0.0,0.0,1.0,0.0,0.0,4683.0,0.0,5,0.0,0.0,0.0,0.0,0.14320519030054915,4,benign
1366962,171324160,161762,1155827,49373,310132,563580,60651,901013,0,0.13995347054533247,0.22687682612976806,999.0,125.33205751147435,0,0,0,0,0,60858,108,0,0,0,0,0,0,0,0,0,0,0,0,0,0,0,0.0,0.0,0.0,0.0,0.0,2.0004644262400824,197405,112708,3,1.751472832452,0.14441147595909762,0.08245145073528014,0.044369192413541855,0.0,0.0,0.0,0.03611878018555015,0.4122865156456434,0.0,0.0,0.0,0.0,0.0,0.0,0.0,0.0,0.0,1.0,0.0,0.0,4683.0,0.0,5,0.0,0.0,0.0,0.0,0.14441147595909762,4,benign
1367132,182671124,184282,1141986,55301,326340,602633,70724,896421,0,0.16136975409505896,0.23870409002203152,999.0,133.61630332696478,0,0,0,0,0,70909,108,0,0,0,0,0,0,0,0,0,0,0,0,0,0,0,0.0,0.0,0.0,0.0,0.0,2.000833834042501,205823,120530,3,1.7076495478304157,0.150550934364787,0.08816266461468242,0.05173165429526922,0.0,0.0,0.0,0.04045037348258983,0.44080088828291636,0.0,0.0,0.0,0.0,0.0,0.0,0.0,0.0,0.0,1.0,0.0,0.0,4683.0,0.0,5,0.0,0.0,0.0,0.0,0.150550934364787,4,benign
1368569,171361946,166424,1151298,50847,308978,560995,63027,900996,0,0.14455336498456525,0.22576720647625367,999.0,125.2125000639354,0,0,0,0,0,63197,108,0,0,0,0,0,0,0,0,0,0,0,0,0,0,0,0.0,0.0,0.0,0.0,0.0,1.9993141023152283,196777,112199,3,1.7538213353060188,0.14378303176529644,0.08198271333049338,0.04605321324682935,0.0,0.0,0.0,0.0371534062221196,0.4099135666524669,0.0,0.0,0.0,0.0,0.0,0.0,0.0,0.0,0.0,1.0,0.0,0.0,4683.0,0.0,5,0.0,0.0,0.0,0.0,0.14378303176529644,4,benign
1247887,156364792,153002,1048674,46211,281014,514174,57981,820638,0,0.14590044189137902,0.22519186432745913,999.0,125.30364688469389,0,0,0,0,0,57979,108,0,0,0,0,0,0,0,0,0,0,0,0,0,0,0,0.0,0.0,0.0,0.0,0.0,2.0000569382860154,178171,102834,3,1.7326078923313302,0.14277815218845938,0.08240649994751127,0.04646334163269591,0.0,0.0,0.0,0.03703139787496785,0.4120357051559957,0.0,0.0,0.0,0.0,0.0,0.0,0.0,0.0,0.0,1.0,0.0,0.0,4683.0,0.0,5,0.0,0.0,0.0,0.0,0.14277815218845938,4,benign
1466710,183885799,168621,1232019,52175,310067,602002,67510,965137,0,0.1368655840534927,0.21140307218195825,999.0,125.37297693477238,0,0,0,0,0,67787,108,0,0,0,0,0,0,0,0,0,0,0,0,0,0,0,0.0,0.0,0.0,0.0,0.0,2.0004451641623495,209922,120405,3,1.7434658029151613,0.14312440768795467,0.0820918927395327,0.04602818553088204,0.0,0.0,0.0,0.03557281262144527,0.41044378234279444,0.0,0.0,0.0,0.0,0.0,0.0,0.0,0.0,0.0,1.0,0.0,0.0,4683.0,0.0,5,0.0,0.0,0.0,0.0,0.14312440768795467,4,benign
1275070,159566633,153445,1074972,46653,288614,522940,58255,840018,0,0.14274325284751602,0.2263514944277569,999.0,125.14342977248307,0,0,0,0,0,58256,108,0,0,0,0,0,0,0,0,0,0,0,0,0,0,0,0.0,0.0,0.0,0.0,0.0,2.000083159506864,184018,104582,3,1.7595570939549827,0.14431991969068364,0.08202059494772836,0.04568768773479103,0.0,0.0,0.0,0.03658857945053997,0.4101265028586666,0.0,0.0,0.0,0.0,0.0,0.0,0.0,0.0,0.0,1.0,0.0,0.0,4683.0,0.0,5,0.0,0.0,0.0,0.0,0.14431991969068364,4,benign
1362520,159867489,161647,1134667,51265,282223,525109,59334,895271,0,0.14246206155638616,0.20713310630302675,999.0,117.33221457299709,0,0,0,0,0,59338,108,0,0,0,0,0,0,0,0,0,0,0,0,0,0,0,0.0,0.0,0.0,0.0,0.0,2.0000212600099214,177193,105022,3,1.6871988726171658,0.13004799929542318,0.0770792355341573,0.04354725068255879,0.0,0.0,0.0,0.03762513577782344,0.3853954437366057,0.0,0.0,0.0,0.0,0.0,0.0,0.0,0.0,0.0,1.0,0.0,0.0,4683.0,0.0,5,0.0,0.0,0.0,0.0,0.13004799929542318,4,benign
1458826,193683671,191347,1239492,58183,373234,633003,68208,963712,0,0.15437534086545132,0.25584545381011853,999.0,132.76680769330954,0,0,0,0,0,68114,108,0,0,0,0,0,0,0,0,0,0,0,0,0,0,0,0.0,0.0,0.0,0.0,0.0,1.999807110134755,226780,126594,3,1.7913961167195918,0.15545376898958477,0.08677799819855143,0.046755404688427545,0.0,0.0,0.0,0.03988344051997977,0.4339126119221895,0.0,0.0,0.0,0.0,0.0,0.0,0.0,0.0,0.0,1.0,0.0,0.0,4683.0,0.0,5,0.0,0.0,0.0,0.0,0.15545376898958477,4,benign
1449904,182108020,176011,1206073,54176,301343,599709,70062,951002,0,0.1459372691371086,0.2078365188315916,999.0,125.60005352078483,0,0,0,0,0,70006,108,0,0,0,0,0,0,0,0,0,0,0,0,0,0,0,0.0,0.0,0.0,0.0,0.0,2.0010425451382203,202590,119939,3,1.689108630220362,0.1397264922367274,0.08272202849292092,0.04832181992738829,0.0,0.0,0.0,0.03736523245676955,0.4136197982762997,0.0,0.0,0.0,0.0,0.0,0.0,0.0,0.0,0.0,1.0,0.0,0.0,4683.0,0.0,5,0.0,0.0,0.0,0.0,0.1397264922367274,4,benign
1636756,171139445,174494,1381001,52791,330614,560995,62169,1077474,0,0.12635327563122692,0.2019934553470401,999.0,104.5601451896312,0,0,0,0,0,62249,108,0,0,0,0,0,0,0,0,0,0,0,0,0,0,0,0.0,0.0,0.0,0.0,0.0,1.9986216985751506,198638,112207,3,1.770281711479676,0.12136078926852872,0.06855450659719592,0.03798305917314493,0.0,0.0,0.0,0.03225343301017378,0.34274809440136467,0.0,0.0,0.0,0.0,0.0,0.0,0.0,0.0,0.0,1.0,0.0,0.0,4683.0,0.0,5,0.0,0.0,0.0,0.0,0.12136078926852872,4,benign
1271876,159751780,160060,1062454,49362,284298,523955,59747,835736,0,0.15065122819435006,0.2235265073010262,999.0,125.60326635615422,0,0,0,0,0,59749,108,0,0,0,0,0,0,0,0,0,0,0,0,0,0,0,0.0,0.0,0.0,0.0,0.0,2.0001266357112706,179501,104787,3,1.7130082930134463,0.14113089640814042,0.08238774849120512,0.046975491321481024,0.0,0.0,0.0,0.038810387176108366,0.41195446725938695,0.0,0.0,0.0,0.0,0.0,0.0,0.0,0.0,0.0,1.0,0.0,0.0,4683.0,0.0,5,0.0,0.0,0.0,0.0,0.14113089640814042,4,benign
1541933,170695425,166220,1295155,51184,306908,560553,62774,1014418,0,0.12833985121471947,0.19904107376909372,999.0,110.70223219815647,0,0,0,0,0,62871,108,0,0,0,0,0,0,0,0,0,0,0,0,0,0,0,0.0,0.0,0.0,0.0,0.0,1.999309477743686,194800,112113,3,1.737532667933246,0.12633493154371817,0.0727093849084234,0.04071123712898031,0.0,0.0,0.0,0.03319469782409482,0.36353914210280214,0.0,0.0,0.0,0.0,0.0,0.0,0.0,0.0,0.0,1.0,0.0,0.0,4683.0,0.0,5,0.0,0.0,0.0,0.0,0.12633493154371817,4,benign
1356178,158655747,155600,1138628,47344,284519,521576,58551,891937,0,0.13665569439711653,0.20979473195996395,999.0,116.98740652038302,0,0,0,0,0,58548,108,0,0,0,0,0,0,0,0,0,0,0,0,0,0,0,0.0,0.0,0.0,0.0,0.0,1.9999929706171797,180201,104313,3,1.7275028040608553,0.1328741507383249,0.07691689438996946,0.043173536217222225,0.0,0.0,0.0,0.034909871713005226,0.38459258297952037,0.0,0.0,0.0,0.0,0.0,0.0,0.0,0.0,0.0,1.0,0.0,0.0,4683.0,0.0,5,0.0,0.0,0.0,0.0,0.1328741507383249,4,benign
1277041,160185309,156231,1073249,47561,287229,528986,58997,839044,0,0.1455682698050499,0.2249176024888786,999.0,125.4347425023942,0,0,0,0,0,59006,108,0,0,0,0,0,0,0,0,0,0,0,0,0,0,0,0.0,0.0,0.0,0.0,0.0,1.9999930369390384,181428,105795,3,1.7149014603714732,0.14206904868363662,0.08284385544395208,0.04619820350325479,0.0,0.0,0.0,0.037243126884728056,0.41422789088212514,0.0,0.0,0.0,0.0,0.0,0.0,0.0,0.0,0.0,1.0,0.0,0.0,4683.0,0.0,5,0.0,0.0,0.0,0.0,0.14206904868363662,4,benign
1470256,161316751,160185,1233336,47682,289052,533098,61405,964725,0,0.12987944890929964,0.19659977582135357,999.0,109.72017866276349,0,0,0,0,0,61388,108,0,0,0,0,0,0,0,0,0,0,0,0,0,0,0,0.0,0.0,0.0,0.0,0.0,1.999986161755243,182445,106619,3,1.711186561494668,0.12409063455615893,0.07251730310911841,0.04176483551163879,0.0,0.0,0.0,0.03243108683113689,0.362588556006573,0.0,0.0,0.0,0.0,0.0,0.0,0.0,0.0,0.0,1.0,0.0,0.0,4683.0,0.0,5,0.0,0.0,0.0,0.0,0.12409063455615893,4,benign
1463359,171875960,173997,1235963,52767,330435,572088,61173,961606,0,0.1407784860873667,0.2258058343851372,999.0,117.45303783965521,0,0,0,0,0,61255,108,0,0,0,0,0,0,0,0,0,0,0,0,0,0,0,0.0,0.0,0.0,0.0,0.0,1.9997397708773352,195237,114418,3,1.706348651435963,0.13341702207045572,0.07818860580349729,0.04180313921600919,0.0,0.0,0.0,0.03605882083617212,0.39094166229886174,0.0,0.0,0.0,0.0,0.0,0.0,0.0,0.0,0.0,1.0,0.0,0.0,4683.0,0.0,5,0.0,0.0,0.0,0.0,0.13341702207045572,4,benign
1825500,194554670,185400,1539713,56551,350142,646081,70342,1199802,0,0.1204120508172627,0.19180608052588333,999.0,106.57609969871268,0,0,0,0,0,70164,108,0,0,0,0,0,0,0,0,0,0,0,0,0,0,0,0.0,0.0,0.0,0.0,0.0,1.9995659846152967,220928,129221,3,1.7096911492714033,0.12102328129279649,0.07078663379895919,0.03853300465625856,0.0,0.0,0.0,0.030978362092577375,0.353920021911805,0.0,0.0,0.0,0.0,0.0,0.0,0.0,0.0,0.0,1.0,0.0,0.0,4683.0,0.0,5,0.0,0.0,0.0,0.0,0.12102328129279649,4,benign
1273622,171064566,167732,1069286,50675,306900,566351,63834,836124,0,0.1568635519402667,0.24096631496629298,999.0,134.3134509297107,0,0,0,0,0,63723,108,0,0,0,0,0,0,0,0,0,0,0,0,0,0,0,0.0,0.0,0.0,0.0,0.0,2.000677974941003,193626,113274,3,1.70935960591133,0.15202783871509756,0.08893847625119541,0.050120051318209013,0.0,0.0,0.0,0.03978810039399445,0.44467746317196155,0.0,0.0,0.0,0.0,0.0,0.0,0.0,0.0,0.0,1.0,0.0,0.0,4683.0,0.0,5,0.0,0.0,0.0,0.0,0.15202783871509756,4,benign
1735400,217085876,217694,1452561,64515,389067,714935,83712,1139693,0,0.14986909327732192,0.22419442203526566,999.0,125.09270254696324,0,0,0,0,0,83052,108,0,0,0,0,0,0,0,0,0,0,0,0,0,0,0,0.0,0.0,0.0,0.0,0.0,2.0004061821958516,246071,142981,3,1.7210048887614438,0.14179497522185086,0.08239080327302063,0.048237870231646884,0.0,0.0,0.0,0.03717586723521955,0.41197130344589145,0.0,0.0,0.0,0.0,0.0,0.0,0.0,0.0,0.0,1.0,0.0,0.0,4683.0,0.0,5,0.0,0.0,0.0,0.0,0.14179497522185086,4,benign
1637549,193538570,194793,1366514,61541,347298,618968,72491,1081507,0,0.1425473870007918,0.2120840353479499,999.0,118.18795651305702,0,0,0,0,0,72238,108,0,0,0,0,0,0,0,0,0,0,0,0,0,0,0,0.0,0.0,0.0,0.0,0.0,1.9965048030215058,223507,123810,3,1.805241902915758,0.13648874018426319,0.07560689786992633,0.044267988316685485,0.0,0.0,0.0,0.037581165510161836,0.3779844145121764,0.0,0.0,0.0,0.0,0.0,0.0,0.0,0.0,0.0,1.0,0.0,0.0,4683.0,0.0,5,0.0,0.0,0.0,0.0,0.13648874018426319,4,benign
1276782,160319194,146865,1086813,43104,288723,551661,57245,832973,0,0.13513364304622782,0.2261333571431928,999.0,125.56504869272906,0,0,0,0,0,57228,108,0,0,0,0,0,0,0,0,0,0,0,0,0,0,0,0.0,0.0,0.0,0.0,0.0,1.9999238053017656,178388,110319,3,1.6170197336814147,0.13971688197358673,0.08640394366461933,0.044835375185427115,0.0,0.0,0.0,0.033759874434320034,0.432071410781167,0.0,0.0,0.0,0.0,0.0,0.0,0.0,0.0,0.0,1.0,0.0,0.0,4683.0,0.0,5,0.0,0.0,0.0,0.0,0.13971688197358673,4,benign
1645107,171923231,163400,1391381,50111,309195,572601,61849,1078514,0,0.11743727993985831,0.18794826111614624,999.0,104.50580478959728,0,0,0,0,0,61844,108,0,0,0,0,0,0,0,0,0,0,0,0,0,0,0,0.0,0.0,0.0,0.0,0.0,1.9999288500223151,194680,114521,3,1.6999502274691978,0.11833880714141998,0.0696131011539067,0.03759573085519665,0.0,0.0,0.0,0.030460632651857902,0.34806307431674655,0.0,0.0,0.0,0.0,0.0,0.0,0.0,0.0,0.0,1.0,0.0,0.0,4683.0,0.0,5,0.0,0.0,0.0,0.0,0.11833880714141998,4,benign
1459419,194384381,194357,1221766,57729,347656,641117,74517,956966,0,0.15907874339276096,0.23821534459946048,999.0,133.19299049827362,0,0,0,0,0,74506,108,0,0,0,0,0,0,0,0,0,0,0,0,0,0,0,0.0,0.0,0.0,0.0,0.0,1.9997124007063438,219423,128213,3,1.711394320388728,0.15034955691271665,0.08785208360313249,0.051059359923366764,0.0,0.0,0.0,0.039556152139995436,0.43929604863305194,0.0,0.0,0.0,0.0,0.0,0.0,0.0,0.0,0.0,1.0,0.0,0.0,4683.0,0.0,5,0.0,0.0,0.0,0.0,0.15034955691271665,4,benign
1273152,159571047,156804,1068469,47880,286067,525600,59251,836700,0,0.14675577859535466,0.22469194565927714,999.0,125.33542499245966,0,0,0,0,0,59251,108,0,0,0,0,0,0,0,0,0,0,0,0,0,0,0,0.0,0.0,0.0,0.0,0.0,2.0000209743274233,180949,105128,3,1.7212255536108363,0.14212678454732822,0.08257301563363997,0.04653882647162318,0.0,0.0,0.0,0.037607449856733526,0.4128336600814357,0.0,0.0,0.0,0.0,0.0,0.0,0.0,0.0,0.0,1.0,0.0,0.0,4683.0,0.0,5,0.0,0.0,0.0,0.0,0.14212678454732822,4,benign
1282970,160497548,153557,1082276,47138,291477,519675,57513,848287,0,0.141883401276569,0.2271892561790221,999.0,125.09844189653694,0,0,0,0,0,57505,108,0,0,0,0,0,0,0,0,0,0,0,0,0,0,0,0.0,0.0,0.0,0.0,0.0,2.0000892048417644,187538,103923,3,1.804586087776527,0.14617489107305703,0.08100189404272898,0.044828016243559865,0.0,0.0,0.0,0.03674131117641098,0.4050562367007802,0.0,0.0,0.0,0.0,0.0,0.0,0.0,0.0,0.0,1.0,0.0,0.0,4683.0,0.0,5,0.0,0.0,0.0,0.0,0.14617489107305703,4,benign
1459459,182326187,190959,1213108,55186,322882,606345,74827,952520,0,0.15741302505630167,0.22123403261071398,999.0,124.92724153265011,0,0,0,0,0,74720,108,0,0,0,0,0,0,0,0,0,0,0,0,0,0,0,0.0,0.0,0.0,0.0,0.0,2.00121480324526,201623,121275,3,1.6625273139558854,0.1381491360839873,0.08309585949314095,0.051270367992523255,0.0,0.0,0.0,0.03781264153360937,0.415458741903678,0.0,0.0,0.0,0.0,0.0,0.0,0.0,0.0,0.0,1.0,0.0,0.0,4683.0,0.0,5,0.0,0.0,0.0,0.0,0.1381491360839873,4,benign
1363195,159739799,155018,1145951,47517,287440,524314,58522,896457,0,0.13527454489764396,0.21085758090368584,999.0,117.18044667123925,0,0,0,0,0,58518,108,0,0,0,0,0,0,0,0,0,0,0,0,0,0,0,0.0,0.0,0.0,0.0,0.0,1.9999721684919498,182574,104864,3,1.7410550808666463,0.1339309489838211,0.07692516477833325,0.04293002835251009,0.0,0.0,0.0,0.03485708207556512,0.3846214224670718,0.0,0.0,0.0,0.0,0.0,0.0,0.0,0.0,0.0,1.0,0.0,0.0,4683.0,0.0,5,0.0,0.0,0.0,0.0,0.1339309489838211,4,benign
1273543,159472630,154668,1072101,46776,287538,523663,58651,838265,0,0.1442662584961678,0.2257780067104134,999.0,125.2196667093298,0,0,0,0,0,58654,108,0,0,0,0,0,0,0,0,0,0,0,0,0,0,0,0.0,0.0,0.0,0.0,0.0,1.9999860888919803,182808,104738,3,1.7453837193759667,0.14354285642494993,0.08224143197363576,0.04605341162410692,0.0,0.0,0.0,0.03672903074336713,0.4111859591705973,0.0,0.0,0.0,0.0,0.0,0.0,0.0,0.0,0.0,1.0,0.0,0.0,4683.0,0.0,5,0.0,0.0,0.0,0.0,0.14354285642494993,4,benign
1458410,171090654,164719,1230129,49042,309390,561762,62479,960647,0,0.13390384260512517,0.21214199024965544,999.0,117.31313828073039,0,0,0,0,0,62672,108,0,0,0,0,0,0,0,0,0,0,0,0,0,0,0,0.0,0.0,0.0,0.0,0.0,2.0010607128766664,197036,112351,3,1.7537538606687968,0.13510329742664956,0.07703663578828998,0.04284049067134756,0.0,0.0,0.0,0.03362703217887974,0.38518797868912036,0.0,0.0,0.0,0.0,0.0,0.0,0.0,0.0,0.0,1.0,0.0,0.0,4683.0,0.0,5,0.0,0.0,0.0,0.0,0.13510329742664956,4,benign
1369525,171284184,165984,1153707,50082,309248,562058,62989,901712,0,0.14387015074017925,0.22580675781749146,999.0,125.06831492670817,0,0,0,0,0,62986,108,0,0,0,0,0,0,0,0,0,0,0,0,0,0,0,0.0,0.0,0.0,0.0,0.0,1.9996896177124825,196835,112415,3,1.7509673975892897,0.14372501414724084,0.08208320403059455,0.04599331885142659,0.0,0.0,0.0,0.03656888337197203,0.41040360709004947,0.0,0.0,0.0,0.0,0.0,0.0,0.0,0.0,0.0,1.0,0.0,0.0,4683.0,0.0,5,0.0,0.0,0.0,0.0,0.14372501414724084,4,benign
1730909,194156007,188116,1457134,57219,349797,636433,70951,1138558,0,0.1291000004117672,0.20208861355507424,999.0,112.16996791859076,0,0,0,0,0,66940,108,0,0,0,0,0,0,0,0,0,0,0,0,0,0,0,0.0,0.0,0.0,0.0,0.0,1.9992855550665576,222506,127295,3,1.747955536352567,0.12854864120528578,0.07354228327427959,0.04099060089236349,0.0,0.0,0.0,0.03305719711434859,0.36768715166424115,0.0,0.0,0.0,0.0,0.0,0.0,0.0,0.0,0.0,1.0,0.0,0.0,4683.0,0.0,5,0.0,0.0,0.0,0.0,0.12854864120528578,4,benign
1542952,159751435,153729,1301164,46421,288957,523628,58423,1015188,0,0.11814728965756814,0.18727543047353384,999.0,103.53623119837818,0,0,0,0,0,58427,108,0,0,0,0,0,0,0,0,0,0,0,0,0,0,0,0.0,0.0,0.0,0.0,0.0,1.9999515510582633,184233,104716,3,1.759358646243172,0.11940293670833571,0.06786730889878623,0.03786443129792761,0.0,0.0,0.0,0.030085835463449284,0.3393676536924026,0.0,0.0,0.0,0.0,0.0,0.0,0.0,0.0,0.0,1.0,0.0,0.0,4683.0,0.0,5,0.0,0.0,0.0,0.0,0.11940293670833571,4,benign
1538575,215590269,203414,1287490,62324,364157,709839,80416,1010837,0,0.15799268343831796,0.2366845945111548,999.0,140.12334075361943,0,0,0,0,0,80521,108,0,0,0,0,0,0,0,0,0,0,0,0,0,0,0,0.0,0.0,0.0,0.0,0.0,1.999478383097416,243104,141964,3,1.712434138232228,0.15800594706140422,0.09226979510261119,0.05226654534228101,0.0,0.0,0.0,0.040507612563573436,0.46136132460231055,0.0,0.0,0.0,0.0,0.0,0.0,0.0,0.0,0.0,1.0,0.0,0.0,4683.0,0.0,5,0.0,0.0,0.0,0.0,0.15800594706140422,4,benign
1548819,182555290,176918,1304710,53360,329596,598327,67172,1019253,0,0.13559948187719875,0.21280472411560034,999.0,117.86741381659186,0,0,0,0,0,66962,108,0,0,0,0,0,0,0,0,0,0,0,0,0,0,0,0.0,0.0,0.0,0.0,0.0,1.9991265845817918,209927,119674,3,1.7541571268613065,0.13554004696481642,0.07726790541696608,0.0433698191977242,0.0,0.0,0.0,0.034452056696102,0.3863117639956638,0.0,0.0,0.0,0.0,0.0,0.0,0.0,0.0,0.0,1.0,0.0,0.0,4683.0,0.0,5,0.0,0.0,0.0,0.0,0.13554004696481642,4,benign
1286154,161429183,160820,1076243,49091,288391,527699,60023,846328,0,0.1494272204325603,0.2242274253316477,999.0,125.51310574005912,0,0,0,0,0,60014,108,0,0,0,0,0,0,0,0,0,0,0,0,0,0,0,0.0,0.0,0.0,0.0,0.0,2.0000762882308067,182849,105540,3,1.7325090013265112,0.14216726768334118,0.08205860262456906,0.04666859489610109,0.0,0.0,0.0,0.03816883514726852,0.4102922356109766,0.0,0.0,0.0,0.0,0.0,0.0,0.0,0.0,0.0,1.0,0.0,0.0,4683.0,0.0,5,0.0,0.0,0.0,0.0,0.14216726768334118,4,benign
1274109,159868596,169354,1067049,53396,307071,522895,58707,838599,0,0.1587124864931226,0.24100842235632902,999.0,125.47481887342448,0,0,0,0,0,58713,108,0,0,0,0,0,0,0,0,0,0,0,0,0,0,0,0.0,0.0,0.0,0.0,0.0,2.0017274759946027,181380,104572,3,1.7344987185862373,0.14235830686385545,0.0820746105709951,0.04607690550808447,0.0,0.0,0.0,0.04190850233378777,0.41040052303217384,0.0,0.0,0.0,0.0,0.0,0.0,0.0,0.0,0.0,1.0,0.0,0.0,4683.0,0.0,5,0.0,0.0,0.0,0.0,0.14235830686385545,4,benign
1274068,170995264,168294,1068587,51772,306413,561061,63406,837738,0,0.15749209002168285,0.24049972214983817,999.0,134.21203891785996,0,0,0,0,0,63364,108,0,0,0,0,0,0,0,0,0,0,0,0,0,0,0,0.0,0.0,0.0,0.0,0.0,1.9991453102980323,194209,112212,3,1.7307328984422343,0.1524322092698349,0.08807379197970595,0.0497665744685527,0.0,0.0,0.0,0.04063519372592358,0.4403697447859926,0.0,0.0,0.0,0.0,0.0,0.0,0.0,0.0,0.0,1.0,0.0,0.0,4683.0,0.0,5,0.0,0.0,0.0,0.0,0.1524322092698349,4,benign
1277779,160276763,155102,1074998,47679,287563,530734,58696,839170,0,0.14428119866269518,0.22504908908348,999.0,125.43386845456061,0,0,0,0,0,58697,108,0,0,0,0,0,0,0,0,0,0,0,0,0,0,0,0.0,0.0,0.0,0.0,0.0,1.9999652256162022,181423,106151,3,1.7091030701547796,0.14198308158140022,0.08307461618949756,0.04593595606125942,0.0,0.0,0.0,0.037313964308381964,0.4153566461805993,0.0,0.0,0.0,0.0,0.0,0.0,0.0,0.0,0.0,1.0,0.0,0.0,4683.0,0.0,5,0.0,0.0,0.0,0.0,0.14198308158140022,4,benign
1367246,182899091,181680,1146082,54252,327909,601840,69354,897443,0,0.15852268860343327,0.23983174937063265,999.0,133.77189693734704,0,0,0,0,0,69306,108,0,0,0,0,0,0,0,0,0,0,0,0,0,0,0,0.0,0.0,0.0,0.0,0.0,1.9998841209045888,207545,120364,3,1.724311255857233,0.15179784764409623,0.08803390172653641,0.05072532667859332,0.0,0.0,0.0,0.039679765016683174,0.4401841365782017,0.0,0.0,0.0,0.0,0.0,0.0,0.0,0.0,0.0,1.0,0.0,0.0,4683.0,0.0,5,0.0,0.0,0.0,0.0,0.15179784764409623,4,benign
1640161,182829005,172428,1385252,52100,329303,609786,64926,1077842,0,0.12447410290690791,0.2007748019859026,999.0,111.47015750283052,0,0,0,0,0,64964,108,0,0,0,0,0,0,0,0,0,0,0,0,0,0,0,0.0,0.0,0.0,0.0,0.0,1.9992896606156274,207337,121968,3,1.699929489702217,0.1264125899835443,0.07436343139484478,0.039585138288253406,0.0,0.0,0.0,0.03176517427252568,0.3717842333770892,0.0,0.0,0.0,0.0,0.0,0.0,0.0,0.0,0.0,1.0,0.0,0.0,4683.0,0.0,5,0.0,0.0,0.0,0.0,0.1264125899835443,4,benign
1542298,193384686,187614,1298136,56548,347361,640424,71012,1013645,0,0.14452568914196973,0.22522301137653034,999.0,125.3873674218601,0,0,0,0,0,70934,108,0,0,0,0,0,0,0,0,0,0,0,0,0,0,0,0.0,0.0,0.0,0.0,0.0,2.000593218874727,219272,128079,3,1.71200587137626,0.14217226502271285,0.08304426252254753,0.04604298261425483,0.0,0.0,0.0,0.03666476906538166,0.4152401157234205,0.0,0.0,0.0,0.0,0.0,0.0,0.0,0.0,0.0,1.0,0.0,0.0,4683.0,0.0,5,0.0,0.0,0.0,0.0,0.14217226502271285,4,benign
1460433,183019482,181718,1223239,55476,327942,598644,68404,961195,0,0.14855477956474572,0.22455121186661764,999.0,125.31864316952576,0,0,0,0,0,68531,108,0,0,0,0,0,0,0,0,0,0,0,0,0,0,0,0.0,0.0,0.0,0.0,0.0,2.0010983579548576,208212,119727,3,1.7390563532035381,0.14256867655003688,0.08198048113128092,0.04683816375006591,0.0,0.0,0.0,0.037985994564625696,0.40990856821230415,0.0,0.0,0.0,0.0,0.0,0.0,0.0,0.0,0.0,1.0,0.0,0.0,4683.0,0.0,5,0.0,0.0,0.0,0.0,0.14256867655003688,4,benign
1367781,160345322,150005,1158152,45212,288812,540113,57392,896485,0,0.12952099551699603,0.2111536861529733,999.0,117.230259814985,0,0,0,0,0,57391,108,0,0,0,0,0,0,0,0,0,0,0,0,0,0,0,0.0,0.0,0.0,0.0,0.0,1.9999030558190745,180800,108025,3,1.6736866466095812,0.13218490386984466,0.07897828672865027,0.04195993364434804,0.0,0.0,0.0,0.03305499930178881,0.3948826603089237,0.0,0.0,0.0,0.0,0.0,0.0,0.0,0.0,0.0,1.0,0.0,0.0,4683.0,0.0,5,0.0,0.0,0.0,0.0,0.13218490386984466,4,benign
1274642,159594250,156300,1071452,46890,287247,524273,59484,838374,0,0.1458768101604178,0.2253550408663766,999.0,125.20711697872815,0,0,0,0,0,59486,108,0,0,0,0,0,0,0,0,0,0,0,0,0,0,0,0.0,0.0,0.0,0.0,0.0,2.0000069626731096,182387,104860,3,1.7393381651726112,0.14308880454276574,0.08226623632361087,0.046667221070700635,0.0,0.0,0.0,0.036786799744555725,0.4113099991997753,0.0,0.0,0.0,0.0,0.0,0.0,0.0,0.0,0.0,1.0,0.0,0.0,4683.0,0.0,5,0.0,0.0,0.0,0.0,0.14308880454276574,4,benign
1559985,195422976,194919,1308228,56838,349497,648390,74770,1022391,0,0.14899467065373925,0.2240386926797373,999.0,125.2723430032981,0,0,0,0,0,74982,108,0,0,0,0,0,0,0,0,0,0,0,0,0,0,0,0.0,0.0,0.0,0.0,0.0,2.0019762166620843,219817,129684,3,1.6950202029548749,0.14090968823418173,0.08313156857277473,0.04792994804437222,0.0,0.0,0.0,0.03643496572082424,0.4156386119097299,0.0,0.0,0.0,0.0,0.0,0.0,0.0,0.0,0.0,1.0,0.0,0.0,4683.0,0.0,5,0.0,0.0,0.0,0.0,0.14090968823418173,4,benign
1276418,160137432,153800,1076424,46194,287900,531840,58188,838464,0,0.1428805006205733,0.2255530711726096,999.0,125.4584563990793,0,0,0,0,0,58176,108,0,0,0,0,0,0,0,0,0,0,0,0,0,0,0,0.0,0.0,0.0,0.0,0.0,2.0,181530,106360,3,1.7067506581421588,0.14221830152818277,0.0833269352202805,0.045586947222618295,0.0,0.0,0.0,0.03619033890151972,0.4166660137979878,0.0,0.0,0.0,0.0,0.0,0.0,0.0,0.0,0.0,1.0,0.0,0.0,4683.0,0.0,5,0.0,0.0,0.0,0.0,0.14221830152818277,4,benign
1455415,170625303,189733,1210597,55085,324708,554440,69426,953909,0,0.15672680503916664,0.2231033760130272,999.0,117.2348113768238,0,0,0,0,0,69550,108,0,0,0,0,0,0,0,0,0,0,0,0,0,0,0,0.0,0.0,0.0,0.0,0.0,1.9965321331070611,193482,110879,3,1.7449832700511367,0.13293940216364405,0.07618376889066006,0.047701858232875156,0.0,0.0,0.0,0.037848311306397146,0.38094976346952586,0.0,0.0,0.0,0.0,0.0,0.0,0.0,0.0,0.0,1.0,0.0,0.0,4683.0,0.0,5,0.0,0.0,0.0,0.0,0.13293940216364405,4,benign
1365237,171398224,155329,1161412,48496,311352,568213,57525,900435,0,0.13374151463907727,0.22805710656831013,999.0,125.54466660367395,0,0,0,0,0,57717,108,0,0,0,0,0,0,0,0,0,0,0,0,0,0,0,0.0,0.0,0.0,0.0,0.0,2.000436900065535,197722,113651,3,1.7397295228374585,0.1448261364144101,0.08324635209857337,0.04213554130162016,0.0,0.0,0.0,0.035522037565638785,0.4162009966035201,0.0,0.0,0.0,0.0,0.0,0.0,0.0,0.0,0.0,1.0,0.0,0.0,4683.0,0.0,5,0.0,0.0,0.0,0.0,0.1448261364144101,4,benign
1732913,228351715,212019,1444752,62770,364902,755288,89835,1133642,0,0.14675113791155853,0.21057144819157106,999.0,131.7733290707612,0,0,0,0,0,89905,108,0,0,0,0,0,0,0,0,0,0,0,0,0,0,0,0.0,0.0,0.0,0.0,0.0,2.0010089987332678,255669,151064,3,1.6924548535719959,0.14753712390639345,0.0871734472532666,0.05184045592594666,0.0,0.0,0.0,0.036222245432979035,0.4358487702498625,0.0,0.0,0.0,0.0,0.0,0.0,0.0,0.0,0.0,1.0,0.0,0.0,4683.0,0.0,5,0.0,0.0,0.0,0.0,0.14753712390639345,4,benign
1368924,159976837,156936,1149049,47191,287669,525736,59748,899638,0,0.1365790318776658,0.21014241842498196,999.0,116.86319839523597,0,0,0,0,0,59734,108,0,0,0,0,0,0,0,0,0,0,0,0,0,0,0,0.0,0.0,0.0,0.0,0.0,2.000048668228685,182521,105142,3,1.7359475756595841,0.1333317262316973,0.07680630918882275,0.04364595843158568,0.0,0.0,0.0,0.03447306059357568,0.38405053896344865,0.0,0.0,0.0,0.0,0.0,0.0,0.0,0.0,0.0,1.0,0.0,0.0,4683.0,0.0,5,0.0,0.0,0.0,0.0,0.1333317262316973,4,benign
1248084,156409061,153410,1048524,46150,280882,514684,58165,820533,0,0.14631043256997456,0.22505055749452763,999.0,125.31933828171822,0,0,0,0,0,58160,108,0,0,0,0,0,0,0,0,0,0,0,0,0,0,0,0.0,0.0,0.0,0.0,0.0,1.9999857592458097,177944,102934,3,1.7287193735791866,0.14257373702411055,0.08247361555792719,0.04660343374324164,0.0,0.0,0.0,0.03697667785181125,0.41237929498335046,0.0,0.0,0.0,0.0,0.0,0.0,0.0,0.0,0.0,1.0,0.0,0.0,4683.0,0.0,5,0.0,0.0,0.0,0.0,0.14257373702411055,4,benign
1363589,170790329,165122,1147683,50784,307959,560011,62432,897807,0,0.14387422310864587,0.2258444443303664,999.0,125.2505916372162,0,0,0,0,0,62405,108,0,0,0,0,0,0,0,0,0,0,0,0,0,0,0,0.0,0.0,0.0,0.0,0.0,1.9991366215286344,195967,112007,3,1.749596007392395,0.14371412500394182,0.08214131970850454,0.04578505693431085,0.0,0.0,0.0,0.037242893569836656,0.4106889979311948,0.0,0.0,0.0,0.0,0.0,0.0,0.0,0.0,0.0,1.0,0.0,0.0,4683.0,0.0,5,0.0,0.0,0.0,0.0,0.14371412500394182,4,benign
1455685,170816045,176455,1225225,54040,328526,559382,62828,957902,0,0.14401844559162602,0.22568481505270716,999.0,117.34409916980665,0,0,0,0,0,62858,108,0,0,0,0,0,0,0,0,0,0,0,0,0,0,0,0.0,0.0,0.0,0.0,0.0,1.9988439869066306,196401,111871,3,1.7556024349473949,0.13491998612337147,0.07685110446284739,0.04316043649553303,0.0,0.0,0.0,0.03712341612368061,0.3842740702830626,0.0,0.0,0.0,0.0,0.0,0.0,0.0,0.0,0.0,1.0,0.0,0.0,4683.0,0.0,5,0.0,0.0,0.0,0.0,0.13491998612337147,4,benign
1450587,182454383,188784,1215349,60021,345705,597642,65332,954666,0,0.15533315944638124,0.23832076256026008,999.0,125.77968987727037,0,0,0,0,0,65466,108,0,0,0,0,0,0,0,0,0,0,0,0,0,0,0,0.0,0.0,0.0,0.0,0.0,1.999230853752335,205941,119521,3,1.7230528526367752,0.1419708021649167,0.08239492012543888,0.045038318970182414,0.0,0.0,0.0,0.04137704253519437,0.41200010754267063,0.0,0.0,0.0,0.0,0.0,0.0,0.0,0.0,0.0,1.0,0.0,0.0,4683.0,0.0,5,0.0,0.0,0.0,0.0,0.1419708021649167,4,benign
1369837,159786622,165659,1168399,49726,335897,517188,54352,908336,0,0.14178290121782028,0.24520946652776937,999.0,116.64644917606985,0,0,0,0,0,54344,108,0,0,0,0,0,0,0,0,0,0,0,0,0,0,0,0.0,0.0,0.0,0.0,0.0,1.9992441016117897,191907,103443,3,1.8551956149763638,0.1400947703996899,0.07551482402650826,0.039677713479778984,0.0,0.0,0.0,0.03630066934971095,0.3775544097582413,0.0,0.0,0.0,0.0,0.0,0.0,0.0,0.0,0.0,1.0,0.0,0.0,4683.0,0.0,5,0.0,0.0,0.0,0.0,0.1400947703996899,4,benign
1273075,159751106,169346,1053038,50691,280132,531541,64977,830065,0,0.16081660870737807,0.22004359523201697,999.0,125.48444200066767,0,0,0,0,0,64978,108,0,0,0,0,0,0,0,0,0,0,0,0,0,0,0,0.0,0.0,0.0,0.0,0.0,2.000185644006198,173814,106301,3,1.6351116170120694,0.13653084068102822,0.08349940105649706,0.05103941244624237,0.0,0.0,0.0,0.03981776407517232,0.41752528327082067,0.0,0.0,0.0,0.0,0.0,0.0,0.0,0.0,0.0,1.0,0.0,0.0,4683.0,0.0,5,0.0,0.0,0.0,0.0,0.13653084068102822,4,benign
1279268,159895399,150857,1083111,45300,291247,523678,57699,843823,0,0.13928120017246617,0.22766691576745451,999.0,124.98975898717079,0,0,0,0,0,57704,108,0,0,0,0,0,0,0,0,0,0,0,0,0,0,0,0.0,0.0,0.0,0.0,0.0,1.9998969999519334,186508,104736,3,1.7807439657806294,0.14579275022903723,0.0818718204473183,0.0451031371065328,0.0,0.0,0.0,0.03541087559448059,0.40935753884252557,0.0,0.0,0.0,0.0,0.0,0.0,0.0,0.0,0.0,1.0,0.0,0.0,4683.0,0.0,5,0.0,0.0,0.0,0.0,0.14579275022903723,4,benign
1450809,193625751,199815,1216865,62047,367561,632954,69675,955898,0,0.164204739227441,0.25334899356152324,999.0,133.46053891311675,0,0,0,0,0,73578,108,0,0,0,0,0,0,0,0,0,0,0,0,0,0,0,0.0,0.0,0.0,0.0,0.0,2.0003972918843607,219689,126597,3,1.735341279809158,0.15142517037046227,0.08725959102817807,0.04802492953931221,0.0,0.0,0.0,0.04276717334948984,0.4362765877520749,0.0,0.0,0.0,0.0,0.0,0.0,0.0,0.0,0.0,1.0,0.0,0.0,4683.0,0.0,5,0.0,0.0,0.0,0.0,0.15142517037046227,4,benign
1449245,169897035,165610,1220791,48284,307518,559262,64339,952253,0,0.1356579463642835,0.21219186541958054,999.0,117.2314101480426,0,0,0,0,0,64450,108,0,0,0,0,0,0,0,0,0,0,0,0,0,0,0,0.0,0.0,0.0,0.0,0.0,1.9998309185027183,195661,111851,3,1.7493004085792707,0.13500891843684126,0.07717880689600447,0.044394840071899505,0.0,0.0,0.0,0.03331665798398476,0.385898864581213,0.0,0.0,0.0,0.0,0.0,0.0,0.0,0.0,0.0,1.0,0.0,0.0,4683.0,0.0,5,0.0,0.0,0.0,0.0,0.13500891843684126,4,benign
1270725,181830522,178957,1065351,54364,325470,596536,67027,835544,0,0.1679793795659834,0.2561293749631116,999.0,143.09195301894587,0,0,0,0,0,67047,108,0,0,0,0,0,0,0,0,0,0,0,0,0,0,0,0.0,0.0,0.0,0.0,0.0,1.998698116567695,206170,119311,3,1.728004961822464,0.16224596195085483,0.09389206948789076,0.052747053847213204,0.0,0.0,0.0,0.04278187648783175,0.469445395345177,0.0,0.0,0.0,0.0,0.0,0.0,0.0,0.0,0.0,1.0,0.0,0.0,4683.0,0.0,5,0.0,0.0,0.0,0.0,0.16224596195085483,4,benign
1456449,171179062,168383,1221670,51874,306688,561855,63333,957729,0,0.1378301832737155,0.21057242649759791,999.0,117.5317927369925,0,0,0,0,0,63362,108,0,0,0,0,0,0,0,0,0,0,0,0,0,0,0,0.0,0.0,0.0,0.0,0.0,2.0004957405450536,194323,112379,3,1.7291753797417666,0.13342245420196655,0.077159584715977,0.04348452983935586,0.0,0.0,0.0,0.03561676378644223,0.38577045952175465,0.0,0.0,0.0,0.0,0.0,0.0,0.0,0.0,0.0,1.0,0.0,0.0,4683.0,0.0,5,0.0,0.0,0.0,0.0,0.13342245420196655,4,benign
1273379,159701500,157427,1067719,48233,286012,524253,59033,837514,0,0.14744235140519182,0.22460869858855848,999.0,125.41552829126286,0,0,0,0,0,59038,108,0,0,0,0,0,0,0,0,0,0,0,0,0,0,0,0.0,0.0,0.0,0.0,0.0,2.0000279712455598,181160,104842,3,1.7279334617805842,0.1422671490577432,0.08233369640931726,0.046359332139135324,0.0,0.0,0.0,0.037877960921296805,0.4117022504690277,0.0,0.0,0.0,0.0,0.0,0.0,0.0,0.0,0.0,1.0,0.0,0.0,4683.0,0.0,5,0.0,0.0,0.0,0.0,0.1422671490577432,4,benign
1367045,171478424,168804,1146411,51830,307109,563179,63263,899280,0,0.1472456213347569,0.22465171226989603,999.0,125.43729284698017,0,0,0,0,0,63304,108,0,0,0,0,0,0,0,0,0,0,0,0,0,0,0,0.0,0.0,0.0,0.0,0.0,1.9999804631535074,194469,112636,3,1.7265261550481197,0.14225500989360262,0.08239377635703286,0.04627718911959738,0.0,0.0,0.0,0.037913894568210996,0.4119681502803492,0.0,0.0,0.0,0.0,0.0,0.0,0.0,0.0,0.0,1.0,0.0,0.0,4683.0,0.0,5,0.0,0.0,0.0,0.0,0.14225500989360262,4,benign
1365379,182431874,176724,1149850,53013,327884,604890,67128,897240,0,0.15369309040309606,0.24014138198990903,999.0,133.61262623784313,0,0,0,0,0,67085,108,0,0,0,0,0,0,0,0,0,0,0,0,0,0,0,0.0,0.0,0.0,0.0,0.0,2.0025162456637515,206906,120981,3,1.7102354915234623,0.15153741195668016,0.0886061672253638,0.04916437121121681,0.0,0.0,0.0,0.0388265822163663,0.44301985016614437,0.0,0.0,0.0,0.0,0.0,0.0,0.0,0.0,0.0,1.0,0.0,0.0,4683.0,0.0,5,0.0,0.0,0.0,0.0,0.15153741195668016,4,benign
1552468,183575677,177634,1306698,54517,329454,607723,67408,1017907,0,0.13594112794234015,0.21221306977019816,999.0,118.24763988694131,0,0,0,0,0,67445,108,0,0,0,0,0,0,0,0,0,0,0,0,0,0,0,0.0,0.0,0.0,0.0,0.0,1.997623133219745,207912,121542,3,1.7106185516117884,0.13392353336751547,0.0782895364026827,0.04341989657757841,0.0,0.0,0.0,0.035116343782931436,0.3914560557769951,0.0,0.0,0.0,0.0,0.0,0.0,0.0,0.0,0.0,1.0,0.0,0.0,4683.0,0.0,5,0.0,0.0,0.0,0.0,0.13392353336751547,4,benign
1551660,205668349,202023,1302709,60854,369066,678912,77084,1018904,0,0.15507914660910457,0.237852364564402,999.0,132.54730353299047,0,0,0,0,0,77105,108,0,0,0,0,0,0,0,0,0,0,0,0,0,0,0,0.0,0.0,0.0,0.0,0.0,1.9999674860189882,233286,135780,3,1.7181175430844013,0.15034608097134683,0.08750628359305518,0.04967840892979132,0.0,0.0,0.0,0.039218643259476944,0.4375391516182669,0.0,0.0,0.0,0.0,0.0,0.0,0.0,0.0,0.0,1.0,0.0,0.0,4683.0,0.0,5,0.0,0.0,0.0,0.0,0.15034608097134683,4,benign
1363600,193358323,193956,1138660,59171,346642,626924,72581,899290,0,0.17033706286336572,0.2542109122909944,999.0,141.79988486359636,0,0,0,0,0,72547,108,0,0,0,0,0,0,0,0,0,0,0,0,0,0,0,0.0,0.0,0.0,0.0,0.0,2.001154594419845,221265,125396,3,1.7645299690580243,0.16226532707538868,0.09195951892050455,0.0532274860662951,0.0,0.0,0.0,0.04339322381930185,0.4597565268407158,0.0,0.0,0.0,0.0,0.0,0.0,0.0,0.0,0.0,1.0,0.0,0.0,4683.0,0.0,5,0.0,0.0,0.0,0.0,0.16226532707538868,4,benign
1279657,160669455,146379,1089503,43775,290168,547499,56309,837349,0,0.13435392100801924,0.22675451312343856,999.0,125.55665697917489,0,0,0,0,0,56308,108,0,0,0,0,0,0,0,0,0,0,0,0,0,0,0,0.0,0.0,0.0,0.0,0.0,2.0,180657,109494,3,1.649926023343745,0.14117611203627223,0.08556511627725243,0.04400319773189222,0.0,0.0,0.0,0.034208385528309536,0.4278482437090564,0.0,0.0,0.0,0.0,0.0,0.0,0.0,0.0,0.0,1.0,0.0,0.0,4683.0,0.0,5,0.0,0.0,0.0,0.0,0.14117611203627223,4,benign
1459274,182762243,174947,1230841,53194,328228,608020,66383,957583,0,0.14213614918580061,0.22492554516835084,999.0,125.24189631282405,0,0,0,0,0,66327,108,0,0,0,0,0,0,0,0,0,0,0,0,0,0,0,0.0,0.0,0.0,0.0,0.0,2.0010120038285444,207045,121610,3,1.7025326864567059,0.14188219621537834,0.08333596021035118,0.045490428802267426,0.0,0.0,0.0,0.03645237289227383,0.41665924288379014,0.0,0.0,0.0,0.0,0.0,0.0,0.0,0.0,0.0,1.0,0.0,0.0,4683.0,0.0,5,0.0,0.0,0.0,0.0,0.14188219621537834,4,benign
1276871,159965829,159610,1069595,47666,286219,527275,61119,837899,0,0.14922470654780548,0.2241565514448993,999.0,125.27955369023182,0,0,0,0,0,61110,108,0,0,0,0,0,0,0,0,0,0,0,0,0,0,0,0.0,0.0,0.0,0.0,0.0,2.000062890884316,180762,105458,3,1.7140662633465455,0.14156637592990992,0.0825909586794594,0.047866229243204675,0.0,0.0,0.0,0.03733031762801411,0.41294304593024667,0.0,0.0,0.0,0.0,0.0,0.0,0.0,0.0,0.0,1.0,0.0,0.0,4683.0,0.0,5,0.0,0.0,0.0,0.0,0.14156637592990992,4,benign
1366156,182915007,187189,1151893,56772,349697,607305,66644,897297,0,0.16250554521991192,0.2559714995944826,999.0,133.89027826983155,0,0,0,0,0,66396,108,0,0,0,0,0,0,0,0,0,0,0,0,0,0,0,0.0,0.0,0.0,0.0,0.0,1.9994110920526016,207360,121446,3,1.7074255224544241,0.15178354448540285,0.08889614363220598,0.04878213029844322,0.0,0.0,0.0,0.04155601556484033,0.4445356167231268,0.0,0.0,0.0,0.0,0.0,0.0,0.0,0.0,0.0,1.0,0.0,0.0,4683.0,0.0,5,0.0,0.0,0.0,0.0,0.15178354448540285,4,benign
1547640,193475665,191926,1297085,58629,348839,626232,72534,1021476,0,0.14796717254459038,0.22540060996097283,999.0,125.01335258845727,0,0,0,0,0,72410,108,0,0,0,0,0,0,0,0,0,0,0,0,0,0,0,0.0,0.0,0.0,0.0,0.0,2.0011989788601094,223600,125247,3,1.7852723019313836,0.1444780439895583,0.08092773513220129,0.04686748856323176,0.0,0.0,0.0,0.0378828409707684,0.4046367372257114,0.0,0.0,0.0,0.0,0.0,0.0,0.0,0.0,0.0,1.0,0.0,0.0,4683.0,0.0,5,0.0,0.0,0.0,0.0,0.1444780439895583,4,benign
1369799,183284567,195105,1146265,57834,346115,612574,71005,894497,0,0.17020933204799937,0.25267575753814975,999.0,133.80398657029244,0,0,0,0,0,70987,108,0,0,0,0,0,0,0,0,0,0,0,0,0,0,0,0.0,0.0,0.0,0.0,0.0,2.0004450378282153,203590,122516,3,1.6617421398021484,0.14862764536986814,0.08944085957136777,0.051836072299658566,0.0,0.0,0.0,0.042220792977655845,0.4471999176521519,0.0,0.0,0.0,0.0,0.0,0.0,0.0,0.0,0.0,1.0,0.0,0.0,4683.0,0.0,5,0.0,0.0,0.0,0.0,0.14862764536986814,4,benign
1639886,194167743,193711,1371891,59290,346871,640825,74265,1075262,0,0.14119999329392788,0.21152141063464167,999.0,118.40319570994569,0,0,0,0,0,74403,108,0,0,0,0,0,0,0,0,0,0,0,0,0,0,0,0.0,0.0,0.0,0.0,0.0,2.0012519688219377,218698,128160,3,1.70644506866417,0.13336170928954819,0.0781517739647756,0.04528668456221957,0.0,0.0,0.0,0.036154952234484596,0.3907741147860278,0.0,0.0,0.0,0.0,0.0,0.0,0.0,0.0,0.0,1.0,0.0,0.0,4683.0,0.0,5,0.0,0.0,0.0,0.0,0.13336170928954819,4,benign
1373981,171982684,172439,1150247,51295,307972,566419,66264,901244,0,0.14991475743905439,0.2241457487403392,999.0,125.17107878493225,0,0,0,0,0,66181,108,0,0,0,0,0,0,0,0,0,0,0,0,0,0,0,0.0,0.0,0.0,0.0,0.0,1.9988317453724136,194688,113289,3,1.7185075338294098,0.14169628255412556,0.08245310524672467,0.048227741140525235,0.0,0.0,0.0,0.03733312178261563,0.412246603118966,0.0,0.0,0.0,0.0,0.0,0.0,0.0,0.0,0.0,1.0,0.0,0.0,4683.0,0.0,5,0.0,0.0,0.0,0.0,0.14169628255412556,4,benign
1544941,171137626,179294,1297890,53507,327742,561223,63935,1015198,0,0.13814267773077843,0.21213884543163783,999.0,110.77292013093057,0,0,0,0,0,63887,108,0,0,0,0,0,0,0,0,0,0,0,0,0,0,0,0.0,0.0,0.0,0.0,0.0,1.997976066375269,195495,112246,3,1.741665627282932,0.12653881280903284,0.07265390717185964,0.04138345736180216,0.0,0.0,0.0,0.0346336850403996,0.3632650049419363,0.0,0.0,0.0,0.0,0.0,0.0,0.0,0.0,0.0,1.0,0.0,0.0,4683.0,0.0,5,0.0,0.0,0.0,0.0,0.12653881280903284,4,benign
1364533,170840099,165870,1148368,50295,308039,560958,62919,898544,0,0.14443976147019075,0.22574683060065237,999.0,125.20041581991788,0,0,0,0,0,62891,108,0,0,0,0,0,0,0,0,0,0,0,0,0,0,0,0.0,0.0,0.0,0.0,0.0,2.0004480955937267,195844,112194,3,1.7455835427919497,0.14352456115022502,0.08222153659896829,0.04611028095326387,0.0,0.0,0.0,0.03685876413395645,0.41109888877733264,0.0,0.0,0.0,0.0,0.0,0.0,0.0,0.0,0.0,1.0,0.0,0.0,4683.0,0.0,5,0.0,0.0,0.0,0.0,0.14352456115022502,4,benign
1462285,194433711,175662,1231905,53605,330290,636394,70676,962966,0,0.1425937876703155,0.2258725214305009,999.0,132.96567427006363,0,0,0,0,0,70790,108,0,0,0,0,0,0,0,0,0,0,0,0,0,0,0,0.0,0.0,0.0,0.0,0.0,1.999067920736948,223824,127282,3,1.7584890243710816,0.15306455307959801,0.08704322344823341,0.04833257538715093,0.0,0.0,0.0,0.03665838054825154,0.4352051754616918,0.0,0.0,0.0,0.0,0.0,0.0,0.0,0.0,0.0,1.0,0.0,0.0,4683.0,0.0,5,0.0,0.0,0.0,0.0,0.15306455307959801,4,benign
1362956,159381368,148306,1154552,45813,290070,519892,55265,901411,0,0.1284532875089212,0.21282418508007594,999.0,116.93801413985484,0,0,0,0,0,55260,108,0,0,0,0,0,0,0,0,0,0,0,0,0,0,0,0.0,0.0,0.0,0.0,0.0,1.9999586315310471,186097,103983,3,1.7896867757229546,0.13653925732011893,0.07629226475396124,0.040547897364258276,0.0,0.0,0.0,0.0336129706314804,0.38144444868359656,0.0,0.0,0.0,0.0,0.0,0.0,0.0,0.0,0.0,1.0,0.0,0.0,4683.0,0.0,5,0.0,0.0,0.0,0.0,0.13653925732011893,4,benign
1362173,159498361,175193,1134339,52641,302805,526885,62735,892604,0,0.15444501158824656,0.2222955527675266,999.0,117.09111911629434,0,0,0,0,0,62737,108,0,0,0,0,0,0,0,0,0,0,0,0,0,0,0,0.0,0.0,0.0,0.0,0.0,2.001990056329834,176758,105370,3,1.6774983391857266,0.12976178503024213,0.07735434485927999,0.04605508991882822,0.0,0.0,0.0,0.03864487109933907,0.38679741853641203,0.0,0.0,0.0,0.0,0.0,0.0,0.0,0.0,0.0,1.0,0.0,0.0,4683.0,0.0,5,0.0,0.0,0.0,0.0,0.12976178503024213,4,benign
1370233,171390834,165261,1154802,50170,309970,561876,62976,902605,0,0.14310764962305225,0.22621700105018636,999.0,125.081525550764,0,0,0,0,0,62953,108,0,0,0,0,0,0,0,0,0,0,0,0,0,0,0,0.0,0.0,0.0,0.0,0.0,2.000464669020129,197594,112376,3,1.758329180607959,0.1442046717602043,0.08201232928998207,0.04596006664559969,0.0,0.0,0.0,0.03661421086778672,0.4100587272383602,0.0,0.0,0.0,0.0,0.0,0.0,0.0,0.0,0.0,1.0,0.0,0.0,4683.0,0.0,5,0.0,0.0,0.0,0.0,0.1442046717602043,4,benign
1372203,160231755,155245,1156094,46321,289482,524130,58820,904390,0,0.1342840634066088,0.21096149767927924,999.0,116.76971628833343,0,0,0,0,0,58819,108,0,0,0,0,0,0,0,0,0,0,0,0,0,0,0,0.0,0.0,0.0,0.0,0.0,1.9999032801834913,184657,104824,3,1.761590857055636,0.1345697393169961,0.07639102960713538,0.04286537779031237,0.0,0.0,0.0,0.03375666719865793,0.38196243558715437,0.0,0.0,0.0,0.0,0.0,0.0,0.0,0.0,0.0,1.0,0.0,0.0,4683.0,0.0,5,0.0,0.0,0.0,0.0,0.1345697393169961,4,benign
1266003,159250830,160301,1053688,52014,282561,515032,57931,834755,0,0.15213326905118024,0.2231914142383549,999.0,125.7902469425428,0,0,0,0,0,57930,108,0,0,0,0,0,0,0,0,0,0,0,0,0,0,0,0.0,0.0,0.0,0.0,0.0,1.9999787658725103,179559,102994,3,1.743392818999165,0.14183141746109607,0.08135367767690914,0.045758975294687296,0.0,0.0,0.0,0.041085210698552845,0.4068173614122557,0.0,0.0,0.0,0.0,0.0,0.0,0.0,0.0,0.0,1.0,0.0,0.0,4683.0,0.0,5,0.0,0.0,0.0,0.0,0.14183141746109607,4,benign
1282017,160265546,153695,1083370,44952,290148,532307,59897,841662,0,0.14186750602287307,0.2263214918366917,999.0,125.01046865993197,0,0,0,0,0,59896,108,0,0,0,0,0,0,0,0,0,0,0,0,0,0,0,0.0,0.0,0.0,0.0,0.0,2.0000275725157164,183681,106475,3,1.7251091805588166,0.1432750111737988,0.08305272082975498,0.04672090931711514,0.0,0.0,0.0,0.03506349759792577,0.41521056273044743,0.0,0.0,0.0,0.0,0.0,0.0,0.0,0.0,0.0,1.0,0.0,0.0,4683.0,0.0,5,0.0,0.0,0.0,0.0,0.1432750111737988,4,benign
1470989,161879291,160108,1231734,50350,288943,530258,59596,966680,0,0.12998585733608067,0.19642770952060146,999.0,110.04792761876533,0,0,0,0,0,59601,108,0,0,0,0,0,0,0,0,0,0,0,0,0,0,0,0.0,0.0,0.0,0.0,0.0,2.000020765556863,182887,106044,3,1.7246331711365093,0.12432927778521798,0.07209027395854081,0.04051423905957149,0.0,0.0,0.0,0.034228672002305935,0.36047720275270584,0.0,0.0,0.0,0.0,0.0,0.0,0.0,0.0,0.0,1.0,0.0,0.0,4683.0,0.0,5,0.0,0.0,0.0,0.0,0.12432927778521798,4,benign
1554925,183374432,181001,1302939,55133,328004,600944,67662,1022520,0,0.13891747810143068,0.21094522243838126,999.0,117.93136775085615,0,0,0,0,0,63310,108,0,0,0,0,0,0,0,0,0,0,0,0,0,0,0,0.0,0.0,0.0,0.0,0.0,1.998915236058041,207807,120192,3,1.7289586661341854,0.13364438799299003,0.07729761885621493,0.043514638969725225,0.0,0.0,0.0,0.035457015611685454,0.3864778043957104,0.0,0.0,0.0,0.0,0.0,0.0,0.0,0.0,0.0,1.0,0.0,0.0,4683.0,0.0,5,0.0,0.0,0.0,0.0,0.13364438799299003,4,benign
1366371,182739500,178049,1148611,55042,327990,603235,67203,898511,0,0.155012445466742,0.2400446145300215,999.0,133.74076294066546,0,0,0,0,0,67187,108,0,0,0,0,0,0,0,0,0,0,0,0,0,0,0,0.0,0.0,0.0,0.0,0.0,2.0018065634402826,207347,120652,3,1.718554188906939,0.15175014692202923,0.0883010543988419,0.04918356727418834,0.0,0.0,0.0,0.04028334910503809,0.4414869753529605,0.0,0.0,0.0,0.0,0.0,0.0,0.0,0.0,0.0,1.0,0.0,0.0,4683.0,0.0,5,0.0,0.0,0.0,0.0,0.15175014692202923,4,benign
1271291,159393700,154863,1069226,47202,286187,526693,58569,835366,0,0.14483654531408702,0.225115256853073,999.0,125.37939779326685,0,0,0,0,0,58573,108,0,0,0,0,0,0,0,0,0,0,0,0,0,0,0,0.0,0.0,0.0,0.0,0.0,2.000174726204038,180841,105335,3,1.7168177718706983,0.14224988613936543,0.0828567180920812,0.04607049054858408,0.0,0.0,0.0,0.03712918600068749,0.4142977492957946,0.0,0.0,0.0,0.0,0.0,0.0,0.0,0.0,0.0,1.0,0.0,0.0,4683.0,0.0,5,0.0,0.0,0.0,0.0,0.14224988613936543,4,benign
1366217,182551586,190284,1146915,58303,347835,601261,67634,898084,0,0.1659094178731641,0.2545971833171451,999.0,133.61829489751628,0,0,0,0,0,67460,108,0,0,0,0,0,0,0,0,0,0,0,0,0,0,0,0.0,0.0,0.0,0.0,0.0,1.9990632130069712,206898,120263,3,1.7203795015923435,0.15143860748329147,0.08802627986622916,0.0495045808974709,0.0,0.0,0.0,0.04267477274839941,0.44009187413126905,0.0,0.0,0.0,0.0,0.0,0.0,0.0,0.0,0.0,1.0,0.0,0.0,4683.0,0.0,5,0.0,0.0,0.0,0.0,0.15143860748329147,4,benign
1276613,160023884,163171,1078356,49582,308391,534245,58275,837543,0,0.15131459369633035,0.241569684783094,999.0,125.35034814779421,0,0,0,0,0,58278,108,0,0,0,0,0,0,0,0,0,0,0,0,0,0,0,0.0,0.0,0.0,0.0,0.0,1.999656339562449,181365,106845,3,1.6974589358416396,0.14206732972325992,0.0836941187344951,0.04564813298940243,0.0,0.0,0.0,0.038838708363458624,0.41848626012738394,0.0,0.0,0.0,0.0,0.0,0.0,0.0,0.0,0.0,1.0,0.0,0.0,4683.0,0.0,5,0.0,0.0,0.0,0.0,0.14206732972325992,4,benign
1275239,159777145,155104,1073558,46577,287594,526951,58924,838450,0,0.14447659092475673,0.22552164731473864,999.0,125.29192174957008,0,0,0,0,0,58927,108,0,0,0,0,0,0,0,0,0,0,0,0,0,0,0,0.0,0.0,0.0,0.0,0.0,2.0000695448981864,182199,105386,3,1.7288729053194922,0.14287439452526154,0.0826401952888831,0.04620624055569191,0.0,0.0,0.0,0.03652413390744794,0.4132174439458015,0.0,0.0,0.0,0.0,0.0,0.0,0.0,0.0,0.0,1.0,0.0,0.0,4683.0,0.0,5,0.0,0.0,0.0,0.0,0.14287439452526154,4,benign
1276703,171237631,170062,1070124,50987,306222,566863,65194,836939,0,0.1589180319290101,0.23985374828758138,999.0,134.12487555837183,0,0,0,0,0,65181,108,0,0,0,0,0,0,0,0,0,0,0,0,0,0,0,0.0,0.0,0.0,0.0,0.0,1.9997387857455382,192853,113382,3,1.7009137252826727,0.15105549215440084,0.08880843861101603,0.051064343077442446,0.0,0.0,0.0,0.03993646133830656,0.44400537948136726,0.0,0.0,0.0,0.0,0.0,0.0,0.0,0.0,0.0,1.0,0.0,0.0,4683.0,0.0,5,0.0,0.0,0.0,0.0,0.15105549215440084,4,benign
1365912,171228845,161178,1155596,49514,308391,570474,60510,897501,0,0.1394760798756659,0.225776623969919,999.0,125.35862119960876,0,0,0,0,0,60584,108,0,0,0,0,0,0,0,0,0,0,0,0,0,0,0,0.0,0.0,0.0,0.0,0.0,2.0002270103386994,194298,114100,3,1.702874671340929,0.14224781684325197,0.08353393190776566,0.044300072039780015,0.0,0.0,0.0,0.03624977304540849,0.4176506246376048,0.0,0.0,0.0,0.0,0.0,0.0,0.0,0.0,0.0,1.0,0.0,0.0,4683.0,0.0,5,0.0,0.0,0.0,0.0,0.14224781684325197,4,benign
1273040,158791133,170686,1053015,49339,282401,514468,66699,834682,0,0.16209265774941478,0.2218319927103626,999.0,124.73381276314963,0,0,0,0,0,66703,108,0,0,0,0,0,0,0,0,0,0,0,0,0,0,0,0.0,0.0,0.0,0.0,0.0,2.000092071901072,179503,102883,3,1.744729449957719,0.14100342487274556,0.0808167850185383,0.052393483315528185,0.0,0.0,0.0,0.03875683403506567,0.40412555772010306,0.0,0.0,0.0,0.0,0.0,0.0,0.0,0.0,0.0,1.0,0.0,0.0,4683.0,0.0,5,0.0,0.0,0.0,0.0,0.14100342487274556,4,benign
1467437,184246590,169756,1244883,52798,333244,612915,63401,965660,0,0.13636301564082728,0.22709254298480958,999.0,125.55672918155942,0,0,0,0,0,63491,108,0,0,0,0,0,0,0,0,0,0,0,0,0,0,0,0.0,0.0,0.0,0.0,0.0,1.9999039788753525,210665,122594,3,1.7183956800495945,0.14355982573698223,0.0835429391517319,0.04320526196354597,0.0,0.0,0.0,0.035979738823540636,0.4176772154443428,0.0,0.0,0.0,0.0,0.0,0.0,0.0,0.0,0.0,1.0,0.0,0.0,4683.0,0.0,5,0.0,0.0,0.0,0.0,0.14355982573698223,4,benign
1455795,170951834,175407,1215442,51985,304362,564568,67772,952573,0,0.14431540131079887,0.20906927142901302,999.0,117.4285074478206,0,0,0,0,0,67771,108,0,0,0,0,0,0,0,0,0,0,0,0,0,0,0,0.0,0.0,0.0,0.0,0.0,1.9992905704995565,191448,112907,3,1.6956256033726873,0.13150752681524527,0.07755693624445749,0.04655325784193516,0.0,0.0,0.0,0.03570901122754234,0.38780734924903576,0.0,0.0,0.0,0.0,0.0,0.0,0.0,0.0,0.0,1.0,0.0,0.0,4683.0,0.0,5,0.0,0.0,0.0,0.0,0.13150752681524527,4,benign
1279817,160529297,153646,1079551,46620,288818,532757,58185,840798,0,0.14232398469363652,0.22567132644745302,999.0,125.43144605830365,0,0,0,0,0,58198,108,0,0,0,0,0,0,0,0,0,0,0,0,0,0,0,0.0,0.0,0.0,0.0,0.0,2.0,182263,106555,3,1.7105063112946366,0.14241332940568846,0.08325799704176456,0.04546353111421399,0.0,0.0,0.0,0.03642708293451329,0.4162759206980373,0.0,0.0,0.0,0.0,0.0,0.0,0.0,0.0,0.0,1.0,0.0,0.0,4683.0,0.0,5,0.0,0.0,0.0,0.0,0.14241332940568846,4,benign
1250834,156726978,154061,1050574,46199,281456,515546,58477,822295,0,0.14664459619217685,0.22501467021203453,999.0,125.29798358535186,0,0,0,0,0,58479,108,0,0,0,0,0,0,0,0,0,0,0,0,0,0,0,0.0,0.0,0.0,0.0,0.0,1.9999573654702945,178351,103104,3,1.729816495965239,0.1425856668430823,0.08242820390235635,0.0467504081276972,0.0,0.0,0.0,0.03693455726339386,0.4121618056432748,0.0,0.0,0.0,0.0,0.0,0.0,0.0,0.0,0.0,1.0,0.0,0.0,4683.0,0.0,5,0.0,0.0,0.0,0.0,0.1425856668430823,4,benign
1461060,171472410,171811,1223194,51756,307051,563792,65921,959268,0,0.1404609571335373,0.21015632486003313,999.0,117.36164839226315,0,0,0,0,0,65871,108,0,0,0,0,0,0,0,0,0,0,0,0,0,0,0,0.0,0.0,0.0,0.0,0.0,1.9994725394944193,194293,112760,3,1.7230666903157148,0.13298084952021136,0.07717684420899895,0.04511861251420202,0.0,0.0,0.0,0.0354235965668761,0.38587874556828605,0.0,0.0,0.0,0.0,0.0,0.0,0.0,0.0,0.0,1.0,0.0,0.0,4683.0,0.0,5,0.0,0.0,0.0,0.0,0.13298084952021136,4,benign
1274674,182472722,177670,1073048,53937,328690,598296,67450,839416,0,0.16557507213097644,0.2578620102081003,999.0,143.15246251198346,0,0,0,0,0,67250,108,0,0,0,0,0,0,0,0,0,0,0,0,0,0,0,0.0,0.0,0.0,0.0,0.0,1.9997566391871748,209034,119666,3,1.7468119599552088,0.16399016532854674,0.09387969002270384,0.05291549054895605,0.0,0.0,0.0,0.04231434860991908,0.4693717766268081,0.0,0.0,0.0,0.0,0.0,0.0,0.0,0.0,0.0,1.0,0.0,0.0,4683.0,0.0,5,0.0,0.0,0.0,0.0,0.16399016532854674,4,benign
1272832,159780367,156444,1067613,48775,285961,524366,58401,837314,0,0.14653624487524974,0.22466515612429605,999.0,125.53138748868665,0,0,0,0,0,58397,108,0,0,0,0,0,0,0,0,0,0,0,0,0,0,0,0.0,0.0,0.0,0.0,0.0,1.9999650308078583,181091,104869,3,1.7268306172462786,0.14227407859010457,0.0823902918845535,0.04588272450724055,0.0,0.0,0.0,0.03832006109211585,0.4119679580651649,0.0,0.0,0.0,0.0,0.0,0.0,0.0,0.0,0.0,1.0,0.0,0.0,4683.0,0.0,5,0.0,0.0,0.0,0.0,0.14227407859010457,4,benign
1363805,170438186,156528,1159521,47756,313486,548286,58507,904920,0,0.13499367411198246,0.22986130715168224,999.0,124.97254812821481,0,0,0,0,0,58451,108,0,0,0,0,0,0,0,0,0,0,0,0,0,0,0,0.0,0.0,0.0,0.0,0.0,1.998865027545399,203824,109663,3,1.8586396505658245,0.1494524510468872,0.0804095893474507,0.04289982805459725,0.0,0.0,0.0,0.0350167362636154,0.4020266827002394,0.0,0.0,0.0,0.0,0.0,0.0,0.0,0.0,0.0,1.0,0.0,0.0,4683.0,0.0,5,0.0,0.0,0.0,0.0,0.1494524510468872,4,benign
1279236,160314799,167265,1062910,49061,282585,537879,65183,833082,0,0.15736515791553377,0.22090138176223933,999.0,125.32073753396558,0,0,0,0,0,65194,108,0,0,0,0,0,0,0,0,0,0,0,0,0,0,0,0.0,0.0,0.0,0.0,0.0,2.0000920119473973,175011,107576,3,1.626859150739942,0.13680900162284362,0.08409394357256987,0.05095463229615176,0.0,0.0,0.0,0.03835179747912035,0.4204689361462623,0.0,0.0,0.0,0.0,0.0,0.0,0.0,0.0,0.0,1.0,0.0,0.0,4683.0,0.0,5,0.0,0.0,0.0,0.0,0.13680900162284362,4,benign
1368667,171379112,165853,1152523,50293,309183,562188,62960,900993,0,0.14390428650881587,0.22590082174846035,999.0,125.2160766643749,0,0,0,0,0,62925,108,0,0,0,0,0,0,0,0,0,0,0,0,0,0,0,0.0,0.0,0.0,0.0,0.0,2.0000582196433077,196744,112435,3,1.7498465780228576,0.1437486254874268,0.08214927370938292,0.04600096298076888,0.0,0.0,0.0,0.03674597254116597,0.41075586683977916,0.0,0.0,0.0,0.0,0.0,0.0,0.0,0.0,0.0,1.0,0.0,0.0,4683.0,0.0,5,0.0,0.0,0.0,0.0,0.1437486254874268,4,benign
1265793,159301165,164146,1063324,52944,306513,516666,54936,836637,0,0.15437063397421671,0.24215096781227263,999.0,125.85088162124455,0,0,0,0,0,54945,108,0,0,0,0,0,0,0,0,0,0,0,0,0,0,0,0.0,0.0,0.0,0.0,0.0,2.001155593857725,182214,103334,3,1.7633499138715234,0.14395244720108263,0.08163578088992433,0.04340046121285234,0.0,0.0,0.0,0.04182674418329063,0.40817574437526516,0.0,0.0,0.0,0.0,0.0,0.0,0.0,0.0,0.0,1.0,0.0,0.0,4683.0,0.0,5,0.0,0.0,0.0,0.0,0.14395244720108263,4,benign
1474911,172478456,169829,1241500,49163,311817,571130,66910,968476,0,0.1367933950865888,0.2114141124447509,999.0,116.94160257805386,0,0,0,0,0,66821,108,0,0,0,0,0,0,0,0,0,0,0,0,0,0,0,0.0,0.0,0.0,0.0,0.0,2.0008020738421264,197585,114229,3,1.7297271270868169,0.13396401545584785,0.07744806296786722,0.04536544916947531,0.0,0.0,0.0,0.033332858728424966,0.38723014473415684,0.0,0.0,0.0,0.0,0.0,0.0,0.0,0.0,0.0,1.0,0.0,0.0,4683.0,0.0,5,0.0,0.0,0.0,0.0,0.13396401545584785,4,benign
1270063,159481110,157799,1063922,48342,284712,524353,58939,834881,0,0.1483182037780965,0.22417155684403056,999.0,125.56944812973845,0,0,0,0,0,58933,108,0,0,0,0,0,0,0,0,0,0,0,0,0,0,0,0.0,0.0,0.0,0.0,0.0,2.0000702488918236,179848,104876,3,1.7148632670963806,0.14160557389672795,0.08257543129750257,0.04640635936957458,0.0,0.0,0.0,0.03806267878050144,0.41285589769956293,0.0,0.0,0.0,0.0,0.0,0.0,0.0,0.0,0.0,1.0,0.0,0.0,4683.0,0.0,5,0.0,0.0,0.0,0.0,0.14160557389672795,4,benign
1368854,171510647,166349,1152357,50148,309197,562088,63010,900440,0,0.14435543846221266,0.22588018882948802,999.0,125.29506214687615,0,0,0,0,0,63080,108,0,0,0,0,0,0,0,0,0,0,0,0,0,0,0,0.0,0.0,0.0,0.0,0.0,1.998339009998255,196775,112410,3,1.7505115203273731,0.1437516345789982,0.08211978779329278,0.046031205665469074,0.0,0.0,0.0,0.03663502462643934,0.41062669941425456,0.0,0.0,0.0,0.0,0.0,0.0,0.0,0.0,0.0,1.0,0.0,0.0,4683.0,0.0,5,0.0,0.0,0.0,0.0,0.1437516345789982,4,benign
1274880,159850151,157187,1069762,47931,286705,524218,59009,838887,0,0.14693642137223045,0.22488783258032127,999.0,125.38446834211847,0,0,0,0,0,59002,108,0,0,0,0,0,0,0,0,0,0,0,0,0,0,0,0.0,0.0,0.0,0.0,0.0,1.9999651215513934,181857,104845,3,1.734531928084315,0.14264636671686748,0.08223911270080321,0.0462859249497992,0.0,0.0,0.0,0.0375964796686747,0.41119007279116465,0.0,0.0,0.0,0.0,0.0,0.0,0.0,0.0,0.0,1.0,0.0,0.0,4683.0,0.0,5,0.0,0.0,0.0,0.0,0.14264636671686748,4,benign
1274911,159946748,157509,1069059,48343,286365,524956,59042,838523,0,0.1473342444149481,0.22461567905524385,999.0,125.45718720757763,0,0,0,0,0,59041,108,0,0,0,0,0,0,0,0,0,0,0,0,0,0,0,0.0,0.0,0.0,0.0,0.0,1.9999511125389353,181380,104991,3,1.7275766494270937,0.1422687544463888,0.08235163081971997,0.04631068364772129,0.0,0.0,0.0,0.03791872530709987,0.4117589384670773,0.0,0.0,0.0,0.0,0.0,0.0,0.0,0.0,0.0,1.0,0.0,0.0,4683.0,0.0,5,0.0,0.0,0.0,0.0,0.1422687544463888,4,benign
1362371,159477282,157125,1142659,48203,285691,523532,59116,895773,0,0.13750821548686004,0.20970132218022844,999.0,117.05862940417845,0,0,0,0,0,59117,108,0,0,0,0,0,0,0,0,0,0,0,0,0,0,0,0.0,0.0,0.0,0.0,0.0,2.0000490051945508,180974,104703,3,1.7284509517396827,0.13283753103963605,0.07685351493829508,0.04339199821487686,0.0,0.0,0.0,0.03538169852411715,0.38428005293712214,0.0,0.0,0.0,0.0,0.0,0.0,0.0,0.0,0.0,1.0,0.0,0.0,4683.0,0.0,5,0.0,0.0,0.0,0.0,0.13283753103963605,4,benign
1454153,171089859,168334,1220079,51517,306522,563484,63445,956412,0,0.1379697544175418,0.2107907489789589,999.0,117.65602312824029,0,0,0,0,0,63342,108,0,0,0,0,0,0,0,0,0,0,0,0,0,0,0,0.0,0.0,0.0,0.0,0.0,2.000104402523931,193839,112711,3,1.7197877758160252,0.13330027858141474,0.07750972559283652,0.043630209475894216,0.0,0.0,0.0,0.03542749628134041,0.3874998022904055,0.0,0.0,0.0,0.0,0.0,0.0,0.0,0.0,0.0,1.0,0.0,0.0,4683.0,0.0,5,0.0,0.0,0.0,0.0,0.13330027858141474,4,benign
1279538,171616088,167252,1076660,49972,308183,567236,63573,840515,0,0.15534337673917487,0.2408549023163048,999.0,134.12347894318106,0,0,0,0,0,63619,108,0,0,0,0,0,0,0,0,0,0,0,0,0,0,0,0.0,0.0,0.0,0.0,0.0,2.0003440106448576,194730,113432,3,1.7167113336624586,0.15218774276340366,0.08865074737913216,0.04968433919117682,0.0,0.0,0.0,0.03905472131347408,0.44331313333406275,0.0,0.0,0.0,0.0,0.0,0.0,0.0,0.0,0.0,1.0,0.0,0.0,4683.0,0.0,5,0.0,0.0,0.0,0.0,0.15218774276340366,4,benign
1273805,159601704,158658,1066258,48889,286194,519127,59539,839091,0,0.14879888357226861,0.2246764614678071,999.0,125.2952406373032,0,0,0,0,0,59533,108,0,0,0,0,0,0,0,0,0,0,0,0,0,0,0,0.0,0.0,0.0,0.0,0.0,2.000027953457493,182374,103829,3,1.756484219245105,0.14317262061304517,0.0815109063004149,0.04674106319256087,0.0,0.0,0.0,0.03838028583652914,0.4075404006107685,0.0,0.0,0.0,0.0,0.0,0.0,0.0,0.0,0.0,1.0,0.0,0.0,4683.0,0.0,5,0.0,0.0,0.0,0.0,0.14317262061304517,4,benign
1371159,172015609,161246,1161505,48408,309931,579395,61681,898515,0,0.1388250588675899,0.22603578432552315,999.0,125.45270752698994,0,0,0,0,0,61741,108,0,0,0,0,0,0,0,0,0,0,0,0,0,0,0,0.0,0.0,0.0,0.0,0.0,2.0002517005924645,194048,115879,3,1.674574340475841,0.1415211510845934,0.08451171600084308,0.044984571446491615,0.0,0.0,0.0,0.0353044395288949,0.4225585800042154,0.0,0.0,0.0,0.0,0.0,0.0,0.0,0.0,0.0,1.0,0.0,0.0,4683.0,0.0,5,0.0,0.0,0.0,0.0,0.1415211510845934,4,benign
1286622,161379917,155107,1083978,47537,289895,535616,58819,844839,0,0.14309054242798286,0.22531481662834926,999.0,125.42916023509625,0,0,0,0,0,58816,108,0,0,0,0,0,0,0,0,0,0,0,0,0,0,0,0.0,0.0,0.0,0.0,0.0,2.0000344958432508,182775,107131,3,1.7060888071613258,0.14205804035684141,0.08326532579110259,0.04571583573108497,0.0,0.0,0.0,0.03694713754311678,0.4162963170224044,0.0,0.0,0.0,0.0,0.0,0.0,0.0,0.0,0.0,1.0,0.0,0.0,4683.0,0.0,5,0.0,0.0,0.0,0.0,0.14205804035684141,4,benign
1640632,205960725,210672,1380653,63161,389846,681843,75957,1077427,0,0.15258866637743154,0.2376194052048235,999.0,125.53743008791734,0,0,0,0,0,75976,108,0,0,0,0,0,0,0,0,0,0,0,0,0,0,0,0.0,0.0,0.0,0.0,0.0,2.0005542184749756,233228,136365,3,1.7103215634510323,0.14215741250932568,0.08311735965164643,0.04629740246441615,0.0,0.0,0.0,0.03849796907533194,0.4155977696399924,0.0,0.0,0.0,0.0,0.0,0.0,0.0,0.0,0.0,1.0,0.0,0.0,4683.0,0.0,5,0.0,0.0,0.0,0.0,0.14215741250932568,4,benign
1821486,193871372,197465,1534169,58697,369007,644210,70710,1197884,0,0.1287113740402785,0.20258569102370264,999.0,106.43582876837922,0,0,0,0,0,70696,108,0,0,0,0,0,0,0,0,0,0,0,0,0,0,0,0.0,0.0,0.0,0.0,0.0,2.001426463888226,219925,128844,3,1.7069091304212847,0.12073933041483711,0.07073565209943969,0.038819952500321164,0.0,0.0,0.0,0.03222478789296212,0.3536727704742172,0.0,0.0,0.0,0.0,0.0,0.0,0.0,0.0,0.0,1.0,0.0,0.0,4683.0,0.0,5,0.0,0.0,0.0,0.0,0.12073933041483711,4,benign
1450070,181417287,181224,1214276,54814,326892,586689,68646,955333,0,0.14924448807355165,0.2254318757025523,999.0,125.10933058404078,0,0,0,0,0,68587,108,0,0,0,0,0,0,0,0,0,0,0,0,0,0,0,0.0,0.0,0.0,0.0,0.0,2.0002202804904914,209550,117338,3,1.7858664712198946,0.14451026502168862,0.0809188521933424,0.04733978359665395,0.0,0.0,0.0,0.037800933748025956,0.40459357134483165,0.0,0.0,0.0,0.0,0.0,0.0,0.0,0.0,0.0,1.0,0.0,0.0,4683.0,0.0,5,0.0,0.0,0.0,0.0,0.14451026502168862,4,benign
1367358,182851471,188302,1152082,56048,347675,613919,67473,894545,0,0.16344496311894466,0.2542677192074058,999.0,133.72611342457498,0,0,0,0,0,67427,108,0,0,0,0,0,0,0,0,0,0,0,0,0,0,0,0.0,0.0,0.0,0.0,0.0,1.999833191450199,204227,122782,3,1.6633301298235899,0.14935883653000898,0.0897950646429099,0.04934552618992246,0.0,0.0,0.0,0.04098999676748884,0.448981905250856,0.0,0.0,0.0,0.0,0.0,0.0,0.0,0.0,0.0,1.0,0.0,0.0,4683.0,0.0,5,0.0,0.0,0.0,0.0,0.14935883653000898,4,benign
1275984,159635311,163452,1064119,48413,284973,523045,63031,837036,0,0.15360312145540114,0.22333587255012602,999.0,125.1076118509323,0,0,0,0,0,63036,108,0,0,0,0,0,0,0,0,0,0,0,0,0,0,0,0.0,0.0,0.0,0.0,0.0,1.9999789455954187,180360,104607,3,1.7241675987266627,0.14134973479291277,0.08198143550389346,0.049397954833289445,0.0,0.0,0.0,0.037941698328505684,0.4099150146083336,0.0,0.0,0.0,0.0,0.0,0.0,0.0,0.0,0.0,1.0,0.0,0.0,4683.0,0.0,5,0.0,0.0,0.0,0.0,0.14134973479291277,4,benign
1366307,182409444,180112,1147625,53802,327076,604117,68749,896903,0,0.15694325236902298,0.23938690206520205,999.0,133.50545960754062,0,0,0,0,0,64441,108,0,0,0,0,0,0,0,0,0,0,0,0,0,0,0,0.0,0.0,0.0,0.0,0.0,2.001248195012115,206249,120822,3,1.707048385227856,0.1509536290160264,0.08842961354951706,0.05031738840538766,0.0,0.0,0.0,0.03937768012606244,0.44215319104710726,0.0,0.0,0.0,0.0,0.0,0.0,0.0,0.0,0.0,1.0,0.0,0.0,4683.0,0.0,5,0.0,0.0,0.0,0.0,0.1509536290160264,4,benign
1274459,159605944,159523,1067690,47248,285828,525511,61074,836673,0,0.14940947278704492,0.2242739860599674,999.0,125.23427116917846,0,0,0,0,0,61056,108,0,0,0,0,0,0,0,0,0,0,0,0,0,0,0,0.0,0.0,0.0,0.0,0.0,2.0,180725,105107,3,1.7194382866983169,0.14180526796075826,0.0824718566858565,0.047921510225122976,0.0,0.0,0.0,0.03707298547854423,0.41234045190939844,0.0,0.0,0.0,0.0,0.0,0.0,0.0,0.0,0.0,1.0,0.0,0.0,4683.0,0.0,5,0.0,0.0,0.0,0.0,0.14180526796075826,4,benign
1553263,182643906,183442,1300168,54796,326730,601264,70369,1019437,0,0.14109099747109605,0.21035072618094938,999.0,117.58723796292064,0,0,0,0,0,74773,108,0,0,0,0,0,0,0,0,0,0,0,0,0,0,0,0.0,0.0,0.0,0.0,0.0,1.9997918987403753,206484,120251,3,1.71710838163508,0.1329356329224349,0.07741831228838902,0.04530398264814137,0.0,0.0,0.0,0.03527799220093442,0.3870973556957193,0.0,0.0,0.0,0.0,0.0,0.0,0.0,0.0,0.0,1.0,0.0,0.0,4683.0,0.0,5,0.0,0.0,0.0,0.0,0.1329356329224349,4,benign
1546625,171170579,165111,1301302,50511,308976,562090,62514,1017799,0,0.12688138495137946,0.1997743473692718,999.0,110.6736144831488,0,0,0,0,0,62486,108,0,0,0,0,0,0,0,0,0,0,0,0,0,0,0,0.0,0.0,0.0,0.0,0.0,2.0003884551140114,196564,112418,3,1.7485100250849508,0.12709221692394732,0.07268600986017942,0.0404196233734745,0.0,0.0,0.0,0.03265885395619494,0.3634300493008971,0.0,0.0,0.0,0.0,0.0,0.0,0.0,0.0,0.0,1.0,0.0,0.0,4683.0,0.0,5,0.0,0.0,0.0,0.0,0.12709221692394732,4,benign
1369116,160144770,146588,1162803,45644,293846,515874,54200,908232,0,0.12606434623921678,0.21462461909728614,999.0,116.9694678902299,0,0,0,0,0,54199,108,0,0,0,0,0,0,0,0,0,0,0,0,0,0,0,0.0,0.0,0.0,0.0,0.0,2.0001089065105675,190668,103169,3,1.8481132898448178,0.1392635832172,0.07535446229537891,0.0395875879034355,0.0,0.0,0.0,0.03333830004177878,0.37679349302761783,0.0,0.0,0.0,0.0,0.0,0.0,0.0,0.0,0.0,1.0,0.0,0.0,4683.0,0.0,5,0.0,0.0,0.0,0.0,0.1392635832172,4,benign
1275967,160006836,165056,1062239,48673,282873,534077,63766,832805,0,0.15538499339602482,0.22169303751586053,999.0,125.40045001163823,0,0,0,0,0,63761,108,0,0,0,0,0,0,0,0,0,0,0,0,0,0,0,0.0,0.0,0.0,0.0,0.0,2.0000070703356996,176055,106820,3,1.6481464145291145,0.13797770631999104,0.08371689863452582,0.04997464667973388,0.0,0.0,0.0,0.03814597085974794,0.4185664676280813,0.0,0.0,0.0,0.0,0.0,0.0,0.0,0.0,0.0,1.0,0.0,0.0,4683.0,0.0,5,0.0,0.0,0.0,0.0,0.13797770631999104,4,benign
1367575,171378285,166023,1151495,50789,309255,561428,63039,900152,0,0.14418039157790524,0.22613385006306783,999.0,125.31545619070252,0,0,0,0,0,63218,108,0,0,0,0,0,0,0,0,0,0,0,0,0,0,0,0.0,0.0,0.0,0.0,0.0,1.9987396994667959,196967,112287,3,1.7541389475184126,0.14402647021187137,0.08210664862987405,0.046095460943641114,0.0,0.0,0.0,0.03713799974407254,0.41052812460011334,0.0,0.0,0.0,0.0,0.0,0.0,0.0,0.0,0.0,1.0,0.0,0.0,4683.0,0.0,5,0.0,0.0,0.0,0.0,0.14402647021187137,4,benign
1279600,160182507,154914,1078489,46197,289654,523784,58745,843420,0,0.14363985168138016,0.22636292591434823,999.0,125.18170287589872,0,0,0,0,0,58744,108,0,0,0,0,0,0,0,0,0,0,0,0,0,0,0,0.0,0.0,0.0,0.0,0.0,2.0000552398445,184897,104754,3,1.7650590908223076,0.1444959362300719,0.08186464520162551,0.04590887777430447,0.0,0.0,0.0,0.036102688340106284,0.40933416692716473,0.0,0.0,0.0,0.0,0.0,0.0,0.0,0.0,0.0,1.0,0.0,0.0,4683.0,0.0,5,0.0,0.0,0.0,0.0,0.1444959362300719,4,benign
1355837,170562388,170087,1130006,55744,303612,548191,61050,895579,0,0.1505186698123727,0.22392957265512003,999.0,125.79859378376604,0,0,0,0,0,61097,108,0,0,0,0,0,0,0,0,0,0,0,0,0,0,0,0.0,0.0,0.0,0.0,0.0,1.9987886608118606,193979,109643,3,1.7691872714172359,0.14306955777132502,0.08086739040164857,0.04502753649590622,0.0,0.0,0.0,0.041114086722814025,0.4043192507653944,0.0,0.0,0.0,0.0,0.0,0.0,0.0,0.0,0.0,1.0,0.0,0.0,4683.0,0.0,5,0.0,0.0,0.0,0.0,0.14306955777132502,4,benign
1370585,159974828,162841,1161361,46383,310897,535139,60368,899226,0,0.1402156607635352,0.22683525647807323,999.0,116.72010710754897,0,0,0,0,0,60367,108,0,0,0,0,0,0,0,0,0,0,0,0,0,0,0,0.0,0.0,0.0,0.0,0.0,2.0014613577107543,184024,107023,3,1.7194808592545527,0.13426675470693172,0.07808563496609112,0.04404542585830138,0.0,0.0,0.0,0.03384175370371046,0.3904456856014038,0.0,0.0,0.0,0.0,0.0,0.0,0.0,0.0,0.0,1.0,0.0,0.0,4683.0,0.0,5,0.0,0.0,0.0,0.0,0.13426675470693172,4,benign
1271878,159587421,156859,1066311,48708,285564,524031,58818,836298,0,0.14710436261090806,0.22452153429810093,999.0,125.47384340321949,0,0,0,0,0,58822,108,0,0,0,0,0,0,0,0,0,0,0,0,0,0,0,0.0,0.0,0.0,0.0,0.0,2.000056031041197,180756,104813,3,1.7245570683025961,0.14211740434224038,0.08240806115051916,0.04624500148599158,0.0,0.0,0.0,0.038296125886287835,0.4120135736289172,0.0,0.0,0.0,0.0,0.0,0.0,0.0,0.0,0.0,1.0,0.0,0.0,4683.0,0.0,5,0.0,0.0,0.0,0.0,0.14211740434224038,4,benign
1456936,182853227,169215,1221067,51920,306887,599363,67482,958178,0,0.13857961930016943,0.21063862791502166,999.0,125.50532555994224,0,0,0,0,0,67657,108,0,0,0,0,0,0,0,0,0,0,0,0,0,0,0,0.0,0.0,0.0,0.0,0.0,2.0001759760151208,207112,119867,3,1.7278483652715093,0.1421558668328602,0.0822733462554292,0.04631775177495786,0.0,0.0,0.0,0.03563643152478901,0.41138594969168174,0.0,0.0,0.0,0.0,0.0,0.0,0.0,0.0,0.0,1.0,0.0,0.0,4683.0,0.0,5,0.0,0.0,0.0,0.0,0.1421558668328602,4,benign
1363358,171216995,181956,1139753,56319,325257,561578,63717,895641,0,0.1596451160909425,0.23857050019143908,999.0,125.58476570350561,0,0,0,0,0,63624,108,0,0,0,0,0,0,0,0,0,0,0,0,0,0,0,0.0,0.0,0.0,0.0,0.0,1.9975618294263235,192764,112314,3,1.7162953861495451,0.1413891289008463,0.0823804165890397,0.04673534024078782,0.0,0.0,0.0,0.04130903255051131,0.41190795080969195,0.0,0.0,0.0,0.0,0.0,0.0,0.0,0.0,0.0,1.0,0.0,0.0,4683.0,0.0,5,0.0,0.0,0.0,0.0,0.1413891289008463,4,benign
1270955,170639881,167788,1066341,51922,305919,558019,62849,836599,0,0.15734929070531847,0.24070010346550427,999.0,134.26115086686784,0,0,0,0,0,63007,108,0,0,0,0,0,0,0,0,0,0,0,0,0,0,0,0.0,0.0,0.0,0.0,0.0,1.9994836567559264,194313,111603,3,1.741109109970162,0.15288739569851018,0.08781034733723854,0.04945021656943007,0.0,0.0,0.0,0.0408527445896983,0.4390548839258668,0.0,0.0,0.0,0.0,0.0,0.0,0.0,0.0,0.0,1.0,0.0,0.0,4683.0,0.0,5,0.0,0.0,0.0,0.0,0.15288739569851018,4,benign
1282511,160866664,157500,1076714,48297,288484,528196,59245,843587,0,0.14627839890630195,0.22493686213997385,999.0,125.4310208645384,0,0,0,0,0,59236,108,0,0,0,0,0,0,0,0,0,0,0,0,0,0,0,0.0,0.0,0.0,0.0,0.0,1.9999445391899948,182841,105643,3,1.7307441098794998,0.14256485909282648,0.08237200304714735,0.04619453556343766,0.0,0.0,0.0,0.03765815653822852,0.4118452005479875,0.0,0.0,0.0,0.0,0.0,0.0,0.0,0.0,0.0,1.0,0.0,0.0,4683.0,0.0,5,0.0,0.0,0.0,0.0,0.14256485909282648,4,benign
1366806,183025682,176129,1152384,53629,328907,606799,67102,897248,0,0.1528388106742197,0.24063912508432067,999.0,133.90757869075787,0,0,0,0,0,66948,108,0,0,0,0,0,0,0,0,0,0,0,0,0,0,0,0.0,0.0,0.0,0.0,0.0,1.9995683601942986,207553,121361,3,1.7102116825009681,0.15185256722607304,0.0887916792873312,0.049094019195116204,0.0,0.0,0.0,0.03923673147469355,0.4439540066402986,0.0,0.0,0.0,0.0,0.0,0.0,0.0,0.0,0.0,1.0,0.0,0.0,4683.0,0.0,5,0.0,0.0,0.0,0.0,0.15185256722607304,4,benign
1459072,170948049,154460,1229325,46452,287031,566804,62737,958418,0,0.12564618794867102,0.19672161483463463,999.0,117.16217499890341,0,0,0,0,0,62717,108,0,0,0,0,0,0,0,0,0,0,0,0,0,0,0,0.0,0.0,0.0,0.0,0.0,1.9999930321357897,193941,113359,3,1.710856658933124,0.13292078800771998,0.07769253333625757,0.0429978781033424,0.0,0.0,0.0,0.03183667426967278,0.38846883498552504,0.0,0.0,0.0,0.0,0.0,0.0,0.0,0.0,0.0,1.0,0.0,0.0,4683.0,0.0,5,0.0,0.0,0.0,0.0,0.13292078800771998,4,benign
1274515,159670010,157019,1070396,47100,286489,527373,59942,836839,0,0.1466924390599367,0.22478276050105334,999.0,125.2790355547012,0,0,0,0,0,59939,108,0,0,0,0,0,0,0,0,0,0,0,0,0,0,0,0.0,0.0,0.0,0.0,0.0,1.999965095255049,181017,105472,3,1.7162564472087378,0.14202814403910508,0.08275461646194827,0.047031223641934385,0.0,0.0,0.0,0.036955233951738505,0.4137832822681569,0.0,0.0,0.0,0.0,0.0,0.0,0.0,0.0,0.0,1.0,0.0,0.0,4683.0,0.0,5,0.0,0.0,0.0,0.0,0.14202814403910508,4,benign
1276404,160202901,152572,1077687,46145,288188,532788,57561,838557,0,0.14157357377420346,0.22578117899975242,999.0,125.51112422085798,0,0,0,0,0,57565,108,0,0,0,0,0,0,0,0,0,0,0,0,0,0,0,0.0,0.0,0.0,0.0,0.0,2.0,181630,106566,3,1.7043897678434021,0.14229820652395322,0.08348924008386059,0.0450962234527626,0.0,0.0,0.0,0.03615234674914839,0.41741329547698064,0.0,0.0,0.0,0.0,0.0,0.0,0.0,0.0,0.0,1.0,0.0,0.0,4683.0,0.0,5,0.0,0.0,0.0,0.0,0.14229820652395322,4,benign
1276924,159425727,168566,1059350,49008,283848,519500,65676,837032,0,0.15912210317647615,0.22229044171775297,999.0,124.85138269779564,0,0,0,0,0,65670,108,0,0,0,0,0,0,0,0,0,0,0,0,0,0,0,0.0,0.0,0.0,0.0,0.0,2.000155024557299,179940,103894,3,1.7319575721408358,0.14091676560233812,0.08136271226791884,0.05143297486772901,0.0,0.0,0.0,0.03837973129176051,0.4068370552985142,0.0,0.0,0.0,0.0,0.0,0.0,0.0,0.0,0.0,1.0,0.0,0.0,4683.0,0.0,5,0.0,0.0,0.0,0.0,0.14091676560233812,4,benign
1275804,160338341,145022,1085423,45359,290424,535395,53831,839929,0,0.13360874055552535,0.22763998231703303,999.0,125.67631156509934,0,0,0,0,0,53825,108,0,0,0,0,0,0,0,0,0,0,0,0,0,0,0,0.0,0.0,0.0,0.0,0.0,1.9998485088450177,183355,107085,3,1.7122379418219171,0.1437172167511624,0.0839353066772012,0.04219378525228013,0.0,0.0,0.0,0.035553266802737724,0.41965301880226114,0.0,0.0,0.0,0.0,0.0,0.0,0.0,0.0,0.0,1.0,0.0,0.0,4683.0,0.0,5,0.0,0.0,0.0,0.0,0.1437172167511624,4,benign
1361878,159274253,157904,1143224,47564,284914,527668,60433,893282,0,0.13812166294619427,0.2092066983973601,999.0,116.95192447487955,0,0,0,0,0,60436,108,0,0,0,0,0,0,0,0,0,0,0,0,0,0,0,0.0,0.0,0.0,0.0,0.0,2.000070199084604,179372,105528,3,1.6997574103555455,0.1317093014205384,0.07748711705453792,0.044374753098295146,0.0,0.0,0.0,0.03492530167900502,0.3874561451172572,0.0,0.0,0.0,0.0,0.0,0.0,0.0,0.0,0.0,1.0,0.0,0.0,4683.0,0.0,5,0.0,0.0,0.0,0.0,0.1317093014205384,4,benign
1279362,171906621,166983,1076712,50317,308940,569617,63574,840340,0,0.15508603972092816,0.24147973755668842,999.0,134.36902221576068,0,0,0,0,0,67608,108,0,0,0,0,0,0,0,0,0,0,0,0,0,0,0,0.0,0.0,0.0,0.0,0.0,2.0004144057809605,195028,113923,3,1.7119282322270306,0.152441607613795,0.08904672797847678,0.04969195583423613,0.0,0.0,0.0,0.03932975967708905,0.44523520317158083,0.0,0.0,0.0,0.0,0.0,0.0,0.0,0.0,0.0,1.0,0.0,0.0,4683.0,0.0,5,0.0,0.0,0.0,0.0,0.152441607613795,4,benign
1525069,179756179,176121,1280829,53826,322658,591204,66890,1002472,0,0.13750547496972665,0.21156944374320114,999.0,117.86757123776039,0,0,0,0,0,66876,108,0,0,0,0,0,0,0,0,0,0,0,0,0,0,0,0.0,0.0,0.0,0.0,0.0,1.9995785898873968,204421,118232,3,1.7289820014885986,0.13404049259410558,0.07752567260891147,0.04386031058266872,0.0,0.0,0.0,0.035294140789695415,0.3876572141981773,0.0,0.0,0.0,0.0,0.0,0.0,0.0,0.0,0.0,1.0,0.0,0.0,4683.0,0.0,5,0.0,0.0,0.0,0.0,0.13404049259410558,4,benign
1289027,161553973,157021,1084370,47636,290131,535072,59819,846310,0,0.14480389534937338,0.2250775197106034,999.0,125.33016996540802,0,0,0,0,0,59821,108,0,0,0,0,0,0,0,0,0,0,0,0,0,0,0,0.0,0.0,0.0,0.0,0.0,2.0000344677829633,183109,107023,3,1.7109312951421658,0.14205210596830012,0.08302618952124355,0.04640632042618192,0.0,0.0,0.0,0.03695500559724505,0.4150975891117874,0.0,0.0,0.0,0.0,0.0,0.0,0.0,0.0,0.0,1.0,0.0,0.0,4683.0,0.0,5,0.0,0.0,0.0,0.0,0.14205210596830012,4,benign
1369602,171486754,171534,1146296,51772,306944,563938,65642,898986,0,0.14964197729033338,0.2241118222666147,999.0,125.20918777863935,0,0,0,0,0,65615,108,0,0,0,0,0,0,0,0,0,0,0,0,0,0,0,0.0,0.0,0.0,0.0,0.0,1.999283513649065,194158,112792,3,1.7213809490034755,0.14176235139843546,0.08235385170290348,0.047927792161518455,0.0,0.0,0.0,0.03780076255729767,0.4117531954538618,0.0,0.0,0.0,0.0,0.0,0.0,0.0,0.0,0.0,1.0,0.0,0.0,4683.0,0.0,5,0.0,0.0,0.0,0.0,0.14176235139843546,4,benign
1458175,160024096,158619,1221319,48323,286341,526176,60115,958824,0,0.12987515956109746,0.1963694343957344,999.0,109.74272360999194,0,0,0,0,0,60105,108,0,0,0,0,0,0,0,0,0,0,0,0,0,0,0,0.0,0.0,0.0,0.0,0.0,2.000006984703499,181099,105230,3,1.7209826095219993,0.1241956555283145,0.07216554940250655,0.04122619027208668,0.0,0.0,0.0,0.03313936941725101,0.36084557751984503,0.0,0.0,0.0,0.0,0.0,0.0,0.0,0.0,0.0,1.0,0.0,0.0,4683.0,0.0,5,0.0,0.0,0.0,0.0,0.1241956555283145,4,benign
1719072,203654048,190429,1455819,58414,373489,652415,71011,1141162,0,0.13080540918891703,0.21726198786321924,999.0,118.46743359207758,0,0,0,0,0,70833,108,0,0,0,0,0,0,0,0,0,0,0,0,0,0,0,0.0,0.0,0.0,0.0,0.0,1.9992131379203288,243011,130476,3,1.8624957846653791,0.14136173470337485,0.0758990897414419,0.04130775208949945,0.0,0.0,0.0,0.033979961281435565,0.379515808529253,0.0,0.0,0.0,0.0,0.0,0.0,0.0,0.0,0.0,1.0,0.0,0.0,4683.0,0.0,5,0.0,0.0,0.0,0.0,0.14136173470337485,4,benign
1640532,205759261,211756,1366247,61532,364414,689604,82449,1070364,0,0.15499100821447367,0.22213160121228967,999.0,125.42227826095437,0,0,0,0,0,82210,108,0,0,0,0,0,0,0,0,0,0,0,0,0,0,0,0.0,0.0,0.0,0.0,0.0,2.0002085757569104,226493,137916,3,1.642253255604861,0.13806070225999859,0.08406785116047721,0.05025747745243616,0.0,0.0,0.0,0.03750734517827144,0.42035388520309264,0.0,0.0,0.0,0.0,0.0,0.0,0.0,0.0,0.0,1.0,0.0,0.0,4683.0,0.0,5,0.0,0.0,0.0,0.0,0.13806070225999859,4,benign
1363533,159599550,155006,1145795,47412,287464,523014,58549,896862,0,0.13528248945055615,0.21082291371019257,999.0,117.04854227950479,0,0,0,0,0,58552,108,0,0,0,0,0,0,0,0,0,0,0,0,0,0,0,0.0,0.0,0.0,0.0,0.0,1.9999443424055212,182865,104607,3,1.7481143709311997,0.13411116562635447,0.07671761519523179,0.04293918812379312,0.0,0.0,0.0,0.03477143567482415,0.3835726748087505,0.0,0.0,0.0,0.0,0.0,0.0,0.0,0.0,0.0,1.0,0.0,0.0,4683.0,0.0,5,0.0,0.0,0.0,0.0,0.13411116562635447,4,benign
1356696,170563429,161173,1142966,52557,307768,549501,57814,898518,0,0.14101294351713,0.22685111476705172,999.0,125.71971097430817,0,0,0,0,0,57750,108,0,0,0,0,0,0,0,0,0,0,0,0,0,0,0,0.0,0.0,0.0,0.0,0.0,1.9987530848162098,197866,109897,3,1.8004677106745408,0.14584402106293526,0.0810034082801158,0.042613820634836395,0.0,0.0,0.0,0.038738965840542025,0.40502883475738116,0.0,0.0,0.0,0.0,0.0,0.0,0.0,0.0,0.0,1.0,0.0,0.0,4683.0,0.0,5,0.0,0.0,0.0,0.0,0.14584402106293526,4,benign
1466029,171583991,170878,1232771,48440,308821,571785,67836,960306,0,0.13861292973309722,0.21065135819277792,999.0,117.03997055992753,0,0,0,0,0,67685,108,0,0,0,0,0,0,0,0,0,0,0,0,0,0,0,0.0,0.0,0.0,0.0,0.0,2.0006024720789823,194459,114361,3,1.7003961140598631,0.13264335152988105,0.07800732454815014,0.046271935957610665,0.0,0.0,0.0,0.03304163833048323,0.39002298044581657,0.0,0.0,0.0,0.0,0.0,0.0,0.0,0.0,0.0,1.0,0.0,0.0,4683.0,0.0,5,0.0,0.0,0.0,0.0,0.13264335152988105,4,benign
1365191,159523329,166386,1148646,50251,307258,523912,58465,898068,0,0.14485402813399428,0.22506594315374187,999.0,116.8505571747836,0,0,0,0,0,58463,108,0,0,0,0,0,0,0,0,0,0,0,0,0,0,0,0.0,0.0,0.0,0.0,0.0,1.9991281490734958,182188,104788,3,1.7386341947551247,0.13345238871337417,0.07675702520746182,0.04282550939758613,0.0,0.0,0.0,0.03680876888288891,0.38376461608668677,0.0,0.0,0.0,0.0,0.0,0.0,0.0,0.0,0.0,1.0,0.0,0.0,4683.0,0.0,5,0.0,0.0,0.0,0.0,0.13345238871337417,4,benign
1275322,159811449,155765,1071923,47634,287324,524936,58887,838984,0,0.14531360927977102,0.22529525876602144,999.0,125.31066585536828,0,0,0,0,0,58879,108,0,0,0,0,0,0,0,0,0,0,0,0,0,0,0,0.0,0.0,0.0,0.0,0.0,1.9999582361744335,182335,104978,3,1.7368877288574749,0.1429717357655557,0.08231489772778953,0.04617422109867155,0.0,0.0,0.0,0.03735056715088425,0.4116105579610483,0.0,0.0,0.0,0.0,0.0,0.0,0.0,0.0,0.0,1.0,0.0,0.0,4683.0,0.0,5,0.0,0.0,0.0,0.0,0.1429717357655557,4,benign
1651325,206706405,199802,1391978,59545,373633,677428,75850,1088365,0,0.14353818810354763,0.22626254674276716,999.0,125.17608889830893,0,0,0,0,0,75554,108,0,0,0,0,0,0,0,0,0,0,0,0,0,0,0,0.0,0.0,0.0,0.0,0.0,2.0006586169045004,238148,135487,3,1.7577184526928782,0.14421631114408126,0.08204744674730897,0.04593281153013489,0.0,0.0,0.0,0.03605892238051262,0.41023299471636415,0.0,0.0,0.0,0.0,0.0,0.0,0.0,0.0,0.0,1.0,0.0,0.0,4683.0,0.0,5,0.0,0.0,0.0,0.0,0.14421631114408126,4,benign
1275373,159965813,157418,1069627,48329,286555,525005,59065,838870,0,0.14717092967922463,0.22468328873200233,999.0,125.42668929011356,0,0,0,0,0,59062,108,0,0,0,0,0,0,0,0,0,0,0,0,0,0,0,0.0,0.0,0.0,0.0,0.0,2.0000488574340074,181550,104994,3,1.7291464274149,0.14235051235991353,0.08232415144432256,0.04631194168294295,0.0,0.0,0.0,0.03789401218310251,0.41164820017359627,0.0,0.0,0.0,0.0,0.0,0.0,0.0,0.0,0.0,1.0,0.0,0.0,4683.0,0.0,5,0.0,0.0,0.0,0.0,0.14235051235991353,4,benign
1270822,159373867,157260,1065399,48163,285409,522918,59109,835763,0,0.14760667130342717,0.2245861340140476,999.0,125.41006293564323,0,0,0,0,0,59108,108,0,0,0,0,0,0,0,0,0,0,0,0,0,0,0,0.0,0.0,0.0,0.0,0.0,1.9999509487905374,180827,104590,3,1.7289128979825987,0.1422913673197348,0.08230106183242028,0.046512414799240176,0.0,0.0,0.0,0.037899092083706454,0.41148012860967154,0.0,0.0,0.0,0.0,0.0,0.0,0.0,0.0,0.0,1.0,0.0,0.0,4683.0,0.0,5,0.0,0.0,0.0,0.0,0.1422913673197348,4,benign
1363901,171078615,169555,1141952,52394,305887,561164,63577,896237,0,0.14847821975004202,0.22427360930155488,999.0,125.4333085759157,0,0,0,0,0,63667,108,0,0,0,0,0,0,0,0,0,0,0,0,0,0,0,0.0,0.0,0.0,0.0,0.0,1.9986735927341632,193651,112234,3,1.725421886415881,0.14198317913103664,0.08228896378842745,0.04661408709283152,0.0,0.0,0.0,0.03841481163222257,0.41144041979586493,0.0,0.0,0.0,0.0,0.0,0.0,0.0,0.0,0.0,1.0,0.0,0.0,4683.0,0.0,5,0.0,0.0,0.0,0.0,0.14198317913103664,4,benign
1635891,193763609,192095,1370754,58506,346903,634902,72146,1075882,0,0.14013820131110324,0.212057527060177,999.0,118.44530534124829,0,0,0,0,0,72036,108,0,0,0,0,0,0,0,0,0,0,0,0,0,0,0,0.0,0.0,0.0,0.0,0.0,1.9996714318653448,219923,126981,3,1.7319362739307456,0.13443621855001342,0.07762191979783493,0.044101960338433305,0.0,0.0,0.0,0.03576399650098937,0.38810776512616063,0.0,0.0,0.0,0.0,0.0,0.0,0.0,0.0,0.0,1.0,0.0,0.0,4683.0,0.0,5,0.0,0.0,0.0,0.0,0.13443621855001342,4,benign
1275169,159966424,157402,1069238,48529,286463,524627,58938,838868,0,0.14720950807958566,0.22464708599409175,999.0,125.44723405289808,0,0,0,0,0,58948,108,0,0,0,0,0,0,0,0,0,0,0,0,0,0,0,0.0,0.0,0.0,0.0,0.0,1.9998952799167824,181545,104930,3,1.7301534356237491,0.1423693643744476,0.08228713213699518,0.046219755969600894,0.0,0.0,0.0,0.038056916377358606,0.41141762386005304,0.0,0.0,0.0,0.0,0.0,0.0,0.0,0.0,0.0,1.0,0.0,0.0,4683.0,0.0,5,0.0,0.0,0.0,0.0,0.1423693643744476,4,benign
1276416,159980463,153452,1076600,46364,287931,532059,58541,837904,0,0.14253390302805127,0.22557771134175691,999.0,125.33567661326715,0,0,0,0,0,58540,108,0,0,0,0,0,0,0,0,0,0,0,0,0,0,0,0.0,0.0,0.0,0.0,0.0,2.0000764101139206,181511,106404,3,1.7058663208150069,0.1422036389390293,0.08336153730445246,0.04586357425792218,0.0,0.0,0.0,0.03632358102687525,0.41683824082430804,0.0,0.0,0.0,0.0,0.0,0.0,0.0,0.0,0.0,1.0,0.0,0.0,4683.0,0.0,5,0.0,0.0,0.0,0.0,0.1422036389390293,4,benign
1275567,159969048,154454,1073740,47373,287298,529622,58499,837895,0,0.14384674129677574,0.22523160288718663,999.0,125.4101493688689,0,0,0,0,0,58496,108,0,0,0,0,0,0,0,0,0,0,0,0,0,0,0,0.0,0.0,0.0,0.0,0.0,2.0,181372,105923,3,1.7123004446626322,0.1421893165941107,0.08303993439780114,0.04586117389364886,0.0,0.0,0.0,0.03713877828448055,0.4152051597446469,0.0,0.0,0.0,0.0,0.0,0.0,0.0,0.0,0.0,1.0,0.0,0.0,4683.0,0.0,5,0.0,0.0,0.0,0.0,0.1421893165941107,4,benign
1454082,182901366,176447,1224359,53967,328296,606178,67078,953623,0,0.14411377708662246,0.2257754376988368,999.0,125.78476729647984,0,0,0,0,0,62763,108,0,0,0,0,0,0,0,0,0,0,0,0,0,0,0,0.0,0.0,0.0,0.0,0.0,1.998344330549536,207060,121235,3,1.7079226296036623,0.14239912192022183,0.08337562805949046,0.04613082343361653,0.0,0.0,0.0,0.03711413799221777,0.4168802034548258,0.0,0.0,0.0,0.0,0.0,0.0,0.0,0.0,0.0,1.0,0.0,0.0,4683.0,0.0,5,0.0,0.0,0.0,0.0,0.14239912192022183,4,benign
1276779,160053364,154890,1074980,46909,287595,530610,58790,838529,0,0.14408640160747177,0.22525041530288328,999.0,125.3571401158697,0,0,0,0,0,58790,108,0,0,0,0,0,0,0,0,0,0,0,0,0,0,0,0.0,0.0,0.0,0.0,0.0,2.00017387070974,181457,106112,3,1.7100516435464415,0.14212091520928838,0.08310913635014361,0.046045556826984156,0.0,0.0,0.0,0.03674010929064466,0.41558484279581664,0.0,0.0,0.0,0.0,0.0,0.0,0.0,0.0,0.0,1.0,0.0,0.0,4683.0,0.0,5,0.0,0.0,0.0,0.0,0.14212091520928838,4,benign
1371197,171682483,167460,1152997,51278,309600,560100,63259,903531,0,0.14523888613760486,0.22578812526573497,999.0,125.20628545715897,0,0,0,0,0,63238,108,0,0,0,0,0,0,0,0,0,0,0,0,0,0,0,0.0,0.0,0.0,0.0,0.0,2.001098794557735,197597,112019,3,1.7639596854105106,0.14410547864384185,0.08169431525885777,0.04613414410912509,0.0,0.0,0.0,0.0373965228920425,0.4084752227433403,0.0,0.0,0.0,0.0,0.0,0.0,0.0,0.0,0.0,1.0,0.0,0.0,4683.0,0.0,5,0.0,0.0,0.0,0.0,0.14410547864384185,4,benign
1280488,160918114,153168,1080831,46489,287974,542260,58256,838088,0,0.1417131818017803,0.22489394668282717,999.0,125.66936511704913,0,0,0,0,0,58257,108,0,0,0,0,0,0,0,0,0,0,0,0,0,0,0,0.0,0.0,0.0,0.0,0.0,2.0,179526,108462,3,1.6551972119267577,0.14020123577885932,0.08470364423563516,0.045495154972166864,0.0,0.0,0.0,0.036305689705799664,0.4234791735650783,0.0,0.0,0.0,0.0,0.0,0.0,0.0,0.0,0.0,1.0,0.0,0.0,4683.0,0.0,5,0.0,0.0,0.0,0.0,0.14020123577885932,4,benign
1545807,170959916,185073,1291770,54699,325368,560587,67024,1013252,0,0.1432708609117722,0.21048423250768045,999.0,110.59589974686361,0,0,0,0,0,67075,108,0,0,0,0,0,0,0,0,0,0,0,0,0,0,0,0.0,0.0,0.0,0.0,0.0,1.997495211433623,192954,112121,3,1.7209443369217186,0.12482412099311234,0.07253234071265041,0.04335858228097039,0.0,0.0,0.0,0.03538540063539627,0.36265005916003745,0.0,0.0,0.0,0.0,0.0,0.0,0.0,0.0,0.0,1.0,0.0,0.0,4683.0,0.0,5,0.0,0.0,0.0,0.0,0.12482412099311234,4,benign
1366109,171415986,162001,1154929,49179,308767,571545,61220,897525,0,0.1402692286711997,0.22601930007049217,999.0,125.47753217349421,0,0,0,0,0,61076,108,0,0,0,0,0,0,0,0,0,0,0,0,0,0,0,0.0,0.0,0.0,0.0,0.0,2.0006933195101406,194461,114310,3,1.7011722508966844,0.14234662095045125,0.08367560714408587,0.04481340800770656,0.0,0.0,0.0,0.03599932362644562,0.41837437569037317,0.0,0.0,0.0,0.0,0.0,0.0,0.0,0.0,0.0,1.0,0.0,0.0,4683.0,0.0,5,0.0,0.0,0.0,0.0,0.14234662095045125,4,benign
1273147,159297840,162821,1062566,47760,284587,522081,62657,835462,0,0.15323377559605708,0.22353035431101043,999.0,125.12132534577704,0,0,0,0,0,62660,108,0,0,0,0,0,0,0,0,0,0,0,0,0,0,0,0.0,0.0,0.0,0.0,0.0,1.9998945896374587,180167,104421,3,1.7253904865879468,0.1415131167100107,0.08201802305625353,0.0492142698368688,0.0,0.0,0.0,0.0375133429211238,0.4100712643551766,0.0,0.0,0.0,0.0,0.0,0.0,0.0,0.0,0.0,1.0,0.0,0.0,4683.0,0.0,5,0.0,0.0,0.0,0.0,0.1415131167100107,4,benign
1279086,160250507,157533,1074493,47060,287481,530240,60180,839558,0,0.14661147164290508,0.22475502038174133,999.0,125.28517003547846,0,0,0,0,0,60177,108,0,0,0,0,0,0,0,0,0,0,0,0,0,0,0,0.0,0.0,0.0,0.0,0.0,2.000006957005705,181429,106038,3,1.7109809690865538,0.1418426907963968,0.08290138426970509,0.047049221084430604,0.0,0.0,0.0,0.03679189671374716,0.41454601176152345,0.0,0.0,0.0,0.0,0.0,0.0,0.0,0.0,0.0,1.0,0.0,0.0,4683.0,0.0,5,0.0,0.0,0.0,0.0,0.1418426907963968,4,benign
1371554,171756523,170732,1149701,51121,307928,564650,65327,900344,0,0.14850121901259544,0.22451029999547958,999.0,125.22767823942769,0,0,0,0,0,65269,108,0,0,0,0,0,0,0,0,0,0,0,0,0,0,0,0.0,0.0,0.0,0.0,0.0,1.9990651536004571,194997,112926,3,1.7267679719462303,0.14217230965751257,0.08233434483804503,0.04762991468071982,0.0,0.0,0.0,0.03727232030237235,0.41168630618991303,0.0,0.0,0.0,0.0,0.0,0.0,0.0,0.0,0.0,1.0,0.0,0.0,4683.0,0.0,5,0.0,0.0,0.0,0.0,0.14217230965751257,4,benign
1271116,158919925,149406,1075556,46154,290400,510786,55669,842864,0,0.13891047978905793,0.2284606597666932,999.0,125.02393565968802,0,0,0,0,0,55661,108,0,0,0,0,0,0,0,0,0,0,0,0,0,0,0,0.0,0.0,0.0,0.0,0.0,1.999944905099033,188244,102164,3,1.8425668532947026,0.14809348635372382,0.08037346709505663,0.04379537351429767,0.0,0.0,0.0,0.03630982538179049,0.40184058732641237,0.0,0.0,0.0,0.0,0.0,0.0,0.0,0.0,0.0,1.0,0.0,0.0,4683.0,0.0,5,0.0,0.0,0.0,0.0,0.14809348635372382,4,benign
1456161,171069808,176521,1213982,51568,302348,573515,68634,950263,0,0.1454066040517899,0.20763363391822745,999.0,117.48000942203507,0,0,0,0,0,68762,108,0,0,0,0,0,0,0,0,0,0,0,0,0,0,0,0.0,0.0,0.0,0.0,0.0,1.9990611259876359,187646,114698,3,1.6360006277354444,0.12886349792364993,0.07876738904557944,0.04713352438363615,0.0,0.0,0.0,0.03541366648330782,0.3938541136591352,0.0,0.0,0.0,0.0,0.0,0.0,0.0,0.0,0.0,1.0,0.0,0.0,4683.0,0.0,5,0.0,0.0,0.0,0.0,0.12886349792364993,4,benign
1457667,182583081,179422,1224316,54848,328053,600453,68176,958313,0,0.14654876682163756,0.22505345871176338,999.0,125.25705871094016,0,0,0,0,0,68274,108,0,0,0,0,0,0,0,0,0,0,0,0,0,0,0,0.0,0.0,0.0,0.0,0.0,2.0012139549921613,207952,120094,3,1.7315769314037337,0.1426608409190851,0.08238781559848717,0.046770627310627186,0.0,0.0,0.0,0.03762724957071814,0.41192741552082884,0.0,0.0,0.0,0.0,0.0,0.0,0.0,0.0,0.0,1.0,0.0,0.0,4683.0,0.0,5,0.0,0.0,0.0,0.0,0.1426608409190851,4,benign
1376650,161030564,155721,1159896,46618,291156,526058,58953,907776,0,0.134254277969749,0.21149602295427306,999.0,116.972770130389,0,0,0,0,0,58951,108,0,0,0,0,0,0,0,0,0,0,0,0,0,0,0,0.0,0.0,0.0,0.0,0.0,1.999986261754786,185949,105211,3,1.7673912423605898,0.13507354810590927,0.07642538045254785,0.042823520865870046,0.0,0.0,0.0,0.03386336396324411,0.3821290814658773,0.0,0.0,0.0,0.0,0.0,0.0,0.0,0.0,0.0,1.0,0.0,0.0,4683.0,0.0,5,0.0,0.0,0.0,0.0,0.13507354810590927,4,benign
1263581,158872740,152871,1059785,50925,285538,507929,54172,838000,0,0.1442471822114863,0.225975224382133,999.0,125.73213747278568,0,0,0,0,0,54174,108,0,0,0,0,0,0,0,0,0,0,0,0,0,0,0,0.0,0.0,0.0,0.0,0.0,1.9999719831058127,183956,101582,3,1.810911381937745,0.1455830690711557,0.08039215531097729,0.042871806397848655,0.0,0.0,0.0,0.040302125467223705,0.4019758131849086,0.0,0.0,0.0,0.0,0.0,0.0,0.0,0.0,0.0,1.0,0.0,0.0,4683.0,0.0,5,0.0,0.0,0.0,0.0,0.1455830690711557,4,benign
1465516,182734362,166612,1236878,47035,310491,609301,70329,959920,0,0.134703665195759,0.21186462652062482,999.0,124.68943498399199,0,0,0,0,0,70215,108,0,0,0,0,0,0,0,0,0,0,0,0,0,0,0,0.0,0.0,0.0,0.0,0.0,1.9983459266029064,208884,121865,3,1.7140606408730972,0.14253273249831458,0.08315501161365689,0.047989240649709726,0.0,0.0,0.0,0.032094497774162824,0.4157586815838244,0.0,0.0,0.0,0.0,0.0,0.0,0.0,0.0,0.0,1.0,0.0,0.0,4683.0,0.0,5,0.0,0.0,0.0,0.0,0.14253273249831458,4,benign
1737384,205671130,210774,1464254,62522,391929,678071,76600,1142449,0,0.14394633717920524,0.22558570816814244,999.0,118.37977672178401,0,0,0,0,0,76444,108,0,0,0,0,0,0,0,0,0,0,0,0,0,0,0,0.0,0.0,0.0,0.0,0.0,2.0004032155161413,235361,135618,3,1.7354702178176937,0.1354686125807536,0.07805873658327693,0.04408927444940209,0.0,0.0,0.0,0.03598628742983704,0.39028274693447157,0.0,0.0,0.0,0.0,0.0,0.0,0.0,0.0,0.0,1.0,0.0,0.0,4683.0,0.0,5,0.0,0.0,0.0,0.0,0.1354686125807536,4,benign
1451539,182093792,177638,1220613,53014,327583,598746,67341,955289,0,0.14553179427058371,0.2256797784971675,999.0,125.4487767810579,0,0,0,0,0,67272,108,0,0,0,0,0,0,0,0,0,0,0,0,0,0,0,0.0,0.0,0.0,0.0,0.0,2.0003236344762314,207835,119749,3,1.7355886061679011,0.1431825118029898,0.08249795561814047,0.046392828577117115,0.0,0.0,0.0,0.03652261496246398,0.41249046701466513,0.0,0.0,0.0,0.0,0.0,0.0,0.0,0.0,0.0,1.0,0.0,0.0,4683.0,0.0,5,0.0,0.0,0.0,0.0,0.1431825118029898,4,benign
1265706,159410139,164382,1049067,52257,279837,523883,60225,829899,0,0.15669351909839888,0.2210916279135913,999.0,125.94562955378264,0,0,0,0,0,60220,108,0,0,0,0,0,0,0,0,0,0,0,0,0,0,0,0.0,0.0,0.0,0.0,0.0,2.000050030375585,175059,104780,3,1.6707291467837373,0.13830937042251518,0.08278383763686038,0.04758213992822978,0.0,0.0,0.0,0.041286839123777556,0.41390575694513576,0.0,0.0,0.0,0.0,0.0,0.0,0.0,0.0,0.0,1.0,0.0,0.0,4683.0,0.0,5,0.0,0.0,0.0,0.0,0.13830937042251518,4,benign
1454153,170801535,166655,1221668,50462,307588,558515,62801,957291,0,0.13641594934139226,0.21152382177116164,999.0,117.45774688083029,0,0,0,0,0,62770,108,0,0,0,0,0,0,0,0,0,0,0,0,0,0,0,0.0,0.0,0.0,0.0,0.0,1.9992460286509113,195875,111697,3,1.753628118928888,0.13470040635338923,0.0768124124490339,0.04318733998416948,0.0,0.0,0.0,0.03470198803014538,0.3840826928115542,0.0,0.0,0.0,0.0,0.0,0.0,0.0,0.0,0.0,1.0,0.0,0.0,4683.0,0.0,5,0.0,0.0,0.0,0.0,0.13470040635338923,4,benign
1369993,171477960,164778,1155536,49679,310153,562442,62565,902765,0,0.14259875936362,0.2263902078331787,999.0,125.1670337001722,0,0,0,0,0,62693,108,0,0,0,0,0,0,0,0,0,0,0,0,0,0,0,0.0,0.0,0.0,0.0,0.0,2.000896733695898,197669,112493,3,1.7571671126203408,0.14428467882682613,0.08211209838298444,0.04566811655242034,0.0,0.0,0.0,0.036262229077082875,0.41054370350797414,0.0,0.0,0.0,0.0,0.0,0.0,0.0,0.0,0.0,1.0,0.0,0.0,4683.0,0.0,5,0.0,0.0,0.0,0.0,0.14428467882682613,4,benign
1640804,194273008,190462,1376982,59356,348452,638885,71713,1079766,0,0.13831843844000866,0.21236662026664976,999.0,118.40110579935202,0,0,0,0,0,71737,108,0,0,0,0,0,0,0,0,0,0,0,0,0,0,0,0.0,0.0,0.0,0.0,0.0,2.0005741319125483,220685,127775,3,1.7271375464684016,0.13449808752294606,0.07787340840222233,0.04370601241830225,0.0,0.0,0.0,0.036174948378965434,0.3893731365842599,0.0,0.0,0.0,0.0,0.0,0.0,0.0,0.0,0.0,1.0,0.0,0.0,4683.0,0.0,5,0.0,0.0,0.0,0.0,0.13449808752294606,4,benign
1453487,171052662,168625,1219878,51692,306191,561053,63262,955828,0,0.13823103621837593,0.21065960686266888,999.0,117.68434255001937,0,0,0,0,0,59179,108,0,0,0,0,0,0,0,0,0,0,0,0,0,0,0,0.0,0.0,0.0,0.0,0.0,1.998740143088412,193976,112217,3,1.7285794487466248,0.1334556139820996,0.07720536888186823,0.04352429708693645,0.0,0.0,0.0,0.035564129572538315,0.386004828388558,0.0,0.0,0.0,0.0,0.0,0.0,0.0,0.0,0.0,1.0,0.0,0.0,4683.0,0.0,5,0.0,0.0,0.0,0.0,0.1334556139820996,4,benign
1657499,207994536,212434,1395330,64405,393253,688668,76281,1088318,0,0.15224642199336358,0.23725685505692612,999.0,125.48697525609367,0,0,0,0,0,72298,108,0,0,0,0,0,0,0,0,0,0,0,0,0,0,0,0.0,0.0,0.0,0.0,0.0,1.9992221775976982,235481,137732,3,1.70970435338193,0.1420700706305102,0.08309627939443703,0.046021747222773586,0.0,0.0,0.0,0.038856735358513035,0.41548622352110015,0.0,0.0,0.0,0.0,0.0,0.0,0.0,0.0,0.0,1.0,0.0,0.0,4683.0,0.0,5,0.0,0.0,0.0,0.0,0.1420700706305102,4,benign
1374848,172485396,165737,1159001,50110,309910,573096,62774,903323,0,0.1429998766178804,0.2254140094032213,999.0,125.45779315240667,0,0,0,0,0,62703,108,0,0,0,0,0,0,0,0,0,0,0,0,0,0,0,0.0,0.0,0.0,0.0,0.0,2.0006068117850595,195289,114621,3,1.7037802845900838,0.1420440659622009,0.08336994344102039,0.04565886556186575,0.0,0.0,0.0,0.03644766548738479,0.41684317102690627,0.0,0.0,0.0,0.0,0.0,0.0,0.0,0.0,0.0,1.0,0.0,0.0,4683.0,0.0,5,0.0,0.0,0.0,0.0,0.1420440659622009,4,benign
1462167,170993422,177271,1218755,52177,305213,560283,68609,958753,0,0.14545253147679393,0.20874017810551052,999.0,116.94520666927923,0,0,0,0,0,68722,108,0,0,0,0,0,0,0,0,0,0,0,0,0,0,0,0.0,0.0,0.0,0.0,0.0,2.001606725951575,193145,112055,3,1.7236624871714783,0.13209503428814903,0.07663625290408003,0.046922820717469345,0.0,0.0,0.0,0.03568470632971473,0.3831867358516503,0.0,0.0,0.0,0.0,0.0,0.0,0.0,0.0,0.0,1.0,0.0,0.0,4683.0,0.0,5,0.0,0.0,0.0,0.0,0.13209503428814903,4,benign
1275632,160343981,145405,1084798,45429,290078,536283,54053,839298,0,0.13403877957002133,0.22739943808245638,999.0,125.69767848407692,0,0,0,0,0,54041,108,0,0,0,0,0,0,0,0,0,0,0,0,0,0,0,0.0,0.0,0.0,0.0,0.0,1.9998896909277681,182831,107253,3,1.7046702656335952,0.14332581810428086,0.08407832352904286,0.042373505838674476,0.0,0.0,0.0,0.035612935392025286,0.4204057282978163,0.0,0.0,0.0,0.0,0.0,0.0,0.0,0.0,0.0,1.0,0.0,0.0,4683.0,0.0,5,0.0,0.0,0.0,0.0,0.14332581810428086,4,benign
1455611,171069829,168445,1222947,50452,306646,566468,64267,954542,0,0.1377369583473364,0.21066479986754702,999.0,117.52441345936518,0,0,0,0,0,68226,108,0,0,0,0,0,0,0,0,0,0,0,0,0,0,0,0.0,0.0,0.0,0.0,0.0,1.9979020614526595,193347,113296,3,1.7065651037988985,0.13282875713360232,0.07783398174374885,0.04415121897265135,0.0,0.0,0.0,0.03466035912067166,0.38916166475796077,0.0,0.0,0.0,0.0,0.0,0.0,0.0,0.0,0.0,1.0,0.0,0.0,4683.0,0.0,5,0.0,0.0,0.0,0.0,0.13282875713360232,4,benign
1278498,160257150,155631,1075888,46979,287922,530205,59159,839799,0,0.14465353270972442,0.22520332452612363,999.0,125.34798646536795,0,0,0,0,0,59161,108,0,0,0,0,0,0,0,0,0,0,0,0,0,0,0,0.0,0.0,0.0,0.0,0.0,1.9999027561680374,181896,106040,3,1.7153526970954356,0.1422731987066073,0.08294107616906714,0.046272266362559815,0.0,0.0,0.0,0.03674546225336293,0.41470929168446097,0.0,0.0,0.0,0.0,0.0,0.0,0.0,0.0,0.0,1.0,0.0,0.0,4683.0,0.0,5,0.0,0.0,0.0,0.0,0.1422731987066073,4,benign
1247662,156360010,153101,1048391,46170,280883,514547,58024,820308,0,0.1460342563032304,0.22512747843566608,999.0,125.32241103760474,0,0,0,0,0,58015,108,0,0,0,0,0,0,0,0,0,0,0,0,0,0,0,0.0,0.0,0.0,0.0,0.0,2.0000783274943745,177953,102915,3,1.7291259777486274,0.14262917360631325,0.0824862823424934,0.04650618516873961,0.0,0.0,0.0,0.03700521455330049,0.4124089697369961,0.0,0.0,0.0,0.0,0.0,0.0,0.0,0.0,0.0,1.0,0.0,0.0,4683.0,0.0,5,0.0,0.0,0.0,0.0,0.14262917360631325,4,benign
1636593,193822435,188813,1375940,56903,348226,640014,71804,1075446,0,0.13722473363664114,0.21277495382175043,999.0,118.43044361059836,0,0,0,0,0,71770,108,0,0,0,0,0,0,0,0,0,0,0,0,0,0,0,0.0,0.0,0.0,0.0,0.0,2.00026423114481,220213,127996,3,1.7204678271195974,0.13455575088002944,0.07820881550880396,0.04387407253972124,0.0,0.0,0.0,0.03476918207520135,0.3910648524098539,0.0,0.0,0.0,0.0,0.0,0.0,0.0,0.0,0.0,1.0,0.0,0.0,4683.0,0.0,5,0.0,0.0,0.0,0.0,0.13455575088002944,4,benign
1275840,159936602,155679,1072715,47446,287046,528864,59083,837970,0,0.1451261518669917,0.22498589164785554,999.0,125.3578834336594,0,0,0,0,0,59080,108,0,0,0,0,0,0,0,0,0,0,0,0,0,0,0,0.0,0.0,0.0,0.0,0.0,1.9999721302908902,181280,105773,3,1.7138589243001523,0.1420867820416353,0.08290459618760973,0.0463090983195385,0.0,0.0,0.0,0.037188048658138954,0.4145221971407073,0.0,0.0,0.0,0.0,0.0,0.0,0.0,0.0,0.0,1.0,0.0,0.0,4683.0,0.0,5,0.0,0.0,0.0,0.0,0.1420867820416353,4,benign
1552822,171542506,168842,1303340,51278,307241,566065,64409,1019468,0,0.1295456289226142,0.19785976757155682,999.0,110.47145519576615,0,0,0,0,0,68625,108,0,0,0,0,0,0,0,0,0,0,0,0,0,0,0,0.0,0.0,0.0,0.0,0.0,2.0005664910761376,194022,113216,3,1.7137330412662521,0.12494799790317242,0.07290983770193879,0.04147867559836221,0.0,0.0,0.0,0.033022458465941366,0.3645395286774659,0.0,0.0,0.0,0.0,0.0,0.0,0.0,0.0,0.0,1.0,0.0,0.0,4683.0,0.0,5,0.0,0.0,0.0,0.0,0.12494799790317242,4,benign
1625700,202935443,195513,1370857,59330,370595,647834,73348,1078650,0,0.14262100277417702,0.22796026327120625,999.0,124.82957679768715,0,0,0,0,0,73397,108,0,0,0,0,0,0,0,0,0,0,0,0,0,0,0,0.0,0.0,0.0,0.0,0.0,2.000847645219983,241037,129573,3,1.8602409452586572,0.14826659285230978,0.07970289721350803,0.04511779541120748,0.0,0.0,0.0,0.0364950482868918,0.3984954173586763,0.0,0.0,0.0,0.0,0.0,0.0,0.0,0.0,0.0,1.0,0.0,0.0,4683.0,0.0,5,0.0,0.0,0.0,0.0,0.14826659285230978,4,benign
1378697,184276260,189651,1147877,55150,324496,625946,73805,895163,0,0.16521892153950293,0.23536426060258345,999.0,133.65972363760855,0,0,0,0,0,73940,108,0,0,0,0,0,0,0,0,0,0,0,0,0,0,0,0.0,0.0,0.0,0.0,0.0,2.000345210208359,199290,125177,3,1.592065635060754,0.14454952756116826,0.09079369868796407,0.05353242953310263,0.0,0.0,0.0,0.04000153768376953,0.45401273811432097,0.0,0.0,0.0,0.0,0.0,0.0,0.0,0.0,0.0,1.0,0.0,0.0,4683.0,0.0,5,0.0,0.0,0.0,0.0,0.14454952756116826,4,benign
1552655,194491765,190542,1304100,58013,349017,642728,72395,1020010,0,0.14610996089256958,0.2247872193114375,999.0,125.26399296688575,0,0,0,0,0,72410,108,0,0,0,0,0,0,0,0,0,0,0,0,0,0,0,0.0,0.0,0.0,0.0,0.0,2.0013475466050425,220470,128543,3,1.7151459044833246,0.1419954851528511,0.08278915792626179,0.046626584785415946,0.0,0.0,0.0,0.037363741462205065,0.413954162386364,0.0,0.0,0.0,0.0,0.0,0.0,0.0,0.0,0.0,1.0,0.0,0.0,4683.0,0.0,5,0.0,0.0,0.0,0.0,0.1419954851528511,4,benign
1267522,159238716,151062,1067845,48615,287615,512493,54396,840017,0,0.14146435109964461,0.2269112488777315,999.0,125.629942517763,0,0,0,0,0,54395,108,0,0,0,0,0,0,0,0,0,0,0,0,0,0,0,0.0,0.0,0.0,0.0,0.0,1.9998956993359525,185118,102511,3,1.8058354713152736,0.14604716920100796,0.08087512484990399,0.042915231451603995,0.0,0.0,0.0,0.03835436386902949,0.4043267099111495,0.0,0.0,0.0,0.0,0.0,0.0,0.0,0.0,0.0,1.0,0.0,0.0,4683.0,0.0,5,0.0,0.0,0.0,0.0,0.14604716920100796,4,benign
1280338,171294639,174528,1070966,49416,306209,572009,69406,834876,0,0.162963156626821,0.23916262736871044,999.0,133.78860816440658,0,0,0,0,0,69503,108,0,0,0,0,0,0,0,0,0,0,0,0,0,0,0,0.0,0.0,0.0,0.0,0.0,1.998674986619323,191806,114397,3,1.6766698427406312,0.14980887859299655,0.08934906251318012,0.0542091229034833,0.0,0.0,0.0,0.03859605822837407,0.44676405761603577,0.0,0.0,0.0,0.0,0.0,0.0,0.0,0.0,0.0,1.0,0.0,0.0,4683.0,0.0,5,0.0,0.0,0.0,0.0,0.14980887859299655,4,benign
1363052,170748169,165496,1147465,50091,307648,561250,62923,896621,0,0.14422749277755748,0.22570525555884882,999.0,125.26900587798558,0,0,0,0,0,62937,108,0,0,0,0,0,0,0,0,0,0,0,0,0,0,0,0.0,0.0,0.0,0.0,0.0,1.9995060508767597,195397,112254,3,1.740668483973845,0.14335256468572,0.08235489181630634,0.04616331585295352,0.0,0.0,0.0,0.0367491482349903,0.41175978612701497,0.0,0.0,0.0,0.0,0.0,0.0,0.0,0.0,0.0,1.0,0.0,0.0,4683.0,0.0,5,0.0,0.0,0.0,0.0,0.14335256468572,4,benign
1458136,171354322,166250,1227484,50091,308735,562515,62868,960000,0,0.13543964727849814,0.21173265045235834,999.0,117.51600810898297,0,0,0,0,0,62879,108,0,0,0,0,0,0,0,0,0,0,0,0,0,0,0,0.0,0.0,0.0,0.0,0.0,2.0006415324200675,196228,112506,3,1.744155867242636,0.13457455271661903,0.07715741192865412,0.04311531983299226,0.0,0.0,0.0,0.03435276270526206,0.38577677253699244,0.0,0.0,0.0,0.0,0.0,0.0,0.0,0.0,0.0,1.0,0.0,0.0,4683.0,0.0,5,0.0,0.0,0.0,0.0,0.13457455271661903,4,benign
1276037,159751029,154342,1075376,46319,288616,523875,58510,840513,0,0.14352375355224592,0.22618152921898033,999.0,125.1931009837489,0,0,0,0,0,58516,108,0,0,0,0,0,0,0,0,0,0,0,0,0,0,0,0.0,0.0,0.0,0.0,0.0,2.000097019424675,183839,104771,3,1.7546744805337355,0.14407027382434837,0.08210655333661955,0.04585290238449199,0.0,0.0,0.0,0.036299104179581,0.41054844020980585,0.0,0.0,0.0,0.0,0.0,0.0,0.0,0.0,0.0,1.0,0.0,0.0,4683.0,0.0,5,0.0,0.0,0.0,0.0,0.14407027382434837,4,benign
1277102,159948523,155019,1074925,47158,288331,524833,58623,840803,0,0.14421378235690863,0.22576975057591328,999.0,125.24334234853598,0,0,0,0,0,58619,108,0,0,0,0,0,0,0,0,0,0,0,0,0,0,0,0.0,0.0,0.0,0.0,0.0,2.0000069364963755,183364,104966,3,1.746889468970905,0.14357819500713334,0.08219077254596735,0.045903146342265534,0.0,0.0,0.0,0.03692578979595992,0.4109562117982745,0.0,0.0,0.0,0.0,0.0,0.0,0.0,0.0,0.0,1.0,0.0,0.0,4683.0,0.0,5,0.0,0.0,0.0,0.0,0.14357819500713334,4,benign
1364768,171084029,167363,1146332,51073,307447,560359,63197,898069,0,0.145998715904293,0.22527418579568104,999.0,125.35759118033248,0,0,0,0,0,62986,108,0,0,0,0,0,0,0,0,0,0,0,0,0,0,0,0.0,0.0,0.0,0.0,0.0,1.998251634624134,195373,112069,3,1.7433277712837627,0.14315473399141831,0.08211578817791741,0.04630603882857746,0.0,0.0,0.0,0.037422477666533796,0.4105891990433539,0.0,0.0,0.0,0.0,0.0,0.0,0.0,0.0,0.0,1.0,0.0,0.0,4683.0,0.0,5,0.0,0.0,0.0,0.0,0.14315473399141831,4,benign
1365666,159656438,157847,1144073,48848,285571,524306,59273,898202,0,0.1379693428653591,0.2091074977337065,999.0,116.90738291793161,0,0,0,0,0,59269,108,0,0,0,0,0,0,0,0,0,0,0,0,0,0,0,0.0,0.0,0.0,0.0,0.0,2.0000350181744326,180714,104862,3,1.7233506894775992,0.13232664502154992,0.07678451392946738,0.043402266732861475,0.0,0.0,0.0,0.03576862863979919,0.38391964067348827,0.0,0.0,0.0,0.0,0.0,0.0,0.0,0.0,0.0,1.0,0.0,0.0,4683.0,0.0,5,0.0,0.0,0.0,0.0,0.13232664502154992,4,benign
1468699,184097897,193912,1229331,60174,348927,600622,68120,966398,0,0.1577378265088898,0.2375755685814452,999.0,125.3476015167165,0,0,0,0,0,68433,108,0,0,0,0,0,0,0,0,0,0,0,0,0,0,0,0.0,0.0,0.0,0.0,0.0,2.0002694336161433,208751,120127,3,1.7377525452229723,0.14213327577672485,0.08179143582177151,0.04638118498072103,0.0,0.0,0.0,0.04097095456591174,0.40894832773767803,0.0,0.0,0.0,0.0,0.0,0.0,0.0,0.0,0.0,1.0,0.0,0.0,4683.0,0.0,5,0.0,0.0,0.0,0.0,0.14213327577672485,4,benign
1455334,171548338,168869,1219960,51960,307277,562409,63219,957176,0,0.13842175153283715,0.21113847405475306,999.0,117.87557907669304,0,0,0,0,0,63226,108,0,0,0,0,0,0,0,0,0,0,0,0,0,0,0,0.0,0.0,0.0,0.0,0.0,1.9996030429039038,194786,112478,3,1.7317697683102473,0.13384281546366675,0.07728672593370318,0.043439512854093976,0.0,0.0,0.0,0.03570314443282435,0.3864466850908451,0.0,0.0,0.0,0.0,0.0,0.0,0.0,0.0,0.0,1.0,0.0,0.0,4683.0,0.0,5,0.0,0.0,0.0,0.0,0.13384281546366675,4,benign
1813651,193208692,190741,1519827,58408,346051,634021,71607,1193153,0,0.12550178408463594,0.190803522838738,999.0,106.53024865313117,0,0,0,0,0,71518,108,0,0,0,0,0,0,0,0,0,0,0,0,0,0,0,0.0,0.0,0.0,0.0,0.0,2.0009077925607266,219248,126802,3,1.7290579012949323,0.12088764596937338,0.06991532549536818,0.03948223776239199,0.0,0.0,0.0,0.03220465238350708,0.34958269259080166,0.0,0.0,0.0,0.0,0.0,0.0,0.0,0.0,0.0,1.0,0.0,0.0,4683.0,0.0,5,0.0,0.0,0.0,0.0,0.12088764596937338,4,benign
1277356,160204638,154877,1075008,47471,287624,530357,58627,839043,0,0.14407055575400368,0.2251713696103514,999.0,125.41894193944367,0,0,0,0,0,58623,108,0,0,0,0,0,0,0,0,0,0,0,0,0,0,0,0.0,0.0,0.0,0.0,0.0,2.000055629728527,181548,106067,3,1.711635098569772,0.14212795806337467,0.08303636574298785,0.04589715005057322,0.0,0.0,0.0,0.03716348457282073,0.4151990517913565,0.0,0.0,0.0,0.0,0.0,0.0,0.0,0.0,0.0,1.0,0.0,0.0,4683.0,0.0,5,0.0,0.0,0.0,0.0,0.14212795806337467,4,benign
1452925,170846598,165183,1223368,49986,307123,567484,62619,954035,0,0.13502314920776087,0.21138255587865856,999.0,117.5880365469656,0,0,0,0,0,62717,108,0,0,0,0,0,0,0,0,0,0,0,0,0,0,0,0.0,0.0,0.0,0.0,0.0,2.0013228202789,193620,113501,3,1.7058880538497458,0.13326221243353925,0.07811896691157492,0.04309857700844848,0.0,0.0,0.0,0.03440370287523444,0.3905803809556584,0.0,0.0,0.0,0.0,0.0,0.0,0.0,0.0,0.0,1.0,0.0,0.0,4683.0,0.0,5,0.0,0.0,0.0,0.0,0.13326221243353925,4,benign
1274850,159823639,154798,1073104,46948,287063,529631,58759,837218,0,0.14425256079559856,0.22517394203239596,999.0,125.3666227399302,0,0,0,0,0,58762,108,0,0,0,0,0,0,0,0,0,0,0,0,0,0,0,0.0,0.0,0.0,0.0,0.0,2.000006967136019,181147,105930,3,1.7100632493155858,0.14209279523081148,0.0830921284857042,0.046090912656390946,0.0,0.0,0.0,0.0368262932894066,0.4154457387143585,0.0,0.0,0.0,0.0,0.0,0.0,0.0,0.0,0.0,1.0,0.0,0.0,4683.0,0.0,5,0.0,0.0,0.0,0.0,0.14209279523081148,4,benign
1549267,182532222,166775,1303687,50306,308137,598668,67303,1019359,0,0.12792564472914128,0.1988921212418518,999.0,117.81844059158298,0,0,0,0,0,67185,108,0,0,0,0,0,0,0,0,0,0,0,0,0,0,0,0.0,0.0,0.0,0.0,0.0,1.9997598759142563,208995,119736,3,1.7454650230507116,0.13489927817477557,0.07728558085856085,0.04344183410606435,0.0,0.0,0.0,0.03247083943568152,0.38642015869440194,0.0,0.0,0.0,0.0,0.0,0.0,0.0,0.0,0.0,1.0,0.0,0.0,4683.0,0.0,5,0.0,0.0,0.0,0.0,0.13489927817477557,4,benign
1369876,183170472,175990,1154534,53444,328468,610754,66749,898504,0,0.15243379579986385,0.23977936689160187,999.0,133.71317695908243,0,0,0,0,0,66751,108,0,0,0,0,0,0,0,0,0,0,0,0,0,0,0,0.0,0.0,0.0,0.0,0.0,2.0008406176712454,206322,122147,3,1.689128672828641,0.1506136321827669,0.08916646470191462,0.048726308074599455,0.0,0.0,0.0,0.03901375014964858,0.4458461933780868,0.0,0.0,0.0,0.0,0.0,0.0,0.0,0.0,0.0,1.0,0.0,0.0,4683.0,0.0,5,0.0,0.0,0.0,0.0,0.1506136321827669,4,benign
1366465,159563081,160644,1144042,47889,285414,524401,61624,896948,0,0.14041792171965714,0.2088703333052804,999.0,116.77070470154743,0,0,0,0,0,61623,108,0,0,0,0,0,0,0,0,0,0,0,0,0,0,0,0.0,0.0,0.0,0.0,0.0,2.000098107918711,180511,104860,3,1.7214476444783522,0.1321007124221989,0.07673815282499002,0.04509738632164014,0.0,0.0,0.0,0.03504590311497184,0.3837646774706999,0.0,0.0,0.0,0.0,0.0,0.0,0.0,0.0,0.0,1.0,0.0,0.0,4683.0,0.0,5,0.0,0.0,0.0,0.0,0.1321007124221989,4,benign
1552439,171856108,160573,1311835,49813,309786,573964,60421,1018813,0,0.12240335103118914,0.1995479371492213,999.0,110.70071545484235,0,0,0,0,0,60539,108,0,0,0,0,0,0,0,0,0,0,0,0,0,0,0,0.0,0.0,0.0,0.0,0.0,1.9996385254419995,194998,114804,3,1.6985296679558204,0.12560751179273388,0.07395073171957159,0.038920047744226985,0.0,0.0,0.0,0.03208692901943329,0.3697175863270634,0.0,0.0,0.0,0.0,0.0,0.0,0.0,0.0,0.0,1.0,0.0,0.0,4683.0,0.0,5,0.0,0.0,0.0,0.0,0.12560751179273388,4,benign
1282048,160354543,165160,1068603,48285,286139,525569,63772,840855,0,0.15455693087142747,0.2231889913638179,999.0,125.07686373677116,0,0,0,0,0,63767,108,0,0,0,0,0,0,0,0,0,0,0,0,0,0,0,0.0,0.0,0.0,0.0,0.0,2.000006989634372,181017,105123,3,1.7219542821266516,0.14119362145567094,0.08199614991014377,0.04974228734025559,0.0,0.0,0.0,0.03766239641573482,0.4099448694588658,0.0,0.0,0.0,0.0,0.0,0.0,0.0,0.0,0.0,1.0,0.0,0.0,4683.0,0.0,5,0.0,0.0,0.0,0.0,0.14119362145567094,4,benign
1277728,160378583,151073,1080719,45936,288917,534750,57009,839373,0,0.13978934394602113,0.22611776528337799,999.0,125.5185634188184,0,0,0,0,0,57019,108,0,0,0,0,0,0,0,0,0,0,0,0,0,0,0,0.0,0.0,0.0,0.0,0.0,1.9999792330056763,181979,106943,3,1.701644801436279,0.14242389616569412,0.08369778231360665,0.04461747727215808,0.0,0.0,0.0,0.03595131358160735,0.4185163039394926,0.0,0.0,0.0,0.0,0.0,0.0,0.0,0.0,0.0,1.0,0.0,0.0,4683.0,0.0,5,0.0,0.0,0.0,0.0,0.14242389616569412,4,benign
1277593,182390337,183595,1066735,54430,326416,600266,70520,838254,0,0.17210928674881765,0.2554929465017419,999.0,142.7609082078565,0,0,0,0,0,70501,108,0,0,0,0,0,0,0,0,0,0,0,0,0,0,0,0.0,0.0,0.0,0.0,0.0,2.000661951285289,206360,120059,3,1.7188215793901331,0.16152248799108948,0.09397280667630459,0.055197547262704164,0.0,0.0,0.0,0.04260355214845416,0.4698413344468857,0.0,0.0,0.0,0.0,0.0,0.0,0.0,0.0,0.0,1.0,0.0,0.0,4683.0,0.0,5,0.0,0.0,0.0,0.0,0.16152248799108948,4,benign
1362836,159052469,152571,1148911,46600,288909,514193,57312,900484,0,0.13279618699794848,0.21199102459870448,999.0,116.70697648139615,0,0,0,0,0,57306,108,0,0,0,0,0,0,0,0,0,0,0,0,0,0,0,0.0,0.0,0.0,0.0,0.0,2.000006922618965,186088,102831,3,1.80964884130272,0.1365446759551406,0.07545368628360272,0.042053482590715244,0.0,0.0,0.0,0.03419340258108826,0.37729631445016126,0.0,0.0,0.0,0.0,0.0,0.0,0.0,0.0,0.0,1.0,0.0,0.0,4683.0,0.0,5,0.0,0.0,0.0,0.0,0.1365446759551406,4,benign
1643508,171970699,175725,1372398,52028,304382,575774,68240,1073287,0,0.1280423025973515,0.18520262755033745,999.0,104.6363625853966,0,0,0,0,0,72399,108,0,0,0,0,0,0,0,0,0,0,0,0,0,0,0,0.0,0.0,0.0,0.0,0.0,1.9982668408579138,189208,115156,3,1.6430581124735142,0.11512447764172733,0.0700671977258401,0.04152094179036549,0.0,0.0,0.0,0.03165667584216201,0.35033233790161045,0.0,0.0,0.0,0.0,0.0,0.0,0.0,0.0,0.0,1.0,0.0,0.0,4683.0,0.0,5,0.0,0.0,0.0,0.0,0.11512447764172733,4,benign
1366483,171075341,168653,1147087,50743,307373,562515,64219,898342,0,0.14702720892138085,0.2249373025496841,999.0,125.19390361973036,0,0,0,0,0,64219,108,0,0,0,0,0,0,0,0,0,0,0,0,0,0,0,0.0,0.0,0.0,0.0,0.0,2.000110620908653,194868,112500,3,1.73216,0.14260550625218169,0.08232813726917934,0.046995827975906034,0.0,0.0,0.0,0.037134014839555265,0.41165166343086596,0.0,0.0,0.0,0.0,0.0,0.0,0.0,0.0,0.0,1.0,0.0,0.0,4683.0,0.0,5,0.0,0.0,0.0,0.0,0.14260550625218169,4,benign
1458950,171254802,166041,1228778,49566,309591,560375,62950,961892,0,0.13512693098346487,0.21220124061825285,999.0,117.38222831488399,0,0,0,0,0,62783,108,0,0,0,0,0,0,0,0,0,0,0,0,0,0,0,0.0,0.0,0.0,0.0,0.0,2.0011311632236213,197517,112074,3,1.762380213073505,0.1353829809109291,0.07681825970732375,0.04314746907022173,0.0,0.0,0.0,0.03397374824359985,0.38409472565886427,0.0,0.0,0.0,0.0,0.0,0.0,0.0,0.0,0.0,1.0,0.0,0.0,4683.0,0.0,5,0.0,0.0,0.0,0.0,0.1353829809109291,4,benign
1359670,170724699,165593,1139526,54551,307435,543028,59179,902392,0,0.1453174390053408,0.22611001198820302,999.0,125.5633344855737,0,0,0,0,0,59103,108,0,0,0,0,0,0,0,0,0,0,0,0,0,0,0,0.0,0.0,0.0,0.0,0.0,1.999928442718396,198827,108607,3,1.8307015201598424,0.14623180624710408,0.07987747026852104,0.04352453168783602,0.0,0.0,0.0,0.04012076459729199,0.39938220303455985,0.0,0.0,0.0,0.0,0.0,0.0,0.0,0.0,0.0,1.0,0.0,0.0,4683.0,0.0,5,0.0,0.0,0.0,0.0,0.14623180624710408,4,benign
1285888,160532018,156708,1085606,43574,289488,542929,63095,839091,0,0.14435071287373136,0.22512691618554648,999.0,124.84136876617559,0,0,0,0,0,63094,108,0,0,0,0,0,0,0,0,0,0,0,0,0,0,0,0.0,0.0,0.0,0.0,0.0,2.0000138175939424,180900,108586,3,1.66596062107454,0.14068099243479992,0.08444436840533545,0.04906725935695799,0.0,0.0,0.0,0.033886310471829585,0.4222210643539717,0.0,0.0,0.0,0.0,0.0,0.0,0.0,0.0,0.0,1.0,0.0,0.0,4683.0,0.0,5,0.0,0.0,0.0,0.0,0.14068099243479992,4,benign
1276665,159930041,154502,1074731,47432,288301,524602,58391,840574,0,0.1437587638209003,0.22582353240670028,999.0,125.27173612498189,0,0,0,0,0,58389,108,0,0,0,0,0,0,0,0,0,0,0,0,0,0,0,0.0,0.0,0.0,0.0,0.0,2.000034686572134,183378,104919,3,1.7478054499185085,0.1436383076218115,0.08218209162152953,0.045737135427069746,0.0,0.0,0.0,0.037153051113643754,0.4109159411435263,0.0,0.0,0.0,0.0,0.0,0.0,0.0,0.0,0.0,1.0,0.0,0.0,4683.0,0.0,5,0.0,0.0,0.0,0.0,0.1436383076218115,4,benign
1284705,160893265,154870,1082845,46990,290647,527258,58653,846324,0,0.14302139272010306,0.22623637333084248,999.0,125.2375175623976,0,0,0,0,0,58653,108,0,0,0,0,0,0,0,0,0,0,0,0,0,0,0,0.0,0.0,0.0,0.0,0.0,1.9999518327633543,185198,105452,3,1.7562303228008953,0.14415605138922943,0.08208265710805204,0.045654839048653195,0.0,0.0,0.0,0.03657649032268108,0.4104117287626342,0.0,0.0,0.0,0.0,0.0,0.0,0.0,0.0,0.0,1.0,0.0,0.0,4683.0,0.0,5,0.0,0.0,0.0,0.0,0.14415605138922943,4,benign
1267628,159644125,164459,1050881,52288,280346,524555,60226,831267,0,0.15649631119032506,0.22115794223541924,999.0,125.93925426071371,0,0,0,0,0,60226,108,0,0,0,0,0,0,0,0,0,0,0,0,0,0,0,0.0,0.0,0.0,0.0,0.0,2.000028536573186,175434,104914,3,1.6721695865184818,0.13839549142177357,0.0827640285635849,0.04751078392083482,0.0,0.0,0.0,0.04124869441192527,0.41380830969338006,0.0,0.0,0.0,0.0,0.0,0.0,0.0,0.0,0.0,1.0,0.0,0.0,4683.0,0.0,5,0.0,0.0,0.0,0.0,0.13839549142177357,4,benign
1365770,171082017,166366,1149418,49986,308467,559423,62814,899584,0,0.14473933764740068,0.2258557443786289,999.0,125.26414916127898,0,0,0,0,0,62761,108,0,0,0,0,0,0,0,0,0,0,0,0,0,0,0,0.0,0.0,0.0,0.0,0.0,1.9999935163452935,196583,111890,3,1.7569309142908214,0.14393565534460415,0.0819244821602466,0.04599163841642444,0.0,0.0,0.0,0.0365991345541343,0.40960264173323474,0.0,0.0,0.0,0.0,0.0,0.0,0.0,0.0,0.0,1.0,0.0,0.0,4683.0,0.0,5,0.0,0.0,0.0,0.0,0.14393565534460415,4,benign
1550335,193828488,185492,1309151,56186,351325,634409,70835,1021549,0,0.14168877386947723,0.22661231282271252,999.0,125.02361618617911,0,0,0,0,0,70693,108,0,0,0,0,0,0,0,0,0,0,0,0,0,0,0,0.0,0.0,0.0,0.0,0.0,1.9990156416252725,224448,126873,3,1.7690761627769502,0.14477387145358905,0.08183586128159398,0.0456901250374919,0.0,0.0,0.0,0.03624119948269245,0.40920768737079405,0.0,0.0,0.0,0.0,0.0,0.0,0.0,0.0,0.0,1.0,0.0,0.0,4683.0,0.0,5,0.0,0.0,0.0,0.0,0.14477387145358905,4,benign
1456671,170725101,169107,1219079,52373,304990,561167,63316,957650,0,0.13871701505808892,0.2093746631875008,999.0,117.20223784231305,0,0,0,0,0,63343,108,0,0,0,0,0,0,0,0,0,0,0,0,0,0,0,0.0,0.0,0.0,0.0,0.0,2.0007215953817896,192756,112235,3,1.717432173564396,0.13232637980710812,0.07704896987720632,0.043466232251483,0.0,0.0,0.0,0.035953897619984194,0.3852393574115226,0.0,0.0,0.0,0.0,0.0,0.0,0.0,0.0,0.0,1.0,0.0,0.0,4683.0,0.0,5,0.0,0.0,0.0,0.0,0.13232637980710812,4,benign
1457108,171188021,167413,1224075,50339,307678,562576,63197,958529,0,0.1367669464697833,0.21115661982502326,999.0,117.48478561644023,0,0,0,0,0,62997,108,0,0,0,0,0,0,0,0,0,0,0,0,0,0,0,0.0,0.0,0.0,0.0,0.0,2.0005721902532594,195158,112512,3,1.7345527588168372,0.1339351647235483,0.0772159647740593,0.04337152771105505,0.0,0.0,0.0,0.03454719897221071,0.38609080452512784,0.0,0.0,0.0,0.0,0.0,0.0,0.0,0.0,0.0,1.0,0.0,0.0,4683.0,0.0,5,0.0,0.0,0.0,0.0,0.1339351647235483,4,benign
1272132,159585529,156943,1067072,48117,285843,523932,58914,836666,0,0.14707817279433816,0.22469602211091302,999.0,125.4473034244874,0,0,0,0,0,58913,108,0,0,0,0,0,0,0,0,0,0,0,0,0,0,0,0.0,0.0,0.0,0.0,0.0,1.9999510232639497,181059,104797,3,1.7277116711356242,0.14232721132712642,0.08237902984910371,0.046311231853298246,0.0,0.0,0.0,0.03782390506645537,0.4118534869023026,0.0,0.0,0.0,0.0,0.0,0.0,0.0,0.0,0.0,1.0,0.0,0.0,4683.0,0.0,5,0.0,0.0,0.0,0.0,0.14232721132712642,4,benign
1275700,159981983,155710,1073137,46853,287127,529370,58959,838000,0,0.1450979697839139,0.22507407697734577,999.0,125.40721407854511,0,0,0,0,0,58965,108,0,0,0,0,0,0,0,0,0,0,0,0,0,0,0,0.0,0.0,0.0,0.0,0.0,2.0000487601003063,181253,105866,3,1.7120983129616685,0.14208121031590498,0.08298659559457552,0.04621697891353767,0.0,0.0,0.0,0.03672728697969742,0.4149643333072039,0.0,0.0,0.0,0.0,0.0,0.0,0.0,0.0,0.0,1.0,0.0,0.0,4683.0,0.0,5,0.0,0.0,0.0,0.0,0.14208121031590498,4,benign
1277602,159821127,161779,1067731,48092,285868,525252,62343,838194,0,0.15151662731530693,0.22375356331627533,999.0,125.09461240668064,0,0,0,0,0,62319,108,0,0,0,0,0,0,0,0,0,0,0,0,0,0,0,0.0,0.0,0.0,0.0,0.0,2.0000139925699454,180819,105053,3,1.7212169095599363,0.14152999134315694,0.08222670283859919,0.048796886667365896,0.0,0.0,0.0,0.037642395675648595,0.4111233388801833,0.0,0.0,0.0,0.0,0.0,0.0,0.0,0.0,0.0,1.0,0.0,0.0,4683.0,0.0,5,0.0,0.0,0.0,0.0,0.14152999134315694,4,benign
1276416,160397757,147349,1083488,45579,289648,536446,55016,839204,0,0.13599504563040846,0.22692288407541114,999.0,125.66260294449458,0,0,0,0,0,55035,108,0,0,0,0,0,0,0,0,0,0,0,0,0,0,0,0.0,0.0,0.0,0.0,0.0,2.000027620112966,182356,107288,3,1.699686824248751,0.14286564881668673,0.08405410148415564,0.04310193541917369,0.0,0.0,0.0,0.0357085777677497,0.42027520808263136,0.0,0.0,0.0,0.0,0.0,0.0,0.0,0.0,0.0,1.0,0.0,0.0,4683.0,0.0,5,0.0,0.0,0.0,0.0,0.14286564881668673,4,benign
1281117,160482791,158377,1075093,47647,287582,530730,60576,840593,0,0.14731469742617614,0.22447754576670204,999.0,125.2678646837096,0,0,0,0,0,60579,108,0,0,0,0,0,0,0,0,0,0,0,0,0,0,0,0.0,0.0,0.0,0.0,0.0,1.999930457036357,181445,106162,3,1.7091332115069422,0.14163031167332882,0.08286674831416646,0.047283737550902843,0.0,0.0,0.0,0.03719176312546005,0.4142712960642939,0.0,0.0,0.0,0.0,0.0,0.0,0.0,0.0,0.0,1.0,0.0,0.0,4683.0,0.0,5,0.0,0.0,0.0,0.0,0.14163031167332882,4,benign
1639209,194170199,190643,1377193,57146,348557,641337,72779,1076040,0,0.13842867339581308,0.2126373147048363,999.0,118.45359499612313,0,0,0,0,0,76893,108,0,0,0,0,0,0,0,0,0,0,0,0,0,0,0,0.0,0.0,0.0,0.0,0.0,1.9991568780398274,220283,128254,3,1.7175526689226066,0.13438371800057222,0.078241395697559,0.04439885334938986,0.0,0.0,0.0,0.03486193645837718,0.391247851860257,0.0,0.0,0.0,0.0,0.0,0.0,0.0,0.0,0.0,1.0,0.0,0.0,4683.0,0.0,5,0.0,0.0,0.0,0.0,0.13438371800057222,4,benign
1248310,156507460,151728,1050641,45941,281394,516125,57334,820863,0,0.14441469540975463,0.2254199677964608,999.0,125.37547564306944,0,0,0,0,0,57330,108,0,0,0,0,0,0,0,0,0,0,0,0,0,0,0,0.0,0.0,0.0,0.0,0.0,1.999957356076759,178172,103226,3,1.7260380136787243,0.14273057173298298,0.08269260039573503,0.04592929640874462,0.0,0.0,0.0,0.03680255705714126,0.41345899656335366,0.0,0.0,0.0,0.0,0.0,0.0,0.0,0.0,0.0,1.0,0.0,0.0,4683.0,0.0,5,0.0,0.0,0.0,0.0,0.14273057173298298,4,benign
1368114,182573921,175222,1153679,53255,328500,604104,66315,898592,0,0.15188106917088723,0.2401115696498976,999.0,133.4493477882691,0,0,0,0,0,66457,108,0,0,0,0,0,0,0,0,0,0,0,0,0,0,0,0.0,0.0,0.0,0.0,0.0,1.9991115059973346,207673,120822,3,1.7188343182532981,0.15179509894643284,0.08831281603726006,0.048471837873159694,0.0,0.0,0.0,0.038925849746439256,0.4415596945868546,0.0,0.0,0.0,0.0,0.0,0.0,0.0,0.0,0.0,1.0,0.0,0.0,4683.0,0.0,5,0.0,0.0,0.0,0.0,0.15179509894643284,4,benign
1276005,159818498,159298,1068827,47880,286129,526081,60833,837727,0,0.14904002237967418,0.22423814953703158,999.0,125.2491157950008,0,0,0,0,0,60829,108,0,0,0,0,0,0,0,0,0,0,0,0,0,0,0,0.0,0.0,0.0,0.0,0.0,1.9999650513395821,180915,105212,3,1.7195281907006805,0.14178235978699144,0.08245422235806286,0.04767457807767211,0.0,0.0,0.0,0.03752336393666169,0.41228756940607597,0.0,0.0,0.0,0.0,0.0,0.0,0.0,0.0,0.0,1.0,0.0,0.0,4683.0,0.0,5,0.0,0.0,0.0,0.0,0.14178235978699144,4,benign
1278174,160484845,150806,1080870,46498,288947,535064,56835,839592,0,0.13952279182510385,0.226062335800916,999.0,125.55790134989446,0,0,0,0,0,56826,108,0,0,0,0,0,0,0,0,0,0,0,0,0,0,0,0.0,0.0,0.0,0.0,0.0,1.9999100221483943,181941,107026,3,1.6999701007231887,0.1423444695323172,0.08373351359048142,0.04446577695994442,0.0,0.0,0.0,0.03637845864491063,0.41861593179019446,0.0,0.0,0.0,0.0,0.0,0.0,0.0,0.0,0.0,1.0,0.0,0.0,4683.0,0.0,5,0.0,0.0,0.0,0.0,0.1423444695323172,4,benign
1545322,203875547,201233,1297419,60669,370142,651262,76295,1022624,0,0.1551025536083563,0.23952418978051176,999.0,131.9307865933443,0,0,0,0,0,75947,108,0,0,0,0,0,0,0,0,0,0,0,0,0,0,0,0.0,0.0,0.0,0.0,0.0,1.998358735146283,239890,130251,3,1.8417516948046464,0.15523625496822022,0.08428728769796845,0.049371587280838555,0.0,0.0,0.0,0.03925977886809351,0.4214409682901039,0.0,0.0,0.0,0.0,0.0,0.0,0.0,0.0,0.0,1.0,0.0,0.0,4683.0,0.0,5,0.0,0.0,0.0,0.0,0.15523625496822022,4,benign
1553569,195209988,205490,1302286,61110,366713,661965,74722,1011703,0,0.15779176002813514,0.2360455184159828,999.0,125.65260249142459,0,0,0,0,0,78960,108,0,0,0,0,0,0,0,0,0,0,0,0,0,0,0,0.0,0.0,0.0,0.0,0.0,1.9986429112551163,213549,132395,3,1.6129687677027078,0.1374570424615836,0.08521990333226268,0.048096994726336585,0.0,0.0,0.0,0.039335233903354146,0.4260930798696421,0.0,0.0,0.0,0.0,0.0,0.0,0.0,0.0,0.0,1.0,0.0,0.0,4683.0,0.0,5,0.0,0.0,0.0,0.0,0.1374570424615836,4,benign
1364882,170906632,170464,1143163,51255,305966,563448,65078,896315,0,0.14911609280566288,0.22417029457491564,999.0,125.21714844213639,0,0,0,0,0,69332,108,0,0,0,0,0,0,0,0,0,0,0,0,0,0,0,0.0,0.0,0.0,0.0,0.0,2.0006669630947087,193277,112687,3,1.715166789425577,0.14160711328891434,0.08256171595786302,0.04768031229073282,0.0,0.0,0.0,0.03755269686317205,0.4128181044222138,0.0,0.0,0.0,0.0,0.0,0.0,0.0,0.0,0.0,1.0,0.0,0.0,4683.0,0.0,5,0.0,0.0,0.0,0.0,0.14160711328891434,4,benign
1270435,170903398,162465,1071366,51653,309882,548633,59124,842919,0,0.15164285594278706,0.24391802807699725,999.0,134.52352776804796,0,0,0,0,0,59257,108,0,0,0,0,0,0,0,0,0,0,0,0,0,0,0,0.0,0.0,0.0,0.0,0.0,2.001046106160403,200150,109726,3,1.8240890946539563,0.15754446311696388,0.08636884216823372,0.04653839039384148,0.0,0.0,0.0,0.0406577274712992,0.4318465722370684,0.0,0.0,0.0,0.0,0.0,0.0,0.0,0.0,0.0,1.0,0.0,0.0,4683.0,0.0,5,0.0,0.0,0.0,0.0,0.15754446311696388,4,benign
1290226,161249859,167514,1075550,47162,286123,542924,66961,839453,0,0.15574729208312027,0.22176192388000243,999.0,124.9779953279503,0,0,0,0,0,66963,108,0,0,0,0,0,0,0,0,0,0,0,0,0,0,0,0.0,0.0,0.0,0.0,0.0,1.9999510711914166,177536,108587,3,1.6349655115253208,0.137600699412351,0.08416122446765141,0.05189865961467216,0.0,0.0,0.0,0.03655328601345811,0.420797596700113,0.0,0.0,0.0,0.0,0.0,0.0,0.0,0.0,0.0,1.0,0.0,0.0,4683.0,0.0,5,0.0,0.0,0.0,0.0,0.137600699412351,4,benign
1458001,170976878,165674,1227707,49390,308258,562088,62963,957804,0,0.13494587878052336,0.21142509504451643,999.0,117.26801147598664,0,0,0,0,0,62927,108,0,0,0,0,0,0,0,0,0,0,0,0,0,0,0,0.0,0.0,0.0,0.0,0.0,1.998612515884748,195839,112420,3,1.742029887920299,0.13432020965692068,0.07710557125818158,0.0431844696951511,0.0,0.0,0.0,0.033875148233780364,0.385519625843878,0.0,0.0,0.0,0.0,0.0,0.0,0.0,0.0,0.0,1.0,0.0,0.0,4683.0,0.0,5,0.0,0.0,0.0,0.0,0.13432020965692068,4,benign
1456973,159652598,155446,1225254,47099,287566,524314,59099,958558,0,0.12686838810564993,0.1973722230954177,999.0,109.57828182128289,0,0,0,0,0,63257,108,0,0,0,0,0,0,0,0,0,0,0,0,0,0,0,0.0,0.0,0.0,0.0,0.0,2.0,182705,104864,3,1.7423043179737565,0.12540040206647618,0.07197388009249313,0.04056286561247188,0.0,0.0,0.0,0.03232661140597664,0.3598652823353624,0.0,0.0,0.0,0.0,0.0,0.0,0.0,0.0,0.0,1.0,0.0,0.0,4683.0,0.0,5,0.0,0.0,0.0,0.0,0.12540040206647618,4,benign
1553144,183153168,177747,1307352,53586,330197,599791,67327,1022048,0,0.13595955794613845,0.2125990893310601,999.0,117.92413839283415,0,0,0,0,0,71536,108,0,0,0,0,0,0,0,0,0,0,0,0,0,0,0,0.0,0.0,0.0,0.0,0.0,1.9990131977236953,210240,119958,3,1.7526134146951433,0.13536413880490153,0.07723559438146109,0.04334884595375574,0.0,0.0,0.0,0.034501630241626016,0.386178615762608,0.0,0.0,0.0,0.0,0.0,0.0,0.0,0.0,0.0,1.0,0.0,0.0,4683.0,0.0,5,0.0,0.0,0.0,0.0,0.13536413880490153,4,benign
1277832,159962336,154079,1077035,46718,289033,524777,58403,841636,0,0.1430584892784357,0.22619014080098165,999.0,125.18260303388865,0,0,0,0,0,58405,108,0,0,0,0,0,0,0,0,0,0,0,0,0,0,0,0.0,0.0,0.0,0.0,0.0,2.000062278565102,184080,104953,3,1.753927948700847,0.1440564956895742,0.08213364511140744,0.045704756180781195,0.0,0.0,0.0,0.03656036161248114,0.41067761646288403,0.0,0.0,0.0,0.0,0.0,0.0,0.0,0.0,0.0,1.0,0.0,0.0,4683.0,0.0,5,0.0,0.0,0.0,0.0,0.1440564956895742,4,benign
1270103,159103184,154932,1068364,46808,286542,521885,58631,836057,0,0.14501799012321642,0.2256053249224669,999.0,125.26793811210587,0,0,0,0,0,58631,108,0,0,0,0,0,0,0,0,0,0,0,0,0,0,0,0.0,0.0,0.0,0.0,0.0,2.0000139596565925,182160,104379,3,1.7451786278849193,0.14342143904864407,0.08218152386066327,0.04616239785277257,0.0,0.0,0.0,0.03685370399093617,0.4108997459261178,0.0,0.0,0.0,0.0,0.0,0.0,0.0,0.0,0.0,1.0,0.0,0.0,4683.0,0.0,5,0.0,0.0,0.0,0.0,0.14342143904864407,4,benign
1366191,159709327,155568,1148342,47597,287440,524465,58886,898650,0,0.13547183678729854,0.2103951790049854,999.0,116.90117048055507,0,0,0,0,0,58890,108,0,0,0,0,0,0,0,0,0,0,0,0,0,0,0,0.0,0.0,0.0,0.0,0.0,2.0000139160445034,182542,104890,3,1.7403184288302032,0.13361382120069595,0.0767755021076848,0.04310231878265923,0.0,0.0,0.0,0.034839198911426,0.3838884899695577,0.0,0.0,0.0,0.0,0.0,0.0,0.0,0.0,0.0,1.0,0.0,0.0,4683.0,0.0,5,0.0,0.0,0.0,0.0,0.13361382120069595,4,benign
1456548,182653197,180543,1220035,55970,327142,596475,67639,958159,0,0.14798182019368297,0.22460090570307328,999.0,125.40142652353373,0,0,0,0,0,67915,108,0,0,0,0,0,0,0,0,0,0,0,0,0,0,0,0.0,0.0,0.0,0.0,0.0,1.9989978796600123,207847,119299,3,1.7422358946847836,0.14269835254313623,0.08190529937907985,0.0464378791498804,0.0,0.0,0.0,0.03842647135556123,0.40951276579968526,0.0,0.0,0.0,0.0,0.0,0.0,0.0,0.0,0.0,1.0,0.0,0.0,4683.0,0.0,5,0.0,0.0,0.0,0.0,0.14269835254313623,4,benign
1276080,160113947,157408,1070062,48610,286677,525163,58927,839454,0,0.1471017567206386,0.22465441038179423,999.0,125.47328302300797,0,0,0,0,0,58931,108,0,0,0,0,0,0,0,0,0,0,0,0,0,0,0,0.0,0.0,0.0,0.0,0.0,2.000118607409475,181640,105027,3,1.7294600436078342,0.1423421729045201,0.08230440097799512,0.04617813930161119,0.0,0.0,0.0,0.03809322299542348,0.4115439470879569,0.0,0.0,0.0,0.0,0.0,0.0,0.0,0.0,0.0,1.0,0.0,0.0,4683.0,0.0,5,0.0,0.0,0.0,0.0,0.1423421729045201,4,benign
1453543,170903172,171534,1213939,53344,303805,561205,63870,954498,0,0.14130364046298866,0.20900998456873998,999.0,117.57696332341045,0,0,0,0,0,63906,108,0,0,0,0,0,0,0,0,0,0,0,0,0,0,0,0.0,0.0,0.0,0.0,0.0,1.9997038012177062,191567,112242,3,1.7067318828958857,0.13179314268652528,0.07721959377878741,0.043940908524894,0.0,0.0,0.0,0.0366992926937834,0.38609452902322117,0.0,0.0,0.0,0.0,0.0,0.0,0.0,0.0,0.0,1.0,0.0,0.0,4683.0,0.0,5,0.0,0.0,0.0,0.0,0.13179314268652528,4,benign
1464377,171993514,178814,1231261,54364,329451,563006,63186,963768,0,0.14522834719852248,0.22497690143999804,999.0,117.45166306217592,0,0,0,0,0,67211,108,0,0,0,0,0,0,0,0,0,0,0,0,0,0,0,0.0,0.0,0.0,0.0,0.0,2.000589031862373,196970,112607,3,1.7491807791700338,0.1345077121533594,0.07689754755776688,0.04314872467950535,0.0,0.0,0.0,0.03712431976191923,0.3844679341453738,0.0,0.0,0.0,0.0,0.0,0.0,0.0,0.0,0.0,1.0,0.0,0.0,4683.0,0.0,5,0.0,0.0,0.0,0.0,0.1345077121533594,4,benign
1459815,171763525,167969,1225619,52162,307681,564981,63078,959767,0,0.1370482996755109,0.2107671177512219,999.0,117.66115911947747,0,0,0,0,0,63070,108,0,0,0,0,0,0,0,0,0,0,0,0,0,0,0,0.0,0.0,0.0,0.0,0.0,2.000799849134147,194682,112999,3,1.7228648041133108,0.1333607340656179,0.077406383685604,0.043209584776153144,0.0,0.0,0.0,0.03573192493569391,0.3870223281717204,0.0,0.0,0.0,0.0,0.0,0.0,0.0,0.0,0.0,1.0,0.0,0.0,4683.0,0.0,5,0.0,0.0,0.0,0.0,0.1333607340656179,4,benign
1276566,171286692,165911,1074762,50145,307649,567513,62888,838275,0,0.15436999075144078,0.24099733190450004,999.0,134.17770174045054,0,0,0,0,0,62962,108,0,0,0,0,0,0,0,0,0,0,0,0,0,0,0,0.0,0.0,0.0,0.0,0.0,1.9994215858944946,194148,113504,3,1.7104947843247815,0.15208614360714603,0.08891353835211027,0.04926341450422461,0.0,0.0,0.0,0.03928116525115035,0.44456220829945337,0.0,0.0,0.0,0.0,0.0,0.0,0.0,0.0,0.0,1.0,0.0,0.0,4683.0,0.0,5,0.0,0.0,0.0,0.0,0.15208614360714603,4,benign
1275584,159860949,154621,1073938,47025,287569,528010,58490,838591,0,0.1439757229933199,0.22544105288244443,999.0,125.323733286087,0,0,0,0,0,58486,108,0,0,0,0,0,0,0,0,0,0,0,0,0,0,0,0.0,0.0,0.0,0.0,0.0,2.0000208647753905,181969,105597,3,1.7232402435675256,0.14265544252671716,0.0827832584917967,0.04585350709949325,0.0,0.0,0.0,0.036865467111534794,0.41393589132507147,0.0,0.0,0.0,0.0,0.0,0.0,0.0,0.0,0.0,1.0,0.0,0.0,4683.0,0.0,5,0.0,0.0,0.0,0.0,0.14265544252671716,4,benign
1277540,160278830,154696,1075850,46994,287694,531976,58667,838738,0,0.1437895617418785,0.22519373170311693,999.0,125.45895236156989,0,0,0,0,0,58667,108,0,0,0,0,0,0,0,0,0,0,0,0,0,0,0,0.0,0.0,0.0,0.0,0.0,2.000041711854509,181295,106399,3,1.7039163901916372,0.14190945097609467,0.08328428072702225,0.045921849805094166,0.0,0.0,0.0,0.03678475820717942,0.41640653130234667,0.0,0.0,0.0,0.0,0.0,0.0,0.0,0.0,0.0,1.0,0.0,0.0,4683.0,0.0,5,0.0,0.0,0.0,0.0,0.14190945097609467,4,benign
1275243,171034757,169993,1068632,50589,306337,563647,65014,837125,0,0.15907534118386873,0.2402185308996011,999.0,134.11934588153002,0,0,0,0,0,60851,108,0,0,0,0,0,0,0,0,0,0,0,0,0,0,0,0.0,0.0,0.0,0.0,0.0,1.9987798671555899,193606,112739,3,1.7172939266802083,0.15181890823944927,0.08840589597433587,0.05098165604516159,0.0,0.0,0.0,0.03967008640706124,0.4419918399865751,0.0,0.0,0.0,0.0,0.0,0.0,0.0,0.0,0.0,1.0,0.0,0.0,4683.0,0.0,5,0.0,0.0,0.0,0.0,0.15181890823944927,4,benign
1364992,171345991,161488,1154205,49299,308615,570789,60875,896416,0,0.1399127538002348,0.22609290017816955,999.0,125.528934235512,0,0,0,0,0,60930,108,0,0,0,0,0,0,0,0,0,0,0,0,0,0,0,0.0,0.0,0.0,0.0,0.0,1.9996825026566105,194462,114151,3,1.7035505602228627,0.14246383861590398,0.08362759635221305,0.04459733097336834,0.0,0.0,0.0,0.03611669518942236,0.41816289033195797,0.0,0.0,0.0,0.0,0.0,0.0,0.0,0.0,0.0,1.0,0.0,0.0,4683.0,0.0,5,0.0,0.0,0.0,0.0,0.14246383861590398,4,benign
1640057,205309876,205812,1372805,60887,367808,676713,78843,1077221,0,0.14992078263118214,0.22426537614241457,999.0,125.18459785239172,0,0,0,0,0,78848,108,0,0,0,0,0,0,0,0,0,0,0,0,0,0,0,0.0,0.0,0.0,0.0,0.0,2.0014365626972555,232471,135349,3,1.7175671781838062,0.1417456832293024,0.08252700973197882,0.04807332915868168,0.0,0.0,0.0,0.03712492919453409,0.4126155371429164,0.0,0.0,0.0,0.0,0.0,0.0,0.0,0.0,0.0,1.0,0.0,0.0,4683.0,0.0,5,0.0,0.0,0.0,0.0,0.1417456832293024,4,benign
1461307,172218090,158321,1239234,49272,310966,576925,59339,960215,0,0.12775714675355906,0.21279991131227044,999.0,117.85209405005246,0,0,0,0,0,59367,108,0,0,0,0,0,0,0,0,0,0,0,0,0,0,0,0.0,0.0,0.0,0.0,0.0,2.000321630279561,195570,115381,3,1.6949931097841067,0.1338322474332909,0.07895739909546727,0.040606799255734766,0.0,0.0,0.0,0.033717760881183764,0.3948006818553528,0.0,0.0,0.0,0.0,0.0,0.0,0.0,0.0,0.0,1.0,0.0,0.0,4683.0,0.0,5,0.0,0.0,0.0,0.0,0.1338322474332909,4,benign
1277660,159623121,167136,1061669,48855,284438,520903,64809,837833,0,0.15742759749036658,0.22262417231501339,999.0,124.933958173536,0,0,0,0,0,64815,108,0,0,0,0,0,0,0,0,0,0,0,0,0,0,0,0.0,0.0,0.0,0.0,0.0,2.0,180256,104179,3,1.730252738075812,0.1410829172080209,0.08153890706447725,0.05072476245636554,0.0,0.0,0.0,0.038237872360408875,0.4077007967690935,0.0,0.0,0.0,0.0,0.0,0.0,0.0,0.0,0.0,1.0,0.0,0.0,4683.0,0.0,5,0.0,0.0,0.0,0.0,0.1410829172080209,4,benign
1460892,172095045,166244,1229632,50617,310730,564217,62928,961409,0,0.13519817311195545,0.21269881688721684,999.0,117.80134671146122,0,0,0,0,0,58363,108,0,0,0,0,0,0,0,0,0,0,0,0,0,0,0,0.0,0.0,0.0,0.0,0.0,2.0012236748889034,197889,112842,3,1.7536821396288615,0.1354576519003458,0.0772418495001684,0.043075052775975224,0.0,0.0,0.0,0.03464800957223395,0.38621403909392343,0.0,0.0,0.0,0.0,0.0,0.0,0.0,0.0,0.0,1.0,0.0,0.0,4683.0,0.0,5,0.0,0.0,0.0,0.0,0.1354576519003458,4,benign
1277033,160217069,157843,1072035,47155,285813,536466,60604,835328,0,0.1472367973060581,0.22381019127931698,999.0,125.4603984391946,0,0,0,0,0,60621,108,0,0,0,0,0,0,0,0,0,0,0,0,0,0,0,0.0,0.0,0.0,0.0,0.0,1.9999230295566504,178520,107300,3,1.6637465051258156,0.139792785307819,0.08402288742734135,0.04745687856147805,0.0,0.0,0.0,0.036925435756162917,0.42008781292261044,0.0,0.0,0.0,0.0,0.0,0.0,0.0,0.0,0.0,1.0,0.0,0.0,4683.0,0.0,5,0.0,0.0,0.0,0.0,0.139792785307819,4,benign
1276455,159748857,161177,1067113,48165,285623,525581,61794,837567,0,0.15104023660099727,0.2237626865028536,999.0,125.15040248187363,0,0,0,0,0,61779,108,0,0,0,0,0,0,0,0,0,0,0,0,0,0,0,0.0,0.0,0.0,0.0,0.0,2.0000770275758724,180513,105116,3,1.717274249400662,0.14141744127290035,0.08234994574818541,0.04841063727275932,0.0,0.0,0.0,0.03773341010846446,0.41175051216063235,0.0,0.0,0.0,0.0,0.0,0.0,0.0,0.0,0.0,1.0,0.0,0.0,4683.0,0.0,5,0.0,0.0,0.0,0.0,0.14141744127290035,4,benign
1368398,182784703,177705,1152514,52866,330125,597373,67414,901980,0,0.15418901635902038,0.2412492564297814,999.0,133.57568704426637,0,0,0,0,0,67196,108,0,0,0,0,0,0,0,0,0,0,0,0,0,0,0,0.0,0.0,0.0,0.0,0.0,1.9991461428061017,210652,119473,3,1.7631766173110242,0.153940593306918,0.08730866312286338,0.04926490684727689,0.0,0.0,0.0,0.03863349697967989,0.4365491618666499,0.0,0.0,0.0,0.0,0.0,0.0,0.0,0.0,0.0,1.0,0.0,0.0,4683.0,0.0,5,0.0,0.0,0.0,0.0,0.153940593306918,4,benign
1264540,181708297,178905,1056995,57936,327496,574421,64587,840158,0,0.16925813272532036,0.258984294684233,999.0,143.69517532066996,0,0,0,0,0,64787,108,0,0,0,0,0,0,0,0,0,0,0,0,0,0,0,0.0,0.0,0.0,0.0,0.0,1.9979136036701053,212613,114883,3,1.8506915731657425,0.16813465766207475,0.09084963702215826,0.051075489901466146,0.0,0.0,0.0,0.04581586980245781,0.4542529299191801,0.0,0.0,0.0,0.0,0.0,0.0,0.0,0.0,0.0,1.0,0.0,0.0,4683.0,0.0,5,0.0,0.0,0.0,0.0,0.16813465766207475,4,benign
1286637,160861844,158517,1084098,44024,288142,549246,63870,836982,0,0.1462201756667755,0.22394972319309953,999.0,125.02504125095112,0,0,0,0,0,72147,108,0,0,0,0,0,0,0,0,0,0,0,0,0,0,0,0.0,0.0,0.0,0.0,0.0,1.999986118052085,178285,109843,3,1.6230893183907942,0.13856666643350066,0.08537217567969832,0.049641040946280884,0.0,0.0,0.0,0.034216332967262716,0.4268849722182714,0.0,0.0,0.0,0.0,0.0,0.0,0.0,0.0,0.0,1.0,0.0,0.0,4683.0,0.0,5,0.0,0.0,0.0,0.0,0.13856666643350066,4,benign
1549446,182386740,176918,1304424,53409,328336,601974,67347,1017411,0,0.13562921258731822,0.21190541651661304,999.0,117.71093668317579,0,0,0,0,0,75999,108,0,0,0,0,0,0,0,0,0,0,0,0,0,0,0,0.0,0.0,0.0,0.0,0.0,1.9999878174320365,207941,120391,3,1.7272138282762,0.1342034507817633,0.07769938416698613,0.043465212727645884,0.0,0.0,0.0,0.03446973950689472,0.38850918328228284,0.0,0.0,0.0,0.0,0.0,0.0,0.0,0.0,0.0,1.0,0.0,0.0,4683.0,0.0,5,0.0,0.0,0.0,0.0,0.1342034507817633,4,benign
1365360,194068783,187734,1149301,57703,349850,637157,71144,898758,0,0.1633462426292155,0.2562327884221011,999.0,142.13744580183982,0,0,0,0,0,71004,108,0,0,0,0,0,0,0,0,0,0,0,0,0,0,0,0.0,0.0,0.0,0.0,0.0,2.0007663361127315,222416,127432,3,1.7453700797287965,0.16289916212573974,0.09333216148122107,0.05210640417179352,0.0,0.0,0.0,0.04226211402121052,0.46665861018339483,0.0,0.0,0.0,0.0,0.0,0.0,0.0,0.0,0.0,1.0,0.0,0.0,4683.0,0.0,5,0.0,0.0,0.0,0.0,0.16289916212573974,4,benign
1542676,170916305,182780,1288176,56995,323743,561766,63778,1014118,0,0.1418905491175119,0.20985806481723965,999.0,110.79209438663725,0,0,0,0,0,63685,108,0,0,0,0,0,0,0,0,0,0,0,0,0,0,0,0.0,0.0,0.0,0.0,0.0,2.0012424971101126,191038,112357,3,1.7002767962832757,0.12383546512683155,0.07283253256030431,0.04134244650205228,0.0,0.0,0.0,0.036945541383932856,0.36415034654068645,0.0,0.0,0.0,0.0,0.0,0.0,0.0,0.0,0.0,1.0,0.0,0.0,4683.0,0.0,5,0.0,0.0,0.0,0.0,0.12383546512683155,4,benign
1269773,158992908,152186,1071142,46445,287703,520076,57324,837332,0,0.14207826786737893,0.22657829391552664,999.0,125.2136468486887,0,0,0,0,0,57339,108,0,0,0,0,0,0,0,0,0,0,0,0,0,0,0,0.0,0.0,0.0,0.0,0.0,2.0000903750564842,183684,104022,3,1.7658187691065352,0.14465892722557497,0.0819217293169724,0.04514507711220825,0.0,0.0,0.0,0.03657740399268215,0.4095818701452937,0.0,0.0,0.0,0.0,0.0,0.0,0.0,0.0,0.0,1.0,0.0,0.0,4683.0,0.0,5,0.0,0.0,0.0,0.0,0.14465892722557497,4,benign
1563899,184171339,176048,1321345,52409,334655,602968,67605,1031082,0,0.1332339396599677,0.21398760405882988,999.0,117.76421559192761,0,0,0,0,0,67567,108,0,0,0,0,0,0,0,0,0,0,0,0,0,0,0,0.0,0.0,0.0,0.0,0.0,2.0012019590137955,214069,120579,3,1.775342306703489,0.13688160168911165,0.07710152637734279,0.0432284949347752,0.0,0.0,0.0,0.0335117549151192,0.3855543100929152,0.0,0.0,0.0,0.0,0.0,0.0,0.0,0.0,0.0,1.0,0.0,0.0,4683.0,0.0,5,0.0,0.0,0.0,0.0,0.13688160168911165,4,benign
1732121,205336357,204144,1450576,63203,366681,673893,76439,1138753,0,0.140733060522165,0.21169479499411414,999.0,118.54619683036,0,0,0,0,0,76560,108,0,0,0,0,0,0,0,0,0,0,0,0,0,0,0,0.0,0.0,0.0,0.0,0.0,2.00112968450695,231896,134771,3,1.7206669090531346,0.1338797924625358,0.07780691995536108,0.044130288819314585,0.0,0.0,0.0,0.03648879033277698,0.38905653819796654,0.0,0.0,0.0,0.0,0.0,0.0,0.0,0.0,0.0,1.0,0.0,0.0,4683.0,0.0,5,0.0,0.0,0.0,0.0,0.1338797924625358,4,benign
1645912,182963817,188431,1385175,56631,350293,638650,71443,1083865,0,0.1360340751168625,0.2128260806167037,999.0,111.16257552044095,0,0,0,0,0,66864,108,0,0,0,0,0,0,0,0,0,0,0,0,0,0,0,0.0,0.0,0.0,0.0,0.0,2.000782508367699,222573,127742,3,1.7423635139578213,0.13522776430331634,0.07761168276311249,0.04340633035058983,0.0,0.0,0.0,0.03440706429019291,0.38802195986176663,0.0,0.0,0.0,0.0,0.0,0.0,0.0,0.0,0.0,1.0,0.0,0.0,4683.0,0.0,5,0.0,0.0,0.0,0.0,0.13522776430331634,4,benign
1365933,171349233,168416,1146475,51044,307021,562754,63093,898909,0,0.14689897293879065,0.22477017540391805,999.0,125.44483001728489,0,0,0,0,0,67292,108,0,0,0,0,0,0,0,0,0,0,0,0,0,0,0,0.0,0.0,0.0,0.0,0.0,2.0018974342255405,194468,112554,3,1.727775112390497,0.14237008696619818,0.08240082053804981,0.04619040611801604,0.0,0.0,0.0,0.03736932924235669,0.41199238908496977,0.0,0.0,0.0,0.0,0.0,0.0,0.0,0.0,0.0,1.0,0.0,0.0,4683.0,0.0,5,0.0,0.0,0.0,0.0,0.14237008696619818,4,benign
1364782,171171116,169442,1143236,52104,306232,561649,63512,897871,0,0.148212617517293,0.22438162285258745,999.0,125.42011544700912,0,0,0,0,0,63519,108,0,0,0,0,0,0,0,0,0,0,0,0,0,0,0,0.0,0.0,0.0,0.0,0.0,2.000496478919244,193900,112329,3,1.726179348164766,0.14207397225344415,0.08230545244588514,0.04653636991109203,0.0,0.0,0.0,0.03817752578800131,0.41153019310043654,0.0,0.0,0.0,0.0,0.0,0.0,0.0,0.0,0.0,1.0,0.0,0.0,4683.0,0.0,5,0.0,0.0,0.0,0.0,0.14207397225344415,4,benign
1273951,159662414,157515,1068437,47999,286093,525329,59647,837116,0,0.14742563202135456,0.22457143171126676,999.0,125.32853618388776,0,0,0,0,0,59643,108,0,0,0,0,0,0,0,0,0,0,0,0,0,0,0,0.0,0.0,0.0,0.0,0.0,1.999937085375146,181032,105064,3,1.7230640371583035,0.1421027967323704,0.08247098985753769,0.04682048210645465,0.0,0.0,0.0,0.037677273301720396,0.41236201392361244,0.0,0.0,0.0,0.0,0.0,0.0,0.0,0.0,0.0,1.0,0.0,0.0,4683.0,0.0,5,0.0,0.0,0.0,0.0,0.1421027967323704,4,benign
1366031,194067889,186528,1151337,57648,348788,643003,70470,897705,0,0.16200990674320376,0.255329491058402,999.0,142.0669728578634,0,0,0,0,0,70374,108,0,0,0,0,0,0,0,0,0,0,0,0,0,0,0,0.0,0.0,0.0,0.0,0.0,1.9994725980279753,220183,128603,3,1.7121140253337792,0.161184482636192,0.09414354432659289,0.051587409070511576,0.0,0.0,0.0,0.04220109206892084,0.4707089370592615,0.0,0.0,0.0,0.0,0.0,0.0,0.0,0.0,0.0,1.0,0.0,0.0,4683.0,0.0,5,0.0,0.0,0.0,0.0,0.161184482636192,4,benign
1363880,159532944,156294,1146525,47242,286195,527747,59586,895272,0,0.13631974880617517,0.20983884212687334,999.0,116.96992697304748,0,0,0,0,0,59581,108,0,0,0,0,0,0,0,0,0,0,0,0,0,0,0,0.0,0.0,0.0,0.0,0.0,1.99992313228933,180651,105556,3,1.7114233203228617,0.13245373493269202,0.0773939056221955,0.04368859430448427,0.0,0.0,0.0,0.034637944687215885,0.38694533243393847,0.0,0.0,0.0,0.0,0.0,0.0,0.0,0.0,0.0,1.0,0.0,0.0,4683.0,0.0,5,0.0,0.0,0.0,0.0,0.13245373493269202,4,benign
1457285,160072956,167133,1226219,50114,307604,529110,59453,956960,0,0.13629947015989802,0.21108019364777653,999.0,109.84327430804544,0,0,0,0,0,59467,108,0,0,0,0,0,0,0,0,0,0,0,0,0,0,0,0.0,0.0,0.0,0.0,0.0,2.0005463059313215,181710,105826,3,1.7170638595430234,0.1246907777133505,0.07261860240104029,0.04079709871439011,0.0,0.0,0.0,0.03438860620949231,0.3630792878537829,0.0,0.0,0.0,0.0,0.0,0.0,0.0,0.0,0.0,1.0,0.0,0.0,4683.0,0.0,5,0.0,0.0,0.0,0.0,0.1246907777133505,4,benign
1435606,202893647,195988,1208999,60101,364813,670237,74117,943745,0,0.16210766096580725,0.2541177732609086,999.0,141.32961759702872,0,0,0,0,0,74117,108,0,0,0,0,0,0,0,0,0,0,0,0,0,0,0,0.0,0.0,0.0,0.0,0.0,2.000740379183828,230766,134041,3,1.7216075678337226,0.1607446611396163,0.09336893270159083,0.05162767500275145,0.0,0.0,0.0,0.0418645505800338,0.46686695374636217,0.0,0.0,0.0,0.0,0.0,0.0,0.0,0.0,0.0,1.0,0.0,0.0,4683.0,0.0,5,0.0,0.0,0.0,0.0,0.1607446611396163,4,benign
1279171,160364036,154332,1077856,46983,288436,531365,58564,840348,0,0.14318424724638543,0.22548666284648416,999.0,125.36559693739149,0,0,0,0,0,58563,108,0,0,0,0,0,0,0,0,0,0,0,0,0,0,0,0.0,0.0,0.0,0.0,0.0,1.9999722645957565,182166,106278,3,1.7140518263422344,0.14240941985082525,0.08308349704613378,0.04578277650134345,0.0,0.0,0.0,0.03672925668264837,0.41539794132293495,0.0,0.0,0.0,0.0,0.0,0.0,0.0,0.0,0.0,1.0,0.0,0.0,4683.0,0.0,5,0.0,0.0,0.0,0.0,0.14240941985082525,4,benign
1304164,174729616,171798,1094690,51833,313032,578562,65731,855435,0,0.15693758050224266,0.24002502752721283,999.0,133.9782542686349,0,0,0,0,0,65638,108,0,0,0,0,0,0,0,0,0,0,0,0,0,0,0,0.0,0.0,0.0,0.0,0.0,1.9990548566319688,197321,115719,3,1.7051737398352906,0.15130075665330434,0.08873040507175478,0.0504008698292546,0.0,0.0,0.0,0.03974423462079923,0.443626721792658,0.0,0.0,0.0,0.0,0.0,0.0,0.0,0.0,0.0,1.0,0.0,0.0,0.0,1.0,5,0.0,0.0,0.0,0.0,0.15130075665330434,4,benign
1741899,195400362,185336,1469930,57250,351377,650649,69992,1143401,0,0.12608491560822624,0.201720650852891,999.0,112.1766313661125,0,0,0,0,0,69918,108,0,0,0,0,0,0,0,0,0,0,0,0,0,0,0,0.0,0.0,0.0,0.0,0.0,1.9977883024510612,221244,130123,3,1.7002682077726459,0.12701310466335877,0.07470180532855235,0.04018143417040827,0.0,0.0,0.0,0.03286642910983932,0.37352854557009335,0.0,0.0,0.0,0.0,0.0,0.0,0.0,0.0,0.0,1.0,0.0,0.0,0.0,1.0,5,0.0,0.0,0.0,0.0,0.12701310466335877,4,benign
1450413,158151261,160043,1213534,47817,286791,500624,60839,958555,0,0.13188176021438214,0.19773057742863584,999.0,109.03877792049575,0,0,0,0,0,69056,108,0,0,0,0,0,0,0,0,0,0,0,0,0,0,0,0.0,0.0,0.0,0.0,0.0,1.999895399677831,186667,100123,3,1.8643768165156858,0.12869920498506288,0.06903068298477744,0.041945983661205465,0.0,0.0,0.0,0.03296785122582326,0.34515962005304696,0.0,0.0,0.0,0.0,0.0,0.0,0.0,0.0,0.0,1.0,0.0,0.0,0.0,1.0,5,0.0,0.0,0.0,0.0,0.12869920498506288,4,benign
1367723,171995323,167532,1150184,50007,305218,586312,64108,891404,0,0.1456566949288114,0.2231577592831297,999.0,125.7530384441879,0,0,0,0,0,64132,108,0,0,0,0,0,0,0,0,0,0,0,0,0,0,0,0.0,0.0,0.0,0.0,0.0,2.00031457875938,187954,117263,3,1.6028414759983967,0.13742110061759583,0.08573592752333623,0.04687206400711255,0.0,0.0,0.0,0.03656222787801331,0.4286774441900882,0.0,0.0,0.0,0.0,0.0,0.0,0.0,0.0,0.0,1.0,0.0,0.0,0.0,1.0,5,0.0,0.0,0.0,0.0,0.13742110061759583,4,benign
1725652,182046027,183541,1443487,55108,325093,601533,70322,1131445,0,0.12715112778985888,0.18838850475066815,999.0,105.49405500066062,0,0,0,0,0,70291,108,0,0,0,0,0,0,0,0,0,0,0,0,0,0,0,0.0,0.0,0.0,0.0,0.0,2.0014714302425087,204787,120313,3,1.7021186405459094,0.11867224677976788,0.06972031440869886,0.04075097412456277,0.0,0.0,0.0,0.03193459631490011,0.3485830283278436,0.0,0.0,0.0,0.0,0.0,0.0,0.0,0.0,0.0,1.0,0.0,0.0,0.0,1.0,5,0.0,0.0,0.0,0.0,0.11867224677976788,4,benign
2087936,239409012,232215,1755497,73353,431858,772677,85844,1379890,0,0.1322787791719382,0.20683488382785678,999.0,114.66300308055419,0,0,0,0,0,86011,108,0,0,0,0,0,0,0,0,0,0,0,0,0,0,0,0.0,0.0,0.0,0.0,0.0,2.0020026609430124,277319,154544,3,1.7944339476136246,0.13281968412824915,0.07401759440902403,0.04111428702795488,0.0,0.0,0.0,0.03513182396395292,0.37006737754413926,0.0,0.0,0.0,0.0,0.0,0.0,0.0,0.0,0.0,1.0,0.0,0.0,0.0,1.0,5,0.0,0.0,0.0,0.0,0.13281968412824915,4,benign
1454806,193284730,194259,1218422,56355,344950,646907,75938,949580,0,0.15943490843074073,0.2371106525543612,999.0,132.85945342540518,0,0,0,0,0,76048,108,0,0,0,0,0,0,0,0,0,0,0,0,0,0,0,0.0,0.0,0.0,0.0,0.0,2.000812041414112,215563,129362,3,1.6663548801038945,0.148173021007612,0.08892044712490875,0.05219802502876672,0.0,0.0,0.0,0.03873712371271496,0.44466891118128465,0.0,0.0,0.0,0.0,0.0,0.0,0.0,0.0,0.0,1.0,0.0,0.0,0.0,1.0,5,0.0,0.0,0.0,0.0,0.148173021007612,4,benign
1362011,170515872,164940,1147978,49093,307701,561887,62530,896701,0,0.14367871161294032,0.22591667761860953,999.0,125.19419593527512,0,0,0,0,0,62697,108,0,0,0,0,0,0,0,0,0,0,0,0,0,0,0,0.0,0.0,0.0,0.0,0.0,2.0020365141124574,195335,112386,3,1.7380723577669817,0.1434166097043269,0.08251475208350006,0.04591005505829248,0.0,0.0,0.0,0.036044495969562655,0.4125421894536828,0.0,0.0,0.0,0.0,0.0,0.0,0.0,0.0,0.0,1.0,0.0,0.0,0.0,1.0,5,0.0,0.0,0.0,0.0,0.1434166097043269,4,benign
1368934,171371117,173599,1143767,51568,305917,564864,66902,896977,0,0.15177829050846894,0.22347096353805224,999.0,125.18581392528785,0,0,0,0,0,66992,108,0,0,0,0,0,0,0,0,0,0,0,0,0,0,0,0.0,0.0,0.0,0.0,0.0,1.9997058458239911,192942,112979,3,1.7077687003779463,0.14094324488981938,0.08253064062986236,0.04887160374422726,0.0,0.0,0.0,0.03767018716753328,0.4126305577916832,0.0,0.0,0.0,0.0,0.0,0.0,0.0,0.0,0.0,1.0,0.0,0.0,0.0,1.0,5,0.0,0.0,0.0,0.0,0.14094324488981938,4,benign
1365592,171043085,166611,1149151,49830,308323,561445,63149,898885,0,0.1449861680492816,0.22577973508925067,999.0,125.25196764480167,0,0,0,0,0,63113,108,0,0,0,0,0,0,0,0,0,0,0,0,0,0,0,0.0,0.0,0.0,0.0,0.0,1.9989173068819086,196030,112287,3,1.7457942593532645,0.14354946426165355,0.0822258771287471,0.046242948113345714,0.0,0.0,0.0,0.036489668949437316,0.41113670847515216,0.0,0.0,0.0,0.0,0.0,0.0,0.0,0.0,0.0,1.0,0.0,0.0,0.0,1.0,5,0.0,0.0,0.0,0.0,0.14354946426165355,4,benign
1286050,172224254,165312,1084607,50767,311498,564245,62556,847557,0,0.15241649740412888,0.24221297772248357,999.0,133.91723027876054,0,0,0,0,0,62665,108,0,0,0,0,0,0,0,0,0,0,0,0,0,0,0,0.0,0.0,0.0,0.0,0.0,2.0003082356718576,198648,112849,3,1.7602991608255278,0.1544636678200692,0.08774853232766999,0.04864196570895377,0.0,0.0,0.0,0.039475137047548695,0.43874266163834996,0.0,0.0,0.0,0.0,0.0,0.0,0.0,0.0,0.0,1.0,0.0,0.0,0.0,1.0,5,0.0,0.0,0.0,0.0,0.1544636678200692,4,benign
1457928,182581536,177209,1226840,53879,329104,598736,67159,960370,0,0.14444344820840532,0.22573405545404163,999.0,125.23357532059197,0,0,0,0,0,66991,108,0,0,0,0,0,0,0,0,0,0,0,0,0,0,0,0.0,0.0,0.0,0.0,0.0,2.00032821759611,209359,119745,3,1.7483736272913275,0.14360036983993724,0.0821336856141044,0.046064689065578,0.0,0.0,0.0,0.03695587162054642,0.41067597302473097,0.0,0.0,0.0,0.0,0.0,0.0,0.0,0.0,0.0,1.0,0.0,0.0,0.0,1.0,5,0.0,0.0,0.0,0.0,0.14360036983993724,4,benign
1453244,181959500,176544,1223532,53168,328183,597878,66891,955743,0,0.14429046400094153,0.2258278719884617,999.0,125.20918717022056,0,0,0,0,0,67119,108,0,0,0,0,0,0,0,0,0,0,0,0,0,0,0,0.0,0.0,0.0,0.0,0.0,1.9993359570138778,208605,119575,3,1.744553627430483,0.14354437382848304,0.08228143381290409,0.04602874672112873,0.0,0.0,0.0,0.03658573508646862,0.411409233411595,0.0,0.0,0.0,0.0,0.0,0.0,0.0,0.0,0.0,1.0,0.0,0.0,0.0,1.0,5,0.0,0.0,0.0,0.0,0.14354437382848304,4,benign
1368339,171347086,166603,1151242,50494,308955,560332,62955,901478,0,0.1447158807618207,0.22578834630891906,999.0,125.22268677571859,0,0,0,0,0,63048,108,0,0,0,0,0,0,0,0,0,0,0,0,0,0,0,0.0,0.0,0.0,0.0,0.0,2.0004338141980265,196885,112065,3,1.7568821665997412,0.1438861276335762,0.08189856461008566,0.04600833565366477,0.0,0.0,0.0,0.036901674219619554,0.4094979387417884,0.0,0.0,0.0,0.0,0.0,0.0,0.0,0.0,0.0,1.0,0.0,0.0,0.0,1.0,5,0.0,0.0,0.0,0.0,0.1438861276335762,4,benign
1547888,205709393,190200,1299339,58848,348347,674308,75814,1018434,0,0.1463821219866409,0.22504664420164766,999.0,132.89682005416412,0,0,0,0,0,75838,108,0,0,0,0,0,0,0,0,0,0,0,0,0,0,0,0.0,0.0,0.0,0.0,0.0,2.0018446897645576,234204,134860,3,1.7366454100548718,0.15130552081287535,0.08712516667872611,0.04897899589634392,0.0,0.0,0.0,0.03801825455071685,0.4356310017262231,0.0,0.0,0.0,0.0,0.0,0.0,0.0,0.0,0.0,1.0,0.0,0.0,0.0,1.0,5,0.0,0.0,0.0,0.0,0.15130552081287535,4,benign
1268247,159473906,161879,1055457,50911,281993,523754,59910,832390,0,0.1533733728612345,0.222348643442484,999.0,125.74357045591277,0,0,0,0,0,59913,108,0,0,0,0,0,0,0,0,0,0,0,0,0,0,0,0.0,0.0,0.0,0.0,0.0,1.999950354609929,177240,104753,3,1.6919801819518296,0.13975195683490677,0.08259668660757723,0.04723843226122356,0.0,0.0,0.0,0.040142811297799244,0.4129747596485543,0.0,0.0,0.0,0.0,0.0,0.0,0.0,0.0,0.0,1.0,0.0,0.0,0.0,1.0,5,0.0,0.0,0.0,0.0,0.13975195683490677,4,benign
1363130,181870451,163772,1149251,50107,308657,596105,66388,897515,0,0.14250324776745898,0.22643254861972079,999.0,133.42120780849956,0,0,0,0,0,66395,108,0,0,0,0,0,0,0,0,0,0,0,0,0,0,0,0.0,0.0,0.0,0.0,0.0,1.99832316875785,209422,119223,3,1.7565570401684238,0.15363318245508498,0.0874626778076926,0.048702618238906044,0.0,0.0,0.0,0.0367587830947892,0.43730605298100694,0.0,0.0,0.0,0.0,0.0,0.0,0.0,0.0,0.0,1.0,0.0,0.0,0.0,1.0,5,0.0,0.0,0.0,0.0,0.15363318245508498,4,benign
1356212,159215527,158423,1135158,48932,283624,523249,59099,891857,0,0.13956030790427412,0.2091295461181585,999.0,117.39722624486437,0,0,0,0,0,59106,108,0,0,0,0,0,0,0,0,0,0,0,0,0,0,0,0.0,0.0,0.0,0.0,0.0,2.0000564143066684,178967,104645,3,1.7102298246452292,0.1319609323616072,0.07715976558237207,0.04357652048499792,0.0,0.0,0.0,0.03607990491162149,0.3858165242602189,0.0,0.0,0.0,0.0,0.0,0.0,0.0,0.0,0.0,1.0,0.0,0.0,0.0,1.0,5,0.0,0.0,0.0,0.0,0.1319609323616072,4,benign
1540580,170702743,166523,1293577,51316,306785,559736,62907,1013638,0,0.12873064378850274,0.19913603967336976,999.0,110.80420555894533,0,0,0,0,0,62831,108,0,0,0,0,0,0,0,0,0,0,0,0,0,0,0,0.0,0.0,0.0,0.0,0.0,1.9998891793404214,194835,111951,3,1.740359621620173,0.12646860273403523,0.07266808604551532,0.040833322514896984,0.0,0.0,0.0,0.03330953277337107,0.36332809721014164,0.0,0.0,0.0,0.0,0.0,0.0,0.0,0.0,0.0,1.0,0.0,0.0,0.0,1.0,5,0.0,0.0,0.0,0.0,0.12646860273403523,4,benign
1633645,193534582,190093,1370771,58814,347289,635347,71280,1075995,0,0.13867597140587304,0.21258535361109665,999.0,118.46795478821899,0,0,0,0,0,71261,108,0,0,0,0,0,0,0,0,0,0,0,0,0,0,0,0.0,0.0,0.0,0.0,0.0,2.0019887935805203,220225,127065,3,1.7331680635895015,0.13480590948461876,0.07778005625457184,0.04363249053496935,0.0,0.0,0.0,0.03600170171610111,0.3889137480909255,0.0,0.0,0.0,0.0,0.0,0.0,0.0,0.0,0.0,1.0,0.0,0.0,0.0,1.0,5,0.0,0.0,0.0,0.0,0.13480590948461876,4,benign
1286328,161354289,166684,1083637,50537,310238,536125,58977,844382,0,0.15381903718680703,0.24118109844456467,999.0,125.43790464018508,0,0,0,0,0,58978,108,0,0,0,0,0,0,0,0,0,0,0,0,0,0,0,0.0,0.0,0.0,0.0,0.0,1.999484399873678,182516,107221,3,1.7022411654433367,0.14188916046296124,0.08335432331411584,0.045849114689255,0.0,0.0,0.0,0.0392878021779826,0.4167871647044922,0.0,0.0,0.0,0.0,0.0,0.0,0.0,0.0,0.0,1.0,0.0,0.0,0.0,1.0,5,0.0,0.0,0.0,0.0,0.14188916046296124,4,benign
1456146,182582131,178061,1224552,53533,327692,604097,67729,955807,0,0.14540909655122852,0.22504062092674773,999.0,125.38724207600062,0,0,0,0,0,67729,108,0,0,0,0,0,0,0,0,0,0,0,0,0,0,0,0.0,0.0,0.0,0.0,0.0,1.9996094655780519,206871,120815,3,1.7122956586516576,0.1420674849912028,0.08296901546960264,0.04651250630087917,0.0,0.0,0.0,0.036763483881423975,0.4148601857231349,0.0,0.0,0.0,0.0,0.0,0.0,0.0,0.0,0.0,1.0,0.0,0.0,0.0,1.0,5,0.0,0.0,0.0,0.0,0.1420674849912028,4,benign
1276247,160057826,153620,1075809,46818,287696,531764,58252,838031,0,0.14279486414409992,0.22542344859576555,999.0,125.41289107829441,0,0,0,0,0,58250,108,0,0,0,0,0,0,0,0,0,0,0,0,0,0,0,0.0,0.0,0.0,0.0,0.0,1.9999721932568648,181345,106359,3,1.7050273131563856,0.14209240060897302,0.08333731636587588,0.04564320229548042,0.0,0.0,0.0,0.0366841214905892,0.4166622918604314,0.0,0.0,0.0,0.0,0.0,0.0,0.0,0.0,0.0,1.0,0.0,0.0,0.0,1.0,5,0.0,0.0,0.0,0.0,0.14209240060897302,4,benign
1273878,159597874,158056,1068867,46955,286131,526280,60320,836515,0,0.14787246682702337,0.224614131023536,999.0,125.28505398476149,0,0,0,0,0,60320,108,0,0,0,0,0,0,0,0,0,0,0,0,0,0,0,0.0,0.0,0.0,0.0,0.0,2.000020969635967,180869,105252,3,1.7184376543913655,0.14198298424181907,0.08262329673642217,0.04735147321800047,0.0,0.0,0.0,0.03685988768155192,0.4131321837727004,0.0,0.0,0.0,0.0,0.0,0.0,0.0,0.0,0.0,1.0,0.0,0.0,0.0,1.0,5,0.0,0.0,0.0,0.0,0.14198298424181907,4,benign
1548229,217019697,207191,1308327,62474,390656,721922,78360,1016704,0,0.15836331437018422,0.2523244300423258,999.0,140.172866546228,0,0,0,0,0,78462,108,0,0,0,0,0,0,0,0,0,0,0,0,0,0,0,0.0,0.0,0.0,0.0,0.0,1.999692871548644,246270,144384,3,1.7056599069148937,0.15906561626219376,0.09325752198156732,0.050612667764264846,0.0,0.0,0.0,0.04035191176499084,0.4662889017064013,0.0,0.0,0.0,0.0,0.0,0.0,0.0,0.0,0.0,1.0,0.0,0.0,0.0,1.0,5,0.0,0.0,0.0,0.0,0.15906561626219376,4,benign
1365317,170674931,175192,1138272,51854,304870,559671,67589,895720,0,0.15391048888139214,0.2232961282984098,999.0,125.0075484301448,0,0,0,0,0,67566,108,0,0,0,0,0,0,0,0,0,0,0,0,0,0,0,0.0,0.0,0.0,0.0,0.0,2.0003018135054984,192927,111935,3,1.72356278197168,0.14130564550210684,0.08198462335120708,0.049504254323354945,0.0,0.0,0.0,0.03797945825035504,0.4099201870334875,0.0,0.0,0.0,0.0,0.0,0.0,0.0,0.0,0.0,1.0,0.0,0.0,0.0,1.0,5,0.0,0.0,0.0,0.0,0.14130564550210684,4,benign
1547918,193988006,188029,1303075,56814,349218,638637,71220,1017524,0,0.1442963758801297,0.22560497390688655,999.0,125.32188785194047,0,0,0,0,0,71321,108,0,0,0,0,0,0,0,0,0,0,0,0,0,0,0,0.0,0.0,0.0,0.0,0.0,1.998752275094724,221490,127727,3,1.734089111934047,0.14308897499738357,0.08251535288044974,0.04601018917022737,0.0,0.0,0.0,0.03670349462956048,0.4125780564603551,0.0,0.0,0.0,0.0,0.0,0.0,0.0,0.0,0.0,1.0,0.0,0.0,0.0,1.0,5,0.0,0.0,0.0,0.0,0.14308897499738357,4,benign
1267330,170785670,156940,1076486,48596,307890,573439,58803,832049,0,0.14578916957582355,0.24294382678544657,999.0,134.76022030568203,0,0,0,0,0,58873,108,0,0,0,0,0,0,0,0,0,0,0,0,0,0,0,0.0,0.0,0.0,0.0,0.0,1.9997402006949632,193206,114689,3,1.6846079397326683,0.15245121633670788,0.0904965557510672,0.04639912256476214,0.0,0.0,0.0,0.03834518239132665,0.4524780443925418,0.0,0.0,0.0,0.0,0.0,0.0,0.0,0.0,0.0,1.0,0.0,0.0,0.0,1.0,5,0.0,0.0,0.0,0.0,0.15245121633670788,4,benign
1277328,171014032,174628,1064114,52111,305224,561680,67222,837722,0,0.16410647731352093,0.23895506870592362,999.0,133.88419575864617,0,0,0,0,0,63350,108,0,0,0,0,0,0,0,0,0,0,0,0,0,0,0,0.0,0.0,0.0,0.0,0.0,2.000773501668273,192892,112341,3,1.7170222803784905,0.1510121127854396,0.08795000187892225,0.05262704645948418,0.0,0.0,0.0,0.04079688224167951,0.43973043728783834,0.0,0.0,0.0,0.0,0.0,0.0,0.0,0.0,0.0,1.0,0.0,0.0,0.0,1.0,5,0.0,0.0,0.0,0.0,0.1510121127854396,4,benign
1280595,160280056,161228,1071840,47527,287062,526663,61876,840760,0,0.15042170473204955,0.22416298673663415,999.0,125.1606136210121,0,0,0,0,0,61874,108,0,0,0,0,0,0,0,0,0,0,0,0,0,0,0,0.0,0.0,0.0,0.0,0.0,1.999972131844245,181730,105330,3,1.7253394094749834,0.14191059624627614,0.08225082871633889,0.048318164603172745,0.0,0.0,0.0,0.03711321690308021,0.41126429511281865,0.0,0.0,0.0,0.0,0.0,0.0,0.0,0.0,0.0,1.0,0.0,0.0,0.0,1.0,5,0.0,0.0,0.0,0.0,0.14191059624627614,4,benign
1457087,171092575,170662,1217345,54948,308991,536445,62103,966938,0,0.14019197515905515,0.212060776055239,999.0,117.42097417655913,0,0,0,0,0,61936,108,0,0,0,0,0,0,0,0,0,0,0,0,0,0,0,0.0,0.0,0.0,0.0,0.0,1.998234518081639,201688,107285,3,1.8799272964533718,0.13841863938117627,0.07362978325933867,0.04262133970037479,0.0,0.0,0.0,0.037710857347570875,0.36816264231305335,0.0,0.0,0.0,0.0,0.0,0.0,0.0,0.0,0.0,1.0,0.0,0.0,0.0,1.0,5,0.0,0.0,0.0,0.0,0.13841863938117627,4,benign
1286683,161159712,161148,1080859,44676,285963,557371,65090,833309,0,0.14909252733242725,0.22224821498379943,999.0,125.25207218872092,0,0,0,0,0,65097,108,0,0,0,0,0,0,0,0,0,0,0,0,0,0,0,0.0,0.0,0.0,0.0,0.0,2.0000629471873097,174491,111478,3,1.5652505427079784,0.13561304532662669,0.08663983281041251,0.05058744072937934,0.0,0.0,0.0,0.03472183902328701,0.43318439740013664,0.0,0.0,0.0,0.0,0.0,0.0,0.0,0.0,0.0,1.0,0.0,0.0,0.0,1.0,5,0.0,0.0,0.0,0.0,0.13561304532662669,4,benign
1366189,171154545,166000,1149613,50576,308103,563540,63174,898152,0,0.14439641862087502,0.2255200415169497,999.0,125.27881940200075,0,0,0,0,0,63067,108,0,0,0,0,0,0,0,0,0,0,0,0,0,0,0,0.0,0.0,0.0,0.0,0.0,1.9992926946387553,195398,112709,3,1.73365037397191,0.14302413502084996,0.08249883434868821,0.04624103985612532,0.0,0.0,0.0,0.037019768128714256,0.41249051192770547,0.0,0.0,0.0,0.0,0.0,0.0,0.0,0.0,0.0,1.0,0.0,0.0,0.0,1.0,5,0.0,0.0,0.0,0.0,0.14302413502084996,4,benign
1732175,182622286,177485,1457296,54146,328833,599324,67302,1139091,0,0.12179063141599236,0.18983820918787073,999.0,105.42946642227258,0,0,0,0,0,67354,108,0,0,0,0,0,0,0,0,0,0,0,0,0,0,0,0.0,0.0,0.0,0.0,0.0,2.000164230579734,208966,119859,3,1.7434318657756196,0.12063792630652215,0.06919566441035115,0.03885404188375886,0.0,0.0,0.0,0.03125896632845988,0.3459950640091215,0.0,0.0,0.0,0.0,0.0,0.0,0.0,0.0,0.0,1.0,0.0,0.0,0.0,1.0,5,0.0,0.0,0.0,0.0,0.12063792630652215,4,benign
1272454,171171233,169892,1064650,52572,305615,562556,63532,836356,0,0.15957544733010848,0.2401776409992031,999.0,134.52056655879113,0,0,0,0,0,63420,108,0,0,0,0,0,0,0,0,0,0,0,0,0,0,0,0.0,0.0,0.0,0.0,0.0,2.0013686699017046,193100,112513,3,1.7162461226702692,0.1517540123257894,0.08842205690736168,0.049928720409539364,0.0,0.0,0.0,0.041315442444284825,0.44210321158957416,0.0,0.0,0.0,0.0,0.0,0.0,0.0,0.0,0.0,1.0,0.0,0.0,0.0,1.0,5,0.0,0.0,0.0,0.0,0.1517540123257894,4,benign
1272374,159393510,147997,1078428,45949,290202,519475,55017,841510,0,0.13723401098636162,0.22807916540262532,999.0,125.2725299322369,0,0,0,0,0,55006,108,0,0,0,0,0,0,0,0,0,0,0,0,0,0,0,0.0,0.0,0.0,0.0,0.0,2.000013783597519,186312,103891,3,1.7933410978814335,0.14642864440801212,0.08165130692705132,0.04323964494716176,0.0,0.0,0.0,0.03611280959843568,0.40827225328401867,0.0,0.0,0.0,0.0,0.0,0.0,0.0,0.0,0.0,1.0,0.0,0.0,0.0,1.0,5,0.0,0.0,0.0,0.0,0.14642864440801212,4,benign
1367959,170833527,168383,1150518,49058,308731,561754,65406,899245,0,0.1463540770331277,0.22568731957609842,999.0,124.88205202056494,0,0,0,0,0,65440,108,0,0,0,0,0,0,0,0,0,0,0,0,0,0,0,0.0,0.0,0.0,0.0,0.0,1.9997344318785382,196378,112349,3,1.747928330470231,0.14355547205727656,0.08212892345457722,0.04781283649583065,0.0,0.0,0.0,0.03586218592808703,0.41065119641743647,0.0,0.0,0.0,0.0,0.0,0.0,0.0,0.0,0.0,1.0,0.0,0.0,0.0,1.0,5,0.0,0.0,0.0,0.0,0.14355547205727656,4,benign
1359137,193360107,192599,1136477,59042,344922,637132,72207,892693,0,0.16947021365148612,0.2537801560843388,999.0,142.26682593439807,0,0,0,0,0,72448,108,0,0,0,0,0,0,0,0,0,0,0,0,0,0,0,0.0,0.0,0.0,0.0,0.0,2.001717804228352,217488,127434,3,1.7066716888742408,0.16001918864691345,0.09376096743742536,0.05312709461960052,0.0,0.0,0.0,0.043440801037717316,0.4687768782690781,0.0,0.0,0.0,0.0,0.0,0.0,0.0,0.0,0.0,1.0,0.0,0.0,0.0,1.0,5,0.0,0.0,0.0,0.0,0.16001918864691345,4,benign
1636300,170854796,166072,1375733,50808,307571,561743,62801,1076498,0,0.12071528414307137,0.18796736539754325,999.0,104.41532481818737,0,0,0,0,0,62849,108,0,0,0,0,0,0,0,0,0,0,0,0,0,0,0,0.0,0.0,0.0,0.0,0.0,1.9998374491215751,195227,112340,3,1.7378226811465194,0.11931002872333923,0.06865489213469413,0.03837988143983377,0.0,0.0,0.0,0.031050540854366558,0.3433007394732017,0.0,0.0,0.0,0.0,0.0,0.0,0.0,0.0,0.0,1.0,0.0,0.0,0.0,1.0,5,0.0,0.0,0.0,0.0,0.11931002872333923,4,benign
1278320,159800835,151455,1082059,44806,290883,523411,57957,843146,0,0.13996926230455087,0.22755100444333187,999.0,125.0084759684586,0,0,0,0,0,57962,108,0,0,0,0,0,0,0,0,0,0,0,0,0,0,0,0.0,0.0,0.0,0.0,0.0,2.000006875640294,186206,104691,3,1.7786247146364063,0.14566462231679078,0.08189733400087615,0.0453384129169535,0.0,0.0,0.0,0.03505069153263658,0.40945224982789913,0.0,0.0,0.0,0.0,0.0,0.0,0.0,0.0,0.0,1.0,0.0,0.0,0.0,1.0,5,0.0,0.0,0.0,0.0,0.14566462231679078,4,benign
1465383,184406195,170405,1229090,52341,308979,603838,67925,963582,0,0.13864322384853836,0.21085204345894554,999.0,125.84163662332647,0,0,0,0,0,63767,108,0,0,0,0,0,0,0,0,0,0,0,0,0,0,0,0.0,0.0,0.0,0.0,0.0,1.9992558897940433,209298,120763,3,1.7331301806016743,0.14282818894446025,0.08241053704048702,0.04635306947057527,0.0,0.0,0.0,0.03571830709104719,0.41206838075779506,0.0,0.0,0.0,0.0,0.0,0.0,0.0,0.0,0.0,1.0,0.0,0.0,0.0,1.0,5,0.0,0.0,0.0,0.0,0.14282818894446025,4,benign
1273365,159715969,156921,1068070,48374,286093,524431,58832,837513,0,0.14692014568333536,0.22467477903036442,999.0,125.42826997757909,0,0,0,0,0,58832,108,0,0,0,0,0,0,0,0,0,0,0,0,0,0,0,0.0,0.0,0.0,0.0,0.0,1.9998951444908915,181218,104894,3,1.7276297977005357,0.14231426181809614,0.08237543830716251,0.04620199235882877,0.0,0.0,0.0,0.037989107600727205,0.4118465640252402,0.0,0.0,0.0,0.0,0.0,0.0,0.0,0.0,0.0,1.0,0.0,0.0,0.0,1.0,5,0.0,0.0,0.0,0.0,0.14231426181809614,4,benign
1729143,216893294,213836,1449238,66069,388185,711449,80167,1137010,0,0.1475506438555986,0.22449560273499647,999.0,125.43398319283021,0,0,0,0,0,80241,108,0,0,0,0,0,0,0,0,0,0,0,0,0,0,0,0.0,0.0,0.0,0.0,0.0,2.0002318750966146,245890,142289,3,1.7281026642959048,0.1422033920849808,0.08228874072300556,0.046362273102918614,0.0,0.0,0.0,0.03820910127155475,0.4114460168997012,0.0,0.0,0.0,0.0,0.0,0.0,0.0,0.0,0.0,1.0,0.0,0.0,0.0,1.0,5,0.0,0.0,0.0,0.0,0.1422033920849808,4,benign
1268875,159130246,157088,1063650,48137,284833,522746,59137,834141,0,0.1476876792177878,0.22447680031523987,999.0,125.41049827603192,0,0,0,0,0,59140,108,0,0,0,0,0,0,0,0,0,0,0,0,0,0,0,0.0,0.0,0.0,0.0,0.0,2.0000491528161053,180282,104550,3,1.724361549497848,0.1420801891439267,0.08239582307161857,0.04660585164023249,0.0,0.0,0.0,0.03793675499950744,0.4119759629593144,0.0,0.0,0.0,0.0,0.0,0.0,0.0,0.0,0.0,1.0,0.0,0.0,0.0,1.0,5,0.0,0.0,0.0,0.0,0.1420801891439267,4,benign
1272112,159474665,166601,1069002,51042,306464,563042,62902,836182,0,0.1558472294719748,0.24090960544354584,999.0,125.36212613354799,0,0,0,0,0,58816,108,0,0,0,0,0,0,0,0,0,0,0,0,0,0,0,0.0,0.0,0.0,0.0,0.0,2.001188447247961,193847,112604,3,1.7214930197861533,0.15238202296653125,0.0885173632510345,0.04944690404618461,0.0,0.0,0.0,0.040123825575106596,0.44260411032990804,0.0,0.0,0.0,0.0,0.0,0.0,0.0,0.0,0.0,1.0,0.0,0.0,0.0,1.0,5,0.0,0.0,0.0,0.0,0.15238202296653125,4,benign
1433528,156750702,154187,1204298,46326,281400,515458,58517,942439,0,0.12803060372100594,0.19629892126278664,999.0,109.34610415701681,0,0,0,0,0,58515,108,0,0,0,0,0,0,0,0,0,0,0,0,0,0,0,0.0,0.0,0.0,0.0,0.0,1.9999431430520809,178312,103099,3,1.7295221098167781,0.12438682746343287,0.07191976717580682,0.040820269991238396,0.0,0.0,0.0,0.032316076142216967,0.3595730254309647,0.0,0.0,0.0,0.0,0.0,0.0,0.0,0.0,0.0,1.0,0.0,0.0,0.0,1.0,5,0.0,0.0,0.0,0.0,0.12438682746343287,4,benign
462573,57564136,57297,391902,13374,102937,207532,25216,296285,0,0.1462023669182602,0.22253136261735987,999.0,124.44335488668816,0,0,0,0,0,25256,108,0,0,0,0,0,0,0,0,0,0,0,0,0,0,0,0.0,0.0,0.0,0.0,0.0,2.0030160923118836,61435,41502,3,1.4802901065008915,0.1328114697572059,0.08971989286015397,0.05451247694958417,0.0,0.0,0.0,0.02891219331867619,0.44864702436156023,0.0,0.0,0.0,0.0,0.0,0.0,0.0,0.0,0.0,1.0,0.0,0.0,0.0,1.0,5,0.0,0.0,0.0,0.0,0.1328114697572059,4,benign
0,0,0,0,0,0,0,0,0,0,0.0,0.0,999.0,0.0,0,0,0,0,0,0,0,0,0,0,0,0,0,0,0,0,0,0,0,0,0,0,0.0,0.0,0.0,0.0,0.0,0.0,0,0,0,0.0,0.0,0.0,0.0,0.0,0.0,0.0,0.0,0.0,0.0,0.0,0.0,0.0,0.0,0.0,0.0,0.0,0.0,1.0,0.0,0.0,0.0,1.0,5,0.0,0.0,0.0,0.0,0.0,0,benign
0,0,0,0,0,0,0,0,0,0,0.0,0.0,999.0,0.0,0,0,0,0,0,0,0,0,0,0,0,0,0,0,0,0,0,0,0,0,0,0,0.0,0.0,0.0,0.0,0.0,0.0,0,0,0,0.0,0.0,0.0,0.0,0.0,0.0,0.0,0.0,0.0,0.0,0.0,0.0,0.0,0.0,0.0,0.0,0.0,0.0,1.0,0.0,0.0,0.0,1.0,5,0.0,0.0,0.0,0.0,0.0,0,benign
0,0,0,0,0,0,0,0,0,0,0.0,0.0,999.0,0.0,0,0,0,0,0,0,0,0,0,0,0,0,0,0,0,0,0,0,0,0,0,0,0.0,0.0,0.0,0.0,0.0,0.0,0,0,0,0.0,0.0,0.0,0.0,0.0,0.0,0.0,0.0,0.0,0.0,0.0,0.0,0.0,0.0,0.0,0.0,0.0,0.0,1.0,0.0,0.0,0.0,1.0,5,0.0,0.0,0.0,0.0,0.0,0,benign
0,0,0,0,0,0,0,0,0,0,0.0,0.0,999.0,0.0,0,0,0,0,0,0,0,0,0,0,0,0,0,0,0,0,0,0,0,0,0,0,0.0,0.0,0.0,0.0,0.0,0.0,0,0,0,0.0,0.0,0.0,0.0,0.0,0.0,0.0,0.0,0.0,0.0,0.0,0.0,0.0,0.0,0.0,0.0,0.0,0.0,1.0,0.0,0.0,0.0,1.0,5,0.0,0.0,0.0,0.0,0.0,0,benign
0,0,0,0,0,0,0,0,0,0,0.0,0.0,999.0,0.0,0,0,0,0,0,0,0,0,0,0,0,0,0,0,0,0,0,0,0,0,0,0,0.0,0.0,0.0,0.0,0.0,0.0,0,0,0,0.0,0.0,0.0,0.0,0.0,0.0,0.0,0.0,0.0,0.0,0.0,0.0,0.0,0.0,0.0,0.0,0.0,0.0,1.0,0.0,0.0,0.0,1.0,5,0.0,0.0,0.0,0.0,0.0,0,benign
0,0,0,0,0,0,0,0,0,0,0.0,0.0,999.0,0.0,0,0,0,0,0,0,0,0,0,0,0,0,0,0,0,0,0,0,0,0,0,0,0.0,0.0,0.0,0.0,0.0,0.0,0,0,0,0.0,0.0,0.0,0.0,0.0,0.0,0.0,0.0,0.0,0.0,0.0,0.0,0.0,0.0,0.0,0.0,0.0,0.0,1.0,0.0,0.0,0.0,1.0,5,0.0,0.0,0.0,0.0,0.0,0,benign
0,0,0,0,0,0,0,0,0,0,0.0,0.0,999.0,0.0,0,0,0,0,0,0,0,0,0,0,0,0,0,0,0,0,0,0,0,0,0,0,0.0,0.0,0.0,0.0,0.0,0.0,0,0,0,0.0,0.0,0.0,0.0,0.0,0.0,0.0,0.0,0.0,0.0,0.0,0.0,0.0,0.0,0.0,0.0,0.0,0.0,1.0,0.0,0.0,0.0,1.0,5,0.0,0.0,0.0,0.0,0.0,0,benign
0,0,0,0,0,0,0,0,0,0,0.0,0.0,999.0,0.0,0,0,0,0,0,0,0,0,0,0,0,0,0,0,0,0,0,0,0,0,0,0,0.0,0.0,0.0,0.0,0.0,0.0,0,0,0,0.0,0.0,0.0,0.0,0.0,0.0,0.0,0.0,0.0,0.0,0.0,0.0,0.0,0.0,0.0,0.0,0.0,0.0,1.0,0.0,0.0,0.0,1.0,5,0.0,0.0,0.0,0.0,0.0,0,benign
0,0,0,0,0,0,0,0,0,0,0.0,0.0,999.0,0.0,0,0,0,0,0,0,0,0,0,0,0,0,0,0,0,0,0,0,0,0,0,0,0.0,0.0,0.0,0.0,0.0,0.0,0,0,0,0.0,0.0,0.0,0.0,0.0,0.0,0.0,0.0,0.0,0.0,0.0,0.0,0.0,0.0,0.0,0.0,0.0,0.0,1.0,0.0,0.0,0.0,1.0,5,0.0,0.0,0.0,0.0,0.0,0,benign
0,0,0,0,0,0,0,0,0,0,0.0,0.0,999.0,0.0,0,0,0,0,0,0,0,0,0,0,0,0,0,0,0,0,0,0,0,0,0,0,0.0,0.0,0.0,0.0,0.0,0.0,0,0,0,0.0,0.0,0.0,0.0,0.0,0.0,0.0,0.0,0.0,0.0,0.0,0.0,0.0,0.0,0.0,0.0,0.0,0.0,1.0,0.0,0.0,0.0,1.0,5,0.0,0.0,0.0,0.0,0.0,0,benign
0,0,0,0,0,0,0,0,0,0,0.0,0.0,999.0,0.0,0,0,0,0,0,0,0,0,0,0,0,0,0,0,0,0,0,0,0,0,0,0,0.0,0.0,0.0,0.0,0.0,0.0,0,0,0,0.0,0.0,0.0,0.0,0.0,0.0,0.0,0.0,0.0,0.0,0.0,0.0,0.0,0.0,0.0,0.0,0.0,0.0,1.0,0.0,0.0,0.0,1.0,5,0.0,0.0,0.0,0.0,0.0,0,benign
0,0,0,0,0,0,0,0,0,0,0.0,0.0,999.0,0.0,0,0,0,0,0,0,0,0,0,0,0,0,0,0,0,0,0,0,0,0,0,0,0.0,0.0,0.0,0.0,0.0,0.0,0,0,0,0.0,0.0,0.0,0.0,0.0,0.0,0.0,0.0,0.0,0.0,0.0,0.0,0.0,0.0,0.0,0.0,0.0,0.0,1.0,0.0,0.0,0.0,1.0,5,0.0,0.0,0.0,0.0,0.0,0,benign
0,0,0,0,0,0,0,0,0,0,0.0,0.0,999.0,0.0,0,0,0,0,0,0,0,0,0,0,0,0,0,0,0,0,0,0,0,0,0,0,0.0,0.0,0.0,0.0,0.0,0.0,0,0,0,0.0,0.0,0.0,0.0,0.0,0.0,0.0,0.0,0.0,0.0,0.0,0.0,0.0,0.0,0.0,0.0,0.0,0.0,1.0,0.0,0.0,0.0,1.0,5,0.0,0.0,0.0,0.0,0.0,0,benign
0,0,0,0,0,0,0,0,0,0,0.0,0.0,999.0,0.0,0,0,0,0,0,0,0,0,0,0,0,0,0,0,0,0,0,0,0,0,0,0,0.0,0.0,0.0,0.0,0.0,0.0,0,0,0,0.0,0.0,0.0,0.0,0.0,0.0,0.0,0.0,0.0,0.0,0.0,0.0,0.0,0.0,0.0,0.0,0.0,0.0,1.0,0.0,0.0,0.0,1.0,5,0.0,0.0,0.0,0.0,0.0,0,benign
0,0,0,0,0,0,0,0,0,0,0.0,0.0,999.0,0.0,0,0,0,0,0,0,0,0,0,0,0,0,0,0,0,0,0,0,0,0,0,0,0.0,0.0,0.0,0.0,0.0,0.0,0,0,0,0.0,0.0,0.0,0.0,0.0,0.0,0.0,0.0,0.0,0.0,0.0,0.0,0.0,0.0,0.0,0.0,0.0,0.0,1.0,0.0,0.0,0.0,1.0,5,0.0,0.0,0.0,0.0,0.0,0,benign
0,0,0,0,0,0,0,0,0,0,0.0,0.0,999.0,0.0,0,0,0,0,0,0,0,0,0,0,0,0,0,0,0,0,0,0,0,0,0,0,0.0,0.0,0.0,0.0,0.0,0.0,0,0,0,0.0,0.0,0.0,0.0,0.0,0.0,0.0,0.0,0.0,0.0,0.0,0.0,0.0,0.0,0.0,0.0,0.0,0.0,1.0,0.0,0.0,0.0,1.0,5,0.0,0.0,0.0,0.0,0.0,0,benign
0,0,0,0,0,0,0,0,0,0,0.0,0.0,999.0,0.0,0,0,0,0,0,0,0,0,0,0,0,0,0,0,0,0,0,0,0,0,0,0,0.0,0.0,0.0,0.0,0.0,0.0,0,0,0,0.0,0.0,0.0,0.0,0.0,0.0,0.0,0.0,0.0,0.0,0.0,0.0,0.0,0.0,0.0,0.0,0.0,0.0,1.0,0.0,0.0,0.0,1.0,5,0.0,0.0,0.0,0.0,0.0,0,benign
0,0,0,0,0,0,0,0,0,0,0.0,0.0,999.0,0.0,0,0,0,0,0,0,0,0,0,0,0,0,0,0,0,0,0,0,0,0,0,0,0.0,0.0,0.0,0.0,0.0,0.0,0,0,0,0.0,0.0,0.0,0.0,0.0,0.0,0.0,0.0,0.0,0.0,0.0,0.0,0.0,0.0,0.0,0.0,0.0,0.0,1.0,0.0,0.0,0.0,1.0,5,0.0,0.0,0.0,0.0,0.0,0,benign
0,0,0,0,0,0,0,0,0,0,0.0,0.0,999.0,0.0,0,0,0,0,0,0,0,0,0,0,0,0,0,0,0,0,0,0,0,0,0,0,0.0,0.0,0.0,0.0,0.0,0.0,0,0,0,0.0,0.0,0.0,0.0,0.0,0.0,0.0,0.0,0.0,0.0,0.0,0.0,0.0,0.0,0.0,0.0,0.0,0.0,1.0,0.0,0.0,0.0,1.0,5,0.0,0.0,0.0,0.0,0.0,0,benign
0,0,0,0,0,0,0,0,0,0,0.0,0.0,999.0,0.0,0,0,0,0,0,0,0,0,0,0,0,0,0,0,0,0,0,0,0,0,0,0,0.0,0.0,0.0,0.0,0.0,0.0,0,0,0,0.0,0.0,0.0,0.0,0.0,0.0,0.0,0.0,0.0,0.0,0.0,0.0,0.0,0.0,0.0,0.0,0.0,0.0,1.0,0.0,0.0,0.0,1.0,5,0.0,0.0,0.0,0.0,0.0,0,benign
0,0,0,0,0,0,0,0,0,0,0.0,0.0,999.0,0.0,0,0,0,0,0,0,0,0,0,0,0,0,0,0,0,0,0,0,0,0,0,0,0.0,0.0,0.0,0.0,0.0,0.0,0,0,0,0.0,0.0,0.0,0.0,0.0,0.0,0.0,0.0,0.0,0.0,0.0,0.0,0.0,0.0,0.0,0.0,0.0,0.0,1.0,0.0,0.0,0.0,1.0,5,0.0,0.0,0.0,0.0,0.0,0,benign
0,0,0,0,0,0,0,0,0,0,0.0,0.0,999.0,0.0,0,0,0,0,0,0,0,0,0,0,0,0,0,0,0,0,0,0,0,0,0,0,0.0,0.0,0.0,0.0,0.0,0.0,0,0,0,0.0,0.0,0.0,0.0,0.0,0.0,0.0,0.0,0.0,0.0,0.0,0.0,0.0,0.0,0.0,0.0,0.0,0.0,1.0,0.0,0.0,0.0,1.0,5,0.0,0.0,0.0,0.0,0.0,0,benign
0,0,0,0,0,0,0,0,0,0,0.0,0.0,999.0,0.0,0,0,0,0,0,0,0,0,0,0,0,0,0,0,0,0,0,0,0,0,0,0,0.0,0.0,0.0,0.0,0.0,0.0,0,0,0,0.0,0.0,0.0,0.0,0.0,0.0,0.0,0.0,0.0,0.0,0.0,0.0,0.0,0.0,0.0,0.0,0.0,0.0,1.0,0.0,0.0,0.0,1.0,5,0.0,0.0,0.0,0.0,0.0,0,benign
0,0,0,0,0,0,0,0,0,0,0.0,0.0,999.0,0.0,0,0,0,0,0,0,0,0,0,0,0,0,0,0,0,0,0,0,0,0,0,0,0.0,0.0,0.0,0.0,0.0,0.0,0,0,0,0.0,0.0,0.0,0.0,0.0,0.0,0.0,0.0,0.0,0.0,0.0,0.0,0.0,0.0,0.0,0.0,0.0,0.0,1.0,0.0,0.0,0.0,1.0,5,0.0,0.0,0.0,0.0,0.0,0,benign
0,0,0,0,0,0,0,0,0,0,0.0,0.0,999.0,0.0,0,0,0,0,0,0,0,0,0,0,0,0,0,0,0,0,0,0,0,0,0,0,0.0,0.0,0.0,0.0,0.0,0.0,0,0,0,0.0,0.0,0.0,0.0,0.0,0.0,0.0,0.0,0.0,0.0,0.0,0.0,0.0,0.0,0.0,0.0,0.0,0.0,1.0,0.0,0.0,0.0,1.0,5,0.0,0.0,0.0,0.0,0.0,0,benign
0,0,0,0,0,0,0,0,0,0,0.0,0.0,999.0,0.0,0,0,0,0,0,0,0,0,0,0,0,0,0,0,0,0,0,0,0,0,0,0,0.0,0.0,0.0,0.0,0.0,0.0,0,0,0,0.0,0.0,0.0,0.0,0.0,0.0,0.0,0.0,0.0,0.0,0.0,0.0,0.0,0.0,0.0,0.0,0.0,0.0,1.0,0.0,0.0,0.0,1.0,5,0.0,0.0,0.0,0.0,0.0,0,benign
0,0,0,0,0,0,0,0,0,0,0.0,0.0,999.0,0.0,0,0,0,0,0,0,0,0,0,0,0,0,0,0,0,0,0,0,0,0,0,0,0.0,0.0,0.0,0.0,0.0,0.0,0,0,0,0.0,0.0,0.0,0.0,0.0,0.0,0.0,0.0,0.0,0.0,0.0,0.0,0.0,0.0,0.0,0.0,0.0,0.0,1.0,0.0,0.0,0.0,1.0,5,0.0,0.0,0.0,0.0,0.0,0,benign
0,0,0,0,0,0,0,0,0,0,0.0,0.0,999.0,0.0,0,0,0,0,0,0,0,0,0,0,0,0,0,0,0,0,0,0,0,0,0,0,0.0,0.0,0.0,0.0,0.0,0.0,0,0,0,0.0,0.0,0.0,0.0,0.0,0.0,0.0,0.0,0.0,0.0,0.0,0.0,0.0,0.0,0.0,0.0,0.0,0.0,1.0,0.0,0.0,0.0,1.0,5,0.0,0.0,0.0,0.0,0.0,0,benign
0,0,0,0,0,0,0,0,0,0,0.0,0.0,999.0,0.0,0,0,0,0,0,0,0,0,0,0,0,0,0,0,0,0,0,0,0,0,0,0,0.0,0.0,0.0,0.0,0.0,0.0,0,0,0,0.0,0.0,0.0,0.0,0.0,0.0,0.0,0.0,0.0,0.0,0.0,0.0,0.0,0.0,0.0,0.0,0.0,0.0,1.0,0.0,0.0,0.0,1.0,5,0.0,0.0,0.0,0.0,0.0,0,benign
0,0,0,0,0,0,0,0,0,0,0.0,0.0,999.0,0.0,0,0,0,0,0,0,0,0,0,0,0,0,0,0,0,0,0,0,0,0,0,0,0.0,0.0,0.0,0.0,0.0,0.0,0,0,0,0.0,0.0,0.0,0.0,0.0,0.0,0.0,0.0,0.0,0.0,0.0,0.0,0.0,0.0,0.0,0.0,0.0,0.0,1.0,0.0,0.0,0.0,1.0,5,0.0,0.0,0.0,0.0,0.0,0,benign
0,0,0,0,0,0,0,0,0,0,0.0,0.0,999.0,0.0,0,0,0,0,0,0,0,0,0,0,0,0,0,0,0,0,0,0,0,0,0,0,0.0,0.0,0.0,0.0,0.0,0.0,0,0,0,0.0,0.0,0.0,0.0,0.0,0.0,0.0,0.0,0.0,0.0,0.0,0.0,0.0,0.0,0.0,0.0,0.0,0.0,1.0,0.0,0.0,0.0,1.0,5,0.0,0.0,0.0,0.0,0.0,0,benign
0,0,0,0,0,0,0,0,0,0,0.0,0.0,999.0,0.0,0,0,0,0,0,0,0,0,0,0,0,0,0,0,0,0,0,0,0,0,0,0,0.0,0.0,0.0,0.0,0.0,0.0,0,0,0,0.0,0.0,0.0,0.0,0.0,0.0,0.0,0.0,0.0,0.0,0.0,0.0,0.0,0.0,0.0,0.0,0.0,0.0,1.0,0.0,0.0,0.0,1.0,5,0.0,0.0,0.0,0.0,0.0,0,benign
0,0,0,0,0,0,0,0,0,0,0.0,0.0,999.0,0.0,0,0,0,0,0,0,0,0,0,0,0,0,0,0,0,0,0,0,0,0,0,0,0.0,0.0,0.0,0.0,0.0,0.0,0,0,0,0.0,0.0,0.0,0.0,0.0,0.0,0.0,0.0,0.0,0.0,0.0,0.0,0.0,0.0,0.0,0.0,0.0,0.0,1.0,0.0,0.0,0.0,1.0,5,0.0,0.0,0.0,0.0,0.0,0,benign
0,0,0,0,0,0,0,0,0,0,0.0,0.0,999.0,0.0,0,0,0,0,0,0,0,0,0,0,0,0,0,0,0,0,0,0,0,0,0,0,0.0,0.0,0.0,0.0,0.0,0.0,0,0,0,0.0,0.0,0.0,0.0,0.0,0.0,0.0,0.0,0.0,0.0,0.0,0.0,0.0,0.0,0.0,0.0,0.0,0.0,1.0,0.0,0.0,0.0,1.0,5,0.0,0.0,0.0,0.0,0.0,0,benign
0,0,0,0,0,0,0,0,0,0,0.0,0.0,999.0,0.0,0,0,0,0,0,0,0,0,0,0,0,0,0,0,0,0,0,0,0,0,0,0,0.0,0.0,0.0,0.0,0.0,0.0,0,0,0,0.0,0.0,0.0,0.0,0.0,0.0,0.0,0.0,0.0,0.0,0.0,0.0,0.0,0.0,0.0,0.0,0.0,0.0,1.0,0.0,0.0,0.0,1.0,5,0.0,0.0,0.0,0.0,0.0,0,benign
0,0,0,0,0,0,0,0,0,0,0.0,0.0,999.0,0.0,0,0,0,0,0,0,0,0,0,0,0,0,0,0,0,0,0,0,0,0,0,0,0.0,0.0,0.0,0.0,0.0,0.0,0,0,0,0.0,0.0,0.0,0.0,0.0,0.0,0.0,0.0,0.0,0.0,0.0,0.0,0.0,0.0,0.0,0.0,0.0,0.0,1.0,0.0,0.0,0.0,1.0,5,0.0,0.0,0.0,0.0,0.0,0,benign
0,0,0,0,0,0,0,0,0,0,0.0,0.0,999.0,0.0,0,0,0,0,0,0,0,0,0,0,0,0,0,0,0,0,0,0,0,0,0,0,0.0,0.0,0.0,0.0,0.0,0.0,0,0,0,0.0,0.0,0.0,0.0,0.0,0.0,0.0,0.0,0.0,0.0,0.0,0.0,0.0,0.0,0.0,0.0,0.0,0.0,1.0,0.0,0.0,0.0,1.0,5,0.0,0.0,0.0,0.0,0.0,0,benign
0,0,0,0,0,0,0,0,0,0,0.0,0.0,999.0,0.0,0,0,0,0,0,0,0,0,0,0,0,0,0,0,0,0,0,0,0,0,0,0,0.0,0.0,0.0,0.0,0.0,0.0,0,0,0,0.0,0.0,0.0,0.0,0.0,0.0,0.0,0.0,0.0,0.0,0.0,0.0,0.0,0.0,0.0,0.0,0.0,0.0,1.0,0.0,0.0,0.0,1.0,5,0.0,0.0,0.0,0.0,0.0,0,benign
0,0,0,0,0,0,0,0,0,0,0.0,0.0,999.0,0.0,0,0,0,0,0,0,0,0,0,0,0,0,0,0,0,0,0,0,0,0,0,0,0.0,0.0,0.0,0.0,0.0,0.0,0,0,0,0.0,0.0,0.0,0.0,0.0,0.0,0.0,0.0,0.0,0.0,0.0,0.0,0.0,0.0,0.0,0.0,0.0,0.0,1.0,0.0,0.0,0.0,1.0,5,0.0,0.0,0.0,0.0,0.0,0,benign
0,0,0,0,0,0,0,0,0,0,0.0,0.0,999.0,0.0,0,0,0,0,0,0,0,0,0,0,0,0,0,0,0,0,0,0,0,0,0,0,0.0,0.0,0.0,0.0,0.0,0.0,0,0,0,0.0,0.0,0.0,0.0,0.0,0.0,0.0,0.0,0.0,0.0,0.0,0.0,0.0,0.0,0.0,0.0,0.0,0.0,1.0,0.0,0.0,0.0,1.0,5,0.0,0.0,0.0,0.0,0.0,0,benign
0,0,0,0,0,0,0,0,0,0,0.0,0.0,999.0,0.0,0,0,0,0,0,0,0,0,0,0,0,0,0,0,0,0,0,0,0,0,0,0,0.0,0.0,0.0,0.0,0.0,0.0,0,0,0,0.0,0.0,0.0,0.0,0.0,0.0,0.0,0.0,0.0,0.0,0.0,0.0,0.0,0.0,0.0,0.0,0.0,0.0,1.0,0.0,0.0,0.0,1.0,5,0.0,0.0,0.0,0.0,0.0,0,benign
0,0,0,0,0,0,0,0,0,0,0.0,0.0,999.0,0.0,0,0,0,0,0,0,0,0,0,0,0,0,0,0,0,0,0,0,0,0,0,0,0.0,0.0,0.0,0.0,0.0,0.0,0,0,0,0.0,0.0,0.0,0.0,0.0,0.0,0.0,0.0,0.0,0.0,0.0,0.0,0.0,0.0,0.0,0.0,0.0,0.0,1.0,0.0,0.0,0.0,1.0,5,0.0,0.0,0.0,0.0,0.0,0,benign
0,0,0,0,0,0,0,0,0,0,0.0,0.0,999.0,0.0,0,0,0,0,0,0,0,0,0,0,0,0,0,0,0,0,0,0,0,0,0,0,0.0,0.0,0.0,0.0,0.0,0.0,0,0,0,0.0,0.0,0.0,0.0,0.0,0.0,0.0,0.0,0.0,0.0,0.0,0.0,0.0,0.0,0.0,0.0,0.0,0.0,1.0,0.0,0.0,0.0,1.0,5,0.0,0.0,0.0,0.0,0.0,0,benign
0,0,0,0,0,0,0,0,0,0,0.0,0.0,999.0,0.0,0,0,0,0,0,0,0,0,0,0,0,0,0,0,0,0,0,0,0,0,0,0,0.0,0.0,0.0,0.0,0.0,0.0,0,0,0,0.0,0.0,0.0,0.0,0.0,0.0,0.0,0.0,0.0,0.0,0.0,0.0,0.0,0.0,0.0,0.0,0.0,0.0,1.0,0.0,0.0,0.0,1.0,5,0.0,0.0,0.0,0.0,0.0,0,benign
0,0,0,0,0,0,0,0,0,0,0.0,0.0,999.0,0.0,0,0,0,0,0,0,0,0,0,0,0,0,0,0,0,0,0,0,0,0,0,0,0.0,0.0,0.0,0.0,0.0,0.0,0,0,0,0.0,0.0,0.0,0.0,0.0,0.0,0.0,0.0,0.0,0.0,0.0,0.0,0.0,0.0,0.0,0.0,0.0,0.0,1.0,0.0,0.0,0.0,1.0,5,0.0,0.0,0.0,0.0,0.0,0,benign
0,0,0,0,0,0,0,0,0,0,0.0,0.0,999.0,0.0,0,0,0,0,0,0,0,0,0,0,0,0,0,0,0,0,0,0,0,0,0,0,0.0,0.0,0.0,0.0,0.0,0.0,0,0,0,0.0,0.0,0.0,0.0,0.0,0.0,0.0,0.0,0.0,0.0,0.0,0.0,0.0,0.0,0.0,0.0,0.0,0.0,1.0,0.0,0.0,0.0,1.0,5,0.0,0.0,0.0,0.0,0.0,0,benign
0,0,0,0,0,0,0,0,0,0,0.0,0.0,999.0,0.0,0,0,0,0,0,0,0,0,0,0,0,0,0,0,0,0,0,0,0,0,0,0,0.0,0.0,0.0,0.0,0.0,0.0,0,0,0,0.0,0.0,0.0,0.0,0.0,0.0,0.0,0.0,0.0,0.0,0.0,0.0,0.0,0.0,0.0,0.0,0.0,0.0,1.0,0.0,0.0,0.0,1.0,5,0.0,0.0,0.0,0.0,0.0,0,benign
0,0,0,0,0,0,0,0,0,0,0.0,0.0,999.0,0.0,0,0,0,0,0,0,0,0,0,0,0,0,0,0,0,0,0,0,0,0,0,0,0.0,0.0,0.0,0.0,0.0,0.0,0,0,0,0.0,0.0,0.0,0.0,0.0,0.0,0.0,0.0,0.0,0.0,0.0,0.0,0.0,0.0,0.0,0.0,0.0,0.0,1.0,0.0,0.0,0.0,1.0,5,0.0,0.0,0.0,0.0,0.0,0,benign
0,0,0,0,0,0,0,0,0,0,0.0,0.0,999.0,0.0,0,0,0,0,0,0,0,0,0,0,0,0,0,0,0,0,0,0,0,0,0,0,0.0,0.0,0.0,0.0,0.0,0.0,0,0,0,0.0,0.0,0.0,0.0,0.0,0.0,0.0,0.0,0.0,0.0,0.0,0.0,0.0,0.0,0.0,0.0,0.0,0.0,1.0,0.0,0.0,0.0,1.0,5,0.0,0.0,0.0,0.0,0.0,0,benign
0,0,0,0,0,0,0,0,0,0,0.0,0.0,999.0,0.0,0,0,0,0,0,0,0,0,0,0,0,0,0,0,0,0,0,0,0,0,0,0,0.0,0.0,0.0,0.0,0.0,0.0,0,0,0,0.0,0.0,0.0,0.0,0.0,0.0,0.0,0.0,0.0,0.0,0.0,0.0,0.0,0.0,0.0,0.0,0.0,0.0,1.0,0.0,0.0,0.0,1.0,5,0.0,0.0,0.0,0.0,0.0,0,benign
0,0,0,0,0,0,0,0,0,0,0.0,0.0,999.0,0.0,0,0,0,0,0,0,0,0,0,0,0,0,0,0,0,0,0,0,0,0,0,0,0.0,0.0,0.0,0.0,0.0,0.0,0,0,0,0.0,0.0,0.0,0.0,0.0,0.0,0.0,0.0,0.0,0.0,0.0,0.0,0.0,0.0,0.0,0.0,0.0,0.0,1.0,0.0,0.0,0.0,1.0,5,0.0,0.0,0.0,0.0,0.0,0,benign
0,0,0,0,0,0,0,0,0,0,0.0,0.0,999.0,0.0,0,0,0,0,0,0,0,0,0,0,0,0,0,0,0,0,0,0,0,0,0,0,0.0,0.0,0.0,0.0,0.0,0.0,0,0,0,0.0,0.0,0.0,0.0,0.0,0.0,0.0,0.0,0.0,0.0,0.0,0.0,0.0,0.0,0.0,0.0,0.0,0.0,1.0,0.0,0.0,0.0,1.0,5,0.0,0.0,0.0,0.0,0.0,0,benign
0,0,0,0,0,0,0,0,0,0,0.0,0.0,999.0,0.0,0,0,0,0,0,0,0,0,0,0,0,0,0,0,0,0,0,0,0,0,0,0,0.0,0.0,0.0,0.0,0.0,0.0,0,0,0,0.0,0.0,0.0,0.0,0.0,0.0,0.0,0.0,0.0,0.0,0.0,0.0,0.0,0.0,0.0,0.0,0.0,0.0,1.0,0.0,0.0,0.0,1.0,5,0.0,0.0,0.0,0.0,0.0,0,benign
0,0,0,0,0,0,0,0,0,0,0.0,0.0,999.0,0.0,0,0,0,0,0,0,0,0,0,0,0,0,0,0,0,0,0,0,0,0,0,0,0.0,0.0,0.0,0.0,0.0,0.0,0,0,0,0.0,0.0,0.0,0.0,0.0,0.0,0.0,0.0,0.0,0.0,0.0,0.0,0.0,0.0,0.0,0.0,0.0,0.0,1.0,0.0,0.0,0.0,1.0,5,0.0,0.0,0.0,0.0,0.0,0,benign
0,0,0,0,0,0,0,0,0,0,0.0,0.0,999.0,0.0,0,0,0,0,0,0,0,0,0,0,0,0,0,0,0,0,0,0,0,0,0,0,0.0,0.0,0.0,0.0,0.0,0.0,0,0,0,0.0,0.0,0.0,0.0,0.0,0.0,0.0,0.0,0.0,0.0,0.0,0.0,0.0,0.0,0.0,0.0,0.0,0.0,1.0,0.0,0.0,0.0,1.0,5,0.0,0.0,0.0,0.0,0.0,0,benign
0,0,0,0,0,0,0,0,0,0,0.0,0.0,999.0,0.0,0,0,0,0,0,0,0,0,0,0,0,0,0,0,0,0,0,0,0,0,0,0,0.0,0.0,0.0,0.0,0.0,0.0,0,0,0,0.0,0.0,0.0,0.0,0.0,0.0,0.0,0.0,0.0,0.0,0.0,0.0,0.0,0.0,0.0,0.0,0.0,0.0,1.0,0.0,0.0,0.0,1.0,5,0.0,0.0,0.0,0.0,0.0,0,benign
0,0,0,0,0,0,0,0,0,0,0.0,0.0,999.0,0.0,0,0,0,0,0,0,0,0,0,0,0,0,0,0,0,0,0,0,0,0,0,0,0.0,0.0,0.0,0.0,0.0,0.0,0,0,0,0.0,0.0,0.0,0.0,0.0,0.0,0.0,0.0,0.0,0.0,0.0,0.0,0.0,0.0,0.0,0.0,0.0,0.0,1.0,0.0,0.0,0.0,1.0,5,0.0,0.0,0.0,0.0,0.0,0,benign
0,0,0,0,0,0,0,0,0,0,0.0,0.0,999.0,0.0,0,0,0,0,0,0,0,0,0,0,0,0,0,0,0,0,0,0,0,0,0,0,0.0,0.0,0.0,0.0,0.0,0.0,0,0,0,0.0,0.0,0.0,0.0,0.0,0.0,0.0,0.0,0.0,0.0,0.0,0.0,0.0,0.0,0.0,0.0,0.0,0.0,1.0,0.0,0.0,0.0,1.0,5,0.0,0.0,0.0,0.0,0.0,0,benign
0,0,0,0,0,0,0,0,0,0,0.0,0.0,999.0,0.0,0,0,0,0,0,0,0,0,0,0,0,0,0,0,0,0,0,0,0,0,0,0,0.0,0.0,0.0,0.0,0.0,0.0,0,0,0,0.0,0.0,0.0,0.0,0.0,0.0,0.0,0.0,0.0,0.0,0.0,0.0,0.0,0.0,0.0,0.0,0.0,0.0,1.0,0.0,0.0,0.0,1.0,5,0.0,0.0,0.0,0.0,0.0,0,benign
0,0,0,0,0,0,0,0,0,0,0.0,0.0,999.0,0.0,0,0,0,0,0,0,0,0,0,0,0,0,0,0,0,0,0,0,0,0,0,0,0.0,0.0,0.0,0.0,0.0,0.0,0,0,0,0.0,0.0,0.0,0.0,0.0,0.0,0.0,0.0,0.0,0.0,0.0,0.0,0.0,0.0,0.0,0.0,0.0,0.0,1.0,0.0,0.0,0.0,1.0,5,0.0,0.0,0.0,0.0,0.0,0,benign
0,0,0,0,0,0,0,0,0,0,0.0,0.0,999.0,0.0,0,0,0,0,0,0,0,0,0,0,0,0,0,0,0,0,0,0,0,0,0,0,0.0,0.0,0.0,0.0,0.0,0.0,0,0,0,0.0,0.0,0.0,0.0,0.0,0.0,0.0,0.0,0.0,0.0,0.0,0.0,0.0,0.0,0.0,0.0,0.0,0.0,1.0,0.0,0.0,0.0,1.0,5,0.0,0.0,0.0,0.0,0.0,0,benign
0,0,0,0,0,0,0,0,0,0,0.0,0.0,999.0,0.0,0,0,0,0,0,0,0,0,0,0,0,0,0,0,0,0,0,0,0,0,0,0,0.0,0.0,0.0,0.0,0.0,0.0,0,0,0,0.0,0.0,0.0,0.0,0.0,0.0,0.0,0.0,0.0,0.0,0.0,0.0,0.0,0.0,0.0,0.0,0.0,0.0,1.0,0.0,0.0,0.0,1.0,5,0.0,0.0,0.0,0.0,0.0,0,benign
0,0,0,0,0,0,0,0,0,0,0.0,0.0,999.0,0.0,0,0,0,0,0,0,0,0,0,0,0,0,0,0,0,0,0,0,0,0,0,0,0.0,0.0,0.0,0.0,0.0,0.0,0,0,0,0.0,0.0,0.0,0.0,0.0,0.0,0.0,0.0,0.0,0.0,0.0,0.0,0.0,0.0,0.0,0.0,0.0,0.0,1.0,0.0,0.0,0.0,1.0,5,0.0,0.0,0.0,0.0,0.0,0,benign
0,0,0,0,0,0,0,0,0,0,0.0,0.0,999.0,0.0,0,0,0,0,0,0,0,0,0,0,0,0,0,0,0,0,0,0,0,0,0,0,0.0,0.0,0.0,0.0,0.0,0.0,0,0,0,0.0,0.0,0.0,0.0,0.0,0.0,0.0,0.0,0.0,0.0,0.0,0.0,0.0,0.0,0.0,0.0,0.0,0.0,1.0,0.0,0.0,0.0,1.0,5,0.0,0.0,0.0,0.0,0.0,0,benign
0,0,0,0,0,0,0,0,0,0,0.0,0.0,999.0,0.0,0,0,0,0,0,0,0,0,0,0,0,0,0,0,0,0,0,0,0,0,0,0,0.0,0.0,0.0,0.0,0.0,0.0,0,0,0,0.0,0.0,0.0,0.0,0.0,0.0,0.0,0.0,0.0,0.0,0.0,0.0,0.0,0.0,0.0,0.0,0.0,0.0,1.0,0.0,0.0,0.0,1.0,5,0.0,0.0,0.0,0.0,0.0,0,benign
0,0,0,0,0,0,0,0,0,0,0.0,0.0,999.0,0.0,0,0,0,0,0,0,0,0,0,0,0,0,0,0,0,0,0,0,0,0,0,0,0.0,0.0,0.0,0.0,0.0,0.0,0,0,0,0.0,0.0,0.0,0.0,0.0,0.0,0.0,0.0,0.0,0.0,0.0,0.0,0.0,0.0,0.0,0.0,0.0,0.0,1.0,0.0,0.0,0.0,1.0,5,0.0,0.0,0.0,0.0,0.0,0,benign
0,0,0,0,0,0,0,0,0,0,0.0,0.0,999.0,0.0,0,0,0,0,0,0,0,0,0,0,0,0,0,0,0,0,0,0,0,0,0,0,0.0,0.0,0.0,0.0,0.0,0.0,0,0,0,0.0,0.0,0.0,0.0,0.0,0.0,0.0,0.0,0.0,0.0,0.0,0.0,0.0,0.0,0.0,0.0,0.0,0.0,1.0,0.0,0.0,0.0,1.0,5,0.0,0.0,0.0,0.0,0.0,0,benign
0,0,0,0,0,0,0,0,0,0,0.0,0.0,999.0,0.0,0,0,0,0,0,0,0,0,0,0,0,0,0,0,0,0,0,0,0,0,0,0,0.0,0.0,0.0,0.0,0.0,0.0,0,0,0,0.0,0.0,0.0,0.0,0.0,0.0,0.0,0.0,0.0,0.0,0.0,0.0,0.0,0.0,0.0,0.0,0.0,0.0,1.0,0.0,0.0,0.0,1.0,5,0.0,0.0,0.0,0.0,0.0,0,benign
0,0,0,0,0,0,0,0,0,0,0.0,0.0,999.0,0.0,0,0,0,0,0,0,0,0,0,0,0,0,0,0,0,0,0,0,0,0,0,0,0.0,0.0,0.0,0.0,0.0,0.0,0,0,0,0.0,0.0,0.0,0.0,0.0,0.0,0.0,0.0,0.0,0.0,0.0,0.0,0.0,0.0,0.0,0.0,0.0,0.0,1.0,0.0,0.0,0.0,1.0,5,0.0,0.0,0.0,0.0,0.0,0,benign
0,0,0,0,0,0,0,0,0,0,0.0,0.0,999.0,0.0,0,0,0,0,0,0,0,0,0,0,0,0,0,0,0,0,0,0,0,0,0,0,0.0,0.0,0.0,0.0,0.0,0.0,0,0,0,0.0,0.0,0.0,0.0,0.0,0.0,0.0,0.0,0.0,0.0,0.0,0.0,0.0,0.0,0.0,0.0,0.0,0.0,1.0,0.0,0.0,0.0,1.0,5,0.0,0.0,0.0,0.0,0.0,0,benign
0,0,0,0,0,0,0,0,0,0,0.0,0.0,999.0,0.0,0,0,0,0,0,0,0,0,0,0,0,0,0,0,0,0,0,0,0,0,0,0,0.0,0.0,0.0,0.0,0.0,0.0,0,0,0,0.0,0.0,0.0,0.0,0.0,0.0,0.0,0.0,0.0,0.0,0.0,0.0,0.0,0.0,0.0,0.0,0.0,0.0,1.0,0.0,0.0,0.0,1.0,5,0.0,0.0,0.0,0.0,0.0,0,benign
0,0,0,0,0,0,0,0,0,0,0.0,0.0,999.0,0.0,0,0,0,0,0,0,0,0,0,0,0,0,0,0,0,0,0,0,0,0,0,0,0.0,0.0,0.0,0.0,0.0,0.0,0,0,0,0.0,0.0,0.0,0.0,0.0,0.0,0.0,0.0,0.0,0.0,0.0,0.0,0.0,0.0,0.0,0.0,0.0,0.0,1.0,0.0,0.0,0.0,1.0,5,0.0,0.0,0.0,0.0,0.0,0,benign
0,0,0,0,0,0,0,0,0,0,0.0,0.0,999.0,0.0,0,0,0,0,0,0,0,0,0,0,0,0,0,0,0,0,0,0,0,0,0,0,0.0,0.0,0.0,0.0,0.0,0.0,0,0,0,0.0,0.0,0.0,0.0,0.0,0.0,0.0,0.0,0.0,0.0,0.0,0.0,0.0,0.0,0.0,0.0,0.0,0.0,1.0,0.0,0.0,0.0,1.0,5,0.0,0.0,0.0,0.0,0.0,0,benign
0,0,0,0,0,0,0,0,0,0,0.0,0.0,999.0,0.0,0,0,0,0,0,0,0,0,0,0,0,0,0,0,0,0,0,0,0,0,0,0,0.0,0.0,0.0,0.0,0.0,0.0,0,0,0,0.0,0.0,0.0,0.0,0.0,0.0,0.0,0.0,0.0,0.0,0.0,0.0,0.0,0.0,0.0,0.0,0.0,0.0,1.0,0.0,0.0,0.0,1.0,5,0.0,0.0,0.0,0.0,0.0,0,benign
0,0,0,0,0,0,0,0,0,0,0.0,0.0,999.0,0.0,0,0,0,0,0,0,0,0,0,0,0,0,0,0,0,0,0,0,0,0,0,0,0.0,0.0,0.0,0.0,0.0,0.0,0,0,0,0.0,0.0,0.0,0.0,0.0,0.0,0.0,0.0,0.0,0.0,0.0,0.0,0.0,0.0,0.0,0.0,0.0,0.0,1.0,0.0,0.0,0.0,1.0,5,0.0,0.0,0.0,0.0,0.0,0,benign
0,0,0,0,0,0,0,0,0,0,0.0,0.0,999.0,0.0,0,0,0,0,0,0,0,0,0,0,0,0,0,0,0,0,0,0,0,0,0,0,0.0,0.0,0.0,0.0,0.0,0.0,0,0,0,0.0,0.0,0.0,0.0,0.0,0.0,0.0,0.0,0.0,0.0,0.0,0.0,0.0,0.0,0.0,0.0,0.0,0.0,1.0,0.0,0.0,0.0,1.0,5,0.0,0.0,0.0,0.0,0.0,0,benign
0,0,0,0,0,0,0,0,0,0,0.0,0.0,999.0,0.0,0,0,0,0,0,0,0,0,0,0,0,0,0,0,0,0,0,0,0,0,0,0,0.0,0.0,0.0,0.0,0.0,0.0,0,0,0,0.0,0.0,0.0,0.0,0.0,0.0,0.0,0.0,0.0,0.0,0.0,0.0,0.0,0.0,0.0,0.0,0.0,0.0,1.0,0.0,0.0,0.0,1.0,5,0.0,0.0,0.0,0.0,0.0,0,benign
0,0,0,0,0,0,0,0,0,0,0.0,0.0,999.0,0.0,0,0,0,0,0,0,0,0,0,0,0,0,0,0,0,0,0,0,0,0,0,0,0.0,0.0,0.0,0.0,0.0,0.0,0,0,0,0.0,0.0,0.0,0.0,0.0,0.0,0.0,0.0,0.0,0.0,0.0,0.0,0.0,0.0,0.0,0.0,0.0,0.0,1.0,0.0,0.0,0.0,1.0,5,0.0,0.0,0.0,0.0,0.0,0,benign
